record_id,spent_on,organization,department,merchant,purpose,amount_krw,source_hash,source_location,repeats,expense_id,expense_amount_krw
f0bc55d96db534b0-sheet1-R3,2026-06-15,busan-nam,,쿠우쿠우 경성대점,현안업무 추진 직원 격려 간담회,478500,f0bc55d96db534b0eafc4405017332b8a6a5fceb681876fd58976cd86d7cff67,sheet1:R3,,,
f0bc55d96db534b0-sheet1-R4,2026-06-25,busan-nam,,숯불생고기우리,새마을 지도자 위원과의 간담회,230000,f0bc55d96db534b0eafc4405017332b8a6a5fceb681876fd58976cd86d7cff67,sheet1:R4,,,
dac3a0c646112b7a-sheet1-R3,2026-06-16,busan-nam,,글로리마트,현업근로자 산업안전보건교육 운영물품(생수) 구입,86400,dac3a0c646112b7af35ba77a442945ca0b0cebdaa54ca00b290133de83da956d,sheet1:R3,,,
dac3a0c646112b7a-sheet1-R4,2026-06-29,busan-nam,,부산커피협동조합,부서운영물품 구입,132000,dac3a0c646112b7af35ba77a442945ca0b0cebdaa54ca00b290133de83da956d,sheet1:R4,,,
2cf01eef294a6887-sheet1-R4,2026-06-11,busan-nam,,해파랑카페,관광홍보부스 운영 근무자 격려 건의,120000,2cf01eef294a6887910334524db629c260e2b670fa59461d9438dcea1a3ed049,sheet1:R4,,,
2cf01eef294a6887-sheet1-R5,2026-06-11,busan-nam,,합천국밥집,관광홍보부스 운영 근무자 격려 건의,200000,2cf01eef294a6887910334524db629c260e2b670fa59461d9438dcea1a3ed049,sheet1:R5,,,
2cf01eef294a6887-sheet1-R6,2026-06-12,busan-nam,,해파랑카페,관광홍보부스 운영 근무자 격려 건의,41000,2cf01eef294a6887910334524db629c260e2b670fa59461d9438dcea1a3ed049,sheet1:R6,,,
2cf01eef294a6887-sheet1-R7,2026-05-19,busan-nam,,행복을빚는떡장이,"제8대 남구청장 이임식 행사관련 ""찾아가는 문화공연"" 참여자 격려 간식 구입",88000,2cf01eef294a6887910334524db629c260e2b670fa59461d9438dcea1a3ed049,sheet1:R7,,,
d24a26632f00f442-sheet1-R4,2026-06-10,busan-nam,,금곡횟집(대연동),현안업무 추진 논의를 위한 직원 간담회,175000,d24a26632f00f4421b35c88a31398e635952e69f3372324ea602256c452c785f,sheet1:R4,,,
d24a26632f00f442-sheet1-R5,2026-06-29,busan-nam,,정담(대연동),현안업무 추진 논의를 위한 직원 간담회,90000,d24a26632f00f4421b35c88a31398e635952e69f3372324ea602256c452c785f,sheet1:R5,,,
d24a26632f00f442-sheet1-R7,2026-06-18,busan-nam,,담미옥(중구 중앙동),효율적인 구정홍보를 위한 기자간담회 개최,51000,d24a26632f00f4421b35c88a31398e635952e69f3372324ea602256c452c785f,sheet1:R7,,,
11953ded33ae17fd-sheet1-R4,2026-06-11,busan-nam,,미도방돈까스,통합건강증진사업 간담회 경비 지급,341000,11953ded33ae17fd7edfbea870b702efb900558dde16a0f8580602f7c3fe3d21,sheet1:R4,,,
11953ded33ae17fd-sheet1-R5,2026-06-25,busan-nam,,구움달,용호3동 건강생활지원센터 2분기 지역건강협의체 다과 구입,63300,11953ded33ae17fd7edfbea870b702efb900558dde16a0f8580602f7c3fe3d21,sheet1:R5,,,
11953ded33ae17fd-sheet1-R7,2026-06-01,busan-nam,,쿠팡(주)/쿠팡(클라우드),치매안심센터 사례관리 물품(뉴케어)구입 건의,1034000,11953ded33ae17fd7edfbea870b702efb900558dde16a0f8580602f7c3fe3d21,sheet1:R7,,,
11953ded33ae17fd-sheet1-R8,2026-06-10,busan-nam,,더바른덴탈,아동(학생)치과주치의 구강꾸러미 물품 구입 건의,2440000,11953ded33ae17fd7edfbea870b702efb900558dde16a0f8580602f7c3fe3d21,sheet1:R8,,,
11953ded33ae17fd-sheet1-R9,2026-06-10,busan-nam,,베럴기프트,폭염대비 건강생활지원센터 운영 물품(물병) 구입,2596000,11953ded33ae17fd7edfbea870b702efb900558dde16a0f8580602f7c3fe3d21,sheet1:R9,,,
11953ded33ae17fd-sheet1-R10,2026-06-11,busan-nam,,베럴기프트,모자보건사업 홍보물품 구입,1090000,11953ded33ae17fd7edfbea870b702efb900558dde16a0f8580602f7c3fe3d21,sheet1:R10,,,
11953ded33ae17fd-sheet1-R11,2026-06-16,busan-nam,,스마트로/고려기프트,폭염대비 건강생활지원센터 운영 물품(부채) 구입,1646700,11953ded33ae17fd7edfbea870b702efb900558dde16a0f8580602f7c3fe3d21,sheet1:R11,,,
11953ded33ae17fd-sheet1-R12,2026-06-17,busan-nam,,마루디자인,치매안심센터 분소 운영물품 구입,1210000,11953ded33ae17fd7edfbea870b702efb900558dde16a0f8580602f7c3fe3d21,sheet1:R12,,,
11953ded33ae17fd-sheet1-R13,2026-06-17,busan-nam,,마루디자인,치매안심센터 운영물품(종이가방) 구입,1980000,11953ded33ae17fd7edfbea870b702efb900558dde16a0f8580602f7c3fe3d21,sheet1:R13,,,
11953ded33ae17fd-sheet1-R14,2026-06-24,busan-nam,,와이엠 메디케어,방문건강관리사업 의료소모품 구입,1155000,11953ded33ae17fd7edfbea870b702efb900558dde16a0f8580602f7c3fe3d21,sheet1:R14,,,
4d66b1f1a71b4c98-sheet1-R4,2026-06-30,busan-nam,,우럭세상,자율방재단 회원들과의 간담회 개최,135000,4d66b1f1a71b4c98e91837b7265c085aa9901d7cec5eaf291fd7607737036405,sheet1:R4,,,
4d66b1f1a71b4c98-sheet1-R5,2026-06-15,busan-nam,,㈜이에치삼(맛찬들왕소금구이),직원 격려 간담회 개최,333500,4d66b1f1a71b4c98e91837b7265c085aa9901d7cec5eaf291fd7607737036405,sheet1:R5,,,
bf81427f6d33bcce-sheet1-R4,2026-06-11,busan-nam,,하동밥상,평생교육 페스티벌 추진 관련 업무협의,110000,bf81427f6d33bcce39b8a2b90e657aac95b3a493c0da43653838bfac05a7cbfc,sheet1:R4,,,
bf81427f6d33bcce-sheet1-R5,2026-06-18,busan-nam,,"못골갈비, 댄싱컵",남구진로교육지원센터 업무 협의,153000,bf81427f6d33bcce39b8a2b90e657aac95b3a493c0da43653838bfac05a7cbfc,sheet1:R5,,,
bf81427f6d33bcce-sheet1-R6,2026-06-25,busan-nam,,찰진솥밥 계절밥상,등대빛 아카데미 2강 관련 간담회,68000,bf81427f6d33bcce39b8a2b90e657aac95b3a493c0da43653838bfac05a7cbfc,sheet1:R6,,,
bf81427f6d33bcce-sheet1-R7,2026-06-18,busan-nam,,"자갈치싱싱횟집, 블루샥남구청점",현안업무 추진 직원 노고 격려,124200,bf81427f6d33bcce39b8a2b90e657aac95b3a493c0da43653838bfac05a7cbfc,sheet1:R7,,,
bf81427f6d33bcce-sheet1-R8,2026-06-24,busan-nam,,송원왕갈비,남구국민체육센터 위탁운영 업무협의,99000,bf81427f6d33bcce39b8a2b90e657aac95b3a493c0da43653838bfac05a7cbfc,sheet1:R8,,,
f9879eff2376b416-sheet1-R4,2026-06-02,busan-nam,,물레수산횟집,푸드마켓 관계자와의 간담회,70000,f9879eff2376b416d2b07b3cb9e3f47eb238a452e0fe73934d4673ab2d71d12d,sheet1:R4,,,
f9879eff2376b416-sheet1-R5,2026-06-02,busan-nam,,아우르미 카페,푸드마켓 관계자와의 간담회,27300,f9879eff2376b416d2b07b3cb9e3f47eb238a452e0fe73934d4673ab2d71d12d,sheet1:R5,,,
f9879eff2376b416-sheet1-R6,2026-06-08,busan-nam,,문화꽃집,제71회 현충일 추념식 화환 및 국화꽃 구입 건의,125000,f9879eff2376b416d2b07b3cb9e3f47eb238a452e0fe73934d4673ab2d71d12d,sheet1:R6,,,
f9879eff2376b416-sheet1-R7,2026-06-11,busan-nam,,백세약국,한국남부발전과 함께하는 김장나눔 행사 격려용 음료 구입,40000,f9879eff2376b416d2b07b3cb9e3f47eb238a452e0fe73934d4673ab2d71d12d,sheet1:R7,,,
f9879eff2376b416-sheet1-R8,2026-06-25,busan-nam,,문화꽃집,2026년 6.25전쟁 추념헌화 국화꽃 등 구입,175000,f9879eff2376b416d2b07b3cb9e3f47eb238a452e0fe73934d4673ab2d71d12d,sheet1:R8,,,
b88efab58888c5f9-sheet1-R4,2026-06-04,busan-nam,,다모아 도매회센타,새마을지도자협의회 회원과의 간담회 개최,390000,b88efab58888c5f9fbb9d10b443212dfb045c47335dae7901814ec9e2f58d4f9,sheet1:R4,,,
b88efab58888c5f9-sheet1-R5,2026-06-11,busan-nam,,해우수산,새마을문고 활성화를 위한 간담회 개최,230000,b88efab58888c5f9fbb9d10b443212dfb045c47335dae7901814ec9e2f58d4f9,sheet1:R5,,,
f0a20b3790727dff-sheet1-R4,2026-06-05,busan-nam,,푸주인,직원화합도모 및 직원 노고 격려 간담회 개최,300000,f0a20b3790727dff294eb4bd493c8666681f37f3752cb0e1a814a62c4d307e8b,sheet1:R4,,,
f0a20b3790727dff-sheet1-R6,2026-06-23,busan-nam,,쉼'(북카페),2026년 상반기 남구도서관 운영위원회 개최 관련 다과 구입,88000,f0a20b3790727dff294eb4bd493c8666681f37f3752cb0e1a814a62c4d307e8b,sheet1:R6,,,
f0a20b3790727dff-sheet1-R7,2026-06-12,busan-nam,,청정구역 소막마을점,남구 스마트도서관 신규 구축 회의 관련 다과 구입,40000,f0a20b3790727dff294eb4bd493c8666681f37f3752cb0e1a814a62c4d307e8b,sheet1:R7,,,
f0a20b3790727dff-sheet1-R8,2026-06-09,busan-nam,,푸주인,지역독서활성화 관련 업무 협의 간담회 개최,500000,f0a20b3790727dff294eb4bd493c8666681f37f3752cb0e1a814a62c4d307e8b,sheet1:R8,,,
f0a20b3790727dff-sheet1-R9,2026-06-04,busan-nam,,푸주인,2026년 상반기 공모사업 및 추진사업 관계자 간담회 개최,300000,f0a20b3790727dff294eb4bd493c8666681f37f3752cb0e1a814a62c4d307e8b,sheet1:R9,,,
05b5486e4f9071ec-sheet1-R4,2026-06-26,busan-nam,,"찰진솥밥 계절밥상, 텐퍼센트커피 남구청점",현안업무 추진 직원 격려 간담회 개최,190400,05b5486e4f9071ec84971216d1a22e71e294ce390a72bd8e04a843ea8880053b,sheet1:R4,,,
05b5486e4f9071ec-sheet1-R5,2026-06-12,busan-nam,,"미진축산 용호동해군회관점, 텐퍼센트 오륙도점",2026년 상반기 기업 상생 간담회 개최,729600,05b5486e4f9071ec84971216d1a22e71e294ce390a72bd8e04a843ea8880053b,sheet1:R5,,,
99bc736a95f1d7b4-sheet1-R5,2026-06-26,busan-nam,,부산에뜬고등어시청점,트램 용역 완료에 따른 간담회 개최,101000,99bc736a95f1d7b460f1227fd33545417361869d37d1e512bc5e3877a4635a33,sheet1:R5,,,
99bc736a95f1d7b4-sheet1-R6,2026-06-05,busan-nam,,못골브레드,트램사업 타당성 및 실행방안 검토 용역 최종보고회 다과 구입,140000,99bc736a95f1d7b460f1227fd33545417361869d37d1e512bc5e3877a4635a33,sheet1:R6,,,
0386937bc9a04c72-sheet1-R4,2026-06-25,busan-nam,,본토식당,2026년 바르게살기위원회 간담회 개최,200000,0386937bc9a04c72649b57f002d53fcce95e915c9195f1257759c16ffc445658,sheet1:R4,,,
0386937bc9a04c72-sheet1-R5,2026-06-24,busan-nam,,하이오커피 용호골목시장점,새마을부녀회와의 간담회 개최,40100,0386937bc9a04c72649b57f002d53fcce95e915c9195f1257759c16ffc445658,sheet1:R5,,,
0386937bc9a04c72-sheet1-R6,2026-06-24,busan-nam,,민들레솥밥,새마을부녀회와의 간담회 개최,156000,0386937bc9a04c72649b57f002d53fcce95e915c9195f1257759c16ffc445658,sheet1:R6,,,
0386937bc9a04c72-sheet1-R7,2026-06-15,busan-nam,,텐퍼센트커피 용호사거리점,용호새마을금고 이사장과의 간담회 개최,16100,0386937bc9a04c72649b57f002d53fcce95e915c9195f1257759c16ffc445658,sheet1:R7,,,
0386937bc9a04c72-sheet1-R8,2026-06-15,busan-nam,,오륙도 가마솥밥,용호새마을금고 이사장과의 간담회 개최,66000,0386937bc9a04c72649b57f002d53fcce95e915c9195f1257759c16ffc445658,sheet1:R8,,,
0386937bc9a04c72-sheet1-R10,2026-06-15,busan-nam,,주식회사휴앤디용호점,직원 사기진작을 위한 다과 구입,518660,0386937bc9a04c72649b57f002d53fcce95e915c9195f1257759c16ffc445658,sheet1:R10,,,
cf791c610d76a2cc-sheet1-R4,2026-06-15,busan-nam,,용당가야밀면,용당동 건강생활지원센터 업무 연찬 간담회,90000,cf791c610d76a2cc4bf3aa695951096b74da58a21414e6977b2c041c3c6940be,sheet1:R4,,,
cf791c610d76a2cc-sheet1-R5,2026-06-15,busan-nam,,텐퍼센트커피 동명오거리점,용당동 건강생활지원센터 업무 연찬 간담회,31100,cf791c610d76a2cc4bf3aa695951096b74da58a21414e6977b2c041c3c6940be,sheet1:R5,,,
cf791c610d76a2cc-sheet1-R6,2026-06-25,busan-nam,,쿠우쿠우 경성대점,직원 노고 격려 간담회 개최,414700,cf791c610d76a2cc4bf3aa695951096b74da58a21414e6977b2c041c3c6940be,sheet1:R6,,,
cf791c610d76a2cc-sheet1-R8,2026-06-24,busan-nam,,㈜한컴테크,부서운영물품(토너)구입,1947000,cf791c610d76a2cc4bf3aa695951096b74da58a21414e6977b2c041c3c6940be,sheet1:R8,,,
17d9c9ba8676fde8-sheet1-R4,2026-06-18,busan-nam,,거북이동네 부산대연점,산불근무 종료에 따른 직원 격려 간담회,424300,17d9c9ba8676fde89372308b39ffba0bfabc498ab4811c4686e03d7a1dc420c7,sheet1:R4,,,
08d54a8bf338f28d-sheet1-R5,2026-06-11,busan-nam,,금빛돼지,현안 업무 추진 직원 격려 간담회 개최,385000,08d54a8bf338f28dba411ce5a02351488315207da03305e1e14112cca45de707,sheet1:R5,,,
dda7b3d84942c025-sheet1-R7,2026-06-25,busan-nam,,부산은행,2026년 상반기 직원 생일 기념품(온누리상품권) 구입,360000,dda7b3d84942c025a89c6891ad21b9474d1e620d8c8ff4f79338d3d8aa924c2e,sheet1:R7,,,
038b26765dff01d8-sheet1-R4,2026-05-22,busan-nam,,서브웨이 부산대연점,현안 업무추진 직원 및 기간제근로자 격려 간담회 개최,180600,038b26765dff01d8460bcf166a26dea514f695807cb4bb691d9f17e81477be29,sheet1:R4,,,
1ba5390a8d95844a-sheet1-R4,2026-06-01,busan-nam,,대한초밥,일반건축시설(공동주택) 집중안전점검 추진을 위한 관계자 간담회,144000,1ba5390a8d95844a5fc43cc9a9e0a221a99c18dd305b42142d1ac238d6131ff3,sheet1:R4,,,
1ba5390a8d95844a-sheet1-R5,2026-06-30,busan-nam,,블랑드블랑,위반건축물 관리시스템 운영 활성화를 위한 관계자 간담회,399000,1ba5390a8d95844a5fc43cc9a9e0a221a99c18dd305b42142d1ac238d6131ff3,sheet1:R5,,,
d07dfd9b7a8812db-sheet1-R6,2026-06-05,busan-nam,,글로리마트,도로보수원 대기실 운영 다과 구입,49150,d07dfd9b7a8812dbe84a33fc8c864661795d03602a86372398e6b9467ea25861,sheet1:R6,,,
d07dfd9b7a8812db-sheet1-R7,2026-06-19,busan-nam,,글로리마트,도로보수원 대기실 운영 다과 구입,48080,d07dfd9b7a8812dbe84a33fc8c864661795d03602a86372398e6b9467ea25861,sheet1:R7,,,
d07dfd9b7a8812db-sheet1-R8,2026-06-26,busan-nam,,못골갈비,현안업무 추진 직원 격려 간담회 개최,225000,d07dfd9b7a8812dbe84a33fc8c864661795d03602a86372398e6b9467ea25861,sheet1:R8,,,
0ec7990d899118cf-sheet1-R4,2026-06-25,busan-nam,,엄나무 삼계탕,하절기 방역 관련 업무 협의 간담회 개최,234000,0ec7990d899118cfa079d5f72a0bffe2d7c4adb3c107e2f92e9eca14ecb1b9b1,sheet1:R4,,,
a44fd09caae50788-sheet1-R4,2026-06-16,busan-nam,,금곡횟집,반딧불이 축제 관련 직원 격려 간담회,1015000,a44fd09caae50788ca4da3c4009c1421b37a666acfcdc733178cd014eb03581a,sheet1:R4,,,
a44fd09caae50788-sheet1-R5,2026-06-25,busan-nam,,금곡횟집,제22회 부산남구 반딧불이 축제 개최 결과 환류 간담회,300000,a44fd09caae50788ca4da3c4009c1421b37a666acfcdc733178cd014eb03581a,sheet1:R5,,,
78b3fd78e8c02191-sheet1-R4,2026-06-26,busan-nam,,궁중해물탕조씨집,부서 직원 격려를 위한 부서 간담회 개최,261000,78b3fd78e8c0219179ccbf65dfd972e9d049117346da46cb52453f4ec26588f0,sheet1:R4,,,
78b3fd78e8c02191-sheet1-R5,2026-06-01,busan-nam,,이조갈비,지방소득세 업무 연찬을 위한 간담회 개최,300000,78b3fd78e8c0219179ccbf65dfd972e9d049117346da46cb52453f4ec26588f0,sheet1:R5,,,
b57d865e2150a7ee-sheet1-R4,2026-06-10,busan-nam,,김정옥엄나무삼계탕,직원 격려 간담회,250000,b57d865e2150a7ee34897e8fae5cab7c39f7eaeea1775fae71d634f79f2d8f84,sheet1:R4,,,
b57d865e2150a7ee-sheet1-R5,2026-06-16,busan-nam,,한우참사랑식육식당,부서 직원 간담회,120000,b57d865e2150a7ee34897e8fae5cab7c39f7eaeea1775fae71d634f79f2d8f84,sheet1:R5,,,
1892b5f30aa24fca-sheet1-R4,2026-06-11,busan-nam,,거북이동네 대연점,부서 직원 격려 간담회,278260,1892b5f30aa24fca7018a5190ba1775d9a74022d3a4bf36efaad59126b783ea8,sheet1:R4,,,
5397e06a2282c2ed-sheet1-R4,2026-06-05,busan-nam,,경미횟집,용호2동 단체장과의 간담회,414000,5397e06a2282c2edc61a83b536c93aa9df3a5a69ac652a4323824f7390db75e7,sheet1:R4,,,
5397e06a2282c2ed-sheet1-R5,2026-06-09,busan-nam,,산청한방오리불고기,지역사회보장협의체 간담회,274000,5397e06a2282c2edc61a83b536c93aa9df3a5a69ac652a4323824f7390db75e7,sheet1:R5,,,
5397e06a2282c2ed-sheet1-R6,2026-06-15,busan-nam,,부산 가마솥밥,방위협의회 간담회,263000,5397e06a2282c2edc61a83b536c93aa9df3a5a69ac652a4323824f7390db75e7,sheet1:R6,,,
5397e06a2282c2ed-sheet1-R7,2026-06-16,busan-nam,,헤이에그누들,직원 격려 간담회,146700,5397e06a2282c2edc61a83b536c93aa9df3a5a69ac652a4323824f7390db75e7,sheet1:R7,,,
5397e06a2282c2ed-sheet1-R8,2026-06-16,busan-nam,,담가화로구이용호점,바르게살기위원회 간담회,300000,5397e06a2282c2edc61a83b536c93aa9df3a5a69ac652a4323824f7390db75e7,sheet1:R8,,,
5397e06a2282c2ed-sheet1-R9,2026-06-23,busan-nam,,가약골감자탕,용호2동 통장협의회와의 간담회,300000,5397e06a2282c2edc61a83b536c93aa9df3a5a69ac652a4323824f7390db75e7,sheet1:R9,,,
3efbcb83fc04d022-sheet1-R4,2026-06-29,busan-nam,,푸드엔 대연지점,현안업무 논의를 위한 각급 단체원 맞이 다과 구입,40160,3efbcb83fc04d022ba2071ea4b51acd5bccdbbca805b29bf985ad0602d3e113e,sheet1:R4,,,
3efbcb83fc04d022-sheet1-R5,2026-06-30,busan-nam,,개인(성명 비공개),대연1동 지역사회보장협의체 위원장 경조사비 전달,50000,3efbcb83fc04d022ba2071ea4b51acd5bccdbbca805b29bf985ad0602d3e113e,sheet1:R5,,,
2e506200f3d0f1b6-sheet1-R5,2026-06-16,busan-nam,,혼샤브,새마을문고 회원들과의 간담회 개최,188600,2e506200f3d0f1b69724ac380b348ad51b8850a2730ab4351898cc0b77c7d17f,sheet1:R5,,,
2e506200f3d0f1b6-sheet1-R6,2026-06-19,busan-nam,,도담,새마을지도자협의회 간담회 개최,200000,2e506200f3d0f1b69724ac380b348ad51b8850a2730ab4351898cc0b77c7d17f,sheet1:R6,,,
2e506200f3d0f1b6-sheet1-R7,2026-06-26,busan-nam,,이모네포차,통장협의회 집행부 간담회 개최,300000,2e506200f3d0f1b69724ac380b348ad51b8850a2730ab4351898cc0b77c7d17f,sheet1:R7,,,
2e506200f3d0f1b6-sheet1-R8,2026-06-30,busan-nam,,대연포항물회,주민자치위원들과의 간담회 개최,155000,2e506200f3d0f1b69724ac380b348ad51b8850a2730ab4351898cc0b77c7d17f,sheet1:R8,,,
2e506200f3d0f1b6-sheet1-R9,2026-06-05,busan-nam,,육면정,현안 업무 추진 직원 격려 간담회 개최,800000,2e506200f3d0f1b69724ac380b348ad51b8850a2730ab4351898cc0b77c7d17f,sheet1:R9,,,
e48fd99d7b9650a5-sheet1-R4,2026-06-16,busan-nam,,"㈜정옥, 댄싱컵",무료법률상담관과의 간담회 개최,74800,e48fd99d7b9650a5aa2f2329a90dbff8eb261bf84fa3443dc899255b1e45c019,sheet1:R4,,,
e48fd99d7b9650a5-sheet1-R5,2026-06-30,busan-nam,,"샤브올데이, 스타벅스",직원 간담회 개최,146200,e48fd99d7b9650a5aa2f2329a90dbff8eb261bf84fa3443dc899255b1e45c019,sheet1:R5,,,
e48fd99d7b9650a5-sheet1-R7,2026-06-09,busan-nam,,㈜그린코아,여권 민원 서식 구입,2000000,e48fd99d7b9650a5aa2f2329a90dbff8eb261bf84fa3443dc899255b1e45c019,sheet1:R7,,,
e48fd99d7b9650a5-sheet1-R8,2026-06-08,busan-nam,,㈜루모스 남구지점,통합민원발급 및 가족관계등록 사무용 소모품 구입(토너 및 드럼),14924000,e48fd99d7b9650a5aa2f2329a90dbff8eb261bf84fa3443dc899255b1e45c019,sheet1:R8,,,
8fd5fc02e9d5be78-sheet1-R4,2026-06-24,busan-nam,,남천회관,인사이동에 따른 간담회 개최,840000,8fd5fc02e9d5be788c3f83d57e4605ccc284d4b0341ed980f4c5a43d7221f0d3,sheet1:R4,,,
8fd5fc02e9d5be78-sheet1-R5,2026-06-26,busan-nam,,복바다횟집,부서 직원 오찬 간담회 개최,101000,8fd5fc02e9d5be788c3f83d57e4605ccc284d4b0341ed980f4c5a43d7221f0d3,sheet1:R5,,,
49726f8de6e512df-sheet1-R4,2026-06-10,busan-nam,,샤브올데이,부동산 가격 공시 관련 간담회 개최 건의,326000,49726f8de6e512dfda4d52445f950fb3085d702fe9ffdf23012421638ea12904,sheet1:R4,,,
49726f8de6e512df-sheet1-R5,2026-06-22,busan-nam,,쿠우쿠우,직원 격려 오찬 간담회 개최,745700,49726f8de6e512dfda4d52445f950fb3085d702fe9ffdf23012421638ea12904,sheet1:R5,,,
208131ba5c86aa2e-sheet1-R4,2026-06-04,busan-nam,,명품한식포차,현안업무 추진 직원 격려 간담회 개최,110000,208131ba5c86aa2eb99588fbe99931d19cc40cd104b7503cde702d169795f6ba,sheet1:R4,,,
208131ba5c86aa2e-sheet1-R5,2026-06-04,busan-nam,,텐퍼센트커피 이기대입구점,현안업무 추진 직원 격려 간담회 개최,29000,208131ba5c86aa2eb99588fbe99931d19cc40cd104b7503cde702d169795f6ba,sheet1:R5,,,
208131ba5c86aa2e-sheet1-R6,2026-06-16,busan-nam,,명품한식포차,통장협의회 임원 격려 간담회 개최,78000,208131ba5c86aa2eb99588fbe99931d19cc40cd104b7503cde702d169795f6ba,sheet1:R6,,,
208131ba5c86aa2e-sheet1-R7,2026-06-18,busan-nam,,오륙도 가마솥밥,현안업무 추진 직원 격려 간담회 개최,33000,208131ba5c86aa2eb99588fbe99931d19cc40cd104b7503cde702d169795f6ba,sheet1:R7,,,
208131ba5c86aa2e-sheet1-R8,2026-06-19,busan-nam,,빌라드키친,현안업무 추진 직원 격려 간담회 개최,100000,208131ba5c86aa2eb99588fbe99931d19cc40cd104b7503cde702d169795f6ba,sheet1:R8,,,
208131ba5c86aa2e-sheet1-R9,2026-06-26,busan-nam,,탐복 용호점,지역사회보장협의체 위원들과의 간담회 개최,51000,208131ba5c86aa2eb99588fbe99931d19cc40cd104b7503cde702d169795f6ba,sheet1:R9,,,
208131ba5c86aa2e-sheet1-R10,2026-06-29,busan-nam,,오륙도 가마솥밥,현안업무 추진 직원 격려 간담회 개최,77000,208131ba5c86aa2eb99588fbe99931d19cc40cd104b7503cde702d169795f6ba,sheet1:R10,,,
208131ba5c86aa2e-sheet1-R11,2026-06-29,busan-nam,,텐퍼센트커피 이기대입구점,현안업무 추진 직원 격려 간담회 개최,9500,208131ba5c86aa2eb99588fbe99931d19cc40cd104b7503cde702d169795f6ba,sheet1:R11,,,
208131ba5c86aa2e-sheet1-R12,2026-06-29,busan-nam,,영남식육식당,2026년 상반기 업무추진 직원 격려 간담회 개최,950000,208131ba5c86aa2eb99588fbe99931d19cc40cd104b7503cde702d169795f6ba,sheet1:R12,,,
2b38329c3d8269ee-sheet1-R3,2026-06-10,busan-nam,,가얏골감자탕,바르게살기위원회 위원과의 간담회,360000,2b38329c3d8269ee4c8ea811ad1901561d07352ee62a6785b2d6228a641cdc9b,sheet1:R3,,,
2b38329c3d8269ee-sheet1-R4,2026-06-26,busan-nam,,민들레솥밥,지역사회보장협의체 위원과의 간담회 개최,280000,2b38329c3d8269ee4c8ea811ad1901561d07352ee62a6785b2d6228a641cdc9b,sheet1:R4,,,
2b38329c3d8269ee-sheet1-R5,2026-06-29,busan-nam,,개인(성명 비공개),용호4동 직원 경조사비 전달,50000,2b38329c3d8269ee4c8ea811ad1901561d07352ee62a6785b2d6228a641cdc9b,sheet1:R5,,,
2b38329c3d8269ee-sheet1-R6,2026-06-29,busan-nam,,개인(성명 비공개),용호4동 장학회장 경조사비 전달,50000,2b38329c3d8269ee4c8ea811ad1901561d07352ee62a6785b2d6228a641cdc9b,sheet1:R6,,,
93721a7404d7833e-sheet1-R4,2026-06-18,busan-nam,,오륙도휴카페 남구청점,2026년 집중안전점검 최종보고회 추진 격려 다과 구입,150000,93721a7404d7833ebd59f0e37e6af9470b3799b17a98b4e4234a067a35817bf5,sheet1:R4,,,
93721a7404d7833e-sheet1-R5,2026-06-18,busan-nam,,대구본막창,2026년 집중안전점검 추진 관련 간담회 개최,350000,93721a7404d7833ebd59f0e37e6af9470b3799b17a98b4e4234a067a35817bf5,sheet1:R5,,,
93721a7404d7833e-sheet1-R6,2026-06-23,busan-nam,,못골갈비,재난대응 아카데미 관련 자율방재단 역량강화를 위한 오찬 간담회 개최,304000,93721a7404d7833ebd59f0e37e6af9470b3799b17a98b4e4234a067a35817bf5,sheet1:R6,,,
93721a7404d7833e-sheet1-R8,2026-06-23,busan-nam,,궁중해물탕조씨집,부서 직원 격려 간담회,898500,93721a7404d7833ebd59f0e37e6af9470b3799b17a98b4e4234a067a35817bf5,sheet1:R8,,,
93721a7404d7833e-sheet1-R9,2026-06-04,busan-nam,,나우컴퍼니(우와한판촉),CCTV 통합관제센터 체험관 홍보물품(보냉백) 구입,1628000,93721a7404d7833ebd59f0e37e6af9470b3799b17a98b4e4234a067a35817bf5,sheet1:R9,,,
93721a7404d7833e-sheet1-R10,2026-06-17,busan-nam,,(주) 제이아이건축,평화공원 육교 승강기 외장유리 교체,1100000,93721a7404d7833ebd59f0e37e6af9470b3799b17a98b4e4234a067a35817bf5,sheet1:R10,,,
93721a7404d7833e-sheet1-R11,2026-06-24,busan-nam,,신화상사,여름철 재난대비 수방장비 수리 건의,1958000,93721a7404d7833ebd59f0e37e6af9470b3799b17a98b4e4234a067a35817bf5,sheet1:R11,,,
93721a7404d7833e-sheet1-R12,2026-06-25,busan-nam,,주식회사 피플앤미래정보기술,수난안전시설물 정비 물품 구입(위험안내표지판 등),1670000,93721a7404d7833ebd59f0e37e6af9470b3799b17a98b4e4234a067a35817bf5,sheet1:R12,,,
93721a7404d7833e-sheet1-R13,2026-06-25,busan-nam,,마루디자인,무더위·한파쉼터 안내표지판 구입,1930500,93721a7404d7833ebd59f0e37e6af9470b3799b17a98b4e4234a067a35817bf5,sheet1:R13,,,
93721a7404d7833e-sheet1-R14,2026-06-26,busan-nam,,영진상사,26년 지역자율방재단 방재활동용 물품(단체조끼) 구입 건의[7.3.(금)지급],2100000,93721a7404d7833ebd59f0e37e6af9470b3799b17a98b4e4234a067a35817bf5,sheet1:R14,,,
112cc44d71621952-sheet1-R4,2026-06-09,busan-nam,,글로리마트,2026년도 제1회 주민참여예산심의위원회 회의 다과 구입,99700,112cc44d7162195205044d9dac304e594c71bf268100dc43b5e9df18bfbcb262,sheet1:R4,,,
112cc44d71621952-sheet1-R5,2026-06-17,busan-nam,,글로리마트,2026년 제2차 UN평화문화특구 내 기관 정례회의 다과 구입,60000,112cc44d7162195205044d9dac304e594c71bf268100dc43b5e9df18bfbcb262,sheet1:R5,,,
112cc44d71621952-sheet1-R6,2026-06-19,busan-nam,,합천양곱창,2025년 기준 경제총조사 조사요원들과의 간담회 개최,323100,112cc44d7162195205044d9dac304e594c71bf268100dc43b5e9df18bfbcb262,sheet1:R6,,,
112cc44d71621952-sheet1-R8,2026-06-23,busan-nam,,거북이동네 대연점,직원 격려 간담회 개최,807080,112cc44d7162195205044d9dac304e594c71bf268100dc43b5e9df18bfbcb262,sheet1:R8,,,
ad7a6a6140dac076-sheet1-R3,2026-05-11,busan-nam,,오륙도휴카페 남구청점,산업안전보건위원회 위원과의 현안 논의를 위한 간담회,37000,ad7a6a6140dac0760470c0887031aa347223cf6b582c42fe899df36f2e50965b,sheet1:R3,,,
ad7a6a6140dac076-sheet1-R4,2026-05-15,busan-nam,,명랑쌀핫도그,제9회 전국동시지방선거 업무 추진에 따른 동 직원 격려 간식 구입,880000,ad7a6a6140dac0760470c0887031aa347223cf6b582c42fe899df36f2e50965b,sheet1:R4,,,
ad7a6a6140dac076-sheet1-R5,2026-05-16,busan-nam,,피자나라 치콘공주,제9회 전국동시지방선거 선거인명부 작성상황 점검에 따른 직원 격려,241800,ad7a6a6140dac0760470c0887031aa347223cf6b582c42fe899df36f2e50965b,sheet1:R5,,,
4bdfb5471c9c2b32-sheet1-R6,2026-05-04,busan-nam,,솔탭하우스 (수영구 광안동),효율적인 구정홍보를 위한 기자간담회 개최,359700,4bdfb5471c9c2b32f79a174f7136a8d9a6d73754a1603e5505b95e19ebecde3d,sheet1:R6,,,
4bdfb5471c9c2b32-sheet1-R7,2026-05-08,busan-nam,,해쉬 (남구 대연동),SNS 콘텐츠(걷기좋은 남구) 제작협조를 위한 간담회 개최,130600,4bdfb5471c9c2b32f79a174f7136a8d9a6d73754a1603e5505b95e19ebecde3d,sheet1:R7,,,
2e699100acee20ae-sheet1-R5,2026-05-19,busan-nam,,백초밥 대연점,2026년 4월 인사발령에 따른 오찬 간담회 개최,270400,2e699100acee20ae300366417d5fbb1f5fc4dddfb47a3c01f66ed59ba534ebe0,sheet1:R5,,,
2e699100acee20ae-sheet1-R6,2026-05-20,busan-nam,,구구숯불갈비,교통체계 유관 기관 간담회 개최,180000,2e699100acee20ae300366417d5fbb1f5fc4dddfb47a3c01f66ed59ba534ebe0,sheet1:R6,,,
095f6fbccb461e18-sheet1-R4,2026-05-19,busan-nam,,홍익갤러리(향인정 해성어부촌),물놀이축제 추진 관련 간담회 개최,49400,095f6fbccb461e1842dc7efc22c343f4d9cdbd99a162cb67060fd80b881ce069,sheet1:R4,,,
dfa50d0e4a807d6b-sheet1-R4,2026-04-23,busan-nam,,해궁아구찜,통장협의회와의 간담회 개최,101000,dfa50d0e4a807d6b1aebac0180dc0c2f6afdc9c4c5958db6d5772816cd296cda,sheet1:R4,,,
fd8fcec632e8f707-sheet1-R5,2026-05-18,busan-nam,,복바다횟집,2026년 공영장례 지원 추진을 위한 업무공유 간담회 개최,300000,fd8fcec632e8f707ed25eaef35d6cc673f54651ec19b311dd87717d90112dc6d,sheet1:R5,,,
777760d5e1bb969a-sheet1-R5,2026-05-15,busan-nam,,금곡횟집,현안업무 추진관련 단체원과 간담회 개최,150000,777760d5e1bb969a47e960192b32d4e08839e5e4da517ecef88ee31c411328cb,sheet1:R5,,,
cb663aa3f5b58951-sheet1-R5,2026-05-22,busan-nam,,다온스시,현안 업무 추진 직원 격려 간담회 개최,301000,cb663aa3f5b589512bdd38fad2ea5d5e453420ad1e61f86ea8f632f948c9b41c,sheet1:R5,,,
804f9c6f3b2168fc-sheet1-R4,2026-05-18,busan-nam,,오륙도 가마솥밥,현안업무 추진 직원 격려 간담회 개최,110000,804f9c6f3b2168fcaba858c5916d78b58b6848fb0e88431eecab0338608acd6e,sheet1:R4,,,
804f9c6f3b2168fc-sheet1-R5,2026-05-18,busan-nam,,메가엠지씨커피용호점,현안업무 추진 직원 격려 간담회 개최,9000,804f9c6f3b2168fcaba858c5916d78b58b6848fb0e88431eecab0338608acd6e,sheet1:R5,,,
804f9c6f3b2168fc-sheet1-R6,2026-05-19,busan-nam,,빌라드키친,현안업무 추진 직원 격려 간담회 개최,75000,804f9c6f3b2168fcaba858c5916d78b58b6848fb0e88431eecab0338608acd6e,sheet1:R6,,,
ddcb33559a2783f5-sheet1-R4,2026-05-19,busan-nam,,서정갈비,2026년 2분기 도시시설물 일제 통합정비 추진의 날 간담회 개최,150000,ddcb33559a2783f59e9ba913f6a75c75b9cc45ca7337e76eb8d999e535b34ac0,sheet1:R4,,,
ddcb33559a2783f5-sheet1-R6,2026-05-22,busan-nam,,쿠팡㈜,부서 운영 다과 구입,250970,ddcb33559a2783f59e9ba913f6a75c75b9cc45ca7337e76eb8d999e535b34ac0,sheet1:R6,,,
6adf4d13e1d48b57-sheet1-R4,2026-05-15,busan-nam,,대연밀면 및 블루샥문현점,직원격려 간담회,218500,6adf4d13e1d48b579613d430f78d9142b9e1bff438ec407c795d635319e69b80,sheet1:R4,,,
aee9019b257a1375-sheet1-R4,2026-05-28,busan-nam,,글로리마트,"부서 운영물품(다과, 차등) 구입",202600,aee9019b257a137589f02bcb9e253d37dbe87e3d376226ec8929c9d1b6037962,sheet1:R4,,,
aee9019b257a1375-sheet1-R5,2026-05-06,busan-nam,,오륙도휴카페 남구청점,2026년도 공동주택관리 심의위원회 개최에 따른 음료 구입,67500,aee9019b257a137589f02bcb9e253d37dbe87e3d376226ec8929c9d1b6037962,sheet1:R5,,,
a533b490405612b8-sheet1-R5,2026-05-19,busan-nam,,우야돈,문현4지구 지적재조사위원회 회의에 따른 간담회 개최,250000,a533b490405612b83cf884c163a74953e584bd6b33bc2cff8a43a0ad5b89ad86,sheet1:R5,,,
a533b490405612b8-sheet1-R7,2026-05-08,busan-nam,,애드코리아,2026년 지적재조사사업 홍보물 구입(송월타올 텀블러 세트),2000000,a533b490405612b83cf884c163a74953e584bd6b33bc2cff8a43a0ad5b89ad86,sheet1:R7,,,
a533b490405612b8-sheet1-R8,2026-05-29,busan-nam,,애드코리아,"2026년 지적재조사사업 홍보물 구입(세제, 종이백)",1478000,a533b490405612b83cf884c163a74953e584bd6b33bc2cff8a43a0ad5b89ad86,sheet1:R8,,,
c4a6bd86f0bf2bf1-sheet1-R5,2026-05-21,busan-nam,,달인 거인통닭,자동차관리 업무 직원 격려 간담회 개최,151000,c4a6bd86f0bf2bf11f6146c75693d0f8138a57f0d304b37d841d60926fb50e86,sheet1:R5,,,
cc230b3516bb1283-sheet1-R4,2026-04-01,busan-nam,,이조갈비,차고지 외 밤샘주차 단속 논의를 위한 간담회 개최,400000,cc230b3516bb1283d08df1d47c117fbb57a7b6424c7f6b11a0f8f789a6c737c1,sheet1:R4,,,
cc230b3516bb1283-sheet1-R5,2026-04-16,busan-nam,,사월에 보리밥,불법 주정차 무인단속시스템 유지보수 관련 간담회 개최,163900,cc230b3516bb1283d08df1d47c117fbb57a7b6424c7f6b11a0f8f789a6c737c1,sheet1:R5,,,
cc230b3516bb1283-sheet1-R6,2026-04-29,busan-nam,,두메골청국장,교통지도단속 현안업무 관련 논의를 위한 간담회 개최,80000,cc230b3516bb1283d08df1d47c117fbb57a7b6424c7f6b11a0f8f789a6c737c1,sheet1:R6,,,
40beb10a7b3f270c-sheet1-R4,2026-05-13,busan-nam,,대연동(호랑이곳간),직원 간담회 개최,235500,40beb10a7b3f270c437260723351c0de85536355102ff24d7f22b9f0fa68cd9d,sheet1:R4,,,
40beb10a7b3f270c-sheet1-R6,2026-05-13,busan-nam,,㈜태형건업,민원대 분리칸막이 구입,1000000,40beb10a7b3f270c437260723351c0de85536355102ff24d7f22b9f0fa68cd9d,sheet1:R6,,,
40beb10a7b3f270c-sheet1-R7,2026-05-13,busan-nam,,㈜그린코아,통합민원발급 및 가족관계등록 복사용지 구입 계약,6000000,40beb10a7b3f270c437260723351c0de85536355102ff24d7f22b9f0fa68cd9d,sheet1:R7,,,
c621551a1ef0827b-sheet1-R4,2026-05-06,busan-nam,,트레이더스,부서직원 다과 구입,137840,c621551a1ef0827bafab874b799b31431cbf106ab5b8eaa6a3ae79689349d8ba,sheet1:R4,,,
c621551a1ef0827b-sheet1-R5,2026-05-15,busan-nam,,㈜ 네이버,부서직원 간식 구입 (온라인구매),200920,c621551a1ef0827bafab874b799b31431cbf106ab5b8eaa6a3ae79689349d8ba,sheet1:R5,,,
5f7246318e990f38-sheet1-R4,2026-05-28,busan-nam,,글로리마트,민원응대 및 부서운영을 위한 차재료 등 구입,203930,5f7246318e990f38b07b7736b7d51f56c3f0207101c2ba9fdfc14cd6fd7ef165,sheet1:R4,,,
2460766356f812c8-sheet1-R4,2026-05-12,busan-nam,,텐퍼센터커피,청렴웨이브 회의 음료 구입,36000,2460766356f812c8c8fe49fba856d2ff97b41f0b57b73ffc0bada89120c5ebad,sheet1:R4,,,
e93e0d4bdb932e15-sheet1-R4,2026-05-14,busan-nam,,산미정,직원 격려 오찬 간담회 개최,352000,e93e0d4bdb932e15e30e240ee8b98983993a81664f5b767e366103f0e6f38105,sheet1:R4,,,
36bb74ffcbf5f11c-sheet1-R4,2026-05-19,busan-nam,,롯데슈퍼대연점 파리바게뜨부산남구청점 오륙도휴카페 남구청점,비전 2040 남구 장기발전계획 수립 용역 제안서 평가위원회 다과 구입,187490,36bb74ffcbf5f11c8b31238bee873874ec020dba554b5e6bd7ebebcd9523aa1e,sheet1:R4,,,
36bb74ffcbf5f11c-sheet1-R5,2026-05-26,busan-nam,,오륙도휴카페 남구청점,적극행정위원회 음료 구입,37500,36bb74ffcbf5f11c8b31238bee873874ec020dba554b5e6bd7ebebcd9523aa1e,sheet1:R5,,,
36bb74ffcbf5f11c-sheet1-R6,2026-05-26,busan-nam,,진주횟집 및 관내 카페,원활한 남구시설관리공단 운영을 위한 간담회 개최,249000,36bb74ffcbf5f11c8b31238bee873874ec020dba554b5e6bd7ebebcd9523aa1e,sheet1:R6,,,
5e71fdfac6c141ef-sheet1-R3,2026-05-19,busan-nam,,개인(성명 비공개),용호4동 주민자치위원장 경조사비 전달,50000,5e71fdfac6c141efae0e4bc47e3ffafff85146b59485d1429b04ba6890717afd,sheet1:R3,,,
710e4224a72e8c49-sheet1-R6,2026-05-13,busan-nam,,스타벅스 코리아,2026년 상반기 생일자 격려품 구입,320000,710e4224a72e8c499daf7b8ae3f9934a834e18e19e98c922d1c006939f70ffc1,sheet1:R6,,,
32e66f0098331dab-sheet1-R6,2026-05-20,busan-nam,,공백,2026년 집중안전점검 추진 관련 간담회 개최,232000,32e66f0098331dab456d8dcd6b71810a1ed10105b68ea7483a16d06e0d9f454d,sheet1:R6,,,
32e66f0098331dab-sheet1-R7,2026-05-06,busan-nam,,주식회사 비오톱,폭염 대비 접이식 그늘막 부품 구입,1100000,32e66f0098331dab456d8dcd6b71810a1ed10105b68ea7483a16d06e0d9f454d,sheet1:R7,,,
32e66f0098331dab-sheet1-R8,2026-05-08,busan-nam,,코비드애드,2026년 집중안전점검 가정용 자율안전점검표 구입,3256000,32e66f0098331dab456d8dcd6b71810a1ed10105b68ea7483a16d06e0d9f454d,sheet1:R8,,,
32e66f0098331dab-sheet1-R9,2026-05-11,busan-nam,,본도시락 부경대점,2026년 안전한국훈련 지원근무자 급식비 지급,1440000,32e66f0098331dab456d8dcd6b71810a1ed10105b68ea7483a16d06e0d9f454d,sheet1:R9,,,
32e66f0098331dab-sheet1-R10,2026-05-18,busan-nam,,주식회사 주원정보통신,남구 방범용 CCTV 시설물 정비(1~4월)(5. 22. 지급),2370000,32e66f0098331dab456d8dcd6b71810a1ed10105b68ea7483a16d06e0d9f454d,sheet1:R10,,,
32e66f0098331dab-sheet1-R11,2026-05-21,busan-nam,,에스아이테크,송선마을배수펌프장 초음파수위계 구매,2200000,32e66f0098331dab456d8dcd6b71810a1ed10105b68ea7483a16d06e0d9f454d,sheet1:R11,,,
32e66f0098331dab-sheet1-R12,2026-05-26,busan-nam,,(주)거창기업,모래 구입,2000000,32e66f0098331dab456d8dcd6b71810a1ed10105b68ea7483a16d06e0d9f454d,sheet1:R12,,,
32e66f0098331dab-sheet1-R13,2026-05-27,busan-nam,,주식회사태진공조,남구청 별관 통합관제센터 항온항습기 부품 교체,1045000,32e66f0098331dab456d8dcd6b71810a1ed10105b68ea7483a16d06e0d9f454d,sheet1:R13,,,
7397d94cca45d0c4-sheet1-R4,2026-04-20,busan-nam,,파파존스 문현대연점,현안 업무추진 직원 및 사회복무요원·기간제근로자 격려 간담회 개최,158100,7397d94cca45d0c40c1522d7b4dacda2e2e7a6491cfedcc4c88b4d67cd1bd331,sheet1:R4,,,
6440a63e1e77b186-sheet1-R4,2026-04-03,busan-nam,,복바다횟집,연극놀이터 사업추진 관련 간담회 개최,150000,6440a63e1e77b18655634bc1c288de87933a21950e698b1ae493aa10e4f32716,sheet1:R4,,,
6440a63e1e77b186-sheet1-R5,2026-04-09,busan-nam,,복바다횟집,우암동 문화시설 조성 관련 설계 관계자 간담회 개최,269000,6440a63e1e77b18655634bc1c288de87933a21950e698b1ae493aa10e4f32716,sheet1:R5,,,
6440a63e1e77b186-sheet1-R6,2026-04-23,busan-nam,,글로리마트,안전걷기 교육과정 운영 관련 다과 구입,379720,6440a63e1e77b18655634bc1c288de87933a21950e698b1ae493aa10e4f32716,sheet1:R6,,,
6440a63e1e77b186-sheet1-R7,2026-04-29,busan-nam,,대연포항물회,용호공원 일원 시설 개선사업 업무추진 관련 간담회 개최,135000,6440a63e1e77b18655634bc1c288de87933a21950e698b1ae493aa10e4f32716,sheet1:R7,,,
2f89b42c67348718-sheet1-R4,2026-04-13,busan-nam,,쿠팡㈜,부서 다과 구입,136590,2f89b42c6734871866f8022e29b8d33725937cb739f8e4e4e560c884a1f28518,sheet1:R4,,,
2f89b42c67348718-sheet1-R5,2026-04-16,busan-nam,,대한초밥외1,직원 격려 간담회 개최,223700,2f89b42c6734871866f8022e29b8d33725937cb739f8e4e4e560c884a1f28518,sheet1:R5,,,
7c9a1ed7bc0f6123-sheet1-R5,2026-04-24,busan-nam,,대원식당,용당동 제1공영주차장 민원사항 논의 간담회,112000,7c9a1ed7bc0f61237d93e761dab3d63bcfe25e3857a944621d67149b12f9d77b,sheet1:R5,,,
6be04b0919e48b4c-sheet1-R4,2026-04-03,busan-nam,,구이원,현안업무 추진 노고격려 간담회 개최,178000,6be04b0919e48b4c86ced6efed08c5a688f7c786327da9f0bb54282e56d1e953,sheet1:R4,,,
6be04b0919e48b4c-sheet1-R5,2026-04-08,busan-nam,,꽃돼지,제9회 전국동시 지방선거 추진격려 간담회 개최,242000,6be04b0919e48b4c86ced6efed08c5a688f7c786327da9f0bb54282e56d1e953,sheet1:R5,,,
6be04b0919e48b4c-sheet1-R6,2026-04-22,busan-nam,,맹수해장국,대연1동 민방위 통대장 격려 간담회 개최 건의,170000,6be04b0919e48b4c86ced6efed08c5a688f7c786327da9f0bb54282e56d1e953,sheet1:R6,,,
7154d62ff64d8659-sheet1-R5,2026-04-28,busan-nam,,김정옥 엄나무삼계탕,2026년 상반기 자활고용 활성화를 위한 간담회 개최,450000,7154d62ff64d8659e3b9a00bfc88c45dc9239398279242b87514a7b6dad5d207,sheet1:R5,,,
a822331c11eab2de-sheet1-R3,2026-04-30,busan-nam,,막끌리네,건설공사 추진 관련 간담회,300000,a822331c11eab2deed60b96909f67728f58307636f9cf3126c50d00a4fdd8bc2,sheet1:R3,,,
018674aa8faad2e7-sheet1-R3,2026-03-09,busan-nam,,막끌리네,전문건설업 관계자와의 간담회,300000,018674aa8faad2e76af8815f4041fecbc6c340f1eea5069d93d7ac0ada094ee8,sheet1:R3,,,
018674aa8faad2e7-sheet1-R4,2026-03-13,busan-nam,,막끌리네,건설공사 추진 관련 간담회,300000,018674aa8faad2e76af8815f4041fecbc6c340f1eea5069d93d7ac0ada094ee8,sheet1:R4,,,
018674aa8faad2e7-sheet1-R5,2026-03-16,busan-nam,,막끌리네,도시계획 추진 관련 간담회,300000,018674aa8faad2e76af8815f4041fecbc6c340f1eea5069d93d7ac0ada094ee8,sheet1:R5,,,
79bb7b78a6378929-sheet1-R4,2026-04-15,busan-nam,,식당3선 용호점,공원녹지과 현안사항 업무협의를 위한 간담회 개최,415000,79bb7b78a63789291f6490636115dc6a32bb5d6bfede4db2cb0d91278b685b74,sheet1:R4,,,
79bb7b78a6378929-sheet1-R5,2026-04-06,busan-nam,,식당3선 용호점,이기대 아트파빌리온 설치사업 업무협의에 따른 간담회 개최,300000,79bb7b78a63789291f6490636115dc6a32bb5d6bfede4db2cb0d91278b685b74,sheet1:R5,,,
79bb7b78a6378929-sheet1-R6,2026-04-24,busan-nam,,윤씨네 장독대,산림재난응단 역량 강화 간담회 개최,250000,79bb7b78a63789291f6490636115dc6a32bb5d6bfede4db2cb0d91278b685b74,sheet1:R6,,,
07614cff1cbda719-sheet1-R3,2026-04-06,busan-nam,,귀희한식,효율적인 인사운영 방향 설정 관련 논의 간담회,140000,07614cff1cbda7192dcdb5fd9523468bd082329bab2f9ab11ebd6ff51b369290,sheet1:R3,,,
07614cff1cbda719-sheet1-R4,2026-04-09,busan-nam,,푸주인,동 복지안전기능 강화 전담인력 배치 관련 논의 간담회,400000,07614cff1cbda7192dcdb5fd9523468bd082329bab2f9ab11ebd6ff51b369290,sheet1:R4,,,
07614cff1cbda719-sheet1-R5,2026-04-17,busan-nam,,서울깍두기,주요 현안사항 인력 배치 논의 간담회,98000,07614cff1cbda7192dcdb5fd9523468bd082329bab2f9ab11ebd6ff51b369290,sheet1:R5,,,
07614cff1cbda719-sheet1-R6,2026-04-20,busan-nam,,홍이보리밥 커피언니,인사 업무 관련 협의 간담회,64500,07614cff1cbda7192dcdb5fd9523468bd082329bab2f9ab11ebd6ff51b369290,sheet1:R6,,,
07614cff1cbda719-sheet1-R7,2026-04-28,busan-nam,,쿠팡,부서운영물품 구입(커피),134700,07614cff1cbda7192dcdb5fd9523468bd082329bab2f9ab11ebd6ff51b369290,sheet1:R7,,,
07614cff1cbda719-sheet1-R8,2026-04-28,busan-nam,,-,2026년 직원 취미클럽 지원금 지급,9500000,07614cff1cbda7192dcdb5fd9523468bd082329bab2f9ab11ebd6ff51b369290,sheet1:R8,,,
ec1ae07cbdb5f0a6-sheet1-R4,2026-04-21,busan-nam,,이트레이더스,부서직원 다과 구입 건의,137840,ec1ae07cbdb5f0a6a1d9803596be13e5d4d0599a11fc281b9e654cf5c1f80dcc,sheet1:R4,,,
150f8d55d1c11906-sheet1-R4,2026-04-13,busan-nam,,오륙도휴카페남구청점,평생학습축제 네트워크협의체 회의 추진을 위한 다과 구입,140000,150f8d55d1c11906bd97f70dcf44f59d996e053a90c52c424f1f144b99f956ce,sheet1:R4,,,
150f8d55d1c11906-sheet1-R5,2026-04-16,busan-nam,,대한초밥,평생학습축제 추진 관계자와의 간담회,128000,150f8d55d1c11906bd97f70dcf44f59d996e053a90c52c424f1f144b99f956ce,sheet1:R5,,,
e4b8d789cce6dfc9-sheet1-R5,2026-04-08,busan-nam,,충남집,현안업무 추진 관련 단체원들과의 간담회 개최,111000,e4b8d789cce6dfc9f264baae17a232038723935d42879b412ac022618c93601d,sheet1:R5,,,
e4b8d789cce6dfc9-sheet1-R6,2026-04-16,busan-nam,,호포갈비(주식회사 바로테이스티),현안업무 추진 관련 단체원과 오찬간담회 개최,68000,e4b8d789cce6dfc9f264baae17a232038723935d42879b412ac022618c93601d,sheet1:R6,,,
e4b8d789cce6dfc9-sheet1-R7,2026-04-22,busan-nam,,엄나무 삼계탕,현안업무 추진관련 단체원들과 간담회 개최,422000,e4b8d789cce6dfc9f264baae17a232038723935d42879b412ac022618c93601d,sheet1:R7,,,
e4b8d789cce6dfc9-sheet1-R8,2026-04-29,busan-nam,,㈜메가마트 문현점,부서운영물품(간식 등) 구입,65670,e4b8d789cce6dfc9f264baae17a232038723935d42879b412ac022618c93601d,sheet1:R8,,,
e4b8d789cce6dfc9-sheet1-R9,2026-04-29,busan-nam,,호포갈비(주식회사 바로테이스티),현안업무 추진 관련 직원 격려 간담회 개최,480000,e4b8d789cce6dfc9f264baae17a232038723935d42879b412ac022618c93601d,sheet1:R9,,,
7c2f35b6c219ed53-sheet1-R4,2026-04-24,busan-nam,,옛날전통추어탕,부서 직원 오찬 간담회 개최,77000,7c2f35b6c219ed539d366acd82a0c44baebf0cc8143abfc085e008261e88b886,sheet1:R4,,,
7c2f35b6c219ed53-sheet1-R7,2026-04-07,busan-nam,,코비드애드,"2026년 도로명주소 홍보물 구입(형광펜세트, 파우치)",1996000,7c2f35b6c219ed539d366acd82a0c44baebf0cc8143abfc085e008261e88b886,sheet1:R7,,,
7c2f35b6c219ed53-sheet1-R8,2026-04-30,busan-nam,,화인상사,"2026년 도로명주소 홍보물 구입(고무장갑, 여행용파우치세트)",1972000,7c2f35b6c219ed539d366acd82a0c44baebf0cc8143abfc085e008261e88b886,sheet1:R8,,,
917dfdeb89021d7a-sheet1-R4,2026-04-06,busan-nam,,달인 거인통닭,제22회 반딧불이 축제 협의 관련 간담회 개최,126000,917dfdeb89021d7a114b8f0738a2118759ec071488c767db9e71ed7c793da0c1,sheet1:R4,,,
e4e0e55da9722f85-sheet1-R4,2026-04-03,busan-nam,,신신중식당,행사 참여 직원 격려 오찬 간담회,296000,e4e0e55da9722f853c9a9a1c00dd423f62344bdb8768452f0394e61e22da3d86,sheet1:R4,,,
b030701185058038-sheet1-R4,2026-04-10,busan-nam,,대연동(쿠우쿠우),여권 사무의 원활한 추진을 위한 간담회 개최,263300,b030701185058038d204fda46e7fcf481cfa712a4554458aeb67d4bdb352dc0e,sheet1:R4,,,
b030701185058038-sheet1-R6,2026-04-02,busan-nam,,㈜엠에스에코솔루션,기록관 향균제 구입,1656000,b030701185058038d204fda46e7fcf481cfa712a4554458aeb67d4bdb352dc0e,sheet1:R6,,,
b030701185058038-sheet1-R7,2026-04-15,busan-nam,,㈜그린코아,가족관계등록등 사무관련 서식 구입,1420000,b030701185058038d204fda46e7fcf481cfa712a4554458aeb67d4bdb352dc0e,sheet1:R7,,,
2004ed4c630e3ddb-sheet1-R5,2026-04-14,busan-nam,,대한초밥,지방세 및 과태료 체납차량 번호판 합동 영치 방안 논의를 위한 간담회 개최,360000,2004ed4c630e3ddb6d102d75deebb727e616f1d30c778f799015bb0371987a8c,sheet1:R5,,,
e4244fbd0d8c3bdc-sheet1-R4,2026-04-09,busan-nam,,오륙도휴카페 남구청점,2026년 주거복지 실무역량 강화교육「소통UP 주거UP」다과비,165000,e4244fbd0d8c3bdc89e8661d9b7d9ec2bb9c79e62c7cf12b174b1d9a8a118502,sheet1:R4,,,
e4244fbd0d8c3bdc-sheet1-R5,2026-04-16,busan-nam,,블랑드블랑,공동주택관리 지원사업 추진을 위한 관계자 간담회,154000,e4244fbd0d8c3bdc89e8661d9b7d9ec2bb9c79e62c7cf12b174b1d9a8a118502,sheet1:R5,,,
19134fa53c615b14-sheet1-R4,2026-04-22,busan-nam,,쿠팡㈜,고유가 피해지원금 지급 관련 다과 구입,143610,19134fa53c615b14119997f67bb8379c840ffab7ed9640b6dec8840d0735035e,sheet1:R4,,,
19134fa53c615b14-sheet1-R5,2026-04-23,busan-nam,,영덕대게생각,통장협의회 노고 격려를 위한 간담회 개최,225000,19134fa53c615b14119997f67bb8379c840ffab7ed9640b6dec8840d0735035e,sheet1:R5,,,
3ebf4584eb50a1a5-sheet1-R4,2026-04-29,busan-nam,,용호동송원왕갈비,2026년도 안전한국훈련 사전촬영 관련 오찬 간담회 개최,210000,3ebf4584eb50a1a5b0f7e768bd39cf383c51350495825c3c2a8b9bdbef97827c,sheet1:R4,,,
3ebf4584eb50a1a5-sheet1-R5,2026-04-29,busan-nam,,투썸플레이스 부산백운포점,2026년도 안전한국훈련 사전촬영 관련 차담회 개최,28700,3ebf4584eb50a1a5b0f7e768bd39cf383c51350495825c3c2a8b9bdbef97827c,sheet1:R5,,,
3ebf4584eb50a1a5-sheet1-R8,2026-04-30,busan-nam,,서진건축,용호배수펌프장 바닥 배수로 정비,1958000,3ebf4584eb50a1a5b0f7e768bd39cf383c51350495825c3c2a8b9bdbef97827c,sheet1:R8,,,
c26489f75740b10d-sheet1-R4,2026-04-01,busan-nam,,바다장어탕,현안업무 추진 직원 격려 간담회 개최,120000,c26489f75740b10d3e903ddb8c7d6aaeec0c2e3bf6a77ab50564013951d8b494,sheet1:R4,,,
c26489f75740b10d-sheet1-R5,2026-04-01,busan-nam,,텐퍼센트 용호현대비치점,현안업무 추진 직원 격려 간담회 개최,9300,c26489f75740b10d3e903ddb8c7d6aaeec0c2e3bf6a77ab50564013951d8b494,sheet1:R5,,,
c26489f75740b10d-sheet1-R6,2026-04-27,busan-nam,,명품한식포차,현안업무 추진 직원 격려 간담회 개최,40000,c26489f75740b10d3e903ddb8c7d6aaeec0c2e3bf6a77ab50564013951d8b494,sheet1:R6,,,
c26489f75740b10d-sheet1-R7,2026-04-27,busan-nam,,커피로만,현안업무 추진 직원 격려 간담회 개최,11600,c26489f75740b10d3e903ddb8c7d6aaeec0c2e3bf6a77ab50564013951d8b494,sheet1:R7,,,
c26489f75740b10d-sheet1-R9,2026-04-24,busan-nam,,본정보시스템,제9회 전국동시지방선거 사무용 토너 및 복사용지 구입,1286000,c26489f75740b10d3e903ddb8c7d6aaeec0c2e3bf6a77ab50564013951d8b494,sheet1:R9,,,
819880c6ef23518a-sheet1-R4,2026-04-17,busan-nam,,이재모피자,현안업무 추진직원 격려 간담회,154700,819880c6ef23518a9a4cba25212b8c2f1e8f307b33d2e909eb9e246dca0311ed,sheet1:R4,,,
ef89e3b61b57119d-sheet1-R4,2026-04-28,busan-nam,,엄나무삼계탕,결산검사위원과의 오찬간담회 개최,116000,ef89e3b61b57119d20650436607c4b9c1304984d925422d869140318d07c2557,sheet1:R4,,,
ef89e3b61b57119d-sheet1-R5,2026-04-30,busan-nam,,구이원,주요소송 추진 관련 소송수행자와의 간담회 개최,232000,ef89e3b61b57119d20650436607c4b9c1304984d925422d869140318d07c2557,sheet1:R5,,,
e5decdc00822de3a-sheet1-R3,2026-04-01,busan-nam,,가얏골감자탕,남부새마을금고 임원진과의 업무협의 간담회,180000,e5decdc00822de3a8757d0523cca49adfa7ecf49f7b2b0f718b961ead90dadd5,sheet1:R3,,,
e5decdc00822de3a-sheet1-R4,2026-04-27,busan-nam,,담가,직원 격려 간담회 개최,438000,e5decdc00822de3a8757d0523cca49adfa7ecf49f7b2b0f718b961ead90dadd5,sheet1:R4,,,
0b901a544199ae50-sheet1-R4,2026-03-23,busan-nam,,자갈치 싱싱횟집,대연6동 각급 단체장과의 간담회 개최,78000,0b901a544199ae50bfd9565e49bd8a604f1066c1cf03eb8837e7a00c4d56aec1,sheet1:R4,,,
0b901a544199ae50-sheet1-R5,2026-03-24,busan-nam,,거북이동네 대연점,대연6동 통장협의회와의 간담회 개최,720000,0b901a544199ae50bfd9565e49bd8a604f1066c1cf03eb8837e7a00c4d56aec1,sheet1:R5,,,
0b901a544199ae50-sheet1-R6,2026-03-27,busan-nam,,쿠우쿠우 경성대점,현안 업무추진 직원 및 사회복무요원·기간제근로자 격려 간담회 개최,478500,0b901a544199ae50bfd9565e49bd8a604f1066c1cf03eb8837e7a00c4d56aec1,sheet1:R6,,,
83207be449133743-sheet1-R5,2026-03-19,busan-nam,,"휴카페, 뚜레쥬르",주거지전용주차장 및 승용차요일제 동 담당자 교육에 따른 다과 구입,135400,83207be4491337431c6fe965e04ca0f0ec3b7208adc77102c189caefe2989627,sheet1:R5,,,
83207be449133743-sheet1-R6,2026-03-25,busan-nam,,행복한오리,2026년 구·동정설명회 합동 점검 관련 유관기관과의 간담회 개최 건의,107000,83207be4491337431c6fe965e04ca0f0ec3b7208adc77102c189caefe2989627,sheet1:R6,,,
4714ed330d5a3a62-sheet1-R3,2026-03-09,busan-nam,,모든오피스 부산중구점,부서 운영물품(차 재료 등) 구입,214000,4714ed330d5a3a62c4158cf532951fa044741a1790556b06c9e178bf8ca2798e,sheet1:R3,,,
4714ed330d5a3a62-sheet1-R4,2026-03-20,busan-nam,,우암횟집,방위협의회 감담회,366500,4714ed330d5a3a62c4158cf532951fa044741a1790556b06c9e178bf8ca2798e,sheet1:R4,,,
c46d82a90b123247-sheet1-R4,2026-03-16,busan-nam,,마루봄,문현동 도시재생현장지원센터 소소마실 문현 운영계획 수립을 위한 간담회 개최,290000,c46d82a90b12324721ddb97782ae91efc165ee4cfef863c3092f3f30e0d0d45b,sheet1:R4,,,
c46d82a90b123247-sheet1-R6,2026-03-13,busan-nam,,쿠팡,부서 운영 다과 구입,198680,c46d82a90b12324721ddb97782ae91efc165ee4cfef863c3092f3f30e0d0d45b,sheet1:R6,,,
0c86b43104c6be3b-sheet1-R4,2026-03-06,busan-nam,,정담,동 통합돌봄신청창구 운영 활성화를 위한 간담회,585000,0c86b43104c6be3b8c395a70c7e5628349e0b61e24f487b31eb1e2db4606e971,sheet1:R4,,,
0c86b43104c6be3b-sheet1-R5,2026-03-19,busan-nam,,정담,통합돌봄 안내창구 담당자 간담회,415000,0c86b43104c6be3b8c395a70c7e5628349e0b61e24f487b31eb1e2db4606e971,sheet1:R5,,,
0c86b43104c6be3b-sheet1-R6,2026-03-25,busan-nam,,댄싱컵,남구지역사회보장협의체 운영관련 간담회 개최,17000,0c86b43104c6be3b8c395a70c7e5628349e0b61e24f487b31eb1e2db4606e971,sheet1:R6,,,
c0320d867cae4e24-sheet1-R3,2026-03-05,busan-nam,,구이원,지역 치안 유지 및 협의를 위한 간담회,437000,c0320d867cae4e2451603bd6a1facbcf1508086f3a1410a89a783cbff10d1c24,sheet1:R3,,,
c0320d867cae4e24-sheet1-R4,2026-03-10,busan-nam,,정담,행정지원과 주요 현안사업 논의 간담회,90000,c0320d867cae4e2451603bd6a1facbcf1508086f3a1410a89a783cbff10d1c24,sheet1:R4,,,
c0320d867cae4e24-sheet1-R5,2026-03-24,busan-nam,,더마트,현업근로자 산업안전보건교육 운영물품(생수) 구입,59400,c0320d867cae4e2451603bd6a1facbcf1508086f3a1410a89a783cbff10d1c24,sheet1:R5,,,
c0320d867cae4e24-sheet1-R7,2026-03-30,busan-nam,,부산은행,2026년 1분기 생일자 격려 온누리상품권 구입,6150000,c0320d867cae4e2451603bd6a1facbcf1508086f3a1410a89a783cbff10d1c24,sheet1:R7,,,
f1837e2fea07f587-sheet1-R7,2026-03-13,busan-nam,,주식회사 나음케어,신체활동 프로그램 운영물품 구입,1372000,f1837e2fea07f58742d529a3d52febed77cf3f7437f40cca838f8c066f85c8f2,sheet1:R7,,,
f1837e2fea07f587-sheet1-R8,2026-03-18,busan-nam,,주식회사 세븐일렉,모바일헬스케어사업 활동량계 구입,1268000,f1837e2fea07f58742d529a3d52febed77cf3f7437f40cca838f8c066f85c8f2,sheet1:R8,,,
619730bd375f99a3-sheet1-R4,2026-03-03,busan-nam,,쿠팡㈜,부서운영물품(간식)구입,43740,619730bd375f99a3d0c523fc1bf8194d3c11d2980b864d6c2f7abc09985799fc,sheet1:R4,,,
619730bd375f99a3-sheet1-R5,2026-03-17,busan-nam,,두레박,주민자치위원회 위원 노고 격려를 위한 간담회 개최,365000,619730bd375f99a3d0c523fc1bf8194d3c11d2980b864d6c2f7abc09985799fc,sheet1:R5,,,
619730bd375f99a3-sheet1-R6,2026-03-19,busan-nam,,쿠팡㈜,부서운영물품(다과)구입,12000,619730bd375f99a3d0c523fc1bf8194d3c11d2980b864d6c2f7abc09985799fc,sheet1:R6,,,
619730bd375f99a3-sheet1-R7,2026-03-30,busan-nam,,영덕대게생각,자활근로사업 관련 간담회 개최,75000,619730bd375f99a3d0c523fc1bf8194d3c11d2980b864d6c2f7abc09985799fc,sheet1:R7,,,
8219662bcfcab4f8-sheet1-R5,2026-03-26,busan-nam,,금빛돼지,지역사회보장협의체 위원들과의 간담회,298000,8219662bcfcab4f8d564c0537f1e9f10a74e3a8c69c9e7f7bd8d5cd8f9ade8cd,sheet1:R5,,,
90ec3cd7039fbe1b-sheet1-R5,2026-03-03,busan-nam,,카페 모우,축산물 위생·안전·이력제 홍보캠페인 추진,40000,90ec3cd7039fbe1bb7dafa98a554deb1a2b3db5bf0d182d601abf54488ccd591,sheet1:R5,,,
90ec3cd7039fbe1b-sheet1-R6,2026-03-20,busan-nam,,블루샥(Blu shaak) 남구청점,2026년 제2차 남구 일자리위원회 간담회 개최,38000,90ec3cd7039fbe1bb7dafa98a554deb1a2b3db5bf0d182d601abf54488ccd591,sheet1:R6,,,
cc9b18cc932c8934-sheet1-R6,2026-03-12,busan-nam,,더 솥밥(대연동),효율적인 구정홍보를 위한 기자간담회 개최,100000,cc9b18cc932c8934401cffd856508e06e5f4c18acc6fd237a2a405eb5f091679,sheet1:R6,,,
cc9b18cc932c8934-sheet1-R7,2026-03-12,busan-nam,,스타벅스(대연동),효율적인 구정홍보를 위한 기자간담회 개최,42700,cc9b18cc932c8934401cffd856508e06e5f4c18acc6fd237a2a405eb5f091679,sheet1:R7,,,
fc412cd0b0694536-sheet1-R4,2026-03-17,busan-nam,,오륙도휴카페남구청점,교육경비심의위원회 추진을 위한 다과 구입,49500,fc412cd0b0694536b878a67b707ca6121e00d399ab1f558fbc2e644fe10e19b6,sheet1:R4,,,
fc412cd0b0694536-sheet1-R5,2026-03-20,busan-nam,,오륙도휴카페남구청점,평생교육실무위원회 회의 추진을 위한 다과 구입,90000,fc412cd0b0694536b878a67b707ca6121e00d399ab1f558fbc2e644fe10e19b6,sheet1:R5,,,
bb68ae6e3a88a202-sheet1-R4,2026-03-25,busan-nam,,파리바게뜨,우리동네 따숨가게 업무협약식 다과 구입 건의,169000,bb68ae6e3a88a202bf58b00c59582d6121e5416932f29118ac2578d74707dcfc,sheet1:R4,,,
16a8fc70270164fe-sheet1-R4,2026-03-13,busan-nam,,(주)부산은행(온누리상품권),2026년 상반기 생일자 격려 온누리상품권 구입,1200000,16a8fc70270164fead8449654bac197b7255d3ad0485f5b840dd3aefeda2ad68,sheet1:R4,,,
16a8fc70270164fe-sheet1-R5,2026-03-17,busan-nam,,(주)부산은행(온누리상품권),2026년 상반기 생일자 격려 온누리상품권 구입(누락자 추가지급),80000,16a8fc70270164fead8449654bac197b7255d3ad0485f5b840dd3aefeda2ad68,sheet1:R5,,,
63949646d236285d-sheet1-R6,2026-03-05,busan-nam,,라임스토리,2026년도 공동주택관리지원사업 홍보용 소책자 제작,2000000,63949646d236285d2f55cd526ad04aa7c575885c99f4ed6b1f16e9d8029ce5fc,sheet1:R6,,,
8a5bd2699586a227-sheet1-R5,2026-03-20,busan-nam,,이흥용베이커리,현안업무 관련 직원 격려 간식 구입,55800,8a5bd2699586a227b8c07ea257a6d88ab157ad7b77e5228cd7fe3d8e4d6a8f6b,sheet1:R5,,,
8a5bd2699586a227-sheet1-R6,2026-03-24,busan-nam,,텐퍼센트 문현교차로점,현안업무 추진 직원 격려 다과 구입,57000,8a5bd2699586a227b8c07ea257a6d88ab157ad7b77e5228cd7fe3d8e4d6a8f6b,sheet1:R6,,,
8a5bd2699586a227-sheet1-R7,2026-03-31,busan-nam,,비앙퀴트,현안업무 추진관련 단체원 맞이 간식 구입,95000,8a5bd2699586a227b8c07ea257a6d88ab157ad7b77e5228cd7fe3d8e4d6a8f6b,sheet1:R7,,,
3d0658e063f723d9-sheet1-R6,2026-03-10,busan-nam,,주식회사 양산박,지역사회 경제활력 제고를 위한 업무추진비 선결제,500000,3d0658e063f723d948ec8427e354a6faf67b0516e612ce4cae8f3225b736b81e,sheet1:R6,,,
3d0658e063f723d9-sheet1-R7,2026-03-05,busan-nam,,(주)한컴테크,통합관제센터 프린터기 토너 구입,1947000,3d0658e063f723d948ec8427e354a6faf67b0516e612ce4cae8f3225b736b81e,sheet1:R7,,,
3d0658e063f723d9-sheet1-R8,2026-03-20,busan-nam,,연합전기,동천1배수펌프장 밸브실 지배수펌프 교체,1824460,3d0658e063f723d948ec8427e354a6faf67b0516e612ce4cae8f3225b736b81e,sheet1:R8,,,
bc54b38b8a3450a4-sheet1-R5,2026-03-04,busan-nam,교통관리과,대판복국,,120000,bc54b38b8a3450a4bb883a540806f3f023df82bcc0f1007e6cc129f10cd72bc6,sheet1:R5,,,
bc54b38b8a3450a4-sheet1-R6,2026-03-11,busan-nam,교통관리과,와코,,333000,bc54b38b8a3450a4bb883a540806f3f023df82bcc0f1007e6cc129f10cd72bc6,sheet1:R6,,,
bc54b38b8a3450a4-sheet1-R7,2026-03-11,busan-nam,교통관리과,자수정코다리,,342000,bc54b38b8a3450a4bb883a540806f3f023df82bcc0f1007e6cc129f10cd72bc6,sheet1:R7,,,
bc54b38b8a3450a4-sheet1-R8,2026-03-11,busan-nam,교통관리과,경화식당,,342000,bc54b38b8a3450a4bb883a540806f3f023df82bcc0f1007e6cc129f10cd72bc6,sheet1:R8,,,
bc54b38b8a3450a4-sheet1-R9,2026-03-11,busan-nam,교통관리과,참못골 돼지국밥,,396000,bc54b38b8a3450a4bb883a540806f3f023df82bcc0f1007e6cc129f10cd72bc6,sheet1:R9,,,
bc54b38b8a3450a4-sheet1-R10,2026-03-12,busan-nam,교통관리과,고봉민김밥人,,90000,bc54b38b8a3450a4bb883a540806f3f023df82bcc0f1007e6cc129f10cd72bc6,sheet1:R10,,,
bc54b38b8a3450a4-sheet1-R11,2026-03-12,busan-nam,교통관리과,오늘하루,,342000,bc54b38b8a3450a4bb883a540806f3f023df82bcc0f1007e6cc129f10cd72bc6,sheet1:R11,,,
bc54b38b8a3450a4-sheet1-R12,2026-03-12,busan-nam,교통관리과,영태사,,297000,bc54b38b8a3450a4bb883a540806f3f023df82bcc0f1007e6cc129f10cd72bc6,sheet1:R12,,,
bc54b38b8a3450a4-sheet1-R13,2026-03-14,busan-nam,교통관리과,보배반점 용호점,,72000,bc54b38b8a3450a4bb883a540806f3f023df82bcc0f1007e6cc129f10cd72bc6,sheet1:R13,,,
bc54b38b8a3450a4-sheet1-R14,2026-03-16,busan-nam,교통관리과,이니시스_D,,154000,bc54b38b8a3450a4bb883a540806f3f023df82bcc0f1007e6cc129f10cd72bc6,sheet1:R14,,,
bc54b38b8a3450a4-sheet1-R15,2026-03-17,busan-nam,교통관리과,더마트,,496900,bc54b38b8a3450a4bb883a540806f3f023df82bcc0f1007e6cc129f10cd72bc6,sheet1:R15,,,
bc54b38b8a3450a4-sheet1-R16,2026-03-18,busan-nam,교통관리과,(사)부산광역시장애인생산품판매시설,,253000,bc54b38b8a3450a4bb883a540806f3f023df82bcc0f1007e6cc129f10cd72bc6,sheet1:R16,,,
bc54b38b8a3450a4-sheet1-R17,2026-03-19,busan-nam,교통관리과,주식회사아주문구,,500000,bc54b38b8a3450a4bb883a540806f3f023df82bcc0f1007e6cc129f10cd72bc6,sheet1:R17,,,
bc54b38b8a3450a4-sheet1-R18,2026-03-24,busan-nam,교통관리과,오투광고공사,,750000,bc54b38b8a3450a4bb883a540806f3f023df82bcc0f1007e6cc129f10cd72bc6,sheet1:R18,,,
bc54b38b8a3450a4-sheet1-R19,2026-03-26,busan-nam,교통관리과,노이노이,,90000,bc54b38b8a3450a4bb883a540806f3f023df82bcc0f1007e6cc129f10cd72bc6,sheet1:R19,,,
bc54b38b8a3450a4-sheet1-R20,2026-03-26,busan-nam,교통관리과,게이트맨남구점(털보열쇠),,66000,bc54b38b8a3450a4bb883a540806f3f023df82bcc0f1007e6cc129f10cd72bc6,sheet1:R20,,,
bc54b38b8a3450a4-sheet1-R21,2026-03-27,busan-nam,교통관리과,(주)루모스 남구지점,,2970000,bc54b38b8a3450a4bb883a540806f3f023df82bcc0f1007e6cc129f10cd72bc6,sheet1:R21,,,
bc54b38b8a3450a4-sheet1-R22,2026-03-27,busan-nam,교통관리과,오투광고공사,,1925000,bc54b38b8a3450a4bb883a540806f3f023df82bcc0f1007e6cc129f10cd72bc6,sheet1:R22,,,
bc54b38b8a3450a4-sheet1-R23,2026-03-30,busan-nam,교통관리과,시원기프트,,694000,bc54b38b8a3450a4bb883a540806f3f023df82bcc0f1007e6cc129f10cd72bc6,sheet1:R23,,,
bc54b38b8a3450a4-sheet2-R5,2026-03-03,busan-nam,교통관리과,우정사업본부,,430,bc54b38b8a3450a4bb883a540806f3f023df82bcc0f1007e6cc129f10cd72bc6,sheet2:R5,,,
bc54b38b8a3450a4-sheet2-R6,2026-03-03,busan-nam,교통관리과,우정사업본부,,52800,bc54b38b8a3450a4bb883a540806f3f023df82bcc0f1007e6cc129f10cd72bc6,sheet2:R6,,,
bc54b38b8a3450a4-sheet2-R7,2026-03-03,busan-nam,교통관리과,우정사업본부,,27730,bc54b38b8a3450a4bb883a540806f3f023df82bcc0f1007e6cc129f10cd72bc6,sheet2:R7,,,
bc54b38b8a3450a4-sheet2-R8,2026-03-03,busan-nam,교통관리과,우정사업본부,,2830,bc54b38b8a3450a4bb883a540806f3f023df82bcc0f1007e6cc129f10cd72bc6,sheet2:R8,,,
bc54b38b8a3450a4-sheet2-R9,2026-03-03,busan-nam,교통관리과,우정사업본부,,2830,bc54b38b8a3450a4bb883a540806f3f023df82bcc0f1007e6cc129f10cd72bc6,sheet2:R9,,,
bc54b38b8a3450a4-sheet2-R10,2026-03-04,busan-nam,교통관리과,우정사업본부,,70000,bc54b38b8a3450a4bb883a540806f3f023df82bcc0f1007e6cc129f10cd72bc6,sheet2:R10,,,
bc54b38b8a3450a4-sheet2-R11,2026-03-04,busan-nam,교통관리과,우정사업본부,,30800,bc54b38b8a3450a4bb883a540806f3f023df82bcc0f1007e6cc129f10cd72bc6,sheet2:R11,,,
bc54b38b8a3450a4-sheet2-R12,2026-03-04,busan-nam,교통관리과,우정사업본부,,41600,bc54b38b8a3450a4bb883a540806f3f023df82bcc0f1007e6cc129f10cd72bc6,sheet2:R12,,,
bc54b38b8a3450a4-sheet2-R13,2026-03-04,busan-nam,교통관리과,우정사업본부,,76400,bc54b38b8a3450a4bb883a540806f3f023df82bcc0f1007e6cc129f10cd72bc6,sheet2:R13,,,
bc54b38b8a3450a4-sheet2-R14,2026-03-04,busan-nam,교통관리과,우정사업본부,,430,bc54b38b8a3450a4bb883a540806f3f023df82bcc0f1007e6cc129f10cd72bc6,sheet2:R14,,,
bc54b38b8a3450a4-sheet2-R15,2026-03-05,busan-nam,교통관리과,우정사업본부,,1720,bc54b38b8a3450a4bb883a540806f3f023df82bcc0f1007e6cc129f10cd72bc6,sheet2:R15,,,
bc54b38b8a3450a4-sheet2-R16,2026-03-05,busan-nam,교통관리과,우정사업본부,,860,bc54b38b8a3450a4bb883a540806f3f023df82bcc0f1007e6cc129f10cd72bc6,sheet2:R16,,,
bc54b38b8a3450a4-sheet2-R17,2026-03-05,busan-nam,교통관리과,우정사업본부,,2830,bc54b38b8a3450a4bb883a540806f3f023df82bcc0f1007e6cc129f10cd72bc6,sheet2:R17,,,
bc54b38b8a3450a4-sheet2-R18,2026-03-05,busan-nam,교통관리과,우정사업본부,,51600,bc54b38b8a3450a4bb883a540806f3f023df82bcc0f1007e6cc129f10cd72bc6,sheet2:R18,,,
bc54b38b8a3450a4-sheet2-R19,2026-03-05,busan-nam,교통관리과,우정사업본부,,5660,bc54b38b8a3450a4bb883a540806f3f023df82bcc0f1007e6cc129f10cd72bc6,sheet2:R19,,,
bc54b38b8a3450a4-sheet2-R20,2026-03-05,busan-nam,교통관리과,우정사업본부,,9890,bc54b38b8a3450a4bb883a540806f3f023df82bcc0f1007e6cc129f10cd72bc6,sheet2:R20,,,
bc54b38b8a3450a4-sheet2-R21,2026-03-05,busan-nam,교통관리과,우정사업본부,,11320,bc54b38b8a3450a4bb883a540806f3f023df82bcc0f1007e6cc129f10cd72bc6,sheet2:R21,,,
bc54b38b8a3450a4-sheet2-R22,2026-03-05,busan-nam,교통관리과,우정사업본부,,8400,bc54b38b8a3450a4bb883a540806f3f023df82bcc0f1007e6cc129f10cd72bc6,sheet2:R22,,,
bc54b38b8a3450a4-sheet2-R23,2026-03-05,busan-nam,교통관리과,우정사업본부,,4400,bc54b38b8a3450a4bb883a540806f3f023df82bcc0f1007e6cc129f10cd72bc6,sheet2:R23,,,
bc54b38b8a3450a4-sheet2-R24,2026-03-05,busan-nam,교통관리과,우정사업본부,,9000,bc54b38b8a3450a4bb883a540806f3f023df82bcc0f1007e6cc129f10cd72bc6,sheet2:R24,,,
bc54b38b8a3450a4-sheet2-R25,2026-03-05,busan-nam,교통관리과,우정사업본부,,14000,bc54b38b8a3450a4bb883a540806f3f023df82bcc0f1007e6cc129f10cd72bc6,sheet2:R25,,,
bc54b38b8a3450a4-sheet2-R26,2026-03-05,busan-nam,교통관리과,우정사업본부,,11320,bc54b38b8a3450a4bb883a540806f3f023df82bcc0f1007e6cc129f10cd72bc6,sheet2:R26,,,
bc54b38b8a3450a4-sheet2-R27,2026-03-06,busan-nam,교통관리과,우정사업본부,,2580,bc54b38b8a3450a4bb883a540806f3f023df82bcc0f1007e6cc129f10cd72bc6,sheet2:R27,,,
bc54b38b8a3450a4-sheet2-R28,2026-03-06,busan-nam,교통관리과,우정사업본부,,2830,bc54b38b8a3450a4bb883a540806f3f023df82bcc0f1007e6cc129f10cd72bc6,sheet2:R28,,,
bc54b38b8a3450a4-sheet2-R29,2026-03-06,busan-nam,교통관리과,우정사업본부,,41600,bc54b38b8a3450a4bb883a540806f3f023df82bcc0f1007e6cc129f10cd72bc6,sheet2:R29,,,
bc54b38b8a3450a4-sheet2-R30,2026-03-06,busan-nam,교통관리과,우정사업본부,,14150,bc54b38b8a3450a4bb883a540806f3f023df82bcc0f1007e6cc129f10cd72bc6,sheet2:R30,,,
bc54b38b8a3450a4-sheet2-R31,2026-03-06,busan-nam,교통관리과,우정사업본부,,430,bc54b38b8a3450a4bb883a540806f3f023df82bcc0f1007e6cc129f10cd72bc6,sheet2:R31,,,
bc54b38b8a3450a4-sheet2-R32,2026-03-06,busan-nam,교통관리과,우정사업본부,,99600,bc54b38b8a3450a4bb883a540806f3f023df82bcc0f1007e6cc129f10cd72bc6,sheet2:R32,,,
bc54b38b8a3450a4-sheet2-R33,2026-03-06,busan-nam,교통관리과,우정사업본부,,7200,bc54b38b8a3450a4bb883a540806f3f023df82bcc0f1007e6cc129f10cd72bc6,sheet2:R33,,,
bc54b38b8a3450a4-sheet2-R34,2026-03-06,busan-nam,교통관리과,우정사업본부,,3400,bc54b38b8a3450a4bb883a540806f3f023df82bcc0f1007e6cc129f10cd72bc6,sheet2:R34,,,
bc54b38b8a3450a4-sheet2-R35,2026-03-09,busan-nam,교통관리과,우정사업본부,,264600,bc54b38b8a3450a4bb883a540806f3f023df82bcc0f1007e6cc129f10cd72bc6,sheet2:R35,,,
bc54b38b8a3450a4-sheet2-R36,2026-03-09,busan-nam,교통관리과,우정사업본부,,430,bc54b38b8a3450a4bb883a540806f3f023df82bcc0f1007e6cc129f10cd72bc6,sheet2:R36,,,
bc54b38b8a3450a4-sheet2-R37,2026-03-09,busan-nam,교통관리과,우정사업본부,,1290,bc54b38b8a3450a4bb883a540806f3f023df82bcc0f1007e6cc129f10cd72bc6,sheet2:R37,,,
bc54b38b8a3450a4-sheet2-R38,2026-03-09,busan-nam,교통관리과,우정사업본부,,122000,bc54b38b8a3450a4bb883a540806f3f023df82bcc0f1007e6cc129f10cd72bc6,sheet2:R38,,,
bc54b38b8a3450a4-sheet2-R39,2026-03-09,busan-nam,교통관리과,우정사업본부,,2830,bc54b38b8a3450a4bb883a540806f3f023df82bcc0f1007e6cc129f10cd72bc6,sheet2:R39,,,
bc54b38b8a3450a4-sheet2-R40,2026-03-09,busan-nam,교통관리과,우정사업본부,,8490,bc54b38b8a3450a4bb883a540806f3f023df82bcc0f1007e6cc129f10cd72bc6,sheet2:R40,,,
bc54b38b8a3450a4-sheet2-R41,2026-03-09,busan-nam,교통관리과,우정사업본부,,3400,bc54b38b8a3450a4bb883a540806f3f023df82bcc0f1007e6cc129f10cd72bc6,sheet2:R41,,,
bc54b38b8a3450a4-sheet2-R42,2026-03-09,busan-nam,교통관리과,우정사업본부,,7200,bc54b38b8a3450a4bb883a540806f3f023df82bcc0f1007e6cc129f10cd72bc6,sheet2:R42,,,
bc54b38b8a3450a4-sheet2-R43,2026-03-10,busan-nam,교통관리과,우정사업본부,,46400,bc54b38b8a3450a4bb883a540806f3f023df82bcc0f1007e6cc129f10cd72bc6,sheet2:R43,,,
bc54b38b8a3450a4-sheet2-R44,2026-03-10,busan-nam,교통관리과,우정사업본부,,90400,bc54b38b8a3450a4bb883a540806f3f023df82bcc0f1007e6cc129f10cd72bc6,sheet2:R44,,,
bc54b38b8a3450a4-sheet2-R45,2026-03-10,busan-nam,교통관리과,우정사업본부,,36000,bc54b38b8a3450a4bb883a540806f3f023df82bcc0f1007e6cc129f10cd72bc6,sheet2:R45,,,
bc54b38b8a3450a4-sheet2-R46,2026-03-10,busan-nam,교통관리과,우정사업본부,,430,bc54b38b8a3450a4bb883a540806f3f023df82bcc0f1007e6cc129f10cd72bc6,sheet2:R46,,,
bc54b38b8a3450a4-sheet2-R47,2026-03-11,busan-nam,교통관리과,우정사업본부,,5660,bc54b38b8a3450a4bb883a540806f3f023df82bcc0f1007e6cc129f10cd72bc6,sheet2:R47,,,
bc54b38b8a3450a4-sheet2-R48,2026-03-11,busan-nam,교통관리과,우정사업본부,,860,bc54b38b8a3450a4bb883a540806f3f023df82bcc0f1007e6cc129f10cd72bc6,sheet2:R48,,,
bc54b38b8a3450a4-sheet2-R49,2026-03-11,busan-nam,교통관리과,우정사업본부,,19780,bc54b38b8a3450a4bb883a540806f3f023df82bcc0f1007e6cc129f10cd72bc6,sheet2:R49,,,
bc54b38b8a3450a4-sheet2-R50,2026-03-11,busan-nam,교통관리과,우정사업본부,,69600,bc54b38b8a3450a4bb883a540806f3f023df82bcc0f1007e6cc129f10cd72bc6,sheet2:R50,,,
bc54b38b8a3450a4-sheet2-R51,2026-03-12,busan-nam,교통관리과,우정사업본부,,295200,bc54b38b8a3450a4bb883a540806f3f023df82bcc0f1007e6cc129f10cd72bc6,sheet2:R51,,,
bc54b38b8a3450a4-sheet2-R52,2026-03-12,busan-nam,교통관리과,우정사업본부,,430,bc54b38b8a3450a4bb883a540806f3f023df82bcc0f1007e6cc129f10cd72bc6,sheet2:R52,,,
bc54b38b8a3450a4-sheet2-R53,2026-03-12,busan-nam,교통관리과,우정사업본부,,39600,bc54b38b8a3450a4bb883a540806f3f023df82bcc0f1007e6cc129f10cd72bc6,sheet2:R53,,,
bc54b38b8a3450a4-sheet2-R54,2026-03-12,busan-nam,교통관리과,우정사업본부,,72800,bc54b38b8a3450a4bb883a540806f3f023df82bcc0f1007e6cc129f10cd72bc6,sheet2:R54,,,
bc54b38b8a3450a4-sheet2-R55,2026-03-12,busan-nam,교통관리과,우정사업본부,,28090,bc54b38b8a3450a4bb883a540806f3f023df82bcc0f1007e6cc129f10cd72bc6,sheet2:R55,,,
bc54b38b8a3450a4-sheet2-R56,2026-03-12,busan-nam,교통관리과,우정사업본부,,2830,bc54b38b8a3450a4bb883a540806f3f023df82bcc0f1007e6cc129f10cd72bc6,sheet2:R56,,,
bc54b38b8a3450a4-sheet2-R57,2026-03-12,busan-nam,교통관리과,우정사업본부,,2830,bc54b38b8a3450a4bb883a540806f3f023df82bcc0f1007e6cc129f10cd72bc6,sheet2:R57,,,
bc54b38b8a3450a4-sheet2-R58,2026-03-13,busan-nam,교통관리과,우정사업본부,,430,bc54b38b8a3450a4bb883a540806f3f023df82bcc0f1007e6cc129f10cd72bc6,sheet2:R58,,,
bc54b38b8a3450a4-sheet2-R59,2026-03-13,busan-nam,교통관리과,우정사업본부,,91200,bc54b38b8a3450a4bb883a540806f3f023df82bcc0f1007e6cc129f10cd72bc6,sheet2:R59,,,
bc54b38b8a3450a4-sheet2-R60,2026-03-13,busan-nam,교통관리과,우정사업본부,,2830,bc54b38b8a3450a4bb883a540806f3f023df82bcc0f1007e6cc129f10cd72bc6,sheet2:R60,,,
bc54b38b8a3450a4-sheet2-R61,2026-03-13,busan-nam,교통관리과,우정사업본부,,3520,bc54b38b8a3450a4bb883a540806f3f023df82bcc0f1007e6cc129f10cd72bc6,sheet2:R61,,,
bc54b38b8a3450a4-sheet2-R62,2026-03-13,busan-nam,교통관리과,우정사업본부,,4840,bc54b38b8a3450a4bb883a540806f3f023df82bcc0f1007e6cc129f10cd72bc6,sheet2:R62,,,
bc54b38b8a3450a4-sheet2-R63,2026-03-13,busan-nam,교통관리과,우정사업본부,,5620850,bc54b38b8a3450a4bb883a540806f3f023df82bcc0f1007e6cc129f10cd72bc6,sheet2:R63,,,
bc54b38b8a3450a4-sheet2-R64,2026-03-13,busan-nam,교통관리과,우정사업본부,,3659600,bc54b38b8a3450a4bb883a540806f3f023df82bcc0f1007e6cc129f10cd72bc6,sheet2:R64,,,
bc54b38b8a3450a4-sheet2-R65,2026-03-16,busan-nam,교통관리과,우정사업본부,,3600,bc54b38b8a3450a4bb883a540806f3f023df82bcc0f1007e6cc129f10cd72bc6,sheet2:R65,,,
bc54b38b8a3450a4-sheet2-R66,2026-03-16,busan-nam,교통관리과,우정사업본부,,73600,bc54b38b8a3450a4bb883a540806f3f023df82bcc0f1007e6cc129f10cd72bc6,sheet2:R66,,,
bc54b38b8a3450a4-sheet2-R67,2026-03-17,busan-nam,교통관리과,우정사업본부,,230490,bc54b38b8a3450a4bb883a540806f3f023df82bcc0f1007e6cc129f10cd72bc6,sheet2:R67,,,
bc54b38b8a3450a4-sheet2-R68,2026-03-17,busan-nam,교통관리과,우정사업본부,,2830,bc54b38b8a3450a4bb883a540806f3f023df82bcc0f1007e6cc129f10cd72bc6,sheet2:R68,,,
bc54b38b8a3450a4-sheet2-R69,2026-03-17,busan-nam,교통관리과,우정사업본부,,338400,bc54b38b8a3450a4bb883a540806f3f023df82bcc0f1007e6cc129f10cd72bc6,sheet2:R69,,,
bc54b38b8a3450a4-sheet2-R70,2026-03-17,busan-nam,교통관리과,우정사업본부,,421200,bc54b38b8a3450a4bb883a540806f3f023df82bcc0f1007e6cc129f10cd72bc6,sheet2:R70,,,
bc54b38b8a3450a4-sheet2-R71,2026-03-17,busan-nam,교통관리과,우정사업본부,,326530,bc54b38b8a3450a4bb883a540806f3f023df82bcc0f1007e6cc129f10cd72bc6,sheet2:R71,,,
bc54b38b8a3450a4-sheet2-R72,2026-03-17,busan-nam,교통관리과,우정사업본부,,1720,bc54b38b8a3450a4bb883a540806f3f023df82bcc0f1007e6cc129f10cd72bc6,sheet2:R72,,,
bc54b38b8a3450a4-sheet2-R73,2026-03-17,busan-nam,교통관리과,우정사업본부,,14150,bc54b38b8a3450a4bb883a540806f3f023df82bcc0f1007e6cc129f10cd72bc6,sheet2:R73,,,
bc54b38b8a3450a4-sheet2-R74,2026-03-17,busan-nam,교통관리과,우정사업본부,,14150,bc54b38b8a3450a4bb883a540806f3f023df82bcc0f1007e6cc129f10cd72bc6,sheet2:R74,,,
bc54b38b8a3450a4-sheet2-R75,2026-03-17,busan-nam,교통관리과,우정사업본부,,430,bc54b38b8a3450a4bb883a540806f3f023df82bcc0f1007e6cc129f10cd72bc6,sheet2:R75,,,
bc54b38b8a3450a4-sheet2-R76,2026-03-17,busan-nam,교통관리과,우정사업본부,,430,bc54b38b8a3450a4bb883a540806f3f023df82bcc0f1007e6cc129f10cd72bc6,sheet2:R76,,,
bc54b38b8a3450a4-sheet2-R77,2026-03-17,busan-nam,교통관리과,우정사업본부,,40800,bc54b38b8a3450a4bb883a540806f3f023df82bcc0f1007e6cc129f10cd72bc6,sheet2:R77,,,
bc54b38b8a3450a4-sheet2-R78,2026-03-17,busan-nam,교통관리과,우정사업본부,,29600,bc54b38b8a3450a4bb883a540806f3f023df82bcc0f1007e6cc129f10cd72bc6,sheet2:R78,,,
bc54b38b8a3450a4-sheet2-R79,2026-03-17,busan-nam,교통관리과,우정사업본부,,79600,bc54b38b8a3450a4bb883a540806f3f023df82bcc0f1007e6cc129f10cd72bc6,sheet2:R79,,,
bc54b38b8a3450a4-sheet2-R80,2026-03-17,busan-nam,교통관리과,우정사업본부,,57200,bc54b38b8a3450a4bb883a540806f3f023df82bcc0f1007e6cc129f10cd72bc6,sheet2:R80,,,
bc54b38b8a3450a4-sheet2-R81,2026-03-17,busan-nam,교통관리과,우정사업본부,,26400,bc54b38b8a3450a4bb883a540806f3f023df82bcc0f1007e6cc129f10cd72bc6,sheet2:R81,,,
bc54b38b8a3450a4-sheet2-R82,2026-03-17,busan-nam,교통관리과,우정사업본부,,11320,bc54b38b8a3450a4bb883a540806f3f023df82bcc0f1007e6cc129f10cd72bc6,sheet2:R82,,,
bc54b38b8a3450a4-sheet2-R83,2026-03-17,busan-nam,교통관리과,우정사업본부,,22640,bc54b38b8a3450a4bb883a540806f3f023df82bcc0f1007e6cc129f10cd72bc6,sheet2:R83,,,
bc54b38b8a3450a4-sheet2-R84,2026-03-17,busan-nam,교통관리과,우정사업본부,,2850,bc54b38b8a3450a4bb883a540806f3f023df82bcc0f1007e6cc129f10cd72bc6,sheet2:R84,,,
bc54b38b8a3450a4-sheet2-R85,2026-03-18,busan-nam,교통관리과,우정사업본부,,119250,bc54b38b8a3450a4bb883a540806f3f023df82bcc0f1007e6cc129f10cd72bc6,sheet2:R85,,,
bc54b38b8a3450a4-sheet2-R86,2026-03-18,busan-nam,교통관리과,우정사업본부,,2830,bc54b38b8a3450a4bb883a540806f3f023df82bcc0f1007e6cc129f10cd72bc6,sheet2:R86,,,
bc54b38b8a3450a4-sheet2-R87,2026-03-18,busan-nam,교통관리과,우정사업본부,,1290,bc54b38b8a3450a4bb883a540806f3f023df82bcc0f1007e6cc129f10cd72bc6,sheet2:R87,,,
bc54b38b8a3450a4-sheet2-R88,2026-03-18,busan-nam,교통관리과,우정사업본부,,94400,bc54b38b8a3450a4bb883a540806f3f023df82bcc0f1007e6cc129f10cd72bc6,sheet2:R88,,,
bc54b38b8a3450a4-sheet2-R89,2026-03-19,busan-nam,교통관리과,우정사업본부,,14150,bc54b38b8a3450a4bb883a540806f3f023df82bcc0f1007e6cc129f10cd72bc6,sheet2:R89,,,
bc54b38b8a3450a4-sheet2-R90,2026-03-19,busan-nam,교통관리과,우정사업본부,,430,bc54b38b8a3450a4bb883a540806f3f023df82bcc0f1007e6cc129f10cd72bc6,sheet2:R90,,,
bc54b38b8a3450a4-sheet2-R91,2026-03-19,busan-nam,교통관리과,우정사업본부,,2150,bc54b38b8a3450a4bb883a540806f3f023df82bcc0f1007e6cc129f10cd72bc6,sheet2:R91,,,
bc54b38b8a3450a4-sheet2-R92,2026-03-19,busan-nam,교통관리과,우정사업본부,,76800,bc54b38b8a3450a4bb883a540806f3f023df82bcc0f1007e6cc129f10cd72bc6,sheet2:R92,,,
bc54b38b8a3450a4-sheet2-R93,2026-03-19,busan-nam,교통관리과,우정사업본부,,3440,bc54b38b8a3450a4bb883a540806f3f023df82bcc0f1007e6cc129f10cd72bc6,sheet2:R93,,,
bc54b38b8a3450a4-sheet2-R94,2026-03-19,busan-nam,교통관리과,우정사업본부,,2920,bc54b38b8a3450a4bb883a540806f3f023df82bcc0f1007e6cc129f10cd72bc6,sheet2:R94,,,
bc54b38b8a3450a4-sheet2-R95,2026-03-19,busan-nam,교통관리과,우정사업본부,,2830,bc54b38b8a3450a4bb883a540806f3f023df82bcc0f1007e6cc129f10cd72bc6,sheet2:R95,,,
bc54b38b8a3450a4-sheet2-R96,2026-03-19,busan-nam,교통관리과,우정사업본부,,19810,bc54b38b8a3450a4bb883a540806f3f023df82bcc0f1007e6cc129f10cd72bc6,sheet2:R96,,,
bc54b38b8a3450a4-sheet2-R97,2026-03-20,busan-nam,교통관리과,우정사업본부,,1800,bc54b38b8a3450a4bb883a540806f3f023df82bcc0f1007e6cc129f10cd72bc6,sheet2:R97,,,
bc54b38b8a3450a4-sheet2-R98,2026-03-20,busan-nam,교통관리과,우정사업본부,,860,bc54b38b8a3450a4bb883a540806f3f023df82bcc0f1007e6cc129f10cd72bc6,sheet2:R98,,,
bc54b38b8a3450a4-sheet2-R99,2026-03-20,busan-nam,교통관리과,우정사업본부,,2830,bc54b38b8a3450a4bb883a540806f3f023df82bcc0f1007e6cc129f10cd72bc6,sheet2:R99,,,
bc54b38b8a3450a4-sheet2-R100,2026-03-20,busan-nam,교통관리과,우정사업본부,,82000,bc54b38b8a3450a4bb883a540806f3f023df82bcc0f1007e6cc129f10cd72bc6,sheet2:R100,,,
bc54b38b8a3450a4-sheet2-R101,2026-03-20,busan-nam,교통관리과,우정사업본부,,18060,bc54b38b8a3450a4bb883a540806f3f023df82bcc0f1007e6cc129f10cd72bc6,sheet2:R101,,,
bc54b38b8a3450a4-sheet2-R102,2026-03-23,busan-nam,교통관리과,우정사업본부,,860,bc54b38b8a3450a4bb883a540806f3f023df82bcc0f1007e6cc129f10cd72bc6,sheet2:R102,,,
bc54b38b8a3450a4-sheet2-R103,2026-03-23,busan-nam,교통관리과,우정사업본부,,1290,bc54b38b8a3450a4bb883a540806f3f023df82bcc0f1007e6cc129f10cd72bc6,sheet2:R103,,,
bc54b38b8a3450a4-sheet2-R104,2026-03-23,busan-nam,교통관리과,우정사업본부,,860,bc54b38b8a3450a4bb883a540806f3f023df82bcc0f1007e6cc129f10cd72bc6,sheet2:R104,,,
bc54b38b8a3450a4-sheet2-R105,2026-03-23,busan-nam,교통관리과,우정사업본부,,76000,bc54b38b8a3450a4bb883a540806f3f023df82bcc0f1007e6cc129f10cd72bc6,sheet2:R105,,,
bc54b38b8a3450a4-sheet2-R106,2026-03-23,busan-nam,교통관리과,우정사업본부,,58240,bc54b38b8a3450a4bb883a540806f3f023df82bcc0f1007e6cc129f10cd72bc6,sheet2:R106,,,
bc54b38b8a3450a4-sheet2-R107,2026-03-23,busan-nam,교통관리과,우정사업본부,,68400,bc54b38b8a3450a4bb883a540806f3f023df82bcc0f1007e6cc129f10cd72bc6,sheet2:R107,,,
bc54b38b8a3450a4-sheet2-R108,2026-03-23,busan-nam,교통관리과,우정사업본부,,8490,bc54b38b8a3450a4bb883a540806f3f023df82bcc0f1007e6cc129f10cd72bc6,sheet2:R108,,,
bc54b38b8a3450a4-sheet2-R109,2026-03-23,busan-nam,교통관리과,우정사업본부,,5660,bc54b38b8a3450a4bb883a540806f3f023df82bcc0f1007e6cc129f10cd72bc6,sheet2:R109,,,
bc54b38b8a3450a4-sheet2-R110,2026-03-24,busan-nam,교통관리과,우정사업본부,,1720,bc54b38b8a3450a4bb883a540806f3f023df82bcc0f1007e6cc129f10cd72bc6,sheet2:R110,,,
bc54b38b8a3450a4-sheet2-R111,2026-03-24,busan-nam,교통관리과,우정사업본부,,50800,bc54b38b8a3450a4bb883a540806f3f023df82bcc0f1007e6cc129f10cd72bc6,sheet2:R111,,,
bc54b38b8a3450a4-sheet2-R112,2026-03-24,busan-nam,교통관리과,우정사업본부,,37200,bc54b38b8a3450a4bb883a540806f3f023df82bcc0f1007e6cc129f10cd72bc6,sheet2:R112,,,
bc54b38b8a3450a4-sheet2-R113,2026-03-24,busan-nam,교통관리과,우정사업본부,,87600,bc54b38b8a3450a4bb883a540806f3f023df82bcc0f1007e6cc129f10cd72bc6,sheet2:R113,,,
bc54b38b8a3450a4-sheet2-R114,2026-03-24,busan-nam,교통관리과,우정사업본부,,11320,bc54b38b8a3450a4bb883a540806f3f023df82bcc0f1007e6cc129f10cd72bc6,sheet2:R114,,,
bc54b38b8a3450a4-sheet2-R115,2026-03-24,busan-nam,교통관리과,우정사업본부,,42120,bc54b38b8a3450a4bb883a540806f3f023df82bcc0f1007e6cc129f10cd72bc6,sheet2:R115,,,
bc54b38b8a3450a4-sheet2-R116,2026-03-25,busan-nam,교통관리과,우정사업본부,,252000,bc54b38b8a3450a4bb883a540806f3f023df82bcc0f1007e6cc129f10cd72bc6,sheet2:R116,,,
bc54b38b8a3450a4-sheet2-R117,2026-03-25,busan-nam,교통관리과,우정사업본부,,47200,bc54b38b8a3450a4bb883a540806f3f023df82bcc0f1007e6cc129f10cd72bc6,sheet2:R117,,,
bc54b38b8a3450a4-sheet2-R118,2026-03-25,busan-nam,교통관리과,우정사업본부,,430,bc54b38b8a3450a4bb883a540806f3f023df82bcc0f1007e6cc129f10cd72bc6,sheet2:R118,,,
bc54b38b8a3450a4-sheet2-R119,2026-03-25,busan-nam,교통관리과,우정사업본부,,5400,bc54b38b8a3450a4bb883a540806f3f023df82bcc0f1007e6cc129f10cd72bc6,sheet2:R119,,,
bc54b38b8a3450a4-sheet2-R120,2026-03-26,busan-nam,교통관리과,우정사업본부,,145600,bc54b38b8a3450a4bb883a540806f3f023df82bcc0f1007e6cc129f10cd72bc6,sheet2:R120,,,
bc54b38b8a3450a4-sheet2-R121,2026-03-26,busan-nam,교통관리과,우정사업본부,,2830,bc54b38b8a3450a4bb883a540806f3f023df82bcc0f1007e6cc129f10cd72bc6,sheet2:R121,,,
bc54b38b8a3450a4-sheet2-R122,2026-03-27,busan-nam,교통관리과,우정사업본부,,56000,bc54b38b8a3450a4bb883a540806f3f023df82bcc0f1007e6cc129f10cd72bc6,sheet2:R122,,,
bc54b38b8a3450a4-sheet2-R123,2026-03-27,busan-nam,교통관리과,우정사업본부,,430,bc54b38b8a3450a4bb883a540806f3f023df82bcc0f1007e6cc129f10cd72bc6,sheet2:R123,,,
bc54b38b8a3450a4-sheet2-R124,2026-03-27,busan-nam,교통관리과,우정사업본부,,430,bc54b38b8a3450a4bb883a540806f3f023df82bcc0f1007e6cc129f10cd72bc6,sheet2:R124,,,
bc54b38b8a3450a4-sheet2-R125,2026-03-27,busan-nam,교통관리과,우정사업본부,,11320,bc54b38b8a3450a4bb883a540806f3f023df82bcc0f1007e6cc129f10cd72bc6,sheet2:R125,,,
bc54b38b8a3450a4-sheet2-R126,2026-03-30,busan-nam,교통관리과,우정사업본부,,100000,bc54b38b8a3450a4bb883a540806f3f023df82bcc0f1007e6cc129f10cd72bc6,sheet2:R126,,,
bc54b38b8a3450a4-sheet2-R127,2026-03-30,busan-nam,교통관리과,우정사업본부,,430,bc54b38b8a3450a4bb883a540806f3f023df82bcc0f1007e6cc129f10cd72bc6,sheet2:R127,,,
bc54b38b8a3450a4-sheet2-R128,2026-03-30,busan-nam,교통관리과,우정사업본부,,64800,bc54b38b8a3450a4bb883a540806f3f023df82bcc0f1007e6cc129f10cd72bc6,sheet2:R128,,,
bc54b38b8a3450a4-sheet2-R129,2026-03-30,busan-nam,교통관리과,우정사업본부,,2830,bc54b38b8a3450a4bb883a540806f3f023df82bcc0f1007e6cc129f10cd72bc6,sheet2:R129,,,
bc54b38b8a3450a4-sheet2-R130,2026-03-30,busan-nam,교통관리과,우정사업본부,,3600,bc54b38b8a3450a4bb883a540806f3f023df82bcc0f1007e6cc129f10cd72bc6,sheet2:R130,,,
bc54b38b8a3450a4-sheet2-R131,2026-03-31,busan-nam,교통관리과,우정사업본부,,3280,bc54b38b8a3450a4bb883a540806f3f023df82bcc0f1007e6cc129f10cd72bc6,sheet2:R131,,,
bc54b38b8a3450a4-sheet2-R132,2026-03-31,busan-nam,교통관리과,우정사업본부,,430,bc54b38b8a3450a4bb883a540806f3f023df82bcc0f1007e6cc129f10cd72bc6,sheet2:R132,,,
bc54b38b8a3450a4-sheet2-R133,2026-03-31,busan-nam,교통관리과,우정사업본부,,41600,bc54b38b8a3450a4bb883a540806f3f023df82bcc0f1007e6cc129f10cd72bc6,sheet2:R133,,,
bc54b38b8a3450a4-sheet2-R134,2026-03-31,busan-nam,교통관리과,우정사업본부,,1290,bc54b38b8a3450a4bb883a540806f3f023df82bcc0f1007e6cc129f10cd72bc6,sheet2:R134,,,
bc54b38b8a3450a4-sheet2-R135,2026-03-31,busan-nam,교통관리과,우정사업본부,,65200,bc54b38b8a3450a4bb883a540806f3f023df82bcc0f1007e6cc129f10cd72bc6,sheet2:R135,,,
bc54b38b8a3450a4-sheet2-R136,2026-03-31,busan-nam,교통관리과,우정사업본부,,84800,bc54b38b8a3450a4bb883a540806f3f023df82bcc0f1007e6cc129f10cd72bc6,sheet2:R136,,,
bc54b38b8a3450a4-sheet2-R137,2026-03-31,busan-nam,교통관리과,우정사업본부,,33600,bc54b38b8a3450a4bb883a540806f3f023df82bcc0f1007e6cc129f10cd72bc6,sheet2:R137,,,
bc54b38b8a3450a4-sheet2-R138,2026-03-31,busan-nam,교통관리과,우정사업본부,,8490,bc54b38b8a3450a4bb883a540806f3f023df82bcc0f1007e6cc129f10cd72bc6,sheet2:R138,,,
bc54b38b8a3450a4-sheet2-R139,2026-03-31,busan-nam,교통관리과,우정사업본부,,5660,bc54b38b8a3450a4bb883a540806f3f023df82bcc0f1007e6cc129f10cd72bc6,sheet2:R139,,,
98fb22faec8b705e-sheet1-R4,2026-03-04,busan-nam,,금문초밥,명예감사관과의 오찬 간담회(용호1동),300000,98fb22faec8b705e2208a6f5f18a19c1ee224d08c2834cff512536284d65e002,sheet1:R4,,,
98fb22faec8b705e-sheet1-R5,2026-03-06,busan-nam,,골목집,명예감사관과의 오찬 간담회(용호2동),130000,98fb22faec8b705e2208a6f5f18a19c1ee224d08c2834cff512536284d65e002,sheet1:R5,,,
98fb22faec8b705e-sheet1-R6,2026-03-11,busan-nam,,호포갈비,명예감사관과의 오찬 간담회(우암동),147000,98fb22faec8b705e2208a6f5f18a19c1ee224d08c2834cff512536284d65e002,sheet1:R6,,,
98fb22faec8b705e-sheet1-R7,2026-03-16,busan-nam,,정애연의 착한갈비,명예감사관과의 오찬 간담회(문현1동),130000,98fb22faec8b705e2208a6f5f18a19c1ee224d08c2834cff512536284d65e002,sheet1:R7,,,
98fb22faec8b705e-sheet1-R8,2026-03-20,busan-nam,,천운숯불갈비,명예감사관과의 오찬 간담회(문현3동),120000,98fb22faec8b705e2208a6f5f18a19c1ee224d08c2834cff512536284d65e002,sheet1:R8,,,
264a6b29411c8511-sheet1-R4,2026-03-17,busan-nam,,합천국밥집,이기대 공원 수선화 개화시기 근무자 격려 간담회 개최,156000,264a6b29411c8511aa52c7d368c5c2ce30f0f1548e6a7a901e03b3edd5df27c0,sheet1:R4,,,
f6eb6a070ce65013-sheet1-R4,2026-03-25,busan-nam,,메츠과자점,지역자율방재단 등 활동 격려 음료 구입,200000,f6eb6a070ce650135c9b78d8786e8e8141522cf66f424049db4cc435570abd51,sheet1:R4,,,
be3e926455b8c2c2-sheet1-R5,2026-03-20,busan-nam,,와플대학 부산용호캠퍼스,직원격려 간식제공,63700,be3e926455b8c2c205c828bf9b810dc94fc4e9423115b5dc9f6084ecd52ea00e,sheet1:R5,,,
be3e926455b8c2c2-sheet1-R6,2026-03-20,busan-nam,,쿠팡,부서운영물품(다과류) 구입,272500,be3e926455b8c2c205c828bf9b810dc94fc4e9423115b5dc9f6084ecd52ea00e,sheet1:R6,,,
be3e926455b8c2c2-sheet1-R7,2026-03-24,busan-nam,,담가화로구이 용호점,직원격려 간담회 개최,420000,be3e926455b8c2c205c828bf9b810dc94fc4e9423115b5dc9f6084ecd52ea00e,sheet1:R7,,,
be3e926455b8c2c2-sheet1-R8,2026-03-24,busan-nam,,부산은행 이기대영업소점,"2026년 1,2분기 생일직원 격려품(상품권) 구입",320000,be3e926455b8c2c205c828bf9b810dc94fc4e9423115b5dc9f6084ecd52ea00e,sheet1:R8,,,
a504be5c3ddf09c1-sheet1-R3,2026-03-19,busan-nam,,산청한방오리불고기,통합돌봄사업 시행에 따른 지역사회보장협의체 임원진과의 간담회,228100,a504be5c3ddf09c164234ed1d5bb8340e1e3a3bf0cff2b34d689d7e86fa1baf0,sheet1:R3,,,
28df0516d2dde99d-sheet1-R4,2026-03-24,busan-nam,,더마트,2026년 제5회 건축위원회 다과 구입,30400,28df0516d2dde99d288a6157feff1cb8b7c8944cae55f41210629dbafa335bda,sheet1:R4,,,
42ff6ad2a8f8cfeb-sheet1-R4,2026-03-05,busan-nam,,명품한식포차,현안업무 추진 직원 격려 간담회 개최,165000,42ff6ad2a8f8cfeb310a9bdba0b23b9321941d09afa99c2754074490c422e9fc,sheet1:R4,,,
42ff6ad2a8f8cfeb-sheet1-R5,2026-03-05,busan-nam,,커피로만,현안업무 추진 직원 격려 간담회 개최,51600,42ff6ad2a8f8cfeb310a9bdba0b23b9321941d09afa99c2754074490c422e9fc,sheet1:R5,,,
42ff6ad2a8f8cfeb-sheet1-R6,2026-03-16,busan-nam,,명품한식포차,현안업무 추진 직원 격려 간담회 개최,80000,42ff6ad2a8f8cfeb310a9bdba0b23b9321941d09afa99c2754074490c422e9fc,sheet1:R6,,,
42ff6ad2a8f8cfeb-sheet1-R7,2026-03-16,busan-nam,,커피로만,현안업무 추진 직원 격려 간담회 개최,25500,42ff6ad2a8f8cfeb310a9bdba0b23b9321941d09afa99c2754074490c422e9fc,sheet1:R7,,,
42ff6ad2a8f8cfeb-sheet1-R8,2026-03-24,busan-nam,,고등어연구소,현장민원실 근무 직원 격려 간담회 개최,89700,42ff6ad2a8f8cfeb310a9bdba0b23b9321941d09afa99c2754074490c422e9fc,sheet1:R8,,,
42ff6ad2a8f8cfeb-sheet1-R9,2026-03-24,busan-nam,,커피볶는시골커피 용호자이점,현장민원실 근무 직원 격려 간담회 개최,13800,42ff6ad2a8f8cfeb310a9bdba0b23b9321941d09afa99c2754074490c422e9fc,sheet1:R9,,,
42ff6ad2a8f8cfeb-sheet1-R10,2026-03-27,busan-nam,,오륙도 가마솥밥,제41통장 공개모집 면점심사 심사위원들과의 간담회 개최,77000,42ff6ad2a8f8cfeb310a9bdba0b23b9321941d09afa99c2754074490c422e9fc,sheet1:R10,,,
42ff6ad2a8f8cfeb-sheet1-R11,2026-03-27,busan-nam,,커피로만,제41통장 공개모집 면점심사 심사위원들과의 간담회 개최,17300,42ff6ad2a8f8cfeb310a9bdba0b23b9321941d09afa99c2754074490c422e9fc,sheet1:R11,,,
42ff6ad2a8f8cfeb-sheet1-R13,2026-03-26,busan-nam,,그린코아,부서운영물품(복사용지) 구입,1000000,42ff6ad2a8f8cfeb310a9bdba0b23b9321941d09afa99c2754074490c422e9fc,sheet1:R13,,,
535d578f0634b725-sheet1-R3,2026-02-10,busan-nam,,찰진솥밥 계절밥상 데이투나잇 대낮,한국자유총연맹 남구지회 2026년도 사업 논의관련 간담회 개최,82000,535d578f0634b72529f424a5453c62dc411516fa7e00d70f3b692353f19172b9,sheet1:R3,,,
535d578f0634b725-sheet1-R4,2026-02-23,busan-nam,,정가네추어탕 데이투나잇 대낮,2025 공무직 단체협약 관련 간담회 개최,81500,535d578f0634b72529f424a5453c62dc411516fa7e00d70f3b692353f19172b9,sheet1:R4,,,
535d578f0634b725-sheet1-R5,2026-02-24,busan-nam,,오륙도휴카페 남구청점,산업안전보건위원회 위원과의 현안 논의를 위한 간담회 개최,39000,535d578f0634b72529f424a5453c62dc411516fa7e00d70f3b692353f19172b9,sheet1:R5,,,
a04dddf9129edbfa-sheet1-R4,2026-02-04,busan-nam,,홍익갤러리(향인정 해성어부촌),공공디자인 업무추진 관련 간담회 개최,69000,a04dddf9129edbfac0087eaf33e09ea8a31a4c7c8e97096cb638f6c5b3824b04,sheet1:R4,,,
a04dddf9129edbfa-sheet1-R5,2026-02-05,busan-nam,,정담,남구문화원 사업추진을 위한 관계자 간담회 개최,135000,a04dddf9129edbfac0087eaf33e09ea8a31a4c7c8e97096cb638f6c5b3824b04,sheet1:R5,,,
a04dddf9129edbfa-sheet1-R6,2026-02-12,busan-nam,,혜원기프트,부서 차음료 구입,105000,a04dddf9129edbfac0087eaf33e09ea8a31a4c7c8e97096cb638f6c5b3824b04,sheet1:R6,,,
a04dddf9129edbfa-sheet1-R7,2026-02-25,busan-nam,,신신,인사발령 관련 간담회 개최 및 선결제,637500,a04dddf9129edbfac0087eaf33e09ea8a31a4c7c8e97096cb638f6c5b3824b04,sheet1:R7,,,
6071480478724bbd-sheet1-R4,2026-02-11,busan-nam,,주식회사 양산박,인사이동에 따른 직원 간담회,1000000,6071480478724bbd5f46e4e0f9ae63602f5569925f4ac45598c412d00232714c,sheet1:R4,,,
6b48a06a97a2bb7f-sheet1-R3,2026-02-26,busan-nam,,와사비 문현점,인사발령에 따른 직원 격려 간담회,345000,6b48a06a97a2bb7fb5d04a8f5d9d163960c9f1df90edcbf4b497a8382b698b52,sheet1:R3,,,
6b48a06a97a2bb7f-sheet1-R4,2026-02-12,busan-nam,,부산은행 남구청점,설 명절맞이 직원 격려품 구입,390000,6b48a06a97a2bb7fb5d04a8f5d9d163960c9f1df90edcbf4b497a8382b698b52,sheet1:R4,,,
6b48a06a97a2bb7f-sheet1-R5,2026-02-27,busan-nam,,와우 중식당,부산형 선결제(착한결제) 참여,390000,6b48a06a97a2bb7fb5d04a8f5d9d163960c9f1df90edcbf4b497a8382b698b52,sheet1:R5,,,
6b48a06a97a2bb7f-sheet1-R6,2026-02-27,busan-nam,,아주문구,2026년 직원 생일자 상품권 구입,240000,6b48a06a97a2bb7fb5d04a8f5d9d163960c9f1df90edcbf4b497a8382b698b52,sheet1:R6,,,
4e7266dd1ece5e8c-sheet1-R4,2026-02-05,busan-nam,,더마트,부서운영 차류 구입,348100,4e7266dd1ece5e8c8a82d17b831e690e5174a53f3ea13ab0c981d8f95a76a20f,sheet1:R4,,,
4e7266dd1ece5e8c-sheet1-R5,2026-02-13,busan-nam,,대판복국,부서 직원 오찬 간담회 개최,105000,4e7266dd1ece5e8c8a82d17b831e690e5174a53f3ea13ab0c981d8f95a76a20f,sheet1:R5,,,
4e7266dd1ece5e8c-sheet1-R6,2026-02-06,busan-nam,,동보현,2026년 지적재조사사업 업무협의 간담회 개최,250000,4e7266dd1ece5e8c8a82d17b831e690e5174a53f3ea13ab0c981d8f95a76a20f,sheet1:R6,,,
4e7266dd1ece5e8c-sheet1-R7,2026-02-09,busan-nam,,우야돈,주소정보시설 일제조사 업무협의 간담회 개최,250000,4e7266dd1ece5e8c8a82d17b831e690e5174a53f3ea13ab0c981d8f95a76a20f,sheet1:R7,,,
4e7266dd1ece5e8c-sheet1-R8,2026-02-25,busan-nam,,금곡횟집,개별공시지가 업무협의 간담회 개최,450000,4e7266dd1ece5e8c8a82d17b831e690e5174a53f3ea13ab0c981d8f95a76a20f,sheet1:R8,,,
4e7266dd1ece5e8c-sheet1-R10,2026-02-03,busan-nam,,주식회사아주문구,사무용품 구입,1000000,4e7266dd1ece5e8c8a82d17b831e690e5174a53f3ea13ab0c981d8f95a76a20f,sheet1:R10,,,
4e7266dd1ece5e8c-sheet1-R11,2026-02-13,busan-nam,,(주)한컴테크,플로터 잉크 및 소모품 구입,2805000,4e7266dd1ece5e8c8a82d17b831e690e5174a53f3ea13ab0c981d8f95a76a20f,sheet1:R11,,,
d53ba49137b9b574-sheet1-R4,2026-02-10,busan-nam,,이조갈비,문현동 도시재생현장지원센터 소소마실 문현 운영계획 수립을 위한 간담회 개최,131000,d53ba49137b9b574a80faba53a771a1ae0a82ddacbe42f56881d3ecb01676db7,sheet1:R4,,,
d53ba49137b9b574-sheet1-R5,2026-02-19,busan-nam,,김정옥엄나무삼계탕,설 명절 관련 현수막 일제정비 추진 관계자 격려 간담회 개최 건의,342000,d53ba49137b9b574a80faba53a771a1ae0a82ddacbe42f56881d3ecb01676db7,sheet1:R5,,,
d53ba49137b9b574-sheet1-R7,2026-02-09,busan-nam,,자갈치싱싱횟집,인사이동 관련 직원 간담회 개최,652000,d53ba49137b9b574a80faba53a771a1ae0a82ddacbe42f56881d3ecb01676db7,sheet1:R7,,,
c40aa6aee1438fd6-sheet1-R4,2026-02-12,busan-nam,,김정옥엄나무삼계탕,2026년 보훈유공자 표창 수여식 간담회비 선결제,460000,c40aa6aee1438fd60514bcb397a71d87ee2246640d57bd5c51ef71b6479482a6,sheet1:R4,,,
667c903f9a4476d8-sheet1-R4,2026-02-12,busan-nam,,구구숯불갈비,지역사회 경제활력 제고를 위한 선결제,300000,667c903f9a4476d80908bfce550786ea18bb3483b27746d0df98f6fd6e86e625,sheet1:R4,,,
667c903f9a4476d8-sheet1-R5,2026-02-12,busan-nam,,더마트,부서 내방객 다과 구입,199700,667c903f9a4476d80908bfce550786ea18bb3483b27746d0df98f6fd6e86e625,sheet1:R5,,,
667c903f9a4476d8-sheet1-R6,2026-02-09,busan-nam,,카페 모우,반려동물 놀이터 동숲 운영 관련 간담회 개최,60000,667c903f9a4476d80908bfce550786ea18bb3483b27746d0df98f6fd6e86e625,sheet1:R6,,,
667c903f9a4476d8-sheet1-R7,2026-02-09,busan-nam,,동산횟집,어선사고 대응 및 종자방류 사업 추진 관련 간담회 개최,150000,667c903f9a4476d80908bfce550786ea18bb3483b27746d0df98f6fd6e86e625,sheet1:R7,,,
667c903f9a4476d8-sheet1-R8,2026-02-11,busan-nam,,대연숯불,유엔남구대학로자율상권 활성화를 위한 관계자 간담회 개최 건의,227000,667c903f9a4476d80908bfce550786ea18bb3483b27746d0df98f6fd6e86e625,sheet1:R8,,,
667c903f9a4476d8-sheet1-R9,2026-02-12,busan-nam,,"찰진솥밥 계절밥상, 우야돈",지역사회 경제활력 제고를 위한 선결제 건의(시책추진),940000,667c903f9a4476d80908bfce550786ea18bb3483b27746d0df98f6fd6e86e625,sheet1:R9,,,
9adc0837139b97cd-sheet1-R4,2026-02-20,busan-nam,,더마트,부서운영 및 민원 접대용 차 재료 구입,398000,9adc0837139b97cda15fdb826bcaeef647569a79825549f548f1d2cff7ff5c53,sheet1:R4,,,
9adc0837139b97cd-sheet1-R5,2026-02-10,busan-nam,,이가네명인갈비살 부산대연점,등록면허세(면허분) 관련 현안 협의를 위한 간담회 개최,120000,9adc0837139b97cda15fdb826bcaeef647569a79825549f548f1d2cff7ff5c53,sheet1:R5,,,
9adc0837139b97cd-sheet1-R6,2026-02-11,busan-nam,,담가화로구이 대연점,지방소득세 업무 연찬을 위한 간담회 개최,196500,9adc0837139b97cda15fdb826bcaeef647569a79825549f548f1d2cff7ff5c53,sheet1:R6,,,
9adc0837139b97cd-sheet1-R7,2026-02-25,busan-nam,,신신,세외수입 이월체납액 최소화를 위한 간담회 개최,140000,9adc0837139b97cda15fdb826bcaeef647569a79825549f548f1d2cff7ff5c53,sheet1:R7,,,
9adc0837139b97cd-sheet1-R8,2026-02-26,busan-nam,,구이원,원활한 구 금고 관리를 위한 간담회 개최,193000,9adc0837139b97cda15fdb826bcaeef647569a79825549f548f1d2cff7ff5c53,sheet1:R8,,,
801ee1fb7c8bd709-sheet1-R4,2026-02-23,busan-nam,,명품한식포차,새마을부녀회 격려 간담회 개최,110000,801ee1fb7c8bd709cfedef6db6311184079c25960c7960de72192091ac1011f9,sheet1:R4,,,
801ee1fb7c8bd709-sheet1-R5,2026-02-23,busan-nam,,메가엠지씨커피용호점,새마을부녀회 격려 간담회 개최,16100,801ee1fb7c8bd709cfedef6db6311184079c25960c7960de72192091ac1011f9,sheet1:R5,,,
801ee1fb7c8bd709-sheet1-R6,2026-02-13,busan-nam,,(주)부산은행(온누리상품권),2026년 상반기 직원 생일 축하기념품(온누리상품권) 구입,360000,801ee1fb7c8bd709cfedef6db6311184079c25960c7960de72192091ac1011f9,sheet1:R6,,,
801ee1fb7c8bd709-sheet1-R8,2026-02-11,busan-nam,,중앙오에이시스템,주민등록 주변기기(서명기패드) 구입,2772000,801ee1fb7c8bd709cfedef6db6311184079c25960c7960de72192091ac1011f9,sheet1:R8,,,
67c5109dc7152b9a-sheet1-R5,2026-02-04,busan-nam,,푸주인 대연역점,"2026년 1, 2월 인사발령에 따른 간담회 개최",196000,67c5109dc7152b9afe5cc91534992278843db2b6ac6f9c136cfdb7bf5f178258,sheet1:R5,,,
67c5109dc7152b9a-sheet1-R6,2026-02-10,busan-nam,,호포갈비 (주식회사 바로테이스티),교통안전 유관기관 간담회 개최,269000,67c5109dc7152b9afe5cc91534992278843db2b6ac6f9c136cfdb7bf5f178258,sheet1:R6,,,
67c5109dc7152b9a-sheet1-R7,2026-02-11,busan-nam,,장원돼지국밥,2026년 설 연휴 천주교묘지 성묘객 교통질서 계도활동 관련 간담회 개최,200000,67c5109dc7152b9afe5cc91534992278843db2b6ac6f9c136cfdb7bf5f178258,sheet1:R7,,,
67c5109dc7152b9a-sheet1-R8,2026-02-25,busan-nam,,더마트,부서운영을 위한 차류 등 구입,330100,67c5109dc7152b9afe5cc91534992278843db2b6ac6f9c136cfdb7bf5f178258,sheet1:R8,,,
f2b378774bd0692d-sheet1-R5,2026-02-09,busan-nam,,부산은행,2026년 설 맞이 직원 격려품(온누리상품권) 구입,420000,f2b378774bd0692d886cfa5c1cc5df518e273363be27704b549672d7e162fa39,sheet1:R5,,,
f2b378774bd0692d-sheet1-R6,2026-02-12,busan-nam,,천운숯불갈비,현안업무 추진을 위한 단체원들과 간담회 개최,354000,f2b378774bd0692d886cfa5c1cc5df518e273363be27704b549672d7e162fa39,sheet1:R6,,,
f2b378774bd0692d-sheet1-R7,2026-02-13,busan-nam,,만포장식당,현안업무 추진 관련 단체원들과 간담회 개최,205000,f2b378774bd0692d886cfa5c1cc5df518e273363be27704b549672d7e162fa39,sheet1:R7,,,
f2b378774bd0692d-sheet1-R8,2026-02-04,busan-nam,,만포장식당,원활한 업무추진을 위한 직원 격려 간담회 개최,280000,f2b378774bd0692d886cfa5c1cc5df518e273363be27704b549672d7e162fa39,sheet1:R8,,,
ad08d38ccba4e229-sheet1-R2,2026-02-27,busan-nam,용호3동,주식회사휴앤디용호점,직원 사기진작을 위한 다과 구입 건의,389210,ad08d38ccba4e229a914cd6c20b401436d8b80fefbb3f676c93722fa582a7f34,sheet1:R2,,,
ad08d38ccba4e229-sheet1-R3,2026-02-27,busan-nam,용호3동,안강식당,단체장협의회의 간담회 선결제 건의,400000,ad08d38ccba4e229a914cd6c20b401436d8b80fefbb3f676c93722fa582a7f34,sheet1:R3,,,
ad08d38ccba4e229-sheet1-R4,2026-02-27,busan-nam,용호3동,해궁아구찜,현안업무 추진 직원 격려 간담회 선결제 건의,325000,ad08d38ccba4e229a914cd6c20b401436d8b80fefbb3f676c93722fa582a7f34,sheet1:R4,,,
ad08d38ccba4e229-sheet1-R5,2026-02-20,busan-nam,용호3동,차지비_빌링,"2026년 2월 전기차 충전금액 지출(후불정산, 2026년 1월)",3450,ad08d38ccba4e229a914cd6c20b401436d8b80fefbb3f676c93722fa582a7f34,sheet1:R5,,,
ad08d38ccba4e229-sheet1-R6,2026-02-13,busan-nam,용호3동,153구포국수 용호점,2026년 1월 시간외 근무자 급량비 지급 건의,297000,ad08d38ccba4e229a914cd6c20b401436d8b80fefbb3f676c93722fa582a7f34,sheet1:R6,,,
ad08d38ccba4e229-sheet1-R7,2026-02-13,busan-nam,용호3동,파리바게뜨,2026년 1월 시간외 근무자 급량비 지급 건의,351000,ad08d38ccba4e229a914cd6c20b401436d8b80fefbb3f676c93722fa582a7f34,sheet1:R7,,,
ad08d38ccba4e229-sheet1-R8,2026-02-13,busan-nam,용호3동,빌라드키친,인사이동에 따른 직원 격려 간담회 개최,191000,ad08d38ccba4e229a914cd6c20b401436d8b80fefbb3f676c93722fa582a7f34,sheet1:R8,,,
ad08d38ccba4e229-sheet1-R9,2026-02-11,busan-nam,용호3동,삼성화재해상보험(주),관용차량(83우6060) 자동차보험 가입 건의,638630,ad08d38ccba4e229a914cd6c20b401436d8b80fefbb3f676c93722fa582a7f34,sheet1:R9,,,
ad08d38ccba4e229-sheet1-R10,2026-02-11,busan-nam,용호3동,다이소(인증),"부서 운영물품 구입 건의(보존상자, 찻잔세트)",30000,ad08d38ccba4e229a914cd6c20b401436d8b80fefbb3f676c93722fa582a7f34,sheet1:R10,,,
ad08d38ccba4e229-sheet1-R11,2026-02-11,busan-nam,용호3동,(사)부산광역시장애인생산품판매시설,"부서 운영물품 구입 건의(보존상자, 찻잔세트)",115000,ad08d38ccba4e229a914cd6c20b401436d8b80fefbb3f676c93722fa582a7f34,sheet1:R11,,,
ad08d38ccba4e229-sheet1-R12,2026-02-09,busan-nam,용호3동,마루디자인,설 명절 맞이 환경정비 현수막 제작 건의,33000,ad08d38ccba4e229a914cd6c20b401436d8b80fefbb3f676c93722fa582a7f34,sheet1:R12,,,
ad08d38ccba4e229-sheet1-R13,2026-02-06,busan-nam,용호3동,마루디자인,통합사례관리 내부회의 현수막 구입 건의,22000,ad08d38ccba4e229a914cd6c20b401436d8b80fefbb3f676c93722fa582a7f34,sheet1:R13,,,
ad08d38ccba4e229-sheet1-R14,2026-02-06,busan-nam,용호3동,분포세차장,관용차량(21부7418) 세차,8000,ad08d38ccba4e229a914cd6c20b401436d8b80fefbb3f676c93722fa582a7f34,sheet1:R14,,,
ad08d38ccba4e229-sheet1-R15,2026-02-06,busan-nam,용호3동,주식회사 아성다이소,"부서 운영물품 구입 건의(타포린백, 행거 등)",2000,ad08d38ccba4e229a914cd6c20b401436d8b80fefbb3f676c93722fa582a7f34,sheet1:R15,,,
ad08d38ccba4e229-sheet1-R16,2026-02-06,busan-nam,용호3동,(주)부산은행(온누리상품권),2026년 상반기 직원 생일자 온누리상품권 구입 건의,120000,ad08d38ccba4e229a914cd6c20b401436d8b80fefbb3f676c93722fa582a7f34,sheet1:R16,,,
ad08d38ccba4e229-sheet1-R17,2026-02-06,busan-nam,용호3동,(주)부산은행(온누리상품권),직원 설명절 격려 선물 구입 건의,390000,ad08d38ccba4e229a914cd6c20b401436d8b80fefbb3f676c93722fa582a7f34,sheet1:R17,,,
ad08d38ccba4e229-sheet1-R18,2026-02-06,busan-nam,용호3동,주식회사 아성다이소,"부서 운영물품 구입 건의(타포린백, 행거 등)",20000,ad08d38ccba4e229a914cd6c20b401436d8b80fefbb3f676c93722fa582a7f34,sheet1:R18,,,
ad08d38ccba4e229-sheet1-R19,2026-02-05,busan-nam,용호3동,백세약국,찾아가는 복지 홍보물품(파스) 구입 건의,1000000,ad08d38ccba4e229a914cd6c20b401436d8b80fefbb3f676c93722fa582a7f34,sheet1:R19,,,
ad08d38ccba4e229-sheet1-R20,2026-02-03,busan-nam,용호3동,알크린,(수정)동사 냉난방기 살균 세척 건의,439000,ad08d38ccba4e229a914cd6c20b401436d8b80fefbb3f676c93722fa582a7f34,sheet1:R20,,,
d04261da911d5ab7-sheet1-R4,2026-02-05,busan-nam,,더마트,"부서 운영물품(다과, 차 등) 구입",399600,d04261da911d5ab7f4a7ba12ef0c167ec559fb9b212638a808ace8f2b5072d6f,sheet1:R4,,,
d32162e739c3fa7f-sheet1-R4,2026-02-08,busan-nam,,식당3선 용호점,직원 간담회 개최 건의,299000,d32162e739c3fa7f5201425d6e868b13137cdbd99bb1f0ea786dbfe4db0b7466,sheet1:R4,,,
d32162e739c3fa7f-sheet1-R5,2026-02-12,busan-nam,,이우철삼계탕,도시숲·도시녹화 조성 및 관리 관련 간담회 개최 건의,140000,d32162e739c3fa7f5201425d6e868b13137cdbd99bb1f0ea786dbfe4db0b7466,sheet1:R5,,,
d32162e739c3fa7f-sheet1-R6,2026-02-24,busan-nam,,대판복국,산불소화시설 및 주민대피 관련 업무 담당자 간담회 개최,250000,d32162e739c3fa7f5201425d6e868b13137cdbd99bb1f0ea786dbfe4db0b7466,sheet1:R6,,,
12d00862082cc991-sheet1-R4,2026-02-03,busan-nam,,탐나미장,인사발령에 따른 부서 직원 화합 및 격려,754000,12d00862082cc9910e9fedc2f3d50b13eadd75564593c609256a0999d2801a98,sheet1:R4,,,
0475dd070ac6b526-sheet1-R4,2026-02-03,busan-nam,,서소문족발,2026년 2월 인사발령 관련 직원 간담회,325000,0475dd070ac6b5264489c2f06305f8d63a349534c753dd19785538dd7fc9fa9c,sheet1:R4,,,
0475dd070ac6b526-sheet1-R5,2026-02-03,busan-nam,,송원일식,제22회 반딧불이 축제 추친 논의 간담회 선결제,300000,0475dd070ac6b5264489c2f06305f8d63a349534c753dd19785538dd7fc9fa9c,sheet1:R5,,,
0475dd070ac6b526-sheet1-R6,2026-02-04,busan-nam,,서소문족발,자연보호 활동 논의 간담회 선결제,300000,0475dd070ac6b5264489c2f06305f8d63a349534c753dd19785538dd7fc9fa9c,sheet1:R6,,,
32f351a881762c16-sheet1-R4,2026-02-06,busan-nam,,더마트,부서운영물품(다과 등) 구입 건의,413300,32f351a881762c164f0eb50cacdac7fa94096eac79087ea612235037c0a3e93a,sheet1:R4,,,
32f351a881762c16-sheet1-R5,2026-02-24,busan-nam,,더마트,부서운영물품(다과 등) 구입 건의,492900,32f351a881762c164f0eb50cacdac7fa94096eac79087ea612235037c0a3e93a,sheet1:R5,,,
32f351a881762c16-sheet1-R6,2026-02-11,busan-nam,,더마트,2026년 제2회 건축위원회 다과 구입,63450,32f351a881762c164f0eb50cacdac7fa94096eac79087ea612235037c0a3e93a,sheet1:R6,,,
32f351a881762c16-sheet1-R7,2026-02-19,busan-nam,,더마트,2026년 제1회 남구 소규모주택정비사업 공동위원회 심의 다과 구입,74900,32f351a881762c164f0eb50cacdac7fa94096eac79087ea612235037c0a3e93a,sheet1:R7,,,
4a34586d63468990-sheet1-R2,2026-02-24,busan-nam,문현2동,물의나라,프로그램실 생수 구입,68200,4a34586d6346899091890af7b0f4bcdb8065c58f0d770146c31a7564c11e4cda,sheet1:R2,,,
4a34586d63468990-sheet1-R3,2026-02-20,busan-nam,문현2동,네이버파이낸셜(주),동사 화장실 선반 구입,22850,4a34586d6346899091890af7b0f4bcdb8065c58f0d770146c31a7564c11e4cda,sheet1:R3,,,
4a34586d63468990-sheet1-R4,2026-02-12,busan-nam,문현2동,블루샥 문현지게골점,직원격려 오찬 간담회,27500,4a34586d6346899091890af7b0f4bcdb8065c58f0d770146c31a7564c11e4cda,sheet1:R4,,,
4a34586d63468990-sheet1-R5,2026-02-12,busan-nam,문현2동,외가집,직원격려 오찬 간담회,212500,4a34586d6346899091890af7b0f4bcdb8065c58f0d770146c31a7564c11e4cda,sheet1:R5,,,
4a34586d63468990-sheet1-R6,2026-02-11,busan-nam,문현2동,협동조합 리본,통합사례관리대상자 주거환경개선 지원 건의,1000000,4a34586d6346899091890af7b0f4bcdb8065c58f0d770146c31a7564c11e4cda,sheet1:R6,,,
4a34586d63468990-sheet1-R7,2026-02-11,busan-nam,문현2동,청호나이스(주)/특별할부,공기청정기 임차비 선납,1306440,4a34586d6346899091890af7b0f4bcdb8065c58f0d770146c31a7564c11e4cda,sheet1:R7,,,
4a34586d63468990-sheet1-R8,2026-02-11,busan-nam,문현2동,주왕산삼계탕(문현점),문현2동 환경관리원 격려 간담회 개최,80000,4a34586d6346899091890af7b0f4bcdb8065c58f0d770146c31a7564c11e4cda,sheet1:R8,,,
4a34586d63468990-sheet1-R9,2026-02-11,busan-nam,문현2동,모퉁이 그집,통합사례관리 업무 추진 격려 간담회 개최,13000,4a34586d6346899091890af7b0f4bcdb8065c58f0d770146c31a7564c11e4cda,sheet1:R9,,,
4a34586d63468990-sheet1-R10,2026-02-10,busan-nam,문현2동,(주)이마트문현점,2026년 설맞이 직원 격려품 구입,360000,4a34586d6346899091890af7b0f4bcdb8065c58f0d770146c31a7564c11e4cda,sheet1:R10,,,
4a34586d63468990-sheet1-R11,2026-02-10,busan-nam,문현2동,맘스터치 문현점,직원 급식비 지급(26년1월),126000,4a34586d6346899091890af7b0f4bcdb8065c58f0d770146c31a7564c11e4cda,sheet1:R11,,,
4a34586d63468990-sheet1-R12,2026-02-06,busan-nam,문현2동,마루디자인,2026년 상반기 평생학습프로그램 홍보 현수막 제작,143000,4a34586d6346899091890af7b0f4bcdb8065c58f0d770146c31a7564c11e4cda,sheet1:R12,,,
4a34586d63468990-sheet1-R13,2026-02-06,busan-nam,문현2동,리짙커피(국제금융센터점),주민자치위원회 활동 논의 간담회 개최,41000,4a34586d6346899091890af7b0f4bcdb8065c58f0d770146c31a7564c11e4cda,sheet1:R13,,,
4a34586d63468990-sheet1-R14,2026-02-06,busan-nam,문현2동,민기네밥집,직원 급식비 지급(26년1월),207000,4a34586d6346899091890af7b0f4bcdb8065c58f0d770146c31a7564c11e4cda,sheet1:R14,,,
4a34586d63468990-sheet1-R15,2026-02-06,busan-nam,문현2동,뚜레쥬르 부산문현금융단지점,직원 급식비 지급(26년1월),135000,4a34586d6346899091890af7b0f4bcdb8065c58f0d770146c31a7564c11e4cda,sheet1:R15,,,
4a34586d63468990-sheet1-R16,2026-02-06,busan-nam,문현2동,우진생고기,직원 급식비 지급(26년1월),126000,4a34586d6346899091890af7b0f4bcdb8065c58f0d770146c31a7564c11e4cda,sheet1:R16,,,
4a34586d63468990-sheet1-R17,2026-02-06,busan-nam,문현2동,외가집,직원 급식비 지급(26년1월),162000,4a34586d6346899091890af7b0f4bcdb8065c58f0d770146c31a7564c11e4cda,sheet1:R17,,,
4a34586d63468990-sheet1-R18,2026-02-05,busan-nam,문현2동,네이버파이낸셜(주),구정목표 액자 구입,23800,4a34586d6346899091890af7b0f4bcdb8065c58f0d770146c31a7564c11e4cda,sheet1:R18,,,
4a34586d63468990-sheet1-R19,2026-02-05,busan-nam,문현2동,(주)해강에프앤비 해강서울깍두기,업무추진관련 직원격려 오찬 간담회,37000,4a34586d6346899091890af7b0f4bcdb8065c58f0d770146c31a7564c11e4cda,sheet1:R19,,,
4a34586d63468990-sheet1-R20,2026-02-05,busan-nam,문현2동,(주)유칼릭스,동 행정복지센터 화장실 소모품 등 유지관리비 연납,480000,4a34586d6346899091890af7b0f4bcdb8065c58f0d770146c31a7564c11e4cda,sheet1:R20,,,
78511b307b364ae9-sheet1-R4,2026-02-25,busan-nam,,거북이동네 대연,지방세 세원 및 적극행정 업무 발굴 간담회 개최,353400,78511b307b364ae90750560e2bd0a75084f13276c079f3e4c1df88d471ddaf54,sheet1:R4,,,
78511b307b364ae9-sheet1-R5,2026-02-26,busan-nam,,신신중식당,재산세 세원발굴을 위한 간담회 개최,210000,78511b307b364ae90750560e2bd0a75084f13276c079f3e4c1df88d471ddaf54,sheet1:R5,,,
78511b307b364ae9-sheet1-R6,2026-02-12,busan-nam,,산미정,직원 오찬회,312000,78511b307b364ae90750560e2bd0a75084f13276c079f3e4c1df88d471ddaf54,sheet1:R6,,,
798054c761d78882-sheet1-R4,2026-02-10,busan-nam,,김정옥엄나무삼계탕,해빙기 재난위험시설 감찰관련 전문가와의 간담회,88000,798054c761d78882223e08f0d10d087a999651d483efb573efacce25b92b2355,sheet1:R4,,,
798054c761d78882-sheet1-R5,2026-02-11,busan-nam,,와사비꼬막정식,해빙기 재난위험시설 감찰관련 전문가와의 간담회,63000,798054c761d78882223e08f0d10d087a999651d483efb573efacce25b92b2355,sheet1:R5,,,
798054c761d78882-sheet1-R6,2026-02-25,busan-nam,,오빠가찜해줄게,명예감사관과의 오찬 간담회(대연1동),100000,798054c761d78882223e08f0d10d087a999651d483efb573efacce25b92b2355,sheet1:R6,,,
798054c761d78882-sheet1-R7,2026-02-04,busan-nam,,콩볶는사람들,부서 운영물품(원두) 구입,27700,798054c761d78882223e08f0d10d087a999651d483efb573efacce25b92b2355,sheet1:R7,,,
798054c761d78882-sheet1-R8,2026-02-04,busan-nam,,쿠팡㈜,부서 운영물품(다과) 구입,219390,798054c761d78882223e08f0d10d087a999651d483efb573efacce25b92b2355,sheet1:R8,,,
e59cccc9f9e8fbe0-sheet1-R4,2026-02-11,busan-nam,,호랑이곳간,2026.2.1.자 인사발령에 따른 직원 격려 간담회 개최,240000,e59cccc9f9e8fbe0708846d1766654a68903ef4f475e2b0af2c554b239e6a112,sheet1:R4,,,
e59cccc9f9e8fbe0-sheet1-R5,2026-02-13,busan-nam,,다담참치,설 맞이 직원 격려 간담회,180000,e59cccc9f9e8fbe0708846d1766654a68903ef4f475e2b0af2c554b239e6a112,sheet1:R5,,,
e59cccc9f9e8fbe0-sheet1-R6,2026-02-23,busan-nam,,쿠우쿠우 경성대점,보건행정팀 직원 격려 간담회,319000,e59cccc9f9e8fbe0708846d1766654a68903ef4f475e2b0af2c554b239e6a112,sheet1:R6,,,
e59cccc9f9e8fbe0-sheet1-R7,2026-02-24,busan-nam,,샤브올데이 부산대연점,감염병 예방팀 직원 격려 간담회,328900,e59cccc9f9e8fbe0708846d1766654a68903ef4f475e2b0af2c554b239e6a112,sheet1:R7,,,
3bbbf734c7d70597-sheet1-R5,2026-02-06,busan-nam,,구이원,2026.1.1.자 인사이동 관련 직원 격려 간담회,959000,3bbbf734c7d705977ac3de20d595656e88d1c33adfc52b9d5f203f55c69edc61,sheet1:R5,,,
96099042d482433e-sheet1-R4,2026-02-05,busan-nam,,더마트,설 명절 상황근무자를 위한 격려 간식 구입,470000,96099042d482433e310dbbe60e579591f9c9b3d742474a21c7b2a7aada692214,sheet1:R4,,,
96099042d482433e-sheet1-R5,2026-02-05,busan-nam,,호랑이곳간,2026년 상반기 인사발령에 따른 직원 격려 간담회 개최,920000,96099042d482433e310dbbe60e579591f9c9b3d742474a21c7b2a7aada692214,sheet1:R5,,,
96099042d482433e-sheet1-R6,2026-02-13,busan-nam,,오륙도휴카페 남구청점,2월 환경관리원 산업안전보건교육 실시에 따른 음료 구입,180000,96099042d482433e310dbbe60e579591f9c9b3d742474a21c7b2a7aada692214,sheet1:R6,,,
96099042d482433e-sheet1-R8,2026-02-09,busan-nam,,못골갈비,신규 임용 환경관리원 격려 간담회 개최,240000,96099042d482433e310dbbe60e579591f9c9b3d742474a21c7b2a7aada692214,sheet1:R8,,,
96099042d482433e-sheet1-R9,2026-02-10,busan-nam,,대구본막창,환경관리원 현안업무 논의를 위한 간담회 개최(선결제),36000,96099042d482433e310dbbe60e579591f9c9b3d742474a21c7b2a7aada692214,sheet1:R9,,,
96099042d482433e-sheet1-R10,2026-02-11,busan-nam,,궁중해물탕조씨집,생활폐기물 수집운반 대행업체와 산업재해 예방 대책 논의를 위한 간담회 개최(선결제),250000,96099042d482433e310dbbe60e579591f9c9b3d742474a21c7b2a7aada692214,sheet1:R10,,,
96099042d482433e-sheet1-R11,2026-02-26,busan-nam,,대구본막창,스마트그린 남구 자원순환프로젝트 추진 관련 간담회 개최,300000,96099042d482433e310dbbe60e579591f9c9b3d742474a21c7b2a7aada692214,sheet1:R11,,,
d1c93d0c1d27923a-sheet1-R4,2026-02-10,busan-nam,,스타벅스 용호동W스퀘어점,2026년 설 명절맞이 직원 격려품 구입,390000,d1c93d0c1d27923a1fd044c601867419ea1d531cb6762f6347494e00354aae28,sheet1:R4,,,
d1c93d0c1d27923a-sheet1-R5,2026-02-27,busan-nam,,용호동 골목집,용호2동 주민자치위원회 위원 간담회 선결제 건의,480000,d1c93d0c1d27923a1fd044c601867419ea1d531cb6762f6347494e00354aae28,sheet1:R5,,,
9d5b7b0c15b54279-sheet1-R4,2026-02-05,busan-nam,,㈜부산은행(온누리상품권),2026년 1~2분기 직원 생일자 온누리상품권 구입,280000,9d5b7b0c15b54279989e034324daea635427db3278a942ef206f9168e42ab21c,sheet1:R4,,,
9d5b7b0c15b54279-sheet1-R5,2026-02-11,busan-nam,,쿠팡㈜,부서운영물품(간식)구입,46750,9d5b7b0c15b54279989e034324daea635427db3278a942ef206f9168e42ab21c,sheet1:R5,,,
9d5b7b0c15b54279-sheet1-R6,2026-02-23,busan-nam,,동명식육식당,지역사회 경제활력 제고를 위한 선결제 건의,300000,9d5b7b0c15b54279989e034324daea635427db3278a942ef206f9168e42ab21c,sheet1:R6,,,
9d5b7b0c15b54279-sheet1-R7,2026-02-23,busan-nam,,고메밀면,지역사회 경제활력 제고를 위한 선결제 건의,300000,9d5b7b0c15b54279989e034324daea635427db3278a942ef206f9168e42ab21c,sheet1:R7,,,
9d5b7b0c15b54279-sheet1-R9,2026-02-03,busan-nam,,SK인텔릭스_KICC,동 복합청사 공기청정기 임차료 선납 건의,1196400,9d5b7b0c15b54279989e034324daea635427db3278a942ef206f9168e42ab21c,sheet1:R9,,,
9d5b7b0c15b54279-sheet1-R10,2026-02-26,busan-nam,,㈜루모스 남구지점,신분증확인 단말기 구입,2000000,9d5b7b0c15b54279989e034324daea635427db3278a942ef206f9168e42ab21c,sheet1:R10,,,
3c7f84aceb50e2f5-sheet1-R4,2026-01-12,busan-nam,,샤브올데이(용호점),인사이동에 따른 직원 격려 간담회 개최,492800,3c7f84aceb50e2f580da6d7b757b50f3090a38af35c74310071c058aef4625bf,sheet1:R4,,,
3c7f84aceb50e2f5-sheet1-R5,2026-01-13,busan-nam,,쿠팡㈜,부서운영물품(간식)구입,36710,3c7f84aceb50e2f580da6d7b757b50f3090a38af35c74310071c058aef4625bf,sheet1:R5,,,
3c7f84aceb50e2f5-sheet1-R6,2026-01-20,busan-nam,,쿠팡㈜,부서운영물품(다과)구입,184280,3c7f84aceb50e2f580da6d7b757b50f3090a38af35c74310071c058aef4625bf,sheet1:R6,,,
40737a7145c43b94-sheet1-R4,2026-02-06,busan-nam,,양자강,현안 업무추진 직원 및 사회복무요원· 기간제근로자 격려 간담회 개최,770000,40737a7145c43b94e2af6779b5cbd20e5efec43667c066b4564bc05953f1ff58,sheet1:R4,,,
40737a7145c43b94-sheet1-R5,2026-02-10,busan-nam,,㈜부산은행(온누리상품권),2026년 설 명절 맞이 직원 격려품 구입,360000,40737a7145c43b94e2af6779b5cbd20e5efec43667c066b4564bc05953f1ff58,sheet1:R5,,,
40737a7145c43b94-sheet1-R6,2026-02-19,busan-nam,,㈜부산은행(온누리상품권),2026년 상반기 직원 생일 축하 기념품(온누리상품권) 구입,360000,40737a7145c43b94e2af6779b5cbd20e5efec43667c066b4564bc05953f1ff58,sheet1:R6,,,
e1399e033e904535-sheet1-R5,2026-02-04,busan-nam,,우갑년 부대찌개,환경미화원들과의 간담회,188500,e1399e033e904535ab097f955edee5283043b7b425371577133507eedad1516c,sheet1:R5,,,
e1399e033e904535-sheet1-R6,2026-02-04,busan-nam,,흑산도 횟집,주민자치위원들과의 간담회 개최,300000,e1399e033e904535ab097f955edee5283043b7b425371577133507eedad1516c,sheet1:R6,,,
e1399e033e904535-sheet1-R7,2026-02-06,busan-nam,,쿠팡㈜,2026년 설 명절 맞이 환경미화원 선물세트 지급,252320,e1399e033e904535ab097f955edee5283043b7b425371577133507eedad1516c,sheet1:R7,,,
e1399e033e904535-sheet1-R8,2026-02-09,busan-nam,,장상호(주민자치위원회),주민자치위원장 빙모상 조의금 전달,50000,e1399e033e904535ab097f955edee5283043b7b425371577133507eedad1516c,sheet1:R8,,,
f6b499878862c5bd-sheet1-R3,2026-02-06,busan-nam,,부산은행,2026년 설 명절 맞이 직원 격려품(온누리상품권) 구입,390000,f6b499878862c5bda40fb2b282a4dcbfc12e2f9cd210b68fc0da03754c1a7120,sheet1:R3,,,
f6b499878862c5bd-sheet1-R4,2026-02-25,busan-nam,,가얏골감자탕,장학회 회원과의 간담회 개최,400000,f6b499878862c5bda40fb2b282a4dcbfc12e2f9cd210b68fc0da03754c1a7120,sheet1:R4,,,
f6b499878862c5bd-sheet1-R5,2026-02-27,busan-nam,,산청한방오리불고기,주민자치 활성화를 위한 주민자치위원회 임원진과의 간담회,180000,f6b499878862c5bda40fb2b282a4dcbfc12e2f9cd210b68fc0da03754c1a7120,sheet1:R5,,,
f6b499878862c5bd-sheet1-R6,2026-02-09,busan-nam,,이마트,2026년도 생일직원 상품권 구입,440000,f6b499878862c5bda40fb2b282a4dcbfc12e2f9cd210b68fc0da03754c1a7120,sheet1:R6,,,
809659847217dedb-sheet1-R4,2026-02-13,busan-nam,,오륙도 휴카페,2026년 제1차 지방보조금관리위원회 심의회 회의 다과 구입,57000,809659847217dedb13aab2dd107f15dc030be43a9364df0b63ff50e1224cab87,sheet1:R4,,,
809659847217dedb-sheet1-R5,2026-02-27,busan-nam,,"오륙도 휴카페, 더마트",적극행정위원회 다과 구입,160000,809659847217dedb13aab2dd107f15dc030be43a9364df0b63ff50e1224cab87,sheet1:R5,,,
809659847217dedb-sheet1-R7,2026-02-03,busan-nam,,숯불에닭 부산대연점,직원 격려 간담회 개최,528000,809659847217dedb13aab2dd107f15dc030be43a9364df0b63ff50e1224cab87,sheet1:R7,,,
c4e6e42168d30999-sheet1-R31,2026-01-16,busan-nam,,선우메디칼,,1353000,c4e6e42168d3099900fa9fc05a5815c402189c9982e74de5b6790508d30e75c2,sheet1:R31,,,
c4e6e42168d30999-sheet1-R32,2026-01-17,busan-nam,,탐나미장,,1100000,c4e6e42168d3099900fa9fc05a5815c402189c9982e74de5b6790508d30e75c2,sheet1:R32,,,
c4e6e42168d30999-sheet1-R33,2026-01-22,busan-nam,,브레인팜,,2963000,c4e6e42168d3099900fa9fc05a5815c402189c9982e74de5b6790508d30e75c2,sheet1:R33,,,
c4e6e42168d30999-sheet1-R34,2026-01-22,busan-nam,,바이오메딕스코리아,,3000000,c4e6e42168d3099900fa9fc05a5815c402189c9982e74de5b6790508d30e75c2,sheet1:R34,,,
c4e6e42168d30999-sheet1-R35,2026-01-24,busan-nam,,한솔메딕스 주식회사,,2850000,c4e6e42168d3099900fa9fc05a5815c402189c9982e74de5b6790508d30e75c2,sheet1:R35,,,
831b5f383e2bcf16-sheet1-R3,2026-01-28,busan-nam,,목촌돼지국밥 우암점,부산형 선결제(착한결제) 참여,500000,831b5f383e2bcf160fba5075fe5274f0493bcfb758ab090bf6861b3517e3bc2a,sheet1:R3,,,
831b5f383e2bcf16-sheet1-R4,2026-01-28,busan-nam,,파리바게트 우암점,부산형 선결제(착한결제) 참여,500000,831b5f383e2bcf160fba5075fe5274f0493bcfb758ab090bf6861b3517e3bc2a,sheet1:R4,,,
9c67a5a45c544e5a-sheet1-R4,2026-01-26,busan-nam,,자갈치 싱싱횟집(대연동),현안 업무 협의를 위한 직원 간담회 개최,88000,9c67a5a45c544e5abecdb698426b73966356e46f9c510c17d8f546a77c7e4eae,sheet1:R4,,,
9c67a5a45c544e5a-sheet1-R6,2026-01-13,busan-nam,,용소식당(대연동),효율적인 구정홍보를 위한 기자간담회 개최,80000,9c67a5a45c544e5abecdb698426b73966356e46f9c510c17d8f546a77c7e4eae,sheet1:R6,,,
9c67a5a45c544e5a-sheet1-R7,2026-01-13,busan-nam,,스타벅스(대연동),효율적인 구정홍보를 위한 기자간담회 개최,23400,9c67a5a45c544e5abecdb698426b73966356e46f9c510c17d8f546a77c7e4eae,sheet1:R7,,,
9c67a5a45c544e5a-sheet1-R8,2026-01-30,busan-nam,,자갈치 싱싱횟집(대연동),효율적인 구정홍보를 위한 기자간담회 개최,300000,9c67a5a45c544e5abecdb698426b73966356e46f9c510c17d8f546a77c7e4eae,sheet1:R8,,,
bfa9da4e623bb6ba-sheet1-R2,2026-01-06,busan-nam,문현2동,NICE_통신판매,마을회관 냉난방기 이전 설치,590000,bfa9da4e623bb6ba1e50e6fb86defa2a2babc8e03c4d51591e67204f079be7b7,sheet1:R2,,,
bfa9da4e623bb6ba-sheet1-R3,2026-01-07,busan-nam,문현2동,마루디자인,주민자치 프로그램 현수막 제작,143000,bfa9da4e623bb6ba1e50e6fb86defa2a2babc8e03c4d51591e67204f079be7b7,sheet1:R3,,,
bfa9da4e623bb6ba-sheet1-R4,2026-01-08,busan-nam,문현2동,김양아,내방객 제공 다과 구입,110000,bfa9da4e623bb6ba1e50e6fb86defa2a2babc8e03c4d51591e67204f079be7b7,sheet1:R4,,,
bfa9da4e623bb6ba-sheet1-R5,2026-01-09,busan-nam,문현2동,우진생고기,현안업무 추진 논의를 위한 간담회 개최,120000,bfa9da4e623bb6ba1e50e6fb86defa2a2babc8e03c4d51591e67204f079be7b7,sheet1:R5,,,
bfa9da4e623bb6ba-sheet1-R6,2026-01-13,busan-nam,문현2동,세일마트(문현점),"구동정설명회관련 다과(물,과자 등) 구입",38000,bfa9da4e623bb6ba1e50e6fb86defa2a2babc8e03c4d51591e67204f079be7b7,sheet1:R6,,,
bfa9da4e623bb6ba-sheet1-R7,2026-01-13,busan-nam,문현2동,세일마트(문현점),"다과류(커피, 차, 등) 구입",191000,bfa9da4e623bb6ba1e50e6fb86defa2a2babc8e03c4d51591e67204f079be7b7,sheet1:R7,,,
bfa9da4e623bb6ba-sheet1-R8,2026-01-13,busan-nam,문현2동,마루디자인,2026년 구동정설명회 현수막 구입,154000,bfa9da4e623bb6ba1e50e6fb86defa2a2babc8e03c4d51591e67204f079be7b7,sheet1:R8,,,
bfa9da4e623bb6ba-sheet1-R9,2026-01-13,busan-nam,문현2동,마루디자인,오토바이 주차금지 안내판 구입,66000,bfa9da4e623bb6ba1e50e6fb86defa2a2babc8e03c4d51591e67204f079be7b7,sheet1:R9,,,
bfa9da4e623bb6ba-sheet1-R10,2026-01-13,busan-nam,문현2동,네이버파이낸셜(주),민방위복(동계용) 구입,48200,bfa9da4e623bb6ba1e50e6fb86defa2a2babc8e03c4d51591e67204f079be7b7,sheet1:R10,,,
bfa9da4e623bb6ba-sheet1-R11,2026-01-15,busan-nam,문현2동,모든오피스부산중구점,사무실 가습기 구입,99000,bfa9da4e623bb6ba1e50e6fb86defa2a2babc8e03c4d51591e67204f079be7b7,sheet1:R11,,,
bfa9da4e623bb6ba-sheet1-R12,2026-01-15,busan-nam,문현2동,김양아,구동정설명회관련 민원접대용 떡 구입,112000,bfa9da4e623bb6ba1e50e6fb86defa2a2babc8e03c4d51591e67204f079be7b7,sheet1:R12,,,
bfa9da4e623bb6ba-sheet1-R13,2026-01-19,busan-nam,문현2동,오투광고공사,따뜻한 겨울나기 에너지효율 물품 전달식 현수막 제작,44000,bfa9da4e623bb6ba1e50e6fb86defa2a2babc8e03c4d51591e67204f079be7b7,sheet1:R13,,,
bfa9da4e623bb6ba-sheet1-R14,2026-01-20,busan-nam,문현2동,네이버파이낸셜(주),동민의집 변기커버 구매,22300,bfa9da4e623bb6ba1e50e6fb86defa2a2babc8e03c4d51591e67204f079be7b7,sheet1:R14,,,
bfa9da4e623bb6ba-sheet1-R15,2026-01-21,busan-nam,문현2동,정애연의 착한밥상,직원 격려 간담회 개최,365000,bfa9da4e623bb6ba1e50e6fb86defa2a2babc8e03c4d51591e67204f079be7b7,sheet1:R15,,,
bfa9da4e623bb6ba-sheet1-R16,2026-01-21,busan-nam,문현2동,차지비_빌링,"2025년 전기차 충전금액 납부(후불 정산, 12월)",11000,bfa9da4e623bb6ba1e50e6fb86defa2a2babc8e03c4d51591e67204f079be7b7,sheet1:R16,,,
bfa9da4e623bb6ba-sheet1-R17,2026-01-21,busan-nam,문현2동,다해카페,지역사회보장협의체 활동 격려 간담회 개최,5000,bfa9da4e623bb6ba1e50e6fb86defa2a2babc8e03c4d51591e67204f079be7b7,sheet1:R17,,,
bfa9da4e623bb6ba-sheet1-R18,2026-01-21,busan-nam,문현2동,다해카페,지역사회보장협의체 활동 격려 간담회 개최,20800,bfa9da4e623bb6ba1e50e6fb86defa2a2babc8e03c4d51591e67204f079be7b7,sheet1:R18,,,
bfa9da4e623bb6ba-sheet1-R19,2026-01-21,busan-nam,문현2동,우진생고기,지역사회보장협의체 활동 격려 간담회 개최,168000,bfa9da4e623bb6ba1e50e6fb86defa2a2babc8e03c4d51591e67204f079be7b7,sheet1:R19,,,
bfa9da4e623bb6ba-sheet1-R20,2026-01-21,busan-nam,문현2동,(사)부산광역시장애인생산품판매시설,사무실용 물티슈 구입,80000,bfa9da4e623bb6ba1e50e6fb86defa2a2babc8e03c4d51591e67204f079be7b7,sheet1:R20,,,
bfa9da4e623bb6ba-sheet1-R21,2026-01-22,busan-nam,문현2동,네이버파이낸셜(주),사무실용 티포트 구입,56900,bfa9da4e623bb6ba1e50e6fb86defa2a2babc8e03c4d51591e67204f079be7b7,sheet1:R21,,,
bfa9da4e623bb6ba-sheet1-R22,2026-01-23,busan-nam,문현2동,(주)이에치삼(맛찬들왕소금구이),현안업무 추진 관련 직원 격려 간담회,110000,bfa9da4e623bb6ba1e50e6fb86defa2a2babc8e03c4d51591e67204f079be7b7,sheet1:R22,,,
bfa9da4e623bb6ba-sheet1-R23,2026-01-23,busan-nam,문현2동,(주)이마트문현점,2026년도 상반기 직원 생일 격려품 구입,280000,bfa9da4e623bb6ba1e50e6fb86defa2a2babc8e03c4d51591e67204f079be7b7,sheet1:R23,,,
bfa9da4e623bb6ba-sheet1-R24,2026-01-27,busan-nam,문현2동,그린코아,복사용지 구입,375000,bfa9da4e623bb6ba1e50e6fb86defa2a2babc8e03c4d51591e67204f079be7b7,sheet1:R24,,,
bfa9da4e623bb6ba-sheet1-R25,2026-01-27,busan-nam,문현2동,(주)한컴테크,2026년 통합민원 발급기 유지보수비 지급,1881000,bfa9da4e623bb6ba1e50e6fb86defa2a2babc8e03c4d51591e67204f079be7b7,sheet1:R25,,,
ca02995a6717f859-sheet1-R4,2026-01-08,busan-nam,,자갈치 싱싱횟집,(재)부산남구문화재단 관계자 간담회,114000,ca02995a6717f85958b1880f11377c7a35108ca646e9f146215cfc97c0c04fef,sheet1:R4,,,
ca02995a6717f859-sheet1-R5,2026-01-20,busan-nam,,풍각고향육개장,우암아트나래 조성 관련 관계자와의 간담회,60000,ca02995a6717f85958b1880f11377c7a35108ca646e9f146215cfc97c0c04fef,sheet1:R5,,,
ca02995a6717f859-sheet1-R6,2026-01-22,busan-nam,,오륙도휴카페 대동골문화센터점,「2026년 입춘대길 글귀 무료 나눔 」행사관련 간담회,100000,ca02995a6717f85958b1880f11377c7a35108ca646e9f146215cfc97c0c04fef,sheet1:R6,,,
ca02995a6717f859-sheet1-R7,2026-01-26,busan-nam,,양자강,남구 문화관광해설사 운영 방안을 위한 간담회,320000,ca02995a6717f85958b1880f11377c7a35108ca646e9f146215cfc97c0c04fef,sheet1:R7,,,
ca02995a6717f859-sheet1-R8,2026-01-26,busan-nam,,오륙도휴카페 남구청점,남구 문화관광해설사 운영 방안을 위한 간담회,100000,ca02995a6717f85958b1880f11377c7a35108ca646e9f146215cfc97c0c04fef,sheet1:R8,,,
ca02995a6717f859-sheet1-R9,2026-01-26,busan-nam,,제이엠커피용호점,공공디자인 업무추진 관련 간담회 개최,94500,ca02995a6717f85958b1880f11377c7a35108ca646e9f146215cfc97c0c04fef,sheet1:R9,,,
ca02995a6717f859-sheet1-R10,2026-01-29,busan-nam,,오륙도휴카페 남구청점,「2026년 입춘대길 글귀 무료 나눔 」행사관련 간담회,100000,ca02995a6717f85958b1880f11377c7a35108ca646e9f146215cfc97c0c04fef,sheet1:R10,,,
ca02995a6717f859-sheet1-R11,2026-01-29,busan-nam,,섬,지역문화 발전을 위한 관계자 간담회,70000,ca02995a6717f85958b1880f11377c7a35108ca646e9f146215cfc97c0c04fef,sheet1:R11,,,
f3024f1aa438a711-sheet1-R4,2026-01-19,busan-nam,,다이닝센 부산본점,직원 격려 간담회(2026년 부산형 선결제 추진에 따른 선결제),420000,f3024f1aa438a711cbb868b82b5365a73104070459e714c8eb56b0cb84ea9997,sheet1:R4,,,
f3024f1aa438a711-sheet1-R5,2026-01-22,busan-nam,,부산 가마솥밥,구동사 활용방안 논의 간담회 개최,114000,f3024f1aa438a711cbb868b82b5365a73104070459e714c8eb56b0cb84ea9997,sheet1:R5,,,
f3024f1aa438a711-sheet1-R6,2026-01-08,busan-nam,,농협하나로마트 용호점,구동정설명회 관련 물품(다과류 및 음료 등) 구입,64480,f3024f1aa438a711cbb868b82b5365a73104070459e714c8eb56b0cb84ea9997,sheet1:R6,,,
f3024f1aa438a711-sheet1-R7,2026-01-13,busan-nam,,쿠우쿠우 경성대점,인사발령에 따른 직원 격려 간담회 개최,510400,f3024f1aa438a711cbb868b82b5365a73104070459e714c8eb56b0cb84ea9997,sheet1:R7,,,
f3024f1aa438a711-sheet1-R8,2026-01-23,busan-nam,,쿠팡㈜,현안 업무 추진 직원 간식 구입,52800,f3024f1aa438a711cbb868b82b5365a73104070459e714c8eb56b0cb84ea9997,sheet1:R8,,,
5d2fe8db6984036c-sheet1-R5,2026-01-27,busan-nam,,오가네,주요 도시녹화사업 추진 관련 간담회 개최 건의,140000,5d2fe8db6984036c8352946b627d0805167c249c991a304460464d2fc7c24a80,sheet1:R5,,,
4585b429db1487a0-sheet1-R4,2026-01-08,busan-nam,,호호정,인사발령에 따른 직원 간담회 개최,667000,4585b429db1487a0ee3c4938f608026bdb516cfcbb12424f9f50aeef731bd502,sheet1:R4,,,
96d6026f294aed69-sheet1-R4,2026-01-30,busan-nam,,정담,남구지역사회보장협의체 운영관련 간담회 개최비 선결제,300000,96d6026f294aed6962a1c2b9f948702ecc9ae0bb4371a508672aa410780c1fbd,sheet1:R4,,,
a2da828d95929b51-sheet1-R3,2026-01-22,busan-nam,,롯데쇼핑주식회사,자매도시 상주시 방문기념품 구입(어묵세트),100000,a2da828d95929b51f6a2e0e46d9f764c25c14afc243d0edbe6ff2df8b41eeb73,sheet1:R3,,,
0de8bf77e8d5b0b7-sheet1-R5,2026-01-16,busan-nam,,푸주인 대연역점,지역사회 경제활력을 위한 선결제,630000,0de8bf77e8d5b0b765dcf51687796d5585032b0eb587a20e10d775e15a0b52f9,sheet1:R5,,,
5ef153a4de1ca5c0-sheet1-R4,2026-01-29,busan-nam,,박가부대찌개,2026년 1분기 도시시설물 일체 통합정비 추진의 날 간담회 개최,90000,5ef153a4de1ca5c0f8b05950734188128a23a977ae7757796739c86787071029,sheet1:R4,,,
5ef153a4de1ca5c0-sheet1-R6,2026-01-15,busan-nam,,정담,현안업무 추진 직원 격려 간담회 개최,120000,5ef153a4de1ca5c0f8b05950734188128a23a977ae7757796739c86787071029,sheet1:R6,,,
5ef153a4de1ca5c0-sheet1-R7,2026-01-16,busan-nam,,쿠팡㈜,부서 운영 다과 구입,241200,5ef153a4de1ca5c0f8b05950734188128a23a977ae7757796739c86787071029,sheet1:R7,,,
fbe3fa362eea7689-sheet1-R4,2026-01-19,busan-nam,,자갈치 싱싱횟집,불법 주정차 무인단속시스템 유지보수 관련 간담회,142000,fbe3fa362eea7689cb36985d3021d4826be0484c54aa1b3a008b7d1159c2e1be,sheet1:R4,,,
04b7655379006481-sheet1-R5,2026-01-02,busan-nam,,아우르미 카페,현안 업무 추진 직원 격려 음료수 구입비,67500,04b7655379006481e209b264db1a51c326d0f88b9b241e398433949213b3b346,sheet1:R5,,,
04b7655379006481-sheet1-R6,2026-01-21,busan-nam,,커피가루다,현안 업무 추진 직원 격려 음료수 구입비,72000,04b7655379006481e209b264db1a51c326d0f88b9b241e398433949213b3b346,sheet1:R6,,,
adf90456e8107b7d-sheet1-R5,2026-01-08,busan-nam,,만포장식당,현안업무 추진관련 단체원과 오찬간담회 개최,223000,adf90456e8107b7d23faa26ee27f16400867e2892aa26367218fecc9668da1f4,sheet1:R5,,,
adf90456e8107b7d-sheet1-R6,2026-01-09,busan-nam,,만포장식당,새마을문고 문현3동분회 단체원들과의 간담회 개최,321000,adf90456e8107b7d23faa26ee27f16400867e2892aa26367218fecc9668da1f4,sheet1:R6,,,
adf90456e8107b7d-sheet1-R7,2026-01-14,busan-nam,,비앙퀴트,현안업무 추진을 위한 각급 단체원 맞이 다과 구입,66500,adf90456e8107b7d23faa26ee27f16400867e2892aa26367218fecc9668da1f4,sheet1:R7,,,
adf90456e8107b7d-sheet1-R8,2026-01-16,busan-nam,,원조 자연산 장어구이,2026년 구동정설명회 관련 직원 간담회 개최,194000,adf90456e8107b7d23faa26ee27f16400867e2892aa26367218fecc9668da1f4,sheet1:R8,,,
adf90456e8107b7d-sheet1-R9,2026-01-23,busan-nam,,와사비꼬막정식,현안업무 관련 단체원과 오찬간담회 개최,63000,adf90456e8107b7d23faa26ee27f16400867e2892aa26367218fecc9668da1f4,sheet1:R9,,,
adf90456e8107b7d-sheet1-R10,2026-01-29,busan-nam,,화화돼지왕갈비 문현점,현안업무 추진 직원 격려 오찬간담회 개최,119400,adf90456e8107b7d23faa26ee27f16400867e2892aa26367218fecc9668da1f4,sheet1:R10,,,
9141321854b95798-sheet1-R5,2026-01-20,busan-nam,,뚱보네돼지갈비,인사이동에 따른 직원 격려 간담회 개최,719000,9141321854b95798a2a98a068ba0c71993991772b10b8637168028eea6f6d61a,sheet1:R5,,,
3fbf37ff0741ba7f-sheet1-R4,2026-01-20,busan-nam,,해궁아구찜,단체장협의회의 간담회,180000,3fbf37ff0741ba7fa7f91591f6993f2bdcc93e9d664bd627459261146b772394,sheet1:R4,,,
3fbf37ff0741ba7f-sheet1-R6,2026-01-08,busan-nam,,안강식당,인사이동에 따른 직원 격려 오찬 간담회,154000,3fbf37ff0741ba7fa7f91591f6993f2bdcc93e9d664bd627459261146b772394,sheet1:R6,,,
1fa89b66e86ee200-sheet1-R4,2026-01-09,busan-nam,,대경각,현안 업무추진 격려 및 화합을 위한 직원 간담회 개최,201000,1fa89b66e86ee2006890583c0ae466e8df29725b29afba91cda6503bd2993c9d,sheet1:R4,,,
1fa89b66e86ee200-sheet1-R5,2026-01-14,busan-nam,,자수정코다리,대연6동 새마을문고 회원과의 간담회 개최,88000,1fa89b66e86ee2006890583c0ae466e8df29725b29afba91cda6503bd2993c9d,sheet1:R5,,,
1fa89b66e86ee200-sheet1-R6,2026-01-27,busan-nam,,텐퍼센트커피(대연롯데레전드점),직원 및 통장협의회 등 격려 간식 구입,22300,1fa89b66e86ee2006890583c0ae466e8df29725b29afba91cda6503bd2993c9d,sheet1:R6,,,
f610a52ad65650ad-sheet1-R4,2026-01-29,busan-nam,,쿠우쿠우 경성대점,직원 격려 간담회 개최,510400,f610a52ad65650addad1a59103ebc7e262d48b1feeca4b01df056d1c1d50954e,sheet1:R4,,,
b0e89c36399341c8-sheet1-R4,2026-01-14,busan-nam,,가우리본점,인사이동에 따른 직원 격려 간담회 개최,378200,b0e89c36399341c80b6ea5d30aec7ea888bc2828642c477fc15315af4366eb2d,sheet1:R4,,,
f3435391ca6ed25e-sheet1-R6,2026-01-12,busan-nam,,탐나미장,지역사회 경제활력 제고를 위한 업무추진비 선결제,500000,f3435391ca6ed25e8ba9cc1ab81882cf09b4cc89062d7b5781d1709887ff9965,sheet1:R6,,,
96885216356d4699-sheet1-R4,2026-01-07,busan-nam,,거북이동네 대연점,인사이동에 따른 직원 간담회 개최,486970,96885216356d4699771859572a4b983a129e687137b733fcaba4902517a2ea7f,sheet1:R4,,,
d7b8f4f2fbb9a0d5-sheet1-R4,2026-01-13,busan-nam,,대판복국,무료법률상담관과의 간단회 개최,159500,d7b8f4f2fbb9a0d53a98977582ed58f34f976b05b12e4f29aacca90bf081a65a,sheet1:R4,,,
d7b8f4f2fbb9a0d5-sheet1-R5,2026-01-29,busan-nam,,대연동,지역사회 경제활력 제고를 위한 선결제 건의,1320000,d7b8f4f2fbb9a0d53a98977582ed58f34f976b05b12e4f29aacca90bf081a65a,sheet1:R5,,,
d7b8f4f2fbb9a0d5-sheet1-R7,2026-01-15,busan-nam,,(주)청호나이스,2026년 정수기 연간 유지관리비 선납,1330380,d7b8f4f2fbb9a0d53a98977582ed58f34f976b05b12e4f29aacca90bf081a65a,sheet1:R7,,,
d7b8f4f2fbb9a0d5-sheet1-R8,2026-01-15,busan-nam,,㈜라임스토리,다자녀가정 아동 생애 첫 여권 발급 축하금 봉투 제작,1000000,d7b8f4f2fbb9a0d53a98977582ed58f34f976b05b12e4f29aacca90bf081a65a,sheet1:R8,,,
d7b8f4f2fbb9a0d5-sheet1-R9,2026-01-19,busan-nam,,㈜시티캅,2026년 여권보관 이중금고 무인경비 시스템 용역료 지급,1128600,d7b8f4f2fbb9a0d53a98977582ed58f34f976b05b12e4f29aacca90bf081a65a,sheet1:R9,,,
d7b8f4f2fbb9a0d5-sheet1-R10,2026-01-21,busan-nam,,매일경제 등,2026년 신문 구독료 선납,1320000,d7b8f4f2fbb9a0d53a98977582ed58f34f976b05b12e4f29aacca90bf081a65a,sheet1:R10,,,
c46df226128bba32-sheet1-R4,2026-01-13,busan-nam,,더마트,부서 접대용 다과 등 구입,394700,c46df226128bba32bcc276b7ece22f294d7789688aab1ca4c4a8918129e3d396,sheet1:R4,,,
c46df226128bba32-sheet1-R5,2026-01-29,busan-nam,,못골갈비,공중위생감시원 활동 격려 간담회 개최 건의,280000,c46df226128bba32bcc276b7ece22f294d7789688aab1ca4c4a8918129e3d396,sheet1:R5,,,
aa9cd9a00af93763-sheet1-R5,2026-01-28,busan-nam,,영남식육식당,인사발령에 따른 직원 간담회 개최,360000,aa9cd9a00af937636737e263959055b23230d372e5cf3f1a8e33e7ef9d13dbe4,sheet1:R5,,,
3fe981ff8b526224-sheet1-R4,2026-01-16,busan-nam,,더마트,부서 다과 구입,197100,3fe981ff8b526224e1047f0c313b82616fc1b9287685c0b73d2804caa1e63b40,sheet1:R4,,,
3fe981ff8b526224-sheet1-R5,2026-01-26,busan-nam,,행복한 오리,인사발령에 따른 직원 격려 간담회 비용,276000,3fe981ff8b526224e1047f0c313b82616fc1b9287685c0b73d2804caa1e63b40,sheet1:R5,,,
3fe981ff8b526224-sheet1-R6,2026-01-02,busan-nam,,찰진솥밥 계절밥상,26년 상반기 아동보호 유관기관 간담회 비용,306000,3fe981ff8b526224e1047f0c313b82616fc1b9287685c0b73d2804caa1e63b40,sheet1:R6,,,
3fe981ff8b526224-sheet1-R7,2026-01-02,busan-nam,,오륙도휴카페 남구청점,26년 상반기 아동보호 유관기관 간담회 비용,90000,3fe981ff8b526224e1047f0c313b82616fc1b9287685c0b73d2804caa1e63b40,sheet1:R7,,,
3fe981ff8b526224-sheet1-R9,2026-01-23,busan-nam,,중앙고속관광㈜,2026년 스마트폰 중독 예방캠프「스마트 쉼·희망을 봄 캠프」차량 임차비,1900000,3fe981ff8b526224e1047f0c313b82616fc1b9287685c0b73d2804caa1e63b40,sheet1:R9,,,
6022ea66bcd34d21-sheet1-R4,2026-01-28,busan-nam,,쿠팡(주),부서운영 물품 구입(민원응대 녹차 등),302530,6022ea66bcd34d21bfda8fda102e90d5e10352cf917cfb59bf61b5b26a29f49a,sheet1:R4,,,
de6f2534e23965ac-sheet1-R4,2026-01-02,busan-nam,,맛나감자탕,2026년 해맞이 다과나눔행사 참석자 격려 간담회 개최,249000,de6f2534e23965acc76fd0dbcf8c0083a54f8d69f1e765818673ddfa6e727f4f,sheet1:R4,,,
de6f2534e23965ac-sheet1-R5,2026-01-15,busan-nam,,다이닝센 부산본점,2026년 「부산형 선결제」추진에 따른 선결제 건의(기관운영업무추진비),700000,de6f2534e23965acc76fd0dbcf8c0083a54f8d69f1e765818673ddfa6e727f4f,sheet1:R5,,,
de6f2534e23965ac-sheet1-R6,2026-01-15,busan-nam,,금문식당,2026년 「부산형 선결제」추진에 따른 선결제 건의(기관운영업무추진비),800000,de6f2534e23965acc76fd0dbcf8c0083a54f8d69f1e765818673ddfa6e727f4f,sheet1:R6,,,
de6f2534e23965ac-sheet1-R7,2026-01-16,busan-nam,,김주부,통장협의회 임원들과의 간담회 개최,165000,de6f2534e23965acc76fd0dbcf8c0083a54f8d69f1e765818673ddfa6e727f4f,sheet1:R7,,,
de6f2534e23965ac-sheet1-R8,2026-01-19,busan-nam,,김주부,주민자치위원회 임원들과의 간담회 개최,251000,de6f2534e23965acc76fd0dbcf8c0083a54f8d69f1e765818673ddfa6e727f4f,sheet1:R8,,,
de6f2534e23965ac-sheet1-R9,2026-01-22,busan-nam,,오륙도 가마솥밥,새마을부녀회 임원들과의 간담회 개최 건의,44000,de6f2534e23965acc76fd0dbcf8c0083a54f8d69f1e765818673ddfa6e727f4f,sheet1:R9,,,
de6f2534e23965ac-sheet1-R10,2026-01-22,busan-nam,,일리터커피,새마을부녀회 임원들과의 간담회 개최 건의,15900,de6f2534e23965acc76fd0dbcf8c0083a54f8d69f1e765818673ddfa6e727f4f,sheet1:R10,,,
de6f2534e23965ac-sheet1-R11,2026-01-08,busan-nam,,중식당 준,구동정설명회 추진 등 직원 노고 격려 간담회 개최,600000,de6f2534e23965acc76fd0dbcf8c0083a54f8d69f1e765818673ddfa6e727f4f,sheet1:R11,,,
de6f2534e23965ac-sheet1-R13,2026-01-27,busan-nam,,백세약국,찾아가는 보건복지서비스 홍보물품 구입(파스),1000000,de6f2534e23965acc76fd0dbcf8c0083a54f8d69f1e765818673ddfa6e727f4f,sheet1:R13,,,
5db6a948f4828d0b-sheet1-R3,2026-01-14,busan-nam,,올바른,통장협의회와의 간담회 개최,690000,5db6a948f4828d0b7dbd61558a607860ab1cf082c0e833115e63859df778590f,sheet1:R3,,,
5db6a948f4828d0b-sheet1-R4,2026-01-16,busan-nam,,카페051 용호성모병원점,새마을문고 간담회용 다과물품 구입,52000,5db6a948f4828d0b7dbd61558a607860ab1cf082c0e833115e63859df778590f,sheet1:R4,,,
5db6a948f4828d0b-sheet1-R5,2026-01-20,busan-nam,,카페051 용호성모병원점,민관협력사업 간담회용 다과물품 구입,32000,5db6a948f4828d0b7dbd61558a607860ab1cf082c0e833115e63859df778590f,sheet1:R5,,,
5db6a948f4828d0b-sheet1-R6,2026-01-20,busan-nam,,산청한방오리불고기,직원 격려 간담회 개최,394000,5db6a948f4828d0b7dbd61558a607860ab1cf082c0e833115e63859df778590f,sheet1:R6,,,
5db6a948f4828d0b-sheet1-R7,2026-01-29,busan-nam,,김씨화덕,직원 격려 간담회 개최,288400,5db6a948f4828d0b7dbd61558a607860ab1cf082c0e833115e63859df778590f,sheet1:R7,,,
3ffe32262f8acd7a-sheet1-R4,2026-01-21,busan-nam,,웨이양,도시정비사업의 취득세 신고 및 징수 제고를 위한 간담회,270000,3ffe32262f8acd7a9fda55d20a469cfeec1d8ad544a92c5e2aa7916098550580,sheet1:R4,,,
3ffe32262f8acd7a-sheet1-R5,2026-01-22,busan-nam,,궁중해물탕조씨집,마을세무사 위촉식 간담회,227000,3ffe32262f8acd7a9fda55d20a469cfeec1d8ad544a92c5e2aa7916098550580,sheet1:R5,,,
3ffe32262f8acd7a-sheet1-R6,2026-01-23,busan-nam,,강남,개별주택가격 관련 간담회,210000,3ffe32262f8acd7a9fda55d20a469cfeec1d8ad544a92c5e2aa7916098550580,sheet1:R6,,,
3ffe32262f8acd7a-sheet1-R7,2026-01-28,busan-nam,,김태공 횟집,납세자 편의 시책 발굴 간담회,158000,3ffe32262f8acd7a9fda55d20a469cfeec1d8ad544a92c5e2aa7916098550580,sheet1:R7,,,
95bdccb6ad376308-sheet1-R4,2026-01-07,busan-nam,,국수앤보쌈,2026년 새해맞이 직원 격려 오찬 간담회 개최,275000,95bdccb6ad376308b2831d38cc3cacaea1091b3050b1b98539ec9ce1ed10d0d0,sheet1:R4,,,
95bdccb6ad376308-sheet1-R5,2026-01-14,busan-nam,,더마트,부서운영 및 민원 접대용 차 재료 구입,398000,95bdccb6ad376308b2831d38cc3cacaea1091b3050b1b98539ec9ce1ed10d0d0,sheet1:R5,,,
b715429a69344729-sheet1-R4,2026-01-28,busan-nam,,정애연의 착한밥상,통장협의회 회원과의 간담회,459000,b715429a69344729f0575cbc612310a3f57f18e3ce08bc1969d576594fc5b10f,sheet1:R4,,,
3c1e7b358c4c3d55-sheet1-R4,2026-01-13,busan-nam,,부막숯불닭갈비,주요소송 추진 관련 소송수행자와의 간담회,210000,3c1e7b358c4c3d559ed8a4312a9e1ed6ad2737a8438992e2afe9f4ff0494bb46,sheet1:R4,,,
3c1e7b358c4c3d55-sheet1-R5,2026-01-16,busan-nam,,찰진솥밥계절밥상 및 관내카페,남구시설관리공단 TF팀 업무 간담회,258700,3c1e7b358c4c3d559ed8a4312a9e1ed6ad2737a8438992e2afe9f4ff0494bb46,sheet1:R5,,,
3c1e7b358c4c3d55-sheet1-R6,2026-01-28,busan-nam,,오륙도휴카페,성과평가위원회 다과 구입,30000,3c1e7b358c4c3d559ed8a4312a9e1ed6ad2737a8438992e2afe9f4ff0494bb46,sheet1:R6,,,
