record_id,spent_on,organization,department,merchant,purpose,amount_krw,source_hash,source_location,repeats,expense_id,expense_amount_krw
63ff2fccd334ab9c-sheet1-R5,2026-06-09,busan-haeundae,토지정보과,쿠팡,사무실 차 구입,67720,63ff2fccd334ab9c25c31769e872afff621c339b1467cb410d9c042a35e3ea3a,sheet1:R5,,,
63ff2fccd334ab9c-sheet1-R6,2026-06-24,busan-haeundae,토지정보과,"옵스, 세이브존","지적재조사위원회 개최 관련 다과, 생수 구입",38000,63ff2fccd334ab9c25c31769e872afff621c339b1467cb410d9c042a35e3ea3a,sheet1:R6,,,
b6135d4e4de6fc5f-sheet1-R2,2026-04-08,busan-haeundae,해양진흥과,네이버,내방객 응대용 다과 구입,64900,b6135d4e4de6fc5f2fcba704c2ef8099f6b34cd3b8741d0b67cab7c82d124891,sheet1:R2,,,
b6135d4e4de6fc5f-sheet1-R3,2026-05-13,busan-haeundae,해양진흥과,주식회사 에스투홀딩스컴퍼니,어항관리 업무 협의 간담회 개최,116000,b6135d4e4de6fc5f2fcba704c2ef8099f6b34cd3b8741d0b67cab7c82d124891,sheet1:R3,,,
b6135d4e4de6fc5f-sheet1-R4,2026-05-22,busan-haeundae,해양진흥과,초일육,과장님 퇴임에 따른 송별회 및 직원 간담회,145900,b6135d4e4de6fc5f2fcba704c2ef8099f6b34cd3b8741d0b67cab7c82d124891,sheet1:R4,,,
b6135d4e4de6fc5f-sheet1-R5,2026-06-09,busan-haeundae,해양진흥과,투썸플레이스 해운대청사포점,연안어장 환경개선사업 기간제근로자 간담회 개최,58900,b6135d4e4de6fc5f2fcba704c2ef8099f6b34cd3b8741d0b67cab7c82d124891,sheet1:R5,,,
b6135d4e4de6fc5f-sheet1-R6,2026-06-12,busan-haeundae,해양진흥과,뉴한국마트,사무실 비치용 간식 등 구입,108500,b6135d4e4de6fc5f2fcba704c2ef8099f6b34cd3b8741d0b67cab7c82d124891,sheet1:R6,,,
b6135d4e4de6fc5f-sheet1-R7,2026-06-17,busan-haeundae,해양진흥과,주식회사 창조시티(더레스트마린지점),해양레저 특화사업장 실무협의회 운영 다과 구입,33900,b6135d4e4de6fc5f2fcba704c2ef8099f6b34cd3b8741d0b67cab7c82d124891,sheet1:R7,,,
23cc090acdb36672-sheet1-R5,2026-04-24,busan-haeundae,,에스에스지페인먼츠,신용회복위원회 연계 협력 간담회 다과구입,40600,23cc090acdb366729d64ba02cd5aac95a1e1808fa88f9a090183bdd23278f690,sheet1:R5,,,
23cc090acdb36672-sheet1-R6,2026-05-19,busan-haeundae,,트레이더스 연산점,제6기 지역사회보장계획 수립용역 착수보고회 다과 구입,36240,23cc090acdb366729d64ba02cd5aac95a1e1808fa88f9a090183bdd23278f690,sheet1:R6,,,
23cc090acdb36672-sheet1-R7,2026-05-19,busan-haeundae,,토고래 디저트샵,제6기 지역사회보장계획 수립용역 착수보고회 다과 구입,174000,23cc090acdb366729d64ba02cd5aac95a1e1808fa88f9a090183bdd23278f690,sheet1:R7,,,
23cc090acdb36672-sheet1-R8,2026-05-26,busan-haeundae,,"가자미가, 볕뉘",2026년 하절기 노숙인시설 안전점검 및 현장방문 간담회 개최,167500,23cc090acdb366729d64ba02cd5aac95a1e1808fa88f9a090183bdd23278f690,sheet1:R8,,,
23cc090acdb36672-sheet1-R9,2026-05-22,busan-haeundae,,옵스,노숙인시설 방문 격려물품 구입,164000,23cc090acdb366729d64ba02cd5aac95a1e1808fa88f9a090183bdd23278f690,sheet1:R9,,,
23cc090acdb36672-sheet1-R10,2026-06-11,busan-haeundae,,네이버파이낸셜,THE 쉬운 통합사례관리 교육 다과 구입,148500,23cc090acdb366729d64ba02cd5aac95a1e1808fa88f9a090183bdd23278f690,sheet1:R10,,,
23cc090acdb36672-sheet1-R11,2026-06-22,busan-haeundae,,프루쉬 센텀점,동 지역사회보장협의체 위원장 네트워크 회의 다과 구입,105000,23cc090acdb366729d64ba02cd5aac95a1e1808fa88f9a090183bdd23278f690,sheet1:R11,,,
23cc090acdb36672-sheet1-R12,2026-06-26,busan-haeundae,,신화아이푸드,2026년 보훈단체협의회 간담회 개최,463000,23cc090acdb366729d64ba02cd5aac95a1e1808fa88f9a090183bdd23278f690,sheet1:R12,,,
a66627daf5a9b527-sheet1-R5,2026-04-02,busan-haeundae,,스타벅스 코리아,통합돌봄 서비스 제공기관 업무 차담회 개최,520000,a66627daf5a9b5271776fb24b346f7ad918df2fecec33fbb757e624ec10c2116,sheet1:R5,,,
a66627daf5a9b527-sheet1-R6,2026-04-02,busan-haeundae,,맘스터치,노인일자리 사업 추진 격려 간담회 개최,311700,a66627daf5a9b5271776fb24b346f7ad918df2fecec33fbb757e624ec10c2116,sheet1:R6,,,
a66627daf5a9b527-sheet1-R7,2026-04-08,busan-haeundae,,쿠팡,국장실 다과 구입,46980,a66627daf5a9b5271776fb24b346f7ad918df2fecec33fbb757e624ec10c2116,sheet1:R7,,,
a66627daf5a9b527-sheet1-R8,2026-04-08,busan-haeundae,,LUCIEN BAKERY,국장실 다과 구입,34400,a66627daf5a9b5271776fb24b346f7ad918df2fecec33fbb757e624ec10c2116,sheet1:R8,,,
a66627daf5a9b527-sheet1-R9,2026-04-16,busan-haeundae,,스미스씨네 농장,생활복지국 현안 업무 간담회 개최,162000,a66627daf5a9b5271776fb24b346f7ad918df2fecec33fbb757e624ec10c2116,sheet1:R9,,,
a66627daf5a9b527-sheet1-R10,2026-04-28,busan-haeundae,,보노베리,국장실 내방객 다과 구입,99100,a66627daf5a9b5271776fb24b346f7ad918df2fecec33fbb757e624ec10c2116,sheet1:R10,,,
a66627daf5a9b527-sheet1-R11,2026-05-12,busan-haeundae,,떡보의하루,노인일자리 사업 추진 격려 간담회 개최,72500,a66627daf5a9b5271776fb24b346f7ad918df2fecec33fbb757e624ec10c2116,sheet1:R11,,,
a66627daf5a9b527-sheet1-R12,2026-05-19,busan-haeundae,,식당3선,생활복지국 현안 업무 논의 간담회 개최,141000,a66627daf5a9b5271776fb24b346f7ad918df2fecec33fbb757e624ec10c2116,sheet1:R12,,,
a66627daf5a9b527-sheet1-R13,2026-05-22,busan-haeundae,,옵스,청소년수련관 기관 방문 다과 구입,68000,a66627daf5a9b5271776fb24b346f7ad918df2fecec33fbb757e624ec10c2116,sheet1:R13,,,
a66627daf5a9b527-sheet1-R14,2026-06-02,busan-haeundae,,봄떡,장애인복지증진사업 추진 격려 간담회 개최,90000,a66627daf5a9b5271776fb24b346f7ad918df2fecec33fbb757e624ec10c2116,sheet1:R14,,,
a66627daf5a9b527-sheet1-R15,2026-06-09,busan-haeundae,,언양봉계숯불갈비,종합사회복지관 관장과의 업무 간담회 개최,290000,a66627daf5a9b5271776fb24b346f7ad918df2fecec33fbb757e624ec10c2116,sheet1:R15,,,
a66627daf5a9b527-sheet1-R16,2026-06-09,busan-haeundae,,쿠팡,국장실 다과 구입,23610,a66627daf5a9b5271776fb24b346f7ad918df2fecec33fbb757e624ec10c2116,sheet1:R16,,,
a66627daf5a9b527-sheet1-R17,2026-06-11,busan-haeundae,,LUCIEN BAKERY,국장실 다과 구입,34800,a66627daf5a9b5271776fb24b346f7ad918df2fecec33fbb757e624ec10c2116,sheet1:R17,,,
a66627daf5a9b527-sheet1-R18,2026-06-26,busan-haeundae,,센텀낙원떡집,생활복지국 직원 격려 떡 구입,250000,a66627daf5a9b5271776fb24b346f7ad918df2fecec33fbb757e624ec10c2116,sheet1:R18,,,
9c7acc2cab959b00-sheet1-R5,2026-06-02,busan-haeundae,민원여권과,쿠팡,사무실 커피 등 구입,173830,9c7acc2cab959b002a5156e2004918884fdc5cacd560b5727496871ed0884298,sheet1:R5,,,
6c1b2c4cc3adfecd-sheet1-R5,2026-04-17,busan-haeundae,민원여권과,㈜세이브존,생수 구입,6000,6c1b2c4cc3adfecdad02ee7dd0d1b44d576cd18e826a5628efbf64800020c86a,sheet1:R5,,,
a51c6cb815479bdf-sheet1-R5,2026-06-30,busan-haeundae,건축과,㈜신세계백화점센텀시티점,건축위원회 다과 구입,99500,a51c6cb815479bdfbe1b034a4619ad11f1f2fb712a0679372fb147be78cc76e2,sheet1:R5,,,
a158ef5ae19c3f0c-sheet1-R2,2026-04-21,busan-haeundae,,네이버,물가 및 착한가격업소 모니터요원 간담회 개최,240000,a158ef5ae19c3f0c7db8d00ebc5068e9e98f1e862889a4e5b0a26eef1b89cbf0,sheet1:R2,,,
a158ef5ae19c3f0c-sheet1-R3,2026-04-21,busan-haeundae,,부산에 뜬 고등어,[카드]직원용 다과 구입 건의,118680,a158ef5ae19c3f0c7db8d00ebc5068e9e98f1e862889a4e5b0a26eef1b89cbf0,sheet1:R3,,,
b3d43a5fc4361b5d-sheet1-R2,2026-05-12,busan-haeundae,,쿠팡,[카드]직원용 다과 구입 건의,59040,b3d43a5fc4361b5d3667696d1a8461a864c63692f44fd27176217396a38a1047,sheet1:R2,,,
b3d43a5fc4361b5d-sheet1-R3,2026-05-26,busan-haeundae,,스턴커피,해운대구 농지위원회 다과 구입,120000,b3d43a5fc4361b5d3667696d1a8461a864c63692f44fd27176217396a38a1047,sheet1:R3,,,
faabea09427b2502-sheet1-R2,2026-06-09,busan-haeundae,,쿠팡,[카드]직원용 다과 구입 건의,59900,faabea09427b2502ef1ad387e04cdace59ea0e7f0a0faaa9ac04b5e0a060a105,sheet1:R2,,,
996c1511e848b94c-sheet1-R4,2026-06-29,busan-haeundae,,이마트,상반기 디딤씨앗 경제교실 다과 구입,74240,996c1511e848b94c290b025f67ab9445fb26f049a77c6edfb535dcb4ddfb54ad,sheet1:R4,,,
996c1511e848b94c-sheet1-R5,2026-06-22,busan-haeundae,,카페 다온,해운대구여성단체협의회 행복한 동행 행사 음료 구입,19500,996c1511e848b94c290b025f67ab9445fb26f049a77c6edfb535dcb4ddfb54ad,sheet1:R5,,,
b30600ac31de5cdf-sheet1-R2,2026-04-02,busan-haeundae,,담향추어탕,2026년 법인지방소득세 신고 납무 관련 점검 간담회 개최,95000,b30600ac31de5cdf9356d73ebe905c2aafcfe0ffcafe1b19505f9ae89e524e97,sheet1:R2,,,
b30600ac31de5cdf-sheet1-R3,2026-04-07,busan-haeundae,,허가남원추어탕 달맞이점,2025회계연도 결산업무 추진사항 점검 간담회 개최,76000,b30600ac31de5cdf9356d73ebe905c2aafcfe0ffcafe1b19505f9ae89e524e97,sheet1:R3,,,
b30600ac31de5cdf-sheet1-R4,2026-04-17,busan-haeundae,,마산아구찜,개별주택가격 관련 업무협의 간담회 개최,75000,b30600ac31de5cdf9356d73ebe905c2aafcfe0ffcafe1b19505f9ae89e524e97,sheet1:R4,,,
b30600ac31de5cdf-sheet1-R5,2026-04-22,busan-haeundae,,진우린,제9회 전국동시지방선거 격려 간담회 개최,89000,b30600ac31de5cdf9356d73ebe905c2aafcfe0ffcafe1b19505f9ae89e524e97,sheet1:R5,,,
b30600ac31de5cdf-sheet2-R2,2026-04-10,busan-haeundae,,㈜ 이대명과 해운대점,기간제근로자 채용 면접 다과 구입,32000,b30600ac31de5cdf9356d73ebe905c2aafcfe0ffcafe1b19505f9ae89e524e97,sheet2:R2,,,
b30600ac31de5cdf-sheet2-R3,2026-04-20,busan-haeundae,,쿠팡,사무실 직원용 다과 구입,134360,b30600ac31de5cdf9356d73ebe905c2aafcfe0ffcafe1b19505f9ae89e524e97,sheet2:R3,,,
b64936d59a195845-sheet1-R2,2026-05-18,busan-haeundae,,풍천만,온나라 시스템 인프라 개선 관련 논의 간담회 개최,257000,b64936d59a1958458bd7dd8dba85c29bd6187c90feb318a1e8ddb062e7a5a614,sheet1:R2,,,
b64936d59a195845-sheet1-R3,2026-05-28,busan-haeundae,,꼬막정찬 마린시티점,악성민원 대응방안 논의를 위한 간담회 개최,100000,b64936d59a1958458bd7dd8dba85c29bd6187c90feb318a1e8ddb062e7a5a614,sheet1:R3,,,
b64936d59a195845-sheet2-R2,2026-05-21,busan-haeundae,,주식회사 제이에스타운,보령시 우수부서 직원소통 워크숍 방문 기념품 구입,180000,b64936d59a1958458bd7dd8dba85c29bd6187c90feb318a1e8ddb062e7a5a614,sheet2:R2,,,
b64936d59a195845-sheet2-R3,2026-05-26,busan-haeundae,,미리내카페,제9회 전국동시지방선거 추진 동 직원 격려 간식 구입,1800000,b64936d59a1958458bd7dd8dba85c29bd6187c90feb318a1e8ddb062e7a5a614,sheet2:R3,,,
fbb3e1aa48045815-sheet1-R2,2026-06-10,busan-haeundae,,민들레언덕,7월 재산세 정기분 부과 관련 논의 간담회 개최,102000,fbb3e1aa48045815962a626a7233531a2964271d5ab84a24d80926d51b5048c7,sheet1:R2,,,
fbb3e1aa48045815-sheet1-R3,2026-06-12,busan-haeundae,,풍천만,지방세 체납액 정리 및 징수율 제고를 위한 간담회 개최,234500,fbb3e1aa48045815962a626a7233531a2964271d5ab84a24d80926d51b5048c7,sheet1:R3,,,
fbb3e1aa48045815-sheet1-R4,2026-06-18,busan-haeundae,,등촌물회,2026년 상반기 노고 격려 간담회 개최,148000,fbb3e1aa48045815962a626a7233531a2964271d5ab84a24d80926d51b5048c7,sheet1:R4,,,
fbb3e1aa48045815-sheet2-R2,2026-06-04,busan-haeundae,,쿠팡,사무실 직원용 다과 구입,117250,fbb3e1aa48045815962a626a7233531a2964271d5ab84a24d80926d51b5048c7,sheet2:R2,,,
fbb3e1aa48045815-sheet2-R3,2026-06-08,busan-haeundae,,옵스,회의용 다과 구입,50000,fbb3e1aa48045815962a626a7233531a2964271d5ab84a24d80926d51b5048c7,sheet2:R3,,,
fbb3e1aa48045815-sheet2-R4,2026-06-09,busan-haeundae,,99플라워,자매결연 및 우호교류도시 연임 단체장 축화 화분 구입,499500,fbb3e1aa48045815962a626a7233531a2964271d5ab84a24d80926d51b5048c7,sheet2:R4,,,
fbb3e1aa48045815-sheet2-R5,2026-06-09,busan-haeundae,,SSG,인사발령 교육용 다과구입,211650,fbb3e1aa48045815962a626a7233531a2964271d5ab84a24d80926d51b5048c7,sheet2:R5,,,
fbb3e1aa48045815-sheet2-R6,2026-06-09,busan-haeundae,,SSG,평가단 교육용 음료 구입,87600,fbb3e1aa48045815962a626a7233531a2964271d5ab84a24d80926d51b5048c7,sheet2:R6,,,
fbb3e1aa48045815-sheet2-R7,2026-06-18,busan-haeundae,,블루샥(해운대 중동점),회의용 음료 구입,39100,fbb3e1aa48045815962a626a7233531a2964271d5ab84a24d80926d51b5048c7,sheet2:R7,,,
fbb3e1aa48045815-sheet2-R8,2026-06-18,busan-haeundae,,뉴한국마트,2026년 제2차 산업안전보건위원회 음료 구입,26000,fbb3e1aa48045815962a626a7233531a2964271d5ab84a24d80926d51b5048c7,sheet2:R8,,,
fbb3e1aa48045815-sheet2-R9,2026-06-18,busan-haeundae,,은쏨,2026년 제2차 산업안전보건위원회 다과 구입,400000,fbb3e1aa48045815962a626a7233531a2964271d5ab84a24d80926d51b5048c7,sheet2:R9,,,
fbb3e1aa48045815-sheet2-R10,2026-06-25,busan-haeundae,,따뜻한 식사이야기 해월,7.1.자 인사발령에 따른 부서 직원 격려 간담회 개최,1120000,fbb3e1aa48045815962a626a7233531a2964271d5ab84a24d80926d51b5048c7,sheet2:R10,,,
fbb3e1aa48045815-sheet2-R11,2026-06-29,busan-haeundae,,8282꽃배달,자매결연 및 우호교류도시 신임 단체장 축화 화분 구입,891000,fbb3e1aa48045815962a626a7233531a2964271d5ab84a24d80926d51b5048c7,sheet2:R11,,,
03ba96cad9c04409-sheet1-R6,2026-06-08,busan-haeundae,,진원집,반여1동 통장협의회 격려 간담회 개최,767500,03ba96cad9c04409c6ba577186e67b2229a1523a2c6ce974c1807928a426cad3,sheet1:R6,,,
03ba96cad9c04409-sheet1-R7,2026-06-23,busan-haeundae,,아지한우,직원 격려 간담회 개최,840000,03ba96cad9c04409c6ba577186e67b2229a1523a2c6ce974c1807928a426cad3,sheet1:R7,,,
82c22bd5b2d5cd65-sheet1-R5,2026-06-16,busan-haeundae,교육도서관과,Café 다온,늘배움신문 제작 회의 관련 음료 구입,77000,82c22bd5b2d5cd65bfda23f11e9af3c2507838f526de0e9b86feb3b0dbb36f16,sheet1:R5,,,
82c22bd5b2d5cd65-sheet1-R6,2026-06-26,busan-haeundae,교육도서관과,북카페,늘배움신문 제작 회의 관련 음료 구입,66000,82c22bd5b2d5cd65bfda23f11e9af3c2507838f526de0e9b86feb3b0dbb36f16,sheet1:R6,,,
5f0d61b6d01f3ff8-sheet1-R4,2026-05-27,busan-haeundae,,한우리가,구정 주요 정책사업 홍보를 위한 출입기자 간담회,210000,5f0d61b6d01f3ff8c85037e39582d6e68a24da92c4819eb637f6302e4f0c0808,sheet1:R4,,,
5f0d61b6d01f3ff8-sheet1-R5,2026-06-24,busan-haeundae,,운단수산,해운대해수욕장 개장 등 홍보를 위한 구 출입기자와의 간담회,180000,5f0d61b6d01f3ff8c85037e39582d6e68a24da92c4819eb637f6302e4f0c0808,sheet1:R5,,,
5f0d61b6d01f3ff8-sheet1-R6,2026-06-29,busan-haeundae,,소문난양곱창,홍보협력과 직원 상반기 간담회,624000,5f0d61b6d01f3ff8c85037e39582d6e68a24da92c4819eb637f6302e4f0c0808,sheet1:R6,,,
5f0d61b6d01f3ff8-sheet1-R7,2026-06-30,busan-haeundae,,돈독,해운대구체육회 노고 격려 간담회,300000,5f0d61b6d01f3ff8c85037e39582d6e68a24da92c4819eb637f6302e4f0c0808,sheet1:R7,,,
92fdda2505d27a43-sheet1-R5,2026-06-18,busan-haeundae,중1동,해리돼지국밥,「2026년 새마을지도자 사랑의 집수리」사업 지원 계획,154000,92fdda2505d27a43b892f070769472d0e58eb09b36e0d1ca6530f8e34944bd18,sheet1:R5,,,
af4df8386f631843-sheet1-R5,2026-04-01,busan-haeundae,,뉴한국마트,[카드]사무실 다과 구입,83900,af4df8386f631843003f0de8104b086e1c5762f1ab499dd391b4ef45f81fab35,sheet1:R5,,,
af4df8386f631843-sheet1-R6,2026-04-15,busan-haeundae,,쿠팡㈜,[카드]사무실 다과 구입,103320,af4df8386f631843003f0de8104b086e1c5762f1ab499dd391b4ef45f81fab35,sheet1:R6,,,
af4df8386f631843-sheet1-R7,2026-04-28,busan-haeundae,,초원집,2026년 공무직(도로관리원) 수련회 개최에 따른 중식 지원 건의,750000,af4df8386f631843003f0de8104b086e1c5762f1ab499dd391b4ef45f81fab35,sheet1:R7,,,
af4df8386f631843-sheet1-R8,2026-05-14,busan-haeundae,,욱이수육,도로 정비 관련 업무협의 간담회 개최,240000,af4df8386f631843003f0de8104b086e1c5762f1ab499dd391b4ef45f81fab35,sheet1:R8,,,
af4df8386f631843-sheet1-R9,2026-05-20,busan-haeundae,,G마켓,[카드]사무실 다과 구입,202310,af4df8386f631843003f0de8104b086e1c5762f1ab499dd391b4ef45f81fab35,sheet1:R9,,,
af4df8386f631843-sheet1-R10,2026-06-11,busan-haeundae,,쿠팡㈜,[카드]사무실 음료 구입,105840,af4df8386f631843003f0de8104b086e1c5762f1ab499dd391b4ef45f81fab35,sheet1:R10,,,
af4df8386f631843-sheet1-R11,2026-06-29,busan-haeundae,,해운대 족발보쌈,[카드]직원 격려 간담회 개최,677000,af4df8386f631843003f0de8104b086e1c5762f1ab499dd391b4ef45f81fab35,sheet1:R11,,,
323a0b9cb62b99cb-sheet1-R3,2026-04-21,busan-haeundae,,텐퍼센트스페셜티커피,2026년 해운대구 신청사 건립공사 제1회 기술자문위원회 커피 등 구입,37000,323a0b9cb62b99cbd3b00192873e8764fffa7bc7308fd3b157f76f8f872cabe3,sheet1:R3,,,
323a0b9cb62b99cb-sheet1-R4,2026-05-15,busan-haeundae,,비비큐,직원 격려 부서 간담회 개최,237819,323a0b9cb62b99cbd3b00192873e8764fffa7bc7308fd3b157f76f8f872cabe3,sheet1:R4,,,
323a0b9cb62b99cb-sheet1-R5,2026-05-20,busan-haeundae,,쿠팡(주),부서 직원용 다과 등 구입,41300,323a0b9cb62b99cbd3b00192873e8764fffa7bc7308fd3b157f76f8f872cabe3,sheet1:R5,,,
323a0b9cb62b99cb-sheet1-R6,2026-06-26,busan-haeundae,,"꽃도새기, cafe 다온",인사이동에 따른 부서 간담회 개최,291900,323a0b9cb62b99cbd3b00192873e8764fffa7bc7308fd3b157f76f8f872cabe3,sheet1:R6,,,
e65fe307d45e6603-sheet1-R6,2026-06-04,busan-haeundae,,세이프룻 해운대엘시티점,통장협의회 임원진 업무협의 다과 구입,39200,e65fe307d45e6603705ec356d92657693f04f2c645f32a9acc55f2d836123053,sheet1:R6,,,
e65fe307d45e6603-sheet1-R7,2026-06-04,busan-haeundae,,㈜서원유통TOPMART,직원 격려용 다과 구입,100000,e65fe307d45e6603705ec356d92657693f04f2c645f32a9acc55f2d836123053,sheet1:R7,,,
e65fe307d45e6603-sheet1-R8,2026-06-10,busan-haeundae,,쿠팡㈜,내방객 차 구입,25900,e65fe307d45e6603705ec356d92657693f04f2c645f32a9acc55f2d836123053,sheet1:R8,,,
e65fe307d45e6603-sheet1-R9,2026-06-18,busan-haeundae,,쿠팡㈜,환경정비 단체 격려 음료 구입,111800,e65fe307d45e6603705ec356d92657693f04f2c645f32a9acc55f2d836123053,sheet1:R9,,,
e65fe307d45e6603-sheet1-R10,2026-06-29,busan-haeundae,,아리아 뷔페,인사이동에 따른 직원 감담회 개최,450000,e65fe307d45e6603705ec356d92657693f04f2c645f32a9acc55f2d836123053,sheet1:R10,,,
e65fe307d45e6603-sheet1-R11,2026-06-29,busan-haeundae,,스펀지엘지,주민자율방역단 방역활동 격려 간담회,200000,e65fe307d45e6603705ec356d92657693f04f2c645f32a9acc55f2d836123053,sheet1:R11,,,
e65fe307d45e6603-sheet1-R12,2026-06-29,busan-haeundae,,쿠팡㈜,직원 격려용 다과 구입,9190,e65fe307d45e6603705ec356d92657693f04f2c645f32a9acc55f2d836123053,sheet1:R12,,,
e65fe307d45e6603-sheet1-R13,2026-06-30,busan-haeundae,,원조전복죽,주민자치 업무추진 간담회 개최,67000,e65fe307d45e6603705ec356d92657693f04f2c645f32a9acc55f2d836123053,sheet1:R13,,,
3fba6197eb285e3d-sheet1-R2,2026-06-02,busan-haeundae,,제첩마을 섬진강 외 1,좌1동 좋은이웃봉사단2기 활동 격려 간담회 개최(카드결제),70000,3fba6197eb285e3d687125b0d7f92dbf0070b4f5c47684994411cf8436252252,sheet1:R2,,,
3fba6197eb285e3d-sheet1-R3,2026-06-09,busan-haeundae,,쌈보보쌈 해운대점,새마을지도자 좌1동부녀회 활동 격려 간담회 개최(카드결제),208000,3fba6197eb285e3d687125b0d7f92dbf0070b4f5c47684994411cf8436252252,sheet1:R3,,,
3fba6197eb285e3d-sheet1-R4,2026-06-09,busan-haeundae,,보네브 외 1,좌1동 단체장 업무추진 간담회 개최(카드결제),136500,3fba6197eb285e3d687125b0d7f92dbf0070b4f5c47684994411cf8436252252,sheet1:R4,,,
3fba6197eb285e3d-sheet1-R5,2026-06-16,busan-haeundae,,㈜이대명과 해운대점,2026년 지역사회보장협의체 워크숍 기관방문 기념품 구입(카드결제),90000,3fba6197eb285e3d687125b0d7f92dbf0070b4f5c47684994411cf8436252252,sheet1:R5,,,
3fba6197eb285e3d-sheet1-R6,2026-06-22,busan-haeundae,,소문난 양곱창,동체육회 간담회 개최(카드결제),290000,3fba6197eb285e3d687125b0d7f92dbf0070b4f5c47684994411cf8436252252,sheet1:R6,,,
3fba6197eb285e3d-sheet1-R7,2026-06-19,busan-haeundae,,청산1954,좌1동 지역사회보장협의체 활동 격려 간담회 개최(카드결제),333000,3fba6197eb285e3d687125b0d7f92dbf0070b4f5c47684994411cf8436252252,sheet1:R7,,,
3fba6197eb285e3d-sheet1-R8,2026-06-25,busan-haeundae,,소문난 양곱창,바르게살기운동 좌1동위원회 활동 격려 간담회 개최(카드결제),360000,3fba6197eb285e3d687125b0d7f92dbf0070b4f5c47684994411cf8436252252,sheet1:R8,,,
3fba6197eb285e3d-sheet1-R9,2026-05-21,busan-haeundae,,호랑이젤라떡,직원용 간식 구입(카드결제),306000,3fba6197eb285e3d687125b0d7f92dbf0070b4f5c47684994411cf8436252252,sheet1:R9,,,
7f555bda40b29af6-sheet1-R5,2026-06-08,busan-haeundae,반여4동,화화(반여점),반여4동 주민자치위원 간담회 개최 건의,499000,7f555bda40b29af6f3f9991f60015bedff9baac2478bc8ca8b053a913ed54ece,sheet1:R5,,,
7f555bda40b29af6-sheet1-R6,2026-06-10,busan-haeundae,반여4동,쿠팡㈜,내방객용 차 구입,131600,7f555bda40b29af6f3f9991f60015bedff9baac2478bc8ca8b053a913ed54ece,sheet1:R6,,,
7f555bda40b29af6-sheet1-R7,2026-06-17,busan-haeundae,반여4동,꿈+블렌딩,반여4동 경로행사 추진 자원봉사자 격려 음료 구입,165300,7f555bda40b29af6f3f9991f60015bedff9baac2478bc8ca8b053a913ed54ece,sheet1:R7,,,
7f555bda40b29af6-sheet1-R8,2026-06-22,busan-haeundae,반여4동,산들바람,새마을부녀회 간담회 개최,192000,7f555bda40b29af6f3f9991f60015bedff9baac2478bc8ca8b053a913ed54ece,sheet1:R8,,,
28c4554e9392234f-sheet1-R5,2026-04-21,busan-haeundae,반여4동,쿠팡,내방객용 다과 구입,215250,28c4554e9392234fed039c9c3fed0b79413899969df5cefb55770547b208ca9f,sheet1:R5,,,
28c4554e9392234f-sheet1-R6,2026-04-29,busan-haeundae,반여4동,총각네시장횟집,관내 주요현안 논의 간담회 개최,210000,28c4554e9392234fed039c9c3fed0b79413899969df5cefb55770547b208ca9f,sheet1:R6,,,
77e6e2be3b4b669a-sheet1-R5,2026-06-08,busan-haeundae,,피치앤크림,주민자치위원회 활동 노고 격려 간식 구입,220400,77e6e2be3b4b669ada50a103efe4128236a11bb3e0de7b915f0d0f50542a6756,sheet1:R5,,,
77e6e2be3b4b669a-sheet1-R6,2026-06-10,busan-haeundae,,고향방앗간,통장 역량강화 워크숍 행사지원 다과 구입,48000,77e6e2be3b4b669ada50a103efe4128236a11bb3e0de7b915f0d0f50542a6756,sheet1:R6,,,
77e6e2be3b4b669a-sheet1-R7,2026-06-23,busan-haeundae,,삼거리떡집,새마을단체 행사지원 다과 구입,180000,77e6e2be3b4b669ada50a103efe4128236a11bb3e0de7b915f0d0f50542a6756,sheet1:R7,,,
77e6e2be3b4b669a-sheet1-R8,2026-06-26,busan-haeundae,,꽃 피올라',2026년 새바을방역봉사대 수상격려 물품 구입,50000,77e6e2be3b4b669ada50a103efe4128236a11bb3e0de7b915f0d0f50542a6756,sheet1:R8,,,
77e6e2be3b4b669a-sheet1-R9,2026-06-26,busan-haeundae,,고메뷔페,현안업무 추진에 따른 직원 노고격려 간담회 개최,493500,77e6e2be3b4b669ada50a103efe4128236a11bb3e0de7b915f0d0f50542a6756,sheet1:R9,,,
46af456dd1df3176-sheet1-R5,2026-05-21,busan-haeundae,,쿠팡㈜,직원용 다과 구매,93840,46af456dd1df3176842232a6b905293ba082c3636b052c64977874586704c650,sheet1:R5,,,
9dcb1af963fec9d1-sheet1-R3,2026-06-10,busan-haeundae,,행복한 오리,주민자치위원회 활동 격려 간담회,476000,9dcb1af963fec9d13a0d6e03b9cdeac88bcda5ca9d07b23b8baff5eb3a230378,sheet1:R3,,,
9dcb1af963fec9d1-sheet1-R4,2026-06-16,busan-haeundae,,홍유단,새마을문고 활동 격려 간담회,200000,9dcb1af963fec9d13a0d6e03b9cdeac88bcda5ca9d07b23b8baff5eb3a230378,sheet1:R4,,,
9dcb1af963fec9d1-sheet1-R5,2026-06-29,busan-haeundae,,고메스퀘어,직원 노고 격려 간담회,336000,9dcb1af963fec9d13a0d6e03b9cdeac88bcda5ca9d07b23b8baff5eb3a230378,sheet1:R5,,,
5fe8114fb099035a-sheet1-R2,2026-04-16,busan-haeundae,,쿠팡,직원용 간식 구입,60080,5fe8114fb099035abe178d8d62a62639c20f83ca822cfa743b4a98267fcd2422,sheet1:R2,,,
5fe8114fb099035a-sheet1-R3,2026-04-20,busan-haeundae,,백년식당,해운대문화예술단 격려 간담회 개최,240000,5fe8114fb099035abe178d8d62a62639c20f83ca822cfa743b4a98267fcd2422,sheet1:R3,,,
5fe8114fb099035a-sheet1-R4,2026-04-20,busan-haeundae,,쿠팡,해운대구 인구정책 기본계획 수립 용역 착수보고회 다과 구입,52070,5fe8114fb099035abe178d8d62a62639c20f83ca822cfa743b4a98267fcd2422,sheet1:R4,,,
5fe8114fb099035a-sheet1-R5,2026-04-23,busan-haeundae,,파스쿠찌,청년공간이음협의체 간담회 개최,42600,5fe8114fb099035abe178d8d62a62639c20f83ca822cfa743b4a98267fcd2422,sheet1:R5,,,
5fe8114fb099035a-sheet1-R6,2026-05-15,busan-haeundae,,쿠팡,직원용 간식 구입,67170,5fe8114fb099035abe178d8d62a62639c20f83ca822cfa743b4a98267fcd2422,sheet1:R6,,,
5fe8114fb099035a-sheet1-R7,2026-05-19,busan-haeundae,,예이제,직원 노고 격려 간담회 개최,340000,5fe8114fb099035abe178d8d62a62639c20f83ca822cfa743b4a98267fcd2422,sheet1:R7,,,
5fe8114fb099035a-sheet1-R8,2026-06-08,busan-haeundae,,제이에스타운,경제총조사 격려품 구입,48000,5fe8114fb099035abe178d8d62a62639c20f83ca822cfa743b4a98267fcd2422,sheet1:R8,,,
5fe8114fb099035a-sheet1-R9,2026-06-15,busan-haeundae,,쿠팡,직원용 다과 구입,87860,5fe8114fb099035abe178d8d62a62639c20f83ca822cfa743b4a98267fcd2422,sheet1:R9,,,
5fe8114fb099035a-sheet1-R10,2026-06-18,busan-haeundae,,던킨도너츠 등,구 주요 현안사업 관계자 협의 간담회 개최,94200,5fe8114fb099035abe178d8d62a62639c20f83ca822cfa743b4a98267fcd2422,sheet1:R10,,,
5fe8114fb099035a-sheet1-R11,2026-06-30,busan-haeundae,,사계 언양불고기,인사발령에 따른 직원 격려 간담회 개최,468000,5fe8114fb099035abe178d8d62a62639c20f83ca822cfa743b4a98267fcd2422,sheet1:R11,,,
5fe8114fb099035a-sheet1-R12,2026-06-30,busan-haeundae,,한국마트,직원용 음료 구입,15800,5fe8114fb099035abe178d8d62a62639c20f83ca822cfa743b4a98267fcd2422,sheet1:R12,,,
804440dff90ba7da-sheet1-R5,2026-06-11,busan-haeundae,중2동,주식회사 영남알프스,중2동 자율방재단 회의 및 격려 간담회 개최,144500,804440dff90ba7daa228166e0ad1847be0af51f65309bd057c5100e4ed9660a5,sheet1:R5,,,
804440dff90ba7da-sheet1-R6,2026-06-17,busan-haeundae,중2동,주식회사 향화정,중2동 지역사회보장협의체 격려 간담회 개최,255000,804440dff90ba7daa228166e0ad1847be0af51f65309bd057c5100e4ed9660a5,sheet1:R6,,,
804440dff90ba7da-sheet1-R7,2026-06-18,busan-haeundae,중2동,루틴커피,옥상텃밭 유기농채소 나눔 참여자 격려 간담회 개최,75000,804440dff90ba7daa228166e0ad1847be0af51f65309bd057c5100e4ed9660a5,sheet1:R7,,,
804440dff90ba7da-sheet1-R8,2026-06-24,busan-haeundae,중2동,최부자축산,직원 격려 간담회 개최,420000,804440dff90ba7daa228166e0ad1847be0af51f65309bd057c5100e4ed9660a5,sheet1:R8,,,
804440dff90ba7da-sheet1-R9,2026-06-30,busan-haeundae,중2동,해운대 하선집,직원 격려 간담회 개최,255000,804440dff90ba7daa228166e0ad1847be0af51f65309bd057c5100e4ed9660a5,sheet1:R9,,,
1c553a470f69d593-sheet1-R3,2026-06-05,busan-haeundae,지방소득세과,경복궁,지방소득세(종합소득분) 확정신고 운영 간담회,300000,1c553a470f69d593a66c888fedbf7bb8ce7a109e34b3f36bdfe642c302f54fbc,sheet1:R3,,,
dc93a6fc3d8ac411-sheet1-R6,2026-06-25,busan-haeundae,,해림식당,통장 격려 간담회 개최,216000,dc93a6fc3d8ac411b574c9ad888b501c329c4ff1e2ba6253ac26f187ded046b6,sheet1:R6,,,
dc93a6fc3d8ac411-sheet1-R7,2026-06-29,busan-haeundae,,엄마손대구탕,직원 격려 간담회 개최,237000,dc93a6fc3d8ac411b574c9ad888b501c329c4ff1e2ba6253ac26f187ded046b6,sheet1:R7,,,
b53a2192c23c835f-sheet1-R6,2026-06-10,busan-haeundae,,관내식당,동정 업무 협조를 위한 단체장 간담회 개최 건의[카드결제],194000,b53a2192c23c835ffc294f46cd9c97d9fe2e85a6c09cc7c0f720e53fde88b926,sheet1:R6,,,
b53a2192c23c835f-sheet1-R7,2026-06-12,busan-haeundae,,관내식당,바르게살기운동위원회 간담회 개최 건의[카드결제],140000,b53a2192c23c835ffc294f46cd9c97d9fe2e85a6c09cc7c0f720e53fde88b926,sheet1:R7,,,
b53a2192c23c835f-sheet1-R8,2026-06-12,busan-haeundae,,관내식당,2026년 6월 좌동권역 기관장 회의 개최 건의,350000,b53a2192c23c835ffc294f46cd9c97d9fe2e85a6c09cc7c0f720e53fde88b926,sheet1:R8,,,
b53a2192c23c835f-sheet1-R9,2026-06-15,busan-haeundae,,관내식당,통합돌봄 사업 운영업무 격려를 위한 간담회 개최 건의[카드결제],266300,b53a2192c23c835ffc294f46cd9c97d9fe2e85a6c09cc7c0f720e53fde88b926,sheet1:R9,,,
b53a2192c23c835f-sheet1-R10,2026-06-15,busan-haeundae,,관내식당,새마을문고 간담회 개최 건의[카드결제],300000,b53a2192c23c835ffc294f46cd9c97d9fe2e85a6c09cc7c0f720e53fde88b926,sheet1:R10,,,
b53a2192c23c835f-sheet1-R11,2026-06-16,busan-haeundae,,관내식당,방재단업무 격려를 위한 간담회 개최 건의[카드결제],300000,b53a2192c23c835ffc294f46cd9c97d9fe2e85a6c09cc7c0f720e53fde88b926,sheet1:R11,,,
b53a2192c23c835f-sheet1-R12,2026-06-18,busan-haeundae,,좌동 더마트,내방객 및 단체회의용 음료 및 간식 구입 건의[카드결제],170000,b53a2192c23c835ffc294f46cd9c97d9fe2e85a6c09cc7c0f720e53fde88b926,sheet1:R12,,,
b53a2192c23c835f-sheet1-R13,2026-06-26,busan-haeundae,,관내식당,인사이동에 따른 직원 간담회 개최 건의[카드결제],177000,b53a2192c23c835ffc294f46cd9c97d9fe2e85a6c09cc7c0f720e53fde88b926,sheet1:R13,,,
161ac6becc281745-sheet1-R2,2026-04-02,busan-haeundae,,마산아구찜,부서 현안사항 논의를 위한 간담회 개최,160000,161ac6becc2817453c52af8257b05426f9ffff260f36b817fe1a5e9652e8e92f,sheet1:R2,,,
161ac6becc281745-sheet1-R3,2026-04-03,busan-haeundae,,초일육,비전전략국 현안 공유 간담회 개최,287000,161ac6becc2817453c52af8257b05426f9ffff260f36b817fe1a5e9652e8e92f,sheet1:R3,,,
161ac6becc281745-sheet1-R4,2026-04-06,busan-haeundae,,언양봉계숯불갈비,평생학습 관련 간담회 개최,200000,161ac6becc2817453c52af8257b05426f9ffff260f36b817fe1a5e9652e8e92f,sheet1:R4,,,
161ac6becc281745-sheet1-R5,2026-04-20,busan-haeundae,,백년식당,일자리 관련 주요 현안 사항 논의를 위한 간담회 개최,90000,161ac6becc2817453c52af8257b05426f9ffff260f36b817fe1a5e9652e8e92f,sheet1:R5,,,
161ac6becc281745-sheet1-R6,2026-04-27,busan-haeundae,,뉴한국마트,2026년 예산성과금 본심사위원회 다과 구입,45150,161ac6becc2817453c52af8257b05426f9ffff260f36b817fe1a5e9652e8e92f,sheet1:R6,,,
161ac6becc281745-sheet1-R7,2026-06-11,busan-haeundae,,남천집,주요 현안 논의를 위한 간담회 개최,193000,161ac6becc2817453c52af8257b05426f9ffff260f36b817fe1a5e9652e8e92f,sheet1:R7,,,
161ac6becc281745-sheet1-R8,2026-06-29,busan-haeundae,,제줏집마농갈비,구정 주요 현안사항 논의 간담회 개최,302700,161ac6becc2817453c52af8257b05426f9ffff260f36b817fe1a5e9652e8e92f,sheet1:R8,,,
2382b3cede0b9837-sheet1-R6,2026-06-05,busan-haeundae,,텐퍼센트커피,선거업무 노고 격려를 위한 직원 간담회,419300,2382b3cede0b9837bc99ecf8e5efd7d5cd0d6cc920d5aa1bf4d4346f3a7d1744,sheet1:R6,,,
2382b3cede0b9837-sheet1-R7,2026-06-11,busan-haeundae,,재반무지개 행복마을 외 1,2026년 상반기 사랑의 밥차 자원봉사자 커피 구입,40000,2382b3cede0b9837bc99ecf8e5efd7d5cd0d6cc920d5aa1bf4d4346f3a7d1744,sheet1:R7,,,
2382b3cede0b9837-sheet1-R8,2026-06-25,busan-haeundae,,쿠팡,내방객용 커피 구입,31960,2382b3cede0b9837bc99ecf8e5efd7d5cd0d6cc920d5aa1bf4d4346f3a7d1744,sheet1:R8,,,
2382b3cede0b9837-sheet1-R9,2026-06-25,busan-haeundae,,식당3선,체육회 건강걷기대회 행사 성료 격려 간담회,300000,2382b3cede0b9837bc99ecf8e5efd7d5cd0d6cc920d5aa1bf4d4346f3a7d1744,sheet1:R9,,,
2382b3cede0b9837-sheet1-R10,2026-06-29,busan-haeundae,,식당3선,인사이동에 따른 직원 간담회,616000,2382b3cede0b9837bc99ecf8e5efd7d5cd0d6cc920d5aa1bf4d4346f3a7d1744,sheet1:R10,,,
2382b3cede0b9837-sheet1-R11,2026-06-30,busan-haeundae,,식당3선,단체장 간담회 개최,320000,2382b3cede0b9837bc99ecf8e5efd7d5cd0d6cc920d5aa1bf4d4346f3a7d1744,sheet1:R11,,,
2eea377ef1cf3b33-sheet1-R6,2026-04-07,busan-haeundae,,주식회사 창조시티(더레스트마린지점),세계디자인수도 공공디자인 사업 관련 간담회 개최,59800,2eea377ef1cf3b331c4e225b46ca2628d701c68732a18b8d75d3008885e0d8b9,sheet1:R6,,,
2eea377ef1cf3b33-sheet1-R7,2026-04-07,busan-haeundae,,쿠팡,(카드)경관위원회 회의 다과 등 구입,42440,2eea377ef1cf3b331c4e225b46ca2628d701c68732a18b8d75d3008885e0d8b9,sheet1:R7,,,
2eea377ef1cf3b33-sheet1-R8,2026-04-09,busan-haeundae,,쿠팡,내방객용 음료 및 다과 구입(카드),188170,2eea377ef1cf3b331c4e225b46ca2628d701c68732a18b8d75d3008885e0d8b9,sheet1:R8,,,
2eea377ef1cf3b33-sheet1-R9,2026-04-09,busan-haeundae,,초원복국,쾌적한 도시 경관을 위한 관계자 간담회 개최(카드),288000,2eea377ef1cf3b331c4e225b46ca2628d701c68732a18b8d75d3008885e0d8b9,sheet1:R9,,,
2eea377ef1cf3b33-sheet1-R10,2026-04-17,busan-haeundae,,오리마시떼,해운대구도시재생지원센터-반송종합사회복지관 업무협약 관련 간담회 개최,112000,2eea377ef1cf3b331c4e225b46ca2628d701c68732a18b8d75d3008885e0d8b9,sheet1:R10,,,
2eea377ef1cf3b33-sheet1-R11,2026-04-28,busan-haeundae,,하숙집,해운대스퀘어 미디어탐사단 간담회 개최,600000,2eea377ef1cf3b331c4e225b46ca2628d701c68732a18b8d75d3008885e0d8b9,sheet1:R11,,,
2eea377ef1cf3b33-sheet1-R12,2026-05-29,busan-haeundae,,오리마시떼,반송2동 송이공방 운영 활성화를 위한 작가 간담회 개최,98000,2eea377ef1cf3b331c4e225b46ca2628d701c68732a18b8d75d3008885e0d8b9,sheet1:R12,,,
2eea377ef1cf3b33-sheet1-R13,2026-06-12,busan-haeundae,,세이브존,해운대스퀘어 민관합동협의회 상반기 정기회의 음료 구입,21800,2eea377ef1cf3b331c4e225b46ca2628d701c68732a18b8d75d3008885e0d8b9,sheet1:R13,,,
2eea377ef1cf3b33-sheet1-R14,2026-06-12,busan-haeundae,,남천집(중동점),하반기 옥외광고시설물 관리방향 모색을 위한 간담회 개최(카드),200000,2eea377ef1cf3b331c4e225b46ca2628d701c68732a18b8d75d3008885e0d8b9,sheet1:R14,,,
2eea377ef1cf3b33-sheet1-R15,2026-06-15,busan-haeundae,,투데이프룻,해운대스퀘어 민관합동협의회 상반기 정기회의 간식 구입,60000,2eea377ef1cf3b331c4e225b46ca2628d701c68732a18b8d75d3008885e0d8b9,sheet1:R15,,,
2eea377ef1cf3b33-sheet1-R16,2026-06-19,busan-haeundae,,미우 숯불갈비,직원 노고 격려 간담회 개최(카드),400000,2eea377ef1cf3b331c4e225b46ca2628d701c68732a18b8d75d3008885e0d8b9,sheet1:R16,,,
2eea377ef1cf3b33-sheet1-R17,2026-06-22,busan-haeundae,,미우 숯불갈비,반송1동 도시재생사업과 지역사회 연계 협의 간담회,300000,2eea377ef1cf3b331c4e225b46ca2628d701c68732a18b8d75d3008885e0d8b9,sheet1:R17,,,
2eea377ef1cf3b33-sheet1-R18,2026-06-24,busan-haeundae,,뉴한국마트,마을지기사무소 기간제근로자 상반기 간담회 다과 구매,17300,2eea377ef1cf3b331c4e225b46ca2628d701c68732a18b8d75d3008885e0d8b9,sheet1:R18,,,
2eea377ef1cf3b33-sheet1-R19,2026-06-26,busan-haeundae,,미우 숯불갈비,인사이동에 따른 직원 격려 간담회 개최(카드),500000,2eea377ef1cf3b331c4e225b46ca2628d701c68732a18b8d75d3008885e0d8b9,sheet1:R19,,,
a320538769e33edf-sheet1-R4,2026-04-27,busan-haeundae,건설과,뉴한국마트,도시건축공동위원회 개최에 따른 다과 구입,150000,a320538769e33edf30160b2a96bcf42e8a650cfc10b0012d64b3d1bd63a637e2,sheet1:R4,,,
a320538769e33edf-sheet1-R5,2026-06-09,busan-haeundae,건설과,따뜻한식사이야기 해월,원활한 도로건설사업 추진 간담회 개최,480000,a320538769e33edf30160b2a96bcf42e8a650cfc10b0012d64b3d1bd63a637e2,sheet1:R5,,,
a320538769e33edf-sheet1-R6,2026-06-23,busan-haeundae,건설과,네스프레소,사무실 비치 음료 구입,159900,a320538769e33edf30160b2a96bcf42e8a650cfc10b0012d64b3d1bd63a637e2,sheet1:R6,,,
30238650cd51ecb2-sheet1-R4,2026-06-15,busan-haeundae,공동주택과,쿠팡,사무실 차(茶) 구입,83630,30238650cd51ecb22e317c493f66d5074bac6ccf6d4ebd1e1865053b8cf01a0a,sheet1:R4,,,
aee52bf7a6f2119d-sheet1-R3,2026-06-01,busan-haeundae,건강증진과,애드몬스터즈,건강증진과 퇴임식 현수막 구입,57000,aee52bf7a6f2119d76da958db4f91993d413d19301c7cc003d64b33f72bcf39e,sheet1:R3,,,
aee52bf7a6f2119d-sheet1-R4,2026-06-09,busan-haeundae,건강증진과,오리마시떼,반송권역 하하마을건강센터 건강협의쳬 간담회,308000,aee52bf7a6f2119d76da958db4f91993d413d19301c7cc003d64b33f72bcf39e,sheet1:R4,,,
aee52bf7a6f2119d-sheet1-R5,2026-06-12,busan-haeundae,건강증진과,언양봉계숯불갈비,반여권역 하하마을건강센터 건강협의체 간담회,180000,aee52bf7a6f2119d76da958db4f91993d413d19301c7cc003d64b33f72bcf39e,sheet1:R5,,,
aee52bf7a6f2119d-sheet1-R6,2026-06-17,busan-haeundae,건강증진과,따뜻한식사이야기 해월,2026년 상반기 지역사회협의체 회의,297000,aee52bf7a6f2119d76da958db4f91993d413d19301c7cc003d64b33f72bcf39e,sheet1:R6,,,
aee52bf7a6f2119d-sheet1-R7,2026-06-24,busan-haeundae,건강증진과,모아쏭치킨,건강생활지원센터 협의체 간담회,451900,aee52bf7a6f2119d76da958db4f91993d413d19301c7cc003d64b33f72bcf39e,sheet1:R7,,,
7447bfad6b8d7e5a-table1-R2,2026-06-04,busan-haeundae,,쿠팡,[카드]내방객용 다과 구입 건의,113490,7447bfad6b8d7e5af8452983129a6b2bc2019b4511ccf774e21a520204bbb6c4,table1:R2,,,
7447bfad6b8d7e5a-table1-R3,2026-06-10,busan-haeundae,,㈜이마트해운대점,[카드]2026년 상반기 직원 문화생활 지원을 위한 격려품 구입 건의,340000,7447bfad6b8d7e5af8452983129a6b2bc2019b4511ccf774e21a520204bbb6c4,table1:R3,,,
7447bfad6b8d7e5a-table1-R4,2026-06-12,busan-haeundae,,쿠팡,[카드]내방객용 음료 구입 건의,26380,7447bfad6b8d7e5af8452983129a6b2bc2019b4511ccf774e21a520204bbb6c4,table1:R4,,,
7447bfad6b8d7e5a-table1-R5,2026-06-30,busan-haeundae,,No.1 화로구이,[카드]직원 인사이동에 따른 간담회 개최,510000,7447bfad6b8d7e5af8452983129a6b2bc2019b4511ccf774e21a520204bbb6c4,table1:R5,,,
a639e51c82f7da26-sheet1-R4,2026-04-29,busan-haeundae,,식당3선,2026년 공중위생서비스평가 관련 간담회 개최,300000,a639e51c82f7da2651d28d39016c8330c1e78fc803a95bca0c0eacf31c3d344d,sheet1:R4,,,
c77195a443936a7a-sheet1-R4,2026-03-06,busan-haeundae,,해송숯불갈비,현안업무 추진에 따른 직원 격려 간담회 개최,620000,c77195a443936a7a7ae79541852bcc90f87408f9c6bee665cbfa4448eac72599,sheet1:R4,,,
c77195a443936a7a-sheet1-R5,2026-03-24,busan-haeundae,,네이버,사무실 비치 커피 구입,38900,c77195a443936a7a7ae79541852bcc90f87408f9c6bee665cbfa4448eac72599,sheet1:R5,,,
a4587c6cba75587e-sheet1-R2,2026-01-28,busan-haeundae,해양진흥과,옵스,업무 협의 간담회 다과 구입,23000,a4587c6cba75587e41aae2829aca1f59618894122863b14648df9051b201458e,sheet1:R2,,,
a4587c6cba75587e-sheet1-R3,2026-01-29,busan-haeundae,해양진흥과,해운대 소금구이,인사이동에 따른 직원 격려 간담회 개최,627500,a4587c6cba75587e41aae2829aca1f59618894122863b14648df9051b201458e,sheet1:R3,,,
a4587c6cba75587e-sheet1-R4,2026-02-11,busan-haeundae,해양진흥과,쿠팡㈜,내방객 응대용 간식 구입,83720,a4587c6cba75587e41aae2829aca1f59618894122863b14648df9051b201458e,sheet1:R4,,,
a4587c6cba75587e-sheet1-R5,2026-03-11,busan-haeundae,해양진흥과,보리에 더베이101,해양레저 특화사업장 실무협의회 운영 다과 구입,46300,a4587c6cba75587e41aae2829aca1f59618894122863b14648df9051b201458e,sheet1:R5,,,
467c3a79b6e78f15-sheet5-R5,2026-05-07,busan-haeundae,토지정보과,쿠팡,사무실 차 구입,131430,467c3a79b6e78f1521b4c9acec51559d2597f1828ebd099b71ba97f11848e1de,sheet5:R5,63ff2fccd334ab9c25c31769e872afff621c339b1467cb410d9c042a35e3ea3a:sheet6:R5,,
57fea18b410ee8c7-sheet1-R6,2026-05-06,busan-haeundae,,컴포즈커피해운대역점,직원 격려 티타임 음료 구입,80000,57fea18b410ee8c7e211fa498597748b433d3e71ea1f28b2d60ae41f3feeddba,sheet1:R6,,,
57fea18b410ee8c7-sheet1-R7,2026-05-14,busan-haeundae,,컴포즈커피해운대역점,직원 격려 음료 구입,80000,57fea18b410ee8c7e211fa498597748b433d3e71ea1f28b2d60ae41f3feeddba,sheet1:R7,,,
1f58f69aff16911e-sheet1-R2,2026-05-12,busan-haeundae,,보네브,직원 간담회 개최 건의(카드),215000,1f58f69aff16911e2811aaa3bec25d981217c884722fd5719154ad3bf46cb0c3,sheet1:R2,,,
1f58f69aff16911e-sheet1-R3,2026-05-21,busan-haeundae,,금당,여름초화식재 간담회 개최 건의(카드결제),76000,1f58f69aff16911e2811aaa3bec25d981217c884722fd5719154ad3bf46cb0c3,sheet1:R3,,,
160df7f2bafe7993-sheet1-R6,2026-05-18,busan-haeundae,,쿠팡㈜,내방객 음료 구입,33360,160df7f2bafe7993f1cae396c6efe5a6708c76f3aacc423d8d8fd1b6dbe95910,sheet1:R6,,,
ce30186f3be17e8b-sheet1-R5,2026-05-26,busan-haeundae,건축과,㈜세이브존,사무실 비치용 다과 등 구입 건의,223010,ce30186f3be17e8bba3d583b7a32c7ec742a21bbd10fc7bc909c724f0195e4cf,sheet1:R5,,,
7ae48bca7c834025-sheet1-R6,2026-05-06,busan-haeundae,,쿠팡,직원용 다과 구입,160110,7ae48bca7c83402566d4ab89a36625908dec0c2cfc81d5d8cb13ce50cdb9ee4f,sheet1:R6,,,
20bedd353af51e6a-sheet1-R5,2026-05-06,busan-haeundae,중1동,스턴커피,고유가 피해지원금 자원봉사자 다과 구입,30300,20bedd353af51e6a49cef2b8cc8a437998737e8bafb0a44e29f45336a979ccb0,sheet1:R5,,,
20bedd353af51e6a-sheet1-R6,2026-05-13,busan-haeundae,중1동,한우리가,사직 통장 격려 간담회 개최 건의,150000,20bedd353af51e6a49cef2b8cc8a437998737e8bafb0a44e29f45336a979ccb0,sheet1:R6,,,
20bedd353af51e6a-sheet1-R7,2026-05-14,busan-haeundae,중1동,신라스테이 해운대,현안 업무 추진에 따른 직원 격려 간담회 개최,540000,20bedd353af51e6a49cef2b8cc8a437998737e8bafb0a44e29f45336a979ccb0,sheet1:R7,,,
23196aeb3a2f9fc3-sheet1-R3,2026-05-13,busan-haeundae,지방소득세과,쿠팡,사무실 커피 및 다과 등 구입,43980,23196aeb3a2f9fc3abbfe62b7bcbac8516723076a4ee27b05483377a315e93f4,sheet1:R3,,,
b6e52f2cf4bf9376-sheet1-R4,2026-05-06,busan-haeundae,공동주택과,쿠팡,사무실 차(茶) 구입,52090,b6e52f2cf4bf9376e79690053af2bcefdbcbf290ad3acf6e418146d0cbf116bb,sheet1:R4,,,
9c58ce3b31b9ec3e-sheet1-R5,2026-05-21,busan-haeundae,문화회관,삼천포 횟집,인사 변동에 따른 직원 노고 격려 간담회,240000,9c58ce3b31b9ec3e955b583f8f4b06e2dfef5f86d0f417cf3bee25d7e5bd39d8,sheet1:R5,,,
9c58ce3b31b9ec3e-sheet1-R6,2026-05-28,busan-haeundae,문화회관,이마트몰,사무실 커피 구입,50490,9c58ce3b31b9ec3e955b583f8f4b06e2dfef5f86d0f417cf3bee25d7e5bd39d8,sheet1:R6,,,
dd4a010f044d307f-sheet1-R3,2026-05-14,busan-haeundae,건강증진과,경복궁,2026년 해운대구 재활협의체 정기회의 중식비 지출,256000,dd4a010f044d307f76419aa23e359caf14c09126817f368d3fbfa3cb4fb6ab38,sheet1:R3,,,
eba9ba49c120dd13-table1-R2,2026-05-06,busan-haeundae,,쿠팡,[카드] 직원용 다과 구입 건의,184710,eba9ba49c120dd13cff327b8943e153c131fa84339270276c45bf3820efdf5d0,table1:R2,,,
10d0814bfa4d40c5-sheet1-R6,2026-04-30,busan-haeundae,,뉴스카이 할인마트,내방객용 다과 구입,135200,10d0814bfa4d40c570936e8a9427d6b0d4e46498f6397edf509d1fcdf5bd2a3a,sheet1:R6,,,
4c5b267ee0d7b2ab-sheet2-R5,2026-02-23,busan-haeundae,토지정보과,쿠팡,사무실 차 구입,228270,4c5b267ee0d7b2ab9e7d23aa2d0a9115ac25c002575640d1c265abab4ff87494,sheet2:R5,60c2153a2cd027ceaf25a5c288dec8c808202f3bf7b5240b9130ffd485fcba98:sheet2:R5 75034116f120adcb2571c823a4955da37ff2bcd2774c4570e80b0d4b586b485f:sheet2:R5 467c3a79b6e78f1521b4c9acec51559d2597f1828ebd099b71ba97f11848e1de:sheet2:R5 63ff2fccd334ab9c25c31769e872afff621c339b1467cb410d9c042a35e3ea3a:sheet3:R5,,
4c5b267ee0d7b2ab-sheet2-R6,2026-02-26,busan-haeundae,토지정보과,해운대소문난삼계탕,인사이동에 따른 직원 간담회 개최,300000,4c5b267ee0d7b2ab9e7d23aa2d0a9115ac25c002575640d1c265abab4ff87494,sheet2:R6,60c2153a2cd027ceaf25a5c288dec8c808202f3bf7b5240b9130ffd485fcba98:sheet2:R6 75034116f120adcb2571c823a4955da37ff2bcd2774c4570e80b0d4b586b485f:sheet2:R6 467c3a79b6e78f1521b4c9acec51559d2597f1828ebd099b71ba97f11848e1de:sheet2:R6 63ff2fccd334ab9c25c31769e872afff621c339b1467cb410d9c042a35e3ea3a:sheet3:R6,,
4c5b267ee0d7b2ab-sheet3-R5,2026-03-23,busan-haeundae,토지정보과,쿠팡,사무실 차 구입,228270,4c5b267ee0d7b2ab9e7d23aa2d0a9115ac25c002575640d1c265abab4ff87494,sheet3:R5,75034116f120adcb2571c823a4955da37ff2bcd2774c4570e80b0d4b586b485f:sheet3:R5 467c3a79b6e78f1521b4c9acec51559d2597f1828ebd099b71ba97f11848e1de:sheet3:R5 63ff2fccd334ab9c25c31769e872afff621c339b1467cb410d9c042a35e3ea3a:sheet4:R5,,
4c5b267ee0d7b2ab-sheet4-R5,2026-04-06,busan-haeundae,토지정보과,쿠팡,사무실 차 구입,132850,4c5b267ee0d7b2ab9e7d23aa2d0a9115ac25c002575640d1c265abab4ff87494,sheet4:R5,467c3a79b6e78f1521b4c9acec51559d2597f1828ebd099b71ba97f11848e1de:sheet4:R5 63ff2fccd334ab9c25c31769e872afff621c339b1467cb410d9c042a35e3ea3a:sheet5:R5,,
4c5b267ee0d7b2ab-sheet4-R6,2026-04-14,busan-haeundae,토지정보과,"옵스, 세이브존",경계결정위원회 개최 관련 다과 및 생수 구입,38000,4c5b267ee0d7b2ab9e7d23aa2d0a9115ac25c002575640d1c265abab4ff87494,sheet4:R6,467c3a79b6e78f1521b4c9acec51559d2597f1828ebd099b71ba97f11848e1de:sheet4:R6 63ff2fccd334ab9c25c31769e872afff621c339b1467cb410d9c042a35e3ea3a:sheet5:R6,,
4c5b267ee0d7b2ab-sheet4-R7,2026-04-23,busan-haeundae,토지정보과,옵스,부동산가격공시위원회 개최 관련 다과 구입,68000,4c5b267ee0d7b2ab9e7d23aa2d0a9115ac25c002575640d1c265abab4ff87494,sheet4:R7,467c3a79b6e78f1521b4c9acec51559d2597f1828ebd099b71ba97f11848e1de:sheet4:R7 63ff2fccd334ab9c25c31769e872afff621c339b1467cb410d9c042a35e3ea3a:sheet5:R7,,
60c2153a2cd027ce-sheet1-R5,2026-01-22,busan-haeundae,토지정보과,쿠팡,사무실 차 구입,164660,60c2153a2cd027ceaf25a5c288dec8c808202f3bf7b5240b9130ffd485fcba98,sheet1:R5,c036a94b61c25277500eb60a2ae3dce29b7913c943fb4bd544c24fe5d23b163e:sheet1:R5 4c5b267ee0d7b2ab9e7d23aa2d0a9115ac25c002575640d1c265abab4ff87494:sheet1:R5 75034116f120adcb2571c823a4955da37ff2bcd2774c4570e80b0d4b586b485f:sheet1:R5 467c3a79b6e78f1521b4c9acec51559d2597f1828ebd099b71ba97f11848e1de:sheet1:R5 63ff2fccd334ab9c25c31769e872afff621c339b1467cb410d9c042a35e3ea3a:sheet2:R5,,
60c2153a2cd027ce-sheet1-R6,2026-01-27,busan-haeundae,토지정보과,미우 숯불갈비,인사이동에 따른 직원 간담회 개최,910000,60c2153a2cd027ceaf25a5c288dec8c808202f3bf7b5240b9130ffd485fcba98,sheet1:R6,c036a94b61c25277500eb60a2ae3dce29b7913c943fb4bd544c24fe5d23b163e:sheet1:R6 4c5b267ee0d7b2ab9e7d23aa2d0a9115ac25c002575640d1c265abab4ff87494:sheet1:R6 75034116f120adcb2571c823a4955da37ff2bcd2774c4570e80b0d4b586b485f:sheet1:R6 467c3a79b6e78f1521b4c9acec51559d2597f1828ebd099b71ba97f11848e1de:sheet1:R6 63ff2fccd334ab9c25c31769e872afff621c339b1467cb410d9c042a35e3ea3a:sheet2:R6,,
60c2153a2cd027ce-sheet3-R5,2026-01-22,busan-haeundae,토지정보과,쿠팡,사무실 차 구입,164660,60c2153a2cd027ceaf25a5c288dec8c808202f3bf7b5240b9130ffd485fcba98,sheet3:R5,c036a94b61c25277500eb60a2ae3dce29b7913c943fb4bd544c24fe5d23b163e:sheet1:R5 4c5b267ee0d7b2ab9e7d23aa2d0a9115ac25c002575640d1c265abab4ff87494:sheet1:R5 75034116f120adcb2571c823a4955da37ff2bcd2774c4570e80b0d4b586b485f:sheet1:R5 467c3a79b6e78f1521b4c9acec51559d2597f1828ebd099b71ba97f11848e1de:sheet1:R5 63ff2fccd334ab9c25c31769e872afff621c339b1467cb410d9c042a35e3ea3a:sheet2:R5,,
60c2153a2cd027ce-sheet3-R6,2026-01-27,busan-haeundae,토지정보과,미우 숯불갈비,인사이동에 따른 직원 간담회 개최,910000,60c2153a2cd027ceaf25a5c288dec8c808202f3bf7b5240b9130ffd485fcba98,sheet3:R6,c036a94b61c25277500eb60a2ae3dce29b7913c943fb4bd544c24fe5d23b163e:sheet1:R6 4c5b267ee0d7b2ab9e7d23aa2d0a9115ac25c002575640d1c265abab4ff87494:sheet1:R6 75034116f120adcb2571c823a4955da37ff2bcd2774c4570e80b0d4b586b485f:sheet1:R6 467c3a79b6e78f1521b4c9acec51559d2597f1828ebd099b71ba97f11848e1de:sheet1:R6 63ff2fccd334ab9c25c31769e872afff621c339b1467cb410d9c042a35e3ea3a:sheet2:R6,,
a4644e1b729c0650-sheet1-R5,2026-04-02,busan-haeundae,중1동,카페 아라,「2026년 중1동지역사회보장협의체 워크숍 개최」 지.사.협 위원 격려 다과 지원 건의 (카드),98000,a4644e1b729c06500c448bf3721243f9d1c696afc62c3cd86682efdb84851b67,sheet1:R5,,,
a4644e1b729c0650-sheet1-R6,2026-04-07,busan-haeundae,중1동,㈜ 쿠팡,직원 다과 구입(카드),172700,a4644e1b729c06500c448bf3721243f9d1c696afc62c3cd86682efdb84851b67,sheet1:R6,,,
a4644e1b729c0650-sheet1-R7,2026-04-08,busan-haeundae,중1동,주식회사 엘부스,유관기관 단체장 간담회 개최,150000,a4644e1b729c06500c448bf3721243f9d1c696afc62c3cd86682efdb84851b67,sheet1:R7,,,
a4644e1b729c0650-sheet1-R8,2026-04-24,busan-haeundae,중1동,토유,고유가 피해지원금 지급 추진 관련 간담회 개최,111500,a4644e1b729c06500c448bf3721243f9d1c696afc62c3cd86682efdb84851b67,sheet1:R8,,,
887962885af2c350-sheet1-R5,2026-04-27,busan-haeundae,,쿠팡,내방객용 음료 및 다과 구입,178060,887962885af2c35090dcf82cb379556e0bb0bbd99a05a1e14c66fe4f68c4a209,sheet1:R5,,,
6533a8a46da70794-sheet1-R3,2026-04-09,busan-haeundae,지방소득세과,쿠팡,사무실 커피 및 다과 등 구입,205010,6533a8a46da7079424a2e22ea4b3ac3f33b66df664a424dbf46199be92832cc1,sheet1:R3,,,
25f139c697cda3d8-sheet1-R6,2026-04-01,busan-haeundae,,박해윤통영해물밥상,반여1동 단체장 격려 간담회 개최,417000,25f139c697cda3d8ec24e9f51d51a22eeb5ba1a6e83c5fa5ddf3f14981acc073,sheet1:R6,,,
25f139c697cda3d8-sheet1-R7,2026-04-06,busan-haeundae,,큐마트,전국장애학생체전 등 대비 도시환경정비 참여자 생수 구입,29500,25f139c697cda3d8ec24e9f51d51a22eeb5ba1a6e83c5fa5ddf3f14981acc073,sheet1:R7,,,
25f139c697cda3d8-sheet1-R8,2026-04-06,busan-haeundae,,장산떡집,전국장애학생체전 등 대비 도시환경정비 참여자 격려용 간식 구입,58000,25f139c697cda3d8ec24e9f51d51a22eeb5ba1a6e83c5fa5ddf3f14981acc073,sheet1:R8,,,
25f139c697cda3d8-sheet1-R9,2026-04-06,busan-haeundae,,쿠팡㈜,내방객용 다과 구입,126020,25f139c697cda3d8ec24e9f51d51a22eeb5ba1a6e83c5fa5ddf3f14981acc073,sheet1:R9,,,
25f139c697cda3d8-sheet1-R10,2026-04-20,busan-haeundae,,쿠팡㈜,고유가 피해지원금 근무자 다과 및 음료 구입,219510,25f139c697cda3d8ec24e9f51d51a22eeb5ba1a6e83c5fa5ddf3f14981acc073,sheet1:R10,,,
25f139c697cda3d8-sheet1-R11,2026-04-28,busan-haeundae,,쿠팡㈜,내방객용 음료 구입,163270,25f139c697cda3d8ec24e9f51d51a22eeb5ba1a6e83c5fa5ddf3f14981acc073,sheet1:R11,,,
b80c1c90f409da2a-sheet1-R4,2026-03-25,busan-haeundae,,운단수산 및 LUCIEN BAKERY,구정 주요 정책사업 홍보를 위한 출입기자 간담회,175000,b80c1c90f409da2a1a0238343bf15cce1236e6f76bc685d393e858e0a1f0b0d0,sheet1:R4,,,
b80c1c90f409da2a-sheet1-R5,2026-04-10,busan-haeundae,,LUCIEN BAKERY,해운대신문 명예기자 4월 기획회의 간담회,51200,b80c1c90f409da2a1a0238343bf15cce1236e6f76bc685d393e858e0a1f0b0d0,sheet1:R5,,,
b80c1c90f409da2a-sheet1-R6,2026-04-13,busan-haeundae,,앤드커피 및 한우리가,구정 주요 정책사업 홍보를 위한 출입기자 간담회,175000,b80c1c90f409da2a1a0238343bf15cce1236e6f76bc685d393e858e0a1f0b0d0,sheet1:R6,,,
b80c1c90f409da2a-sheet1-R7,2026-04-22,busan-haeundae,,세레노(sereno),해운대구새마을회 실무진과의 오찬 간담회,145000,b80c1c90f409da2a1a0238343bf15cce1236e6f76bc685d393e858e0a1f0b0d0,sheet1:R7,,,
b80c1c90f409da2a-sheet1-R8,2026-04-27,busan-haeundae,,부막숯불닭갈비 해운대중동점,구정 주요사업 홍보를 위한 구 출입기자와의 간담회,140200,b80c1c90f409da2a1a0238343bf15cce1236e6f76bc685d393e858e0a1f0b0d0,sheet1:R8,,,
57e00997677fc0c7-sheet1-R4,2026-04-02,busan-haeundae,공동주택과,쿠팡,사무실 다과 구입,127440,57e00997677fc0c720894964e1109174c0f9c54cba617177bd09832e63e14988,sheet1:R4,,,
57e00997677fc0c7-sheet1-R5,2026-04-15,busan-haeundae,공동주택과,트레이더스 홀세일 클럽,2026년 공동주택 운영·윤리교육 생수 구입,19920,57e00997677fc0c720894964e1109174c0f9c54cba617177bd09832e63e14988,sheet1:R5,,,
57e00997677fc0c7-sheet1-R6,2026-04-15,busan-haeundae,공동주택과,청과연,2026년 제1회 공동주택관리지원 심의위원회 개최 다과 구입,87000,57e00997677fc0c720894964e1109174c0f9c54cba617177bd09832e63e14988,sheet1:R6,,,
57e00997677fc0c7-sheet1-R7,2026-04-16,busan-haeundae,공동주택과,쿠팡,2026년 제1회 공동주택관리지원 심의위원회 개최 다과 구입,27200,57e00997677fc0c720894964e1109174c0f9c54cba617177bd09832e63e14988,sheet1:R7,,,
31477decdbdae2d8-sheet1-R2,2026-04-01,busan-haeundae,,빵다무르,관내 환경정비 업무 논의를 위한 간담회 개최 건의(카드결제),127200,31477decdbdae2d8051f84e2fa7ed1021b5b92b39511de5517192e6925defad8,sheet1:R2,,,
31477decdbdae2d8-sheet1-R3,2026-04-20,busan-haeundae,,21세기굽는치킨,직원 간담회 개최 건의(카드),207000,31477decdbdae2d8051f84e2fa7ed1021b5b92b39511de5517192e6925defad8,sheet1:R3,,,
31477decdbdae2d8-sheet1-R4,2026-04-24,busan-haeundae,,아델라7,2026년 지역돌봄체계 구축을 위한 민관협력 간담회 개최,112000,31477decdbdae2d8051f84e2fa7ed1021b5b92b39511de5517192e6925defad8,sheet1:R4,,,
2471ac77a80abce6-sheet1-R3,2026-04-02,busan-haeundae,건강증진과,옵스,건강생활지원센터 운영 관련 유관기관 간담회를 위한 방문 기념품 구입,48000,2471ac77a80abce623bd65689b18c04f16af52c0ed5f56a5b6e55d512e9e2f94,sheet1:R3,,,
9be9cdece49204f5-sheet1-R5,2026-04-08,busan-haeundae,문화회관,가야선지국밥 해운대점,현안업무 추진 직원 노고 격려 간담회 개최,420000,9be9cdece49204f51306802ef4874e968bab31aca40631081230eaa72e134f67,sheet1:R5,,,
9be9cdece49204f5-sheet1-R6,2026-04-23,busan-haeundae,문화회관,복호두 해운대1호점,해운대도서관 견학에 따른 방문용 물품 구입,60100,9be9cdece49204f51306802ef4874e968bab31aca40631081230eaa72e134f67,sheet1:R6,,,
b86cf84fa7c56263-sheet1-R5,2026-04-02,busan-haeundae,중2동,㈜이마트,내방객 접대용 차 구입,59880,b86cf84fa7c56263db63b0be2b22be39d9038225107b29fb097f62fcab4f6e10,sheet1:R5,,,
a30bbaffe2611550-sheet1-R6,2026-04-24,busan-haeundae,,쿠팡,직원 간식 구입 건의[카드결제],119760,a30bbaffe26115505584a94ce976e54f570a73efa3ac6a50e24923fc8780a172,sheet1:R6,,,
497140325ce46dca-sheet1-R6,2026-04-01,busan-haeundae,,(주)세이브존,[카드]찰떡궁합봉사단 격려 다과 구입,39580,497140325ce46dca0db4f1e1891c8aa0c63fc6b0b13530ec8ba941ae0844dd68,sheet1:R6,,,
497140325ce46dca-sheet1-R7,2026-04-07,busan-haeundae,,컴포즈커피해운대역점외 1,[카드] 환경정비 지원 음료 구입,111960,497140325ce46dca0db4f1e1891c8aa0c63fc6b0b13530ec8ba941ae0844dd68,sheet1:R7,,,
497140325ce46dca-sheet1-R8,2026-04-07,busan-haeundae,,복호두 해운대1호점,[카드] 환경정비 지원 간식 구입,46000,497140325ce46dca0db4f1e1891c8aa0c63fc6b0b13530ec8ba941ae0844dd68,sheet1:R8,,,
dd80e73ed15360ed-sheet1-R3,2026-04-09,busan-haeundae,,로운샤브 해운대이마트점,2026년 4월 좌동권역 기관장 간담회 개최,250800,dd80e73ed15360edb59b4255df5bae56721b4c44485b307e6c8d048a0bc79195,sheet1:R3,,,
dd80e73ed15360ed-sheet1-R4,2026-04-24,busan-haeundae,,ssg.com,직원용 사무실 다과 구입,200560,dd80e73ed15360edb59b4255df5bae56721b4c44485b307e6c8d048a0bc79195,sheet1:R4,,,
dd80e73ed15360ed-sheet1-R5,2026-04-27,busan-haeundae,,ssg.com,내방객용 음료 구입,145500,dd80e73ed15360edb59b4255df5bae56721b4c44485b307e6c8d048a0bc79195,sheet1:R5,,,
3a2cb1ac7443d017-sheet1-R5,2026-04-06,busan-haeundae,,아이마트 외1,통장협의회 활동 노고 격려 간식 구입,117000,3a2cb1ac7443d0172f24e60c7101b2754f68e05d9212b9833e85514ea1ed978b,sheet1:R5,,,
3a2cb1ac7443d017-sheet1-R6,2026-04-14,busan-haeundae,,제일곱창,현안업무 추진에 따른 직원 노고 격려 간담회 개최,320000,3a2cb1ac7443d0172f24e60c7101b2754f68e05d9212b9833e85514ea1ed978b,sheet1:R6,,,
3a2cb1ac7443d017-sheet1-R7,2026-04-22,busan-haeundae,,네이퍼파이낸셜㈜,직원용 다과 구매,63800,3a2cb1ac7443d0172f24e60c7101b2754f68e05d9212b9833e85514ea1ed978b,sheet1:R7,,,
f1c17d6c315b3ed0-table1-R2,2026-04-01,busan-haeundae,,쿠팡,[카드] 직원용 다과 구입 건의,137600,f1c17d6c315b3ed06c6e40cc667a1dcceaf9faa171f7163d649a3b0ca102b086,table1:R2,,,
4c99096d5f43b8e8-sheet1-R4,2026-04-24,busan-haeundae,,스몰굿커피,상반기 해운대구청소년복지심의회 회의 음료 구입,12600,4c99096d5f43b8e8789854289e3f115acbb5c6a788f17d0fd3b7414149cd3192,sheet1:R4,,,
4c99096d5f43b8e8-sheet1-R5,2026-04-24,busan-haeundae,,꽁띠꽁띠뉴,상반기 해운대구청소년복지심의회 회의 다과 구입,57000,4c99096d5f43b8e8789854289e3f115acbb5c6a788f17d0fd3b7414149cd3192,sheet1:R5,,,
8a295d23cf6ca820-sheet1-R5,2026-01-19,busan-haeundae,,"옵스, 이니시스",관내 사회복지시설 방문 격려물품 구입,384000,8a295d23cf6ca820074a2c09b6fb2679bc1daf15f24ce2e679d171a0c557e439,sheet1:R5,,,
8a295d23cf6ca820-sheet1-R6,2026-01-23,busan-haeundae,,효원꽃집,이웃돕기 성금 전달식 꽃다발 구입,30000,8a295d23cf6ca820074a2c09b6fb2679bc1daf15f24ce2e679d171a0c557e439,sheet1:R6,,,
8a295d23cf6ca820-sheet1-R7,2026-01-29,busan-haeundae,,쿠팡,2026년 지역사회보장협의체 회의 다과(생수) 구입,21950,8a295d23cf6ca820074a2c09b6fb2679bc1daf15f24ce2e679d171a0c557e439,sheet1:R7,,,
8a295d23cf6ca820-sheet1-R8,2026-02-02,busan-haeundae,,코코호도,2026년 제1회 해운대구 지역사회보장 실무협의체 회의 다과 구입,136000,8a295d23cf6ca820074a2c09b6fb2679bc1daf15f24ce2e679d171a0c557e439,sheet1:R8,,,
8a295d23cf6ca820-sheet1-R9,2026-02-04,busan-haeundae,,식당3선,"『부산형 선결제』관련, 시책추진업무추진비 선결제 지급",480000,8a295d23cf6ca820074a2c09b6fb2679bc1daf15f24ce2e679d171a0c557e439,sheet1:R9,,,
8a295d23cf6ca820-sheet1-R10,2026-02-04,busan-haeundae,,보리에 더베이101,"『부산형 선결제』관련, 시책추진업무추진비 선결제 지급",480000,8a295d23cf6ca820074a2c09b6fb2679bc1daf15f24ce2e679d171a0c557e439,sheet1:R10,,,
8a295d23cf6ca820-sheet1-R11,2026-02-04,busan-haeundae,,일광수산횟집,"『부산형 선결제』관련, 시책추진업무추진비 선결제 지급",480000,8a295d23cf6ca820074a2c09b6fb2679bc1daf15f24ce2e679d171a0c557e439,sheet1:R11,,,
8a295d23cf6ca820-sheet1-R12,2026-02-06,busan-haeundae,,코코호도,2026년 제1회 지역사회보장 대표협의체 회의 다과 구입,144000,8a295d23cf6ca820074a2c09b6fb2679bc1daf15f24ce2e679d171a0c557e439,sheet1:R12,,,
8a295d23cf6ca820-sheet1-R13,2026-02-12,busan-haeundae,,효자손쿠키베이커리,2026년 1분기 다복한 사례관리 TFT회의 다과 구입,84000,8a295d23cf6ca820074a2c09b6fb2679bc1daf15f24ce2e679d171a0c557e439,sheet1:R13,,,
8a295d23cf6ca820-sheet1-R14,2026-02-19,busan-haeundae,,효원꽃집,나눔명가 꽃다발 구입,60000,8a295d23cf6ca820074a2c09b6fb2679bc1daf15f24ce2e679d171a0c557e439,sheet1:R14,,,
8a295d23cf6ca820-sheet1-R15,2026-02-20,busan-haeundae,,쿠팡,찾아가는 보건복지전담팀 역량강화 교육 다과 구입,153260,8a295d23cf6ca820074a2c09b6fb2679bc1daf15f24ce2e679d171a0c557e439,sheet1:R15,,,
8a295d23cf6ca820-sheet1-R16,2026-02-24,busan-haeundae,,"옵스, 효원꽃집",의료요양통합돌봄사업 추진을 위한 의료유관기관 업무협약 다과구매,63000,8a295d23cf6ca820074a2c09b6fb2679bc1daf15f24ce2e679d171a0c557e439,sheet1:R16,,,
8a295d23cf6ca820-sheet1-R17,2026-03-04,busan-haeundae,,부산당해운대,동 지역사회보장협의체 위원장 네트워크 회의 다과 구입,105000,8a295d23cf6ca820074a2c09b6fb2679bc1daf15f24ce2e679d171a0c557e439,sheet1:R17,,,
8a295d23cf6ca820-sheet1-R18,2026-03-06,busan-haeundae,,홈플러스익스프레스,동 지역사회보장협의체 위원장 네트워크 회의 다과 구입,19800,8a295d23cf6ca820074a2c09b6fb2679bc1daf15f24ce2e679d171a0c557e439,sheet1:R18,,,
d11a146715bbbe5a-sheet1-R5,2026-01-13,busan-haeundae,,"해그리다, 박해윤통영해물밥상",생활복지국 업무 공유 간담회 개최,280410,d11a146715bbbe5ac1d882fa09d0f9366cf7070c9c4b16df9acbd641b1eb8deb,sheet1:R5,,,
d11a146715bbbe5a-sheet1-R6,2026-01-15,busan-haeundae,,떡보의하루,노인일자리 사업 추진 격려 간담회 개최,101000,d11a146715bbbe5ac1d882fa09d0f9366cf7070c9c4b16df9acbd641b1eb8deb,sheet1:R6,,,
d11a146715bbbe5a-sheet1-R7,2026-01-21,busan-haeundae,,카페캐빈,의료·요양 돌봄통합지원 사업 논의 간담회 개최,224000,d11a146715bbbe5ac1d882fa09d0f9366cf7070c9c4b16df9acbd641b1eb8deb,sheet1:R7,,,
d11a146715bbbe5a-sheet1-R8,2026-02-04,busan-haeundae,,쿠팡,국장실 다과 구입,55780,d11a146715bbbe5ac1d882fa09d0f9366cf7070c9c4b16df9acbd641b1eb8deb,sheet1:R8,,,
d11a146715bbbe5a-sheet1-R9,2026-02-06,busan-haeundae,,블랑제리아띠랑,국장실 다과 구입,22400,d11a146715bbbe5ac1d882fa09d0f9366cf7070c9c4b16df9acbd641b1eb8deb,sheet1:R9,,,
d11a146715bbbe5a-sheet1-R10,2026-02-10,busan-haeundae,,홉스 피제리아,생활복지국 현안 업무 공유 간담회 개최,123000,d11a146715bbbe5ac1d882fa09d0f9366cf7070c9c4b16df9acbd641b1eb8deb,sheet1:R10,,,
d11a146715bbbe5a-sheet1-R11,2026-02-10,busan-haeundae,,홈플러스,2026년 따뜻한 설명절 보내기 격려품 구입,194400,d11a146715bbbe5ac1d882fa09d0f9366cf7070c9c4b16df9acbd641b1eb8deb,sheet1:R11,,,
d11a146715bbbe5a-sheet1-R12,2026-02-11,busan-haeundae,,센텀낙원떡집,생활복지국 직원 격려 떡 구입,300000,d11a146715bbbe5ac1d882fa09d0f9366cf7070c9c4b16df9acbd641b1eb8deb,sheet1:R12,,,
d11a146715bbbe5a-sheet1-R13,2026-02-26,busan-haeundae,,쿠팡,국장실 다과 구입,31640,d11a146715bbbe5ac1d882fa09d0f9366cf7070c9c4b16df9acbd641b1eb8deb,sheet1:R13,,,
ff59f46074731645-sheet1-R6,2026-01-14,busan-haeundae,,더리터 반송점외 3,해운대구 도시재생 업무추진 협의를 위한 간담회 개최,95400,ff59f46074731645d28bc0791009056aeee52937e780fe41e97b2c5641358487,sheet1:R6,,,
ff59f46074731645-sheet1-R7,2026-01-19,busan-haeundae,,쿠팡,부서 음료 및 다과 구입(카드),280520,ff59f46074731645d28bc0791009056aeee52937e780fe41e97b2c5641358487,sheet1:R7,,,
ff59f46074731645-sheet1-R8,2026-01-29,busan-haeundae,,쿠팡(주)외 1,(카드)경관위원회 회의 다과 등 구입,45500,ff59f46074731645d28bc0791009056aeee52937e780fe41e97b2c5641358487,sheet1:R8,,,
ff59f46074731645-sheet1-R9,2026-02-03,busan-haeundae,,일광수산횟집,2026년 옥외광고물 손해배상책임보험 가입 협조를 위한 간담회 개최(카드),490000,ff59f46074731645d28bc0791009056aeee52937e780fe41e97b2c5641358487,sheet1:R9,,,
ff59f46074731645-sheet1-R10,2026-02-13,busan-haeundae,,초원복국,2026년 옥외광고시설물 관리방향 모색을 위한 간담회 개최(카드),490000,ff59f46074731645d28bc0791009056aeee52937e780fe41e97b2c5641358487,sheet1:R10,,,
ff59f46074731645-sheet1-R11,2026-02-27,busan-haeundae,,한우리 가,유카로빌딩 전광판 콘텐츠 및 운영 논의를 위한 간담회 개최(카드),320000,ff59f46074731645d28bc0791009056aeee52937e780fe41e97b2c5641358487,sheet1:R11,,,
ff59f46074731645-sheet1-R12,2026-03-03,busan-haeundae,,쿠팡,부서 음료 및 다과 구입(카드),183570,ff59f46074731645d28bc0791009056aeee52937e780fe41e97b2c5641358487,sheet1:R12,,,
ff59f46074731645-sheet1-R13,2026-03-19,busan-haeundae,,옵스외 1,2026 해운대스퀘어 미디어탐사단 발대식 다과 구입,144210,ff59f46074731645d28bc0791009056aeee52937e780fe41e97b2c5641358487,sheet1:R13,,,
ff59f46074731645-sheet1-R14,2026-03-24,busan-haeundae,,쿠팡,(카드) 반여문화플러스 개소식 생수 구입,36300,ff59f46074731645d28bc0791009056aeee52937e780fe41e97b2c5641358487,sheet1:R14,,,
af08180578d77a90-sheet1-R5,2026-03-04,busan-haeundae,교육도서관과,일광수산횟집,관내 교육환경 개선을 위한 간담회 개최,420000,af08180578d77a908e1e27989b38e450f25e789ebcd6e2f0cfcd3b14406f9d52,sheet1:R5,,,
af08180578d77a90-sheet1-R6,2026-03-04,busan-haeundae,교육도서관과,한우리가 외 2,"""부산 착한결제"" 관련 교육도시추진 활성화 업무추진비 선결제",1290000,af08180578d77a908e1e27989b38e450f25e789ebcd6e2f0cfcd3b14406f9d52,sheet1:R6,,,
af08180578d77a90-sheet1-R7,2026-03-04,busan-haeundae,교육도서관과,북카페 외 1,교육경비보조심의위원회 다과 구입,56500,af08180578d77a908e1e27989b38e450f25e789ebcd6e2f0cfcd3b14406f9d52,sheet1:R7,,,
af08180578d77a90-sheet1-R8,2026-03-09,busan-haeundae,교육도서관과,식당3선 센텀점,26년 상반기 인사이동에 따른 직원 격려 간담회,133000,af08180578d77a908e1e27989b38e450f25e789ebcd6e2f0cfcd3b14406f9d52,sheet1:R8,,,
af08180578d77a90-sheet1-R9,2026-03-19,busan-haeundae,교육도서관과,Cafe 다온,늘배움신문 제작 회의 관련 음료 구입,77000,af08180578d77a908e1e27989b38e450f25e789ebcd6e2f0cfcd3b14406f9d52,sheet1:R9,,,
0787fce5dad5373c-sheet1-R3,2026-01-06,busan-haeundae,,하오돼지국밥,회계 결산업무 추진 점검 간담회 개최,55000,0787fce5dad5373cccb5a2c6f1c38f18d0737c0212e5f38fccada7adb40e21ff,sheet1:R3,,,
0787fce5dad5373c-sheet1-R4,2026-01-07,busan-haeundae,,소문남원조쌈밥,2026년 지방세심의위원회 운영 논의 간담회 개최,105000,0787fce5dad5373cccb5a2c6f1c38f18d0737c0212e5f38fccada7adb40e21ff,sheet1:R4,,,
0787fce5dad5373c-sheet1-R5,2026-01-08,busan-haeundae,,해운대쭈낙집,2026년 자동차세 연납분 부과 관련 간담회 개최,75000,0787fce5dad5373cccb5a2c6f1c38f18d0737c0212e5f38fccada7adb40e21ff,sheet1:R5,,,
0787fce5dad5373c-sheet1-R6,2026-01-28,busan-haeundae,,초원복국,해운대구 행정동우회 업무 간담회 개최,279000,0787fce5dad5373cccb5a2c6f1c38f18d0737c0212e5f38fccada7adb40e21ff,sheet1:R6,,,
0787fce5dad5373c-sheet1-R7,2026-01-29,busan-haeundae,,쿠팡㈜,2026년 따듯한 설명절 보내기 사회복지시설 격려품 구입,119600,0787fce5dad5373cccb5a2c6f1c38f18d0737c0212e5f38fccada7adb40e21ff,sheet1:R7,,,
0787fce5dad5373c-sheet1-R8,2026-01-30,busan-haeundae,,해운대횟집(어가),지방세입 공용계좌 운영방안 논의 간담회 개최,84000,0787fce5dad5373cccb5a2c6f1c38f18d0737c0212e5f38fccada7adb40e21ff,sheet1:R8,,,
0787fce5dad5373c-sheet2-R2,2026-01-06,busan-haeundae,,㈜세이브존,정보시스템 유지관리 용역사업 참여자 정보보안 및 개인정보교육 다과 구입,96130,0787fce5dad5373cccb5a2c6f1c38f18d0737c0212e5f38fccada7adb40e21ff,sheet2:R2,,,
0787fce5dad5373c-sheet2-R3,2026-01-08,busan-haeundae,,쿠팡,"사무실 직원용 다과, 커피 구입",212310,0787fce5dad5373cccb5a2c6f1c38f18d0737c0212e5f38fccada7adb40e21ff,sheet2:R3,,,
0787fce5dad5373c-sheet2-R4,2026-01-12,busan-haeundae,,해운대미포 속씨원한대구탕 해운대점외 2,자매결연 체결 기념 안동시 답례 기념품 구입,396000,0787fce5dad5373cccb5a2c6f1c38f18d0737c0212e5f38fccada7adb40e21ff,sheet2:R4,,,
0787fce5dad5373c-sheet2-R5,2026-01-14,busan-haeundae,,속시원한대구탕,「구청장 동 주민과의 대화」 지원 직원 격려 오찬 간담회 개최(1/14),480000,0787fce5dad5373cccb5a2c6f1c38f18d0737c0212e5f38fccada7adb40e21ff,sheet2:R5,,,
0787fce5dad5373c-sheet2-R6,2026-01-15,busan-haeundae,,반송낙지,「구청장 동 주민과의 대화」 지원 직원 격려 오찬 간담회 개최(1/15),480000,0787fce5dad5373cccb5a2c6f1c38f18d0737c0212e5f38fccada7adb40e21ff,sheet2:R6,,,
0787fce5dad5373c-sheet2-R7,2026-01-16,busan-haeundae,,토속집,「구청장 동 주민과의 대화」 지원 직원 격려 오찬 간담회 개최(1/16),311000,0787fce5dad5373cccb5a2c6f1c38f18d0737c0212e5f38fccada7adb40e21ff,sheet2:R7,,,
0787fce5dad5373c-sheet2-R8,2026-01-19,busan-haeundae,,언양봉계숯불갈비,「구청장 동 주민과의 대화」 지원 직원 격려 오찬 간담회 개최(1/19),480000,0787fce5dad5373cccb5a2c6f1c38f18d0737c0212e5f38fccada7adb40e21ff,sheet2:R8,,,
0787fce5dad5373c-sheet2-R9,2026-01-19,busan-haeundae,,해운대 고메밀면,「구청장 동 주민과의 대화」 지원 직원 격려 오찬 간담회 개최(1/19),448000,0787fce5dad5373cccb5a2c6f1c38f18d0737c0212e5f38fccada7adb40e21ff,sheet2:R9,,,
0787fce5dad5373c-sheet2-R10,2026-01-20,busan-haeundae,,LUCIEN BAKERY,회의용 다과 및 음료 구입,114100,0787fce5dad5373cccb5a2c6f1c38f18d0737c0212e5f38fccada7adb40e21ff,sheet2:R10,,,
0787fce5dad5373c-sheet2-R11,2026-01-21,busan-haeundae,,시골밥상,「구청장 동 주민과의 대화」 지원 직원 격려 오찬 간담회 개최(1/21),480000,0787fce5dad5373cccb5a2c6f1c38f18d0737c0212e5f38fccada7adb40e21ff,sheet2:R11,,,
0787fce5dad5373c-sheet2-R12,2026-01-29,busan-haeundae,,센텀숯불갈비,여론 동향 업무 추진 간담회 개최,125000,0787fce5dad5373cccb5a2c6f1c38f18d0737c0212e5f38fccada7adb40e21ff,sheet2:R12,,,
0787fce5dad5373c-sheet2-R13,2026-01-30,busan-haeundae,,쿠팡,회의용 다과 구입,70350,0787fce5dad5373cccb5a2c6f1c38f18d0737c0212e5f38fccada7adb40e21ff,sheet2:R13,,,
4bf912b4d0d85760-sheet2-R2,2026-02-02,busan-haeundae,,쿠팡,기간제근로자 채용 면접 관련 생수 구입,86000,4bf912b4d0d85760a60faf614a3cdfbda7130c66aa7ae628778b9cfedab9af39,sheet2:R2,,,
4bf912b4d0d85760-sheet2-R3,2026-02-04,busan-haeundae,,최부자축산,2026년 상생 노사관계를 위한 공무원노동조합 간담회 개최,220000,4bf912b4d0d85760a60faf614a3cdfbda7130c66aa7ae628778b9cfedab9af39,sheet2:R3,,,
4bf912b4d0d85760-sheet2-R4,2026-02-04,busan-haeundae,,쿠팡,"사무실 직원용 다과, 커피 구입",180050,4bf912b4d0d85760a60faf614a3cdfbda7130c66aa7ae628778b9cfedab9af39,sheet2:R4,,,
4bf912b4d0d85760-sheet2-R5,2026-02-10,busan-haeundae,,㈜고래사 해운대점,자매우호도시 설 명절 선물 구입,520000,4bf912b4d0d85760a60faf614a3cdfbda7130c66aa7ae628778b9cfedab9af39,sheet2:R5,,,
4bf912b4d0d85760-sheet2-R6,2026-02-20,busan-haeundae,,최부자축산외 5,상반기 부서 직원 격려 간담회 개최,930000,4bf912b4d0d85760a60faf614a3cdfbda7130c66aa7ae628778b9cfedab9af39,sheet2:R6,,,
4bf912b4d0d85760-sheet2-R7,2026-02-24,busan-haeundae,,옵스,기간제근로자 채용 면접 관련 다과 구입,26000,4bf912b4d0d85760a60faf614a3cdfbda7130c66aa7ae628778b9cfedab9af39,sheet2:R7,,,
e3796fb2aa98a924-sheet2-R2,2026-03-05,busan-haeundae,,뉴한국마트,인사발령 교육 다과 구입,4600,e3796fb2aa98a9245a66f97a961bbc961837ffba042ed0a6abc5bc0a4f8b71af,sheet2:R2,,,
e3796fb2aa98a924-sheet2-R3,2026-03-13,busan-haeundae,,달리는커피장산역점,환경공무직 근로자 격려 다과 구입,200000,e3796fb2aa98a9245a66f97a961bbc961837ffba042ed0a6abc5bc0a4f8b71af,sheet2:R3,,,
e3796fb2aa98a924-sheet2-R4,2026-03-17,busan-haeundae,,쿠팡,"사무실 직원용 다과, 커피 구입",191570,e3796fb2aa98a9245a66f97a961bbc961837ffba042ed0a6abc5bc0a4f8b71af,sheet2:R4,,,
e3796fb2aa98a924-sheet2-R5,2026-03-23,busan-haeundae,,병과점 아시 해리단,2026년 제1차 산업안전보건위원회 다과 구입,204500,e3796fb2aa98a9245a66f97a961bbc961837ffba042ed0a6abc5bc0a4f8b71af,sheet2:R5,,,
e3796fb2aa98a924-sheet2-R6,2026-03-24,busan-haeundae,,옵스,회의용 다과 구입,84000,e3796fb2aa98a9245a66f97a961bbc961837ffba042ed0a6abc5bc0a4f8b71af,sheet2:R6,,,
e3796fb2aa98a924-sheet2-R7,2026-03-25,busan-haeundae,,칠암만장 해운대점,인사행정 향상 방안 논의 간담회,300000,e3796fb2aa98a9245a66f97a961bbc961837ffba042ed0a6abc5bc0a4f8b71af,sheet2:R7,,,
e3796fb2aa98a924-sheet2-R8,2026-03-26,busan-haeundae,,옵스,안동시 공무원 통역지원단 방문 기념품 구입,222000,e3796fb2aa98a9245a66f97a961bbc961837ffba042ed0a6abc5bc0a4f8b71af,sheet2:R8,,,
720caf6f2d93e6e2-sheet1-R5,2026-03-20,busan-haeundae,민원여권과,남천집,안전한 민원실 조성을 위한 관계자 간담회,340500,720caf6f2d93e6e240ef6c001f6d6994e48c1bfeaedfea6c702d58a8594fd9be,sheet1:R5,,,
720caf6f2d93e6e2-sheet1-R6,2026-03-20,busan-haeundae,민원여권과,폴라니포케 해운대점,부서 직원 간담회 개최,332600,720caf6f2d93e6e240ef6c001f6d6994e48c1bfeaedfea6c702d58a8594fd9be,sheet1:R6,,,
720caf6f2d93e6e2-sheet1-R7,2026-03-27,busan-haeundae,민원여권과,쿠팡,사무실 커피 등 구입,191890,720caf6f2d93e6e240ef6c001f6d6994e48c1bfeaedfea6c702d58a8594fd9be,sheet1:R7,,,
3fd702316a397df5-sheet1-R6,2026-03-16,busan-haeundae,,파리바게트송정점,유관기관(송정초등학교) 방문 다과 구입,21800,3fd702316a397df5e969c90c67852263356672e9d6c4c0c079c4ad4d5ce5f7d7,sheet1:R6,,,
3fd702316a397df5-sheet1-R7,2026-03-18,busan-haeundae,,뉴스카이마트,밀양시 단장면 주민자치회 방문 다과 구입,99550,3fd702316a397df5e969c90c67852263356672e9d6c4c0c079c4ad4d5ce5f7d7,sheet1:R7,,,
3fd702316a397df5-sheet1-R8,2026-03-24,busan-haeundae,,카투아이,나눔반찬드린데이 격려 차담회,26000,3fd702316a397df5e969c90c67852263356672e9d6c4c0c079c4ad4d5ce5f7d7,sheet1:R8,,,
8f1aa43f0b5314d1-sheet1-R4,2026-01-27,busan-haeundae,건설과,뉴한국마트,도시건축공동위원회 개최에 따른 다과 구입,150000,8f1aa43f0b5314d1c3a056ee1e3686436f6309e465fb89737e247b2dfe57abbc,sheet1:R4,,,
8f1aa43f0b5314d1-sheet1-R5,2026-02-02,busan-haeundae,건설과,초원복국,원활한 도로건설사업 추진 간담회 개최,450000,8f1aa43f0b5314d1c3a056ee1e3686436f6309e465fb89737e247b2dfe57abbc,sheet1:R5,,,
8f1aa43f0b5314d1-sheet1-R6,2026-02-04,busan-haeundae,건설과,옵스,설날 명절맞이 부서 직원 격려 간식 구입,540000,8f1aa43f0b5314d1c3a056ee1e3686436f6309e465fb89737e247b2dfe57abbc,sheet1:R6,,,
8f1aa43f0b5314d1-sheet1-R7,2026-02-09,busan-haeundae,건설과,일광수산횟집,원활한 도로건설사업 추진 간담회 개최,450000,8f1aa43f0b5314d1c3a056ee1e3686436f6309e465fb89737e247b2dfe57abbc,sheet1:R7,,,
8f1aa43f0b5314d1-sheet1-R8,2026-02-10,busan-haeundae,건설과,갈비가맛있다,원활한 도로건설사업 추진 간담회 개최,480000,8f1aa43f0b5314d1c3a056ee1e3686436f6309e465fb89737e247b2dfe57abbc,sheet1:R8,,,
8f1aa43f0b5314d1-sheet1-R9,2026-02-10,busan-haeundae,건설과,쿠팡,내방객용 다과구입,89360,8f1aa43f0b5314d1c3a056ee1e3686436f6309e465fb89737e247b2dfe57abbc,sheet1:R9,,,
8f1aa43f0b5314d1-sheet1-R10,2026-02-12,busan-haeundae,건설과,갈비가맛있다,직원 노고격려 간담회 개최,930000,8f1aa43f0b5314d1c3a056ee1e3686436f6309e465fb89737e247b2dfe57abbc,sheet1:R10,,,
8f1aa43f0b5314d1-sheet1-R11,2026-02-19,busan-haeundae,건설과,갈비가맛있다,지하수개발 및 부담금 관련 전문가 의견청취 간담회,86000,8f1aa43f0b5314d1c3a056ee1e3686436f6309e465fb89737e247b2dfe57abbc,sheet1:R11,,,
8f1aa43f0b5314d1-sheet1-R12,2026-03-13,busan-haeundae,건설과,네스프레소,사무실 비치 음료 구입,159900,8f1aa43f0b5314d1c3a056ee1e3686436f6309e465fb89737e247b2dfe57abbc,sheet1:R12,,,
b646bb4ccb5cd2ac-sheet1-R2,2026-01-22,busan-haeundae,,㈜부산은행(온누리상품권),온누리상품권 신용카드 구매,400000,b646bb4ccb5cd2aca34b2e7707a7dc91dd790cf089354b5e3c4e90871c3b92d0,sheet1:R2,,,
b646bb4ccb5cd2ac-sheet1-R3,2026-01-23,busan-haeundae,,㈜부산은행(온누리상품권),온누리상품권 신용카드 구매,800000,b646bb4ccb5cd2aca34b2e7707a7dc91dd790cf089354b5e3c4e90871c3b92d0,sheet1:R3,,,
b646bb4ccb5cd2ac-sheet1-R4,2026-01-26,busan-haeundae,,㈜부산은행(온누리상품권),온누리상품권 신용카드 구매,600000,b646bb4ccb5cd2aca34b2e7707a7dc91dd790cf089354b5e3c4e90871c3b92d0,sheet1:R4,,,
b646bb4ccb5cd2ac-sheet1-R5,2026-01-27,busan-haeundae,,㈜부산은행(온누리상품권),온누리상품권 신용카드 구매,400000,b646bb4ccb5cd2aca34b2e7707a7dc91dd790cf089354b5e3c4e90871c3b92d0,sheet1:R5,,,
b646bb4ccb5cd2ac-sheet1-R6,2026-01-27,busan-haeundae,,쿠팡,[카드]직원용 다과 구입 건의,43680,b646bb4ccb5cd2aca34b2e7707a7dc91dd790cf089354b5e3c4e90871c3b92d0,sheet1:R6,,,
31f519ab094f037f-sheet1-R2,2026-02-02,busan-haeundae,,삼환축산 중동점,인사이동에 따른 직원 간담회 개최 건의,447990,31f519ab094f037f65aecf84d560b116cdaf3da23924b8738e626ba2d58697ec,sheet1:R2,,,
31f519ab094f037f-sheet1-R3,2026-02-20,busan-haeundae,,한국마트,전통시장 증발냉방장치 설칫하업 공법선정위원회 다과 구입[카드],41550,31f519ab094f037f65aecf84d560b116cdaf3da23924b8738e626ba2d58697ec,sheet1:R3,,,
31f519ab094f037f-sheet1-R4,2026-02-26,busan-haeundae,,스턴커피,수영만요트경기장 길고양이 보호 관련 간담회 개최,34100,31f519ab094f037f65aecf84d560b116cdaf3da23924b8738e626ba2d58697ec,sheet1:R4,,,
fcc79ecf17c1fa7d-sheet1-R2,2026-03-04,busan-haeundae,,쿠팡,[카드]직원용 다과 구입 건의,54100,fcc79ecf17c1fa7dad9bd434d0b5a5089d105f6ec0f44bb8ac49694d416bfad4,sheet1:R2,,,
fcc79ecf17c1fa7d-sheet1-R3,2026-03-17,busan-haeundae,,쿠팡,[카드]직원용 다과 구입 건의,39900,fcc79ecf17c1fa7dad9bd434d0b5a5089d105f6ec0f44bb8ac49694d416bfad4,sheet1:R3,,,
e570bd272301c93c-sheet1-R6,2026-03-23,busan-haeundae,,"거창한우식육, 우일김치",[카드] 통장협의회 행사지원 물품 구입,200000,e570bd272301c93c65c5de0d19a1607c628fccc882f17aea55cdf7ee0775f94e,sheet1:R6,,,
e570bd272301c93c-sheet1-R7,2026-03-24,busan-haeundae,,컴포즈커피 해운대역점,[카드] 환경정비 지원 음료 구입,150000,e570bd272301c93c65c5de0d19a1607c628fccc882f17aea55cdf7ee0775f94e,sheet1:R7,,,
e570bd272301c93c-sheet1-R8,2026-03-24,busan-haeundae,,"파리바게트, 아이마트",[카드] 환경정비 지원 다과 구입,68720,e570bd272301c93c65c5de0d19a1607c628fccc882f17aea55cdf7ee0775f94e,sheet1:R8,,,
a05d1f34aa3124ef-sheet1-R3,2026-01-27,busan-haeundae,,"양포생아구찜, 꽃도새기 센텀점",직원 격려 부서 간담회 개최(선결제),400000,a05d1f34aa3124ef9b8faa342f9993a9fc7108c0f73b093967cfed9ab2024e42,sheet1:R3,,,
a05d1f34aa3124ef-sheet1-R4,2026-01-28,busan-haeundae,,오소아,부서 직원용 커피 구입,33600,a05d1f34aa3124ef9b8faa342f9993a9fc7108c0f73b093967cfed9ab2024e42,sheet1:R4,,,
a05d1f34aa3124ef-sheet1-R5,2026-01-30,busan-haeundae,,코코호도 센텀시티점,부서 직원용 다과 구입,81000,a05d1f34aa3124ef9b8faa342f9993a9fc7108c0f73b093967cfed9ab2024e42,sheet1:R5,,,
a05d1f34aa3124ef-sheet1-R6,2026-02-10,busan-haeundae,,초정,부서 직원용 커피 구입,48900,a05d1f34aa3124ef9b8faa342f9993a9fc7108c0f73b093967cfed9ab2024e42,sheet1:R6,,,
a05d1f34aa3124ef-sheet1-R7,2026-03-05,busan-haeundae,,쿠팡(주),부서 직원용 커피 및 차 구입,61080,a05d1f34aa3124ef9b8faa342f9993a9fc7108c0f73b093967cfed9ab2024e42,sheet1:R7,,,
a05d1f34aa3124ef-sheet1-R8,2026-03-25,busan-haeundae,,스타벅스,부서 직원용 커피 및 차 구입,47300,a05d1f34aa3124ef9b8faa342f9993a9fc7108c0f73b093967cfed9ab2024e42,sheet1:R8,,,
50133c5ffa03259a-sheet1-R5,2026-03-10,busan-haeundae,,대성고기식당,지역자율방재단 활동 노고 격려 간담회,240000,50133c5ffa03259a6fc3a54ba802c3fa88dad6653e2dd74057bde58593bd1d91,sheet1:R5,,,
50133c5ffa03259a-sheet1-R6,2026-03-12,busan-haeundae,,쿠팡㈜,직원용 다과 구매,73350,50133c5ffa03259a6fc3a54ba802c3fa88dad6653e2dd74057bde58593bd1d91,sheet1:R6,,,
50133c5ffa03259a-sheet1-R7,2026-03-13,busan-haeundae,,별이네,새마을지도자협의회 활동 노고 격려 간담회,221000,50133c5ffa03259a6fc3a54ba802c3fa88dad6653e2dd74057bde58593bd1d91,sheet1:R7,,,
50133c5ffa03259a-sheet1-R8,2026-03-23,busan-haeundae,,오리마시떼,현안업무 추진에 따른 직원 노고 격려 간담회,98000,50133c5ffa03259a6fc3a54ba802c3fa88dad6653e2dd74057bde58593bd1d91,sheet1:R8,,,
24f02519c481b583-sheet1-R2,2026-02-11,busan-haeundae,,해송갈비,부서운영업무추진비 부산형 선결제,340000,24f02519c481b583999926636bf78c6c47a0a195f3f4db9fc1956158aabab3a7,sheet1:R2,,,
24f02519c481b583-sheet1-R3,2026-02-11,busan-haeundae,,한우리가,시책추진업무추진비 부산형 선결제,240000,24f02519c481b583999926636bf78c6c47a0a195f3f4db9fc1956158aabab3a7,sheet1:R3,,,
24f02519c481b583-sheet1-R4,2026-03-12,busan-haeundae,,쿠팡,직원용 다과 구입,85610,24f02519c481b583999926636bf78c6c47a0a195f3f4db9fc1956158aabab3a7,sheet1:R4,,,
24f02519c481b583-sheet1-R5,2026-03-23,busan-haeundae,,세이프룻,2026년 일자리위원회 다과 구입,135000,24f02519c481b583999926636bf78c6c47a0a195f3f4db9fc1956158aabab3a7,sheet1:R5,,,
24f02519c481b583-sheet1-R6,2026-03-27,busan-haeundae,,"토고래 티저트샵, 쿠팡",청년월세 동 담당자 교육 다과 등 구입,111320,24f02519c481b583999926636bf78c6c47a0a195f3f4db9fc1956158aabab3a7,sheet1:R6,,,
0a451132c4a7616a-sheet1-R6,2026-03-04,busan-haeundae,,쿠팡㈜,내방객용 생수 구입,21800,0a451132c4a7616aba3f4f20c308b5eb453d9091fd112650e93ac8db58df3716,sheet1:R6,,,
0a451132c4a7616a-sheet1-R7,2026-03-06,busan-haeundae,,제이에이치 한바구니 반여점,내방객용 간식 구입,51000,0a451132c4a7616aba3f4f20c308b5eb453d9091fd112650e93ac8db58df3716,sheet1:R7,,,
0a451132c4a7616a-sheet1-R8,2026-03-11,busan-haeundae,,장원푸드,반여1동 자율방재단 노고 격려 간담회 개최,300000,0a451132c4a7616aba3f4f20c308b5eb453d9091fd112650e93ac8db58df3716,sheet1:R8,,,
0a451132c4a7616a-sheet1-R9,2026-03-18,busan-haeundae,,금송삼계탕외 1,"반여1동 새마을부녀회,문고 격려 간담회 개최",400000,0a451132c4a7616aba3f4f20c308b5eb453d9091fd112650e93ac8db58df3716,sheet1:R9,,,
0a451132c4a7616a-sheet1-R10,2026-03-23,busan-haeundae,,쿠팡㈜,내방객용 음료 구입,131500,0a451132c4a7616aba3f4f20c308b5eb453d9091fd112650e93ac8db58df3716,sheet1:R10,,,
1b43a0dd4dd8581e-sheet1-R3,2026-03-03,busan-haeundae,,쌈보보쌈 해운대점,직원 노고 격려 간담회 개최,294000,1b43a0dd4dd8581e31e5e267806ee48f078d0971b77e0eab8d3a1dc49090711c,sheet1:R3,,,
1b43a0dd4dd8581e-sheet1-R4,2026-03-13,busan-haeundae,,조방낙지,청소년지도위원회 활동 격려 간담회 개최,169000,1b43a0dd4dd8581e31e5e267806ee48f078d0971b77e0eab8d3a1dc49090711c,sheet1:R4,,,
1b43a0dd4dd8581e-sheet1-R5,2026-03-18,busan-haeundae,,"투썸플레이스 좌동점, 지에스 더 프레시",내방객용 다과 구입,63360,1b43a0dd4dd8581e31e5e267806ee48f078d0971b77e0eab8d3a1dc49090711c,sheet1:R5,,,
d3f8f925c2c97f0a-sheet1-R6,2026-03-17,busan-haeundae,,쿠팡,내방객용 다과 구입,298600,d3f8f925c2c97f0af988cd1c6f24c61bea6e0feeb785014889d9b29f87651571,sheet1:R6,,,
d3f8f925c2c97f0a-sheet1-R7,2026-03-20,busan-haeundae,,쿠팡,내방객용 음료 등 구입,70700,d3f8f925c2c97f0af988cd1c6f24c61bea6e0feeb785014889d9b29f87651571,sheet1:R7,,,
c425180337251fc3-sheet1-R2,2026-03-11,busan-haeundae,,어부심 해풍코다리 해운대점,좌1동 자율방재단 활동 격려 간담회 개최,220000,c425180337251fc32dfc135559cff91dd83a13bfeb941af3f82d8927d4bfce0d,sheet1:R2,,,
c425180337251fc3-sheet1-R3,2026-03-24,busan-haeundae,,주식회사 동보 (dongbo Corporation)(지점),내방객용 다과 구입 건의(카드),347500,c425180337251fc32dfc135559cff91dd83a13bfeb941af3f82d8927d4bfce0d,sheet1:R3,,,
c425180337251fc3-sheet1-R4,2026-03-27,busan-haeundae,,스타벅스 코리아,2026년 위기가구 발굴·지원 협력 강화를 위한 간담회 개최(카드),59300,c425180337251fc32dfc135559cff91dd83a13bfeb941af3f82d8927d4bfce0d,sheet1:R4,,,
c425180337251fc3-sheet1-R5,2026-03-27,busan-haeundae,,해운대구다문화가족지원센터,직원용 간식 구입 건의(카드),133500,c425180337251fc32dfc135559cff91dd83a13bfeb941af3f82d8927d4bfce0d,sheet1:R5,,,
ff6b16c4e3f1e70d-sheet1-R5,2026-01-21,busan-haeundae,,쿠팡,[카드]사무실 다과 구입,158330,ff6b16c4e3f1e70d4aad4e4af8e6bff761a69446dca859da1dddd40e0d95df7d,sheet1:R5,,,
ff6b16c4e3f1e70d-sheet1-R6,2026-02-02,busan-haeundae,,신라스테이 해운대,도로관리 현안사항 추진 관련 간담회 개최 건의,300000,ff6b16c4e3f1e70d4aad4e4af8e6bff761a69446dca859da1dddd40e0d95df7d,sheet1:R6,,,
ff6b16c4e3f1e70d-sheet1-R7,2026-02-02,busan-haeundae,,다이닝원 해운대점,[카드]직원 격려 간담회 개최,852400,ff6b16c4e3f1e70d4aad4e4af8e6bff761a69446dca859da1dddd40e0d95df7d,sheet1:R7,,,
ff6b16c4e3f1e70d-sheet1-R8,2026-02-06,busan-haeundae,,해운대싱싱뽈락회,도로관리 현안사항 추진 간담회 개최,300000,ff6b16c4e3f1e70d4aad4e4af8e6bff761a69446dca859da1dddd40e0d95df7d,sheet1:R8,,,
ff6b16c4e3f1e70d-sheet1-R9,2026-02-12,busan-haeundae,,쿠팡,[카드]사무실 다과 구입,99510,ff6b16c4e3f1e70d4aad4e4af8e6bff761a69446dca859da1dddd40e0d95df7d,sheet1:R9,,,
ff6b16c4e3f1e70d-sheet1-R10,2026-02-13,busan-haeundae,,한우리가,[카드]도로조명시설 관리 업무추진 관련 간담회 개최,180000,ff6b16c4e3f1e70d4aad4e4af8e6bff761a69446dca859da1dddd40e0d95df7d,sheet1:R10,,,
ff6b16c4e3f1e70d-sheet1-R11,2026-02-19,busan-haeundae,,㈜신화아이푸드,주요 현안사업 추진을 위한 간담회 개최,270000,ff6b16c4e3f1e70d4aad4e4af8e6bff761a69446dca859da1dddd40e0d95df7d,sheet1:R11,,,
ff6b16c4e3f1e70d-sheet1-R12,2026-02-27,busan-haeundae,,섬진강,2026년 상반기 도시방재시설물 관리 업무추진 간담회 개최(카드),225000,ff6b16c4e3f1e70d4aad4e4af8e6bff761a69446dca859da1dddd40e0d95df7d,sheet1:R12,,,
ff6b16c4e3f1e70d-sheet1-R13,2026-03-06,busan-haeundae,,쿠팡,[카드]사무실 다과 구입,88410,ff6b16c4e3f1e70d4aad4e4af8e6bff761a69446dca859da1dddd40e0d95df7d,sheet1:R13,,,
ff6b16c4e3f1e70d-sheet1-R14,2026-03-16,busan-haeundae,,쿠팡㈜,[카드결제]사무실 다과 구입,114040,ff6b16c4e3f1e70d4aad4e4af8e6bff761a69446dca859da1dddd40e0d95df7d,sheet1:R14,,,
ff6b16c4e3f1e70d-sheet1-R15,2026-03-20,busan-haeundae,,트레이더스 연산점,2026년 해빙기 취약시설 안전점검 관련 업무회의 개최,124000,ff6b16c4e3f1e70d4aad4e4af8e6bff761a69446dca859da1dddd40e0d95df7d,sheet1:R15,,,
ff6b16c4e3f1e70d-sheet1-R16,2026-03-21,busan-haeundae,,쿠팡㈜,[카드]사무실 다과 구입,142330,ff6b16c4e3f1e70d4aad4e4af8e6bff761a69446dca859da1dddd40e0d95df7d,sheet1:R16,,,
a2f649f71b8d7c57-sheet1-R3,2026-03-12,busan-haeundae,지방소득세과,세이브존,사무실 다과 및 음료 등 구입,83400,a2f649f71b8d7c571d3c143c7c41b7ca2af946d70a5a3ff4dc71b6dd50639d38,sheet1:R3,,,
465e43bc08df6a9d-sheet1-R4,2026-03-23,busan-haeundae,,쿠팡,2026년 직장 내 성희롱 등 예방교육 음료 구입,35900,465e43bc08df6a9d49ef30b62c37082095876266d40c851b702ea852f163e5f1,sheet1:R4,,,
465e43bc08df6a9d-sheet1-R5,2026-03-24,busan-haeundae,,네이버,2026년 해운대구청소년육성위원회 음료(생수) 구입,16850,465e43bc08df6a9d49ef30b62c37082095876266d40c851b702ea852f163e5f1,sheet1:R5,,,
465e43bc08df6a9d-sheet1-R6,2026-03-30,busan-haeundae,,카페다온,2026년 해운대구청소년육성위원회 음료 구입,27500,465e43bc08df6a9d49ef30b62c37082095876266d40c851b702ea852f163e5f1,sheet1:R6,,,
465e43bc08df6a9d-sheet1-R7,2026-03-30,busan-haeundae,,프루쉬센텀점,2026년 해운대구청소년육성위원회 다과 구입,91300,465e43bc08df6a9d49ef30b62c37082095876266d40c851b702ea852f163e5f1,sheet1:R7,,,
ae2f6f154a927d03-sheet1-R3,2026-03-18,busan-haeundae,건강증진과,인터넷몰,부서운영용 다과 구입,55660,ae2f6f154a927d03b3f760879917b75e1f697d4b5a09a2d7f55f94b187a906c9,sheet1:R3,,,
840052c08de2b8f1-sheet1-R5,2026-03-10,busan-haeundae,문화회관,SSG,2026년 상반기 직원 취미활동 지원을 위한 상품권 추가 구입,40000,840052c08de2b8f1757074129b82f919d044dd34067eb40efee3621e3ef82240,sheet1:R5,,,
840052c08de2b8f1-sheet1-R6,2026-03-25,busan-haeundae,문화회관,예스이십사공연,선진지 낙동강아트센터 견학에 따른 공연료(입장료) 구입,50000,840052c08de2b8f1757074129b82f919d044dd34067eb40efee3621e3ef82240,sheet1:R6,,,
840052c08de2b8f1-sheet1-R7,2026-03-25,busan-haeundae,문화회관,복호두 해운대1호점,선진지 낙동강아트센터 견학에 따른 방문용 물품 구입,66050,840052c08de2b8f1757074129b82f919d044dd34067eb40efee3621e3ef82240,sheet1:R7,,,
840052c08de2b8f1-sheet1-R8,2026-03-26,busan-haeundae,문화회관,㈜서원유통,사무실 간식 등 구입,156160,840052c08de2b8f1757074129b82f919d044dd34067eb40efee3621e3ef82240,sheet1:R8,,,
840052c08de2b8f1-sheet1-R9,2026-03-31,busan-haeundae,문화회관,남자마늘보쌈,직원 노고 격려 간담회 개최,91000,840052c08de2b8f1757074129b82f919d044dd34067eb40efee3621e3ef82240,sheet1:R9,,,
10fafe491da33da5-sheet1-R2,2026-01-06,busan-haeundae,,옵스,구정 주요 업무 관련 협의용 다과 구입,136000,10fafe491da33da58ad8bea02be00d38d47fb01c339e129fcdf87318afa86a06,sheet1:R2,,,
10fafe491da33da5-sheet1-R3,2026-01-09,busan-haeundae,,남해돼지국밥,주요 현안 논의를 위한 간담회 개최,99000,10fafe491da33da58ad8bea02be00d38d47fb01c339e129fcdf87318afa86a06,sheet1:R3,,,
10fafe491da33da5-sheet1-R4,2026-01-12,busan-haeundae,,초원복국,비전전략국 주요사항 논의 간담회 개최,436000,10fafe491da33da58ad8bea02be00d38d47fb01c339e129fcdf87318afa86a06,sheet1:R4,,,
10fafe491da33da5-sheet1-R5,2026-01-12,busan-haeundae,,동백상회,의회 행사 지원 물품 구입,430100,10fafe491da33da58ad8bea02be00d38d47fb01c339e129fcdf87318afa86a06,sheet1:R5,,,
10fafe491da33da5-sheet1-R6,2026-01-12,busan-haeundae,,쿠팡,구정 현안 업무 관련 내방객 다과 구입,117630,10fafe491da33da58ad8bea02be00d38d47fb01c339e129fcdf87318afa86a06,sheet1:R6,,,
10fafe491da33da5-sheet1-R7,2026-01-16,busan-haeundae,,만복국수,주요 현안 논의를 위한 간담회 개최,73500,10fafe491da33da58ad8bea02be00d38d47fb01c339e129fcdf87318afa86a06,sheet1:R7,,,
10fafe491da33da5-sheet1-R8,2026-01-22,busan-haeundae,,오설록 해운대점,2026년 신년맞이 고문변호사 예방 물품 구입,201000,10fafe491da33da58ad8bea02be00d38d47fb01c339e129fcdf87318afa86a06,sheet1:R8,,,
10fafe491da33da5-sheet1-R9,2026-01-27,busan-haeundae,,"해주면옥, 한우리가",2026년 구정계획 수립 및 홍보를 위한 시책추진업무추진비 선결제,850000,10fafe491da33da58ad8bea02be00d38d47fb01c339e129fcdf87318afa86a06,sheet1:R9,,,
10fafe491da33da5-sheet1-R10,2026-01-29,busan-haeundae,,뉴한국마트,「부산형 선결제」관련 시책추진업무추진비 선결제 지급,216000,10fafe491da33da58ad8bea02be00d38d47fb01c339e129fcdf87318afa86a06,sheet1:R10,,,
10fafe491da33da5-sheet1-R11,2026-02-02,busan-haeundae,,"싸다구직거래장터, 쿠팡, 뉴한국마트",공약이행평가단 다과 구입,448270,10fafe491da33da58ad8bea02be00d38d47fb01c339e129fcdf87318afa86a06,sheet1:R11,,,
10fafe491da33da5-sheet1-R12,2026-02-03,busan-haeundae,,쿠팡,구정 현안 업무 관련 내방객 다과 구입,207870,10fafe491da33da58ad8bea02be00d38d47fb01c339e129fcdf87318afa86a06,sheet1:R12,,,
10fafe491da33da5-sheet1-R13,2026-02-03,busan-haeundae,,지마켓,설명절 위문시설 성품 구입,100000,10fafe491da33da58ad8bea02be00d38d47fb01c339e129fcdf87318afa86a06,sheet1:R13,,,
10fafe491da33da5-sheet1-R14,2026-02-04,busan-haeundae,,한우리가,'부산 착한결제'관련 시책추진업무추진비 선결제,450000,10fafe491da33da58ad8bea02be00d38d47fb01c339e129fcdf87318afa86a06,sheet1:R14,,,
10fafe491da33da5-sheet1-R15,2026-02-09,busan-haeundae,,남천집,'부산형 선결제'관련 시책추진업무추진비 선결제 지급,420000,10fafe491da33da58ad8bea02be00d38d47fb01c339e129fcdf87318afa86a06,sheet1:R15,,,
10fafe491da33da5-sheet1-R16,2026-02-10,busan-haeundae,,언양봉계숯불갈비,상반기 재정집행 관련 논의 간담회 개최,200000,10fafe491da33da58ad8bea02be00d38d47fb01c339e129fcdf87318afa86a06,sheet1:R16,,,
10fafe491da33da5-sheet1-R17,2026-02-13,busan-haeundae,,오설록 해운대점,시설관리공단 벤치마킹 관련 방문용 선물 구입,94000,10fafe491da33da58ad8bea02be00d38d47fb01c339e129fcdf87318afa86a06,sheet1:R17,,,
10fafe491da33da5-sheet1-R18,2026-02-24,busan-haeundae,,생어거스틴,해운대달맞이온천축제 등 구정홍보를 위한 구 출입기자와의 간담회 개최,360000,10fafe491da33da58ad8bea02be00d38d47fb01c339e129fcdf87318afa86a06,sheet1:R18,,,
10fafe491da33da5-sheet1-R19,2026-02-24,busan-haeundae,,바람위구름상점,서울시 자치구 방문 기념품 구입,62000,10fafe491da33da58ad8bea02be00d38d47fb01c339e129fcdf87318afa86a06,sheet1:R19,,,
10fafe491da33da5-sheet1-R20,2026-02-25,busan-haeundae,,네이버,구정 현안 업무 관련 내방객 다류 구입,134300,10fafe491da33da58ad8bea02be00d38d47fb01c339e129fcdf87318afa86a06,sheet1:R20,,,
10fafe491da33da5-sheet1-R21,2026-02-25,busan-haeundae,,뉴한국마트,2026년 제1차 용역과제사전심의위원회 다과 구입,52950,10fafe491da33da58ad8bea02be00d38d47fb01c339e129fcdf87318afa86a06,sheet1:R21,,,
10fafe491da33da5-sheet1-R22,2026-02-27,busan-haeundae,,1984그수육집칼국수,해랑 서포터즈 발대식 관련 간담회 개최,100800,10fafe491da33da58ad8bea02be00d38d47fb01c339e129fcdf87318afa86a06,sheet1:R22,,,
10fafe491da33da5-sheet1-R23,2026-03-03,busan-haeundae,,뉴한국마트,2026년 제1차 기금운용심의위원회 다과 구입,79000,10fafe491da33da58ad8bea02be00d38d47fb01c339e129fcdf87318afa86a06,sheet1:R23,,,
10fafe491da33da5-sheet1-R24,2026-03-04,busan-haeundae,,쿠팡,용역 2차 중간보고회 다과 구입,175260,10fafe491da33da58ad8bea02be00d38d47fb01c339e129fcdf87318afa86a06,sheet1:R24,,,
10fafe491da33da5-sheet1-R25,2026-03-09,busan-haeundae,,"뉴한국마트, 쿠팡",자체평가 실무평가단 음료 등 구입,80660,10fafe491da33da58ad8bea02be00d38d47fb01c339e129fcdf87318afa86a06,sheet1:R25,,,
10fafe491da33da5-sheet1-R26,2026-03-10,busan-haeundae,,해운대소문난삼계탕,센텀2지구 도시산단 조성사업 관련 간담회 개최,168000,10fafe491da33da58ad8bea02be00d38d47fb01c339e129fcdf87318afa86a06,sheet1:R26,,,
10fafe491da33da5-sheet1-R27,2026-03-13,busan-haeundae,,"싸다구직거래장터, 쿠팡",자체평가위원회 다과 구입,135260,10fafe491da33da58ad8bea02be00d38d47fb01c339e129fcdf87318afa86a06,sheet1:R27,,,
10fafe491da33da5-sheet1-R28,2026-03-13,busan-haeundae,,금수복국,주요 현안 논의를 위한 간담회 개최,281000,10fafe491da33da58ad8bea02be00d38d47fb01c339e129fcdf87318afa86a06,sheet1:R28,,,
10fafe491da33da5-sheet1-R29,2026-03-24,busan-haeundae,,옵스,민간투자사업 자문 관련 다과 구입,32000,10fafe491da33da58ad8bea02be00d38d47fb01c339e129fcdf87318afa86a06,sheet1:R29,,,
10fafe491da33da5-sheet1-R30,2026-03-31,busan-haeundae,,세이브존,2026년 예산성과금 자체심사위원회 다과 구입,48440,10fafe491da33da58ad8bea02be00d38d47fb01c339e129fcdf87318afa86a06,sheet1:R30,,,
425924410f646412-sheet1-R4,2026-03-06,busan-haeundae,공동주택과,쿠팡,사무실 다과 구입,116600,425924410f6464129da651a1cd42c3b0d542e855c2c5249845a851863671104e,sheet1:R4,,,
5012df2c3c341fa4-sheet1-R5,2026-03-06,busan-haeundae,중2동,"싱싱과일, 해운대농업협동조합",중2동 방위협의회 간담회 다과 구입,73000,5012df2c3c341fa4d23b416e51608eb7928aa6b84667048222933e4bc20e4c91,sheet1:R5,,,
5012df2c3c341fa4-sheet1-R6,2026-03-13,busan-haeundae,중2동,송원물회횟집,중2동 단체장 격려 간담회 개최,119000,5012df2c3c341fa4d23b416e51608eb7928aa6b84667048222933e4bc20e4c91,sheet1:R6,,,
5012df2c3c341fa4-sheet1-R7,2026-03-25,busan-haeundae,중2동,송화잔기지동부산점,2026년 중2동 단체 합동워크숍 지원,210000,5012df2c3c341fa4d23b416e51608eb7928aa6b84667048222933e4bc20e4c91,sheet1:R7,,,
6eb56ba6e4fca39e-table1-R2,2026-03-09,busan-haeundae,,해운대 하선집,[카드]좌2동 주민자치위원회 활동 격려 간담회 개최 건의,480000,6eb56ba6e4fca39e4523ee7748de087665bcc31e080b9582e9a19f9cbc034ad1,table1:R2,,,
6eb56ba6e4fca39e-table1-R3,2026-03-16,busan-haeundae,,최부자축산,[카드] 직원 격려 간담회 개최,320000,6eb56ba6e4fca39e4523ee7748de087665bcc31e080b9582e9a19f9cbc034ad1,table1:R3,,,
6eb56ba6e4fca39e-table1-R4,2026-03-17,busan-haeundae,,쿠우쿠우,2026년 3월 좌동권역 기관장 회의 개최,310800,6eb56ba6e4fca39e4523ee7748de087665bcc31e080b9582e9a19f9cbc034ad1,table1:R4,,,
c0db02cdc2941a32-sheet1-R6,2026-02-03,busan-haeundae,,초량본가어묵,설 명절 직원 격려물품 구입,280000,c0db02cdc2941a32436ee0ebbee9f3c83db2be05b812e0cb34382cad4554f8b4,sheet1:R6,,,
7ad1b27bae90bdb4-sheet1-R6,2026-01-14,busan-haeundae,,파리바게트송정점,유관기관(송정초등학교) 방문 다과 구입,39800,7ad1b27bae90bdb45e43056cfc7fa24f20b0ad8d854025ff20fd958b8656992c,sheet1:R6,,,
7ad1b27bae90bdb4-sheet1-R7,2026-01-19,busan-haeundae,,쿠팡,동 주민과의 대화 생수 구입,63960,7ad1b27bae90bdb45e43056cfc7fa24f20b0ad8d854025ff20fd958b8656992c,sheet1:R7,,,
7ad1b27bae90bdb4-sheet1-R8,2026-01-19,busan-haeundae,,"중앙횟집, 권기백 숯불닭갈비",「부산형 선결제」2026년 업무추진비 선결제 건의,900000,7ad1b27bae90bdb45e43056cfc7fa24f20b0ad8d854025ff20fd958b8656992c,sheet1:R8,,,
7ad1b27bae90bdb4-sheet1-R9,2026-01-19,busan-haeundae,,"경호생오리돌솥밥, 뉴스카이마트",「부산형 선결제」2026년 업무추진비 선결제 건의,1000000,7ad1b27bae90bdb45e43056cfc7fa24f20b0ad8d854025ff20fd958b8656992c,sheet1:R9,,,
7ad1b27bae90bdb4-sheet1-R10,2026-01-20,busan-haeundae,,쿠팡,동 주민과의 대화 생수 구입,15330,7ad1b27bae90bdb45e43056cfc7fa24f20b0ad8d854025ff20fd958b8656992c,sheet1:R10,,,
7ad1b27bae90bdb4-sheet1-R11,2026-01-23,busan-haeundae,,송정해물찜닭,통장협의회 격려 간담회 개최,295000,7ad1b27bae90bdb45e43056cfc7fa24f20b0ad8d854025ff20fd958b8656992c,sheet1:R11,,,
7ad1b27bae90bdb4-sheet1-R12,2026-01-26,busan-haeundae,,피자덕 해운대점,직원 격려 간담회 개최,312900,7ad1b27bae90bdb45e43056cfc7fa24f20b0ad8d854025ff20fd958b8656992c,sheet1:R12,,,
7ad1b27bae90bdb4-sheet1-R13,2026-01-29,busan-haeundae,,경호생오리돌솥밥,지역사회보장협의체 활성화 방안 논의 간담회 개최,270000,7ad1b27bae90bdb45e43056cfc7fa24f20b0ad8d854025ff20fd958b8656992c,sheet1:R13,,,
a92c849776822628-sheet1-R6,2026-02-06,busan-haeundae,,쿠팡,내방객용 다과구입,94140,a92c84977682262851b341846f872ad98cffd83b563dd63a02cce25fc2f3e490,sheet1:R6,,,
a92c849776822628-sheet1-R7,2026-02-10,busan-haeundae,,G마켓,상반기 직원 사기진작을 위한 취미활동 지원 상품권 구입,491000,a92c84977682262851b341846f872ad98cffd83b563dd63a02cce25fc2f3e490,sheet1:R7,,,
a92c849776822628-sheet1-R8,2026-02-19,busan-haeundae,,반송낙지,주민자치회 업무 협의 간담회 개최,420000,a92c84977682262851b341846f872ad98cffd83b563dd63a02cce25fc2f3e490,sheet1:R8,,,
d726d0635b4c75c0-sheet1-R6,2026-01-09,busan-haeundae,,조은오리,인사이동에 따른 팀별 간담회 개최,250000,d726d0635b4c75c0f29bcf874f12ba5d3cbdcaa4d104a0b14004910686362120,sheet1:R6,,,
d726d0635b4c75c0-sheet1-R7,2026-01-13,busan-haeundae,,쿠팡,내방객 음료 구입,55000,d726d0635b4c75c0f29bcf874f12ba5d3cbdcaa4d104a0b14004910686362120,sheet1:R7,,,
d726d0635b4c75c0-sheet1-R8,2026-01-16,busan-haeundae,,반송낙지,인사이동에 따른 팀별 간담회 개최,294000,d726d0635b4c75c0f29bcf874f12ba5d3cbdcaa4d104a0b14004910686362120,sheet1:R8,,,
d726d0635b4c75c0-sheet1-R9,2026-01-21,busan-haeundae,,오리마시떼,지역후원기관 간담회 개최,140000,d726d0635b4c75c0f29bcf874f12ba5d3cbdcaa4d104a0b14004910686362120,sheet1:R9,,,
d726d0635b4c75c0-sheet1-R10,2026-01-23,busan-haeundae,,반송낙지,단체 업무 협의 간담회 개최,307000,d726d0635b4c75c0f29bcf874f12ba5d3cbdcaa4d104a0b14004910686362120,sheet1:R10,,,
d726d0635b4c75c0-sheet1-R11,2026-01-23,busan-haeundae,,바담코다리,인사이동에 따른 팀별 간담회 개최,206000,d726d0635b4c75c0f29bcf874f12ba5d3cbdcaa4d104a0b14004910686362120,sheet1:R11,,,
ae5a397d3d189ba5-sheet1-R5,2026-02-06,busan-haeundae,민원여권과,한우리가,「부산형 선결제」 관련 부서운영업무추진비 선결제,675000,ae5a397d3d189ba5531e37de83a1436688167fdfbd5fbe7fa44e334caca21a87,sheet1:R5,,,
ae5a397d3d189ba5-sheet1-R6,2026-02-06,busan-haeundae,민원여권과,해운대소문난삼계탕,「부산형 선결제」 관련 부서운영업무추진비 선결제,594000,ae5a397d3d189ba5531e37de83a1436688167fdfbd5fbe7fa44e334caca21a87,sheet1:R6,,,
ae5a397d3d189ba5-sheet1-R7,2026-02-06,busan-haeundae,민원여권과,한국마트,「부산형 선결제」 관련 부서운영업무추진비 선결제,141000,ae5a397d3d189ba5531e37de83a1436688167fdfbd5fbe7fa44e334caca21a87,sheet1:R7,,,
a5bd5bbb609f700d-sheet1-R2,2026-02-03,busan-haeundae,,이랜드리테일 해운대점,2026년 2월 좌동권역 기관장 회의 개최 건의,218900,a5bd5bbb609f700d5677b7d018c3ab28379053cdd4a69495cc3803837fd09ab3,sheet1:R2,,,
a5bd5bbb609f700d-sheet1-R3,2026-02-10,busan-haeundae,,이랜드리테일 해운대점,주민자치 프로그램 강사진과의 업무연찬 간담회 개최 건의,199000,a5bd5bbb609f700d5677b7d018c3ab28379053cdd4a69495cc3803837fd09ab3,sheet1:R3,,,
a5bd5bbb609f700d-sheet1-R4,2026-02-11,busan-haeundae,,쌈보보쌈 해운대점,좌1동 통장협의회 간담회 개최 건의(카드결제),406000,a5bd5bbb609f700d5677b7d018c3ab28379053cdd4a69495cc3803837fd09ab3,sheet1:R4,,,
a5bd5bbb609f700d-sheet1-R5,2026-02-10,busan-haeundae,,오케이 플러스 마트,직원용 다과 구입 건의(카드),300000,a5bd5bbb609f700d5677b7d018c3ab28379053cdd4a69495cc3803837fd09ab3,sheet1:R5,,,
a5bd5bbb609f700d-sheet1-R6,2026-02-12,busan-haeundae,,소문난 양곱창,주민자치위원회 간담회 개최 건의,535000,a5bd5bbb609f700d5677b7d018c3ab28379053cdd4a69495cc3803837fd09ab3,sheet1:R6,,,
a5bd5bbb609f700d-sheet1-R7,2026-02-27,busan-haeundae,,자연도소금빵&자연도해외 2,직원용 간식 구입 건의(카드),224000,a5bd5bbb609f700d5677b7d018c3ab28379053cdd4a69495cc3803837fd09ab3,sheet1:R7,,,
a5bd5bbb609f700d-sheet1-R8,2026-02-27,busan-haeundae,,(주)서원유통TOPMART,직원용 간식 구입 건의(카드),105260,a5bd5bbb609f700d5677b7d018c3ab28379053cdd4a69495cc3803837fd09ab3,sheet1:R8,,,
44ab970e2b3b2902-sheet1-R5,2026-02-02,busan-haeundae,,엄용백 낙돈 돼지국밥,직원 격려 간담회 개최,600000,44ab970e2b3b29023677dc948a14f39d851a2ab36f053461eb8c73fa12039174,sheet1:R5,,,
44ab970e2b3b2902-sheet1-R6,2026-02-06,busan-haeundae,,엄용백 낙돈 돼지국밥,직원 격려 간담회 개최,1031000,44ab970e2b3b29023677dc948a14f39d851a2ab36f053461eb8c73fa12039174,sheet1:R6,,,
0907bee40be2c1ff-sheet1-R5,2026-02-09,busan-haeundae,,장수반점,새마을부녀회 활동 노고 격려 간담회 개최,191000,0907bee40be2c1ff5b01e5eef6edabcc6721d936d5f7d20ffb651d82ef9785b6,sheet1:R5,,,
0907bee40be2c1ff-sheet1-R6,2026-02-12,busan-haeundae,,㈜신세계백화점 센텀시티점,2026년 설 명절 직원 격려품 구입,320000,0907bee40be2c1ff5b01e5eef6edabcc6721d936d5f7d20ffb651d82ef9785b6,sheet1:R6,,,
0907bee40be2c1ff-sheet1-R7,2026-02-26,busan-haeundae,,오리마시떼,현안업무 추진에 따른 직원 노고 격려 간담회,200000,0907bee40be2c1ff5b01e5eef6edabcc6721d936d5f7d20ffb651d82ef9785b6,sheet1:R7,,,
0907bee40be2c1ff-sheet1-R8,2026-02-27,busan-haeundae,,쿠팡㈜,직원용 다과 등 구매,103730,0907bee40be2c1ff5b01e5eef6edabcc6721d936d5f7d20ffb651d82ef9785b6,sheet1:R8,,,
0c553b13e8f67ebc-sheet1-R6,2026-02-06,busan-haeundae,,쿠팡㈜,설맞이 도시환경정비 참여자 생수 구입,21620,0c553b13e8f67ebcb0d43c36dcf85280c21b0f6699d60815a4811c6db1aad0d4,sheet1:R6,,,
0c553b13e8f67ebc-sheet1-R7,2026-02-06,busan-haeundae,,장산떡집,설맞이 도시환경정비 참여자 간식 구입,87000,0c553b13e8f67ebcb0d43c36dcf85280c21b0f6699d60815a4811c6db1aad0d4,sheet1:R7,,,
0c553b13e8f67ebc-sheet1-R8,2026-02-24,busan-haeundae,,쿠팡㈜,내방객용 음료 및 다과 구입,96250,0c553b13e8f67ebcb0d43c36dcf85280c21b0f6699d60815a4811c6db1aad0d4,sheet1:R8,,,
17cf170133499a21-sheet1-R5,2026-02-04,busan-haeundae,,꽃도새기 센텀점,직원 격려 간담회 개최,337000,17cf170133499a21c603ab454b91e00cd8b48fa668c3654ce14b1bc42a677de7,sheet1:R5,,,
17cf170133499a21-sheet1-R6,2026-02-09,busan-haeundae,,신세계백화점센텀시티점,직원 격려 간담회 개최,380000,17cf170133499a21c603ab454b91e00cd8b48fa668c3654ce14b1bc42a677de7,sheet1:R6,,,
17cf170133499a21-sheet1-R7,2026-02-09,busan-haeundae,,장수오리마을 및 삼성빅마트,2026년도 업무추진비 선결제,650000,17cf170133499a21c603ab454b91e00cd8b48fa668c3654ce14b1bc42a677de7,sheet1:R7,,,
17cf170133499a21-sheet1-R8,2026-02-09,busan-haeundae,,귀빈 및 오륙도낙지,2026년도 업무추진비 선결제,800000,17cf170133499a21c603ab454b91e00cd8b48fa668c3654ce14b1bc42a677de7,sheet1:R8,,,
17cf170133499a21-sheet1-R9,2026-02-11,busan-haeundae,,오륙도낙지,재송1동 지역사회보장협의체 간담회 개최,321000,17cf170133499a21c603ab454b91e00cd8b48fa668c3654ce14b1bc42a677de7,sheet1:R9,,,
17cf170133499a21-sheet1-R10,2026-02-26,busan-haeundae,,정동진 아구찜,직원 격려 간담회 개최,265000,17cf170133499a21c603ab454b91e00cd8b48fa668c3654ce14b1bc42a677de7,sheet1:R10,,,
7e8d1ed13a33b114-sheet1-R3,2026-02-05,busan-haeundae,지방소득세과,한우리가,직원 노고 격려 및 징수실적 분석 간담회 개최,360000,7e8d1ed13a33b114122fde8f8787d37005aa1019e2024923e33f847cbae71361,sheet1:R3,,,
3afab4f3c00a81a9-sheet1-R5,2026-02-05,busan-haeundae,건축과,영남 돼지갈비,지역경제 활성화를 위한 부산형 선결제 관련 업무추진비 선결제,1008000,3afab4f3c00a81a9ccc21ee784f245db1a02ad38444f228deeae0e9a4642d94f,sheet1:R5,,,
3afab4f3c00a81a9-sheet1-R6,2026-02-05,busan-haeundae,건축과,소촌갈비찜,2026년 제1회 찾아가는 소통행정 건축민원컨설팅,300000,3afab4f3c00a81a9ccc21ee784f245db1a02ad38444f228deeae0e9a4642d94f,sheet1:R6,,,
3afab4f3c00a81a9-sheet1-R7,2026-02-10,busan-haeundae,건축과,초원복국,2026년 상반기 개발제한구역 관리업무 추진 간담회,198000,3afab4f3c00a81a9ccc21ee784f245db1a02ad38444f228deeae0e9a4642d94f,sheet1:R7,,,
3afab4f3c00a81a9-sheet1-R8,2026-02-25,busan-haeundae,건축과,㈜세이브존,사무실 비치용 다과 등 구입,275620,3afab4f3c00a81a9ccc21ee784f245db1a02ad38444f228deeae0e9a4642d94f,sheet1:R8,,,
3cd8ce21480b5012-sheet1-R5,2026-01-16,busan-haeundae,건축과,㈜세이브존,사무실 비치용 다과 등 구입,321550,3cd8ce21480b501268388fb329e3debb930d25a11355971cb70fb068721363ad,sheet1:R5,,,
e1a2706c653bee24-sheet1-R4,2026-01-21,busan-haeundae,,식당3선 센텀점,해운대구여성단체협의회 간담회,247000,e1a2706c653bee24bfce2a2dd2b70d72e0939635ac572d219a4dc6cabc0b2c2f,sheet1:R4,,,
e1a2706c653bee24-sheet1-R5,2026-02-06,busan-haeundae,,블랑제리아띠랑,2026년 제1회 아동복지심의위원회 사례결정위원회 다과 구입,49400,e1a2706c653bee24bfce2a2dd2b70d72e0939635ac572d219a4dc6cabc0b2c2f,sheet1:R5,,,
024882d41e033eb9-sheet1-R5,2026-02-03,busan-haeundae,중1동,(주)쿠팡,내방객 접대용 다과 구입,180600,024882d41e033eb901c4dac763e1dc5f3abd8ae5a60da726cca20e99c52cb390,sheet1:R5,,,
024882d41e033eb9-sheet1-R6,2026-02-10,busan-haeundae,중1동,㈜이마트해운대점,2026년 상반기 직원 사기진작 격려품 지급,320000,024882d41e033eb901c4dac763e1dc5f3abd8ae5a60da726cca20e99c52cb390,sheet1:R6,,,
024882d41e033eb9-sheet1-R7,2026-02-25,busan-haeundae,중1동,시루다방,통장협의회 간담회 개최 건의,77000,024882d41e033eb901c4dac763e1dc5f3abd8ae5a60da726cca20e99c52cb390,sheet1:R7,,,
d442f21fe7d74a5d-sheet1-R3,2026-01-22,busan-haeundae,재산취득세과,쿠팡,사무실 다과 구입(카드결제),208130,d442f21fe7d74a5d318a55a85d24a7b504182dd5a7b9e115f649644a1c2364aa,sheet1:R3,,,
d442f21fe7d74a5d-sheet1-R4,2026-01-22,busan-haeundae,재산취득세과,갈비가 맛있다,"『부산형 선결제』관련, 부서운영업무추진비 선결제 지급 건의",1200000,d442f21fe7d74a5d318a55a85d24a7b504182dd5a7b9e115f649644a1c2364aa,sheet1:R4,,,
2ed78a5c9d54d587-sheet1-R5,2026-02-02,busan-haeundae,중2동,최부자한우,중2동 통장협의회 격려 간담회 개최,252000,2ed78a5c9d54d58758bc1287bd9605ac9f1fd1fee106cd26a2dfee7b48b6c1c2,sheet1:R5,,,
2ed78a5c9d54d587-sheet1-R6,2026-02-05,busan-haeundae,중2동,스타벅스,중2동 새마을부녀회 격려 간담회 개최,30100,2ed78a5c9d54d58758bc1287bd9605ac9f1fd1fee106cd26a2dfee7b48b6c1c2,sheet1:R6,,,
2ed78a5c9d54d587-sheet1-R7,2026-02-09,busan-haeundae,중2동,최부자한우,직원 격려 간담회 개최,450000,2ed78a5c9d54d58758bc1287bd9605ac9f1fd1fee106cd26a2dfee7b48b6c1c2,sheet1:R7,,,
2ed78a5c9d54d587-sheet1-R8,2026-02-09,busan-haeundae,중2동,속시원한대구탕,중2동 주민자치위원회 격려 간담회,280000,2ed78a5c9d54d58758bc1287bd9605ac9f1fd1fee106cd26a2dfee7b48b6c1c2,sheet1:R8,,,
2ed78a5c9d54d587-sheet1-R9,2026-02-11,busan-haeundae,중2동,만서리 이가네 막국수,중2동 방위협의회 격려 간담회 개최,180000,2ed78a5c9d54d58758bc1287bd9605ac9f1fd1fee106cd26a2dfee7b48b6c1c2,sheet1:R9,,,
2ed78a5c9d54d587-sheet1-R10,2026-02-11,busan-haeundae,중2동,㈜이마트,2026년 상반기 직원 사기진작 격려품 구입,300000,2ed78a5c9d54d58758bc1287bd9605ac9f1fd1fee106cd26a2dfee7b48b6c1c2,sheet1:R10,,,
0e41c9ce0084bec8-sheet1-R3,2026-02-06,busan-haeundae,건강증진과,고반식당 해운대점,2026년 상반기 부서 간담회,632000,0e41c9ce0084bec8417facbe7d903acd9946589f05a1e79ba42527989196839d,sheet1:R3,,,
a106582004b9574d-sheet1-R5,2026-02-05,busan-haeundae,문화회관,문화비_티켓링크,타지역 전시회 입장료 구입,50000,a106582004b9574dee76eadf6ca3360a78fc880d005ef6475640e88829d3e489,sheet1:R5,,,
a106582004b9574d-sheet1-R6,2026-02-09,busan-haeundae,문화회관,SSG,2026년 상반기 직원 취미활동 지원을 위한 상품권 구입,260000,a106582004b9574dee76eadf6ca3360a78fc880d005ef6475640e88829d3e489,sheet1:R6,,,
0ba0705c6ef492f6-sheet1-R6,2026-02-05,busan-haeundae,,오봉집 해운대점,바르게살기운동위원회 격려 간담회 개최,160000,0ba0705c6ef492f6071ce799aac195231c6bf12772d9f6b8b0a3ac4c65cde9bb,sheet1:R6,,,
0ba0705c6ef492f6-sheet1-R8,2026-02-06,busan-haeundae,,신사꽃게당 해운대점,단체장 업무추진 간담회 개최,480000,0ba0705c6ef492f6071ce799aac195231c6bf12772d9f6b8b0a3ac4c65cde9bb,sheet1:R8,,,
0ba0705c6ef492f6-sheet1-R9,2026-02-11,busan-haeundae,,이마트 해운대점,2026년 상반기 직원 격려 상품권 구입,340000,0ba0705c6ef492f6071ce799aac195231c6bf12772d9f6b8b0a3ac4c65cde9bb,sheet1:R9,,,
0ba0705c6ef492f6-sheet1-R10,2026-02-12,busan-haeundae,,스펀지 엘지장식,새마을단체 격려 간담회 개최,200000,0ba0705c6ef492f6071ce799aac195231c6bf12772d9f6b8b0a3ac4c65cde9bb,sheet1:R10,,,
0ba0705c6ef492f6-sheet1-R11,2026-02-26,busan-haeundae,,명량시대 쌀핫도그 중동점,직원 격려 간식 구입,88500,0ba0705c6ef492f6071ce799aac195231c6bf12772d9f6b8b0a3ac4c65cde9bb,sheet1:R11,,,
0ba0705c6ef492f6-sheet1-R12,2026-02-26,busan-haeundae,,신사꽃게당 해운대점,주민자치 업무추진 간담회 개최,467000,0ba0705c6ef492f6071ce799aac195231c6bf12772d9f6b8b0a3ac4c65cde9bb,sheet1:R12,,,
5121e00a8e91725f-sheet1-R3,2026-02-05,busan-haeundae,,투썸플레이스,설맞이 환경정비 관련 논의 간담회 개최,55300,5121e00a8e91725f0266ac674c5d96f80470086a771461240d8e2fd084c396e1,sheet1:R3,,,
5121e00a8e91725f-sheet1-R4,2026-02-06,busan-haeundae,,올리브영,설명절 직원 격려품 구입,260000,5121e00a8e91725f0266ac674c5d96f80470086a771461240d8e2fd084c396e1,sheet1:R4,,,
5121e00a8e91725f-sheet1-R5,2026-02-09,busan-haeundae,,"홈플러스, 쿠팡",직원용 사무실 다과 구입,152590,5121e00a8e91725f0266ac674c5d96f80470086a771461240d8e2fd084c396e1,sheet1:R5,,,
5121e00a8e91725f-sheet1-R6,2026-02-10,busan-haeundae,,파리바게트,설맞이 환경정비 활동 격려 간담회 개최,55400,5121e00a8e91725f0266ac674c5d96f80470086a771461240d8e2fd084c396e1,sheet1:R6,,,
5121e00a8e91725f-sheet1-R7,2026-02-13,busan-haeundae,,"BHC, 도미노피자",설명절 맞이 직원 간담회 개최,189560,5121e00a8e91725f0266ac674c5d96f80470086a771461240d8e2fd084c396e1,sheet1:R7,,,
0ee82eb933f31e74-sheet1-R4,2026-01-29,busan-haeundae,,비커피,구정 주요 정책사업 홍보를 위한 출입기자 간담회,38000,0ee82eb933f31e741b4c1a41e336bdd3a3ec5d255085b8cbecb4d35030959ad8,sheet1:R4,,,
0ee82eb933f31e74-sheet1-R5,2026-01-29,busan-haeundae,,keveren house,구정 주요 정책사업 홍보를 위한 출입기자 간담회,52000,0ee82eb933f31e741b4c1a41e336bdd3a3ec5d255085b8cbecb4d35030959ad8,sheet1:R5,,,
0ee82eb933f31e74-sheet1-R6,2026-01-29,busan-haeundae,,우마이미세,구정 주요 정책사업 홍보를 위한 출입기자 간담회,132000,0ee82eb933f31e741b4c1a41e336bdd3a3ec5d255085b8cbecb4d35030959ad8,sheet1:R6,,,
0ee82eb933f31e74-sheet1-R7,2026-02-03,busan-haeundae,,동백커피,해운대신문 명예기자 2월 기획회의 간담회,46100,0ee82eb933f31e741b4c1a41e336bdd3a3ec5d255085b8cbecb4d35030959ad8,sheet1:R7,,,
0ee82eb933f31e74-sheet1-R8,2026-02-10,busan-haeundae,,한우리가,KTX-이음 연계 관광활성화 정책 등 홍보를 위한 구 출입기자와의 간담회,140000,0ee82eb933f31e741b4c1a41e336bdd3a3ec5d255085b8cbecb4d35030959ad8,sheet1:R8,,,
0ee82eb933f31e74-sheet1-R9,2026-02-10,busan-haeundae,,LUCIEN BAKERY,KTX-이음 연계 관광활성화 정책 등 홍보를 위한 구 출입기자와의 간담회,100000,0ee82eb933f31e741b4c1a41e336bdd3a3ec5d255085b8cbecb4d35030959ad8,sheet1:R9,,,
64896c80c3ad1d3a-table1-R2,2026-02-05,busan-haeundae,,홍유단,[카드]새마을지도자좌2동협의회 활동 격려 간담회 개최,210000,64896c80c3ad1d3a248baf72538d5a9baba32df9b3e1a85b64b3c140a57ac799,table1:R2,,,
64896c80c3ad1d3a-table1-R3,2026-02-25,busan-haeundae,,쿠팡,[카드] 직원용 다과 구입 건의,123470,64896c80c3ad1d3a248baf72538d5a9baba32df9b3e1a85b64b3c140a57ac799,table1:R3,,,
2ae039ba1a3ea1f5-sheet1-R6,2026-01-29,busan-haeundae,,꽃도새기 센텀점,직원 격려 간담회 개최,159500,2ae039ba1a3ea1f55b82c501702161122f4b6d06f07e95b485e9cb24ce2f7c85,sheet1:R6,,,
e754b47aaf866ab0-sheet1-R5,2026-01-12,busan-haeundae,,별이네,인사이동에 따른 직원 간담회 개최,140000,e754b47aaf866ab00d43716498d90e951e8a9e02eee6b6d47e85bd649a611638,sheet1:R5,,,
e754b47aaf866ab0-sheet1-R6,2026-01-13,busan-haeundae,,네이버파이낸셜(주),지역사회보장협의체 활동 노고 격려 간식 구입 건의,139200,e754b47aaf866ab00d43716498d90e951e8a9e02eee6b6d47e85bd649a611638,sheet1:R6,,,
e754b47aaf866ab0-sheet1-R7,2026-01-15,busan-haeundae,,무지개생태마루,『구청장 동 주민과의 대화 』행사용 꽃차 구매 건의,100000,e754b47aaf866ab00d43716498d90e951e8a9e02eee6b6d47e85bd649a611638,sheet1:R7,,,
e754b47aaf866ab0-sheet1-R8,2026-01-15,busan-haeundae,,피자나라 치킨공주,『구청장 동 주민과의 대화 』직원 노고 격려 간담회 개최,115600,e754b47aaf866ab00d43716498d90e951e8a9e02eee6b6d47e85bd649a611638,sheet1:R8,,,
e754b47aaf866ab0-sheet1-R9,2026-01-19,busan-haeundae,,쿠팡(주),직원용 다과 구매,142770,e754b47aaf866ab00d43716498d90e951e8a9e02eee6b6d47e85bd649a611638,sheet1:R9,,,
e754b47aaf866ab0-sheet1-R10,2026-01-21,busan-haeundae,,별이네,새마을부녀회 활동 노고 격려 간담회 개최 건의,116000,e754b47aaf866ab00d43716498d90e951e8a9e02eee6b6d47e85bd649a611638,sheet1:R10,,,
e754b47aaf866ab0-sheet1-R11,2026-01-21,busan-haeundae,,네이버파이낸셜(주),통장협의회 활동 노고 격려 간식 구입 건의,192000,e754b47aaf866ab00d43716498d90e951e8a9e02eee6b6d47e85bd649a611638,sheet1:R11,,,
e754b47aaf866ab0-sheet1-R12,2026-01-28,busan-haeundae,,프랭크버거 부산반송점,"『부산형 선결제』관련, 부서운영업무추진비 선결제 지급 건의",700000,e754b47aaf866ab00d43716498d90e951e8a9e02eee6b6d47e85bd649a611638,sheet1:R12,,,
e754b47aaf866ab0-sheet1-R13,2026-01-28,busan-haeundae,,원조석대추어탕외 1,"『부산형 선결제』관련, 기관운영업무추진비 선결제 지급 건의",1400000,e754b47aaf866ab00d43716498d90e951e8a9e02eee6b6d47e85bd649a611638,sheet1:R13,,,
e754b47aaf866ab0-sheet1-R14,2026-01-29,busan-haeundae,,하숙집,인사이동에 따른 직원 간담회 개최,380700,e754b47aaf866ab00d43716498d90e951e8a9e02eee6b6d47e85bd649a611638,sheet1:R14,,,
66ccfde6b2ff9929-sheet1-R2,2026-01-16,busan-haeundae,,G마켓,2026년 구청장 동 주민과의 대화 생수 구입(카드결제),30200,66ccfde6b2ff992906a26e31181a5b55d7764f86f50de60290e7a9380ff516dc,sheet1:R2,,,
66ccfde6b2ff9929-sheet1-R3,2026-01-20,busan-haeundae,,쿠팡(주),내방객용 차(茶) 구입(카드결제),119000,66ccfde6b2ff992906a26e31181a5b55d7764f86f50de60290e7a9380ff516dc,sheet1:R3,,,
66ccfde6b2ff9929-sheet1-R4,2026-01-29,busan-haeundae,,경성칼국수 돈까스,2026년 동정논의를 위한 단체장 간담회 개최 건의(카드결제),330000,66ccfde6b2ff992906a26e31181a5b55d7764f86f50de60290e7a9380ff516dc,sheet1:R4,,,
66ccfde6b2ff9929-sheet1-R5,2026-01-29,busan-haeundae,,(주)이마트해운대점,2026년 상반기 직원 사기 진작을 위한 격려품 지급(카드),280000,66ccfde6b2ff992906a26e31181a5b55d7764f86f50de60290e7a9380ff516dc,sheet1:R5,,,
f0b762eb5d2bc5fb-sheet1-R4,2026-01-27,busan-haeundae,,"휘위엔, 꽃도새기, 옻닭삼계탕, 아웃백, 스타벅스, 식당3선",환경위생과 부서 직원 격려 간담회 개최,894900,f0b762eb5d2bc5fbfb76bd58ec09bcb07054d33c59ae42480b3444b5e997cc29,sheet1:R4,,,
f0b762eb5d2bc5fb-sheet1-R5,2026-01-28,busan-haeundae,,네이버,사무실 비치 커피 구입,39600,f0b762eb5d2bc5fbfb76bd58ec09bcb07054d33c59ae42480b3444b5e997cc29,sheet1:R5,,,
142087cbebcb52b8-sheet1-R3,2026-01-19,busan-haeundae,지방소득세과,따뜻한 식사 이야기 해월,인사이동에 따른 직원 격려 간담회 개최 건의,1120000,142087cbebcb52b8f0d43388fa4d7c391ad27d99e40e521c500c28be40c47d3b,sheet1:R3,,,
01759091acc0f1a0-sheet1-R3,2026-01-19,busan-haeundae,지방소득세과,따뜻한 식사 이야기 해월,인사이동에 따른 직원 격려 간담회 개최 건의,1120000,01759091acc0f1a0dd830d99976c703d05c8721d80ff201d06a356b6aa01c02a,sheet1:R3,,,
dd2ba40d1670be0d-sheet1-R5,2026-01-09,busan-haeundae,중1동,해운대소문난삼계탕,인사발령에 따른 직원 격려,289000,dd2ba40d1670be0d79f7a1585754f7e27cd0fd0e74916835d088a23eedfefde2,sheet1:R5,,,
dd2ba40d1670be0d-sheet1-R6,2026-01-20,busan-haeundae,중1동,LUCIEN BAKERY,각급 단체 임원진 간담회 개최 건의,126600,dd2ba40d1670be0d79f7a1585754f7e27cd0fd0e74916835d088a23eedfefde2,sheet1:R6,,,
dd2ba40d1670be0d-sheet1-R7,2026-01-30,busan-haeundae,중1동,마산아구찜,"「부산형 선결제」관련, 기관운영업무추진비 선결제 지급 건의",500000,dd2ba40d1670be0d79f7a1585754f7e27cd0fd0e74916835d088a23eedfefde2,sheet1:R7,,,
dd2ba40d1670be0d-sheet1-R8,2026-01-30,busan-haeundae,중1동,60계 부산해운대점,"「부산형 선결제」관련, 기관운영업무추진비 선결제 지급 건의",300000,dd2ba40d1670be0d79f7a1585754f7e27cd0fd0e74916835d088a23eedfefde2,sheet1:R8,,,
dd2ba40d1670be0d-sheet1-R9,2026-01-30,busan-haeundae,중1동,해운대소문난삼계탕,"「부산형 선결제」관련, 기관운영업무추진비 선결제 지급 건의",500000,dd2ba40d1670be0d79f7a1585754f7e27cd0fd0e74916835d088a23eedfefde2,sheet1:R9,,,
6f48df1176415edf-sheet1-R3,2026-01-12,busan-haeundae,,쿠팡,구청장 동 주민과의 대화 생수 구입,27160,6f48df1176415edf021bd3b44620db0e15c1528a3d9a2577b5062288bd1509c6,sheet1:R3,,,
6f48df1176415edf-sheet1-R4,2026-01-15,busan-haeundae,,"코지하우스, 스타벅스",직원 노고 격려 간담회 개최,330400,6f48df1176415edf021bd3b44620db0e15c1528a3d9a2577b5062288bd1509c6,sheet1:R4,,,
6f48df1176415edf-sheet1-R5,2026-01-19,busan-haeundae,,쿠팡,내방객용 다과 구입,173060,6f48df1176415edf021bd3b44620db0e15c1528a3d9a2577b5062288bd1509c6,sheet1:R5,,,
6f48df1176415edf-sheet1-R6,2026-01-21,busan-haeundae,,"맛소문오리불고기, 삼천포횟집, 삼황삼계탕","부산형 선결제 추진 관련, 기관운영업무추진비 선결제",1350000,6f48df1176415edf021bd3b44620db0e15c1528a3d9a2577b5062288bd1509c6,sheet1:R6,,,
4423d0f95313f611-sheet1-R4,2026-01-23,busan-haeundae,공동주택과,쿠팡,사무실 다과 구입,154110,4423d0f95313f6114f41b688baebe597805307feeba1f3a14c2ee6832aa3291f,sheet1:R4,,,
4423d0f95313f611-sheet1-R5,2026-01-27,busan-haeundae,공동주택과,L7,2026. 2. 1.자 인사에 따른 직원 간담회 개최,705800,4423d0f95313f6114f41b688baebe597805307feeba1f3a14c2ee6832aa3291f,sheet1:R5,,,
4423d0f95313f611-sheet1-R6,2026-01-28,busan-haeundae,공동주택과,남천집,2026년 위반건축물 예방 및 단속 업무 추진 간담회 개최,176000,4423d0f95313f6114f41b688baebe597805307feeba1f3a14c2ee6832aa3291f,sheet1:R6,,,
4423d0f95313f611-sheet1-R7,2026-01-29,busan-haeundae,공동주택과,한우리가,「부산형 선결제」 관련 부서운영업무추진비 선결제 지급,360000,4423d0f95313f6114f41b688baebe597805307feeba1f3a14c2ee6832aa3291f,sheet1:R7,,,
f7d88e8fa962185f-sheet1-R5,2026-01-08,busan-haeundae,문화회관,소문난 찜,2026년 상반기 정기인사에 따른 간담회 개최,360000,f7d88e8fa962185fb452a93554dc9bf636f8f597b642252a679f209bb67db545,sheet1:R5,,,
f7d88e8fa962185f-sheet1-R6,2026-01-15,busan-haeundae,문화회관,이마트몰,사무실 커피 및 차 구입,170520,f7d88e8fa962185fb452a93554dc9bf636f8f597b642252a679f209bb67db545,sheet1:R6,,,
f7d88e8fa962185f-sheet1-R7,2026-01-29,busan-haeundae,문화회관,양산도 해운대장산점,인사 변동에 따른 직원 간담회 개최,350000,f7d88e8fa962185fb452a93554dc9bf636f8f597b642252a679f209bb67db545,sheet1:R7,,,
b8842a761cac0621-sheet1-R6,2026-01-06,busan-haeundae,,비원 엣 해운대,통장협의회 임원진 격려 간담회,165000,b8842a761cac0621ec55a1b4455db40e2cdef3bae8a586db1d42b6b96e7fc1a0,sheet1:R6,,,
b8842a761cac0621-sheet1-R7,2026-01-05,busan-haeundae,,옵스,환경정비 단체 격려 다과 구입,40800,b8842a761cac0621ec55a1b4455db40e2cdef3bae8a586db1d42b6b96e7fc1a0,sheet1:R7,,,
b8842a761cac0621-sheet1-R8,2026-01-14,busan-haeundae,,자연드림 중동점,행사 운영 음료구입(생수 330ml),61000,b8842a761cac0621ec55a1b4455db40e2cdef3bae8a586db1d42b6b96e7fc1a0,sheet1:R8,,,
b8842a761cac0621-sheet1-R9,2026-01-20,busan-haeundae,,오봉집 해운대점,구청장 동 주민과의 대화 직원 격려 간담회,320000,b8842a761cac0621ec55a1b4455db40e2cdef3bae8a586db1d42b6b96e7fc1a0,sheet1:R9,,,
b8842a761cac0621-sheet1-R10,2026-01-27,busan-haeundae,,쿠팡㈜,내방객 차 구입,83800,b8842a761cac0621ec55a1b4455db40e2cdef3bae8a586db1d42b6b96e7fc1a0,sheet1:R10,,,
2114647f4fa2bfe1-sheet1-R6,2026-01-06,busan-haeundae,,쿠팡㈜,내방객 및 단체회의용 음료 및 간식 구입 건의[카드결제],104220,2114647f4fa2bfe16d42a5d3691f5bfa54f61356f8d139db973fb5a88733afd8,sheet1:R6,,,
2114647f4fa2bfe1-sheet1-R7,2026-01-19,busan-haeundae,,쿠팡㈜,2026년 구청장 동 주민과의 대화 생수 구입 건의[카드결제],32600,2114647f4fa2bfe16d42a5d3691f5bfa54f61356f8d139db973fb5a88733afd8,sheet1:R7,,,
2114647f4fa2bfe1-sheet1-R8,2026-01-20,busan-haeundae,,좌동 관내식당,방위협의회 운영업무 격려를 위한 간담회 개최 건의[카드연계],235000,2114647f4fa2bfe16d42a5d3691f5bfa54f61356f8d139db973fb5a88733afd8,sheet1:R8,,,
2114647f4fa2bfe1-sheet1-R9,2026-01-22,busan-haeundae,,좌동 관내식당,직원 격려 간담회 개최 건의[카드결제],363000,2114647f4fa2bfe16d42a5d3691f5bfa54f61356f8d139db973fb5a88733afd8,sheet1:R9,,,
181ed8ceebe3f592-sheet1-R5,2026-01-08,busan-haeundae,중2동,누리마을감자탕,중2동 새마을부녀회 격려 간담회 개최,260000,181ed8ceebe3f5928e2ad68f81f3461ee03432bf31eeff00b63dfd90d2951f20,sheet1:R5,,,
181ed8ceebe3f592-sheet1-R6,2026-01-12,busan-haeundae,중2동,㈜쿠팡,구청장 동 주민과의 대화 음료(차) 구입,33170,181ed8ceebe3f5928e2ad68f81f3461ee03432bf31eeff00b63dfd90d2951f20,sheet1:R6,,,
181ed8ceebe3f592-sheet1-R7,2026-01-14,busan-haeundae,중2동,속시원한대구탕,구청장 동 주민과의 대화 지원 직원 격려 오찬 간담회 개최,332000,181ed8ceebe3f5928e2ad68f81f3461ee03432bf31eeff00b63dfd90d2951f20,sheet1:R7,,,
181ed8ceebe3f592-sheet1-R8,2026-01-15,busan-haeundae,중2동,누리마을감자탕,중2동 자율방재단 격려 간담회 개최,200000,181ed8ceebe3f5928e2ad68f81f3461ee03432bf31eeff00b63dfd90d2951f20,sheet1:R8,,,
181ed8ceebe3f592-sheet1-R9,2026-01-15,busan-haeundae,중2동,강남가,중2동 바르게살기위원회 격려 간담회 개최,130000,181ed8ceebe3f5928e2ad68f81f3461ee03432bf31eeff00b63dfd90d2951f20,sheet1:R9,,,
181ed8ceebe3f592-sheet1-R10,2026-01-16,busan-haeundae,중2동,㈜신화아이푸드,중2동 단체 임원진 격려 간담회 개최,300000,181ed8ceebe3f5928e2ad68f81f3461ee03432bf31eeff00b63dfd90d2951f20,sheet1:R10,,,
a98a6df5523dfcd9-table1-R2,2026-01-16,busan-haeundae,,스시타이요 외 3곳,[카드] 2026년도 업무추진비 선결제 건의,2200000,a98a6df5523dfcd9616cdf6e94855b01c21a0807c0b6c0c72b32c830bc39247c,table1:R2,,,
a98a6df5523dfcd9-table1-R3,2026-01-19,busan-haeundae,,쿠팡,[카드] 직원용 다과 구입 건의,90260,a98a6df5523dfcd9616cdf6e94855b01c21a0807c0b6c0c72b32c830bc39247c,table1:R3,,,
a98a6df5523dfcd9-table1-R4,2026-01-20,busan-haeundae,,쿠팡,[카드] 2026년 구청장 동 주민과의 대화 생수 구입 건의,21950,a98a6df5523dfcd9616cdf6e94855b01c21a0807c0b6c0c72b32c830bc39247c,table1:R4,,,
a98a6df5523dfcd9-table1-R5,2026-01-23,busan-haeundae,,오케이플러스마트,[카드] 직원용 다과 구입 건의,201620,a98a6df5523dfcd9616cdf6e94855b01c21a0807c0b6c0c72b32c830bc39247c,table1:R5,,,
3d6bac2f27e600c5-sheet1-R6,2026-04-08,busan-haeundae,,탑마트,반송보건지소 의료영상저장전송시스템 구입 제안서 평가위원회 개최 다과 구입,29720,3d6bac2f27e600c599ee40b8e3f8951a41f1c96896b0cfbce7bd0d2297d27635,sheet1:R6,,,
3d6bac2f27e600c5-sheet1-R7,2026-04-09,busan-haeundae,,쿠팡,부서운영용 다과 구입,101610,3d6bac2f27e600c599ee40b8e3f8951a41f1c96896b0cfbce7bd0d2297d27635,sheet1:R7,,,
3d6bac2f27e600c5-sheet1-R8,2026-05-13,busan-haeundae,,쿠팡,반송지소 부서운영용 다과(커피 등) 구입,209970,3d6bac2f27e600c599ee40b8e3f8951a41f1c96896b0cfbce7bd0d2297d27635,sheet1:R8,,,
3d6bac2f27e600c5-sheet1-R9,2026-05-22,busan-haeundae,,쿠팡,부서운영용 다과 구입,143380,3d6bac2f27e600c599ee40b8e3f8951a41f1c96896b0cfbce7bd0d2297d27635,sheet1:R9,,,
3d6bac2f27e600c5-sheet1-R10,2026-06-01,busan-haeundae,,찻집 다화,부서운영용 다과 구입,220000,3d6bac2f27e600c599ee40b8e3f8951a41f1c96896b0cfbce7bd0d2297d27635,sheet1:R10,,,
3d6bac2f27e600c5-sheet1-R11,2026-06-04,busan-haeundae,,쿠팡,헌혈의 날 행사물품 구입,59400,3d6bac2f27e600c599ee40b8e3f8951a41f1c96896b0cfbce7bd0d2297d27635,sheet1:R11,,,
3d6bac2f27e600c5-sheet1-R12,2026-06-05,busan-haeundae,,쿠우쿠우 해운대점,헌혈권장사업 지원 관련 간담회 개최,359500,3d6bac2f27e600c599ee40b8e3f8951a41f1c96896b0cfbce7bd0d2297d27635,sheet1:R12,,,
3d6bac2f27e600c5-sheet1-R13,2026-06-19,busan-haeundae,,해운대 하선집,헌혈권장사업 지속 협력을 위한 간담회 개최,480000,3d6bac2f27e600c599ee40b8e3f8951a41f1c96896b0cfbce7bd0d2297d27635,sheet1:R13,,,
3d6bac2f27e600c5-sheet1-R14,2026-06-29,busan-haeundae,,쿠팡,부서운영용 다과 구입,97270,3d6bac2f27e600c599ee40b8e3f8951a41f1c96896b0cfbce7bd0d2297d27635,sheet1:R14,,,
8d9101943ee68f5c-sheet1-R6,2026-01-16,busan-haeundae,,오케이플러스마트,해운대구 지역보건의료심의위원회 회의 다과 구입,7500,8d9101943ee68f5c162e7504160420ecf2e3c3b69340d8e7182a0196b0f4140c,sheet1:R6,,,
8d9101943ee68f5c-sheet1-R7,2026-01-20,busan-haeundae,,스미스씨네농장,해운대구 지역보건의료심의위원회 간담회 개최,459000,8d9101943ee68f5c162e7504160420ecf2e3c3b69340d8e7182a0196b0f4140c,sheet1:R7,,,
8d9101943ee68f5c-sheet1-R8,2026-01-27,busan-haeundae,,(주)생어거스틴일루아,인사이동에 따른 반송지소 직원 간담회 비용 지출 건의,450000,8d9101943ee68f5c162e7504160420ecf2e3c3b69340d8e7182a0196b0f4140c,sheet1:R8,,,
8d9101943ee68f5c-sheet1-R9,2026-01-28,busan-haeundae,,금수복국,2026년 헌혈권장사업 지속 협력을 위한 간담회 개최,300000,8d9101943ee68f5c162e7504160420ecf2e3c3b69340d8e7182a0196b0f4140c,sheet1:R9,,,
8d9101943ee68f5c-sheet1-R10,2026-01-29,busan-haeundae,,"홍유단,라디페",인사이동에 따른 감염병대응팀 간담회 비용 지출 건의,360000,8d9101943ee68f5c162e7504160420ecf2e3c3b69340d8e7182a0196b0f4140c,sheet1:R10,,,
8d9101943ee68f5c-sheet1-R11,2026-01-29,busan-haeundae,,홈플러스,부서운영용 다과 구입,57780,8d9101943ee68f5c162e7504160420ecf2e3c3b69340d8e7182a0196b0f4140c,sheet1:R11,,,
8d9101943ee68f5c-sheet1-R12,2026-02-03,busan-haeundae,,"야미빈, 부엌간차이니즈",인사이동에 따른 의약관리팀 간담회 비용 지출 건의,300000,8d9101943ee68f5c162e7504160420ecf2e3c3b69340d8e7182a0196b0f4140c,sheet1:R12,,,
8d9101943ee68f5c-sheet1-R13,2026-02-03,busan-haeundae,,따뜻한식사이야기,인사이동에 따른 감염병예방팀 간담회 비용 지출 건의,240000,8d9101943ee68f5c162e7504160420ecf2e3c3b69340d8e7182a0196b0f4140c,sheet1:R13,,,
8d9101943ee68f5c-sheet1-R14,2026-02-04,busan-haeundae,,"이우철한방누룽지삼계탕,라디페",인사이동에 따른 가족건강팀 간담회 비용 지출 건의,270000,8d9101943ee68f5c162e7504160420ecf2e3c3b69340d8e7182a0196b0f4140c,sheet1:R14,,,
8d9101943ee68f5c-sheet1-R15,2026-02-06,busan-haeundae,,이마트,2026년 상반기 직원 취미활동 지원을 위한 상품권 구입,2620000,8d9101943ee68f5c162e7504160420ecf2e3c3b69340d8e7182a0196b0f4140c,sheet1:R15,,,
8d9101943ee68f5c-sheet1-R16,2026-02-09,busan-haeundae,,하선집,인사이동에 따른 보건행정팀 간담회 비용 지출 건의,420000,8d9101943ee68f5c162e7504160420ecf2e3c3b69340d8e7182a0196b0f4140c,sheet1:R16,,,
8d9101943ee68f5c-sheet1-R17,2026-02-09,busan-haeundae,,쿠팡,설 연휴 상황근무자 간식 구입,94020,8d9101943ee68f5c162e7504160420ecf2e3c3b69340d8e7182a0196b0f4140c,sheet1:R17,,,
8d9101943ee68f5c-sheet1-R18,2026-03-10,busan-haeundae,,쿠팡,부서운영용 다과 구입,142180,8d9101943ee68f5c162e7504160420ecf2e3c3b69340d8e7182a0196b0f4140c,sheet1:R18,,,
8d9101943ee68f5c-sheet1-R19,2026-03-13,busan-haeundae,,서원유통,반송지소 부서운영용 다과 구입,203250,8d9101943ee68f5c162e7504160420ecf2e3c3b69340d8e7182a0196b0f4140c,sheet1:R19,,,
8d9101943ee68f5c-sheet1-R20,2026-03-23,busan-haeundae,,본도시락,건강생활지원센터 치매안심하우스 간담회 석식비 지출 건,252200,8d9101943ee68f5c162e7504160420ecf2e3c3b69340d8e7182a0196b0f4140c,sheet1:R20,,,
d3dc4d9444697707-sheet1-R2,2026-04-06,busan-haeundae,,광안목,교통체계개선 논의를 위한 간담회 개최,159400,d3dc4d94446977078d935efe4f9c49347311ba727e1c6390204c7890d163e60f,sheet1:R2,,,
d3dc4d9444697707-sheet1-R3,2026-04-22,busan-haeundae,,뉴한국마트,사무실 비치용 다과 구입,200000,d3dc4d94446977078d935efe4f9c49347311ba727e1c6390204c7890d163e60f,sheet1:R3,,,
d3dc4d9444697707-sheet1-R4,2026-04-30,busan-haeundae,,스시미르네,원활한 교통 업무 추진을 위한 오찬 간담회 개최,88500,d3dc4d94446977078d935efe4f9c49347311ba727e1c6390204c7890d163e60f,sheet1:R4,,,
d3dc4d9444697707-sheet1-R5,2026-05-12,busan-haeundae,,남천집,교통정체구간 개선 관련 간담회 개최,161500,d3dc4d94446977078d935efe4f9c49347311ba727e1c6390204c7890d163e60f,sheet1:R5,,,
d3dc4d9444697707-sheet1-R6,2026-05-19,busan-haeundae,,상무초밥,교통안전 봉사단체와의 오찬간담회 개최,86500,d3dc4d94446977078d935efe4f9c49347311ba727e1c6390204c7890d163e60f,sheet1:R6,,,
d3dc4d9444697707-sheet1-R7,2026-05-20,busan-haeundae,,칠암산곰장어,교통체계개선 관련 간담회 개최,300000,d3dc4d94446977078d935efe4f9c49347311ba727e1c6390204c7890d163e60f,sheet1:R7,,,
d3dc4d9444697707-sheet1-R8,2026-06-01,busan-haeundae,,등촌물회,교통 현안업무 추진을 위한 간담회 개최,127000,d3dc4d94446977078d935efe4f9c49347311ba727e1c6390204c7890d163e60f,sheet1:R8,,,
d3dc4d9444697707-sheet1-R9,2026-06-02,busan-haeundae,,이우철한방누룽지삼계탕,교통정체구간 개선 관련 간담회 개최,87000,d3dc4d94446977078d935efe4f9c49347311ba727e1c6390204c7890d163e60f,sheet1:R9,,,
d3dc4d9444697707-sheet1-R10,2026-06-05,busan-haeundae,,전산아구찜,행사 대비 원활한 교통소통 관련 오찬간담회 개최,110000,d3dc4d94446977078d935efe4f9c49347311ba727e1c6390204c7890d163e60f,sheet1:R10,,,
d3dc4d9444697707-sheet1-R11,2026-06-05,busan-haeundae,,쿠팡,사무실 비치용 다과 구입,107370,d3dc4d94446977078d935efe4f9c49347311ba727e1c6390204c7890d163e60f,sheet1:R11,,,
d3dc4d9444697707-sheet1-R12,2026-06-10,busan-haeundae,,삼바리,관내 보행환경개선을 위한 간담회 개최,180000,d3dc4d94446977078d935efe4f9c49347311ba727e1c6390204c7890d163e60f,sheet1:R12,,,
d3dc4d9444697707-sheet1-R13,2026-06-16,busan-haeundae,,원조지구촌암소숯불생고기,교통환경국 현안업무 논의를 위한 간담회 개최,228000,d3dc4d94446977078d935efe4f9c49347311ba727e1c6390204c7890d163e60f,sheet1:R13,,,
d3dc4d9444697707-sheet1-R14,2026-06-17,busan-haeundae,,옵스,국장실 내방객용 간식 구입,60000,d3dc4d94446977078d935efe4f9c49347311ba727e1c6390204c7890d163e60f,sheet1:R14,,,
d3dc4d9444697707-sheet1-R15,2026-06-17,busan-haeundae,,한우마당,직원 노고 격려 간담회 개최,50000,d3dc4d94446977078d935efe4f9c49347311ba727e1c6390204c7890d163e60f,sheet1:R15,,,
d3dc4d9444697707-sheet1-R16,2026-06-18,busan-haeundae,,스무고개,행사 대비 등 원활한 교통소통 관련 간담회 개최,217000,d3dc4d94446977078d935efe4f9c49347311ba727e1c6390204c7890d163e60f,sheet1:R16,,,
d3dc4d9444697707-sheet1-R17,2026-06-19,busan-haeundae,,잔치집,원활한 교통소통 관련 간담회 개최,96000,d3dc4d94446977078d935efe4f9c49347311ba727e1c6390204c7890d163e60f,sheet1:R17,,,
d3dc4d9444697707-sheet1-R18,2026-06-19,busan-haeundae,,달타이,환경정책 개선을 위한 현안논의 간담회 개최,103000,d3dc4d94446977078d935efe4f9c49347311ba727e1c6390204c7890d163e60f,sheet1:R18,,,
d3dc4d9444697707-sheet1-R19,2026-06-22,busan-haeundae,,피터스,관내 보행환경개선을 위한 간담회 개최,149000,d3dc4d94446977078d935efe4f9c49347311ba727e1c6390204c7890d163e60f,sheet1:R19,,,
d3dc4d9444697707-sheet1-R20,2026-06-24,busan-haeundae,,뉴한국마트,6월 자동차 무상점검 격려를 위한 다과 구입,19000,d3dc4d94446977078d935efe4f9c49347311ba727e1c6390204c7890d163e60f,sheet1:R20,,,
d3dc4d9444697707-sheet1-R21,2026-06-29,busan-haeundae,,쿠팡,사무실 비치용 다과 구입,30000,d3dc4d94446977078d935efe4f9c49347311ba727e1c6390204c7890d163e60f,sheet1:R21,,,
d3dc4d9444697707-sheet1-R22,2026-06-29,busan-haeundae,,남천집,7.1.자 인사발령에 따른 부서 직원 격려 간담회 개최,619000,d3dc4d94446977078d935efe4f9c49347311ba727e1c6390204c7890d163e60f,sheet1:R22,,,
33a311998d2d04dc-sheet1-R5,2026-06-02,busan-haeundae,,부산은행(해운대구청영업소),2026년『제46회 장애인의 날 기념』저소득 장애인 격려품(온누리 상품권) 구입,900000,33a311998d2d04dc8298400077028d139fad1b1fee97a9eb821412a823a43a92,sheet1:R5,,,
33a311998d2d04dc-sheet1-R6,2026-06-05,busan-haeundae,,쿠팡,2026년 장애인식개선 교육 다과 구입,58370,33a311998d2d04dc8298400077028d139fad1b1fee97a9eb821412a823a43a92,sheet1:R6,,,
33a311998d2d04dc-sheet1-R7,2026-06-25,busan-haeundae,,아메리칸빌리지,노인복지 시책사업 유관기관 격려 간담회,260000,33a311998d2d04dc8298400077028d139fad1b1fee97a9eb821412a823a43a92,sheet1:R7,,,
3e2e4895dac3c5f7-sheet1-R4,2026-04-27,busan-haeundae,감사담당관,쿠팡,[카드]상급기관 수감 대비 다과 구입,264500,3e2e4895dac3c5f74dbca4b95b1a6887e78acde19f9d7cdb3ad4c05aa775e361,sheet1:R4,,,
3e2e4895dac3c5f7-sheet1-R5,2026-06-11,busan-haeundae,감사담당관,쿠팡,[카드]상급기관 수감 대비 다과 구입,176230,3e2e4895dac3c5f74dbca4b95b1a6887e78acde19f9d7cdb3ad4c05aa775e361,sheet1:R5,,,
3e2e4895dac3c5f7-sheet1-R6,2026-06-26,busan-haeundae,감사담당관,텐퍼센트커피,반부패 청렴 추진계획 이행점검 회의 다과 구입[카드],59000,3e2e4895dac3c5f74dbca4b95b1a6887e78acde19f9d7cdb3ad4c05aa775e361,sheet1:R6,,,
15aab7d08eb84b98-sheet1-R5,2026-05-19,busan-haeundae,,신라스테이 해운대,국 부서 직원 격려 간담회,180000,15aab7d08eb84b989b46fb81e404904ddc79b1576a62f4732b3b93c142f1cb27,sheet1:R5,,,
a1e6de0dd45394eb-sheet1-R5,2026-05-19,busan-haeundae,,이마트 해운대점,제4차 장기요양기관 지정 심사위원회 회의 다과 구입,25680,a1e6de0dd45394ebb5f410401cc29dec8b781ec37cc0af29190e9463d739c8da,sheet1:R5,,,
01406186af843356-sheet1-R5,2026-05-19,busan-haeundae,관광시설사업소,쿠팡,사무실 음료 구입(카드결제),83450,01406186af8433566ba1dbb51913993d38450b85cc4560758aabc32fef26b624,sheet1:R5,,,
f6e6e19daf6b684f-sheet1-R5,2026-04-09,busan-haeundae,관광시설사업소,부산은행,2026년 2분기 생일 직원 격려 온누리상품권 구입,240000,f6e6e19daf6b684ff5b7148871ce546d23d339e42d30f7aefb0efe4049d47ae5,sheet1:R5,,,
f6e6e19daf6b684f-sheet1-R6,2026-04-21,busan-haeundae,관광시설사업소,뉴한국마트,사무실 다과 및 음료 구입(카드결제),261000,f6e6e19daf6b684ff5b7148871ce546d23d339e42d30f7aefb0efe4049d47ae5,sheet1:R6,,,
39268e9089828d88-sheet1-R5,2026-04-08,busan-haeundae,,홈플러스익스프레스 부산센텀점,제3차 장기요양기관 지정 심사위원회 회의 다과 구입,23830,39268e9089828d8844053acafec86f656d66ae1e3f7a9db7beb853ce936b6397,sheet1:R5,,,
9e49707c426eb678-sheet1-R5,2026-03-06,busan-haeundae,,쿠팡,문화관광경제국장실 다과 구입,64300,9e49707c426eb6787f62f644a0f020db2701a496b41d1fd628ea799c2188335a,sheet1:R5,,,
9e49707c426eb678-sheet1-R6,2026-03-04,busan-haeundae,,"레드도어, 윤대감떡방",제41회 해운대달맞이온천축제 행사 지원 현업근로자 노고 격려,174000,9e49707c426eb6787f62f644a0f020db2701a496b41d1fd628ea799c2188335a,sheet1:R6,,,
9e49707c426eb678-sheet1-R7,2026-03-27,busan-haeundae,,참가자미집,해운대달맞이온천축제 유관기관 업무협조 간담회,189000,9e49707c426eb6787f62f644a0f020db2701a496b41d1fd628ea799c2188335a,sheet1:R7,,,
9e49707c426eb678-sheet2-R5,2026-03-24,busan-haeundae,,쿠팡,사무실 다과 구입,95530,9e49707c426eb6787f62f644a0f020db2701a496b41d1fd628ea799c2188335a,sheet2:R5,,,
4a921315ed3acfc5-sheet1-R5,2026-04-02,busan-haeundae,관광시설사업소,한우리 가,해운대해수욕장 해저굴곡지 조사 관련 간담회 개최(카드결제),255000,4a921315ed3acfc5abbc171e23b07008e114b666df1024e081797fbc141f73fb,sheet1:R5,,,
4a921315ed3acfc5-sheet1-R6,2026-04-02,busan-haeundae,관광시설사업소,파리바게뜨/이마트,2026년 해수욕장협의회(1차) 다과 구입(카드결제),148440,4a921315ed3acfc5abbc171e23b07008e114b666df1024e081797fbc141f73fb,sheet1:R6,,,
7e42f231b7a5345b-sheet1-R4,2026-03-16,busan-haeundae,감사담당관,쿠팡,[카드]상설감사장 다과 구입,236250,7e42f231b7a5345b57ed1f123e1dfe1f7ad62bbf3341a7bc5a42fdba651ebca4,sheet1:R4,,,
7e42f231b7a5345b-sheet1-R5,2026-02-04,busan-haeundae,감사담당관,이마트몰,[카드]상급기관 수감 대비 다과 구입,161490,7e42f231b7a5345b57ed1f123e1dfe1f7ad62bbf3341a7bc5a42fdba651ebca4,sheet1:R5,,,
7e42f231b7a5345b-sheet1-R6,2026-02-04,busan-haeundae,감사담당관,옵스,청렴도 우수기관 벤치마킹 기념품 구입(카드),60000,7e42f231b7a5345b57ed1f123e1dfe1f7ad62bbf3341a7bc5a42fdba651ebca4,sheet1:R6,,,
7e42f231b7a5345b-sheet1-R7,2026-01-30,busan-haeundae,감사담당관,옵스,청렴도 우수기관 벤치마킹 기념품 구입(카드),58000,7e42f231b7a5345b57ed1f123e1dfe1f7ad62bbf3341a7bc5a42fdba651ebca4,sheet1:R7,,,
7e42f231b7a5345b-sheet1-R8,2026-01-29,busan-haeundae,감사담당관,뉴한국마트,"「부산형 선결제」관련, 업무추진비 선결제",260000,7e42f231b7a5345b57ed1f123e1dfe1f7ad62bbf3341a7bc5a42fdba651ebca4,sheet1:R8,,,
d50ea5b9025db745-sheet1-R2,2026-01-02,busan-haeundae,,소바야일미야,2026년 상반기 해운대구 환경정책 개선을 위한 간담회 개최,82000,d50ea5b9025db7456ebe3c9f365da16a095164d134415dcd96f7d711e308337e,sheet1:R2,,,
d50ea5b9025db745-sheet1-R3,2026-01-05,busan-haeundae,,한우리가,26.1.1.인사에 따른 직원 격려 간담회 개최,303000,d50ea5b9025db7456ebe3c9f365da16a095164d134415dcd96f7d711e308337e,sheet1:R3,,,
d50ea5b9025db745-sheet1-R4,2026-01-06,busan-haeundae,,초원복국,2026년 상반기 도시재생 정책 논의 간담회 개최,125000,d50ea5b9025db7456ebe3c9f365da16a095164d134415dcd96f7d711e308337e,sheet1:R4,,,
d50ea5b9025db745-sheet1-R5,2026-01-07,busan-haeundae,,소문난원조쌈밥,2026년 상반기 산림정책 논의 간담회 개최,123000,d50ea5b9025db7456ebe3c9f365da16a095164d134415dcd96f7d711e308337e,sheet1:R5,,,
d50ea5b9025db745-sheet1-R6,2026-01-08,busan-haeundae,,예이제,2026년 상반기 주차정책 논의 간담회 개최,80000,d50ea5b9025db7456ebe3c9f365da16a095164d134415dcd96f7d711e308337e,sheet1:R6,,,
d50ea5b9025db745-sheet1-R7,2026-01-12,busan-haeundae,,강릉송정해변막국수,2026년 상반기 교통 업무 추진을 위한 간담회 개최,73000,d50ea5b9025db7456ebe3c9f365da16a095164d134415dcd96f7d711e308337e,sheet1:R7,,,
d50ea5b9025db745-sheet1-R8,2026-01-15,busan-haeundae,,부우사안,2026년 반송1동 도시재생사업 협의 간담회 개최,340000,d50ea5b9025db7456ebe3c9f365da16a095164d134415dcd96f7d711e308337e,sheet1:R8,,,
d50ea5b9025db745-sheet1-R9,2026-01-16,busan-haeundae,,뉴한국마트,"「부산 착한결제」관련, 부서운영업무추진비 선결제 지급",285000,d50ea5b9025db7456ebe3c9f365da16a095164d134415dcd96f7d711e308337e,sheet1:R9,,,
d50ea5b9025db745-sheet1-R10,2026-01-21,busan-haeundae,,옵스,국가철도공단 방문 관련 다과 구입,68000,d50ea5b9025db7456ebe3c9f365da16a095164d134415dcd96f7d711e308337e,sheet1:R10,,,
d50ea5b9025db745-sheet1-R11,2026-01-21,busan-haeundae,,해운회관,옥외광고물 자유표시구역 업무 공유를 위한 관계자 간담회 개최,234000,d50ea5b9025db7456ebe3c9f365da16a095164d134415dcd96f7d711e308337e,sheet1:R11,,,
d50ea5b9025db745-sheet1-R12,2026-01-27,busan-haeundae,,옵스,교통편의성 향상을 위한 유관기관 회의 관련 다과 구입,68000,d50ea5b9025db7456ebe3c9f365da16a095164d134415dcd96f7d711e308337e,sheet1:R12,,,
d50ea5b9025db745-sheet1-R13,2026-02-02,busan-haeundae,,최부자축산,원활한 교통 업무 추진을 위한 오찬간담회 개최,172000,d50ea5b9025db7456ebe3c9f365da16a095164d134415dcd96f7d711e308337e,sheet1:R13,,,
d50ea5b9025db745-sheet1-R14,2026-02-05,busan-haeundae,,강호,대중교통 관련 논의 간담회 개최,102000,d50ea5b9025db7456ebe3c9f365da16a095164d134415dcd96f7d711e308337e,sheet1:R14,,,
d50ea5b9025db745-sheet1-R15,2026-02-06,busan-haeundae,,다이닝원,설 연휴 원활한 교통소통 관련 간담회 개최,318800,d50ea5b9025db7456ebe3c9f365da16a095164d134415dcd96f7d711e308337e,sheet1:R15,,,
d50ea5b9025db745-sheet1-R16,2026-02-06,busan-haeundae,,쿠팡,2026년 설 명절 맞이 복지시설 격려품 구입,92800,d50ea5b9025db7456ebe3c9f365da16a095164d134415dcd96f7d711e308337e,sheet1:R16,,,
d50ea5b9025db745-sheet1-R17,2026-02-09,busan-haeundae,,주식회사에이엔케이,교통 체계 개선 관련 간담회 개최,164000,d50ea5b9025db7456ebe3c9f365da16a095164d134415dcd96f7d711e308337e,sheet1:R17,,,
d50ea5b9025db745-sheet1-R18,2026-02-24,busan-haeundae,,온나떡,구 반여초 지하공영주차장 설계의 경제성 검토(VE) 워크숍 다과 구입,97300,d50ea5b9025db7456ebe3c9f365da16a095164d134415dcd96f7d711e308337e,sheet1:R18,,,
d50ea5b9025db745-sheet1-R19,2026-03-26,busan-haeundae,,뉴한국마트,3월 자동차 무상점검 격려를 위한 다과 구입,19000,d50ea5b9025db7456ebe3c9f365da16a095164d134415dcd96f7d711e308337e,sheet1:R19,,,
d50ea5b9025db745-sheet1-R20,2026-03-26,busan-haeundae,,일광바다횟집,반여문화플러스 개소식 관련 업무논의 간담회 개최,156000,d50ea5b9025db7456ebe3c9f365da16a095164d134415dcd96f7d711e308337e,sheet1:R20,,,
d50ea5b9025db745-sheet1-R21,2026-03-27,busan-haeundae,,최부자축산,교통 체계 개선 관련 간담회 개최,243000,d50ea5b9025db7456ebe3c9f365da16a095164d134415dcd96f7d711e308337e,sheet1:R21,,,
1e59f5175c5bc6b4-sheet1-R5,2026-02-03,busan-haeundae,,애뜨 비스트로,국 부서 직원 격려 간담회,90000,1e59f5175c5bc6b4e0b68f0fa484313fdf15adeb490710a3b9997b8b08d2615c,sheet1:R5,,,
1e59f5175c5bc6b4-sheet1-R6,2026-02-04,busan-haeundae,,쿠팡㈜,따뜻한 설 명절 보내기 격려품 구입,98900,1e59f5175c5bc6b4e0b68f0fa484313fdf15adeb490710a3b9997b8b08d2615c,sheet1:R6,,,
1e59f5175c5bc6b4-sheet1-R7,2026-02-09,busan-haeundae,,㈜고래사 해운대점,부산 착한결제 관련 기관운영업무추진비 선결제,240000,1e59f5175c5bc6b4e0b68f0fa484313fdf15adeb490710a3b9997b8b08d2615c,sheet1:R7,,,
1e59f5175c5bc6b4-sheet1-R8,2026-02-09,busan-haeundae,,한우리가,부산 착한결제 관련 기관운영업무추진비 선결제,300000,1e59f5175c5bc6b4e0b68f0fa484313fdf15adeb490710a3b9997b8b08d2615c,sheet1:R8,,,
1e59f5175c5bc6b4-sheet1-R9,2026-02-27,busan-haeundae,,주식회사 칠암만장해운대,부산 착한결제 관련 시책추진업무추진비 선결제,300000,1e59f5175c5bc6b4e0b68f0fa484313fdf15adeb490710a3b9997b8b08d2615c,sheet1:R9,,,
1e59f5175c5bc6b4-sheet1-R10,2026-02-27,busan-haeundae,,애뜨 비스트로,부산 착한결제 관련 시책추진업무추진비 선결제,400000,1e59f5175c5bc6b4e0b68f0fa484313fdf15adeb490710a3b9997b8b08d2615c,sheet1:R10,,,
1e59f5175c5bc6b4-sheet2-R5,2026-02-12,busan-haeundae,,"투썸플레이스,씨제이올리브영, ㈜오설록 해운대점, 텐퍼센트커피 해운대점",부서 직원 격려품 구입,509000,1e59f5175c5bc6b4e0b68f0fa484313fdf15adeb490710a3b9997b8b08d2615c,sheet2:R5,,,
1e59f5175c5bc6b4-sheet2-R6,2026-02-27,busan-haeundae,,한우리가,부산 착한결제 관련 부서운영업무추진비 선결제,200000,1e59f5175c5bc6b4e0b68f0fa484313fdf15adeb490710a3b9997b8b08d2615c,sheet2:R6,,,
1e59f5175c5bc6b4-sheet2-R7,2026-02-27,busan-haeundae,,주식회사 칠암만장해운대,부산 착한결제 관련 부서운영업무추진비 선결제,480000,1e59f5175c5bc6b4e0b68f0fa484313fdf15adeb490710a3b9997b8b08d2615c,sheet2:R7,,,
1c198ce5615b6575-sheet1-R5,2026-01-08,busan-haeundae,,운단수산,국 부서 직원 격려 간담회,100800,1c198ce5615b657516ae712d34c42690e5957bc3c68158c411b1b8bc4180b5e1,sheet1:R5,,,
1c198ce5615b6575-sheet1-R6,2026-01-09,busan-haeundae,,상황삼계탕,국 부서 직원 격려 간담회,64000,1c198ce5615b657516ae712d34c42690e5957bc3c68158c411b1b8bc4180b5e1,sheet1:R6,,,
1c198ce5615b6575-sheet1-R7,2026-01-12,busan-haeundae,,주식회사 디지컴퍼티,국 부서 직원 격려 간담회,93000,1c198ce5615b657516ae712d34c42690e5957bc3c68158c411b1b8bc4180b5e1,sheet1:R7,,,
1c198ce5615b6575-sheet1-R8,2026-01-13,busan-haeundae,,애뜨 비스트로,국 부서 직원 격려 간담회,104000,1c198ce5615b657516ae712d34c42690e5957bc3c68158c411b1b8bc4180b5e1,sheet1:R8,,,
1c198ce5615b6575-sheet1-R9,2026-01-19,busan-haeundae,,샤브막심 송정점,국 부서 직원 격려 간담회,85400,1c198ce5615b657516ae712d34c42690e5957bc3c68158c411b1b8bc4180b5e1,sheet1:R9,,,
adfa13605eb2799a-sheet1-R5,2026-02-06,busan-haeundae,관광시설사업소,신라스테이 해운대,직원 노고 격려를 위한 간담회 개최,420000,adfa13605eb2799a6fff9165101cb68564102966216839221d73406595800de5,sheet1:R5,,,
adfa13605eb2799a-sheet1-R6,2026-02-09,busan-haeundae,관광시설사업소,쿠팡,사무실 음료 구입(카드결제),78890,adfa13605eb2799a6fff9165101cb68564102966216839221d73406595800de5,sheet1:R6,,,
adfa13605eb2799a-sheet1-R7,2026-02-10,busan-haeundae,관광시설사업소,G마켓,설 맞이 현업근로자 격려물품 구입 건의(카드결제),376740,adfa13605eb2799a6fff9165101cb68564102966216839221d73406595800de5,sheet1:R7,,,
adfa13605eb2799a-sheet1-R8,2026-02-23,busan-haeundae,관광시설사업소,최부자한우,"『부산 착한결제』관련, 부서운영업무추진비 선결제 지급 건의",650000,adfa13605eb2799a6fff9165101cb68564102966216839221d73406595800de5,sheet1:R8,,,
5c423e5414bcb617-sheet1-R5,2026-02-24,busan-haeundae,,프루쉬 센텀점,노인복지정책위원회 다과 등 구입,74500,5c423e5414bcb6176c6cd44a49bdd99c2f039072373118970f281b9d2e6f24a8,sheet1:R5,,,
5c423e5414bcb617-sheet1-R6,2026-02-26,busan-haeundae,,홈플러스익스프레스 부산센텀점,제2차 장기요양기관 지정 심사위원회 회의 다과 구입,33430,5c423e5414bcb6176c6cd44a49bdd99c2f039072373118970f281b9d2e6f24a8,sheet1:R6,,,
a5cdf1d1c11c82dc-sheet1-R5,2026-01-22,busan-haeundae,,홈플러스익스프레스 부산센텀점,제1차 장기요양기관 지정 심사위원회 회의 다과 구입,27930,a5cdf1d1c11c82dc5bc336889c93a479adccf818c5e45c7a3d5854796e0ca547,sheet1:R5,,,
db83ea752577316e-sheet1-R5,2026-01-23,busan-haeundae,관광시설사업소,부산은행,2026년 1분기 생일 직원 격려 온누리상품권 구입,240000,db83ea752577316eca5290a232b439527f80c128d4864790454d2997712a58bc,sheet1:R5,,,
