record_id,spent_on,organization,department,merchant,purpose,amount_krw,source_hash,source_location,repeats,expense_id,expense_amount_krw
3a75f5a5be2b2d09-table1-R2,2026-05-04,daejeon-daedeok,,개인(성명 비공개),직원 부의금,100000,3a75f5a5be2b2d0985ec85fa420712962fe2618f1418b7eeff724ce6c38bae8c,table1:R2,,,
3a75f5a5be2b2d09-table1-R3,2026-05-05,daejeon-daedeok,,예조은추어탕 (동구 송촌남로11번길 209),제104회 어린이날 기념행사 추진 등으로 노고가 많은 가족친화과 직원 등 격려,77400,3a75f5a5be2b2d0985ec85fa420712962fe2618f1418b7eeff724ce6c38bae8c,table1:R3,,,
52d12c2265e3fa31-table1-R2,2026-03-02,daejeon-daedeok,,콩마니손두부 (대덕구 동춘당로44번길 12),돌봄 대상자 발굴 및 개인별 맞춤형 돌봄서비스 연계 지원을 위한 관계자 간담회,43000,52d12c2265e3fa31e50e1dc4057d7c5df9ac31b9b4d85f66966e560f43a31eeb,table1:R2,,,
52d12c2265e3fa31-table1-R3,2026-03-03,daejeon-daedeok,,개인(성명 비공개),직원 부의금,100000,52d12c2265e3fa31e50e1dc4057d7c5df9ac31b9b4d85f66966e560f43a31eeb,table1:R3,53b038957eea04827c0f8518cfe8983bbb80643c178529d875024121eb4bcc1a:table1:R2,,
52d12c2265e3fa31-table1-R4,2026-03-03,daejeon-daedeok,,공주칼국수쭈꾸미 (대덕구 대전로1177번길 67),소나무재선충병 긴급방제사업 및 예방사업 추진 등으로 노고가 많은 공원녹지과 직원 등 격려,120000,52d12c2265e3fa31e50e1dc4057d7c5df9ac31b9b4d85f66966e560f43a31eeb,table1:R4,,,
52d12c2265e3fa31-table1-R5,2026-03-03,daejeon-daedeok,,SSG.COM(인터넷구매),유관기관 및 민원인 방문자에게 제공되는 차재료 등 구입,277516,52d12c2265e3fa31e50e1dc4057d7c5df9ac31b9b4d85f66966e560f43a31eeb,table1:R5,,,
52d12c2265e3fa31-table1-R6,2026-03-03,daejeon-daedeok,,맘스터치 대전법동점 (대덕구 중리북로 4 1층),관내 환경정화 추진 등으로 노고가 많은 환경관리요원 간식 격려(햄버거),793100,52d12c2265e3fa31e50e1dc4057d7c5df9ac31b9b4d85f66966e560f43a31eeb,table1:R6,,,
52d12c2265e3fa31-table1-R7,2026-03-03,daejeon-daedeok,,명품진한우 (대덕구 한밭대로1006번길 105),고향사랑기부제 활성화 방안 의견청취 관계자 간담회,243280,52d12c2265e3fa31e50e1dc4057d7c5df9ac31b9b4d85f66966e560f43a31eeb,table1:R7,,,
52d12c2265e3fa31-table1-R8,2026-03-04,daejeon-daedeok,,풍천장어식당 (대덕구 아리랑로 113),구청장 현장행정 업무 추진 등으로 노고가 많은 자치행정과 직원 등 격려,225000,52d12c2265e3fa31e50e1dc4057d7c5df9ac31b9b4d85f66966e560f43a31eeb,table1:R8,,,
52d12c2265e3fa31-table1-R9,2026-03-05,daejeon-daedeok,,푸짐한활어회본점 (대덕구 송촌남로56번길 1),대덕물빛축제 추진 상황 점검 등을 위한 관계자 간담회,235000,52d12c2265e3fa31e50e1dc4057d7c5df9ac31b9b4d85f66966e560f43a31eeb,table1:R9,,,
52d12c2265e3fa31-table1-R10,2026-03-06,daejeon-daedeok,,개인(성명 비공개),직원 축부의금,150000,52d12c2265e3fa31e50e1dc4057d7c5df9ac31b9b4d85f66966e560f43a31eeb,table1:R10,53b038957eea04827c0f8518cfe8983bbb80643c178529d875024121eb4bcc1a:table1:R6,,
52d12c2265e3fa31-table1-R11,2026-03-06,daejeon-daedeok,,강변집식당 (대덕구 신탄진동로7번길 64),마을공동체 사업 활성화 방안 논의 등을 위한 관계자 간담회,65000,52d12c2265e3fa31e50e1dc4057d7c5df9ac31b9b4d85f66966e560f43a31eeb,table1:R11,,,
52d12c2265e3fa31-table1-R12,2026-03-07,daejeon-daedeok,,냉천골흑염소 (대덕구 선비마을로5번길 27),쇠퇴한 도시 활력 증진을 위한 도시재생 신규 발굴 사업 추진 관계자 간담회,76000,52d12c2265e3fa31e50e1dc4057d7c5df9ac31b9b4d85f66966e560f43a31eeb,table1:R12,,,
52d12c2265e3fa31-table1-R13,2026-03-09,daejeon-daedeok,,푸짐한활어회본점 (대덕구 송촌남로56번길 1),구민 선진문화 의식 함양 및 지역사회발전을 위한 관게자 간담회,152000,52d12c2265e3fa31e50e1dc4057d7c5df9ac31b9b4d85f66966e560f43a31eeb,table1:R13,,,
52d12c2265e3fa31-table1-R14,2026-03-10,daejeon-daedeok,,솔밭집오리전문점 (대덕구 홍도로 81 1층),구정발전 정책발굴 및 지역 발전을 위한 의견청취 관계자 간담회,110000,52d12c2265e3fa31e50e1dc4057d7c5df9ac31b9b4d85f66966e560f43a31eeb,table1:R14,,,
52d12c2265e3fa31-table1-R15,2026-03-11,daejeon-daedeok,,개인(성명 비공개),직원 부의금,50000,52d12c2265e3fa31e50e1dc4057d7c5df9ac31b9b4d85f66966e560f43a31eeb,table1:R15,,,
52d12c2265e3fa31-table1-R16,2026-03-11,daejeon-daedeok,,콩마니손두부 (대덕구 동춘당로44번길 12),개학 맞이 안전한 통학로 조성 등을 위한 관계자 간담회,393000,52d12c2265e3fa31e50e1dc4057d7c5df9ac31b9b4d85f66966e560f43a31eeb,table1:R16,,,
52d12c2265e3fa31-table1-R17,2026-03-12,daejeon-daedeok,,또랑 (대덕구 계족로 550),구민의 재산권 보호 및 투명한 부동산거래 질서 확립을 위한 관계자 간담회,306000,52d12c2265e3fa31e50e1dc4057d7c5df9ac31b9b4d85f66966e560f43a31eeb,table1:R17,,,
52d12c2265e3fa31-table1-R18,2026-03-12,daejeon-daedeok,,일번가식당 (대덕구 신탄진동로 28-1),지속적인 산업발전 및 지역경제 활성화를 위한 관계자 간담회,224000,52d12c2265e3fa31e50e1dc4057d7c5df9ac31b9b4d85f66966e560f43a31eeb,table1:R18,,,
52d12c2265e3fa31-table1-R19,2026-03-13,daejeon-daedeok,,지재모커피 (대덕구 비래동로 34),각종 행사 의전 수행 등으로 노고가 많은 수행원 격려,11700,52d12c2265e3fa31e50e1dc4057d7c5df9ac31b9b4d85f66966e560f43a31eeb,table1:R19,,,
52d12c2265e3fa31-table1-R20,2026-03-13,daejeon-daedeok,,나들목식당 (대덕구 신탄진로 211),최중증 발달장애인 통합돌봄서비스 사업 추진 관련 관계자 간담회,228000,52d12c2265e3fa31e50e1dc4057d7c5df9ac31b9b4d85f66966e560f43a31eeb,table1:R20,,,
52d12c2265e3fa31-table1-R21,2026-03-14,daejeon-daedeok,,강길도낙지마을 (대덕구 선비마을로 9),청년 상인 육성 및 지역 고용환경 개선 등을 위한 관계자 간담회,42000,52d12c2265e3fa31e50e1dc4057d7c5df9ac31b9b4d85f66966e560f43a31eeb,table1:R21,,,
52d12c2265e3fa31-table1-R22,2026-03-17,daejeon-daedeok,,팔복식당 (동구 동서대로1653번길 96-37),위해식품 등으로 인한 피해방지 및 구민 건강 보호 방안 논의 등을 위한 관게자 간담회,80000,52d12c2265e3fa31e50e1dc4057d7c5df9ac31b9b4d85f66966e560f43a31eeb,table1:R22,,,
52d12c2265e3fa31-table1-R23,2026-03-18,daejeon-daedeok,,"라송 (대덕구 계족산로5번안길 35, 1층)",2026 대덕물빛축제 온오프라인 홍보 추진 등으로 노고가 많은 미디어홍보과 직원 등 격려,40000,52d12c2265e3fa31e50e1dc4057d7c5df9ac31b9b4d85f66966e560f43a31eeb,table1:R23,,,
52d12c2265e3fa31-table1-R24,2026-03-19,daejeon-daedeok,,푸짐한활어회본점 (대덕구 송촌남로56번길 1),지역 치안 현안 토의 및 치안 정책 사업 발굴 등을 위한 관계자 간담회,104000,52d12c2265e3fa31e50e1dc4057d7c5df9ac31b9b4d85f66966e560f43a31eeb,table1:R24,,,
52d12c2265e3fa31-table1-R25,2026-03-20,daejeon-daedeok,,생태와갈치 (대덕구 대전천북로 222),반부패 청렴교육 관련 업무 추진으로 노고가 많은 감사실 직원 등 격려,96000,52d12c2265e3fa31e50e1dc4057d7c5df9ac31b9b4d85f66966e560f43a31eeb,table1:R25,,,
52d12c2265e3fa31-table1-R26,2026-03-20,daejeon-daedeok,,개인(성명 비공개),직원 축의금,50000,52d12c2265e3fa31e50e1dc4057d7c5df9ac31b9b4d85f66966e560f43a31eeb,table1:R26,53b038957eea04827c0f8518cfe8983bbb80643c178529d875024121eb4bcc1a:table1:R16,,
52d12c2265e3fa31-table1-R27,2026-03-21,daejeon-daedeok,,한솥도시락 대전관평점 (유성구 테크노4로 133 1층),문평동 공장 화재 발생 현장 근무 직원 등 격려,43000,52d12c2265e3fa31e50e1dc4057d7c5df9ac31b9b4d85f66966e560f43a31eeb,table1:R27,,,
52d12c2265e3fa31-table1-R28,2026-03-23,daejeon-daedeok,,"어굼터용전점, 수하 (동구 동서대로1653번길 13, 동구 계족로 416 1 층)",관내 자원봉사 활성화 사업 추진 관련 관계자 간담회,186900,52d12c2265e3fa31e50e1dc4057d7c5df9ac31b9b4d85f66966e560f43a31eeb,table1:R28,,,
52d12c2265e3fa31-table1-R29,2026-03-23,daejeon-daedeok,,플러스마트 (대덕구 계족로663번길 30-9),문평동 공장 화재사고 현장 근무 및 관련 업무 추진 직원 등 격려,566200,52d12c2265e3fa31e50e1dc4057d7c5df9ac31b9b4d85f66966e560f43a31eeb,table1:R29,,,
52d12c2265e3fa31-table1-R30,2026-03-24,daejeon-daedeok,,꽁뚜 (대덕구 신탄진로36번길 111),어르신 등 취약계층 통합돌봄 의견청취 관계자 간담회,385000,52d12c2265e3fa31e50e1dc4057d7c5df9ac31b9b4d85f66966e560f43a31eeb,table1:R30,,,
52d12c2265e3fa31-table1-R31,2026-03-25,daejeon-daedeok,,황해면옥식당 (대덕구 한남로149번길 1),자율방재조직의 참여도 제고 및 효율적인 재난 대응 활동 추진을 위한 관계자 간담회,357000,52d12c2265e3fa31e50e1dc4057d7c5df9ac31b9b4d85f66966e560f43a31eeb,table1:R31,,,
52d12c2265e3fa31-table1-R32,2026-03-27,daejeon-daedeok,,개인(성명 비공개),직원 축부의금,150000,52d12c2265e3fa31e50e1dc4057d7c5df9ac31b9b4d85f66966e560f43a31eeb,table1:R32,53b038957eea04827c0f8518cfe8983bbb80643c178529d875024121eb4bcc1a:table1:R22,,
52d12c2265e3fa31-table1-R33,2026-03-27,daejeon-daedeok,,"청정원식당, 카페그란데 (대덕구 대전로1044번길 71, 대덕구 한남로 85)",대덕구 통합돌봄사업 업무 추진 등으로 노고가 많은 통합돌봄과 직원 등 격려,184600,52d12c2265e3fa31e50e1dc4057d7c5df9ac31b9b4d85f66966e560f43a31eeb,table1:R33,,,
52d12c2265e3fa31-table1-R34,2026-03-28,daejeon-daedeok,,구미횟집 (대덕구 신탄진동로 60),주민 생활밀착형 정책 발굴을 위한 관계자 간담회,64000,52d12c2265e3fa31e50e1dc4057d7c5df9ac31b9b4d85f66966e560f43a31eeb,table1:R34,,,
52d12c2265e3fa31-table1-R35,2026-03-31,daejeon-daedeok,,계족산염소맛집 (대덕구 송촌북로36번길 11),빈 점포를 활용한 청년창업 지원사업 업무 추진 등으로 노고가 많은 인구정책과 직원 등 격려,109000,52d12c2265e3fa31e50e1dc4057d7c5df9ac31b9b4d85f66966e560f43a31eeb,table1:R35,,,
0165875695159eed-table1-R2,2026-02-02,daejeon-daedeok,,복수한우날고기 (대덕구 계족산로36번길 33),2026년 대외기관 공모〮평가 대응 계획 수립을 위한 관계자 간담회,156000,0165875695159eedd301f308cd66e72c89ea2842b45596019c70c6fe4178b7bd,table1:R2,,,
0165875695159eed-table1-R3,2026-02-03,daejeon-daedeok,,독도복국1987 (동구 한밭대로 1219),각종 행사 의전 수행 등으로 노고가 많은 수행원 격려,44000,0165875695159eedd301f308cd66e72c89ea2842b45596019c70c6fe4178b7bd,table1:R3,,,
0165875695159eed-table1-R4,2026-02-04,daejeon-daedeok,,한밭삼계탕식당 (대덕구 대전로1019번길 36),일정 조정 및 내방객 응대 등으로 노고가 많은 비서실 직원 등 격려,53000,0165875695159eedd301f308cd66e72c89ea2842b45596019c70c6fe4178b7bd,table1:R4,,,
0165875695159eed-table1-R5,2026-02-09,daejeon-daedeok,,자연산형제횟집 (대덕구 중리로76번길 22),기후위기 대응 및 온실가스 저감을 위한 탄소중립실천 관계자 간담회,429000,0165875695159eedd301f308cd66e72c89ea2842b45596019c70c6fe4178b7bd,table1:R5,,,
0165875695159eed-table1-R6,2026-02-10,daejeon-daedeok,,일번가식당 (대덕구 신탄진동로 28-1),지역사회보장사업 활성화 등을 위한 관계자 간담회,214000,0165875695159eedd301f308cd66e72c89ea2842b45596019c70c6fe4178b7bd,table1:R6,,,
0165875695159eed-table1-R7,2026-02-11,daejeon-daedeok,,개인(성명 비공개),직원 부의금,100000,0165875695159eedd301f308cd66e72c89ea2842b45596019c70c6fe4178b7bd,table1:R7,9959be716f72e696b2b1de73fc5e0df4e209692ebf7f6c4119c89ee29be3b035:table1:R5,,
0165875695159eed-table1-R8,2026-02-11,daejeon-daedeok,,"신탄진정우마트, 제이마트 (대덕구 대청로 42, 대덕구 대덕대로1585번길 14)","설 명절 맞이 공무직, 청원경찰 격려",2660000,0165875695159eedd301f308cd66e72c89ea2842b45596019c70c6fe4178b7bd,table1:R8,,,
0165875695159eed-table1-R9,2026-02-11,daejeon-daedeok,,마실둔산점 (서구 둔산중로 74),구 주요 정책 추진 설명 등을 위한 언론 관계자 간담회,390000,0165875695159eedd301f308cd66e72c89ea2842b45596019c70c6fe4178b7bd,table1:R9,,,
0165875695159eed-table1-R10,2026-02-11,daejeon-daedeok,,중도매인38번 (대덕구 한밭대로 987),설 명절 맞이 비서실 직원 및 간부공무원 등 격려,480000,0165875695159eedd301f308cd66e72c89ea2842b45596019c70c6fe4178b7bd,table1:R10,,,
0165875695159eed-table1-R11,2026-02-11,daejeon-daedeok,,아침바다 (대덕구 송촌북로4번길 35-13),대덕구 빈집정비계획 수립 추진을 위한 관계자 간담회,346000,0165875695159eedd301f308cd66e72c89ea2842b45596019c70c6fe4178b7bd,table1:R11,,,
0165875695159eed-table1-R12,2026-02-12,daejeon-daedeok,,컴포즈커피 대전송촌5단지점 (대덕구 동춘당로44번길 27),각종 행사 의전 수행 등으로 노고가 많은 수행원 격려,10900,0165875695159eedd301f308cd66e72c89ea2842b45596019c70c6fe4178b7bd,table1:R12,,,
0165875695159eed-table1-R13,2026-02-12,daejeon-daedeok,,플러스마트 (대덕구 계족로663번길 30-9),설 명절 당직근무자 직원 격려,200500,0165875695159eedd301f308cd66e72c89ea2842b45596019c70c6fe4178b7bd,table1:R13,,,
0165875695159eed-table1-R14,2026-02-13,daejeon-daedeok,,어굼터용전점 (동구 동서대로1653번길 13),구 주요 정책 추진 설명 등을 위한 언론 관계자 간담회,116000,0165875695159eedd301f308cd66e72c89ea2842b45596019c70c6fe4178b7bd,table1:R14,,,
0165875695159eed-table1-R15,2026-02-20,daejeon-daedeok,,개인(성명 비공개),직원 부의금,50000,0165875695159eedd301f308cd66e72c89ea2842b45596019c70c6fe4178b7bd,table1:R15,9959be716f72e696b2b1de73fc5e0df4e209692ebf7f6c4119c89ee29be3b035:table1:R9,,
0165875695159eed-table1-R16,2026-02-23,daejeon-daedeok,,한우식당 (대덕구 중리서로 80),해빙기 취약시설 안전점검 추진 등으로 노고가 많은 직원 등 격려,359000,0165875695159eedd301f308cd66e72c89ea2842b45596019c70c6fe4178b7bd,table1:R16,,,
0165875695159eed-table1-R17,2026-02-25,daejeon-daedeok,,코코노빵야 (대덕구 신탄진동로48번길 6),각종 행사 의전 수행 등으로 노고가 많은 수행원 격려,9000,0165875695159eedd301f308cd66e72c89ea2842b45596019c70c6fe4178b7bd,table1:R17,,,
0165875695159eed-table1-R18,2026-02-26,daejeon-daedeok,,풍천장어식당 (대덕구 아리랑로 113),주거환경 개선 사업 지원 및 집수리 컨설팅 활성화를 위한 관계자 간담회,182000,0165875695159eedd301f308cd66e72c89ea2842b45596019c70c6fe4178b7bd,table1:R18,,,
0165875695159eed-table1-R19,2026-02-26,daejeon-daedeok,,송촌족발 (대덕구 송촌북로 1),현안 업무 추진 등으로 노고가 많은 동 행정복지센터 행정팀장 등 직원 격려,451000,0165875695159eedd301f308cd66e72c89ea2842b45596019c70c6fe4178b7bd,table1:R19,,,
0165875695159eed-table1-R20,2026-02-27,daejeon-daedeok,,"창성한우, 허니빈스 송촌점 (대덕구 동춘당로 83 118호 128, 대덕구 동춘당로 83, 129호)",주민 생활밀착형 정책 발굴을 위한 관계자 간담회,109000,0165875695159eedd301f308cd66e72c89ea2842b45596019c70c6fe4178b7bd,table1:R20,,,
207dfe8e6e630bae-table1-R2,2026-06-01,daejeon-daedeok,,SSG.COM (인터넷구매),유관기관 및 민원인 방문자에게 제공되는 차재료 등 구입,203510,207dfe8e6e630baee7acd01a4d0b3895b409b9bf84282a1e9abeb22a859fcc72,table1:R2,,,
207dfe8e6e630bae-table1-R3,2026-06-01,daejeon-daedeok,,장미식당 (대덕구 동심1길 69),국가지점번호 체계 일원화 및 정확도 개선 등을 위해 노고가 많은 토지정보과 직원 등 격려,115000,207dfe8e6e630baee7acd01a4d0b3895b409b9bf84282a1e9abeb22a859fcc72,table1:R3,,,
207dfe8e6e630bae-table1-R4,2026-06-02,daejeon-daedeok,,행복담은한그릇 (대덕구 대전로1020번길 23),취득세 비과세〮감면 부동산 사용실태 조사 업무 추진 등으로 노고가 많은 세정과 직원 등 격려,96000,207dfe8e6e630baee7acd01a4d0b3895b409b9bf84282a1e9abeb22a859fcc72,table1:R4,,,
207dfe8e6e630bae-table1-R5,2026-06-04,daejeon-daedeok,,한가네추어탕 (동구 동대전로256번길 71),지방소멸대응기금 투자사업 선정 업무 추진 등으로 노고가 많은 인구정책과 직원 등 격려,42000,207dfe8e6e630baee7acd01a4d0b3895b409b9bf84282a1e9abeb22a859fcc72,table1:R5,,,
207dfe8e6e630bae-table1-R6,2026-06-05,daejeon-daedeok,,"사랑채식당, 스테이플랜트카페 (대덕구 한남로137번안길 16, 대덕구 한남로137번안길 6)",각종 현안 사업 총괄 업무 등으로 노고가 많은 간부공무원 등 격려,213500,207dfe8e6e630baee7acd01a4d0b3895b409b9bf84282a1e9abeb22a859fcc72,table1:R6,,,
207dfe8e6e630bae-table1-R7,2026-06-08,daejeon-daedeok,,황해면옥식당 (대덕구 한남로149번길 1),인수위원회 업무 추진 등으로 노고가 많은 기획실 직원 등 격려,83000,207dfe8e6e630baee7acd01a4d0b3895b409b9bf84282a1e9abeb22a859fcc72,table1:R7,,,
207dfe8e6e630bae-table1-R8,2026-06-09,daejeon-daedeok,,"산들 (대덕구 한남로137번안길 2, 1층)",2026년 상반기 지방세〮세외수입 체납액 일제 정리 추진 등으로 노고가 많은 세원관리과 직원 등 격려,95000,207dfe8e6e630baee7acd01a4d0b3895b409b9bf84282a1e9abeb22a859fcc72,table1:R8,,,
207dfe8e6e630bae-table1-R9,2026-06-10,daejeon-daedeok,,신도칼국수중촌점 (중구 대전천서로 679-1),각종 일정 조정 및 내방객 응대로 노고가 많은 부속실 직원 등 격려 오찬 간담회,47000,207dfe8e6e630baee7acd01a4d0b3895b409b9bf84282a1e9abeb22a859fcc72,table1:R9,,,
207dfe8e6e630bae-table1-R10,2026-06-10,daejeon-daedeok,,만년닭강정송촌점 (대덕구 계족산로81번길 59),2026년 공무원 노사화합 문화행사 추진 등으로 노고가 많은 운영지원과 직원 등 격려,263000,207dfe8e6e630baee7acd01a4d0b3895b409b9bf84282a1e9abeb22a859fcc72,table1:R10,,,
207dfe8e6e630bae-table1-R11,2026-06-11,daejeon-daedeok,,행복한식탁 (대덕구 한남로137번길 9 1층),자발적 온실가스 감축 유도를 위한 탄소중립포인트제 운영 등으로 노고가 많은 환경과 직원 등 격려,92000,207dfe8e6e630baee7acd01a4d0b3895b409b9bf84282a1e9abeb22a859fcc72,table1:R11,,,
207dfe8e6e630bae-table1-R12,2026-06-12,daejeon-daedeok,,삼미손칼국수 (동구 태전로137번길 2),인수위원회 업무 추진 등으로 노고가 많은 기획실 직원 등 격려,55000,207dfe8e6e630baee7acd01a4d0b3895b409b9bf84282a1e9abeb22a859fcc72,table1:R12,,,
207dfe8e6e630bae-table1-R13,2026-06-12,daejeon-daedeok,,가나다유통 (대덕구 오정로100번길 42),구청장직 인수위원회 파견 직원 및 지원 업무 등으로 노고가 많은 직원 등 격려,200000,207dfe8e6e630baee7acd01a4d0b3895b409b9bf84282a1e9abeb22a859fcc72,table1:R13,,,
207dfe8e6e630bae-table1-R14,2026-06-15,daejeon-daedeok,,은혜식당 (대덕구 한밭대로1159번길 11 1층),권역별 경제활성화 등 관광활성화 전략 사업 발굴 등을 위한 관계자 간담회,74000,207dfe8e6e630baee7acd01a4d0b3895b409b9bf84282a1e9abeb22a859fcc72,table1:R14,,,
207dfe8e6e630bae-table1-R15,2026-06-16,daejeon-daedeok,,덕이네식당 (대덕구 한남로149번길 36),각종 일정 조정 및 내방객 응대로 노고가 많은 부속실 직원 등 격려 오찬 간담회,48000,207dfe8e6e630baee7acd01a4d0b3895b409b9bf84282a1e9abeb22a859fcc72,table1:R15,,,
207dfe8e6e630bae-table1-R16,2026-06-17,daejeon-daedeok,,스시류 (대덕구 송촌북로12번길 11 1층),지역경제 활성화를 위한 예산 신속집행 관련 관계자 간담회,53400,207dfe8e6e630baee7acd01a4d0b3895b409b9bf84282a1e9abeb22a859fcc72,table1:R16,,,
207dfe8e6e630bae-table1-R17,2026-06-18,daejeon-daedeok,,행복담은한그릇 (대덕구 대전로1020번길 23),관내 자원봉사 활성화 사업 추진 관련 관계자 간담회,41000,207dfe8e6e630baee7acd01a4d0b3895b409b9bf84282a1e9abeb22a859fcc72,table1:R17,,,
207dfe8e6e630bae-table1-R18,2026-06-18,daejeon-daedeok,,더빛나 (유성구 엑스포로 131),청년 지원 정책 확대 등 논의를 위한 의견청취 관계자 간담회,198000,207dfe8e6e630baee7acd01a4d0b3895b409b9bf84282a1e9abeb22a859fcc72,table1:R18,,,
207dfe8e6e630bae-table1-R19,2026-06-19,daejeon-daedeok,,개인(성명 비공개),직원 부의금,50000,207dfe8e6e630baee7acd01a4d0b3895b409b9bf84282a1e9abeb22a859fcc72,table1:R19,,,
207dfe8e6e630bae-table1-R20,2026-06-19,daejeon-daedeok,,일정 (서구 만년로67번길 18-9),주거환경개선사업 추진 관련 의견청취 관계자 간담회,250000,207dfe8e6e630baee7acd01a4d0b3895b409b9bf84282a1e9abeb22a859fcc72,table1:R20,,,
207dfe8e6e630bae-table1-R21,2026-06-23,daejeon-daedeok,,부추해물칼국수 (대덕구 신탄진로804번길 31),하절기 고독사 위험군 안부 확인 물품 지원 업무 추진 등으로 노고가 많은 복지정책과 직원 등 격려,80000,207dfe8e6e630baee7acd01a4d0b3895b409b9bf84282a1e9abeb22a859fcc72,table1:R21,,,
207dfe8e6e630bae-table1-R22,2026-06-26,daejeon-daedeok,,개인(성명 비공개),직원 축의금,50000,207dfe8e6e630baee7acd01a4d0b3895b409b9bf84282a1e9abeb22a859fcc72,table1:R22,,,
207dfe8e6e630bae-table1-R23,2026-06-26,daejeon-daedeok,,신도칼국수중촌점 (중구 대전천서로 679-1),대전시 연계사업의 원활한 추진을 위한 관계자 간담회,40000,207dfe8e6e630baee7acd01a4d0b3895b409b9bf84282a1e9abeb22a859fcc72,table1:R23,,,
207dfe8e6e630bae-table1-R24,2026-06-29,daejeon-daedeok,,이산흑염소 (대덕구 한남로 136 1층),산업 안전관리 및 보건관리 수준 향상 논의 등을 위한 관계자 간담회,230000,207dfe8e6e630baee7acd01a4d0b3895b409b9bf84282a1e9abeb22a859fcc72,table1:R24,,,
207dfe8e6e630bae-table1-R25,2026-06-30,daejeon-daedeok,,"대덕상사, ㈜가나다유통 (대덕구 오정로77번길 16-8, 대덕구 오정로100번길 42)","현안업무 추진 등으로 노고가 많은 경제환경국, 도시녹지국 직원 간식 격려",445000,207dfe8e6e630baee7acd01a4d0b3895b409b9bf84282a1e9abeb22a859fcc72,table1:R25,,,
207dfe8e6e630bae-table1-R26,2026-06-30,daejeon-daedeok,,삼미손칼국수 (동구 태전로137번길 2),생활체육 인구의 저변확대 및 건전한 지역사회 분위기 조성을 위한 관계자 간담회,95000,207dfe8e6e630baee7acd01a4d0b3895b409b9bf84282a1e9abeb22a859fcc72,table1:R26,,,
207dfe8e6e630bae-table1-R27,2026-06-30,daejeon-daedeok,,교촌치킨 한남대점 (대덕구 한남로12번길 19-9),"대덕구청장직 인수위원회 사무실 운영 지원 업무 추진 등으로 노고가 많은 기획실, 운영지원과 직원 등 격려",286000,207dfe8e6e630baee7acd01a4d0b3895b409b9bf84282a1e9abeb22a859fcc72,table1:R27,,,
24b0551ac5ec2a05-table1-R2,2026-05-04,daejeon-daedeok,,개인(성명 비공개),직원 부의금,100000,24b0551ac5ec2a051232c4a5b514f60f6b58d9f3559a3b62ef06ff3d4d51d42a,table1:R2,,,
24b0551ac5ec2a05-table1-R3,2026-05-06,daejeon-daedeok,,플러스마트 (대덕구 계족로663번길 30-9),2026년 공무직 문화탐방 참여 직원 등 간식 격려,274900,24b0551ac5ec2a051232c4a5b514f60f6b58d9f3559a3b62ef06ff3d4d51d42a,table1:R3,,,
24b0551ac5ec2a05-table1-R4,2026-05-06,daejeon-daedeok,,황해면옥식당 (대덕구 한남로149번길 1),노후 공동주택의 시설 보수 및 지원사업 추진 등으로 노고가 많은 주택경관과 직원 등 격려,168000,24b0551ac5ec2a051232c4a5b514f60f6b58d9f3559a3b62ef06ff3d4d51d42a,table1:R4,,,
24b0551ac5ec2a05-table1-R5,2026-05-07,daejeon-daedeok,,산들 (대덕구 한남로137번안길 2),2026년 공동주택관리 실태점검 및 컨설팅 추진 등으로 노고가 많은 주택경관과 직원 등 격려,29000,24b0551ac5ec2a051232c4a5b514f60f6b58d9f3559a3b62ef06ff3d4d51d42a,table1:R5,,,
24b0551ac5ec2a05-table1-R6,2026-05-08,daejeon-daedeok,,뚝배기에담은이탈리아 (대덕구 송촌북로4번길 47-10),산불예방 업무 및 비상근무 추진 등으로 노고가 많은 공원녹지과 직원 등 격려,144000,24b0551ac5ec2a051232c4a5b514f60f6b58d9f3559a3b62ef06ff3d4d51d42a,table1:R6,,,
24b0551ac5ec2a05-table1-R7,2026-05-11,daejeon-daedeok,,황해면옥식당 (대덕구 한남로149번길 1),구 주요 정책 추진 설명 등을 위한 언론 관계자 간담회,110000,24b0551ac5ec2a051232c4a5b514f60f6b58d9f3559a3b62ef06ff3d4d51d42a,table1:R7,,,
24b0551ac5ec2a05-table1-R8,2026-05-12,daejeon-daedeok,,사랑채식당 (대덕구 한남로137번안길 16),각종 계약 업무 추진 등으로 노고가 많은 운영지원과 직원 등 격려,72000,24b0551ac5ec2a051232c4a5b514f60f6b58d9f3559a3b62ef06ff3d4d51d42a,table1:R8,,,
24b0551ac5ec2a05-table1-R9,2026-05-12,daejeon-daedeok,,수라면옥 (서구 대덕대로 398),공무원 노사문화 상호협력 관계 증진 방안 논의 등을 위한 관계자 간담회,185500,24b0551ac5ec2a051232c4a5b514f60f6b58d9f3559a3b62ef06ff3d4d51d42a,table1:R9,,,
24b0551ac5ec2a05-table1-R10,2026-05-13,daejeon-daedeok,,이산흑염소 (대덕구 한남로 136 1층),청사 시설물 성능 향상을 위한 환경개선 사업 추진 등으로 노고가 많은 운영지원과 직원 등 격려,75000,24b0551ac5ec2a051232c4a5b514f60f6b58d9f3559a3b62ef06ff3d4d51d42a,table1:R10,,,
24b0551ac5ec2a05-table1-R11,2026-05-13,daejeon-daedeok,,진성아구찜 탄방점 (서구 문정로 138 1층),대전시 연계사업의 원활한 추진을 위한 관계자 간담회,108000,24b0551ac5ec2a051232c4a5b514f60f6b58d9f3559a3b62ef06ff3d4d51d42a,table1:R11,,,
24b0551ac5ec2a05-table1-R12,2026-05-14,daejeon-daedeok,,개인(성명 비공개),직원 부의금,150000,24b0551ac5ec2a051232c4a5b514f60f6b58d9f3559a3b62ef06ff3d4d51d42a,table1:R12,,,
24b0551ac5ec2a05-table1-R13,2026-05-14,daejeon-daedeok,,양지면옥 (대덕구 중리동로17번길 39-1),2026년 장애인 세상나들이 행사 추진 등으로 노고가 많았던 어르신장애과 직원 등 격려,134000,24b0551ac5ec2a051232c4a5b514f60f6b58d9f3559a3b62ef06ff3d4d51d42a,table1:R13,,,
24b0551ac5ec2a05-table1-R14,2026-05-14,daejeon-daedeok,,피자마루 송촌점 (대덕구 동춘당로114번길 9),제29회 동춘당문화제 및 각종 주말 체육행사 추진 등으로 노고가 많았던 문화관광체육과 직원 등 격려,71700,24b0551ac5ec2a051232c4a5b514f60f6b58d9f3559a3b62ef06ff3d4d51d42a,table1:R14,,,
24b0551ac5ec2a05-table1-R15,2026-05-15,daejeon-daedeok,,콩마니손두부 (대덕구 동춘당로44번길 12),공약사업 및 공모사업 추진 점검을 위한 관계자 간담회,110000,24b0551ac5ec2a051232c4a5b514f60f6b58d9f3559a3b62ef06ff3d4d51d42a,table1:R15,,,
24b0551ac5ec2a05-table1-R16,2026-05-15,daejeon-daedeok,,리엔춘 (대덕구 계족산로81번길 11),지방자치인재개발원 5급승진리더 교육생 등 격려,189000,24b0551ac5ec2a051232c4a5b514f60f6b58d9f3559a3b62ef06ff3d4d51d42a,table1:R16,,,
24b0551ac5ec2a05-table1-R17,2026-05-18,daejeon-daedeok,,"황해면옥식당, 스테이플랜트카페 (대덕구 한남로149번길 1, 대덕구 한남로137번안길 6)",관내 환경정화 추진 등으로 노고가 많은 환경관리요원 등 격려,427000,24b0551ac5ec2a051232c4a5b514f60f6b58d9f3559a3b62ef06ff3d4d51d42a,table1:R17,,,
24b0551ac5ec2a05-table1-R18,2026-05-19,daejeon-daedeok,,왕실전골칼국수식당 (대덕구 계족산로36번길 67),산사태 대비 민관 합동 주민대피훈련 추진 등으로 노고가 많은 공원녹지과 직원 등 격려,42000,24b0551ac5ec2a051232c4a5b514f60f6b58d9f3559a3b62ef06ff3d4d51d42a,table1:R18,,,
24b0551ac5ec2a05-table1-R19,2026-05-20,daejeon-daedeok,,놀부네설렁탕 (대덕구 한밭대로1006번길 62),2025년 기준 경제총조사 업무 추진 등으로 노고가 많은 기획실 직원 등 격려,50000,24b0551ac5ec2a051232c4a5b514f60f6b58d9f3559a3b62ef06ff3d4d51d42a,table1:R19,,,
24b0551ac5ec2a05-table1-R20,2026-05-21,daejeon-daedeok,,생태와갈치,문평동 공장 화재사고 관련 업무 추진 등으로 노고가 많았던 재난안전과 직원 등 격려,170000,24b0551ac5ec2a051232c4a5b514f60f6b58d9f3559a3b62ef06ff3d4d51d42a,table1:R20,,,
24b0551ac5ec2a05-table1-R21,2026-05-22,daejeon-daedeok,,개인(성명 비공개),직원 부의금,100000,24b0551ac5ec2a051232c4a5b514f60f6b58d9f3559a3b62ef06ff3d4d51d42a,table1:R21,,,
24b0551ac5ec2a05-table1-R22,2026-05-26,daejeon-daedeok,,뚝배기에담은이탈리아 (대덕구 송촌북로4번길 47-10 1층),2026년 폭염 종합대책 추진계획 수립을 위한 관계자 간담회,89000,24b0551ac5ec2a051232c4a5b514f60f6b58d9f3559a3b62ef06ff3d4d51d42a,table1:R22,,,
24b0551ac5ec2a05-table1-R23,2026-05-27,daejeon-daedeok,,이산흑염소 (대덕구 한남로 136 1층),기후대응도시숲 조성사업 추진 등으로 노고가 많은 공원녹지과 직원 등 격려,120000,24b0551ac5ec2a051232c4a5b514f60f6b58d9f3559a3b62ef06ff3d4d51d42a,table1:R23,,,
24b0551ac5ec2a05-table1-R24,2026-05-27,daejeon-daedeok,,맛찬들왕소금구이 (서구 계룡로 398),대전시 연계사업의 원활한 추진을 위한 관계자 간담회,132000,24b0551ac5ec2a051232c4a5b514f60f6b58d9f3559a3b62ef06ff3d4d51d42a,table1:R24,,,
24b0551ac5ec2a05-table1-R25,2026-05-29,daejeon-daedeok,,개인(성명 비공개),직원 축부의금,200000,24b0551ac5ec2a051232c4a5b514f60f6b58d9f3559a3b62ef06ff3d4d51d42a,table1:R25,,,
24b0551ac5ec2a05-table1-R26,2026-05-29,daejeon-daedeok,,놀부네설렁탕 (대덕구 한밭대로1006번길 62),지역사회서비스투자사업 제공기관 현장점검 추진 등으로 노고가 많은 생활보장과 직원 등 격려,140000,24b0551ac5ec2a051232c4a5b514f60f6b58d9f3559a3b62ef06ff3d4d51d42a,table1:R26,,,
24b0551ac5ec2a05-table1-R27,2026-05-29,daejeon-daedeok,,별주부해물찜탕 (서구 문정로89번길 10),지역경제 활성화를 위한 예산 신속집행 관련 관계자 간담회,108000,24b0551ac5ec2a051232c4a5b514f60f6b58d9f3559a3b62ef06ff3d4d51d42a,table1:R27,,,
ce889cf00382bb78-table1-R2,2026-04-01,daejeon-daedeok,,개인(성명 비공개),직원 부의금,100000,ce889cf00382bb78463a01653dd943a3817fdd2b39f45e8dbd1338872eb78d36,table1:R2,,,
ce889cf00382bb78-table1-R3,2026-04-01,daejeon-daedeok,,이산흑염소 (대덕구 한남로 136),2026년도 청렴학습시스템 운영 등으로 노고가 많은 감사실 직원 등 격려,60000,ce889cf00382bb78463a01653dd943a3817fdd2b39f45e8dbd1338872eb78d36,table1:R3,,,
ce889cf00382bb78-table1-R4,2026-04-02,daejeon-daedeok,,놀부네설렁탕 (대덕구 한밭대로1006번길 62),각종 일정 조정 및 내방객 응대로 노고가 많은 부속실 직원 등 격려 오찬 간담회,48000,ce889cf00382bb78463a01653dd943a3817fdd2b39f45e8dbd1338872eb78d36,table1:R4,,,
ce889cf00382bb78-table1-R5,2026-04-03,daejeon-daedeok,,보리고개 (중구 중촌로24번길 29),2026년 상반기 지자체 규제개선 건의과제 발굴 업무 추진 등으로 노고가 많은 기획실 직원 등 격려,42000,ce889cf00382bb78463a01653dd943a3817fdd2b39f45e8dbd1338872eb78d36,table1:R5,,,
ce889cf00382bb78-table1-R6,2026-04-06,daejeon-daedeok,,연우네보리밥 (대덕구 대전로1019번길 37),아동학대 대응 및 아동보호전담요원 사업 추진 등으로 노고가 많은 가족친화과 직원 등 격려,126000,ce889cf00382bb78463a01653dd943a3817fdd2b39f45e8dbd1338872eb78d36,table1:R6,,,
ce889cf00382bb78-table1-R7,2026-04-07,daejeon-daedeok,,성심당 (동구 대전로 822),대덕구 지역사회 통합돌봄 사업 홍보 등을 위한 프레스 투어 관련 언론 관계자 간담회,300000,ce889cf00382bb78463a01653dd943a3817fdd2b39f45e8dbd1338872eb78d36,table1:R7,,,
ce889cf00382bb78-table1-R8,2026-04-07,daejeon-daedeok,,놀부네설렁탕 (대덕구 한밭대로1006번길 62),석봉동 산호빛공원 공영주차장 수탁관리자 선정 업무 추진 등으로 노고가 많은 교통과 직원 등 격려,120000,ce889cf00382bb78463a01653dd943a3817fdd2b39f45e8dbd1338872eb78d36,table1:R8,,,
ce889cf00382bb78-table1-R9,2026-04-08,daejeon-daedeok,,행복담은한그릇 (대덕구 대전로1020번길 23),1분기 착한가격업소 신규 발굴 및 지정 업무 추진 등으로 노고가 많은 경제과 직원 등 격려,32000,ce889cf00382bb78463a01653dd943a3817fdd2b39f45e8dbd1338872eb78d36,table1:R9,,,
ce889cf00382bb78-table1-R10,2026-04-09,daejeon-daedeok,,개인(성명 비공개),직원 축부의금,150000,ce889cf00382bb78463a01653dd943a3817fdd2b39f45e8dbd1338872eb78d36,table1:R10,,,
ce889cf00382bb78-table1-R11,2026-04-13,daejeon-daedeok,,스시류 (대덕구 송촌북로12번길 11),제9회 전국동시지방선거 업무 추진 등으로 노고가 많은 자치행정과 직원 등 격려,82800,ce889cf00382bb78463a01653dd943a3817fdd2b39f45e8dbd1338872eb78d36,table1:R11,,,
ce889cf00382bb78-table1-R12,2026-04-14,daejeon-daedeok,,루엔차이 (대덕구 중리동로18번길 1 1층),문체부 계획공모형 지역관광개발사업 업무 추진 등으로 노고가 많은 도시계획과 직원 등 격려,105000,ce889cf00382bb78463a01653dd943a3817fdd2b39f45e8dbd1338872eb78d36,table1:R12,,,
ce889cf00382bb78-table1-R13,2026-04-15,daejeon-daedeok,,옥경이식당 (대덕구 대전로1112번길 20-12),소규모 노후주택 안전점검 추진 등으로 노고가 많은 주택경관과 직원 등 격려,102500,ce889cf00382bb78463a01653dd943a3817fdd2b39f45e8dbd1338872eb78d36,table1:R13,,,
ce889cf00382bb78-table1-R14,2026-04-17,daejeon-daedeok,,개인(성명 비공개),직원 부의금,200000,ce889cf00382bb78463a01653dd943a3817fdd2b39f45e8dbd1338872eb78d36,table1:R14,,,
ce889cf00382bb78-table1-R15,2026-04-20,daejeon-daedeok,,놀부네설렁탕 (대덕구 한밭대로1006번길 62),하천〮계곡 및 주변 지역 불법 시설 정비 업무 등으로 노고가 많은 건설과 직원 등 격려,62000,ce889cf00382bb78463a01653dd943a3817fdd2b39f45e8dbd1338872eb78d36,table1:R15,,,
ce889cf00382bb78-table1-R16,2026-04-21,daejeon-daedeok,,뚝배기에담은이탈리아 (대덕구 송촌북로4번길 47-10),각종 일정 조정 및 내방객 응대로 노고가 많은 부속실 직원 등 격려 오찬 간담회,101000,ce889cf00382bb78463a01653dd943a3817fdd2b39f45e8dbd1338872eb78d36,table1:R16,,,
ce889cf00382bb78-table1-R17,2026-04-22,daejeon-daedeok,,명호공주얼큰이칼국수 (대덕구 옛신탄진로121 1층),대덕구 여성친화도시 조성 업무 추진 등으로 노고가 많은 가족친화과 직원 등 격려,78000,ce889cf00382bb78463a01653dd943a3817fdd2b39f45e8dbd1338872eb78d36,table1:R17,,,
ce889cf00382bb78-table1-R18,2026-04-22,daejeon-daedeok,,빵굽는나라 (대덕구 석봉로38번길 2),사기진작 및 근로의욕 향상을 위한 승진 직원 간식 격려,660000,ce889cf00382bb78463a01653dd943a3817fdd2b39f45e8dbd1338872eb78d36,table1:R18,,,
ce889cf00382bb78-table1-R19,2026-04-23,daejeon-daedeok,,"황해면옥식당, 스테이플랜트카페 (대덕구 한남로149번길 1, 대덕구 한남로137번안길 6)",관내 불법광고물 정비 업무 추진 등으로 노고가 많은 주택경관과 직원 등 격려,216500,ce889cf00382bb78463a01653dd943a3817fdd2b39f45e8dbd1338872eb78d36,table1:R19,,,
ce889cf00382bb78-table1-R20,2026-04-24,daejeon-daedeok,,개인(성명 비공개),직원 축부의금,150000,ce889cf00382bb78463a01653dd943a3817fdd2b39f45e8dbd1338872eb78d36,table1:R20,,,
ce889cf00382bb78-table1-R21,2026-04-24,daejeon-daedeok,,이산흑염소 (대덕구 한남로 136),관내 지하차도 일원 준설 및 배수시설 정비 등으로 노고가 많은 건설과 직원 등 격려,150000,ce889cf00382bb78463a01653dd943a3817fdd2b39f45e8dbd1338872eb78d36,table1:R21,,,
ce889cf00382bb78-table1-R22,2026-04-28,daejeon-daedeok,,연우네보리밥 (대덕구 대전로1019번길 37),건축물의 신축 및 개축 등 건축 허가 업무 추진 등으로 노고가 많은 주택경과과 직원 등 격려,74000,ce889cf00382bb78463a01653dd943a3817fdd2b39f45e8dbd1338872eb78d36,table1:R22,,,
ce889cf00382bb78-table1-R23,2026-04-28,daejeon-daedeok,,맛찬들왕소금구이 (서구 계룡로 398),지방소멸대응기금 투자사업 발굴 논의 등을 위한 관계자 간담회,150000,ce889cf00382bb78463a01653dd943a3817fdd2b39f45e8dbd1338872eb78d36,table1:R23,,,
ce889cf00382bb78-table1-R24,2026-04-29,daejeon-daedeok,,미향 (서구 둔산로 73번길 25),아동학대 예방 강화 및 피해아동에 대한 적극적인 보호 방안 논의 등을 위한 관계자 간담회,100000,ce889cf00382bb78463a01653dd943a3817fdd2b39f45e8dbd1338872eb78d36,table1:R24,,,
ce889cf00382bb78-table1-R25,2026-04-29,daejeon-daedeok,,만년한정담 (서구 만년남로3번길 64),대전시 연계사업의 원활한 추진을 위한 관계자 간담회,80000,ce889cf00382bb78463a01653dd943a3817fdd2b39f45e8dbd1338872eb78d36,table1:R25,,,
53b038957eea0482-table1-R3,2026-03-03,daejeon-daedeok,,명호공주얼큰이칼국수 (대덕구 옛신탄진로121 1층),지방세 체납자에 대한 압류 자료 전수 점검 등으로 노고가 많은 세원관리과 직원 등 격려,108000,53b038957eea04827c0f8518cfe8983bbb80643c178529d875024121eb4bcc1a,table1:R3,,,
53b038957eea0482-table1-R4,2026-03-04,daejeon-daedeok,,뚝배기에담은이탈리아 (대덕구 송촌북로4번길 47-10),2026 대덕물빛축제 온〮오프라인 홍보 추진 등으로 노고가 많은 미디어홍보과 직원 등 격려,84000,53b038957eea04827c0f8518cfe8983bbb80643c178529d875024121eb4bcc1a,table1:R4,,,
53b038957eea0482-table1-R5,2026-03-05,daejeon-daedeok,,제일추어탕 (대덕구 한남로 137),독서 생활화 유도 및 지역 독서문화 거점 마련 방안 논의 등을 위한 관계자 간담회,60000,53b038957eea04827c0f8518cfe8983bbb80643c178529d875024121eb4bcc1a,table1:R5,,,
53b038957eea0482-table1-R7,2026-03-09,daejeon-daedeok,,장마루칼국수 (대덕구 회덕로 2 1층),대덕구 신청사 건립공사 업무 추진 등으로 노고가 많은 신청사건립과 직원 등 격려,185000,53b038957eea04827c0f8518cfe8983bbb80643c178529d875024121eb4bcc1a,table1:R7,,,
53b038957eea0482-table1-R8,2026-03-10,daejeon-daedeok,,덕이네식당 (대덕구 한남로149번길 36),문화유산 보수정비 업무 추진 등으로 노고가 많은 문화관광체육과 직원 등 격려,49000,53b038957eea04827c0f8518cfe8983bbb80643c178529d875024121eb4bcc1a,table1:R8,,,
53b038957eea0482-table1-R9,2026-03-11,daejeon-daedeok,,개인(성명 비공개),직원 부의금,100000,53b038957eea04827c0f8518cfe8983bbb80643c178529d875024121eb4bcc1a,table1:R9,,,
53b038957eea0482-table1-R10,2026-03-11,daejeon-daedeok,,연우네보리밥 (대덕구 대전로1019번길 37),생활체육 인구의 저변확대 및 건전한 지역사회 분위기 조성을 위한 관계자 간담회,83000,53b038957eea04827c0f8518cfe8983bbb80643c178529d875024121eb4bcc1a,table1:R10,,,
53b038957eea0482-table1-R11,2026-03-12,daejeon-daedeok,,승남이네김밥&칼국수 (대덕구 한밭대로 1027 1층),2026년 대외기관 공모〮평가 관리 등으로 노고가 많은 기획실 직원 등 격려,37000,53b038957eea04827c0f8518cfe8983bbb80643c178529d875024121eb4bcc1a,table1:R11,,,
53b038957eea0482-table1-R12,2026-03-17,daejeon-daedeok,,자유대반점 (서구 둔산로137번길 28),대전시 연계사업의 원활한 추진을 위한 관계자 간담회,180000,53b038957eea04827c0f8518cfe8983bbb80643c178529d875024121eb4bcc1a,table1:R12,,,
53b038957eea0482-table1-R13,2026-03-18,daejeon-daedeok,,콩마니손두부 (대덕구 동춘당로44번길 12),생활체육 인프라 확충 및 공공체육시설 활용도 제고 방안 논의 등을 위한 관계자 간담회,118000,53b038957eea04827c0f8518cfe8983bbb80643c178529d875024121eb4bcc1a,table1:R13,,,
53b038957eea0482-table1-R14,2026-03-18,daejeon-daedeok,,SSG.COM(인터넷구매),유관기관 및 민원인 방문자에게 제공되는 차재료 등 구입,194200,53b038957eea04827c0f8518cfe8983bbb80643c178529d875024121eb4bcc1a,table1:R14,,,
53b038957eea0482-table1-R15,2026-03-19,daejeon-daedeok,,보쌈다온 (대덕구 계족산로43번길 1),권역별 경제활성화 등 관광활성화 전략 사업 발굴 등을 위한 관계자 간담회,94000,53b038957eea04827c0f8518cfe8983bbb80643c178529d875024121eb4bcc1a,table1:R15,,,
53b038957eea0482-table1-R17,2026-03-20,daejeon-daedeok,,놀부네설렁탕 (대덕구 한밭대로1006번길 62),교통안전 중장기 종합정책 방향 수립 및 교통안전 문제해결 논의 등을 위한 관계자 간담회,132000,53b038957eea04827c0f8518cfe8983bbb80643c178529d875024121eb4bcc1a,table1:R17,,,
53b038957eea0482-table1-R18,2026-03-23,daejeon-daedeok,,사랑채식당 (대덕구 한남로137번안길 16),복지사각지대 발굴시스템 운영 등으로 노고가 많은 생황보장과 직원 등 격려,36000,53b038957eea04827c0f8518cfe8983bbb80643c178529d875024121eb4bcc1a,table1:R18,,,
53b038957eea0482-table1-R19,2026-03-23,daejeon-daedeok,,빵굽는나라 (대덕구 석봉로38번길 2),사기진작 및 근로의욕 향상을 위한 승진 직원 간식 격려,231000,53b038957eea04827c0f8518cfe8983bbb80643c178529d875024121eb4bcc1a,table1:R19,,,
53b038957eea0482-table1-R20,2026-03-25,daejeon-daedeok,,산들 (대덕구 한남로137번안길 2),구청장 현장행정 업무 추진 등으로 노고가 많은 자치행정과 직원 등 격려,58000,53b038957eea04827c0f8518cfe8983bbb80643c178529d875024121eb4bcc1a,table1:R20,,,
53b038957eea0482-table1-R21,2026-03-26,daejeon-daedeok,,이산흑염소 (대덕구 한남로 136),각종 일정 조정 및 내방객 응대로 노고가 많은 부속실 직원 등 격려 오찬 간담회,45000,53b038957eea04827c0f8518cfe8983bbb80643c178529d875024121eb4bcc1a,table1:R21,,,
53b038957eea0482-table1-R23,2026-03-30,daejeon-daedeok,,피자마루 송촌점 (대덕구 동춘당로114번길 9),"문평동 공장 화재 사고 관련 업무 추진 등으로 노고가 많은 통합돌봄과, 환경과, 재난안전과, 주택경관과 직원 등 간식 격려(피자)",243000,53b038957eea04827c0f8518cfe8983bbb80643c178529d875024121eb4bcc1a,table1:R23,,,
53b038957eea0482-table1-R24,2026-03-31,daejeon-daedeok,,강길도낙지마을 (대덕구 선비마을로 9),인사 업무 추진 등으로 노고가 많은 운영지원과 직원 등 격려,154000,53b038957eea04827c0f8518cfe8983bbb80643c178529d875024121eb4bcc1a,table1:R24,,,
3005914d090457c3-table1-R2,2026-02-02,daejeon-daedeok,,한밭삼계탕식당 (대덕구 대전로1019번길 36),2026년 국내 체류 외국인 통합검진 시범사업 추진 관계자 간담회,52000,3005914d090457c3e6db6a2fa9ab367d576329334a8570b87b9841741bed2ba8,table1:R2,,,
3005914d090457c3-table1-R3,2026-02-03,daejeon-daedeok,,다디 (대덕구 신탄진동로 23),학령기 아동 건강관리 지원 방안 논의를 위한 관계자 간담회,253000,3005914d090457c3e6db6a2fa9ab367d576329334a8570b87b9841741bed2ba8,table1:R3,,,
3005914d090457c3-table1-R4,2026-02-04,daejeon-daedeok,,서대박 (대덕구 석봉로38번길 30),지역주민의 건강서비스 접근성 향상 및 만성질환 예방〮관리를 위한 관계자 간담회,215000,3005914d090457c3e6db6a2fa9ab367d576329334a8570b87b9841741bed2ba8,table1:R4,,,
3005914d090457c3-table1-R5,2026-02-05,daejeon-daedeok,,보보로베이커리 (대덕구 계족산로81번길 96),사기진작 및 근로의욕 향상을 위한 승진 직원 간식 격려,70000,3005914d090457c3e6db6a2fa9ab367d576329334a8570b87b9841741bed2ba8,table1:R5,,,
3005914d090457c3-table1-R6,2026-02-05,daejeon-daedeok,,"항아리보쌈 석봉지점, 주식회사쉐어즈스튜디오 (대덕구 대덕대로1593번길 55, 대덕구 대덕대로1585번길 16)",청소년 보호〮복지 증진을 위한 통합지원 체계 구축 관계자 간담회,164800,3005914d090457c3e6db6a2fa9ab367d576329334a8570b87b9841741bed2ba8,table1:R6,,,
3005914d090457c3-table1-R7,2026-02-06,daejeon-daedeok,,개인(성명 비공개),직원 부의금,50000,3005914d090457c3e6db6a2fa9ab367d576329334a8570b87b9841741bed2ba8,table1:R7,,,
3005914d090457c3-table1-R8,2026-02-06,daejeon-daedeok,,다해활어시장식당 (대덕구 덕암북로 85),대덕 중소기업 혁신성장 벨트조성 사업 추진 관계자 간담회,222000,3005914d090457c3e6db6a2fa9ab367d576329334a8570b87b9841741bed2ba8,table1:R8,,,
3005914d090457c3-table1-R9,2026-02-09,daejeon-daedeok,,황해면옥식당 (대덕구 한남로149번길 1),2026년 상반기 신속집행 추진 관련 관계자 간담회,105000,3005914d090457c3e6db6a2fa9ab367d576329334a8570b87b9841741bed2ba8,table1:R9,,,
3005914d090457c3-table1-R10,2026-02-11,daejeon-daedeok,,개인(성명 비공개),직원 부의금,100000,3005914d090457c3e6db6a2fa9ab367d576329334a8570b87b9841741bed2ba8,table1:R10,,,
3005914d090457c3-table1-R11,2026-02-11,daejeon-daedeok,,"교동면옥대전중리점, 무드림 베이커리카페 대전 중리동점 (대덕구 한밭대로 1100, 대덕구 한밭대로 1097)",설 연휴 응급진료대책 상황실 운영 관계자 간담회,161000,3005914d090457c3e6db6a2fa9ab367d576329334a8570b87b9841741bed2ba8,table1:R11,,,
3005914d090457c3-table1-R12,2026-02-11,daejeon-daedeok,,중도매인38번 (대덕구 한밭대로 987),"현안업무 추진 등으로 노고가 많은 미래전략국, 안전교통국 직원 간식 격려",630000,3005914d090457c3e6db6a2fa9ab367d576329334a8570b87b9841741bed2ba8,table1:R12,,,
3005914d090457c3-table1-R13,2026-02-12,daejeon-daedeok,,황해면옥식당 (대덕구 한남로149번길 1),2026년 봄철 소통전담관리원 식중독 예방 지도〮홍보 업무 추진 등으로 노고가 많은 위생과 직원 격려,158000,3005914d090457c3e6db6a2fa9ab367d576329334a8570b87b9841741bed2ba8,table1:R13,,,
3005914d090457c3-table1-R14,2026-02-12,daejeon-daedeok,,플러스마트 (대덕구 계족로663번길 30-9),설 명절 맞이 환경관리요원 격려,2492000,3005914d090457c3e6db6a2fa9ab367d576329334a8570b87b9841741bed2ba8,table1:R14,,,
3005914d090457c3-table1-R15,2026-02-12,daejeon-daedeok,,피자마루 송촌점 (대덕구 동춘당로114번길 9),취약계층 건강 증진 및 지원 등으로 노고가 많은 보건소 직원 등 간식 격려(피자),118800,3005914d090457c3e6db6a2fa9ab367d576329334a8570b87b9841741bed2ba8,table1:R15,,,
3005914d090457c3-table1-R16,2026-02-20,daejeon-daedeok,,개인(성명 비공개),직원 축부의금,150000,3005914d090457c3e6db6a2fa9ab367d576329334a8570b87b9841741bed2ba8,table1:R16,,,
3005914d090457c3-table1-R17,2026-02-20,daejeon-daedeok,,풍천장어식당 (대덕구 아리랑로 113),문화 예술 및 축제 활성화 등을 위한 관계자 간담회,186000,3005914d090457c3e6db6a2fa9ab367d576329334a8570b87b9841741bed2ba8,table1:R17,,,
3005914d090457c3-table1-R18,2026-02-23,daejeon-daedeok,,사랑채식당 (대덕구 한남로137번안길 16),각종 일정 조정 및 내방객 응대로 노고가 많은 부속실 직원 등 격려 오찬 간담회,54000,3005914d090457c3e6db6a2fa9ab367d576329334a8570b87b9841741bed2ba8,table1:R18,,,
3005914d090457c3-table1-R19,2026-02-24,daejeon-daedeok,,자원대구탕 (서울 용산구 한강대로62가길 6),제14회 대한민국축제콘텐츠 대상 시상식 관련 업무 추진 등으로 노고가 많은 직원 등 격려,80000,3005914d090457c3e6db6a2fa9ab367d576329334a8570b87b9841741bed2ba8,table1:R19,,,
3005914d090457c3-table1-R20,2026-02-25,daejeon-daedeok,,놀부네설렁탕 (대덕구 한밭대로1006번길 62),조례규칙심의회 추진 등으로 노고가 많은 기획실 직원 등 격려,66000,3005914d090457c3e6db6a2fa9ab367d576329334a8570b87b9841741bed2ba8,table1:R20,,,
3005914d090457c3-table1-R21,2026-02-26,daejeon-daedeok,,스시류 (대덕구 송촌북로12번길 11),관내 자원봉사 활성화 사업 추진 관련 관계자 간담회,69000,3005914d090457c3e6db6a2fa9ab367d576329334a8570b87b9841741bed2ba8,table1:R21,,,
3005914d090457c3-table1-R22,2026-02-27,daejeon-daedeok,,오슈동죽칼국수 (대덕구 송촌북로4번길 41-8),전통시장 및 상점가 위탁시설물 운영점검 관련 관계자 간담회,80000,3005914d090457c3e6db6a2fa9ab367d576329334a8570b87b9841741bed2ba8,table1:R22,,,
63f86bbc376f9f69-table1-R2,2026-01-05,daejeon-daedeok,,황해면옥식당 (대덕구 한남로149번길 1),2026년 제1차 조례규칙심의회 개최 준비 등으로 노고가 많은 기획실 직원 등 격려 오찬 간담회,108000,63f86bbc376f9f69abca5499b2d5ecf51c174d16ff66cee1f62190e1d7869f42,table1:R2,,,
63f86bbc376f9f69-table1-R3,2026-01-06,daejeon-daedeok,,미란칼국수 (동구 계족로328번길 5),대덕구 자체감사 운영 기본계획 수립 등으로 노고가 많은 감사실 직원 등 격려 오찬 간담회,102000,63f86bbc376f9f69abca5499b2d5ecf51c174d16ff66cee1f62190e1d7869f42,table1:R3,,,
63f86bbc376f9f69-table1-R4,2026-01-07,daejeon-daedeok,,사랑채식당 (대덕구 한남로137번안길 16),2025회계연도 예산〮재무회계결산 추진계획 수립 등으로 노고가 많은 운영지원과 직원 등 격려 오찬 간담회,54000,63f86bbc376f9f69abca5499b2d5ecf51c174d16ff66cee1f62190e1d7869f42,table1:R4,,,
63f86bbc376f9f69-table1-R5,2026-01-08,daejeon-daedeok,,생태와갈치 (대덕구 대전천북로 222 1층),개인형이동장치(PM) 통행금지 거리 시범 구역 조성 추진 등으로 노고가 많은 교통과 직원 등 격려 오찬 간담회,80000,63f86bbc376f9f69abca5499b2d5ecf51c174d16ff66cee1f62190e1d7869f42,table1:R5,,,
63f86bbc376f9f69-table1-R6,2026-01-09,daejeon-daedeok,,대박갈비탕 (대덕구 한남로 88번길 17),2026년 市 대표축제 육성지원 관련 선발 준비 등으로 노고가 많은 문화관광체육과 직원 등 격려 오찬 간담회,108000,63f86bbc376f9f69abca5499b2d5ecf51c174d16ff66cee1f62190e1d7869f42,table1:R6,,,
63f86bbc376f9f69-table1-R7,2026-01-12,daejeon-daedeok,,스시류 (대덕구 송촌북로12번길 11),2026년 기후대응숲조성 사업 추진 등으로 노고가 많은 공원녹지과 직원 등 격려 오찬 간담회,82800,63f86bbc376f9f69abca5499b2d5ecf51c174d16ff66cee1f62190e1d7869f42,table1:R7,,,
63f86bbc376f9f69-table1-R8,2026-01-13,daejeon-daedeok,,옥경이식당 (대덕구 대전로1112번길 20-12),대덕구 통계연보 발간계획 수립 추진 등으로 노고가 많은 기획실 직원 등 격려 오찬 간담회,50000,63f86bbc376f9f69abca5499b2d5ecf51c174d16ff66cee1f62190e1d7869f42,table1:R8,,,
63f86bbc376f9f69-table1-R9,2026-01-14,daejeon-daedeok,,이산흑염소 (대덕구 한남로 136),2026년 동별 소통간담회 추진 등으로 노고가 많은 자치행정과 직원 등 격려 오찬 간담회,90000,63f86bbc376f9f69abca5499b2d5ecf51c174d16ff66cee1f62190e1d7869f42,table1:R9,,,
63f86bbc376f9f69-table1-R10,2026-01-14,daejeon-daedeok,,비래골손두부 (대덕구 비래골길 61),2026년 주요 사업 추진 점검 등을 위한 간부공무원 만찬 간담회,480000,63f86bbc376f9f69abca5499b2d5ecf51c174d16ff66cee1f62190e1d7869f42,table1:R10,,,
63f86bbc376f9f69-table1-R11,2026-01-15,daejeon-daedeok,,생태와갈치 (대덕구 대전천북로 222 1층),2026년 노인일자리 및 사회활동지원 사업 발대식 추진 등으로 노고가 많은 어르신장애인과 직원 등 격려 오찬 간담회,80000,63f86bbc376f9f69abca5499b2d5ecf51c174d16ff66cee1f62190e1d7869f42,table1:R11,,,
63f86bbc376f9f69-table1-R12,2026-01-16,daejeon-daedeok,,꽁뚜 (대덕구 신탄진로36번길 111),민선8기 공약사업 추진 및 공모사업 대응을 위한 관계자 간담회,72000,63f86bbc376f9f69abca5499b2d5ecf51c174d16ff66cee1f62190e1d7869f42,table1:R12,,,
63f86bbc376f9f69-table1-R13,2026-01-16,daejeon-daedeok,,피자마루 송촌점 (대덕구 동춘당로114번길 9),2026년 구청장 소통간담회 추진 등으로 노고가 많은 동행정복지센터 직원 간식 격려,997100,63f86bbc376f9f69abca5499b2d5ecf51c174d16ff66cee1f62190e1d7869f42,table1:R13,,,
63f86bbc376f9f69-table1-R14,2026-01-19,daejeon-daedeok,,연우네보리밥 (대덕구 대전로1019번길 37),2026년 정부합동평가 우수사례 발굴 추진 관련 관계자 간담회,46000,63f86bbc376f9f69abca5499b2d5ecf51c174d16ff66cee1f62190e1d7869f42,table1:R14,,,
63f86bbc376f9f69-table1-R15,2026-01-20,daejeon-daedeok,,옥경이식당 (대덕구 대전로1112번길 20-12),설 명절 대비 먹거리 분야 안전 점검 등으로 노고가 많은 위생과 직원 등 격려,39000,63f86bbc376f9f69abca5499b2d5ecf51c174d16ff66cee1f62190e1d7869f42,table1:R15,,,
63f86bbc376f9f69-table1-R16,2026-01-21,daejeon-daedeok,,개인(성명 비공개),직원 부의금,50000,63f86bbc376f9f69abca5499b2d5ecf51c174d16ff66cee1f62190e1d7869f42,table1:R16,,,
63f86bbc376f9f69-table1-R17,2026-01-21,daejeon-daedeok,,주상유황족발 (서구 계룡로553번안길 29),대전시 연계사업의 원활한 추진을 위한 관계자 간담회,103000,63f86bbc376f9f69abca5499b2d5ecf51c174d16ff66cee1f62190e1d7869f42,table1:R17,,,
63f86bbc376f9f69-table1-R18,2026-01-22,daejeon-daedeok,,제일추어탕 (대덕구 한남로 137),2026년도 대덕구 안전보건관리계획 수립 관련 관계자 간담회,90000,63f86bbc376f9f69abca5499b2d5ecf51c174d16ff66cee1f62190e1d7869f42,table1:R18,,,
63f86bbc376f9f69-table1-R19,2026-01-23,daejeon-daedeok,,사랑채식당 (대덕구 한남로137번안길 16),지역경제 활성화를 위한 예산 신속집행 관련 관계자 간담회,54000,63f86bbc376f9f69abca5499b2d5ecf51c174d16ff66cee1f62190e1d7869f42,table1:R19,,,
63f86bbc376f9f69-table1-R20,2026-01-26,daejeon-daedeok,,개인(성명 비공개),직원 부의금,150000,63f86bbc376f9f69abca5499b2d5ecf51c174d16ff66cee1f62190e1d7869f42,table1:R20,,,
63f86bbc376f9f69-table1-R21,2026-01-26,daejeon-daedeok,,스시류 (대덕구 송촌북로12번길 11),2026년 지역산업맞춤형 일자리창출 자치구사업 추진 관계자 간담회,89000,63f86bbc376f9f69abca5499b2d5ecf51c174d16ff66cee1f62190e1d7869f42,table1:R21,,,
63f86bbc376f9f69-table1-R22,2026-01-29,daejeon-daedeok,,놀부네설렁탕 (대덕구 한밭대로1006번길 62),주거환경개선사업 추진 관련 의견청취 관계자 간담회,75000,63f86bbc376f9f69abca5499b2d5ecf51c174d16ff66cee1f62190e1d7869f42,table1:R22,,,
63f86bbc376f9f69-table1-R23,2026-01-30,daejeon-daedeok,,교동면옥대전중리점 (대덕구 한밭대로 1100),공공데이터의 제공 및 이용 활성화를 위한 관계자 간담회,78000,63f86bbc376f9f69abca5499b2d5ecf51c174d16ff66cee1f62190e1d7869f42,table1:R23,,,
63f86bbc376f9f69-table1-R24,2026-01-30,daejeon-daedeok,,빵굽는나라 (대덕구 석봉로38번길 2),사기진작 및 근로의욕 향상을 위한 승진 직원 간식 격려,1518000,63f86bbc376f9f69abca5499b2d5ecf51c174d16ff66cee1f62190e1d7869f42,table1:R24,,,
b97e6d582772c612-sheet1-R7,2026-05-13,daejeon-daedeok,,진주냉면,미래전략국 직원 격려 식사자리,117000,b97e6d582772c612655f6b46c84a4d9ff459fa3341855715e8640a231b502af5,sheet1:R7,,,
b97e6d582772c612-sheet1-R8,2026-05-18,daejeon-daedeok,,장수촌 송촌점,미래전략국 직원 격려 식사자리,150000,b97e6d582772c612655f6b46c84a4d9ff459fa3341855715e8640a231b502af5,sheet1:R8,,,
b97e6d582772c612-sheet1-R9,2026-05-21,daejeon-daedeok,,쿵푸차이,미래전략국 직원 격려 식사자리,55000,b97e6d582772c612655f6b46c84a4d9ff459fa3341855715e8640a231b502af5,sheet1:R9,,,
b97e6d582772c612-sheet1-R10,2026-05-26,daejeon-daedeok,,소리네식당,미래전략국 직원 격려 식사자리,206000,b97e6d582772c612655f6b46c84a4d9ff459fa3341855715e8640a231b502af5,sheet1:R10,,,
b97e6d582772c612-sheet1-R11,2026-05-27,daejeon-daedeok,,백년보리밥,미래전략국 직원 격려 식사자리,58000,b97e6d582772c612655f6b46c84a4d9ff459fa3341855715e8640a231b502af5,sheet1:R11,,,
b97e6d582772c612-sheet1-R12,2026-05-28,daejeon-daedeok,,스시류,미래전략국 직원 격려 식사자리,106800,b97e6d582772c612655f6b46c84a4d9ff459fa3341855715e8640a231b502af5,sheet1:R12,,,
b97e6d582772c612-sheet1-R13,2026-06-01,daejeon-daedeok,,미란칼국수,미래전략국 직원 격려 식사자리,52000,b97e6d582772c612655f6b46c84a4d9ff459fa3341855715e8640a231b502af5,sheet1:R13,,,
b97e6d582772c612-sheet1-R14,2026-06-02,daejeon-daedeok,,미란칼국수,미래전략국 직원 격려 식사자리,145000,b97e6d582772c612655f6b46c84a4d9ff459fa3341855715e8640a231b502af5,sheet1:R14,,,
b97e6d582772c612-sheet1-R15,2026-06-04,daejeon-daedeok,,산들,평생학습 공모사업 관련 실무 협의,40000,b97e6d582772c612655f6b46c84a4d9ff459fa3341855715e8640a231b502af5,sheet1:R15,,,
b97e6d582772c612-sheet1-R16,2026-06-08,daejeon-daedeok,,다해원,대덕문화관광재단 관련 업무 논의,92000,b97e6d582772c612655f6b46c84a4d9ff459fa3341855715e8640a231b502af5,sheet1:R16,,,
b97e6d582772c612-sheet1-R17,2026-06-09,daejeon-daedeok,,오성칼국수,지방소명대응기금 관련 사업 협의,68000,b97e6d582772c612655f6b46c84a4d9ff459fa3341855715e8640a231b502af5,sheet1:R17,,,
b97e6d582772c612-sheet1-R18,2026-06-09,daejeon-daedeok,,어굼터 용전점,작은도서관 운영 관련 실무 협의,196000,b97e6d582772c612655f6b46c84a4d9ff459fa3341855715e8640a231b502af5,sheet1:R18,,,
b97e6d582772c612-sheet1-R19,2026-06-11,daejeon-daedeok,,장동감나무보리밥,대덕구 행복이음교육지구 사업 관련 실무 협의,76000,b97e6d582772c612655f6b46c84a4d9ff459fa3341855715e8640a231b502af5,sheet1:R19,,,
b97e6d582772c612-sheet1-R20,2026-06-23,daejeon-daedeok,,또랑,일자리사업 관련 실무 협의,480000,b97e6d582772c612655f6b46c84a4d9ff459fa3341855715e8640a231b502af5,sheet1:R20,,,
b97e6d582772c612-sheet1-R21,2026-06-24,daejeon-daedeok,,또랑,대덕문화원 운영 관련 실무 협의,196000,b97e6d582772c612655f6b46c84a4d9ff459fa3341855715e8640a231b502af5,sheet1:R21,,,
b97e6d582772c612-sheet1-R22,2026-06-29,daejeon-daedeok,,또랑,작은도서관 운영 관련 실무 협의,421000,b97e6d582772c612655f6b46c84a4d9ff459fa3341855715e8640a231b502af5,sheet1:R22,,,
82fb0799415464ff-table1-R2,2026-06-01,daejeon-daedeok,,"콩마니손두부, 가베카페 (대덕구 동춘당로44번길 12 1층, 대덕구 선비마을로 5번길 17)",구정 자문 및 협의 등 소통 강화를 위한 관계자 간담회,142700,82fb0799415464ffa564ec9462c9deb3e224c428d57c67dc1ee3f062e7e3b8c2,table1:R2,,,
82fb0799415464ff-table1-R3,2026-06-02,daejeon-daedeok,,은혜삼계탕 (대덕구 대전로1033번길 25 1층),자원봉사센터 활성화 지원사업 추진 관련 관계자 간담회,45000,82fb0799415464ffa564ec9462c9deb3e224c428d57c67dc1ee3f062e7e3b8c2,table1:R3,,,
82fb0799415464ff-table1-R4,2026-06-08,daejeon-daedeok,,산들 (대덕구 한남로137번안길 2),행정자치국 주요 사업 추진 상황 점검을 위한 관계자 간담회,37000,82fb0799415464ffa564ec9462c9deb3e224c428d57c67dc1ee3f062e7e3b8c2,table1:R4,,,
82fb0799415464ff-table1-R5,2026-06-09,daejeon-daedeok,,연우네보리밥집 (대덕구 대전로1019번길 37),지방행정 발전을 위한 정책 자문 의견청취 관계자 간담회,35000,82fb0799415464ffa564ec9462c9deb3e224c428d57c67dc1ee3f062e7e3b8c2,table1:R5,,,
82fb0799415464ff-table1-R6,2026-06-10,daejeon-daedeok,,이산흑염소 (대덕구 한남로 136 1층),민원인의 권익 보호 및 민원행정의 신뢰도 향상을 위한 관계자 간담회,42000,82fb0799415464ffa564ec9462c9deb3e224c428d57c67dc1ee3f062e7e3b8c2,table1:R6,,,
82fb0799415464ff-table1-R7,2026-06-11,daejeon-daedeok,,"황해면옥식당, 스테이플랜트카페 (대덕구 한남로149번길 1, 대덕구 한남로137번안길 6)",민관협업을 통한 마을의제 해결방안 논의 관계자 간담회,157000,82fb0799415464ffa564ec9462c9deb3e224c428d57c67dc1ee3f062e7e3b8c2,table1:R7,,,
82fb0799415464ff-table1-R8,2026-06-17,daejeon-daedeok,,이산흑염소 (대덕구 한남로 136 1층),각종 일정 조정 및 내방객 응대 등으로 노고가 많은 부속실 직원 등 격려,30000,82fb0799415464ffa564ec9462c9deb3e224c428d57c67dc1ee3f062e7e3b8c2,table1:R8,,,
82fb0799415464ff-table1-R9,2026-06-18,daejeon-daedeok,,"이산흑염소, 엘샤다이 (대덕구 한남로 136 1층, 대덕구 오정로 38 2층)",효율적 세외수입 운영 및 재정 확충을 위한 관계자 간담회,42000,82fb0799415464ffa564ec9462c9deb3e224c428d57c67dc1ee3f062e7e3b8c2,table1:R9,,,
82fb0799415464ff-table1-R10,2026-06-19,daejeon-daedeok,,"유황돼지촌, 스테이플랜트카페 (대덕구 한남로137번길 15, 대덕구 한남로137번안길 6)",인사제도 개선방안 모색 등을 위한 의견청취 관계자 간담회,66000,82fb0799415464ffa564ec9462c9deb3e224c428d57c67dc1ee3f062e7e3b8c2,table1:R10,,,
82fb0799415464ff-table1-R11,2026-06-23,daejeon-daedeok,,의정부아우네부대찌개 (중구 목중로39),고향사랑기부제 활성화 방안 의견청취 관계자 간담회,31500,82fb0799415464ffa564ec9462c9deb3e224c428d57c67dc1ee3f062e7e3b8c2,table1:R11,,,
82fb0799415464ff-table1-R12,2026-06-24,daejeon-daedeok,,"유황돼지촌, 스테이플랜트카페 (대덕구 한남로137번길 15, 대덕구 한남로137번안길 6)",수요자 중심의 민원 행정서비스 구현 방안 논의를 위한 관계자 간담회,59500,82fb0799415464ffa564ec9462c9deb3e224c428d57c67dc1ee3f062e7e3b8c2,table1:R12,,,
82fb0799415464ff-table1-R13,2026-06-25,daejeon-daedeok,,"은혜삼계탕, 더라임 (대덕구 대전로1033번길 25 1층, 대덕구 대전로1033번길 25 1층)",직원 친화적 일터 조성을 위한 의견청취 관계자 간담회,47000,82fb0799415464ffa564ec9462c9deb3e224c428d57c67dc1ee3f062e7e3b8c2,table1:R13,,,
82fb0799415464ff-table1-R14,2026-06-26,daejeon-daedeok,,"태화장, 커피언니 (동구 중앙로203번길 78, 동구 중앙로203번길 360",지역 공동체 네트워크 구축 및 상생의 공동체 문화 조성을 위한 관계자 간담회,55500,82fb0799415464ffa564ec9462c9deb3e224c428d57c67dc1ee3f062e7e3b8c2,table1:R14,,,
82fb0799415464ff-table1-R15,2026-06-30,daejeon-daedeok,,덕이네식당 (대덕구 한남로149번길 36),각종 일정 조정 및 내방객 응대 등으로 노고가 많은 부속실 직원 등 격려,25000,82fb0799415464ffa564ec9462c9deb3e224c428d57c67dc1ee3f062e7e3b8c2,table1:R15,,,
27b06323d06b37e7-sheet1-R7,2026-06-10,daejeon-daedeok,,커피트리,불법광고물 정비사업 관계자 간담회,17000,27b06323d06b37e7b2df582370ca2e2051a0926ba7aa72510d8f785490bbdade,sheet1:R7,,,
27b06323d06b37e7-sheet1-R8,2026-06-18,daejeon-daedeok,,명품진한우,재개발·재건축 관계자 간담회,88000,27b06323d06b37e7b2df582370ca2e2051a0926ba7aa72510d8f785490bbdade,sheet1:R8,,,
27b06323d06b37e7-sheet1-R9,2026-06-29,daejeon-daedeok,,다랑,직원격려,151000,27b06323d06b37e7b2df582370ca2e2051a0926ba7aa72510d8f785490bbdade,sheet1:R9,,,
0e52f84afa3a6ec1-sheet1-R8,2026-06-01,daejeon-daedeok,,대손관 대전용전점 (동구 용전동) 외 1개소,부속실 직원 노고격려 오찬 간담회,64800,0e52f84afa3a6ec1e4f87b93af3320fcc6f9bdad5ab3e9b1fb051f926b92db13,sheet1:R8,,,
0e52f84afa3a6ec1-sheet1-R9,2026-06-02,daejeon-daedeok,,솔솔키친 (동구 용전동),국 시책 중 지원업무관련 의견수렴을 위한 관계부서 직원과의 오찬 간담회,100400,0e52f84afa3a6ec1e4f87b93af3320fcc6f9bdad5ab3e9b1fb051f926b92db13,sheet1:R9,,,
0e52f84afa3a6ec1-sheet1-R10,2026-06-05,daejeon-daedeok,,쪽방집 (중구 대흥동),주요추진시책 홍보 및 업무유대를 위한 언론사 기자들과의 만찬 간담회,179000,0e52f84afa3a6ec1e4f87b93af3320fcc6f9bdad5ab3e9b1fb051f926b92db13,sheet1:R10,,,
0e52f84afa3a6ec1-sheet1-R11,2026-06-09,daejeon-daedeok,,삼팔집 (중구 대흥동) 외 1개소,"관내 현안사업 추진관련, 도시계획 자문을 위한 관계직원과의 오찬 간담회",68900,0e52f84afa3a6ec1e4f87b93af3320fcc6f9bdad5ab3e9b1fb051f926b92db13,sheet1:R11,,,
0e52f84afa3a6ec1-sheet1-R12,2026-06-15,daejeon-daedeok,,포레 (대덕구 오정동),국 소속 상근직원 격려 다과회 및 간담회,28300,0e52f84afa3a6ec1e4f87b93af3320fcc6f9bdad5ab3e9b1fb051f926b92db13,sheet1:R12,,,
0e52f84afa3a6ec1-sheet1-R13,2026-06-22,daejeon-daedeok,,되지가 (대덕구 법동),재난 및 주차장관련 업무협조를 위한 지역단체 임원과의 만찬 간담회,150000,0e52f84afa3a6ec1e4f87b93af3320fcc6f9bdad5ab3e9b1fb051f926b92db13,sheet1:R13,,,
0e52f84afa3a6ec1-sheet1-R14,2026-06-24,daejeon-daedeok,,오성칼국수 (대덕구 중리동) 외 1개소,주차장사무 조정 협의를 위한 관계 간부와의 오찬 간담회,100500,0e52f84afa3a6ec1e4f87b93af3320fcc6f9bdad5ab3e9b1fb051f926b92db13,sheet1:R14,,,
0e52f84afa3a6ec1-sheet1-R15,2026-06-26,daejeon-daedeok,,대청얼큰오징어찌개 (대덕구 신탄진동) 외 1개소,국 소속 상근직원 격려 오찬 및 간담회,74900,0e52f84afa3a6ec1e4f87b93af3320fcc6f9bdad5ab3e9b1fb051f926b92db13,sheet1:R15,,,
0e52f84afa3a6ec1-sheet1-R16,2026-06-30,daejeon-daedeok,,삼선 (유성구 죽동),대덕구 지역자율방재단 노고격려 및 업무협의 오찬 및 간담회,47000,0e52f84afa3a6ec1e4f87b93af3320fcc6f9bdad5ab3e9b1fb051f926b92db13,sheet1:R16,,,
ad7af31a07a19b93-sheet1-R7,2026-06-08,daejeon-daedeok,,꼬치야,지역경제 활성화 사업 추진 관계자 간담회,120000,ad7af31a07a19b9374ddcd7d8e253e2d66c3ee3050184694b07a11175be34409,sheet1:R7,,,
ad7af31a07a19b93-sheet1-R8,2026-06-19,daejeon-daedeok,,이산흑염소 외 1,상권 활성화 업무 추진을 위한 사업 관계자 간담회,94000,ad7af31a07a19b9374ddcd7d8e253e2d66c3ee3050184694b07a11175be34409,sheet1:R8,,,
ad7af31a07a19b93-sheet1-R9,2026-06-25,daejeon-daedeok,,은혜삼계탕 외 1,전통시장 주차 환경 개선 사업 추진 관계자 간담회,56600,ad7af31a07a19b9374ddcd7d8e253e2d66c3ee3050184694b07a11175be34409,sheet1:R9,,,
ad7af31a07a19b93-sheet1-R11,2026-06-16,daejeon-daedeok,,개인(성명 비공개),경제환경국 직원 경조사비,50000,ad7af31a07a19b9374ddcd7d8e253e2d66c3ee3050184694b07a11175be34409,sheet1:R11,,,
ad7af31a07a19b93-sheet1-R12,2026-06-30,daejeon-daedeok,,개인(성명 비공개),경제환경국 직원 경조사비,50000,ad7af31a07a19b9374ddcd7d8e253e2d66c3ee3050184694b07a11175be34409,sheet1:R12,,,
11fe5effe7d53bdd-sheet1-R7,2026-05-11,daejeon-daedeok,,호수식당월평점,공원조성 관련 사업 관계자 간담회,130000,11fe5effe7d53bdd97f461203699188a699a7549c3008169b675099ecbb782d6,sheet1:R7,,,
11fe5effe7d53bdd-sheet1-R8,2026-05-14,daejeon-daedeok,,완도수산,신청사 건립 추진 관계자 간담회,162000,11fe5effe7d53bdd97f461203699188a699a7549c3008169b675099ecbb782d6,sheet1:R8,,,
11fe5effe7d53bdd-sheet1-R9,2026-05-21,daejeon-daedeok,,다랑,도시재생 관련 사업 관계자 간담회,157000,11fe5effe7d53bdd97f461203699188a699a7549c3008169b675099ecbb782d6,sheet1:R9,,,
904ab081a80fa2d4-sheet1-R7,2026-04-02,daejeon-daedeok,,팔각도,녹지조성 사업 관계자 간담회,163600,904ab081a80fa2d460c6e39479300dd76bcc1278898a243de1b81f4d177e60f4,sheet1:R7,,,
904ab081a80fa2d4-sheet1-R8,2026-04-16,daejeon-daedeok,,박가네,도시개발 관련 사업 관계자 간담회,163000,904ab081a80fa2d460c6e39479300dd76bcc1278898a243de1b81f4d177e60f4,sheet1:R8,,,
904ab081a80fa2d4-sheet1-R9,2026-04-27,daejeon-daedeok,,미혜한우정육식당,도시정비 관련 사업 관계자 간담회,326000,904ab081a80fa2d460c6e39479300dd76bcc1278898a243de1b81f4d177e60f4,sheet1:R9,,,
33b7af00f6dcfa1c-table1-R2,2026-05-04,daejeon-daedeok,,"은혜삼계탕, 더라임 (대덕구 대전로1033번길 25 1층)",각종 일정 조정 및 내방객 응대로 노고가 많은 부속실 직원 등 격려,54000,33b7af00f6dcfa1c6aeff67b8bb8d620a6cb735eb9e8f85d39284875937553cb,table1:R2,,,
33b7af00f6dcfa1c-table1-R3,2026-05-08,daejeon-daedeok,,의정부아우네부대찌개 (중구 목중로39),지방세 및 세외수입 체납액 일제정리 추진 관련 관계자 간담회,61000,33b7af00f6dcfa1c6aeff67b8bb8d620a6cb735eb9e8f85d39284875937553cb,table1:R3,,,
33b7af00f6dcfa1c-table1-R4,2026-05-08,daejeon-daedeok,,다사랑치킨 (중구 중촌로28번길 54 1층),행정자치국 주요 사업 추진 상황 점검을 위한 관계자 간담회,75500,33b7af00f6dcfa1c6aeff67b8bb8d620a6cb735eb9e8f85d39284875937553cb,table1:R4,,,
33b7af00f6dcfa1c-table1-R5,2026-05-11,daejeon-daedeok,,은혜삼계탕 (대덕구 대전로1033번길 25 1층),각종 일정 조정 및 내방객 응대로 노고가 많은 부속실 직원 등 격려,24000,33b7af00f6dcfa1c6aeff67b8bb8d620a6cb735eb9e8f85d39284875937553cb,table1:R5,,,
33b7af00f6dcfa1c-table1-R6,2026-05-12,daejeon-daedeok,,"승남이네만두샤브샤브, 파리바게뜨 (대덕구 한밭대로 1027 1층)",자원봉사센터 활성화 지원사업 추진 관련 관계자 간담회,60700,33b7af00f6dcfa1c6aeff67b8bb8d620a6cb735eb9e8f85d39284875937553cb,table1:R6,,,
33b7af00f6dcfa1c-table1-R7,2026-05-14,daejeon-daedeok,,개인(성명 비공개),직원 부의금,50000,33b7af00f6dcfa1c6aeff67b8bb8d620a6cb735eb9e8f85d39284875937553cb,table1:R7,,,
33b7af00f6dcfa1c-table1-R8,2026-05-14,daejeon-daedeok,,"전통칼국수식당, 커피언니 (동구 대전로825번길 13, 동구 중앙로203번길 36)",수요자 중심의 민원 행정서비스 구현 방안 논의를 위한 관계자 간담회,53000,33b7af00f6dcfa1c6aeff67b8bb8d620a6cb735eb9e8f85d39284875937553cb,table1:R8,,,
33b7af00f6dcfa1c-table1-R9,2026-05-15,daejeon-daedeok,,월산본가 (중구 대종로 455),지방행정 발전을 위한 정책 자문 의견청취 관계자 간담회,76000,33b7af00f6dcfa1c6aeff67b8bb8d620a6cb735eb9e8f85d39284875937553cb,table1:R9,,,
33b7af00f6dcfa1c-table1-R10,2026-05-18,daejeon-daedeok,,명륜진사갈비 (중구 동서대로 1463),지방세 환급금 미환급액 일제정리 추진 등으로 노고가 많은 세원관리과 직원 등 격려,43800,33b7af00f6dcfa1c6aeff67b8bb8d620a6cb735eb9e8f85d39284875937553cb,table1:R10,,,
33b7af00f6dcfa1c-table1-R11,2026-05-21,daejeon-daedeok,,"산들, 스테이플랜트카페 (대덕구 한남로137번안길 2, 대덕구 한남로137번안길 6)",복무〮보안점검 실시 등 현안업무 추진 등으로 노고가 많은 운영지원과 직원 등 격려,79500,33b7af00f6dcfa1c6aeff67b8bb8d620a6cb735eb9e8f85d39284875937553cb,table1:R11,,,
33b7af00f6dcfa1c-table1-R12,2026-05-22,daejeon-daedeok,,개인(성명 비공개),직원 부의금,50000,33b7af00f6dcfa1c6aeff67b8bb8d620a6cb735eb9e8f85d39284875937553cb,table1:R12,,,
33b7af00f6dcfa1c-table1-R13,2026-05-27,daejeon-daedeok,,"명륜진사갈비, 커피랜드씨엘 (중구 동서대로 1463, 중구 중촌로 38)",고향사랑기부제 활성화 방안 의견청취 관계자 간담회,73500,33b7af00f6dcfa1c6aeff67b8bb8d620a6cb735eb9e8f85d39284875937553cb,table1:R13,,,
33b7af00f6dcfa1c-table1-R14,2026-05-28,daejeon-daedeok,,"생태와갈치, 카페 이오사 (대덕구 대전천북로 222, 대덕구 대전천북로 254)",취득세 비과세 감면 부동산 사용실태 조사 관련 관계자 간담회,54000,33b7af00f6dcfa1c6aeff67b8bb8d620a6cb735eb9e8f85d39284875937553cb,table1:R14,,,
33b7af00f6dcfa1c-table1-R15,2026-05-29,daejeon-daedeok,,개인(성명 비공개),직원 축의금,200000,33b7af00f6dcfa1c6aeff67b8bb8d620a6cb735eb9e8f85d39284875937553cb,table1:R15,,,
33b7af00f6dcfa1c-table1-R16,2026-05-29,daejeon-daedeok,,교동면옥대전중리점 (대덕구 한밭대로 1100),인사제도 개선방안 모색 등을 위한 의견청취 관계자 간담회,97000,33b7af00f6dcfa1c6aeff67b8bb8d620a6cb735eb9e8f85d39284875937553cb,table1:R16,,,
7fb1c8d5443671b8-sheet1-R8,2026-05-09,daejeon-daedeok,,서대박 (대덕구 석봉동) 외 1개소,5. 9일자 문평동 공장 화재재난 추모식 관계직원 노고 격려,104000,7fb1c8d5443671b81c191c2398afb5c71c41a6e476aaefea19f049d19f27c68d,sheet1:R8,,,
7fb1c8d5443671b8-sheet1-R9,2026-05-11,daejeon-daedeok,,개인(성명 비공개),토지정보과 직원 경조사,50000,7fb1c8d5443671b81c191c2398afb5c71c41a6e476aaefea19f049d19f27c68d,sheet1:R9,,,
7fb1c8d5443671b8-sheet1-R10,2026-05-12,daejeon-daedeok,,비범 (동구 소제동),국 소관 현안업무 홍보추진을 위한 관계부서 직원과의 오찬 간담회,82900,7fb1c8d5443671b81c191c2398afb5c71c41a6e476aaefea19f049d19f27c68d,sheet1:R10,,,
7fb1c8d5443671b8-sheet1-R11,2026-05-14,daejeon-daedeok,,풍천장어식당 (대덕구 읍내동) 외 1개소,여름철 자연재난대비 업무추진 관계 직원 노고 격려,98600,7fb1c8d5443671b81c191c2398afb5c71c41a6e476aaefea19f049d19f27c68d,sheet1:R11,,,
7fb1c8d5443671b8-sheet1-R12,2026-05-26,daejeon-daedeok,,왕가 (유성구 봉명동),국 소관 현안사업관련 자문을 위한 시청관계직원과의 만찬 간담회,117000,7fb1c8d5443671b81c191c2398afb5c71c41a6e476aaefea19f049d19f27c68d,sheet1:R12,,,
7fb1c8d5443671b8-sheet1-R13,2026-05-27,daejeon-daedeok,,정일품두손두부 (서구 만년동) 외 1개소,대덕구 의회 개원관련 협력사항을 논의하기 위한 관계직원과의 오찬 간담회,62500,7fb1c8d5443671b81c191c2398afb5c71c41a6e476aaefea19f049d19f27c68d,sheet1:R13,,,
7fb1c8d5443671b8-sheet1-R14,2026-05-27,daejeon-daedeok,,개인(성명 비공개),건설과 직원 경조사,50000,7fb1c8d5443671b81c191c2398afb5c71c41a6e476aaefea19f049d19f27c68d,sheet1:R14,,,
7fb1c8d5443671b8-sheet1-R15,2026-05-28,daejeon-daedeok,,손이가어죽칼국수 (중구 선화동),구 주요업무 홍보 및 업무협의를 위한 보조기관장과의 오찬 간담회,42000,7fb1c8d5443671b81c191c2398afb5c71c41a6e476aaefea19f049d19f27c68d,sheet1:R15,,,
76d78430166defd7-sheet1-R7,2026-05-29,daejeon-daedeok,,은혜삼계탕 외 1,에너지정책 사업 추진을 위한 사업 관계자 간담회,44500,76d78430166defd799805a21a5ff511158784cb92f36d95206e915648d0c83e9,sheet1:R7,,,
76d78430166defd7-sheet1-R9,2026-05-04,daejeon-daedeok,,개인(성명 비공개),경제환경국 직원 경조사비,100000,76d78430166defd799805a21a5ff511158784cb92f36d95206e915648d0c83e9,sheet1:R9,,,
04b0255460cc9040-table1-R2,2026-04-02,daejeon-daedeok,,육식문화 (중구 목중로19번길 10),지역맞춤형 사업 발굴을 위한 주민참여예산제 관계자 간담회,169000,04b0255460cc9040fd76b3ffbb3fa52412ba2e464a2c8de81dc92140a926954d,table1:R2,,,
04b0255460cc9040-table1-R3,2026-04-03,daejeon-daedeok,,신라감자탕 (중구 대종로 624 1층),고향사랑기부제 활성화 방안 의견청취 관계자 간담회,42000,04b0255460cc9040fd76b3ffbb3fa52412ba2e464a2c8de81dc92140a926954d,table1:R3,,,
04b0255460cc9040-table1-R4,2026-04-07,daejeon-daedeok,,이산흑염소 (대덕구 한남로 136 1층),민원인의 권익 보호 및 민원행정의 신뢰도 향상을 위한 관계자 간담회,75000,04b0255460cc9040fd76b3ffbb3fa52412ba2e464a2c8de81dc92140a926954d,table1:R4,,,
04b0255460cc9040-table1-R5,2026-04-08,daejeon-daedeok,,승남이네만두샤브샤브 (대덕구 한밭대로 1027 1층),구정 자문 및 협의 등 소통 강화를 위한 관계자 간담회,97000,04b0255460cc9040fd76b3ffbb3fa52412ba2e464a2c8de81dc92140a926954d,table1:R5,,,
04b0255460cc9040-table1-R6,2026-04-09,daejeon-daedeok,,은혜삼계탕 (대덕구 대전로1033번길 25 1층),2025회계연도 예산재무회계 결산 추진 관련 관계자 간담회,61000,04b0255460cc9040fd76b3ffbb3fa52412ba2e464a2c8de81dc92140a926954d,table1:R6,,,
04b0255460cc9040-table1-R7,2026-04-15,daejeon-daedeok,,연우네보리밥집 (대덕구 대전로1019번길 37),2026년 市 주민참여예산제 사업 추진 관련 관계자 간담회,45000,04b0255460cc9040fd76b3ffbb3fa52412ba2e464a2c8de81dc92140a926954d,table1:R7,,,
04b0255460cc9040-table1-R8,2026-04-17,daejeon-daedeok,,개인(성명 비공개),직원 부의금,150000,04b0255460cc9040fd76b3ffbb3fa52412ba2e464a2c8de81dc92140a926954d,table1:R8,,,
04b0255460cc9040-table1-R9,2026-04-17,daejeon-daedeok,,"은혜삼계탕, 더라임 (대덕구 대전로1033번길 25 1층)",각종 일정 조정 및 내방객 응대로 노고가 많은 부속실 직원 등을 격려,23000,04b0255460cc9040fd76b3ffbb3fa52412ba2e464a2c8de81dc92140a926954d,table1:R9,,,
04b0255460cc9040-table1-R10,2026-04-21,daejeon-daedeok,,다사랑 (중구 중촌로28번길 54 1층),취득세 비과세〮감면 부동산 일제조사 추진 관련 관계자 간담회,77000,04b0255460cc9040fd76b3ffbb3fa52412ba2e464a2c8de81dc92140a926954d,table1:R10,,,
04b0255460cc9040-table1-R11,2026-04-24,daejeon-daedeok,,갑부본가 (동구 동서대로 1614),지역 공동체 네트워크 구축 및 상생의 공동체 문화 조성을 위한 관계자 간담회,41000,04b0255460cc9040fd76b3ffbb3fa52412ba2e464a2c8de81dc92140a926954d,table1:R11,,,
025ed0c30956ce67-sheet1-R9,2026-03-06,daejeon-daedeok,,파워식자재도매,보건소 내방객 위한 다과 마련,149110,025ed0c30956ce6777100d4652ed0885728514e8d0687bdca168b540e4472701,sheet1:R9,,,
025ed0c30956ce67-sheet1-R10,2026-04-09,daejeon-daedeok,,개인(성명 비공개),소속직원 결혼 축의금,50000,025ed0c30956ce6777100d4652ed0885728514e8d0687bdca168b540e4472701,sheet1:R10,,,
025ed0c30956ce67-sheet1-R11,2026-04-20,daejeon-daedeok,,청보리골,감염병업무추진 직원들의 노고 격려,151000,025ed0c30956ce6777100d4652ed0885728514e8d0687bdca168b540e4472701,sheet1:R11,,,
e2a3d5e7b9a51625-sheet1-R8,2026-04-02,daejeon-daedeok,,김이박부대찌개 (대덕구 목상동) 외 1개소,문평동 화재관련 경찰관계자 업무협의 간담회 및 오찬,81700,e2a3d5e7b9a51625d4b477f4f909d21f20046db3e34bc3bc97a765844b0d120b,sheet1:R8,,,
e2a3d5e7b9a51625-sheet1-R9,2026-04-03,daejeon-daedeok,,보강집 (중구 유천동) 외 1개소,공원시설물 안전관련 업무협의를 위한 관계부서 간부와의 간담회 및 오찬,67000,e2a3d5e7b9a51625d4b477f4f909d21f20046db3e34bc3bc97a765844b0d120b,sheet1:R9,,,
e2a3d5e7b9a51625-sheet1-R10,2026-04-07,daejeon-daedeok,,동해야양푼이동태찌개 중리점 (대덕구 중리동) 외 1개소,재난관련 업무협의를 위한 관련부서장들과의 간담회 및 오찬,46500,e2a3d5e7b9a51625d4b477f4f909d21f20046db3e34bc3bc97a765844b0d120b,sheet1:R10,,,
e2a3d5e7b9a51625-sheet1-R11,2026-04-08,daejeon-daedeok,,파리바게뜨 덕암점 (대덕구 덕암동),사회재난업무추진 관계기관 관계자 업무협의 및 격려 간식 지급,87600,e2a3d5e7b9a51625d4b477f4f909d21f20046db3e34bc3bc97a765844b0d120b,sheet1:R11,,,
e2a3d5e7b9a51625-sheet1-R12,2026-04-09,daejeon-daedeok,,보은순대 (대덕구 송촌동) 외 1개소,문평동 화재관련 합동분향소 현장 근무자 노고 격려,57000,e2a3d5e7b9a51625d4b477f4f909d21f20046db3e34bc3bc97a765844b0d120b,sheet1:R12,,,
e2a3d5e7b9a51625-sheet1-R13,2026-04-16,daejeon-daedeok,,송담추어탕 중리점 (대덕구 중리동) 외 1개소,부속실 직원 노고 격려,61700,e2a3d5e7b9a51625d4b477f4f909d21f20046db3e34bc3bc97a765844b0d120b,sheet1:R13,,,
e2a3d5e7b9a51625-sheet1-R14,2026-04-17,daejeon-daedeok,,누리손만두 (중구 선화동) 외 1개소,공원시설물 안전관련 업무협의를 위한 관계자와의 간담회 및 오찬,67500,e2a3d5e7b9a51625d4b477f4f909d21f20046db3e34bc3bc97a765844b0d120b,sheet1:R14,,,
e2a3d5e7b9a51625-sheet1-R15,2026-04-17,daejeon-daedeok,,개인(성명 비공개),재난안전과 직원 경조사,50000,e2a3d5e7b9a51625d4b477f4f909d21f20046db3e34bc3bc97a765844b0d120b,sheet1:R15,,,
e2a3d5e7b9a51625-sheet1-R16,2026-04-23,daejeon-daedeok,,풍천장어식당 (대덕구 읍내동),안전사고 예찰관련 업무협의 동 관계자 간담회 및 오찬,148000,e2a3d5e7b9a51625d4b477f4f909d21f20046db3e34bc3bc97a765844b0d120b,sheet1:R16,,,
e2a3d5e7b9a51625-sheet1-R17,2026-04-29,daejeon-daedeok,,사랑채식당 (대덕구 오정동) 외 1개소,지역자율방재단 정례회의 간담회,338500,e2a3d5e7b9a51625d4b477f4f909d21f20046db3e34bc3bc97a765844b0d120b,sheet1:R17,,,
4380cdd01389fb30-sheet1-R7,2026-04-02,daejeon-daedeok,,구들마루,관광프로그램 운영 관련 실무 협의,191000,4380cdd01389fb3037858b2c6fa91bf5f417c7bf9055a3a2226be3ce909f91bd,sheet1:R7,,,
4380cdd01389fb30-sheet1-R8,2026-04-03,daejeon-daedeok,,행복담은한그릇,작은도서관 운영 관련 관계자 감담회,60000,4380cdd01389fb3037858b2c6fa91bf5f417c7bf9055a3a2226be3ce909f91bd,sheet1:R8,,,
4380cdd01389fb30-sheet1-R9,2026-04-07,daejeon-daedeok,,산들,미래전략국 직원 격려 식사자리,42000,4380cdd01389fb3037858b2c6fa91bf5f417c7bf9055a3a2226be3ce909f91bd,sheet1:R9,,,
4380cdd01389fb30-sheet1-R10,2026-04-10,daejeon-daedeok,,큰집추어탕,미래전략국 직원 격려 식사자리,126000,4380cdd01389fb3037858b2c6fa91bf5f417c7bf9055a3a2226be3ce909f91bd,sheet1:R10,,,
4380cdd01389fb30-sheet1-R11,2026-04-24,daejeon-daedeok,,남원골추어탕,미래전략국 직원 격려 식사자리,108000,4380cdd01389fb3037858b2c6fa91bf5f417c7bf9055a3a2226be3ce909f91bd,sheet1:R11,,,
4380cdd01389fb30-sheet1-R12,2026-04-27,daejeon-daedeok,,남도항아리,미래전략국 직원 격려 식사자리,66000,4380cdd01389fb3037858b2c6fa91bf5f417c7bf9055a3a2226be3ce909f91bd,sheet1:R12,,,
4380cdd01389fb30-sheet1-R13,2026-04-29,daejeon-daedeok,,사랑채식당,미래전략국 직원 격려 식사자리,130000,4380cdd01389fb3037858b2c6fa91bf5f417c7bf9055a3a2226be3ce909f91bd,sheet1:R13,,,
4380cdd01389fb30-sheet1-R14,2026-04-30,daejeon-daedeok,,고향마을,미래전략국 직원 격려 식사자리,65000,4380cdd01389fb3037858b2c6fa91bf5f417c7bf9055a3a2226be3ce909f91bd,sheet1:R14,,,
c88a4c775581dd87-sheet1-R7,2026-04-01,daejeon-daedeok,,달빛에구운고등어 중촌점,다중이용시설 및 위생취약시설 점검 사업 관계자 간담회,70500,c88a4c775581dd870134d9f0746823f5f6b077ee5df6335d5198dc8c27f29ebc,sheet1:R7,,,
c88a4c775581dd87-sheet1-R8,2026-04-08,daejeon-daedeok,,명가네보쌈칼국수 외 1,지역경제 활성화 사업 추진을 위한 사업 관계자 간담회,90500,c88a4c775581dd870134d9f0746823f5f6b077ee5df6335d5198dc8c27f29ebc,sheet1:R8,,,
c88a4c775581dd87-sheet1-R9,2026-04-09,daejeon-daedeok,,홍콩삼겹살식당,에너지정책 사업 추진을 위한 사업 관계자 간담회,100000,c88a4c775581dd870134d9f0746823f5f6b077ee5df6335d5198dc8c27f29ebc,sheet1:R9,,,
c88a4c775581dd87-sheet1-R10,2026-04-09,daejeon-daedeok,,은혜삼계탕 외 1,관내 골목형상점가 발굴 관련 사업 관계자 간담회,64000,c88a4c775581dd870134d9f0746823f5f6b077ee5df6335d5198dc8c27f29ebc,sheet1:R10,,,
c88a4c775581dd87-sheet1-R11,2026-04-16,daejeon-daedeok,,황토기와집 외 1,지역경제 활성화 사업 추진 관계자 간담회,66800,c88a4c775581dd870134d9f0746823f5f6b077ee5df6335d5198dc8c27f29ebc,sheet1:R11,,,
c88a4c775581dd87-sheet1-R12,2026-04-17,daejeon-daedeok,,어두리,탄소중립 등 기후변화 대응 환경정책 업무 추진을 위한 사업 관계자 간담회,150000,c88a4c775581dd870134d9f0746823f5f6b077ee5df6335d5198dc8c27f29ebc,sheet1:R12,,,
c88a4c775581dd87-sheet1-R13,2026-04-21,daejeon-daedeok,,뚝배기에담은이탈리아,쾌적한 도시환경 조성을 위한 청소사업 추진 관계자 간담회,95000,c88a4c775581dd870134d9f0746823f5f6b077ee5df6335d5198dc8c27f29ebc,sheet1:R13,,,
c88a4c775581dd87-sheet1-R14,2026-04-22,daejeon-daedeok,,황해면옥식당,식품 제조업소 점검 등 식품유통 위생관리 업무 추진 관계자 간담회,134000,c88a4c775581dd870134d9f0746823f5f6b077ee5df6335d5198dc8c27f29ebc,sheet1:R14,,,
c88a4c775581dd87-sheet1-R15,2026-04-23,daejeon-daedeok,,보쌈다온 외 1,고유가 피해지원금 사업 관련 관계자 간담회,99000,c88a4c775581dd870134d9f0746823f5f6b077ee5df6335d5198dc8c27f29ebc,sheet1:R15,,,
c88a4c775581dd87-sheet1-R16,2026-04-24,daejeon-daedeok,,은혜삼계탕 외 1,상권 활성화 업무 추진을 위한 사업 관계자 간담회,77800,c88a4c775581dd870134d9f0746823f5f6b077ee5df6335d5198dc8c27f29ebc,sheet1:R16,,,
c88a4c775581dd87-sheet1-R17,2026-04-27,daejeon-daedeok,,김연수소국밥막국수,고유가 피해지원금 사업 관련 관계자 간담회,30000,c88a4c775581dd870134d9f0746823f5f6b077ee5df6335d5198dc8c27f29ebc,sheet1:R17,,,
c88a4c775581dd87-sheet1-R18,2026-04-29,daejeon-daedeok,,마라월드(친친양꼬치),지역경제 활성화 사업 추진 관계자 간담회,98000,c88a4c775581dd870134d9f0746823f5f6b077ee5df6335d5198dc8c27f29ebc,sheet1:R18,,,
c88a4c775581dd87-sheet1-R20,2026-04-08,daejeon-daedeok,,개인(성명 비공개),경제환경국 직원 경조사비,50000,c88a4c775581dd870134d9f0746823f5f6b077ee5df6335d5198dc8c27f29ebc,sheet1:R20,,,
c88a4c775581dd87-sheet1-R21,2026-04-08,daejeon-daedeok,,중앙상사,환경관리요원 격려,252000,c88a4c775581dd870134d9f0746823f5f6b077ee5df6335d5198dc8c27f29ebc,sheet1:R21,,,
c88a4c775581dd87-sheet1-R22,2026-04-23,daejeon-daedeok,,알파문구 동부지부,국장실 차류 등,233400,c88a4c775581dd870134d9f0746823f5f6b077ee5df6335d5198dc8c27f29ebc,sheet1:R22,,,
19fb8afef6c5cb22-sheet1-R8,2026-03-03,daejeon-daedeok,,"오색추어탕, 케이시켈리","당면 현안업무에 애쓰는 통합돌봄과 통합돌봄팀, 통합돌봄사업팀 직원 격려",82000,19fb8afef6c5cb2290bb00a6d7a2fef2ade917d26d4cc37e31571cb38b1f8c37,sheet1:R8,,,
19fb8afef6c5cb22-sheet1-R9,2026-03-04,daejeon-daedeok,,수경꽃집,노인종합사회복지관 관장의 취임 축하 화분 구입,50000,19fb8afef6c5cb2290bb00a6d7a2fef2ade917d26d4cc37e31571cb38b1f8c37,sheet1:R9,,,
19fb8afef6c5cb22-sheet1-R10,2026-03-04,daejeon-daedeok,,대박갈비탕,당면 현안업무에 애쓰는 어르신장애인과 장애인복지팀 직원 격려,99000,19fb8afef6c5cb2290bb00a6d7a2fef2ade917d26d4cc37e31571cb38b1f8c37,sheet1:R10,,,
19fb8afef6c5cb22-sheet1-R11,2026-03-05,daejeon-daedeok,,산들,드림스타트 사업의 애로사항 청취를 위한 오찬간담회,23000,19fb8afef6c5cb2290bb00a6d7a2fef2ade917d26d4cc37e31571cb38b1f8c37,sheet1:R11,,,
19fb8afef6c5cb22-sheet1-R12,2026-03-09,daejeon-daedeok,,행복한집,최중증 발달장애인 통합돌봄서비스 개소와 관련하여 운영계획 논의를 위한 오찬 간담회,97000,19fb8afef6c5cb2290bb00a6d7a2fef2ade917d26d4cc37e31571cb38b1f8c37,sheet1:R12,,,
19fb8afef6c5cb22-sheet1-R13,2026-03-10,daejeon-daedeok,,손의손,자활사업의 내실있는 운영 당부를 위한 관계자 오찬 간담회,60000,19fb8afef6c5cb2290bb00a6d7a2fef2ade917d26d4cc37e31571cb38b1f8c37,sheet1:R13,,,
19fb8afef6c5cb22-sheet1-R14,2026-03-11,daejeon-daedeok,,산들,당면 현안업무에 애쓰는 생활보장과 소속 직원 격려,82000,19fb8afef6c5cb2290bb00a6d7a2fef2ade917d26d4cc37e31571cb38b1f8c37,sheet1:R14,,,
19fb8afef6c5cb22-sheet1-R15,2026-03-12,daejeon-daedeok,,개인(성명 비공개),대한노인회 대덕구지회장 별세에 따른 경조사비,50000,19fb8afef6c5cb2290bb00a6d7a2fef2ade917d26d4cc37e31571cb38b1f8c37,sheet1:R15,,,
19fb8afef6c5cb22-sheet1-R16,2026-03-13,daejeon-daedeok,,형과아우누릉지삼계탕왕갈비탕,참전 유공자와 보훈 가족에 대한 존경과 감사를 표하고 보훈단체의 의견을 수렴하고자 간담회,171000,19fb8afef6c5cb2290bb00a6d7a2fef2ade917d26d4cc37e31571cb38b1f8c37,sheet1:R16,,,
19fb8afef6c5cb22-sheet1-R17,2026-03-23,daejeon-daedeok,,다온,당면 현안업무에 애쓰는 생활보장과 통합조사팀 직원 격려,73000,19fb8afef6c5cb2290bb00a6d7a2fef2ade917d26d4cc37e31571cb38b1f8c37,sheet1:R17,,,
19fb8afef6c5cb22-sheet1-R18,2026-03-24,daejeon-daedeok,,오색추어탕,문평동 화재관련 모금활동에 관한 방법 및 진행사항 논의를 위한 간담회 추진`,72000,19fb8afef6c5cb2290bb00a6d7a2fef2ade917d26d4cc37e31571cb38b1f8c37,sheet1:R18,,,
19fb8afef6c5cb22-sheet1-R19,2026-03-27,daejeon-daedeok,,어두리,당면 현안업무에 애쓰는 통합돌봄과 복지정책팀 직원 격려,69000,19fb8afef6c5cb2290bb00a6d7a2fef2ade917d26d4cc37e31571cb38b1f8c37,sheet1:R19,,,
19fb8afef6c5cb22-sheet1-R20,2026-03-31,daejeon-daedeok,,다온,당면 현안업무에 애쓰는 생활보장과 자활의료팀 직원 격려,63500,19fb8afef6c5cb2290bb00a6d7a2fef2ade917d26d4cc37e31571cb38b1f8c37,sheet1:R20,,,
19fb8afef6c5cb22-sheet1-R21,2026-03-31,daejeon-daedeok,,카페 오르,의료돌봄사업의 애로사항 청취 및 사업 논의를 위한 차담회,23400,19fb8afef6c5cb2290bb00a6d7a2fef2ade917d26d4cc37e31571cb38b1f8c37,sheet1:R21,,,
9bc8c5f5b35f1ac6-sheet1-R7,2026-03-03,daejeon-daedeok,,비래옥 대전점,대덕구 작은도서관 업무 관계자 간담회,75000,9bc8c5f5b35f1ac672d231b02a4b5b30429dbe1bcb2f62b7f65a87886669959f,sheet1:R7,,,
9bc8c5f5b35f1ac6-sheet1-R8,2026-03-04,daejeon-daedeok,,달빛에 구운 고등어,대덕구 행복이음교육지구 사업 관계자 간담회,87000,9bc8c5f5b35f1ac672d231b02a4b5b30429dbe1bcb2f62b7f65a87886669959f,sheet1:R8,,,
9bc8c5f5b35f1ac6-sheet1-R9,2026-03-05,daejeon-daedeok,,손이가어죽칼국수,청년창업 지원사업 관계자 간담회,102000,9bc8c5f5b35f1ac672d231b02a4b5b30429dbe1bcb2f62b7f65a87886669959f,sheet1:R9,,,
9bc8c5f5b35f1ac6-sheet1-R10,2026-03-06,daejeon-daedeok,,대박갈비탕,대덕문화원 사업 관계자 간담회,92000,9bc8c5f5b35f1ac672d231b02a4b5b30429dbe1bcb2f62b7f65a87886669959f,sheet1:R10,,,
9bc8c5f5b35f1ac6-sheet1-R11,2026-03-10,daejeon-daedeok,,연우네보리밥,대덕문화관광재단 사업 관계자 간담회,79000,9bc8c5f5b35f1ac672d231b02a4b5b30429dbe1bcb2f62b7f65a87886669959f,sheet1:R11,,,
9bc8c5f5b35f1ac6-sheet1-R12,2026-03-11,daejeon-daedeok,,놀부네설렁탕,대덕구 평생학습관 운영 관련 업무 관계자 간담회,36000,9bc8c5f5b35f1ac672d231b02a4b5b30429dbe1bcb2f62b7f65a87886669959f,sheet1:R12,,,
9bc8c5f5b35f1ac6-sheet1-R13,2026-03-12,daejeon-daedeok,,삼미손칼국수,지방소멸대응기금 업무 관계자 간담회,93000,9bc8c5f5b35f1ac672d231b02a4b5b30429dbe1bcb2f62b7f65a87886669959f,sheet1:R13,,,
9bc8c5f5b35f1ac6-sheet1-R14,2026-03-12,daejeon-daedeok,,롯데슈퍼,미래전략국 직원 격려 다과,42160,9bc8c5f5b35f1ac672d231b02a4b5b30429dbe1bcb2f62b7f65a87886669959f,sheet1:R14,,,
9bc8c5f5b35f1ac6-sheet1-R15,2026-03-13,daejeon-daedeok,,다원석갈비,대덕구 청소년어울림센터 업무 관계자 간담회,64000,9bc8c5f5b35f1ac672d231b02a4b5b30429dbe1bcb2f62b7f65a87886669959f,sheet1:R15,,,
9bc8c5f5b35f1ac6-sheet1-R16,2026-03-17,daejeon-daedeok,,라온,도서관 공간 기획 관련 업무 관계자 간담회,30500,9bc8c5f5b35f1ac672d231b02a4b5b30429dbe1bcb2f62b7f65a87886669959f,sheet1:R16,,,
9bc8c5f5b35f1ac6-sheet1-R17,2026-03-23,daejeon-daedeok,,순대샵 하늘주방,미래전략국 직원 격려 식사자리,63000,9bc8c5f5b35f1ac672d231b02a4b5b30429dbe1bcb2f62b7f65a87886669959f,sheet1:R17,,,
9bc8c5f5b35f1ac6-sheet1-R18,2026-03-24,daejeon-daedeok,,스시류,대덕문화관광재단 사업 관계자 간담회,82800,9bc8c5f5b35f1ac672d231b02a4b5b30429dbe1bcb2f62b7f65a87886669959f,sheet1:R18,,,
9bc8c5f5b35f1ac6-sheet1-R19,2026-03-25,daejeon-daedeok,,서울북어전문점,지방소멸대응기금 업무 관계자 간담회,73000,9bc8c5f5b35f1ac672d231b02a4b5b30429dbe1bcb2f62b7f65a87886669959f,sheet1:R19,,,
9bc8c5f5b35f1ac6-sheet1-R20,2026-03-26,daejeon-daedeok,,오색추어,미래전략국 직원 격려 식사자리,48000,9bc8c5f5b35f1ac672d231b02a4b5b30429dbe1bcb2f62b7f65a87886669959f,sheet1:R20,,,
9bc8c5f5b35f1ac6-sheet1-R21,2026-03-27,daejeon-daedeok,,산들,평생학습 공모사업 관계자 간담회,77000,9bc8c5f5b35f1ac672d231b02a4b5b30429dbe1bcb2f62b7f65a87886669959f,sheet1:R21,,,
4ba760fce0c3da2c-table1-R2,2026-03-04,daejeon-daedeok,,연우네보리밥집 (대덕구 대전로1019번길 37),각종 일정 조정 및 내방객 응대로 노고가 많은 부속실 직원 등을 격려,37000,4ba760fce0c3da2cafa15922903c640f4eab103d761faaac6e8cf2b6094d12c0,table1:R2,,,
4ba760fce0c3da2c-table1-R3,2026-03-05,daejeon-daedeok,,"사랑채식당, 스테이플랜트카페 (대덕구 한남로137번안길 16, 대덕구 한남로137번안길 6)",지방소득세(특별징수) 연말정산 환급신청 처리 관계자 간담회,184500,4ba760fce0c3da2cafa15922903c640f4eab103d761faaac6e8cf2b6094d12c0,table1:R3,,,
4ba760fce0c3da2c-table1-R4,2026-03-06,daejeon-daedeok,,승남이네김밥&칼국수 (대덕구 한밭대로 1027 1층),수요자 중심의 민원 행정서비스 구현 방안 논의를 위한 관계자 간담회,73000,4ba760fce0c3da2cafa15922903c640f4eab103d761faaac6e8cf2b6094d12c0,table1:R4,,,
4ba760fce0c3da2c-table1-R5,2026-03-09,daejeon-daedeok,,이산흑염소 (대덕구 한남로 136 1층),각종 일정 조정 및 내방객 응대로 노고가 많은 부속실 직원 등을 격려,40000,4ba760fce0c3da2cafa15922903c640f4eab103d761faaac6e8cf2b6094d12c0,table1:R5,,,
4ba760fce0c3da2c-table1-R6,2026-03-12,daejeon-daedeok,,어굼터용전점 (동구 동서대로1653번길 13),지방행정 발전을 위한 정책 자문 의견청취 관계자 간담회,192000,4ba760fce0c3da2cafa15922903c640f4eab103d761faaac6e8cf2b6094d12c0,table1:R6,,,
4ba760fce0c3da2c-table1-R7,2026-03-13,daejeon-daedeok,,촌닭산오리식당 (동구 동부로 168),민관협업을 통한 마을의제 해결방안 논의 관계자 간담회,113000,4ba760fce0c3da2cafa15922903c640f4eab103d761faaac6e8cf2b6094d12c0,table1:R7,,,
4ba760fce0c3da2c-table1-R8,2026-03-19,daejeon-daedeok,,은혜삼계탕 (대덕구 대전로1033번길 25),당면 현안 업무 추진 등으로 노고가 많은 운영지원과 직원 등을 격려,32000,4ba760fce0c3da2cafa15922903c640f4eab103d761faaac6e8cf2b6094d12c0,table1:R8,,,
4ba760fce0c3da2c-table1-R9,2026-03-23,daejeon-daedeok,,"승남이네김밥&칼국수, 파리바게트 (대덕구 한밭대로 1027 1층)",공동체 활성화 공모사업 업무 추진 등으로 노고가 많은 자치행정과 직원 등 격려,39400,4ba760fce0c3da2cafa15922903c640f4eab103d761faaac6e8cf2b6094d12c0,table1:R9,,,
4ba760fce0c3da2c-table1-R10,2026-03-24,daejeon-daedeok,,"쌍촌본가, 티하우스 수담 (유성구 엑스포로 244-5, 유성구 옉스포로 236)",자원봉사센터 활성화 지원사업 추진 관련 관계자 간담회,74900,4ba760fce0c3da2cafa15922903c640f4eab103d761faaac6e8cf2b6094d12c0,table1:R10,,,
4ba760fce0c3da2c-table1-R11,2026-03-31,daejeon-daedeok,,신성곰탕 (유성구 유성대로1184번길 11-18),시 인재개발원 6급 중견리더양성과정 교육생 등 격려,235000,4ba760fce0c3da2cafa15922903c640f4eab103d761faaac6e8cf2b6094d12c0,table1:R11,,,
61a1e0563caf9c58-sheet1-R7,2026-03-06,daejeon-daedeok,,뚝배기에 담은 이탈리아,직원격려,256500,61a1e0563caf9c58b8ffc571f491c01bb12df71731e01e8216eca3c444eb0b22,sheet1:R7,,,
61a1e0563caf9c58-sheet1-R8,2026-03-09,daejeon-daedeok,,대통령축산탄방점,직원격려,300000,61a1e0563caf9c58b8ffc571f491c01bb12df71731e01e8216eca3c444eb0b22,sheet1:R8,,,
61a1e0563caf9c58-sheet1-R9,2026-03-12,daejeon-daedeok,,희락반점,도시재생 관련 사업 관계자 간담회,384000,61a1e0563caf9c58b8ffc571f491c01bb12df71731e01e8216eca3c444eb0b22,sheet1:R9,,,
61a1e0563caf9c58-sheet1-R10,2026-03-13,daejeon-daedeok,,청정원식당,언론사 기자 간담회,180000,61a1e0563caf9c58b8ffc571f491c01bb12df71731e01e8216eca3c444eb0b22,sheet1:R10,,,
61a1e0563caf9c58-sheet1-R11,2026-03-16,daejeon-daedeok,,희락반점,공동주택 관련 사업 관계자 간담회,173000,61a1e0563caf9c58b8ffc571f491c01bb12df71731e01e8216eca3c444eb0b22,sheet1:R11,,,
61a1e0563caf9c58-sheet1-R12,2026-03-18,daejeon-daedeok,,청해어가,직원격려,480000,61a1e0563caf9c58b8ffc571f491c01bb12df71731e01e8216eca3c444eb0b22,sheet1:R12,,,
61a1e0563caf9c58-sheet1-R13,2026-03-30,daejeon-daedeok,,다랑,도시계획 관련 사업 관계자 간담회,154000,61a1e0563caf9c58b8ffc571f491c01bb12df71731e01e8216eca3c444eb0b22,sheet1:R13,,,
b17d069edafb1b7d-sheet1-R8,2026-03-05,daejeon-daedeok,,푸짐한활어회 송촌본점 (대덕구 송촌동),대덕구 지역자율방재단 노고격려 및 업무협의 관련 오찬,60000,b17d069edafb1b7dd22fefb3957ad213b14e341d787aae657315b9407bec947a,sheet1:R8,,,
b17d069edafb1b7d-sheet1-R9,2026-03-05,daejeon-daedeok,,아침바다활어회 (대덕구 송촌동),국 소관 시책사업 홍보를 위한 언론사 기자와의 간담회 만찬,175000,b17d069edafb1b7dd22fefb3957ad213b14e341d787aae657315b9407bec947a,sheet1:R9,,,
b17d069edafb1b7d-sheet1-R10,2026-03-12,daejeon-daedeok,,생선명가 거북명태 대전송촌점 (대덕구 송촌동) 외 1개소,교통민원관련 업무협의를 위한 송촌동상점가상인회 관계자와의 간담회 오찬,84500,b17d069edafb1b7dd22fefb3957ad213b14e341d787aae657315b9407bec947a,sheet1:R10,,,
b17d069edafb1b7d-sheet1-R11,2026-03-16,daejeon-daedeok,,푸른바다횟집 (대덕구 중리동) 외 1개소,교통시책 홍보 및 정보공유를 위한 언론사 기자와의 간담회 오찬,110200,b17d069edafb1b7dd22fefb3957ad213b14e341d787aae657315b9407bec947a,sheet1:R11,,,
b17d069edafb1b7d-sheet1-R12,2026-03-19,daejeon-daedeok,,가은사주카페 (대덕구 송촌동),안전관리관련 업무협의를 위한 경찰 관계자와의 간담회 다과회,14500,b17d069edafb1b7dd22fefb3957ad213b14e341d787aae657315b9407bec947a,sheet1:R12,,,
b17d069edafb1b7d-sheet1-R13,2026-03-20,daejeon-daedeok,,담가화로구이대전중리점 (대덕구 중리동),국 소관 시책 부동산거래 실태 및 동향 파악을 위한 중개업 관계자와의 간담회 오찬,85500,b17d069edafb1b7dd22fefb3957ad213b14e341d787aae657315b9407bec947a,sheet1:R13,,,
b17d069edafb1b7d-sheet1-R14,2026-03-25,daejeon-daedeok,,삼오식당 (서구 만년동),토지정보과 당면 현안업무 및 의회업무 직원 노고격려,170000,b17d069edafb1b7dd22fefb3957ad213b14e341d787aae657315b9407bec947a,sheet1:R14,,,
b17d069edafb1b7d-sheet1-R15,2026-03-28,daejeon-daedeok,,개인(성명 비공개),재난안전과 직원 경조사,50000,b17d069edafb1b7dd22fefb3957ad213b14e341d787aae657315b9407bec947a,sheet1:R15,,,
dc4274c3420dffa7-sheet1-R7,2026-03-11,daejeon-daedeok,,카페스테이,식중독 예방 등 식품위생 안전관리 업무 추진 관계자 간담회,14000,dc4274c3420dffa7aff9fdd0a6fe129940150f11f64f0f6198280515aad4ce75,sheet1:R7,,,
dc4274c3420dffa7-sheet1-R8,2026-03-12,daejeon-daedeok,,양지면옥 외 1,전통시장 주차환경 개선 사업 추진 관계자 간담회,70000,dc4274c3420dffa7aff9fdd0a6fe129940150f11f64f0f6198280515aad4ce75,sheet1:R8,,,
dc4274c3420dffa7-sheet1-R9,2026-03-20,daejeon-daedeok,,오슈동죽칼국수,대전산업단지 대개조 사업 추진 관계자 간담회,104000,dc4274c3420dffa7aff9fdd0a6fe129940150f11f64f0f6198280515aad4ce75,sheet1:R9,,,
dc4274c3420dffa7-sheet1-R10,2026-03-24,daejeon-daedeok,,달빛에구운고등어 중촌점 외 1,지역경제 활성화 사업 추진을 위한 사업 관계자 간담회,91000,dc4274c3420dffa7aff9fdd0a6fe129940150f11f64f0f6198280515aad4ce75,sheet1:R10,,,
dc4274c3420dffa7-sheet1-R11,2026-03-27,daejeon-daedeok,,오성칼국수,쾌적한 도시환경 조성을 위한 청소사업 추진 관계자 간담회,204000,dc4274c3420dffa7aff9fdd0a6fe129940150f11f64f0f6198280515aad4ce75,sheet1:R11,,,
dc4274c3420dffa7-sheet1-R12,2026-03-31,daejeon-daedeok,,사랑채,민원 대응 자원봉사자 및 업무 관계자 간담회,143000,dc4274c3420dffa7aff9fdd0a6fe129940150f11f64f0f6198280515aad4ce75,sheet1:R12,,,
dc4274c3420dffa7-sheet1-R14,2026-03-03,daejeon-daedeok,,개인(성명 비공개),경제환경국 직원 경조사비,100000,dc4274c3420dffa7aff9fdd0a6fe129940150f11f64f0f6198280515aad4ce75,sheet1:R14,,,
dc4274c3420dffa7-sheet1-R15,2026-03-26,daejeon-daedeok,,개인(성명 비공개),경제환경국 직원 경조사비,50000,dc4274c3420dffa7aff9fdd0a6fe129940150f11f64f0f6198280515aad4ce75,sheet1:R15,,,
63f631e31308132e-sheet1-R9,2026-01-06,daejeon-daedeok,,후지산,지역주민의 건강과 보건의료 향상을 위한 대덕구의사회와의 간담회,94400,63f631e31308132effd368009fccfb3e86ede7c8fdd68b607ae12040e9753bae,sheet1:R9,,,
63f631e31308132e-sheet1-R10,2026-01-20,daejeon-daedeok,,다디,지역주민의 건강과 보건의료 향상을 위한 대덕구약사회와의 간담회,120000,63f631e31308132effd368009fccfb3e86ede7c8fdd68b607ae12040e9753bae,sheet1:R10,,,
63f631e31308132e-sheet1-R11,2026-02-05,daejeon-daedeok,,대덕구보건소(기관업무추진비),소속직원의 애사 부의금,50000,63f631e31308132effd368009fccfb3e86ede7c8fdd68b607ae12040e9753bae,sheet1:R11,,,
63f631e31308132e-sheet1-R12,2026-02-20,daejeon-daedeok,,대청꽃화원,유성구 북부건강생활지원센터 개소 축하 화분,100000,63f631e31308132effd368009fccfb3e86ede7c8fdd68b607ae12040e9753bae,sheet1:R12,,,
63f631e31308132e-sheet1-R13,2026-02-28,daejeon-daedeok,,굴세상신탄진지점,신탄진보름쥐불놀이 응급의료서비스 지원 직원들의 노고 격려,100000,63f631e31308132effd368009fccfb3e86ede7c8fdd68b607ae12040e9753bae,sheet1:R13,,,
fe1e03f3b2c113f6-sheet1-R8,2026-02-03,daejeon-daedeok,,삼팔집,노인일자리 및 사회활동지원사업 교육 진행관련 애로사항 청취 및 향후사업 논의를 위한 간담회,116000,fe1e03f3b2c113f64efed3e04e878c16004f9daf8a651ce676fac289b85b0ecc,sheet1:R8,,,
fe1e03f3b2c113f6-sheet1-R9,2026-02-05,daejeon-daedeok,,"대박갈비탕, 카페별",장애인복지업무협의를 위한 장애인종합복지관 사업관계자들과의 간담회,77500,fe1e03f3b2c113f64efed3e04e878c16004f9daf8a651ce676fac289b85b0ecc,sheet1:R9,,,
fe1e03f3b2c113f6-sheet1-R10,2026-02-06,daejeon-daedeok,,어두리,설명절 앞두고 취약계층 지원방향 검토를 위한 노인복지시설 대상 오찬 간담회,68000,fe1e03f3b2c113f64efed3e04e878c16004f9daf8a651ce676fac289b85b0ecc,sheet1:R10,,,
fe1e03f3b2c113f6-sheet1-R11,2026-02-09,daejeon-daedeok,,교동면옥,"설명절 앞두고 유공자와 보훈가족에 대한 감사를 표하고, 보훈단체 의견 수렴을 위한 간담회",153000,fe1e03f3b2c113f64efed3e04e878c16004f9daf8a651ce676fac289b85b0ecc,sheet1:R11,,,
fe1e03f3b2c113f6-sheet1-R12,2026-02-10,daejeon-daedeok,,김관식 추어명장,다문화 가족 및 여성의 경제창업 역량강화를 위한 협약 체결관련 논의를 위한 간담회,96000,fe1e03f3b2c113f64efed3e04e878c16004f9daf8a651ce676fac289b85b0ecc,sheet1:R12,,,
fe1e03f3b2c113f6-sheet1-R13,2026-02-12,daejeon-daedeok,,내알아해줄게,설 명절을 앞두고 취약노인 안부확인 수행기관 노고 격려 및 지원방향 논의를 위한 간담회,200000,fe1e03f3b2c113f64efed3e04e878c16004f9daf8a651ce676fac289b85b0ecc,sheet1:R13,,,
fe1e03f3b2c113f6-sheet1-R14,2026-02-12,daejeon-daedeok,,"백년보리밥, 달보드레하우스커피",당면 현안업무에 애쓰는 통합돌봄과 복지정책팀 직원 격려,94500,fe1e03f3b2c113f64efed3e04e878c16004f9daf8a651ce676fac289b85b0ecc,sheet1:R14,,,
fe1e03f3b2c113f6-sheet1-R15,2026-02-24,daejeon-daedeok,,제일추어탕,당면 현안업무에 애쓰는 가족친화과 드림스타트팀 직원 격려,80000,fe1e03f3b2c113f64efed3e04e878c16004f9daf8a651ce676fac289b85b0ecc,sheet1:R15,,,
fe1e03f3b2c113f6-sheet1-R16,2026-02-25,daejeon-daedeok,,손의손,당면 현안업무에 애쓰는 통합돌봄과 복지정책팀 직원 격려,58000,fe1e03f3b2c113f64efed3e04e878c16004f9daf8a651ce676fac289b85b0ecc,sheet1:R16,,,
fe1e03f3b2c113f6-sheet1-R17,2026-02-26,daejeon-daedeok,,황해면옥,의료요양통합돌봄 서비스 제공기관 대상 오찬간담회,150000,fe1e03f3b2c113f64efed3e04e878c16004f9daf8a651ce676fac289b85b0ecc,sheet1:R17,,,
a96a9f319729fff5-sheet1-R8,2026-01-07,daejeon-daedeok,,호밀호두,당면 현안업무에 애쓰는 통합돌봄과 소속 직원 격려,44000,a96a9f319729fff500db45be6e39f90512fea50a6e6e2fd445bf72138a971da5,sheet1:R8,,,
a96a9f319729fff5-sheet1-R9,2026-01-08,daejeon-daedeok,,황기왕짬뽕,노인일자리 및 사회활동지원사업 발대식 진행관련 애로사항 청취 및 향후사업 논의를 위한 간담회,71000,a96a9f319729fff500db45be6e39f90512fea50a6e6e2fd445bf72138a971da5,sheet1:R9,,,
a96a9f319729fff5-sheet1-R10,2026-01-12,daejeon-daedeok,,제일추어탕,한파피해예방을 위한 취약계층 지원방안 검토를 위한 노인복지시설 대상 간담회,50000,a96a9f319729fff500db45be6e39f90512fea50a6e6e2fd445bf72138a971da5,sheet1:R10,,,
a96a9f319729fff5-sheet1-R11,2026-01-13,daejeon-daedeok,,대성청과,당면 현안업무에 애쓰는 복지돌봄국 소속 직원 격려,50000,a96a9f319729fff500db45be6e39f90512fea50a6e6e2fd445bf72138a971da5,sheet1:R11,,,
a96a9f319729fff5-sheet1-R12,2026-01-14,daejeon-daedeok,,봄길국수와커피,노인의료돌봄사업 추진관련 연계 및 확대방아 논의를 위한 간담회,20000,a96a9f319729fff500db45be6e39f90512fea50a6e6e2fd445bf72138a971da5,sheet1:R12,,,
a96a9f319729fff5-sheet1-R13,2026-01-16,daejeon-daedeok,,옥천순대식당,어린이집 대상 동절기 현장점검 관련 아동돌봄시설 대상 관계자 간담회,42000,a96a9f319729fff500db45be6e39f90512fea50a6e6e2fd445bf72138a971da5,sheet1:R13,,,
a96a9f319729fff5-sheet1-R14,2026-01-20,daejeon-daedeok,,복래옥식당,어린이집 연합회 운영 격려 및 2026년 보육계획에 대한 협업 논의를 위한 간담회,48000,a96a9f319729fff500db45be6e39f90512fea50a6e6e2fd445bf72138a971da5,sheet1:R14,,,
a96a9f319729fff5-sheet1-R15,2026-01-23,daejeon-daedeok,,"백년보리밥, 달보드레하우스커피",사랑의 사다리 반찬지원 사업 준비 격려를 위한 오찬 간담회,53000,a96a9f319729fff500db45be6e39f90512fea50a6e6e2fd445bf72138a971da5,sheet1:R15,,,
a96a9f319729fff5-sheet1-R16,2026-01-30,daejeon-daedeok,,동신수산,지역사회보장 연차별 시행계획 관련 현장의견 청취 및 사업검토를 위한 관계자 간담회,170000,a96a9f319729fff500db45be6e39f90512fea50a6e6e2fd445bf72138a971da5,sheet1:R16,,,
9959be716f72e696-table1-R2,2026-02-05,daejeon-daedeok,,의정부아우네부대찌개 (중구 목중로 39),민원인의 권익 보호 및 민원행정의 신뢰도 향상을 위한 관계자 간담회,58000,9959be716f72e696b2b1de73fc5e0df4e209692ebf7f6c4119c89ee29be3b035,table1:R2,,,
9959be716f72e696-table1-R3,2026-02-06,daejeon-daedeok,,"굴세상식당, 프네트르 (대덕구 한밭대로1006번길 7)",2026년 대덕구 좋은마을만들기 공모사업 추진 관계자 간담회,46000,9959be716f72e696b2b1de73fc5e0df4e209692ebf7f6c4119c89ee29be3b035,table1:R3,,,
9959be716f72e696-table1-R4,2026-02-09,daejeon-daedeok,,성현 (유성구 엑스포로151번길 19),직장문화 개선을 위한 애로사항 청취 관계자 간담회,97000,9959be716f72e696b2b1de73fc5e0df4e209692ebf7f6c4119c89ee29be3b035,table1:R4,,,
9959be716f72e696-table1-R6,2026-02-12,daejeon-daedeok,,월산본가 (중구 대종로 455),지역 치안 현안 토의 및 치안 정책 사업 발굴 등을 위한 관계자 간담회,73000,9959be716f72e696b2b1de73fc5e0df4e209692ebf7f6c4119c89ee29be3b035,table1:R6,,,
9959be716f72e696-table1-R7,2026-02-13,daejeon-daedeok,,산들 (대덕구 한남로137번안길 2),설 명절 종합대책 추진 관계자 간담회,165000,9959be716f72e696b2b1de73fc5e0df4e209692ebf7f6c4119c89ee29be3b035,table1:R7,,,
9959be716f72e696-table1-R8,2026-02-13,daejeon-daedeok,,교촌치킨 (중구 대종로 670),지역 공동체 네트워크 구축 및 상생의 공동체 문화 조성을 위한 관계자 간담회,81000,9959be716f72e696b2b1de73fc5e0df4e209692ebf7f6c4119c89ee29be3b035,table1:R8,,,
9959be716f72e696-table1-R10,2026-02-23,daejeon-daedeok,,"산들, 스테이플랜트카페 (대덕구 한남로137번안길 2, 대덕구 한남로137번안길 6)",정기 법인세무조사 관련 관계자 간담회,56500,9959be716f72e696b2b1de73fc5e0df4e209692ebf7f6c4119c89ee29be3b035,table1:R10,,,
9959be716f72e696-table1-R11,2026-02-24,daejeon-daedeok,,다원석갈비 (중구 목중로26번길 50),효율적 세외수입 운영 및 재정 확충을 위한 관계자 간담회,84000,9959be716f72e696b2b1de73fc5e0df4e209692ebf7f6c4119c89ee29be3b035,table1:R11,,,
ccb1b889fce4fde7-sheet1-R7,2026-01-05,daejeon-daedeok,,콩마을식당,구정홍보 간담회,47000,ccb1b889fce4fde728c487f105801ec34fe3396f241b722d5e284b08b80f230b,sheet1:R7,,,
ccb1b889fce4fde7-sheet1-R8,2026-01-12,daejeon-daedeok,,구들마루,지방소멸대응기금 업무 관계자 간담회,66000,ccb1b889fce4fde728c487f105801ec34fe3396f241b722d5e284b08b80f230b,sheet1:R8,,,
ccb1b889fce4fde7-sheet1-R9,2026-01-14,daejeon-daedeok,,딜리버리팩토리,대덕문화관광재단 사업 관계자 간담회,72000,ccb1b889fce4fde728c487f105801ec34fe3396f241b722d5e284b08b80f230b,sheet1:R9,,,
ccb1b889fce4fde7-sheet1-R10,2026-01-15,daejeon-daedeok,,달빛에구운고등어 중촌점,대덕구 작은도서관 업무 관계자 간담회,70000,ccb1b889fce4fde728c487f105801ec34fe3396f241b722d5e284b08b80f230b,sheet1:R10,,,
ccb1b889fce4fde7-sheet1-R11,2026-01-16,daejeon-daedeok,,쌍촌본가,지방소멸대응기금 업무 관계자 간담회,44000,ccb1b889fce4fde728c487f105801ec34fe3396f241b722d5e284b08b80f230b,sheet1:R11,,,
ccb1b889fce4fde7-sheet1-R12,2026-01-21,daejeon-daedeok,,생태와갈치,지역 언론사 업무추진 간담회,154000,ccb1b889fce4fde728c487f105801ec34fe3396f241b722d5e284b08b80f230b,sheet1:R12,,,
ccb1b889fce4fde7-sheet1-R13,2026-01-23,daejeon-daedeok,,호박골,공립작은도서관 사업 관계자 간담회,40000,ccb1b889fce4fde728c487f105801ec34fe3396f241b722d5e284b08b80f230b,sheet1:R13,,,
ccb1b889fce4fde7-sheet1-R14,2026-01-27,daejeon-daedeok,,희락반점,지방소멸대응기금 업무 관계자 간담회,144000,ccb1b889fce4fde728c487f105801ec34fe3396f241b722d5e284b08b80f230b,sheet1:R14,,,
ccb1b889fce4fde7-sheet1-R15,2026-02-04,daejeon-daedeok,,대박갈비탕,대덕문화관광재단 사업 관계자 간담회,47000,ccb1b889fce4fde728c487f105801ec34fe3396f241b722d5e284b08b80f230b,sheet1:R15,,,
ccb1b889fce4fde7-sheet1-R16,2026-02-05,daejeon-daedeok,,바다양푼이동태탕,지방소멸대응기금 업무 관계자 간담회,49000,ccb1b889fce4fde728c487f105801ec34fe3396f241b722d5e284b08b80f230b,sheet1:R16,,,
ccb1b889fce4fde7-sheet1-R17,2026-02-12,daejeon-daedeok,,백년보리밥,대덕구 작은도서관 업무 관계자 간담회,75500,ccb1b889fce4fde728c487f105801ec34fe3396f241b722d5e284b08b80f230b,sheet1:R17,,,
ccb1b889fce4fde7-sheet1-R18,2026-02-13,daejeon-daedeok,,또랑,대덕문화원 사업 관계자 간담회,70000,ccb1b889fce4fde728c487f105801ec34fe3396f241b722d5e284b08b80f230b,sheet1:R18,,,
ccb1b889fce4fde7-sheet1-R19,2026-02-24,daejeon-daedeok,,신도칼국수,미래전략국 직원 격려 식사자리,99000,ccb1b889fce4fde728c487f105801ec34fe3396f241b722d5e284b08b80f230b,sheet1:R19,,,
ccb1b889fce4fde7-sheet1-R20,2026-02-25,daejeon-daedeok,,교동면옥 대전중리점,대덕문화관광재단 업무 관계자 간담회,100000,ccb1b889fce4fde728c487f105801ec34fe3396f241b722d5e284b08b80f230b,sheet1:R20,,,
7e52a8bbb4725660-sheet1-R7,2026-02-03,daejeon-daedeok,,이백도씨,직원격려,159000,7e52a8bbb4725660da1203b2f71bc87a03b673b683ba337f1072927166c23c34,sheet1:R7,,,
7e52a8bbb4725660-sheet1-R8,2026-02-04,daejeon-daedeok,,육풍,재개발·재건축 관련 관계자 간담회,390000,7e52a8bbb4725660da1203b2f71bc87a03b673b683ba337f1072927166c23c34,sheet1:R8,,,
7e52a8bbb4725660-sheet1-R9,2026-02-12,daejeon-daedeok,,유황돼지촌,직원격려,117000,7e52a8bbb4725660da1203b2f71bc87a03b673b683ba337f1072927166c23c34,sheet1:R9,,,
7e52a8bbb4725660-sheet1-R10,2026-02-20,daejeon-daedeok,,사랑채,직원격려,159000,7e52a8bbb4725660da1203b2f71bc87a03b673b683ba337f1072927166c23c34,sheet1:R10,,,
7e52a8bbb4725660-sheet1-R11,2026-02-23,daejeon-daedeok,,열린참치,신청사 건립관련 사업관계자 간담회,412000,7e52a8bbb4725660da1203b2f71bc87a03b673b683ba337f1072927166c23c34,sheet1:R11,,,
7e52a8bbb4725660-sheet1-R12,2026-02-26,daejeon-daedeok,,꾸석지돌판한우,직원격려,181800,7e52a8bbb4725660da1203b2f71bc87a03b673b683ba337f1072927166c23c34,sheet1:R12,,,
7e52a8bbb4725660-sheet1-R13,2026-02-28,daejeon-daedeok,,처갓집양념치킨 도안호수공원점,직원격려,48000,7e52a8bbb4725660da1203b2f71bc87a03b673b683ba337f1072927166c23c34,sheet1:R13,,,
65b6f065c59b3aa9-sheet1-R8,2026-02-05,daejeon-daedeok,,삼미손칼국수 (동구 삼성동),해빙기 재난안전관련 협의를 위한 협업부서 직원들과의 간담회,183500,65b6f065c59b3aa98dfea0dd9c50f23b10bc5be2ed7e0bb3657601b433e68bae,sheet1:R8,,,
65b6f065c59b3aa9-sheet1-R9,2026-02-10,daejeon-daedeok,,신미식당 (동구 삼성동) 외 1개소,사무실 환경개선을 위한 관계부서 직원들과의 간담회,30400,65b6f065c59b3aa98dfea0dd9c50f23b10bc5be2ed7e0bb3657601b433e68bae,sheet1:R9,,,
65b6f065c59b3aa9-sheet1-R10,2026-02-13,daejeon-daedeok,,스테이플랜트 카페 (대덕구 오정동),국 소속 상근직원 격려 다과회 및 간담회,42500,65b6f065c59b3aa98dfea0dd9c50f23b10bc5be2ed7e0bb3657601b433e68bae,sheet1:R10,,,
65b6f065c59b3aa9-sheet1-R11,2026-02-13,daejeon-daedeok,,피자알볼로 대전중구청점 (중구 선화동),국 소속 상근직원 격려 간식 구입,126100,65b6f065c59b3aa98dfea0dd9c50f23b10bc5be2ed7e0bb3657601b433e68bae,sheet1:R11,,,
65b6f065c59b3aa9-sheet1-R12,2026-02-23,daejeon-daedeok,,개인(성명 비공개),건설과 직원 경조사,50000,65b6f065c59b3aa98dfea0dd9c50f23b10bc5be2ed7e0bb3657601b433e68bae,sheet1:R12,,,
65b6f065c59b3aa9-sheet1-R13,2026-02-24,daejeon-daedeok,,제일추어탕 (대덕구 오정동) 외 1개소,시책사업 중 협업업무 관련 협의를 위한 관계직원들과의 간담회,103500,65b6f065c59b3aa98dfea0dd9c50f23b10bc5be2ed7e0bb3657601b433e68bae,sheet1:R13,,,
65b6f065c59b3aa9-sheet1-R14,2026-02-28,daejeon-daedeok,,영화반점 (대덕구 신탄진동),신탄진대보름쥐불놀이 축제 행사 현장 안전점검 지원 관계기관 직원 격려 및 간담회,197000,65b6f065c59b3aa98dfea0dd9c50f23b10bc5be2ed7e0bb3657601b433e68bae,sheet1:R14,,,
4fdc598ee2f99e45-sheet1-R7,2026-02-03,daejeon-daedeok,,사랑채,탄소중립 등 기후변화 대응 환경정책 업무 추진을 위한 사업 관계자 간담회,116500,4fdc598ee2f99e451d55693d83743dcda96719a2124ee3facbd22178b0e50c18,sheet1:R7,,,
4fdc598ee2f99e45-sheet1-R8,2026-02-04,daejeon-daedeok,,일번가활어회,평촌동 스마트 혁신지구 스마트 공동플랫폼 활성화를 위한 관계자 간담회,425000,4fdc598ee2f99e451d55693d83743dcda96719a2124ee3facbd22178b0e50c18,sheet1:R8,,,
4fdc598ee2f99e45-sheet1-R9,2026-02-10,daejeon-daedeok,,오성칼국수,쾌적한 도시환경 조성을 위한 청소사업의 지속적인 추진을 위한 관계자 간담회,204000,4fdc598ee2f99e451d55693d83743dcda96719a2124ee3facbd22178b0e50c18,sheet1:R9,,,
4fdc598ee2f99e45-sheet1-R10,2026-02-11,daejeon-daedeok,,아궁이영양족발,소상공인 경영회복 지원 사업 추진 관계자 간담회,62000,4fdc598ee2f99e451d55693d83743dcda96719a2124ee3facbd22178b0e50c18,sheet1:R10,,,
4fdc598ee2f99e45-sheet1-R11,2026-02-20,daejeon-daedeok,,샤브쌈주머니오정점,전통시장 공영주차장 위수탁 사업 관계자 간담회,84000,4fdc598ee2f99e451d55693d83743dcda96719a2124ee3facbd22178b0e50c18,sheet1:R11,,,
7c2e9c50744006a8-table1-R2,2026-01-06,daejeon-daedeok,,"솔밭집오리전문점, 학교법인 대전기독학원 (대덕구 홍도로 81, 대덕구 한남로 70)",지방세수 확충을 위한 의견청취 관계자 간담회,62500,7c2e9c50744006a83576d3173f306dee300a11f37367991045b88c3961e7d98e,table1:R2,,,
7c2e9c50744006a8-table1-R3,2026-01-07,daejeon-daedeok,,이가네돈수레 (중구 목중로26번길 41),직원 후생복지 증진 및 노사 화합을 위한 관계자 간담회,183000,7c2e9c50744006a83576d3173f306dee300a11f37367991045b88c3961e7d98e,table1:R3,,,
7c2e9c50744006a8-table1-R4,2026-01-08,daejeon-daedeok,,"띠울석갈비, 띠울777 (유성구 테크노4로 57, 유성구 테크노5로 72)",1월 자동차세 연세액 납부(선납) 추진 준비 등으로 노고가 많은 세원관리과 직원 등 격려 오찬 간담회,89280,7c2e9c50744006a83576d3173f306dee300a11f37367991045b88c3961e7d98e,table1:R4,,,
7c2e9c50744006a8-table1-R5,2026-01-09,daejeon-daedeok,,연우네보리밥집 (대덕구 대전로1019번길 37),각종 일정 조정 및 내방객 응대로 노고가 많은 부속실 직원 등 격려,47000,7c2e9c50744006a83576d3173f306dee300a11f37367991045b88c3961e7d98e,table1:R5,,,
7c2e9c50744006a8-table1-R6,2026-01-13,daejeon-daedeok,,사랑채식당 (대덕구 한남로137번안길 16),정기분 등록면허세(면허분) 부과 추진 관계자 간담회,80000,7c2e9c50744006a83576d3173f306dee300a11f37367991045b88c3961e7d98e,table1:R6,,,
7c2e9c50744006a8-table1-R7,2026-01-15,daejeon-daedeok,,산들 (대덕구 한남로137번안길 2),1월 자동차세 연세액 납부(선납) 추진 관계자 간담회,65000,7c2e9c50744006a83576d3173f306dee300a11f37367991045b88c3961e7d98e,table1:R7,,,
7c2e9c50744006a8-table1-R8,2026-01-16,daejeon-daedeok,,월산본가 (중구 대종로 455),구민 의견수렴 및 소통을 위한 명예구청장 관계자 간담회,74000,7c2e9c50744006a83576d3173f306dee300a11f37367991045b88c3961e7d98e,table1:R8,,,
7c2e9c50744006a8-table1-R9,2026-01-20,daejeon-daedeok,,산들 (대덕구 한남로137번안길 2),각종 행사 지원 및 의전 업무 등으로 노고가 많은 운영지원과 직원 등 격려,40000,7c2e9c50744006a83576d3173f306dee300a11f37367991045b88c3961e7d98e,table1:R9,,,
7c2e9c50744006a8-table1-R10,2026-01-21,daejeon-daedeok,,개인(성명 비공개),직원 부의금,50000,7c2e9c50744006a83576d3173f306dee300a11f37367991045b88c3961e7d98e,table1:R10,,,
7c2e9c50744006a8-table1-R11,2026-01-23,daejeon-daedeok,,다원석갈비 (중구 목중로26번길 50),2025회계연도 예산재무회계 결산 추진 관련 관계자 간담회,73000,7c2e9c50744006a83576d3173f306dee300a11f37367991045b88c3961e7d98e,table1:R11,,,
7c2e9c50744006a8-table1-R12,2026-01-23,daejeon-daedeok,,자연산형제횟집 (대덕구 중리로76번길 22),2026년 인력관리 계획 수립 추진 관련 관계자 간담회,182000,7c2e9c50744006a83576d3173f306dee300a11f37367991045b88c3961e7d98e,table1:R12,,,
7c2e9c50744006a8-table1-R13,2026-01-26,daejeon-daedeok,,연우네보리밥집 (대덕구 대전로1019번길 37),고향사랑기부제 활성화 방안 의견청취 관계자 간담회,77000,7c2e9c50744006a83576d3173f306dee300a11f37367991045b88c3961e7d98e,table1:R13,,,
7c2e9c50744006a8-table1-R14,2026-01-27,daejeon-daedeok,,"사랑채식당, 스테이플랜트카페 (대덕구 한남로137번안길 16, 대덕구 한남로137번안길 6)",직원의 다양한 복지수요 충족 및 복리후생 증진을 위한 업무 추진 등으로 노고가 많은 직원 격려,196000,7c2e9c50744006a83576d3173f306dee300a11f37367991045b88c3961e7d98e,table1:R14,,,
7c2e9c50744006a8-table1-R15,2026-01-28,daejeon-daedeok,,"산들, 스테이플랜트카페 (대덕구 한남로137번안길 2, 대덕구 한남로137번안길 6)",구정 자문 및 협의 등 소통 강화를 위한 관계자 간담회,76500,7c2e9c50744006a83576d3173f306dee300a11f37367991045b88c3961e7d98e,table1:R15,,,
7c2e9c50744006a8-table1-R16,2026-01-29,daejeon-daedeok,,놀부네집 (중구 대전천서로 655-1),2026년 자원봉사활성화지원사업 추진 관련 관계자 간담회,179000,7c2e9c50744006a83576d3173f306dee300a11f37367991045b88c3961e7d98e,table1:R16,,,
9d92da14629eb057-sheet1-R7,2026-01-08,daejeon-daedeok,,소나무집 외1,지역경제 활성화 사업 추진을 위한 사업 관계자 간담회,39000,9d92da14629eb057e6d3d65a48d8ec51b15a991a6e385667dc388864db542f48,sheet1:R7,,,
9d92da14629eb057-sheet1-R8,2026-01-09,daejeon-daedeok,,옥경이식당 외1,에너지정책 사업 추진을 위한 사업 관계자 간담회,114400,9d92da14629eb057e6d3d65a48d8ec51b15a991a6e385667dc388864db542f48,sheet1:R8,,,
9d92da14629eb057-sheet1-R9,2026-01-13,daejeon-daedeok,,다디,지역경제 활성화 사업 추진을 위한 사업 관계자 간담회,79000,9d92da14629eb057e6d3d65a48d8ec51b15a991a6e385667dc388864db542f48,sheet1:R9,,,
9d92da14629eb057-sheet1-R10,2026-01-14,daejeon-daedeok,,옥경이식당 외1,대덕경제재단 운영을 위한 사업 관계자 간담회,80000,9d92da14629eb057e6d3d65a48d8ec51b15a991a6e385667dc388864db542f48,sheet1:R10,,,
9d92da14629eb057-sheet1-R11,2026-01-16,daejeon-daedeok,,담가화로구이 둔산점,반려동물 놀이터 조성 사업 관련 관계자 간담회,164500,9d92da14629eb057e6d3d65a48d8ec51b15a991a6e385667dc388864db542f48,sheet1:R11,,,
9d92da14629eb057-sheet1-R12,2026-01-27,daejeon-daedeok,,독도복국1987 용전점 외1,오정동 공동기반시설 사업 관계자와의 간담회,196300,9d92da14629eb057e6d3d65a48d8ec51b15a991a6e385667dc388864db542f48,sheet1:R12,,,
9d92da14629eb057-sheet1-R13,2026-01-27,daejeon-daedeok,,달빛에구운고등어 대전관평점 외1,탄소중립 등 기후변화 대응 환경정책 업무 추진을 위한 사업 관계자 간담회,92000,9d92da14629eb057e6d3d65a48d8ec51b15a991a6e385667dc388864db542f48,sheet1:R13,,,
9d92da14629eb057-sheet1-R14,2026-01-30,daejeon-daedeok,,양지마을연탄구이식당,쾌적한 도시환경 조성을 위한 청소사업 추진 사업 관계자 간담회,126000,9d92da14629eb057e6d3d65a48d8ec51b15a991a6e385667dc388864db542f48,sheet1:R14,,,
9d92da14629eb057-sheet1-R16,2026-01-05,daejeon-daedeok,,알파문구,국장실 차류 등,147000,9d92da14629eb057e6d3d65a48d8ec51b15a991a6e385667dc388864db542f48,sheet1:R16,,,
9d92da14629eb057-sheet1-R17,2026-01-15,daejeon-daedeok,,구들마루,환경관리요원 격려,190000,9d92da14629eb057e6d3d65a48d8ec51b15a991a6e385667dc388864db542f48,sheet1:R17,,,
9d92da14629eb057-sheet1-R18,2026-01-30,daejeon-daedeok,,자연애마트,국장실 차류 등,156280,9d92da14629eb057e6d3d65a48d8ec51b15a991a6e385667dc388864db542f48,sheet1:R18,,,
e86ab668340e9a09-sheet1-R8,2026-01-09,daejeon-daedeok,,솔코리안레스토랑 (동구 삼성동),국 소속 상근직원 격려,196000,e86ab668340e9a094aae5c722672199be02da41e3acdf2d61ef9a85b44599372,sheet1:R8,,,
e86ab668340e9a09-sheet1-R9,2026-01-09,daejeon-daedeok,,미루 (대덕구 송촌동),교통현안사업 홍보관련 지역단체 관계자와의 간담회,139000,e86ab668340e9a094aae5c722672199be02da41e3acdf2d61ef9a85b44599372,sheet1:R9,,,
e86ab668340e9a09-sheet1-R10,2026-01-12,daejeon-daedeok,,강길도낙지마을 (대덕구 송촌동) 외 1개소,소관 당면업무 협의를 위한 관계부서 직원들과의 간담회,92200,e86ab668340e9a094aae5c722672199be02da41e3acdf2d61ef9a85b44599372,sheet1:R10,,,
e86ab668340e9a09-sheet1-R11,2026-01-14,daejeon-daedeok,,삼미손칼국수 (동구 삼성동) 외 1개소,부속실 직원 노고 격려,47500,e86ab668340e9a094aae5c722672199be02da41e3acdf2d61ef9a85b44599372,sheet1:R11,,,
e86ab668340e9a09-sheet1-R12,2026-01-16,daejeon-daedeok,,상무초밥 둔산점 (서구 둔산동),안전돌봄시책업무 협의를 위한 관계부서 직원들과의 간담회,68700,e86ab668340e9a094aae5c722672199be02da41e3acdf2d61ef9a85b44599372,sheet1:R12,,,
e86ab668340e9a09-sheet1-R13,2026-01-16,daejeon-daedeok,,하레하레 둔산점 (서구 둔산동) 외 2개소,건설과 직원 노고 격려 간식 구입,111000,e86ab668340e9a094aae5c722672199be02da41e3acdf2d61ef9a85b44599372,sheet1:R13,,,
e86ab668340e9a09-sheet1-R14,2026-01-21,daejeon-daedeok,,개인(성명 비공개),토지정보과 직원 경조사,50000,e86ab668340e9a094aae5c722672199be02da41e3acdf2d61ef9a85b44599372,sheet1:R14,,,
e86ab668340e9a09-sheet1-R15,2026-01-21,daejeon-daedeok,,장모네 (대덕구 법동) 외 1개소,현안사업 홍보를 위한 언론사 기자와의 간담회,152800,e86ab668340e9a094aae5c722672199be02da41e3acdf2d61ef9a85b44599372,sheet1:R15,,,
e86ab668340e9a09-sheet1-R16,2026-01-23,daejeon-daedeok,,프롬보울 선화점 (중구 선화동),재난평가 대비를 위한 관계부서 직원들과의 간담회,64000,e86ab668340e9a094aae5c722672199be02da41e3acdf2d61ef9a85b44599372,sheet1:R16,,,
e86ab668340e9a09-sheet1-R17,2026-01-27,daejeon-daedeok,,솔솔키친 (동구 용전동),국 소속 상근직원 격려,198000,e86ab668340e9a094aae5c722672199be02da41e3acdf2d61ef9a85b44599372,sheet1:R17,,,
e86ab668340e9a09-sheet1-R18,2026-01-28,daejeon-daedeok,,솔솔키친 (동구 용전동),국 소속 상근직원 격려,198000,e86ab668340e9a094aae5c722672199be02da41e3acdf2d61ef9a85b44599372,sheet1:R18,,,
e86ab668340e9a09-sheet1-R19,2026-01-28,daejeon-daedeok,,오점오닭갈비 중촌점 (중구 중촌동) 외 1개소,소관 당면업무 협의를 위한 관계부서 직원들과의 간담회,121500,e86ab668340e9a094aae5c722672199be02da41e3acdf2d61ef9a85b44599372,sheet1:R19,,,
e86ab668340e9a09-sheet1-R20,2026-01-30,daejeon-daedeok,,의정부아우네부대찌개 (중구 목동),현안사업 관련 자문을 위한 관계부서 간부와의 간담회,67500,e86ab668340e9a094aae5c722672199be02da41e3acdf2d61ef9a85b44599372,sheet1:R20,,,
d95c9eeb126de987-sheet1-R7,2026-01-15,daejeon-daedeok,,삼복씨닭갈비,녹지조성사업 관계자 간담회,98500,d95c9eeb126de98716b850f0cf60542ab88caeeb212c90ae91a6754bbc995e9a,sheet1:R7,,,
d95c9eeb126de987-sheet1-R8,2026-01-19,daejeon-daedeok,,샤브연리지,주택정비 사업 관계자 간담회,155800,d95c9eeb126de98716b850f0cf60542ab88caeeb212c90ae91a6754bbc995e9a,sheet1:R8,,,
d95c9eeb126de987-sheet1-R9,2026-01-21,daejeon-daedeok,,쌈장,도시재생 사업관계자 간담회,271000,d95c9eeb126de98716b850f0cf60542ab88caeeb212c90ae91a6754bbc995e9a,sheet1:R9,,,
d95c9eeb126de987-sheet1-R10,2026-01-28,daejeon-daedeok,,워낭명가,도시재생 사업관계자 간담회,160900,d95c9eeb126de98716b850f0cf60542ab88caeeb212c90ae91a6754bbc995e9a,sheet1:R10,,,
d95c9eeb126de987-sheet1-R11,2026-01-29,daejeon-daedeok,,뚝배기에담은이탈리아,직원격려,170000,d95c9eeb126de98716b850f0cf60542ab88caeeb212c90ae91a6754bbc995e9a,sheet1:R11,,,
d95c9eeb126de987-sheet1-R12,2026-01-29,daejeon-daedeok,,처음본 기력민물장어,도시경관 관련 사업관계자 간담회,208700,d95c9eeb126de98716b850f0cf60542ab88caeeb212c90ae91a6754bbc995e9a,sheet1:R12,,,
3dbf778d2db3f650-sheet1-R4,2026-01-06,daejeon-daedeok,회덕동,행복한분식,주민자치센터 프로그램 운영방안 논의 간담회,41000,3dbf778d2db3f650159455452720471f27787df55b5f7e45531bb8143d954d34,sheet1:R4,,,
3dbf778d2db3f650-sheet1-R5,2026-01-08,daejeon-daedeok,회덕동,오순주 남원식 육개장 외 1,통장 오찬간담회,80000,3dbf778d2db3f650159455452720471f27787df55b5f7e45531bb8143d954d34,sheet1:R5,,,
3dbf778d2db3f650-sheet1-R6,2026-01-13,daejeon-daedeok,회덕동,동해회관 동해막국수,체육회 오찬 간담회,144000,3dbf778d2db3f650159455452720471f27787df55b5f7e45531bb8143d954d34,sheet1:R6,,,
3dbf778d2db3f650-sheet1-R7,2026-01-14,daejeon-daedeok,회덕동,띠울석갈비 외 1,통장 오찬간담회,49100,3dbf778d2db3f650159455452720471f27787df55b5f7e45531bb8143d954d34,sheet1:R7,,,
3dbf778d2db3f650-sheet2-R4,2026-02-19,daejeon-daedeok,회덕동,옥천순대식당 외 1,떡국만들기 자원봉사자 격려,64500,3dbf778d2db3f650159455452720471f27787df55b5f7e45531bb8143d954d34,sheet2:R4,,,
3dbf778d2db3f650-sheet2-R5,2026-02-25,daejeon-daedeok,회덕동,복조리가든,새마을부녀회 오찬간담회,110000,3dbf778d2db3f650159455452720471f27787df55b5f7e45531bb8143d954d34,sheet2:R5,,,
3dbf778d2db3f650-sheet2-R6,2026-02-26,daejeon-daedeok,회덕동,이가촌 외 1,통장 오찬간담회,144000,3dbf778d2db3f650159455452720471f27787df55b5f7e45531bb8143d954d34,sheet2:R6,,,
3dbf778d2db3f650-sheet2-R7,2026-02-27,daejeon-daedeok,회덕동,조씨칼국수,31절 태극기 달기 운동 격려,93500,3dbf778d2db3f650159455452720471f27787df55b5f7e45531bb8143d954d34,sheet2:R7,,,
3dbf778d2db3f650-sheet3-R4,2026-03-03,daejeon-daedeok,회덕동,황금관,통장 오찬간담회,76000,3dbf778d2db3f650159455452720471f27787df55b5f7e45531bb8143d954d34,sheet3:R4,,,
3dbf778d2db3f650-sheet3-R5,2026-03-09,daejeon-daedeok,회덕동,복조리가든,통장 오찬간담회,110000,3dbf778d2db3f650159455452720471f27787df55b5f7e45531bb8143d954d34,sheet3:R5,,,
3dbf778d2db3f650-sheet3-R6,2026-03-16,daejeon-daedeok,회덕동,온픽,주민자치회 운영방안 오찬간담회,20500,3dbf778d2db3f650159455452720471f27787df55b5f7e45531bb8143d954d34,sheet3:R6,,,
3dbf778d2db3f650-sheet3-R7,2026-03-20,daejeon-daedeok,회덕동,좋은날양푼이동태탕,통장위촉심의위원회 위원 오찬간담회,91000,3dbf778d2db3f650159455452720471f27787df55b5f7e45531bb8143d954d34,sheet3:R7,,,
3dbf778d2db3f650-sheet3-R8,2026-03-23,daejeon-daedeok,회덕동,베트남쌀국수,주민자치회 운영방안 오찬간담회,60000,3dbf778d2db3f650159455452720471f27787df55b5f7e45531bb8143d954d34,sheet3:R8,,,
3dbf778d2db3f650-sheet3-R9,2026-03-24,daejeon-daedeok,회덕동,읍내뒷고기,새마을부녀회 오찬간담회,60000,3dbf778d2db3f650159455452720471f27787df55b5f7e45531bb8143d954d34,sheet3:R9,,,
3dbf778d2db3f650-sheet3-R10,2026-03-31,daejeon-daedeok,회덕동,김연수소국밥막국수,자생단체장 오찬간담회,148000,3dbf778d2db3f650159455452720471f27787df55b5f7e45531bb8143d954d34,sheet3:R10,,,
3dbf778d2db3f650-sheet4-R4,2026-04-01,daejeon-daedeok,회덕동,신도칼국수 외 1,구청업무관계자 오찬간담회,52500,3dbf778d2db3f650159455452720471f27787df55b5f7e45531bb8143d954d34,sheet4:R4,,,
3dbf778d2db3f650-sheet4-R5,2026-04-15,daejeon-daedeok,회덕동,김연수소국밥막국수,봄꽃묘 식재 관계자 오찬간담회,250000,3dbf778d2db3f650159455452720471f27787df55b5f7e45531bb8143d954d34,sheet4:R5,,,
3dbf778d2db3f650-sheet4-R6,2026-04-17,daejeon-daedeok,회덕동,오문창순대국밥 외 1,관내 유관기관 관계자 오찬간담회,43400,3dbf778d2db3f650159455452720471f27787df55b5f7e45531bb8143d954d34,sheet4:R6,,,
3dbf778d2db3f650-sheet4-R7,2026-04-21,daejeon-daedeok,회덕동,김관식추어명장 외 1,고유가피해지원금 관계자 오찬간담회,125200,3dbf778d2db3f650159455452720471f27787df55b5f7e45531bb8143d954d34,sheet4:R7,,,
3dbf778d2db3f650-sheet4-R8,2026-04-29,daejeon-daedeok,회덕동,김관식추어명장,고유가피해지원금 관계자 오찬간담회,60000,3dbf778d2db3f650159455452720471f27787df55b5f7e45531bb8143d954d34,sheet4:R8,,,
3dbf778d2db3f650-sheet4-R9,2026-04-30,daejeon-daedeok,회덕동,또랑가추어탕 외 1,고유가피해지원금 관계자 오찬간담회,40500,3dbf778d2db3f650159455452720471f27787df55b5f7e45531bb8143d954d34,sheet4:R9,,,
3dbf778d2db3f650-sheet5-R4,2026-05-07,daejeon-daedeok,회덕동,까망카츠 외 1,고유가피해지원금 관계자 오찬간담회,84000,3dbf778d2db3f650159455452720471f27787df55b5f7e45531bb8143d954d34,sheet5:R4,,,
3dbf778d2db3f650-sheet5-R5,2026-05-08,daejeon-daedeok,회덕동,정든백반집,구청업무관계자 오찬간담회,150000,3dbf778d2db3f650159455452720471f27787df55b5f7e45531bb8143d954d34,sheet5:R5,,,
3dbf778d2db3f650-sheet5-R6,2026-05-13,daejeon-daedeok,회덕동,오문창순대국밥 외 1,선거추진 동직원 격려,76300,3dbf778d2db3f650159455452720471f27787df55b5f7e45531bb8143d954d34,sheet5:R6,,,
3dbf778d2db3f650-sheet5-R7,2026-05-19,daejeon-daedeok,회덕동,또랑가추어탕,대민업무 추진 직원 격려,280000,3dbf778d2db3f650159455452720471f27787df55b5f7e45531bb8143d954d34,sheet5:R7,,,
3dbf778d2db3f650-sheet5-R8,2026-05-26,daejeon-daedeok,회덕동,이가촌,선거추진 동직원 격려,300000,3dbf778d2db3f650159455452720471f27787df55b5f7e45531bb8143d954d34,sheet5:R8,,,
3dbf778d2db3f650-sheet6-R4,2026-06-11,daejeon-daedeok,회덕동,좋은날양푼이동태탕,공익직불금 등록관리위원회 오찬간담회,72000,3dbf778d2db3f650159455452720471f27787df55b5f7e45531bb8143d954d34,sheet6:R4,,,
3dbf778d2db3f650-sheet6-R5,2026-06-18,daejeon-daedeok,회덕동,이가촌,자생단체장 오찬간담회,320000,3dbf778d2db3f650159455452720471f27787df55b5f7e45531bb8143d954d34,sheet6:R5,,,
3dbf778d2db3f650-sheet6-R6,2026-06-19,daejeon-daedeok,회덕동,곱창들의수다,새마을부녀회 오찬간담회,192000,3dbf778d2db3f650159455452720471f27787df55b5f7e45531bb8143d954d34,sheet6:R6,,,
3dbf778d2db3f650-sheet6-R7,2026-06-26,daejeon-daedeok,회덕동,풍천장어식당,통장 오찬간담회,124000,3dbf778d2db3f650159455452720471f27787df55b5f7e45531bb8143d954d34,sheet6:R7,,,
3dbf778d2db3f650-sheet6-R8,2026-06-30,daejeon-daedeok,회덕동,김관식추어명장 외 1,주민자치회 오찬간담회,73000,3dbf778d2db3f650159455452720471f27787df55b5f7e45531bb8143d954d34,sheet6:R8,,,
35f9f2ba7f12186c-sheet1-R8,2026-04-27,daejeon-daedeok,,꽁뚜,정신건강심의워원회,138000,35f9f2ba7f12186c2bd6c7edbc34e3a10a19e5a132d456fd22f20c5245cecb34,sheet1:R8,,,
35f9f2ba7f12186c-sheet1-R9,2026-05-21,daejeon-daedeok,,카페누룽지,자살예방위원회,36000,35f9f2ba7f12186c2bd6c7edbc34e3a10a19e5a132d456fd22f20c5245cecb34,sheet1:R9,,,
8f61f0a24424d9f7-sheet1-R8,2026-06-10,daejeon-daedeok,,삼미손칼국수식당,대덕구새마을회 현안업무 추진 협의 오찬간담회,38000,8f61f0a24424d9f74e68a4ef98874b1b80fd7c6b0b6291fa5d5105129eec8504,sheet1:R8,,,
8f61f0a24424d9f7-sheet1-R9,2026-06-10,daejeon-daedeok,,홍콩삼겹살식당,선거사무 관련 동선거관리위원회 만찬간담회,480000,8f61f0a24424d9f74e68a4ef98874b1b80fd7c6b0b6291fa5d5105129eec8504,sheet1:R9,,,
8f61f0a24424d9f7-sheet1-R10,2026-06-15,daejeon-daedeok,,굴세상 식당 외 1곳,대덕구 통장협의회 활동 추진 간담회,79900,8f61f0a24424d9f74e68a4ef98874b1b80fd7c6b0b6291fa5d5105129eec8504,sheet1:R10,,,
8f61f0a24424d9f7-sheet1-R11,2026-06-10,daejeon-daedeok,,홍콩삼겹살식당,선거사무 관련 동선거관리위원회 만찬간담회,480000,8f61f0a24424d9f74e68a4ef98874b1b80fd7c6b0b6291fa5d5105129eec8504,sheet1:R11,,,
8f61f0a24424d9f7-sheet1-R12,2026-06-17,daejeon-daedeok,,황가원,대덕구새마을회 하반기 사업추진 의견청취 간담회,76000,8f61f0a24424d9f74e68a4ef98874b1b80fd7c6b0b6291fa5d5105129eec8504,sheet1:R12,,,
8f61f0a24424d9f7-sheet1-R13,2026-06-19,daejeon-daedeok,,던킨한남대점,해병대전우회대덕지회 수중정화활동 차담회,83600,8f61f0a24424d9f74e68a4ef98874b1b80fd7c6b0b6291fa5d5105129eec8504,sheet1:R13,,,
8f61f0a24424d9f7-sheet1-R14,2026-06-19,daejeon-daedeok,,뚝배기에 담은 이탈리아,대덕구 단체장 협의회 임원진 의견청취 간담회,80000,8f61f0a24424d9f74e68a4ef98874b1b80fd7c6b0b6291fa5d5105129eec8504,sheet1:R14,,,
8f61f0a24424d9f7-sheet1-R15,2026-06-25,daejeon-daedeok,,도쿄노쿄엔,선거사무 관련 동선거관리위원회 오찬간담회,340000,8f61f0a24424d9f74e68a4ef98874b1b80fd7c6b0b6291fa5d5105129eec8504,sheet1:R15,,,
8f61f0a24424d9f7-sheet1-R16,2026-06-30,daejeon-daedeok,,프레씨엘 대전삼성점,대덕구새마을회 하반기 현안업무추진 의견청취 간담회,28800,8f61f0a24424d9f74e68a4ef98874b1b80fd7c6b0b6291fa5d5105129eec8504,sheet1:R16,,,
04741488afde7491-sheet1-R8,2026-05-27,daejeon-daedeok,,꽁뚜,제9회 전국동시지방선거 준비 추진 간담회,150000,04741488afde7491e0cc46c609dca8136c79285b46171b80982464e6271c2199,sheet1:R8,,,
04741488afde7491-sheet1-R9,2026-05-29,daejeon-daedeok,,구들마루,제9회 전국동시지방선거 준비 추진 간담회,129000,04741488afde7491e0cc46c609dca8136c79285b46171b80982464e6271c2199,sheet1:R9,,,
590c1e1e7d52e571-sheet1-R3,2026-06-15,daejeon-daedeok,환경과,느낌 외 1,탄소중립실천연대 업무 관련 관계자 간담회,99000,590c1e1e7d52e57137834ed0334b6b16eadb3d2d966bddf790e4f6e4667f4171,sheet1:R3,,,
590c1e1e7d52e571-sheet1-R4,2026-06-17,daejeon-daedeok,환경과,회사랑,탄소중립실천연대 업무 관련 관계자 간담회,207000,590c1e1e7d52e57137834ed0334b6b16eadb3d2d966bddf790e4f6e4667f4171,sheet1:R4,,,
291dc3224bdb9369-sheet1-R3,2026-05-15,daejeon-daedeok,환경과,소나무와 타일 외 1,문평동 화재 사고 현장 수습 및 방재 작업 담당 직원 격려,196800,291dc3224bdb9369741cdf2475a1df55339f35e14baed1a4bc43e0e503429e19,sheet1:R3,,,
ac81225bc55e301e-sheet1-R3,2026-04-23,daejeon-daedeok,환경과,바다횟집,탄소중립실천연대 업무 관련 관계자 간담회,126000,ac81225bc55e301e68c5a0bc549eec2f7cfe781ffe99681f89d7602ffe8d9a43,sheet1:R3,,,
c7f515462a41a108-sheet1-R3,2026-03-17,daejeon-daedeok,환경과,신도칼국수,탄소중립실천연대 업무 관련 관계자 간담회,83000,c7f515462a41a1085dbc2eda0133be9c1563d86211fcba7fd4236eed6cbb3ab3,sheet1:R3,,,
c7f515462a41a108-sheet1-R4,2026-03-18,daejeon-daedeok,환경과,대박갈비탕,유해야생동물 기동포획단 관계자 간담회,89000,c7f515462a41a1085dbc2eda0133be9c1563d86211fcba7fd4236eed6cbb3ab3,sheet1:R4,,,
c7f515462a41a108-sheet1-R5,2026-03-23,daejeon-daedeok,환경과,삼동소바,문평동 화재 사고 현장 수습 및 방재 작업 담당 직원 격려,125500,c7f515462a41a1085dbc2eda0133be9c1563d86211fcba7fd4236eed6cbb3ab3,sheet1:R5,,,
c7f515462a41a108-sheet1-R6,2026-03-30,daejeon-daedeok,환경과,솔레스토랑,문평동 화재 사고 현장 수습 및 방재 작업 담당 직원 격려,168000,c7f515462a41a1085dbc2eda0133be9c1563d86211fcba7fd4236eed6cbb3ab3,sheet1:R6,,,
b3261029db85b594-sheet1-R3,2026-02-06,daejeon-daedeok,환경과,독도복국1987,탄소중립실천연대 업무 관련 관계자 간담회,125000,b3261029db85b59433f2ec0ee789d4fea52829a180e42011af66b05fb427ab2f,sheet1:R3,,,
b3261029db85b594-sheet1-R4,2026-02-10,daejeon-daedeok,환경과,대청얼큰오징어찌개,탄소중립실천연대 업무 관련 관계자 간담회,68000,b3261029db85b59433f2ec0ee789d4fea52829a180e42011af66b05fb427ab2f,sheet1:R4,,,
b3261029db85b594-sheet1-R5,2026-02-12,daejeon-daedeok,환경과,김연수소국밥,현안업무 추진 등으로 노고가 많은 직원 격려,98600,b3261029db85b59433f2ec0ee789d4fea52829a180e42011af66b05fb427ab2f,sheet1:R5,,,
6ff20a638715ab48-sheet1-R3,2026-01-13,daejeon-daedeok,환경과,솔솔치킨,탄소중립실천연대 업무 관련 관계자 간담회,128500,6ff20a638715ab484d6fdadfc8e524602eb9e52d1492675584a724e4f8c99f52,sheet1:R3,,,
6ff20a638715ab48-sheet1-R4,2026-01-22,daejeon-daedeok,환경과,교동면옥 외 1,현안업무 추진 등으로 노고가 많은 직원 격려,257100,6ff20a638715ab484d6fdadfc8e524602eb9e52d1492675584a724e4f8c99f52,sheet1:R4,,,
6ff20a638715ab48-sheet1-R5,2026-01-30,daejeon-daedeok,환경과,대박갈비탕,2026년 상반기 인사발령에 따른 직원 환영회,300000,6ff20a638715ab484d6fdadfc8e524602eb9e52d1492675584a724e4f8c99f52,sheet1:R5,,,
6ff20a638715ab48-sheet1-R6,2026-01-30,daejeon-daedeok,환경과,정육식당 돈차,탄소중립실천연대 업무 관련 관계자 간담회,141000,6ff20a638715ab484d6fdadfc8e524602eb9e52d1492675584a724e4f8c99f52,sheet1:R6,,,
4b2aa18fd639804d-table1-R2,2026-06-09,daejeon-daedeok,건설과,미향일식,노후하수관로 정비공사 사업관계자 간담회 만찬,180000,4b2aa18fd639804dc4718b792c35f5ac5f9ce83f40330e1d45d416194cbc8d51,table1:R2,,,
4b2aa18fd639804d-table1-R3,2026-06-11,daejeon-daedeok,건설과,만재네,소하천 정비사업 사업관계자 간담회 만찬,300000,4b2aa18fd639804dc4718b792c35f5ac5f9ce83f40330e1d45d416194cbc8d51,table1:R3,,,
4b2aa18fd639804d-table1-R4,2026-06-23,daejeon-daedeok,건설과,팔도한마당순대,건설행정 업무추진 사업관계자 간담회 만찬,29000,4b2aa18fd639804dc4718b792c35f5ac5f9ce83f40330e1d45d416194cbc8d51,table1:R4,,,
4b2aa18fd639804d-table1-R5,2026-06-24,daejeon-daedeok,건설과,대성식당,노후하수관로 정비공사 사업관계자 간담회 만찬,56000,4b2aa18fd639804dc4718b792c35f5ac5f9ce83f40330e1d45d416194cbc8d51,table1:R5,,,
911e926dbdc43877-sheet1-R6,2026-04-02,daejeon-daedeok,법2동,잔디한식뷔페,직원격려(식목일 나무심기 행사),49000,911e926dbdc4387710eef4bd3fb1924d0a3a23afc08855f2c11f6327aa4a62d5,sheet1:R6,,,
911e926dbdc43877-sheet1-R7,2026-04-02,daejeon-daedeok,법2동,코코빌치킨,직원격려(비상근무 및 선거업무),173000,911e926dbdc4387710eef4bd3fb1924d0a3a23afc08855f2c11f6327aa4a62d5,sheet1:R7,,,
911e926dbdc43877-sheet1-R8,2026-04-21,daejeon-daedeok,법2동,장원오리,직원격려(선거업무),56000,911e926dbdc4387710eef4bd3fb1924d0a3a23afc08855f2c11f6327aa4a62d5,sheet1:R8,,,
911e926dbdc43877-sheet1-R9,2026-05-11,daejeon-daedeok,법2동,유생촌,직원격려(고유가피해지원금사업),101400,911e926dbdc4387710eef4bd3fb1924d0a3a23afc08855f2c11f6327aa4a62d5,sheet1:R9,,,
911e926dbdc43877-sheet1-R10,2026-06-04,daejeon-daedeok,법2동,되지가,주민자치임원회의,230000,911e926dbdc4387710eef4bd3fb1924d0a3a23afc08855f2c11f6327aa4a62d5,sheet1:R10,,,
911e926dbdc43877-sheet1-R11,2026-06-17,daejeon-daedeok,법2동,전복오리누룽지백숙,경로당 분회회의,96000,911e926dbdc4387710eef4bd3fb1924d0a3a23afc08855f2c11f6327aa4a62d5,sheet1:R11,,,
911e926dbdc43877-sheet1-R12,2026-06-23,daejeon-daedeok,법2동,한뚝배기칼국수,적십자봉사회 월례회의,271000,911e926dbdc4387710eef4bd3fb1924d0a3a23afc08855f2c11f6327aa4a62d5,sheet1:R12,,,
328da04c8a4b04f7-sheet4-R3,2026-06-02,daejeon-daedeok,대화동,대전원명학교,내방객 음료(커피 원두),55000,328da04c8a4b04f7432482fb5fa661dfa2bba0599d0d9b7d58e6329ddaa075e3,sheet4:R3,,,
328da04c8a4b04f7-sheet4-R4,2026-06-02,daejeon-daedeok,대화동,일월칼국수,제9회 지방선거 투표관리관 오찬간담회,70000,328da04c8a4b04f7432482fb5fa661dfa2bba0599d0d9b7d58e6329ddaa075e3,sheet4:R4,,,
328da04c8a4b04f7-sheet4-R5,2026-06-05,daejeon-daedeok,대화동,솔솔키친,고유가 지원금 업무관계자 오찬간담회,92500,328da04c8a4b04f7432482fb5fa661dfa2bba0599d0d9b7d58e6329ddaa075e3,sheet4:R5,,,
328da04c8a4b04f7-sheet4-R6,2026-06-29,daejeon-daedeok,대화동,형제횟집,주민총회 업무관계자 오찬간담회,83000,328da04c8a4b04f7432482fb5fa661dfa2bba0599d0d9b7d58e6329ddaa075e3,sheet4:R6,,,
328da04c8a4b04f7-sheet4-R7,2026-06-30,daejeon-daedeok,대화동,솔솔키친,업무관계자 오찬간담회,105700,328da04c8a4b04f7432482fb5fa661dfa2bba0599d0d9b7d58e6329ddaa075e3,sheet4:R7,,,
b0d3b88b98cf8b3b-sheet1-R8,2026-04-15,daejeon-daedeok,,장미식당,여성일자리협의체 간담회,86900,b0d3b88b98cf8b3bc7d426b8abe53f6fcc5994c2060ded1ff367069ccabb30f3,sheet1:R8,,,
b0d3b88b98cf8b3b-sheet1-R9,2026-04-16,daejeon-daedeok,,꽁뚜,여성단체협의회 간담회,51300,b0d3b88b98cf8b3bc7d426b8abe53f6fcc5994c2060ded1ff367069ccabb30f3,sheet1:R9,,,
b0d3b88b98cf8b3b-sheet1-R10,2026-05-21,daejeon-daedeok,,손의손,사례결정위원회 간담회,124000,b0d3b88b98cf8b3bc7d426b8abe53f6fcc5994c2060ded1ff367069ccabb30f3,sheet1:R10,,,
b0d3b88b98cf8b3b-sheet1-R11,2026-06-05,daejeon-daedeok,,꽁뚜,아동·여성안전지역연대위원회 간담회,440000,b0d3b88b98cf8b3bc7d426b8abe53f6fcc5994c2060ded1ff367069ccabb30f3,sheet1:R11,,,
874f54074530577c-table1-R2,2026-06-11,daejeon-daedeok,,"교반, 쥬스스마일 (대덕구 한남로12번길 15, 대덕구 한남로12번길 29)",조직문화 및 근무 환경 개선 방안 마련을 위한 관계자 간담회,64600,874f54074530577c8a576ec44799374c832e77eed9d68cf85beba17ebe989520,table1:R2,,,
874f54074530577c-table1-R3,2026-06-19,daejeon-daedeok,,"띠울석갈비, 커피유 (대덕구 신탄진로 209, 대덕구 신탄진로 213 1층)",공무원 노사문화 상호협력 관계 증진 방안 논의를 위한 관계자 간담회,171300,874f54074530577c8a576ec44799374c832e77eed9d68cf85beba17ebe989520,table1:R3,,,
874f54074530577c-table1-R4,2026-06-22,daejeon-daedeok,,또랑 (대덕구 계족로 550),직원 근무환경 개선 및 후생복지 증진을 위한 관계자 간담회,119000,874f54074530577c8a576ec44799374c832e77eed9d68cf85beba17ebe989520,table1:R4,,,
5311f116f50bf6d1-sheet2-R4,2026-06-02,daejeon-daedeok,법1동,승남이네만두샤브샤브,직원 격려,199000,5311f116f50bf6d1922cd401fbf1c0085db399d7c128191e315b7d4470f85653,sheet2:R4,,,
5311f116f50bf6d1-sheet2-R5,2026-06-08,daejeon-daedeok,법1동,"강길도낙지마을, 이디야 대전송촌동점",통장협의회 임원 간담회,150800,5311f116f50bf6d1922cd401fbf1c0085db399d7c128191e315b7d4470f85653,sheet2:R5,,,
5311f116f50bf6d1-sheet2-R6,2026-06-12,daejeon-daedeok,법1동,전복오리누룽지백숙,유관기관 대표 간담회,50000,5311f116f50bf6d1922cd401fbf1c0085db399d7c128191e315b7d4470f85653,sheet2:R6,,,
5311f116f50bf6d1-sheet2-R7,2026-06-15,daejeon-daedeok,법1동,승남이네만두샤브샤브,직원(팀장) 간담회,27000,5311f116f50bf6d1922cd401fbf1c0085db399d7c128191e315b7d4470f85653,sheet2:R7,,,
5311f116f50bf6d1-sheet2-R8,2026-06-17,daejeon-daedeok,법1동,"풍천장어식당, 온픽(on pic)",민관협력간담회,134500,5311f116f50bf6d1922cd401fbf1c0085db399d7c128191e315b7d4470f85653,sheet2:R8,,,
5311f116f50bf6d1-sheet2-R9,2026-06-19,daejeon-daedeok,법1동,홍루이젠 대전둔산점 배달,자율방재단 임원 간담회,95500,5311f116f50bf6d1922cd401fbf1c0085db399d7c128191e315b7d4470f85653,sheet2:R9,,,
63a33ca370200cf4-sheet1-R3,2026-06-02,daejeon-daedeok,기획실,우나기칸대전본덤,대외기관 공모평가 사업의 체계적 대응 전략 수립 위한 간담회 개최,114000,63a33ca370200cf41dd9d31930fd205885f5628be9d4e5ca31f3dd8f7cd50454,sheet1:R3,,,
63a33ca370200cf4-sheet1-R4,2026-06-10,daejeon-daedeok,기획실,옥경이식당,효율적인 적극행정 협업 문화 형성을 위한 간담회 개최,50000,63a33ca370200cf41dd9d31930fd205885f5628be9d4e5ca31f3dd8f7cd50454,sheet1:R4,,,
63a33ca370200cf4-sheet1-R5,2026-06-11,daejeon-daedeok,기획실,굴세상식당,직원들 격려를 위한 간담회 개최,23000,63a33ca370200cf41dd9d31930fd205885f5628be9d4e5ca31f3dd8f7cd50454,sheet1:R5,,,
63a33ca370200cf4-sheet1-R6,2026-06-15,daejeon-daedeok,기획실,본도시락,업무보고 검토 및 향후 복지업무 추진을 위한 인수위원회 복지분과와의 간담회,157800,63a33ca370200cf41dd9d31930fd205885f5628be9d4e5ca31f3dd8f7cd50454,sheet1:R6,,,
63a33ca370200cf4-sheet1-R7,2026-06-16,daejeon-daedeok,기획실,장미식당,인수위원회 일정 검토 및 추진을 위한 관련 담당자들과의 간담회 개최,55000,63a33ca370200cf41dd9d31930fd205885f5628be9d4e5ca31f3dd8f7cd50454,sheet1:R7,,,
63a33ca370200cf4-sheet1-R8,2026-06-17,daejeon-daedeok,기획실,옥경이식당,"부서 주요업무 추진방안 논의, 직원들 격려를 위한 간담회 개최",39000,63a33ca370200cf41dd9d31930fd205885f5628be9d4e5ca31f3dd8f7cd50454,sheet1:R8,,,
63a33ca370200cf4-sheet1-R9,2026-06-19,daejeon-daedeok,기획실,준짜장,직원들 격려를 위한 간담회 개최,30000,63a33ca370200cf41dd9d31930fd205885f5628be9d4e5ca31f3dd8f7cd50454,sheet1:R9,,,
63a33ca370200cf4-sheet1-R10,2026-06-22,daejeon-daedeok,기획실,또랑,인수위원회의 주요업무보고와 관련한 향후 업무 협의 간담회 개최,420000,63a33ca370200cf41dd9d31930fd205885f5628be9d4e5ca31f3dd8f7cd50454,sheet1:R10,,,
63a33ca370200cf4-sheet1-R11,2026-06-23,daejeon-daedeok,기획실,해조물산임해조볼테기 외 1곳,국제교류협력사업 발굴 및 활성화를 위한 유관기관과의 간담회 개최,72000,63a33ca370200cf41dd9d31930fd205885f5628be9d4e5ca31f3dd8f7cd50454,sheet1:R11,,,
63a33ca370200cf4-sheet1-R12,2026-06-24,daejeon-daedeok,기획실,준짜장,구정 현안사항 논의 및 업무추진 협조체계 강화를 위한 간담회 개최,72000,63a33ca370200cf41dd9d31930fd205885f5628be9d4e5ca31f3dd8f7cd50454,sheet1:R12,,,
63a33ca370200cf4-sheet1-R13,2026-06-25,daejeon-daedeok,기획실,황해면옥식당,산학협력 생태계 조성 및 대학과 지역사회 간 협력체계 강화를 위한 간담회 개최,54000,63a33ca370200cf41dd9d31930fd205885f5628be9d4e5ca31f3dd8f7cd50454,sheet1:R13,,,
63a33ca370200cf4-sheet1-R14,2026-06-26,daejeon-daedeok,기획실,굴세상식당,시책 및 중점사업의 원활한 추진 위한 각 사업 담당자 등과 간담회 개최,23000,63a33ca370200cf41dd9d31930fd205885f5628be9d4e5ca31f3dd8f7cd50454,sheet1:R14,,,
63a33ca370200cf4-sheet1-R15,2026-06-29,daejeon-daedeok,기획실,승남이네 만두,직원들 격려를 위한 간담회 개최,44000,63a33ca370200cf41dd9d31930fd205885f5628be9d4e5ca31f3dd8f7cd50454,sheet1:R15,,,
63a33ca370200cf4-sheet1-R16,2026-06-30,daejeon-daedeok,기획실,솔솔키친,강화된 개인정보 보호 평가대응 및 현안문제 협의를 위한 업무 연찬 개최,79000,63a33ca370200cf41dd9d31930fd205885f5628be9d4e5ca31f3dd8f7cd50454,sheet1:R16,,,
63a33ca370200cf4-sheet1-R17,2026-06-30,daejeon-daedeok,기획실,삼오식당,민선9기 출범을 위한 주요 사업 추진방안 논의 위한 간담회 개최,94000,63a33ca370200cf41dd9d31930fd205885f5628be9d4e5ca31f3dd8f7cd50454,sheet1:R17,,,
a0cd8dc50e12ec41-sheet1-R7,2026-06-01,daejeon-daedeok,,순대하늘주방,도시계획사업 관계자 간담회,54000,a0cd8dc50e12ec41e8325551bcaebb501ac85fd33abdb78dccb1a5610c8f2cb5,sheet1:R7,,,
a0cd8dc50e12ec41-sheet1-R8,2026-06-26,daejeon-daedeok,,삼미손칼국수식당,도시재생사업 관계자 간담회,36000,a0cd8dc50e12ec41e8325551bcaebb501ac85fd33abdb78dccb1a5610c8f2cb5,sheet1:R8,,,
a0cd8dc50e12ec41-sheet1-R9,2026-06-30,daejeon-daedeok,,스테이 플랜트 카페,재개발·재건축 관계자 간담회,17000,a0cd8dc50e12ec41e8325551bcaebb501ac85fd33abdb78dccb1a5610c8f2cb5,sheet1:R9,,,
13a59776a5c4e64c-sheet1-R4,2026-06-19,daejeon-daedeok,비래동,홍굴이 부추손칼국수,탄소중립주민실천연대 간담회,42000,13a59776a5c4e64c680af5a216b122622ac76a53ad68b6f92ed7c233a6e91f8d,sheet1:R4,,,
13a59776a5c4e64c-sheet1-R5,2026-06-23,daejeon-daedeok,비래동,명가네보쌈칼국수,공익직접지불금 등록관리위원회 간담회,77000,13a59776a5c4e64c680af5a216b122622ac76a53ad68b6f92ed7c233a6e91f8d,sheet1:R5,,,
13a59776a5c4e64c-sheet1-R6,2026-06-30,daejeon-daedeok,비래동,명가네보쌈칼국수,환경관리요원 간담회,198000,13a59776a5c4e64c680af5a216b122622ac76a53ad68b6f92ed7c233a6e91f8d,sheet1:R6,,,
6380f353190955ca-sheet1-R3,2026-06-01,daejeon-daedeok,미디어홍보과,불티나만두찐빵,구정소식지 취재 관련 간담회,41000,6380f353190955ca88d790d6bfb02b12ebeeb0629145570a7f9783206709c245,sheet1:R3,,,
6380f353190955ca-sheet1-R4,2026-06-02,daejeon-daedeok,미디어홍보과,모락,구정소식지 취재 관련 간담회,84300,6380f353190955ca88d790d6bfb02b12ebeeb0629145570a7f9783206709c245,sheet1:R4,,,
6380f353190955ca-sheet1-R5,2026-06-04,daejeon-daedeok,미디어홍보과,"황해면옥, 스테이플랜트카페",지역 언론사 업무 추진을 위한 오찬 간담회,68000,6380f353190955ca88d790d6bfb02b12ebeeb0629145570a7f9783206709c245,sheet1:R5,,,
6380f353190955ca-sheet1-R6,2026-06-10,daejeon-daedeok,미디어홍보과,"교동면옥, 포레",지역 언론사 업무 추진을 위한 오찬 간담회,60300,6380f353190955ca88d790d6bfb02b12ebeeb0629145570a7f9783206709c245,sheet1:R6,,,
6380f353190955ca-sheet1-R7,2026-06-11,daejeon-daedeok,미디어홍보과,금강일보 한우축제장,지역 언론사 업무 추진을 위한 오찬 간담회,382500,6380f353190955ca88d790d6bfb02b12ebeeb0629145570a7f9783206709c245,sheet1:R7,,,
6380f353190955ca-sheet1-R8,2026-06-17,daejeon-daedeok,미디어홍보과,"삼미손칼국수, 포레",지역 언론사 업무 추진을 위한 오찬 간담회,81100,6380f353190955ca88d790d6bfb02b12ebeeb0629145570a7f9783206709c245,sheet1:R8,,,
6380f353190955ca-sheet1-R9,2026-06-18,daejeon-daedeok,미디어홍보과,"황해면옥, 포레",지역 언론사 업무 추진을 위한 오찬 간담회,71400,6380f353190955ca88d790d6bfb02b12ebeeb0629145570a7f9783206709c245,sheet1:R9,,,
6380f353190955ca-sheet1-R10,2026-06-19,daejeon-daedeok,미디어홍보과,"공주칼국수쭈꾸미, 쉴만한물가",지역 언론사 업무 추진을 위한 오찬 간담회,98500,6380f353190955ca88d790d6bfb02b12ebeeb0629145570a7f9783206709c245,sheet1:R10,,,
6380f353190955ca-sheet1-R11,2026-06-24,daejeon-daedeok,미디어홍보과,"은혜삼계탕, 포레",지역 언론사 업무 추진을 위한 오찬 간담회,90200,6380f353190955ca88d790d6bfb02b12ebeeb0629145570a7f9783206709c245,sheet1:R11,,,
6380f353190955ca-sheet1-R12,2026-06-29,daejeon-daedeok,미디어홍보과,보쌈다온,지역 언론사 업무 추진을 위한 오찬 간담회,219000,6380f353190955ca88d790d6bfb02b12ebeeb0629145570a7f9783206709c245,sheet1:R12,,,
6380f353190955ca-sheet1-R13,2026-06-30,daejeon-daedeok,미디어홍보과,"사랑채, 스테이플랜트카페",지역 언론사 업무 추진을 위한 오찬 간담회,171500,6380f353190955ca88d790d6bfb02b12ebeeb0629145570a7f9783206709c245,sheet1:R13,,,
f2a007ad1c880919-sheet1-R5,2026-06-09,daejeon-daedeok,목상동,"보성추어탕, 씨라비타",주민자치회 관계자 간담회,99000,f2a007ad1c88091935efedbe398a34b33925007e0d6ac7c1a5ca4024f3969772,sheet1:R5,,,
f2a007ad1c880919-sheet1-R6,2026-06-12,daejeon-daedeok,목상동,가마솥해장국,구청업무관계자 간담회,34500,f2a007ad1c88091935efedbe398a34b33925007e0d6ac7c1a5ca4024f3969772,sheet1:R6,,,
f2a007ad1c880919-sheet1-R7,2026-06-23,daejeon-daedeok,목상동,불앤구이돈,새마을부녀회 간담회,211000,f2a007ad1c88091935efedbe398a34b33925007e0d6ac7c1a5ca4024f3969772,sheet1:R7,,,
f2a007ad1c880919-sheet1-R8,2026-06-24,daejeon-daedeok,목상동,"소나무와 타일, 속초메밀향막국수",구청업무관계자 간담회,68000,f2a007ad1c88091935efedbe398a34b33925007e0d6ac7c1a5ca4024f3969772,sheet1:R8,,,
f2a007ad1c880919-sheet1-R9,2026-06-25,daejeon-daedeok,목상동,가마솥해장국,신탄진권역 동장 간담회,50000,f2a007ad1c88091935efedbe398a34b33925007e0d6ac7c1a5ca4024f3969772,sheet1:R9,,,
938aeb998f5da1ef-sheet1-R8,2026-06-10,daejeon-daedeok,,마미하우스 (대덕구 오정동) 외 1곳,대덕구 청년자율방재단 활성화 업무협의를 위한 관계기관 직원과의 오찬 간담회,76000,938aeb998f5da1ef8f38cd70c790e0f0e777596409f66da7dbc04f37b7b29740,sheet1:R8,,,
938aeb998f5da1ef-sheet1-R9,2026-06-12,daejeon-daedeok,,김형제고기의철학 둔산시청점 (서구 둔산동),안전관리자문단 단원 노고 격려 만찬 간담회,150000,938aeb998f5da1ef8f38cd70c790e0f0e777596409f66da7dbc04f37b7b29740,sheet1:R9,,,
c6e21ddd6bfc70cb-sheet1-R4,2026-06-08,daejeon-daedeok,석봉동,풍년식당,석봉동 노인회 간담회,297000,c6e21ddd6bfc70cb3c092b9cf7044c1e0ac54cc02fd70764cb58a9eb8476bb6a,sheet1:R4,,,
c6e21ddd6bfc70cb-sheet1-R5,2026-06-12,daejeon-daedeok,석봉동,돈까스 정화,직원 격려,108000,c6e21ddd6bfc70cb3c092b9cf7044c1e0ac54cc02fd70764cb58a9eb8476bb6a,sheet1:R5,,,
c6e21ddd6bfc70cb-sheet1-R6,2026-06-26,daejeon-daedeok,석봉동,온정식당,주민자치회 간담회,91000,c6e21ddd6bfc70cb3c092b9cf7044c1e0ac54cc02fd70764cb58a9eb8476bb6a,sheet1:R6,,,
c6e21ddd6bfc70cb-sheet1-R7,2026-06-30,daejeon-daedeok,석봉동,대로식당,새마을부녀회 간담회 실시,60000,c6e21ddd6bfc70cb3c092b9cf7044c1e0ac54cc02fd70764cb58a9eb8476bb6a,sheet1:R7,,,
908642f5493a2ddb-sheet1-R7,2026-06-05,daejeon-daedeok,,푸짐한활어회,지역경제 활성화 사업 추진을 위한 사업 관계자 간담회,80000,908642f5493a2ddbcac2d3390dcb380745e6eccfd14f27918525efbfec8dc854,sheet1:R7,,,
908642f5493a2ddb-sheet1-R8,2026-06-25,daejeon-daedeok,,강길도낙지마을 외 1,대전 융합바이오 MC 네트워크 간담회,51600,908642f5493a2ddbcac2d3390dcb380745e6eccfd14f27918525efbfec8dc854,sheet1:R8,,,
9645610254be94b3-sheet6-R3,2026-06-18,daejeon-daedeok,,장수촌 외 1개소,보조금 감사 업무추진 직원 격려,128000,9645610254be94b303def69c5f9f30e9a4b1d9fa9955102d759d52febdcfa255,sheet6:R3,,,
9645610254be94b3-sheet6-R4,2026-06-26,daejeon-daedeok,,써브웨이,지역경제 활성화 동참 및 직원 화합,228100,9645610254be94b303def69c5f9f30e9a4b1d9fa9955102d759d52febdcfa255,sheet6:R4,,,
37c9569435f9023c-sheet1-R4,2026-06-09,daejeon-daedeok,,미란칼국수,대덕구청소년어울림센터 운영에 관한 실무협의,104000,37c9569435f9023c2e7e9631ceb6d73cf31cd4b1cd175447f744707a2ee9eb63,sheet1:R4,,,
37c9569435f9023c-sheet1-R5,2026-06-10,daejeon-daedeok,,산들,청년벙커 운영에 관한 실무협의,58000,37c9569435f9023c2e7e9631ceb6d73cf31cd4b1cd175447f744707a2ee9eb63,sheet1:R5,,,
37c9569435f9023c-sheet1-R6,2026-06-16,daejeon-daedeok,,산들,청년창업지원센터 운영에 관한 실무협의,95000,37c9569435f9023c2e7e9631ceb6d73cf31cd4b1cd175447f744707a2ee9eb63,sheet1:R6,,,
37c9569435f9023c-sheet1-R7,2026-06-23,daejeon-daedeok,,뚝배기에담은이탈리아,대덕구청소년어울림센터 운영에 관한 실무협의,139000,37c9569435f9023c2e7e9631ceb6d73cf31cd4b1cd175447f744707a2ee9eb63,sheet1:R7,,,
1104cca8aab944e5-sheet1-R3,2026-06-09,daejeon-daedeok,어르신장애인과,두부명가식당,노인복지관 관계자 회의 및 간담회,35000,1104cca8aab944e5de99fd48ad4f060b9410387a9d1791637267429fffcf1f27,sheet1:R3,,,
1104cca8aab944e5-sheet1-R4,2026-06-24,daejeon-daedeok,어르신장애인과,장미식당,시니어클럽 관계자 회의 및 간담회,30000,1104cca8aab944e5de99fd48ad4f060b9410387a9d1791637267429fffcf1f27,sheet1:R4,,,
11cf7967bf9083a8-sheet1-R6,2026-06-09,daejeon-daedeok,,창성한우,송촌동방위협의회 간담회,400000,11cf7967bf9083a8c54ea7f111f331a4d78beb80ba04023b9a725ae7becfc0e9,sheet1:R6,,,
11cf7967bf9083a8-sheet1-R7,2026-06-15,daejeon-daedeok,,유성식당,대한노인회 간담회,289000,11cf7967bf9083a8c54ea7f111f331a4d78beb80ba04023b9a725ae7becfc0e9,sheet1:R7,,,
11cf7967bf9083a8-sheet1-R8,2026-06-22,daejeon-daedeok,,월산본가,주민자치회 임원진,82000,11cf7967bf9083a8c54ea7f111f331a4d78beb80ba04023b9a725ae7becfc0e9,sheet1:R8,,,
9934fdb0359afb38-sheet1-R3,2026-06-09,daejeon-daedeok,문화관광체육과,남해아구찜,문화예술진흥 시책추진업무추진비 지출품의(대덕문화원 업무협의),125500,9934fdb0359afb3840c7d018f7b18721af5617f3e82c1f67aa811c1ef06f710f,sheet1:R3,,,
9934fdb0359afb38-sheet1-R4,2026-06-29,daejeon-daedeok,문화관광체육과,마루일식,문화예술진흥 시책추진업무추진비 지출품의(대덕문화관광재단 업무협의),150000,9934fdb0359afb3840c7d018f7b18721af5617f3e82c1f67aa811c1ef06f710f,sheet1:R4,,,
400d30cb76b1d8be-sheet1-R4,2026-06-09,daejeon-daedeok,신탄진동,풍천장어집,바르게살기위원회 간담회,300000,400d30cb76b1d8bec94baec5ba06d8ada8fc6716d8ea39221e6e8a38e4a2dae8,sheet1:R4,,,
400d30cb76b1d8be-sheet1-R5,2026-06-11,daejeon-daedeok,신탄진동,대청하녹,체육회 간담회,295700,400d30cb76b1d8bec94baec5ba06d8ada8fc6716d8ea39221e6e8a38e4a2dae8,sheet1:R5,,,
400d30cb76b1d8be-sheet1-R6,2026-06-12,daejeon-daedeok,신탄진동,미락원,지역자율방재단 간담회,222000,400d30cb76b1d8bec94baec5ba06d8ada8fc6716d8ea39221e6e8a38e4a2dae8,sheet1:R6,,,
400d30cb76b1d8be-sheet1-R7,2026-06-16,daejeon-daedeok,신탄진동,군산살아있는해물탕아구찜,신탄진동 동분회 회의,204000,400d30cb76b1d8bec94baec5ba06d8ada8fc6716d8ea39221e6e8a38e4a2dae8,sheet1:R7,,,
400d30cb76b1d8be-sheet1-R8,2026-06-23,daejeon-daedeok,신탄진동,구미횟집,새마을협의회 간담회,299000,400d30cb76b1d8bec94baec5ba06d8ada8fc6716d8ea39221e6e8a38e4a2dae8,sheet1:R8,,,
6338ba7752d9386a-sheet1-R4,2026-06-04,daejeon-daedeok,,사랑채식당 등,위생과 업무추진 및 구정 발전에 협조를 구하고자 위생직능 단체 회원들과의 간담회 실시,85000,6338ba7752d9386ab7ec888fcc7785b851ae365d9de13fa60a4ce075fb1d5660,sheet1:R4,,,
5028364963cefa9d-sheet1-R8,2026-05-07,daejeon-daedeok,,백년불고기 외 2개소,시설관리사업소 직원 격려,237250,5028364963cefa9d025e485d8826cf4bbb02dbcc818386609ccbcb6255033b02,sheet1:R8,,,
5028364963cefa9d-sheet1-R9,2026-05-15,daejeon-daedeok,,임단아갈비탕,시설관리사업소 직원 격려,90000,5028364963cefa9d025e485d8826cf4bbb02dbcc818386609ccbcb6255033b02,sheet1:R9,,,
ac829ab1d6fe3d05-sheet1-R8,2026-05-07,daejeon-daedeok,,오색추어,이웃돕기 후원 관련 관계자 간담회,36000,ac829ab1d6fe3d05e1a42abd3c988aea55a392827c13f335b036c20c492b72aa,sheet1:R8,,,
ac829ab1d6fe3d05-sheet1-R9,2026-05-12,daejeon-daedeok,,황제명태본가,푸드뱅크 운영 관련 관계자 간담회,42000,ac829ab1d6fe3d05e1a42abd3c988aea55a392827c13f335b036c20c492b72aa,sheet1:R9,,,
ac829ab1d6fe3d05-sheet1-R10,2026-05-19,daejeon-daedeok,,교동면옥,이웃돕기 관련 관계자 간담회,238400,ac829ab1d6fe3d05e1a42abd3c988aea55a392827c13f335b036c20c492b72aa,sheet1:R10,,,
ac829ab1d6fe3d05-sheet1-R11,2026-05-21,daejeon-daedeok,,비범,국민기초생활보장사업 관련 간담회,148400,ac829ab1d6fe3d05e1a42abd3c988aea55a392827c13f335b036c20c492b72aa,sheet1:R11,,,
145d0451c7ec02aa-sheet1-R7,2026-05-13,daejeon-daedeok,,어명,도시계획 사업관계자 간담회,176000,145d0451c7ec02aa5a6e1a745adb62e3bf4dbe1a055750ae60898cccf2f4b9f7,sheet1:R7,,,
145d0451c7ec02aa-sheet1-R8,2026-05-26,daejeon-daedeok,,풍천장어식당,도시계획 사업관계자 간담회,208000,145d0451c7ec02aa5a6e1a745adb62e3bf4dbe1a055750ae60898cccf2f4b9f7,sheet1:R8,,,
58921eb71079b7b0-sheet1-R7,2026-04-23,daejeon-daedeok,,또랑,중리동 도시재생사업 관계자 간담회,74500,58921eb71079b7b02f6ce5da780671d3e97f66d4309716a02b25a54d4cadfd53,sheet1:R7,,,
f24902a9291db71e-table1-R2,2026-05-14,daejeon-daedeok,,덕이네식당 (대덕구 한남로149번길 36),즐거운 일터 조성 및 실현을 위한 의견청취 등 관계자 간담회,74000,f24902a9291db71e8df51e56ca0cc78ff208cd09cbae314116e5c29bb52bbb0f,table1:R2,,,
f24902a9291db71e-table1-R3,2026-05-20,daejeon-daedeok,,"솔밭집오리전문점 (대덕구 홍도로 81, 1층)",공무원 노사문화 상호협력 관계 증진 방안 논의를 위한 관계자 간담회,110000,f24902a9291db71e8df51e56ca0cc78ff208cd09cbae314116e5c29bb52bbb0f,table1:R3,,,
744f8e603add9436-sheet1-R3,2026-05-13,daejeon-daedeok,기획실,"군산집, 무드림베이커리카페",지역대학과 국제교류협력사업 발굴을 위한 간담회,120000,744f8e603add9436a7fb00e5ba4afa4752c53bd9062e9378836a2aa116f8ff04,sheet1:R3,,,
744f8e603add9436-sheet1-R4,2026-05-14,daejeon-daedeok,기획실,"어슬서울, 성심당",대외기관 공모 평가 사업 전략 수립을 위한 관계기관과 간담회,191800,744f8e603add9436a7fb00e5ba4afa4752c53bd9062e9378836a2aa116f8ff04,sheet1:R4,,,
744f8e603add9436-sheet1-R5,2026-05-26,daejeon-daedeok,기획실,"매봉식당, 카페허밍바이",2026년도 대덕구 출연기관 경영실적평가 원활환 추진을 위한 간담회,187000,744f8e603add9436a7fb00e5ba4afa4752c53bd9062e9378836a2aa116f8ff04,sheet1:R5,,,
744f8e603add9436-sheet1-R6,2026-05-27,daejeon-daedeok,기획실,삼미손칼국수식당,지역혁신 및 산학연 협력체계 강화 위한 관계기관과 간담회,120000,744f8e603add9436a7fb00e5ba4afa4752c53bd9062e9378836a2aa116f8ff04,sheet1:R6,,,
d609fe4cad183a6c-sheet1-R5,2026-05-13,daejeon-daedeok,목상동,황가원,구청 업무 관계자 간담회,99500,d609fe4cad183a6cbcc9abc9aae98a176d9dceb2cbd3d5f8d42775aa47f8f156,sheet1:R5,,,
d609fe4cad183a6c-sheet1-R6,2026-05-15,daejeon-daedeok,목상동,백년짬뽕,고유가 피해지원금 2차 지급 추진 관련 간담회,51000,d609fe4cad183a6cbcc9abc9aae98a176d9dceb2cbd3d5f8d42775aa47f8f156,sheet1:R6,,,
d609fe4cad183a6c-sheet1-R7,2026-05-20,daejeon-daedeok,목상동,해물가,관내 기관장 협의회,108000,d609fe4cad183a6cbcc9abc9aae98a176d9dceb2cbd3d5f8d42775aa47f8f156,sheet1:R7,,,
d609fe4cad183a6c-sheet1-R8,2026-05-21,daejeon-daedeok,목상동,네이버스토어 들레네집,내방객 음료,231400,d609fe4cad183a6cbcc9abc9aae98a176d9dceb2cbd3d5f8d42775aa47f8f156,sheet1:R8,,,
c5f6b8350b6282b5-sheet1-R4,2026-05-12,daejeon-daedeok,중리동,횡재한방오리,현업업무 직원격려,63000,c5f6b8350b6282b57c17049639dc7b2c6985ca50d84c39feae5a95f5d73d3241,sheet1:R4,,,
c5f6b8350b6282b5-sheet1-R5,2026-05-13,daejeon-daedeok,중리동,통일면옥,현업업무 직원격려,106000,c5f6b8350b6282b57c17049639dc7b2c6985ca50d84c39feae5a95f5d73d3241,sheet1:R5,,,
c5f6b8350b6282b5-sheet1-R6,2026-05-14,daejeon-daedeok,중리동,루엔차이,현업업무 직원격려,90000,c5f6b8350b6282b57c17049639dc7b2c6985ca50d84c39feae5a95f5d73d3241,sheet1:R6,,,
c5f6b8350b6282b5-sheet1-R7,2026-05-19,daejeon-daedeok,중리동,옛사랑막국수,현업업무 직원격려,44000,c5f6b8350b6282b57c17049639dc7b2c6985ca50d84c39feae5a95f5d73d3241,sheet1:R7,,,
3d588769bb585ebb-sheet1-R3,2026-05-07,daejeon-daedeok,미디어홍보과,유황돼지촌,지역 언론사 업무 추진을 위한 오찬 간담회,68000,3d588769bb585ebbd62a712ca0e680f83406a07eeeb205e1234abd5cdf2745e5,sheet1:R3,,,
3d588769bb585ebb-sheet1-R4,2026-05-20,daejeon-daedeok,미디어홍보과,부산갈매기,지역 언론사 업무 추진을 위한 오찬 간담회,136800,3d588769bb585ebbd62a712ca0e680f83406a07eeeb205e1234abd5cdf2745e5,sheet1:R4,,,
3d588769bb585ebb-sheet1-R5,2026-05-27,daejeon-daedeok,미디어홍보과,담라,지역 언론사 업무 추진을 위한 오찬 간담회,199000,3d588769bb585ebbd62a712ca0e680f83406a07eeeb205e1234abd5cdf2745e5,sheet1:R5,,,
3d588769bb585ebb-sheet1-R6,2026-05-28,daejeon-daedeok,미디어홍보과,모로미둔산,지역 언론사 업무 추진을 위한 만찬 간담회,345000,3d588769bb585ebbd62a712ca0e680f83406a07eeeb205e1234abd5cdf2745e5,sheet1:R6,,,
b1fe16a1a2bbd983-sheet1-R3,2026-05-19,daejeon-daedeok,건설과,미향일식,도로시설 정비공사 사업관계자 간담회 만찬,240000,b1fe16a1a2bbd9831a17f1f90344e2c30da8b772e785f2c15f058a72f7bbb680,sheet1:R3,,,
626315c59696b908-sheet1-R5,2026-05-07,daejeon-daedeok,덕암동,큰손정육식당,동 직원 격려,64000,626315c59696b90857417559a9237ffbd933b42c14fafd30b6ecd9a2ff499885,sheet1:R5,,,
626315c59696b908-sheet1-R6,2026-05-08,daejeon-daedeok,덕암동,큰손정육식당,동 선거관리위원회,111000,626315c59696b90857417559a9237ffbd933b42c14fafd30b6ecd9a2ff499885,sheet1:R6,,,
626315c59696b908-sheet1-R7,2026-05-15,daejeon-daedeok,덕암동,팔공산엄마밥상,통장협의회,141000,626315c59696b90857417559a9237ffbd933b42c14fafd30b6ecd9a2ff499885,sheet1:R7,,,
626315c59696b908-sheet1-R8,2026-05-27,daejeon-daedeok,덕암동,회뜰날,동 직원 격려,154500,626315c59696b90857417559a9237ffbd933b42c14fafd30b6ecd9a2ff499885,sheet1:R8,,,
326a65a0bec9de08-sheet1-R8,2026-05-21,daejeon-daedeok,,스테이 플랜트 카페 (대덕구 오정동),문평동 공장화재 관련 안전업무추진 관계직원 업무협의 간담회,36000,326a65a0bec9de0893c0dd3a065b88c779478749d39f6545fd33a836bbb4fa1a,sheet1:R8,,,
56cac69f4b8f9ef4-sheet1-R4,2026-05-21,daejeon-daedeok,석봉동,봉춘네해물손칼국수,직원격려 오찬,60000,56cac69f4b8f9ef4e6d78a30ee0c9762214373fa3e2585c854f08917c8848748,sheet1:R4,,,
d0c8267b2494e024-sheet2-R4,2026-05-07,daejeon-daedeok,법1동,승남이네만두샤브샤브,기관장 대표 간담회,36000,d0c8267b2494e024332b9cad5097670b1aac95f5a9eaa3cfb8e3d6193b84c7a6,sheet2:R4,,,
d0c8267b2494e024-sheet2-R5,2026-05-12,daejeon-daedeok,법1동,파리바게뜨대덕제일,고유가피해지원금 업무 관련 담당자 간담회,24600,d0c8267b2494e024332b9cad5097670b1aac95f5a9eaa3cfb8e3d6193b84c7a6,sheet2:R5,,,
d0c8267b2494e024-sheet2-R6,2026-05-19,daejeon-daedeok,법1동,장모네,현안업무 논의 구청 담당자 간담회,36000,d0c8267b2494e024332b9cad5097670b1aac95f5a9eaa3cfb8e3d6193b84c7a6,sheet2:R6,,,
d0c8267b2494e024-sheet2-R7,2026-05-21,daejeon-daedeok,법1동,"강길도낙지마을, 이디야 대전송촌동점",당면업무 협의 간담회,69500,d0c8267b2494e024332b9cad5097670b1aac95f5a9eaa3cfb8e3d6193b84c7a6,sheet2:R7,,,
d0c8267b2494e024-sheet2-R8,2026-05-27,daejeon-daedeok,법1동,뚝배기에담은이탈리아,현안업무 논의를 위한 유관기관 간담회,92000,d0c8267b2494e024332b9cad5097670b1aac95f5a9eaa3cfb8e3d6193b84c7a6,sheet2:R8,,,
407ac2dfe8b43d13-sheet4-R3,2026-05-11,daejeon-daedeok,대화동,대전원명학교,내방객 음료(커피 원두),27500,407ac2dfe8b43d13382cf872394bb148ae1399c83afde4c487f3b6ae881b0af8,sheet4:R3,,,
407ac2dfe8b43d13-sheet4-R4,2026-05-14,daejeon-daedeok,대화동,장미식당,구청 업무관계자 오찬간담회,49000,407ac2dfe8b43d13382cf872394bb148ae1399c83afde4c487f3b6ae881b0af8,sheet4:R4,,,
407ac2dfe8b43d13-sheet4-R5,2026-05-15,daejeon-daedeok,대화동,보은식당,업무관계자 오찬간담회,60000,407ac2dfe8b43d13382cf872394bb148ae1399c83afde4c487f3b6ae881b0af8,sheet4:R5,,,
407ac2dfe8b43d13-sheet4-R6,2026-05-21,daejeon-daedeok,대화동,솔솔키친,구청 업무관계자 오찬간담회,76000,407ac2dfe8b43d13382cf872394bb148ae1399c83afde4c487f3b6ae881b0af8,sheet4:R6,,,
407ac2dfe8b43d13-sheet4-R7,2026-05-29,daejeon-daedeok,대화동,왕손곱창,지역사회보장협의체 오찬간담회,42000,407ac2dfe8b43d13382cf872394bb148ae1399c83afde4c487f3b6ae881b0af8,sheet4:R7,,,
74c88f7080690614-sheet1-R7,2026-05-14,daejeon-daedeok,,손이가어죽칼국수 외 1,소상공인 및 중소기업 지원 사업 관계자 간담회,229500,74c88f7080690614e468de95d527895195ad473e9c5267abe187d46fd571e610,sheet1:R7,,,
348e9765ac8481c8-sheet1-R5,2026-05-21,daejeon-daedeok,,홍콩삼겹살(대전 대덕구 계족산로81번길 11),청소사업 관계자 간담회,218000,348e9765ac8481c898f076cbea2d4a561b3cea94caca24abc81d1341987b26d0,sheet1:R5,,,
09c1c1774992bdee-sheet5-R3,2026-05-18,daejeon-daedeok,,청담향,2026년 종합청렴도 향상을 위한 청렴교육 프로그램 추진 관련 간담회 실시,180000,09c1c1774992bdee38330371b53f3cd49b336d1677046ab3c49105258f9c2371,sheet5:R3,9645610254be94b303def69c5f9f30e9a4b1d9fa9955102d759d52febdcfa255:sheet5:R3,,
09c1c1774992bdee-sheet5-R4,2026-05-18,daejeon-daedeok,,대덕구청 3층 매점,『청렴 수(秀) 에세이』 청렴시책 추진 다과 구입,342000,09c1c1774992bdee38330371b53f3cd49b336d1677046ab3c49105258f9c2371,sheet5:R4,9645610254be94b303def69c5f9f30e9a4b1d9fa9955102d759d52febdcfa255:sheet5:R4,,
853c31cf76dce72e-sheet1-R8,2026-04-13,daejeon-daedeok,,솔솔키친,대덕구새마을회 오찬간담회,105900,853c31cf76dce72e4a4ffcd4b2652c74deba3a7a80cbc023c159fb102959fc93,sheet1:R8,,,
853c31cf76dce72e-sheet1-R9,2026-04-10,daejeon-daedeok,,콩마니순두부,대덕구 자원봉사협의회 간담회,185000,853c31cf76dce72e4a4ffcd4b2652c74deba3a7a80cbc023c159fb102959fc93,sheet1:R9,,,
853c31cf76dce72e-sheet1-R10,2026-04-13,daejeon-daedeok,,청원삼계탕,대덕구 자율방범대연합대 간담회,350000,853c31cf76dce72e4a4ffcd4b2652c74deba3a7a80cbc023c159fb102959fc93,sheet1:R10,,,
853c31cf76dce72e-sheet1-R11,2026-04-13,daejeon-daedeok,,챠챠,대덕구 통장협의회 간담회,25000,853c31cf76dce72e4a4ffcd4b2652c74deba3a7a80cbc023c159fb102959fc93,sheet1:R11,,,
853c31cf76dce72e-sheet1-R12,2026-04-15,daejeon-daedeok,,청담골식당,대덕구 해병대전우회 대덕지회 간담회,468000,853c31cf76dce72e4a4ffcd4b2652c74deba3a7a80cbc023c159fb102959fc93,sheet1:R12,,,
853c31cf76dce72e-sheet1-R13,2026-04-17,daejeon-daedeok,,전원가든식당,대덕구 자원봉사센터 간담회,220000,853c31cf76dce72e4a4ffcd4b2652c74deba3a7a80cbc023c159fb102959fc93,sheet1:R13,,,
853c31cf76dce72e-sheet1-R14,2026-04-22,daejeon-daedeok,,꽁뚜 외 1곳,대덕구단체장협의회 임원진 간담회,85800,853c31cf76dce72e4a4ffcd4b2652c74deba3a7a80cbc023c159fb102959fc93,sheet1:R14,,,
853c31cf76dce72e-sheet1-R15,2026-04-23,daejeon-daedeok,,헤이스팅스,대덕구공동체지원센터 간담회,75000,853c31cf76dce72e4a4ffcd4b2652c74deba3a7a80cbc023c159fb102959fc93,sheet1:R15,,,
853c31cf76dce72e-sheet1-R16,2026-04-29,daejeon-daedeok,,베트남쌀국수 외 1곳,대덕구통장협의회 간담회,79000,853c31cf76dce72e4a4ffcd4b2652c74deba3a7a80cbc023c159fb102959fc93,sheet1:R16,,,
96102a0ddd02debc-sheet1-R3,2026-05-06,daejeon-daedeok,어르신장애인과,행복한집,장기요양기관 관계자 회의 및 간담회,69000,96102a0ddd02debc367d236614cd689a0be60e4d5bacc2d633b4ebed883dba2f,sheet1:R3,,,
96102a0ddd02debc-sheet1-R4,2026-05-07,daejeon-daedeok,어르신장애인과,윤이네집밥,장애인복지팀 직원 격려,109000,96102a0ddd02debc367d236614cd689a0be60e4d5bacc2d633b4ebed883dba2f,sheet1:R4,,,
96102a0ddd02debc-sheet1-R5,2026-05-28,daejeon-daedeok,어르신장애인과,교동면옥,어르신복지팀 직원 격려,92000,96102a0ddd02debc367d236614cd689a0be60e4d5bacc2d633b4ebed883dba2f,sheet1:R5,,,
1c1b90c630d25da2-sheet1-R3,2026-05-19,daejeon-daedeok,문화관광체육과,"복덩어리,홍커피로스터스",생활체육활동진흥 시책추진업무추진비 지출품의(대덕구체육회 업무 협의),118800,1c1b90c630d25da2b9bdde06f576b215baa44cf103f50126f761db9758fc57a3,sheet1:R3,,,
1c1b90c630d25da2-sheet1-R4,2026-05-19,daejeon-daedeok,문화관광체육과,마루일식,문화예술진흥 시책추진업무추진비 지출품의(대덕문화원 업무협의),134000,1c1b90c630d25da2b9bdde06f576b215baa44cf103f50126f761db9758fc57a3,sheet1:R4,,,
1c1b90c630d25da2-sheet1-R5,2026-05-22,daejeon-daedeok,문화관광체육과,순민물장어구이식당,생활체육활동진흥 시책추진업무추진비 지출품의(대덕스포츠클럽 업무 협의),233000,1c1b90c630d25da2b9bdde06f576b215baa44cf103f50126f761db9758fc57a3,sheet1:R5,,,
1c1b90c630d25da2-sheet1-R6,2026-05-28,daejeon-daedeok,문화관광체육과,마루일식,생활체육활동진흥 시책추진업무추진비 지출품의(체육시설 업무협의),369000,1c1b90c630d25da2b9bdde06f576b215baa44cf103f50126f761db9758fc57a3,sheet1:R6,,,
b5d4626a5fcac36b-sheet1-R3,2026-05-14,daejeon-daedeok,신청사건립과,비비큐대전갈마행운점,신청사 업무 관련 간담회,96000,b5d4626a5fcac36b36ba18c251d7ed6ee051f016a39e4d7d1355d81093de2812,sheet1:R3,,,
bbebbdbf0cf4222c-sheet1-R5,2026-03-17,daejeon-daedeok,,오천항,관련사업 등 관계기관 업무협의,240000,bbebbdbf0cf4222cefc2d07fc229527b0d969e6d1b5de47f671b25e5fbf6b5f2,sheet1:R5,,,
bbebbdbf0cf4222c-sheet1-R6,2026-04-23,daejeon-daedeok,,소나무집,관련사업 등 관계기관 업무협의,90000,bbebbdbf0cf4222cefc2d07fc229527b0d969e6d1b5de47f671b25e5fbf6b5f2,sheet1:R6,,,
c8a5e4cebc53c13f-sheet1-R3,2026-04-22,daejeon-daedeok,토지정보과,황해면옥식당,부동산가격공시위원회 개최 관계자 식사,189000,c8a5e4cebc53c13f5bfd6231cb5dd8e06e601eb99a290919dba32faca8adfcdc,sheet1:R3,,,
52db9e7ec71f926e-sheet1-R3,2026-03-20,daejeon-daedeok,토지정보과,더라임,한국국토정보공사 관계자 간담회,18500,52db9e7ec71f926e0ef4fe17014c5ca76e6e8d058dcc7264eecb9e03b133d155,sheet1:R3,,,
9c484d973b6bf592-sheet1-R4,2026-04-08,daejeon-daedeok,석봉동,항아리보쌈 석봉지점,직원격려 오찬,130000,9c484d973b6bf592e3ec9508c05d430c61f3f0587eaab07033f5d1253638ca1b,sheet1:R4,,,
9c484d973b6bf592-sheet1-R5,2026-04-13,daejeon-daedeok,석봉동,청보리골,부서 간담회,68000,9c484d973b6bf592e3ec9508c05d430c61f3f0587eaab07033f5d1253638ca1b,sheet1:R5,,,
9c484d973b6bf592-sheet1-R6,2026-04-17,daejeon-daedeok,석봉동,대덕구청 카페,석봉동 단체장협의회 간담회,16000,9c484d973b6bf592e3ec9508c05d430c61f3f0587eaab07033f5d1253638ca1b,sheet1:R6,,,
9c484d973b6bf592-sheet1-R7,2026-04-24,daejeon-daedeok,석봉동,온정정식,직원격려 오찬,77800,9c484d973b6bf592e3ec9508c05d430c61f3f0587eaab07033f5d1253638ca1b,sheet1:R7,,,
d317e44a40af2235-sheet1-R5,2026-04-23,daejeon-daedeok,덕암동,김관식 추어명장,현안업무 추진 상근 직원 격려,96000,d317e44a40af223504405e29ca6f67863da0e8a8ce1778c441845437b68b2a9f,sheet1:R5,,,
3540cdd6e0d222ab-sheet1-R3,2026-04-15,daejeon-daedeok,건설과,제육본가,노후하수관로 정비공사 사업관계자 간담회 만찬,108000,3540cdd6e0d222aba4686fd9c6bae9749d6b1539e1c34832092484202795b44c,sheet1:R3,,,
5d11bf56c28a4bd3-sheet1-R5,2026-04-07,daejeon-daedeok,목상동,황가원,통장협의회 간담회,95000,5d11bf56c28a4bd3fba03e15de67ecdf7656e02c1cebb156d0554a8d7b7d079e,sheet1:R5,,,
5d11bf56c28a4bd3-sheet1-R6,2026-04-25,daejeon-daedeok,목상동,황제명태본가,동춘당문화제 참여자 격려,93000,5d11bf56c28a4bd3fba03e15de67ecdf7656e02c1cebb156d0554a8d7b7d079e,sheet1:R6,,,
5d11bf56c28a4bd3-sheet1-R7,2026-04-27,daejeon-daedeok,목상동,소나무집,구청 업무 관계자 간담회,45000,5d11bf56c28a4bd3fba03e15de67ecdf7656e02c1cebb156d0554a8d7b7d079e,sheet1:R7,,,
5d11bf56c28a4bd3-sheet1-R8,2026-04-28,daejeon-daedeok,목상동,"온정정식, 주식회사쉐어즈스튜디오",구청 업무 관계자 간담회,59900,5d11bf56c28a4bd3fba03e15de67ecdf7656e02c1cebb156d0554a8d7b7d079e,sheet1:R8,,,
1f155ef90d3cd01a-table1-R2,2026-04-10,daejeon-daedeok,,교동면옥 (대덕구 한밭대로 1100),직원 친화적 일터 조성을 위한 의견청취 관계자 간담회,211000,1f155ef90d3cd01a25e5353fd1e9b70857b01f684ae3bb8d83fc403916356c14,table1:R2,,,
1f155ef90d3cd01a-table1-R3,2026-04-17,daejeon-daedeok,,마당칼국수 (중구 중앙로79번길 27 1층),공무원 노사문화 상호협력 관계 증진 방안 논의를 위한 관계자 간담회,74000,1f155ef90d3cd01a25e5353fd1e9b70857b01f684ae3bb8d83fc403916356c14,table1:R3,,,
1f155ef90d3cd01a-table1-R4,2026-04-24,daejeon-daedeok,,제비꽃마구로 (서구 둔산북로 36 1층),구정업무 추진 관련 정책공유 및 의견청취 관계자 간담회,280000,1f155ef90d3cd01a25e5353fd1e9b70857b01f684ae3bb8d83fc403916356c14,table1:R4,,,
82dcf504e0c453b5-sheet1-R3,2026-04-01,daejeon-daedeok,미디어홍보과,황해면옥,지역 언론사 업무 추진을 위한 오찬 간담회,250000,82dcf504e0c453b5957508d2bde40f65ab5c59d8a8df6f5d371451bb6dae8859,sheet1:R3,,,
82dcf504e0c453b5-sheet1-R4,2026-04-01,daejeon-daedeok,미디어홍보과,스테이플렌트카페,지역 언론사 업무 추진을 위한 오찬 간담회,43500,82dcf504e0c453b5957508d2bde40f65ab5c59d8a8df6f5d371451bb6dae8859,sheet1:R4,,,
82dcf504e0c453b5-sheet1-R5,2026-04-01,daejeon-daedeok,미디어홍보과,이산흑염소,지역 언론사 업무 추진을 위한 만찬 간담회,402000,82dcf504e0c453b5957508d2bde40f65ab5c59d8a8df6f5d371451bb6dae8859,sheet1:R5,,,
82dcf504e0c453b5-sheet1-R6,2026-04-06,daejeon-daedeok,미디어홍보과,수목림,지역 언론사 업무 추진을 위한 만찬 간담회,139000,82dcf504e0c453b5957508d2bde40f65ab5c59d8a8df6f5d371451bb6dae8859,sheet1:R6,,,
82dcf504e0c453b5-sheet1-R7,2026-04-07,daejeon-daedeok,미디어홍보과,대청뜰,퇴직 직원 노고 격려 및 송별회,362000,82dcf504e0c453b5957508d2bde40f65ab5c59d8a8df6f5d371451bb6dae8859,sheet1:R7,,,
82dcf504e0c453b5-sheet1-R8,2026-04-09,daejeon-daedeok,미디어홍보과,손이가어죽칼국수,통신팀 직원 격려 및 부서 화합,117000,82dcf504e0c453b5957508d2bde40f65ab5c59d8a8df6f5d371451bb6dae8859,sheet1:R8,,,
82dcf504e0c453b5-sheet1-R9,2026-04-09,daejeon-daedeok,미디어홍보과,스타벅스 코리아,통신팀 직원 격려 및 부서 화합,37700,82dcf504e0c453b5957508d2bde40f65ab5c59d8a8df6f5d371451bb6dae8859,sheet1:R9,,,
82dcf504e0c453b5-sheet1-R10,2026-04-09,daejeon-daedeok,미디어홍보과,대덕구청 직원복지회,지역 언론사 업무 추진을 위한 차담회,5300,82dcf504e0c453b5957508d2bde40f65ab5c59d8a8df6f5d371451bb6dae8859,sheet1:R10,,,
82dcf504e0c453b5-sheet1-R11,2026-04-09,daejeon-daedeok,미디어홍보과,푸지미,지역 언론사 업무 추진을 위한 만찬 간담회,53000,82dcf504e0c453b5957508d2bde40f65ab5c59d8a8df6f5d371451bb6dae8859,sheet1:R11,,,
82dcf504e0c453b5-sheet1-R12,2026-04-13,daejeon-daedeok,미디어홍보과,장원오리,부서 화합 및 업무 협조를 위한 소통 간담회,135000,82dcf504e0c453b5957508d2bde40f65ab5c59d8a8df6f5d371451bb6dae8859,sheet1:R12,,,
82dcf504e0c453b5-sheet1-R13,2026-04-15,daejeon-daedeok,미디어홍보과,부산갈매기,지역 언론사 업무 추진을 위한 만찬 간담회,118700,82dcf504e0c453b5957508d2bde40f65ab5c59d8a8df6f5d371451bb6dae8859,sheet1:R13,,,
82dcf504e0c453b5-sheet1-R14,2026-04-16,daejeon-daedeok,미디어홍보과,양소유,지역 언론사 업무 추진을 위한 만찬 간담회,493600,82dcf504e0c453b5957508d2bde40f65ab5c59d8a8df6f5d371451bb6dae8859,sheet1:R14,,,
82dcf504e0c453b5-sheet1-R15,2026-04-17,daejeon-daedeok,미디어홍보과,스테이플렌트카페,지역 언론사 업무 추진을 위한 만찬 간담회,21000,82dcf504e0c453b5957508d2bde40f65ab5c59d8a8df6f5d371451bb6dae8859,sheet1:R15,,,
82dcf504e0c453b5-sheet1-R16,2026-04-20,daejeon-daedeok,미디어홍보과,송촌족발,지역 언론사 업무 추진을 위한 만찬 간담회,388000,82dcf504e0c453b5957508d2bde40f65ab5c59d8a8df6f5d371451bb6dae8859,sheet1:R16,,,
82dcf504e0c453b5-sheet1-R17,2026-04-21,daejeon-daedeok,미디어홍보과,비래키키,대덕구 유튜브 콘첸츠 제작 관련 관계 업체 업무 연찬회,111500,82dcf504e0c453b5957508d2bde40f65ab5c59d8a8df6f5d371451bb6dae8859,sheet1:R17,,,
82dcf504e0c453b5-sheet1-R18,2026-04-22,daejeon-daedeok,미디어홍보과,연우네보리밥,지역 언론사 업무 추진을 위한 오찬 간담회,91000,82dcf504e0c453b5957508d2bde40f65ab5c59d8a8df6f5d371451bb6dae8859,sheet1:R18,,,
82dcf504e0c453b5-sheet1-R19,2026-04-22,daejeon-daedeok,미디어홍보과,스테리플렌트,지역 언론사 업무 추진을 위한 오찬 간담회,26500,82dcf504e0c453b5957508d2bde40f65ab5c59d8a8df6f5d371451bb6dae8859,sheet1:R19,,,
82dcf504e0c453b5-sheet1-R20,2026-04-23,daejeon-daedeok,미디어홍보과,연우네보리밥,지역 언론사 업무 추진을 위한 오찬 간담회,72000,82dcf504e0c453b5957508d2bde40f65ab5c59d8a8df6f5d371451bb6dae8859,sheet1:R20,,,
82dcf504e0c453b5-sheet1-R21,2026-04-23,daejeon-daedeok,미디어홍보과,더라임,지역 언론사 업무 추진을 위한 오찬 간담회,20500,82dcf504e0c453b5957508d2bde40f65ab5c59d8a8df6f5d371451bb6dae8859,sheet1:R21,,,
82dcf504e0c453b5-sheet1-R22,2026-04-24,daejeon-daedeok,미디어홍보과,안스키친,구정소식지 인터뷰 대상자 취재 및 간담회,77000,82dcf504e0c453b5957508d2bde40f65ab5c59d8a8df6f5d371451bb6dae8859,sheet1:R22,,,
82dcf504e0c453b5-sheet1-R23,2026-04-24,daejeon-daedeok,미디어홍보과,오늘의빵집,구정소식지 인터뷰 대상자 취재 및 간담회,56000,82dcf504e0c453b5957508d2bde40f65ab5c59d8a8df6f5d371451bb6dae8859,sheet1:R23,,,
82dcf504e0c453b5-sheet1-R24,2026-04-27,daejeon-daedeok,미디어홍보과,송촌닭갈비,지역 언론사 업무 추진을 위한 만찬 간담회,158000,82dcf504e0c453b5957508d2bde40f65ab5c59d8a8df6f5d371451bb6dae8859,sheet1:R24,,,
82dcf504e0c453b5-sheet1-R25,2026-04-27,daejeon-daedeok,미디어홍보과,투썸플레이스,지역 언론사 업무 추진을 위한 만찬 간담회,36200,82dcf504e0c453b5957508d2bde40f65ab5c59d8a8df6f5d371451bb6dae8859,sheet1:R25,,,
82dcf504e0c453b5-sheet1-R26,2026-04-28,daejeon-daedeok,미디어홍보과,벽돌곱창,지역 언론사 업무 추진을 위한 만찬 간담회,375500,82dcf504e0c453b5957508d2bde40f65ab5c59d8a8df6f5d371451bb6dae8859,sheet1:R26,,,
82dcf504e0c453b5-sheet1-R27,2026-04-30,daejeon-daedeok,미디어홍보과,산들,지역 언론사 업무 추진을 위한 오찬 간담회,114000,82dcf504e0c453b5957508d2bde40f65ab5c59d8a8df6f5d371451bb6dae8859,sheet1:R27,,,
82dcf504e0c453b5-sheet1-R28,2026-04-30,daejeon-daedeok,미디어홍보과,포레,지역 언론사 업무 추진을 위한 오찬 간담회,16900,82dcf504e0c453b5957508d2bde40f65ab5c59d8a8df6f5d371451bb6dae8859,sheet1:R28,,,
c29bf9b383d047ea-sheet1-R4,2026-04-01,daejeon-daedeok,,11시들쌈밥,대덕구청소년상담북지센터 운영에 관한 실무협의,91000,c29bf9b383d047eab3934625dd1fd04c5d528c2c6a317fbed4bda8a0d95a7bc7,sheet1:R4,,,
c29bf9b383d047ea-sheet1-R5,2026-04-02,daejeon-daedeok,,잔디한식뷔페,성인문해교육지원사업에 관한 실무 협의,28000,c29bf9b383d047eab3934625dd1fd04c5d528c2c6a317fbed4bda8a0d95a7bc7,sheet1:R5,,,
c29bf9b383d047ea-sheet1-R6,2026-04-03,daejeon-daedeok,,연우네보리밥집,일자리지원에 관한 실무 협의,135000,c29bf9b383d047eab3934625dd1fd04c5d528c2c6a317fbed4bda8a0d95a7bc7,sheet1:R6,,,
a995c3521c50de77-sheet1-R3,2026-04-22,daejeon-daedeok,세정과,황해면옥식당,2026년 대덕구 부동산가격공시위원회 심의 간담회,189000,a995c3521c50de77d8ebff39bd4e71d879d0df98892270cb6ae96a04ef978986,sheet1:R3,,,
8f577f9f43339260-sheet1-R4,2026-04-25,daejeon-daedeok,중리동,어가아구찜,행사참여 직원 격려,73000,8f577f9f43339260c99f10abde5cf08b30175624dd2648213c7e30b4af273f2f,sheet1:R4,,,
8f577f9f43339260-sheet1-R5,2026-04-02,daejeon-daedeok,중리동,왕손곱창식당,직원 격려,40000,8f577f9f43339260c99f10abde5cf08b30175624dd2648213c7e30b4af273f2f,sheet1:R5,,,
8f577f9f43339260-sheet1-R6,2026-03-26,daejeon-daedeok,중리동,신도칼국수,단체 업무 협의,113000,8f577f9f43339260c99f10abde5cf08b30175624dd2648213c7e30b4af273f2f,sheet1:R6,,,
8f577f9f43339260-sheet1-R7,2026-02-27,daejeon-daedeok,중리동,송담추어탕,직원격려,90000,8f577f9f43339260c99f10abde5cf08b30175624dd2648213c7e30b4af273f2f,sheet1:R7,,,
8f577f9f43339260-sheet1-R8,2026-03-13,daejeon-daedeok,중리동,두루감자탕,주민자치회 운영 간담회,128000,8f577f9f43339260c99f10abde5cf08b30175624dd2648213c7e30b4af273f2f,sheet1:R8,,,
8f577f9f43339260-sheet1-R9,2026-02-24,daejeon-daedeok,중리동,한우백화점정육식당,단체장협의회 업무 협의,60000,8f577f9f43339260c99f10abde5cf08b30175624dd2648213c7e30b4af273f2f,sheet1:R9,,,
8f577f9f43339260-sheet1-R10,2026-02-20,daejeon-daedeok,중리동,투썸플레이스 대전도안바로세움점,단체장협의회 업무 협의,20000,8f577f9f43339260c99f10abde5cf08b30175624dd2648213c7e30b4af273f2f,sheet1:R10,,,
8f577f9f43339260-sheet1-R11,2026-02-19,daejeon-daedeok,중리동,한마음정육식당,기관단체 업무 협의,109000,8f577f9f43339260c99f10abde5cf08b30175624dd2648213c7e30b4af273f2f,sheet1:R11,,,
8f577f9f43339260-sheet1-R12,2026-02-13,daejeon-daedeok,중리동,송담추어탕,직원 노고 격려,50000,8f577f9f43339260c99f10abde5cf08b30175624dd2648213c7e30b4af273f2f,sheet1:R12,,,
8f577f9f43339260-sheet1-R13,2026-02-06,daejeon-daedeok,중리동,두루감자탕매운등갈비찜,직원 노고 격려,64000,8f577f9f43339260c99f10abde5cf08b30175624dd2648213c7e30b4af273f2f,sheet1:R13,,,
8f577f9f43339260-sheet1-R14,2026-02-02,daejeon-daedeok,중리동,양지면옥,인사발령 직원 격려,84000,8f577f9f43339260c99f10abde5cf08b30175624dd2648213c7e30b4af273f2f,sheet1:R14,,,
65e7c89aac2fca97-sheet1-R3,2026-04-02,daejeon-daedeok,어르신장애인과,해조물산임해조볼테기,장애인복지팀 직원 격려,84000,65e7c89aac2fca97847c90626558fa4fda68009228bcaf583da0354a89ae358a,sheet1:R3,,,
65e7c89aac2fca97-sheet1-R4,2026-04-13,daejeon-daedeok,어르신장애인과,오색추어,어르신정책팀 직원 격려,60000,65e7c89aac2fca97847c90626558fa4fda68009228bcaf583da0354a89ae358a,sheet1:R4,,,
65e7c89aac2fca97-sheet1-R5,2026-04-17,daejeon-daedeok,어르신장애인과,계족산염소맛집,부서 직원 격려,96000,65e7c89aac2fca97847c90626558fa4fda68009228bcaf583da0354a89ae358a,sheet1:R5,,,
65e7c89aac2fca97-sheet1-R6,2026-04-22,daejeon-daedeok,어르신장애인과,코다리밥상,노인일자리 사업 관계자 회의 및 간담회,90000,65e7c89aac2fca97847c90626558fa4fda68009228bcaf583da0354a89ae358a,sheet1:R6,,,
65e7c89aac2fca97-sheet1-R7,2026-04-27,daejeon-daedeok,어르신장애인과,황해면옥,부서 직원 격려,268000,65e7c89aac2fca97847c90626558fa4fda68009228bcaf583da0354a89ae358a,sheet1:R7,,,
65e7c89aac2fca97-sheet1-R8,2026-04-30,daejeon-daedeok,어르신장애인과,제레토종국밥,장애인자립생활센터 관계자 회의 및 간담회,26000,65e7c89aac2fca97847c90626558fa4fda68009228bcaf583da0354a89ae358a,sheet1:R8,,,
85425a6a82891f4a-sheet1-R3,2026-04-01,daejeon-daedeok,기획실,성심당,공약이행 및 우수시책 역진대회 업무추진을 위한 업무협의 개최,77600,85425a6a82891f4ae6cd38730079e61a6494bf38d82c1787338f774d164ea594,sheet1:R3,,,
85425a6a82891f4a-sheet1-R4,2026-04-09,daejeon-daedeok,기획실,구들마루,시책 활성화를 위한 간담회,68000,85425a6a82891f4ae6cd38730079e61a6494bf38d82c1787338f774d164ea594,sheet1:R4,,,
85425a6a82891f4a-sheet1-R5,2026-04-15,daejeon-daedeok,기획실,"오렌지트리, 동산한식당",대덕미래소통참여단과 소통 활성화를 위한 회의 개최,145400,85425a6a82891f4ae6cd38730079e61a6494bf38d82c1787338f774d164ea594,sheet1:R5,,,
85425a6a82891f4a-sheet1-R6,2026-04-16,daejeon-daedeok,기획실,"군산집, 무드림 베이커리카페",한남대학교 개교 70주년 맞이 관학협력 회의 개최,217500,85425a6a82891f4ae6cd38730079e61a6494bf38d82c1787338f774d164ea594,sheet1:R6,,,
85425a6a82891f4a-sheet1-R7,2026-04-17,daejeon-daedeok,기획실,"라드레스토랑, 루엔차이",먼선8기 공약사업의 체계적인 이행점검을 위한 간담회,78800,85425a6a82891f4ae6cd38730079e61a6494bf38d82c1787338f774d164ea594,sheet1:R7,,,
9f9b718bf0afafa2-sheet1-R4,2026-04-27,daejeon-daedeok,신탄진동,은행나무식당,동일아파트입주자대표 간담회,103000,9f9b718bf0afafa23d3932da3a291462ee01258a4ad511ab340640b374b97336,sheet1:R4,,,
06fa6ce4f7308583-sheet2-R4,2026-04-02,daejeon-daedeok,법1동,"공주쌍신집칼국수 대청호점, 투썸플레이스 신탄진대청호점",제81회 식목일 나무심기 행사 관계자 간담회,101050,06fa6ce4f73085836f64bdeb3ffd983b007835cc4cb5df1b6a7289e958c3e10f,sheet2:R4,,,
06fa6ce4f7308583-sheet2-R5,2026-04-08,daejeon-daedeok,법1동,한뚝배기손칼국수,복지사각지대 발굴 및 지원방안 논의 간담회,36000,06fa6ce4f73085836f64bdeb3ffd983b007835cc4cb5df1b6a7289e958c3e10f,sheet2:R5,,,
06fa6ce4f7308583-sheet2-R6,2026-04-16,daejeon-daedeok,법1동,승남이네만두샤브샤브,기관장 대표 간담회,44000,06fa6ce4f73085836f64bdeb3ffd983b007835cc4cb5df1b6a7289e958c3e10f,sheet2:R6,,,
06fa6ce4f7308583-sheet2-R7,2026-04-22,daejeon-daedeok,법1동,"강촌매운탕, 카페 오르(café Or)",관내 위기가구 발굴 관련 유관기관 간담회,95600,06fa6ce4f73085836f64bdeb3ffd983b007835cc4cb5df1b6a7289e958c3e10f,sheet2:R7,,,
06fa6ce4f7308583-sheet2-R8,2026-04-25,daejeon-daedeok,법1동,사단법인 대전광역시대덕구새마을회(행사 부스),제29회 동춘당문화제 먹거리장터 새마을문고 회원 격려,50000,06fa6ce4f73085836f64bdeb3ffd983b007835cc4cb5df1b6a7289e958c3e10f,sheet2:R8,,,
b08f88f8570f26f9-sheet1-R7,2026-04-10,daejeon-daedeok,,장가네대구왕뽈떼기 외1,상권 활성화 업무 추진을 위한 사업 관계자 간담회,110000,b08f88f8570f26f99e6697f9932c68ec9e2b4281e349a3973c31957ee343776a,sheet1:R7,,,
9788b4da655cb943-table1-R2,2026-03-12,daejeon-daedeok,대화동,장미식당,업무관계자 오찬 간담회,66000,9788b4da655cb9435b795a0c671798f772a71e3035adb36c285008515fcc291a,table1:R2,407ac2dfe8b43d13382cf872394bb148ae1399c83afde4c487f3b6ae881b0af8:sheet3:R3 328da04c8a4b04f7432482fb5fa661dfa2bba0599d0d9b7d58e6329ddaa075e3:sheet3:R3,,
9788b4da655cb943-table1-R3,2026-03-20,daejeon-daedeok,대화동,황제명태,통장협의회 오찬 간담회,154000,9788b4da655cb9435b795a0c671798f772a71e3035adb36c285008515fcc291a,table1:R3,407ac2dfe8b43d13382cf872394bb148ae1399c83afde4c487f3b6ae881b0af8:sheet3:R4 328da04c8a4b04f7432482fb5fa661dfa2bba0599d0d9b7d58e6329ddaa075e3:sheet3:R4,,
9788b4da655cb943-table1-R4,2026-03-31,daejeon-daedeok,대화동,승남이네김밥& 칼국수,직원 오찬 간담회,55000,9788b4da655cb9435b795a0c671798f772a71e3035adb36c285008515fcc291a,table1:R4,407ac2dfe8b43d13382cf872394bb148ae1399c83afde4c487f3b6ae881b0af8:sheet3:R5 328da04c8a4b04f7432482fb5fa661dfa2bba0599d0d9b7d58e6329ddaa075e3:sheet3:R5,,
c6f2f87586ab497b-table1-R2,2026-04-03,daejeon-daedeok,대화동,장미식당,단체장협의회 오찬 간담회,241000,c6f2f87586ab497b142af1b2be316fd15bfabc9eccb4dd01509b84dfca790429,table1:R2,,,
c6f2f87586ab497b-table1-R3,2026-04-09,daejeon-daedeok,대화동,왕손곱창,업무관계자 간담회,67000,c6f2f87586ab497b142af1b2be316fd15bfabc9eccb4dd01509b84dfca790429,table1:R3,,,
c6f2f87586ab497b-table1-R4,2026-04-22,daejeon-daedeok,대화동,대전원명학교,내방객 음료(커피 원두),20000,c6f2f87586ab497b142af1b2be316fd15bfabc9eccb4dd01509b84dfca790429,table1:R4,,,
c6f2f87586ab497b-table1-R5,2026-04-25,daejeon-daedeok,대화동,"현숙소라우렁쌈밥, 오렌지블로썸, 대덕구 새마을회",통장협의회 등 단체 간담회(동춘당문화제),150000,c6f2f87586ab497b142af1b2be316fd15bfabc9eccb4dd01509b84dfca790429,table1:R5,,,
d1965f0341bc06df-sheet1-R6,2026-04-02,daejeon-daedeok,,베트남쌀국수,식목일 나무심기 행사 참석자,50000,d1965f0341bc06df1772cfde7b43e47c65b9cee0cdc84db4708c979c14e8e6f0,sheet1:R6,,,
d1965f0341bc06df-sheet1-R7,2026-04-10,daejeon-daedeok,,송촌해물칼국수,문평동화재피해자지원 특별모금 기탁식 참석자,185000,d1965f0341bc06df1772cfde7b43e47c65b9cee0cdc84db4708c979c14e8e6f0,sheet1:R7,,,
363b64457a3774ec-sheet4-R3,2026-04-17,daejeon-daedeok,,오색추어외 1개소,2026년 민원서비스 종합평가 준비 관련부서 간담회,63500,363b64457a3774ec42159d0d0baabb8c9ffc5c3d78f5eb2c99eca3a2ec63b9d1,sheet4:R3,09c1c1774992bdee38330371b53f3cd49b336d1677046ab3c49105258f9c2371:sheet4:R3 9645610254be94b303def69c5f9f30e9a4b1d9fa9955102d759d52febdcfa255:sheet4:R3,,
363b64457a3774ec-sheet4-R4,2026-04-20,daejeon-daedeok,,임실치즈피자,직원격려 간식 구입,90000,363b64457a3774ec42159d0d0baabb8c9ffc5c3d78f5eb2c99eca3a2ec63b9d1,sheet4:R4,09c1c1774992bdee38330371b53f3cd49b336d1677046ab3c49105258f9c2371:sheet4:R4 9645610254be94b303def69c5f9f30e9a4b1d9fa9955102d759d52febdcfa255:sheet4:R4,,
363b64457a3774ec-sheet4-R5,2026-04-24,daejeon-daedeok,,읍천리382,지역경제활성화 도모 및 직원노로 격려를 위한 간담회 실시,151000,363b64457a3774ec42159d0d0baabb8c9ffc5c3d78f5eb2c99eca3a2ec63b9d1,sheet4:R5,09c1c1774992bdee38330371b53f3cd49b336d1677046ab3c49105258f9c2371:sheet4:R5 9645610254be94b303def69c5f9f30e9a4b1d9fa9955102d759d52febdcfa255:sheet4:R5,,
7997a4b8d2114235-sheet1-R4,2026-04-09,daejeon-daedeok,비래동,두부명가식당,통장 참여형 야간 마을순찰 추진 간담회,58000,7997a4b8d21142350fe415ed62ff0bf0259837ce34bff756f00c8110e3601e7d,sheet1:R4,,,
7997a4b8d2114235-sheet1-R5,2026-04-15,daejeon-daedeok,비래동,우장창식당,탄소중립주민실천연대 간담회,115000,7997a4b8d21142350fe415ed62ff0bf0259837ce34bff756f00c8110e3601e7d,sheet1:R5,,,
2ce0c8b8cc461d19-sheet1-R8,2026-04-02,daejeon-daedeok,,백년보리밥,자활센터 운영관련 관계자 간담회,163500,2ce0c8b8cc461d198c90ca1b5025dc55e45b98d6b354f3d7e5e46032f437b731,sheet1:R8,,,
2ce0c8b8cc461d19-sheet1-R9,2026-04-16,daejeon-daedeok,,뚝배기에 담은 이탈리아,푸드마켓 지원 관련 관계자 간담회,79000,2ce0c8b8cc461d198c90ca1b5025dc55e45b98d6b354f3d7e5e46032f437b731,sheet1:R9,,,
a5047ed5ca4d90db-sheet1-R3,2026-04-14,daejeon-daedeok,문화관광체육과,"수월풍천장어, 비마이프렌드, 한우식당",생활체육활동진흥 시책추진업무추진비 지출품의(회덕다목적체육센터 개관식 관련 업무 협의),383000,a5047ed5ca4d90db4d73cc7c8e20fbb6fe573daec44eb2754ef91c12aef90bb5,sheet1:R3,,,
a5047ed5ca4d90db-sheet1-R4,2026-04-20,daejeon-daedeok,문화관광체육과,월산본가,문화예술진흥 시책추진업무추진비 지출품의(대덕구여성합창단 간담회),336000,a5047ed5ca4d90db4d73cc7c8e20fbb6fe573daec44eb2754ef91c12aef90bb5,sheet1:R4,,,
a5047ed5ca4d90db-sheet1-R5,2026-04-22,daejeon-daedeok,문화관광체육과,"쿵푸차이, 라드레스토랑",문화예술진흥 시책추진업무추진비 지출품의(제29회 동춘당문화제 관련 업무 협의),133500,a5047ed5ca4d90db4d73cc7c8e20fbb6fe573daec44eb2754ef91c12aef90bb5,sheet1:R5,,,
a5047ed5ca4d90db-sheet1-R6,2026-04-27,daejeon-daedeok,문화관광체육과,한밭신화수산,생활체육활동진흥 시책추진업무추진비 지출품의(대덕구장애인체육회 간담회),450000,a5047ed5ca4d90db4d73cc7c8e20fbb6fe573daec44eb2754ef91c12aef90bb5,sheet1:R6,,,
a5047ed5ca4d90db-sheet1-R7,2026-04-29,daejeon-daedeok,문화관광체육과,스테이플랜트카페,생활체육활동진흥 시책추진업무추진비 지출품의(로하스타워1 및 대덕문화체육관 수탁기관 선정위원회),40500,a5047ed5ca4d90db4d73cc7c8e20fbb6fe573daec44eb2754ef91c12aef90bb5,sheet1:R7,,,
f512220fef039172-sheet1-R8,2026-01-16,daejeon-daedeok,,오가네대구왕뽈떼기,법1동통장협의회 간담회,290000,f512220fef039172cf136bf302d2d7b5c5a0991af293add4bd6cceca57102347,sheet1:R8,,,
f512220fef039172-sheet1-R9,2026-01-19,daejeon-daedeok,,신탄면옥,덕암동통장협의회 간담회,429000,f512220fef039172cf136bf302d2d7b5c5a0991af293add4bd6cceca57102347,sheet1:R9,,,
f512220fef039172-sheet1-R10,2026-01-21,daejeon-daedeok,,풍년식당,석봉동통장협의회 간담회,300000,f512220fef039172cf136bf302d2d7b5c5a0991af293add4bd6cceca57102347,sheet1:R10,,,
f512220fef039172-sheet1-R11,2026-01-22,daejeon-daedeok,,장미식당,대화동통장협의회 간담회,300000,f512220fef039172cf136bf302d2d7b5c5a0991af293add4bd6cceca57102347,sheet1:R11,,,
f512220fef039172-sheet1-R12,2026-01-23,daejeon-daedeok,,해물가,목상동통장협의회 간담회,300000,f512220fef039172cf136bf302d2d7b5c5a0991af293add4bd6cceca57102347,sheet1:R12,,,
f512220fef039172-sheet1-R13,2026-01-23,daejeon-daedeok,,파리바게트 한남대점,명예구청장협의회 다과회,200000,f512220fef039172cf136bf302d2d7b5c5a0991af293add4bd6cceca57102347,sheet1:R13,,,
f512220fef039172-sheet2-R8,2026-02-05,daejeon-daedeok,,모락,대덕구공동체지원센터 간담회,86400,f512220fef039172cf136bf302d2d7b5c5a0991af293add4bd6cceca57102347,sheet2:R8,,,
f512220fef039172-sheet2-R9,2026-02-10,daejeon-daedeok,,콩마니순두부,대덕구 고향사랑기부제서포터즈 간담회,258000,f512220fef039172cf136bf302d2d7b5c5a0991af293add4bd6cceca57102347,sheet2:R9,,,
f512220fef039172-sheet2-R10,2026-02-25,daejeon-daedeok,,주식회사 갓솥비바에이,대덕구단체장협의회 간담회,108000,f512220fef039172cf136bf302d2d7b5c5a0991af293add4bd6cceca57102347,sheet2:R10,,,
f512220fef039172-sheet2-R11,2026-02-26,daejeon-daedeok,,솔솔키친,자원봉사협의회 간담회,87000,f512220fef039172cf136bf302d2d7b5c5a0991af293add4bd6cceca57102347,sheet2:R11,,,
f512220fef039172-sheet3-R8,2026-03-10,daejeon-daedeok,,도쿄노쿄엔 외 1곳,대덕구 통장협의회 간담회,121600,f512220fef039172cf136bf302d2d7b5c5a0991af293add4bd6cceca57102347,sheet3:R8,,,
f512220fef039172-sheet3-R9,2026-03-16,daejeon-daedeok,,원조설악추어탕삼계탕 외 1곳,대덕구 주민자치회 간담회,121900,f512220fef039172cf136bf302d2d7b5c5a0991af293add4bd6cceca57102347,sheet3:R9,,,
f512220fef039172-sheet3-R10,2026-03-17,daejeon-daedeok,,에이디카페,대전대덕시민경찰연합대 사업추진간담회,48000,f512220fef039172cf136bf302d2d7b5c5a0991af293add4bd6cceca57102347,sheet3:R10,,,
f512220fef039172-sheet3-R11,2026-03-18,daejeon-daedeok,,풍천장어식당 외 1곳,대덕구단체장협의회 간담회,212800,f512220fef039172cf136bf302d2d7b5c5a0991af293add4bd6cceca57102347,sheet3:R11,,,
f512220fef039172-sheet3-R12,2026-03-27,daejeon-daedeok,,웁스,대덕구단체장협의회 임원진간담회,54200,f512220fef039172cf136bf302d2d7b5c5a0991af293add4bd6cceca57102347,sheet3:R12,,,
f512220fef039172-sheet3-R13,2026-03-30,daejeon-daedeok,,삼미손칼국수식당,대덕구새마을회 오찬간담회,56000,f512220fef039172cf136bf302d2d7b5c5a0991af293add4bd6cceca57102347,sheet3:R13,,,
343f2c0c8a95a323-sheet1-R3,2026-01-07,daejeon-daedeok,건설과,주거래처,건설행정 업무추진 사업관계자 간담회 만찬,67000,343f2c0c8a95a3234389aa9af22ba6b36791bba74b52ce9d06b6021df6411d7f,sheet1:R3,,,
343f2c0c8a95a323-sheet1-R4,2026-01-20,daejeon-daedeok,건설과,서울치킨,건설행정 업무추진 사업관계자 간담회 만찬,100000,343f2c0c8a95a3234389aa9af22ba6b36791bba74b52ce9d06b6021df6411d7f,sheet1:R4,,,
343f2c0c8a95a323-sheet1-R5,2026-03-03,daejeon-daedeok,건설과,더꼬들참숯구이,관내도로시설정비공사 사업추진 관계자 간담회,280000,343f2c0c8a95a3234389aa9af22ba6b36791bba74b52ce9d06b6021df6411d7f,sheet1:R5,,,
cf5264f1eeb293f6-sheet1-R8,2026-02-04,daejeon-daedeok,,꽁뚜,여성단체협의회 간담회,152000,cf5264f1eeb293f6f4c19b84a783ef7cc53e5f896bc79bd0c5add95ed73df23d,sheet1:R8,,,
cf5264f1eeb293f6-sheet1-R9,2026-02-09,daejeon-daedeok,,뚝배기에 담은 이탈리아,주민참여단 권역장 간담회,107000,cf5264f1eeb293f6f4c19b84a783ef7cc53e5f896bc79bd0c5add95ed73df23d,sheet1:R9,,,
cf5264f1eeb293f6-sheet1-R10,2026-02-12,daejeon-daedeok,,버거킹,아동참여위원회 간담회,97300,cf5264f1eeb293f6f4c19b84a783ef7cc53e5f896bc79bd0c5add95ed73df23d,sheet1:R10,,,
cf5264f1eeb293f6-sheet1-R11,2026-03-13,daejeon-daedeok,,꽁뚜,안전동행단 관련 간담회,55000,cf5264f1eeb293f6f4c19b84a783ef7cc53e5f896bc79bd0c5add95ed73df23d,sheet1:R11,,,
cf5264f1eeb293f6-sheet1-R12,2026-03-18,daejeon-daedeok,,꽁뚜,지역아동센터 관련 간담회,152000,cf5264f1eeb293f6f4c19b84a783ef7cc53e5f896bc79bd0c5add95ed73df23d,sheet1:R12,,,
cf5264f1eeb293f6-sheet1-R13,2026-03-19,daejeon-daedeok,,장미식당,주민참여단 권역장 간담회,53000,cf5264f1eeb293f6f4c19b84a783ef7cc53e5f896bc79bd0c5add95ed73df23d,sheet1:R13,,,
1301c5b3abecdb4b-sheet1-R5,2026-03-05,daejeon-daedeok,목상동,보성추어탕,지역사회보장협의체 간담회,222000,1301c5b3abecdb4b7582dbef590c81cbaff4bdba3714341edf710c36a2237deb,sheet1:R5,,,
1301c5b3abecdb4b-sheet1-R6,2026-03-12,daejeon-daedeok,목상동,속초메밀향막국수,구청 업무 관계자 간담회,60000,1301c5b3abecdb4b7582dbef590c81cbaff4bdba3714341edf710c36a2237deb,sheet1:R6,,,
1301c5b3abecdb4b-sheet1-R7,2026-03-19,daejeon-daedeok,목상동,왕이산흑염소목상동점,노인회 간담회,165000,1301c5b3abecdb4b7582dbef590c81cbaff4bdba3714341edf710c36a2237deb,sheet1:R7,,,
1301c5b3abecdb4b-sheet1-R8,2026-03-20,daejeon-daedeok,목상동,소나무집,구청 업무 관계자 간담회,45000,1301c5b3abecdb4b7582dbef590c81cbaff4bdba3714341edf710c36a2237deb,sheet1:R8,,,
1968559efa1e4c21-table1-R2,2026-03-30,daejeon-daedeok,,스시류 (대덕구 송촌북로12번길 11),조직문화 및 근무 환경 개선 방안 마련을 위한 관계자 간담회,106800,1968559efa1e4c21652974874ffbc5a74ffc32ed088145db1b85779f02a8eea5,table1:R2,,,
8fe9978276cc2c41-table1-R2,2026-03-13,daejeon-daedeok,,이산흑염소 (대덕구 한남로 136 1층),주요 일정 정리 및 기관협력을 위한 관계자 간담회,76000,8fe9978276cc2c411e021c523c11d7081a6a5b75c7d30bc9d71daaaf80c2fee7,table1:R2,,,
8fe9978276cc2c41-table1-R3,2026-03-25,daejeon-daedeok,,영동식당 (중구 계룡로874번길 27-9 1층),구정 주요시책 관련 기관협력 관계자 간담회,50000,8fe9978276cc2c411e021c523c11d7081a6a5b75c7d30bc9d71daaaf80c2fee7,table1:R3,,,
f16383b144e43e7f-sheet1-R3,2026-03-03,daejeon-daedeok,미디어홍보과,삼미손칼국수식당,지역 언론사 오찬 간담회,85000,f16383b144e43e7f58e82dc806d40793dbe77d223f7640fcdd24f6752b1df0ca,sheet1:R3,,,
f16383b144e43e7f-sheet1-R4,2026-03-03,daejeon-daedeok,미디어홍보과,달달콩,지역 언론사 오찬 간담회,20000,f16383b144e43e7f58e82dc806d40793dbe77d223f7640fcdd24f6752b1df0ca,sheet1:R4,,,
f16383b144e43e7f-sheet1-R5,2026-03-04,daejeon-daedeok,미디어홍보과,구들마루,지역 언론사 오찬 간담회,40000,f16383b144e43e7f58e82dc806d40793dbe77d223f7640fcdd24f6752b1df0ca,sheet1:R5,,,
f16383b144e43e7f-sheet1-R6,2026-03-09,daejeon-daedeok,미디어홍보과,구들마루,지역 언론사 오찬 간담회,68000,f16383b144e43e7f58e82dc806d40793dbe77d223f7640fcdd24f6752b1df0ca,sheet1:R6,,,
f16383b144e43e7f-sheet1-R7,2026-03-09,daejeon-daedeok,미디어홍보과,더라임,지역 언론사 오찬 간담회,12500,f16383b144e43e7f58e82dc806d40793dbe77d223f7640fcdd24f6752b1df0ca,sheet1:R7,,,
f16383b144e43e7f-sheet1-R8,2026-03-11,daejeon-daedeok,미디어홍보과,등촌샤브칼국수 용전점,유튜브 콘텐츠 제작을 위한 관계 업체 업무 연찬회,68000,f16383b144e43e7f58e82dc806d40793dbe77d223f7640fcdd24f6752b1df0ca,sheet1:R8,,,
f16383b144e43e7f-sheet1-R9,2026-03-12,daejeon-daedeok,미디어홍보과,생태와갈치,지역 언론사 오찬 간담회,80000,f16383b144e43e7f58e82dc806d40793dbe77d223f7640fcdd24f6752b1df0ca,sheet1:R9,,,
f16383b144e43e7f-sheet1-R10,2026-03-13,daejeon-daedeok,미디어홍보과,스테이 플랜트 카페,지역 언론사 오찬 간담회,11500,f16383b144e43e7f58e82dc806d40793dbe77d223f7640fcdd24f6752b1df0ca,sheet1:R10,,,
f16383b144e43e7f-sheet1-R11,2026-03-17,daejeon-daedeok,미디어홍보과,엄사골순대국밥&곱창전골,구정소식지 인터뷰 대상자 취재 간담회,42000,f16383b144e43e7f58e82dc806d40793dbe77d223f7640fcdd24f6752b1df0ca,sheet1:R11,,,
f16383b144e43e7f-sheet1-R12,2026-03-18,daejeon-daedeok,미디어홍보과,작은초밥집,대덕구 SNS 서포터즈 운영 관련 관계 업체 업무 연찬회,75000,f16383b144e43e7f58e82dc806d40793dbe77d223f7640fcdd24f6752b1df0ca,sheet1:R12,,,
f16383b144e43e7f-sheet1-R13,2026-03-18,daejeon-daedeok,미디어홍보과,전복오리누룽지백숙,지역 언론사 오찬 간담회,296000,f16383b144e43e7f58e82dc806d40793dbe77d223f7640fcdd24f6752b1df0ca,sheet1:R13,,,
f16383b144e43e7f-sheet1-R14,2026-03-19,daejeon-daedeok,미디어홍보과,남원추어탕,구정소식지 인터뷰 대상자 취재 간담회,35000,f16383b144e43e7f58e82dc806d40793dbe77d223f7640fcdd24f6752b1df0ca,sheet1:R14,,,
f16383b144e43e7f-sheet1-R15,2026-03-19,daejeon-daedeok,미디어홍보과,대선칼국수,홍보팀 직원 격려 오찬 간담회,72500,f16383b144e43e7f58e82dc806d40793dbe77d223f7640fcdd24f6752b1df0ca,sheet1:R15,,,
f16383b144e43e7f-sheet1-R16,2026-03-19,daejeon-daedeok,미디어홍보과,밥상마루,지역 언론사 오찬 간담회,206000,f16383b144e43e7f58e82dc806d40793dbe77d223f7640fcdd24f6752b1df0ca,sheet1:R16,,,
f16383b144e43e7f-sheet1-R17,2026-03-24,daejeon-daedeok,미디어홍보과,덕이네 식당,지역 언론사 오찬 간담회,21000,f16383b144e43e7f58e82dc806d40793dbe77d223f7640fcdd24f6752b1df0ca,sheet1:R17,,,
06b3af0c55253a18-sheet1-R3,2026-03-12,daejeon-daedeok,세정과,담라 둔산본점,市 기획조정실 세정담당관 담당자와 구 담당자간 간담회,175000,06b3af0c55253a18520d07ee12a8cfe6e056f8b9ab4ef2aebc0235418d4a406e,sheet1:R3,,,
23a81a601e017e4c-sheet1-R3,2026-03-06,daejeon-daedeok,기획실,"놀부네짐,커피랜드씨엘",구 현안사업의 원활한 추진을 위한 간담회,412600,23a81a601e017e4ca33157056ec7074e9c54ed1e85a6cb56589c3274640a3749,sheet1:R3,,,
23a81a601e017e4c-sheet1-R4,2026-03-09,daejeon-daedeok,기획실,만년미역,적극행정 추진 및 업무혁신 방안 모색을 위한 간담회,56000,23a81a601e017e4ca33157056ec7074e9c54ed1e85a6cb56589c3274640a3749,sheet1:R4,,,
23a81a601e017e4c-sheet1-R5,2026-03-18,daejeon-daedeok,기획실,강촌매운탕,구 중점사업 활성화를 위한 유관기관과의 간담회,93000,23a81a601e017e4ca33157056ec7074e9c54ed1e85a6cb56589c3274640a3749,sheet1:R5,,,
23a81a601e017e4c-sheet1-R6,2026-03-19,daejeon-daedeok,기획실,"우나기칸 대전관평점, 그린베이커리",지역사업구조 혁신 협력 회의,206900,23a81a601e017e4ca33157056ec7074e9c54ed1e85a6cb56589c3274640a3749,sheet1:R6,,,
23a81a601e017e4c-sheet1-R7,2026-03-20,daejeon-daedeok,기획실,"진저, 그린베이커리",한남대 갬퍼스혁신파크 활성화 방안 논의를 위한 관학 협력회의,106700,23a81a601e017e4ca33157056ec7074e9c54ed1e85a6cb56589c3274640a3749,sheet1:R7,,,
23a81a601e017e4c-sheet1-R8,2026-03-24,daejeon-daedeok,기획실,황해면옥식당,직원들 격려를 위한 간담회,178000,23a81a601e017e4ca33157056ec7074e9c54ed1e85a6cb56589c3274640a3749,sheet1:R8,,,
23a81a601e017e4c-sheet1-R9,2026-03-27,daejeon-daedeok,기획실,"자유초밥, 빅필드커피",2026년도 출연기관 경영실적 평가 추진을 위한 간담회,146500,23a81a601e017e4ca33157056ec7074e9c54ed1e85a6cb56589c3274640a3749,sheet1:R9,,,
260dc19ef7e6c47b-sheet1-R8,2026-01-21,daejeon-daedeok,,카페누룽지 및 포레,지역보건의료심의회 다과제공,226500,260dc19ef7e6c47b79d16a58c813c375c7d28d6704570085942bd7ccfe20323b,sheet1:R8,,,
260dc19ef7e6c47b-sheet1-R9,2026-02-24,daejeon-daedeok,,꽁뚜,경로당 어르신건강관리사업 간담회,210000,260dc19ef7e6c47b79d16a58c813c375c7d28d6704570085942bd7ccfe20323b,sheet1:R9,,,
260dc19ef7e6c47b-sheet1-R10,2026-03-09,daejeon-daedeok,,월산본가,구강보건사업 업무협약,105000,260dc19ef7e6c47b79d16a58c813c375c7d28d6704570085942bd7ccfe20323b,sheet1:R10,,,
4ab0b4657636769a-sheet1-R8,2026-02-06,daejeon-daedeok,,투고샐러드,2026년 국민기초생활보장사업 주요정책 안내를 위한 간담회,150000,4ab0b4657636769a4b6270f7050419d31e10bb0d856e6ff668d96a94b8bffded,sheet1:R8,,,
4ab0b4657636769a-sheet1-R9,2026-02-23,daejeon-daedeok,,솔밭집,푸드마켓 지원 관련 관계자 간담회,80000,4ab0b4657636769a4b6270f7050419d31e10bb0d856e6ff668d96a94b8bffded,sheet1:R9,,,
4ab0b4657636769a-sheet1-R10,2026-03-26,daejeon-daedeok,,미란칼국수,대덕구 이웃돕기 후원 관련 관계자 간담회,97000,4ab0b4657636769a4b6270f7050419d31e10bb0d856e6ff668d96a94b8bffded,sheet1:R10,,,
2e4557209d5893f3-sheet1-R4,2026-03-12,daejeon-daedeok,,어두리,평생학습교육 운영에 관한 실무협의,80000,2e4557209d5893f3cdf5a34ec959cf91e4f5220d9492056081444420ee812b59,sheet1:R4,,,
2e4557209d5893f3-sheet1-R5,2026-03-16,daejeon-daedeok,,생태와 갈치,청년창업 지원사업에 관한 실무협의,85000,2e4557209d5893f3cdf5a34ec959cf91e4f5220d9492056081444420ee812b59,sheet1:R5,,,
2e4557209d5893f3-sheet1-R6,2026-03-31,daejeon-daedeok,,또랑,대덕구청소년어울림센터 운영에 관한 실무협의,56000,2e4557209d5893f3cdf5a34ec959cf91e4f5220d9492056081444420ee812b59,sheet1:R6,,,
ff2d9db6e8f6b37b-sheet2-R4,2026-03-12,daejeon-daedeok,법1동,"한우식당, 가경커피",명예구청장 간담회,142500,ff2d9db6e8f6b37b22edc5e0dc0c89f39eb4d171170afe21a11f32870b29c2b1,sheet2:R4,,,
ff2d9db6e8f6b37b-sheet2-R5,2026-03-20,daejeon-daedeok,법1동,강촌매운탕,동 유관기관 대표 간담회,76000,ff2d9db6e8f6b37b22edc5e0dc0c89f39eb4d171170afe21a11f32870b29c2b1,sheet2:R5,,,
ff2d9db6e8f6b37b-sheet2-R6,2026-03-24,daejeon-daedeok,법1동,"오래드림, 파리바게뜨 대덕제일점",동 직원 격려,106400,ff2d9db6e8f6b37b22edc5e0dc0c89f39eb4d171170afe21a11f32870b29c2b1,sheet2:R6,,,
ff2d9db6e8f6b37b-sheet2-R7,2026-03-26,daejeon-daedeok,법1동,"승남이네만두샤브샤브, 빽다방 대전법동점",동 직원 간담회,94200,ff2d9db6e8f6b37b22edc5e0dc0c89f39eb4d171170afe21a11f32870b29c2b1,sheet2:R7,,,
ff2d9db6e8f6b37b-sheet2-R8,2026-03-27,daejeon-daedeok,법1동,좋은날 양푼이동태탕,통합돌봄사업 관계자 간담회,48000,ff2d9db6e8f6b37b22edc5e0dc0c89f39eb4d171170afe21a11f32870b29c2b1,sheet2:R8,,,
530266ef754d13fa-sheet1-R7,2026-03-06,daejeon-daedeok,,에이디(AD)카페 외1,대덕산업단지 관계자 간담회,51500,530266ef754d13fadbb78b8e452e326e64bd311c8ba40ac80e689aac88754d88,sheet1:R7,,,
530266ef754d13fa-sheet1-R8,2026-03-12,daejeon-daedeok,,경복궁&갓포제주,대덕뱅크(소상공인 대출지원사업) 유관기관 관계자 간담회,170000,530266ef754d13fadbb78b8e452e326e64bd311c8ba40ac80e689aac88754d88,sheet1:R8,,,
530266ef754d13fa-sheet1-R9,2026-03-13,daejeon-daedeok,,김이박부대지개,중동사태 관련 석유시설(주유소) 유관기관 관계자 간담회,40000,530266ef754d13fadbb78b8e452e326e64bd311c8ba40ac80e689aac88754d88,sheet1:R9,,,
530266ef754d13fa-sheet1-R10,2026-03-17,daejeon-daedeok,,생태와 갈치,도시가스 업무 추진을 위한 사업 관계자 간담회,102000,530266ef754d13fadbb78b8e452e326e64bd311c8ba40ac80e689aac88754d88,sheet1:R10,,,
46bc9b78d1d9bfdc-sheet3-R3,2026-03-06,daejeon-daedeok,,킴스돈까스외 1개소,지역경제활성화 도모 및 직원노로 격려를 위한 간담회 실시,113000,46bc9b78d1d9bfdcc08f5b06d36ff15b00445a1d388ff1813984cb6ee4f891de,sheet3:R3,363b64457a3774ec42159d0d0baabb8c9ffc5c3d78f5eb2c99eca3a2ec63b9d1:sheet3:R3 09c1c1774992bdee38330371b53f3cd49b336d1677046ab3c49105258f9c2371:sheet3:R3 9645610254be94b303def69c5f9f30e9a4b1d9fa9955102d759d52febdcfa255:sheet3:R3,,
46bc9b78d1d9bfdc-sheet3-R4,2026-03-06,daejeon-daedeok,,놀라운하루,중구청 감사실 방문 업무협조 및 노고 격려 간식(쿠키) 구입,48000,46bc9b78d1d9bfdcc08f5b06d36ff15b00445a1d388ff1813984cb6ee4f891de,sheet3:R4,363b64457a3774ec42159d0d0baabb8c9ffc5c3d78f5eb2c99eca3a2ec63b9d1:sheet3:R4 09c1c1774992bdee38330371b53f3cd49b336d1677046ab3c49105258f9c2371:sheet3:R4 9645610254be94b303def69c5f9f30e9a4b1d9fa9955102d759d52febdcfa255:sheet3:R4,,
46bc9b78d1d9bfdc-sheet3-R5,2026-03-24,daejeon-daedeok,,솔솔키친,특정감사 수행 직원 노고 격려를 위한 식사 제공,168000,46bc9b78d1d9bfdcc08f5b06d36ff15b00445a1d388ff1813984cb6ee4f891de,sheet3:R5,363b64457a3774ec42159d0d0baabb8c9ffc5c3d78f5eb2c99eca3a2ec63b9d1:sheet3:R5 09c1c1774992bdee38330371b53f3cd49b336d1677046ab3c49105258f9c2371:sheet3:R5 9645610254be94b303def69c5f9f30e9a4b1d9fa9955102d759d52febdcfa255:sheet3:R5,,
b9cf41cc333126ae-sheet1-R4,2026-03-09,daejeon-daedeok,석봉동,대로식당,새마을문고 간담회,53200,b9cf41cc333126aeac8abf6e117d7f2cead5102a438044b77c385ddaa2c650ef,sheet1:R4,,,
b9cf41cc333126ae-sheet1-R5,2026-03-27,daejeon-daedeok,석봉동,등촌샤브칼국수 신탄진점,주민자치회 간담회,85800,b9cf41cc333126aeac8abf6e117d7f2cead5102a438044b77c385ddaa2c650ef,sheet1:R5,,,
fefbfbcb29f331aa-sheet1-R3,2026-03-03,daejeon-daedeok,어르신장애인과,계족산풍천가,대덕구장애인종합복지관 사업관계자 회의 및 간담회,259650,fefbfbcb29f331aaa8a62618d3149b20bbc4f6f5133dc5fce5baf7f5c9c0fb3f,sheet1:R3,,,
fefbfbcb29f331aa-sheet1-R4,2026-03-04,daejeon-daedeok,어르신장애인과,마장동고기집,"(개소식, 민원처리 등) 어르신정책팀 직원 격려",200000,fefbfbcb29f331aaa8a62618d3149b20bbc4f6f5133dc5fce5baf7f5c9c0fb3f,sheet1:R4,,,
fefbfbcb29f331aa-sheet1-R5,2026-03-06,daejeon-daedeok,어르신장애인과,나들목식당,노인지회 사업 관계자 회의 및 간담회,60000,fefbfbcb29f331aaa8a62618d3149b20bbc4f6f5133dc5fce5baf7f5c9c0fb3f,sheet1:R5,,,
fefbfbcb29f331aa-sheet1-R6,2026-03-18,daejeon-daedeok,어르신장애인과,옥천해장국식당,어르신정책팀 직원 격려 오찬,30000,fefbfbcb29f331aaa8a62618d3149b20bbc4f6f5133dc5fce5baf7f5c9c0fb3f,sheet1:R6,,,
fefbfbcb29f331aa-sheet1-R7,2026-03-19,daejeon-daedeok,어르신장애인과,오마카세키친,어르신복지팀 직원 격려,182000,fefbfbcb29f331aaa8a62618d3149b20bbc4f6f5133dc5fce5baf7f5c9c0fb3f,sheet1:R7,,,
fefbfbcb29f331aa-sheet1-R8,2026-03-24,daejeon-daedeok,어르신장애인과,행복한집,장애인복지팀 직원 격려,86000,fefbfbcb29f331aaa8a62618d3149b20bbc4f6f5133dc5fce5baf7f5c9c0fb3f,sheet1:R8,,,
fefbfbcb29f331aa-sheet1-R9,2026-03-25,daejeon-daedeok,어르신장애인과,오부자강릉집,노인대학 개강식 관련 사업 관계자 회의 및 간담회,48000,fefbfbcb29f331aaa8a62618d3149b20bbc4f6f5133dc5fce5baf7f5c9c0fb3f,sheet1:R9,,,
a83611bb9d90e821-sheet1-R6,2026-03-20,daejeon-daedeok,,황제명태본가,통장임명심의위원회,61000,a83611bb9d90e8211c1978bb0814d014095e880e17178d47e1d33410fe6422ec,sheet1:R6,,,
a83611bb9d90e821-sheet1-R7,2026-03-23,daejeon-daedeok,,은미네식당,통장협의회 임원진,150000,a83611bb9d90e8211c1978bb0814d014095e880e17178d47e1d33410fe6422ec,sheet1:R7,,,
fcb65f80b857e2ae-sheet1-R4,2026-03-30,daejeon-daedeok,신탄진동,금강옥,통장임명심의위원회 간담회,65000,fcb65f80b857e2ae97de154749e60930d736758075c74fde7ef36dc9ba438ef9,sheet1:R4,,,
0231a7e448803e61-sheet1-R4,2026-03-11,daejeon-daedeok,비래동,두부명가식당,주민자치회 간담회,21000,0231a7e448803e61a195ee6149c71594c5dfa3015806d139bbd025e70720f49b,sheet1:R4,,,
0231a7e448803e61-sheet1-R5,2026-03-19,daejeon-daedeok,비래동,춘천고려닭갈비,체육회 간담회,63000,0231a7e448803e61a195ee6149c71594c5dfa3015806d139bbd025e70720f49b,sheet1:R5,,,
0231a7e448803e61-sheet1-R6,2026-03-20,daejeon-daedeok,비래동,다정백반,직원격려,30000,0231a7e448803e61a195ee6149c71594c5dfa3015806d139bbd025e70720f49b,sheet1:R6,,,
0231a7e448803e61-sheet1-R7,2026-03-23,daejeon-daedeok,비래동,비래스토아,내방객 음료,198000,0231a7e448803e61a195ee6149c71594c5dfa3015806d139bbd025e70720f49b,sheet1:R7,,,
0231a7e448803e61-sheet1-R8,2026-03-24,daejeon-daedeok,비래동,우장창식당,경로당 비래동 분회,282000,0231a7e448803e61a195ee6149c71594c5dfa3015806d139bbd025e70720f49b,sheet1:R8,,,
e5b53ea9878142c3-sheet1-R3,2026-03-03,daejeon-daedeok,문화관광체육과,김연수소국밥막국수,문화예술진흥 시책추진업무추진비 지출품의(회덕향교 업무추진),30000,e5b53ea9878142c3507e3acc6b995845a8778d5b6328ab86536fe78085387f17,sheet1:R3,,,
e5b53ea9878142c3-sheet1-R4,2026-03-09,daejeon-daedeok,문화관광체육과,구들마루,문화예술진흥 시책추진업무추진비 지출품의(대덕문화원 업무협의),94000,e5b53ea9878142c3507e3acc6b995845a8778d5b6328ab86536fe78085387f17,sheet1:R4,,,
e5b53ea9878142c3-sheet1-R5,2026-03-11,daejeon-daedeok,문화관광체육과,"사랑채식당, 스테이플랜트카페",문화예술진흥 시책추진업무추진비 지출품의(축제추진위원회),292500,e5b53ea9878142c3507e3acc6b995845a8778d5b6328ab86536fe78085387f17,sheet1:R5,,,
e5b53ea9878142c3-sheet1-R6,2026-03-16,daejeon-daedeok,문화관광체육과,"월산본가, 투썸플레이스 대전송촌점",문화예술진흥 시책추진업무추진비 지출품의(대덕구여성합창단 운영 협의),155400,e5b53ea9878142c3507e3acc6b995845a8778d5b6328ab86536fe78085387f17,sheet1:R6,,,
e5b53ea9878142c3-sheet1-R7,2026-03-16,daejeon-daedeok,문화관광체육과,"항아리보쌈 석봉지점, 빽다방 대전새여울초점",생활체육활동진흥 시책추진업무추진비 지출품의(직장운동경기부 오찬 간담회),277400,e5b53ea9878142c3507e3acc6b995845a8778d5b6328ab86536fe78085387f17,sheet1:R7,,,
1a3817bab0729f53-sheet1-R8,2026-02-19,daejeon-daedeok,,오구쌀피자,시설관리사업소 직원 격려,151400,1a3817bab0729f535e5797426193ac87a59410544410e3e4dd4aa5c1ce7ca0f4,sheet1:R8,,,
3afe43ede03abae4-sheet1-R8,2026-01-07,daejeon-daedeok,,소나무집,시설관리사업소 직원 격려,210000,3afe43ede03abae4b8bf5adfed7d183ce800d99262cfb2f089c1082acfba75c1,sheet1:R8,,,
3afe43ede03abae4-sheet1-R9,2026-01-08,daejeon-daedeok,,샤브연리지,입주기관 관계자 간담회,68000,3afe43ede03abae4b8bf5adfed7d183ce800d99262cfb2f089c1082acfba75c1,sheet1:R9,,,
3afe43ede03abae4-sheet1-R10,2026-01-29,daejeon-daedeok,,쿵푸차이,시설관리사업소 직원 격려,76000,3afe43ede03abae4b8bf5adfed7d183ce800d99262cfb2f089c1082acfba75c1,sheet1:R10,,,
aab0038797d37c87-sheet1-R6,2026-02-06,daejeon-daedeok,법2동,수원숯불갈비,주민자치회 위원 간담회,171000,aab0038797d37c870f7dcec087d108ce84fb6a672437950bc79c84d55c1b9874,sheet1:R6,,,
aab0038797d37c87-sheet1-R7,2026-02-20,daejeon-daedeok,법2동,전복오리누룽지백숙,바르게살기위원회 회원 간담회,300000,aab0038797d37c870f7dcec087d108ce84fb6a672437950bc79c84d55c1b9874,sheet1:R7,,,
aab0038797d37c87-sheet1-R8,2026-02-23,daejeon-daedeok,법2동,남원추어탕,선거관리위원회 위원 간담회,111000,aab0038797d37c870f7dcec087d108ce84fb6a672437950bc79c84d55c1b9874,sheet1:R8,,,
aab0038797d37c87-sheet1-R9,2026-02-25,daejeon-daedeok,법2동,샘물식당,노인분회 회원 간담회,57000,aab0038797d37c870f7dcec087d108ce84fb6a672437950bc79c84d55c1b9874,sheet1:R9,,,
22d4a3acc91e89c0-sheet1-R3,2026-02-26,daejeon-daedeok,토지정보과,생태와 갈치,개별공시지가조사사업 업무추진 격려,136000,22d4a3acc91e89c0e9f74d66c721028836fc94d58586d6e0c93e250ed64ec87f,sheet1:R3,,,
6343947c3252a803-sheet1-R5,2026-02-05,daejeon-daedeok,덕암동,신탄면옥,환경관리요원 간담회,66000,6343947c3252a8030bac05569f2185f1ef0a7e5981ce10f8ad085bb3f3e13163,sheet1:R5,,,
6343947c3252a803-sheet1-R6,2026-02-23,daejeon-daedeok,덕암동,큰손정육식당,선거관리위원회 간담회,96000,6343947c3252a8030bac05569f2185f1ef0a7e5981ce10f8ad085bb3f3e13163,sheet1:R6,,,
6343947c3252a803-sheet1-R7,2026-02-26,daejeon-daedeok,덕암동,큰손쌈밥식당,경로당 덕암동분회 간담회,210000,6343947c3252a8030bac05569f2185f1ef0a7e5981ce10f8ad085bb3f3e13163,sheet1:R7,,,
3e7b0dcf7fd785ca-sheet1-R8,2026-02-13,daejeon-daedeok,,좋은날양푼이동태탕,통합돌봄사업의 애로사항 청취 및 신규사업 논의를 위한 통합돌봄서비스 제공기관 대상 간담회,59000,3e7b0dcf7fd785cab86e417db3a2eb30fcae2d12a6f580b595cb757c3d241267,sheet1:R8,,,
3e7b0dcf7fd785ca-sheet1-R9,2026-02-20,daejeon-daedeok,,느루담,통합돌봄사업 전국화에 따른 통합지원협의회의 역할 논의를 위한 지역사회통합지원협의회 회의,67200,3e7b0dcf7fd785cab86e417db3a2eb30fcae2d12a6f580b595cb757c3d241267,sheet1:R9,,,
3e7b0dcf7fd785ca-sheet1-R10,2026-02-25,daejeon-daedeok,,오색추어탕,지역사회보장 연차별 시행계획 결과 모니터링과 관련 지사협 실무협의체 위원과 오찬간담회,63000,3e7b0dcf7fd785cab86e417db3a2eb30fcae2d12a6f580b595cb757c3d241267,sheet1:R10,,,
f6f060949f20fe17-sheet1-R8,2026-01-07,daejeon-daedeok,,"꽁뚜, 엔티비알(카페)",인사이동으로 변동된 직원들을 환영하고 애로사항 청취 및 향후 사업추진 논의를 위한 간담회,87500,f6f060949f20fe17ecd19f1309f579f71bd63b154e195c4a48d4c7d9418f9c0d,sheet1:R8,,,
f6f060949f20fe17-sheet1-R9,2026-01-16,daejeon-daedeok,,신탄면옥,대덕구재향군인회 사업추진 관련 업무 협의를 위한 오찬간담회,133000,f6f060949f20fe17ecd19f1309f579f71bd63b154e195c4a48d4c7d9418f9c0d,sheet1:R9,,,
f6f060949f20fe17-sheet1-R10,2026-01-20,daejeon-daedeok,,전복오리백숙,의료요양 통합돌봄 사업 추진에 따른 서비스 연계방안 논의를 위한 건강보험공단과의 간담회,60000,f6f060949f20fe17ecd19f1309f579f71bd63b154e195c4a48d4c7d9418f9c0d,sheet1:R10,,,
f6f060949f20fe17-sheet1-R11,2026-01-21,daejeon-daedeok,,꽁뚜,의료요양 통합돌봄 사업 추진에 따른 추후 진행방안 논의를 위한 방문의료지원센터와의 간담회,160000,f6f060949f20fe17ecd19f1309f579f71bd63b154e195c4a48d4c7d9418f9c0d,sheet1:R11,,,
f6f060949f20fe17-sheet1-R12,2026-01-28,daejeon-daedeok,,별채,지역사회보장 연차별 시행계획 관련 모니터링 논의를 위한 지사협 대표협의체 관계자 간담회,128000,f6f060949f20fe17ecd19f1309f579f71bd63b154e195c4a48d4c7d9418f9c0d,sheet1:R12,,,
f6f060949f20fe17-sheet1-R13,2026-01-29,daejeon-daedeok,,전복오리백숙,2025년 민관협력 돌봄체계 활성화 지원사업 종료에 따른 현장의견 청취를 위한 복지관장님들과의 간담회,50000,f6f060949f20fe17ecd19f1309f579f71bd63b154e195c4a48d4c7d9418f9c0d,sheet1:R13,,,
8be2f10eb34dec32-table1-R2,2026-02-11,daejeon-daedeok,,군자대한곱창 (중구 계룡로874번길 14),도시재생 사업 추진 관련 관계자 간담회,87500,8be2f10eb34dec32bde9f8bf6148fa1b247f08ded409e7058a5d5a480b6ad791,table1:R2,,,
6a2ab3889729c33e-sheet1-R3,2026-02-02,daejeon-daedeok,어르신장애인과,"한밭삼계탕, 포레",노인종합복지관 사업관계자 회의 및 간담회,97300,6a2ab3889729c33e2bc8056a3190dc64f5c1d0a1ab1b903e16b2aadefe6b0d57,sheet1:R3,,,
6a2ab3889729c33e-sheet1-R4,2026-02-06,daejeon-daedeok,어르신장애인과,김관식 추어명장,경로당활성화사업 관계자 회의 및 간담회,68000,6a2ab3889729c33e2bc8056a3190dc64f5c1d0a1ab1b903e16b2aadefe6b0d57,sheet1:R4,,,
6a2ab3889729c33e-sheet1-R5,2026-02-11,daejeon-daedeok,어르신장애인과,대박갈비탕,인사발령에 따른 어르신장애인과 직원 격려,282000,6a2ab3889729c33e2bc8056a3190dc64f5c1d0a1ab1b903e16b2aadefe6b0d57,sheet1:R5,,,
6a2ab3889729c33e-sheet1-R6,2026-02-23,daejeon-daedeok,어르신장애인과,생태와갈치,장기요양기관 사업 관계자 회의 및 간담회,102000,6a2ab3889729c33e2bc8056a3190dc64f5c1d0a1ab1b903e16b2aadefe6b0d57,sheet1:R6,,,
6a2ab3889729c33e-sheet1-R7,2026-02-24,daejeon-daedeok,어르신장애인과,덕이네식당,당면업무 추진에 따른 어르신정책팀 직원 격려,50000,6a2ab3889729c33e2bc8056a3190dc64f5c1d0a1ab1b903e16b2aadefe6b0d57,sheet1:R7,,,
6a2ab3889729c33e-sheet1-R8,2026-02-27,daejeon-daedeok,어르신장애인과,착한낙지용전점,노인일자리 사업 관련 관계자 회의 및 간담회,69000,6a2ab3889729c33e2bc8056a3190dc64f5c1d0a1ab1b903e16b2aadefe6b0d57,sheet1:R8,,,
ae9d0f2ec4ff34e2-sheet1-R5,2026-02-12,daejeon-daedeok,,구들마루 오정점,청소사업 관계자 간담회,255000,ae9d0f2ec4ff34e219e20011859b6eb4bc5cf14884f93ecff7f887672b0778fd,sheet1:R5,,,
8233d866b11aa6ad-sheet1-R4,2026-02-04,daejeon-daedeok,,오똑행,청년내일가게 조성사업 관련 실무 협의,48000,8233d866b11aa6adb6e0d29e3bed72cbec5da3e87c41aca2c223762b958a98dc,sheet1:R4,,,
8233d866b11aa6ad-sheet1-R5,2026-02-06,daejeon-daedeok,,한밭삼계탕,청소년어울림센터 운영에 관한 실무 협의,78000,8233d866b11aa6adb6e0d29e3bed72cbec5da3e87c41aca2c223762b958a98dc,sheet1:R5,,,
c26192d8262aaced-sheet1-R3,2026-02-03,daejeon-daedeok,미디어홍보과,모미지 대전시청점,지역 언론사 만찬 간담회,487350,c26192d8262aacedeeec55758bd416bcb4461bf15782ee339e9667d9d2a2f65f,sheet1:R3,,,
c26192d8262aaced-sheet1-R4,2026-02-05,daejeon-daedeok,미디어홍보과,곰수산 종합도매,지역 언론사 만찬 간담회,185000,c26192d8262aacedeeec55758bd416bcb4461bf15782ee339e9667d9d2a2f65f,sheet1:R4,,,
c26192d8262aaced-sheet1-R5,2026-02-06,daejeon-daedeok,미디어홍보과,바로잡아 풍천장어,지역 언론사 만찬 간담회,341000,c26192d8262aacedeeec55758bd416bcb4461bf15782ee339e9667d9d2a2f65f,sheet1:R5,,,
c26192d8262aaced-sheet1-R6,2026-02-06,daejeon-daedeok,미디어홍보과,생어거스틴,지역 언론사 오찬 간담회,493000,c26192d8262aacedeeec55758bd416bcb4461bf15782ee339e9667d9d2a2f65f,sheet1:R6,,,
c26192d8262aaced-sheet1-R7,2026-02-09,daejeon-daedeok,미디어홍보과,주식회사 캘리포니아베이커리카페,지역 언론사 오찬 간담회,19000,c26192d8262aacedeeec55758bd416bcb4461bf15782ee339e9667d9d2a2f65f,sheet1:R7,,,
c26192d8262aaced-sheet1-R8,2026-02-09,daejeon-daedeok,미디어홍보과,옥된장(대전시청점),지역 언론사 오찬 간담회,75000,c26192d8262aacedeeec55758bd416bcb4461bf15782ee339e9667d9d2a2f65f,sheet1:R8,,,
c26192d8262aaced-sheet1-R9,2026-02-12,daejeon-daedeok,미디어홍보과,마마디저트카페24&쿠킹스튜디오,부서 화합을 위한 소통 간담회,41500,c26192d8262aacedeeec55758bd416bcb4461bf15782ee339e9667d9d2a2f65f,sheet1:R9,,,
c26192d8262aaced-sheet1-R10,2026-02-12,daejeon-daedeok,미디어홍보과,달빛에구운고등어 중촌점,부서 화합을 위한 소통 간담회,146500,c26192d8262aacedeeec55758bd416bcb4461bf15782ee339e9667d9d2a2f65f,sheet1:R10,,,
c26192d8262aaced-sheet1-R11,2026-02-23,daejeon-daedeok,미디어홍보과,이가촌부뚜막,구정소식지 인터뷰 대상자 취재 및 간담회,24000,c26192d8262aacedeeec55758bd416bcb4461bf15782ee339e9667d9d2a2f65f,sheet1:R11,,,
c26192d8262aaced-sheet1-R12,2026-02-23,daejeon-daedeok,미디어홍보과,가베카페본점,구정소식지 인터뷰 대상자 취재 및 간담회,17000,c26192d8262aacedeeec55758bd416bcb4461bf15782ee339e9667d9d2a2f65f,sheet1:R12,,,
c26192d8262aaced-sheet1-R13,2026-02-24,daejeon-daedeok,미디어홍보과,(주)명장복집,지역 언론사 오찬 간담회,321000,c26192d8262aacedeeec55758bd416bcb4461bf15782ee339e9667d9d2a2f65f,sheet1:R13,,,
c26192d8262aaced-sheet1-R14,2026-02-26,daejeon-daedeok,미디어홍보과,투썸플레이스대전만년점,지역 언론사 오찬 간담회,27700,c26192d8262aacedeeec55758bd416bcb4461bf15782ee339e9667d9d2a2f65f,sheet1:R14,,,
c26192d8262aaced-sheet1-R15,2026-02-26,daejeon-daedeok,미디어홍보과,(주)명장복집,지역 언론사 오찬 간담회,116000,c26192d8262aacedeeec55758bd416bcb4461bf15782ee339e9667d9d2a2f65f,sheet1:R15,,,
c26192d8262aaced-sheet1-R16,2026-02-27,daejeon-daedeok,미디어홍보과,카페그란데,지역 언론사 오찬 간담회,19700,c26192d8262aacedeeec55758bd416bcb4461bf15782ee339e9667d9d2a2f65f,sheet1:R16,,,
c7e83f5ef64b1e11-sheet2-R4,2026-02-12,daejeon-daedeok,법1동,"중리공주칼국수, 배스킨라빈스 대전중리점",직원 격려,97000,c7e83f5ef64b1e118e0fb3413fdd2e20c885881b700f7e891e43838e96de7633,sheet2:R4,,,
c7e83f5ef64b1e11-sheet2-R5,2026-02-20,daejeon-daedeok,법1동,"강촌매운탕, 카페 오르(café Or)",직원 격려,60700,c7e83f5ef64b1e118e0fb3413fdd2e20c885881b700f7e891e43838e96de7633,sheet2:R5,,,
c7e83f5ef64b1e11-sheet2-R6,2026-02-24,daejeon-daedeok,법1동,빽다방 대전법동점,직원 격려,64100,c7e83f5ef64b1e118e0fb3413fdd2e20c885881b700f7e891e43838e96de7633,sheet2:R6,,,
c7e83f5ef64b1e11-sheet2-R7,2026-02-25,daejeon-daedeok,법1동,좋은날 양푼이동태탕,대덕구청 직원 간담회,36000,c7e83f5ef64b1e118e0fb3413fdd2e20c885881b700f7e891e43838e96de7633,sheet2:R7,,,
c7e83f5ef64b1e11-sheet2-R8,2026-02-26,daejeon-daedeok,법1동,빽다방 대전법동점,법1동지역사회보장협의체 간담회,60100,c7e83f5ef64b1e118e0fb3413fdd2e20c885881b700f7e891e43838e96de7633,sheet2:R8,,,
6173b347e1bc1631-sheet1-R3,2026-02-04,daejeon-daedeok,기획실,라무다찌,대외기관 공모평가 사업 전략 수립을 위한 간담회,237800,6173b347e1bc1631b1e5410a71fcfc36233e28aec54cd2d440bcbfd8190a65cf,sheet1:R3,,,
6173b347e1bc1631-sheet1-R4,2026-02-04,daejeon-daedeok,기획실,삼미손칼국수식당 외 1개소,구 중점사업의 원활한 추진을 위한 간담회,167600,6173b347e1bc1631b1e5410a71fcfc36233e28aec54cd2d440bcbfd8190a65cf,sheet1:R4,,,
6173b347e1bc1631-sheet1-R5,2026-02-05,daejeon-daedeok,기획실,비래키키,공공데이터 활용 및 데이터 분석과제 등 활성화 방안 논의 위한 간담회,130500,6173b347e1bc1631b1e5410a71fcfc36233e28aec54cd2d440bcbfd8190a65cf,sheet1:R5,,,
6173b347e1bc1631-sheet1-R6,2026-02-05,daejeon-daedeok,기획실,헤이팅스 외 1개소,국가정책 사업 추진 관련 기준인력 확보 위한 간담회,128000,6173b347e1bc1631b1e5410a71fcfc36233e28aec54cd2d440bcbfd8190a65cf,sheet1:R6,,,
6173b347e1bc1631-sheet1-R7,2026-02-09,daejeon-daedeok,기획실,명품진한우,민간위탁 지침 수립을 위한 타구 업무 담당자들과의 회의,128000,6173b347e1bc1631b1e5410a71fcfc36233e28aec54cd2d440bcbfd8190a65cf,sheet1:R7,,,
6173b347e1bc1631-sheet1-R8,2026-02-11,daejeon-daedeok,기획실,초미당 세번째,월활한 법제업무 추진을 위한 법무행정 전문가들과의 간담회,120000,6173b347e1bc1631b1e5410a71fcfc36233e28aec54cd2d440bcbfd8190a65cf,sheet1:R8,,,
6173b347e1bc1631-sheet1-R9,2026-02-13,daejeon-daedeok,기획실,산들버섯국밥묵밥들 외 1개소,구 중점사업 활성화를 위한 간담회,76500,6173b347e1bc1631b1e5410a71fcfc36233e28aec54cd2d440bcbfd8190a65cf,sheet1:R9,,,
6173b347e1bc1631-sheet1-R10,2026-02-26,daejeon-daedeok,,신도칼국수 외 1개소,구 공약사업의 원활한 추진을 위한 간담회,61800,6173b347e1bc1631b1e5410a71fcfc36233e28aec54cd2d440bcbfd8190a65cf,sheet1:R10,,,
6173b347e1bc1631-sheet1-R11,2026-02-27,daejeon-daedeok,,예지원,시책 및 중점사업의 원활한 추진을 위한 간담회,120000,6173b347e1bc1631b1e5410a71fcfc36233e28aec54cd2d440bcbfd8190a65cf,sheet1:R11,,,
d09596c41fe4e6c7-sheet1-R5,2026-02-05,daejeon-daedeok,목상동,청원골묵은지김치찌개식당,탄소중립실천연대 월례회의,174000,d09596c41fe4e6c754ab6dfd1adeffc7ce862d26756a8e74a4b3164374661f9e,sheet1:R5,,,
d09596c41fe4e6c7-sheet1-R6,2026-02-06,daejeon-daedeok,목상동,백년짬뽕,통장협의회 간담회,50000,d09596c41fe4e6c754ab6dfd1adeffc7ce862d26756a8e74a4b3164374661f9e,sheet1:R6,,,
d09596c41fe4e6c7-sheet1-R7,2026-02-10,daejeon-daedeok,목상동,11번가,직원격려,269500,d09596c41fe4e6c754ab6dfd1adeffc7ce862d26756a8e74a4b3164374661f9e,sheet1:R7,,,
d09596c41fe4e6c7-sheet1-R8,2026-02-12,daejeon-daedeok,목상동,소나무집,구청 업무 관계자 간담회,60000,d09596c41fe4e6c754ab6dfd1adeffc7ce862d26756a8e74a4b3164374661f9e,sheet1:R8,,,
d09596c41fe4e6c7-sheet1-R9,2026-02-23,daejeon-daedeok,목상동,소나무집,신탄권역 동장 간담회,60000,d09596c41fe4e6c754ab6dfd1adeffc7ce862d26756a8e74a4b3164374661f9e,sheet1:R9,,,
6917f0bf1652c087-sheet1-R3,2026-02-20,daejeon-daedeok,공감민원과,황혜면옥,민원행정 자원봉사자 격려,280000,6917f0bf1652c08704dbab59c3c417a0fca4839df94f60ff0936074e1c30de00,sheet1:R3,,,
0cac23d2b076d2c9-sheet1-R4,2026-02-11,daejeon-daedeok,석봉동,청보리골,복지만두레 간담회,60000,0cac23d2b076d2c910f7c9d1ca110aaa7bb855baf2f8c79ae9591a7f49a0c1f5,sheet1:R4,,,
0cac23d2b076d2c9-sheet1-R5,2026-02-25,daejeon-daedeok,석봉동,탱탱낙지랑돈까스,통장협의회 간담회,147000,0cac23d2b076d2c910f7c9d1ca110aaa7bb855baf2f8c79ae9591a7f49a0c1f5,sheet1:R5,,,
0cac23d2b076d2c9-sheet1-R6,2026-02-27,daejeon-daedeok,석봉동,소담,복지만두레 간담회,33300,0cac23d2b076d2c910f7c9d1ca110aaa7bb855baf2f8c79ae9591a7f49a0c1f5,sheet1:R6,,,
6b0f4b3345c64b2e-sheet1-R8,2026-02-05,daejeon-daedeok,,사랑채식당 (대덕구 오정동),대덕구 지역자율방재단 노고격려 및 업무협의 관련,169000,6b0f4b3345c64b2e5cce0de900377a18c55a8d657ebe803a7e9a9face8b7ab05,sheet1:R8,,,
8b758e2c80b4a671-sheet2-R3,2026-02-27,daejeon-daedeok,,샐러리아,직원격려,72800,8b758e2c80b4a671e5f3982ab00a2afcb6529c0d715789b87ff073d63df8ce11,sheet2:R3,46bc9b78d1d9bfdcc08f5b06d36ff15b00445a1d388ff1813984cb6ee4f891de:sheet2:R3 363b64457a3774ec42159d0d0baabb8c9ffc5c3d78f5eb2c99eca3a2ec63b9d1:sheet2:R3 09c1c1774992bdee38330371b53f3cd49b336d1677046ab3c49105258f9c2371:sheet2:R3 9645610254be94b303def69c5f9f30e9a4b1d9fa9955102d759d52febdcfa255:sheet2:R3,,
e837db8565a3f3ec-sheet1-R3,2026-02-06,daejeon-daedeok,문화관광체육과,수월풍천장어,생활체육활동진흥 시책추진업무추진비 지출품의(대덕구장애인체육회 업무 협의),377550,e837db8565a3f3eced58ac02eb04ee22ec3743f605573f1d79730e782a5f3108,sheet1:R3,,,
e837db8565a3f3ec-sheet1-R4,2026-02-09,daejeon-daedeok,문화관광체육과,교동면옥,문화예술진흥 시책추진업무추진비 지출품의(신탄진쥐불놀이축제 관련 간담회),118000,e837db8565a3f3eced58ac02eb04ee22ec3743f605573f1d79730e782a5f3108,sheet1:R4,,,
e837db8565a3f3ec-sheet1-R5,2026-02-11,daejeon-daedeok,문화관광체육과,"황해면옥, 스테이플랜트카페",문화예술진흥 시책추진업무추진비 지출품의(2026 대덕물빛축제 협의),390000,e837db8565a3f3eced58ac02eb04ee22ec3743f605573f1d79730e782a5f3108,sheet1:R5,,,
e837db8565a3f3ec-sheet1-R6,2026-02-27,daejeon-daedeok,문화관광체육과,경동오징어칼국수,문화예술진흥 시책추진업무추진비 지출품의(2026 대덕물빛축제 협의),74000,e837db8565a3f3eced58ac02eb04ee22ec3743f605573f1d79730e782a5f3108,sheet1:R6,,,
e837db8565a3f3ec-sheet1-R7,2026-02-28,daejeon-daedeok,문화관광체육과,"스타벅스 코리아, 대청골순대국밥",문화예술진흥 시책추진업무추진비 지출품의(신탄진쥐불놀이축제 관련 간담회),77100,e837db8565a3f3eced58ac02eb04ee22ec3743f605573f1d79730e782a5f3108,sheet1:R7,,,
028971db8dcbb528-sheet1-R7,2026-02-13,daejeon-daedeok,,순대하늘주방 외1,기업 및 소상공인 지원 사업 추진을 위한 관계자 간담회,72500,028971db8dcbb528185b434679ce80e5aaf7d1c7ea665d911552056256a716b7,sheet1:R7,,,
028971db8dcbb528-sheet1-R8,2026-02-25,daejeon-daedeok,,콩마을식당 외1,노동자권리보호증진센터 사업 관계자 간담회,80500,028971db8dcbb528185b434679ce80e5aaf7d1c7ea665d911552056256a716b7,sheet1:R8,,,
d38701b211f5029b-table1-R2,2026-02-02,daejeon-daedeok,대화동,승남이네김밥&칼국수,직원 오찬 간담회,66000,d38701b211f5029b28ed12d7ef4512da744c67795c01b726ad6c28a1b2cd781d,table1:R2,407ac2dfe8b43d13382cf872394bb148ae1399c83afde4c487f3b6ae881b0af8:sheet2:R3 328da04c8a4b04f7432482fb5fa661dfa2bba0599d0d9b7d58e6329ddaa075e3:sheet2:R3,,
d38701b211f5029b-table1-R3,2026-02-10,daejeon-daedeok,대화동,장미식당,통장협의회 오찬 간담회,264000,d38701b211f5029b28ed12d7ef4512da744c67795c01b726ad6c28a1b2cd781d,table1:R3,407ac2dfe8b43d13382cf872394bb148ae1399c83afde4c487f3b6ae881b0af8:sheet2:R4 328da04c8a4b04f7432482fb5fa661dfa2bba0599d0d9b7d58e6329ddaa075e3:sheet2:R4,,
d38701b211f5029b-table1-R4,2026-02-12,daejeon-daedeok,대화동,굴세상식당,관내 기관장 오찬 간담회,33000,d38701b211f5029b28ed12d7ef4512da744c67795c01b726ad6c28a1b2cd781d,table1:R4,407ac2dfe8b43d13382cf872394bb148ae1399c83afde4c487f3b6ae881b0af8:sheet2:R5 328da04c8a4b04f7432482fb5fa661dfa2bba0599d0d9b7d58e6329ddaa075e3:sheet2:R5,,
d38701b211f5029b-table1-R5,2026-02-12,daejeon-daedeok,대화동,카페누엘,내방객 음료(커피 원두),30000,d38701b211f5029b28ed12d7ef4512da744c67795c01b726ad6c28a1b2cd781d,table1:R5,407ac2dfe8b43d13382cf872394bb148ae1399c83afde4c487f3b6ae881b0af8:sheet2:R6 328da04c8a4b04f7432482fb5fa661dfa2bba0599d0d9b7d58e6329ddaa075e3:sheet2:R6,,
d38701b211f5029b-table1-R6,2026-02-26,daejeon-daedeok,대화동,성심당,내방객 다과,45600,d38701b211f5029b28ed12d7ef4512da744c67795c01b726ad6c28a1b2cd781d,table1:R6,407ac2dfe8b43d13382cf872394bb148ae1399c83afde4c487f3b6ae881b0af8:sheet2:R7 328da04c8a4b04f7432482fb5fa661dfa2bba0599d0d9b7d58e6329ddaa075e3:sheet2:R7,,
5ea63e9dd30cc5b4-table1-R2,2026-01-02,daejeon-daedeok,대화동,굴세상식당,업무 관계자 오찬 간담회,73000,5ea63e9dd30cc5b4301d347f2cc7d8846372e812840b35eccb55278cc88204e8,table1:R2,407ac2dfe8b43d13382cf872394bb148ae1399c83afde4c487f3b6ae881b0af8:sheet1:R3 328da04c8a4b04f7432482fb5fa661dfa2bba0599d0d9b7d58e6329ddaa075e3:sheet1:R3,,
5ea63e9dd30cc5b4-table1-R3,2026-01-09,daejeon-daedeok,대화동,아뜰리에포요,직원 오찬 간담회,72000,5ea63e9dd30cc5b4301d347f2cc7d8846372e812840b35eccb55278cc88204e8,table1:R3,407ac2dfe8b43d13382cf872394bb148ae1399c83afde4c487f3b6ae881b0af8:sheet1:R4 328da04c8a4b04f7432482fb5fa661dfa2bba0599d0d9b7d58e6329ddaa075e3:sheet1:R4,,
5ea63e9dd30cc5b4-table1-R4,2026-01-16,daejeon-daedeok,대화동,파리바게뜨,내방객 다과,38900,5ea63e9dd30cc5b4301d347f2cc7d8846372e812840b35eccb55278cc88204e8,table1:R4,407ac2dfe8b43d13382cf872394bb148ae1399c83afde4c487f3b6ae881b0af8:sheet1:R5 328da04c8a4b04f7432482fb5fa661dfa2bba0599d0d9b7d58e6329ddaa075e3:sheet1:R5,,
5ea63e9dd30cc5b4-table1-R5,2026-01-19,daejeon-daedeok,대화동,다오칼국수,노인회대화동분회 오찬간담회,34000,5ea63e9dd30cc5b4301d347f2cc7d8846372e812840b35eccb55278cc88204e8,table1:R5,407ac2dfe8b43d13382cf872394bb148ae1399c83afde4c487f3b6ae881b0af8:sheet1:R6 328da04c8a4b04f7432482fb5fa661dfa2bba0599d0d9b7d58e6329ddaa075e3:sheet1:R6,,
5ea63e9dd30cc5b4-table1-R6,2026-01-22,daejeon-daedeok,대화동,장미식당,자생단체회장 및 경로당 임원진 오찬간담회,68000,5ea63e9dd30cc5b4301d347f2cc7d8846372e812840b35eccb55278cc88204e8,table1:R6,407ac2dfe8b43d13382cf872394bb148ae1399c83afde4c487f3b6ae881b0af8:sheet1:R7 328da04c8a4b04f7432482fb5fa661dfa2bba0599d0d9b7d58e6329ddaa075e3:sheet1:R7,,
34dfacb84da27063-sheet1-R6,2026-02-09,daejeon-daedeok,,월산본가,새마을문고회 간담회,379000,34dfacb84da2706318c3dc5285416a7e9ef2c5fad490d5b552e7727c782795a0,sheet1:R6,,,
34dfacb84da27063-sheet1-R7,2026-02-13,daejeon-daedeok,,냉천골흑염소,대한노인회 간담회,240000,34dfacb84da2706318c3dc5285416a7e9ef2c5fad490d5b552e7727c782795a0,sheet1:R7,,,
34dfacb84da27063-sheet1-R8,2026-02-23,daejeon-daedeok,,순우리뼈감자탕,자율방재단 간담회,99000,34dfacb84da2706318c3dc5285416a7e9ef2c5fad490d5b552e7727c782795a0,sheet1:R8,,,
9e5a82510745d084-sheet1-R9,2026-02-10,daejeon-daedeok,비래동,행복식당,통장협의회(1~6통장) 간담회,88000,9e5a82510745d084c962245b94a427559d968b1ebd80cda37d264c811248eb97,sheet1:R9,,,
9e5a82510745d084-sheet1-R10,2026-02-12,daejeon-daedeok,비래동,명가네보쌈칼국수,통장협의회(7~12통장) 간담회,186000,9e5a82510745d084c962245b94a427559d968b1ebd80cda37d264c811248eb97,sheet1:R10,,,
9e5a82510745d084-sheet1-R11,2026-02-13,daejeon-daedeok,비래동,세천옥,자생단체자협의회 간담회,102000,9e5a82510745d084c962245b94a427559d968b1ebd80cda37d264c811248eb97,sheet1:R11,,,
9e5a82510745d084-sheet1-R12,2026-02-19,daejeon-daedeok,비래동,행복식당,통장협의회(13~18통장) 간담회,92000,9e5a82510745d084c962245b94a427559d968b1ebd80cda37d264c811248eb97,sheet1:R12,,,
9e5a82510745d084-sheet1-R13,2026-02-20,daejeon-daedeok,비래동,아주매운공주칼국수쭈꾸미구이,통장협의회(19~24통장) 간담회,110000,9e5a82510745d084c962245b94a427559d968b1ebd80cda37d264c811248eb97,sheet1:R13,,,
9e5a82510745d084-sheet1-R14,2026-02-13,daejeon-daedeok,비래동,다대지식당,통장협의회(25~30통장) 간담회,96000,9e5a82510745d084c962245b94a427559d968b1ebd80cda37d264c811248eb97,sheet1:R14,,,
9e5a82510745d084-sheet1-R15,2026-02-25,daejeon-daedeok,비래동,다대지식당,골목형상점가상인회 간담회,37000,9e5a82510745d084c962245b94a427559d968b1ebd80cda37d264c811248eb97,sheet1:R15,,,
9e5a82510745d084-sheet1-R16,2026-02-27,daejeon-daedeok,비래동,논추어탕,경로당 간담회,40000,9e5a82510745d084c962245b94a427559d968b1ebd80cda37d264c811248eb97,sheet1:R16,,,
1403f56d2cdbd62e-sheet1-R4,2026-01-13,daejeon-daedeok,비래동,소리네식당,통장협의회 간담회,227000,1403f56d2cdbd62eb9ed6c330f1842264d6f4ee5b8d7c22bb0f80784c5537116,sheet1:R4,9e5a82510745d084c962245b94a427559d968b1ebd80cda37d264c811248eb97:sheet1:R4,,
1403f56d2cdbd62e-sheet1-R5,2026-01-21,daejeon-daedeok,비래동,명가네보쌈칼국수,주민자치회 간담회,135000,1403f56d2cdbd62eb9ed6c330f1842264d6f4ee5b8d7c22bb0f80784c5537116,sheet1:R5,9e5a82510745d084c962245b94a427559d968b1ebd80cda37d264c811248eb97:sheet1:R5,,
1403f56d2cdbd62e-sheet1-R6,2026-01-23,daejeon-daedeok,비래동,다대지식당,지역사회보장협의체 간담회,360000,1403f56d2cdbd62eb9ed6c330f1842264d6f4ee5b8d7c22bb0f80784c5537116,sheet1:R6,9e5a82510745d084c962245b94a427559d968b1ebd80cda37d264c811248eb97:sheet1:R6,,
1403f56d2cdbd62e-sheet1-R7,2026-01-28,daejeon-daedeok,비래동,다대지식당,새마을부녀회 간담회,104000,1403f56d2cdbd62eb9ed6c330f1842264d6f4ee5b8d7c22bb0f80784c5537116,sheet1:R7,9e5a82510745d084c962245b94a427559d968b1ebd80cda37d264c811248eb97:sheet1:R7,,
1403f56d2cdbd62e-sheet1-R8,2026-01-28,daejeon-daedeok,비래동,나래원,자생단체자협의회 간담회,177000,1403f56d2cdbd62eb9ed6c330f1842264d6f4ee5b8d7c22bb0f80784c5537116,sheet1:R8,9e5a82510745d084c962245b94a427559d968b1ebd80cda37d264c811248eb97:sheet1:R8,,
a48c5098585e98a4-sheet1-R3,2026-01-27,daejeon-daedeok,어르신장애인과,오색추어,대한노인회 대덕구지회 간담회,87000,a48c5098585e98a410863a9b13a6204813ff0f2ffebfd406fbc6724b891b6812,sheet1:R3,,,
a48c5098585e98a4-sheet1-R4,2026-01-28,daejeon-daedeok,어르신장애인과,솔솔키친,노인일자리 사업관계자 회의 및 간담회,77500,a48c5098585e98a410863a9b13a6204813ff0f2ffebfd406fbc6724b891b6812,sheet1:R4,,,
a48c5098585e98a4-sheet1-R5,2026-01-29,daejeon-daedeok,어르신장애인과,뒷골보리밥집,장애인종합복지관 사업관계자 회의 및 간담회,97000,a48c5098585e98a410863a9b13a6204813ff0f2ffebfd406fbc6724b891b6812,sheet1:R5,,,
a48c5098585e98a4-sheet1-R6,2026-01-30,daejeon-daedeok,어르신장애인과,달빛에구운고등어 중촌점,어르신재가복지팀 직원 오찬,58000,a48c5098585e98a410863a9b13a6204813ff0f2ffebfd406fbc6724b891b6812,sheet1:R6,,,
f1585549a060072c-sheet1-R5,2026-01-15,daejeon-daedeok,덕암동,큰손정육식당,지역자율방재단 간담회,172000,f1585549a060072c1dff4bfac330346db596c4eebd4a42bd0c39d99bd30299ea,sheet1:R5,,,
f1585549a060072c-sheet1-R6,2026-01-23,daejeon-daedeok,덕암동,탱탱낙지랑돈까스,새마을문고 간담회,264000,f1585549a060072c1dff4bfac330346db596c4eebd4a42bd0c39d99bd30299ea,sheet1:R6,,,
f1585549a060072c-sheet1-R7,2026-01-29,daejeon-daedeok,덕암동,청보리골 외,신탄권역 동장 간담회,76800,f1585549a060072c1dff4bfac330346db596c4eebd4a42bd0c39d99bd30299ea,sheet1:R7,,,
34f7864a6af1c59b-sheet1-R5,2026-01-06,daejeon-daedeok,목상동,성경만두요리전문점 신탄진점,자생단체장 간담회,127000,34f7864a6af1c59b6eeb1586e6226f794dd8bd5244b781862466ac03e605354c,sheet1:R5,,,
34f7864a6af1c59b-sheet1-R6,2026-01-26,daejeon-daedeok,목상동,해물가,상근직원 격려,10300,34f7864a6af1c59b6eeb1586e6226f794dd8bd5244b781862466ac03e605354c,sheet1:R6,,,
6062811c852dea9b-sheet1-R3,2026-01-06,daejeon-daedeok,기획실,계족산풍천가,대덕구의회 의정동우회 회원들과 현안 사업 토의를 위한 간담회,183000,6062811c852dea9b29b88d67775f5dbe7c0abf7ce71d20c48522c1e54a9d71ea,sheet1:R3,,,
6062811c852dea9b-sheet1-R4,2026-01-09,daejeon-daedeok,기획실,경주식당,공약사업의 원활한 추진을 위한 시청 담당자들과의 간담회,40000,6062811c852dea9b29b88d67775f5dbe7c0abf7ce71d20c48522c1e54a9d71ea,sheet1:R4,,,
6062811c852dea9b-sheet1-R5,2026-01-16,daejeon-daedeok,기획실,대게나라,공약사업의 원활한 추진을 위한 시청 담당자들과의 간담회,200000,6062811c852dea9b29b88d67775f5dbe7c0abf7ce71d20c48522c1e54a9d71ea,sheet1:R5,,,
6062811c852dea9b-sheet1-R6,2026-01-19,daejeon-daedeok,기획실,자유대반점,공약사업의 원활한 추진을 위한 관계기관과의 간담회,174000,6062811c852dea9b29b88d67775f5dbe7c0abf7ce71d20c48522c1e54a9d71ea,sheet1:R6,,,
6062811c852dea9b-sheet1-R7,2026-01-23,daejeon-daedeok,기획실,수복전낙소 외 1,산업단지 소재 중소벤처기업의 해외시장 진출 모색을 위한 간담회,177400,6062811c852dea9b29b88d67775f5dbe7c0abf7ce71d20c48522c1e54a9d71ea,sheet1:R7,,,
6062811c852dea9b-sheet1-R8,2026-01-26,daejeon-daedeok,기획실,생어거스틴,상반기 신속집행 실적 제고방안 논의를 위한 소비 투자 관계자들간의 간담회,210000,6062811c852dea9b29b88d67775f5dbe7c0abf7ce71d20c48522c1e54a9d71ea,sheet1:R8,,,
22cda8a7eeae90c5-sheet1-R3,2026-01-05,daejeon-daedeok,미디어홍보과,대성식당,구정소식지 인터뷰 및 취재를 위한 간담회,16000,22cda8a7eeae90c589f8c6e88a13a7f3e5e4eb701dd4d7a1dad90a2e55892489,sheet1:R3,,,
22cda8a7eeae90c5-sheet1-R4,2026-01-06,daejeon-daedeok,미디어홍보과,지리산회관,구정소식지 인터뷰 및 취재를 위한 간담회,38000,22cda8a7eeae90c589f8c6e88a13a7f3e5e4eb701dd4d7a1dad90a2e55892489,sheet1:R4,,,
22cda8a7eeae90c5-sheet1-R5,2026-01-07,daejeon-daedeok,미디어홍보과,샤브로21송촌,지역 언론사 오찬 간담회,62000,22cda8a7eeae90c589f8c6e88a13a7f3e5e4eb701dd4d7a1dad90a2e55892489,sheet1:R5,,,
22cda8a7eeae90c5-sheet1-R6,2026-01-13,daejeon-daedeok,미디어홍보과,태원,지역 언론사 오찬 간담회,184000,22cda8a7eeae90c589f8c6e88a13a7f3e5e4eb701dd4d7a1dad90a2e55892489,sheet1:R6,,,
22cda8a7eeae90c5-sheet1-R7,2026-01-15,daejeon-daedeok,미디어홍보과,오성집 시청점,지역 언론사 오찬 간담회,192000,22cda8a7eeae90c589f8c6e88a13a7f3e5e4eb701dd4d7a1dad90a2e55892489,sheet1:R7,,,
22cda8a7eeae90c5-sheet1-R8,2026-01-15,daejeon-daedeok,미디어홍보과,한밭삼계탕식당,지역 언론사 오찬 간담회,230000,22cda8a7eeae90c589f8c6e88a13a7f3e5e4eb701dd4d7a1dad90a2e55892489,sheet1:R8,,,
22cda8a7eeae90c5-sheet1-R9,2026-01-16,daejeon-daedeok,미디어홍보과,스테이 (STAY)플랜트카페,지역 언론사 오찬 간담회,18000,22cda8a7eeae90c589f8c6e88a13a7f3e5e4eb701dd4d7a1dad90a2e55892489,sheet1:R9,,,
22cda8a7eeae90c5-sheet1-R10,2026-01-16,daejeon-daedeok,미디어홍보과,이산흑염소(오정점),지역 언론사 오찬 간담회,45000,22cda8a7eeae90c589f8c6e88a13a7f3e5e4eb701dd4d7a1dad90a2e55892489,sheet1:R10,,,
22cda8a7eeae90c5-sheet1-R11,2026-01-26,daejeon-daedeok,미디어홍보과,이산흑염소(오정점),지역 언론사 오찬 간담회,75000,22cda8a7eeae90c589f8c6e88a13a7f3e5e4eb701dd4d7a1dad90a2e55892489,sheet1:R11,,,
22cda8a7eeae90c5-sheet1-R12,2026-01-27,daejeon-daedeok,미디어홍보과,누엘,구정소식지 인터뷰 및 취재를 위한 간담회,28900,22cda8a7eeae90c589f8c6e88a13a7f3e5e4eb701dd4d7a1dad90a2e55892489,sheet1:R12,,,
22cda8a7eeae90c5-sheet1-R13,2026-01-27,daejeon-daedeok,미디어홍보과,소담분식,구정소식지 인터뷰 및 취재를 위한 간담회,22500,22cda8a7eeae90c589f8c6e88a13a7f3e5e4eb701dd4d7a1dad90a2e55892489,sheet1:R13,,,
22cda8a7eeae90c5-sheet1-R14,2026-01-28,daejeon-daedeok,미디어홍보과,맛청,지역 언론사 오찬 간담회,161000,22cda8a7eeae90c589f8c6e88a13a7f3e5e4eb701dd4d7a1dad90a2e55892489,sheet1:R14,,,
22cda8a7eeae90c5-sheet1-R15,2026-01-30,daejeon-daedeok,미디어홍보과,사랑채식당,2026. 2. 2일자 인사발령에따른 직원 환송회 자리 마련,345000,22cda8a7eeae90c589f8c6e88a13a7f3e5e4eb701dd4d7a1dad90a2e55892489,sheet1:R15,,,
d3ae91b807d3e8f8-table1-R2,2026-01-20,daejeon-daedeok,,인정원 (중구 계룡로 755),주요 민원사항 처리 및 추진 상황 점검 등을 위한 관계자 간담회,50000,d3ae91b807d3e8f8ebf2b9aee18cc7bcf4f1146a0ae789fd1a6ce5f341a05c94,table1:R2,,,
d3ae91b807d3e8f8-table1-R3,2026-01-29,daejeon-daedeok,,살구나무한정식 (유성구 대학로76번안길 10),구정 주요시책 관련 기관협력 관계자 간담회,295000,d3ae91b807d3e8f8ebf2b9aee18cc7bcf4f1146a0ae789fd1a6ce5f341a05c94,table1:R3,,,
38427be815219e65-sheet1-R8,2026-01-12,daejeon-daedeok,,갓솥,2026년 국민기초생활보장사업 개정사항 관련 관계자 간담회,90000,38427be815219e65bfa7ec5870d03feda9efebf65060c432577833dc9c0b85fe,sheet1:R8,,,
38427be815219e65-sheet1-R9,2026-01-13,daejeon-daedeok,,밥물꽃,푸드뱅크 운영 관련 관계자 간담회,45000,38427be815219e65bfa7ec5870d03feda9efebf65060c432577833dc9c0b85fe,sheet1:R9,,,
d18d29445a4f3f6c-sheet2-R4,2026-01-06,daejeon-daedeok,법1동,파리바게뜨 대덕제일점,직원 격려,58600,d18d29445a4f3f6ce462c28ab4f40780e6e05f3576e931ecdc2d06288f1db858,sheet2:R4,,,
d18d29445a4f3f6c-sheet2-R5,2026-01-09,daejeon-daedeok,법1동,"한우식당, 가경커피",동 유관기관 대표 간담회,123500,d18d29445a4f3f6ce462c28ab4f40780e6e05f3576e931ecdc2d06288f1db858,sheet2:R5,,,
d18d29445a4f3f6c-sheet2-R6,2026-01-12,daejeon-daedeok,법1동,강촌매운탕,통장협의회 임원 간담회,121000,d18d29445a4f3f6ce462c28ab4f40780e6e05f3576e931ecdc2d06288f1db858,sheet2:R6,,,
d18d29445a4f3f6c-sheet2-R7,2026-01-15,daejeon-daedeok,법1동,승남이네만두샤브샤브,2026 전국 동시지방선거 업무 협의 간담회,59000,d18d29445a4f3f6ce462c28ab4f40780e6e05f3576e931ecdc2d06288f1db858,sheet2:R7,,,
d18d29445a4f3f6c-sheet2-R8,2026-01-20,daejeon-daedeok,법1동,황제명태본가,법1동 자율방범대장 및 주민자치회장 간담회,70000,d18d29445a4f3f6ce462c28ab4f40780e6e05f3576e931ecdc2d06288f1db858,sheet2:R8,,,
d18d29445a4f3f6c-sheet2-R9,2026-01-27,daejeon-daedeok,법1동,강촌매운탕,법1동 경로당 회장 간담회,114000,d18d29445a4f3f6ce462c28ab4f40780e6e05f3576e931ecdc2d06288f1db858,sheet2:R9,,,
d18d29445a4f3f6c-sheet2-R10,2026-01-29,daejeon-daedeok,법1동,"강촌매운탕, 카페 오르(café Or)",각 동 동장 간담회,58000,d18d29445a4f3f6ce462c28ab4f40780e6e05f3576e931ecdc2d06288f1db858,sheet2:R10,,,
50f146355d87190c-sheet1-R7,2026-01-21,daejeon-daedeok,,"엔,엠푸드시스템 외1",지역경제 활성화 사업 추진을 위한 사업 관계자 간담회,56800,50f146355d87190cd249cb13078432e348136239f9ae16a2ea547fa3156cfb16,sheet1:R7,,,
50f146355d87190c-sheet1-R8,2026-01-23,daejeon-daedeok,,석가네손칼국수 외1,골목형 상점가 관련 관계자 간담회,132700,50f146355d87190cd249cb13078432e348136239f9ae16a2ea547fa3156cfb16,sheet1:R8,,,
50f146355d87190c-sheet1-R9,2026-01-29,daejeon-daedeok,,산골짜기,에너지정책 사업 추진을 위한 사업 관계자 간담회,115000,50f146355d87190cd249cb13078432e348136239f9ae16a2ea547fa3156cfb16,sheet1:R9,,,
dd2aa5140edc5474-sheet1-R4,2026-01-02,daejeon-daedeok,석봉동,선희네식당,단체장 협의회 월례회의 간담회,121000,dd2aa5140edc547422e1c6e860000e1b6f702fda6a0c62edb27bce7aa18af17c,sheet1:R4,,,
dd2aa5140edc5474-sheet1-R5,2026-01-09,daejeon-daedeok,석봉동,서대박식당,통장협의회 임원진 간담회,120000,dd2aa5140edc547422e1c6e860000e1b6f702fda6a0c62edb27bce7aa18af17c,sheet1:R5,,,
dd2aa5140edc5474-sheet1-R6,2026-01-12,daejeon-daedeok,석봉동,쿠팡,내방객 다과 구입,98600,dd2aa5140edc547422e1c6e860000e1b6f702fda6a0c62edb27bce7aa18af17c,sheet1:R6,,,
dd2aa5140edc5474-sheet1-R7,2026-01-14,daejeon-daedeok,석봉동,대로식당,지역자율방재단 월례회의 간담회,110000,dd2aa5140edc547422e1c6e860000e1b6f702fda6a0c62edb27bce7aa18af17c,sheet1:R7,,,
dd2aa5140edc5474-sheet1-R8,2026-01-15,daejeon-daedeok,석봉동,대덕파지감자탕,주민자치회 간담회,179200,dd2aa5140edc547422e1c6e860000e1b6f702fda6a0c62edb27bce7aa18af17c,sheet1:R8,,,
dd2aa5140edc5474-sheet1-R9,2026-01-19,daejeon-daedeok,석봉동,대로식당,새마을부녀회 월례회의 간담회,120000,dd2aa5140edc547422e1c6e860000e1b6f702fda6a0c62edb27bce7aa18af17c,sheet1:R9,,,
dd2aa5140edc5474-sheet1-R10,2026-01-22,daejeon-daedeok,석봉동,풍년식당,통장협의회 임원진 간담회,30000,dd2aa5140edc547422e1c6e860000e1b6f702fda6a0c62edb27bce7aa18af17c,sheet1:R10,,,
052b6b96b1a857b8-sheet1-R7,2026-01-14,daejeon-daedeok,,총체보리한우타운,도시재생 사업관계자 간담회,389000,052b6b96b1a857b8df5dbd5674f13bae32f14579cc98379b62e3992037e6e8d3,sheet1:R7,,,
52ea4567cb683902-sheet1-R6,2026-01-08,daejeon-daedeok,,롯데리아 송촌점,유관기관 업무 협조,268400,52ea4567cb6839020ec340adc2ec3e3be24273ae606cd997d46b00eb854c0992,sheet1:R6,,,
52ea4567cb683902-sheet1-R7,2026-01-14,daejeon-daedeok,,홍콩삼겹살,새마을부녀회 간담회,300000,52ea4567cb6839020ec340adc2ec3e3be24273ae606cd997d46b00eb854c0992,sheet1:R7,,,
52ea4567cb683902-sheet1-R8,2026-01-20,daejeon-daedeok,,홍콩삼겹살,단체장협의회 간담회,321000,52ea4567cb6839020ec340adc2ec3e3be24273ae606cd997d46b00eb854c0992,sheet1:R8,,,
52ea4567cb683902-sheet1-R9,2026-01-28,daejeon-daedeok,,레드클럽식당,자율방재단 간담회,275000,52ea4567cb6839020ec340adc2ec3e3be24273ae606cd997d46b00eb854c0992,sheet1:R9,,,
4e2ef84e4efc1f23-sheet1-R3,2026-01-30,daejeon-daedeok,공감민원과,오색추어탕,대덕세무서 신설 촉구 서명운동 논의,195000,4e2ef84e4efc1f235d9d3417c5c0b86a63a1706057a8bd42e0e87183697edbc9,sheet1:R3,,,
8d0ea9839737c221-sheet1-R4,2026-01-09,daejeon-daedeok,,카페그란데,청년벙커 운영 관련 간담회,13900,8d0ea9839737c221ba38d2b5d207b031169c8b1b485f5f82808c1e37fb89e2fe,sheet1:R4,,,
8d0ea9839737c221-sheet1-R5,2026-01-16,daejeon-daedeok,,좋은날 양푼이동태탕,법동청소년문화센터 운영 관련 실무 협의,36000,8d0ea9839737c221ba38d2b5d207b031169c8b1b485f5f82808c1e37fb89e2fe,sheet1:R5,,,
8d0ea9839737c221-sheet1-R6,2026-01-21,daejeon-daedeok,,청보리골,평생학습관 운영 관련 실무 협의,58000,8d0ea9839737c221ba38d2b5d207b031169c8b1b485f5f82808c1e37fb89e2fe,sheet1:R6,,,
8d0ea9839737c221-sheet1-R7,2026-01-28,daejeon-daedeok,,크리스피크림,청년내일가게 조성사업 관련 실무 협의,44100,8d0ea9839737c221ba38d2b5d207b031169c8b1b485f5f82808c1e37fb89e2fe,sheet1:R7,,,
95d8d1ace472fa9f-sheet1-R3,2026-01-06,daejeon-daedeok,,카페라고,공직자윤리위원회 위원 신규위촉 관련 업무협의,35300,95d8d1ace472fa9f7a3eb074bfb197db8546d88f34e14ffd90da67be624547f3,sheet1:R3,8b758e2c80b4a671e5f3982ab00a2afcb6529c0d715789b87ff073d63df8ce11:sheet1:R3 46bc9b78d1d9bfdcc08f5b06d36ff15b00445a1d388ff1813984cb6ee4f891de:sheet1:R3 363b64457a3774ec42159d0d0baabb8c9ffc5c3d78f5eb2c99eca3a2ec63b9d1:sheet1:R3 09c1c1774992bdee38330371b53f3cd49b336d1677046ab3c49105258f9c2371:sheet1:R3 9645610254be94b303def69c5f9f30e9a4b1d9fa9955102d759d52febdcfa255:sheet1:R3,,
95d8d1ace472fa9f-sheet1-R4,2026-01-12,daejeon-daedeok,,"덕이네, 더라임",2026년 반부패 청렴교육 수립을 위한 간담회 개최,76000,95d8d1ace472fa9f7a3eb074bfb197db8546d88f34e14ffd90da67be624547f3,sheet1:R4,8b758e2c80b4a671e5f3982ab00a2afcb6529c0d715789b87ff073d63df8ce11:sheet1:R4 46bc9b78d1d9bfdcc08f5b06d36ff15b00445a1d388ff1813984cb6ee4f891de:sheet1:R4 363b64457a3774ec42159d0d0baabb8c9ffc5c3d78f5eb2c99eca3a2ec63b9d1:sheet1:R4 09c1c1774992bdee38330371b53f3cd49b336d1677046ab3c49105258f9c2371:sheet1:R4 9645610254be94b303def69c5f9f30e9a4b1d9fa9955102d759d52febdcfa255:sheet1:R4,,
95d8d1ace472fa9f-sheet1-R5,2026-01-30,daejeon-daedeok,,솔솔키친,인사이동자 직원 송별회,131500,95d8d1ace472fa9f7a3eb074bfb197db8546d88f34e14ffd90da67be624547f3,sheet1:R5,8b758e2c80b4a671e5f3982ab00a2afcb6529c0d715789b87ff073d63df8ce11:sheet1:R5 46bc9b78d1d9bfdcc08f5b06d36ff15b00445a1d388ff1813984cb6ee4f891de:sheet1:R5 363b64457a3774ec42159d0d0baabb8c9ffc5c3d78f5eb2c99eca3a2ec63b9d1:sheet1:R5 09c1c1774992bdee38330371b53f3cd49b336d1677046ab3c49105258f9c2371:sheet1:R5 9645610254be94b303def69c5f9f30e9a4b1d9fa9955102d759d52febdcfa255:sheet1:R5,,
95d8d1ace472fa9f-sheet1-R6,2026-01-30,daejeon-daedeok,,명가춘천닭갈비,상반기 청렴교육 프로그램 추진 간담회 실시,106000,95d8d1ace472fa9f7a3eb074bfb197db8546d88f34e14ffd90da67be624547f3,sheet1:R6,8b758e2c80b4a671e5f3982ab00a2afcb6529c0d715789b87ff073d63df8ce11:sheet1:R6 46bc9b78d1d9bfdcc08f5b06d36ff15b00445a1d388ff1813984cb6ee4f891de:sheet1:R6 363b64457a3774ec42159d0d0baabb8c9ffc5c3d78f5eb2c99eca3a2ec63b9d1:sheet1:R6 09c1c1774992bdee38330371b53f3cd49b336d1677046ab3c49105258f9c2371:sheet1:R6 9645610254be94b303def69c5f9f30e9a4b1d9fa9955102d759d52febdcfa255:sheet1:R6,,
69f4f4602708d739-sheet1-R3,2026-01-15,daejeon-daedeok,신탄진동,조선가마솥순대,주민자치회 간담회,69000,69f4f4602708d7394dd8e1a2c323106e912a287af7569e41594b5bbe7dbae14a,sheet1:R3,,,
69f4f4602708d739-sheet1-R4,2026-01-26,daejeon-daedeok,신탄진동,행복한양푼이,자생단체장 임원 간담회,307000,69f4f4602708d7394dd8e1a2c323106e912a287af7569e41594b5bbe7dbae14a,sheet1:R4,,,
a638649563ad2038-sheet1-R6,2026-01-05,daejeon-daedeok,법2동,산득식당,법2동 단체장들과의 간담회,135000,a638649563ad2038ceb9e6b653c10c20812569631b428c8eec8fd920f2eaf646,sheet1:R6,,,
a638649563ad2038-sheet1-R7,2026-01-28,daejeon-daedeok,법2동,수원숯불갈비,법2동 원로모임 회원들과의 간담회,200000,a638649563ad2038ceb9e6b653c10c20812569631b428c8eec8fd920f2eaf646,sheet1:R7,,,
a638649563ad2038-sheet1-R8,2026-01-29,daejeon-daedeok,법2동,공주갈비 왕자삼겹,법2동 통장협의회 회원들과의 간담회,108000,a638649563ad2038ceb9e6b653c10c20812569631b428c8eec8fd920f2eaf646,sheet1:R8,,,
a638649563ad2038-sheet1-R9,2026-01-29,daejeon-daedeok,법2동,산득식당,법2동 단체장들과의 간담회,166000,a638649563ad2038ceb9e6b653c10c20812569631b428c8eec8fd920f2eaf646,sheet1:R9,,,
d3380dd6c9127f71-sheet1-R5,2026-01-21,daejeon-daedeok,,내알아해줄게,공원 조성 및 관리사업 등 관계기관 업무협의,330000,d3380dd6c9127f7149e636ca8a31f6d0966c5c50d425795b2fb899b66575326a,sheet1:R5,,,
1dd0bb3fed65b6e1-sheet1-R3,2026-01-08,daejeon-daedeok,신청사건립과,호수식당,신청사 업무 관련 간담회,167000,1dd0bb3fed65b6e16b96761edd058faa556d25b0eaa50f37d2861b6b2cb90a23,sheet1:R3,,,
0c24937d0aed0ca8-sheet1-R3,2026-01-20,daejeon-daedeok,문화관광체육과,사랑채식당,문화예술진흥 시책추진업무추진비 지출품의(대덕구 관광진흥위원회),156000,0c24937d0aed0ca806f058c544a72f186668596d4ef4bb9f1d8cd0dc57a85a98,sheet1:R3,,,
0c24937d0aed0ca8-sheet1-R4,2026-01-21,daejeon-daedeok,문화관광체육과,속초메밀향막국수,생활체육활동진흥 시책추진업무추진비 지출품의(대덕스포츠클럽 업무 협의),89000,0c24937d0aed0ca806f058c544a72f186668596d4ef4bb9f1d8cd0dc57a85a98,sheet1:R4,,,
0c24937d0aed0ca8-sheet1-R5,2026-01-26,daejeon-daedeok,문화관광체육과,수월풍천장어,문화예술진흥 시책추진업무추진비 지출품의(대덕문화원 업무협의),254700,0c24937d0aed0ca806f058c544a72f186668596d4ef4bb9f1d8cd0dc57a85a98,sheet1:R5,,,
0c24937d0aed0ca8-sheet1-R6,2026-01-29,daejeon-daedeok,문화관광체육과,"현숙소라우렁쌈밥, 허니빈스 송촌점",문화예술진흥 시책추진업무추진비 지출품의(국가유산 안전경비원 사업추진),105200,0c24937d0aed0ca806f058c544a72f186668596d4ef4bb9f1d8cd0dc57a85a98,sheet1:R6,,,
