record_id,spent_on,organization,department,merchant,purpose,amount_krw,source_hash,source_location,repeats
69198bbf4eec2e00-sheet1-R3,2026-04-08,gwangju-buk,두암2동,등촌,현장업무(취약지청소) 추진 직원 격려 오찬비,130000,69198bbf4eec2e00f8e578d9c066a399783cf2895120c1263d9aef97a094a8fe,sheet1:R3,
69198bbf4eec2e00-sheet1-R4,2026-04-16,gwangju-buk,두암2동,두암골설렁탕,당면업무추진 직원 격려 오찬비,95000,69198bbf4eec2e00f8e578d9c066a399783cf2895120c1263d9aef97a094a8fe,sheet1:R4,
69198bbf4eec2e00-sheet1-R5,2026-04-27,gwangju-buk,두암2동,두암정,현안업무(고유가 피해 지원금 지급) 추진 직원 격려 오찬비,60000,69198bbf4eec2e00f8e578d9c066a399783cf2895120c1263d9aef97a094a8fe,sheet1:R5,
69198bbf4eec2e00-sheet1-R6,2026-04-30,gwangju-buk,두암2동,두암 베스킨라빈스,현안업무(고유가 피해 지원금 지급) 추진 직원 격려 다과비,78000,69198bbf4eec2e00f8e578d9c066a399783cf2895120c1263d9aef97a094a8fe,sheet1:R6,
69198bbf4eec2e00-sheet1-R7,2026-05-15,gwangju-buk,두암2동,가족사랑,현안업무추진 직원 격려 오찬비,94000,69198bbf4eec2e00f8e578d9c066a399783cf2895120c1263d9aef97a094a8fe,sheet1:R7,
69198bbf4eec2e00-sheet1-R8,2026-05-22,gwangju-buk,두암2동,자담치킨 두암점,현안업무추진 직원 격려 간식비,50000,69198bbf4eec2e00f8e578d9c066a399783cf2895120c1263d9aef97a094a8fe,sheet1:R8,
69198bbf4eec2e00-sheet1-R9,2026-05-22,gwangju-buk,두암2동,큰김밥,현안업무추진 직원 격려 오찬비,200000,69198bbf4eec2e00f8e578d9c066a399783cf2895120c1263d9aef97a094a8fe,sheet1:R9,
69198bbf4eec2e00-sheet1-R10,2026-05-29,gwangju-buk,두암2동,고흥회타운 / 면앙로 174,현안업무추진 직원 격려 오찬비 및 음료비,40500,69198bbf4eec2e00f8e578d9c066a399783cf2895120c1263d9aef97a094a8fe,sheet1:R10,
69198bbf4eec2e00-sheet1-R11,2026-06-04,gwangju-buk,두암2동,신락원 두암점,선거사무 관련 종사 직원 격려 오찬비,117000,69198bbf4eec2e00f8e578d9c066a399783cf2895120c1263d9aef97a094a8fe,sheet1:R11,
69198bbf4eec2e00-sheet1-R12,2026-06-05,gwangju-buk,두암2동,고흥회타운,민원창구직원 격려 오찬비,65000,69198bbf4eec2e00f8e578d9c066a399783cf2895120c1263d9aef97a094a8fe,sheet1:R12,
69198bbf4eec2e00-sheet1-R13,2026-06-01,gwangju-buk,두암2동,고흥회타운,선거서무 관련 종사 직원 격려 오찬비,186000,69198bbf4eec2e00f8e578d9c066a399783cf2895120c1263d9aef97a094a8fe,sheet1:R13,
69198bbf4eec2e00-sheet1-R14,2026-06-08,gwangju-buk,두암2동,원이네식당,현장업무(취약지청소) 추진 직원 격려 오찬비,30000,69198bbf4eec2e00f8e578d9c066a399783cf2895120c1263d9aef97a094a8fe,sheet1:R14,
69198bbf4eec2e00-sheet1-R15,2026-06-16,gwangju-buk,두암2동,카페마들렌 / 두암정,새마을부녀회 격려 오찬비 및 다과비 집행,252100,69198bbf4eec2e00f8e578d9c066a399783cf2895120c1263d9aef97a094a8fe,sheet1:R15,
69198bbf4eec2e00-sheet1-R16,2026-06-24,gwangju-buk,두암2동,문흥황칠본가,취약지청소 추진 직원 격려 오찬비,75000,69198bbf4eec2e00f8e578d9c066a399783cf2895120c1263d9aef97a094a8fe,sheet1:R16,
3eca0918277aa3a6-sheet1-R4,2026-05-22,gwangju-buk,공원녹지과,원더풀명품찹쌀꽈배기,공원녹지과 직원 봄철 산불방지 시책업무 추진 노고 격려,35500,3eca0918277aa3a640df44405ee2fb24696c6ee1dca2118022e054c39a9abb13,sheet1:R4,
3eca0918277aa3a6-sheet1-R5,2026-05-22,gwangju-buk,공원녹지과,메가커피 전대후문,공원녹지과 직원 봄철 산불방지 시책업무 추진 노고 격려,84000,3eca0918277aa3a640df44405ee2fb24696c6ee1dca2118022e054c39a9abb13,sheet1:R5,
b7e08083b5344ce9-sheet1-R4,2026-04-23,gwangju-buk,용봉동,청죽골,주민자치위원회 추첨운영위원회 회의 식비 지급,123200,b7e08083b5344ce98d17a070133833e726ae5ef3635520163d11231a3b61e71f,sheet1:R4,
b7e08083b5344ce9-sheet1-R5,2026-04-28,gwangju-buk,용봉동,황금회,동 자생단체 활성화 간담회 식비 지급,110000,b7e08083b5344ce98d17a070133833e726ae5ef3635520163d11231a3b61e71f,sheet1:R5,
b7e08083b5344ce9-sheet1-R6,2026-05-06,gwangju-buk,용봉동,보성막회,고유가 피해지원금 업무 추진 직원 격려 점심 식사비 지급,80100,b7e08083b5344ce98d17a070133833e726ae5ef3635520163d11231a3b61e71f,sheet1:R6,
b7e08083b5344ce9-sheet1-R7,2026-05-14,gwangju-buk,용봉동,공일백,기초연금 등 복지행정 업무추진 직원 격려 식사비 지급,64500,b7e08083b5344ce98d17a070133833e726ae5ef3635520163d11231a3b61e71f,sheet1:R7,
b7e08083b5344ce9-sheet1-R8,2026-05-16,gwangju-buk,용봉동,도미노피자,선거인명부 작성 업무추진 직원 격려 식사비 지급,107390,b7e08083b5344ce98d17a070133833e726ae5ef3635520163d11231a3b61e71f,sheet1:R8,
b7e08083b5344ce9-sheet1-R9,2026-05-20,gwangju-buk,용봉동,오계절포차,취약계층 밑반찬 만들기 사업 등 자원봉사 참여 회원 간담회 식비 지급,285000,b7e08083b5344ce98d17a070133833e726ae5ef3635520163d11231a3b61e71f,sheet1:R9,
b7e08083b5344ce9-sheet1-R10,2026-05-28,gwangju-buk,용봉동,동흥루,사전투표소 설비 업무추진 직원 격려 식사비 지급,150000,b7e08083b5344ce98d17a070133833e726ae5ef3635520163d11231a3b61e71f,sheet1:R10,
b7e08083b5344ce9-sheet1-R11,2026-06-10,gwangju-buk,용봉동,연화육전,동 자생단체 활성화를 위한 간담회 오찬비 지급,61800,b7e08083b5344ce98d17a070133833e726ae5ef3635520163d11231a3b61e71f,sheet1:R11,
b7e08083b5344ce9-sheet1-R12,2026-06-10,gwangju-buk,용봉동,제주도세기,제9회 지방선거 업무추진 직원 격려 식사비 지급,500000,b7e08083b5344ce98d17a070133833e726ae5ef3635520163d11231a3b61e71f,sheet1:R12,
b7e08083b5344ce9-sheet1-R13,2026-06-17,gwangju-buk,용봉동,대성콩물,복지행정 업무추진 직원 격려 식사비 지급,40000,b7e08083b5344ce98d17a070133833e726ae5ef3635520163d11231a3b61e71f,sheet1:R13,
b7e08083b5344ce9-sheet1-R14,2026-06-19,gwangju-buk,용봉동,이영미궁중삼계탕,맞춤형 복지업무 추진 직원 격려 식사비 지급,78000,b7e08083b5344ce98d17a070133833e726ae5ef3635520163d11231a3b61e71f,sheet1:R14,
b7e08083b5344ce9-sheet1-R15,2026-06-25,gwangju-buk,용봉동,맛3,민원업무 추진 직원 격려 식사비 지급,52300,b7e08083b5344ce98d17a070133833e726ae5ef3635520163d11231a3b61e71f,sheet1:R15,
b7e08083b5344ce9-sheet1-R16,2026-06-26,gwangju-buk,용봉동,상무초밥,자원봉사 활성화 업무 추진 직원 격려 식사비 지급,53800,b7e08083b5344ce98d17a070133833e726ae5ef3635520163d11231a3b61e71f,sheet1:R16,
b7e08083b5344ce9-sheet1-R17,2026-06-30,gwangju-buk,용봉동,청죽골,하반기 자생단체 활성화 사업 추진을 위한 간담회 식비 지급,177000,b7e08083b5344ce98d17a070133833e726ae5ef3635520163d11231a3b61e71f,sheet1:R17,
06363ba749568bf2-sheet1-R4,2026-04-06,gwangju-buk,운암1동,등뼈감자탕,지역사회보장협의체 위원 노고 격려를 위한 만찬비 집행,200000,06363ba749568bf2c19aa80d249a923b1794267f568cb73169c29c077f4b6bdf,sheet1:R4,
06363ba749568bf2-sheet1-R5,2026-04-10,gwangju-buk,운암1동,남도미,주민자치회 임원진 간담회 만찬비 집행,275000,06363ba749568bf2c19aa80d249a923b1794267f568cb73169c29c077f4b6bdf,sheet1:R5,
06363ba749568bf2-sheet1-R6,2026-04-20,gwangju-buk,운암1동,커피루덴스,선거업무 추진 직원 격려 오찬비 집행,62000,06363ba749568bf2c19aa80d249a923b1794267f568cb73169c29c077f4b6bdf,sheet1:R6,
06363ba749568bf2-sheet1-R7,2026-04-22,gwangju-buk,운암1동,"88바다장어, 벌크커피",복지행정 업무 추진 직원 격려 오찬비 집행,89000,06363ba749568bf2c19aa80d249a923b1794267f568cb73169c29c077f4b6bdf,sheet1:R7,
06363ba749568bf2-sheet1-R8,2026-04-24,gwangju-buk,운암1동,태풍참치,돌봄이웃 후원자 발굴을 위한 간담회비 집행,190000,06363ba749568bf2c19aa80d249a923b1794267f568cb73169c29c077f4b6bdf,sheet1:R8,
06363ba749568bf2-sheet1-R9,2026-04-28,gwangju-buk,운암1동,운암축산식육식당,바르게살기운동협의회 활성화 방안 논의 간담회비 집행,200000,06363ba749568bf2c19aa80d249a923b1794267f568cb73169c29c077f4b6bdf,sheet1:R9,
06363ba749568bf2-sheet1-R10,2026-05-12,gwangju-buk,운암1동,배고프네,주민참여예산 제안사업 발굴을 위한 간담회비 집행,160000,06363ba749568bf2c19aa80d249a923b1794267f568cb73169c29c077f4b6bdf,sheet1:R10,
06363ba749568bf2-sheet1-R11,2026-05-15,gwangju-buk,운암1동,이화원,동청사 보수 직원 노고 격려 오찬비 집행,72000,06363ba749568bf2c19aa80d249a923b1794267f568cb73169c29c077f4b6bdf,sheet1:R11,
06363ba749568bf2-sheet1-R12,2026-05-19,gwangju-buk,운암1동,막회이야기,고유가 피해지원금 업무 추진 직원 격려 만찬비 집행,119000,06363ba749568bf2c19aa80d249a923b1794267f568cb73169c29c077f4b6bdf,sheet1:R12,
06363ba749568bf2-sheet1-R13,2026-05-29,gwangju-buk,운암1동,도넛캠프,제9회 전국동시지방선거 사전투표사무원 등 관계자 간식비 집행,168000,06363ba749568bf2c19aa80d249a923b1794267f568cb73169c29c077f4b6bdf,sheet1:R13,
06363ba749568bf2-sheet1-R14,2026-05-29,gwangju-buk,운암1동,초가족발,청년월세 지원사업 등 현안업무 추진 직원 격려 만찬비 집행,106000,06363ba749568bf2c19aa80d249a923b1794267f568cb73169c29c077f4b6bdf,sheet1:R14,
06363ba749568bf2-sheet1-R15,2026-06-08,gwangju-buk,운암1동,담원풍천장어,자원봉사캠프지기 활동 노고 격려 오찬비 집행,220000,06363ba749568bf2c19aa80d249a923b1794267f568cb73169c29c077f4b6bdf,sheet1:R15,
06363ba749568bf2-sheet1-R16,2026-06-16,gwangju-buk,운암1동,이화한우,아름다운 마을만들기 사업장 정비 직원 노고 격려 오찬비 집행,117000,06363ba749568bf2c19aa80d249a923b1794267f568cb73169c29c077f4b6bdf,sheet1:R16,
06363ba749568bf2-sheet1-R17,2026-06-30,gwangju-buk,운암1동,"88바다장어, 봄봄",자활근로사업 참여자 등 관계자 격려 오찬비 집행,157700,06363ba749568bf2c19aa80d249a923b1794267f568cb73169c29c077f4b6bdf,sheet1:R17,
b860c2c77dbaa7fe-sheet1-R4,2026-04-08,gwangju-buk,행정지원과,광주광역시 북구 구내,구내식당 운영위원회 관련 추진 관계자 오찬 간담,67500,b860c2c77dbaa7feac125983f6c74f55c6bee1b53802c9f6bb65f360b3096de6,sheet1:R4,
b860c2c77dbaa7fe-sheet1-R5,2026-04-13,gwangju-buk,행정지원과,금돼지용봉점,공무직 국외연수 추진 관련 관계자 만찬 간담,131500,b860c2c77dbaa7feac125983f6c74f55c6bee1b53802c9f6bb65f360b3096de6,sheet1:R5,
b860c2c77dbaa7fe-sheet1-R6,2026-05-07,gwangju-buk,행정지원과,보배반점 중흥점,출·퇴근 혼잡완화 등을 위한 유연근무 활성화 추진 관계자 오찬 간담,21000,b860c2c77dbaa7feac125983f6c74f55c6bee1b53802c9f6bb65f360b3096de6,sheet1:R6,
b860c2c77dbaa7fe-sheet1-R7,2026-05-11,gwangju-buk,행정지원과,보배반점 중흥점,직원 주차편의를 위한 공영주차장 운영 관계자 등 오찬 간담,34000,b860c2c77dbaa7feac125983f6c74f55c6bee1b53802c9f6bb65f360b3096de6,sheet1:R7,
b860c2c77dbaa7fe-sheet1-R8,2026-05-19,gwangju-buk,행정지원과,백련옥,하반기 정년퇴직예정자 퇴직준비교육 추진 관계자 오찬 간담,82000,b860c2c77dbaa7feac125983f6c74f55c6bee1b53802c9f6bb65f360b3096de6,sheet1:R8,
b860c2c77dbaa7fe-sheet1-R9,2026-06-02,gwangju-buk,행정지원과,주식회사 오렌지플랫,공공연대 노동조합 임금교섭 추진 관계자 만찬 간담,91800,b860c2c77dbaa7feac125983f6c74f55c6bee1b53802c9f6bb65f360b3096de6,sheet1:R9,
b860c2c77dbaa7fe-sheet1-R10,2026-06-16,gwangju-buk,행정지원과,(사)어울림복지재단,직원 독서교육 북꾸러미 운영 관련 관계자 차담회,20700,b860c2c77dbaa7feac125983f6c74f55c6bee1b53802c9f6bb65f360b3096de6,sheet1:R10,
b860c2c77dbaa7fe-sheet1-R15,2026-06-11,gwangju-buk,행정지원과,광주광역시 북구 구내,북구 구민상 수상후보자 공모 추진 관계자 오찬 간담,40500,b860c2c77dbaa7feac125983f6c74f55c6bee1b53802c9f6bb65f360b3096de6,sheet1:R15,
b860c2c77dbaa7fe-sheet1-R16,2026-06-23,gwangju-buk,행정지원과,부산갈매기광주수완점,구청장 바로문자 365 추진 관련 관계자 만찬 간담,91700,b860c2c77dbaa7feac125983f6c74f55c6bee1b53802c9f6bb65f360b3096de6,sheet1:R16,
a9b9a8b370bdbd27-sheet1-R4,2026-04-09,gwangju-buk,행정지원과,쉐프의초밥,개인정보보호 캠페인 추진 직원 격려 만찬 간담,155000,a9b9a8b370bdbd2784380d78ffcd423e8ea80eed669e85beb5bdbc0884b2c0f7,sheet1:R4,
a9b9a8b370bdbd27-sheet1-R5,2026-04-15,gwangju-buk,행정지원과,앤셜리,동 생활불편신고센터 업무 추진 직원 격려 간식 구입,29400,a9b9a8b370bdbd2784380d78ffcd423e8ea80eed669e85beb5bdbc0884b2c0f7,sheet1:R5,
a9b9a8b370bdbd27-sheet1-R6,2026-04-16,gwangju-buk,행정지원과,디저트39(전남대점),가정의 달 맞이 고향사랑기부제 이벤트 추진 직원 격려 간식 구입,37700,a9b9a8b370bdbd2784380d78ffcd423e8ea80eed669e85beb5bdbc0884b2c0f7,sheet1:R6,
a9b9a8b370bdbd27-sheet1-R7,2026-04-22,gwangju-buk,행정지원과,보양견미,여권발급 업무 추진 직원 격려 오찬,51000,a9b9a8b370bdbd2784380d78ffcd423e8ea80eed669e85beb5bdbc0884b2c0f7,sheet1:R7,
a9b9a8b370bdbd27-sheet1-R8,2026-04-23,gwangju-buk,행정지원과,빛고을명가,주민자치회 및 주민자치센터 지도점검 추진 직원 격려 오찬,75000,a9b9a8b370bdbd2784380d78ffcd423e8ea80eed669e85beb5bdbc0884b2c0f7,sheet1:R8,
a9b9a8b370bdbd27-sheet1-R9,2026-04-27,gwangju-buk,행정지원과,백련옥,기록물 평가심의 추진 직원 격려 오찬,60000,a9b9a8b370bdbd2784380d78ffcd423e8ea80eed669e85beb5bdbc0884b2c0f7,sheet1:R9,
a9b9a8b370bdbd27-sheet1-R10,2026-05-11,gwangju-buk,행정지원과,스테이,지방선거업무 추진 담당자 격려 오찬,100000,a9b9a8b370bdbd2784380d78ffcd423e8ea80eed669e85beb5bdbc0884b2c0f7,sheet1:R10,
a9b9a8b370bdbd27-sheet1-R11,2026-05-12,gwangju-buk,행정지원과,샤브향(용봉점),시도 행정통합 관련 공인 대장 정비 추진 직원 격려 오찬,119200,a9b9a8b370bdbd2784380d78ffcd423e8ea80eed669e85beb5bdbc0884b2c0f7,sheet1:R11,
a9b9a8b370bdbd27-sheet1-R12,2026-05-20,gwangju-buk,행정지원과,예향정전대점,전국동시지방선거 투표율 제고 홍보 추진 직원 격려 오찬,80500,a9b9a8b370bdbd2784380d78ffcd423e8ea80eed669e85beb5bdbc0884b2c0f7,sheet1:R12,
a9b9a8b370bdbd27-sheet1-R13,2026-05-28,gwangju-buk,행정지원과,스위티움 주식회사,전국동시지방선거 지원상황실 근무자 간식 구입,50800,a9b9a8b370bdbd2784380d78ffcd423e8ea80eed669e85beb5bdbc0884b2c0f7,sheet1:R13,
a9b9a8b370bdbd27-sheet1-R14,2026-05-29,gwangju-buk,행정지원과,디저트39(전남대점),전국동시지방선거 대비 공직기강 확립 복무점검 추진 직원 격려 간식 구입,22900,a9b9a8b370bdbd2784380d78ffcd423e8ea80eed669e85beb5bdbc0884b2c0f7,sheet1:R14,
a9b9a8b370bdbd27-sheet1-R15,2026-06-02,gwangju-buk,행정지원과,쉐프의초밥,지방동시선거 업무 추진 직원 격려 만찬,349000,a9b9a8b370bdbd2784380d78ffcd423e8ea80eed669e85beb5bdbc0884b2c0f7,sheet1:R15,
a9b9a8b370bdbd27-sheet1-R16,2026-06-03,gwangju-buk,행정지원과,모먼트오월,전국동시지방선거 지원상황실 근무자 간식 구입,71900,a9b9a8b370bdbd2784380d78ffcd423e8ea80eed669e85beb5bdbc0884b2c0f7,sheet1:R16,
a9b9a8b370bdbd27-sheet1-R17,2026-06-24,gwangju-buk,행정지원과,유명,통합특별시 행정통합 관련 정보시스템 정비 및 교육 추진 직원 격려 만찬,141000,a9b9a8b370bdbd2784380d78ffcd423e8ea80eed669e85beb5bdbc0884b2c0f7,sheet1:R17,
a9b9a8b370bdbd27-sheet1-R18,2026-06-26,gwangju-buk,행정지원과,바다로,북구청 어린이집 지도점검 추진 직원 격려 오찬,80000,a9b9a8b370bdbd2784380d78ffcd423e8ea80eed669e85beb5bdbc0884b2c0f7,sheet1:R18,
a9b9a8b370bdbd27-sheet2-R4,2026-04-13,gwangju-buk,행정지원과,스테이,전 직원 부서별 단합행사 추진 관련 관계자 오찬 간담,54000,a9b9a8b370bdbd2784380d78ffcd423e8ea80eed669e85beb5bdbc0884b2c0f7,sheet2:R4,
a9b9a8b370bdbd27-sheet2-R5,2026-05-08,gwangju-buk,행정지원과,봉선명가,전 직원 생성형 AI 활용 역량 업그레이드 교육 추진 관계자 만찬 간담,285000,a9b9a8b370bdbd2784380d78ffcd423e8ea80eed669e85beb5bdbc0884b2c0f7,sheet2:R5,
a9b9a8b370bdbd27-sheet2-R10,2026-04-09,gwangju-buk,행정지원과,마빈,운암3동 현장민원실 운영 관련 관계자 차담,27000,a9b9a8b370bdbd2784380d78ffcd423e8ea80eed669e85beb5bdbc0884b2c0f7,sheet2:R10,
a9b9a8b370bdbd27-sheet2-R11,2026-04-13,gwangju-buk,행정지원과,빵빵식육식당,아름다운 마을만들기사업장 점검 및 관리 추진관계자 등 만찬 간담,154000,a9b9a8b370bdbd2784380d78ffcd423e8ea80eed669e85beb5bdbc0884b2c0f7,sheet2:R11,
a9b9a8b370bdbd27-sheet2-R12,2026-04-24,gwangju-buk,행정지원과,예향정전대점,시니어 디지털 교육 추진 관련 관계자 오찬 간담,69000,a9b9a8b370bdbd2784380d78ffcd423e8ea80eed669e85beb5bdbc0884b2c0f7,sheet2:R12,
a9b9a8b370bdbd27-sheet2-R13,2026-05-08,gwangju-buk,행정지원과,쉐프의초밥,주민 대상 공공데이터 교육 추진 관계자 오찬 간담,125000,a9b9a8b370bdbd2784380d78ffcd423e8ea80eed669e85beb5bdbc0884b2c0f7,sheet2:R13,
a9b9a8b370bdbd27-sheet2-R14,2026-05-13,gwangju-buk,행정지원과,강진식당,사랑의 밥차 추진 관계자 만찬 간담,120000,a9b9a8b370bdbd2784380d78ffcd423e8ea80eed669e85beb5bdbc0884b2c0f7,sheet2:R14,
a9b9a8b370bdbd27-sheet2-R15,2026-05-22,gwangju-buk,행정지원과,다도바다,북구 주민자치 미래설계 TF 추진 관계자 오찬 간담,100000,a9b9a8b370bdbd2784380d78ffcd423e8ea80eed669e85beb5bdbc0884b2c0f7,sheet2:R15,
a9b9a8b370bdbd27-sheet2-R16,2026-06-12,gwangju-buk,행정지원과,석암돌솥밥,상반기 친절 우수공무원 표창 관계자 오찬 간담,78000,a9b9a8b370bdbd2784380d78ffcd423e8ea80eed669e85beb5bdbc0884b2c0f7,sheet2:R16,
a9b9a8b370bdbd27-sheet2-R17,2026-06-15,gwangju-buk,행정지원과,보양견미,안전한 민원실 근무환경 조성 추진 관계자 만찬 간담,102000,a9b9a8b370bdbd2784380d78ffcd423e8ea80eed669e85beb5bdbc0884b2c0f7,sheet2:R17,
a9b9a8b370bdbd27-sheet2-R22,2026-04-01,gwangju-buk,행정지원과,자매,주민자치회 사무국 역량강화 교육 추진 관계자 만찬 간담회,90000,a9b9a8b370bdbd2784380d78ffcd423e8ea80eed669e85beb5bdbc0884b2c0f7,sheet2:R22,
a9b9a8b370bdbd27-sheet2-R23,2026-06-04,gwangju-buk,행정지원과,예향정전대점,광주전남 상생프로젝트 농촌일손 돕기 추진 관계자 오찬 간담,85000,a9b9a8b370bdbd2784380d78ffcd423e8ea80eed669e85beb5bdbc0884b2c0f7,sheet2:R23,
a9b9a8b370bdbd27-sheet2-R24,2026-06-19,gwangju-buk,행정지원과,풍호양꼬치,2분기 통합방위협의회 회의 참석자 만찬 간담,79000,a9b9a8b370bdbd2784380d78ffcd423e8ea80eed669e85beb5bdbc0884b2c0f7,sheet2:R24,
da80941cdbf1424e-sheet1-R4,2026-04-02,gwangju-buk,행정지원과,두암골세꼬시,문 앞까지 온(溫) 건강돌봄 서비스 추진 직원 격려 만찬,320000,da80941cdbf1424e6356ce45c411796923fc4e4f9fa449eae180e7b0457b75c5,sheet1:R4,
da80941cdbf1424e-sheet1-R5,2026-04-06,gwangju-buk,행정지원과,호박넝쿨민속주점,하천.계곡 구역 내 불법 점용시설 정비 대책 추진 직원 격려 만찬,380000,da80941cdbf1424e6356ce45c411796923fc4e4f9fa449eae180e7b0457b75c5,sheet1:R5,
da80941cdbf1424e-sheet1-R6,2026-04-07,gwangju-buk,행정지원과,로맨스플라워,부구청장실 및 국장실 등 환경정비를 위한 화분 등 구입,350000,da80941cdbf1424e6356ce45c411796923fc4e4f9fa449eae180e7b0457b75c5,sheet1:R6,
da80941cdbf1424e-sheet1-R7,2026-04-08,gwangju-buk,행정지원과,명태어장(광주임동점),[소통한스푼] 선정팀 오찬 간담(임동 복지행정팀),100000,da80941cdbf1424e6356ce45c411796923fc4e4f9fa449eae180e7b0457b75c5,sheet1:R7,
da80941cdbf1424e-sheet1-R8,2026-04-09,gwangju-buk,행정지원과,이자카야 시로,소상공인 카드수수료 지원사업 추진 직원 격려 만찬,121000,da80941cdbf1424e6356ce45c411796923fc4e4f9fa449eae180e7b0457b75c5,sheet1:R8,
da80941cdbf1424e-sheet1-R9,2026-04-16,gwangju-buk,행정지원과,스테이,부속실 업무 추진 직원 노고 격려 오찬,136000,da80941cdbf1424e6356ce45c411796923fc4e4f9fa449eae180e7b0457b75c5,sheet1:R9,
da80941cdbf1424e-sheet1-R10,2026-04-20,gwangju-buk,행정지원과,만선,찾아가는 이동신문고 추진 관련 고충처리위원회 등 격려 오찬 및 차담,176000,da80941cdbf1424e6356ce45c411796923fc4e4f9fa449eae180e7b0457b75c5,sheet1:R10,
da80941cdbf1424e-sheet1-R11,2026-04-20,gwangju-buk,행정지원과,커피스미스광주전남대,찾아가는 이동신문고 추진 관련 고충처리위원회 등 격려 오찬 및 차담,44400,da80941cdbf1424e6356ce45c411796923fc4e4f9fa449eae180e7b0457b75c5,sheet1:R11,
da80941cdbf1424e-sheet1-R12,2026-04-22,gwangju-buk,행정지원과,제주도세기마을,고유가 피해지원금 부서별 동 인력 지원 추진 직원 격려 만찬,312000,da80941cdbf1424e6356ce45c411796923fc4e4f9fa449eae180e7b0457b75c5,sheet1:R12,
da80941cdbf1424e-sheet1-R13,2026-04-23,gwangju-buk,행정지원과,개인(성명 비공개),2026. 4월중 소속직원 등 애경사 축.조의금 지급,350000,da80941cdbf1424e6356ce45c411796923fc4e4f9fa449eae180e7b0457b75c5,sheet1:R13,
da80941cdbf1424e-sheet1-R14,2026-04-24,gwangju-buk,행정지원과,마천루,산동교 친수지구 정비 및 놀이시설 운영 추진 직원 격려 오찬,250000,da80941cdbf1424e6356ce45c411796923fc4e4f9fa449eae180e7b0457b75c5,sheet1:R14,
da80941cdbf1424e-sheet1-R15,2026-04-27,gwangju-buk,행정지원과,해수니보쌈,고향사랑 기부제 활성화 추진 직원 격려 오찬,202000,da80941cdbf1424e6356ce45c411796923fc4e4f9fa449eae180e7b0457b75c5,sheet1:R15,
da80941cdbf1424e-sheet1-R16,2026-04-27,gwangju-buk,행정지원과,장흥한우(첨단점),지역일자리 목표 공시 추진 직원 격려 만찬,179000,da80941cdbf1424e6356ce45c411796923fc4e4f9fa449eae180e7b0457b75c5,sheet1:R16,
da80941cdbf1424e-sheet1-R17,2026-04-28,gwangju-buk,행정지원과,담양숯불갈비,[소통한스푼] 선정팀 만찬 간담(안전총괄과 광고물관리팀),100000,da80941cdbf1424e6356ce45c411796923fc4e4f9fa449eae180e7b0457b75c5,sheet1:R17,
da80941cdbf1424e-sheet1-R18,2026-04-28,gwangju-buk,행정지원과,현대오리탕,세외수입 징수대책 보고회 추진 직원 격려 만찬,340000,da80941cdbf1424e6356ce45c411796923fc4e4f9fa449eae180e7b0457b75c5,sheet1:R18,
da80941cdbf1424e-sheet1-R19,2026-04-29,gwangju-buk,행정지원과,곱돌마루,운암시장 시설현대화사업 추진 직원 격려 만찬,181000,da80941cdbf1424e6356ce45c411796923fc4e4f9fa449eae180e7b0457b75c5,sheet1:R19,
da80941cdbf1424e-sheet1-R20,2026-04-30,gwangju-buk,행정지원과,뼈대있는집,여름꽃 배부 및 식재 업무 추진 직원 격려 오찬 및 차담,66000,da80941cdbf1424e6356ce45c411796923fc4e4f9fa449eae180e7b0457b75c5,sheet1:R20,
da80941cdbf1424e-sheet1-R21,2026-04-30,gwangju-buk,행정지원과,다이브인,여름꽃 배부 및 식재 업무 추진 직원 격려 오찬 및 차담,25000,da80941cdbf1424e6356ce45c411796923fc4e4f9fa449eae180e7b0457b75c5,sheet1:R21,
da80941cdbf1424e-sheet1-R22,2026-05-04,gwangju-buk,행정지원과,우리동네회포차,2025회계년도 결산검사 추진 직원 노고 격려 만찬,100000,da80941cdbf1424e6356ce45c411796923fc4e4f9fa449eae180e7b0457b75c5,sheet1:R22,
da80941cdbf1424e-sheet1-R23,2026-05-06,gwangju-buk,행정지원과,개인(성명 비공개),2026. 5월중 소속직원 등 애경사 축.조의금 지급,200000,da80941cdbf1424e6356ce45c411796923fc4e4f9fa449eae180e7b0457b75c5,sheet1:R23,
da80941cdbf1424e-sheet1-R24,2026-05-07,gwangju-buk,행정지원과,유명,어린이집 지도점검 및 집중안전점검 추진 직원 격려 만찬,150000,da80941cdbf1424e6356ce45c411796923fc4e4f9fa449eae180e7b0457b75c5,sheet1:R24,
da80941cdbf1424e-sheet1-R25,2026-05-12,gwangju-buk,행정지원과,다현,기록물평가심의회 의결에 따른 비전자문서 처리 추진 직원 격려 오찬,111000,da80941cdbf1424e6356ce45c411796923fc4e4f9fa449eae180e7b0457b75c5,sheet1:R25,
da80941cdbf1424e-sheet1-R26,2026-05-15,gwangju-buk,행정지원과,개인(성명 비공개),2026. 5월중 소속직원 등 애경사 축.조의금 지급,250000,da80941cdbf1424e6356ce45c411796923fc4e4f9fa449eae180e7b0457b75c5,sheet1:R26,
da80941cdbf1424e-sheet1-R27,2026-05-15,gwangju-buk,행정지원과,소촌옥,6급 핵심리더 교육대상자 격려 오찬,233000,da80941cdbf1424e6356ce45c411796923fc4e4f9fa449eae180e7b0457b75c5,sheet1:R27,
da80941cdbf1424e-sheet1-R28,2026-05-18,gwangju-buk,행정지원과,미스터초밥왕,5.18 민주화운동 기념행사 추진 직원 격려 오찬,58000,da80941cdbf1424e6356ce45c411796923fc4e4f9fa449eae180e7b0457b75c5,sheet1:R28,
da80941cdbf1424e-sheet1-R29,2026-05-18,gwangju-buk,행정지원과,baskin BR robbins,고유가피해지원금 지급 추진 직원 격려 간식 구입,40000,da80941cdbf1424e6356ce45c411796923fc4e4f9fa449eae180e7b0457b75c5,sheet1:R29,
da80941cdbf1424e-sheet1-R30,2026-05-18,gwangju-buk,행정지원과,baskin BR robbins,고유가피해지원금 지급 추진 직원 격려 간식 구입,80000,da80941cdbf1424e6356ce45c411796923fc4e4f9fa449eae180e7b0457b75c5,sheet1:R30,
da80941cdbf1424e-sheet1-R31,2026-05-18,gwangju-buk,행정지원과,텐퍼센트스페셜커피광,고유가피해지원금 지급 추진 직원 격려 간식 구입,80000,da80941cdbf1424e6356ce45c411796923fc4e4f9fa449eae180e7b0457b75c5,sheet1:R31,
da80941cdbf1424e-sheet1-R32,2026-05-18,gwangju-buk,행정지원과,놀러와맛집,도로정비업무 추진 직원 격려 만찬,270000,da80941cdbf1424e6356ce45c411796923fc4e4f9fa449eae180e7b0457b75c5,sheet1:R32,
da80941cdbf1424e-sheet1-R33,2026-05-19,gwangju-buk,행정지원과,넝쿨채,건축공사장 등 집중안전점검 추진 직원 격려 만찬,476000,da80941cdbf1424e6356ce45c411796923fc4e4f9fa449eae180e7b0457b75c5,sheet1:R33,
da80941cdbf1424e-sheet1-R34,2026-05-20,gwangju-buk,행정지원과,광양재첩,세계측지계 좌표변환 현형 실측 추진 직원 격려 오찬 및 차담,120000,da80941cdbf1424e6356ce45c411796923fc4e4f9fa449eae180e7b0457b75c5,sheet1:R34,
da80941cdbf1424e-sheet1-R35,2026-05-20,gwangju-buk,행정지원과,라이트라이트샵,세계측지계 좌표변환 현형 실측 추진 직원 격려 오찬 및 차담,29000,da80941cdbf1424e6356ce45c411796923fc4e4f9fa449eae180e7b0457b75c5,sheet1:R35,
da80941cdbf1424e-sheet1-R36,2026-05-21,gwangju-buk,행정지원과,개인(성명 비공개),2026. 5월중 소속직원 등 애경사 축.조의금 지급,150000,da80941cdbf1424e6356ce45c411796923fc4e4f9fa449eae180e7b0457b75c5,sheet1:R36,
da80941cdbf1424e-sheet1-R37,2026-05-21,gwangju-buk,행정지원과,또래오래전대점,안심식당 추진 직원 격려 오찬 및 차담,150000,da80941cdbf1424e6356ce45c411796923fc4e4f9fa449eae180e7b0457b75c5,sheet1:R37,
da80941cdbf1424e-sheet1-R38,2026-05-21,gwangju-buk,행정지원과,안전가옥커피,안심식당 추진 직원 격려 오찬 및 차담,23000,da80941cdbf1424e6356ce45c411796923fc4e4f9fa449eae180e7b0457b75c5,sheet1:R38,
da80941cdbf1424e-sheet1-R39,2026-05-27,gwangju-buk,행정지원과,오우가,집중호우 관련 자연재해위험지역 등 정비 추진 직원 격려 오찬,120000,da80941cdbf1424e6356ce45c411796923fc4e4f9fa449eae180e7b0457b75c5,sheet1:R39,
da80941cdbf1424e-sheet1-R40,2026-05-27,gwangju-buk,행정지원과,장터할인마트,부구청장실 및 부속실 운영을 위한 다과 등 구입,325000,da80941cdbf1424e6356ce45c411796923fc4e4f9fa449eae180e7b0457b75c5,sheet1:R40,
da80941cdbf1424e-sheet1-R41,2026-05-28,gwangju-buk,행정지원과,개인(성명 비공개),2026. 5월중 소속직원 등 애경사 축.조의금 지급,200000,da80941cdbf1424e6356ce45c411796923fc4e4f9fa449eae180e7b0457b75c5,sheet1:R41,
da80941cdbf1424e-sheet1-R42,2026-05-28,gwangju-buk,행정지원과,스테이,하절기 방역소독 업무 추진 직원 격려 오찬,101000,da80941cdbf1424e6356ce45c411796923fc4e4f9fa449eae180e7b0457b75c5,sheet1:R42,
da80941cdbf1424e-sheet1-R43,2026-05-29,gwangju-buk,행정지원과,만선,일자리대상 지방평가 추진 직원 격려 오찬,83000,da80941cdbf1424e6356ce45c411796923fc4e4f9fa449eae180e7b0457b75c5,sheet1:R43,
da80941cdbf1424e-sheet1-R44,2026-06-04,gwangju-buk,행정지원과,시어링동명상무직영점,공중위생업소 시설조사 점검 추진 직원 격려 오찬,435000,da80941cdbf1424e6356ce45c411796923fc4e4f9fa449eae180e7b0457b75c5,sheet1:R44,
da80941cdbf1424e-sheet1-R45,2026-06-05,gwangju-buk,행정지원과,개인(성명 비공개),2026. 6월중 소속직원 등 애경사 축.조의금 지급,100000,da80941cdbf1424e6356ce45c411796923fc4e4f9fa449eae180e7b0457b75c5,sheet1:R45,
da80941cdbf1424e-sheet1-R46,2026-06-11,gwangju-buk,행정지원과,해송낙지전문점,상반기 노인맞춤돌봄 모니터링 점검 추진 직원 격려 오찬 및 차담,144000,da80941cdbf1424e6356ce45c411796923fc4e4f9fa449eae180e7b0457b75c5,sheet1:R46,
da80941cdbf1424e-sheet1-R47,2026-06-11,gwangju-buk,행정지원과,브릭(brick),상반기 노인맞춤돌봄 모니터링 점검 추진 직원 격려 오찬 및 차담,27000,da80941cdbf1424e6356ce45c411796923fc4e4f9fa449eae180e7b0457b75c5,sheet1:R47,
da80941cdbf1424e-sheet1-R48,2026-06-12,gwangju-buk,행정지원과,495나폴리(첨단2지구,주민예산학교 추진 직원 노고 격려 오찬 및 차담,107000,da80941cdbf1424e6356ce45c411796923fc4e4f9fa449eae180e7b0457b75c5,sheet1:R48,
da80941cdbf1424e-sheet1-R49,2026-06-12,gwangju-buk,행정지원과,잇샌드첨단2지구점,주민예산학교 추진 직원 노고 격려 오찬 및 차담,19700,da80941cdbf1424e6356ce45c411796923fc4e4f9fa449eae180e7b0457b75c5,sheet1:R49,
da80941cdbf1424e-sheet1-R50,2026-06-15,gwangju-buk,행정지원과,청자다방 북구중흥점,인수위원회 구정 주요업무 보고 추진 직원 격려 간식 구입,23400,da80941cdbf1424e6356ce45c411796923fc4e4f9fa449eae180e7b0457b75c5,sheet1:R50,
da80941cdbf1424e-sheet1-R51,2026-06-15,gwangju-buk,행정지원과,초가족발,인수위원회 구정 주요업무 보고 추진 직원 격려 만찬,142000,da80941cdbf1424e6356ce45c411796923fc4e4f9fa449eae180e7b0457b75c5,sheet1:R51,
da80941cdbf1424e-sheet1-R52,2026-06-16,gwangju-buk,행정지원과,투썸플레이스전남대캠,북구시니어합창단 정기연주회 추진 직원 노고 격려 음료 구입,15800,da80941cdbf1424e6356ce45c411796923fc4e4f9fa449eae180e7b0457b75c5,sheet1:R52,
da80941cdbf1424e-sheet1-R53,2026-06-17,gwangju-buk,행정지원과,해수니보쌈,계약업무 추진 직원 노고 격려 오찬 및 차담,55000,da80941cdbf1424e6356ce45c411796923fc4e4f9fa449eae180e7b0457b75c5,sheet1:R53,
da80941cdbf1424e-sheet1-R54,2026-06-17,gwangju-buk,행정지원과,하나비,계약업무 추진 직원 노고 격려 오찬 및 차담,16000,da80941cdbf1424e6356ce45c411796923fc4e4f9fa449eae180e7b0457b75c5,sheet1:R54,
da80941cdbf1424e-sheet1-R55,2026-06-19,gwangju-buk,행정지원과,스테이,시도 행정통합 관련 공인 정비 추진 직원 노고 격려 오찬,81000,da80941cdbf1424e6356ce45c411796923fc4e4f9fa449eae180e7b0457b75c5,sheet1:R55,
da80941cdbf1424e-sheet1-R56,2026-06-20,gwangju-buk,행정지원과,개인(성명 비공개),2026. 6월중 소속직원 등 애경사 축.조의금 지급,150000,da80941cdbf1424e6356ce45c411796923fc4e4f9fa449eae180e7b0457b75c5,sheet1:R56,
da80941cdbf1424e-sheet1-R57,2026-06-23,gwangju-buk,행정지원과,개인(성명 비공개),2026. 6월중 소속직원 등 애경사 축.조의금 지급,150000,da80941cdbf1424e6356ce45c411796923fc4e4f9fa449eae180e7b0457b75c5,sheet1:R57,
da80941cdbf1424e-sheet1-R58,2026-06-23,gwangju-buk,행정지원과,포르피노여섯번째이야,일자리대상 중앙 평가 준비 직원 격려 간식구입,45900,da80941cdbf1424e6356ce45c411796923fc4e4f9fa449eae180e7b0457b75c5,sheet1:R58,
da80941cdbf1424e-sheet1-R59,2026-06-23,gwangju-buk,행정지원과,태풍참치(일곡본점),북구 합창단 합동 군악 연주회 참가 노고 격려 만찬,303000,da80941cdbf1424e6356ce45c411796923fc4e4f9fa449eae180e7b0457b75c5,sheet1:R59,
da80941cdbf1424e-sheet1-R60,2026-06-24,gwangju-buk,행정지원과,소담정,하수도 정비 업무 추진 직원 노고 격려 만찬,420000,da80941cdbf1424e6356ce45c411796923fc4e4f9fa449eae180e7b0457b75c5,sheet1:R60,
da80941cdbf1424e-sheet1-R61,2026-06-25,gwangju-buk,행정지원과,다현,시도 행정통합 관련 문서시스템 등 정비 추진 직원 노고 격려 오찬,214000,da80941cdbf1424e6356ce45c411796923fc4e4f9fa449eae180e7b0457b75c5,sheet1:R61,
da80941cdbf1424e-sheet1-R62,2026-06-26,gwangju-buk,행정지원과,로니로티앤이태리반점,구청장 사무인수인계 및 취임식 추진 직원 격려 오찬 및 차담,82400,da80941cdbf1424e6356ce45c411796923fc4e4f9fa449eae180e7b0457b75c5,sheet1:R62,
da80941cdbf1424e-sheet1-R63,2026-06-26,gwangju-buk,행정지원과,파스쿠찌전대점,구청장 사무인수인계 및 취임식 추진 직원 격려 오찬 및 차담,32800,da80941cdbf1424e6356ce45c411796923fc4e4f9fa449eae180e7b0457b75c5,sheet1:R63,
da80941cdbf1424e-sheet1-R64,2026-06-29,gwangju-buk,행정지원과,투썸플레이스전남대캠,평생학습도시 3주기 평가인증 평가 준비 직원 격려 차담,25000,da80941cdbf1424e6356ce45c411796923fc4e4f9fa449eae180e7b0457b75c5,sheet1:R64,
da80941cdbf1424e-sheet1-R65,2026-06-30,gwangju-buk,행정지원과,할리스 북구청점,모두의 한끼! 같이라면 추진 직원 격려 간식 구입,37300,da80941cdbf1424e6356ce45c411796923fc4e4f9fa449eae180e7b0457b75c5,sheet1:R65,
da80941cdbf1424e-sheet2-R4,2026-04-01,gwangju-buk,행정지원과,오우가,365 상호존중 실천강령 제정 추진직원 만찬 간담,443000,da80941cdbf1424e6356ce45c411796923fc4e4f9fa449eae180e7b0457b75c5,sheet2:R4,
da80941cdbf1424e-sheet2-R5,2026-04-06,gwangju-buk,행정지원과,바다로,공공부문 승용차 2부제 및 에너지 절약 추진 관계자 오찬 간담,400000,da80941cdbf1424e6356ce45c411796923fc4e4f9fa449eae180e7b0457b75c5,sheet2:R5,
da80941cdbf1424e-sheet2-R6,2026-04-06,gwangju-buk,행정지원과,(사)어울림복지재단,성과관리 자체평가위원회 관련 차담회,9200,da80941cdbf1424e6356ce45c411796923fc4e4f9fa449eae180e7b0457b75c5,sheet2:R6,
da80941cdbf1424e-sheet2-R7,2026-04-10,gwangju-buk,행정지원과,스위티움 (주),구정발전 연구과제 발굴 관련 청년간부회의 위원 오찬 간담,194200,da80941cdbf1424e6356ce45c411796923fc4e4f9fa449eae180e7b0457b75c5,sheet2:R7,
da80941cdbf1424e-sheet2-R8,2026-06-23,gwangju-buk,행정지원과,노릇노릇식당,직원 능률 향상을 위한 '온라인 부서 박람회' 관계자 오찬 간담,91000,da80941cdbf1424e6356ce45c411796923fc4e4f9fa449eae180e7b0457b75c5,sheet2:R8,
da80941cdbf1424e-sheet2-R13,2026-04-07,gwangju-buk,행정지원과,뼈대있는집,북소리 편집위원회 회의 참석자 오찬 간담,24000,da80941cdbf1424e6356ce45c411796923fc4e4f9fa449eae180e7b0457b75c5,sheet2:R13,
da80941cdbf1424e-sheet2-R14,2026-04-07,gwangju-buk,행정지원과,정남진장흥한우 (주),다둥이가정 한의약 방문진료 관계자 만찬 간담,72000,da80941cdbf1424e6356ce45c411796923fc4e4f9fa449eae180e7b0457b75c5,sheet2:R14,
da80941cdbf1424e-sheet2-R15,2026-04-08,gwangju-buk,행정지원과,바다로한상,경로당 환경개선사업 추진 관계자 오찬 간담,175000,da80941cdbf1424e6356ce45c411796923fc4e4f9fa449eae180e7b0457b75c5,sheet2:R15,
da80941cdbf1424e-sheet2-R16,2026-04-13,gwangju-buk,행정지원과,만선,상반기 경로당 안전점검 추진 관계자 오찬 간담 및 차담,89000,da80941cdbf1424e6356ce45c411796923fc4e4f9fa449eae180e7b0457b75c5,sheet2:R16,
da80941cdbf1424e-sheet2-R17,2026-04-13,gwangju-buk,행정지원과,파스쿠찌전대점,상반기 경로당 안전점검 추진 관계자 오찬 간담 및 차담,22400,da80941cdbf1424e6356ce45c411796923fc4e4f9fa449eae180e7b0457b75c5,sheet2:R17,
da80941cdbf1424e-sheet2-R18,2026-04-14,gwangju-buk,행정지원과,이헌한우,운암3동 현장민원실 운영 추진 직원 노고 격려 오찬,180000,da80941cdbf1424e6356ce45c411796923fc4e4f9fa449eae180e7b0457b75c5,sheet2:R18,
da80941cdbf1424e-sheet2-R19,2026-04-17,gwangju-buk,행정지원과,바다로한상,학교 밖 청소년 지원센터 운영 관계자 오찬 간담,140000,da80941cdbf1424e6356ce45c411796923fc4e4f9fa449eae180e7b0457b75c5,sheet2:R19,
da80941cdbf1424e-sheet2-R20,2026-04-21,gwangju-buk,행정지원과,옥이네,금당새뜰마을 현장지원센터 운영 관련 관계자 오찬 간담,72000,da80941cdbf1424e6356ce45c411796923fc4e4f9fa449eae180e7b0457b75c5,sheet2:R20,
da80941cdbf1424e-sheet2-R21,2026-04-28,gwangju-buk,행정지원과,광양재첩,AI당직콜봇 시범모델 「AI부끄늘봇」 구축 관련 관계자 오찬 간담 및 차담,140000,da80941cdbf1424e6356ce45c411796923fc4e4f9fa449eae180e7b0457b75c5,sheet2:R21,
da80941cdbf1424e-sheet2-R22,2026-04-28,gwangju-buk,행정지원과,라이트라이트샵,AI당직콜봇 시범모델 「AI부끄늘봇」 구축 관련 관계자 오찬 간담 및 차담,38400,da80941cdbf1424e6356ce45c411796923fc4e4f9fa449eae180e7b0457b75c5,sheet2:R22,
da80941cdbf1424e-sheet2-R23,2026-04-29,gwangju-buk,행정지원과,만선,적극행정위원회 회의 참석자 오찬 간담,109000,da80941cdbf1424e6356ce45c411796923fc4e4f9fa449eae180e7b0457b75c5,sheet2:R23,
da80941cdbf1424e-sheet2-R24,2026-05-06,gwangju-buk,행정지원과,황실장가계,북소리 편집위원회 회의 참석자 오찬 간담 및 차담,145000,da80941cdbf1424e6356ce45c411796923fc4e4f9fa449eae180e7b0457b75c5,sheet2:R24,
da80941cdbf1424e-sheet2-R25,2026-05-06,gwangju-buk,행정지원과,유니버셜커유,북소리 편집위원회 회의 참석자 오찬 간담 및 차담,50500,da80941cdbf1424e6356ce45c411796923fc4e4f9fa449eae180e7b0457b75c5,sheet2:R25,
da80941cdbf1424e-sheet2-R26,2026-05-08,gwangju-buk,행정지원과,정남진장흥한우 (주),청년 디지털 크리에이터 아카데미 운영 관계자 만찬 간담,313000,da80941cdbf1424e6356ce45c411796923fc4e4f9fa449eae180e7b0457b75c5,sheet2:R26,
da80941cdbf1424e-sheet2-R27,2026-05-13,gwangju-buk,행정지원과,만선,2026년 장애이해·공감 프로그램 차별없는 공동체 교육 추진 직원 오찬 간담,111000,da80941cdbf1424e6356ce45c411796923fc4e4f9fa449eae180e7b0457b75c5,sheet2:R27,
da80941cdbf1424e-sheet2-R28,2026-05-15,gwangju-buk,행정지원과,초가족발,전국동시지방선거 합동집무 추진 관계자 만찬 간담,76000,da80941cdbf1424e6356ce45c411796923fc4e4f9fa449eae180e7b0457b75c5,sheet2:R28,
da80941cdbf1424e-sheet2-R29,2026-05-19,gwangju-buk,행정지원과,꽃씨와도둑,일곡생활 문화센터운영 현장점검 추진 관계자 오찬 간담,84000,da80941cdbf1424e6356ce45c411796923fc4e4f9fa449eae180e7b0457b75c5,sheet2:R29,
da80941cdbf1424e-sheet2-R30,2026-05-26,gwangju-buk,행정지원과,로니로티앤이태리반점,주민 편의를 위한 함께쓰는 나눔주차장 등 추진 관계자 오찬 간담,153900,da80941cdbf1424e6356ce45c411796923fc4e4f9fa449eae180e7b0457b75c5,sheet2:R30,
da80941cdbf1424e-sheet2-R31,2026-06-02,gwangju-buk,행정지원과,알랭,집중호우 대비 첨단2단계 유수지 시설 점검 관계자 차담,38600,da80941cdbf1424e6356ce45c411796923fc4e4f9fa449eae180e7b0457b75c5,sheet2:R31,
da80941cdbf1424e-sheet2-R32,2026-06-04,gwangju-buk,행정지원과,(사)어울림복지재단,하절기 노숙인 자활시설 안전점검 관계자 차담,11900,da80941cdbf1424e6356ce45c411796923fc4e4f9fa449eae180e7b0457b75c5,sheet2:R32,
da80941cdbf1424e-sheet2-R33,2026-06-05,gwangju-buk,행정지원과,한국관,문화동 건강길 조성사업 관계자 만찬 간담,376000,da80941cdbf1424e6356ce45c411796923fc4e4f9fa449eae180e7b0457b75c5,sheet2:R33,
da80941cdbf1424e-sheet2-R34,2026-06-18,gwangju-buk,행정지원과,정가네나주곰탕,북평-월데이클래스 운영 관련 관계자 만찬 간담,60000,da80941cdbf1424e6356ce45c411796923fc4e4f9fa449eae180e7b0457b75c5,sheet2:R34,
da80941cdbf1424e-sheet2-R35,2026-06-24,gwangju-buk,행정지원과,유한회사 다온가에프,소상공인 실전형 라이브커머스 체험 프로그램 관계자 오찬 간담,200000,da80941cdbf1424e6356ce45c411796923fc4e4f9fa449eae180e7b0457b75c5,sheet2:R35,
da80941cdbf1424e-sheet2-R40,2026-04-09,gwangju-buk,행정지원과,용봉민물매운탕,골목형상점가 현장지원단 관계자 오찬 간담,96000,da80941cdbf1424e6356ce45c411796923fc4e4f9fa449eae180e7b0457b75c5,sheet2:R40,
da80941cdbf1424e-sheet2-R41,2026-04-15,gwangju-buk,행정지원과,복어전문점,공동주택 시공 및 감리업무 수행실태 점검 관계자 오찬 간담 및 차담,150000,da80941cdbf1424e6356ce45c411796923fc4e4f9fa449eae180e7b0457b75c5,sheet2:R41,
da80941cdbf1424e-sheet2-R42,2026-04-15,gwangju-buk,행정지원과,오치커피앤빙수,공동주택 시공 및 감리업무 수행실태 점검 관계자 오찬 간담 및 차담,35600,da80941cdbf1424e6356ce45c411796923fc4e4f9fa449eae180e7b0457b75c5,sheet2:R42,
da80941cdbf1424e-sheet2-R43,2026-04-23,gwangju-buk,행정지원과,월하리,이달의 기업 선정 관련 관계자 오찬 간담,59000,da80941cdbf1424e6356ce45c411796923fc4e4f9fa449eae180e7b0457b75c5,sheet2:R43,
da80941cdbf1424e-sheet2-R44,2026-05-07,gwangju-buk,행정지원과,섬진강추어탕문흥점,소상공인지원 위원회 회의 참석자 오찬 간담 및 차담,56000,da80941cdbf1424e6356ce45c411796923fc4e4f9fa449eae180e7b0457b75c5,sheet2:R44,
da80941cdbf1424e-sheet2-R45,2026-05-07,gwangju-buk,행정지원과,벌크커피 오치쌍굴점,소상공인지원 위원회 회의 참석자 오찬 간담 및 차담,9000,da80941cdbf1424e6356ce45c411796923fc4e4f9fa449eae180e7b0457b75c5,sheet2:R45,
da80941cdbf1424e-sheet2-R46,2026-05-13,gwangju-buk,행정지원과,파오,일곡공원 개발행위특례사업 공동주택 신축공사 현장점검 등 관계자 차담회,29500,da80941cdbf1424e6356ce45c411796923fc4e4f9fa449eae180e7b0457b75c5,sheet2:R46,
da80941cdbf1424e-sheet2-R47,2026-05-14,gwangju-buk,행정지원과,스테이,오월길따라 인권길 걷기 추진 관계자 오찬 만담,114000,da80941cdbf1424e6356ce45c411796923fc4e4f9fa449eae180e7b0457b75c5,sheet2:R47,
da80941cdbf1424e-sheet2-R48,2026-06-08,gwangju-buk,행정지원과,할리스 북구청점,민주평통자문회의 광주북구협의회 정기회의 참석자 차담,18800,da80941cdbf1424e6356ce45c411796923fc4e4f9fa449eae180e7b0457b75c5,sheet2:R48,
da80941cdbf1424e-sheet2-R49,2026-06-09,gwangju-buk,행정지원과,넝쿨채,4차산업 융합 미니클러스터 신규 회원사 애로사항 청취 등 만찬 간담,485000,da80941cdbf1424e6356ce45c411796923fc4e4f9fa449eae180e7b0457b75c5,sheet2:R49,
da80941cdbf1424e-sheet2-R50,2026-06-10,gwangju-buk,행정지원과,해수니보쌈,일자리 미니매칭데이 추진 관계자 오찬 간담 및 차담,138000,da80941cdbf1424e6356ce45c411796923fc4e4f9fa449eae180e7b0457b75c5,sheet2:R50,
da80941cdbf1424e-sheet2-R51,2026-06-10,gwangju-buk,행정지원과,하나비,일자리 미니매칭데이 추진 관계자 오찬 간담 및 차담,26700,da80941cdbf1424e6356ce45c411796923fc4e4f9fa449eae180e7b0457b75c5,sheet2:R51,
da80941cdbf1424e-sheet2-R52,2026-06-18,gwangju-buk,행정지원과,텐퍼센트커피 광주우,북구사회단체협의회 월례회의 참석자 차담,13700,da80941cdbf1424e6356ce45c411796923fc4e4f9fa449eae180e7b0457b75c5,sheet2:R52,
da80941cdbf1424e-sheet2-R53,2026-06-25,gwangju-buk,행정지원과,태풍참치(일곡본점),중소기업 지원사업 추진 관련 관계자 만찬 간담,210000,da80941cdbf1424e6356ce45c411796923fc4e4f9fa449eae180e7b0457b75c5,sheet2:R53,
fafc3571a6b75c09-sheet1-R4,2026-04-14,gwangju-buk,동림동,황금송아지식육식당,지역 마을공동체 추진 위원 노고 격려 오찬,54000,fafc3571a6b75c09397d92287df5befc3a56f4d3740a8c7f490972f0ff608521,sheet1:R4,
fafc3571a6b75c09-sheet1-R5,2026-04-22,gwangju-buk,동림동,오로지냉면,선거 등 현안업무 추진 직원 노고 격려 오찬,33000,fafc3571a6b75c09397d92287df5befc3a56f4d3740a8c7f490972f0ff608521,sheet1:R5,
fafc3571a6b75c09-sheet1-R6,2026-04-22,gwangju-buk,동림동,메가MGC커피광주문흥,주민자치활성화사업 논의를 위한 차담회,15100,fafc3571a6b75c09397d92287df5befc3a56f4d3740a8c7f490972f0ff608521,sheet1:R6,
fafc3571a6b75c09-sheet1-R7,2026-04-27,gwangju-buk,동림동,아이스허니 문흥점,동 직원 사기양양을 위한 간식 구입,56000,fafc3571a6b75c09397d92287df5befc3a56f4d3740a8c7f490972f0ff608521,sheet1:R7,
fafc3571a6b75c09-sheet1-R8,2026-04-27,gwangju-buk,동림동,카페인(cafein),생활 안전 사업 추진 참여자 차담,30000,fafc3571a6b75c09397d92287df5befc3a56f4d3740a8c7f490972f0ff608521,sheet1:R8,
fafc3571a6b75c09-sheet1-R9,2026-04-27,gwangju-buk,동림동,나눔도토리요리전문점외 1,호우 대비 배수로 청소 참여 주민 노고 격려 오찬,58500,fafc3571a6b75c09397d92287df5befc3a56f4d3740a8c7f490972f0ff608521,sheet1:R9,
fafc3571a6b75c09-sheet1-R10,2026-04-28,gwangju-buk,동림동,털보네집,고유가 피해 지원금 직원 노고 격려 오찬,161000,fafc3571a6b75c09397d92287df5befc3a56f4d3740a8c7f490972f0ff608521,sheet1:R10,
fafc3571a6b75c09-sheet1-R11,2026-05-04,gwangju-buk,동림동,섬진강추어탕문흥점외 1,농민공익수당 등 현안업무 추진 직원 노고 격려 오찬 및 차담,50500,fafc3571a6b75c09397d92287df5befc3a56f4d3740a8c7f490972f0ff608521,sheet1:R11,
fafc3571a6b75c09-sheet1-R12,2026-05-04,gwangju-buk,동림동,미꾸미꾸,선거 등 현안업무 추진 직원 노고 격려 오찬,84000,fafc3571a6b75c09397d92287df5befc3a56f4d3740a8c7f490972f0ff608521,sheet1:R12,
fafc3571a6b75c09-sheet1-R13,2026-05-14,gwangju-buk,동림동,매일맛집외 1,라이온스 봉사단체 후원 논의 오찬 및 차담,90000,fafc3571a6b75c09397d92287df5befc3a56f4d3740a8c7f490972f0ff608521,sheet1:R13,
fafc3571a6b75c09-sheet1-R14,2026-05-15,gwangju-buk,동림동,나눔도토리요리전문점,선거 등 현안업무 추진 직원 노고 격려 오찬,51000,fafc3571a6b75c09397d92287df5befc3a56f4d3740a8c7f490972f0ff608521,sheet1:R14,
fafc3571a6b75c09-sheet1-R15,2026-05-22,gwangju-buk,동림동,도화정,고유가 피해 지원금 직원 노고 격려 오찬,36000,fafc3571a6b75c09397d92287df5befc3a56f4d3740a8c7f490972f0ff608521,sheet1:R15,
fafc3571a6b75c09-sheet1-R16,2026-05-27,gwangju-buk,동림동,이디야커피,마을만들기 활성화 사업 논의를 위한 차담회,17700,fafc3571a6b75c09397d92287df5befc3a56f4d3740a8c7f490972f0ff608521,sheet1:R16,
fafc3571a6b75c09-sheet1-R17,2026-05-28,gwangju-buk,동림동,문흥골오리탕,광주다움 통합돌봄 등 직원 노고 격려 오찬,30000,fafc3571a6b75c09397d92287df5befc3a56f4d3740a8c7f490972f0ff608521,sheet1:R17,
fafc3571a6b75c09-sheet1-R18,2026-06-01,gwangju-buk,동림동,섬진강추어탕문흥점,고유가 피해 지원금 자원봉사자 노고 격려 오찬,36000,fafc3571a6b75c09397d92287df5befc3a56f4d3740a8c7f490972f0ff608521,sheet1:R18,
fafc3571a6b75c09-sheet1-R19,2026-06-04,gwangju-buk,동림동,덕장짐대박이,선거 업무 추진 직원 노고 격려 오찬,55000,fafc3571a6b75c09397d92287df5befc3a56f4d3740a8c7f490972f0ff608521,sheet1:R19,
fafc3571a6b75c09-sheet1-R20,2026-06-05,gwangju-buk,동림동,문흥골오리탕외 1,제9회 전국동시지방선거 업무 추진 직원 노고 격려 오찬,285600,fafc3571a6b75c09397d92287df5befc3a56f4d3740a8c7f490972f0ff608521,sheet1:R20,
fafc3571a6b75c09-sheet1-R21,2026-06-12,gwangju-buk,동림동,미꾸미꾸,고유가 피해 지원금 직원 노고 격려 오찬,36000,fafc3571a6b75c09397d92287df5befc3a56f4d3740a8c7f490972f0ff608521,sheet1:R21,
fafc3571a6b75c09-sheet1-R22,2026-06-12,gwangju-buk,동림동,털보네집,소망어린이공원 화장실 외벽 벽화조성 협약식 오찬 간담회,150000,fafc3571a6b75c09397d92287df5befc3a56f4d3740a8c7f490972f0ff608521,sheet1:R22,
fafc3571a6b75c09-sheet1-R23,2026-06-12,gwangju-buk,동림동,상무초밥 용봉직영점,업무협업을 위한 인근 행정구역 동장 오찬 간담회 경비 집행,59600,fafc3571a6b75c09397d92287df5befc3a56f4d3740a8c7f490972f0ff608521,sheet1:R23,
fafc3571a6b75c09-sheet1-R24,2026-06-19,gwangju-buk,동림동,털보네집,경로당 활성화 추진을 위한 오찬 간담회 경비 집행,156000,fafc3571a6b75c09397d92287df5befc3a56f4d3740a8c7f490972f0ff608521,sheet1:R24,
fafc3571a6b75c09-sheet1-R25,2026-06-19,gwangju-buk,동림동,털보네집,동행정복지센터 정원수 가지치기 작업자 노고 격려 오찬,106000,fafc3571a6b75c09397d92287df5befc3a56f4d3740a8c7f490972f0ff608521,sheet1:R25,
fafc3571a6b75c09-sheet1-R26,2026-06-25,gwangju-buk,동림동,그집으로가자,동 방위협의회 만찬 간담회,133000,fafc3571a6b75c09397d92287df5befc3a56f4d3740a8c7f490972f0ff608521,sheet1:R26,
676f2f7c59b5b015-sheet1-R4,2026-04-01,gwangju-buk,동림동,동림큰손,통장단 오찬 간담회 경비 집행,168500,676f2f7c59b5b015484b646f9a50fef7fce7955b16b2c231649f36b280880cc7,sheet1:R4,
676f2f7c59b5b015-sheet1-R5,2026-04-03,gwangju-buk,동림동,산동교 청국장(결제대행:주식회사 오렌지플랫),동 복지행정팀 직원 격려 오찬,60000,676f2f7c59b5b015484b646f9a50fef7fce7955b16b2c231649f36b280880cc7,sheet1:R5,
676f2f7c59b5b015-sheet1-R6,2026-04-07,gwangju-buk,동림동,송죽가든,통장단 오찬 간담회 경비 집행,160000,676f2f7c59b5b015484b646f9a50fef7fce7955b16b2c231649f36b280880cc7,sheet1:R6,
676f2f7c59b5b015-sheet1-R7,2026-04-22,gwangju-buk,동림동,시골집추어탕,지역사회보장협의체 오찬 간담회,176000,676f2f7c59b5b015484b646f9a50fef7fce7955b16b2c231649f36b280880cc7,sheet1:R7,
676f2f7c59b5b015-sheet1-R8,2026-04-23,gwangju-buk,동림동,항아리보쌈,동 행정서비스팀 직원 격려 오찬,78000,676f2f7c59b5b015484b646f9a50fef7fce7955b16b2c231649f36b280880cc7,sheet1:R8,
676f2f7c59b5b015-sheet1-R9,2026-04-28,gwangju-buk,동림동,첨단돌솥감자탕 동림,동 행정서비스팀 직원 격려 오찬,59000,676f2f7c59b5b015484b646f9a50fef7fce7955b16b2c231649f36b280880cc7,sheet1:R9,
676f2f7c59b5b015-sheet1-R10,2026-05-08,gwangju-buk,동림동,자금성,고유가 피해지원금 업무 추진 직원 격려 오찬,101000,676f2f7c59b5b015484b646f9a50fef7fce7955b16b2c231649f36b280880cc7,sheet1:R10,
676f2f7c59b5b015-sheet1-R11,2026-05-13,gwangju-buk,동림동,시골집추어탕,동 복지행정팀 직원 격려 오찬,77000,676f2f7c59b5b015484b646f9a50fef7fce7955b16b2c231649f36b280880cc7,sheet1:R11,
676f2f7c59b5b015-sheet1-R12,2026-05-19,gwangju-buk,동림동,왕솥뚜껑삼겹살,동 맞춤형복지팀 직원 격려 오찬,62000,676f2f7c59b5b015484b646f9a50fef7fce7955b16b2c231649f36b280880cc7,sheet1:R12,
676f2f7c59b5b015-sheet1-R13,2026-06-02,gwangju-buk,동림동,첨단돌솥감자탕 동림,동 민원업무 담당 직원 격려 오찬,35000,676f2f7c59b5b015484b646f9a50fef7fce7955b16b2c231649f36b280880cc7,sheet1:R13,
676f2f7c59b5b015-sheet1-R14,2026-06-04,gwangju-buk,동림동,약선흑염소광주용봉점,고유가 피해지원금 지급 등 현안 업무 추진 직원 격려 오찬,72000,676f2f7c59b5b015484b646f9a50fef7fce7955b16b2c231649f36b280880cc7,sheet1:R14,
676f2f7c59b5b015-sheet1-R15,2026-06-08,gwangju-buk,동림동,동림골식육식당,동 복지행정팀 직원 격려 오찬,160000,676f2f7c59b5b015484b646f9a50fef7fce7955b16b2c231649f36b280880cc7,sheet1:R15,
676f2f7c59b5b015-sheet1-R16,2026-06-10,gwangju-buk,동림동,다복식당 동천점,동 맞춤형복지팀 직원 격려 오찬,55000,676f2f7c59b5b015484b646f9a50fef7fce7955b16b2c231649f36b280880cc7,sheet1:R16,
676f2f7c59b5b015-sheet1-R17,2026-06-11,gwangju-buk,동림동,버섯농장칼국수수제비,선거 및 고유가 피해지원금 지급 등 현안업무 추진 직원 격려 만찬,367000,676f2f7c59b5b015484b646f9a50fef7fce7955b16b2c231649f36b280880cc7,sheet1:R17,
676f2f7c59b5b015-sheet1-R18,2026-06-23,gwangju-buk,동림동,나주곰탕,동 행정서비스팀 직원 격려 오찬,105000,676f2f7c59b5b015484b646f9a50fef7fce7955b16b2c231649f36b280880cc7,sheet1:R18,
6e5ef5def1672d14-sheet1-R4,2026-04-07,gwangju-buk,안전총괄과,이화한우,집중 안전점검 추진관계자 간담,221000,6e5ef5def1672d1418683b9b59fdeafa07dd6cafe6a28a9048ceb0defc54df66,sheet1:R4,
6e5ef5def1672d14-sheet1-R5,2026-04-10,gwangju-buk,안전총괄과,고향에봄,여름철 자연재난 사전대비 점검 T/F 관계직원(담당자) 등 오찬,480000,6e5ef5def1672d1418683b9b59fdeafa07dd6cafe6a28a9048ceb0defc54df66,sheet1:R5,
6e5ef5def1672d14-sheet1-R6,2026-04-22,gwangju-buk,안전총괄과,유한회사 다온가에프,함께쓰는 나눔주차장 추진관계자 간담,439000,6e5ef5def1672d1418683b9b59fdeafa07dd6cafe6a28a9048ceb0defc54df66,sheet1:R6,
6e5ef5def1672d14-sheet1-R7,2026-04-29,gwangju-buk,안전총괄과,유한회사 다온가에프,장등천 재해복구사업 추진관계자 간담,294000,6e5ef5def1672d1418683b9b59fdeafa07dd6cafe6a28a9048ceb0defc54df66,sheet1:R7,
6e5ef5def1672d14-sheet1-R8,2026-05-08,gwangju-buk,안전총괄과,현주네이야기,공공시설 재해복구 추진사항 현장점검 담당자 간담,250000,6e5ef5def1672d1418683b9b59fdeafa07dd6cafe6a28a9048ceb0defc54df66,sheet1:R8,
6e5ef5def1672d14-sheet1-R9,2026-05-21,gwangju-buk,안전총괄과,넝쿨채,범죄예방 CCTV설치 추진관계자 간담,200000,6e5ef5def1672d1418683b9b59fdeafa07dd6cafe6a28a9048ceb0defc54df66,sheet1:R9,
6e5ef5def1672d14-sheet1-R10,2026-05-26,gwangju-buk,안전총괄과,예향정전대점,문흥동성당 일원 우수저류시설 설치사업 추진 관계자 간담,171000,6e5ef5def1672d1418683b9b59fdeafa07dd6cafe6a28a9048ceb0defc54df66,sheet1:R10,
6e5ef5def1672d14-sheet1-R11,2026-05-28,gwangju-buk,안전총괄과,경민회관,함께쓰는 나눔주차장 추진 관계자 간담,427000,6e5ef5def1672d1418683b9b59fdeafa07dd6cafe6a28a9048ceb0defc54df66,sheet1:R11,
6e5ef5def1672d14-sheet1-R12,2026-06-04,gwangju-buk,안전총괄과,가매,쌈지주차장 조성 추진관계자 간담,280000,6e5ef5def1672d1418683b9b59fdeafa07dd6cafe6a28a9048ceb0defc54df66,sheet1:R12,
6e5ef5def1672d14-sheet1-R13,2026-06-12,gwangju-buk,안전총괄과,만선,집중호우 대비 유수지 시설 점검 추진관계자 간담,364000,6e5ef5def1672d1418683b9b59fdeafa07dd6cafe6a28a9048ceb0defc54df66,sheet1:R13,
6e5ef5def1672d14-sheet1-R14,2026-06-18,gwangju-buk,안전총괄과,현주네이야기,하수도 시설물 긴급 정비공사 추진관계자 간담,495000,6e5ef5def1672d1418683b9b59fdeafa07dd6cafe6a28a9048ceb0defc54df66,sheet1:R14,
6e5ef5def1672d14-sheet1-R15,2026-06-25,gwangju-buk,안전총괄과,김연수해물나라,첨단지구 자연재해위험개선지구 정비사업 추진관계자 간담,376000,6e5ef5def1672d1418683b9b59fdeafa07dd6cafe6a28a9048ceb0defc54df66,sheet1:R15,
6e5ef5def1672d14-sheet1-R16,2026-06-26,gwangju-buk,안전총괄과,넝쿨채,범죄예방 CCTV설치 추진관계자 간담,300000,6e5ef5def1672d1418683b9b59fdeafa07dd6cafe6a28a9048ceb0defc54df66,sheet1:R16,
6e5ef5def1672d14-sheet1-R20,2026-04-07,gwangju-buk,안전총괄과,고흥회수산,노후간판 철거지원사업 추진관계자 간담,204000,6e5ef5def1672d1418683b9b59fdeafa07dd6cafe6a28a9048ceb0defc54df66,sheet1:R20,
6e5ef5def1672d14-sheet1-R21,2026-04-23,gwangju-buk,안전총괄과,완도이모네,발산교 내진 보수보강공사 추진관계자 간담,220000,6e5ef5def1672d1418683b9b59fdeafa07dd6cafe6a28a9048ceb0defc54df66,sheet1:R21,
6e5ef5def1672d14-sheet1-R22,2026-06-01,gwangju-buk,안전총괄과,매일장어촌,주차홀짝제 및 한쪽주차제 추진관계자 간담,83000,6e5ef5def1672d1418683b9b59fdeafa07dd6cafe6a28a9048ceb0defc54df66,sheet1:R22,
6e5ef5def1672d14-sheet1-R23,2026-06-08,gwangju-buk,안전총괄과,털보네집,문산초 사거리 일원 하수도 정비 추진관계자 간담,299000,6e5ef5def1672d1418683b9b59fdeafa07dd6cafe6a28a9048ceb0defc54df66,sheet1:R23,
6e5ef5def1672d14-sheet1-R24,2026-06-23,gwangju-buk,안전총괄과,국일현방,중흥동 메가박스 주변 보도정비 추진관계자 간담,99000,6e5ef5def1672d1418683b9b59fdeafa07dd6cafe6a28a9048ceb0defc54df66,sheet1:R24,
6e5ef5def1672d14-sheet2-R3,2026-04-13,gwangju-buk,안전총괄과,샤브향(용봉점),민방위 훈련 업무추진 직원 격려 간담,44700,6e5ef5def1672d1418683b9b59fdeafa07dd6cafe6a28a9048ceb0defc54df66,sheet2:R3,
6e5ef5def1672d14-sheet2-R4,2026-04-15,gwangju-buk,안전총괄과,달빛에구운고등어일곡,나눔주차장 조성 업무추진 직원 격려 간담,102000,6e5ef5def1672d1418683b9b59fdeafa07dd6cafe6a28a9048ceb0defc54df66,sheet2:R4,
6e5ef5def1672d14-sheet2-R5,2026-04-21,gwangju-buk,안전총괄과,해수니보쌈,노상 적치물 민원처리 직원 격려 간담,92500,6e5ef5def1672d1418683b9b59fdeafa07dd6cafe6a28a9048ceb0defc54df66,sheet2:R5,
6e5ef5def1672d14-sheet2-R6,2026-05-08,gwangju-buk,안전총괄과,로니로티이태리반점,지방하천 관리업무추진 직원 격려 간담,59700,6e5ef5def1672d1418683b9b59fdeafa07dd6cafe6a28a9048ceb0defc54df66,sheet2:R6,
6e5ef5def1672d14-sheet2-R7,2026-05-15,gwangju-buk,안전총괄과,일품대패 두암점,불법주정차 단속 업무추진 직원 격려 간담,62700,6e5ef5def1672d1418683b9b59fdeafa07dd6cafe6a28a9048ceb0defc54df66,sheet2:R7,
6e5ef5def1672d14-sheet2-R8,2026-05-21,gwangju-buk,안전총괄과,해수니보쌈,도로정비 업무추진 직원 격려 간담,96000,6e5ef5def1672d1418683b9b59fdeafa07dd6cafe6a28a9048ceb0defc54df66,sheet2:R8,
6e5ef5def1672d14-sheet2-R9,2026-06-02,gwangju-buk,안전총괄과,만선,불법광고물 관리업무 추진 직원 격려 간담,83000,6e5ef5def1672d1418683b9b59fdeafa07dd6cafe6a28a9048ceb0defc54df66,sheet2:R9,
6e5ef5def1672d14-sheet2-R10,2026-06-08,gwangju-buk,안전총괄과,호수짱뚱어탕,노상 적치물 민원처리 직원 격려 간담,84000,6e5ef5def1672d1418683b9b59fdeafa07dd6cafe6a28a9048ceb0defc54df66,sheet2:R10,
6e5ef5def1672d14-sheet2-R11,2026-06-12,gwangju-buk,안전총괄과,바다로,불법주정차 업무추진 직원 격려 간담,105000,6e5ef5def1672d1418683b9b59fdeafa07dd6cafe6a28a9048ceb0defc54df66,sheet2:R11,
6e5ef5def1672d14-sheet2-R12,2026-06-16,gwangju-buk,안전총괄과,호수짱뚱어탕,부속실 근무직원 격려 간담,36000,6e5ef5def1672d1418683b9b59fdeafa07dd6cafe6a28a9048ceb0defc54df66,sheet2:R12,
6e5ef5def1672d14-sheet2-R13,2026-06-22,gwangju-buk,안전총괄과,로니로티이태리반점,민방위 시설·장비 정기점검 추진 직원 격려 간담,89400,6e5ef5def1672d1418683b9b59fdeafa07dd6cafe6a28a9048ceb0defc54df66,sheet2:R13,
6e5ef5def1672d14-sheet2-R14,2026-06-25,gwangju-buk,안전총괄과,해수니보쌈,사업용자동차 차고지 외 밤샘주차 단속 추진 직원 격려 간담,74000,6e5ef5def1672d1418683b9b59fdeafa07dd6cafe6a28a9048ceb0defc54df66,sheet2:R14,
6e5ef5def1672d14-sheet2-R15,2026-06-26,gwangju-buk,안전총괄과,해수니보쌈,도로정비 업무추진 직원 격려 간담,86000,6e5ef5def1672d1418683b9b59fdeafa07dd6cafe6a28a9048ceb0defc54df66,sheet2:R15,
6e5ef5def1672d14-sheet3-R3,2026-04-24,gwangju-buk,안전총괄과,지산목,재해문자 전광판 설치 공사 업무추진 관계자 간담,180000,6e5ef5def1672d1418683b9b59fdeafa07dd6cafe6a28a9048ceb0defc54df66,sheet3:R3,
6e5ef5def1672d14-sheet3-R4,2026-06-17,gwangju-buk,안전총괄과,샤브20 광주첨단점,풍수해 대비 옥외광고물 안전 점검 추진관계자 간담,124600,6e5ef5def1672d1418683b9b59fdeafa07dd6cafe6a28a9048ceb0defc54df66,sheet3:R4,
dc7a3eb96ef4ad1a-sheet1-R5,2026-04-01,gwangju-buk,기획예산과,광양재첩 라이트라이트샵,주요 현안사업 논의 등 간담회 경비 집행,97600,dc7a3eb96ef4ad1abaec49753e53277db8355901d2dad5c4285f0ad9c57af30e,sheet1:R5,
dc7a3eb96ef4ad1a-sheet1-R6,2026-04-03,gwangju-buk,기획예산과,거문도수산,상반기 적극행정 우수사례 발굴을 위한 간담회 경비 집행,475000,dc7a3eb96ef4ad1abaec49753e53277db8355901d2dad5c4285f0ad9c57af30e,sheet1:R6,
dc7a3eb96ef4ad1a-sheet1-R7,2026-04-06,gwangju-buk,기획예산과,무등돈,초광역 사업 발굴을 위한 관계자 간담회 경비 집행,327400,dc7a3eb96ef4ad1abaec49753e53277db8355901d2dad5c4285f0ad9c57af30e,sheet1:R7,
dc7a3eb96ef4ad1a-sheet1-R8,2026-04-09,gwangju-buk,기획예산과,명송생복집,혁신행정 실행과제 발굴을 위한 관계자 간담회 경비 집행,487000,dc7a3eb96ef4ad1abaec49753e53277db8355901d2dad5c4285f0ad9c57af30e,sheet1:R8,
dc7a3eb96ef4ad1a-sheet1-R9,2026-04-09,gwangju-buk,기획예산과,올능이능이버섯백숙,구정 협업 촉진을 위한 간담회 경비 집행,262000,dc7a3eb96ef4ad1abaec49753e53277db8355901d2dad5c4285f0ad9c57af30e,sheet1:R9,
dc7a3eb96ef4ad1a-sheet1-R10,2026-04-20,gwangju-buk,기획예산과,엄마전집,조직문화 개선 논의를 위한 간담회 경비 집행,396000,dc7a3eb96ef4ad1abaec49753e53277db8355901d2dad5c4285f0ad9c57af30e,sheet1:R10,
dc7a3eb96ef4ad1a-sheet1-R11,2026-04-23,gwangju-buk,기획예산과,넝쿨채,구정 정책 현안 사업 추진 논의 관계자 간담회 경비 집행,457000,dc7a3eb96ef4ad1abaec49753e53277db8355901d2dad5c4285f0ad9c57af30e,sheet1:R11,
dc7a3eb96ef4ad1a-sheet1-R12,2026-04-23,gwangju-buk,기획예산과,청산,자치구간 협력 업무 논의 간담회 경비 집행,377000,dc7a3eb96ef4ad1abaec49753e53277db8355901d2dad5c4285f0ad9c57af30e,sheet1:R12,
dc7a3eb96ef4ad1a-sheet1-R13,2026-04-29,gwangju-buk,기획예산과,우미일식,구정 현안 공유 및 의견청취 간담회 경비 집행,116000,dc7a3eb96ef4ad1abaec49753e53277db8355901d2dad5c4285f0ad9c57af30e,sheet1:R13,
dc7a3eb96ef4ad1a-sheet1-R14,2026-05-19,gwangju-buk,기획예산과,다현,행정제도 개선과제 발굴 논의 관계자 간담회 경비 집행,142000,dc7a3eb96ef4ad1abaec49753e53277db8355901d2dad5c4285f0ad9c57af30e,sheet1:R14,
dc7a3eb96ef4ad1a-sheet1-R15,2026-05-20,gwangju-buk,기획예산과,올능이능이버섯백숙,시설관리공단 운영 격려 관계자 만찬 경비 집행,111000,dc7a3eb96ef4ad1abaec49753e53277db8355901d2dad5c4285f0ad9c57af30e,sheet1:R15,
dc7a3eb96ef4ad1a-sheet1-R16,2026-05-22,gwangju-buk,기획예산과,해수니보쌈,구정 정책 현안 사업 추진 논의 관계자 간담회 경비 집행,221000,dc7a3eb96ef4ad1abaec49753e53277db8355901d2dad5c4285f0ad9c57af30e,sheet1:R16,
dc7a3eb96ef4ad1a-sheet1-R17,2026-05-22,gwangju-buk,기획예산과,마구로,지방혁신 10대 과제 추진을 위한 관계자 만찬 경비 집행,150000,dc7a3eb96ef4ad1abaec49753e53277db8355901d2dad5c4285f0ad9c57af30e,sheet1:R17,
dc7a3eb96ef4ad1a-sheet1-R18,2026-05-27,gwangju-buk,기획예산과,넝쿨채,구정 현안 공유 및 의견청취 간담회 경비 집행,272000,dc7a3eb96ef4ad1abaec49753e53277db8355901d2dad5c4285f0ad9c57af30e,sheet1:R18,
dc7a3eb96ef4ad1a-sheet1-R19,2026-05-29,gwangju-buk,기획예산과,김연수해물나라,체계적인 조직 운영 논의 관계자 간담회 경비 집행,321000,dc7a3eb96ef4ad1abaec49753e53277db8355901d2dad5c4285f0ad9c57af30e,sheet1:R19,
dc7a3eb96ef4ad1a-sheet1-R20,2026-06-01,gwangju-buk,기획예산과,오우가,구정 주요 시책 운영 및 관리방안 논의 간담회 경비 집행,424000,dc7a3eb96ef4ad1abaec49753e53277db8355901d2dad5c4285f0ad9c57af30e,sheet1:R20,
dc7a3eb96ef4ad1a-sheet1-R21,2026-06-02,gwangju-buk,기획예산과,백년한우,구 현안사업 협력을 위한 간담회 경비 집행,374000,dc7a3eb96ef4ad1abaec49753e53277db8355901d2dad5c4285f0ad9c57af30e,sheet1:R21,
dc7a3eb96ef4ad1a-sheet1-R22,2026-06-04,gwangju-buk,기획예산과,스테이,중앙규제 개선과제 발굴 논의 간담회 경비 집행,168000,dc7a3eb96ef4ad1abaec49753e53277db8355901d2dad5c4285f0ad9c57af30e,sheet1:R22,
dc7a3eb96ef4ad1a-sheet1-R23,2026-06-09,gwangju-buk,기획예산과,털보네집,구정 주요 현안사업 협력 오찬 간담회 경비 집행,297000,dc7a3eb96ef4ad1abaec49753e53277db8355901d2dad5c4285f0ad9c57af30e,sheet1:R23,
dc7a3eb96ef4ad1a-sheet1-R24,2026-06-19,gwangju-buk,기획예산과,무안갯뻘낙지,시설관리공단 효율적 운영을 위한 관계자 오찬 경비 집행,260000,dc7a3eb96ef4ad1abaec49753e53277db8355901d2dad5c4285f0ad9c57af30e,sheet1:R24,
dc7a3eb96ef4ad1a-sheet1-R25,2026-06-24,gwangju-buk,기획예산과,백년한우,구정 주요 현안 논의 관계자 간담회 경비 집행,442000,dc7a3eb96ef4ad1abaec49753e53277db8355901d2dad5c4285f0ad9c57af30e,sheet1:R25,
dc7a3eb96ef4ad1a-sheet1-R26,2026-06-30,gwangju-buk,기획예산과,올능이능이버섯백숙,통합특별시 자치구 현안 논의 간담회 경비 집행,330000,dc7a3eb96ef4ad1abaec49753e53277db8355901d2dad5c4285f0ad9c57af30e,sheet1:R26,
dc7a3eb96ef4ad1a-sheet1-R30,2026-04-17,gwangju-buk,기획예산과,예향정전대점 더리터전남대점,효율적 재정집행 방안 논의 간담회 경비 집행,351500,dc7a3eb96ef4ad1abaec49753e53277db8355901d2dad5c4285f0ad9c57af30e,sheet1:R30,
dc7a3eb96ef4ad1a-sheet1-R31,2026-06-11,gwangju-buk,기획예산과,정가네나주곰탕 할리스 북구청점,제1회 추가경정예산 추진 논의 간담회 경비 집행,127700,dc7a3eb96ef4ad1abaec49753e53277db8355901d2dad5c4285f0ad9c57af30e,sheet1:R31,
dc7a3eb96ef4ad1a-sheet1-R32,2026-06-12,gwangju-buk,기획예산과,해남회포장,지방보조사업 성과평가 논의 관계자 간담회 경비 집행,110000,dc7a3eb96ef4ad1abaec49753e53277db8355901d2dad5c4285f0ad9c57af30e,sheet1:R32,
dc7a3eb96ef4ad1a-sheet1-R36,2026-04-08,gwangju-buk,기획예산과,오우가,구정 주요 현안사업 협력을 위한 오찬 경비 집행,60000,dc7a3eb96ef4ad1abaec49753e53277db8355901d2dad5c4285f0ad9c57af30e,sheet1:R36,
dc7a3eb96ef4ad1a-sheet1-R37,2026-04-10,gwangju-buk,기획예산과,광주든든김밥,대내외 정책 동향 공유 및 소통 간담회 경비 집행,66000,dc7a3eb96ef4ad1abaec49753e53277db8355901d2dad5c4285f0ad9c57af30e,sheet1:R37,
dc7a3eb96ef4ad1a-sheet1-R38,2026-04-23,gwangju-buk,기획예산과,수 아구찜,구정 현안사업 건의 및 협조 논의 간담회 경비 집행,28000,dc7a3eb96ef4ad1abaec49753e53277db8355901d2dad5c4285f0ad9c57af30e,sheet1:R38,
dc7a3eb96ef4ad1a-sheet1-R39,2026-04-30,gwangju-buk,기획예산과,넝쿨채,지역 현안 공유 및 소통 간담회 경비 집행,170000,dc7a3eb96ef4ad1abaec49753e53277db8355901d2dad5c4285f0ad9c57af30e,sheet1:R39,
dc7a3eb96ef4ad1a-sheet1-R40,2026-05-04,gwangju-buk,기획예산과,오우가,구정 주요 협력사업 추진을 위한 간담회 경비 집행,120000,dc7a3eb96ef4ad1abaec49753e53277db8355901d2dad5c4285f0ad9c57af30e,sheet1:R40,
dc7a3eb96ef4ad1a-sheet1-R41,2026-06-18,gwangju-buk,기획예산과,항아리보쌈,광주전남 북부권 상생발전 방안 마련을 위한 간담회 경비 집행,318000,dc7a3eb96ef4ad1abaec49753e53277db8355901d2dad5c4285f0ad9c57af30e,sheet1:R41,
dc7a3eb96ef4ad1a-sheet1-R42,2026-06-22,gwangju-buk,기획예산과,해남회포장,전남광주 통합 출범 현안 논의 간담회 경비 집행,300000,dc7a3eb96ef4ad1abaec49753e53277db8355901d2dad5c4285f0ad9c57af30e,sheet1:R42,
dc7a3eb96ef4ad1a-sheet1-R46,2026-04-14,gwangju-buk,기획예산과,담양숯불갈비,주민참여예산제 청년위원회 회의 참석자 만찬 비용 집행,200000,dc7a3eb96ef4ad1abaec49753e53277db8355901d2dad5c4285f0ad9c57af30e,sheet1:R46,
dc7a3eb96ef4ad1a-sheet1-R47,2026-05-19,gwangju-buk,기획예산과,진도횟집,주민참여예산제 활성화 논의 만찬 간담회 경비 집행,176000,dc7a3eb96ef4ad1abaec49753e53277db8355901d2dad5c4285f0ad9c57af30e,sheet1:R47,
dc7a3eb96ef4ad1a-sheet1-R48,2026-06-12,gwangju-buk,기획예산과,올능이능이버섯백숙,주민참여예산제 운영 논의 간담회 경비 집행,456000,dc7a3eb96ef4ad1abaec49753e53277db8355901d2dad5c4285f0ad9c57af30e,sheet1:R48,
dc7a3eb96ef4ad1a-sheet2-R5,2026-04-07,gwangju-buk,기획예산과,노릇노릇식당 할리스 북구청점,상반기 적극행정 선발 업무 추진 직원 격려 오찬 경비 집행,75600,dc7a3eb96ef4ad1abaec49753e53277db8355901d2dad5c4285f0ad9c57af30e,sheet2:R5,
dc7a3eb96ef4ad1a-sheet2-R6,2026-04-09,gwangju-buk,기획예산과,돼지고기듬뿍넣은김치 할리스 북구청점,고액체납자 책임징수 업무 추진 직원 격려 오찬 경비 집행,51000,dc7a3eb96ef4ad1abaec49753e53277db8355901d2dad5c4285f0ad9c57af30e,sheet2:R6,
dc7a3eb96ef4ad1a-sheet2-R7,2026-04-24,gwangju-buk,기획예산과,동보성 포르피노여섯번째이야기,행정통합 관련 일괄개정 업무 추진 직원 격려 오찬 경비 집행,96400,dc7a3eb96ef4ad1abaec49753e53277db8355901d2dad5c4285f0ad9c57af30e,sheet2:R7,
dc7a3eb96ef4ad1a-sheet2-R8,2026-04-29,gwangju-buk,기획예산과,육회바른연어전남대점,세외수입 징수대책 업무 추진 직원 격려 오찬 경비 집행,38800,dc7a3eb96ef4ad1abaec49753e53277db8355901d2dad5c4285f0ad9c57af30e,sheet2:R8,
dc7a3eb96ef4ad1a-sheet2-R9,2026-05-04,gwangju-buk,기획예산과,노릇노릇식당 할리스 북구청점,시설관리공단 지원 업무 추진 직원 격려 오찬 경비 집행,99400,dc7a3eb96ef4ad1abaec49753e53277db8355901d2dad5c4285f0ad9c57af30e,sheet2:R9,
dc7a3eb96ef4ad1a-sheet2-R10,2026-05-06,gwangju-buk,기획예산과,게누쓰 모먼트오월,체납관리단 운영 업무 추진 직원 격려 오찬 경비 집행,101400,dc7a3eb96ef4ad1abaec49753e53277db8355901d2dad5c4285f0ad9c57af30e,sheet2:R10,
dc7a3eb96ef4ad1a-sheet2-R11,2026-05-08,gwangju-buk,기획예산과,개인(성명 비공개),기획재정국 직원 결혼 축의금 지급,50000,dc7a3eb96ef4ad1abaec49753e53277db8355901d2dad5c4285f0ad9c57af30e,sheet2:R11,
dc7a3eb96ef4ad1a-sheet2-R12,2026-05-11,gwangju-buk,기획예산과,미가,지방세 과세자료 정비 업무 추진 직원 격려 만찬 경비 집행,225000,dc7a3eb96ef4ad1abaec49753e53277db8355901d2dad5c4285f0ad9c57af30e,sheet2:R12,
dc7a3eb96ef4ad1a-sheet2-R13,2026-05-13,gwangju-buk,기획예산과,제주통도야지,2026년 조직진단 업무 추진 직원 격려 만찬 경비 집행,96000,dc7a3eb96ef4ad1abaec49753e53277db8355901d2dad5c4285f0ad9c57af30e,sheet2:R13,
dc7a3eb96ef4ad1a-sheet2-R14,2026-05-14,gwangju-buk,기획예산과,해남회포장,지방보조금 일제점검 업무 추진 직원 격려 만찬 경비 집행,92000,dc7a3eb96ef4ad1abaec49753e53277db8355901d2dad5c4285f0ad9c57af30e,sheet2:R14,
dc7a3eb96ef4ad1a-sheet2-R15,2026-05-28,gwangju-buk,기획예산과,예송,제1회 추가경정예산 편성 업무 추진 직원 격려 오찬 경비 집행,27000,dc7a3eb96ef4ad1abaec49753e53277db8355901d2dad5c4285f0ad9c57af30e,sheet2:R15,
dc7a3eb96ef4ad1a-sheet2-R16,2026-06-08,gwangju-buk,기획예산과,스테이,북구청장직 인수위원회 구성 업무 추진 직원 격려 오찬 경비 집행,67000,dc7a3eb96ef4ad1abaec49753e53277db8355901d2dad5c4285f0ad9c57af30e,sheet2:R16,
dc7a3eb96ef4ad1a-sheet2-R17,2026-06-09,gwangju-buk,기획예산과,"예송, 오프박스",지방세체납관리단 업무 추진 직원 격려 오찬 경비 집행,111000,dc7a3eb96ef4ad1abaec49753e53277db8355901d2dad5c4285f0ad9c57af30e,sheet2:R17,
dc7a3eb96ef4ad1a-sheet2-R18,2026-06-19,gwangju-buk,기획예산과,돼지고기듬뿍넣은김치 할리스 북구청점,청년간부회의 운영 업무 추진 직원 격려 오찬 경비 집행,94000,dc7a3eb96ef4ad1abaec49753e53277db8355901d2dad5c4285f0ad9c57af30e,sheet2:R18,
dc7a3eb96ef4ad1a-sheet2-R19,2026-06-29,gwangju-buk,기획예산과,돼지고기듬뿍넣은김치 파스쿠찌전대점,세입 관련 민원행정시스템 전환 작업 격려 오찬 경비 집행,106700,dc7a3eb96ef4ad1abaec49753e53277db8355901d2dad5c4285f0ad9c57af30e,sheet2:R19,
4fe4555298e87c5b-sheet1-R4,2026-04-07,gwangju-buk,풍향동,주식회사 테이크파이외 1,동 행정복지센터 종합감사 수감 노고 격려 기관운영업무추진비 집행,145000,4fe4555298e87c5b173a1f2543f795c71a935139699f64fd694642f2519769f5,sheet1:R4,
4fe4555298e87c5b-sheet1-R5,2026-04-28,gwangju-buk,풍향동,임서방숯불갈비,고유가지원금 지급 업무 노고격려를 위한 기관운영업무추진비 집행,254000,4fe4555298e87c5b173a1f2543f795c71a935139699f64fd694642f2519769f5,sheet1:R5,
4fe4555298e87c5b-sheet1-R6,2026-04-30,gwangju-buk,풍향동,단하나케이크만들기,현안업무 추진 노고격려 기관운영업무추진비 집행,40000,4fe4555298e87c5b173a1f2543f795c71a935139699f64fd694642f2519769f5,sheet1:R6,
4fe4555298e87c5b-sheet1-R7,2026-05-06,gwangju-buk,풍향동,주식회사 테이크파이외 1,전국동시지방선거 업무 추진 노고격려 기관운영업무추진비 집행,85700,4fe4555298e87c5b173a1f2543f795c71a935139699f64fd694642f2519769f5,sheet1:R7,
4fe4555298e87c5b-sheet1-R8,2026-05-12,gwangju-buk,풍향동,펌킨커피외 1,고유가지원금 지급 업무 노고격려를 위한 기관운영업무추진비 집행,77900,4fe4555298e87c5b173a1f2543f795c71a935139699f64fd694642f2519769f5,sheet1:R8,
4fe4555298e87c5b-sheet1-R9,2026-05-13,gwangju-buk,풍향동,주식회사 테이크파이,통합사례관리 업무 등 현안업무 추진 격려 기관운영업무추진비 집행,82500,4fe4555298e87c5b173a1f2543f795c71a935139699f64fd694642f2519769f5,sheet1:R9,
4fe4555298e87c5b-sheet1-R10,2026-05-14,gwangju-buk,풍향동,투썸플레이스 두암타외 1,업무협업을 위한 문화권역 동장 오찬 간담회 기관운영업무추진비 집행,111400,4fe4555298e87c5b173a1f2543f795c71a935139699f64fd694642f2519769f5,sheet1:R10,
4fe4555298e87c5b-sheet1-R11,2026-05-15,gwangju-buk,풍향동,가보세,마을안전지킴이 활동 논의를 위한 간담회비 집행,60000,4fe4555298e87c5b173a1f2543f795c71a935139699f64fd694642f2519769f5,sheet1:R11,
4fe4555298e87c5b-sheet1-R12,2026-05-20,gwangju-buk,풍향동,블랭크하우즈외 1,마을만들기 사업 공모 논의를 위한 간담회비 집행,78000,4fe4555298e87c5b173a1f2543f795c71a935139699f64fd694642f2519769f5,sheet1:R12,
4fe4555298e87c5b-sheet1-R13,2026-05-27,gwangju-buk,풍향동,카페아빌라외 1,마을만들기 공모 사업 논의를 위한 간담회 기관운영업무추진비 집행,130400,4fe4555298e87c5b173a1f2543f795c71a935139699f64fd694642f2519769f5,sheet1:R13,
4fe4555298e87c5b-sheet1-R14,2026-06-05,gwangju-buk,풍향동,바른초밥,맞춤형 복지업무 등 현안업무 처리 격려 기관운영업무추진비 집행,48700,4fe4555298e87c5b173a1f2543f795c71a935139699f64fd694642f2519769f5,sheet1:R14,
4fe4555298e87c5b-sheet1-R15,2026-06-16,gwangju-buk,풍향동,국일현방,자생단체 협업 논의 간담회 기관운영업무추진비 집행,270000,4fe4555298e87c5b173a1f2543f795c71a935139699f64fd694642f2519769f5,sheet1:R15,
62ad76846dc5b9a9-table1-R2,2026-04-02,gwangju-buk,석곡동,해뜰날포차,주민자치회 활동 격려 식사비 집행,150000,62ad76846dc5b9a9cd532465ea0be1672e7ed0485e0b7492f4ddc76f9ef7aeef,table1:R2,
62ad76846dc5b9a9-table1-R3,2026-04-08,gwangju-buk,석곡동,사와로 베이커리,동 현안업무 추진 직원 격려 간식비 집행,41900,62ad76846dc5b9a9cd532465ea0be1672e7ed0485e0b7492f4ddc76f9ef7aeef,table1:R3,
62ad76846dc5b9a9-table1-R4,2026-04-23,gwangju-buk,석곡동,광주 농협로컬푸드직외,1지역사회보장협의체 반찬만들기 활동 격려 식사비 집행,70500,62ad76846dc5b9a9cd532465ea0be1672e7ed0485e0b7492f4ddc76f9ef7aeef,table1:R4,
62ad76846dc5b9a9-table1-R5,2026-04-24,gwangju-buk,석곡동,순돌이네,통장단 활동 격려 식사비 집행,275000,62ad76846dc5b9a9cd532465ea0be1672e7ed0485e0b7492f4ddc76f9ef7aeef,table1:R5,
62ad76846dc5b9a9-table1-R6,2026-04-30,gwangju-buk,석곡동,카페 야그외 1,새마을 부녀회 임원진 활동 격려 식사비 집행,64500,62ad76846dc5b9a9cd532465ea0be1672e7ed0485e0b7492f4ddc76f9ef7aeef,table1:R6,
62ad76846dc5b9a9-table1-R7,2026-05-04,gwangju-buk,석곡동,무진 갈비탕,동 민원업무 추진 직원 격려 식사비 집행,20000,62ad76846dc5b9a9cd532465ea0be1672e7ed0485e0b7492f4ddc76f9ef7aeef,table1:R7,
62ad76846dc5b9a9-table1-R8,2026-05-14,gwangju-buk,석곡동,광주 농협로컬푸드직,지역사회보장협의체 활동 격려 다과비 집행,14500,62ad76846dc5b9a9cd532465ea0be1672e7ed0485e0b7492f4ddc76f9ef7aeef,table1:R8,
62ad76846dc5b9a9-table1-R9,2026-05-23,gwangju-buk,석곡동,삼거리고깃집,6.3.지방선거 등 동 현안업무 추진 직원 격려 식사비 집행,239000,62ad76846dc5b9a9cd532465ea0be1672e7ed0485e0b7492f4ddc76f9ef7aeef,table1:R9,
d083e68bf8ab95b5-sheet1-R4,2026-04-15,gwangju-buk,신용동,백리향,지역사회보장협의체 월례회의 참석자 식사비 지급,124000,d083e68bf8ab95b584dbe994da39c4f2dd5ea643828d03767135c4fa341f665f,sheet1:R4,
d083e68bf8ab95b5-sheet1-R5,2026-04-16,gwangju-buk,신용동,"단미식탁, 키토하우스",통장단 임원진 간담회 식사 및 음료구입비 지급,157000,d083e68bf8ab95b584dbe994da39c4f2dd5ea643828d03767135c4fa341f665f,sheet1:R5,
d083e68bf8ab95b5-sheet1-R6,2026-04-23,gwangju-buk,신용동,메가MGC커피광주첨단점,365민생행복지원단 간담회 음료 구입비 지급,23400,d083e68bf8ab95b584dbe994da39c4f2dd5ea643828d03767135c4fa341f665f,sheet1:R6,
d083e68bf8ab95b5-sheet1-R7,2026-04-24,gwangju-buk,신용동,"498나폴리 ,댄싱컵 광주 첨단점",고유가 피해지원금 및 현안 업무 추진 담당자 격려 식사및 음료구입비 지급,111800,d083e68bf8ab95b584dbe994da39c4f2dd5ea643828d03767135c4fa341f665f,sheet1:R7,
d083e68bf8ab95b5-sheet1-R8,2026-04-30,gwangju-buk,신용동,유한회사 다온가에프,6.3 동시 지방선거 업무담당자 및 현안 업무 추진 담당자 격려 식사비 지급,140000,d083e68bf8ab95b584dbe994da39c4f2dd5ea643828d03767135c4fa341f665f,sheet1:R8,
d083e68bf8ab95b5-sheet1-R9,2026-05-08,gwangju-buk,신용동,"나주곰탕, 홀브라운외","아동,청소년 및 복지 업무 추진 담당자 격려 식사비 및 음료 구입비 지급",127000,d083e68bf8ab95b584dbe994da39c4f2dd5ea643828d03767135c4fa341f665f,sheet1:R9,
d083e68bf8ab95b5-sheet1-R10,2026-05-27,gwangju-buk,신용동,"수진초밥,댄싱컵 광주 첨단점",선거업무 등 현안업무추진 전직원격려 식사비 및 음료 구입비 지급,280000,d083e68bf8ab95b584dbe994da39c4f2dd5ea643828d03767135c4fa341f665f,sheet1:R10,
d083e68bf8ab95b5-sheet1-R11,2026-06-03,gwangju-buk,신용동,설빙첨단점,선거업무 등 현안업무추진 다과비(팥빙수) 지급,25500,d083e68bf8ab95b584dbe994da39c4f2dd5ea643828d03767135c4fa341f665f,sheet1:R11,
d083e68bf8ab95b5-sheet1-R12,2026-06-04,gwangju-buk,신용동,백리향,한시 임기제 공무원 인사발령에 따른 격려 식사비 지급,65000,d083e68bf8ab95b584dbe994da39c4f2dd5ea643828d03767135c4fa341f665f,sheet1:R12,
d083e68bf8ab95b5-sheet1-R13,2026-06-11,gwangju-buk,신용동,천지유삼계탕,복달임 행사 관련 지사협 임원진 간담회 식사비 지급,57000,d083e68bf8ab95b584dbe994da39c4f2dd5ea643828d03767135c4fa341f665f,sheet1:R13,
d083e68bf8ab95b5-sheet1-R14,2026-06-17,gwangju-buk,신용동,댄싱컵 광주 첨단점,지역사회보장협의체 과일 나눔 행사 참여 위원 음료 구입비 지급,25000,d083e68bf8ab95b584dbe994da39c4f2dd5ea643828d03767135c4fa341f665f,sheet1:R14,
d083e68bf8ab95b5-sheet1-R15,2026-06-18,gwangju-buk,신용동,메가MGC커피광주첨단점,365민생행복지원단 봉사 활동(청소) 참여 단원 음료 구입비 지급,17500,d083e68bf8ab95b584dbe994da39c4f2dd5ea643828d03767135c4fa341f665f,sheet1:R15,
9a77da58e4c9e678-sheet1-R5,2026-04-07,gwangju-buk,도시개발과,현주네이야기,호우피해재난 도로조명 재해복구공사 관계자 간담,317000,9a77da58e4c9e67894d50f1e87d9c96b679fc88c224ec53e888851ea05a86e67,sheet1:R5,
9a77da58e4c9e678-sheet1-R6,2026-04-13,gwangju-buk,도시개발과,오우가,북구청사 우측별관 해체공사 설계용역 추진 관계자 간담,375000,9a77da58e4c9e67894d50f1e87d9c96b679fc88c224ec53e888851ea05a86e67,sheet1:R6,
9a77da58e4c9e678-sheet1-R7,2026-04-28,gwangju-buk,도시개발과,바다로한상,주택관리 상담센터 운영 관계자 간담,240000,9a77da58e4c9e67894d50f1e87d9c96b679fc88c224ec53e888851ea05a86e67,sheet1:R7,
9a77da58e4c9e678-sheet1-R8,2026-06-05,gwangju-buk,도시개발과,오우가,두암1동 커뮤니티센터 리모델링공사 관계자 간담,337000,9a77da58e4c9e67894d50f1e87d9c96b679fc88c224ec53e888851ea05a86e67,sheet1:R8,
9a77da58e4c9e678-sheet1-R9,2026-06-22,gwangju-buk,도시개발과,오우가,북구청사 장애인경사로 설치공사 설계용역 추진 관계자 간담,450000,9a77da58e4c9e67894d50f1e87d9c96b679fc88c224ec53e888851ea05a86e67,sheet1:R9,
9a77da58e4c9e678-sheet1-R10,2026-06-23,gwangju-buk,도시개발과,명태어장,금당새뜰마을 보행환경개선공사 실시설계용역 추진 관계자 간담,283000,9a77da58e4c9e67894d50f1e87d9c96b679fc88c224ec53e888851ea05a86e67,sheet1:R10,
9a77da58e4c9e678-sheet1-R15,2026-04-09,gwangju-buk,도시개발과,"예향정전대점, 할리스북구청점",효죽2 공영주차장 옥상층 방수공사 추진 관계자 간담,131400,9a77da58e4c9e67894d50f1e87d9c96b679fc88c224ec53e888851ea05a86e67,sheet1:R15,
9a77da58e4c9e678-sheet1-R16,2026-04-13,gwangju-buk,도시개발과,"광양재첩, 할리스",금당새뜰마을 노후주택 집수리 지원사업 관계자 간담,60500,9a77da58e4c9e67894d50f1e87d9c96b679fc88c224ec53e888851ea05a86e67,sheet1:R16,
9a77da58e4c9e678-sheet1-R17,2026-04-14,gwangju-buk,도시개발과,별빛스푼샐러드,벽화경관개선사업 추진 관계자 간담,73100,9a77da58e4c9e67894d50f1e87d9c96b679fc88c224ec53e888851ea05a86e67,sheet1:R17,
9a77da58e4c9e678-sheet1-R18,2026-04-16,gwangju-buk,도시개발과,"호수식당, 소미담전남대점",행복어울림센터 도시가스 전환공사 관계자 간담,69500,9a77da58e4c9e67894d50f1e87d9c96b679fc88c224ec53e888851ea05a86e67,sheet1:R18,
9a77da58e4c9e678-sheet1-R19,2026-04-23,gwangju-buk,도시개발과,할리스북구청점,두암3동 커뮤니티센터 건립 전기공사 관계자 간담,35600,9a77da58e4c9e67894d50f1e87d9c96b679fc88c224ec53e888851ea05a86e67,sheet1:R19,
9a77da58e4c9e678-sheet1-R20,2026-05-07,gwangju-buk,도시개발과,"미스터초밥왕,스타벅스",북구보건소 수배전반 교체공사 관계자 간담,138400,9a77da58e4c9e67894d50f1e87d9c96b679fc88c224ec53e888851ea05a86e67,sheet1:R20,
9a77da58e4c9e678-sheet1-R21,2026-05-11,gwangju-buk,도시개발과,할리스북구청점,금당새뜰마을 조성사업 주민역량 강화교육 관계자 간담,19800,9a77da58e4c9e67894d50f1e87d9c96b679fc88c224ec53e888851ea05a86e67,sheet1:R21,
9a77da58e4c9e678-sheet1-R22,2026-05-13,gwangju-buk,도시개발과,"황칠나라우미관, 카페뮤",북구골목형상점가 상인교육관 전기공사 관계자 간담,89800,9a77da58e4c9e67894d50f1e87d9c96b679fc88c224ec53e888851ea05a86e67,sheet1:R22,
9a77da58e4c9e678-sheet1-R23,2026-05-21,gwangju-buk,도시개발과,"노릇노릇식당, 할리스",신안교 인근 재난 예경보시스템 설계용역 관계자 간담,100000,9a77da58e4c9e67894d50f1e87d9c96b679fc88c224ec53e888851ea05a86e67,sheet1:R23,
9a77da58e4c9e678-sheet1-R24,2026-05-28,gwangju-buk,도시개발과,"만선,할리스",2026년 수치지역 세계측지계 좌표 변황 실측 관계자 간담,85800,9a77da58e4c9e67894d50f1e87d9c96b679fc88c224ec53e888851ea05a86e67,sheet1:R24,
9a77da58e4c9e678-sheet1-R25,2026-06-15,gwangju-buk,도시개발과,할리스북구청점,금당새뜰마을 조성사업 주민역량 강화교육 관계자 간담,20900,9a77da58e4c9e67894d50f1e87d9c96b679fc88c224ec53e888851ea05a86e67,sheet1:R25,
9a77da58e4c9e678-sheet1-R26,2026-06-22,gwangju-buk,도시개발과,할리스북구청점,금당새뜰마을 보행환경 개선공사 실시설게 용역 관계자 간담,15100,9a77da58e4c9e67894d50f1e87d9c96b679fc88c224ec53e888851ea05a86e67,sheet1:R26,
9a77da58e4c9e678-sheet1-R27,2026-06-23,gwangju-buk,도시개발과,"해수니보쌈,모먼트오월",무등로 노선 LED컨버터 교체공사 관계자 간담,133300,9a77da58e4c9e67894d50f1e87d9c96b679fc88c224ec53e888851ea05a86e67,sheet1:R27,
9a77da58e4c9e678-sheet1-R28,2026-06-25,gwangju-buk,도시개발과,만선,인터넷 중개대상물 모니터링 관계자 간담,162000,9a77da58e4c9e67894d50f1e87d9c96b679fc88c224ec53e888851ea05a86e67,sheet1:R28,
9a77da58e4c9e678-sheet1-R29,2026-06-29,gwangju-buk,도시개발과,"해수니보쌈,청자다방",주택관리 상담센터 운영 관계자 간담,45300,9a77da58e4c9e67894d50f1e87d9c96b679fc88c224ec53e888851ea05a86e67,sheet1:R29,
9a77da58e4c9e678-sheet2-R5,2026-04-16,gwangju-buk,도시개발과,장터마트,도시관리국 내방객을 위한 다과 구입,196000,9a77da58e4c9e67894d50f1e87d9c96b679fc88c224ec53e888851ea05a86e67,sheet2:R5,
9a77da58e4c9e678-sheet2-R6,2026-04-21,gwangju-buk,도시개발과,유니버셜커유,도시관리국 현안업무 추진직원 격려,19500,9a77da58e4c9e67894d50f1e87d9c96b679fc88c224ec53e888851ea05a86e67,sheet2:R6,
9a77da58e4c9e678-sheet2-R7,2026-04-22,gwangju-buk,도시개발과,"낙지사랑채,하이오커피",도시관리국 현안업무 추진직원 격려,146000,9a77da58e4c9e67894d50f1e87d9c96b679fc88c224ec53e888851ea05a86e67,sheet2:R7,
9a77da58e4c9e678-sheet2-R8,2026-04-27,gwangju-buk,도시개발과,할리스 북구청점,도시관리국 현안업무 추진직원 격려,14600,9a77da58e4c9e67894d50f1e87d9c96b679fc88c224ec53e888851ea05a86e67,sheet2:R8,
9a77da58e4c9e678-sheet2-R9,2026-04-28,gwangju-buk,도시개발과,"해수니보쌈, 모먼트오월",도시관리국 현안업무 추진직원 격려,96900,9a77da58e4c9e67894d50f1e87d9c96b679fc88c224ec53e888851ea05a86e67,sheet2:R9,
9a77da58e4c9e678-sheet2-R10,2026-05-04,gwangju-buk,도시개발과,할리스북구청점,도시관리국 현안업무 추진직원 격려,24800,9a77da58e4c9e67894d50f1e87d9c96b679fc88c224ec53e888851ea05a86e67,sheet2:R10,
9a77da58e4c9e678-sheet2-R11,2026-05-14,gwangju-buk,도시개발과,만선,도시관리국 현안업무 추진직원 격려,61000,9a77da58e4c9e67894d50f1e87d9c96b679fc88c224ec53e888851ea05a86e67,sheet2:R11,
9a77da58e4c9e678-sheet2-R12,2026-05-22,gwangju-buk,도시개발과,할리스북구청점,도시관리국 현안업무 추진직원 격려,24300,9a77da58e4c9e67894d50f1e87d9c96b679fc88c224ec53e888851ea05a86e67,sheet2:R12,
9a77da58e4c9e678-sheet2-R13,2026-06-01,gwangju-buk,도시개발과,"돼지고기듬뿍김치찌개,할리스북구청점",도시관리국 부속실 추진직원 격려,62800,9a77da58e4c9e67894d50f1e87d9c96b679fc88c224ec53e888851ea05a86e67,sheet2:R13,
9a77da58e4c9e678-sheet2-R14,2026-06-04,gwangju-buk,도시개발과,"최정담, 안전가옥커피",도시관리국 현안업무 추진직원 격려,68000,9a77da58e4c9e67894d50f1e87d9c96b679fc88c224ec53e888851ea05a86e67,sheet2:R14,
9a77da58e4c9e678-sheet2-R15,2026-06-05,gwangju-buk,도시개발과,할리스북구청점,도시관리국 현안업무 추진직원 격려,28000,9a77da58e4c9e67894d50f1e87d9c96b679fc88c224ec53e888851ea05a86e67,sheet2:R15,
9a77da58e4c9e678-sheet2-R16,2026-06-08,gwangju-buk,도시개발과,할리스북구청점,도시관리국 현안업무 추진직원 격려,20300,9a77da58e4c9e67894d50f1e87d9c96b679fc88c224ec53e888851ea05a86e67,sheet2:R16,
9a77da58e4c9e678-sheet2-R17,2026-06-10,gwangju-buk,도시개발과,도향,도시관리국 부속실 추진직원 격려,41000,9a77da58e4c9e67894d50f1e87d9c96b679fc88c224ec53e888851ea05a86e67,sheet2:R17,
9a77da58e4c9e678-sheet2-R18,2026-06-19,gwangju-buk,도시개발과,할리스북구청점,도시관리국 현안업무 추진직원 격려,16100,9a77da58e4c9e67894d50f1e87d9c96b679fc88c224ec53e888851ea05a86e67,sheet2:R18,
9a77da58e4c9e678-sheet2-R19,2026-06-30,gwangju-buk,도시개발과,"태홍회관, 할리스북구청점",도시관리국 현안업무 추진직원 격려,68700,9a77da58e4c9e67894d50f1e87d9c96b679fc88c224ec53e888851ea05a86e67,sheet2:R19,
3adbe7cb3ab4460d-table1-R3,2026-04-01,gwangju-buk,임동,한솔,임동 골목형상점가 상인회 간담회 오찬,60000,3adbe7cb3ab4460db1a62b5dd151376a46d263cd126e210e4a447b36e5665b4c,table1:R3,
3adbe7cb3ab4460d-table1-R4,2026-04-03,gwangju-buk,임동,갤러리24,동 행정복지센터 현안업무 추진 직원 노고격려 오찬,30000,3adbe7cb3ab4460db1a62b5dd151376a46d263cd126e210e4a447b36e5665b4c,table1:R4,
3adbe7cb3ab4460d-table1-R5,2026-04-08,gwangju-buk,임동,이오삼253,현안업무 추진 등 직원 노고격려 간식비 지급,48800,3adbe7cb3ab4460db1a62b5dd151376a46d263cd126e210e4a447b36e5665b4c,table1:R5,
3adbe7cb3ab4460d-table1-R6,2026-04-16,gwangju-buk,임동,다도댐,선거업무 추진 담당자 노고격려 오찬,57000,3adbe7cb3ab4460db1a62b5dd151376a46d263cd126e210e4a447b36e5665b4c,table1:R6,
3adbe7cb3ab4460d-table1-R7,2026-04-21,gwangju-buk,임동,백련옥,동행정 활성화를 위한 중흥권역 동장단 간담회 오찬,61000,3adbe7cb3ab4460db1a62b5dd151376a46d263cd126e210e4a447b36e5665b4c,table1:R7,
3adbe7cb3ab4460d-table1-R8,2026-04-24,gwangju-buk,임동,"김가네,텐퍼센트",통장 재위촉 관련 간담회 오찬,111300,3adbe7cb3ab4460db1a62b5dd151376a46d263cd126e210e4a447b36e5665b4c,table1:R8,
3adbe7cb3ab4460d-table1-R9,2026-04-29,gwangju-buk,임동,명태어장,선거업무 추진 담당자 노고격려 오찬,122000,3adbe7cb3ab4460db1a62b5dd151376a46d263cd126e210e4a447b36e5665b4c,table1:R9,
3adbe7cb3ab4460d-table1-R10,2026-05-08,gwangju-buk,임동,"태봉골,이오삼253",동정 현황 공유 및 주민불편사항 의견 청취 등 간담회 오찬,70100,3adbe7cb3ab4460db1a62b5dd151376a46d263cd126e210e4a447b36e5665b4c,table1:R10,
3adbe7cb3ab4460d-table1-R11,2026-05-12,gwangju-buk,임동,챔피온식당,고유가 피해지원금 업무 추진 노고 격려 오찬,45000,3adbe7cb3ab4460db1a62b5dd151376a46d263cd126e210e4a447b36e5665b4c,table1:R11,
3adbe7cb3ab4460d-table1-R12,2026-05-14,gwangju-buk,임동,"백련옥,이오삼253",통장 재위촉 관련 간담회 오찬,97500,3adbe7cb3ab4460db1a62b5dd151376a46d263cd126e210e4a447b36e5665b4c,table1:R12,
3adbe7cb3ab4460d-table1-R13,2026-05-18,gwangju-buk,임동,챔피온식당,고유가 피해지원금 업무 추진 노고 격려 오찬,36000,3adbe7cb3ab4460db1a62b5dd151376a46d263cd126e210e4a447b36e5665b4c,table1:R13,
3adbe7cb3ab4460d-table1-R14,2026-05-18,gwangju-buk,임동,이오삼253,고유가 피해지원금 업무 추진 등 전직원 노고 격려 다과비 지급,60400,3adbe7cb3ab4460db1a62b5dd151376a46d263cd126e210e4a447b36e5665b4c,table1:R14,
3adbe7cb3ab4460d-table1-R15,2026-05-19,gwangju-buk,임동,태봉골,사전투표 모의시험 추진 등 직원 노고격려 오찬,120000,3adbe7cb3ab4460db1a62b5dd151376a46d263cd126e210e4a447b36e5665b4c,table1:R15,
3adbe7cb3ab4460d-table1-R16,2026-06-01,gwangju-buk,임동,이서방숯불구이,고유가 피해지원금 업무 추진 등 노고 격려 오찬,70000,3adbe7cb3ab4460db1a62b5dd151376a46d263cd126e210e4a447b36e5665b4c,table1:R16,
3adbe7cb3ab4460d-table1-R17,2026-06-04,gwangju-buk,임동,챔피온식당,선거업무 추진 담당자 노고격려 오찬,63000,3adbe7cb3ab4460db1a62b5dd151376a46d263cd126e210e4a447b36e5665b4c,table1:R17,
3adbe7cb3ab4460d-table1-R18,2026-06-17,gwangju-buk,임동,이오삼253,동 행정복지센터 현안업무 추진 직원 노고격려 간식비 지급,82100,3adbe7cb3ab4460db1a62b5dd151376a46d263cd126e210e4a447b36e5665b4c,table1:R18,
a7d9fbb3d9ab44f0-sheet1-R2,2026-04-01,gwangju-buk,매곡동,등촌,마을만들기 사업 관계자 만찬 간담 비용 집행,54000,a7d9fbb3d9ab44f04a5a5d33c45f983dae41a70cb6146dc4e956a9d9283dfaeb,sheet1:R2,
a7d9fbb3d9ab44f0-sheet1-R3,2026-04-10,gwangju-buk,매곡동,샤브마니아광주매곡점,사회복지 도우미 노고 격려 오찬비 집행,41700,a7d9fbb3d9ab44f04a5a5d33c45f983dae41a70cb6146dc4e956a9d9283dfaeb,sheet1:R3,
a7d9fbb3d9ab44f0-sheet1-R4,2026-04-10,gwangju-buk,매곡동,대복회세꼬시,동네순찰단 만찬 간담 비용 집행,94000,a7d9fbb3d9ab44f04a5a5d33c45f983dae41a70cb6146dc4e956a9d9283dfaeb,sheet1:R4,
a7d9fbb3d9ab44f0-sheet1-R5,2026-04-14,gwangju-buk,매곡동,곱창마당 갈비마당,취약지 자율청소단 노고 격려 오찬비 집행,58000,a7d9fbb3d9ab44f04a5a5d33c45f983dae41a70cb6146dc4e956a9d9283dfaeb,sheet1:R5,
a7d9fbb3d9ab44f0-sheet1-R6,2026-04-22,gwangju-buk,매곡동,하루연어,현안업무 추진 직원 노고 격려 만찬,92700,a7d9fbb3d9ab44f04a5a5d33c45f983dae41a70cb6146dc4e956a9d9283dfaeb,sheet1:R6,
a7d9fbb3d9ab44f0-sheet1-R7,2026-04-29,gwangju-buk,매곡동,"샤브마니아광주매곡점, 투썸플레이스",업무협업을 위한 인근 행정구역 동장 오찬간담회 경비 집행,59100,a7d9fbb3d9ab44f04a5a5d33c45f983dae41a70cb6146dc4e956a9d9283dfaeb,sheet1:R7,
a7d9fbb3d9ab44f0-sheet1-R8,2026-04-30,gwangju-buk,매곡동,청월참치,매곡동 벽화 사업 관계자 만찬 간담 비용 집행,145000,a7d9fbb3d9ab44f04a5a5d33c45f983dae41a70cb6146dc4e956a9d9283dfaeb,sheet1:R8,
a7d9fbb3d9ab44f0-sheet1-R9,2026-05-14,gwangju-buk,매곡동,세븐일레븐 광주매곡,매곡동 화단 정비 참여자 격려 음료구입비 지급,18800,a7d9fbb3d9ab44f04a5a5d33c45f983dae41a70cb6146dc4e956a9d9283dfaeb,sheet1:R9,
a7d9fbb3d9ab44f0-sheet1-R10,2026-05-15,gwangju-buk,매곡동,"옹기촌, 카페다락",업무협업을 위한 인근 행정구역 동장 오찬간담회 경비 집행,57000,a7d9fbb3d9ab44f04a5a5d33c45f983dae41a70cb6146dc4e956a9d9283dfaeb,sheet1:R10,
a7d9fbb3d9ab44f0-sheet1-R11,2026-05-19,gwangju-buk,매곡동,"넝쿨채, 카페오늘",기관간 협의를 위한 매곡동 기관장 오찬간담회 경비 집행,180000,a7d9fbb3d9ab44f04a5a5d33c45f983dae41a70cb6146dc4e956a9d9283dfaeb,sheet1:R11,
a7d9fbb3d9ab44f0-sheet1-R12,2026-05-21,gwangju-buk,매곡동,공원칼국수,선거업무 추진 직원 노고 격려 오찬비 집행,48000,a7d9fbb3d9ab44f04a5a5d33c45f983dae41a70cb6146dc4e956a9d9283dfaeb,sheet1:R12,
a7d9fbb3d9ab44f0-sheet1-R13,2026-05-28,gwangju-buk,매곡동,"정남진장흥한우, 하이오커피",5월중 업무협업을 위한 인근 행정구역 동장 오찬간담회 경비 집행,48100,a7d9fbb3d9ab44f04a5a5d33c45f983dae41a70cb6146dc4e956a9d9283dfaeb,sheet1:R13,
a7d9fbb3d9ab44f0-sheet1-R14,2026-06-02,gwangju-buk,매곡동,샤브마니아광주매곡점,선거 업무 추진 직원 격려 오찬비 집행,41700,a7d9fbb3d9ab44f04a5a5d33c45f983dae41a70cb6146dc4e956a9d9283dfaeb,sheet1:R14,
a7d9fbb3d9ab44f0-sheet1-R15,2026-06-12,gwangju-buk,매곡동,"진초동순두부 매곡점, 카페오늘",호우대비 빗물받이 사전정비단 운영 관계자 오찬비 집행,51000,a7d9fbb3d9ab44f04a5a5d33c45f983dae41a70cb6146dc4e956a9d9283dfaeb,sheet1:R15,
a7d9fbb3d9ab44f0-sheet1-R16,2026-06-11,gwangju-buk,매곡동,샤브마니아광주매곡점,맞춤형복지 업무추진 격려 오찬비 집행,41700,a7d9fbb3d9ab44f04a5a5d33c45f983dae41a70cb6146dc4e956a9d9283dfaeb,sheet1:R16,
a7d9fbb3d9ab44f0-sheet1-R17,2026-06-19,gwangju-buk,매곡동,돈까스만드는남자,빗물받이 정비 관계자 만찬 간담 비용 집행,111400,a7d9fbb3d9ab44f04a5a5d33c45f983dae41a70cb6146dc4e956a9d9283dfaeb,sheet1:R17,
a7d9fbb3d9ab44f0-sheet1-R18,2026-06-22,gwangju-buk,매곡동,"넝쿨채, 카페오늘",고유가 피해지원금 업무추진 격려 오찬비 집행,90200,a7d9fbb3d9ab44f04a5a5d33c45f983dae41a70cb6146dc4e956a9d9283dfaeb,sheet1:R18,
a7d9fbb3d9ab44f0-sheet1-R19,2026-06-22,gwangju-buk,매곡동,돼파,도심속 작은음악회 관계자 만찬 간담 비용 집행,74000,a7d9fbb3d9ab44f04a5a5d33c45f983dae41a70cb6146dc4e956a9d9283dfaeb,sheet1:R19,
5f7567d78d32accb-sheet1-R5,2026-04-28,gwangju-buk,세무1과,솜리치킨,기부심사위원회 및 세외수입 징수대책 보고회 추진 격려 시책추진비 집행,325000,5f7567d78d32accbd1b6f16bdea5b9202b29ca73879b1503d22b45a3bc539484,sheet1:R5,
32d96fa375b055b6-sheet1-R3,2026-06-29,gwangju-buk,교통행정과,"초밥마을, 할리스 커피",교통안전 봉사단체 관계자 간담회,189400,32d96fa375b055b653fcf0ed9af5a34387619934ff00fdb0fc55a4233cae3041,sheet1:R3,
c39e801d18bca953-sheet1-R3,2026-04-06,gwangju-buk,중흥1동,일등,행정복지센터 자활(청소)참여자 격려 오찬,40000,c39e801d18bca953dac892ba34642516d6c9c0905d08993615275f52dc7432b1,sheet1:R3,
c39e801d18bca953-sheet1-R4,2026-04-07,gwangju-buk,중흥1동,다도바다,현안업무 추진 행정팀 직원 격려 오찬비,122000,c39e801d18bca953dac892ba34642516d6c9c0905d08993615275f52dc7432b1,sheet1:R4,
c39e801d18bca953-sheet1-R5,2026-04-08,gwangju-buk,중흥1동,참진능이버섯백숙,주민자치회 임원 오찬 경비 지급,135000,c39e801d18bca953dac892ba34642516d6c9c0905d08993615275f52dc7432b1,sheet1:R5,
c39e801d18bca953-sheet1-R6,2026-04-24,gwangju-buk,중흥1동,광안천지식당계림점,현안업무 추진 직원 격려 오찬비,101500,c39e801d18bca953dac892ba34642516d6c9c0905d08993615275f52dc7432b1,sheet1:R6,
c39e801d18bca953-sheet1-R7,2026-05-15,gwangju-buk,중흥1동,카페(CAFE)준,현안업무 추진 직원 격려 간식비,13000,c39e801d18bca953dac892ba34642516d6c9c0905d08993615275f52dc7432b1,sheet1:R7,
c39e801d18bca953-sheet1-R8,2026-05-20,gwangju-buk,중흥1동,크레센트,현안업무 추진 직원 격려 간식비,100000,c39e801d18bca953dac892ba34642516d6c9c0905d08993615275f52dc7432b1,sheet1:R8,
c39e801d18bca953-sheet1-R9,2026-05-30,gwangju-buk,중흥1동,주정숙청국장,선거업무 추진 직원 격려 오찬비,72000,c39e801d18bca953dac892ba34642516d6c9c0905d08993615275f52dc7432b1,sheet1:R9,
c39e801d18bca953-sheet1-R10,2026-06-03,gwangju-buk,중흥1동,"남평부영식육식당, 컴포즈커피 계림점",선거업무 추진 직원 격려 오찬비,138000,c39e801d18bca953dac892ba34642516d6c9c0905d08993615275f52dc7432b1,sheet1:R10,
c39e801d18bca953-sheet1-R11,2026-06-08,gwangju-buk,중흥1동,크레센트,현안업무 추진 직원 격려 간식비,50000,c39e801d18bca953dac892ba34642516d6c9c0905d08993615275f52dc7432b1,sheet1:R11,
c39e801d18bca953-sheet1-R12,2026-06-09,gwangju-buk,중흥1동,"주정숙청국장, 위시베이크",통장단 임원 간담 오찬비,80500,c39e801d18bca953dac892ba34642516d6c9c0905d08993615275f52dc7432b1,sheet1:R12,
c39e801d18bca953-sheet1-R13,2026-06-23,gwangju-buk,중흥1동,"주정숙청국장, 쿠자쿠",지역사회보장협의체 임원 오찬 경비 지급,49600,c39e801d18bca953dac892ba34642516d6c9c0905d08993615275f52dc7432b1,sheet1:R13,
c39e801d18bca953-sheet1-R14,2026-06-24,gwangju-buk,중흥1동,백억모싯잎송편말바우,현안업무 추진 직원 격려 간식비,91000,c39e801d18bca953dac892ba34642516d6c9c0905d08993615275f52dc7432b1,sheet1:R14,
4220efa662a18ae5-sheet1-R5,2026-06-15,gwangju-buk,소상공인지원과,오우가,2026년 아트테리어 현장심사 등에 따른 시책업무추진비 집행,100000,4220efa662a18ae5e85b66faefe773af3a1caff6c0dded3795425db2bbe58241,sheet1:R5,
d48f558bc833b19f-sheet1-R3,2026-04-15,gwangju-buk,통합돌봄과,태극수산,노인일자리 수행기관 관계자 간담회,74000,d48f558bc833b19f5371f84057e8acaa7c784808606e571e33201c95a8bb36d9,sheet1:R3,
d48f558bc833b19f-sheet1-R4,2026-04-17,gwangju-buk,통합돌봄과,샤브향(용봉점),장애인의날 기념행사 업무추진 관계자 간담회,74500,d48f558bc833b19f5371f84057e8acaa7c784808606e571e33201c95a8bb36d9,sheet1:R4,
d48f558bc833b19f-sheet1-R5,2026-04-20,gwangju-buk,통합돌봄과,(사)어울림복지재단,장애인의날 기념행사 참여 관계자 간식,200000,d48f558bc833b19f5371f84057e8acaa7c784808606e571e33201c95a8bb36d9,sheet1:R5,
d48f558bc833b19f-sheet1-R6,2026-04-28,gwangju-buk,통합돌봄과,"곱돌마루, 카페올리비아",어버이날 기념행사 업무추진 관계자 간담회,123500,d48f558bc833b19f5371f84057e8acaa7c784808606e571e33201c95a8bb36d9,sheet1:R6,
d48f558bc833b19f-sheet1-R7,2026-06-01,gwangju-buk,통합돌봄과,미공간,스마트통합돌봄 업무추진 관계자 간담회,108000,d48f558bc833b19f5371f84057e8acaa7c784808606e571e33201c95a8bb36d9,sheet1:R7,
d48f558bc833b19f-sheet1-R8,2026-06-10,gwangju-buk,통합돌봄과,해뜰날,장애인복지 유관기관 업무추진 간담회,220000,d48f558bc833b19f5371f84057e8acaa7c784808606e571e33201c95a8bb36d9,sheet1:R8,
d48f558bc833b19f-sheet1-R9,2026-06-18,gwangju-buk,통합돌봄과,바다로,지역자활센터 관계자 간담,100000,d48f558bc833b19f5371f84057e8acaa7c784808606e571e33201c95a8bb36d9,sheet1:R9,
d48f558bc833b19f-sheet1-R10,2026-06-19,gwangju-buk,통합돌봄과,산골마을,노인복지시설 업무추진 관계자 간담회,150000,d48f558bc833b19f5371f84057e8acaa7c784808606e571e33201c95a8bb36d9,sheet1:R10,
d48f558bc833b19f-sheet1-R15,2026-04-01,gwangju-buk,통합돌봄과,"서해백합, (사)어울림복지재단",주민편익시설 운영현황점검 업무추진직원 격려,99400,d48f558bc833b19f5371f84057e8acaa7c784808606e571e33201c95a8bb36d9,sheet1:R15,
d48f558bc833b19f-sheet1-R16,2026-04-20,gwangju-buk,통합돌봄과,로니로티,장애인의날 업무추진 직원 격려,78500,d48f558bc833b19f5371f84057e8acaa7c784808606e571e33201c95a8bb36d9,sheet1:R16,
d48f558bc833b19f-sheet1-R17,2026-05-07,gwangju-buk,통합돌봄과,서해백합,어버이날 기념행사 업무추진 직원격려 식사,79000,d48f558bc833b19f5371f84057e8acaa7c784808606e571e33201c95a8bb36d9,sheet1:R17,
d48f558bc833b19f-sheet1-R18,2026-05-20,gwangju-buk,통합돌봄과,"오리랑돼지랑, 모먼트오월",통합사례관리 업무추진 직원 격려,99000,d48f558bc833b19f5371f84057e8acaa7c784808606e571e33201c95a8bb36d9,sheet1:R18,
d48f558bc833b19f-sheet1-R19,2026-05-21,gwangju-buk,통합돌봄과,"예향정, 포르피노",그린리모델링 업무추진 직원 격려,88800,d48f558bc833b19f5371f84057e8acaa7c784808606e571e33201c95a8bb36d9,sheet1:R19,
d48f558bc833b19f-sheet1-R20,2026-06-02,gwangju-buk,통합돌봄과,"오리랑돼지랑, 모먼트오월",고령친화도시 업무추진 직원 격려,76600,d48f558bc833b19f5371f84057e8acaa7c784808606e571e33201c95a8bb36d9,sheet1:R20,
d48f558bc833b19f-sheet1-R21,2026-06-09,gwangju-buk,통합돌봄과,파스쿠찌,어울림인권문화제 업무추진 직원 격려,11600,d48f558bc833b19f5371f84057e8acaa7c784808606e571e33201c95a8bb36d9,sheet1:R21,
d48f558bc833b19f-sheet1-R22,2026-06-17,gwangju-buk,통합돌봄과,동신지역자활센터,자활생산품 판매장터 소소마켓 업무추진 직원격려간식,60000,d48f558bc833b19f5371f84057e8acaa7c784808606e571e33201c95a8bb36d9,sheet1:R22,
d48f558bc833b19f-sheet1-R23,2026-06-30,gwangju-buk,통합돌봄과,만선,통합돌봄정책위원회 및 업무보고 업무추진 직원 격려,91000,d48f558bc833b19f5371f84057e8acaa7c784808606e571e33201c95a8bb36d9,sheet1:R23,
0bc14fc6eac0799a-table1-R3,2026-04-01,gwangju-buk,복지정책과,완도금일회타운,취약계층 밀집지역 주거복지향상을 위한 오찬 간담회(각화단지),400000,0bc14fc6eac0799ad5bad1833bba4511baa22d1188b640c4dd9dd71088d9d80e,table1:R3,
0bc14fc6eac0799a-table1-R4,2026-04-09,gwangju-buk,복지정책과,넝쿨채,"의료,요양 통합돌봄 지원 관계자 오찬 간담회",422000,0bc14fc6eac0799ad5bad1833bba4511baa22d1188b640c4dd9dd71088d9d80e,table1:R4,
0bc14fc6eac0799a-table1-R5,2026-04-16,gwangju-buk,복지정책과,경민회관,경로당 환경개선공사 추진 관련 오찬 간담회,199000,0bc14fc6eac0799ad5bad1833bba4511baa22d1188b640c4dd9dd71088d9d80e,table1:R5,
0bc14fc6eac0799a-table1-R6,2026-04-27,gwangju-buk,복지정책과,넝쿨채,가정위탁아동 밑반찬 지원사업 추진 관계자 오찬 간담회,428000,0bc14fc6eac0799ad5bad1833bba4511baa22d1188b640c4dd9dd71088d9d80e,table1:R6,
0bc14fc6eac0799a-table1-R7,2026-04-28,gwangju-buk,복지정책과,유한회사 다온가에프,사회복지사 등 처우개선 관련 실태조사 추진 관계자 만찬 간담회,378000,0bc14fc6eac0799ad5bad1833bba4511baa22d1188b640c4dd9dd71088d9d80e,table1:R7,
0bc14fc6eac0799a-table1-R8,2026-05-07,gwangju-buk,복지정책과,또래오래전대점,복지사각지대 발굴시스템 운영 관계자 만찬 간담회,425000,0bc14fc6eac0799ad5bad1833bba4511baa22d1188b640c4dd9dd71088d9d80e,table1:R8,
0bc14fc6eac0799a-table1-R9,2026-05-22,gwangju-buk,복지정책과,돼지고기듬뿍넣은김치찌개,동 찾아가는 보건복지서비스 운영실태 점검 추진 관계자 만찬 간담회,287000,0bc14fc6eac0799ad5bad1833bba4511baa22d1188b640c4dd9dd71088d9d80e,table1:R9,
0bc14fc6eac0799a-table1-R10,2026-05-26,gwangju-buk,복지정책과,바다로,돌봄특화마을 유관기관 사례회의 추진 관계자 만찬 간담회,300000,0bc14fc6eac0799ad5bad1833bba4511baa22d1188b640c4dd9dd71088d9d80e,table1:R10,
0bc14fc6eac0799a-table1-R11,2026-05-29,gwangju-buk,복지정책과,넝쿨채,경로당 개보수공사 추진 관련 만찬 간담,270000,0bc14fc6eac0799ad5bad1833bba4511baa22d1188b640c4dd9dd71088d9d80e,table1:R11,
0bc14fc6eac0799a-table1-R12,2026-06-05,gwangju-buk,복지정책과,올능이능이버섯백숙,찾아가는 복지서비스 운영실태 모니터링 추진 관계자 오찬 간담회,282000,0bc14fc6eac0799ad5bad1833bba4511baa22d1188b640c4dd9dd71088d9d80e,table1:R12,
0bc14fc6eac0799a-table1-R13,2026-06-10,gwangju-buk,복지정책과,바다로한상,건강돌봄 서비스 추진 관계자 오찬 간담회,250000,0bc14fc6eac0799ad5bad1833bba4511baa22d1188b640c4dd9dd71088d9d80e,table1:R13,
0bc14fc6eac0799a-table1-R14,2026-06-17,gwangju-buk,복지정책과,넝쿨채,복지관련 민관협력사업 추진 관계자 오찬 간담회,410000,0bc14fc6eac0799ad5bad1833bba4511baa22d1188b640c4dd9dd71088d9d80e,table1:R14,
0bc14fc6eac0799a-table1-R15,2026-06-26,gwangju-buk,복지정책과,어선e,모두의 한끼 같이라면 사업추진 관계자 오찬 간담회,355000,0bc14fc6eac0799ad5bad1833bba4511baa22d1188b640c4dd9dd71088d9d80e,table1:R15,
0bc14fc6eac0799a-table1-R16,2026-06-29,gwangju-buk,복지정책과,넝쿨채,청년사회주택 조성 사업 추진 관계자 만찬 간담회,300000,0bc14fc6eac0799ad5bad1833bba4511baa22d1188b640c4dd9dd71088d9d80e,table1:R16,
0bc14fc6eac0799a-table2-R3,2026-04-08,gwangju-buk,복지정책과,"가족사랑, 명성인테리어",어린이집 지도점검 등 보육지원 업무 추진 관계자 오찬 간담회,217000,0bc14fc6eac0799ad5bad1833bba4511baa22d1188b640c4dd9dd71088d9d80e,table2:R3,
0bc14fc6eac0799a-table2-R4,2026-04-16,gwangju-buk,복지정책과,오리랑돼지랑,우리함께라면 추진 관계자 오찬 간담회,75000,0bc14fc6eac0799ad5bad1833bba4511baa22d1188b640c4dd9dd71088d9d80e,table2:R4,
0bc14fc6eac0799a-table2-R5,2026-04-24,gwangju-buk,복지정책과,해남회포장,민관협력사업 추진 관계자 간담회,185000,0bc14fc6eac0799ad5bad1833bba4511baa22d1188b640c4dd9dd71088d9d80e,table2:R5,
0bc14fc6eac0799a-table2-R6,2026-05-21,gwangju-buk,복지정책과,샤브향,새봄지기단 사례공유회의 추진 관계자 오찬 간담회,125000,0bc14fc6eac0799ad5bad1833bba4511baa22d1188b640c4dd9dd71088d9d80e,table2:R6,
0bc14fc6eac0799a-table2-R7,2026-05-28,gwangju-buk,복지정책과,"스테이, 할리스북구청점",성평등아카데미 교육 추진 관계자 오찬 간담회,83500,0bc14fc6eac0799ad5bad1833bba4511baa22d1188b640c4dd9dd71088d9d80e,table2:R7,
0bc14fc6eac0799a-table2-R8,2026-06-08,gwangju-buk,복지정책과,"돼지고기듬뿍넣은김치찌개, 할리스",보훈사업 업무 추진 관계자 간담회,103000,0bc14fc6eac0799ad5bad1833bba4511baa22d1188b640c4dd9dd71088d9d80e,table2:R8,
0bc14fc6eac0799a-table2-R9,2026-06-10,gwangju-buk,복지정책과,"호수짱뚱어탕, 꼼지락잡화",점하절기 급식위생 안전검검 추진 관계자 오찬 간담회,133000,0bc14fc6eac0799ad5bad1833bba4511baa22d1188b640c4dd9dd71088d9d80e,table2:R9,
0bc14fc6eac0799a-table2-R10,2026-06-12,gwangju-buk,복지정책과,월산가든,사회복지 민관협력사업 추진 협의 오찬 간담회,133000,0bc14fc6eac0799ad5bad1833bba4511baa22d1188b640c4dd9dd71088d9d80e,table2:R10,
0bc14fc6eac0799a-table2-R11,2026-06-23,gwangju-buk,복지정책과,또래오래전대점,동 지역사회보장협의체위원장단 회의 추진 관계자 오찬 간담회,330000,0bc14fc6eac0799ad5bad1833bba4511baa22d1188b640c4dd9dd71088d9d80e,table2:R11,
0bc14fc6eac0799a-table3-R3,2026-04-01,gwangju-buk,복지정책과,강진식당,천사무료급식 업무추진 관계자 오찬,93000,0bc14fc6eac0799ad5bad1833bba4511baa22d1188b640c4dd9dd71088d9d80e,table3:R3,
0bc14fc6eac0799a-table3-R4,2026-04-03,gwangju-buk,복지정책과,유한회사 창승,종합사회복지관 효율적 운영을 위한 간담회,96600,0bc14fc6eac0799ad5bad1833bba4511baa22d1188b640c4dd9dd71088d9d80e,table3:R4,
0bc14fc6eac0799a-table3-R5,2026-04-07,gwangju-buk,복지정책과,광양재첩,지역사회보장협의체 운영 업무 추진 관계자 오찬 간담회,75000,0bc14fc6eac0799ad5bad1833bba4511baa22d1188b640c4dd9dd71088d9d80e,table3:R5,
0bc14fc6eac0799a-table3-R6,2026-05-27,gwangju-buk,복지정책과,카페오늘,지역사회보장계획 수립 관계자 의견수렴 간담회,59500,0bc14fc6eac0799ad5bad1833bba4511baa22d1188b640c4dd9dd71088d9d80e,table3:R6,
0bc14fc6eac0799a-table3-R7,2026-06-30,gwangju-buk,복지정책과,광양재첩,후원물품 수령 및 배부 추진 관계자 오찬 간담회,75000,0bc14fc6eac0799ad5bad1833bba4511baa22d1188b640c4dd9dd71088d9d80e,table3:R7,
0bc14fc6eac0799a-table4-R3,2026-04-03,gwangju-buk,복지정책과,해일서대나라,천사무료급식 배식봉사 업무추진 직원 격려 오찬,135000,0bc14fc6eac0799ad5bad1833bba4511baa22d1188b640c4dd9dd71088d9d80e,table4:R3,
0bc14fc6eac0799a-table4-R4,2026-04-20,gwangju-buk,복지정책과,"정가네나주곰탕, 할리스북",구폭청력점에방 캠페인 활동 추진 직원 격려 오찬,138200,0bc14fc6eac0799ad5bad1833bba4511baa22d1188b640c4dd9dd71088d9d80e,table4:R4,
0bc14fc6eac0799a-table4-R5,2026-04-23,gwangju-buk,복지정책과,"스테이, 다이브인",북구생활보장 소위원회 심의 추진 직원 격려 오찬,87100,0bc14fc6eac0799ad5bad1833bba4511baa22d1188b640c4dd9dd71088d9d80e,table4:R5,
0bc14fc6eac0799a-table4-R6,2026-04-29,gwangju-buk,복지정책과,"해수니보쌈, 소미담전남대",점국공립어린이집 신규 위수탁계약 추진 직원 격려 오찬,148600,0bc14fc6eac0799ad5bad1833bba4511baa22d1188b640c4dd9dd71088d9d80e,table4:R6,
0bc14fc6eac0799a-table4-R7,2026-05-26,gwangju-buk,복지정책과,"정가네나주곰탕, 할리스북구청점",아동복지시설 운영 지도점검 추진 직원 격려 오찬,130400,0bc14fc6eac0799ad5bad1833bba4511baa22d1188b640c4dd9dd71088d9d80e,table4:R7,
0bc14fc6eac0799a-table4-R8,2026-05-29,gwangju-buk,복지정책과,"전통시골손두부, 콩샌",사회보장급여 신청 변경 조사 직원 격려 오찬,96300,0bc14fc6eac0799ad5bad1833bba4511baa22d1188b640c4dd9dd71088d9d80e,table4:R8,
0bc14fc6eac0799a-table4-R9,2026-06-18,gwangju-buk,복지정책과,황칠나라우미관,성매매 방지 민관합동점검 추진 직원 격려 오찬,85000,0bc14fc6eac0799ad5bad1833bba4511baa22d1188b640c4dd9dd71088d9d80e,table4:R9,
111ac4ed2d93e61c-sheet1-R4,2026-04-07,gwangju-buk,신안동,"태봉골식육식당, 이오삼",동정업무 협업 및 정보공유 간담회,79000,111ac4ed2d93e61c85795cb3f150460e061de7b33979d2b760e2514f6f599f63,sheet1:R4,
111ac4ed2d93e61c-sheet1-R5,2026-04-22,gwangju-buk,신안동,"태봉골식육식당, 이오삼",현안업무 추진에 따른 직원 격려,47400,111ac4ed2d93e61c85795cb3f150460e061de7b33979d2b760e2514f6f599f63,sheet1:R5,
111ac4ed2d93e61c-sheet1-R6,2026-04-23,gwangju-buk,신안동,황금리 용봉점,고유가 피해지원금 업무 추진에 따른 직원 격려,104100,111ac4ed2d93e61c85795cb3f150460e061de7b33979d2b760e2514f6f599f63,sheet1:R6,
111ac4ed2d93e61c-sheet1-R7,2026-05-04,gwangju-buk,신안동,태봉골식육식당,제9회 전국동시지방선거 업무 추진에 따른 직원 격려,75000,111ac4ed2d93e61c85795cb3f150460e061de7b33979d2b760e2514f6f599f63,sheet1:R7,
111ac4ed2d93e61c-sheet1-R8,2026-05-12,gwangju-buk,신안동,"임동초밥집, 69콩샌",동정업무 협업 및 정보공유 간담회,68000,111ac4ed2d93e61c85795cb3f150460e061de7b33979d2b760e2514f6f599f63,sheet1:R8,
111ac4ed2d93e61c-sheet1-R9,2026-05-22,gwangju-buk,신안동,"임동초밥집, 69콩샌",동정업무 협업 및 정보공유 간담회,70000,111ac4ed2d93e61c85795cb3f150460e061de7b33979d2b760e2514f6f599f63,sheet1:R9,
111ac4ed2d93e61c-sheet1-R10,2026-05-23,gwangju-buk,신안동,대왕김밥,제9회 동시지방선거 공보물 작업에 따른 직원 격려,180000,111ac4ed2d93e61c85795cb3f150460e061de7b33979d2b760e2514f6f599f63,sheet1:R10,
111ac4ed2d93e61c-sheet1-R11,2026-05-28,gwangju-buk,신안동,고밥,사전투표 업무 추진에 따른 직원 격려,54000,111ac4ed2d93e61c85795cb3f150460e061de7b33979d2b760e2514f6f599f63,sheet1:R11,
111ac4ed2d93e61c-sheet1-R12,2026-05-29,gwangju-buk,신안동,"태봉골식육식당, 이오삼",동선거관리위원회 간사·서기 선거업무 추진에 따른 격려,63000,111ac4ed2d93e61c85795cb3f150460e061de7b33979d2b760e2514f6f599f63,sheet1:R12,
111ac4ed2d93e61c-sheet1-R13,2026-06-04,gwangju-buk,신안동,태봉골식육식당,2차 고유가 지원금 업무 추진에 따른 직원 격려,108000,111ac4ed2d93e61c85795cb3f150460e061de7b33979d2b760e2514f6f599f63,sheet1:R13,
111ac4ed2d93e61c-sheet1-R14,2026-06-08,gwangju-buk,신안동,황금리 용봉점,주민등록 및 인감관련 공부 정비에 따른 직원 격려,53700,111ac4ed2d93e61c85795cb3f150460e061de7b33979d2b760e2514f6f599f63,sheet1:R14,
111ac4ed2d93e61c-sheet1-R15,2026-06-19,gwangju-buk,신안동,"달빛에군운고등어, 추노로스팅연구소카페",동정업무 협업 및 정보공유 간담회,84300,111ac4ed2d93e61c85795cb3f150460e061de7b33979d2b760e2514f6f599f63,sheet1:R15,
111ac4ed2d93e61c-sheet1-R16,2026-06-22,gwangju-buk,신안동,"남선이네, 다가서는 정원",동 당면업무 추진에 따른 팀장 격려,49500,111ac4ed2d93e61c85795cb3f150460e061de7b33979d2b760e2514f6f599f63,sheet1:R16,
111ac4ed2d93e61c-sheet1-R17,2026-06-25,gwangju-buk,신안동,조아회관,관내 주민불편신고 민원처리에 따른 구청 현장근무자 오찬,156000,111ac4ed2d93e61c85795cb3f150460e061de7b33979d2b760e2514f6f599f63,sheet1:R17,
111ac4ed2d93e61c-sheet1-R18,2026-06-30,gwangju-buk,신안동,"본죽, 카페시옷",동정업무 협업 및 정보공유 간담회,54600,111ac4ed2d93e61c85795cb3f150460e061de7b33979d2b760e2514f6f599f63,sheet1:R18,
73ec6f790a11b770-sheet1-R3,2026-04-01,gwangju-buk,중흥동,오우가,동 주민자치 활성화 간담회 오찬 집행,75000,73ec6f790a11b7705ff8d79da2ff1091ba7e8f17fdb1a49b51ac8bb64d34af45,sheet1:R3,
73ec6f790a11b770-sheet1-R4,2026-04-07,gwangju-buk,중흥동,"노릇노릇식당, 라이트라이트샵",주민자치회 사무국 관계자 격려,60700,73ec6f790a11b7705ff8d79da2ff1091ba7e8f17fdb1a49b51ac8bb64d34af45,sheet1:R4,
73ec6f790a11b770-sheet1-R5,2026-04-14,gwangju-buk,중흥동,"팔레트, 라이트라이트샵",동행정활성화를 위한 중흥권역 동장단 오찬,55500,73ec6f790a11b7705ff8d79da2ff1091ba7e8f17fdb1a49b51ac8bb64d34af45,sheet1:R5,
73ec6f790a11b770-sheet1-R6,2026-04-15,gwangju-buk,중흥동,팔레트,현안업무 추진 직원 격려 오찬,44000,73ec6f790a11b7705ff8d79da2ff1091ba7e8f17fdb1a49b51ac8bb64d34af45,sheet1:R6,
73ec6f790a11b770-sheet1-R7,2026-04-17,gwangju-buk,중흥동,청자다방,동행정 활성화를 위한 자생단체 간담회,23100,73ec6f790a11b7705ff8d79da2ff1091ba7e8f17fdb1a49b51ac8bb64d34af45,sheet1:R7,
73ec6f790a11b770-sheet1-R8,2026-05-15,gwangju-buk,중흥동,달빛에구운고등어일곡,고유가 피해지원금 지급 노고 격려 만찬 집행,67000,73ec6f790a11b7705ff8d79da2ff1091ba7e8f17fdb1a49b51ac8bb64d34af45,sheet1:R8,
73ec6f790a11b770-sheet1-R9,2026-05-18,gwangju-buk,중흥동,청자다방 북구중흥점,동 민원 해결을 위한 관계자 간담회,19100,73ec6f790a11b7705ff8d79da2ff1091ba7e8f17fdb1a49b51ac8bb64d34af45,sheet1:R9,
73ec6f790a11b770-sheet1-R10,2026-05-27,gwangju-buk,중흥동,"공일백, 포르피노커피",동행정활성화를 위한 팀장단 오찬,63200,73ec6f790a11b7705ff8d79da2ff1091ba7e8f17fdb1a49b51ac8bb64d34af45,sheet1:R10,
73ec6f790a11b770-sheet1-R11,2026-06-16,gwangju-buk,중흥동,"남선이네, 다가서는정원",동행정활성화를 위한 중흥권역 동장단 오찬,95000,73ec6f790a11b7705ff8d79da2ff1091ba7e8f17fdb1a49b51ac8bb64d34af45,sheet1:R11,
73ec6f790a11b770-sheet1-R12,2026-06-24,gwangju-buk,중흥동,"한솥도시락, 텐퍼센트커피",현안업무 추진 직원 격려 오찬,130400,73ec6f790a11b7705ff8d79da2ff1091ba7e8f17fdb1a49b51ac8bb64d34af45,sheet1:R12,
6608144dfe6844db-sheet1-R3,2026-04-06,gwangju-buk,두암1동,토방닭매운탕,두암1동 사랑의 공동모금 홍보 협조 석식,53000,6608144dfe6844dbc2adb3cd431a956500da8891fa975ba01413a7c00e2ce894,sheet1:R3,
6608144dfe6844db-sheet1-R4,2026-04-08,gwangju-buk,두암1동,컴포즈커피동강대점,새마을부녀회 활동 격려 티타임,15900,6608144dfe6844dbc2adb3cd431a956500da8891fa975ba01413a7c00e2ce894,sheet1:R4,
6608144dfe6844db-sheet1-R5,2026-04-08,gwangju-buk,두암1동,해송낙지전문점,두암1동 사랑의 공동모금 홍보 협조 오찬,36000,6608144dfe6844dbc2adb3cd431a956500da8891fa975ba01413a7c00e2ce894,sheet1:R5,
6608144dfe6844db-sheet1-R6,2026-04-13,gwangju-buk,두암1동,이디야 말바우점,지역사회보장협의체 위원 활동 격려 티타임,50000,6608144dfe6844dbc2adb3cd431a956500da8891fa975ba01413a7c00e2ce894,sheet1:R6,
6608144dfe6844db-sheet1-R7,2026-04-20,gwangju-buk,두암1동,"금란정, 소미당",주민자치회 업무 추진 위원 격려 오찬 및 티타임,66800,6608144dfe6844dbc2adb3cd431a956500da8891fa975ba01413a7c00e2ce894,sheet1:R7,
6608144dfe6844db-sheet1-R8,2026-04-22,gwangju-buk,두암1동,바다로한상,주민자치회 업무 추진 위원 격려 오찬,100000,6608144dfe6844dbc2adb3cd431a956500da8891fa975ba01413a7c00e2ce894,sheet1:R8,
6608144dfe6844db-sheet1-R9,2026-04-28,gwangju-buk,두암1동,"뜨란, 핌킨커피",우리마을희망지기단 활동 위원 격려 오찬 및 티타임,91000,6608144dfe6844dbc2adb3cd431a956500da8891fa975ba01413a7c00e2ce894,sheet1:R9,
6608144dfe6844db-sheet1-R10,2026-05-06,gwangju-buk,두암1동,"동산회관, 이디야두암센트럴점",지역사회보장협의체 활동 위원 격려 오찬 및 티타임,31000,6608144dfe6844dbc2adb3cd431a956500da8891fa975ba01413a7c00e2ce894,sheet1:R10,
6608144dfe6844db-sheet1-R11,2026-05-08,gwangju-buk,두암1동,금란정,주민자치회 활동 위원 격려 석식,30000,6608144dfe6844dbc2adb3cd431a956500da8891fa975ba01413a7c00e2ce894,sheet1:R11,
6608144dfe6844db-sheet1-R12,2026-05-08,gwangju-buk,두암1동,"해일서대나라, 이디야광주말바우점",지방세무업무 협조 직원 격려 오찬 및 티타임,49600,6608144dfe6844dbc2adb3cd431a956500da8891fa975ba01413a7c00e2ce894,sheet1:R12,
6608144dfe6844db-sheet1-R13,2026-05-12,gwangju-buk,두암1동,이디야(두암센트럴점),주민자치회 활동 위원 격려 티타임,9600,6608144dfe6844dbc2adb3cd431a956500da8891fa975ba01413a7c00e2ce894,sheet1:R13,
6608144dfe6844db-sheet1-R14,2026-05-12,gwangju-buk,두암1동,"신락원, 모모라",주민자치회 활동 위원 격려 오찬 및 티타임,33000,6608144dfe6844dbc2adb3cd431a956500da8891fa975ba01413a7c00e2ce894,sheet1:R14,
6608144dfe6844db-sheet1-R15,2026-05-12,gwangju-buk,두암1동,해일서대나라,주민자치회 활동 위원 격려 석식,28000,6608144dfe6844dbc2adb3cd431a956500da8891fa975ba01413a7c00e2ce894,sheet1:R15,
6608144dfe6844db-sheet1-R16,2026-05-16,gwangju-buk,두암1동,"대복회세꼬시, 소미당",동행정 활성화 추진 동장단 오찬 및 티타임,27000,6608144dfe6844dbc2adb3cd431a956500da8891fa975ba01413a7c00e2ce894,sheet1:R16,
6608144dfe6844db-sheet1-R17,2026-05-16,gwangju-buk,두암1동,대바람,주민자치업무 위원 격려 석식,68000,6608144dfe6844dbc2adb3cd431a956500da8891fa975ba01413a7c00e2ce894,sheet1:R17,
6608144dfe6844db-sheet1-R18,2026-05-21,gwangju-buk,두암1동,강진식당,주민자치회 활동 위원 격려 석식,36000,6608144dfe6844dbc2adb3cd431a956500da8891fa975ba01413a7c00e2ce894,sheet1:R18,
6608144dfe6844db-sheet1-R19,2026-05-22,gwangju-buk,두암1동,소미당,주민자치회 활동 위원 격려 티타임,30000,6608144dfe6844dbc2adb3cd431a956500da8891fa975ba01413a7c00e2ce894,sheet1:R19,
6608144dfe6844db-sheet1-R20,2026-05-26,gwangju-buk,두암1동,여수세꼬시,주민자치회 활동 위원 격려 오찬,30000,6608144dfe6844dbc2adb3cd431a956500da8891fa975ba01413a7c00e2ce894,sheet1:R20,
6608144dfe6844db-sheet1-R21,2026-05-27,gwangju-buk,두암1동,금란정,주민자치회 활동 위원 격려 석식,56000,6608144dfe6844dbc2adb3cd431a956500da8891fa975ba01413a7c00e2ce894,sheet1:R21,
6608144dfe6844db-sheet1-R22,2026-05-28,gwangju-buk,두암1동,"범두정, 소미당",문화권역 동행정 활성화 추진 동장단 오찬,104700,6608144dfe6844dbc2adb3cd431a956500da8891fa975ba01413a7c00e2ce894,sheet1:R22,
6608144dfe6844db-sheet1-R23,2026-06-04,gwangju-buk,두암1동,"삼정골, 펌킨커피",주민자치회 활동 위원 격려 오찬 및 티타임,107300,6608144dfe6844dbc2adb3cd431a956500da8891fa975ba01413a7c00e2ce894,sheet1:R23,
6608144dfe6844db-sheet1-R24,2026-06-05,gwangju-buk,두암1동,"똑순이아구찜, 이디야광주말바우점",기관단체 상호교류 활성화 오찬 및 티타임,75000,6608144dfe6844dbc2adb3cd431a956500da8891fa975ba01413a7c00e2ce894,sheet1:R24,
6608144dfe6844db-sheet1-R25,2026-06-08,gwangju-buk,두암1동,대바람,도로보수 등 업무교류 직원 격려 석식,56000,6608144dfe6844dbc2adb3cd431a956500da8891fa975ba01413a7c00e2ce894,sheet1:R25,
6608144dfe6844db-sheet1-R26,2026-06-10,gwangju-buk,두암1동,"오얏리돌솥밥, 펌킨커피",두암청년회 활동 위원 격려 오찬 및 티타임,32600,6608144dfe6844dbc2adb3cd431a956500da8891fa975ba01413a7c00e2ce894,sheet1:R26,
6608144dfe6844db-sheet1-R27,2026-06-10,gwangju-buk,두암1동,해일서대나라,우리마을희망지기단 활동 위원 격려 오찬,59000,6608144dfe6844dbc2adb3cd431a956500da8891fa975ba01413a7c00e2ce894,sheet1:R27,
6608144dfe6844db-sheet1-R28,2026-06-15,gwangju-buk,두암1동,컴포즈커피 동강대점,클린북구의 날 활동 주민 격려 티타임,28500,6608144dfe6844dbc2adb3cd431a956500da8891fa975ba01413a7c00e2ce894,sheet1:R28,
6608144dfe6844db-sheet1-R29,2026-06-16,gwangju-buk,두암1동,"토방매운탕, 이디야광주말바우점",365민생행복지원단 주민 격려 오찬 및 티타임,62300,6608144dfe6844dbc2adb3cd431a956500da8891fa975ba01413a7c00e2ce894,sheet1:R29,
1004ce05a7d493df-sheet1-R3,2026-04-01,gwangju-buk,중앙동,슈퍼마켓자연숲 중흥,동 방문 자생단체 및 민원인 응대 음료 구입,60000,1004ce05a7d493df27f041b5d9436b08c526b01212c89761cd89c5f81c850c7b,sheet1:R3,
1004ce05a7d493df-sheet1-R4,2026-04-08,gwangju-buk,중앙동,석암돌솥밥,주민자치프로그램 회장단 간담,39000,1004ce05a7d493df27f041b5d9436b08c526b01212c89761cd89c5f81c850c7b,sheet1:R4,
1004ce05a7d493df-sheet1-R5,2026-04-14,gwangju-buk,중앙동,석암돌솥밥,김정호 동산 제초작업 추진 단체 임원 격려 간담,26000,1004ce05a7d493df27f041b5d9436b08c526b01212c89761cd89c5f81c850c7b,sheet1:R5,
1004ce05a7d493df-sheet1-R6,2026-04-15,gwangju-buk,중앙동,주식회사화흠,주민참여예산회의 등 당면 현안업무 추진 전직원 격려,77750,1004ce05a7d493df27f041b5d9436b08c526b01212c89761cd89c5f81c850c7b,sheet1:R6,
1004ce05a7d493df-sheet1-R7,2026-04-17,gwangju-buk,중앙동,유동콩물팥죽,등초본 발급 등 민원업무 추진 직원 격려,44000,1004ce05a7d493df27f041b5d9436b08c526b01212c89761cd89c5f81c850c7b,sheet1:R7,
1004ce05a7d493df-sheet1-R8,2026-04-28,gwangju-buk,중앙동,유명,기초수급 상담 등 민원업무 추진 직원 격려,214000,1004ce05a7d493df27f041b5d9436b08c526b01212c89761cd89c5f81c850c7b,sheet1:R8,
1004ce05a7d493df-sheet1-R9,2026-04-30,gwangju-buk,중앙동,수선화돈까스,고유가피해지원금 지급 등 현안업무 추진 직원 격려,54500,1004ce05a7d493df27f041b5d9436b08c526b01212c89761cd89c5f81c850c7b,sheet1:R9,
1004ce05a7d493df-sheet1-R10,2026-05-11,gwangju-buk,중앙동,호시/카페뷰,주민등록 등 행정서비스 추진 직원 격려 간담,87900,1004ce05a7d493df27f041b5d9436b08c526b01212c89761cd89c5f81c850c7b,sheet1:R10,
1004ce05a7d493df-sheet1-R11,2026-05-14,gwangju-buk,중앙동,유명,선거업무 등 현안업무 추진 직원 격려,208000,1004ce05a7d493df27f041b5d9436b08c526b01212c89761cd89c5f81c850c7b,sheet1:R11,
1004ce05a7d493df-sheet1-R12,2026-05-22,gwangju-buk,중앙동,광은식당,지역사회보장협의체 임원진 회의 격려 간담,70000,1004ce05a7d493df27f041b5d9436b08c526b01212c89761cd89c5f81c850c7b,sheet1:R12,
1004ce05a7d493df-sheet1-R13,2026-05-23,gwangju-buk,중앙동,송촌꼬마김밥(문흥점),선거업무 추진 등 전직원 격려,110000,1004ce05a7d493df27f041b5d9436b08c526b01212c89761cd89c5f81c850c7b,sheet1:R13,
1004ce05a7d493df-sheet1-R14,2026-05-27,gwangju-buk,중앙동,유명,주민자치프로그램 회장단 격려 간담,157000,1004ce05a7d493df27f041b5d9436b08c526b01212c89761cd89c5f81c850c7b,sheet1:R14,
1004ce05a7d493df-sheet1-R15,2026-05-29,gwangju-buk,중앙동,유동콩물팥죽,행정서비스 민원 직원 업무 노고 격려 간담,39000,1004ce05a7d493df27f041b5d9436b08c526b01212c89761cd89c5f81c850c7b,sheet1:R15,
1004ce05a7d493df-sheet1-R16,2026-06-03,gwangju-buk,중앙동,상무초밥 계림점,동 선거관리위원회 위원 업무 노고 격려 간담,132600,1004ce05a7d493df27f041b5d9436b08c526b01212c89761cd89c5f81c850c7b,sheet1:R16,
1004ce05a7d493df-sheet1-R17,2026-06-10,gwangju-buk,중앙동,주식회사화흠,클린북구의 날 등 현안업무 추진 전직원 격려,36760,1004ce05a7d493df27f041b5d9436b08c526b01212c89761cd89c5f81c850c7b,sheet1:R17,
1004ce05a7d493df-sheet1-R18,2026-06-17,gwangju-buk,중앙동,유동나주곰탕,주민자치회 발전을 위한 임원진 간담,73000,1004ce05a7d493df27f041b5d9436b08c526b01212c89761cd89c5f81c850c7b,sheet1:R18,
1004ce05a7d493df-sheet1-R19,2026-06-22,gwangju-buk,중앙동,유명,동네순찰단 발전을 위한 임원진 간담,80000,1004ce05a7d493df27f041b5d9436b08c526b01212c89761cd89c5f81c850c7b,sheet1:R19,
23734f7ce312c720-sheet1-R17,2026-03-31,gwangju-buk,보건행정과,예향정,보건민원 업무 추진 노고 격려,82000,23734f7ce312c7200e9dd9774c7dd2dcd1c1187eb6f17c2a42e2cc880ddb9a01,sheet1:R17,
23734f7ce312c720-sheet1-R18,2026-03-31,gwangju-buk,보건행정과,투썸플레이스전남대캠퍼스점,보건민원 업무 추진 노고 격려,18800,23734f7ce312c7200e9dd9774c7dd2dcd1c1187eb6f17c2a42e2cc880ddb9a01,sheet1:R18,
23734f7ce312c720-sheet1-R19,2026-04-03,gwangju-buk,보건행정과,해물나라,모자보건 업무 추진 노고 격려,94000,23734f7ce312c7200e9dd9774c7dd2dcd1c1187eb6f17c2a42e2cc880ddb9a01,sheet1:R19,
23734f7ce312c720-sheet1-R20,2026-04-15,gwangju-buk,보건행정과,해실달실,금연건강관리 업무 추진 노고 격려,70000,23734f7ce312c7200e9dd9774c7dd2dcd1c1187eb6f17c2a42e2cc880ddb9a01,sheet1:R20,
23734f7ce312c720-sheet1-R21,2026-04-21,gwangju-buk,보건행정과,백련옥,감염병대응 업무 추진 노고 격려,95000,23734f7ce312c7200e9dd9774c7dd2dcd1c1187eb6f17c2a42e2cc880ddb9a01,sheet1:R21,
23734f7ce312c720-sheet1-R22,2026-04-24,gwangju-buk,보건행정과,도화정,두암건강지도자 양성교육 업무 추진 노고 격려,62000,23734f7ce312c7200e9dd9774c7dd2dcd1c1187eb6f17c2a42e2cc880ddb9a01,sheet1:R22,
23734f7ce312c720-sheet1-R23,2026-05-11,gwangju-buk,보건행정과,영미오리탕,암 의료비 지원 업무 추진 노고 격려,62000,23734f7ce312c7200e9dd9774c7dd2dcd1c1187eb6f17c2a42e2cc880ddb9a01,sheet1:R23,
23734f7ce312c720-sheet1-R24,2026-05-13,gwangju-buk,보건행정과,도화정,두암건강관리사업 업무 추진 노고 격려,74000,23734f7ce312c7200e9dd9774c7dd2dcd1c1187eb6f17c2a42e2cc880ddb9a01,sheet1:R24,
23734f7ce312c720-sheet1-R25,2026-05-14,gwangju-buk,보건행정과,예향정,예방접종 업무 추진 노고 격려,95000,23734f7ce312c7200e9dd9774c7dd2dcd1c1187eb6f17c2a42e2cc880ddb9a01,sheet1:R25,
23734f7ce312c720-sheet1-R26,2026-05-26,gwangju-buk,보건행정과,스테이,산모신생아관리 업무 추진 노고 격려,89000,23734f7ce312c7200e9dd9774c7dd2dcd1c1187eb6f17c2a42e2cc880ddb9a01,sheet1:R26,
23734f7ce312c720-sheet1-R27,2026-05-26,gwangju-buk,보건행정과,할리스북구청점,산모신생아관리 업무 추진 노고 격려,18800,23734f7ce312c7200e9dd9774c7dd2dcd1c1187eb6f17c2a42e2cc880ddb9a01,sheet1:R27,
23734f7ce312c720-sheet1-R28,2026-06-10,gwangju-buk,보건행정과,빛고을명가,보건소 각 실 업무 추진 노고 격려,85000,23734f7ce312c7200e9dd9774c7dd2dcd1c1187eb6f17c2a42e2cc880ddb9a01,sheet1:R28,
23734f7ce312c720-sheet1-R29,2026-06-12,gwangju-buk,보건행정과,곱돌마루,희귀질환지원 업무 추진 노고 격려,59000,23734f7ce312c7200e9dd9774c7dd2dcd1c1187eb6f17c2a42e2cc880ddb9a01,sheet1:R29,
23734f7ce312c720-sheet1-R30,2026-06-25,gwangju-buk,보건행정과,장가네생태탕,한의약건강증진사업 업무 추진 노고 격려,100000,23734f7ce312c7200e9dd9774c7dd2dcd1c1187eb6f17c2a42e2cc880ddb9a01,sheet1:R30,
23734f7ce312c720-sheet1-R31,2026-06-26,gwangju-buk,보건행정과,도화정,두암건강관리 업무 추진 노고 격려,84000,23734f7ce312c7200e9dd9774c7dd2dcd1c1187eb6f17c2a42e2cc880ddb9a01,sheet1:R31,
23734f7ce312c720-sheet1-R63,2026-04-20,gwangju-buk,보건행정과,곱돌마루,국가암 업무 추진 간담회 경비 집행,59000,23734f7ce312c7200e9dd9774c7dd2dcd1c1187eb6f17c2a42e2cc880ddb9a01,sheet1:R63,
23734f7ce312c720-sheet1-R78,2026-04-09,gwangju-buk,보건행정과,빛고을명가,지역사회건강조사 간담회 경비 집행,65000,23734f7ce312c7200e9dd9774c7dd2dcd1c1187eb6f17c2a42e2cc880ddb9a01,sheet1:R78,
23734f7ce312c720-sheet1-R79,2026-04-09,gwangju-buk,보건행정과,모먼트오월,지역사회건강조사 간담회 경비 집행,19800,23734f7ce312c7200e9dd9774c7dd2dcd1c1187eb6f17c2a42e2cc880ddb9a01,sheet1:R79,
23734f7ce312c720-sheet1-R94,2026-06-10,gwangju-buk,보건행정과,만미당,한의약 유관기관 간담회 경비 집행,79600,23734f7ce312c7200e9dd9774c7dd2dcd1c1187eb6f17c2a42e2cc880ddb9a01,sheet1:R94,
23734f7ce312c720-sheet1-R105,2026-01-08,gwangju-buk,보건행정과,곱돌마루,신년 업무보고 작성 업무 추진 노고 격려,107000,23734f7ce312c7200e9dd9774c7dd2dcd1c1187eb6f17c2a42e2cc880ddb9a01,sheet1:R105,
23734f7ce312c720-sheet1-R106,2026-01-08,gwangju-buk,보건행정과,텐퍼센트광주전대후문점,신년 업무보고 작성 업무 추진 노고 격려,21200,23734f7ce312c7200e9dd9774c7dd2dcd1c1187eb6f17c2a42e2cc880ddb9a01,sheet1:R106,
23734f7ce312c720-sheet1-R107,2026-01-19,gwangju-buk,보건행정과,또래오래전대점,보건행정과 업무 추진 노고 격려,480000,23734f7ce312c7200e9dd9774c7dd2dcd1c1187eb6f17c2a42e2cc880ddb9a01,sheet1:R107,
23734f7ce312c720-sheet1-R108,2026-03-04,gwangju-buk,보건행정과,놀부보쌈북구전대점,보건행정팀 업무 추진 노고 격려,93500,23734f7ce312c7200e9dd9774c7dd2dcd1c1187eb6f17c2a42e2cc880ddb9a01,sheet1:R108,
23734f7ce312c720-sheet1-R109,2026-03-04,gwangju-buk,보건행정과,사보르커피,보건행정팀 업무 추진 노고 격려,34500,23734f7ce312c7200e9dd9774c7dd2dcd1c1187eb6f17c2a42e2cc880ddb9a01,sheet1:R109,
23734f7ce312c720-sheet1-R110,2026-03-10,gwangju-buk,보건행정과,스테이,의약관리팀 업무 추진 노고 격려,126000,23734f7ce312c7200e9dd9774c7dd2dcd1c1187eb6f17c2a42e2cc880ddb9a01,sheet1:R110,
23734f7ce312c720-sheet1-R111,2026-03-10,gwangju-buk,보건행정과,커피스미스광주전남대점,의약관리팀 업무 추진 노고 격려,30720,23734f7ce312c7200e9dd9774c7dd2dcd1c1187eb6f17c2a42e2cc880ddb9a01,sheet1:R111,
23734f7ce312c720-sheet1-R112,2026-03-11,gwangju-buk,보건행정과,곱돌마루,보건민원팀 업무 추진 노고 격려,292000,23734f7ce312c7200e9dd9774c7dd2dcd1c1187eb6f17c2a42e2cc880ddb9a01,sheet1:R112,
23734f7ce312c720-sheet1-R113,2026-05-27,gwangju-buk,보건행정과,강진식당,보건소 청사 수배전반 교체공사 업무 추진 노고 격려,95000,23734f7ce312c7200e9dd9774c7dd2dcd1c1187eb6f17c2a42e2cc880ddb9a01,sheet1:R113,
23734f7ce312c720-sheet1-R114,2026-05-27,gwangju-buk,보건행정과,모먼트오월,보건소 청사 수배전반 교체공사 업무 추진 노고 격려,23600,23734f7ce312c7200e9dd9774c7dd2dcd1c1187eb6f17c2a42e2cc880ddb9a01,sheet1:R114,
23734f7ce312c720-sheet1-R115,2026-06-15,gwangju-buk,보건행정과,스테이,보건민원 업무 추진 노고 격려,289000,23734f7ce312c7200e9dd9774c7dd2dcd1c1187eb6f17c2a42e2cc880ddb9a01,sheet1:R115,
23734f7ce312c720-sheet1-R116,2026-06-24,gwangju-buk,보건행정과,해수니보쌈,보건현안 업무 추진 노고 격려,197000,23734f7ce312c7200e9dd9774c7dd2dcd1c1187eb6f17c2a42e2cc880ddb9a01,sheet1:R116,
23734f7ce312c720-sheet1-R117,2026-06-25,gwangju-buk,보건행정과,강진식당,의약관리 업무 추진 노고 격려,116000,23734f7ce312c7200e9dd9774c7dd2dcd1c1187eb6f17c2a42e2cc880ddb9a01,sheet1:R117,
23734f7ce312c720-sheet1-R118,2026-06-25,gwangju-buk,보건행정과,청자다방중흥점,의약관리 업무 추진 노고 격려,19710,23734f7ce312c7200e9dd9774c7dd2dcd1c1187eb6f17c2a42e2cc880ddb9a01,sheet1:R118,
d50d06ed169b31bb-sheet1-R3,2026-04-03,gwangju-buk,삼각동,천지짬뽕,원삼각마을 어르신 야유회 추진 관계자 격려 만찬비 집행,54000,d50d06ed169b31bbd8ab4507faf675f88b0c1a348357dd0f39d7c1914828b2c8,sheet1:R3,
d50d06ed169b31bb-sheet1-R4,2026-04-08,gwangju-buk,삼각동,천지짬뽕,삼각동 지역사회보장협의체 활동 격려 임원진 만찬,62000,d50d06ed169b31bbd8ab4507faf675f88b0c1a348357dd0f39d7c1914828b2c8,sheet1:R4,
d50d06ed169b31bb-sheet1-R5,2026-04-08,gwangju-buk,삼각동,일곡신코다리,삼각동 상인회 활동 격려 임원진 오찬,50000,d50d06ed169b31bbd8ab4507faf675f88b0c1a348357dd0f39d7c1914828b2c8,sheet1:R5,
d50d06ed169b31bb-sheet1-R6,2026-04-20,gwangju-buk,삼각동,달빛에구운고등어일곡외 1,민원처리 직원 격려를 위한 오찬비 집행,87000,d50d06ed169b31bbd8ab4507faf675f88b0c1a348357dd0f39d7c1914828b2c8,sheet1:R6,
d50d06ed169b31bb-sheet1-R7,2026-04-20,gwangju-buk,삼각동,화꾸소,삼각동 바르게살기협의회 활동 격려 임원진 오찬,90000,d50d06ed169b31bbd8ab4507faf675f88b0c1a348357dd0f39d7c1914828b2c8,sheet1:R7,
d50d06ed169b31bb-sheet1-R8,2026-04-27,gwangju-buk,삼각동,오치애진곰탕,상인회 임원진 격려에 따른 오찬비 집행,42000,d50d06ed169b31bbd8ab4507faf675f88b0c1a348357dd0f39d7c1914828b2c8,sheet1:R8,
d50d06ed169b31bb-sheet1-R9,2026-04-27,gwangju-buk,삼각동,화꾸소,선거업무 추진 직원 격려 오찬비 집행,40000,d50d06ed169b31bbd8ab4507faf675f88b0c1a348357dd0f39d7c1914828b2c8,sheet1:R9,
d50d06ed169b31bb-sheet1-R10,2026-04-27,gwangju-buk,삼각동,정남진장흥한우 (주),삼각동 동대본부 노고 격려 오찬비 집행,26000,d50d06ed169b31bbd8ab4507faf675f88b0c1a348357dd0f39d7c1914828b2c8,sheet1:R10,
d50d06ed169b31bb-sheet1-R11,2026-04-28,gwangju-buk,삼각동,천지짬뽕,고유가지원금 준비 등 소속직원 격려 오찬비 집행,56000,d50d06ed169b31bbd8ab4507faf675f88b0c1a348357dd0f39d7c1914828b2c8,sheet1:R11,
d50d06ed169b31bb-sheet1-R12,2026-04-28,gwangju-buk,삼각동,봉추통닭,통장단 정례회의 참석자 간식비 집행,85000,d50d06ed169b31bbd8ab4507faf675f88b0c1a348357dd0f39d7c1914828b2c8,sheet1:R12,
d50d06ed169b31bb-sheet1-R13,2026-05-07,gwangju-buk,삼각동,월하리,고유가 지원금 등 현안업무 추진 직원 격려 오찬,144000,d50d06ed169b31bbd8ab4507faf675f88b0c1a348357dd0f39d7c1914828b2c8,sheet1:R13,
d50d06ed169b31bb-sheet1-R14,2026-05-14,gwangju-buk,삼각동,오치애진곰탕,삼각동 상인회 임원진 노고 격려 오찬,50000,d50d06ed169b31bbd8ab4507faf675f88b0c1a348357dd0f39d7c1914828b2c8,sheet1:R14,
d50d06ed169b31bb-sheet1-R15,2026-05-14,gwangju-buk,삼각동,메가MGC커피광주일곡,소속직원 격려를 위한 간식비 집행,12000,d50d06ed169b31bbd8ab4507faf675f88b0c1a348357dd0f39d7c1914828b2c8,sheet1:R15,
d50d06ed169b31bb-sheet1-R16,2026-05-18,gwangju-buk,삼각동,천지짬뽕,지역사회보장협의체 어린이날 지원사업 추진 관계자 격려 오찬,108000,d50d06ed169b31bbd8ab4507faf675f88b0c1a348357dd0f39d7c1914828b2c8,sheet1:R16,
d50d06ed169b31bb-sheet1-R17,2026-05-18,gwangju-buk,삼각동,구수한식육식당,원삼각마을 경로당 관계자 노고 격려 오찬,36000,d50d06ed169b31bbd8ab4507faf675f88b0c1a348357dd0f39d7c1914828b2c8,sheet1:R17,
d50d06ed169b31bb-sheet1-R18,2026-05-21,gwangju-buk,삼각동,오치애진곰탕외 1,사전투표 모의시험 준비 등 선거업무 추진 직원 격려 오찬비 집행,76000,d50d06ed169b31bbd8ab4507faf675f88b0c1a348357dd0f39d7c1914828b2c8,sheet1:R18,
d50d06ed169b31bb-sheet1-R19,2026-05-22,gwangju-buk,삼각동,(주)대성콩물(일곡지외 1,고유가지원금 업무 추진 관계자 오찬비 집행,43600,d50d06ed169b31bbd8ab4507faf675f88b0c1a348357dd0f39d7c1914828b2c8,sheet1:R19,
d50d06ed169b31bb-sheet1-R20,2026-05-22,gwangju-buk,삼각동,화꾸소,청년내일계좌 신청접수 등 복지행정 업무 추진 직원 격려 오찬,50000,d50d06ed169b31bbd8ab4507faf675f88b0c1a348357dd0f39d7c1914828b2c8,sheet1:R20,
d50d06ed169b31bb-sheet1-R21,2026-06-01,gwangju-buk,삼각동,메가엠지씨커피 광주외 1,복지 민원업무 처리 직원 격려 오찬비 집행,52000,d50d06ed169b31bbd8ab4507faf675f88b0c1a348357dd0f39d7c1914828b2c8,sheet1:R21,
d50d06ed169b31bb-sheet1-R22,2026-06-01,gwangju-buk,삼각동,메가MGC커피 전대후문외 1,고유가 지원금 접수 지원 인력 노고 격려 오찬,39000,d50d06ed169b31bbd8ab4507faf675f88b0c1a348357dd0f39d7c1914828b2c8,sheet1:R22,
d50d06ed169b31bb-sheet1-R23,2026-06-09,gwangju-buk,삼각동,컴포즈커피광주일곡점,현안업무 추진 직원 격려 간식비 지급,8600,d50d06ed169b31bbd8ab4507faf675f88b0c1a348357dd0f39d7c1914828b2c8,sheet1:R23,
d50d06ed169b31bb-sheet1-R24,2026-06-09,gwangju-buk,삼각동,메가MGC커피광주일곡외 1,삼각동 선거관리위원회 임원 노고 격려 오찬,59700,d50d06ed169b31bbd8ab4507faf675f88b0c1a348357dd0f39d7c1914828b2c8,sheet1:R24,
d50d06ed169b31bb-sheet1-R25,2026-06-09,gwangju-buk,삼각동,천지짬뽕,삼각동 바르게살기협의회 활동 격려 임원진 오찬,87000,d50d06ed169b31bbd8ab4507faf675f88b0c1a348357dd0f39d7c1914828b2c8,sheet1:R25,
d50d06ed169b31bb-sheet1-R26,2026-06-11,gwangju-buk,삼각동,다정한미가,재활용 동네마당 운영 노고 격려 오찬비 집행,36000,d50d06ed169b31bbd8ab4507faf675f88b0c1a348357dd0f39d7c1914828b2c8,sheet1:R26,
d50d06ed169b31bb-sheet1-R27,2026-06-22,gwangju-buk,삼각동,다정한미가,당면업무 추진 직원 격려 오찬,40000,d50d06ed169b31bbd8ab4507faf675f88b0c1a348357dd0f39d7c1914828b2c8,sheet1:R27,
c196515fd3ee5768-sheet1-R4,2026-04-03,gwangju-buk,문흥1동,마포숯불갈비,주민자치 의제실현사업 추진 관련 간담회 경비 집행,129000,c196515fd3ee5768578daee8da2f98654c617cd4e10d653bee29bc61caed4e40,sheet1:R4,
c196515fd3ee5768-sheet1-R5,2026-04-07,gwangju-buk,문흥1동,석암돌솥밥,행정서비스팀 현안 업무 추진 노고격려 간담회 경비 집행,46000,c196515fd3ee5768578daee8da2f98654c617cd4e10d653bee29bc61caed4e40,sheet1:R5,
c196515fd3ee5768-sheet1-R6,2026-04-15,gwangju-buk,문흥1동,문산미나리대패삼겹,사랑의 반찬나눔 봉사활동 관계자 격려 간담회 경비 집행,93000,c196515fd3ee5768578daee8da2f98654c617cd4e10d653bee29bc61caed4e40,sheet1:R6,
c196515fd3ee5768-sheet1-R7,2026-04-17,gwangju-buk,문흥1동,문흥골오리탕,통장 위촉을 위한 통장위촉심의위원회 오찬 간담회 경비 집행,70000,c196515fd3ee5768578daee8da2f98654c617cd4e10d653bee29bc61caed4e40,sheet1:R7,
c196515fd3ee5768-sheet1-R8,2026-04-21,gwangju-buk,문흥1동,"소담상회,카페인",우문오 동장단 현안업무 협의 오찬 간담회 경비 집행,171300,c196515fd3ee5768578daee8da2f98654c617cd4e10d653bee29bc61caed4e40,sheet1:R8,
c196515fd3ee5768-sheet1-R9,2026-05-08,gwangju-buk,문흥1동,바다로,고유가 피해지원금 업무 추진 직원 노고격려 오찬 간담회 경비 집행,88000,c196515fd3ee5768578daee8da2f98654c617cd4e10d653bee29bc61caed4e40,sheet1:R9,
c196515fd3ee5768-sheet1-R10,2026-05-13,gwangju-buk,문흥1동,부뚜막,지방선거 업무 추진 직원 노고격려 간담회 경비 집행,323000,c196515fd3ee5768578daee8da2f98654c617cd4e10d653bee29bc61caed4e40,sheet1:R10,
c196515fd3ee5768-sheet1-R11,2026-05-27,gwangju-buk,문흥1동,허가네산약초오리,행정서비스팀 현안업무 추진 직원 노고격려 오찬 간담회 경비 집행,65000,c196515fd3ee5768578daee8da2f98654c617cd4e10d653bee29bc61caed4e40,sheet1:R11,
c196515fd3ee5768-sheet1-R12,2026-06-04,gwangju-buk,문흥1동,정광석항아리보쌈 문흥점,고유가 피해지원금 업무 추진 노고격려 오찬 간담회 경비 집행,103000,c196515fd3ee5768578daee8da2f98654c617cd4e10d653bee29bc61caed4e40,sheet1:R12,
c196515fd3ee5768-sheet1-R13,2026-06-09,gwangju-buk,문흥1동,우리동네왕족발(문흥점),6.3 지방선거 업무 추진 직원 노고격려 오찬 간담회 경비 집행,60000,c196515fd3ee5768578daee8da2f98654c617cd4e10d653bee29bc61caed4e40,sheet1:R13,
c196515fd3ee5768-sheet1-R14,2026-06-23,gwangju-buk,문흥1동,시골밥상집,동행정복지센터 현안 업무 추진 팀장급 노고격려 오찬 간담회 경비 집행,44000,c196515fd3ee5768578daee8da2f98654c617cd4e10d653bee29bc61caed4e40,sheet1:R14,
5dd5baa6fb2caa6f-table1-R2,2026-04-01,gwangju-buk,건국동,컴포즈커피,현안업무 추진 직원 격려 다과비 지급,33200,5dd5baa6fb2caa6f7464e274432d252eb03e49cb1224e54fe087e781bc92cc6d,table1:R2,
5dd5baa6fb2caa6f-table1-R3,2026-04-10,gwangju-buk,건국동,나주곰탕하얀집,공익직불금 업무보조 기간제 직원 격려 식사비 지급,12000,5dd5baa6fb2caa6f7464e274432d252eb03e49cb1224e54fe087e781bc92cc6d,table1:R3,
5dd5baa6fb2caa6f-table1-R4,2026-04-14,gwangju-buk,건국동,고기마트식육식당,자율방재단 임원진 격려 식사비 지급,54000,5dd5baa6fb2caa6f7464e274432d252eb03e49cb1224e54fe087e781bc92cc6d,table1:R4,
5dd5baa6fb2caa6f-table1-R5,2026-04-16,gwangju-buk,건국동,카페루,지역사회보장협의체 회의 참석자 격려 다과비 지급,68900,5dd5baa6fb2caa6f7464e274432d252eb03e49cb1224e54fe087e781bc92cc6d,table1:R5,
5dd5baa6fb2caa6f-table1-R6,2026-04-17,gwangju-buk,건국동,마녀의닭갈비,민원업무 직원 격려 식사비 지급,89000,5dd5baa6fb2caa6f7464e274432d252eb03e49cb1224e54fe087e781bc92cc6d,table1:R6,
5dd5baa6fb2caa6f-table1-R7,2026-04-20,gwangju-buk,건국동,본촌생선구이/텐퍼센트커피,사회복지 업무직원 격려 식사비 지급,76800,5dd5baa6fb2caa6f7464e274432d252eb03e49cb1224e54fe087e781bc92cc6d,table1:R7,
5dd5baa6fb2caa6f-table1-R8,2026-04-27,gwangju-buk,건국동,행복한국수집/북광주농협하나로마트,고유가피해지원금 업무 직원 격려 식사비 지급,83430,5dd5baa6fb2caa6f7464e274432d252eb03e49cb1224e54fe087e781bc92cc6d,table1:R8,
5dd5baa6fb2caa6f-table1-R9,2026-05-04,gwangju-buk,건국동,마녀의닭갈비/테라커피,고유가피해지원금 업무 직원 격려 식사비 지급,63300,5dd5baa6fb2caa6f7464e274432d252eb03e49cb1224e54fe087e781bc92cc6d,table1:R9,
5dd5baa6fb2caa6f-table1-R10,2026-05-07,gwangju-buk,건국동,마중물추어탕,통장단 임원진 격려 식사비 지급,36000,5dd5baa6fb2caa6f7464e274432d252eb03e49cb1224e54fe087e781bc92cc6d,table1:R10,
5dd5baa6fb2caa6f-table1-R11,2026-05-12,gwangju-buk,건국동,효령왕갈비탕,일곡동장 업무간담회 식사비 지급,30000,5dd5baa6fb2caa6f7464e274432d252eb03e49cb1224e54fe087e781bc92cc6d,table1:R11,
5dd5baa6fb2caa6f-table1-R12,2026-05-12,gwangju-buk,건국동,텐퍼센트커피,주민자치회 임원진 격려 다과비 지급,34000,5dd5baa6fb2caa6f7464e274432d252eb03e49cb1224e54fe087e781bc92cc6d,table1:R12,
5dd5baa6fb2caa6f-table1-R13,2026-05-14,gwangju-buk,건국동,행복한국수집/텐퍼센트커피,민원업무 직원 격려 식사비 지급,56300,5dd5baa6fb2caa6f7464e274432d252eb03e49cb1224e54fe087e781bc92cc6d,table1:R13,
5dd5baa6fb2caa6f-table1-R14,2026-05-19,gwangju-buk,건국동,해안선회포차,자율방재단 임원진 격려 식사비 지급,160000,5dd5baa6fb2caa6f7464e274432d252eb03e49cb1224e54fe087e781bc92cc6d,table1:R14,
5dd5baa6fb2caa6f-table1-R15,2026-05-20,gwangju-buk,건국동,메이홍,주민자치회 임원진 격려 식사비 지급,32000,5dd5baa6fb2caa6f7464e274432d252eb03e49cb1224e54fe087e781bc92cc6d,table1:R15,
5dd5baa6fb2caa6f-table1-R16,2026-05-21,gwangju-buk,건국동,텐퍼센트커피,맞춤형복지 업무 직원 격려 다과비 지급,18200,5dd5baa6fb2caa6f7464e274432d252eb03e49cb1224e54fe087e781bc92cc6d,table1:R16,
5dd5baa6fb2caa6f-table1-R17,2026-05-22,gwangju-buk,건국동,초동순두부/구르미머무는,"신용동장, 동림동장 업무간담회 식사비 지급",70000,5dd5baa6fb2caa6f7464e274432d252eb03e49cb1224e54fe087e781bc92cc6d,table1:R17,
5dd5baa6fb2caa6f-table1-R18,2026-05-27,gwangju-buk,건국동,황금코다리/텐퍼센트커피,고유가피해지원금 업무 직원 격려 식사비 지급,95100,5dd5baa6fb2caa6f7464e274432d252eb03e49cb1224e54fe087e781bc92cc6d,table1:R18,
5dd5baa6fb2caa6f-table1-R19,2026-06-03,gwangju-buk,건국동,고대감숯불구이,자율방재단 임원진 격려 식사비 지급,13000,5dd5baa6fb2caa6f7464e274432d252eb03e49cb1224e54fe087e781bc92cc6d,table1:R19,
5dd5baa6fb2caa6f-table1-R20,2026-06-09,gwangju-buk,건국동,마중물추어탕/컴포즈커피,사회복지 업무직원 격려 식사비 지급,62800,5dd5baa6fb2caa6f7464e274432d252eb03e49cb1224e54fe087e781bc92cc6d,table1:R20,
5dd5baa6fb2caa6f-table1-R21,2026-06-10,gwangju-buk,건국동,해남장수촌닭/텐퍼센트커피,민원업무 직원 격려 식사비 지급,113600,5dd5baa6fb2caa6f7464e274432d252eb03e49cb1224e54fe087e781bc92cc6d,table1:R21,
5dd5baa6fb2caa6f-table1-R22,2026-06-16,gwangju-buk,건국동,박가네회포차,팀장 격려 식사비 지급,45000,5dd5baa6fb2caa6f7464e274432d252eb03e49cb1224e54fe087e781bc92cc6d,table1:R22,
5dd5baa6fb2caa6f-table1-R23,2026-06-18,gwangju-buk,건국동,고대감숯불구이,북구시니어합창단 정기연주회 참석 직원 격려 식사비 지급비 지급,55000,5dd5baa6fb2caa6f7464e274432d252eb03e49cb1224e54fe087e781bc92cc6d,table1:R23,
5dd5baa6fb2caa6f-table1-R24,2026-06-19,gwangju-buk,건국동,카페루,주민자치 프로그램 강사 면접관계자 격려 다과비 지급,39000,5dd5baa6fb2caa6f7464e274432d252eb03e49cb1224e54fe087e781bc92cc6d,table1:R24,
5dd5baa6fb2caa6f-table1-R25,2026-06-22,gwangju-buk,건국동,본촌생선구이/카페루,북구청 하천관계자 업무협의 식사비 지급,38200,5dd5baa6fb2caa6f7464e274432d252eb03e49cb1224e54fe087e781bc92cc6d,table1:R25,
5dd5baa6fb2caa6f-table1-R26,2026-06-24,gwangju-buk,건국동,초점,맞춤형복지 업무 직원 격려 식사비 지급,41700,5dd5baa6fb2caa6f7464e274432d252eb03e49cb1224e54fe087e781bc92cc6d,table1:R26,
5dd5baa6fb2caa6f-table1-R27,2026-06-25,gwangju-buk,건국동,채움늘,"신용동장, 동림동장 업무간담회 식사비 지급",60000,5dd5baa6fb2caa6f7464e274432d252eb03e49cb1224e54fe087e781bc92cc6d,table1:R27,
5dd5baa6fb2caa6f-table1-R28,2026-06-30,gwangju-buk,건국동,전라도이야기/이븐베터커피,민원업무 직원 격려 식사비 지급,49550,5dd5baa6fb2caa6f7464e274432d252eb03e49cb1224e54fe087e781bc92cc6d,table1:R28,
234fc8e29df4053c-sheet1-R2,2026-04-10,gwangju-buk,운암2동,88바다장어,통합문화이용권 사업 등 직원 노고 격려 오찬 비용 집행,105000,234fc8e29df4053c7c3b9bb813ce22b93c6c7c097901347b85479a2fa4262e7e,sheet1:R2,
234fc8e29df4053c-sheet1-R3,2026-04-13,gwangju-buk,운암2동,메가엠지씨커피광주운외 1,"아동, 장애인 등 사회복지업무 직원 노고 격려 오찬 비용 집행",45700,234fc8e29df4053c7c3b9bb813ce22b93c6c7c097901347b85479a2fa4262e7e,sheet1:R3,
234fc8e29df4053c-sheet1-R4,2026-04-17,gwangju-buk,운암2동,원기옥 비엔날레점,집중안전점검 자율안전점검제 등 재난 업무 직원 노고 격려 만찬 비용 집행,72000,234fc8e29df4053c7c3b9bb813ce22b93c6c7c097901347b85479a2fa4262e7e,sheet1:R4,
234fc8e29df4053c-sheet1-R5,2026-04-23,gwangju-buk,운암2동,조이카페외 1,제9회 전국동시지방선거관련 업무 직원 노고 격려 오찬 비용 집행,95800,234fc8e29df4053c7c3b9bb813ce22b93c6c7c097901347b85479a2fa4262e7e,sheet1:R5,
234fc8e29df4053c-sheet1-R6,2026-04-27,gwangju-buk,운암2동,델디아,고유가 피해 지원금 직원 노고 격려 차담회 비용 집행,55400,234fc8e29df4053c7c3b9bb813ce22b93c6c7c097901347b85479a2fa4262e7e,sheet1:R6,
234fc8e29df4053c-sheet1-R7,2026-04-30,gwangju-buk,운암2동,국일현방,농민공익수당 업무 추진 직원 노고 격려 오찬 비용 집행,77000,234fc8e29df4053c7c3b9bb813ce22b93c6c7c097901347b85479a2fa4262e7e,sheet1:R7,
234fc8e29df4053c-sheet1-R8,2026-05-08,gwangju-buk,운암2동,조이카페,제9회 전국동시지방선거 사전투표관련 업무 직원 노고 격려 차담회 비용 집행,21000,234fc8e29df4053c7c3b9bb813ce22b93c6c7c097901347b85479a2fa4262e7e,sheet1:R8,
234fc8e29df4053c-sheet1-R9,2026-05-15,gwangju-buk,운암2동,88바다장어,고유가 피해지원금 2차 지원 업무 직원 노고 격려 오찬 비용 집행,32000,234fc8e29df4053c7c3b9bb813ce22b93c6c7c097901347b85479a2fa4262e7e,sheet1:R9,
234fc8e29df4053c-sheet1-R10,2026-05-19,gwangju-buk,운암2동,엔제리너스광주운암DI외 1,기초 연금 등 사회복지 업무 직원 노고 격려 오찬 비용 집행,98700,234fc8e29df4053c7c3b9bb813ce22b93c6c7c097901347b85479a2fa4262e7e,sheet1:R10,
234fc8e29df4053c-sheet1-R11,2026-05-21,gwangju-buk,운암2동,조이카페외 2,기초생활수급자 등 사회복지업무 직원 노고 격려 오찬 비용 집행,51100,234fc8e29df4053c7c3b9bb813ce22b93c6c7c097901347b85479a2fa4262e7e,sheet1:R11,
234fc8e29df4053c-sheet1-R12,2026-05-28,gwangju-buk,운암2동,다이브인외 1,통합민원발급 등 직원 노고 격려 오찬 비용 집행,67000,234fc8e29df4053c7c3b9bb813ce22b93c6c7c097901347b85479a2fa4262e7e,sheet1:R12,
234fc8e29df4053c-sheet1-R13,2026-05-30,gwangju-buk,운암2동,텐퍼센트(광주운암경,제9회 전국동시지방선거 사전선거종사원 등 관계자 간식 집행,68100,234fc8e29df4053c7c3b9bb813ce22b93c6c7c097901347b85479a2fa4262e7e,sheet1:R13,
234fc8e29df4053c-sheet1-R14,2026-06-08,gwangju-buk,운암2동,다이브인,운암2동 주민참여예산위원회 회의 위원 차담회 비용 집행,31000,234fc8e29df4053c7c3b9bb813ce22b93c6c7c097901347b85479a2fa4262e7e,sheet1:R14,
234fc8e29df4053c-sheet1-R15,2026-06-09,gwangju-buk,운암2동,국일현방,호우대비 재난 업무추진 직원 격려 오찬 비용 집행,70000,234fc8e29df4053c7c3b9bb813ce22b93c6c7c097901347b85479a2fa4262e7e,sheet1:R15,
234fc8e29df4053c-sheet1-R16,2026-06-11,gwangju-buk,운암2동,해수니보쌈,안전한 집수리 LED 교체사업 추진 관계자 오찬 비용 집행,78000,234fc8e29df4053c7c3b9bb813ce22b93c6c7c097901347b85479a2fa4262e7e,sheet1:R16,
234fc8e29df4053c-sheet1-R17,2026-06-12,gwangju-buk,운암2동,델디아외 1,운암2동 지역사회보장협의체 반찬 나눔 행사 관계자 오찬 비용 집행,46800,234fc8e29df4053c7c3b9bb813ce22b93c6c7c097901347b85479a2fa4262e7e,sheet1:R17,
234fc8e29df4053c-sheet1-R18,2026-06-01,gwangju-buk,운암2동,88바다장어,제9회 전국동시지방선거 투표소 설치 등 업무추진 격려 오찬 집행,64000,234fc8e29df4053c7c3b9bb813ce22b93c6c7c097901347b85479a2fa4262e7e,sheet1:R18,
234fc8e29df4053c-sheet1-R19,2026-06-22,gwangju-buk,운암2동,설화원,주민자치회 역량강화 업무추진 격려 오찬 집행,34500,234fc8e29df4053c7c3b9bb813ce22b93c6c7c097901347b85479a2fa4262e7e,sheet1:R19,
234fc8e29df4053c-sheet1-R20,2026-06-25,gwangju-buk,운암2동,카페 토브(cafe Tob),6월 중 통장단 정례회의 등 임원진 차담회 비용 집행,25650,234fc8e29df4053c7c3b9bb813ce22b93c6c7c097901347b85479a2fa4262e7e,sheet1:R20,
234fc8e29df4053c-sheet1-R21,2026-06-29,gwangju-buk,운암2동,엔제리너스커피광주오,관내 경로당 방문 애로사항 청취 차담회 비용 집행,52900,234fc8e29df4053c7c3b9bb813ce22b93c6c7c097901347b85479a2fa4262e7e,sheet1:R21,
234fc8e29df4053c-sheet1-R22,2026-06-30,gwangju-buk,운암2동,페퍼콘(peppercorn),호우주의보 대비 취약지 점검 재난 담당자 등 노고 격려 오찬 비용 집행,50500,234fc8e29df4053c7c3b9bb813ce22b93c6c7c097901347b85479a2fa4262e7e,sheet1:R22,
3b6692279b10a376-sheet1-R4,2026-04-23,gwangju-buk,운암3동,황솔촌운암점,고유가 피해지원금 지급 등 구정 홍보를 위한 자생단체장 오찬 간담회 비용 집행,220000,3b6692279b10a376063cef5f3b1f775574c27f7100b12f4c5edbe431de7a7400,sheet1:R4,
3b6692279b10a376-sheet1-R5,2026-04-27,gwangju-buk,운암3동,매월흑염소 외 1,2026년 방 밖으로 클래스 사업 추진 관계자 만찬 간담회 비용 집행,130300,3b6692279b10a376063cef5f3b1f775574c27f7100b12f4c5edbe431de7a7400,sheet1:R5,
3b6692279b10a376-sheet1-R6,2026-05-07,gwangju-buk,운암3동,황솔촌운암점,고유가 피해지원금 찾아가는 서비스 운영 등 직원 격려 오찬 간담 비용 집행,154000,3b6692279b10a376063cef5f3b1f775574c27f7100b12f4c5edbe431de7a7400,sheet1:R6,
3b6692279b10a376-sheet1-R7,2026-05-08,gwangju-buk,운암3동,사해일가,운암자이포레나아파트 전입신고 접수 등 민원실 직원 격려 오찬 간담 비용 집행,128500,3b6692279b10a376063cef5f3b1f775574c27f7100b12f4c5edbe431de7a7400,sheet1:R7,
3b6692279b10a376-sheet1-R8,2026-05-13,gwangju-buk,운암3동,커피바타,영양듬뿍 정성가득 밑반찬 나눔 사업 추진 관계자 차담회 비용 집행,21900,3b6692279b10a376063cef5f3b1f775574c27f7100b12f4c5edbe431de7a7400,sheet1:R8,
3b6692279b10a376-sheet1-R9,2026-05-15,gwangju-buk,운암3동,황솔촌운암점,운암3동 활성화 방안 논의 등 자생단체 임원진 오찬 간담회 비용 집행,264000,3b6692279b10a376063cef5f3b1f775574c27f7100b12f4c5edbe431de7a7400,sheet1:R9,
3b6692279b10a376-sheet1-R10,2026-05-27,gwangju-buk,운암3동,갈능이곰능이,고유가 피해지원금 2차 지급 업무 등 직원 노고 격려 오찬 간담 비용 집행,60000,3b6692279b10a376063cef5f3b1f775574c27f7100b12f4c5edbe431de7a7400,sheet1:R10,
3b6692279b10a376-sheet1-R11,2026-05-29,gwangju-buk,운암3동,미스터초밥왕,사전투표소 운영 지원 등 선거 업무 추진 노고 격려 오찬 간담 비용 집행,192000,3b6692279b10a376063cef5f3b1f775574c27f7100b12f4c5edbe431de7a7400,sheet1:R11,
3b6692279b10a376-sheet1-R12,2026-06-01,gwangju-buk,운암3동,사해일가,여름철 호우 대비 빗물받이 사전 정비단 운영 관계자 오찬 간담 비용 집행,130000,3b6692279b10a376063cef5f3b1f775574c27f7100b12f4c5edbe431de7a7400,sheet1:R12,
f33114b1b5eda286-sheet1-R7,2026-03-27,gwangju-buk,문화동,토방 외 1개소,당면업무 추진 직원 노고격려를 위한 오찬 및 다과 제공,88000,f33114b1b5eda28603bc8d5cd9338c1e9e646b9b0702252f3c4ba85fabc9787a,sheet1:R7,
f33114b1b5eda286-sheet1-R8,2026-04-07,gwangju-buk,문화동,세인식육식당,동정 업무연찬 및 현안공유를 위한 오찬,126000,f33114b1b5eda28603bc8d5cd9338c1e9e646b9b0702252f3c4ba85fabc9787a,sheet1:R8,
f33114b1b5eda286-sheet1-R9,2026-04-22,gwangju-buk,문화동,쌍촌한우본가,민원접수 응대 및 업무추진 직원 노고격려를 위한 오찬,125000,f33114b1b5eda28603bc8d5cd9338c1e9e646b9b0702252f3c4ba85fabc9787a,sheet1:R9,
f33114b1b5eda286-sheet1-R10,2026-04-24,gwangju-buk,문화동,람바다 외 1개소,고유가지원금 발급준비에 따른 직원 노고격려를 위한 오찬,137500,f33114b1b5eda28603bc8d5cd9338c1e9e646b9b0702252f3c4ba85fabc9787a,sheet1:R10,
f33114b1b5eda286-sheet1-R11,2026-05-08,gwangju-buk,문화동,이영미궁중한방삼계탕,동정업무 추진 직원 사기진작을 위한 오찬 추진,40000,f33114b1b5eda28603bc8d5cd9338c1e9e646b9b0702252f3c4ba85fabc9787a,sheet1:R11,
f33114b1b5eda286-sheet1-R12,2026-05-13,gwangju-buk,문화동,세인식육식당 외 1개소,현안업무 추진 직원 사기진작을 위한 오찬,82500,f33114b1b5eda28603bc8d5cd9338c1e9e646b9b0702252f3c4ba85fabc9787a,sheet1:R12,
f33114b1b5eda286-sheet1-R13,2026-05-15,gwangju-buk,문화동,미카도스시동광주점 외 1개소,고유가지원금 민원안내 직원 노고격려 오찬,356300,f33114b1b5eda28603bc8d5cd9338c1e9e646b9b0702252f3c4ba85fabc9787a,sheet1:R13,
f33114b1b5eda286-sheet1-R14,2026-05-21,gwangju-buk,문화동,고기마트,민원안내 등 직원 사기진작을 위한 오찬,70000,f33114b1b5eda28603bc8d5cd9338c1e9e646b9b0702252f3c4ba85fabc9787a,sheet1:R14,
f33114b1b5eda286-sheet1-R15,2026-05-22,gwangju-buk,문화동,신무돌칼국수,선거공보물 발송작업 준비 등 직원 노고격려 오찬,224000,f33114b1b5eda28603bc8d5cd9338c1e9e646b9b0702252f3c4ba85fabc9787a,sheet1:R15,
f33114b1b5eda286-sheet1-R16,2026-06-08,gwangju-buk,문화동,경성한우국밥 외 1개소,선거경비 정산 등 업무추진 직원 노고격려 오찬,47300,f33114b1b5eda28603bc8d5cd9338c1e9e646b9b0702252f3c4ba85fabc9787a,sheet1:R16,
f33114b1b5eda286-sheet1-R17,2026-06-10,gwangju-buk,문화동,문산골 외 1개소,동정 현안업무 추진 직원 사기진작을 위한 오찬,84500,f33114b1b5eda28603bc8d5cd9338c1e9e646b9b0702252f3c4ba85fabc9787a,sheet1:R17,
f33114b1b5eda286-sheet1-R18,2026-06-17,gwangju-buk,문화동,칭찬 외 1개소,동민 의견수렴 등 현안추진 직원 노고격려를 위한 오찬,71800,f33114b1b5eda28603bc8d5cd9338c1e9e646b9b0702252f3c4ba85fabc9787a,sheet1:R18,
f33114b1b5eda286-sheet1-R19,2026-06-19,gwangju-buk,문화동,토방 외 1개소,종이팩 교환사업 등 자원순환 업무추진 직원 노고격려 오찬,52100,f33114b1b5eda28603bc8d5cd9338c1e9e646b9b0702252f3c4ba85fabc9787a,sheet1:R19,
f33114b1b5eda286-sheet1-R20,2026-06-23,gwangju-buk,문화동,고기마트,지역사회보장협의체 회의 참석자 격려 만찬,161000,f33114b1b5eda28603bc8d5cd9338c1e9e646b9b0702252f3c4ba85fabc9787a,sheet1:R20,
f33114b1b5eda286-sheet1-R21,2026-06-30,gwangju-buk,문화동,고기마트,지역현안 제안사업 발굴 노고격려를 위한 오찬,84000,f33114b1b5eda28603bc8d5cd9338c1e9e646b9b0702252f3c4ba85fabc9787a,sheet1:R21,
5894adea16057f4a-sheet1-R5,2026-04-01,gwangju-buk,일곡동,수풀림외 1,4월중 업무협업을 위한 인근 행정구역 동장 오찬 간담회 경비 집행,73500,5894adea16057f4a381a895c61ac7143b550ec63607ca58e1577f0c2dd7960be,sheet1:R5,
5894adea16057f4a-sheet1-R6,2026-04-07,gwangju-buk,일곡동,텐퍼센트스페셜커피광외 1,복지행정팀 직원 격려 오찬비 집행,130600,5894adea16057f4a381a895c61ac7143b550ec63607ca58e1577f0c2dd7960be,sheet1:R6,
5894adea16057f4a-sheet1-R7,2026-04-14,gwangju-buk,일곡동,촌닭이두마리외 1,동행정복지센터 직원용 간식 구입비 집행,79000,5894adea16057f4a381a895c61ac7143b550ec63607ca58e1577f0c2dd7960be,sheet1:R7,
5894adea16057f4a-sheet1-R8,2026-04-20,gwangju-buk,일곡동,롤링파스타 광주일곡외 1,현안업무 추진 직원 격려 오찬비 집행,80600,5894adea16057f4a381a895c61ac7143b550ec63607ca58e1577f0c2dd7960be,sheet1:R8,
5894adea16057f4a-sheet1-R9,2026-04-24,gwangju-buk,일곡동,청자다방일곡점외 1,자원순환 챌린지 등 현안 관계자 오찬비 집행,33500,5894adea16057f4a381a895c61ac7143b550ec63607ca58e1577f0c2dd7960be,sheet1:R9,
5894adea16057f4a-sheet1-R10,2026-04-27,gwangju-buk,일곡동,블렌딩샵외 1,고유가 피해지원금 추진 준비 직원 격려 오찬비 집행,99000,5894adea16057f4a381a895c61ac7143b550ec63607ca58e1577f0c2dd7960be,sheet1:R10,
5894adea16057f4a-sheet1-R11,2026-04-29,gwangju-buk,일곡동,투썸플레이스광주일곡,주민자치회 위원 차담회 경비 집행,58700,5894adea16057f4a381a895c61ac7143b550ec63607ca58e1577f0c2dd7960be,sheet1:R11,
5894adea16057f4a-sheet1-R12,2026-05-11,gwangju-buk,일곡동,꽃씨와도둑,동행정복지센터 팀장 격려 오찬비 집행,84000,5894adea16057f4a381a895c61ac7143b550ec63607ca58e1577f0c2dd7960be,sheet1:R12,
5894adea16057f4a-sheet1-R13,2026-05-11,gwangju-buk,일곡동,텐퍼센트스페셜커피광,여름철 집중호우 대비 지역자율방재단 현장활동 참여자 차담회 경비 집행,22500,5894adea16057f4a381a895c61ac7143b550ec63607ca58e1577f0c2dd7960be,sheet1:R13,
5894adea16057f4a-sheet1-R14,2026-05-13,gwangju-buk,일곡동,꽃봉우리,5월중 업무협업을 위한 인근 행정구역 동장 오찬 간담회 경비 집행,66000,5894adea16057f4a381a895c61ac7143b550ec63607ca58e1577f0c2dd7960be,sheet1:R14,
5894adea16057f4a-sheet1-R15,2026-05-15,gwangju-buk,일곡동,돈까스만드는남자,지역사회보장협의체 정례회의 참석자 오찬비 집행,65600,5894adea16057f4a381a895c61ac7143b550ec63607ca58e1577f0c2dd7960be,sheet1:R15,
5894adea16057f4a-sheet1-R16,2026-05-18,gwangju-buk,일곡동,송아,동 현안 관련 관계자 오찬비 집행,28000,5894adea16057f4a381a895c61ac7143b550ec63607ca58e1577f0c2dd7960be,sheet1:R16,
5894adea16057f4a-sheet1-R17,2026-05-22,gwangju-buk,일곡동,황실장가계,일곡동 청소년월드컵 참여 관계자 오찬 간담회 경비 집행,52000,5894adea16057f4a381a895c61ac7143b550ec63607ca58e1577f0c2dd7960be,sheet1:R17,
5894adea16057f4a-sheet1-R18,2026-05-26,gwangju-buk,일곡동,1969양동통닭,선거업무 추진 관계자 등 격려 간식비 집행,138000,5894adea16057f4a381a895c61ac7143b550ec63607ca58e1577f0c2dd7960be,sheet1:R18,
5894adea16057f4a-sheet1-R19,2026-06-05,gwangju-buk,일곡동,메가엠지씨커피광주일외 1,고유가 피해지원금(2차) 추진 직원 격려 오찬비 집행,260700,5894adea16057f4a381a895c61ac7143b550ec63607ca58e1577f0c2dd7960be,sheet1:R19,
5894adea16057f4a-sheet1-R20,2026-06-19,gwangju-buk,일곡동,큰나무집,일곡동 마을단체 등 대표자 간담회 오찬비 집행,252000,5894adea16057f4a381a895c61ac7143b550ec63607ca58e1577f0c2dd7960be,sheet1:R20,
da41038e9c751be7-table1-R2,2026-04-17,gwangju-buk,문화예술과,모리사코,비엔날레 미디어파사드 운영 활성화를 위한 관계자 간담,37000,da41038e9c751be7e66c4e3e0a063e070fd54f4c1f0ebcab04021802a3a23a6c,table1:R2,
da41038e9c751be7-table1-R3,2026-04-23,gwangju-buk,문화예술과,샤브향 용봉점,장애인생활체육 활성화 지원을 위한 관계자 간담,44700,da41038e9c751be7e66c4e3e0a063e070fd54f4c1f0ebcab04021802a3a23a6c,table1:R3,
da41038e9c751be7-table1-R4,2026-05-27,gwangju-buk,문화예술과,바다로한상,무등문학상 운영을 위한 관계자 간담,100000,da41038e9c751be7e66c4e3e0a063e070fd54f4c1f0ebcab04021802a3a23a6c,table1:R4,
da41038e9c751be7-table1-R5,2026-06-22,gwangju-buk,문화예술과,샤브향 용봉점,지역혁신중심 대학지원체계(RISE) 사업 추진을 위한 관계자 간담,29800,da41038e9c751be7e66c4e3e0a063e070fd54f4c1f0ebcab04021802a3a23a6c,table1:R5,
da41038e9c751be7-table1-R6,2026-06-24,gwangju-buk,문화예술과,샤브향 용봉점,도서관 운영 활성화를 위한 주요 프로그램 관계자 간담,59600,da41038e9c751be7e66c4e3e0a063e070fd54f4c1f0ebcab04021802a3a23a6c,table1:R6,
da41038e9c751be7-table1-R7,2026-06-25,gwangju-buk,문화예술과,만선,문화예술콘텐츠 관련 사업 의견청취를 위한 관계자 간담,98000,da41038e9c751be7e66c4e3e0a063e070fd54f4c1f0ebcab04021802a3a23a6c,table1:R7,
da41038e9c751be7-table1-R8,2026-06-29,gwangju-buk,문화예술과,해수니보쌈,지역 인문학 프로그램 운영 관계자 간담,48000,da41038e9c751be7e66c4e3e0a063e070fd54f4c1f0ebcab04021802a3a23a6c,table1:R8,
da41038e9c751be7-table2-R2,2026-04-02,gwangju-buk,문화예술과,스테이,국가유산 보수정비사업 추진을 위한 관계자 간담,48000,da41038e9c751be7e66c4e3e0a063e070fd54f4c1f0ebcab04021802a3a23a6c,table2:R2,
da41038e9c751be7-table2-R3,2026-04-14,gwangju-buk,문화예술과,스타벅스,무진고성지 연구용역 추진을 위한 관계자 간담,31700,da41038e9c751be7e66c4e3e0a063e070fd54f4c1f0ebcab04021802a3a23a6c,table2:R3,
da41038e9c751be7-table2-R4,2026-05-08,gwangju-buk,문화예술과,광양재첩,2026 전통산사국가유산 활용사업 추진 관계자 간담,60000,da41038e9c751be7e66c4e3e0a063e070fd54f4c1f0ebcab04021802a3a23a6c,table2:R4,
da41038e9c751be7-table2-R5,2026-05-13,gwangju-buk,문화예술과,게누쓰,생활문화센터 운영 활성화를 위한 관계자 간담,52000,da41038e9c751be7e66c4e3e0a063e070fd54f4c1f0ebcab04021802a3a23a6c,table2:R5,
da41038e9c751be7-table2-R6,2026-05-21,gwangju-buk,문화예술과,샤브향 용봉점,구립합창단 운영을 위한 관계자 간담,119200,da41038e9c751be7e66c4e3e0a063e070fd54f4c1f0ebcab04021802a3a23a6c,table2:R6,
da41038e9c751be7-table2-R7,2026-06-02,gwangju-buk,문화예술과,지글보글,북구문화센터 운영 활성화를 위한 관계자 간담,75000,da41038e9c751be7e66c4e3e0a063e070fd54f4c1f0ebcab04021802a3a23a6c,table2:R7,
da41038e9c751be7-table3-R2,2026-04-08,gwangju-buk,문화예술과,바다로,문화교육국 현안업무 추진 직원 격려 만찬,181000,da41038e9c751be7e66c4e3e0a063e070fd54f4c1f0ebcab04021802a3a23a6c,table3:R2,
da41038e9c751be7-table3-R3,2026-04-16,gwangju-buk,문화예술과,비원카페,세월호 참사 12주기 추모주간 운영 등 인권교육과 현안업무 추진 직원 격려 다과 구입,24400,da41038e9c751be7e66c4e3e0a063e070fd54f4c1f0ebcab04021802a3a23a6c,table3:R3,
da41038e9c751be7-table3-R4,2026-04-29,gwangju-buk,문화예술과,광양재첩,북구문화센터 운영 등 문화기반조성 현안업무 추진 직원 격려 오찬,75000,da41038e9c751be7e66c4e3e0a063e070fd54f4c1f0ebcab04021802a3a23a6c,table3:R4,
da41038e9c751be7-table3-R5,2026-05-07,gwangju-buk,문화예술과,샤브향 용봉점,부속실 근무 직원 격려 오찬,59600,da41038e9c751be7e66c4e3e0a063e070fd54f4c1f0ebcab04021802a3a23a6c,table3:R5,
da41038e9c751be7-table3-R6,2026-05-26,gwangju-buk,문화예술과,한남동한방통닭,문화예술과 현안업무 추진 직원 격려 만찬,124500,da41038e9c751be7e66c4e3e0a063e070fd54f4c1f0ebcab04021802a3a23a6c,table3:R6,
da41038e9c751be7-table3-R7,2026-06-02,gwangju-buk,문화예술과,오리랑돼지랑,구정 업무보고 작성 등 현안업무 추진 직원 격려 오찬,126000,da41038e9c751be7e66c4e3e0a063e070fd54f4c1f0ebcab04021802a3a23a6c,table3:R7,
da41038e9c751be7-table3-R8,2026-06-11,gwangju-buk,문화예술과,전통시골손두부,북구합창단 운영 등 예술진흥 현안업무 추진 직원 격려 오찬,67000,da41038e9c751be7e66c4e3e0a063e070fd54f4c1f0ebcab04021802a3a23a6c,table3:R8,
da41038e9c751be7-table3-R9,2026-06-12,gwangju-buk,문화예술과,제주선채향광주일곡,생활체육 현안업무 추진 직원 격려 오찬,52000,da41038e9c751be7e66c4e3e0a063e070fd54f4c1f0ebcab04021802a3a23a6c,table3:R9,
da41038e9c751be7-table3-R10,2026-06-15,gwangju-buk,문화예술과,오리랑돼지랑,6월중 인수위 업무보고 등 문화교육국 현안업무 추진 직원 격려 오찬,128000,da41038e9c751be7e66c4e3e0a063e070fd54f4c1f0ebcab04021802a3a23a6c,table3:R10,
da41038e9c751be7-table3-R11,2026-06-23,gwangju-buk,문화예술과,쏘쏘사라다(광주매곡점),2026년 제1회 추경예산안 편성 등 문화교육국 현안업무 추진 직원 격려 간식 구입,270000,da41038e9c751be7e66c4e3e0a063e070fd54f4c1f0ebcab04021802a3a23a6c,table3:R11,
51e8f978a6107ae2-sheet1-R4,2026-04-02,gwangju-buk,민생경제과,금호회관,금융복지 양방향 서비스교육 관계자 간담 업무추진비 집행,310000,51e8f978a6107ae2471040ece326a7ae6212fdbd19c4c34600fe1ebe4f87fae2,sheet1:R4,
51e8f978a6107ae2-sheet1-R5,2026-04-14,gwangju-buk,민생경제과,만선,재생에너지 융복합지원사업 평가위원회 관계자 간담 업무추진비 집행,182000,51e8f978a6107ae2471040ece326a7ae6212fdbd19c4c34600fe1ebe4f87fae2,sheet1:R5,
51e8f978a6107ae2-sheet1-R6,2026-04-20,gwangju-buk,민생경제과,495나폴리,중소기업 기술이전 지원사업 관계자 간담 업무추진비 집행,175000,51e8f978a6107ae2471040ece326a7ae6212fdbd19c4c34600fe1ebe4f87fae2,sheet1:R6,
51e8f978a6107ae2-sheet1-R7,2026-04-24,gwangju-buk,민생경제과,더해인참치&초밥일식,청소년 AI 코딩스쿨 관계자 간담 업무추진비 집행,270000,51e8f978a6107ae2471040ece326a7ae6212fdbd19c4c34600fe1ebe4f87fae2,sheet1:R7,
51e8f978a6107ae2-sheet1-R8,2026-05-20,gwangju-buk,민생경제과,담양숯불갈비,골목형상점가 현장지원단 관계자 간담 업무추진비 집행,256000,51e8f978a6107ae2471040ece326a7ae6212fdbd19c4c34600fe1ebe4f87fae2,sheet1:R8,
51e8f978a6107ae2-sheet1-R9,2026-05-27,gwangju-buk,민생경제과,다온,드론체험 특강 관계자 간담 업무추진비 집행,375000,51e8f978a6107ae2471040ece326a7ae6212fdbd19c4c34600fe1ebe4f87fae2,sheet1:R9,
51e8f978a6107ae2-sheet1-R10,2026-06-18,gwangju-buk,민생경제과,또래오래,방산기업 원스톱 지원사업 관계자 간담 업무추진비 집행,457000,51e8f978a6107ae2471040ece326a7ae6212fdbd19c4c34600fe1ebe4f87fae2,sheet1:R10,
51e8f978a6107ae2-sheet1-R11,2026-06-23,gwangju-buk,민생경제과,바다로,지식재산권리화 지원사업 관계자 간담 업무추진비 집행,392000,51e8f978a6107ae2471040ece326a7ae6212fdbd19c4c34600fe1ebe4f87fae2,sheet1:R11,
51e8f978a6107ae2-sheet1-R15,2026-04-01,gwangju-buk,민생경제과,해수니보쌈,중소기업 노동자 기숙사 임차비 지원사업 추진직원 격려 업무추진비 집행,50000,51e8f978a6107ae2471040ece326a7ae6212fdbd19c4c34600fe1ebe4f87fae2,sheet1:R15,
51e8f978a6107ae2-sheet1-R16,2026-04-02,gwangju-buk,민생경제과,광양재첩,여성농업인 행복바우처 지원 추진직원 격려 업무추진비 집행,40000,51e8f978a6107ae2471040ece326a7ae6212fdbd19c4c34600fe1ebe4f87fae2,sheet1:R16,
51e8f978a6107ae2-sheet1-R17,2026-04-07,gwangju-buk,민생경제과,"예송, 하나비",착한가격업소-부끄머니 SNS 인증이벤트 추진직원 격려 업무추진비 집행,107500,51e8f978a6107ae2471040ece326a7ae6212fdbd19c4c34600fe1ebe4f87fae2,sheet1:R17,
51e8f978a6107ae2-sheet1-R18,2026-04-08,gwangju-buk,민생경제과,"샤브향, 스타벅스",패션의거리 시설현대화사업 추진직원 격려 업무추진비 집행,80700,51e8f978a6107ae2471040ece326a7ae6212fdbd19c4c34600fe1ebe4f87fae2,sheet1:R18,
51e8f978a6107ae2-sheet1-R19,2026-04-15,gwangju-buk,민생경제과,원조고향국밥,골목형상점가 현장지원단 운용 추진직원 격려 업무추진비 집행,51000,51e8f978a6107ae2471040ece326a7ae6212fdbd19c4c34600fe1ebe4f87fae2,sheet1:R19,
51e8f978a6107ae2-sheet1-R20,2026-04-21,gwangju-buk,민생경제과,위시베이크,청년 금융특강 추진직원 격려 업무추진비 집행,31400,51e8f978a6107ae2471040ece326a7ae6212fdbd19c4c34600fe1ebe4f87fae2,sheet1:R20,
51e8f978a6107ae2-sheet1-R21,2026-04-22,gwangju-buk,민생경제과,"서울깍두기, 안전가옥",운암시장 시설현대화사업 추진직원 격려 업무추진비 집행,88000,51e8f978a6107ae2471040ece326a7ae6212fdbd19c4c34600fe1ebe4f87fae2,sheet1:R21,
51e8f978a6107ae2-sheet1-R22,2026-04-29,gwangju-buk,민생경제과,낙지천국,찾아가는 드론 축구교실 관계자 간담 업무추진비 집행,254000,51e8f978a6107ae2471040ece326a7ae6212fdbd19c4c34600fe1ebe4f87fae2,sheet1:R22,
51e8f978a6107ae2-sheet1-R23,2026-05-28,gwangju-buk,민생경제과,"게누쓰, 청자다방",민선9기 업무보고 준비 추진 직원 격려 업무추진비 집행,65200,51e8f978a6107ae2471040ece326a7ae6212fdbd19c4c34600fe1ebe4f87fae2,sheet1:R23,
51e8f978a6107ae2-sheet1-R24,2026-06-01,gwangju-buk,민생경제과,"예향정, 할리스",스마트팜 용역 사업 추진직원 격려 업무추진비 집행,75000,51e8f978a6107ae2471040ece326a7ae6212fdbd19c4c34600fe1ebe4f87fae2,sheet1:R24,
51e8f978a6107ae2-sheet1-R25,2026-06-09,gwangju-buk,민생경제과,"예향정, 파스쿠찌",농지 전수조사 추진직원 격려 업무추진비 집행,71360,51e8f978a6107ae2471040ece326a7ae6212fdbd19c4c34600fe1ebe4f87fae2,sheet1:R25,
51e8f978a6107ae2-sheet1-R26,2026-06-10,gwangju-buk,민생경제과,압록매운탕,드론체험 특강 추진직원 격려 업무추진비 집행,68000,51e8f978a6107ae2471040ece326a7ae6212fdbd19c4c34600fe1ebe4f87fae2,sheet1:R26,
51e8f978a6107ae2-sheet1-R27,2026-06-12,gwangju-buk,민생경제과,미스터초밥왕,6월 일자리 미니매칭데이 추진직원 격려 업무추진비 집행,48000,51e8f978a6107ae2471040ece326a7ae6212fdbd19c4c34600fe1ebe4f87fae2,sheet1:R27,
51e8f978a6107ae2-sheet1-R28,2026-06-30,gwangju-buk,민생경제과,더메이커피,하반기 재정지원일자리 사업 추진 직원 격려 업무추진비 집행,18900,51e8f978a6107ae2471040ece326a7ae6212fdbd19c4c34600fe1ebe4f87fae2,sheet1:R28,
51e8f978a6107ae2-sheet2-R4,2026-04-03,gwangju-buk,민생경제과,오우가,차량 부제 시행 추진 직원 격려 업무추진비 집행,90000,51e8f978a6107ae2471040ece326a7ae6212fdbd19c4c34600fe1ebe4f87fae2,sheet2:R4,
51e8f978a6107ae2-sheet2-R5,2026-04-09,gwangju-buk,민생경제과,"최정담, 안전가옥",2026 상반기 직업소개소 점검 추진 직원 격려 업무추진비 집행,99500,51e8f978a6107ae2471040ece326a7ae6212fdbd19c4c34600fe1ebe4f87fae2,sheet2:R5,
51e8f978a6107ae2-sheet2-R6,2026-04-10,gwangju-buk,민생경제과,"예향정, 파스쿠찌",라이브커머스 지원사업 추진 직원 격려 업무추진비 집행,94080,51e8f978a6107ae2471040ece326a7ae6212fdbd19c4c34600fe1ebe4f87fae2,sheet2:R6,
51e8f978a6107ae2-sheet2-R7,2026-04-15,gwangju-buk,민생경제과,비원카페,노동상담데스크 운영 추진 직원 격려 업무추진비 집행,18400,51e8f978a6107ae2471040ece326a7ae6212fdbd19c4c34600fe1ebe4f87fae2,sheet2:R7,
51e8f978a6107ae2-sheet2-R8,2026-04-16,gwangju-buk,민생경제과,비원카페,축산물 특별점검 추진 직원 격려 업무추진비 집행,14600,51e8f978a6107ae2471040ece326a7ae6212fdbd19c4c34600fe1ebe4f87fae2,sheet2:R8,
51e8f978a6107ae2-sheet2-R9,2026-04-20,gwangju-buk,민생경제과,정가네 나주곰탕,고유가 피해지원금 회의 추진 직원 격려 업무추진비 집행,48000,51e8f978a6107ae2471040ece326a7ae6212fdbd19c4c34600fe1ebe4f87fae2,sheet2:R9,
51e8f978a6107ae2-sheet2-R10,2026-04-28,gwangju-buk,민생경제과,파오,골목형상점가 현장지원단 추진 직원 격려 업무추진비 집행,16000,51e8f978a6107ae2471040ece326a7ae6212fdbd19c4c34600fe1ebe4f87fae2,sheet2:R10,
51e8f978a6107ae2-sheet2-R11,2026-05-06,gwangju-buk,민생경제과,한백년식당,지식재산권리화 지원사업 추진 직원 격려 업무추진비 집행,120000,51e8f978a6107ae2471040ece326a7ae6212fdbd19c4c34600fe1ebe4f87fae2,sheet2:R11,
51e8f978a6107ae2-sheet2-R12,2026-05-26,gwangju-buk,민생경제과,비원카페,경제산업국 현안업무 추진 직원 격려 업무추진비 집행,100000,51e8f978a6107ae2471040ece326a7ae6212fdbd19c4c34600fe1ebe4f87fae2,sheet2:R12,
51e8f978a6107ae2-sheet2-R13,2026-06-05,gwangju-buk,민생경제과,창승,경제산업국 부속실 직원 등 격려 업무추진비 집행,25700,51e8f978a6107ae2471040ece326a7ae6212fdbd19c4c34600fe1ebe4f87fae2,sheet2:R13,
51e8f978a6107ae2-sheet2-R14,2026-06-16,gwangju-buk,민생경제과,가보세,영농정착 지원사업 추진 직원 격려 업무추진비 집행,30000,51e8f978a6107ae2471040ece326a7ae6212fdbd19c4c34600fe1ebe4f87fae2,sheet2:R14,
51e8f978a6107ae2-sheet2-R15,2026-06-18,gwangju-buk,민생경제과,할리스,경로당 드론교실 운영 추진 직원 격려 업무추진비 집행,24500,51e8f978a6107ae2471040ece326a7ae6212fdbd19c4c34600fe1ebe4f87fae2,sheet2:R15,
51e8f978a6107ae2-sheet2-R16,2026-06-19,gwangju-buk,민생경제과,"백련옥, 모리사코",경제산업국 추가경정예산 추진 직원 격려 업무추진비 집행,152500,51e8f978a6107ae2471040ece326a7ae6212fdbd19c4c34600fe1ebe4f87fae2,sheet2:R16,
51e8f978a6107ae2-sheet2-R17,2026-06-19,gwangju-buk,민생경제과,포르피노,다중이용 테러대상시설 점검 추진 직원 격려 업무추진비 집행,51000,51e8f978a6107ae2471040ece326a7ae6212fdbd19c4c34600fe1ebe4f87fae2,sheet2:R17,
51e8f978a6107ae2-sheet2-R18,2026-06-26,gwangju-buk,민생경제과,비원카페,경제산업국 업무보고 추진 직원 격려 업무추진비 집행,106900,51e8f978a6107ae2471040ece326a7ae6212fdbd19c4c34600fe1ebe4f87fae2,sheet2:R18,
51e8f978a6107ae2-sheet2-R19,2026-06-30,gwangju-buk,민생경제과,"옥천면옥, 스타벅스",드론특별자유화구역 점검 추진 직원 격려 업무추진비 집행,48200,51e8f978a6107ae2471040ece326a7ae6212fdbd19c4c34600fe1ebe4f87fae2,sheet2:R19,
b358cffbd24d8f61-sheet1-R3,2026-04-06,gwangju-buk,감사담당관,상무초밥 계림점,동 종합감사 업무추진 관계자 격려를 위한 오찬비 집행,96500,b358cffbd24d8f615196bae91a5106aee773899a48aadd0a4195fdc9e2b1e07e,sheet1:R3,
17192cb6a8c16b8a-sheet1-R3,2026-04-01,gwangju-buk,오치2동,고향보쌈칼국수,주민참여예산위원 격려 오찬비 집행,56600,17192cb6a8c16b8a4321e6be80760ef225029a02f5e3094c0b08ffb4d2662d66,sheet1:R3,
17192cb6a8c16b8a-sheet1-R4,2026-04-08,gwangju-buk,오치2동,"완도이모네,씨앤씨베이커리카페",통장단 임원진 동정업무 협력 및 발전방향 논의 오찬 및 차담회,153000,17192cb6a8c16b8a4321e6be80760ef225029a02f5e3094c0b08ffb4d2662d66,sheet1:R4,
17192cb6a8c16b8a-sheet1-R5,2026-04-17,gwangju-buk,오치2동,미가람,복지 업무추진 및 제대 공익요원 격려 오찬 집행,127000,17192cb6a8c16b8a4321e6be80760ef225029a02f5e3094c0b08ffb4d2662d66,sheet1:R5,
17192cb6a8c16b8a-sheet1-R6,2026-04-24,gwangju-buk,오치2동,"완도이모네,블루포인트",동정업무 협업 및 정보공유 간담회비 집행,178500,17192cb6a8c16b8a4321e6be80760ef225029a02f5e3094c0b08ffb4d2662d66,sheet1:R6,
17192cb6a8c16b8a-sheet1-R7,2026-04-30,gwangju-buk,오치2동,"토방,카페오디",고유가 피해지원금 추진에 따른 직원 격려 오찬 등,83000,17192cb6a8c16b8a4321e6be80760ef225029a02f5e3094c0b08ffb4d2662d66,sheet1:R7,
17192cb6a8c16b8a-sheet1-R8,2026-05-06,gwangju-buk,오치2동,완도이모네,고유가 피해지원금 추진에 따른 직원 격려 오찬,136000,17192cb6a8c16b8a4321e6be80760ef225029a02f5e3094c0b08ffb4d2662d66,sheet1:R8,
17192cb6a8c16b8a-sheet1-R9,2026-05-11,gwangju-buk,오치2동,미가람,고유가 피해지원금 추진에 따른 직원 격려 오찬,160000,17192cb6a8c16b8a4321e6be80760ef225029a02f5e3094c0b08ffb4d2662d66,sheet1:R9,
17192cb6a8c16b8a-sheet1-R10,2026-05-21,gwangju-buk,오치2동,코발트,동정 업무협의 및 정보공유를 위한 오찬,68000,17192cb6a8c16b8a4321e6be80760ef225029a02f5e3094c0b08ffb4d2662d66,sheet1:R10,
17192cb6a8c16b8a-sheet1-R11,2026-06-08,gwangju-buk,오치2동,메가엠지씨커피,통장위촉심의위원회 회의에 따른 차담회,14600,17192cb6a8c16b8a4321e6be80760ef225029a02f5e3094c0b08ffb4d2662d66,sheet1:R11,
17192cb6a8c16b8a-sheet1-R12,2026-06-10,gwangju-buk,오치2동,한아름삼겹살,제9회 전국동시지방선거 추진에 따른 직원 격려 오찬,196000,17192cb6a8c16b8a4321e6be80760ef225029a02f5e3094c0b08ffb4d2662d66,sheet1:R12,
17192cb6a8c16b8a-sheet1-R13,2026-06-11,gwangju-buk,오치2동,"서해백합,블루포인트",동정 업무협의 및 정보공유를 위한 오찬 및 차담비,107800,17192cb6a8c16b8a4321e6be80760ef225029a02f5e3094c0b08ffb4d2662d66,sheet1:R13,
17192cb6a8c16b8a-sheet1-R14,2026-06-12,gwangju-buk,오치2동,완도이모네,동정업무 협의 및 정보공유를 위한 오찬,126000,17192cb6a8c16b8a4321e6be80760ef225029a02f5e3094c0b08ffb4d2662d66,sheet1:R14,
17192cb6a8c16b8a-sheet1-R15,2026-06-22,gwangju-buk,오치2동,"명인면옥,아임빈",동 복지사각지대 해소를 위한 유관기관장 오찬 및 차담,131000,17192cb6a8c16b8a4321e6be80760ef225029a02f5e3094c0b08ffb4d2662d66,sheet1:R15,
a97057867bba9a37-sheet1-R4,2026-04-24,gwangju-buk,일곡동,가족사랑,오치1동대장 및 직원 오찬 간담회 경비 집행,95000,a97057867bba9a37ab4927f9cb351048543027b791bdb6978df4a2f5deb0da11,sheet1:R4,
a97057867bba9a37-sheet1-R5,2026-04-30,gwangju-buk,일곡동,남광숯불생갈비,고유가 민생쿠폰 지급에 따른 종사자 격려 오찬비 집행,190000,a97057867bba9a37ab4927f9cb351048543027b791bdb6978df4a2f5deb0da11,sheet1:R5,
a97057867bba9a37-sheet1-R6,2026-05-07,gwangju-buk,일곡동,김가네,주민자치회 위원 오찬 간담회 경비 집행,144000,a97057867bba9a37ab4927f9cb351048543027b791bdb6978df4a2f5deb0da11,sheet1:R6,
a97057867bba9a37-sheet1-R7,2026-05-19,gwangju-buk,일곡동,섬진강추어탕문흥점,5월중 업무협업을 위한 인근 행정구역 동장 오찬 간담회 경비 집행,60000,a97057867bba9a37ab4927f9cb351048543027b791bdb6978df4a2f5deb0da11,sheet1:R7,
a97057867bba9a37-sheet1-R8,2026-05-20,gwangju-buk,일곡동,명품,민주평화대행진 행사 참여자 오찬 간담회 경비 집행,138000,a97057867bba9a37ab4927f9cb351048543027b791bdb6978df4a2f5deb0da11,sheet1:R8,
a97057867bba9a37-sheet1-R9,2026-05-21,gwangju-buk,일곡동,남영,고유가 피해지원금 지급에 따른 직원 격려 오찬 경비 집행,240000,a97057867bba9a37ab4927f9cb351048543027b791bdb6978df4a2f5deb0da11,sheet1:R9,
a97057867bba9a37-sheet1-R10,2026-06-22,gwangju-buk,일곡동,커피비,꿈나무작은도서관 운영위원 차담회 경비 집행,50000,a97057867bba9a37ab4927f9cb351048543027b791bdb6978df4a2f5deb0da11,sheet1:R10,
cce490dc8ec130aa-sheet1-R5,2026-04-01,gwangju-buk,홍보실,놀부보쌈(북구점),북구 사랑의 밥차 운영 관련 보도에 따른 관계자 오찬 경비 집행,64000,cce490dc8ec130aa4ba1ec642414415de51a920ddd60b98e79daaec302bc3f52,sheet1:R5,
cce490dc8ec130aa-sheet1-R6,2026-04-02,gwangju-buk,홍보실,비기닝투데이(beginni,아픈아이 돌봄센터 개소 관련 보도에 따른 관계자 오찬 경비 집행,52000,cce490dc8ec130aa4ba1ec642414415de51a920ddd60b98e79daaec302bc3f52,sheet1:R6,
cce490dc8ec130aa-sheet1-R7,2026-04-03,gwangju-buk,홍보실,담양숯불갈비돈앤돈,어린이 맞춤형 생태·독서 프로그램 운영 관련 보도에 따른 관계자 오찬 경비 집행,30000,cce490dc8ec130aa4ba1ec642414415de51a920ddd60b98e79daaec302bc3f52,sheet1:R7,
cce490dc8ec130aa-sheet1-R8,2026-04-03,gwangju-buk,홍보실,대천조개구이,에너지절약 캠페인 추진 관련 취재 협조를 위한 관계자 만찬 경비 집행,88500,cce490dc8ec130aa4ba1ec642414415de51a920ddd60b98e79daaec302bc3f52,sheet1:R8,
cce490dc8ec130aa-sheet1-R9,2026-04-06,gwangju-buk,홍보실,태홍회관,적극행정 종합평가 우수 기관 선정 관련 보도에 따른 관계자 오찬 경비 집행,55000,cce490dc8ec130aa4ba1ec642414415de51a920ddd60b98e79daaec302bc3f52,sheet1:R9,
cce490dc8ec130aa-sheet1-R10,2026-04-07,gwangju-buk,홍보실,서울깍두기(전남대점),행락철 맞이 특별안전 점검 추진 관련 보도에 따른 관계자 오찬 경비 집행,62000,cce490dc8ec130aa4ba1ec642414415de51a920ddd60b98e79daaec302bc3f52,sheet1:R10,
cce490dc8ec130aa-sheet1-R11,2026-04-08,gwangju-buk,홍보실,샤브향(용봉점),데이터 기반 행정 우수기관 선정 관련 보도에 따른 관계자 오찬 경비 집행,119200,cce490dc8ec130aa4ba1ec642414415de51a920ddd60b98e79daaec302bc3f52,sheet1:R11,
cce490dc8ec130aa-sheet1-R12,2026-04-08,gwangju-buk,홍보실,풍년가계절음식,공공기관 차량2부제 확대 시행 관련 취재 협조를 위한 관계자 만찬 경비 집행,411000,cce490dc8ec130aa4ba1ec642414415de51a920ddd60b98e79daaec302bc3f52,sheet1:R12,
cce490dc8ec130aa-sheet1-R13,2026-04-09,gwangju-buk,홍보실,송가네장어,드론산업 활성화 종합계획 추진 관련 보도에 따른 관계자 오찬 경비 집행,398000,cce490dc8ec130aa4ba1ec642414415de51a920ddd60b98e79daaec302bc3f52,sheet1:R13,
cce490dc8ec130aa-sheet1-R14,2026-04-09,gwangju-buk,홍보실,향토집풍천장어,소규모 노후건축물 무상 점검 지원 관련 취재 협조를 위한 관계자 만찬 경비 집행,197000,cce490dc8ec130aa4ba1ec642414415de51a920ddd60b98e79daaec302bc3f52,sheet1:R14,
cce490dc8ec130aa-sheet1-R15,2026-04-10,gwangju-buk,홍보실,정가네나주곰탕,북구 노후건축물 안전 관리 추진 관련 보도에 따른 관계자 오찬 경비 집행,48000,cce490dc8ec130aa4ba1ec642414415de51a920ddd60b98e79daaec302bc3f52,sheet1:R15,
cce490dc8ec130aa-sheet1-R16,2026-04-13,gwangju-buk,홍보실,담양숯불갈비돈앤돈,소상공인 카드수수료 지원 추진 관련 보도에 따른 관계자 오찬 경비 집행,50000,cce490dc8ec130aa4ba1ec642414415de51a920ddd60b98e79daaec302bc3f52,sheet1:R16,
cce490dc8ec130aa-sheet1-R17,2026-04-14,gwangju-buk,홍보실,할리스 북구청점,매니페스토 공약 이행 '최우수' 평가 관련 보도에 따른 관계자 오찬 경비 집행,44100,cce490dc8ec130aa4ba1ec642414415de51a920ddd60b98e79daaec302bc3f52,sheet1:R17,
cce490dc8ec130aa-sheet1-R18,2026-04-15,gwangju-buk,홍보실,남원추어탕,주민참여예산사업 공모 추진 관련 보도에 따른 관계자 오찬 경비 집행,68000,cce490dc8ec130aa4ba1ec642414415de51a920ddd60b98e79daaec302bc3f52,sheet1:R18,
cce490dc8ec130aa-sheet1-R19,2026-04-15,gwangju-buk,홍보실,텐진야끼니꾸,북구시설관리공단 RISE센터 협약 체결 관련 취재 협조를 위한 관계자 만찬 경비 집행,145900,cce490dc8ec130aa4ba1ec642414415de51a920ddd60b98e79daaec302bc3f52,sheet1:R19,
cce490dc8ec130aa-sheet1-R20,2026-04-16,gwangju-buk,홍보실,풍남옥(전대후문점),지방세정 종합평가 최우수 기관 선정 관련 보도에 따른 관계자 오찬 경비 집행,96000,cce490dc8ec130aa4ba1ec642414415de51a920ddd60b98e79daaec302bc3f52,sheet1:R20,
cce490dc8ec130aa-sheet1-R21,2026-04-17,gwangju-buk,홍보실,정가네나주곰탕,25년도 교통문화 우수 도시 선정 관련 보도에 따른 관계자 오찬 경비 집행,24000,cce490dc8ec130aa4ba1ec642414415de51a920ddd60b98e79daaec302bc3f52,sheet1:R21,
cce490dc8ec130aa-sheet1-R22,2026-04-17,gwangju-buk,홍보실,지산목 용봉점,기후변화 주간 기념 행사 운영 관련 취재 협조를 위한 관계자 만찬 경비 집행,139000,cce490dc8ec130aa4ba1ec642414415de51a920ddd60b98e79daaec302bc3f52,sheet1:R22,
cce490dc8ec130aa-sheet1-R23,2026-04-20,gwangju-buk,홍보실,태홍회관,고유가 피해지원금 지급 추진 관련 보도에 따른 관계자 오찬 경비 집행,250000,cce490dc8ec130aa4ba1ec642414415de51a920ddd60b98e79daaec302bc3f52,sheet1:R23,
cce490dc8ec130aa-sheet1-R24,2026-04-21,gwangju-buk,홍보실,담양숯불갈비돈앤돈,전통공예문화학교 입주 작가 모집 관련 보도에 따른 관계자 오찬 경비 집행,96000,cce490dc8ec130aa4ba1ec642414415de51a920ddd60b98e79daaec302bc3f52,sheet1:R24,
cce490dc8ec130aa-sheet1-R25,2026-04-23,gwangju-buk,홍보실,의정부대찌개냉면,청년상담 마음톡톡 운영 관련 보도에 따른 관계자 오찬 경비 집행,55000,cce490dc8ec130aa4ba1ec642414415de51a920ddd60b98e79daaec302bc3f52,sheet1:R25,
cce490dc8ec130aa-sheet1-R26,2026-04-24,gwangju-buk,홍보실,미옌,장애인 독서 프로그램 공모 선정 관련 보도에 따른 관계자 오찬 경비 집행,260000,cce490dc8ec130aa4ba1ec642414415de51a920ddd60b98e79daaec302bc3f52,sheet1:R26,
cce490dc8ec130aa-sheet1-R27,2026-04-27,gwangju-buk,홍보실,담양숯불갈비돈앤돈,장애인 주택 개조사업 추진 관련 보도에 따른 관계자 오찬 경비 집행,65000,cce490dc8ec130aa4ba1ec642414415de51a920ddd60b98e79daaec302bc3f52,sheet1:R27,
cce490dc8ec130aa-sheet1-R28,2026-04-27,gwangju-buk,홍보실,빨간쭈꾸미,고유가 피해지원금 시스템 점검 추진 관련 취재 협조를 위한 관계자 만찬 경비 집행,63000,cce490dc8ec130aa4ba1ec642414415de51a920ddd60b98e79daaec302bc3f52,sheet1:R28,
cce490dc8ec130aa-sheet1-R29,2026-04-29,gwangju-buk,홍보실,초밥마을,주사기 매점매석 집중 단속 추진 관련 보도에 따른 관계자 오찬 경비 집행,74500,cce490dc8ec130aa4ba1ec642414415de51a920ddd60b98e79daaec302bc3f52,sheet1:R29,
cce490dc8ec130aa-sheet1-R30,2026-04-30,gwangju-buk,홍보실,태홍회관,조직문화 혁신 10대 강령 선포 관련 보도에 따른 관계자 오찬 경비 집행,150000,cce490dc8ec130aa4ba1ec642414415de51a920ddd60b98e79daaec302bc3f52,sheet1:R30,
cce490dc8ec130aa-sheet1-R31,2026-04-30,gwangju-buk,홍보실,효자동솥뚜껑광주전대,장애 인식 개선 프로그램 운영 관련 취재 협조를 위한 관계자 만찬 경비 집행,123800,cce490dc8ec130aa4ba1ec642414415de51a920ddd60b98e79daaec302bc3f52,sheet1:R31,
cce490dc8ec130aa-sheet1-R32,2026-05-04,gwangju-buk,홍보실,롤링파스타광주전남대,중소기업 바우처 지원 사업 추진 관련 보도에 따른 관계자 오찬 경비 집행,55700,cce490dc8ec130aa4ba1ec642414415de51a920ddd60b98e79daaec302bc3f52,sheet1:R32,
cce490dc8ec130aa-sheet1-R33,2026-05-07,gwangju-buk,홍보실,중앙닭갈비(전대점),다회용기 무상 대여 사업 추진 관련 보도에 따른 관계자 오찬 경비 집행,58000,cce490dc8ec130aa4ba1ec642414415de51a920ddd60b98e79daaec302bc3f52,sheet1:R33,
cce490dc8ec130aa-sheet1-R34,2026-05-08,gwangju-buk,홍보실,태풍참치(일곡본점),인도네시아 진출 기업 지원 MOU 체결 관련 취재 협조를 위한 관계자 만찬 경비 집행,170000,cce490dc8ec130aa4ba1ec642414415de51a920ddd60b98e79daaec302bc3f52,sheet1:R34,
cce490dc8ec130aa-sheet1-R35,2026-05-11,gwangju-buk,홍보실,담양숯불갈비돈앤돈,2026 광융합무역촉진단 활동 관련 보도에 따른 관계자 오찬 경비 집행,82000,cce490dc8ec130aa4ba1ec642414415de51a920ddd60b98e79daaec302bc3f52,sheet1:R35,
cce490dc8ec130aa-sheet1-R36,2026-05-11,gwangju-buk,홍보실,해뜰날,광융합무역촉진단 공식 일정 시작 관련 취재 협조를 위한 관계자 만찬 경비 집행,279000,cce490dc8ec130aa4ba1ec642414415de51a920ddd60b98e79daaec302bc3f52,sheet1:R36,
cce490dc8ec130aa-sheet1-R37,2026-05-12,gwangju-buk,홍보실,장가네생태탕,전문 체납관리단 운영 관련 취재 협조를 위한 관계자 만찬 경비 집행,135000,cce490dc8ec130aa4ba1ec642414415de51a920ddd60b98e79daaec302bc3f52,sheet1:R37,
cce490dc8ec130aa-sheet1-R38,2026-05-13,gwangju-buk,홍보실,샤브향(용봉점),민방위 공습 대피 훈련 추진 관련 보도에 따른 관계자 오찬 경비 집행,74500,cce490dc8ec130aa4ba1ec642414415de51a920ddd60b98e79daaec302bc3f52,sheet1:R38,
cce490dc8ec130aa-sheet1-R39,2026-05-14,gwangju-buk,홍보실,꾸이꾸이,적극행정 우수사례 선정 및 포상 추진 관련 보도에 따른 관계자 오찬 경비 집행,56000,cce490dc8ec130aa4ba1ec642414415de51a920ddd60b98e79daaec302bc3f52,sheet1:R39,
cce490dc8ec130aa-sheet1-R40,2026-05-15,gwangju-buk,홍보실,풍남옥(전대후문점),하반기 재정지원 일자리사업 참여자 모집 관련 보도에 따른 관계자 오찬 경비 집행,177000,cce490dc8ec130aa4ba1ec642414415de51a920ddd60b98e79daaec302bc3f52,sheet1:R40,
cce490dc8ec130aa-sheet1-R41,2026-05-15,gwangju-buk,홍보실,칠우불고기,5·18 추모객 맞이 묘역 방역 추진 관련 취재 협조를 위한 관계자 만찬 경비 집행,74000,cce490dc8ec130aa4ba1ec642414415de51a920ddd60b98e79daaec302bc3f52,sheet1:R41,
cce490dc8ec130aa-sheet1-R42,2026-05-18,gwangju-buk,홍보실,내가찜한닭,광융합무역촉진단 수출 성과 달성 보도에 따른 관계자 오찬 경비 집행,55000,cce490dc8ec130aa4ba1ec642414415de51a920ddd60b98e79daaec302bc3f52,sheet1:R42,
cce490dc8ec130aa-sheet1-R43,2026-05-19,gwangju-buk,홍보실,백소정(전남대점),소상공인 아트테리어 지원 사업 추진 보도에 따른 관계자 오찬 경비 집행,59600,cce490dc8ec130aa4ba1ec642414415de51a920ddd60b98e79daaec302bc3f52,sheet1:R43,
cce490dc8ec130aa-sheet1-R44,2026-05-20,gwangju-buk,홍보실,옴팡골콩나물국밥,AI 교육수료자 취업지원금 지급 관련 보도에 따른 관계자 오찬 경비 집행,61000,cce490dc8ec130aa4ba1ec642414415de51a920ddd60b98e79daaec302bc3f52,sheet1:R44,
cce490dc8ec130aa-sheet1-R45,2026-05-21,gwangju-buk,홍보실,담양숯불갈비돈앤돈,찾아가는 장난감 나눔터 운영 관련 보도에 따른 관계자 오찬 경비 집행,84000,cce490dc8ec130aa4ba1ec642414415de51a920ddd60b98e79daaec302bc3f52,sheet1:R45,
cce490dc8ec130aa-sheet1-R46,2026-05-22,gwangju-buk,홍보실,정가네나주곰탕,골목형 상점가 지원사업 참여자 모집 관련 보도에 따른 관계자 오찬 경비 집행,48000,cce490dc8ec130aa4ba1ec642414415de51a920ddd60b98e79daaec302bc3f52,sheet1:R46,
cce490dc8ec130aa-sheet1-R47,2026-05-26,gwangju-buk,홍보실,평이담백뼈칼국수광주,생활밀착형 주차 공간 확보 추진 관련 보도에 따른 관계자 오찬 경비 집행,48000,cce490dc8ec130aa4ba1ec642414415de51a920ddd60b98e79daaec302bc3f52,sheet1:R47,
cce490dc8ec130aa-sheet1-R48,2026-05-27,gwangju-buk,홍보실,백소정(전남대점),'청년 로컬디저트 메뉴 개발 사업' 추진 관련 보도에 따른 관계자 오찬 경비 집행,75700,cce490dc8ec130aa4ba1ec642414415de51a920ddd60b98e79daaec302bc3f52,sheet1:R48,
cce490dc8ec130aa-sheet1-R49,2026-05-27,gwangju-buk,홍보실,미미참치,청년 창업가 로컬 디저트 개발 지원 관련 취재 협조를 위한 관계자 만찬 경비 집행,199000,cce490dc8ec130aa4ba1ec642414415de51a920ddd60b98e79daaec302bc3f52,sheet1:R49,
cce490dc8ec130aa-sheet1-R50,2026-05-28,gwangju-buk,홍보실,비기닝투데이(beginni,여름철 재난 대비 총력 대응 관련 보도에 따른 관계자 차담회 경비 집행,55000,cce490dc8ec130aa4ba1ec642414415de51a920ddd60b98e79daaec302bc3f52,sheet1:R50,
cce490dc8ec130aa-sheet1-R51,2026-05-29,gwangju-buk,홍보실,공일백,전략사업별 지역생태계 활성화 공모 선정 관련 취재 협조를 위한 관계자 만찬 경비 집행,142000,cce490dc8ec130aa4ba1ec642414415de51a920ddd60b98e79daaec302bc3f52,sheet1:R51,
cce490dc8ec130aa-sheet1-R52,2026-06-01,gwangju-buk,홍보실,정동전대점,2026년 희망아카데미 운영 관련 보도에 따른 관계자 오찬 경비 집행,144800,cce490dc8ec130aa4ba1ec642414415de51a920ddd60b98e79daaec302bc3f52,sheet1:R52,
cce490dc8ec130aa-sheet1-R53,2026-06-02,gwangju-buk,홍보실,의정부대찌개냉면,여름철 폭염 종합대책 추진 관련 보도에 따른 관계자 오찬 경비 집행,77000,cce490dc8ec130aa4ba1ec642414415de51a920ddd60b98e79daaec302bc3f52,sheet1:R53,
cce490dc8ec130aa-sheet1-R54,2026-06-04,gwangju-buk,홍보실,하마네아구찜용봉점,북구청 검도부 검도선수권대회 준우승 관련 취재 협조를 위한 관계자 만찬 경비 집행,112000,cce490dc8ec130aa4ba1ec642414415de51a920ddd60b98e79daaec302bc3f52,sheet1:R54,
cce490dc8ec130aa-sheet1-R55,2026-06-05,gwangju-buk,홍보실,효자반점 전대직영점,반려동물 등록 자진신고 기간 운영 관련 보도에 따른 관계자 오찬 경비 집행,30000,cce490dc8ec130aa4ba1ec642414415de51a920ddd60b98e79daaec302bc3f52,sheet1:R55,
cce490dc8ec130aa-sheet1-R56,2026-06-09,gwangju-buk,홍보실,담양숯불갈비돈앤돈,음식물 쓰레기 감량 장치 지원 추진 관련 보도에 따른 관계자 오찬 경비 집행,140000,cce490dc8ec130aa4ba1ec642414415de51a920ddd60b98e79daaec302bc3f52,sheet1:R56,
cce490dc8ec130aa-sheet1-R57,2026-06-10,gwangju-buk,홍보실,월계수식당 전남대점,구립도서관 인문학 프로그램 운영 관련 보도에 따른 관계자 오찬 경비 집행,55500,cce490dc8ec130aa4ba1ec642414415de51a920ddd60b98e79daaec302bc3f52,sheet1:R57,
cce490dc8ec130aa-sheet1-R58,2026-06-12,gwangju-buk,홍보실,버거킹 전남대후문점,북구 도심속 작은음악회 개최 관련 보도에 따른 관계자 오찬 경비 집행,115000,cce490dc8ec130aa4ba1ec642414415de51a920ddd60b98e79daaec302bc3f52,sheet1:R58,
cce490dc8ec130aa-sheet1-R59,2026-06-15,gwangju-buk,홍보실,모퉁이집,공공생리대 지원 시범사업 추진 관련 보도에 따른 관계자 오찬 경비 집행,49500,cce490dc8ec130aa4ba1ec642414415de51a920ddd60b98e79daaec302bc3f52,sheet1:R59,
cce490dc8ec130aa-sheet1-R60,2026-06-16,gwangju-buk,홍보실,최정담,어린이집 급식 위생 점검 추진 관련 보도에 따른 관계자 오찬 경비 집행,84000,cce490dc8ec130aa4ba1ec642414415de51a920ddd60b98e79daaec302bc3f52,sheet1:R60,
cce490dc8ec130aa-sheet1-R61,2026-06-16,gwangju-buk,홍보실,여기가좋겠네,'함께라면' 사업 추진 관련 취재 협조를 위한 관계자 만찬 경비 집행,91000,cce490dc8ec130aa4ba1ec642414415de51a920ddd60b98e79daaec302bc3f52,sheet1:R61,
cce490dc8ec130aa-sheet1-R62,2026-06-17,gwangju-buk,홍보실,풍남옥(전대후문점),구민상 수상자 공개 모집 관련 보도에 따른 관계자 오찬 경비 집행,192000,cce490dc8ec130aa4ba1ec642414415de51a920ddd60b98e79daaec302bc3f52,sheet1:R62,
cce490dc8ec130aa-sheet1-R63,2026-06-18,gwangju-buk,홍보실,할리스 북구청점,폭염 취약계층 지원 추진 관련 보도에 따른 관계자 차담회 경비 집행,76900,cce490dc8ec130aa4ba1ec642414415de51a920ddd60b98e79daaec302bc3f52,sheet1:R63,
cce490dc8ec130aa-sheet1-R64,2026-06-19,gwangju-buk,홍보실,태홍회관,기후 생태 클래스 운영 관련 보도에 따른 관계자 오찬 경비 집행,280000,cce490dc8ec130aa4ba1ec642414415de51a920ddd60b98e79daaec302bc3f52,sheet1:R64,
cce490dc8ec130aa-sheet1-R65,2026-06-22,gwangju-buk,홍보실,중앙닭갈비(전대점),한의약 건강돌봄사업 우수기관 선정 관련 보도에 따른 관계자 오찬 경비 집행,94000,cce490dc8ec130aa4ba1ec642414415de51a920ddd60b98e79daaec302bc3f52,sheet1:R65,
cce490dc8ec130aa-sheet1-R66,2026-06-22,gwangju-buk,홍보실,지산목 용봉점,여름철 배수 개선 공사 추진 관련 취재 협조를 위한 관계자 만찬 경비 집행,72000,cce490dc8ec130aa4ba1ec642414415de51a920ddd60b98e79daaec302bc3f52,sheet1:R66,
cce490dc8ec130aa-sheet1-R67,2026-06-23,gwangju-buk,홍보실,담양숯불갈비돈앤돈,사회적가치지표 개선 지원 추진 관련 보도에 따른 관계자 오찬 경비 집행,45000,cce490dc8ec130aa4ba1ec642414415de51a920ddd60b98e79daaec302bc3f52,sheet1:R67,
cce490dc8ec130aa-sheet1-R68,2026-06-24,gwangju-buk,홍보실,효자반점 전대직영점,옥외광고물 안전 점검 추진 관련 보도에 따른 관계자 오찬 경비 집행,52500,cce490dc8ec130aa4ba1ec642414415de51a920ddd60b98e79daaec302bc3f52,sheet1:R68,
cce490dc8ec130aa-sheet1-R69,2026-06-25,gwangju-buk,홍보실,풍남옥(전대후문점),공공건축물 그린리모델링 공모 선정 관련 보도에 따른 관계자 오찬 경비 집행,35000,cce490dc8ec130aa4ba1ec642414415de51a920ddd60b98e79daaec302bc3f52,sheet1:R69,
cce490dc8ec130aa-sheet1-R70,2026-06-26,gwangju-buk,홍보실,풍남옥(전대후문점),'홉타운공방' 운영 관련 보도에 따른 관계자 오찬 경비 집행,16000,cce490dc8ec130aa4ba1ec642414415de51a920ddd60b98e79daaec302bc3f52,sheet1:R70,
cce490dc8ec130aa-sheet1-R71,2026-06-29,gwangju-buk,홍보실,온리돈까스,문인 북구청장 장학금 기탁 관련 보도에 따른 관계자 오찬 경비 집행,39000,cce490dc8ec130aa4ba1ec642414415de51a920ddd60b98e79daaec302bc3f52,sheet1:R71,
cce490dc8ec130aa-sheet1-R72,2026-06-29,gwangju-buk,홍보실,알콩달콩,공공생리대 무료 사업 추진 관련 취재 협조를 위한 관계자 만찬 경비 집행,152000,cce490dc8ec130aa4ba1ec642414415de51a920ddd60b98e79daaec302bc3f52,sheet1:R72,
cce490dc8ec130aa-sheet1-R73,2026-06-30,gwangju-buk,홍보실,담양숯불갈비돈앤돈,결식 우려 아동 급식 지원 관련 보도에 따른 관계자 오찬 경비 집행,66000,cce490dc8ec130aa4ba1ec642414415de51a920ddd60b98e79daaec302bc3f52,sheet1:R73,
cce490dc8ec130aa-sheet1-R74,2026-06-30,gwangju-buk,홍보실,백가네,제1호 결재 등 민서 9기 출범 관련 취재 협조를 위한 관계자 만찬 경비 집행,434000,cce490dc8ec130aa4ba1ec642414415de51a920ddd60b98e79daaec302bc3f52,sheet1:R74,
8a43e6fc5a683c26-sheet1-R4,2026-04-23,gwangju-buk,두암3동,람바다,두암문화권역 기관장 오찬 간담회,165000,8a43e6fc5a683c2607a1fade87d81bab744f9bf37f811d6d7733c62bb9902274,sheet1:R4,
8a43e6fc5a683c26-sheet1-R5,2026-04-29,gwangju-buk,두암3동,내가조선의국밥이다,고유가 피해지원금 기간제근로자 격려 오찬,50000,8a43e6fc5a683c2607a1fade87d81bab744f9bf37f811d6d7733c62bb9902274,sheet1:R5,
8a43e6fc5a683c26-sheet1-R6,2026-05-08,gwangju-buk,두암3동,두암골풍천장어,맞춤형복지팀 격려 오찬,135000,8a43e6fc5a683c2607a1fade87d81bab744f9bf37f811d6d7733c62bb9902274,sheet1:R6,
8a43e6fc5a683c26-sheet1-R7,2026-05-27,gwangju-buk,두암3동,밤실마을,맞춤형복지팀 자활근로자 격려 오찬,93000,8a43e6fc5a683c2607a1fade87d81bab744f9bf37f811d6d7733c62bb9902274,sheet1:R7,
8a43e6fc5a683c26-sheet1-R8,2026-06-10,gwangju-buk,두암3동,모타모타,새마을부녀회 간담회 및 만찬,310000,8a43e6fc5a683c2607a1fade87d81bab744f9bf37f811d6d7733c62bb9902274,sheet1:R8,
8a43e6fc5a683c26-sheet1-R9,2026-06-11,gwangju-buk,두암3동,낙지천국,두암권역 동장단 간담회,65000,8a43e6fc5a683c2607a1fade87d81bab744f9bf37f811d6d7733c62bb9902274,sheet1:R9,
8a43e6fc5a683c26-sheet1-R10,2026-06-18,gwangju-buk,두암3동,컴포즈커피광주두암점,새마을부녀회 반찬 봉사 격려,38400,8a43e6fc5a683c2607a1fade87d81bab744f9bf37f811d6d7733c62bb9902274,sheet1:R10,
8a43e6fc5a683c26-sheet1-R11,2026-06-23,gwangju-buk,두암3동,람바다,복지행정팀 현안 업무 추진 격려 오찬,180000,8a43e6fc5a683c2607a1fade87d81bab744f9bf37f811d6d7733c62bb9902274,sheet1:R11,
cff4474079693ae4-sheet1-R4,2026-04-22,gwangju-buk,양산동,용두동할매쭈꾸미,주민자치회 및 주민자치센터 수행상황 점검 관계자 노고 격려,77000,cff4474079693ae42eea912172ab8f569030f74998cd53f6b3bfb03c5c05078e,sheet1:R4,
cff4474079693ae4-sheet1-R5,2026-04-28,gwangju-buk,양산동,김종구닭칼국수육보쌈,국외부재자 신고 접수 직원 사기 앙양,54800,cff4474079693ae42eea912172ab8f569030f74998cd53f6b3bfb03c5c05078e,sheet1:R5,
cff4474079693ae4-sheet1-R6,2026-05-06,gwangju-buk,양산동,"송축골진곰탕, 카페이쪼양산점",고유가피해지원금 선불카드 배부 인력지원 통장단임원진 노고 격려,166800,cff4474079693ae42eea912172ab8f569030f74998cd53f6b3bfb03c5c05078e,sheet1:R6,
cff4474079693ae4-sheet1-R7,2026-05-08,gwangju-buk,양산동,"김종구닭칼국수육보쌈, 이븐베터",고유가피해지원금 업무보조원 노고 격려,61500,cff4474079693ae42eea912172ab8f569030f74998cd53f6b3bfb03c5c05078e,sheet1:R7,
cff4474079693ae4-sheet1-R8,2026-05-13,gwangju-buk,양산동,김종구닭칼국수육보쌈,총무업무 담당자 노고 격려,37000,cff4474079693ae42eea912172ab8f569030f74998cd53f6b3bfb03c5c05078e,sheet1:R8,
cff4474079693ae4-sheet1-R9,2026-05-23,gwangju-buk,양산동,"돌가마, 메가엠지씨커피광주양산택지로점",선거공보 발송 참여 직원 노고 격려,399500,cff4474079693ae42eea912172ab8f569030f74998cd53f6b3bfb03c5c05078e,sheet1:R9,
cff4474079693ae4-sheet1-R10,2026-06-04,gwangju-buk,양산동,김종구닭칼국수육보쌈,제9회 지방선거 참여직원 노고 격려,189000,cff4474079693ae42eea912172ab8f569030f74998cd53f6b3bfb03c5c05078e,sheet1:R10,
cff4474079693ae4-sheet1-R11,2026-06-09,gwangju-buk,양산동,다복식당(양산점),지역사회보장협의체 위원 노고 격려,60000,cff4474079693ae42eea912172ab8f569030f74998cd53f6b3bfb03c5c05078e,sheet1:R11,
cff4474079693ae4-sheet1-R12,2026-06-19,gwangju-buk,양산동,한우능이곰탕,긴급복지관련 업무추진 직원 격려 오찬,60000,cff4474079693ae42eea912172ab8f569030f74998cd53f6b3bfb03c5c05078e,sheet1:R12,
cff4474079693ae4-sheet1-R13,2026-06-23,gwangju-buk,양산동,두마리찜닭두찜,민원업무 담당 직원 노고 격려,68500,cff4474079693ae42eea912172ab8f569030f74998cd53f6b3bfb03c5c05078e,sheet1:R13,
36efa291fe1dd88b-sheet1-R6,2026-04-02,gwangju-buk,기후환경과,억수르,공공기관 및 산업체 집단급식소 지도점검 관계자 간담회,150000,36efa291fe1dd88becbaefaf49e244a897a68f1717e4e0a92df3e56bbd2ba0db,sheet1:R6,
36efa291fe1dd88b-sheet1-R7,2026-04-30,gwangju-buk,기후환경과,"스테이, 다이브인",5.18민주화운동 기념행사 대비 녹지정비 관계자 간담회,114900,36efa291fe1dd88becbaefaf49e244a897a68f1717e4e0a92df3e56bbd2ba0db,sheet1:R7,
36efa291fe1dd88b-sheet1-R8,2026-05-06,gwangju-buk,기후환경과,"스테이, 다이브인",공중화장실 불법촬영 민관경 합동점검 관계자 간담회,106500,36efa291fe1dd88becbaefaf49e244a897a68f1717e4e0a92df3e56bbd2ba0db,sheet1:R8,
36efa291fe1dd88b-sheet1-R9,2026-05-11,gwangju-buk,기후환경과,"스테이, 할리스",어린이집 식중독 예방점검 관계자 간담회,108800,36efa291fe1dd88becbaefaf49e244a897a68f1717e4e0a92df3e56bbd2ba0db,sheet1:R9,
36efa291fe1dd88b-sheet1-R10,2026-05-15,gwangju-buk,기후환경과,비바프레소,북구탄소중립지원센터 탄소중립 교육 추진 관계자 간담회,18700,36efa291fe1dd88becbaefaf49e244a897a68f1717e4e0a92df3e56bbd2ba0db,sheet1:R10,
36efa291fe1dd88b-sheet1-R11,2026-05-22,gwangju-buk,기후환경과,"스테이, 다이브인",관내 분뇨수집운반 추진 관계자 간담회,119100,36efa291fe1dd88becbaefaf49e244a897a68f1717e4e0a92df3e56bbd2ba0db,sheet1:R11,
36efa291fe1dd88b-sheet1-R12,2026-05-26,gwangju-buk,기후환경과,청죽골한우,미를 찾아가는 나눔봉사 추진 관계자 간담회,140000,36efa291fe1dd88becbaefaf49e244a897a68f1717e4e0a92df3e56bbd2ba0db,sheet1:R12,
36efa291fe1dd88b-sheet1-R13,2026-06-11,gwangju-buk,기후환경과,억수르,폐기물 분야 민관 합동점검 추진 관계자 간담회,194000,36efa291fe1dd88becbaefaf49e244a897a68f1717e4e0a92df3e56bbd2ba0db,sheet1:R13,
36efa291fe1dd88b-sheet1-R14,2026-06-22,gwangju-buk,기후환경과,이디야커피,환경오염물질 배출사업장 민관 합동점검 관계자 간담회,38500,36efa291fe1dd88becbaefaf49e244a897a68f1717e4e0a92df3e56bbd2ba0db,sheet1:R14,
36efa291fe1dd88b-sheet1-R15,2026-06-25,gwangju-buk,기후환경과,상무초밥,어린이기호식품 조리·판매업소 지도·점검 관계자 간담회,182000,36efa291fe1dd88becbaefaf49e244a897a68f1717e4e0a92df3e56bbd2ba0db,sheet1:R15,
36efa291fe1dd88b-sheet2-R5,2026-04-07,gwangju-buk,기후환경과,"샤브향, 대설",불법투기 취약지 점검업무 추진 직원 격려 기관운영업무 추진비 집행,85500,36efa291fe1dd88becbaefaf49e244a897a68f1717e4e0a92df3e56bbd2ba0db,sheet2:R5,
36efa291fe1dd88b-sheet2-R6,2026-04-16,gwangju-buk,기후환경과,"스테이, 다이브인",환경생태국 서무업무 담당 직원 격려 기관운영업무추진비 집행,129500,36efa291fe1dd88becbaefaf49e244a897a68f1717e4e0a92df3e56bbd2ba0db,sheet2:R6,
36efa291fe1dd88b-sheet2-R7,2026-05-14,gwangju-buk,기후환경과,"예향정, 디저트39",환경생태국 공원관리 업무 등 추진 직원 격려 기관운영업무추진비 집행,107000,36efa291fe1dd88becbaefaf49e244a897a68f1717e4e0a92df3e56bbd2ba0db,sheet2:R7,
36efa291fe1dd88b-sheet2-R8,2026-05-28,gwangju-buk,기후환경과,"샤브향(용봉점), 공차전남대점",환경생태국 산림업무 담당 직원 등 격려 기관운영업무추진비 집행,99000,36efa291fe1dd88becbaefaf49e244a897a68f1717e4e0a92df3e56bbd2ba0db,sheet2:R8,
36efa291fe1dd88b-sheet2-R9,2026-05-29,gwangju-buk,기후환경과,스위티움,환경생태국 국서무업무 추진 직원 격려 기관운영업무추진비 집행,37800,36efa291fe1dd88becbaefaf49e244a897a68f1717e4e0a92df3e56bbd2ba0db,sheet2:R9,
36efa291fe1dd88b-sheet2-R10,2026-06-05,gwangju-buk,기후환경과,"지글보글, 텐퍼센트커피","사업장폐기물 배출업소 지도,점검 담당 직원 격려 기관운영업무추진비 집행",58000,36efa291fe1dd88becbaefaf49e244a897a68f1717e4e0a92df3e56bbd2ba0db,sheet2:R10,
36efa291fe1dd88b-sheet2-R11,2026-06-11,gwangju-buk,기후환경과,"노릇노릇식당, 할리스","유통 가공 식품 수거,검사 담당 직원 격려 기관운영업무추진비 집행",127400,36efa291fe1dd88becbaefaf49e244a897a68f1717e4e0a92df3e56bbd2ba0db,sheet2:R11,
36efa291fe1dd88b-sheet2-R12,2026-06-18,gwangju-buk,기후환경과,"만선, 더리터",기후변화위기대응 업무 담당 직원 격려 기관운영업무추진비 집행,73000,36efa291fe1dd88becbaefaf49e244a897a68f1717e4e0a92df3e56bbd2ba0db,sheet2:R12,
36efa291fe1dd88b-sheet2-R13,2026-06-25,gwangju-buk,기후환경과,"샤브향, 공차",환경개선부담금 관련 업무 추진 직원 격려 기관운영업무추진비 집행,59700,36efa291fe1dd88becbaefaf49e244a897a68f1717e4e0a92df3e56bbd2ba0db,sheet2:R13,
821434801bd827f5-sheet1-R5,2026-04-07,gwangju-buk,우산동,마중물추어탕문흥점,"동장단 현안업무 및 동향, 주민자치사업 추진사례 공유",60000,821434801bd827f55533d3efe902595ed79625f043bcc0920497d15f904ea3b9,sheet1:R5,
821434801bd827f5-sheet1-R6,2026-04-13,gwangju-buk,우산동,해남회포차,새마을단체 임원진 활동 격려 및 협업사항 논의,99000,821434801bd827f55533d3efe902595ed79625f043bcc0920497d15f904ea3b9,sheet1:R6,
821434801bd827f5-sheet1-R7,2026-04-14,gwangju-buk,우산동,금란정,"말바우상인회 임원진 활동 격려, 소상공인 지원정책 홍보",95000,821434801bd827f55533d3efe902595ed79625f043bcc0920497d15f904ea3b9,sheet1:R7,
821434801bd827f5-sheet1-R8,2026-05-04,gwangju-buk,우산동,청자다방 말바우점,돌봄이웃 발굴 및 후원 연계 협조 요청 등 동정 홍보,11500,821434801bd827f55533d3efe902595ed79625f043bcc0920497d15f904ea3b9,sheet1:R8,
821434801bd827f5-sheet1-R9,2026-05-14,gwangju-buk,우산동,"서대나라, 이디야 광주말바우점",새마을부녀회 신임회장 환영 및 임원진 활동 격려,162300,821434801bd827f55533d3efe902595ed79625f043bcc0920497d15f904ea3b9,sheet1:R9,
821434801bd827f5-sheet1-R10,2026-05-18,gwangju-buk,우산동,해남회포차,"주민자치회 위원 활동 격려, 구 동정사항 홍보",65000,821434801bd827f55533d3efe902595ed79625f043bcc0920497d15f904ea3b9,sheet1:R10,
821434801bd827f5-sheet1-R11,2026-05-22,gwangju-buk,우산동,방울식당,지방선거 업무추진 노고 격려,40000,821434801bd827f55533d3efe902595ed79625f043bcc0920497d15f904ea3b9,sheet1:R11,
821434801bd827f5-sheet1-R12,2026-05-26,gwangju-buk,우산동,"롯데리아광주동강대점, 매머드익스프레스",고유가 피해지원금 접수 노고 격려,41300,821434801bd827f55533d3efe902595ed79625f043bcc0920497d15f904ea3b9,sheet1:R12,
821434801bd827f5-sheet1-R13,2026-05-28,gwangju-buk,우산동,해일서대나라,돌봄이웃 후원자 발굴 협조 및 구·동정사항 홍보,81000,821434801bd827f55533d3efe902595ed79625f043bcc0920497d15f904ea3b9,sheet1:R13,
821434801bd827f5-sheet1-R14,2026-06-01,gwangju-buk,우산동,해남회포차,돌봄이웃 후원자 발굴 협조 및 구·동정사항 홍보,72000,821434801bd827f55533d3efe902595ed79625f043bcc0920497d15f904ea3b9,sheet1:R14,
821434801bd827f5-sheet1-R15,2026-06-02,gwangju-buk,우산동,광주북구일터지역자활센터,경로당 운영 애로사항 청취 및 구 동정 홍보,12500,821434801bd827f55533d3efe902595ed79625f043bcc0920497d15f904ea3b9,sheet1:R15,
821434801bd827f5-sheet1-R16,2026-06-05,gwangju-buk,우산동,올능이능이버섯백숙,주거복지 시책 및 현안사항 공유 및 논의,48000,821434801bd827f55533d3efe902595ed79625f043bcc0920497d15f904ea3b9,sheet1:R16,
bff5ae9727e46484-sheet1-R3,2026-04-02,gwangju-buk,체육관광과,여수세꼬시,두암체육공원 운영관계자 오찬 간담회,250000,bff5ae9727e46484b1db236b62f53f66401943657ad7ef4968304aa19ec691ab,sheet1:R3,
bff5ae9727e46484-sheet1-R4,2026-04-08,gwangju-buk,체육관광과,사해일가,북구 생활체육 활성화 방안 수립을 위한 관계자 오찬 간담회,298000,bff5ae9727e46484b1db236b62f53f66401943657ad7ef4968304aa19ec691ab,sheet1:R4,
bff5ae9727e46484-sheet1-R5,2026-04-15,gwangju-buk,체육관광과,속풀리는진대구탕일곡,파크골프장 효율적 운영 방안 모색을 위한 관계자 회의,134000,bff5ae9727e46484b1db236b62f53f66401943657ad7ef4968304aa19ec691ab,sheet1:R5,
bff5ae9727e46484-sheet1-R6,2026-04-21,gwangju-buk,체육관광과,한정식고담,2026년 생활체육대회 추진 관계자 오찬 간담회,300000,bff5ae9727e46484b1db236b62f53f66401943657ad7ef4968304aa19ec691ab,sheet1:R6,
bff5ae9727e46484-sheet1-R7,2026-05-04,gwangju-buk,체육관광과,㈜황솔촌운암점,운암복합문화체육센터 운영 관련 관계자 등 오찬 간담회,66000,bff5ae9727e46484b1db236b62f53f66401943657ad7ef4968304aa19ec691ab,sheet1:R7,
bff5ae9727e46484-sheet1-R8,2026-05-20,gwangju-buk,체육관광과,스위티움㈜,호우피해 체육시설 복구 현황 점검을 위한 관계자 등 오찬 간담회,183400,bff5ae9727e46484b1db236b62f53f66401943657ad7ef4968304aa19ec691ab,sheet1:R8,
bff5ae9727e46484-sheet1-R9,2026-05-29,gwangju-buk,체육관광과,국일현방,첨단론볼장 등 장애인체육시설 운영 관계자 만찬 간담회,200000,bff5ae9727e46484b1db236b62f53f66401943657ad7ef4968304aa19ec691ab,sheet1:R9,
bff5ae9727e46484-sheet1-R10,2026-06-05,gwangju-buk,체육관광과,한국관,직장운동경기부 선수단 격려 및 사기진작을 위한 오찬 간담회,210000,bff5ae9727e46484b1db236b62f53f66401943657ad7ef4968304aa19ec691ab,sheet1:R10,
bff5ae9727e46484-sheet1-R11,2026-06-09,gwangju-buk,체육관광과,다도바다,영산강변 내 체육시설 불법시설물 정비 관계자 오찬 간담회,120000,bff5ae9727e46484b1db236b62f53f66401943657ad7ef4968304aa19ec691ab,sheet1:R11,
bff5ae9727e46484-sheet1-R12,2026-06-22,gwangju-buk,체육관광과,바다로,북구체육회 운영 관계자 만찬 간담회,450000,bff5ae9727e46484b1db236b62f53f66401943657ad7ef4968304aa19ec691ab,sheet1:R12,
bff5ae9727e46484-sheet1-R13,2026-06-24,gwangju-buk,체육관광과,경민회관,북구 생활체육 종목단체 활성화를 위한 관계자 오찬 간담회,363000,bff5ae9727e46484b1db236b62f53f66401943657ad7ef4968304aa19ec691ab,sheet1:R13,
bff5ae9727e46484-sheet1-R14,2026-06-26,gwangju-buk,체육관광과,다다,태봉생활체육관 운영 현황 점검을 위한 관계자 오찬 간담회,72000,bff5ae9727e46484b1db236b62f53f66401943657ad7ef4968304aa19ec691ab,sheet1:R14,
bff5ae9727e46484-sheet1-R15,2026-06-26,gwangju-buk,체육관광과,다이브인,태봉생활체육관 운영 현황 점검을 위한 관계자 오찬 간담회,20500,bff5ae9727e46484b1db236b62f53f66401943657ad7ef4968304aa19ec691ab,sheet1:R15,
594c1e0148f8f67f-sheet1-R3,2026-05-21,gwangju-buk,건강증진과,"두암예찬(삼정로 3번길 43, 두암동)",특수학교 구강보건실 운영 업무 추진을 위한 간담회 비용 집행,94000,594c1e0148f8f67f49a2471e98f4f3aaeac7f5a6afb7385ed8d10c84db7af8f7,sheet1:R3,
049087859512a4a3-sheet1-R3,2026-01-02,gwangju-buk,삼각동,카페소소,삼각동 동대본부 운영 노고 격려 다과비 집행,6000,049087859512a4a348e7bc291be0b521e327a4759240a84520186913f1199b80,sheet1:R3,
049087859512a4a3-sheet1-R4,2026-01-06,gwangju-buk,삼각동,다정한미가,맞춤형 복지 업무 추진 직원 격려 오찬,45000,049087859512a4a348e7bc291be0b521e327a4759240a84520186913f1199b80,sheet1:R4,
049087859512a4a3-sheet1-R5,2026-01-08,gwangju-buk,삼각동,김연수해물나라,삼각동 경로당 연합회 어르신 격려 오찬비 집행,138000,049087859512a4a348e7bc291be0b521e327a4759240a84520186913f1199b80,sheet1:R5,
049087859512a4a3-sheet1-R6,2026-01-09,gwangju-buk,삼각동,화꾸소외 1,원삼각마을 경로당 관계자 격려 오찬비 집행,62500,049087859512a4a348e7bc291be0b521e327a4759240a84520186913f1199b80,sheet1:R6,
049087859512a4a3-sheet1-R7,2026-01-12,gwangju-buk,삼각동,월계수식당 전남대점,삼각동 자율방재단 임원진 노고 격려 오찬비 집행,83500,049087859512a4a348e7bc291be0b521e327a4759240a84520186913f1199b80,sheet1:R7,
049087859512a4a3-sheet1-R8,2026-01-13,gwangju-buk,삼각동,동림골식육식당,복지 업무 추진 직원 격려 오찬비 집행,30000,049087859512a4a348e7bc291be0b521e327a4759240a84520186913f1199b80,sheet1:R8,
049087859512a4a3-sheet1-R9,2026-01-14,gwangju-buk,삼각동,대박추어탕외 1,관내 취약지 정비활동 격려 오찬비 집행,50100,049087859512a4a348e7bc291be0b521e327a4759240a84520186913f1199b80,sheet1:R9,
049087859512a4a3-sheet1-R10,2026-01-15,gwangju-buk,삼각동,파스쿠찌전대점,민원업무 처리 직원 격려 다과비 집행,26500,049087859512a4a348e7bc291be0b521e327a4759240a84520186913f1199b80,sheet1:R10,
049087859512a4a3-sheet1-R11,2026-01-19,gwangju-buk,삼각동,일곡신코다리,원삼각마을 경로당 운영진 격려 오찬비 집행,47000,049087859512a4a348e7bc291be0b521e327a4759240a84520186913f1199b80,sheet1:R11,
049087859512a4a3-sheet1-R12,2026-01-19,gwangju-buk,삼각동,김연수해물나라,지역사회보장협의체 정례회의 참여자 만찬,171400,049087859512a4a348e7bc291be0b521e327a4759240a84520186913f1199b80,sheet1:R12,
049087859512a4a3-sheet1-R13,2026-01-20,gwangju-buk,삼각동,필링돈까스외 1,인사이동에 따른 전입자 환영 오찬,45900,049087859512a4a348e7bc291be0b521e327a4759240a84520186913f1199b80,sheet1:R13,
049087859512a4a3-sheet1-R14,2026-01-22,gwangju-buk,삼각동,다정한미가외 1,현안업무 추진 직원 격려 오찬비 집행,44800,049087859512a4a348e7bc291be0b521e327a4759240a84520186913f1199b80,sheet1:R14,
049087859512a4a3-sheet1-R15,2026-01-26,gwangju-buk,삼각동,다정한미가,민원 업무 추진 직원 격려 오찬비 집행,45000,049087859512a4a348e7bc291be0b521e327a4759240a84520186913f1199b80,sheet1:R15,
049087859512a4a3-sheet1-R16,2026-01-27,gwangju-buk,삼각동,김연수해물나라,동정 업무 협의를 위한 원삼각마을 행사 관계자 오찬비 집행,49500,049087859512a4a348e7bc291be0b521e327a4759240a84520186913f1199b80,sheet1:R16,
049087859512a4a3-sheet1-R17,2026-01-30,gwangju-buk,삼각동,컴포즈 삼각점,현안업무 추진 직원 격려 간식비 집행,16100,049087859512a4a348e7bc291be0b521e327a4759240a84520186913f1199b80,sheet1:R17,
049087859512a4a3-sheet1-R18,2026-02-06,gwangju-buk,삼각동,김연수해물나라,소속직원 당면업무 추진 격려를 위한 오찬 집행,40000,049087859512a4a348e7bc291be0b521e327a4759240a84520186913f1199b80,sheet1:R18,
049087859512a4a3-sheet1-R19,2026-02-10,gwangju-buk,삼각동,꾸소곱창,지역사회보장협의체 명절맞이 위문품 전달 행사 추진 격려 만찬,86000,049087859512a4a348e7bc291be0b521e327a4759240a84520186913f1199b80,sheet1:R19,
049087859512a4a3-sheet1-R20,2026-02-10,gwangju-buk,삼각동,다정한미가,복지행정 업무 추진 직원 격려 식사,54000,049087859512a4a348e7bc291be0b521e327a4759240a84520186913f1199b80,sheet1:R20,
049087859512a4a3-sheet1-R21,2026-02-12,gwangju-buk,삼각동,메가MGC커피광주일곡,당면업무 추진 직원 격려 간식비 집행,14600,049087859512a4a348e7bc291be0b521e327a4759240a84520186913f1199b80,sheet1:R21,
049087859512a4a3-sheet1-R22,2026-02-26,gwangju-buk,삼각동,화꾸소,삼각동 동대본부 운영 노고 격려 오찬,20000,049087859512a4a348e7bc291be0b521e327a4759240a84520186913f1199b80,sheet1:R22,
049087859512a4a3-sheet1-R23,2026-02-27,gwangju-buk,삼각동,다정한미가,정월대보름 행사 추진 관계자 격려 오찬,81000,049087859512a4a348e7bc291be0b521e327a4759240a84520186913f1199b80,sheet1:R23,
049087859512a4a3-sheet1-R24,2026-03-03,gwangju-buk,삼각동,일곡신코다리,당면업무 추진 직원 격려 오찬,20000,049087859512a4a348e7bc291be0b521e327a4759240a84520186913f1199b80,sheet1:R24,
049087859512a4a3-sheet1-R25,2026-03-04,gwangju-buk,삼각동,오치애진곰탕외 1,정월대보름 행사 관계자 노고 격려 오찬,51600,049087859512a4a348e7bc291be0b521e327a4759240a84520186913f1199b80,sheet1:R25,
049087859512a4a3-sheet1-R26,2026-03-05,gwangju-buk,삼각동,화꾸소,삼각동 대보름행사 참여자 노고 격려 오찬비 집행,30000,049087859512a4a348e7bc291be0b521e327a4759240a84520186913f1199b80,sheet1:R26,
049087859512a4a3-sheet1-R27,2026-03-19,gwangju-buk,삼각동,컴포즈 삼각점,현안업무 추진 직원 격려 간식비 집행,9000,049087859512a4a348e7bc291be0b521e327a4759240a84520186913f1199b80,sheet1:R27,
049087859512a4a3-sheet1-R28,2026-03-23,gwangju-buk,삼각동,메가MGC커피광주일곡,당면업무 추진 직원 격려 간식비 집행,14900,049087859512a4a348e7bc291be0b521e327a4759240a84520186913f1199b80,sheet1:R28,
049087859512a4a3-sheet1-R29,2026-03-27,gwangju-buk,삼각동,화꾸소,원삼각마을 경로당 임원진 격려 오찬비 집행,66000,049087859512a4a348e7bc291be0b521e327a4759240a84520186913f1199b80,sheet1:R29,
1ed94a30135d9b73-sheet1-R3,2026-04-02,gwangju-buk,여성보육과,"지글보글(무등로218번길 60, 신안동)",여성친화도시조성 업무 추진을 위한 간담회 비용 집행,109000,1ed94a30135d9b73ce77ab63d1ddf9f3562dc8fc7a92f8c834258fa793fd5323,sheet1:R3,
1ed94a30135d9b73-sheet1-R4,2026-04-02,gwangju-buk,여성보육과,"2964호점(무등로 202번길 42, 신안동)",여성친화도시조성 업무 추진을 위한 다과비 비용 집행,15300,1ed94a30135d9b73ce77ab63d1ddf9f3562dc8fc7a92f8c834258fa793fd5323,sheet1:R4,
056f90d59d5bcbb7-sheet1-R3,2026-01-07,gwangju-buk,안전총괄과,돼지집,태양광 발전설비 설치사업 추진관계자 간담,425000,056f90d59d5bcbb7a5caf2a95e3cfe15db0f744c7fd0915d4fae9eae106697d9,sheet1:R3,
056f90d59d5bcbb7-sheet1-R4,2026-01-13,gwangju-buk,안전총괄과,다온,시도 통합 추진 관계자 간담,484000,056f90d59d5bcbb7a5caf2a95e3cfe15db0f744c7fd0915d4fae9eae106697d9,sheet1:R4,
056f90d59d5bcbb7-sheet1-R5,2026-01-22,gwangju-buk,안전총괄과,광양재첩,도로시설물 정비 추진관계자 간담,485000,056f90d59d5bcbb7a5caf2a95e3cfe15db0f744c7fd0915d4fae9eae106697d9,sheet1:R5,
056f90d59d5bcbb7-sheet1-R6,2026-01-23,gwangju-buk,안전총괄과,아킴보㈜라마다플라자,재난 대비 상시훈련 추진관계자 간담,425000,056f90d59d5bcbb7a5caf2a95e3cfe15db0f744c7fd0915d4fae9eae106697d9,sheet1:R6,
056f90d59d5bcbb7-sheet1-R7,2026-01-28,gwangju-buk,안전총괄과,상무생복집,양산동 등 하수암거 보수 추진관계자 간담,418000,056f90d59d5bcbb7a5caf2a95e3cfe15db0f744c7fd0915d4fae9eae106697d9,sheet1:R7,
056f90d59d5bcbb7-sheet1-R8,2026-02-02,gwangju-buk,안전총괄과,50년전통국밥,첨단지구 자연재해위험개선지구 정비사업 추진관계자 간담,465000,056f90d59d5bcbb7a5caf2a95e3cfe15db0f744c7fd0915d4fae9eae106697d9,sheet1:R8,
056f90d59d5bcbb7-sheet1-R9,2026-02-05,gwangju-buk,안전총괄과,백년한우,재난관리평가 추진관계자 간담,432000,056f90d59d5bcbb7a5caf2a95e3cfe15db0f744c7fd0915d4fae9eae106697d9,sheet1:R9,
056f90d59d5bcbb7-sheet1-R10,2026-02-11,gwangju-buk,안전총괄과,무안갯뻘낙지,무등로 일원 도로 재해복구공사 추진관계자 간담,419000,056f90d59d5bcbb7a5caf2a95e3cfe15db0f744c7fd0915d4fae9eae106697d9,sheet1:R10,
056f90d59d5bcbb7-sheet1-R11,2026-02-24,gwangju-buk,안전총괄과,가매,"청풍동, 금곡동 일원 도로정비공사 추진관계자 간담",475000,056f90d59d5bcbb7a5caf2a95e3cfe15db0f744c7fd0915d4fae9eae106697d9,sheet1:R11,
056f90d59d5bcbb7-sheet1-R12,2026-02-26,gwangju-buk,안전총괄과,넝쿨채,발산교 내진 보수보강공사 추진관계자 간담,465000,056f90d59d5bcbb7a5caf2a95e3cfe15db0f744c7fd0915d4fae9eae106697d9,sheet1:R12,
056f90d59d5bcbb7-sheet1-R13,2026-03-04,gwangju-buk,안전총괄과,이부장뒷고기,해빙기 대비 급경사지 합동점검 추진관계자 간담,407000,056f90d59d5bcbb7a5caf2a95e3cfe15db0f744c7fd0915d4fae9eae106697d9,sheet1:R13,
056f90d59d5bcbb7-sheet1-R14,2026-03-10,gwangju-buk,안전총괄과,유한회사 다온가에프,재해예방 안전보건점검 추진관계자 간담,455000,056f90d59d5bcbb7a5caf2a95e3cfe15db0f744c7fd0915d4fae9eae106697d9,sheet1:R14,
056f90d59d5bcbb7-sheet1-R15,2026-03-13,gwangju-buk,안전총괄과,또래오래전대점,효령세천 재해복구사업 추진관계자 간담,468000,056f90d59d5bcbb7a5caf2a95e3cfe15db0f744c7fd0915d4fae9eae106697d9,sheet1:R15,
056f90d59d5bcbb7-sheet1-R16,2026-03-16,gwangju-buk,안전총괄과,동경화로 라운지 봉선,도로시설물 스마트 통합 원격시스템 구축사업 추진관계자 간담,445000,056f90d59d5bcbb7a5caf2a95e3cfe15db0f744c7fd0915d4fae9eae106697d9,sheet1:R16,
056f90d59d5bcbb7-sheet1-R17,2026-03-18,gwangju-buk,안전총괄과,돼지집,초등학교 등굣길 교통안전지킴이 모니터링 추진관계자 간담,419000,056f90d59d5bcbb7a5caf2a95e3cfe15db0f744c7fd0915d4fae9eae106697d9,sheet1:R17,
056f90d59d5bcbb7-sheet1-R18,2026-03-23,gwangju-buk,안전총괄과,다현,두암주공3단지 주변 보도정비공사 추진관계자 간담,438000,056f90d59d5bcbb7a5caf2a95e3cfe15db0f744c7fd0915d4fae9eae106697d9,sheet1:R18,
056f90d59d5bcbb7-sheet1-R19,2026-03-27,gwangju-buk,안전총괄과,청죽골한우,첨단2지구 유수지 재해복구사업 추진관계자 간담,435000,056f90d59d5bcbb7a5caf2a95e3cfe15db0f744c7fd0915d4fae9eae106697d9,sheet1:R19,
056f90d59d5bcbb7-sheet1-R20,2026-03-30,gwangju-buk,안전총괄과,백년한우,운정동 일원 도로포장 공사 추진관계자 간담,375000,056f90d59d5bcbb7a5caf2a95e3cfe15db0f744c7fd0915d4fae9eae106697d9,sheet1:R20,
056f90d59d5bcbb7-sheet1-R24,2026-01-05,gwangju-buk,안전총괄과,계절수산,2026년도 북구 안전관리계획 수립 추진관계자 간담,198000,056f90d59d5bcbb7a5caf2a95e3cfe15db0f744c7fd0915d4fae9eae106697d9,sheet1:R24,
056f90d59d5bcbb7-sheet1-R25,2026-01-07,gwangju-buk,안전총괄과,해수니보쌈,일곡동(소해로) 보행로 조성공사 추진관계자 간담,152500,056f90d59d5bcbb7a5caf2a95e3cfe15db0f744c7fd0915d4fae9eae106697d9,sheet1:R25,
056f90d59d5bcbb7-sheet1-R26,2026-01-20,gwangju-buk,안전총괄과,바람남꿀돼지광주용봉,중대산업재해예방 교육추진 관계자 간담,191000,056f90d59d5bcbb7a5caf2a95e3cfe15db0f744c7fd0915d4fae9eae106697d9,sheet1:R26,
056f90d59d5bcbb7-sheet1-R27,2026-02-02,gwangju-buk,안전총괄과,로니로티앤이태리반점,겨울철 재난대책 추진관계자 간담,150100,056f90d59d5bcbb7a5caf2a95e3cfe15db0f744c7fd0915d4fae9eae106697d9,sheet1:R27,
056f90d59d5bcbb7-sheet1-R28,2026-02-03,gwangju-buk,안전총괄과,진막창과오돌뼈,교통안전 시행계획 추진관계자 간담,158000,056f90d59d5bcbb7a5caf2a95e3cfe15db0f744c7fd0915d4fae9eae106697d9,sheet1:R28,
056f90d59d5bcbb7-sheet1-R29,2026-03-05,gwangju-buk,안전총괄과,용전식육식당,재해예방 안전보건점검 추진관계자 간담,158000,056f90d59d5bcbb7a5caf2a95e3cfe15db0f744c7fd0915d4fae9eae106697d9,sheet1:R29,
056f90d59d5bcbb7-sheet1-R30,2026-03-18,gwangju-buk,안전총괄과,주식회사 성경루리,양산동 양산제 주변 하수도 정비 추진관계자 간담,175000,056f90d59d5bcbb7a5caf2a95e3cfe15db0f744c7fd0915d4fae9eae106697d9,sheet1:R30,
056f90d59d5bcbb7-sheet2-R3,2026-01-19,gwangju-buk,안전총괄과,해수니보쌈,도로정비 및 불법주정차 단속 업무추진 직원 격려 간담,93500,056f90d59d5bcbb7a5caf2a95e3cfe15db0f744c7fd0915d4fae9eae106697d9,sheet2:R3,
056f90d59d5bcbb7-sheet2-R4,2026-01-22,gwangju-buk,안전총괄과,낙지한마당,노점상 및 적치물 민원처리 직원 격려 간담,45000,056f90d59d5bcbb7a5caf2a95e3cfe15db0f744c7fd0915d4fae9eae106697d9,sheet2:R4,
056f90d59d5bcbb7-sheet2-R5,2026-01-23,gwangju-buk,안전총괄과,놀부보쌈(북구점),집중안전점검 업무추진 직원 격려 간담,34500,056f90d59d5bcbb7a5caf2a95e3cfe15db0f744c7fd0915d4fae9eae106697d9,sheet2:R5,
056f90d59d5bcbb7-sheet2-R6,2026-01-26,gwangju-buk,안전총괄과,하나비,부속실 근무직원 격려 간담,22300,056f90d59d5bcbb7a5caf2a95e3cfe15db0f744c7fd0915d4fae9eae106697d9,sheet2:R6,
056f90d59d5bcbb7-sheet2-R7,2026-01-27,gwangju-buk,안전총괄과,카페오늘,시도통합 공청회 참석직원 격려 간담,36500,056f90d59d5bcbb7a5caf2a95e3cfe15db0f744c7fd0915d4fae9eae106697d9,sheet2:R7,
056f90d59d5bcbb7-sheet2-R8,2026-01-27,gwangju-buk,안전총괄과,문산곰탕,민방위 계획 수립 격려 간담,119000,056f90d59d5bcbb7a5caf2a95e3cfe15db0f744c7fd0915d4fae9eae106697d9,sheet2:R8,
056f90d59d5bcbb7-sheet2-R9,2026-01-29,gwangju-buk,안전총괄과,고기사랑식육식당,불법광고물 관리업무추진 직원 격려 간담,167000,056f90d59d5bcbb7a5caf2a95e3cfe15db0f744c7fd0915d4fae9eae106697d9,sheet2:R9,
056f90d59d5bcbb7-sheet2-R10,2026-02-10,gwangju-buk,안전총괄과,우정옥,불법주정차 단속 업무추진 직원 격려 간담,52000,056f90d59d5bcbb7a5caf2a95e3cfe15db0f744c7fd0915d4fae9eae106697d9,sheet2:R10,
056f90d59d5bcbb7-sheet2-R11,2026-02-10,gwangju-buk,안전총괄과,온누리마트,안전교통국 직원 격려 간식 구입(상생장터),175000,056f90d59d5bcbb7a5caf2a95e3cfe15db0f744c7fd0915d4fae9eae106697d9,sheet2:R11,
056f90d59d5bcbb7-sheet2-R12,2026-02-20,gwangju-buk,안전총괄과,장터마트,국장실 소모품(내방객 음료 등) 구입,490000,056f90d59d5bcbb7a5caf2a95e3cfe15db0f744c7fd0915d4fae9eae106697d9,sheet2:R12,
056f90d59d5bcbb7-sheet2-R13,2026-03-04,gwangju-buk,안전총괄과,오우가,노점상 및 적치물 민원처리 직원 격려 간담,80000,056f90d59d5bcbb7a5caf2a95e3cfe15db0f744c7fd0915d4fae9eae106697d9,sheet2:R13,
056f90d59d5bcbb7-sheet2-R14,2026-03-12,gwangju-buk,안전총괄과,달빛에구운고등어일곡,도로정비 업무추진 직원 격려 간담,72000,056f90d59d5bcbb7a5caf2a95e3cfe15db0f744c7fd0915d4fae9eae106697d9,sheet2:R14,
056f90d59d5bcbb7-sheet3-R3,2026-01-26,gwangju-buk,안전총괄과,해수니보쌈,안전모니터봉사단 운영 추진관계자 간담,82000,056f90d59d5bcbb7a5caf2a95e3cfe15db0f744c7fd0915d4fae9eae106697d9,sheet3:R3,
056f90d59d5bcbb7-sheet3-R4,2026-02-24,gwangju-buk,안전총괄과,샤브마니아광주매곡점,중대산업재해예방 업무추진관계자 간담,60000,056f90d59d5bcbb7a5caf2a95e3cfe15db0f744c7fd0915d4fae9eae106697d9,sheet3:R4,
8a24c4eb37dc7978-sheet1-R4,2026-01-19,gwangju-buk,행정지원과,샤브향(용봉점),당직 및 비상근무 규칙 개정 추진 직원 오찬 간담,80000,8a24c4eb37dc797894ee495e9887c4319f7a6d44904cf3baa0de22f2291eb5e7,sheet1:R4,
8a24c4eb37dc7978-sheet1-R5,2026-01-20,gwangju-buk,행정지원과,김영희강남동태찜,구내식당 식자재 납품업체 현장실사 업무추진 직원 오찬 간담,94000,8a24c4eb37dc797894ee495e9887c4319f7a6d44904cf3baa0de22f2291eb5e7,sheet1:R5,
8a24c4eb37dc7978-sheet1-R6,2026-01-30,gwangju-buk,행정지원과,로니로티앤이태리반점,광주북구청어린이집 운영 추진 직원 오찬 간담,82600,8a24c4eb37dc797894ee495e9887c4319f7a6d44904cf3baa0de22f2291eb5e7,sheet1:R6,
8a24c4eb37dc7978-sheet1-R7,2026-02-03,gwangju-buk,행정지원과,올능이능이버섯백숙,광주전남 통합관련 권역별 주민 설명회 추진 관계자 만찬 간담,316000,8a24c4eb37dc797894ee495e9887c4319f7a6d44904cf3baa0de22f2291eb5e7,sheet1:R7,
8a24c4eb37dc7978-sheet1-R8,2026-03-06,gwangju-buk,행정지원과,호박반점,전국동시지방선거 직원 업무경감 관련 오찬 간담회,102000,8a24c4eb37dc797894ee495e9887c4319f7a6d44904cf3baa0de22f2291eb5e7,sheet1:R8,
8a24c4eb37dc7978-sheet1-R9,2026-03-11,gwangju-buk,행정지원과,설빙(전남대점),직원 심리지원 프로그램 추진 직원 차담회,42400,8a24c4eb37dc797894ee495e9887c4319f7a6d44904cf3baa0de22f2291eb5e7,sheet1:R9,
8a24c4eb37dc7978-sheet1-R10,2026-03-23,gwangju-buk,행정지원과,압록매운탕,직원 재충전 프로그램 추진 관련 오찬 간담,68000,8a24c4eb37dc797894ee495e9887c4319f7a6d44904cf3baa0de22f2291eb5e7,sheet1:R10,
8a24c4eb37dc7978-sheet1-R11,2026-03-30,gwangju-buk,행정지원과,애돈(광주본점),육아시간 대직자 특별휴가 확대 운영 추진 관계자 만찬 간담,155000,8a24c4eb37dc797894ee495e9887c4319f7a6d44904cf3baa0de22f2291eb5e7,sheet1:R11,
35773b53e32af7b2-sheet1-R4,2026-01-02,gwangju-buk,행정지원과,가족사랑,자치행정국 새해맞이 사회복지관 배식봉사 참석자 등 격려 오찬,94000,35773b53e32af7b20df167ab6a64fc44e0f244dceb52b6832b94ec51782763dc,sheet1:R4,
35773b53e32af7b2-sheet1-R5,2026-01-23,gwangju-buk,행정지원과,유명,고향사랑기부제 답례품 생산업체 등 추진 관계자 만찬 간담,444000,35773b53e32af7b20df167ab6a64fc44e0f244dceb52b6832b94ec51782763dc,sheet1:R5,
35773b53e32af7b2-sheet1-R6,2026-02-06,gwangju-buk,행정지원과,태풍참치(일곡본점),공익활동단체 지원사업 공모 관련 만찬 간담,182000,35773b53e32af7b20df167ab6a64fc44e0f244dceb52b6832b94ec51782763dc,sheet1:R6,
35773b53e32af7b2-sheet1-R7,2026-02-26,gwangju-buk,행정지원과,빛고을명가,북구종합자원봉사센터 정기총회 개최 추진 직원 격려 오찬,77000,35773b53e32af7b20df167ab6a64fc44e0f244dceb52b6832b94ec51782763dc,sheet1:R7,
35773b53e32af7b2-sheet1-R8,2026-02-27,gwangju-buk,행정지원과,게누쓰,바르게살기운동 추진 직원 격려 오찬,65000,35773b53e32af7b20df167ab6a64fc44e0f244dceb52b6832b94ec51782763dc,sheet1:R8,
35773b53e32af7b2-sheet1-R9,2026-03-06,gwangju-buk,행정지원과,아토다이닝 상무,시니어 디지털 교육 추진 직원 격려 만찬,160000,35773b53e32af7b20df167ab6a64fc44e0f244dceb52b6832b94ec51782763dc,sheet1:R9,
35773b53e32af7b2-sheet1-R10,2026-03-09,gwangju-buk,행정지원과,예송,2026년 상반기 전 직원 개인정보 보호 교육 추진 직원 격려 오찬,48000,35773b53e32af7b20df167ab6a64fc44e0f244dceb52b6832b94ec51782763dc,sheet1:R10,
35773b53e32af7b2-sheet1-R11,2026-03-12,gwangju-buk,행정지원과,순한한우 축산물 종합,민주평통자문회의 광주북구협의회 현장견학 관련 만찬 간담회,341700,35773b53e32af7b20df167ab6a64fc44e0f244dceb52b6832b94ec51782763dc,sheet1:R11,
35773b53e32af7b2-sheet1-R12,2026-03-17,gwangju-buk,행정지원과,롤링파스타광주전남대,고향사랑기부제 활성화 사업 추진 직원 격려 오찬,76200,35773b53e32af7b20df167ab6a64fc44e0f244dceb52b6832b94ec51782763dc,sheet1:R12,
35773b53e32af7b2-sheet1-R13,2026-03-23,gwangju-buk,행정지원과,스위티움 (주),찾아가는 민원공무원 심리상담 프로그램 추진 직원 격려 오찬,60300,35773b53e32af7b20df167ab6a64fc44e0f244dceb52b6832b94ec51782763dc,sheet1:R13,
35773b53e32af7b2-sheet1-R14,2026-03-31,gwangju-buk,행정지원과,(사)어울림복지재단,광주사회조사 추진 직원 노고 격려 간식 구입,73700,35773b53e32af7b20df167ab6a64fc44e0f244dceb52b6832b94ec51782763dc,sheet1:R14,
35773b53e32af7b2-sheet2-R4,2026-01-05,gwangju-buk,행정지원과,해수니보쌈,신관청사 구내식당 주방 설비설치 등 현장점검 추진 관계자 오찬 간담,46000,35773b53e32af7b20df167ab6a64fc44e0f244dceb52b6832b94ec51782763dc,sheet2:R4,
35773b53e32af7b2-sheet2-R9,2026-01-23,gwangju-buk,행정지원과,예송,주민정보화교육 추진 관계자 오찬 간담,59000,35773b53e32af7b20df167ab6a64fc44e0f244dceb52b6832b94ec51782763dc,sheet2:R9,
35773b53e32af7b2-sheet2-R10,2026-01-29,gwangju-buk,행정지원과,디저트39(전남대점),특이민원 업무 추진 직원 차담,36600,35773b53e32af7b20df167ab6a64fc44e0f244dceb52b6832b94ec51782763dc,sheet2:R10,
35773b53e32af7b2-sheet2-R11,2026-03-20,gwangju-buk,행정지원과,자매,민원서비스 개선 주민의견 수렴 추진 관계자 만찬 간담회,150000,35773b53e32af7b20df167ab6a64fc44e0f244dceb52b6832b94ec51782763dc,sheet2:R11,
35773b53e32af7b2-sheet2-R12,2026-03-18,gwangju-buk,행정지원과,광양재첩,주민참여포인트제 운영 관계자 오찬 간담,70000,35773b53e32af7b20df167ab6a64fc44e0f244dceb52b6832b94ec51782763dc,sheet2:R12,
35773b53e32af7b2-sheet2-R17,2026-01-09,gwangju-buk,행정지원과,스테이,국가정보통신망 정기점검 업무추진 노고 격려 오찬,54000,35773b53e32af7b20df167ab6a64fc44e0f244dceb52b6832b94ec51782763dc,sheet2:R17,
35773b53e32af7b2-sheet2-R18,2026-01-22,gwangju-buk,행정지원과,유명,북구 아름다운 마을만들기 지원사업 추진 관계자 격려 만찬,371000,35773b53e32af7b20df167ab6a64fc44e0f244dceb52b6832b94ec51782763dc,sheet2:R18,
35773b53e32af7b2-sheet2-R19,2026-01-30,gwangju-buk,행정지원과,넝쿨채,상설교복 나눔장터 운영 관계자 만찬 간담,60000,35773b53e32af7b20df167ab6a64fc44e0f244dceb52b6832b94ec51782763dc,sheet2:R19,
35773b53e32af7b2-sheet2-R20,2026-02-09,gwangju-buk,행정지원과,서석들보리밥쌀밥,부서 재배치로 인한 이사 관련 주민자치과 직원 격려 오찬,153000,35773b53e32af7b20df167ab6a64fc44e0f244dceb52b6832b94ec51782763dc,sheet2:R20,
35773b53e32af7b2-sheet2-R21,2026-02-10,gwangju-buk,행정지원과,무등골,설 상생장터 추진 관계자 만찬 간담,375000,35773b53e32af7b20df167ab6a64fc44e0f244dceb52b6832b94ec51782763dc,sheet2:R21,
e49f2619d386ec57-sheet1-R4,2026-01-02,gwangju-buk,행정지원과,해일서대나라,새해맞이 노인복지시설 배식봉사 참여직원 등 노고 격려 오찬,78000,e49f2619d386ec57ceebefb3a973ecd7417ef75e91633d4584638480afbb0987,sheet1:R4,
e49f2619d386ec57-sheet1-R5,2026-01-06,gwangju-buk,행정지원과,스테이,구내식당 조리원 채용 등 업무추진 노고 격려 오찬,150000,e49f2619d386ec57ceebefb3a973ecd7417ef75e91633d4584638480afbb0987,sheet1:R5,
e49f2619d386ec57-sheet1-R6,2026-01-06,gwangju-buk,행정지원과,할리스 북구청점,취약계층 에너지 지원사업 관계부서 등 추진관계자 차담,70600,e49f2619d386ec57ceebefb3a973ecd7417ef75e91633d4584638480afbb0987,sheet1:R6,
e49f2619d386ec57-sheet1-R7,2026-01-09,gwangju-buk,행정지원과,초밥마을,2026년 온-오프 구정홍보 추진 관계부서 등 격려 오찬,250000,e49f2619d386ec57ceebefb3a973ecd7417ef75e91633d4584638480afbb0987,sheet1:R7,
e49f2619d386ec57-sheet1-R8,2026-01-20,gwangju-buk,행정지원과,개인(성명 비공개),2026. 1월중 소속직원 등 애경사 축.조의금 지급,350000,e49f2619d386ec57ceebefb3a973ecd7417ef75e91633d4584638480afbb0987,sheet1:R8,
e49f2619d386ec57-sheet1-R9,2026-01-27,gwangju-buk,행정지원과,레이호우,[소통한스푼] 선정팀 만찬 간담(삼각동 맞춤형복지팀),100000,e49f2619d386ec57ceebefb3a973ecd7417ef75e91633d4584638480afbb0987,sheet1:R9,
e49f2619d386ec57-sheet1-R10,2026-01-28,gwangju-buk,행정지원과,"유진농원, 텐퍼센트",[소통한스푼] 선정팀 오찬 및 차담(주민자치과 고향사랑기부팀 ),94900,e49f2619d386ec57ceebefb3a973ecd7417ef75e91633d4584638480afbb0987,sheet1:R10,
e49f2619d386ec57-sheet1-R11,2026-01-28,gwangju-buk,행정지원과,완도수산,북소리 발행 등 구정 홍보 업무추진 관계자 만찬,498300,e49f2619d386ec57ceebefb3a973ecd7417ef75e91633d4584638480afbb0987,sheet1:R11,
e49f2619d386ec57-sheet1-R12,2026-01-30,gwangju-buk,행정지원과,육사시미 샤브 청민,광주전남 행정통합 주민설명회 추진 직원 격려 만찬,166000,e49f2619d386ec57ceebefb3a973ecd7417ef75e91633d4584638480afbb0987,sheet1:R12,
e49f2619d386ec57-sheet1-R13,2026-02-02,gwangju-buk,행정지원과,개인(성명 비공개),2026. 1월중 소속직원 등 애경사 축.조의금 지급,250000,e49f2619d386ec57ceebefb3a973ecd7417ef75e91633d4584638480afbb0987,sheet1:R13,
e49f2619d386ec57-sheet1-R14,2026-02-09,gwangju-buk,행정지원과,개인(성명 비공개),2026. 2월중 소속직원 등 애경사 축.조의금 지급,150000,e49f2619d386ec57ceebefb3a973ecd7417ef75e91633d4584638480afbb0987,sheet1:R14,
e49f2619d386ec57-sheet1-R16,2026-02-13,gwangju-buk,행정지원과,우미일식,건설과 직원 격려 오찬,146000,e49f2619d386ec57ceebefb3a973ecd7417ef75e91633d4584638480afbb0987,sheet1:R16,
e49f2619d386ec57-sheet1-R17,2026-02-19,gwangju-buk,행정지원과,예향정전대점,안전총괄과 직원 격려 오찬,151000,e49f2619d386ec57ceebefb3a973ecd7417ef75e91633d4584638480afbb0987,sheet1:R17,
e49f2619d386ec57-sheet1-R18,2026-02-19,gwangju-buk,행정지원과,카페오디,오치복합커뮤니티센터 관계자 차담,26600,e49f2619d386ec57ceebefb3a973ecd7417ef75e91633d4584638480afbb0987,sheet1:R18,
e49f2619d386ec57-sheet1-R19,2026-02-20,gwangju-buk,행정지원과,또래오래전대점,민원여권과 직원 격려 오찬 및 차담,96000,e49f2619d386ec57ceebefb3a973ecd7417ef75e91633d4584638480afbb0987,sheet1:R19,
e49f2619d386ec57-sheet1-R20,2026-02-20,gwangju-buk,행정지원과,안전가옥커피,민원여권과 직원 격려 오찬 및 차담,25000,e49f2619d386ec57ceebefb3a973ecd7417ef75e91633d4584638480afbb0987,sheet1:R20,
e49f2619d386ec57-sheet1-R21,2026-02-23,gwangju-buk,행정지원과,파리바게뜨북구정점,2026년 설 명절 연휴 종합상황실 등 근무자 격려 간식비 집행,512090,e49f2619d386ec57ceebefb3a973ecd7417ef75e91633d4584638480afbb0987,sheet1:R21,
e49f2619d386ec57-sheet1-R22,2026-02-23,gwangju-buk,행정지원과,제주돈사촌,소상공인지원과 직원 격려 만찬,156000,e49f2619d386ec57ceebefb3a973ecd7417ef75e91633d4584638480afbb0987,sheet1:R22,
e49f2619d386ec57-sheet1-R23,2026-02-24,gwangju-buk,행정지원과,개인(성명 비공개),2026. 2월중 소속직원 등 애경사 축.조의금 지급,250000,e49f2619d386ec57ceebefb3a973ecd7417ef75e91633d4584638480afbb0987,sheet1:R23,
e49f2619d386ec57-sheet1-R24,2026-02-25,gwangju-buk,행정지원과,스테이,시장산업과 직원 격려 오찬,88000,e49f2619d386ec57ceebefb3a973ecd7417ef75e91633d4584638480afbb0987,sheet1:R24,
e49f2619d386ec57-sheet1-R25,2026-02-26,gwangju-buk,행정지원과,꽃마름 광주동림점,[소통한스푼] 선정팀 오찬 간담(운암2동 맞춤형복지팀),96500,e49f2619d386ec57ceebefb3a973ecd7417ef75e91633d4584638480afbb0987,sheet1:R25,
e49f2619d386ec57-sheet1-R26,2026-02-26,gwangju-buk,행정지원과,박실장회&참치,5급 승진리더과정 교육자 격려 만찬,420000,e49f2619d386ec57ceebefb3a973ecd7417ef75e91633d4584638480afbb0987,sheet1:R26,
e49f2619d386ec57-sheet1-R27,2026-02-27,gwangju-buk,행정지원과,샤브향(용봉점),건강주치의추진단 직원 격려 오찬,104300,e49f2619d386ec57ceebefb3a973ecd7417ef75e91633d4584638480afbb0987,sheet1:R27,
e49f2619d386ec57-sheet1-R28,2026-03-03,gwangju-buk,행정지원과,오우가,봄꽃 식재 추진 직원 격려 오찬 및 차담,100000,e49f2619d386ec57ceebefb3a973ecd7417ef75e91633d4584638480afbb0987,sheet1:R28,
e49f2619d386ec57-sheet1-R29,2026-03-03,gwangju-buk,행정지원과,브릭(brick),봄꽃 식재 추진 직원 격려 오찬 및 차담,23000,e49f2619d386ec57ceebefb3a973ecd7417ef75e91633d4584638480afbb0987,sheet1:R29,
e49f2619d386ec57-sheet1-R30,2026-03-03,gwangju-buk,행정지원과,태풍참치,사회적경제 육성위원회 회의 참석자 만찬,250000,e49f2619d386ec57ceebefb3a973ecd7417ef75e91633d4584638480afbb0987,sheet1:R30,
e49f2619d386ec57-sheet1-R31,2026-03-04,gwangju-buk,행정지원과,넝쿨채,골목상권 활성화 간담회 참여자 만찬,485000,e49f2619d386ec57ceebefb3a973ecd7417ef75e91633d4584638480afbb0987,sheet1:R31,
e49f2619d386ec57-sheet1-R32,2026-03-05,gwangju-buk,행정지원과,바다로,부끄리에이터 운영 직원 격려 만찬,280000,e49f2619d386ec57ceebefb3a973ecd7417ef75e91633d4584638480afbb0987,sheet1:R32,
e49f2619d386ec57-sheet1-R34,2026-03-06,gwangju-buk,행정지원과,압록매운탕,북구 시니어합창단 격려 오찬,217000,e49f2619d386ec57ceebefb3a973ecd7417ef75e91633d4584638480afbb0987,sheet1:R34,
e49f2619d386ec57-sheet1-R35,2026-03-10,gwangju-buk,행정지원과,태홍회관,[소통한스푼] 선정팀 오찬 및 차담(건강중진과 모자보건팀),66000,e49f2619d386ec57ceebefb3a973ecd7417ef75e91633d4584638480afbb0987,sheet1:R35,
e49f2619d386ec57-sheet1-R36,2026-03-10,gwangju-buk,행정지원과,할리스 북구청점,[소통한스푼] 선정팀 오찬 및 차담(건강중진과 모자보건팀),33900,e49f2619d386ec57ceebefb3a973ecd7417ef75e91633d4584638480afbb0987,sheet1:R36,
e49f2619d386ec57-sheet1-R37,2026-03-10,gwangju-buk,행정지원과,장터할인마트,부구청장실 및 부속실 운영을 위한 다과 등 구입,420000,e49f2619d386ec57ceebefb3a973ecd7417ef75e91633d4584638480afbb0987,sheet1:R37,
e49f2619d386ec57-sheet1-R38,2026-03-10,gwangju-buk,행정지원과,쉐프의초밥,행정지원과 총무 업무 추진 직원 격려 만찬,290000,e49f2619d386ec57ceebefb3a973ecd7417ef75e91633d4584638480afbb0987,sheet1:R38,
e49f2619d386ec57-sheet1-R39,2026-03-12,gwangju-buk,행정지원과,또래오래전대점,드론스테이션 활용 산불 예찰 추진 직원 격려 오찬,240000,e49f2619d386ec57ceebefb3a973ecd7417ef75e91633d4584638480afbb0987,sheet1:R39,
e49f2619d386ec57-sheet1-R40,2026-03-13,gwangju-buk,행정지원과,바다로한상,민주시민교육 운영위원회 정기회의 참석자 오찬 간담회,180000,e49f2619d386ec57ceebefb3a973ecd7417ef75e91633d4584638480afbb0987,sheet1:R40,
e49f2619d386ec57-sheet1-R41,2026-03-13,gwangju-buk,행정지원과,넝쿨채,서방천 재해복구사업 추진 관계자 만찬 간담회,437000,e49f2619d386ec57ceebefb3a973ecd7417ef75e91633d4584638480afbb0987,sheet1:R41,
e49f2619d386ec57-sheet1-R42,2026-03-16,gwangju-buk,행정지원과,쌍학,찾아가는 맞춤형 통합건강관리 추진 직원 격려 만찬,280000,e49f2619d386ec57ceebefb3a973ecd7417ef75e91633d4584638480afbb0987,sheet1:R42,
e49f2619d386ec57-sheet1-R43,2026-03-18,gwangju-buk,행정지원과,오리랑돼지랑,발간실 리모델링 추진 직원 격려 오찬 및 차담,66000,e49f2619d386ec57ceebefb3a973ecd7417ef75e91633d4584638480afbb0987,sheet1:R43,
e49f2619d386ec57-sheet1-R44,2026-03-18,gwangju-buk,행정지원과,모먼트오월,발간실 리모델링 추진 직원 격려 오찬 및 차담,32700,e49f2619d386ec57ceebefb3a973ecd7417ef75e91633d4584638480afbb0987,sheet1:R44,
e49f2619d386ec57-sheet1-R45,2026-03-23,gwangju-buk,행정지원과,개인(성명 비공개),2026. 3월중 소속직원 등 애경사 축.조의금 지급,200000,e49f2619d386ec57ceebefb3a973ecd7417ef75e91633d4584638480afbb0987,sheet1:R45,
e49f2619d386ec57-sheet1-R46,2026-03-23,gwangju-buk,행정지원과,본촌 생선구이백반,ICT 융합 방문건강관리사업 추진 직원 격려 오찬,104000,e49f2619d386ec57ceebefb3a973ecd7417ef75e91633d4584638480afbb0987,sheet1:R46,
e49f2619d386ec57-sheet1-R47,2026-03-25,gwangju-buk,행정지원과,호수짱뚱어탕,찾아가는 취득세 상담창구 운영 추진 직원 격려 오찬 및 차담,84000,e49f2619d386ec57ceebefb3a973ecd7417ef75e91633d4584638480afbb0987,sheet1:R47,
e49f2619d386ec57-sheet1-R48,2026-03-25,gwangju-buk,행정지원과,힐링식지락,찾아가는 취득세 상담창구 운영 추진 직원 격려 오찬 및 차담,28000,e49f2619d386ec57ceebefb3a973ecd7417ef75e91633d4584638480afbb0987,sheet1:R48,
e49f2619d386ec57-sheet1-R49,2026-03-27,gwangju-buk,행정지원과,초밥마을,1회용품 사용규제 지도점검 추진 직원 격려 오찬 및 차담,84000,e49f2619d386ec57ceebefb3a973ecd7417ef75e91633d4584638480afbb0987,sheet1:R49,
e49f2619d386ec57-sheet1-R50,2026-03-27,gwangju-buk,행정지원과,플레이스63(PLACE63),1회용품 사용규제 지도점검 추진 직원 격려 오찬 및 차담,12800,e49f2619d386ec57ceebefb3a973ecd7417ef75e91633d4584638480afbb0987,sheet1:R50,
e49f2619d386ec57-sheet1-R51,2026-03-27,gwangju-buk,행정지원과,풍호양꼬치,용봉 패션의거리 시설현대화사업 추진 직원 격려 만찬,200000,e49f2619d386ec57ceebefb3a973ecd7417ef75e91633d4584638480afbb0987,sheet1:R51,
e49f2619d386ec57-sheet1-R52,2026-03-30,gwangju-buk,행정지원과,우정옥,전남대 후문 차없는거리 운영 추진 직원 격려 오찬 및 차담,91000,e49f2619d386ec57ceebefb3a973ecd7417ef75e91633d4584638480afbb0987,sheet1:R52,
e49f2619d386ec57-sheet1-R53,2026-03-30,gwangju-buk,행정지원과,일리카페 광주북구청,전남대 후문 차없는거리 운영 추진 직원 격려 오찬 및 차담,35200,e49f2619d386ec57ceebefb3a973ecd7417ef75e91633d4584638480afbb0987,sheet1:R53,
e49f2619d386ec57-sheet1-R54,2026-03-31,gwangju-buk,행정지원과,스테이,2026년 인권시행계획 수립 추진 직원 격려 오찬 및 차담,133000,e49f2619d386ec57ceebefb3a973ecd7417ef75e91633d4584638480afbb0987,sheet1:R54,
e49f2619d386ec57-sheet1-R55,2026-03-31,gwangju-buk,행정지원과,스타벅스 코리아,2026년 인권시행계획 수립 추진 직원 격려 오찬 및 차담,33900,e49f2619d386ec57ceebefb3a973ecd7417ef75e91633d4584638480afbb0987,sheet1:R55,
e49f2619d386ec57-sheet1-R56,2026-03-31,gwangju-buk,행정지원과,코발트(삼각점),[소통한스푼] 선정팀 오찬 간담(매곡동 복지행정팀),100000,e49f2619d386ec57ceebefb3a973ecd7417ef75e91633d4584638480afbb0987,sheet1:R56,
e49f2619d386ec57-sheet1-R57,2026-03-31,gwangju-buk,행정지원과,깻잎통닭,행정안전부 청년마을만들기 공모 사업 추진 직원 격려 만찬,108000,e49f2619d386ec57ceebefb3a973ecd7417ef75e91633d4584638480afbb0987,sheet1:R57,
e49f2619d386ec57-sheet2-R4,2026-01-08,gwangju-buk,행정지원과,전돼지,신관청사 준공 주관 및 이전부서 등 청사이전 관계자 만찬 간담,294000,e49f2619d386ec57ceebefb3a973ecd7417ef75e91633d4584638480afbb0987,sheet2:R4,
e49f2619d386ec57-sheet2-R5,2026-01-13,gwangju-buk,행정지원과,광양재첩,북소리 발행 등 구정홍보 추진 직원 오찬 간담,100000,e49f2619d386ec57ceebefb3a973ecd7417ef75e91633d4584638480afbb0987,sheet2:R5,
e49f2619d386ec57-sheet2-R6,2026-01-19,gwangju-buk,행정지원과,노릇노릇식당,광주다움 통합돌봄 업무추진 직원 격려 오찬 및 차담,74000,e49f2619d386ec57ceebefb3a973ecd7417ef75e91633d4584638480afbb0987,sheet2:R6,
e49f2619d386ec57-sheet2-R7,2026-01-19,gwangju-buk,행정지원과,할리스 북구청점,광주다움 통합돌봄 업무추진 직원 격려 오찬 및 차담,32900,e49f2619d386ec57ceebefb3a973ecd7417ef75e91633d4584638480afbb0987,sheet2:R7,
e49f2619d386ec57-sheet2-R8,2026-01-20,gwangju-buk,행정지원과,빛고을명가,일상돌봄 서비스 업무추진 직원 오찬 간담,150000,e49f2619d386ec57ceebefb3a973ecd7417ef75e91633d4584638480afbb0987,sheet2:R8,
e49f2619d386ec57-sheet2-R9,2026-01-23,gwangju-buk,행정지원과,해수니보쌈,금당 새뜰마을 조성사업 추진 직원 오찬 간담 및 차담,96000,e49f2619d386ec57ceebefb3a973ecd7417ef75e91633d4584638480afbb0987,sheet2:R9,
e49f2619d386ec57-sheet2-R10,2026-01-23,gwangju-buk,행정지원과,오프박스(OFFBOX),금당 새뜰마을 조성사업 추진 직원 오찬 간담 및 차담,26800,e49f2619d386ec57ceebefb3a973ecd7417ef75e91633d4584638480afbb0987,sheet2:R10,
e49f2619d386ec57-sheet2-R11,2026-01-27,gwangju-buk,행정지원과,스위티움 (주),문화예술단체 및 생활예술동아리 지원사업 추진 직원 오찬 간담,135900,e49f2619d386ec57ceebefb3a973ecd7417ef75e91633d4584638480afbb0987,sheet2:R11,
e49f2619d386ec57-sheet2-R12,2026-01-30,gwangju-buk,행정지원과,오우가,사랑의 헌혈 행사 추진 직원 오찬 간담 및 차담,80000,e49f2619d386ec57ceebefb3a973ecd7417ef75e91633d4584638480afbb0987,sheet2:R12,
e49f2619d386ec57-sheet2-R13,2026-01-30,gwangju-buk,행정지원과,브릭(brick),사랑의 헌혈 행사 추진 직원 오찬 간담 및 차담,16000,e49f2619d386ec57ceebefb3a973ecd7417ef75e91633d4584638480afbb0987,sheet2:R13,
e49f2619d386ec57-sheet2-R14,2026-02-04,gwangju-buk,행정지원과,해수니보쌈,구립합창단 운영 추진 직원 오찬 간담 및 차담,76000,e49f2619d386ec57ceebefb3a973ecd7417ef75e91633d4584638480afbb0987,sheet2:R14,
e49f2619d386ec57-sheet2-R15,2026-02-04,gwangju-buk,행정지원과,달콤메이드,구립합창단 운영 추진 직원 오찬 간담 및 차담,19000,e49f2619d386ec57ceebefb3a973ecd7417ef75e91633d4584638480afbb0987,sheet2:R15,
e49f2619d386ec57-sheet2-R16,2026-02-12,gwangju-buk,행정지원과,유명,북구청 어린이집 리모델링 공사 추진 관련 만찬 간담,376000,e49f2619d386ec57ceebefb3a973ecd7417ef75e91633d4584638480afbb0987,sheet2:R16,
e49f2619d386ec57-sheet2-R17,2026-03-06,gwangju-buk,행정지원과,(사)어울림복지재단,가로환경관리원 임금협상 교섭 관계자 차담회,25000,e49f2619d386ec57ceebefb3a973ecd7417ef75e91633d4584638480afbb0987,sheet2:R17,
e49f2619d386ec57-sheet2-R18,2026-03-06,gwangju-buk,행정지원과,무등골,청년간부회의 브랜딩 워크숍 만찬 간담회,465000,e49f2619d386ec57ceebefb3a973ecd7417ef75e91633d4584638480afbb0987,sheet2:R18,
e49f2619d386ec57-sheet2-R19,2026-03-25,gwangju-buk,행정지원과,다도바다,동 행정복지센터 종합감사 추진 관련 만찬 간담,233000,e49f2619d386ec57ceebefb3a973ecd7417ef75e91633d4584638480afbb0987,sheet2:R19,
e49f2619d386ec57-sheet2-R20,2026-04-01,gwangju-buk,행정지원과,오우가,365 상호존중 실천강령 제정 추진직원 만찬 간담,443000,e49f2619d386ec57ceebefb3a973ecd7417ef75e91633d4584638480afbb0987,sheet2:R20,
e49f2619d386ec57-sheet2-R25,2026-01-07,gwangju-buk,행정지원과,모먼트오월,북소리 발간 편집위원회 회의 참석자 등 차담,46200,e49f2619d386ec57ceebefb3a973ecd7417ef75e91633d4584638480afbb0987,sheet2:R25,
e49f2619d386ec57-sheet2-R26,2026-01-15,gwangju-buk,행정지원과,오우가,청렴체감도 설문조사 업무추진 직원 오찬 및 차담,109000,e49f2619d386ec57ceebefb3a973ecd7417ef75e91633d4584638480afbb0987,sheet2:R26,
e49f2619d386ec57-sheet2-R27,2026-01-15,gwangju-buk,행정지원과,오월에,청렴체감도 설문조사 업무추진 직원 오찬 및 차담,18500,e49f2619d386ec57ceebefb3a973ecd7417ef75e91633d4584638480afbb0987,sheet2:R27,
e49f2619d386ec57-sheet2-R28,2026-02-04,gwangju-buk,행정지원과,삼소로346,월출동 낙석 피해 관계자 차담,30000,e49f2619d386ec57ceebefb3a973ecd7417ef75e91633d4584638480afbb0987,sheet2:R28,
e49f2619d386ec57-sheet2-R29,2026-02-06,gwangju-buk,행정지원과,무등골,평생학습 마을만들기 지원사업 추진 관계자 만찬 간담,480000,e49f2619d386ec57ceebefb3a973ecd7417ef75e91633d4584638480afbb0987,sheet2:R29,
e49f2619d386ec57-sheet2-R30,2026-02-09,gwangju-buk,행정지원과,제주도세기마을,설 명절 대비 주민생활 안정 종합대책 종합상황실 운영 추진 관계자 만찬 간담,480000,e49f2619d386ec57ceebefb3a973ecd7417ef75e91633d4584638480afbb0987,sheet2:R30,
e49f2619d386ec57-sheet2-R35,2026-02-05,gwangju-buk,행정지원과,스위티움 (주),북구자원봉사센터 설맞이 떡국키트 나눔 행사 관계자 만찬,183500,e49f2619d386ec57ceebefb3a973ecd7417ef75e91633d4584638480afbb0987,sheet2:R35,
e49f2619d386ec57-sheet2-R36,2026-03-05,gwangju-buk,행정지원과,신흥,4차산업발전위원회 회의 참석자 등 오찬,74000,e49f2619d386ec57ceebefb3a973ecd7417ef75e91633d4584638480afbb0987,sheet2:R36,
e49f2619d386ec57-sheet2-R37,2026-03-11,gwangju-buk,행정지원과,그린하우스,기업지원위원회 기업 및 기관 관계자 오찬 간담회,114000,e49f2619d386ec57ceebefb3a973ecd7417ef75e91633d4584638480afbb0987,sheet2:R37,
e49f2619d386ec57-sheet2-R38,2026-03-17,gwangju-buk,행정지원과,김연수해물나라,마을기업 활성화 관련 사업 관계자 오찬 간담 및 차담회,156000,e49f2619d386ec57ceebefb3a973ecd7417ef75e91633d4584638480afbb0987,sheet2:R38,
e49f2619d386ec57-sheet2-R39,2026-03-17,gwangju-buk,행정지원과,유니버셜커유,마을기업 활성화 관련 사업 관계자 오찬 간담 및 차담회,37000,e49f2619d386ec57ceebefb3a973ecd7417ef75e91633d4584638480afbb0987,sheet2:R39,
e49f2619d386ec57-sheet2-R40,2026-03-20,gwangju-buk,행정지원과,라본,인공지능 투자펀드 관련 관내 연구 전문기관 관계자 차담회,25500,e49f2619d386ec57ceebefb3a973ecd7417ef75e91633d4584638480afbb0987,sheet2:R40,
616e2477518b31a5-sheet1-R4,2026-01-02,gwangju-buk,행정지원과,청죽골한우,병오년 신년행사 추진부서 등 노고 격려 오찬,476000,616e2477518b31a5f7de89aa7d0d831d4fb6f07e416ccc766bbb2ec23fe19e97,sheet1:R4,
616e2477518b31a5-sheet1-R5,2026-01-05,gwangju-buk,행정지원과,래인플라워,북광주세무서장 취임 축하 화분 구입,100000,616e2477518b31a5f7de89aa7d0d831d4fb6f07e416ccc766bbb2ec23fe19e97,sheet1:R5,
616e2477518b31a5-sheet1-R6,2026-01-08,gwangju-buk,행정지원과,50년전통국밥,"구정 기획, 홍보 추진부서 업무추진 격려 오찬",488000,616e2477518b31a5f7de89aa7d0d831d4fb6f07e416ccc766bbb2ec23fe19e97,sheet1:R6,
616e2477518b31a5-sheet1-R7,2026-01-08,gwangju-buk,행정지원과,별빛스푼샐러드,[소통한스푼] 선정팀 오찬 간담(건국동 행정서비스팀),100000,616e2477518b31a5f7de89aa7d0d831d4fb6f07e416ccc766bbb2ec23fe19e97,sheet1:R7,
616e2477518b31a5-sheet1-R8,2026-01-09,gwangju-buk,행정지원과,상무초밥 용봉직영점,2026 신년 구정 주요업무보고 총괄부서 등 노고 격려 만찬,465000,616e2477518b31a5f7de89aa7d0d831d4fb6f07e416ccc766bbb2ec23fe19e97,sheet1:R8,
616e2477518b31a5-sheet1-R9,2026-01-12,gwangju-buk,행정지원과,스테이,[소통한스푼] 선정팀 오찬 간담(기획예산과 법무규제혁신팀),83000,616e2477518b31a5f7de89aa7d0d831d4fb6f07e416ccc766bbb2ec23fe19e97,sheet1:R9,
616e2477518b31a5-sheet1-R10,2026-01-14,gwangju-buk,행정지원과,곱돌마루,[소통한스푼] 선정팀 오찬 간담(홍보실 구보편집팀),100000,616e2477518b31a5f7de89aa7d0d831d4fb6f07e416ccc766bbb2ec23fe19e97,sheet1:R10,
616e2477518b31a5-sheet1-R11,2026-01-14,gwangju-buk,행정지원과,에이치디씨아이파크몰,관외출장 수행직원 노고 격려 오찬,29000,616e2477518b31a5f7de89aa7d0d831d4fb6f07e416ccc766bbb2ec23fe19e97,sheet1:R11,
616e2477518b31a5-sheet1-R12,2026-01-14,gwangju-buk,행정지원과,래인플라워,북광부소방서장 취임 축하 화분 구입,100000,616e2477518b31a5f7de89aa7d0d831d4fb6f07e416ccc766bbb2ec23fe19e97,sheet1:R12,
616e2477518b31a5-sheet1-R13,2026-01-15,gwangju-buk,행정지원과,청원모밀직영점,국회출장 수행직원 격려 만찬,41000,616e2477518b31a5f7de89aa7d0d831d4fb6f07e416ccc766bbb2ec23fe19e97,sheet1:R13,
616e2477518b31a5-sheet1-R14,2026-01-19,gwangju-buk,행정지원과,주식회사 테이크파이,"우호교류, 민간협력 등 주요 내방객 및 업무협력을 위한 기념품 구입",1925000,616e2477518b31a5f7de89aa7d0d831d4fb6f07e416ccc766bbb2ec23fe19e97,sheet1:R14,
616e2477518b31a5-sheet1-R15,2026-01-20,gwangju-buk,행정지원과,개인(성명 비공개),2026. 1월중 소속직원 등 애경사 축.조의금 지급,250000,616e2477518b31a5f7de89aa7d0d831d4fb6f07e416ccc766bbb2ec23fe19e97,sheet1:R15,
616e2477518b31a5-sheet1-R16,2026-01-20,gwangju-buk,행정지원과,소호정 국회의사당점,국회출장 수행직원 등 격려 오찬,70000,616e2477518b31a5f7de89aa7d0d831d4fb6f07e416ccc766bbb2ec23fe19e97,sheet1:R16,
616e2477518b31a5-sheet1-R17,2026-01-21,gwangju-buk,행정지원과,국일현방,부속실 및 민원상담실 운영 노고 격려 만찬,72000,616e2477518b31a5f7de89aa7d0d831d4fb6f07e416ccc766bbb2ec23fe19e97,sheet1:R17,
616e2477518b31a5-sheet1-R18,2026-02-02,gwangju-buk,행정지원과,개인(성명 비공개),2026. 1월중 소속직원 등 애경사 축.조의금 지급,200000,616e2477518b31a5f7de89aa7d0d831d4fb6f07e416ccc766bbb2ec23fe19e97,sheet1:R18,
616e2477518b31a5-sheet1-R19,2026-02-02,gwangju-buk,행정지원과,한국도자기광주상무점,"우호교류, 민간협력 등 주요 내방객 및 업무협력을 위한 기념품 구입",825000,616e2477518b31a5f7de89aa7d0d831d4fb6f07e416ccc766bbb2ec23fe19e97,sheet1:R19,
616e2477518b31a5-sheet1-R20,2026-02-09,gwangju-buk,행정지원과,개인(성명 비공개),2026. 2월중 소속직원 등 애경사 축.조의금 지급,100000,616e2477518b31a5f7de89aa7d0d831d4fb6f07e416ccc766bbb2ec23fe19e97,sheet1:R20,
616e2477518b31a5-sheet1-R21,2026-02-10,gwangju-buk,행정지원과,자미농민후계자영농조,2026년 설 명절 상근직원 노고 격려선물 구입,2670000,616e2477518b31a5f7de89aa7d0d831d4fb6f07e416ccc766bbb2ec23fe19e97,sheet1:R21,
616e2477518b31a5-sheet1-R22,2026-02-10,gwangju-buk,행정지원과,온누리마트,"구정 홍보, 청렴 캠페인 등 추진부서 격려 간식 구입",420000,616e2477518b31a5f7de89aa7d0d831d4fb6f07e416ccc766bbb2ec23fe19e97,sheet1:R22,
616e2477518b31a5-sheet1-R23,2026-02-11,gwangju-buk,행정지원과,양산동주민자치회,2026년 설 명절 상근직원 노고 격려선물 구입(현업공무직 62),1984000,616e2477518b31a5f7de89aa7d0d831d4fb6f07e416ccc766bbb2ec23fe19e97,sheet1:R23,
616e2477518b31a5-sheet1-R24,2026-02-12,gwangju-buk,행정지원과,매화락협동조합,2026년 설 명절 상근직원 노고 격려선물 구입(가로환경관리원 91),2730000,616e2477518b31a5f7de89aa7d0d831d4fb6f07e416ccc766bbb2ec23fe19e97,sheet1:R24,
616e2477518b31a5-sheet1-R25,2026-02-12,gwangju-buk,행정지원과,원양농업임업회사,2026년 설 명절 상근직원 노고 격려선물 구입(청원경찰 32),1120000,616e2477518b31a5f7de89aa7d0d831d4fb6f07e416ccc766bbb2ec23fe19e97,sheet1:R25,
616e2477518b31a5-sheet1-R26,2026-02-12,gwangju-buk,행정지원과,들래미 종합유통,2026년 설 명절 상근직원 노고 격려선물 구입(청소기동반 등 19),665000,616e2477518b31a5f7de89aa7d0d831d4fb6f07e416ccc766bbb2ec23fe19e97,sheet1:R26,
616e2477518b31a5-sheet1-R27,2026-02-12,gwangju-buk,행정지원과,들래미 종합유통,2026년 설 명절 상근직원 노고 격려선물 구입,350000,616e2477518b31a5f7de89aa7d0d831d4fb6f07e416ccc766bbb2ec23fe19e97,sheet1:R27,
616e2477518b31a5-sheet1-R28,2026-02-13,gwangju-buk,행정지원과,개인(성명 비공개),2026. 2월중 소속직원 등 애경사 축.조의금 지급,50000,616e2477518b31a5f7de89aa7d0d831d4fb6f07e416ccc766bbb2ec23fe19e97,sheet1:R28,e49f2619d386ec57ceebefb3a973ecd7417ef75e91633d4584638480afbb0987:sheet1:R15
616e2477518b31a5-sheet1-R29,2026-02-24,gwangju-buk,행정지원과,개인(성명 비공개),2026. 2월중 소속직원 등 애경사 축.조의금 지급,100000,616e2477518b31a5f7de89aa7d0d831d4fb6f07e416ccc766bbb2ec23fe19e97,sheet1:R29,
616e2477518b31a5-sheet1-R30,2026-03-03,gwangju-buk,행정지원과,장터할인마트,부속실 및 민원상담실 내방객 제공을 위한 차류 구입,395000,616e2477518b31a5f7de89aa7d0d831d4fb6f07e416ccc766bbb2ec23fe19e97,sheet1:R30,
616e2477518b31a5-sheet1-R31,2026-03-05,gwangju-buk,행정지원과,너랑나랑,도시재생사업 공모 추진 직원 격려 만찬,389000,616e2477518b31a5f7de89aa7d0d831d4fb6f07e416ccc766bbb2ec23fe19e97,sheet1:R31,
616e2477518b31a5-sheet1-R32,2026-03-06,gwangju-buk,행정지원과,개인(성명 비공개),2026. 3월중 소속직원 등 애경사 축.조의금 지급,150000,616e2477518b31a5f7de89aa7d0d831d4fb6f07e416ccc766bbb2ec23fe19e97,sheet1:R32,e49f2619d386ec57ceebefb3a973ecd7417ef75e91633d4584638480afbb0987:sheet1:R33
616e2477518b31a5-sheet1-R33,2026-03-11,gwangju-buk,행정지원과,종가집설렁탕,타운홀미팅 참석자 조찬 간담회,78000,616e2477518b31a5f7de89aa7d0d831d4fb6f07e416ccc766bbb2ec23fe19e97,sheet1:R33,
616e2477518b31a5-sheet1-R34,2026-03-12,gwangju-buk,행정지원과,(사)어울림복지재단 어울,[소통한스푼] 선정팀 오찬 간담(회계과 계약팀),100000,616e2477518b31a5f7de89aa7d0d831d4fb6f07e416ccc766bbb2ec23fe19e97,sheet1:R34,
616e2477518b31a5-sheet1-R35,2026-03-12,gwangju-buk,행정지원과,또래오래전대점,[소통한스푼] 선정팀 오찬 간담(문화예술과 영상음반팀),100000,616e2477518b31a5f7de89aa7d0d831d4fb6f07e416ccc766bbb2ec23fe19e97,sheet1:R35,
616e2477518b31a5-sheet1-R36,2026-03-23,gwangju-buk,행정지원과,개인(성명 비공개),2026. 3월중 소속직원 등 애경사 축.조의금 지급,150000,616e2477518b31a5f7de89aa7d0d831d4fb6f07e416ccc766bbb2ec23fe19e97,sheet1:R36,
616e2477518b31a5-sheet1-R37,2026-03-24,gwangju-buk,행정지원과,스타벅스 코리아,이달의 기업 선정 및 홍보 등 업무추진 격려 간식 구입,72800,616e2477518b31a5f7de89aa7d0d831d4fb6f07e416ccc766bbb2ec23fe19e97,sheet1:R37,
616e2477518b31a5-sheet1-R38,2026-03-24,gwangju-buk,행정지원과,더믹스드원비엔날레,[소통한스푼] 선정팀 오찬 간담(중앙동 행정서비스팀),100000,616e2477518b31a5f7de89aa7d0d831d4fb6f07e416ccc766bbb2ec23fe19e97,sheet1:R38,
616e2477518b31a5-sheet1-R39,2026-03-26,gwangju-buk,행정지원과,문옥,[소통한스푼] 선정팀 오찬 간담(석곡동 복지행정팀),96000,616e2477518b31a5f7de89aa7d0d831d4fb6f07e416ccc766bbb2ec23fe19e97,sheet1:R39,
616e2477518b31a5-sheet1-R40,2026-03-27,gwangju-buk,행정지원과,주식회사 테이크파이,"우호교류, 민간협력 등 주요 내방객 및 업무협력을 위한 기념품 구입",600000,616e2477518b31a5f7de89aa7d0d831d4fb6f07e416ccc766bbb2ec23fe19e97,sheet1:R40,
616e2477518b31a5-sheet1-R41,2026-03-31,gwangju-buk,행정지원과,장터할인마트,부속실 및 민원상담실 내방객 제공을 위한 다과류 구입,346000,616e2477518b31a5f7de89aa7d0d831d4fb6f07e416ccc766bbb2ec23fe19e97,sheet1:R41,
616e2477518b31a5-sheet2-R4,2026-02-12,gwangju-buk,행정지원과,문산골식육식당,신관 건립공사 추진 관계자 오찬 간담,398000,616e2477518b31a5f7de89aa7d0d831d4fb6f07e416ccc766bbb2ec23fe19e97,sheet2:R4,
616e2477518b31a5-sheet2-R5,2026-02-25,gwangju-buk,행정지원과,상무초밥 용봉직영점,직원 EAP 운영 추진 관계자 만찬 간담회,479000,616e2477518b31a5f7de89aa7d0d831d4fb6f07e416ccc766bbb2ec23fe19e97,sheet2:R5,
616e2477518b31a5-sheet2-R6,2026-03-06,gwangju-buk,행정지원과,송하,당직 및 종합상황실 통합관련 추진 관계자 만찬 간담회,366000,616e2477518b31a5f7de89aa7d0d831d4fb6f07e416ccc766bbb2ec23fe19e97,sheet2:R6,
616e2477518b31a5-sheet2-R7,2026-03-26,gwangju-buk,행정지원과,월하리,연가사용권장제 운영 추진 관련 관계자 오찬 간담,388500,616e2477518b31a5f7de89aa7d0d831d4fb6f07e416ccc766bbb2ec23fe19e97,sheet2:R7,
616e2477518b31a5-sheet2-R8,2026-03-27,gwangju-buk,행정지원과,무안갯뻘낙지,공공부문 승용차 5부제 및 에너지 절약 추진 관계자 만찬 간담,393000,616e2477518b31a5f7de89aa7d0d831d4fb6f07e416ccc766bbb2ec23fe19e97,sheet2:R8,
616e2477518b31a5-sheet2-R13,2026-01-29,gwangju-buk,행정지원과,우미일식,광주다운 주민자치회 시범동 지원사업 추진 관계자 만찬 간담,487000,616e2477518b31a5f7de89aa7d0d831d4fb6f07e416ccc766bbb2ec23fe19e97,sheet2:R13,
616e2477518b31a5-sheet2-R14,2026-02-09,gwangju-buk,행정지원과,옵스식당,봄철 산불방지 종합대책 추진 관계자 만찬 간담,482000,616e2477518b31a5f7de89aa7d0d831d4fb6f07e416ccc766bbb2ec23fe19e97,sheet2:R14,
616e2477518b31a5-sheet2-R15,2026-02-24,gwangju-buk,행정지원과,회뜨는마을,부용산 산사태 복구공사 추진 관계자 만찬 간담회,130000,616e2477518b31a5f7de89aa7d0d831d4fb6f07e416ccc766bbb2ec23fe19e97,sheet2:R15,
616e2477518b31a5-sheet2-R16,2026-02-26,gwangju-buk,행정지원과,오우가,청년카페 프로그램 운영 관계자 만찬 간담회,464000,616e2477518b31a5f7de89aa7d0d831d4fb6f07e416ccc766bbb2ec23fe19e97,sheet2:R16,
616e2477518b31a5-sheet2-R17,2026-03-04,gwangju-buk,행정지원과,담양숯불갈비돈앤돈,광주전남 통합 관련 타운홀미팅 추진 관계자 오찬 간담회,431000,616e2477518b31a5f7de89aa7d0d831d4fb6f07e416ccc766bbb2ec23fe19e97,sheet2:R17,
616e2477518b31a5-sheet2-R18,2026-03-10,gwangju-buk,행정지원과,조아회관,2026년 1분기 구·동 소통회의 참석자 오찬,356000,616e2477518b31a5f7de89aa7d0d831d4fb6f07e416ccc766bbb2ec23fe19e97,sheet2:R18,
616e2477518b31a5-sheet2-R19,2026-03-20,gwangju-buk,행정지원과,백년한우,지역산업맞춤형 일자리지원 자치구 특화사업 관련 만찬 간담회,307000,616e2477518b31a5f7de89aa7d0d831d4fb6f07e416ccc766bbb2ec23fe19e97,sheet2:R19,
616e2477518b31a5-sheet2-R20,2026-03-23,gwangju-buk,행정지원과,넝쿨채,청렴 더 키움단 실천과제 추진 관련 관계자 만찬 간담,475000,616e2477518b31a5f7de89aa7d0d831d4fb6f07e416ccc766bbb2ec23fe19e97,sheet2:R20,
616e2477518b31a5-sheet2-R21,2026-03-30,gwangju-buk,행정지원과,아킴보주식회사,모바일 헬스케어 사업 추진 관계자 만찬 간담,482500,616e2477518b31a5f7de89aa7d0d831d4fb6f07e416ccc766bbb2ec23fe19e97,sheet2:R21,
616e2477518b31a5-sheet2-R26,2026-01-07,gwangju-buk,행정지원과,담양숯불갈비돈앤돈,북구예비군지역대 지역대장 이취임식 참석 군부대 관계자 및 지원부서 등 오찬 간담,497000,616e2477518b31a5f7de89aa7d0d831d4fb6f07e416ccc766bbb2ec23fe19e97,sheet2:R26,
616e2477518b31a5-sheet2-R27,2026-01-09,gwangju-buk,행정지원과,의정부대찌개냉면,2026 신중년 사회공헌활동 지원사업 수행기관 공모 등 추진관계자 오찬 간담,359000,616e2477518b31a5f7de89aa7d0d831d4fb6f07e416ccc766bbb2ec23fe19e97,sheet2:R27,
616e2477518b31a5-sheet2-R28,2026-01-12,gwangju-buk,행정지원과,사조참치전문점,K-방산 협의 관련 회의 관계자 만찬,322000,616e2477518b31a5f7de89aa7d0d831d4fb6f07e416ccc766bbb2ec23fe19e97,sheet2:R28,
616e2477518b31a5-sheet2-R29,2026-01-14,gwangju-buk,행정지원과,도매상회,영호남 국가균형발전 공동선포식 참석자 등 만찬,300000,616e2477518b31a5f7de89aa7d0d831d4fb6f07e416ccc766bbb2ec23fe19e97,sheet2:R29,
616e2477518b31a5-sheet2-R30,2026-01-20,gwangju-buk,행정지원과,향연,광주전남 행정통합 특별법 관련 국회 협의 관계자 만찬 간담,485000,616e2477518b31a5f7de89aa7d0d831d4fb6f07e416ccc766bbb2ec23fe19e97,sheet2:R30,
616e2477518b31a5-sheet2-R31,2026-02-03,gwangju-buk,행정지원과,용전식육식당,전통시장 및 상점가 상인조직 활성화 공모사업 추진 관계자 만찬 간담,484000,616e2477518b31a5f7de89aa7d0d831d4fb6f07e416ccc766bbb2ec23fe19e97,sheet2:R31,
616e2477518b31a5-sheet2-R32,2026-02-05,gwangju-buk,행정지원과,해수니보쌈,중소기업 지원시책 합동설명회 회의 참석자 등 오찬 간담,464000,616e2477518b31a5f7de89aa7d0d831d4fb6f07e416ccc766bbb2ec23fe19e97,sheet2:R32,
616e2477518b31a5-sheet2-R33,2026-03-12,gwangju-buk,행정지원과,다원각,2026년 개학기 청소년유해환경 민관 합동점검 추진 관계자 만찬 간담회,465000,616e2477518b31a5f7de89aa7d0d831d4fb6f07e416ccc766bbb2ec23fe19e97,sheet2:R33,
616e2477518b31a5-sheet2-R34,2026-03-16,gwangju-buk,행정지원과,스위티움 (주),2026 상반기 일자리위원회 정기회의 참석자 오찬,344800,616e2477518b31a5f7de89aa7d0d831d4fb6f07e416ccc766bbb2ec23fe19e97,sheet2:R34,
616e2477518b31a5-sheet2-R35,2026-04-01,gwangju-buk,행정지원과,국일현방,상반기 지역대장 민방위 특별교육 관련 관계자 만찬 간담,307000,616e2477518b31a5f7de89aa7d0d831d4fb6f07e416ccc766bbb2ec23fe19e97,sheet2:R35,
128cefb72c496555-sheet1-R4,2026-01-21,gwangju-buk,운암1동,"담원풍천장어, 테라스",복지사각지대 업무 추진 직원 격려를 위한 오찬비 집행,59000,128cefb72c4965552e28ad6a3774c851b4126566bbc07c8b8554f7b1fec9a729,sheet1:R4,
128cefb72c496555-sheet1-R5,2026-01-23,gwangju-buk,운암1동,"고가미가, 벌크커피",주민자치 등 현안 업무 추진 직원 격려를 위한 오찬비 집행,136500,128cefb72c4965552e28ad6a3774c851b4126566bbc07c8b8554f7b1fec9a729,sheet1:R5,
128cefb72c496555-sheet1-R6,2026-03-09,gwangju-buk,운암1동,이화원,현안업무 추진 직원 격려를 위한 오찬비 집행,135000,128cefb72c4965552e28ad6a3774c851b4126566bbc07c8b8554f7b1fec9a729,sheet1:R6,
128cefb72c496555-sheet1-R7,2026-03-12,gwangju-buk,운암1동,담원풍천장어,새마을부녀회 활동 노고 격려 오찬비 집행,264000,128cefb72c4965552e28ad6a3774c851b4126566bbc07c8b8554f7b1fec9a729,sheet1:R7,
128cefb72c496555-sheet1-R8,2026-03-18,gwangju-buk,운암1동,해실달실,통장 임기만료에 따른 노고 격려 오찬비 집행,56000,128cefb72c4965552e28ad6a3774c851b4126566bbc07c8b8554f7b1fec9a729,sheet1:R8,
128cefb72c496555-sheet1-R9,2026-03-23,gwangju-buk,운암1동,"이화원, 커피오후",통장단 활동 격려를 위한 오찬비 집행,197000,128cefb72c4965552e28ad6a3774c851b4126566bbc07c8b8554f7b1fec9a729,sheet1:R9,
128cefb72c496555-sheet1-R10,2026-03-27,gwangju-buk,운암1동,"해실달실, 아이두",동행정 활성화를 위한 운암권역 동장단 간담회비 집행,74000,128cefb72c4965552e28ad6a3774c851b4126566bbc07c8b8554f7b1fec9a729,sheet1:R10,
cf2ea238aa8ee8e7-sheet1-R4,2026-01-09,gwangju-buk,동림동,배불뚝이,인사발령에 따른 직원 격려 오찬,255000,cf2ea238aa8ee8e7093c822e443bb797fc2467d634ba5fd2befda5667572a00a,sheet1:R4,
cf2ea238aa8ee8e7-sheet1-R5,2026-01-22,gwangju-buk,동림동,버섯농장,동 통합민원업무 담당 직원 격려 오찬,118000,cf2ea238aa8ee8e7093c822e443bb797fc2467d634ba5fd2befda5667572a00a,sheet1:R5,
cf2ea238aa8ee8e7-sheet1-R6,2026-01-23,gwangju-buk,동림동,보배반점,동 민원업무 담당 직원 격려 오찬,66000,cf2ea238aa8ee8e7093c822e443bb797fc2467d634ba5fd2befda5667572a00a,sheet1:R6,
cf2ea238aa8ee8e7-sheet1-R7,2026-01-28,gwangju-buk,동림동,배불뚝이,지역사회보장협의체 오찬 간담회,117000,cf2ea238aa8ee8e7093c822e443bb797fc2467d634ba5fd2befda5667572a00a,sheet1:R7,
cf2ea238aa8ee8e7-sheet1-R8,2026-02-12,gwangju-buk,동림동,자금성,동 맞춤형복지팀 직원 격려 오찬,79000,cf2ea238aa8ee8e7093c822e443bb797fc2467d634ba5fd2befda5667572a00a,sheet1:R8,
cf2ea238aa8ee8e7-sheet1-R9,2026-02-20,gwangju-buk,동림동,첨단돌솥감자탕,동 복지행정팀 직원 격려 오찬,45000,cf2ea238aa8ee8e7093c822e443bb797fc2467d634ba5fd2befda5667572a00a,sheet1:R9,
cf2ea238aa8ee8e7-sheet1-R10,2026-02-27,gwangju-buk,동림동,임가네남원추어탕,동 행정서비스팀 직원 격려 오찬,68000,cf2ea238aa8ee8e7093c822e443bb797fc2467d634ba5fd2befda5667572a00a,sheet1:R10,
cf2ea238aa8ee8e7-sheet1-R11,2026-03-05,gwangju-buk,동림동,버섯농장,통장단 오찬 간담회 경비 집행,130000,cf2ea238aa8ee8e7093c822e443bb797fc2467d634ba5fd2befda5667572a00a,sheet1:R11,
cf2ea238aa8ee8e7-sheet1-R12,2026-03-09,gwangju-buk,동림동,동림골식육식당,통장단 오찬 간담회 경비 집행,180000,cf2ea238aa8ee8e7093c822e443bb797fc2467d634ba5fd2befda5667572a00a,sheet1:R12,
cf2ea238aa8ee8e7-sheet1-R13,2026-03-11,gwangju-buk,동림동,임가네남원추어탕,동 현안업무 추진 직원 격려 오찬,156000,cf2ea238aa8ee8e7093c822e443bb797fc2467d634ba5fd2befda5667572a00a,sheet1:R13,
cf2ea238aa8ee8e7-sheet1-R14,2026-03-17,gwangju-buk,동림동,수미가,동림동 경로당 연합회 회장단 간담회 오찬 경비 집행,215000,cf2ea238aa8ee8e7093c822e443bb797fc2467d634ba5fd2befda5667572a00a,sheet1:R14,
cf2ea238aa8ee8e7-sheet1-R15,2026-03-19,gwangju-buk,동림동,다복식당,동 맞춤형복지팀 직원 격려 오찬,65000,cf2ea238aa8ee8e7093c822e443bb797fc2467d634ba5fd2befda5667572a00a,sheet1:R15,
4bb2eddae9977af7-sheet1-R5,2026-01-05,gwangju-buk,기획예산과,광양재첩,효율적인 조직 운영 방안 논의 간담회 경비 집행,160000,4bb2eddae9977af77ef32e3cfc76633eb3ca5c9c08394ce9b17e2b1b82957647,sheet1:R5,
4bb2eddae9977af7-sheet1-R6,2026-01-05,gwangju-buk,기획예산과,어나더키친,구 현안사업 협력을 위한 간담회 경비 집행,446000,4bb2eddae9977af77ef32e3cfc76633eb3ca5c9c08394ce9b17e2b1b82957647,sheet1:R6,
4bb2eddae9977af7-sheet1-R7,2026-01-06,gwangju-buk,기획예산과,어선e,주요 현안사업 국비 확보 논의 간담회 경비 집행,179000,4bb2eddae9977af77ef32e3cfc76633eb3ca5c9c08394ce9b17e2b1b82957647,sheet1:R7,
4bb2eddae9977af7-sheet1-R8,2026-01-07,gwangju-buk,기획예산과,오우가,구정 정책 현안 논의 간담회 경비 집행,94000,4bb2eddae9977af77ef32e3cfc76633eb3ca5c9c08394ce9b17e2b1b82957647,sheet1:R8,
4bb2eddae9977af7-sheet1-R9,2026-01-08,gwangju-buk,기획예산과,오우가,구정 정책 현안 추진 논의 지역 전문가 간담회 경비 진행,473000,4bb2eddae9977af77ef32e3cfc76633eb3ca5c9c08394ce9b17e2b1b82957647,sheet1:R9,
4bb2eddae9977af7-sheet1-R10,2026-01-12,gwangju-buk,기획예산과,샤브향(용봉점),구정 주요업무계획 수립을 위한 간담회 경비 집행,119200,4bb2eddae9977af77ef32e3cfc76633eb3ca5c9c08394ce9b17e2b1b82957647,sheet1:R10,
4bb2eddae9977af7-sheet1-R11,2026-01-15,gwangju-buk,기획예산과,소호정 국회의사당점,행정통합 관련 자치구 건의 관계자 간담회 경비 집행,62000,4bb2eddae9977af77ef32e3cfc76633eb3ca5c9c08394ce9b17e2b1b82957647,sheet1:R11,
4bb2eddae9977af7-sheet1-R12,2026-01-16,gwangju-buk,기획예산과,도향,평가 및 공모사업 지원을 위한 관계자 오찬 경비 집행,466000,4bb2eddae9977af77ef32e3cfc76633eb3ca5c9c08394ce9b17e2b1b82957647,sheet1:R12,
4bb2eddae9977af7-sheet1-R13,2026-01-19,gwangju-buk,기획예산과,넝쿨채,지역현안 대외협력체계 구축방안 논의 간담회 경비 집행,150000,4bb2eddae9977af77ef32e3cfc76633eb3ca5c9c08394ce9b17e2b1b82957647,sheet1:R13,
4bb2eddae9977af7-sheet1-R14,2026-01-20,gwangju-buk,기획예산과,원창식당,구정 주요 현안 건의 및 협력 관계자 간담회 경비 집행,70000,4bb2eddae9977af77ef32e3cfc76633eb3ca5c9c08394ce9b17e2b1b82957647,sheet1:R14,
4bb2eddae9977af7-sheet1-R15,2026-01-21,gwangju-buk,기획예산과,아야진동태탕 평촌,현안 사업 추진 논의 방안 간담회 경비 집행,26000,4bb2eddae9977af77ef32e3cfc76633eb3ca5c9c08394ce9b17e2b1b82957647,sheet1:R15,
4bb2eddae9977af7-sheet1-R16,2026-01-22,gwangju-buk,기획예산과,넝쿨채,구청장협의회 등 현안사업 협력 논의 간담회 경비 집행,457000,4bb2eddae9977af77ef32e3cfc76633eb3ca5c9c08394ce9b17e2b1b82957647,sheet1:R16,
4bb2eddae9977af7-sheet1-R17,2026-01-23,gwangju-buk,기획예산과,작은부엌,정원 조정 등 구정 현안 논의 간담회 경비 집행,256000,4bb2eddae9977af77ef32e3cfc76633eb3ca5c9c08394ce9b17e2b1b82957647,sheet1:R17,
4bb2eddae9977af7-sheet1-R18,2026-01-26,gwangju-buk,기획예산과,샤브향(용봉점),구정 주요 시책 추진 방안 논의 간담회 경비 집행,429500,4bb2eddae9977af77ef32e3cfc76633eb3ca5c9c08394ce9b17e2b1b82957647,sheet1:R18,
4bb2eddae9977af7-sheet1-R19,2026-01-26,gwangju-buk,기획예산과,넝쿨채,공약사업 추진 논의 간담회 경비 집행,350000,4bb2eddae9977af77ef32e3cfc76633eb3ca5c9c08394ce9b17e2b1b82957647,sheet1:R19,
4bb2eddae9977af7-sheet1-R20,2026-01-26,gwangju-buk,기획예산과,우미횟집,공약사업 추진 논의 간담회 경비 집행,369000,4bb2eddae9977af77ef32e3cfc76633eb3ca5c9c08394ce9b17e2b1b82957647,sheet1:R20,
4bb2eddae9977af7-sheet1-R21,2026-01-28,gwangju-buk,기획예산과,다미,행정통합 관련 대외협력 업무 간담회 경비 집행,300000,4bb2eddae9977af77ef32e3cfc76633eb3ca5c9c08394ce9b17e2b1b82957647,sheet1:R21,
4bb2eddae9977af7-sheet1-R22,2026-01-29,gwangju-buk,기획예산과,오우가,지역 현안 대외협력체계 구축방안 논의 간담회 경비 집행,100000,4bb2eddae9977af77ef32e3cfc76633eb3ca5c9c08394ce9b17e2b1b82957647,sheet1:R22,
4bb2eddae9977af7-sheet1-R23,2026-01-29,gwangju-buk,기획예산과,왕뼈사랑 상무점,제안제도 활성화 방안 논의 간담회 경비 집행,78000,4bb2eddae9977af77ef32e3cfc76633eb3ca5c9c08394ce9b17e2b1b82957647,sheet1:R23,
4bb2eddae9977af7-sheet1-R24,2026-01-30,gwangju-buk,기획예산과,현주네이야기,행정통합 관련 현안 논의 간담회 경비 집행,490000,4bb2eddae9977af77ef32e3cfc76633eb3ca5c9c08394ce9b17e2b1b82957647,sheet1:R24,
4bb2eddae9977af7-sheet1-R25,2026-02-02,gwangju-buk,기획예산과,오우가 오프박스,구정 시책 추진 방안 논의 간담회 경비 집행,171600,4bb2eddae9977af77ef32e3cfc76633eb3ca5c9c08394ce9b17e2b1b82957647,sheet1:R25,
4bb2eddae9977af7-sheet1-R26,2026-02-03,gwangju-buk,기획예산과,어선e,구정 주요 현안사업 추진을 위한 지역전문가 간담회 경비,100000,4bb2eddae9977af77ef32e3cfc76633eb3ca5c9c08394ce9b17e2b1b82957647,sheet1:R26,
4bb2eddae9977af7-sheet1-R27,2026-02-04,gwangju-buk,기획예산과,홍스시,평가 및 공모사업 지원을 위한 관계자 만찬 경비 집행,156000,4bb2eddae9977af77ef32e3cfc76633eb3ca5c9c08394ce9b17e2b1b82957647,sheet1:R27,
4bb2eddae9977af7-sheet1-R28,2026-02-06,gwangju-buk,기획예산과,무등골,구정 정책 현안 논의 간담회 경비 집행,58000,4bb2eddae9977af77ef32e3cfc76633eb3ca5c9c08394ce9b17e2b1b82957647,sheet1:R28,
4bb2eddae9977af7-sheet1-R29,2026-02-06,gwangju-buk,기획예산과,게누쓰,청년간부회의 활성화를 위한 간담회 경비 집행,195000,4bb2eddae9977af77ef32e3cfc76633eb3ca5c9c08394ce9b17e2b1b82957647,sheet1:R29,
4bb2eddae9977af7-sheet1-R30,2026-02-09,gwangju-buk,기획예산과,넝쿨채,구정 정책 현안 추진 논의 지역 전문가 간담회 경비 집행,485000,4bb2eddae9977af77ef32e3cfc76633eb3ca5c9c08394ce9b17e2b1b82957647,sheet1:R30,
4bb2eddae9977af7-sheet1-R31,2026-02-10,gwangju-buk,기획예산과,다현,구 현안사업 협력을 위한 간담회 경비 집행,461000,4bb2eddae9977af77ef32e3cfc76633eb3ca5c9c08394ce9b17e2b1b82957647,sheet1:R31,
4bb2eddae9977af7-sheet1-R32,2026-02-12,gwangju-buk,기획예산과,국일현방,중앙규제 개선과제 발굴 논의 간담회 경비 집행,250000,4bb2eddae9977af77ef32e3cfc76633eb3ca5c9c08394ce9b17e2b1b82957647,sheet1:R32,
4bb2eddae9977af7-sheet1-R33,2026-02-12,gwangju-buk,기획예산과,백년한우,협업행정 활성화 논의 등 관계자 간담회 경비 집행,455000,4bb2eddae9977af77ef32e3cfc76633eb3ca5c9c08394ce9b17e2b1b82957647,sheet1:R33,
4bb2eddae9977af7-sheet1-R34,2026-02-26,gwangju-buk,기획예산과,무등골,지역 현안 대외협력체계 구축방안 논의 간담회 경비 집행,64000,4bb2eddae9977af77ef32e3cfc76633eb3ca5c9c08394ce9b17e2b1b82957647,sheet1:R34,
4bb2eddae9977af7-sheet1-R35,2026-03-03,gwangju-buk,기획예산과,의정부대찌개냉면,적극행정 확산 방안 논의 관계가 간담회 경비 집행,475000,4bb2eddae9977af77ef32e3cfc76633eb3ca5c9c08394ce9b17e2b1b82957647,sheet1:R35,
4bb2eddae9977af7-sheet1-R36,2026-03-03,gwangju-buk,기획예산과,회복김밥,자치구 현안사업 건의 관계자 간담회 경비 집행,41700,4bb2eddae9977af77ef32e3cfc76633eb3ca5c9c08394ce9b17e2b1b82957647,sheet1:R36,
4bb2eddae9977af7-sheet1-R37,2026-03-04,gwangju-buk,기획예산과,넝쿨채,행정제도 개선과제 발굴 논의 관계자 간담회 경비 집행,150000,4bb2eddae9977af77ef32e3cfc76633eb3ca5c9c08394ce9b17e2b1b82957647,sheet1:R37,
4bb2eddae9977af7-sheet1-R38,2026-03-04,gwangju-buk,기획예산과,한정식 고담,구정 주요 현안 홍보 및 협력 관계자 간담회 경비 집행,140000,4bb2eddae9977af77ef32e3cfc76633eb3ca5c9c08394ce9b17e2b1b82957647,sheet1:R38,
4bb2eddae9977af7-sheet1-R39,2026-03-09,gwangju-buk,기획예산과,만미당,자치구 주요 현안사업 건의 등 관계자 간담회 경비 집행,417700,4bb2eddae9977af77ef32e3cfc76633eb3ca5c9c08394ce9b17e2b1b82957647,sheet1:R39,
4bb2eddae9977af7-sheet1-R40,2026-03-09,gwangju-buk,기획예산과,김연수해물나라,지방자치단체 규제 정비를 위한 간담회 경비 집행,192600,4bb2eddae9977af77ef32e3cfc76633eb3ca5c9c08394ce9b17e2b1b82957647,sheet1:R40,
4bb2eddae9977af7-sheet1-R41,2026-03-12,gwangju-buk,기획예산과,예송 오프박스,구정 주요 현안 논의 관계자 간담회 경비 집행,108300,4bb2eddae9977af77ef32e3cfc76633eb3ca5c9c08394ce9b17e2b1b82957647,sheet1:R41,
4bb2eddae9977af7-sheet1-R42,2026-03-12,gwangju-buk,기획예산과,제주통도야지,도시브랜드 및 캐릭터 활성화 추진 논의 간담회 경비 집행,220000,4bb2eddae9977af77ef32e3cfc76633eb3ca5c9c08394ce9b17e2b1b82957647,sheet1:R42,
4bb2eddae9977af7-sheet1-R43,2026-03-13,gwangju-buk,기획예산과,넝쿨채,현안사업 정책건의 논의 오찬 경비 집행,50000,4bb2eddae9977af77ef32e3cfc76633eb3ca5c9c08394ce9b17e2b1b82957647,sheet1:R43,
4bb2eddae9977af7-sheet1-R44,2026-03-17,gwangju-buk,기획예산과,넝쿨채,구정 현안 대외 협력을 위한 관계자 간담회 경비 집행,71000,4bb2eddae9977af77ef32e3cfc76633eb3ca5c9c08394ce9b17e2b1b82957647,sheet1:R44,
4bb2eddae9977af7-sheet1-R45,2026-03-17,gwangju-buk,기획예산과,옵스식당,시설관리공단 효율적 운영을 위한 관계자 간담회 경비 집행,471000,4bb2eddae9977af77ef32e3cfc76633eb3ca5c9c08394ce9b17e2b1b82957647,sheet1:R45,
4bb2eddae9977af7-sheet1-R46,2026-03-17,gwangju-buk,기획예산과,올능이능이버섯백숙,상반기 공무원 테마(배낭) 여행 추진을 위한 만찬 경비 집행,104000,4bb2eddae9977af77ef32e3cfc76633eb3ca5c9c08394ce9b17e2b1b82957647,sheet1:R46,
4bb2eddae9977af7-sheet1-R47,2026-03-20,gwangju-buk,기획예산과,돼지고기듬뿍넣은김치 할리스 북구청점,상반기 중앙규제 개선과제 발굴을 위한 관계자 간담회 경비 집행,91700,4bb2eddae9977af77ef32e3cfc76633eb3ca5c9c08394ce9b17e2b1b82957647,sheet1:R47,
4bb2eddae9977af7-sheet1-R48,2026-03-20,gwangju-buk,기획예산과,해수니보쌈 달콤메이드,정부합동평가 효율적 추진 논의 간담회 경비 집행,112500,4bb2eddae9977af77ef32e3cfc76633eb3ca5c9c08394ce9b17e2b1b82957647,sheet1:R48,
4bb2eddae9977af7-sheet1-R49,2026-03-23,gwangju-buk,기획예산과,넝쿨채,적극행정 우수사례 발굴 논의 관계자 만찬 경비 집행,437000,4bb2eddae9977af77ef32e3cfc76633eb3ca5c9c08394ce9b17e2b1b82957647,sheet1:R49,
4bb2eddae9977af7-sheet1-R50,2026-03-25,gwangju-buk,기획예산과,송하,평가공모사업 지원 및 관리를 위한 관계자 조찬 경비 집행,315000,4bb2eddae9977af77ef32e3cfc76633eb3ca5c9c08394ce9b17e2b1b82957647,sheet1:R50,
4bb2eddae9977af7-sheet1-R51,2026-03-26,gwangju-buk,기획예산과,열평집밥 파스쿠찌,생활SOC 시설 활성화 추진 방안 논의 간담회 경비 집행,96520,4bb2eddae9977af77ef32e3cfc76633eb3ca5c9c08394ce9b17e2b1b82957647,sheet1:R51,
4bb2eddae9977af7-sheet1-R52,2026-03-31,gwangju-buk,기획예산과,넝쿨채,구정 주요 현안 논의 관계자 간담회 경비 집행,455000,4bb2eddae9977af77ef32e3cfc76633eb3ca5c9c08394ce9b17e2b1b82957647,sheet1:R52,
4bb2eddae9977af7-sheet1-R56,2026-01-19,gwangju-buk,기획예산과,쌍학,구정 현안사업 특별조정교부금 건의를 위한 간담회 경비 집행,350000,4bb2eddae9977af77ef32e3cfc76633eb3ca5c9c08394ce9b17e2b1b82957647,sheet1:R56,
4bb2eddae9977af7-sheet1-R57,2026-01-26,gwangju-buk,기획예산과,넝쿨채,효율적 재정집행 방안 논의 간담회 경비 집행,250000,4bb2eddae9977af77ef32e3cfc76633eb3ca5c9c08394ce9b17e2b1b82957647,sheet1:R57,
4bb2eddae9977af7-sheet1-R58,2026-01-27,gwangju-buk,기획예산과,풍요,지방교부세 등 현안 논의 간담회 경비 집행,258000,4bb2eddae9977af77ef32e3cfc76633eb3ca5c9c08394ce9b17e2b1b82957647,sheet1:R58,
4bb2eddae9977af7-sheet1-R59,2026-02-09,gwangju-buk,기획예산과,해송낙지전문점,주민참여예산 예산학교 참석자 오찬 경비 집행,75000,4bb2eddae9977af77ef32e3cfc76633eb3ca5c9c08394ce9b17e2b1b82957647,sheet1:R59,
4bb2eddae9977af7-sheet1-R60,2026-03-05,gwangju-buk,기획예산과,올능이능이버섯백숙,정책현안사업 재정계획 논의를 위한 간담회 경비 집행,307000,4bb2eddae9977af77ef32e3cfc76633eb3ca5c9c08394ce9b17e2b1b82957647,sheet1:R60,
4bb2eddae9977af7-sheet1-R61,2026-03-27,gwangju-buk,기획예산과,게누쓰 모먼트오월,지방보조금 관리 논의 간담회 경비 집행,100400,4bb2eddae9977af77ef32e3cfc76633eb3ca5c9c08394ce9b17e2b1b82957647,sheet1:R61,
4bb2eddae9977af7-sheet1-R62,2026-03-31,gwangju-buk,기획예산과,넝쿨채,정부 추경 대응 관련 대외협력 간담회 경비 집행,75000,4bb2eddae9977af77ef32e3cfc76633eb3ca5c9c08394ce9b17e2b1b82957647,sheet1:R62,
4bb2eddae9977af7-sheet1-R66,2026-03-26,gwangju-buk,기획예산과,올능이능이버섯백숙,주민참여예산제 활성화 논의 간담회 경비 집행,203000,4bb2eddae9977af77ef32e3cfc76633eb3ca5c9c08394ce9b17e2b1b82957647,sheet1:R66,
4bb2eddae9977af7-sheet2-R5,2026-01-09,gwangju-buk,기획예산과,영발원,구 금고 협력사업 논의 간담회 경비 집행,48000,4bb2eddae9977af77ef32e3cfc76633eb3ca5c9c08394ce9b17e2b1b82957647,sheet2:R5,
4bb2eddae9977af7-sheet2-R6,2026-01-12,gwangju-buk,기획예산과,마천루,기획재정국 주요 현안 논의 간담회 경비 집행,78000,4bb2eddae9977af77ef32e3cfc76633eb3ca5c9c08394ce9b17e2b1b82957647,sheet2:R6,
4bb2eddae9977af7-sheet2-R7,2026-01-12,gwangju-buk,기획예산과,그랑팔레,기획재정국 주요 현안 논의 차담회 경비 집행,40400,4bb2eddae9977af77ef32e3cfc76633eb3ca5c9c08394ce9b17e2b1b82957647,sheet2:R7,
4bb2eddae9977af7-sheet2-R8,2026-01-13,gwangju-buk,기획예산과,우정옥,건전 재정 운영 방안 논의 간담회 경비 집행,97000,4bb2eddae9977af77ef32e3cfc76633eb3ca5c9c08394ce9b17e2b1b82957647,sheet2:R8,
4bb2eddae9977af7-sheet2-R9,2026-01-21,gwangju-buk,기획예산과,스테이,행정통합 관련 업무 추진 직원 격려 오찬 경비 집행,60000,4bb2eddae9977af77ef32e3cfc76633eb3ca5c9c08394ce9b17e2b1b82957647,sheet2:R9,
4bb2eddae9977af7-sheet2-R10,2026-01-29,gwangju-buk,기획예산과,오프박스,자주세원 확충 방안 업무 추진 직원 격려 차담회 경비 집행,23600,4bb2eddae9977af77ef32e3cfc76633eb3ca5c9c08394ce9b17e2b1b82957647,sheet2:R10,
4bb2eddae9977af7-sheet2-R11,2026-02-06,gwangju-buk,기획예산과,전통시골손두부 포르피노두번째이야기,주민참여예산제 업무 추진 직원 격려 오찬 경비 집행,97900,4bb2eddae9977af77ef32e3cfc76633eb3ca5c9c08394ce9b17e2b1b82957647,sheet2:R11,
4bb2eddae9977af7-sheet2-R12,2026-02-25,gwangju-buk,기획예산과,장터할인마트,기획재정국장실 내방객을 위한 다과 구입비 집행,300000,4bb2eddae9977af77ef32e3cfc76633eb3ca5c9c08394ce9b17e2b1b82957647,sheet2:R12,
4bb2eddae9977af7-sheet2-R13,2026-03-10,gwangju-buk,기획예산과,마실,특별교부세 확보 관련 업무 추진 직원 만찬 경비 집행,200000,4bb2eddae9977af77ef32e3cfc76633eb3ca5c9c08394ce9b17e2b1b82957647,sheet2:R13,
4bb2eddae9977af7-sheet2-R14,2026-03-11,gwangju-buk,기획예산과,게누쓰 모먼트오월,계약 업무 추진 직원 격려 오찬 경비 집행,108500,4bb2eddae9977af77ef32e3cfc76633eb3ca5c9c08394ce9b17e2b1b82957647,sheet2:R14,
4bb2eddae9977af7-sheet2-R15,2026-04-07,gwangju-buk,기획예산과,노릇노릇식당 할리스 북구청점,상반기 적극행정 선발 업무 추진 직원 격려 오찬 경비 집행,75600,4bb2eddae9977af77ef32e3cfc76633eb3ca5c9c08394ce9b17e2b1b82957647,sheet2:R15,
4bb2eddae9977af7-sheet2-R16,2026-04-09,gwangju-buk,기획예산과,돼지고기듬뿍넣은김치 할리읏 북구청점,고액체납자 책임징수 업무 추진 직원 격려 오찬 경비 집행,51000,4bb2eddae9977af77ef32e3cfc76633eb3ca5c9c08394ce9b17e2b1b82957647,sheet2:R16,
8c93093bf28efe24-sheet1-R6,2026-01-06,gwangju-buk,복지정책과,완도수산,새해맞이 나눔활동 업무 추진 관계자 간담회,495000,8c93093bf28efe249a1f53bd1678ffff8ff2625528668c9c6277355d681612bc,sheet1:R6,
8c93093bf28efe24-sheet1-R7,2026-01-12,gwangju-buk,복지정책과,오우가,통합돌봄사업 추진 관계자 격려 오찬,456000,8c93093bf28efe249a1f53bd1678ffff8ff2625528668c9c6277355d681612bc,sheet1:R7,
8c93093bf28efe24-sheet1-R8,2026-01-16,gwangju-buk,복지정책과,고다미일식,지역사회 통합돌봄 직원 격려 만찬 간담회,409000,8c93093bf28efe249a1f53bd1678ffff8ff2625528668c9c6277355d681612bc,sheet1:R8,
8c93093bf28efe24-sheet1-R9,2026-01-23,gwangju-buk,복지정책과,다현,지역사회보장협의체 운영 업무 추진 관계자 오찬 간담회,387000,8c93093bf28efe249a1f53bd1678ffff8ff2625528668c9c6277355d681612bc,sheet1:R9,
8c93093bf28efe24-sheet1-R10,2026-01-29,gwangju-buk,복지정책과,가향,후원품 기탁식 및 배부 추진 관계자 노고 격려 오찬,495000,8c93093bf28efe249a1f53bd1678ffff8ff2625528668c9c6277355d681612bc,sheet1:R10,
8c93093bf28efe24-sheet1-R11,2026-02-04,gwangju-buk,복지정책과,어등명가,노인의료돌봄 통합지원 시범사업 추진 관계자 격려 만찬,274000,8c93093bf28efe249a1f53bd1678ffff8ff2625528668c9c6277355d681612bc,sheet1:R11,
8c93093bf28efe24-sheet1-R12,2026-02-10,gwangju-buk,복지정책과,황금오리숯불구이,경로당 활성화 업무 추진 관련 만찬 간담,401000,8c93093bf28efe249a1f53bd1678ffff8ff2625528668c9c6277355d681612bc,sheet1:R12,
8c93093bf28efe24-sheet1-R13,2026-02-11,gwangju-buk,복지정책과,소나무,설 명절 나눔행사 추진 관계자 오찬 간담,482000,8c93093bf28efe249a1f53bd1678ffff8ff2625528668c9c6277355d681612bc,sheet1:R13,
8c93093bf28efe24-sheet1-R14,2026-02-13,gwangju-buk,복지정책과,진미포차,사회복지시설 위문방문 추진 관계자 격려 만찬,376000,8c93093bf28efe249a1f53bd1678ffff8ff2625528668c9c6277355d681612bc,sheet1:R14,
8c93093bf28efe24-sheet1-R15,2026-02-25,gwangju-buk,복지정책과,넝쿨채,노인맞춤돌봄 추진 관계자 오찬,486000,8c93093bf28efe249a1f53bd1678ffff8ff2625528668c9c6277355d681612bc,sheet1:R15,
8c93093bf28efe24-sheet1-R16,2026-02-27,gwangju-buk,복지정책과,옥돼지,경로당 개보수공사 추진 관련 만찬 간담,433000,8c93093bf28efe249a1f53bd1678ffff8ff2625528668c9c6277355d681612bc,sheet1:R16,
8c93093bf28efe24-sheet1-R17,2026-03-06,gwangju-buk,복지정책과,노릇노릇식당,장애인거주시설 운영 관련 관계자 오찬 간담회,474000,8c93093bf28efe249a1f53bd1678ffff8ff2625528668c9c6277355d681612bc,sheet1:R17,
8c93093bf28efe24-sheet1-R18,2026-03-11,gwangju-buk,복지정책과,명태어장,노인일자리 추진 관계자 오찬 간담,236000,8c93093bf28efe249a1f53bd1678ffff8ff2625528668c9c6277355d681612bc,sheet1:R18,
8c93093bf28efe24-sheet1-R19,2026-03-12,gwangju-buk,복지정책과,넝쿨채,사회적 고립 위기가구 발굴 추진 관계자 오찬 간담회,432000,8c93093bf28efe249a1f53bd1678ffff8ff2625528668c9c6277355d681612bc,sheet1:R19,
8c93093bf28efe24-sheet1-R20,2026-03-18,gwangju-buk,복지정책과,밤실마을,취약계층 밀집지역 주거복지향상을 위한 오찬 간담회(두암2단지),377000,8c93093bf28efe249a1f53bd1678ffff8ff2625528668c9c6277355d681612bc,sheet1:R20,
8c93093bf28efe24-sheet1-R21,2026-03-19,gwangju-buk,복지정책과,바다로한상,취약계층 밀집지역 주거복지향상을 위한 오찬 간담회(우산3단지),350000,8c93093bf28efe249a1f53bd1678ffff8ff2625528668c9c6277355d681612bc,sheet1:R21,
8c93093bf28efe24-sheet1-R22,2026-03-20,gwangju-buk,복지정책과,람바다,취약계층 밀집지역 주거복지향상을 위한 오찬 간담회(두암4단지),345000,8c93093bf28efe249a1f53bd1678ffff8ff2625528668c9c6277355d681612bc,sheet1:R22,
8c93093bf28efe24-sheet1-R23,2026-03-24,gwangju-buk,복지정책과,김연수해물나라,믿고 맡길수 있는 보육환경 조성을 위한 어린이집 관계자 오찬 간담회,495000,8c93093bf28efe249a1f53bd1678ffff8ff2625528668c9c6277355d681612bc,sheet1:R23,
8c93093bf28efe24-sheet1-R24,2026-03-25,gwangju-buk,복지정책과,다현,취약계층 밀집지역 주거복지향상을 위한 오찬 간담회(오치1단지),440000,8c93093bf28efe249a1f53bd1678ffff8ff2625528668c9c6277355d681612bc,sheet1:R24,
8c93093bf28efe24-sheet1-R28,2026-02-04,gwangju-buk,복지정책과,"게누쓰, 청자다방",지역사회서비스투자사업 관련 업무 추진 관계자 격려 오찬(가족복지),123900,8c93093bf28efe249a1f53bd1678ffff8ff2625528668c9c6277355d681612bc,sheet1:R28,
8c93093bf28efe24-sheet1-R29,2026-02-06,gwangju-buk,복지정책과,"빛고을명가, 다운스",설명절 돌봄이웃 지원 사업 추진 관계자 격려 오찬(가족복지),256200,8c93093bf28efe249a1f53bd1678ffff8ff2625528668c9c6277355d681612bc,sheet1:R29,
8c93093bf28efe24-sheet1-R30,2026-03-03,gwangju-buk,복지정책과,"올능이능이버섯백숙, 루다커피",지역사회서비스투자사업 관련 업무 추진 관계자 격려 오찬(가족복지),158000,8c93093bf28efe249a1f53bd1678ffff8ff2625528668c9c6277355d681612bc,sheet1:R30,
8c93093bf28efe24-sheet1-R31,2026-03-09,gwangju-buk,복지정책과,백련옥,청소년 복지 업무 추진 관계자 오찬(가족복지),189000,8c93093bf28efe249a1f53bd1678ffff8ff2625528668c9c6277355d681612bc,sheet1:R31,
8c93093bf28efe24-sheet1-R32,2026-03-17,gwangju-buk,복지정책과,빛고을명가,양성평등정책 추진 관계자 간담회(가족복지),80000,8c93093bf28efe249a1f53bd1678ffff8ff2625528668c9c6277355d681612bc,sheet1:R32,
8c93093bf28efe24-sheet1-R33,2026-03-18,gwangju-buk,복지정책과,황금회포차 광주용봉,민관협력사업 추진 관계자 만찬 간담회(가족복지),180000,8c93093bf28efe249a1f53bd1678ffff8ff2625528668c9c6277355d681612bc,sheet1:R33,
8c93093bf28efe24-sheet1-R34,2026-03-25,gwangju-buk,복지정책과,해수니보쌈,여성친화도시 추진 관련 만찬 간담(가족복지),235000,8c93093bf28efe249a1f53bd1678ffff8ff2625528668c9c6277355d681612bc,sheet1:R34,
8c93093bf28efe24-sheet1-R38,2026-03-04,gwangju-buk,복지정책과,"금나연, 콩샌",천사무료급식 업무추진 관계자 오찬(복지정책),113000,8c93093bf28efe249a1f53bd1678ffff8ff2625528668c9c6277355d681612bc,sheet1:R38,
8c93093bf28efe24-sheet1-R39,2026-03-30,gwangju-buk,복지정책과,오리랑돼지랑,북구 우리함께라면 추진 관계자 오찬 간담회(복지정책),64000,8c93093bf28efe249a1f53bd1678ffff8ff2625528668c9c6277355d681612bc,sheet1:R39,
8c93093bf28efe24-sheet1-R43,2026-01-03,gwangju-buk,복지정책과,바다로,새해맞이 나눔배식봉사 추진 노고 격려,154000,8c93093bf28efe249a1f53bd1678ffff8ff2625528668c9c6277355d681612bc,sheet1:R43,
8c93093bf28efe24-sheet1-R44,2026-01-22,gwangju-buk,복지정책과,디저트라디오,행정통합 주민설명회 추진 관련 차담회,37500,8c93093bf28efe249a1f53bd1678ffff8ff2625528668c9c6277355d681612bc,sheet1:R44,
8c93093bf28efe24-sheet1-R45,2026-02-05,gwangju-buk,복지정책과,라이트라이트샵,복지정책과 현안업무 추진 직원 격려 간담회,62600,8c93093bf28efe249a1f53bd1678ffff8ff2625528668c9c6277355d681612bc,sheet1:R45,
8c93093bf28efe24-sheet1-R46,2026-02-09,gwangju-buk,복지정책과,"정가네나주곰탕, 할리스북구청점",전통놀이 및 쿠킹클래스 추진 등 드림스타트 업무 관계자 격려 오찬,85400,8c93093bf28efe249a1f53bd1678ffff8ff2625528668c9c6277355d681612bc,sheet1:R46,
8c93093bf28efe24-sheet1-R47,2026-02-11,gwangju-buk,복지정책과,전라도 홍어,천사무료급식 운영 봉사단체(한국나눔연맹)에 대한 격려품 구입,150000,8c93093bf28efe249a1f53bd1678ffff8ff2625528668c9c6277355d681612bc,sheet1:R47,
8c93093bf28efe24-sheet1-R48,2026-02-12,gwangju-buk,복지정책과,"백련옥, 오월에",여성보육과 현안업무 추진 직원 격려 간담회,185000,8c93093bf28efe249a1f53bd1678ffff8ff2625528668c9c6277355d681612bc,sheet1:R48,
8c93093bf28efe24-sheet1-R49,2026-02-24,gwangju-buk,복지정책과,할리스북구청점,복지관리과 현안업무 추진 직원 격려 간담회,47000,8c93093bf28efe249a1f53bd1678ffff8ff2625528668c9c6277355d681612bc,sheet1:R49,
8c93093bf28efe24-sheet1-R50,2026-03-08,gwangju-buk,복지정책과,개인(성명 비공개),가족복지국 소속지원 조의금 지급,50000,8c93093bf28efe249a1f53bd1678ffff8ff2625528668c9c6277355d681612bc,sheet1:R50,
8c93093bf28efe24-sheet1-R51,2026-03-23,gwangju-buk,복지정책과,정가네나주곰탕,아동청소년과 현안업무 추진 직원 격려 간담회,60000,8c93093bf28efe249a1f53bd1678ffff8ff2625528668c9c6277355d681612bc,sheet1:R51,
8c93093bf28efe24-sheet1-R52,2026-03-26,gwangju-buk,복지정책과,샤브향,중점관리대상자 확인조사 업무 추진 관계자 격려 오찬,125000,8c93093bf28efe249a1f53bd1678ffff8ff2625528668c9c6277355d681612bc,sheet1:R52,
8c93093bf28efe24-sheet1-R53,2026-03-31,gwangju-buk,복지정책과,"광양재첩, 할리스북구청점",사회복지종사자 실태조사 업무 추진 직원 격려 오찬,164400,8c93093bf28efe249a1f53bd1678ffff8ff2625528668c9c6277355d681612bc,sheet1:R53,
e858cf0be0e9a396-sheet1-R4,2026-01-09,gwangju-buk,신용동,백리향,인사발령에 따른 전출 직원 격려 식사비 지급,145000,e858cf0be0e9a3965b7dbeda1df48f23e0d9b3598d40c594a1c6d1683d8562b1,sheet1:R4,
e858cf0be0e9a396-sheet1-R5,2026-01-21,gwangju-buk,신용동,김정호양평해장국,지역사회보장협의체 월례회의 참석자 식사비 지급,162000,e858cf0be0e9a3965b7dbeda1df48f23e0d9b3598d40c594a1c6d1683d8562b1,sheet1:R5,
e858cf0be0e9a396-sheet1-R6,2026-02-11,gwangju-buk,신용동,아람식자재마트,동 행정복지센터 소속 상근직원 등 격려 설명절 선물 구입비 지급,518700,e858cf0be0e9a3965b7dbeda1df48f23e0d9b3598d40c594a1c6d1683d8562b1,sheet1:R6,
e858cf0be0e9a396-sheet1-R7,2026-02-25,gwangju-buk,신용동,"도야짬뽕,댄싱컵(광주첨단점)",문화누리바우처 등 민원 업무 추진 담당자 격려 식사 및 음료 구입비 지급,100500,e858cf0be0e9a3965b7dbeda1df48f23e0d9b3598d40c594a1c6d1683d8562b1,sheet1:R7,
e858cf0be0e9a396-sheet1-R8,2026-03-05,gwangju-buk,신용동,495나폴리(첨단점),아동 복지 사업 등 복지 업무 추진 담당자 격려 식사비 지급,81000,e858cf0be0e9a3965b7dbeda1df48f23e0d9b3598d40c594a1c6d1683d8562b1,sheet1:R8,
e858cf0be0e9a396-sheet1-R9,2026-03-18,gwangju-buk,신용동,댄싱컵 (광주첨단첨),현안 업무추진 직원 및 복지도우미 등 격려를 위한 음료구입비 지급,100000,e858cf0be0e9a3965b7dbeda1df48f23e0d9b3598d40c594a1c6d1683d8562b1,sheet1:R9,
e858cf0be0e9a396-sheet1-R10,2026-03-25,gwangju-buk,신용동,유한회사 다온가에프,기초생활수급 및 맞춤형 복지 업무 추진 담당자 격려 식사비 지급,200000,e858cf0be0e9a3965b7dbeda1df48f23e0d9b3598d40c594a1c6d1683d8562b1,sheet1:R10,
e858cf0be0e9a396-sheet1-R11,2026-03-26,gwangju-buk,신용동,495나폴리(첨단점),주민자치 및 민원 업무 추진 담당자 격려 식사비 지급,162000,e858cf0be0e9a3965b7dbeda1df48f23e0d9b3598d40c594a1c6d1683d8562b1,sheet1:R11,
6516ce028045855a-sheet1-R3,2026-01-06,gwangju-buk,중앙동,슈퍼마켓자연숲 중흥,동 방문 자생단체 및 민원인 응대 음료 구입,75000,6516ce028045855ac086bad0de0fbd9f974fadd11ad979125347a6fbeb3bbb65,sheet1:R3,
6516ce028045855a-sheet1-R4,2026-01-10,gwangju-buk,중앙동,신(新)수원갈비,정기인사에 따른 전출 직원 격려,196000,6516ce028045855ac086bad0de0fbd9f974fadd11ad979125347a6fbeb3bbb65,sheet1:R4,
6516ce028045855a-sheet1-R5,2026-01-19,gwangju-buk,중앙동,광은식당,동장 부재중 업무 추진 등 직원 격려,36000,6516ce028045855ac086bad0de0fbd9f974fadd11ad979125347a6fbeb3bbb65,sheet1:R5,
6516ce028045855a-sheet1-R6,2026-01-20,gwangju-buk,중앙동,자매식당,인사이동 현안업무 인수 등 직원 격려,108000,6516ce028045855ac086bad0de0fbd9f974fadd11ad979125347a6fbeb3bbb65,sheet1:R6,
6516ce028045855a-sheet1-R7,2026-01-22,gwangju-buk,중앙동,오우가,2기 주민자치회 임원 선출에 따른 간담,80000,6516ce028045855ac086bad0de0fbd9f974fadd11ad979125347a6fbeb3bbb65,sheet1:R7,
6516ce028045855a-sheet1-R8,2026-01-27,gwangju-buk,중앙동,주식회사화흠,현안업무 추진 전직원 격려,63900,6516ce028045855ac086bad0de0fbd9f974fadd11ad979125347a6fbeb3bbb65,sheet1:R8,
6516ce028045855a-sheet1-R9,2026-01-30,gwangju-buk,중앙동,자매식당,사회복지 업무 지원 직원 등 격려,90000,6516ce028045855ac086bad0de0fbd9f974fadd11ad979125347a6fbeb3bbb65,sheet1:R9,
6516ce028045855a-sheet1-R10,2026-02-03,gwangju-buk,중앙동,이마트광주점,설 명절맞이 직원 격려 선물 구입,299500,6516ce028045855ac086bad0de0fbd9f974fadd11ad979125347a6fbeb3bbb65,sheet1:R10,
6516ce028045855a-sheet1-R11,2026-02-06,gwangju-buk,중앙동,소코아(전대점),광주전남 통합 주민설명회 지원 직원 등 격려,71800,6516ce028045855ac086bad0de0fbd9f974fadd11ad979125347a6fbeb3bbb65,sheet1:R11,
6516ce028045855a-sheet1-R12,2026-02-11,gwangju-buk,중앙동,슈퍼마켓자연숲 중흥,설 명절맞이 직원 격려 선물 구입,27000,6516ce028045855ac086bad0de0fbd9f974fadd11ad979125347a6fbeb3bbb65,sheet1:R12,
6516ce028045855a-sheet1-R13,2026-02-12,gwangju-buk,중앙동,신(新)수원갈비,방위협의회 임원진 간담,58000,6516ce028045855ac086bad0de0fbd9f974fadd11ad979125347a6fbeb3bbb65,sheet1:R13,
6516ce028045855a-sheet1-R14,2026-02-19,gwangju-buk,중앙동,주식회사화흠,설명절맞이 현안업무 추진 전 직원 등 격려,49690,6516ce028045855ac086bad0de0fbd9f974fadd11ad979125347a6fbeb3bbb65,sheet1:R14,
6516ce028045855a-sheet1-R15,2026-03-03,gwangju-buk,중앙동,함양옻닭,방위협의회 신규 임원진 간담,74000,6516ce028045855ac086bad0de0fbd9f974fadd11ad979125347a6fbeb3bbb65,sheet1:R15,
6516ce028045855a-sheet1-R16,2026-03-05,gwangju-buk,중앙동,광은식당,봄꽃 식재 환경정비 사업 추진 직원 격려,48000,6516ce028045855ac086bad0de0fbd9f974fadd11ad979125347a6fbeb3bbb65,sheet1:R16,
6516ce028045855a-sheet1-R17,2026-03-11,gwangju-buk,중앙동,주식회사화흠,당면 현안업무 추진 전직원 격려,72290,6516ce028045855ac086bad0de0fbd9f974fadd11ad979125347a6fbeb3bbb65,sheet1:R17,
6516ce028045855a-sheet1-R18,2026-03-11,gwangju-buk,중앙동,신(新)수원갈비,주민참여예산위원회 회의 참여자 간담,98000,6516ce028045855ac086bad0de0fbd9f974fadd11ad979125347a6fbeb3bbb65,sheet1:R18,
6516ce028045855a-sheet1-R19,2026-03-16,gwangju-buk,중앙동,함양옻닭,동네순찰단 임원진 활동 격려 간담,55000,6516ce028045855ac086bad0de0fbd9f974fadd11ad979125347a6fbeb3bbb65,sheet1:R19,
6516ce028045855a-sheet1-R20,2026-03-21,gwangju-buk,중앙동,유명,이달의 가게 선정 골목형상점가 소상공인 격려 간담,230000,6516ce028045855ac086bad0de0fbd9f974fadd11ad979125347a6fbeb3bbb65,sheet1:R20,
6516ce028045855a-sheet1-R21,2026-03-29,gwangju-buk,중앙동,만복식당,지역사회보장협의체 워크숍 추진 직원 격려 간담,52000,6516ce028045855ac086bad0de0fbd9f974fadd11ad979125347a6fbeb3bbb65,sheet1:R21,
6516ce028045855a-sheet1-R22,2026-03-31,gwangju-buk,중앙동,만복식당,행정서비스 민원 업무 추진 직원 격려,66000,6516ce028045855ac086bad0de0fbd9f974fadd11ad979125347a6fbeb3bbb65,sheet1:R22,
24b85b3dad7e1be7-table1-R2,2026-01-08,gwangju-buk,석곡동,맑은바람,자생단체장 새해 격려 다과비 집행,20000,24b85b3dad7e1be761c854689bf8b73391ad5594f7db567db072d1df39114b00,table1:R2,
24b85b3dad7e1be7-table1-R3,2026-01-15,gwangju-buk,석곡동,세모아,지역사회보장협의체 새해맞이 활동 격려 식사비 집행,90000,24b85b3dad7e1be761c854689bf8b73391ad5594f7db567db072d1df39114b00,table1:R3,
24b85b3dad7e1be7-table1-R4,2026-01-20,gwangju-buk,석곡동,수림갈비,2026.1.12. 인사이동에 따른 직원 격려 식사비 집행,297500,24b85b3dad7e1be761c854689bf8b73391ad5594f7db567db072d1df39114b00,table1:R4,
24b85b3dad7e1be7-table1-R5,2026-02-03,gwangju-buk,석곡동,매일맛집,주민자치회 임원진 활동 격려 식사비 집행,95000,24b85b3dad7e1be761c854689bf8b73391ad5594f7db567db072d1df39114b00,table1:R5,
24b85b3dad7e1be7-table1-R6,2026-02-09,gwangju-buk,석곡동,무궁화정,새마을 부녀회 활동 격려 식사비 집행,304000,24b85b3dad7e1be761c854689bf8b73391ad5594f7db567db072d1df39114b00,table1:R6,
24b85b3dad7e1be7-table1-R7,2026-02-13,gwangju-buk,석곡동,효령왕갈비탕,자율방범대 활동 격려 식사비 집행,60000,24b85b3dad7e1be761c854689bf8b73391ad5594f7db567db072d1df39114b00,table1:R7,
24b85b3dad7e1be7-table1-R8,2026-03-05,gwangju-buk,석곡동,오피커피외 1,통장단 활동 격려 식사비 및 다과비 집행,76000,24b85b3dad7e1be761c854689bf8b73391ad5594f7db567db072d1df39114b00,table1:R8,
24b85b3dad7e1be7-table1-R9,2026-03-18,gwangju-buk,석곡동,오피커피,주민자치회 활동 격려 다과비 집행,32500,24b85b3dad7e1be761c854689bf8b73391ad5594f7db567db072d1df39114b00,table1:R9,
24b85b3dad7e1be7-table1-R10,2026-03-24,gwangju-buk,석곡동,해뜰날포차,방위협의회 활동 격려 식사비 집행,120000,24b85b3dad7e1be761c854689bf8b73391ad5594f7db567db072d1df39114b00,table1:R10,
aac02ad4e97b2411-sheet1-R4,2026-03-27,gwangju-buk,세무2과,명품찹쌀꽈배기(중흥동),번호판 합동영치 추진 직원 격려,60000,aac02ad4e97b2411885fd10c61876868ba4efffc19a6d45ae4e209d30f2625b3,sheet1:R4,
23043467c983bbe8-sheet1-R5,2026-01-05,gwangju-buk,우산동,"뚝배기생태한마리, 커피마루우산점",신년맞이 직원 격려 오찬비 및 음료비 집행,68500,23043467c983bbe8b614bc911f58c1330aaac8cca22865ed682059b708b5fbe2,sheet1:R5,
23043467c983bbe8-sheet1-R6,2026-01-13,gwangju-buk,우산동,"해일서대나라, 힉힉(카페)",주민자치업무 추진 격려 기관운영업무추진비 집행,88000,23043467c983bbe8b614bc911f58c1330aaac8cca22865ed682059b708b5fbe2,sheet1:R6,
23043467c983bbe8-sheet1-R7,2026-01-13,gwangju-buk,우산동,한우식육식당,돌봄이웃 후원 참여자 격려 기관운영업무추진비 집행,89000,23043467c983bbe8b614bc911f58c1330aaac8cca22865ed682059b708b5fbe2,sheet1:R7,
23043467c983bbe8-sheet1-R8,2026-01-22,gwangju-buk,우산동,방울식당,돌봄이웃 후원 유관기관 업무협조 오찬비 집행,40000,23043467c983bbe8b614bc911f58c1330aaac8cca22865ed682059b708b5fbe2,sheet1:R8,
23043467c983bbe8-sheet1-R9,2026-01-27,gwangju-buk,우산동,문흥황칠본가,경로당 운영 활성화를 위한 관계자 오찬비 집행,75000,23043467c983bbe8b614bc911f58c1330aaac8cca22865ed682059b708b5fbe2,sheet1:R9,
23043467c983bbe8-sheet1-R10,2026-01-30,gwangju-buk,우산동,말바우시장주차장구내식당,방위협의회 활동 격려를 위한 오찬비 집행,136000,23043467c983bbe8b614bc911f58c1330aaac8cca22865ed682059b708b5fbe2,sheet1:R10,
23043467c983bbe8-sheet1-R11,2026-01-28,gwangju-buk,우산동,웰빙대패삼겹살,마을만들기 지원사업 공모 의견수렴 만찬비 집행,126000,23043467c983bbe8b614bc911f58c1330aaac8cca22865ed682059b708b5fbe2,sheet1:R11,
23043467c983bbe8-sheet1-R12,2026-02-02,gwangju-buk,우산동,방울식당,당면 업무추진 격려 오찬비 집행,40000,23043467c983bbe8b614bc911f58c1330aaac8cca22865ed682059b708b5fbe2,sheet1:R12,
23043467c983bbe8-sheet1-R13,2026-02-03,gwangju-buk,우산동,바우시장주차장구내식당,새마을부녀회 활동 격려 만찬을 위한 기관운영업무추진비 집행,102000,23043467c983bbe8b614bc911f58c1330aaac8cca22865ed682059b708b5fbe2,sheet1:R13,
23043467c983bbe8-sheet1-R14,2026-02-06,gwangju-buk,우산동,도화정,광주전남 행정통합 권역별 주민설명회 지원 격려 오찬비 집행,48000,23043467c983bbe8b614bc911f58c1330aaac8cca22865ed682059b708b5fbe2,sheet1:R14,
23043467c983bbe8-sheet1-R15,2026-02-11,gwangju-buk,우산동,"금란정, 이디야 광주말바우점",자생단체장 간담회 오찬 기관운영업무추진비 집행,251800,23043467c983bbe8b614bc911f58c1330aaac8cca22865ed682059b708b5fbe2,sheet1:R15,
23043467c983bbe8-sheet1-R16,2026-02-25,gwangju-buk,우산동,광주북구일터지역자활센터(커피마루우산점),경로당 운영 격려를 위한 기관운영업무추진비 집행,15500,23043467c983bbe8b614bc911f58c1330aaac8cca22865ed682059b708b5fbe2,sheet1:R16,
23043467c983bbe8-sheet1-R17,2026-02-26,gwangju-buk,우산동,카페말바우,주민참여예산위원 활동 격려 기관운영업무추진비 집행,28000,23043467c983bbe8b614bc911f58c1330aaac8cca22865ed682059b708b5fbe2,sheet1:R17,
23043467c983bbe8-sheet1-R18,2026-02-26,gwangju-buk,우산동,해남회포차,맞춤형복지업무 유관단체 협력을 위한 기관운영업무추진비 집행,120000,23043467c983bbe8b614bc911f58c1330aaac8cca22865ed682059b708b5fbe2,sheet1:R18,
23043467c983bbe8-sheet1-R19,2026-03-06,gwangju-buk,우산동,"마중물추어탕문흥점, 띠아모",대민 현안업무 추진 직원 격려 기관운영업무추진비 집행,101500,23043467c983bbe8b614bc911f58c1330aaac8cca22865ed682059b708b5fbe2,sheet1:R19,
23043467c983bbe8-sheet1-R20,2026-03-17,gwangju-buk,우산동,풍류랑,주민자치회 활동 격려 오찬 기관운영업무추진비 집행,60000,23043467c983bbe8b614bc911f58c1330aaac8cca22865ed682059b708b5fbe2,sheet1:R20,
23043467c983bbe8-sheet1-R21,2026-03-17,gwangju-buk,우산동,바른초밥 두암점,돌봄이웃 후원자 격려 만찬을 위한 기관운영업무추진비 집행,44900,23043467c983bbe8b614bc911f58c1330aaac8cca22865ed682059b708b5fbe2,sheet1:R21,
23043467c983bbe8-sheet1-R22,2026-03-20,gwangju-buk,우산동,육지로한상,동정 현안업무 추진 격려 오찬 기관운영업무추진비 집행,45000,23043467c983bbe8b614bc911f58c1330aaac8cca22865ed682059b708b5fbe2,sheet1:R22,
23043467c983bbe8-sheet1-R23,2026-03-24,gwangju-buk,우산동,치킨퐁,당면업무 추진 격려 만찬 기관운영업무추진비 집행,126500,23043467c983bbe8b614bc911f58c1330aaac8cca22865ed682059b708b5fbe2,sheet1:R23,
23043467c983bbe8-sheet1-R24,2026-03-25,gwangju-buk,우산동,뚝배기생태한마리,수선화동산 봄빛 전시회 개최 협조를 위한 기관운영업무추진비 집행,44000,23043467c983bbe8b614bc911f58c1330aaac8cca22865ed682059b708b5fbe2,sheet1:R24,
23043467c983bbe8-sheet1-R25,2026-03-26,gwangju-buk,우산동,뚝배기생태한마리,주공3단지 복지향상을 위한 관계자 오찬 기관운영업무추진비 집행,52000,23043467c983bbe8b614bc911f58c1330aaac8cca22865ed682059b708b5fbe2,sheet1:R25,
23043467c983bbe8-sheet1-R26,2026-03-27,gwangju-buk,우산동,"대복회세꼬시, 컴포즈커피 동강대점",통장단 활동 격려 오찬 기관운영업무추진비 집행,140300,23043467c983bbe8b614bc911f58c1330aaac8cca22865ed682059b708b5fbe2,sheet1:R26,
cbf8fb3e0858cc98-sheet1-R4,2026-01-02,gwangju-buk,신안동,고밥,새해맞이 직원 격려,41000,cbf8fb3e0858cc98d7ee3e6726829dfd04ffa19417eb0031f93205f53610051d,sheet1:R4,
cbf8fb3e0858cc98-sheet1-R5,2026-01-09,gwangju-buk,신안동,"명태어장, 107호커피",동정업무 협업 및 정보공유 간담회,99000,cbf8fb3e0858cc98d7ee3e6726829dfd04ffa19417eb0031f93205f53610051d,sheet1:R5,
cbf8fb3e0858cc98-sheet1-R6,2026-01-16,gwangju-buk,신안동,한우능이곰탕,복지사각지대 업무추진에 따른 직원 격려,52000,cbf8fb3e0858cc98d7ee3e6726829dfd04ffa19417eb0031f93205f53610051d,sheet1:R6,
cbf8fb3e0858cc98-sheet1-R7,2026-01-20,gwangju-buk,신안동,러브마롱,현안업무 추진에 따른 팀장 등 격려 간식 구입,150000,cbf8fb3e0858cc98d7ee3e6726829dfd04ffa19417eb0031f93205f53610051d,sheet1:R7,
cbf8fb3e0858cc98-sheet1-R8,2026-01-22,gwangju-buk,신안동,"태봉골식육식당, 이오삼",통장위촉심의위원회 심의,146800,cbf8fb3e0858cc98d7ee3e6726829dfd04ffa19417eb0031f93205f53610051d,sheet1:R8,
cbf8fb3e0858cc98-sheet1-R9,2026-01-29,gwangju-buk,신안동,해수니보쌈,주민자치회 운영활성화를 위한 임원진 간담회,193000,cbf8fb3e0858cc98d7ee3e6726829dfd04ffa19417eb0031f93205f53610051d,sheet1:R9,
cbf8fb3e0858cc98-sheet1-R10,2026-02-03,gwangju-buk,신안동,조아회관,동정업무 협업 및 정보공유 간담회,44000,cbf8fb3e0858cc98d7ee3e6726829dfd04ffa19417eb0031f93205f53610051d,sheet1:R10,
cbf8fb3e0858cc98-sheet1-R11,2026-02-10,gwangju-buk,신안동,상생장터,설 명절맞이 직원 격려,280000,cbf8fb3e0858cc98d7ee3e6726829dfd04ffa19417eb0031f93205f53610051d,sheet1:R11,
cbf8fb3e0858cc98-sheet1-R12,2026-02-13,gwangju-buk,신안동,"황금리, 마당",동정업무 협업 및 정보공유 간담회,96200,cbf8fb3e0858cc98d7ee3e6726829dfd04ffa19417eb0031f93205f53610051d,sheet1:R12,
cbf8fb3e0858cc98-sheet1-R13,2026-02-23,gwangju-buk,신안동,태봉골식육식당,현안업무 추진에 따른 전직원 격려,168000,cbf8fb3e0858cc98d7ee3e6726829dfd04ffa19417eb0031f93205f53610051d,sheet1:R13,
cbf8fb3e0858cc98-sheet1-R14,2026-03-06,gwangju-buk,신안동,태봉골식육식당,광주전남 행정통합 타운홀미팅에 따른 간담회,70000,cbf8fb3e0858cc98d7ee3e6726829dfd04ffa19417eb0031f93205f53610051d,sheet1:R14,
cbf8fb3e0858cc98-sheet1-R15,2026-03-10,gwangju-buk,신안동,"백소정, 마블스퀘어",동정업무 협업 및 정보공유 간담회,51600,cbf8fb3e0858cc98d7ee3e6726829dfd04ffa19417eb0031f93205f53610051d,sheet1:R15,
cbf8fb3e0858cc98-sheet1-R16,2026-03-12,gwangju-buk,신안동,태봉골식육식당,동 당면업무 추진에 따른 팀장 격려,48000,cbf8fb3e0858cc98d7ee3e6726829dfd04ffa19417eb0031f93205f53610051d,sheet1:R16,
cbf8fb3e0858cc98-sheet1-R17,2026-03-19,gwangju-buk,신안동,태봉골식육식당,지역사회보장협의체 운영 활성화를 위한 간담회,70000,cbf8fb3e0858cc98d7ee3e6726829dfd04ffa19417eb0031f93205f53610051d,sheet1:R17,
cbf8fb3e0858cc98-sheet1-R18,2026-03-27,gwangju-buk,신안동,한우능이곰탕,동정업무 협업 및 정보공유 간담회,42000,cbf8fb3e0858cc98d7ee3e6726829dfd04ffa19417eb0031f93205f53610051d,sheet1:R18,
e476089495ececf6-sheet1-R5,2026-01-19,gwangju-buk,도시개발과,무등돈,신관 등 부서재배치 이사용역 추진 관계자 간담,447000,e476089495ececf6f4669e99ada9e09a8b1bdf5d0b9ae74aa28d97cfbeafe37c,sheet1:R5,
e476089495ececf6-sheet1-R6,2026-01-28,gwangju-buk,도시개발과,너랑 나랑,북구청사 신관 건립공사 추진 관계자 간담,415500,e476089495ececf6f4669e99ada9e09a8b1bdf5d0b9ae74aa28d97cfbeafe37c,sheet1:R6,
e476089495ececf6-sheet1-R7,2026-02-02,gwangju-buk,도시개발과,남해바다,금당새뜰마을 조성사업 주민역량강화 용역 관계자 간담,412000,e476089495ececf6f4669e99ada9e09a8b1bdf5d0b9ae74aa28d97cfbeafe37c,sheet1:R7,
e476089495ececf6-sheet1-R8,2026-02-13,gwangju-buk,도시개발과,어선,금당새뜰마을 조성사업 마스터플랜 변경용역 관계자 간담,465000,e476089495ececf6f4669e99ada9e09a8b1bdf5d0b9ae74aa28d97cfbeafe37c,sheet1:R8,
e476089495ececf6-sheet1-R9,2026-03-09,gwangju-buk,도시개발과,넝쿨째,2027년 취약지역 생활여건 개조사업 공모 관계자 간담,463000,e476089495ececf6f4669e99ada9e09a8b1bdf5d0b9ae74aa28d97cfbeafe37c,sheet1:R9,
e476089495ececf6-sheet1-R10,2026-03-17,gwangju-buk,도시개발과,오우가,호우피해 재난 도로조명 재해복구공사 관계자 간담,387000,e476089495ececf6f4669e99ada9e09a8b1bdf5d0b9ae74aa28d97cfbeafe37c,sheet1:R10,
e476089495ececf6-sheet1-R11,2026-03-24,gwangju-buk,도시개발과,담양숯불갈비,오치2동커뮤니티센터 건립 전기공사 관계자 간담,375000,e476089495ececf6f4669e99ada9e09a8b1bdf5d0b9ae74aa28d97cfbeafe37c,sheet1:R11,
e476089495ececf6-sheet1-R16,2026-01-02,gwangju-buk,도시개발과,할리스,제2기 빈집정비 계획 수립용역 관계자 간담,70100,e476089495ececf6f4669e99ada9e09a8b1bdf5d0b9ae74aa28d97cfbeafe37c,sheet1:R16,
e476089495ececf6-sheet1-R17,2026-01-06,gwangju-buk,도시개발과,"예송,오프박스",충효동 세월교 재해복구사업 실시설계용역 관계자 간담,59800,e476089495ececf6f4669e99ada9e09a8b1bdf5d0b9ae74aa28d97cfbeafe37c,sheet1:R17,
e476089495ececf6-sheet1-R18,2026-01-08,gwangju-buk,도시개발과,"광양재첩,할리스",북구청어린이집 리모델링공사 사업 관계자 간담,60300,e476089495ececf6f4669e99ada9e09a8b1bdf5d0b9ae74aa28d97cfbeafe37c,sheet1:R18,
e476089495ececf6-sheet1-R19,2026-01-12,gwangju-buk,도시개발과,"보배반점, 셀렉션로스터리",관내 가로등 지중선로 보수공사 관계자 간담,73500,e476089495ececf6f4669e99ada9e09a8b1bdf5d0b9ae74aa28d97cfbeafe37c,sheet1:R19,
e476089495ececf6-sheet1-R20,2026-01-16,gwangju-buk,도시개발과,"호수짱뚱어탕, 오프박스",신안동 등 벽화경관 개선사업 관계자 간담,48000,e476089495ececf6f4669e99ada9e09a8b1bdf5d0b9ae74aa28d97cfbeafe37c,sheet1:R20,
e476089495ececf6-sheet1-R21,2026-01-19,gwangju-buk,도시개발과,"해수니보쌈, 할리스",금당새뜰마을 보행환경 개선공사 관계자 간담,51100,e476089495ececf6f4669e99ada9e09a8b1bdf5d0b9ae74aa28d97cfbeafe37c,sheet1:R21,
e476089495ececf6-sheet1-R22,2026-01-26,gwangju-buk,도시개발과,"노릇노릇식당,할리스",신관 부서 재배치 이사용역 추진 관계자 간담,73200,e476089495ececf6f4669e99ada9e09a8b1bdf5d0b9ae74aa28d97cfbeafe37c,sheet1:R22,
e476089495ececf6-sheet1-R23,2026-01-30,gwangju-buk,도시개발과,할리스,금당새뜰마을 노후주택 집수리 지원사업 관계자 간담,30000,e476089495ececf6f4669e99ada9e09a8b1bdf5d0b9ae74aa28d97cfbeafe37c,sheet1:R23,
e476089495ececf6-sheet1-R24,2026-02-05,gwangju-buk,도시개발과,옹고집보쌈,Gb해제 취락지역 지구단위계획 정비용역 관계자 간담,44000,e476089495ececf6f4669e99ada9e09a8b1bdf5d0b9ae74aa28d97cfbeafe37c,sheet1:R24,
e476089495ececf6-sheet1-R25,2026-02-05,gwangju-buk,도시개발과,경민회관,공동주택 품질점검 관계자 간담,110000,e476089495ececf6f4669e99ada9e09a8b1bdf5d0b9ae74aa28d97cfbeafe37c,sheet1:R25,
e476089495ececf6-sheet1-R26,2026-02-20,gwangju-buk,도시개발과,"호수짱뚱어탕,소미담전남대점",연속지적도 정비 사업 추진 관계자 간담,148800,e476089495ececf6f4669e99ada9e09a8b1bdf5d0b9ae74aa28d97cfbeafe37c,sheet1:R26,
e476089495ececf6-sheet1-R27,2026-02-27,gwangju-buk,도시개발과,"옥이네, 유니버셜커유",건축 해체심의위원회 관계자 간담,76500,e476089495ececf6f4669e99ada9e09a8b1bdf5d0b9ae74aa28d97cfbeafe37c,sheet1:R27,
e476089495ececf6-sheet1-R28,2026-03-05,gwangju-buk,도시개발과,"샤브향, 안전가옥커피",복지누리동 일원 BF보완공사 관계자 간담,80600,e476089495ececf6f4669e99ada9e09a8b1bdf5d0b9ae74aa28d97cfbeafe37c,sheet1:R28,
e476089495ececf6-sheet1-R29,2026-03-09,gwangju-buk,도시개발과,"바다로, 이디야커피",기준 산정지가 검증 관계자 간담,112800,e476089495ececf6f4669e99ada9e09a8b1bdf5d0b9ae74aa28d97cfbeafe37c,sheet1:R29,
e476089495ececf6-sheet1-R30,2026-03-10,gwangju-buk,도시개발과,"스테이, 할리스북구청점",찾아가는 입주자대표회의 교육 관계자 간담,141700,e476089495ececf6f4669e99ada9e09a8b1bdf5d0b9ae74aa28d97cfbeafe37c,sheet1:R30,
e476089495ececf6-sheet1-R31,2026-03-16,gwangju-buk,도시개발과,"평이담백뼈칼국수, 파스쿠찌",금당새뜰마을 조성사업 주민역량 강화교육 관계자 간담,67440,e476089495ececf6f4669e99ada9e09a8b1bdf5d0b9ae74aa28d97cfbeafe37c,sheet1:R31,
e476089495ececf6-sheet1-R32,2026-03-24,gwangju-buk,도시개발과,어론커피,북구청사 장애인 경사로 설치공사 설계용역 추진 관계자 간담,13500,e476089495ececf6f4669e99ada9e09a8b1bdf5d0b9ae74aa28d97cfbeafe37c,sheet1:R32,
e476089495ececf6-sheet1-R33,2026-03-26,gwangju-buk,도시개발과,"스테이, 할리스북구청점",문흥1동행정복지센터 EV설치 및 리모델링공사 추진 관계자 간담,177100,e476089495ececf6f4669e99ada9e09a8b1bdf5d0b9ae74aa28d97cfbeafe37c,sheet1:R33,
e476089495ececf6-sheet1-R38,2026-02-25,gwangju-buk,도시개발과,"해수니보쌈, 오프박스",2026년 상반기 도시재생사업 공모용역 관계자 간담,131600,e476089495ececf6f4669e99ada9e09a8b1bdf5d0b9ae74aa28d97cfbeafe37c,sheet1:R38,
e476089495ececf6-sheet1-R39,2026-02-27,gwangju-buk,도시개발과,꾸석지돌판한우,취약지역 생활여건 개조사업 공모사업 관계자 간담,90600,e476089495ececf6f4669e99ada9e09a8b1bdf5d0b9ae74aa28d97cfbeafe37c,sheet1:R39,
e476089495ececf6-sheet1-R40,2026-03-12,gwangju-buk,도시개발과,"해수니보쌈, 하나비",Gb해제 취락지역 지구단위계획 정비용역 관계자 간담,58500,e476089495ececf6f4669e99ada9e09a8b1bdf5d0b9ae74aa28d97cfbeafe37c,sheet1:R40,
e476089495ececf6-sheet2-R5,2026-01-15,gwangju-buk,도시개발과,"우정옥, 할리스",도시관리국(도시계획) 현안업무 추진 직원 격려,88500,e476089495ececf6f4669e99ada9e09a8b1bdf5d0b9ae74aa28d97cfbeafe37c,sheet2:R5,
e476089495ececf6-sheet2-R6,2026-01-20,gwangju-buk,도시개발과,광양재첩,도시관리국(건축과) 현안업무 추진 직원 격려,120000,e476089495ececf6f4669e99ada9e09a8b1bdf5d0b9ae74aa28d97cfbeafe37c,sheet2:R6,
e476089495ececf6-sheet2-R7,2026-01-22,gwangju-buk,도시개발과,"다도댐메기탕,커피쿡",도시관리국(도시개발) 현안업무 추진직원 격려,112000,e476089495ececf6f4669e99ada9e09a8b1bdf5d0b9ae74aa28d97cfbeafe37c,sheet2:R7,
e476089495ececf6-sheet2-R8,2026-01-23,gwangju-buk,도시개발과,할리스북구청점,도시관리국(부속실) 현안업무 추진직원 격려,23900,e476089495ececf6f4669e99ada9e09a8b1bdf5d0b9ae74aa28d97cfbeafe37c,sheet2:R8,
e476089495ececf6-sheet2-R9,2026-01-29,gwangju-buk,도시개발과,"해수니보쌈,할리스북구청점",도시관리국(일반건축) 현안업무 추진직원 격려,108000,e476089495ececf6f4669e99ada9e09a8b1bdf5d0b9ae74aa28d97cfbeafe37c,sheet2:R9,
e476089495ececf6-sheet2-R10,2026-02-02,gwangju-buk,도시개발과,"정가네나주곰탕,할리스북구청점",도시관리국 현안업무(개발제한구역) 추진직원 격려,62800,e476089495ececf6f4669e99ada9e09a8b1bdf5d0b9ae74aa28d97cfbeafe37c,sheet2:R10,
e476089495ececf6-sheet2-R11,2026-02-09,gwangju-buk,도시개발과,"초밥마을,할리스",도시관리국 현안업무(부속실) 추진직원 격려,44300,e476089495ececf6f4669e99ada9e09a8b1bdf5d0b9ae74aa28d97cfbeafe37c,sheet2:R11,
e476089495ececf6-sheet2-R12,2026-02-12,gwangju-buk,도시개발과,"광양재첩,할리스",도시관리국 현안업무(건축지도) 추진직원 격려,118500,e476089495ececf6f4669e99ada9e09a8b1bdf5d0b9ae74aa28d97cfbeafe37c,sheet2:R12,
e476089495ececf6-sheet2-R13,2026-02-19,gwangju-buk,도시개발과,"돼지고기듬뿍김치찌개,할리스북구청점",도시관리국 현안업무(건축안전) 추진직원 격려,78000,e476089495ececf6f4669e99ada9e09a8b1bdf5d0b9ae74aa28d97cfbeafe37c,sheet2:R13,
e476089495ececf6-sheet2-R14,2026-02-26,gwangju-buk,도시개발과,도향,도시관리국 현안업무(공동주택정책) 추진직원 격려,88000,e476089495ececf6f4669e99ada9e09a8b1bdf5d0b9ae74aa28d97cfbeafe37c,sheet2:R14,
e476089495ececf6-sheet2-R15,2026-03-03,gwangju-buk,도시개발과,카페뮤,도시관리국 현안업무(도시개발과) 추진직원 격려,22000,e476089495ececf6f4669e99ada9e09a8b1bdf5d0b9ae74aa28d97cfbeafe37c,sheet2:R15,
e476089495ececf6-sheet2-R16,2026-03-03,gwangju-buk,도시개발과,장터마트,도시관리국 내방객을 위한 다과 구입,200000,e476089495ececf6f4669e99ada9e09a8b1bdf5d0b9ae74aa28d97cfbeafe37c,sheet2:R16,
e476089495ececf6-sheet2-R17,2026-03-12,gwangju-buk,도시개발과,"게누쓰, 모먼트오월",도시관리국 현안업무(재개발팀) 추진직원 격려,75200,e476089495ececf6f4669e99ada9e09a8b1bdf5d0b9ae74aa28d97cfbeafe37c,sheet2:R17,
e476089495ececf6-sheet2-R18,2026-03-19,gwangju-buk,도시개발과,"예송, 오프박스",도시관리국 현안업무(공동주택관리) 추진직원 격려,137000,e476089495ececf6f4669e99ada9e09a8b1bdf5d0b9ae74aa28d97cfbeafe37c,sheet2:R18,
e476089495ececf6-sheet2-R19,2026-03-23,gwangju-buk,도시개발과,최정담,도시관리국 부속실 추진직원 격려,56000,e476089495ececf6f4669e99ada9e09a8b1bdf5d0b9ae74aa28d97cfbeafe37c,sheet2:R19,
e476089495ececf6-sheet2-R20,2026-03-30,gwangju-buk,도시개발과,"50년전통국밥, 텐퍼센트",도시관리국 부속실 추진직원 격려,22800,e476089495ececf6f4669e99ada9e09a8b1bdf5d0b9ae74aa28d97cfbeafe37c,sheet2:R20,
4666a7def9c9dc02-sheet1-R4,2026-01-19,gwangju-buk,민생경제과,예향정전대점,지역 산업육성 및 중소기업 지원을 위한 관계자 간담 업무 추진비 집행,497000,4666a7def9c9dc02256f24eb489074ae5dcd46ee2d2d8a60d9545e2473a589ce,sheet1:R4,
4666a7def9c9dc02-sheet1-R5,2026-01-27,gwangju-buk,민생경제과,삼희불낙,지역물가대책위원회 위원 간담 업무추진비 집행,472000,4666a7def9c9dc02256f24eb489074ae5dcd46ee2d2d8a60d9545e2473a589ce,sheet1:R5,
4666a7def9c9dc02-sheet1-R6,2026-02-03,gwangju-buk,민생경제과,넝쿨채,2026년 소상공인 종합 지원사업 설명회 관계자 간담 업무추진비 집행,478000,4666a7def9c9dc02256f24eb489074ae5dcd46ee2d2d8a60d9545e2473a589ce,sheet1:R6,
4666a7def9c9dc02-sheet1-R7,2026-02-04,gwangju-buk,민생경제과,삼호짱뚱이,양자 AI 데이터센터 개소식 관계자 회의 업무추진비 집행,78000,4666a7def9c9dc02256f24eb489074ae5dcd46ee2d2d8a60d9545e2473a589ce,sheet1:R7,
4666a7def9c9dc02-sheet1-R8,2026-02-06,gwangju-buk,민생경제과,남도소반,상반기 재정지원일자리지원사업 관계자 간담 업무추진비 집행,410000,4666a7def9c9dc02256f24eb489074ae5dcd46ee2d2d8a60d9545e2473a589ce,sheet1:R8,
4666a7def9c9dc02-sheet1-R9,2026-02-27,gwangju-buk,민생경제과,가향,광융합무역촉진단 운영 사업 관계자 간담 업무추진비 집행,425000,4666a7def9c9dc02256f24eb489074ae5dcd46ee2d2d8a60d9545e2473a589ce,sheet1:R9,
4666a7def9c9dc02-sheet1-R10,2026-03-05,gwangju-buk,민생경제과,다온,4차산업 육성 및 지원을 위한 관계자 간담 업무추진비 집행,445000,4666a7def9c9dc02256f24eb489074ae5dcd46ee2d2d8a60d9545e2473a589ce,sheet1:R10,
4666a7def9c9dc02-sheet1-R11,2026-03-13,gwangju-buk,민생경제과,국일현방,일자리위원회 정기회의 관계자 간담 업무추진비 집행,475000,4666a7def9c9dc02256f24eb489074ae5dcd46ee2d2d8a60d9545e2473a589ce,sheet1:R11,
4666a7def9c9dc02-sheet1-R12,2026-03-25,gwangju-buk,민생경제과,넝쿨채,소상공인지원위원회 구성 관계자 간담 업무추진비 집행,455000,4666a7def9c9dc02256f24eb489074ae5dcd46ee2d2d8a60d9545e2473a589ce,sheet1:R12,
4666a7def9c9dc02-sheet1-R13,2026-03-31,gwangju-buk,민생경제과,용전식육식당,사회적경제 민·관거버넌스 협의회 관계자 간담 업무추진비 집행,334000,4666a7def9c9dc02256f24eb489074ae5dcd46ee2d2d8a60d9545e2473a589ce,sheet1:R13,
4666a7def9c9dc02-sheet1-R17,2026-01-14,gwangju-buk,민생경제과,바다로,2026년 청소년 AI 코딩스쿨 강사모집 관계자 간담 업무추진비 집행,75000,4666a7def9c9dc02256f24eb489074ae5dcd46ee2d2d8a60d9545e2473a589ce,sheet1:R17,
4666a7def9c9dc02-sheet1-R18,2026-01-15,gwangju-buk,민생경제과,"강진식당, 모먼트오월",2026년 소상공인 지원 종합계획 수립 관계자 간담 업무추진비 집행,92400,4666a7def9c9dc02256f24eb489074ae5dcd46ee2d2d8a60d9545e2473a589ce,sheet1:R18,
4666a7def9c9dc02-sheet1-R19,2026-01-19,gwangju-buk,민생경제과,라즈인도요리전남대,태양광 발전설비 설치사업 추진 직원 격려,72000,4666a7def9c9dc02256f24eb489074ae5dcd46ee2d2d8a60d9545e2473a589ce,sheet1:R19,
4666a7def9c9dc02-sheet1-R20,2026-01-28,gwangju-buk,민생경제과,"해수니보쌈, 오프박스",광주시교육청 AI교육원 관계자 간담 업무추진비 집행,67000,4666a7def9c9dc02256f24eb489074ae5dcd46ee2d2d8a60d9545e2473a589ce,sheet1:R20,
4666a7def9c9dc02-sheet1-R21,2026-02-03,gwangju-buk,민생경제과,예향정,2026년 설 명절맞이 장보기행사 관계자 간담 업무추진비 집행,69000,4666a7def9c9dc02256f24eb489074ae5dcd46ee2d2d8a60d9545e2473a589ce,sheet1:R21,
4666a7def9c9dc02-sheet1-R22,2026-02-04,gwangju-buk,민생경제과,"샤브향, 스타벅스",2026년 중소기업 지원시책 합동설명회 관계자 회의 업무추진비 집행,99900,4666a7def9c9dc02256f24eb489074ae5dcd46ee2d2d8a60d9545e2473a589ce,sheet1:R22,
4666a7def9c9dc02-sheet1-R23,2026-02-10,gwangju-buk,민생경제과,태양식당,소상공인 신성장지원센터 관계자 간담 업무추진비 집행,109000,4666a7def9c9dc02256f24eb489074ae5dcd46ee2d2d8a60d9545e2473a589ce,sheet1:R23,
4666a7def9c9dc02-sheet1-R24,2026-02-10,gwangju-buk,민생경제과,청년꽈배기,온누리상품권 환급행사 추진직원 격려,100000,4666a7def9c9dc02256f24eb489074ae5dcd46ee2d2d8a60d9545e2473a589ce,sheet1:R24,
4666a7def9c9dc02-sheet1-R25,2026-02-11,gwangju-buk,민생경제과,무대포장어,설 명절 주민생활안정대책(물가 등) 추진 격려 업무추진비 집행,325000,4666a7def9c9dc02256f24eb489074ae5dcd46ee2d2d8a60d9545e2473a589ce,sheet1:R25,
4666a7def9c9dc02-sheet1-R26,2026-02-12,gwangju-buk,민생경제과,유명,부끄머니 발행 관계자 간담 업무추진비 집행,66000,4666a7def9c9dc02256f24eb489074ae5dcd46ee2d2d8a60d9545e2473a589ce,sheet1:R26,
4666a7def9c9dc02-sheet1-R27,2026-02-19,gwangju-buk,민생경제과,예송,전통시장 시설 현대화사업 추진직원 격려 업무추진비 집행,58000,4666a7def9c9dc02256f24eb489074ae5dcd46ee2d2d8a60d9545e2473a589ce,sheet1:R27,
4666a7def9c9dc02-sheet1-R28,2026-03-03,gwangju-buk,민생경제과,본도시락,2026년도 상반기 부끄머니 발행에 따른 시책 업무추진비 집행,164600,4666a7def9c9dc02256f24eb489074ae5dcd46ee2d2d8a60d9545e2473a589ce,sheet1:R28,
4666a7def9c9dc02-sheet1-R29,2026-03-10,gwangju-buk,민생경제과,포르피노,중동사태 관련 물가안정대책 추진 직원 격려 업무추진비 집행,85000,4666a7def9c9dc02256f24eb489074ae5dcd46ee2d2d8a60d9545e2473a589ce,sheet1:R29,
4666a7def9c9dc02-sheet1-R30,2026-03-13,gwangju-buk,민생경제과,"또래오래, 호가커피",2026년 광융합무역촉진단 추진직원 격려 업무추진비 집행,41700,4666a7def9c9dc02256f24eb489074ae5dcd46ee2d2d8a60d9545e2473a589ce,sheet1:R30,
4666a7def9c9dc02-sheet1-R31,2026-03-18,gwangju-buk,민생경제과,스테이,해빙기 에너지시설 안전점검 추진직원 격려 업무추진비 집행,107500,4666a7def9c9dc02256f24eb489074ae5dcd46ee2d2d8a60d9545e2473a589ce,sheet1:R31,
4666a7def9c9dc02-sheet1-R32,2026-03-25,gwangju-buk,민생경제과,조아회관,골목형상점가 상인회 간담 업무추진비 집행,438000,4666a7def9c9dc02256f24eb489074ae5dcd46ee2d2d8a60d9545e2473a589ce,sheet1:R32,
4666a7def9c9dc02-sheet2-R4,2026-01-02,gwangju-buk,민생경제과,마중물추어탕,이웃사랑 봉사활동 참여 직원 격려,72000,4666a7def9c9dc02256f24eb489074ae5dcd46ee2d2d8a60d9545e2473a589ce,sheet2:R4,
4666a7def9c9dc02-sheet2-R5,2026-01-27,gwangju-buk,민생경제과,정가네나주곰탕/ 노마딕커피,의회 업무보고 추진직원 격려,90500,4666a7def9c9dc02256f24eb489074ae5dcd46ee2d2d8a60d9545e2473a589ce,sheet2:R5,
4666a7def9c9dc02-sheet2-R6,2026-01-16,gwangju-buk,민생경제과,샤브향,북구사랑상품권 TF팀 회의 추진 직원 격려 업무추진비 집행,74500,4666a7def9c9dc02256f24eb489074ae5dcd46ee2d2d8a60d9545e2473a589ce,sheet2:R6,
4666a7def9c9dc02-sheet2-R7,2026-01-13,gwangju-buk,민생경제과,포르피노,인공지능 시책 추진 직원 격려 업무추진비 집행,72000,4666a7def9c9dc02256f24eb489074ae5dcd46ee2d2d8a60d9545e2473a589ce,sheet2:R7,
4666a7def9c9dc02-sheet2-R8,2026-01-22,gwangju-buk,민생경제과,광주북구장애인직업재활센터,경제산업국 부속실 직원 격려 업무추진비 집행,4600,4666a7def9c9dc02256f24eb489074ae5dcd46ee2d2d8a60d9545e2473a589ce,sheet2:R8,
4666a7def9c9dc02-sheet2-R9,2026-01-29,gwangju-buk,민생경제과,샤브향,이달의가게 선정 추진 직원 격려 업무추진비 집행,80000,4666a7def9c9dc02256f24eb489074ae5dcd46ee2d2d8a60d9545e2473a589ce,sheet2:R9,
4666a7def9c9dc02-sheet2-R10,2026-02-05,gwangju-buk,민생경제과,장터,설 명절맞이 경제산업국 직원 격려 업무추진비 집행,420000,4666a7def9c9dc02256f24eb489074ae5dcd46ee2d2d8a60d9545e2473a589ce,sheet2:R10,
4666a7def9c9dc02-sheet2-R11,2026-02-06,gwangju-buk,민생경제과,"산골갈비탕, 용전803",농민공익수당 신청·접수 추진 직원 격려,117000,4666a7def9c9dc02256f24eb489074ae5dcd46ee2d2d8a60d9545e2473a589ce,sheet2:R11,
4666a7def9c9dc02-sheet2-R12,2026-02-09,gwangju-buk,민생경제과,장터,신관 입주 추진 직원 격려 업무추진비 집행,231000,4666a7def9c9dc02256f24eb489074ae5dcd46ee2d2d8a60d9545e2473a589ce,sheet2:R12,
4666a7def9c9dc02-sheet2-R13,2026-02-12,gwangju-buk,민생경제과,미성팥죽,전통시장 장보기 행사 추진 직원 격려 업무추진비 집행,32000,4666a7def9c9dc02256f24eb489074ae5dcd46ee2d2d8a60d9545e2473a589ce,sheet2:R13,
4666a7def9c9dc02-sheet2-R14,2026-02-23,gwangju-buk,민생경제과,스타벅스,드론 활용 산불예찰 직원 격려 업무추진비 집행,49000,4666a7def9c9dc02256f24eb489074ae5dcd46ee2d2d8a60d9545e2473a589ce,sheet2:R14,
4666a7def9c9dc02-sheet2-R15,2026-02-25,gwangju-buk,민생경제과,"게누쓰, 청자다방",이달의가게 선정 추진 직원 격려 업무추진비 집행,77700,4666a7def9c9dc02256f24eb489074ae5dcd46ee2d2d8a60d9545e2473a589ce,sheet2:R15,
4666a7def9c9dc02-sheet2-R16,2026-02-26,gwangju-buk,민생경제과,펌킨커피,사회적경제 육성위원회 회의 추진 격려 업무추진비 집행,48400,4666a7def9c9dc02256f24eb489074ae5dcd46ee2d2d8a60d9545e2473a589ce,sheet2:R16,
4666a7def9c9dc02-sheet2-R17,2026-02-27,gwangju-buk,민생경제과,(사)어울림복지재단,광융합무역촉진단 업무회의 추진 직원 격려 업무추진비 집행,18560,4666a7def9c9dc02256f24eb489074ae5dcd46ee2d2d8a60d9545e2473a589ce,sheet2:R17,
4666a7def9c9dc02-sheet2-R18,2026-03-03,gwangju-buk,민생경제과,"정가네곰탕, 노마딕커피",산업단지 환경정비 추진 직원 격려 업무추진비 집행,60500,4666a7def9c9dc02256f24eb489074ae5dcd46ee2d2d8a60d9545e2473a589ce,sheet2:R18,
4666a7def9c9dc02-sheet2-R19,2026-03-09,gwangju-buk,민생경제과,벌크커피,농식품바우처 지원사업 추진 직원 격려 업무추진비 집행,12400,4666a7def9c9dc02256f24eb489074ae5dcd46ee2d2d8a60d9545e2473a589ce,sheet2:R19,
4666a7def9c9dc02-sheet2-R20,2026-03-11,gwangju-buk,민생경제과,오월에,기업지원위원회 기업 방문 추진 직원 격려 업무추진비 집행,21500,4666a7def9c9dc02256f24eb489074ae5dcd46ee2d2d8a60d9545e2473a589ce,sheet2:R20,
4666a7def9c9dc02-sheet2-R21,2026-03-20,gwangju-buk,민생경제과,창억,전문연구기관 방문 추진 직원 격려 업무추진비 집행,47100,4666a7def9c9dc02256f24eb489074ae5dcd46ee2d2d8a60d9545e2473a589ce,sheet2:R21,
4666a7def9c9dc02-sheet2-R22,2026-03-30,gwangju-buk,민생경제과,"예향정, 파스쿠찌",차량5부제 시행 추진 직원 격려 업무추진비 집행,69360,4666a7def9c9dc02256f24eb489074ae5dcd46ee2d2d8a60d9545e2473a589ce,sheet2:R22,
4666a7def9c9dc02-sheet2-R23,2026-03-31,gwangju-buk,민생경제과,텐퍼센트,드론 특별자유화 구역 점검 직원 격려 업무추진비 집행,16000,4666a7def9c9dc02256f24eb489074ae5dcd46ee2d2d8a60d9545e2473a589ce,sheet2:R23,
2eec5967ba1d151b-sheet1-R4,2026-01-02,gwangju-buk,풍향동,"다원각, 팡트(pente)",신년맞이 풍향동 자생단체 간담회 기관운영업무추진비 집행,108000,2eec5967ba1d151bc38b5627eec04f8a5594b8bfe60c25b134cef4a9ff3b8076,sheet1:R4,
2eec5967ba1d151b-sheet1-R5,2026-01-05,gwangju-buk,풍향동,청죽골한우,마을공모사업 신청 논의 간담회 기관운영업무추진비 집행,130000,2eec5967ba1d151bc38b5627eec04f8a5594b8bfe60c25b134cef4a9ff3b8076,sheet1:R5,
2eec5967ba1d151b-sheet1-R6,2026-01-14,gwangju-buk,풍향동,소코아(전대점),동정 업무 협업 및 대외협력 추진 기관운영업무추진비 집행,83800,2eec5967ba1d151bc38b5627eec04f8a5594b8bfe60c25b134cef4a9ff3b8076,sheet1:R6,
2eec5967ba1d151b-sheet1-R7,2026-01-22,gwangju-buk,풍향동,다원각,동정 업무 협업 및 대외협력 추진 기관운영업무추진비 집행,115000,2eec5967ba1d151bc38b5627eec04f8a5594b8bfe60c25b134cef4a9ff3b8076,sheet1:R7,
2eec5967ba1d151b-sheet1-R8,2026-02-06,gwangju-buk,풍향동,광주원협94번,설명절맞이 직원격려를 위한 기관운영업무추진비 집행,300000,2eec5967ba1d151bc38b5627eec04f8a5594b8bfe60c25b134cef4a9ff3b8076,sheet1:R8,
2eec5967ba1d151b-sheet1-R9,2026-02-27,gwangju-buk,풍향동,풍호양꼬치,마을공모사업 신청 관련 논의 간담회 기관운영업무추진비 집행,131000,2eec5967ba1d151bc38b5627eec04f8a5594b8bfe60c25b134cef4a9ff3b8076,sheet1:R9,
2eec5967ba1d151b-sheet1-R10,2026-03-12,gwangju-buk,풍향동,"투썸플레이스,삼미닭곰탕",자생단체 협업 논의 간담회 기관운영업무추진비 집행,84500,2eec5967ba1d151bc38b5627eec04f8a5594b8bfe60c25b134cef4a9ff3b8076,sheet1:R10,
2eec5967ba1d151b-sheet1-R11,2026-03-13,gwangju-buk,풍향동,꽃대디,생활불편신고 등 현안업무 처리 격려 기관운영업무추진비 집행,107000,2eec5967ba1d151bc38b5627eec04f8a5594b8bfe60c25b134cef4a9ff3b8076,sheet1:R11,
2eec5967ba1d151b-sheet1-R12,2026-03-31,gwangju-buk,풍향동,주식회사 테이크파이,마을만들기 사업장 정비 활동 등 간담회 기관운영업무추진비 집행,155800,2eec5967ba1d151bc38b5627eec04f8a5594b8bfe60c25b134cef4a9ff3b8076,sheet1:R12,
2eec5967ba1d151b-sheet1-R13,2026-03-31,gwangju-buk,풍향동,카페요아정 광주계림,맞춤형 복지업무 등 현안업무 처리 격려 기관운영업무추진비 집행,72600,2eec5967ba1d151bc38b5627eec04f8a5594b8bfe60c25b134cef4a9ff3b8076,sheet1:R13,
fc22db90aa29d57a-sheet1-R5,2026-01-19,gwangju-buk,소상공인지원과,단미식탁,북구 골목형상점가 발전방안 논의 등에 따른 시책업무 추진비 집행,198000,fc22db90aa29d57afe715a3c6978b37e6fa42d7be4d4b381dba7e99adfc859c3,sheet1:R5,
fc22db90aa29d57a-sheet1-R6,2026-02-25,gwangju-buk,소상공인지원과,광양재첩,2026년 골목상권 활성화 간담회 추진 논의 등에 따른 시책업무추진비 집행,176000,fc22db90aa29d57afe715a3c6978b37e6fa42d7be4d4b381dba7e99adfc859c3,sheet1:R6,
6d73366819f42a40-table1-R3,2026-01-05,gwangju-buk,임동,임서방숯불갈비,신년맞이 당부사항 전달 등 직원 격려 오찬,33000,6d73366819f42a4095c61b30f7afe442f660e6e441c008bc68f62471f2927956,table1:R3,
6d73366819f42a40-table1-R4,2026-01-06,gwangju-buk,임동,다도댐메기탕,동정 업무 협조 등 대외협력 추진 간담회 오찬,57000,6d73366819f42a4095c61b30f7afe442f660e6e441c008bc68f62471f2927956,table1:R4,
6d73366819f42a40-table1-R5,2026-01-07,gwangju-buk,임동,한솔,동정 업무 협조 등 대외협력 추진 간담회 오찬,24000,6d73366819f42a4095c61b30f7afe442f660e6e441c008bc68f62471f2927956,table1:R5,
6d73366819f42a40-table1-R6,2026-01-12,gwangju-buk,임동,"태봉골,이오삼",2026년 상반기 인사이동 등 직원 격려 오찬,74100,6d73366819f42a4095c61b30f7afe442f660e6e441c008bc68f62471f2927956,table1:R6,
6d73366819f42a40-table1-R7,2026-01-19,gwangju-buk,임동,"천하회관,콩샌",통장 임기만료에 따른 노고격려 오찬,139500,6d73366819f42a4095c61b30f7afe442f660e6e441c008bc68f62471f2927956,table1:R7,
6d73366819f42a40-table1-R8,2026-01-21,gwangju-buk,임동,이오삼253,동정 업무 협업 추진 다과비 지출,42300,6d73366819f42a4095c61b30f7afe442f660e6e441c008bc68f62471f2927956,table1:R8,
6d73366819f42a40-table1-R9,2026-01-27,gwangju-buk,임동,천하회관,동행정 활성화를 위한 중흥권역 동장단 간담회 오찬,85000,6d73366819f42a4095c61b30f7afe442f660e6e441c008bc68f62471f2927956,table1:R9,
6d73366819f42a40-table1-R10,2026-02-05,gwangju-buk,임동,태봉골식육식당,광주전남 행정통합 권역별 설명회 참석자 오찬,160000,6d73366819f42a4095c61b30f7afe442f660e6e441c008bc68f62471f2927956,table1:R10,
6d73366819f42a40-table1-R11,2026-02-09,gwangju-buk,임동,한솔,인사이동(한시임기제공무원)에 따른 직원 격려 오찬,60000,6d73366819f42a4095c61b30f7afe442f660e6e441c008bc68f62471f2927956,table1:R11,
6d73366819f42a40-table1-R12,2026-02-12,gwangju-buk,임동,"임동초밥,콩샌",지역사회서비스투자사업 접수 등 복지행정팀 노고격려 오찬,94800,6d73366819f42a4095c61b30f7afe442f660e6e441c008bc68f62471f2927956,table1:R12,
6d73366819f42a40-table1-R13,2026-02-13,gwangju-buk,임동,명태어장,행정서비스팀 현안업무 추진 노고 격려 오찬,146000,6d73366819f42a4095c61b30f7afe442f660e6e441c008bc68f62471f2927956,table1:R13,
6d73366819f42a40-table1-R14,2026-02-23,gwangju-buk,임동,태봉골식육식당,동정 업무 협조 등 통장단 간담회 오찬,100000,6d73366819f42a4095c61b30f7afe442f660e6e441c008bc68f62471f2927956,table1:R14,
6d73366819f42a40-table1-R15,2026-02-25,gwangju-buk,임동,가보세,동 행정복지센터 민원실 창구민원 담당자 노고격려 오찬,60000,6d73366819f42a4095c61b30f7afe442f660e6e441c008bc68f62471f2927956,table1:R15,
6d73366819f42a40-table1-R16,2026-03-18,gwangju-buk,임동,명태어장,동행정 업무 홍보 및 주민소통 활동 등 간담회 오찬,68000,6d73366819f42a4095c61b30f7afe442f660e6e441c008bc68f62471f2927956,table1:R16,
6d73366819f42a40-table1-R17,2026-03-20,gwangju-buk,임동,한솔,선거업무 등 현안업무 추진 직원 노고격려 오찬,36000,6d73366819f42a4095c61b30f7afe442f660e6e441c008bc68f62471f2927956,table1:R17,
6d73366819f42a40-table1-R18,2026-03-24,gwangju-buk,임동,천하회관,새마을부녀회 활동 격려 등 간담회 오찬,54000,6d73366819f42a4095c61b30f7afe442f660e6e441c008bc68f62471f2927956,table1:R18,
6d73366819f42a40-table1-R19,2026-03-25,gwangju-buk,임동,주정숙청국장,동행정 활성화를 위한 중흥권역 동장단 간담회 오찬,30000,6d73366819f42a4095c61b30f7afe442f660e6e441c008bc68f62471f2927956,table1:R19,
6d73366819f42a40-table1-R20,2026-03-26,gwangju-buk,임동,태봉골식육식당,기초수급 업무 추진 등 복지민원 담당자 노고격려 오찬,39000,6d73366819f42a4095c61b30f7afe442f660e6e441c008bc68f62471f2927956,table1:R20,
6d73366819f42a40-table1-R21,2026-03-31,gwangju-buk,임동,한솔,임동 골목형상점가 상인회 간담회 오찬,60000,6d73366819f42a4095c61b30f7afe442f660e6e441c008bc68f62471f2927956,table1:R21,
d623bcd1c97fad4e-sheet1-R4,2026-01-12,gwangju-buk,동림동,만선,광주다움 통합돌봄 등 현안 업무 추진 노고 격려 만찬,110000,d623bcd1c97fad4e373caff69daf95f4be33fae4bb379bfc6a10b709360f23d3,sheet1:R4,
d623bcd1c97fad4e-sheet1-R5,2026-01-14,gwangju-buk,동림동,나눔도토리요리전문점,에너지바우처 등 현안업무 추진 직원 노고 격려 오찬,57000,d623bcd1c97fad4e373caff69daf95f4be33fae4bb379bfc6a10b709360f23d3,sheet1:R5,
d623bcd1c97fad4e-sheet1-R6,2026-01-19,gwangju-buk,동림동,"덕장짐대박이, 카페인",주민자치 등 현안업무 추진 직원 노고 격려 오찬,63000,d623bcd1c97fad4e373caff69daf95f4be33fae4bb379bfc6a10b709360f23d3,sheet1:R6,
d623bcd1c97fad4e-sheet1-R7,2026-01-26,gwangju-buk,동림동,"털보네집, 이디야커피",문흥2동 자생단체 회장단 오찬 간담회,183800,d623bcd1c97fad4e373caff69daf95f4be33fae4bb379bfc6a10b709360f23d3,sheet1:R7,
d623bcd1c97fad4e-sheet1-R8,2026-01-27,gwangju-buk,동림동,도화정,지역사회서비스투자사업 등 현안 업무 추진 직원 노고 격려 오찬,73000,d623bcd1c97fad4e373caff69daf95f4be33fae4bb379bfc6a10b709360f23d3,sheet1:R8,
d623bcd1c97fad4e-sheet1-R9,2026-02-03,gwangju-buk,동림동,여장군,문화누리카드 등 현안 업무 추진 직원 노고 격려 오찬,63000,d623bcd1c97fad4e373caff69daf95f4be33fae4bb379bfc6a10b709360f23d3,sheet1:R9,
d623bcd1c97fad4e-sheet1-R10,2026-02-06,gwangju-buk,동림동,털보네집,통장단협의회 오찬 간담회,224000,d623bcd1c97fad4e373caff69daf95f4be33fae4bb379bfc6a10b709360f23d3,sheet1:R10,
d623bcd1c97fad4e-sheet1-R11,2026-02-09,gwangju-buk,동림동,정남진,광주다움 통합돌봄 등 현안 업무 추진 직원 노고 격려 오찬,65000,d623bcd1c97fad4e373caff69daf95f4be33fae4bb379bfc6a10b709360f23d3,sheet1:R11,
d623bcd1c97fad4e-sheet1-R12,2026-02-13,gwangju-buk,동림동,보성막회,긴급복지 등 현안 업무 추진 직원 노고 격려 오찬,59000,d623bcd1c97fad4e373caff69daf95f4be33fae4bb379bfc6a10b709360f23d3,sheet1:R12,
d623bcd1c97fad4e-sheet1-R13,2026-02-24,gwangju-buk,동림동,"정남진,디저트카페달달",마을공동체활성화 등 현안업무 추진 직원 노고 격려 오찬,62500,d623bcd1c97fad4e373caff69daf95f4be33fae4bb379bfc6a10b709360f23d3,sheet1:R13,
d623bcd1c97fad4e-sheet1-R14,2026-02-26,gwangju-buk,동림동,"덕장짐대박이, 카페인",농민공익수당 등 현안업무 추진 직원 노고 격려 오찬 및 차담,76000,d623bcd1c97fad4e373caff69daf95f4be33fae4bb379bfc6a10b709360f23d3,sheet1:R14,
d623bcd1c97fad4e-sheet1-R15,2026-02-27,gwangju-buk,동림동,"정남진, 카페인",중대재해 등 현안업무 추진 직원 노고 격려 오찬 및 차담,65000,d623bcd1c97fad4e373caff69daf95f4be33fae4bb379bfc6a10b709360f23d3,sheet1:R15,
d623bcd1c97fad4e-sheet1-R16,2026-03-12,gwangju-buk,동림동,남영,청년월세 등 현안업무 추진 직원 노고 격려 오찬,60000,d623bcd1c97fad4e373caff69daf95f4be33fae4bb379bfc6a10b709360f23d3,sheet1:R16,
d623bcd1c97fad4e-sheet1-R17,2026-03-16,gwangju-buk,동림동,미꾸미꾸,지역공동체 일자리 등 현안 업무 추진 직원 노고 격려 오찬,60000,d623bcd1c97fad4e373caff69daf95f4be33fae4bb379bfc6a10b709360f23d3,sheet1:R17,
d623bcd1c97fad4e-sheet1-R18,2026-03-25,gwangju-buk,동림동,나주곰탕,광주다움 통합돌봄 등 현안업무 추진 직원 노고 격려 오찬,48000,d623bcd1c97fad4e373caff69daf95f4be33fae4bb379bfc6a10b709360f23d3,sheet1:R18,
d623bcd1c97fad4e-sheet1-R19,2026-03-27,gwangju-buk,동림동,"털보네집, 이디야커피",주민참여예산 사업발굴을 위한 간담회 오찬 및 차담,121800,d623bcd1c97fad4e373caff69daf95f4be33fae4bb379bfc6a10b709360f23d3,sheet1:R19,
841c94ea577a14e9-sheet1-R4,2026-01-02,gwangju-buk,일곡동,남영,인사발령에 따른 동주민센터 직원 격려 기관운영업무추진비 지출,150000,841c94ea577a14e9e5c695a51574c1d8fd18939a5bc9543ad496f2f6f060e3f6,sheet1:R4,
841c94ea577a14e9-sheet1-R5,2026-01-15,gwangju-buk,일곡동,벌크커피 오치중앙점 외 1,신년맞이 자생단체 통합 오찬 간담회 경비 집행,243300,841c94ea577a14e9e5c695a51574c1d8fd18939a5bc9543ad496f2f6f060e3f6,sheet1:R5,
841c94ea577a14e9-sheet1-R6,2026-03-09,gwangju-buk,일곡동,커피비 외 1,당면업무 추진에 따른 직원 격려 오찬비 집행,181000,841c94ea577a14e9e5c695a51574c1d8fd18939a5bc9543ad496f2f6f060e3f6,sheet1:R6,
841c94ea577a14e9-sheet1-R7,2026-03-16,gwangju-buk,일곡동,섬진강추어탕문흥점,주민자치회 임원 오찬 간담회 경비 집행,131000,841c94ea577a14e9e5c695a51574c1d8fd18939a5bc9543ad496f2f6f060e3f6,sheet1:R7,
841c94ea577a14e9-sheet1-R8,2026-03-23,gwangju-buk,일곡동,대패갑앤꽃게장백반,작은도서관 자원봉사자 오찬 간담회 경비 집행,144000,841c94ea577a14e9e5c695a51574c1d8fd18939a5bc9543ad496f2f6f060e3f6,sheet1:R8,
32186f54cb2a16be-sheet1-R4,2026-01-08,gwangju-buk,문화동,더좋은공간한식 외 1,복지행정 업무추진 직원 노고격려를 위한 오찬 및 다과,79000,32186f54cb2a16bea4de7f18cfc64d60f72d57a615fbd9ae361a8566a5ce505c,sheet1:R4,
32186f54cb2a16be-sheet1-R5,2026-01-22,gwangju-buk,문화동,쌍촌한우본가,문화동 자생단체협의회 회의에 따른 참석자 오찬,260000,32186f54cb2a16bea4de7f18cfc64d60f72d57a615fbd9ae361a8566a5ce505c,sheet1:R5,
32186f54cb2a16be-sheet1-R6,2026-01-29,gwangju-buk,문화동,무돌자락 외 1,문화권역 현안업무 공유 등 업무연찬 기관장 오찬,84000,32186f54cb2a16bea4de7f18cfc64d60f72d57a615fbd9ae361a8566a5ce505c,sheet1:R6,
32186f54cb2a16be-sheet1-R7,2026-02-13,gwangju-buk,문화동,큰마루뼈해장국,설맞이 관내 환경정비 추진 직원 노고격려를 위한 오찬,48000,32186f54cb2a16bea4de7f18cfc64d60f72d57a615fbd9ae361a8566a5ce505c,sheet1:R7,
32186f54cb2a16be-sheet1-R8,2026-02-24,gwangju-buk,문화동,무안갯벌낙지,관내 취약지 환경정비 업무추진 직원 격려 오찬,80000,32186f54cb2a16bea4de7f18cfc64d60f72d57a615fbd9ae361a8566a5ce505c,sheet1:R8,
32186f54cb2a16be-sheet1-R9,2026-02-25,gwangju-buk,문화동,바다로한상,통장단 위해촉 관리 등 업무추진 직원 노고격려 오찬,140000,32186f54cb2a16bea4de7f18cfc64d60f72d57a615fbd9ae361a8566a5ce505c,sheet1:R9,
32186f54cb2a16be-sheet1-R10,2026-03-11,gwangju-buk,문화동,민속촌 각화점,광주다움 통합돌봄 업무추진 직원 노고 격려를 위한 오찬 추진,90000,32186f54cb2a16bea4de7f18cfc64d60f72d57a615fbd9ae361a8566a5ce505c,sheet1:R10,f33114b1b5eda28603bc8d5cd9338c1e9e646b9b0702252f3c4ba85fabc9787a:sheet1:R4
32186f54cb2a16be-sheet1-R11,2026-03-18,gwangju-buk,문화동,고흥회타운,동정 업무연찬 및 협업 논의를 위한 만찬 추진,170000,32186f54cb2a16bea4de7f18cfc64d60f72d57a615fbd9ae361a8566a5ce505c,sheet1:R11,f33114b1b5eda28603bc8d5cd9338c1e9e646b9b0702252f3c4ba85fabc9787a:sheet1:R5
32186f54cb2a16be-sheet1-R12,2026-03-19,gwangju-buk,문화동,무안갯벌낙지,현안업무 공유 및 대외협력을 위한 문화권역 동장단 오찬,100000,32186f54cb2a16bea4de7f18cfc64d60f72d57a615fbd9ae361a8566a5ce505c,sheet1:R12,f33114b1b5eda28603bc8d5cd9338c1e9e646b9b0702252f3c4ba85fabc9787a:sheet1:R6
32186f54cb2a16be-sheet1-R13,2026-03-27,gwangju-buk,문화동,토방 외 1,당면업무 추진 직원 노고격려를 위한 오찬 및 다과 제공,88000,32186f54cb2a16bea4de7f18cfc64d60f72d57a615fbd9ae361a8566a5ce505c,sheet1:R13,
a8c4d12721f0a062-sheet1-R3,2026-01-02,gwangju-buk,중흥동,"정가네나주곰탕, 일리카페",행정서비스 업무추진 직원 격려,65400,a8c4d12721f0a0623fe129118211b2b061e8849900477c52830e744f68913fe9,sheet1:R3,
a8c4d12721f0a062-sheet1-R4,2026-01-07,gwangju-buk,중흥동,유동아구찜,동행정활성화를 위한 팀장단 오찬,70000,a8c4d12721f0a0623fe129118211b2b061e8849900477c52830e744f68913fe9,sheet1:R4,
a8c4d12721f0a062-sheet1-R5,2026-01-08,gwangju-buk,중흥동,텐퍼센트커피,새마을부녀회 간담회 간식비 집행,22700,a8c4d12721f0a0623fe129118211b2b061e8849900477c52830e744f68913fe9,sheet1:R5,
a8c4d12721f0a062-sheet1-R6,2026-01-14,gwangju-buk,중흥동,광양재첩,현안업무 추진 직원 격려 오찬,40000,a8c4d12721f0a0623fe129118211b2b061e8849900477c52830e744f68913fe9,sheet1:R6,
a8c4d12721f0a062-sheet1-R7,2026-01-20,gwangju-buk,중흥동,"필링, 엔제리너스커피",동행정활성화를 위한 중흥권역 동장단 오찬,91700,a8c4d12721f0a0623fe129118211b2b061e8849900477c52830e744f68913fe9,sheet1:R7,
a8c4d12721f0a062-sheet1-R8,2026-01-21,gwangju-buk,중흥동,예송,동행정 활성화를 위한 주민자치회 간담 만찬,190000,a8c4d12721f0a0623fe129118211b2b061e8849900477c52830e744f68913fe9,sheet1:R8,
a8c4d12721f0a062-sheet1-R9,2026-01-28,gwangju-buk,중흥동,강진식당,지역 현안사항 해결을 위한 관계자 간담회,95000,a8c4d12721f0a0623fe129118211b2b061e8849900477c52830e744f68913fe9,sheet1:R9,
a8c4d12721f0a062-sheet1-R10,2026-01-29,gwangju-buk,중흥동,예송,동 지역사회보장협의체 활동 격려 오찬,299000,a8c4d12721f0a0623fe129118211b2b061e8849900477c52830e744f68913fe9,sheet1:R10,
a8c4d12721f0a062-sheet1-R11,2026-02-11,gwangju-buk,중흥동,해수니보쌈,동네순찰단 활동 노고 격려 만찬 집행,149000,a8c4d12721f0a0623fe129118211b2b061e8849900477c52830e744f68913fe9,sheet1:R11,
a8c4d12721f0a062-sheet1-R12,2026-02-11,gwangju-buk,중흥동,다원식자재마트,설 명절맞이 직원 격려 선물 구입,416000,a8c4d12721f0a0623fe129118211b2b061e8849900477c52830e744f68913fe9,sheet1:R12,
a8c4d12721f0a062-sheet1-R13,2026-03-03,gwangju-buk,중흥동,"페퍼콘, 카페아빌라",동행정활성화를 위한 중흥권역 동장단 오찬,69000,a8c4d12721f0a0623fe129118211b2b061e8849900477c52830e744f68913fe9,sheet1:R13,
a8c4d12721f0a062-sheet1-R14,2026-03-04,gwangju-buk,중흥동,쓸모,중흥동 통장단 활동추진 관련 간담회,29300,a8c4d12721f0a0623fe129118211b2b061e8849900477c52830e744f68913fe9,sheet1:R14,
a8c4d12721f0a062-sheet1-R15,2026-03-06,gwangju-buk,중흥동,보배반점,현안업무 추진 직원 격려,63000,a8c4d12721f0a0623fe129118211b2b061e8849900477c52830e744f68913fe9,sheet1:R15,
a8c4d12721f0a062-sheet1-R16,2026-03-09,gwangju-buk,중흥동,커피마마퀸,주민자치회 활동 간담회,12000,a8c4d12721f0a0623fe129118211b2b061e8849900477c52830e744f68913fe9,sheet1:R16,
6710a8a2ea78e4c2-table1-R2,2026-01-02,gwangju-buk,건국동,카페희원,건국동 통장단 임원진 격려 다과비 지급,30500,6710a8a2ea78e4c22d473998d94d68923206a343d2fa295f82f13058e4dda0f1,table1:R2,
6710a8a2ea78e4c2-table1-R3,2026-01-08,gwangju-buk,건국동,반헤이브,지역사회보장협의체 업무관계자 격려 다과비 지급,141200,6710a8a2ea78e4c22d473998d94d68923206a343d2fa295f82f13058e4dda0f1,table1:R3,
6710a8a2ea78e4c2-table1-R4,2026-01-12,gwangju-buk,건국동,완도짬뽕,총무업무 직원 격려 식사비 지급,36000,6710a8a2ea78e4c22d473998d94d68923206a343d2fa295f82f13058e4dda0f1,table1:R4,
6710a8a2ea78e4c2-table1-R5,2026-01-13,gwangju-buk,건국동,창평전현숙국밥/컴포즈커피,팀장 격려 식사비 지급,65600,6710a8a2ea78e4c22d473998d94d68923206a343d2fa295f82f13058e4dda0f1,table1:R5,
6710a8a2ea78e4c2-table1-R6,2026-01-14,gwangju-buk,건국동,초밥의계절/텐퍼센트커피,민원창구 업무 직원 격려 식사비 지급,54000,6710a8a2ea78e4c22d473998d94d68923206a343d2fa295f82f13058e4dda0f1,table1:R6,
6710a8a2ea78e4c2-table1-R7,2026-01-20,gwangju-buk,건국동,여수회수산,주민자치회 임원진 격려 식사비 지급,78000,6710a8a2ea78e4c22d473998d94d68923206a343d2fa295f82f13058e4dda0f1,table1:R7,
6710a8a2ea78e4c2-table1-R8,2026-01-26,gwangju-buk,건국동,꽃나라플라워,지역사회보장협의체 위원 회장 취임 축하 화분 구입,50000,6710a8a2ea78e4c22d473998d94d68923206a343d2fa295f82f13058e4dda0f1,table1:R8,
6710a8a2ea78e4c2-table1-R9,2026-02-02,gwangju-buk,건국동,마중물추어탕/컴포즈커피,건양신 동장단 업무간담회 식사비 지급,35900,6710a8a2ea78e4c22d473998d94d68923206a343d2fa295f82f13058e4dda0f1,table1:R9,
6710a8a2ea78e4c2-table1-R10,2026-02-04,gwangju-buk,건국동,창평전현숙국밥,건국동 자생단체장 오찬간담회 식사비 지급,252000,6710a8a2ea78e4c22d473998d94d68923206a343d2fa295f82f13058e4dda0f1,table1:R10,
6710a8a2ea78e4c2-table1-R11,2026-02-11,gwangju-buk,건국동,채움늘/텐퍼센트커피,민원업무 직원 격려 식사비 지급,117300,6710a8a2ea78e4c22d473998d94d68923206a343d2fa295f82f13058e4dda0f1,table1:R11,
6710a8a2ea78e4c2-table1-R12,2026-02-13,gwangju-buk,건국동,메이홍,주민자치회 실무진 격려 식사비 지급,54000,6710a8a2ea78e4c22d473998d94d68923206a343d2fa295f82f13058e4dda0f1,table1:R12,
6710a8a2ea78e4c2-table1-R13,2026-03-06,gwangju-buk,건국동,서석들보리밥/카페루,건양신 동장단 업무간담회 식사비 지급,52500,6710a8a2ea78e4c22d473998d94d68923206a343d2fa295f82f13058e4dda0f1,table1:R13,
6710a8a2ea78e4c2-table1-R14,2026-03-10,gwangju-buk,건국동,속풀리는진대구탕/벌크커피,구동 소통회의 관계자 식사비 지급,31800,6710a8a2ea78e4c22d473998d94d68923206a343d2fa295f82f13058e4dda0f1,table1:R14,
6710a8a2ea78e4c2-table1-R15,2026-03-11,gwangju-buk,건국동,초점/텐퍼센트커피,민원업무 직원 격려 식사비 지급,84200,6710a8a2ea78e4c22d473998d94d68923206a343d2fa295f82f13058e4dda0f1,table1:R15,
6710a8a2ea78e4c2-table1-R16,2026-03-12,gwangju-buk,건국동,컴포즈커피,현안업무 추진 직원 격려 다과비 지급,41300,6710a8a2ea78e4c22d473998d94d68923206a343d2fa295f82f13058e4dda0f1,table1:R16,
6710a8a2ea78e4c2-table1-R17,2026-03-18,gwangju-buk,건국동,효심씨부대찌개,사회복지 업무 직원 격려 식사비 지급,81000,6710a8a2ea78e4c22d473998d94d68923206a343d2fa295f82f13058e4dda0f1,table1:R17,
6710a8a2ea78e4c2-table1-R18,2026-03-20,gwangju-buk,건국동,효심씨부대찌개/라본,맞춤형복지 업무 직원 격려 식사비 지급,66000,6710a8a2ea78e4c22d473998d94d68923206a343d2fa295f82f13058e4dda0f1,table1:R18,
6710a8a2ea78e4c2-table1-R19,2026-03-26,gwangju-buk,건국동,효심씨부대찌개/텐퍼센트커피,행정서비스 업무 직원 격려 식사비 지급,101400,6710a8a2ea78e4c22d473998d94d68923206a343d2fa295f82f13058e4dda0f1,table1:R19,
6710a8a2ea78e4c2-table1-R20,2026-03-31,gwangju-buk,건국동,꽃나라플라워,시 사회복지협의회장 취임 축하 화분 구입비 지급,50000,6710a8a2ea78e4c22d473998d94d68923206a343d2fa295f82f13058e4dda0f1,table1:R20,
ad89559c50f83e19-sheet1-R4,2026-01-20,gwangju-buk,용봉동,커피베이,동직원 격려 다과비 지출,73900,ad89559c50f83e1914245f082ae322322b0f384971b9abdf20ce00d20e730c7e,sheet1:R4,
ad89559c50f83e19-sheet1-R5,2026-01-19,gwangju-buk,용봉동,샤브향,2026년 정기 인사발령 직원 등 격려 식사비 지급,146100,ad89559c50f83e1914245f082ae322322b0f384971b9abdf20ce00d20e730c7e,sheet1:R5,
ad89559c50f83e19-sheet1-R6,2026-01-25,gwangju-buk,용봉동,산림조합장성장례식장,용봉동 선거관리위원장 경조사비 지출,50000,ad89559c50f83e1914245f082ae322322b0f384971b9abdf20ce00d20e730c7e,sheet1:R6,
ad89559c50f83e19-sheet1-R7,2026-01-28,gwangju-buk,용봉동,오리궁뎅이,용봉동 자원봉사캠프지기 봉사활동 추진 격려 식비 지출,294500,ad89559c50f83e1914245f082ae322322b0f384971b9abdf20ce00d20e730c7e,sheet1:R7,
ad89559c50f83e19-sheet1-R8,2026-02-05,gwangju-buk,용봉동,오리궁뎅이,등초본 등 민원행정 업무추진 직원 격려 점심 식사비 지급,68000,ad89559c50f83e1914245f082ae322322b0f384971b9abdf20ce00d20e730c7e,sheet1:R8,
ad89559c50f83e19-sheet1-R9,2026-02-05,gwangju-buk,용봉동,홈플러스,용봉동 소속 직원 사기진작을 위한 명절 선물 구입,499000,ad89559c50f83e1914245f082ae322322b0f384971b9abdf20ce00d20e730c7e,sheet1:R9,
ad89559c50f83e19-sheet1-R10,2026-02-12,gwangju-buk,용봉동,우동집 외 1개소,복지사각지대 발굴 등 복지업무추진 직원 격려 다과비 지급,71600,ad89559c50f83e1914245f082ae322322b0f384971b9abdf20ce00d20e730c7e,sheet1:R10,
ad89559c50f83e19-sheet1-R11,2026-02-27,gwangju-buk,용봉동,순창골,육아휴직 예정 직원 격려 식사비 지급,24000,ad89559c50f83e1914245f082ae322322b0f384971b9abdf20ce00d20e730c7e,sheet1:R11,
ad89559c50f83e19-sheet1-R12,2026-03-11,gwangju-buk,용봉동,공일백,복지행정 업무추진 직원 격려 식사비 지급,94000,ad89559c50f83e1914245f082ae322322b0f384971b9abdf20ce00d20e730c7e,sheet1:R12,
ad89559c50f83e19-sheet1-R13,2026-03-16,gwangju-buk,용봉동,원조고향국밥,주민자치 등 일반행정 업무추진 직원 격려 식사비 지급,77000,ad89559c50f83e1914245f082ae322322b0f384971b9abdf20ce00d20e730c7e,sheet1:R13,
ad89559c50f83e19-sheet1-R14,2026-03-18,gwangju-buk,용봉동,공일백,민원서류 발급 등 대민행정 업무추진 직원 격려 식사비 지급,45500,ad89559c50f83e1914245f082ae322322b0f384971b9abdf20ce00d20e730c7e,sheet1:R14,
ad89559c50f83e19-sheet1-R15,2026-03-23,gwangju-buk,용봉동,들깨마을,통장신규위촉 등 일반행정 업무추진 직원 격려 식사비 지급,78400,ad89559c50f83e1914245f082ae322322b0f384971b9abdf20ce00d20e730c7e,sheet1:R15,
ad89559c50f83e19-sheet1-R16,2026-03-26,gwangju-buk,용봉동,용봉골,밑반찬 만들기 등 취약계층 반찬만들기 자원봉사자 격려 오찬비 지급,52000,ad89559c50f83e1914245f082ae322322b0f384971b9abdf20ce00d20e730c7e,sheet1:R16,
4795cba66df6ea6d-sheet1-R4,2026-01-09,gwangju-buk,문흥1동,정광석항아리보쌈 문흥점,동행정복지센터 현안 업무 추진 팀장급 노고격려 오찬 간담회 경비 집행,71000,4795cba66df6ea6df30e03a260d32e8e1ea2f55ff47af771609b17f5a1caf5a8,sheet1:R4,
4795cba66df6ea6d-sheet1-R5,2026-01-12,gwangju-buk,문흥1동,서아참치,동 신년맞이 직원 노고격려 오찬 간담회 경비 집행,70000,4795cba66df6ea6df30e03a260d32e8e1ea2f55ff47af771609b17f5a1caf5a8,sheet1:R5,
4795cba66df6ea6d-sheet1-R6,2026-01-14,gwangju-buk,문흥1동,문흥골오리탕,통장 위촉을 위한 통장위촉심의위원회 오찬 간담회 경비 집행,100000,4795cba66df6ea6df30e03a260d32e8e1ea2f55ff47af771609b17f5a1caf5a8,sheet1:R6,
4795cba66df6ea6d-sheet1-R7,2026-01-16,gwangju-buk,문흥1동,털보네집,경로연합회 회의참석자 오찬 간담회 경비 집행,148000,4795cba66df6ea6df30e03a260d32e8e1ea2f55ff47af771609b17f5a1caf5a8,sheet1:R7,
4795cba66df6ea6d-sheet1-R8,2026-01-21,gwangju-buk,문흥1동,정광석항아리보쌈 문흥점,주민자치회 사무직원 채용심의위원회 오찬 간담회 경비 집행,88000,4795cba66df6ea6df30e03a260d32e8e1ea2f55ff47af771609b17f5a1caf5a8,sheet1:R8,
4795cba66df6ea6d-sheet1-R9,2026-01-29,gwangju-buk,문흥1동,"여장군,마미카페",동 행정 현안 공유 우문오 동장 오찬 간담회 경비 집행,76000,4795cba66df6ea6df30e03a260d32e8e1ea2f55ff47af771609b17f5a1caf5a8,sheet1:R9,
4795cba66df6ea6d-sheet1-R10,2026-02-11,gwangju-buk,문흥1동,허가네산약초오리,주민참여예산 제안사업 공모논의 오찬 간담회 경비 집행,60000,4795cba66df6ea6df30e03a260d32e8e1ea2f55ff47af771609b17f5a1caf5a8,sheet1:R10,
4795cba66df6ea6d-sheet1-R11,2026-02-12,gwangju-buk,문흥1동,여장군,동 현안 업무 추진 직원 노고격려 오찬 간담회 경비 집행,49000,4795cba66df6ea6df30e03a260d32e8e1ea2f55ff47af771609b17f5a1caf5a8,sheet1:R11,
4795cba66df6ea6d-sheet1-R12,2026-03-04,gwangju-buk,문흥1동,"도화정,더리터",봄꽃 식재 추진에 따른 참여자 격려 오찬간담회 경비 집행,117200,4795cba66df6ea6df30e03a260d32e8e1ea2f55ff47af771609b17f5a1caf5a8,sheet1:R12,
4795cba66df6ea6d-sheet1-R13,2026-03-11,gwangju-buk,문흥1동,부뚜막,동 현안 업무 추진 직원 노고격려 간담회 경비 집행,160000,4795cba66df6ea6df30e03a260d32e8e1ea2f55ff47af771609b17f5a1caf5a8,sheet1:R13,
4795cba66df6ea6d-sheet1-R14,2026-03-25,gwangju-buk,문흥1동,바다로,문흥1동 새마을협의회 사업추진 관련 오찬 간담회 경비 집행,183000,4795cba66df6ea6df30e03a260d32e8e1ea2f55ff47af771609b17f5a1caf5a8,sheet1:R14,
4795cba66df6ea6d-sheet1-R15,2026-03-30,gwangju-buk,문흥1동,대덕회관,대민행정 업무추진 사기진작을 위한 직원 격려 오찬 간담회 경비 집행,76000,4795cba66df6ea6df30e03a260d32e8e1ea2f55ff47af771609b17f5a1caf5a8,sheet1:R15,
77c46f881c4d0ad4-sheet1-R4,2026-01-14,gwangju-buk,두암3동,"뜨란, 펌킨커피",1월 자생단체장협의회 정례회의 참석자 오찬,175400,77c46f881c4d0ad4de1b55eaeba41787b898ffd1aac1814e3fc05ca063075bae,sheet1:R4,
77c46f881c4d0ad4-sheet1-R5,2026-03-17,gwangju-buk,두암3동,람바다,주민자치위원회 정례회의 참석자 만찬,493000,77c46f881c4d0ad4de1b55eaeba41787b898ffd1aac1814e3fc05ca063075bae,sheet1:R5,
77c46f881c4d0ad4-sheet1-R6,2026-03-23,gwangju-buk,두암3동,"두암골풍천장어, 콤포즈",주민자치회 사무국 격려 오찬 간담회,127200,77c46f881c4d0ad4de1b55eaeba41787b898ffd1aac1814e3fc05ca063075bae,sheet1:R6,
77c46f881c4d0ad4-sheet1-R7,2026-03-31,gwangju-buk,두암3동,낙지천국,사회복지도우미 오찬 간담회,114000,77c46f881c4d0ad4de1b55eaeba41787b898ffd1aac1814e3fc05ca063075bae,sheet1:R7,
0e765a4d9e928291-sheet1-R4,2026-01-05,gwangju-buk,운암3동,황솔촌운암점 외1,2026년 자생단체 임원진 신년맞이 오찬 간담회 비용 집행,240600,0e765a4d9e928291a4aed84542696b2f6bfe286b8718fdab675fee3487cd8dfb,sheet1:R4,
0e765a4d9e928291-sheet1-R5,2026-01-07,gwangju-buk,운암3동,사해일가,2026 주민자치회 활성화 방안 논의 등 임원진 오찬 간담회 비용 집행,145000,0e765a4d9e928291a4aed84542696b2f6bfe286b8718fdab675fee3487cd8dfb,sheet1:R5,
0e765a4d9e928291-sheet1-R6,2026-01-27,gwangju-buk,운암3동,행복한커피공방,통합민원업무 담당 직원 등 노고격려 차담회 비용 집행,15400,0e765a4d9e928291a4aed84542696b2f6bfe286b8718fdab675fee3487cd8dfb,sheet1:R6,
0e765a4d9e928291-sheet1-R7,2026-02-04,gwangju-buk,운암3동,황금남원추어탕,운암3동 주민참여예산위원회 관계자 오찬 간담회 비용 집행,143000,0e765a4d9e928291a4aed84542696b2f6bfe286b8718fdab675fee3487cd8dfb,sheet1:R7,
0e765a4d9e928291-sheet1-R8,2026-02-05,gwangju-buk,운암3동,바다로한상,365민생행복지원단 활성화 방안 논의 등 관계자 오찬 간담회 비용 집행,100000,0e765a4d9e928291a4aed84542696b2f6bfe286b8718fdab675fee3487cd8dfb,sheet1:R8,
0e765a4d9e928291-sheet1-R9,2026-02-06,gwangju-buk,운암3동,약수한방삼계탕 외 1,운암3동 동네순찰단 활동 방향 논의 등 관계자 오찬 간담 비용 집행,74400,0e765a4d9e928291a4aed84542696b2f6bfe286b8718fdab675fee3487cd8dfb,sheet1:R9,
0e765a4d9e928291-sheet1-R10,2026-02-12,gwangju-buk,운암3동,장터할인마트,2026년 설 명절 상근직원 노고 격려 선물 구입 비용 집행,494000,0e765a4d9e928291a4aed84542696b2f6bfe286b8718fdab675fee3487cd8dfb,sheet1:R10,
0e765a4d9e928291-sheet1-R11,2026-03-10,gwangju-buk,운암3동,샤브향 용봉점 외 1,2025년 경로당 보조금 정산 업무 등 직원 노고 격려 오찬 비용 집행,88000,0e765a4d9e928291a4aed84542696b2f6bfe286b8718fdab675fee3487cd8dfb,sheet1:R11,
0e765a4d9e928291-sheet1-R12,2026-03-23,gwangju-buk,운암3동,상상초밥 외 1,현장민원실 운영 관련 논의 등 운암3동 통장단 임원진 오찬 간담회 비용 집행,122700,0e765a4d9e928291a4aed84542696b2f6bfe286b8718fdab675fee3487cd8dfb,sheet1:R12,
0e765a4d9e928291-sheet1-R13,2026-03-24,gwangju-buk,운암3동,황솔촌운암점,2026년 경로당 운영 불편사항 청취 등 경로당 회장단 오찬 간담회 비용 집행,192000,0e765a4d9e928291a4aed84542696b2f6bfe286b8718fdab675fee3487cd8dfb,sheet1:R13,
2b3d8a07d75faeed-sheet1-R4,2026-01-06,gwangju-buk,양산동,백년한우,2026년 새해맞이 자생단체장 활동 격려,304000,2b3d8a07d75faeed061bd20358dad0bbe1b5b810e6e79a2fd3fa709f467c5bec,sheet1:R4,
2b3d8a07d75faeed-sheet1-R5,2026-01-07,gwangju-buk,양산동,"김종구닭칼국수육보쌈, 복덕방커피",2026년 1월 클린북구의 날 일제대청소 참여자 노고 격려,55300,2b3d8a07d75faeed061bd20358dad0bbe1b5b810e6e79a2fd3fa709f467c5bec,sheet1:R5,
2b3d8a07d75faeed-sheet1-R6,2026-01-14,gwangju-buk,양산동,송축골진곰탕,통장단 신·구 임원진 노고 격려,182000,2b3d8a07d75faeed061bd20358dad0bbe1b5b810e6e79a2fd3fa709f467c5bec,sheet1:R6,
2b3d8a07d75faeed-sheet1-R7,2026-01-16,gwangju-buk,양산동,김종구닭칼국수육보쌈,복지행정팀 및 보조인력 노고 격려,85500,2b3d8a07d75faeed061bd20358dad0bbe1b5b810e6e79a2fd3fa709f467c5bec,sheet1:R7,
2b3d8a07d75faeed-sheet1-R8,2026-01-19,gwangju-buk,양산동,첨단돌솥감자탕 광주양산점,주민자치회 위원 노고 격려,44000,2b3d8a07d75faeed061bd20358dad0bbe1b5b810e6e79a2fd3fa709f467c5bec,sheet1:R8,
2b3d8a07d75faeed-sheet1-R9,2026-01-28,gwangju-buk,양산동,마녀의닭갈비 양산점,지역사회서비스투자사업 담당자 및 지원인력 노고 격려,125500,2b3d8a07d75faeed061bd20358dad0bbe1b5b810e6e79a2fd3fa709f467c5bec,sheet1:R9,
2b3d8a07d75faeed-sheet1-R10,2026-01-30,gwangju-buk,양산동,"다복식당 양산점, 카페이쪼 양산점",새마을부녀회 임원진 노고 격려,68000,2b3d8a07d75faeed061bd20358dad0bbe1b5b810e6e79a2fd3fa709f467c5bec,sheet1:R10,
2b3d8a07d75faeed-sheet1-R11,2026-02-05,gwangju-buk,양산동,양산동주민자치회,설맞이 직원격려 선물 구입,720000,2b3d8a07d75faeed061bd20358dad0bbe1b5b810e6e79a2fd3fa709f467c5bec,sheet1:R11,
2b3d8a07d75faeed-sheet1-R12,2026-03-06,gwangju-buk,양산동,백년한우,전라남도지사 타운홀미팅 참석자 노고 격려,195000,2b3d8a07d75faeed061bd20358dad0bbe1b5b810e6e79a2fd3fa709f467c5bec,sheet1:R12,
2b3d8a07d75faeed-sheet1-R13,2026-03-20,gwangju-buk,양산동,남도추어탕,2026년 주민자치회 공모사업 추진 관게자 노고 격려,88000,2b3d8a07d75faeed061bd20358dad0bbe1b5b810e6e79a2fd3fa709f467c5bec,sheet1:R13,
77df805003e73025-sheet1-R2,2026-01-15,gwangju-buk,매곡동,정남진장흥한우 (주),주민자치회 사무직원 면접심사 관계자 오찬 간담 비용 지급,104000,77df805003e730254b82bbf043ce30d28a3b439810b11fa54a61cb472f8bafd6,sheet1:R2,
77df805003e73025-sheet1-R3,2026-01-19,gwangju-buk,매곡동,원기옥 비엔날레점,현안업무 추진 직원 노고 격려 만찬,164000,77df805003e730254b82bbf043ce30d28a3b439810b11fa54a61cb472f8bafd6,sheet1:R3,
77df805003e73025-sheet1-R4,2026-01-21,gwangju-buk,매곡동,"정남진장흥한우 ㈜, 카페오늘",매곡동 주민자치회 운영 관련 오찬,53000,77df805003e730254b82bbf043ce30d28a3b439810b11fa54a61cb472f8bafd6,sheet1:R4,
77df805003e73025-sheet1-R5,2026-02-06,gwangju-buk,매곡동,넝쿨채,매곡동 365민생행복지원단 운영 관련 오찬,45000,77df805003e730254b82bbf043ce30d28a3b439810b11fa54a61cb472f8bafd6,sheet1:R5,
77df805003e73025-sheet1-R6,2026-02-05,gwangju-buk,매곡동,황칠예가,매곡동 동네순찰단 운영 관련 오찬,48000,77df805003e730254b82bbf043ce30d28a3b439810b11fa54a61cb472f8bafd6,sheet1:R6,
77df805003e73025-sheet1-R7,2026-02-11,gwangju-buk,매곡동,매화락협동조합,동 행정복지센터 소속 상근직원 등 격려 설명절 선물구입비 지출,420000,77df805003e730254b82bbf043ce30d28a3b439810b11fa54a61cb472f8bafd6,sheet1:R7,
77df805003e73025-sheet1-R8,2026-02-23,gwangju-buk,매곡동,틔움직업재활센터,저소득 초등학교 신입생 학업용품 지원사업 추진 관계자 간담회 비용 지급,47300,77df805003e730254b82bbf043ce30d28a3b439810b11fa54a61cb472f8bafd6,sheet1:R8,
77df805003e73025-sheet1-R9,2026-03-11,gwangju-buk,매곡동,"옹기촌, 카페다락",매곡동 주민자치회 운영 관련 오찬,55000,77df805003e730254b82bbf043ce30d28a3b439810b11fa54a61cb472f8bafd6,sheet1:R9,
77df805003e73025-sheet1-R10,2026-03-12,gwangju-buk,매곡동,황칠예가,매곡동 지역사회보장협의체 운영 관련 오찬,48000,77df805003e730254b82bbf043ce30d28a3b439810b11fa54a61cb472f8bafd6,sheet1:R10,
77df805003e73025-sheet1-R11,2026-03-13,gwangju-buk,매곡동,코발트,주민주도형 취약지 자율청소단 운영 관계자 만찬 간담 비용 집행,180000,77df805003e730254b82bbf043ce30d28a3b439810b11fa54a61cb472f8bafd6,sheet1:R11,
77df805003e73025-sheet1-R12,2026-03-17,gwangju-buk,매곡동,옹기촌,현안업무 추진 직원 노고 격려 오찬비 집행,67000,77df805003e730254b82bbf043ce30d28a3b439810b11fa54a61cb472f8bafd6,sheet1:R12,
77df805003e73025-sheet1-R13,2026-03-20,gwangju-buk,매곡동,"정남진장흥한우 ㈜, 카페오늘",홀몸어르신 생신상 차리기 사업 관련 오찬,57000,77df805003e730254b82bbf043ce30d28a3b439810b11fa54a61cb472f8bafd6,sheet1:R13,
77df805003e73025-sheet1-R14,2026-03-24,gwangju-buk,매곡동,"넝쿨채, 카페오늘",매곡동 주민참여예산위원회 운영 관련 오찬,126500,77df805003e730254b82bbf043ce30d28a3b439810b11fa54a61cb472f8bafd6,sheet1:R14,
a2ec781154d04979-sheet1-R6,2026-01-26,gwangju-buk,기후환경과,로니로티앤이태리반점,공중화장실 불법촬영 상시점검 업무 협약 관계자 간담회,106400,a2ec781154d04979830a59c379be42830cc1e8ff72f4f95abd181740b4833879,sheet1:R6,
a2ec781154d04979-sheet1-R7,2026-01-29,gwangju-buk,기후환경과,"광양재첩, 라이트라이트샵",생활폐기물 수집운반 대행업체 관계자 간담회,173000,a2ec781154d04979830a59c379be42830cc1e8ff72f4f95abd181740b4833879,sheet1:R7,
a2ec781154d04979-sheet1-R8,2026-02-10,gwangju-buk,기후환경과,"억수르, 달과자",봄철 산불방지 종합대책 추진 관계자 간담회,198000,a2ec781154d04979830a59c379be42830cc1e8ff72f4f95abd181740b4833879,sheet1:R8,
a2ec781154d04979-sheet1-R9,2026-02-19,gwangju-buk,기후환경과,경민회관,청소취약지 자율청소단 추진 관계자 간담회,90000,a2ec781154d04979830a59c379be42830cc1e8ff72f4f95abd181740b4833879,sheet1:R9,
a2ec781154d04979-sheet1-R10,2026-03-12,gwangju-buk,기후환경과,빛고을국밥&전골전문,자원순환을 위한 환경기초시설 관계자 간담회,129000,a2ec781154d04979830a59c379be42830cc1e8ff72f4f95abd181740b4833879,sheet1:R10,
a2ec781154d04979-sheet1-R11,2026-03-23,gwangju-buk,기후환경과,"정가네나주곰탕, 할리스북구청점",물의날 행사 추진 관계자 간담회,83900,a2ec781154d04979830a59c379be42830cc1e8ff72f4f95abd181740b4833879,sheet1:R11,
a2ec781154d04979-sheet1-R12,2026-03-25,gwangju-buk,기후환경과,"게누쓰, 모먼트오월",평두메습지 교육 추진 관계자 간담회,82800,a2ec781154d04979830a59c379be42830cc1e8ff72f4f95abd181740b4833879,sheet1:R12,
a2ec781154d04979-sheet1-R17,2026-01-05,gwangju-buk,기후환경과,"스위티움, 투썸플레이스",평두메습지 피해복구 추진상황 점검을 위한 관계자 간담회,102600,a2ec781154d04979830a59c379be42830cc1e8ff72f4f95abd181740b4833879,sheet1:R17,
a2ec781154d04979-sheet1-R18,2026-01-06,gwangju-buk,기후환경과,라버뮤다,유해야생동물 피해방지단 운영사업 추진 관계자 간담회,31800,a2ec781154d04979830a59c379be42830cc1e8ff72f4f95abd181740b4833879,sheet1:R18,
a2ec781154d04979-sheet1-R19,2026-01-27,gwangju-buk,기후환경과,"마루, 콴도",2026년 환경교육 추진 관계자 간담회,105900,a2ec781154d04979830a59c379be42830cc1e8ff72f4f95abd181740b4833879,sheet1:R19,
a2ec781154d04979-sheet1-R20,2026-01-28,gwangju-buk,기후환경과,라버뮤다,평두메습지 관련 업무 관계자 간담회,50500,a2ec781154d04979830a59c379be42830cc1e8ff72f4f95abd181740b4833879,sheet1:R20,
a2ec781154d04979-sheet1-R21,2026-02-10,gwangju-buk,기후환경과,"만선, 파스쿠찌전대점",북구탄소중립지원센터 업무 관계자 간담회,87950,a2ec781154d04979830a59c379be42830cc1e8ff72f4f95abd181740b4833879,sheet1:R21,
a2ec781154d04979-sheet1-R22,2026-03-05,gwangju-buk,기후환경과,"만선, 파스쿠찌전대점",평두메습지 관련 업무 관계자 간담회,157880,a2ec781154d04979830a59c379be42830cc1e8ff72f4f95abd181740b4833879,sheet1:R22,
a2ec781154d04979-sheet2-R5,2026-01-08,gwangju-buk,기후환경과,로니로티,공원 조성업무 추진 직원 격려 기관운영업무추진비 집행,88500,a2ec781154d04979830a59c379be42830cc1e8ff72f4f95abd181740b4833879,sheet2:R5,
a2ec781154d04979-sheet2-R6,2026-01-09,gwangju-buk,기후환경과,예향정,기후위기 적응대책 추진 부서 격려 기관운영업무추진비 집행,54000,a2ec781154d04979830a59c379be42830cc1e8ff72f4f95abd181740b4833879,sheet2:R6,
a2ec781154d04979-sheet2-R7,2026-01-13,gwangju-buk,기후환경과,스테이,농촌지역 소각 합동점검 추진 격려 기관운영업무추진비 집행,102000,a2ec781154d04979830a59c379be42830cc1e8ff72f4f95abd181740b4833879,sheet2:R7,
a2ec781154d04979-sheet2-R8,2026-01-15,gwangju-buk,기후환경과,빛고을국밥&전골전문점,정기 인사이동에 따른 직원 격려 기관운영업무추진비 집행,299000,a2ec781154d04979830a59c379be42830cc1e8ff72f4f95abd181740b4833879,sheet2:R8,
a2ec781154d04979-sheet2-R9,2026-02-11,gwangju-buk,기후환경과,한솔,쓰레기 상습취약지 청소 업무 추진 부서 격려 기관운영업무추진비 집행,120000,a2ec781154d04979830a59c379be42830cc1e8ff72f4f95abd181740b4833879,sheet2:R9,
a2ec781154d04979-sheet2-R10,2026-02-27,gwangju-buk,기후환경과,"달빛에구운고등어, 주노로스팅연구소카페",붕괴위험지역 급경사지 관련 업무 추진 직원 격려 기관운영업무추진비 집행,63350,a2ec781154d04979830a59c379be42830cc1e8ff72f4f95abd181740b4833879,sheet2:R10,
a2ec781154d04979-sheet2-R11,2026-03-10,gwangju-buk,기후환경과,달빛에구운고등어,비산먼지 발생사업장 점검 업무 추진 직원 격려 기관운영업무추진비 집행,112500,a2ec781154d04979830a59c379be42830cc1e8ff72f4f95abd181740b4833879,sheet2:R11,
a2ec781154d04979-sheet2-R12,2026-03-12,gwangju-buk,기후환경과,해수니보쌈,환경생태국 공원녹지과 업무 추진 직원 격려 기관운영업무추진비 집행,122000,a2ec781154d04979830a59c379be42830cc1e8ff72f4f95abd181740b4833879,sheet2:R12,
a2ec781154d04979-sheet2-R13,2026-03-19,gwangju-buk,기후환경과,광양재첩,환경생태국 위생과 업무 추진 직원 격려 기관운영업무추진비 집행,90000,a2ec781154d04979830a59c379be42830cc1e8ff72f4f95abd181740b4833879,sheet2:R13,
a2ec781154d04979-sheet2-R14,2026-03-24,gwangju-buk,기후환경과,빛고을국밥&전골전문점,가축분뇨 배출시설 점검 등 업무 추진 직원 격려 기관운영업무추진비 집행,255000,a2ec781154d04979830a59c379be42830cc1e8ff72f4f95abd181740b4833879,sheet2:R14,
fb7a6f9a2ff3f875-sheet1-R4,2026-01-13,gwangju-buk,보건행정과,오리랑돼지랑,구정업무보고 추진 관련 노고 격려,82000,fb7a6f9a2ff3f87572a3bd36f8f7e5fddf5c734791451bbe5bfdf3fb9111c2e0,sheet1:R4,23734f7ce312c7200e9dd9774c7dd2dcd1c1187eb6f17c2a42e2cc880ddb9a01:sheet1:R4
fb7a6f9a2ff3f875-sheet1-R5,2026-01-15,gwangju-buk,보건행정과,예향정,감염병관리 업무 추진 노고 격려,108000,fb7a6f9a2ff3f87572a3bd36f8f7e5fddf5c734791451bbe5bfdf3fb9111c2e0,sheet1:R5,23734f7ce312c7200e9dd9774c7dd2dcd1c1187eb6f17c2a42e2cc880ddb9a01:sheet1:R5
fb7a6f9a2ff3f875-sheet1-R6,2026-01-15,gwangju-buk,보건행정과,샘터,감염병관리 업무 추진 노고 격려,23000,fb7a6f9a2ff3f87572a3bd36f8f7e5fddf5c734791451bbe5bfdf3fb9111c2e0,sheet1:R6,23734f7ce312c7200e9dd9774c7dd2dcd1c1187eb6f17c2a42e2cc880ddb9a01:sheet1:R6
fb7a6f9a2ff3f875-sheet1-R7,2026-01-16,gwangju-buk,보건행정과,두암골설렁탕,두암건강생활지원센터 업무 추진 노고 격려,98000,fb7a6f9a2ff3f87572a3bd36f8f7e5fddf5c734791451bbe5bfdf3fb9111c2e0,sheet1:R7,23734f7ce312c7200e9dd9774c7dd2dcd1c1187eb6f17c2a42e2cc880ddb9a01:sheet1:R7
fb7a6f9a2ff3f875-sheet1-R8,2026-01-20,gwangju-buk,보건행정과,샤브향 용봉점,보건행정 업무 추진 노고 격려,90000,fb7a6f9a2ff3f87572a3bd36f8f7e5fddf5c734791451bbe5bfdf3fb9111c2e0,sheet1:R8,23734f7ce312c7200e9dd9774c7dd2dcd1c1187eb6f17c2a42e2cc880ddb9a01:sheet1:R8
fb7a6f9a2ff3f875-sheet1-R9,2026-01-27,gwangju-buk,보건행정과,오우가,통합건강증진사업 업무 추진 노고 격려,60000,fb7a6f9a2ff3f87572a3bd36f8f7e5fddf5c734791451bbe5bfdf3fb9111c2e0,sheet1:R9,23734f7ce312c7200e9dd9774c7dd2dcd1c1187eb6f17c2a42e2cc880ddb9a01:sheet1:R9
fb7a6f9a2ff3f875-sheet1-R10,2026-01-30,gwangju-buk,보건행정과,또래오래전대점,구강보건업무 추진 노고 격려,50000,fb7a6f9a2ff3f87572a3bd36f8f7e5fddf5c734791451bbe5bfdf3fb9111c2e0,sheet1:R10,23734f7ce312c7200e9dd9774c7dd2dcd1c1187eb6f17c2a42e2cc880ddb9a01:sheet1:R10
fb7a6f9a2ff3f875-sheet1-R11,2026-02-02,gwangju-buk,보건행정과,도깨비마을,방역업무 추진 노고 격려,49000,fb7a6f9a2ff3f87572a3bd36f8f7e5fddf5c734791451bbe5bfdf3fb9111c2e0,sheet1:R11,23734f7ce312c7200e9dd9774c7dd2dcd1c1187eb6f17c2a42e2cc880ddb9a01:sheet1:R11
fb7a6f9a2ff3f875-sheet1-R12,2026-02-10,gwangju-buk,보건행정과,영미오리탕,건강증진사업 업무 추진 노고 격려,95000,fb7a6f9a2ff3f87572a3bd36f8f7e5fddf5c734791451bbe5bfdf3fb9111c2e0,sheet1:R12,23734f7ce312c7200e9dd9774c7dd2dcd1c1187eb6f17c2a42e2cc880ddb9a01:sheet1:R12
fb7a6f9a2ff3f875-sheet1-R13,2026-02-25,gwangju-buk,보건행정과,강진식당,의약관리 업무 추진 노고 격려,88000,fb7a6f9a2ff3f87572a3bd36f8f7e5fddf5c734791451bbe5bfdf3fb9111c2e0,sheet1:R13,23734f7ce312c7200e9dd9774c7dd2dcd1c1187eb6f17c2a42e2cc880ddb9a01:sheet1:R13
fb7a6f9a2ff3f875-sheet1-R14,2026-03-04,gwangju-buk,보건행정과,두암골설렁탕,두암특화건강관리 업무 추진 노고 격려,95000,fb7a6f9a2ff3f87572a3bd36f8f7e5fddf5c734791451bbe5bfdf3fb9111c2e0,sheet1:R14,23734f7ce312c7200e9dd9774c7dd2dcd1c1187eb6f17c2a42e2cc880ddb9a01:sheet1:R14
fb7a6f9a2ff3f875-sheet1-R15,2026-03-16,gwangju-buk,보건행정과,곱돌마루,감염병예방 업무 추진 노고 격려,130000,fb7a6f9a2ff3f87572a3bd36f8f7e5fddf5c734791451bbe5bfdf3fb9111c2e0,sheet1:R15,23734f7ce312c7200e9dd9774c7dd2dcd1c1187eb6f17c2a42e2cc880ddb9a01:sheet1:R15
fb7a6f9a2ff3f875-sheet1-R16,2026-03-26,gwangju-buk,보건행정과,도화정,두암건강생활지원 업무 추진 노고 격려,136000,fb7a6f9a2ff3f87572a3bd36f8f7e5fddf5c734791451bbe5bfdf3fb9111c2e0,sheet1:R16,23734f7ce312c7200e9dd9774c7dd2dcd1c1187eb6f17c2a42e2cc880ddb9a01:sheet1:R16
fb7a6f9a2ff3f875-sheet1-R17,2026-03-31,gwangju-buk,보건행정과,"예향정, 투썸플레이스전남대캠퍼스점",보건민원 업무 추진 노고 격려,100800,fb7a6f9a2ff3f87572a3bd36f8f7e5fddf5c734791451bbe5bfdf3fb9111c2e0,sheet1:R17,
fb7a6f9a2ff3f875-sheet2-R4,2026-01-09,gwangju-buk,보건행정과,예송,지역보건의료기관 간담회 경비 집행,80000,fb7a6f9a2ff3f87572a3bd36f8f7e5fddf5c734791451bbe5bfdf3fb9111c2e0,sheet2:R4,23734f7ce312c7200e9dd9774c7dd2dcd1c1187eb6f17c2a42e2cc880ddb9a01:sheet1:R77
fb7a6f9a2ff3f875-sheet2-R5,2026-02-05,gwangju-buk,보건행정과,월하리,의료업무 유관기간 간담회 경비 집행,52000,fb7a6f9a2ff3f87572a3bd36f8f7e5fddf5c734791451bbe5bfdf3fb9111c2e0,sheet2:R5,23734f7ce312c7200e9dd9774c7dd2dcd1c1187eb6f17c2a42e2cc880ddb9a01:sheet1:R93
fb7a6f9a2ff3f875-sheet2-R6,2026-02-06,gwangju-buk,보건행정과,예향정,보건민원 유관기관 간담회 경비 집행,54000,fb7a6f9a2ff3f87572a3bd36f8f7e5fddf5c734791451bbe5bfdf3fb9111c2e0,sheet2:R6,23734f7ce312c7200e9dd9774c7dd2dcd1c1187eb6f17c2a42e2cc880ddb9a01:sheet1:R62
1d57aa54a835b773-sheet1-R3,2026-01-05,gwangju-buk,두암1동,힉힉,주민자치회 업무 추진 격려 티타임,20500,1d57aa54a835b773d5a1176383154e3f8d605ea3296f5efa392d4e121a3f1996,sheet1:R3,
1d57aa54a835b773-sheet1-R4,2026-01-14,gwangju-buk,두암1동,해수니보쌈,어울림어린이공원 관리 관련 업무교류 직원 격려 오찬,49000,1d57aa54a835b773d5a1176383154e3f8d605ea3296f5efa392d4e121a3f1996,sheet1:R4,
1d57aa54a835b773-sheet1-R5,2026-01-21,gwangju-buk,두암1동,"서대나라, 힉힉",통장위촉심의위원회 위원 격려 오찬 및 티타임,191500,1d57aa54a835b773d5a1176383154e3f8d605ea3296f5efa392d4e121a3f1996,sheet1:R5,
1d57aa54a835b773-sheet1-R6,2026-02-04,gwangju-buk,두암1동,각화동농수산물도매시장 광주원협23번,설명절 맞이 직원 격려 선물 구입,345000,1d57aa54a835b773d5a1176383154e3f8d605ea3296f5efa392d4e121a3f1996,sheet1:R6,
1d57aa54a835b773-sheet1-R7,2026-02-04,gwangju-buk,두암1동,소미당,통장위촉심의위원회 위원 격려 티타임,27100,1d57aa54a835b773d5a1176383154e3f8d605ea3296f5efa392d4e121a3f1996,sheet1:R7,
1d57aa54a835b773-sheet1-R8,2026-03-13,gwangju-buk,두암1동,소미당,주민자치회 업무 추진 격려 티타임,45900,1d57aa54a835b773d5a1176383154e3f8d605ea3296f5efa392d4e121a3f1996,sheet1:R8,
1d57aa54a835b773-sheet1-R9,2026-03-13,gwangju-buk,두암1동,"해일서대나라, 이디야 광주 말바우점",도로보수 등 업무교류 직원 격려 석식 및 티타임,81200,1d57aa54a835b773d5a1176383154e3f8d605ea3296f5efa392d4e121a3f1996,sheet1:R9,
1d57aa54a835b773-sheet1-R10,2026-03-18,gwangju-buk,두암1동,토방닭매운탕,두암1동 사랑의 공동모금 홍보 협조 오찬,46000,1d57aa54a835b773d5a1176383154e3f8d605ea3296f5efa392d4e121a3f1996,sheet1:R10,
1d57aa54a835b773-sheet1-R11,2026-03-18,gwangju-buk,두암1동,뒷골목뒷고기,사랑의 공동모금 홍보 협조 직원 격려 석식,80000,1d57aa54a835b773d5a1176383154e3f8d605ea3296f5efa392d4e121a3f1996,sheet1:R11,
1d57aa54a835b773-sheet1-R12,2026-03-20,gwangju-buk,두암1동,해일서대나라,사랑의 공동모금 홍보 협조 직원 격려 오찬,123000,1d57aa54a835b773d5a1176383154e3f8d605ea3296f5efa392d4e121a3f1996,sheet1:R12,
1d57aa54a835b773-sheet1-R13,2026-03-24,gwangju-buk,두암1동,진우찻집,주민참여예산위원회 위원 격려 티타임,30000,1d57aa54a835b773d5a1176383154e3f8d605ea3296f5efa392d4e121a3f1996,sheet1:R13,
1d57aa54a835b773-sheet1-R14,2026-03-25,gwangju-buk,두암1동,"동산회관, 이디야(두암센트럴점)",행복둥지 사랑의 집수리 사업 추진 관계자 오찬 및 티타임,74640,1d57aa54a835b773d5a1176383154e3f8d605ea3296f5efa392d4e121a3f1996,sheet1:R14,
1d57aa54a835b773-sheet1-R15,2026-03-26,gwangju-buk,두암1동,해일서대나라,문화권역 동행정 활성화 추진 동장단 오찬,125000,1d57aa54a835b773d5a1176383154e3f8d605ea3296f5efa392d4e121a3f1996,sheet1:R15,
1d57aa54a835b773-sheet1-R16,2026-03-30,gwangju-buk,두암1동,소미당,지역사회보장협의체 업무 추진 관계자 간식비 집행,50000,1d57aa54a835b773d5a1176383154e3f8d605ea3296f5efa392d4e121a3f1996,sheet1:R16,
2d318816b2e95771-sheet1-R5,2026-01-07,gwangju-buk,일곡동,규슈일곡자연마을점,1월중 업무협업을 위한 인근 행정구역 동장 오찬 간담회 경비 집행,86700,2d318816b2e9577118add394a14a82aa2460f1de46c58f41fec4f5440512ce6a,sheet1:R5,
2d318816b2e95771-sheet1-R6,2026-01-09,gwangju-buk,일곡동,블렌딩샵,일곡동 상인회 관계자 차담회 경비 집행,35000,2d318816b2e9577118add394a14a82aa2460f1de46c58f41fec4f5440512ce6a,sheet1:R6,
2d318816b2e95771-sheet1-R7,2026-01-13,gwangju-buk,일곡동,문옥외 1,동행정복지센터 팀장 격려 오찬비 집행,122500,2d318816b2e9577118add394a14a82aa2460f1de46c58f41fec4f5440512ce6a,sheet1:R7,
2d318816b2e95771-sheet1-R8,2026-01-21,gwangju-buk,일곡동,언덕위에한우마을,당면업무 추진에 따른 직원 격려 만찬비 집행,328000,2d318816b2e9577118add394a14a82aa2460f1de46c58f41fec4f5440512ce6a,sheet1:R8,
2d318816b2e95771-sheet1-R9,2026-01-27,gwangju-buk,일곡동,블렌딩샵,일곡동 자생단체 대표 등 차담회 경비 집행,60000,2d318816b2e9577118add394a14a82aa2460f1de46c58f41fec4f5440512ce6a,sheet1:R9,
2d318816b2e95771-sheet1-R10,2026-02-03,gwangju-buk,일곡동,옥이네,고압선 입지선정 등 동 현안 관련 관계자 오찬비 집행,42000,2d318816b2e9577118add394a14a82aa2460f1de46c58f41fec4f5440512ce6a,sheet1:R10,
2d318816b2e95771-sheet1-R11,2026-02-06,gwangju-buk,일곡동,오늘부터애간장외 1,동행정복지센터 팀장 격려 오찬비 집행,109000,2d318816b2e9577118add394a14a82aa2460f1de46c58f41fec4f5440512ce6a,sheet1:R11,
2d318816b2e95771-sheet1-R12,2026-02-10,gwangju-buk,일곡동,통영굴밥외 1,지역사회 서비스 투자사업 접수 관계자 등 격려 오찬비 집행,167400,2d318816b2e9577118add394a14a82aa2460f1de46c58f41fec4f5440512ce6a,sheet1:R12,
2d318816b2e95771-sheet1-R13,2026-02-12,gwangju-buk,일곡동,도미노피자(양산점)외 1,설 맞이 직원 격려 간식비 집행,132400,2d318816b2e9577118add394a14a82aa2460f1de46c58f41fec4f5440512ce6a,sheet1:R13,
2d318816b2e95771-sheet1-R14,2026-02-25,gwangju-buk,일곡동,김연수해물나라,2월중 업무 협업을 위한 인근 행정구역 동장 오찬 간담회 경비 집행,79000,2d318816b2e9577118add394a14a82aa2460f1de46c58f41fec4f5440512ce6a,sheet1:R14,
2d318816b2e95771-sheet1-R15,2026-03-03,gwangju-buk,일곡동,큰나무집외 1,통장단 회장 임기 만료에 따른 관계자 오찬 간담회 경비 집행,173500,2d318816b2e9577118add394a14a82aa2460f1de46c58f41fec4f5440512ce6a,sheet1:R15,
2d318816b2e95771-sheet1-R16,2026-03-13,gwangju-buk,일곡동,언덕위에한우마을,행정서비스팀 직원 격려 만찬비 집행,160000,2d318816b2e9577118add394a14a82aa2460f1de46c58f41fec4f5440512ce6a,sheet1:R16,
2d318816b2e95771-sheet1-R17,2026-03-18,gwangju-buk,일곡동,블렌딩샵,일곡동 기관장 협의회 차담회 경비 집행,28000,2d318816b2e9577118add394a14a82aa2460f1de46c58f41fec4f5440512ce6a,sheet1:R17,
2d318816b2e95771-sheet1-R18,2026-03-19,gwangju-buk,일곡동,블렌딩샵,자율방재단 해빙기 취약지 점검에 따른 차담회 경비 집행,33000,2d318816b2e9577118add394a14a82aa2460f1de46c58f41fec4f5440512ce6a,sheet1:R18,
2d318816b2e95771-sheet1-R19,2026-03-26,gwangju-buk,일곡동,구름떡공방,동행정복지센터 직원용 간식 구입비 집행,70000,2d318816b2e9577118add394a14a82aa2460f1de46c58f41fec4f5440512ce6a,sheet1:R19,
5e735b0da0af1c56-table1-R2,2026-01-06,gwangju-buk,문화예술과,광양재첩,지역 인문학 진흥 및 프로그램 운영을 위한 관계자 간담,120000,5e735b0da0af1c56d239e2e03fc503316f03e97f92155da81ef4a7b38976f0d0,table1:R2,
5e735b0da0af1c56-table1-R3,2026-01-07,gwangju-buk,문화예술과,스테이,생활체육 활성화 지원을 위한 관계자 간담,85000,5e735b0da0af1c56d239e2e03fc503316f03e97f92155da81ef4a7b38976f0d0,table1:R3,
5e735b0da0af1c56-table1-R4,2026-01-09,gwangju-buk,문화예술과,게누쓰,작은도서관 이용 활성화를 위한 주요 관계자 간담,48000,5e735b0da0af1c56d239e2e03fc503316f03e97f92155da81ef4a7b38976f0d0,table1:R4,
5e735b0da0af1c56-table1-R5,2026-01-20,gwangju-buk,문화예술과,백년한우,구립합창단 운영 관계자 간담,78000,5e735b0da0af1c56d239e2e03fc503316f03e97f92155da81ef4a7b38976f0d0,table1:R5,
5e735b0da0af1c56-table1-R6,2026-01-29,gwangju-buk,문화예술과,예향정,평생학습활성화 업무 추진 관련 관계자 간담,149000,5e735b0da0af1c56d239e2e03fc503316f03e97f92155da81ef4a7b38976f0d0,table1:R6,
5e735b0da0af1c56-table1-R7,2026-02-02,gwangju-buk,문화예술과,하나비,갤러리 운영 활성화를 위한 관계자 간담,30000,5e735b0da0af1c56d239e2e03fc503316f03e97f92155da81ef4a7b38976f0d0,table1:R7,
5e735b0da0af1c56-table1-R8,2026-02-09,gwangju-buk,문화예술과,스테이,체육시설 조성 및 운영을 위한 관계자 간담,85000,5e735b0da0af1c56d239e2e03fc503316f03e97f92155da81ef4a7b38976f0d0,table1:R8,
5e735b0da0af1c56-table1-R9,2026-02-12,gwangju-buk,문화예술과,태풍참치,무등문학상 운영을 위한 관계자 간담,165000,5e735b0da0af1c56d239e2e03fc503316f03e97f92155da81ef4a7b38976f0d0,table1:R9,
5e735b0da0af1c56-table1-R10,2026-03-05,gwangju-buk,문화예술과,해수니보쌈,도서관 운영 활성화를 위한 관계자 간담,106000,5e735b0da0af1c56d239e2e03fc503316f03e97f92155da81ef4a7b38976f0d0,table1:R10,
5e735b0da0af1c56-table1-R11,2026-03-12,gwangju-buk,문화예술과,로니로티앤이태리반점,지역관광 활성화를 위한 관계자 간담,81500,5e735b0da0af1c56d239e2e03fc503316f03e97f92155da81ef4a7b38976f0d0,table1:R11,
5e735b0da0af1c56-table1-R12,2026-03-18,gwangju-buk,문화예술과,광양재첩,문화의집 등 문화시설 운영 활성화를 위한 관계자 간담,60000,5e735b0da0af1c56d239e2e03fc503316f03e97f92155da81ef4a7b38976f0d0,table1:R12,
5e735b0da0af1c56-table1-R13,2026-03-30,gwangju-buk,문화예술과,예송,생활문화센터 운영 활성화를 위한 관계자 간담,48000,5e735b0da0af1c56d239e2e03fc503316f03e97f92155da81ef4a7b38976f0d0,table1:R13,
5e735b0da0af1c56-table2-R2,2026-02-11,gwangju-buk,문화예술과,강진식당,북구문화의집 운영 관계자 간담,98000,5e735b0da0af1c56d239e2e03fc503316f03e97f92155da81ef4a7b38976f0d0,table2:R2,
5e735b0da0af1c56-table2-R3,2026-02-19,gwangju-buk,문화예술과,샤브향 용봉점,정월대보름 문화행사 운영 관계자 간담,119200,5e735b0da0af1c56d239e2e03fc503316f03e97f92155da81ef4a7b38976f0d0,table2:R3,
5e735b0da0af1c56-table2-R4,2026-03-12,gwangju-buk,문화예술과,더조은공간한식전문,매장유산 긴급발굴조사 지원사업 관계자 간담,40000,5e735b0da0af1c56d239e2e03fc503316f03e97f92155da81ef4a7b38976f0d0,table2:R4,
5e735b0da0af1c56-table2-R5,2026-03-20,gwangju-buk,문화예술과,해수니보쌈,북구문화원 운영 관계자 간담,50000,5e735b0da0af1c56d239e2e03fc503316f03e97f92155da81ef4a7b38976f0d0,table2:R5,
5e735b0da0af1c56-table3-R2,2026-01-12,gwangju-buk,문화예술과,예송,2026년 신년업무보고 추진 직원 격려 오찬,48000,5e735b0da0af1c56d239e2e03fc503316f03e97f92155da81ef4a7b38976f0d0,table3:R2,
5e735b0da0af1c56-table3-R3,2026-01-28,gwangju-buk,문화예술과,빽보이피자전대점,문화교육국 현안업무 추진 직원 격려 간식 구입,187200,5e735b0da0af1c56d239e2e03fc503316f03e97f92155da81ef4a7b38976f0d0,table3:R3,
5e735b0da0af1c56-table3-R4,2026-02-04,gwangju-buk,문화예술과,제주선채향광주일곡,무등문학상 운영 등 문화진흥 현안업무 추진 직원 격려 오찬,79000,5e735b0da0af1c56d239e2e03fc503316f03e97f92155da81ef4a7b38976f0d0,table3:R4,
5e735b0da0af1c56-table3-R5,2026-02-06,gwangju-buk,문화예술과,곱돌마루,생활문화센터 운영 등 문화기반조성 현안업무 추진 직원 격려 오찬,85000,5e735b0da0af1c56d239e2e03fc503316f03e97f92155da81ef4a7b38976f0d0,table3:R5,
5e735b0da0af1c56-table3-R6,2026-02-11,gwangju-buk,문화예술과,명량핫도그전대점,사무실 이전 직원 격려 간식 구입,97600,5e735b0da0af1c56d239e2e03fc503316f03e97f92155da81ef4a7b38976f0d0,table3:R6,
5e735b0da0af1c56-table3-R7,2026-02-19,gwangju-buk,문화예술과,별빛스푼샐러드,생활체육 현안업무 추진 직원 격려 오찬,88700,5e735b0da0af1c56d239e2e03fc503316f03e97f92155da81ef4a7b38976f0d0,table3:R7,
5e735b0da0af1c56-table3-R8,2026-02-24,gwangju-buk,문화예술과,우정옥,진로체험 등 교육지원 현안업무 추진 직원 격려 오찬,82000,5e735b0da0af1c56d239e2e03fc503316f03e97f92155da81ef4a7b38976f0d0,table3:R8,
5e735b0da0af1c56-table3-R9,2026-02-27,gwangju-buk,문화예술과,호수짱뚱어탕,공공조형물 관리 등 예술진흥 현안업무 추진 직원 격려 오찬,36000,5e735b0da0af1c56d239e2e03fc503316f03e97f92155da81ef4a7b38976f0d0,table3:R9,
5e735b0da0af1c56-table3-R10,2026-03-13,gwangju-buk,문화예술과,바다로,인권강좌 운영 등 민주인권 현안업무 추진 직원 격려 오찬,60000,5e735b0da0af1c56d239e2e03fc503316f03e97f92155da81ef4a7b38976f0d0,table3:R10,
5e735b0da0af1c56-table3-R11,2026-03-17,gwangju-buk,문화예술과,곱돌마루,문화교육국 현안업무 추진 직원 격려 오찬,59000,5e735b0da0af1c56d239e2e03fc503316f03e97f92155da81ef4a7b38976f0d0,table3:R11,
5e735b0da0af1c56-table3-R12,2026-03-19,gwangju-buk,문화예술과,람바다,구립도서관 운영 등 도서관과 현안업무 추진 직원 격려 오찬,60000,5e735b0da0af1c56d239e2e03fc503316f03e97f92155da81ef4a7b38976f0d0,table3:R12,
0ece2be5e5695aeb-sheet1-R3,2026-01-08,gwangju-buk,통합돌봄과,풍요,장애인복지단체 신년인사 및 떡국나눔 관계자 간담회,152000,0ece2be5e5695aeb954c07a4000274730b774090450e9e81a2a9bb05e6229257,sheet1:R3,
0ece2be5e5695aeb-sheet1-R4,2026-01-12,gwangju-buk,통합돌봄과,서진주한정식,통합돌봄 유관기관 간담회,144000,0ece2be5e5695aeb954c07a4000274730b774090450e9e81a2a9bb05e6229257,sheet1:R4,
0ece2be5e5695aeb-sheet1-R5,2026-01-14,gwangju-buk,통합돌봄과,"진심옥, 카페크림",노인복지 유관기관 간담회,128000,0ece2be5e5695aeb954c07a4000274730b774090450e9e81a2a9bb05e6229257,sheet1:R5,
0ece2be5e5695aeb-sheet1-R6,2026-01-26,gwangju-buk,통합돌봄과,태홍회관,통합돌봄 수행기관 신년 간담회,242000,0ece2be5e5695aeb954c07a4000274730b774090450e9e81a2a9bb05e6229257,sheet1:R6,
0ece2be5e5695aeb-sheet1-R7,2026-01-29,gwangju-buk,통합돌봄과,코발트,영구임대 돌봄특화마을 유관기관 간담회,215500,0ece2be5e5695aeb954c07a4000274730b774090450e9e81a2a9bb05e6229257,sheet1:R7,
0ece2be5e5695aeb-sheet1-R8,2026-02-10,gwangju-buk,통합돌봄과,구수한식육식당,장애인복지 유관기관 업무추진 간담회,241000,0ece2be5e5695aeb954c07a4000274730b774090450e9e81a2a9bb05e6229257,sheet1:R8,
0ece2be5e5695aeb-sheet1-R9,2026-02-13,gwangju-buk,통합돌봄과,달빛에구운고등어,스마트헬스케어센터 운영 관계자 간담회,250000,0ece2be5e5695aeb954c07a4000274730b774090450e9e81a2a9bb05e6229257,sheet1:R9,
0ece2be5e5695aeb-sheet1-R10,2026-02-25,gwangju-buk,통합돌봄과,"달빛에구운고등어, 주노로스팅연구소",시니어 주거복지 지원단 교육 관계자 간담회,89000,0ece2be5e5695aeb954c07a4000274730b774090450e9e81a2a9bb05e6229257,sheet1:R10,
0ece2be5e5695aeb-sheet1-R11,2026-03-10,gwangju-buk,통합돌봄과,태봉골식육식당,장애인거주시설 합동점검 관계자 간담회,170000,0ece2be5e5695aeb954c07a4000274730b774090450e9e81a2a9bb05e6229257,sheet1:R11,
0ece2be5e5695aeb-sheet1-R12,2026-03-24,gwangju-buk,통합돌봄과,"광양재첩,파리바게뜨",통합돌봄 업무추진을 위한 한의사회 간담회,94100,0ece2be5e5695aeb954c07a4000274730b774090450e9e81a2a9bb05e6229257,sheet1:R12,
0ece2be5e5695aeb-sheet1-R17,2026-01-02,gwangju-buk,통합돌봄과,반헤이브,신년맞이 이웃사랑 배식봉사 참여자 격려 간식,45800,0ece2be5e5695aeb954c07a4000274730b774090450e9e81a2a9bb05e6229257,sheet1:R17,
0ece2be5e5695aeb-sheet1-R18,2026-01-12,gwangju-buk,통합돌봄과,곱돌마루,노인복지 업무추진 직원 격려,76000,0ece2be5e5695aeb954c07a4000274730b774090450e9e81a2a9bb05e6229257,sheet1:R18,
0ece2be5e5695aeb-sheet1-R19,2026-01-14,gwangju-buk,통합돌봄과,로니로티,장애인복지 업무추진 직원 격려,171700,0ece2be5e5695aeb954c07a4000274730b774090450e9e81a2a9bb05e6229257,sheet1:R19,
0ece2be5e5695aeb-sheet1-R20,2026-01-16,gwangju-buk,통합돌봄과,"게누쓰,모먼트오월",통합돌봄 업무추진 직원 격려,104000,0ece2be5e5695aeb954c07a4000274730b774090450e9e81a2a9bb05e6229257,sheet1:R20,
0ece2be5e5695aeb-sheet1-R21,2026-01-20,gwangju-buk,통합돌봄과,"곱돌마루, 레브",주거복지 업무추진 직원 격려,113500,0ece2be5e5695aeb954c07a4000274730b774090450e9e81a2a9bb05e6229257,sheet1:R21,
0ece2be5e5695aeb-sheet1-R22,2026-01-23,gwangju-buk,통합돌봄과,"샤브향,샘터",노인복지 업무추진 직원 격려,163000,0ece2be5e5695aeb954c07a4000274730b774090450e9e81a2a9bb05e6229257,sheet1:R22,
0ece2be5e5695aeb-sheet1-R23,2026-02-02,gwangju-buk,통합돌봄과,아메리칸피자,사무실 이사에 따른 직원격려 간식,215100,0ece2be5e5695aeb954c07a4000274730b774090450e9e81a2a9bb05e6229257,sheet1:R23,
0ece2be5e5695aeb-sheet1-R24,2026-02-03,gwangju-buk,통합돌봄과,오우가,장애인복지 업무우진 직원격려 오찬,100000,0ece2be5e5695aeb954c07a4000274730b774090450e9e81a2a9bb05e6229257,sheet1:R24,
0ece2be5e5695aeb-sheet1-R25,2026-02-05,gwangju-buk,통합돌봄과,"진심옥, 카페크림",사회복지기금 업무추진 직원격려,68500,0ece2be5e5695aeb954c07a4000274730b774090450e9e81a2a9bb05e6229257,sheet1:R25,
0ece2be5e5695aeb-sheet1-R26,2026-02-06,gwangju-buk,통합돌봄과,장터할인마트,통합돌봄국 부속실 운영 다과구입,215000,0ece2be5e5695aeb954c07a4000274730b774090450e9e81a2a9bb05e6229257,sheet1:R26,
0ece2be5e5695aeb-sheet1-R27,2026-02-12,gwangju-buk,통합돌봄과,예향정,대한민국 돌봄시대 전국대회 업무추진 직원 격려 오찬,225000,0ece2be5e5695aeb954c07a4000274730b774090450e9e81a2a9bb05e6229257,sheet1:R27,
0ece2be5e5695aeb-sheet1-R28,2026-02-27,gwangju-buk,통합돌봄과,(사)어울림복지재단,장애인일자리 업무추진 직원 격려,16700,0ece2be5e5695aeb954c07a4000274730b774090450e9e81a2a9bb05e6229257,sheet1:R28,
0ece2be5e5695aeb-sheet1-R29,2026-03-12,gwangju-buk,통합돌봄과,"궁차이나, (사)어울림복지재단",공공임대활성화 업무추진 직원 격려,85300,0ece2be5e5695aeb954c07a4000274730b774090450e9e81a2a9bb05e6229257,sheet1:R29,
0ece2be5e5695aeb-sheet1-R30,2026-03-16,gwangju-buk,통합돌봄과,(사)어울림복지재단,2026년 성과상여금 업무추진 직원 격려,11900,0ece2be5e5695aeb954c07a4000274730b774090450e9e81a2a9bb05e6229257,sheet1:R30,
ae044f0abe2f8e23-sheet1-R3,2026-03-12,gwangju-buk,감사담당관,국일현방 봄봄광주운암벽산점,동 종합감사 업무추진 관계자 격려를 위한 간담회비 집행,85600,ae044f0abe2f8e232add7ff0f1fa6f35fbf83f348bd0933d8fc8c81760a13531,sheet1:R3,
ae044f0abe2f8e23-sheet1-R4,2026-03-10,gwangju-buk,감사담당관,남평부영식육식당 계림점,동 종합감사 업무추진 관계자 격려를 위한 간담회비 집행,102000,ae044f0abe2f8e232add7ff0f1fa6f35fbf83f348bd0933d8fc8c81760a13531,sheet1:R4,
fcda924541320e81-sheet1-R3,2026-01-15,gwangju-buk,오치2동,바다로한상,신년맞이 동행정활성화를 위한 자생단체장 오찬 간담회,204000,fcda924541320e81af3c1b087b8bf5a8ecca7ef55551d0818bae5ceb5a554fe0,sheet1:R3,
fcda924541320e81-sheet1-R4,2026-01-19,gwangju-buk,오치2동,"복어전문점,블루포인트",업무협업 및 정보공유에 따른 오찬 및 차담비 집행,66600,fcda924541320e81af3c1b087b8bf5a8ecca7ef55551d0818bae5ceb5a554fe0,sheet1:R4,
fcda924541320e81-sheet1-R5,2026-01-22,gwangju-buk,오치2동,"전라도이야기,아임빈오치점",동 복지사각지대 해소를 위한 유관기관장 오찬 및 차담비 집행,111800,fcda924541320e81af3c1b087b8bf5a8ecca7ef55551d0818bae5ceb5a554fe0,sheet1:R5,
fcda924541320e81-sheet1-R6,2026-02-10,gwangju-buk,오치2동,"바른초밥,던킨도너츠 광주오치",새마을부녀회원 명절맞이 노고에 따른 오찬 및 차담비 집행,75900,fcda924541320e81af3c1b087b8bf5a8ecca7ef55551d0818bae5ceb5a554fe0,sheet1:R6,
fcda924541320e81-sheet1-R7,2026-02-12,gwangju-buk,오치2동,나눔도토리요리전문점,현안업무 추진에 따른 직원 격려 오찬,82000,fcda924541320e81af3c1b087b8bf5a8ecca7ef55551d0818bae5ceb5a554fe0,sheet1:R7,
fcda924541320e81-sheet1-R8,2026-03-09,gwangju-buk,오치2동,"박가네나주곰탕,스타벅스 코리아",지사협 운영 활성화를 위한 임원진 간담회 오찬 및 차담비 집행,181700,fcda924541320e81af3c1b087b8bf5a8ecca7ef55551d0818bae5ceb5a554fe0,sheet1:R8,
fcda924541320e81-sheet1-R9,2026-03-10,gwangju-buk,오치2동,"태봉골식육식당,컴포즈 삼각점",동정 업무협의 및 정보공유를 위한 오찬 및 차담회비 집행,83500,fcda924541320e81af3c1b087b8bf5a8ecca7ef55551d0818bae5ceb5a554fe0,sheet1:R9,
fcda924541320e81-sheet1-R10,2026-03-17,gwangju-buk,오치2동,완도이모네,현안업무 추진 직원 격려 오찬 집행,68000,fcda924541320e81af3c1b087b8bf5a8ecca7ef55551d0818bae5ceb5a554fe0,sheet1:R10,
fcda924541320e81-sheet1-R11,2026-03-18,gwangju-buk,오치2동,코발트,동정업무 협력 및 발전방향 논의 오찬비 집행,77000,fcda924541320e81af3c1b087b8bf5a8ecca7ef55551d0818bae5ceb5a554fe0,sheet1:R11,
c39721e9d0d03038-sheet1-R2,2026-01-05,gwangju-buk,운암2동,가얏고,지역방위협의회 정기회의 관계자 만찬 비용 집행,60000,c39721e9d0d03038a34fd58efa33712b845bddcd645765dceab4e7939417a27f,sheet1:R2,
c39721e9d0d03038-sheet1-R3,2026-01-12,gwangju-buk,운암2동,비기닝투데이(beginni,시 마을교육공동체 공모 관계자 다과 비용 집행,25000,c39721e9d0d03038a34fd58efa33712b845bddcd645765dceab4e7939417a27f,sheet1:R3,
c39721e9d0d03038-sheet1-R4,2026-01-14,gwangju-buk,운암2동,조이카페외 1,한파에 따른 등 직원 노고 격려 오찬 비용 집행,73300,c39721e9d0d03038a34fd58efa33712b845bddcd645765dceab4e7939417a27f,sheet1:R4,
c39721e9d0d03038-sheet1-R5,2026-01-15,gwangju-buk,운암2동,국일현방,운암2동 자생단체 임원진 정기회의 관계자 오찬 비용 집행,165000,c39721e9d0d03038a34fd58efa33712b845bddcd645765dceab4e7939417a27f,sheet1:R5,
c39721e9d0d03038-sheet1-R6,2026-01-19,gwangju-buk,운암2동,텐퍼센트(광주운암경,통합사례관리 운영 등 맞품형 복지사업 추진 직원 노고 격려 다과 비용 집행,19600,c39721e9d0d03038a34fd58efa33712b845bddcd645765dceab4e7939417a27f,sheet1:R6,
c39721e9d0d03038-sheet1-R7,2026-01-29,gwangju-buk,운암2동,가얏고,주민자치회 활성화 방안 논의 등 관계자 오찬 감담회 비용 집행,162000,c39721e9d0d03038a34fd58efa33712b845bddcd645765dceab4e7939417a27f,sheet1:R7,
c39721e9d0d03038-sheet1-R8,2026-02-10,gwangju-buk,운암2동,아이두외 1,설 명절 선물바구니 나눔 행사 직원 노고 격려 오찬 비용 집행,53500,c39721e9d0d03038a34fd58efa33712b845bddcd645765dceab4e7939417a27f,sheet1:R8,
c39721e9d0d03038-sheet1-R9,2026-02-11,gwangju-buk,운암2동,박소영왕만두왕찐빵,지역사회보장협의체 설 명절 맞이 나눔 행사 관계자 간식 비용 집행,102000,c39721e9d0d03038a34fd58efa33712b845bddcd645765dceab4e7939417a27f,sheet1:R9,
c39721e9d0d03038-sheet1-R10,2026-02-12,gwangju-buk,운암2동,컴포즈커피광주운암벽,전통시장 활성화를 위한 장보기 행사 관계자 노고 격려 차담회 비용 집행,45700,c39721e9d0d03038a34fd58efa33712b845bddcd645765dceab4e7939417a27f,sheet1:R10,
c39721e9d0d03038-sheet1-R11,2026-02-20,gwangju-buk,운암2동,운암식당,통합민원업무 담당 직원 노고 격려 오찬 비용 집행,77000,c39721e9d0d03038a34fd58efa33712b845bddcd645765dceab4e7939417a27f,sheet1:R11,
c39721e9d0d03038-sheet1-R12,2026-02-23,gwangju-buk,운암2동,벌크커피운암벽산점외 1,작은도서관 활성화을 위한 관계자 오찬 비용 집행,73800,c39721e9d0d03038a34fd58efa33712b845bddcd645765dceab4e7939417a27f,sheet1:R12,
c39721e9d0d03038-sheet1-R13,2026-03-04,gwangju-buk,운암2동,조이카페,쓰레기 불법투기 지역 정비 직원 노고 격려 차담회 비용 집행,29000,c39721e9d0d03038a34fd58efa33712b845bddcd645765dceab4e7939417a27f,sheet1:R13,
c39721e9d0d03038-sheet1-R14,2026-03-06,gwangju-buk,운암2동,스테이,365민생행복지원단 활성화를 위한 관계자 오찬 비용 집행,49000,c39721e9d0d03038a34fd58efa33712b845bddcd645765dceab4e7939417a27f,sheet1:R14,
c39721e9d0d03038-sheet1-R15,2026-03-09,gwangju-buk,운암2동,88바다장어,마을만들기 사업장 청소 및 화단 정비 참석자 오찬 비용 집행,64000,c39721e9d0d03038a34fd58efa33712b845bddcd645765dceab4e7939417a27f,sheet1:R15,
c39721e9d0d03038-sheet1-R16,2026-03-16,gwangju-buk,운암2동,상상초밥,동네순찰단 활동 방향 논의 등 관계자 오찬 비용 집행,59600,c39721e9d0d03038a34fd58efa33712b845bddcd645765dceab4e7939417a27f,sheet1:R16,
c39721e9d0d03038-sheet1-R17,2026-03-17,gwangju-buk,운암2동,국일현방,2026년 1분기 주민참여예산 회의 임원진 오찬 비용 집행,54000,c39721e9d0d03038a34fd58efa33712b845bddcd645765dceab4e7939417a27f,sheet1:R17,
c39721e9d0d03038-sheet1-R18,2026-03-19,gwangju-buk,운암2동,양식집,저소득 이웃사랑 반찬 지원 사업 추진 관계자 오찬 비용 집행,51000,c39721e9d0d03038a34fd58efa33712b845bddcd645765dceab4e7939417a27f,sheet1:R18,
c39721e9d0d03038-sheet1-R19,2026-03-23,gwangju-buk,운암2동,88바다장어,문화누리카드 및 에너지 바우처 접수 관련 직원 노고 격려 오찬 비용 집행,64000,c39721e9d0d03038a34fd58efa33712b845bddcd645765dceab4e7939417a27f,sheet1:R19,
c39721e9d0d03038-sheet1-R20,2026-03-24,gwangju-buk,운암2동,카츠로,복지소외계층 발굴 직원 노고 격려 오찬 비용 집행,42000,c39721e9d0d03038a34fd58efa33712b845bddcd645765dceab4e7939417a27f,sheet1:R20,
c39721e9d0d03038-sheet1-R21,2026-03-31,gwangju-buk,운암2동,양식집,현안업무 추진 등 직원 사기진작을 위한 격려 오찬 비용 집행,116000,c39721e9d0d03038a34fd58efa33712b845bddcd645765dceab4e7939417a27f,sheet1:R21,
97ccdd0e4cc82721-sheet1-R4,2026-01-05,gwangju-buk,중흥1동,삼호정,사회복지업무 추진 직원 격려 오찬비,60000,97ccdd0e4cc82721c8791b7259e02f7aa833a1eb0b561a03c8c7fd2f87a0af97,sheet1:R4,
97ccdd0e4cc82721-sheet1-R5,2026-01-09,gwangju-buk,중흥1동,피자마루(우산주공점),현안업무 추진 직원 격려 간식비,60600,97ccdd0e4cc82721c8791b7259e02f7aa833a1eb0b561a03c8c7fd2f87a0af97,sheet1:R5,
97ccdd0e4cc82721-sheet1-R6,2026-01-13,gwangju-buk,중흥1동,카페(CAFE)준,현안업무 추진 직원 격려 오찬 및 간식비,25000,97ccdd0e4cc82721c8791b7259e02f7aa833a1eb0b561a03c8c7fd2f87a0af97,sheet1:R6,
97ccdd0e4cc82721-sheet1-R7,2026-01-13,gwangju-buk,중흥1동,진식당,현안업무 추진 직원 격려 오찬 및 간식비,121000,97ccdd0e4cc82721c8791b7259e02f7aa833a1eb0b561a03c8c7fd2f87a0af97,sheet1:R7,
97ccdd0e4cc82721-sheet1-R8,2026-01-15,gwangju-buk,중흥1동,유동아구찜,행정복지센터 일자리사업 참여자 격려 오찬,56000,97ccdd0e4cc82721c8791b7259e02f7aa833a1eb0b561a03c8c7fd2f87a0af97,sheet1:R8,
97ccdd0e4cc82721-sheet1-R9,2026-01-26,gwangju-buk,중흥1동,남평부영식육식당광주,신임 주민자치회 임원 오찬 경비,117000,97ccdd0e4cc82721c8791b7259e02f7aa833a1eb0b561a03c8c7fd2f87a0af97,sheet1:R9,
97ccdd0e4cc82721-sheet1-R10,2026-01-29,gwangju-buk,중흥1동,주식회사 오렌지플랫,인사 이동에 따른 직원 송.환영 만찬비,212500,97ccdd0e4cc82721c8791b7259e02f7aa833a1eb0b561a03c8c7fd2f87a0af97,sheet1:R10,
97ccdd0e4cc82721-sheet1-R11,2026-01-30,gwangju-buk,중흥1동,김가네영양해물칼국수,현안업무 추진 직원 격려 오찬비,92000,97ccdd0e4cc82721c8791b7259e02f7aa833a1eb0b561a03c8c7fd2f87a0af97,sheet1:R11,
97ccdd0e4cc82721-sheet1-R12,2026-02-09,gwangju-buk,중흥1동,카페(CAFE)준,신규자 환영 및 현안업무 추진 직원 격려 오찬비,16000,97ccdd0e4cc82721c8791b7259e02f7aa833a1eb0b561a03c8c7fd2f87a0af97,sheet1:R12,
97ccdd0e4cc82721-sheet1-R13,2026-02-09,gwangju-buk,중흥1동,주정숙청국장,신규자 환영 및 현안업무 추진 직원 격려 오찬비,80000,97ccdd0e4cc82721c8791b7259e02f7aa833a1eb0b561a03c8c7fd2f87a0af97,sheet1:R13,
97ccdd0e4cc82721-sheet1-R14,2026-02-24,gwangju-buk,중흥1동,쿠자쿠,현안업무 추진 직원 격려 간식비,26400,97ccdd0e4cc82721c8791b7259e02f7aa833a1eb0b561a03c8c7fd2f87a0af97,sheet1:R14,
97ccdd0e4cc82721-sheet1-R15,2026-03-04,gwangju-buk,중흥1동,크레센트,현안업무 추진 직원 격려 간식비,20600,97ccdd0e4cc82721c8791b7259e02f7aa833a1eb0b561a03c8c7fd2f87a0af97,sheet1:R15,
97ccdd0e4cc82721-sheet1-R16,2026-03-12,gwangju-buk,중흥1동,배가네동태탕.찜전문,통장단 임원 및 신임 통장 간담 오찬비,64000,97ccdd0e4cc82721c8791b7259e02f7aa833a1eb0b561a03c8c7fd2f87a0af97,sheet1:R16,
97ccdd0e4cc82721-sheet1-R17,2026-03-16,gwangju-buk,중흥1동,컴포즈커피 계림 그랜,감사 및 현안업무 추진 직원 격려 간식비,100000,97ccdd0e4cc82721c8791b7259e02f7aa833a1eb0b561a03c8c7fd2f87a0af97,sheet1:R17,
97ccdd0e4cc82721-sheet1-R18,2026-03-19,gwangju-buk,중흥1동,무등커피,감사 및 현안업무 추진 직원 격려 간식 및 오찬비,49500,97ccdd0e4cc82721c8791b7259e02f7aa833a1eb0b561a03c8c7fd2f87a0af97,sheet1:R18,
97ccdd0e4cc82721-sheet1-R19,2026-03-19,gwangju-buk,중흥1동,유동아구찜,감사 및 현안업무 추진 직원 격려 간식 및 오찬비,229000,97ccdd0e4cc82721c8791b7259e02f7aa833a1eb0b561a03c8c7fd2f87a0af97,sheet1:R19,
97ccdd0e4cc82721-sheet1-R20,2026-03-25,gwangju-buk,중흥1동,삼호정,복지1촌 자활근로자 및 복지팀 직원 격려 오찬비,72000,97ccdd0e4cc82721c8791b7259e02f7aa833a1eb0b561a03c8c7fd2f87a0af97,sheet1:R20,
10bd2bca4c10129d-sheet1-R5,2026-01-19,gwangju-buk,중소기업지원과,이루다제면소,본촌산업단지 활성화를 위한 관계자 간담회 추진 등에 따른 시책업무추진비 집행,92500,10bd2bca4c10129de74ba08d2e42d54e25296b2993e3ef5a5d84ddc200720d97,sheet1:R5,
10bd2bca4c10129d-sheet1-R6,2026-03-31,gwangju-buk,중소기업지원과,천우식육식당,본촌산단 활력 제고를 위한 발전사항 논의 등에 따른 시책업무추진비 집행,114000,10bd2bca4c10129de74ba08d2e42d54e25296b2993e3ef5a5d84ddc200720d97,sheet1:R6,
aeb428641d18c7fc-sheet1-R5,2026-01-05,gwangju-buk,홍보실,우정옥,전국민마음투자지원사업 최우수기관 선정 보도에 따른 관계자 오찬 경비 집행,65000,aeb428641d18c7fc3fc19556ea8e5752c3896b3ae18e8b9f89202ae856dc6e87,sheet1:R5,
aeb428641d18c7fc-sheet1-R6,2026-01-06,gwangju-buk,홍보실,효자반점 전대직영점,'2026 겨울 독서교실' 운영 보도에 따른 관계자 오찬 경비 집행,53500,aeb428641d18c7fc3fc19556ea8e5752c3896b3ae18e8b9f89202ae856dc6e87,sheet1:R6,
aeb428641d18c7fc-sheet1-R7,2026-01-06,gwangju-buk,홍보실,완도수산,태양광 발전설비 설치 업무협약 체결 등 구정 취재 협조를 위한 관계자 만찬 경비 집행,484000,aeb428641d18c7fc3fc19556ea8e5752c3896b3ae18e8b9f89202ae856dc6e87,sheet1:R7,
aeb428641d18c7fc-sheet1-R8,2026-01-07,gwangju-buk,홍보실,샤브향(용봉점),평생학습 강사 모집 보도에 따른 관계자 오찬 경비 집행,107400,aeb428641d18c7fc3fc19556ea8e5752c3896b3ae18e8b9f89202ae856dc6e87,sheet1:R8,
aeb428641d18c7fc-sheet1-R9,2026-01-08,gwangju-buk,홍보실,덤앤덤돼지촌,2026 청년도전 지원사업 추진 보도에 따른 관계자 오찬 경비 집행,25000,aeb428641d18c7fc3fc19556ea8e5752c3896b3ae18e8b9f89202ae856dc6e87,sheet1:R9,
aeb428641d18c7fc-sheet1-R10,2026-01-09,gwangju-buk,홍보실,서울깍두기(전남대점),민생회복 소비쿠폰 집행 우수 지자체 선정 보도에 따른 관계자 오찬 경비 집행,28000,aeb428641d18c7fc3fc19556ea8e5752c3896b3ae18e8b9f89202ae856dc6e87,sheet1:R10,
aeb428641d18c7fc-sheet1-R11,2026-01-09,gwangju-buk,홍보실,경민회관,신청사 준공 관련 사업설명회 개최 등 구정 취재 협조를 위한 관계자 만찬 경비 집행,458000,aeb428641d18c7fc3fc19556ea8e5752c3896b3ae18e8b9f89202ae856dc6e87,sheet1:R11,
aeb428641d18c7fc-sheet1-R12,2026-01-12,gwangju-buk,홍보실,풍남옥(전대후문점),천사무료급식소 운영 지원 관련 보도에 따른 관계자 오찬 경비 집행,57000,aeb428641d18c7fc3fc19556ea8e5752c3896b3ae18e8b9f89202ae856dc6e87,sheet1:R12,
aeb428641d18c7fc-sheet1-R13,2026-01-13,gwangju-buk,홍보실,니쿠,위기 청소년 특별지원사업 추진 등 구정 취재 협조를 위한 관계자 만찬 경비 집행,157000,aeb428641d18c7fc3fc19556ea8e5752c3896b3ae18e8b9f89202ae856dc6e87,sheet1:R13,
aeb428641d18c7fc-sheet1-R14,2026-01-14,gwangju-buk,홍보실,놀부보쌈(북구점),100세 어르신 장수 축하선물 지급 관련 보도에 따른 관계자 오찬 경비 집행,114000,aeb428641d18c7fc3fc19556ea8e5752c3896b3ae18e8b9f89202ae856dc6e87,sheet1:R14,
aeb428641d18c7fc-sheet1-R15,2026-01-15,gwangju-buk,홍보실,담양숯불갈비돈앤돈,북소리 명예기자단 모집 보도에 따른 관계자 오찬 경비 집행,246000,aeb428641d18c7fc3fc19556ea8e5752c3896b3ae18e8b9f89202ae856dc6e87,sheet1:R15,
aeb428641d18c7fc-sheet1-R16,2026-01-19,gwangju-buk,홍보실,내가찜한닭,지방규제혁신 우수 지자체 선정 보도에 따른 관계자 오찬 경비 집행,36000,aeb428641d18c7fc3fc19556ea8e5752c3896b3ae18e8b9f89202ae856dc6e87,sheet1:R16,
aeb428641d18c7fc-sheet1-R17,2026-01-19,gwangju-buk,홍보실,만미당,광주전남 행정통합 주민 간담회 개최 등 구정 취재 협조를 위한 관계자 만찬 경비 집행,183000,aeb428641d18c7fc3fc19556ea8e5752c3896b3ae18e8b9f89202ae856dc6e87,sheet1:R17,
aeb428641d18c7fc-sheet1-R18,2026-01-20,gwangju-buk,홍보실,평이담백뼈칼국수광주,'부끄리에이터' 모집 보도에 따른 관계자 오찬 경비 집행,69000,aeb428641d18c7fc3fc19556ea8e5752c3896b3ae18e8b9f89202ae856dc6e87,sheet1:R18,
aeb428641d18c7fc-sheet1-R19,2026-01-21,gwangju-buk,홍보실,담양숯불갈비돈앤돈,'아이맘 교통비 지원사업' 추진 관련 보도에 따른 관계자 오찬 경비 집행,70000,aeb428641d18c7fc3fc19556ea8e5752c3896b3ae18e8b9f89202ae856dc6e87,sheet1:R19,
aeb428641d18c7fc-sheet1-R20,2026-01-21,gwangju-buk,홍보실,태홍회관,북구 고향사랑기부 성과 등 구정 취재 협조를 위한 관계자 만찬 경비 집행,485000,aeb428641d18c7fc3fc19556ea8e5752c3896b3ae18e8b9f89202ae856dc6e87,sheet1:R20,
aeb428641d18c7fc-sheet1-R21,2026-01-22,gwangju-buk,홍보실,풍남옥(전대후문점),구립합창단 모집 관련 보도에 따른 관계자 오찬 경비 집행,32000,aeb428641d18c7fc3fc19556ea8e5752c3896b3ae18e8b9f89202ae856dc6e87,sheet1:R21,
aeb428641d18c7fc-sheet1-R22,2026-01-23,gwangju-buk,홍보실,효자반점 전대직영점,북구청 신관 건립 마무리 및 업무 개시 관련 보도에 따른 관계자 오찬 경비 집행,27500,aeb428641d18c7fc3fc19556ea8e5752c3896b3ae18e8b9f89202ae856dc6e87,sheet1:R22,
aeb428641d18c7fc-sheet1-R23,2026-01-26,gwangju-buk,홍보실,중앙닭갈비(전대점),'아빠 육아휴직 장려금' 신청 개시 관련 보도에 따른 관계자 오찬 경비 집행,93500,aeb428641d18c7fc3fc19556ea8e5752c3896b3ae18e8b9f89202ae856dc6e87,sheet1:R23,
aeb428641d18c7fc-sheet1-R24,2026-01-26,gwangju-buk,홍보실,여기가좋겠네,북구청 신청사 준공 등 구정 취재 협조를 위한 관계자 만찬 경비 집행,201000,aeb428641d18c7fc3fc19556ea8e5752c3896b3ae18e8b9f89202ae856dc6e87,sheet1:R24,
aeb428641d18c7fc-sheet1-R25,2026-01-27,gwangju-buk,홍보실,돼지고기듬뿍넣은김치,안전한 근무환경 조성 및 직원 보호 계획 수립 등 보도에 따른 관계자 오찬 경비 집행,48500,aeb428641d18c7fc3fc19556ea8e5752c3896b3ae18e8b9f89202ae856dc6e87,sheet1:R25,
aeb428641d18c7fc-sheet1-R26,2026-01-28,gwangju-buk,홍보실,50년전통국밥,아동학대 예방 조기 지원사업 선정 등 보도에 따른 관계자 오찬 경비 집행,54000,aeb428641d18c7fc3fc19556ea8e5752c3896b3ae18e8b9f89202ae856dc6e87,sheet1:R26,
aeb428641d18c7fc-sheet1-R27,2026-01-28,gwangju-buk,홍보실,완도활어,산동교 복구 추진 등 구정 취재 협조를 위한 관계자 만찬 경비 집행,264700,aeb428641d18c7fc3fc19556ea8e5752c3896b3ae18e8b9f89202ae856dc6e87,sheet1:R27,
aeb428641d18c7fc-sheet1-R28,2026-01-29,gwangju-buk,홍보실,샤브향(용봉점),공직자 잔돈 기부 프로젝트 추진 등 보도에 따른 관계자 오찬 경비 집행,104300,aeb428641d18c7fc3fc19556ea8e5752c3896b3ae18e8b9f89202ae856dc6e87,sheet1:R28,
aeb428641d18c7fc-sheet1-R29,2026-01-30,gwangju-buk,홍보실,정가네나주곰탕,청소년 AI 체험·코딩스쿨 운영 관련 보도에 따른 관계자 오찬 경비 집행,55000,aeb428641d18c7fc3fc19556ea8e5752c3896b3ae18e8b9f89202ae856dc6e87,sheet1:R29,
aeb428641d18c7fc-sheet1-R30,2026-02-02,gwangju-buk,홍보실,담양숯불갈비돈앤돈,소상공인 지원사업 종합 설명회 개최 관련 보도에 따른 관계자 오찬 경비 집행,76000,aeb428641d18c7fc3fc19556ea8e5752c3896b3ae18e8b9f89202ae856dc6e87,sheet1:R30,
aeb428641d18c7fc-sheet1-R31,2026-02-02,gwangju-buk,홍보실,남촌황소곱창용봉,교통문화지수 개선 성과 등 구정 취재 협조를 위한 관계자 만찬 경비 집행,61700,aeb428641d18c7fc3fc19556ea8e5752c3896b3ae18e8b9f89202ae856dc6e87,sheet1:R31,
aeb428641d18c7fc-sheet1-R32,2026-02-03,gwangju-buk,홍보실,월미당광주전남대점,교복나눔장터 개장 관련 보도에 따른 관계자 오찬 경비 집행,64600,aeb428641d18c7fc3fc19556ea8e5752c3896b3ae18e8b9f89202ae856dc6e87,sheet1:R32,
aeb428641d18c7fc-sheet1-R33,2026-02-04,gwangju-buk,홍보실,태홍회관,행정통합 권역별 설명회 개최 관련 보도에 따른 관계자 오찬 경비 집행,130000,aeb428641d18c7fc3fc19556ea8e5752c3896b3ae18e8b9f89202ae856dc6e87,sheet1:R33,
aeb428641d18c7fc-sheet1-R34,2026-02-05,gwangju-buk,홍보실,뚠뚠김치찌개,중소기업 지원사업 합동설명회 개최 관련 보도에 따른 관계자 오찬 경비 집행,56000,aeb428641d18c7fc3fc19556ea8e5752c3896b3ae18e8b9f89202ae856dc6e87,sheet1:R34,
aeb428641d18c7fc-sheet1-R35,2026-02-06,gwangju-buk,홍보실,조마루감자탕,교통문화 우수 지자체 선정 관련 구정 취재 협조를 위한 관계자 만찬 경비 집행,126000,aeb428641d18c7fc3fc19556ea8e5752c3896b3ae18e8b9f89202ae856dc6e87,sheet1:R35,
aeb428641d18c7fc-sheet1-R36,2026-02-09,gwangju-buk,홍보실,중앙닭갈비(전대점),민원 서비스 우수 지자체 선정 관련 보도에 따른 관계자 오찬 경비 집행,138000,aeb428641d18c7fc3fc19556ea8e5752c3896b3ae18e8b9f89202ae856dc6e87,sheet1:R36,
aeb428641d18c7fc-sheet1-R37,2026-02-10,gwangju-buk,홍보실,송림전집,"광주, 전남 행정통함 기자간담회 개최 관련 구정 취재 협조를 위한 관계자 만찬 경비 집행",259000,aeb428641d18c7fc3fc19556ea8e5752c3896b3ae18e8b9f89202ae856dc6e87,sheet1:R37,
aeb428641d18c7fc-sheet1-R38,2026-02-11,gwangju-buk,홍보실,내가찜한닭,민생안정 종합대책 추진 관련 보도에 따른 관계자 오찬 경비 집행,36000,aeb428641d18c7fc3fc19556ea8e5752c3896b3ae18e8b9f89202ae856dc6e87,sheet1:R38,
aeb428641d18c7fc-sheet1-R39,2026-02-12,gwangju-buk,홍보실,미스터초밥왕,중소기업 법정 의무 교육 지원 추진 관련 보도에 따른 관계자 오찬 경비 집행,61900,aeb428641d18c7fc3fc19556ea8e5752c3896b3ae18e8b9f89202ae856dc6e87,sheet1:R39,
aeb428641d18c7fc-sheet1-R40,2026-02-12,gwangju-buk,홍보실,풍년가계절음식,구청 검도부 대회 입상 실적 등 구정 취재 협조를 위한 관계자 만찬 경비 집행,412000,aeb428641d18c7fc3fc19556ea8e5752c3896b3ae18e8b9f89202ae856dc6e87,sheet1:R40,
aeb428641d18c7fc-sheet1-R41,2026-02-19,gwangju-buk,홍보실,담양숯불갈비돈앤돈,생활문화센터 주민 참여 프로그램 운영 관련 보도에 따른 관계자 오찬 경비 집행,88000,aeb428641d18c7fc3fc19556ea8e5752c3896b3ae18e8b9f89202ae856dc6e87,sheet1:R41,
aeb428641d18c7fc-sheet1-R42,2026-02-20,gwangju-buk,홍보실,초밥마을,고향사랑기부 답례품 공급업체 공개모집 추진 관련 보도에 따른 관계자 오찬 경비 집행,16700,aeb428641d18c7fc3fc19556ea8e5752c3896b3ae18e8b9f89202ae856dc6e87,sheet1:R42,
aeb428641d18c7fc-sheet1-R43,2026-02-23,gwangju-buk,홍보실,의정부대찌개냉면,청년 자산관리 주치의제 시행 관련 보도에 따른 관계자 오찬 경비 집행,77000,aeb428641d18c7fc3fc19556ea8e5752c3896b3ae18e8b9f89202ae856dc6e87,sheet1:R43,
aeb428641d18c7fc-sheet1-R44,2026-02-24,gwangju-buk,홍보실,니쿠,금융기관 협약 체결·소상공인 지원 추진 관련 취재 협조를 위한 관계자 만찬 경비 집행,50000,aeb428641d18c7fc3fc19556ea8e5752c3896b3ae18e8b9f89202ae856dc6e87,sheet1:R44,
aeb428641d18c7fc-sheet1-R45,2026-02-25,gwangju-buk,홍보실,효자반점 전대직영점,2026년도 부끄머니 발행 관련 보도에 따른 관계자 오찬 경비 집행,59500,aeb428641d18c7fc3fc19556ea8e5752c3896b3ae18e8b9f89202ae856dc6e87,sheet1:R45,
aeb428641d18c7fc-sheet1-R46,2026-02-26,gwangju-buk,홍보실,돼지고기듬뿍넣은김치,생태축 복원 사업 추진 관련 보도에 따른 관계자 오찬 경비 집행,46000,aeb428641d18c7fc3fc19556ea8e5752c3896b3ae18e8b9f89202ae856dc6e87,sheet1:R46,
aeb428641d18c7fc-sheet1-R47,2026-02-27,gwangju-buk,홍보실,태홍회관,전통 세시 민속 행사 추진 관련 보도에 따른 관계자 오찬 경비 집행,150000,aeb428641d18c7fc3fc19556ea8e5752c3896b3ae18e8b9f89202ae856dc6e87,sheet1:R47,
aeb428641d18c7fc-sheet1-R48,2026-03-03,gwangju-buk,홍보실,50년전통국밥,해빙기 대비 취약지 안전점검 추진 관련 보도에 따른 관계자 오찬 경비 집행,45000,aeb428641d18c7fc3fc19556ea8e5752c3896b3ae18e8b9f89202ae856dc6e87,sheet1:R48,
aeb428641d18c7fc-sheet1-R49,2026-03-04,gwangju-buk,홍보실,샤브향(용봉점),청년성장프로젝트 추진 관련 보도에 따른 관계자 오찬 경비 집행,59600,aeb428641d18c7fc3fc19556ea8e5752c3896b3ae18e8b9f89202ae856dc6e87,sheet1:R49,
aeb428641d18c7fc-sheet1-R50,2026-03-05,gwangju-buk,홍보실,놀부보쌈(북구점),지역화폐 부끄머니 소진 관련 보도에 따른 관계자 오찬 경비 집행,99000,aeb428641d18c7fc3fc19556ea8e5752c3896b3ae18e8b9f89202ae856dc6e87,sheet1:R50,
aeb428641d18c7fc-sheet1-R51,2026-03-05,gwangju-buk,홍보실,민속촌 (용봉점),북구 지역화폐 조기 소진 관련 취재 협조를 위한 관계자 만찬 경비 집행,203000,aeb428641d18c7fc3fc19556ea8e5752c3896b3ae18e8b9f89202ae856dc6e87,sheet1:R51,
aeb428641d18c7fc-sheet1-R52,2026-03-09,gwangju-buk,홍보실,중앙닭갈비(전대점),청년이 머무는 도시 조성 관련 보도에 따른 관계자 오찬 경비 집행,113500,aeb428641d18c7fc3fc19556ea8e5752c3896b3ae18e8b9f89202ae856dc6e87,sheet1:R52,
aeb428641d18c7fc-sheet1-R53,2026-03-11,gwangju-buk,홍보실,담양숯불갈비돈앤돈,시니어 디지털 교육 운영 관련 보도에 따른 관계자 오찬 경비 집행,40000,aeb428641d18c7fc3fc19556ea8e5752c3896b3ae18e8b9f89202ae856dc6e87,sheet1:R53,
aeb428641d18c7fc-sheet1-R54,2026-03-12,gwangju-buk,홍보실,풍남옥(전대후문점),석유판매업소 대상 기름값 점검 추진 관련 보도에 따른 관계자 오찬 경비 집행,114000,aeb428641d18c7fc3fc19556ea8e5752c3896b3ae18e8b9f89202ae856dc6e87,sheet1:R54,
aeb428641d18c7fc-sheet1-R55,2026-03-16,gwangju-buk,홍보실,평이담백뼈칼국수광주,소상공인 종합 지원계획 확정 관련 보도에 따른 관계자 오찬 경비 집행,92000,aeb428641d18c7fc3fc19556ea8e5752c3896b3ae18e8b9f89202ae856dc6e87,sheet1:R55,
aeb428641d18c7fc-sheet1-R56,2026-03-17,gwangju-buk,홍보실,우정옥,우리두리 작은 결혼식 추진 관련 보도에 따른 관계자 오찬 경비 집행,52000,aeb428641d18c7fc3fc19556ea8e5752c3896b3ae18e8b9f89202ae856dc6e87,sheet1:R56,
aeb428641d18c7fc-sheet1-R57,2026-03-18,gwangju-buk,홍보실,의정부대찌개냉면,장애인 특화 평생학습 운영 관련 보도에 따른 관계자 오찬 경비 집행,66000,aeb428641d18c7fc3fc19556ea8e5752c3896b3ae18e8b9f89202ae856dc6e87,sheet1:R57,
aeb428641d18c7fc-sheet1-R58,2026-03-19,gwangju-buk,홍보실,50년전통국밥,중소기업 맞춤형 지원사업 추진 관련 보도에 따른 관계자 오찬 경비 집행,36000,aeb428641d18c7fc3fc19556ea8e5752c3896b3ae18e8b9f89202ae856dc6e87,sheet1:R58,
aeb428641d18c7fc-sheet1-R59,2026-03-20,gwangju-buk,홍보실,태홍회관,결혼이민자 국적 취득 비용 지원 관련 보도에 따른 관계자 오찬 경비 집행,130000,aeb428641d18c7fc3fc19556ea8e5752c3896b3ae18e8b9f89202ae856dc6e87,sheet1:R59,
aeb428641d18c7fc-sheet1-R60,2026-03-20,gwangju-buk,홍보실,흑비흑염소,4차 산업 육성 지원 계획 추진 관련 취재 협조를 위한 관계자 만찬 경비 집행,221000,aeb428641d18c7fc3fc19556ea8e5752c3896b3ae18e8b9f89202ae856dc6e87,sheet1:R60,
aeb428641d18c7fc-sheet1-R61,2026-03-23,gwangju-buk,홍보실,담양숯불갈비돈앤돈,공직자 협업 정책 발굴 연구모임 운영 관련 보도에 따른 관계자 오찬 경비 집행,58000,aeb428641d18c7fc3fc19556ea8e5752c3896b3ae18e8b9f89202ae856dc6e87,sheet1:R61,
aeb428641d18c7fc-sheet1-R62,2026-03-25,gwangju-buk,홍보실,내가찜한닭,중동발 경제 위기 관리 정책 추진 관련 보도에 따른 관계자 오찬 경비 집행,55000,aeb428641d18c7fc3fc19556ea8e5752c3896b3ae18e8b9f89202ae856dc6e87,sheet1:R62,
aeb428641d18c7fc-sheet1-R63,2026-03-25,gwangju-buk,홍보실,탁주,서방천 하천기본계획 재수립 관련 취재 협조를 위한 관계자 만찬 경비 집행,298900,aeb428641d18c7fc3fc19556ea8e5752c3896b3ae18e8b9f89202ae856dc6e87,sheet1:R63,
aeb428641d18c7fc-sheet1-R64,2026-03-27,gwangju-buk,홍보실,태홍회관,하천 계곡 불법 점용시설 전수조사 실시 관련 보도에 따른 관계자 오찬 경비 집행,61000,aeb428641d18c7fc3fc19556ea8e5752c3896b3ae18e8b9f89202ae856dc6e87,sheet1:R64,
aeb428641d18c7fc-sheet1-R65,2026-03-30,gwangju-buk,홍보실,초밥마을,북구 고령친화도시 재인증 관련 보도에 따른 관계자 오찬 경비 집행,91500,aeb428641d18c7fc3fc19556ea8e5752c3896b3ae18e8b9f89202ae856dc6e87,sheet1:R65,
aeb428641d18c7fc-sheet1-R66,2026-03-30,gwangju-buk,홍보실,지산목 용봉점,북구청 검도부 금메달 수상 관련 취재 협조를 위한 관계자 만찬 경비 집행,166000,aeb428641d18c7fc3fc19556ea8e5752c3896b3ae18e8b9f89202ae856dc6e87,sheet1:R66,
aeb428641d18c7fc-sheet1-R67,2026-03-31,gwangju-buk,홍보실,효자반점 전대직영점,주민 체감 청렴 도시 조성 추진 관련 보도에 따른 관계자 오찬 경비 집행,73500,aeb428641d18c7fc3fc19556ea8e5752c3896b3ae18e8b9f89202ae856dc6e87,sheet1:R67,
4d2c263720f3e447-sheet1-R3,2026-01-08,gwangju-buk,체육관광과,샤브향,북구체육회 운영 관계자 오찬 간담회,90500,4d2c263720f3e44717845fb28682afeca36e639126252ff65f4bae9c7a541430,sheet1:R3,
4d2c263720f3e447-sheet1-R4,2026-01-14,gwangju-buk,체육관광과,또래오래 전남대점,북구 체육시설 운영 관계자 오찬 간담회,109000,4d2c263720f3e44717845fb28682afeca36e639126252ff65f4bae9c7a541430,sheet1:R4,
4d2c263720f3e447-sheet1-R5,2026-01-22,gwangju-buk,체육관광과,서해수산활어직판장,마을단위 공공체육시설 활성화를 위한 관계자 만찬 간담회,80000,4d2c263720f3e44717845fb28682afeca36e639126252ff65f4bae9c7a541430,sheet1:R5,
4d2c263720f3e447-sheet1-R6,2026-01-16,gwangju-buk,체육관광과,제주도세기마을,장애인체육시설 개선관련 관계자 만찬 간담회,337000,4d2c263720f3e44717845fb28682afeca36e639126252ff65f4bae9c7a541430,sheet1:R6,
4d2c263720f3e447-sheet1-R7,2026-01-21,gwangju-buk,체육관광과,투썸플레이스전남대점,북구 관광활성화 방안 모색을 위한 관계자 회의,21600,4d2c263720f3e44717845fb28682afeca36e639126252ff65f4bae9c7a541430,sheet1:R7,
4d2c263720f3e447-sheet1-R8,2026-01-27,gwangju-buk,체육관광과,뚱땅갈비,북구 체육 진흥 및 활성화를 위한 관계자 오찬 간담회,456000,4d2c263720f3e44717845fb28682afeca36e639126252ff65f4bae9c7a541430,sheet1:R8,
4d2c263720f3e447-sheet1-R9,2026-01-26,gwangju-buk,체육관광과,스테이/디저트39,우산생활체육관 운영 관계자 오찬 및 차담,133000,4d2c263720f3e44717845fb28682afeca36e639126252ff65f4bae9c7a541430,sheet1:R9,
4d2c263720f3e447-sheet1-R10,2026-01-28,gwangju-buk,체육관광과,용전식육식당,희망의거리 운영 현황 점검 및 관계자 오찬 간담회,84000,4d2c263720f3e44717845fb28682afeca36e639126252ff65f4bae9c7a541430,sheet1:R10,
4d2c263720f3e447-sheet1-R11,2026-01-30,gwangju-buk,체육관광과,울능이을이버섯백숙,운암복합문화체육센터 운영 관련 관계자 등 만찬 간담회,459000,4d2c263720f3e44717845fb28682afeca36e639126252ff65f4bae9c7a541430,sheet1:R11,
4d2c263720f3e447-sheet1-R12,2026-02-03,gwangju-buk,체육관광과,또래오래 전남대점,장애인체육회 운영 관계자 오찬 간담회,96000,4d2c263720f3e44717845fb28682afeca36e639126252ff65f4bae9c7a541430,sheet1:R12,
4d2c263720f3e447-sheet1-R13,2026-02-06,gwangju-buk,체육관광과,현주네이야기,파크골프장 운영 관계자 만찬 간담회,385000,4d2c263720f3e44717845fb28682afeca36e639126252ff65f4bae9c7a541430,sheet1:R13,
4d2c263720f3e447-sheet1-R14,2026-02-06,gwangju-buk,체육관광과,모먼트오월,북구체육회 운영 관계자 차담,39300,4d2c263720f3e44717845fb28682afeca36e639126252ff65f4bae9c7a541430,sheet1:R14,
4d2c263720f3e447-sheet1-R15,2026-02-10,gwangju-buk,체육관광과,금다연,직장운동경기부 대회 성과에 따른 선수단 격려 및 사기 진작을 위한 오찬 간담회,178000,4d2c263720f3e44717845fb28682afeca36e639126252ff65f4bae9c7a541430,sheet1:R15,
4d2c263720f3e447-sheet1-R16,2026-02-11,gwangju-buk,체육관광과,라이트라이트샵,반다비체육센터 운영 현황 점검을 위한 관계자 등 차담,25000,4d2c263720f3e44717845fb28682afeca36e639126252ff65f4bae9c7a541430,sheet1:R16,
4d2c263720f3e447-sheet1-R17,2026-02-23,gwangju-buk,체육관광과,서해수산활어직판장,위탁 체육시설 운영 관계자 만찬 간담회,358500,4d2c263720f3e44717845fb28682afeca36e639126252ff65f4bae9c7a541430,sheet1:R17,
4d2c263720f3e447-sheet1-R18,2026-02-24,gwangju-buk,체육관광과,샤브향(전남대점)/투썸플레이스전남대,첨단론볼장 위탁 운영 관계자 오찬 및 차담,137700,4d2c263720f3e44717845fb28682afeca36e639126252ff65f4bae9c7a541430,sheet1:R18,
4d2c263720f3e447-sheet1-R19,2026-03-11,gwangju-buk,체육관광과,넝쿨채,실내체육시설 운영 현황 점검 관계자 만찬 간담회,458000,4d2c263720f3e44717845fb28682afeca36e639126252ff65f4bae9c7a541430,sheet1:R19,
4d2c263720f3e447-sheet1-R20,2026-03-19,gwangju-buk,체육관광과,힉힉,태봉생활체육관 리모델링 이후 점검 및 현장 의견 청취를 위한 관계자 차담,11500,4d2c263720f3e44717845fb28682afeca36e639126252ff65f4bae9c7a541430,sheet1:R20,
4d2c263720f3e447-sheet1-R21,2026-03-19,gwangju-buk,체육관광과,낙지한마당,공단 위탁 체육시설 관계자 만찬 간담회,266000,4d2c263720f3e44717845fb28682afeca36e639126252ff65f4bae9c7a541430,sheet1:R21,
4d2c263720f3e447-sheet1-R22,2026-03-24,gwangju-buk,체육관광과,만선,게이트볼장 시설 개선방향 논의를 위한 관계자 등 오찬 간담회,91000,4d2c263720f3e44717845fb28682afeca36e639126252ff65f4bae9c7a541430,sheet1:R22,
21e93f0ae7397e8a-sheet1-R4,2026-03-05,gwangju-buk,주민자치과,다정한미가,마을만들기 지원사업 정산 등 현안 업무 추진 직원 격려,27000,21e93f0ae7397e8a22b8ce363551459747f145d87849703851ba212a852bf2e7,sheet1:R4,
d3578ad7e8089647-sheet1-R3,2026-02-26,gwangju-buk,여성보육과,"곱돌마루(호동로 9-4, 용봉동)",여성친화도시조성 업무 추진을 위한 간담회 비용 집행,107000,d3578ad7e8089647009ac53bc888d5e5b4a99e16b9aca7203219a4fe6bb15216,sheet1:R3,
