record_id,spent_on,organization,department,merchant,purpose,amount_krw,source_hash,source_location,repeats,expense_id,expense_amount_krw
6671593185a7884c-sheet1-R12,2026-04-21,daegu-dalseong,논공읍,삼천포해물탕외 1,직원 격려 식사 제공 및 지출,190500,6671593185a7884cb0b122173501c8a85412d720365b98b6c976b2404f819fe4,sheet1:R12,,,
6671593185a7884c-sheet1-R13,2026-04-23,daegu-dalseong,논공읍,논공숯불생오리,직원 격려 식사 제공 및 지출,108000,6671593185a7884cb0b122173501c8a85412d720365b98b6c976b2404f819fe4,sheet1:R13,,,
6671593185a7884c-sheet2-R12,2026-05-12,daegu-dalseong,논공읍,산얼면옥외 1,직원 격려 간식 제공 및 지출,85000,6671593185a7884cb0b122173501c8a85412d720365b98b6c976b2404f819fe4,sheet2:R12,,,
6671593185a7884c-sheet2-R13,2026-05-22,daegu-dalseong,논공읍,산얼면옥외 1,직원 격려 식사 제공 및 지출,121000,6671593185a7884cb0b122173501c8a85412d720365b98b6c976b2404f819fe4,sheet2:R13,,,
6671593185a7884c-sheet3-R12,2026-06-24,daegu-dalseong,논공읍,일심명가 현풍점,노인회 운영관계자 식사 제공 및 지출,71000,6671593185a7884cb0b122173501c8a85412d720365b98b6c976b2404f819fe4,sheet3:R12,,,
6671593185a7884c-sheet3-R21,2026-06-18,daegu-dalseong,논공읍,냄비집,이장협의회 운영관계자 식사 제공 및 지출,406000,6671593185a7884cb0b122173501c8a85412d720365b98b6c976b2404f819fe4,sheet3:R21,,,
6671593185a7884c-sheet3-R22,2026-06-24,daegu-dalseong,논공읍,아르스(Ars),자연보호협의회 우리동네 새단장 집중청소 실시 관계자 간식 제공 및 지출,182000,6671593185a7884cb0b122173501c8a85412d720365b98b6c976b2404f819fe4,sheet3:R22,,,
12b0e8316e1d25f4-sheet1-R6,2026-04-07,daegu-dalseong,관광과,낙지이야기 논공점,,40000,12b0e8316e1d25f4fc3dc541c778c857e10862b9ca78fb8d93e489e4053fcf8b,sheet1:R6,,,
12b0e8316e1d25f4-sheet1-R7,2026-04-14,daegu-dalseong,관광과,홍천뚝배기성산점,,40000,12b0e8316e1d25f4fc3dc541c778c857e10862b9ca78fb8d93e489e4053fcf8b,sheet1:R7,,,
12b0e8316e1d25f4-sheet1-R8,2026-04-17,daegu-dalseong,관광과,와촌식당(현풍점),,73000,12b0e8316e1d25f4fc3dc541c778c857e10862b9ca78fb8d93e489e4053fcf8b,sheet1:R8,,,
12b0e8316e1d25f4-sheet1-R9,2026-04-22,daegu-dalseong,관광과,모메존꽁보리밥,,60000,12b0e8316e1d25f4fc3dc541c778c857e10862b9ca78fb8d93e489e4053fcf8b,sheet1:R9,,,
12b0e8316e1d25f4-sheet1-R10,2026-04-24,daegu-dalseong,관광과,서산가마솥국밥,,56000,12b0e8316e1d25f4fc3dc541c778c857e10862b9ca78fb8d93e489e4053fcf8b,sheet1:R10,,,
12b0e8316e1d25f4-sheet1-R11,2026-04-27,daegu-dalseong,관광과,달콤커피 대구대곡점,,35500,12b0e8316e1d25f4fc3dc541c778c857e10862b9ca78fb8d93e489e4053fcf8b,sheet1:R11,,,
12b0e8316e1d25f4-sheet1-R12,2026-05-08,daegu-dalseong,관광과,미성,,76000,12b0e8316e1d25f4fc3dc541c778c857e10862b9ca78fb8d93e489e4053fcf8b,sheet1:R12,,,
12b0e8316e1d25f4-sheet1-R13,2026-05-08,daegu-dalseong,관광과,금포리 숯불촌,,129000,12b0e8316e1d25f4fc3dc541c778c857e10862b9ca78fb8d93e489e4053fcf8b,sheet1:R13,,,
12b0e8316e1d25f4-sheet1-R14,2026-05-13,daegu-dalseong,관광과,홍천뚝배기성산점,,43000,12b0e8316e1d25f4fc3dc541c778c857e10862b9ca78fb8d93e489e4053fcf8b,sheet1:R14,,,
12b0e8316e1d25f4-sheet1-R15,2026-05-22,daegu-dalseong,관광과,칭따오양꼬치,,200000,12b0e8316e1d25f4fc3dc541c778c857e10862b9ca78fb8d93e489e4053fcf8b,sheet1:R15,,,
12b0e8316e1d25f4-sheet1-R16,2026-06-01,daegu-dalseong,관광과,고집센그집갈비탕(화원점),,39000,12b0e8316e1d25f4fc3dc541c778c857e10862b9ca78fb8d93e489e4053fcf8b,sheet1:R16,,,
12b0e8316e1d25f4-sheet1-R17,2026-06-04,daegu-dalseong,관광과,장군소머리곰탕,,36000,12b0e8316e1d25f4fc3dc541c778c857e10862b9ca78fb8d93e489e4053fcf8b,sheet1:R17,,,
12b0e8316e1d25f4-sheet1-R18,2026-06-16,daegu-dalseong,관광과,보백관 서재본점,,33000,12b0e8316e1d25f4fc3dc541c778c857e10862b9ca78fb8d93e489e4053fcf8b,sheet1:R18,,,
12b0e8316e1d25f4-sheet1-R19,2026-06-30,daegu-dalseong,관광과,홍천뚝배기성산점,,24000,12b0e8316e1d25f4fc3dc541c778c857e10862b9ca78fb8d93e489e4053fcf8b,sheet1:R19,,,
fc6053f3ae327e9f-sheet1-R11,2026-04-01,daegu-dalseong,청소자원과,앞산옻닭 앞산생오리마을,청소행정 업무 협의에 따른 식사 제공 및 지출,65000,fc6053f3ae327e9fe3f4dbc9a68c6311409502d155538aa2c90bb2e77ab4fffe,sheet1:R11,,,
fc6053f3ae327e9f-sheet1-R12,2026-04-07,daegu-dalseong,청소자원과,동주복집,자원순환 업무 협의에 따른 식사 제공 및 지출,184000,fc6053f3ae327e9fe3f4dbc9a68c6311409502d155538aa2c90bb2e77ab4fffe,sheet1:R12,,,
fc6053f3ae327e9f-sheet1-R13,2026-04-17,daegu-dalseong,청소자원과,웰빙백세시대,폐기물관리 업무 협의에 따른 식사 제공 및 지출,96000,fc6053f3ae327e9fe3f4dbc9a68c6311409502d155538aa2c90bb2e77ab4fffe,sheet1:R13,,,
fc6053f3ae327e9f-sheet1-R14,2026-04-20,daegu-dalseong,청소자원과,길목가든,청소행정 업무 협의에 따른 식사 제공 및 지출,30000,fc6053f3ae327e9fe3f4dbc9a68c6311409502d155538aa2c90bb2e77ab4fffe,sheet1:R14,,,
fc6053f3ae327e9f-sheet1-R15,2026-04-30,daegu-dalseong,청소자원과,닭한마리행복한집,청소행정 업무 협의에 따른 식사 제공 및 지출,105000,fc6053f3ae327e9fe3f4dbc9a68c6311409502d155538aa2c90bb2e77ab4fffe,sheet1:R15,,,
fc6053f3ae327e9f-sheet1-R16,2026-05-11,daegu-dalseong,청소자원과,앞산옻닭 앞산생오리마을,폐기물관리 업무 협의에 따른 식사 제공 및 지출,66000,fc6053f3ae327e9fe3f4dbc9a68c6311409502d155538aa2c90bb2e77ab4fffe,sheet1:R16,,,
fc6053f3ae327e9f-sheet1-R17,2026-05-12,daegu-dalseong,청소자원과,웰빙백세시대,자원순환 업무 협의에 따른 식사 제공 및 지출,39000,fc6053f3ae327e9fe3f4dbc9a68c6311409502d155538aa2c90bb2e77ab4fffe,sheet1:R17,,,
fc6053f3ae327e9f-sheet1-R18,2026-05-14,daegu-dalseong,청소자원과,달성면옥,폐기물관리 업무 협의에 따른 식사 제공 및 지출,29000,fc6053f3ae327e9fe3f4dbc9a68c6311409502d155538aa2c90bb2e77ab4fffe,sheet1:R18,,,
fc6053f3ae327e9f-sheet1-R19,2026-05-15,daegu-dalseong,청소자원과,일송정,청소행정 업무 협의에 따른 식사 제공 및 지출,72000,fc6053f3ae327e9fe3f4dbc9a68c6311409502d155538aa2c90bb2e77ab4fffe,sheet1:R19,,,
fc6053f3ae327e9f-sheet1-R20,2026-05-20,daegu-dalseong,청소자원과,주왕산삼계탕(현풍점),자원순환 업무 협의에 따른 식사 제공 및 지출,100000,fc6053f3ae327e9fe3f4dbc9a68c6311409502d155538aa2c90bb2e77ab4fffe,sheet1:R20,,,
fc6053f3ae327e9f-sheet1-R26,2026-04-03,daegu-dalseong,청소자원과,봉수아피자,청소자원과 직원 격려 간식 제공 및 지출,83700,fc6053f3ae327e9fe3f4dbc9a68c6311409502d155538aa2c90bb2e77ab4fffe,sheet1:R26,,,
fc6053f3ae327e9f-sheet1-R27,2026-04-24,daegu-dalseong,청소자원과,짬뽕전문 대흥이,부서 직원 격려를 위한 식사 제공 및 지출,153000,fc6053f3ae327e9fe3f4dbc9a68c6311409502d155538aa2c90bb2e77ab4fffe,sheet1:R27,,,
fc6053f3ae327e9f-sheet1-R28,2026-05-27,daegu-dalseong,청소자원과,닭한마리행복한집,폐기물관리팀 직원 격려를 위한 식사 제공 및 지출,70000,fc6053f3ae327e9fe3f4dbc9a68c6311409502d155538aa2c90bb2e77ab4fffe,sheet1:R28,,,
fc6053f3ae327e9f-sheet1-R29,2026-06-12,daegu-dalseong,청소자원과,호식이두마리치킨,청소행정팀 직원 격려를 위한 식사 제공 및 지출,61000,fc6053f3ae327e9fe3f4dbc9a68c6311409502d155538aa2c90bb2e77ab4fffe,sheet1:R29,,,
fc6053f3ae327e9f-sheet1-R30,2026-06-24,daegu-dalseong,청소자원과,산얼면옥,자원순환팀 직원 격려를 위한 식사 제공 및 지출,90000,fc6053f3ae327e9fe3f4dbc9a68c6311409502d155538aa2c90bb2e77ab4fffe,sheet1:R30,,,
fc6053f3ae327e9f-sheet1-R31,2026-06-25,daegu-dalseong,청소자원과,우성,폐기물관리팀 직원 격려를 위한 식사 제공 및 지출,61000,fc6053f3ae327e9fe3f4dbc9a68c6311409502d155538aa2c90bb2e77ab4fffe,sheet1:R31,,,
fc6053f3ae327e9f-sheet1-R32,2026-06-26,daegu-dalseong,청소자원과,동해칼치곤드레,청소행정팀 직원 격려를 위한 식사 제공 및 지출,71000,fc6053f3ae327e9fe3f4dbc9a68c6311409502d155538aa2c90bb2e77ab4fffe,sheet1:R32,,,
d1cc83b4e5bc2fb2-sheet1-R6,2026-04-14,daegu-dalseong,건축과,부산식당,주택건설공사 관계자 간담회 식사 등 제공 및 지출,172000,d1cc83b4e5bc2fb26a4bad8b931023e1c3ddcc0b3befa0cc54315b5c95db56ee,sheet1:R6,,,
d1cc83b4e5bc2fb2-sheet1-R7,2026-04-29,daegu-dalseong,건축과,황실흑염소,건축안전관리 관계자 간담회 식사 제공 및 지출,91000,d1cc83b4e5bc2fb26a4bad8b931023e1c3ddcc0b3befa0cc54315b5c95db56ee,sheet1:R7,,,
d1cc83b4e5bc2fb2-sheet1-R8,2026-05-26,daegu-dalseong,건축과,이우철삼계탕 서재점,공동주택 업무 관련 간담회 식사 제공 및 지출,144000,d1cc83b4e5bc2fb26a4bad8b931023e1c3ddcc0b3befa0cc54315b5c95db56ee,sheet1:R8,,,
d1cc83b4e5bc2fb2-sheet1-R9,2026-05-26,daegu-dalseong,건축과,빽다방 빵연구소 대구서재점,공동주택 업무 관련 간담회 식사 제공 및 지출,27800,d1cc83b4e5bc2fb26a4bad8b931023e1c3ddcc0b3befa0cc54315b5c95db56ee,sheet1:R9,,,
b6d51d9463bdfdfc-sheet1-R7,2026-06-04,daegu-dalseong,기획예산과,동성막창,군정현안 논의를 위한 사업관계자 식사 제공 및 지출,107500,b6d51d9463bdfdfc6df953a12e9921b7515bac25e36772fa778baa7e9c619507,sheet1:R7,,,
b6d51d9463bdfdfc-sheet1-R8,2026-06-04,daegu-dalseong,기획예산과,치맥킹,지역전략사업 추진 관계자 간담회 식사제공 및 지출,200000,b6d51d9463bdfdfc6df953a12e9921b7515bac25e36772fa778baa7e9c619507,sheet1:R8,,,
b6d51d9463bdfdfc-sheet1-R9,2026-06-11,daegu-dalseong,기획예산과,경도식당,지역전략사업 추진 관계자 식사 제공 및 지출,109000,b6d51d9463bdfdfc6df953a12e9921b7515bac25e36772fa778baa7e9c619507,sheet1:R9,,,
b6d51d9463bdfdfc-sheet1-R10,2026-06-16,daegu-dalseong,기획예산과,전통복어전문식당,조직 운영 관련 관계자 간담회 식사 등 제공 및 지출,45000,b6d51d9463bdfdfc6df953a12e9921b7515bac25e36772fa778baa7e9c619507,sheet1:R10,,,
b6d51d9463bdfdfc-sheet1-R11,2026-06-17,daegu-dalseong,기획예산과,부산진국밥,군정현안 논의를 위한 사업관계자 간담회 식사제공 및 지출,73500,b6d51d9463bdfdfc6df953a12e9921b7515bac25e36772fa778baa7e9c619507,sheet1:R11,,,
b6d51d9463bdfdfc-sheet1-R12,2026-06-23,daegu-dalseong,기획예산과,산얼면옥,군정 기획업무 추진을 위한 사업관계자 간담회 식사제공 및 지출,117000,b6d51d9463bdfdfc6df953a12e9921b7515bac25e36772fa778baa7e9c619507,sheet1:R12,,,
b6d51d9463bdfdfc-sheet1-R13,2026-06-26,daegu-dalseong,기획예산과,엔엘리오,군정현안 논의를 위한 사업관계자 간담회 음료 제공 및 지출,29500,b6d51d9463bdfdfc6df953a12e9921b7515bac25e36772fa778baa7e9c619507,sheet1:R13,,,
117f9376c5a4e8fb-sheet1-R7,2026-05-08,daegu-dalseong,기획예산과,부산진국밥,군정 기획 및 정책사업 관계자 간담회 식사제공 및 지출,144500,117f9376c5a4e8fb00c10eb4c1f1a9c12bb5b0ad01b37338487823bfd6a8fb29,sheet1:R7,,,
117f9376c5a4e8fb-sheet1-R8,2026-05-15,daegu-dalseong,기획예산과,부산진국밥,군 주요 추진사업 협의를 위한 관계자 간담회 식사제공 및 지출,26000,117f9376c5a4e8fb00c10eb4c1f1a9c12bb5b0ad01b37338487823bfd6a8fb29,sheet1:R8,,,
117f9376c5a4e8fb-sheet1-R9,2026-05-28,daegu-dalseong,기획예산과,강림추어탕,조직 운영 관련 관계자 간담회 식사 등 제공 및 지출,95000,117f9376c5a4e8fb00c10eb4c1f1a9c12bb5b0ad01b37338487823bfd6a8fb29,sheet1:R9,,,
117f9376c5a4e8fb-sheet1-R10,2026-05-28,daegu-dalseong,기획예산과,딜라이트,조직 운영 관련 관계자 간담회 식사 등 제공 및 지출,19900,117f9376c5a4e8fb00c10eb4c1f1a9c12bb5b0ad01b37338487823bfd6a8fb29,sheet1:R10,,,
7a7fbb17879af41f-sheet1-R7,2026-06-16,daegu-dalseong,기획예산과,참달성 온라인몰,국장실 내빈 접견 및 간담회용 다과류 구입 및 지출,154200,7a7fbb17879af41f1f84917b1c39ac431b2861bb79f325a972135c900c422fd8,sheet1:R7,,,
7a7fbb17879af41f-sheet1-R12,2026-06-01,daegu-dalseong,기획예산과,행복이머무는집,지역전략사업 추진 관계자 식사 제공 및 지출,241000,7a7fbb17879af41f1f84917b1c39ac431b2861bb79f325a972135c900c422fd8,sheet1:R12,,,
7a7fbb17879af41f-sheet1-R13,2026-06-05,daegu-dalseong,기획예산과,달성보국수집,기획업무 추진 관계자 식사 제공 및 지출,82000,7a7fbb17879af41f1f84917b1c39ac431b2861bb79f325a972135c900c422fd8,sheet1:R13,,,
7a7fbb17879af41f-sheet1-R14,2026-06-05,daegu-dalseong,기획예산과,동성막창,군 주요업무 추진을 위한 사업관계자 간담회 식사제공 및 지출,159000,7a7fbb17879af41f1f84917b1c39ac431b2861bb79f325a972135c900c422fd8,sheet1:R14,,,
7a7fbb17879af41f-sheet1-R15,2026-06-10,daegu-dalseong,기획예산과,안동갈비,군정현안 논의를 위한 사업관계자 식사 제공 및 지출,118000,7a7fbb17879af41f1f84917b1c39ac431b2861bb79f325a972135c900c422fd8,sheet1:R15,,,
7a7fbb17879af41f-sheet1-R16,2026-06-15,daegu-dalseong,기획예산과,서재리회포차,기획전략 업무추진을 위한 사업관계자 간담회 식사제공 및 지출,190000,7a7fbb17879af41f1f84917b1c39ac431b2861bb79f325a972135c900c422fd8,sheet1:R16,,,
7a7fbb17879af41f-sheet1-R17,2026-06-22,daegu-dalseong,기획예산과,냄비집,군 주요업무 추진을 위한 사업관계자 간담회 식사제공 및 지출,29000,7a7fbb17879af41f1f84917b1c39ac431b2861bb79f325a972135c900c422fd8,sheet1:R17,,,
7a7fbb17879af41f-sheet1-R18,2026-06-25,daegu-dalseong,기획예산과,안동갈비,지역전략사업 추진 관계자 식사 제공 및 지출,94000,7a7fbb17879af41f1f84917b1c39ac431b2861bb79f325a972135c900c422fd8,sheet1:R18,,,
7a7fbb17879af41f-sheet1-R19,2026-06-26,daegu-dalseong,기획예산과,연막창,군정현안 논의를 위한 사업관계자 식사 제공 및 지출,146000,7a7fbb17879af41f1f84917b1c39ac431b2861bb79f325a972135c900c422fd8,sheet1:R19,,,
7a7fbb17879af41f-sheet1-R20,2026-06-30,daegu-dalseong,기획예산과,교동면옥,군 주요업무 추진을 위한 사업관계자 간담회 식사제공 및 지출,47000,7a7fbb17879af41f1f84917b1c39ac431b2861bb79f325a972135c900c422fd8,sheet1:R20,,,
c36a1d33132acfb8-sheet1-R7,2026-05-28,daegu-dalseong,기획예산과,개인(성명 비공개),직원 경사 축의금 지출,50000,c36a1d33132acfb8f7864efa60f0448c28913aed84f4b9921ef0ea3b4d571872,sheet1:R7,,,
c36a1d33132acfb8-sheet1-R12,2026-05-06,daegu-dalseong,기획예산과,아지트,주요 전략사업 추진을 위한 관계자 식사 제공 및 지출,128000,c36a1d33132acfb8f7864efa60f0448c28913aed84f4b9921ef0ea3b4d571872,sheet1:R12,,,
c36a1d33132acfb8-sheet1-R13,2026-05-08,daegu-dalseong,기획예산과,연막창,군정현안 논의를 위한 사업관계자 식사 제공 및 지출,169000,c36a1d33132acfb8f7864efa60f0448c28913aed84f4b9921ef0ea3b4d571872,sheet1:R13,,,
c36a1d33132acfb8-sheet1-R14,2026-05-13,daegu-dalseong,기획예산과,다와서,군 주요업무 추진을 위한 사업관계자 간담회 식사제공 및 지출,86000,c36a1d33132acfb8f7864efa60f0448c28913aed84f4b9921ef0ea3b4d571872,sheet1:R14,,,
c36a1d33132acfb8-sheet1-R15,2026-05-15,daegu-dalseong,기획예산과,동성막창,군정현안 논의를 위한 사업관계자 식사 제공 및 지출,163500,c36a1d33132acfb8f7864efa60f0448c28913aed84f4b9921ef0ea3b4d571872,sheet1:R15,,,
c36a1d33132acfb8-sheet1-R16,2026-05-22,daegu-dalseong,기획예산과,냄비집,주요 전략사업 추진 관계자 식사 제공 및 지출,91000,c36a1d33132acfb8f7864efa60f0448c28913aed84f4b9921ef0ea3b4d571872,sheet1:R16,,,
c36a1d33132acfb8-sheet1-R17,2026-05-26,daegu-dalseong,기획예산과,팔도궁중찜닭,홍보협력 사업관계자 식사제공 및 지출,89000,c36a1d33132acfb8f7864efa60f0448c28913aed84f4b9921ef0ea3b4d571872,sheet1:R17,,,
c36a1d33132acfb8-sheet1-R18,2026-05-27,daegu-dalseong,기획예산과,삼천포해물탕,군 주요업무 추진을 위한 사업관계자 간담회 식사제공 및 지출,170000,c36a1d33132acfb8f7864efa60f0448c28913aed84f4b9921ef0ea3b4d571872,sheet1:R18,,,
c36a1d33132acfb8-sheet1-R19,2026-05-28,daegu-dalseong,기획예산과,부산식당,군정현안 논의를 위한 사업관계자 식사 제공 및 지출,59000,c36a1d33132acfb8f7864efa60f0448c28913aed84f4b9921ef0ea3b4d571872,sheet1:R19,,,
c36a1d33132acfb8-sheet1-R20,2026-05-29,daegu-dalseong,기획예산과,유촌칡냉면,교육정책 업무 추진을 위한 사업관계자 식사 제공 및 지출,36000,c36a1d33132acfb8f7864efa60f0448c28913aed84f4b9921ef0ea3b4d571872,sheet1:R20,,,
fd18210552ad52d0-sheet1-R5,2026-04-06,daegu-dalseong,구지면,탑리터 구지점,직원 격려 식사 제공 및 지출,19000,fd18210552ad52d014945f883fb57d965a49dc95f973bac8c51787d9c21ef511,sheet1:R5,,,
fd18210552ad52d0-sheet1-R6,2026-04-06,daegu-dalseong,구지면,수찜닭,직원 격려 식사 제공 및 지출,64000,fd18210552ad52d014945f883fb57d965a49dc95f973bac8c51787d9c21ef511,sheet1:R6,,,
fd18210552ad52d0-sheet1-R11,2026-04-14,daegu-dalseong,구지면,스타벅스 코리아,유관기관 관계자 음료제공 및 지출,53000,fd18210552ad52d014945f883fb57d965a49dc95f973bac8c51787d9c21ef511,sheet1:R11,,,
fd18210552ad52d0-sheet1-R12,2026-04-17,daegu-dalseong,구지면,삼각대,유관기관 관계자 식사제공 및 지출,195000,fd18210552ad52d014945f883fb57d965a49dc95f973bac8c51787d9c21ef511,sheet1:R12,,,
fd18210552ad52d0-sheet1-R13,2026-04-17,daegu-dalseong,구지면,스타하우스,유관기관 관계자 식사제공 및 지출,5000,fd18210552ad52d014945f883fb57d965a49dc95f973bac8c51787d9c21ef511,sheet1:R13,,,
fd18210552ad52d0-sheet1-R14,2026-04-17,daegu-dalseong,구지면,별의별,유관기관 관계자 식사제공 및 지출,24700,fd18210552ad52d014945f883fb57d965a49dc95f973bac8c51787d9c21ef511,sheet1:R14,,,
fd18210552ad52d0-sheet1-R15,2026-04-17,daegu-dalseong,구지면,민들레식당,유관기관 관계자 식사제공 및 지출,91000,fd18210552ad52d014945f883fb57d965a49dc95f973bac8c51787d9c21ef511,sheet1:R15,,,
fd18210552ad52d0-sheet1-R16,2026-04-22,daegu-dalseong,구지면,이디야커피 대구구지점,유관기관 관계자 음료제공 및 지출,39300,fd18210552ad52d014945f883fb57d965a49dc95f973bac8c51787d9c21ef511,sheet1:R16,,,
fd18210552ad52d0-sheet1-R17,2026-04-23,daegu-dalseong,구지면,국민대구탕(구지점),유관기관 관계자 식사제공 및 지출,64000,fd18210552ad52d014945f883fb57d965a49dc95f973bac8c51787d9c21ef511,sheet1:R17,,,
fd18210552ad52d0-sheet1-R18,2026-04-29,daegu-dalseong,구지면,시먼,유관기관 관계자 식사 및 지출,14300,fd18210552ad52d014945f883fb57d965a49dc95f973bac8c51787d9c21ef511,sheet1:R18,,,
fd18210552ad52d0-sheet1-R19,2026-04-29,daegu-dalseong,구지면,대니골가든,유관기관 관계자 음료제공 및 지출,48000,fd18210552ad52d014945f883fb57d965a49dc95f973bac8c51787d9c21ef511,sheet1:R19,,,
fd18210552ad52d0-sheet2-R5,2026-05-13,daegu-dalseong,구지면,D&M,기관 방문객 및 민원인 응접용 음료 구입 및 지출,536000,fd18210552ad52d014945f883fb57d965a49dc95f973bac8c51787d9c21ef511,sheet2:R5,,,
fd18210552ad52d0-sheet2-R6,2026-05-14,daegu-dalseong,구지면,주영식당,직원 격려 식사 제공 및 지출,200000,fd18210552ad52d014945f883fb57d965a49dc95f973bac8c51787d9c21ef511,sheet2:R6,,,
fd18210552ad52d0-sheet2-R7,2026-05-18,daegu-dalseong,구지면,국민대구탕(구지점),직원 격려 식사 제공 및 지출,75000,fd18210552ad52d014945f883fb57d965a49dc95f973bac8c51787d9c21ef511,sheet2:R7,,,
fd18210552ad52d0-sheet2-R8,2026-05-21,daegu-dalseong,구지면,사랑빵,직원 격려 식사 제공 및 지출,23500,fd18210552ad52d014945f883fb57d965a49dc95f973bac8c51787d9c21ef511,sheet2:R8,,,
fd18210552ad52d0-sheet2-R9,2026-05-28,daegu-dalseong,구지면,헤이데어,직원 격려 식사 제공 및 지출,15400,fd18210552ad52d014945f883fb57d965a49dc95f973bac8c51787d9c21ef511,sheet2:R9,,,
fd18210552ad52d0-sheet2-R10,2026-05-28,daegu-dalseong,구지면,앞산옻닭 앞산생오리마을,직원 격려 식사 제공 및 지출,60000,fd18210552ad52d014945f883fb57d965a49dc95f973bac8c51787d9c21ef511,sheet2:R10,,,
fd18210552ad52d0-sheet2-R15,2026-05-06,daegu-dalseong,구지면,국민대구탕(구지점),유관기관 관계자 식사제공 및 지출,65000,fd18210552ad52d014945f883fb57d965a49dc95f973bac8c51787d9c21ef511,sheet2:R15,,,
fd18210552ad52d0-sheet2-R16,2026-05-19,daegu-dalseong,구지면,일송정,유관기관 관계자 식사제공 및 지출,253000,fd18210552ad52d014945f883fb57d965a49dc95f973bac8c51787d9c21ef511,sheet2:R16,,,
fd18210552ad52d0-sheet3-R5,2026-06-19,daegu-dalseong,구지면,족발집,직원 격려 식사 제공 및 지출,490000,fd18210552ad52d014945f883fb57d965a49dc95f973bac8c51787d9c21ef511,sheet3:R5,,,
fd18210552ad52d0-sheet3-R6,2026-06-22,daegu-dalseong,구지면,족발집,직원 격려 식사 제공 및 지출,334000,fd18210552ad52d014945f883fb57d965a49dc95f973bac8c51787d9c21ef511,sheet3:R6,,,
fd18210552ad52d0-sheet3-R11,2026-06-16,daegu-dalseong,구지면,별의별,유관기관 관계자 음료제공 및 지출,19200,fd18210552ad52d014945f883fb57d965a49dc95f973bac8c51787d9c21ef511,sheet3:R11,,,
84b174c07ed6bff4-sheet1-R5,2026-01-02,daegu-dalseong,구지면,현풍미당떡집,직원 격려 간식 제공 및 지출,36000,84b174c07ed6bff4177cab4676e625b38898218ef3cb1ad6f334e1c890983807,sheet1:R5,,,
84b174c07ed6bff4-sheet1-R6,2026-01-02,daegu-dalseong,구지면,송해공원 연지담,직원 격려 식사 제공 및 지출,120000,84b174c07ed6bff4177cab4676e625b38898218ef3cb1ad6f334e1c890983807,sheet1:R6,,,
84b174c07ed6bff4-sheet1-R7,2026-01-02,daegu-dalseong,구지면,무브먼트 커피로스터스,직원 격려 식사 제공 및 지출,38000,84b174c07ed6bff4177cab4676e625b38898218ef3cb1ad6f334e1c890983807,sheet1:R7,,,
84b174c07ed6bff4-sheet1-R8,2026-01-02,daegu-dalseong,구지면,D&M,기관 방문객 및 민원인 응접용 음료 구입 및 지출,502000,84b174c07ed6bff4177cab4676e625b38898218ef3cb1ad6f334e1c890983807,sheet1:R8,,,
84b174c07ed6bff4-sheet1-R9,2026-01-06,daegu-dalseong,구지면,시먼,직원 격려 식사 제공 및 지출,35200,84b174c07ed6bff4177cab4676e625b38898218ef3cb1ad6f334e1c890983807,sheet1:R9,,,
84b174c07ed6bff4-sheet1-R10,2026-01-06,daegu-dalseong,구지면,앞산옻닭 앞산생오리마을,직원 격려 식사 제공 및 지출,90000,84b174c07ed6bff4177cab4676e625b38898218ef3cb1ad6f334e1c890983807,sheet1:R10,,,
84b174c07ed6bff4-sheet1-R11,2026-01-07,daegu-dalseong,구지면,유가제빵소 구지점,직원 격려 식사 제공 및 지출,17600,84b174c07ed6bff4177cab4676e625b38898218ef3cb1ad6f334e1c890983807,sheet1:R11,,,
84b174c07ed6bff4-sheet1-R12,2026-01-07,daegu-dalseong,구지면,한통정육식당,직원 격려 식사 제공 및 지출,67000,84b174c07ed6bff4177cab4676e625b38898218ef3cb1ad6f334e1c890983807,sheet1:R12,,,
84b174c07ed6bff4-sheet1-R17,2026-01-12,daegu-dalseong,구지면,주영식당,유관기관 관계자 식사제공 및 지출,56000,84b174c07ed6bff4177cab4676e625b38898218ef3cb1ad6f334e1c890983807,sheet1:R17,,,
84b174c07ed6bff4-sheet1-R18,2026-01-16,daegu-dalseong,구지면,메기탕 짜글이,유관기관 관계자 식사 및 지출,44000,84b174c07ed6bff4177cab4676e625b38898218ef3cb1ad6f334e1c890983807,sheet1:R18,,,
84b174c07ed6bff4-sheet1-R19,2026-01-28,daegu-dalseong,구지면,유가제빵소 구지점,유관기관 관계자 음료제공 및 지출,130200,84b174c07ed6bff4177cab4676e625b38898218ef3cb1ad6f334e1c890983807,sheet1:R19,,,
84b174c07ed6bff4-sheet2-R10,2026-02-06,daegu-dalseong,구지면,하루커피&맥주,유관기관 관계자 음료제공 및 지출,30000,84b174c07ed6bff4177cab4676e625b38898218ef3cb1ad6f334e1c890983807,sheet2:R10,,,
84b174c07ed6bff4-sheet2-R11,2026-02-10,daegu-dalseong,구지면,가마솥한우국밥,유관기관 관계자 식사제공 및 지출,148000,84b174c07ed6bff4177cab4676e625b38898218ef3cb1ad6f334e1c890983807,sheet2:R11,,,
84b174c07ed6bff4-sheet2-R12,2026-02-10,daegu-dalseong,구지면,국민대구탕(구지점),유관기관 관계자 식사 및 지출,95000,84b174c07ed6bff4177cab4676e625b38898218ef3cb1ad6f334e1c890983807,sheet2:R12,,,
84b174c07ed6bff4-sheet3-R5,2026-03-11,daegu-dalseong,구지면,앞산옻닭 앞산생오리마을,직원 격려 식사 제공 및 지출,120000,84b174c07ed6bff4177cab4676e625b38898218ef3cb1ad6f334e1c890983807,sheet3:R5,,,
84b174c07ed6bff4-sheet3-R6,2026-03-11,daegu-dalseong,구지면,헤이데어,직원 격려 식사 제공 및 지출,32000,84b174c07ed6bff4177cab4676e625b38898218ef3cb1ad6f334e1c890983807,sheet3:R6,,,
84b174c07ed6bff4-sheet3-R11,2026-03-20,daegu-dalseong,구지면,앞산옻닭 앞산생오리마을,유관기관 관계자 식사제공 및 지출,65000,84b174c07ed6bff4177cab4676e625b38898218ef3cb1ad6f334e1c890983807,sheet3:R11,,,
84b174c07ed6bff4-sheet3-R12,2026-03-31,daegu-dalseong,구지면,별의별,유관기관 관계자 음료제공 및 지출,35600,84b174c07ed6bff4177cab4676e625b38898218ef3cb1ad6f334e1c890983807,sheet3:R12,,,
86eef7b6e525ed38-sheet1-R6,2026-04-02,daegu-dalseong,교육정책과,부산식당,보육 사업 관련 어린이집 운영 관계자 간담회 식사 제공 및 지출,157000,86eef7b6e525ed389f80554c63865bb334d30f701f4615e28b0622a6a5c4f4de,sheet1:R6,,,
86eef7b6e525ed38-sheet1-R7,2026-04-07,daegu-dalseong,교육정책과,선바위아구찜,청소년수련시설 업무 관계자 간담회 식사 제공 및 지출,103000,86eef7b6e525ed389f80554c63865bb334d30f701f4615e28b0622a6a5c4f4de,sheet1:R7,,,
86eef7b6e525ed38-sheet2-R6,2026-05-20,daegu-dalseong,교육정책과,황장군 화원점,달서중고 세천 이전 사업 관련 업무 관계자 간담회 식사 제공 및 지출,34000,86eef7b6e525ed389f80554c63865bb334d30f701f4615e28b0622a6a5c4f4de,sheet2:R6,,,
86eef7b6e525ed38-sheet3-R6,2026-06-10,daegu-dalseong,교육정책과,하이오커피 대구화원점,달성이룸캠프 업무 관계자 간담회 다과 제공 및 지출,42500,86eef7b6e525ed389f80554c63865bb334d30f701f4615e28b0622a6a5c4f4de,sheet3:R6,,,
86eef7b6e525ed38-sheet3-R7,2026-06-18,daegu-dalseong,교육정책과,딜라이트,초등 돌봄 교육 우수 모델 지원 사업 업무 관계자 간담회 음료 제공 및 지출,29600,86eef7b6e525ed389f80554c63865bb334d30f701f4615e28b0622a6a5c4f4de,sheet3:R7,,,
86eef7b6e525ed38-sheet3-R8,2026-06-26,daegu-dalseong,교육정책과,해방촌,달성교육재단 업무 관계자 간담회 식사 제공 및 지출,180500,86eef7b6e525ed389f80554c63865bb334d30f701f4615e28b0622a6a5c4f4de,sheet3:R8,,,
6d8ee7bc8f0b95f0-sheet1-R6,2026-06-02,daegu-dalseong,장애인복지과,장풍가,장애인복지 관련 업무 관계자 식사 제공 및 지출,154000,6d8ee7bc8f0b95f01f9b9cba9304ca83818ebb1df7af41b4827039e21e64b31c,sheet1:R6,,,
6d8ee7bc8f0b95f0-sheet1-R7,2026-06-08,daegu-dalseong,장애인복지과,동해칼치곤드레,장애인시설 관련 업무 관계자 식사 제공 및 지출,63000,6d8ee7bc8f0b95f01f9b9cba9304ca83818ebb1df7af41b4827039e21e64b31c,sheet1:R7,,,
6d8ee7bc8f0b95f0-sheet1-R8,2026-06-15,daegu-dalseong,장애인복지과,홍물회,장애인단체 관련 업무 관계자 식사 제공 및 지출,108000,6d8ee7bc8f0b95f01f9b9cba9304ca83818ebb1df7af41b4827039e21e64b31c,sheet1:R8,,,
6d8ee7bc8f0b95f0-sheet1-R9,2026-06-18,daegu-dalseong,장애인복지과,샤브향,긴급복지 지원 관련 업무 관계자 식사 제공 및 지출,69500,6d8ee7bc8f0b95f01f9b9cba9304ca83818ebb1df7af41b4827039e21e64b31c,sheet1:R9,,,
6d8ee7bc8f0b95f0-sheet1-R10,2026-06-24,daegu-dalseong,장애인복지과,샤브향,긴급복지 지원 관련 업무 관계자 식사 제공 및 지출,159000,6d8ee7bc8f0b95f01f9b9cba9304ca83818ebb1df7af41b4827039e21e64b31c,sheet1:R10,,,
3c91e7af832f27e5-sheet1-R6,2026-04-01,daegu-dalseong,복지정책과,앤위고커피,노인복지 업무 관계자 간담회 음료 제공 및 지출,19100,3c91e7af832f27e5b23449d57b87dde4fbce39a8b32983f2fd6653ab5759af0e,sheet1:R6,,,
3c91e7af832f27e5-sheet1-R7,2026-04-10,daegu-dalseong,복지정책과,"옥포뜰, 마지카운티",보훈단체 업무 관계자 간담회 음료 제공 및 지출,101800,3c91e7af832f27e5b23449d57b87dde4fbce39a8b32983f2fd6653ab5759af0e,sheet1:R7,,,
3c91e7af832f27e5-sheet1-R8,2026-04-16,daegu-dalseong,복지정책과,대흥이,통합돌봄 업무 관계자 간담회 식사 제공 및 지출,63000,3c91e7af832f27e5b23449d57b87dde4fbce39a8b32983f2fd6653ab5759af0e,sheet1:R8,,,
3c91e7af832f27e5-sheet1-R9,2026-04-17,daegu-dalseong,복지정책과,곤지곤지(현풍점),경로당 업무 관계자 간담회 식사 제공 및 지출,24000,3c91e7af832f27e5b23449d57b87dde4fbce39a8b32983f2fd6653ab5759af0e,sheet1:R9,,,
3c91e7af832f27e5-sheet1-R10,2026-04-21,daegu-dalseong,복지정책과,이디야커피,보훈단체 업무 관계자 간담회 음료 제공 및 지출,15600,3c91e7af832f27e5b23449d57b87dde4fbce39a8b32983f2fd6653ab5759af0e,sheet1:R10,,,
3c91e7af832f27e5-sheet1-R11,2026-04-22,daegu-dalseong,복지정책과,"옥포뜰, 마지카운티",보훈회관 업무 관계자 간담회 식사 제공 및 지출,158800,3c91e7af832f27e5b23449d57b87dde4fbce39a8b32983f2fd6653ab5759af0e,sheet1:R11,,,
3c91e7af832f27e5-sheet1-R12,2026-04-23,daegu-dalseong,복지정책과,동해칼치곤드레,노인회 업무 관계자 간담회 식사 제공 및 지출,28000,3c91e7af832f27e5b23449d57b87dde4fbce39a8b32983f2fd6653ab5759af0e,sheet1:R12,,,
3c91e7af832f27e5-sheet1-R13,2026-05-07,daegu-dalseong,복지정책과,소노히,노인시설 업무 관계자 간담회 식사 제공 및 지출,79000,3c91e7af832f27e5b23449d57b87dde4fbce39a8b32983f2fd6653ab5759af0e,sheet1:R13,,,
3c91e7af832f27e5-sheet1-R14,2026-05-15,daegu-dalseong,복지정책과,닭한마리행복한집,통합돌봄 업무 관계자 간담회 식사 제공 및 지출,70000,3c91e7af832f27e5b23449d57b87dde4fbce39a8b32983f2fd6653ab5759af0e,sheet1:R14,,,
3c91e7af832f27e5-sheet1-R15,2026-05-18,daegu-dalseong,복지정책과,길안어탕 고디탕,보훈시설 업무 관계자 간담회 식사 제공 및 지출,18000,3c91e7af832f27e5b23449d57b87dde4fbce39a8b32983f2fd6653ab5759af0e,sheet1:R15,,,
3c91e7af832f27e5-sheet1-R16,2026-05-21,daegu-dalseong,복지정책과,동해칼치곤드레,노인복지관 업무 관계자 간담회 식사 제공 및 지출,68000,3c91e7af832f27e5b23449d57b87dde4fbce39a8b32983f2fd6653ab5759af0e,sheet1:R16,,,
3c91e7af832f27e5-sheet1-R17,2026-05-28,daegu-dalseong,복지정책과,옥포뜰,노인회 업무 관계자 간담회 식사 제공 및 지출,156000,3c91e7af832f27e5b23449d57b87dde4fbce39a8b32983f2fd6653ab5759af0e,sheet1:R17,,,
3c91e7af832f27e5-sheet1-R18,2026-06-08,daegu-dalseong,복지정책과,거창추어탕,보훈시설 업무 관계자 간담회 식사 제공 및 지출,90000,3c91e7af832f27e5b23449d57b87dde4fbce39a8b32983f2fd6653ab5759af0e,sheet1:R18,,,
3c91e7af832f27e5-sheet1-R19,2026-06-17,daegu-dalseong,복지정책과,정환네식당,통합돌봄 업무 관계자 간담회 식사 제공 및 지출,60000,3c91e7af832f27e5b23449d57b87dde4fbce39a8b32983f2fd6653ab5759af0e,sheet1:R19,,,
3c91e7af832f27e5-sheet1-R20,2026-06-18,daegu-dalseong,복지정책과,"장군소머리곰탕,누리",복지기획 업무 관계자 간담회 식사 제공 및 지출,132000,3c91e7af832f27e5b23449d57b87dde4fbce39a8b32983f2fd6653ab5759af0e,sheet1:R20,,,
5e3e987aa643fb61-sheet1-R6,2026-04-01,daegu-dalseong,복지정책과,오요구,노인복지 업무 관계자 간담회 식사 제공 및 지출,60000,5e3e987aa643fb6185242a880e841a338fc31c9fd0f4d8b77cf46795b6fd8694,sheet1:R6,,,
5e3e987aa643fb61-sheet1-R7,2026-04-02,daegu-dalseong,복지정책과,막창도둑,가족센터 업무 관계자 간담회 식사 제공 및 지출,122000,5e3e987aa643fb6185242a880e841a338fc31c9fd0f4d8b77cf46795b6fd8694,sheet1:R7,,,
5e3e987aa643fb61-sheet1-R8,2026-04-07,daegu-dalseong,복지정책과,바다생선구이 전문점,자원봉사센터 업무 관계자 간담회 식사 제공 및 지출,94000,5e3e987aa643fb6185242a880e841a338fc31c9fd0f4d8b77cf46795b6fd8694,sheet1:R8,,,
5e3e987aa643fb61-sheet1-R9,2026-04-08,daegu-dalseong,복지정책과,시골손수제비,보훈단체 업무 관계자 간담회 식사 제공 및 지출,52000,5e3e987aa643fb6185242a880e841a338fc31c9fd0f4d8b77cf46795b6fd8694,sheet1:R9,,,
5e3e987aa643fb61-sheet1-R10,2026-04-10,daegu-dalseong,복지정책과,바디양푼이동태탕,여성문화복지센터 업무 관계자 간담회 식사 제공 및 지출,80000,5e3e987aa643fb6185242a880e841a338fc31c9fd0f4d8b77cf46795b6fd8694,sheet1:R10,,,
5e3e987aa643fb61-sheet1-R11,2026-04-14,daegu-dalseong,복지정책과,웰빙백세시대,충혼탑 엘리베이터 공사 관계자 간담회 식사제공 및 지출,74000,5e3e987aa643fb6185242a880e841a338fc31c9fd0f4d8b77cf46795b6fd8694,sheet1:R11,,,
5e3e987aa643fb61-sheet1-R12,2026-04-18,daegu-dalseong,복지정책과,낙동가마솥추어탕,복지회관 업무 관계자 간담회 식사 제공 및 지출,48000,5e3e987aa643fb6185242a880e841a338fc31c9fd0f4d8b77cf46795b6fd8694,sheet1:R12,,,
5e3e987aa643fb61-sheet1-R13,2026-04-27,daegu-dalseong,복지정책과,본가 불향쭈꾸미,다사공영주차장 업무 관계자 식사제공 및 지출,105000,5e3e987aa643fb6185242a880e841a338fc31c9fd0f4d8b77cf46795b6fd8694,sheet1:R13,,,
5e3e987aa643fb61-sheet1-R14,2026-04-28,daegu-dalseong,복지정책과,오대양장어구이,가창면민복지회관 업무 관계자 간담회 식사제공 및 지출,220000,5e3e987aa643fb6185242a880e841a338fc31c9fd0f4d8b77cf46795b6fd8694,sheet1:R14,,,
5e3e987aa643fb61-sheet1-R15,2026-04-30,daegu-dalseong,복지정책과,솔비식당,대한노인회 업무 관계자 간담회 식사 제공 및 지출,69000,5e3e987aa643fb6185242a880e841a338fc31c9fd0f4d8b77cf46795b6fd8694,sheet1:R15,,,
5e3e987aa643fb61-sheet1-R16,2026-05-06,daegu-dalseong,복지정책과,벚꽃나들버섯집,경로당 업무 관계자 간담회 식사 제공 및 지출,65000,5e3e987aa643fb6185242a880e841a338fc31c9fd0f4d8b77cf46795b6fd8694,sheet1:R16,,,
5e3e987aa643fb61-sheet1-R17,2026-05-06,daegu-dalseong,복지정책과,한우공판장,여성가족업무 관계자 간담회 식사 제공 및 지출,181000,5e3e987aa643fb6185242a880e841a338fc31c9fd0f4d8b77cf46795b6fd8694,sheet1:R17,,,
5e3e987aa643fb61-sheet1-R18,2026-05-08,daegu-dalseong,복지정책과,고령촌돼지찌개,노인복지관 업무 관계자 간담회 식사 제공 및 지출,96000,5e3e987aa643fb6185242a880e841a338fc31c9fd0f4d8b77cf46795b6fd8694,sheet1:R18,,,
5e3e987aa643fb61-sheet1-R19,2026-05-11,daegu-dalseong,복지정책과,양화식당,장애인복지시설 업무 관계자 식사제공 및 지출,94000,5e3e987aa643fb6185242a880e841a338fc31c9fd0f4d8b77cf46795b6fd8694,sheet1:R19,,,
5e3e987aa643fb61-sheet1-R20,2026-05-12,daegu-dalseong,복지정책과,농협하나로유통,기초생활보장 업무 관계자 간담회 음료제공 및 지출,33500,5e3e987aa643fb6185242a880e841a338fc31c9fd0f4d8b77cf46795b6fd8694,sheet1:R20,,,
5e3e987aa643fb61-sheet1-R21,2026-05-14,daegu-dalseong,복지정책과,삼천포해물탕,위생업무 추진 관계자 간담회 식사제공 및 지출,72000,5e3e987aa643fb6185242a880e841a338fc31c9fd0f4d8b77cf46795b6fd8694,sheet1:R21,,,
5e3e987aa643fb61-sheet1-R22,2026-05-19,daegu-dalseong,복지정책과,막창도둑,여성가족업무 관계자 간담회 식사 제공 및 지출,139500,5e3e987aa643fb6185242a880e841a338fc31c9fd0f4d8b77cf46795b6fd8694,sheet1:R22,,,
5e3e987aa643fb61-sheet1-R23,2026-05-20,daegu-dalseong,복지정책과,옥포뜰,보훈단체 업무 관계자 간담회 식사 제공 및 지출,192000,5e3e987aa643fb6185242a880e841a338fc31c9fd0f4d8b77cf46795b6fd8694,sheet1:R23,,,
5e3e987aa643fb61-sheet1-R24,2026-05-27,daegu-dalseong,복지정책과,바다생선구이전문점,장애인복지시설 업무 관계자 식사제공 및 지출,118000,5e3e987aa643fb6185242a880e841a338fc31c9fd0f4d8b77cf46795b6fd8694,sheet1:R24,,,
5e3e987aa643fb61-sheet1-R25,2026-06-11,daegu-dalseong,복지정책과,비슬한우식육식당,사회복지시설 업무 관계자 간담회 식사제공 및 지출,200000,5e3e987aa643fb6185242a880e841a338fc31c9fd0f4d8b77cf46795b6fd8694,sheet1:R25,,,
5e3e987aa643fb61-sheet1-R26,2026-06-15,daegu-dalseong,복지정책과,육대식쪽갈비숯불닭갈비,자원봉사센터 업무 관계자 간담회 식사 제공 및 지출,140500,5e3e987aa643fb6185242a880e841a338fc31c9fd0f4d8b77cf46795b6fd8694,sheet1:R26,,,
5e3e987aa643fb61-sheet1-R27,2026-06-16,daegu-dalseong,복지정책과,오복반점,장애인복지 업무 관계자 간담회 식사 제공 및 지출,51000,5e3e987aa643fb6185242a880e841a338fc31c9fd0f4d8b77cf46795b6fd8694,sheet1:R27,,,
5e3e987aa643fb61-sheet1-R28,2026-06-17,daegu-dalseong,복지정책과,삼천포해물탕,통합돌봄 업무 관계자 간담회 식사제공 및 지출,54000,5e3e987aa643fb6185242a880e841a338fc31c9fd0f4d8b77cf46795b6fd8694,sheet1:R28,,,
5e3e987aa643fb61-sheet1-R29,2026-06-19,daegu-dalseong,복지정책과,동해칼치곤드레,아동복지시설 관계자 간담회 식사제공 및 지출,80000,5e3e987aa643fb6185242a880e841a338fc31c9fd0f4d8b77cf46795b6fd8694,sheet1:R29,,,
5e3e987aa643fb61-sheet1-R30,2026-06-26,daegu-dalseong,복지정책과,옥포뜰,지역사회보장협의체 업무 관계자 간담회 식사제공 및 지출,122000,5e3e987aa643fb6185242a880e841a338fc31c9fd0f4d8b77cf46795b6fd8694,sheet1:R30,,,
24ba849e68937a69-sheet1-R6,2026-06-02,daegu-dalseong,총무과,성서한옥집 김치찜,예산 관린 현안업무 직원 격려 식사 제공,107000,24ba849e68937a69d00a90211bc4308af40a108d1d0dd74330a6ee805c367a3b,sheet1:R6,,,
24ba849e68937a69-sheet1-R7,2026-06-02,daegu-dalseong,총무과,그곳 유천,지방선거 투표소 설치 관계자 다과 제공,48300,24ba849e68937a69d00a90211bc4308af40a108d1d0dd74330a6ee805c367a3b,sheet1:R7,,,
24ba849e68937a69-sheet1-R8,2026-06-04,daegu-dalseong,총무과,개인(성명 비공개),직원 경조사 조의금,50000,24ba849e68937a69d00a90211bc4308af40a108d1d0dd74330a6ee805c367a3b,sheet1:R8,,,
24ba849e68937a69-sheet1-R9,2026-06-05,daegu-dalseong,총무과,개인(성명 비공개),직원 경조사 축의금,50000,24ba849e68937a69d00a90211bc4308af40a108d1d0dd74330a6ee805c367a3b,sheet1:R9,,,
24ba849e68937a69-sheet1-R10,2026-06-05,daegu-dalseong,총무과,벚꽃나들버섯집,산불예방 현안업무 직원 격려 식사 제공,248000,24ba849e68937a69d00a90211bc4308af40a108d1d0dd74330a6ee805c367a3b,sheet1:R10,,,
24ba849e68937a69-sheet1-R11,2026-06-08,daegu-dalseong,총무과,연지담,선거 사무 관련 직원 격려 식사 제공,120000,24ba849e68937a69d00a90211bc4308af40a108d1d0dd74330a6ee805c367a3b,sheet1:R11,,,
24ba849e68937a69-sheet1-R12,2026-06-10,daegu-dalseong,총무과,옥포식품,가족정책과 직원 격려 식사 제공,468000,24ba849e68937a69d00a90211bc4308af40a108d1d0dd74330a6ee805c367a3b,sheet1:R12,,,
24ba849e68937a69-sheet1-R13,2026-06-12,daegu-dalseong,총무과,개인(성명 비공개),직원 경조사 축의금,50000,24ba849e68937a69d00a90211bc4308af40a108d1d0dd74330a6ee805c367a3b,sheet1:R13,,,
24ba849e68937a69-sheet1-R14,2026-06-12,daegu-dalseong,총무과,개인(성명 비공개),직원 경조사 축의금,50000,24ba849e68937a69d00a90211bc4308af40a108d1d0dd74330a6ee805c367a3b,sheet1:R14,,,
24ba849e68937a69-sheet1-R15,2026-06-12,daegu-dalseong,총무과,엘라트카,하천 및 계곡 불법행위 단속 관계자 식사 제공,93200,24ba849e68937a69d00a90211bc4308af40a108d1d0dd74330a6ee805c367a3b,sheet1:R15,,,
24ba849e68937a69-sheet1-R16,2026-06-17,daegu-dalseong,총무과,홍물회,주요 현안업무추진에 따른 간부 공무원 격려 식사 제공,374000,24ba849e68937a69d00a90211bc4308af40a108d1d0dd74330a6ee805c367a3b,sheet1:R16,,,
24ba849e68937a69-sheet1-R17,2026-06-18,daegu-dalseong,총무과,강나들이,기획예산과 직원 격려 식사 제공,216000,24ba849e68937a69d00a90211bc4308af40a108d1d0dd74330a6ee805c367a3b,sheet1:R17,,,
24ba849e68937a69-sheet1-R18,2026-06-19,daegu-dalseong,총무과,연지담,여름철 자연재해 관리 관계 직원 격려 식사 제공,76000,24ba849e68937a69d00a90211bc4308af40a108d1d0dd74330a6ee805c367a3b,sheet1:R18,,,
24ba849e68937a69-sheet1-R19,2026-06-22,daegu-dalseong,총무과,개인(성명 비공개),직원 경조사 조의금,50000,24ba849e68937a69d00a90211bc4308af40a108d1d0dd74330a6ee805c367a3b,sheet1:R19,,,
24ba849e68937a69-sheet1-R20,2026-06-23,daegu-dalseong,총무과,취팔선,주요 현안업무추진에 따른 읍면 간부공무원 식사 제공,593000,24ba849e68937a69d00a90211bc4308af40a108d1d0dd74330a6ee805c367a3b,sheet1:R20,,,
24ba849e68937a69-sheet1-R21,2026-06-24,daegu-dalseong,총무과,비슬한우식육식당,기획예산과 직원 격려 식사 제공,495000,24ba849e68937a69d00a90211bc4308af40a108d1d0dd74330a6ee805c367a3b,sheet1:R21,,,
24ba849e68937a69-sheet1-R22,2026-06-25,daegu-dalseong,총무과,울엄맘손메밀묵,도시공원과 직원 격려 식사 제공,106000,24ba849e68937a69d00a90211bc4308af40a108d1d0dd74330a6ee805c367a3b,sheet1:R22,,,
24ba849e68937a69-sheet1-R23,2026-06-29,daegu-dalseong,총무과,타가커피,인사운영 관계 직원 격려 다과 제공,42300,24ba849e68937a69d00a90211bc4308af40a108d1d0dd74330a6ee805c367a3b,sheet1:R23,,,
24ba849e68937a69-sheet1-R28,2026-06-01,daegu-dalseong,총무과,부산식당/따뜻한 산들바람,"하천재해예방사업 관계자 식사, 다과 제공",116500,24ba849e68937a69d00a90211bc4308af40a108d1d0dd74330a6ee805c367a3b,sheet1:R28,,,
24ba849e68937a69-sheet1-R29,2026-06-05,daegu-dalseong,총무과,마르텐사이트,자연재해위험지구 점검 관계자 다과 제공,76700,24ba849e68937a69d00a90211bc4308af40a108d1d0dd74330a6ee805c367a3b,sheet1:R29,,,
24ba849e68937a69-sheet1-R30,2026-06-08,daegu-dalseong,총무과,거산 이가네더덕밥,달성군 주요 시책 홍보를 위한 언론관계자 간담회 식사 제공,202000,24ba849e68937a69d00a90211bc4308af40a108d1d0dd74330a6ee805c367a3b,sheet1:R30,,,
24ba849e68937a69-sheet1-R31,2026-06-11,daegu-dalseong,총무과,길목가든,산사태 예방 업무 관계자 식사 제공,130000,24ba849e68937a69d00a90211bc4308af40a108d1d0dd74330a6ee805c367a3b,sheet1:R31,,,
24ba849e68937a69-sheet1-R32,2026-06-15,daegu-dalseong,총무과,팔공산유통능이마을,2026년 청춘달성 투어상품 운영 관계자 식사 제공,138000,24ba849e68937a69d00a90211bc4308af40a108d1d0dd74330a6ee805c367a3b,sheet1:R32,,,
24ba849e68937a69-sheet1-R33,2026-06-15,daegu-dalseong,총무과,금두꺼비,달성군 주요 시책 홍보를 위한 언론관계자 간담회 식사 제공,450000,24ba849e68937a69d00a90211bc4308af40a108d1d0dd74330a6ee805c367a3b,sheet1:R33,,,
24ba849e68937a69-sheet1-R34,2026-06-16,daegu-dalseong,총무과,비슬한우식육식당,관광콘텐츠 개발 업무 추진 관계자 식사 제공,153000,24ba849e68937a69d00a90211bc4308af40a108d1d0dd74330a6ee805c367a3b,sheet1:R34,,,
24ba849e68937a69-sheet1-R35,2026-06-17,daegu-dalseong,총무과,돌격꽃게장달성점,교육정책 사업을 위한 간담회에 따른 식사 제공,108000,24ba849e68937a69d00a90211bc4308af40a108d1d0dd74330a6ee805c367a3b,sheet1:R35,,,
24ba849e68937a69-sheet1-R36,2026-06-18,daegu-dalseong,총무과,벽강식당,공유재산관리업무 관계자 식사 제공,310000,24ba849e68937a69d00a90211bc4308af40a108d1d0dd74330a6ee805c367a3b,sheet1:R36,,,
24ba849e68937a69-sheet1-R37,2026-06-19,daegu-dalseong,총무과,사람과 환경,자살예방회의 관계자 간담회 다과 제공,61300,24ba849e68937a69d00a90211bc4308af40a108d1d0dd74330a6ee805c367a3b,sheet1:R37,,,
24ba849e68937a69-sheet1-R38,2026-06-24,daegu-dalseong,총무과,본가장수촌,주요 전략사업 추진 관계자 식사 제공,279000,24ba849e68937a69d00a90211bc4308af40a108d1d0dd74330a6ee805c367a3b,sheet1:R38,,,
24ba849e68937a69-sheet1-R39,2026-06-30,daegu-dalseong,총무과,옥포식당,인구정책사업 관계자 식사 제공,119000,24ba849e68937a69d00a90211bc4308af40a108d1d0dd74330a6ee805c367a3b,sheet1:R39,,,
24ba849e68937a69-sheet1-R40,2026-06-30,daegu-dalseong,총무과,"감나무집, 홍시",민선9기 주요 정책업무 관계자 식사 제공,180000,24ba849e68937a69d00a90211bc4308af40a108d1d0dd74330a6ee805c367a3b,sheet1:R40,,,
2f17c346f63cbe7c-sheet1-R6,2026-06-06,daegu-dalseong,총무과,웰빙백세시대,현충일 추념식 및 6월 호국보훈의 달 행사 관계자 식사 제공,206000,2f17c346f63cbe7c8997c823c895af3d191284a1df846dc568b1f7fd8f5626b9,sheet1:R6,,,
2f17c346f63cbe7c-sheet1-R7,2026-06-08,daegu-dalseong,총무과,네스프레소 캡슐커피,부속실 내방객 접대를 위한 다류 구입,468000,2f17c346f63cbe7c8997c823c895af3d191284a1df846dc568b1f7fd8f5626b9,sheet1:R7,,,
2f17c346f63cbe7c-sheet1-R8,2026-06-09,daegu-dalseong,총무과,대박소양곰탕,주요 현안업무추진에 따른 간부 공무원 식사 제공,353000,2f17c346f63cbe7c8997c823c895af3d191284a1df846dc568b1f7fd8f5626b9,sheet1:R8,,,
2f17c346f63cbe7c-sheet1-R9,2026-06-09,daegu-dalseong,총무과,경주식당,주요 광역협력업무 추진 관계자 간담회 식사 제공,480000,2f17c346f63cbe7c8997c823c895af3d191284a1df846dc568b1f7fd8f5626b9,sheet1:R9,,,
2f17c346f63cbe7c-sheet1-R10,2026-06-10,daegu-dalseong,총무과,왕손짜장,비서실 직원 격려 식사 제공,42000,2f17c346f63cbe7c8997c823c895af3d191284a1df846dc568b1f7fd8f5626b9,sheet1:R10,,,
2f17c346f63cbe7c-sheet1-R11,2026-06-12,daegu-dalseong,총무과,개인(성명 비공개),직원 경조사 축의금,100000,2f17c346f63cbe7c8997c823c895af3d191284a1df846dc568b1f7fd8f5626b9,sheet1:R11,,,
2f17c346f63cbe7c-sheet1-R12,2026-06-12,daegu-dalseong,총무과,장터따로국밥,2026년 어르신 합동생신잔치 행사 관계자 식사 제공,21000,2f17c346f63cbe7c8997c823c895af3d191284a1df846dc568b1f7fd8f5626b9,sheet1:R12,,,
2f17c346f63cbe7c-sheet1-R13,2026-06-12,daegu-dalseong,총무과,정성김밥,비서실 직원 격려 식사 제공,42500,2f17c346f63cbe7c8997c823c895af3d191284a1df846dc568b1f7fd8f5626b9,sheet1:R13,,,
2f17c346f63cbe7c-sheet1-R14,2026-06-19,daegu-dalseong,총무과,대복성반점,비서실 직원 격려 식사 제공,57000,2f17c346f63cbe7c8997c823c895af3d191284a1df846dc568b1f7fd8f5626b9,sheet1:R14,,,
2f17c346f63cbe7c-sheet1-R15,2026-06-22,daegu-dalseong,총무과,풍국면,청사 보안업무 관계자 식사 제공,34000,2f17c346f63cbe7c8997c823c895af3d191284a1df846dc568b1f7fd8f5626b9,sheet1:R15,,,
2f17c346f63cbe7c-sheet1-R16,2026-06-23,daegu-dalseong,총무과,비슬한우식육식당,2026년 상반기 퇴직 및 공로연수 공무원 격려 식사 제공,829000,2f17c346f63cbe7c8997c823c895af3d191284a1df846dc568b1f7fd8f5626b9,sheet1:R16,,,
2f17c346f63cbe7c-sheet1-R17,2026-06-24,daegu-dalseong,총무과,비슬한우식육식당,집행부와 군의회 간 간담회 개최에 따른 식사 제공,495000,2f17c346f63cbe7c8997c823c895af3d191284a1df846dc568b1f7fd8f5626b9,sheet1:R17,,,
2f17c346f63cbe7c-sheet1-R18,2026-06-26,daegu-dalseong,총무과,풍국면,비서실 직원 격려 식사 제공,47500,2f17c346f63cbe7c8997c823c895af3d191284a1df846dc568b1f7fd8f5626b9,sheet1:R18,,,
2f17c346f63cbe7c-sheet1-R19,2026-06-29,daegu-dalseong,총무과,미담,주요 광역협력업무 추진 관계자 간담회 식사 제공,464000,2f17c346f63cbe7c8997c823c895af3d191284a1df846dc568b1f7fd8f5626b9,sheet1:R19,,,
2f17c346f63cbe7c-sheet1-R24,2026-06-17,daegu-dalseong,총무과,동해집,주민자치 업무 관계자 식사 제공,75000,2f17c346f63cbe7c8997c823c895af3d191284a1df846dc568b1f7fd8f5626b9,sheet1:R24,,,
7b8196071c2db6c9-sheet1-R6,2026-04-16,daegu-dalseong,종합민원과,사천양꼬치,국민행복민원실 운영 관련 간담회 식사 제공 및 지출,200000,7b8196071c2db6c99a8f25b8a0a7ecab5831612a1fad1c9a4dd05eece19dffd4,sheet1:R6,,,
7b8196071c2db6c9-sheet1-R7,2026-04-24,daegu-dalseong,종합민원과,동고령숯불갈비,민원공무원 보호 강화 방안 마련 간담회 참석자 식사 제공 및 지출,218000,7b8196071c2db6c99a8f25b8a0a7ecab5831612a1fad1c9a4dd05eece19dffd4,sheet1:R7,,,
7b8196071c2db6c9-sheet1-R8,2026-05-08,daegu-dalseong,종합민원과,"풍국면, 누리","본인서명사실제도 활성화를 위한 관계자 식사, 다과 제공 및 지출",105000,7b8196071c2db6c99a8f25b8a0a7ecab5831612a1fad1c9a4dd05eece19dffd4,sheet1:R8,,,
7b8196071c2db6c9-sheet1-R9,2026-05-08,daegu-dalseong,종합민원과,동해칼치곤드레,민원공무원 보호 강화 대책 추진 간담회 참석자 식사 제공 및 지출,49000,7b8196071c2db6c99a8f25b8a0a7ecab5831612a1fad1c9a4dd05eece19dffd4,sheet1:R9,,,
7b8196071c2db6c9-sheet1-R10,2026-05-29,daegu-dalseong,종합민원과,수지안가,원스톱 방문 민원창구 운영을 위한 관계자 식사 제공 및 지출,270500,7b8196071c2db6c99a8f25b8a0a7ecab5831612a1fad1c9a4dd05eece19dffd4,sheet1:R10,,,
7b8196071c2db6c9-sheet1-R11,2026-06-09,daegu-dalseong,종합민원과,옹심이칼국수,농촌체류형 쉼터 농막 운영 관련 회의 참석자 식사 제공 및 지출,90000,7b8196071c2db6c99a8f25b8a0a7ecab5831612a1fad1c9a4dd05eece19dffd4,sheet1:R11,,,
c578fcf555717315-sheet1-R6,2026-05-08,daegu-dalseong,문화예술과,한우공판장,"문화관광국 소속 직원 격려 식사, 다과 제공 및 지출",195022,c578fcf5557173155783e191b2297813b262e85d9cdfa0165a8ee00b4d86d1e8,sheet1:R6,,,
c578fcf555717315-sheet1-R7,2026-05-08,daegu-dalseong,문화예술과,한우공판장,"문화관광국 소속 직원 격려 식사, 다과 제공 및 지출",104978,c578fcf5557173155783e191b2297813b262e85d9cdfa0165a8ee00b4d86d1e8,sheet1:R7,,,
c578fcf555717315-sheet1-R8,2026-05-26,daegu-dalseong,문화예술과,달성군청 산림과,문화관광국 소속 직원 조사에 따른 축의금 지출,50000,c578fcf5557173155783e191b2297813b262e85d9cdfa0165a8ee00b4d86d1e8,sheet1:R8,,,
c578fcf555717315-sheet1-R9,2026-06-22,daegu-dalseong,문화예술과,울엄마손메밀묵,"문화관광국 소속 직원 격려 식사, 다과 제공 및 지출",60000,c578fcf5557173155783e191b2297813b262e85d9cdfa0165a8ee00b4d86d1e8,sheet1:R9,,,
66542468b9ba59df-sheet1-R6,2026-04-28,daegu-dalseong,문화예술과,등푸른(본점),"2026년 YES! 키즈존 행사 업무추진 관계자 식사, 다과 제공 및 지출",219000,66542468b9ba59dfb6c6a1859fc60def3e9ebed0a74b9ef9c920651713d64d90,sheet1:R6,,,
66542468b9ba59df-sheet1-R7,2026-05-04,daegu-dalseong,문화예술과,길목가든,"구지 복합문화센터 건립 업무추진 관계자 식사, 다과 제공 및 지출",72000,66542468b9ba59dfb6c6a1859fc60def3e9ebed0a74b9ef9c920651713d64d90,sheet1:R7,,,
66542468b9ba59df-sheet1-R8,2026-05-19,daegu-dalseong,문화예술과,연막창 현풍테크노폴리스점,"서재 생활문화센터 건립 업무추진 관계자 식사, 다과 제공 및 지출",176000,66542468b9ba59dfb6c6a1859fc60def3e9ebed0a74b9ef9c920651713d64d90,sheet1:R8,,,
66542468b9ba59df-sheet1-R9,2026-05-21,daegu-dalseong,문화예술과,만리장성,"달성문화센터 주차장 환경개선 사업 추진 관계자 식사, 다과 제공 및 지출",126000,66542468b9ba59dfb6c6a1859fc60def3e9ebed0a74b9ef9c920651713d64d90,sheet1:R9,,,
66542468b9ba59df-sheet1-R10,2026-05-21,daegu-dalseong,문화예술과,탑리터 달성군청점,"달성문화센터 주차장 환경개선 사업 추진 관계자 식사, 다과 제공 및 지출",33000,66542468b9ba59dfb6c6a1859fc60def3e9ebed0a74b9ef9c920651713d64d90,sheet1:R10,,,
66542468b9ba59df-sheet1-R11,2026-05-28,daegu-dalseong,문화예술과,서산가마솥국밥,국가유산관리 업무추진 관계자 식사 제공 및 지출,36000,66542468b9ba59dfb6c6a1859fc60def3e9ebed0a74b9ef9c920651713d64d90,sheet1:R11,,,
66542468b9ba59df-sheet1-R12,2026-05-28,daegu-dalseong,문화예술과,서산가마솥국밥,국가유산관리 업무추진 관계자 식사 제공 및 지출,36000,66542468b9ba59dfb6c6a1859fc60def3e9ebed0a74b9ef9c920651713d64d90,sheet1:R12,,,
66542468b9ba59df-sheet1-R13,2026-06-08,daegu-dalseong,문화예술과,살아있소 한우갈비,"문화도시조성사업 업무추진 관계자 식사, 다과 제공 및 지출",226800,66542468b9ba59dfb6c6a1859fc60def3e9ebed0a74b9ef9c920651713d64d90,sheet1:R13,,,
66542468b9ba59df-sheet1-R14,2026-06-08,daegu-dalseong,문화예술과,살아있소 한우갈비,"문화도시조성사업 업무추진 관계자 식사, 다과 제공 및 지출",68000,66542468b9ba59dfb6c6a1859fc60def3e9ebed0a74b9ef9c920651713d64d90,sheet1:R14,,,
66542468b9ba59df-sheet1-R15,2026-06-30,daegu-dalseong,문화예술과,보백관 서재본점,구지 복합문화센터 건립 업무추진 관계자 식사 제공 및 지출,42000,66542468b9ba59dfb6c6a1859fc60def3e9ebed0a74b9ef9c920651713d64d90,sheet1:R15,,,
c3e9fed1a16f2284-sheet1-R6,2026-04-06,daegu-dalseong,문화예술과,시골손수제비,달성 중부권 복합문화센터 건립 업무 추진관계자 식사 제공 및 지출,116000,c3e9fed1a16f2284d32e470b775083d13a5dacdd6f400566f773eae2919b0db5,sheet1:R6,,,
c3e9fed1a16f2284-sheet1-R7,2026-04-07,daegu-dalseong,문화예술과,모퉁이순두부집,관광개발 업무추진 관계자 식사 제공 및 지출,35000,c3e9fed1a16f2284d32e470b775083d13a5dacdd6f400566f773eae2919b0db5,sheet1:R7,,,
c3e9fed1a16f2284-sheet1-R8,2026-04-10,daegu-dalseong,문화예술과,교동면옥 다사점,세천 금호강변 가족캠핑장 조성 업무추진 관계자 식사 제공 및 지출,161000,c3e9fed1a16f2284d32e470b775083d13a5dacdd6f400566f773eae2919b0db5,sheet1:R8,,,
c3e9fed1a16f2284-sheet1-R9,2026-04-13,daegu-dalseong,문화예술과,장군소머리곰탕,국가유산관리 업무추진 관계자 식사 제공 및 지출,90000,c3e9fed1a16f2284d32e470b775083d13a5dacdd6f400566f773eae2919b0db5,sheet1:R9,,,
c3e9fed1a16f2284-sheet1-R10,2026-04-14,daegu-dalseong,문화예술과,대자연식당,"가창 최정산 산림습원 복원사업 업무추진 식사, 다과 제공 및 지출",252000,c3e9fed1a16f2284d32e470b775083d13a5dacdd6f400566f773eae2919b0db5,sheet1:R10,,,
c3e9fed1a16f2284-sheet1-R11,2026-04-16,daegu-dalseong,문화예술과,투썸플레이스 대구달성군청점,체육진흥 업무추진 관계자 다과 제공 및 지출,42100,c3e9fed1a16f2284d32e470b775083d13a5dacdd6f400566f773eae2919b0db5,sheet1:R11,,,
c3e9fed1a16f2284-sheet1-R12,2026-05-06,daegu-dalseong,문화예술과,웰빙백세시대,문화예술 업무추진 관계자 식사 제공 및 지출,74000,c3e9fed1a16f2284d32e470b775083d13a5dacdd6f400566f773eae2919b0db5,sheet1:R12,,,
c3e9fed1a16f2284-sheet1-R13,2026-05-08,daegu-dalseong,문화예술과,오대양산장어구이,둘레길 조성 사업 추진 관계자 식사 제공 및 지출,127000,c3e9fed1a16f2284d32e470b775083d13a5dacdd6f400566f773eae2919b0db5,sheet1:R13,,,
c3e9fed1a16f2284-sheet1-R14,2026-05-11,daegu-dalseong,문화예술과,짬뽕전문점 대흥이,공공체육시설 업무추진 관계자 식사 제공 및 지출,68500,c3e9fed1a16f2284d32e470b775083d13a5dacdd6f400566f773eae2919b0db5,sheet1:R14,,,
c3e9fed1a16f2284-sheet1-R15,2026-05-12,daegu-dalseong,문화예술과,처가집칼국수식당,문화시설 업무추진 관계자 식사 제공 및 지출,88000,c3e9fed1a16f2284d32e470b775083d13a5dacdd6f400566f773eae2919b0db5,sheet1:R15,,,
c3e9fed1a16f2284-sheet1-R16,2026-05-19,daegu-dalseong,문화예술과,시골손수제비,관광개발 업무추진 관계자 식사 제공 및 지출,69000,c3e9fed1a16f2284d32e470b775083d13a5dacdd6f400566f773eae2919b0db5,sheet1:R16,,,
c3e9fed1a16f2284-sheet1-R17,2026-05-21,daegu-dalseong,문화예술과,옛날손순대국밥,화원 워터프론트 조성사업 업무추진 관계자 식사 제공 및 지출,77000,c3e9fed1a16f2284d32e470b775083d13a5dacdd6f400566f773eae2919b0db5,sheet1:R17,,,
c3e9fed1a16f2284-sheet1-R18,2026-05-29,daegu-dalseong,문화예술과,서산가마솥국밥,생활체육시설 업무추진 관계자 식사 제공 및 지출,30000,c3e9fed1a16f2284d32e470b775083d13a5dacdd6f400566f773eae2919b0db5,sheet1:R18,,,
c3e9fed1a16f2284-sheet1-R19,2026-06-01,daegu-dalseong,문화예술과,짬뽕전문 대흥이,국가유산정책 업무추진 관계자 식사 제공 및 지출,97000,c3e9fed1a16f2284d32e470b775083d13a5dacdd6f400566f773eae2919b0db5,sheet1:R19,,,
c3e9fed1a16f2284-sheet1-R20,2026-06-02,daegu-dalseong,문화예술과,옥포뜰,파크골프장 업무추진 관계자 식사 제공 및 지출,106000,c3e9fed1a16f2284d32e470b775083d13a5dacdd6f400566f773eae2919b0db5,sheet1:R20,,,
c3e9fed1a16f2284-sheet1-R21,2026-06-02,daegu-dalseong,문화예술과,친구숯불닭갈비,관광개발 업무추진 관계자 식사 제공 및 지출,133000,c3e9fed1a16f2284d32e470b775083d13a5dacdd6f400566f773eae2919b0db5,sheet1:R21,,,
c3e9fed1a16f2284-sheet1-R22,2026-06-05,daegu-dalseong,문화예술과,부산식당,산사태 예방 업무추진 관계자 식사 제공 및 지출,114000,c3e9fed1a16f2284d32e470b775083d13a5dacdd6f400566f773eae2919b0db5,sheet1:R22,,,
c3e9fed1a16f2284-sheet1-R23,2026-06-08,daegu-dalseong,문화예술과,수림정,산림조성 업무추진 관계자 식사 제공 및 지출,153000,c3e9fed1a16f2284d32e470b775083d13a5dacdd6f400566f773eae2919b0db5,sheet1:R23,,,
c3e9fed1a16f2284-sheet1-R24,2026-06-10,daegu-dalseong,문화예술과,참한숯불왕소금구이,"달성 중부권 복합문화센터 건립 업무 추진관계자 식사, 다과 제공 및 지출",202500,c3e9fed1a16f2284d32e470b775083d13a5dacdd6f400566f773eae2919b0db5,sheet1:R24,,,
c3e9fed1a16f2284-sheet1-R25,2026-06-15,daegu-dalseong,문화예술과,장작국밥,문화예술 업무추진 관계자 식사 제공 및 지출,61000,c3e9fed1a16f2284d32e470b775083d13a5dacdd6f400566f773eae2919b0db5,sheet1:R25,,,
c3e9fed1a16f2284-sheet1-R26,2026-06-16,daegu-dalseong,문화예술과,송학골막창,관광개발 업무추진 관계자 식사 제공 및 지출,162500,c3e9fed1a16f2284d32e470b775083d13a5dacdd6f400566f773eae2919b0db5,sheet1:R26,,,
c3e9fed1a16f2284-sheet1-R27,2026-06-18,daegu-dalseong,문화예술과,대원식당,"문화시설 업무추진 관계자 삭사, 다과 제공 및 지출",63000,c3e9fed1a16f2284d32e470b775083d13a5dacdd6f400566f773eae2919b0db5,sheet1:R27,,,
c3e9fed1a16f2284-sheet1-R28,2026-06-18,daegu-dalseong,문화예술과,스톤,"문화시설 업무추진 관계자 삭사, 다과 제공 및 지출",18500,c3e9fed1a16f2284d32e470b775083d13a5dacdd6f400566f773eae2919b0db5,sheet1:R28,,,
c3e9fed1a16f2284-sheet1-R29,2026-06-25,daegu-dalseong,문화예술과,하하 손두부,공공체육시설 업무추진 관계자 식사 제공 및 지출,55000,c3e9fed1a16f2284d32e470b775083d13a5dacdd6f400566f773eae2919b0db5,sheet1:R29,,,
c3e9fed1a16f2284-sheet1-R30,2026-06-29,daegu-dalseong,문화예술과,시골손수제비,관광 홍보 콘텐츠 및 스토리텔링 개발 사업추진 관계자 식사 제공 및 지출,66500,c3e9fed1a16f2284d32e470b775083d13a5dacdd6f400566f773eae2919b0db5,sheet1:R30,,,
581cb6844c840334-sheet1-R6,2026-04-08,daegu-dalseong,체육진흥과,옥포비슬산한우촌,달성군 체육회 업무 관계자 회의 및 식사제공,300000,581cb6844c84033420725664480b47a6e3440de89fb18ea36cbd501f54f5345d,sheet1:R6,,,
581cb6844c840334-sheet1-R7,2026-04-10,daegu-dalseong,체육진흥과,서산가마솥국밥,파크골프장 운영 관련 업무 관계자 회의 및 식사제공,130000,581cb6844c84033420725664480b47a6e3440de89fb18ea36cbd501f54f5345d,sheet1:R7,,,
581cb6844c840334-sheet1-R8,2026-06-12,daegu-dalseong,체육진흥과,버거킹 화원점,유소년축구단 관련 업무 관계자 회의 및 식사제공,133000,581cb6844c84033420725664480b47a6e3440de89fb18ea36cbd501f54f5345d,sheet1:R8,,,
581cb6844c840334-sheet1-R9,2026-06-23,daegu-dalseong,체육진흥과,바르미스시뷔페 수성점,공공체육시설 관련 업무 관계자 회의 및 식사제공,362400,581cb6844c84033420725664480b47a6e3440de89fb18ea36cbd501f54f5345d,sheet1:R9,,,
0c60a2651176f64a-sheet1-R12,2026-04-07,daegu-dalseong,화원읍,숲사랑카페,부서 직원 격려를 위한 음료제공,46500,0c60a2651176f64a6c5a677634d5a044b5ae9c6204f8c6e4865a1bf046d5703e,sheet1:R12,,,
0c60a2651176f64a-sheet1-R13,2026-04-10,daegu-dalseong,화원읍,화원천내리마을관리사회적협동조합,공무직 직원 격려를 위한 음료 제공,35500,0c60a2651176f64a6c5a677634d5a044b5ae9c6204f8c6e4865a1bf046d5703e,sheet1:R13,,,
0c60a2651176f64a-sheet1-R14,2026-04-13,daegu-dalseong,화원읍,화원천내리마을관리사회적협동조합,부서 직원 격려를 위한 간식 제공,138000,0c60a2651176f64a6c5a677634d5a044b5ae9c6204f8c6e4865a1bf046d5703e,sheet1:R14,,,
0c60a2651176f64a-sheet1-R15,2026-04-15,daegu-dalseong,화원읍,작가의가든,산업팀 직원 격려를 위한 음료 제공,48000,0c60a2651176f64a6c5a677634d5a044b5ae9c6204f8c6e4865a1bf046d5703e,sheet1:R15,,,
0c60a2651176f64a-sheet1-R16,2026-04-24,daegu-dalseong,화원읍,오로다커피,건설팀 직원 격려를 위한 음료 제공,30100,0c60a2651176f64a6c5a677634d5a044b5ae9c6204f8c6e4865a1bf046d5703e,sheet1:R16,,,
0c60a2651176f64a-sheet1-R21,2026-04-29,daegu-dalseong,화원읍,홍물회,읍 현안사업 추진 관계자 간담회 개최에 따른 식사제공,64000,0c60a2651176f64a6c5a677634d5a044b5ae9c6204f8c6e4865a1bf046d5703e,sheet1:R21,,,
0c60a2651176f64a-sheet2-R12,2026-05-18,daegu-dalseong,화원읍,오로다커피,산업팀 직원 격려를 위한 음료제공,34900,0c60a2651176f64a6c5a677634d5a044b5ae9c6204f8c6e4865a1bf046d5703e,sheet2:R12,,,
0c60a2651176f64a-sheet2-R13,2026-05-21,daegu-dalseong,화원읍,돈까스클럽 대구달서점,고유가 민생지원금 접수 직원 격려를 위한 식사제공,160000,0c60a2651176f64a6c5a677634d5a044b5ae9c6204f8c6e4865a1bf046d5703e,sheet2:R13,,,
0c60a2651176f64a-sheet2-R14,2026-05-22,daegu-dalseong,화원읍,오로다커피,민원팀 직원 격려를 위한 음료제공,38900,0c60a2651176f64a6c5a677634d5a044b5ae9c6204f8c6e4865a1bf046d5703e,sheet2:R14,,,
0c60a2651176f64a-sheet2-R15,2026-05-26,daegu-dalseong,화원읍,닭한마리 행복한집,행정팀 직원 격려를 위한 식사제공,153000,0c60a2651176f64a6c5a677634d5a044b5ae9c6204f8c6e4865a1bf046d5703e,sheet2:R15,,,
0c60a2651176f64a-sheet2-R16,2026-05-27,daegu-dalseong,화원읍,철이네,복지팀 직원 격려를 위한 식사제공,151500,0c60a2651176f64a6c5a677634d5a044b5ae9c6204f8c6e4865a1bf046d5703e,sheet2:R16,,,
0c60a2651176f64a-sheet2-R21,2026-05-06,daegu-dalseong,화원읍,㈜한라축산정육식당제주흑돼지한우,이장협의회 운영 관계자 식사제공,286610,0c60a2651176f64a6c5a677634d5a044b5ae9c6204f8c6e4865a1bf046d5703e,sheet2:R21,,,
0c60a2651176f64a-sheet2-R22,2026-05-18,daegu-dalseong,화원읍,마비정 마을회,읍 현안사업 추진 관계자 간담회 개최에 따른 음료 제공,20000,0c60a2651176f64a6c5a677634d5a044b5ae9c6204f8c6e4865a1bf046d5703e,sheet2:R22,,,
0c60a2651176f64a-sheet3-R12,2026-06-04,daegu-dalseong,화원읍,도미노피자 대구화원점,부서 직원 격려를 위한 간식 제공,265600,0c60a2651176f64a6c5a677634d5a044b5ae9c6204f8c6e4865a1bf046d5703e,sheet3:R12,,,
0c60a2651176f64a-sheet3-R13,2026-06-22,daegu-dalseong,화원읍,오로다 커피 외 1,각 팀장 격려를 위한 식사 및 음료제공,140200,0c60a2651176f64a6c5a677634d5a044b5ae9c6204f8c6e4865a1bf046d5703e,sheet3:R13,,,
f4dd1e433354f1c4-sheet1-R7,2026-06-04,daegu-dalseong,정보통신과,동해칼치곤드레,기록관리 시스템 유지보수 업무 관계자 식사제공 및 지출,36000,f4dd1e433354f1c4347c16e0757f6a2add9bb0cd1efcc0217b2219a37b0bcdab,sheet1:R7,,,
f4dd1e433354f1c4-sheet1-R8,2026-06-09,daegu-dalseong,정보통신과,강림추어탕,공공데이터 업무추진 관계자 식사제공 및 지출,31000,f4dd1e433354f1c4347c16e0757f6a2add9bb0cd1efcc0217b2219a37b0bcdab,sheet1:R8,,,
f4dd1e433354f1c4-sheet1-R9,2026-06-11,daegu-dalseong,정보통신과,울엄마손메밀묵,정보보안 시스템 업무추진 관계자 식사 제공 및 지출,39000,f4dd1e433354f1c4347c16e0757f6a2add9bb0cd1efcc0217b2219a37b0bcdab,sheet1:R9,,,
f4dd1e433354f1c4-sheet1-R10,2026-06-12,daegu-dalseong,정보통신과,동성막창,사이버보안 시스템 업무추진 관계자 식사제공 및 지출,54000,f4dd1e433354f1c4347c16e0757f6a2add9bb0cd1efcc0217b2219a37b0bcdab,sheet1:R10,,,
f4dd1e433354f1c4-sheet1-R11,2026-06-19,daegu-dalseong,정보통신과,양화식당,정보통신네트워크 시스템 업무추진 관계자 식사 제공 및 지출,32000,f4dd1e433354f1c4347c16e0757f6a2add9bb0cd1efcc0217b2219a37b0bcdab,sheet1:R11,,,
f4dd1e433354f1c4-sheet1-R12,2026-06-26,daegu-dalseong,정보통신과,정순두부,행정정보망 유지보수 업무추진 관계자 식사제공 및 지출,72000,f4dd1e433354f1c4347c16e0757f6a2add9bb0cd1efcc0217b2219a37b0bcdab,sheet1:R12,,,
aa41faf9945b35d2-sheet1-R6,2026-04-10,daegu-dalseong,회계과,홍물회,지출회계업무 관계자 식사 제공 및 지출,55000,aa41faf9945b35d2567a6a8059a08bd2a8ba1460f00f6e8d73b5ae6b3573818a,sheet1:R6,,,
aa41faf9945b35d2-sheet1-R7,2026-04-17,daegu-dalseong,회계과,메르헨카페,지출회계업무 관계자 다과 제공 및 지출,50900.0,aa41faf9945b35d2567a6a8059a08bd2a8ba1460f00f6e8d73b5ae6b3573818a,sheet1:R7,,,
aa41faf9945b35d2-sheet1-R8,2026-04-17,daegu-dalseong,회계과,"이로정, 스타벅스",청사관리업무 관계자 식사 제공 및 지출,105800.0,aa41faf9945b35d2567a6a8059a08bd2a8ba1460f00f6e8d73b5ae6b3573818a,sheet1:R8,,,
aa41faf9945b35d2-sheet1-R9,2026-04-20,daegu-dalseong,회계과,딜라이트,결산추진 관계자 다과 제공 및 지출,80000,aa41faf9945b35d2567a6a8059a08bd2a8ba1460f00f6e8d73b5ae6b3573818a,sheet1:R9,,,
aa41faf9945b35d2-sheet1-R10,2026-04-21,daegu-dalseong,회계과,달성군청 구내식당,결산검사 관계자 식사 제공 및 지출,112500.0,aa41faf9945b35d2567a6a8059a08bd2a8ba1460f00f6e8d73b5ae6b3573818a,sheet1:R10,,,
aa41faf9945b35d2-sheet1-R11,2026-04-22,daegu-dalseong,회계과,커피팀버 테크노폴리스점,지출회계업무 관계자 다과 제공 및 지출,40700.0,aa41faf9945b35d2567a6a8059a08bd2a8ba1460f00f6e8d73b5ae6b3573818a,sheet1:R11,,,
aa41faf9945b35d2-sheet1-R12,2026-04-23,daegu-dalseong,회계과,이태리제면소,결산검사 관계자 식사 제공 및 지출,200000,aa41faf9945b35d2567a6a8059a08bd2a8ba1460f00f6e8d73b5ae6b3573818a,sheet1:R12,,,
aa41faf9945b35d2-sheet1-R13,2026-04-23,daegu-dalseong,회계과,딜라이트,결산추진 관계자 다과 제공 및 지출,80000,aa41faf9945b35d2567a6a8059a08bd2a8ba1460f00f6e8d73b5ae6b3573818a,sheet1:R13,,,
aa41faf9945b35d2-sheet1-R14,2026-04-30,daegu-dalseong,회계과,북면자연농원(달창점),결산검사 관계자 식사 제공 및 지출,210000,aa41faf9945b35d2567a6a8059a08bd2a8ba1460f00f6e8d73b5ae6b3573818a,sheet1:R14,,,
aa41faf9945b35d2-sheet1-R15,2026-05-04,daegu-dalseong,회계과,홍물회,결산검사 관계자 식사 제공 및 지출,87000,aa41faf9945b35d2567a6a8059a08bd2a8ba1460f00f6e8d73b5ae6b3573818a,sheet1:R15,,,
aa41faf9945b35d2-sheet1-R16,2026-05-04,daegu-dalseong,회계과,솔트,결산검사 관계자 다과 제공 및 지출,34500.0,aa41faf9945b35d2567a6a8059a08bd2a8ba1460f00f6e8d73b5ae6b3573818a,sheet1:R16,,,
aa41faf9945b35d2-sheet1-R17,2026-05-06,daegu-dalseong,회계과,강림추어탕,계약업무 관계자 식사 제공 및 지출,77000,aa41faf9945b35d2567a6a8059a08bd2a8ba1460f00f6e8d73b5ae6b3573818a,sheet1:R17,,,
aa41faf9945b35d2-sheet1-R18,2026-05-06,daegu-dalseong,회계과,딜라이트,결산검사 관계자 다과 제공 및 지출,60000,aa41faf9945b35d2567a6a8059a08bd2a8ba1460f00f6e8d73b5ae6b3573818a,sheet1:R18,,,
aa41faf9945b35d2-sheet1-R19,2026-05-08,daegu-dalseong,회계과,팔도궁중찜닭본점,지출회계업무 관계자 식사 제공 및 지출,76000,aa41faf9945b35d2567a6a8059a08bd2a8ba1460f00f6e8d73b5ae6b3573818a,sheet1:R19,,,
aa41faf9945b35d2-sheet1-R20,2026-05-18,daegu-dalseong,회계과,이태리제면소,청사관리업무 관계자 식사 및 다과 제공 및 지출,48800.0,aa41faf9945b35d2567a6a8059a08bd2a8ba1460f00f6e8d73b5ae6b3573818a,sheet1:R20,,,
aa41faf9945b35d2-sheet1-R21,2026-05-22,daegu-dalseong,회계과,일심명가 현풍점,계약업무 관계자 식사 제공 및 지출,72000,aa41faf9945b35d2567a6a8059a08bd2a8ba1460f00f6e8d73b5ae6b3573818a,sheet1:R21,,,
aa41faf9945b35d2-sheet1-R22,2026-06-05,daegu-dalseong,회계과,딜라이트,청사관리업무 관계자 다과 제공 및 지출,25500.0,aa41faf9945b35d2567a6a8059a08bd2a8ba1460f00f6e8d73b5ae6b3573818a,sheet1:R22,,,
aa41faf9945b35d2-sheet1-R23,2026-06-30,daegu-dalseong,회계과,"산얼면옥, 무브먼트 커피로스터스",지출회계업무 관계자 식사 및 다과 제공 및 지출,211500.0,aa41faf9945b35d2567a6a8059a08bd2a8ba1460f00f6e8d73b5ae6b3573818a,sheet1:R23,,,
b72751dbb1bdd9fd-sheet1-R6,2026-06-02,daegu-dalseong,가족정책과,커피문화인,여성가족 업무관계자 간식제공 및 지출,16300,b72751dbb1bdd9fd354dece1687cf479828d725000d797f52783d0511853eaea,sheet1:R6,,,
b72751dbb1bdd9fd-sheet1-R7,2026-06-09,daegu-dalseong,가족정책과,"오늘한쌈, 카페강림리","여성가족 업무관계자 식사, 간식제공 및 지출",47400,b72751dbb1bdd9fd354dece1687cf479828d725000d797f52783d0511853eaea,sheet1:R7,,,
b72751dbb1bdd9fd-sheet1-R8,2026-06-11,daegu-dalseong,가족정책과,"늘웃소,카페강림리","아동정책 업무관계자 식사, 간식제공 및 지출",82700,b72751dbb1bdd9fd354dece1687cf479828d725000d797f52783d0511853eaea,sheet1:R8,,,
b72751dbb1bdd9fd-sheet1-R9,2026-06-19,daegu-dalseong,가족정책과,든든 돼지국밥,드림스타트 업무관계자 식사제공 및 지출,36000,b72751dbb1bdd9fd354dece1687cf479828d725000d797f52783d0511853eaea,sheet1:R9,,,
b72751dbb1bdd9fd-sheet1-R10,2026-06-19,daegu-dalseong,가족정책과,홍물회,전직원 사기양양을 위한 회식 실시 및 지출,1103000,b72751dbb1bdd9fd354dece1687cf479828d725000d797f52783d0511853eaea,sheet1:R10,,,
b72751dbb1bdd9fd-sheet1-R11,2026-06-23,daegu-dalseong,가족정책과,늘웃소,아동보호 업무관계자 식사제공 및 지출,83000,b72751dbb1bdd9fd354dece1687cf479828d725000d797f52783d0511853eaea,sheet1:R11,,,
b72751dbb1bdd9fd-sheet1-R12,2026-06-24,daegu-dalseong,가족정책과,"도미노피자,푸라닭",직원 사기 양양을 위한 간식제공 및 지출,214920,b72751dbb1bdd9fd354dece1687cf479828d725000d797f52783d0511853eaea,sheet1:R12,,,
a678a87d9357d3ec-sheet1-R6,2026-04-10,daegu-dalseong,교통지도과,우성,교통시설업무 관계자 식사 제공 및 지출,75000,a678a87d9357d3ecc1cf19c1c5dc066a95445310b49a330cf365def80e9cec9c,sheet1:R6,,,
a678a87d9357d3ec-sheet1-R7,2026-04-15,daegu-dalseong,교통지도과,투썸플레이스 대구달성군청점,화물자동차 공영차고지 조성사업 관련 업무관계자 다과 제공 및 지출,63600,a678a87d9357d3ecc1cf19c1c5dc066a95445310b49a330cf365def80e9cec9c,sheet1:R7,,,
a678a87d9357d3ec-sheet1-R8,2026-04-16,daegu-dalseong,교통지도과,전원숯불 테크노폴리스점,불법주정차 단속업무 관계자 식사 제공 및 지출,140000,a678a87d9357d3ecc1cf19c1c5dc066a95445310b49a330cf365def80e9cec9c,sheet1:R8,,,
a678a87d9357d3ec-sheet1-R9,2026-04-21,daegu-dalseong,교통지도과,고양이네생선가게,교통지도업무 관계자 식사 제공 및 지출,30000,a678a87d9357d3ecc1cf19c1c5dc066a95445310b49a330cf365def80e9cec9c,sheet1:R9,,,
a678a87d9357d3ec-sheet1-R10,2026-04-24,daegu-dalseong,교통지도과,전원숯불 테크노폴리스점,비슬산 참꽃 개화 관련 교통근무 관계자 식사 제공 및 지출,60000,a678a87d9357d3ecc1cf19c1c5dc066a95445310b49a330cf365def80e9cec9c,sheet1:R10,,,
a678a87d9357d3ec-sheet1-R11,2026-04-27,daegu-dalseong,교통지도과,장군소머리곰탕,비슬산 참꽃 개화 관련 교통근무 관계자 식사 제공 및 지출,235000,a678a87d9357d3ecc1cf19c1c5dc066a95445310b49a330cf365def80e9cec9c,sheet1:R11,,,
a678a87d9357d3ec-sheet2-R6,2026-05-29,daegu-dalseong,교통지도과,무브먼트 커피로스터스,교통지도업무 관계자 다과 제공 및 지출,44500,a678a87d9357d3ecc1cf19c1c5dc066a95445310b49a330cf365def80e9cec9c,sheet2:R6,,,
a678a87d9357d3ec-sheet3-R6,2026-06-01,daegu-dalseong,교통지도과,나폴리언덕,교통지도업무 관계자 식사 제공 및 지출,93000,a678a87d9357d3ecc1cf19c1c5dc066a95445310b49a330cf365def80e9cec9c,sheet3:R6,,,
a678a87d9357d3ec-sheet3-R7,2026-06-22,daegu-dalseong,교통지도과,딜라이트,교통지도업무 관계자 다과 제공 및 지출,100000,a678a87d9357d3ecc1cf19c1c5dc066a95445310b49a330cf365def80e9cec9c,sheet3:R7,,,
a678a87d9357d3ec-sheet3-R8,2026-06-24,daegu-dalseong,교통지도과,짬뽕전문 대흥이,교통지도업무 관계자 식사 제공 및 지출,44000,a678a87d9357d3ecc1cf19c1c5dc066a95445310b49a330cf365def80e9cec9c,sheet3:R8,,,
a678a87d9357d3ec-sheet3-R9,2026-06-26,daegu-dalseong,교통지도과,투썸플레이스 대구태전점,"화물자동차 공영차고지 조성사업 관련 업무관계자 식사,다과 제공 및 지출",21200,a678a87d9357d3ecc1cf19c1c5dc066a95445310b49a330cf365def80e9cec9c,sheet3:R9,,,
a678a87d9357d3ec-sheet3-R10,2026-06-26,daegu-dalseong,교통지도과,달빛에구은고등어 대구칠곡점,"화물자동차 공영차고지 조성사업 관련 업무관계자 식사,다과 제공 및 지출",30000,a678a87d9357d3ecc1cf19c1c5dc066a95445310b49a330cf365def80e9cec9c,sheet3:R10,,,
a678a87d9357d3ec-sheet3-R11,2026-06-29,daegu-dalseong,교통지도과,웰빙백세시대,"교통지도업무 관계자 식사,다과 제공 및 지출",65000,a678a87d9357d3ecc1cf19c1c5dc066a95445310b49a330cf365def80e9cec9c,sheet3:R11,,,
a678a87d9357d3ec-sheet3-R12,2026-06-29,daegu-dalseong,교통지도과,161스튜디오,"교통지도업무 관계자 식사,다과 제공 및 지출",28500,a678a87d9357d3ecc1cf19c1c5dc066a95445310b49a330cf365def80e9cec9c,sheet3:R12,,,
5120957ac2ab8407-sheet1-R6,2026-04-03,daegu-dalseong,환경과,"송정한식뷔페,엔엘리오","수질관리 업무추진 관계자들과 업무협의 식사,차 제공 및 지출",114500,5120957ac2ab84079482cace3d193b53256adba96e25f75676a8cf8ca04d78e2,sheet1:R6,,,
5120957ac2ab8407-sheet1-R7,2026-04-09,daegu-dalseong,환경과,"브레드바바,곤지곤지","상수원보호구역 주민지원사업 업무 관계자 식사,차 제공 및 지출",88600,5120957ac2ab84079482cace3d193b53256adba96e25f75676a8cf8ca04d78e2,sheet1:R7,,,
5120957ac2ab8407-sheet1-R8,2026-04-20,daegu-dalseong,환경과,"호키네유부,베이스커피","대기배출 관련 업무협의에 따른 관계자 식사,차 제공 및 지출",62000,5120957ac2ab84079482cace3d193b53256adba96e25f75676a8cf8ca04d78e2,sheet1:R8,,,
5120957ac2ab8407-sheet2-R6,2026-05-04,daegu-dalseong,환경과,"능이마을, 핸즈커피","환경민원 협의에 따른 관계자 식사,차 제공 및 지출",129700,5120957ac2ab84079482cace3d193b53256adba96e25f75676a8cf8ca04d78e2,sheet2:R6,,,
5120957ac2ab8407-sheet2-R7,2026-05-14,daegu-dalseong,환경과,커피명가 루체215,생물다양성의 날 행사 참여자 다과와 음료제공,74000,5120957ac2ab84079482cace3d193b53256adba96e25f75676a8cf8ca04d78e2,sheet2:R7,,,
5120957ac2ab8407-sheet3-R6,2026-06-11,daegu-dalseong,환경과,엄박사한우가마솥국밥,하절기 환경오염 특별단속 합동점검 관계자 식사제공 및 지출,118000,5120957ac2ab84079482cace3d193b53256adba96e25f75676a8cf8ca04d78e2,sheet3:R6,,,
5120957ac2ab8407-sheet3-R7,2026-06-12,daegu-dalseong,환경과,"엄박사한우가마솥국밥, 카페 플록","하절기 환경오염 특별단속 합동점검 관계자 식사, 차 제공 및 지출",130100,5120957ac2ab84079482cace3d193b53256adba96e25f75676a8cf8ca04d78e2,sheet3:R7,,,
5120957ac2ab8407-sheet3-R8,2026-06-15,daegu-dalseong,환경과,오복누룽지삼계탕,생태보호 업무추진 관계자 식사 제공 및 지출,90000,5120957ac2ab84079482cace3d193b53256adba96e25f75676a8cf8ca04d78e2,sheet3:R8,,,
5120957ac2ab8407-sheet3-R9,2026-06-19,daegu-dalseong,환경과,웜브리즈,공중화장실 설치 관련 관계자 다과 제공 및 지출,39000,5120957ac2ab84079482cace3d193b53256adba96e25f75676a8cf8ca04d78e2,sheet3:R9,,,
5120957ac2ab8407-sheet3-R10,2026-06-30,daegu-dalseong,환경과,"일송정, 마지카운티","환경민원 협의에 따른 관계자 식사, 차 제공 및 지출",125300,5120957ac2ab84079482cace3d193b53256adba96e25f75676a8cf8ca04d78e2,sheet3:R10,,,
47ab6083d6f9b28a-sheet1-R6,2026-06-26,daegu-dalseong,토지정보과,치맥킹,"지적업무 추진 관계자 식사, 음료 제공 및 지출",270000,47ab6083d6f9b28a93f3cabdaa6839a868270557247cb1a469814e6b527fb5eb,sheet1:R6,,,
c0dba4eb50a8144d-sheet1-R7,2026-04-07,daegu-dalseong,교통행정과,송가네 잔칫날 국수전문점,교통사회단체 관계자와의 간담회 개최에 따른 식사제공 및 지출,30000,c0dba4eb50a8144dbaa40ea17f4b3422ddf3b327a157f049f18d8fc98c69b441,sheet1:R7,,,
c0dba4eb50a8144d-sheet1-R8,2026-04-09,daegu-dalseong,교통행정과,짬뽕전문 대홍이,교통사회단체 관계자와의 간담회 개최에 따른 식사제공 및 지출,104500,c0dba4eb50a8144dbaa40ea17f4b3422ddf3b327a157f049f18d8fc98c69b441,sheet1:R8,,,
c0dba4eb50a8144d-sheet1-R9,2026-04-10,daegu-dalseong,교통행정과,옛날손순대국밥,교통사회단체 관계자와의 간담회 개최에 따른 식사제공 및 지출,65000,c0dba4eb50a8144dbaa40ea17f4b3422ddf3b327a157f049f18d8fc98c69b441,sheet1:R9,,,
c0dba4eb50a8144d-sheet1-R10,2026-04-16,daegu-dalseong,교통행정과,강림추어탕,교통사회단체 관계자와의 간담회 개최에 따른 식사제공 및 지출,40500,c0dba4eb50a8144dbaa40ea17f4b3422ddf3b327a157f049f18d8fc98c69b441,sheet1:R10,,,
c0dba4eb50a8144d-sheet1-R11,2026-04-24,daegu-dalseong,교통행정과,산얼면옥,교통사회단체 관계자와의 간담회 개최에 따른 식사제공 및 지출,133000,c0dba4eb50a8144dbaa40ea17f4b3422ddf3b327a157f049f18d8fc98c69b441,sheet1:R11,,,
c0dba4eb50a8144d-sheet1-R12,2026-05-06,daegu-dalseong,교통행정과,마루야(송해공원),교통사회단체 관계자와의 간담회 개최에 따른 식사제공 및 지출,48000,c0dba4eb50a8144dbaa40ea17f4b3422ddf3b327a157f049f18d8fc98c69b441,sheet1:R12,,,
c0dba4eb50a8144d-sheet1-R13,2026-05-07,daegu-dalseong,교통행정과,옥연지 한우 정육식당,교통사회단체 관계자와의 간담회 개최에 따른 식사제공 및 지출,62000,c0dba4eb50a8144dbaa40ea17f4b3422ddf3b327a157f049f18d8fc98c69b441,sheet1:R13,,,
c0dba4eb50a8144d-sheet1-R14,2026-05-11,daegu-dalseong,교통행정과,곤지곤지(현풍점),교통사회단체 관계자와의 간담회 개최에 따른 식사제공 및 지출,85000,c0dba4eb50a8144dbaa40ea17f4b3422ddf3b327a157f049f18d8fc98c69b441,sheet1:R14,,,
c0dba4eb50a8144d-sheet1-R15,2026-05-22,daegu-dalseong,교통행정과,산얼면옥,교통사회단체 관계자와의 간담회 개최에 따른 식사제공 및 지출,73000,c0dba4eb50a8144dbaa40ea17f4b3422ddf3b327a157f049f18d8fc98c69b441,sheet1:R15,,,
c0dba4eb50a8144d-sheet1-R16,2026-05-26,daegu-dalseong,교통행정과,송가네 잔칫날 국수전문점,교통사회단체 관계자와의 간담회 개최에 따른 식사제공 및 지출,30000,c0dba4eb50a8144dbaa40ea17f4b3422ddf3b327a157f049f18d8fc98c69b441,sheet1:R16,,,
c0dba4eb50a8144d-sheet1-R17,2026-06-02,daegu-dalseong,교통행정과,옥연지 한우 정육식당,교통사회단체 관계자와의 간담회 개최에 따른 식사제공 및 지출,45000,c0dba4eb50a8144dbaa40ea17f4b3422ddf3b327a157f049f18d8fc98c69b441,sheet1:R17,,,
c0dba4eb50a8144d-sheet1-R18,2026-06-05,daegu-dalseong,교통행정과,논공옛날국수,교통사회단체 관계자와의 간담회 개최에 따른 식사제공 및 지출,14000,c0dba4eb50a8144dbaa40ea17f4b3422ddf3b327a157f049f18d8fc98c69b441,sheet1:R18,,,
c0dba4eb50a8144d-sheet1-R19,2026-06-09,daegu-dalseong,교통행정과,옥연지 한우 정육식당,교통사회단체 관계자와의 간담회 개최에 따른 식사제공 및 지출,39000,c0dba4eb50a8144dbaa40ea17f4b3422ddf3b327a157f049f18d8fc98c69b441,sheet1:R19,,,
c0dba4eb50a8144d-sheet1-R20,2026-06-12,daegu-dalseong,교통행정과,맘스터치(옥포점),교통사회단체 관계자와의 간담회 개최에 따른 식사제공 및 지출,153700,c0dba4eb50a8144dbaa40ea17f4b3422ddf3b327a157f049f18d8fc98c69b441,sheet1:R20,,,
c0dba4eb50a8144d-sheet1-R21,2026-06-15,daegu-dalseong,교통행정과,신종로쭈꾸미,교통사회단체 관계자와의 간담회 개최에 따른 식사제공 및 지출,39000,c0dba4eb50a8144dbaa40ea17f4b3422ddf3b327a157f049f18d8fc98c69b441,sheet1:R21,,,
c0dba4eb50a8144d-sheet1-R22,2026-06-22,daegu-dalseong,교통행정과,옛날국수집,교통사회단체 관계자와의 간담회 개최에 따른 식사제공 및 지출,33900,c0dba4eb50a8144dbaa40ea17f4b3422ddf3b327a157f049f18d8fc98c69b441,sheet1:R22,,,
c0dba4eb50a8144d-sheet1-R23,2026-06-26,daegu-dalseong,교통행정과,비비가,교통사회단체 관계자와의 간담회 개최에 따른 식사제공 및 지출,88500,c0dba4eb50a8144dbaa40ea17f4b3422ddf3b327a157f049f18d8fc98c69b441,sheet1:R23,,,
f0e22bc81ba5e2e3-sheet1-R5,2026-06-05,daegu-dalseong,경제산업과,동해칼치곤드레,에너지관리 업무 추진 관계자 식사 제공 및 지출,18000,f0e22bc81ba5e2e3be544ee413f216f61371c1a2c0bb281bf1821ad4206cb267,sheet1:R5,,,
f0e22bc81ba5e2e3-sheet1-R6,2026-06-09,daegu-dalseong,경제산업과,비비가,중소기업 지원업무 관계자 식사 제공 및 지출,56000,f0e22bc81ba5e2e3be544ee413f216f61371c1a2c0bb281bf1821ad4206cb267,sheet1:R6,,,
f0e22bc81ba5e2e3-sheet1-R7,2026-06-11,daegu-dalseong,경제산업과,곤지곤지,취업박람회 추진에 따른 관계자 식사 제공 및 지출,86000,f0e22bc81ba5e2e3be544ee413f216f61371c1a2c0bb281bf1821ad4206cb267,sheet1:R7,,,
f0e22bc81ba5e2e3-sheet1-R8,2026-06-12,daegu-dalseong,경제산업과,올렌스,에너지관리 업무 추진 관계자 다과 제공 및 지출,18000,f0e22bc81ba5e2e3be544ee413f216f61371c1a2c0bb281bf1821ad4206cb267,sheet1:R8,,,
f0e22bc81ba5e2e3-sheet1-R9,2026-06-18,daegu-dalseong,경제산업과,누리,원스톱기업 업무 추진 관계자 다과 제공 및 지출,25000,f0e22bc81ba5e2e3be544ee413f216f61371c1a2c0bb281bf1821ad4206cb267,sheet1:R9,,,
f0e22bc81ba5e2e3-sheet1-R10,2026-06-19,daegu-dalseong,경제산업과,부산식당,지역경제 활성화 추진 관계자 식사 제공 및 지출,15000,f0e22bc81ba5e2e3be544ee413f216f61371c1a2c0bb281bf1821ad4206cb267,sheet1:R10,,,
f0e22bc81ba5e2e3-sheet1-R11,2026-06-22,daegu-dalseong,경제산업과,길안어탕 고디탕,전통시장 활성화 추진 관계자 식사 제공 및 지출,27000,f0e22bc81ba5e2e3be544ee413f216f61371c1a2c0bb281bf1821ad4206cb267,sheet1:R11,,,
f0e22bc81ba5e2e3-sheet1-R12,2026-06-26,daegu-dalseong,경제산업과,양화식당/무브먼트 커피로스터스,중소기업 지원업무 관계자 식사 및 다과 제공 및 지출,58000,f0e22bc81ba5e2e3be544ee413f216f61371c1a2c0bb281bf1821ad4206cb267,sheet1:R12,,,
f0e22bc81ba5e2e3-sheet1-R13,2026-06-29,daegu-dalseong,경제산업과,옆구리,전통시장 활성화 추진 관계자 식사 제공 및 지출,194730,f0e22bc81ba5e2e3be544ee413f216f61371c1a2c0bb281bf1821ad4206cb267,sheet1:R13,,,
f0e22bc81ba5e2e3-sheet1-R14,2026-06-30,daegu-dalseong,경제산업과,누리,중소기업 지원업무 관계자 다과 제공 및 지출,42000,f0e22bc81ba5e2e3be544ee413f216f61371c1a2c0bb281bf1821ad4206cb267,sheet1:R14,,,
323375deb0746480-sheet1-R6,2026-06-15,daegu-dalseong,경제산업과,개인(성명 비공개),소속 직원 축의금 지출,50000,323375deb0746480b5e0e9162797f34b32a3e61e7fcf0ec28ff4b61945b80f62,sheet1:R6,,,
323375deb0746480-sheet1-R7,2026-06-26,daegu-dalseong,경제산업과,가장맛있는족발,농업정책 업무추진 직원 격려 식사 제공 및 지출,147500,323375deb0746480b5e0e9162797f34b32a3e61e7fcf0ec28ff4b61945b80f62,sheet1:R7,,,
323375deb0746480-sheet1-R8,2026-06-30,daegu-dalseong,경제산업과,풍국면 달성군청점,지역경제 활성화 추진 관계자 식사 제공 및 지출,101500,323375deb0746480b5e0e9162797f34b32a3e61e7fcf0ec28ff4b61945b80f62,sheet1:R8,,,
323375deb0746480-sheet1-R13,2026-06-01,daegu-dalseong,경제산업과,장군소머리곰탕,중소기업 지원업무 관계자 식사 제공 및 지출,88000,323375deb0746480b5e0e9162797f34b32a3e61e7fcf0ec28ff4b61945b80f62,sheet1:R13,,,
323375deb0746480-sheet1-R14,2026-06-09,daegu-dalseong,경제산업과,동해칼치곤드레,환경관리 업무추진 관계자 식사 제공 및 지출,65000,323375deb0746480b5e0e9162797f34b32a3e61e7fcf0ec28ff4b61945b80f62,sheet1:R14,,,
323375deb0746480-sheet1-R15,2026-06-10,daegu-dalseong,경제산업과,권금숙의오대양산장어구이,농정업무 추진 관계자 식사 제공 및 지출,203000,323375deb0746480b5e0e9162797f34b32a3e61e7fcf0ec28ff4b61945b80f62,sheet1:R15,,,
323375deb0746480-sheet1-R16,2026-06-11,daegu-dalseong,경제산업과,솔라이트 커피,교통지도 및 관리 관계자 다과 제공 및 지출,15500,323375deb0746480b5e0e9162797f34b32a3e61e7fcf0ec28ff4b61945b80f62,sheet1:R16,,,
323375deb0746480-sheet1-R17,2026-06-12,daegu-dalseong,경제산업과,산얼면옥,농정업무 추진 관계자 식사 제공 및 지출,117000,323375deb0746480b5e0e9162797f34b32a3e61e7fcf0ec28ff4b61945b80f62,sheet1:R17,,,
323375deb0746480-sheet1-R18,2026-06-15,daegu-dalseong,경제산업과,부산식당,교통행정 업무 추진 관계자 식사 제공 및 지출,152000,323375deb0746480b5e0e9162797f34b32a3e61e7fcf0ec28ff4b61945b80f62,sheet1:R18,,,
323375deb0746480-sheet1-R19,2026-06-16,daegu-dalseong,경제산업과,부산진국밥,지역경제 활성화 업무추진 관계자 식사 제공 및 지출,35500,323375deb0746480b5e0e9162797f34b32a3e61e7fcf0ec28ff4b61945b80f62,sheet1:R19,,,
323375deb0746480-sheet1-R20,2026-06-17,daegu-dalseong,경제산업과,강림추어탕,농정업무 추진 관계자 식사 제공 및 지출,75000,323375deb0746480b5e0e9162797f34b32a3e61e7fcf0ec28ff4b61945b80f62,sheet1:R20,,,
323375deb0746480-sheet1-R21,2026-06-18,daegu-dalseong,경제산업과,풍국면 달성군청점,전통시장 활성화 업무추진 관계자 식사 제공 및 지출,63500,323375deb0746480b5e0e9162797f34b32a3e61e7fcf0ec28ff4b61945b80f62,sheet1:R21,,,
323375deb0746480-sheet1-R22,2026-06-25,daegu-dalseong,경제산업과,강림추어탕,소상공인 지원업무 추진에 따른 관계자 식사 제공 및 지출,45000,323375deb0746480b5e0e9162797f34b32a3e61e7fcf0ec28ff4b61945b80f62,sheet1:R22,,,
323375deb0746480-sheet1-R23,2026-06-26,daegu-dalseong,경제산업과,강나들이,교통행정 업무 추진 관계자 식사 제공 및 지출,39000,323375deb0746480b5e0e9162797f34b32a3e61e7fcf0ec28ff4b61945b80f62,sheet1:R23,,,
323375deb0746480-sheet1-R24,2026-06-29,daegu-dalseong,경제산업과,산얼면옥,교통지도 업무 추진 관계자 식사 제공 및 지출,69000,323375deb0746480b5e0e9162797f34b32a3e61e7fcf0ec28ff4b61945b80f62,sheet1:R24,,,
74e08828788a057b-sheet1-R6,2026-06-04,daegu-dalseong,건설과,든든 돼지국밥,도시계획도로사업 관계자 식사 제공 및 지출,65000,74e08828788a057b891b0597b02e5e3dc68a61de7fa7b9fc851e14c55dca1131,sheet1:R6,,,
74e08828788a057b-sheet1-R7,2026-06-08,daegu-dalseong,건설과,누리마을감자탕,국공유지 업무 관계자 식사 제공 및 지출,88500,74e08828788a057b891b0597b02e5e3dc68a61de7fa7b9fc851e14c55dca1131,sheet1:R7,,,
74e08828788a057b-sheet1-R8,2026-06-11,daegu-dalseong,건설과,늘웃소,인도정비공사 사업관계자 식사 제공 및 지출,91000,74e08828788a057b891b0597b02e5e3dc68a61de7fa7b9fc851e14c55dca1131,sheet1:R8,,,
74e08828788a057b-sheet1-R9,2026-06-23,daegu-dalseong,건설과,정환네식당,도시계획도로사업 관계자 식사 제공 및 지출,96000,74e08828788a057b891b0597b02e5e3dc68a61de7fa7b9fc851e14c55dca1131,sheet1:R9,,,
74e08828788a057b-sheet1-R10,2026-06-26,daegu-dalseong,건설과,산얼면옥,도로보상업무 관계자 식사 제공 및 지출,153000,74e08828788a057b891b0597b02e5e3dc68a61de7fa7b9fc851e14c55dca1131,sheet1:R10,,,
74e08828788a057b-sheet1-R11,2026-06-29,daegu-dalseong,건설과,정짓간초량,국지도67호선 노선안 관계자 식사 제공 및 지출,68000,74e08828788a057b891b0597b02e5e3dc68a61de7fa7b9fc851e14c55dca1131,sheet1:R11,,,
ec42e121716953c7-sheet1-R6,2026-06-09,daegu-dalseong,건설과,바다생선구이전문점,토지관리 업무 관계자 식사제공 및 지출,96000,ec42e121716953c74fc433b230c7db35088e9ea8875d4e877fc5ed8da4e20356,sheet1:R6,,,
ec42e121716953c7-sheet1-R7,2026-06-16,daegu-dalseong,건설과,연화정 삼계탕,도시디자인 업무 관계자 제공 및 지출,102000,ec42e121716953c74fc433b230c7db35088e9ea8875d4e877fc5ed8da4e20356,sheet1:R7,,,
ec42e121716953c7-sheet1-R8,2026-06-22,daegu-dalseong,건설과,이태리제면소,주택건설사업 업무 관련 식사 제공 및 지출,115100,ec42e121716953c74fc433b230c7db35088e9ea8875d4e877fc5ed8da4e20356,sheet1:R8,,,
ec42e121716953c7-sheet1-R9,2026-06-26,daegu-dalseong,건설과,옥포뜰,도시개발사업 업무관계자 식사 제공 및 지출,120000,ec42e121716953c74fc433b230c7db35088e9ea8875d4e877fc5ed8da4e20356,sheet1:R9,,,
ec42e121716953c7-sheet1-R10,2026-06-29,daegu-dalseong,건설과,도가정,건설도시국 현안사업 추진 관련 관계자 간담회 식사 제공 및 지출,256000,ec42e121716953c74fc433b230c7db35088e9ea8875d4e877fc5ed8da4e20356,sheet1:R10,,,
66a9cb5f4644b29a-sheet1-R7,2026-06-11,daegu-dalseong,법무감사실,매스커피,6월 무료이동법률상담 관계자 격려를 위한 다과 제공 및 지출,30000,66a9cb5f4644b29ad6e5cf50c6a9c8ea8c0406d2e09306470682c892a66c691d,sheet1:R7,,,
66a9cb5f4644b29a-sheet1-R8,2026-06-12,daegu-dalseong,법무감사실,본죽,규제애로 해소 업무 관련 관계자와의 간담회 식사 제공 및 지출,73600,66a9cb5f4644b29ad6e5cf50c6a9c8ea8c0406d2e09306470682c892a66c691d,sheet1:R8,,,
66a9cb5f4644b29a-sheet1-R9,2026-06-19,daegu-dalseong,법무감사실,멕시카나치킨 옥포점,농업기술센터 종합감사 관계자 격려를 위한 간식 제공 및 지출,170500,66a9cb5f4644b29ad6e5cf50c6a9c8ea8c0406d2e09306470682c892a66c691d,sheet1:R9,,,
66a9cb5f4644b29a-sheet1-R10,2026-06-23,daegu-dalseong,법무감사실,딜라이트,6월 무료이동법률상담 관계자 격려를 위한 다과 제공 및 지출,16300,66a9cb5f4644b29ad6e5cf50c6a9c8ea8c0406d2e09306470682c892a66c691d,sheet1:R10,,,
66a9cb5f4644b29a-sheet1-R11,2026-06-26,daegu-dalseong,법무감사실,"낙동가마솥추어탕, 무브먼트",소송업무 수행에 따른 관계자와의 간담회 식사 제공 및 지출,69500,66a9cb5f4644b29ad6e5cf50c6a9c8ea8c0406d2e09306470682c892a66c691d,sheet1:R11,,,
fad99a8f90c6fc7b-sheet1-R7,2026-06-05,daegu-dalseong,징수과,오늘한쌈 송해공원점,지방세 환급금 최소화 등 납세자 불편 해소 업무추진에 따른 관계자 급식 제공,52000,fad99a8f90c6fc7b19f3609629dcd3756621db5cefff9f2024a66c5c738eb5da,sheet1:R7,,,
fad99a8f90c6fc7b-sheet1-R8,2026-06-25,daegu-dalseong,징수과,퇴근길,체납세 징수율 제고 방안 마련을 위한 관계자 식사 제공 및 지출,200000,fad99a8f90c6fc7b19f3609629dcd3756621db5cefff9f2024a66c5c738eb5da,sheet1:R8,,,
f3a3dd80539967a9-sheet1-R6,2026-06-01,daegu-dalseong,생활보장과,솔비식당,생활보장 업무 관계자 식사제공 및 지출,123000,f3a3dd80539967a900a62f9128adac5ff1bb8555ad81483e6708c224a6b46ec9,sheet1:R6,,,
f3a3dd80539967a9-sheet1-R12,2026-06-02,daegu-dalseong,생활보장과,딜라이트,생활보장과 직원 격려 음료제공 및 지출,111100,f3a3dd80539967a900a62f9128adac5ff1bb8555ad81483e6708c224a6b46ec9,sheet1:R12,,,
f3a3dd80539967a9-sheet1-R13,2026-06-09,daegu-dalseong,생활보장과,옥포뜰,생활보장과 직원 격려 급식 제공 및 지출,85000,f3a3dd80539967a900a62f9128adac5ff1bb8555ad81483e6708c224a6b46ec9,sheet1:R13,,,
f3a3dd80539967a9-sheet1-R14,2026-06-10,daegu-dalseong,생활보장과,최과장,생활보장과 직원 격려 급식 제공 및 지출,150000,f3a3dd80539967a900a62f9128adac5ff1bb8555ad81483e6708c224a6b46ec9,sheet1:R14,,,
f3a3dd80539967a9-sheet1-R15,2026-06-29,daegu-dalseong,생활보장과,도미노피자 대구화원점,생활보장과 직원 격려 간식제공 및 지출,136580,f3a3dd80539967a900a62f9128adac5ff1bb8555ad81483e6708c224a6b46ec9,sheet1:R15,,,
f3a3dd80539967a9-sheet1-R16,2026-06-29,daegu-dalseong,생활보장과,BHC 대구옥포점,생활보장과 직원 격려 간식제공 및 지출,112500,f3a3dd80539967a900a62f9128adac5ff1bb8555ad81483e6708c224a6b46ec9,sheet1:R16,,,
60138953828e59eb-sheet1-R6,2026-04-28,daegu-dalseong,농촌지도과,수성요양병원장례식장,소속직원 조모상에 따른 부의금 지급,50000,60138953828e59ebcf4a333b29fce5d218b76c9122c02bab0a4249c697892223,sheet1:R6,,,
60138953828e59eb-sheet1-R16,2026-04-22,daegu-dalseong,농촌지도과,오늘한쌈 송해공원점,청년농업인 영농정착지원사업 서면평가 관계자 식사 제공,104000,60138953828e59ebcf4a333b29fce5d218b76c9122c02bab0a4249c697892223,sheet1:R16,,,
60138953828e59eb-sheet2-R6,2026-05-28,daegu-dalseong,농촌지도과,일송정,직원 격려를 위한 식사 제공,144000,60138953828e59ebcf4a333b29fce5d218b76c9122c02bab0a4249c697892223,sheet2:R6,,,
60138953828e59eb-sheet2-R7,2026-05-28,daegu-dalseong,농촌지도과,네이버파이낸셜㈜,내방객 접대용 차 구입,215700,60138953828e59ebcf4a333b29fce5d218b76c9122c02bab0a4249c697892223,sheet2:R7,,,
60138953828e59eb-sheet2-R16,2026-05-04,daegu-dalseong,농촌지도과,부산식당,농촌지도업무 수행에 따른 관계자 식사 제공,162000,60138953828e59ebcf4a333b29fce5d218b76c9122c02bab0a4249c697892223,sheet2:R16,,,
60138953828e59eb-sheet2-R17,2026-05-14,daegu-dalseong,농촌지도과,달성군농산물가공영농조합법인,농촌지도업무 협의에 따른 관계자 기념품 제공,66000,60138953828e59ebcf4a333b29fce5d218b76c9122c02bab0a4249c697892223,sheet2:R17,,,
60138953828e59eb-sheet2-R18,2026-05-22,daegu-dalseong,농촌지도과,달성군농산물가공영농조합법인,지역특산품 홍보를 위한 방문 관계자 기념품 제공,361000,60138953828e59ebcf4a333b29fce5d218b76c9122c02bab0a4249c697892223,sheet2:R18,,,
60138953828e59eb-sheet2-R19,2026-05-29,daegu-dalseong,농촌지도과,벚꽃나들버섯집,농촌지도업무 수행에 따른 관계자 식사 제공,80000,60138953828e59ebcf4a333b29fce5d218b76c9122c02bab0a4249c697892223,sheet2:R19,,,
60138953828e59eb-sheet3-R6,2026-06-10,daegu-dalseong,농촌지도과,주식회사 디아이디,내방객 접대용 다과 구입,54680,60138953828e59ebcf4a333b29fce5d218b76c9122c02bab0a4249c697892223,sheet3:R6,,,
60138953828e59eb-sheet3-R7,2026-06-24,daegu-dalseong,농촌지도과,미미정통중화요리,직원 격려를 위한 식사 제공,61000,60138953828e59ebcf4a333b29fce5d218b76c9122c02bab0a4249c697892223,sheet3:R7,,,
60138953828e59eb-sheet3-R8,2026-06-24,daegu-dalseong,농촌지도과,진주식당,직원 격려를 위한 식사 제공,105000,60138953828e59ebcf4a333b29fce5d218b76c9122c02bab0a4249c697892223,sheet3:R8,,,
60138953828e59eb-sheet3-R16,2026-06-04,daegu-dalseong,농촌지도과,(맥)참숯불식육식당,농촌지도업무 수행에 따른 관계자 식사 제공,136000,60138953828e59ebcf4a333b29fce5d218b76c9122c02bab0a4249c697892223,sheet3:R16,,,
60138953828e59eb-sheet3-R17,2026-06-10,daegu-dalseong,농촌지도과,참달성농특산물영농조합법인,농촌일손돕기 참여 유관단체 격려를 위한 간식 제공,90000,60138953828e59ebcf4a333b29fce5d218b76c9122c02bab0a4249c697892223,sheet3:R17,,,
273c9ccb21ad9772-sheet1-R7,2026-06-01,daegu-dalseong,홍보협력과,왕손짜장,달성군 옥외광고 관리를 위한 업무관계자 간담회 식사 제공 및 지출,111000,273c9ccb21ad97721f1f2a477a9a32e07da31053af1136d64d8e5eabd178bfe9,sheet1:R7,,,
273c9ccb21ad9772-sheet1-R8,2026-06-02,daegu-dalseong,홍보협력과,솔비식당,군정 홍보 방안 다양화를 위한 업무관계자 간담회 식사 제공 및 지출,75000,273c9ccb21ad97721f1f2a477a9a32e07da31053af1136d64d8e5eabd178bfe9,sheet1:R8,,,
273c9ccb21ad9772-sheet1-R9,2026-06-02,daegu-dalseong,홍보협력과,이디야커피 대구금포점,군정 홍보 방안 다양화를 위한 업무관계자 간담회 식사 제공 및 지출,13900,273c9ccb21ad97721f1f2a477a9a32e07da31053af1136d64d8e5eabd178bfe9,sheet1:R9,,,
273c9ccb21ad9772-sheet1-R10,2026-06-04,daegu-dalseong,홍보협력과,쌍둥이,군정홍보활동을 위한 언론관계자 간담회 식사 제공 및 지출,93000,273c9ccb21ad97721f1f2a477a9a32e07da31053af1136d64d8e5eabd178bfe9,sheet1:R10,,,
273c9ccb21ad9772-sheet1-R11,2026-06-08,daegu-dalseong,홍보협력과,울엄마손메밀묵,소식지 취재 관련 업무 협의 간담회 식사 제공 및 지출,30000,273c9ccb21ad97721f1f2a477a9a32e07da31053af1136d64d8e5eabd178bfe9,sheet1:R11,,,
273c9ccb21ad9772-sheet1-R12,2026-06-11,daegu-dalseong,홍보협력과,황실흑염소,홍보 방안 개선을 위한 업무관계자 간담회 식사 제공 및 지출,26000,273c9ccb21ad97721f1f2a477a9a32e07da31053af1136d64d8e5eabd178bfe9,sheet1:R12,,,
273c9ccb21ad9772-sheet1-R13,2026-06-11,daegu-dalseong,홍보협력과,솔라이트 커피,홍보 방안 개선을 위한 업무관계자 간담회 식사 제공 및 지출,8000,273c9ccb21ad97721f1f2a477a9a32e07da31053af1136d64d8e5eabd178bfe9,sheet1:R13,,,
273c9ccb21ad9772-sheet1-R14,2026-06-12,daegu-dalseong,홍보협력과,부산식당,달성군 주요 시책 홍보를 위한 언론관계자 간담회 식사 제공 및 지출,186500,273c9ccb21ad97721f1f2a477a9a32e07da31053af1136d64d8e5eabd178bfe9,sheet1:R14,,,
273c9ccb21ad9772-sheet1-R15,2026-06-15,daegu-dalseong,홍보협력과,마지카운티,달성군 어린이 교육시설 홍보를 위한 언론관계자 간담회 다과 제공 및 지출,36100,273c9ccb21ad97721f1f2a477a9a32e07da31053af1136d64d8e5eabd178bfe9,sheet1:R15,,,
273c9ccb21ad9772-sheet1-R16,2026-06-22,daegu-dalseong,홍보협력과,오늘도통통 대구옥포점,주요관광지 홍보 활성화를 위한 언론관계자 간담회 식사 제공 및 지출,108000,273c9ccb21ad97721f1f2a477a9a32e07da31053af1136d64d8e5eabd178bfe9,sheet1:R16,,,
273c9ccb21ad9772-sheet1-R17,2026-06-23,daegu-dalseong,홍보협력과,팔도궁중찜닭본점,군정 tv인터뷰 협조를 위한 언론관계자 간담회 식사 제공 및 지출,100000,273c9ccb21ad97721f1f2a477a9a32e07da31053af1136d64d8e5eabd178bfe9,sheet1:R17,,,
273c9ccb21ad9772-sheet1-R18,2026-06-25,daegu-dalseong,홍보협력과,투썸플레이스 대구화원점,청년축제 홍보 영상 제작을 위한 업무관계자 간담회 음료 제공 및 지출,48100,273c9ccb21ad97721f1f2a477a9a32e07da31053af1136d64d8e5eabd178bfe9,sheet1:R18,,,
273c9ccb21ad9772-sheet1-R19,2026-06-26,daegu-dalseong,홍보협력과,풍국면 달성군청점,달성군 옥외광고 관리를 위한 업무관계자 간담회 식사 제공 및 지출,57500,273c9ccb21ad97721f1f2a477a9a32e07da31053af1136d64d8e5eabd178bfe9,sheet1:R19,,,
94422e50e9fd5260-sheet1-R5,2026-04-21,daegu-dalseong,현풍읍,원조현풍박소선할매집곰탕,현풍읍 도시재생 인정사업 만사형통 건립공사 관계자 식사제공 및 지출,244000,94422e50e9fd5260bb90e0043fed0f7e41642641f7e20e5e9139b2f4422eeb7d,sheet1:R5,,,
94422e50e9fd5260-sheet1-R6,2026-04-24,daegu-dalseong,현풍읍,고집센그집갈비탕,직원 격려 식사제공 및 지출,333000,94422e50e9fd5260bb90e0043fed0f7e41642641f7e20e5e9139b2f4422eeb7d,sheet1:R6,,,
94422e50e9fd5260-sheet1-R7,2026-05-04,daegu-dalseong,현풍읍,잘떳다산오징어,여론동향 관계자 간담회 식사제공 및 지출,150000,94422e50e9fd5260bb90e0043fed0f7e41642641f7e20e5e9139b2f4422eeb7d,sheet1:R7,,,
94422e50e9fd5260-sheet1-R8,2026-05-19,daegu-dalseong,현풍읍,잘떳다산오징어,고유가 피해지원금 추진 관계자 식사제공 및 지출,153000,94422e50e9fd5260bb90e0043fed0f7e41642641f7e20e5e9139b2f4422eeb7d,sheet1:R8,,,
94422e50e9fd5260-sheet1-R9,2026-05-22,daegu-dalseong,현풍읍,미가현밀면,직원 격려 식사제공 및 지출,148000,94422e50e9fd5260bb90e0043fed0f7e41642641f7e20e5e9139b2f4422eeb7d,sheet1:R9,,,
94422e50e9fd5260-sheet1-R10,2026-05-27,daegu-dalseong,현풍읍,능이마을현풍점,조경지 관리 추진 관계자 식사제공 및 지출,195000,94422e50e9fd5260bb90e0043fed0f7e41642641f7e20e5e9139b2f4422eeb7d,sheet1:R10,,,
94422e50e9fd5260-sheet1-R11,2026-06-24,daegu-dalseong,현풍읍,개인(성명 비공개),소속 직원 조의금 지출,50000,94422e50e9fd5260bb90e0043fed0f7e41642641f7e20e5e9139b2f4422eeb7d,sheet1:R11,,,
94422e50e9fd5260-sheet1-R15,2026-04-08,daegu-dalseong,현풍읍,삼천포해물탕,용연저수지 수변 둘레길 조성사업 관계자 식사제공 및 지출,160000,94422e50e9fd5260bb90e0043fed0f7e41642641f7e20e5e9139b2f4422eeb7d,sheet1:R15,,,
94422e50e9fd5260-sheet1-R16,2026-04-16,daegu-dalseong,현풍읍,"콩깍지,카페비슬애",통합돌봄 업무 추진 관계자 식사제공 및 지출,44000,94422e50e9fd5260bb90e0043fed0f7e41642641f7e20e5e9139b2f4422eeb7d,sheet1:R16,,,
94422e50e9fd5260-sheet1-R17,2026-05-18,daegu-dalseong,현풍읍,고집센그집갈비탕,즐거운 생활 추진단 사업 추진 관계자 식사제공 및 지출,115000,94422e50e9fd5260bb90e0043fed0f7e41642641f7e20e5e9139b2f4422eeb7d,sheet1:R17,,,
3aa68acd8dcb812f-sheet1-R12,2026-04-13,daegu-dalseong,세무과,릴리브리즈,지방세 현안 업무 협의를 위한 업무 관계자 식사 제공,140000,3aa68acd8dcb812f127a9baf07d4c35ed92ae6f04d293c794421bbe40d700f3a,sheet1:R12,,,
3aa68acd8dcb812f-sheet1-R13,2026-06-09,daegu-dalseong,세무과,강림추어탕,지방세 현안 업무 협의를 위한 업무 관계자 식사 제공,98000,3aa68acd8dcb812f127a9baf07d4c35ed92ae6f04d293c794421bbe40d700f3a,sheet1:R13,,,
3aa68acd8dcb812f-sheet1-R14,2026-06-16,daegu-dalseong,세무과,대박소양곰탕,지방세입 징수확보 대책 협의를 위한 업무 관계자 식사 제공,140000,3aa68acd8dcb812f127a9baf07d4c35ed92ae6f04d293c794421bbe40d700f3a,sheet1:R14,,,
3aa68acd8dcb812f-sheet1-R15,2026-06-30,daegu-dalseong,세무과,포항수산회직판장,재산세 징수율 제고 방안 관련 업무 관계자 식사 제공,152000,3aa68acd8dcb812f127a9baf07d4c35ed92ae6f04d293c794421bbe40d700f3a,sheet1:R15,,,
55f47184fe87207f-sheet1-R6,2026-06-02,daegu-dalseong,산림과,대가웍,임도 사업 추진 관계자 식사 제공 및 지출,43000,55f47184fe87207f2eb2d3711e51bfd7d0c3fc03b29ea09e824cdbc5494d4205,sheet1:R6,,,
55f47184fe87207f-sheet1-R7,2026-06-17,daegu-dalseong,산림과,교동면옥,보호수 사업 추진 관계자 식사 제공 및 지출,68000,55f47184fe87207f2eb2d3711e51bfd7d0c3fc03b29ea09e824cdbc5494d4205,sheet1:R7,,,
55f47184fe87207f-sheet1-R8,2026-06-22,daegu-dalseong,산림과,우성,소나무재선충 업무 관계자 간담회 실시 및 식사제공,154000,55f47184fe87207f2eb2d3711e51bfd7d0c3fc03b29ea09e824cdbc5494d4205,sheet1:R8,,,
4cff42a11f1f9ad8-sheet1-R12,2026-04-06,daegu-dalseong,하빈면,현풍복어식당,학생맞춤형통합지원을 위한 학교-읍면 지원협력체계 구축 MOU 참석직원 식사제공 및 지출,33000,4cff42a11f1f9ad8ae7d873c88482d3cf8cb7f2d833ee589460a3c5e7bc08c7c,sheet1:R12,,,
4cff42a11f1f9ad8-sheet1-R13,2026-04-17,daegu-dalseong,하빈면,원조현풍박소선할매집곰탕,참꽃문화제 개막식 참석 및 행사 지원에 따른 식사제공 및 지출,102000,4cff42a11f1f9ad8ae7d873c88482d3cf8cb7f2d833ee589460a3c5e7bc08c7c,sheet1:R13,,,
4cff42a11f1f9ad8-sheet1-R14,2026-04-28,daegu-dalseong,하빈면,본가돼지찌개,제9회 전국동시지방선거 업무 협조자 식사제공 및 지출,28000,4cff42a11f1f9ad8ae7d873c88482d3cf8cb7f2d833ee589460a3c5e7bc08c7c,sheet1:R14,,,
4cff42a11f1f9ad8-sheet1-R15,2026-04-28,daegu-dalseong,하빈면,마르텐사이트,제9회 전국동시지방선거 업무 협조자 식사제공 및 지출,18500.0,4cff42a11f1f9ad8ae7d873c88482d3cf8cb7f2d833ee589460a3c5e7bc08c7c,sheet1:R15,,,
4cff42a11f1f9ad8-sheet1-R16,2026-05-19,daegu-dalseong,하빈면,황성숯불갈비,제9회 전국동시지방선거 업무 추진 직원 격려 식사제공 및 지출,99000,4cff42a11f1f9ad8ae7d873c88482d3cf8cb7f2d833ee589460a3c5e7bc08c7c,sheet1:R16,,,
4cff42a11f1f9ad8-sheet1-R17,2026-05-21,daegu-dalseong,하빈면,몬스터커피 다사역점,직원 격려 음료 제공 및 지출,80000,4cff42a11f1f9ad8ae7d873c88482d3cf8cb7f2d833ee589460a3c5e7bc08c7c,sheet1:R17,,,
4cff42a11f1f9ad8-sheet1-R18,2026-06-02,daegu-dalseong,하빈면,동곡할매국밥,제9회 전국동시지방선거 업무 추진 관계자 격려 식사제공 및 지출,51000,4cff42a11f1f9ad8ae7d873c88482d3cf8cb7f2d833ee589460a3c5e7bc08c7c,sheet1:R18,,,
4cff42a11f1f9ad8-sheet1-R19,2026-06-05,daegu-dalseong,하빈면,성서한옥집 다사점,예비군중대 관계자 격려 간담회 개최에 따른 식사제공 및 지출,24000,4cff42a11f1f9ad8ae7d873c88482d3cf8cb7f2d833ee589460a3c5e7bc08c7c,sheet1:R19,,,
4cff42a11f1f9ad8-sheet1-R20,2026-06-23,daegu-dalseong,하빈면,처가집칼국수식당,새마을부녀회 활동 격려 간담회 및 식사제공에 따른 지출,20000,4cff42a11f1f9ad8ae7d873c88482d3cf8cb7f2d833ee589460a3c5e7bc08c7c,sheet1:R20,,,
4cff42a11f1f9ad8-sheet1-R25,2026-04-02,daegu-dalseong,하빈면,묘운,2026년 나무심기행사 참석자 격려 간식 제공 및 지출,38500.0,4cff42a11f1f9ad8ae7d873c88482d3cf8cb7f2d833ee589460a3c5e7bc08c7c,sheet1:R25,,,
4cff42a11f1f9ad8-sheet1-R26,2026-05-04,daegu-dalseong,하빈면,동곡윤송손칼국수,청소년지도협의회 청소년 보호 캠페인 실시에 따른 식사제공 및 지출,99000,4cff42a11f1f9ad8ae7d873c88482d3cf8cb7f2d833ee589460a3c5e7bc08c7c,sheet1:R26,,,
4cff42a11f1f9ad8-sheet1-R27,2026-05-06,daegu-dalseong,하빈면,동곡할매국밥,면 현안사업 간담회 개최에 따른 식사 제공 및 지출,41000,4cff42a11f1f9ad8ae7d873c88482d3cf8cb7f2d833ee589460a3c5e7bc08c7c,sheet1:R27,,,
4cff42a11f1f9ad8-sheet1-R28,2026-05-15,daegu-dalseong,하빈면,락동식당,면 현안사업 간담회 개최에 따른 식사 제공 및 지출,62000,4cff42a11f1f9ad8ae7d873c88482d3cf8cb7f2d833ee589460a3c5e7bc08c7c,sheet1:R28,,,
4cff42a11f1f9ad8-sheet1-R29,2026-05-28,daegu-dalseong,하빈면,소원갈비,면 현안사업 간담회 개최에 따른 식사 제공 및 지출,26000,4cff42a11f1f9ad8ae7d873c88482d3cf8cb7f2d833ee589460a3c5e7bc08c7c,sheet1:R29,,,
4cff42a11f1f9ad8-sheet1-R30,2026-06-04,daegu-dalseong,하빈면,소원갈비,노인회 관계자 간담회 및 식사 제공에 따른 지출,26000,4cff42a11f1f9ad8ae7d873c88482d3cf8cb7f2d833ee589460a3c5e7bc08c7c,sheet1:R30,,,
4cff42a11f1f9ad8-sheet1-R31,2026-06-22,daegu-dalseong,하빈면,주식회사 송원,이장협의회 활동 격려 간담회 및 음료 제공에 따른 지출,57000,4cff42a11f1f9ad8ae7d873c88482d3cf8cb7f2d833ee589460a3c5e7bc08c7c,sheet1:R31,,,
4cff42a11f1f9ad8-sheet1-R32,2026-06-25,daegu-dalseong,하빈면,동곡할매국밥,하빈면 체육회 간담회 개최에 따른 식사 제공 및 지출,34000,4cff42a11f1f9ad8ae7d873c88482d3cf8cb7f2d833ee589460a3c5e7bc08c7c,sheet1:R32,,,
4cff42a11f1f9ad8-sheet1-R33,2026-06-25,daegu-dalseong,하빈면,로드135커피,하빈면 체육회 간담회 개최에 따른 식사 제공 및 지출,9600.0,4cff42a11f1f9ad8ae7d873c88482d3cf8cb7f2d833ee589460a3c5e7bc08c7c,sheet1:R33,,,
4cff42a11f1f9ad8-sheet1-R34,2026-06-30,daegu-dalseong,하빈면,옛날컴은콩뽕잎손칼국수,하빈면 번영회 간담회 개최에 따른 식사 제공 및 지출,83000,4cff42a11f1f9ad8ae7d873c88482d3cf8cb7f2d833ee589460a3c5e7bc08c7c,sheet1:R34,,,
73c1d6ff1d358e84-table1-R3,2026-06-17,daegu-dalseong,옥포읍,케이클래스커피 옥포점,유관기관 업무 협의에 따른 참석자 다과 제공 및 지출,40000,73c1d6ff1d358e848cdc3ddc3526da5d4094f60d57ab6e1047874fe8e7fa66b4,table1:R3,,,
73c1d6ff1d358e84-table1-R4,2026-06-18,daegu-dalseong,옥포읍,황금명태조리고,유관기관 업무 협의에 따른 참석자 식사 제공 및 지출,68000,73c1d6ff1d358e848cdc3ddc3526da5d4094f60d57ab6e1047874fe8e7fa66b4,table1:R4,,,
73c1d6ff1d358e84-table2-R3,2026-06-08,daegu-dalseong,옥포읍,회며들다,시책업무 추진 간담회 개최에 따른 식사제공,140000,73c1d6ff1d358e848cdc3ddc3526da5d4094f60d57ab6e1047874fe8e7fa66b4,table2:R3,,,
cf7625c91c371f2a-sheet1-R6,2026-04-13,daegu-dalseong,도시정비과,울엄마손메밀묵,가로정비팀 업무추진관련 식사 및 지출,52000,cf7625c91c371f2a998430ee66299ee3a01033c99d2bcf391e564de66fdf352d,sheet1:R6,,,
cf7625c91c371f2a-sheet1-R7,2026-04-14,daegu-dalseong,도시정비과,강림추어탕,농업시설1팀 업무추진관련 식사 및 지출,70000,cf7625c91c371f2a998430ee66299ee3a01033c99d2bcf391e564de66fdf352d,sheet1:R7,,,
cf7625c91c371f2a-sheet1-R8,2026-04-15,daegu-dalseong,도시정비과,울엄마손메밀묵,농업시설2팀 업무추진관련 식사 및 지출,58000,cf7625c91c371f2a998430ee66299ee3a01033c99d2bcf391e564de66fdf352d,sheet1:R8,,,
cf7625c91c371f2a-sheet1-R9,2026-04-20,daegu-dalseong,도시정비과,장군소머리곰탕,전기시설팀 업무추진관련 식사 및 지출,63000,cf7625c91c371f2a998430ee66299ee3a01033c99d2bcf391e564de66fdf352d,sheet1:R9,,,
cf7625c91c371f2a-sheet1-R10,2026-04-22,daegu-dalseong,도시정비과,장군소머리곰탕,가로정비팀 업무추진관련 식사 및 지출,55000,cf7625c91c371f2a998430ee66299ee3a01033c99d2bcf391e564de66fdf352d,sheet1:R10,,,
cf7625c91c371f2a-sheet1-R11,2026-04-23,daegu-dalseong,도시정비과,누리,농업시설1팀 업무추진관련 다과 제공 및 지출,18500,cf7625c91c371f2a998430ee66299ee3a01033c99d2bcf391e564de66fdf352d,sheet1:R11,,,
cf7625c91c371f2a-sheet1-R12,2026-05-13,daegu-dalseong,도시정비과,속초식당,농업시설2팀 업무추진관련 식사 및 지출,75000,cf7625c91c371f2a998430ee66299ee3a01033c99d2bcf391e564de66fdf352d,sheet1:R12,,,
cf7625c91c371f2a-sheet1-R13,2026-05-14,daegu-dalseong,도시정비과,북경중화요리,전기시설팀 업무추진 관련 식사 및 지출,153000,cf7625c91c371f2a998430ee66299ee3a01033c99d2bcf391e564de66fdf352d,sheet1:R13,,,
cf7625c91c371f2a-sheet1-R14,2026-05-18,daegu-dalseong,도시정비과,장군소머리곰탕,가로정비팀 업무추진관련 식사 및 지출,22000,cf7625c91c371f2a998430ee66299ee3a01033c99d2bcf391e564de66fdf352d,sheet1:R14,,,
cf7625c91c371f2a-sheet1-R15,2026-05-22,daegu-dalseong,도시정비과,카페 플록,농업시설1팀 업무추진관련 다과 제공 및 지출,25000,cf7625c91c371f2a998430ee66299ee3a01033c99d2bcf391e564de66fdf352d,sheet1:R15,,,
cf7625c91c371f2a-sheet1-R16,2026-05-26,daegu-dalseong,도시정비과,딜라이트,농업시설2팀 업무추진관련 다과 제공 및 지출,47900,cf7625c91c371f2a998430ee66299ee3a01033c99d2bcf391e564de66fdf352d,sheet1:R16,,,
cf7625c91c371f2a-sheet1-R17,2026-06-30,daegu-dalseong,도시정비과,홍물회,가로정비팀 업무추진관련 식사 및 지출,85000,cf7625c91c371f2a998430ee66299ee3a01033c99d2bcf391e564de66fdf352d,sheet1:R17,,,
9fce391f5a3343dd-sheet1-R6,2026-04-10,daegu-dalseong,다사읍,국수가,직원 격려 식사 제공 및 지출,73500,9fce391f5a3343dd28e3b125a3bcc4751cc6c7bdbfc39dc9d7bb1c2e88f4261a,sheet1:R6,,,
9fce391f5a3343dd-sheet1-R7,2026-04-23,daegu-dalseong,다사읍,아바분커피,직원 격려 부식 제공 및 지출,52000,9fce391f5a3343dd28e3b125a3bcc4751cc6c7bdbfc39dc9d7bb1c2e88f4261a,sheet1:R7,,,
9fce391f5a3343dd-sheet1-R8,2026-04-28,daegu-dalseong,다사읍,개인(성명 비공개),소속직원 부의금 지급,50000,9fce391f5a3343dd28e3b125a3bcc4751cc6c7bdbfc39dc9d7bb1c2e88f4261a,sheet1:R8,,,
9fce391f5a3343dd-sheet1-R9,2026-04-30,daegu-dalseong,다사읍,샤브20,직원 격려 식사 제공 및 지출,183200,9fce391f5a3343dd28e3b125a3bcc4751cc6c7bdbfc39dc9d7bb1c2e88f4261a,sheet1:R9,,,
9fce391f5a3343dd-sheet1-R10,2026-05-12,daegu-dalseong,다사읍,용두골오리촌,직원 격려 식사 제공 및 지출,54000,9fce391f5a3343dd28e3b125a3bcc4751cc6c7bdbfc39dc9d7bb1c2e88f4261a,sheet1:R10,,,
9fce391f5a3343dd-sheet1-R11,2026-05-13,daegu-dalseong,다사읍,오마모리다사점,직원 격려 부식 제공 및 지출,37500,9fce391f5a3343dd28e3b125a3bcc4751cc6c7bdbfc39dc9d7bb1c2e88f4261a,sheet1:R11,,,
9fce391f5a3343dd-sheet1-R12,2026-05-14,daegu-dalseong,다사읍,다사유황오리,직원 격려 식사 제공 및 지출,50000,9fce391f5a3343dd28e3b125a3bcc4751cc6c7bdbfc39dc9d7bb1c2e88f4261a,sheet1:R12,,,
9fce391f5a3343dd-sheet1-R13,2026-05-20,daegu-dalseong,다사읍,꽃잔디식당,직원 격려 식사 제공 및 지출,165000,9fce391f5a3343dd28e3b125a3bcc4751cc6c7bdbfc39dc9d7bb1c2e88f4261a,sheet1:R13,,,
9fce391f5a3343dd-sheet1-R14,2026-05-26,daegu-dalseong,다사읍,오늘은 짬뽕땡기는날,직원 격려 식사 제공 및 지출,111000,9fce391f5a3343dd28e3b125a3bcc4751cc6c7bdbfc39dc9d7bb1c2e88f4261a,sheet1:R14,,,
9fce391f5a3343dd-sheet1-R15,2026-05-28,daegu-dalseong,다사읍,동곡할매국밥,직원 격려 식사 제공 및 지출,228000,9fce391f5a3343dd28e3b125a3bcc4751cc6c7bdbfc39dc9d7bb1c2e88f4261a,sheet1:R15,,,
9fce391f5a3343dd-sheet1-R16,2026-05-28,daegu-dalseong,다사읍,한상바다,직원 격려 식사 제공 및 지출,135000,9fce391f5a3343dd28e3b125a3bcc4751cc6c7bdbfc39dc9d7bb1c2e88f4261a,sheet1:R16,,,
9fce391f5a3343dd-sheet1-R17,2026-06-09,daegu-dalseong,다사읍,오늘은 짬뽕땡기는날,직원 격려 식사 제공 및 지출,173000,9fce391f5a3343dd28e3b125a3bcc4751cc6c7bdbfc39dc9d7bb1c2e88f4261a,sheet1:R17,,,
9fce391f5a3343dd-sheet1-R18,2026-06-10,daegu-dalseong,다사읍,싱싱횟집,직원 격려 식사 제공 및 지출,117000,9fce391f5a3343dd28e3b125a3bcc4751cc6c7bdbfc39dc9d7bb1c2e88f4261a,sheet1:R18,,,
9fce391f5a3343dd-sheet1-R19,2026-06-11,daegu-dalseong,다사읍,빽다방빵연구소,직원 격려 식사 제공 및 지출,43600,9fce391f5a3343dd28e3b125a3bcc4751cc6c7bdbfc39dc9d7bb1c2e88f4261a,sheet1:R19,,,
9fce391f5a3343dd-sheet1-R20,2026-06-16,daegu-dalseong,다사읍,핸즈커피다사점,직원 격려 부식 제공 및 지출,79800,9fce391f5a3343dd28e3b125a3bcc4751cc6c7bdbfc39dc9d7bb1c2e88f4261a,sheet1:R20,,,
9fce391f5a3343dd-sheet1-R21,2026-06-17,daegu-dalseong,다사읍,용두골오리촌,직원 격려 부식 제공 및 지출,147000,9fce391f5a3343dd28e3b125a3bcc4751cc6c7bdbfc39dc9d7bb1c2e88f4261a,sheet1:R21,,,
9fce391f5a3343dd-sheet1-R22,2026-06-25,daegu-dalseong,다사읍,싱싱횟집,직원 격려 식사 제공 및 지출,171500,9fce391f5a3343dd28e3b125a3bcc4751cc6c7bdbfc39dc9d7bb1c2e88f4261a,sheet1:R22,,,
9fce391f5a3343dd-sheet1-R23,2026-06-25,daegu-dalseong,다사읍,이우철삼계탕,직원 격려 식사 제공 및 지출,114000,9fce391f5a3343dd28e3b125a3bcc4751cc6c7bdbfc39dc9d7bb1c2e88f4261a,sheet1:R23,,,
9fce391f5a3343dd-sheet1-R24,2026-06-26,daegu-dalseong,다사읍,삼삼이,소속 직원 격려 식사 제공 및 지출,490000,9fce391f5a3343dd28e3b125a3bcc4751cc6c7bdbfc39dc9d7bb1c2e88f4261a,sheet1:R24,,,
9fce391f5a3343dd-sheet1-R25,2026-06-29,daegu-dalseong,다사읍,카페테라스,직원 격려 식사 제공 및 지출,77000,9fce391f5a3343dd28e3b125a3bcc4751cc6c7bdbfc39dc9d7bb1c2e88f4261a,sheet1:R25,,,
9fce391f5a3343dd-sheet1-R26,2026-06-30,daegu-dalseong,다사읍,한상바다,직원 격려 식사 제공 및 지출,186000,9fce391f5a3343dd28e3b125a3bcc4751cc6c7bdbfc39dc9d7bb1c2e88f4261a,sheet1:R26,,,
9fce391f5a3343dd-sheet1-R31,2026-04-01,daegu-dalseong,다사읍,헬리빈커피,읍 현안사업간담회 개최에 따른 부식 제공 및 지출,34600,9fce391f5a3343dd28e3b125a3bcc4751cc6c7bdbfc39dc9d7bb1c2e88f4261a,sheet1:R31,,,
9fce391f5a3343dd-sheet1-R32,2026-04-08,daegu-dalseong,다사읍,동곡할매국밥,읍 현안사업간담회 개최에 따른 식사 제공 및 지출,56000,9fce391f5a3343dd28e3b125a3bcc4751cc6c7bdbfc39dc9d7bb1c2e88f4261a,sheet1:R32,,,
9fce391f5a3343dd-sheet1-R33,2026-04-15,daegu-dalseong,다사읍,동곡할매국밥,읍 현안사업간담회 개최에 따른 식사 제공 및 지출,53000,9fce391f5a3343dd28e3b125a3bcc4751cc6c7bdbfc39dc9d7bb1c2e88f4261a,sheet1:R33,,,
9fce391f5a3343dd-sheet1-R34,2026-04-17,daegu-dalseong,다사읍,박곡칼국수,직원 격려 부식 제공 및 지출,40000,9fce391f5a3343dd28e3b125a3bcc4751cc6c7bdbfc39dc9d7bb1c2e88f4261a,sheet1:R34,,,
9fce391f5a3343dd-sheet1-R35,2026-04-20,daegu-dalseong,다사읍,벨베꼼메,읍 현안사업간담회 개최에 따른 부식 제공 및 지출,42900,9fce391f5a3343dd28e3b125a3bcc4751cc6c7bdbfc39dc9d7bb1c2e88f4261a,sheet1:R35,,,
9fce391f5a3343dd-sheet1-R36,2026-04-21,daegu-dalseong,다사읍,얼큰샤브샤브손칼국수외,읍 현안사업간담회 개최에 따른 식사 및 부식 제공,134500,9fce391f5a3343dd28e3b125a3bcc4751cc6c7bdbfc39dc9d7bb1c2e88f4261a,sheet1:R36,,,
9fce391f5a3343dd-sheet1-R37,2026-04-22,daegu-dalseong,다사읍,다랭이마을밥상,읍 현안사업간담회 개최에 따른 식사 제공 및 지출,59600,9fce391f5a3343dd28e3b125a3bcc4751cc6c7bdbfc39dc9d7bb1c2e88f4261a,sheet1:R37,,,
9fce391f5a3343dd-sheet1-R38,2026-04-25,daegu-dalseong,다사읍,황해수육 다사점,읍 현안사업간담회 개최에 따른 식사 제공 및 지출,59000,9fce391f5a3343dd28e3b125a3bcc4751cc6c7bdbfc39dc9d7bb1c2e88f4261a,sheet1:R38,,,
9fce391f5a3343dd-sheet1-R39,2026-04-29,daegu-dalseong,다사읍,성은누릉지백숙,읍 현안사업간담회 개최에 따른 식사 제공 및 지출,136000,9fce391f5a3343dd28e3b125a3bcc4751cc6c7bdbfc39dc9d7bb1c2e88f4261a,sheet1:R39,,,
9fce391f5a3343dd-sheet1-R40,2026-05-07,daegu-dalseong,다사읍,빽다방연구소,읍 현안사업간담회 개최에 따른 식사 제공 및 지출,77500,9fce391f5a3343dd28e3b125a3bcc4751cc6c7bdbfc39dc9d7bb1c2e88f4261a,sheet1:R40,,,
9fce391f5a3343dd-sheet1-R41,2026-05-11,daegu-dalseong,다사읍,다랭이마을밥상,읍 현안사업간담회 개최에 따른 식사 제공 및 지출,100000,9fce391f5a3343dd28e3b125a3bcc4751cc6c7bdbfc39dc9d7bb1c2e88f4261a,sheet1:R41,,,
9fce391f5a3343dd-sheet1-R42,2026-05-14,daegu-dalseong,다사읍,부림해물손수제비,읍 현안사업간담회 개최에 따른 식사 제공 및 지출,200000,9fce391f5a3343dd28e3b125a3bcc4751cc6c7bdbfc39dc9d7bb1c2e88f4261a,sheet1:R42,,,
9fce391f5a3343dd-sheet1-R43,2026-05-21,daegu-dalseong,다사읍,호박추어탕,읍 현안사업간담회 개최에 따른 식사 제공 및 지출,72000,9fce391f5a3343dd28e3b125a3bcc4751cc6c7bdbfc39dc9d7bb1c2e88f4261a,sheet1:R43,,,
9fce391f5a3343dd-sheet1-R44,2026-05-22,daegu-dalseong,다사읍,호박추어탕,읍 현안사업간담회 개최에 따른 식사 제공 및 지출,132000,9fce391f5a3343dd28e3b125a3bcc4751cc6c7bdbfc39dc9d7bb1c2e88f4261a,sheet1:R44,,,
9fce391f5a3343dd-sheet1-R45,2026-05-29,daegu-dalseong,다사읍,성은누릉지백숙,읍 현안사업간담회 개최에 따른 식사 제공 및 지출,118000,9fce391f5a3343dd28e3b125a3bcc4751cc6c7bdbfc39dc9d7bb1c2e88f4261a,sheet1:R45,,,
9fce391f5a3343dd-sheet1-R46,2026-06-04,daegu-dalseong,다사읍,용두골오리촌,읍 현안사업간담회 개최에 따른 식사 제공 및 지출,244000,9fce391f5a3343dd28e3b125a3bcc4751cc6c7bdbfc39dc9d7bb1c2e88f4261a,sheet1:R46,,,
9fce391f5a3343dd-sheet1-R47,2026-06-08,daegu-dalseong,다사읍,바토플루이르,읍 현안사업간담회 개최에 따른 식사 제공 및 지출,89800,9fce391f5a3343dd28e3b125a3bcc4751cc6c7bdbfc39dc9d7bb1c2e88f4261a,sheet1:R47,,,
9fce391f5a3343dd-sheet1-R48,2026-06-11,daegu-dalseong,다사읍,무학산오리하우스,읍 현안사업간담회 개최에 따른 식사 제공 및 지출,111000,9fce391f5a3343dd28e3b125a3bcc4751cc6c7bdbfc39dc9d7bb1c2e88f4261a,sheet1:R48,,,
9fce391f5a3343dd-sheet1-R49,2026-06-12,daegu-dalseong,다사읍,본가불향쭈꾸미등,읍 현안사업간담회 개최에 따른 식사 제공 및 지출,103800,9fce391f5a3343dd28e3b125a3bcc4751cc6c7bdbfc39dc9d7bb1c2e88f4261a,sheet1:R49,,,
9fce391f5a3343dd-sheet1-R50,2026-06-22,daegu-dalseong,다사읍,덕수궁,읍 현안사업간담회 개최에 따른 식사 제공 및 지출,972000,9fce391f5a3343dd28e3b125a3bcc4751cc6c7bdbfc39dc9d7bb1c2e88f4261a,sheet1:R50,,,
9fce391f5a3343dd-sheet2-R17,2026-04-09,daegu-dalseong,다사읍,옛날검은콩뽕잎칼국수등,다사읍 주민자치위원회 간담회 개최에 따른 식사제공 및 지출,92500,9fce391f5a3343dd28e3b125a3bcc4751cc6c7bdbfc39dc9d7bb1c2e88f4261a,sheet2:R17,,,
9fce391f5a3343dd-sheet2-R18,2026-05-11,daegu-dalseong,다사읍,코지하우스,다사읍 우리마을교육나눔 간담회 개최에 따른 식사 및 부식제공,119900,9fce391f5a3343dd28e3b125a3bcc4751cc6c7bdbfc39dc9d7bb1c2e88f4261a,sheet2:R18,,,
9fce391f5a3343dd-sheet2-R19,2026-05-22,daegu-dalseong,다사읍,한닢,다사읍 선거업무 간담회 개최에 따른 식사 제공 및 지출,128000,9fce391f5a3343dd28e3b125a3bcc4751cc6c7bdbfc39dc9d7bb1c2e88f4261a,sheet2:R19,,,
9fce391f5a3343dd-sheet3-R12,2026-04-30,daegu-dalseong,다사읍,산정논메기,고유가 피해지원금 업무추진 간담회에 따른 식사제공 및 지출,101000,9fce391f5a3343dd28e3b125a3bcc4751cc6c7bdbfc39dc9d7bb1c2e88f4261a,sheet3:R12,,,
9fce391f5a3343dd-sheet3-R13,2026-05-13,daegu-dalseong,다사읍,만복이쭈꾸미낙지볶음,산불추진 업무관계자 간담회에 따른 식사 제공 및 지출,22000,9fce391f5a3343dd28e3b125a3bcc4751cc6c7bdbfc39dc9d7bb1c2e88f4261a,sheet3:R13,,,
a25c9170788eb4c2-sheet1-R7,2026-04-08,daegu-dalseong,미래공간과,오늘의 식탁,화원 복합커뮤니티센터 건립 공사 추진 관계자 간담회 식사 및 다과 제공 지출,45000,a25c9170788eb4c2e5118686278afb3a6028849f103d6cf7aa5607ce0df90832,sheet1:R7,,,
a25c9170788eb4c2-sheet1-R8,2026-05-07,daegu-dalseong,미래공간과,은하곰탕,다사복합커뮤니티센터 건립공사 사업 추진 관계자 간담회 식사 제공 및 지출,59000,a25c9170788eb4c2e5118686278afb3a6028849f103d6cf7aa5607ce0df90832,sheet1:R8,,,
a25c9170788eb4c2-sheet1-R9,2026-05-29,daegu-dalseong,미래공간과,수지안가,화원 복합커뮤니티센터 건립 공사 추진 관계자 간담회 식사 제공 및 지출,270500,a25c9170788eb4c2e5118686278afb3a6028849f103d6cf7aa5607ce0df90832,sheet1:R9,,,
fefb84a673fe9efa-sheet1-R10,2026-04-17,daegu-dalseong,가창면,차목원,지역개발팀 직원 격려를 위한 식사 제공 및 지출,120000,fefb84a673fe9efaab5aa60afc4866338f5ed5a14bd5c6756aee74968a74cb6c,sheet1:R10,,,
fefb84a673fe9efa-sheet1-R11,2026-05-29,daegu-dalseong,가창면,참진가 명가,산불예방 관련자 격려에 따른 식사 제공 및 지출,456000,fefb84a673fe9efaab5aa60afc4866338f5ed5a14bd5c6756aee74968a74cb6c,sheet1:R11,,,
a35f312ff670cc76-sheet1-R6,2026-06-22,daegu-dalseong,하수하천과,투썸플레이스대구화원점,하수하천과 업무추진 관계자 다과 제공 및 지출,72900,a35f312ff670cc76f2925a9c9ad78f73dfad56a812dbce95ff3202063a83f45b,sheet1:R6,,,
a35f312ff670cc76-sheet1-R8,2026-06-30,daegu-dalseong,하수하천과,스타벅스 코리아,하수하천과 업무추진 관계자 다과 제공 및 지출,64600,a35f312ff670cc76f2925a9c9ad78f73dfad56a812dbce95ff3202063a83f45b,sheet1:R8,,,
ba784b695b1479de-sheet1-R6,2026-06-30,daegu-dalseong,유가읍,만리장성,유가읍 이장협의회 관계자 간담회 식사 제공 및 지출,90000,ba784b695b1479dee0592a04db97826ad6618e64262ec378453b56e8857ecf9f,sheet1:R6,,,
ba784b695b1479de-sheet1-R11,2026-04-24,daegu-dalseong,유가읍,한솔가든,부서 직원 사기 증진을 위한 식사제공 및 지출,480000,ba784b695b1479dee0592a04db97826ad6618e64262ec378453b56e8857ecf9f,sheet1:R11,,,
ba784b695b1479de-sheet1-R12,2026-05-11,daegu-dalseong,유가읍,오케이포인트마트달성점,내방객 접대용 음료 구입 및 지출,360000,ba784b695b1479dee0592a04db97826ad6618e64262ec378453b56e8857ecf9f,sheet1:R12,,,
ba784b695b1479de-sheet1-R13,2026-05-19,daegu-dalseong,유가읍,한솔가든,부서 직원 사기 증진을 위한 식사제공 및 지출,473000,ba784b695b1479dee0592a04db97826ad6618e64262ec378453b56e8857ecf9f,sheet1:R13,,,
ba784b695b1479de-sheet1-R14,2026-06-04,daegu-dalseong,유가읍,더포테크노폴리스점,부서 직원 사기 증진을 위한 식사제공 및 지출,108000,ba784b695b1479dee0592a04db97826ad6618e64262ec378453b56e8857ecf9f,sheet1:R14,,,
ba784b695b1479de-sheet1-R15,2026-06-23,daegu-dalseong,유가읍,일심명가,부서 직원 사기 증진을 위한 식사제공 및 지출,114000,ba784b695b1479dee0592a04db97826ad6618e64262ec378453b56e8857ecf9f,sheet1:R15,,,
131704d22878af6f-sheet1-R7,2026-05-12,daegu-dalseong,정보통신과,강림추어탕,공공데이터 업무추진 관계자 식사제공 및 지출,27000,131704d22878af6f058aae1ec6081bec493e029de12b6d33dd17055d58bdd022,sheet1:R7,,,
131704d22878af6f-sheet1-R8,2026-05-21,daegu-dalseong,정보통신과,강림추어탕,CCTV통합관제시스템 유지보수 관계자 간담회 및 식사제공 및 지출,27000,131704d22878af6f058aae1ec6081bec493e029de12b6d33dd17055d58bdd022,sheet1:R8,,,
131704d22878af6f-sheet1-R9,2026-05-28,daegu-dalseong,정보통신과,강림추어탕,정보통신시설 유지보수 관계자 식사제공 및 지출,54000,131704d22878af6f058aae1ec6081bec493e029de12b6d33dd17055d58bdd022,sheet1:R9,,,
11f8a5251ae70f7d-sheet1-R6,2026-05-27,daegu-dalseong,토지정보과,장춘복어,지적업무 추진 관계자 식사 제공 및 지출,88000,11f8a5251ae70f7dfd29dfeb8f3da5bdef416476dc1955514456a5118146584b,sheet1:R6,,,
9ef7fa3f18f7eb65-sheet1-R7,2026-05-08,daegu-dalseong,법무감사실,"정순두부, 투썸플레이스",소송업무 수행에 따른 관계자와의 간담회 식사 제공 및 지출,59200,9ef7fa3f18f7eb65c925330652877bf98216ea8ba05dfbca2efc20defa4a7261,sheet1:R7,,,
9ef7fa3f18f7eb65-sheet1-R8,2026-05-19,daegu-dalseong,법무감사실,교촌치킨 명곡점,달성복지재단 종합감사 관계자 격려를 위한 간식 제공 및 지출,90500,9ef7fa3f18f7eb65c925330652877bf98216ea8ba05dfbca2efc20defa4a7261,sheet1:R8,,,
c019e09e6c9ef249-sheet1-R6,2026-05-06,daegu-dalseong,도시정책과,적의처,논공 다다촌 특화거리 조성사업 추진 관계자 다과 제공 및 지출,14000,c019e09e6c9ef249d70975048a844828c3b01948f3e5eaf08ffb263719cd3539,sheet1:R6,,,
c019e09e6c9ef249-sheet1-R7,2026-05-13,daegu-dalseong,도시정책과,적의처,도시경관디자인 업무 추진 관계자 다과 제공 및 지출,28000,c019e09e6c9ef249d70975048a844828c3b01948f3e5eaf08ffb263719cd3539,sheet1:R7,,,
c019e09e6c9ef249-sheet1-R8,2026-05-20,daegu-dalseong,도시정책과,적의처,경관개선사업 추진 관계자 식사 제공 및 지출,58000,c019e09e6c9ef249d70975048a844828c3b01948f3e5eaf08ffb263719cd3539,sheet1:R8,,,
c019e09e6c9ef249-sheet1-R9,2026-05-29,daegu-dalseong,도시정책과,적의처,설화리 도시재생사업 추진 관계자 식사 및 다과 제공,139000,c019e09e6c9ef249d70975048a844828c3b01948f3e5eaf08ffb263719cd3539,sheet1:R9,,,
2aba10e33b0ee196-sheet1-R6,2026-05-07,daegu-dalseong,건설과,소문난부자 돼지국밥,자연재난 업무 관계자 식사 제공 및 지출,51000,2aba10e33b0ee196eb088df67c6324dae0cee2ff4f805d9276daeb85ebccf4c7,sheet1:R6,,,
2aba10e33b0ee196-sheet1-R7,2026-05-07,daegu-dalseong,건설과,합천식육식당,건설도시국 현안사업 추진 관련 관계자 간담회 식사 제공 및 지출,368000,2aba10e33b0ee196eb088df67c6324dae0cee2ff4f805d9276daeb85ebccf4c7,sheet1:R7,,,
2aba10e33b0ee196-sheet1-R8,2026-05-08,daegu-dalseong,건설과,솔비식당,도시디자인 업무 관계자 식사 제공 및 지출,65000,2aba10e33b0ee196eb088df67c6324dae0cee2ff4f805d9276daeb85ebccf4c7,sheet1:R8,,,
2aba10e33b0ee196-sheet1-R9,2026-05-11,daegu-dalseong,건설과,부산시장,지가정보 관련 업무 관계자 식사 제공 및 지출,189000,2aba10e33b0ee196eb088df67c6324dae0cee2ff4f805d9276daeb85ebccf4c7,sheet1:R9,,,
2aba10e33b0ee196-sheet1-R10,2026-05-13,daegu-dalseong,건설과,웰빙백세시대,도로보상업무 관계자 식사제공 및 지출,112000,2aba10e33b0ee196eb088df67c6324dae0cee2ff4f805d9276daeb85ebccf4c7,sheet1:R10,,,
2aba10e33b0ee196-sheet1-R11,2026-05-19,daegu-dalseong,건설과,일광물회,양배수장 업무관계자 식사제공 및 지출,95000,2aba10e33b0ee196eb088df67c6324dae0cee2ff4f805d9276daeb85ebccf4c7,sheet1:R11,,,
44ed237220b3549c-sheet1-R6,2026-05-18,daegu-dalseong,건설과,옛날국수집,인도정비공사 사업관계자 식사 제공 및 지출,61200,44ed237220b3549c6f345785ff25025947e58d88b7ea5c9dcd66e063da1b132c,sheet1:R6,,,
44ed237220b3549c-sheet1-R7,2026-05-21,daegu-dalseong,건설과,든든 돼지국밥,도로관리사업 관계자 식사 제공 및 지출,65000,44ed237220b3549c6f345785ff25025947e58d88b7ea5c9dcd66e063da1b132c,sheet1:R7,,,
44ed237220b3549c-sheet1-R8,2026-05-29,daegu-dalseong,건설과,옛날국수집,도로보상업무 관계자 식사 제공 및 지출,24900,44ed237220b3549c6f345785ff25025947e58d88b7ea5c9dcd66e063da1b132c,sheet1:R8,,,
8e9f1001b4ec4249-sheet1-R6,2026-05-06,daegu-dalseong,총무과,아르스,의전 및 행사지원 업무 직원 격려 다과 제공,30200,8e9f1001b4ec42497eba4e4a909051a7817a66c9bc2735131b71e868210559ed,sheet1:R6,,,
8e9f1001b4ec4249-sheet1-R7,2026-05-06,daegu-dalseong,총무과,삼거리칼국수,노인복지 현안업무 추진 직원 격려 식사 제공,73000,8e9f1001b4ec42497eba4e4a909051a7817a66c9bc2735131b71e868210559ed,sheet1:R7,,,
8e9f1001b4ec4249-sheet1-R8,2026-05-07,daegu-dalseong,총무과,전주식콩나물해장국,의전 수행 직원 격려 식사 제공,20000,8e9f1001b4ec42497eba4e4a909051a7817a66c9bc2735131b71e868210559ed,sheet1:R8,,,
8e9f1001b4ec4249-sheet1-R9,2026-05-08,daegu-dalseong,총무과,엄박사한우가마솥국밥,노인복지 현안업무 추진 직원 격려 식사 제공,45000,8e9f1001b4ec42497eba4e4a909051a7817a66c9bc2735131b71e868210559ed,sheet1:R9,,,
0ed57ed50f41b9d0-sheet1-R6,2026-05-04,daegu-dalseong,총무과,옥우촌한우,관광개발 업무 추진 관계자 식사 제공,191000,0ed57ed50f41b9d0aec8b9e87c57f2c5f35ad27659ebdb169126daad52c959e6,sheet1:R6,,,
0ed57ed50f41b9d0-sheet1-R7,2026-05-06,daegu-dalseong,총무과,팔공산유통능이마을,하수하천 관리 현안업무 직원 격려 식사 제공,128000,0ed57ed50f41b9d0aec8b9e87c57f2c5f35ad27659ebdb169126daad52c959e6,sheet1:R7,,,
0ed57ed50f41b9d0-sheet1-R8,2026-05-07,daegu-dalseong,총무과,개인(성명 비공개),직원 경조사 축의금 및 조의금 지출,200000,0ed57ed50f41b9d0aec8b9e87c57f2c5f35ad27659ebdb169126daad52c959e6,sheet1:R8,,,
0ed57ed50f41b9d0-sheet1-R9,2026-05-08,daegu-dalseong,총무과,비슬한우식육식당,문화예술 현안업무 추진 직원 격려 식사 제공,429000,0ed57ed50f41b9d0aec8b9e87c57f2c5f35ad27659ebdb169126daad52c959e6,sheet1:R9,,,
0ed57ed50f41b9d0-sheet1-R10,2026-05-11,daegu-dalseong,총무과,딜라이트,부속실 직원 격려 다과 제공,17400,0ed57ed50f41b9d0aec8b9e87c57f2c5f35ad27659ebdb169126daad52c959e6,sheet1:R10,,,
0ed57ed50f41b9d0-sheet1-R11,2026-05-11,daegu-dalseong,총무과,만보원,"하천, 계곡 구역 내 불법 점용시설 점검 관계자 식사 제공",400000,0ed57ed50f41b9d0aec8b9e87c57f2c5f35ad27659ebdb169126daad52c959e6,sheet1:R11,,,
0ed57ed50f41b9d0-sheet1-R12,2026-05-12,daegu-dalseong,총무과,개인(성명 비공개),직원 경조사 축의금,50000,0ed57ed50f41b9d0aec8b9e87c57f2c5f35ad27659ebdb169126daad52c959e6,sheet1:R12,,,
0ed57ed50f41b9d0-sheet1-R13,2026-05-12,daegu-dalseong,총무과,개인(성명 비공개),직원 경조사 조의금,50000,0ed57ed50f41b9d0aec8b9e87c57f2c5f35ad27659ebdb169126daad52c959e6,sheet1:R13,,,
0ed57ed50f41b9d0-sheet1-R14,2026-05-12,daegu-dalseong,총무과,개인(성명 비공개),직원 경조사 축의금,50000,0ed57ed50f41b9d0aec8b9e87c57f2c5f35ad27659ebdb169126daad52c959e6,sheet1:R14,,,
0ed57ed50f41b9d0-sheet1-R15,2026-05-12,daegu-dalseong,총무과,개인(성명 비공개),직원 경조사 조의금,50000,0ed57ed50f41b9d0aec8b9e87c57f2c5f35ad27659ebdb169126daad52c959e6,sheet1:R15,,,
0ed57ed50f41b9d0-sheet1-R16,2026-05-13,daegu-dalseong,총무과,스테이블모먼트,비슬청춘대학 관계자 격려 다과 제공,38800,0ed57ed50f41b9d0aec8b9e87c57f2c5f35ad27659ebdb169126daad52c959e6,sheet1:R16,,,
0ed57ed50f41b9d0-sheet1-R17,2026-05-14,daegu-dalseong,총무과,장춘복어,부군수 읍면장 회의에 따른 관계 직원 식사 제공,252000,0ed57ed50f41b9d0aec8b9e87c57f2c5f35ad27659ebdb169126daad52c959e6,sheet1:R17,,,
0ed57ed50f41b9d0-sheet1-R18,2026-05-14,daegu-dalseong,총무과,솔밭생수식당,교통지도 현안 업무 직원 격려 식사 제공,236000,0ed57ed50f41b9d0aec8b9e87c57f2c5f35ad27659ebdb169126daad52c959e6,sheet1:R18,,,
0ed57ed50f41b9d0-sheet1-R19,2026-05-19,daegu-dalseong,총무과,개인(성명 비공개),직원 경조사 조의금,50000,0ed57ed50f41b9d0aec8b9e87c57f2c5f35ad27659ebdb169126daad52c959e6,sheet1:R19,,,
0ed57ed50f41b9d0-sheet1-R20,2026-05-18,daegu-dalseong,총무과,이로정,달창저수지 수변공원 개발 관계자 식사 제공,186000,0ed57ed50f41b9d0aec8b9e87c57f2c5f35ad27659ebdb169126daad52c959e6,sheet1:R20,,,
0ed57ed50f41b9d0-sheet1-R21,2026-05-19,daegu-dalseong,총무과,옥포식품,서재 생활문화센터 건립 관계자 간담회 식사 제공,270000,0ed57ed50f41b9d0aec8b9e87c57f2c5f35ad27659ebdb169126daad52c959e6,sheet1:R21,,,
0ed57ed50f41b9d0-sheet1-R22,2026-05-21,daegu-dalseong,총무과,"만보원, 슬로우스톤","비슬산 치유의 숲 운영 관계자 식사, 다과 제공",287900,0ed57ed50f41b9d0aec8b9e87c57f2c5f35ad27659ebdb169126daad52c959e6,sheet1:R22,,,
0ed57ed50f41b9d0-sheet1-R23,2026-05-21,daegu-dalseong,총무과,개인(성명 비공개),직원 경조사 축의금,50000,0ed57ed50f41b9d0aec8b9e87c57f2c5f35ad27659ebdb169126daad52c959e6,sheet1:R23,,,
0ed57ed50f41b9d0-sheet1-R24,2026-05-21,daegu-dalseong,총무과,개인(성명 비공개),직원 경조사 축의금,50000,0ed57ed50f41b9d0aec8b9e87c57f2c5f35ad27659ebdb169126daad52c959e6,sheet1:R24,,,
0ed57ed50f41b9d0-sheet1-R25,2026-05-21,daegu-dalseong,총무과,개인(성명 비공개),직원 경조사 축의금,50000,0ed57ed50f41b9d0aec8b9e87c57f2c5f35ad27659ebdb169126daad52c959e6,sheet1:R25,,,
0ed57ed50f41b9d0-sheet1-R26,2026-05-21,daegu-dalseong,총무과,개인(성명 비공개),직원 경조사 조의금,50000,0ed57ed50f41b9d0aec8b9e87c57f2c5f35ad27659ebdb169126daad52c959e6,sheet1:R26,,,
0ed57ed50f41b9d0-sheet1-R27,2026-05-28,daegu-dalseong,총무과,양화식당,선거업무 관련 직원 격려 식사 제공,168000,0ed57ed50f41b9d0aec8b9e87c57f2c5f35ad27659ebdb169126daad52c959e6,sheet1:R27,,,
0ed57ed50f41b9d0-sheet1-R32,2026-05-22,daegu-dalseong,총무과,웰빙봉평메밀국시,새마을 업무 추진 관계자 식사 제공,47000,0ed57ed50f41b9d0aec8b9e87c57f2c5f35ad27659ebdb169126daad52c959e6,sheet1:R32,,,
0ed57ed50f41b9d0-sheet1-R33,2026-05-26,daegu-dalseong,총무과,국일생갈비,달성군 주요 시책 홍보를 위한 언론관계자 간담회 식사 제공,460000,0ed57ed50f41b9d0aec8b9e87c57f2c5f35ad27659ebdb169126daad52c959e6,sheet1:R33,,,
0ed57ed50f41b9d0-sheet1-R34,2026-05-27,daegu-dalseong,총무과,부산식당,홍보협력 사업관계자 식사 제공,87000,0ed57ed50f41b9d0aec8b9e87c57f2c5f35ad27659ebdb169126daad52c959e6,sheet1:R34,,,
0ed57ed50f41b9d0-sheet1-R35,2026-05-28,daegu-dalseong,총무과,정현대영천식육식당,주요 전략사업 추진 관계자 식사 제공,175000,0ed57ed50f41b9d0aec8b9e87c57f2c5f35ad27659ebdb169126daad52c959e6,sheet1:R35,,,
0ed57ed50f41b9d0-sheet1-R36,2026-05-29,daegu-dalseong,총무과,석정복어,달성 농어촌관광휴양단지 개발사업 관계자 식사 제공,196000,0ed57ed50f41b9d0aec8b9e87c57f2c5f35ad27659ebdb169126daad52c959e6,sheet1:R36,,,
c1c72e6949df2ec8-sheet1-R6,2026-05-04,daegu-dalseong,총무과,송해공원 연지담/마지카운티,"과학관 공원 리뉴얼 사업 관계자 식사, 다과 제공",140100,c1c72e6949df2ec848ebe1e8512cf1cd5c901ebde92e8a568c79fc164af9ca00,sheet1:R6,,,
c1c72e6949df2ec8-sheet1-R7,2026-05-06,daegu-dalseong,총무과,오늘도통통,"창의놀이터 특화사업 관계자 식사, 다과 제공",54000,c1c72e6949df2ec848ebe1e8512cf1cd5c901ebde92e8a568c79fc164af9ca00,sheet1:R7,,,
c1c72e6949df2ec8-sheet1-R8,2026-05-07,daegu-dalseong,총무과,화원애오리/투썸플레이스,"다사 복합커뮤니티센터 건립 관계자 식사, 다과 제공",161700,c1c72e6949df2ec848ebe1e8512cf1cd5c901ebde92e8a568c79fc164af9ca00,sheet1:R8,,,
ca9d8eb27964ebd1-sheet1-R7,2026-05-06,daegu-dalseong,총무과,정환네식당,선거업무추진 관계자 식사 제공,89000,ca9d8eb27964ebd1e01698b4426f7a91e6f9e7cc54cea44122d2eb1adb062b01,sheet1:R7,,,
ca9d8eb27964ebd1-sheet1-R8,2026-05-13,daegu-dalseong,총무과,울엄마손메밀묵,달성군통합방위협의회 운영 관계자 식사 제공,33000,ca9d8eb27964ebd1e01698b4426f7a91e6f9e7cc54cea44122d2eb1adb062b01,sheet1:R8,,,
ca9d8eb27964ebd1-sheet1-R9,2026-05-13,daegu-dalseong,총무과,취팔선,선거업무추진 관계자 식사 제공,189000,ca9d8eb27964ebd1e01698b4426f7a91e6f9e7cc54cea44122d2eb1adb062b01,sheet1:R9,,,
ca9d8eb27964ebd1-sheet1-R10,2026-05-15,daegu-dalseong,총무과,동해칼치공드레,선거업무추진 관계자 식사 제공,49000,ca9d8eb27964ebd1e01698b4426f7a91e6f9e7cc54cea44122d2eb1adb062b01,sheet1:R10,,,
ca9d8eb27964ebd1-sheet1-R11,2026-05-15,daegu-dalseong,총무과,대일농장한우전문식당,직원 복지 업무 관계자 식사 제공,264000,ca9d8eb27964ebd1e01698b4426f7a91e6f9e7cc54cea44122d2eb1adb062b01,sheet1:R11,,,
ca9d8eb27964ebd1-sheet1-R12,2026-05-19,daegu-dalseong,총무과,산얼면옥,인사운영 업무 관계자 식사 제공,119000,ca9d8eb27964ebd1e01698b4426f7a91e6f9e7cc54cea44122d2eb1adb062b01,sheet1:R12,,,
ca9d8eb27964ebd1-sheet1-R13,2026-05-22,daegu-dalseong,총무과,정환네식당.딜라이트,"주민자치 업무 관계자 식사, 다과 제공",79100,ca9d8eb27964ebd1e01698b4426f7a91e6f9e7cc54cea44122d2eb1adb062b01,sheet1:R13,,,
2bee7ac6ec4fdff5-sheet1-R6,2026-05-07,daegu-dalseong,총무과,개인(성명 비공개),직원 경조사 축의금 지출,100000,2bee7ac6ec4fdff5d8b905724df0c7d80cf7aba19b75e2377013a5f592d9a3d4,sheet1:R6,,,
2bee7ac6ec4fdff5-sheet1-R7,2026-05-08,daegu-dalseong,총무과,비비가/딜라이트,"군 청사시설 정비 업무 관계자 식사, 다과 제공",83400,2bee7ac6ec4fdff5d8b905724df0c7d80cf7aba19b75e2377013a5f592d9a3d4,sheet1:R7,,,
2bee7ac6ec4fdff5-sheet1-R8,2026-05-18,daegu-dalseong,총무과,풍국면,종합민원과 민원업무 직원 격려 식사 제공,102500,2bee7ac6ec4fdff5d8b905724df0c7d80cf7aba19b75e2377013a5f592d9a3d4,sheet1:R8,,,
2bee7ac6ec4fdff5-sheet1-R9,2026-05-29,daegu-dalseong,총무과,한솥도시락/딜라이트,"제9회 전국동시지방선거 업무 관련 직원 격려 식사, 다과 제공",92000,2bee7ac6ec4fdff5d8b905724df0c7d80cf7aba19b75e2377013a5f592d9a3d4,sheet1:R9,,,
2bee7ac6ec4fdff5-sheet1-R14,2026-05-06,daegu-dalseong,총무과,장군소머리곰탕/딜라이트,"계약 업무 관계자 식사, 다과 제공",123300,2bee7ac6ec4fdff5d8b905724df0c7d80cf7aba19b75e2377013a5f592d9a3d4,sheet1:R14,,,
2bee7ac6ec4fdff5-sheet1-R15,2026-05-11,daegu-dalseong,총무과,동고령숯불구이/메르헨카페,"직원 직무교육 관계자 식사, 다과 제공",81800,2bee7ac6ec4fdff5d8b905724df0c7d80cf7aba19b75e2377013a5f592d9a3d4,sheet1:R15,,,
2bee7ac6ec4fdff5-sheet1-R16,2026-05-12,daegu-dalseong,총무과,옥포뜰,민원공무원 보호강화 대책 추진 관계자 식사 제공,89000,2bee7ac6ec4fdff5d8b905724df0c7d80cf7aba19b75e2377013a5f592d9a3d4,sheet1:R16,,,
2bee7ac6ec4fdff5-sheet1-R17,2026-05-15,daegu-dalseong,총무과,사천양꼬치,AI 정보화 업무 관계자 식사 제 공,149000,2bee7ac6ec4fdff5d8b905724df0c7d80cf7aba19b75e2377013a5f592d9a3d4,sheet1:R17,,,
2bee7ac6ec4fdff5-sheet1-R18,2026-06-01,daegu-dalseong,총무과,장군소머리곰탕/딜라이트,"건축허가 업무 관계자 식사, 다과 제공",124400,2bee7ac6ec4fdff5d8b905724df0c7d80cf7aba19b75e2377013a5f592d9a3d4,sheet1:R18,,,
2bee7ac6ec4fdff5-sheet1-R19,2026-05-20,daegu-dalseong,총무과,비비가/딜라이트,"개발행위허가 업무 관계자 식사, 다과 제공",108800,2bee7ac6ec4fdff5d8b905724df0c7d80cf7aba19b75e2377013a5f592d9a3d4,sheet1:R19,,,
2bee7ac6ec4fdff5-sheet1-R20,2026-05-22,daegu-dalseong,총무과,대박소양곰탕/투썸플레이스,"청사관리 업무 관계자 식사, 다과 제공",75500,2bee7ac6ec4fdff5d8b905724df0c7d80cf7aba19b75e2377013a5f592d9a3d4,sheet1:R20,,,
2bee7ac6ec4fdff5-sheet1-R21,2026-05-27,daegu-dalseong,총무과,일송정/핸즈커피,"제9회 전국동시지방선거업무 추진 관계자 식사, 다과 제공",103400,2bee7ac6ec4fdff5d8b905724df0c7d80cf7aba19b75e2377013a5f592d9a3d4,sheet1:R21,,,
d9b796d6bd241642-sheet1-R6,2026-05-11,daegu-dalseong,산림과,우리밀할매손칼국시,산사태예방 업무 관계자 간담회 실시 및 식사 제공,58000,d9b796d6bd2416425a4b81ded564f0d52c55121d1dcad67bc115e356891775ab,sheet1:R6,,,
d9b796d6bd241642-sheet1-R7,2026-05-15,daegu-dalseong,산림과,대니골가든,등산로 조성사업 추진 관계자 식사 제공 및 지출,48000,d9b796d6bd2416425a4b81ded564f0d52c55121d1dcad67bc115e356891775ab,sheet1:R7,,,
d9b796d6bd241642-sheet1-R8,2026-05-27,daegu-dalseong,산림과,하츠,목조전망대 업무 관계자 간담회 실시 및 식사 제공,190000,d9b796d6bd2416425a4b81ded564f0d52c55121d1dcad67bc115e356891775ab,sheet1:R8,,,
81c7e24b0b3f3729-sheet1-R6,2026-05-08,daegu-dalseong,가족정책과,장수하늘소,아동정책 업무관계자 식사제공 및 지출,57500,81c7e24b0b3f3729fe377515a10fb1cf7ad05590f4a8b49bd7ecab3f483194e8,sheet1:R6,,,
81c7e24b0b3f3729-sheet1-R9,2026-05-15,daegu-dalseong,가족정책과,"속초식당, 핸즈커피","아동보호팀 업무관계자 식사, 간식제공 및 지출",80500,81c7e24b0b3f3729fe377515a10fb1cf7ad05590f4a8b49bd7ecab3f483194e8,sheet1:R9,,,
81c7e24b0b3f3729-sheet1-R10,2026-05-18,daegu-dalseong,가족정책과,일심명가,아동정책팀 업무관계자 식사제공 및 지출,47000,81c7e24b0b3f3729fe377515a10fb1cf7ad05590f4a8b49bd7ecab3f483194e8,sheet1:R10,,,
81c7e24b0b3f3729-sheet1-R11,2026-05-21,daegu-dalseong,가족정책과,달빛에구운고등어,드림스타트 업무관계자 식사제공 및 지출,72000,81c7e24b0b3f3729fe377515a10fb1cf7ad05590f4a8b49bd7ecab3f483194e8,sheet1:R11,,,
81c7e24b0b3f3729-sheet1-R12,2026-05-26,daegu-dalseong,가족정책과,마지카운티,여성가족 업무관계자 간식제공 및 지출,23000,81c7e24b0b3f3729fe377515a10fb1cf7ad05590f4a8b49bd7ecab3f483194e8,sheet1:R12,,,
81c7e24b0b3f3729-sheet1-R13,2026-05-27,daegu-dalseong,가족정책과,옛골쌈밥,아동보호팀 업무관계자 식사제공 및 지출,57000,81c7e24b0b3f3729fe377515a10fb1cf7ad05590f4a8b49bd7ecab3f483194e8,sheet1:R13,,,
81c7e24b0b3f3729-sheet1-R14,2026-05-28,daegu-dalseong,가족정책과,풍천장어,여성가족 업무관계자 간식제공 및 지출,70000,81c7e24b0b3f3729fe377515a10fb1cf7ad05590f4a8b49bd7ecab3f483194e8,sheet1:R14,,,
cc6b571e9875daef-sheet1-R6,2026-05-08,daegu-dalseong,도시공원과,하나해물탕,"공원 조성 추진 관계자 간담회 식사, 다과 제공 및 지출",156000,cc6b571e9875daeff4b09a89e2cb2e9a3ecc6b5cc5620c3bcfa5301d1dbc0319,sheet1:R6,,,
cc6b571e9875daef-sheet1-R7,2026-05-20,daegu-dalseong,도시공원과,성은누릉지백숙,"정원 관련 업무 추진 관계자 식사, 다과 제공 및 지출",128000,cc6b571e9875daeff4b09a89e2cb2e9a3ecc6b5cc5620c3bcfa5301d1dbc0319,sheet1:R7,,,
cc6b571e9875daef-sheet1-R8,2026-05-20,daegu-dalseong,도시공원과,묘운,"정원 관련 업무 추진 관계자 식사, 다과 제공 및 지출",81500,cc6b571e9875daeff4b09a89e2cb2e9a3ecc6b5cc5620c3bcfa5301d1dbc0319,sheet1:R8,,,
62cecd34141e446f-sheet1-R5,2026-05-07,daegu-dalseong,경제산업과,유가제빵소,청년문화센터 업무 추진 관계자 다과 제공 및 지출,40800,62cecd34141e446f341bd3a473ac0d291e0821cb9e1f33a3bcdd7d8fbc737613,sheet1:R5,,,
62cecd34141e446f-sheet1-R6,2026-05-08,daegu-dalseong,경제산업과,울엄마손메밀묵,사회적경제 업무 협의에 따른 관계자 식사 제공 및 지출,36000,62cecd34141e446f341bd3a473ac0d291e0821cb9e1f33a3bcdd7d8fbc737613,sheet1:R6,,,
62cecd34141e446f-sheet1-R7,2026-05-29,daegu-dalseong,경제산업과,백세식품,기업지원 업무 추진 관계자 식사 제공 및 지출,26000,62cecd34141e446f341bd3a473ac0d291e0821cb9e1f33a3bcdd7d8fbc737613,sheet1:R7,,,
7eff0fc0bece83ae-sheet1-R6,2026-05-12,daegu-dalseong,경제산업과,개인(성명 비공개),소속 직원 조의금 지출,50000,7eff0fc0bece83ae5ade0925cfa5efa36e382cbfd2c686ccd9568ab2648e29de,sheet1:R6,,,
7eff0fc0bece83ae-sheet1-R7,2026-05-28,daegu-dalseong,경제산업과,개인(성명 비공개),소속 직원 축의금 지출,50000,7eff0fc0bece83ae5ade0925cfa5efa36e382cbfd2c686ccd9568ab2648e29de,sheet1:R7,,,
7eff0fc0bece83ae-sheet1-R12,2026-05-06,daegu-dalseong,경제산업과,오복누룽지삼계탕 대구송해공원점,농정업무 추진에 따른 관계자 식사 제공 및 지출,75000,7eff0fc0bece83ae5ade0925cfa5efa36e382cbfd2c686ccd9568ab2648e29de,sheet1:R12,,,
7eff0fc0bece83ae-sheet1-R13,2026-05-08,daegu-dalseong,경제산업과,양화식당,마을공동주차장 조성 관련 관계자 식사 제공 및 지출,102000,7eff0fc0bece83ae5ade0925cfa5efa36e382cbfd2c686ccd9568ab2648e29de,sheet1:R13,,,
7eff0fc0bece83ae-sheet1-R14,2026-05-11,daegu-dalseong,경제산업과,강림추어탕,환경관리 업무추진 관계자 식사 제공 및 지출,27000,7eff0fc0bece83ae5ade0925cfa5efa36e382cbfd2c686ccd9568ab2648e29de,sheet1:R14,,,
7eff0fc0bece83ae-sheet1-R15,2026-05-12,daegu-dalseong,경제산업과,강림추어탕,중소기업 지원업무 관계자 식사 제공 및 지출,55000,7eff0fc0bece83ae5ade0925cfa5efa36e382cbfd2c686ccd9568ab2648e29de,sheet1:R15,,,
7eff0fc0bece83ae-sheet1-R16,2026-05-13,daegu-dalseong,경제산업과,릴리 브리즈,교통행정 업무 추진 관계자 식사 제공 및 지출,145400,7eff0fc0bece83ae5ade0925cfa5efa36e382cbfd2c686ccd9568ab2648e29de,sheet1:R16,,,
7eff0fc0bece83ae-sheet1-R17,2026-05-13,daegu-dalseong,경제산업과,경성술집 진천역점,지역경제 활성화 업무추진 관계자 식사 제공 및 지출,78100,7eff0fc0bece83ae5ade0925cfa5efa36e382cbfd2c686ccd9568ab2648e29de,sheet1:R17,,,
7eff0fc0bece83ae-sheet1-R18,2026-05-18,daegu-dalseong,경제산업과,달성보국수집,농정업무 추진 관계자 식사 제공 및 지출,29000,7eff0fc0bece83ae5ade0925cfa5efa36e382cbfd2c686ccd9568ab2648e29de,sheet1:R18,,,
7eff0fc0bece83ae-sheet1-R19,2026-05-19,daegu-dalseong,경제산업과,"만복이쭈꾸미, 낙지볶음",고유가 피해지원금 업무 추진 관계자 식사 제공 및 지출,33000,7eff0fc0bece83ae5ade0925cfa5efa36e382cbfd2c686ccd9568ab2648e29de,sheet1:R19,,,
7eff0fc0bece83ae-sheet1-R20,2026-05-20,daegu-dalseong,경제산업과,울엄마손메밀묵,에너지관리 업무 추진 관계자 식사 제공 및 지출,34000,7eff0fc0bece83ae5ade0925cfa5efa36e382cbfd2c686ccd9568ab2648e29de,sheet1:R20,,,
7eff0fc0bece83ae-sheet1-R21,2026-05-22,daegu-dalseong,경제산업과,마장동고기집 화원명곡점,사회적경제 업무 추진 관계자 식사 제공 및 지출,59000,7eff0fc0bece83ae5ade0925cfa5efa36e382cbfd2c686ccd9568ab2648e29de,sheet1:R21,,,
7eff0fc0bece83ae-sheet1-R22,2026-05-26,daegu-dalseong,경제산업과,장군소머리곰탕,환경 업무 추진 관계자 식사 제공 및 지출,62000,7eff0fc0bece83ae5ade0925cfa5efa36e382cbfd2c686ccd9568ab2648e29de,sheet1:R22,,,
7eff0fc0bece83ae-sheet1-R23,2026-05-28,daegu-dalseong,경제산업과,짬뽕전문 대흥이,교통행정 업무 추진 관계자 식사 제공 및 지출,69000,7eff0fc0bece83ae5ade0925cfa5efa36e382cbfd2c686ccd9568ab2648e29de,sheet1:R23,,,
7eff0fc0bece83ae-sheet1-R24,2026-05-29,daegu-dalseong,경제산업과,미식한끼,농정업무 추진 관계자 식사 제공 및 지출,20000,7eff0fc0bece83ae5ade0925cfa5efa36e382cbfd2c686ccd9568ab2648e29de,sheet1:R24,,,
7eff0fc0bece83ae-sheet1-R25,2026-05-29,daegu-dalseong,경제산업과,다올숯닭,농정업무 추진 관계자 식사 제공 및 지출,56000,7eff0fc0bece83ae5ade0925cfa5efa36e382cbfd2c686ccd9568ab2648e29de,sheet1:R25,,,
2e1d3a31ef3cafda-sheet1-R7,2026-05-04,daegu-dalseong,홍보협력과,장군소머리곰탕,가정의 달 행사 홍보를 위한 언론관계자 간담회 식사 제공 및 지출,80000,2e1d3a31ef3cafdac4d5d8c458635bf26cde5179dcc11af77b0b5e12d7b3c263,sheet1:R7,,,
2e1d3a31ef3cafda-sheet1-R8,2026-05-04,daegu-dalseong,홍보협력과,솔라이트 커피,가정의 달 행사 홍보를 위한 언론관계자 간담회 식사 제공 및 지출,23300,2e1d3a31ef3cafdac4d5d8c458635bf26cde5179dcc11af77b0b5e12d7b3c263,sheet1:R8,,,
2e1d3a31ef3cafda-sheet1-R9,2026-05-06,daegu-dalseong,홍보협력과,울엄마손메밀묵,언론보도 활성화를 위한 업무관계자 간담회 식사 제공 및 지출,40000,2e1d3a31ef3cafdac4d5d8c458635bf26cde5179dcc11af77b0b5e12d7b3c263,sheet1:R9,,,
2e1d3a31ef3cafda-sheet1-R10,2026-05-08,daegu-dalseong,홍보협력과,군마,군정 홍보 활성화를 위한 업무관계자 간담회 식사 제공 및 지출,478000,2e1d3a31ef3cafdac4d5d8c458635bf26cde5179dcc11af77b0b5e12d7b3c263,sheet1:R10,,,
2e1d3a31ef3cafda-sheet1-R11,2026-05-19,daegu-dalseong,홍보협력과,생생팜영농조합법인,군정소식 홍보 협조를 위한 언론관계자 간담회 간식 제공 및 지출,107460,2e1d3a31ef3cafdac4d5d8c458635bf26cde5179dcc11af77b0b5e12d7b3c263,sheet1:R11,,,
2e1d3a31ef3cafda-sheet1-R12,2026-05-19,daegu-dalseong,홍보협력과,현풍돌짜장,홍보 협력 사업 관계자 식사 제공 및 지출,61000,2e1d3a31ef3cafdac4d5d8c458635bf26cde5179dcc11af77b0b5e12d7b3c263,sheet1:R12,,,
2e1d3a31ef3cafda-sheet1-R13,2026-05-20,daegu-dalseong,홍보협력과,비슬한우식육식당,주요 관광지 홍보 활성화를 위한 언론관계자 간담회 식사 제공 및 지출,206000,2e1d3a31ef3cafdac4d5d8c458635bf26cde5179dcc11af77b0b5e12d7b3c263,sheet1:R13,,,
2e1d3a31ef3cafda-sheet1-R14,2026-05-22,daegu-dalseong,홍보협력과,어화도 대구다사점,달성청년축제 업무 협의를 위한 업무관계자 간담회 식사 제공 및 지출,88000,2e1d3a31ef3cafdac4d5d8c458635bf26cde5179dcc11af77b0b5e12d7b3c263,sheet1:R14,,,
2e1d3a31ef3cafda-sheet1-R15,2026-05-22,daegu-dalseong,홍보협력과,투썸플레이스 대구강정보디아크점,달성청년축제 업무 협의를 위한 업무관계자 간담회 식사 제공 및 지출,19400,2e1d3a31ef3cafdac4d5d8c458635bf26cde5179dcc11af77b0b5e12d7b3c263,sheet1:R15,,,
2e1d3a31ef3cafda-sheet1-R16,2026-05-26,daegu-dalseong,홍보협력과,국일생갈비,달성군 시책 홍보 업무 관계자 간담회 식사 제공 및 지출,212000,2e1d3a31ef3cafdac4d5d8c458635bf26cde5179dcc11af77b0b5e12d7b3c263,sheet1:R16,,,
d3ae0953b7d668dd-sheet1-R6,2026-05-15,daegu-dalseong,생활보장과,나폴리언덕,자활사업단 업무관계자 식사제공 및 지출,74500,d3ae0953b7d668ddfd4aa03fe020da4c2ce3ffa27409150f54396765890ff1f2,sheet1:R6,,,
d3ae0953b7d668dd-sheet1-R7,2026-05-28,daegu-dalseong,생활보장과,솔비식당,취약계층지원 업무 관계자 식사제공 및 지출,65000,d3ae0953b7d668ddfd4aa03fe020da4c2ce3ffa27409150f54396765890ff1f2,sheet1:R7,,,
d3ae0953b7d668dd-sheet1-R13,2026-05-08,daegu-dalseong,생활보장과,오늘한쌈 송해공원점,생활보장과 직원 격려 급식 및 음료제공 및 지출,97000,d3ae0953b7d668ddfd4aa03fe020da4c2ce3ffa27409150f54396765890ff1f2,sheet1:R13,,,
d3ae0953b7d668dd-sheet1-R14,2026-05-08,daegu-dalseong,생활보장과,이디야커피 대구옥포점,생활보장과 직원 격려 급식 및 음료제공 및 지출,37600,d3ae0953b7d668ddfd4aa03fe020da4c2ce3ffa27409150f54396765890ff1f2,sheet1:R14,,,
d3ae0953b7d668dd-sheet1-R15,2026-05-14,daegu-dalseong,생활보장과,딜라이트,생활보장과 직원 격려 음료제공 및 지출,150000,d3ae0953b7d668ddfd4aa03fe020da4c2ce3ffa27409150f54396765890ff1f2,sheet1:R15,,,
d3ae0953b7d668dd-sheet1-R16,2026-05-14,daegu-dalseong,생활보장과,의성무침회,생활보장과 직원 격려 급식 제공 및 지출,55000,d3ae0953b7d668ddfd4aa03fe020da4c2ce3ffa27409150f54396765890ff1f2,sheet1:R16,,,
d3ae0953b7d668dd-sheet1-R17,2026-05-18,daegu-dalseong,생활보장과,비비가,생활보장과 직원 격려 급식 제공 및 지출,53500,d3ae0953b7d668ddfd4aa03fe020da4c2ce3ffa27409150f54396765890ff1f2,sheet1:R17,,,
d3ae0953b7d668dd-sheet1-R18,2026-05-19,daegu-dalseong,생활보장과,최과장회덮밥,생활보장과 직원 격려 급식 제공 및 지출,75000,d3ae0953b7d668ddfd4aa03fe020da4c2ce3ffa27409150f54396765890ff1f2,sheet1:R18,,,
3ce3924427b2e249-sheet1-R7,2026-05-08,daegu-dalseong,징수과,비비가,체납관리단 운영준비에 따른 관계자 급식 제공,114000,3ce3924427b2e2492b6b94a6b008428817118d3763453bc126ab08961c9e532a,sheet1:R7,,,
3ce3924427b2e249-sheet1-R8,2026-05-13,daegu-dalseong,징수과,솔밭생수식당,납세편의 시책 및 체납관리단 운영계획 홍보에 따른 관계자 급식 제공,52000,3ce3924427b2e2492b6b94a6b008428817118d3763453bc126ab08961c9e532a,sheet1:R8,,,
3ce3924427b2e249-sheet1-R9,2026-05-13,daegu-dalseong,징수과,핸즈커피 송해공원점,납세편의 시책 및 체납관리단 운영계획 홍보에 따른 관계자 급식 제공,38400,3ce3924427b2e2492b6b94a6b008428817118d3763453bc126ab08961c9e532a,sheet1:R9,,,
3ce3924427b2e249-sheet1-R10,2026-05-22,daegu-dalseong,징수과,강림추어탕,지방소득세(종합소득) 신고·납부 관련 업무추진에 따른 관계자 급식 제공,45000,3ce3924427b2e2492b6b94a6b008428817118d3763453bc126ab08961c9e532a,sheet1:R10,,,
3ce3924427b2e249-sheet1-R11,2026-05-29,daegu-dalseong,징수과,부산진국밥,지방세 환급금 최소화 등 납세자 불편 해소 업무추진에 따른 관계자 급식 제공,105000,3ce3924427b2e2492b6b94a6b008428817118d3763453bc126ab08961c9e532a,sheet1:R11,,,
2e6531f6cbcdd827-sheet1-R6,2026-05-06,daegu-dalseong,옥포읍,부산식당,유관기관 업무 협의에 따른 참석자 식사 제공 및 지출,75000,2e6531f6cbcdd8276e4d7357371268701ee94a0cb2334fcfa655b0c2cf1c29eb,sheet1:R6,,,
2e6531f6cbcdd827-sheet1-R7,2026-05-19,daegu-dalseong,옥포읍,뼈마시감자탕부대찌개,유관기관 업무 협의에 따른 참석자 식사 제공 및 지출,64000,2e6531f6cbcdd8276e4d7357371268701ee94a0cb2334fcfa655b0c2cf1c29eb,sheet1:R7,,,
2e6531f6cbcdd827-sheet1-R8,2026-05-20,daegu-dalseong,옥포읍,궁뎅이,유관기관 업무 협의에 따른 참석자 식사 제공 및 지출,61000,2e6531f6cbcdd8276e4d7357371268701ee94a0cb2334fcfa655b0c2cf1c29eb,sheet1:R8,,,
2e6531f6cbcdd827-sheet1-R9,2026-05-27,daegu-dalseong,옥포읍,황금명태조리고,유관기관 업무 협의에 따른 참석자 식사 제공 및 지출,40000,2e6531f6cbcdd8276e4d7357371268701ee94a0cb2334fcfa655b0c2cf1c29eb,sheet1:R9,,,
2d6fdfd1cc1d1b61-sheet1-R7,2026-04-03,daegu-dalseong,정보통신과,강림추어탕,CCTV통합관제시스템 유지보수 관계자 간담회 식사 제공 및 지출,36000,2d6fdfd1cc1d1b61634372b53c785a967a3eaa7f9183de82b740ae2c4abc4141,sheet1:R7,,,
2d6fdfd1cc1d1b61-sheet1-R8,2026-04-09,daegu-dalseong,정보통신과,강림추어탕,기록관리 시스템 유지보수 업무 관계자 식사제공 및 지출,27000,2d6fdfd1cc1d1b61634372b53c785a967a3eaa7f9183de82b740ae2c4abc4141,sheet1:R8,,,
2d6fdfd1cc1d1b61-sheet1-R9,2026-04-10,daegu-dalseong,정보통신과,동해갈치곤드레,지능 정보화 업무추진 관계자 식사제공 및 지출,25000,2d6fdfd1cc1d1b61634372b53c785a967a3eaa7f9183de82b740ae2c4abc4141,sheet1:R9,,,
2d6fdfd1cc1d1b61-sheet1-R10,2026-04-14,daegu-dalseong,정보통신과,더포,정보보안 시스템 업무추진 관계자 식사제공 및 지출,39000,2d6fdfd1cc1d1b61634372b53c785a967a3eaa7f9183de82b740ae2c4abc4141,sheet1:R10,,,
2d6fdfd1cc1d1b61-sheet1-R11,2026-04-17,daegu-dalseong,정보통신과,울엄마손메밀묵,정보통신네트워크 시스템 업무추진 관계자 식사 제공 및 지출,33000,2d6fdfd1cc1d1b61634372b53c785a967a3eaa7f9183de82b740ae2c4abc4141,sheet1:R11,,,
2d6fdfd1cc1d1b61-sheet1-R12,2026-04-24,daegu-dalseong,정보통신과,돈구이,사이버보안 시스템 업무추진 관계자 식사제공 및 지출,54000,2d6fdfd1cc1d1b61634372b53c785a967a3eaa7f9183de82b740ae2c4abc4141,sheet1:R12,,,
2d6fdfd1cc1d1b61-sheet1-R13,2026-04-28,daegu-dalseong,정보통신과,돈까스클럽,행정정보망 유지보수 업무추진 관계자 식사제공 및 지출,44300,2d6fdfd1cc1d1b61634372b53c785a967a3eaa7f9183de82b740ae2c4abc4141,sheet1:R13,,,
2d6fdfd1cc1d1b61-sheet1-R14,2026-04-30,daegu-dalseong,정보통신과,안집묵집,지능 정보화 업무추진 관계자 식사제공 및 지출,103000,2d6fdfd1cc1d1b61634372b53c785a967a3eaa7f9183de82b740ae2c4abc4141,sheet1:R14,,,
5d6cbe02b65e5497-sheet1-R6,2026-04-20,daegu-dalseong,토지정보과,컴포즈커피 대구검단점,지적분야 경진대회 참가자 간식 제공 및 지출,34600,5d6cbe02b65e549729fb861370f6c0d4a42aaf677facbad5640513163fdd873e,sheet1:R6,,,
5d6cbe02b65e5497-sheet1-R7,2026-04-23,daegu-dalseong,토지정보과,한티재,"2027년 지적분야 경진대회 참가자 식사, 다과 제공 및 지출",65000,5d6cbe02b65e549729fb861370f6c0d4a42aaf677facbad5640513163fdd873e,sheet1:R7,,,
5d6cbe02b65e5497-sheet1-R8,2026-04-23,daegu-dalseong,토지정보과,리터킹 유통단지점,"2026년 지적분야 경진대회 참가자 식사, 다과 제공 및 지출",16500,5d6cbe02b65e549729fb861370f6c0d4a42aaf677facbad5640513163fdd873e,sheet1:R8,,,
ae13742860f8f337-sheet1-R6,2026-04-08,daegu-dalseong,도시정책과,적의처,개발제한구역 주민지원사업 추진 관계자 다과 제공 및 지출,11600,ae13742860f8f3378f1c3ca66c559c8b1e34a152b5e60abaf80d57b446fa2d15,sheet1:R6,,,
ae13742860f8f337-sheet1-R7,2026-04-09,daegu-dalseong,도시정책과,적의처,설화리 도시재생사업 추진 관계자 다과 제공 및 지출,15600,ae13742860f8f3378f1c3ca66c559c8b1e34a152b5e60abaf80d57b446fa2d15,sheet1:R7,,,
579d4c9980ac47e5-sheet1-R6,2026-03-03,daegu-dalseong,도시정책과,적의처,개발제한구역 주민지원사업 추진 관계자 식사 제공 및 지출,120000,579d4c9980ac47e5c0c3f33fe98f0a890e250d313fd314b350fc514c6b521d2b,sheet1:R6,,,
579d4c9980ac47e5-sheet1-R7,2026-03-10,daegu-dalseong,도시정책과,적의처,도시경관디자인 업무 추진 관계자 다과 제공 및 지출,32000,579d4c9980ac47e5c0c3f33fe98f0a890e250d313fd314b350fc514c6b521d2b,sheet1:R7,,,
579d4c9980ac47e5-sheet1-R8,2026-03-27,daegu-dalseong,도시정책과,적의처,설화리 도시재생사업 추진 관계자 식사 및 다과 제공,152000,579d4c9980ac47e5c0c3f33fe98f0a890e250d313fd314b350fc514c6b521d2b,sheet1:R8,,,
579d4c9980ac47e5-sheet1-R9,2026-03-31,daegu-dalseong,도시정책과,적의처,도시경관디자인 업무 추진 관계자 다과 제공 및 지출,173000,579d4c9980ac47e5c0c3f33fe98f0a890e250d313fd314b350fc514c6b521d2b,sheet1:R9,,,
1bd581034b5c7bf6-sheet1-R6,2026-04-09,daegu-dalseong,도시공원과,섬부가든,녹지업무 추진 관계자 간담회 실시 및 식사제공,390000,1bd581034b5c7bf6ae9ab21e1eaa482af6ff8fb727cb9cad1cc446507cb3a760,sheet1:R6,,,
e625164433c74b59-sheet1-R7,2026-04-07,daegu-dalseong,기획예산과,보노,군정 기획업무 추진을 위한 사업관계자 간담회 식사제공 및 지출,112000,e625164433c74b59d0bb71d3fd424cf562a893a7b1e4456ceec782a74594c38e,sheet1:R7,,,
e625164433c74b59-sheet1-R8,2026-04-21,daegu-dalseong,기획예산과,만복이쭈꾸미낙지볶음,지역전략사업 추진 관계자 간담회 식사제공 및 지출,34000,e625164433c74b59d0bb71d3fd424cf562a893a7b1e4456ceec782a74594c38e,sheet1:R8,,,
e625164433c74b59-sheet1-R9,2026-04-23,daegu-dalseong,기획예산과,제주은희네해장국,주요 전략사업 추진을 위한 관계자 간담회 식사제공 및 지출,85000,e625164433c74b59d0bb71d3fd424cf562a893a7b1e4456ceec782a74594c38e,sheet1:R9,,,
e625164433c74b59-sheet1-R10,2026-04-28,daegu-dalseong,기획예산과,누리카페,예산업무 협의를 위한 관계자 간담회 다과 제공 및 지출,40500,e625164433c74b59d0bb71d3fd424cf562a893a7b1e4456ceec782a74594c38e,sheet1:R10,,,
e625164433c74b59-sheet1-R11,2026-04-01,daegu-dalseong,기획예산과,연막창 신월성점,정책사업 추진을 위한 업무 관계자 간담회 식사제공 및 지출,334000,e625164433c74b59d0bb71d3fd424cf562a893a7b1e4456ceec782a74594c38e,sheet1:R11,,,
e625164433c74b59-sheet1-R12,2026-04-07,daegu-dalseong,기획예산과,부산식당,정책사업 추진을 위한 사업관계자 간담회 식사제공 및 지출,212000,e625164433c74b59d0bb71d3fd424cf562a893a7b1e4456ceec782a74594c38e,sheet1:R12,,,
5d884956ff8dadb5-sheet1-R7,2026-04-06,daegu-dalseong,기획예산과,개인(성명 비공개),직원 경사 축의금 지출,50000,5d884956ff8dadb56485f946f4c2e4074ba4f63fb31531a7addf78471cd1b13c,sheet1:R7,,,
5d884956ff8dadb5-sheet1-R12,2026-04-02,daegu-dalseong,기획예산과,안동갈비,주요 전략사업 추진을 위한 관계자 식사 제공 및 지출,127000,5d884956ff8dadb56485f946f4c2e4074ba4f63fb31531a7addf78471cd1b13c,sheet1:R12,,,
5d884956ff8dadb5-sheet1-R13,2026-04-03,daegu-dalseong,기획예산과,강림추어탕,보육업무 추진 관계자 식사 제공 및 지출,119000,5d884956ff8dadb56485f946f4c2e4074ba4f63fb31531a7addf78471cd1b13c,sheet1:R13,,,
5d884956ff8dadb5-sheet1-R14,2026-04-10,daegu-dalseong,기획예산과,전통복어전문식당,정책사업 주요 사업장 점검 관계자 식사 제공 및 지출,98000,5d884956ff8dadb56485f946f4c2e4074ba4f63fb31531a7addf78471cd1b13c,sheet1:R14,,,
5d884956ff8dadb5-sheet1-R15,2026-04-10,daegu-dalseong,기획예산과,오늘도족발에한잔,군정현안 논의를 위한 사업관계자 식사 제공 및 지출,80000,5d884956ff8dadb56485f946f4c2e4074ba4f63fb31531a7addf78471cd1b13c,sheet1:R15,,,
5d884956ff8dadb5-sheet1-R16,2026-04-13,daegu-dalseong,기획예산과,보백관,정책사업 주요 사업장 점검 관계자 식사 제공 및 지출,127000,5d884956ff8dadb56485f946f4c2e4074ba4f63fb31531a7addf78471cd1b13c,sheet1:R16,,,
5d884956ff8dadb5-sheet1-R17,2026-04-14,daegu-dalseong,기획예산과,전통복어전문식당,정책사업 주요 사업장 점검 관계자 식사 제공 및 지출,167000,5d884956ff8dadb56485f946f4c2e4074ba4f63fb31531a7addf78471cd1b13c,sheet1:R17,,,
5d884956ff8dadb5-sheet1-R18,2026-04-21,daegu-dalseong,기획예산과,안동갈비,주요 전략사업 추진을 위한 관계자 식사 제공 및 지출,119000,5d884956ff8dadb56485f946f4c2e4074ba4f63fb31531a7addf78471cd1b13c,sheet1:R18,,,
5d884956ff8dadb5-sheet1-R19,2026-04-22,daegu-dalseong,기획예산과,현풍태흥추어탕,홍보협력 사업관계자 식사제공 및 지출,65000,5d884956ff8dadb56485f946f4c2e4074ba4f63fb31531a7addf78471cd1b13c,sheet1:R19,,,
5d884956ff8dadb5-sheet1-R20,2026-04-24,daegu-dalseong,기획예산과,북면자연농원,조경사업 추진 관계자 식사 제공 및 지출,79000,5d884956ff8dadb56485f946f4c2e4074ba4f63fb31531a7addf78471cd1b13c,sheet1:R20,,,
5d884956ff8dadb5-sheet1-R21,2026-04-30,daegu-dalseong,기획예산과,보백관,정원 업무추진 관계자 식사제공 및 지출,79500,5d884956ff8dadb56485f946f4c2e4074ba4f63fb31531a7addf78471cd1b13c,sheet1:R21,,,
5d884956ff8dadb5-sheet1-R22,2026-04-30,daegu-dalseong,기획예산과,봉자막창,군 주요업무 추진을 위한 사업관계자 간담회 식사제공 및 지출,118000,5d884956ff8dadb56485f946f4c2e4074ba4f63fb31531a7addf78471cd1b13c,sheet1:R22,,,
cc767682466ebe41-sheet1-R6,2026-04-01,daegu-dalseong,총무과,청보리/스테이블모먼트,"공공시설물 건립 관계자 식사, 다과 제공",65600,cc767682466ebe413b245129f27bcbfb1d7d689194a5231949a779b77c328432,sheet1:R6,,,
cc767682466ebe41-sheet1-R7,2026-04-02,daegu-dalseong,총무과,딜라이트,창의놀이터 특화사업 추진 관계자 다과 제공,22800,cc767682466ebe413b245129f27bcbfb1d7d689194a5231949a779b77c328432,sheet1:R7,,,
cc767682466ebe41-sheet1-R8,2026-04-07,daegu-dalseong,총무과,롤링핀,"창의놀이터 특화사업 추진관계자 식사, 다과 제공",62500,cc767682466ebe413b245129f27bcbfb1d7d689194a5231949a779b77c328432,sheet1:R8,,,
cc767682466ebe41-sheet1-R9,2026-04-09,daegu-dalseong,총무과,냄비집/딜라이트,"공공시설물 건립 관계자 식사, 다과 제공",78500,cc767682466ebe413b245129f27bcbfb1d7d689194a5231949a779b77c328432,sheet1:R9,,,
cc767682466ebe41-sheet1-R10,2026-04-10,daegu-dalseong,총무과,동해칼치곤드레/딜라이트,"창의놀이터 특화사업 추진 관계자 식사, 다과 제공",37800,cc767682466ebe413b245129f27bcbfb1d7d689194a5231949a779b77c328432,sheet1:R10,,,
cc767682466ebe41-sheet1-R11,2026-04-13,daegu-dalseong,총무과,벨베꼼메,"봄맞이 다사 광장 환경정비 관계자 식사, 다과 제공",40100,cc767682466ebe413b245129f27bcbfb1d7d689194a5231949a779b77c328432,sheet1:R11,,,
cc767682466ebe41-sheet1-R12,2026-04-14,daegu-dalseong,총무과,냄비집/딜라이트,"공공시설물 건립 관계자 식사, 다과 제공",52300,cc767682466ebe413b245129f27bcbfb1d7d689194a5231949a779b77c328432,sheet1:R12,,,
cc767682466ebe41-sheet1-R13,2026-04-16,daegu-dalseong,총무과,참한우소갈비집/놀멍,"공공건축물 조성 관계자 식사, 다과 제공",163600,cc767682466ebe413b245129f27bcbfb1d7d689194a5231949a779b77c328432,sheet1:R13,,,
cc767682466ebe41-sheet1-R14,2026-04-17,daegu-dalseong,총무과,딜라이트,포산공원 리뉴얼 사업 관계자 다과 제공,28500,cc767682466ebe413b245129f27bcbfb1d7d689194a5231949a779b77c328432,sheet1:R14,,,
cc767682466ebe41-sheet1-R15,2026-04-20,daegu-dalseong,총무과,미담/스테이블모먼트,"화원복합커뮤니티 건립 관계자 식사, 다과 제공",176800,cc767682466ebe413b245129f27bcbfb1d7d689194a5231949a779b77c328432,sheet1:R15,,,
cc767682466ebe41-sheet1-R16,2026-04-22,daegu-dalseong,총무과,커피팀버,과학관 공원 리뉴얼 사업 관계자 다과 제공,49700,cc767682466ebe413b245129f27bcbfb1d7d689194a5231949a779b77c328432,sheet1:R16,,,
cc767682466ebe41-sheet1-R17,2026-04-23,daegu-dalseong,총무과,솔밭생수식당/바토플루이르 송해`,"공공건축물 건립 업무 관계자 식사, 다과 제공",189600,cc767682466ebe413b245129f27bcbfb1d7d689194a5231949a779b77c328432,sheet1:R17,,,
cc767682466ebe41-sheet1-R18,2026-04-24,daegu-dalseong,총무과,교동면옥/스테이블모먼트 화원점,"비슬구천공원 정비사업 관계자 식사, 다과 제공",152900,cc767682466ebe413b245129f27bcbfb1d7d689194a5231949a779b77c328432,sheet1:R18,,,
cc767682466ebe41-sheet1-R19,2026-04-28,daegu-dalseong,총무과,송해공원 연지담/마지카운티,"달성 비슬도서관 건립 관계자 식사, 다과 제공",130600,cc767682466ebe413b245129f27bcbfb1d7d689194a5231949a779b77c328432,sheet1:R19,,,
cc767682466ebe41-sheet1-R20,2026-04-29,daegu-dalseong,총무과,미담/커피팀버,"달성 비슬도서관 건립 관계자 식사, 다과 제공",330200,cc767682466ebe413b245129f27bcbfb1d7d689194a5231949a779b77c328432,sheet1:R20,,,
cc767682466ebe41-sheet1-R21,2026-04-30,daegu-dalseong,총무과,교동면옥/스테이블모먼트 화원점/타가커피,"서재 생활문화센터 건립 업무 관계자 식사, 다과 제공",227500,cc767682466ebe413b245129f27bcbfb1d7d689194a5231949a779b77c328432,sheet1:R21,,,
26c508d83af3b7dc-sheet1-R7,2026-04-03,daegu-dalseong,총무과,대백마트,2026년 화랑훈련 종합상활실 운영을 위한 다과 제공,98610,26c508d83af3b7dc39b97326708279569094bae3a32d80b2740d21119026e536,sheet1:R7,,,
26c508d83af3b7dc-sheet1-R8,2026-04-10,daegu-dalseong,총무과,일미한우,한마음교육 관계자 식사 제공,29000,26c508d83af3b7dc39b97326708279569094bae3a32d80b2740d21119026e536,sheet1:R8,,,
26c508d83af3b7dc-sheet1-R9,2026-04-29,daegu-dalseong,총무과,냄비집,직원 역량강화 교육 관계자 식사 제공,94000,26c508d83af3b7dc39b97326708279569094bae3a32d80b2740d21119026e536,sheet1:R9,,,
26c508d83af3b7dc-sheet1-R10,2026-04-30,daegu-dalseong,총무과,울엄마손메밀묵/딜라이트,유연근무 활성화 추진 관계자 식사 제공,61500,26c508d83af3b7dc39b97326708279569094bae3a32d80b2740d21119026e536,sheet1:R10,,,
26c508d83af3b7dc-sheet1-R11,2026-04-30,daegu-dalseong,총무과,육대식쪽갈비숯불갈비,청사 보안업무 관계자 식사 제공,245000,26c508d83af3b7dc39b97326708279569094bae3a32d80b2740d21119026e536,sheet1:R11,,,
301fcde054a5953e-sheet1-R6,2026-04-16,daegu-dalseong,총무과,짬뽕전문 대흥이,인사 및 교육 관련 직원 식사 제공,86000,301fcde054a5953ef0b19b6541903cac0c0b389a9ca2fb4b83bd0f89ddd98dc5,sheet1:R6,,,
301fcde054a5953e-sheet1-R7,2026-04-20,daegu-dalseong,총무과,장수하늘소,청사 보안 관련 직원 격려 식사 제공,30000,301fcde054a5953ef0b19b6541903cac0c0b389a9ca2fb4b83bd0f89ddd98dc5,sheet1:R7,,,
301fcde054a5953e-sheet1-R12,2026-04-13,daegu-dalseong,총무과,울엄마손메밀묵/딜라이트,"모범선행군민 표창 수여 관계자 식사, 다과 제공",102500,301fcde054a5953ef0b19b6541903cac0c0b389a9ca2fb4b83bd0f89ddd98dc5,sheet1:R12,,,
301fcde054a5953e-sheet1-R13,2026-04-17,daegu-dalseong,총무과,소문난부자 돼지 국밥,지역 통합방위업무 관계자 식사 제공,36500,301fcde054a5953ef0b19b6541903cac0c0b389a9ca2fb4b83bd0f89ddd98dc5,sheet1:R13,,,
301fcde054a5953e-sheet1-R14,2026-04-21,daegu-dalseong,총무과,장군소머리곰탕,직원 역량강화 교육 관계자 식사 제공,92000,301fcde054a5953ef0b19b6541903cac0c0b389a9ca2fb4b83bd0f89ddd98dc5,sheet1:R14,,,
301fcde054a5953e-sheet1-R15,2026-04-22,daegu-dalseong,총무과,비비가/딜라이트,"직원 복지 증진 관계자 식사, 다과 제공",130500,301fcde054a5953ef0b19b6541903cac0c0b389a9ca2fb4b83bd0f89ddd98dc5,sheet1:R15,,,
301fcde054a5953e-sheet1-R16,2026-04-24,daegu-dalseong,총무과,장춘복어,공유재산관리업무 관계자 식사 제공,159000,301fcde054a5953ef0b19b6541903cac0c0b389a9ca2fb4b83bd0f89ddd98dc5,sheet1:R16,,,
301fcde054a5953e-sheet1-R17,2026-04-27,daegu-dalseong,총무과,본가능이백숙/작가의가든,"특이민원업무 관계자 식사, 다과 제공",58500,301fcde054a5953ef0b19b6541903cac0c0b389a9ca2fb4b83bd0f89ddd98dc5,sheet1:R17,,,
301fcde054a5953e-sheet1-R18,2026-04-28,daegu-dalseong,총무과,일송정/딜라이트,"고향사랑기부제 활성화 추진 관계자 식사, 다과 제공",89400,301fcde054a5953ef0b19b6541903cac0c0b389a9ca2fb4b83bd0f89ddd98dc5,sheet1:R18,,,
721fe2095c1f3f5d-sheet1-R6,2026-04-01,daegu-dalseong,총무과,경주식당,장애인복지과 직원 격려 식사 제공,263000,721fe2095c1f3f5dff3c86f1982582fb600e5270bd4f5468adbe72add26dbaf4,sheet1:R6,,,
721fe2095c1f3f5d-sheet1-R7,2026-04-02,daegu-dalseong,총무과,개인(성명 비공개),직원 경조사 축의금 지출,50000,721fe2095c1f3f5dff3c86f1982582fb600e5270bd4f5468adbe72add26dbaf4,sheet1:R7,,,
721fe2095c1f3f5d-sheet1-R8,2026-04-08,daegu-dalseong,총무과,한우명가일번지,총무과 직원 격려 식사 제공,450000,721fe2095c1f3f5dff3c86f1982582fb600e5270bd4f5468adbe72add26dbaf4,sheet1:R8,,,
721fe2095c1f3f5d-sheet1-R9,2026-04-13,daegu-dalseong,총무과,대복성반점,비서실 직원 격려 식사 제공,46000,721fe2095c1f3f5dff3c86f1982582fb600e5270bd4f5468adbe72add26dbaf4,sheet1:R9,,,
721fe2095c1f3f5d-sheet1-R10,2026-04-14,daegu-dalseong,총무과,할매묵집,경제산업과 직원 격려 식사 제공,90000,721fe2095c1f3f5dff3c86f1982582fb600e5270bd4f5468adbe72add26dbaf4,sheet1:R10,,,
721fe2095c1f3f5d-sheet1-R11,2026-04-15,daegu-dalseong,총무과,버섯골,집행부와 군의회 간 간담회 개최에 따른 식사 제공,460000,721fe2095c1f3f5dff3c86f1982582fb600e5270bd4f5468adbe72add26dbaf4,sheet1:R11,,,
721fe2095c1f3f5d-sheet1-R12,2026-04-16,daegu-dalseong,총무과,개인(성명 비공개),직원 경조사 축의금 지출,50000,721fe2095c1f3f5dff3c86f1982582fb600e5270bd4f5468adbe72add26dbaf4,sheet1:R12,,,
721fe2095c1f3f5d-sheet1-R13,2026-04-23,daegu-dalseong,총무과,오늘의수산,주요 정책사업 추진 관계자 식사 제공,410000,721fe2095c1f3f5dff3c86f1982582fb600e5270bd4f5468adbe72add26dbaf4,sheet1:R13,,,
721fe2095c1f3f5d-sheet1-R14,2026-04-24,daegu-dalseong,총무과,대복성반점,결산업무 직원 격려 식사 제공,155000,721fe2095c1f3f5dff3c86f1982582fb600e5270bd4f5468adbe72add26dbaf4,sheet1:R14,,,
721fe2095c1f3f5d-sheet1-R15,2026-04-25,daegu-dalseong,총무과,서민식당,2026 송해공원 달성 걷기대회 행사 관계자 식사 제공,90000,721fe2095c1f3f5dff3c86f1982582fb600e5270bd4f5468adbe72add26dbaf4,sheet1:R15,,,
721fe2095c1f3f5d-sheet1-R16,2026-04-27,daegu-dalseong,총무과,성서한옥집 김치찜,비서실 직원 격려 식사 제공,52000,721fe2095c1f3f5dff3c86f1982582fb600e5270bd4f5468adbe72add26dbaf4,sheet1:R16,,,
721fe2095c1f3f5d-sheet1-R17,2026-04-27,daegu-dalseong,총무과,"감나무집, 홍시",하천계곡 구역 내 불법점용시설 점검 관계자 식사 제공,450000,721fe2095c1f3f5dff3c86f1982582fb600e5270bd4f5468adbe72add26dbaf4,sheet1:R17,,,
721fe2095c1f3f5d-sheet1-R18,2026-04-27,daegu-dalseong,총무과,개인(성명 비공개),직원 경조사 축의금 지출,50000,721fe2095c1f3f5dff3c86f1982582fb600e5270bd4f5468adbe72add26dbaf4,sheet1:R18,a412ba41ade159f0828f45b40e7a4a3181e8515ec0792c60f1f5aed20c4730b3:sheet1:R23,,
721fe2095c1f3f5d-sheet1-R19,2026-04-28,daegu-dalseong,총무과,달성군청 구내식당,교통행정 및 지도 업무 직원 격려 식사 제공,135000,721fe2095c1f3f5dff3c86f1982582fb600e5270bd4f5468adbe72add26dbaf4,sheet1:R19,,,
721fe2095c1f3f5d-sheet1-R20,2026-04-28,daegu-dalseong,총무과,개인(성명 비공개),직원 경조사 축의금,50000,721fe2095c1f3f5dff3c86f1982582fb600e5270bd4f5468adbe72add26dbaf4,sheet1:R20,a412ba41ade159f0828f45b40e7a4a3181e8515ec0792c60f1f5aed20c4730b3:sheet1:R26,,
721fe2095c1f3f5d-sheet1-R21,2026-04-29,daegu-dalseong,총무과,왕손짜장,의전 및 행사 지원 직원 격려 식사 제공,42000,721fe2095c1f3f5dff3c86f1982582fb600e5270bd4f5468adbe72add26dbaf4,sheet1:R21,,,
721fe2095c1f3f5d-sheet1-R26,2026-04-05,daegu-dalseong,총무과,화원애오리,제25회 달성군수기 생활체육 건강달리기 개회식 추진 관계자 식사 제공,129000,721fe2095c1f3f5dff3c86f1982582fb600e5270bd4f5468adbe72add26dbaf4,sheet1:R26,,,
721fe2095c1f3f5d-sheet1-R27,2026-04-12,daegu-dalseong,총무과,본동복어,비슬산참꽃배 초청 족구대회 개회식 관계자 식사 제공,230000,721fe2095c1f3f5dff3c86f1982582fb600e5270bd4f5468adbe72add26dbaf4,sheet1:R27,,,
721fe2095c1f3f5d-sheet1-R28,2026-04-17,daegu-dalseong,총무과,현풍가,제30회 비슬산 참꽃 문화제 개막식 관계자 식사 제공,446000,721fe2095c1f3f5dff3c86f1982582fb600e5270bd4f5468adbe72add26dbaf4,sheet1:R28,,,
721fe2095c1f3f5d-sheet1-R29,2026-04-18,daegu-dalseong,총무과,웰빙백세시대,비슬산 참꽃 문화제 관계자 식사 제공,52000,721fe2095c1f3f5dff3c86f1982582fb600e5270bd4f5468adbe72add26dbaf4,sheet1:R29,,,
a412ba41ade159f0-sheet1-R6,2026-04-01,daegu-dalseong,총무과,김태희맛집,홍보협력과 직원 격려 식사 제공,487000,a412ba41ade159f0828f45b40e7a4a3181e8515ec0792c60f1f5aed20c4730b3,sheet1:R6,,,
a412ba41ade159f0-sheet1-R7,2026-04-02,daegu-dalseong,총무과,강림추어탕,부속실 직원 격려 식사 제공,57000,a412ba41ade159f0828f45b40e7a4a3181e8515ec0792c60f1f5aed20c4730b3,sheet1:R7,,,
a412ba41ade159f0-sheet1-R9,2026-04-03,daegu-dalseong,총무과,부산식당,주요 광역협력 업무 추진 관계자 식사 제공,271000,a412ba41ade159f0828f45b40e7a4a3181e8515ec0792c60f1f5aed20c4730b3,sheet1:R9,,,
a412ba41ade159f0-sheet1-R10,2026-04-06,daegu-dalseong,총무과,울엄마손메밀묵,자원안보위기 대응 승용차 5부제 시행 관련 직원 격려 식사 제공,96000,a412ba41ade159f0828f45b40e7a4a3181e8515ec0792c60f1f5aed20c4730b3,sheet1:R10,,,
a412ba41ade159f0-sheet1-R11,2026-04-07,daegu-dalseong,총무과,옥포식당,군 금고 업무협의 추진 관계자 식사 제공,155000,a412ba41ade159f0828f45b40e7a4a3181e8515ec0792c60f1f5aed20c4730b3,sheet1:R11,,,
a412ba41ade159f0-sheet1-R12,2026-04-08,daegu-dalseong,총무과,개인(성명 비공개),직원 경조사 조의금,150000,a412ba41ade159f0828f45b40e7a4a3181e8515ec0792c60f1f5aed20c4730b3,sheet1:R12,,,
a412ba41ade159f0-sheet1-R13,2026-04-08,daegu-dalseong,총무과,카페산 엘아르카,달성군 공직자 SNS 서포터즈단 운영 관계자 식사 제공,250600,a412ba41ade159f0828f45b40e7a4a3181e8515ec0792c60f1f5aed20c4730b3,sheet1:R13,,,
a412ba41ade159f0-sheet1-R14,2026-04-10,daegu-dalseong,총무과,솔비식당,환경과 직원 격려 식사 제공,270000,a412ba41ade159f0828f45b40e7a4a3181e8515ec0792c60f1f5aed20c4730b3,sheet1:R14,,,
a412ba41ade159f0-sheet1-R15,2026-04-13,daegu-dalseong,총무과,신비면옥현풍점,교통지도 업무 직원 격려 식사 제공,68000,a412ba41ade159f0828f45b40e7a4a3181e8515ec0792c60f1f5aed20c4730b3,sheet1:R15,,,
a412ba41ade159f0-sheet1-R16,2026-04-13,daegu-dalseong,총무과,개인(성명 비공개),직원 경조사 조의금,50000,a412ba41ade159f0828f45b40e7a4a3181e8515ec0792c60f1f5aed20c4730b3,sheet1:R16,,,
a412ba41ade159f0-sheet1-R17,2026-04-14,daegu-dalseong,총무과,옥포식품,부군수 읍면장 회의에 따른 관련 직원 격려 식사 제공,234000,a412ba41ade159f0828f45b40e7a4a3181e8515ec0792c60f1f5aed20c4730b3,sheet1:R17,,,
a412ba41ade159f0-sheet1-R18,2026-04-14,daegu-dalseong,총무과,개인(성명 비공개),직원 경조사 축의금,150000,a412ba41ade159f0828f45b40e7a4a3181e8515ec0792c60f1f5aed20c4730b3,sheet1:R18,,,
a412ba41ade159f0-sheet1-R19,2026-04-20,daegu-dalseong,총무과,이로정,회계과 직원 격려 식사 제공,200000,a412ba41ade159f0828f45b40e7a4a3181e8515ec0792c60f1f5aed20c4730b3,sheet1:R19,,,
a412ba41ade159f0-sheet1-R20,2026-04-20,daegu-dalseong,총무과,보리랑칼국수,도로정비 사업 관련 직원 격려 식사 제공,53000,a412ba41ade159f0828f45b40e7a4a3181e8515ec0792c60f1f5aed20c4730b3,sheet1:R20,,,
a412ba41ade159f0-sheet1-R21,2026-04-21,daegu-dalseong,총무과,딜라이트,농업정책과 직원 격려 다과 제공,30000,a412ba41ade159f0828f45b40e7a4a3181e8515ec0792c60f1f5aed20c4730b3,sheet1:R21,,,
a412ba41ade159f0-sheet1-R22,2026-04-24,daegu-dalseong,총무과,웰빙백세시대,도로정비 현안업무 추진 직원 격려 식사 제공,168000,a412ba41ade159f0828f45b40e7a4a3181e8515ec0792c60f1f5aed20c4730b3,sheet1:R22,,,
a412ba41ade159f0-sheet1-R24,2026-04-27,daegu-dalseong,총무과,카르멜,전몰군경유족회 파크골프대회 관계자 다과 제공,67400,a412ba41ade159f0828f45b40e7a4a3181e8515ec0792c60f1f5aed20c4730b3,sheet1:R24,,,
a412ba41ade159f0-sheet1-R25,2026-04-28,daegu-dalseong,총무과,벚꽃나들버섯집/스테이블모먼트,"주요행사 지원 및 홍보 관계 직원 격려 식사, 다과 제공",143000,a412ba41ade159f0828f45b40e7a4a3181e8515ec0792c60f1f5aed20c4730b3,sheet1:R25,,,
a412ba41ade159f0-sheet1-R27,2026-04-29,daegu-dalseong,총무과,개인(성명 비공개),"직원 경조사 축의금, 조의금 지출",100000,a412ba41ade159f0828f45b40e7a4a3181e8515ec0792c60f1f5aed20c4730b3,sheet1:R27,,,
a412ba41ade159f0-sheet1-R28,2026-04-29,daegu-dalseong,총무과,부산식당,교육정책 추진을 위한 관계자 간담회 식사 제공,133000,a412ba41ade159f0828f45b40e7a4a3181e8515ec0792c60f1f5aed20c4730b3,sheet1:R28,,,
a412ba41ade159f0-sheet1-R33,2026-04-07,daegu-dalseong,총무과,옥포식당,군 금고 업무협의 추진 관계자 식사 제공,155000,a412ba41ade159f0828f45b40e7a4a3181e8515ec0792c60f1f5aed20c4730b3,sheet1:R33,,,
a412ba41ade159f0-sheet1-R34,2026-04-16,daegu-dalseong,총무과,일월정 토속한정식,금호강변 친수공간 조성 사업의 원활한 추진을 위한 관계자 간담회 식사 제공,190000,a412ba41ade159f0828f45b40e7a4a3181e8515ec0792c60f1f5aed20c4730b3,sheet1:R34,,,
a412ba41ade159f0-sheet1-R35,2026-04-17,daegu-dalseong,총무과,가담정,축제 관련 안전관리 업무 추진 관계자 식사 제공,103000,a412ba41ade159f0828f45b40e7a4a3181e8515ec0792c60f1f5aed20c4730b3,sheet1:R35,,,
a412ba41ade159f0-sheet1-R36,2026-04-23,daegu-dalseong,총무과,옥포뜰,산림조성 업무 관계자 식사 제공,68000,a412ba41ade159f0828f45b40e7a4a3181e8515ec0792c60f1f5aed20c4730b3,sheet1:R36,,,
a412ba41ade159f0-sheet1-R37,2026-04-28,daegu-dalseong,총무과,화원애오리,고유가피해지원금 업무 추진 관계자 식사 제공,360000,a412ba41ade159f0828f45b40e7a4a3181e8515ec0792c60f1f5aed20c4730b3,sheet1:R37,,,
a412ba41ade159f0-sheet1-R38,2026-04-30,daegu-dalseong,총무과,장춘복어,참꽃문화제 강평회 관계자 식사 제공,335000,a412ba41ade159f0828f45b40e7a4a3181e8515ec0792c60f1f5aed20c4730b3,sheet1:R38,,,
88c8525a4c3e5d7b-sheet1-R6,2026-04-01,daegu-dalseong,건설과,강나들이,주택건설사업 업무 관련 식사 제공 및 지출,89500,88c8525a4c3e5d7ba5ff696018fed0364343256ffcebd2af1b83cbd3d28bc49b,sheet1:R6,,,
88c8525a4c3e5d7b-sheet1-R7,2026-04-20,daegu-dalseong,건설과,한가네왕소금구이,건설도시국 현안사업 추진 관련 관계자 간담회 식사 제공 및 지출,200500,88c8525a4c3e5d7ba5ff696018fed0364343256ffcebd2af1b83cbd3d28bc49b,sheet1:R7,,,
88c8525a4c3e5d7b-sheet1-R8,2026-04-27,daegu-dalseong,건설과,"감나무집, 홍시",하수시설 사업 현장 관계자 식사제공 및 지출,360000,88c8525a4c3e5d7ba5ff696018fed0364343256ffcebd2af1b83cbd3d28bc49b,sheet1:R8,,,
88c8525a4c3e5d7b-sheet1-R9,2026-04-28,daegu-dalseong,건설과,풍천민물장어,건설도시국 현안사업 추진 관련 관계자 간담회 식사 제공 및 지출,486800,88c8525a4c3e5d7ba5ff696018fed0364343256ffcebd2af1b83cbd3d28bc49b,sheet1:R9,,,
88c8525a4c3e5d7b-sheet1-R10,2026-04-30,daegu-dalseong,건설과,일송정,주택건설사업 업무 관련 식사제공 및 지출,90000,88c8525a4c3e5d7ba5ff696018fed0364343256ffcebd2af1b83cbd3d28bc49b,sheet1:R10,,,
b054083505d264b6-sheet1-R6,2026-04-03,daegu-dalseong,건설과,대박소양곰탕,인도정비공사 사업관계자 식사 제공 및 지출,85000,b054083505d264b65a4b116974da2a4fccea2e339edd694bdd373fd3e57324c4,sheet1:R6,,,
b054083505d264b6-sheet1-R7,2026-04-09,daegu-dalseong,건설과,든든 돼지국밥,도로정비사업 관계자 식사제공 및 지출,120000,b054083505d264b65a4b116974da2a4fccea2e339edd694bdd373fd3e57324c4,sheet1:R7,,,
b054083505d264b6-sheet1-R8,2026-04-15,daegu-dalseong,건설과,냄비집,도시계획도로사업 관계자 식사 제공 및 지출,50000,b054083505d264b65a4b116974da2a4fccea2e339edd694bdd373fd3e57324c4,sheet1:R8,,,
b054083505d264b6-sheet1-R9,2026-04-16,daegu-dalseong,건설과,교동면옥,도로관리사업 관계자 식사 제공 및 지출,41000,b054083505d264b65a4b116974da2a4fccea2e339edd694bdd373fd3e57324c4,sheet1:R9,,,
b054083505d264b6-sheet1-R10,2026-04-17,daegu-dalseong,건설과,샤브20,도로보상업무 관계자 식사 제공 및 지출,80700,b054083505d264b65a4b116974da2a4fccea2e339edd694bdd373fd3e57324c4,sheet1:R10,,,
b054083505d264b6-sheet1-R11,2026-04-18,daegu-dalseong,건설과,낙영찜갈비,인도정비공사 사업관계자 식사 제공 및 지출,155000,b054083505d264b65a4b116974da2a4fccea2e339edd694bdd373fd3e57324c4,sheet1:R11,,,
b054083505d264b6-sheet1-R12,2026-04-23,daegu-dalseong,건설과,옛날국수집,도시계획도로사업 관계자 식사 제공 및 지출,60700,b054083505d264b65a4b116974da2a4fccea2e339edd694bdd373fd3e57324c4,sheet1:R12,,,
b054083505d264b6-sheet1-R13,2026-04-27,daegu-dalseong,건설과,든든 돼지국밥,도로보상업무 관계자 식사 제공 및 지출,60000,b054083505d264b65a4b116974da2a4fccea2e339edd694bdd373fd3e57324c4,sheet1:R13,,,
b054083505d264b6-sheet1-R14,2026-04-28,daegu-dalseong,건설과,옥포식당,도시계획도로사업 관계자 식사 제공 및 지출,164000,b054083505d264b65a4b116974da2a4fccea2e339edd694bdd373fd3e57324c4,sheet1:R14,,,
83ee86d4b1c31712-sheet1-R6,2026-04-07,daegu-dalseong,장애인복지과,강림추어탕,긴급복지 지원 관련 업무 관계자 식사 제공 및 지출,123000,83ee86d4b1c31712192e0d411fd621b701f383a2b6934dffb9b78537b22b4975,sheet1:R6,,,
83ee86d4b1c31712-sheet1-R7,2026-04-08,daegu-dalseong,장애인복지과,대박소양곰탕,장애인시설 관련 업무 관계자 식사 제공 및 지출,126000,83ee86d4b1c31712192e0d411fd621b701f383a2b6934dffb9b78537b22b4975,sheet1:R7,,,
83ee86d4b1c31712-sheet1-R8,2026-04-13,daegu-dalseong,장애인복지과,장풍가,장애인복지 관련 업무 관계자 식사 제공 및 지출,154000,83ee86d4b1c31712192e0d411fd621b701f383a2b6934dffb9b78537b22b4975,sheet1:R8,,,
83ee86d4b1c31712-sheet1-R9,2026-04-16,daegu-dalseong,장애인복지과,닭한마리 행복한집,장애인시설 관련 업무 관계자 식사 제공 및 지출,94000,83ee86d4b1c31712192e0d411fd621b701f383a2b6934dffb9b78537b22b4975,sheet1:R9,,,
c77ff23fb2b1fd49-sheet1-R6,2026-03-06,daegu-dalseong,장애인복지과,계림정,이웃돕기 관련 관계자 식사 제공 및 지출,140000,c77ff23fb2b1fd49ff0eef47c37d0482525b82a3f7dbc9b6951c69bdfa76fefa,sheet1:R6,,,
6a6a791cd0b1570d-sheet1-R5,2026-04-03,daegu-dalseong,경제산업과,양화식당/누리,에너지관리 업무 협의에 따른 관계자 식사 및 다과 제공 및 지출,81000,6a6a791cd0b1570d35999607815d39d7005621f660249d0fd3a6256aa96be511,sheet1:R5,,,
6a6a791cd0b1570d-sheet1-R6,2026-04-15,daegu-dalseong,경제산업과,누리,기업지원 업무 협의에 따른 관계자 다과 제공 및 지출,32500,6a6a791cd0b1570d35999607815d39d7005621f660249d0fd3a6256aa96be511,sheet1:R6,,,
6a6a791cd0b1570d-sheet1-R7,2026-04-17,daegu-dalseong,경제산업과,비비가,중소기업 지원업무 관계자 식사 제공 및 지출,17000,6a6a791cd0b1570d35999607815d39d7005621f660249d0fd3a6256aa96be511,sheet1:R7,,,
6a6a791cd0b1570d-sheet1-R8,2026-04-24,daegu-dalseong,경제산업과,비비가,전통시장 활성화 추진 관계자 식사 제공 및 지출,100500,6a6a791cd0b1570d35999607815d39d7005621f660249d0fd3a6256aa96be511,sheet1:R8,,,
6a6a791cd0b1570d-sheet1-R9,2026-04-27,daegu-dalseong,경제산업과,누리,일자리사업 추진 관계자 다과 제공 및 지출,17500,6a6a791cd0b1570d35999607815d39d7005621f660249d0fd3a6256aa96be511,sheet1:R9,,,
6a6a791cd0b1570d-sheet1-R10,2026-04-28,daegu-dalseong,경제산업과,장군소머리곰탕,지역경제 활성화 추진 관계자 식사 제공 및 지출,91000,6a6a791cd0b1570d35999607815d39d7005621f660249d0fd3a6256aa96be511,sheet1:R10,,,
6a6a791cd0b1570d-sheet1-R11,2026-04-30,daegu-dalseong,경제산업과,논공닭칼국수,기업지원 업무 추진 관계자 식사 제공 및 지출,30000,6a6a791cd0b1570d35999607815d39d7005621f660249d0fd3a6256aa96be511,sheet1:R11,,,
86220f817a9ad1f4-sheet1-R6,2026-04-02,daegu-dalseong,경제산업과,카페리버,농업정책 업무추진 직원 격려 다과 제공 및 지출,52000,86220f817a9ad1f41116a59cf538ba2d5fe07a3e4ff770cf9861d18eb8ecba7d,sheet1:R6,,,
86220f817a9ad1f4-sheet1-R7,2026-04-06,daegu-dalseong,경제산업과,개인(성명 비공개),소속 직원 조의금 지출,50000,86220f817a9ad1f41116a59cf538ba2d5fe07a3e4ff770cf9861d18eb8ecba7d,sheet1:R7,,,
86220f817a9ad1f4-sheet1-R8,2026-04-29,daegu-dalseong,경제산업과,딜라이트,교통지도 업무추진 직원 격려 다과 제공,179200,86220f817a9ad1f41116a59cf538ba2d5fe07a3e4ff770cf9861d18eb8ecba7d,sheet1:R8,,,
86220f817a9ad1f4-sheet1-R13,2026-04-06,daegu-dalseong,경제산업과,자연밥상 산처럼,농정업무 추진에 따른 관계자 식사 제공 및 지출,148000,86220f817a9ad1f41116a59cf538ba2d5fe07a3e4ff770cf9861d18eb8ecba7d,sheet1:R13,,,
86220f817a9ad1f4-sheet1-R14,2026-04-07,daegu-dalseong,경제산업과,부산진국밥,교통시설 업무 추진 관계자 식사 제공 및 지출,18000,86220f817a9ad1f41116a59cf538ba2d5fe07a3e4ff770cf9861d18eb8ecba7d,sheet1:R14,,,
86220f817a9ad1f4-sheet1-R15,2026-04-09,daegu-dalseong,경제산업과,장군소머리곰탕,환경 업무 추진 관계자 식사 제공 및 지출,60000,86220f817a9ad1f41116a59cf538ba2d5fe07a3e4ff770cf9861d18eb8ecba7d,sheet1:R15,,,
86220f817a9ad1f4-sheet1-R16,2026-04-10,daegu-dalseong,경제산업과,풍국면 달성군청점,에너지관리 업무 추진 관계자 식사 제공 및 지출,53500,86220f817a9ad1f41116a59cf538ba2d5fe07a3e4ff770cf9861d18eb8ecba7d,sheet1:R16,,,
86220f817a9ad1f4-sheet1-R17,2026-04-13,daegu-dalseong,경제산업과,모려촌,소상공인 지원업무 추진에 따른 관계자 식사 제공 및 지출,20000,86220f817a9ad1f41116a59cf538ba2d5fe07a3e4ff770cf9861d18eb8ecba7d,sheet1:R17,,,
86220f817a9ad1f4-sheet1-R18,2026-04-14,daegu-dalseong,경제산업과,우성,지역경제 활성화 업무추진 관계자 식사 제공 및 지출,100000,86220f817a9ad1f41116a59cf538ba2d5fe07a3e4ff770cf9861d18eb8ecba7d,sheet1:R18,,,
86220f817a9ad1f4-sheet1-R19,2026-04-17,daegu-dalseong,경제산업과,장군소머리곰탕,농정업무 추진에 따른 관계자 식사 제공 및 지출,70000,86220f817a9ad1f41116a59cf538ba2d5fe07a3e4ff770cf9861d18eb8ecba7d,sheet1:R19,,,
86220f817a9ad1f4-sheet1-R20,2026-04-21,daegu-dalseong,경제산업과,비비가/누리,교통지도 및 관리 관계자 식사 및 다과 제공 및 지출,153500,86220f817a9ad1f41116a59cf538ba2d5fe07a3e4ff770cf9861d18eb8ecba7d,sheet1:R20,,,
86220f817a9ad1f4-sheet1-R21,2026-04-24,daegu-dalseong,경제산업과,양화식당,교통행정 업무 추진 관계자 식사 제공 및 지출,43000,86220f817a9ad1f41116a59cf538ba2d5fe07a3e4ff770cf9861d18eb8ecba7d,sheet1:R21,,,
86220f817a9ad1f4-sheet1-R22,2026-04-28,daegu-dalseong,경제산업과,송가네 잔칫날 국수전문점,마을공동주차장 조성 관련 관계자 식사 제공 및 지출,32000,86220f817a9ad1f41116a59cf538ba2d5fe07a3e4ff770cf9861d18eb8ecba7d,sheet1:R22,,,
86220f817a9ad1f4-sheet1-R23,2026-04-29,daegu-dalseong,경제산업과,강림추어탕,지역경제 활성화 업무추진 관계자 식사 제공 및 지출,45000,86220f817a9ad1f41116a59cf538ba2d5fe07a3e4ff770cf9861d18eb8ecba7d,sheet1:R23,,,
86220f817a9ad1f4-sheet1-R24,2026-04-30,daegu-dalseong,경제산업과,시월애,환경 업무 추진 관계자 식사 제공 및 지출,56000,86220f817a9ad1f41116a59cf538ba2d5fe07a3e4ff770cf9861d18eb8ecba7d,sheet1:R24,,,
068ccf59081c67ab-sheet1-R7,2026-04-10,daegu-dalseong,법무감사실,"팔도궁중찜닭, 오늘도통통",소송업무 수행에 따른 관계자와의 간담회 식사 제공 및 지출,99300,068ccf59081c67abff164836898996171c54cb0745557e952b0f3f44f0b19750,sheet1:R7,,,
068ccf59081c67ab-sheet1-R8,2026-04-21,daegu-dalseong,법무감사실,딜라이트,4월 무료이동법률상담 관계자 격려를 위한 다과 제공 및 지출,12500,068ccf59081c67abff164836898996171c54cb0745557e952b0f3f44f0b19750,sheet1:R8,,,
068ccf59081c67ab-sheet1-R9,2026-04-24,daegu-dalseong,법무감사실,"돈구이, 딜라이트",규제애로 해소 업무 관련 관계자와의 간담회 식사 제공 및 지출,48500,068ccf59081c67abff164836898996171c54cb0745557e952b0f3f44f0b19750,sheet1:R9,,,
154a41e38f741ae8-sheet1-R6,2026-04-16,daegu-dalseong,산림과,현풍태흥추어탕,참꽃군락지 생육환경 업무 관계자 간담회 실시 및 식사 제공,85000,154a41e38f741ae85a844858d7fbdd900309519a40518bbebf8e9b651297ee8e,sheet1:R6,,,
154a41e38f741ae8-sheet1-R7,2026-04-23,daegu-dalseong,산림과,참숯명품뒷고기,자연휴양림 업무 관계자 간담회 실시 및 식사 제공,158000,154a41e38f741ae85a844858d7fbdd900309519a40518bbebf8e9b651297ee8e,sheet1:R7,,,
fb9fec4e03c38e5b-sheet1-R7,2026-04-01,daegu-dalseong,홍보협력과,강림추어탕,군정홍보활동을 위한 언론관계자 간담회 식사 제공 및 지출,85000,fb9fec4e03c38e5b51848b1a5810bc69f045650da67f8c0cfaf7f6e6f8544884,sheet1:R7,,,
fb9fec4e03c38e5b-sheet1-R8,2026-04-06,daegu-dalseong,홍보협력과,오늘한쌈 송해공원점,군정 현안사업 언론 홍보 간담회 식사 제공 및 지출,56000,fb9fec4e03c38e5b51848b1a5810bc69f045650da67f8c0cfaf7f6e6f8544884,sheet1:R8,,,
fb9fec4e03c38e5b-sheet1-R9,2026-04-09,daegu-dalseong,홍보협력과,울엄마손메밀묵,언론홍보 실무교육을 위한 업무관계자 간담회 식사 제공 및 지출,48000,fb9fec4e03c38e5b51848b1a5810bc69f045650da67f8c0cfaf7f6e6f8544884,sheet1:R9,,,
fb9fec4e03c38e5b-sheet1-R10,2026-04-09,daegu-dalseong,홍보협력과,솔라이트 커피,언론홍보 실무교육을 위한 업무관계자 간담회 식사 제공 및 지출,16000,fb9fec4e03c38e5b51848b1a5810bc69f045650da67f8c0cfaf7f6e6f8544884,sheet1:R10,,,
fb9fec4e03c38e5b-sheet1-R11,2026-04-10,daegu-dalseong,홍보협력과,에스엠싱싱뽈락회,달성군 유튜브 채널 운영 활성화를 위한 업무관계자 간담회 식사 제공 및 지출,249000,fb9fec4e03c38e5b51848b1a5810bc69f045650da67f8c0cfaf7f6e6f8544884,sheet1:R11,,,
fb9fec4e03c38e5b-sheet1-R12,2026-04-10,daegu-dalseong,홍보협력과,도그브라더스,달성군 유튜브 채널 운영 활성화를 위한 업무관계자 간담회 식사 제공 및 지출,172600,fb9fec4e03c38e5b51848b1a5810bc69f045650da67f8c0cfaf7f6e6f8544884,sheet1:R12,,,
fb9fec4e03c38e5b-sheet1-R13,2026-04-13,daegu-dalseong,홍보협력과,이태리제면소,군정소식 홍보 협조를 위한 언론관계자 간담회 식사 제공 및 지출,66500,fb9fec4e03c38e5b51848b1a5810bc69f045650da67f8c0cfaf7f6e6f8544884,sheet1:R13,,,
fb9fec4e03c38e5b-sheet1-R14,2026-04-14,daegu-dalseong,홍보협력과,마지카운티,비슬산 참꽃 문화제 홍보를 위한 언론관계자 간담회 음료 제공 및 지출,40400,fb9fec4e03c38e5b51848b1a5810bc69f045650da67f8c0cfaf7f6e6f8544884,sheet1:R14,,,
fb9fec4e03c38e5b-sheet1-R15,2026-04-15,daegu-dalseong,홍보협력과,국일생갈비,비슬산 일원 관광명소 홍보를 위한 언론관계자 간담회 식사 제공 및 지출,146000,fb9fec4e03c38e5b51848b1a5810bc69f045650da67f8c0cfaf7f6e6f8544884,sheet1:R15,,,
fb9fec4e03c38e5b-sheet1-R16,2026-04-15,daegu-dalseong,홍보협력과,물댄동산,비슬산 일원 관광명소 홍보를 위한 언론관계자 간담회 식사 제공 및 지출,15500,fb9fec4e03c38e5b51848b1a5810bc69f045650da67f8c0cfaf7f6e6f8544884,sheet1:R16,,,
fb9fec4e03c38e5b-sheet1-R17,2026-04-17,daegu-dalseong,홍보협력과,샤브향(옥포점),홍보 방안 개선을 위한 업무관계자 간담회 식사 제공 및 지출,55600,fb9fec4e03c38e5b51848b1a5810bc69f045650da67f8c0cfaf7f6e6f8544884,sheet1:R17,,,
fb9fec4e03c38e5b-sheet1-R18,2026-04-17,daegu-dalseong,홍보협력과,사천양꼬치,달성군 주요 시책 홍보를 위한 언론관계자 간담회 식사 제공 및 지출,124000,fb9fec4e03c38e5b51848b1a5810bc69f045650da67f8c0cfaf7f6e6f8544884,sheet1:R18,,,
fb9fec4e03c38e5b-sheet1-R19,2026-04-17,daegu-dalseong,홍보협력과,한우단골집진천점,달성군 주요 시책 홍보를 위한 언론관계자 간담회 식사 제공 및 지출,198000,fb9fec4e03c38e5b51848b1a5810bc69f045650da67f8c0cfaf7f6e6f8544884,sheet1:R19,,,
fb9fec4e03c38e5b-sheet1-R20,2026-04-24,daegu-dalseong,홍보협력과,미육점,영상콘텐츠 기획 및 SNS 운영 관리를 위한 업무관계자 간담회 식사 제공 및 지출,388000,fb9fec4e03c38e5b51848b1a5810bc69f045650da67f8c0cfaf7f6e6f8544884,sheet1:R20,,,
fb9fec4e03c38e5b-sheet1-R21,2026-04-29,daegu-dalseong,홍보협력과,달성보국수집,군정 tv인터뷰 협조를 위한 언론관계자 간담회 식사 제공 및 지출,68000,fb9fec4e03c38e5b51848b1a5810bc69f045650da67f8c0cfaf7f6e6f8544884,sheet1:R21,,,
fb9fec4e03c38e5b-sheet1-R22,2026-04-30,daegu-dalseong,홍보협력과,모모한우진갈비,군정 홍보 방안 다양화를 위한 업무관계자 간담회 식사 제공 및 지출,170300,fb9fec4e03c38e5b51848b1a5810bc69f045650da67f8c0cfaf7f6e6f8544884,sheet1:R22,,,
eb3dc145f431f8ea-sheet1-R6,2026-04-01,daegu-dalseong,옥포읍,부산식당,유관기관 업무 협의에 따른 참석자 식사 제공 및 지출,74000,eb3dc145f431f8ea4934ba6889ada2ea101537ae2597426140f76ec2c3cf6f28,sheet1:R6,,,
eb3dc145f431f8ea-sheet1-R7,2026-04-08,daegu-dalseong,옥포읍,뼈마시감자탕부대찌개,유관기관 업무 협의에 따른 참석자 식사 제공 및 지출,49000,eb3dc145f431f8ea4934ba6889ada2ea101537ae2597426140f76ec2c3cf6f28,sheet1:R7,,,
eb3dc145f431f8ea-sheet1-R8,2026-04-14,daegu-dalseong,옥포읍,궁뎅이,유관기관 업무 협의에 따른 참석자 식사 제공 및 지출,129000,eb3dc145f431f8ea4934ba6889ada2ea101537ae2597426140f76ec2c3cf6f28,sheet1:R8,,,
eb3dc145f431f8ea-sheet1-R9,2026-04-23,daegu-dalseong,옥포읍,황금명태조리고,유관기관 업무 협의에 따른 참석자 식사 제공 및 지출,172000,eb3dc145f431f8ea4934ba6889ada2ea101537ae2597426140f76ec2c3cf6f28,sheet1:R9,,,
eb3dc145f431f8ea-sheet1-R10,2026-04-30,daegu-dalseong,옥포읍,솔밭생수식당,유관기관 업무 협의에 따른 참석자 식사 제공 및 지출,137000,eb3dc145f431f8ea4934ba6889ada2ea101537ae2597426140f76ec2c3cf6f28,sheet1:R10,,,
0fe3d3885c7b3c5f-sheet1-R6,2026-04-01,daegu-dalseong,생활보장과,제주은갈치,주거복지 업무관계자 식사 및 음료제공 및 지출,57000,0fe3d3885c7b3c5fe9d9b722056772193daeb8ec23ba334bf0f8c2bd2201bd90,sheet1:R6,,,
0fe3d3885c7b3c5f-sheet1-R7,2026-04-01,daegu-dalseong,생활보장과,커피마마,주거복지 업무관계자 식사 및 음료제공 및 지출,12500,0fe3d3885c7b3c5fe9d9b722056772193daeb8ec23ba334bf0f8c2bd2201bd90,sheet1:R7,,,
0fe3d3885c7b3c5f-sheet1-R8,2026-04-06,daegu-dalseong,생활보장과,청보리,자활사업단 업무관계자 식사제공 및 지출,69000,0fe3d3885c7b3c5fe9d9b722056772193daeb8ec23ba334bf0f8c2bd2201bd90,sheet1:R8,,,
0fe3d3885c7b3c5f-sheet1-R9,2026-04-07,daegu-dalseong,생활보장과,오늘도통통,취약계층지원 업무관계자 식사제공 및 지출,34600,0fe3d3885c7b3c5fe9d9b722056772193daeb8ec23ba334bf0f8c2bd2201bd90,sheet1:R9,,,
0fe3d3885c7b3c5f-sheet1-R10,2026-04-08,daegu-dalseong,생활보장과,박영철사시미,자활사업 업무관계자 식사제공 및 지출,150000,0fe3d3885c7b3c5fe9d9b722056772193daeb8ec23ba334bf0f8c2bd2201bd90,sheet1:R10,,,
0fe3d3885c7b3c5f-sheet1-R11,2026-04-14,daegu-dalseong,생활보장과,정환네식당,의료복지 업무관계자 식사 및 음료제공 및 지출,24000,0fe3d3885c7b3c5fe9d9b722056772193daeb8ec23ba334bf0f8c2bd2201bd90,sheet1:R11,,,
0fe3d3885c7b3c5f-sheet1-R12,2026-04-14,daegu-dalseong,생활보장과,한라석유논공휴게소,의료복지 업무관계자 식사 및 음료제공 및 지출,10200,0fe3d3885c7b3c5fe9d9b722056772193daeb8ec23ba334bf0f8c2bd2201bd90,sheet1:R12,,,
0fe3d3885c7b3c5f-sheet1-R13,2026-04-15,daegu-dalseong,생활보장과,누리,취약계층지원 업무 관계자 음료제공 및 지출,19000,0fe3d3885c7b3c5fe9d9b722056772193daeb8ec23ba334bf0f8c2bd2201bd90,sheet1:R13,,,
0fe3d3885c7b3c5f-sheet1-R14,2026-04-22,daegu-dalseong,생활보장과,삼천포해물탕,생활보장위원회 업무관계자 식사제공 및 지출,53000,0fe3d3885c7b3c5fe9d9b722056772193daeb8ec23ba334bf0f8c2bd2201bd90,sheet1:R14,,,
0fe3d3885c7b3c5f-sheet1-R15,2026-04-23,daegu-dalseong,생활보장과,솔비식당,주거복지 업무관계자 식사제공 및 지출,65000,0fe3d3885c7b3c5fe9d9b722056772193daeb8ec23ba334bf0f8c2bd2201bd90,sheet1:R15,,,
0fe3d3885c7b3c5f-sheet1-R21,2026-04-30,daegu-dalseong,생활보장과,누리,생활보장과 직원 격려 음료제공 및 지출,27200,0fe3d3885c7b3c5fe9d9b722056772193daeb8ec23ba334bf0f8c2bd2201bd90,sheet1:R21,,,
a00dc15b5afdb5f4-sheet1-R7,2026-04-01,daegu-dalseong,징수과,옥우촌한우,체납관리단 운영준비에 따른 관계자 급식 제공,204000,a00dc15b5afdb5f4e6b711e2f9c08db0e366dc94ede1edf9f6bfa2c5afcba9b6,sheet1:R7,,,
a00dc15b5afdb5f4-sheet1-R8,2026-04-15,daegu-dalseong,징수과,솔비식당,체납세 징수율 제고 방안 마련 간담회 개최에 따른 관계자 식사 제공,69000,a00dc15b5afdb5f4e6b711e2f9c08db0e366dc94ede1edf9f6bfa2c5afcba9b6,sheet1:R8,,,
a00dc15b5afdb5f4-sheet1-R9,2026-04-15,daegu-dalseong,징수과,이디야커피 대구금포점,체납세 징수율 제고 방안 마련 간담회 개최에 따른 관계자 식사 제공,11600,a00dc15b5afdb5f4e6b711e2f9c08db0e366dc94ede1edf9f6bfa2c5afcba9b6,sheet1:R9,,,
d00bccdb8e448720-sheet1-R6,2026-01-02,daegu-dalseong,교육정책과,강림추어탕,학교복합시설 업무 관계자 간담회 식사 제공 및 지출,56000,d00bccdb8e44872019eb0a8a6cf4a1d9a952981b5689b9198bf89a68f6c2773e,sheet1:R6,,,
d00bccdb8e448720-sheet1-R7,2026-01-07,daegu-dalseong,교육정책과,바다마을,교육문화복지센터 시설 관리 업무 관계자 간담회 식사 제공 및 지출,43000,d00bccdb8e44872019eb0a8a6cf4a1d9a952981b5689b9198bf89a68f6c2773e,sheet1:R7,,,
d00bccdb8e448720-sheet1-R8,2026-01-08,daegu-dalseong,교육정책과,현풍박보선할매집곰탕,도서관 업무 관계자 간담회 식사 제공 및 지출,115000,d00bccdb8e44872019eb0a8a6cf4a1d9a952981b5689b9198bf89a68f6c2773e,sheet1:R8,,,
d00bccdb8e448720-sheet1-R9,2026-01-14,daegu-dalseong,교육정책과,베트남쌀국수전문점,보육 사업 관련 어린이집 운영 관계자 간담회 식사 제공 및 지출,104000,d00bccdb8e44872019eb0a8a6cf4a1d9a952981b5689b9198bf89a68f6c2773e,sheet1:R9,,,
d00bccdb8e448720-sheet1-R10,2026-01-16,daegu-dalseong,교육정책과,교동 닭칼국수 화원점,DGIST 과학창의학교 업무 관계자 간담회 식사 제공 및 지출,36500,d00bccdb8e44872019eb0a8a6cf4a1d9a952981b5689b9198bf89a68f6c2773e,sheet1:R10,,,
d00bccdb8e448720-sheet1-R11,2026-01-29,daegu-dalseong,교육정책과,홍물회,보육 사업 관련 어린이집 운영 관계자 간담회 식사 제공 및 지출,261500,d00bccdb8e44872019eb0a8a6cf4a1d9a952981b5689b9198bf89a68f6c2773e,sheet1:R11,,,
d00bccdb8e448720-sheet2-R6,2026-02-04,daegu-dalseong,교육정책과,펴이담백뼈칼국수,청소년기관 선진지 방문 후 관련 업무 관계자 간담회 식사 제공 및 지출,111000,d00bccdb8e44872019eb0a8a6cf4a1d9a952981b5689b9198bf89a68f6c2773e,sheet2:R6,,,
d00bccdb8e448720-sheet2-R7,2026-02-11,daegu-dalseong,교육정책과,농협하나로유통센터,달성이룸캠프 관련 업무 관계자 간담회 다과 제공 및 지출,50000,d00bccdb8e44872019eb0a8a6cf4a1d9a952981b5689b9198bf89a68f6c2773e,sheet2:R7,,,
d00bccdb8e448720-sheet2-R8,2026-02-12,daegu-dalseong,교육정책과,교동 닭칼국수,(재)달성교육재단 업무 관계자 간담회 식사 제공 및 지출,38000,d00bccdb8e44872019eb0a8a6cf4a1d9a952981b5689b9198bf89a68f6c2773e,sheet2:R8,,,
d00bccdb8e448720-sheet2-R9,2026-02-24,daegu-dalseong,교육정책과,곤지곤지,유치원 원어민 영어교실 업무 관계자 간담회 식사 제공 및 지출,52000,d00bccdb8e44872019eb0a8a6cf4a1d9a952981b5689b9198bf89a68f6c2773e,sheet2:R9,,,
d00bccdb8e448720-sheet3-R6,2026-03-21,daegu-dalseong,교육정책과,하삼동커피,스마트도서관 개관 행사 관계자 다과 및 음료 제공 및 지출,110000,d00bccdb8e44872019eb0a8a6cf4a1d9a952981b5689b9198bf89a68f6c2773e,sheet3:R6,,,
d00bccdb8e448720-sheet3-R7,2026-03-31,daegu-dalseong,교육정책과,오데뜨 송해공원점,도서관 업무 관계자 간담회 식사 제공 및 지출,122000,d00bccdb8e44872019eb0a8a6cf4a1d9a952981b5689b9198bf89a68f6c2773e,sheet3:R7,,,
a15f2ea46bd32107-sheet1-R6,2026-01-02,daegu-dalseong,유가읍,석정,유가읍 새마을협의회 관계자 식사제공 및 지출,70000,a15f2ea46bd32107a3b814910ed81e6ff8723f3f367ebc82663357864b945e6b,sheet1:R6,,,
a15f2ea46bd32107-sheet1-R7,2026-01-12,daegu-dalseong,유가읍,산더미,유가읍 번영회 관계자 식사 제공 및 지출,92000,a15f2ea46bd32107a3b814910ed81e6ff8723f3f367ebc82663357864b945e6b,sheet1:R7,,,
a15f2ea46bd32107-sheet1-R8,2026-01-15,daegu-dalseong,유가읍,야 산오징어다 물회,유가읍 체육회 관계자 식사 제공 및 지출,150000,a15f2ea46bd32107a3b814910ed81e6ff8723f3f367ebc82663357864b945e6b,sheet1:R8,,,
a15f2ea46bd32107-sheet1-R9,2026-01-21,daegu-dalseong,유가읍,북면자연농원,유가읍 번영회 관계자 식사 제공 및 지출,432000,a15f2ea46bd32107a3b814910ed81e6ff8723f3f367ebc82663357864b945e6b,sheet1:R9,,,
a15f2ea46bd32107-sheet1-R10,2026-02-27,daegu-dalseong,유가읍,북면자연농원,유가읍 노인회 관계자 식사 제공 및 지출,112000,a15f2ea46bd32107a3b814910ed81e6ff8723f3f367ebc82663357864b945e6b,sheet1:R10,,,
a15f2ea46bd32107-sheet1-R11,2026-03-20,daegu-dalseong,유가읍,칭따오양꼬치,유가읍 이장협의회 관계자 간담회 식사 제공 및 지출,160000,a15f2ea46bd32107a3b814910ed81e6ff8723f3f367ebc82663357864b945e6b,sheet1:R11,,,
a15f2ea46bd32107-sheet1-R16,2026-01-02,daegu-dalseong,유가읍,아띠몽,인사이동에 따른 다과 구입 및 지출,208000,a15f2ea46bd32107a3b814910ed81e6ff8723f3f367ebc82663357864b945e6b,sheet1:R16,,,
a15f2ea46bd32107-sheet1-R17,2026-01-29,daegu-dalseong,유가읍,한솔가든,부서 직원 사기 증진을 위한 식사제공 및 지출,298000,a15f2ea46bd32107a3b814910ed81e6ff8723f3f367ebc82663357864b945e6b,sheet1:R17,,,
a15f2ea46bd32107-sheet1-R18,2026-02-03,daegu-dalseong,유가읍,카페 플록,직원 격려 음료 제공 및 지출,71000,a15f2ea46bd32107a3b814910ed81e6ff8723f3f367ebc82663357864b945e6b,sheet1:R18,,,
a15f2ea46bd32107-sheet1-R19,2026-02-06,daegu-dalseong,유가읍,화목당,부서 직원 사기 증진을 위한 식사제공 및 지출,263000,a15f2ea46bd32107a3b814910ed81e6ff8723f3f367ebc82663357864b945e6b,sheet1:R19,,,
a15f2ea46bd32107-sheet1-R20,2026-02-26,daegu-dalseong,유가읍,왕복어,부서 직원 사기 증진을 위한 식사제공 및 지출,124000,a15f2ea46bd32107a3b814910ed81e6ff8723f3f367ebc82663357864b945e6b,sheet1:R20,,,
a15f2ea46bd32107-sheet1-R21,2026-03-12,daegu-dalseong,유가읍,더포,부서 직원 사기 증진을 위한 식사제공 및 지출,80000,a15f2ea46bd32107a3b814910ed81e6ff8723f3f367ebc82663357864b945e6b,sheet1:R21,,,
a15f2ea46bd32107-sheet1-R22,2026-03-17,daegu-dalseong,유가읍,장풍가,부서 직원 사기 증진을 위한 식사제공 및 지출,176000,a15f2ea46bd32107a3b814910ed81e6ff8723f3f367ebc82663357864b945e6b,sheet1:R22,,,
a15f2ea46bd32107-sheet1-R23,2026-03-19,daegu-dalseong,유가읍,유가찹쌀 전통먹거리,부서 직원 사기 증진을 위한 식사제공 및 지출,130000,a15f2ea46bd32107a3b814910ed81e6ff8723f3f367ebc82663357864b945e6b,sheet1:R23,,,
a15f2ea46bd32107-sheet1-R24,2026-03-26,daegu-dalseong,유가읍,시골가마솥곰탕,부서 직원 사기 증진을 위한 식사제공 및 지출,129000,a15f2ea46bd32107a3b814910ed81e6ff8723f3f367ebc82663357864b945e6b,sheet1:R24,,,
a15f2ea46bd32107-sheet1-R25,2026-03-31,daegu-dalseong,유가읍,카페 플록,직원 격려 음료 제공 및 지출,235000,a15f2ea46bd32107a3b814910ed81e6ff8723f3f367ebc82663357864b945e6b,sheet1:R25,,,
79362c1adc99af8f-sheet1-R6,2026-02-10,daegu-dalseong,건축과,장춘복어,건축안전관리 관계자 간담회 식사 제공 및 지출,158000,79362c1adc99af8fa4fd2b749977855ddfb30d2753934917de26db2cd42bb7f4,sheet1:R6,,,
79362c1adc99af8f-sheet1-R7,2026-02-12,daegu-dalseong,건축과,금포리 숯불촌,공동주택 관리비용 지원사업 관계자 간담회 식사 제공 및 지출,292500,79362c1adc99af8fa4fd2b749977855ddfb30d2753934917de26db2cd42bb7f4,sheet1:R7,,,
79362c1adc99af8f-sheet1-R8,2026-03-09,daegu-dalseong,건축과,용궁,공동주택 관리비용 지원사업 관계자 간담회 식사 제공 및 지출,300000,79362c1adc99af8fa4fd2b749977855ddfb30d2753934917de26db2cd42bb7f4,sheet1:R8,,,
79362c1adc99af8f-sheet1-R9,2026-03-25,daegu-dalseong,건축과,"길목가든, 롤링핀 비슬산점",주택건설공사 관계자 간담회 식사 등 제공 및 지출,163900,79362c1adc99af8fa4fd2b749977855ddfb30d2753934917de26db2cd42bb7f4,sheet1:R9,,,
79362c1adc99af8f-sheet1-R10,2026-03-26,daegu-dalseong,건축과,서남왕족발,건축안전관리 관계자 간담회 식사 제공 및 지출,215000,79362c1adc99af8fa4fd2b749977855ddfb30d2753934917de26db2cd42bb7f4,sheet1:R10,,,
9ba040c06e747ba4-sheet1-R7,2026-03-05,daegu-dalseong,정보통신과,강림추어탕,사이버보안 시스템 업무추진 관계자 식사제공 및 지출,18000,9ba040c06e747ba45e78d4ef21729b7e8ec7c78ad661ad0f3f8d7428b4a51cea,sheet1:R7,,,
9ba040c06e747ba4-sheet1-R8,2026-03-13,daegu-dalseong,정보통신과,정가네밥상,공공데이터 업무추진 관계자 식사제공 및 지출,40000,9ba040c06e747ba45e78d4ef21729b7e8ec7c78ad661ad0f3f8d7428b4a51cea,sheet1:R8,,,
9ba040c06e747ba4-sheet1-R9,2026-03-26,daegu-dalseong,정보통신과,양화식당,행정정보망 유지보수 업무추진 관계자 식사제공 및 지출,54000,9ba040c06e747ba45e78d4ef21729b7e8ec7c78ad661ad0f3f8d7428b4a51cea,sheet1:R9,,,
9ba040c06e747ba4-sheet1-R10,2026-03-27,daegu-dalseong,정보통신과,동해칼치곤드레,정보통신시설 유지보수 관계자 식사제공 및 지출,135000,9ba040c06e747ba45e78d4ef21729b7e8ec7c78ad661ad0f3f8d7428b4a51cea,sheet1:R10,,,
e138433bb499f8a6-sheet1-R7,2026-01-02,daegu-dalseong,교통행정과,이우철 한방 누룽지 삼계탕 현풍점,교통사회단체 관계자와의 간담회 개최에 따른 식사제공 및 지출,72000,e138433bb499f8a643c472afdc1a3a2d49745c4f114de9b9c7eed4e5afb81d84,sheet1:R7,,,
e138433bb499f8a6-sheet1-R8,2026-01-08,daegu-dalseong,교통행정과,미락한정식,교통사회단체 관계자와의 간담회 개최에 따른 식사제공 및 지출,62000,e138433bb499f8a643c472afdc1a3a2d49745c4f114de9b9c7eed4e5afb81d84,sheet1:R8,,,
e138433bb499f8a6-sheet1-R9,2026-01-09,daegu-dalseong,교통행정과,짬뽕전문 대흥이,교통사회단체 관계자와의 간담회 개최에 따른 식사제공 및 지출,246500,e138433bb499f8a643c472afdc1a3a2d49745c4f114de9b9c7eed4e5afb81d84,sheet1:R9,,,
e138433bb499f8a6-sheet1-R10,2026-01-23,daegu-dalseong,교통행정과,풍국면 달성군청점,교통사회단체 관계자와의 간담회 개최에 따른 식사제공 및 지출,199500,e138433bb499f8a643c472afdc1a3a2d49745c4f114de9b9c7eed4e5afb81d84,sheet1:R10,,,
e138433bb499f8a6-sheet1-R11,2026-03-09,daegu-dalseong,교통행정과,동해칼치곤드레,교통사회단체 관계자와의 간담회 개최에 따른 식사제공 및 지출,87000,e138433bb499f8a643c472afdc1a3a2d49745c4f114de9b9c7eed4e5afb81d84,sheet1:R11,,,
e138433bb499f8a6-sheet1-R12,2026-03-13,daegu-dalseong,교통행정과,돈까스클럽 대구달서점,교통사회단체 관계자와의 간담회 개최에 따른 식사제공 및 지출,98700,e138433bb499f8a643c472afdc1a3a2d49745c4f114de9b9c7eed4e5afb81d84,sheet1:R12,,,
e138433bb499f8a6-sheet1-R13,2026-03-25,daegu-dalseong,교통행정과,본가능이백숙,교통사회단체 관계자와의 간담회 개최에 따른 식사제공 및 지출,41000,e138433bb499f8a643c472afdc1a3a2d49745c4f114de9b9c7eed4e5afb81d84,sheet1:R13,,,
e138433bb499f8a6-sheet1-R14,2026-03-27,daegu-dalseong,교통행정과,울엄마손메밀묵,교통사회단체 관계자와의 간담회 개최에 따른 식사제공 및 지출,56000,e138433bb499f8a643c472afdc1a3a2d49745c4f114de9b9c7eed4e5afb81d84,sheet1:R14,,,
46affcf0d1eced0e-sheet1-R5,2026-01-15,daegu-dalseong,가창면,봉평메밀밭,공유재산 관련 사업추진 관계자 식사 제공 및 지출,108000,46affcf0d1eced0e247a54b9e9864b5d2f33e2425874065e641aecbc8a57ba21,sheet1:R5,,,
46affcf0d1eced0e-sheet1-R6,2026-01-20,daegu-dalseong,가창면,양지촌집,이장회의 개최에 따른 식사 제공 및 지출,400000,46affcf0d1eced0e247a54b9e9864b5d2f33e2425874065e641aecbc8a57ba21,sheet1:R6,,,
46affcf0d1eced0e-sheet1-R7,2026-02-23,daegu-dalseong,가창면,냉천할매집식당,이장회의 개최에 따른 식사 제공 및 지출,443000,46affcf0d1eced0e247a54b9e9864b5d2f33e2425874065e641aecbc8a57ba21,sheet1:R7,,,
46affcf0d1eced0e-sheet1-R12,2026-01-15,daegu-dalseong,가창면,가창옛날찐빵본점,행정팀 직원 격려를 위한 간식 구입 및 지출,57000,46affcf0d1eced0e247a54b9e9864b5d2f33e2425874065e641aecbc8a57ba21,sheet1:R12,,,
46affcf0d1eced0e-sheet1-R13,2026-01-22,daegu-dalseong,가창면,포항수산회 직판장,직원 격려를 위한 전체회식 식사 제공 및 지출,1550000,46affcf0d1eced0e247a54b9e9864b5d2f33e2425874065e641aecbc8a57ba21,sheet1:R13,,,
c9033544cdfd53f0-sheet1-R5,2026-01-09,daegu-dalseong,현풍읍,이우철한방삼계탕,직원 격려 식사제공 및 지출,131000,c9033544cdfd53f020f299ecdafdb0cae2bcb76be33d6339afa21276fe0484cd,sheet1:R5,,,
c9033544cdfd53f0-sheet1-R6,2026-01-16,daegu-dalseong,현풍읍,능이마을현풍점,산불예방 업무 추진 관계자 식사제공 및 지출,145000,c9033544cdfd53f020f299ecdafdb0cae2bcb76be33d6339afa21276fe0484cd,sheet1:R6,,,
c9033544cdfd53f0-sheet1-R7,2026-01-19,daegu-dalseong,현풍읍,부동묵집,농업인 지원사업 추진 관계자 식사제공 및 지출,264000,c9033544cdfd53f020f299ecdafdb0cae2bcb76be33d6339afa21276fe0484cd,sheet1:R7,,,
c9033544cdfd53f0-sheet1-R8,2026-01-23,daegu-dalseong,현풍읍,돼지공장,여론동향 관계자 간담회 식사제공 및 지출,295000,c9033544cdfd53f020f299ecdafdb0cae2bcb76be33d6339afa21276fe0484cd,sheet1:R8,,,
c9033544cdfd53f0-sheet1-R9,2026-01-26,daegu-dalseong,현풍읍,와촌칼국시,지역사회보장협의체 관계자 식사제공 및 지출,124000,c9033544cdfd53f020f299ecdafdb0cae2bcb76be33d6339afa21276fe0484cd,sheet1:R9,,,
c9033544cdfd53f0-sheet1-R10,2026-03-16,daegu-dalseong,현풍읍,고향정,친환경 목조전망대 조성 사업 관계자 식사제공 및 지출,239000,c9033544cdfd53f020f299ecdafdb0cae2bcb76be33d6339afa21276fe0484cd,sheet1:R10,,,
c9033544cdfd53f0-sheet1-R11,2026-03-16,daegu-dalseong,현풍읍,카페 비슬애,친환경 목조전망대 조성 사업 관계자 음료제공 및 지출,28000,c9033544cdfd53f020f299ecdafdb0cae2bcb76be33d6339afa21276fe0484cd,sheet1:R11,,,
c9033544cdfd53f0-sheet1-R12,2026-03-27,daegu-dalseong,현풍읍,곽가네왕갈비찜,직원 격려 식사제공 및 지출,248000,c9033544cdfd53f020f299ecdafdb0cae2bcb76be33d6339afa21276fe0484cd,sheet1:R12,,,
c9033544cdfd53f0-sheet1-R16,2026-01-10,daegu-dalseong,현풍읍,마싯어불짬뽕,민원 동향 관계자 간담회 식사제공 및 지출,54000,c9033544cdfd53f020f299ecdafdb0cae2bcb76be33d6339afa21276fe0484cd,sheet1:R16,,,
c9033544cdfd53f0-sheet1-R17,2026-01-21,daegu-dalseong,현풍읍,주왕산삼계탕,노인일자리사업 업무 추진 관계자 식사제공 및 지출,90000,c9033544cdfd53f020f299ecdafdb0cae2bcb76be33d6339afa21276fe0484cd,sheet1:R17,,,
c9033544cdfd53f0-sheet1-R18,2026-01-23,daegu-dalseong,현풍읍,능이마을,마을가꾸기 추진 관계자 간담회 식사제공 및 지출,132000,c9033544cdfd53f020f299ecdafdb0cae2bcb76be33d6339afa21276fe0484cd,sheet1:R18,,,
c9033544cdfd53f0-sheet1-R19,2026-02-09,daegu-dalseong,현풍읍,전복명가,주민편익사업 추진 관계자 간담회 식사제공 및 지출,177000,c9033544cdfd53f020f299ecdafdb0cae2bcb76be33d6339afa21276fe0484cd,sheet1:R19,,,
c9033544cdfd53f0-sheet1-R20,2026-02-12,daegu-dalseong,현풍읍,하츠,지역민원 관계자 식사제공 및 지출,179000,c9033544cdfd53f020f299ecdafdb0cae2bcb76be33d6339afa21276fe0484cd,sheet1:R20,,,
c9033544cdfd53f0-sheet1-R21,2026-02-20,daegu-dalseong,현풍읍,신종로쭈꾸미,농업인 지원사업 추진 관계자 식사제공 및 지출,65000,c9033544cdfd53f020f299ecdafdb0cae2bcb76be33d6339afa21276fe0484cd,sheet1:R21,,,
c9033544cdfd53f0-sheet1-R22,2026-02-21,daegu-dalseong,현풍읍,신종로쭈꾸미,대구시민의날 기념식 행사 관계자 식사제공 및 지출,65000,c9033544cdfd53f020f299ecdafdb0cae2bcb76be33d6339afa21276fe0484cd,sheet1:R22,,,
c9033544cdfd53f0-sheet1-R23,2026-03-06,daegu-dalseong,현풍읍,커피나무창작소,여론동향 관계자 간담회 음료제공 및 지출,32000,c9033544cdfd53f020f299ecdafdb0cae2bcb76be33d6339afa21276fe0484cd,sheet1:R23,,,
c9033544cdfd53f0-sheet1-R24,2026-03-19,daegu-dalseong,현풍읍,오늘도 한우,현풍읍민 화합한마당 체육대회 지원 관계자 식사제공 및 지출,183200,c9033544cdfd53f020f299ecdafdb0cae2bcb76be33d6339afa21276fe0484cd,sheet1:R24,,,
c9033544cdfd53f0-sheet1-R25,2026-03-25,daegu-dalseong,현풍읍,전통복어전문식당,가로환경정비 추진 관계자 식사제공 및 지출,110000,c9033544cdfd53f020f299ecdafdb0cae2bcb76be33d6339afa21276fe0484cd,sheet1:R25,,,
c9033544cdfd53f0-sheet1-R26,2026-03-26,daegu-dalseong,현풍읍,학교앞카페,동네체육시설 업무 관계자 음료제공 및 지출,13500,c9033544cdfd53f020f299ecdafdb0cae2bcb76be33d6339afa21276fe0484cd,sheet1:R26,,,
00a58ebe853bf7f3-sheet1-R7,2026-03-13,daegu-dalseong,법무감사실,"울엄마손메밀묵, 딜라이트",소송업무 수행에 따른 관계자와의 간담회 식사 제공 및 지출,57100,00a58ebe853bf7f30773fcb9f7d64d65dfa4253581ee63fbcfc1ef9f6c9dcacb,sheet1:R7,,,
00a58ebe853bf7f3-sheet1-R8,2026-03-24,daegu-dalseong,법무감사실,딜라이트,3월 무료이동법률상담 관계자 격려를 위한 다과 제공 및 지출,30000,00a58ebe853bf7f30773fcb9f7d64d65dfa4253581ee63fbcfc1ef9f6c9dcacb,sheet1:R8,,,
00a58ebe853bf7f3-sheet1-R9,2026-03-27,daegu-dalseong,법무감사실,교촌치킨 다사점,다사읍 종합감사 관계자 격려를 위한 간식 제공 및 지출,283000,00a58ebe853bf7f30773fcb9f7d64d65dfa4253581ee63fbcfc1ef9f6c9dcacb,sheet1:R9,,,
00a58ebe853bf7f3-sheet1-R10,2026-03-27,daegu-dalseong,법무감사실,"산얼면옥, 오늘도통통",소송업무 수행에 따른 관계자와의 간담회 식사 제공 및 지출,123000,00a58ebe853bf7f30773fcb9f7d64d65dfa4253581ee63fbcfc1ef9f6c9dcacb,sheet1:R10,,,
aaaea0c7bd277924-sheet1-R12,2026-01-02,daegu-dalseong,화원읍,담은떡방,인사이동에 따른 소속 직원 격려용 간식 구입 및 지출,240000,aaaea0c7bd2779245b8ef0c29a489c91535c75545fbf892b56066d4988adb015,sheet1:R12,,,
aaaea0c7bd277924-sheet1-R13,2026-01-23,daegu-dalseong,화원읍,카페 꽃이피다 화원점,민원팀 직원격려를 위한 음료 제공 및 지출,24000,aaaea0c7bd2779245b8ef0c29a489c91535c75545fbf892b56066d4988adb015,sheet1:R13,,,
aaaea0c7bd277924-sheet1-R18,2026-01-27,daegu-dalseong,화원읍,청춘회수산,화원읍발전회 관계자 간담회 개최에 따른 식사 제공 및 지출,301000,aaaea0c7bd2779245b8ef0c29a489c91535c75545fbf892b56066d4988adb015,sheet1:R18,,,
aaaea0c7bd277924-sheet1-R19,2026-01-29,daegu-dalseong,화원읍,"청보리, 스테이블모먼트 화원점",화원읍 지역사회보장협의체 간담회 개최에 따른 식사·음료 제공 및 지출,143600,aaaea0c7bd2779245b8ef0c29a489c91535c75545fbf892b56066d4988adb015,sheet1:R19,,,
aaaea0c7bd277924-sheet2-R12,2026-02-03,daegu-dalseong,화원읍,딜라이트,산업팀 직원격려를 위한 음료 제공 및 지출,21000,aaaea0c7bd2779245b8ef0c29a489c91535c75545fbf892b56066d4988adb015,sheet2:R12,,,
aaaea0c7bd277924-sheet2-R13,2026-02-04,daegu-dalseong,화원읍,정순두부,청소팀 직원격려를 위한 식사 제공 및 지출,36000,aaaea0c7bd2779245b8ef0c29a489c91535c75545fbf892b56066d4988adb015,sheet2:R13,,,
aaaea0c7bd277924-sheet2-R14,2026-02-20,daegu-dalseong,화원읍,동네맛집,화원읍 이장회의 개최에 따른 식사 제공 및 지출,868000,aaaea0c7bd2779245b8ef0c29a489c91535c75545fbf892b56066d4988adb015,sheet2:R14,,,
aaaea0c7bd277924-sheet2-R15,2026-02-27,daegu-dalseong,화원읍,카페 꽃이피다 화원점,행정팀 직원격려를 위한 음료 제공 및 지출,19000,aaaea0c7bd2779245b8ef0c29a489c91535c75545fbf892b56066d4988adb015,sheet2:R15,,,
aaaea0c7bd277924-sheet2-R20,2026-02-05,daegu-dalseong,화원읍,돈까스클럽 대구달서점,화원읍 이장협의회 관계자 간담회 개최에 따른 식사 제공 및 지출,193600,aaaea0c7bd2779245b8ef0c29a489c91535c75545fbf892b56066d4988adb015,sheet2:R20,,,
aaaea0c7bd277924-sheet2-R21,2026-02-09,daegu-dalseong,화원읍,방천가족족발,읍 현안사업 홍보를 위한 언론관계자 간담회 개최에 따른 식사 제공 및 지출,85000,aaaea0c7bd2779245b8ef0c29a489c91535c75545fbf892b56066d4988adb015,sheet2:R21,,,
aaaea0c7bd277924-sheet2-R22,2026-02-25,daegu-dalseong,화원읍,"송해공원 연지담, 바토플루이르 송해",읍 현안사업 추진 관계자 간담회 개최에 따른 식사·음료 제공 및 지출,158400,aaaea0c7bd2779245b8ef0c29a489c91535c75545fbf892b56066d4988adb015,sheet2:R22,,,
aaaea0c7bd277924-sheet3-R12,2026-03-06,daegu-dalseong,화원읍,오로다 커피,복지팀 직원격려를 위한 음료 제공 및 지출,26800,aaaea0c7bd2779245b8ef0c29a489c91535c75545fbf892b56066d4988adb015,sheet3:R12,,,
aaaea0c7bd277924-sheet3-R13,2026-03-24,daegu-dalseong,화원읍,돈까스클럽 대구달서점,행정팀 직원격려를 위한 식사제공 및 지출,99100,aaaea0c7bd2779245b8ef0c29a489c91535c75545fbf892b56066d4988adb015,sheet3:R13,,,
aaaea0c7bd277924-sheet3-R18,2026-03-05,daegu-dalseong,화원읍,석정복어,읍 기관단체장 간담회 식사 제공 및 지출,120000,aaaea0c7bd2779245b8ef0c29a489c91535c75545fbf892b56066d4988adb015,sheet3:R18,,,
aaaea0c7bd277924-sheet3-R19,2026-03-18,daegu-dalseong,화원읍,바다횟집,읍 기관단체장 간담회 식사 제공 및 지출,438000,aaaea0c7bd2779245b8ef0c29a489c91535c75545fbf892b56066d4988adb015,sheet3:R19,,,
f82c0fa4e6469ae0-sheet1-R7,2026-03-04,daegu-dalseong,총무과,울엄마손메밀묵,포상 업무 관계자 식사 제공,38000,f82c0fa4e6469ae0f2f34040efd040255892c970d26ab5fb713bf786003b0054,sheet1:R7,,,
f82c0fa4e6469ae0-sheet1-R8,2026-03-16,daegu-dalseong,총무과,정환네식당,선거업무추진 관계자 식사 제공,50000,f82c0fa4e6469ae0f2f34040efd040255892c970d26ab5fb713bf786003b0054,sheet1:R8,,,
f82c0fa4e6469ae0-sheet1-R9,2026-03-19,daegu-dalseong,총무과,울엄마손메밀묵,통합방위협의회 관계자 식사 제공,44000,f82c0fa4e6469ae0f2f34040efd040255892c970d26ab5fb713bf786003b0054,sheet1:R9,,,
f82c0fa4e6469ae0-sheet1-R10,2026-03-20,daegu-dalseong,총무과,모퉁이순두부,화랑훈련 준비 관계자 식사 제공,46000,f82c0fa4e6469ae0f2f34040efd040255892c970d26ab5fb713bf786003b0054,sheet1:R10,,,
f82c0fa4e6469ae0-sheet1-R11,2026-03-20,daegu-dalseong,총무과,도원찜가,선거업무추진 관계자 식사 제공,103000,f82c0fa4e6469ae0f2f34040efd040255892c970d26ab5fb713bf786003b0054,sheet1:R11,,,
f82c0fa4e6469ae0-sheet1-R12,2026-03-27,daegu-dalseong,총무과,딜라이트,한마음교육 관계자 식사 제공,12000,f82c0fa4e6469ae0f2f34040efd040255892c970d26ab5fb713bf786003b0054,sheet1:R12,,,
bfb739d42860d90d-sheet1-R6,2026-03-23,daegu-dalseong,총무과,개인(성명 비공개),직원 경조사 조의금 지출,50000,bfb739d42860d90db3dfd0ddb2629db310655424b5b4ff3773d2a92bd1ca6926,sheet1:R6,,,
bfb739d42860d90d-sheet1-R11,2026-03-03,daegu-dalseong,총무과,메르헨카페,회계 결산업무 추진 관계자 다과 제공,27500,bfb739d42860d90db3dfd0ddb2629db310655424b5b4ff3773d2a92bd1ca6926,sheet1:R11,,,
bfb739d42860d90d-sheet1-R12,2026-03-04,daegu-dalseong,총무과,강림추어탕,조직 운영에 따른 관계자 식사 제공,123000,bfb739d42860d90db3dfd0ddb2629db310655424b5b4ff3773d2a92bd1ca6926,sheet1:R12,,,
bfb739d42860d90d-sheet1-R13,2026-03-05,daegu-dalseong,총무과,일송정,관제센터 운영 관계자 식사 제공,40000,bfb739d42860d90db3dfd0ddb2629db310655424b5b4ff3773d2a92bd1ca6926,sheet1:R13,,,
bfb739d42860d90d-sheet1-R14,2026-03-13,daegu-dalseong,총무과,나루터식당,달성군 민주평화통일자문회의 운영 관계자 식사 제공,126000,bfb739d42860d90db3dfd0ddb2629db310655424b5b4ff3773d2a92bd1ca6926,sheet1:R14,,,
bfb739d42860d90d-sheet1-R15,2026-03-16,daegu-dalseong,총무과,울엄마손메밀묵,청사보안관리 관계자 식사 제공,39000,bfb739d42860d90db3dfd0ddb2629db310655424b5b4ff3773d2a92bd1ca6926,sheet1:R15,,,
bfb739d42860d90d-sheet1-R16,2026-03-18,daegu-dalseong,총무과,동곡원조할매손칼국수식당/로드135커피,"지역 여론동향 관계자 식사, 다과 제공",52800,bfb739d42860d90db3dfd0ddb2629db310655424b5b4ff3773d2a92bd1ca6926,sheet1:R16,,,
bfb739d42860d90d-sheet1-R17,2026-03-20,daegu-dalseong,총무과,핸즈커피,통합방위협의회 관계자 다과 제공,25800,bfb739d42860d90db3dfd0ddb2629db310655424b5b4ff3773d2a92bd1ca6926,sheet1:R17,,,
bfb739d42860d90d-sheet1-R18,2026-03-23,daegu-dalseong,총무과,이태리제면소,달성군통합방위협의회 운영 관계자 식사 제공,47600,bfb739d42860d90db3dfd0ddb2629db310655424b5b4ff3773d2a92bd1ca6926,sheet1:R18,,,
bfb739d42860d90d-sheet1-R19,2026-03-25,daegu-dalseong,총무과,짬뽕전문 대흥이/투썸플레이스,"마을가꾸기 사업 추진 관계자 식사, 다과 제공",91200,bfb739d42860d90db3dfd0ddb2629db310655424b5b4ff3773d2a92bd1ca6926,sheet1:R19,,,
600a879c382dfe4d-sheet1-R6,2026-03-25,daegu-dalseong,총무과,개인(성명 비공개),직원 경조사 축의금,50000,600a879c382dfe4d27536f569b960a4e4f065a335dcb87f898449bdbd2fcddda,sheet1:R6,,,
600a879c382dfe4d-sheet1-R7,2026-03-25,daegu-dalseong,총무과,부산식당,자연 및 산업재해 예방 관계 직원 격려 식사 제공,103000,600a879c382dfe4d27536f569b960a4e4f065a335dcb87f898449bdbd2fcddda,sheet1:R7,,,
600a879c382dfe4d-sheet1-R8,2026-03-26,daegu-dalseong,총무과,솔레이드서재,"하천, 계곡 구역 내 불법 점용시설 점검 관계 직원 격려 다과 제공",69700,600a879c382dfe4d27536f569b960a4e4f065a335dcb87f898449bdbd2fcddda,sheet1:R8,,,
600a879c382dfe4d-sheet1-R9,2026-03-27,daegu-dalseong,총무과,슈가봉봉,제324회 달성군 임시회 준비 업무 협의 관계자 다과 제공,276000,600a879c382dfe4d27536f569b960a4e4f065a335dcb87f898449bdbd2fcddda,sheet1:R9,,,
600a879c382dfe4d-sheet1-R10,2026-03-31,daegu-dalseong,총무과,김태희맛집,벚꽃축제 행사 준비 관련 직원 격려 식사 제공,493000,600a879c382dfe4d27536f569b960a4e4f065a335dcb87f898449bdbd2fcddda,sheet1:R10,,,
600a879c382dfe4d-sheet1-R15,2026-03-03,daegu-dalseong,총무과,딜라이트,노사업무 관계자 다과 제공,24000,600a879c382dfe4d27536f569b960a4e4f065a335dcb87f898449bdbd2fcddda,sheet1:R15,,,
600a879c382dfe4d-sheet1-R16,2026-03-09,daegu-dalseong,총무과,옥포식당,주요 전략사업 추진 관계자 식사 제공,154000,600a879c382dfe4d27536f569b960a4e4f065a335dcb87f898449bdbd2fcddda,sheet1:R16,,,
600a879c382dfe4d-sheet1-R17,2026-03-19,daegu-dalseong,총무과,송해공원 연지담,시책 홍보 언론관계자 식사 제공,73000,600a879c382dfe4d27536f569b960a4e4f065a335dcb87f898449bdbd2fcddda,sheet1:R17,,,
600a879c382dfe4d-sheet1-R18,2026-03-20,daegu-dalseong,총무과,김선희통영게장,사회재난 관련 안전관리 업무 추진 관계자 식사 제공,121000,600a879c382dfe4d27536f569b960a4e4f065a335dcb87f898449bdbd2fcddda,sheet1:R18,,,
600a879c382dfe4d-sheet1-R19,2026-03-23,daegu-dalseong,총무과,팔공산유통능이마을,홍보협력 사업관계자 식사 제공,72000,600a879c382dfe4d27536f569b960a4e4f065a335dcb87f898449bdbd2fcddda,sheet1:R19,,,
9d423d7139a26b97-sheet1-R6,2026-03-04,daegu-dalseong,총무과,풍국면,보육사업 업무 추진 관계자 식사 제공,33000,9d423d7139a26b971cce505fa4ca945bae3a7caa9155e442cb007199455ee25c,sheet1:R6,,,
9d423d7139a26b97-sheet1-R7,2026-03-06,daegu-dalseong,총무과,꿀꿀이통돼지왕소금구이,도서관 운영 관계자 식사 제공,470000,9d423d7139a26b971cce505fa4ca945bae3a7caa9155e442cb007199455ee25c,sheet1:R7,,,
9d423d7139a26b97-sheet1-R8,2026-03-09,daegu-dalseong,총무과,개인(성명 비공개),직원 경조사 축의금 지출,50000,9d423d7139a26b971cce505fa4ca945bae3a7caa9155e442cb007199455ee25c,sheet1:R8,,,
9d423d7139a26b97-sheet1-R9,2026-03-12,daegu-dalseong,총무과,정순두부,도시계획도로 사업 관련 직원 격려 식사 제공,74000,9d423d7139a26b971cce505fa4ca945bae3a7caa9155e442cb007199455ee25c,sheet1:R9,,,
9d423d7139a26b97-sheet1-R10,2026-03-14,daegu-dalseong,총무과,용지봉,봄철 주요 관광명소 점검 관계자 식사 제공,190000,9d423d7139a26b971cce505fa4ca945bae3a7caa9155e442cb007199455ee25c,sheet1:R10,,,
9d423d7139a26b97-sheet1-R11,2026-03-17,daegu-dalseong,총무과,경주식당,DGIST 과학창의학교 지원사업 관계자 간담회 식사 제공,295000,9d423d7139a26b971cce505fa4ca945bae3a7caa9155e442cb007199455ee25c,sheet1:R11,,,
9d423d7139a26b97-sheet1-R12,2026-03-18,daegu-dalseong,총무과,달성군청 구내식당,기획전략국 직원 격려 식사 제공,135000,9d423d7139a26b971cce505fa4ca945bae3a7caa9155e442cb007199455ee25c,sheet1:R12,,,
9d423d7139a26b97-sheet1-R13,2026-03-20,daegu-dalseong,총무과,주희네분식,군수 수행 직원 격려 식사 제공,48000,9d423d7139a26b971cce505fa4ca945bae3a7caa9155e442cb007199455ee25c,sheet1:R13,,,
9d423d7139a26b97-sheet1-R14,2026-03-23,daegu-dalseong,총무과,베풀장어(현풍점),테크노폴리스 중앙공원 야간경관개선사업 관련 직원 격려 식사 제공,291000,9d423d7139a26b971cce505fa4ca945bae3a7caa9155e442cb007199455ee25c,sheet1:R14,,,
9d423d7139a26b97-sheet1-R15,2026-03-25,daegu-dalseong,총무과,정순두부,노인 시설 및 복지 업무 직원 격려 식사 제공,126000,9d423d7139a26b971cce505fa4ca945bae3a7caa9155e442cb007199455ee25c,sheet1:R15,,,
9d423d7139a26b97-sheet1-R16,2026-03-26,daegu-dalseong,총무과,연화갈비,차별화된 영상 콘텐츠 개발을 위한 간담회 식사 제공,251000,9d423d7139a26b971cce505fa4ca945bae3a7caa9155e442cb007199455ee25c,sheet1:R16,,,
9d423d7139a26b97-sheet1-R17,2026-03-27,daegu-dalseong,총무과,삼천포해물탕,집행부와 군의회 간 간담회 개최에 따른 식사 제공,350000,9d423d7139a26b971cce505fa4ca945bae3a7caa9155e442cb007199455ee25c,sheet1:R17,,,
9d423d7139a26b97-sheet1-R18,2026-03-30,daegu-dalseong,총무과,김태희여사의 찜,"주요 시책, 행사 지원 및 홍보 관계 직원 격려 식사 제공",798000,9d423d7139a26b971cce505fa4ca945bae3a7caa9155e442cb007199455ee25c,sheet1:R18,,,
9d423d7139a26b97-sheet1-R23,2026-03-10,daegu-dalseong,총무과,성서한옥집 김치찜,하천 보행환경 개선 사업 관계사 식사 제공,99000,9d423d7139a26b971cce505fa4ca945bae3a7caa9155e442cb007199455ee25c,sheet1:R23,,,
9d423d7139a26b97-sheet1-R24,2026-03-10,daegu-dalseong,총무과,화진횟집 화원 전천점,문화예술진흥업무 관계자 식사 제공,195000,9d423d7139a26b971cce505fa4ca945bae3a7caa9155e442cb007199455ee25c,sheet1:R24,,,
6b5bc2ebb98ef40e-sheet1-R12,2026-01-02,daegu-dalseong,하빈면,고집센그집갈비탕(화원점),직원 격려 식사 제공 및 지출,104000,6b5bc2ebb98ef40ec49379f2b36efb292926d634a13e80f8a25d96ae15a4dc1c,sheet1:R12,,,
6b5bc2ebb98ef40e-sheet1-R13,2026-01-05,daegu-dalseong,하빈면,고집센그집갈비탕(화원점),「2026년 달성군 신년인사회」참석에 따른 식사제공 및 지출,104000,6b5bc2ebb98ef40ec49379f2b36efb292926d634a13e80f8a25d96ae15a4dc1c,sheet1:R13,,,
6b5bc2ebb98ef40e-sheet1-R14,2026-01-15,daegu-dalseong,하빈면,광장복어,맞춤형복지팀 격려 식사 제공 및 지출,66000,6b5bc2ebb98ef40ec49379f2b36efb292926d634a13e80f8a25d96ae15a4dc1c,sheet1:R14,,,
6b5bc2ebb98ef40e-sheet1-R15,2026-01-16,daegu-dalseong,하빈면,싱싱횟집,하빈들소리보존회 활동 격려 간담회 및 식사제공에 따른 지출,200000,6b5bc2ebb98ef40ec49379f2b36efb292926d634a13e80f8a25d96ae15a4dc1c,sheet1:R15,,,
6b5bc2ebb98ef40e-sheet1-R16,2026-01-20,daegu-dalseong,하빈면,마당집가든,이장협의회 활동 격려 간담회 및 식사제공에 따른 지출,475000,6b5bc2ebb98ef40ec49379f2b36efb292926d634a13e80f8a25d96ae15a4dc1c,sheet1:R16,,,
6b5bc2ebb98ef40e-sheet1-R17,2026-01-22,daegu-dalseong,하빈면,광장복어,행정팀 격려 식사 제공 및 지출,44000,6b5bc2ebb98ef40ec49379f2b36efb292926d634a13e80f8a25d96ae15a4dc1c,sheet1:R17,,,
6b5bc2ebb98ef40e-sheet1-R18,2026-01-28,daegu-dalseong,하빈면,황성숯불갈비,직원 격려 식사 제공 및 지출,84000,6b5bc2ebb98ef40ec49379f2b36efb292926d634a13e80f8a25d96ae15a4dc1c,sheet1:R18,,,
6b5bc2ebb98ef40e-sheet1-R19,2026-01-29,daegu-dalseong,하빈면,광장복어,행정지원팀 및 지역개발팀 격려 식사 제공 및 지출,88000,6b5bc2ebb98ef40ec49379f2b36efb292926d634a13e80f8a25d96ae15a4dc1c,sheet1:R19,,,
6b5bc2ebb98ef40e-sheet1-R20,2026-02-04,daegu-dalseong,하빈면,처갓집칼국수식당,비상근무 직원 격려 식사제공 및 지출,16000,6b5bc2ebb98ef40ec49379f2b36efb292926d634a13e80f8a25d96ae15a4dc1c,sheet1:R20,,,
6b5bc2ebb98ef40e-sheet1-R21,2026-02-06,daegu-dalseong,하빈면,마당집가든,자율방범대 간담회 개최에 따른 식사제공 및 지출,165000,6b5bc2ebb98ef40ec49379f2b36efb292926d634a13e80f8a25d96ae15a4dc1c,sheet1:R21,,,
6b5bc2ebb98ef40e-sheet1-R22,2026-02-11,daegu-dalseong,하빈면,마당집가든,하빈면민복지회관 운영위원회 회의 개최에 따른 식사 제공 및 지출,346000,6b5bc2ebb98ef40ec49379f2b36efb292926d634a13e80f8a25d96ae15a4dc1c,sheet1:R22,,,
6b5bc2ebb98ef40e-sheet1-R23,2026-02-12,daegu-dalseong,하빈면,동곡할매국밥,치안 관련 간담회 개최에 따른 참석자 식사제공 및 지출,31000,6b5bc2ebb98ef40ec49379f2b36efb292926d634a13e80f8a25d96ae15a4dc1c,sheet1:R23,,,
6b5bc2ebb98ef40e-sheet1-R24,2026-02-12,daegu-dalseong,하빈면,로드135커피,치안 관련 간담회 개최에 따른 참석자 식사제공 및 지출,23500.0,6b5bc2ebb98ef40ec49379f2b36efb292926d634a13e80f8a25d96ae15a4dc1c,sheet1:R24,,,
6b5bc2ebb98ef40e-sheet1-R25,2026-02-19,daegu-dalseong,하빈면,다원순두부,농촌지도자회 관계자 간담회 개최에 따른 식사제공 및 지출,45000,6b5bc2ebb98ef40ec49379f2b36efb292926d634a13e80f8a25d96ae15a4dc1c,sheet1:R25,,,
6b5bc2ebb98ef40e-sheet1-R26,2026-02-25,daegu-dalseong,하빈면,일품돼지국밥 다사점,비상근무직원 격려 식사제공 및 지출,60000,6b5bc2ebb98ef40ec49379f2b36efb292926d634a13e80f8a25d96ae15a4dc1c,sheet1:R26,,,
6b5bc2ebb98ef40e-sheet1-R27,2026-02-27,daegu-dalseong,하빈면,다모아숯불갈비,행정팀 및 맞춤형복지팀 격려 식사제공 및 지출,96000,6b5bc2ebb98ef40ec49379f2b36efb292926d634a13e80f8a25d96ae15a4dc1c,sheet1:R27,,,
6b5bc2ebb98ef40e-sheet1-R28,2026-02-27,daegu-dalseong,하빈면,진참치,면 주요사업 간담회 개최에 따른 식사제공 및 지출,197000,6b5bc2ebb98ef40ec49379f2b36efb292926d634a13e80f8a25d96ae15a4dc1c,sheet1:R28,,,
6b5bc2ebb98ef40e-sheet1-R29,2026-03-03,daegu-dalseong,하빈면,대구왕뽈찜,정월대보름 달맞이 문화제 관계자 식사제공 및 지출,188000,6b5bc2ebb98ef40ec49379f2b36efb292926d634a13e80f8a25d96ae15a4dc1c,sheet1:R29,,,
6b5bc2ebb98ef40e-sheet1-R30,2026-03-31,daegu-dalseong,하빈면,본가돼지찌개,직원 격려 식사 제공 및 지출,68000,6b5bc2ebb98ef40ec49379f2b36efb292926d634a13e80f8a25d96ae15a4dc1c,sheet1:R30,,,
6b5bc2ebb98ef40e-sheet1-R35,2026-01-13,daegu-dalseong,하빈면,묘운,보건 업무 추진 관계자 간담회 개최에 따른 음료 제공 및 지출,19500.0,6b5bc2ebb98ef40ec49379f2b36efb292926d634a13e80f8a25d96ae15a4dc1c,sheet1:R35,,,
6b5bc2ebb98ef40e-sheet1-R36,2026-01-16,daegu-dalseong,하빈면,대교참숯갈비,마을공동시설 개선 업무협의에 따른 식사 제공 및 지출,57000,6b5bc2ebb98ef40ec49379f2b36efb292926d634a13e80f8a25d96ae15a4dc1c,sheet1:R36,,,
6b5bc2ebb98ef40e-sheet1-R37,2026-03-17,daegu-dalseong,하빈면,마당집가든,자연보호협의회 활동 격려 간담회 및 식사제공에 따른 지출,200000,6b5bc2ebb98ef40ec49379f2b36efb292926d634a13e80f8a25d96ae15a4dc1c,sheet1:R37,,,
6b5bc2ebb98ef40e-sheet1-R38,2026-03-17,daegu-dalseong,하빈면,홍이짬뽕나라,자연보호협의회 활동 격려 간담회 및 식사제공에 따른 지출,58000,6b5bc2ebb98ef40ec49379f2b36efb292926d634a13e80f8a25d96ae15a4dc1c,sheet1:R38,,,
6b5bc2ebb98ef40e-sheet1-R39,2026-03-25,daegu-dalseong,하빈면,동곡원조할매손칼국수,하빈면 지역사회보장협의체 정기회의,200000,6b5bc2ebb98ef40ec49379f2b36efb292926d634a13e80f8a25d96ae15a4dc1c,sheet1:R39,,,
8d4e73172cb49151-sheet1-R6,2026-01-08,daegu-dalseong,관광과,홍천뚝배기성산점,,40000,8d4e73172cb49151f76f2d3d67426bff6485be1037ba725325299239594a9e35,sheet1:R6,,,
8d4e73172cb49151-sheet1-R7,2026-01-13,daegu-dalseong,관광과,섭이네조개굽는집,,227000,8d4e73172cb49151f76f2d3d67426bff6485be1037ba725325299239594a9e35,sheet1:R7,,,
8d4e73172cb49151-sheet1-R8,2026-01-28,daegu-dalseong,관광과,엄마밥상3호점,,95000,8d4e73172cb49151f76f2d3d67426bff6485be1037ba725325299239594a9e35,sheet1:R8,,,
8d4e73172cb49151-sheet1-R9,2026-02-13,daegu-dalseong,관광과,(주)삼우엘엔에프-미규담,,200000,8d4e73172cb49151f76f2d3d67426bff6485be1037ba725325299239594a9e35,sheet1:R9,,,
8d4e73172cb49151-sheet1-R10,2026-02-19,daegu-dalseong,관광과,서산가마솥국밥,,48000,8d4e73172cb49151f76f2d3d67426bff6485be1037ba725325299239594a9e35,sheet1:R10,,,
8d4e73172cb49151-sheet1-R11,2026-03-06,daegu-dalseong,관광과,달서 반려견 놀이터,,17000,8d4e73172cb49151f76f2d3d67426bff6485be1037ba725325299239594a9e35,sheet1:R11,,,
8d4e73172cb49151-sheet1-R12,2026-03-16,daegu-dalseong,관광과,또바기,,101000,8d4e73172cb49151f76f2d3d67426bff6485be1037ba725325299239594a9e35,sheet1:R12,,,
8d4e73172cb49151-sheet1-R13,2026-03-17,daegu-dalseong,관광과,홍천뚝배기성산점,,65000,8d4e73172cb49151f76f2d3d67426bff6485be1037ba725325299239594a9e35,sheet1:R13,,,
8d4e73172cb49151-sheet1-R14,2026-03-20,daegu-dalseong,관광과,봉자막창,,143000,8d4e73172cb49151f76f2d3d67426bff6485be1037ba725325299239594a9e35,sheet1:R14,,,
8d4e73172cb49151-sheet1-R15,2026-03-27,daegu-dalseong,관광과,성주막창,,140500,8d4e73172cb49151f76f2d3d67426bff6485be1037ba725325299239594a9e35,sheet1:R15,,,
a76741e7905c308e-sheet1-R12,2026-01-22,daegu-dalseong,세무과,고기굽는남자 상인점,무료세무상담 관련 업무 관계자 식사 제공 및 지출,129000,a76741e7905c308e3ad98d95544fb6e2b8f86f63d0b519abfaf8a11fe4522228,sheet1:R12,,,
a76741e7905c308e-sheet1-R13,2026-01-28,daegu-dalseong,세무과,대박소양곰탕,지방세 현안 업무 협의를 위한 업무 관계자 식사 제공,93000,a76741e7905c308e3ad98d95544fb6e2b8f86f63d0b519abfaf8a11fe4522228,sheet1:R13,,,
a76741e7905c308e-sheet1-R14,2026-02-05,daegu-dalseong,세무과,냄비집,지방세 감면 운용기준 협의를 위한 업무관계자 회의 및 식사 제공,87000,a76741e7905c308e3ad98d95544fb6e2b8f86f63d0b519abfaf8a11fe4522228,sheet1:R14,,,
a76741e7905c308e-sheet1-R15,2026-02-13,daegu-dalseong,세무과,주식회사 차가네,마을세무사 제도 운영을 위한 업무 관계자 회의 및 식사 제공,120000,a76741e7905c308e3ad98d95544fb6e2b8f86f63d0b519abfaf8a11fe4522228,sheet1:R15,,,
a76741e7905c308e-sheet1-R16,2026-03-27,daegu-dalseong,세무과,한우단골집 진천점,지방세입 징수확보 대책 협의를 위한 업무관계자 식사제공,240000,a76741e7905c308e3ad98d95544fb6e2b8f86f63d0b519abfaf8a11fe4522228,sheet1:R16,,,
034d48cd8b91dc4e-sheet1-R7,2026-03-04,daegu-dalseong,기획예산과,손가네,군 주요업무 추진을 위한 사업관계자 간담회 식사제공 및 지출,197000,034d48cd8b91dc4eabb0b0b20c8bb0e44dd64f321c5241dd671697c1ec7d374d,sheet1:R7,,,
034d48cd8b91dc4e-sheet1-R8,2026-03-05,daegu-dalseong,기획예산과,부산진국밥,군정 기획업무 추진을 위한 사업관계자 간담회 식사제공 및 지출,34500,034d48cd8b91dc4eabb0b0b20c8bb0e44dd64f321c5241dd671697c1ec7d374d,sheet1:R8,,,
034d48cd8b91dc4e-sheet1-R9,2026-03-06,daegu-dalseong,기획예산과,멱살 본점,군정현안 논의를 위한 사업관계자 간담회 식사제공 및 지출,124400,034d48cd8b91dc4eabb0b0b20c8bb0e44dd64f321c5241dd671697c1ec7d374d,sheet1:R9,,,
034d48cd8b91dc4e-sheet1-R10,2026-03-09,daegu-dalseong,기획예산과,옥된장,대구교도소 후적지 개발사업 추진을 위한 관계자 간담회 식사제공 및 지출,65000,034d48cd8b91dc4eabb0b0b20c8bb0e44dd64f321c5241dd671697c1ec7d374d,sheet1:R10,,,
034d48cd8b91dc4e-sheet1-R11,2026-03-10,daegu-dalseong,기획예산과,부산진국밥,주요 전략사업 추진을 위한 관계자 간담회 식사제공 및 지출,87000,034d48cd8b91dc4eabb0b0b20c8bb0e44dd64f321c5241dd671697c1ec7d374d,sheet1:R11,,,
034d48cd8b91dc4e-sheet1-R12,2026-03-13,daegu-dalseong,기획예산과,성서한옥집 김치찜,정책사업 업무추진을 위한 사업관계자 간담회 식사제공 및 지출,81000,034d48cd8b91dc4eabb0b0b20c8bb0e44dd64f321c5241dd671697c1ec7d374d,sheet1:R12,,,
034d48cd8b91dc4e-sheet1-R13,2026-03-23,daegu-dalseong,기획예산과,미식가의구이,군 주요 추진사업 협의를 위한 관계자 간담회 식사제공 및 지출,153400,034d48cd8b91dc4eabb0b0b20c8bb0e44dd64f321c5241dd671697c1ec7d374d,sheet1:R13,,,
034d48cd8b91dc4e-sheet1-R14,2026-03-30,daegu-dalseong,기획예산과,제주애올래,군정 기획 및 정책사업 관계자 간담회 식사제공 및 지출,198000,034d48cd8b91dc4eabb0b0b20c8bb0e44dd64f321c5241dd671697c1ec7d374d,sheet1:R14,,,
034d48cd8b91dc4e-sheet1-R15,2026-03-05,daegu-dalseong,기획예산과,전일갑오,2026년도 지방교부세 연찬회 관련 식사 제공 및 지출,87500,034d48cd8b91dc4eabb0b0b20c8bb0e44dd64f321c5241dd671697c1ec7d374d,sheet1:R15,,,
034d48cd8b91dc4e-sheet1-R16,2026-03-09,daegu-dalseong,기획예산과,온오븐,예산업무 협의를 위한 관계자 간담회 다과 제공 및 지출,97000,034d48cd8b91dc4eabb0b0b20c8bb0e44dd64f321c5241dd671697c1ec7d374d,sheet1:R16,,,
034d48cd8b91dc4e-sheet1-R17,2026-03-27,daegu-dalseong,기획예산과,한라축산정육식당제주흑돼지,예산업무 협의를 위한 관계자 간담회 식사 제공 및 지출,233750,034d48cd8b91dc4eabb0b0b20c8bb0e44dd64f321c5241dd671697c1ec7d374d,sheet1:R17,,,
c0749c9dfc0b6ba6-sheet1-R7,2026-03-18,daegu-dalseong,기획예산과,화원천내국수뭉티기,소속직원 격려를 위한 식사제공 및 지출,222000,c0749c9dfc0b6ba6fa999453ffe9e852ccda395c6622201a6709fde220a1801c,sheet1:R7,,,
c0749c9dfc0b6ba6-sheet1-R12,2026-03-11,daegu-dalseong,기획예산과,보백관,도서관 업무추진 관계자 식사 제공 및 지출,44000,c0749c9dfc0b6ba6fa999453ffe9e852ccda395c6622201a6709fde220a1801c,sheet1:R12,,,
c0749c9dfc0b6ba6-sheet1-R13,2026-03-12,daegu-dalseong,기획예산과,벚꽃나들버섯집,주요 전략사업 추진을 위한 관계자 식사 제공 및 지출,70000,c0749c9dfc0b6ba6fa999453ffe9e852ccda395c6622201a6709fde220a1801c,sheet1:R13,,,
c0749c9dfc0b6ba6-sheet1-R14,2026-03-16,daegu-dalseong,기획예산과,부산식당,군 주요업무 추진을 위한 사업관계자 간담회 식사제공 및 지출,173000,c0749c9dfc0b6ba6fa999453ffe9e852ccda395c6622201a6709fde220a1801c,sheet1:R14,,,
c0749c9dfc0b6ba6-sheet1-R15,2026-03-18,daegu-dalseong,기획예산과,옥포뜰,홍보협력 사업관계자 식사제공 및 지출,128000,c0749c9dfc0b6ba6fa999453ffe9e852ccda395c6622201a6709fde220a1801c,sheet1:R15,,,
c0749c9dfc0b6ba6-sheet1-R16,2026-03-20,daegu-dalseong,기획예산과,한양꿀족발,군정현안 논의를 위한 사업관계자 식사 제공 및 지출,82000,c0749c9dfc0b6ba6fa999453ffe9e852ccda395c6622201a6709fde220a1801c,sheet1:R16,,,
c0749c9dfc0b6ba6-sheet1-R17,2026-03-27,daegu-dalseong,기획예산과,동성막창,군 주요업무 추진을 위한 사업관계자 간담회 식사제공 및 지출,156000,c0749c9dfc0b6ba6fa999453ffe9e852ccda395c6622201a6709fde220a1801c,sheet1:R17,,,
c0749c9dfc0b6ba6-sheet1-R18,2026-03-30,daegu-dalseong,기획예산과,옛날손순대국밥,군정현안 논의를 위한 사업관계자 식사 제공 및 지출,82000,c0749c9dfc0b6ba6fa999453ffe9e852ccda395c6622201a6709fde220a1801c,sheet1:R18,,,
9bd4cdae5db2bd48-sheet1-R6,2026-01-02,daegu-dalseong,문화예술과,연화정 삼계탕,문화예술 업무추진 관계자 식사 제공 및 지출,67000,9bd4cdae5db2bd4800a235c658a2db0aa0b329483e20ecf62d0138ca5358948a,sheet1:R6,,,
9bd4cdae5db2bd48-sheet1-R7,2026-01-05,daegu-dalseong,문화예술과,(주)원조현풍박소선할매집곰탕,"체육진흥 업무추진 관계자 식사, 다과 제공 및 지출",170000,9bd4cdae5db2bd4800a235c658a2db0aa0b329483e20ecf62d0138ca5358948a,sheet1:R7,,,
9bd4cdae5db2bd48-sheet1-R8,2026-01-06,daegu-dalseong,문화예술과,서산가마솥국밥,"관광개발 업무추진 관계자 식사, 다과 제공 및 지출",78000,9bd4cdae5db2bd4800a235c658a2db0aa0b329483e20ecf62d0138ca5358948a,sheet1:R8,,,
9bd4cdae5db2bd48-sheet1-R9,2026-01-07,daegu-dalseong,문화예술과,해방촌,"관광정책추진 업무 관계자 식사, 다과 제공 및 지출",158000,9bd4cdae5db2bd4800a235c658a2db0aa0b329483e20ecf62d0138ca5358948a,sheet1:R9,,,
9bd4cdae5db2bd48-sheet1-R10,2026-01-09,daegu-dalseong,문화예술과,현풍돌짜장,"문화시설 업무추진 관계자 식사, 다과 제공 및 지출",91000,9bd4cdae5db2bd4800a235c658a2db0aa0b329483e20ecf62d0138ca5358948a,sheet1:R10,,,
9bd4cdae5db2bd48-sheet1-R11,2026-01-09,daegu-dalseong,문화예술과,갈비야,"체육시설 업무추진 관계자 식사, 다과 제공 및 지출",75000,9bd4cdae5db2bd4800a235c658a2db0aa0b329483e20ecf62d0138ca5358948a,sheet1:R11,,,
9bd4cdae5db2bd48-sheet1-R12,2026-01-12,daegu-dalseong,문화예술과,바다양푼이 동태탕,국가유산관리 업무추진 관계자 식사 제공 및 지출,50000,9bd4cdae5db2bd4800a235c658a2db0aa0b329483e20ecf62d0138ca5358948a,sheet1:R12,,,
9bd4cdae5db2bd48-sheet1-R13,2026-01-15,daegu-dalseong,문화예술과,칭따오양꼬치,"산림정책 업무추진 관계자 식사, 다과 제공 및 지출",257000,9bd4cdae5db2bd4800a235c658a2db0aa0b329483e20ecf62d0138ca5358948a,sheet1:R13,,,
9bd4cdae5db2bd48-sheet1-R14,2026-01-19,daegu-dalseong,문화예술과,모려촌,문화예술 업무추진 관계자 식사 제공 및 지출,64000,9bd4cdae5db2bd4800a235c658a2db0aa0b329483e20ecf62d0138ca5358948a,sheet1:R14,,,
9bd4cdae5db2bd48-sheet1-R15,2026-01-19,daegu-dalseong,문화예술과,대향숯불고기집,"관광개발 업무추진 관계자 식사, 다과 제공 및 지출",265500,9bd4cdae5db2bd4800a235c658a2db0aa0b329483e20ecf62d0138ca5358948a,sheet1:R15,,,
9bd4cdae5db2bd48-sheet1-R16,2026-01-20,daegu-dalseong,문화예술과,바다양푼이 동태탕,"구지 복합문화센터 건립 업무추진 관계자 식사, 다과 제공 및 지출",50000,9bd4cdae5db2bd4800a235c658a2db0aa0b329483e20ecf62d0138ca5358948a,sheet1:R16,,,
9bd4cdae5db2bd48-sheet1-R17,2026-01-22,daegu-dalseong,문화예술과,친구숯불닭갈비,"비슬산 자연휴양림 리모델링 사업 추진 관계자 식사, 다과 제공 및 지출",109000,9bd4cdae5db2bd4800a235c658a2db0aa0b329483e20ecf62d0138ca5358948a,sheet1:R17,,,
9bd4cdae5db2bd48-sheet1-R18,2026-01-28,daegu-dalseong,문화예술과,능이마을(현풍점),비슬산 관광지 조성 사업 업무추진 관계자 식사 제공 및 지출,66000,9bd4cdae5db2bd4800a235c658a2db0aa0b329483e20ecf62d0138ca5358948a,sheet1:R18,,,
9bd4cdae5db2bd48-sheet1-R19,2026-02-02,daegu-dalseong,문화예술과,갈비야,"서재 생활문화센터 건립 업무추진 관계자 식사, 다과 제공 및 지출",105500,9bd4cdae5db2bd4800a235c658a2db0aa0b329483e20ecf62d0138ca5358948a,sheet1:R19,,,
9bd4cdae5db2bd48-sheet1-R20,2026-02-06,daegu-dalseong,문화예술과,사무진 주막촌,"산림정책 업무추진 관계자 식사, 다과 제공 및 지출",78500,9bd4cdae5db2bd4800a235c658a2db0aa0b329483e20ecf62d0138ca5358948a,sheet1:R20,,,
9bd4cdae5db2bd48-sheet1-R21,2026-02-09,daegu-dalseong,문화예술과,수림정,국가유산관리 업무추진 관계자 식사 제공 및 지출,67000,9bd4cdae5db2bd4800a235c658a2db0aa0b329483e20ecf62d0138ca5358948a,sheet1:R21,,,
9bd4cdae5db2bd48-sheet1-R22,2026-02-09,daegu-dalseong,문화예술과,밤새우는닭,"정월대보름 달맞이 문화제 업무추진 관계자 식사, 다과 제공 및 지출",115500,9bd4cdae5db2bd4800a235c658a2db0aa0b329483e20ecf62d0138ca5358948a,sheet1:R22,,,
9bd4cdae5db2bd48-sheet1-R23,2026-02-13,daegu-dalseong,문화예술과,나폴리언덕,문화예술 업무추진 관계자 식사 제공 및 지출,86000,9bd4cdae5db2bd4800a235c658a2db0aa0b329483e20ecf62d0138ca5358948a,sheet1:R23,,,
9bd4cdae5db2bd48-sheet1-R24,2026-02-13,daegu-dalseong,문화예술과,나폴리언덕,문화예술 업무추진 관계자 식사 제공 및 지출,2500,9bd4cdae5db2bd4800a235c658a2db0aa0b329483e20ecf62d0138ca5358948a,sheet1:R24,,,
9bd4cdae5db2bd48-sheet1-R25,2026-02-23,daegu-dalseong,문화예술과,바다양푼이 동태탕,공공체육시설 업무추진 관계자 식사 제공 및 지출,48000,9bd4cdae5db2bd4800a235c658a2db0aa0b329483e20ecf62d0138ca5358948a,sheet1:R25,,,
9bd4cdae5db2bd48-sheet1-R26,2026-03-16,daegu-dalseong,문화예술과,대구식당,문화예술 업무추진 관계자 식사 제공 및 지출,182000,9bd4cdae5db2bd4800a235c658a2db0aa0b329483e20ecf62d0138ca5358948a,sheet1:R26,,,
9bd4cdae5db2bd48-sheet1-R27,2026-03-17,daegu-dalseong,문화예술과,와촌식당,공공체육시설 업무추진 관계자 식사 제공 및 지출,29000,9bd4cdae5db2bd4800a235c658a2db0aa0b329483e20ecf62d0138ca5358948a,sheet1:R27,,,
9bd4cdae5db2bd48-sheet1-R28,2026-03-23,daegu-dalseong,문화예술과,소문난 부산조방낙지마당,서원 및 향교 운영관리 업무추진 관계자 식사 제공 및 지출,42000,9bd4cdae5db2bd4800a235c658a2db0aa0b329483e20ecf62d0138ca5358948a,sheet1:R28,,,
9bd4cdae5db2bd48-sheet1-R29,2026-03-24,daegu-dalseong,문화예술과,카페 일곱시,달성문화원 운영관리 업무추진 관계자 다과 제공 및 지출,17700,9bd4cdae5db2bd4800a235c658a2db0aa0b329483e20ecf62d0138ca5358948a,sheet1:R29,,,
9bd4cdae5db2bd48-sheet1-R30,2026-03-26,daegu-dalseong,문화예술과,짬뽕전문 대흥이,비슬산 참꽃 문화제 업무추진 관계자 식사 제공 및 지출,93000,9bd4cdae5db2bd4800a235c658a2db0aa0b329483e20ecf62d0138ca5358948a,sheet1:R30,,,
9bd4cdae5db2bd48-sheet1-R31,2026-03-30,daegu-dalseong,문화예술과,와촌식당,"생활체육시설 업무추진 관계자 식사, 다과 제공 및 지출",65000,9bd4cdae5db2bd4800a235c658a2db0aa0b329483e20ecf62d0138ca5358948a,sheet1:R31,,,
9bd4cdae5db2bd48-sheet1-R32,2026-03-30,daegu-dalseong,문화예술과,작가의 가든,"생활체육시설 업무추진 관계자 식사, 다과 제공 및 지출",20000,9bd4cdae5db2bd4800a235c658a2db0aa0b329483e20ecf62d0138ca5358948a,sheet1:R32,,,
8508cba2138890ee-sheet1-R6,2026-01-14,daegu-dalseong,문화예술과,솔라이트 커피,문화관광국 소속 직원 격려 다과 제공 및 지출,36000,8508cba2138890ee4068ef88c2c0a04f1d2325f5d1a9aa9c95216d6bd9eb56c1,sheet1:R6,,,
8508cba2138890ee-sheet1-R7,2026-01-21,daegu-dalseong,문화예술과,현풍돌짜장,"문화관광국 소속 직원 격려 식사, 다과 제공 및 지출",72000,8508cba2138890ee4068ef88c2c0a04f1d2325f5d1a9aa9c95216d6bd9eb56c1,sheet1:R7,,,
8508cba2138890ee-sheet1-R8,2026-01-26,daegu-dalseong,문화예술과,릴리 브리즈,"문화관광국 소속 직원 격려 식사, 다과 제공 및 지출",151500,8508cba2138890ee4068ef88c2c0a04f1d2325f5d1a9aa9c95216d6bd9eb56c1,sheet1:R8,,,
8508cba2138890ee-sheet1-R9,2026-01-27,daegu-dalseong,문화예술과,돌쇠미나리,"문화관광국 소속 직원 격려 식사, 다과 제공 및 지출",150500,8508cba2138890ee4068ef88c2c0a04f1d2325f5d1a9aa9c95216d6bd9eb56c1,sheet1:R9,,,
8508cba2138890ee-sheet1-R10,2026-01-27,daegu-dalseong,문화예술과,오리마을식당,"문화관광국 소속 직원 격려 식사, 다과 제공 및 지출",79000,8508cba2138890ee4068ef88c2c0a04f1d2325f5d1a9aa9c95216d6bd9eb56c1,sheet1:R10,,,
8508cba2138890ee-sheet1-R11,2026-02-10,daegu-dalseong,문화예술과,봄이봄이,"문화관광국 소속 직원 격려 식사, 다과 제공 및 지출",179000,8508cba2138890ee4068ef88c2c0a04f1d2325f5d1a9aa9c95216d6bd9eb56c1,sheet1:R11,,,
8508cba2138890ee-sheet1-R12,2026-02-10,daegu-dalseong,문화예술과,작가의 가든,"문화관광국 소속 직원 격려 식사, 다과 제공 및 지출",30000,8508cba2138890ee4068ef88c2c0a04f1d2325f5d1a9aa9c95216d6bd9eb56c1,sheet1:R12,,,
8508cba2138890ee-sheet1-R13,2026-03-18,daegu-dalseong,문화예술과,돌쇠 미나리,"문화관광국 소속 직원 격려 식사, 다과 제공 및 지출",315500,8508cba2138890ee4068ef88c2c0a04f1d2325f5d1a9aa9c95216d6bd9eb56c1,sheet1:R13,,,
c66e95b1e6f00be1-sheet1-R6,2026-01-08,daegu-dalseong,문화예술과,옛날손순대국밥,"달천예술창작공간 복합문화공간 조성 업무추진관계자 식사, 다과 제공 및 지출",118000,c66e95b1e6f00be1f5f1ea35c3360096249735f88e71cad2aef20b2f99e08cd0,sheet1:R6,,,
c66e95b1e6f00be1-sheet1-R7,2026-01-15,daegu-dalseong,문화예술과,달성보국수집,달성 중부권 복합문화센터 건립 업무 추진관계자 식사 제공 및 지출,72000,c66e95b1e6f00be1f5f1ea35c3360096249735f88e71cad2aef20b2f99e08cd0,sheet1:R7,,,
c66e95b1e6f00be1-sheet1-R8,2026-01-20,daegu-dalseong,문화예술과,서산가마솥국밥,"정월대보름 달맞이 문화제 업무추진 관계자 식사, 다과 제공 및 지출",108000,c66e95b1e6f00be1f5f1ea35c3360096249735f88e71cad2aef20b2f99e08cd0,sheet1:R8,,,
c66e95b1e6f00be1-sheet1-R9,2026-01-21,daegu-dalseong,문화예술과,양화식당(논공점),"달성문화센터 주차장 환경개선 사업 추진 관계자 식사, 다과 제공 및 지출",84000,c66e95b1e6f00be1f5f1ea35c3360096249735f88e71cad2aef20b2f99e08cd0,sheet1:R9,,,
c66e95b1e6f00be1-sheet1-R10,2026-01-30,daegu-dalseong,문화예술과,이로정,"달천예술창작공간 복합문화공간 조성사업 추진 관계자 식사, 다과 제공 및 지출",32000,c66e95b1e6f00be1f5f1ea35c3360096249735f88e71cad2aef20b2f99e08cd0,sheet1:R10,,,
c66e95b1e6f00be1-sheet1-R11,2026-02-06,daegu-dalseong,문화예술과,칭따오양꼬치,"문화시설 업무추진 관계자 식사, 다과 제공 및 지출",249000,c66e95b1e6f00be1f5f1ea35c3360096249735f88e71cad2aef20b2f99e08cd0,sheet1:R11,,,
c66e95b1e6f00be1-sheet1-R12,2026-02-20,daegu-dalseong,문화예술과,석정,"정월대보름 달맞이 문화제 업무추진 관계자 식사, 다과 제공 및 지출",77000,c66e95b1e6f00be1f5f1ea35c3360096249735f88e71cad2aef20b2f99e08cd0,sheet1:R12,,,
c66e95b1e6f00be1-sheet1-R13,2026-03-03,daegu-dalseong,문화예술과,소문난 부산조방낙지마당,"정월대보름 달맞이 문화제 업무추진 관계자 식사, 다과 제공 및 지출",51500,c66e95b1e6f00be1f5f1ea35c3360096249735f88e71cad2aef20b2f99e08cd0,sheet1:R13,,,
c66e95b1e6f00be1-sheet1-R14,2026-03-03,daegu-dalseong,문화예술과,오아르,"정월대보름 달맞이 문화제 업무추진 관계자 식사, 다과 제공 및 지출",10000,c66e95b1e6f00be1f5f1ea35c3360096249735f88e71cad2aef20b2f99e08cd0,sheet1:R14,,,
c66e95b1e6f00be1-sheet1-R15,2026-03-04,daegu-dalseong,문화예술과,냄비집,"달성문화센터 주차장 환경개선 사업 추진 관계자 식사, 다과 제공 및 지출",171000,c66e95b1e6f00be1f5f1ea35c3360096249735f88e71cad2aef20b2f99e08cd0,sheet1:R15,,,
c66e95b1e6f00be1-sheet1-R16,2026-03-19,daegu-dalseong,문화예술과,서산가마솥국밥,"제30회 비슬산 참꽃 문화제 업무추진 관계자 식사, 다과 제공 및 지출",90000,c66e95b1e6f00be1f5f1ea35c3360096249735f88e71cad2aef20b2f99e08cd0,sheet1:R16,,,
3886ceff16231177-sheet1-R6,2026-01-02,daegu-dalseong,환경과,타가커피,오염배출시설 업무추진 관계자 다과 제공,86600,3886ceff1623117741c849256c0d439beca2c121cbeb4ce2d79fa25afb4e6d14,sheet1:R6,,,
3886ceff16231177-sheet1-R7,2026-01-05,daegu-dalseong,환경과,천이수산,업무협의 관계자 식사 제공,130000,3886ceff1623117741c849256c0d439beca2c121cbeb4ce2d79fa25afb4e6d14,sheet1:R7,,,
3886ceff16231177-sheet1-R8,2026-01-29,daegu-dalseong,환경과,양화식당 누리,"대기배출 업무추진 관계자 식사, 다과 제공",120000,3886ceff1623117741c849256c0d439beca2c121cbeb4ce2d79fa25afb4e6d14,sheet1:R8,,,
3886ceff16231177-sheet2-R6,2026-02-27,daegu-dalseong,환경과,풍국면 누리,"대기배출 관련 업무협의에 따른 관계자 식사, 다과 제공",78000,3886ceff1623117741c849256c0d439beca2c121cbeb4ce2d79fa25afb4e6d14,sheet2:R6,,,
3886ceff16231177-sheet3-R6,2026-03-19,daegu-dalseong,환경과,일월정,봄철 고농도 미세먼지 배출사업장 합동점검 관계자 식사제공,83000,3886ceff1623117741c849256c0d439beca2c121cbeb4ce2d79fa25afb4e6d14,sheet3:R6,,,
3886ceff16231177-sheet3-R7,2026-03-25,daegu-dalseong,환경과,양화식당,환경정책 사업추진을 위한 언론관계자 간담회 식사제공,110000,3886ceff1623117741c849256c0d439beca2c121cbeb4ce2d79fa25afb4e6d14,sheet3:R7,,,
fc0f51812ff3c82b-sheet1-R7,2026-03-04,daegu-dalseong,홍보협력과,대구식당,홍보 협력 사업 관계자 식사 제공 및 지출,69000,fc0f51812ff3c82b5d7ebaaa32703edcf4686a844df70c36f85d41652c806f5a,sheet1:R7,,,
fc0f51812ff3c82b-sheet1-R8,2026-03-04,daegu-dalseong,홍보협력과,마지카운티,홍보 협력 사업 관계자 식사 제공 및 지출,25100,fc0f51812ff3c82b5d7ebaaa32703edcf4686a844df70c36f85d41652c806f5a,sheet1:R8,,,
fc0f51812ff3c82b-sheet1-R9,2026-03-05,daegu-dalseong,홍보협력과,동곡옛날칼국수집,달성군 주요 명소 홍보를 위한 언론관계자 간담회 식사 제공 및 지출,26000,fc0f51812ff3c82b5d7ebaaa32703edcf4686a844df70c36f85d41652c806f5a,sheet1:R9,,,
fc0f51812ff3c82b-sheet1-R10,2026-03-05,daegu-dalseong,홍보협력과,묘운,달성군 주요 명소 홍보를 위한 언론관계자 간담회 식사 제공 및 지출,45500,fc0f51812ff3c82b5d7ebaaa32703edcf4686a844df70c36f85d41652c806f5a,sheet1:R10,,,
fc0f51812ff3c82b-sheet1-R11,2026-03-06,daegu-dalseong,홍보협력과,나폴리언덕,군정홍보 활동 협의를 위한 업무관계자 간담회 식사 제공 및 지출,81500,fc0f51812ff3c82b5d7ebaaa32703edcf4686a844df70c36f85d41652c806f5a,sheet1:R11,,,
fc0f51812ff3c82b-sheet1-R12,2026-03-06,daegu-dalseong,홍보협력과,주식회사 포레밀,군정홍보 활동 협의를 위한 업무관계자 간담회 식사 제공 및 지출,42200,fc0f51812ff3c82b5d7ebaaa32703edcf4686a844df70c36f85d41652c806f5a,sheet1:R12,,,
fc0f51812ff3c82b-sheet1-R13,2026-03-10,daegu-dalseong,홍보협력과,팔도궁중찜닭본점,언론보도 활성화를 위한 업무관계자 간담회 식사 제공 및 지출,66000,fc0f51812ff3c82b5d7ebaaa32703edcf4686a844df70c36f85d41652c806f5a,sheet1:R13,,,
fc0f51812ff3c82b-sheet1-R14,2026-03-10,daegu-dalseong,홍보협력과,한국맥도날드(유) 대구다사DT점,하빈면 관광 홍보 콘텐츠 제작을 위한 업무관계자 간담회 식사 제공 및 지출,62900,fc0f51812ff3c82b5d7ebaaa32703edcf4686a844df70c36f85d41652c806f5a,sheet1:R14,,,
fc0f51812ff3c82b-sheet1-R15,2026-03-10,daegu-dalseong,홍보협력과,미육점,달성군 홍보 콘텐츠 촬영을 위한 업무관계자 간담회 식사 제공 및 지출,193500,fc0f51812ff3c82b5d7ebaaa32703edcf4686a844df70c36f85d41652c806f5a,sheet1:R15,,,
fc0f51812ff3c82b-sheet1-R16,2026-03-10,daegu-dalseong,홍보협력과,구십이(92)번가,달성군 홍보 콘텐츠 촬영을 위한 업무관계자 간담회 식사 제공 및 지출,172500,fc0f51812ff3c82b5d7ebaaa32703edcf4686a844df70c36f85d41652c806f5a,sheet1:R16,,,
fc0f51812ff3c82b-sheet1-R17,2026-03-11,daegu-dalseong,홍보협력과,돈도니 석쇠한판불고기,군정소식 홍보 협조를 위한 언론관계자 간담회 식사 제공 및 지출,44800,fc0f51812ff3c82b5d7ebaaa32703edcf4686a844df70c36f85d41652c806f5a,sheet1:R17,,,
fc0f51812ff3c82b-sheet1-R18,2026-03-12,daegu-dalseong,홍보협력과,구십이(92)번가,달성군 시책 홍보 업무 관계자 간담회 식사 제공 및 지출,139000,fc0f51812ff3c82b5d7ebaaa32703edcf4686a844df70c36f85d41652c806f5a,sheet1:R18,,,
fc0f51812ff3c82b-sheet1-R19,2026-03-12,daegu-dalseong,홍보협력과,대구통닭,달성군 시책 홍보 업무 관계자 간담회 식사 제공 및 지출,146000,fc0f51812ff3c82b5d7ebaaa32703edcf4686a844df70c36f85d41652c806f5a,sheet1:R19,,,
fc0f51812ff3c82b-sheet1-R20,2026-03-17,daegu-dalseong,홍보협력과,장군소머리곰탕,소식지 취재 관련 업무 협의 간담회 식사 제공 및 지출,96000,fc0f51812ff3c82b5d7ebaaa32703edcf4686a844df70c36f85d41652c806f5a,sheet1:R20,,,
fc0f51812ff3c82b-sheet1-R21,2026-03-19,daegu-dalseong,홍보협력과,옥연지 한우 정육식당,달성군 옥외광고 관리를 위한 업무관계자 간담회 식사 제공 및 지출,157500,fc0f51812ff3c82b5d7ebaaa32703edcf4686a844df70c36f85d41652c806f5a,sheet1:R21,,,
fc0f51812ff3c82b-sheet1-R22,2026-03-19,daegu-dalseong,홍보협력과,스이텐,홍보 협력 사업 추진 관계자 식사 제공 및 지출,37000,fc0f51812ff3c82b5d7ebaaa32703edcf4686a844df70c36f85d41652c806f5a,sheet1:R22,,,
fc0f51812ff3c82b-sheet1-R23,2026-03-24,daegu-dalseong,홍보협력과,팔도궁중찜닭본점,군정홍보물 제작관련 업무회의 식사 제공 및 지출,150000,fc0f51812ff3c82b5d7ebaaa32703edcf4686a844df70c36f85d41652c806f5a,sheet1:R23,,,
fc0f51812ff3c82b-sheet1-R24,2026-03-26,daegu-dalseong,홍보협력과,옥연지 한우 정육식당,달성군 봄철 관광 홍보를 위한 언론관계자 간담회 식사 제공 및 지출,135700,fc0f51812ff3c82b5d7ebaaa32703edcf4686a844df70c36f85d41652c806f5a,sheet1:R24,,,
fc0f51812ff3c82b-sheet1-R25,2026-03-27,daegu-dalseong,홍보협력과,냄비집,비슬산 참꽃 스트리밍을 위한 업무관계자 간담회 식사 제공 및 지출,68000,fc0f51812ff3c82b5d7ebaaa32703edcf4686a844df70c36f85d41652c806f5a,sheet1:R25,,,
d07bcd9ebce9c1c3-sheet1-R12,2026-01-02,daegu-dalseong,논공읍,아띠몽현풍점,인사이동에 따른 소속 직원 격려용 간식 구입 및 지출,198000,d07bcd9ebce9c1c3d2bd297bf76952218e28f3aa135b77810e08eccdae69e5ba,sheet1:R12,,,
d07bcd9ebce9c1c3-sheet1-R13,2026-01-12,daegu-dalseong,논공읍,양화식당(논공점)외 1,직원 격려 식사 제공 및 지출,132300,d07bcd9ebce9c1c3d2bd297bf76952218e28f3aa135b77810e08eccdae69e5ba,sheet1:R13,,,
d07bcd9ebce9c1c3-sheet1-R14,2026-01-14,daegu-dalseong,논공읍,강나들이,직원 격려 간식 제공 및 지출,98000,d07bcd9ebce9c1c3d2bd297bf76952218e28f3aa135b77810e08eccdae69e5ba,sheet1:R14,,,
d07bcd9ebce9c1c3-sheet1-R15,2026-01-30,daegu-dalseong,논공읍,산얼면옥외 1,직원 격려 간식 제공 및 지출,125000,d07bcd9ebce9c1c3d2bd297bf76952218e28f3aa135b77810e08eccdae69e5ba,sheet1:R15,,,
d07bcd9ebce9c1c3-sheet1-R21,2026-01-16,daegu-dalseong,논공읍,버섯골외 1,논공읍 신년인사회 행사 관계자 식사 제공 및 지출,135000,d07bcd9ebce9c1c3d2bd297bf76952218e28f3aa135b77810e08eccdae69e5ba,sheet1:R21,,,
d07bcd9ebce9c1c3-sheet1-R22,2026-01-23,daegu-dalseong,논공읍,버섯골,이장협의회 운영관계자 식사 제공 및 지출,131000,d07bcd9ebce9c1c3d2bd297bf76952218e28f3aa135b77810e08eccdae69e5ba,sheet1:R22,,,
d07bcd9ebce9c1c3-sheet2-R12,2026-02-19,daegu-dalseong,논공읍,파리바게뜨,직원 격려 간식 제공 및 지출,29000,d07bcd9ebce9c1c3d2bd297bf76952218e28f3aa135b77810e08eccdae69e5ba,sheet2:R12,,,
d07bcd9ebce9c1c3-sheet2-R13,2026-02-19,daegu-dalseong,논공읍,주식회사달성곰,내방객 제공 음료 구입 및 지출,288500,d07bcd9ebce9c1c3d2bd297bf76952218e28f3aa135b77810e08eccdae69e5ba,sheet2:R13,,,
d07bcd9ebce9c1c3-sheet2-R14,2026-02-21,daegu-dalseong,논공읍,파리바게뜨 대구옥포점,직원 격려 식사 제공 및 지출,51000,d07bcd9ebce9c1c3d2bd297bf76952218e28f3aa135b77810e08eccdae69e5ba,sheet2:R14,,,
d07bcd9ebce9c1c3-sheet2-R20,2026-02-05,daegu-dalseong,논공읍,냄비집,읍정 현안사항 논의 등을 위한 이장회의 식사 제공 및 지출,338000,d07bcd9ebce9c1c3d2bd297bf76952218e28f3aa135b77810e08eccdae69e5ba,sheet2:R20,,,
d07bcd9ebce9c1c3-sheet2-R21,2026-02-24,daegu-dalseong,논공읍,탑리터 달성군청점,이장협의회 임원 간식 제공 및 지출,46500,d07bcd9ebce9c1c3d2bd297bf76952218e28f3aa135b77810e08eccdae69e5ba,sheet2:R21,,,
d07bcd9ebce9c1c3-sheet2-R22,2026-02-27,daegu-dalseong,논공읍,동해칼치곤드레외 1,정월대보름 달맞이 문화제 행사 관계자 식사 제공 및 지출,76800,d07bcd9ebce9c1c3d2bd297bf76952218e28f3aa135b77810e08eccdae69e5ba,sheet2:R22,,,
d07bcd9ebce9c1c3-sheet3-R12,2026-03-04,daegu-dalseong,논공읍,산얼면옥,직원 격려 식사 제공 및 지출,120000,d07bcd9ebce9c1c3d2bd297bf76952218e28f3aa135b77810e08eccdae69e5ba,sheet3:R12,,,
d07bcd9ebce9c1c3-sheet3-R13,2026-03-09,daegu-dalseong,논공읍,동해칼치곤드레,직원 격려 식사 제공 및 지출,58000,d07bcd9ebce9c1c3d2bd297bf76952218e28f3aa135b77810e08eccdae69e5ba,sheet3:R13,,,
d07bcd9ebce9c1c3-sheet3-R14,2026-03-24,daegu-dalseong,논공읍,버섯골외 1,직원 격려 식사 제공 및 지출,140800,d07bcd9ebce9c1c3d2bd297bf76952218e28f3aa135b77810e08eccdae69e5ba,sheet3:R14,,,
d07bcd9ebce9c1c3-sheet3-R15,2026-03-30,daegu-dalseong,논공읍,명랑핫도그 논공점,직원 격려 식사 제공 및 지출,31300,d07bcd9ebce9c1c3d2bd297bf76952218e28f3aa135b77810e08eccdae69e5ba,sheet3:R15,,,
e2fc150909c9a908-sheet1-R5,2026-03-09,daegu-dalseong,경제산업과,동해칼치곤드레,일자리사업 추진 관계자 식사 제공 및 지출,64000,e2fc150909c9a90818d053b2c32f7af4ab0d6fb7cb8869dd59f01cfb0670b3f5,sheet1:R5,,,
e2fc150909c9a908-sheet1-R6,2026-03-12,daegu-dalseong,경제산업과,길안어탕 고디탕,지역경제 활성화 추진 관계자 식사 제공 및 지출,37000,e2fc150909c9a90818d053b2c32f7af4ab0d6fb7cb8869dd59f01cfb0670b3f5,sheet1:R6,,,
e2fc150909c9a908-sheet1-R7,2026-03-13,daegu-dalseong,경제산업과,풍국면 달성군청점,중소기업 지원 업무 추진 관계자 식사 제공 및 지출,33000,e2fc150909c9a90818d053b2c32f7af4ab0d6fb7cb8869dd59f01cfb0670b3f5,sheet1:R7,,,
e2fc150909c9a908-sheet1-R8,2026-03-23,daegu-dalseong,경제산업과,양화식당,4050+ 경력형일자리 고용장려금 지원사업 추진 관계자 식사 제공 및 지출,36000,e2fc150909c9a90818d053b2c32f7af4ab0d6fb7cb8869dd59f01cfb0670b3f5,sheet1:R8,,,
e2fc150909c9a908-sheet1-R9,2026-03-26,daegu-dalseong,경제산업과,길안어탕 고디탕,기업지원 업무 협의에 따른 관계자 식사 제공 및 지출,18000,e2fc150909c9a90818d053b2c32f7af4ab0d6fb7cb8869dd59f01cfb0670b3f5,sheet1:R9,,,
e2fc150909c9a908-sheet1-R10,2026-03-27,daegu-dalseong,경제산업과,울엄마손메밀묵/솔라이트 커피,지역경제 업무 협의에 따른 관계자 식사 및 다과 제공 및 지출,169500,e2fc150909c9a90818d053b2c32f7af4ab0d6fb7cb8869dd59f01cfb0670b3f5,sheet1:R10,,,
e2fc150909c9a908-sheet1-R11,2026-03-30,daegu-dalseong,경제산업과,올렌스,원스톱 기업지원 업무 추진 관계자 다과 제공 및 지출,32500,e2fc150909c9a90818d053b2c32f7af4ab0d6fb7cb8869dd59f01cfb0670b3f5,sheet1:R11,,,
d1a0da7be74690f9-sheet1-R6,2026-03-11,daegu-dalseong,경제산업과,딜라이트,경제산업 업무추진 직원 격려 다과 제공 및 지출,48300,d1a0da7be74690f95c6f1959aec497660b64bf5c630a5680aa815ca64f97deda,sheet1:R6,,,
d1a0da7be74690f9-sheet1-R7,2026-03-18,daegu-dalseong,경제산업과,개인(성명 비공개),소속 직원 축의금 지출,50000,d1a0da7be74690f95c6f1959aec497660b64bf5c630a5680aa815ca64f97deda,sheet1:R7,,,
d1a0da7be74690f9-sheet1-R8,2026-03-18,daegu-dalseong,경제산업과,개인(성명 비공개),소속 직원 조의금 지출,50000,d1a0da7be74690f95c6f1959aec497660b64bf5c630a5680aa815ca64f97deda,sheet1:R8,,,
d1a0da7be74690f9-sheet1-R13,2026-03-04,daegu-dalseong,경제산업과,동해칼치곤드레,교통행정 업무 추진 관계자 식사 제공 및 지출,59000,d1a0da7be74690f95c6f1959aec497660b64bf5c630a5680aa815ca64f97deda,sheet1:R13,,,
d1a0da7be74690f9-sheet1-R14,2026-03-09,daegu-dalseong,경제산업과,동해칼치곤드레,환경업무 협의에 따른 관계자 식사 제공 및 지출,49000,d1a0da7be74690f95c6f1959aec497660b64bf5c630a5680aa815ca64f97deda,sheet1:R14,,,
d1a0da7be74690f9-sheet1-R15,2026-03-13,daegu-dalseong,경제산업과,청보리,마을공동주차장 업무 추진 관계자 식사 제공 및 지출,26000,d1a0da7be74690f95c6f1959aec497660b64bf5c630a5680aa815ca64f97deda,sheet1:R15,,,
d1a0da7be74690f9-sheet1-R16,2026-03-17,daegu-dalseong,경제산업과,달빛에구운고등어(유가현풍점),농정업무 추진에 따른 관계자 식사 제공 및 지출,97000,d1a0da7be74690f95c6f1959aec497660b64bf5c630a5680aa815ca64f97deda,sheet1:R16,,,
d1a0da7be74690f9-sheet1-R17,2026-03-18,daegu-dalseong,경제산업과,딜라이트,환경 업무 추진 관계자 다과 제공 및 지출,66000,d1a0da7be74690f95c6f1959aec497660b64bf5c630a5680aa815ca64f97deda,sheet1:R17,,,
d1a0da7be74690f9-sheet1-R18,2026-03-20,daegu-dalseong,경제산업과,비비가,달성 화물자동차 공영차고지 조성사업 관계자 식사 제공 및 지출,74500,d1a0da7be74690f95c6f1959aec497660b64bf5c630a5680aa815ca64f97deda,sheet1:R18,,,
d1a0da7be74690f9-sheet1-R19,2026-03-23,daegu-dalseong,경제산업과,옛날손순대국밥,골목상권 업무추진 관계자 식사 제공 및 지출,28000,d1a0da7be74690f95c6f1959aec497660b64bf5c630a5680aa815ca64f97deda,sheet1:R19,,,
d1a0da7be74690f9-sheet1-R20,2026-03-24,daegu-dalseong,경제산업과,산얼면옥,환경관리 업무추진 관계자 식사 제공 및 지출,56000,d1a0da7be74690f95c6f1959aec497660b64bf5c630a5680aa815ca64f97deda,sheet1:R20,,,
d1a0da7be74690f9-sheet1-R21,2026-03-25,daegu-dalseong,경제산업과,전통복어전문식당,농정업무 추진에 따른 관계자 식사 제공 및 지출,59000,d1a0da7be74690f95c6f1959aec497660b64bf5c630a5680aa815ca64f97deda,sheet1:R21,,,
d1a0da7be74690f9-sheet1-R22,2026-03-30,daegu-dalseong,경제산업과,대박소양곰탕,중소기업 지원업무 관계자 식사 제공 및 지출,36000,d1a0da7be74690f95c6f1959aec497660b64bf5c630a5680aa815ca64f97deda,sheet1:R22,,,
d1a0da7be74690f9-sheet1-R23,2026-03-31,daegu-dalseong,경제산업과,닭한마리 행복한 집,지역경제 활성화 업무추진 관계자 식사 제공 및 지출,117000,d1a0da7be74690f95c6f1959aec497660b64bf5c630a5680aa815ca64f97deda,sheet1:R23,,,
45caaa05fa294ee0-sheet1-R6,2026-03-04,daegu-dalseong,건설과,팔공산유통능이마을,도시개발사업 업무관계자 식사제공 및 지출,210000,45caaa05fa294ee02a5d1b2daec9fd33720187b2e539979a3d0dfb7067301090,sheet1:R6,,,
45caaa05fa294ee0-sheet1-R7,2026-03-19,daegu-dalseong,건설과,바다생선구이전문점,하수시설 사업 현장 관계자 식사제공 및 지출,188000,45caaa05fa294ee02a5d1b2daec9fd33720187b2e539979a3d0dfb7067301090,sheet1:R7,,,
45caaa05fa294ee0-sheet1-R8,2026-03-23,daegu-dalseong,건설과,장군소머리곰탕,도시재생사업 업무 관계자 식사제공 및 지출,90000,45caaa05fa294ee02a5d1b2daec9fd33720187b2e539979a3d0dfb7067301090,sheet1:R8,,,
45caaa05fa294ee0-sheet1-R9,2026-03-30,daegu-dalseong,건설과,칭진,도시계획도로사업 관계자 식사 제공 및 지출,448400,45caaa05fa294ee02a5d1b2daec9fd33720187b2e539979a3d0dfb7067301090,sheet1:R9,,,
3b158f2938de4db9-sheet1-R6,2026-03-12,daegu-dalseong,건설과,만리장성,도로보상업무 관계자 식사 제공 및 지출,82000,3b158f2938de4db9b330bd2276c7e62b45833d573d8381aa31288fe781149d3b,sheet1:R6,,,
3b158f2938de4db9-sheet1-R7,2026-03-13,daegu-dalseong,건설과,강나들이,인도정비공사 사업관계자 식사 제공 및 지출,70000,3b158f2938de4db9b330bd2276c7e62b45833d573d8381aa31288fe781149d3b,sheet1:R7,,,
3b158f2938de4db9-sheet1-R8,2026-03-19,daegu-dalseong,건설과,옛날국수집,건설기계사업 일제점검 관계자 식사 제공 및 지출,50900,3b158f2938de4db9b330bd2276c7e62b45833d573d8381aa31288fe781149d3b,sheet1:R8,,,
3b158f2938de4db9-sheet1-R9,2026-03-26,daegu-dalseong,건설과,냄비집,도시계획도로사업 관계자 식사 제공 및 지출,222000,3b158f2938de4db9b330bd2276c7e62b45833d573d8381aa31288fe781149d3b,sheet1:R9,,,
3b158f2938de4db9-sheet1-R10,2026-03-31,daegu-dalseong,건설과,대박소양곰탕,도로보상업무 관계자 식사 제공 및 지출,125000,3b158f2938de4db9b330bd2276c7e62b45833d573d8381aa31288fe781149d3b,sheet1:R10,,,
03f39c1d3b91fec4-sheet1-R6,2026-01-02,daegu-dalseong,교통지도과,장군소머리곰탕,교통지도업무 관련 관계자 식사 제공 및 지출,73000,03f39c1d3b91fec4b4325df7dd6664b3e54accf4c6861b667a7a2ea574acd541,sheet1:R6,,,
03f39c1d3b91fec4-sheet1-R7,2026-01-19,daegu-dalseong,교통지도과,목하,교통시설업무 관계자 다과 제공 및 지출,37100,03f39c1d3b91fec4b4325df7dd6664b3e54accf4c6861b667a7a2ea574acd541,sheet1:R7,,,
03f39c1d3b91fec4-sheet1-R8,2026-01-21,daegu-dalseong,교통지도과,스타벅스 코리아,교통시설업무 관계자 다과 제공 및 지출,37600,03f39c1d3b91fec4b4325df7dd6664b3e54accf4c6861b667a7a2ea574acd541,sheet1:R8,,,
03f39c1d3b91fec4-sheet1-R9,2026-01-23,daegu-dalseong,교통지도과,딜라이트,교통지도업무 관계자 식사 제공 및 지출,100000,03f39c1d3b91fec4b4325df7dd6664b3e54accf4c6861b667a7a2ea574acd541,sheet1:R9,,,
03f39c1d3b91fec4-sheet1-R10,2026-01-29,daegu-dalseong,교통지도과,스타벅스 코리아,화물자동차 공영차고지 조성 사업 관련 업무관계자 다과 제공 및 지출,24900,03f39c1d3b91fec4b4325df7dd6664b3e54accf4c6861b667a7a2ea574acd541,sheet1:R10,,,
03f39c1d3b91fec4-sheet2-R6,2026-02-12,daegu-dalseong,교통지도과,일품돼지국밥 화원점,설맞이 교통안전캠페인 관련 관계자 식사 제공 및 지출,92000,03f39c1d3b91fec4b4325df7dd6664b3e54accf4c6861b667a7a2ea574acd541,sheet2:R6,,,
03f39c1d3b91fec4-sheet2-R7,2026-02-12,daegu-dalseong,교통지도과,스타벅스 코리아,화물자동차 공영차고지 조성사업 관련 업무관계자 다과 제공 및 지출,20200,03f39c1d3b91fec4b4325df7dd6664b3e54accf4c6861b667a7a2ea574acd541,sheet2:R7,,,
03f39c1d3b91fec4-sheet2-R8,2026-02-19,daegu-dalseong,교통지도과,딜라이트,교통지도업무 관계자 다과 제공 및 지출,68700,03f39c1d3b91fec4b4325df7dd6664b3e54accf4c6861b667a7a2ea574acd541,sheet2:R8,,,
03f39c1d3b91fec4-sheet2-R9,2026-02-27,daegu-dalseong,교통지도과,장군소머리곰탕,교통지도업무 관계자 식사 제공 및 지출,160000,03f39c1d3b91fec4b4325df7dd6664b3e54accf4c6861b667a7a2ea574acd541,sheet2:R9,,,
03f39c1d3b91fec4-sheet3-R6,2026-03-11,daegu-dalseong,교통지도과,오가다,교통지도업무 관계자 다과 제공 및 지출,13000,03f39c1d3b91fec4b4325df7dd6664b3e54accf4c6861b667a7a2ea574acd541,sheet3:R6,,,
03f39c1d3b91fec4-sheet3-R7,2026-03-13,daegu-dalseong,교통지도과,벚꽃나들버섯집,교통지도업무 관계자 식사 제공 및 지출,52000,03f39c1d3b91fec4b4325df7dd6664b3e54accf4c6861b667a7a2ea574acd541,sheet3:R7,,,
03f39c1d3b91fec4-sheet3-R8,2026-03-23,daegu-dalseong,교통지도과,올렌스,교통시설업무 관계자 다과 제공 및 지출,19000,03f39c1d3b91fec4b4325df7dd6664b3e54accf4c6861b667a7a2ea574acd541,sheet3:R8,,,
03f39c1d3b91fec4-sheet3-R9,2026-03-27,daegu-dalseong,교통지도과,강림추어탕,교통지도업무 관계자 식사 제공 및 지출,81000,03f39c1d3b91fec4b4325df7dd6664b3e54accf4c6861b667a7a2ea574acd541,sheet3:R9,,,
03f39c1d3b91fec4-sheet3-R10,2026-03-31,daegu-dalseong,교통지도과,커피명가,교통지도업무 관계자 다과 제공 및 지출,25000,03f39c1d3b91fec4b4325df7dd6664b3e54accf4c6861b667a7a2ea574acd541,sheet3:R10,,,
cc6e3f50962db745-sheet1-R6,2026-03-05,daegu-dalseong,산림과,만리장성,둘레길 조성사업 추진 관계자 식사 제공 및 지출,68000,cc6e3f50962db745e374ccfd301c6c3c2bcf76d411cc0c7984d71295307824f4,sheet1:R6,,,
945d7944c99917f0-sheet1-R6,2026-01-05,daegu-dalseong,종합민원과,동해칼치곤드레/누리,"행정서비스 용어 개선사업 관련 간담회 식사, 다과 제공 및 지출",153000,945d7944c99917f0e39381f19a49164f520ed0afe7d74766d4a75a90fe93b9a0,sheet1:R6,,,
945d7944c99917f0-sheet1-R7,2026-01-30,daegu-dalseong,종합민원과,우성,민원행정 제도개선 마련 간담회 참석자 식사 제공 및 지출,85000,945d7944c99917f0e39381f19a49164f520ed0afe7d74766d4a75a90fe93b9a0,sheet1:R7,,,
945d7944c99917f0-sheet1-R8,2026-02-27,daegu-dalseong,종합민원과,울엄마손메밀묵,원스톱 방문 민원창구 운영을 위한 관계자 식사 제공 및 지출,66000,945d7944c99917f0e39381f19a49164f520ed0afe7d74766d4a75a90fe93b9a0,sheet1:R8,,,
94e4cd5a94f1ac4b-sheet1-R6,2026-03-03,daegu-dalseong,옥포읍,효성약국,유관기관 업무 협의에 따른 참석자 다과 제공 및 지출,70000,94e4cd5a94f1ac4b1d0c01a54960ffb212aba24ac7b507fb39f3b34c8cb5b10c,sheet1:R6,,,
94e4cd5a94f1ac4b-sheet1-R7,2026-03-16,daegu-dalseong,옥포읍,벚꽃나들버섯집,유관기관 업무 협의에 따른 참석자 식사 제공 및 지출,239000,94e4cd5a94f1ac4b1d0c01a54960ffb212aba24ac7b507fb39f3b34c8cb5b10c,sheet1:R7,,,
94e4cd5a94f1ac4b-sheet1-R8,2026-03-30,daegu-dalseong,옥포읍,수약국,유관기관 업무 협의에 따른 참석자 다과 제공 및 지출,70000,94e4cd5a94f1ac4b1d0c01a54960ffb212aba24ac7b507fb39f3b34c8cb5b10c,sheet1:R8,,,
94e4cd5a94f1ac4b-sheet1-R13,2026-03-05,daegu-dalseong,옥포읍,크라운호프대구진천점,시책업무 추진 간담회 개최에 따른 식사제공 및 지출,173900,94e4cd5a94f1ac4b1d0c01a54960ffb212aba24ac7b507fb39f3b34c8cb5b10c,sheet1:R13,,,
94e4cd5a94f1ac4b-sheet1-R14,2026-03-18,daegu-dalseong,옥포읍,육대식쪽갈비숯불닭갈비,시책업무 추진 간담회 개최에 따른 식사제공 및 지출,235500,94e4cd5a94f1ac4b1d0c01a54960ffb212aba24ac7b507fb39f3b34c8cb5b10c,sheet1:R14,,,
94e4cd5a94f1ac4b-sheet1-R15,2026-03-20,daegu-dalseong,옥포읍,미츠,시책업무 추진 간담회 개최에 따른 식사제공 및 지출,130000,94e4cd5a94f1ac4b1d0c01a54960ffb212aba24ac7b507fb39f3b34c8cb5b10c,sheet1:R15,,,
af955c056179bc07-sheet1-R6,2026-01-27,daegu-dalseong,농촌지도과,다담뜰한식뷔페 달성점,직원 격려를 위한 식사 제공,48000,af955c056179bc07cb08ce65058b10e0bff52ba3f7115ad12f69a686118902e9,sheet1:R6,,,
af955c056179bc07-sheet1-R16,2026-01-08,daegu-dalseong,농촌지도과,벚꽃나들버섯집,농촌지도업무 수행에 따른 관계자 식사 제공,180000,af955c056179bc07cb08ce65058b10e0bff52ba3f7115ad12f69a686118902e9,sheet1:R16,,,
af955c056179bc07-sheet1-R17,2026-01-12,daegu-dalseong,농촌지도과,연화정 삼계탕,농촌지도업무 수행에 따른 관계자 식사 제공,102000,af955c056179bc07cb08ce65058b10e0bff52ba3f7115ad12f69a686118902e9,sheet1:R17,,,
af955c056179bc07-sheet1-R18,2026-01-27,daegu-dalseong,농촌지도과,와촌식당(현풍점),농촌지도업무 수행에 따른 관계자 식사 제공,202000,af955c056179bc07cb08ce65058b10e0bff52ba3f7115ad12f69a686118902e9,sheet1:R18,,,
af955c056179bc07-sheet1-R19,2026-01-28,daegu-dalseong,농촌지도과,유가네닭갈비 대구현풍점,농촌지도업무 수행에 따른 관계자 식사 제공,163500,af955c056179bc07cb08ce65058b10e0bff52ba3f7115ad12f69a686118902e9,sheet1:R19,,,
af955c056179bc07-sheet1-R20,2026-01-29,daegu-dalseong,농촌지도과,마선생얼큰국밥 대구옥포점,농촌지도업무 수행에 따른 관계자 식사 제공,156000,af955c056179bc07cb08ce65058b10e0bff52ba3f7115ad12f69a686118902e9,sheet1:R20,,,
af955c056179bc07-sheet2-R6,2026-02-12,daegu-dalseong,농촌지도과,진주식당,직원 격려를 위한 식사 제공,50000,af955c056179bc07cb08ce65058b10e0bff52ba3f7115ad12f69a686118902e9,sheet2:R6,,,
af955c056179bc07-sheet2-R7,2026-02-13,daegu-dalseong,농촌지도과,현풍닭칼국수 현풍본점,직원 격려를 위한 식사 제공,44000,af955c056179bc07cb08ce65058b10e0bff52ba3f7115ad12f69a686118902e9,sheet2:R7,,,
af955c056179bc07-sheet2-R8,2026-02-26,daegu-dalseong,농촌지도과,마루야,직원 격려를 위한 식사 제공,86000,af955c056179bc07cb08ce65058b10e0bff52ba3f7115ad12f69a686118902e9,sheet2:R8,,,
af955c056179bc07-sheet2-R9,2026-02-27,daegu-dalseong,농촌지도과,벚꽃나들버섯집,청년농업인 영농정착지원사업 서면평가 관계자 식사 제공,120000,af955c056179bc07cb08ce65058b10e0bff52ba3f7115ad12f69a686118902e9,sheet2:R9,,,
af955c056179bc07-sheet2-R16,2026-02-02,daegu-dalseong,농촌지도과,낙동식당,농촌지도업무 수행에 따른 관계자 식사 제공,55000,af955c056179bc07cb08ce65058b10e0bff52ba3f7115ad12f69a686118902e9,sheet2:R16,,,
af955c056179bc07-sheet2-R17,2026-02-04,daegu-dalseong,농촌지도과,처가집칼국수식당,농촌지도업무 수행에 따른 관계자 식사 제공,93000,af955c056179bc07cb08ce65058b10e0bff52ba3f7115ad12f69a686118902e9,sheet2:R17,,,
af955c056179bc07-sheet2-R18,2026-02-06,daegu-dalseong,농촌지도과,살구나무집,농촌지도업무 수행에 따른 관계자 식사 제공,59000,af955c056179bc07cb08ce65058b10e0bff52ba3f7115ad12f69a686118902e9,sheet2:R18,,,
af955c056179bc07-sheet2-R19,2026-02-12,daegu-dalseong,농촌지도과,길안어탕 고디탕,농촌지도업무 수행에 따른 관계자 식사 제공,65000,af955c056179bc07cb08ce65058b10e0bff52ba3f7115ad12f69a686118902e9,sheet2:R19,,,
b6a0263f5a991523-sheet1-R6,2026-01-09,daegu-dalseong,체육진흥과,짬뽕전문 대흥이,체육진흥업무 관계자 회의 및 식사제공,184000,b6a0263f5a99152392e6f79a1ad61d5d5feadda98fbd608b3bf5333756cd7457,sheet1:R6,,,
b6a0263f5a991523-sheet1-R7,2026-01-23,daegu-dalseong,체육진흥과,동성막창,파크골프장 관련 업무 관계자 회의 및 식사제공,123000,b6a0263f5a99152392e6f79a1ad61d5d5feadda98fbd608b3bf5333756cd7457,sheet1:R7,,,
b6a0263f5a991523-sheet1-R8,2026-02-13,daegu-dalseong,체육진흥과,밤새우는닭 월성직영점,달성군시설관리공단 관련 업무 관계자 회의 및 식사제공,186000,b6a0263f5a99152392e6f79a1ad61d5d5feadda98fbd608b3bf5333756cd7457,sheet1:R8,,,
b6a0263f5a991523-sheet1-R9,2026-03-13,daegu-dalseong,체육진흥과,동해칼치곤드레,공공체육시설 관련 업무 관계자 회의 및 식사제공,138000,b6a0263f5a99152392e6f79a1ad61d5d5feadda98fbd608b3bf5333756cd7457,sheet1:R9,,,
b8710a664a3facc7-sheet1-R5,2026-02-25,daegu-dalseong,청소자원과,미나리식당,자원순환 업무 협의에 따른 식사 제공 및 지출,132000,b8710a664a3facc79317bb71190ae4d8e0eda3d6c05feef1d74d739ac06c8147,sheet1:R5,fc6053f3ae327e9fe3f4dbc9a68c6311409502d155538aa2c90bb2e77ab4fffe:sheet1:R5,,
b8710a664a3facc7-sheet1-R6,2026-02-26,daegu-dalseong,청소자원과,벚꽃나들버섯집,청소행정 업무 협의에 따른 식사 제공 및 지출,91000,b8710a664a3facc79317bb71190ae4d8e0eda3d6c05feef1d74d739ac06c8147,sheet1:R6,fc6053f3ae327e9fe3f4dbc9a68c6311409502d155538aa2c90bb2e77ab4fffe:sheet1:R6,,
b8710a664a3facc7-sheet1-R7,2026-03-04,daegu-dalseong,청소자원과,김정윤산수정,폐기물관리 업무 협의에 따른 식사 제공 및 지출,173000,b8710a664a3facc79317bb71190ae4d8e0eda3d6c05feef1d74d739ac06c8147,sheet1:R7,fc6053f3ae327e9fe3f4dbc9a68c6311409502d155538aa2c90bb2e77ab4fffe:sheet1:R7,,
b8710a664a3facc7-sheet1-R8,2026-03-05,daegu-dalseong,청소자원과,부산식당,자원순환 업무 협의에 따른 식사 제공 및 지출,75000,b8710a664a3facc79317bb71190ae4d8e0eda3d6c05feef1d74d739ac06c8147,sheet1:R8,fc6053f3ae327e9fe3f4dbc9a68c6311409502d155538aa2c90bb2e77ab4fffe:sheet1:R8,,
b8710a664a3facc7-sheet1-R9,2026-03-11,daegu-dalseong,청소자원과,훈남농수산마트,자원순환 업무 협의에 따른 식사 제공 및 지출,115000,b8710a664a3facc79317bb71190ae4d8e0eda3d6c05feef1d74d739ac06c8147,sheet1:R9,fc6053f3ae327e9fe3f4dbc9a68c6311409502d155538aa2c90bb2e77ab4fffe:sheet1:R9,,
b8710a664a3facc7-sheet1-R10,2026-03-20,daegu-dalseong,청소자원과,김태희손국수식당,청소행정 업무 협의에 따른 식사 제공 및 지출,23000,b8710a664a3facc79317bb71190ae4d8e0eda3d6c05feef1d74d739ac06c8147,sheet1:R10,fc6053f3ae327e9fe3f4dbc9a68c6311409502d155538aa2c90bb2e77ab4fffe:sheet1:R10,,
b8710a664a3facc7-sheet1-R12,2026-01-02,daegu-dalseong,청소자원과,울엄마손메밀묵,부서 직원 격려를 위한 식사 제공 및 지출,84000,b8710a664a3facc79317bb71190ae4d8e0eda3d6c05feef1d74d739ac06c8147,sheet1:R12,fc6053f3ae327e9fe3f4dbc9a68c6311409502d155538aa2c90bb2e77ab4fffe:sheet1:R22,,
b8710a664a3facc7-sheet1-R13,2026-01-07,daegu-dalseong,청소자원과,길섶한우,인사이동에 따른 직원격려 식사 제공 및 지출,195000,b8710a664a3facc79317bb71190ae4d8e0eda3d6c05feef1d74d739ac06c8147,sheet1:R13,fc6053f3ae327e9fe3f4dbc9a68c6311409502d155538aa2c90bb2e77ab4fffe:sheet1:R23,,
b8710a664a3facc7-sheet1-R14,2026-02-13,daegu-dalseong,청소자원과,닭한마리행복한집,직원격려를 위한 식사 제공 및 지출,225000,b8710a664a3facc79317bb71190ae4d8e0eda3d6c05feef1d74d739ac06c8147,sheet1:R14,fc6053f3ae327e9fe3f4dbc9a68c6311409502d155538aa2c90bb2e77ab4fffe:sheet1:R24,,
b8710a664a3facc7-sheet1-R15,2026-03-30,daegu-dalseong,청소자원과,짬뽕전문 대흥이,직원격려를 위한 식사 제공 및 지출,316000,b8710a664a3facc79317bb71190ae4d8e0eda3d6c05feef1d74d739ac06c8147,sheet1:R15,fc6053f3ae327e9fe3f4dbc9a68c6311409502d155538aa2c90bb2e77ab4fffe:sheet1:R25,,
d75dafb049d3d1d1-sheet1-R7,2026-02-10,daegu-dalseong,미래공간과,투썸플레이스,다사 복합커뮤니티센터 건립사업 관계자 다과 제공 및 지출,42500,d75dafb049d3d1d195c0f7ebc07d298b033817ccb22e6ba44bc9f3c5b64c7fce,sheet1:R7,,,
d75dafb049d3d1d1-sheet1-R8,2026-02-27,daegu-dalseong,미래공간과,옥포뜰,달성 중부권 복합문화센터 건립 사업 추진 관계자 간담회 식사 제공 및 지출,68000,d75dafb049d3d1d195c0f7ebc07d298b033817ccb22e6ba44bc9f3c5b64c7fce,sheet1:R8,,,
d75dafb049d3d1d1-sheet1-R9,2026-03-06,daegu-dalseong,미래공간과,안동생고기,다사복합커뮤니티센터 건립공사 사업 추진 관계자 간담회 식사 제공 및 지출,266000,d75dafb049d3d1d195c0f7ebc07d298b033817ccb22e6ba44bc9f3c5b64c7fce,sheet1:R9,,,
d75dafb049d3d1d1-sheet1-R10,2026-03-12,daegu-dalseong,미래공간과,낙동식당,논공읍출장소 공공복합청사 건립 사업 추진 관계자 간담회 식사 제공 및 지출,54000,d75dafb049d3d1d195c0f7ebc07d298b033817ccb22e6ba44bc9f3c5b64c7fce,sheet1:R10,,,
d75dafb049d3d1d1-sheet1-R11,2026-03-16,daegu-dalseong,미래공간과,솥밭샤브,가창면민 복지회관 건립 공사 추진 관계자 간담회 식사 제공 및 지출,191000,d75dafb049d3d1d195c0f7ebc07d298b033817ccb22e6ba44bc9f3c5b64c7fce,sheet1:R11,,,
d75dafb049d3d1d1-sheet1-R12,2026-03-25,daegu-dalseong,미래공간과,길목가든,달성비슬도서관 건립 추진 관계자 간담회 식사 및 다과 제공 지출,138000,d75dafb049d3d1d195c0f7ebc07d298b033817ccb22e6ba44bc9f3c5b64c7fce,sheet1:R12,,,
d75dafb049d3d1d1-sheet1-R13,2026-03-25,daegu-dalseong,미래공간과,롤링핀,달성비슬도서관 건립 추진 관계자 간담회 식사 및 다과 제공 지출,26100,d75dafb049d3d1d195c0f7ebc07d298b033817ccb22e6ba44bc9f3c5b64c7fce,sheet1:R13,,,
d75dafb049d3d1d1-sheet1-R14,2026-03-30,daegu-dalseong,미래공간과,명성가,구지 복합문화센터 건립 사업 관계자 간담회 식사 및 다과 제공 지출,142000,d75dafb049d3d1d195c0f7ebc07d298b033817ccb22e6ba44bc9f3c5b64c7fce,sheet1:R14,,,
d75dafb049d3d1d1-sheet1-R15,2026-03-30,daegu-dalseong,미래공간과,시먼,구지 복합문화센터 건립 사업 관계자 간담회 식사 및 다과 제공 지출,20000,d75dafb049d3d1d195c0f7ebc07d298b033817ccb22e6ba44bc9f3c5b64c7fce,sheet1:R15,,,
4d9f81e6eed3aa1e-sheet1-R6,2026-03-20,daegu-dalseong,하수하천과,팔도궁중찜닭본점,하수하천과 업무추진 관계자 식사 제공 및 지출,62000,4d9f81e6eed3aa1e1fb40f3b6d90c7ab135b1adaf39d837d587217c90a2db0eb,sheet1:R6,,,
4d9f81e6eed3aa1e-sheet1-R8,2026-03-30,daegu-dalseong,하수하천과,어랑어랑 회 산오징어,하수도 업무추진을 위한 간담회 참석자 식사 제공 및 지출,152000,4d9f81e6eed3aa1e1fb40f3b6d90c7ab135b1adaf39d837d587217c90a2db0eb,sheet1:R8,,,
1183fc7eb8ad7ac8-sheet1-R6,2026-03-03,daegu-dalseong,도시정비과,장군소머리곰탕,가로정비팀 업무추진 관련 식사 및 지출,44000,1183fc7eb8ad7ac83b9ddee5f7b3eddb760565c93cf446f7adec401e1dd842cb,sheet1:R6,,,
1183fc7eb8ad7ac8-sheet1-R7,2026-03-05,daegu-dalseong,도시정비과,장군소머리곰탕,농업시설1팀 업무추진 관련 식사 및 지출,194000,1183fc7eb8ad7ac83b9ddee5f7b3eddb760565c93cf446f7adec401e1dd842cb,sheet1:R7,,,
1183fc7eb8ad7ac8-sheet1-R8,2026-03-12,daegu-dalseong,도시정비과,교동닭칼국수 화원직영점,농업시설2팀 업무추진 관련 식사 및 지출,19000,1183fc7eb8ad7ac83b9ddee5f7b3eddb760565c93cf446f7adec401e1dd842cb,sheet1:R8,,,
364a2f5cd0e47e71-sheet1-R6,2026-03-04,daegu-dalseong,생활보장과,웰빙백세시대,자활사업 업무관계자 식사제공 및 지출,39000,364a2f5cd0e47e710b9add9f386ba6c5df99706e61be451660c53f55301bceb2,sheet1:R6,,,
364a2f5cd0e47e71-sheet1-R7,2026-03-11,daegu-dalseong,생활보장과,정환네식당,취약계층지원 업무 관계자 식사 및 음료제공 및 지출,22000,364a2f5cd0e47e710b9add9f386ba6c5df99706e61be451660c53f55301bceb2,sheet1:R7,,,
364a2f5cd0e47e71-sheet1-R8,2026-03-11,daegu-dalseong,생활보장과,퍼스트 벌스,취약계층지원 업무 관계자 식사 및 음료제공 및 지출,13000,364a2f5cd0e47e710b9add9f386ba6c5df99706e61be451660c53f55301bceb2,sheet1:R8,,,
364a2f5cd0e47e71-sheet1-R9,2026-03-17,daegu-dalseong,생활보장과,홍물회,생활보장 업무 관계자 식사제공 및 지출,48000,364a2f5cd0e47e710b9add9f386ba6c5df99706e61be451660c53f55301bceb2,sheet1:R9,,,
364a2f5cd0e47e71-sheet1-R10,2026-03-17,daegu-dalseong,생활보장과,영춘주옥,자활사업 업무관계자 식사제공 및 지출,110600,364a2f5cd0e47e710b9add9f386ba6c5df99706e61be451660c53f55301bceb2,sheet1:R10,,,
364a2f5cd0e47e71-sheet1-R11,2026-03-19,daegu-dalseong,생활보장과,양화식당,사회복지 업무 관계자 식사제공 및 지출,34000,364a2f5cd0e47e710b9add9f386ba6c5df99706e61be451660c53f55301bceb2,sheet1:R11,,,
364a2f5cd0e47e71-sheet1-R12,2026-03-20,daegu-dalseong,생활보장과,삼천포해물탕,병원동행사업 업무 관계자 식사 제공 및 지출,53000,364a2f5cd0e47e710b9add9f386ba6c5df99706e61be451660c53f55301bceb2,sheet1:R12,,,
364a2f5cd0e47e71-sheet1-R13,2026-03-25,daegu-dalseong,생활보장과,딜라이트,자활사업 업무관계자 다과제공 및 지출,100000,364a2f5cd0e47e710b9add9f386ba6c5df99706e61be451660c53f55301bceb2,sheet1:R13,,,
364a2f5cd0e47e71-sheet1-R14,2026-03-30,daegu-dalseong,생활보장과,바토플루이르 송해,주거복지 업무관계자 음료 제공 및 지출,32200,364a2f5cd0e47e710b9add9f386ba6c5df99706e61be451660c53f55301bceb2,sheet1:R14,,,
364a2f5cd0e47e71-sheet1-R20,2026-03-05,daegu-dalseong,생활보장과,신종로쭈꾸미,생활보장과 직원 격려 급식제공 및 지출,65000,364a2f5cd0e47e710b9add9f386ba6c5df99706e61be451660c53f55301bceb2,sheet1:R20,,,
364a2f5cd0e47e71-sheet1-R21,2026-03-09,daegu-dalseong,생활보장과,풍국면,생활보장과 직원 격려 급식 및 음료제공 및 지출,106000,364a2f5cd0e47e710b9add9f386ba6c5df99706e61be451660c53f55301bceb2,sheet1:R21,,,
364a2f5cd0e47e71-sheet1-R22,2026-03-09,daegu-dalseong,생활보장과,누리,생활보장과 직원 격려 급식 및 음료제공 및 지출,35500,364a2f5cd0e47e710b9add9f386ba6c5df99706e61be451660c53f55301bceb2,sheet1:R22,,,
364a2f5cd0e47e71-sheet1-R23,2026-03-27,daegu-dalseong,생활보장과,오늘도통통,생활보장과 직원 격려 급식 및 음료제공 및 지출,103100,364a2f5cd0e47e710b9add9f386ba6c5df99706e61be451660c53f55301bceb2,sheet1:R23,,,
364a2f5cd0e47e71-sheet1-R24,2026-03-27,daegu-dalseong,생활보장과,딜라이트,생활보장과 직원 격려 급식 및 음료제공 및 지출,37500,364a2f5cd0e47e710b9add9f386ba6c5df99706e61be451660c53f55301bceb2,sheet1:R24,,,
364a2f5cd0e47e71-sheet1-R25,2026-03-31,daegu-dalseong,생활보장과,늘웃소,생활보장과 직원 격려 급식 제공 및 지출,115000,364a2f5cd0e47e710b9add9f386ba6c5df99706e61be451660c53f55301bceb2,sheet1:R25,,,
7e08d06b86ef1041-sheet1-R6,2026-01-02,daegu-dalseong,회계과,강림추어탕,지출회계업무 관계자 식사 제공 및 지출,45000,7e08d06b86ef1041354d18bf1d497b7a6809567cdd69d2f22b9502051fb475fb,sheet1:R6,,,
7e08d06b86ef1041-sheet1-R7,2026-01-06,daegu-dalseong,회계과,수가성 서재점,재산관리업무 관계자 식사 제공 및 지출,33000,7e08d06b86ef1041354d18bf1d497b7a6809567cdd69d2f22b9502051fb475fb,sheet1:R7,,,
7e08d06b86ef1041-sheet1-R8,2026-01-07,daegu-dalseong,회계과,웰빙백세시대,청사관리업무 관계자 식사 제공 및 지출,39000,7e08d06b86ef1041354d18bf1d497b7a6809567cdd69d2f22b9502051fb475fb,sheet1:R8,,,
7e08d06b86ef1041-sheet1-R9,2026-01-15,daegu-dalseong,회계과,화진회초밥 화원진천점,계약업무 관계자 식사 제공 및 지출,243000,7e08d06b86ef1041354d18bf1d497b7a6809567cdd69d2f22b9502051fb475fb,sheet1:R9,,,
7e08d06b86ef1041-sheet1-R10,2026-01-16,daegu-dalseong,회계과,강림추어탕,지출회계업무 관계자 식사 제공 및 지출,46000,7e08d06b86ef1041354d18bf1d497b7a6809567cdd69d2f22b9502051fb475fb,sheet1:R10,,,
7e08d06b86ef1041-sheet1-R11,2026-02-09,daegu-dalseong,회계과,소노히,계약업무 관계자 식사 제공 및 지출,186000,7e08d06b86ef1041354d18bf1d497b7a6809567cdd69d2f22b9502051fb475fb,sheet1:R11,,,
7e08d06b86ef1041-sheet1-R12,2026-02-25,daegu-dalseong,회계과,부산진국밥,청사관리업무 관계자 식사 제공 및 지출,86500.0,7e08d06b86ef1041354d18bf1d497b7a6809567cdd69d2f22b9502051fb475fb,sheet1:R12,,,
7e08d06b86ef1041-sheet1-R13,2026-02-27,daegu-dalseong,회계과,부산식당,지출회계업무 관계자 식사 제공 및 지출,85000,7e08d06b86ef1041354d18bf1d497b7a6809567cdd69d2f22b9502051fb475fb,sheet1:R13,,,
7e08d06b86ef1041-sheet1-R14,2026-03-05,daegu-dalseong,회계과,냄비집,재산관리업무 관계자 식사 제공 및 지출,38000,7e08d06b86ef1041354d18bf1d497b7a6809567cdd69d2f22b9502051fb475fb,sheet1:R14,,,
7e08d06b86ef1041-sheet1-R15,2026-03-13,daegu-dalseong,회계과,짬뽕전문 대흥이,지출회계업무 관계자 식사 제공 및 지출,75000,7e08d06b86ef1041354d18bf1d497b7a6809567cdd69d2f22b9502051fb475fb,sheet1:R15,,,
7e08d06b86ef1041-sheet1-R16,2026-03-27,daegu-dalseong,회계과,짬뽕전문 대흥이,지출회계업무 관계자 식사 제공 및 지출,57000,7e08d06b86ef1041354d18bf1d497b7a6809567cdd69d2f22b9502051fb475fb,sheet1:R16,,,
f1a538b72293237a-sheet1-R6,2026-01-02,daegu-dalseong,다사읍,마루야,직원 격려 식사제공 및 지출,184000,f1a538b72293237a1193f419a6dc12d65bca2b72143eba4e729f873712dc75f0,sheet1:R6,,,
f1a538b72293237a-sheet1-R7,2026-01-12,daegu-dalseong,다사읍,본가불향쭈꾸미,직원 격려 식사제공 및 지출,132000,f1a538b72293237a1193f419a6dc12d65bca2b72143eba4e729f873712dc75f0,sheet1:R7,,,
f1a538b72293237a-sheet1-R8,2026-02-02,daegu-dalseong,다사읍,동곡할매국밥등,직원 격려 식사 및 부식 제공,138540,f1a538b72293237a1193f419a6dc12d65bca2b72143eba4e729f873712dc75f0,sheet1:R8,,,
f1a538b72293237a-sheet1-R9,2026-02-04,daegu-dalseong,다사읍,핸즈커피다사점,직원 격려 부식 제공 및 지출,31600,f1a538b72293237a1193f419a6dc12d65bca2b72143eba4e729f873712dc75f0,sheet1:R9,,,
f1a538b72293237a-sheet1-R10,2026-02-12,daegu-dalseong,다사읍,오늘은 짬뽕땡기는날,직원 격려 식사 및 부식 제공,59000,f1a538b72293237a1193f419a6dc12d65bca2b72143eba4e729f873712dc75f0,sheet1:R10,,,
f1a538b72293237a-sheet1-R11,2026-03-04,daegu-dalseong,다사읍,돈까스에 빠지다,직원 격려 식사 및 부식 제공,48000,f1a538b72293237a1193f419a6dc12d65bca2b72143eba4e729f873712dc75f0,sheet1:R11,,,
f1a538b72293237a-sheet1-R12,2026-03-12,daegu-dalseong,다사읍,핸즈커피다사점,직원 격려 부식 제공 및 지출,50000,f1a538b72293237a1193f419a6dc12d65bca2b72143eba4e729f873712dc75f0,sheet1:R12,,,
f1a538b72293237a-sheet1-R13,2026-03-13,daegu-dalseong,다사읍,본가불향쭈꾸미,직원 격려 식사 제공 및 지출,139000,f1a538b72293237a1193f419a6dc12d65bca2b72143eba4e729f873712dc75f0,sheet1:R13,,,
f1a538b72293237a-sheet1-R14,2026-03-20,daegu-dalseong,다사읍,본가불향쭈꾸미,직원 격려 식사 제공 및 지출,114000,f1a538b72293237a1193f419a6dc12d65bca2b72143eba4e729f873712dc75f0,sheet1:R14,,,
f1a538b72293237a-sheet1-R15,2026-03-23,daegu-dalseong,다사읍,낙동식당,직원 격려 식사 제공 및 지출,58000,f1a538b72293237a1193f419a6dc12d65bca2b72143eba4e729f873712dc75f0,sheet1:R15,,,
f1a538b72293237a-sheet1-R16,2026-03-31,daegu-dalseong,다사읍,낙동생오리 등,직원 격려 식사 제공 및 지출,157600,f1a538b72293237a1193f419a6dc12d65bca2b72143eba4e729f873712dc75f0,sheet1:R16,,,
f1a538b72293237a-sheet1-R23,2026-01-09,daegu-dalseong,다사읍,엄마밥상세천,읍 현안사업간담회 개최에 따른 식사제공 및 지출,107000,f1a538b72293237a1193f419a6dc12d65bca2b72143eba4e729f873712dc75f0,sheet1:R23,,,
f1a538b72293237a-sheet1-R24,2026-01-14,daegu-dalseong,다사읍,동곡할매국밥,읍 현안사업간담회 개최에 따른 식사제공 및 지출,68000,f1a538b72293237a1193f419a6dc12d65bca2b72143eba4e729f873712dc75f0,sheet1:R24,,,
f1a538b72293237a-sheet1-R25,2026-01-15,daegu-dalseong,다사읍,다랭이마을밥상,읍 현안사업간담회 개최에 따른 식사제공 및 지출,90000,f1a538b72293237a1193f419a6dc12d65bca2b72143eba4e729f873712dc75f0,sheet1:R25,,,
f1a538b72293237a-sheet1-R26,2026-01-16,daegu-dalseong,다사읍,낙칼,읍 현안사업간담회 개최에 따른 식사제공 및 지출,84000,f1a538b72293237a1193f419a6dc12d65bca2b72143eba4e729f873712dc75f0,sheet1:R26,,,
f1a538b72293237a-sheet1-R27,2026-01-19,daegu-dalseong,다사읍,미나리식육식당,읍 현안사업간담회 개최에 따른 식사제공 및 지출,95900,f1a538b72293237a1193f419a6dc12d65bca2b72143eba4e729f873712dc75f0,sheet1:R27,,,
f1a538b72293237a-sheet1-R28,2026-01-26,daegu-dalseong,다사읍,한상바다,읍 현안사업간담회 개최에 따른 식사제공 및 지출,67000,f1a538b72293237a1193f419a6dc12d65bca2b72143eba4e729f873712dc75f0,sheet1:R28,,,
f1a538b72293237a-sheet1-R29,2026-02-06,daegu-dalseong,다사읍,가온연합주식회사,읍 현안사업간담회 개최에 따른 부식 제공 및 지출,60400,f1a538b72293237a1193f419a6dc12d65bca2b72143eba4e729f873712dc75f0,sheet1:R29,,,
f1a538b72293237a-sheet1-R30,2026-02-10,daegu-dalseong,다사읍,호박추어탕등,읍 현안사업간담회 개최에 따른 식사 제공 및 지출,61500,f1a538b72293237a1193f419a6dc12d65bca2b72143eba4e729f873712dc75f0,sheet1:R30,,,
f1a538b72293237a-sheet1-R31,2026-02-11,daegu-dalseong,다사읍,핸즈커피,읍 현안사업간담회 개최에 따른 부식 제공 및 지출,91000,f1a538b72293237a1193f419a6dc12d65bca2b72143eba4e729f873712dc75f0,sheet1:R31,,,
f1a538b72293237a-sheet1-R32,2026-02-13,daegu-dalseong,다사읍,성은누룽지백숙,읍 현안사업간담회 개최에 따른 식사 제공 및 지출,140000,f1a538b72293237a1193f419a6dc12d65bca2b72143eba4e729f873712dc75f0,sheet1:R32,,,
f1a538b72293237a-sheet1-R33,2026-02-25,daegu-dalseong,다사읍,동곡할매국밥,읍 현안사업간담회 개최에 따른 식사 제공 및 지출,75000,f1a538b72293237a1193f419a6dc12d65bca2b72143eba4e729f873712dc75f0,sheet1:R33,,,
f1a538b72293237a-sheet1-R34,2026-03-05,daegu-dalseong,다사읍,동곡할매국밥,읍 현안사업간담회 개최에 따른 식사 제공 및 지출,58000,f1a538b72293237a1193f419a6dc12d65bca2b72143eba4e729f873712dc75f0,sheet1:R34,,,
f1a538b72293237a-sheet1-R35,2026-03-16,daegu-dalseong,다사읍,순덕이추어탕,읍 현안사업간담회 개최에 따른 식사 제공 및 지출,75000,f1a538b72293237a1193f419a6dc12d65bca2b72143eba4e729f873712dc75f0,sheet1:R35,,,
f1a538b72293237a-sheet1-R36,2026-03-25,daegu-dalseong,다사읍,빽다방연구소,읍 현안사업간담회 개최에 따른 부식 제공 및 지출,67400,f1a538b72293237a1193f419a6dc12d65bca2b72143eba4e729f873712dc75f0,sheet1:R36,,,
f1a538b72293237a-sheet1-R37,2026-01-06,daegu-dalseong,다사읍,사운즈커피미니다사점,다사읍 번영회 간담회에 따른 부식제공 및 지출,33200,f1a538b72293237a1193f419a6dc12d65bca2b72143eba4e729f873712dc75f0,sheet1:R37,9fce391f5a3343dd28e3b125a3bcc4751cc6c7bdbfc39dc9d7bb1c2e88f4261a:sheet2:R7,,
f1a538b72293237a-sheet1-R38,2026-01-14,daegu-dalseong,다사읍,국수가등,다사읍 우리마을교육나눔 간담회 개최에 따른 식사 및 부식제공,73200,f1a538b72293237a1193f419a6dc12d65bca2b72143eba4e729f873712dc75f0,sheet1:R38,9fce391f5a3343dd28e3b125a3bcc4751cc6c7bdbfc39dc9d7bb1c2e88f4261a:sheet2:R8,,
f1a538b72293237a-sheet1-R39,2026-01-16,daegu-dalseong,다사읍,라이첸등,다사읍 새마을부녀회 간담회 개최에 따른 식사 및 부식 제공,134500,f1a538b72293237a1193f419a6dc12d65bca2b72143eba4e729f873712dc75f0,sheet1:R39,9fce391f5a3343dd28e3b125a3bcc4751cc6c7bdbfc39dc9d7bb1c2e88f4261a:sheet2:R9,,
f1a538b72293237a-sheet1-R40,2026-01-28,daegu-dalseong,다사읍,새내기식당,다사읍 체육회 간담회 개최에 따른 식사제공 및 지출,30000,f1a538b72293237a1193f419a6dc12d65bca2b72143eba4e729f873712dc75f0,sheet1:R40,9fce391f5a3343dd28e3b125a3bcc4751cc6c7bdbfc39dc9d7bb1c2e88f4261a:sheet2:R10,,
f1a538b72293237a-sheet1-R41,2026-01-29,daegu-dalseong,다사읍,대구왕뽈찜,다사읍 번영회 간담회에 따른 식사제공 및 지출,54000,f1a538b72293237a1193f419a6dc12d65bca2b72143eba4e729f873712dc75f0,sheet1:R41,9fce391f5a3343dd28e3b125a3bcc4751cc6c7bdbfc39dc9d7bb1c2e88f4261a:sheet2:R11,,
f1a538b72293237a-sheet1-R42,2026-02-04,daegu-dalseong,다사읍,낙칼등,다사읍 우리마을교육나눔 간담회 개최에 따른 식사 및 부식제공,39500,f1a538b72293237a1193f419a6dc12d65bca2b72143eba4e729f873712dc75f0,sheet1:R42,9fce391f5a3343dd28e3b125a3bcc4751cc6c7bdbfc39dc9d7bb1c2e88f4261a:sheet2:R12,,
f1a538b72293237a-sheet1-R43,2026-02-19,daegu-dalseong,다사읍,석정등,다사읍 새마을부녀회 간담회 개최에 따른 식사 및 부식 제공,101000,f1a538b72293237a1193f419a6dc12d65bca2b72143eba4e729f873712dc75f0,sheet1:R43,9fce391f5a3343dd28e3b125a3bcc4751cc6c7bdbfc39dc9d7bb1c2e88f4261a:sheet2:R13,,
f1a538b72293237a-sheet1-R44,2026-03-12,daegu-dalseong,다사읍,샤브20,다사읍 우리마을교육나눔 간담회 개최에 따른 식사 및 부식제공,91600,f1a538b72293237a1193f419a6dc12d65bca2b72143eba4e729f873712dc75f0,sheet1:R44,9fce391f5a3343dd28e3b125a3bcc4751cc6c7bdbfc39dc9d7bb1c2e88f4261a:sheet2:R14,,
f1a538b72293237a-sheet1-R45,2026-03-26,daegu-dalseong,다사읍,국수가,다사읍 체육회 간담회 개최에 따른 식사제공 및 지출,61000,f1a538b72293237a1193f419a6dc12d65bca2b72143eba4e729f873712dc75f0,sheet1:R45,9fce391f5a3343dd28e3b125a3bcc4751cc6c7bdbfc39dc9d7bb1c2e88f4261a:sheet2:R15,,
f1a538b72293237a-sheet1-R46,2026-03-31,daegu-dalseong,다사읍,석정외,다사읍 새마을부녀회 간담회 개최에 따른 식사 및 부식 제공,44000,f1a538b72293237a1193f419a6dc12d65bca2b72143eba4e729f873712dc75f0,sheet1:R46,9fce391f5a3343dd28e3b125a3bcc4751cc6c7bdbfc39dc9d7bb1c2e88f4261a:sheet2:R16,,
f1a538b72293237a-sheet1-R47,2026-01-14,daegu-dalseong,다사읍,열반,다사읍 농엽경영인회 간담회 개최에 따른 식사제공 및 지출,60000,f1a538b72293237a1193f419a6dc12d65bca2b72143eba4e729f873712dc75f0,sheet1:R47,9fce391f5a3343dd28e3b125a3bcc4751cc6c7bdbfc39dc9d7bb1c2e88f4261a:sheet3:R6,,
f1a538b72293237a-sheet1-R48,2026-01-16,daegu-dalseong,다사읍,성은누룽지백숙,산불추진 업무관계자 간담회에 따른 식사 제공 및 지출,54000,f1a538b72293237a1193f419a6dc12d65bca2b72143eba4e729f873712dc75f0,sheet1:R48,9fce391f5a3343dd28e3b125a3bcc4751cc6c7bdbfc39dc9d7bb1c2e88f4261a:sheet3:R7,,
f1a538b72293237a-sheet1-R49,2026-02-11,daegu-dalseong,다사읍,열반,다사읍 농촌지도자회 간담회 개최에 따른 식사제공 및 지출,60000,f1a538b72293237a1193f419a6dc12d65bca2b72143eba4e729f873712dc75f0,sheet1:R49,9fce391f5a3343dd28e3b125a3bcc4751cc6c7bdbfc39dc9d7bb1c2e88f4261a:sheet3:R8,,
f1a538b72293237a-sheet1-R50,2026-02-25,daegu-dalseong,다사읍,동해칼치곤드레,푸른달성 가꾸기 관계자 간담회 개최에 따른 식사제공 및 지출,63000,f1a538b72293237a1193f419a6dc12d65bca2b72143eba4e729f873712dc75f0,sheet1:R50,9fce391f5a3343dd28e3b125a3bcc4751cc6c7bdbfc39dc9d7bb1c2e88f4261a:sheet3:R9,,
f1a538b72293237a-sheet1-R51,2026-03-13,daegu-dalseong,다사읍,신지섭의서울깍두기,푸른달성 가꾸기 관계자 간담회 개최에 따른 식사제공 및 지출,50000,f1a538b72293237a1193f419a6dc12d65bca2b72143eba4e729f873712dc75f0,sheet1:R51,9fce391f5a3343dd28e3b125a3bcc4751cc6c7bdbfc39dc9d7bb1c2e88f4261a:sheet3:R10,,
f1a538b72293237a-sheet1-R52,2026-03-18,daegu-dalseong,다사읍,낙칼,다사읍 소상공인연합회 간담회에 따른 식사제공 및 지출,32000,f1a538b72293237a1193f419a6dc12d65bca2b72143eba4e729f873712dc75f0,sheet1:R52,9fce391f5a3343dd28e3b125a3bcc4751cc6c7bdbfc39dc9d7bb1c2e88f4261a:sheet3:R11,,
64a55cfa70144a3c-sheet1-R7,2026-02-06,daegu-dalseong,법무감사실,"울엄마손메밀묵, 오늘도통통",규제애로 해소 업무 관련 관계자와의 간담회 식사 제공 및 지출,66200,64a55cfa70144a3ce4ecd42b28a91c02759218e6eebbd755271250db1de9af7d,sheet1:R7,,,
64a55cfa70144a3c-sheet1-R8,2026-02-10,daegu-dalseong,법무감사실,"산얼면옥, 무브먼트",소송업무 수행에 따른 관계자와의 간담회 식사 제공 및 지출,149500,64a55cfa70144a3ce4ecd42b28a91c02759218e6eebbd755271250db1de9af7d,sheet1:R8,,,
64a55cfa70144a3c-sheet1-R9,2026-02-12,daegu-dalseong,법무감사실,비비가,규제애로 해소 업무 관련 관계자와의 간담회 식사 제공 및 지출,41500,64a55cfa70144a3ce4ecd42b28a91c02759218e6eebbd755271250db1de9af7d,sheet1:R9,,,
64a55cfa70144a3c-sheet1-R10,2026-02-25,daegu-dalseong,법무감사실,"파리바게트, 뚜레쥬르",반부패·청렴 행사 관계자 격려를 위한 간식 제공 및 지출,159750,64a55cfa70144a3ce4ecd42b28a91c02759218e6eebbd755271250db1de9af7d,sheet1:R10,,,
64a55cfa70144a3c-sheet1-R11,2026-02-27,daegu-dalseong,법무감사실,"울엄마손메밀묵, 오늘도통통",소송업무 수행에 따른 관계자와의 간담회 식사 제공 및 지출,67700,64a55cfa70144a3ce4ecd42b28a91c02759218e6eebbd755271250db1de9af7d,sheet1:R11,,,
a965ef0097d0692c-sheet1-R7,2026-01-23,daegu-dalseong,법무감사실,"산얼면옥, 오늘도통통",소송업무 수행에 따른 관계자와의 간담회 식사 제공 및 지출,48900,a965ef0097d0692cff7b2d042c04439619bac577ff18a077bfceac35c83fd413,sheet1:R7,,,
a965ef0097d0692c-sheet1-R8,2026-01-27,daegu-dalseong,법무감사실,딜라이트,1월 무료이동법률상담 관계자 격려를 위한 다과 제공 및 지출,18600,a965ef0097d0692cff7b2d042c04439619bac577ff18a077bfceac35c83fd413,sheet1:R8,,,
a965ef0097d0692c-sheet1-R9,2026-01-30,daegu-dalseong,법무감사실,"장군소머리곰탕, 솔라이트 커피",살피소 환경순찰 활동 추진에 따른 관계자 식사 제공 및 지출,203100,a965ef0097d0692cff7b2d042c04439619bac577ff18a077bfceac35c83fd413,sheet1:R9,,,
1b508ac66acdd249-sheet1-R7,2026-02-03,daegu-dalseong,총무과,울엄마손메밀묵,민주평통협의회 관계자 간담회 개최에 따른 식사 제공,77000,1b508ac66acdd249c035e2f384fe5f1c19a9597164b52a08cc86883e6f3d7ebc,sheet1:R7,,,
1b508ac66acdd249-sheet1-R8,2026-02-12,daegu-dalseong,총무과,울엄마손메밀묵,고향사랑기부제 추진 관계자 식사 제공,65000,1b508ac66acdd249c035e2f384fe5f1c19a9597164b52a08cc86883e6f3d7ebc,sheet1:R8,,,
1b508ac66acdd249-sheet1-R9,2026-02-13,daegu-dalseong,총무과,대일농장한우전문식당,통합방위협의회 관계자 식사 제공,128000,1b508ac66acdd249c035e2f384fe5f1c19a9597164b52a08cc86883e6f3d7ebc,sheet1:R9,,,
1b508ac66acdd249-sheet1-R10,2026-02-20,daegu-dalseong,총무과,휴블랑상인점,표창 수여 관계자 간담회 식사 제공,145200,1b508ac66acdd249c035e2f384fe5f1c19a9597164b52a08cc86883e6f3d7ebc,sheet1:R10,,,
1b508ac66acdd249-sheet1-R11,2026-02-24,daegu-dalseong,총무과,매스커피,모범이장 해외 신진지연수 관계사 다과 제공,17000,1b508ac66acdd249c035e2f384fe5f1c19a9597164b52a08cc86883e6f3d7ebc,sheet1:R11,,,
efa1d4dd9bd0b71f-sheet1-R6,2026-02-04,daegu-dalseong,총무과,릴리 브리즈,행정국 서무 및 회계 담당 직원 격려 식사 제공,157600,efa1d4dd9bd0b71fcec7f894b5fd7a28deb27ac1d1c4964344483241ddd58de6,sheet1:R6,,,
efa1d4dd9bd0b71f-sheet1-R7,2026-02-20,daegu-dalseong,총무과,동해칼치곤드레,세무과 직원 격려 식사 제공,120000,efa1d4dd9bd0b71fcec7f894b5fd7a28deb27ac1d1c4964344483241ddd58de6,sheet1:R7,,,
efa1d4dd9bd0b71f-sheet1-R12,2026-02-03,daegu-dalseong,총무과,만리성유천점,회계업무 추진 관계자 식사 제공,278000,efa1d4dd9bd0b71fcec7f894b5fd7a28deb27ac1d1c4964344483241ddd58de6,sheet1:R12,,,
efa1d4dd9bd0b71f-sheet1-R13,2026-02-10,daegu-dalseong,총무과,딜라이트,공무원 교육업무 관계자 식사 제공,50000,efa1d4dd9bd0b71fcec7f894b5fd7a28deb27ac1d1c4964344483241ddd58de6,sheet1:R13,,,
efa1d4dd9bd0b71f-sheet1-R14,2026-02-13,daegu-dalseong,총무과,릴리브리즈,직원 복지 증진을 위한 관계자 간담회 식사 제공,165500,efa1d4dd9bd0b71fcec7f894b5fd7a28deb27ac1d1c4964344483241ddd58de6,sheet1:R14,,,
efa1d4dd9bd0b71f-sheet1-R15,2026-02-23,daegu-dalseong,총무과,강림추어탕,지방세 세외수입시스템 운영 관계자 식사 제공,94000,efa1d4dd9bd0b71fcec7f894b5fd7a28deb27ac1d1c4964344483241ddd58de6,sheet1:R15,,,
efa1d4dd9bd0b71f-sheet1-R16,2026-02-24,daegu-dalseong,총무과,울엄마손메밀묵,계약 관계사 식사 제공,65000,efa1d4dd9bd0b71fcec7f894b5fd7a28deb27ac1d1c4964344483241ddd58de6,sheet1:R16,,,
efa1d4dd9bd0b71f-sheet1-R17,2026-02-25,daegu-dalseong,총무과,짬뽕전문 대흥이,건축허가 관계자 식사 제공,104000,efa1d4dd9bd0b71fcec7f894b5fd7a28deb27ac1d1c4964344483241ddd58de6,sheet1:R17,,,
efa1d4dd9bd0b71f-sheet1-R18,2026-02-26,daegu-dalseong,총무과,동해칼치곤드레,행정정보망 유지보수 업무 관계자 식사 제공,80000,efa1d4dd9bd0b71fcec7f894b5fd7a28deb27ac1d1c4964344483241ddd58de6,sheet1:R18,,,
efa1d4dd9bd0b71f-sheet1-R19,2026-02-27,daegu-dalseong,총무과,투썸플레이스,선거업무 추진 관계자 다과 제공,21900,efa1d4dd9bd0b71fcec7f894b5fd7a28deb27ac1d1c4964344483241ddd58de6,sheet1:R19,,,
af19262f441062aa-sheet1-R6,2026-02-02,daegu-dalseong,총무과,비슬한우식육식당/핸즈커피,"화원역사문화체험관 조성 관계자 식사, 다과 제공",211000,af19262f441062aa0c69090a232a41318f0db628fbc277557d20964010aee51d,sheet1:R6,,,
af19262f441062aa-sheet1-R7,2026-02-04,daegu-dalseong,총무과,딜라이트,화원 복합커뮤니티센터 건립 추진 관계자 다과 제공,18500,af19262f441062aa0c69090a232a41318f0db628fbc277557d20964010aee51d,sheet1:R7,,,
af19262f441062aa-sheet1-R8,2026-02-05,daegu-dalseong,총무과,선비꼬마김밥/정희 판교아브뉴프랑점/스타벅스/엔티엔스/자투라,"공공건축물 설계 및 공간조성 관계자 식사, 다과 제공",305400,af19262f441062aa0c69090a232a41318f0db628fbc277557d20964010aee51d,sheet1:R8,,,
af19262f441062aa-sheet1-R9,2026-02-06,daegu-dalseong,총무과,옛날중국집/스타벅스/아베베베이커리,"공공건축물 설계 및 공간조성 관계자 식사, 다과 제공",366000,af19262f441062aa0c69090a232a41318f0db628fbc277557d20964010aee51d,sheet1:R9,,,
af19262f441062aa-sheet1-R10,2026-02-09,daegu-dalseong,총무과,버섯골/아르스,"공원조성관계자 식사, 다과 제공",60300,af19262f441062aa0c69090a232a41318f0db628fbc277557d20964010aee51d,sheet1:R10,,,
af19262f441062aa-sheet1-R11,2026-02-13,daegu-dalseong,총무과,딜라이트,화원복합커뮤니티센터 건립 추진 관계자 다과 제공,9000,af19262f441062aa0c69090a232a41318f0db628fbc277557d20964010aee51d,sheet1:R11,,,
af19262f441062aa-sheet1-R12,2026-02-23,daegu-dalseong,총무과,딜라이트,창의놀이터 특화 사업 추진 관계자 다과 제공,11800,af19262f441062aa0c69090a232a41318f0db628fbc277557d20964010aee51d,sheet1:R12,,,
af19262f441062aa-sheet1-R13,2026-02-24,daegu-dalseong,총무과,포레스트180,창의놀이터 특화 사업 추진 관계자 다과 제공,45500,af19262f441062aa0c69090a232a41318f0db628fbc277557d20964010aee51d,sheet1:R13,,,
af19262f441062aa-sheet1-R14,2026-02-25,daegu-dalseong,총무과,딜라이트,공원 조성 관계자 다과 제공,34100,af19262f441062aa0c69090a232a41318f0db628fbc277557d20964010aee51d,sheet1:R14,,,
af19262f441062aa-sheet1-R15,2026-02-26,daegu-dalseong,총무과,부산식당,공원 조성 관계자 다과 제공,86000,af19262f441062aa0c69090a232a41318f0db628fbc277557d20964010aee51d,sheet1:R15,,,
4a83b8a0a273778d-sheet1-R6,2026-02-02,daegu-dalseong,총무과,박기태명장의 장수당,농업 정책 및 교육 업무 관계자 다과 제공,31100,4a83b8a0a273778dbf8ff0c982bb66f0f133e70a2e3f3e6d11324eb7aad17b1e,sheet1:R6,,,
4a83b8a0a273778d-sheet1-R7,2026-02-03,daegu-dalseong,총무과,달성군청 구내식당,문화관광국 직원 격려 식사 제공,135000,4a83b8a0a273778dbf8ff0c982bb66f0f133e70a2e3f3e6d11324eb7aad17b1e,sheet1:R7,,,
4a83b8a0a273778d-sheet1-R8,2026-02-04,daegu-dalseong,총무과,온누리상품권/달성군장애인재활자립장,설 명절 현업근로자 격려물품 지급,1190000,4a83b8a0a273778dbf8ff0c982bb66f0f133e70a2e3f3e6d11324eb7aad17b1e,sheet1:R8,,,
4a83b8a0a273778d-sheet1-R9,2026-02-03,daegu-dalseong,총무과,화진회초밥,홍보협력과 직원 격려 식사 제공,336000,4a83b8a0a273778dbf8ff0c982bb66f0f133e70a2e3f3e6d11324eb7aad17b1e,sheet1:R9,,,
4a83b8a0a273778d-sheet1-R10,2026-02-04,daegu-dalseong,총무과,정순두부,2026년 제1회추가경정예산 편성 관련 직원 격려 식사 제공,40000,4a83b8a0a273778dbf8ff0c982bb66f0f133e70a2e3f3e6d11324eb7aad17b1e,sheet1:R10,,,
4a83b8a0a273778d-sheet1-R11,2026-02-07,daegu-dalseong,총무과,안동국시,설맞이 주요 관광지 및 환경정비 관계자 식사 제공 및 지출,65000,4a83b8a0a273778dbf8ff0c982bb66f0f133e70a2e3f3e6d11324eb7aad17b1e,sheet1:R11,,,
4a83b8a0a273778d-sheet1-R12,2026-02-09,daegu-dalseong,총무과,오가는 정밥상,군수 수행 직원 격려 식사 제공,33000,4a83b8a0a273778dbf8ff0c982bb66f0f133e70a2e3f3e6d11324eb7aad17b1e,sheet1:R12,,,
4a83b8a0a273778d-sheet1-R13,2026-02-11,daegu-dalseong,총무과,개인(성명 비공개),직원 경조사 축의금,50000,4a83b8a0a273778dbf8ff0c982bb66f0f133e70a2e3f3e6d11324eb7aad17b1e,sheet1:R13,,,
4a83b8a0a273778d-sheet1-R14,2026-02-11,daegu-dalseong,총무과,부산식당,군의회 임시회 개최에 따른 관계자 식사 제공,450000,4a83b8a0a273778dbf8ff0c982bb66f0f133e70a2e3f3e6d11324eb7aad17b1e,sheet1:R14,,,
4a83b8a0a273778d-sheet1-R15,2026-02-13,daegu-dalseong,총무과,원조현풍박소선할매집곰탕,문화예술업무 추진 관계자 식사 제공,400000,4a83b8a0a273778dbf8ff0c982bb66f0f133e70a2e3f3e6d11324eb7aad17b1e,sheet1:R15,,,
4a83b8a0a273778d-sheet1-R16,2026-02-19,daegu-dalseong,총무과,정순두부,군수 수행 직원 격려 식사 제공,27000,4a83b8a0a273778dbf8ff0c982bb66f0f133e70a2e3f3e6d11324eb7aad17b1e,sheet1:R16,,,
4a83b8a0a273778d-sheet1-R17,2026-02-20,daegu-dalseong,총무과,앞산산오징어,장애인복지 관련 업무 관계자 식사 제공,331500,4a83b8a0a273778dbf8ff0c982bb66f0f133e70a2e3f3e6d11324eb7aad17b1e,sheet1:R17,,,
4a83b8a0a273778d-sheet1-R18,2026-02-25,daegu-dalseong,총무과,딜라이트,회계과 직원 격려 다과 제공,150000,4a83b8a0a273778dbf8ff0c982bb66f0f133e70a2e3f3e6d11324eb7aad17b1e,sheet1:R18,,,
4a83b8a0a273778d-sheet1-R19,2026-02-26,daegu-dalseong,총무과,달성군청 구내식당,건설과 직원 격려 식사 제공,135000,4a83b8a0a273778dbf8ff0c982bb66f0f133e70a2e3f3e6d11324eb7aad17b1e,sheet1:R19,,,
4a83b8a0a273778d-sheet1-R20,2026-02-26,daegu-dalseong,총무과,연화37,보육정책 사업 추진 관계자 식사 제공,480000,4a83b8a0a273778dbf8ff0c982bb66f0f133e70a2e3f3e6d11324eb7aad17b1e,sheet1:R20,,,
4a83b8a0a273778d-sheet1-R21,2026-02-27,daegu-dalseong,총무과,짬뽕전문 대흥이,문화예술업무 추진 관계자 식사 제공,43000,4a83b8a0a273778dbf8ff0c982bb66f0f133e70a2e3f3e6d11324eb7aad17b1e,sheet1:R21,,,
5e57797d7a1c17fc-sheet1-R6,2026-02-03,daegu-dalseong,총무과,장춘복어,체육진흥과 직원 격려 식사 제공,123000,5e57797d7a1c17fc82ca4e15de430f0924cf6cf34bf57d49268249ffce6e1f36,sheet1:R6,,,
5e57797d7a1c17fc-sheet1-R7,2026-02-04,daegu-dalseong,총무과,돈까스클럽,관광과 직원 격려 식사 제공,142400,5e57797d7a1c17fc82ca4e15de430f0924cf6cf34bf57d49268249ffce6e1f36,sheet1:R7,,,
5e57797d7a1c17fc-sheet1-R8,2026-02-06,daegu-dalseong,총무과,권금숙의 오대양산장어구이,안전관리업무 관련 직원 격려 식사 제공,246000,5e57797d7a1c17fc82ca4e15de430f0924cf6cf34bf57d49268249ffce6e1f36,sheet1:R8,,,
5e57797d7a1c17fc-sheet1-R9,2026-02-09,daegu-dalseong,총무과,개인(성명 비공개),직원 경조사 조의금 지출,100000,5e57797d7a1c17fc82ca4e15de430f0924cf6cf34bf57d49268249ffce6e1f36,sheet1:R9,,,
5e57797d7a1c17fc-sheet1-R10,2026-02-10,daegu-dalseong,총무과,윌리엄자이리톨,총무과 직원 격려 다과 제공,260000,5e57797d7a1c17fc82ca4e15de430f0924cf6cf34bf57d49268249ffce6e1f36,sheet1:R10,,,
5e57797d7a1c17fc-sheet1-R11,2026-02-11,daegu-dalseong,총무과,개인(성명 비공개),직원 경조사 축의금,50000,5e57797d7a1c17fc82ca4e15de430f0924cf6cf34bf57d49268249ffce6e1f36,sheet1:R11,,,
5e57797d7a1c17fc-sheet1-R12,2026-02-12,daegu-dalseong,총무과,옥포식당,인사 및 직원 교육 관련 직원 격려 식사 제공,188000,5e57797d7a1c17fc82ca4e15de430f0924cf6cf34bf57d49268249ffce6e1f36,sheet1:R12,,,
5e57797d7a1c17fc-sheet1-R17,2026-02-02,daegu-dalseong,총무과,달빛에구운고등어,차천네거리 입체화 사업 추진 관계자 식사 제공,73500,5e57797d7a1c17fc82ca4e15de430f0924cf6cf34bf57d49268249ffce6e1f36,sheet1:R17,,,
5e57797d7a1c17fc-sheet1-R18,2026-02-02,daegu-dalseong,총무과,만리성유천점,정월대보름 달맞이 문화제 업무 추진 관계자 식사 제공,280000,5e57797d7a1c17fc82ca4e15de430f0924cf6cf34bf57d49268249ffce6e1f36,sheet1:R18,,,
5e57797d7a1c17fc-sheet1-R19,2026-02-05,daegu-dalseong,총무과,일월정 토속한정식,고향사랑기부제 추진 관계자 식사 제공,77000,5e57797d7a1c17fc82ca4e15de430f0924cf6cf34bf57d49268249ffce6e1f36,sheet1:R19,,,
5e57797d7a1c17fc-sheet1-R20,2026-02-06,daegu-dalseong,총무과,비슬한우식육식당,교육정책 사업을 위한 간담회에 따른 식사 제공,480000,5e57797d7a1c17fc82ca4e15de430f0924cf6cf34bf57d49268249ffce6e1f36,sheet1:R20,,,
5e57797d7a1c17fc-sheet1-R21,2026-02-09,daegu-dalseong,총무과,비슬한우식육식당,경관개선사업 추진 관계자 식사 제공,173000,5e57797d7a1c17fc82ca4e15de430f0924cf6cf34bf57d49268249ffce6e1f36,sheet1:R21,,,
5e57797d7a1c17fc-sheet1-R22,2026-02-09,daegu-dalseong,총무과,인어공주,달성군 주요 시책 홍보를 위한 언론관계자 간담회 식사 제공,354000,5e57797d7a1c17fc82ca4e15de430f0924cf6cf34bf57d49268249ffce6e1f36,sheet1:R22,,,
5e57797d7a1c17fc-sheet1-R23,2026-02-10,daegu-dalseong,총무과,버섯골,체육진흥업무 관계자 식사 제공,100000,5e57797d7a1c17fc82ca4e15de430f0924cf6cf34bf57d49268249ffce6e1f36,sheet1:R23,,,
5e57797d7a1c17fc-sheet1-R24,2026-02-13,daegu-dalseong,총무과,송해공원 연지담,사회재난 관련 안전관리 업무 추진 관계자 식사 제공,160000,5e57797d7a1c17fc82ca4e15de430f0924cf6cf34bf57d49268249ffce6e1f36,sheet1:R24,,,
af0443afdc59604e-sheet1-R7,2026-02-02,daegu-dalseong,정보통신과,성서한옥집김치찜,지능 정보화 업무추진 관계자 식사제공 및 지출,53000,af0443afdc59604e30e29be132f303c85895c69384145bc2c663dd477a29b0f7,sheet1:R7,,,
af0443afdc59604e-sheet1-R8,2026-02-05,daegu-dalseong,정보통신과,황금명태조리고,정보보안 시스템 업무추진 관계자 식사제공 및 지출,98000,af0443afdc59604e30e29be132f303c85895c69384145bc2c663dd477a29b0f7,sheet1:R8,,,
af0443afdc59604e-sheet1-R9,2026-02-06,daegu-dalseong,정보통신과,달성묵집,기록관리시스템 유지보수 업무추진 관계자 식사제공 및 지출,49000,af0443afdc59604e30e29be132f303c85895c69384145bc2c663dd477a29b0f7,sheet1:R9,,,
af0443afdc59604e-sheet1-R10,2026-02-10,daegu-dalseong,정보통신과,강림추어탕,정보통신네트워크 시스템 업무추진 관계자 식사 제공 및 지출,65000,af0443afdc59604e30e29be132f303c85895c69384145bc2c663dd477a29b0f7,sheet1:R10,,,
af0443afdc59604e-sheet1-R11,2026-02-27,daegu-dalseong,정보통신과,짬뽕전문 대흥이,CCTV통합관제시스템 유지보수 관계자 간담회 및 식사 제공,55000,af0443afdc59604e30e29be132f303c85895c69384145bc2c663dd477a29b0f7,sheet1:R11,,,
39c59a274a6b506b-sheet1-R5,2026-02-12,daegu-dalseong,경제산업과,옥포뜰,기업지원 업무 협의에 따른 관계자 식사 제공 및 지출,56000,39c59a274a6b506baac77da4f373f803c8220f045e8e0f9615c026cae01bd592,sheet1:R5,,,
39c59a274a6b506b-sheet1-R6,2026-02-13,daegu-dalseong,경제산업과,강나들이,공설시장 환경개선을 위한 업무 관계자 식사 제공 및 지출,84000,39c59a274a6b506baac77da4f373f803c8220f045e8e0f9615c026cae01bd592,sheet1:R6,,,
39c59a274a6b506b-sheet1-R7,2026-02-26,daegu-dalseong,경제산업과,울엄마손메밀묵,전통시장 활성화 추진 관계자 식사 제공 및 지출,24000,39c59a274a6b506baac77da4f373f803c8220f045e8e0f9615c026cae01bd592,sheet1:R7,,,
133a041b4e4d1c84-sheet1-R6,2026-02-27,daegu-dalseong,경제산업과,딜라이트,농업정책 업무추진 직원 격려 다과 제공 및 지출,59600,133a041b4e4d1c84eb991c09f33fa87e5e53ab17a3baa5503bf26c43c4234cfb,sheet1:R6,,,
133a041b4e4d1c84-sheet1-R11,2026-02-02,daegu-dalseong,경제산업과,풍국면 달성군청점,농정업무 협의에 따른 관계자 식사 제공 및 지출,43000,133a041b4e4d1c84eb991c09f33fa87e5e53ab17a3baa5503bf26c43c4234cfb,sheet1:R11,,,
133a041b4e4d1c84-sheet1-R12,2026-02-04,daegu-dalseong,경제산업과,미나리식장,화원 미나리단지 식당영업금지 언론 홍보 관계자 식사 제공 및 지출,178000,133a041b4e4d1c84eb991c09f33fa87e5e53ab17a3baa5503bf26c43c4234cfb,sheet1:R12,,,
133a041b4e4d1c84-sheet1-R13,2026-02-06,daegu-dalseong,경제산업과,나루터 어탕,설맞이 전통시장 안전점검 관련 관계자 식사 제공 및 지출,50000,133a041b4e4d1c84eb991c09f33fa87e5e53ab17a3baa5503bf26c43c4234cfb,sheet1:R13,,,
133a041b4e4d1c84-sheet1-R14,2026-02-09,daegu-dalseong,경제산업과,낙칼,민원현장 점검에 따른 관계자 식사 제공 및 지출,46000,133a041b4e4d1c84eb991c09f33fa87e5e53ab17a3baa5503bf26c43c4234cfb,sheet1:R14,,,
133a041b4e4d1c84-sheet1-R15,2026-02-10,daegu-dalseong,경제산업과,양화식당,지역경제 활성화 업무추진 관계자 식사 제공 및 지출,36000,133a041b4e4d1c84eb991c09f33fa87e5e53ab17a3baa5503bf26c43c4234cfb,sheet1:R15,,,
133a041b4e4d1c84-sheet1-R16,2026-02-13,daegu-dalseong,경제산업과,솔라이트 커피,교통지도 업무 협의에 따른 관계자 다과 제공 및 지출,50000,133a041b4e4d1c84eb991c09f33fa87e5e53ab17a3baa5503bf26c43c4234cfb,sheet1:R16,,,
133a041b4e4d1c84-sheet1-R17,2026-02-20,daegu-dalseong,경제산업과,고령촌돼지찌개,"민원현장 점검에 따른 관계자 식사,다과 제공 및 지출",34000,133a041b4e4d1c84eb991c09f33fa87e5e53ab17a3baa5503bf26c43c4234cfb,sheet1:R17,,,
133a041b4e4d1c84-sheet1-R18,2026-02-23,daegu-dalseong,경제산업과,연화정 삼계탕,"산업단지 민원현장 점검에 따른 관계자 식사,다과 제공 및 지출",68000,133a041b4e4d1c84eb991c09f33fa87e5e53ab17a3baa5503bf26c43c4234cfb,sheet1:R18,,,
133a041b4e4d1c84-sheet1-R19,2026-02-24,daegu-dalseong,경제산업과,달성보국수집,구지농공단지 업무 추진 관계자 식사 제공 및 지출,31000,133a041b4e4d1c84eb991c09f33fa87e5e53ab17a3baa5503bf26c43c4234cfb,sheet1:R19,,,
133a041b4e4d1c84-sheet1-R20,2026-02-25,daegu-dalseong,경제산업과,밤새우는닭 월성직영점,환경 업무 추진 관계자 식사 제공 밎 지출,140000,133a041b4e4d1c84eb991c09f33fa87e5e53ab17a3baa5503bf26c43c4234cfb,sheet1:R20,,,
133a041b4e4d1c84-sheet1-R21,2026-02-26,daegu-dalseong,경제산업과,옥포뜰,농정업무 추진에 따른 관계자 식사 제공 및 지출,36000,133a041b4e4d1c84eb991c09f33fa87e5e53ab17a3baa5503bf26c43c4234cfb,sheet1:R21,,,
133a041b4e4d1c84-sheet1-R22,2026-03-04,daegu-dalseong,경제산업과,동해칼치곤드레,교통행정 업무 추진 관계자 식사 제공 및 지출,59000,133a041b4e4d1c84eb991c09f33fa87e5e53ab17a3baa5503bf26c43c4234cfb,sheet1:R22,,,
dcbab039d45c680d-sheet1-R7,2026-02-13,daegu-dalseong,기획예산과,닭한마리 행복한집,정책사업 업무추진을 위한 사업관계자 간담회 식사제공 및 지출,129000,dcbab039d45c680dbdfa1ada53799a2e005dc595e5b78ff027e69af3cb6990fe,sheet1:R7,,,
dcbab039d45c680d-sheet1-R8,2026-02-24,daegu-dalseong,기획예산과,부산진국밥,군정 기획업무 추진을 위한 사업관계자 간담회 식사제공 및 지출,33000,dcbab039d45c680dbdfa1ada53799a2e005dc595e5b78ff027e69af3cb6990fe,sheet1:R8,,,
dcbab039d45c680d-sheet1-R9,2026-02-04,daegu-dalseong,기획예산과,대백마트,2026년 제1회 추경예산 부서 심의 관련 다과 구입 및 지출,300000,dcbab039d45c680dbdfa1ada53799a2e005dc595e5b78ff027e69af3cb6990fe,sheet1:R9,,,
dcbab039d45c680d-sheet1-R10,2026-02-24,daegu-dalseong,기획예산과,대백마트,2026년 제1차 지방보조금관리위원회 개최에 따른 음료 및 다과 구입 및 지출,100000,dcbab039d45c680dbdfa1ada53799a2e005dc595e5b78ff027e69af3cb6990fe,sheet1:R10,,,
71afdfc9a060768a-sheet1-R8,2026-02-06,daegu-dalseong,기획예산과,강림추어탕,조경사업 추진 관계자 식사 제공 및 지출,76000,71afdfc9a060768a618c934d0ebd3df20fde1b71c703a4abf77b5e11239a0b82,sheet1:R8,,,
71afdfc9a060768a-sheet1-R9,2026-02-11,daegu-dalseong,기획예산과,화원국수천내뭉티기,주요 전략사업 추진을 위한 관계자 식사 제공 및 지출,191000,71afdfc9a060768a618c934d0ebd3df20fde1b71c703a4abf77b5e11239a0b82,sheet1:R9,,,
71afdfc9a060768a-sheet1-R10,2026-02-13,daegu-dalseong,기획예산과,오늘도족발에한잔,군 주요업무 추진을 위한 사업관계자 간담회 식사제공 및 지출,116000,71afdfc9a060768a618c934d0ebd3df20fde1b71c703a4abf77b5e11239a0b82,sheet1:R10,,,
71afdfc9a060768a-sheet1-R11,2026-02-20,daegu-dalseong,기획예산과,동성막창,군정현안 논의를 위한 사업관계자 식사 제공 및 지출,105000,71afdfc9a060768a618c934d0ebd3df20fde1b71c703a4abf77b5e11239a0b82,sheet1:R11,,,
6e9cfaf540f0aa50-sheet1-R6,2026-02-02,daegu-dalseong,도시정책과,적의처,논공 다다촌 특화거리 조성사업 추진 관계자 식사제공 및 지출,200000,6e9cfaf540f0aa50b92eb05c381bd51363dfd65228cce4bd3b27b42747eb9428,sheet1:R6,,,
6e9cfaf540f0aa50-sheet1-R7,2026-02-04,daegu-dalseong,도시정책과,적의처,개발제한구역 주민지원사업 추진 관계자 식사 제공 및 지출,148000,6e9cfaf540f0aa50b92eb05c381bd51363dfd65228cce4bd3b27b42747eb9428,sheet1:R7,,,
6e9cfaf540f0aa50-sheet1-R8,2026-02-12,daegu-dalseong,도시정책과,적의처,현풍읍 도시재생 사업 추진 관계자 실사 제공 및 지출,237000,6e9cfaf540f0aa50b92eb05c381bd51363dfd65228cce4bd3b27b42747eb9428,sheet1:R8,,,
6e9cfaf540f0aa50-sheet1-R9,2026-02-24,daegu-dalseong,도시정책과,적의처,경관개선사업 추진 관계자 식사 제공 및 지출,17000,6e9cfaf540f0aa50b92eb05c381bd51363dfd65228cce4bd3b27b42747eb9428,sheet1:R9,,,
d1922d098d3b1aee-sheet1-R6,2026-01-14,daegu-dalseong,장애인복지과,부산식당,이웃돕기 관련 관계자 식사 제공 및 지출,101000,d1922d098d3b1aeedb57ddb2027305c96800d0072aa7f1747ca6f589a944de8f,sheet1:R6,,,
d1922d098d3b1aee-sheet1-R7,2026-01-19,daegu-dalseong,장애인복지과,상구네돼지구이,장애인복지 관련 업무 관계자 식사 제공 및 지출,156800,d1922d098d3b1aeedb57ddb2027305c96800d0072aa7f1747ca6f589a944de8f,sheet1:R7,,,
6205a7ed27179122-sheet1-R7,2026-02-02,daegu-dalseong,홍보협력과,마장동고기집 화원명곡점,홍보 협력 사업 관계자 식사 제공 및 지출,200000,6205a7ed271791228c48c9964807116d857b3ff781342ea34b3d989ca980b6e1,sheet1:R7,,,
6205a7ed27179122-sheet1-R8,2026-02-04,daegu-dalseong,홍보협력과,팔공산유통능이마을,주요관광지 홍보 활성화를 위한 언론관계자 간담회 식사 제공 및 지출,66000,6205a7ed271791228c48c9964807116d857b3ff781342ea34b3d989ca980b6e1,sheet1:R8,,,
6205a7ed27179122-sheet1-R9,2026-02-05,daegu-dalseong,홍보협력과,소문난부산조방낙지마당,유튜브 브랜디드 콘텐츠 운영을 위한 업무관계자 간담회 식사 제공 및 지출,21000,6205a7ed271791228c48c9964807116d857b3ff781342ea34b3d989ca980b6e1,sheet1:R9,,,
6205a7ed27179122-sheet1-R10,2026-02-05,daegu-dalseong,홍보협력과,대구식당,군정홍보 활동 협의를 위한 업무관계자 간담회 식사 제공 및 지출,58000,6205a7ed271791228c48c9964807116d857b3ff781342ea34b3d989ca980b6e1,sheet1:R10,,,
6205a7ed27179122-sheet1-R11,2026-02-05,daegu-dalseong,홍보협력과,마지카운티,군정홍보 활동 협의를 위한 업무관계자 간담회 식사 제공 및 지출,29300,6205a7ed271791228c48c9964807116d857b3ff781342ea34b3d989ca980b6e1,sheet1:R11,,,
6205a7ed27179122-sheet1-R12,2026-02-05,daegu-dalseong,홍보협력과,석정한우마을,달성군 청년정책 활성화를 위한 업무관계자 간담회 식사 제공 및 지출,407000,6205a7ed271791228c48c9964807116d857b3ff781342ea34b3d989ca980b6e1,sheet1:R12,,,
6205a7ed27179122-sheet1-R13,2026-02-09,daegu-dalseong,홍보협력과,장군소머리곰탕,군정 현안사업 언론 홍보 간담회 식사 제공 및 지출,47000,6205a7ed271791228c48c9964807116d857b3ff781342ea34b3d989ca980b6e1,sheet1:R13,,,
6205a7ed27179122-sheet1-R14,2026-02-11,daegu-dalseong,홍보협력과,한판,청년정책 활성화를 위한 업무관계자 간담회 식사 제공 및 지출,182000,6205a7ed271791228c48c9964807116d857b3ff781342ea34b3d989ca980b6e1,sheet1:R14,,,
6205a7ed27179122-sheet1-R15,2026-02-13,daegu-dalseong,홍보협력과,옥포뜰,달성군 주요 시책 홍보를 위한 언론관계자 간담회 식사 제공 및 지출,110000,6205a7ed271791228c48c9964807116d857b3ff781342ea34b3d989ca980b6e1,sheet1:R15,,,
6205a7ed27179122-sheet1-R16,2026-02-13,daegu-dalseong,홍보협력과,마지카운티,달성군 주요 시책 홍보를 위한 언론관계자 간담회 식사 제공 및 지출,51400,6205a7ed271791228c48c9964807116d857b3ff781342ea34b3d989ca980b6e1,sheet1:R16,,,
6205a7ed27179122-sheet1-R17,2026-02-20,daegu-dalseong,홍보협력과,강림추어탕,홍보 방안 개선을 위한 업무관계자 간담회 식사 제공 및 지출,18000,6205a7ed271791228c48c9964807116d857b3ff781342ea34b3d989ca980b6e1,sheet1:R17,,,
6205a7ed27179122-sheet1-R18,2026-02-25,daegu-dalseong,홍보협력과,장군소머리곰탕,군정홍보활동을 위한 언론관계자 간담회 식사 제공 및 지출,66000,6205a7ed271791228c48c9964807116d857b3ff781342ea34b3d989ca980b6e1,sheet1:R18,,,
a7f1ddee8a39a9a5-sheet1-R6,2026-02-12,daegu-dalseong,토지정보과,짬뽕전문 대흥이,지적업무 추진 관계자 식사 제공 및 지출,132000,a7f1ddee8a39a9a508474db9a6dd4a1a1c7ee474a769073898c635ad5882f0e2,sheet1:R6,,,
a801fe563bef0bfc-sheet1-R6,2026-02-05,daegu-dalseong,산림과,우성,산불 업무 관계자 간담회 실시 및 식사 제공,63000,a801fe563bef0bfc89383aa710aab50fd280eac85c32b68ea85b82a2915651b5,sheet1:R6,,,
a801fe563bef0bfc-sheet1-R7,2026-02-11,daegu-dalseong,산림과,달성군청,산림욕장 사업 추진 관계자 식사 제공 및 지출,75000,a801fe563bef0bfc89383aa710aab50fd280eac85c32b68ea85b82a2915651b5,sheet1:R7,,,
a801fe563bef0bfc-sheet1-R8,2026-02-13,daegu-dalseong,산림과,동궁찜닭,산림정책 업무 관계자 간담회 실시 및 식사 제공,166000,a801fe563bef0bfc89383aa710aab50fd280eac85c32b68ea85b82a2915651b5,sheet1:R8,,,
a801fe563bef0bfc-sheet1-R9,2026-02-25,daegu-dalseong,산림과,옹심이칼국수,소나무재선충 업무 관계자 간담회 실시 및 식사제공,253000,a801fe563bef0bfc89383aa710aab50fd280eac85c32b68ea85b82a2915651b5,sheet1:R9,,,
15cf6d6f9d132336-sheet1-R6,2026-02-09,daegu-dalseong,도시공원과,최고집,"공원 조성 추진 관계자 간담회 식사, 다과 제공 및 지출",260000,15cf6d6f9d1323369713b11fc8dd2353e7440ce268b7909caaeb33b0525a881f,sheet1:R6,,,
15cf6d6f9d132336-sheet1-R7,2026-02-09,daegu-dalseong,도시공원과,이디야커피대구시청점,"공원 조성 추진 관계자 간담회 식사, 다과 제공 및 지출",32800,15cf6d6f9d1323369713b11fc8dd2353e7440ce268b7909caaeb33b0525a881f,sheet1:R7,,,
15cf6d6f9d132336-sheet1-R8,2026-02-19,daegu-dalseong,도시공원과,송해공원연지담,"조경사업 업무 추진 관계자 간담회 식사, 다과 제공 및 지출",94000,15cf6d6f9d1323369713b11fc8dd2353e7440ce268b7909caaeb33b0525a881f,sheet1:R8,,,
15cf6d6f9d132336-sheet1-R9,2026-02-20,daegu-dalseong,도시공원과,달성군청,정원조성 업무 추진 관계자 다과 제공 및 지출,44500,15cf6d6f9d1323369713b11fc8dd2353e7440ce268b7909caaeb33b0525a881f,sheet1:R9,,,
06777d8dc036beff-sheet1-R7,2026-02-05,daegu-dalseong,징수과,전통할매국밥,납세 편의 시책 홍보에 따른 관계자 급식 제공,60000,06777d8dc036beff40b68e888dd28428f6595e188b6a28f78b1caedffe136435,sheet1:R7,,,
06777d8dc036beff-sheet1-R8,2026-02-05,daegu-dalseong,징수과,포레스트 헤리티지,납세 편의 시책 홍보에 따른 관계자 급식 제공,24300,06777d8dc036beff40b68e888dd28428f6595e188b6a28f78b1caedffe136435,sheet1:R8,,,
06777d8dc036beff-sheet1-R9,2026-02-13,daegu-dalseong,징수과,비슬한우식육식당,지방세 체납 관리단 구성 준비에 따른 간담회 개최,249000,06777d8dc036beff40b68e888dd28428f6595e188b6a28f78b1caedffe136435,sheet1:R9,,,
a0051c5be0cf76e8-sheet1-R6,2026-02-02,daegu-dalseong,건설과,숲과오리,재난 업무 관계자 식사 제공 및 지출,323100,a0051c5be0cf76e8fd4f7dd81757c4eec23fdace836883580d45eb13f5f2d8e4,sheet1:R6,,,
a0051c5be0cf76e8-sheet1-R7,2026-02-09,daegu-dalseong,건설과,이지피쥐,도시디자인 업무 관계자 제공 및 지출,282500,a0051c5be0cf76e8fd4f7dd81757c4eec23fdace836883580d45eb13f5f2d8e4,sheet1:R7,,,
a0051c5be0cf76e8-sheet1-R8,2026-02-20,daegu-dalseong,건설과,홍물회,주택건설사업 업무 관련 식사제공 및 지출,89500,a0051c5be0cf76e8fd4f7dd81757c4eec23fdace836883580d45eb13f5f2d8e4,sheet1:R8,,,
a0051c5be0cf76e8-sheet1-R9,2026-02-27,daegu-dalseong,건설과,합천식육식당,도로정비사업 관계자 식사제공 및 지출,245000,a0051c5be0cf76e8fd4f7dd81757c4eec23fdace836883580d45eb13f5f2d8e4,sheet1:R9,,,
22baa8848359f3a8-sheet1-R6,2026-02-04,daegu-dalseong,건설과,팔도궁중찜닭,도로정비사업 관계자 식사제공 및 지출,66000,22baa8848359f3a8132fb48b6960bc10560a136185fbd26eaac77f35e852faf4,sheet1:R6,,,
22baa8848359f3a8-sheet1-R7,2026-02-05,daegu-dalseong,건설과,강림추어탕,도로보상업무 관계자 식사제공 및 지출,66000,22baa8848359f3a8132fb48b6960bc10560a136185fbd26eaac77f35e852faf4,sheet1:R7,,,
22baa8848359f3a8-sheet1-R8,2026-02-06,daegu-dalseong,건설과,옥포식당,인도정비공사 사업관계자 식사제공 및 지출,147000,22baa8848359f3a8132fb48b6960bc10560a136185fbd26eaac77f35e852faf4,sheet1:R8,,,
22baa8848359f3a8-sheet1-R9,2026-02-11,daegu-dalseong,건설과,서순자 손수제비,도로관리사업 관계자 식사제공 및 지출,155000,22baa8848359f3a8132fb48b6960bc10560a136185fbd26eaac77f35e852faf4,sheet1:R9,,,
2c2662d46fa7cca9-sheet1-R6,2026-02-05,daegu-dalseong,생활보장과,비비가,희망찾기 가족사랑 여행 업무 관계자 식사 제공 및 지출,31000,2c2662d46fa7cca931053fc53ba470dc6d09dca6a548178568c9119bdfde1e29,sheet1:R6,,,
2c2662d46fa7cca9-sheet1-R7,2026-02-09,daegu-dalseong,생활보장과,돌쇠 미나리,자활사업 업무관계자 식사제공 및 지출,186500,2c2662d46fa7cca931053fc53ba470dc6d09dca6a548178568c9119bdfde1e29,sheet1:R7,,,
2c2662d46fa7cca9-sheet1-R8,2026-02-11,daegu-dalseong,생활보장과,달빛에구운고등어,생활보장 업무 관계자 식사제공 및 지출,51000,2c2662d46fa7cca931053fc53ba470dc6d09dca6a548178568c9119bdfde1e29,sheet1:R8,,,
2c2662d46fa7cca9-sheet1-R14,2026-02-10,daegu-dalseong,생활보장과,대박소양곰탕,생활보장과 직원 격려 음료 및 급식 제공 및 지출,300000,2c2662d46fa7cca931053fc53ba470dc6d09dca6a548178568c9119bdfde1e29,sheet1:R14,,,
2c2662d46fa7cca9-sheet1-R15,2026-02-10,daegu-dalseong,생활보장과,딜라이트,생활보장과 직원 격려 음료 및 급식 제공 및 지출,31100,2c2662d46fa7cca931053fc53ba470dc6d09dca6a548178568c9119bdfde1e29,sheet1:R15,,,
2c2662d46fa7cca9-sheet1-R16,2026-02-20,daegu-dalseong,생활보장과,오데뜨 송해공원점,생활보장과 직원 격려 급식 및 음료제공 및 지출,104000,2c2662d46fa7cca931053fc53ba470dc6d09dca6a548178568c9119bdfde1e29,sheet1:R16,,,
2c2662d46fa7cca9-sheet1-R17,2026-02-20,daegu-dalseong,생활보장과,딜라이트,생활보장과 직원 격려 급식 및 음료제공 및 지출,15000,2c2662d46fa7cca931053fc53ba470dc6d09dca6a548178568c9119bdfde1e29,sheet1:R17,,,
08d68a6956d5683c-sheet1-R6,2026-02-10,daegu-dalseong,옥포읍,한가네왕소금구이,유관기관 업무 협의에 따른 참석자 식사제공 및 지출,300000,08d68a6956d5683cf4e6bbcd3d829c2b244df6a44a9a3cc3b34283b0b456b229,sheet1:R6,,,
08d68a6956d5683c-sheet1-R7,2026-02-19,daegu-dalseong,옥포읍,육대식쪽갈비숯불닭갈비,유관기관 업무 협의에 따른 참석자 식사제공 및 지출,78000,08d68a6956d5683cf4e6bbcd3d829c2b244df6a44a9a3cc3b34283b0b456b229,sheet1:R7,,,
08d68a6956d5683c-sheet1-R12,2026-02-04,daegu-dalseong,옥포읍,모모한우진갈비,시책업무 추진 간담회 개최에 따른 식사제공 및 지출,200000,08d68a6956d5683cf4e6bbcd3d829c2b244df6a44a9a3cc3b34283b0b456b229,sheet1:R12,,,
08d68a6956d5683c-sheet1-R13,2026-02-11,daegu-dalseong,옥포읍,명곡뒷고기막창,시책업무 추진 간담회 개최에 따른 식사제공 및 지출,273000,08d68a6956d5683cf4e6bbcd3d829c2b244df6a44a9a3cc3b34283b0b456b229,sheet1:R13,,,
08d68a6956d5683c-sheet1-R14,2026-02-25,daegu-dalseong,옥포읍,풍천민물장어명가,시책업무 추진 간담회 개최에 따른 식사제공 및 지출,178000,08d68a6956d5683cf4e6bbcd3d829c2b244df6a44a9a3cc3b34283b0b456b229,sheet1:R14,,,
25fe3e7c0d6dc629-sheet1-R6,2026-02-13,daegu-dalseong,하수하천과,연화정 삼계탕,하수하천과 업무추진 관계자 식사 제공 및 지출,340000,25fe3e7c0d6dc629525e384e5c447195358d655c2e0b14621adde1368854a590,sheet1:R6,,,
2bd23165b11c1c17-sheet1-R6,2026-01-16,daegu-dalseong,토지정보과,교촌치킨 진천점,"지적업무추진관계자 식사, 다과 제공 및 지출",111000,2bd23165b11c1c174a4f21f4492de43037bce2a8583751e250aa3b08ef0d9278,sheet1:R6,,,
2bd23165b11c1c17-sheet1-R7,2026-01-16,daegu-dalseong,토지정보과,스타벅스 코리아,"지적업무추진관계자 식사, 다과 제공 및 지출",43800,2bd23165b11c1c174a4f21f4492de43037bce2a8583751e250aa3b08ef0d9278,sheet1:R7,,,
d9bf9c6c62e8ed8d-sheet1-R7,2026-01-02,daegu-dalseong,총무과,짬뽕전문 대흥이,청사 보안업무 관계자 식사 제공,152500,d9bf9c6c62e8ed8df06800254b63b9282e5c2a205cee5b7931ce8d5efa350c7a,sheet1:R7,,,
d9bf9c6c62e8ed8d-sheet1-R8,2026-01-05,daegu-dalseong,총무과,대일농장한우전문식당,2026년 신년인사회 추진관계자 식사 제공,146000,d9bf9c6c62e8ed8df06800254b63b9282e5c2a205cee5b7931ce8d5efa350c7a,sheet1:R8,,,
d9bf9c6c62e8ed8d-sheet1-R9,2026-01-06,daegu-dalseong,총무과,고령촌돼지찌개,2026년 신년인사회 추진 관계자 식사 제공,22000,d9bf9c6c62e8ed8df06800254b63b9282e5c2a205cee5b7931ce8d5efa350c7a,sheet1:R9,,,
d9bf9c6c62e8ed8d-sheet1-R10,2026-01-15,daegu-dalseong,총무과,무브먼트 커피로스터스,군민 표창 수여 관계자 식사 제공,22500,d9bf9c6c62e8ed8df06800254b63b9282e5c2a205cee5b7931ce8d5efa350c7a,sheet1:R10,,,
d9bf9c6c62e8ed8d-sheet1-R11,2026-01-21,daegu-dalseong,총무과,투썸플레이스,청사 보안업무 관계자 식사 제공,23500,d9bf9c6c62e8ed8df06800254b63b9282e5c2a205cee5b7931ce8d5efa350c7a,sheet1:R11,,,
d9bf9c6c62e8ed8d-sheet1-R13,2026-01-23,daegu-dalseong,총무과,안동뒷고기리저브,구내식당운영관계자 식사 제공,195000,d9bf9c6c62e8ed8df06800254b63b9282e5c2a205cee5b7931ce8d5efa350c7a,sheet1:R13,,,
5c59e5115a6b4061-sheet1-R6,2026-01-20,daegu-dalseong,총무과,풍국면,세무과 인사이동 직원 격려 식사 제공,49000,5c59e5115a6b4061032209c874731bba69478be61efac20611bc8839685bbb8d,sheet1:R6,,,
5c59e5115a6b4061-sheet1-R11,2026-01-02,daegu-dalseong,총무과,연화정,2026년 달성군 시무식 준비 관계자 식사 제공,117000,5c59e5115a6b4061032209c874731bba69478be61efac20611bc8839685bbb8d,sheet1:R11,,,
5c59e5115a6b4061-sheet1-R12,2026-01-08,daegu-dalseong,총무과,강림추어탕,회계업무 추진 관계자 식사 제공,46000,5c59e5115a6b4061032209c874731bba69478be61efac20611bc8839685bbb8d,sheet1:R12,,,
5c59e5115a6b4061-sheet1-R13,2026-01-09,daegu-dalseong,총무과,울엄마손메밀묵,공유재산관리 관계자 식사 제공,77000,5c59e5115a6b4061032209c874731bba69478be61efac20611bc8839685bbb8d,sheet1:R13,,,
5c59e5115a6b4061-sheet1-R14,2026-01-13,daegu-dalseong,총무과,대박소양곰탕/이디야커피,"민원공무원 보호강화 대책 추진 관계자 식사, 다과 제공",97400,5c59e5115a6b4061032209c874731bba69478be61efac20611bc8839685bbb8d,sheet1:R14,,,
5c59e5115a6b4061-sheet1-R15,2026-01-14,daegu-dalseong,총무과,닭한마리 행복한집,건축허가 민원 업무 관계자 식사 제공,58000,5c59e5115a6b4061032209c874731bba69478be61efac20611bc8839685bbb8d,sheet1:R15,,,
5c59e5115a6b4061-sheet1-R16,2026-01-16,daegu-dalseong,총무과,강나들이,공무원 교육업무 관계자 식사 제공,112000,5c59e5115a6b4061032209c874731bba69478be61efac20611bc8839685bbb8d,sheet1:R16,,,
5c59e5115a6b4061-sheet1-R17,2026-01-19,daegu-dalseong,총무과,강림추어탕,구내식당 운영 관계자 식사 제공,95000,5c59e5115a6b4061032209c874731bba69478be61efac20611bc8839685bbb8d,sheet1:R17,,,
5c59e5115a6b4061-sheet1-R18,2026-01-21,daegu-dalseong,총무과,일월정 토속한정식,통합관계센터 운영에 따른 관계자 식사 제공,210000,5c59e5115a6b4061032209c874731bba69478be61efac20611bc8839685bbb8d,sheet1:R18,,,
5c59e5115a6b4061-sheet1-R19,2026-01-26,daegu-dalseong,총무과,동해칼치곤드레,2025회계연도 결산업무 추진 관계자 식사 제공,71000,5c59e5115a6b4061032209c874731bba69478be61efac20611bc8839685bbb8d,sheet1:R19,,,
5c59e5115a6b4061-sheet1-R20,2026-01-28,daegu-dalseong,총무과,일송정/마지카운티,"건축허가 민원 업무 관계자 식사, 다과 제공",51000,5c59e5115a6b4061032209c874731bba69478be61efac20611bc8839685bbb8d,sheet1:R20,,,
139773c2a1a9fd91-sheet1-R6,2026-01-15,daegu-dalseong,도시정책과,적의처,경관개선사업 추진 관계자 식사 제공 및 지출,167170,139773c2a1a9fd91e6f4bd14e8ede6eeb97b123e7e81579e38214f523d8d6e58,sheet1:R6,,,
139773c2a1a9fd91-sheet1-R7,2026-01-26,daegu-dalseong,도시정책과,적의처,논공 다다촌 특화거리 조성사업 추진 관계자 다과 제공 및 지출,16300,139773c2a1a9fd91e6f4bd14e8ede6eeb97b123e7e81579e38214f523d8d6e58,sheet1:R7,,,
139773c2a1a9fd91-sheet1-R8,2026-01-27,daegu-dalseong,도시정책과,적의처,설화리 도시재생사업 추진 관계자 식사 제공 및 지출,63000,139773c2a1a9fd91e6f4bd14e8ede6eeb97b123e7e81579e38214f523d8d6e58,sheet1:R8,,,
7b5a793b7781acea-sheet1-R6,2026-01-05,daegu-dalseong,건설과,서남왕족발,도시계획도로사업 관계자 식사제공 및 지출,190000,7b5a793b7781aceadf4b829de7459e502ea24466c21c9a433f434306f787f307,sheet1:R6,,,
7b5a793b7781acea-sheet1-R7,2026-01-06,daegu-dalseong,건설과,옥포식품,농업시설 관계자 식사제공 및 지출,144000,7b5a793b7781aceadf4b829de7459e502ea24466c21c9a433f434306f787f307,sheet1:R7,,,
7b5a793b7781acea-sheet1-R8,2026-01-09,daegu-dalseong,건설과,연화정 삼계탕,하천관리 업무 관계자 식사제공 및 지출,136000,7b5a793b7781aceadf4b829de7459e502ea24466c21c9a433f434306f787f307,sheet1:R8,,,
7b5a793b7781acea-sheet1-R9,2026-01-14,daegu-dalseong,건설과,마루야,도시디자인 업무 관계자 제공 및 지출,107000,7b5a793b7781aceadf4b829de7459e502ea24466c21c9a433f434306f787f307,sheet1:R9,,,
7b5a793b7781acea-sheet1-R10,2026-01-23,daegu-dalseong,건설과,벚꽃나들버섯집,도시계획도로사업 관계자 식사제공 및 지출,81000,7b5a793b7781aceadf4b829de7459e502ea24466c21c9a433f434306f787f307,sheet1:R10,,,
7b5a793b7781acea-sheet1-R11,2026-01-26,daegu-dalseong,건설과,벚꽃나들버섯집,재난관리평가 관계자 식사제공 및 지출,124000,7b5a793b7781aceadf4b829de7459e502ea24466c21c9a433f434306f787f307,sheet1:R11,,,
7e18c275e887f17d-sheet1-R6,2026-01-02,daegu-dalseong,건설과,대박소양곰탕,도시계획도로사업 관계자 식사제공 및 지출,235000,7e18c275e887f17d001e1f14f0b39b49bf8c6fe810419f0e36c84551a23bc530,sheet1:R6,,,
7e18c275e887f17d-sheet1-R7,2026-01-08,daegu-dalseong,건설과,진이네 밥상,도로정비사업 관계자 식사제공 및 지출,58000,7e18c275e887f17d001e1f14f0b39b49bf8c6fe810419f0e36c84551a23bc530,sheet1:R7,,,
7e18c275e887f17d-sheet1-R8,2026-01-19,daegu-dalseong,건설과,강나들이,도로보상업무 관계자 식사제공 및 지출,173000,7e18c275e887f17d001e1f14f0b39b49bf8c6fe810419f0e36c84551a23bc530,sheet1:R8,,,
7e18c275e887f17d-sheet1-R9,2026-01-21,daegu-dalseong,건설과,돈까스클럽,도로관리사업 관계자 식사제공 및 지출,71900,7e18c275e887f17d001e1f14f0b39b49bf8c6fe810419f0e36c84551a23bc530,sheet1:R9,,,
7e18c275e887f17d-sheet1-R10,2026-01-27,daegu-dalseong,건설과,진이네 밥상,인도정비공사 사업관계자 식사제공 및 지출,58000,7e18c275e887f17d001e1f14f0b39b49bf8c6fe810419f0e36c84551a23bc530,sheet1:R10,,,
7e18c275e887f17d-sheet1-R11,2026-01-29,daegu-dalseong,건설과,행복이머무는집,도시계획도로사업 관계자 식사제공 및 지출,106000,7e18c275e887f17d001e1f14f0b39b49bf8c6fe810419f0e36c84551a23bc530,sheet1:R11,,,
7e18c275e887f17d-sheet1-R12,2026-01-30,daegu-dalseong,건설과,다원천연갈비,도시계획도로사업 관계자 식사제공 및 지출,300000,7e18c275e887f17d001e1f14f0b39b49bf8c6fe810419f0e36c84551a23bc530,sheet1:R12,,,
5926bcf25ece2b0e-sheet1-R7,2026-01-12,daegu-dalseong,정보통신과,강림추어탕,사이버보안 시스템 업무추진 관계자 식사제공 및 지출,27000,5926bcf25ece2b0ed0e1f950acbd86f6f12302bd7f5c2b19a53cf2be8437dcef,sheet1:R7,,,
5926bcf25ece2b0e-sheet1-R8,2026-01-14,daegu-dalseong,정보통신과,장군소머리곰탕,공공데이터 업무추진 관계자 식사제공 및 지출,30000,5926bcf25ece2b0ed0e1f950acbd86f6f12302bd7f5c2b19a53cf2be8437dcef,sheet1:R8,,,
5926bcf25ece2b0e-sheet1-R9,2026-01-22,daegu-dalseong,정보통신과,강림추어탕,정보통신네트워크 시스템 업무추진 관계자 식사 제공 및 지출,27000,5926bcf25ece2b0ed0e1f950acbd86f6f12302bd7f5c2b19a53cf2be8437dcef,sheet1:R9,,,
5926bcf25ece2b0e-sheet1-R10,2026-01-23,daegu-dalseong,정보통신과,동해칼치곤드레,CCTV통합관제시스템 유지보수 관계자 간담회 및 식사 제공,80000,5926bcf25ece2b0ed0e1f950acbd86f6f12302bd7f5c2b19a53cf2be8437dcef,sheet1:R10,,,
5926bcf25ece2b0e-sheet1-R11,2026-01-30,daegu-dalseong,정보통신과,동해칼치곤드레,행정정보망 유지보수 업무추진 관계자 식사제공 및 지출,36000,5926bcf25ece2b0ed0e1f950acbd86f6f12302bd7f5c2b19a53cf2be8437dcef,sheet1:R11,,,
f01fd05410dbfd4a-sheet1-R6,2026-01-12,daegu-dalseong,도시공원과,부산식당,"녹지업무 추진 관계자 간담회 식사, 다과 제공 및 지출",226000,f01fd05410dbfd4a00491db14fb43bc25c6c7d3ee0daae5ceae4935b48708530,sheet1:R6,,,
f01fd05410dbfd4a-sheet1-R7,2026-01-12,daegu-dalseong,도시공원과,마지카운티,"녹지업무 추진 관계자 간담회 식사, 다과 제공 및 지출",64100,f01fd05410dbfd4a00491db14fb43bc25c6c7d3ee0daae5ceae4935b48708530,sheet1:R7,,,
f01fd05410dbfd4a-sheet1-R8,2026-01-14,daegu-dalseong,도시공원과,싱싱회포차,정원 관련 업무 추진 관계자 간담회 실시 및 식사제공,168000,f01fd05410dbfd4a00491db14fb43bc25c6c7d3ee0daae5ceae4935b48708530,sheet1:R8,,,
6b0a578ea399e82f-sheet1-R5,2026-01-02,daegu-dalseong,경제산업과,돈구이,원스톱 기업지원 활성화 추진 관계자 식사 제공 및 지출,54000,6b0a578ea399e82faffceed0ec3c26963b6d5afa1ebb70933c2d02f25511cd1c,sheet1:R5,,,
6b0a578ea399e82f-sheet1-R6,2026-01-07,daegu-dalseong,경제산업과,늘웃소,소상공인 경영안정자금 지원사업 관계자 식사 제공 및 지출,37000,6b0a578ea399e82faffceed0ec3c26963b6d5afa1ebb70933c2d02f25511cd1c,sheet1:R6,,,
6b0a578ea399e82f-sheet1-R7,2026-01-15,daegu-dalseong,경제산업과,길안어탕 고디탕,전통시장 활성화를 위한 현장 방문에 따른 관계자 식사 제공 및 지출,37000,6b0a578ea399e82faffceed0ec3c26963b6d5afa1ebb70933c2d02f25511cd1c,sheet1:R7,,,
6b0a578ea399e82f-sheet1-R8,2026-01-20,daegu-dalseong,경제산업과,송해공원 연지담,기업지원 업무 협의에 따른 관계자 식사 제공 및 지출,57000,6b0a578ea399e82faffceed0ec3c26963b6d5afa1ebb70933c2d02f25511cd1c,sheet1:R8,,,
6b0a578ea399e82f-sheet1-R9,2026-01-23,daegu-dalseong,경제산업과,강나들이,지역경제 활성화 추진 관계자 식사 제공 및 지출,70000,6b0a578ea399e82faffceed0ec3c26963b6d5afa1ebb70933c2d02f25511cd1c,sheet1:R9,,,
6b0a578ea399e82f-sheet1-R10,2026-01-29,daegu-dalseong,경제산업과,울엄마손메밀묵,원스톱 기업지원 추진 관계자 식사 제공 및 지출,52000,6b0a578ea399e82faffceed0ec3c26963b6d5afa1ebb70933c2d02f25511cd1c,sheet1:R10,,,
81ee61018ef257db-sheet1-R6,2026-01-16,daegu-dalseong,경제산업과,개인(성명 비공개),소속 직원 조의금 지출,50000,81ee61018ef257dbb3ecdf4810c1201c7593e3322f4fd7ce03816f12e3af285f,sheet1:R6,,,
81ee61018ef257db-sheet1-R7,2026-01-19,daegu-dalseong,경제산업과,개인(성명 비공개),소속 직원 조의금 지출,50000,81ee61018ef257dbb3ecdf4810c1201c7593e3322f4fd7ce03816f12e3af285f,sheet1:R7,,,
81ee61018ef257db-sheet1-R8,2026-01-28,daegu-dalseong,경제산업과,개인(성명 비공개),소속 직원 축의금 지출,50000,81ee61018ef257dbb3ecdf4810c1201c7593e3322f4fd7ce03816f12e3af285f,sheet1:R8,,,
81ee61018ef257db-sheet1-R13,2026-01-06,daegu-dalseong,경제산업과,풍국면 달성군청점,전통시장 활성화 추진 관계자 식사 제공 및 지출,69000,81ee61018ef257dbb3ecdf4810c1201c7593e3322f4fd7ce03816f12e3af285f,sheet1:R13,,,
81ee61018ef257db-sheet1-R14,2026-01-09,daegu-dalseong,경제산업과,이디야커피 대구금포점,소상공인 경영안정자금 지원사업 추진 관계자 다과 제공 및 지출,23000,81ee61018ef257dbb3ecdf4810c1201c7593e3322f4fd7ce03816f12e3af285f,sheet1:R14,,,
81ee61018ef257db-sheet1-R15,2026-01-12,daegu-dalseong,경제산업과,강림추어탕,"환경업무 협의에 따른 관계자 식사,다과 제공 및 지출",76000,81ee61018ef257dbb3ecdf4810c1201c7593e3322f4fd7ce03816f12e3af285f,sheet1:R15,,,
81ee61018ef257db-sheet1-R16,2026-01-13,daegu-dalseong,경제산업과,양화식당,교통행정 업무 추진 관계자 식사 제공 및 지출,40000,81ee61018ef257dbb3ecdf4810c1201c7593e3322f4fd7ce03816f12e3af285f,sheet1:R16,,,
81ee61018ef257db-sheet1-R17,2026-01-14,daegu-dalseong,경제산업과,벚꽃나들버섯집,달성 화물자동차 공영차고지 조성공사 관계자 식사 제공 및 지출,51000,81ee61018ef257dbb3ecdf4810c1201c7593e3322f4fd7ce03816f12e3af285f,sheet1:R17,,,
81ee61018ef257db-sheet1-R18,2026-01-15,daegu-dalseong,경제산업과,짬뽕전문 대흥이,농정업무 협의에 따른 관계자 식사 제공 및 지출,70000,81ee61018ef257dbb3ecdf4810c1201c7593e3322f4fd7ce03816f12e3af285f,sheet1:R18,,,
81ee61018ef257db-sheet1-R19,2026-01-16,daegu-dalseong,경제산업과,산얼면옥,지역경제 활성화 업무추진 관계자 식사 제공 및 지출,128000,81ee61018ef257dbb3ecdf4810c1201c7593e3322f4fd7ce03816f12e3af285f,sheet1:R19,,,
81ee61018ef257db-sheet1-R20,2026-01-19,daegu-dalseong,경제산업과,이로정,전통시장 활성화 추진 관계자 식사 제공 및 지출,93000,81ee61018ef257dbb3ecdf4810c1201c7593e3322f4fd7ce03816f12e3af285f,sheet1:R20,,,
81ee61018ef257db-sheet1-R21,2026-01-20,daegu-dalseong,경제산업과,강림추어탕,청소자원 업무 추진 관계자 식사 제공 및 지출,47000,81ee61018ef257dbb3ecdf4810c1201c7593e3322f4fd7ce03816f12e3af285f,sheet1:R21,,,
81ee61018ef257db-sheet1-R22,2026-01-23,daegu-dalseong,경제산업과,장군소머리곰탕,환경 업무 추진 관계자 식사 제공 밎 지출,66000,81ee61018ef257dbb3ecdf4810c1201c7593e3322f4fd7ce03816f12e3af285f,sheet1:R22,,,
81ee61018ef257db-sheet1-R23,2026-01-26,daegu-dalseong,경제산업과,강림추어탕,농정업무 협의에 따른 관계자 식사 제공 및 지출,85000,81ee61018ef257dbb3ecdf4810c1201c7593e3322f4fd7ce03816f12e3af285f,sheet1:R23,,,
81ee61018ef257db-sheet1-R24,2026-01-27,daegu-dalseong,경제산업과,부산진국밥,마을공동주차장 업무 추진 관계자 식사 제공 및 지출,26500,81ee61018ef257dbb3ecdf4810c1201c7593e3322f4fd7ce03816f12e3af285f,sheet1:R24,,,
81ee61018ef257db-sheet1-R25,2026-01-30,daegu-dalseong,경제산업과,짬뽕전문 대흥이,교통행정 업무 추진 관계자 식사 제공 및 지출,18000,81ee61018ef257dbb3ecdf4810c1201c7593e3322f4fd7ce03816f12e3af285f,sheet1:R25,,,
a77c856538b5a16a-sheet1-R6,2026-01-02,daegu-dalseong,산림과,풍국면,목조전망대 업무 관계자 간담회 실시 및 식사 제공,163000,a77c856538b5a16abf3981a121a5ca75cb01ab8f246a26bfc25c14194e23dd5f,sheet1:R6,,,
a77c856538b5a16a-sheet1-R7,2026-01-07,daegu-dalseong,산림과,부산진국밥,등산로 조성사업 추진 관계자 식사 제공 및 지출,53000,a77c856538b5a16abf3981a121a5ca75cb01ab8f246a26bfc25c14194e23dd5f,sheet1:R7,,,
a77c856538b5a16a-sheet1-R8,2026-01-12,daegu-dalseong,산림과,어울림만두전골,소나무재선충 업무 관계자 간담회 실시 및 식사 제공,100000,a77c856538b5a16abf3981a121a5ca75cb01ab8f246a26bfc25c14194e23dd5f,sheet1:R8,,,
a77c856538b5a16a-sheet1-R9,2026-01-13,daegu-dalseong,산림과,곤지곤지,유아숲체험원 사업 추진 관계자 식사 제공 및 지출,48000,a77c856538b5a16abf3981a121a5ca75cb01ab8f246a26bfc25c14194e23dd5f,sheet1:R9,,,
a77c856538b5a16a-sheet1-R10,2026-01-21,daegu-dalseong,산림과,대흥이,보호수 사업 추진 관계자 식사 제공 및 지출,80000,a77c856538b5a16abf3981a121a5ca75cb01ab8f246a26bfc25c14194e23dd5f,sheet1:R10,,,
5f37124a4ca17023-sheet1-R7,2026-01-07,daegu-dalseong,기획예산과,장군소머리곰탕,주요 전략사업 추진을 위한 관계자 간담회 식사제공 및 지출,162000,5f37124a4ca170233984d359b0065b0d7bd195c092a1d04c07c34f33dbff4487,sheet1:R7,,,
5f37124a4ca17023-sheet1-R8,2026-01-08,daegu-dalseong,기획예산과,옛날국수집,군 주요업무 추진을 위한 사업관계자 간담회 식사제공 및 지출,58300,5f37124a4ca170233984d359b0065b0d7bd195c092a1d04c07c34f33dbff4487,sheet1:R8,,,
5f37124a4ca17023-sheet1-R9,2026-01-14,daegu-dalseong,기획예산과,연화식당,군정현안 논의를 위한 사업관계자 간담회 식사 제공 및 지출,85000,5f37124a4ca170233984d359b0065b0d7bd195c092a1d04c07c34f33dbff4487,sheet1:R9,,,
5f37124a4ca17023-sheet1-R10,2026-01-15,daegu-dalseong,기획예산과,부산진국밥,달성 농어촌관광휴양단지 개발사업 추진 관계자 간담회 식사제공 및 지출,122500,5f37124a4ca170233984d359b0065b0d7bd195c092a1d04c07c34f33dbff4487,sheet1:R10,,,
5f37124a4ca17023-sheet1-R11,2026-01-21,daegu-dalseong,기획예산과,대흥이,군정 기획업무 추진을 위한 사업관계자 간담회 식사제공 및 지출,139000,5f37124a4ca170233984d359b0065b0d7bd195c092a1d04c07c34f33dbff4487,sheet1:R11,,,
5f37124a4ca17023-sheet1-R12,2026-01-22,daegu-dalseong,기획예산과,와촌본가,군 주요 추진사업 협의를 위한 관계자 간담회 식사제공 및 지출,71000,5f37124a4ca170233984d359b0065b0d7bd195c092a1d04c07c34f33dbff4487,sheet1:R12,,,
5f37124a4ca17023-sheet1-R13,2026-01-23,daegu-dalseong,기획예산과,삼천포해물탕,정책사업 주요 사업장 점검 관계자 간담회 식사제공 및 지출,128000,5f37124a4ca170233984d359b0065b0d7bd195c092a1d04c07c34f33dbff4487,sheet1:R13,,,
5f37124a4ca17023-sheet1-R14,2026-01-26,daegu-dalseong,기획예산과,성서한옥집 김치찜,지역전략사업 추진 관계자 간담회 식사제공 및 지출,45000,5f37124a4ca170233984d359b0065b0d7bd195c092a1d04c07c34f33dbff4487,sheet1:R14,,,
5f37124a4ca17023-sheet1-R15,2026-01-28,daegu-dalseong,기획예산과,부산진국밥,군정현안 논의를 위한 사업관계자 간담회 식사제공 및 지출,55500,5f37124a4ca170233984d359b0065b0d7bd195c092a1d04c07c34f33dbff4487,sheet1:R15,,,
302b166c111f5a18-sheet1-R8,2026-01-09,daegu-dalseong,기획예산과,권금숙의 오대양산장어구이,군정현안 논의를 위한 사업관계자 식사 제공 및 지출,123000,302b166c111f5a183c35c1f47ff8e52c5b0ae01cc9bbf8c841a46d5d3574538c,sheet1:R8,,,
302b166c111f5a18-sheet1-R9,2026-01-09,daegu-dalseong,기획예산과,오늘도족발에한잔,군 주요업무 추진을 위한 사업관계자 간담회 식사제공 및 지출,121000,302b166c111f5a183c35c1f47ff8e52c5b0ae01cc9bbf8c841a46d5d3574538c,sheet1:R9,,,
302b166c111f5a18-sheet1-R10,2026-01-12,daegu-dalseong,기획예산과,늘읏소,군정현안 논의를 위한 사업관계자 식사 제공 및 지출,245000,302b166c111f5a183c35c1f47ff8e52c5b0ae01cc9bbf8c841a46d5d3574538c,sheet1:R10,,,
302b166c111f5a18-sheet1-R11,2026-01-13,daegu-dalseong,기획예산과,삼천포해물탕,공간조성 사업 관계자 식사 제공 및 지출,165000,302b166c111f5a183c35c1f47ff8e52c5b0ae01cc9bbf8c841a46d5d3574538c,sheet1:R11,,,
302b166c111f5a18-sheet1-R12,2026-01-14,daegu-dalseong,기획예산과,뜨돈,도서관 어부추진 관계자 식사 제공 및 지출,48500,302b166c111f5a183c35c1f47ff8e52c5b0ae01cc9bbf8c841a46d5d3574538c,sheet1:R12,,,
302b166c111f5a18-sheet1-R13,2026-01-28,daegu-dalseong,기획예산과,보백관,군정 기획업무 추진을 위한 사업관계자 식사 제공 및 지출,37500,302b166c111f5a183c35c1f47ff8e52c5b0ae01cc9bbf8c841a46d5d3574538c,sheet1:R13,,,
302b166c111f5a18-sheet1-R14,2026-01-30,daegu-dalseong,기획예산과,비슬한우식육식당,교육협력 업무추진 관계자 식사 제공 및 지출,94000,302b166c111f5a183c35c1f47ff8e52c5b0ae01cc9bbf8c841a46d5d3574538c,sheet1:R14,,,
f397984464bfe518-sheet1-R6,2026-01-07,daegu-dalseong,생활보장과,대박소양곰탕,생활보장 업무 관계자 식사 및 음료제공 및 지출,24000,f397984464bfe518eeb6bed2bff03c8504bf77764fc727dadf09e426fe759409,sheet1:R6,,,
f397984464bfe518-sheet1-R7,2026-01-07,daegu-dalseong,생활보장과,투썸플레이스 대구달성군청점,생활보장 업무 관계자 식사 및 음료제공 및 지출,11400,f397984464bfe518eeb6bed2bff03c8504bf77764fc727dadf09e426fe759409,sheet1:R7,,,
f397984464bfe518-sheet1-R8,2026-01-15,daegu-dalseong,생활보장과,윤훈식 농가쌈밥 진천점,병원동행사업 업무 관계자 식사 제공 및 지출,45000,f397984464bfe518eeb6bed2bff03c8504bf77764fc727dadf09e426fe759409,sheet1:R8,,,
f397984464bfe518-sheet1-R9,2026-01-20,daegu-dalseong,생활보장과,딜라이트,취약계층지원 업무 관계자 음료제공 및 지출,14000,f397984464bfe518eeb6bed2bff03c8504bf77764fc727dadf09e426fe759409,sheet1:R9,,,
f397984464bfe518-sheet1-R10,2026-01-22,daegu-dalseong,생활보장과,양화식당,생활보장 업무 관계자 식사제공 및 지출,32000,f397984464bfe518eeb6bed2bff03c8504bf77764fc727dadf09e426fe759409,sheet1:R10,,,
f397984464bfe518-sheet1-R16,2026-01-02,daegu-dalseong,생활보장과,던킨화원하나로점,생활보장과 직원 격려 간식제공 및 지출,62700,f397984464bfe518eeb6bed2bff03c8504bf77764fc727dadf09e426fe759409,sheet1:R16,,,
f397984464bfe518-sheet1-R17,2026-01-08,daegu-dalseong,생활보장과,마루야 송해공원,생활보장과 직원 격려 급식 및 음료제공 및 지출,126000,f397984464bfe518eeb6bed2bff03c8504bf77764fc727dadf09e426fe759409,sheet1:R17,,,
f397984464bfe518-sheet1-R18,2026-01-08,daegu-dalseong,생활보장과,딜라이트,생활보장과 직원 격려 급식 및 음료제공 및 지출,27900,f397984464bfe518eeb6bed2bff03c8504bf77764fc727dadf09e426fe759409,sheet1:R18,,,
f397984464bfe518-sheet1-R19,2026-01-26,daegu-dalseong,생활보장과,늘웃소,생활보장과 직원 격려 급식 및 음료제공 및 지출,62000,f397984464bfe518eeb6bed2bff03c8504bf77764fc727dadf09e426fe759409,sheet1:R19,,,
f397984464bfe518-sheet1-R20,2026-01-26,daegu-dalseong,생활보장과,딜라이트,생활보장과 직원 격려 급식 및 음료제공 및 지출,22700,f397984464bfe518eeb6bed2bff03c8504bf77764fc727dadf09e426fe759409,sheet1:R20,,,
d0d5f6337e8c004e-sheet1-R7,2026-01-13,daegu-dalseong,징수과,비비가,지방세 체납액 정리 및 징수율 제고 방안 마련 간담회 개최,148000,d0d5f6337e8c004e0b169368c1fa403a3883849139b22ecb30533c3ce67b19ed,sheet1:R7,,,
d0d5f6337e8c004e-sheet1-R8,2026-01-13,daegu-dalseong,징수과,누리,지방세 체납액 정리 및 징수율 제고 방안 마련 간담회 개최,22000,d0d5f6337e8c004e0b169368c1fa403a3883849139b22ecb30533c3ce67b19ed,sheet1:R8,,,
ce0cb95c25eb3a5d-sheet1-R7,2026-01-07,daegu-dalseong,홍보협력과,교동면옥,달성군 SNS 홍보콘텐츠 제작을 위한 업무관계자 간담회 식사 제공 및 지출,49000,ce0cb95c25eb3a5d00a777f99163e870d4993c83a6b607d9cca623d7bd415b87,sheet1:R7,,,
ce0cb95c25eb3a5d-sheet1-R8,2026-01-07,daegu-dalseong,홍보협력과,한라축산정육식당,지역 농산물 홍보 활성화를 위한 업무관계자 간담회 식사 제공 및 지출,78550,ce0cb95c25eb3a5d00a777f99163e870d4993c83a6b607d9cca623d7bd415b87,sheet1:R8,,,
ce0cb95c25eb3a5d-sheet1-R9,2026-01-07,daegu-dalseong,홍보협력과,구십이(92)번가,지역 농산물 홍보 활성화를 위한 업무관계자 간담회 식사 제공 및 지출,65000,ce0cb95c25eb3a5d00a777f99163e870d4993c83a6b607d9cca623d7bd415b87,sheet1:R9,,,
ce0cb95c25eb3a5d-sheet1-R10,2026-01-08,daegu-dalseong,홍보협력과,팔도궁중찜닭,군정홍보물 제작관련 업무회의 식사 제공 및 지출,76000,ce0cb95c25eb3a5d00a777f99163e870d4993c83a6b607d9cca623d7bd415b87,sheet1:R10,,,
ce0cb95c25eb3a5d-sheet1-R11,2026-01-12,daegu-dalseong,홍보협력과,김태희 여사의 찜,관광지 SNS 홍보 콘텐츠 제작을 위한 업무관계자 간담회 식사 제공 및 지출,118500,ce0cb95c25eb3a5d00a777f99163e870d4993c83a6b607d9cca623d7bd415b87,sheet1:R11,,,
ce0cb95c25eb3a5d-sheet1-R12,2026-01-13,daegu-dalseong,홍보협력과,뚜레쥬르 옥포점,군정홍보실 내방객 제공용 다과 구입 및 지출,34900,ce0cb95c25eb3a5d00a777f99163e870d4993c83a6b607d9cca623d7bd415b87,sheet1:R12,,,
ce0cb95c25eb3a5d-sheet1-R13,2026-01-20,daegu-dalseong,홍보협력과,이디야커피,군정 홍보활동을 위한 언론관계자 간담회 간식 제공 및 지출,70500,ce0cb95c25eb3a5d00a777f99163e870d4993c83a6b607d9cca623d7bd415b87,sheet1:R13,,,
ce0cb95c25eb3a5d-sheet1-R14,2026-01-21,daegu-dalseong,홍보협력과,땅사랑딸기잼농원,군정 소식 홍보 협조를 위한 언론관계자 간담회 간식 제공 및 지출,100000,ce0cb95c25eb3a5d00a777f99163e870d4993c83a6b607d9cca623d7bd415b87,sheet1:R14,,,
ce0cb95c25eb3a5d-sheet1-R15,2026-01-21,daegu-dalseong,홍보협력과,핸즈커피 옥포점,청년정책 홍보콘텐츠 제작을 위한 업무관계자 간담회 다과 제공 및 지출,27200,ce0cb95c25eb3a5d00a777f99163e870d4993c83a6b607d9cca623d7bd415b87,sheet1:R15,,,
ce0cb95c25eb3a5d-sheet1-R16,2026-01-23,daegu-dalseong,홍보협력과,시청해우리,정책홍보 웹툰 제작 추진을 위한 업무관계자 간담회 식사제공 및 지출,184000,ce0cb95c25eb3a5d00a777f99163e870d4993c83a6b607d9cca623d7bd415b87,sheet1:R16,,,
ce0cb95c25eb3a5d-sheet1-R17,2026-01-23,daegu-dalseong,홍보협력과,라우더팬트리,정책홍보 웹툰 제작 추진을 위한 업무관계자 간담회 식사제공 및 지출,38500,ce0cb95c25eb3a5d00a777f99163e870d4993c83a6b607d9cca623d7bd415b87,sheet1:R17,,,
ce0cb95c25eb3a5d-sheet1-R18,2026-01-26,daegu-dalseong,홍보협력과,나폴리언덕,언론보도 활성화를 위한 업무관계자 간담회 식사 제공 및 지출,99000,ce0cb95c25eb3a5d00a777f99163e870d4993c83a6b607d9cca623d7bd415b87,sheet1:R18,,,
ce0cb95c25eb3a5d-sheet1-R19,2026-01-27,daegu-dalseong,홍보협력과,홍물회,겨울관광 온라인 콘텐츠 제작을 위한 업무관계자 간담회 식사 제공 및 지출,115000,ce0cb95c25eb3a5d00a777f99163e870d4993c83a6b607d9cca623d7bd415b87,sheet1:R19,,,
6e24506fb338ea2f-sheet1-R6,2026-01-30,daegu-dalseong,하수하천과,다원천연갈비,하수하천과 업무추진 관계자 식사 제공 및 지출,350000,6e24506fb338ea2f9bb0dd91d0de65d55d81313fb5a5cc978cfad7ab7171b735,sheet1:R6,,,
ff0ac5e3038e63b2-sheet1-R7,2026-01-06,daegu-dalseong,미래공간과,와촌식당(현풍점),구지 복합문화센터 건립 사업 추진 관계자 간담회,142000,ff0ac5e3038e63b2df57c0778011d394ceef02ead511abe482f558a3c8207fdf,sheet1:R7,,,
ff0ac5e3038e63b2-sheet1-R8,2026-01-16,daegu-dalseong,미래공간과,고구려,화원 복합커뮤니티센터 건립공사 추진 관계자 간담회,70000,ff0ac5e3038e63b2df57c0778011d394ceef02ead511abe482f558a3c8207fdf,sheet1:R8,,,
ff0ac5e3038e63b2-sheet1-R9,2026-01-29,daegu-dalseong,미래공간과,석정복어,논공읍출장소 공공복합청사 건립 사업 추진 관계자 간담회,52000,ff0ac5e3038e63b2df57c0778011d394ceef02ead511abe482f558a3c8207fdf,sheet1:R9,,,
396380978996ee8c-sheet1-R8,2026-01-07,daegu-dalseong,옥포읍,송해공원 큰기와집,유관기관 업무 협의에 따른 참석자 식사제공 및 지출,193000,396380978996ee8c993a7b0c2207cd090afb5238c20c0bf2cecd735918511362,sheet1:R8,,,
396380978996ee8c-sheet1-R9,2026-01-12,daegu-dalseong,옥포읍,김태희 손국수식당,유관기관 업무 협의에 따른 참석자 식사제공 및 지출,71000,396380978996ee8c993a7b0c2207cd090afb5238c20c0bf2cecd735918511362,sheet1:R9,,,
396380978996ee8c-sheet1-R10,2026-01-14,daegu-dalseong,옥포읍,핸즈커피 송해공원점,유관기관 업무 협의에 따른 참석자 다과제공 및 지출,48100,396380978996ee8c993a7b0c2207cd090afb5238c20c0bf2cecd735918511362,sheet1:R10,,,
396380978996ee8c-sheet1-R11,2026-01-28,daegu-dalseong,옥포읍,옥포식품,직원격려 식사 제공 및 지출,96000,396380978996ee8c993a7b0c2207cd090afb5238c20c0bf2cecd735918511362,sheet1:R11,,,
