record_id,spent_on,organization,department,merchant,purpose,amount_krw,source_hash,source_location,repeats,expense_id,expense_amount_krw
bb658bb4711f3c17-sheet1-R4,2026-06-10,daejeon-dong,자치행정과,천사카페,소통마당 추진 성과 공유 및 참석 간부 격려,156900,bb658bb4711f3c173d3f544e5a744b062d74e0d98b8beb34b91723f2659f2f3f,sheet1:R4,,,
bb658bb4711f3c17-sheet1-R5,2026-06-11,daejeon-dong,자치행정과,더리스,퇴직준비교육 대상 직원 격려,532000,bb658bb4711f3c173d3f544e5a744b062d74e0d98b8beb34b91723f2659f2f3f,sheet1:R5,,,
bb658bb4711f3c17-sheet1-R6,2026-06-18,daejeon-dong,자치행정과,중국성,간부공무원 격려,950000,bb658bb4711f3c173d3f544e5a744b062d74e0d98b8beb34b91723f2659f2f3f,sheet1:R6,,,
bb658bb4711f3c17-sheet1-R7,2026-06-19,daejeon-dong,자치행정과,개인(성명 비공개),공동주택과 외조모상 / 부의금,50000,bb658bb4711f3c173d3f544e5a744b062d74e0d98b8beb34b91723f2659f2f3f,sheet1:R7,d8c7f428bc337789c5e6add732fd47a7951a61239cdd303594b374ff4e703be4:sheet1:R18,,
bb658bb4711f3c17-sheet1-R8,2026-06-22,daejeon-dong,자치행정과,우신집,회계정보과 청사관리팀 직원 격려,188000,bb658bb4711f3c173d3f544e5a744b062d74e0d98b8beb34b91723f2659f2f3f,sheet1:R8,,,
bb658bb4711f3c17-sheet1-R9,2026-06-24,daejeon-dong,자치행정과,우신집,청사시설관리 및 청소용역 근로자 격려,204000,bb658bb4711f3c173d3f544e5a744b062d74e0d98b8beb34b91723f2659f2f3f,sheet1:R9,,,
bb658bb4711f3c17-sheet1-R10,2026-06-24,daejeon-dong,자치행정과,루미리즈,청사시설관리 및 청소용역 근로자 격려,48000,bb658bb4711f3c173d3f544e5a744b062d74e0d98b8beb34b91723f2659f2f3f,sheet1:R10,,,
bb658bb4711f3c17-sheet1-R11,2026-06-25,daejeon-dong,자치행정과,동서장어,청원경찰 격려,370000,bb658bb4711f3c173d3f544e5a744b062d74e0d98b8beb34b91723f2659f2f3f,sheet1:R11,,,
bb658bb4711f3c17-sheet1-R12,2026-06-25,daejeon-dong,자치행정과,개인(성명 비공개),세정과 여혼 / 축의금 환경과 본인혼 / 축의금 공원녹지과 여혼 / 축의금 문화관광체육과 본인혼 / 축의금,200000,bb658bb4711f3c173d3f544e5a744b062d74e0d98b8beb34b91723f2659f2f3f,sheet1:R12,d8c7f428bc337789c5e6add732fd47a7951a61239cdd303594b374ff4e703be4:sheet1:R25,,
bb658bb4711f3c17-sheet1-R13,2026-06-26,daejeon-dong,자치행정과,빵한모금,부속실 내방객용 다과 구입,126400,bb658bb4711f3c173d3f544e5a744b062d74e0d98b8beb34b91723f2659f2f3f,sheet1:R13,,,
bb658bb4711f3c17-sheet1-R14,2026-06-26,daejeon-dong,자치행정과,팔팔민물장어,구내식당 근로자 격려,238000,bb658bb4711f3c173d3f544e5a744b062d74e0d98b8beb34b91723f2659f2f3f,sheet1:R14,,,
bb658bb4711f3c17-sheet1-R15,2026-06-26,daejeon-dong,자치행정과,온향,구내식당 근로자 격려,75800,bb658bb4711f3c173d3f544e5a744b062d74e0d98b8beb34b91723f2659f2f3f,sheet1:R15,,,
bb658bb4711f3c17-sheet1-R16,2026-06-26,daejeon-dong,자치행정과,고기마을,부속실 및 자치행정과 총무팀 직원 격려,361500,bb658bb4711f3c173d3f544e5a744b062d74e0d98b8beb34b91723f2659f2f3f,sheet1:R16,,,
bb658bb4711f3c17-sheet1-R17,2026-06-30,daejeon-dong,자치행정과,지은집,부속실 내방객 다과 구입,70000,bb658bb4711f3c173d3f544e5a744b062d74e0d98b8beb34b91723f2659f2f3f,sheet1:R17,,,
bb658bb4711f3c17-sheet1-R20,2026-06-05,daejeon-dong,자치행정과,절골식당,구강보건사업 관련 의견 수렴,100000,bb658bb4711f3c173d3f544e5a744b062d74e0d98b8beb34b91723f2659f2f3f,sheet1:R20,,,
bb658bb4711f3c17-sheet1-R21,2026-06-08,daejeon-dong,자치행정과,대전밀면,여름철 폭염 종합대책 마련을 위한 의견 수렴,40000,bb658bb4711f3c173d3f544e5a744b062d74e0d98b8beb34b91723f2659f2f3f,sheet1:R21,,,
bb658bb4711f3c17-sheet1-R22,2026-06-08,daejeon-dong,자치행정과,커피베이 판암점,여름철 폭염 종합대책 마련을 위한 의견 수렴,16500,bb658bb4711f3c173d3f544e5a744b062d74e0d98b8beb34b91723f2659f2f3f,sheet1:R22,,,
bb658bb4711f3c17-sheet1-R23,2026-06-10,daejeon-dong,자치행정과,맛정원,「띵동!아이든든 도시락 배달지원 사업」 추진 관련 의견수렴,90000,bb658bb4711f3c173d3f544e5a744b062d74e0d98b8beb34b91723f2659f2f3f,sheet1:R23,,,
bb658bb4711f3c17-sheet1-R24,2026-06-10,daejeon-dong,자치행정과,동네카페로와,「띵동!아이든든 도시락 배달지원 사업」 추진 관련 의견수렴,16500,bb658bb4711f3c173d3f544e5a744b062d74e0d98b8beb34b91723f2659f2f3f,sheet1:R24,,,
bb658bb4711f3c17-sheet1-R25,2026-06-15,daejeon-dong,자치행정과,절골식당,「청년나눔냉장고 동구食도락」관련 의견 수렴,128000,bb658bb4711f3c173d3f544e5a744b062d74e0d98b8beb34b91723f2659f2f3f,sheet1:R25,,,
bb658bb4711f3c17-sheet1-R26,2026-06-15,daejeon-dong,자치행정과,송카페,「청년나눔냉장고 동구食도락」관련 의견 수렴,30500,bb658bb4711f3c173d3f544e5a744b062d74e0d98b8beb34b91723f2659f2f3f,sheet1:R26,,,
bb658bb4711f3c17-sheet1-R27,2026-06-17,daejeon-dong,자치행정과,어굼터 용전점,전통시장 폭염저감시설 설치 사업 추진 관련 의견 수렴,194000,bb658bb4711f3c173d3f544e5a744b062d74e0d98b8beb34b91723f2659f2f3f,sheet1:R27,,,
bb658bb4711f3c17-sheet1-R28,2026-06-17,daejeon-dong,자치행정과,봉커피,전통시장 폭염저감시설 설치 사업 추진 관련 의견 수렴,24800,bb658bb4711f3c173d3f544e5a744b062d74e0d98b8beb34b91723f2659f2f3f,sheet1:R28,,,
bb658bb4711f3c17-sheet1-R29,2026-06-18,daejeon-dong,자치행정과,정원쌈밥,지역사회 결합형 청년 커뮤니티 운영」 관련 의견 수렴,114000,bb658bb4711f3c173d3f544e5a744b062d74e0d98b8beb34b91723f2659f2f3f,sheet1:R29,,,
bb658bb4711f3c17-sheet1-R30,2026-06-18,daejeon-dong,자치행정과,그린카페,지역사회 결합형 청년 커뮤니티 운영」 관련 의견 수렴,30000,bb658bb4711f3c173d3f544e5a744b062d74e0d98b8beb34b91723f2659f2f3f,sheet1:R30,,,
bb658bb4711f3c17-sheet1-R31,2026-06-19,daejeon-dong,자치행정과,어굼터 용전점,「청년도전지원사업」추진을 위한 사업 프로그램 발굴 등,136000,bb658bb4711f3c173d3f544e5a744b062d74e0d98b8beb34b91723f2659f2f3f,sheet1:R31,,,
bb658bb4711f3c17-sheet1-R32,2026-06-19,daejeon-dong,자치행정과,레드엘커피,「청년도전지원사업」추진을 위한 사업 프로그램 발굴 등,18100,bb658bb4711f3c173d3f544e5a744b062d74e0d98b8beb34b91723f2659f2f3f,sheet1:R32,,,
bb658bb4711f3c17-sheet1-R33,2026-06-22,daejeon-dong,자치행정과,정참치,6.25 전쟁 기념식의 원활한 추진과 안보의식 강화를 위한 다양한 대안 논의,196000,bb658bb4711f3c173d3f544e5a744b062d74e0d98b8beb34b91723f2659f2f3f,sheet1:R33,,,
bb658bb4711f3c17-sheet1-R34,2026-06-23,daejeon-dong,자치행정과,중국성,골목형 상점가 지정에 따른 향후 운영방향 등 논의,391000,bb658bb4711f3c173d3f544e5a744b062d74e0d98b8beb34b91723f2659f2f3f,sheet1:R34,,,
bb658bb4711f3c17-sheet1-R35,2026-06-24,daejeon-dong,자치행정과,조윤샤브,동구 글로벌 드림캠퍼스 운영 관련 의견수렴,78500,bb658bb4711f3c173d3f544e5a744b062d74e0d98b8beb34b91723f2659f2f3f,sheet1:R35,,,
bb658bb4711f3c17-sheet1-R36,2026-06-24,daejeon-dong,자치행정과,내가 아는 카페,동구 글로벌 드림캠퍼스 운영 관련 의견수렴,24700,bb658bb4711f3c173d3f544e5a744b062d74e0d98b8beb34b91723f2659f2f3f,sheet1:R36,,,
bb658bb4711f3c17-sheet1-R37,2026-06-25,daejeon-dong,자치행정과,모락모락,「대전형 통합건강복지 거점센터 건립」관련 의견수렴,152000,bb658bb4711f3c173d3f544e5a744b062d74e0d98b8beb34b91723f2659f2f3f,sheet1:R37,,,
bb658bb4711f3c17-sheet1-R38,2026-06-25,daejeon-dong,자치행정과,토리스타특별한커피,「대전형 통합건강복지 거점센터 건립」관련 의견수렴,31200,bb658bb4711f3c173d3f544e5a744b062d74e0d98b8beb34b91723f2659f2f3f,sheet1:R38,,,
bb658bb4711f3c17-sheet1-R39,2026-06-29,daejeon-dong,자치행정과,고구려명장식당,「과학문화체험 프로그램 운영」관련 의견수렴,60000,bb658bb4711f3c173d3f544e5a744b062d74e0d98b8beb34b91723f2659f2f3f,sheet1:R39,,,
bb658bb4711f3c17-sheet1-R40,2026-06-29,daejeon-dong,자치행정과,카페양순,「과학문화체험 프로그램 운영」관련 의견수렴,22000,bb658bb4711f3c173d3f544e5a744b062d74e0d98b8beb34b91723f2659f2f3f,sheet1:R40,,,
bb658bb4711f3c17-sheet1-R41,2026-06-29,daejeon-dong,자치행정과,락원간제미타운,느린학습자 맞춤형 지원 프로그램 운영 관련 의견수렴,64000,bb658bb4711f3c173d3f544e5a744b062d74e0d98b8beb34b91723f2659f2f3f,sheet1:R41,,,
215d80c200947a13-sheet1-R4,2026-04-01,daejeon-dong,자치행정과,성심당,간부 공무원 생일 축하 / 미래세대국장,43000,215d80c200947a13de23ffa778e6deda0bcad4c26eeea06a81695b9ce39a1591,sheet1:R4,,,
215d80c200947a13-sheet1-R5,2026-04-02,daejeon-dong,자치행정과,대전옥,노인장애인과 직원 격려,304000,215d80c200947a13de23ffa778e6deda0bcad4c26eeea06a81695b9ce39a1591,sheet1:R5,,,
215d80c200947a13-sheet1-R6,2026-04-02,daejeon-dong,자치행정과,블루부코,노인장애인과 직원 격려,81300,215d80c200947a13de23ffa778e6deda0bcad4c26eeea06a81695b9ce39a1591,sheet1:R6,,,
215d80c200947a13-sheet1-R7,2026-04-06,daejeon-dong,자치행정과,옛날보리밥식당,교통정책과 직원 격려,193000,215d80c200947a13de23ffa778e6deda0bcad4c26eeea06a81695b9ce39a1591,sheet1:R7,,,
215d80c200947a13-sheet1-R8,2026-04-06,daejeon-dong,자치행정과,야커피전문점,교통정책과 직원 격려,66500,215d80c200947a13de23ffa778e6deda0bcad4c26eeea06a81695b9ce39a1591,sheet1:R8,,,
215d80c200947a13-sheet1-R9,2026-04-06,daejeon-dong,자치행정과,단지한식제과연구소,소통마당 추진 성과 공유 및 참석 간부 격려,510000,215d80c200947a13de23ffa778e6deda0bcad4c26eeea06a81695b9ce39a1591,sheet1:R9,,,
215d80c200947a13-sheet1-R10,2026-04-06,daejeon-dong,자치행정과,카페천사의손길,소통마당 추진 성과 공유 및 참석 간부 격려,196000,215d80c200947a13de23ffa778e6deda0bcad4c26eeea06a81695b9ce39a1591,sheet1:R10,,,
215d80c200947a13-sheet1-R11,2026-04-07,daejeon-dong,자치행정과,투썸플레이스 대전대서문점,토지정보과 직원 격려,75700,215d80c200947a13de23ffa778e6deda0bcad4c26eeea06a81695b9ce39a1591,sheet1:R11,,,
215d80c200947a13-sheet1-R12,2026-04-07,daejeon-dong,자치행정과,선미식당,상호 소통 강화 및 구정 발전방향 모색,338000,215d80c200947a13de23ffa778e6deda0bcad4c26eeea06a81695b9ce39a1591,sheet1:R12,,,
215d80c200947a13-sheet1-R13,2026-04-08,daejeon-dong,자치행정과,현암기사식당,자치행정과 직원 격려,72000,215d80c200947a13de23ffa778e6deda0bcad4c26eeea06a81695b9ce39a1591,sheet1:R13,,,
215d80c200947a13-sheet1-R14,2026-04-08,daejeon-dong,자치행정과,현암커피전문점,자치행정과 직원 격려,9000,215d80c200947a13de23ffa778e6deda0bcad4c26eeea06a81695b9ce39a1591,sheet1:R14,,,
215d80c200947a13-sheet1-R15,2026-04-09,daejeon-dong,자치행정과,별미식당,신인동 직원 격려,166000,215d80c200947a13de23ffa778e6deda0bcad4c26eeea06a81695b9ce39a1591,sheet1:R15,,,
215d80c200947a13-sheet1-R16,2026-04-09,daejeon-dong,자치행정과,길목카페,신인동 직원 격려,49000,215d80c200947a13de23ffa778e6deda0bcad4c26eeea06a81695b9ce39a1591,sheet1:R16,,,
215d80c200947a13-sheet1-R17,2026-04-10,daejeon-dong,자치행정과,잔다리숯불마당,홍도동 직원 격려,153000,215d80c200947a13de23ffa778e6deda0bcad4c26eeea06a81695b9ce39a1591,sheet1:R17,,,
215d80c200947a13-sheet1-R18,2026-04-10,daejeon-dong,자치행정과,이디야커피,홍도동 직원 격려,67700,215d80c200947a13de23ffa778e6deda0bcad4c26eeea06a81695b9ce39a1591,sheet1:R18,,,
215d80c200947a13-sheet1-R19,2026-04-13,daejeon-dong,자치행정과,개인(성명 비공개),도시계획과 외조부상 / 부의금 보건소장 시모상 / 부의금 지역산업과 모친상 / 부의금,150000,215d80c200947a13de23ffa778e6deda0bcad4c26eeea06a81695b9ce39a1591,sheet1:R19,,,
215d80c200947a13-sheet1-R20,2026-04-13,daejeon-dong,자치행정과,요거해요,문화관광체육과 직원 격려,142500,215d80c200947a13de23ffa778e6deda0bcad4c26eeea06a81695b9ce39a1591,sheet1:R20,,,
215d80c200947a13-sheet1-R21,2026-04-14,daejeon-dong,자치행정과,동서회관,문화관광체육과 체육팀 직원 격려,168000,215d80c200947a13de23ffa778e6deda0bcad4c26eeea06a81695b9ce39a1591,sheet1:R21,,,
215d80c200947a13-sheet1-R22,2026-04-14,daejeon-dong,자치행정과,종착역,구청장-동장 상호간 소통 강화 및 구정 발전방향 모색,440000,215d80c200947a13de23ffa778e6deda0bcad4c26eeea06a81695b9ce39a1591,sheet1:R22,,,
215d80c200947a13-sheet1-R23,2026-04-14,daejeon-dong,자치행정과,공차 대전보건대점,구청장-동장 상호간 소통 강화 및 구정 발전방향 모색,40000,215d80c200947a13de23ffa778e6deda0bcad4c26eeea06a81695b9ce39a1591,sheet1:R23,,,
215d80c200947a13-sheet1-R24,2026-04-15,daejeon-dong,자치행정과,카페 디귿,대동 찾아가는 복지팀 직원 격려,15000,215d80c200947a13de23ffa778e6deda0bcad4c26eeea06a81695b9ce39a1591,sheet1:R24,,,
215d80c200947a13-sheet1-R25,2026-04-15,daejeon-dong,자치행정과,별천지,노인장애인과 직원 격려,36500,215d80c200947a13de23ffa778e6deda0bcad4c26eeea06a81695b9ce39a1591,sheet1:R25,,,
215d80c200947a13-sheet1-R26,2026-04-17,daejeon-dong,자치행정과,달빛야외도서관 행사장 먹거리 부스 일원,도서관운영과 직원 격려,119000,215d80c200947a13de23ffa778e6deda0bcad4c26eeea06a81695b9ce39a1591,sheet1:R26,,,
215d80c200947a13-sheet1-R27,2026-04-20,daejeon-dong,자치행정과,예산본석갈비,간부직원 격려,543000,215d80c200947a13de23ffa778e6deda0bcad4c26eeea06a81695b9ce39a1591,sheet1:R27,,,
215d80c200947a13-sheet1-R28,2026-04-20,daejeon-dong,자치행정과,센트럴카페,간부직원 격려,70500,215d80c200947a13de23ffa778e6deda0bcad4c26eeea06a81695b9ce39a1591,sheet1:R28,,,
215d80c200947a13-sheet1-R29,2026-04-21,daejeon-dong,자치행정과,쿠팡,부속실 내방객용 차재료 구입,465370,215d80c200947a13de23ffa778e6deda0bcad4c26eeea06a81695b9ce39a1591,sheet1:R29,,,
215d80c200947a13-sheet1-R30,2026-04-22,daejeon-dong,자치행정과,솔코리안,자치행정과 총무팀 직원 격려,98400,215d80c200947a13de23ffa778e6deda0bcad4c26eeea06a81695b9ce39a1591,sheet1:R30,,,
215d80c200947a13-sheet1-R31,2026-04-23,daejeon-dong,자치행정과,개인(성명 비공개),교통정책과 모친상 / 부의금 자치행정과 본인상 / 부의금 기획홍보실 조부상 / 부의금,150000,215d80c200947a13de23ffa778e6deda0bcad4c26eeea06a81695b9ce39a1591,sheet1:R31,,,
215d80c200947a13-sheet1-R32,2026-04-23,daejeon-dong,자치행정과,달달 샌드위치,동 직원 격려,6000000,215d80c200947a13de23ffa778e6deda0bcad4c26eeea06a81695b9ce39a1591,sheet1:R32,,,
215d80c200947a13-sheet1-R33,2026-04-23,daejeon-dong,자치행정과,성심기정떡,부속실 내방객 다과 구입,24500,215d80c200947a13de23ffa778e6deda0bcad4c26eeea06a81695b9ce39a1591,sheet1:R33,,,
215d80c200947a13-sheet1-R34,2026-04-23,daejeon-dong,자치행정과,명월본가수라상,도서관운영과 직원 격려,320000,215d80c200947a13de23ffa778e6deda0bcad4c26eeea06a81695b9ce39a1591,sheet1:R34,,,
215d80c200947a13-sheet1-R35,2026-04-23,daejeon-dong,자치행정과,카페조각구름,도서관운영과 직원 격려,105000,215d80c200947a13de23ffa778e6deda0bcad4c26eeea06a81695b9ce39a1591,sheet1:R35,,,
215d80c200947a13-sheet1-R36,2026-04-23,daejeon-dong,자치행정과,청도,자치행정과 행정팀 직원 격려,407000,215d80c200947a13de23ffa778e6deda0bcad4c26eeea06a81695b9ce39a1591,sheet1:R36,,,
215d80c200947a13-sheet1-R37,2026-04-24,daejeon-dong,자치행정과,개인(성명 비공개),교통정책과 여혼 / 축의금,50000,215d80c200947a13de23ffa778e6deda0bcad4c26eeea06a81695b9ce39a1591,sheet1:R37,,,
215d80c200947a13-sheet1-R38,2026-04-24,daejeon-dong,자치행정과,정참치,문화관광체육과 직원 격려,306000,215d80c200947a13de23ffa778e6deda0bcad4c26eeea06a81695b9ce39a1591,sheet1:R38,,,
215d80c200947a13-sheet1-R39,2026-04-24,daejeon-dong,자치행정과,아이엠일리터 가오점,문화관광체육과 직원 격려,26000,215d80c200947a13de23ffa778e6deda0bcad4c26eeea06a81695b9ce39a1591,sheet1:R39,,,
215d80c200947a13-sheet1-R42,2026-04-01,daejeon-dong,자치행정과,솔레스토랑,민선8기 주요 성과 공유 및 구정 운영방향 의견수렴,301000,215d80c200947a13de23ffa778e6deda0bcad4c26eeea06a81695b9ce39a1591,sheet1:R42,,,
215d80c200947a13-sheet1-R43,2026-04-01,daejeon-dong,자치행정과,솔라씨,민선8기 주요 성과 공유 및 구정 운영방향 의견수렴,26500,215d80c200947a13de23ffa778e6deda0bcad4c26eeea06a81695b9ce39a1591,sheet1:R43,,,
59d4eadc22c04a37-sheet1-R4,2026-03-03,daejeon-dong,자치행정과,단지한식제과연구소,부속실 내방객용 다과 구입,437700,59d4eadc22c04a373a04c73612b2e86675cd6b316f59642ed58ba3da71c4c079,sheet1:R4,,,
59d4eadc22c04a37-sheet1-R5,2026-03-04,daejeon-dong,자치행정과,성심당,간부 공무원 생일 축하 / 안전건설국장,43000,59d4eadc22c04a373a04c73612b2e86675cd6b316f59642ed58ba3da71c4c079,sheet1:R5,,,
59d4eadc22c04a37-sheet1-R6,2026-03-05,daejeon-dong,자치행정과,성심당,간부 공무원 생일 축하 / 경제문화국장,43000,59d4eadc22c04a373a04c73612b2e86675cd6b316f59642ed58ba3da71c4c079,sheet1:R6,,,
59d4eadc22c04a37-sheet1-R7,2026-03-05,daejeon-dong,자치행정과,루미리즈,일자리경제과 직원 격려,164100,59d4eadc22c04a373a04c73612b2e86675cd6b316f59642ed58ba3da71c4c079,sheet1:R7,,,
59d4eadc22c04a37-sheet1-R8,2026-03-06,daejeon-dong,자치행정과,개인(성명 비공개),기획홍보실 본인혼 / 축의금 가양2동장 자혼 / 축의금,100000,59d4eadc22c04a373a04c73612b2e86675cd6b316f59642ed58ba3da71c4c079,sheet1:R8,,,
59d4eadc22c04a37-sheet1-R9,2026-03-06,daejeon-dong,자치행정과,동서회관,생활보장과 직원 격려(1차),297000,59d4eadc22c04a373a04c73612b2e86675cd6b316f59642ed58ba3da71c4c079,sheet1:R9,,,
59d4eadc22c04a37-sheet1-R10,2026-03-06,daejeon-dong,자치행정과,스타벅스 판암DT점,생활보장과 직원 격려(1차),129300,59d4eadc22c04a373a04c73612b2e86675cd6b316f59642ed58ba3da71c4c079,sheet1:R10,,,
59d4eadc22c04a37-sheet1-R12,2026-03-09,daejeon-dong,자치행정과,외식,생활보장과 직원 격려(2차),288000,59d4eadc22c04a373a04c73612b2e86675cd6b316f59642ed58ba3da71c4c079,sheet1:R12,,,
59d4eadc22c04a37-sheet1-R13,2026-03-09,daejeon-dong,자치행정과,플랜티,생활보장과 직원 격려(2차),91500,59d4eadc22c04a373a04c73612b2e86675cd6b316f59642ed58ba3da71c4c079,sheet1:R13,,,
59d4eadc22c04a37-sheet1-R14,2026-03-11,daejeon-dong,자치행정과,파리바게트 가오은어송점,부속실 내방객 다과 구입,102800,59d4eadc22c04a373a04c73612b2e86675cd6b316f59642ed58ba3da71c4c079,sheet1:R14,,,
59d4eadc22c04a37-sheet1-R15,2026-03-11,daejeon-dong,자치행정과,쿠팡,부속실 내방객 차재료 구입,124500,59d4eadc22c04a373a04c73612b2e86675cd6b316f59642ed58ba3da71c4c079,sheet1:R15,,,
59d4eadc22c04a37-sheet1-R17,2026-03-13,daejeon-dong,자치행정과,카페나르,용운동직원 격려,35950,59d4eadc22c04a373a04c73612b2e86675cd6b316f59642ed58ba3da71c4c079,sheet1:R17,,,
59d4eadc22c04a37-sheet1-R18,2026-03-14,daejeon-dong,자치행정과,장가네대구왕뽈데기,도서관운영과 직원 격려,156000,59d4eadc22c04a373a04c73612b2e86675cd6b316f59642ed58ba3da71c4c079,sheet1:R18,,,
59d4eadc22c04a37-sheet1-R19,2026-03-14,daejeon-dong,자치행정과,좋은날,도서관운영과 직원 격려,39000,59d4eadc22c04a373a04c73612b2e86675cd6b316f59642ed58ba3da71c4c079,sheet1:R19,,,
59d4eadc22c04a37-sheet1-R20,2026-03-16,daejeon-dong,자치행정과,우신집,교통정책과 직원 격려,180000,59d4eadc22c04a373a04c73612b2e86675cd6b316f59642ed58ba3da71c4c079,sheet1:R20,,,
59d4eadc22c04a37-sheet1-R21,2026-03-16,daejeon-dong,자치행정과,아이엠일리터 가오점,교통정책과 직원 격려,37300,59d4eadc22c04a373a04c73612b2e86675cd6b316f59642ed58ba3da71c4c079,sheet1:R21,,,
59d4eadc22c04a37-sheet1-R22,2026-03-16,daejeon-dong,자치행정과,길목카페,문화관광체육과 직원 격려,38000,59d4eadc22c04a373a04c73612b2e86675cd6b316f59642ed58ba3da71c4c079,sheet1:R22,,,
59d4eadc22c04a37-sheet1-R23,2026-03-16,daejeon-dong,자치행정과,아트사이트소제카페,관계부서 직원 격려,56000,59d4eadc22c04a373a04c73612b2e86675cd6b316f59642ed58ba3da71c4c079,sheet1:R23,,,
59d4eadc22c04a37-sheet1-R24,2026-03-18,daejeon-dong,자치행정과,보드레,부속실 내방객용 다과 및 차재료 구입,94000,59d4eadc22c04a373a04c73612b2e86675cd6b316f59642ed58ba3da71c4c079,sheet1:R24,,,
59d4eadc22c04a37-sheet1-R25,2026-03-18,daejeon-dong,자치행정과,오븐온니,부속실 내방객용 다과 및 차재료 구입,200000,59d4eadc22c04a373a04c73612b2e86675cd6b316f59642ed58ba3da71c4c079,sheet1:R25,,,
59d4eadc22c04a37-sheet1-R26,2026-03-18,daejeon-dong,자치행정과,천사카페,부속실 내방객용 다과 및 차재료 구입,15000,59d4eadc22c04a373a04c73612b2e86675cd6b316f59642ed58ba3da71c4c079,sheet1:R26,,,
59d4eadc22c04a37-sheet1-R27,2026-03-19,daejeon-dong,자치행정과,천사카페,부속실 내방객용 다과 및 차재료 구입,40000,59d4eadc22c04a373a04c73612b2e86675cd6b316f59642ed58ba3da71c4c079,sheet1:R27,,,
59d4eadc22c04a37-sheet1-R29,2026-03-23,daejeon-dong,자치행정과,카페오늘,가양2동 직원 격려,48000,59d4eadc22c04a373a04c73612b2e86675cd6b316f59642ed58ba3da71c4c079,sheet1:R29,,,
59d4eadc22c04a37-sheet1-R30,2026-03-25,daejeon-dong,자치행정과,카페 천사의손길,2026년 1분기 동구 기관·단체장협의회 정기회의 및 오찬 간담회,87500,59d4eadc22c04a373a04c73612b2e86675cd6b316f59642ed58ba3da71c4c079,sheet1:R30,,,
59d4eadc22c04a37-sheet1-R31,2026-03-25,daejeon-dong,자치행정과,외식,2026년 1분기 동구 기관·단체장협의회 정기회의 및 오찬 간담회,920000,59d4eadc22c04a373a04c73612b2e86675cd6b316f59642ed58ba3da71c4c079,sheet1:R31,,,
59d4eadc22c04a37-sheet1-R32,2026-03-25,daejeon-dong,자치행정과,플랜티,2026년 1분기 동구 기관·단체장협의회 정기회의 및 오찬 간담회,47500,59d4eadc22c04a373a04c73612b2e86675cd6b316f59642ed58ba3da71c4c079,sheet1:R32,,,
59d4eadc22c04a37-sheet1-R33,2026-03-25,daejeon-dong,자치행정과,정동문화사,부속실 내방객용 다과 구입,174500,59d4eadc22c04a373a04c73612b2e86675cd6b316f59642ed58ba3da71c4c079,sheet1:R33,,,
59d4eadc22c04a37-sheet1-R34,2026-03-26,daejeon-dong,자치행정과,겨자씨수제파이,환경관리원 격려,300000,59d4eadc22c04a373a04c73612b2e86675cd6b316f59642ed58ba3da71c4c079,sheet1:R34,,,
59d4eadc22c04a37-sheet1-R35,2026-03-26,daejeon-dong,자치행정과,파리바게트 가오은어송점,신규공무원 격려,203000,59d4eadc22c04a373a04c73612b2e86675cd6b316f59642ed58ba3da71c4c079,sheet1:R35,,,
59d4eadc22c04a37-sheet1-R36,2026-03-26,daejeon-dong,자치행정과,다인,부속실 직원 격려,69000,59d4eadc22c04a373a04c73612b2e86675cd6b316f59642ed58ba3da71c4c079,sheet1:R36,,,
59d4eadc22c04a37-sheet1-R37,2026-03-27,daejeon-dong,자치행정과,호수가에서,신규공무원 격려,290000,59d4eadc22c04a373a04c73612b2e86675cd6b316f59642ed58ba3da71c4c079,sheet1:R37,,,
59d4eadc22c04a37-sheet1-R39,2026-03-30,daejeon-dong,자치행정과,성심기정떡,부속실 내방객용 다과 구입,34000,59d4eadc22c04a373a04c73612b2e86675cd6b316f59642ed58ba3da71c4c079,sheet1:R39,,,
59d4eadc22c04a37-sheet1-R40,2026-03-31,daejeon-dong,자치행정과,도미노피자,미래교육과 직원 격려,134350,59d4eadc22c04a373a04c73612b2e86675cd6b316f59642ed58ba3da71c4c079,sheet1:R40,,,
59d4eadc22c04a37-sheet1-R41,2026-03-31,daejeon-dong,자치행정과,호수가에서,신규공무원 격려,286000,59d4eadc22c04a373a04c73612b2e86675cd6b316f59642ed58ba3da71c4c079,sheet1:R41,,,
59d4eadc22c04a37-sheet1-R42,2026-03-31,daejeon-dong,자치행정과,스타벅스 판암DT점,부속실 내방객용 다과 구입,40000,59d4eadc22c04a373a04c73612b2e86675cd6b316f59642ed58ba3da71c4c079,sheet1:R42,,,
59d4eadc22c04a37-sheet1-R43,2026-03-31,daejeon-dong,자치행정과,송림식당,관계부서 직원 격려,317000,59d4eadc22c04a373a04c73612b2e86675cd6b316f59642ed58ba3da71c4c079,sheet1:R43,,,
59d4eadc22c04a37-sheet1-R46,2026-03-03,daejeon-dong,자치행정과,신촌설렁탕,민선8기 핵심사업 및 중점 현안사항 공유,230000,59d4eadc22c04a373a04c73612b2e86675cd6b316f59642ed58ba3da71c4c079,sheet1:R46,,,
59d4eadc22c04a37-sheet1-R47,2026-03-03,daejeon-dong,자치행정과,투썸플레이스 대전만년점,민선8기 핵심사업 및 중점 현안사항 공유,28800,59d4eadc22c04a373a04c73612b2e86675cd6b316f59642ed58ba3da71c4c079,sheet1:R47,,,
59d4eadc22c04a37-sheet1-R48,2026-03-04,daejeon-dong,자치행정과,토시살롱,민선8기 추진사업 성과 공유 및 언론기관 협조체계 구축,340000,59d4eadc22c04a373a04c73612b2e86675cd6b316f59642ed58ba3da71c4c079,sheet1:R48,,,
59d4eadc22c04a37-sheet1-R49,2026-03-04,daejeon-dong,자치행정과,블레스롤 둔산점,민선8기 추진사업 성과 공유 및 언론기관 협조체계 구축,65900,59d4eadc22c04a373a04c73612b2e86675cd6b316f59642ed58ba3da71c4c079,sheet1:R49,,,
59d4eadc22c04a37-sheet1-R50,2026-03-07,daejeon-dong,자치행정과,키즈텐,다자녀 가정 대상 저출산 대응 정책 제안 등 의견수렴(2차),300000,59d4eadc22c04a373a04c73612b2e86675cd6b316f59642ed58ba3da71c4c079,sheet1:R50,,,
59d4eadc22c04a37-sheet1-R51,2026-03-11,daejeon-dong,자치행정과,치앙마이방콕,위기아동 안전보호 방안 마련 등 의견 수렴,305400,59d4eadc22c04a373a04c73612b2e86675cd6b316f59642ed58ba3da71c4c079,sheet1:R51,,,
59d4eadc22c04a37-sheet1-R52,2026-03-11,daejeon-dong,자치행정과,아트사이트 소제,위기아동 안전보호 방안 마련 등 의견 수렴,83500,59d4eadc22c04a373a04c73612b2e86675cd6b316f59642ed58ba3da71c4c079,sheet1:R52,,,
59d4eadc22c04a37-sheet1-R53,2026-03-18,daejeon-dong,자치행정과,별천지,「오늘 하루 당신이 구청장입니다」안전분야 정책 제언 등,216000,59d4eadc22c04a373a04c73612b2e86675cd6b316f59642ed58ba3da71c4c079,sheet1:R53,,,
59d4eadc22c04a37-sheet1-R54,2026-03-18,daejeon-dong,자치행정과,별천지 카페(현지푸드),「오늘 하루 당신이 구청장입니다」안전분야 정책 제언 등,29400,59d4eadc22c04a373a04c73612b2e86675cd6b316f59642ed58ba3da71c4c079,sheet1:R54,,,
59d4eadc22c04a37-sheet1-R55,2026-03-19,daejeon-dong,자치행정과,프레씨엘,지역아동센터의 운영 및 돌봄 정책 관련 의견 수렴,153600,59d4eadc22c04a373a04c73612b2e86675cd6b316f59642ed58ba3da71c4c079,sheet1:R55,,,
59d4eadc22c04a37-sheet1-R56,2026-03-19,daejeon-dong,자치행정과,플레이스플로라,보육 현안 공유 및 보육정책 개선방안 논의 등,400000,59d4eadc22c04a373a04c73612b2e86675cd6b316f59642ed58ba3da71c4c079,sheet1:R56,,,
59d4eadc22c04a37-sheet1-R57,2026-03-19,daejeon-dong,자치행정과,오꼬숑,소상공인 대상 지원사업 정책방향 논의 및 애로사항 청취,83200,59d4eadc22c04a373a04c73612b2e86675cd6b316f59642ed58ba3da71c4c079,sheet1:R57,,,
59d4eadc22c04a37-sheet1-R58,2026-03-23,daejeon-dong,자치행정과,지안,동구 미래세대 상생협의체 운영방안 및 인구정책 추진 방안 논의,350000,59d4eadc22c04a373a04c73612b2e86675cd6b316f59642ed58ba3da71c4c079,sheet1:R58,,,
59d4eadc22c04a37-sheet1-R59,2026-03-24,daejeon-dong,자치행정과,맛청,민선8기 추진 사업 홍보 협조,312000,59d4eadc22c04a373a04c73612b2e86675cd6b316f59642ed58ba3da71c4c079,sheet1:R59,,,
59d4eadc22c04a37-sheet1-R60,2026-03-24,daejeon-dong,자치행정과,리셉션,민선8기 추진 사업 홍보 협조,45650,59d4eadc22c04a373a04c73612b2e86675cd6b316f59642ed58ba3da71c4c079,sheet1:R60,,,
59d4eadc22c04a37-sheet1-R61,2026-03-24,daejeon-dong,자치행정과,머물다가게,소상공인 대상 지원사업 정책방향 논의 및 애로사항 청취,127000,59d4eadc22c04a373a04c73612b2e86675cd6b316f59642ed58ba3da71c4c079,sheet1:R61,,,
59d4eadc22c04a37-sheet1-R62,2026-03-26,daejeon-dong,자치행정과,플레이스플로라,보육 현안 공유 및 보육정책 개선방안 논의 등,440000,59d4eadc22c04a373a04c73612b2e86675cd6b316f59642ed58ba3da71c4c079,sheet1:R62,,,
59d4eadc22c04a37-sheet1-R63,2026-03-27,daejeon-dong,자치행정과,외식,구정 주요 시책 및 현안사항 공유 등,972000,59d4eadc22c04a373a04c73612b2e86675cd6b316f59642ed58ba3da71c4c079,sheet1:R63,,,
59d4eadc22c04a37-sheet1-R64,2026-03-30,daejeon-dong,자치행정과,솔레스토랑,민선8기 주요 성과 공유 및 구정 운영방향 의견수렴,462000,59d4eadc22c04a373a04c73612b2e86675cd6b316f59642ed58ba3da71c4c079,sheet1:R64,,,
59d4eadc22c04a37-sheet1-R65,2026-03-30,daejeon-dong,자치행정과,솔라씨,민선8기 주요 성과 공유 및 구정 운영방향 의견수렴,57500,59d4eadc22c04a373a04c73612b2e86675cd6b316f59642ed58ba3da71c4c079,sheet1:R65,,,
01939b047b3e42b5-sheet1-R4,2026-02-03,daejeon-dong,자치행정과,개인(성명 비공개),토지정보과 시부상 / 부의금 교통정책과 조모상 / 부의금,100000,01939b047b3e42b5530d0c78e9cb1932fdc84d724067b9dbdb35a135601b6981,sheet1:R4,4ac9c89fe2eb32d7775fdae273a123c098b45a6bb6697818cac1957b72d06238:sheet1:R5,,
01939b047b3e42b5-sheet1-R5,2026-02-03,daejeon-dong,자치행정과,폴레폴레,용전동 직원 격려,43000,01939b047b3e42b5530d0c78e9cb1932fdc84d724067b9dbdb35a135601b6981,sheet1:R5,,,
01939b047b3e42b5-sheet1-R6,2026-02-04,daejeon-dong,자치행정과,개인(성명 비공개),환경과 장모상 / 부의금 환경과 장모상 / 부의금,100000,01939b047b3e42b5530d0c78e9cb1932fdc84d724067b9dbdb35a135601b6981,sheet1:R6,4ac9c89fe2eb32d7775fdae273a123c098b45a6bb6697818cac1957b72d06238:sheet1:R8,,
01939b047b3e42b5-sheet1-R7,2026-02-04,daejeon-dong,자치행정과,투썸플레이스 판암역점,판암1동 직원격려,55300,01939b047b3e42b5530d0c78e9cb1932fdc84d724067b9dbdb35a135601b6981,sheet1:R7,,,
01939b047b3e42b5-sheet1-R8,2026-02-05,daejeon-dong,자치행정과,개인(성명 비공개),공원녹지과 부친상 / 부의금 일자리경제과 시부상 / 부의금 대청동장 장인상 / 부의금,150000,01939b047b3e42b5530d0c78e9cb1932fdc84d724067b9dbdb35a135601b6981,sheet1:R8,,,
01939b047b3e42b5-sheet1-R9,2026-02-05,daejeon-dong,자치행정과,대전버거,중앙동 직원 격려,17500,01939b047b3e42b5530d0c78e9cb1932fdc84d724067b9dbdb35a135601b6981,sheet1:R9,,,
01939b047b3e42b5-sheet1-R10,2026-02-05,daejeon-dong,자치행정과,하늘마을 마을관리 사회적협동조합,대동 직원 격려,57000,01939b047b3e42b5530d0c78e9cb1932fdc84d724067b9dbdb35a135601b6981,sheet1:R10,,,
01939b047b3e42b5-sheet1-R11,2026-02-06,daejeon-dong,자치행정과,개인(성명 비공개),복지정책과 본인상 / 부의금,50000,01939b047b3e42b5530d0c78e9cb1932fdc84d724067b9dbdb35a135601b6981,sheet1:R11,4ac9c89fe2eb32d7775fdae273a123c098b45a6bb6697818cac1957b72d06238:sheet1:R17,,
01939b047b3e42b5-sheet1-R12,2026-02-10,daejeon-dong,자치행정과,정동문화사,공원녹지과 직원 격려,311400,01939b047b3e42b5530d0c78e9cb1932fdc84d724067b9dbdb35a135601b6981,sheet1:R12,,,
01939b047b3e42b5-sheet1-R13,2026-02-19,daejeon-dong,자치행정과,개인(성명 비공개),세원관리과 빙부상 / 부의금,50000,01939b047b3e42b5530d0c78e9cb1932fdc84d724067b9dbdb35a135601b6981,sheet1:R13,4ac9c89fe2eb32d7775fdae273a123c098b45a6bb6697818cac1957b72d06238:sheet1:R27 a485f1618ea03bfc38beda7b6229e1c38bd899bcc58371ca0fd463b2f2e1c248:sheet1:R7,,
01939b047b3e42b5-sheet1-R14,2026-02-23,daejeon-dong,자치행정과,개인(성명 비공개),공동주택과 조부상 / 부의금,50000,01939b047b3e42b5530d0c78e9cb1932fdc84d724067b9dbdb35a135601b6981,sheet1:R14,4ac9c89fe2eb32d7775fdae273a123c098b45a6bb6697818cac1957b72d06238:sheet1:R32,,
01939b047b3e42b5-sheet1-R15,2026-02-23,daejeon-dong,자치행정과,카페천사의손길,부속실 내방객 다과 구입,12500,01939b047b3e42b5530d0c78e9cb1932fdc84d724067b9dbdb35a135601b6981,sheet1:R15,,,
01939b047b3e42b5-sheet1-R16,2026-02-24,daejeon-dong,자치행정과,보드레,민원창구 담당 직원 격려,57000,01939b047b3e42b5530d0c78e9cb1932fdc84d724067b9dbdb35a135601b6981,sheet1:R16,,,
01939b047b3e42b5-sheet1-R17,2026-02-25,daejeon-dong,자치행정과,이웃커피로스터스,문화관광체육과 직원 격려,44000,01939b047b3e42b5530d0c78e9cb1932fdc84d724067b9dbdb35a135601b6981,sheet1:R17,,,
01939b047b3e42b5-sheet1-R18,2026-02-25,daejeon-dong,자치행정과,커피언니,일자리경제과 직원 격려,154000,01939b047b3e42b5530d0c78e9cb1932fdc84d724067b9dbdb35a135601b6981,sheet1:R18,,,
01939b047b3e42b5-sheet1-R19,2026-02-26,daejeon-dong,자치행정과,성심당,간부 공무원 생일 축하 / 도시주택국장 김정호,43000,01939b047b3e42b5530d0c78e9cb1932fdc84d724067b9dbdb35a135601b6981,sheet1:R19,,,
01939b047b3e42b5-sheet1-R20,2026-02-26,daejeon-dong,자치행정과,명성만두 샤브샤브전문점,안전총괄과 직원 격려,200000,01939b047b3e42b5530d0c78e9cb1932fdc84d724067b9dbdb35a135601b6981,sheet1:R20,,,
01939b047b3e42b5-sheet1-R21,2026-02-26,daejeon-dong,자치행정과,카페 91,안전총괄과 직원 격려,51120,01939b047b3e42b5530d0c78e9cb1932fdc84d724067b9dbdb35a135601b6981,sheet1:R21,,,
01939b047b3e42b5-sheet1-R22,2026-02-27,daejeon-dong,자치행정과,개인(성명 비공개),민원여권과 여혼 / 축의금 홍도동장 여혼 / 축의금 용운동장 여혼 / 축의금,150000,01939b047b3e42b5530d0c78e9cb1932fdc84d724067b9dbdb35a135601b6981,sheet1:R22,4ac9c89fe2eb32d7775fdae273a123c098b45a6bb6697818cac1957b72d06238:sheet1:R37 a485f1618ea03bfc38beda7b6229e1c38bd899bcc58371ca0fd463b2f2e1c248:sheet1:R10,,
01939b047b3e42b5-sheet1-R23,2026-02-27,daejeon-dong,자치행정과,오가뷰,부속실 내방객 차재료 구입,38950,01939b047b3e42b5530d0c78e9cb1932fdc84d724067b9dbdb35a135601b6981,sheet1:R23,,,
01939b047b3e42b5-sheet1-R24,2026-02-27,daejeon-dong,자치행정과,외식,자치행정과 직원 격려,144000,01939b047b3e42b5530d0c78e9cb1932fdc84d724067b9dbdb35a135601b6981,sheet1:R24,,,
01939b047b3e42b5-sheet1-R25,2026-02-27,daejeon-dong,자치행정과,플랜티,자치행정과 직원 격려,9500,01939b047b3e42b5530d0c78e9cb1932fdc84d724067b9dbdb35a135601b6981,sheet1:R25,,,
01939b047b3e42b5-sheet1-R28,2026-02-06,daejeon-dong,자치행정과,우신집,동구 새마을회 주요 활동성과 공유 및 향후 계획 논의,736000,01939b047b3e42b5530d0c78e9cb1932fdc84d724067b9dbdb35a135601b6981,sheet1:R28,,,
01939b047b3e42b5-sheet1-R29,2026-02-09,daejeon-dong,자치행정과,외식,언론과의 소통체계 구축 및 구정 홍보 방안 모색,388000,01939b047b3e42b5530d0c78e9cb1932fdc84d724067b9dbdb35a135601b6981,sheet1:R29,,,
01939b047b3e42b5-sheet1-R30,2026-02-09,daejeon-dong,자치행정과,플랜티,언론과의 소통체계 구축 및 구정 홍보 방안 모색,53500,01939b047b3e42b5530d0c78e9cb1932fdc84d724067b9dbdb35a135601b6981,sheet1:R30,,,
01939b047b3e42b5-sheet1-R31,2026-02-10,daejeon-dong,자치행정과,정말카페(새터말마을관리 사회적협동조합),「띵동!아이든든 도시락 배달지원 사업」관련 의견수렴,220000,01939b047b3e42b5530d0c78e9cb1932fdc84d724067b9dbdb35a135601b6981,sheet1:R31,,,
01939b047b3e42b5-sheet1-R32,2026-02-11,daejeon-dong,자치행정과,읍천리382 대전가오점,다문화가정 애로사항 청취 및 정책발굴을 위한 의견 수렴,136900,01939b047b3e42b5530d0c78e9cb1932fdc84d724067b9dbdb35a135601b6981,sheet1:R32,,,
01939b047b3e42b5-sheet1-R33,2026-02-12,daejeon-dong,자치행정과,모락모락,「오늘 하루 당신이 구청장입니다」복지분야 정책 제언 등,336000,01939b047b3e42b5530d0c78e9cb1932fdc84d724067b9dbdb35a135601b6981,sheet1:R33,,,
01939b047b3e42b5-sheet1-R34,2026-02-20,daejeon-dong,자치행정과,유성갈비 산내점,낭월 빛담길 골목형상점가 활성화 방안 논의 및 애로사항 청취,359000,01939b047b3e42b5530d0c78e9cb1932fdc84d724067b9dbdb35a135601b6981,sheet1:R34,,,
01939b047b3e42b5-sheet1-R35,2026-02-23,daejeon-dong,자치행정과,맛청,민선8기 주요 사업 홍보 방안 마련,616000,01939b047b3e42b5530d0c78e9cb1932fdc84d724067b9dbdb35a135601b6981,sheet1:R35,,,
01939b047b3e42b5-sheet1-R36,2026-02-23,daejeon-dong,자치행정과,리셉션,민선8기 주요 사업 홍보 방안 마련,101000,01939b047b3e42b5530d0c78e9cb1932fdc84d724067b9dbdb35a135601b6981,sheet1:R36,,,
01939b047b3e42b5-sheet1-R37,2026-02-24,daejeon-dong,자치행정과,대전한우,민선8기 주요 사업 홍보 방안 마련 등 언론사와 협조체계 구축,470000,01939b047b3e42b5530d0c78e9cb1932fdc84d724067b9dbdb35a135601b6981,sheet1:R37,,,
01939b047b3e42b5-sheet1-R38,2026-02-25,daejeon-dong,자치행정과,플레이스플로라,보육 현안 공유 및 보육정책 개선방안 논의 등,420000,01939b047b3e42b5530d0c78e9cb1932fdc84d724067b9dbdb35a135601b6981,sheet1:R38,,,
01939b047b3e42b5-sheet1-R39,2026-02-26,daejeon-dong,자치행정과,온향,지역 맞춤형 과학․미래교육 정책 및 프로그램 운영 방향 모색,116500,01939b047b3e42b5530d0c78e9cb1932fdc84d724067b9dbdb35a135601b6981,sheet1:R39,,,
01939b047b3e42b5-sheet1-R40,2026-02-28,daejeon-dong,자치행정과,캠프603,다자녀 가정 대상 저출산 대응 정책 제안 등 의견수렴,197500,01939b047b3e42b5530d0c78e9cb1932fdc84d724067b9dbdb35a135601b6981,sheet1:R40,,,
6bb99b911a62c5fe-sheet1-R6,2026-01-19,daejeon-dong,판암2동,드라이어드 샘,민원실 직원 간담회,96800,6bb99b911a62c5fe21d7001e2b5e71577cdf6b6686d05a17b1e0fc015b78c288,sheet1:R6,,,
4acd27603c241be8-sheet1-R6,2026-02-20,daejeon-dong,판암2동,동서회관,직원 격려,140000,4acd27603c241be874386ab471509ef822d19409b4625ffcee1c77eddd920d1f,sheet1:R6,,,
a201e8a60d6bb089-sheet1-R7,2026-04-01,daejeon-dong,대동행정복지센터,하늘마을마을관리사회적협동조합,통장협의회 간담회,40000,a201e8a60d6bb089c37a076aa8e10699e2c5c313d3aed8341a779db05045ac7e,sheet1:R7,,,
a201e8a60d6bb089-sheet1-R8,2026-04-07,daejeon-dong,대동행정복지센터,복짬뽕,새마을문고 간담회,49000,a201e8a60d6bb089c37a076aa8e10699e2c5c313d3aed8341a779db05045ac7e,sheet1:R8,,,
a201e8a60d6bb089-sheet1-R9,2026-04-09,daejeon-dong,대동행정복지센터,신선칼국수,통장협의회 간담회,42000,a201e8a60d6bb089c37a076aa8e10699e2c5c313d3aed8341a779db05045ac7e,sheet1:R9,,,
a201e8a60d6bb089-sheet1-R10,2026-04-09,daejeon-dong,대동행정복지센터,빽다방 대전우송대점,통장협의회 간담회,16000,a201e8a60d6bb089c37a076aa8e10699e2c5c313d3aed8341a779db05045ac7e,sheet1:R10,,,
a201e8a60d6bb089-sheet1-R11,2026-04-09,daejeon-dong,대동행정복지센터,하늘마을마을관리사회적협동조합,비상대책위원회 간담회,15000,a201e8a60d6bb089c37a076aa8e10699e2c5c313d3aed8341a779db05045ac7e,sheet1:R11,,,
a201e8a60d6bb089-sheet1-R12,2026-04-13,daejeon-dong,대동행정복지센터,방일해장국,지역사회보장협의체 간담회,92000,a201e8a60d6bb089c37a076aa8e10699e2c5c313d3aed8341a779db05045ac7e,sheet1:R12,,,
a201e8a60d6bb089-sheet1-R13,2026-04-14,daejeon-dong,대동행정복지센터,씨유 대청댐휴게소점,자원봉사회 간담회,21500,a201e8a60d6bb089c37a076aa8e10699e2c5c313d3aed8341a779db05045ac7e,sheet1:R13,,,
a201e8a60d6bb089-sheet1-R14,2026-04-16,daejeon-dong,대동행정복지센터,장수파전,언론관계자 간담회,93000,a201e8a60d6bb089c37a076aa8e10699e2c5c313d3aed8341a779db05045ac7e,sheet1:R14,,,
a201e8a60d6bb089-sheet1-R15,2026-04-23,daejeon-dong,대동행정복지센터,한성식당,주민자치위원회 간담회,163000,a201e8a60d6bb089c37a076aa8e10699e2c5c313d3aed8341a779db05045ac7e,sheet1:R15,,,
a201e8a60d6bb089-sheet1-R16,2026-05-06,daejeon-dong,대동행정복지센터,하늘마을마을관리사회적협동조합,주민자치위원회 간담회,42000,a201e8a60d6bb089c37a076aa8e10699e2c5c313d3aed8341a779db05045ac7e,sheet1:R16,,,
a201e8a60d6bb089-sheet1-R17,2026-05-12,daejeon-dong,대동행정복지센터,왕산왕갈비탕,새마을부녀회 간담회,56000,a201e8a60d6bb089c37a076aa8e10699e2c5c313d3aed8341a779db05045ac7e,sheet1:R17,,,
a201e8a60d6bb089-sheet1-R18,2026-05-14,daejeon-dong,대동행정복지센터,교반 우송대점,언론관계자 간담회,25800,a201e8a60d6bb089c37a076aa8e10699e2c5c313d3aed8341a779db05045ac7e,sheet1:R18,,,
a201e8a60d6bb089-sheet1-R19,2026-05-14,daejeon-dong,대동행정복지센터,카페디귿,언론관계자 간담회,14600,a201e8a60d6bb089c37a076aa8e10699e2c5c313d3aed8341a779db05045ac7e,sheet1:R19,,,
a201e8a60d6bb089-sheet1-R20,2026-05-21,daejeon-dong,대동행정복지센터,한영식당,언론관계자 간담회,88000,a201e8a60d6bb089c37a076aa8e10699e2c5c313d3aed8341a779db05045ac7e,sheet1:R20,,,
a201e8a60d6bb089-sheet1-R21,2026-05-22,daejeon-dong,대동행정복지센터,신동아기름떡방앗간,직원격려,150000,a201e8a60d6bb089c37a076aa8e10699e2c5c313d3aed8341a779db05045ac7e,sheet1:R21,,,
a201e8a60d6bb089-sheet1-R22,2026-05-22,daejeon-dong,대동행정복지센터,워낭정육,언론관계자 간담회,350000,a201e8a60d6bb089c37a076aa8e10699e2c5c313d3aed8341a779db05045ac7e,sheet1:R22,,,
a201e8a60d6bb089-sheet1-R23,2026-05-29,daejeon-dong,대동행정복지센터,하늘마을마을관리사회적협동조합,언론관계자 간담회,40000,a201e8a60d6bb089c37a076aa8e10699e2c5c313d3aed8341a779db05045ac7e,sheet1:R23,,,
a201e8a60d6bb089-sheet1-R24,2026-06-04,daejeon-dong,대동행정복지센터,맛소야,새마을협의회 간담회,215000,a201e8a60d6bb089c37a076aa8e10699e2c5c313d3aed8341a779db05045ac7e,sheet1:R24,,,
a201e8a60d6bb089-sheet1-R25,2026-06-11,daejeon-dong,대동행정복지센터,원조태평소국밥,자율방재단 간담회,145100,a201e8a60d6bb089c37a076aa8e10699e2c5c313d3aed8341a779db05045ac7e,sheet1:R25,,,
a201e8a60d6bb089-sheet1-R26,2026-06-16,daejeon-dong,대동행정복지센터,낭만커피,새마을부녀회 간담회,64000,a201e8a60d6bb089c37a076aa8e10699e2c5c313d3aed8341a779db05045ac7e,sheet1:R26,,,
a201e8a60d6bb089-sheet1-R27,2026-06-18,daejeon-dong,대동행정복지센터,아저씨돈까스,직원격려,25500,a201e8a60d6bb089c37a076aa8e10699e2c5c313d3aed8341a779db05045ac7e,sheet1:R27,,,
a201e8a60d6bb089-sheet1-R28,2026-06-18,daejeon-dong,대동행정복지센터,사회적기업 아시아,직원격려,51000,a201e8a60d6bb089c37a076aa8e10699e2c5c313d3aed8341a779db05045ac7e,sheet1:R28,,,
a201e8a60d6bb089-sheet1-R29,2026-06-23,daejeon-dong,대동행정복지센터,박가네소머리곰탕,언론관계자 간담회,25000,a201e8a60d6bb089c37a076aa8e10699e2c5c313d3aed8341a779db05045ac7e,sheet1:R29,,,
a201e8a60d6bb089-sheet1-R30,2026-06-23,daejeon-dong,대동행정복지센터,이스턴웰스,언론관계자 간담회,5600,a201e8a60d6bb089c37a076aa8e10699e2c5c313d3aed8341a779db05045ac7e,sheet1:R30,,,
a201e8a60d6bb089-sheet1-R31,2026-06-24,daejeon-dong,대동행정복지센터,원조태평소국밥,지역사회보장협의체 간담회,135100,a201e8a60d6bb089c37a076aa8e10699e2c5c313d3aed8341a779db05045ac7e,sheet1:R31,,,
feaf41a7d8077a5f-sheet1-R5,2026-04-03,daejeon-dong,인구정책과,도미노피자,직원 격려,159500,feaf41a7d8077a5faad9f6b2d06feb84b4db00cc916a735d1e32755542fcb632,sheet1:R5,,,
feaf41a7d8077a5f-sheet1-R6,2026-04-07,daejeon-dong,인구정책과,한성식당,인구감소 대응시책 관련 전문가 자문 청취 간담회,179000,feaf41a7d8077a5faad9f6b2d06feb84b4db00cc916a735d1e32755542fcb632,sheet1:R6,,,
feaf41a7d8077a5f-sheet1-R7,2026-04-14,daejeon-dong,인구정책과,달빛에구운고등어 효동점,아이 돌봄 환경 광화를 위한 관계 시설 관계자 간담회,109000,feaf41a7d8077a5faad9f6b2d06feb84b4db00cc916a735d1e32755542fcb632,sheet1:R7,,,
feaf41a7d8077a5f-sheet1-R8,2026-04-14,daejeon-dong,인구정책과,커피봄 효동점,아이 돌봄 환경 광화를 위한 관계 시설 관계자 간담회,27100,feaf41a7d8077a5faad9f6b2d06feb84b4db00cc916a735d1e32755542fcb632,sheet1:R8,,,
feaf41a7d8077a5f-sheet1-R9,2026-04-14,daejeon-dong,인구정책과,곤지암할매소모리국밥,글로벌 드림캠퍼스 홍보 방안 등 주민의견 수렴 간담회,206000,feaf41a7d8077a5faad9f6b2d06feb84b4db00cc916a735d1e32755542fcb632,sheet1:R9,,,
feaf41a7d8077a5f-sheet1-R10,2026-04-22,daejeon-dong,인구정책과,커피봄 효동점,직원 격려,30200,feaf41a7d8077a5faad9f6b2d06feb84b4db00cc916a735d1e32755542fcb632,sheet1:R10,,,
feaf41a7d8077a5f-sheet1-R11,2026-04-22,daejeon-dong,인구정책과,기와옥순두부 효동점,직원 격려,73500,feaf41a7d8077a5faad9f6b2d06feb84b4db00cc916a735d1e32755542fcb632,sheet1:R11,,,
feaf41a7d8077a5f-sheet1-R12,2026-04-24,daejeon-dong,인구정책과,한성식당,청년정책 활성화 방안 논의를 위한 관계자 간담회,83000,feaf41a7d8077a5faad9f6b2d06feb84b4db00cc916a735d1e32755542fcb632,sheet1:R12,,,
feaf41a7d8077a5f-sheet1-R13,2026-04-24,daejeon-dong,인구정책과,숨카페,청년정책 활성화 방안 논의를 위한 관계자 간담회,18000,feaf41a7d8077a5faad9f6b2d06feb84b4db00cc916a735d1e32755542fcb632,sheet1:R13,,,
feaf41a7d8077a5f-sheet1-R14,2026-05-11,daejeon-dong,인구정책과,정가네정육식당,직원 격려,324500,feaf41a7d8077a5faad9f6b2d06feb84b4db00cc916a735d1e32755542fcb632,sheet1:R14,,,
feaf41a7d8077a5f-sheet1-R15,2026-05-18,daejeon-dong,인구정책과,청도,독서문화 확산 시책 발굴 등 의견 수렴을 위한 관계자 간담회,430000,feaf41a7d8077a5faad9f6b2d06feb84b4db00cc916a735d1e32755542fcb632,sheet1:R15,,,
feaf41a7d8077a5f-sheet1-R16,2026-05-26,daejeon-dong,인구정책과,솔코리안레스토랑,직원 격려,165000,feaf41a7d8077a5faad9f6b2d06feb84b4db00cc916a735d1e32755542fcb632,sheet1:R16,,,
feaf41a7d8077a5f-sheet1-R17,2026-05-28,daejeon-dong,인구정책과,대전짬뽕,글로벌 드림캠퍼스 운영 활성화를 위한 시설 관계자 간담회,90500,feaf41a7d8077a5faad9f6b2d06feb84b4db00cc916a735d1e32755542fcb632,sheet1:R17,,,
feaf41a7d8077a5f-sheet1-R18,2026-05-28,daejeon-dong,인구정책과,투썸플레이스,글로벌 드림캠퍼스 운영 활성화를 위한 시설 관계자 간담회,26800,feaf41a7d8077a5faad9f6b2d06feb84b4db00cc916a735d1e32755542fcb632,sheet1:R18,,,
feaf41a7d8077a5f-sheet1-R19,2026-06-19,daejeon-dong,인구정책과,대전밀면,직원 격려,46500,feaf41a7d8077a5faad9f6b2d06feb84b4db00cc916a735d1e32755542fcb632,sheet1:R19,,,
feaf41a7d8077a5f-sheet1-R20,2026-06-19,daejeon-dong,인구정책과,소소한일상카페,직원 격려,27300,feaf41a7d8077a5faad9f6b2d06feb84b4db00cc916a735d1e32755542fcb632,sheet1:R20,,,
feaf41a7d8077a5f-sheet1-R21,2026-06-19,daejeon-dong,인구정책과,이본가,2026년 하반기 구정운영방향 관련 주민 의견 청취,135000,feaf41a7d8077a5faad9f6b2d06feb84b4db00cc916a735d1e32755542fcb632,sheet1:R21,,,
feaf41a7d8077a5f-sheet2-R5,2026-04-02,daejeon-dong,인구정책과,태화장,지방소멸대응기금 등 사업발굴 관련 간담회,252000,feaf41a7d8077a5faad9f6b2d06feb84b4db00cc916a735d1e32755542fcb632,sheet2:R5,,,
feaf41a7d8077a5f-sheet2-R6,2026-04-02,daejeon-dong,인구정책과,아토,지방소멸대응기금 등 사업발굴 관련 간담회,48900,feaf41a7d8077a5faad9f6b2d06feb84b4db00cc916a735d1e32755542fcb632,sheet2:R6,,,
feaf41a7d8077a5f-sheet2-R7,2026-05-19,daejeon-dong,인구정책과,성심당,세대통합어울림센터 조성 등 관련 견학,50000,feaf41a7d8077a5faad9f6b2d06feb84b4db00cc916a735d1e32755542fcb632,sheet2:R7,,,
722847986a7de1fc-sheet1-R7,2026-04-22,daejeon-dong,토지정보과,명월본가수라상,부동산중개업 업무 간담회(한국공인중개사협회 동구지회 임원),160000,722847986a7de1fcbe929271dd0815e95cc5d605727e8b79f06d81a1d15a4f7c,sheet1:R7,,,
722847986a7de1fc-sheet1-R8,2026-06-24,daejeon-dong,토지정보과,온기솥밥,전세사기 피해 예방 업무 추진(시TF 전세사기지원센터장 및 직원),127000,722847986a7de1fcbe929271dd0815e95cc5d605727e8b79f06d81a1d15a4f7c,sheet1:R8,,,
c9ec021451f81d3c-sheet1-R7,2026-04-08,daejeon-dong,가양1동 행정복지센터,신성숯불구이,새마을문고 격려,150000,c9ec021451f81d3c9d747e67a895a22a722d489207c8e3d1ed166241f6949af0,sheet1:R7,,,
c9ec021451f81d3c-sheet1-R8,2026-05-15,daejeon-dong,가양1동 행정복지센터,솔레스토랑,직원 격려,140000,c9ec021451f81d3c9d747e67a895a22a722d489207c8e3d1ed166241f6949af0,sheet1:R8,,,
db6ba60d19597490-sheet1-R5,2026-04-10,daejeon-dong,가족지원과,모닥303,시책업무추진비지출 결의(어린이날 행사 관련자 간담회),234000,db6ba60d1959749036176b91da998cbca168e6ed43b884c3e67c47d3aa31d217,sheet1:R5,,,
db6ba60d19597490-sheet1-R6,2026-05-27,daejeon-dong,가족지원과,한국야쿠르트,2026년 제3차 사례결정위원회 회의,49000,db6ba60d1959749036176b91da998cbca168e6ed43b884c3e67c47d3aa31d217,sheet1:R6,,,
e595e81ddb3fd2cc-sheet1-R7,2026-06-12,daejeon-dong,생활보장과,"쌍청고기마을, 하늘만큼",지역자활센터 간담회,405820,e595e81ddb3fd2cc4d130c3fc9c27c0f26fb41d98d0b208827ab70ce186119b0,sheet1:R7,,,
d8c7f428bc337789-sheet1-R4,2026-06-01,daejeon-dong,자치행정과,개인(성명 비공개),민원여권과 조모상 / 부의금,50000,d8c7f428bc337789c5e6add732fd47a7951a61239cdd303594b374ff4e703be4,sheet1:R4,,,
d8c7f428bc337789-sheet1-R5,2026-06-01,daejeon-dong,자치행정과,모닥303,아동복지 담당 공무원 격려,380000,d8c7f428bc337789c5e6add732fd47a7951a61239cdd303594b374ff4e703be4,sheet1:R5,,,
d8c7f428bc337789-sheet1-R6,2026-06-02,daejeon-dong,자치행정과,개인(성명 비공개),환경과 모친상 / 부의금 환경과 장모상 / 부의금,100000,d8c7f428bc337789c5e6add732fd47a7951a61239cdd303594b374ff4e703be4,sheet1:R6,,,
d8c7f428bc337789-sheet1-R7,2026-06-02,daejeon-dong,자치행정과,가래울,5급 승진 리더 교육 수료직원 격려,144000,d8c7f428bc337789c5e6add732fd47a7951a61239cdd303594b374ff4e703be4,sheet1:R7,,,
d8c7f428bc337789-sheet1-R8,2026-06-04,daejeon-dong,자치행정과,순남시래기,회계정보과 경리팀 직원 격려,117000,d8c7f428bc337789c5e6add732fd47a7951a61239cdd303594b374ff4e703be4,sheet1:R8,,,
d8c7f428bc337789-sheet1-R9,2026-06-04,daejeon-dong,자치행정과,카페수수,회계정보과 경리팀 직원 격려,32500,d8c7f428bc337789c5e6add732fd47a7951a61239cdd303594b374ff4e703be4,sheet1:R9,,,
d8c7f428bc337789-sheet1-R10,2026-06-04,daejeon-dong,자치행정과,개인(성명 비공개),안전총괄과 채수경 조부상 / 부의금,50000,d8c7f428bc337789c5e6add732fd47a7951a61239cdd303594b374ff4e703be4,sheet1:R10,,,
d8c7f428bc337789-sheet1-R11,2026-06-05,daejeon-dong,자치행정과,태화장,관련 업무 추진 직원 격려,75000,d8c7f428bc337789c5e6add732fd47a7951a61239cdd303594b374ff4e703be4,sheet1:R11,,,
d8c7f428bc337789-sheet1-R12,2026-06-08,daejeon-dong,자치행정과,굴세상,기획홍보실 직원 격려,112000,d8c7f428bc337789c5e6add732fd47a7951a61239cdd303594b374ff4e703be4,sheet1:R12,,,
d8c7f428bc337789-sheet1-R13,2026-06-09,daejeon-dong,자치행정과,원미면옥,부속실 직원 격려,36000,d8c7f428bc337789c5e6add732fd47a7951a61239cdd303594b374ff4e703be4,sheet1:R13,,,
d8c7f428bc337789-sheet1-R14,2026-06-15,daejeon-dong,자치행정과,감골오리,삼성동 직원 격려,89000,d8c7f428bc337789c5e6add732fd47a7951a61239cdd303594b374ff4e703be4,sheet1:R14,,,
d8c7f428bc337789-sheet1-R15,2026-06-16,daejeon-dong,자치행정과,괴산올갱이국밥,대동 직원 격려,102000,d8c7f428bc337789c5e6add732fd47a7951a61239cdd303594b374ff4e703be4,sheet1:R15,,,
d8c7f428bc337789-sheet1-R16,2026-06-17,daejeon-dong,자치행정과,옥천옥,관계부서 직원 격려,62000,d8c7f428bc337789c5e6add732fd47a7951a61239cdd303594b374ff4e703be4,sheet1:R16,,,
d8c7f428bc337789-sheet1-R17,2026-06-17,daejeon-dong,자치행정과,길목카페,관계부서 직원 격려,15500,d8c7f428bc337789c5e6add732fd47a7951a61239cdd303594b374ff4e703be4,sheet1:R17,,,
d8c7f428bc337789-sheet1-R19,2026-06-22,daejeon-dong,자치행정과,원미면옥,회계정보과 직원 격려,118000,d8c7f428bc337789c5e6add732fd47a7951a61239cdd303594b374ff4e703be4,sheet1:R19,,,
d8c7f428bc337789-sheet1-R20,2026-06-22,daejeon-dong,자치행정과,레드부스,회계정보과 직원 격려,36500,d8c7f428bc337789c5e6add732fd47a7951a61239cdd303594b374ff4e703be4,sheet1:R20,,,
d8c7f428bc337789-sheet1-R21,2026-06-22,daejeon-dong,자치행정과,용전한우마을,기획홍보실 직원 격려,400000,d8c7f428bc337789c5e6add732fd47a7951a61239cdd303594b374ff4e703be4,sheet1:R21,,,
d8c7f428bc337789-sheet1-R22,2026-06-23,daejeon-dong,자치행정과,모닥303,선거 업무 추진 직원 격려,363000,d8c7f428bc337789c5e6add732fd47a7951a61239cdd303594b374ff4e703be4,sheet1:R22,,,
d8c7f428bc337789-sheet1-R23,2026-06-24,daejeon-dong,자치행정과,절골식당,안전건설국 직원 격려,125000,d8c7f428bc337789c5e6add732fd47a7951a61239cdd303594b374ff4e703be4,sheet1:R23,,,
d8c7f428bc337789-sheet1-R24,2026-06-25,daejeon-dong,자치행정과,용전한우마을,건설도로과 직원 격려,250000,d8c7f428bc337789c5e6add732fd47a7951a61239cdd303594b374ff4e703be4,sheet1:R24,,,
d8c7f428bc337789-sheet1-R26,2026-06-29,daejeon-dong,자치행정과,기자네보리밥,부속실 직원 격려,27000,d8c7f428bc337789c5e6add732fd47a7951a61239cdd303594b374ff4e703be4,sheet1:R26,,,
d8c7f428bc337789-sheet1-R27,2026-06-29,daejeon-dong,자치행정과,팔팔민물장어,간부공무원 격려,402000,d8c7f428bc337789c5e6add732fd47a7951a61239cdd303594b374ff4e703be4,sheet1:R27,,,
d8c7f428bc337789-sheet1-R30,2026-06-05,daejeon-dong,자치행정과,암소만한우촌,인구감소 대응 신규사업 발굴 등 인구정책 관련 의견수렴,344000,d8c7f428bc337789c5e6add732fd47a7951a61239cdd303594b374ff4e703be4,sheet1:R30,,,
d8c7f428bc337789-sheet1-R31,2026-06-09,daejeon-dong,자치행정과,동서장어,「용운시장 퇴근길 야시장」 추진 관련 의견수렴,173000,d8c7f428bc337789c5e6add732fd47a7951a61239cdd303594b374ff4e703be4,sheet1:R31,,,
d8c7f428bc337789-sheet1-R32,2026-06-10,daejeon-dong,자치행정과,송가칼국수,시-구 협력 청년주간행사 추진방안 논의,110000,d8c7f428bc337789c5e6add732fd47a7951a61239cdd303594b374ff4e703be4,sheet1:R32,,,
d8c7f428bc337789-sheet1-R33,2026-06-23,daejeon-dong,자치행정과,엑스포복아구전문점,아동·여성 지역 내 안전망 및 협력 기반 강화를 위한 의견수렴,98000,d8c7f428bc337789c5e6add732fd47a7951a61239cdd303594b374ff4e703be4,sheet1:R33,,,
d8c7f428bc337789-sheet1-R34,2026-06-24,daejeon-dong,자치행정과,워낭명가,고향사랑기부제 활성화를 위한 의견수렴,400000,d8c7f428bc337789c5e6add732fd47a7951a61239cdd303594b374ff4e703be4,sheet1:R34,,,
d8c7f428bc337789-sheet1-R35,2026-06-25,daejeon-dong,자치행정과,후지산,AI 행정체계 정비 및 민·관·학 협력을 통한 AI 활용모델 협력 구축 등,190000,d8c7f428bc337789c5e6add732fd47a7951a61239cdd303594b374ff4e703be4,sheet1:R35,,,
d8c7f428bc337789-sheet1-R36,2026-06-26,daejeon-dong,자치행정과,동서회관,「소제동 중앙공원 조성 지원」 관련 개선사항 논의,100000,d8c7f428bc337789c5e6add732fd47a7951a61239cdd303594b374ff4e703be4,sheet1:R36,,,
d8c7f428bc337789-sheet1-R37,2026-06-26,daejeon-dong,자치행정과,대포조개전골 월평본점,관학협력 프로그램 운영 관련 사업 발굴 등,200000,d8c7f428bc337789c5e6add732fd47a7951a61239cdd303594b374ff4e703be4,sheet1:R37,,,
d8c7f428bc337789-sheet1-R38,2026-06-30,daejeon-dong,자치행정과,워낭명가,천사의 손길 운영 활성화를 위한 의견수렴,250000,d8c7f428bc337789c5e6add732fd47a7951a61239cdd303594b374ff4e703be4,sheet1:R38,,,
c8cb30331c011af2-sheet1-R4,2026-06-01,daejeon-dong,자치행정과,개인(성명 비공개),민원여권과 조모상 / 부의금,50000,c8cb30331c011af22ef0507b63d9f3ca5447b1b62faedf79514748198688bb15,sheet1:R4,,,
c8cb30331c011af2-sheet1-R5,2026-06-12,daejeon-dong,자치행정과,메밀고개시골막국수,부속실 직원 격려,33000,c8cb30331c011af22ef0507b63d9f3ca5447b1b62faedf79514748198688bb15,sheet1:R5,,,
c8cb30331c011af2-sheet1-R6,2026-06-25,daejeon-dong,자치행정과,개인(성명 비공개),세정과 여혼 / 축의금,50000,c8cb30331c011af22ef0507b63d9f3ca5447b1b62faedf79514748198688bb15,sheet1:R6,,,
c8cb30331c011af2-sheet1-R9,2026-06-02,daejeon-dong,자치행정과,우신집,주민참여예산 추진 관련 의견수렴,72000,c8cb30331c011af22ef0507b63d9f3ca5447b1b62faedf79514748198688bb15,sheet1:R9,,,
c8cb30331c011af2-sheet1-R10,2026-06-04,daejeon-dong,자치행정과,기자네보리밥,자원봉사 활성화를 위한 의견수렴,27000,c8cb30331c011af22ef0507b63d9f3ca5447b1b62faedf79514748198688bb15,sheet1:R10,,,
c8cb30331c011af2-sheet1-R11,2026-06-10,daejeon-dong,자치행정과,금성각,동 주민자치위원회 운영현황 및 동 주요 건의사항 논의,110000,c8cb30331c011af22ef0507b63d9f3ca5447b1b62faedf79514748198688bb15,sheet1:R11,,,
c8cb30331c011af2-sheet1-R12,2026-06-15,daejeon-dong,자치행정과,손이가어죽칼국수,새마을회 성과 공유 및 향후 활동 방향 논의,94000,c8cb30331c011af22ef0507b63d9f3ca5447b1b62faedf79514748198688bb15,sheet1:R12,,,
c8cb30331c011af2-sheet1-R13,2026-06-24,daejeon-dong,자치행정과,방실이네식당,새마을부녀회 협력사업 발굴 및 활동계획 의견 수렴,24000,c8cb30331c011af22ef0507b63d9f3ca5447b1b62faedf79514748198688bb15,sheet1:R13,,,
c8cb30331c011af2-sheet1-R14,2026-06-30,daejeon-dong,자치행정과,반지하,동 주민자치위원회 운영현황 및 동 주요 건의사항 논의,270000,c8cb30331c011af22ef0507b63d9f3ca5447b1b62faedf79514748198688bb15,sheet1:R14,,,
9bf8135bb2f0b1e6-sheet2-R7,2026-05-18,daejeon-dong,판암1동,제주숯불갈비명가,판암사회복지관 간담회,167000,9bf8135bb2f0b1e692884a0697d2f98db47bf1758fc70611d3d8fef4549f9367,sheet2:R7,,,
9bf8135bb2f0b1e6-sheet2-R8,2026-05-19,daejeon-dong,판암1동,금광식당,새마을부녀회 간담회,147000,9bf8135bb2f0b1e692884a0697d2f98db47bf1758fc70611d3d8fef4549f9367,sheet2:R8,,,
9bf8135bb2f0b1e6-sheet3-R7,2026-06-04,daejeon-dong,판암1동,동서회관,복지만두레 간담회,490000,9bf8135bb2f0b1e692884a0697d2f98db47bf1758fc70611d3d8fef4549f9367,sheet3:R7,,,
9bf8135bb2f0b1e6-sheet3-R8,2026-04-12,daejeon-dong,판암1동,동서회관,주민자치위원회 간담회,490000,9bf8135bb2f0b1e692884a0697d2f98db47bf1758fc70611d3d8fef4549f9367,sheet3:R8,,,
e75dcb740957ef37-sheet1-R7,2026-04-01,daejeon-dong,일자리경제과,모닥303,골목형상점가 지정 확대를 위한 관계자 간담회,56000,e75dcb740957ef37ef0afa24b9c8691954f4300f4260c1aef6598be8d0e8f134,sheet1:R7,,,
e75dcb740957ef37-sheet1-R8,2026-04-01,daejeon-dong,일자리경제과,초콜릿정원,효평마루 꿈드림 예술 창작 놀이터 개관식 추진 관련 직원 격려,51500,e75dcb740957ef37ef0afa24b9c8691954f4300f4260c1aef6598be8d0e8f134,sheet1:R8,,,
e75dcb740957ef37-sheet1-R9,2026-04-02,daejeon-dong,일자리경제과,"따봉시래기, 보드레",2025년 회계 결산검사 및 주요사업 설명 간담회,281600,e75dcb740957ef37ef0afa24b9c8691954f4300f4260c1aef6598be8d0e8f134,sheet1:R9,,,
e75dcb740957ef37-sheet1-R10,2026-04-03,daejeon-dong,일자리경제과,"장가네대구왕뽈데기, 낭만커피","소상공인 시설개선 지원사업 점프업, 중앙시장 활성화구역 옥상방수 공사 등 사업추진 직원 격려",87000,e75dcb740957ef37ef0afa24b9c8691954f4300f4260c1aef6598be8d0e8f134,sheet1:R10,,,
e75dcb740957ef37-sheet1-R11,2026-04-06,daejeon-dong,일자리경제과,"기와옥순두부, 커피봄",2026년 대청호 벚꽃길 마라톤 대회 추진 관계자 간담회,33000,e75dcb740957ef37ef0afa24b9c8691954f4300f4260c1aef6598be8d0e8f134,sheet1:R11,,,
e75dcb740957ef37-sheet1-R12,2026-04-07,daejeon-dong,일자리경제과,리프레쉬보올,2026년 지역산업맞춤형일자리창출 지원사업 관계자 간담회,64300,e75dcb740957ef37ef0afa24b9c8691954f4300f4260c1aef6598be8d0e8f134,sheet1:R12,,,
e75dcb740957ef37-sheet1-R13,2026-04-08,daejeon-dong,일자리경제과,소담,2026년 시군구연고산업육성 협업프로젝트 사업 관계자 간담회,80000,e75dcb740957ef37ef0afa24b9c8691954f4300f4260c1aef6598be8d0e8f134,sheet1:R13,,,
e75dcb740957ef37-sheet1-R14,2026-04-14,daejeon-dong,일자리경제과,경조사(오세희),경조사비 지출,50000,e75dcb740957ef37ef0afa24b9c8691954f4300f4260c1aef6598be8d0e8f134,sheet1:R14,,,
e75dcb740957ef37-sheet1-R15,2026-04-15,daejeon-dong,일자리경제과,"삼동소바, 티코",고유가 피해지원금 업무추진 직원 격려,106500,e75dcb740957ef37ef0afa24b9c8691954f4300f4260c1aef6598be8d0e8f134,sheet1:R15,,,
e75dcb740957ef37-sheet1-R16,2026-04-21,daejeon-dong,일자리경제과,메밀고개시골막국수,2026년 화목한 문화산책 추진 관계자 간담회,37000,e75dcb740957ef37ef0afa24b9c8691954f4300f4260c1aef6598be8d0e8f134,sheet1:R16,,,
e75dcb740957ef37-sheet1-R17,2026-04-22,daejeon-dong,일자리경제과,"기자네보리밥, 보드레",전통시장 육성사업(백년사업) 공모 추진 직원 격려,79100,e75dcb740957ef37ef0afa24b9c8691954f4300f4260c1aef6598be8d0e8f134,sheet1:R17,,,
e75dcb740957ef37-sheet1-R18,2026-04-30,daejeon-dong,일자리경제과,"기와옥순두부, 커피봄",중앙메가프라자 시설개선 사업 추진 관련 직원 격려,34000,e75dcb740957ef37ef0afa24b9c8691954f4300f4260c1aef6598be8d0e8f134,sheet1:R18,,,
e75dcb740957ef37-sheet1-R19,2026-04-30,daejeon-dong,일자리경제과,조대포 가든식당,캔들라이트 콘서트 관련 관계자 간담회,175000,e75dcb740957ef37ef0afa24b9c8691954f4300f4260c1aef6598be8d0e8f134,sheet1:R19,,,
e75dcb740957ef37-sheet1-R20,2026-05-06,daejeon-dong,일자리경제과,"왕가네돈가스, 카페나길",2027년 재생에너지 융복합지원사업 추진 관계자 간담회,46800,e75dcb740957ef37ef0afa24b9c8691954f4300f4260c1aef6598be8d0e8f134,sheet1:R20,,,
e75dcb740957ef37-sheet1-R21,2026-05-07,daejeon-dong,일자리경제과,"해주육전냉면, 투썸플레이스",2026년 대청호 장미전시회 개최 준비 직원 격려,43400,e75dcb740957ef37ef0afa24b9c8691954f4300f4260c1aef6598be8d0e8f134,sheet1:R21,,,
e75dcb740957ef37-sheet1-R22,2026-05-19,daejeon-dong,일자리경제과,"오유키친, 보드레",효평마루 꿈드림 예술 창작 놀이터 관련 관계자 간담회,125600,e75dcb740957ef37ef0afa24b9c8691954f4300f4260c1aef6598be8d0e8f134,sheet1:R22,,,
e75dcb740957ef37-sheet1-R23,2026-05-21,daejeon-dong,일자리경제과,경조사(강미연),경조사비 지출,50000,e75dcb740957ef37ef0afa24b9c8691954f4300f4260c1aef6598be8d0e8f134,sheet1:R23,,,
e75dcb740957ef37-sheet1-R24,2026-05-27,daejeon-dong,일자리경제과,"따봉시래기, 보드레",동구 생활체육 활성화 방안 논의 관련 관계자 간담회,41000,e75dcb740957ef37ef0afa24b9c8691954f4300f4260c1aef6598be8d0e8f134,sheet1:R24,,,
e75dcb740957ef37-sheet1-R25,2026-05-28,daejeon-dong,일자리경제과,"유성순대, 티코",공장시설 집중안전점검 업무추진 직원 격려,49500,e75dcb740957ef37ef0afa24b9c8691954f4300f4260c1aef6598be8d0e8f134,sheet1:R25,,,
e75dcb740957ef37-sheet1-R26,2026-06-02,daejeon-dong,일자리경제과,"따봉시래기, 보드레",문화관광형 특성화시장 육성사업 퇴근길 야시장 추진 관계자 간담회,93500,e75dcb740957ef37ef0afa24b9c8691954f4300f4260c1aef6598be8d0e8f134,sheet1:R26,,,
e75dcb740957ef37-sheet1-R27,2026-06-04,daejeon-dong,일자리경제과,포크커피,고유가 피해지원금 TF팀 업무추진 격려,109450,e75dcb740957ef37ef0afa24b9c8691954f4300f4260c1aef6598be8d0e8f134,sheet1:R27,,,
e75dcb740957ef37-sheet1-R28,2026-06-05,daejeon-dong,일자리경제과,"따봉시래기, 보드레",백년시장 육성사업 추진 관계자 간담회,83700,e75dcb740957ef37ef0afa24b9c8691954f4300f4260c1aef6598be8d0e8f134,sheet1:R28,,,
e75dcb740957ef37-sheet1-R29,2026-06-08,daejeon-dong,일자리경제과,"올면키친, 투림카페",2026년 원도심 미식투어 추진 관계자 간담회,57000,e75dcb740957ef37ef0afa24b9c8691954f4300f4260c1aef6598be8d0e8f134,sheet1:R29,,,
e75dcb740957ef37-sheet1-R30,2026-06-09,daejeon-dong,일자리경제과,"기자네보리밥, 카페나길",직업소개사업 지도점검 업무추진 격려,29600,e75dcb740957ef37ef0afa24b9c8691954f4300f4260c1aef6598be8d0e8f134,sheet1:R30,,,
e75dcb740957ef37-sheet1-R31,2026-06-10,daejeon-dong,일자리경제과,금촌신관,백년시장 국민참여 평가 관련 관계자 간담회,96000,e75dcb740957ef37ef0afa24b9c8691954f4300f4260c1aef6598be8d0e8f134,sheet1:R31,,,
e75dcb740957ef37-sheet1-R32,2026-06-12,daejeon-dong,일자리경제과,"개천식당, 한영카페",민선9기 관련 발전방안 논의,70000,e75dcb740957ef37ef0afa24b9c8691954f4300f4260c1aef6598be8d0e8f134,sheet1:R32,,,
e75dcb740957ef37-sheet1-R33,2026-06-16,daejeon-dong,일자리경제과,"해주육전냉면, 보드레",판암골 단오한마당 준비사항 점검 관계자 간담회,53500,e75dcb740957ef37ef0afa24b9c8691954f4300f4260c1aef6598be8d0e8f134,sheet1:R33,,,
e75dcb740957ef37-sheet1-R34,2026-06-17,daejeon-dong,일자리경제과,"따봉시래기, 보드레",가양동 골목형상점가 지정 관련 관계자 간담회,118200,e75dcb740957ef37ef0afa24b9c8691954f4300f4260c1aef6598be8d0e8f134,sheet1:R34,,,
e75dcb740957ef37-sheet1-R35,2026-06-18,daejeon-dong,일자리경제과,"윈섬, 보드레",백년시장 육성사업 공모 선정 관련 직원 격려,65100,e75dcb740957ef37ef0afa24b9c8691954f4300f4260c1aef6598be8d0e8f134,sheet1:R35,,,
e75dcb740957ef37-sheet1-R36,2026-06-22,daejeon-dong,일자리경제과,"나룻터식당, 달미테",2026년 동구동락 축제 추진 관계자 간담회,28000,e75dcb740957ef37ef0afa24b9c8691954f4300f4260c1aef6598be8d0e8f134,sheet1:R36,,,
e75dcb740957ef37-sheet1-R37,2026-06-23,daejeon-dong,일자리경제과,"리프레쉬보올, 라운지커뮤니티센터",대별지구 산업단지 조성사업 논의를 위한 간담회,45400,e75dcb740957ef37ef0afa24b9c8691954f4300f4260c1aef6598be8d0e8f134,sheet1:R37,,,
e75dcb740957ef37-sheet1-R38,2026-06-24,daejeon-dong,일자리경제과,"오유키친, 보드레",사회적경제혁신타운 현장방문 준비 관련 간담회,74400,e75dcb740957ef37ef0afa24b9c8691954f4300f4260c1aef6598be8d0e8f134,sheet1:R38,,,
e75dcb740957ef37-sheet1-R39,2026-06-25,daejeon-dong,일자리경제과,"자연을담다명가순두부, 카페나르",해뜨는 용운시장 퇴근길 야시장 관련 관계자 간담회,117700,e75dcb740957ef37ef0afa24b9c8691954f4300f4260c1aef6598be8d0e8f134,sheet1:R39,,,
e75dcb740957ef37-sheet1-R40,2026-06-26,daejeon-dong,일자리경제과,경조사(전수진),경조사비 지출,50000,e75dcb740957ef37ef0afa24b9c8691954f4300f4260c1aef6598be8d0e8f134,sheet1:R40,,,
e75dcb740957ef37-sheet1-R41,2026-06-30,daejeon-dong,일자리경제과,"메밀고개시골막국수, 스타벅스",동물보호 시책 추진 직원 격려,41200,e75dcb740957ef37ef0afa24b9c8691954f4300f4260c1aef6598be8d0e8f134,sheet1:R41,,,
78f77d1925478b96-sheet1-R7,2026-04-17,daejeon-dong,일자리경제과,유성갈비(동구 산내로 1339),"지역공동체일자리사업 추진관련 / 일자리경제과장, 담당자, 일자리지원센터 근로자",180000,78f77d1925478b96d62d7fa692f520ceb0df8b0dacfbfd7ec4c097f88e947096,sheet1:R7,,,
78f77d1925478b96-sheet1-R8,2026-05-15,daejeon-dong,일자리경제과,함경도집(동구 대전로791번길 32),"전통시장 고객선지키기 캠페인 및 관계자회의 / 일자리경제과장, 시장활성화팀, 중앙시장상인회",93000,78f77d1925478b96d62d7fa692f520ceb0df8b0dacfbfd7ec4c097f88e947096,sheet1:R8,,,
78f77d1925478b96-sheet1-R9,2026-05-18,daejeon-dong,일자리경제과,"왕가네 돈가스(가오동 472), 카페나길(가오동 469)","2차 고유가 피해지원금 관계자 회의 / 일자리경제과장,경제정책팀, 고유가피해지원금 TF팀 등",176000,78f77d1925478b96d62d7fa692f520ceb0df8b0dacfbfd7ec4c097f88e947096,sheet1:R9,,,
0562bce44426c228-sheet1-R7,2026-04-03,daejeon-dong,성남동행정복지센터,-,직원 축의금,50000,0562bce44426c22879dd2da392955357e58b61d1e52b3e0a58dd5779c760bc89,sheet1:R7,,,
0562bce44426c228-sheet1-R8,2026-04-21,daejeon-dong,성남동행정복지센터,착한낙지 용전점,직원 격려,146000,0562bce44426c22879dd2da392955357e58b61d1e52b3e0a58dd5779c760bc89,sheet1:R8,,,
0562bce44426c228-sheet1-R9,2026-04-21,daejeon-dong,성남동행정복지센터,이디야커피 대전홍도점,직원 격려,30600,0562bce44426c22879dd2da392955357e58b61d1e52b3e0a58dd5779c760bc89,sheet1:R9,,,
0562bce44426c228-sheet1-R10,2026-05-21,daejeon-dong,성남동행정복지센터,굴자랑,지역사회보장협의체 간담회,81000,0562bce44426c22879dd2da392955357e58b61d1e52b3e0a58dd5779c760bc89,sheet1:R10,,,
0562bce44426c228-sheet1-R11,2026-06-30,daejeon-dong,성남동행정복지센터,옥류관,관내 자생단체 임원 간담회,55000,0562bce44426c22879dd2da392955357e58b61d1e52b3e0a58dd5779c760bc89,sheet1:R11,,,
69b1298c92b81dbe-sheet1-R6,2026-04-07,daejeon-dong,질병관리과,복록식당,건강돌봄팀 직원 격려,16000,69b1298c92b81dbea39e27fe7942927d71ecb5035108403e74386a6c9301dae5,sheet1:R6,,,
69b1298c92b81dbe-sheet1-R7,2026-04-17,daejeon-dong,질병관리과,곰수산회수산물센타,정신건강팀 직원 격려,42000,69b1298c92b81dbea39e27fe7942927d71ecb5035108403e74386a6c9301dae5,sheet1:R7,,,
69b1298c92b81dbe-sheet1-R8,2026-04-21,daejeon-dong,질병관리과,라비아,건강생활지원과 직원 격려,33300,69b1298c92b81dbea39e27fe7942927d71ecb5035108403e74386a6c9301dae5,sheet1:R8,,,
69b1298c92b81dbe-sheet1-R9,2026-04-27,daejeon-dong,질병관리과,손의손 가오점,의료지원팀 직원 격려,26000,69b1298c92b81dbea39e27fe7942927d71ecb5035108403e74386a6c9301dae5,sheet1:R9,,,
69b1298c92b81dbe-sheet1-R10,2026-04-29,daejeon-dong,질병관리과,카페길우,질병관리과 직원 격려,22000,69b1298c92b81dbea39e27fe7942927d71ecb5035108403e74386a6c9301dae5,sheet1:R10,,,
69b1298c92b81dbe-sheet1-R11,2026-04-30,daejeon-dong,질병관리과,사랑방,건강증진팀 직원 격려,36000,69b1298c92b81dbea39e27fe7942927d71ecb5035108403e74386a6c9301dae5,sheet1:R11,,,
69b1298c92b81dbe-sheet1-R12,2026-04-30,daejeon-dong,질병관리과,호호카페,건강증진팀 직원 격려,15000,69b1298c92b81dbea39e27fe7942927d71ecb5035108403e74386a6c9301dae5,sheet1:R12,,,
69b1298c92b81dbe-sheet1-R13,2026-05-11,daejeon-dong,질병관리과,사랑방,신속대응반 직원 격려,56000,69b1298c92b81dbea39e27fe7942927d71ecb5035108403e74386a6c9301dae5,sheet1:R13,,,
69b1298c92b81dbe-sheet1-R14,2026-05-11,daejeon-dong,질병관리과,호호카페,신속대응반 직원 격려,20000,69b1298c92b81dbea39e27fe7942927d71ecb5035108403e74386a6c9301dae5,sheet1:R14,,,
69b1298c92b81dbe-sheet1-R15,2026-05-14,daejeon-dong,질병관리과,만인산휴양림,2026년 상반기 대전경찰청 주관 대테러 합동훈련 참여 직원 격려,14000,69b1298c92b81dbea39e27fe7942927d71ecb5035108403e74386a6c9301dae5,sheet1:R15,,,
69b1298c92b81dbe-sheet1-R16,2026-05-14,daejeon-dong,질병관리과,만인산휴양림,2026년 상반기 대전경찰청 주관 대테러 합동훈련 참여 직원 격려,24500,69b1298c92b81dbea39e27fe7942927d71ecb5035108403e74386a6c9301dae5,sheet1:R16,,,
69b1298c92b81dbe-sheet1-R17,2026-05-15,daejeon-dong,질병관리과,순이네숯불갈비,예방접종실 직원 격려,45000,69b1298c92b81dbea39e27fe7942927d71ecb5035108403e74386a6c9301dae5,sheet1:R17,,,
69b1298c92b81dbe-sheet1-R18,2026-05-19,daejeon-dong,질병관리과,개인(성명 비공개),경조사비,50000,69b1298c92b81dbea39e27fe7942927d71ecb5035108403e74386a6c9301dae5,sheet1:R18,,,
69b1298c92b81dbe-sheet1-R19,2026-05-19,daejeon-dong,질병관리과,솔레스토랑,질병관리과 직원 격려,29800,69b1298c92b81dbea39e27fe7942927d71ecb5035108403e74386a6c9301dae5,sheet1:R19,,,
69b1298c92b81dbe-sheet1-R20,2026-05-19,daejeon-dong,질병관리과,솔라씨,질병관리과 직원 격려,7500,69b1298c92b81dbea39e27fe7942927d71ecb5035108403e74386a6c9301dae5,sheet1:R20,,,
69b1298c92b81dbe-sheet1-R21,2026-05-28,daejeon-dong,질병관리과,사랑방,재난대비 긴급구조 종합훈련 참여 직원 격려,135000,69b1298c92b81dbea39e27fe7942927d71ecb5035108403e74386a6c9301dae5,sheet1:R21,,,
69b1298c92b81dbe-sheet1-R22,2026-05-28,daejeon-dong,질병관리과,호호카페,재난대비 긴급구조 종합훈련 참여 직원 격려,48500,69b1298c92b81dbea39e27fe7942927d71ecb5035108403e74386a6c9301dae5,sheet1:R22,,,
69b1298c92b81dbe-sheet1-R23,2026-06-02,daejeon-dong,질병관리과,신토불이추어탕민물장어전문점,치매안심센터 직원 격려,48000,69b1298c92b81dbea39e27fe7942927d71ecb5035108403e74386a6c9301dae5,sheet1:R23,,,
69b1298c92b81dbe-sheet1-R24,2026-06-11,daejeon-dong,질병관리과,사랑방,보건소 직원 격려,68000,69b1298c92b81dbea39e27fe7942927d71ecb5035108403e74386a6c9301dae5,sheet1:R24,,,
69b1298c92b81dbe-sheet1-R25,2026-06-16,daejeon-dong,질병관리과,카페91,보건소 직원 격려,17120,69b1298c92b81dbea39e27fe7942927d71ecb5035108403e74386a6c9301dae5,sheet1:R25,,,
69b1298c92b81dbe-sheet1-R26,2026-06-26,daejeon-dong,질병관리과,대전소머리국밥,보건행정팀 직원 격려,40000,69b1298c92b81dbea39e27fe7942927d71ecb5035108403e74386a6c9301dae5,sheet1:R26,,,
69b1298c92b81dbe-sheet2-R6,2026-04-01,daejeon-dong,질병관리과,사랑방,스마트경로당 건강교실 운영 관련 관계자 간담회,150000,69b1298c92b81dbea39e27fe7942927d71ecb5035108403e74386a6c9301dae5,sheet2:R6,,,
69b1298c92b81dbe-sheet2-R7,2026-04-08,daejeon-dong,질병관리과,곰수산회수산물센타,예산·재무회계 결산검사 위원 의견수렴 및 노고 격려,195000,69b1298c92b81dbea39e27fe7942927d71ecb5035108403e74386a6c9301dae5,sheet2:R7,,,
69b1298c92b81dbe-sheet2-R8,2026-04-08,daejeon-dong,질병관리과,카페121,예산·재무회계 결산검사 위원 의견수렴 및 노고 격려,65200,69b1298c92b81dbea39e27fe7942927d71ecb5035108403e74386a6c9301dae5,sheet2:R8,,,
69b1298c92b81dbe-sheet2-R9,2026-05-13,daejeon-dong,질병관리과,외식,방역소독 민간대행 관계자 간담회,161000,69b1298c92b81dbea39e27fe7942927d71ecb5035108403e74386a6c9301dae5,sheet2:R9,,,
69b1298c92b81dbe-sheet2-R10,2026-06-08,daejeon-dong,질병관리과,조선화로집 가양점,심뇌혈관질환예방사업 관계자 간담회,48000,69b1298c92b81dbea39e27fe7942927d71ecb5035108403e74386a6c9301dae5,sheet2:R10,,,
69b1298c92b81dbe-sheet2-R11,2026-06-08,daejeon-dong,질병관리과,굿빈스 동구시니어클럽,심뇌혈관질환예방사업 관계자 간담회,8000,69b1298c92b81dbea39e27fe7942927d71ecb5035108403e74386a6c9301dae5,sheet2:R11,,,
69b1298c92b81dbe-sheet2-R12,2026-06-16,daejeon-dong,질병관리과,삼동소바 가오점,구강보건사업 관계자 간담회,62000,69b1298c92b81dbea39e27fe7942927d71ecb5035108403e74386a6c9301dae5,sheet2:R12,,,
69b1298c92b81dbe-sheet2-R13,2026-06-17,daejeon-dong,질병관리과,곰수산회수산물센타,치매안심센터 지역사회협의체 회의,111000,69b1298c92b81dbea39e27fe7942927d71ecb5035108403e74386a6c9301dae5,sheet2:R13,,,
9d8841ffcd515bdf-sheet1-R4,2026-04-03,daejeon-dong,복지정책과,"산내돌짜장, 카페하소",복지관장 간담회,297900,9d8841ffcd515bdf28ef52ffe14cc64fc27fb62957fa6770ba477dedb971b54d,sheet1:R4,,,
9d8841ffcd515bdf-sheet1-R5,2026-04-06,daejeon-dong,복지정책과,"초미당,베이커리킥",환경연합회 간담회,233500,9d8841ffcd515bdf28ef52ffe14cc64fc27fb62957fa6770ba477dedb971b54d,sheet1:R5,,,
9d8841ffcd515bdf-sheet1-R6,2026-04-17,daejeon-dong,복지정책과,쿠우쿠우,부서회식,71000,9d8841ffcd515bdf28ef52ffe14cc64fc27fb62957fa6770ba477dedb971b54d,sheet1:R6,,,
9d8841ffcd515bdf-sheet1-R7,2026-04-20,daejeon-dong,복지정책과,"모락모락, 코페이",보훈단체 간담회,144150,9d8841ffcd515bdf28ef52ffe14cc64fc27fb62957fa6770ba477dedb971b54d,sheet1:R7,,,
9d8841ffcd515bdf-sheet1-R8,2026-04-23,daejeon-dong,복지정책과,"참살이콩이야기,소소한일상",지역사회통합돌봄서비스 수행기관간담회,95300,9d8841ffcd515bdf28ef52ffe14cc64fc27fb62957fa6770ba477dedb971b54d,sheet1:R8,,,
9d8841ffcd515bdf-sheet1-R9,2026-04-24,daejeon-dong,복지정책과,팀쿡,통합돌봄제공기관 간담회,232000,9d8841ffcd515bdf28ef52ffe14cc64fc27fb62957fa6770ba477dedb971b54d,sheet1:R9,,,
9d8841ffcd515bdf-sheet1-R10,2026-04-27,daejeon-dong,복지정책과,장애인일터함께,직원원두구입,412500,9d8841ffcd515bdf28ef52ffe14cc64fc27fb62957fa6770ba477dedb971b54d,sheet1:R10,,,
9d8841ffcd515bdf-sheet1-R11,2026-05-07,daejeon-dong,복지정책과,"락원간제미,카페라곰",지역자활센터 간담회,249000,9d8841ffcd515bdf28ef52ffe14cc64fc27fb62957fa6770ba477dedb971b54d,sheet1:R11,,,
9d8841ffcd515bdf-sheet1-R12,2026-05-11,daejeon-dong,복지정책과,개인(성명 비공개),직원경조사,50000,9d8841ffcd515bdf28ef52ffe14cc64fc27fb62957fa6770ba477dedb971b54d,sheet1:R12,,,
9d8841ffcd515bdf-sheet1-R13,2026-05-12,daejeon-dong,복지정책과,미란칼국수,직원격려,51000,9d8841ffcd515bdf28ef52ffe14cc64fc27fb62957fa6770ba477dedb971b54d,sheet1:R13,,,
9d8841ffcd515bdf-sheet1-R14,2026-05-13,daejeon-dong,복지정책과,팀쿡,통합돌봄제공기관 간담회,221000,9d8841ffcd515bdf28ef52ffe14cc64fc27fb62957fa6770ba477dedb971b54d,sheet1:R14,,,
9d8841ffcd515bdf-sheet1-R15,2026-05-14,daejeon-dong,복지정책과,임해조볼테기찜,보훈단체 간담회,272000,9d8841ffcd515bdf28ef52ffe14cc64fc27fb62957fa6770ba477dedb971b54d,sheet1:R15,,,
9d8841ffcd515bdf-sheet1-R16,2026-05-14,daejeon-dong,복지정책과,"미도리,미도리카페",직원격려,90850,9d8841ffcd515bdf28ef52ffe14cc64fc27fb62957fa6770ba477dedb971b54d,sheet1:R16,,,
9d8841ffcd515bdf-sheet1-R17,2026-05-21,daejeon-dong,복지정책과,"원섬,투썸플레이스",직원격려,122800,9d8841ffcd515bdf28ef52ffe14cc64fc27fb62957fa6770ba477dedb971b54d,sheet1:R17,,,
9d8841ffcd515bdf-sheet1-R18,2026-05-22,daejeon-dong,복지정책과,아침에 과일,의료요양 통합지원회의,200000,9d8841ffcd515bdf28ef52ffe14cc64fc27fb62957fa6770ba477dedb971b54d,sheet1:R18,,,
9d8841ffcd515bdf-sheet1-R19,2026-05-28,daejeon-dong,복지정책과,"가래울가든,이웃커피",고독사예방제공기관간담회,158500,9d8841ffcd515bdf28ef52ffe14cc64fc27fb62957fa6770ba477dedb971b54d,sheet1:R19,,,
9d8841ffcd515bdf-sheet1-R20,2026-06-02,daejeon-dong,복지정책과,"정참치, 보드레",보훈단체 간담회,137900,9d8841ffcd515bdf28ef52ffe14cc64fc27fb62957fa6770ba477dedb971b54d,sheet1:R20,,,
9d8841ffcd515bdf-sheet1-R21,2026-06-04,daejeon-dong,복지정책과,금광식당,돌봄수행기관 간담회,270000,9d8841ffcd515bdf28ef52ffe14cc64fc27fb62957fa6770ba477dedb971b54d,sheet1:R21,,,
9d8841ffcd515bdf-sheet1-R22,2026-06-09,daejeon-dong,복지정책과,"산너머토시골, 마타리",보훈단체 간담회,202000,9d8841ffcd515bdf28ef52ffe14cc64fc27fb62957fa6770ba477dedb971b54d,sheet1:R22,,,
9d8841ffcd515bdf-sheet1-R23,2026-06-10,daejeon-dong,복지정책과,개인(성명 비공개),직원경조사,50000,9d8841ffcd515bdf28ef52ffe14cc64fc27fb62957fa6770ba477dedb971b54d,sheet1:R23,,,
9d8841ffcd515bdf-sheet1-R24,2026-06-10,daejeon-dong,복지정책과,개인(성명 비공개),직원경조사,50000,9d8841ffcd515bdf28ef52ffe14cc64fc27fb62957fa6770ba477dedb971b54d,sheet1:R24,,,
9d8841ffcd515bdf-sheet1-R25,2026-06-10,daejeon-dong,복지정책과,"왕가네돈가스, 카페나길",직원격려,47100,9d8841ffcd515bdf28ef52ffe14cc64fc27fb62957fa6770ba477dedb971b54d,sheet1:R25,,,
9d8841ffcd515bdf-sheet1-R26,2026-06-10,daejeon-dong,복지정책과,"윈섬, 설빙",직원송별회,444300,9d8841ffcd515bdf28ef52ffe14cc64fc27fb62957fa6770ba477dedb971b54d,sheet1:R26,,,
9d8841ffcd515bdf-sheet1-R27,2026-06-12,daejeon-dong,복지정책과,장원오리,호국보훈의달 기념 위문행사,2326000,9d8841ffcd515bdf28ef52ffe14cc64fc27fb62957fa6770ba477dedb971b54d,sheet1:R27,,,
9d8841ffcd515bdf-sheet1-R28,2026-06-16,daejeon-dong,복지정책과,이본가,직원격려,51000,9d8841ffcd515bdf28ef52ffe14cc64fc27fb62957fa6770ba477dedb971b54d,sheet1:R28,,,
9d8841ffcd515bdf-sheet1-R29,2026-06-23,daejeon-dong,복지정책과,"둥구나무, 만인산휴양림",지역자활센터 간담회,137500,9d8841ffcd515bdf28ef52ffe14cc64fc27fb62957fa6770ba477dedb971b54d,sheet1:R29,,,
9d8841ffcd515bdf-sheet1-R30,2026-06-26,daejeon-dong,복지정책과,달빛구운고등어,직원격려,82000,9d8841ffcd515bdf28ef52ffe14cc64fc27fb62957fa6770ba477dedb971b54d,sheet1:R30,,,
9d8841ffcd515bdf-sheet1-R31,2026-06-29,daejeon-dong,복지정책과,담아정,돌봄제공기관 간담회,105000,9d8841ffcd515bdf28ef52ffe14cc64fc27fb62957fa6770ba477dedb971b54d,sheet1:R31,,,
9d8841ffcd515bdf-sheet1-R32,2026-06-30,daejeon-dong,복지정책과,대선칼국수,직원격려,71000,9d8841ffcd515bdf28ef52ffe14cc64fc27fb62957fa6770ba477dedb971b54d,sheet1:R32,,,
7cfd114f6b1f2690-sheet2-R6,2026-04-03,daejeon-dong,신인동행정복지센터,기와옥순두부 효동점,지역자율방재단 격려,120000,7cfd114f6b1f2690aecc9ed203581594114a39fb62c6d940bd15ea182cfe8ce5,sheet2:R6,,,
7cfd114f6b1f2690-sheet2-R7,2026-04-08,daejeon-dong,신인동행정복지센터,절골식당,직원 격려,245000,7cfd114f6b1f2690aecc9ed203581594114a39fb62c6d940bd15ea182cfe8ce5,sheet2:R7,,,
7cfd114f6b1f2690-sheet2-R8,2026-04-29,daejeon-dong,신인동행정복지센터,어진숯불갈비식당,직원 격려,200000,7cfd114f6b1f2690aecc9ed203581594114a39fb62c6d940bd15ea182cfe8ce5,sheet2:R8,,,
7cfd114f6b1f2690-sheet2-R9,2026-05-07,daejeon-dong,신인동행정복지센터,의정부부대찌개 수제왕돈까스,직원 격려,44000,7cfd114f6b1f2690aecc9ed203581594114a39fb62c6d940bd15ea182cfe8ce5,sheet2:R9,,,
7cfd114f6b1f2690-sheet2-R10,2026-06-05,daejeon-dong,신인동행정복지센터,인동식당,통장협의회 간담회,300000,7cfd114f6b1f2690aecc9ed203581594114a39fb62c6d940bd15ea182cfe8ce5,sheet2:R10,,,
7cfd114f6b1f2690-sheet2-R11,2026-06-11,daejeon-dong,신인동행정복지센터,이본가,주민과의 대화,200000,7cfd114f6b1f2690aecc9ed203581594114a39fb62c6d940bd15ea182cfe8ce5,sheet2:R11,,,
7cfd114f6b1f2690-sheet2-R12,2026-06-11,daejeon-dong,신인동행정복지센터,의정부어수정부대찌개,적십자봉사회 간담회,179000,7cfd114f6b1f2690aecc9ed203581594114a39fb62c6d940bd15ea182cfe8ce5,sheet2:R12,,,
f36c209f6e2fd712-sheet1-R7,2026-06-10,daejeon-dong,교통정책과,"외식, 플랜티","불법주정차 단속 업무 관련 간담회 (유관기관 직원 3명, 주차단속팀 공무원 5명)",139000,f36c209f6e2fd712b5f5666821d5c6e31e287ea3b165d93e17c32a7ec23c830b,sheet1:R7,,,
f36c209f6e2fd712-sheet1-R8,2026-06-29,daejeon-dong,교통정책과,아구찜마법사,"CCTV 단속 업무 관련 간담회 (유지보수업체 직원 2명, 주차단속팀 공무원 6명)",143000,f36c209f6e2fd712b5f5666821d5c6e31e287ea3b165d93e17c32a7ec23c830b,sheet1:R8,,,
ba165065e0c3382d-sheet1-R5,2026-01-20,daejeon-dong,중앙동 행정복지센터,대전옥,소제당산제 추진 간담회,90000,ba165065e0c3382d475f09c7948707ae1bb9c06a8e0eb047fda6fc733fcbbeb5,sheet1:R5,,,
ba165065e0c3382d-sheet1-R6,2026-01-26,daejeon-dong,중앙동 행정복지센터,서경본가,여성자율방범대 간담회,200000,ba165065e0c3382d475f09c7948707ae1bb9c06a8e0eb047fda6fc733fcbbeb5,sheet1:R6,,,
ba165065e0c3382d-sheet1-R7,2026-01-27,daejeon-dong,중앙동 행정복지센터,순옥이네,나눔냉장고 봉사자 격려,180000,ba165065e0c3382d475f09c7948707ae1bb9c06a8e0eb047fda6fc733fcbbeb5,sheet1:R7,,,
ba165065e0c3382d-sheet1-R8,2026-02-04,daejeon-dong,중앙동 행정복지센터,태전마트,내빈용 음료,80000,ba165065e0c3382d475f09c7948707ae1bb9c06a8e0eb047fda6fc733fcbbeb5,sheet1:R8,,,
ba165065e0c3382d-sheet1-R9,2026-02-05,daejeon-dong,중앙동 행정복지센터,두꺼비짬뽕,직원격려,77000,ba165065e0c3382d475f09c7948707ae1bb9c06a8e0eb047fda6fc733fcbbeb5,sheet1:R9,,,
ba165065e0c3382d-sheet1-R10,2026-03-10,daejeon-dong,중앙동 행정복지센터,옥천뼈구이농민뜨끈이,지역공동체 발전 논의를 위한 간담회,76000,ba165065e0c3382d475f09c7948707ae1bb9c06a8e0eb047fda6fc733fcbbeb5,sheet1:R10,,,
ba165065e0c3382d-sheet1-R11,2026-03-26,daejeon-dong,중앙동 행정복지센터,순옥이네,복지만두레 간담회,148000,ba165065e0c3382d475f09c7948707ae1bb9c06a8e0eb047fda6fc733fcbbeb5,sheet1:R11,,,
9523b363bffee475-sheet1-R6,2026-04-02,daejeon-dong,용전동행정복지센터,천개동농장,지역사회보장협의체 경로당 행사 준비,173000,9523b363bffee475b536eebf3194e2b876112cf5e48a6313c6b24e4efd7814aa,sheet1:R6,,,
9523b363bffee475-sheet1-R7,2026-04-14,daejeon-dong,용전동행정복지센터,솔솔키친,소속직원 격려,79000,9523b363bffee475b536eebf3194e2b876112cf5e48a6313c6b24e4efd7814aa,sheet1:R7,,,
9523b363bffee475-sheet1-R8,2026-04-21,daejeon-dong,용전동행정복지센터,또랑,경로당 이사 지원 격려,126000,9523b363bffee475b536eebf3194e2b876112cf5e48a6313c6b24e4efd7814aa,sheet1:R8,,,
9523b363bffee475-sheet1-R9,2026-05-12,daejeon-dong,용전동행정복지센터,용전한우마을,관내 경로당 임원 간담회,220000,9523b363bffee475b536eebf3194e2b876112cf5e48a6313c6b24e4efd7814aa,sheet1:R9,,,
9523b363bffee475-sheet1-R10,2026-05-14,daejeon-dong,용전동행정복지센터,(주)우리성원,내방객음료,171000,9523b363bffee475b536eebf3194e2b876112cf5e48a6313c6b24e4efd7814aa,sheet1:R10,,,
9523b363bffee475-sheet1-R11,2026-05-13,daejeon-dong,용전동행정복지센터,예조은추어탕,자원봉사회 간담회,64800,9523b363bffee475b536eebf3194e2b876112cf5e48a6313c6b24e4efd7814aa,sheet1:R11,,,
9523b363bffee475-sheet1-R12,2026-06-19,daejeon-dong,용전동행정복지센터,중부회수산,신규통장 간담회,60000,9523b363bffee475b536eebf3194e2b876112cf5e48a6313c6b24e4efd7814aa,sheet1:R12,,,
9523b363bffee475-sheet1-R13,2026-06-22,daejeon-dong,용전동행정복지센터,중부회수산,주민자치위원선정위원 간담회,112000,9523b363bffee475b536eebf3194e2b876112cf5e48a6313c6b24e4efd7814aa,sheet1:R13,,,
9523b363bffee475-sheet1-R14,2026-06-30,daejeon-dong,용전동행정복지센터,예조은추어탕,주민자치회 임시회,562000,9523b363bffee475b536eebf3194e2b876112cf5e48a6313c6b24e4efd7814aa,sheet1:R14,,,
65520a4a8d2512dd-sheet1-R6,2026-04-01,daejeon-dong,노인장애인과,전복만세,대한노인회 동구지회 간담회,60000,65520a4a8d2512ddb7ef27d9c9ebd8b39fc48f2f8a57572b10075a3fd44ba6e6,sheet1:R6,,,
65520a4a8d2512dd-sheet1-R7,2026-04-29,daejeon-dong,노인장애인과,"대전옥, 오카카오",아름다운복지관 업무 간담회,178600,65520a4a8d2512ddb7ef27d9c9ebd8b39fc48f2f8a57572b10075a3fd44ba6e6,sheet1:R7,,,
65520a4a8d2512dd-sheet1-R8,2026-05-22,daejeon-dong,노인장애인과,솔레스토랑,정다운어르신복지관 관계자 식사,330000,65520a4a8d2512ddb7ef27d9c9ebd8b39fc48f2f8a57572b10075a3fd44ba6e6,sheet1:R8,,,
f68c56cc5fb472cf-sheet1-R6,2026-05-27,daejeon-dong,홍도동,1004마트,부의금,50000,f68c56cc5fb472cf09cb0e4fd439e17e9c289b2c4f4d63aff057aba5070c0214,sheet1:R6,,,
f68c56cc5fb472cf-sheet1-R7,2026-06-15,daejeon-dong,홍도동,이디야커피,자율방범대 간담회,98700,f68c56cc5fb472cf09cb0e4fd439e17e9c289b2c4f4d63aff057aba5070c0214,sheet1:R7,,,
caf3ca7d29cf6539-sheet1-R6,2026-04-10,daejeon-dong,환경과,"용운산성, 라비아",자연보호동구협의회 간담회,170700,caf3ca7d29cf653912d0d0afa2bbcd624152849cfdb813da3fe3aacefe0279cc,sheet1:R6,,,
caf3ca7d29cf6539-sheet1-R7,2026-04-21,daejeon-dong,환경과,담다,환경조합 다과회,37500,caf3ca7d29cf653912d0d0afa2bbcd624152849cfdb813da3fe3aacefe0279cc,sheet1:R7,,,
caf3ca7d29cf6539-sheet1-R8,2026-05-26,daejeon-dong,환경과,신선칼국수,자연보호동구협의회 간담회,91000,caf3ca7d29cf653912d0d0afa2bbcd624152849cfdb813da3fe3aacefe0279cc,sheet1:R8,,,
caf3ca7d29cf6539-sheet1-R9,2026-06-30,daejeon-dong,환경과,미운오리꽥꽥,환경조합 간담회,190000,caf3ca7d29cf653912d0d0afa2bbcd624152849cfdb813da3fe3aacefe0279cc,sheet1:R9,,,
caf3ca7d29cf6539-sheet1-R10,2026-04-07,daejeon-dong,환경과,둥구나무집,금강수계 주민지원사업 활용 방안 협의,240000,caf3ca7d29cf653912d0d0afa2bbcd624152849cfdb813da3fe3aacefe0279cc,sheet1:R10,,,
920c51657d7eff53-sheet1-R6,2026-06-01,daejeon-dong,대청동,뉴핫도그앤커피 / 동구 회남로 227,선거 업무추진 직원 격려,140600,920c51657d7eff531ef0ad82cebefa05fee8dd6af0a0e271aaf2dcc8bcb65c57,sheet1:R6,,,
920c51657d7eff53-sheet1-R7,2026-06-05,daejeon-dong,대청동,메가엠지씨커피대전용운점 / 동구 용운로 203,현안 업무추진 직원 격려,35100,920c51657d7eff531ef0ad82cebefa05fee8dd6af0a0e271aaf2dcc8bcb65c57,sheet1:R7,,,
920c51657d7eff53-sheet1-R8,2026-06-09,daejeon-dong,대청동,판암회관 / 동구 옥천로 138,바르게살기위원회 간담회,320000,920c51657d7eff531ef0ad82cebefa05fee8dd6af0a0e271aaf2dcc8bcb65c57,sheet1:R8,,,
920c51657d7eff53-sheet1-R9,2026-06-10,daejeon-dong,대청동,읍천리382송촌점 / 대덕구 송촌북로36번길 11,통장협의회 간담회,150900,920c51657d7eff531ef0ad82cebefa05fee8dd6af0a0e271aaf2dcc8bcb65c57,sheet1:R9,,,
920c51657d7eff53-sheet1-R10,2026-06-10,daejeon-dong,대청동,신하식당 / 동구 회남로275번길 3,방위협의회 간담회,286000,920c51657d7eff531ef0ad82cebefa05fee8dd6af0a0e271aaf2dcc8bcb65c57,sheet1:R10,,,
920c51657d7eff53-sheet1-R11,2026-06-11,daejeon-dong,대청동,리카페 / 동구 냉천로 34-8,복지만두레 간담회,112000,920c51657d7eff531ef0ad82cebefa05fee8dd6af0a0e271aaf2dcc8bcb65c57,sheet1:R11,,,
920c51657d7eff53-sheet1-R12,2026-06-16,daejeon-dong,대청동,식장산석갈비 / 동구 세천공원로 43,지역사회보장협의체 격려,280000,920c51657d7eff531ef0ad82cebefa05fee8dd6af0a0e271aaf2dcc8bcb65c57,sheet1:R12,,,
920c51657d7eff53-sheet1-R13,2026-06-18,daejeon-dong,대청동,레드부스 / 동구 옥천로 438,새마을부녀회 격려,77000,920c51657d7eff531ef0ad82cebefa05fee8dd6af0a0e271aaf2dcc8bcb65c57,sheet1:R13,,,
920c51657d7eff53-sheet1-R14,2026-06-23,daejeon-dong,대청동,스타벅스 대전신흥역DT점 / 동구 옥천로 89,내방객 음료,61000,920c51657d7eff531ef0ad82cebefa05fee8dd6af0a0e271aaf2dcc8bcb65c57,sheet1:R14,,,
44cccb17c45df28c-sheet1-R6,2026-06-19,daejeon-dong,세정과,따봉시래기,직원격려(점심),363000,44cccb17c45df28c7d3b7f201971450624f1eedf57d7e1ac51868b584836a4b8,sheet1:R6,,,
5a9c770c7d4b5843-sheet1-R6,2026-04-20,daejeon-dong,용운동,덴푸라 오모이,직원 격려,97000,5a9c770c7d4b5843304bbe18e43968ab06c89dbd10636e60ae2a6bff01d6c018,sheet1:R6,,,
5a9c770c7d4b5843-sheet1-R7,2026-04-20,daejeon-dong,용운동,투썸 대동오거리점,직원 격려,35700,5a9c770c7d4b5843304bbe18e43968ab06c89dbd10636e60ae2a6bff01d6c018,sheet1:R7,,,
5a9c770c7d4b5843-sheet1-R8,2026-04-21,daejeon-dong,용운동,구름식당,직원 격려,109000,5a9c770c7d4b5843304bbe18e43968ab06c89dbd10636e60ae2a6bff01d6c018,sheet1:R8,,,
5a9c770c7d4b5843-sheet1-R9,2026-04-21,daejeon-dong,용운동,카페조각구름,직원 격려,39600,5a9c770c7d4b5843304bbe18e43968ab06c89dbd10636e60ae2a6bff01d6c018,sheet1:R9,,,
5a9c770c7d4b5843-sheet1-R10,2026-04-23,daejeon-dong,용운동,예담생선직화구이,노인단체협의회 신임 임원진 간담회,93000,5a9c770c7d4b5843304bbe18e43968ab06c89dbd10636e60ae2a6bff01d6c018,sheet1:R10,,,
5a9c770c7d4b5843-sheet1-R11,2026-04-23,daejeon-dong,용운동,목연,노인단체협의회 신임 임원진 간담회,33500,5a9c770c7d4b5843304bbe18e43968ab06c89dbd10636e60ae2a6bff01d6c018,sheet1:R11,,,
5a9c770c7d4b5843-sheet1-R12,2026-05-07,daejeon-dong,용운동,삼동소바 가오점,노인단체협의회 임원진 간담회,100500,5a9c770c7d4b5843304bbe18e43968ab06c89dbd10636e60ae2a6bff01d6c018,sheet1:R12,,,
5a9c770c7d4b5843-sheet1-R13,2026-05-07,daejeon-dong,용운동,스타벅스 코리아,노인단체협의회 임원진 간담회,32900,5a9c770c7d4b5843304bbe18e43968ab06c89dbd10636e60ae2a6bff01d6c018,sheet1:R13,,,
5a9c770c7d4b5843-sheet1-R14,2026-05-13,daejeon-dong,용운동,수반쭈꾸미1호점,지역사회보장협의체 운영 위원 간담회,105000,5a9c770c7d4b5843304bbe18e43968ab06c89dbd10636e60ae2a6bff01d6c018,sheet1:R14,,,
5a9c770c7d4b5843-sheet1-R15,2026-05-13,daejeon-dong,용운동,구스터스,지역사회보장협의체 운영 위원 간담회,44800,5a9c770c7d4b5843304bbe18e43968ab06c89dbd10636e60ae2a6bff01d6c018,sheet1:R15,,,
5a9c770c7d4b5843-sheet1-R16,2026-06-05,daejeon-dong,용운동,삼동소바 가오점,고유가 피해지원금 기간제 근로자 격려,77500,5a9c770c7d4b5843304bbe18e43968ab06c89dbd10636e60ae2a6bff01d6c018,sheet1:R16,,,
5a9c770c7d4b5843-sheet1-R17,2026-06-05,daejeon-dong,용운동,야 커피전문점,고유가 피해지원금 기간제 근로자 격려,23600,5a9c770c7d4b5843304bbe18e43968ab06c89dbd10636e60ae2a6bff01d6c018,sheet1:R17,,,
5a9c770c7d4b5843-sheet1-R18,2026-06-10,daejeon-dong,용운동,크로바제과점,노인일자리 참여자 격려(간식),294000,5a9c770c7d4b5843304bbe18e43968ab06c89dbd10636e60ae2a6bff01d6c018,sheet1:R18,,,
5a9c770c7d4b5843-sheet1-R19,2026-06-10,daejeon-dong,용운동,자연애마트,노인일자리 참여자 격려(간식),150000,5a9c770c7d4b5843304bbe18e43968ab06c89dbd10636e60ae2a6bff01d6c018,sheet1:R19,,,
5a9c770c7d4b5843-sheet1-R20,2026-06-17,daejeon-dong,용운동,고기마을,새마을부녀회 간담회,168000,5a9c770c7d4b5843304bbe18e43968ab06c89dbd10636e60ae2a6bff01d6c018,sheet1:R20,,,
5a9c770c7d4b5843-sheet1-R21,2026-06-17,daejeon-dong,용운동,목연,새마을부녀회 간담회,51000,5a9c770c7d4b5843304bbe18e43968ab06c89dbd10636e60ae2a6bff01d6c018,sheet1:R21,,,
443ed10a7b860b06-sheet1-R6,2026-04-02,daejeon-dong,산내동,얼큰이네꽁당보리밥,소속 상근직원 격려,85000,443ed10a7b860b061ad9bb58dbea28c1ec64537ae359d7a149598e38e0a49ac1,sheet1:R6,,,
443ed10a7b860b06-sheet1-R7,2026-04-03,daejeon-dong,산내동,세천추어탕,환경관리요원 격려,176000,443ed10a7b860b061ad9bb58dbea28c1ec64537ae359d7a149598e38e0a49ac1,sheet1:R7,,,
443ed10a7b860b06-sheet1-R8,2026-04-09,daejeon-dong,산내동,모락모락,소속 상근직원 격려,114000,443ed10a7b860b061ad9bb58dbea28c1ec64537ae359d7a149598e38e0a49ac1,sheet1:R8,,,
443ed10a7b860b06-sheet1-R9,2026-04-13,daejeon-dong,산내동,라밸리식당,자생단체 임원진 격려 오찬 등,143700,443ed10a7b860b061ad9bb58dbea28c1ec64537ae359d7a149598e38e0a49ac1,sheet1:R9,,,
443ed10a7b860b06-sheet1-R10,2026-06-08,daejeon-dong,산내동,모락모락,자활근로자 및 소속 상근직원 격려 오찬 등,168450,443ed10a7b860b061ad9bb58dbea28c1ec64537ae359d7a149598e38e0a49ac1,sheet1:R10,,,
443ed10a7b860b06-sheet1-R11,2026-06-09,daejeon-dong,산내동,메가커피,새마을부녀회 회원 격려,18500,443ed10a7b860b061ad9bb58dbea28c1ec64537ae359d7a149598e38e0a49ac1,sheet1:R11,,,
443ed10a7b860b06-sheet1-R12,2026-06-12,daejeon-dong,산내동,굿마트,내방객 음료 및 다과 구입,300000,443ed10a7b860b061ad9bb58dbea28c1ec64537ae359d7a149598e38e0a49ac1,sheet1:R12,,,
443ed10a7b860b06-sheet1-R13,2026-06-16,daejeon-dong,산내동,청기와냉면,소속 상근직원 등 격려 오찬 등,211000,443ed10a7b860b061ad9bb58dbea28c1ec64537ae359d7a149598e38e0a49ac1,sheet1:R13,,,
443ed10a7b860b06-sheet1-R14,2026-06-22,daejeon-dong,산내동,복록식당,통장협의회 임원진 오찬 등,72000,443ed10a7b860b061ad9bb58dbea28c1ec64537ae359d7a149598e38e0a49ac1,sheet1:R14,,,
443ed10a7b860b06-sheet1-R15,2026-06-23,daejeon-dong,산내동,클로버,복지만두레 행사 참여인원 격려,93500,443ed10a7b860b061ad9bb58dbea28c1ec64537ae359d7a149598e38e0a49ac1,sheet1:R15,,,
443ed10a7b860b06-sheet1-R16,2026-06-24,daejeon-dong,산내동,장원갑칼국수,소속 상근직원 격려 오찬,108500,443ed10a7b860b061ad9bb58dbea28c1ec64537ae359d7a149598e38e0a49ac1,sheet1:R16,,,
9f9b9fb720cc1c68-sheet1-R6,2026-04-02,daejeon-dong,삼성동행정복지센터,지성이네,통장협의회 임원 간담회,54000,9f9b9fb720cc1c68a491e902a24d333be2332a7117a7847cf14e33e1f2797f57,sheet1:R6,,,
9f9b9fb720cc1c68-sheet1-R7,2026-05-06,daejeon-dong,삼성동행정복지센터,부여회관,퇴임통장과의 간담회,90000,9f9b9fb720cc1c68a491e902a24d333be2332a7117a7847cf14e33e1f2797f57,sheet1:R7,,,
9f9b9fb720cc1c68-sheet1-R8,2026-05-12,daejeon-dong,삼성동행정복지센터,촌닭,직원 격려,84000,9f9b9fb720cc1c68a491e902a24d333be2332a7117a7847cf14e33e1f2797f57,sheet1:R8,,,
9f9b9fb720cc1c68-sheet1-R9,2026-06-11,daejeon-dong,삼성동행정복지센터,지성이네,지역사회보장협의체와의 간담회,310000,9f9b9fb720cc1c68a491e902a24d333be2332a7117a7847cf14e33e1f2797f57,sheet1:R9,,,
cbe3490017bd0707-sheet1-R6,2026-04-07,daejeon-dong,회계정보과,삼동소바 대전가오점,통합세출업무 간담회,91500,cbe3490017bd07072d786e7769bdf933f91a3c6e3403bcff5ea78b2ad10a42c9,sheet1:R6,,,
cbe3490017bd0707-sheet1-R7,2026-05-12,daejeon-dong,회계정보과,샤브톡톡 가오점,전산시스템 유지보수 관계자 간담회,111200,cbe3490017bd07072d786e7769bdf933f91a3c6e3403bcff5ea78b2ad10a42c9,sheet1:R7,,,
1b91cf9bc512ced6-sheet1-R6,2026-04-08,daejeon-dong,도서관운영과,가오동 외식,달빛야외도서관 관학협력 프로그램 관계자 간담회,144000,1b91cf9bc512ced67469b899b60da781837605f019deec1c24d8456d0fc251d9,sheet1:R6,,,
60ff190e1ed0a4ac-sheet1-R6,2026-04-03,daejeon-dong,효동행정복지센터,왕가네돈까스,기관운영 업무추진비 지출(적십자봉사회),71300,60ff190e1ed0a4ac82dc47106750e88568313977c7649e0d5f35ba3d482af3cb,sheet1:R6,,,
60ff190e1ed0a4ac-sheet1-R7,2026-04-13,daejeon-dong,효동행정복지센터,청담고등어,기관운영업무추진비 지출(마을신문사 대표 간담회),79000,60ff190e1ed0a4ac82dc47106750e88568313977c7649e0d5f35ba3d482af3cb,sheet1:R7,,,
60ff190e1ed0a4ac-sheet1-R8,2026-04-29,daejeon-dong,효동행정복지센터,달빛에 구운 고등어,기관운영업무추진비 지출결의,87500,60ff190e1ed0a4ac82dc47106750e88568313977c7649e0d5f35ba3d482af3cb,sheet1:R8,,,
60ff190e1ed0a4ac-sheet1-R9,2026-04-30,daejeon-dong,효동행정복지센터,등촌샤브칼국수,기관운영업무추진비 지출결의(직원격려),305000,60ff190e1ed0a4ac82dc47106750e88568313977c7649e0d5f35ba3d482af3cb,sheet1:R9,,,
60ff190e1ed0a4ac-sheet1-R10,2026-05-08,daejeon-dong,효동행정복지센터,기와옥순두부,기관운영업무추진비 지출결의(적십자봉사회),63000,60ff190e1ed0a4ac82dc47106750e88568313977c7649e0d5f35ba3d482af3cb,sheet1:R10,,,
60ff190e1ed0a4ac-sheet1-R11,2026-04-07,daejeon-dong,효동행정복지센터,정말카페,기관운영업무추진비 지출(적십자봉사회),100000,60ff190e1ed0a4ac82dc47106750e88568313977c7649e0d5f35ba3d482af3cb,sheet1:R11,,,
60ff190e1ed0a4ac-sheet1-R12,2026-06-11,daejeon-dong,효동행정복지센터,가마치통닭,기관운영업무추진비 지출결의(직원격려),211000,60ff190e1ed0a4ac82dc47106750e88568313977c7649e0d5f35ba3d482af3cb,sheet1:R12,,,
60ff190e1ed0a4ac-sheet1-R13,2026-06-23,daejeon-dong,효동행정복지센터,순남시래기,기관운영업무추진비 지출결의(자유총연맹),113000,60ff190e1ed0a4ac82dc47106750e88568313977c7649e0d5f35ba3d482af3cb,sheet1:R13,,,
60ff190e1ed0a4ac-sheet1-R14,2026-06-23,daejeon-dong,효동행정복지센터,우신집,기관운영업무추진비 지출결의(경로당회장단),176000,60ff190e1ed0a4ac82dc47106750e88568313977c7649e0d5f35ba3d482af3cb,sheet1:R14,,,
60ff190e1ed0a4ac-sheet1-R15,2026-06-25,daejeon-dong,효동행정복지센터,국시본가,기관운영업무추진비 지출(복지 만두레),196000,60ff190e1ed0a4ac82dc47106750e88568313977c7649e0d5f35ba3d482af3cb,sheet1:R15,,,
c6ac941f2273f382-sheet1-R6,2026-04-10,daejeon-dong,공동주택과,김경희식당(천동),가오동2구역 재건축사업 관련 간담회,74000,c6ac941f2273f3828c227d5e147bf7d60224bca26ebc08d33da2481dfc3c6c2f,sheet1:R6,,,
c6ac941f2273f382-sheet1-R7,2026-04-24,daejeon-dong,공동주택과,두끼떡볶이(가오동),산내지역주택조합 사업 관련 업무협의,130900,c6ac941f2273f3828c227d5e147bf7d60224bca26ebc08d33da2481dfc3c6c2f,sheet1:R7,,,
c6ac941f2273f382-sheet1-R8,2026-05-22,daejeon-dong,공동주택과,명월본가수라상(대동),가오동1구역 재건축사업 관련 간담회,56000,c6ac941f2273f3828c227d5e147bf7d60224bca26ebc08d33da2481dfc3c6c2f,sheet1:R8,,,
c6ac941f2273f382-sheet1-R9,2026-06-01,daejeon-dong,공동주택과,해주냉면(삼성동),삼성동1구역 재건축사업 관련 간담회,87500,c6ac941f2273f3828c227d5e147bf7d60224bca26ebc08d33da2481dfc3c6c2f,sheet1:R9,,,
c6ac941f2273f382-sheet1-R10,2026-06-17,daejeon-dong,공동주택과,호랭이물갈비(가오동),용운고층주공아파트 재건축사업 관련 간담회,175000,c6ac941f2273f3828c227d5e147bf7d60224bca26ebc08d33da2481dfc3c6c2f,sheet1:R10,,,
c6ac941f2273f382-sheet1-R11,2026-06-29,daejeon-dong,공동주택과,용운산성(용운동),대동4·8구역 재개발사업 관련 간담회,154000,c6ac941f2273f3828c227d5e147bf7d60224bca26ebc08d33da2481dfc3c6c2f,sheet1:R11,,,
ab22b06538c78d93-sheet1-R6,2026-04-06,daejeon-dong,도시계획과,"외식, 플랜티",시책추진업무추진비 지출(결산검사 간담회),362500,ab22b06538c78d93f31c8bec0b314f2810fab239f4e144aca70934e1f5800ac2,sheet1:R6,,,
ab22b06538c78d93-sheet1-R7,2026-04-08,daejeon-dong,도시계획과,신선칼국수,시책추진업무추진비 지출(대동 지역 현안 의견 청취 등),146000,ab22b06538c78d93f31c8bec0b314f2810fab239f4e144aca70934e1f5800ac2,sheet1:R7,,,
ab22b06538c78d93-sheet1-R8,2026-04-08,daejeon-dong,도시계획과,장혁민부대찌개,시책추진업무추진비 지출(공공주택사업 관련 협의 추진),54100,ab22b06538c78d93f31c8bec0b314f2810fab239f4e144aca70934e1f5800ac2,sheet1:R8,,,
ab22b06538c78d93-sheet1-R9,2026-04-09,daejeon-dong,도시계획과,얼큰손칼국수,시책추진업무추진비 지출(역세권개발 사업추진 관련 간담회),41000,ab22b06538c78d93f31c8bec0b314f2810fab239f4e144aca70934e1f5800ac2,sheet1:R9,,,
ab22b06538c78d93-sheet1-R10,2026-04-10,daejeon-dong,도시계획과,신라고등어,시책추진업무추진비 지출(신안1구역 재개발사업추진 관련 간담회),75000,ab22b06538c78d93f31c8bec0b314f2810fab239f4e144aca70934e1f5800ac2,sheet1:R10,,,
ab22b06538c78d93-sheet1-R11,2026-04-14,daejeon-dong,도시계획과,미소본가스마일칼국수,시책추진업무추진비 지출(도시재생 사업추진 관련 업무협의 등),36000,ab22b06538c78d93f31c8bec0b314f2810fab239f4e144aca70934e1f5800ac2,sheet1:R11,,,
ab22b06538c78d93-sheet1-R12,2026-04-15,daejeon-dong,도시계획과,옥류관,시책추진업무추진비 지출(대별지구 도시개발사업추진 관련 업무협의 등),68000,ab22b06538c78d93f31c8bec0b314f2810fab239f4e144aca70934e1f5800ac2,sheet1:R12,,,
ab22b06538c78d93-sheet1-R13,2026-04-17,daejeon-dong,도시계획과,똘똘이식당,시책추진업무추진비 지출(대동 도시재생 뉴딜사업 점검 관련 간담회 등),63500,ab22b06538c78d93f31c8bec0b314f2810fab239f4e144aca70934e1f5800ac2,sheet1:R13,,,
ab22b06538c78d93-sheet1-R14,2026-04-21,daejeon-dong,도시계획과,정가네,시책추진업무추진비 지출(도시재생 관련 간담회),162000,ab22b06538c78d93f31c8bec0b314f2810fab239f4e144aca70934e1f5800ac2,sheet1:R14,,,
ab22b06538c78d93-sheet1-R15,2026-04-29,daejeon-dong,도시계획과,삼동소바,시책추진업무추진비 지출(역세권개발 사업추진 관련 간담회),61000,ab22b06538c78d93f31c8bec0b314f2810fab239f4e144aca70934e1f5800ac2,sheet1:R15,,,
ab22b06538c78d93-sheet1-R16,2026-04-30,daejeon-dong,도시계획과,역전뜨끈이뼈구이,시책추진업무추진비 지출(정동 공공주택사업 관련 협의 추진),86000,ab22b06538c78d93f31c8bec0b314f2810fab239f4e144aca70934e1f5800ac2,sheet1:R16,,,
ab22b06538c78d93-sheet1-R17,2026-05-07,daejeon-dong,도시계획과,스시류,시책추진업무추진비 지출(도시개발사업 추진 관련 업무협의),69000,ab22b06538c78d93f31c8bec0b314f2810fab239f4e144aca70934e1f5800ac2,sheet1:R17,,,
ab22b06538c78d93-sheet1-R18,2026-05-14,daejeon-dong,도시계획과,하늘마을마을관리사회적협동조합(쉼),시책추진업무추진비 지출(대동 도시재생 뉴딜사업 점검 관련 간담회 등),41000,ab22b06538c78d93f31c8bec0b314f2810fab239f4e144aca70934e1f5800ac2,sheet1:R18,,,
ab22b06538c78d93-sheet1-R19,2026-05-15,daejeon-dong,도시계획과,옥이네,시책추진업무추진비 지출(도시계획 관련 간담회),80000,ab22b06538c78d93f31c8bec0b314f2810fab239f4e144aca70934e1f5800ac2,sheet1:R19,,,
ab22b06538c78d93-sheet1-R20,2026-05-18,daejeon-dong,도시계획과,굴세상,시책추진업무추진비 지출(역세권개발 사업추진 관련 간담회),38000,ab22b06538c78d93f31c8bec0b314f2810fab239f4e144aca70934e1f5800ac2,sheet1:R20,,,
ab22b06538c78d93-sheet1-R21,2026-05-21,daejeon-dong,도시계획과,반지하,시책추진업무추진비 지출(도시개발 관련 간담회),150000,ab22b06538c78d93f31c8bec0b314f2810fab239f4e144aca70934e1f5800ac2,sheet1:R21,,,
ab22b06538c78d93-sheet1-R22,2026-06-05,daejeon-dong,도시계획과,양은이네,시책추진업무추진비 지출(도시개발사업 관련 간담회 등),68400,ab22b06538c78d93f31c8bec0b314f2810fab239f4e144aca70934e1f5800ac2,sheet1:R22,,,
ab22b06538c78d93-sheet1-R23,2026-06-10,daejeon-dong,도시계획과,항아리보쌈,시책추진업무추진비 지출(대전역세권 복합2구역 개발사업 관련 간담회),122200,ab22b06538c78d93f31c8bec0b314f2810fab239f4e144aca70934e1f5800ac2,sheet1:R23,,,
ab22b06538c78d93-sheet1-R24,2026-06-15,daejeon-dong,도시계획과,옥류관,시책추진업무추진비 지출(판암3지구 도시개발사업 관련 간담회 등),24000,ab22b06538c78d93f31c8bec0b314f2810fab239f4e144aca70934e1f5800ac2,sheet1:R24,,,
ab22b06538c78d93-sheet1-R25,2026-06-30,daejeon-dong,도시계획과,미소본가스마일칼국수,시책추진업무추진비 지출(역세권개발 사업추진 관련 간담회),50000,ab22b06538c78d93f31c8bec0b314f2810fab239f4e144aca70934e1f5800ac2,sheet1:R25,,,
ab22b06538c78d93-sheet2-R6,2026-04-01,daejeon-dong,도시계획과,정가네,기관운영업무추진비 지출(직원격려),300000,ab22b06538c78d93f31c8bec0b314f2810fab239f4e144aca70934e1f5800ac2,sheet2:R6,,,
ab22b06538c78d93-sheet2-R7,2026-04-09,daejeon-dong,도시계획과,개인(성명 비공개),기관운영업무추진비 지출,50000,ab22b06538c78d93f31c8bec0b314f2810fab239f4e144aca70934e1f5800ac2,sheet2:R7,,,
ab22b06538c78d93-sheet2-R8,2026-04-14,daejeon-dong,도시계획과,이본가,기관운영업무추진비 지출(직원격려),118400,ab22b06538c78d93f31c8bec0b314f2810fab239f4e144aca70934e1f5800ac2,sheet2:R8,,,
ab22b06538c78d93-sheet2-R9,2026-04-24,daejeon-dong,도시계획과,이본가,기관운영업무추진비 지출(직원격려),97000,ab22b06538c78d93f31c8bec0b314f2810fab239f4e144aca70934e1f5800ac2,sheet2:R9,,,
ab22b06538c78d93-sheet2-R10,2026-05-12,daejeon-dong,도시계획과,착한낙지,기관운영업무추진비 지출(직원격려),106500,ab22b06538c78d93f31c8bec0b314f2810fab239f4e144aca70934e1f5800ac2,sheet2:R10,,,
ab22b06538c78d93-sheet2-R11,2026-05-28,daejeon-dong,도시계획과,얼큰이손칼국수,기관운영업무추진비 지출(직원격려),124500,ab22b06538c78d93f31c8bec0b314f2810fab239f4e144aca70934e1f5800ac2,sheet2:R11,,,
ab22b06538c78d93-sheet2-R12,2026-05-28,daejeon-dong,도시계획과,개인(성명 비공개),기관운영업무추진비 지출,50000,ab22b06538c78d93f31c8bec0b314f2810fab239f4e144aca70934e1f5800ac2,sheet2:R12,,,
ab22b06538c78d93-sheet2-R13,2026-06-04,daejeon-dong,도시계획과,"이순신소국밥, 모노카페",기관운영업무추진비 지출(직원격려),87800,ab22b06538c78d93f31c8bec0b314f2810fab239f4e144aca70934e1f5800ac2,sheet2:R13,,,
ab22b06538c78d93-sheet2-R14,2026-06-23,daejeon-dong,도시계획과,개인(성명 비공개),기관운영업무추진비 지출,50000,ab22b06538c78d93f31c8bec0b314f2810fab239f4e144aca70934e1f5800ac2,sheet2:R14,,,
ab22b06538c78d93-sheet2-R15,2026-06-25,daejeon-dong,도시계획과,성용,기관운영업무추진비 지출(직원격려),66500,ab22b06538c78d93f31c8bec0b314f2810fab239f4e144aca70934e1f5800ac2,sheet2:R15,,,
81b5c07868b46075-sheet1-R7,2026-04-02,daejeon-dong,가양2동,산,단체장 오찬간담회,96000,81b5c07868b46075e5ac69a840695a71f52daca42f98d2fd423a6f8be41cce73,sheet1:R7,,,
81b5c07868b46075-sheet1-R8,2026-04-22,daejeon-dong,가양2동,정원식당,직원격려,120000,81b5c07868b46075e5ac69a840695a71f52daca42f98d2fd423a6f8be41cce73,sheet1:R8,,,
81b5c07868b46075-sheet1-R9,2026-04-24,daejeon-dong,가양2동,통로 곤드레밥상,직원격려,200000,81b5c07868b46075e5ac69a840695a71f52daca42f98d2fd423a6f8be41cce73,sheet1:R9,,,
81b5c07868b46075-sheet1-R10,2026-04-23,daejeon-dong,가양2동,개인(성명 비공개),직원 축의금,50000,81b5c07868b46075e5ac69a840695a71f52daca42f98d2fd423a6f8be41cce73,sheet1:R10,,,
81b5c07868b46075-sheet1-R11,2026-06-10,daejeon-dong,가양2동,제주뒷고기식당,방위협의회,200000,81b5c07868b46075e5ac69a840695a71f52daca42f98d2fd423a6f8be41cce73,sheet1:R11,,,
81b5c07868b46075-sheet1-R12,2026-06-12,daejeon-dong,가양2동,반가워요 오늘 외 1,새마을부녀회,101000,81b5c07868b46075e5ac69a840695a71f52daca42f98d2fd423a6f8be41cce73,sheet1:R12,,,
81b5c07868b46075-sheet1-R13,2026-06-30,daejeon-dong,가양2동,산,복지관 간담회,84000,81b5c07868b46075e5ac69a840695a71f52daca42f98d2fd423a6f8be41cce73,sheet1:R13,,,
cc05957144fdbd4c-sheet1-R6,2026-03-10,daejeon-dong,주문관,개인(성명 비공개),경조사,50000,cc05957144fdbd4c0698e625e62661310b6b8476b87ba5c8b88e67cc67b77807,sheet1:R6,,,
cc05957144fdbd4c-sheet1-R7,2026-03-10,daejeon-dong,주문관,교촌치킨,직원 격려,158000,cc05957144fdbd4c0698e625e62661310b6b8476b87ba5c8b88e67cc67b77807,sheet1:R7,,,
cc05957144fdbd4c-sheet1-R8,2026-03-10,daejeon-dong,주문관,도미노피자,직원 격려,214790,cc05957144fdbd4c0698e625e62661310b6b8476b87ba5c8b88e67cc67b77807,sheet1:R8,,,
cc05957144fdbd4c-sheet1-R9,2026-03-26,daejeon-dong,주문관,동구청직장상조회,내방객 음료,26000,cc05957144fdbd4c0698e625e62661310b6b8476b87ba5c8b88e67cc67b77807,sheet1:R9,,,
cc05957144fdbd4c-sheet1-R10,2026-04-10,daejeon-dong,주문관,산수마루,직원 격려,120000,cc05957144fdbd4c0698e625e62661310b6b8476b87ba5c8b88e67cc67b77807,sheet1:R10,,,
cc05957144fdbd4c-sheet1-R11,2026-04-10,daejeon-dong,주문관,메가엡지씨커피,직원격려,16400,cc05957144fdbd4c0698e625e62661310b6b8476b87ba5c8b88e67cc67b77807,sheet1:R11,,,
cc05957144fdbd4c-sheet1-R12,2026-04-15,daejeon-dong,주문관,쌍청고기마을,직원 격려,115000,cc05957144fdbd4c0698e625e62661310b6b8476b87ba5c8b88e67cc67b77807,sheet1:R12,,,
cc05957144fdbd4c-sheet1-R13,2026-04-15,daejeon-dong,주문관,하늘만큼,직원격려,29250,cc05957144fdbd4c0698e625e62661310b6b8476b87ba5c8b88e67cc67b77807,sheet1:R13,,,
cc05957144fdbd4c-sheet1-R14,2026-04-16,daejeon-dong,주문관,대선칼국수,직원 격려,135000,cc05957144fdbd4c0698e625e62661310b6b8476b87ba5c8b88e67cc67b77807,sheet1:R14,,,
cc05957144fdbd4c-sheet1-R15,2026-04-16,daejeon-dong,주문관,아이엠일리터,직원격려,30900,cc05957144fdbd4c0698e625e62661310b6b8476b87ba5c8b88e67cc67b77807,sheet1:R15,,,
cc05957144fdbd4c-sheet1-R16,2026-04-27,daejeon-dong,주문관,개인(성명 비공개),경조사,50000,cc05957144fdbd4c0698e625e62661310b6b8476b87ba5c8b88e67cc67b77807,sheet1:R16,,,
cc05957144fdbd4c-sheet1-R17,2026-04-27,daejeon-dong,주문관,개인(성명 비공개),경조사,50000,cc05957144fdbd4c0698e625e62661310b6b8476b87ba5c8b88e67cc67b77807,sheet1:R17,,,
cc05957144fdbd4c-sheet1-R18,2026-04-27,daejeon-dong,주문관,개인(성명 비공개),경조사,50000,cc05957144fdbd4c0698e625e62661310b6b8476b87ba5c8b88e67cc67b77807,sheet1:R18,,,
cc05957144fdbd4c-sheet1-R19,2026-06-04,daejeon-dong,주문관,개인(성명 비공개),경조사,50000,cc05957144fdbd4c0698e625e62661310b6b8476b87ba5c8b88e67cc67b77807,sheet1:R19,,,
cc05957144fdbd4c-sheet1-R20,2026-06-16,daejeon-dong,주문관,수통골장수오리,직원 격려,75000,cc05957144fdbd4c0698e625e62661310b6b8476b87ba5c8b88e67cc67b77807,sheet1:R20,,,
cc05957144fdbd4c-sheet1-R21,2026-06-16,daejeon-dong,주문관,커피베이,직원 격려,20900,cc05957144fdbd4c0698e625e62661310b6b8476b87ba5c8b88e67cc67b77807,sheet1:R21,,,
78b0b0934474cbbc-sheet1-R6,2026-06-02,daejeon-dong,자양동행정복지센터,디저트39우송대역점,기관운영업무추진비 지출 품의(직원사기진작),23600,78b0b0934474cbbce08bc3b87e0c60b85f521e768dbc99636f83b58c07fb29a1,sheet1:R6,,,
78b0b0934474cbbc-sheet1-R7,2026-06-17,daejeon-dong,자양동행정복지센터,메리캐리,기관운영업무추진비 지출 품의(직역사회보장협의체 회원 격려,40500,78b0b0934474cbbce08bc3b87e0c60b85f521e768dbc99636f83b58c07fb29a1,sheet1:R7,,,
78b0b0934474cbbc-sheet1-R8,2026-06-24,daejeon-dong,자양동행정복지센터,경성한우축산,기관운영업무추진비 지출품의(주민자치위원회 회원 격려 ),129000,78b0b0934474cbbce08bc3b87e0c60b85f521e768dbc99636f83b58c07fb29a1,sheet1:R8,,,
78b0b0934474cbbc-sheet1-R9,2026-06-25,daejeon-dong,자양동행정복지센터,대복삼겹우송대점,기관운영업무추진비 지출 품의(새마을부녀회 회원 격려),151500,78b0b0934474cbbce08bc3b87e0c60b85f521e768dbc99636f83b58c07fb29a1,sheet1:R9,,,
78b0b0934474cbbc-sheet1-R10,2026-06-26,daejeon-dong,자양동행정복지센터,쿠팡㈜,기관운영업무추진비 지출 품의(내방객용 음료 및 다과 구입),266910,78b0b0934474cbbce08bc3b87e0c60b85f521e768dbc99636f83b58c07fb29a1,sheet1:R10,,,
78b0b0934474cbbc-sheet1-R11,2026-06-29,daejeon-dong,자양동행정복지센터,"자양동커피집209, 상상낙지대전본점",기관운영업무추진비 지출 품의(환경관리요원 격려),221000,78b0b0934474cbbce08bc3b87e0c60b85f521e768dbc99636f83b58c07fb29a1,sheet1:R11,,,
78b0b0934474cbbc-sheet1-R12,2026-06-30,daejeon-dong,자양동행정복지센터,파인트리,기관운영업무추진비 지출 품의(방위협의회 간담회),31500,78b0b0934474cbbce08bc3b87e0c60b85f521e768dbc99636f83b58c07fb29a1,sheet1:R12,,,
4ca2201811f4f3a2-sheet1-R6,2026-06-17,daejeon-dong,감사실,보드레 (가오동 소재),세무부서 직원과의 간담회,179760,4ca2201811f4f3a26f052676a1d2436cc85f1bfe8945fbf7f099de404c454c4c,sheet1:R6,,,
4ca2201811f4f3a2-sheet1-R7,2026-06-26,daejeon-dong,감사실,리치할인마트 (가오동 소재),2026년 대전광역시 감사위원회 사회복지시설 분야 특정감사 업무 추진(2026.7.6. ~ 7. 24.)에 따른 다과류 구입,480000,4ca2201811f4f3a26f052676a1d2436cc85f1bfe8945fbf7f099de404c454c4c,sheet1:R7,,,
4ca2201811f4f3a2-sheet1-R8,2026-06-30,daejeon-dong,감사실,보드레 (가오동 소재),소통하는 감사방(교육) 및 간담회,223100,4ca2201811f4f3a26f052676a1d2436cc85f1bfe8945fbf7f099de404c454c4c,sheet1:R8,,,
71f79b0294b39d90-sheet1-R6,2026-04-14,daejeon-dong,공원녹지과,관저명태촌 가오점,시민참여형마을정원 조성 관련 협의,140000,71f79b0294b39d90e00575b6103824d224cf0a9ca6b0af0b436d1a27f6a91ed0,sheet1:R6,,,
71f79b0294b39d90-sheet1-R7,2026-04-15,daejeon-dong,공원녹지과,대선칼국수,산내평화공원 조성 관련 협의,110000,71f79b0294b39d90e00575b6103824d224cf0a9ca6b0af0b436d1a27f6a91ed0,sheet1:R7,,,
71f79b0294b39d90-sheet1-R8,2026-04-23,daejeon-dong,공원녹지과,더돈하우스 둔산점,2027년도 산림사업 추진 관련 간담회,231000,71f79b0294b39d90e00575b6103824d224cf0a9ca6b0af0b436d1a27f6a91ed0,sheet1:R8,,,
71f79b0294b39d90-sheet1-R9,2026-05-18,daejeon-dong,공원녹지과,시골밥상,시 휴양림 관련 관계자 협의,36000,71f79b0294b39d90e00575b6103824d224cf0a9ca6b0af0b436d1a27f6a91ed0,sheet1:R9,,,
71f79b0294b39d90-sheet1-R10,2026-05-18,daejeon-dong,공원녹지과,그린브라우니 대전만인산점,시 휴양림 관련 관계자 협의,13400,71f79b0294b39d90e00575b6103824d224cf0a9ca6b0af0b436d1a27f6a91ed0,sheet1:R10,,,
71f79b0294b39d90-sheet1-R11,2026-06-09,daejeon-dong,공원녹지과,빛고을,대청호 장미공원 조성 관련 관계자 간담회,93000,71f79b0294b39d90e00575b6103824d224cf0a9ca6b0af0b436d1a27f6a91ed0,sheet1:R11,,,
71f79b0294b39d90-sheet1-R12,2026-06-17,daejeon-dong,공원녹지과,본정,공약 추진 관련 업무협의,66000,71f79b0294b39d90e00575b6103824d224cf0a9ca6b0af0b436d1a27f6a91ed0,sheet1:R12,,,
a2d79013841f18d3-sheet1-R7,2026-05-22,daejeon-dong,지역산업과,옛콩마을 스타벅스코리아,시책추진업무추진비(대별지구 산업단지 조성 관련 업무협의),122100,a2d79013841f18d38f290eaac551e7527af1e793ebc284c7fed2457799592020,sheet1:R7,,,
a2d79013841f18d3-sheet1-R8,2026-06-05,daejeon-dong,지역산업과,카페 나길,시책추진업무추진비(산업단지 기업유치 관련 자문 등),13800,a2d79013841f18d38f290eaac551e7527af1e793ebc284c7fed2457799592020,sheet1:R8,,,
9794c8cfba4335a2-sheet1-R4,2026-04-29,daejeon-dong,민원여권과,파리바게트 가오은어송점,민원담당공무원 「힐링프로그램」 추진,240000,9794c8cfba4335a284ca340e4eda83907cd58983e24ca266fee15ea82b8c6aa8,sheet1:R4,,,
ca034c01edf1917b-sheet1-R6,2026-05-13,daejeon-dong,위생과,사계절추어탕 및 인근카페,(사)대한미용사회 대전동구지회 간담회,73500,ca034c01edf1917b69543ad99a6a96d0b310839ad53e2f0a4cb741f88f425720,sheet1:R6,,,
b1c413c7bd99420d-sheet1-R4,2026-05-04,daejeon-dong,자치행정과,이웃커피로스터스,공원녹지과 직원 격려,58000,b1c413c7bd99420d8d2e3fabffdc4fc7b10e6fe64f97aa01d0bdddb4f9b3e876,sheet1:R4,,,
b1c413c7bd99420d-sheet1-R5,2026-05-04,daejeon-dong,자치행정과,금촌한우별관,간부공무원 격려,297000,b1c413c7bd99420d8d2e3fabffdc4fc7b10e6fe64f97aa01d0bdddb4f9b3e876,sheet1:R5,,,
b1c413c7bd99420d-sheet1-R6,2026-05-06,daejeon-dong,자치행정과,개인(성명 비공개),미래교육과 모친상 / 부의금,50000,b1c413c7bd99420d8d2e3fabffdc4fc7b10e6fe64f97aa01d0bdddb4f9b3e876,sheet1:R6,,,
b1c413c7bd99420d-sheet1-R7,2026-05-06,daejeon-dong,자치행정과,삼오정,기획홍보실 기획팀 직원 격려,370000,b1c413c7bd99420d8d2e3fabffdc4fc7b10e6fe64f97aa01d0bdddb4f9b3e876,sheet1:R7,,,
b1c413c7bd99420d-sheet1-R8,2026-05-07,daejeon-dong,자치행정과,개인(성명 비공개),가양2동장 시모상 / 부의금 기획홍보실 조모상 / 부의금 용전동 본인혼 / 축의금,150000,b1c413c7bd99420d8d2e3fabffdc4fc7b10e6fe64f97aa01d0bdddb4f9b3e876,sheet1:R8,,,
b1c413c7bd99420d-sheet1-R9,2026-05-07,daejeon-dong,자치행정과,요거해요,가족지원과 직원 격려,170000,b1c413c7bd99420d8d2e3fabffdc4fc7b10e6fe64f97aa01d0bdddb4f9b3e876,sheet1:R9,,,
b1c413c7bd99420d-sheet1-R10,2026-05-08,daejeon-dong,자치행정과,허브향기,공원녹지과 공원행정팀 직원 격려,200000,b1c413c7bd99420d8d2e3fabffdc4fc7b10e6fe64f97aa01d0bdddb4f9b3e876,sheet1:R10,,,
b1c413c7bd99420d-sheet1-R11,2026-05-11,daejeon-dong,자치행정과,괴산올갱이국밥,부속실 직원 격려,57000,b1c413c7bd99420d8d2e3fabffdc4fc7b10e6fe64f97aa01d0bdddb4f9b3e876,sheet1:R11,,,
b1c413c7bd99420d-sheet1-R12,2026-05-11,daejeon-dong,자치행정과,개인(성명 비공개),노인장애인과 모친상 / 부의금 교통정책과 조모상 / 부의금,100000,b1c413c7bd99420d8d2e3fabffdc4fc7b10e6fe64f97aa01d0bdddb4f9b3e876,sheet1:R12,,,
b1c413c7bd99420d-sheet1-R13,2026-05-12,daejeon-dong,자치행정과,도라지식당,부속실 직원 격려,33000,b1c413c7bd99420d8d2e3fabffdc4fc7b10e6fe64f97aa01d0bdddb4f9b3e876,sheet1:R13,,,
b1c413c7bd99420d-sheet1-R14,2026-05-12,daejeon-dong,자치행정과,도미노피자 가오은어송점,동구 고운매합창단 격려,269180,b1c413c7bd99420d8d2e3fabffdc4fc7b10e6fe64f97aa01d0bdddb4f9b3e876,sheet1:R14,,,
b1c413c7bd99420d-sheet1-R15,2026-05-13,daejeon-dong,자치행정과,중국성,간부공무원 격려,243000,b1c413c7bd99420d8d2e3fabffdc4fc7b10e6fe64f97aa01d0bdddb4f9b3e876,sheet1:R15,,,
b1c413c7bd99420d-sheet1-R16,2026-05-14,daejeon-dong,자치행정과,동서회관,노인장애인과 직원 격려,232000,b1c413c7bd99420d8d2e3fabffdc4fc7b10e6fe64f97aa01d0bdddb4f9b3e876,sheet1:R16,,,
b1c413c7bd99420d-sheet1-R17,2026-05-14,daejeon-dong,자치행정과,스마일약국,부속실 내방객용 차재료 구입,92000,b1c413c7bd99420d8d2e3fabffdc4fc7b10e6fe64f97aa01d0bdddb4f9b3e876,sheet1:R17,,,
b1c413c7bd99420d-sheet1-R18,2026-05-15,daejeon-dong,자치행정과,개인(성명 비공개),자치행정과 본인혼 / 축의금 민원여권과 본인혼 / 축의금 건강생활지원과 자혼 / 축의금,150000,b1c413c7bd99420d8d2e3fabffdc4fc7b10e6fe64f97aa01d0bdddb4f9b3e876,sheet1:R18,,,
b1c413c7bd99420d-sheet1-R19,2026-05-18,daejeon-dong,자치행정과,삼동소바,도시주택국 직원 격려,64000,b1c413c7bd99420d8d2e3fabffdc4fc7b10e6fe64f97aa01d0bdddb4f9b3e876,sheet1:R19,,,
b1c413c7bd99420d-sheet1-R20,2026-05-19,daejeon-dong,자치행정과,처갓집곰탕,자치행정과 행정팀 직원 격려,103000,b1c413c7bd99420d8d2e3fabffdc4fc7b10e6fe64f97aa01d0bdddb4f9b3e876,sheet1:R20,,,
b1c413c7bd99420d-sheet1-R21,2026-05-20,daejeon-dong,자치행정과,장가네대구왕뽈데기,미래세대국 직원 격려,22800,b1c413c7bd99420d8d2e3fabffdc4fc7b10e6fe64f97aa01d0bdddb4f9b3e876,sheet1:R21,,,
b1c413c7bd99420d-sheet1-R22,2026-05-20,daejeon-dong,자치행정과,카페라고,미래세대국 직원 격려,71000,b1c413c7bd99420d8d2e3fabffdc4fc7b10e6fe64f97aa01d0bdddb4f9b3e876,sheet1:R22,,,
b1c413c7bd99420d-sheet1-R23,2026-05-21,daejeon-dong,자치행정과,카페 쉴낙원,기획홍보실 직원 격려,36500,b1c413c7bd99420d8d2e3fabffdc4fc7b10e6fe64f97aa01d0bdddb4f9b3e876,sheet1:R23,,,
b1c413c7bd99420d-sheet1-R24,2026-05-22,daejeon-dong,자치행정과,큰뫼골,문화관광체육과 직원 격려,90000,b1c413c7bd99420d8d2e3fabffdc4fc7b10e6fe64f97aa01d0bdddb4f9b3e876,sheet1:R24,,,
b1c413c7bd99420d-sheet1-R25,2026-05-22,daejeon-dong,자치행정과,개인(성명 비공개),일자리경제과 여혼 / 축의금,50000,b1c413c7bd99420d8d2e3fabffdc4fc7b10e6fe64f97aa01d0bdddb4f9b3e876,sheet1:R25,,,
b1c413c7bd99420d-sheet1-R26,2026-05-26,daejeon-dong,자치행정과,윈썸,민원 담당 공무원 격려,201600,b1c413c7bd99420d8d2e3fabffdc4fc7b10e6fe64f97aa01d0bdddb4f9b3e876,sheet1:R26,,,
b1c413c7bd99420d-sheet1-R27,2026-05-27,daejeon-dong,자치행정과,용전한우마을,기획홍보실 기획팀 직원 격려,265000,b1c413c7bd99420d8d2e3fabffdc4fc7b10e6fe64f97aa01d0bdddb4f9b3e876,sheet1:R27,,,
b1c413c7bd99420d-sheet1-R28,2026-05-28,daejeon-dong,자치행정과,개인(성명 비공개),홍도동 조모상 / 부의금 회계정보과 모친상 / 부의금 도시계획과 조모상 / 부의금,150000,b1c413c7bd99420d8d2e3fabffdc4fc7b10e6fe64f97aa01d0bdddb4f9b3e876,sheet1:R28,,,
b1c413c7bd99420d-sheet1-R29,2026-05-28,daejeon-dong,자치행정과,1984그수육집칼국수,공동주택과 재개발팀 직원 격려,83000,b1c413c7bd99420d8d2e3fabffdc4fc7b10e6fe64f97aa01d0bdddb4f9b3e876,sheet1:R29,,,
b1c413c7bd99420d-sheet1-R30,2026-05-28,daejeon-dong,자치행정과,아이엠일리터 가오점,공동주택과 재개발팀 직원 격려,14400,b1c413c7bd99420d8d2e3fabffdc4fc7b10e6fe64f97aa01d0bdddb4f9b3e876,sheet1:R30,,,
b1c413c7bd99420d-sheet1-R31,2026-05-28,daejeon-dong,자치행정과,쿠팡,부속실 내방객 차재료 구입,219040,b1c413c7bd99420d8d2e3fabffdc4fc7b10e6fe64f97aa01d0bdddb4f9b3e876,sheet1:R31,,,
b1c413c7bd99420d-sheet1-R32,2026-05-29,daejeon-dong,자치행정과,대전옥,간부공무원 격려,320000,b1c413c7bd99420d8d2e3fabffdc4fc7b10e6fe64f97aa01d0bdddb4f9b3e876,sheet1:R32,,,
b1c413c7bd99420d-sheet1-R33,2026-05-29,daejeon-dong,자치행정과,블루부코,간부공무원 격려,85500,b1c413c7bd99420d8d2e3fabffdc4fc7b10e6fe64f97aa01d0bdddb4f9b3e876,sheet1:R33,,,
b1c413c7bd99420d-sheet1-R36,2026-05-04,daejeon-dong,자치행정과,동서회관,「신나는 동구 어린이날 큰잔치」 행사 추진 관련 안전관리체계 구축,122000,b1c413c7bd99420d8d2e3fabffdc4fc7b10e6fe64f97aa01d0bdddb4f9b3e876,sheet1:R36,,,
b1c413c7bd99420d-sheet1-R37,2026-05-13,daejeon-dong,자치행정과,동서회관,대청호 장미전시회 행사 추진 관련 교통 및 주차 안전관리 방안 마련,49000,b1c413c7bd99420d8d2e3fabffdc4fc7b10e6fe64f97aa01d0bdddb4f9b3e876,sheet1:R37,,,
b1c413c7bd99420d-sheet1-R38,2026-05-15,daejeon-dong,자치행정과,달빛참치,DG프렌즈(대학생 관광 서포터즈) 운영 관련 의견수렴,350000,b1c413c7bd99420d8d2e3fabffdc4fc7b10e6fe64f97aa01d0bdddb4f9b3e876,sheet1:R38,,,
b1c413c7bd99420d-sheet1-R39,2026-05-20,daejeon-dong,자치행정과,태화장,대청호 장미전시회 행사장 교통안전대책 관련 의견수렴,236000,b1c413c7bd99420d8d2e3fabffdc4fc7b10e6fe64f97aa01d0bdddb4f9b3e876,sheet1:R39,,,
b1c413c7bd99420d-sheet1-R40,2026-05-21,daejeon-dong,자치행정과,암소만한우촌,여름철 자연재난 대비 대응체계 구축 등 의견수렴,175000,b1c413c7bd99420d8d2e3fabffdc4fc7b10e6fe64f97aa01d0bdddb4f9b3e876,sheet1:R40,,,
b1c413c7bd99420d-sheet1-R41,2026-05-22,daejeon-dong,자치행정과,키호시,「찾아가는 음악회」추진 관련 의견 수렴,133000,b1c413c7bd99420d8d2e3fabffdc4fc7b10e6fe64f97aa01d0bdddb4f9b3e876,sheet1:R41,,,
b1c413c7bd99420d-sheet1-R42,2026-05-29,daejeon-dong,자치행정과,달빛참치,보훈예우사업 추진 및 보훈대상자 지원 방안 논의 등,280000,b1c413c7bd99420d8d2e3fabffdc4fc7b10e6fe64f97aa01d0bdddb4f9b3e876,sheet1:R42,,,
3cedf4d290f7c771-sheet1-R4,2026-05-07,daejeon-dong,자치행정과,개인(성명 비공개),가양2동장 시모상 / 부의금,50000,3cedf4d290f7c771d967120c12dac13cbaf974aee2196d78ad75513d47a7dc4c,sheet1:R4,,,
3cedf4d290f7c771-sheet1-R5,2026-05-15,daejeon-dong,자치행정과,개인(성명 비공개),자치행정과 본인혼 / 축의금 민원여권과 본인혼 / 축의금,100000,3cedf4d290f7c771d967120c12dac13cbaf974aee2196d78ad75513d47a7dc4c,sheet1:R5,,,
3cedf4d290f7c771-sheet1-R6,2026-05-20,daejeon-dong,자치행정과,소가하누,5급 승진 리더 교육생 격려,273600,3cedf4d290f7c771d967120c12dac13cbaf974aee2196d78ad75513d47a7dc4c,sheet1:R6,,,
3cedf4d290f7c771-sheet1-R7,2026-05-28,daejeon-dong,자치행정과,개인(성명 비공개),회계정보과 모친상 / 부의금,50000,3cedf4d290f7c771d967120c12dac13cbaf974aee2196d78ad75513d47a7dc4c,sheet1:R7,,,
3cedf4d290f7c771-sheet1-R10,2026-05-06,daejeon-dong,자치행정과,판암회관,동별 지역 현안 공유 및 민·관 협력사업 발굴 논의 등,40000,3cedf4d290f7c771d967120c12dac13cbaf974aee2196d78ad75513d47a7dc4c,sheet1:R10,,,
3cedf4d290f7c771-sheet1-R11,2026-05-12,daejeon-dong,자치행정과,시골밥상,새마을회 성과 공유 및 향후 활동 방향 논의,48000,3cedf4d290f7c771d967120c12dac13cbaf974aee2196d78ad75513d47a7dc4c,sheet1:R11,,,
3cedf4d290f7c771-sheet1-R12,2026-05-12,daejeon-dong,자치행정과,반지하,동 주민자치위원회 운영현황 및 동 주요 건의사항 논의,276000,3cedf4d290f7c771d967120c12dac13cbaf974aee2196d78ad75513d47a7dc4c,sheet1:R12,,,
3cedf4d290f7c771-sheet1-R13,2026-05-15,daejeon-dong,자치행정과,팔팔민물장어,동 반찬나눔 봉사활동 추진 관련 의견수렴,40000,3cedf4d290f7c771d967120c12dac13cbaf974aee2196d78ad75513d47a7dc4c,sheet1:R13,,,
3cedf4d290f7c771-sheet1-R14,2026-05-22,daejeon-dong,자치행정과,용수골보리밥&아구찜탕,「취약지역 방범용 CCTV 확충·설치 사업」 추진현황 점검 및 개선사항 논의,53000,3cedf4d290f7c771d967120c12dac13cbaf974aee2196d78ad75513d47a7dc4c,sheet1:R14,,,
3cedf4d290f7c771-sheet1-R15,2026-05-27,daejeon-dong,자치행정과,얼큰이손칼국수,지역 현안사항 의견 수렴 등,32000,3cedf4d290f7c771d967120c12dac13cbaf974aee2196d78ad75513d47a7dc4c,sheet1:R15,,,
ce44338b192ec393-sheet1-R6,2026-05-14,daejeon-dong,대청동,참돈가스 / 신하동 175-3번지 3층,고유가 피해지원금 등 현안 업무추진 직원 격려,159500,ce44338b192ec39396e7bfa260cdda80473c1096fa85672c6bda1dda257e26ac,sheet1:R6,,,
cdbcb7481e70e742-sheet1-R6,2026-02-02,daejeon-dong,용운동,옛날보리밥식당,인사이동 직원 격려,40000,cdbcb7481e70e742a015234f0eadabbfba292e803610debd9a63a64839593a5c,sheet1:R6,,,
cdbcb7481e70e742-sheet1-R7,2026-02-02,daejeon-dong,용운동,목연,인사이동 직원 격려,25500,cdbcb7481e70e742a015234f0eadabbfba292e803610debd9a63a64839593a5c,sheet1:R7,,,
cdbcb7481e70e742-sheet1-R8,2026-02-06,daejeon-dong,용운동,유성갈비 용운점,노인단체협의회 임원진 간담회,88000,cdbcb7481e70e742a015234f0eadabbfba292e803610debd9a63a64839593a5c,sheet1:R8,,,
cdbcb7481e70e742-sheet1-R9,2026-03-11,daejeon-dong,용운동,고기마을,노인복지 정책 발굴 및 추진을 위한 노인단체협의회 간담회,336000,cdbcb7481e70e742a015234f0eadabbfba292e803610debd9a63a64839593a5c,sheet1:R9,,,
cdbcb7481e70e742-sheet1-R10,2026-03-18,daejeon-dong,용운동,옛날보리밥식당,지역사회보장협의체 운영위원 간담회,54000,cdbcb7481e70e742a015234f0eadabbfba292e803610debd9a63a64839593a5c,sheet1:R10,,,
cdbcb7481e70e742-sheet1-R11,2026-03-18,daejeon-dong,용운동,목연,지역사회보장협의체 운영위원 간담회,30500,cdbcb7481e70e742a015234f0eadabbfba292e803610debd9a63a64839593a5c,sheet1:R11,,,
e3b233c846d9f9eb-sheet1-R4,2026-04-07,daejeon-dong,자치행정과,최가네묵은지,부속실 직원 격려,34000,e3b233c846d9f9eb72416935d62ca6e63e5a903c762cb0bf86bfc04e5adf7c58,sheet1:R4,,,
e3b233c846d9f9eb-sheet1-R5,2026-04-16,daejeon-dong,자치행정과,등촌샤브칼국수,회계정보과 경리팀 직원 격려,122000,e3b233c846d9f9eb72416935d62ca6e63e5a903c762cb0bf86bfc04e5adf7c58,sheet1:R5,,,
e3b233c846d9f9eb-sheet1-R6,2026-04-23,daejeon-dong,자치행정과,개인(성명 비공개),자치행정과 본인상 / 부의금,50000,e3b233c846d9f9eb72416935d62ca6e63e5a903c762cb0bf86bfc04e5adf7c58,sheet1:R6,,,
e3b233c846d9f9eb-sheet1-R7,2026-04-27,daejeon-dong,자치행정과,성원 황태칼국수,부속실 직원 격려,40000,e3b233c846d9f9eb72416935d62ca6e63e5a903c762cb0bf86bfc04e5adf7c58,sheet1:R7,,,
e3b233c846d9f9eb-sheet1-R8,2026-04-30,daejeon-dong,자치행정과,따봉시래기 가오점,자치행정과 직원복지팀 직원 격려,168000,e3b233c846d9f9eb72416935d62ca6e63e5a903c762cb0bf86bfc04e5adf7c58,sheet1:R8,,,
e3b233c846d9f9eb-sheet1-R9,2026-04-30,daejeon-dong,자치행정과,보드레,자치행정과 직원복지팀 직원 격려,21000,e3b233c846d9f9eb72416935d62ca6e63e5a903c762cb0bf86bfc04e5adf7c58,sheet1:R9,,,
e3b233c846d9f9eb-sheet1-R12,2026-04-01,daejeon-dong,자치행정과,적덕식당,가양1동 다목적실 시설 운영방안 및 개선사항 논의,42000,e3b233c846d9f9eb72416935d62ca6e63e5a903c762cb0bf86bfc04e5adf7c58,sheet1:R12,,,
e3b233c846d9f9eb-sheet1-R13,2026-04-01,daejeon-dong,자치행정과,카페수월,가양1동 다목적실 시설 운영방안 및 개선사항 논의,13000,e3b233c846d9f9eb72416935d62ca6e63e5a903c762cb0bf86bfc04e5adf7c58,sheet1:R13,,,
e3b233c846d9f9eb-sheet1-R14,2026-04-07,daejeon-dong,자치행정과,반지하,동별 지역 현안 공유 및 민·관 협력 사업 발굴 논의,136500,e3b233c846d9f9eb72416935d62ca6e63e5a903c762cb0bf86bfc04e5adf7c58,sheet1:R14,,,
e3b233c846d9f9eb-sheet1-R15,2026-04-13,daejeon-dong,자치행정과,정참치,「사회적·지리적 약자를 위한 노후 무인민원발급기 교체 및 재배치 추진 사업」관련 의견 수렴,270000,e3b233c846d9f9eb72416935d62ca6e63e5a903c762cb0bf86bfc04e5adf7c58,sheet1:R15,,,
e3b233c846d9f9eb-sheet1-R16,2026-04-15,daejeon-dong,자치행정과,방실이네식당,공동체지원센터 활성화를 위한 의견수렴,72000,e3b233c846d9f9eb72416935d62ca6e63e5a903c762cb0bf86bfc04e5adf7c58,sheet1:R16,,,
e3b233c846d9f9eb-sheet1-R17,2026-04-17,daejeon-dong,자치행정과,팔팔민물장어,동별 지역 현안 공유 및 민·관 협력 사업 발굴 논의,240000,e3b233c846d9f9eb72416935d62ca6e63e5a903c762cb0bf86bfc04e5adf7c58,sheet1:R17,,,
e4159a9345d9cec3-sheet1-R4,2026-04-02,daejeon-dong,자치행정과,들마루식당,「오늘 하루 당신이 구청장입니다」녹지환경분야 정책 제언 등,92000,e4159a9345d9cec30212679f6fc8d404b9a8a7b3da479ee8a00a57708f9f90dc,sheet1:R4,,,
e4159a9345d9cec3-sheet1-R5,2026-04-02,daejeon-dong,자치행정과,호수가에서,「오늘 하루 당신이 구청장입니다」녹지환경분야 정책 제언 등,49000,e4159a9345d9cec30212679f6fc8d404b9a8a7b3da479ee8a00a57708f9f90dc,sheet1:R5,,,
e4159a9345d9cec3-sheet1-R6,2026-04-09,daejeon-dong,자치행정과,대전정육식당,동별 지역 현안 공유 및 민·관 협력 사업 발굴 논의,370000,e4159a9345d9cec30212679f6fc8d404b9a8a7b3da479ee8a00a57708f9f90dc,sheet1:R6,,,
e4159a9345d9cec3-sheet1-R7,2026-04-21,daejeon-dong,자치행정과,비호비비큐,주요 행사 홍보 및 주민 애로사항 청취,164630,e4159a9345d9cec30212679f6fc8d404b9a8a7b3da479ee8a00a57708f9f90dc,sheet1:R7,,,
c7705d6e165273dc-sheet1-R6,2026-04-09,daejeon-dong,감사실,이본가 (판암동 소재),감사 및 조사업무 관련 정보 공유를 위한 타 구 감사실 직원과의 간담회,480000,c7705d6e165273dcfaf93f8f893b36b93783d6f1a50b349b6e4ba515edf9b61e,sheet1:R6,,,
1cafbfc39dd5029d-sheet1-R6,2026-04-02,daejeon-dong,자양동행정복지센터,투썸플레이스 대전대서문점,기관운영업무추진비 지출 품의(통장협의회 회원 격려),38900,1cafbfc39dd5029d1d03d86a97b7025f9840f926651825bd54467aae555343dd,sheet1:R6,,,
1cafbfc39dd5029d-sheet1-R7,2026-04-07,daejeon-dong,자양동행정복지센터,스타벅스 코리아,기관운영업무추진비 지출 품의(새마을 부녀회 티타임),20200,1cafbfc39dd5029d1d03d86a97b7025f9840f926651825bd54467aae555343dd,sheet1:R7,,,
1cafbfc39dd5029d-sheet1-R8,2026-04-09,daejeon-dong,자양동행정복지센터,투썸플레이스 대전대서문점,기관운영업무추진비 지출품의(통장협의회 티타임 ),20000,1cafbfc39dd5029d1d03d86a97b7025f9840f926651825bd54467aae555343dd,sheet1:R8,,,
1cafbfc39dd5029d-sheet1-R9,2026-04-10,daejeon-dong,자양동행정복지센터,고박사 막창구이,기관운영업무추진비 지출 품의(청년월세 업무 추진 직원 사기진작),146000,1cafbfc39dd5029d1d03d86a97b7025f9840f926651825bd54467aae555343dd,sheet1:R9,,,
1cafbfc39dd5029d-sheet1-R10,2026-04-17,daejeon-dong,자양동행정복지센터,"고구려명장식당, 스타리코",기관운영업무추진비 지출 품의(직원격려),59500,1cafbfc39dd5029d1d03d86a97b7025f9840f926651825bd54467aae555343dd,sheet1:R10,,,
360148c4d8e2397b-sheet1-R6,2026-04-14,daejeon-dong,대청동,여수회바다 / 서구 계룡로636번길 23,청소년 수련관 건립 업무 협의,124000,360148c4d8e2397b6ce3a12c0da6b9d71868f81eb87f5e1809d884528739e241,sheet1:R6,,,
98e286fbe2666738-sheet1-R7,2026-01-16,daejeon-dong,대동행정복지센터,처가집곰탕,지역사회보장협의체 간담회,46000,98e286fbe2666738488a82b7dc8f2dafc8dd00fa7948ee3a90edcb70709d4e15,sheet1:R7,,,
98e286fbe2666738-sheet1-R8,2026-01-19,daejeon-dong,대동행정복지센터,라온차이나,언론관계자 간담회,158000,98e286fbe2666738488a82b7dc8f2dafc8dd00fa7948ee3a90edcb70709d4e15,sheet1:R8,,,
98e286fbe2666738-sheet1-R9,2026-01-22,daejeon-dong,대동행정복지센터,순아식당,새마을문고 간담회,36000,98e286fbe2666738488a82b7dc8f2dafc8dd00fa7948ee3a90edcb70709d4e15,sheet1:R9,,,
98e286fbe2666738-sheet1-R10,2026-01-22,daejeon-dong,대동행정복지센터,카페 디귿,새마을문고 간담회,27700,98e286fbe2666738488a82b7dc8f2dafc8dd00fa7948ee3a90edcb70709d4e15,sheet1:R10,,,
98e286fbe2666738-sheet1-R11,2026-01-28,daejeon-dong,대동행정복지센터,맘스카페,주민자치위원회 간담회,36000,98e286fbe2666738488a82b7dc8f2dafc8dd00fa7948ee3a90edcb70709d4e15,sheet1:R11,,,
98e286fbe2666738-sheet1-R12,2026-01-30,daejeon-dong,대동행정복지센터,(주)모로미둔산,언론관계자 간담회,81500,98e286fbe2666738488a82b7dc8f2dafc8dd00fa7948ee3a90edcb70709d4e15,sheet1:R12,,,
98e286fbe2666738-sheet1-R13,2026-02-02,daejeon-dong,대동행정복지센터,아저씨돈까스,자율방재단 간담회,60500,98e286fbe2666738488a82b7dc8f2dafc8dd00fa7948ee3a90edcb70709d4e15,sheet1:R13,,,
98e286fbe2666738-sheet1-R14,2026-02-02,daejeon-dong,대동행정복지센터,카페 디귿,자율방재단 간담회,25000,98e286fbe2666738488a82b7dc8f2dafc8dd00fa7948ee3a90edcb70709d4e15,sheet1:R14,,,
98e286fbe2666738-sheet1-R15,2026-02-03,daejeon-dong,대동행정복지센터,유성순대,주민자치위원회 간담회,54000,98e286fbe2666738488a82b7dc8f2dafc8dd00fa7948ee3a90edcb70709d4e15,sheet1:R15,,,
98e286fbe2666738-sheet1-R16,2026-02-04,daejeon-dong,대동행정복지센터,하늘마을마을관리사회적협동조합,새마을협의회 간담회,35000,98e286fbe2666738488a82b7dc8f2dafc8dd00fa7948ee3a90edcb70709d4e15,sheet1:R16,,,
98e286fbe2666738-sheet1-R17,2026-02-04,daejeon-dong,대동행정복지센터,파이브퍼센트,새마을협의회 간담회,15000,98e286fbe2666738488a82b7dc8f2dafc8dd00fa7948ee3a90edcb70709d4e15,sheet1:R17,,,
98e286fbe2666738-sheet1-R18,2026-02-13,daejeon-dong,대동행정복지센터,우리식당,통장협의회 간담회,30000,98e286fbe2666738488a82b7dc8f2dafc8dd00fa7948ee3a90edcb70709d4e15,sheet1:R18,,,
98e286fbe2666738-sheet1-R19,2026-02-13,daejeon-dong,대동행정복지센터,파이브퍼센트,통장협의회 간담회,15000,98e286fbe2666738488a82b7dc8f2dafc8dd00fa7948ee3a90edcb70709d4e15,sheet1:R19,,,
98e286fbe2666738-sheet1-R20,2026-02-19,daejeon-dong,대동행정복지센터,유성순대,새마을부녀회 간담회,18000,98e286fbe2666738488a82b7dc8f2dafc8dd00fa7948ee3a90edcb70709d4e15,sheet1:R20,,,
98e286fbe2666738-sheet1-R21,2026-02-24,daejeon-dong,대동행정복지센터,뚜레쥬르 대전대동오거리,자율방재단 간담회,33000,98e286fbe2666738488a82b7dc8f2dafc8dd00fa7948ee3a90edcb70709d4e15,sheet1:R21,,,
98e286fbe2666738-sheet1-R22,2026-02-25,daejeon-dong,대동행정복지센터,청마루 회관2호점,장승제 봉행위원회 간담회,40000,98e286fbe2666738488a82b7dc8f2dafc8dd00fa7948ee3a90edcb70709d4e15,sheet1:R22,,,
98e286fbe2666738-sheet1-R23,2026-02-26,daejeon-dong,대동행정복지센터,박가네소머리곰탕,새마을협의회 간담회,39000,98e286fbe2666738488a82b7dc8f2dafc8dd00fa7948ee3a90edcb70709d4e15,sheet1:R23,,,
98e286fbe2666738-sheet1-R24,2026-03-03,daejeon-dong,대동행정복지센터,아저씨돈까스,지역사회보장협의체 간담회,16000,98e286fbe2666738488a82b7dc8f2dafc8dd00fa7948ee3a90edcb70709d4e15,sheet1:R24,,,
98e286fbe2666738-sheet1-R25,2026-03-10,daejeon-dong,대동행정복지센터,낭만커피,통장협의회 간담회,35500,98e286fbe2666738488a82b7dc8f2dafc8dd00fa7948ee3a90edcb70709d4e15,sheet1:R25,,,
98e286fbe2666738-sheet1-R26,2026-03-13,daejeon-dong,대동행정복지센터,조(趙)선술집,주민자치위원회 간담회,100000,98e286fbe2666738488a82b7dc8f2dafc8dd00fa7948ee3a90edcb70709d4e15,sheet1:R26,,,
98e286fbe2666738-sheet1-R27,2026-03-16,daejeon-dong,대동행정복지센터,경동오징어국수,통장협의회 간담회,43000,98e286fbe2666738488a82b7dc8f2dafc8dd00fa7948ee3a90edcb70709d4e15,sheet1:R27,,,
98e286fbe2666738-sheet1-R28,2026-03-19,daejeon-dong,대동행정복지센터,황간올갱이전문점,지역사회보장협의체 간담회,40000,98e286fbe2666738488a82b7dc8f2dafc8dd00fa7948ee3a90edcb70709d4e15,sheet1:R28,,,
98e286fbe2666738-sheet1-R29,2026-03-23,daejeon-dong,대동행정복지센터,경동오징어국수,새마을문고 간담회,56500,98e286fbe2666738488a82b7dc8f2dafc8dd00fa7948ee3a90edcb70709d4e15,sheet1:R29,,,
98e286fbe2666738-sheet1-R30,2026-03-24,daejeon-dong,대동행정복지센터,삼미손칼국수식당,주민자치위원회 간담회,76000,98e286fbe2666738488a82b7dc8f2dafc8dd00fa7948ee3a90edcb70709d4e15,sheet1:R30,,,
98e286fbe2666738-sheet1-R31,2026-03-25,daejeon-dong,대동행정복지센터,동태탕에집중하다,자유총연맹 간담회,49000,98e286fbe2666738488a82b7dc8f2dafc8dd00fa7948ee3a90edcb70709d4e15,sheet1:R31,,,
98e286fbe2666738-sheet1-R32,2026-03-26,daejeon-dong,대동행정복지센터,투앤투,자원봉사회 간담회,107000,98e286fbe2666738488a82b7dc8f2dafc8dd00fa7948ee3a90edcb70709d4e15,sheet1:R32,,,
98e286fbe2666738-sheet1-R33,2026-03-27,daejeon-dong,대동행정복지센터,동남순대,자율방재단 간담회,50000,98e286fbe2666738488a82b7dc8f2dafc8dd00fa7948ee3a90edcb70709d4e15,sheet1:R33,,,
f2643f60758ddabb-sheet1-R6,2026-01-07,daejeon-dong,문화관광체육과,미란칼국수,"동구국민체육센터 노후시설정비공사 착공과 관련 오찬 간담회 / 문화관광체육과 3명, 회계정보과 공사 감독관 2명, 공사 관계자 6명, 사업 관계자 2명",205000,f2643f60758ddabb0bad737f5abfaf0cd2895d773ac31c68be309dbed543b6d4,sheet1:R6,,,
f2643f60758ddabb-sheet1-R7,2026-01-14,daejeon-dong,문화관광체육과,청담고등어,"대전시립청소년합창단 관계자들과 금년도 찾아가는 음악회 개최 계획 등 논의하기 위한 간담회 / 문화관광체육과장, 담당자 및 청소년합창단 관계자 3명",56000,f2643f60758ddabb0bad737f5abfaf0cd2895d773ac31c68be309dbed543b6d4,sheet1:R7,,,
f2643f60758ddabb-sheet1-R8,2026-01-14,daejeon-dong,문화관광체육과,루미리즈,"대전시립청소년합창단 관계자들과 금년도 찾아가는 음악회 개최 계획 등 논의하기 위한 간담회 / 문화관광체육과장, 담당자 및 청소년합창단 관계자 3명",21800,f2643f60758ddabb0bad737f5abfaf0cd2895d773ac31c68be309dbed543b6d4,sheet1:R8,,,
f2643f60758ddabb-sheet1-R9,2026-01-16,daejeon-dong,문화관광체육과,리프레쉬보올,"2026년 구청장배 체육대회 일정 등 논의하기 위한 관계자와의 오찬 간담회 / 화관광체육과장, 체육지원팀 1명, 관계자 4명",35700,f2643f60758ddabb0bad737f5abfaf0cd2895d773ac31c68be309dbed543b6d4,sheet1:R9,,,
f2643f60758ddabb-sheet1-R10,2026-01-16,daejeon-dong,문화관광체육과,카페케일리,"2026년 구청장배 체육대회 일정 등 논의하기 위한 관계자와의 오찬 간담회 / 화관광체육과장, 체육지원팀 1명, 관계자 4명",25500,f2643f60758ddabb0bad737f5abfaf0cd2895d773ac31c68be309dbed543b6d4,sheet1:R10,,,
f2643f60758ddabb-sheet1-R11,2026-01-21,daejeon-dong,문화관광체육과,윈섬,"동구 관광활성화 및 빵축제 등 축제 협력 관련, 관계자들과 업무협의 / 문화관광체육과장 등 3인, 대전관광공사 3인",56600,f2643f60758ddabb0bad737f5abfaf0cd2895d773ac31c68be309dbed543b6d4,sheet1:R11,,,
f2643f60758ddabb-sheet1-R12,2026-01-21,daejeon-dong,문화관광체육과,보드레,"동구 관광활성화 및 빵축제 등 축제 협력 관련, 관계자들과 업무협의 / 문화관광체육과장 등 3인, 대전관광공사 3인",38700,f2643f60758ddabb0bad737f5abfaf0cd2895d773ac31c68be309dbed543b6d4,sheet1:R12,,,
f2643f60758ddabb-sheet1-R13,2026-01-23,daejeon-dong,문화관광체육과,참살이콩이야기,"식장산 주변지역 활성화를 위한 연구과제 추진 관련, 관계자 등과 간담회 / 화관광체육과장, 관광진흥팀 3명, 연구관계자 2명",106000,f2643f60758ddabb0bad737f5abfaf0cd2895d773ac31c68be309dbed543b6d4,sheet1:R13,,,
f2643f60758ddabb-sheet1-R14,2026-01-23,daejeon-dong,문화관광체육과,소소한 일상,"식장산 주변지역 활성화를 위한 연구과제 추진 관련, 관계자 등과 간담회 / 화관광체육과장, 관광진흥팀 3명, 연구관계자 2명",27600,f2643f60758ddabb0bad737f5abfaf0cd2895d773ac31c68be309dbed543b6d4,sheet1:R14,,,
f2643f60758ddabb-sheet1-R15,2026-01-26,daejeon-dong,문화관광체육과,관저명태촌 가오점,"2026 인동·동구국민체육센터 운영 등을 논의 위한, 관계자와의 오찬 간담회 / 문화관광체육과장, 체육지원팀 1명, 관계자 4명",86000,f2643f60758ddabb0bad737f5abfaf0cd2895d773ac31c68be309dbed543b6d4,sheet1:R15,,,
f2643f60758ddabb-sheet1-R16,2026-01-26,daejeon-dong,문화관광체육과,카페수수,"2026 인동·동구국민체육센터 운영 등을 논의 위한, 관계자와의 오찬 간담회 / 문화관광체육과장, 체육지원팀 1명, 관계자 4명",24500,f2643f60758ddabb0bad737f5abfaf0cd2895d773ac31c68be309dbed543b6d4,sheet1:R16,,,
f2643f60758ddabb-sheet1-R17,2026-01-30,daejeon-dong,문화관광체육과,유경낙지마을,"효평마루 위·수탁 협약에 따른 운영방안에 대한 논의를 위해 관계자 등과 간담회 / 문화관광체육과장, 관광진흥팀 2명, 수탁기관 2명",56000,f2643f60758ddabb0bad737f5abfaf0cd2895d773ac31c68be309dbed543b6d4,sheet1:R17,,,
f2643f60758ddabb-sheet1-R18,2026-01-30,daejeon-dong,문화관광체육과,크러쉬온,"효평마루 위·수탁 협약에 따른 운영방안에 대한 논의를 위해 관계자 등과 간담회 / 문화관광체육과장, 관광진흥팀 2명, 수탁기관 2명",32900,f2643f60758ddabb0bad737f5abfaf0cd2895d773ac31c68be309dbed543b6d4,sheet1:R18,,,
f2643f60758ddabb-sheet1-R19,2026-02-12,daejeon-dong,문화관광체육과,베이커리킥,"제23회 인동장터 독립만세운동 기념행사 운영계획 및 세부프로그램 등 논의 간담회 / 문화관광체육과장, 문화예술팀장, 담당자, 업체관계자 3명",49000,f2643f60758ddabb0bad737f5abfaf0cd2895d773ac31c68be309dbed543b6d4,sheet1:R19,,,
f2643f60758ddabb-sheet1-R20,2026-02-12,daejeon-dong,문화관광체육과,초미당 세번째,"제23회 인동장터 독립만세운동 기념행사 운영계획 및 세부프로그램 등 논의 간담회 / 문화관광체육과장, 문화예술팀장, 담당자, 업체관계자 3명",116000,f2643f60758ddabb0bad737f5abfaf0cd2895d773ac31c68be309dbed543b6d4,sheet1:R20,,,
f2643f60758ddabb-sheet1-R21,2026-02-13,daejeon-dong,문화관광체육과,기자네 보리밥,"2026년 체육행사 및 생활체육대회 지원 관련, 관계자 오찬 간담회 / 문화관광체육과장, 체육지원팀 1명, 관계자 4명",110000,f2643f60758ddabb0bad737f5abfaf0cd2895d773ac31c68be309dbed543b6d4,sheet1:R21,,,
f2643f60758ddabb-sheet1-R22,2026-02-13,daejeon-dong,문화관광체육과,카페케일리,"2026년 체육행사 및 생활체육대회 지원 관련, 관계자 오찬 간담회 / 문화관광체육과장, 체육지원팀 1명, 관계자 4명",69000,f2643f60758ddabb0bad737f5abfaf0cd2895d773ac31c68be309dbed543b6d4,sheet1:R22,,,
f2643f60758ddabb-sheet1-R23,2026-02-24,daejeon-dong,문화관광체육과,손의손가오점,"2026년 대청호 벚꽃길 마라톤대회 지원과 관련, 관계자와의 오찬 간담회 / 문화관광체육과장, 체육지원팀 3명, 관계자 2명",84000,f2643f60758ddabb0bad737f5abfaf0cd2895d773ac31c68be309dbed543b6d4,sheet1:R23,,,
f2643f60758ddabb-sheet1-R24,2026-02-24,daejeon-dong,문화관광체육과,카페브라운,"2026년 대청호 벚꽃길 마라톤대회 지원과 관련, 관계자와의 오찬 간담회 / 문화관광체육과장, 체육지원팀 3명, 관계자 2명",37300,f2643f60758ddabb0bad737f5abfaf0cd2895d773ac31c68be309dbed543b6d4,sheet1:R24,,,
f2643f60758ddabb-sheet1-R25,2026-02-27,daejeon-dong,문화관광체육과,덴푸라 오모이,"동구 마을축제 지원사업 관련 협의를 위하여, 관계자들과 업무협의 / 문화관광체육과장, 축제팀 3명, 동마을축제추진위원 2명",78000,f2643f60758ddabb0bad737f5abfaf0cd2895d773ac31c68be309dbed543b6d4,sheet1:R25,,,
f2643f60758ddabb-sheet1-R26,2026-03-04,daejeon-dong,문화관광체육과,윤짬뽕,"제23회 인동장터 독립만세운동 기념행사 관련, 광복회 대전광역시지부 관계자들과 운영계획 및 관련업무 등 논의 간담회 / 문화관광체육과장, 문화예술팀장, 담당자 및 광복회 대전광역시지부 관계자 3명",70000,f2643f60758ddabb0bad737f5abfaf0cd2895d773ac31c68be309dbed543b6d4,sheet1:R26,,,
f2643f60758ddabb-sheet1-R27,2026-03-04,daejeon-dong,문화관광체육과,코젠트,"제23회 인동장터 독립만세운동 기념행사 관련, 광복회 대전광역시지부 관계자들과 운영계획 및 관련업무 등 논의 간담회 / 문화관광체육과장, 문화예술팀장, 담당자 및 광복회 대전광역시지부 관계자 3명",24000,f2643f60758ddabb0bad737f5abfaf0cd2895d773ac31c68be309dbed543b6d4,sheet1:R27,,,
f2643f60758ddabb-sheet1-R28,2026-03-05,daejeon-dong,문화관광체육과,팀쿡가오점,"캔들라이트 콘서트 개최 관련 지원사항 등 논의를 위하여 관계자와 간담회 / 문화관광체육과장, 축제팀 4명, 대전관광공사 4명",127000,f2643f60758ddabb0bad737f5abfaf0cd2895d773ac31c68be309dbed543b6d4,sheet1:R28,,,
f2643f60758ddabb-sheet1-R29,2026-03-05,daejeon-dong,문화관광체육과,카페케일리,"캔들라이트 콘서트 개최 관련 지원사항 등 논의를 위하여 관계자와 간담회 / 문화관광체육과장, 축제팀 4명, 대전관광공사 4명",70000,f2643f60758ddabb0bad737f5abfaf0cd2895d773ac31c68be309dbed543b6d4,sheet1:R29,,,
f2643f60758ddabb-sheet1-R30,2026-03-09,daejeon-dong,문화관광체육과,소담식당,"2026년 관내 사찰 화재 안전 점검 및 간담회 / 문화관광체육과장, 문화예술팀장, 담당자, 주지스님 4명",124000,f2643f60758ddabb0bad737f5abfaf0cd2895d773ac31c68be309dbed543b6d4,sheet1:R30,,,
f2643f60758ddabb-sheet1-R31,2026-03-09,daejeon-dong,문화관광체육과,파리바게뜨가오은어송점,"2026년 관내 사찰 화재 안전 점검 및 간담회 / 문화관광체육과장, 문화예술팀장, 담당자, 주지스님 4명",9800,f2643f60758ddabb0bad737f5abfaf0cd2895d773ac31c68be309dbed543b6d4,sheet1:R31,,,
f2643f60758ddabb-sheet1-R32,2026-03-10,daejeon-dong,문화관광체육과,달빛에구운고등어효동점,"동구국민체육센터 노후시설 정비공사와 관련, 관계자와의 오찬 간담회 / 문화관광체육과장, 체육지원팀 1명, 관계자 1명",41500,f2643f60758ddabb0bad737f5abfaf0cd2895d773ac31c68be309dbed543b6d4,sheet1:R32,,,
f2643f60758ddabb-sheet1-R33,2026-03-10,daejeon-dong,문화관광체육과,스타벅스 코리아,"동구국민체육센터 노후시설 정비공사와 관련, 관계자와의 오찬 간담회 / 문화관광체육과장, 체육지원팀 1명, 관계자 1명",15500,f2643f60758ddabb0bad737f5abfaf0cd2895d773ac31c68be309dbed543b6d4,sheet1:R33,,,
f2643f60758ddabb-sheet1-R34,2026-03-17,daejeon-dong,문화관광체육과,투썸 대동오거리점,"동구동런 운영과 관련, 관계자와의 티타임 / 문화관광체육과장, 체육지원팀 2명, 관계자 2명",24100,f2643f60758ddabb0bad737f5abfaf0cd2895d773ac31c68be309dbed543b6d4,sheet1:R34,,,
f2643f60758ddabb-sheet1-R35,2026-03-17,daejeon-dong,문화관광체육과,손의손 가오점,"2026년 체육행사 및 생활체육대회 지원과 관련, 관계자와의 오찬 간담회 / 문화관광체육과장, 체육지원팀 3명, 관계자 11명",198000,f2643f60758ddabb0bad737f5abfaf0cd2895d773ac31c68be309dbed543b6d4,sheet1:R35,,,
f2643f60758ddabb-sheet1-R36,2026-03-17,daejeon-dong,문화관광체육과,스타벅스 코리아,"2026년 체육행사 및 생활체육대회 지원과 관련, 관계자와의 오찬 간담회 / 문화관광체육과장, 체육지원팀 3명, 관계자 11명",100000,f2643f60758ddabb0bad737f5abfaf0cd2895d773ac31c68be309dbed543b6d4,sheet1:R36,,,
f2643f60758ddabb-sheet1-R37,2026-03-18,daejeon-dong,문화관광체육과,동태탕에집중하다,"대전시립교향악단 관계자들과 올해 찾아가는 음악회 개최 계획 등을 논의하기 위한 간담회 / 문화관광체육과장, 담당자, 시립교향악단 관계자 2명",44000,f2643f60758ddabb0bad737f5abfaf0cd2895d773ac31c68be309dbed543b6d4,sheet1:R37,,,
f2643f60758ddabb-sheet1-R38,2026-03-18,daejeon-dong,문화관광체육과,카페케일리,"대전시립교향악단 관계자들과 올해 찾아가는 음악회 개최 계획 등을 논의하기 위한 간담회 / 문화관광체육과장, 담당자, 시립교향악단 관계자 2명",35000,f2643f60758ddabb0bad737f5abfaf0cd2895d773ac31c68be309dbed543b6d4,sheet1:R38,,,
f2643f60758ddabb-sheet1-R39,2026-03-24,daejeon-dong,문화관광체육과,순남시래기,"2026년 장애인체육회 탁구대회 논의 / 문화관광체육과장, 관계자 4명",54000,f2643f60758ddabb0bad737f5abfaf0cd2895d773ac31c68be309dbed543b6d4,sheet1:R39,,,
f2643f60758ddabb-sheet1-R40,2026-03-24,daejeon-dong,문화관광체육과,스타벅스 코리아,"2026년 장애인체육회 탁구대회 논의 / 문화관광체육과장, 관계자 4명",37100,f2643f60758ddabb0bad737f5abfaf0cd2895d773ac31c68be309dbed543b6d4,sheet1:R40,,,
f2643f60758ddabb-sheet1-R41,2026-03-26,daejeon-dong,문화관광체육과,들마루식당,"대청호 관광 활성화 추진을 위해 수자원공사 및 대전관광공사와 간담회 / 문화관광체육과장, 관광진흥팀 3명, 수자원공사 직원 5명, 대전관광공사 직원 3명",191000,f2643f60758ddabb0bad737f5abfaf0cd2895d773ac31c68be309dbed543b6d4,sheet1:R41,,,
f2643f60758ddabb-sheet1-R42,2026-03-27,daejeon-dong,문화관광체육과,윈썸,"2026 화목한 문화산책과 관련, 시립예술단 관계자들과 간담회 / 문화관광체육과장, 문화예술팀장, 담당자, 시립예술단 관계자 5명",131200,f2643f60758ddabb0bad737f5abfaf0cd2895d773ac31c68be309dbed543b6d4,sheet1:R42,,,
f2643f60758ddabb-sheet1-R43,2026-03-27,daejeon-dong,문화관광체육과,보드레,"2026 화목한 문화산책과 관련, 시립예술단 관계자들과 간담회 / 문화관광체육과장, 문화예술팀장, 담당자, 시립예술단 관계자 5명",23500,f2643f60758ddabb0bad737f5abfaf0cd2895d773ac31c68be309dbed543b6d4,sheet1:R43,,,
f2643f60758ddabb-sheet1-R44,2026-03-30,daejeon-dong,문화관광체육과,기자네 보리밥,"2026년 대청호 벚꽃길 마라톤대회 논의 / 문화관광체육과장, 체육회 관계자 6명",63000,f2643f60758ddabb0bad737f5abfaf0cd2895d773ac31c68be309dbed543b6d4,sheet1:R44,,,
f2643f60758ddabb-sheet1-R45,2026-03-30,daejeon-dong,문화관광체육과,보드레,"2026년 대청호 벚꽃길 마라톤대회 논의 / 문화관광체육과장, 체육회 관계자 6명",28300,f2643f60758ddabb0bad737f5abfaf0cd2895d773ac31c68be309dbed543b6d4,sheet1:R45,,,
f2643f60758ddabb-sheet1-R46,2026-03-31,daejeon-dong,문화관광체육과,팀쿡가오점,"2026 대청호 벚꽃길 마라톤 대회 관련, 관계자와의 만찬 등 간담회 / 문화관광체육과장, 체육지원팀 2명, 관계자 3명",90000,f2643f60758ddabb0bad737f5abfaf0cd2895d773ac31c68be309dbed543b6d4,sheet1:R46,,,
f2643f60758ddabb-sheet1-R47,2026-03-31,daejeon-dong,문화관광체육과,스타벅스 코리아,"2026 대청호 벚꽃길 마라톤 대회 관련, 관계자와의 만찬 등 간담회 / 문화관광체육과장, 체육지원팀 2명, 관계자 3명",50000,f2643f60758ddabb0bad737f5abfaf0cd2895d773ac31c68be309dbed543b6d4,sheet1:R47,,,
00187bfd23a58be0-sheet1-R6,2026-01-02,daejeon-dong,산내동,얼큰이네꽁당보리밥,낭월마을관리사회적협동조합 오찬간담회,79000,00187bfd23a58be0e7b1ae99d5acd697a6ac72e3b4caa926e5c9b638f0e9e751,sheet1:R6,,,
00187bfd23a58be0-sheet1-R7,2026-01-12,daejeon-dong,산내동,돈이네등뼈,소속 상근직원 격려,59300,00187bfd23a58be0e7b1ae99d5acd697a6ac72e3b4caa926e5c9b638f0e9e751,sheet1:R7,,,
00187bfd23a58be0-sheet1-R8,2026-01-13,daejeon-dong,산내동,옥천식당,소속 상근직원 격려,124500,00187bfd23a58be0e7b1ae99d5acd697a6ac72e3b4caa926e5c9b638f0e9e751,sheet1:R8,,,
00187bfd23a58be0-sheet1-R9,2026-01-14,daejeon-dong,산내동,순이네숯불갈비,소속 상근직원 격려,188000,00187bfd23a58be0e7b1ae99d5acd697a6ac72e3b4caa926e5c9b638f0e9e751,sheet1:R9,,,
00187bfd23a58be0-sheet1-R10,2026-01-16,daejeon-dong,산내동,미담한식뷔페,소속 상근직원 격려,32000,00187bfd23a58be0e7b1ae99d5acd697a6ac72e3b4caa926e5c9b638f0e9e751,sheet1:R10,,,
00187bfd23a58be0-sheet1-R11,2026-01-20,daejeon-dong,산내동,밥풀꽃식당,소속 상근직원 격려,51000,00187bfd23a58be0e7b1ae99d5acd697a6ac72e3b4caa926e5c9b638f0e9e751,sheet1:R11,,,
00187bfd23a58be0-sheet1-R12,2026-02-03,daejeon-dong,산내동,또바기돼지국밥,소속 상근직원 격려,300000,00187bfd23a58be0e7b1ae99d5acd697a6ac72e3b4caa926e5c9b638f0e9e751,sheet1:R12,,,
00187bfd23a58be0-sheet1-R13,2026-02-10,daejeon-dong,산내동,외식 식당,관내 경로당 회장단 간담회,448000,00187bfd23a58be0e7b1ae99d5acd697a6ac72e3b4caa926e5c9b638f0e9e751,sheet1:R13,,,
00187bfd23a58be0-sheet1-R14,2026-02-24,daejeon-dong,산내동,얼큰이네꽁당보리밥,소속 상근직원 격려,129000,00187bfd23a58be0e7b1ae99d5acd697a6ac72e3b4caa926e5c9b638f0e9e751,sheet1:R14,,,
00187bfd23a58be0-sheet1-R15,2026-02-25,daejeon-dong,산내동,묵은지갈비김치찌개,산내동 자생단체협의회 회원 만찬,304000,00187bfd23a58be0e7b1ae99d5acd697a6ac72e3b4caa926e5c9b638f0e9e751,sheet1:R15,,,
00187bfd23a58be0-sheet1-R16,2026-02-26,daejeon-dong,산내동,별천지식당,산내동 관할 환경관리요원 격려 오찬,143000,00187bfd23a58be0e7b1ae99d5acd697a6ac72e3b4caa926e5c9b638f0e9e751,sheet1:R16,,,
00187bfd23a58be0-sheet1-R17,2026-03-03,daejeon-dong,산내동,얼큰이네꽁당보리밥,지역사회보장협의체 임원진 오찬 간담회,37000,00187bfd23a58be0e7b1ae99d5acd697a6ac72e3b4caa926e5c9b638f0e9e751,sheet1:R17,,,
00187bfd23a58be0-sheet1-R18,2026-03-09,daejeon-dong,산내동,묵은지갈비김치찌개,주민자치위원회 임원진 오찬 간담회,33000,00187bfd23a58be0e7b1ae99d5acd697a6ac72e3b4caa926e5c9b638f0e9e751,sheet1:R18,,,
00187bfd23a58be0-sheet1-R19,2026-03-24,daejeon-dong,산내동,메가커피,산내동 관할 환경관리요원 격려 티타임,36000,00187bfd23a58be0e7b1ae99d5acd697a6ac72e3b4caa926e5c9b638f0e9e751,sheet1:R19,,,
6168747cae4a0731-sheet1-R7,2026-02-09,daejeon-dong,토지정보과,이본가,전세사기 피해 예방 업무 추진(한국공인중개사협회 동구지회 임원 포함),112000,6168747cae4a0731332c0efdd8c79799ca00ac1078e8e705f9dbc03f3b12a483,sheet1:R7,,,
6168747cae4a0731-sheet1-R8,2026-02-24,daejeon-dong,토지정보과,정참치,2026. 1. 1.일자 개별공시지가 검증 업무 추진(감정평가사 포함),160000,6168747cae4a0731332c0efdd8c79799ca00ac1078e8e705f9dbc03f3b12a483,sheet1:R8,,,
2176cafb856afaac-sheet1-R4,2026-01-06,daejeon-dong,인구정책과,오유키친,여성친화 도시 관련 업무 추진방향 등 논의를 위한 관련 단체 간담회,99000,2176cafb856afaaca17c5dae42485c17c8de935b49a2624cefb3d70b7a95c355,sheet1:R4,,,
2176cafb856afaac-sheet1-R5,2026-01-06,daejeon-dong,인구정책과,보드레 카페,여성친화 도시 관련 업무 추진방향 등 논의를 위한 관련 단체 간담회,11200,2176cafb856afaaca17c5dae42485c17c8de935b49a2624cefb3d70b7a95c355,sheet1:R5,,,
2176cafb856afaac-sheet1-R6,2026-01-07,daejeon-dong,인구정책과,장가네대구왕뽈떼기,직원 격려,40000,2176cafb856afaaca17c5dae42485c17c8de935b49a2624cefb3d70b7a95c355,sheet1:R6,,,
2176cafb856afaac-sheet1-R7,2026-01-09,daejeon-dong,인구정책과,용수골보리밥&아구찜탕,세대간 갈등 해소 등을 위한 의견 수렴을 위한 관련 주민 간담회,57000,2176cafb856afaaca17c5dae42485c17c8de935b49a2624cefb3d70b7a95c355,sheet1:R7,,,
2176cafb856afaac-sheet1-R8,2026-01-09,daejeon-dong,인구정책과,스타벅스 코리아,세대간 갈등 해소 등을 위한 의견 수렴을 위한 관련 주민 간담회,30600,2176cafb856afaaca17c5dae42485c17c8de935b49a2624cefb3d70b7a95c355,sheet1:R8,,,
2176cafb856afaac-sheet1-R9,2026-01-12,daejeon-dong,인구정책과,현대식당,직원 격려,162500,2176cafb856afaaca17c5dae42485c17c8de935b49a2624cefb3d70b7a95c355,sheet1:R9,,,
2176cafb856afaac-sheet1-R10,2026-01-13,daejeon-dong,인구정책과,도라지식당,미래세대국과 타국 부서와의 협력체계 구축을 위한 타국 소속 국과장 간담회,264000,2176cafb856afaaca17c5dae42485c17c8de935b49a2624cefb3d70b7a95c355,sheet1:R10,,,
2176cafb856afaac-sheet1-R11,2026-01-13,daejeon-dong,인구정책과,블루부코 카페,미래세대국과 타국 부서와의 협력체계 구축을 위한 타국 소속 국과장 간담회,122200,2176cafb856afaaca17c5dae42485c17c8de935b49a2624cefb3d70b7a95c355,sheet1:R11,,,
2176cafb856afaac-sheet1-R12,2026-01-22,daejeon-dong,인구정책과,삼동소바,직원 격려,94500,2176cafb856afaaca17c5dae42485c17c8de935b49a2624cefb3d70b7a95c355,sheet1:R12,,,
2176cafb856afaac-sheet1-R13,2026-01-22,daejeon-dong,인구정책과,카페121,직원 격려,19900,2176cafb856afaaca17c5dae42485c17c8de935b49a2624cefb3d70b7a95c355,sheet1:R13,,,
2176cafb856afaac-sheet1-R14,2026-01-23,daejeon-dong,인구정책과,대전짬뽕,지역아동센터 활성화 방안 관련 관계자 간담회,74000,2176cafb856afaaca17c5dae42485c17c8de935b49a2624cefb3d70b7a95c355,sheet1:R14,,,
2176cafb856afaac-sheet1-R15,2026-01-23,daejeon-dong,인구정책과,투썸플레이스,지역아동센터 활성화 방안 관련 관계자 간담회,27100,2176cafb856afaaca17c5dae42485c17c8de935b49a2624cefb3d70b7a95c355,sheet1:R15,,,
2176cafb856afaac-sheet1-R16,2026-01-26,daejeon-dong,인구정책과,홍두깨칼국수,직원 격려,92000,2176cafb856afaaca17c5dae42485c17c8de935b49a2624cefb3d70b7a95c355,sheet1:R16,,,
2176cafb856afaac-sheet1-R17,2026-01-26,daejeon-dong,인구정책과,파스쿠찌 대전석교점,직원 격려,36600,2176cafb856afaaca17c5dae42485c17c8de935b49a2624cefb3d70b7a95c355,sheet1:R17,,,
2176cafb856afaac-sheet1-R18,2026-01-27,daejeon-dong,인구정책과,명월본가수라상,2026년도 인구정책 추진방안 논의 관련 관계 단체 간담회,116000,2176cafb856afaaca17c5dae42485c17c8de935b49a2624cefb3d70b7a95c355,sheet1:R18,,,
2176cafb856afaac-sheet1-R19,2026-01-27,daejeon-dong,인구정책과,사잇길디저트카페,2026년도 인구정책 추진방안 논의 관련 관계 단체 간담회,34400,2176cafb856afaaca17c5dae42485c17c8de935b49a2624cefb3d70b7a95c355,sheet1:R19,,,
2176cafb856afaac-sheet1-R20,2026-01-28,daejeon-dong,인구정책과,손의손가오점,동네북네 북카페 홍보 및 활성화 관련 관계 주민 간담회,87000,2176cafb856afaaca17c5dae42485c17c8de935b49a2624cefb3d70b7a95c355,sheet1:R20,,,
2176cafb856afaac-sheet1-R21,2026-01-28,daejeon-dong,인구정책과,카페수수,동네북네 북카페 홍보 및 활성화 관련 관계 주민 간담회,30800,2176cafb856afaaca17c5dae42485c17c8de935b49a2624cefb3d70b7a95c355,sheet1:R21,,,
2176cafb856afaac-sheet1-R22,2026-01-30,daejeon-dong,인구정책과,홍가네칼국수,어린이·청소년 영어도서관 건립 관련 의견 수렴을 위한 관계 주민 간담회,45000,2176cafb856afaaca17c5dae42485c17c8de935b49a2624cefb3d70b7a95c355,sheet1:R22,,,
2176cafb856afaac-sheet1-R23,2026-01-30,daejeon-dong,인구정책과,오꼬숑 카페,어린이·청소년 영어도서관 건립 관련 의견 수렴을 위한 관계 주민 간담회,16000,2176cafb856afaaca17c5dae42485c17c8de935b49a2624cefb3d70b7a95c355,sheet1:R23,,,
2176cafb856afaac-sheet1-R24,2026-02-02,daejeon-dong,인구정책과,대선칼국수,직원 격려,201000,2176cafb856afaaca17c5dae42485c17c8de935b49a2624cefb3d70b7a95c355,sheet1:R24,,,
2176cafb856afaac-sheet1-R25,2026-02-02,daejeon-dong,인구정책과,1367호점 대전가오점 카페,직원 격려,25100,2176cafb856afaaca17c5dae42485c17c8de935b49a2624cefb3d70b7a95c355,sheet1:R25,,,
2176cafb856afaac-sheet1-R26,2026-02-04,daejeon-dong,인구정책과,손의손가오점,2026년 관학협력사업 추진 관련 대학 관계자 간담회,104000,2176cafb856afaaca17c5dae42485c17c8de935b49a2624cefb3d70b7a95c355,sheet1:R26,,,
2176cafb856afaac-sheet1-R27,2026-02-04,daejeon-dong,인구정책과,카페수수,2026년 관학협력사업 추진 관련 대학 관계자 간담회,27200,2176cafb856afaaca17c5dae42485c17c8de935b49a2624cefb3d70b7a95c355,sheet1:R27,,,
2176cafb856afaac-sheet1-R28,2026-02-05,daejeon-dong,인구정책과,장가네대구왕뽈떼기,직원 격려,41000,2176cafb856afaaca17c5dae42485c17c8de935b49a2624cefb3d70b7a95c355,sheet1:R28,,,
2176cafb856afaac-sheet1-R29,2026-02-05,daejeon-dong,인구정책과,카페라곰,직원 격려,23000,2176cafb856afaaca17c5dae42485c17c8de935b49a2624cefb3d70b7a95c355,sheet1:R29,,,
2176cafb856afaac-sheet1-R30,2026-02-09,daejeon-dong,인구정책과,우신집,아동복지 지원 강화 방안 논의를 위한 관계 기관 직원 간담회,140000,2176cafb856afaaca17c5dae42485c17c8de935b49a2624cefb3d70b7a95c355,sheet1:R30,,,
2176cafb856afaac-sheet1-R31,2026-02-10,daejeon-dong,인구정책과,등촌샤브칼국수,직원 격려,116000,2176cafb856afaaca17c5dae42485c17c8de935b49a2624cefb3d70b7a95c355,sheet1:R31,,,
2176cafb856afaac-sheet1-R32,2026-02-10,daejeon-dong,인구정책과,던킨도너츠 효동점,직원 격려,24900,2176cafb856afaaca17c5dae42485c17c8de935b49a2624cefb3d70b7a95c355,sheet1:R32,,,
2176cafb856afaac-sheet1-R33,2026-02-11,daejeon-dong,인구정책과,서울치킨,미래세대국 소관 업무 정책 추진 관련 의견수렴을 위한 관계 주민 간담회,81000,2176cafb856afaaca17c5dae42485c17c8de935b49a2624cefb3d70b7a95c355,sheet1:R33,,,
2176cafb856afaac-sheet1-R34,2026-02-11,daejeon-dong,인구정책과,투썸플레이스 식장산점,직원 격려,43900,2176cafb856afaaca17c5dae42485c17c8de935b49a2624cefb3d70b7a95c355,sheet1:R34,,,
2176cafb856afaac-sheet1-R35,2026-02-12,daejeon-dong,인구정책과,한성식당,청소년정책의 효과적 추진방안 마련 논의를 위한 청소년 육성 관련 관계자 간담회,111000,2176cafb856afaaca17c5dae42485c17c8de935b49a2624cefb3d70b7a95c355,sheet1:R35,,,
2176cafb856afaac-sheet1-R36,2026-02-12,daejeon-dong,인구정책과,숨카페,청소년정책의 효과적 추진방안 마련 논의를 위한 청소년 육성 관련 관계자 간담회,17000,2176cafb856afaaca17c5dae42485c17c8de935b49a2624cefb3d70b7a95c355,sheet1:R36,,,
2176cafb856afaac-sheet1-R37,2026-02-13,daejeon-dong,인구정책과,용수골보리밥&아구찜탕,평생학습 및 독서강좌 관련 의견 수렴을 위한 관련 주민 간담회,66000,2176cafb856afaaca17c5dae42485c17c8de935b49a2624cefb3d70b7a95c355,sheet1:R37,,,
2176cafb856afaac-sheet1-R38,2026-02-13,daejeon-dong,인구정책과,내가아는카페,평생학습 및 독서강좌 관련 의견 수렴을 위한 관련 주민 간담회,44100,2176cafb856afaaca17c5dae42485c17c8de935b49a2624cefb3d70b7a95c355,sheet1:R38,,,
2176cafb856afaac-sheet1-R39,2026-02-20,daejeon-dong,인구정책과,유성순대,관학협력 체계 구축을 위한 관련 대학 교직원 간담회,45000,2176cafb856afaaca17c5dae42485c17c8de935b49a2624cefb3d70b7a95c355,sheet1:R39,,,
2176cafb856afaac-sheet1-R40,2026-02-20,daejeon-dong,인구정책과,앙트르뽀,관학협력 체계 구축을 위한 관련 대학 교직원 간담회,21000,2176cafb856afaaca17c5dae42485c17c8de935b49a2624cefb3d70b7a95c355,sheet1:R40,,,
2176cafb856afaac-sheet1-R41,2026-02-24,daejeon-dong,인구정책과,명성만두샤브샤브전문점,보육지원 정책 추진 협력체계 구축을 위해 어린이집 관계자 간담회,112000,2176cafb856afaaca17c5dae42485c17c8de935b49a2624cefb3d70b7a95c355,sheet1:R41,,,
2176cafb856afaac-sheet1-R42,2026-02-24,daejeon-dong,인구정책과,카페나길,보육지원 정책 추진 협력체계 구축을 위해 어린이집 관계자 간담회,34700,2176cafb856afaaca17c5dae42485c17c8de935b49a2624cefb3d70b7a95c355,sheet1:R42,,,
2176cafb856afaac-sheet1-R43,2026-02-25,daejeon-dong,인구정책과,대선칼국수,직원 격려,164000,2176cafb856afaaca17c5dae42485c17c8de935b49a2624cefb3d70b7a95c355,sheet1:R43,,,
2176cafb856afaac-sheet1-R44,2026-02-26,daejeon-dong,인구정책과,쌍청고기마을,여성 일자리 창출 방안 논의를 위한 여성정책 관계자 간담회,144000,2176cafb856afaaca17c5dae42485c17c8de935b49a2624cefb3d70b7a95c355,sheet1:R44,,,
2176cafb856afaac-sheet1-R45,2026-02-26,daejeon-dong,인구정책과,하늘만큼 카페,여성 일자리 창출 방안 논의를 위한 여성정책 관계자 간담회,49050,2176cafb856afaaca17c5dae42485c17c8de935b49a2624cefb3d70b7a95c355,sheet1:R45,,,
2176cafb856afaac-sheet1-R46,2026-03-06,daejeon-dong,인구정책과,어글리딜리셔스,직원 격려,163000,2176cafb856afaaca17c5dae42485c17c8de935b49a2624cefb3d70b7a95c355,sheet1:R46,,,
2176cafb856afaac-sheet1-R47,2026-03-06,daejeon-dong,인구정책과,투썸 대동오거리점,직원 격려,29800,2176cafb856afaaca17c5dae42485c17c8de935b49a2624cefb3d70b7a95c355,sheet1:R47,,,
2176cafb856afaac-sheet1-R48,2026-03-09,daejeon-dong,인구정책과,외식,글로벌 드림캠퍼스 개관 준비 및 업무 협의 관련 부서 직원 간담회,168000,2176cafb856afaaca17c5dae42485c17c8de935b49a2624cefb3d70b7a95c355,sheet1:R48,,,
2176cafb856afaac-sheet1-R49,2026-03-09,daejeon-dong,인구정책과,플랜티 카페,글로벌 드림캠퍼스 개관 준비 및 업무 협의 관련 부서 직원 간담회,29500,2176cafb856afaaca17c5dae42485c17c8de935b49a2624cefb3d70b7a95c355,sheet1:R49,,,
2176cafb856afaac-sheet1-R50,2026-03-18,daejeon-dong,인구정책과,한성식당,미래세대국 소관 업무 정책 발굴을 위한 관계 주민 의견수렴 간담회,153000,2176cafb856afaaca17c5dae42485c17c8de935b49a2624cefb3d70b7a95c355,sheet1:R50,,,
2176cafb856afaac-sheet1-R51,2026-03-20,daejeon-dong,인구정책과,한성식당,직원 격려,76000,2176cafb856afaaca17c5dae42485c17c8de935b49a2624cefb3d70b7a95c355,sheet1:R51,,,
2176cafb856afaac-sheet1-R52,2026-03-20,daejeon-dong,인구정책과,숨카페,직원 격려,15000,2176cafb856afaaca17c5dae42485c17c8de935b49a2624cefb3d70b7a95c355,sheet1:R52,,,
2176cafb856afaac-sheet1-R53,2026-03-24,daejeon-dong,인구정책과,손의손가오점,직원 격려,68000,2176cafb856afaaca17c5dae42485c17c8de935b49a2624cefb3d70b7a95c355,sheet1:R53,,,
2176cafb856afaac-sheet1-R54,2026-03-30,daejeon-dong,인구정책과,절골식당,직원 격려,293000,2176cafb856afaaca17c5dae42485c17c8de935b49a2624cefb3d70b7a95c355,sheet1:R54,,,
2176cafb856afaac-sheet1-R55,2026-03-30,daejeon-dong,인구정책과,송카페,직원 격려,74000,2176cafb856afaaca17c5dae42485c17c8de935b49a2624cefb3d70b7a95c355,sheet1:R55,,,
2176cafb856afaac-sheet2-R4,2026-01-30,daejeon-dong,인구정책과,㈜외식,직원 환송 및 송별회,480000,2176cafb856afaaca17c5dae42485c17c8de935b49a2624cefb3d70b7a95c355,sheet2:R4,,,
2176cafb856afaac-sheet2-R5,2026-01-30,daejeon-dong,인구정책과,플랜티,직원 환송 및 송별회,78000,2176cafb856afaaca17c5dae42485c17c8de935b49a2624cefb3d70b7a95c355,sheet2:R5,,,
2176cafb856afaac-sheet2-R6,2026-02-03,daejeon-dong,인구정책과,은영네한우내장탕,인구정책 업무 추진 간담회,62000,2176cafb856afaaca17c5dae42485c17c8de935b49a2624cefb3d70b7a95c355,sheet2:R6,,,
2176cafb856afaac-sheet2-R7,2026-02-06,daejeon-dong,인구정책과,카페천사의손길,고향사랑기부제 답례품선정위원회,27600,2176cafb856afaaca17c5dae42485c17c8de935b49a2624cefb3d70b7a95c355,sheet2:R7,,,
2176cafb856afaac-sheet2-R8,2026-02-10,daejeon-dong,인구정책과,새터말마을관리 사회적협동조합,띵동! 아이든든 도시락 간담회 추진,100000,2176cafb856afaaca17c5dae42485c17c8de935b49a2624cefb3d70b7a95c355,sheet2:R8,,,
2176cafb856afaac-sheet2-R9,2026-02-11,daejeon-dong,인구정책과,바른식혜,市 인구감소 및 저출생 대응 사업 관련 업무 협의,60000,2176cafb856afaaca17c5dae42485c17c8de935b49a2624cefb3d70b7a95c355,sheet2:R9,,,
2176cafb856afaac-sheet2-R10,2026-02-27,daejeon-dong,인구정책과,정동문화사,고향사랑기부제 답례품 공급업체 회의,56000,2176cafb856afaaca17c5dae42485c17c8de935b49a2624cefb3d70b7a95c355,sheet2:R10,,,
2176cafb856afaac-sheet2-R11,2026-03-10,daejeon-dong,인구정책과,지은집,동구미래세대상생협의체 관련 기관 방문,54800,2176cafb856afaaca17c5dae42485c17c8de935b49a2624cefb3d70b7a95c355,sheet2:R11,,,
2176cafb856afaac-sheet2-R12,2026-03-10,daejeon-dong,인구정책과,정직한상,청소년육성위원회 개최,60000,2176cafb856afaaca17c5dae42485c17c8de935b49a2624cefb3d70b7a95c355,sheet2:R12,,,
2176cafb856afaac-sheet2-R13,2026-03-10,daejeon-dong,인구정책과,카페천사의손길,청소년육성위원회 개최,30000,2176cafb856afaaca17c5dae42485c17c8de935b49a2624cefb3d70b7a95c355,sheet2:R13,,,
2176cafb856afaac-sheet2-R14,2026-03-13,daejeon-dong,인구정책과,파리바게트,청년월세 지원사업 업무 연찬회,222400,2176cafb856afaaca17c5dae42485c17c8de935b49a2624cefb3d70b7a95c355,sheet2:R14,,,
2176cafb856afaac-sheet2-R15,2026-03-16,daejeon-dong,인구정책과,두끼떡볶이,동구청소년참여위원회 정책 참여 활동 격려,66400,2176cafb856afaaca17c5dae42485c17c8de935b49a2624cefb3d70b7a95c355,sheet2:R15,,,
2176cafb856afaac-sheet2-R16,2026-03-18,daejeon-dong,인구정책과,어굼터,한자녀더갖기운동연합동구지부 임원진 업무연찬,144000,2176cafb856afaaca17c5dae42485c17c8de935b49a2624cefb3d70b7a95c355,sheet2:R16,,,
2176cafb856afaac-sheet2-R19,2026-03-23,daejeon-dong,인구정책과,컴포즈커피,동구미래세대상생협의체 간담회,32800,2176cafb856afaaca17c5dae42485c17c8de935b49a2624cefb3d70b7a95c355,sheet2:R19,,,
2176cafb856afaac-sheet2-R20,2026-03-26,daejeon-dong,인구정책과,정동문화사,고향사랑기부제 답례품 공급업체 회의(2차),104700,2176cafb856afaaca17c5dae42485c17c8de935b49a2624cefb3d70b7a95c355,sheet2:R20,,,
2176cafb856afaac-sheet2-R21,2026-03-31,daejeon-dong,인구정책과,카페천사의손길,미래세대위원회 개최,36000,2176cafb856afaaca17c5dae42485c17c8de935b49a2624cefb3d70b7a95c355,sheet2:R21,,,
c9ea864cd12463eb-sheet1-R6,2026-03-11,daejeon-dong,도서관운영과,촌닭산오리식당,용운도서관 엘리베이터 공사 관계자 노고 격려 및 간담회,156000,c9ea864cd12463eb21569493028592b0eb10d46402136be89f94b883914eaa14,sheet1:R6,,,
c9ea864cd12463eb-sheet1-R7,2026-03-12,daejeon-dong,도서관운영과,바른식혜,용운도서관 엘리베티어 준공식 다과회,150000,c9ea864cd12463eb21569493028592b0eb10d46402136be89f94b883914eaa14,sheet1:R7,,,
4903247ea56562a7-sheet1-R4,2026-03-03,daejeon-dong,자치행정과,청담고등어,자치행정과 인사팀 직원 격려,78000,4903247ea56562a7a4be90fdea0fca641178fd2703e5e152cfc194b1a64437cf,sheet1:R4,,,
4903247ea56562a7-sheet1-R5,2026-03-03,daejeon-dong,자치행정과,보드레,자치행정과 인사팀 직원 격려,20500,4903247ea56562a7a4be90fdea0fca641178fd2703e5e152cfc194b1a64437cf,sheet1:R5,,,
4903247ea56562a7-sheet1-R6,2026-03-04,daejeon-dong,자치행정과,시골쌈밥,건설도로과 직원 격려,72000,4903247ea56562a7a4be90fdea0fca641178fd2703e5e152cfc194b1a64437cf,sheet1:R6,,,
4903247ea56562a7-sheet1-R7,2026-03-05,daejeon-dong,자치행정과,아침에과일,소속 직원 건강회복 및 빠른 쾌유 기원,140000,4903247ea56562a7a4be90fdea0fca641178fd2703e5e152cfc194b1a64437cf,sheet1:R7,,,
4903247ea56562a7-sheet1-R8,2026-03-05,daejeon-dong,자치행정과,도라지식당,기획홍보실 기획팀 직원 격려,88000,4903247ea56562a7a4be90fdea0fca641178fd2703e5e152cfc194b1a64437cf,sheet1:R8,,,
4903247ea56562a7-sheet1-R9,2026-03-05,daejeon-dong,자치행정과,블루부코,기획홍보실 기획팀 직원 격려,45000,4903247ea56562a7a4be90fdea0fca641178fd2703e5e152cfc194b1a64437cf,sheet1:R9,,,
4903247ea56562a7-sheet1-R10,2026-03-06,daejeon-dong,자치행정과,개인(성명 비공개),용전동 본인혼 / 축의금 기획홍보실 본인혼 / 축의금 가양2동장 자혼 / 축의금,150000,4903247ea56562a7a4be90fdea0fca641178fd2703e5e152cfc194b1a64437cf,sheet1:R10,,,
4903247ea56562a7-sheet1-R11,2026-03-06,daejeon-dong,자치행정과,개인(성명 비공개),환경과 부친상 / 부의금,50000,4903247ea56562a7a4be90fdea0fca641178fd2703e5e152cfc194b1a64437cf,sheet1:R11,59d4eadc22c04a373a04c73612b2e86675cd6b316f59642ed58ba3da71c4c079:sheet1:R11,,
4903247ea56562a7-sheet1-R12,2026-03-09,daejeon-dong,자치행정과,모락모락,기획홍보실 예산팀 직원 격려,110000,4903247ea56562a7a4be90fdea0fca641178fd2703e5e152cfc194b1a64437cf,sheet1:R12,,,
4903247ea56562a7-sheet1-R13,2026-03-09,daejeon-dong,자치행정과,삼오정,지역산업과 직원 격려,151000,4903247ea56562a7a4be90fdea0fca641178fd2703e5e152cfc194b1a64437cf,sheet1:R13,,,
4903247ea56562a7-sheet1-R14,2026-03-10,daejeon-dong,자치행정과,기자네보리밥,도서관운영과 직원 격려,45000,4903247ea56562a7a4be90fdea0fca641178fd2703e5e152cfc194b1a64437cf,sheet1:R14,,,
4903247ea56562a7-sheet1-R15,2026-03-11,daejeon-dong,자치행정과,장가네대구왕뽈데기,자치행정과 총무팀 직원 격려,130000,4903247ea56562a7a4be90fdea0fca641178fd2703e5e152cfc194b1a64437cf,sheet1:R15,,,
4903247ea56562a7-sheet1-R16,2026-03-11,daejeon-dong,자치행정과,수월래,자치행정과 총무팀 직원 격려,45500,4903247ea56562a7a4be90fdea0fca641178fd2703e5e152cfc194b1a64437cf,sheet1:R16,,,
4903247ea56562a7-sheet1-R17,2026-03-12,daejeon-dong,자치행정과,어굼터,홍도동 직원 격려,273000,4903247ea56562a7a4be90fdea0fca641178fd2703e5e152cfc194b1a64437cf,sheet1:R17,,,
4903247ea56562a7-sheet1-R18,2026-03-13,daejeon-dong,자치행정과,개인(성명 비공개),도시계획과 본인혼 / 축의금 공원녹지과 본인혼 / 축의금 인구정책과 본인혼 / 축의금,150000,4903247ea56562a7a4be90fdea0fca641178fd2703e5e152cfc194b1a64437cf,sheet1:R18,59d4eadc22c04a373a04c73612b2e86675cd6b316f59642ed58ba3da71c4c079:sheet1:R16,,
4903247ea56562a7-sheet1-R19,2026-03-13,daejeon-dong,자치행정과,수통골장수오리 판암점,판암2동 직원 격려,120000,4903247ea56562a7a4be90fdea0fca641178fd2703e5e152cfc194b1a64437cf,sheet1:R19,,,
4903247ea56562a7-sheet1-R20,2026-03-17,daejeon-dong,자치행정과,대전옥,관계부서 직원 격려,80000,4903247ea56562a7a4be90fdea0fca641178fd2703e5e152cfc194b1a64437cf,sheet1:R20,,,
4903247ea56562a7-sheet1-R21,2026-03-19,daejeon-dong,자치행정과,청도활어회,간부 직원 격려,254000,4903247ea56562a7a4be90fdea0fca641178fd2703e5e152cfc194b1a64437cf,sheet1:R21,,,
4903247ea56562a7-sheet1-R22,2026-03-20,daejeon-dong,자치행정과,개인(성명 비공개),복지정책과 / 축의금 환경과 / 부의금,100000,4903247ea56562a7a4be90fdea0fca641178fd2703e5e152cfc194b1a64437cf,sheet1:R22,59d4eadc22c04a373a04c73612b2e86675cd6b316f59642ed58ba3da71c4c079:sheet1:R28,,
4903247ea56562a7-sheet1-R23,2026-03-23,daejeon-dong,자치행정과,기자네보리밥,문화관광체육과 체육팀 직원 격려,46000,4903247ea56562a7a4be90fdea0fca641178fd2703e5e152cfc194b1a64437cf,sheet1:R23,,,
4903247ea56562a7-sheet1-R24,2026-03-23,daejeon-dong,자치행정과,보드레,문화관광체육과 체육팀 직원 격려,37500,4903247ea56562a7a4be90fdea0fca641178fd2703e5e152cfc194b1a64437cf,sheet1:R24,,,
4903247ea56562a7-sheet1-R25,2026-03-26,daejeon-dong,자치행정과,샤를몽탁,관계부서 직원 격려,27700,4903247ea56562a7a4be90fdea0fca641178fd2703e5e152cfc194b1a64437cf,sheet1:R25,,,
4903247ea56562a7-sheet1-R26,2026-03-27,daejeon-dong,자치행정과,개인(성명 비공개),생활보장과 여혼 / 축의금 회계정보과 여혼 / 축의금,100000,4903247ea56562a7a4be90fdea0fca641178fd2703e5e152cfc194b1a64437cf,sheet1:R26,59d4eadc22c04a373a04c73612b2e86675cd6b316f59642ed58ba3da71c4c079:sheet1:R38,,
4903247ea56562a7-sheet1-R29,2026-03-04,daejeon-dong,자치행정과,백마강참숯민물장어,「효평마루 꿈드림 예술창작 놀이터 조성」 관련 의견수렴,274000,4903247ea56562a7a4be90fdea0fca641178fd2703e5e152cfc194b1a64437cf,sheet1:R29,,,
4903247ea56562a7-sheet1-R30,2026-03-06,daejeon-dong,자치행정과,동서회관,민선8기 추진사업 성과 공유 및 언론기관 협조체계 구축,155000,4903247ea56562a7a4be90fdea0fca641178fd2703e5e152cfc194b1a64437cf,sheet1:R30,,,
4903247ea56562a7-sheet1-R31,2026-03-10,daejeon-dong,자치행정과,정참치,동구 글로벌 드림캠퍼스 운영 관련 의견수렴,200000,4903247ea56562a7a4be90fdea0fca641178fd2703e5e152cfc194b1a64437cf,sheet1:R31,,,
4903247ea56562a7-sheet1-R32,2026-03-18,daejeon-dong,자치행정과,동서회관,청년마을 조성을 위한 창업지원 정책 발굴 등 의견수렴,92000,4903247ea56562a7a4be90fdea0fca641178fd2703e5e152cfc194b1a64437cf,sheet1:R32,,,
4903247ea56562a7-sheet1-R33,2026-03-18,daejeon-dong,자치행정과,골목회포차,「소상공인 경영회복 지원사업」 관련 의견수렴,217000,4903247ea56562a7a4be90fdea0fca641178fd2703e5e152cfc194b1a64437cf,sheet1:R33,,,
4903247ea56562a7-sheet1-R34,2026-03-19,daejeon-dong,자치행정과,태화장,민선8기 추진사업 성과 공유 및 언론기관 협조체계 구축,139000,4903247ea56562a7a4be90fdea0fca641178fd2703e5e152cfc194b1a64437cf,sheet1:R34,,,
4903247ea56562a7-sheet1-R35,2026-03-27,daejeon-dong,자치행정과,워낭명가,「낭월 포레스트 Valley 도시재생 뉴딜사업」 관련 의견수렴,400000,4903247ea56562a7a4be90fdea0fca641178fd2703e5e152cfc194b1a64437cf,sheet1:R35,,,
937366d8257cfba8-sheet1-R4,2026-03-06,daejeon-dong,자치행정과,개인(성명 비공개),가양2동장 자혼 / 축의금,50000,937366d8257cfba823da59947523ccac3e50f6aed4f33de50c206c6191f15143,sheet1:R4,,,
937366d8257cfba8-sheet1-R5,2026-03-19,daejeon-dong,자치행정과,우신집,자치행정과 직원복지팀 격려,48000,937366d8257cfba823da59947523ccac3e50f6aed4f33de50c206c6191f15143,sheet1:R5,,,
937366d8257cfba8-sheet1-R6,2026-03-26,daejeon-dong,자치행정과,똘똘이식당,부속실 직원 격려,24000,937366d8257cfba823da59947523ccac3e50f6aed4f33de50c206c6191f15143,sheet1:R6,,,
937366d8257cfba8-sheet1-R7,2026-03-27,daejeon-dong,자치행정과,개인(성명 비공개),회계정보과 여혼 / 축의금,50000,937366d8257cfba823da59947523ccac3e50f6aed4f33de50c206c6191f15143,sheet1:R7,,,
937366d8257cfba8-sheet1-R10,2026-03-09,daejeon-dong,자치행정과,기자네보리밥,동 주민자치위원회 운영현황 및 동 주요 건의사항 논의,53000,937366d8257cfba823da59947523ccac3e50f6aed4f33de50c206c6191f15143,sheet1:R10,,,
937366d8257cfba8-sheet1-R11,2026-03-09,daejeon-dong,자치행정과,보드레,동 주민자치위원회 운영현황 및 동 주요 건의사항 논의,18700,937366d8257cfba823da59947523ccac3e50f6aed4f33de50c206c6191f15143,sheet1:R11,,,
937366d8257cfba8-sheet1-R12,2026-03-10,daejeon-dong,자치행정과,팔팔민물장어,새마을대학동아리 활성화 관련 의견수렴,30000,937366d8257cfba823da59947523ccac3e50f6aed4f33de50c206c6191f15143,sheet1:R12,,,
937366d8257cfba8-sheet1-R13,2026-03-12,daejeon-dong,자치행정과,방실이네식당,「취약지역 방범용 CCTV 확충·설치 사업」 추진현황 점검 및 개선사항 논의,40000,937366d8257cfba823da59947523ccac3e50f6aed4f33de50c206c6191f15143,sheet1:R13,,,
937366d8257cfba8-sheet1-R14,2026-03-12,daejeon-dong,자치행정과,스타벅스 판암DT점,「취약지역 방범용 CCTV 확충·설치 사업」 추진현황 점검 및 개선사항 논의,24800,937366d8257cfba823da59947523ccac3e50f6aed4f33de50c206c6191f15143,sheet1:R14,,,
937366d8257cfba8-sheet1-R15,2026-03-13,daejeon-dong,자치행정과,순아식당,새봄맞이 환경정화 활동 추진방안 논의,45000,937366d8257cfba823da59947523ccac3e50f6aed4f33de50c206c6191f15143,sheet1:R15,,,
937366d8257cfba8-sheet1-R16,2026-03-17,daejeon-dong,자치행정과,막썰어세꼬시,동별 주요 민원 및 주민 불편사항 공유 및 취약계층 지원 협력방안 강구 등,136000,937366d8257cfba823da59947523ccac3e50f6aed4f33de50c206c6191f15143,sheet1:R16,,,
937366d8257cfba8-sheet1-R17,2026-03-20,daejeon-dong,자치행정과,얼큰이손칼국수,「취약지역 방범용 CCTV 확충·설치 사업」 추진현황 점검 및 개선사항 논의,48000,937366d8257cfba823da59947523ccac3e50f6aed4f33de50c206c6191f15143,sheet1:R17,,,
937366d8257cfba8-sheet1-R18,2026-03-27,daejeon-dong,자치행정과,모락모락,2025회계연도 결산검사 방안 논의 등을 위한 간담회,336000,937366d8257cfba823da59947523ccac3e50f6aed4f33de50c206c6191f15143,sheet1:R18,,,
937366d8257cfba8-sheet1-R19,2026-03-27,daejeon-dong,자치행정과,담다,2025회계연도 결산검사 방안 논의 등을 위한 간담회,65000,937366d8257cfba823da59947523ccac3e50f6aed4f33de50c206c6191f15143,sheet1:R19,,,
937366d8257cfba8-sheet1-R20,2026-03-31,daejeon-dong,자치행정과,얼큰이칼국수,자생단체별 주요활동 현황 공유 및 지역 현안 등 건의,32000,937366d8257cfba823da59947523ccac3e50f6aed4f33de50c206c6191f15143,sheet1:R20,,,
937366d8257cfba8-sheet1-R21,2026-03-31,daejeon-dong,자치행정과,커피마마대전용운우리집,자생단체별 주요활동 현황 공유 및 지역 현안 등 건의,14800,937366d8257cfba823da59947523ccac3e50f6aed4f33de50c206c6191f15143,sheet1:R21,,,
fe02b26fa7838e26-sheet1-R4,2026-03-19,daejeon-dong,자치행정과,가오가오횟집,구정 추진방향·지역 현안 공유 및 애로사항 청취,48000,fe02b26fa7838e26ec5c76b84527977ff12a4c054cd5762cabba39aca5a1107e,sheet1:R4,,,
61298775a129940c-sheet1-R6,2026-01-14,daejeon-dong,용전동행정복지센터,다이아몬드 횟집,지역사회보장협의체 경로당 행사 준비,296500,61298775a129940c00ebd0ed297dcfb01e694ec9dee19ef847b69f389a42f6f6,sheet1:R6,,,
61298775a129940c-sheet1-R7,2026-01-28,daejeon-dong,용전동행정복지센터,엣헴,자생단체 임원 간담회,28500,61298775a129940c00ebd0ed297dcfb01e694ec9dee19ef847b69f389a42f6f6,sheet1:R7,,,
61298775a129940c-sheet1-R8,2026-02-04,daejeon-dong,용전동행정복지센터,경동오징어국수,소속직원 격려,67000,61298775a129940c00ebd0ed297dcfb01e694ec9dee19ef847b69f389a42f6f6,sheet1:R8,,,
61298775a129940c-sheet1-R9,2026-02-06,daejeon-dong,용전동행정복지센터,예조은,새마을부녀회 간담회,43200,61298775a129940c00ebd0ed297dcfb01e694ec9dee19ef847b69f389a42f6f6,sheet1:R9,,,
61298775a129940c-sheet1-R10,2026-02-06,daejeon-dong,용전동행정복지센터,중부회수산,주민자치회장 및 지역 주요기관 관계자 간담회,311000,61298775a129940c00ebd0ed297dcfb01e694ec9dee19ef847b69f389a42f6f6,sheet1:R10,,,
61298775a129940c-sheet1-R11,2026-02-11,daejeon-dong,용전동행정복지센터,우사미,관내 경로당 임원 간담회,132000,61298775a129940c00ebd0ed297dcfb01e694ec9dee19ef847b69f389a42f6f6,sheet1:R11,,,
61298775a129940c-sheet1-R12,2026-02-20,daejeon-dong,용전동행정복지센터,또랑,새마을협의회 간담회,84000,61298775a129940c00ebd0ed297dcfb01e694ec9dee19ef847b69f389a42f6f6,sheet1:R12,,,
61298775a129940c-sheet1-R13,2026-03-03,daejeon-dong,용전동행정복지센터,이우철한방누룽지삼계탕,경로당 임원 간담회,72000,61298775a129940c00ebd0ed297dcfb01e694ec9dee19ef847b69f389a42f6f6,sheet1:R13,,,
61298775a129940c-sheet1-R14,2026-03-10,daejeon-dong,용전동행정복지센터,용전한우마을,적십자봉사회 격려,168000,61298775a129940c00ebd0ed297dcfb01e694ec9dee19ef847b69f389a42f6f6,sheet1:R14,,,
61298775a129940c-sheet1-R15,2026-03-24,daejeon-dong,용전동행정복지센터,춘천집 무한닭갈비,복지만두레 격려,172800,61298775a129940c00ebd0ed297dcfb01e694ec9dee19ef847b69f389a42f6f6,sheet1:R15,,,
1faade4e7c2a382c-sheet1-R7,2026-01-06,daejeon-dong,가양1동,먹골가마솥추어탕,새마을부녀회 격려,73000,1faade4e7c2a382c311e522ead56aa4198396b28eac7096267f96d60f580b481,sheet1:R7,,,
1faade4e7c2a382c-sheet1-R8,2026-01-07,daejeon-dong,가양1동,다하나,경로당임원진 격려,423000,1faade4e7c2a382c311e522ead56aa4198396b28eac7096267f96d60f580b481,sheet1:R8,,,
1faade4e7c2a382c-sheet1-R9,2026-01-08,daejeon-dong,가양1동,카페라고,주민자치운영위원회 간담회,184500,1faade4e7c2a382c311e522ead56aa4198396b28eac7096267f96d60f580b481,sheet1:R9,,,
1faade4e7c2a382c-sheet1-R10,2026-01-15,daejeon-dong,가양1동,신선만두애,통장협의회 간담회,95000,1faade4e7c2a382c311e522ead56aa4198396b28eac7096267f96d60f580b481,sheet1:R10,,,
1faade4e7c2a382c-sheet1-R11,2026-01-19,daejeon-dong,가양1동,오샌디,연두순방 공연자 격려,200000,1faade4e7c2a382c311e522ead56aa4198396b28eac7096267f96d60f580b481,sheet1:R11,,,
1faade4e7c2a382c-sheet1-R12,2026-01-23,daejeon-dong,가양1동,오족오족,직원격려,290000,1faade4e7c2a382c311e522ead56aa4198396b28eac7096267f96d60f580b481,sheet1:R12,,,
1faade4e7c2a382c-sheet1-R13,2026-01-27,daejeon-dong,가양1동,"다하나, 카페라고",자율방재단 격려,119900,1faade4e7c2a382c311e522ead56aa4198396b28eac7096267f96d60f580b481,sheet1:R13,,,
1faade4e7c2a382c-sheet1-R14,2026-01-28,daejeon-dong,가양1동,"먹골가마솥추어탕, 파구스",바르게살기위원회 격려 및 간담회,144600,1faade4e7c2a382c311e522ead56aa4198396b28eac7096267f96d60f580b481,sheet1:R14,,,
1faade4e7c2a382c-sheet1-R15,2026-02-12,daejeon-dong,가양1동,오족오족,새마을부녀회 격려,228000,1faade4e7c2a382c311e522ead56aa4198396b28eac7096267f96d60f580b481,sheet1:R15,,,
1faade4e7c2a382c-sheet1-R16,2026-02-24,daejeon-dong,가양1동,오족오족,직원격려,84000,1faade4e7c2a382c311e522ead56aa4198396b28eac7096267f96d60f580b481,sheet1:R16,,,
1faade4e7c2a382c-sheet1-R17,2026-02-26,daejeon-dong,가양1동,"가래울, 갤러리카페",바르게살기위원회 격려 및 간담회,276000,1faade4e7c2a382c311e522ead56aa4198396b28eac7096267f96d60f580b481,sheet1:R17,,,
1faade4e7c2a382c-sheet1-R18,2026-03-06,daejeon-dong,가양1동,파구스,통장협의회 격려,124000,1faade4e7c2a382c311e522ead56aa4198396b28eac7096267f96d60f580b481,sheet1:R18,,,
1faade4e7c2a382c-sheet1-R19,2026-03-16,daejeon-dong,가양1동,인동왕만두,인동장터 만세운동 행사 참여자,128000,1faade4e7c2a382c311e522ead56aa4198396b28eac7096267f96d60f580b481,sheet1:R19,,,
1faade4e7c2a382c-sheet1-R20,2026-03-16,daejeon-dong,가양1동,대박식당,바르게살기위원회 격려,300000,1faade4e7c2a382c311e522ead56aa4198396b28eac7096267f96d60f580b481,sheet1:R20,,,
1faade4e7c2a382c-sheet1-R21,2026-03-19,daejeon-dong,가양1동,다하나,새마을부녀회 격려,128000,1faade4e7c2a382c311e522ead56aa4198396b28eac7096267f96d60f580b481,sheet1:R21,,,
1faade4e7c2a382c-sheet1-R22,2026-03-23,daejeon-dong,가양1동,"먹골가마솥추어탕, 카페보라",자율방재단 격려,102200,1faade4e7c2a382c311e522ead56aa4198396b28eac7096267f96d60f580b481,sheet1:R22,,,
1faade4e7c2a382c-sheet1-R23,2026-03-24,daejeon-dong,가양1동,다하나,새마을부녀회 격려,90000,1faade4e7c2a382c311e522ead56aa4198396b28eac7096267f96d60f580b481,sheet1:R23,,,
482075eb2a76cafd-sheet1-R7,2026-01-26,daejeon-dong,생활보장과,루미리즈 정참치,생활보장위원회 개최,300000,482075eb2a76cafdb08c7176f099327e738116c4ed642b872beab399e2eaae33,sheet1:R7,,,
7c0b19a640dadf62-sheet1-R5,2026-01-20,daejeon-dong,중앙동행정복지센터,대전옥,소제당산제 추진 간담회,90000,7c0b19a640dadf624489d6de776d83c20da266ed3b0ca1b5011df006afb6eb58,sheet1:R5,,,
7c0b19a640dadf62-sheet1-R6,2026-01-26,daejeon-dong,중앙동행정복지센터,서경본가,여성자율방범대 간담회,200000,7c0b19a640dadf624489d6de776d83c20da266ed3b0ca1b5011df006afb6eb58,sheet1:R6,,,
7c0b19a640dadf62-sheet1-R7,2026-01-27,daejeon-dong,중앙동행정복지센터,순옥이네,나눔냉장고 봉사자 격려,180000,7c0b19a640dadf624489d6de776d83c20da266ed3b0ca1b5011df006afb6eb58,sheet1:R7,,,
7c0b19a640dadf62-sheet1-R8,2026-02-04,daejeon-dong,중앙동행정복지센터,태전마트,내빈용 음료,80000,7c0b19a640dadf624489d6de776d83c20da266ed3b0ca1b5011df006afb6eb58,sheet1:R8,,,
7c0b19a640dadf62-sheet1-R9,2026-02-05,daejeon-dong,중앙동행정복지센터,두꺼비짬뽕,직원격려,77000,7c0b19a640dadf624489d6de776d83c20da266ed3b0ca1b5011df006afb6eb58,sheet1:R9,,,
7c0b19a640dadf62-sheet1-R10,2026-03-10,daejeon-dong,중앙동행정복지센터,옥천뼈구이농민뜨끈이,지역공동체 발전 논의를 위한 간담회,76000,7c0b19a640dadf624489d6de776d83c20da266ed3b0ca1b5011df006afb6eb58,sheet1:R10,,,
7c0b19a640dadf62-sheet1-R11,2026-03-26,daejeon-dong,중앙동행정복지센터,순옥이네,복지만두레 간담회,148000,7c0b19a640dadf624489d6de776d83c20da266ed3b0ca1b5011df006afb6eb58,sheet1:R11,,,
b44a0d7af69758f0-sheet1-R6,2026-01-06,daejeon-dong,질병관리과,사랑방,업무연찬 간담회,169000,b44a0d7af69758f0192b8990ed487f565e1b237364dfdea6d3dd3e3d66bb0321,sheet1:R6,,,
b44a0d7af69758f0-sheet1-R7,2026-01-06,daejeon-dong,질병관리과,티코,업무연찬 간담회,33500,b44a0d7af69758f0192b8990ed487f565e1b237364dfdea6d3dd3e3d66bb0321,sheet1:R7,,,
b44a0d7af69758f0-sheet1-R8,2026-01-08,daejeon-dong,질병관리과,사랑방,의약팀 직원 격려,63000,b44a0d7af69758f0192b8990ed487f565e1b237364dfdea6d3dd3e3d66bb0321,sheet1:R8,,,
b44a0d7af69758f0-sheet1-R9,2026-01-14,daejeon-dong,질병관리과,개인(성명 비공개),경조사비,50000,b44a0d7af69758f0192b8990ed487f565e1b237364dfdea6d3dd3e3d66bb0321,sheet1:R9,,,
b44a0d7af69758f0-sheet1-R10,2026-01-21,daejeon-dong,질병관리과,사랑방,건강생활지원과 직원 격려,375000,b44a0d7af69758f0192b8990ed487f565e1b237364dfdea6d3dd3e3d66bb0321,sheet1:R10,,,
b44a0d7af69758f0-sheet1-R11,2026-01-27,daejeon-dong,질병관리과,정참치,의료지원팀 직원 격려,150000,b44a0d7af69758f0192b8990ed487f565e1b237364dfdea6d3dd3e3d66bb0321,sheet1:R11,,,
b44a0d7af69758f0-sheet1-R12,2026-01-29,daejeon-dong,질병관리과,플랜티,가족보건팀 직원 격려,30000,b44a0d7af69758f0192b8990ed487f565e1b237364dfdea6d3dd3e3d66bb0321,sheet1:R12,,,
b44a0d7af69758f0-sheet1-R13,2026-01-30,daejeon-dong,질병관리과,사랑방,2026년 해맞이 의료지원반 근무자 등 직원 격려,125000,b44a0d7af69758f0192b8990ed487f565e1b237364dfdea6d3dd3e3d66bb0321,sheet1:R13,,,
b44a0d7af69758f0-sheet1-R14,2026-01-30,daejeon-dong,질병관리과,티코,2026년 해맞이 의료지원반 근무자 등 직원 격려,28000,b44a0d7af69758f0192b8990ed487f565e1b237364dfdea6d3dd3e3d66bb0321,sheet1:R14,,,
b44a0d7af69758f0-sheet1-R15,2026-02-06,daejeon-dong,질병관리과,곰수산회수산물센타,인사이동자 노고 격려,266000,b44a0d7af69758f0192b8990ed487f565e1b237364dfdea6d3dd3e3d66bb0321,sheet1:R15,,,
b44a0d7af69758f0-sheet1-R16,2026-03-17,daejeon-dong,질병관리과,커피전도사의집,의약팀 직원 격려,20000,b44a0d7af69758f0192b8990ed487f565e1b237364dfdea6d3dd3e3d66bb0321,sheet1:R16,,,
b44a0d7af69758f0-sheet1-R17,2026-03-25,daejeon-dong,질병관리과,파리바게뜨 용운예코포레점,가정간호팀 직원 격려,29600,b44a0d7af69758f0192b8990ed487f565e1b237364dfdea6d3dd3e3d66bb0321,sheet1:R17,,,
b44a0d7af69758f0-sheet1-R18,2026-03-26,daejeon-dong,질병관리과,곰수산회수산물센타,치매안심센터 직원 격려,28000,b44a0d7af69758f0192b8990ed487f565e1b237364dfdea6d3dd3e3d66bb0321,sheet1:R18,,,
b44a0d7af69758f0-sheet1-R19,2026-03-26,daejeon-dong,질병관리과,소소한 일상,치매안심센터 직원 격려,9300,b44a0d7af69758f0192b8990ed487f565e1b237364dfdea6d3dd3e3d66bb0321,sheet1:R19,,,
b44a0d7af69758f0-sheet2-R6,2026-02-09,daejeon-dong,질병관리과,사랑방,심뇌혈관질환예방사업 관계자 간담회,191000,b44a0d7af69758f0192b8990ed487f565e1b237364dfdea6d3dd3e3d66bb0321,sheet2:R6,,,
b44a0d7af69758f0-sheet2-R7,2026-02-10,daejeon-dong,질병관리과,따봉시래기가오점,정신건강증진기관 관계자 간담회,62000,b44a0d7af69758f0192b8990ed487f565e1b237364dfdea6d3dd3e3d66bb0321,sheet2:R7,,,
b44a0d7af69758f0-sheet2-R8,2026-02-13,daejeon-dong,질병관리과,명성만두샤브샤브전문,구강보건사업 관계자 간담회,106000,b44a0d7af69758f0192b8990ed487f565e1b237364dfdea6d3dd3e3d66bb0321,sheet2:R8,,,
b44a0d7af69758f0-sheet2-R9,2026-02-25,daejeon-dong,질병관리과,홍어한마리,금연지원서비스사업 관계자 간담회,51000,b44a0d7af69758f0192b8990ed487f565e1b237364dfdea6d3dd3e3d66bb0321,sheet2:R9,,,
b44a0d7af69758f0-sheet2-R10,2026-03-05,daejeon-dong,질병관리과,대전소머리국밥,자살예방사업 관계자 간담회,55000,b44a0d7af69758f0192b8990ed487f565e1b237364dfdea6d3dd3e3d66bb0321,sheet2:R10,,,
b44a0d7af69758f0-sheet2-R11,2026-03-05,daejeon-dong,질병관리과,카페길우,자살예방사업 관계자 간담회,33000,b44a0d7af69758f0192b8990ed487f565e1b237364dfdea6d3dd3e3d66bb0321,sheet2:R11,,,
b44a0d7af69758f0-sheet2-R12,2026-03-06,daejeon-dong,질병관리과,사랑방,치매관리사업 관계자 간담회,166000,b44a0d7af69758f0192b8990ed487f565e1b237364dfdea6d3dd3e3d66bb0321,sheet2:R12,,,
b44a0d7af69758f0-sheet2-R13,2026-03-11,daejeon-dong,질병관리과,곰수산회수산물센타,주요감염병 표본감시기관 관계자 간담회,56000,b44a0d7af69758f0192b8990ed487f565e1b237364dfdea6d3dd3e3d66bb0321,sheet2:R13,,,
b44a0d7af69758f0-sheet2-R14,2026-03-11,daejeon-dong,질병관리과,소소한일상,주요감염병 표본감시기관 관계자 간담회,18900,b44a0d7af69758f0192b8990ed487f565e1b237364dfdea6d3dd3e3d66bb0321,sheet2:R14,,,
b44a0d7af69758f0-sheet2-R15,2026-03-13,daejeon-dong,질병관리과,중국성,의약단체 관계자 간담회,150000,b44a0d7af69758f0192b8990ed487f565e1b237364dfdea6d3dd3e3d66bb0321,sheet2:R15,,,
b44a0d7af69758f0-sheet2-R16,2026-03-20,daejeon-dong,질병관리과,명성만두샤브샤브전문,생명나눔 사랑의 헌혈 행사,116000,b44a0d7af69758f0192b8990ed487f565e1b237364dfdea6d3dd3e3d66bb0321,sheet2:R16,,,
b44a0d7af69758f0-sheet2-R17,2026-03-20,daejeon-dong,질병관리과,카페121,생명나눔 사랑의 헌혈 행사,28500,b44a0d7af69758f0192b8990ed487f565e1b237364dfdea6d3dd3e3d66bb0321,sheet2:R17,,,
b44a0d7af69758f0-sheet2-R18,2026-03-27,daejeon-dong,질병관리과,대전소머리국밥,수인성·식품매개감염병 예방사업 관계자 간담회,50000,b44a0d7af69758f0192b8990ed487f565e1b237364dfdea6d3dd3e3d66bb0321,sheet2:R18,,,
b44a0d7af69758f0-sheet2-R19,2026-03-27,daejeon-dong,질병관리과,코페이A,수인성·식품매개감염병 예방사업 관계자 간담회,21000,b44a0d7af69758f0192b8990ed487f565e1b237364dfdea6d3dd3e3d66bb0321,sheet2:R19,,,
b44a0d7af69758f0-sheet2-R20,2026-03-27,daejeon-dong,질병관리과,솔레스토랑,2026년 1분기 지역사회재활협의체 회의,280000,b44a0d7af69758f0192b8990ed487f565e1b237364dfdea6d3dd3e3d66bb0321,sheet2:R20,,,
b44a0d7af69758f0-sheet2-R21,2026-03-30,daejeon-dong,질병관리과,지안,한의학 육성사업 관계자 간담회,72000,b44a0d7af69758f0192b8990ed487f565e1b237364dfdea6d3dd3e3d66bb0321,sheet2:R21,,,
ed97c5b51d97d325-sheet1-R5,2026-01-27,daejeon-dong,가족지원과,호두당,2026년 제1차 사례결정위원회 회의,50000,ed97c5b51d97d325c5e72aa29b509e357f477a88a88fbd91bc0f7c7f7d1f4a13,sheet1:R5,,,
ed97c5b51d97d325-sheet1-R6,2026-02-23,daejeon-dong,가족지원과,봄카롱,2026년 제2차 사례결정위원회 회의,35000,ed97c5b51d97d325c5e72aa29b509e357f477a88a88fbd91bc0f7c7f7d1f4a13,sheet1:R6,,,
ed97c5b51d97d325-sheet1-R7,2026-02-25,daejeon-dong,가족지원과,시골쌈밥,시책업무추진비지출 결의(아동보호전문기관 간담회),140000,ed97c5b51d97d325c5e72aa29b509e357f477a88a88fbd91bc0f7c7f7d1f4a13,sheet1:R7,,,
ed97c5b51d97d325-sheet1-R8,2026-02-27,daejeon-dong,가족지원과,가래울가든,,118000,ed97c5b51d97d325c5e72aa29b509e357f477a88a88fbd91bc0f7c7f7d1f4a13,sheet1:R8,,,
ed97c5b51d97d325-sheet1-R9,2026-02-27,daejeon-dong,가족지원과,구스터스,시책업무추진비지출 결의(여성복지시설 종사자 격려),38300,ed97c5b51d97d325c5e72aa29b509e357f477a88a88fbd91bc0f7c7f7d1f4a13,sheet1:R9,,,
ed97c5b51d97d325-sheet1-R10,2026-02-27,daejeon-dong,가족지원과,마사동마을회,,8000,ed97c5b51d97d325c5e72aa29b509e357f477a88a88fbd91bc0f7c7f7d1f4a13,sheet1:R10,,,
ed97c5b51d97d325-sheet1-R11,2026-03-25,daejeon-dong,가족지원과,과일은 달당,시책업무추진비지출(다함께돌봄센터 수탁기관선정심사위원회 회의),65000,ed97c5b51d97d325c5e72aa29b509e357f477a88a88fbd91bc0f7c7f7d1f4a13,sheet1:R11,,,
fe3312409f492c22-sheet1-R6,2026-01-15,daejeon-dong,환경과,팔팔민물장어,환경조합 간담회,260000,fe3312409f492c220b52e42ae3222f491518d0ae04f7ff3d73456f3bdf55c7f3,sheet1:R6,,,
fe3312409f492c22-sheet1-R7,2026-01-28,daejeon-dong,환경과,진고개식당,상수원보호구역 관리 대책회의,121000,fe3312409f492c220b52e42ae3222f491518d0ae04f7ff3d73456f3bdf55c7f3,sheet1:R7,,,
fe3312409f492c22-sheet1-R8,2026-03-20,daejeon-dong,환경과,"외식삼계탕, 플랜티 카페",상수원보호구역 관리 대책회의,168000,fe3312409f492c220b52e42ae3222f491518d0ae04f7ff3d73456f3bdf55c7f3,sheet1:R8,,,
ec6decd444b4da0d-sheet1-R7,2026-01-06,daejeon-dong,일자리경제과,예산본석갈비(중동),2026년 중앙시장 활성화 위한 상인회 관계자 업무협의 진행,240000,ec6decd444b4da0d22c15bc23392d5b76744b4d6ed0c7d34cc511bc1ba4bc42c,sheet1:R7,,,
ec6decd444b4da0d-sheet1-R8,2026-03-25,daejeon-dong,일자리경제과,"풍미당(중동), 오꼬숑(중동)",중동사태대응 물가 안정 캠페인 및 관계자 간담회,231900,ec6decd444b4da0d22c15bc23392d5b76744b4d6ed0c7d34cc511bc1ba4bc42c,sheet1:R8,,,
37f5684e7a27fd59-sheet1-R7,2026-01-08,daejeon-dong,일자리경제과,리 카페,대청호자연생태관 디자인 개선사업 추진 직원 격려,133500,37f5684e7a27fd592c14946182a6d45f349e112b4e4776c1f55ca703afb408fe,sheet1:R7,,,
37f5684e7a27fd59-sheet1-R8,2026-01-13,daejeon-dong,일자리경제과,신선칼국수,2026년 소상공인 특례보증 지원사업 추진 직원 격려,86000,37f5684e7a27fd592c14946182a6d45f349e112b4e4776c1f55ca703afb408fe,sheet1:R8,,,
37f5684e7a27fd59-sheet1-R9,2026-01-14,daejeon-dong,일자리경제과,개인(성명 비공개),경조사비 지출,50000,37f5684e7a27fd592c14946182a6d45f349e112b4e4776c1f55ca703afb408fe,sheet1:R9,,,
37f5684e7a27fd59-sheet1-R10,2026-01-15,daejeon-dong,일자리경제과,굴자랑,신년맞이 추진사업(신도꼼지락시장) 간담회,406000,37f5684e7a27fd592c14946182a6d45f349e112b4e4776c1f55ca703afb408fe,sheet1:R10,,,
37f5684e7a27fd59-sheet1-R11,2026-01-19,daejeon-dong,일자리경제과,개인(성명 비공개),경조사비 지출,50000,37f5684e7a27fd592c14946182a6d45f349e112b4e4776c1f55ca703afb408fe,sheet1:R11,,,
37f5684e7a27fd59-sheet1-R12,2026-01-22,daejeon-dong,일자리경제과,소담식당,신중년사회공헌활동 지원사업 모집 추진 직원격려,100000,37f5684e7a27fd592c14946182a6d45f349e112b4e4776c1f55ca703afb408fe,sheet1:R12,,,
37f5684e7a27fd59-sheet1-R13,2026-01-23,daejeon-dong,일자리경제과,봉봉원,여성농업인바우처 지원사업 추진 직원 격려,175000,37f5684e7a27fd592c14946182a6d45f349e112b4e4776c1f55ca703afb408fe,sheet1:R13,,,
37f5684e7a27fd59-sheet1-R14,2026-01-27,daejeon-dong,일자리경제과,팀쿡 가오점,효평마루 민간위탁 추진 직원 격려,216000,37f5684e7a27fd592c14946182a6d45f349e112b4e4776c1f55ca703afb408fe,sheet1:R14,,,
37f5684e7a27fd59-sheet1-R15,2026-01-28,daejeon-dong,일자리경제과,판암고을식당,찾아가는 음악회 공연 개최 관계자 간담회,70000,37f5684e7a27fd592c14946182a6d45f349e112b4e4776c1f55ca703afb408fe,sheet1:R15,,,
37f5684e7a27fd59-sheet1-R16,2026-01-30,daejeon-dong,일자리경제과,"기자네보리밥, 보드레",설맞이 장보기 행사 관계자 간담회,53800,37f5684e7a27fd592c14946182a6d45f349e112b4e4776c1f55ca703afb408fe,sheet1:R16,,,
37f5684e7a27fd59-sheet1-R17,2026-02-02,daejeon-dong,일자리경제과,"도라지식당,블루부코",2026년 대청호 벚꽃길 마라톤 대회 관계자 간담회,58000,37f5684e7a27fd592c14946182a6d45f349e112b4e4776c1f55ca703afb408fe,sheet1:R17,,,
37f5684e7a27fd59-sheet1-R18,2026-02-03,daejeon-dong,일자리경제과,"기자네보리밥, 보드레",2026년 여성농업인 특수건강검진사업 지정기관 관계자 간담회,124500,37f5684e7a27fd592c14946182a6d45f349e112b4e4776c1f55ca703afb408fe,sheet1:R18,,,
37f5684e7a27fd59-sheet1-R19,2026-02-05,daejeon-dong,일자리경제과,개인(성명 비공개),경조사비 지출,50000,37f5684e7a27fd592c14946182a6d45f349e112b4e4776c1f55ca703afb408fe,sheet1:R19,,,
37f5684e7a27fd59-sheet1-R20,2026-02-05,daejeon-dong,일자리경제과,"관저명태촌, 카페수수",세천체육공원 시설공사 착공 관련 관계자 간담회,122200,37f5684e7a27fd592c14946182a6d45f349e112b4e4776c1f55ca703afb408fe,sheet1:R20,,,
37f5684e7a27fd59-sheet1-R21,2026-02-06,daejeon-dong,일자리경제과,"유경낙지마을, 크러시온",동구 관광 SNS 통합 홍보 사업 추진 관계자 간담회,122500,37f5684e7a27fd592c14946182a6d45f349e112b4e4776c1f55ca703afb408fe,sheet1:R21,,,
37f5684e7a27fd59-sheet1-R22,2026-02-10,daejeon-dong,일자리경제과,"손의손가오점, 카페브라운",찾아가는 음악회 공연 개최 관계자 간담회,60200,37f5684e7a27fd592c14946182a6d45f349e112b4e4776c1f55ca703afb408fe,sheet1:R22,,,
37f5684e7a27fd59-sheet1-R23,2026-02-11,daejeon-dong,일자리경제과,"순남시래기, 카페수수",설맞이 장보기 행사 관계자 간담회,49300,37f5684e7a27fd592c14946182a6d45f349e112b4e4776c1f55ca703afb408fe,sheet1:R23,,,
37f5684e7a27fd59-sheet1-R24,2026-02-23,daejeon-dong,일자리경제과,"모락모락, 담다",대청호자연생태관 리뉴얼 기념식 관계자 간담회 실시,86700,37f5684e7a27fd592c14946182a6d45f349e112b4e4776c1f55ca703afb408fe,sheet1:R24,,,
37f5684e7a27fd59-sheet1-R25,2026-02-25,daejeon-dong,일자리경제과,"들마루식당, 호수가에서",효평마루 꿈드림 예술창작놀이터 관계자 간담회 실시,181500,37f5684e7a27fd592c14946182a6d45f349e112b4e4776c1f55ca703afb408fe,sheet1:R25,,,
37f5684e7a27fd59-sheet1-R26,2026-02-27,daejeon-dong,일자리경제과,"기와옥순두부, 커피봄",공공근로 지역공동체일자리사업 추진 직원 격려,45000,37f5684e7a27fd592c14946182a6d45f349e112b4e4776c1f55ca703afb408fe,sheet1:R26,,,
37f5684e7a27fd59-sheet1-R27,2026-03-03,daejeon-dong,일자리경제과,"달빛에구운고등어, 커피봄",2026년 길고양이 동물약품 지원사업 추진 관계자 간담회 실시,67600,37f5684e7a27fd592c14946182a6d45f349e112b4e4776c1f55ca703afb408fe,sheet1:R27,,,
37f5684e7a27fd59-sheet1-R28,2026-03-19,daejeon-dong,일자리경제과,금광한정식,효평마루 꿈드림 예술창작놀이터 관계자 간담회 실시,175000,37f5684e7a27fd592c14946182a6d45f349e112b4e4776c1f55ca703afb408fe,sheet1:R28,,,
37f5684e7a27fd59-sheet1-R29,2026-03-20,daejeon-dong,일자리경제과,"기와옥순두부,커피봄",중동사태 관련 석유판매업소 합동점검 추진 직원 격려,47800,37f5684e7a27fd592c14946182a6d45f349e112b4e4776c1f55ca703afb408fe,sheet1:R29,,,
37f5684e7a27fd59-sheet1-R30,2026-03-23,daejeon-dong,일자리경제과,"대전옥, 블루부코",2026년 동구동런 추진 관계자 간담회 실시,229600,37f5684e7a27fd592c14946182a6d45f349e112b4e4776c1f55ca703afb408fe,sheet1:R30,,,
37f5684e7a27fd59-sheet1-R31,2026-03-24,daejeon-dong,일자리경제과,"시골쌈밥, 보드레",에너지 수급점검 및 구거부지 내 불법 점사용 실태조사 등 현안업무추진 직원 격려,77100,37f5684e7a27fd592c14946182a6d45f349e112b4e4776c1f55ca703afb408fe,sheet1:R31,,,
37f5684e7a27fd59-sheet1-R32,2026-03-31,daejeon-dong,일자리경제과,"청담고등어, 루미리즈","효평마루 꿈드림 예술창작 놀이터, 찾아가는 음악회 등 현안업무 추진 직원 격려",155800,37f5684e7a27fd592c14946182a6d45f349e112b4e4776c1f55ca703afb408fe,sheet1:R32,,,
5224eed1d33f20d1-sheet1-R6,2026-01-07,daejeon-dong,세정과,대선칼국수,직원격려(점심),438000,5224eed1d33f20d1d304890ed5b352a69c14fc0871040123e8daee70e5dad421,sheet1:R6,,,
5224eed1d33f20d1-sheet1-R7,2026-02-02,daejeon-dong,세정과,가래울식당,직원격려(점심),688000,5224eed1d33f20d1d304890ed5b352a69c14fc0871040123e8daee70e5dad421,sheet1:R7,,,
fae41e6b78a95243-sheet1-R7,2026-01-02,daejeon-dong,판암1동,병수손만두 판암점,소속상근직원 격려,220000,fae41e6b78a95243b47d4e7a6ae533e07f1bc6bbb8fc2fdcc072755579317543,sheet1:R7,,,
fae41e6b78a95243-sheet1-R8,2026-01-19,daejeon-dong,판암1동,한마음정육식당효동점,주민자치위원회 간담회,50000,fae41e6b78a95243b47d4e7a6ae533e07f1bc6bbb8fc2fdcc072755579317543,sheet1:R8,,,
fae41e6b78a95243-sheet1-R9,2026-01-27,daejeon-dong,판암1동,동서회관,주민자치위원회 간담회,80000,fae41e6b78a95243b47d4e7a6ae533e07f1bc6bbb8fc2fdcc072755579317543,sheet1:R9,,,
fae41e6b78a95243-sheet1-R10,2026-01-28,daejeon-dong,판암1동,스카이라운지 모든스테이크(계룡스파텔),새마을부녀회 간담회,360000,fae41e6b78a95243b47d4e7a6ae533e07f1bc6bbb8fc2fdcc072755579317543,sheet1:R10,,,
fae41e6b78a95243-sheet2-R7,2026-02-05,daejeon-dong,판암1동,만년축산,지역사회보장협의체 간담회,173000,fae41e6b78a95243b47d4e7a6ae533e07f1bc6bbb8fc2fdcc072755579317543,sheet2:R7,,,
fae41e6b78a95243-sheet2-R8,2026-02-11,daejeon-dong,판암1동,유씨네부엌,주민자치위원회 간담회,55000,fae41e6b78a95243b47d4e7a6ae533e07f1bc6bbb8fc2fdcc072755579317543,sheet2:R8,,,
fae41e6b78a95243-sheet2-R9,2026-02-25,daejeon-dong,판암1동,담가화로구이 대전가오점,지역사회보장협의체 간담회,214000,fae41e6b78a95243b47d4e7a6ae533e07f1bc6bbb8fc2fdcc072755579317543,sheet2:R9,,,
fae41e6b78a95243-sheet3-R7,2026-03-03,daejeon-dong,판암1동,동서회관,민관업무협약 간담회,103000,fae41e6b78a95243b47d4e7a6ae533e07f1bc6bbb8fc2fdcc072755579317543,sheet3:R7,,,
fae41e6b78a95243-sheet3-R8,2026-03-18,daejeon-dong,판암1동,동서회관,주민자치위원회 간담회,200000,fae41e6b78a95243b47d4e7a6ae533e07f1bc6bbb8fc2fdcc072755579317543,sheet3:R8,,,
fae41e6b78a95243-sheet3-R9,2026-03-25,daejeon-dong,판암1동,담가화로구이 가오점,지역사회보장협의체 간담회,196000,fae41e6b78a95243b47d4e7a6ae533e07f1bc6bbb8fc2fdcc072755579317543,sheet3:R9,,,
fae41e6b78a95243-sheet3-R10,2026-03-25,daejeon-dong,판암1동,절골식당,복지만두레 간담회,190000,fae41e6b78a95243b47d4e7a6ae533e07f1bc6bbb8fc2fdcc072755579317543,sheet3:R10,,,
cc2d83056a3b36ee-sheet1-R7,2026-01-12,daejeon-dong,가양2동,카페알로하외 1,간담회(지역단체장),325000,cc2d83056a3b36eecf2bae323ab3097d24b07f6228b7c361efd21bdb63bed7d9,sheet1:R7,,,
cc2d83056a3b36ee-sheet1-R8,2026-01-14,daejeon-dong,가양2동,뚝배기촌식당,간담회(통장협의회),300000,cc2d83056a3b36eecf2bae323ab3097d24b07f6228b7c361efd21bdb63bed7d9,sheet1:R8,,,
cc2d83056a3b36ee-sheet1-R9,2026-01-15,daejeon-dong,가양2동,주식회사 신라고등어,직원격려,322000,cc2d83056a3b36eecf2bae323ab3097d24b07f6228b7c361efd21bdb63bed7d9,sheet1:R9,,,
cc2d83056a3b36ee-sheet1-R10,2026-01-19,daejeon-dong,가양2동,라이크 세러데이외 1,간담회(지역아동센터),87800,cc2d83056a3b36eecf2bae323ab3097d24b07f6228b7c361efd21bdb63bed7d9,sheet1:R10,,,
cc2d83056a3b36ee-sheet1-R11,2026-01-20,daejeon-dong,가양2동,진짜손칼국수,간담회(지역자율방재단),156000,cc2d83056a3b36eecf2bae323ab3097d24b07f6228b7c361efd21bdb63bed7d9,sheet1:R11,,,
cc2d83056a3b36ee-sheet1-R12,2026-01-23,daejeon-dong,가양2동,새싹녹두삼계탕,간담회(경로당 회장단),170000,cc2d83056a3b36eecf2bae323ab3097d24b07f6228b7c361efd21bdb63bed7d9,sheet1:R12,,,
cc2d83056a3b36ee-sheet1-R13,2026-01-27,daejeon-dong,가양2동,파인트리(Pine Tree)외 1,환경 현안업무 회의,162000,cc2d83056a3b36eecf2bae323ab3097d24b07f6228b7c361efd21bdb63bed7d9,sheet1:R13,,,
cc2d83056a3b36ee-sheet1-R14,2026-02-03,daejeon-dong,가양2동,종착역,간담회(복지만두레),184000,cc2d83056a3b36eecf2bae323ab3097d24b07f6228b7c361efd21bdb63bed7d9,sheet1:R14,,,
cc2d83056a3b36ee-sheet1-R15,2026-02-05,daejeon-dong,가양2동,이제.막(1),간담회(새마을문고),210000,cc2d83056a3b36eecf2bae323ab3097d24b07f6228b7c361efd21bdb63bed7d9,sheet1:R15,,,
cc2d83056a3b36ee-sheet1-R16,2026-02-10,daejeon-dong,가양2동,특벼리각벼리,간담회(지역사회보장협의체),300000,cc2d83056a3b36eecf2bae323ab3097d24b07f6228b7c361efd21bdb63bed7d9,sheet1:R16,,,
cc2d83056a3b36ee-sheet1-R17,2026-02-25,daejeon-dong,가양2동,컴포즈커피 가양점,간담회(지역사회보장협의체),27000,cc2d83056a3b36eecf2bae323ab3097d24b07f6228b7c361efd21bdb63bed7d9,sheet1:R17,,,
cc2d83056a3b36ee-sheet1-R18,2026-03-12,daejeon-dong,가양2동,종착역,간담회(새마을부녀회),160000,cc2d83056a3b36eecf2bae323ab3097d24b07f6228b7c361efd21bdb63bed7d9,sheet1:R18,,,
cc2d83056a3b36ee-sheet1-R19,2026-03-12,daejeon-dong,가양2동,맛정원,간담회(주민자치회),300000,cc2d83056a3b36eecf2bae323ab3097d24b07f6228b7c361efd21bdb63bed7d9,sheet1:R19,,,
cc2d83056a3b36ee-sheet1-R20,2026-03-20,daejeon-dong,가양2동,금정회관식당,간담회(새마을부녀회),120000,cc2d83056a3b36eecf2bae323ab3097d24b07f6228b7c361efd21bdb63bed7d9,sheet1:R20,,,
cc2d83056a3b36ee-sheet1-R21,2026-03-23,daejeon-dong,가양2동,"반가워요,오늘외 1",간담회(이미용봉사단),106000,cc2d83056a3b36eecf2bae323ab3097d24b07f6228b7c361efd21bdb63bed7d9,sheet1:R21,,,
cc2d83056a3b36ee-sheet1-R22,2026-03-25,daejeon-dong,가양2동,카페부부,간담회(지역사회보장협의체),57000,cc2d83056a3b36eecf2bae323ab3097d24b07f6228b7c361efd21bdb63bed7d9,sheet1:R22,,,
07dc81255a6df0d0-sheet1-R6,2026-01-05,daejeon-dong,도시계획과,자미칼국수만두,시책추진업무추진비 지출(도시재생 사업추진 관련 업무 회의),88500,07dc81255a6df0d07c5b5ca3213718293d046ab6999498545eb600f9d3041d22,sheet1:R6,,,
07dc81255a6df0d0-sheet1-R7,2026-01-09,daejeon-dong,도시계획과,㈜대전정육,시책추진업무추진비 지출(가양동 지역현안 의견청취 및 업무협의 등),227980,07dc81255a6df0d07c5b5ca3213718293d046ab6999498545eb600f9d3041d22,sheet1:R7,,,
07dc81255a6df0d0-sheet1-R8,2026-01-15,daejeon-dong,도시계획과,하늘마을마을관리사회적협동조합(쉼),시책추진업무추진비 지출(도시재생 사업추진 관련 업무협의 등),52000,07dc81255a6df0d07c5b5ca3213718293d046ab6999498545eb600f9d3041d22,sheet1:R8,,,
07dc81255a6df0d0-sheet1-R9,2026-01-16,daejeon-dong,도시계획과,쿠우쿠우,시책추진업무추진비 지출(대청동 도시기반시설 정비사업 추진 관련 업무 협의 등),65260,07dc81255a6df0d07c5b5ca3213718293d046ab6999498545eb600f9d3041d22,sheet1:R9,,,
07dc81255a6df0d0-sheet1-R10,2026-01-20,daejeon-dong,도시계획과,연안식당,시책추진업무추진비 지출(낭월동 도시재생 사업추진 관련 업무협의 등),70000,07dc81255a6df0d07c5b5ca3213718293d046ab6999498545eb600f9d3041d22,sheet1:R10,,,
07dc81255a6df0d0-sheet1-R11,2026-01-22,daejeon-dong,도시계획과,착한낙지,시책추진업무추진비 지출(도시계획 관련 간담회),41000,07dc81255a6df0d07c5b5ca3213718293d046ab6999498545eb600f9d3041d22,sheet1:R11,,,
07dc81255a6df0d0-sheet1-R12,2026-01-23,daejeon-dong,도시계획과,손의손,시책추진업무추진비 지출(대청동 도시기반시설 정비사업 추진 관련 업무 협의 등),36000,07dc81255a6df0d07c5b5ca3213718293d046ab6999498545eb600f9d3041d22,sheet1:R12,,,
07dc81255a6df0d0-sheet1-R13,2026-02-05,daejeon-dong,도시계획과,"솔레스토랑, 솔라씨",시책추진업무추진비 지출(삼성동 지역현안 의견청취 및 업무협의 등),203000,07dc81255a6df0d07c5b5ca3213718293d046ab6999498545eb600f9d3041d22,sheet1:R13,,,
07dc81255a6df0d0-sheet1-R14,2026-02-06,daejeon-dong,도시계획과,충남장어구이,시책추진업무추진비 지출(도시개발 관련 간담회),243000,07dc81255a6df0d07c5b5ca3213718293d046ab6999498545eb600f9d3041d22,sheet1:R14,,,
07dc81255a6df0d0-sheet1-R15,2026-02-10,daejeon-dong,도시계획과,㈜외식,시책추진업무추진비 지출(가오동 지역현안 의견청취 등),480000,07dc81255a6df0d07c5b5ca3213718293d046ab6999498545eb600f9d3041d22,sheet1:R15,,,
07dc81255a6df0d0-sheet1-R16,2026-02-12,daejeon-dong,도시계획과,운탄,시책추진업무추진비 지출(도시재생 관련 간담회),115700,07dc81255a6df0d07c5b5ca3213718293d046ab6999498545eb600f9d3041d22,sheet1:R16,,,
07dc81255a6df0d0-sheet1-R17,2026-02-19,daejeon-dong,도시계획과,기자네 보리밥,시책추진업무추진비 지출(대청동 도시기반시설 정비사업 추진 관련 업무 협의 등),37000,07dc81255a6df0d07c5b5ca3213718293d046ab6999498545eb600f9d3041d22,sheet1:R17,,,
07dc81255a6df0d0-sheet1-R18,2026-02-27,daejeon-dong,도시계획과,판암회관,시책추진업무추진비 지출(판암동 지역현안 의견청취),234000,07dc81255a6df0d07c5b5ca3213718293d046ab6999498545eb600f9d3041d22,sheet1:R18,,,
07dc81255a6df0d0-sheet1-R19,2026-02-27,daejeon-dong,도시계획과,착한낙지,시책추진업무추진비 지출(역세권개발 사업추진 관련 간담회),47000,07dc81255a6df0d07c5b5ca3213718293d046ab6999498545eb600f9d3041d22,sheet1:R19,,,
07dc81255a6df0d0-sheet1-R20,2026-03-03,daejeon-dong,도시계획과,연안식당,시책추진업무추진비 지출(철도관사촌 도시재생 활성화 관련 간담회),175000,07dc81255a6df0d07c5b5ca3213718293d046ab6999498545eb600f9d3041d22,sheet1:R20,,,
07dc81255a6df0d0-sheet1-R21,2026-03-06,daejeon-dong,도시계획과,스마일칼국수,시책추진업무추진비 지출(대청동 도시기반시설 정비사업 추진 관련 업무 협의 등),143300,07dc81255a6df0d07c5b5ca3213718293d046ab6999498545eb600f9d3041d22,sheet1:R21,,,
07dc81255a6df0d0-sheet1-R22,2026-03-06,daejeon-dong,도시계획과,손계남 족발,시책추진업무추진비 지출(재건축 사업 관련 간담회),185000,07dc81255a6df0d07c5b5ca3213718293d046ab6999498545eb600f9d3041d22,sheet1:R22,,,
07dc81255a6df0d0-sheet1-R23,2026-03-10,daejeon-dong,도시계획과,부산꼼장어,시책추진업무추진비 지출(효동 지역현안 의견청취),180000,07dc81255a6df0d07c5b5ca3213718293d046ab6999498545eb600f9d3041d22,sheet1:R23,,,
07dc81255a6df0d0-sheet1-R24,2026-03-12,daejeon-dong,도시계획과,운탄,시책추진업무추진비 지출(도시개발 관련 간담회),92500,07dc81255a6df0d07c5b5ca3213718293d046ab6999498545eb600f9d3041d22,sheet1:R24,,,
07dc81255a6df0d0-sheet1-R25,2026-03-18,daejeon-dong,도시계획과,얼큰이손칼국수,시책추진업무추진비 지출(대동 도시재생 뉴딜사업 점검 관련 간담회 등),56000,07dc81255a6df0d07c5b5ca3213718293d046ab6999498545eb600f9d3041d22,sheet1:R25,,,
07dc81255a6df0d0-sheet1-R26,2026-03-23,daejeon-dong,도시계획과,운탄,시책추진업무추진비 지출(가오동 지역현안 의견청취 등),160000,07dc81255a6df0d07c5b5ca3213718293d046ab6999498545eb600f9d3041d22,sheet1:R26,,,
07dc81255a6df0d0-sheet1-R27,2026-03-24,daejeon-dong,도시계획과,곱창명가,시책추진업무추진비 지출(역세권개발 사업추진 관련 간담회),113500,07dc81255a6df0d07c5b5ca3213718293d046ab6999498545eb600f9d3041d22,sheet1:R27,,,
07dc81255a6df0d0-sheet2-R6,2026-01-19,daejeon-dong,도시계획과,쌍청고기마을,기관운영업무추진비 지출(직원격려),478000,07dc81255a6df0d07c5b5ca3213718293d046ab6999498545eb600f9d3041d22,sheet2:R6,,,
07dc81255a6df0d0-sheet2-R7,2026-02-04,daejeon-dong,도시계획과,개인(성명 비공개),기관운영업무추진비 지출,50000,07dc81255a6df0d07c5b5ca3213718293d046ab6999498545eb600f9d3041d22,sheet2:R7,,,
07dc81255a6df0d0-sheet2-R8,2026-02-23,daejeon-dong,도시계획과,개인(성명 비공개),기관운영업무추진비 지출,50000,07dc81255a6df0d07c5b5ca3213718293d046ab6999498545eb600f9d3041d22,sheet2:R8,,,
07dc81255a6df0d0-sheet2-R9,2026-02-26,daejeon-dong,도시계획과,외식,기관운영업무추진비 지출(직원격려),82000,07dc81255a6df0d07c5b5ca3213718293d046ab6999498545eb600f9d3041d22,sheet2:R9,,,
07dc81255a6df0d0-sheet2-R10,2026-03-04,daejeon-dong,도시계획과,송돈가,기관운영업무추진비 지출(직원격려),208000,07dc81255a6df0d07c5b5ca3213718293d046ab6999498545eb600f9d3041d22,sheet2:R10,,,
07dc81255a6df0d0-sheet2-R11,2026-03-10,daejeon-dong,도시계획과,"명성만두, 카페21",기관운영업무추진비 지출(직원격려),74240,07dc81255a6df0d07c5b5ca3213718293d046ab6999498545eb600f9d3041d22,sheet2:R11,,,
07dc81255a6df0d0-sheet2-R12,2026-03-11,daejeon-dong,도시계획과,개인(성명 비공개),기관운영업무추진비 지출,50000,07dc81255a6df0d07c5b5ca3213718293d046ab6999498545eb600f9d3041d22,sheet2:R12,,,
07dc81255a6df0d0-sheet2-R13,2026-03-17,daejeon-dong,도시계획과,"연안식당, 공차",기관운영업무추진비 지출(직원격려),131500,07dc81255a6df0d07c5b5ca3213718293d046ab6999498545eb600f9d3041d22,sheet2:R13,,,
e6629d7cca158465-sheet1-R4,2026-01-06,daejeon-dong,복지정책과,"손의손가오점, 카페브라운",직원격려,106200,e6629d7cca158465734b0fb6af99700f2ce57be9b2617699dd154d1c3d035579,sheet1:R4,,,
e6629d7cca158465-sheet1-R5,2026-01-07,daejeon-dong,복지정책과,개인(성명 비공개),직원경조사,50000,e6629d7cca158465734b0fb6af99700f2ce57be9b2617699dd154d1c3d035579,sheet1:R5,,,
e6629d7cca158465-sheet1-R6,2026-01-07,daejeon-dong,복지정책과,솔레스토랑,직원격려,140000,e6629d7cca158465734b0fb6af99700f2ce57be9b2617699dd154d1c3d035579,sheet1:R6,,,
e6629d7cca158465-sheet1-R7,2026-01-08,daejeon-dong,복지정책과,"손이가어죽칼국수,모도시",직원격려,99000,e6629d7cca158465734b0fb6af99700f2ce57be9b2617699dd154d1c3d035579,sheet1:R7,,,
e6629d7cca158465-sheet1-R8,2026-01-09,daejeon-dong,복지정책과,따봉시래기,직원격려,62000,e6629d7cca158465734b0fb6af99700f2ce57be9b2617699dd154d1c3d035579,sheet1:R8,,,
e6629d7cca158465-sheet1-R9,2026-01-12,daejeon-dong,복지정책과,"대선칼국수,카페나길",천사의손길 후원자 간담회,142800,e6629d7cca158465734b0fb6af99700f2ce57be9b2617699dd154d1c3d035579,sheet1:R9,,,
e6629d7cca158465-sheet1-R10,2026-01-15,daejeon-dong,복지정책과,개인(성명 비공개),직원경조사,50000,e6629d7cca158465734b0fb6af99700f2ce57be9b2617699dd154d1c3d035579,sheet1:R10,,,
e6629d7cca158465-sheet1-R11,2026-01-16,daejeon-dong,복지정책과,"곤두레나물밥,스타벅스",지역사회통합돌봄 제공기관 간담회,439200,e6629d7cca158465734b0fb6af99700f2ce57be9b2617699dd154d1c3d035579,sheet1:R11,,,
e6629d7cca158465-sheet1-R12,2026-01-21,daejeon-dong,복지정책과,개인(성명 비공개),직원경조사,50000,e6629d7cca158465734b0fb6af99700f2ce57be9b2617699dd154d1c3d035579,sheet1:R12,,,
e6629d7cca158465-sheet1-R13,2026-01-30,daejeon-dong,복지정책과,따봉시래기,대한노인회 지회장 등 간담회,109000,e6629d7cca158465734b0fb6af99700f2ce57be9b2617699dd154d1c3d035579,sheet1:R13,,,
e6629d7cca158465-sheet1-R14,2026-02-02,daejeon-dong,복지정책과,외식,인사발령에 따른 송환영회,512000,e6629d7cca158465734b0fb6af99700f2ce57be9b2617699dd154d1c3d035579,sheet1:R14,,,
e6629d7cca158465-sheet1-R15,2026-02-03,daejeon-dong,복지정책과,카페그린힐,직원격려,58000,e6629d7cca158465734b0fb6af99700f2ce57be9b2617699dd154d1c3d035579,sheet1:R15,,,
e6629d7cca158465-sheet1-R16,2026-02-04,daejeon-dong,복지정책과,대선칼국수,직원격려,48000,e6629d7cca158465734b0fb6af99700f2ce57be9b2617699dd154d1c3d035579,sheet1:R16,,,
e6629d7cca158465-sheet1-R17,2026-02-04,daejeon-dong,복지정책과,"참살이콩이야기,소소한 일상",천사의손길운영위원 간담회,97100,e6629d7cca158465734b0fb6af99700f2ce57be9b2617699dd154d1c3d035579,sheet1:R17,,,
e6629d7cca158465-sheet1-R18,2026-02-06,daejeon-dong,복지정책과,"원섬, 카페나길",직원격려,76900,e6629d7cca158465734b0fb6af99700f2ce57be9b2617699dd154d1c3d035579,sheet1:R18,,,
e6629d7cca158465-sheet1-R19,2026-02-09,daejeon-dong,복지정책과,호호카페,직원격려,43000,e6629d7cca158465734b0fb6af99700f2ce57be9b2617699dd154d1c3d035579,sheet1:R19,,,
e6629d7cca158465-sheet1-R20,2026-02-09,daejeon-dong,복지정책과,"삼동소바, 대전혜광학교",노숙인시설 관계자 간담회,144000,e6629d7cca158465734b0fb6af99700f2ce57be9b2617699dd154d1c3d035579,sheet1:R20,,,
e6629d7cca158465-sheet1-R21,2026-02-10,daejeon-dong,복지정책과,"따봉시래기, 카페나길",자활근로사업 관계자 업무협의,158900,e6629d7cca158465734b0fb6af99700f2ce57be9b2617699dd154d1c3d035579,sheet1:R21,,,
e6629d7cca158465-sheet1-R22,2026-02-11,daejeon-dong,복지정책과,"대전옥,스타벅스",관내 노인복지관 운영 간담회,151700,e6629d7cca158465734b0fb6af99700f2ce57be9b2617699dd154d1c3d035579,sheet1:R22,,,
e6629d7cca158465-sheet1-R23,2026-02-11,daejeon-dong,복지정책과,"윤성범보쌈칼국수,스타벅스",의료요양통합돌봄 제공기관장 간담회,110100,e6629d7cca158465734b0fb6af99700f2ce57be9b2617699dd154d1c3d035579,sheet1:R23,,,
e6629d7cca158465-sheet1-R24,2026-02-11,daejeon-dong,복지정책과,개인(성명 비공개),직원경조사,50000,e6629d7cca158465734b0fb6af99700f2ce57be9b2617699dd154d1c3d035579,sheet1:R24,,,
e6629d7cca158465-sheet1-R25,2026-02-12,daejeon-dong,복지정책과,"대전동구지역자활센터(맘스토리,달콤한공방카페)",직원격려,200000,e6629d7cca158465734b0fb6af99700f2ce57be9b2617699dd154d1c3d035579,sheet1:R25,,,
e6629d7cca158465-sheet1-R26,2026-02-12,daejeon-dong,복지정책과,"외식,플랜티",생활폐기물 수거관련 유관기관 간담회,167500,e6629d7cca158465734b0fb6af99700f2ce57be9b2617699dd154d1c3d035579,sheet1:R26,,,
e6629d7cca158465-sheet1-R27,2026-02-13,daejeon-dong,복지정책과,"룰라,라끄블루",한국외식업중앙회 동구지부 간담회,174500,e6629d7cca158465734b0fb6af99700f2ce57be9b2617699dd154d1c3d035579,sheet1:R27,,,
e6629d7cca158465-sheet1-R28,2026-02-13,daejeon-dong,복지정책과,"따봉시래기, 보드레",동 지역사회보장협의체 활성화 간담회,188600,e6629d7cca158465734b0fb6af99700f2ce57be9b2617699dd154d1c3d035579,sheet1:R28,,,
e6629d7cca158465-sheet1-R29,2026-02-19,daejeon-dong,복지정책과,"은행리왕만두, 카페라밸리",직원격려,55800,e6629d7cca158465734b0fb6af99700f2ce57be9b2617699dd154d1c3d035579,sheet1:R29,,,
e6629d7cca158465-sheet1-R30,2026-02-23,daejeon-dong,복지정책과,"리프레쉬오보올,동구행복한어르신복지관",직원격려,54700,e6629d7cca158465734b0fb6af99700f2ce57be9b2617699dd154d1c3d035579,sheet1:R30,,,
e6629d7cca158465-sheet1-R31,2026-02-24,daejeon-dong,복지정책과,"윤성범보쌈칼국수,스타벅스",천사의손길운영위원 간담회,64000,e6629d7cca158465734b0fb6af99700f2ce57be9b2617699dd154d1c3d035579,sheet1:R31,,,
e6629d7cca158465-sheet1-R32,2026-02-24,daejeon-dong,복지정책과,왕가네돈가스,해빙기 안전사고예방 지역복지관 간담회,55400,e6629d7cca158465734b0fb6af99700f2ce57be9b2617699dd154d1c3d035579,sheet1:R32,,,
e6629d7cca158465-sheet1-R33,2026-02-25,daejeon-dong,복지정책과,소나무집,상수원보호구역 관련 업무협의,50000,e6629d7cca158465734b0fb6af99700f2ce57be9b2617699dd154d1c3d035579,sheet1:R33,,,
e6629d7cca158465-sheet1-R34,2026-02-27,daejeon-dong,복지정책과,은행리왕만두,직원격려,56000,e6629d7cca158465734b0fb6af99700f2ce57be9b2617699dd154d1c3d035579,sheet1:R34,,,
e6629d7cca158465-sheet1-R35,2026-03-03,daejeon-dong,복지정책과,개인(성명 비공개),직원경조사,50000,e6629d7cca158465734b0fb6af99700f2ce57be9b2617699dd154d1c3d035579,sheet1:R35,,,
e6629d7cca158465-sheet1-R36,2026-03-05,daejeon-dong,복지정책과,"삼동소바, 카페121",노인사회활동지원사업 수행기관 간담회,46000,e6629d7cca158465734b0fb6af99700f2ce57be9b2617699dd154d1c3d035579,sheet1:R36,,,
e6629d7cca158465-sheet1-R37,2026-03-10,daejeon-dong,복지정책과,"올면키친, 투림카페",생활보장위원회 위원 업무협의 등,84500,e6629d7cca158465734b0fb6af99700f2ce57be9b2617699dd154d1c3d035579,sheet1:R37,,,
e6629d7cca158465-sheet1-R38,2026-03-10,daejeon-dong,복지정책과,개인(성명 비공개),직원경조사,50000,e6629d7cca158465734b0fb6af99700f2ce57be9b2617699dd154d1c3d035579,sheet1:R38,,,
e6629d7cca158465-sheet1-R39,2026-03-17,daejeon-dong,복지정책과,개인(성명 비공개),직원경조사,50000,e6629d7cca158465734b0fb6af99700f2ce57be9b2617699dd154d1c3d035579,sheet1:R39,,,
e6629d7cca158465-sheet1-R40,2026-03-17,daejeon-dong,복지정책과,개인(성명 비공개),직원경조사,50000,e6629d7cca158465734b0fb6af99700f2ce57be9b2617699dd154d1c3d035579,sheet1:R40,,,
e6629d7cca158465-sheet1-R41,2026-03-18,daejeon-dong,복지정책과,"수통골장수오리,스타벅스",노인지회 관계자 간담회,167400,e6629d7cca158465734b0fb6af99700f2ce57be9b2617699dd154d1c3d035579,sheet1:R41,,,
e6629d7cca158465-sheet1-R42,2026-03-23,daejeon-dong,복지정책과,위든마트,직원격려(환경공무관),150000,e6629d7cca158465734b0fb6af99700f2ce57be9b2617699dd154d1c3d035579,sheet1:R42,,,
e6629d7cca158465-sheet1-R43,2026-03-25,daejeon-dong,복지정책과,장애인일터함께,장애인물품-원두커피구입,206250,e6629d7cca158465734b0fb6af99700f2ce57be9b2617699dd154d1c3d035579,sheet1:R43,,,
e6629d7cca158465-sheet1-R44,2026-03-26,daejeon-dong,복지정책과,판암골영양탕전문점,직원격려,64000,e6629d7cca158465734b0fb6af99700f2ce57be9b2617699dd154d1c3d035579,sheet1:R44,,,
e6629d7cca158465-sheet1-R45,2026-03-27,daejeon-dong,복지정책과,모모베이커리,직원격려,71900,e6629d7cca158465734b0fb6af99700f2ce57be9b2617699dd154d1c3d035579,sheet1:R45,,,
e6629d7cca158465-sheet1-R46,2026-03-30,daejeon-dong,복지정책과,"미란칼국수, 카페라곰",의료요양통합돌봄 제공기관장 간담회,97000,e6629d7cca158465734b0fb6af99700f2ce57be9b2617699dd154d1c3d035579,sheet1:R46,,,
f59468b1b791eadc-sheet1-R6,2026-01-26,daejeon-dong,홍도동,1004마트,내방객 음료 제공,300000,f59468b1b791eadc8df67ef5fef3855dc19f7bc877a20ad9b53d9eeba01b1514,sheet1:R6,,,
f59468b1b791eadc-sheet1-R7,2026-02-11,daejeon-dong,홍도동,산천,새마을부녀회 간담회,64000,f59468b1b791eadc8df67ef5fef3855dc19f7bc877a20ad9b53d9eeba01b1514,sheet1:R7,,,
f59468b1b791eadc-sheet1-R8,2026-02-13,daejeon-dong,홍도동,스타벅스,소속직원 격려,124900,f59468b1b791eadc8df67ef5fef3855dc19f7bc877a20ad9b53d9eeba01b1514,sheet1:R8,,,
f59468b1b791eadc-sheet1-R9,2026-02-26,daejeon-dong,홍도동,스타벅스,"새마을부녀회, 새마을협의회 간담회",30300,f59468b1b791eadc8df67ef5fef3855dc19f7bc877a20ad9b53d9eeba01b1514,sheet1:R9,,,
f59468b1b791eadc-sheet1-R10,2026-03-03,daejeon-dong,홍도동,진성해물찜아구찜,바르게살기위원회 간담회,425000,f59468b1b791eadc8df67ef5fef3855dc19f7bc877a20ad9b53d9eeba01b1514,sheet1:R10,,,
e00f8ed29ce1dfc9-sheet1-R7,2026-01-08,daejeon-dong,성남동행정복지센터,락원간제미,적십자봉사회 간담회,219000,e00f8ed29ce1dfc9a3403f5531503a5d9a71e6b274df23485e90864f711b7d51,sheet1:R7,,,
e00f8ed29ce1dfc9-sheet1-R8,2026-01-13,daejeon-dong,성남동행정복지센터,락원간제미,새마을부녀회 간담회,250000,e00f8ed29ce1dfc9a3403f5531503a5d9a71e6b274df23485e90864f711b7d51,sheet1:R8,,,
e00f8ed29ce1dfc9-sheet1-R9,2026-01-16,daejeon-dong,성남동행정복지센터,산골촌추어탕대패,새마을협의회 간담회,268000,e00f8ed29ce1dfc9a3403f5531503a5d9a71e6b274df23485e90864f711b7d51,sheet1:R9,,,
e00f8ed29ce1dfc9-sheet1-R10,2026-01-26,daejeon-dong,성남동행정복지센터,착한낙지 용전점,새해맞이 구민소통 온마을 행사 격려,52000,e00f8ed29ce1dfc9a3403f5531503a5d9a71e6b274df23485e90864f711b7d51,sheet1:R10,,,
e00f8ed29ce1dfc9-sheet1-R11,2026-01-27,daejeon-dong,성남동행정복지센터,초밥에 목숨 건 집 가양점,주민자치위원회 간담회,62000,e00f8ed29ce1dfc9a3403f5531503a5d9a71e6b274df23485e90864f711b7d51,sheet1:R11,,,
e00f8ed29ce1dfc9-sheet1-R12,2026-01-27,daejeon-dong,성남동행정복지센터,카페라곰,주민자치위원회 간담회,12000,e00f8ed29ce1dfc9a3403f5531503a5d9a71e6b274df23485e90864f711b7d51,sheet1:R12,,,
e00f8ed29ce1dfc9-sheet1-R13,2026-02-02,daejeon-dong,성남동행정복지센터,장가네대구왕뽈떼기,복지만두레 간담회,60000,e00f8ed29ce1dfc9a3403f5531503a5d9a71e6b274df23485e90864f711b7d51,sheet1:R13,,,
e00f8ed29ce1dfc9-sheet1-R14,2026-02-03,daejeon-dong,성남동행정복지센터,신선칼국수,복지만두레 간담회,126000,e00f8ed29ce1dfc9a3403f5531503a5d9a71e6b274df23485e90864f711b7d51,sheet1:R14,,,
e00f8ed29ce1dfc9-sheet1-R15,2026-02-03,daejeon-dong,성남동행정복지센터,신선칼국수,복지만두레 간담회,65800,e00f8ed29ce1dfc9a3403f5531503a5d9a71e6b274df23485e90864f711b7d51,sheet1:R15,,,
e00f8ed29ce1dfc9-sheet1-R16,2026-02-10,daejeon-dong,성남동행정복지센터,편백향 성남점,경로당 간담회,169000,e00f8ed29ce1dfc9a3403f5531503a5d9a71e6b274df23485e90864f711b7d51,sheet1:R16,,,
e00f8ed29ce1dfc9-sheet1-R17,2026-03-09,daejeon-dong,성남동행정복지센터,대박식당,통장협의회 간담회,250000,e00f8ed29ce1dfc9a3403f5531503a5d9a71e6b274df23485e90864f711b7d51,sheet1:R17,,,
e00f8ed29ce1dfc9-sheet1-R18,2026-03-23,daejeon-dong,성남동행정복지센터,락원간제미타운,주민자치위원회 간담회,175000,e00f8ed29ce1dfc9a3403f5531503a5d9a71e6b274df23485e90864f711b7d51,sheet1:R18,,,
e919fdf35a109d25-sheet1-R6,2026-01-21,daejeon-dong,삼성동행정복지센터,육장갈비대전삼성점,경로당 임원진과의 간담회,360000,e919fdf35a109d257eae2ceb1aba1d07d0415cd5916195a15ca842b47aeb36b5,sheet1:R6,,,
e919fdf35a109d25-sheet1-R7,2026-01-22,daejeon-dong,삼성동행정복지센터,육장갈비대전삼성점,자생단체장과의 간담회,180000,e919fdf35a109d257eae2ceb1aba1d07d0415cd5916195a15ca842b47aeb36b5,sheet1:R7,,,
e919fdf35a109d25-sheet1-R8,2026-02-27,daejeon-dong,삼성동행정복지센터,(주)삼성빅마트,내방객 음료 구입,362000,e919fdf35a109d257eae2ceb1aba1d07d0415cd5916195a15ca842b47aeb36b5,sheet1:R8,,,
e919fdf35a109d25-sheet1-R9,2026-02-27,daejeon-dong,삼성동행정복지센터,짬뽕이라서 좋아,새마을협의회와의 간담회,240000,e919fdf35a109d257eae2ceb1aba1d07d0415cd5916195a15ca842b47aeb36b5,sheet1:R9,,,
e919fdf35a109d25-sheet1-R10,2026-03-03,daejeon-dong,삼성동행정복지센터,촌닭,새마을부녀회와의 간담회,220000,e919fdf35a109d257eae2ceb1aba1d07d0415cd5916195a15ca842b47aeb36b5,sheet1:R10,,,
e919fdf35a109d25-sheet1-R11,2026-03-05,daejeon-dong,삼성동행정복지센터,한화전의손맛,주민자치회와의 간담회,380000,e919fdf35a109d257eae2ceb1aba1d07d0415cd5916195a15ca842b47aeb36b5,sheet1:R11,,,
e919fdf35a109d25-sheet1-R12,2026-03-06,daejeon-dong,삼성동행정복지센터,성심당 대전역점,직원 격려,126800,e919fdf35a109d257eae2ceb1aba1d07d0415cd5916195a15ca842b47aeb36b5,sheet1:R12,,,
e919fdf35a109d25-sheet1-R13,2026-03-10,daejeon-dong,삼성동행정복지센터,우리밥식당,통장협의회와의 간담회,350000,e919fdf35a109d257eae2ceb1aba1d07d0415cd5916195a15ca842b47aeb36b5,sheet1:R13,,,
e919fdf35a109d25-sheet1-R14,2026-03-16,daejeon-dong,삼성동행정복지센터,송이네식당,복지만두레와의 간담회,220000,e919fdf35a109d257eae2ceb1aba1d07d0415cd5916195a15ca842b47aeb36b5,sheet1:R14,,,
e8bf730c9610e5e8-sheet1-R6,2026-03-17,daejeon-dong,건축과,판암고을식당,공공디자인(경관)위원회 만찬,280000,e8bf730c9610e5e8cbe5a1e27327072e9ef9314f5d4c927d03c0b19e22af9c1e,sheet1:R6,,,
0cfa3ffd2256d9f2-sheet2-R6,2026-01-19,daejeon-dong,신인동행정복지센터,왕눈이식당,한국자유총연맹 간담회,99000,0cfa3ffd2256d9f2ca4c3320b1c8a3ba983b2caa386c339d95b9758db981daf0,sheet2:R6,,,
0cfa3ffd2256d9f2-sheet2-R7,2026-02-02,daejeon-dong,신인동행정복지센터,조선보리밥,직원 격려,60000,0cfa3ffd2256d9f2ca4c3320b1c8a3ba983b2caa386c339d95b9758db981daf0,sheet2:R7,,,
0cfa3ffd2256d9f2-sheet2-R8,2026-02-05,daejeon-dong,신인동행정복지센터,다인,지역사회보장협의체 간담회,300000,0cfa3ffd2256d9f2ca4c3320b1c8a3ba983b2caa386c339d95b9758db981daf0,sheet2:R8,,,
0cfa3ffd2256d9f2-sheet2-R9,2026-02-10,daejeon-dong,신인동행정복지센터,새터말마을관리 사회적협동조합,다자녀가정 행사 다과준비,200000,0cfa3ffd2256d9f2ca4c3320b1c8a3ba983b2caa386c339d95b9758db981daf0,sheet2:R9,,,
0cfa3ffd2256d9f2-sheet2-R10,2026-02-11,daejeon-dong,신인동행정복지센터,대전장애인생산품판매시설,직원 격려,240000,0cfa3ffd2256d9f2ca4c3320b1c8a3ba983b2caa386c339d95b9758db981daf0,sheet2:R10,,,
0cfa3ffd2256d9f2-sheet2-R11,2026-02-12,daejeon-dong,신인동행정복지센터,어진숯불갈비식당,직원 격려,117000,0cfa3ffd2256d9f2ca4c3320b1c8a3ba983b2caa386c339d95b9758db981daf0,sheet2:R11,,,
0cfa3ffd2256d9f2-sheet2-R12,2026-02-13,daejeon-dong,신인동행정복지센터,다인,바르게살기위원회 간담회,200000,0cfa3ffd2256d9f2ca4c3320b1c8a3ba983b2caa386c339d95b9758db981daf0,sheet2:R12,,,
0cfa3ffd2256d9f2-sheet2-R13,2026-02-26,daejeon-dong,신인동행정복지센터,다인,자생단체장 간담회,188000,0cfa3ffd2256d9f2ca4c3320b1c8a3ba983b2caa386c339d95b9758db981daf0,sheet2:R13,,,
0cfa3ffd2256d9f2-sheet2-R14,2026-03-20,daejeon-dong,신인동행정복지센터,신흥갈비생삼겹,축제추진위원회 간담회,448000,0cfa3ffd2256d9f2ca4c3320b1c8a3ba983b2caa386c339d95b9758db981daf0,sheet2:R14,,,
101a4839a31db63d-sheet1-R6,2026-01-12,daejeon-dong,회계정보과,따봉시래기,통합세출업무 간담회,200000,101a4839a31db63d9736044645261e0606d9c04da6e5b699c873ae304da4da6d,sheet1:R6,,,
101a4839a31db63d-sheet1-R7,2026-02-19,daejeon-dong,회계정보과,청담고등어,결산 및 통합세출업무 간담회,94000,101a4839a31db63d9736044645261e0606d9c04da6e5b699c873ae304da4da6d,sheet1:R7,,,
101a4839a31db63d-sheet1-R8,2026-03-19,daejeon-dong,회계정보과,춘선소제동 숯불구이,청사 시설관리 업무 간담회,150000,101a4839a31db63d9736044645261e0606d9c04da6e5b699c873ae304da4da6d,sheet1:R8,,,
e4dd64f3ce5ec12a-sheet1-R6,2026-03-05,daejeon-dong,자양동,고구려명장식당,기관운영업무추진비 지출 품의(관내 경로당 임원진과의 간담회),135000,e4dd64f3ce5ec12a340dddcb7db65656919ac3e89dde718d1d0f1e0f4f95d83a,sheet1:R6,,,
e4dd64f3ce5ec12a-sheet1-R7,2026-03-10,daejeon-dong,자양동,청풍맛집,기관운영업무추진비 지출 품의(관내 경로당 임원진과의 간담회),88000,e4dd64f3ce5ec12a340dddcb7db65656919ac3e89dde718d1d0f1e0f4f95d83a,sheet1:R7,,,
e4dd64f3ce5ec12a-sheet1-R8,2026-03-16,daejeon-dong,자양동,청풍맛집,기관운영업무추진비 지출품의(통장협의회 및 부녀회 회원 격려),300000,e4dd64f3ce5ec12a340dddcb7db65656919ac3e89dde718d1d0f1e0f4f95d83a,sheet1:R8,,,
e4dd64f3ce5ec12a-sheet1-R9,2026-03-20,daejeon-dong,자양동,돈돈이촌,기관운영업무추진비 지출 품의(지역사회보장협의체 회원 격려),120000,e4dd64f3ce5ec12a340dddcb7db65656919ac3e89dde718d1d0f1e0f4f95d83a,sheet1:R9,,,
e4dd64f3ce5ec12a-sheet1-R10,2026-03-23,daejeon-dong,자양동,다니그라피,기관운영업무추진비 지출 품의(적십자봉사회 회원 격려),31500,e4dd64f3ce5ec12a340dddcb7db65656919ac3e89dde718d1d0f1e0f4f95d83a,sheet1:R10,,,
1e0efba7d720648f-sheet1-R3,2026-03-20,daejeon-dong,담당자,솔레스토랑(동구 삼성동),행복한어르신복지관 관계자 간담회,396000,1e0efba7d720648f56425e015412b464a3e4d0af7588c0806cdaf85f4c758e04,sheet1:R3,,,
1e0efba7d720648f-sheet1-R4,2026-02-09,daejeon-dong,담당자,솔레스토랑(동구 삼성동),지체장애인협회 관계자 간담회,196000,1e0efba7d720648f56425e015412b464a3e4d0af7588c0806cdaf85f4c758e04,sheet1:R4,,,
1e0efba7d720648f-sheet1-R5,2026-02-06,daejeon-dong,담당자,"명월본가, 사잇길(동구 대동)",시각장애인협회 관계자 간담회,396000,1e0efba7d720648f56425e015412b464a3e4d0af7588c0806cdaf85f4c758e04,sheet1:R5,,,
cb8697ede6da9aa4-sheet1-R6,2026-01-07,daejeon-dong,안전총괄과,대선칼국수,어린이눈썰매장 운영 관련 간담회,159500,cb8697ede6da9aa445bfbbcf6ed14d5eb5820c893262a9bde6f97af405f71cc1,sheet1:R6,,,
cb8697ede6da9aa4-sheet1-R7,2026-01-07,daejeon-dong,안전총괄과,파스꾸찌,어린이눈썰매장 운영 관련 간담회,42400,cb8697ede6da9aa445bfbbcf6ed14d5eb5820c893262a9bde6f97af405f71cc1,sheet1:R7,,,
cb8697ede6da9aa4-sheet1-R8,2026-01-22,daejeon-dong,안전총괄과,식장산갈비,1분기 통합방위협의회,240000,cb8697ede6da9aa445bfbbcf6ed14d5eb5820c893262a9bde6f97af405f71cc1,sheet1:R8,,,
cb8697ede6da9aa4-sheet1-R9,2026-01-22,daejeon-dong,안전총괄과,골든레빗,1분기 통합방위협의회,52800,cb8697ede6da9aa445bfbbcf6ed14d5eb5820c893262a9bde6f97af405f71cc1,sheet1:R9,,,
cb8697ede6da9aa4-sheet1-R10,2026-03-10,daejeon-dong,안전총괄과,윈섬,관내 도로개설사업 의견수렴,140600,cb8697ede6da9aa445bfbbcf6ed14d5eb5820c893262a9bde6f97af405f71cc1,sheet1:R10,,,
cb8697ede6da9aa4-sheet1-R11,2026-03-10,daejeon-dong,안전총괄과,투썸플레이스,관내 도로개설사업 의견수렴,31300,cb8697ede6da9aa445bfbbcf6ed14d5eb5820c893262a9bde6f97af405f71cc1,sheet1:R11,,,
cb8697ede6da9aa4-sheet1-R12,2026-03-11,daejeon-dong,안전총괄과,관저명태촌,스마트 방범 및 앱 구축 관련 간담회,51300,cb8697ede6da9aa445bfbbcf6ed14d5eb5820c893262a9bde6f97af405f71cc1,sheet1:R12,,,
cb8697ede6da9aa4-sheet1-R13,2026-03-11,daejeon-dong,안전총괄과,파스꾸찌,스마트 방범 및 앱 구축 관련 간담회,28900,cb8697ede6da9aa445bfbbcf6ed14d5eb5820c893262a9bde6f97af405f71cc1,sheet1:R13,,,
cb8697ede6da9aa4-sheet1-R14,2026-03-20,daejeon-dong,안전총괄과,윈썸,교통안전문화 캠페인 관련 간담회,96600,cb8697ede6da9aa445bfbbcf6ed14d5eb5820c893262a9bde6f97af405f71cc1,sheet1:R14,,,
cb8697ede6da9aa4-sheet1-R15,2026-03-20,daejeon-dong,안전총괄과,투썸플레이스,교통안전문화 캠페인 관련 간담회,23700,cb8697ede6da9aa445bfbbcf6ed14d5eb5820c893262a9bde6f97af405f71cc1,sheet1:R15,,,
cb8697ede6da9aa4-sheet1-R16,2026-03-24,daejeon-dong,안전총괄과,동구청직장상조회,2026년 대전광역시 안전신문고 이행실태 안전감찰 업무 추진에 따른 다과류 구입,163100,cb8697ede6da9aa445bfbbcf6ed14d5eb5820c893262a9bde6f97af405f71cc1,sheet1:R16,,,
cb8697ede6da9aa4-sheet1-R17,2026-03-30,daejeon-dong,안전총괄과,삼동소바,벚꽃 행락철 안전관리 관련 간담회,73500,cb8697ede6da9aa445bfbbcf6ed14d5eb5820c893262a9bde6f97af405f71cc1,sheet1:R17,,,
cb8697ede6da9aa4-sheet1-R18,2026-03-30,daejeon-dong,안전총괄과,카페뜰,벚꽃 행락철 안전관리 관련 간담회,20500,cb8697ede6da9aa445bfbbcf6ed14d5eb5820c893262a9bde6f97af405f71cc1,sheet1:R18,,,
cb8697ede6da9aa4-sheet2-R6,2026-01-13,daejeon-dong,안전총괄과,개인(성명 비공개),직원 경조사,50000,cb8697ede6da9aa445bfbbcf6ed14d5eb5820c893262a9bde6f97af405f71cc1,sheet2:R6,,,
cb8697ede6da9aa4-sheet2-R7,2026-01-14,daejeon-dong,안전총괄과,대전정육식당,안전건설국 직원 격려,373000,cb8697ede6da9aa445bfbbcf6ed14d5eb5820c893262a9bde6f97af405f71cc1,sheet2:R7,,,
cb8697ede6da9aa4-sheet2-R8,2026-01-16,daejeon-dong,안전총괄과,개인(성명 비공개),직원 경조사,50000,cb8697ede6da9aa445bfbbcf6ed14d5eb5820c893262a9bde6f97af405f71cc1,sheet2:R8,,,
cb8697ede6da9aa4-sheet2-R9,2026-01-30,daejeon-dong,안전총괄과,산내돌짜장,안전총괄과 직원 격려,139000,cb8697ede6da9aa445bfbbcf6ed14d5eb5820c893262a9bde6f97af405f71cc1,sheet2:R9,,,
cb8697ede6da9aa4-sheet2-R10,2026-01-30,daejeon-dong,안전총괄과,투림카페,안전총괄과 직원 격려,38000,cb8697ede6da9aa445bfbbcf6ed14d5eb5820c893262a9bde6f97af405f71cc1,sheet2:R10,,,
cb8697ede6da9aa4-sheet2-R11,2026-02-06,daejeon-dong,안전총괄과,개인(성명 비공개),직원 경조사,50000,cb8697ede6da9aa445bfbbcf6ed14d5eb5820c893262a9bde6f97af405f71cc1,sheet2:R11,,,
cb8697ede6da9aa4-sheet2-R12,2026-02-06,daejeon-dong,안전총괄과,개인(성명 비공개),직원 경조사,50000,cb8697ede6da9aa445bfbbcf6ed14d5eb5820c893262a9bde6f97af405f71cc1,sheet2:R12,,,
cb8697ede6da9aa4-sheet2-R13,2026-02-12,daejeon-dong,안전총괄과,개인(성명 비공개),직원 경조사,50000,cb8697ede6da9aa445bfbbcf6ed14d5eb5820c893262a9bde6f97af405f71cc1,sheet2:R13,,,
cb8697ede6da9aa4-sheet2-R14,2026-02-20,daejeon-dong,안전총괄과,관저명태촌,공원녹지과 직원 격려,122000,cb8697ede6da9aa445bfbbcf6ed14d5eb5820c893262a9bde6f97af405f71cc1,sheet2:R14,,,
cb8697ede6da9aa4-sheet2-R15,2026-02-20,daejeon-dong,안전총괄과,카페수수,공원녹지과 직원 격려,25500,cb8697ede6da9aa445bfbbcf6ed14d5eb5820c893262a9bde6f97af405f71cc1,sheet2:R15,,,
cb8697ede6da9aa4-sheet2-R16,2026-03-10,daejeon-dong,안전총괄과,교촌치킨,공원녹지과 직원 격려,158000,cb8697ede6da9aa445bfbbcf6ed14d5eb5820c893262a9bde6f97af405f71cc1,sheet2:R16,,,
cb8697ede6da9aa4-sheet2-R17,2026-03-10,daejeon-dong,안전총괄과,도미노피자,공원녹지과 직원 격려,214790,cb8697ede6da9aa445bfbbcf6ed14d5eb5820c893262a9bde6f97af405f71cc1,sheet2:R17,,,
cb8697ede6da9aa4-sheet2-R18,2026-03-13,daejeon-dong,안전총괄과,개인(성명 비공개),직원 경조사,50000,cb8697ede6da9aa445bfbbcf6ed14d5eb5820c893262a9bde6f97af405f71cc1,sheet2:R18,,,
cb8697ede6da9aa4-sheet2-R19,2026-03-26,daejeon-dong,안전총괄과,대전동구청직장상조회,내방객 음료,26000,cb8697ede6da9aa445bfbbcf6ed14d5eb5820c893262a9bde6f97af405f71cc1,sheet2:R19,,,
911cd594bc454058-sheet1-R6,2026-03-04,daejeon-dong,대청동,레드부스 / 동구 옥천로 438,통장협의회 간담회,134500,911cd594bc4540586f8ce7b7a7f27ef0d8342ebb3cc8b4862bc78a29ba8cca16,sheet1:R6,,,
911cd594bc454058-sheet1-R7,2026-03-09,daejeon-dong,대청동,레드부스 / 동구 옥천로 438,바르게살기위원회 간담회,90000,911cd594bc4540586f8ce7b7a7f27ef0d8342ebb3cc8b4862bc78a29ba8cca16,sheet1:R7,,,
911cd594bc454058-sheet1-R8,2026-03-12,daejeon-dong,대청동,향미각 / 동구 동부로 89,복지만두레 간담회,48000,911cd594bc4540586f8ce7b7a7f27ef0d8342ebb3cc8b4862bc78a29ba8cca16,sheet1:R8,,,
911cd594bc454058-sheet1-R9,2026-03-17,daejeon-dong,대청동,판암회관 / 동구 옥천로 138,지역사회보장협의체 간담회,88000,911cd594bc4540586f8ce7b7a7f27ef0d8342ebb3cc8b4862bc78a29ba8cca16,sheet1:R9,,,
911cd594bc454058-sheet1-R10,2026-03-19,daejeon-dong,대청동,오문창순대국밥 / 대덕구 한밭대로 1153,지역사회보장협의체 간담회,28000,911cd594bc4540586f8ce7b7a7f27ef0d8342ebb3cc8b4862bc78a29ba8cca16,sheet1:R10,,,
911cd594bc454058-sheet1-R11,2026-03-26,daejeon-dong,대청동,가래울 / 동구 대청호수로585번길 8,새봄맞이 대청소 참여자 격려,283000,911cd594bc4540586f8ce7b7a7f27ef0d8342ebb3cc8b4862bc78a29ba8cca16,sheet1:R11,,,
654b6cd2a5bd6ce4-sheet1-R6,2026-02-03,daejeon-dong,공원녹지과,(주)외식,2026년 상반기 인사이동 직원 사기 진작,540000,654b6cd2a5bd6ce4d8c3032a0a6a1e5456595a60e79de8bd9882c8fef077c8a6,sheet1:R6,,,
654b6cd2a5bd6ce4-sheet1-R7,2026-02-23,daejeon-dong,공원녹지과,큰뫼골식당,시민참여형 마을정원 업무 협의,93000,654b6cd2a5bd6ce4d8c3032a0a6a1e5456595a60e79de8bd9882c8fef077c8a6,sheet1:R7,,,
654b6cd2a5bd6ce4-sheet1-R8,2026-02-23,daejeon-dong,공원녹지과,꼬모(COMO),시민참여형 마을정원 업무 협의,36800,654b6cd2a5bd6ce4d8c3032a0a6a1e5456595a60e79de8bd9882c8fef077c8a6,sheet1:R8,,,
654b6cd2a5bd6ce4-sheet1-R9,2026-03-05,daejeon-dong,공원녹지과,초미당세번째,숲길정비 관련 트레킹센터 관계자 아이디어 자문,50000,654b6cd2a5bd6ce4d8c3032a0a6a1e5456595a60e79de8bd9882c8fef077c8a6,sheet1:R9,,,
654b6cd2a5bd6ce4-sheet1-R10,2026-03-11,daejeon-dong,공원녹지과,신선칼국수,보행환경 개선 가로수 정비방안 간담회 추진,81000,654b6cd2a5bd6ce4d8c3032a0a6a1e5456595a60e79de8bd9882c8fef077c8a6,sheet1:R10,,,
654b6cd2a5bd6ce4-sheet1-R11,2026-03-24,daejeon-dong,공원녹지과,시골밥상,산림생태복원사업 현장 간담회 추진,55000,654b6cd2a5bd6ce4d8c3032a0a6a1e5456595a60e79de8bd9882c8fef077c8a6,sheet1:R11,,,
654b6cd2a5bd6ce4-sheet1-R12,2026-03-24,daejeon-dong,공원녹지과,다온오름,산림생태복원사업 현장 간담회 추진,31300,654b6cd2a5bd6ce4d8c3032a0a6a1e5456595a60e79de8bd9882c8fef077c8a6,sheet1:R12,,,
e1c57ba3dbe5129a-sheet1-R6,2026-01-22,daejeon-dong,공동주택과,외식(가오동),주거환경개선사업 관련 간담회,268000,e1c57ba3dbe5129ac34ca21ee2ca000d9cf6625e93e3c35e7d90a3d0d1ddd27e,sheet1:R6,,,
e1c57ba3dbe5129a-sheet1-R7,2026-01-27,daejeon-dong,공동주택과,금성회관(가오동),주거환경개선사업 관련 간담회,151000,e1c57ba3dbe5129ac34ca21ee2ca000d9cf6625e93e3c35e7d90a3d0d1ddd27e,sheet1:R7,,,
e1c57ba3dbe5129a-sheet1-R8,2026-03-09,daejeon-dong,공동주택과,담라둔산본점(둔산동),가양동3구역 재개발사업 간담회,150000,e1c57ba3dbe5129ac34ca21ee2ca000d9cf6625e93e3c35e7d90a3d0d1ddd27e,sheet1:R8,,,
e1c57ba3dbe5129a-sheet1-R9,2026-03-18,daejeon-dong,공동주택과,대선칼국수(가오동),삼성동1구역 재건축사업 간담회,85000,e1c57ba3dbe5129ac34ca21ee2ca000d9cf6625e93e3c35e7d90a3d0d1ddd27e,sheet1:R9,,,
85c43aa8e0714492-sheet1-R5,2026-01-08,daejeon-dong,교통정책과(일반회계),동서장어 (판암동),"동부녹색어머니회 간담회 (대전동부녹색어머니회 9명, 관계공무원 3명)",400000,85c43aa8e0714492282c65e1881505bb70c508fa8f3839208534839f9424e6ca,sheet1:R5,,,
85c43aa8e0714492-sheet1-R6,2026-03-17,daejeon-dong,교통정책과(일반회계),문화동오늘 (문화동),"대전 자동차전문정비사업조합 간담회 (대전자동차전문정비사업조합 4명, 관계공무원 4명)",180000,85c43aa8e0714492282c65e1881505bb70c508fa8f3839208534839f9424e6ca,sheet1:R6,,,
7c219926921458c9-sheet1-R5,2026-02-12,daejeon-dong,민원여권과,솔파인 레스토랑,전문민원상담관제 추진방안 논의 등 의견수렴,301000,7c219926921458c9a0b04b4f6160014547268347f4bf0317ddf9a9ca39d82053,sheet1:R5,,,
7c219926921458c9-sheet1-R6,2026-02-24,daejeon-dong,민원여권과,윈썸,민원 현장의 고충 청취 및 민원서비스 개선 방안 논의,295200,7c219926921458c9a0b04b4f6160014547268347f4bf0317ddf9a9ca39d82053,sheet1:R6,,,
7c219926921458c9-sheet1-R7,2026-03-23,daejeon-dong,민원여권과,식장산갈비,정보공개심의회 운영관련 논의,300000,7c219926921458c9a0b04b4f6160014547268347f4bf0317ddf9a9ca39d82053,sheet1:R7,,,
61831ea20fad5949-sheet1-R6,2026-01-16,daejeon-dong,효동,팔팔민물장어,기관운영업무추진비 지출(경로당 회장단),291000,61831ea20fad594923fc8572195e27828a3d633b90ef6b7adc810a3f8e53f8b6,sheet1:R6,,,
61831ea20fad5949-sheet1-R7,2026-01-20,daejeon-dong,효동,(주)외식,기관운영업무추진비 지출(자유총연맹),300000,61831ea20fad594923fc8572195e27828a3d633b90ef6b7adc810a3f8e53f8b6,sheet1:R7,,,
61831ea20fad5949-sheet1-R8,2026-01-15,daejeon-dong,효동,바르게살기위원회 위원장 부의금,기관운영업무추진비 지출,50000,61831ea20fad594923fc8572195e27828a3d633b90ef6b7adc810a3f8e53f8b6,sheet1:R8,,,
61831ea20fad5949-sheet1-R9,2026-02-24,daejeon-dong,효동,우신집,기관운영업무추진비 지출(경로당 회장단),195000,61831ea20fad594923fc8572195e27828a3d633b90ef6b7adc810a3f8e53f8b6,sheet1:R9,,,
61831ea20fad5949-sheet1-R10,2026-03-18,daejeon-dong,효동,스텔라떡볶이 대전천동리더스점,기관운영업무추진비 지출(통장협의회),260000,61831ea20fad594923fc8572195e27828a3d633b90ef6b7adc810a3f8e53f8b6,sheet1:R10,,,
61831ea20fad5949-sheet1-R11,2026-03-25,daejeon-dong,효동,파리바게뜨 대전천동점,기관운영업무추진비 지출(효동 자생단체),160000,61831ea20fad594923fc8572195e27828a3d633b90ef6b7adc810a3f8e53f8b6,sheet1:R11,,,
61831ea20fad5949-sheet1-R12,2026-03-27,daejeon-dong,효동,지안,기관운영업무추진비 지출 품의(자율방범대),331000,61831ea20fad594923fc8572195e27828a3d633b90ef6b7adc810a3f8e53f8b6,sheet1:R12,,,
5d794c00785ab721-sheet1-R7,2026-01-26,daejeon-dong,지역산업과,솔카페,시책추진업무추진비(기관이전관련 협의),11100,5d794c00785ab72147f66ab01f8796e4c667e8a4b98a9c7e4690bc60df281eaa,sheet1:R7,,,
5d794c00785ab721-sheet1-R8,2026-01-27,daejeon-dong,지역산업과,족족,시책추진업무추진비(하소산단 기업 동향 파악),186000,5d794c00785ab72147f66ab01f8796e4c667e8a4b98a9c7e4690bc60df281eaa,sheet1:R8,,,
5d794c00785ab721-sheet1-R9,2026-02-26,daejeon-dong,지역산업과,금성회관 대전가오점,시책추진업무추진비(남대전물류단지 기업인 간담회),360000,5d794c00785ab72147f66ab01f8796e4c667e8a4b98a9c7e4690bc60df281eaa,sheet1:R9,,,
5d794c00785ab721-sheet1-R10,2026-03-09,daejeon-dong,지역산업과,한가네추어탕,시책추진업무추진비(2차 공공기관 이전 공실현황 조사),68000,5d794c00785ab72147f66ab01f8796e4c667e8a4b98a9c7e4690bc60df281eaa,sheet1:R10,,,
5d794c00785ab721-sheet1-R11,2026-03-13,daejeon-dong,지역산업과,카페리플리,시책추진업무추진비(제2차 공공기관 이전 대비 공실현황 파악),37300,5d794c00785ab72147f66ab01f8796e4c667e8a4b98a9c7e4690bc60df281eaa,sheet1:R11,,,
de2ae56cfe61e529-sheet1-R7,2026-02-23,daejeon-dong,건강생활지원과,파리바게트(가오점),"대전 동구-의약단체 마음이음사업 업무 협약시 /7명(의약단체, 관계공무원등 )",96600,de2ae56cfe61e529e87a89b7e70951a10ea801a164836b1cd1db02e69d49a111,sheet1:R7,,,
4ac9c89fe2eb32d7-sheet1-R4,2026-02-02,daejeon-dong,자치행정과,판암회관,부속실 직원 격려,32000,4ac9c89fe2eb32d7775fdae273a123c098b45a6bb6697818cac1957b72d06238,sheet1:R4,,,
4ac9c89fe2eb32d7-sheet1-R6,2026-02-03,daejeon-dong,자치행정과,조선보리밥,노인장애인과 직원 격려,66000,4ac9c89fe2eb32d7775fdae273a123c098b45a6bb6697818cac1957b72d06238,sheet1:R6,,,
4ac9c89fe2eb32d7-sheet1-R7,2026-02-03,daejeon-dong,자치행정과,효순식당,자치행정과 행정팀 직원 격려,234000,4ac9c89fe2eb32d7775fdae273a123c098b45a6bb6697818cac1957b72d06238,sheet1:R7,,,
4ac9c89fe2eb32d7-sheet1-R9,2026-02-04,daejeon-dong,자치행정과,디카페,16개 동 행정복지센터 직원 격려,980000,4ac9c89fe2eb32d7775fdae273a123c098b45a6bb6697818cac1957b72d06238,sheet1:R9,,,
4ac9c89fe2eb32d7-sheet1-R10,2026-02-04,daejeon-dong,자치행정과,락원간제미타운,인구정책과 직원 격려,60000,4ac9c89fe2eb32d7775fdae273a123c098b45a6bb6697818cac1957b72d06238,sheet1:R10,,,
4ac9c89fe2eb32d7-sheet1-R11,2026-02-04,daejeon-dong,자치행정과,카페라곰,인구정책과 직원 격려,34500,4ac9c89fe2eb32d7775fdae273a123c098b45a6bb6697818cac1957b72d06238,sheet1:R11,,,
4ac9c89fe2eb32d7-sheet1-R12,2026-02-05,daejeon-dong,자치행정과,개인(성명 비공개),공원녹지과 부친상 / 부의금 일자리경제과 시부상 / 부의금 대청동장 장인상 / 부의금 가양1동 조모상 / 부의금,200000,4ac9c89fe2eb32d7775fdae273a123c098b45a6bb6697818cac1957b72d06238,sheet1:R12,,,
4ac9c89fe2eb32d7-sheet1-R13,2026-02-05,daejeon-dong,자치행정과,식장산갈비,도시계획과 직원 격려,84000,4ac9c89fe2eb32d7775fdae273a123c098b45a6bb6697818cac1957b72d06238,sheet1:R13,,,
4ac9c89fe2eb32d7-sheet1-R14,2026-02-05,daejeon-dong,자치행정과,골든레빗,도시계획과 직원 격려,23800,4ac9c89fe2eb32d7775fdae273a123c098b45a6bb6697818cac1957b72d06238,sheet1:R14,,,
4ac9c89fe2eb32d7-sheet1-R15,2026-02-06,daejeon-dong,자치행정과,기자네보리밥,회계정보과 직원 격려,81000,4ac9c89fe2eb32d7775fdae273a123c098b45a6bb6697818cac1957b72d06238,sheet1:R15,,,
4ac9c89fe2eb32d7-sheet1-R16,2026-02-06,daejeon-dong,자치행정과,보드레,회계정보과 직원 격려,44800,4ac9c89fe2eb32d7775fdae273a123c098b45a6bb6697818cac1957b72d06238,sheet1:R16,,,
4ac9c89fe2eb32d7-sheet1-R18,2026-02-09,daejeon-dong,자치행정과,솔코리안,세원관리과 직원 격려,111300,4ac9c89fe2eb32d7775fdae273a123c098b45a6bb6697818cac1957b72d06238,sheet1:R18,,,
4ac9c89fe2eb32d7-sheet1-R19,2026-02-10,daejeon-dong,자치행정과,시골쌈밥,문화체육관광과 직원 격려,72000,4ac9c89fe2eb32d7775fdae273a123c098b45a6bb6697818cac1957b72d06238,sheet1:R19,,,
4ac9c89fe2eb32d7-sheet1-R20,2026-02-10,daejeon-dong,자치행정과,보드레,문화체육관광과 직원 격려,30100,4ac9c89fe2eb32d7775fdae273a123c098b45a6bb6697818cac1957b72d06238,sheet1:R20,,,
4ac9c89fe2eb32d7-sheet1-R21,2026-02-11,daejeon-dong,자치행정과,개인(성명 비공개),안전총괄과 외조모상 / 부의금,50000,4ac9c89fe2eb32d7775fdae273a123c098b45a6bb6697818cac1957b72d06238,sheet1:R21,,,
4ac9c89fe2eb32d7-sheet1-R22,2026-02-11,daejeon-dong,자치행정과,따봉시래기 가오점,공원녹지과 직원 격려,185000,4ac9c89fe2eb32d7775fdae273a123c098b45a6bb6697818cac1957b72d06238,sheet1:R22,,,
4ac9c89fe2eb32d7-sheet1-R23,2026-02-11,daejeon-dong,자치행정과,보드레,공원녹지과 직원 격려,24000,4ac9c89fe2eb32d7775fdae273a123c098b45a6bb6697818cac1957b72d06238,sheet1:R23,,,
4ac9c89fe2eb32d7-sheet1-R24,2026-02-12,daejeon-dong,자치행정과,정참치,생활보장과 직원 격려,220000,4ac9c89fe2eb32d7775fdae273a123c098b45a6bb6697818cac1957b72d06238,sheet1:R24,,,
4ac9c89fe2eb32d7-sheet1-R25,2026-02-13,daejeon-dong,자치행정과,시골밥상,부속실 직원 격려,33000,4ac9c89fe2eb32d7775fdae273a123c098b45a6bb6697818cac1957b72d06238,sheet1:R25,,,
4ac9c89fe2eb32d7-sheet1-R26,2026-02-13,daejeon-dong,자치행정과,투썸플레이스 남대전IC점,부속실 직원 격려,11000,4ac9c89fe2eb32d7775fdae273a123c098b45a6bb6697818cac1957b72d06238,sheet1:R26,,,
4ac9c89fe2eb32d7-sheet1-R28,2026-02-19,daejeon-dong,자치행정과,순아식당,민원여권과 직원 격려,69000,4ac9c89fe2eb32d7775fdae273a123c098b45a6bb6697818cac1957b72d06238,sheet1:R28,,,
4ac9c89fe2eb32d7-sheet1-R29,2026-02-19,daejeon-dong,자치행정과,스타벅스 판암DT점,민원여권과 직원 격려,30900,4ac9c89fe2eb32d7775fdae273a123c098b45a6bb6697818cac1957b72d06238,sheet1:R29,,,
4ac9c89fe2eb32d7-sheet1-R30,2026-02-20,daejeon-dong,자치행정과,개인(성명 비공개),중앙동 본인혼 / 축의금,50000,4ac9c89fe2eb32d7775fdae273a123c098b45a6bb6697818cac1957b72d06238,sheet1:R30,,,
4ac9c89fe2eb32d7-sheet1-R31,2026-02-20,daejeon-dong,자치행정과,명성만두 샤브샤브전문점,가족지원과 직원 격려,94000,4ac9c89fe2eb32d7775fdae273a123c098b45a6bb6697818cac1957b72d06238,sheet1:R31,,,
4ac9c89fe2eb32d7-sheet1-R33,2026-02-23,daejeon-dong,자치행정과,성원 황태전문점 칼국수,환경과 직원 격려,70000,4ac9c89fe2eb32d7775fdae273a123c098b45a6bb6697818cac1957b72d06238,sheet1:R33,,,
4ac9c89fe2eb32d7-sheet1-R34,2026-02-24,daejeon-dong,자치행정과,동서회관,교통정책과 직원 격려,112000,4ac9c89fe2eb32d7775fdae273a123c098b45a6bb6697818cac1957b72d06238,sheet1:R34,,,
4ac9c89fe2eb32d7-sheet1-R35,2026-02-25,daejeon-dong,자치행정과,기와옥순두부,토지정보과 직원 격려,130500,4ac9c89fe2eb32d7775fdae273a123c098b45a6bb6697818cac1957b72d06238,sheet1:R35,,,
4ac9c89fe2eb32d7-sheet1-R36,2026-02-26,daejeon-dong,자치행정과,순남시래기,미래교육과 직원 격려,78000,4ac9c89fe2eb32d7775fdae273a123c098b45a6bb6697818cac1957b72d06238,sheet1:R36,,,
4ac9c89fe2eb32d7-sheet1-R40,2026-02-04,daejeon-dong,자치행정과,백조한우마을,「귀갓길 안심귀가보안관」사업 추진 관련 의견수렴,171000,4ac9c89fe2eb32d7775fdae273a123c098b45a6bb6697818cac1957b72d06238,sheet1:R40,,,
4ac9c89fe2eb32d7-sheet1-R41,2026-02-05,daejeon-dong,자치행정과,오양참치,「동구 세대통합어울림센터 조성」사업 추진 관련 의견수렴,226000,4ac9c89fe2eb32d7775fdae273a123c098b45a6bb6697818cac1957b72d06238,sheet1:R41,,,
4ac9c89fe2eb32d7-sheet1-R42,2026-02-06,daejeon-dong,자치행정과,정참치,고향사랑기부제 활성화를 위한 의견수렴,450000,4ac9c89fe2eb32d7775fdae273a123c098b45a6bb6697818cac1957b72d06238,sheet1:R42,,,
4ac9c89fe2eb32d7-sheet1-R43,2026-02-12,daejeon-dong,자치행정과,육향정 정육식당 대전봉명점,「지역사회 결합형 청년 커뮤니티 사업」 추진 관련 의견 수렴,243000,4ac9c89fe2eb32d7775fdae273a123c098b45a6bb6697818cac1957b72d06238,sheet1:R43,,,
4ac9c89fe2eb32d7-sheet1-R44,2026-02-23,daejeon-dong,자치행정과,대선참치,「찾아가는 음악회」사업 추진 관련 의견 수렴,230000,4ac9c89fe2eb32d7775fdae273a123c098b45a6bb6697818cac1957b72d06238,sheet1:R44,,,
4ac9c89fe2eb32d7-sheet1-R45,2026-02-24,daejeon-dong,자치행정과,태화장,「제25회 대청호반 정월대보름제」추진 관련 의견수렴,276000,4ac9c89fe2eb32d7775fdae273a123c098b45a6bb6697818cac1957b72d06238,sheet1:R45,,,
a485f1618ea03bfc-sheet1-R4,2026-02-03,daejeon-dong,자치행정과,플랜티,회계정보과 직원 격려,25000,a485f1618ea03bfc38beda7b6229e1c38bd899bcc58371ca0fd463b2f2e1c248,sheet1:R4,,,
a485f1618ea03bfc-sheet1-R5,2026-02-05,daejeon-dong,자치행정과,개인(성명 비공개),대청동장 장인상 / 부의금,50000,a485f1618ea03bfc38beda7b6229e1c38bd899bcc58371ca0fd463b2f2e1c248,sheet1:R5,,,
a485f1618ea03bfc-sheet1-R6,2026-02-12,daejeon-dong,자치행정과,목구멍 가오점,세정과 직원 격려,214500,a485f1618ea03bfc38beda7b6229e1c38bd899bcc58371ca0fd463b2f2e1c248,sheet1:R6,,,
a485f1618ea03bfc-sheet1-R8,2026-02-25,daejeon-dong,자치행정과,얼큰이손칼국수,자치행정과 직원복지팀 격려,32000,a485f1618ea03bfc38beda7b6229e1c38bd899bcc58371ca0fd463b2f2e1c248,sheet1:R8,,,
a485f1618ea03bfc-sheet1-R9,2026-02-25,daejeon-dong,자치행정과,커피마마대전용운점,자치행정과 직원복지팀 격려,14100,a485f1618ea03bfc38beda7b6229e1c38bd899bcc58371ca0fd463b2f2e1c248,sheet1:R9,,,
a485f1618ea03bfc-sheet1-R13,2026-02-02,daejeon-dong,자치행정과,조대포가든식당,"주민자치 활성화 정책 및 추진방향 공유, 애로사항 청취",304000,a485f1618ea03bfc38beda7b6229e1c38bd899bcc58371ca0fd463b2f2e1c248,sheet1:R13,,,
a485f1618ea03bfc-sheet1-R14,2026-02-04,daejeon-dong,자치행정과,용전한우마을,동 청사 신축 관련 주요 민원사항 공유 및 대응방안 논의,320000,a485f1618ea03bfc38beda7b6229e1c38bd899bcc58371ca0fd463b2f2e1c248,sheet1:R14,,,
a485f1618ea03bfc-sheet1-R15,2026-02-10,daejeon-dong,자치행정과,목구멍 가오점,동별 지역 현안 공유 및 민·관 협력 사업 발굴 논의,207500,a485f1618ea03bfc38beda7b6229e1c38bd899bcc58371ca0fd463b2f2e1c248,sheet1:R15,,,
a485f1618ea03bfc-sheet1-R16,2026-02-11,daejeon-dong,자치행정과,장가네대구왕뽈데기,명절맞이 환경정화활동 건의사항 및 개선의견 청취,52000,a485f1618ea03bfc38beda7b6229e1c38bd899bcc58371ca0fd463b2f2e1c248,sheet1:R16,,,
a485f1618ea03bfc-sheet1-R17,2026-02-13,daejeon-dong,자치행정과,방실이네식당,설명절 맞이 나눔행사 추진결과 보고 및 애로사항 청취,50000,a485f1618ea03bfc38beda7b6229e1c38bd899bcc58371ca0fd463b2f2e1c248,sheet1:R17,,,
a485f1618ea03bfc-sheet1-R18,2026-02-25,daejeon-dong,자치행정과,반지하,주요 행사 홍보 및 주민 애로사항 청취,240000,a485f1618ea03bfc38beda7b6229e1c38bd899bcc58371ca0fd463b2f2e1c248,sheet1:R18,,,
a485f1618ea03bfc-sheet1-R19,2026-02-27,daejeon-dong,자치행정과,기자네보리밥,자원봉사 활성화를 위한 의견수렴,54000,a485f1618ea03bfc38beda7b6229e1c38bd899bcc58371ca0fd463b2f2e1c248,sheet1:R19,,,
ac8882972c996fb5-sheet1-R4,2026-02-19,daejeon-dong,자치행정과,외식,새마을부녀회 협력사업 발굴 및 활동계획 의견 수렴,112000,ac8882972c996fb519ff0779a7eb4a864efb60d07dba8c11fc2f518003b3a7ec,sheet1:R4,,,
ac8882972c996fb5-sheet1-R5,2026-02-19,daejeon-dong,자치행정과,티프로방스,새마을부녀회 협력사업 발굴 및 활동계획 의견 수렴,34500,ac8882972c996fb519ff0779a7eb4a864efb60d07dba8c11fc2f518003b3a7ec,sheet1:R5,,,
ac8882972c996fb5-sheet1-R6,2026-02-26,daejeon-dong,자치행정과,곰수산,「오늘 하루 당신이 구청장입니다」교육분야 정책 제언 등,112000,ac8882972c996fb519ff0779a7eb4a864efb60d07dba8c11fc2f518003b3a7ec,sheet1:R6,,,
0ab2616ac38e3bd8-sheet1-R6,2026-02-05,daejeon-dong,감사실,보드레 (가오동 소재),대전광역시 동구 직장 내 괴롭힘 조사위원회 개최에 따른 다과류 구입,117600,0ab2616ac38e3bd8bac6957e479f267f04d303dfdeae45bb149bb495290af9f2,sheet1:R6,,,
9ec1e33490dade09-sheet1-R6,2026-02-04,daejeon-dong,대청동,가래울가든 / 동구 대청호수로585번길 14,통장협의회 간담회,72000,9ec1e33490dade09e23f655c8cbbc846bcae23bd058963b70f974444de8177f2,sheet1:R6,,,
9ec1e33490dade09-sheet1-R7,2026-02-24,daejeon-dong,대청동,레드부스 / 동구 옥천로 438,새마을부녀회 간담회,100000,9ec1e33490dade09e23f655c8cbbc846bcae23bd058963b70f974444de8177f2,sheet1:R7,,,
9ec1e33490dade09-sheet1-R8,2026-02-26,daejeon-dong,대청동,이리추어탕 / 동구 대전천동로 486-1,복지만두레 간담회,62000,9ec1e33490dade09e23f655c8cbbc846bcae23bd058963b70f974444de8177f2,sheet1:R8,,,
2f05baa83f3766a3-sheet1-R6,2026-02-12,daejeon-dong,자양동,천씨씨커피 우송대점,기관운영업무추진비 품의 (새마을부녀회 간담회),48500,2f05baa83f3766a3687552f62b9f5373b9125ecd2b8541c4d5ff089523d60ed1,sheet1:R6,,,
2f05baa83f3766a3-sheet1-R7,2026-02-24,daejeon-dong,자양동,청풍맛집,기관운영업무추진비 지출품의(주민자치위원회 위원 격려),59000,2f05baa83f3766a3687552f62b9f5373b9125ecd2b8541c4d5ff089523d60ed1,sheet1:R7,,,
fc26d787e7a9ba96-sheet1-R6,2026-02-03,daejeon-dong,미래교육과,천사카페,차세대인재육성장학재단 업무 협의 등,34700,fc26d787e7a9ba96509e1509f3427d4d10e80493a85a08ee5cd68fb8caa84899,sheet1:R6,,,
fc26d787e7a9ba96-sheet1-R7,2026-03-17,daejeon-dong,미래교육과,케이크상점,글로벌 드림캠퍼스 업무 추진,43000,fc26d787e7a9ba96509e1509f3427d4d10e80493a85a08ee5cd68fb8caa84899,sheet1:R7,,,
fc26d787e7a9ba96-sheet1-R8,2026-02-11,daejeon-dong,미래교육과,"가래울, 천사카페",글로벌 드림캠퍼스 업무 추진,209600,fc26d787e7a9ba96509e1509f3427d4d10e80493a85a08ee5cd68fb8caa84899,sheet1:R8,,,
fc26d787e7a9ba96-sheet1-R9,2026-02-25,daejeon-dong,미래교육과,천사카페,제2수학문화관 업무 협의,50000,fc26d787e7a9ba96509e1509f3427d4d10e80493a85a08ee5cd68fb8caa84899,sheet1:R9,,,
72657bd4ed997470-sheet1-R4,2026-01-02,daejeon-dong,자치행정과,식장산갈비,구 본청 5급이상 간부 공무원 격려,480000,72657bd4ed997470295756894db7dda9c9cb264a4263ffcaf7212c9564f34a8c,sheet1:R4,,,
72657bd4ed997470-sheet1-R5,2026-01-05,daejeon-dong,자치행정과,동서회관,청원경찰 격려,306000,72657bd4ed997470295756894db7dda9c9cb264a4263ffcaf7212c9564f34a8c,sheet1:R5,,,
72657bd4ed997470-sheet1-R6,2026-01-05,daejeon-dong,자치행정과,스타벅스 판암DT점,청원경찰 격려,52200,72657bd4ed997470295756894db7dda9c9cb264a4263ffcaf7212c9564f34a8c,sheet1:R6,,,
72657bd4ed997470-sheet1-R7,2026-01-06,daejeon-dong,자치행정과,태화장,회계정보과 경리팀 직원 격려,190000,72657bd4ed997470295756894db7dda9c9cb264a4263ffcaf7212c9564f34a8c,sheet1:R7,,,
72657bd4ed997470-sheet1-R8,2026-01-08,daejeon-dong,자치행정과,쿠팡,부속실 내방객 차재료 구입,426730,72657bd4ed997470295756894db7dda9c9cb264a4263ffcaf7212c9564f34a8c,sheet1:R8,,,
72657bd4ed997470-sheet1-R9,2026-01-08,daejeon-dong,자치행정과,달빛에구운고등어 효동점,관련 업무 추진 직원 격려,168000,72657bd4ed997470295756894db7dda9c9cb264a4263ffcaf7212c9564f34a8c,sheet1:R9,,,
72657bd4ed997470-sheet1-R10,2026-01-09,daejeon-dong,자치행정과,개인(성명 비공개),환경과 본인혼 / 축의금,50000,72657bd4ed997470295756894db7dda9c9cb264a4263ffcaf7212c9564f34a8c,sheet1:R10,,,
72657bd4ed997470-sheet1-R11,2026-01-09,daejeon-dong,자치행정과,참살이콩이야기,기획홍보실 직원 격려,115000,72657bd4ed997470295756894db7dda9c9cb264a4263ffcaf7212c9564f34a8c,sheet1:R11,,,
72657bd4ed997470-sheet1-R12,2026-01-09,daejeon-dong,자치행정과,카페니치 비향점,기획홍보실 직원 격려,28000,72657bd4ed997470295756894db7dda9c9cb264a4263ffcaf7212c9564f34a8c,sheet1:R12,,,
72657bd4ed997470-sheet1-R13,2026-01-12,daejeon-dong,자치행정과,개인(성명 비공개),교통정책과 부친상 / 부의금,50000,72657bd4ed997470295756894db7dda9c9cb264a4263ffcaf7212c9564f34a8c,sheet1:R13,,,
72657bd4ed997470-sheet1-R14,2026-01-12,daejeon-dong,자치행정과,별천지,건강생활지원과 직원 격려,112000,72657bd4ed997470295756894db7dda9c9cb264a4263ffcaf7212c9564f34a8c,sheet1:R14,,,
72657bd4ed997470-sheet1-R15,2026-01-12,daejeon-dong,자치행정과,남대전DT 파스쿠찌,건강생활지원과 직원 격려,37300,72657bd4ed997470295756894db7dda9c9cb264a4263ffcaf7212c9564f34a8c,sheet1:R15,,,
72657bd4ed997470-sheet1-R16,2026-01-13,daejeon-dong,자치행정과,시골쌈밥,감사실 직원 격려,45000,72657bd4ed997470295756894db7dda9c9cb264a4263ffcaf7212c9564f34a8c,sheet1:R16,,,
72657bd4ed997470-sheet1-R17,2026-01-14,daejeon-dong,자치행정과,개인(성명 비공개),문화관광체육과 빙모상 / 부의금,50000,72657bd4ed997470295756894db7dda9c9cb264a4263ffcaf7212c9564f34a8c,sheet1:R17,,,
72657bd4ed997470-sheet1-R18,2026-01-14,daejeon-dong,자치행정과,용수골두부식당,관련 업무 추진 직원 격려,120000,72657bd4ed997470295756894db7dda9c9cb264a4263ffcaf7212c9564f34a8c,sheet1:R18,,,
72657bd4ed997470-sheet1-R19,2026-01-14,daejeon-dong,자치행정과,청도활어회,간부 직원 격려,677000,72657bd4ed997470295756894db7dda9c9cb264a4263ffcaf7212c9564f34a8c,sheet1:R19,,,
72657bd4ed997470-sheet1-R20,2026-01-15,daejeon-dong,자치행정과,개인(성명 비공개),자치행정과 모친상 / 부의금,50000,72657bd4ed997470295756894db7dda9c9cb264a4263ffcaf7212c9564f34a8c,sheet1:R20,,,
72657bd4ed997470-sheet1-R21,2026-01-15,daejeon-dong,자치행정과,정참치,질병관리과 직원 격려,175000,72657bd4ed997470295756894db7dda9c9cb264a4263ffcaf7212c9564f34a8c,sheet1:R21,,,
72657bd4ed997470-sheet1-R22,2026-01-16,daejeon-dong,자치행정과,판암고을식당,일자리경제과 직원 격려,140000,72657bd4ed997470295756894db7dda9c9cb264a4263ffcaf7212c9564f34a8c,sheet1:R22,,,
72657bd4ed997470-sheet1-R23,2026-01-19,daejeon-dong,자치행정과,개인(성명 비공개),일자리경제과 부친상 / 부의금 중앙동 부친상 / 부의금,100000,72657bd4ed997470295756894db7dda9c9cb264a4263ffcaf7212c9564f34a8c,sheet1:R23,,,
72657bd4ed997470-sheet1-R24,2026-01-19,daejeon-dong,자치행정과,토담골식당,위생과 직원 격려,123000,72657bd4ed997470295756894db7dda9c9cb264a4263ffcaf7212c9564f34a8c,sheet1:R24,,,
72657bd4ed997470-sheet1-R25,2026-01-20,daejeon-dong,자치행정과,어굼터용전점,복지정책과 직원 격려,98000,72657bd4ed997470295756894db7dda9c9cb264a4263ffcaf7212c9564f34a8c,sheet1:R25,,,
72657bd4ed997470-sheet1-R26,2026-01-22,daejeon-dong,자치행정과,대전옥,세정과 직원 격려,105000,72657bd4ed997470295756894db7dda9c9cb264a4263ffcaf7212c9564f34a8c,sheet1:R26,,,
72657bd4ed997470-sheet1-R27,2026-01-23,daejeon-dong,자치행정과,개인(성명 비공개),환경과 본인혼 / 축의금 자치행정과 여혼 / 축의금 건설도로과 본인혼 / 축의금 효동 본인혼 / 축의금,200000,72657bd4ed997470295756894db7dda9c9cb264a4263ffcaf7212c9564f34a8c,sheet1:R27,,,
72657bd4ed997470-sheet1-R28,2026-01-23,daejeon-dong,자치행정과,장가네대구왕뽈데기,기획홍보실 언론팀 직원 격려,121000,72657bd4ed997470295756894db7dda9c9cb264a4263ffcaf7212c9564f34a8c,sheet1:R28,,,
72657bd4ed997470-sheet1-R29,2026-01-26,daejeon-dong,자치행정과,모락모락,안전총괄과 직원 격려,98000,72657bd4ed997470295756894db7dda9c9cb264a4263ffcaf7212c9564f34a8c,sheet1:R29,,,
72657bd4ed997470-sheet1-R30,2026-01-28,daejeon-dong,자치행정과,어굼터용전점,회계정보과 직원 격려,78000,72657bd4ed997470295756894db7dda9c9cb264a4263ffcaf7212c9564f34a8c,sheet1:R30,,,
72657bd4ed997470-sheet1-R31,2026-01-29,daejeon-dong,자치행정과,평양숨두부,공동주택과 직원 격려,117000,72657bd4ed997470295756894db7dda9c9cb264a4263ffcaf7212c9564f34a8c,sheet1:R31,,,
72657bd4ed997470-sheet1-R32,2026-01-30,daejeon-dong,자치행정과,개인(성명 비공개),환경과 본인혼 / 축의금,50000,72657bd4ed997470295756894db7dda9c9cb264a4263ffcaf7212c9564f34a8c,sheet1:R32,,,
72657bd4ed997470-sheet1-R33,2026-01-30,daejeon-dong,자치행정과,시골밥상,지역산업과 직원 격려,112000,72657bd4ed997470295756894db7dda9c9cb264a4263ffcaf7212c9564f34a8c,sheet1:R33,,,
72657bd4ed997470-sheet1-R36,2026-01-07,daejeon-dong,자치행정과,정참치,구-대학사업 연계한 정책 아이디어 교류 및 신규사업 발굴,115000,72657bd4ed997470295756894db7dda9c9cb264a4263ffcaf7212c9564f34a8c,sheet1:R36,,,
72657bd4ed997470-sheet1-R37,2026-01-09,daejeon-dong,자치행정과,민영참치,대별지구 산업단지 관련 의견수렴,202000,72657bd4ed997470295756894db7dda9c9cb264a4263ffcaf7212c9564f34a8c,sheet1:R37,,,
72657bd4ed997470-sheet1-R38,2026-01-12,daejeon-dong,자치행정과,동서회관,동구 글로벌 드림캠퍼스」 개관 전 사전준비를 위한 의견 수렴,102000,72657bd4ed997470295756894db7dda9c9cb264a4263ffcaf7212c9564f34a8c,sheet1:R38,,,
72657bd4ed997470-sheet1-R39,2026-01-16,daejeon-dong,자치행정과,육향정 정육식당 대전봉명점,「청년나눔냉장고 동구食도락」 사업 추진 관련 의견수렴,204500,72657bd4ed997470295756894db7dda9c9cb264a4263ffcaf7212c9564f34a8c,sheet1:R39,,,
72657bd4ed997470-sheet1-R40,2026-01-20,daejeon-dong,자치행정과,정참치,「소제동 중앙공원 조성 지원」 향후 추진계획 논의 등,313000,72657bd4ed997470295756894db7dda9c9cb264a4263ffcaf7212c9564f34a8c,sheet1:R40,,,
72657bd4ed997470-sheet1-R41,2026-01-21,daejeon-dong,자치행정과,오박사전복해신탕 본점,언론사와 협력체계 구축 및 구정 홍보 방안 모색,314000,72657bd4ed997470295756894db7dda9c9cb264a4263ffcaf7212c9564f34a8c,sheet1:R41,,,
72657bd4ed997470-sheet1-R42,2026-01-21,daejeon-dong,자치행정과,덤덤,언론사와 협력체계 구축 및 구정 홍보 방안 모색,25800,72657bd4ed997470295756894db7dda9c9cb264a4263ffcaf7212c9564f34a8c,sheet1:R42,,,
72657bd4ed997470-sheet1-R43,2026-01-23,daejeon-dong,자치행정과,육향정,「동구 청년창업지원공간 조성」 사업 관련 의견수렴,200000,72657bd4ed997470295756894db7dda9c9cb264a4263ffcaf7212c9564f34a8c,sheet1:R43,,,
72657bd4ed997470-sheet1-R44,2026-01-27,daejeon-dong,자치행정과,동서회관,「청소년 문화공간 조성」 사업 추진 관련 의견수렴,126000,72657bd4ed997470295756894db7dda9c9cb264a4263ffcaf7212c9564f34a8c,sheet1:R44,,,
72657bd4ed997470-sheet1-R45,2026-01-30,daejeon-dong,자치행정과,선주가,관학 협력사업 발굴 및 의견수렴,164500,72657bd4ed997470295756894db7dda9c9cb264a4263ffcaf7212c9564f34a8c,sheet1:R45,,,
951325039e53752b-sheet1-R4,2026-01-06,daejeon-dong,자치행정과,판암회관,부속실 직원 격려,118000,951325039e53752ba4a0da7df9ce01066308d8b4f9348e3242c7a2b9884aa18f,sheet1:R4,,,
951325039e53752b-sheet1-R5,2026-01-09,daejeon-dong,자치행정과,우신집,세원관리과 직원 격려,43000,951325039e53752ba4a0da7df9ce01066308d8b4f9348e3242c7a2b9884aa18f,sheet1:R5,,,
951325039e53752b-sheet1-R6,2026-01-12,daejeon-dong,자치행정과,명성만두 샤브샤브전문점,자치행정과 직원 격려,140000,951325039e53752ba4a0da7df9ce01066308d8b4f9348e3242c7a2b9884aa18f,sheet1:R6,,,
951325039e53752b-sheet1-R7,2026-01-12,daejeon-dong,자치행정과,카페91,자치행정과 직원 격려,20080,951325039e53752ba4a0da7df9ce01066308d8b4f9348e3242c7a2b9884aa18f,sheet1:R7,,,
951325039e53752b-sheet1-R8,2026-01-15,daejeon-dong,자치행정과,개인(성명 비공개),자치행정과 모친상 / 부의금,50000,951325039e53752ba4a0da7df9ce01066308d8b4f9348e3242c7a2b9884aa18f,sheet1:R8,,,
951325039e53752b-sheet1-R9,2026-01-22,daejeon-dong,자치행정과,판암회관,자치행정과 총무팀 직원 격려,34000,951325039e53752ba4a0da7df9ce01066308d8b4f9348e3242c7a2b9884aa18f,sheet1:R9,,,
951325039e53752b-sheet1-R10,2026-01-23,daejeon-dong,자치행정과,개인(성명 비공개),자치행정과 여혼 / 축의금,50000,951325039e53752ba4a0da7df9ce01066308d8b4f9348e3242c7a2b9884aa18f,sheet1:R10,,,
951325039e53752b-sheet1-R13,2026-01-23,daejeon-dong,자치행정과,우신집,자원봉사 활성화 추진방안 모색 및 주요 현안 공유,127000,951325039e53752ba4a0da7df9ce01066308d8b4f9348e3242c7a2b9884aa18f,sheet1:R13,,,
951325039e53752b-sheet1-R14,2026-01-29,daejeon-dong,자치행정과,용수골보리밥&아구찜탕,자원봉사 활성화 추진방안 모색 및 주요 현안 공유,33000,951325039e53752ba4a0da7df9ce01066308d8b4f9348e3242c7a2b9884aa18f,sheet1:R14,,,
951325039e53752b-sheet1-R15,2026-01-30,daejeon-dong,자치행정과,손이가어죽칼국수,주민자치프로그램 활성화 방안 모색,64000,951325039e53752ba4a0da7df9ce01066308d8b4f9348e3242c7a2b9884aa18f,sheet1:R15,,,
6aa3ccdaca32a890-sheet1-R4,2026-01-27,daejeon-dong,자치행정과,청담고등어,주요 행사 홍보 및 주민 애로사항 청취,176000,6aa3ccdaca32a890ed69273ff2dff4ce9c7b74980f91a52b85a7a2cc291563c8,sheet1:R4,,,
6aa3ccdaca32a890-sheet1-R5,2026-01-27,daejeon-dong,자치행정과,카페 루미리즈,주요 행사 홍보 및 주민 애로사항 청취,41600,6aa3ccdaca32a890ed69273ff2dff4ce9c7b74980f91a52b85a7a2cc291563c8,sheet1:R5,,,
9bec74b4eb3d501d-sheet1-R6,2026-01-22,daejeon-dong,자양동행정복지센터,주식회사 신라고등어,기관운영업무추진비 지출품의(지역사회보장협의체 회원 격려),93000,9bec74b4eb3d501d6023eb9bb46499bebee33cb296dde64d308605dfb10c20d1,sheet1:R6,,,
9bec74b4eb3d501d-sheet1-R7,2026-01-20,daejeon-dong,자양동행정복지센터,육교회관,기관운영업무추진비 지출 품의(새마을문고 관계자 간담회),60000,9bec74b4eb3d501d6023eb9bb46499bebee33cb296dde64d308605dfb10c20d1,sheet1:R7,,,
9bec74b4eb3d501d-sheet1-R8,2026-01-15,daejeon-dong,자양동행정복지센터,고구려명장식당,기관운영업무추진비 지출품의(환경관리요원 격려),150000,9bec74b4eb3d501d6023eb9bb46499bebee33cb296dde64d308605dfb10c20d1,sheet1:R8,,,
9bec74b4eb3d501d-sheet1-R9,2026-01-09,daejeon-dong,자양동행정복지센터,고구려명장식당,기관운영업무추진비 지출품의(환경관리요원 격려),233000,9bec74b4eb3d501d6023eb9bb46499bebee33cb296dde64d308605dfb10c20d1,sheet1:R9,,,
9bec74b4eb3d501d-sheet1-R10,2026-01-07,daejeon-dong,자양동행정복지센터,"원조강릉칼국수, 펌킨",기관운영업무추진비 품의 (주민자치위원회 간담회),158000,9bec74b4eb3d501d6023eb9bb46499bebee33cb296dde64d308605dfb10c20d1,sheet1:R10,,,
9bec74b4eb3d501d-sheet1-R11,2026-01-06,daejeon-dong,자양동행정복지센터,상상낙지 대전본점,기관운영업무추진비 (새해 직원 격려),201000,9bec74b4eb3d501d6023eb9bb46499bebee33cb296dde64d308605dfb10c20d1,sheet1:R11,,,
3cb7f237743c0021-sheet1-R6,2026-01-07,daejeon-dong,대청동,레드부스 / 동구 옥천로 438,통장협의회 간담회,150000,3cb7f237743c0021b924f80de04aa7590509e3943a1e734e705167ac3715c287,sheet1:R6,,,
3cb7f237743c0021-sheet1-R7,2026-01-08,daejeon-dong,대청동,더리스 / 동구 냉천로 30,복지만두레 간담회,384000,3cb7f237743c0021b924f80de04aa7590509e3943a1e734e705167ac3715c287,sheet1:R7,,,
3cb7f237743c0021-sheet1-R8,2026-01-20,daejeon-dong,대청동,가래울가든 / 동구 대청호수로585번길 14,상수도사업본부 간담회,72000,3cb7f237743c0021b924f80de04aa7590509e3943a1e734e705167ac3715c287,sheet1:R8,,,
3cb7f237743c0021-sheet1-R9,2026-01-28,daejeon-dong,대청동,가래울가든 / 동구 대청호수로585번길 14,주민자치위원회 간담회,138000,3cb7f237743c0021b924f80de04aa7590509e3943a1e734e705167ac3715c287,sheet1:R9,,,
1f0511decf7a1bf2-sheet1-R6,2026-01-19,daejeon-dong,위생과,모네갤러리카페,(사)대한미용사회 대전동구지회 간담회,43500,1f0511decf7a1bf274a98446a1b926149bcc68774f47644a3ab02730018c45b1,sheet1:R6,,,
56b77d8bb7eece26-sheet1-R6,2026-01-07,daejeon-dong,미래교육과,이당,2026년 교육사업 업무 협의,29000,56b77d8bb7eece26d9953d3c533c12019802b6d2c24b4b330ccdb480bf219bf2,sheet1:R6,,,
56b77d8bb7eece26-sheet1-R7,2026-01-07,daejeon-dong,미래교육과,한가네추어탕,2026년 교육사업 업무 협의,90000,56b77d8bb7eece26d9953d3c533c12019802b6d2c24b4b330ccdb480bf219bf2,sheet1:R7,,,
56b77d8bb7eece26-sheet1-R8,2026-01-14,daejeon-dong,미래교육과,샤브쌈주머니 대동점,어린이청소년영어도서관 업무 협의,154000,56b77d8bb7eece26d9953d3c533c12019802b6d2c24b4b330ccdb480bf219bf2,sheet1:R8,,,
56b77d8bb7eece26-sheet1-R9,2026-01-15,daejeon-dong,미래교육과,구름식당,글로벌 드림캠퍼스 업무 협의,87000,56b77d8bb7eece26d9953d3c533c12019802b6d2c24b4b330ccdb480bf219bf2,sheet1:R9,,,
56b77d8bb7eece26-sheet1-R10,2026-01-30,daejeon-dong,미래교육과,카페천사의손길,관학협력 업무 추진 등,60000,56b77d8bb7eece26d9953d3c533c12019802b6d2c24b4b330ccdb480bf219bf2,sheet1:R10,,,
7f7ef59801f0eb71-sheet1-R7,2026-06-04,daejeon-jung,행정지원과,중구마루 (중구 중앙로 100),현안 사업 공유 및 상호 이해증진 도모를 위한 공무원 노동조합 오찬 간담회,42700,7f7ef59801f0eb7174fd12de6b6ad742f97f3df571caca3d5f26bc42b5299e53,sheet1:R7,,,
7f7ef59801f0eb71-sheet1-R8,2026-06-04,daejeon-jung,행정지원과,미니일식 (중구 선화로 130),선거기간 직원 복무관리 및 간부공무원 의전 업무 추진 등 직원 노고 격려,228000,7f7ef59801f0eb7174fd12de6b6ad742f97f3df571caca3d5f26bc42b5299e53,sheet1:R8,,,
7f7ef59801f0eb71-sheet1-R9,2026-06-05,daejeon-jung,행정지원과,네이버쇼핑(전자상거래),내방객 및 집무실 운영물품 구입,246700,7f7ef59801f0eb7174fd12de6b6ad742f97f3df571caca3d5f26bc42b5299e53,sheet1:R9,,,
7f7ef59801f0eb71-sheet1-R10,2026-06-05,daejeon-jung,행정지원과,두손개성만두 (중구 계룡로904번안길 38),간부공무원 일정관리 및 업무보고 검토 직원 격려 오찬,101000,7f7ef59801f0eb7174fd12de6b6ad742f97f3df571caca3d5f26bc42b5299e53,sheet1:R10,,,
7f7ef59801f0eb71-sheet1-R11,2026-06-06,daejeon-jung,행정지원과,산성골 (중구 대둔산로364번길 9),호국보훈의 달 맞이 현충일 보훈공원 참배 참석 직원 격려,605000,7f7ef59801f0eb7174fd12de6b6ad742f97f3df571caca3d5f26bc42b5299e53,sheet1:R11,,,
7f7ef59801f0eb71-sheet1-R12,2026-06-06,daejeon-jung,행정지원과,복수분식 (중구 중교로 27),제71회 현충일 추념식 참석 등 주말 의전 업무 수행 직원 격려 오찬,55000,7f7ef59801f0eb7174fd12de6b6ad742f97f3df571caca3d5f26bc42b5299e53,sheet1:R12,,,
7f7ef59801f0eb71-sheet1-R13,2026-06-09,daejeon-jung,행정지원과,예땅 (중구 부용로72번길 6),지역 장애인 시설 방문 등 직원 격려 차담회,45000,7f7ef59801f0eb7174fd12de6b6ad742f97f3df571caca3d5f26bc42b5299e53,sheet1:R13,,,
7f7ef59801f0eb71-sheet1-R14,2026-06-10,daejeon-jung,행정지원과,미니일식 (중구 선화로 130),제39주년 6·10민주항쟁 대전 기념식 및 문화제 추진 직원 격려 만찬,351000,7f7ef59801f0eb7174fd12de6b6ad742f97f3df571caca3d5f26bc42b5299e53,sheet1:R14,,,
7f7ef59801f0eb71-sheet1-R15,2026-06-11,daejeon-jung,행정지원과,내집식당 (중구 대흥로121번길 42),중구 지역문제 해결을 위한 AI 활용 정책개발 경진대회 추진 노고 격려,219000,7f7ef59801f0eb7174fd12de6b6ad742f97f3df571caca3d5f26bc42b5299e53,sheet1:R15,,,
7f7ef59801f0eb71-sheet1-R16,2026-06-12,daejeon-jung,행정지원과,경조사비,"위생과 시모상, 회계과 결혼, 공원녹지과 자혼",150000,7f7ef59801f0eb7174fd12de6b6ad742f97f3df571caca3d5f26bc42b5299e53,sheet1:R16,,,
7f7ef59801f0eb71-sheet1-R17,2026-06-12,daejeon-jung,행정지원과,풍미식당 (중구 대흥로 32),"구정 홍보 콘텐츠 기획·개발, 고충 민원 상담 처리 등으로 노고가 많은 직원들을 격려",323000,7f7ef59801f0eb7174fd12de6b6ad742f97f3df571caca3d5f26bc42b5299e53,sheet1:R17,,,
7f7ef59801f0eb71-sheet1-R18,2026-06-13,daejeon-jung,행정지원과,장다리식당 (충북 단양군 단양읍 삼봉로 370),"중구 새마을회 한마음 대회 참석 간부공무원 의전, 운전 수행 등 휴일 근무 직원 격려 오찬",100000,7f7ef59801f0eb7174fd12de6b6ad742f97f3df571caca3d5f26bc42b5299e53,sheet1:R18,,,
7f7ef59801f0eb71-sheet1-R19,2026-06-18,daejeon-jung,행정지원과,손의손 (중구 보문로260번길 26),공무원 노사 워크숍 참석 등 관외 의전 업무 수행 직원 격려 오찬,72000,7f7ef59801f0eb7174fd12de6b6ad742f97f3df571caca3d5f26bc42b5299e53,sheet1:R19,,,
7f7ef59801f0eb71-sheet1-R20,2026-06-19,daejeon-jung,행정지원과,대구왕뽈때기 (충북 청주시 청원구 오창읍 중심상업로 52-5),혁신탐방 벤치마킹 추진 및 중구 공무원 노사합동 워크숍 참석 등 관외 및 야간 의전 업무 수행 직원 노고 격려,27000,7f7ef59801f0eb7174fd12de6b6ad742f97f3df571caca3d5f26bc42b5299e53,sheet1:R20,,,
7f7ef59801f0eb71-sheet1-R21,2026-06-20,daejeon-jung,행정지원과,다올칼국수 (중구 보문산로293번길 7),"망향탑 건립 제36주년 기념식, 2026 중구 문화예술축제 참석 등 휴일 의전 업무 수행 직원 노고 격려 오찬",49000,7f7ef59801f0eb7174fd12de6b6ad742f97f3df571caca3d5f26bc42b5299e53,sheet1:R21,,,
7f7ef59801f0eb71-sheet1-R22,2026-06-22,daejeon-jung,행정지원과,만수민물장어 (중구 보문산로 331),6월 동장회의 개최에 따른 오찬,383000,7f7ef59801f0eb7174fd12de6b6ad742f97f3df571caca3d5f26bc42b5299e53,sheet1:R22,,,
7f7ef59801f0eb71-sheet1-R23,2026-06-23,daejeon-jung,행정지원과,유가촌 (중구 동서대로1193번길 6),간부공무원 의전업무 수행 및 일정관리 직원 격려,69000,7f7ef59801f0eb7174fd12de6b6ad742f97f3df571caca3d5f26bc42b5299e53,sheet1:R23,,,
7f7ef59801f0eb71-sheet1-R25,2026-06-26,daejeon-jung,행정지원과,손이가어죽칼국수 (중구 중앙로121번길 48),민선9기 공약사업 및 하반기 조직개편 검토 추진 직원 노고 격려,480000,7f7ef59801f0eb7174fd12de6b6ad742f97f3df571caca3d5f26bc42b5299e53,sheet1:R25,,,
7f7ef59801f0eb71-sheet1-R26,2026-06-27,daejeon-jung,행정지원과,농민순대 (중구 충무로 138),"관내 저소득 어르신 및 어려운 이웃을 위한 음식 나눔 행사, 로컬 스프레드 팝업 행사 참석 등 휴일 의전 수행 직원 격려",47000,7f7ef59801f0eb7174fd12de6b6ad742f97f3df571caca3d5f26bc42b5299e53,sheet1:R26,,,
7f7ef59801f0eb71-sheet1-R27,2026-06-30,daejeon-jung,행정지원과,통소매식당 (중구 대흥로24번길 23),명예퇴직 및 퇴직준비교육 공무원 격려 만찬,895000,7f7ef59801f0eb7174fd12de6b6ad742f97f3df571caca3d5f26bc42b5299e53,sheet1:R27,,,
7f7ef59801f0eb71-sheet2-R6,2026-06-08,daejeon-jung,행정지원과,감나무식당 (중구 보문로30번길 128),원활한 의회 협력체계 구축을 위한 만찬 간담회,86000,7f7ef59801f0eb7174fd12de6b6ad742f97f3df571caca3d5f26bc42b5299e53,sheet2:R6,,,
7f7ef59801f0eb71-sheet2-R7,2026-06-09,daejeon-jung,행정지원과,홍한울 (중구 동서대로 1420),구정 발전과 청년정책 활성화를 위한 청년네트워크 활동가 소통 만찬 간담회,294500,7f7ef59801f0eb7174fd12de6b6ad742f97f3df571caca3d5f26bc42b5299e53,sheet2:R7,,,
7f7ef59801f0eb71-sheet2-R8,2026-06-10,daejeon-jung,행정지원과,전복만세 (중구 대종로 451),지역사회 안전 및 건강 기반 마련 방안 논의 오찬 간담회,130000,7f7ef59801f0eb7174fd12de6b6ad742f97f3df571caca3d5f26bc42b5299e53,sheet2:R8,,,
7f7ef59801f0eb71-sheet2-R9,2026-06-11,daejeon-jung,행정지원과,우정방앗간 (중구 산성동 116-54),비상경제 대응 에너지 절약 캠페인 추진 등 지역사회 발전 사업 추진 관계자 다과 구입,480000,7f7ef59801f0eb7174fd12de6b6ad742f97f3df571caca3d5f26bc42b5299e53,sheet2:R9,,,
7f7ef59801f0eb71-sheet2-R10,2026-06-15,daejeon-jung,행정지원과,삼대째손두부 (중구 대종로 41),원활한 의회 협력체계 구축을 위한 만찬 간담회,74000,7f7ef59801f0eb7174fd12de6b6ad742f97f3df571caca3d5f26bc42b5299e53,sheet2:R10,,,
7f7ef59801f0eb71-sheet2-R11,2026-06-15,daejeon-jung,행정지원과,인정원 (중구 계룡로 755),원활한 의회 협력체계 구축을 위한 만찬 간담회,295000,7f7ef59801f0eb7174fd12de6b6ad742f97f3df571caca3d5f26bc42b5299e53,sheet2:R11,,,
7f7ef59801f0eb71-sheet2-R12,2026-06-17,daejeon-jung,행정지원과,마당에서 (중구 계백로1565번길 25-2),취약계층 지원 사업 추진 방안 논의 만찬 간담회,130000,7f7ef59801f0eb7174fd12de6b6ad742f97f3df571caca3d5f26bc42b5299e53,sheet2:R12,,,
7f7ef59801f0eb71-sheet2-R13,2026-06-24,daejeon-jung,행정지원과,풍경 (중구 천근로 37),장애인 생활체육 활성화를 위한 유관기관 간담회,72000,7f7ef59801f0eb7174fd12de6b6ad742f97f3df571caca3d5f26bc42b5299e53,sheet2:R13,,,
7f7ef59801f0eb71-sheet2-R14,2026-06-24,daejeon-jung,행정지원과,나룻터식당 (중구 보문로291번길 20),"관내 방문의료지원, 재가의료급여사업 등 통합돌봄 추진 방안 논의 만찬 간담회",180000,7f7ef59801f0eb7174fd12de6b6ad742f97f3df571caca3d5f26bc42b5299e53,sheet2:R14,,,
7f7ef59801f0eb71-sheet2-R15,2026-06-25,daejeon-jung,행정지원과,"도어블, 젤리포에 (중구 대흥로 117, 중교로 36)","구정 홍보콘텐츠 기획 및 제작, SNS 채널 운영 및 관리 활성화 방안 논의 오찬",251700,7f7ef59801f0eb7174fd12de6b6ad742f97f3df571caca3d5f26bc42b5299e53,sheet2:R15,,,
7f7ef59801f0eb71-sheet2-R16,2026-06-25,daejeon-jung,행정지원과,희락반점 (중구 중앙로121번길 21),평화통일 공감대 확산을 위한 민주평통 중구협의회 임원진 간담회,336000,7f7ef59801f0eb7174fd12de6b6ad742f97f3df571caca3d5f26bc42b5299e53,sheet2:R16,,,
7f7ef59801f0eb71-sheet2-R17,2026-06-29,daejeon-jung,행정지원과,그곳에가면 (중구 보문로 28),중구형 주민자치회 운영계획 수립 방안 논의 만찬 간담회,320000,7f7ef59801f0eb7174fd12de6b6ad742f97f3df571caca3d5f26bc42b5299e53,sheet2:R17,,,
7f7ef59801f0eb71-sheet2-R18,2026-06-30,daejeon-jung,행정지원과,바다황제 (중구 대흥로121번길 43),6월 중구 치안협의회 및 기관장협의회 오찬,491400,7f7ef59801f0eb7174fd12de6b6ad742f97f3df571caca3d5f26bc42b5299e53,sheet2:R18,,,
98870822c7f2a562-sheet1-R6,2026-04-03,daejeon-jung,행정지원과,중구마루 (중구 중앙로 100),내방객 및 집무실 운영물품 구입,401700,98870822c7f2a562d8411f1f9b3cba64c0c1aaab2c728aa381619eddf0efd6fd,sheet1:R6,,,
98870822c7f2a562-sheet1-R7,2026-04-03,daejeon-jung,행정지원과,"카로김밥엔커피, 시장닭강정, 행복한찹쌀꽈배기 (중구 보문로47번길 42, 문창로10번길 38, 보문로 18)",봄맞이 테미공원 버스킹 및 문화체육 증진을 위한 현안업무 추진 직원 격려 오찬,285000,98870822c7f2a562d8411f1f9b3cba64c0c1aaab2c728aa381619eddf0efd6fd,sheet1:R7,,,
98870822c7f2a562-sheet1-R8,2026-04-06,daejeon-jung,행정지원과,경조사비,민원여권과 외조모상,50000,98870822c7f2a562d8411f1f9b3cba64c0c1aaab2c728aa381619eddf0efd6fd,sheet1:R8,,,
98870822c7f2a562-sheet1-R9,2026-04-08,daejeon-jung,행정지원과,"도깨비보리밥집, 광덕떡방앗간 (중구 계룡로882번길 80, 계룡로874번길 75)","간부공무원 일정관리 및 부속실 운영, 의전업무 수행 등 직원 노고 격려 오찬",76000,98870822c7f2a562d8411f1f9b3cba64c0c1aaab2c728aa381619eddf0efd6fd,sheet1:R9,,,
98870822c7f2a562-sheet1-R10,2026-04-08,daejeon-jung,행정지원과,봉봉원 (중구 목척3길 42),중동 정세 불안에 따른 비상경제대응 TF 확대 편성 운영 등 현안업무 추진 직원 격려,245000,98870822c7f2a562d8411f1f9b3cba64c0c1aaab2c728aa381619eddf0efd6fd,sheet1:R10,,,
98870822c7f2a562-sheet1-R11,2026-04-10,daejeon-jung,행정지원과,전복만세 (중구 대종로 451),봄철 대형산불 특별 대책기간 중 산불예방 추진분담제 운영 등 현안업무 추진 직원 노고 격려 오찬,380000,98870822c7f2a562d8411f1f9b3cba64c0c1aaab2c728aa381619eddf0efd6fd,sheet1:R11,,,
98870822c7f2a562-sheet1-R12,2026-04-11,daejeon-jung,행정지원과,"시민숯불갈비, 문스커피 (중구 충무로 76-1, 보문산공원로 529)","재향군인회 청년단 보훈행사 참석 등 의전 업무 수행, 사진 촬영 직원 격려 오찬",75100,98870822c7f2a562d8411f1f9b3cba64c0c1aaab2c728aa381619eddf0efd6fd,sheet1:R12,,,
98870822c7f2a562-sheet1-R13,2026-04-11,daejeon-jung,행정지원과,지글지글 (중구 보문로 23),대전흥사단 창림 60주년 기념식 참석 등 의전 업무 수행 직원 격려 만찬,44000,98870822c7f2a562d8411f1f9b3cba64c0c1aaab2c728aa381619eddf0efd6fd,sheet1:R13,,,
98870822c7f2a562-sheet1-R14,2026-04-13,daejeon-jung,행정지원과,토박이 (중구 중앙로156번길 41-9),간부공무원 일정관리 및 의전업무 수행 직원 격려 만찬,70000,98870822c7f2a562d8411f1f9b3cba64c0c1aaab2c728aa381619eddf0efd6fd,sheet1:R14,,,
98870822c7f2a562-sheet1-R15,2026-04-14,daejeon-jung,행정지원과,우리집식당 (중구 선화서로19번길 8),"간부공무원 일정관리 및 의전업무 수행, 공식행사 사진 촬영 직원 격려 만찬",44000,98870822c7f2a562d8411f1f9b3cba64c0c1aaab2c728aa381619eddf0efd6fd,sheet1:R15,,,
98870822c7f2a562-sheet1-R16,2026-04-15,daejeon-jung,행정지원과,경조사비,"재난안전과 외조모상, 일자리경제과 결혼",100000,98870822c7f2a562d8411f1f9b3cba64c0c1aaab2c728aa381619eddf0efd6fd,sheet1:R16,bdbce2c812462c480920445725ae9f157a668c1cc03260a8588da2dd78a73bac:sheet1:R17,,
98870822c7f2a562-sheet1-R17,2026-04-16,daejeon-jung,행정지원과,보문시래기국 (중구 과례로 49),민선 초대 중구청장 추모행사 추진 직원 격려,162000,98870822c7f2a562d8411f1f9b3cba64c0c1aaab2c728aa381619eddf0efd6fd,sheet1:R17,,,
98870822c7f2a562-sheet1-R18,2026-04-17,daejeon-jung,행정지원과,식공간 (중구 대흥로165번길 40),복지사각지대 발굴 및 연계를 위한 지역사회서비스투자사업 현장 조사 등 현안업무 추진 직원 격려,252000,98870822c7f2a562d8411f1f9b3cba64c0c1aaab2c728aa381619eddf0efd6fd,sheet1:R18,,,
98870822c7f2a562-sheet1-R19,2026-04-17,daejeon-jung,행정지원과,바다사랑 (중구 대흥동 471-3),"업무 보고 검토, 일정관리 및 의전업무 수행 직원 격려 만찬",160000,98870822c7f2a562d8411f1f9b3cba64c0c1aaab2c728aa381619eddf0efd6fd,sheet1:R19,,,
98870822c7f2a562-sheet1-R20,2026-04-20,daejeon-jung,행정지원과,개인(성명 비공개),교통행정과 부친상,50000,98870822c7f2a562d8411f1f9b3cba64c0c1aaab2c728aa381619eddf0efd6fd,sheet1:R20,bdbce2c812462c480920445725ae9f157a668c1cc03260a8588da2dd78a73bac:sheet1:R20,,
98870822c7f2a562-sheet1-R21,2026-04-20,daejeon-jung,행정지원과,사리원 (중구 중교로 62),생활쓰레기 불법투기 특별 야간 단속 추진 직원 격려 오찬,282000,98870822c7f2a562d8411f1f9b3cba64c0c1aaab2c728aa381619eddf0efd6fd,sheet1:R21,,,
98870822c7f2a562-sheet1-R22,2026-04-20,daejeon-jung,행정지원과,별뜨는집 (중구 보문로162번길 66),간부공무원 일정관리 및 의전업무 수행 직원 격려 만찬,75000,98870822c7f2a562d8411f1f9b3cba64c0c1aaab2c728aa381619eddf0efd6fd,sheet1:R22,,,
98870822c7f2a562-sheet1-R23,2026-04-22,daejeon-jung,행정지원과,고려회관 (중구 중앙로109번길 30),"구정 핵심 사업 관리, 간부공무원 업무 보고 검토, 일정관리 및 의전업무 수행 직원 격려 오찬",180000,98870822c7f2a562d8411f1f9b3cba64c0c1aaab2c728aa381619eddf0efd6fd,sheet1:R23,,,
98870822c7f2a562-sheet1-R24,2026-04-24,daejeon-jung,행정지원과,개인(성명 비공개),회계과 빙모상,50000,98870822c7f2a562d8411f1f9b3cba64c0c1aaab2c728aa381619eddf0efd6fd,sheet1:R24,,,
98870822c7f2a562-sheet1-R25,2026-04-24,daejeon-jung,행정지원과,태평전통시장 (별빛다구이 축제 행사장 일원),우리 구 전통시장 관광특성화 사업 등 현안업무 추진 직원 격려 만찬,459000,98870822c7f2a562d8411f1f9b3cba64c0c1aaab2c728aa381619eddf0efd6fd,sheet1:R25,,,
98870822c7f2a562-sheet1-R26,2026-04-25,daejeon-jung,행정지원과,나드리김밥 (중구 대둔산로 159),"제5회 중구청장배 생활무용대회 참석 의전업무 수행, 공식행사 사진 촬영 직원 격려 오찬",34000,98870822c7f2a562d8411f1f9b3cba64c0c1aaab2c728aa381619eddf0efd6fd,sheet1:R26,,,
98870822c7f2a562-sheet1-R27,2026-04-26,daejeon-jung,행정지원과,신촌손칼국수 (중구 동서대로 1375-14),"제8회 중구 협회장기 배드민턴대회 참석 의전업무 수행, 공식행사 사진 촬영 직원 격려 오찬",28500,98870822c7f2a562d8411f1f9b3cba64c0c1aaab2c728aa381619eddf0efd6fd,sheet1:R27,,,
98870822c7f2a562-sheet1-R28,2026-04-26,daejeon-jung,행정지원과,복록수 (중구 계룡로 814),간부공무원 일정관리 및 의전업무 수행 직원 격려 만찬,100000,98870822c7f2a562d8411f1f9b3cba64c0c1aaab2c728aa381619eddf0efd6fd,sheet1:R28,,,
98870822c7f2a562-sheet1-R29,2026-04-27,daejeon-jung,행정지원과,매실밭산닭 (중구 문화로234번길 92),"전국동시지방선거, 고유가피해지원금 등 현안업무 추진 동장회의 오찬",478000,98870822c7f2a562d8411f1f9b3cba64c0c1aaab2c728aa381619eddf0efd6fd,sheet1:R29,,,
98870822c7f2a562-sheet1-R30,2026-04-29,daejeon-jung,행정지원과,월산본가 (중구 대종로 455),"충무훈련 실시, 불법점용 관리실태 안전감찰 대비 등 현안업무 수행 직원 격려 오찬",266000,98870822c7f2a562d8411f1f9b3cba64c0c1aaab2c728aa381619eddf0efd6fd,sheet1:R30,,,
98870822c7f2a562-sheet1-R31,2026-04-29,daejeon-jung,행정지원과,서브웨이 (중구 대종로488번길 25),대전천 일원 하수관로 정비 사업 추진 등 현안업무 격려 간식 구입,341700,98870822c7f2a562d8411f1f9b3cba64c0c1aaab2c728aa381619eddf0efd6fd,sheet1:R31,,,
98870822c7f2a562-sheet1-R32,2026-04-29,daejeon-jung,행정지원과,포항25시 (중구 중앙로121번길 66),사업소 및 동 당직폐지 검토 및 양방향 멘토링 운영 등 현안업무 추진 직원 격려,190000,98870822c7f2a562d8411f1f9b3cba64c0c1aaab2c728aa381619eddf0efd6fd,sheet1:R32,,,
98870822c7f2a562-sheet2-R6,2026-04-01,daejeon-jung,행정지원과,"족사랑, 커피니 (중구 계백로1565번길 20, 계백로1565번길 14))",지역사회보장 협력 방안 및 사각지대 대상 발굴 논의 간담회,216400,98870822c7f2a562d8411f1f9b3cba64c0c1aaab2c728aa381619eddf0efd6fd,sheet2:R6,,,
98870822c7f2a562-sheet2-R7,2026-04-01,daejeon-jung,행정지원과,오감만족 (중구 유천로142번길 39),지역 경제 활성화 및 상권 부흥 방안 논의 만찬 간담회,272000,98870822c7f2a562d8411f1f9b3cba64c0c1aaab2c728aa381619eddf0efd6fd,sheet2:R7,,,
98870822c7f2a562-sheet2-R8,2026-04-14,daejeon-jung,행정지원과,성심당 (중구 대종로 480번지 15),관내 학생 장학지원 공헌 기여 사업 추진 관계자 다과 구입,237500,98870822c7f2a562d8411f1f9b3cba64c0c1aaab2c728aa381619eddf0efd6fd,sheet2:R8,,,
98870822c7f2a562-sheet2-R9,2026-04-21,daejeon-jung,행정지원과,화담추어관 (중구 동서대로 1424),찾아가는 사랑의 의료봉사 사업 추진 관계자 오찬,313000,98870822c7f2a562d8411f1f9b3cba64c0c1aaab2c728aa381619eddf0efd6fd,sheet2:R9,,,
98870822c7f2a562-sheet2-R10,2026-04-24,daejeon-jung,행정지원과,마당칼국수 (중구 중앙로79번길 27),관내 골목형 상점가 신규지정에 따른 지역경제 활성화 논의 간담회,249000,98870822c7f2a562d8411f1f9b3cba64c0c1aaab2c728aa381619eddf0efd6fd,sheet2:R10,,,
79762b0c10dcae6b-sheet1-R6,2026-03-05,daejeon-jung,행정지원과,경조사비,위생과 시부상,50000,79762b0c10dcae6bea7e1eec20680562c6589e9e02d5b3e5bacb0b05ee869c6f,sheet1:R6,d74d2fdf03af41ed4b97c6b8446f699e77e21bd277acd29a3e0d04090a473c25:sheet1:R8,,
79762b0c10dcae6b-sheet1-R7,2026-03-05,daejeon-jung,행정지원과,형네낙지 (중구 중앙로122번길 16),"환경 개선 공사 추진, 시 종합감사 업무 지원 등 현안업무 추진 직원 노고 격려",314000,79762b0c10dcae6bea7e1eec20680562c6589e9e02d5b3e5bacb0b05ee869c6f,sheet1:R7,,,
79762b0c10dcae6b-sheet1-R8,2026-03-05,daejeon-jung,행정지원과,송가네참옻집 (중구 태평로 181-1),레미콘 차량 전복사고 기름 유출 현장 조치 등 현안업무 추진 직원 노고 격려,354000,79762b0c10dcae6bea7e1eec20680562c6589e9e02d5b3e5bacb0b05ee869c6f,sheet1:R8,,,
79762b0c10dcae6b-sheet1-R9,2026-03-06,daejeon-jung,행정지원과,"보문산쭈꾸미, 멜뷰 (중구 보문산공원로497번길 126)","건강한 조직문화 조성, 부속실 운영 등 현안업무 추진 직원 노고 격려",267950,79762b0c10dcae6bea7e1eec20680562c6589e9e02d5b3e5bacb0b05ee869c6f,sheet1:R9,,,
79762b0c10dcae6b-sheet1-R10,2026-03-06,daejeon-jung,행정지원과,육식문화 (중구 목중로19번길 10),"중구소식지 편집, 언론사 동향 파악 등 현안업무 추진 직원 노고 격려",326000,79762b0c10dcae6bea7e1eec20680562c6589e9e02d5b3e5bacb0b05ee869c6f,sheet1:R10,,,
79762b0c10dcae6b-sheet1-R11,2026-03-08,daejeon-jung,행정지원과,복수분식 (중구 중교로 27),제65주년 3.8민주의거 정부기념식 참석 등 의전업무 수행 직원 격려 오찬,50000,79762b0c10dcae6bea7e1eec20680562c6589e9e02d5b3e5bacb0b05ee869c6f,sheet1:R11,,,
79762b0c10dcae6b-sheet1-R12,2026-03-09,daejeon-jung,행정지원과,경조사비,"여성아동과 조모상, 재난안전과 결혼",100000,79762b0c10dcae6bea7e1eec20680562c6589e9e02d5b3e5bacb0b05ee869c6f,sheet1:R12,,,
79762b0c10dcae6b-sheet1-R13,2026-03-10,daejeon-jung,행정지원과,개인(성명 비공개),기획홍보실 부친상,50000,79762b0c10dcae6bea7e1eec20680562c6589e9e02d5b3e5bacb0b05ee869c6f,sheet1:R13,d74d2fdf03af41ed4b97c6b8446f699e77e21bd277acd29a3e0d04090a473c25:sheet1:R11,,
79762b0c10dcae6b-sheet1-R14,2026-03-10,daejeon-jung,행정지원과,고려회관 (중구 중앙로109번길 30),골목형상점가 활성화를 위한 신규 지정 검토 추진 직원 노고 격려,120000,79762b0c10dcae6bea7e1eec20680562c6589e9e02d5b3e5bacb0b05ee869c6f,sheet1:R14,,,
79762b0c10dcae6b-sheet1-R15,2026-03-11,daejeon-jung,행정지원과,깡통주먹구이 (중구 계룡로882번길 62),현안 사업 공유 및 상호 이해증진 도모를 위한 중구 4개 노동조합 만찬 간담회,296000,79762b0c10dcae6bea7e1eec20680562c6589e9e02d5b3e5bacb0b05ee869c6f,sheet1:R15,,,
79762b0c10dcae6b-sheet1-R16,2026-03-13,daejeon-jung,행정지원과,경조사비,교통행정과 외조부상,50000,79762b0c10dcae6bea7e1eec20680562c6589e9e02d5b3e5bacb0b05ee869c6f,sheet1:R16,d74d2fdf03af41ed4b97c6b8446f699e77e21bd277acd29a3e0d04090a473c25:sheet1:R14,,
79762b0c10dcae6b-sheet1-R17,2026-03-14,daejeon-jung,행정지원과,애국집 (중구 테미로 35),생활체육 전국배드민턴대회 참석 등 의전 업무 수행 직원 격려 오찬,65000,79762b0c10dcae6bea7e1eec20680562c6589e9e02d5b3e5bacb0b05ee869c6f,sheet1:R17,,,
79762b0c10dcae6b-sheet1-R18,2026-03-16,daejeon-jung,행정지원과,네이버쇼핑(전자상거래),내방객 및 집무실 운영물품 구입,127500,79762b0c10dcae6bea7e1eec20680562c6589e9e02d5b3e5bacb0b05ee869c6f,sheet1:R18,,,
79762b0c10dcae6b-sheet1-R19,2026-03-17,daejeon-jung,행정지원과,포트캔커피 (중구 중교로 13),사회연대경제혁신모델 발굴 등 공모사업 추진 부서 직원 격려 간식 구입,110400,79762b0c10dcae6bea7e1eec20680562c6589e9e02d5b3e5bacb0b05ee869c6f,sheet1:R19,,,
79762b0c10dcae6b-sheet1-R20,2026-03-18,daejeon-jung,행정지원과,내집식당 (중구 대흥로121번길 42),기후위기 대응 탄소중립·친환경 정책 추진 등 현안업무 추진 직원 격려 오찬,162000,79762b0c10dcae6bea7e1eec20680562c6589e9e02d5b3e5bacb0b05ee869c6f,sheet1:R20,,,
79762b0c10dcae6b-sheet1-R21,2026-03-18,daejeon-jung,행정지원과,도미노피자 (중구 계백로 1606-1),시 종합감사 수감 등 현안업무 추진 직원 노고 격려 간식 구입,62500,79762b0c10dcae6bea7e1eec20680562c6589e9e02d5b3e5bacb0b05ee869c6f,sheet1:R21,,,
79762b0c10dcae6b-sheet1-R22,2026-03-18,daejeon-jung,행정지원과,순수초밥 (중구 대흥로 165번길 40),지방소득세 맞춤형 신고 체계 운영 등 현안업무 추진 직원 격려 만찬,420000,79762b0c10dcae6bea7e1eec20680562c6589e9e02d5b3e5bacb0b05ee869c6f,sheet1:R22,,,
79762b0c10dcae6b-sheet1-R23,2026-03-19,daejeon-jung,행정지원과,고향콩나물집 (중구 보문로 305),"타운홀 미팅 추진, 간부공무원 일정관리 등 현안업무 추진 직원 격려 만찬",244000,79762b0c10dcae6bea7e1eec20680562c6589e9e02d5b3e5bacb0b05ee869c6f,sheet1:R23,,,
79762b0c10dcae6b-sheet1-R24,2026-03-27,daejeon-jung,행정지원과,개인(성명 비공개),"기획홍보실 결혼, 문화체육관광과 결혼, 기후환경과 장모상, 건축과 외조부상",200000,79762b0c10dcae6bea7e1eec20680562c6589e9e02d5b3e5bacb0b05ee869c6f,sheet1:R24,,,
79762b0c10dcae6b-sheet1-R25,2026-03-28,daejeon-jung,행정지원과,복지면옥 (중구 중교로 16),중촌시영구역 재건축 주민총회 참석 등 의전 업무 수행 직원 격려 오찬,30000,79762b0c10dcae6bea7e1eec20680562c6589e9e02d5b3e5bacb0b05ee869c6f,sheet1:R25,,,
79762b0c10dcae6b-sheet1-R26,2026-03-31,daejeon-jung,행정지원과,경조사비,"문화경제국장 시모상, 문화체육관광과 결혼",100000,79762b0c10dcae6bea7e1eec20680562c6589e9e02d5b3e5bacb0b05ee869c6f,sheet1:R26,d74d2fdf03af41ed4b97c6b8446f699e77e21bd277acd29a3e0d04090a473c25:sheet1:R27,,
79762b0c10dcae6b-sheet1-R27,2026-03-31,daejeon-jung,행정지원과,태화원 (중구 중앙로112번길 43),국시비 보조사업 발굴 및 상반기 구민 디지털 역량 강화 정보화교육 실시 등 현안업무 추진 직원 격려,368000,79762b0c10dcae6bea7e1eec20680562c6589e9e02d5b3e5bacb0b05ee869c6f,sheet1:R27,,,
79762b0c10dcae6b-sheet2-R6,2026-03-03,daejeon-jung,행정지원과,동원식당 (중구 중교로 29-1),지역 소외계층을 위한 맞춤형 자원봉사 추진 방안 논의 간담회,316000,79762b0c10dcae6bea7e1eec20680562c6589e9e02d5b3e5bacb0b05ee869c6f,sheet2:R6,,,
79762b0c10dcae6b-sheet2-R7,2026-03-04,daejeon-jung,행정지원과,육팡삼겹살 대전오류동점 (중구 계백로1685번길 17),지역 소외계층을 위한 맞춤형 자원봉사 추진 방안 논의 간담회,418000,79762b0c10dcae6bea7e1eec20680562c6589e9e02d5b3e5bacb0b05ee869c6f,sheet2:R7,,,
79762b0c10dcae6b-sheet2-R8,2026-03-09,daejeon-jung,행정지원과,월산본가 (중구 대종로 455),주민주도형 방위 협동체계 구축 방안 및 안보 현안 논의 간담회,310000,79762b0c10dcae6bea7e1eec20680562c6589e9e02d5b3e5bacb0b05ee869c6f,sheet2:R8,,,
79762b0c10dcae6b-sheet2-R9,2026-03-10,daejeon-jung,행정지원과,화평본가 (중구 계룡로 856),주민주도형 방위 협동체계 구축 방안 및 안보 현안 논의 간담회,421000,79762b0c10dcae6bea7e1eec20680562c6589e9e02d5b3e5bacb0b05ee869c6f,sheet2:R9,,,
79762b0c10dcae6b-sheet2-R10,2026-03-11,daejeon-jung,행정지원과,바다사랑 (중구 대흥동 471-3),중구 고향사랑기부 활성화를 위한 관계자 오찬 간담회,108000,79762b0c10dcae6bea7e1eec20680562c6589e9e02d5b3e5bacb0b05ee869c6f,sheet2:R10,,,
79762b0c10dcae6b-sheet2-R11,2026-03-12,daejeon-jung,행정지원과,한우종가 (중구 산성로57번길 11),지역경제 활성화를 위한 골목형 상점가 신규 지정 방향 논의 업무협의 간담회,450000,79762b0c10dcae6bea7e1eec20680562c6589e9e02d5b3e5bacb0b05ee869c6f,sheet2:R11,,,
79762b0c10dcae6b-sheet2-R12,2026-03-12,daejeon-jung,행정지원과,해사랑식당 (중구 선화서로 36),지역사회 자율 안전망 구축과 공공 치안력 보완 대책을 논의하기 위한 중구 자율방범대장 만찬 간담회,364000,79762b0c10dcae6bea7e1eec20680562c6589e9e02d5b3e5bacb0b05ee869c6f,sheet2:R12,,,
79762b0c10dcae6b-sheet2-R13,2026-03-16,daejeon-jung,행정지원과,현대오리타운 (중구 보문로262번길 14),지역 소외계층을 위한 맞춤형 자원봉사 추진 방안 논의 간담회,291000,79762b0c10dcae6bea7e1eec20680562c6589e9e02d5b3e5bacb0b05ee869c6f,sheet2:R13,,,
79762b0c10dcae6b-sheet2-R14,2026-03-17,daejeon-jung,행정지원과,보통사람들식당 (중구 태평로14번길 21-36),공익봉사와 지역사회 발전을 위한 중구새마을회 간담회,468000,79762b0c10dcae6bea7e1eec20680562c6589e9e02d5b3e5bacb0b05ee869c6f,sheet2:R14,,,
79762b0c10dcae6b-sheet2-R15,2026-03-20,daejeon-jung,행정지원과,고려회관 (중구 중앙로109번길 30),주민과 행정을 연결하는 중구 통장협의회 오찬 간담회,487000,79762b0c10dcae6bea7e1eec20680562c6589e9e02d5b3e5bacb0b05ee869c6f,sheet2:R15,,,
79762b0c10dcae6b-sheet2-R16,2026-03-20,daejeon-jung,행정지원과,사리원면옥 (중구 중교로 62),여성 참여 및 지역 연대를 통한 안전한 지역환경 조성 방안 논의 만찬,225000,79762b0c10dcae6bea7e1eec20680562c6589e9e02d5b3e5bacb0b05ee869c6f,sheet2:R16,,,
79762b0c10dcae6b-sheet2-R17,2026-03-23,daejeon-jung,행정지원과,내집식당 (중구 대흥로121번길 42),관내 소외계층을 위한 자원봉사 활성화 방안 논의 간담회,304000,79762b0c10dcae6bea7e1eec20680562c6589e9e02d5b3e5bacb0b05ee869c6f,sheet2:R17,,,
79762b0c10dcae6b-sheet2-R18,2026-03-24,daejeon-jung,행정지원과,동원식당 (중구 중교로 29-1),주민과 행정을 연결하는 중구 통장협의회 오찬 간담회,260000,79762b0c10dcae6bea7e1eec20680562c6589e9e02d5b3e5bacb0b05ee869c6f,sheet2:R18,,,
79762b0c10dcae6b-sheet2-R19,2026-03-25,daejeon-jung,행정지원과,사리원면옥 (중구 중교로 62),통합방위태세 확립을 위한 유관기관 간담회,906000,79762b0c10dcae6bea7e1eec20680562c6589e9e02d5b3e5bacb0b05ee869c6f,sheet2:R19,,,
79762b0c10dcae6b-sheet2-R20,2026-03-26,daejeon-jung,행정지원과,장수버섯마을 (중구 유천로 39),마을을 더 살기 좋고 따뜻하게 만들기 위한 동 새마을부녀회 간담회,295000,79762b0c10dcae6bea7e1eec20680562c6589e9e02d5b3e5bacb0b05ee869c6f,sheet2:R20,,,
79762b0c10dcae6b-sheet2-R21,2026-03-30,daejeon-jung,행정지원과,백암골식당 (중구 태평로44번길 6),공익봉사와 지역사회 발전을 위한 동 새마을협의회 간담회,272000,79762b0c10dcae6bea7e1eec20680562c6589e9e02d5b3e5bacb0b05ee869c6f,sheet2:R21,,,
79762b0c10dcae6b-sheet2-R22,2026-03-31,daejeon-jung,행정지원과,"진할매추어탕, 그림 (중구 대전천서로 251, 보문로30번길 8)",지역사회보장 협력 방안 및 사각지대 대상 발굴 논의 간담회,178000,79762b0c10dcae6bea7e1eec20680562c6589e9e02d5b3e5bacb0b05ee869c6f,sheet2:R22,,,
3757b9e11ebf65e5-sheet1-R6,2026-02-02,daejeon-jung,행정지원과,보문시래기국 (중구 과례로 49),관내 무연고 사망자 발생에 따른 공영장례 참석 의전 업무 수행 직원 조찬,24000,3757b9e11ebf65e5b21d2094a0973b0229fe8f57baa5a79c1f0f71bc8a6e578f,sheet1:R6,,,
3757b9e11ebf65e5-sheet1-R7,2026-02-03,daejeon-jung,행정지원과,중구마루 (중구 중앙로 100),내방객 및 집무실 운영물품 구입,485400,3757b9e11ebf65e5b21d2094a0973b0229fe8f57baa5a79c1f0f71bc8a6e578f,sheet1:R7,,,
3757b9e11ebf65e5-sheet1-R8,2026-02-04,daejeon-jung,행정지원과,경조사비,"기획홍보실 결혼, 기후환경과 자혼, 기후환경과 결혼",150000,3757b9e11ebf65e5b21d2094a0973b0229fe8f57baa5a79c1f0f71bc8a6e578f,sheet1:R8,afe7e2ed4fb5e10348f699ebc2553e4e3c71bf7657149811a2764a78ef9abbbb:sheet1:R7,,
3757b9e11ebf65e5-sheet1-R9,2026-02-06,daejeon-jung,행정지원과,개인(성명 비공개),"회계과 시부상, 평생교육과 부친상, 세정과 부친상",150000,3757b9e11ebf65e5b21d2094a0973b0229fe8f57baa5a79c1f0f71bc8a6e578f,sheet1:R9,afe7e2ed4fb5e10348f699ebc2553e4e3c71bf7657149811a2764a78ef9abbbb:sheet1:R9,,
3757b9e11ebf65e5-sheet1-R10,2026-02-09,daejeon-jung,행정지원과,계룡산 화덕구이 (세종시 금남면 가동길 3),제1차 지역순환경제 활성화 포럼 및 업무 협약 참석 직원 격려 만찬,228000,3757b9e11ebf65e5b21d2094a0973b0229fe8f57baa5a79c1f0f71bc8a6e578f,sheet1:R10,,,
3757b9e11ebf65e5-sheet1-R11,2026-02-10,daejeon-jung,행정지원과,개인(성명 비공개),행정지원과 부친상,50000,3757b9e11ebf65e5b21d2094a0973b0229fe8f57baa5a79c1f0f71bc8a6e578f,sheet1:R11,afe7e2ed4fb5e10348f699ebc2553e4e3c71bf7657149811a2764a78ef9abbbb:sheet1:R11,,
3757b9e11ebf65e5-sheet1-R12,2026-02-10,daejeon-jung,행정지원과,주식회사 대미농수산 (동구 송촌남로 11번길 47),2026년 설 명절 맞이 현업직원 격려물품 구입,4100000,3757b9e11ebf65e5b21d2094a0973b0229fe8f57baa5a79c1f0f71bc8a6e578f,sheet1:R12,,,
3757b9e11ebf65e5-sheet1-R13,2026-02-10,daejeon-jung,행정지원과,고향콩나물집 (중구 보문로 305),원활한 구정업무 추진과 노사관계 정립을 위한 간담회,267000,3757b9e11ebf65e5b21d2094a0973b0229fe8f57baa5a79c1f0f71bc8a6e578f,sheet1:R13,,,
3757b9e11ebf65e5-sheet1-R14,2026-02-11,daejeon-jung,행정지원과,박가부대 (중구 문창로 5-10),추석 명절 맞이 전통시장 장보기 추진 및 중구통 홍보 노고 직원 격려,402500,3757b9e11ebf65e5b21d2094a0973b0229fe8f57baa5a79c1f0f71bc8a6e578f,sheet1:R14,,,
3757b9e11ebf65e5-sheet1-R15,2026-02-12,daejeon-jung,행정지원과,경조사비,"주민복지국 여혼, 민원여권과 결혼, 토지정보과 결혼",150000,3757b9e11ebf65e5b21d2094a0973b0229fe8f57baa5a79c1f0f71bc8a6e578f,sheet1:R15,,,
3757b9e11ebf65e5-sheet1-R16,2026-02-12,daejeon-jung,행정지원과,"두부공방, 블랙데스크 (중구 중앙로79번길 1, 23)",구정 주요 현안 정책 검토 및 일정관리 직원 노고 격려 오찬,237500,3757b9e11ebf65e5b21d2094a0973b0229fe8f57baa5a79c1f0f71bc8a6e578f,sheet1:R16,,,
3757b9e11ebf65e5-sheet1-R17,2026-02-19,daejeon-jung,행정지원과,개인(성명 비공개),"평생교육과 시부상, 건축과 장인상",100000,3757b9e11ebf65e5b21d2094a0973b0229fe8f57baa5a79c1f0f71bc8a6e578f,sheet1:R17,afe7e2ed4fb5e10348f699ebc2553e4e3c71bf7657149811a2764a78ef9abbbb:sheet1:R17,,
3757b9e11ebf65e5-sheet1-R18,2026-02-19,daejeon-jung,행정지원과,"고향콩나물집, 달미테 (중구 보문로 305, 중앙로79번길 79)","직원 독서학습 운영, 임기제 공무원 채용 추진 등 현안업무 추진 직원 노고 격려",97000,3757b9e11ebf65e5b21d2094a0973b0229fe8f57baa5a79c1f0f71bc8a6e578f,sheet1:R18,,,
3757b9e11ebf65e5-sheet1-R19,2026-02-20,daejeon-jung,행정지원과,경조사비,도시계획과 조모상,50000,3757b9e11ebf65e5b21d2094a0973b0229fe8f57baa5a79c1f0f71bc8a6e578f,sheet1:R19,afe7e2ed4fb5e10348f699ebc2553e4e3c71bf7657149811a2764a78ef9abbbb:sheet1:R20,,
3757b9e11ebf65e5-sheet1-R20,2026-02-27,daejeon-jung,행정지원과,논두렁추어칼국수 (중구 보문로20번길 41),일정관리 및 의전업무 수행 직원 격려 오찬,39000,3757b9e11ebf65e5b21d2094a0973b0229fe8f57baa5a79c1f0f71bc8a6e578f,sheet1:R20,,,
3757b9e11ebf65e5-sheet2-R6,2026-02-02,daejeon-jung,행정지원과,"황가네식당, 숨결커피 (중구 보문로260번길 14, 31)",평화통일 공감대 확산을 위한 민주평통 중구협의회 간담회,198000,3757b9e11ebf65e5b21d2094a0973b0229fe8f57baa5a79c1f0f71bc8a6e578f,sheet2:R6,,,
3757b9e11ebf65e5-sheet2-R7,2026-02-02,daejeon-jung,행정지원과,유천주먹구이 (중구 유천로 91),지속가능한 지역사회 만들기 등 구 마을공동체 사업 추진 관계자 만찬,490000,3757b9e11ebf65e5b21d2094a0973b0229fe8f57baa5a79c1f0f71bc8a6e578f,sheet2:R7,,,
3757b9e11ebf65e5-sheet2-R8,2026-02-05,daejeon-jung,행정지원과,금광한정식 (중구 충무로 127),중구 민간단체회장 만찬 간담회,512000,3757b9e11ebf65e5b21d2094a0973b0229fe8f57baa5a79c1f0f71bc8a6e578f,sheet2:R8,,,
3757b9e11ebf65e5-sheet2-R9,2026-02-06,daejeon-jung,행정지원과,낙수림 (중구 대흥로139번길 28),고향사랑기부제 활성화 기여 사업 추진 관계자 오찬,503000,3757b9e11ebf65e5b21d2094a0973b0229fe8f57baa5a79c1f0f71bc8a6e578f,sheet2:R9,,,
3757b9e11ebf65e5-sheet2-R10,2026-02-06,daejeon-jung,행정지원과,일마고 (중구 대흥로121번길 17),공무원 직무역량 강화를 위한 교육 분야 전문가 만찬 간담회,175500,3757b9e11ebf65e5b21d2094a0973b0229fe8f57baa5a79c1f0f71bc8a6e578f,sheet2:R10,,,
3757b9e11ebf65e5-sheet2-R11,2026-02-11,daejeon-jung,행정지원과,통소매식당 (중구 대흥로24번길 23),취약계층과 지역사회 일자리 창출을 위한 중구 사회적경제연합회 만찬 간담회,490000,3757b9e11ebf65e5b21d2094a0973b0229fe8f57baa5a79c1f0f71bc8a6e578f,sheet2:R11,,,
3757b9e11ebf65e5-sheet2-R12,2026-02-13,daejeon-jung,행정지원과,미니일식 (중구 선화로 130),행정 통합 및 주민 주권 강화 논의를 위한 지방자치 전문가 만찬,480000,3757b9e11ebf65e5b21d2094a0973b0229fe8f57baa5a79c1f0f71bc8a6e578f,sheet2:R12,,,
3757b9e11ebf65e5-sheet2-R13,2026-02-26,daejeon-jung,행정지원과,손이가어죽칼국수 (중구 중앙로121번길 48),지역사회 자율 안전망 구축과 공공 치안력 보완 대책을 논의하기 위한 중구 자율방범대장 만찬 간담회,431000,3757b9e11ebf65e5b21d2094a0973b0229fe8f57baa5a79c1f0f71bc8a6e578f,sheet2:R13,,,
3757b9e11ebf65e5-sheet2-R14,2026-02-27,daejeon-jung,행정지원과,희락반점 (중구 중앙로121번길 21),지역사회 자율 안전망 구축과 공공 치안력 보완 대책을 논의하기 위한 중구 자율방범대장 만찬 간담회,476000,3757b9e11ebf65e5b21d2094a0973b0229fe8f57baa5a79c1f0f71bc8a6e578f,sheet2:R14,,,
d88c6d7657227f6b-sheet1-R6,2026-01-01,daejeon-jung,행정지원과,마성소국밥 (중구 대둔산로 184),2026 병오년 새해맞이 행사 참석에 따른 의전업무 수행 직원 격려,144000,d88c6d7657227f6bc722e9a555a13c07a7b611e82547eb27dc781d4a9f84f224,sheet1:R6,,,
d88c6d7657227f6b-sheet1-R7,2026-01-02,daejeon-jung,행정지원과,대전보훈공원 (중구 보훈로 46),2026년 신년 보훈공원 참배 현장종사자 격려,100000,d88c6d7657227f6bc722e9a555a13c07a7b611e82547eb27dc781d4a9f84f224,sheet1:R7,,,
d88c6d7657227f6b-sheet1-R8,2026-01-02,daejeon-jung,행정지원과,기쁨플라워 (중구 선화로 8),2026년 신년 보훈공원 참배 근조화환 구입,100000,d88c6d7657227f6bc722e9a555a13c07a7b611e82547eb27dc781d4a9f84f224,sheet1:R8,,,
d88c6d7657227f6b-sheet1-R9,2026-01-02,daejeon-jung,행정지원과,분홍달카페 (중구 대흥로71번길 22),새해 맞이 간부공무원 차담회,49800,d88c6d7657227f6bc722e9a555a13c07a7b611e82547eb27dc781d4a9f84f224,sheet1:R9,,,
d88c6d7657227f6b-sheet1-R10,2026-01-05,daejeon-jung,행정지원과,카페에이치 (유성구 동서대로 130),2026년 신년 현충원 참배 의전 업무 수행 직원 차담회,9500,d88c6d7657227f6bc722e9a555a13c07a7b611e82547eb27dc781d4a9f84f224,sheet1:R10,,,
d88c6d7657227f6b-sheet1-R11,2026-01-05,daejeon-jung,행정지원과,서브웨이 (중구 대종로488번길 25),태양광 도로표지병 설치 전수조사 등 현안업무 추진 직원 격려 간식 구입,333600,d88c6d7657227f6bc722e9a555a13c07a7b611e82547eb27dc781d4a9f84f224,sheet1:R11,,,
d88c6d7657227f6b-sheet1-R12,2026-01-05,daejeon-jung,행정지원과,내집식당 (중구 대흥로121번길 42),일정관리 및 의전업무 수행 직원 격려 만찬,106000,d88c6d7657227f6bc722e9a555a13c07a7b611e82547eb27dc781d4a9f84f224,sheet1:R12,,,
d88c6d7657227f6b-sheet1-R13,2026-01-06,daejeon-jung,행정지원과,"금상생대구, 시원재 (서울 영등포구 국회대로 750)",일정관리 및 의전업무 수행 직원 격려 오찬,81000,d88c6d7657227f6bc722e9a555a13c07a7b611e82547eb27dc781d4a9f84f224,sheet1:R13,,,
d88c6d7657227f6b-sheet1-R14,2026-01-07,daejeon-jung,행정지원과,정원 (중구 중교로 11),대내외 일정관리 및 의전수행 직원 격려,127000,d88c6d7657227f6bc722e9a555a13c07a7b611e82547eb27dc781d4a9f84f224,sheet1:R14,,,
d88c6d7657227f6b-sheet1-R15,2026-01-08,daejeon-jung,행정지원과,카페위 (유성구 엑스포로 161),주요 언론사 방문 인터뷰 및 간담회 준비 직원 격려,15000,d88c6d7657227f6bc722e9a555a13c07a7b611e82547eb27dc781d4a9f84f224,sheet1:R15,,,
d88c6d7657227f6b-sheet1-R16,2026-01-08,daejeon-jung,행정지원과,바다사랑 (중구 대흥동 471-3),일정관리 및 의전업무 수행 직원 격려 오찬,51000,d88c6d7657227f6bc722e9a555a13c07a7b611e82547eb27dc781d4a9f84f224,sheet1:R16,,,
d88c6d7657227f6b-sheet1-R17,2026-01-12,daejeon-jung,행정지원과,월산본가 (중구 대종로 455),2026년 구민과의 대화 추진 직원 격려 오찬,247000,d88c6d7657227f6bc722e9a555a13c07a7b611e82547eb27dc781d4a9f84f224,sheet1:R17,,,
d88c6d7657227f6b-sheet1-R18,2026-01-13,daejeon-jung,행정지원과,네이버쇼핑(전자상거래),내방객 및 집무실 운영물품 구입,241800,d88c6d7657227f6bc722e9a555a13c07a7b611e82547eb27dc781d4a9f84f224,sheet1:R18,,,
d88c6d7657227f6b-sheet1-R19,2026-01-13,daejeon-jung,행정지원과,"홍두깨칼국수, 골동품카페 (중구 대종로 258, 254)",2026년 구민과의 대화 추진 직원 격려 오찬,322100,d88c6d7657227f6bc722e9a555a13c07a7b611e82547eb27dc781d4a9f84f224,sheet1:R19,,,
d88c6d7657227f6b-sheet1-R20,2026-01-14,daejeon-jung,행정지원과,적십자 특별회비,2026년 적십자 특별회비 납부,1000000,d88c6d7657227f6bc722e9a555a13c07a7b611e82547eb27dc781d4a9f84f224,sheet1:R20,,,
d88c6d7657227f6b-sheet1-R21,2026-01-14,daejeon-jung,행정지원과,금광한정식 (중구 충무로 127),2026년 구민과의 대화 추진 직원 격려 오찬,420000,d88c6d7657227f6bc722e9a555a13c07a7b611e82547eb27dc781d4a9f84f224,sheet1:R21,,,
d88c6d7657227f6b-sheet1-R22,2026-01-15,daejeon-jung,행정지원과,동원식당 (중구 중교로 29-1),제271회 임시회 본회의 개최에 따른 참여 직원 격려,182000,d88c6d7657227f6bc722e9a555a13c07a7b611e82547eb27dc781d4a9f84f224,sheet1:R22,,,
d88c6d7657227f6b-sheet1-R23,2026-01-19,daejeon-jung,행정지원과,개인(성명 비공개),노인장애인과 부친상,50000,d88c6d7657227f6bc722e9a555a13c07a7b611e82547eb27dc781d4a9f84f224,sheet1:R23,,,
d88c6d7657227f6b-sheet1-R24,2026-01-23,daejeon-jung,행정지원과,목동칼국수 (중구 목중로19번길 76),2026년 구민과의 대화 추진 직원 격려 오찬,272000,d88c6d7657227f6bc722e9a555a13c07a7b611e82547eb27dc781d4a9f84f224,sheet1:R24,,,
d88c6d7657227f6b-sheet1-R25,2026-01-26,daejeon-jung,행정지원과,복록수 (중구 계룡로 814),2026년 구민과의 대화 추진 직원 격려 오찬,350000,d88c6d7657227f6bc722e9a555a13c07a7b611e82547eb27dc781d4a9f84f224,sheet1:R25,,,
d88c6d7657227f6b-sheet1-R26,2026-01-27,daejeon-jung,행정지원과,베이징 (중구 태평로 83),2026년 구민과의 대화 추진 직원 격려 오찬,526000,d88c6d7657227f6bc722e9a555a13c07a7b611e82547eb27dc781d4a9f84f224,sheet1:R26,,,
d88c6d7657227f6b-sheet1-R27,2026-01-29,daejeon-jung,행정지원과,양정숯불생고기 (중구 보문산로293번길 30),2026년 구민과의 대화 추진 직원 격려 오찬,140000,d88c6d7657227f6bc722e9a555a13c07a7b611e82547eb27dc781d4a9f84f224,sheet1:R27,,,
d88c6d7657227f6b-sheet1-R28,2026-01-30,daejeon-jung,행정지원과,풍전삼계탕 (중구 대둔산로 263),2026년 구민과의 대화 추진 직원 격려 오찬,221000,d88c6d7657227f6bc722e9a555a13c07a7b611e82547eb27dc781d4a9f84f224,sheet1:R28,,,
d88c6d7657227f6b-sheet1-R29,2026-01-30,daejeon-jung,행정지원과,바다사랑 (중구 대흥동 471-3),제25기 6급 중견리더양성과정 입교자 만찬,249000,d88c6d7657227f6bc722e9a555a13c07a7b611e82547eb27dc781d4a9f84f224,sheet1:R29,,,
d88c6d7657227f6b-sheet1-R30,2026-01-31,daejeon-jung,행정지원과,일오삼수제돈까스 (중구 보문로 264),일정관리 및 의전업무 수행 직원 격려 오찬,29700,d88c6d7657227f6bc722e9a555a13c07a7b611e82547eb27dc781d4a9f84f224,sheet1:R30,,,
d88c6d7657227f6b-sheet2-R6,2026-01-09,daejeon-jung,행정지원과,"황가네식당, 숨결커피 (중구 보문로260번길 14, 31)",유기적인 협조체계 구축을 위한 통장협의회 간담회,436100,d88c6d7657227f6bc722e9a555a13c07a7b611e82547eb27dc781d4a9f84f224,sheet2:R6,,,
d88c6d7657227f6b-sheet2-R7,2026-01-09,daejeon-jung,행정지원과,육팡삼겹살 대전오류동점 (중구 계백로1685번길 17),대전·충남 행정통합 추진관련 정부관계자 간담회,132000,d88c6d7657227f6bc722e9a555a13c07a7b611e82547eb27dc781d4a9f84f224,sheet2:R7,,,
d88c6d7657227f6b-sheet2-R8,2026-01-19,daejeon-jung,행정지원과,인정원 (중구 계룡로 755),지역혁신 생태계 구축 협약 이행을 위한 실무협의체 오찬 간담회,330000,d88c6d7657227f6bc722e9a555a13c07a7b611e82547eb27dc781d4a9f84f224,sheet2:R8,,,
d88c6d7657227f6b-sheet2-R9,2026-01-21,daejeon-jung,행정지원과,고려회관 (중구 중앙로109번길 30),1월 중구 치안협의회 및 기관장협의회 오찬,690000,d88c6d7657227f6bc722e9a555a13c07a7b611e82547eb27dc781d4a9f84f224,sheet2:R9,,,
d88c6d7657227f6b-sheet2-R10,2026-01-23,daejeon-jung,행정지원과,미니일식 (중구 선화로 130),마을문제 해결을 위한 주민이 참여하는 마을공동체 활성화 사업 추진 업무협의 간담회,450000,d88c6d7657227f6bc722e9a555a13c07a7b611e82547eb27dc781d4a9f84f224,sheet2:R10,,,
d88c6d7657227f6b-sheet2-R11,2026-01-26,daejeon-jung,행정지원과,성심당 (중구 대종로 480번지 15),시 통장연합회 회의 개최에 따른 참석자(내방객) 기념품 구입,285000,d88c6d7657227f6bc722e9a555a13c07a7b611e82547eb27dc781d4a9f84f224,sheet2:R11,,,
00959ecc58279831-sheet1-R5,2026-06-12,daejeon-jung,효문화마을관리사업소,춘천닭갈비(중구산성동),직원 사기진작을 위한 오찬제공,98000,00959ecc582798316301d7254bee7d345be30e9e71250a234cda203f31db71ef,sheet1:R5,,,
00959ecc58279831-sheet1-R6,2026-06-19,daejeon-jung,효문화마을관리사업소,네이버스토어,직원 사기진작을 위한 커피원두구입,91800,00959ecc582798316301d7254bee7d345be30e9e71250a234cda203f31db71ef,sheet1:R6,,,
00959ecc58279831-sheet2-R5,2026-06-12,daejeon-jung,효문화마을관리사업소,춘천닭갈비(중구산성동),"효문화마을, 뿌리공원, 한국족보박물관 운영및 현안업무 근무자 성심당빵 격려",710000,00959ecc582798316301d7254bee7d345be30e9e71250a234cda203f31db71ef,sheet2:R5,,,
00959ecc58279831-sheet2-R6,2026-06-19,daejeon-jung,효문화마을관리사업소,이종래(관리팀장),직원 가족 경사 축하금,50000,00959ecc582798316301d7254bee7d345be30e9e71250a234cda203f31db71ef,sheet2:R6,,,
00959ecc58279831-sheet3-R5,2026-06-12,daejeon-jung,효문화마을관리사업소,성심당,제3기 효힐링아카데미 참석자 기념 성심당 빵 제공,448500,00959ecc582798316301d7254bee7d345be30e9e71250a234cda203f31db71ef,sheet3:R5,,,
448bb35bd92fb07f-sheet1-R5,2026-06-26,daejeon-jung,유천2동,장수버섯마을,공동주택입주자대표 간담회,150000,448bb35bd92fb07fad8942ee04bafffb28d0ce0afbfa6ff59abd7cd06544c9ca,sheet1:R5,,,
9a5dcf2b1d2828ff-sheet1-R7,2026-06-04,daejeon-jung,용두동,화평본가,기관운영업무추진비 (동선거관리위원회 노고격려),110000,9a5dcf2b1d2828ffe12e79af41ab7b75fd10ac2b5a1f9605f9fda5f36a6972ed,sheet1:R7,,,
9a5dcf2b1d2828ff-sheet1-R8,2026-06-11,daejeon-jung,용두동,큰집숯불갈비,기관운영업무추진비 (경로당협의회 간담회),190000,9a5dcf2b1d2828ffe12e79af41ab7b75fd10ac2b5a1f9605f9fda5f36a6972ed,sheet1:R8,,,
9a5dcf2b1d2828ff-sheet1-R9,2026-06-11,daejeon-jung,용두동,하나로마트,기관운영업무추진비 (자율방범대 노고격려),61600,9a5dcf2b1d2828ffe12e79af41ab7b75fd10ac2b5a1f9605f9fda5f36a6972ed,sheet1:R9,,,
9a5dcf2b1d2828ff-sheet1-R10,2026-06-18,daejeon-jung,용두동,맛고을,기관운영업무추진비 (공동주택입주자대표 간담회),80000,9a5dcf2b1d2828ffe12e79af41ab7b75fd10ac2b5a1f9605f9fda5f36a6972ed,sheet1:R10,,,
9a5dcf2b1d2828ff-sheet1-R11,2026-06-23,daejeon-jung,용두동,두손개성만두,기관운영업무추진비 (자원봉사협의회 노고격려),176000,9a5dcf2b1d2828ffe12e79af41ab7b75fd10ac2b5a1f9605f9fda5f36a6972ed,sheet1:R11,,,
9a5dcf2b1d2828ff-sheet1-R12,2026-06-24,daejeon-jung,용두동,화평본가,기관운영업무추진비 (지역사회보장협의체 격려),191000,9a5dcf2b1d2828ffe12e79af41ab7b75fd10ac2b5a1f9605f9fda5f36a6972ed,sheet1:R12,,,
da09b9dabbf13ae3-sheet1-R7,2026-06-08,daejeon-jung,문화1동,마실,시민참여형 마을정원 조성사업 간담회,59500,da09b9dabbf13ae39cbc59cf0f0f2c0cf24edef60b74128f87b11e39790637ad,sheet1:R7,,,
da09b9dabbf13ae3-sheet1-R8,2026-06-11,daejeon-jung,문화1동,매실밭산닭,경로잔치 관련 업무협의 간담회,50000,da09b9dabbf13ae39cbc59cf0f0f2c0cf24edef60b74128f87b11e39790637ad,sheet1:R8,,,
da09b9dabbf13ae3-sheet1-R9,2026-06-15,daejeon-jung,문화1동,그리고 화덕피자&커피,지역사회보장협의회 임원진 간담회,85500,da09b9dabbf13ae39cbc59cf0f0f2c0cf24edef60b74128f87b11e39790637ad,sheet1:R9,,,
da09b9dabbf13ae3-sheet1-R10,2026-06-16,daejeon-jung,문화1동,만복네식당,자원봉사협의회 간담회,242000,da09b9dabbf13ae39cbc59cf0f0f2c0cf24edef60b74128f87b11e39790637ad,sheet1:R10,,,
da09b9dabbf13ae3-sheet1-R11,2026-06-17,daejeon-jung,문화1동,다정식당,복지만두레 간담회,186000,da09b9dabbf13ae39cbc59cf0f0f2c0cf24edef60b74128f87b11e39790637ad,sheet1:R11,,,
da09b9dabbf13ae3-sheet1-R12,2026-06-11,daejeon-jung,문화1동,보문시래기국밥,경로잔치 참여 자생단체 간담회,60000,da09b9dabbf13ae39cbc59cf0f0f2c0cf24edef60b74128f87b11e39790637ad,sheet1:R12,,,
a8f5dba9ae687dca-sheet1-R6,2026-06-01,daejeon-jung,중촌동,"처가집곰탕, 칠커피숍",직원격려,75800,a8f5dba9ae687dca87b519cb4bf643acd4d5577b882b75fd077eacc6312c416a,sheet1:R6,,,
a8f5dba9ae687dca-sheet1-R7,2026-06-04,daejeon-jung,중촌동,바이탈커피,직원격려,100000,a8f5dba9ae687dca87b519cb4bf643acd4d5577b882b75fd077eacc6312c416a,sheet1:R7,,,
a8f5dba9ae687dca-sheet1-R8,2026-06-09,daejeon-jung,중촌동,"이산흑염소, 바이탈커피",선거업무추진 직원 노고격려,75600,a8f5dba9ae687dca87b519cb4bf643acd4d5577b882b75fd077eacc6312c416a,sheet1:R8,,,
a8f5dba9ae687dca-sheet1-R9,2026-06-12,daejeon-jung,중촌동,"예진식당, 커피랜드씨엘",자원봉사협의회 간담회,113600,a8f5dba9ae687dca87b519cb4bf643acd4d5577b882b75fd077eacc6312c416a,sheet1:R9,,,
a8f5dba9ae687dca-sheet1-R10,2026-06-18,daejeon-jung,중촌동,골목길식당,복지만두레 간담회,60000,a8f5dba9ae687dca87b519cb4bf643acd4d5577b882b75fd077eacc6312c416a,sheet1:R10,,,
a8f5dba9ae687dca-sheet1-R11,2026-06-26,daejeon-jung,중촌동,옥림정숯불갈비,중촌동 관내 경로당 임원진 간담회,480000,a8f5dba9ae687dca87b519cb4bf643acd4d5577b882b75fd077eacc6312c416a,sheet1:R11,,,
a8f5dba9ae687dca-sheet1-R12,2026-06-29,daejeon-jung,중촌동,"5.5닭갈비중촌점, 바이탈커피",고유가지원금 업무추진 직원 격려,108900,a8f5dba9ae687dca87b519cb4bf643acd4d5577b882b75fd077eacc6312c416a,sheet1:R12,,,
09bda3f7748a2042-sheet1-R6,2026-06-15,daejeon-jung,은행선화동,화담추어관,기관운영업무추진비 지급(자원봉사협의회 간담회),116000,09bda3f7748a2042198fd82ffa1781e4c80f3c46ac85f8c60467d5afb7b22a8d,sheet1:R6,,,
09bda3f7748a2042-sheet1-R7,2026-06-24,daejeon-jung,은행선화동,메가브릭스 과일창고,기관운영업무추진비 지급(공동주택 입주자 대표 회장단 소통 간담회),100000,09bda3f7748a2042198fd82ffa1781e4c80f3c46ac85f8c60467d5afb7b22a8d,sheet1:R7,,,
09bda3f7748a2042-sheet1-R8,2026-06-30,daejeon-jung,은행선화동,옹기칼국수,기관운영업무추진비 지급(여성자율방범대 간담회),192000,09bda3f7748a2042198fd82ffa1781e4c80f3c46ac85f8c60467d5afb7b22a8d,sheet1:R8,,,
354ac5b94df12be1-sheet1-R6,2026-06-01,daejeon-jung,문창동,올면키친,구 및 동 업무실무관계자 간담회,28000,354ac5b94df12be157bb47b6a697b8b721b147d78fb45cb905193cf6df1c79fd,sheet1:R6,,,
354ac5b94df12be1-sheet1-R7,2026-06-09,daejeon-jung,문창동,통소매식당,구 및 동 실무협의,60000,354ac5b94df12be157bb47b6a697b8b721b147d78fb45cb905193cf6df1c79fd,sheet1:R7,,,
354ac5b94df12be1-sheet1-R8,2026-06-09,daejeon-jung,문창동,빽다방,직원 격려,44900,354ac5b94df12be157bb47b6a697b8b721b147d78fb45cb905193cf6df1c79fd,sheet1:R8,,,
354ac5b94df12be1-sheet1-R9,2026-06-11,daejeon-jung,문창동,투썸플레이스,지역협력방안 논의,34900,354ac5b94df12be157bb47b6a697b8b721b147d78fb45cb905193cf6df1c79fd,sheet1:R9,,,
354ac5b94df12be1-sheet1-R10,2026-06-12,daejeon-jung,문창동,문화동오늘,구 및 동 실무협의,20000,354ac5b94df12be157bb47b6a697b8b721b147d78fb45cb905193cf6df1c79fd,sheet1:R10,,,
354ac5b94df12be1-sheet1-R11,2026-06-15,daejeon-jung,문창동,명문회관,통장협의회 격려,252000,354ac5b94df12be157bb47b6a697b8b721b147d78fb45cb905193cf6df1c79fd,sheet1:R11,,,
354ac5b94df12be1-sheet1-R12,2026-06-16,daejeon-jung,문창동,문화동오늘,구 및 동 실무협의,99000,354ac5b94df12be157bb47b6a697b8b721b147d78fb45cb905193cf6df1c79fd,sheet1:R12,,,
354ac5b94df12be1-sheet1-R13,2026-06-18,daejeon-jung,문창동,빽다방,직원 및 보조인력 격려,51100,354ac5b94df12be157bb47b6a697b8b721b147d78fb45cb905193cf6df1c79fd,sheet1:R13,,,
354ac5b94df12be1-sheet1-R14,2026-06-24,daejeon-jung,문창동,환희면옥,구 및 동 업무실무관계자 간담회,57000,354ac5b94df12be157bb47b6a697b8b721b147d78fb45cb905193cf6df1c79fd,sheet1:R14,,,
354ac5b94df12be1-sheet1-R15,2026-06-24,daejeon-jung,문창동,지글지글,지역협력방안 논의,195000,354ac5b94df12be157bb47b6a697b8b721b147d78fb45cb905193cf6df1c79fd,sheet1:R15,,,
354ac5b94df12be1-sheet1-R16,2026-06-25,daejeon-jung,문창동,빽다방,직원 및 보조인력 격려,49500,354ac5b94df12be157bb47b6a697b8b721b147d78fb45cb905193cf6df1c79fd,sheet1:R16,,,
354ac5b94df12be1-sheet1-R17,2026-06-29,daejeon-jung,문창동,그림카페,구 및 동 실무협의,28500,354ac5b94df12be157bb47b6a697b8b721b147d78fb45cb905193cf6df1c79fd,sheet1:R17,,,
354ac5b94df12be1-sheet1-R18,2026-06-29,daejeon-jung,문창동,호두과자제작소상심당,직원 격려,25000,354ac5b94df12be157bb47b6a697b8b721b147d78fb45cb905193cf6df1c79fd,sheet1:R18,,,
354ac5b94df12be1-sheet1-R19,2026-06-30,daejeon-jung,문창동,문화동오늘,구 및 동 업무실무관계자 간담회,52000,354ac5b94df12be157bb47b6a697b8b721b147d78fb45cb905193cf6df1c79fd,sheet1:R19,,,
b3f240561e224907-sheet1-R4,2026-06-05,daejeon-jung,대사동,황토삼겹살,주민자치위원회 만찬 간담회,475000,b3f240561e224907f6537d9d1e8969a452d12db18be42ccdd7386dbc4a7b2a0f,sheet1:R4,,,
b3f240561e224907-sheet1-R5,2026-06-15,daejeon-jung,대사동,보부상마트,청사내방객 음료 구입,196000,b3f240561e224907f6537d9d1e8969a452d12db18be42ccdd7386dbc4a7b2a0f,sheet1:R5,,,
b3f240561e224907-sheet1-R6,2026-06-15,daejeon-jung,대사동,유씨네부엌,통장협의회 만찬 간담회,256000,b3f240561e224907f6537d9d1e8969a452d12db18be42ccdd7386dbc4a7b2a0f,sheet1:R6,,,
b3f240561e224907-sheet1-R7,2026-06-19,daejeon-jung,대사동,엄니곰탕,마을텃밭 활동 참여 회원 격려 오찬간담회,425000,b3f240561e224907f6537d9d1e8969a452d12db18be42ccdd7386dbc4a7b2a0f,sheet1:R7,,,
eaf02e85becc6419-sheet1-R6,2026-06-17,daejeon-jung,오류동,맹산막국수,기관업무추진비 지급결의(복지만두레 간담회),152000,eaf02e85becc64199c3df3733c0198d351d61732a017622a2706cbb08f3b2e4f,sheet1:R6,,,
eaf02e85becc6419-sheet1-R7,2026-06-23,daejeon-jung,오류동,삼일소고기국밥,기관업무추진비 지급결의(지역사회보장협의체 간담회),224000,eaf02e85becc64199c3df3733c0198d351d61732a017622a2706cbb08f3b2e4f,sheet1:R7,,,
eaf02e85becc6419-sheet1-R8,2026-06-25,daejeon-jung,오류동,집밥김쌤,기관업무추진비 지급결의(새마을협의회 간담회),104000,eaf02e85becc64199c3df3733c0198d351d61732a017622a2706cbb08f3b2e4f,sheet1:R8,,,
556f33564b5a5d3c-sheet1-R5,2026-06-02,daejeon-jung,태평1동,부의금 전달,태평1동 부의금,50000,556f33564b5a5d3c03276a32ef476285a939e28eeb288fd6c85518fe8bd26866,sheet1:R5,,,
556f33564b5a5d3c-sheet1-R6,2026-06-02,daejeon-jung,태평1동,부의금 전달,태평1동 부의금,50000,556f33564b5a5d3c03276a32ef476285a939e28eeb288fd6c85518fe8bd26866,sheet1:R6,,,
556f33564b5a5d3c-sheet1-R7,2026-06-12,daejeon-jung,태평1동,태평 시장 내 다구이 마당 및 인근 식당,"태평시장 6월 1회차 별빛다구이축제 참여 등 간담회 (자생단체 회원, 동장, 동 직원 등)",266780,556f33564b5a5d3c03276a32ef476285a939e28eeb288fd6c85518fe8bd26866,sheet1:R7,,,
556f33564b5a5d3c-sheet1-R8,2026-06-17,daejeon-jung,태평1동,가평식당,"지역자율방재단 간담회 (자율방재단 회원, 동장, 직원 등)",224000,556f33564b5a5d3c03276a32ef476285a939e28eeb288fd6c85518fe8bd26866,sheet1:R8,,,
556f33564b5a5d3c-sheet1-R9,2026-06-22,daejeon-jung,태평1동,가사벌한우,"새마을부녀회 이동 빨래방 세탁 봉사 참여자 격려 (새마을부녀회 회원, 동작, 직원 등)",84000,556f33564b5a5d3c03276a32ef476285a939e28eeb288fd6c85518fe8bd26866,sheet1:R9,,,
556f33564b5a5d3c-sheet1-R10,2026-06-25,daejeon-jung,태평1동,태평족발,"공동주택 입주자 대표 소통 간담회 (공동주택 입주자 대표, 동장, 직원 등)",162000,556f33564b5a5d3c03276a32ef476285a939e28eeb288fd6c85518fe8bd26866,sheet1:R10,,,
556f33564b5a5d3c-sheet1-R11,2026-06-22,daejeon-jung,태평1동,태평 시장 내 다구이 마당 및 인근 식당,"태평시장 6월 2회차 별빛다구이축제 참여 등 간담회 (자생단체 회원, 동장, 동 직원 등)",190200,556f33564b5a5d3c03276a32ef476285a939e28eeb288fd6c85518fe8bd26866,sheet1:R11,,,
a852eb21177bad3b-sheet1-R6,2026-06-02,daejeon-jung,대흥동,장원갑칼국수,대흥곳간 후원자 격려,208500,a852eb21177bad3bcc7d9c757445adf183dd894502e67006fc1ea2ac2b131d17,sheet1:R6,,,
a852eb21177bad3b-sheet1-R7,2026-06-02,daejeon-jung,대흥동,피프까페진저,대흥곳간 후원자 격려,20000,a852eb21177bad3bcc7d9c757445adf183dd894502e67006fc1ea2ac2b131d17,sheet1:R7,,,
a852eb21177bad3b-sheet1-R8,2026-06-11,daejeon-jung,대흥동,김풍년추어명장,자생단체 회장단 간담회,90000,a852eb21177bad3bcc7d9c757445adf183dd894502e67006fc1ea2ac2b131d17,sheet1:R8,,,
a852eb21177bad3b-sheet1-R9,2026-06-11,daejeon-jung,대흥동,피프까페진저,자생단체 회장단 간담회,39000,a852eb21177bad3bcc7d9c757445adf183dd894502e67006fc1ea2ac2b131d17,sheet1:R9,,,
a852eb21177bad3b-sheet1-R10,2026-06-15,daejeon-jung,대흥동,내집식당,대흥곳간 후원자 격려,230000,a852eb21177bad3bcc7d9c757445adf183dd894502e67006fc1ea2ac2b131d17,sheet1:R10,,,
a852eb21177bad3b-sheet1-R11,2026-06-26,daejeon-jung,대흥동,미소본가스마일칼국수,통장선정심의회 간담회,85000,a852eb21177bad3bcc7d9c757445adf183dd894502e67006fc1ea2ac2b131d17,sheet1:R11,,,
a852eb21177bad3b-sheet1-R12,2026-06-26,daejeon-jung,대흥동,피프까페진저,통장선정심의회 간담회,60000,a852eb21177bad3bcc7d9c757445adf183dd894502e67006fc1ea2ac2b131d17,sheet1:R12,,,
c23bb768f1a2863c-sheet1-R5,2026-06-05,daejeon-jung,목동,바로꽈배기,기관운영업무추진비(직원 격려),27500,c23bb768f1a2863cba1f5049020d89fd4474f0c62e58d91249a5bdaaf09de6ac,sheet1:R5,,,
c23bb768f1a2863c-sheet1-R6,2026-06-09,daejeon-jung,목동,목동칼국수,기관운영업무추진비(찾아가는 사랑의 의료봉사 봉사자 격려),210000,c23bb768f1a2863cba1f5049020d89fd4474f0c62e58d91249a5bdaaf09de6ac,sheet1:R6,,,
c23bb768f1a2863c-sheet1-R7,2026-06-15,daejeon-jung,목동,부화식당,기관운영업무추진비(새마을회 임원 간담회),86000,c23bb768f1a2863cba1f5049020d89fd4474f0c62e58d91249a5bdaaf09de6ac,sheet1:R7,,,
c23bb768f1a2863c-sheet1-R8,2026-06-19,daejeon-jung,목동,목동면옥,기관운영업무추진비(직원 격려),95000,c23bb768f1a2863cba1f5049020d89fd4474f0c62e58d91249a5bdaaf09de6ac,sheet1:R8,,,
c23bb768f1a2863c-sheet1-R9,2026-06-25,daejeon-jung,목동,목동면옥,기관운영업무추진비(공동주택 입주자 대표 소통간담회),223000,c23bb768f1a2863cba1f5049020d89fd4474f0c62e58d91249a5bdaaf09de6ac,sheet1:R9,,,
6cbb887b1ec1ef8e-sheet1-R5,2026-06-04,daejeon-jung,유천1동,뉴천새버들야시장 및 야시장 인근식당,직원 격려,136000,6cbb887b1ec1ef8e0502a35cf9ad6f051585b61119e75a63974a1cbaae22d26d,sheet1:R5,,,
6cbb887b1ec1ef8e-sheet1-R6,2026-06-05,daejeon-jung,유천1동,마당에서,중평경로당 전임 회장 및 임원진 오찬 간담회,126000,6cbb887b1ec1ef8e0502a35cf9ad6f051585b61119e75a63974a1cbaae22d26d,sheet1:R6,,,
6cbb887b1ec1ef8e-sheet1-R7,2026-06-11,daejeon-jung,유천1동,두메산골,경로당 임원진 오찬 간담회,242000,6cbb887b1ec1ef8e0502a35cf9ad6f051585b61119e75a63974a1cbaae22d26d,sheet1:R7,,,
6cbb887b1ec1ef8e-sheet1-R8,2026-06-24,daejeon-jung,유천1동,이리할매추어탕,버드내보싸움놀이 보존회 격려,200000,6cbb887b1ec1ef8e0502a35cf9ad6f051585b61119e75a63974a1cbaae22d26d,sheet1:R8,,,
6cbb887b1ec1ef8e-sheet1-R9,2026-06-26,daejeon-jung,유천1동,명품식당,관내 공동주택 관리사무소장 오찬 간담회,135000,6cbb887b1ec1ef8e0502a35cf9ad6f051585b61119e75a63974a1cbaae22d26d,sheet1:R9,,,
6cbb887b1ec1ef8e-sheet1-R10,2026-06-30,daejeon-jung,유천1동,정식당 비얀트,관내 공동주택 입주자대표 소통 간담회,126500,6cbb887b1ec1ef8e0502a35cf9ad6f051585b61119e75a63974a1cbaae22d26d,sheet1:R10,,,
89aa192702bc8998-sheet1-R6,2026-06-29,daejeon-jung,석교동,스시무희,기관운영업무추진비 (하천 및 하수 관련 업무 협의),66000,89aa192702bc8998f4da6ae30a77cd7c745f2e6f8df0e97cd855a9e72e4a007d,sheet1:R6,,,
89aa192702bc8998-sheet1-R7,2026-06-30,daejeon-jung,석교동,추억의아지트,기관운영업무추진비 (유관기관 간담회),122000,89aa192702bc8998f4da6ae30a77cd7c745f2e6f8df0e97cd855a9e72e4a007d,sheet1:R7,,,
33f64dcdd0a3696b-sheet1-R6,2026-06-08,daejeon-jung,태평2동,"남원집,부엔까미노카페",기관운영업무추진비 집행(건설과 업무협의),110000,33f64dcdd0a3696b359bcfcb2e552ee621a24d4e7fb566e221bb635683e0148e,sheet1:R6,,,
33f64dcdd0a3696b-sheet1-R7,2026-06-25,daejeon-jung,태평2동,"신부산오뎅,사이드비",기관운영업무추진비 집행(새마을부녀회 회원간담회),135920,33f64dcdd0a3696b359bcfcb2e552ee621a24d4e7fb566e221bb635683e0148e,sheet1:R7,,,
9885ee17681d3d7f-sheet1-R5,2026-06-08,daejeon-jung,문화2동,고메스퀘어,기관운영업무추진비 지급(직원사기앙양 및 격려),440700,9885ee17681d3d7fbe1fb8b473321189f4aabe883c3fb903bba588472093f7d6,sheet1:R5,,,
9885ee17681d3d7f-sheet1-R6,2026-06-11,daejeon-jung,문화2동,신석기추어탕돌솥밥,기관운영업무추진비 지급결의(새마을 임원진 간담회),179000,9885ee17681d3d7fbe1fb8b473321189f4aabe883c3fb903bba588472093f7d6,sheet1:R6,,,
717e0cc8b43273a6-sheet1-R5,2026-05-15,daejeon-jung,유천2동,육교회관,자활근로자 격려,165000,717e0cc8b43273a66e37395f58fa995b82261c4fc074172ee4733c6ec0e93528,sheet1:R5,,,
717e0cc8b43273a6-sheet1-R6,2026-05-21,daejeon-jung,유천2동,한솥도시락,"유천2동 직원 일동 격 직원 13명, 자활 4명, 기간제 2명, 복지도우미 2명",262000,717e0cc8b43273a66e37395f58fa995b82261c4fc074172ee4733c6ec0e93528,sheet1:R6,,,
717e0cc8b43273a6-sheet1-R7,2026-05-22,daejeon-jung,유천2동,돈가숯불갈비,주민참여예산 지역회의 참석 격려,130000,717e0cc8b43273a66e37395f58fa995b82261c4fc074172ee4733c6ec0e93528,sheet1:R7,,,
717979d0a193a7ff-sheet1-R7,2026-05-12,daejeon-jung,용두동,고향콩나물집,기관운영업무추진비 (자율방재단원 노고격려),195000,717979d0a193a7ff8569c20479e0c41c0491c52355c1fae311b9f47141836fe4,sheet1:R7,,,
a3b1710d641c7ad3-sheet1-R5,2026-05-15,daejeon-jung,산성동,유림식당,자생단체회장단과 오찬간담회,52000,a3b1710d641c7ad3018cdb26ff1849918eba1e0976e236585c7b8b040150eb83,sheet1:R5,,,
a3b1710d641c7ad3-sheet1-R6,2026-05-15,daejeon-jung,산성동,카페침산,자생단체회장단과 오찬간담회,32500,a3b1710d641c7ad3018cdb26ff1849918eba1e0976e236585c7b8b040150eb83,sheet1:R6,,,
c56e2ba182ba8bcf-sheet1-R6,2026-05-12,daejeon-jung,태평2동,향기면옥,기관운영업무추진비 집행(찾아가는사랑의의료봉사 업무추진 직원격려),195000,c56e2ba182ba8bcf43950b7759fccc663b224239013b5ebe8b4c3648b645f12e,sheet1:R6,,,
91978f3e95dff34d-sheet1-R5,2026-05-04,daejeon-jung,부사동,얼큰이칼국수,바르게살기위원회 간담회,80000,91978f3e95dff34d5ba90e2c71d6b4ba759736af6193aa240e4d2f4c9238f34a,sheet1:R5,,,
91978f3e95dff34d-sheet1-R6,2026-05-12,daejeon-jung,부사동,감자바위골,고유가피해지원금 TF팀 직원 격려,84000,91978f3e95dff34d5ba90e2c71d6b4ba759736af6193aa240e4d2f4c9238f34a,sheet1:R6,,,
91978f3e95dff34d-sheet1-R7,2026-05-13,daejeon-jung,부사동,소담 및 인근 카페,새마을부녀회 임원진 간담회,185000,91978f3e95dff34d5ba90e2c71d6b4ba759736af6193aa240e4d2f4c9238f34a,sheet1:R7,,,
91978f3e95dff34d-sheet1-R8,2026-05-20,daejeon-jung,부사동,윤씨밀방 및 인근카페,노인일자리사업 참여자 조장 및 직원 격려,139000,91978f3e95dff34d5ba90e2c71d6b4ba759736af6193aa240e4d2f4c9238f34a,sheet1:R8,,,
3289fd160504ea07-sheet1-R6,2026-05-06,daejeon-jung,문창동,빽다방,직원 격려,45500,3289fd160504ea077d521a464db4504990fb38523e8d18e08dda68ea1eb5cb26,sheet1:R6,,,
3289fd160504ea07-sheet1-R7,2026-05-07,daejeon-jung,문창동,호두정,직원 격려,39000,3289fd160504ea077d521a464db4504990fb38523e8d18e08dda68ea1eb5cb26,sheet1:R7,,,
3289fd160504ea07-sheet1-R8,2026-05-08,daejeon-jung,문창동,경화제면소,구·동 실무협의,49000,3289fd160504ea077d521a464db4504990fb38523e8d18e08dda68ea1eb5cb26,sheet1:R8,,,
3289fd160504ea07-sheet1-R9,2026-05-13,daejeon-jung,문창동,성심당 로쏘주식회사,직원 격려,225500,3289fd160504ea077d521a464db4504990fb38523e8d18e08dda68ea1eb5cb26,sheet1:R9,,,
3289fd160504ea07-sheet1-R10,2026-05-14,daejeon-jung,문창동,스타벅스,구·동 실무협의,23200,3289fd160504ea077d521a464db4504990fb38523e8d18e08dda68ea1eb5cb26,sheet1:R10,,,
3289fd160504ea07-sheet1-R11,2026-05-15,daejeon-jung,문창동,영순카페,직원 격려,48000,3289fd160504ea077d521a464db4504990fb38523e8d18e08dda68ea1eb5cb26,sheet1:R11,,,
3289fd160504ea07-sheet1-R12,2026-05-18,daejeon-jung,문창동,경화제면소,구·동 실무협의,24000,3289fd160504ea077d521a464db4504990fb38523e8d18e08dda68ea1eb5cb26,sheet1:R12,,,
3289fd160504ea07-sheet1-R13,2026-05-20,daejeon-jung,문창동,호두정,직원격려,39000,3289fd160504ea077d521a464db4504990fb38523e8d18e08dda68ea1eb5cb26,sheet1:R13,,,
3289fd160504ea07-sheet1-R14,2026-05-22,daejeon-jung,문창동,청담고등어,구 및 동 업무실무관계자 간담회,48000,3289fd160504ea077d521a464db4504990fb38523e8d18e08dda68ea1eb5cb26,sheet1:R14,,,
3289fd160504ea07-sheet1-R15,2026-05-22,daejeon-jung,문창동,빽다방,직원 격려,32200,3289fd160504ea077d521a464db4504990fb38523e8d18e08dda68ea1eb5cb26,sheet1:R15,,,
3289fd160504ea07-sheet1-R16,2026-05-26,daejeon-jung,문창동,경화제면소,구 및 동 업무실무관계자 간담회,16000,3289fd160504ea077d521a464db4504990fb38523e8d18e08dda68ea1eb5cb26,sheet1:R16,,,
3289fd160504ea07-sheet1-R17,2026-05-27,daejeon-jung,문창동,용운산성식당,구·동 실무협의,45000,3289fd160504ea077d521a464db4504990fb38523e8d18e08dda68ea1eb5cb26,sheet1:R17,,,
3289fd160504ea07-sheet1-R18,2026-05-28,daejeon-jung,문창동,호두정,직원 격려,52000,3289fd160504ea077d521a464db4504990fb38523e8d18e08dda68ea1eb5cb26,sheet1:R18,,,
f494c02ffe7c7913-sheet1-R7,2026-05-04,daejeon-jung,문화1동,그리고 화덕피자&커피,이웃돕기 관련 간담회,93500,f494c02ffe7c7913878bdb7032a5b4681b0ddf792ae984137be94c2c75fefd8d,sheet1:R7,,,
f494c02ffe7c7913-sheet1-R8,2026-05-12,daejeon-jung,문화1동,보문산쭈구미,주민참여예산 추진 관련 업무협의 간담회,57800,f494c02ffe7c7913878bdb7032a5b4681b0ddf792ae984137be94c2c75fefd8d,sheet1:R8,,,
f494c02ffe7c7913-sheet1-R9,2026-05-22,daejeon-jung,문화1동,맘스터치 문화점,동 직원 격려,117100,f494c02ffe7c7913878bdb7032a5b4681b0ddf792ae984137be94c2c75fefd8d,sheet1:R9,,,
f494c02ffe7c7913-sheet1-R10,2026-05-27,daejeon-jung,문화1동,보문산유씨네부엌샤브샤브,동 직원 격려 식사,92000,f494c02ffe7c7913878bdb7032a5b4681b0ddf792ae984137be94c2c75fefd8d,sheet1:R10,,,
bac5047f2e2d6093-sheet1-R5,2026-05-08,daejeon-jung,태평1동,태평 시장 내 다구이 마당 및 인근 식당,"태평시장 5월 별빛다구이축제 참여 등 간담회 (자생단체 회원, 동장, 동 직원 등)",228300,bac5047f2e2d6093b0105bf88b8cc90bdc49e7ffd261b453de5433271449e834,sheet1:R5,,,
bac5047f2e2d6093-sheet1-R6,2026-05-12,daejeon-jung,태평1동,가사벌한우,"선거관리위원회 간담회 (동 선거관리위원회 위원, 동장, 직원 등)",93000,bac5047f2e2d6093b0105bf88b8cc90bdc49e7ffd261b453de5433271449e834,sheet1:R6,,,
bac5047f2e2d6093-sheet1-R7,2026-05-22,daejeon-jung,태평1동,태평 시장 내 다구이 마당 및 인근 식당,"태평시장 5월 2회차 별빛다구이축제 참여 등 간담회 (자생단체 회원, 동장, 동 직원 등)",173700,bac5047f2e2d6093b0105bf88b8cc90bdc49e7ffd261b453de5433271449e834,sheet1:R7,,,
e2c6512f5ac11707-sheet1-R5,2026-05-12,daejeon-jung,목동,목동칼국수,기관운영업무추진비(주민자치위원회 임원 간담회),100000,e2c6512f5ac11707d31e3bc96a840b4c7628d5f0f9d059bf15f09f799039e897,sheet1:R5,,,
e2c6512f5ac11707-sheet1-R6,2026-05-22,daejeon-jung,목동,목동칼국수,기관운영업무추진비(목동경로당연합회 간담회),187000,e2c6512f5ac11707d31e3bc96a840b4c7628d5f0f9d059bf15f09f799039e897,sheet1:R6,,,
e2c6512f5ac11707-sheet1-R7,2026-05-27,daejeon-jung,목동,허갈닭강정,기관운영업무추진비(직원 격려),82500,e2c6512f5ac11707d31e3bc96a840b4c7628d5f0f9d059bf15f09f799039e897,sheet1:R7,,,
07c2566b6a912d2c-sheet1-R6,2026-05-22,daejeon-jung,석교동,맥도날드,부서운영업무추진비(직원 노고 격려),223400,07c2566b6a912d2cadca5fffd52656bc3a6bc511d4b6e97f57f98575974ba588,sheet1:R6,,,
e6efe7758faa6ad1-sheet1-R7,2026-04-07,daejeon-jung,용두동,왕천파닭,기관운영업무추진비 (새마을부녀회 노고격려),67000,e6efe7758faa6ad1cdca963b05cec8a8ad63099b5419cc53d150e0002903475d,sheet1:R7,,,
e6efe7758faa6ad1-sheet1-R8,2026-04-30,daejeon-jung,용두동,큰집숯불갈비,기관운영업무추진비 (자생단체장 간담회),141000,e6efe7758faa6ad1cdca963b05cec8a8ad63099b5419cc53d150e0002903475d,sheet1:R8,,,
8d483217136ce886-sheet1-R6,2026-04-07,daejeon-jung,중촌동,장수한우곱창,자생단체 임원 간담회,171000,8d483217136ce88645440358f9bcc9d9201ea9ad8ca5668ec6438e1ff74c0e09,sheet1:R6,28b8525691d491bfa7f55e89a3cc20197924bd4e6c59db49ea649df1aba60092:sheet1:R6,,
8d483217136ce886-sheet1-R7,2026-04-09,daejeon-jung,중촌동,"다원석갈비, 플랜트",장애인일자리 등 자활근로자 격려,197500,8d483217136ce88645440358f9bcc9d9201ea9ad8ca5668ec6438e1ff74c0e09,sheet1:R7,28b8525691d491bfa7f55e89a3cc20197924bd4e6c59db49ea649df1aba60092:sheet1:R7,,
8d483217136ce886-sheet1-R8,2026-03-13,daejeon-jung,중촌동,백조한우마을,직원격려,412000,8d483217136ce88645440358f9bcc9d9201ea9ad8ca5668ec6438e1ff74c0e09,sheet1:R8,28b8525691d491bfa7f55e89a3cc20197924bd4e6c59db49ea649df1aba60092:sheet1:R8,,
6c17be0c5c80b262-sheet1-R5,2026-04-08,daejeon-jung,건강정책과,-,기관운영업무추진비 지급결의,50000,6c17be0c5c80b2624acc8ec40d01ffd402ca7f706191ac52bcfc66faaa07bad4,sheet1:R5,,,
6c17be0c5c80b262-sheet1-R6,2026-04-22,daejeon-jung,건강정책과,커피창고,기관운영업무추진비 집행결의(내방객용 커피 구입),83700,6c17be0c5c80b2624acc8ec40d01ffd402ca7f706191ac52bcfc66faaa07bad4,sheet1:R6,,,
6c17be0c5c80b262-sheet1-R7,2026-04-29,daejeon-jung,건강정책과,-,기관운영업무추진비 지급결의,50000,6c17be0c5c80b2624acc8ec40d01ffd402ca7f706191ac52bcfc66faaa07bad4,sheet1:R7,,,
6c17be0c5c80b262-sheet1-R8,2026-04-28,daejeon-jung,건강정책과,이디야커피대전천근오거리점,기관운영업무추진비 집행결의(직원격려),37800,6c17be0c5c80b2624acc8ec40d01ffd402ca7f706191ac52bcfc66faaa07bad4,sheet1:R8,,,
6c17be0c5c80b262-sheet2-R5,2026-04-14,daejeon-jung,건강정책과,중구청직원상조회,시책추진업무추진비 지급 결의(통합돌봄지원법 연계 치매선별검사 규제 관련 간담회),250000,6c17be0c5c80b2624acc8ec40d01ffd402ca7f706191ac52bcfc66faaa07bad4,sheet2:R5,,,
6786b1d5aac967fd-sheet1-R5,2026-04-02,daejeon-jung,부사동,돌섬막회,주민자치위원회 임원 간담회,145000,6786b1d5aac967fdfa66c109c4e8ebbce28321e34ab7b08eb9f1e3f7d723fc64,sheet1:R5,,,
6786b1d5aac967fd-sheet1-R6,2026-04-03,daejeon-jung,부사동,굽네치킨,직원 격려,62800,6786b1d5aac967fdfa66c109c4e8ebbce28321e34ab7b08eb9f1e3f7d723fc64,sheet1:R6,,,
6786b1d5aac967fd-sheet1-R7,2026-04-23,daejeon-jung,부사동,윤씨밀방,선거업무 추진 직원 격려,160000,6786b1d5aac967fdfa66c109c4e8ebbce28321e34ab7b08eb9f1e3f7d723fc64,sheet1:R7,,,
6786b1d5aac967fd-sheet1-R8,2026-04-24,daejeon-jung,부사동,고단백식당,통장협의회 간담회,131000,6786b1d5aac967fdfa66c109c4e8ebbce28321e34ab7b08eb9f1e3f7d723fc64,sheet1:R8,,,
6786b1d5aac967fd-sheet1-R9,2026-04-30,daejeon-jung,부사동,윤씨밀방,자생단체협의회 임원진 간담회,87000,6786b1d5aac967fdfa66c109c4e8ebbce28321e34ab7b08eb9f1e3f7d723fc64,sheet1:R9,,,
f184338cc8175ab1-sheet1-R6,2026-04-01,daejeon-jung,문창동,올면키친,동구청 실무협의,41000,f184338cc8175ab1a1af3cf11bca7656c4f762f1ac63f0cc9cc05bd10649699d,sheet1:R6,,,
f184338cc8175ab1-sheet1-R7,2026-04-01,daejeon-jung,문창동,호두과자제작소상심당,직원 격려,50000,f184338cc8175ab1a1af3cf11bca7656c4f762f1ac63f0cc9cc05bd10649699d,sheet1:R7,,,
f184338cc8175ab1-sheet1-R8,2026-04-02,daejeon-jung,문창동,그림,지역협력 방안 논의,29500,f184338cc8175ab1a1af3cf11bca7656c4f762f1ac63f0cc9cc05bd10649699d,sheet1:R8,,,
f184338cc8175ab1-sheet1-R9,2026-04-07,daejeon-jung,문창동,맷돌가마솥추어탕,지역협력 방안 논의,35000,f184338cc8175ab1a1af3cf11bca7656c4f762f1ac63f0cc9cc05bd10649699d,sheet1:R9,,,
f184338cc8175ab1-sheet1-R10,2026-04-08,daejeon-jung,문창동,카페루미리즈,구·동 실무협의,25000,f184338cc8175ab1a1af3cf11bca7656c4f762f1ac63f0cc9cc05bd10649699d,sheet1:R10,,,
f184338cc8175ab1-sheet1-R11,2026-04-09,daejeon-jung,문창동,명문회관,지역협력 방안 논의,148000,f184338cc8175ab1a1af3cf11bca7656c4f762f1ac63f0cc9cc05bd10649699d,sheet1:R11,,,
f184338cc8175ab1-sheet1-R12,2026-04-10,daejeon-jung,문창동,빽다방,직원격려,49300,f184338cc8175ab1a1af3cf11bca7656c4f762f1ac63f0cc9cc05bd10649699d,sheet1:R12,,,
f184338cc8175ab1-sheet1-R13,2026-04-15,daejeon-jung,문창동,갯절바지락손칼국수,구·동 실무협의,81000,f184338cc8175ab1a1af3cf11bca7656c4f762f1ac63f0cc9cc05bd10649699d,sheet1:R13,,,
f184338cc8175ab1-sheet1-R14,2026-04-16,daejeon-jung,문창동,호두정,직원격려,26000,f184338cc8175ab1a1af3cf11bca7656c4f762f1ac63f0cc9cc05bd10649699d,sheet1:R14,,,
f184338cc8175ab1-sheet1-R15,2026-04-24,daejeon-jung,문창동,갑이다갑오징어칼국수,구·동 실무협의,40000,f184338cc8175ab1a1af3cf11bca7656c4f762f1ac63f0cc9cc05bd10649699d,sheet1:R15,,,
f184338cc8175ab1-sheet1-R16,2026-04-27,daejeon-jung,문창동,빽다방,직원격려,48700,f184338cc8175ab1a1af3cf11bca7656c4f762f1ac63f0cc9cc05bd10649699d,sheet1:R16,,,
f184338cc8175ab1-sheet1-R17,2026-04-28,daejeon-jung,문창동,샵커피집,구·동 실무협의,13000,f184338cc8175ab1a1af3cf11bca7656c4f762f1ac63f0cc9cc05bd10649699d,sheet1:R17,,,
f184338cc8175ab1-sheet1-R18,2026-04-29,daejeon-jung,문창동,반찬식당,구·동 실무협의,39000,f184338cc8175ab1a1af3cf11bca7656c4f762f1ac63f0cc9cc05bd10649699d,sheet1:R18,,,
7c076587ba08b80e-sheet1-R6,2026-04-03,daejeon-jung,은행선화동,고향콩나물밥,기관운영업무추진비 지급(통장선정심의회 간담회),81000,7c076587ba08b80e857b008a58bd4ad7c1e510eac76bd8e5fe2a5890970034e4,sheet1:R6,,,
7c076587ba08b80e-sheet1-R7,2026-04-08,daejeon-jung,은행선화동,소하식당,기관운영업무추진비 지급(지역사회보장협의체 격려),112000,7c076587ba08b80e857b008a58bd4ad7c1e510eac76bd8e5fe2a5890970034e4,sheet1:R7,,,
7c076587ba08b80e-sheet1-R8,2026-04-10,daejeon-jung,은행선화동,고향콩나물밥,기관운영업무추진비 지급(경로당임원진 격려),81000,7c076587ba08b80e857b008a58bd4ad7c1e510eac76bd8e5fe2a5890970034e4,sheet1:R8,,,
9fa9d252dd47a02d-sheet1-R5,2026-04-09,daejeon-jung,산성동,탑골산마루,주민참여예산 추진 관련 간담회,65000,9fa9d252dd47a02d66c71fa8c9649e220d6f2c340b61234cd25fa4cb71495f35,sheet1:R5,,,
9fa9d252dd47a02d-sheet1-R6,2026-04-29,daejeon-jung,산성동,춘천집닭갈비,통장선정심의회 위원과 간담회,101000,9fa9d252dd47a02d66c71fa8c9649e220d6f2c340b61234cd25fa4cb71495f35,sheet1:R6,,,
9fa9d252dd47a02d-sheet1-R7,2026-04-30,daejeon-jung,산성동,최가네,통장협의회 임원과 오찬간담회,175000,9fa9d252dd47a02d66c71fa8c9649e220d6f2c340b61234cd25fa4cb71495f35,sheet1:R7,,,
9fa9d252dd47a02d-sheet1-R8,2026-04-30,daejeon-jung,산성동,카우보이커피,통장협의회 임원과 오찬간담회,34200,9fa9d252dd47a02d66c71fa8c9649e220d6f2c340b61234cd25fa4cb71495f35,sheet1:R8,,,
6f102ce1fd10c456-sheet1-R6,2026-04-03,daejeon-jung,대흥동,한우미강정육식당,새마을회 중고의류 바자회 관계자 격려,220000,6f102ce1fd10c4568793fe3c91cbe44df475d36f28e235e79de62230d1cff92e,sheet1:R6,,,
6f102ce1fd10c456-sheet1-R7,2026-04-22,daejeon-jung,대흥동,지고당,자생단체 회장단 간담회,105000,6f102ce1fd10c4568793fe3c91cbe44df475d36f28e235e79de62230d1cff92e,sheet1:R7,,,
6f102ce1fd10c456-sheet1-R8,2026-04-30,daejeon-jung,대흥동,풍미식당,대흥곳간 후원자 격려,56000,6f102ce1fd10c4568793fe3c91cbe44df475d36f28e235e79de62230d1cff92e,sheet1:R8,,,
6f102ce1fd10c456-sheet1-R9,2026-04-30,daejeon-jung,대흥동,미콩커피 대흥동점,대흥곳간 후원자 격려,18500,6f102ce1fd10c4568793fe3c91cbe44df475d36f28e235e79de62230d1cff92e,sheet1:R9,,,
08617a5caa90c6a1-sheet1-R7,2026-04-03,daejeon-jung,문화1동,대운산채,지역사회보장협의체 임원진 간담회,109000,08617a5caa90c6a1cb5c6975f3564815b4ca39661aa777e1bdb76003b5f070f8,sheet1:R7,,,
08617a5caa90c6a1-sheet1-R8,2026-04-09,daejeon-jung,문화1동,두손개성만두,문화1동 과례청년회 간담회,75000,08617a5caa90c6a1cb5c6975f3564815b4ca39661aa777e1bdb76003b5f070f8,sheet1:R8,,,
08617a5caa90c6a1-sheet1-R9,2026-04-15,daejeon-jung,문화1동,선코다리냉면,자원봉사협의회 간담회,89000,08617a5caa90c6a1cb5c6975f3564815b4ca39661aa777e1bdb76003b5f070f8,sheet1:R9,,,
ffeca446beb635f1-sheet1-R4,2026-04-10,daejeon-jung,대사동,고향보리밥,지역사회보장협의체 오찬 간담회,170000,ffeca446beb635f193363d0d8482768dda88548723a0574f8875be1345c664b1,sheet1:R4,,,
cc035dc4bb741f5f-sheet1-R5,2026-03-02,daejeon-jung,태평1동,던킨 대전태평점,2026년 제29회 목신제 행사 격려 (자생단체 회원),147600,cc035dc4bb741f5fef2ffa2823f344be0bd09e13cdf0d678fa0228c53b2eee12,sheet1:R5,,,
cc035dc4bb741f5f-sheet1-R6,2026-03-25,daejeon-jung,태평1동,오감만족,"2026년 제29회 목신제 행사 참여자 격려 (자생단체 회원, 동장, 직원 등)",490000,cc035dc4bb741f5fef2ffa2823f344be0bd09e13cdf0d678fa0228c53b2eee12,sheet1:R6,,,
cc035dc4bb741f5f-sheet1-R7,2026-04-07,daejeon-jung,태평1동,가사벌한우,"2026년 찾아가는 사랑의 의료 봉사자 격려 (자원봉사자, 동장, 직원 등)",182000,cc035dc4bb741f5fef2ffa2823f344be0bd09e13cdf0d678fa0228c53b2eee12,sheet1:R7,,,
cc035dc4bb741f5f-sheet1-R8,2026-04-21,daejeon-jung,태평1동,가사벌한우,"주민자치위원회 간담회 개최 (주민자치위원회 임원진, 동장, 직원 등)",231300,cc035dc4bb741f5fef2ffa2823f344be0bd09e13cdf0d678fa0228c53b2eee12,sheet1:R8,,,
cc035dc4bb741f5f-sheet1-R9,2026-04-24,daejeon-jung,태평1동,태평 시장 내 다구이 마당 및 인근 식당,"태평시장 4월 별빛다구이축제 참여 등 간담회 (주민자치위원회 임원진, 동장, 직원 등)",286200,cc035dc4bb741f5fef2ffa2823f344be0bd09e13cdf0d678fa0228c53b2eee12,sheet1:R9,,,
7a489ebedd02ee83-sheet1-R5,2026-04-08,daejeon-jung,유천2동,이본가,직원 격려,160000,7a489ebedd02ee83b73df6fc49faa84cceaf1e86db4187790a26c506f13bd72c,sheet1:R5,,,
7a489ebedd02ee83-sheet1-R6,2026-04-14,daejeon-jung,유천2동,황제명태본가,자활근로자 및 도우미 격려,95000,7a489ebedd02ee83b73df6fc49faa84cceaf1e86db4187790a26c506f13bd72c,sheet1:R6,,,
3a10e996fc44df75-sheet1-R5,2026-04-13,daejeon-jung,목동,목동칼국수,기관운영업무추진비(골목형 상점가 상인회 간담회),101000,3a10e996fc44df752821c951a2a3887f2da1d78cb0db4c96bd97e63ecfb1dda6,sheet1:R5,,,
3a10e996fc44df75-sheet1-R6,2026-04-14,daejeon-jung,목동,온오프피자대전목동점,기관운영업무추진비(직원 격려),123400,3a10e996fc44df752821c951a2a3887f2da1d78cb0db4c96bd97e63ecfb1dda6,sheet1:R6,,,
3a10e996fc44df75-sheet1-R7,2026-04-23,daejeon-jung,목동,달빛에구운고등어 중촌점,기관운영업무추진비(평생교육과 업무 협의),93500,3a10e996fc44df752821c951a2a3887f2da1d78cb0db4c96bd97e63ecfb1dda6,sheet1:R7,,,
3a10e996fc44df75-sheet1-R8,2026-04-23,daejeon-jung,목동,개인(성명 비공개),기관운영업무추진비,50000,3a10e996fc44df752821c951a2a3887f2da1d78cb0db4c96bd97e63ecfb1dda6,sheet1:R8,,,
3a10e996fc44df75-sheet1-R9,2026-04-24,daejeon-jung,목동,중촌가마솥곰탕,기관운영업무추진비(주민자치위원회 임원 간담회),67000,3a10e996fc44df752821c951a2a3887f2da1d78cb0db4c96bd97e63ecfb1dda6,sheet1:R9,,,
3a10e996fc44df75-sheet1-R10,2026-04-27,daejeon-jung,목동,목동칼국수,기관운영업무추진비(구 동 실무 협의),78000,3a10e996fc44df752821c951a2a3887f2da1d78cb0db4c96bd97e63ecfb1dda6,sheet1:R10,,,
a21f391a5ef66781-sheet1-R6,2026-04-01,daejeon-jung,석교동,추억의아지트,기관운영업무추진비 (주민자치위원회 간담회),66000,a21f391a5ef66781ba5a2d2825dd05832fab063def63a696c6057e6d8682c7b3,sheet1:R6,,,
a21f391a5ef66781-sheet1-R7,2026-04-10,daejeon-jung,석교동,홍두깨칼국수,기관운영업무추진비 (자원봉사협의회 간담회),44000,a21f391a5ef66781ba5a2d2825dd05832fab063def63a696c6057e6d8682c7b3,sheet1:R7,,,
a21f391a5ef66781-sheet1-R8,2026-04-14,daejeon-jung,석교동,마중,기관운영업무추진비 (주민자치위원회 간담회),93000,a21f391a5ef66781ba5a2d2825dd05832fab063def63a696c6057e6d8682c7b3,sheet1:R8,,,
a21f391a5ef66781-sheet1-R9,2026-04-20,daejeon-jung,석교동,샛별양푼이동태탕,기관운영업무추진비 (경로당협의회 간담회),44000,a21f391a5ef66781ba5a2d2825dd05832fab063def63a696c6057e6d8682c7b3,sheet1:R9,,,
a21f391a5ef66781-sheet1-R10,2026-04-28,daejeon-jung,석교동,정참치,기관운영업무추진비 (주민자치위원회 간담회),240000,a21f391a5ef66781ba5a2d2825dd05832fab063def63a696c6057e6d8682c7b3,sheet1:R10,,,
0a1d2e5ce3cca5ef-sheet1-R5,2026-04-17,daejeon-jung,문화2동,편백연가 문화점 투썸플레이스 대전문화점,기관운영업무추진비 지급(직원사기앙앙 및 격려),27270066900,0a1d2e5ce3cca5efa0b7422799b7cbd9f22c560f103ed3f1db5f1f7df4110557,sheet1:R5,,,
379712709adb5649-sheet1-R6,2026-03-10,daejeon-jung,중촌동,"옹기칼국수, 바이탈커피, 플랜트",새마을부녀회 간담회,149000,379712709adb5649b349fc9ca0e28853e855e59e8765253cdb97275ce583b54c,sheet1:R6,,,
379712709adb5649-sheet1-R7,2026-03-12,daejeon-jung,중촌동,"토종칼국수, 바이탈커피",직원격려,139400,379712709adb5649b349fc9ca0e28853e855e59e8765253cdb97275ce583b54c,sheet1:R7,,,
379712709adb5649-sheet1-R8,2026-03-13,daejeon-jung,중촌동,"중촌주먹구이, 마마디저트카페",새마을협의회 간담회,109000,379712709adb5649b349fc9ca0e28853e855e59e8765253cdb97275ce583b54c,sheet1:R8,,,
379712709adb5649-sheet1-R9,2026-03-19,daejeon-jung,중촌동,"금송오리와삼계탕, 플랜트",자활근로자격려,193600,379712709adb5649b349fc9ca0e28853e855e59e8765253cdb97275ce583b54c,sheet1:R9,,,
379712709adb5649-sheet1-R10,2026-03-20,daejeon-jung,중촌동,"토종칼국수, 바이탈커피",자생단체 임원 간담회,134700,379712709adb5649b349fc9ca0e28853e855e59e8765253cdb97275ce583b54c,sheet1:R10,,,
379712709adb5649-sheet1-R11,2026-03-25,daejeon-jung,중촌동,"금송오리와삼계탕, 플랜트",중촌동 파크콜프장 시설개선 간담회,133100,379712709adb5649b349fc9ca0e28853e855e59e8765253cdb97275ce583b54c,sheet1:R11,,,
46cde1605ed612a7-sheet1-R5,2026-03-17,daejeon-jung,건강정책과,-,기관운영업무추진비 지급결의,50000,46cde1605ed612a7282db418be97308411b0c20d024e833d9e2aa8e2558b4bd0,sheet1:R5,,,
f45cccad19a6c68c-sheet1-R7,2026-03-11,daejeon-jung,용두동,용두골식당,기관운영업무추진비 (용신제 준비를 위한 간담회),70000,f45cccad19a6c68c39ab994ff9041e3dec404e4154a84f7b855ec770847d6b1a,sheet1:R7,,,
f45cccad19a6c68c-sheet1-R8,2026-03-13,daejeon-jung,용두동,맛고을,기관운영업무추진비 (용신제보존회 임원진과의 간담회),50000,f45cccad19a6c68c39ab994ff9041e3dec404e4154a84f7b855ec770847d6b1a,sheet1:R8,,,
f45cccad19a6c68c-sheet1-R9,2026-03-13,daejeon-jung,용두동,황지,기관운영업무추진비 (새마을협의회 간담회),187000,f45cccad19a6c68c39ab994ff9041e3dec404e4154a84f7b855ec770847d6b1a,sheet1:R9,,,
f45cccad19a6c68c-sheet1-R10,2026-03-19,daejeon-jung,용두동,용두골식당,기관운영업무추진비 (환경관리요원 노고격려),134000,f45cccad19a6c68c39ab994ff9041e3dec404e4154a84f7b855ec770847d6b1a,sheet1:R10,,,
f45cccad19a6c68c-sheet1-R11,2026-03-27,daejeon-jung,용두동,파파존스,기관운영업무추진비 (용두골 풍물단 노고격려),171000,f45cccad19a6c68c39ab994ff9041e3dec404e4154a84f7b855ec770847d6b1a,sheet1:R11,,,
b44a015ab3acf40f-sheet1-R7,2026-03-06,daejeon-jung,문화1동,매실밭산닭,새마을협의회 운영진 구성 관련 간담회,96000,b44a015ab3acf40fc789ccdb16ac37e94d5785ac24a608937a36c416ff2f88f7,sheet1:R7,,,
b44a015ab3acf40f-sheet1-R8,2026-03-09,daejeon-jung,문화1동,용궁식당,새마을부녀회 간담회,254000,b44a015ab3acf40fc789ccdb16ac37e94d5785ac24a608937a36c416ff2f88f7,sheet1:R8,,,
b44a015ab3acf40f-sheet1-R9,2026-03-18,daejeon-jung,문화1동,두손개성만두,동·공동주택 입주자대표 소통간담회,224000,b44a015ab3acf40fc789ccdb16ac37e94d5785ac24a608937a36c416ff2f88f7,sheet1:R9,,,
b44a015ab3acf40f-sheet1-R10,2026-03-25,daejeon-jung,문화1동,양정숯불생고기,자생단체 간담회,60000,b44a015ab3acf40fc789ccdb16ac37e94d5785ac24a608937a36c416ff2f88f7,sheet1:R10,,,
b44a015ab3acf40f-sheet1-R11,2026-03-26,daejeon-jung,문화1동,용궁식당,새마을협의회 운영진 구성 관련 간담회,92000,b44a015ab3acf40fc789ccdb16ac37e94d5785ac24a608937a36c416ff2f88f7,sheet1:R11,,,
eda729cdb4cddb15-sheet1-R6,2026-03-04,daejeon-jung,문창동,베이커리 소담(케익하우스시온),지역협력 방안 논의,60000,eda729cdb4cddb15eb4f48d277d2b4c655ea5bcfd0c2d32d89392c7d8ffc12b0,sheet1:R6,,,
eda729cdb4cddb15-sheet1-R7,2026-03-10,daejeon-jung,문창동,빽다방,직원 격려,36400,eda729cdb4cddb15eb4f48d277d2b4c655ea5bcfd0c2d32d89392c7d8ffc12b0,sheet1:R7,,,
eda729cdb4cddb15-sheet1-R8,2026-03-10,daejeon-jung,문창동,카로김밥엔커피,지역협력 방안 논의,80000,eda729cdb4cddb15eb4f48d277d2b4c655ea5bcfd0c2d32d89392c7d8ffc12b0,sheet1:R8,,,
eda729cdb4cddb15-sheet1-R9,2026-03-17,daejeon-jung,문창동,오늘여기우리(오여우),지역협력 방안 논의,21800,eda729cdb4cddb15eb4f48d277d2b4c655ea5bcfd0c2d32d89392c7d8ffc12b0,sheet1:R9,,,
eda729cdb4cddb15-sheet1-R10,2026-03-26,daejeon-jung,문창동,빽다방,직원 격려,44200,eda729cdb4cddb15eb4f48d277d2b4c655ea5bcfd0c2d32d89392c7d8ffc12b0,sheet1:R10,,,
eda729cdb4cddb15-sheet1-R11,2026-03-26,daejeon-jung,문창동,밀밭칼국수,중구보건소 실무협의,42000,eda729cdb4cddb15eb4f48d277d2b4c655ea5bcfd0c2d32d89392c7d8ffc12b0,sheet1:R11,,,
eda729cdb4cddb15-sheet1-R12,2026-03-27,daejeon-jung,문창동,갑이다오징어칼국수,구·동 실무협의,30000,eda729cdb4cddb15eb4f48d277d2b4c655ea5bcfd0c2d32d89392c7d8ffc12b0,sheet1:R12,,,
07b01f227970a1a8-sheet1-R6,2026-03-03,daejeon-jung,은행선화동,고려회관,기관운영업무추진비 지급(경로당협의회 간담회),310000,07b01f227970a1a8bb6054b3e7337242314ccc8d15b440dba95f316776510cf7,sheet1:R6,,,
07b01f227970a1a8-sheet1-R7,2026-03-25,daejeon-jung,은행선화동,학선식당,기관운영업무추진비 지급(새마을부녀회 격려),36000,07b01f227970a1a8bb6054b3e7337242314ccc8d15b440dba95f316776510cf7,sheet1:R7,,,
8da3c79b48053231-sheet1-R4,2026-03-10,daejeon-jung,대사동,보부상마트,청사 내방객 음료 구입,460000,8da3c79b480532314eb49b428f1ad5b74f69e297c3f4ae7333528b2f0c091e67,sheet1:R4,,,
f63e8fa052f41381-sheet1-R5,2026-03-05,daejeon-jung,유천1동,북새통 커피니,자원봉사 활성화를 위한 간담회,217500,f63e8fa052f41381b8a5419ac4b689b9037aef3ef36163d29516c4e4d24eac1a,sheet1:R5,,,
f63e8fa052f41381-sheet1-R6,2026-03-17,daejeon-jung,유천1동,홍삼장어,찾아가는 사랑의 의료봉사 참여자 오찬,156000,f63e8fa052f41381b8a5419ac4b689b9037aef3ef36163d29516c4e4d24eac1a,sheet1:R6,,,
f63e8fa052f41381-sheet1-R7,2026-03-19,daejeon-jung,유천1동,갈치조림고을,노인일자리사업 참여자 조장 및 직원 격려,166000,f63e8fa052f41381b8a5419ac4b689b9037aef3ef36163d29516c4e4d24eac1a,sheet1:R7,,,
f63e8fa052f41381-sheet1-R8,2026-03-30,daejeon-jung,유천1동,공주칼국수 쭈꾸미마당,자활근로자 및 장애인일자리 참여자 격려,103000,f63e8fa052f41381b8a5419ac4b689b9037aef3ef36163d29516c4e4d24eac1a,sheet1:R8,,,
ea385ddb6f61696f-sheet1-R5,2026-03-03,daejeon-jung,부사동,맷돌추어탕,찾아가는 사랑의 의료봉사 봉사자 격려,195000,ea385ddb6f61696fb97f202fd94f28e05a922d678051078b9c218c85b0a9aa4f,sheet1:R5,,,
ea385ddb6f61696f-sheet1-R6,2026-03-10,daejeon-jung,부사동,"유씨네 부엌 샤브샤브, 멜뷰",주민자치위원회 임원진 간담회,75200,ea385ddb6f61696fb97f202fd94f28e05a922d678051078b9c218c85b0a9aa4f,sheet1:R6,,,
ea385ddb6f61696f-sheet1-R7,2026-03-13,daejeon-jung,부사동,모락모락,복지사각지대 발굴 및 민원업무 직원 격려,168000,ea385ddb6f61696fb97f202fd94f28e05a922d678051078b9c218c85b0a9aa4f,sheet1:R7,,,
ea385ddb6f61696f-sheet1-R8,2026-03-19,daejeon-jung,부사동,뜨개질 카페,민원업무 직원 격려,100000,ea385ddb6f61696fb97f202fd94f28e05a922d678051078b9c218c85b0a9aa4f,sheet1:R8,,,
ea385ddb6f61696f-sheet1-R9,2026-03-19,daejeon-jung,부사동,손가꼼장어쭈꾸미 숯불구이,자생단체 임원진 간담회,360000,ea385ddb6f61696fb97f202fd94f28e05a922d678051078b9c218c85b0a9aa4f,sheet1:R9,,,
6cf881b8db87c992-sheet1-R6,2026-03-11,daejeon-jung,오류동,삼일소고기국밥,기관업무추진비 지급결의(노인일자리 간담회),128000,6cf881b8db87c99270f0d94087cdcf4f21b22c3135e31c376557d50b65585e98,sheet1:R6,,,
6cf881b8db87c992-sheet1-R7,2026-03-23,daejeon-jung,오류동,맹산막국수,기관업무추진비 지급결의(자생단체 임원진 간담회),390000,6cf881b8db87c99270f0d94087cdcf4f21b22c3135e31c376557d50b65585e98,sheet1:R7,,,
e01bb07bba63758d-sheet1-R6,2026-03-09,daejeon-jung,석교동,홍두깨칼국수,기관운영업무추진비 (주민자치위원회 임원 간담회),40000,e01bb07bba63758dcc7a255bb08c2be3f8f66ec00df8de01c0717fb7695b4e56,sheet1:R6,,,
e01bb07bba63758d-sheet1-R7,2026-03-13,daejeon-jung,석교동,샛별양푼이동태탕,기관운영업무추진비 (주민자치위원회·새마을회 임원 간담회),79000,e01bb07bba63758dcc7a255bb08c2be3f8f66ec00df8de01c0717fb7695b4e56,sheet1:R7,,,
e01bb07bba63758d-sheet1-R8,2026-03-18,daejeon-jung,석교동,추억의아지트,기관운영업무추진비 (지역사회보장협의체회 간담회),75000,e01bb07bba63758dcc7a255bb08c2be3f8f66ec00df8de01c0717fb7695b4e56,sheet1:R8,,,
6760c241117a9661-sheet1-R5,2026-03-04,daejeon-jung,유천2동,샤브마니아 태평점,버드내거리제 행사 관련 직원 및 자활근로자 격려,250200,6760c241117a9661be864b7a4b0464391a8635fb8c06b09dc6169515863fa8fa,sheet1:R5,,,
6760c241117a9661-sheet1-R6,2026-03-06,daejeon-jung,유천2동,정인이네,지역사회보장협의체 격려 (지역사회보장협의체 회원 및 유천2동 직원),86000,6760c241117a9661be864b7a4b0464391a8635fb8c06b09dc6169515863fa8fa,sheet1:R6,,,
f4abd8dcccdad671-sheet1-R6,2026-03-16,daejeon-jung,대흥동,월산본가,대흥곳간 후원자 격려,76000,f4abd8dcccdad6719cc55212f1982e9f24103459d274594dac76fe651944ae2b,sheet1:R6,,,
f4abd8dcccdad671-sheet1-R7,2026-03-16,daejeon-jung,대흥동,탑할인마트,내방객 간식 및 음료 구입,190000,f4abd8dcccdad6719cc55212f1982e9f24103459d274594dac76fe651944ae2b,sheet1:R7,,,
f4abd8dcccdad671-sheet1-R8,2026-03-23,daejeon-jung,대흥동,피프까페진저,자생단체 회장단 간담회,127000,f4abd8dcccdad6719cc55212f1982e9f24103459d274594dac76fe651944ae2b,sheet1:R8,,,
a34403051d80b1e7-sheet1-R5,2026-03-10,daejeon-jung,산성동,카페범스,직원격려,92400,a34403051d80b1e72ba4466d0f6bd42cc377c7979dbe428f72de1ad7b3a65f3f,sheet1:R5,,,
a34403051d80b1e7-sheet1-R6,2026-03-31,daejeon-jung,산성동,위아래복집,통장선정심의회 위원과 오찬간담회,54000,a34403051d80b1e72ba4466d0f6bd42cc377c7979dbe428f72de1ad7b3a65f3f,sheet1:R6,,,
bd94cb8aac0ad921-sheet1-R5,2026-02-25,daejeon-jung,태평1동,춘천닭갈비막국수 대전태평본점,"경로당 회장단 간담회 개최 (경로당 회장단, 동장, 동 직원)",163000,bd94cb8aac0ad9213a3db8fcaed9c8bb82cfa9404302a35c7deca3ba1d727abc,sheet1:R5,,,
26e29aa0c603cf0b-sheet1-R5,2026-03-04,daejeon-jung,목동,달빛에구운고등어 중촌점,기관운영업무추진비(목동마미뜰작은도서관 간담회),106000,26e29aa0c603cf0be6391fedc21708a446ff072dc0bd6f85d7daa9a6cc6ceee3,sheet1:R5,,,
26e29aa0c603cf0b-sheet1-R6,2026-03-04,daejeon-jung,목동,수영냉삼,기관운영업무추진비(자생단체장 간담회),208000,26e29aa0c603cf0be6391fedc21708a446ff072dc0bd6f85d7daa9a6cc6ceee3,sheet1:R6,,,
26e29aa0c603cf0b-sheet1-R7,2026-03-05,daejeon-jung,목동,림스테이블외 1,기관운영업무추진비(공동주택 관리소장 간담회),254000,26e29aa0c603cf0be6391fedc21708a446ff072dc0bd6f85d7daa9a6cc6ceee3,sheet1:R7,,,
26e29aa0c603cf0b-sheet1-R8,2026-03-09,daejeon-jung,목동,목동면옥,기관운영업무추진비(새마을부녀회 간담회),130000,26e29aa0c603cf0be6391fedc21708a446ff072dc0bd6f85d7daa9a6cc6ceee3,sheet1:R8,,,
26e29aa0c603cf0b-sheet1-R9,2026-03-10,daejeon-jung,목동,목동칼국수,기관운영업무추진비(골목형 상점가 상인회 간담회),110000,26e29aa0c603cf0be6391fedc21708a446ff072dc0bd6f85d7daa9a6cc6ceee3,sheet1:R9,,,
26e29aa0c603cf0b-sheet1-R10,2026-03-13,daejeon-jung,목동,허갈닭강정,기관운영업무추진비(자생단체 위원 격려),65000,26e29aa0c603cf0be6391fedc21708a446ff072dc0bd6f85d7daa9a6cc6ceee3,sheet1:R10,,,
26e29aa0c603cf0b-sheet1-R11,2026-03-24,daejeon-jung,목동,목동칼국수,기관운영업무추진비(공동주택 입주자 대표 소통간담회),172000,26e29aa0c603cf0be6391fedc21708a446ff072dc0bd6f85d7daa9a6cc6ceee3,sheet1:R11,,,
26e29aa0c603cf0b-sheet1-R12,2026-03-25,daejeon-jung,목동,온오프피자대전목동점,기관운영업무추진비(직원격려),90500,26e29aa0c603cf0be6391fedc21708a446ff072dc0bd6f85d7daa9a6cc6ceee3,sheet1:R12,,,
c77f27609f18f631-sheet1-R6,2026-03-10,daejeon-jung,태평2동,"옐로오션,팍스",기관운영업무추진비 집행(직원격려),192600,c77f27609f18f6316fd658cd190cb078604c1d622a806cd4ea28f2be0eaa6cd5,sheet1:R6,,,
c77f27609f18f631-sheet1-R7,2026-03-11,daejeon-jung,태평2동,순수초밥,기관운영업무추진비 집행(자생단체협의회 회원간담회),135000,c77f27609f18f6316fd658cd190cb078604c1d622a806cd4ea28f2be0eaa6cd5,sheet1:R7,,,
c77f27609f18f631-sheet1-R8,2026-03-26,daejeon-jung,태평2동,"현대오리타운,라탄커피로스터",기관운영업무추진비 집행(기후환경과 업무 협의),198500,c77f27609f18f6316fd658cd190cb078604c1d622a806cd4ea28f2be0eaa6cd5,sheet1:R8,,,
c77f27609f18f631-sheet1-R9,2026-03-30,daejeon-jung,태평2동,"우람낙지,카르페미스",기관운영업무추진비 집행(직원격려),204000,c77f27609f18f6316fd658cd190cb078604c1d622a806cd4ea28f2be0eaa6cd5,sheet1:R9,,,
bb0c325fb8f447f5-sheet1-R6,2026-02-10,daejeon-jung,태평2동,류근선의진국설렁탕,기관운영업무추진비 집행(복지만두레 임원간담회),120000,bb0c325fb8f447f5c5de26af60699cbf16c0d6d48b9c4d266f2a93a76c9cdc25,sheet1:R6,,,
bb0c325fb8f447f5-sheet1-R7,2026-02-13,daejeon-jung,태평2동,"백암골식당, 사이드비",기관운영업무추진비 집행(통장협의회 임원간담회),173000,bb0c325fb8f447f5c5de26af60699cbf16c0d6d48b9c4d266f2a93a76c9cdc25,sheet1:R7,,,
bb0c325fb8f447f5-sheet1-R8,2026-02-25,daejeon-jung,태평2동,"별난해물칼국수,커피내림2013",기관운영업무추진비 집행(주민자치위원회 임원간담회),120000,bb0c325fb8f447f5c5de26af60699cbf16c0d6d48b9c4d266f2a93a76c9cdc25,sheet1:R8,,,
9937b33f9e77ab59-sheet1-R6,2026-02-04,daejeon-jung,은행선화동,파란들식당,기관운영업무추진비 지급(환경관리요원 격려),285000,9937b33f9e77ab595515b0114db1c3edb0a97a4b571859f08787f60c4071b55b,sheet1:R6,,,
9937b33f9e77ab59-sheet1-R7,2026-02-10,daejeon-jung,은행선화동,포항25시,기관운영업무추진비 지급(바르게살기위원회 간담회),432000,9937b33f9e77ab595515b0114db1c3edb0a97a4b571859f08787f60c4071b55b,sheet1:R7,,,
9937b33f9e77ab59-sheet1-R8,2026-02-24,daejeon-jung,은행선화동,고려회관,기관운영업무추진비 지급(방위협의회 간담회),100000,9937b33f9e77ab595515b0114db1c3edb0a97a4b571859f08787f60c4071b55b,sheet1:R8,,,
9937b33f9e77ab59-sheet1-R9,2026-02-25,daejeon-jung,은행선화동,손이가어죽칼국수,기관운영업무추진비 지급(주민자치위원회 간담회),424000,9937b33f9e77ab595515b0114db1c3edb0a97a4b571859f08787f60c4071b55b,sheet1:R9,,,
85abe151d0ee7fd9-sheet1-R4,2026-02-09,daejeon-jung,대사동,한우미강,새마을 부녀회 격려,190000,85abe151d0ee7fd90066bb9582dc246cefd3e61fdba22d0f1776499e3ba5543f,sheet1:R4,,,
85abe151d0ee7fd9-sheet1-R5,2026-02-13,daejeon-jung,대사동,고향,자생단체협의회 오찬 간담회,153000,85abe151d0ee7fd90066bb9582dc246cefd3e61fdba22d0f1776499e3ba5543f,sheet1:R5,,,
f5af51d6b5341d56-sheet1-R7,2026-02-09,daejeon-jung,용두동,형제유통,기관운영업무추진비 (내방객 제공 음료 구입),326000,f5af51d6b5341d56aec9d79efea327ed953a1f8c353c7247bc29d03b9e75501e,sheet1:R7,,,
f5af51d6b5341d56-sheet1-R8,2026-02-10,daejeon-jung,용두동,궁중해장국,기관운영업무추진비 (새마을부녀회 간담회),225000,f5af51d6b5341d56aec9d79efea327ed953a1f8c353c7247bc29d03b9e75501e,sheet1:R8,,,
f5af51d6b5341d56-sheet1-R9,2026-02-12,daejeon-jung,용두동,큰집숯불갈비,기관운영업무추진비 (경로당협의회 간담회),255000,f5af51d6b5341d56aec9d79efea327ed953a1f8c353c7247bc29d03b9e75501e,sheet1:R9,,,
f5af51d6b5341d56-sheet1-R10,2026-02-25,daejeon-jung,용두동,여수아구찜,기관운영업무추진비 (통장협의회간담회),311000,f5af51d6b5341d56aec9d79efea327ed953a1f8c353c7247bc29d03b9e75501e,sheet1:R10,,,
f5af51d6b5341d56-sheet1-R11,2026-02-27,daejeon-jung,용두동,명태존,기관운영업무추진비 (자생단체협의회 간담회),165000,f5af51d6b5341d56aec9d79efea327ed953a1f8c353c7247bc29d03b9e75501e,sheet1:R11,,,
ac8e0461c337718b-sheet1-R5,2026-02-04,daejeon-jung,유천2동,도담한정식,경로당협의회 간담회 (경로당협의회 회원 및 유천2동 직원),254400,ac8e0461c337718bb16a490929754dbbe76a00eaa1aec1d5354c30a1777a6942,sheet1:R5,,,
ac8e0461c337718b-sheet1-R6,2026-02-10,daejeon-jung,유천2동,대전회물회집,구민과의 대화 참석자 간담회 (자생단체임원진 및 유천2동 직원),184000,ac8e0461c337718bb16a490929754dbbe76a00eaa1aec1d5354c30a1777a6942,sheet1:R6,,,
ac8e0461c337718b-sheet1-R7,2026-02-11,daejeon-jung,유천2동,홈마트,내방객용 음료구입,450000,ac8e0461c337718bb16a490929754dbbe76a00eaa1aec1d5354c30a1777a6942,sheet1:R7,,,
bc4fbe09bd11fc5a-sheet1-R5,2026-02-06,daejeon-jung,부사동,착한낙지,기관운영업무추진비 지출결의(경로당 임원진 간담회),244000,bc4fbe09bd11fc5a278ff7705c6a5d657668056a61b052b3d76d89d26d56de69,sheet1:R5,,,
bc4fbe09bd11fc5a-sheet1-R6,2026-02-10,daejeon-jung,부사동,복천식당,기관운영업무추진비 지출결의(통장협의회 간담회),397000,bc4fbe09bd11fc5a278ff7705c6a5d657668056a61b052b3d76d89d26d56de69,sheet1:R6,,,
bc4fbe09bd11fc5a-sheet1-R7,2026-02-12,daejeon-jung,부사동,뚜비네 과일,기관운영업무추진비 지출결의(행정 및 복지 민원 업무 직원 격려),110000,bc4fbe09bd11fc5a278ff7705c6a5d657668056a61b052b3d76d89d26d56de69,sheet1:R7,,,
3bf2a87b5ffa645e-sheet1-R6,2026-02-02,daejeon-jung,문창동,영순카페,자생단체 위원 격려,12800,3bf2a87b5ffa645e4200b1a5f55e41b432b3bab7a75077c66e08c972f89b2800,sheet1:R6,,,
3bf2a87b5ffa645e-sheet1-R7,2026-02-04,daejeon-jung,문창동,카페그림,자생단체 위원 격려,12500,3bf2a87b5ffa645e4200b1a5f55e41b432b3bab7a75077c66e08c972f89b2800,sheet1:R7,,,
3bf2a87b5ffa645e-sheet1-R8,2026-02-09,daejeon-jung,문창동,로쏘(주)성심당,자생단체 위원 격려,290000,3bf2a87b5ffa645e4200b1a5f55e41b432b3bab7a75077c66e08c972f89b2800,sheet1:R8,,,
3bf2a87b5ffa645e-sheet1-R9,2026-02-12,daejeon-jung,문창동,빽다방,자생단체 위원 격려,19400,3bf2a87b5ffa645e4200b1a5f55e41b432b3bab7a75077c66e08c972f89b2800,sheet1:R9,,,
3bf2a87b5ffa645e-sheet1-R10,2026-02-24,daejeon-jung,문창동,아저씨돈까스,자생단체 위원 격려,54000,3bf2a87b5ffa645e4200b1a5f55e41b432b3bab7a75077c66e08c972f89b2800,sheet1:R10,,,
3bf2a87b5ffa645e-sheet1-R11,2026-02-25,daejeon-jung,문창동,샵커피집,자생단체 위원 격려,30000,3bf2a87b5ffa645e4200b1a5f55e41b432b3bab7a75077c66e08c972f89b2800,sheet1:R11,,,
3bf2a87b5ffa645e-sheet1-R12,2026-02-26,daejeon-jung,문창동,두손개성만두,직원 격려,47000,3bf2a87b5ffa645e4200b1a5f55e41b432b3bab7a75077c66e08c972f89b2800,sheet1:R12,,,
429a01b3f661ca49-sheet1-R6,2026-02-02,daejeon-jung,중촌동,"오색추어, 케이시켈리중촌점",직원격려,121300,429a01b3f661ca491d4bae81e6e3dc576d7085723b4850fc5d40eb10c413a6a1,sheet1:R6,,,
429a01b3f661ca49-sheet1-R7,2026-02-02,daejeon-jung,중촌동,금송오리와 삼계탕,임기만료통장 노고 격려,106000,429a01b3f661ca491d4bae81e6e3dc576d7085723b4850fc5d40eb10c413a6a1,sheet1:R7,,,
429a01b3f661ca49-sheet1-R8,2026-02-06,daejeon-jung,중촌동,옹기칼국수,새마을부녀회 간담회,298000,429a01b3f661ca491d4bae81e6e3dc576d7085723b4850fc5d40eb10c413a6a1,sheet1:R8,,,
429a01b3f661ca49-sheet1-R9,2026-02-26,daejeon-jung,중촌동,옥림정숯불갈비,중촌사랑회 업무협의 간담회,189000,429a01b3f661ca491d4bae81e6e3dc576d7085723b4850fc5d40eb10c413a6a1,sheet1:R9,,,
429a01b3f661ca49-sheet1-R10,2026-02-27,daejeon-jung,중촌동,개인(성명 비공개),주무관 외조부상 부의금,50000,429a01b3f661ca491d4bae81e6e3dc576d7085723b4850fc5d40eb10c413a6a1,sheet1:R10,,,
dc748c187489bec4-sheet1-R6,2026-02-03,daejeon-jung,오류동,"진짜배기명태촌, 디그리카페",기관업무추진비 지급결의(주민자치위원 간담회),110500,dc748c187489bec4068980a0c76ab51e00256ceb28e41b67f0b9ae9b50a82767,sheet1:R6,,,
dc748c187489bec4-sheet1-R7,2026-02-12,daejeon-jung,오류동,쌈주머니서대전역점,기관업무추진비 지급결의(복지도우미 격려),140000,dc748c187489bec4068980a0c76ab51e00256ceb28e41b67f0b9ae9b50a82767,sheet1:R7,,,
505debc5804e4883-sheet1-R5,2026-02-02,daejeon-jung,산성동,인생낙지,직원격려,126000,505debc5804e48838d813bbcadb6ae417dab537ae42c7baef8eff5fa87cce2d5,sheet1:R5,,,
505debc5804e4883-sheet1-R6,2026-02-04,daejeon-jung,산성동,카페유림,산성동 기관정협의회 차담회,37000,505debc5804e48838d813bbcadb6ae417dab537ae42c7baef8eff5fa87cce2d5,sheet1:R6,,,
505debc5804e4883-sheet1-R7,2026-02-12,daejeon-jung,산성동,산성골,자원봉사후원회와 간담회,320000,505debc5804e48838d813bbcadb6ae417dab537ae42c7baef8eff5fa87cce2d5,sheet1:R7,,,
66dde386e650675f-sheet1-R6,2026-02-02,daejeon-jung,석교동,유가옥,기관운영업무추진비 (직원 격려),72000,66dde386e650675f7f7f9a5fe4325c4172372b302d541124ece573100400a270,sheet1:R6,,,
66dde386e650675f-sheet1-R7,2026-02-03,daejeon-jung,석교동,샛별양푼이동태탕,기관운영업무추진비 (유관기관 합동 간담회),156000,66dde386e650675f7f7f9a5fe4325c4172372b302d541124ece573100400a270,sheet1:R7,,,
66dde386e650675f-sheet1-R8,2026-02-03,daejeon-jung,석교동,홍두깨칼국수,기관운영업무추진비 (자생단체협의회 간담회),346500,66dde386e650675f7f7f9a5fe4325c4172372b302d541124ece573100400a270,sheet1:R8,,,
66dde386e650675f-sheet1-R9,2026-02-04,daejeon-jung,석교동,두리식당,기관운영업무추진비 (자원봉사협의회 간담회),77000,66dde386e650675f7f7f9a5fe4325c4172372b302d541124ece573100400a270,sheet1:R9,,,
66dde386e650675f-sheet1-R10,2026-02-10,daejeon-jung,석교동,샛별양푼이동태탕,기관운영업무추진비 (자생단체협의회 간담회),114000,66dde386e650675f7f7f9a5fe4325c4172372b302d541124ece573100400a270,sheet1:R10,,,
66dde386e650675f-sheet1-R11,2026-02-12,daejeon-jung,석교동,샛별양푼이동태탕,기관운영업무추진비 (새마을회 임원 간담회),55000,66dde386e650675f7f7f9a5fe4325c4172372b302d541124ece573100400a270,sheet1:R11,,,
66dde386e650675f-sheet1-R12,2026-02-20,daejeon-jung,석교동,샛별양푼이동태탕,기관운영업무추진비 (새마을협의회 간담회),44000,66dde386e650675f7f7f9a5fe4325c4172372b302d541124ece573100400a270,sheet1:R12,,,
66dde386e650675f-sheet1-R13,2026-02-24,daejeon-jung,석교동,다정식당,기관운영업무추진비 (주민자치위원회 임원 간담회),78000,66dde386e650675f7f7f9a5fe4325c4172372b302d541124ece573100400a270,sheet1:R13,,,
e8d0216f7ba0530b-sheet1-R7,2026-02-02,daejeon-jung,문화1동,대관령정육식당,경로당 회장단 간담회,237000,e8d0216f7ba0530b6190e3f0412a7c3fd3aee660cdb09bc8a2a63e4c9ce07612,sheet1:R7,,,
e8d0216f7ba0530b-sheet1-R8,2026-02-12,daejeon-jung,문화1동,문화동베이커리,마을기금 조성을 위한 자생단체장 간담회,72500,e8d0216f7ba0530b6190e3f0412a7c3fd3aee660cdb09bc8a2a63e4c9ce07612,sheet1:R8,,,
e8d0216f7ba0530b-sheet1-R9,2026-02-13,daejeon-jung,문화1동,매실밭산닭,통장협의회 간담회,468000,e8d0216f7ba0530b6190e3f0412a7c3fd3aee660cdb09bc8a2a63e4c9ce07612,sheet1:R9,,,
7961c2a78c29ea50-sheet1-R5,2026-02-10,daejeon-jung,목동,달빛에구운고등어 중촌점,기관운영업무추진비(환경관리요원 간담회),306000,7961c2a78c29ea50e957ec5d3411ff26475484420f48e333524ddc3dc1889534,sheet1:R5,,,
7283c32ffa607a4c-sheet1-R5,2026-02-05,daejeon-jung,유천1동,마당에서,복지만두레 만참 간담회,270000,7283c32ffa607a4c8bfcc5cb312664df3b008579a8932ca90ee69706e7f82507,sheet1:R5,,,
7283c32ffa607a4c-sheet1-R6,2026-02-12,daejeon-jung,유천1동,황제명태본가,경로단 임원진 오찬 간담회,140000,7283c32ffa607a4c8bfcc5cb312664df3b008579a8932ca90ee69706e7f82507,sheet1:R6,,,
22916b10a0fabe82-sheet1-R6,2026-02-02,daejeon-jung,대흥동,애국집,복지만두레 임원 간담회,79000,22916b10a0fabe8233724f9329ae49d027d33aa5f7b0518629244db20fe674e8,sheet1:R6,,,
22916b10a0fabe82-sheet1-R7,2026-02-09,daejeon-jung,대흥동,장원갑칼국수대전중구점,설 명절 후원자 간담회,137700,22916b10a0fabe8233724f9329ae49d027d33aa5f7b0518629244db20fe674e8,sheet1:R7,,,
22916b10a0fabe82-sheet1-R8,2026-02-19,daejeon-jung,대흥동,피프까페진저,자생단체 회장단 간담회,140000,22916b10a0fabe8233724f9329ae49d027d33aa5f7b0518629244db20fe674e8,sheet1:R8,,,
22916b10a0fabe82-sheet1-R9,2026-02-24,daejeon-jung,대흥동,동원식당,경로당협의회 간담회,120000,22916b10a0fabe8233724f9329ae49d027d33aa5f7b0518629244db20fe674e8,sheet1:R9,,,
22916b10a0fabe82-sheet1-R10,2026-02-25,daejeon-jung,대흥동,사리원면옥본점,통장선정심의회 위원 간담회,133000,22916b10a0fabe8233724f9329ae49d027d33aa5f7b0518629244db20fe674e8,sheet1:R10,,,
9fb822bb6d75b8ac-sheet1-R5,2026-02-05,daejeon-jung,문화2동,공주얼큰이칼국수,기관운영업무추진비 지급(복지만두레 회원진 간담회),2333000,9fb822bb6d75b8acfcbe20cfacb53a0534504013af3ef4fa3bceaec68d01cec4,sheet1:R5,,,
9cef9ddc379ea4ab-sheet1-R6,2026-01-08,daejeon-jung,오류동,복록수,기관업무추진비 지급결의(자생단체 임원진 간담회),320000,9cef9ddc379ea4ab7347da35750bc7f79ed9a05912f9dfffb603d24b6d771238,sheet1:R6,,,
c58eca0140a9b3e9-sheet1-R6,2026-01-06,daejeon-jung,태평2동,진미오겹살,기관운영업무추진비 집행(문화체육관광과 업무협의),144000,c58eca0140a9b3e941a52d530ce5d5afbad52734327f40e5474799f3554e3105,sheet1:R6,,,
1307f0a63f61d1fb-sheet1-R6,2026-01-05,daejeon-jung,은행선화동,고려회관,기관운영업무추진비 지급(자생단체 임원진 간담회),333000,1307f0a63f61d1fb306f6957590c4cbb8ec6bd327c56f7fa79c8415922f53b91,sheet1:R6,,,
1307f0a63f61d1fb-sheet1-R7,2026-01-12,daejeon-jung,은행선화동,선화동한가네닭발,기관운영업무추진비 지급(복지만두레 간담회),218000,1307f0a63f61d1fb306f6957590c4cbb8ec6bd327c56f7fa79c8415922f53b91,sheet1:R7,,,
1307f0a63f61d1fb-sheet1-R8,2026-01-19,daejeon-jung,은행선화동,고향콩나물밥,기관운영업무추진비 지급(지역사회보장협의체 간담회),253000,1307f0a63f61d1fb306f6957590c4cbb8ec6bd327c56f7fa79c8415922f53b91,sheet1:R8,,,
1307f0a63f61d1fb-sheet1-R9,2026-01-20,daejeon-jung,은행선화동,온정,기관운영업무추진비 지급(자원봉사협의회 간담회),93000,1307f0a63f61d1fb306f6957590c4cbb8ec6bd327c56f7fa79c8415922f53b91,sheet1:R9,,,
1307f0a63f61d1fb-sheet1-R10,2026-01-22,daejeon-jung,은행선화동,학선식당,기관운영업무추진비 지급(방위협의회 간담회),436000,1307f0a63f61d1fb306f6957590c4cbb8ec6bd327c56f7fa79c8415922f53b91,sheet1:R10,,,
692354cdd70c78b1-sheet1-R5,2026-01-14,daejeon-jung,부사동,뜨개질카페,기관운영업무추진비 지출결의(구민과의 대화 참석자 간담회),23600,692354cdd70c78b15938f95072bd93197536e78e2c4fc835f78059b6672e6010,sheet1:R5,,,
692354cdd70c78b1-sheet1-R6,2026-01-22,daejeon-jung,부사동,뜨개질카페,기관운영업무추진비 지출결의(통장심의위원회 참석자 간담회),26200,692354cdd70c78b15938f95072bd93197536e78e2c4fc835f78059b6672e6010,sheet1:R6,,,
b051d2b4deb4d116-sheet1-R6,2026-01-06,daejeon-jung,문창동,멜뷰,자생단체 위원 격려,35600,b051d2b4deb4d116ebda8952dc5c5f18dab903a3994b8984a68d60132780f970,sheet1:R6,,,
b051d2b4deb4d116-sheet1-R7,2026-01-09,daejeon-jung,문창동,멜뷰,자생단체 위원 격려,14600,b051d2b4deb4d116ebda8952dc5c5f18dab903a3994b8984a68d60132780f970,sheet1:R7,,,
b051d2b4deb4d116-sheet1-R8,2026-01-12,daejeon-jung,문창동,빽다방,직원 및 보조인력 격려,47700,b051d2b4deb4d116ebda8952dc5c5f18dab903a3994b8984a68d60132780f970,sheet1:R8,,,
b051d2b4deb4d116-sheet1-R9,2026-01-15,daejeon-jung,문창동,영순카페,자생단체 위원 격려,20800,b051d2b4deb4d116ebda8952dc5c5f18dab903a3994b8984a68d60132780f970,sheet1:R9,,,
b051d2b4deb4d116-sheet1-R10,2026-01-19,daejeon-jung,문창동,논두렁추어칼국수,자원봉사협의회 회원 격려,100000,b051d2b4deb4d116ebda8952dc5c5f18dab903a3994b8984a68d60132780f970,sheet1:R10,,,
b051d2b4deb4d116-sheet1-R11,2026-01-22,daejeon-jung,문창동,미소칼국수,구청관계자 실무협의 오찬 간담회,16000,b051d2b4deb4d116ebda8952dc5c5f18dab903a3994b8984a68d60132780f970,sheet1:R11,,,
b051d2b4deb4d116-sheet1-R12,2026-01-26,daejeon-jung,문창동,샵커피집,자생단체 위원 격려,20000,b051d2b4deb4d116ebda8952dc5c5f18dab903a3994b8984a68d60132780f970,sheet1:R12,,,
b051d2b4deb4d116-sheet1-R13,2026-01-28,daejeon-jung,문창동,요크커피코리아,지역사회보장협의체 위원 격려,9500,b051d2b4deb4d116ebda8952dc5c5f18dab903a3994b8984a68d60132780f970,sheet1:R13,,,
b051d2b4deb4d116-sheet1-R14,2026-01-29,daejeon-jung,문창동,카페그림,자생단체 위원 격려,24500,b051d2b4deb4d116ebda8952dc5c5f18dab903a3994b8984a68d60132780f970,sheet1:R14,,,
b051d2b4deb4d116-sheet1-R15,2026-01-29,daejeon-jung,문창동,갑이다갑오징어칼국수,구 및 동 업무실무관계자 간담회,30000,b051d2b4deb4d116ebda8952dc5c5f18dab903a3994b8984a68d60132780f970,sheet1:R15,,,
977583aba785481d-sheet1-R4,2026-01-16,daejeon-jung,대사동,"야구장왕돈까스,블랙몬스터",충무로 상점가 상인회 간담회,108500,977583aba785481d8242f3735a82f2b016da0e8d1fe65b83e8b4ee5b1122f600,sheet1:R4,,,
977583aba785481d-sheet1-R5,2026-01-21,daejeon-jung,대사동,똑순이네,새마을협의회 격려,386000,977583aba785481d8242f3735a82f2b016da0e8d1fe65b83e8b4ee5b1122f600,sheet1:R5,,,
977583aba785481d-sheet1-R6,2026-01-22,daejeon-jung,대사동,신토불이추어탕,경로당 임원 간담회,120000,977583aba785481d8242f3735a82f2b016da0e8d1fe65b83e8b4ee5b1122f600,sheet1:R6,,,
977583aba785481d-sheet1-R7,2026-01-27,daejeon-jung,대사동,테미소머리곰탕,주민자치위원회 격려,240000,977583aba785481d8242f3735a82f2b016da0e8d1fe65b83e8b4ee5b1122f600,sheet1:R7,,,
aadd6a0b7cc23a6c-sheet1-R5,2026-01-07,daejeon-jung,산성동,카페니치산성점,산성동기관장협의회 차담회,34000,aadd6a0b7cc23a6c83c0f929fba0472cc372f058792a650885c34a612a0f0f24,sheet1:R5,,,
aadd6a0b7cc23a6c-sheet1-R6,2026-01-15,daejeon-jung,산성동,고향해물칼국수막국수,자생단체협의회와 간담회,140000,aadd6a0b7cc23a6c83c0f929fba0472cc372f058792a650885c34a612a0f0f24,sheet1:R6,,,
aadd6a0b7cc23a6c-sheet1-R7,2026-01-30,daejeon-jung,산성동,유가본가설렁탕,구민과의대화 행사참여자 격려,56000,aadd6a0b7cc23a6c83c0f929fba0472cc372f058792a650885c34a612a0f0f24,sheet1:R7,,,
adb5ff61667dc6cf-sheet1-R6,2026-01-05,daejeon-jung,대흥동,피프까페진저,자생단체 회장단 간담회,130000,adb5ff61667dc6cf75e824d93b4ccea248a18b0300a973c3c401f9dce31f5356,sheet1:R6,,,
adb5ff61667dc6cf-sheet1-R7,2026-01-13,daejeon-jung,대흥동,애국집,자생단체 회장단 격려,70000,adb5ff61667dc6cf75e824d93b4ccea248a18b0300a973c3c401f9dce31f5356,sheet1:R7,,,
adb5ff61667dc6cf-sheet1-R8,2026-01-21,daejeon-jung,대흥동,종로할머니손칼국수,시 노인복지관 생활지원사 간담회,258000,adb5ff61667dc6cf75e824d93b4ccea248a18b0300a973c3c401f9dce31f5356,sheet1:R8,,,
adb5ff61667dc6cf-sheet1-R9,2026-01-28,daejeon-jung,대흥동,대전 대파집,통합돌봄 후원 관련 간담회,134000,adb5ff61667dc6cf75e824d93b4ccea248a18b0300a973c3c401f9dce31f5356,sheet1:R9,,,
adb5ff61667dc6cf-sheet1-R10,2026-01-30,daejeon-jung,대흥동,샤브마니아대전보문산점,통장협의회 임원 간담회,85400,adb5ff61667dc6cf75e824d93b4ccea248a18b0300a973c3c401f9dce31f5356,sheet1:R10,,,
9f9457e5f6dba4b9-sheet1-R7,2026-01-09,daejeon-jung,용두동,왕뼈감자탕,기관운영업무추진비 (직원격려),69000,9f9457e5f6dba4b992cff435c4b4200f995f29bd682350be15990765baffb2a2,sheet1:R7,,,
9f9457e5f6dba4b9-sheet1-R8,2026-01-28,daejeon-jung,용두동,큰집숯불갈비,기관운영업무추진비 (용신제 보존위원회 간담회),212000,9f9457e5f6dba4b992cff435c4b4200f995f29bd682350be15990765baffb2a2,sheet1:R8,,,
0c9062e486c6a6ad-sheet1-R5,2026-01-15,daejeon-jung,유천2동,도미노피자 대전유천점,유천2동 직원,100500,0c9062e486c6a6adba22bc2800da2f413abc0106a8560ecf9ccfcc5c79fe8dd2,sheet1:R5,,,
0c9062e486c6a6ad-sheet1-R6,2026-01-21,daejeon-jung,유천2동,도담한정식,직원 및 자활근로자,193700,0c9062e486c6a6adba22bc2800da2f413abc0106a8560ecf9ccfcc5c79fe8dd2,sheet1:R6,,,
0c9062e486c6a6ad-sheet1-R7,2026-01-23,daejeon-jung,유천2동,이본가,자생단체협의회 회장단 및 직원,284400,0c9062e486c6a6adba22bc2800da2f413abc0106a8560ecf9ccfcc5c79fe8dd2,sheet1:R7,,,
0c9062e486c6a6ad-sheet1-R8,2026-01-29,daejeon-jung,유천2동,마레꼬마김밥 유천점,직원,107500,0c9062e486c6a6adba22bc2800da2f413abc0106a8560ecf9ccfcc5c79fe8dd2,sheet1:R8,,,
89d60f6124a9ed88-sheet1-R7,2026-01-16,daejeon-jung,문화1동,청와삼대 대전 문화점,지역사회보장협의회 임원진 간담회,76000,89d60f6124a9ed88b47c8c3d1fe3c4d7291fd6a1362a5207d60b0872d2f6a26d,sheet1:R7,,,
03275528fe4a1c7e-sheet1-R6,2026-01-05,daejeon-jung,석교동,연화식당,기관운영업무추진비 (주민자치위원회 임원 간담회),54000,03275528fe4a1c7e576633bcd971f3ed35ae3047d562031b88c0b174f65cc6f7,sheet1:R6,,,
03275528fe4a1c7e-sheet1-R7,2026-01-07,daejeon-jung,석교동,만나,기관운영업무추진비 (유관기관 간담회),75600,03275528fe4a1c7e576633bcd971f3ed35ae3047d562031b88c0b174f65cc6f7,sheet1:R7,,,
03275528fe4a1c7e-sheet1-R8,2026-01-12,daejeon-jung,석교동,정도올갱이,기관운영업무추진비 (옥계자율방범대 간담회),188000,03275528fe4a1c7e576633bcd971f3ed35ae3047d562031b88c0b174f65cc6f7,sheet1:R8,,,
03275528fe4a1c7e-sheet1-R9,2026-01-14,daejeon-jung,석교동,연화식당,기관운영업무추진비 (유관기관 합동 간담회),108000,03275528fe4a1c7e576633bcd971f3ed35ae3047d562031b88c0b174f65cc6f7,sheet1:R9,,,
03275528fe4a1c7e-sheet1-R10,2026-01-20,daejeon-jung,석교동,알바우갈비김치찌개,기관운영업무추진비 (주민자치위원회 간담회),48000,03275528fe4a1c7e576633bcd971f3ed35ae3047d562031b88c0b174f65cc6f7,sheet1:R10,,,
03275528fe4a1c7e-sheet1-R11,2026-01-21,daejeon-jung,석교동,샛별양푼이동태탕,기관운영업무추진비 (지역사회보장협의체 간담회),55000,03275528fe4a1c7e576633bcd971f3ed35ae3047d562031b88c0b174f65cc6f7,sheet1:R11,,,
03275528fe4a1c7e-sheet1-R12,2026-01-26,daejeon-jung,석교동,샛별양푼이동태탕,기관운영업무추진비 (주민자치위원회 간담회),165000,03275528fe4a1c7e576633bcd971f3ed35ae3047d562031b88c0b174f65cc6f7,sheet1:R12,,,
03275528fe4a1c7e-sheet1-R13,2026-01-30,daejeon-jung,석교동,다정식당,기관운영업무추진비 (바르게살기위원회 간담회),44000,03275528fe4a1c7e576633bcd971f3ed35ae3047d562031b88c0b174f65cc6f7,sheet1:R13,,,
8dfe1608b2fd1034-sheet1-R5,2026-01-02,daejeon-jung,태평1동,물총칼국수수육,"주민자치위원회 간담회 개최 (주민자치위원회 임원진, 동장, 직원)",178040,8dfe1608b2fd1034c90e792575d0ea9188b4c824665a2d01cc600559ceb0f55f,sheet1:R5,,,
8dfe1608b2fd1034-sheet1-R6,2026-01-21,daejeon-jung,태평1동,가사벌한우,"복지만두레 간담회 개최 (복지만두레 회원, 동 직원)",128000,8dfe1608b2fd1034c90e792575d0ea9188b4c824665a2d01cc600559ceb0f55f,sheet1:R6,,,
98ddaeecdadf9a28-sheet1-R6,2026-01-08,daejeon-jung,중촌동,돈우화,무연고 사망자 업무 협의 간담회,50000,98ddaeecdadf9a2845150bfa642affedca3b306dd45f386fe0f18e8304ccba02,sheet1:R6,,,
98ddaeecdadf9a28-sheet1-R7,2026-01-27,daejeon-jung,중촌동,"주순희찌개마을시골촌, 바이탈커피",직원격려,106300,98ddaeecdadf9a2845150bfa642affedca3b306dd45f386fe0f18e8304ccba02,sheet1:R7,,,
98ddaeecdadf9a28-sheet1-R8,2026-01-28,daejeon-jung,중촌동,"토종칼국수, 바이탈커피",노인일자리사업 관련 간담회,44000,98ddaeecdadf9a2845150bfa642affedca3b306dd45f386fe0f18e8304ccba02,sheet1:R8,,,
3c8ee3026a2560f2-sheet1-R5,2026-01-09,daejeon-jung,유천1동,유천매운탕,바르게살기위원회 오찬 간담회,227000,3c8ee3026a2560f21f4e97c5b65a86ffa480c722ab22cd664800e99f4d91aa53,sheet1:R5,,,
3c8ee3026a2560f2-sheet1-R6,2026-01-09,daejeon-jung,유천1동,민이식당,지역방위협의회 만찬 간담회,238000,3c8ee3026a2560f21f4e97c5b65a86ffa480c722ab22cd664800e99f4d91aa53,sheet1:R6,,,
3c8ee3026a2560f2-sheet1-R7,2026-01-13,daejeon-jung,유천1동,북새통,대전기독교종합사회복지관 오찬 간담회,75000,3c8ee3026a2560f21f4e97c5b65a86ffa480c722ab22cd664800e99f4d91aa53,sheet1:R7,,,
3c8ee3026a2560f2-sheet1-R8,2026-01-13,daejeon-jung,유천1동,마당에서,지역사회보장협의체 만찬 간담회,325000,3c8ee3026a2560f21f4e97c5b65a86ffa480c722ab22cd664800e99f4d91aa53,sheet1:R8,,,
3c8ee3026a2560f2-sheet1-R9,2026-01-15,daejeon-jung,유천1동,홍삼장어,통장협의회 오찬 간담회,170000,3c8ee3026a2560f21f4e97c5b65a86ffa480c722ab22cd664800e99f4d91aa53,sheet1:R9,,,
3c8ee3026a2560f2-sheet1-R10,2026-01-20,daejeon-jung,유천1동,시골집흑염소,주민자치위원회 만찬 간담회,371000,3c8ee3026a2560f21f4e97c5b65a86ffa480c722ab22cd664800e99f4d91aa53,sheet1:R10,,,
3c8ee3026a2560f2-sheet1-R11,2026-01-27,daejeon-jung,유천1동,유천매운탕,자율방범대 만찬 간담회,203000,3c8ee3026a2560f21f4e97c5b65a86ffa480c722ab22cd664800e99f4d91aa53,sheet1:R11,,,
3c8ee3026a2560f2-sheet1-R12,2026-01-28,daejeon-jung,유천1동,"북새통, 커피니",자생단체장 오찬 간담회,147500,3c8ee3026a2560f21f4e97c5b65a86ffa480c722ab22cd664800e99f4d91aa53,sheet1:R12,,,
f0745040e620a658-sheet1-R5,2026-01-14,daejeon-jung,목동,목동칼국수,기관운영업무추진비(목동경로당연합회 간담회),181000,f0745040e620a65835d5e14d61908c81d09e26afb9c9bc3c0b3892a681feaeb5,sheet1:R5,,,
f0745040e620a658-sheet1-R6,2026-01-16,daejeon-jung,목동,수영냉삼,기관운영업무추진비(자생단체 임원 간담회),245000,f0745040e620a65835d5e14d61908c81d09e26afb9c9bc3c0b3892a681feaeb5,sheet1:R6,,,
00542cbfbfff39e7-sheet1-R5,2026-06-05,daejeon-jung,건설과,부화식당,BTL관리구역의 원활한 하수도 관리 업무를 위한 유관기관 간담회,102000,00542cbfbfff39e7a2468d1d8e74fa304199a152194dec54c82d5868f62d072b,sheet1:R5,,,
c06aa4f005acdf2c-table1-R2,2026-06-05,daejeon-jung,기획홍보실,분홍달,구정홍보 간담회,33000,c06aa4f005acdf2c1c94ae2d1d9c10bd1cfb0b82cb2f54ad0ab099011a36f7a1,table1:R2,,,
c06aa4f005acdf2c-table1-R3,2026-06-08,daejeon-jung,기획홍보실,나룻터식당,구정홍보 간담회,47000,c06aa4f005acdf2c1c94ae2d1d9c10bd1cfb0b82cb2f54ad0ab099011a36f7a1,table1:R3,,,
c06aa4f005acdf2c-table1-R4,2026-06-08,daejeon-jung,기획홍보실,카페안나,구정홍보 간담회,26000,c06aa4f005acdf2c1c94ae2d1d9c10bd1cfb0b82cb2f54ad0ab099011a36f7a1,table1:R4,,,
c06aa4f005acdf2c-table1-R5,2026-06-08,daejeon-jung,기획홍보실,대흥동쫄데기,구정홍보 간담회,52000,c06aa4f005acdf2c1c94ae2d1d9c10bd1cfb0b82cb2f54ad0ab099011a36f7a1,table1:R5,,,
c06aa4f005acdf2c-table1-R6,2026-06-08,daejeon-jung,기획홍보실,숨결커피,구정홍보 간담회,23300,c06aa4f005acdf2c1c94ae2d1d9c10bd1cfb0b82cb2f54ad0ab099011a36f7a1,table1:R6,,,
c06aa4f005acdf2c-table1-R7,2026-06-09,daejeon-jung,기획홍보실,이순신소국밥,구정홍보 간담회,59000,c06aa4f005acdf2c1c94ae2d1d9c10bd1cfb0b82cb2f54ad0ab099011a36f7a1,table1:R7,,,
c06aa4f005acdf2c-table1-R8,2026-06-09,daejeon-jung,기획홍보실,숨결커피,구정홍보 간담회,21300,c06aa4f005acdf2c1c94ae2d1d9c10bd1cfb0b82cb2f54ad0ab099011a36f7a1,table1:R8,,,
c06aa4f005acdf2c-table1-R9,2026-06-09,daejeon-jung,기획홍보실,모닝포레스트,구정홍보 간담회,26500,c06aa4f005acdf2c1c94ae2d1d9c10bd1cfb0b82cb2f54ad0ab099011a36f7a1,table1:R9,,,
c06aa4f005acdf2c-table1-R10,2026-06-10,daejeon-jung,기획홍보실,헤윰,구정홍보 간담회,300000,c06aa4f005acdf2c1c94ae2d1d9c10bd1cfb0b82cb2f54ad0ab099011a36f7a1,table1:R10,,,
c06aa4f005acdf2c-table1-R11,2026-06-10,daejeon-jung,기획홍보실,카페안나,구정홍보 간담회,14500,c06aa4f005acdf2c1c94ae2d1d9c10bd1cfb0b82cb2f54ad0ab099011a36f7a1,table1:R11,,,
c06aa4f005acdf2c-table1-R12,2026-06-11,daejeon-jung,기획홍보실,풍미식당,구정홍보 간담회,92000,c06aa4f005acdf2c1c94ae2d1d9c10bd1cfb0b82cb2f54ad0ab099011a36f7a1,table1:R12,,,
c06aa4f005acdf2c-table1-R13,2026-06-11,daejeon-jung,기획홍보실,미콩커피,구정홍보 간담회,35800,c06aa4f005acdf2c1c94ae2d1d9c10bd1cfb0b82cb2f54ad0ab099011a36f7a1,table1:R13,,,
c06aa4f005acdf2c-table1-R14,2026-06-11,daejeon-jung,기획홍보실,김형제고기의철학,구정홍보 간담회,251000,c06aa4f005acdf2c1c94ae2d1d9c10bd1cfb0b82cb2f54ad0ab099011a36f7a1,table1:R14,,,
c06aa4f005acdf2c-table1-R15,2026-06-16,daejeon-jung,기획홍보실,바다사랑,구정홍보 간담회,54000,c06aa4f005acdf2c1c94ae2d1d9c10bd1cfb0b82cb2f54ad0ab099011a36f7a1,table1:R15,,,
c06aa4f005acdf2c-table1-R16,2026-06-16,daejeon-jung,기획홍보실,숨결커피,구정홍보 간담회,14000,c06aa4f005acdf2c1c94ae2d1d9c10bd1cfb0b82cb2f54ad0ab099011a36f7a1,table1:R16,,,
c06aa4f005acdf2c-table1-R17,2026-06-17,daejeon-jung,기획홍보실,강변산닭,오찬간담회,216000,c06aa4f005acdf2c1c94ae2d1d9c10bd1cfb0b82cb2f54ad0ab099011a36f7a1,table1:R17,,,
c06aa4f005acdf2c-table1-R18,2026-06-17,daejeon-jung,기획홍보실,중구마루,오찬간담회,37400,c06aa4f005acdf2c1c94ae2d1d9c10bd1cfb0b82cb2f54ad0ab099011a36f7a1,table1:R18,,,
c06aa4f005acdf2c-table1-R19,2026-06-17,daejeon-jung,기획홍보실,고려회관,언론홍보 간담회,360000,c06aa4f005acdf2c1c94ae2d1d9c10bd1cfb0b82cb2f54ad0ab099011a36f7a1,table1:R19,,,
c06aa4f005acdf2c-table1-R20,2026-06-18,daejeon-jung,기획홍보실,내집식당,구정홍보 간담회,110000,c06aa4f005acdf2c1c94ae2d1d9c10bd1cfb0b82cb2f54ad0ab099011a36f7a1,table1:R20,,,
c06aa4f005acdf2c-table1-R21,2026-06-18,daejeon-jung,기획홍보실,팔롬비니,구정홍보 간담회,22500,c06aa4f005acdf2c1c94ae2d1d9c10bd1cfb0b82cb2f54ad0ab099011a36f7a1,table1:R21,,,
c06aa4f005acdf2c-table1-R22,2026-06-18,daejeon-jung,기획홍보실,중구청 구내식당,오찬간담회,35000,c06aa4f005acdf2c1c94ae2d1d9c10bd1cfb0b82cb2f54ad0ab099011a36f7a1,table1:R22,,,
c06aa4f005acdf2c-table1-R23,2026-06-22,daejeon-jung,기획홍보실,우두령,구정홍보 간담회,61000,c06aa4f005acdf2c1c94ae2d1d9c10bd1cfb0b82cb2f54ad0ab099011a36f7a1,table1:R23,,,
c06aa4f005acdf2c-table1-R24,2026-06-22,daejeon-jung,기획홍보실,다향인방,구정홍보 간담회,25000,c06aa4f005acdf2c1c94ae2d1d9c10bd1cfb0b82cb2f54ad0ab099011a36f7a1,table1:R24,,,
c06aa4f005acdf2c-table1-R25,2026-06-22,daejeon-jung,기획홍보실,대흥곰탕,구정홍보 간담회,52000,c06aa4f005acdf2c1c94ae2d1d9c10bd1cfb0b82cb2f54ad0ab099011a36f7a1,table1:R25,,,
c06aa4f005acdf2c-table1-R26,2026-06-22,daejeon-jung,기획홍보실,숨결커피,구정홍보 간담회,9700,c06aa4f005acdf2c1c94ae2d1d9c10bd1cfb0b82cb2f54ad0ab099011a36f7a1,table1:R26,,,
c06aa4f005acdf2c-table1-R27,2026-06-22,daejeon-jung,기획홍보실,지고당,구정홍보 간담회,73000,c06aa4f005acdf2c1c94ae2d1d9c10bd1cfb0b82cb2f54ad0ab099011a36f7a1,table1:R27,,,
c06aa4f005acdf2c-table1-R28,2026-06-22,daejeon-jung,기획홍보실,파티세리 소신,구정홍보 간담회,24200,c06aa4f005acdf2c1c94ae2d1d9c10bd1cfb0b82cb2f54ad0ab099011a36f7a1,table1:R28,,,
c06aa4f005acdf2c-table1-R29,2026-06-23,daejeon-jung,기획홍보실,소호차이나,구정홍보 간담회,120000,c06aa4f005acdf2c1c94ae2d1d9c10bd1cfb0b82cb2f54ad0ab099011a36f7a1,table1:R29,,,
c06aa4f005acdf2c-table1-R30,2026-06-23,daejeon-jung,기획홍보실,이디아커피,구정홍보 간담회,26400,c06aa4f005acdf2c1c94ae2d1d9c10bd1cfb0b82cb2f54ad0ab099011a36f7a1,table1:R30,,,
c06aa4f005acdf2c-table1-R31,2026-06-24,daejeon-jung,기획홍보실,중구청 구내식당,오찬간담회,14000,c06aa4f005acdf2c1c94ae2d1d9c10bd1cfb0b82cb2f54ad0ab099011a36f7a1,table1:R31,,,
c06aa4f005acdf2c-table1-R32,2026-06-25,daejeon-jung,기획홍보실,중구청 구내식당,오찬간담회,14000,c06aa4f005acdf2c1c94ae2d1d9c10bd1cfb0b82cb2f54ad0ab099011a36f7a1,table1:R32,,,
c06aa4f005acdf2c-table1-R33,2026-06-25,daejeon-jung,기획홍보실,풍미식당,구정홍보 간담회,54000,c06aa4f005acdf2c1c94ae2d1d9c10bd1cfb0b82cb2f54ad0ab099011a36f7a1,table1:R33,,,
c06aa4f005acdf2c-table1-R34,2026-06-25,daejeon-jung,기획홍보실,미콩커피,구정홍보 간담회,24500,c06aa4f005acdf2c1c94ae2d1d9c10bd1cfb0b82cb2f54ad0ab099011a36f7a1,table1:R34,,,
c06aa4f005acdf2c-table1-R35,2026-06-25,daejeon-jung,기획홍보실,일오삼수제돈까스,구정홍보 간담회,19800,c06aa4f005acdf2c1c94ae2d1d9c10bd1cfb0b82cb2f54ad0ab099011a36f7a1,table1:R35,,,
c06aa4f005acdf2c-table1-R36,2026-06-25,daejeon-jung,기획홍보실,카페비요리,구정홍보 간담회,8000,c06aa4f005acdf2c1c94ae2d1d9c10bd1cfb0b82cb2f54ad0ab099011a36f7a1,table1:R36,,,
c06aa4f005acdf2c-table1-R37,2026-06-26,daejeon-jung,기획홍보실,만나,구정홍보 간담회,68700,c06aa4f005acdf2c1c94ae2d1d9c10bd1cfb0b82cb2f54ad0ab099011a36f7a1,table1:R37,,,
c06aa4f005acdf2c-table1-R38,2026-06-26,daejeon-jung,기획홍보실,이거비버,구정홍보 간담회,20400,c06aa4f005acdf2c1c94ae2d1d9c10bd1cfb0b82cb2f54ad0ab099011a36f7a1,table1:R38,,,
c06aa4f005acdf2c-table1-R39,2026-06-29,daejeon-jung,기획홍보실,동원식당,구정홍보 간담회,40000,c06aa4f005acdf2c1c94ae2d1d9c10bd1cfb0b82cb2f54ad0ab099011a36f7a1,table1:R39,,,
c06aa4f005acdf2c-table1-R40,2026-06-29,daejeon-jung,기획홍보실,숨결커피,구정홍보 간담회,36110,c06aa4f005acdf2c1c94ae2d1d9c10bd1cfb0b82cb2f54ad0ab099011a36f7a1,table1:R40,,,
c06aa4f005acdf2c-table1-R41,2026-06-29,daejeon-jung,기획홍보실,중구청 구내식당,오찬간담회,17500,c06aa4f005acdf2c1c94ae2d1d9c10bd1cfb0b82cb2f54ad0ab099011a36f7a1,table1:R41,,,
c06aa4f005acdf2c-table1-R42,2026-06-29,daejeon-jung,기획홍보실,육대산,구정홍보 간담회,120000,c06aa4f005acdf2c1c94ae2d1d9c10bd1cfb0b82cb2f54ad0ab099011a36f7a1,table1:R42,,,
c06aa4f005acdf2c-table1-R43,2026-06-30,daejeon-jung,기획홍보실,중구청 구내식당,오찬간담회,28000,c06aa4f005acdf2c1c94ae2d1d9c10bd1cfb0b82cb2f54ad0ab099011a36f7a1,table1:R43,,,
c06aa4f005acdf2c-table1-R44,2026-06-30,daejeon-jung,기획홍보실,월산본가,구정홍보 간담회,57000,c06aa4f005acdf2c1c94ae2d1d9c10bd1cfb0b82cb2f54ad0ab099011a36f7a1,table1:R44,,,
c06aa4f005acdf2c-table1-R45,2026-06-30,daejeon-jung,기획홍보실,모닝포레스트,구정홍보 간담회,16600,c06aa4f005acdf2c1c94ae2d1d9c10bd1cfb0b82cb2f54ad0ab099011a36f7a1,table1:R45,,,
c06aa4f005acdf2c-table1-R46,2026-06-30,daejeon-jung,기획홍보실,미도리카레,구정홍보 간담회,42000,c06aa4f005acdf2c1c94ae2d1d9c10bd1cfb0b82cb2f54ad0ab099011a36f7a1,table1:R46,,,
c06aa4f005acdf2c-table1-R47,2026-06-30,daejeon-jung,기획홍보실,숨결커피,구정홍보 간담회,14500,c06aa4f005acdf2c1c94ae2d1d9c10bd1cfb0b82cb2f54ad0ab099011a36f7a1,table1:R47,,,
6e03d14ab4a51a25-sheet1-R6,2026-06-26,daejeon-jung,행정지원과,삼팔집,민원편의시책 추진을 위한 사업참여자 간담회,44000,6e03d14ab4a51a257aae296ee183a65e46847ef82508898e7fd6a13e93c3ff59,sheet1:R6,,,
5f449861eb5aa2ee-sheet1-R6,2026-06-02,daejeon-jung,행정지원과,경조사비,태평1동 시부상,50000,5f449861eb5aa2ee8803a8d18ecb94f413cb52da48a0fb3dc74e4084fcbf7bd9,sheet1:R6,6a63c3e2ec56b464f0571173a136d046ad9cab22e85505765eaccdab026a28dd:sheet1:R6,,
5f449861eb5aa2ee-sheet1-R7,2026-06-04,daejeon-jung,행정지원과,경조사비,재난안전과 결혼,50000,5f449861eb5aa2ee8803a8d18ecb94f413cb52da48a0fb3dc74e4084fcbf7bd9,sheet1:R7,6a63c3e2ec56b464f0571173a136d046ad9cab22e85505765eaccdab026a28dd:sheet1:R9 7f7ef59801f0eb7174fd12de6b6ad742f97f3df571caca3d5f26bc42b5299e53:sheet1:R6,,
5f449861eb5aa2ee-sheet1-R8,2026-06-08,daejeon-jung,행정지원과,경조사비,부사동 시모상,50000,5f449861eb5aa2ee8803a8d18ecb94f413cb52da48a0fb3dc74e4084fcbf7bd9,sheet1:R8,6a63c3e2ec56b464f0571173a136d046ad9cab22e85505765eaccdab026a28dd:sheet1:R11,,
5f449861eb5aa2ee-sheet1-R9,2026-06-12,daejeon-jung,행정지원과,경조사비,회계과 결혼,50000,5f449861eb5aa2ee8803a8d18ecb94f413cb52da48a0fb3dc74e4084fcbf7bd9,sheet1:R9,,,
5f449861eb5aa2ee-sheet1-R10,2026-06-15,daejeon-jung,행정지원과,라탄커피로스터,중구 공무원노조 노사합동 워크숍 준비 직원 격려 차담회,17500,5f449861eb5aa2ee8803a8d18ecb94f413cb52da48a0fb3dc74e4084fcbf7bd9,sheet1:R10,,,
5f449861eb5aa2ee-sheet1-R11,2026-06-24,daejeon-jung,행정지원과,바다황제,제4회 중 N사업 개최 및 주민등록시스템 개인정보 보호 관리 실태 점검 추진 등 직원 노고 격려,111200,5f449861eb5aa2ee8803a8d18ecb94f413cb52da48a0fb3dc74e4084fcbf7bd9,sheet1:R11,,,
5f449861eb5aa2ee-sheet1-R12,2026-06-26,daejeon-jung,행정지원과,뮤제,"중구책통 북큐레이션, 혁신현장 탐방 사업 추진 등 직원 노고 격려 차담회",19200,5f449861eb5aa2ee8803a8d18ecb94f413cb52da48a0fb3dc74e4084fcbf7bd9,sheet1:R12,,,
5f449861eb5aa2ee-sheet2-R6,2026-06-01,daejeon-jung,행정지원과,도어블,주민밀착형 치안서비스 제공을 위한 유관기관 간담회,75000,5f449861eb5aa2ee8803a8d18ecb94f413cb52da48a0fb3dc74e4084fcbf7bd9,sheet2:R6,,,
5f449861eb5aa2ee-sheet2-R7,2026-06-05,daejeon-jung,행정지원과,"다올칼국수, 번트시엔나",집중안전점검 대상 공동주택 안전점검 사업 추진 관계자 간담회,61800,5f449861eb5aa2ee8803a8d18ecb94f413cb52da48a0fb3dc74e4084fcbf7bd9,sheet2:R7,,,
5f449861eb5aa2ee-sheet2-R8,2026-06-08,daejeon-jung,행정지원과,똑순이네,평화통일 공감대 확산을 위한 민주평통 중구협의회 간담회,92000,5f449861eb5aa2ee8803a8d18ecb94f413cb52da48a0fb3dc74e4084fcbf7bd9,sheet2:R8,,,
5f449861eb5aa2ee-sheet2-R9,2026-06-09,daejeon-jung,행정지원과,신토불이추어탕,구정 현안문제 발굴 등 교육 방안 논의 오찬 간담회,78000,5f449861eb5aa2ee8803a8d18ecb94f413cb52da48a0fb3dc74e4084fcbf7bd9,sheet2:R9,,,
5f449861eb5aa2ee-sheet2-R10,2026-06-12,daejeon-jung,행정지원과,지고당,주민 생활불편 등 반복민원 해결을 위한 주민자치위원회 관계자 간담회 개최,60000,5f449861eb5aa2ee8803a8d18ecb94f413cb52da48a0fb3dc74e4084fcbf7bd9,sheet2:R10,,,
5f449861eb5aa2ee-sheet2-R11,2026-06-16,daejeon-jung,행정지원과,전복만세,민원서비스 향상을 위한 민원편의 시책 마련 간담회,45000,5f449861eb5aa2ee8803a8d18ecb94f413cb52da48a0fb3dc74e4084fcbf7bd9,sheet2:R11,,,
5f449861eb5aa2ee-sheet2-R12,2026-06-17,daejeon-jung,행정지원과,단위,주민생활 불편민원 해결 지원을 위한 대외동향 수집 업무추진 유관기관 차담회,30800,5f449861eb5aa2ee8803a8d18ecb94f413cb52da48a0fb3dc74e4084fcbf7bd9,sheet2:R12,,,
5f449861eb5aa2ee-sheet2-R13,2026-06-18,daejeon-jung,행정지원과,샤브마니아,지역사회 발전 기반 마련을 위한 국민운동 활성화 간담회,75600,5f449861eb5aa2ee8803a8d18ecb94f413cb52da48a0fb3dc74e4084fcbf7bd9,sheet2:R13,,,
5f449861eb5aa2ee-sheet2-R14,2026-06-19,daejeon-jung,행정지원과,파이가든,관내 취약계층 보양식 나눔행사 사업 추진 관계자와 업무협의 차담회,25700,5f449861eb5aa2ee8803a8d18ecb94f413cb52da48a0fb3dc74e4084fcbf7bd9,sheet2:R14,,,
5f449861eb5aa2ee-sheet2-R15,2026-06-23,daejeon-jung,행정지원과,도어블,보존기간 30년 이상 중요 비전자기록물 DB구축 사업 추진 관계자 오찬,87000,5f449861eb5aa2ee8803a8d18ecb94f413cb52da48a0fb3dc74e4084fcbf7bd9,sheet2:R15,,,
5f449861eb5aa2ee-sheet2-R16,2026-06-29,daejeon-jung,행정지원과,"전복만세, 파이가든",통합방위태세 확립을 위한 협조사항 논의 간담회,76100,5f449861eb5aa2ee8803a8d18ecb94f413cb52da48a0fb3dc74e4084fcbf7bd9,sheet2:R16,,,
5f449861eb5aa2ee-sheet2-R17,2026-06-29,daejeon-jung,행정지원과,도어블,자원봉사 활성화를 위한 유관기관 간담회,66000,5f449861eb5aa2ee8803a8d18ecb94f413cb52da48a0fb3dc74e4084fcbf7bd9,sheet2:R17,,,
6a63c3e2ec56b464-sheet1-R7,2026-06-02,daejeon-jung,행정지원과,중구마루,집무실 운영물품 구입,496300,6a63c3e2ec56b464f0571173a136d046ad9cab22e85505765eaccdab026a28dd,sheet1:R7,,,
6a63c3e2ec56b464-sheet1-R8,2026-06-03,daejeon-jung,행정지원과,백조한우마을,제9회 전국동시지방선거 지원상황실 운영 등 노고 격려,193000,6a63c3e2ec56b464f0571173a136d046ad9cab22e85505765eaccdab026a28dd,sheet1:R8,,,
6a63c3e2ec56b464-sheet1-R10,2026-06-05,daejeon-jung,행정지원과,여수게장백반,"2025년 기준 경제총조사 실시, 민간데이터 공동구매 사업 등 현안업무 추진 직원 격려 오찬",156000,6a63c3e2ec56b464f0571173a136d046ad9cab22e85505765eaccdab026a28dd,sheet1:R10,,,
6a63c3e2ec56b464-sheet1-R12,2026-06-08,daejeon-jung,행정지원과,"나룻터식당, 알로하녹","정책리더십 역량강화 교육, 보안업무 심사분석 등 현안업무 추진 노고 직원 격려",62800,6a63c3e2ec56b464f0571173a136d046ad9cab22e85505765eaccdab026a28dd,sheet1:R12,,,
6a63c3e2ec56b464-sheet1-R13,2026-06-09,daejeon-jung,행정지원과,성심당,"미술축제, 국가유산 야행 사업 등 원도심 문화예술 증진을 위한 현안업무 추진으로 노고가 많은 직원들을 격려",127000,6a63c3e2ec56b464f0571173a136d046ad9cab22e85505765eaccdab026a28dd,sheet1:R13,,,
6a63c3e2ec56b464-sheet1-R14,2026-06-10,daejeon-jung,행정지원과,구로도통닭,상반기 노인 복지시설 지도점검 추진 직원 노고 격려 만찬,27400,6a63c3e2ec56b464f0571173a136d046ad9cab22e85505765eaccdab026a28dd,sheet1:R14,,,
6a63c3e2ec56b464-sheet1-R15,2026-06-11,daejeon-jung,행정지원과,오스하우스,간부공무원 일정관리 및 의전업무 노고직원 격려,16000,6a63c3e2ec56b464f0571173a136d046ad9cab22e85505765eaccdab026a28dd,sheet1:R15,,,
6a63c3e2ec56b464-sheet1-R16,2026-06-12,daejeon-jung,행정지원과,경조사비,"위생과 시모상, 회계과 결혼, 공원녹지과 자혼, 효문화마을관리사업소 여혼",200000,6a63c3e2ec56b464f0571173a136d046ad9cab22e85505765eaccdab026a28dd,sheet1:R16,,,
6a63c3e2ec56b464-sheet1-R17,2026-06-12,daejeon-jung,행정지원과,한국야쿠르트,회의 운영물품 구입,30000,6a63c3e2ec56b464f0571173a136d046ad9cab22e85505765eaccdab026a28dd,sheet1:R17,,,
6a63c3e2ec56b464-sheet1-R18,2026-06-16,daejeon-jung,행정지원과,"동원식당, 알로하녹, 카페대흥",고유가 피해지원금 TF 운영 직원 노고 격려 오찬,54800,6a63c3e2ec56b464f0571173a136d046ad9cab22e85505765eaccdab026a28dd,sheet1:R18,,,
6a63c3e2ec56b464-sheet1-R19,2026-06-17,daejeon-jung,행정지원과,"고려회관, 알로하녹",생활쓰레기 불법투기 특별 야간단속 추진 직원 격려 오찬,106000,6a63c3e2ec56b464f0571173a136d046ad9cab22e85505765eaccdab026a28dd,sheet1:R19,,,
6a63c3e2ec56b464-sheet1-R20,2026-06-18,daejeon-jung,행정지원과,"나룻터식당, 카페모아",대전형 빈집정비 철거 사업 현안업무 추진 직원 격려,51300,6a63c3e2ec56b464f0571173a136d046ad9cab22e85505765eaccdab026a28dd,sheet1:R20,,,
6a63c3e2ec56b464-sheet1-R21,2026-06-23,daejeon-jung,행정지원과,성심당,"차고지외 밤샘주차 계도, 불법주정차 단속 및 현장 민원 처리 등 현장 현안업무 추진 직원 노고 격려 간식 구입",476800,6a63c3e2ec56b464f0571173a136d046ad9cab22e85505765eaccdab026a28dd,sheet1:R21,,,
6a63c3e2ec56b464-sheet1-R22,2026-06-24,daejeon-jung,행정지원과,개인(성명 비공개),"도시계획과 장인상, 기후환경과 여혼, 도시계획과 결혼, 세원관리과 결혼",200000,6a63c3e2ec56b464f0571173a136d046ad9cab22e85505765eaccdab026a28dd,sheet1:R22,7f7ef59801f0eb7174fd12de6b6ad742f97f3df571caca3d5f26bc42b5299e53:sheet1:R24,,
6a63c3e2ec56b464-sheet1-R23,2026-06-24,daejeon-jung,행정지원과,"고려회관, 알로하녹","식중독 발생 현장 대응 모의훈련, 식품제조가공업소 위생등급관리제 평가 사업 등 추진 직원 노고 격려 오찬",115800,6a63c3e2ec56b464f0571173a136d046ad9cab22e85505765eaccdab026a28dd,sheet1:R23,,,
6a63c3e2ec56b464-sheet1-R24,2026-06-24,daejeon-jung,행정지원과,3일소고기국밥,"지역축제 대비 방역소독, 국가예방접종 위탁의료기관 점검 추진 직원 노고 격려",176000,6a63c3e2ec56b464f0571173a136d046ad9cab22e85505765eaccdab026a28dd,sheet1:R24,,,
6a63c3e2ec56b464-sheet1-R25,2026-06-25,daejeon-jung,행정지원과,"화평본가, 빽다방",수요 인프라 도출 및 원도심 우선 투자 방안 모색 등 현안업무 추진 직원 격려,218000,6a63c3e2ec56b464f0571173a136d046ad9cab22e85505765eaccdab026a28dd,sheet1:R25,,,
6a63c3e2ec56b464-sheet1-R26,2026-06-26,daejeon-jung,행정지원과,참선진녹즙,회의 운영물품 구입,141600,6a63c3e2ec56b464f0571173a136d046ad9cab22e85505765eaccdab026a28dd,sheet1:R26,,,
6a63c3e2ec56b464-sheet1-R27,2026-06-26,daejeon-jung,행정지원과,"여수게장백반, 멜뷰",옥외광고물 안전점검 및 건축물 해체공사 현장점검 실시사업 등 현안업무 추진 직원 격려,314400,6a63c3e2ec56b464f0571173a136d046ad9cab22e85505765eaccdab026a28dd,sheet1:R27,,,
6a63c3e2ec56b464-sheet1-R28,2026-06-26,daejeon-jung,행정지원과,종로할머니손칼국수,"중구 평생학습관 확장이전, 북페스티벌 사전프로그램 공모전 준비 등 직원 격려 만찬",121000,6a63c3e2ec56b464f0571173a136d046ad9cab22e85505765eaccdab026a28dd,sheet1:R28,,,
6a63c3e2ec56b464-sheet1-R29,2026-06-28,daejeon-jung,행정지원과,플라잉팬,여름철 우기대비 하수시설물 정비 비상근무 실시 등 긴급 현안업무 추진 소관 부서 직원 노고 격려,130000,6a63c3e2ec56b464f0571173a136d046ad9cab22e85505765eaccdab026a28dd,sheet1:R29,,,
6a63c3e2ec56b464-sheet1-R30,2026-06-29,daejeon-jung,행정지원과,"산성골, 카페 침산",행락철 대비 쾌적한 공원환경 조성을 위한 업무협의 간담회,279500,6a63c3e2ec56b464f0571173a136d046ad9cab22e85505765eaccdab026a28dd,sheet1:R30,,,
6a63c3e2ec56b464-sheet1-R31,2026-06-30,daejeon-jung,행정지원과,"도톰도톰, 팔롬비니","간부공무원 일정관리 및 의전업무, 총무 현안업무 추진 직원 노고 격려",153400,6a63c3e2ec56b464f0571173a136d046ad9cab22e85505765eaccdab026a28dd,sheet1:R31,,,
6a63c3e2ec56b464-sheet1-R32,2026-06-30,daejeon-jung,행정지원과,장춘식당,"여름철 우기 대비 주택건설공사장 안전점검 추진, 2분기 도약과제 추진 등 직원 격려 만찬",121000,6a63c3e2ec56b464f0571173a136d046ad9cab22e85505765eaccdab026a28dd,sheet1:R32,,,
6a63c3e2ec56b464-sheet2-R6,2026-06-01,daejeon-jung,행정지원과,보생옥,서대전역 복합환승센터 조성사업 추진 관련기관과 오찬 간담회,51000,6a63c3e2ec56b464f0571173a136d046ad9cab22e85505765eaccdab026a28dd,sheet2:R6,,,
6a63c3e2ec56b464-sheet2-R7,2026-06-01,daejeon-jung,행정지원과,백마강민물장어,의료인재 양성 업무협약 체결에 따른 의료기관 현장교육 및 실습활성화 방안 논의 간담회,112000,6a63c3e2ec56b464f0571173a136d046ad9cab22e85505765eaccdab026a28dd,sheet2:R7,,,
6a63c3e2ec56b464-sheet2-R8,2026-06-09,daejeon-jung,행정지원과,"의정부부대찌개, 카페안나",여름철 우기 대비 주택건설공사장 안전점검 추진 관련 업무추진 유관기관 오찬 간담회,163000,6a63c3e2ec56b464f0571173a136d046ad9cab22e85505765eaccdab026a28dd,sheet2:R8,,,
6a63c3e2ec56b464-sheet2-R9,2026-06-09,daejeon-jung,행정지원과,우식이네 숙성관,지역 실증형 오픈이노베이션 협업 사업 관련 업무추진 유관기관 만찬,188000,6a63c3e2ec56b464f0571173a136d046ad9cab22e85505765eaccdab026a28dd,sheet2:R9,,,
6a63c3e2ec56b464-sheet2-R10,2026-06-10,daejeon-jung,행정지원과,"고려회관, 알로하녹",안정적 구금고 운영 및 상호협력을 위한 관계자 간담회,111000,6a63c3e2ec56b464f0571173a136d046ad9cab22e85505765eaccdab026a28dd,sheet2:R10,,,
6a63c3e2ec56b464-sheet2-R11,2026-06-12,daejeon-jung,행정지원과,"만수민물장어, 모습","지적, 공간정보 제공 등 구민 재산권 보호를 위한 유관기관 간담회",300560,6a63c3e2ec56b464f0571173a136d046ad9cab22e85505765eaccdab026a28dd,sheet2:R11,,,
6a63c3e2ec56b464-sheet2-R12,2026-06-12,daejeon-jung,행정지원과,유명돌구이,관내 축제 및 로컬투어의 성공적인 추진을 위한 문화체육 시책사업 벤치마킹 및 관련 방안 논의 간담회,290000,6a63c3e2ec56b464f0571173a136d046ad9cab22e85505765eaccdab026a28dd,sheet2:R12,,,
6a63c3e2ec56b464-sheet2-R13,2026-06-15,daejeon-jung,행정지원과,"삼팔집, 팔롬비니",테러대상시설 수준진단 실시 업무추진 유관기관 간담회,218600,6a63c3e2ec56b464f0571173a136d046ad9cab22e85505765eaccdab026a28dd,sheet2:R13,,,
6a63c3e2ec56b464-sheet2-R14,2026-06-18,daejeon-jung,행정지원과,"권인순 갈비김치찌개, 버디",중구 관내 AI·IoT 사업 투자유치 및 창업 기업 육성 방안 논의 만찬 간담회,83900,6a63c3e2ec56b464f0571173a136d046ad9cab22e85505765eaccdab026a28dd,sheet2:R14,,,
6a63c3e2ec56b464-sheet2-R15,2026-06-19,daejeon-jung,행정지원과,"타향골, 중구마루","민선9기 공약 정책화, 실천가능성 검토 등 구정 현안 종합 비전설계 방안 논의 오찬 간담회",322400,6a63c3e2ec56b464f0571173a136d046ad9cab22e85505765eaccdab026a28dd,sheet2:R15,,,
6a63c3e2ec56b464-sheet2-R16,2026-06-25,daejeon-jung,행정지원과,백조한우마을,구정 홍보를 위한 언론사 관계자 간담회,304000,6a63c3e2ec56b464f0571173a136d046ad9cab22e85505765eaccdab026a28dd,sheet2:R16,,,
6a63c3e2ec56b464-sheet2-R17,2026-06-29,daejeon-jung,행정지원과,월산본가,안영생활체육시설단지 조성 사업추진 관계자 간담회,128000,6a63c3e2ec56b464f0571173a136d046ad9cab22e85505765eaccdab026a28dd,sheet2:R17,,,
58f64b44eb1ae5ba-sheet1-R6,2026-06-17,daejeon-jung,공동주택과,삼팔집 (중구 대흥동 소재),재건축사업 정비계획(안) 협의 및 주민 공람 의견 청취를 위한 사전 논의 등,480000,58f64b44eb1ae5ba21def4624d7e5bb05ac3a269435306a6139d23e07defa104,sheet1:R6,,,
b3f332da66934224-sheet1-R5,2026-06-09,daejeon-jung,교통행정과,삼팔집 외 1개소,교통행정 현안업무 추진을 위한 대전시 관계자와 간담회,108000,b3f332da66934224adb8f0fb80f95cf33498311f7f2d41d943ee5fc3b79eed4c,sheet1:R5,,,
b3f332da66934224-sheet1-R6,2026-06-12,daejeon-jung,교통행정과,정원 외 1개소,교통행정 현안업무 추진을 위한 대전시 관계자와 간담회,151000,b3f332da66934224adb8f0fb80f95cf33498311f7f2d41d943ee5fc3b79eed4c,sheet1:R6,,,
b3f332da66934224-sheet1-R7,2026-06-23,daejeon-jung,교통행정과,나무오향족발,교통행정 현안업무 추진을 위한 대전시 관계자와 간담회,183000,b3f332da66934224adb8f0fb80f95cf33498311f7f2d41d943ee5fc3b79eed4c,sheet1:R7,,,
b3f332da66934224-sheet2-R5,2026-06-11,daejeon-jung,교통행정과,쪽방꼬장집,생활환경국 소속 직원 격려,240000,b3f332da66934224adb8f0fb80f95cf33498311f7f2d41d943ee5fc3b79eed4c,sheet2:R5,,,
b2e7322d0a90cf48-sheet1-R5,2026-06-11,daejeon-jung,기후환경과,스시무희 외 1개소,주민참여예산 관련 업무 협의,287900,b2e7322d0a90cf4887e40290c0f68f836c879802ca41eafdda8f9059059b53c8,sheet1:R5,,,
b2e7322d0a90cf48-sheet1-R6,2026-06-18,daejeon-jung,기후환경과,도담한정식 외 1개소,환경오염사고 조치 관련 업무 협의,198800,b2e7322d0a90cf4887e40290c0f68f836c879802ca41eafdda8f9059059b53c8,sheet1:R6,,,
9f913ffc0593d29d-sheet1-R5,2026-06-12,daejeon-jung,건축과,동해자연산참가자미세꼬시,옥외광고관련 업무 관계자 간담회,250000,9f913ffc0593d29deb7e12e2a72717500efe699210dee04cd543ba6642c9cda7,sheet1:R5,,,
3e5d9a9213f78957-sheet1-R5,2026-06-10,daejeon-jung,토지정보과,파란들식당,한국공인중개사협회 대전중구지회 간담회,160000,3e5d9a9213f78957bd8a5c23c618c9b7f34cb68faf35a9497be6de943be2416f,sheet1:R5,,,
42989b43b6963d82-sheet1-R5,2026-06-09,daejeon-jung,평생교육과,디저트테이블냠냠,북페스티벌 시민기획단 간담회 다과류,90000,42989b43b6963d82968da89ae2c8ff658590907eb02816a12e11f038a6c7dded,sheet1:R5,,,
42989b43b6963d82-sheet1-R6,2026-06-12,daejeon-jung,평생교육과,"이립, 하이드아웃",중구평생학습관 확장이전 관련 사업 관계자 식사,74000,42989b43b6963d82968da89ae2c8ff658590907eb02816a12e11f038a6c7dded,sheet1:R6,,,
42989b43b6963d82-sheet1-R7,2026-06-17,daejeon-jung,평생교육과,충남민물장어,문창공공도서관 건립 사업 관계자 식사,97000,42989b43b6963d82968da89ae2c8ff658590907eb02816a12e11f038a6c7dded,sheet1:R7,,,
e30dce410e686fd7-sheet1-R5,2026-06-06,daejeon-jung,복지정책과,-,호국보훈의 달 대전보훈공원 관리직원 격려,100000,e30dce410e686fd72a4f19fab91c0d44ffdcb7d75683778f4c83d11c330c4bba,sheet1:R5,,,
e30dce410e686fd7-sheet1-R6,2026-06-16,daejeon-jung,복지정책과,헤이야미,방문운동서비스의 원활한 수행 방안 논의 등을 위한 업무협약기관 오찬 간담회,475000,e30dce410e686fd72a4f19fab91c0d44ffdcb7d75683778f4c83d11c330c4bba,sheet1:R6,,,
e30dce410e686fd7-sheet2-R5,2026-06-26,daejeon-jung,복지정책과,동원식당 팔롬비니(대흥점),국가유공어르신 영양수액봉사 추진 관련 행사 진행 및 내용 논의 등,121900,e30dce410e686fd72a4f19fab91c0d44ffdcb7d75683778f4c83d11c330c4bba,sheet2:R5,,,
e30dce410e686fd7-sheet2-R6,2026-06-29,daejeon-jung,복지정책과,손의손,4개소 사회복지관 관계자 대상 2026년 통합돌봄 하반기 업무 협조사항 논의 등,200000,e30dce410e686fd72a4f19fab91c0d44ffdcb7d75683778f4c83d11c330c4bba,sheet2:R6,,,
932acd88dcf15985-sheet1-R6,2026-06-16,daejeon-jung,문화체육관광과,"보문산누룽지삼계탕, 문스커피",문화경제국 업무 협의를 위한 부서장 간담회,99000,932acd88dcf159854ac2210e98fb90aec13af11ebb2d1a86ec97fd24185f6e01,sheet1:R6,,,
932acd88dcf15985-sheet1-R7,2026-06-17,daejeon-jung,문화체육관광과,규카츠정,소상공인 지원사업 추진 노고직원 격려,96000,932acd88dcf159854ac2210e98fb90aec13af11ebb2d1a86ec97fd24185f6e01,sheet1:R7,,,
932acd88dcf15985-sheet1-R8,2026-06-19,daejeon-jung,문화체육관광과,전복만세,문화예술증진을 위한 노고직원 격려,95000,932acd88dcf159854ac2210e98fb90aec13af11ebb2d1a86ec97fd24185f6e01,sheet1:R8,,,
932acd88dcf15985-sheet1-R9,2026-06-29,daejeon-jung,문화체육관광과,"파란들식당, 우리동네",평생교육 활성화를 위한 현안업무 노고직원 격려,86000,932acd88dcf159854ac2210e98fb90aec13af11ebb2d1a86ec97fd24185f6e01,sheet1:R9,,,
932acd88dcf15985-sheet2-R6,2026-06-11,daejeon-jung,문화체육관광과,"형네낙지, 숨결커피",효문화뿌리마을 조성사업 협조부서 간담회,392000,932acd88dcf159854ac2210e98fb90aec13af11ebb2d1a86ec97fd24185f6e01,sheet2:R6,,,
932acd88dcf15985-sheet2-R7,2026-06-17,daejeon-jung,문화체육관광과,"고향촌, 중구마루",중구 비전위원회 간담회,258000,932acd88dcf159854ac2210e98fb90aec13af11ebb2d1a86ec97fd24185f6e01,sheet2:R7,,,
932acd88dcf15985-sheet3-R6,2026-06-17,daejeon-jung,문화체육관광과,중구마루(구내식당),중구 비전위원회 간담회,31500,932acd88dcf159854ac2210e98fb90aec13af11ebb2d1a86ec97fd24185f6e01,sheet3:R6,,,
932acd88dcf15985-sheet4-R6,2026-06-12,daejeon-jung,문화체육관광과,"선코다리냉면, 카페리안",장애인생활체육대회 활성화를 위한 유관기관 간담회,102000,932acd88dcf159854ac2210e98fb90aec13af11ebb2d1a86ec97fd24185f6e01,sheet4:R6,,,
932acd88dcf15985-sheet4-R7,2026-06-22,daejeon-jung,문화체육관광과,한우종가,장애인체육회 운영 활성화를 위한 유관기관 간담회,286000,932acd88dcf159854ac2210e98fb90aec13af11ebb2d1a86ec97fd24185f6e01,sheet4:R7,,,
2f7706b5358e9e15-sheet1-R5,2026-06-23,daejeon-jung,위생과,"사리원면옥(중구 중교로 62), 카페봄(중구 대흥로139번길 34)",시책추진업무추진비 지급결의(외식업중구지부 관계자 오찬 간담회),141400,2f7706b5358e9e15a83c0070b80debba31fff267e8e94ff8480e4a8b09894e8e,sheet1:R5,,,
2f7706b5358e9e15-sheet1-R6,2026-06-26,daejeon-jung,위생과,내집식당(중구 대흥로121번길 42),시책추진업무추진비 지급결의(위생관련단체 간담회),80000,2f7706b5358e9e15a83c0070b80debba31fff267e8e94ff8480e4a8b09894e8e,sheet1:R6,,,
2f7706b5358e9e15-sheet1-R7,2026-06-26,daejeon-jung,위생과,풍경(중구 천근로 37),시책추진업무추진비 지급결의(하절기 식중독 예방 등 위생수준 향상을 위한 간담회),238000,2f7706b5358e9e15a83c0070b80debba31fff267e8e94ff8480e4a8b09894e8e,sheet1:R7,,,
176db8a54bcab71a-sheet1-R5,2026-06-05,daejeon-jung,일자리경제과,아마우키유천점,유천전통시장 뉴천 새버들 야시장 관련 업무협의,20000,176db8a54bcab71a8672d1fbb7d8870002497d069549345840989748d5989985,sheet1:R5,,,
176db8a54bcab71a-sheet1-R6,2026-06-05,daejeon-jung,일자리경제과,코페이_비,유천전통시장 뉴천 새버들 야시장 관련 업무협의,40000,176db8a54bcab71a8672d1fbb7d8870002497d069549345840989748d5989985,sheet1:R6,,,
176db8a54bcab71a-sheet1-R7,2026-06-05,daejeon-jung,일자리경제과,유천매운탕,유천전통시장 뉴천 새버들 야시장 관련 업무협의,12000,176db8a54bcab71a8672d1fbb7d8870002497d069549345840989748d5989985,sheet1:R7,,,
176db8a54bcab71a-sheet1-R8,2026-06-05,daejeon-jung,일자리경제과,아주유통,유천전통시장 뉴천 새버들 야시장 관련 업무협의,40000,176db8a54bcab71a8672d1fbb7d8870002497d069549345840989748d5989985,sheet1:R8,,,
176db8a54bcab71a-sheet1-R9,2026-06-11,daejeon-jung,일자리경제과,우리분식,유천전통시장 공영주차장 운영관련 업무협의,66000,176db8a54bcab71a8672d1fbb7d8870002497d069549345840989748d5989985,sheet1:R9,,,
176db8a54bcab71a-sheet1-R10,2026-06-11,daejeon-jung,일자리경제과,이하나이,유천전통시장 공영주차장 운영관련 업무협의,18000,176db8a54bcab71a8672d1fbb7d8870002497d069549345840989748d5989985,sheet1:R10,,,
176db8a54bcab71a-sheet1-R11,2026-06-18,daejeon-jung,일자리경제과,국밥한그릇 그리고 냉면,청년마을 만들기 사업 추진 관련 업무 협의,105700,176db8a54bcab71a8672d1fbb7d8870002497d069549345840989748d5989985,sheet1:R11,,,
176db8a54bcab71a-sheet1-R12,2026-06-18,daejeon-jung,일자리경제과,에서,청년마을 만들기 사업 추진 관련 업무 협의,37500,176db8a54bcab71a8672d1fbb7d8870002497d069549345840989748d5989985,sheet1:R12,,,
176db8a54bcab71a-sheet1-R13,2026-06-24,daejeon-jung,일자리경제과,트루,원도심 상권활성화 사업 추진 관련 업무협의,178000,176db8a54bcab71a8672d1fbb7d8870002497d069549345840989748d5989985,sheet1:R13,,,
176db8a54bcab71a-sheet1-R14,2026-06-24,daejeon-jung,일자리경제과,옐로우라이트,원도심 상권활성화 사업 추진 관련 업무협의,22000,176db8a54bcab71a8672d1fbb7d8870002497d069549345840989748d5989985,sheet1:R14,,,
176db8a54bcab71a-sheet1-R15,2026-06-26,daejeon-jung,일자리경제과,오감만족,태평전통시장 이벤트 지원사업 관련 업무협의,100000,176db8a54bcab71a8672d1fbb7d8870002497d069549345840989748d5989985,sheet1:R15,,,
3916e8c08b498f39-sheet1-R5,2026-06-25,daejeon-jung,세원관리과,현대오리타운,하나은행 구금고담당자 업무 간담회,231000,3916e8c08b498f39f4af371a16e02222f017367727250ad67ddac9004b890e73,sheet1:R5,,,
814bccdd54f7bf04-sheet1-R6,2026-06-18,daejeon-jung,회계과,잇투데이선화점,2026 상반기 회계교육 간담회,93100,814bccdd54f7bf049e522499bd951dd4f648c073c7cde01e38c7d2b484f11926,sheet1:R6,,,
e1fdc9fff37f74ac-sheet1-R6,2026-06-01,daejeon-jung,세정과,전복만세,하나은행 구금고담당자 업무 간담회 개최,126000,e1fdc9fff37f74ac813858f09ae31439e1f44f14511af82a11c2a6beab6a9ae8,sheet1:R6,,,
e1fdc9fff37f74ac-sheet1-R7,2026-06-01,daejeon-jung,세정과,모닝포레스트,하나은행 구금고담당자 업무 간담회 개최,24500,e1fdc9fff37f74ac813858f09ae31439e1f44f14511af82a11c2a6beab6a9ae8,sheet1:R7,,,
e1fdc9fff37f74ac-sheet1-R8,2026-06-09,daejeon-jung,세정과,탄현,취득세 중과세 분야 제도개선 논의 간담회 개최,240000,e1fdc9fff37f74ac813858f09ae31439e1f44f14511af82a11c2a6beab6a9ae8,sheet1:R8,,,
e55a7b90002d6167-sheet1-R6,2026-06-17,daejeon-jung,도시재생과,해사랑식당 (중구 선화동 371-2),대흥지구 뉴:빌리지 사업 추진과 관련하여 효율적인 사업추진을 위해 관계자들의 다양한 의견을 듣고자 자리 마련,105000,e55a7b90002d616799813f4986cb03f988a7eaa1d15a52d279b3f35c6693f2d4,sheet1:R6,,,
e55a7b90002d6167-sheet1-R7,2026-06-19,daejeon-jung,도시재생과,이리할매추어탕 (중구 유천동 304-7),로컬브랜딩 활성화 사업의 일환인 메이커 스페이스 신축공사의 성공적인 추진을 위해 사업 관계자들의 다양한 의견을 듣고자 자리 마련,78000,e55a7b90002d616799813f4986cb03f988a7eaa1d15a52d279b3f35c6693f2d4,sheet1:R7,,,
e55a7b90002d6167-sheet1-R8,2026-06-30,daejeon-jung,도시재생과,봉소루 카페 (중구 대종로235),석교동 도시재생대학 9기 개강 및 선진지 견학 진행 후 향후 사업 추진 방향 전반에 대한 관계자들의 다양한 의견을 듣고자 자리 마련,49500,e55a7b90002d616799813f4986cb03f988a7eaa1d15a52d279b3f35c6693f2d4,sheet1:R8,,,
721827545c11640d-sheet1-R5,2026-06-22,daejeon-jung,공원녹지과,동원식당,산림녹지 정책 협의 및 상호 협력체계 구축을 위한 상호 간담회 (시 산림녹지정책과 직원 및 중구 공원녹지과 직원),43000,721827545c11640d04481b285e0a1f174fce966413dc5baa1b36f8e403b4e9c0,sheet1:R5,,,
69a339ba74e82652-sheet1-R5,2026-06-01,daejeon-jung,사회복지과,피제리아오로,"주거케어 통합서비스사업 추진 업무협의 (사회복지과장 및 직원 4명, 자활센터 관계자 5명)",203000,69a339ba74e82652eb15e9abbb6e3f561d0b7fc0f8c50fe0d114da23439f9b13,sheet1:R5,,,
69a339ba74e82652-sheet1-R6,2026-06-01,daejeon-jung,사회복지과,크리켓사운드,"주거케어 통합서비스사업 추진 업무협의 (사회복지과장 및 직원 4명, 자활센터 관계자 5명)",60000,69a339ba74e82652eb15e9abbb6e3f561d0b7fc0f8c50fe0d114da23439f9b13,sheet1:R6,,,
69a339ba74e82652-sheet1-R7,2026-06-10,daejeon-jung,사회복지과,손의손,"의료급여사례관리사업 업무협의 (사회복지과장 및 직원 2명, 구 의료급여관리사 2명, 시 의료급여관리사 2명)",93000,69a339ba74e82652eb15e9abbb6e3f561d0b7fc0f8c50fe0d114da23439f9b13,sheet1:R7,,,
69a339ba74e82652-sheet1-R8,2026-06-17,daejeon-jung,사회복지과,별리달리돈까스,"의료급여기관 업무협의 (사회복지과장 및 직원 4명, 의료급여기관 관계자 6명)",185000,69a339ba74e82652eb15e9abbb6e3f561d0b7fc0f8c50fe0d114da23439f9b13,sheet1:R8,,,
69a339ba74e82652-sheet1-R9,2026-06-17,daejeon-jung,사회복지과,카운트커피 선화,"의료급여기관 업무협의 (사회복지과장 및 직원 4명, 의료급여기관 관계자 6명)",50000,69a339ba74e82652eb15e9abbb6e3f561d0b7fc0f8c50fe0d114da23439f9b13,sheet1:R9,,,
69a339ba74e82652-sheet1-R10,2026-06-29,daejeon-jung,사회복지과,조선돌솥밥,"맞춤형 자활지원체계 개편 1차 시범사업 업무협의 (사회복지과장 및 직원 5명, 자활센터 관계자 6명)",187000,69a339ba74e82652eb15e9abbb6e3f561d0b7fc0f8c50fe0d114da23439f9b13,sheet1:R10,,,
69a339ba74e82652-sheet1-R11,2026-06-29,daejeon-jung,사회복지과,윈터커피로스터스,"맞춤형 자활지원체계 개편 1차 시범사업 업무협의 (사회복지과장 및 직원 5명, 자활센터 관계자 6명)",43200,69a339ba74e82652eb15e9abbb6e3f561d0b7fc0f8c50fe0d114da23439f9b13,sheet1:R11,,,
1431b73564610e15-sheet1-R6,2026-06-08,daejeon-jung,자치분권과,중구 중촌로28번길 44(금송오리와삼계탕),사회연대경제혁신모델 발굴 및 공모사업 추진에 따른 다각적인 현안 논의를 위한 중구 사회적경제연합회 관계자들과 오찬 간담회,88000,1431b73564610e1502f8b2ed0d77a67293ad55739e28e9eace710ae5b7ef25f3,sheet1:R6,,,
1431b73564610e15-sheet1-R7,2026-06-24,daejeon-jung,자치분권과,중구 대종로480번길 15(로쏘주식회사),행정안전부 고향사랑기부제 답례품 품질 및 관리현황 현장점검 및 간담회 참석자 기념품 지급,150000,1431b73564610e1502f8b2ed0d77a67293ad55739e28e9eace710ae5b7ef25f3,sheet1:R7,,,
6a4502e86c64d16f-sheet1-R5,2026-06-09,daejeon-jung,도시계획과,공원녹지과,도시관리국 직원 경조사비 지급,50000,6a4502e86c64d16f1e7f683c181c83b5e5093bf6227d4b4988a5719b75dd3001,sheet1:R5,,,
6a4502e86c64d16f-sheet1-R6,2026-06-11,daejeon-jung,도시계획과,커피몰 탄방점㈜,내방객 방문 음료 구입 등,308600,6a4502e86c64d16f1e7f683c181c83b5e5093bf6227d4b4988a5719b75dd3001,sheet1:R6,,,
6a4502e86c64d16f-sheet2-R5,2026-06-09,daejeon-jung,도시계획과,잇투데이선화점 / 중구 선화동,여름철 우기대비 주택건설 공사장 안전점검 관련 시 관계자 협의,136100,6a4502e86c64d16f1e7f683c181c83b5e5093bf6227d4b4988a5719b75dd3001,sheet2:R5,,,
6a4502e86c64d16f-sheet2-R6,2026-06-10,daejeon-jung,도시계획과,파란들식당 / 중구 선화동,용두동2구역 재개발 정비사업 관련 사업 관계자 오찬,70000,6a4502e86c64d16f1e7f683c181c83b5e5093bf6227d4b4988a5719b75dd3001,sheet2:R6,,,
6a4502e86c64d16f-sheet2-R7,2026-06-11,daejeon-jung,도시계획과,파란들식당 / 중구 선화동,대사동1구역 재개발 정비사업 관련 사업관계자 오찬,60000,6a4502e86c64d16f1e7f683c181c83b5e5093bf6227d4b4988a5719b75dd3001,sheet2:R7,,,
6a4502e86c64d16f-sheet2-R8,2026-06-11,daejeon-jung,도시계획과,일품집 / 유성구 반석동,보문산 인근 공원인프라 확장 등 발전방안 시관계자 협의,280000,6a4502e86c64d16f1e7f683c181c83b5e5093bf6227d4b4988a5719b75dd3001,sheet2:R8,,,
6a4502e86c64d16f-sheet2-R9,2026-06-12,daejeon-jung,도시계획과,대전대파집 / 중구 대흥동,하천유지관리 및 기성제정비 장비임차 용역관련 용역사 협의,220000,6a4502e86c64d16f1e7f683c181c83b5e5093bf6227d4b4988a5719b75dd3001,sheet2:R9,,,
6a4502e86c64d16f-sheet2-R10,2026-06-15,daejeon-jung,도시계획과,파란들식당 / 중구 선화동,문화2재개발구역 관련 시공사 및 조합원과 협의,240000,6a4502e86c64d16f1e7f683c181c83b5e5093bf6227d4b4988a5719b75dd3001,sheet2:R10,,,
6a4502e86c64d16f-sheet3-R5,2026-06-02,daejeon-jung,도시계획과,대흥매운순대국밥 / 중구 대흥동 소재,산성동2구역 재개발 정비사업 관련 회계사와 협의,42000,6a4502e86c64d16f1e7f683c181c83b5e5093bf6227d4b4988a5719b75dd3001,sheet3:R5,,,
6a4502e86c64d16f-sheet3-R6,2026-06-02,daejeon-jung,도시계획과,미소본가스마일칼국수 / 중구 대흥동 소재,용두동3구역 재개발 정비사업 관련 관계자 오찬,64000,6a4502e86c64d16f1e7f683c181c83b5e5093bf6227d4b4988a5719b75dd3001,sheet3:R6,,,
6a4502e86c64d16f-sheet3-R7,2026-06-23,daejeon-jung,도시계획과,바로그집 / 중구 대흥동 소재,호동구역 재개발 정비사업 관련 관계자 오찬,43800,6a4502e86c64d16f1e7f683c181c83b5e5093bf6227d4b4988a5719b75dd3001,sheet3:R7,,,
cfd9d930b2cf488e-sheet1-R5,2026-06-02,daejeon-jung,여성아동과,목동면옥,대전중부모범운전자회와 간담회,126000,cfd9d930b2cf488e16bdd9cd19a1a9935afadd8040b20815026ba04f920aeb5a,sheet1:R5,,,
cfd9d930b2cf488e-sheet1-R6,2026-06-04,daejeon-jung,여성아동과,희락반점,어린이날 행사 주관기관 간담회,145000,cfd9d930b2cf488e16bdd9cd19a1a9935afadd8040b20815026ba04f920aeb5a,sheet1:R6,,,
cfd9d930b2cf488e-sheet1-R7,2026-06-05,daejeon-jung,여성아동과,박가부대,어린이날 행사 협력기관 결과공유 간담회,145000,cfd9d930b2cf488e16bdd9cd19a1a9935afadd8040b20815026ba04f920aeb5a,sheet1:R7,,,
cfd9d930b2cf488e-sheet1-R8,2026-06-08,daejeon-jung,여성아동과,통소매식당,어린이날 행사 대행용역과 간담회,88000,cfd9d930b2cf488e16bdd9cd19a1a9935afadd8040b20815026ba04f920aeb5a,sheet1:R8,,,
cfd9d930b2cf488e-sheet1-R9,2026-06-10,daejeon-jung,여성아동과,성심당 플라잉팬,어린이날 행사지원 자율방범대와 간담회,148000,cfd9d930b2cf488e16bdd9cd19a1a9935afadd8040b20815026ba04f920aeb5a,sheet1:R9,,,
5a9f20a75024d79e-sheet1-R4,2026-05-26,daejeon-jung,재난안전과,손이가어죽칼국수,2026년 물놀이안전관리요원 격려,122000,5a9f20a75024d79e9e5dc1e0f1658e1c22948d5fb6e04c796a1632dfe598718a,sheet1:R4,,,
5a9f20a75024d79e-sheet1-R5,2026-05-26,daejeon-jung,재난안전과,손이가어죽칼국수,2026년 물놀이안전관리요원 격려,18000,5a9f20a75024d79e9e5dc1e0f1658e1c22948d5fb6e04c796a1632dfe598718a,sheet1:R5,,,
04e6f3ab6c52fbf7-sheet1-R5,2026-05-06,daejeon-jung,기획홍보실,내집식당,구정홍보 간담회,28000,04e6f3ab6c52fbf7936665cbdd612304632a8722f237bfcff38459b058057e94,sheet1:R5,,,
04e6f3ab6c52fbf7-sheet1-R6,2026-05-06,daejeon-jung,기획홍보실,미도리카레,구정홍보 간담회,72000,04e6f3ab6c52fbf7936665cbdd612304632a8722f237bfcff38459b058057e94,sheet1:R6,,,
04e6f3ab6c52fbf7-sheet1-R7,2026-05-06,daejeon-jung,기획홍보실,파이가든,구정홍보 간담회,32000,04e6f3ab6c52fbf7936665cbdd612304632a8722f237bfcff38459b058057e94,sheet1:R7,,,
04e6f3ab6c52fbf7-sheet1-R8,2026-05-14,daejeon-jung,기획홍보실,내집식당,구정홍보 간담회,80000,04e6f3ab6c52fbf7936665cbdd612304632a8722f237bfcff38459b058057e94,sheet1:R8,,,
04e6f3ab6c52fbf7-sheet1-R9,2026-05-14,daejeon-jung,기획홍보실,매머드커피,구정홍보 간담회,3200,04e6f3ab6c52fbf7936665cbdd612304632a8722f237bfcff38459b058057e94,sheet1:R9,,,
04e6f3ab6c52fbf7-sheet1-R10,2026-05-15,daejeon-jung,기획홍보실,복수분식,구정홍보 간담회,101000,04e6f3ab6c52fbf7936665cbdd612304632a8722f237bfcff38459b058057e94,sheet1:R10,,,
04e6f3ab6c52fbf7-sheet1-R11,2026-05-15,daejeon-jung,기획홍보실,숨결커피,구정홍보 간담회,29560,04e6f3ab6c52fbf7936665cbdd612304632a8722f237bfcff38459b058057e94,sheet1:R11,,,
04e6f3ab6c52fbf7-sheet1-R12,2026-05-19,daejeon-jung,기획홍보실,부강옥,구정홍보 간담회,96000,04e6f3ab6c52fbf7936665cbdd612304632a8722f237bfcff38459b058057e94,sheet1:R12,,,
04e6f3ab6c52fbf7-sheet1-R13,2026-05-21,daejeon-jung,기획홍보실,복수분식,구정홍보 간담회,63500,04e6f3ab6c52fbf7936665cbdd612304632a8722f237bfcff38459b058057e94,sheet1:R13,,,
04e6f3ab6c52fbf7-sheet1-R14,2026-05-21,daejeon-jung,기획홍보실,로로네베이커리,구정홍보 간담회,12000,04e6f3ab6c52fbf7936665cbdd612304632a8722f237bfcff38459b058057e94,sheet1:R14,,,
04e6f3ab6c52fbf7-sheet1-R15,2026-05-21,daejeon-jung,기획홍보실,조선돌솥밥,구정홍보 간담회,68000,04e6f3ab6c52fbf7936665cbdd612304632a8722f237bfcff38459b058057e94,sheet1:R15,,,
04e6f3ab6c52fbf7-sheet1-R16,2026-05-21,daejeon-jung,기획홍보실,페이크,구정홍보 간담회,15200,04e6f3ab6c52fbf7936665cbdd612304632a8722f237bfcff38459b058057e94,sheet1:R16,,,
04e6f3ab6c52fbf7-sheet1-R17,2026-05-26,daejeon-jung,기획홍보실,소호차이나,구정홍보 간담회,120000,04e6f3ab6c52fbf7936665cbdd612304632a8722f237bfcff38459b058057e94,sheet1:R17,,,
04e6f3ab6c52fbf7-sheet1-R18,2026-05-26,daejeon-jung,기획홍보실,이디아커피,구정홍보 간담회,22600,04e6f3ab6c52fbf7936665cbdd612304632a8722f237bfcff38459b058057e94,sheet1:R18,,,
04e6f3ab6c52fbf7-sheet1-R19,2026-05-27,daejeon-jung,기획홍보실,풍미식당,구정홍보 간담회,249000,04e6f3ab6c52fbf7936665cbdd612304632a8722f237bfcff38459b058057e94,sheet1:R19,,,
04e6f3ab6c52fbf7-sheet1-R20,2026-05-27,daejeon-jung,기획홍보실,인생역전,구정홍보 간담회,117000,04e6f3ab6c52fbf7936665cbdd612304632a8722f237bfcff38459b058057e94,sheet1:R20,,,
9590fff0ca759b43-sheet1-R5,2026-05-13,daejeon-jung,건설과,호수식당,불법 도로점용물 단속 및 정비에 대한 원활한 업무추진,150000,9590fff0ca759b43edee2c76826d3601600cffd198fea2c9737125dd846bc7be,sheet1:R5,,,
9590fff0ca759b43-sheet1-R6,2026-05-27,daejeon-jung,건설과,내집식당 올갱이,도로 지하안전관리 관련 시구간 원활한 사업추진을 위한 협조체계 구축 및 현안사업 등에 대한 오찬 간담회,59000,9590fff0ca759b43edee2c76826d3601600cffd198fea2c9737125dd846bc7be,sheet1:R6,,,
6a36269f2a342e20-sheet1-R5,2026-05-13,daejeon-jung,건강증진과,도담한정식,사랑의 방문약손사업 간담회,193700,6a36269f2a342e2045982f70f38d9388842d1190e64ffc07f1c1ea17fcf8c88f,sheet1:R5,,,
8b7683a0556adc29-sheet1-R5,2026-05-13,daejeon-jung,평생교육과,1978멕시코리안치킨,자치구-대학 RISE 사업단 업무 협의,86400,8b7683a0556adc29d886dd6ee8edf92b3dd79ea129572e876d61c14d8e8aa7f1,sheet1:R5,,,
a223b84b6c87ba5f-sheet1-R5,2026-05-07,daejeon-jung,민원여권과,주식회사 갓솥비바에이,정보공개평가 관련 간담회,105000,a223b84b6c87ba5f799d0e60f27e405819417add1e265e2c6062ea520a10392e,sheet1:R5,,,
a223b84b6c87ba5f-sheet1-R6,2026-05-14,daejeon-jung,민원여권과,바다황제,대전가정법원 관계공무원 간담회,282000,a223b84b6c87ba5f799d0e60f27e405819417add1e265e2c6062ea520a10392e,sheet1:R6,,,
6e272ab4f6a779f7-sheet1-R6,2026-05-29,daejeon-jung,행정지원과,"전복만세, 모닝포레스트",구정 현안문제 발굴 등 실무 문제해결역량 강화 교육 방안 논의 간담회,188800,6e272ab4f6a779f76e7e1df6f1f7a75645e4f2cc0d6963fd34f9f8c1de15927a,sheet1:R6,,,
a3574a43f65271cc-sheet1-R6,2026-05-07,daejeon-jung,행정지원과,테라로사,정보공개 발전 유공 표창 전수식 참석 등 직원 노고 격려 차담회,78200,a3574a43f65271ccfef7a47c45e34e2a2e6c2d6028d7a3995b0809368b1e20e1,sheet1:R6,,,
a3574a43f65271cc-sheet1-R7,2026-05-11,daejeon-jung,행정지원과,부엔까미노,주민참여예산 및 의료요양통합돌봄 사업 추진 직원 노고 격려 차담회,28800,a3574a43f65271ccfef7a47c45e34e2a2e6c2d6028d7a3995b0809368b1e20e1,sheet1:R7,,,
a3574a43f65271cc-sheet1-R8,2026-05-28,daejeon-jung,행정지원과,파이집,물놀이 안전관리요원 안전보건교육 추진 직원 노고 격려 차담회,26100,a3574a43f65271ccfef7a47c45e34e2a2e6c2d6028d7a3995b0809368b1e20e1,sheet1:R8,,,
a3574a43f65271cc-sheet1-R9,2026-05-29,daejeon-jung,행정지원과,브리즈오브,AI심리상담 공무원 정신건강 지원사업 추진 직원 격려 차담회,25000,a3574a43f65271ccfef7a47c45e34e2a2e6c2d6028d7a3995b0809368b1e20e1,sheet1:R9,,,
a3574a43f65271cc-sheet2-R6,2026-05-08,daejeon-jung,행정지원과,의정부부대찌개,지역문제 해결과 소통정책 활성화를 위한 유관기관 간담회,35000,a3574a43f65271ccfef7a47c45e34e2a2e6c2d6028d7a3995b0809368b1e20e1,sheet2:R6,,,
a3574a43f65271cc-sheet2-R7,2026-05-12,daejeon-jung,행정지원과,멜뷰,여름철 물놀이 위험구역 사전 실태점검 추진 관계자 차담회,26730,a3574a43f65271ccfef7a47c45e34e2a2e6c2d6028d7a3995b0809368b1e20e1,sheet2:R7,,,
a3574a43f65271cc-sheet2-R8,2026-05-20,daejeon-jung,행정지원과,만나,지역안전지수 제고를 위한 유관기관 간담회,56700,a3574a43f65271ccfef7a47c45e34e2a2e6c2d6028d7a3995b0809368b1e20e1,sheet2:R8,,,
a3574a43f65271cc-sheet2-R9,2026-05-21,daejeon-jung,행정지원과,황지,도급·용역·위탁사업 안전보건관리계획 수립 및 교육 추진 관련 사업 관계자 간담회,75000,a3574a43f65271ccfef7a47c45e34e2a2e6c2d6028d7a3995b0809368b1e20e1,sheet2:R9,,,
a3574a43f65271cc-sheet2-R10,2026-05-22,daejeon-jung,행정지원과,똑순이네,폭염대비 종합대책 추진을 위한 유관기관 간담회,58000,a3574a43f65271ccfef7a47c45e34e2a2e6c2d6028d7a3995b0809368b1e20e1,sheet2:R10,,,
a3574a43f65271cc-sheet2-R11,2026-05-26,daejeon-jung,행정지원과,여수게장백반,안전취약 시설 및 급경사지 안전점검 관계자 간담회,93000,a3574a43f65271ccfef7a47c45e34e2a2e6c2d6028d7a3995b0809368b1e20e1,sheet2:R11,,,
a3574a43f65271cc-sheet2-R12,2026-05-27,daejeon-jung,행정지원과,선속초코다리냉면,안전 공백 해소를 위한 대전 중부소방서 신축 사업 논의 만찬 간담회,87000,a3574a43f65271ccfef7a47c45e34e2a2e6c2d6028d7a3995b0809368b1e20e1,sheet2:R12,,,
edba8211a7d0bb7c-sheet1-R6,2026-05-04,daejeon-jung,행정지원과,"나룻터식당, 슬로우미러클",전국동시지방선거 투표사무 인력 및 장비지원 현안업무 추진 격려 오찬,113600,edba8211a7d0bb7c345c1f3f7f29e6fec3000404e2aa88fcf6a208be770da451,sheet1:R6,,,
edba8211a7d0bb7c-sheet1-R7,2026-05-06,daejeon-jung,행정지원과,경조사비,건강증진과 시부상,50000,edba8211a7d0bb7c345c1f3f7f29e6fec3000404e2aa88fcf6a208be770da451,sheet1:R7,,,
edba8211a7d0bb7c-sheet1-R8,2026-05-06,daejeon-jung,행정지원과,한국야쿠르트,회의 운영물품 구입,33000,edba8211a7d0bb7c345c1f3f7f29e6fec3000404e2aa88fcf6a208be770da451,sheet1:R8,,,
edba8211a7d0bb7c-sheet1-R9,2026-05-11,daejeon-jung,행정지원과,한국야쿠르트,회의 운영물품 구입,30000,edba8211a7d0bb7c345c1f3f7f29e6fec3000404e2aa88fcf6a208be770da451,sheet1:R9,,,
edba8211a7d0bb7c-sheet1-R10,2026-05-11,daejeon-jung,행정지원과,경조사비,"건강정책과 조모상, 토지정보과 결혼",100000,edba8211a7d0bb7c345c1f3f7f29e6fec3000404e2aa88fcf6a208be770da451,sheet1:R10,,,
edba8211a7d0bb7c-sheet1-R11,2026-05-11,daejeon-jung,행정지원과,"미가사랑, 팔롬비니",간부공무원 의전업무 및 집무실 운영 직원 노고 격려,70000,edba8211a7d0bb7c345c1f3f7f29e6fec3000404e2aa88fcf6a208be770da451,sheet1:R11,,,
edba8211a7d0bb7c-sheet1-R12,2026-05-12,daejeon-jung,행정지원과,"삼팔집, 팔롬비니",마을공동체 활성화 공모사업 추진 직원 노고 격려,179700,edba8211a7d0bb7c345c1f3f7f29e6fec3000404e2aa88fcf6a208be770da451,sheet1:R12,,,
edba8211a7d0bb7c-sheet1-R13,2026-05-13,daejeon-jung,행정지원과,카페대흥,간부공무원 의전업무 및 집무실 운영 직원 노고 격려,6300,edba8211a7d0bb7c345c1f3f7f29e6fec3000404e2aa88fcf6a208be770da451,sheet1:R13,,,
edba8211a7d0bb7c-sheet1-R14,2026-05-13,daejeon-jung,행정지원과,"화평본가, 빽다방","하절기 사회복지시설, 중구지역자활센터 안전점검 실시 등 현안업무 추진 직원 격려 만찬",302700,edba8211a7d0bb7c345c1f3f7f29e6fec3000404e2aa88fcf6a208be770da451,sheet1:R14,,,
edba8211a7d0bb7c-sheet1-R15,2026-05-14,daejeon-jung,행정지원과,개인(성명 비공개),건설과 부친상,50000,edba8211a7d0bb7c345c1f3f7f29e6fec3000404e2aa88fcf6a208be770da451,sheet1:R15,,,
edba8211a7d0bb7c-sheet1-R16,2026-05-15,daejeon-jung,행정지원과,홍리성,AI·IoT 기반 플랫폼 개발 사업 추진 직원 노고 격려,31000,edba8211a7d0bb7c345c1f3f7f29e6fec3000404e2aa88fcf6a208be770da451,sheet1:R16,,,
edba8211a7d0bb7c-sheet1-R17,2026-05-15,daejeon-jung,행정지원과,통소매식당,"2025회계연도 결산검사 후속조치, 외부청사 이전 추진 등 현안업무 추진 직원 격려",290000,edba8211a7d0bb7c345c1f3f7f29e6fec3000404e2aa88fcf6a208be770da451,sheet1:R17,,,
edba8211a7d0bb7c-sheet1-R18,2026-05-18,daejeon-jung,행정지원과,"동원식당, 라탄커피",국민주권 강화를 위한 민원처리·소통 확대방안 이행계획 수립 등 직원 노고 격려,45000,edba8211a7d0bb7c345c1f3f7f29e6fec3000404e2aa88fcf6a208be770da451,sheet1:R18,,,
edba8211a7d0bb7c-sheet1-R19,2026-05-19,daejeon-jung,행정지원과,개인(성명 비공개),"기후환경과 장모상, 산성동 결혼",100000,edba8211a7d0bb7c345c1f3f7f29e6fec3000404e2aa88fcf6a208be770da451,sheet1:R19,,,
edba8211a7d0bb7c-sheet1-R20,2026-05-19,daejeon-jung,행정지원과,내집식당,하절기 아동복지시설 안전점검 실시 등 현안업무 추진 직원 격려 만찬,164000,edba8211a7d0bb7c345c1f3f7f29e6fec3000404e2aa88fcf6a208be770da451,sheet1:R20,,,
edba8211a7d0bb7c-sheet1-R21,2026-05-20,daejeon-jung,행정지원과,개인(성명 비공개),"건설과 부친상, 기후환경과 여혼",100000,edba8211a7d0bb7c345c1f3f7f29e6fec3000404e2aa88fcf6a208be770da451,sheet1:R21,,,
edba8211a7d0bb7c-sheet1-R22,2026-05-22,daejeon-jung,행정지원과,성심당,제9회 전국동시지방선거 관련 업무 추진 등 노고 격려 간식 구입,331200,edba8211a7d0bb7c345c1f3f7f29e6fec3000404e2aa88fcf6a208be770da451,sheet1:R22,,,
edba8211a7d0bb7c-sheet1-R23,2026-05-26,daejeon-jung,행정지원과,경조사비,건강정책과 시모상,50000,edba8211a7d0bb7c345c1f3f7f29e6fec3000404e2aa88fcf6a208be770da451,sheet1:R23,,,
edba8211a7d0bb7c-sheet1-R24,2026-05-22,daejeon-jung,행정지원과,부잣집곰탕,영업용 화물자동차 차고지외 밤샘주차 단속 실시 등 현안업무 추진 직원 격려 오찬,132000,edba8211a7d0bb7c345c1f3f7f29e6fec3000404e2aa88fcf6a208be770da451,sheet1:R24,,,
edba8211a7d0bb7c-sheet1-R25,2026-05-28,daejeon-jung,행정지원과,"화평본가, 빽다방",산사태 대책상황실 운영 등 현안업무 추진 격려 오찬,189000,edba8211a7d0bb7c345c1f3f7f29e6fec3000404e2aa88fcf6a208be770da451,sheet1:R25,,,
edba8211a7d0bb7c-sheet2-R6,2026-05-04,daejeon-jung,행정지원과,"스시무희, 단위",원도심 소상공인 상생주차장 업무추진 유관기관 만찬,149200,edba8211a7d0bb7c345c1f3f7f29e6fec3000404e2aa88fcf6a208be770da451,sheet2:R6,,,
edba8211a7d0bb7c-sheet2-R7,2026-05-07,daejeon-jung,행정지원과,쌈주머니,관내 분야별 집중안전점검 및 자율점검 사업 추진 관계자 오찬,90000,edba8211a7d0bb7c345c1f3f7f29e6fec3000404e2aa88fcf6a208be770da451,sheet2:R7,,,
edba8211a7d0bb7c-sheet2-R8,2026-05-08,daejeon-jung,행정지원과,"나룻터식당, 카페모아",구정 홍보를 위한 언론사 관계자 간담회,133000,edba8211a7d0bb7c345c1f3f7f29e6fec3000404e2aa88fcf6a208be770da451,sheet2:R8,,,
edba8211a7d0bb7c-sheet2-R9,2026-05-12,daejeon-jung,행정지원과,비단강장어,SW·AI 확산 업무협약 체결에 따른 공직자 및 구민 미래 역량 강화 방안 논의 만찬 간담회,373000,edba8211a7d0bb7c345c1f3f7f29e6fec3000404e2aa88fcf6a208be770da451,sheet2:R9,,,
edba8211a7d0bb7c-sheet2-R10,2026-05-14,daejeon-jung,행정지원과,"부잣집곰탕, 피프카페진저",보훈단체 상호 교류 활성화 논의 간담회,374000,edba8211a7d0bb7c345c1f3f7f29e6fec3000404e2aa88fcf6a208be770da451,sheet2:R10,,,
edba8211a7d0bb7c-sheet2-R11,2026-05-19,daejeon-jung,행정지원과,갈비만,도시철도1호선 용두역 신설 사업추진 관계자 간담회,127000,edba8211a7d0bb7c345c1f3f7f29e6fec3000404e2aa88fcf6a208be770da451,sheet2:R11,,,
edba8211a7d0bb7c-sheet2-R12,2026-05-20,daejeon-jung,행정지원과,송가칼국수족발,제2문화예술복합단지 등 원도심 문화예술증진 유관기관 간담회,113000,edba8211a7d0bb7c345c1f3f7f29e6fec3000404e2aa88fcf6a208be770da451,sheet2:R12,,,
edba8211a7d0bb7c-sheet2-R13,2026-05-21,daejeon-jung,행정지원과,"삼팔집, 투썸플레이스",청소년 유해환경 점검 사업 추진 관계자 만찬 간담회,170800,edba8211a7d0bb7c345c1f3f7f29e6fec3000404e2aa88fcf6a208be770da451,sheet2:R13,,,
edba8211a7d0bb7c-sheet2-R14,2026-05-21,daejeon-jung,행정지원과,황산옥,AI·IoT 기반 생활안전 플랫폼 사업 추진 유관기관 간담회,198300,edba8211a7d0bb7c345c1f3f7f29e6fec3000404e2aa88fcf6a208be770da451,sheet2:R14,,,
edba8211a7d0bb7c-sheet2-R15,2026-05-22,daejeon-jung,행정지원과,토종칼국수,유통식품 방사능 및 GMO 안전성 확보를 위한 수거검사 추진 사업 관계자 간담회,58000,edba8211a7d0bb7c345c1f3f7f29e6fec3000404e2aa88fcf6a208be770da451,sheet2:R15,,,
edba8211a7d0bb7c-sheet2-R16,2026-05-26,daejeon-jung,행정지원과,"맛찬들왕소금구이, 일오이오",청소년시설 집중안전점검 추진 유관기관 간담회,77700,edba8211a7d0bb7c345c1f3f7f29e6fec3000404e2aa88fcf6a208be770da451,sheet2:R16,,,
edba8211a7d0bb7c-sheet2-R17,2026-05-27,daejeon-jung,행정지원과,장수촌 누룽지삼계탕,관내 노인 복지 증진 및 노인 일자리 및 사회참여 제고 방안 논의 간담회,368000,edba8211a7d0bb7c345c1f3f7f29e6fec3000404e2aa88fcf6a208be770da451,sheet2:R17,,,
edba8211a7d0bb7c-sheet2-R18,2026-05-29,daejeon-jung,행정지원과,플라잉팬,우기대비 건설공사 현장점검 추진 유관기관 오찬,104000,edba8211a7d0bb7c345c1f3f7f29e6fec3000404e2aa88fcf6a208be770da451,sheet2:R18,,,
4076424ef4655492-sheet1-R5,2026-05-14,daejeon-jung,세원관리과,손의손대흥직영점,개인지방소득세 신고도움창구 기간제근로자 간담회,235000,4076424ef46554929bad1326719b629b49b98b7711d82c6e60f1a228386199c4,sheet1:R5,,,
4076424ef4655492-sheet1-R6,2026-05-15,daejeon-jung,세원관리과,로바타소노 대흥직영점,5개구 세입 관련 간담회,420000,4076424ef46554929bad1326719b629b49b98b7711d82c6e60f1a228386199c4,sheet1:R6,,,
a0ade6581ed8ef03-sheet1-R5,2026-05-13,daejeon-jung,토지정보과,갑이다갑오징어칼국수,2026년 땅 지킴이 학습동아리 1차 중간보고회 개최,346000,a0ade6581ed8ef03e89526442cae34f0d1e96fa919709de1add99bf6d1038132,sheet1:R5,,,
170146fa3fd5b3b3-sheet1-R5,2026-05-14,daejeon-jung,도시계획과,개인(성명 비공개),도시관리국 직원 경조사비 지급,50000,170146fa3fd5b3b363e2c626442f0c8ca1d709769f156c9f7cf7fd2c8342c2df,sheet1:R5,,,
170146fa3fd5b3b3-sheet1-R6,2026-05-19,daejeon-jung,도시계획과,개인(성명 비공개),도시관리국 직원 경조사비 지급,50000,170146fa3fd5b3b363e2c626442f0c8ca1d709769f156c9f7cf7fd2c8342c2df,sheet1:R6,,,
170146fa3fd5b3b3-sheet2-R5,2026-05-04,daejeon-jung,도시계획과,황가네식당 / 중구 대흥동,대사동1구역 재개발정비사업 관련 조합관계자 협의,44000,170146fa3fd5b3b363e2c626442f0c8ca1d709769f156c9f7cf7fd2c8342c2df,sheet2:R5,,,
170146fa3fd5b3b3-sheet2-R6,2026-05-15,daejeon-jung,도시계획과,파란들식당 / 중구 선화동,공원 병해충 방재사업 관련 사업관계자 협의,100000,170146fa3fd5b3b363e2c626442f0c8ca1d709769f156c9f7cf7fd2c8342c2df,sheet2:R6,,,
170146fa3fd5b3b3-sheet3-R5,2026-05-13,daejeon-jung,도시계획과,스스메르 / 중구대흥동소재,호동구역 재개발 정비사업 관련 조합관계자 협의,83000,170146fa3fd5b3b363e2c626442f0c8ca1d709769f156c9f7cf7fd2c8342c2df,sheet3:R5,,,
170146fa3fd5b3b3-sheet3-R6,2026-05-18,daejeon-jung,도시계획과,일오삼수제돈까스/중구대흥동소재,옥계동2구역 재개발 정비사업 관련 조합관계자 협의,39600,170146fa3fd5b3b363e2c626442f0c8ca1d709769f156c9f7cf7fd2c8342c2df,sheet3:R6,,,
bf0f18c885dc8922-sheet1-R5,2026-05-13,daejeon-jung,기후환경과,갑이다갑오징어칼국수 외 1개소,환경오염물질 배출시설 업무 협의,106500,bf0f18c885dc89227a5a906bb96f7628cb5eef666d2d51c6d18d69deb3662f57,sheet1:R5,,,
06140f88fd27a131-sheet1-R5,2026-05-29,daejeon-jung,공원녹지과,사리원면옥본점,공원조성 및 관리현장의 원활한 협조를 위한 상호 간담회 (시 공원수목원과 직원 및 중구 공원녹지과 직원),238000,06140f88fd27a1316bf2877ade53b3652580f5c887ad251191102ee58c16fc03,sheet1:R5,,,
f0466cf5410019bb-sheet1-R5,2026-05-20,daejeon-jung,교통행정과,야쿠소쿠 외 1개소,대전중부모범운전자회와의 간담회,121300,f0466cf5410019bb02c4497914f3c8da1b8947dc47b60ed079012d649c25981e,sheet1:R5,,,
f0466cf5410019bb-sheet1-R6,2026-05-22,daejeon-jung,교통행정과,진미오겹살,자동차전문정비사업조합과의 간담회,293000,f0466cf5410019bb02c4497914f3c8da1b8947dc47b60ed079012d649c25981e,sheet1:R6,,,
0a1dbe0cf8e9365a-sheet1-R5,2026-05-07,daejeon-jung,위생과,"본가칼국수(중앙로 112번길 42, 1층)",시책추진업무추진비 지급결의(관내 숙박업소 안전관리 홍보를 위한 관계자 간담회),100000,0a1dbe0cf8e9365a512129eb1ceb9304c3a9a6baaa22c6d7c121b043df3d1aa3,sheet1:R5,,,
0a1dbe0cf8e9365a-sheet1-R6,2026-05-18,daejeon-jung,위생과,"선속초코다리냉면(중구 대흥로 22, 1층)",시책추진업무추진비 지급결의(중구외식업지부 관계자 간담회),112000,0a1dbe0cf8e9365a512129eb1ceb9304c3a9a6baaa22c6d7c121b043df3d1aa3,sheet1:R6,,,
0a1dbe0cf8e9365a-sheet1-R7,2026-05-26,daejeon-jung,위생과,"대파집(중구 보문로230번길 55), 피프카페진저(중구 대흥로 131-7)",시책추진업무추진비 지급결의(식품접객업소 야간 불법영업 단속 관련 업무 협의),248000,0a1dbe0cf8e9365a512129eb1ceb9304c3a9a6baaa22c6d7c121b043df3d1aa3,sheet1:R7,,,
021bb3cfe7f957c0-sheet1-R5,2026-05-18,daejeon-jung,여성아동과,손이가어죽칼국수,자립지원전담기관 간담회,196000,021bb3cfe7f957c02d49614d89da792785396272594ce7c2a591a7001656424f,sheet1:R5,,,
09618638fff4bd1c-sheet1-R6,2026-05-27,daejeon-jung,자치분권과,중구 대종로 451(이가짬뽕),중구 통장협의회 당면 업무 추진 및 통장직무연수 시행계획 수립 논의 등을 위한 오찬 간담회,84000,09618638fff4bd1cddaa71ef1e4d879b3d2cd0c6063336555b5e735319476d9c,sheet1:R6,,,
09618638fff4bd1c-sheet1-R7,2026-05-27,daejeon-jung,자치분권과,중구 중앙로79번길 471(카페안나),중구 통장협의회 당면 업무 추진 및 통장직무연수 시행계획 수립 논의 등을 위한 오찬 간담회,22000,09618638fff4bd1cddaa71ef1e4d879b3d2cd0c6063336555b5e735319476d9c,sheet1:R7,,,
2ab5ef5373058536-sheet1-R5,2026-05-11,daejeon-jung,사회복지과,형네낙지,"중구지역자활센터 간담회 (사회복지과장, 자활주거팀장, 자활사업담당자 2명, 자활센터 관계자 4명)",129000,2ab5ef53730585367de77bea8631fcf8dac90da62692c5d159fe8927cd5c478f,sheet1:R5,,,
2ab5ef5373058536-sheet1-R6,2026-05-11,daejeon-jung,사회복지과,스케치 904카페,"중구지역자활센터 간담회 (사회복지과장, 자활주거팀장, 자활사업담당자 2명, 자활센터 관계자 4명)",32180,2ab5ef53730585367de77bea8631fcf8dac90da62692c5d159fe8927cd5c478f,sheet1:R6,,,
2ab5ef5373058536-sheet1-R7,2026-05-21,daejeon-jung,사회복지과,윈터커피로스터스,"재가의료급여사업 제1차 협력기관 사례회의 (사회복지과장 및 직원 3명, 의료급여관리사 4명, 계룡재활의학과 원장 1명)",73100,2ab5ef53730585367de77bea8631fcf8dac90da62692c5d159fe8927cd5c478f,sheet1:R7,,,
c4369d8e684e633e-sheet1-R5,2026-05-08,daejeon-jung,복지정책과,정원,주민복지국 소속직원 격려,150000,c4369d8e684e633e55d7a1cdc9e603cdd482aaf66085cd853e4429824e50ae77,sheet1:R5,,,
c4369d8e684e633e-sheet2-R5,2026-05-04,daejeon-jung,복지정책과,조선돌솥밥 팔롬비니(대흥점),지역사회보장협의체 관계자 대상 당면 협조사항 및 사업안 논의 등,115300,c4369d8e684e633e55d7a1cdc9e603cdd482aaf66085cd853e4429824e50ae77,sheet2:R5,,,
c4369d8e684e633e-sheet2-R6,2026-05-14,daejeon-jung,복지정책과,오복식당,찾아가는 사랑의 의료봉사' 관계자 대상 의료봉사 현황 점검 및 사업안 논의 등,100000,c4369d8e684e633e55d7a1cdc9e603cdd482aaf66085cd853e4429824e50ae77,sheet2:R6,,,
357c435ccb134c9a-sheet1-R5,2026-05-14,daejeon-jung,정책개발실,성심당 본점,유관기관 담당자 간담회 개최를 위한 다과 구입,139500,357c435ccb134c9ab35f36849733f3b66dc0383f11ea022b231498fc40b73fef,sheet1:R5,,,
357c435ccb134c9a-sheet1-R6,2026-05-21,daejeon-jung,정책개발실,성심당 본점,유관기관 담당자 간담회 개최를 위한 다과 구입,86000,357c435ccb134c9ab35f36849733f3b66dc0383f11ea022b231498fc40b73fef,sheet1:R6,,,
357c435ccb134c9a-sheet1-R7,2026-05-28,daejeon-jung,정책개발실,온기솥밥,당면 현안과제 협의 등 의견수렴을 위한 대전광역시청 직원 간담회 개최,118000,357c435ccb134c9ab35f36849733f3b66dc0383f11ea022b231498fc40b73fef,sheet1:R7,,,
d42bc3ac0a6ad9ff-sheet1-R6,2026-05-15,daejeon-jung,세정과,로바타소노대흥직영점,5개구 세정 관련 간담회,412000,d42bc3ac0a6ad9ff047c782668078bb1796d878f4faa638f06d9e4d3f313f107,sheet1:R6,,,
d17334a95a771313-sheet1-R5,2026-05-08,daejeon-jung,일자리경제과,목구멍 대전오류점,착한가격업소 신규 모집 관련 업무협의 물가모니터 요원 5명,240000,d17334a95a7713139f57f5c39506c5e27703d50222dd0a04b3e564b434464cee,sheet1:R5,,,
745bfb2f1f74f216-sheet1-R5,2026-04-01,daejeon-jung,건설과,돼유,BTL관리구역의 원활한 하수도 관리 업무를 위한 유관기관 간담회,150000,745bfb2f1f74f216a18ae037e9d04012787d3c11cf04bc96b19dfdf12211fc45,sheet1:R5,,,
745bfb2f1f74f216-sheet1-R6,2026-04-20,daejeon-jung,건설과,부잣짐곰탕,관내 불법 노점상 단속 및 도로점용 현안사업에 대한 업무추진을 위한 간담회,90000,745bfb2f1f74f216a18ae037e9d04012787d3c11cf04bc96b19dfdf12211fc45,sheet1:R6,,,
745bfb2f1f74f216-sheet1-R7,2026-04-28,daejeon-jung,건설과,돈돌집,관내 포트홀 관리 및 도로정비 사업 관련 간담회,200000,745bfb2f1f74f216a18ae037e9d04012787d3c11cf04bc96b19dfdf12211fc45,sheet1:R7,,,
64672b34b12ae022-sheet1-R6,2026-04-28,daejeon-jung,문화체육관광과,화요일정원,문화예술증진을 위한 현안업무 노고직원 격려,96500,64672b34b12ae022063227b66d4287e68e0bbd469e48ab46b63614d5ed71b6de,sheet1:R6,,,
64672b34b12ae022-sheet2-R6,2026-04-03,daejeon-jung,문화체육관광과,만나,원도심 문화예술 증진을 위한 문화원 관계자 간담회,91600,64672b34b12ae022063227b66d4287e68e0bbd469e48ab46b63614d5ed71b6de,sheet2:R6,,,
64672b34b12ae022-sheet2-R7,2026-04-07,daejeon-jung,문화체육관광과,한우돈생고기,지역경제 활성화 및 위기 대응을 위한 유관기관 간담회,126000,64672b34b12ae022063227b66d4287e68e0bbd469e48ab46b63614d5ed71b6de,sheet2:R7,,,
64672b34b12ae022-sheet2-R8,2026-04-13,daejeon-jung,문화체육관광과,"정봉자쌈밥, 투썸플레이스",생활체육인프라 강화를 위한 유관기관 간담회,197300,64672b34b12ae022063227b66d4287e68e0bbd469e48ab46b63614d5ed71b6de,sheet2:R8,,,
64672b34b12ae022-sheet2-R9,2026-04-23,daejeon-jung,문화체육관광과,태평다구이 행사장,전통시장 활성화를 위한 유관기관 업무협의 간담회,176000,64672b34b12ae022063227b66d4287e68e0bbd469e48ab46b63614d5ed71b6de,sheet2:R9,,,
64672b34b12ae022-sheet3-R6,2026-04-21,daejeon-jung,문화체육관광과,"지고당, 페이크",생활체육 활성화를 위한 유관기관 간담회,78400,64672b34b12ae022063227b66d4287e68e0bbd469e48ab46b63614d5ed71b6de,sheet3:R6,,,
64672b34b12ae022-sheet3-R7,2026-04-23,daejeon-jung,문화체육관광과,"조선돌솥밥,팔롬비니",문화예술의거리 활성화를 위한 유관기관 간담회,116000,64672b34b12ae022063227b66d4287e68e0bbd469e48ab46b63614d5ed71b6de,sheet3:R7,,,
1e0d57692b70eb8c-sheet1-R5,2026-04-09,daejeon-jung,재난안전과,김밥천국,늑대탈출에 따른 현장 수색 자율방재단 급식 등 지원,140000,1e0d57692b70eb8c2e2575445f9857b85e46d2687648e52acd7a404b1bf2daf3,sheet1:R5,,,
1e0d57692b70eb8c-sheet1-R6,2026-04-09,daejeon-jung,재난안전과,씨유대전대흥베스트점,늑대탈출에 따른 현장 수색 자율방재단 급식 등 지원,30900,1e0d57692b70eb8c2e2575445f9857b85e46d2687648e52acd7a404b1bf2daf3,sheet1:R6,,,
1fc47eb51e1921fd-sheet1-R5,2026-04-02,daejeon-jung,평생교육과,삼팔집,중구 평생학습관 확장 이전 관련 사업관계자 식사,54000,1fc47eb51e1921fda0b0e5315b2c28c91433a54454a23d06c4dea0ca18b08da2,sheet1:R5,,,
1fc47eb51e1921fd-sheet1-R6,2026-04-07,daejeon-jung,평생교육과,고기명작 대흥점,주민독서프로그램 활성화 및 작은도서관 운영 개선을 위한 사업 관계자들 식사,126000,1fc47eb51e1921fda0b0e5315b2c28c91433a54454a23d06c4dea0ca18b08da2,sheet1:R6,,,
1fc47eb51e1921fd-sheet1-R7,2026-04-23,daejeon-jung,평생교육과,뒷고기 두돈,작은도서관 활성화 및 주민맞춤형 평생학습 사업 추진을 위한 유관기관 관계자들과 식사,91000,1fc47eb51e1921fda0b0e5315b2c28c91433a54454a23d06c4dea0ca18b08da2,sheet1:R7,,,
1fc47eb51e1921fd-sheet1-R8,2026-04-24,daejeon-jung,평생교육과,명성초밥,중구 행복이음교육지구 사업 관계자들과 오찬 간담회,67000,1fc47eb51e1921fda0b0e5315b2c28c91433a54454a23d06c4dea0ca18b08da2,sheet1:R8,,,
60a67f8ea7c39401-sheet1-R6,2026-04-28,daejeon-jung,행정지원과,"조선돌솥밥, 페이크",후생복리 증진을 위한 직장어린이집 관계자 간담회,98200,60a67f8ea7c39401567fff232543ba4997d167b283d3e25a0afee36fe732b974,sheet1:R6,,,
d78f34f18966f097-sheet1-R6,2026-04-03,daejeon-jung,행정지원과,단위,대흥곳간 복지기금 운영 및 해빙기 안전취약시설 중점관리 등 현안업무 추진 직원 격려 차담회,27700,d78f34f18966f097dbd2c545dc3f63873f8c6fb1a11f35eb909aad8860973614,sheet1:R6,,,
d78f34f18966f097-sheet1-R7,2026-04-15,daejeon-jung,행정지원과,경조사비,재난안전과 외조모상,50000,d78f34f18966f097dbd2c545dc3f63873f8c6fb1a11f35eb909aad8860973614,sheet1:R7,,,
d78f34f18966f097-sheet1-R9,2026-04-24,daejeon-jung,행정지원과,개인(성명 비공개),"회계과 빙모상, 목동 결혼",100000,d78f34f18966f097dbd2c545dc3f63873f8c6fb1a11f35eb909aad8860973614,sheet1:R9,,,
d78f34f18966f097-sheet2-R6,2026-04-01,daejeon-jung,행정지원과,쌍리,민원서비스 향상을 위한 민원편의 시책 마련 차담회,20500,d78f34f18966f097dbd2c545dc3f63873f8c6fb1a11f35eb909aad8860973614,sheet2:R6,,,
d78f34f18966f097-sheet2-R7,2026-04-02,daejeon-jung,행정지원과,희락반점,주민생활 불편민원 해결 지원을 위한 대외동향 수집 업무추진 유관기관 만찬 간담회,244000,d78f34f18966f097dbd2c545dc3f63873f8c6fb1a11f35eb909aad8860973614,sheet2:R7,,,
d78f34f18966f097-sheet2-R8,2026-04-06,daejeon-jung,행정지원과,손이가어죽칼국수,화재사고 대비 인화성물질 취급 공장 합동점검 업무추진 유관기관 간담회,91000,d78f34f18966f097dbd2c545dc3f63873f8c6fb1a11f35eb909aad8860973614,sheet2:R8,,,
d78f34f18966f097-sheet2-R9,2026-04-13,daejeon-jung,행정지원과,누리손만두,해빙기 자연재난 예방을 위한 유관기관 간담회,48000,d78f34f18966f097dbd2c545dc3f63873f8c6fb1a11f35eb909aad8860973614,sheet2:R9,,,
d78f34f18966f097-sheet2-R10,2026-04-16,daejeon-jung,행정지원과,카페마당,어린이날 행사 안전관리계획 방안 논의 차담회,28500,d78f34f18966f097dbd2c545dc3f63873f8c6fb1a11f35eb909aad8860973614,sheet2:R10,,,
d78f34f18966f097-sheet2-R11,2026-04-16,daejeon-jung,행정지원과,똑순이네,충무훈련 대비 비상대비태세 점검 논의 만찬,134000,d78f34f18966f097dbd2c545dc3f63873f8c6fb1a11f35eb909aad8860973614,sheet2:R11,,,
d78f34f18966f097-sheet2-R12,2026-04-20,daejeon-jung,행정지원과,온담설렁탕,민원편의시책 추진을 위한 사업참여자 간담회,65000,d78f34f18966f097dbd2c545dc3f63873f8c6fb1a11f35eb909aad8860973614,sheet2:R12,,,
d78f34f18966f097-sheet2-R13,2026-04-21,daejeon-jung,행정지원과,사이드비,집중안전점검 대상 시설물 안전점검 사업 추진 관계자 차담회,23200,d78f34f18966f097dbd2c545dc3f63873f8c6fb1a11f35eb909aad8860973614,sheet2:R13,,,
d78f34f18966f097-sheet2-R14,2026-04-28,daejeon-jung,행정지원과,분홍달카페,기술인력 및 자원동원훈련 업무추진 유관기관 차담회,15500,d78f34f18966f097dbd2c545dc3f63873f8c6fb1a11f35eb909aad8860973614,sheet2:R14,,,
bdbce2c812462c48-sheet1-R6,2026-04-02,daejeon-jung,행정지원과,스시무희,주거환경개선구역 내 공유재산 실태조사 추진 등 현안업무 수행 직원 격려 만찬,120000,bdbce2c812462c480920445725ae9f157a668c1cc03260a8588da2dd78a73bac,sheet1:R6,,,
bdbce2c812462c48-sheet1-R7,2026-04-06,daejeon-jung,행정지원과,경조사비,"민원여권과 외조모상, 태평2동 조모상",100000,bdbce2c812462c480920445725ae9f157a668c1cc03260a8588da2dd78a73bac,sheet1:R7,,,
bdbce2c812462c48-sheet1-R8,2026-04-06,daejeon-jung,행정지원과,"애국집, 테미로카페",자원안보 위기경보 격상에 따른 부설주차장 승용차 2부제 실시 및 간부공무원 일정 관리 직원 격려 오찬,187800,bdbce2c812462c480920445725ae9f157a668c1cc03260a8588da2dd78a73bac,sheet1:R8,,,
bdbce2c812462c48-sheet1-R9,2026-04-06,daejeon-jung,행정지원과,성심당,중동 정세 불안에 따른 비상경제대응 TF 확대 편성 운영 등 현안업무 추진 직원 격려,106000,bdbce2c812462c480920445725ae9f157a668c1cc03260a8588da2dd78a73bac,sheet1:R9,,,
bdbce2c812462c48-sheet1-R10,2026-04-07,daejeon-jung,행정지원과,"유성본가누룽지삼계탕, 디블루메",상반기 지자체 규제개선 건의과제 발굴 등 현안업무 추진 직원 격려 오찬,228500,bdbce2c812462c480920445725ae9f157a668c1cc03260a8588da2dd78a73bac,sheet1:R10,,,
bdbce2c812462c48-sheet1-R11,2026-04-07,daejeon-jung,행정지원과,중구마루,집무실 운영물품 구입,512500,bdbce2c812462c480920445725ae9f157a668c1cc03260a8588da2dd78a73bac,sheet1:R11,,,
bdbce2c812462c48-sheet1-R12,2026-04-08,daejeon-jung,행정지원과,3일소고기국밥,관내 동물원 늑대 탈출 사고 관련 긴급 출동 및 대응 직원 노고 격려 만찬,96000,bdbce2c812462c480920445725ae9f157a668c1cc03260a8588da2dd78a73bac,sheet1:R12,,,
bdbce2c812462c48-sheet1-R13,2026-04-09,daejeon-jung,행정지원과,유성본가누룽지삼계탕,간부공무원 의전업무 및 집무실 운영 직원 노고 격려,51000,bdbce2c812462c480920445725ae9f157a668c1cc03260a8588da2dd78a73bac,sheet1:R13,,,
bdbce2c812462c48-sheet1-R14,2026-04-10,daejeon-jung,행정지원과,경조사비,건강정책과 자혼,50000,bdbce2c812462c480920445725ae9f157a668c1cc03260a8588da2dd78a73bac,sheet1:R14,,,
bdbce2c812462c48-sheet1-R15,2026-04-10,daejeon-jung,행정지원과,여수게장백반,"성인문해교육 공모사업, 온마을캠퍼스 프로그램 운영 등 현안업무 추진 격려",109000,bdbce2c812462c480920445725ae9f157a668c1cc03260a8588da2dd78a73bac,sheet1:R15,,,
bdbce2c812462c48-sheet1-R16,2026-04-14,daejeon-jung,행정지원과,고향콩나물밥,공공건축물 건립 추진 등 현안업무 추진 직원 노고 격려,61000,bdbce2c812462c480920445725ae9f157a668c1cc03260a8588da2dd78a73bac,sheet1:R16,,,
bdbce2c812462c48-sheet1-R18,2026-04-15,daejeon-jung,행정지원과,이본가,이웃나눔 공유주방 및 주민소통공간 조성 등 현안업무 추진 직원 격려 오찬,320000,bdbce2c812462c480920445725ae9f157a668c1cc03260a8588da2dd78a73bac,sheet1:R18,,,
bdbce2c812462c48-sheet1-R19,2026-04-17,daejeon-jung,행정지원과,"손의손, 숨결커피","중구 맞춤형 정책연구, 소식지 발간, 특명사항 처리 등 현안업무 추진 직원 격려",196300,bdbce2c812462c480920445725ae9f157a668c1cc03260a8588da2dd78a73bac,sheet1:R19,,,
bdbce2c812462c48-sheet1-R21,2026-04-20,daejeon-jung,행정지원과,성심당,야생동물 탈출 대응 상황실 운영 등 현안업무 추진 격려 간식 구입,92800,bdbce2c812462c480920445725ae9f157a668c1cc03260a8588da2dd78a73bac,sheet1:R21,,,
bdbce2c812462c48-sheet1-R22,2026-04-23,daejeon-jung,행정지원과,가보자보리밥,간부공무원 의전업무 및 집무실 운영 직원 노고 격려,34000,bdbce2c812462c480920445725ae9f157a668c1cc03260a8588da2dd78a73bac,sheet1:R22,,,
bdbce2c812462c48-sheet1-R23,2026-04-24,daejeon-jung,행정지원과,개인(성명 비공개),"회계과 빙모상, 목동 결혼",100000,bdbce2c812462c480920445725ae9f157a668c1cc03260a8588da2dd78a73bac,sheet1:R23,,,
bdbce2c812462c48-sheet1-R24,2026-04-28,daejeon-jung,행정지원과,백암골식당,고유가 피해지원금 TF 운영·지원 및 국별 현안업무 추진 직원 노고 격려 만찬,494000,bdbce2c812462c480920445725ae9f157a668c1cc03260a8588da2dd78a73bac,sheet1:R24,,,
bdbce2c812462c48-sheet1-R25,2026-04-28,daejeon-jung,행정지원과,네이버쇼핑,집무실 운영물품 구입,73800,bdbce2c812462c480920445725ae9f157a668c1cc03260a8588da2dd78a73bac,sheet1:R25,,,
bdbce2c812462c48-sheet1-R26,2026-04-29,daejeon-jung,행정지원과,경조사비,건강증진과 결혼,50000,bdbce2c812462c480920445725ae9f157a668c1cc03260a8588da2dd78a73bac,sheet1:R26,,,
bdbce2c812462c48-sheet1-R27,2026-04-30,daejeon-jung,행정지원과,"동원식당, 중구마루","야생동물 탈출 대응 상황실 운영, 포획 지원 등 현안업무 추진 격려 오찬",205900,bdbce2c812462c480920445725ae9f157a668c1cc03260a8588da2dd78a73bac,sheet1:R27,,,
bdbce2c812462c48-sheet1-R28,2026-04-30,daejeon-jung,행정지원과,성심당,봄철 산불방지대책본부 운영 등 현안업무 추진 격려 간식 구입,163500,bdbce2c812462c480920445725ae9f157a668c1cc03260a8588da2dd78a73bac,sheet1:R28,,,
bdbce2c812462c48-sheet2-R6,2026-04-01,daejeon-jung,행정지원과,화평본가,문화가 있는 날 확대 운영에 따른 한국족보박물관 야간개장 사업추진 관계자 간담회,133000,bdbce2c812462c480920445725ae9f157a668c1cc03260a8588da2dd78a73bac,sheet2:R6,,,
bdbce2c812462c48-sheet2-R7,2026-04-02,daejeon-jung,행정지원과,천년의정원,대전 국제교육원 건립 사업 추진 관계자 간담회,66000,bdbce2c812462c480920445725ae9f157a668c1cc03260a8588da2dd78a73bac,sheet2:R7,,,
bdbce2c812462c48-sheet2-R8,2026-04-03,daejeon-jung,행정지원과,"고려회관, 알로하녹",사회연대경제 혁신모델 발굴 및 확산 공모사업 업무추진 유관기관 오찬 간담회,212000,bdbce2c812462c480920445725ae9f157a668c1cc03260a8588da2dd78a73bac,sheet2:R8,,,
bdbce2c812462c48-sheet2-R9,2026-04-07,daejeon-jung,행정지원과,대전칼국수,보문산권역 자연 휴양림 조성 사업 추진 관계자 간담회,71000,bdbce2c812462c480920445725ae9f157a668c1cc03260a8588da2dd78a73bac,sheet2:R9,,,
bdbce2c812462c48-sheet2-R10,2026-04-08,daejeon-jung,행정지원과,플라잉팬,관내 국가문화유산을 활용한 원도심 활성화 방안 논의 간담회,202000,bdbce2c812462c480920445725ae9f157a668c1cc03260a8588da2dd78a73bac,sheet2:R10,,,
bdbce2c812462c48-sheet2-R11,2026-04-10,daejeon-jung,행정지원과,아미띠에,상반기 주택건설공사 감리업무 실태점검 추진 유관기관 차담회,23000,bdbce2c812462c480920445725ae9f157a668c1cc03260a8588da2dd78a73bac,sheet2:R11,,,
bdbce2c812462c48-sheet2-R12,2026-04-13,daejeon-jung,행정지원과,월산본가,일자리 꿈터프로그램 업무추진 유관기관 간담회,130000,bdbce2c812462c480920445725ae9f157a668c1cc03260a8588da2dd78a73bac,sheet2:R12,,,
bdbce2c812462c48-sheet2-R13,2026-04-14,daejeon-jung,행정지원과,"진, 웜그레인",원도심 문화예술 인프라 구축을 위한 국립 현대미술관 건립 관련 사업 추진 관계자 만찬,52000,bdbce2c812462c480920445725ae9f157a668c1cc03260a8588da2dd78a73bac,sheet2:R13,,,
bdbce2c812462c48-sheet2-R14,2026-04-15,daejeon-jung,행정지원과,대전칼국수,지역사회서비스투자사업 시·구 합동 점검 및 현장 조사 사업 추진 관계자 만찬,94000,bdbce2c812462c480920445725ae9f157a668c1cc03260a8588da2dd78a73bac,sheet2:R14,,,
bdbce2c812462c48-sheet2-R15,2026-04-16,daejeon-jung,행정지원과,"화평본가, 길드커피온",중구 행복이음교육지구 연계 교육 사업 추진 관계자 오찬,205000,bdbce2c812462c480920445725ae9f157a668c1cc03260a8588da2dd78a73bac,sheet2:R15,,,
bdbce2c812462c48-sheet2-R16,2026-04-20,daejeon-jung,행정지원과,"화평본가, 빽다방",부동산가격공시위원회 개최 오찬 간담회,147100,bdbce2c812462c480920445725ae9f157a668c1cc03260a8588da2dd78a73bac,sheet2:R16,,,
bdbce2c812462c48-sheet2-R17,2026-04-21,daejeon-jung,행정지원과,태평소국밥,국가유산 화재안전조사 합동점검 유관기관 오찬,37800,bdbce2c812462c480920445725ae9f157a668c1cc03260a8588da2dd78a73bac,sheet2:R17,,,
bdbce2c812462c48-sheet2-R18,2026-04-23,daejeon-jung,행정지원과,백조한우마을,공유재산 효용가치 극대화 및 관리운영 방안 논의 간담회,240000,bdbce2c812462c480920445725ae9f157a668c1cc03260a8588da2dd78a73bac,sheet2:R18,,,
bdbce2c812462c48-sheet2-R19,2026-04-24,daejeon-jung,행정지원과,"고려회관, 아미띠에",구정 홍보를 위한 언론사 관계자 간담회,110000,bdbce2c812462c480920445725ae9f157a668c1cc03260a8588da2dd78a73bac,sheet2:R19,,,
bdbce2c812462c48-sheet2-R20,2026-04-28,daejeon-jung,행정지원과,"여수게장백반, 멜뷰",대전도심융합특구 조성 사업 업무추진 유관기관 오찬,206400,bdbce2c812462c480920445725ae9f157a668c1cc03260a8588da2dd78a73bac,sheet2:R20,,,
bdbce2c812462c48-sheet2-R21,2026-04-29,daejeon-jung,행정지원과,희락반점,지역기반 인플루언서 업무협약 체결 간담회,270000,bdbce2c812462c480920445725ae9f157a668c1cc03260a8588da2dd78a73bac,sheet2:R21,,,
bdbce2c812462c48-sheet2-R22,2026-04-29,daejeon-jung,행정지원과,송가칼국수족발,탑골근린공원 조성사업 업무추진 유관기관 간담회,263000,bdbce2c812462c480920445725ae9f157a668c1cc03260a8588da2dd78a73bac,sheet2:R22,,,
a926fee2f01d78eb-sheet1-R5,2026-04-17,daejeon-jung,건강증진과,풍경,상반기 금연지도원 간담회,165000,a926fee2f01d78eb07e0605420674aed23a8490ef27468ae1e3580566c3408b9,sheet1:R5,,,
f2262b0384fc9b69-sheet1-R5,2026-04-03,daejeon-jung,도시계획과,죠샌드위치대전대흥점,도시관리국 내 비상근무직원 대상 노고격려 간식제공,360000,f2262b0384fc9b69173e88f114ee6d219ed7832aeaba2ec1936de02eff45d0b7,sheet1:R5,,,
f2262b0384fc9b69-sheet1-R6,2026-04-13,daejeon-jung,도시계획과,㈜커피몰탄방점,내방객 방문 음료 구입,396700,f2262b0384fc9b69173e88f114ee6d219ed7832aeaba2ec1936de02eff45d0b7,sheet1:R6,,,
f2262b0384fc9b69-sheet2-R5,2026-04-09,daejeon-jung,도시계획과,두손개성만두 / 중구 문화동,2026년 시민참여형 마을정원 조성관련 시관계자 협의,118000,f2262b0384fc9b69173e88f114ee6d219ed7832aeaba2ec1936de02eff45d0b7,sheet2:R5,,,
f2262b0384fc9b69-sheet2-R6,2026-04-21,daejeon-jung,도시계획과,파란들식당 / 중구 선화동,문화2구역 재개발사업 관련 조합관계자 협의,60000,f2262b0384fc9b69173e88f114ee6d219ed7832aeaba2ec1936de02eff45d0b7,sheet2:R6,,,
f2262b0384fc9b69-sheet2-R7,2026-04-22,daejeon-jung,도시계획과,만재네 대전시청점 / 서구 탄방동,우리구 산림 및 녹지 등 주요현안 사업 의 원활한 추진을 위한 시 관계부서 협의,450000,f2262b0384fc9b69173e88f114ee6d219ed7832aeaba2ec1936de02eff45d0b7,sheet2:R7,,,
f2262b0384fc9b69-sheet2-R8,2026-04-24,daejeon-jung,도시계획과,위아래복집 / 중구 산성동,우리 구 공원 관련 주요현안 사업 원활한 추진 관련 관계부서 협의,72000,f2262b0384fc9b69173e88f114ee6d219ed7832aeaba2ec1936de02eff45d0b7,sheet2:R8,,,
f2262b0384fc9b69-sheet2-R9,2026-04-30,daejeon-jung,도시계획과,파란들식당 / 중구 선화동,답적골천 소하천 정비사업 실시설계 추진을 위한 용역사 협의,48000,f2262b0384fc9b69173e88f114ee6d219ed7832aeaba2ec1936de02eff45d0b7,sheet2:R9,,,
f2262b0384fc9b69-sheet3-R5,2026-04-16,daejeon-jung,도시계획과,조선돌솥밥/중구대흥동소재,용두동3구역 재개발사업 관련 의견청취,68000,f2262b0384fc9b69173e88f114ee6d219ed7832aeaba2ec1936de02eff45d0b7,sheet3:R5,,,
f2262b0384fc9b69-sheet3-R6,2026-04-22,daejeon-jung,도시계획과,샤브향/중구목동소재,용두동2구역 재개발사업 관련 조합관계자 의견청취,44700,f2262b0384fc9b69173e88f114ee6d219ed7832aeaba2ec1936de02eff45d0b7,sheet3:R6,,,
f2262b0384fc9b69-sheet3-R7,2026-04-29,daejeon-jung,도시계획과,삼팔집/중구대흥동소재,대사동1구역 재개발사업 관련 조합관계자 의견청취,41000,f2262b0384fc9b69173e88f114ee6d219ed7832aeaba2ec1936de02eff45d0b7,sheet3:R7,,,
af2787b490a564ca-sheet1-R5,2026-04-16,daejeon-jung,세원관리과,소호차이나,지방세외수입운영지원단 업무 간담회,197000,af2787b490a564ca81635171d1625b27a41dace29a44c5ebad52e3043ef08b65,sheet1:R5,,,
c16ac8f1f3e75988-sheet1-R5,2026-04-08,daejeon-jung,일자리경제과,선코다리냉면,상점가활성화 업무 추진 관려 업무협의 상점가상인회 임원진 4인,62000,c16ac8f1f3e7598891401aa7223228d0e53c9c35d2f910e26e7090568ab8ef70,sheet1:R5,,,
c16ac8f1f3e75988-sheet1-R6,2026-04-08,daejeon-jung,일자리경제과,카페리안,상점가활성화 업무 추진 관려 업무협의 상점가상인회 임원진 4인,15500,c16ac8f1f3e7598891401aa7223228d0e53c9c35d2f910e26e7090568ab8ef70,sheet1:R6,,,
c16ac8f1f3e75988-sheet1-R7,2026-04-09,daejeon-jung,일자리경제과,오감만족,태평전통시장 시설현대화사업 관련 업무협의 문창전통시장 상인회 임원진 2인,90000,c16ac8f1f3e7598891401aa7223228d0e53c9c35d2f910e26e7090568ab8ef70,sheet1:R7,,,
c16ac8f1f3e75988-sheet1-R8,2026-04-09,daejeon-jung,일자리경제과,카페프로필,태평전통시장 시설현대화사업 관련 업무협의 문창전통시장 상인회 임원진 2인,24500,c16ac8f1f3e7598891401aa7223228d0e53c9c35d2f910e26e7090568ab8ef70,sheet1:R8,,,
c16ac8f1f3e75988-sheet1-R9,2026-04-20,daejeon-jung,일자리경제과,월산본가,청년마을 만들기 사업 선정 기업 오찬간담회 선정기업 대표 및 직원 2인,95000,c16ac8f1f3e7598891401aa7223228d0e53c9c35d2f910e26e7090568ab8ef70,sheet1:R9,,,
becbbc2b88ca72d3-table1-R2,2026-04-16,daejeon-jung,노인장애인과,중구청직원상조회,장기요양기관지정심사위원회,35000,becbbc2b88ca72d3826b7f16bd162058e2660a86513c8bd1e7e9744cd9312ecb,table1:R2,,,
cb84e7fd4b4d839b-sheet1-R5,2026-04-08,daejeon-jung,기후환경과,배추짬뽕,동물원 늑대탈출 사고 관련 수색 참여 엽사 식사 제공,88000,cb84e7fd4b4d839b70227021edc6e2c5b1a0d26abcd1ec9e9f66f8294ae5f401,sheet1:R5,,,
1c481f9835f46920-sheet1-R5,2026-04-27,daejeon-jung,민원여권과,로쏘 성심당,행정도우미 간식 지급,99200,1c481f9835f469201c302055e6ffcbc0a6dcfc3232257bb405c2a161505240de,sheet1:R5,,,
05877b6222da3fbb-sheet1-R5,2026-04-29,daejeon-jung,건축과,태평한우,소규모 노후건축물 안전점검 회의,268900,05877b6222da3fbba7f9a45903cecb8ffd53a35fdd8d86347b92ad709a696d48,sheet1:R5,,,
e1ca45fb65c5c184-sheet1-R5,2026-04-14,daejeon-jung,정책개발실,지에지에,우리 구 당면 현안과제 협의 등 의견수렴 정책자문단 간담회 개최,120000,e1ca45fb65c5c1845cebd060a6439cfc32665f953161f2321b1e03a3df73ee26,sheet1:R5,,,
e1ca45fb65c5c184-sheet1-R6,2026-04-30,daejeon-jung,정책개발실,제주돈마시,우리 구 당면 현안과제 협의 등 의견수렴 정책자문단 간담회 개최,240000,e1ca45fb65c5c1845cebd060a6439cfc32665f953161f2321b1e03a3df73ee26,sheet1:R6,,,
2ce551f2d06abaa3-sheet1-R5,2026-04-25,daejeon-jung,사회복지과,삼팔집,"재가의료급여사업추진 업무 협의 간담회 (사회복지과장 및 직원 3명, 의료급여관리사 2명, 지역자활센터 직원 3명)",108000,2ce551f2d06abaa3e6bc3aa40579b045bc74a42a7331c94d51ae98d2eba7a55e,sheet1:R5,,,
2ce551f2d06abaa3-sheet1-R6,2026-04-25,daejeon-jung,사회복지과,뮤제,"재가의료급여사업추진 업무 협의 간담회 (사회복지과장 및 직원 3명, 의료급여관리사 2명, 지역자활센터 직원 3명)",49800,2ce551f2d06abaa3e6bc3aa40579b045bc74a42a7331c94d51ae98d2eba7a55e,sheet1:R6,,,
a9b5da13a52fabbe-sheet1-R5,2026-04-29,daejeon-jung,교통행정과,캘리캘리,대전중부녹색어머니회와의 간담회,84500,a9b5da13a52fabbe4a1bd9a99fe602caeeb20c72a5dfe6e5143f944b9b04de02,sheet1:R5,,,
a9b5da13a52fabbe-sheet2-R5,2026-04-09,daejeon-jung,교통행정과,내집,교통행정 분야 역점 시책에 대한 언론과의 협력체계 구축,164000,a9b5da13a52fabbe4a1bd9a99fe602caeeb20c72a5dfe6e5143f944b9b04de02,sheet2:R5,,,
a9b5da13a52fabbe-sheet2-R6,2026-04-16,daejeon-jung,교통행정과,"바다황제, 숨결",생활환경국의 주요추진사업책에 대한 언론사 홍보,80300,a9b5da13a52fabbe4a1bd9a99fe602caeeb20c72a5dfe6e5143f944b9b04de02,sheet2:R6,,,
a9b5da13a52fabbe-sheet2-R7,2026-04-29,daejeon-jung,교통행정과,봉봉원,주차환경 개선 사업 추진 홍보 및 언론과의 소통 강화,132000,a9b5da13a52fabbe4a1bd9a99fe602caeeb20c72a5dfe6e5143f944b9b04de02,sheet2:R7,,,
a9b5da13a52fabbe-sheet3-R5,2026-04-08,daejeon-jung,교통행정과,송원칼국수,생활환경국 소속 직원 격려,84000,a9b5da13a52fabbe4a1bd9a99fe602caeeb20c72a5dfe6e5143f944b9b04de02,sheet3:R5,,,
a9b5da13a52fabbe-sheet3-R6,2026-04-23,daejeon-jung,교통행정과,트루 외 1개소,생활환경국 소속 직원 격려,224700,a9b5da13a52fabbe4a1bd9a99fe602caeeb20c72a5dfe6e5143f944b9b04de02,sheet3:R6,,,
5b32deabd3e4ca01-sheet1-R5,2026-04-24,daejeon-jung,공원녹지과,손의손,효율적인 공원관리 및 업무 추진을 위한 상호 간담회 (시 공원수목원과 직원 및 중구 공원녹지과 직원),159000,5b32deabd3e4ca0146fc885ad1441344f96de7059b3fc92873a307bd0eb5c5ff,sheet1:R5,,,
5b32deabd3e4ca01-sheet1-R6,2026-04-24,daejeon-jung,공원녹지과,숨결커피,효율적인 공원관리 및 업무 추진을 위한 상호 간담회 (시 공원수목원과 직원 및 중구 공원녹지과 직원),69000,5b32deabd3e4ca0146fc885ad1441344f96de7059b3fc92873a307bd0eb5c5ff,sheet1:R6,,,
5b32deabd3e4ca01-sheet1-R7,2026-04-30,daejeon-jung,공원녹지과,바다사랑,공원 관련 사업 점검과 공원조성 및 관리현장 협조를 위한 간담회 (시 공원수목원과 직원 및 중구 공원녹지과 직원),203000,5b32deabd3e4ca0146fc885ad1441344f96de7059b3fc92873a307bd0eb5c5ff,sheet1:R7,,,
5b32deabd3e4ca01-sheet1-R8,2026-04-30,daejeon-jung,공원녹지과,라탄커피로스터,공원 관련 사업 점검과 공원조성 및 관리현장 협조를 위한 간담회 (시 공원수목원과 직원 및 중구 공원녹지과 직원),42500,5b32deabd3e4ca0146fc885ad1441344f96de7059b3fc92873a307bd0eb5c5ff,sheet1:R8,,,
7b11535fcbeeeebc-sheet1-R6,2026-04-24,daejeon-jung,자치분권과,중구 동서대로 1224 (태평족발보쌈),마을공동체 활성화를 위한 오찬 간담회,170000,7b11535fcbeeeebc1fdff4f6ede0449842c59b9326df1cd9f312c1ec4fa7d8a1,sheet1:R6,,,
7b11535fcbeeeebc-sheet1-R7,2026-04-29,daejeon-jung,자치분권과,대전 중구 보문로262번길 31-1 (쪽방꼬장집사랑채),원활한 선거사무 추진을 위한 만찬 간담회,390000,7b11535fcbeeeebc1fdff4f6ede0449842c59b9326df1cd9f312c1ec4fa7d8a1,sheet1:R7,,,
98b646eb114854e9-sheet1-R6,2026-04-06,daejeon-jung,도시재생과,담라 (서구 둔산남로105번길 34),스마트 버스정류장 설치 사업과 관련하여 사업 관계자들과 버스정류장 종류 및 설치 장소 등 사업추진 방향 전반에 대하여 논의하기 위한 자리 마련,150000,98b646eb114854e9c610424762e66a50860135709227d602fb060245cf61df1c,sheet1:R6,,,
98b646eb114854e9-sheet1-R7,2026-04-14,daejeon-jung,도시재생과,신토불이추어탕민물장어전문점 (중구 충무로92번길 2),생활밀착형 도시재생 스마트기술 지원사업 추진과 관련하여 사업 관계자들과 사업추진 방향 전반에 대하여 논의하기 위한 자리 마련,56000,98b646eb114854e9c610424762e66a50860135709227d602fb060245cf61df1c,sheet1:R7,,,
98b646eb114854e9-sheet1-R8,2026-04-21,daejeon-jung,도시재생과,닭이랑오리랑엄마네 (중구 대종로182) 봉소루 카페 (중구 대종로235),석교동 돌다리마을 협종도합 초기사업비(2차) 지원과 관련하여 초기사업비 사용 전반적인 방향과 전통문화 플랫폼 운영 전반에 대하여 논의하기 위한 자리 마련,124600,98b646eb114854e9c610424762e66a50860135709227d602fb060245cf61df1c,sheet1:R8,,,
98b646eb114854e9-sheet1-R9,2026-04-30,daejeon-jung,도시재생과,유가옥설렁탕 (중구 부사동 128-1번지),부·사 날망길 조성사업과 관련하여 사업 관계자들과 사업 추진 방향 전반에 대한 정기회의 및 현장조사 진행을 위한 자리 마련,116000,98b646eb114854e9c610424762e66a50860135709227d602fb060245cf61df1c,sheet1:R9,,,
c949bd7c2a316e8a-sheet1-R5,2026-04-27,daejeon-jung,토지정보과,온기솥밥,한국공인중개사협회 대전중구지회 간담회,102000,c949bd7c2a316e8ab3b62081760c4915d9d95dc1a02e96143ac5ae3681cea75a,sheet1:R5,,,
01f2ffa6b6f2bba4-sheet1-R5,2026-04-27,daejeon-jung,복지정책과,대전대파집,주민복지국 소속직원 격려,200000,01f2ffa6b6f2bba4285e7f84eb3ba9a35b0e8588e357db9c7607edce094ba1c9,sheet1:R5,,,
01f2ffa6b6f2bba4-sheet2-R5,2026-04-01,daejeon-jung,복지정책과,풍경,동 복지만두레 관계자 대상 맞춤형 나눔 공모사업 수행 관련 중점 추진사항 등 논의,445000,01f2ffa6b6f2bba4285e7f84eb3ba9a35b0e8588e357db9c7607edce094ba1c9,sheet2:R5,,,
01f2ffa6b6f2bba4-sheet3-R5,2026-04-07,daejeon-jung,복지정책과,스마일칼국수,지역사회보장협의체 임원진 대상 민-관 역할체계 등에 대한 업무협의 간담회,89000,01f2ffa6b6f2bba4285e7f84eb3ba9a35b0e8588e357db9c7607edce094ba1c9,sheet3:R5,,,
01f2ffa6b6f2bba4-sheet3-R6,2026-04-14,daejeon-jung,복지정책과,유씨네부엌,청소년복지시설 관계자 대상 주요 현안업무 논의 및 업무추진 상황 점검 등,180000,01f2ffa6b6f2bba4285e7f84eb3ba9a35b0e8588e357db9c7607edce094ba1c9,sheet3:R6,,,
01f2ffa6b6f2bba4-sheet3-R7,2026-04-23,daejeon-jung,복지정책과,마당에서,복지만두레 관계자 대상 당면 현안업무 논의 등,186000,01f2ffa6b6f2bba4285e7f84eb3ba9a35b0e8588e357db9c7607edce094ba1c9,sheet3:R7,,,
01f2ffa6b6f2bba4-sheet3-R8,2026-04-29,daejeon-jung,복지정책과,온기솥밥,사회복지관 관계자 대상 당면 현안업무 논의 등,71500,01f2ffa6b6f2bba4285e7f84eb3ba9a35b0e8588e357db9c7607edce094ba1c9,sheet3:R8,,,
2daa3a2c1dceb703-sheet1-R5,2026-03-09,daejeon-jung,건설과,모아식당,관내 가로등 전기설비 현안사업에 대한 간담회,90000,2daa3a2c1dceb7037bec2d7b52c4b3fc056d3498f899fdbacefae545bb915980,sheet1:R5,,,
2daa3a2c1dceb703-sheet1-R6,2026-03-12,daejeon-jung,건설과,백채김치찌개,관내 포트홀 관리 및 도로정비 사업 관련 간담회,108000,2daa3a2c1dceb7037bec2d7b52c4b3fc056d3498f899fdbacefae545bb915980,sheet1:R6,,,
2daa3a2c1dceb703-sheet1-R7,2026-03-18,daejeon-jung,건설과,강연우동태찌개,하천관리 및 하천시설물 복구등에 대한 유관기관 간담회,103000,2daa3a2c1dceb7037bec2d7b52c4b3fc056d3498f899fdbacefae545bb915980,sheet1:R7,,,
0ed044a8bdfe739c-table1-R2,2026-03-05,daejeon-jung,노인장애인과,중구청직장상조회,장애인복지위원회,40000,0ed044a8bdfe739c4c37e849fe6c455897ea1c269f3d2edd3a7f6a17ae3a4f45,table1:R2,,,
0ed044a8bdfe739c-table1-R3,2026-03-18,daejeon-jung,노인장애인과,중구청직장상조회,장기요양기관지정심사위원회,10000,0ed044a8bdfe739c4c37e849fe6c455897ea1c269f3d2edd3a7f6a17ae3a4f45,table1:R3,,,
b6f6cf7c47dfd3e8-sheet1-R5,2026-03-16,daejeon-jung,평생교육과,월산본가,문창공공도서관 사업관계자 식사,95000,b6f6cf7c47dfd3e8ff3515a52bf5538640076e77cb9941ca61cd01127bbea572,sheet1:R5,,,
b6f6cf7c47dfd3e8-sheet1-R6,2026-03-17,daejeon-jung,평생교육과,무이,평생학습 네트워크 사업 관계자 식사,175000,b6f6cf7c47dfd3e8ff3515a52bf5538640076e77cb9941ca61cd01127bbea572,sheet1:R6,,,
b6f6cf7c47dfd3e8-sheet1-R7,2026-03-26,daejeon-jung,평생교육과,내집식당 올갱이,문창공공도서관 향후 실시설계 논의,130000,b6f6cf7c47dfd3e8ff3515a52bf5538640076e77cb9941ca61cd01127bbea572,sheet1:R7,,,
b6f6cf7c47dfd3e8-sheet1-R8,2026-03-31,daejeon-jung,평생교육과,진미오겹살,중구 행복이음교육지구 사업 관계자 식사,116000,b6f6cf7c47dfd3e8ff3515a52bf5538640076e77cb9941ca61cd01127bbea572,sheet1:R8,,,
f5aafab3040476e9-sheet1-R5,2026-03-09,daejeon-jung,세원관리과,부잣집곰탕식당,하나은행 구금고담당자 업무 간담회,75000,f5aafab3040476e902b24b372cd67acbc9cc29a3bc7fc274f83c0281d88dcfab,sheet1:R5,,,
f5aafab3040476e9-sheet1-R6,2026-03-31,daejeon-jung,세원관리과,형네낙지,번호판영치 기간제근로자 간담회,219000,f5aafab3040476e902b24b372cd67acbc9cc29a3bc7fc274f83c0281d88dcfab,sheet1:R6,,,
238080d94303d515-sheet1-R5,2026-03-31,daejeon-jung,건강정책과,남원집,시책추진업무추진비 지급 결의(2026년 우리마을 건강지킴이 간담회),115000,238080d94303d515e960f80fa83ef020db80201d6e9f10b91801f5b0a92d0969,sheet1:R5,,,
238080d94303d515-sheet1-R6,2026-03-31,daejeon-jung,건강정책과,이디야커피대전천근오거리점,시책추진업무추진비 지급 결의(2026년 우리마을 건강지킴이 간담회),36000,238080d94303d515e960f80fa83ef020db80201d6e9f10b91801f5b0a92d0969,sheet1:R6,,,
b7feb3e40bd38b65-sheet1-R5,2026-03-09,daejeon-jung,기획홍보실,주식회사 찰만디제이(갈비만),구정홍보간담회(언론사 기자),200000,b7feb3e40bd38b6562ba22a9dc9eb5357adf73ebca4be6bc5771f397caf78b2f,sheet1:R5,,,
b7feb3e40bd38b65-sheet1-R6,2026-03-09,daejeon-jung,기획홍보실,생마차월평점,구정홍보간담회(언론사 기자),40400,b7feb3e40bd38b6562ba22a9dc9eb5357adf73ebca4be6bc5771f397caf78b2f,sheet1:R6,,,
b7feb3e40bd38b65-sheet1-R7,2026-03-10,daejeon-jung,기획홍보실,형네낙지,구정홍보간담회(언론사 기자),169000,b7feb3e40bd38b6562ba22a9dc9eb5357adf73ebca4be6bc5771f397caf78b2f,sheet1:R7,,,
b7feb3e40bd38b65-sheet1-R8,2026-03-10,daejeon-jung,기획홍보실,숨결커피,구정홍보간담회(언론사 기자),32940,b7feb3e40bd38b6562ba22a9dc9eb5357adf73ebca4be6bc5771f397caf78b2f,sheet1:R8,,,
b7feb3e40bd38b65-sheet1-R9,2026-03-10,daejeon-jung,기획홍보실,에머이,구정홍보간담회(언론사 기자),36000,b7feb3e40bd38b6562ba22a9dc9eb5357adf73ebca4be6bc5771f397caf78b2f,sheet1:R9,,,
b7feb3e40bd38b65-sheet1-R10,2026-03-10,daejeon-jung,기획홍보실,빽다방,구정홍보간담회(언론사 기자),6300,b7feb3e40bd38b6562ba22a9dc9eb5357adf73ebca4be6bc5771f397caf78b2f,sheet1:R10,,,
b7feb3e40bd38b65-sheet1-R11,2026-03-11,daejeon-jung,기획홍보실,대흥동쫄데기,구정홍보간담회(언론사 기자),44000,b7feb3e40bd38b6562ba22a9dc9eb5357adf73ebca4be6bc5771f397caf78b2f,sheet1:R11,,,
b7feb3e40bd38b65-sheet1-R12,2026-03-11,daejeon-jung,기획홍보실,숨결커피,구정홍보간담회(언론사 기자),14220,b7feb3e40bd38b6562ba22a9dc9eb5357adf73ebca4be6bc5771f397caf78b2f,sheet1:R12,,,
b7feb3e40bd38b65-sheet1-R13,2026-03-12,daejeon-jung,기획홍보실,미도리카레,구정홍보간담회(언론사 기자),43500,b7feb3e40bd38b6562ba22a9dc9eb5357adf73ebca4be6bc5771f397caf78b2f,sheet1:R13,,,
b7feb3e40bd38b65-sheet1-R14,2026-03-12,daejeon-jung,기획홍보실,파이가든,구정홍보간담회(언론사 기자),34000,b7feb3e40bd38b6562ba22a9dc9eb5357adf73ebca4be6bc5771f397caf78b2f,sheet1:R14,,,
b7feb3e40bd38b65-sheet1-R15,2026-03-13,daejeon-jung,기획홍보실,애국집,구정홍보간담회(언론사 기자),49000,b7feb3e40bd38b6562ba22a9dc9eb5357adf73ebca4be6bc5771f397caf78b2f,sheet1:R15,,,
b7feb3e40bd38b65-sheet1-R16,2026-03-13,daejeon-jung,기획홍보실,지고당,구정홍보간담회(언론사 기자),45000,b7feb3e40bd38b6562ba22a9dc9eb5357adf73ebca4be6bc5771f397caf78b2f,sheet1:R16,,,
b7feb3e40bd38b65-sheet1-R17,2026-03-13,daejeon-jung,기획홍보실,메머드익스프레스,구정홍보간담회(언론사 기자),8900,b7feb3e40bd38b6562ba22a9dc9eb5357adf73ebca4be6bc5771f397caf78b2f,sheet1:R17,,,
b7feb3e40bd38b65-sheet1-R18,2026-03-19,daejeon-jung,기획홍보실,형네낙지,구정홍보간담회(언론사 기자),70000,b7feb3e40bd38b6562ba22a9dc9eb5357adf73ebca4be6bc5771f397caf78b2f,sheet1:R18,,,
b7feb3e40bd38b65-sheet1-R19,2026-03-19,daejeon-jung,기획홍보실,숨결커피,구정홍보간담회(언론사 기자),21800,b7feb3e40bd38b6562ba22a9dc9eb5357adf73ebca4be6bc5771f397caf78b2f,sheet1:R19,,,
b7feb3e40bd38b65-sheet1-R20,2026-03-19,daejeon-jung,기획홍보실,봉봉원,구정홍보간담회(언론사 기자),75000,b7feb3e40bd38b6562ba22a9dc9eb5357adf73ebca4be6bc5771f397caf78b2f,sheet1:R20,,,
b7feb3e40bd38b65-sheet1-R21,2026-03-19,daejeon-jung,기획홍보실,쪽방집사랑채,구정홍보간담회(언론사 기자),141000,b7feb3e40bd38b6562ba22a9dc9eb5357adf73ebca4be6bc5771f397caf78b2f,sheet1:R21,,,
b7feb3e40bd38b65-sheet1-R22,2026-03-20,daejeon-jung,기획홍보실,식물카페 가든홀릭,구정홍보간담회(언론사 기자),39800,b7feb3e40bd38b6562ba22a9dc9eb5357adf73ebca4be6bc5771f397caf78b2f,sheet1:R22,,,
b7feb3e40bd38b65-sheet1-R23,2026-03-25,daejeon-jung,기획홍보실,풍미식당,구정홍보간담회(언론사 기자),55000,b7feb3e40bd38b6562ba22a9dc9eb5357adf73ebca4be6bc5771f397caf78b2f,sheet1:R23,,,
b7feb3e40bd38b65-sheet1-R24,2026-03-25,daejeon-jung,기획홍보실,미콩커피,구정홍보간담회(언론사 기자),13300,b7feb3e40bd38b6562ba22a9dc9eb5357adf73ebca4be6bc5771f397caf78b2f,sheet1:R24,,,
b7feb3e40bd38b65-sheet1-R25,2026-03-26,daejeon-jung,기획홍보실,사리원면옥,구정홍보간담회(언론사 기자),154000,b7feb3e40bd38b6562ba22a9dc9eb5357adf73ebca4be6bc5771f397caf78b2f,sheet1:R25,,,
b7feb3e40bd38b65-sheet1-R26,2026-03-27,daejeon-jung,기획홍보실,태화원,구정홍보간담회(언론사 기자),109000,b7feb3e40bd38b6562ba22a9dc9eb5357adf73ebca4be6bc5771f397caf78b2f,sheet1:R26,,,
b7feb3e40bd38b65-sheet1-R27,2026-03-27,daejeon-jung,기획홍보실,빽다방,구정홍보간담회(언론사 기자),12500,b7feb3e40bd38b6562ba22a9dc9eb5357adf73ebca4be6bc5771f397caf78b2f,sheet1:R27,,,
b7feb3e40bd38b65-sheet1-R28,2026-03-30,daejeon-jung,기획홍보실,세호불백,구정홍보간담회(언론사 기자),36000,b7feb3e40bd38b6562ba22a9dc9eb5357adf73ebca4be6bc5771f397caf78b2f,sheet1:R28,,,
b7feb3e40bd38b65-sheet1-R29,2026-03-30,daejeon-jung,기획홍보실,카페모아,구정홍보간담회(언론사 기자),14100,b7feb3e40bd38b6562ba22a9dc9eb5357adf73ebca4be6bc5771f397caf78b2f,sheet1:R29,,,
b7feb3e40bd38b65-sheet1-R30,2026-03-31,daejeon-jung,기획홍보실,공주순대국밥,구정홍보간담회(언론사 기자),79000,b7feb3e40bd38b6562ba22a9dc9eb5357adf73ebca4be6bc5771f397caf78b2f,sheet1:R30,,,
b7feb3e40bd38b65-sheet1-R31,2026-03-31,daejeon-jung,기획홍보실,카페코지,구정홍보간담회(언론사 기자),47300,b7feb3e40bd38b6562ba22a9dc9eb5357adf73ebca4be6bc5771f397caf78b2f,sheet1:R31,,,
b7feb3e40bd38b65-sheet1-R32,2026-03-31,daejeon-jung,기획홍보실,손의손,구정홍보간담회(언론사 기자),85000,b7feb3e40bd38b6562ba22a9dc9eb5357adf73ebca4be6bc5771f397caf78b2f,sheet1:R32,,,
b7feb3e40bd38b65-sheet1-R33,2026-03-31,daejeon-jung,기획홍보실,빽다방,구정홍보간담회(언론사 기자),10700,b7feb3e40bd38b6562ba22a9dc9eb5357adf73ebca4be6bc5771f397caf78b2f,sheet1:R33,,,
b7feb3e40bd38b65-sheet1-R34,2026-03-31,daejeon-jung,기획홍보실,현대오리타운,구정홍보간담회(언론사 기자),57000,b7feb3e40bd38b6562ba22a9dc9eb5357adf73ebca4be6bc5771f397caf78b2f,sheet1:R34,,,
5adc68c3824dffa6-sheet1-R6,2026-03-03,daejeon-jung,문화체육관광과,"지고당,파티세리소신",자주재원 마련을 위한 노고직원 격려,96500,5adc68c3824dffa68e15f8e8ae00926f506993618c680a9326f05c11a14435af,sheet1:R6,,,
5adc68c3824dffa6-sheet1-R7,2026-03-04,daejeon-jung,문화체육관광과,"삼팔집, 윈터커피",지속가능 평생학습 생태계 구축을 위한 노고직원 격려,86500,5adc68c3824dffa68e15f8e8ae00926f506993618c680a9326f05c11a14435af,sheet1:R7,,,
5adc68c3824dffa6-sheet2-R6,2026-03-06,daejeon-jung,문화체육관광과,타향골,원도심야행 사업 전문가 간담회 개최,400000,5adc68c3824dffa68e15f8e8ae00926f506993618c680a9326f05c11a14435af,sheet2:R6,,,
5adc68c3824dffa6-sheet2-R7,2026-03-17,daejeon-jung,문화체육관광과,만나,생활체육대회 활성화를 위한 유관기관 간담회,68700,5adc68c3824dffa68e15f8e8ae00926f506993618c680a9326f05c11a14435af,sheet2:R7,,,
5adc68c3824dffa6-sheet2-R8,2026-03-18,daejeon-jung,문화체육관광과,"형네낙지, 브리즈오브",원도심 지역경제 활성화를 위한 유관기관 간담회,142000,5adc68c3824dffa68e15f8e8ae00926f506993618c680a9326f05c11a14435af,sheet2:R8,,,
5adc68c3824dffa6-sheet3-R6,2026-03-26,daejeon-jung,문화체육관광과,베리몽,관광숙박업 등 간담회(1차) 참석자 다과 제공,55000,5adc68c3824dffa68e15f8e8ae00926f506993618c680a9326f05c11a14435af,sheet3:R6,,,
5adc68c3824dffa6-sheet3-R7,2026-03-30,daejeon-jung,문화체육관광과,베리몽,관광숙박업 등 간담회(2차) 참석자 다과 제공,137500,5adc68c3824dffa68e15f8e8ae00926f506993618c680a9326f05c11a14435af,sheet3:R7,,,
5adc68c3824dffa6-sheet4-R6,2026-03-04,daejeon-jung,문화체육관광과,복록수,공공체육시설 확충을 위한 유관기관 간담회,134000,5adc68c3824dffa68e15f8e8ae00926f506993618c680a9326f05c11a14435af,sheet4:R6,,,
5adc68c3824dffa6-sheet4-R7,2026-03-13,daejeon-jung,문화체육관광과,동원식당,원도심 문화예술 활성화를 위한 지역 예술인 간담회,68000,5adc68c3824dffa68e15f8e8ae00926f506993618c680a9326f05c11a14435af,sheet4:R7,,,
ce56f5a671578e0b-sheet1-R5,2026-03-04,daejeon-jung,재난안전과,중구청직장상조회,안전점검의 날 캠페인 참여자 생수 등 지급,105000,ce56f5a671578e0b5cbf63914ce5e0bc8f6471a29f9d47eb446c826cecf887d8,sheet1:R5,,,
183baae3f61ee82e-sheet1-R5,2026-03-18,daejeon-jung,민원여권과,조선돌솥밥,행정도우미 간담회,323000,183baae3f61ee82ee75bd0244bed5b73aa4af28508fa51ce9c5ff2140de97332,sheet1:R5,,,
06b88c032587fac1-sheet1-R6,2026-03-04,daejeon-jung,행정지원과,강변산닭,구정 핵심정책 심층학습 교육 추진 관계자 오찬,55000,06b88c032587fac180431b73c4408ed1f9e973c1702fb1021506898a4b9b1fb5,sheet1:R6,,,
06b88c032587fac1-sheet1-R7,2026-03-05,daejeon-jung,행정지원과,바다사랑,국기선양 및 가로기 게양 관리 강화를 위한 간담회,60000,06b88c032587fac180431b73c4408ed1f9e973c1702fb1021506898a4b9b1fb5,sheet1:R7,,,
434304127e5a6986-sheet1-R6,2026-03-09,daejeon-jung,행정지원과,경조사비,재난안전과 결혼,50000,434304127e5a6986e6e2e877c76db118ec176b07aedbe89485032ce2e36f8fd4,sheet1:R6,,,
434304127e5a6986-sheet1-R7,2026-03-12,daejeon-jung,행정지원과,도미노피자,개학기 초등학교 주변 위해요소 현장점검 등 현안업무 추진 직원 노고 격려 간식 구입,116200,434304127e5a6986e6e2e877c76db118ec176b07aedbe89485032ce2e36f8fd4,sheet1:R7,,,
434304127e5a6986-sheet1-R8,2026-03-30,daejeon-jung,행정지원과,조샌드위치,자원안보위기 경보에 따른 공공부문 승용차 5부제 추진 등 현안업무 추진 직원 노고 격려 간식 구입,41400,434304127e5a6986e6e2e877c76db118ec176b07aedbe89485032ce2e36f8fd4,sheet1:R8,,,
434304127e5a6986-sheet2-R6,2026-03-05,daejeon-jung,행정지원과,용궁식당,통합방위태세 확립을 위한 협조사항 논의 간담회,68000,434304127e5a6986e6e2e877c76db118ec176b07aedbe89485032ce2e36f8fd4,sheet2:R6,,,
434304127e5a6986-sheet2-R7,2026-03-10,daejeon-jung,행정지원과,정직한하누,정책리더십 역량강화 교육 추진 관계자 오찬,78000,434304127e5a6986e6e2e877c76db118ec176b07aedbe89485032ce2e36f8fd4,sheet2:R7,,,
434304127e5a6986-sheet2-R8,2026-03-11,daejeon-jung,행정지원과,백암골흑염소마을,해빙기 위험시설물 예찰활동을 위한 자율방재단 간담회,83000,434304127e5a6986e6e2e877c76db118ec176b07aedbe89485032ce2e36f8fd4,sheet2:R8,,,
434304127e5a6986-sheet2-R9,2026-03-18,daejeon-jung,행정지원과,투썸플레이스,FS연습 실제훈련의 원활한 실시를 위한 업무추진 유관기관 차담회,25400,434304127e5a6986e6e2e877c76db118ec176b07aedbe89485032ce2e36f8fd4,sheet2:R9,,,
434304127e5a6986-sheet2-R10,2026-03-19,daejeon-jung,행정지원과,미소본가스마일칼국수,주민참여예산제 활성화를 위한 찾아가는 예산학교 운영 사업 추진 관계자 오찬,60000,434304127e5a6986e6e2e877c76db118ec176b07aedbe89485032ce2e36f8fd4,sheet2:R10,,,
434304127e5a6986-sheet2-R11,2026-03-20,daejeon-jung,행정지원과,단위,안전신문고 이행실태 안전감찰 사업 추진 관계자 차담회,27400,434304127e5a6986e6e2e877c76db118ec176b07aedbe89485032ce2e36f8fd4,sheet2:R11,,,
434304127e5a6986-sheet2-R12,2026-03-26,daejeon-jung,행정지원과,해태관,보존기간 30년 이상 중요 비전자기록물 DB구축 사업 추진 관계자 오찬,53000,434304127e5a6986e6e2e877c76db118ec176b07aedbe89485032ce2e36f8fd4,sheet2:R12,,,
434304127e5a6986-sheet2-R13,2026-03-27,daejeon-jung,행정지원과,보문산쭈꾸미,혈액수급 안정화를 위한 사랑의 헌혈 캠페인 사업 추진 관계자 오찬,59600,434304127e5a6986e6e2e877c76db118ec176b07aedbe89485032ce2e36f8fd4,sheet2:R13,,,
434304127e5a6986-sheet2-R14,2026-03-31,daejeon-jung,행정지원과,공주칼국수쭈꾸미구이,마을공동체 활성화 공모사업 업무추진 유관기관 오찬,64000,434304127e5a6986e6e2e877c76db118ec176b07aedbe89485032ce2e36f8fd4,sheet2:R14,,,
d74d2fdf03af41ed-sheet1-R6,2026-03-03,daejeon-jung,행정지원과,중구마루,집무실 운영물품 구입,500000,d74d2fdf03af41ed4b97c6b8446f699e77e21bd277acd29a3e0d04090a473c25,sheet1:R6,,,
d74d2fdf03af41ed-sheet1-R7,2026-03-03,daejeon-jung,행정지원과,"청향일식, 투썸플레이스",현안 사업 공유 및 상호 이해증진 도모를 위한 환경공무관 노동조합 오찬 간담회,140300,d74d2fdf03af41ed4b97c6b8446f699e77e21bd277acd29a3e0d04090a473c25,sheet1:R7,,,
d74d2fdf03af41ed-sheet1-R9,2026-03-05,daejeon-jung,행정지원과,"해태관, 뮤제",현안 사업 공유 및 상호 이해증진 도모를 위한 공공안전관 노동조합 오찬 간담회,171600,d74d2fdf03af41ed4b97c6b8446f699e77e21bd277acd29a3e0d04090a473c25,sheet1:R9,,,
d74d2fdf03af41ed-sheet1-R10,2026-03-09,daejeon-jung,행정지원과,경조사비,"여성아동과 조모상, 석교동 결혼, 재난안전과 결혼",150000,d74d2fdf03af41ed4b97c6b8446f699e77e21bd277acd29a3e0d04090a473c25,sheet1:R10,,,
d74d2fdf03af41ed-sheet1-R12,2026-03-10,daejeon-jung,행정지원과,위아래복집,"효문화마을, 뿌리공원 관광명소화를 위한 직원 노고 격려",256000,d74d2fdf03af41ed4b97c6b8446f699e77e21bd277acd29a3e0d04090a473c25,sheet1:R12,,,
d74d2fdf03af41ed-sheet1-R13,2026-03-11,daejeon-jung,행정지원과,바다사랑,간부공무원 일정관리 및 의전업무 노고직원 격려,80000,d74d2fdf03af41ed4b97c6b8446f699e77e21bd277acd29a3e0d04090a473c25,sheet1:R13,,,
d74d2fdf03af41ed-sheet1-R15,2026-03-16,daejeon-jung,행정지원과,개인(성명 비공개),건강정책과 부친상,50000,d74d2fdf03af41ed4b97c6b8446f699e77e21bd277acd29a3e0d04090a473c25,sheet1:R15,,,
d74d2fdf03af41ed-sheet1-R16,2026-03-16,daejeon-jung,행정지원과,황가네식당,시 종합감사 수감 등 현안업무 추진 직원 노고 격려 오찬,147000,d74d2fdf03af41ed4b97c6b8446f699e77e21bd277acd29a3e0d04090a473c25,sheet1:R16,,,
d74d2fdf03af41ed-sheet1-R17,2026-03-16,daejeon-jung,행정지원과,토핑몬스터피자,공원·녹지·산림 내 불법 점용시설 정비 및 봄꽃 식재 추진 등 각종 현안업무 추진 직원 노고 격려 간식 구입,102500,d74d2fdf03af41ed4b97c6b8446f699e77e21bd277acd29a3e0d04090a473c25,sheet1:R17,,,
d74d2fdf03af41ed-sheet1-R18,2026-03-18,daejeon-jung,행정지원과,"고려회관, 아미띠에",의료급여 관내 요양병원 순회 사업 추진 등 현안업무 추진 직원 노고 격려 오찬,216000,d74d2fdf03af41ed4b97c6b8446f699e77e21bd277acd29a3e0d04090a473c25,sheet1:R18,,,
d74d2fdf03af41ed-sheet1-R19,2026-03-19,daejeon-jung,행정지원과,백조한우마을,중동 사태 관련 관내 주유소 점검 추진 등 현안업무 추진 직원 격려 오찬,273000,d74d2fdf03af41ed4b97c6b8446f699e77e21bd277acd29a3e0d04090a473c25,sheet1:R19,,,
d74d2fdf03af41ed-sheet1-R20,2026-03-20,daejeon-jung,행정지원과,성심당,공공건축 사업 추진상황 보고회 개최 및 임시회 준비 추진 직원 격려 간식 구입,122300,d74d2fdf03af41ed4b97c6b8446f699e77e21bd277acd29a3e0d04090a473c25,sheet1:R20,,,
d74d2fdf03af41ed-sheet1-R21,2026-03-23,daejeon-jung,행정지원과,경조사비,"건강증진과 외조부상, 문화1동 시모상",100000,d74d2fdf03af41ed4b97c6b8446f699e77e21bd277acd29a3e0d04090a473c25,sheet1:R21,,,
d74d2fdf03af41ed-sheet1-R23,2026-03-24,daejeon-jung,행정지원과,"화평본가, 길드커피온","행정업무용 컴퓨터 보급, 유동인구 실증사업 추진 등 직원 격려 오찬",82000,d74d2fdf03af41ed4b97c6b8446f699e77e21bd277acd29a3e0d04090a473c25,sheet1:R23,,,
d74d2fdf03af41ed-sheet1-R24,2026-03-25,daejeon-jung,행정지원과,"대전수전복, 투썸플레이스",제25기 중견리더양성과정 입교자 격려 오찬,342700,d74d2fdf03af41ed4b97c6b8446f699e77e21bd277acd29a3e0d04090a473c25,sheet1:R24,,,
d74d2fdf03af41ed-sheet1-R25,2026-03-27,daejeon-jung,행정지원과,개인(성명 비공개),"문화1동 조모상, 기획홍보실 결혼, 문화체육관광과 결혼, 기후환경과 장모상, 건축과 외조부상",250000,d74d2fdf03af41ed4b97c6b8446f699e77e21bd277acd29a3e0d04090a473c25,sheet1:R25,,,
d74d2fdf03af41ed-sheet1-R26,2026-03-27,daejeon-jung,행정지원과,월산본가,자원안보위기 주의 경보에 따른 에너지 절약 대책 및 주요 현안 논의 만찬,472000,d74d2fdf03af41ed4b97c6b8446f699e77e21bd277acd29a3e0d04090a473c25,sheet1:R26,,,
d74d2fdf03af41ed-sheet2-R6,2026-03-04,daejeon-jung,행정지원과,"삼일소고기국밥, 투썸플레이스",찾아가는 마음치유 상담실 사업 추진 관계자 오찬,185700,d74d2fdf03af41ed4b97c6b8446f699e77e21bd277acd29a3e0d04090a473c25,sheet2:R6,,,
d74d2fdf03af41ed-sheet2-R7,2026-03-06,daejeon-jung,행정지원과,"동원식당, 팔롬비니",주민참여예산제 활성화를 위한 주민참여예산운영회의 간담회,42500,d74d2fdf03af41ed4b97c6b8446f699e77e21bd277acd29a3e0d04090a473c25,sheet2:R7,,,
d74d2fdf03af41ed-sheet2-R8,2026-03-06,daejeon-jung,행정지원과,정림일식,외부청사 이전 대부계약 관련 업무추진 유관기관 만찬 간담회,300000,d74d2fdf03af41ed4b97c6b8446f699e77e21bd277acd29a3e0d04090a473c25,sheet2:R8,,,
d74d2fdf03af41ed-sheet2-R9,2026-03-09,daejeon-jung,행정지원과,"강연우동태찌개, 델빠네",안영생활체육시설단지 조성 사업추진 관계자 간담회,123500,d74d2fdf03af41ed4b97c6b8446f699e77e21bd277acd29a3e0d04090a473c25,sheet2:R9,,,
d74d2fdf03af41ed-sheet2-R10,2026-03-12,daejeon-jung,행정지원과,월산본가,해빙기 대비 국가유산 시·구 표본 합동점검 사업 추진 관계자 오찬,96000,d74d2fdf03af41ed4b97c6b8446f699e77e21bd277acd29a3e0d04090a473c25,sheet2:R10,,,
d74d2fdf03af41ed-sheet2-R11,2026-03-13,daejeon-jung,행정지원과,"풍미식당, 미콩커피",구정 홍보를 위한 언론사 관계자 간담회,74900,d74d2fdf03af41ed4b97c6b8446f699e77e21bd277acd29a3e0d04090a473c25,sheet2:R11,,,
d74d2fdf03af41ed-sheet2-R12,2026-03-17,daejeon-jung,행정지원과,"월산본가, 팔롬비니",원활한 선거 업무 추진을 위한 중구 선거관리위원회 오찬 간담회,333000,d74d2fdf03af41ed4b97c6b8446f699e77e21bd277acd29a3e0d04090a473c25,sheet2:R12,,,
d74d2fdf03af41ed-sheet2-R13,2026-03-17,daejeon-jung,행정지원과,아빠손칼국수,장애인 생활체육 활성화를 위한 유관기관 간담회,250000,d74d2fdf03af41ed4b97c6b8446f699e77e21bd277acd29a3e0d04090a473c25,sheet2:R13,,,
d74d2fdf03af41ed-sheet2-R14,2026-03-18,daejeon-jung,행정지원과,대선칼국수,구정 홍보를 위한 언론사 관계자 간담회,103000,d74d2fdf03af41ed4b97c6b8446f699e77e21bd277acd29a3e0d04090a473c25,sheet2:R14,,,
d74d2fdf03af41ed-sheet2-R15,2026-03-19,daejeon-jung,행정지원과,청월아구찜,먹는물 공동시설 수질검사 및 국민다소비식품 수거검사 사업 업무추진 유관기관 만찬,204000,d74d2fdf03af41ed4b97c6b8446f699e77e21bd277acd29a3e0d04090a473c25,sheet2:R15,,,
d74d2fdf03af41ed-sheet2-R16,2026-03-20,daejeon-jung,행정지원과,"화평본가, 길드커피온",개학기 어린이 놀이시설 안전점검 사업 추진 관계자 오찬,241500,d74d2fdf03af41ed4b97c6b8446f699e77e21bd277acd29a3e0d04090a473c25,sheet2:R16,,,
d74d2fdf03af41ed-sheet2-R17,2026-03-23,daejeon-jung,행정지원과,"초월짬뽕, 메가커피",환경오염 배출 사업장 합동점검 사업 추진 관계자 간담회,73900,d74d2fdf03af41ed4b97c6b8446f699e77e21bd277acd29a3e0d04090a473c25,sheet2:R17,,,
d74d2fdf03af41ed-sheet2-R18,2026-03-25,daejeon-jung,행정지원과,스시무희,직원 독서학습 연계 프로그램 추진 관계자 만찬,90000,d74d2fdf03af41ed4b97c6b8446f699e77e21bd277acd29a3e0d04090a473c25,sheet2:R18,,,
d74d2fdf03af41ed-sheet2-R19,2026-03-26,daejeon-jung,행정지원과,"황제쭈꾸미와명태조림, 템푸스커피",돌다리마을 활력센터 신축공사 관련 석교동 도시재생 현장지원센터 관계자 오찬,168000,d74d2fdf03af41ed4b97c6b8446f699e77e21bd277acd29a3e0d04090a473c25,sheet2:R19,,,
d74d2fdf03af41ed-sheet2-R20,2026-03-27,daejeon-jung,행정지원과,"나룻터식당, 퐁당",일자리창출위원회 개최에 따른 오찬 간담회,44000,d74d2fdf03af41ed4b97c6b8446f699e77e21bd277acd29a3e0d04090a473c25,sheet2:R20,,,
d74d2fdf03af41ed-sheet2-R21,2026-03-30,daejeon-jung,행정지원과,"고려회관, 알로하녹",구정 홍보를 위한 언론사 관계자 간담회,144300,d74d2fdf03af41ed4b97c6b8446f699e77e21bd277acd29a3e0d04090a473c25,sheet2:R21,,,
d74d2fdf03af41ed-sheet2-R22,2026-03-30,daejeon-jung,행정지원과,작은화로,재난 커뮤니케이션 플랫폼 사업 추진 관계자 간담회,167000,d74d2fdf03af41ed4b97c6b8446f699e77e21bd277acd29a3e0d04090a473c25,sheet2:R22,,,
d74d2fdf03af41ed-sheet2-R23,2026-03-31,daejeon-jung,행정지원과,"나룻터식당, 디블루메",공동주택 지원심의 위원회 개최에 따른 오찬 간담회,45500,d74d2fdf03af41ed4b97c6b8446f699e77e21bd277acd29a3e0d04090a473c25,sheet2:R23,,,
d74d2fdf03af41ed-sheet2-R24,2026-03-31,daejeon-jung,행정지원과,상상,종량제 봉투 사재기 방지 대책 및 유통질서 저해 행위 방지 방안 논의 간담회,114000,d74d2fdf03af41ed4b97c6b8446f699e77e21bd277acd29a3e0d04090a473c25,sheet2:R24,,,
04212919bb87dda2-sheet1-R5,2026-03-27,daejeon-jung,도시계획과,개인(성명 비공개),직원경조사비 지급,50000,04212919bb87dda2d5191bd7686142b36af4d94a06ac6b023411115cba292546,sheet1:R5,,,
04212919bb87dda2-sheet2-R5,2026-03-19,daejeon-jung,도시계획과,해태관 / 중구 대흥동소재,가로수 환경 조성을 위한 시 관계자와 협의,113000,04212919bb87dda2d5191bd7686142b36af4d94a06ac6b023411115cba292546,sheet2:R5,,,
04212919bb87dda2-sheet3-R5,2026-03-11,daejeon-jung,도시계획과,황가네 / 중구 대흥동 소재,오류동2구역 재개발정비사업 관련 조합관계자와 협의,105000,04212919bb87dda2d5191bd7686142b36af4d94a06ac6b023411115cba292546,sheet3:R5,,,
04212919bb87dda2-sheet3-R6,2026-03-13,daejeon-jung,도시계획과,타향골 / 중구 대흥동 소재,옥계동2구역 재개발정비사업 관련 조합관계자와 협의,72000,04212919bb87dda2d5191bd7686142b36af4d94a06ac6b023411115cba292546,sheet3:R6,,,
04212919bb87dda2-sheet3-R7,2026-03-16,daejeon-jung,도시계획과,본가칼국수 / 중구 대흥동 소재,중구 정비사업 공공지원 강화 방안 연구용역 중간보고회 관련 용역사와 오찬,64000,04212919bb87dda2d5191bd7686142b36af4d94a06ac6b023411115cba292546,sheet3:R7,,,
7e0ebba08b9ac918-sheet1-R5,2026-03-06,daejeon-jung,감사실,베리몽,"업무 간담회(감사실장 등 직원 3명, 국민권익위 2명, 자문위원 1명, 대덕구 3명, 금산군 3명)",180000,7e0ebba08b9ac91830dee11e2f97c936bdfdc7f5d8b3621a2383269264f74495,sheet1:R5,,,
7e0ebba08b9ac918-sheet1-R6,2026-03-12,daejeon-jung,감사실,정원,"업무 간담회(감사실장 등 직원 3명, 대덕구청 2명, 금산군청 2명)",130000,7e0ebba08b9ac91830dee11e2f97c936bdfdc7f5d8b3621a2383269264f74495,sheet1:R6,,,
b136cda3857a744e-sheet1-R6,2026-03-13,daejeon-jung,자치분권과,대전 중구 대종로 451 1층 (전복만세),마을축제 운영방안에 대한 의견 수렴 간담회,205000,b136cda3857a744e05860197e5975122776645f02cd8cf2193938c10596e4d96,sheet1:R6,,,
b136cda3857a744e-sheet1-R7,2026-03-25,daejeon-jung,자치분권과,대전 중구 문화로234번길 64 (용궁식당),중구 마을공동체 지원센터 리모델링 공사 진행 계획 논의를 위한 간담회,89000,b136cda3857a744e05860197e5975122776645f02cd8cf2193938c10596e4d96,sheet1:R7,,,
599311ca958dd3c8-sheet1-R5,2026-03-13,daejeon-jung,기후환경과,스시무희,생활폐기물 현황 관련 업무 협의,132000,599311ca958dd3c83ce6078af9f6ed2edc7c130f7992b97c2a6fc19144af9e44,sheet1:R5,,,
18ffb41346d00841-sheet1-R5,2026-03-11,daejeon-jung,교통행정과,내집,교통행정 분야 역점 시책에 대한 언론과의 협력체계 구축,181000,18ffb41346d008414948b13b60d5ecd382a7766a24447a35c5c6baedbfe6c3e8,sheet1:R5,,,
18ffb41346d00841-sheet1-R6,2026-03-20,daejeon-jung,교통행정과,"현대오리타운, 수리스",교통행정 분야 역점 시책에 대한 언론과의 협력체계 구축,83000,18ffb41346d008414948b13b60d5ecd382a7766a24447a35c5c6baedbfe6c3e8,sheet1:R6,,,
18ffb41346d00841-sheet1-R7,2026-03-24,daejeon-jung,교통행정과,"사리원면옥, 투썸플레이스",한국공인중개사협회 대전중구지회와의 간담회,309400,18ffb41346d008414948b13b60d5ecd382a7766a24447a35c5c6baedbfe6c3e8,sheet1:R7,,,
18ffb41346d00841-sheet1-R8,2026-03-26,daejeon-jung,교통행정과,"만나, 피프까페진저",대전자동차검사정비사업조합 임원과의 간담회,194700,18ffb41346d008414948b13b60d5ecd382a7766a24447a35c5c6baedbfe6c3e8,sheet1:R8,,,
18ffb41346d00841-sheet2-R5,2026-03-09,daejeon-jung,교통행정과,고려회관 외 1개소,생활환경국 소속 직원 격려,148500,18ffb41346d008414948b13b60d5ecd382a7766a24447a35c5c6baedbfe6c3e8,sheet2:R5,,,
18ffb41346d00841-sheet2-R6,2026-03-16,daejeon-jung,교통행정과,지고당 외 1개소,생활환경국 소속 직원 격려,155300,18ffb41346d008414948b13b60d5ecd382a7766a24447a35c5c6baedbfe6c3e8,sheet2:R6,,,
18ffb41346d00841-sheet2-R7,2026-03-19,daejeon-jung,교통행정과,전복만세 외 1개소,생활환경국 소속 직원 격려,136500,18ffb41346d008414948b13b60d5ecd382a7766a24447a35c5c6baedbfe6c3e8,sheet2:R7,,,
18ffb41346d00841-sheet2-R8,2026-03-25,daejeon-jung,교통행정과,종로할머니손칼국수,생활환경국 소속 직원 격려,135000,18ffb41346d008414948b13b60d5ecd382a7766a24447a35c5c6baedbfe6c3e8,sheet2:R8,,,
18ffb41346d00841-sheet3-R5,2026-03-27,daejeon-jung,교통행정과,중촌가마솥식당,중부모범운전자회와 간담회,335000,18ffb41346d008414948b13b60d5ecd382a7766a24447a35c5c6baedbfe6c3e8,sheet3:R5,,,
95e82ef204bcdc61-sheet1-R6,2026-03-31,daejeon-jung,토지정보과,소호차이나,산성1지구 지적재조사 관계자 간담회,250000,95e82ef204bcdc61889b3eecbb3fe1e6887db4540e50dd7a999be82048972bda,sheet1:R6,,,
641f48ada963cc17-sheet1-R5,2026-03-03,daejeon-jung,복지정책과,분홍달카페,주민복지국 소속직원 격려,27800,641f48ada963cc17a8468d9758a0230b0e186ca75f22e29eb938d7e233484279,sheet1:R5,,,
641f48ada963cc17-sheet1-R6,2026-03-05,daejeon-jung,복지정책과,일렁임,주민복지국 소속직원 격려,52500,641f48ada963cc17a8468d9758a0230b0e186ca75f22e29eb938d7e233484279,sheet1:R6,,,
641f48ada963cc17-sheet1-R7,2026-03-09,daejeon-jung,복지정책과,종로할머니손칼국수 카페마지,주민복지국 소속직원 격려,33000,641f48ada963cc17a8468d9758a0230b0e186ca75f22e29eb938d7e233484279,sheet1:R7,,,
641f48ada963cc17-sheet1-R8,2026-03-20,daejeon-jung,복지정책과,플라잉팬 스타벅스 대전중앙로R점,주민복지국 소속직원 격려,178900,641f48ada963cc17a8468d9758a0230b0e186ca75f22e29eb938d7e233484279,sheet1:R8,,,
641f48ada963cc17-sheet1-R9,2026-03-26,daejeon-jung,복지정책과,진황태 단위,주민복지국 소속직원 격려,126000,641f48ada963cc17a8468d9758a0230b0e186ca75f22e29eb938d7e233484279,sheet1:R9,,,
641f48ada963cc17-sheet1-R10,2026-03-31,daejeon-jung,복지정책과,종로할머니손칼국수,주민복지국 소속직원 격려,70000,641f48ada963cc17a8468d9758a0230b0e186ca75f22e29eb938d7e233484279,sheet1:R10,,,
641f48ada963cc17-sheet2-R5,2026-03-06,daejeon-jung,복지정책과,"바다사랑, 단위",건강보험공단 대전중부지사 관계자 대상 의료요양 통합돌봄사업 관련 업무 논의 등,142200,641f48ada963cc17a8468d9758a0230b0e186ca75f22e29eb938d7e233484279,sheet2:R5,,,
641f48ada963cc17-sheet2-R6,2026-03-11,daejeon-jung,복지정책과,황가네 중구마루,사회복지공동모금회 관계자 대상 지역사회 나눔문화 확산 방안 등 논의,141700,641f48ada963cc17a8468d9758a0230b0e186ca75f22e29eb938d7e233484279,sheet2:R6,,,
641f48ada963cc17-sheet2-R7,2026-03-12,daejeon-jung,복지정책과,종로할머니손칼국수,대전어린이집연합회 중구지회 관계자 대상 지원사각지대 아동대상 지원방안 등 논의,104000,641f48ada963cc17a8468d9758a0230b0e186ca75f22e29eb938d7e233484279,sheet2:R7,,,
641f48ada963cc17-sheet2-R8,2026-03-16,daejeon-jung,복지정책과,윈터커피로스터스,대전중부모범운전자회 관계자 대상 공영장례 사업추진 관련 애로사항 청취 등 논의,51400,641f48ada963cc17a8468d9758a0230b0e186ca75f22e29eb938d7e233484279,sheet2:R8,,,
641f48ada963cc17-sheet2-R9,2026-03-20,daejeon-jung,복지정책과,광세족발 오류점,중구 여성단체협의회 관계자 대상 여성친화정책의 원활한 추진을 위한 현안 논의,179000,641f48ada963cc17a8468d9758a0230b0e186ca75f22e29eb938d7e233484279,sheet2:R9,,,
641f48ada963cc17-sheet2-R10,2026-03-23,daejeon-jung,복지정책과,부잣집곰탕,중구보훈단체협의회 관계자 대상 보훈예우수당 관련 건의사항 등 논의,93000,641f48ada963cc17a8468d9758a0230b0e186ca75f22e29eb938d7e233484279,sheet2:R10,,,
641f48ada963cc17-sheet2-R11,2026-03-24,daejeon-jung,복지정책과,전복만세 대흥점 윈터커피로스터스,중구지역자활센터 관계자 대상 주거케어 통합서비스 추진 관련 협조사항 등 논의,151000,641f48ada963cc17a8468d9758a0230b0e186ca75f22e29eb938d7e233484279,sheet2:R11,,,
641f48ada963cc17-sheet2-R12,2026-03-25,daejeon-jung,복지정책과,만석꾼 융프라우,대한적십자사 대전세종지사 관계자 대상 구호체계 점검 및 구호활동 역량 강화 방안 등 논의,106500,641f48ada963cc17a8468d9758a0230b0e186ca75f22e29eb938d7e233484279,sheet2:R12,,,
641f48ada963cc17-sheet2-R13,2026-03-27,daejeon-jung,복지정책과,선코다리냉면 서대전점 카페리안,시 노인복지과 관계자 대상 구립 노인복지관 건립 관련 제반사항 논의,105000,641f48ada963cc17a8468d9758a0230b0e186ca75f22e29eb938d7e233484279,sheet2:R13,,,
641f48ada963cc17-sheet2-R14,2026-03-30,daejeon-jung,복지정책과,지고당,지역아동센터 관계자 대상 지역아동센터 운영 관련 현안 사항 논의,86000,641f48ada963cc17a8468d9758a0230b0e186ca75f22e29eb938d7e233484279,sheet2:R14,,,
641f48ada963cc17-sheet2-R15,2026-03-30,daejeon-jung,복지정책과,그곳에가면,통합지원협의체 위원 대상 의료요양통합돌봄 시행 관련 당면현안 등 논의,400000,641f48ada963cc17a8468d9758a0230b0e186ca75f22e29eb938d7e233484279,sheet2:R15,,,
5c6ba5cbfd4c0593-sheet1-R6,2026-03-09,daejeon-jung,회계과,도군샤부대흥,2025회계연도 결산검사업무 추진,111600,5c6ba5cbfd4c0593684bdbf7d7401d9b2e84eee50d37453337eddf32d6d68979,sheet1:R6,,,
5c6ba5cbfd4c0593-sheet1-R7,2026-03-27,daejeon-jung,회계과,잇투데이선화점,2025회계연도 결산 업무 추진,150000,5c6ba5cbfd4c0593684bdbf7d7401d9b2e84eee50d37453337eddf32d6d68979,sheet1:R7,,,
bb04db6048690a28-sheet1-R5,2026-03-10,daejeon-jung,정책개발실,곧망할집,당면 현안과제 협의 등 의견 수렴을 위한 대전환경사업 지장자치단체조합장 등 간담회 개최,123000,bb04db6048690a2872ca8d39563d9d332ab8580a74fd344c90fbcb745c70b48e,sheet1:R5,,,
bb04db6048690a28-sheet1-R6,2026-03-11,daejeon-jung,정책개발실,도담한정식,당면 현안과제 협의 등 의견 수렴을 위한 대전광역시청 담당자 등 간담회 개최,74500,bb04db6048690a2872ca8d39563d9d332ab8580a74fd344c90fbcb745c70b48e,sheet1:R6,,,
bb04db6048690a28-sheet1-R7,2026-03-17,daejeon-jung,정책개발실,송가네참옻집,당면 현안과제 협의 등 의견 수렴을 위한 정책자문단 구성원 등 간담회 개최,110000,bb04db6048690a2872ca8d39563d9d332ab8580a74fd344c90fbcb745c70b48e,sheet1:R7,,,
bb04db6048690a28-sheet1-R8,2026-03-19,daejeon-jung,정책개발실,희락반점,구정 운영방향 의견수렴을 위한 정책 제안·발굴 역량강화 교육강사 간담회 개최,154000,bb04db6048690a2872ca8d39563d9d332ab8580a74fd344c90fbcb745c70b48e,sheet1:R8,,,
bb04db6048690a28-sheet1-R9,2026-03-23,daejeon-jung,정책개발실,강변산닭,당면 현안과제 협의 등 의견 수렴을 위한 유관업무 종사자 등 간담회 개최,166000,bb04db6048690a2872ca8d39563d9d332ab8580a74fd344c90fbcb745c70b48e,sheet1:R9,,,
ec04361c72236e10-sheet1-R5,2026-03-06,daejeon-jung,일자리경제과,아카우미유천점,유천전통시장 공영주차장 운영관련 업무협의 상인회 임원진 2명,45000,ec04361c72236e1003b638a0337ded86738cbfdfdaf8d75cdd75337c11a01ec5,sheet1:R5,,,
ec04361c72236e10-sheet1-R6,2026-03-06,daejeon-jung,일자리경제과,썸원스커피,유천전통시장 공영주차장 운영관련 업무협의 상인회 임원진 2명,15600,ec04361c72236e1003b638a0337ded86738cbfdfdaf8d75cdd75337c11a01ec5,sheet1:R6,,,
ec04361c72236e10-sheet1-R7,2026-03-19,daejeon-jung,일자리경제과,희락반점,원도심 상권활성화 사업 관련 업무협의 상권활성화사업단 직원 3인,67000,ec04361c72236e1003b638a0337ded86738cbfdfdaf8d75cdd75337c11a01ec5,sheet1:R7,,,
ec04361c72236e10-sheet1-R8,2026-03-19,daejeon-jung,일자리경제과,클래식샵카페,원도심 상권활성화 사업 관련 업무협의 상권활성화사업단 직원 3인,16000,ec04361c72236e1003b638a0337ded86738cbfdfdaf8d75cdd75337c11a01ec5,sheet1:R8,,,
3b5d4b95dc50ed58-sheet1-R5,2026-03-20,daejeon-jung,주차관리과,예지원,대사문화공원 임시주차장 업무협조 간담회,200000,3b5d4b95dc50ed58556f0bec19224dca441e9753aafb4f4affa5424c4c0bf327,sheet1:R5,,,
49912938311337b7-sheet1-R5,2026-03-17,daejeon-jung,여성아동과,조선돌솥밥,여성단체협의회 간담회,165000,49912938311337b779d5638151433fd7b8a820a1e2c7813219f0338d62155612,sheet1:R5,,,
6978fdb084ede1d7-sheet1-R5,2026-02-10,daejeon-jung,건설과,라탄커피로스터,국공유재산 관련 민원처리를 위한 간담회,20500,6978fdb084ede1d7014336d0261ea1efd8d115642e6c795c6818eb517cdde674,sheet1:R5,,,
6978fdb084ede1d7-sheet1-R6,2026-02-12,daejeon-jung,건설과,초나정갈비대흥점,하천관리 및 하천시설물 복구등에 대한 유관기관 간담회,176000,6978fdb084ede1d7014336d0261ea1efd8d115642e6c795c6818eb517cdde674,sheet1:R6,,,
ae09643fb770ff4f-sheet1-R5,2026-02-02,daejeon-jung,기획홍보실,숨결커피,구정홍보간담회(언론사 기자),29340,ae09643fb770ff4fae0deb15a8eb0fcbb5e42378fc08284ccd674cc663239e4c,sheet1:R5,,,
ae09643fb770ff4f-sheet1-R6,2026-02-03,daejeon-jung,기획홍보실,오박사전복해신탕,언론홍보간담회(언론사 기자),465000,ae09643fb770ff4fae0deb15a8eb0fcbb5e42378fc08284ccd674cc663239e4c,sheet1:R6,,,
ae09643fb770ff4f-sheet1-R7,2026-02-03,daejeon-jung,기획홍보실,카페 덤덤,언론홍보간담회(언론사 기자),43400,ae09643fb770ff4fae0deb15a8eb0fcbb5e42378fc08284ccd674cc663239e4c,sheet1:R7,,,
ae09643fb770ff4f-sheet1-R8,2026-02-04,daejeon-jung,기획홍보실,타향골,구정홍보간담회(언론사 기자),36000,ae09643fb770ff4fae0deb15a8eb0fcbb5e42378fc08284ccd674cc663239e4c,sheet1:R8,,,
ae09643fb770ff4f-sheet1-R9,2026-02-04,daejeon-jung,기획홍보실,아임일리터,구정홍보간담회(언론사 기자),10100,ae09643fb770ff4fae0deb15a8eb0fcbb5e42378fc08284ccd674cc663239e4c,sheet1:R9,,,
ae09643fb770ff4f-sheet1-R10,2026-02-04,daejeon-jung,기획홍보실,내집식당,언론홍보간담회(언론사 기자),330000,ae09643fb770ff4fae0deb15a8eb0fcbb5e42378fc08284ccd674cc663239e4c,sheet1:R10,,,
ae09643fb770ff4f-sheet1-R11,2026-02-04,daejeon-jung,기획홍보실,식물카페 가든홀릭,언론홍보간담회(언론사 기자),49050,ae09643fb770ff4fae0deb15a8eb0fcbb5e42378fc08284ccd674cc663239e4c,sheet1:R11,,,
ae09643fb770ff4f-sheet1-R12,2026-02-05,daejeon-jung,기획홍보실,대흥동쫄데기,구정홍보간담회(언론사 기자),47000,ae09643fb770ff4fae0deb15a8eb0fcbb5e42378fc08284ccd674cc663239e4c,sheet1:R12,,,
ae09643fb770ff4f-sheet1-R13,2026-02-05,daejeon-jung,기획홍보실,숨결커피,구정홍보간담회(언론사 기자),34050,ae09643fb770ff4fae0deb15a8eb0fcbb5e42378fc08284ccd674cc663239e4c,sheet1:R13,,,
ae09643fb770ff4f-sheet1-R14,2026-02-09,daejeon-jung,기획홍보실,희락반점,구정홍보간담회(언론사 기자),80000,ae09643fb770ff4fae0deb15a8eb0fcbb5e42378fc08284ccd674cc663239e4c,sheet1:R14,,,
ae09643fb770ff4f-sheet1-R15,2026-02-10,daejeon-jung,기획홍보실,보문산본가누룽지삼계탕,구정홍보간담회(언론사 기자),51000,ae09643fb770ff4fae0deb15a8eb0fcbb5e42378fc08284ccd674cc663239e4c,sheet1:R15,,,
ae09643fb770ff4f-sheet1-R16,2026-02-10,daejeon-jung,기획홍보실,문스커피,구정홍보간담회(언론사 기자),15000,ae09643fb770ff4fae0deb15a8eb0fcbb5e42378fc08284ccd674cc663239e4c,sheet1:R16,,,
ae09643fb770ff4f-sheet1-R17,2026-02-10,daejeon-jung,기획홍보실,국보산삼오리,언론홍보간담회(언론사 기자),559000,ae09643fb770ff4fae0deb15a8eb0fcbb5e42378fc08284ccd674cc663239e4c,sheet1:R17,,,
ae09643fb770ff4f-sheet1-R18,2026-02-10,daejeon-jung,기획홍보실,키스커피,언론홍보간담회(언론사 기자),50000,ae09643fb770ff4fae0deb15a8eb0fcbb5e42378fc08284ccd674cc663239e4c,sheet1:R18,,,
ae09643fb770ff4f-sheet1-R19,2026-02-11,daejeon-jung,기획홍보실,대흥동쫄데기,구정홍보간담회(언론사 기자),76000,ae09643fb770ff4fae0deb15a8eb0fcbb5e42378fc08284ccd674cc663239e4c,sheet1:R19,,,
ae09643fb770ff4f-sheet1-R20,2026-02-11,daejeon-jung,기획홍보실,숨결커피,구정홍보간담회(언론사 기자),22320,ae09643fb770ff4fae0deb15a8eb0fcbb5e42378fc08284ccd674cc663239e4c,sheet1:R20,,,
ae09643fb770ff4f-sheet1-R21,2026-02-12,daejeon-jung,기획홍보실,고려회관,언론홍보간담회(언론사 기자),420000,ae09643fb770ff4fae0deb15a8eb0fcbb5e42378fc08284ccd674cc663239e4c,sheet1:R21,,,
ae09643fb770ff4f-sheet1-R22,2026-02-13,daejeon-jung,기획홍보실,스시무희,구정홍보간담회(언론사 기자),120000,ae09643fb770ff4fae0deb15a8eb0fcbb5e42378fc08284ccd674cc663239e4c,sheet1:R22,,,
ae09643fb770ff4f-sheet1-R23,2026-02-13,daejeon-jung,기획홍보실,숨결커피,구정홍보간담회(언론사 기자),34900,ae09643fb770ff4fae0deb15a8eb0fcbb5e42378fc08284ccd674cc663239e4c,sheet1:R23,,,
ae09643fb770ff4f-sheet1-R24,2026-02-19,daejeon-jung,기획홍보실,위아래복집,구정홍보간담회(언론사 기자),72000,ae09643fb770ff4fae0deb15a8eb0fcbb5e42378fc08284ccd674cc663239e4c,sheet1:R24,,,
ae09643fb770ff4f-sheet1-R25,2026-02-19,daejeon-jung,기획홍보실,빈입니다,구정홍보간담회(언론사 기자),16000,ae09643fb770ff4fae0deb15a8eb0fcbb5e42378fc08284ccd674cc663239e4c,sheet1:R25,,,
ae09643fb770ff4f-sheet1-R26,2026-02-19,daejeon-jung,기획홍보실,복수분식,구정홍보간담회(언론사 기자),70500,ae09643fb770ff4fae0deb15a8eb0fcbb5e42378fc08284ccd674cc663239e4c,sheet1:R26,,,
ae09643fb770ff4f-sheet1-R27,2026-02-19,daejeon-jung,기획홍보실,빽다방,구정홍보간담회(언론사 기자),14500,ae09643fb770ff4fae0deb15a8eb0fcbb5e42378fc08284ccd674cc663239e4c,sheet1:R27,,,
ae09643fb770ff4f-sheet1-R28,2026-02-23,daejeon-jung,기획홍보실,에머이,구정홍보간담회(언론사 기자),74100,ae09643fb770ff4fae0deb15a8eb0fcbb5e42378fc08284ccd674cc663239e4c,sheet1:R28,,,
ae09643fb770ff4f-sheet1-R29,2026-02-23,daejeon-jung,기획홍보실,숨결커피,구정홍보간담회(언론사 기자),24800,ae09643fb770ff4fae0deb15a8eb0fcbb5e42378fc08284ccd674cc663239e4c,sheet1:R29,,,
ae09643fb770ff4f-sheet1-R30,2026-02-23,daejeon-jung,기획홍보실,미스돼지,구정홍보간담회(언론사 기자),305600,ae09643fb770ff4fae0deb15a8eb0fcbb5e42378fc08284ccd674cc663239e4c,sheet1:R30,,,
ae09643fb770ff4f-sheet1-R31,2026-02-25,daejeon-jung,기획홍보실,사리원면옥,구정홍보간담회(언론사 기자),66000,ae09643fb770ff4fae0deb15a8eb0fcbb5e42378fc08284ccd674cc663239e4c,sheet1:R31,,,
ae09643fb770ff4f-sheet1-R32,2026-02-25,daejeon-jung,기획홍보실,매일봄,구정홍보간담회(언론사 기자),12400,ae09643fb770ff4fae0deb15a8eb0fcbb5e42378fc08284ccd674cc663239e4c,sheet1:R32,,,
ae09643fb770ff4f-sheet1-R33,2026-02-25,daejeon-jung,기획홍보실,손의손,구정홍보간담회(언론사 기자),33000,ae09643fb770ff4fae0deb15a8eb0fcbb5e42378fc08284ccd674cc663239e4c,sheet1:R33,,,
ae09643fb770ff4f-sheet1-R34,2026-02-25,daejeon-jung,기획홍보실,숨결커피,구정홍보간담회(언론사 기자),18000,ae09643fb770ff4fae0deb15a8eb0fcbb5e42378fc08284ccd674cc663239e4c,sheet1:R34,,,
ae09643fb770ff4f-sheet1-R35,2026-02-25,daejeon-jung,기획홍보실,형네낙지,구정홍보간담회(언론사 기자),114000,ae09643fb770ff4fae0deb15a8eb0fcbb5e42378fc08284ccd674cc663239e4c,sheet1:R35,,,
ae09643fb770ff4f-sheet1-R36,2026-02-25,daejeon-jung,기획홍보실,숨결커피,구정홍보간담회(언론사 기자),31770,ae09643fb770ff4fae0deb15a8eb0fcbb5e42378fc08284ccd674cc663239e4c,sheet1:R36,,,
ae09643fb770ff4f-sheet1-R37,2026-02-26,daejeon-jung,기획홍보실,서울순대,구정홍보간담회(언론사 기자),44000,ae09643fb770ff4fae0deb15a8eb0fcbb5e42378fc08284ccd674cc663239e4c,sheet1:R37,,,
ae09643fb770ff4f-sheet1-R38,2026-02-26,daejeon-jung,기획홍보실,아임일리터 석교점,구정홍보간담회(언론사 기자),11500,ae09643fb770ff4fae0deb15a8eb0fcbb5e42378fc08284ccd674cc663239e4c,sheet1:R38,,,
ae09643fb770ff4f-sheet1-R39,2026-02-26,daejeon-jung,기획홍보실,금광한정식,언론홍보간담회(언론사 기자),490000,ae09643fb770ff4fae0deb15a8eb0fcbb5e42378fc08284ccd674cc663239e4c,sheet1:R39,,,
ae09643fb770ff4f-sheet1-R40,2026-02-27,daejeon-jung,기획홍보실,지고당,구정홍보간담회(언론사 기자),36000,ae09643fb770ff4fae0deb15a8eb0fcbb5e42378fc08284ccd674cc663239e4c,sheet1:R40,,,
ae09643fb770ff4f-sheet1-R41,2026-02-27,daejeon-jung,기획홍보실,식물카페 가든홀릭,구정홍보간담회(언론사 기자),10000,ae09643fb770ff4fae0deb15a8eb0fcbb5e42378fc08284ccd674cc663239e4c,sheet1:R41,,,
ae09643fb770ff4f-sheet1-R42,2026-02-27,daejeon-jung,기획홍보실,복수분식,구정홍보간담회(언론사 기자),65000,ae09643fb770ff4fae0deb15a8eb0fcbb5e42378fc08284ccd674cc663239e4c,sheet1:R42,,,
ae09643fb770ff4f-sheet1-R43,2026-02-27,daejeon-jung,기획홍보실,일렁임 카페,구정홍보간담회(언론사 기자),22500,ae09643fb770ff4fae0deb15a8eb0fcbb5e42378fc08284ccd674cc663239e4c,sheet1:R43,,,
1d220d7dc270640a-table1-R2,2026-02-20,daejeon-jung,노인장애인과,중구청직원상조회,장기요양기관지정심사위원회,19500,1d220d7dc270640afd741c44cbe8c8deb2d0558afbc94b07f615de86a9af399e,table1:R2,,,
27b1c029b91a0e82-sheet1-R5,2026-02-04,daejeon-jung,재난안전과,파스쿠찌 중앙로점,안전점검의 날 추진 관련 간담회,298500,27b1c029b91a0e823a3da647a267aaa741597bf15ff99ec6083520a05237fa52,sheet1:R5,,,
e8426b710db3dc3c-sheet1-R5,2026-02-11,daejeon-jung,평생교육과,원조태평소국밥,작은도서관 이용 활성화 및 독서문화증진을 위한 작은도서관관계자들과 오찬간담회,48500,e8426b710db3dc3c52f02222e2279e7e75dac085cb17e0edebdb34d1b7a851a6,sheet1:R5,,,
d62532559a208431-sheet1-R6,2026-02-25,daejeon-jung,토지정보과,바다사랑,개별공시지가 산정지가 검증 관련 오찬 간담회,119000,d62532559a208431668cbd1c3339bafd1de13b84fdcccfebd98795d69ee8d943,sheet1:R6,,,
5fa33e60a0ecbd00-sheet1-R6,2026-02-10,daejeon-jung,행정지원과,"선코다리냉면, 카페리안",신뢰받는 인사행정 구현을 위한 인사위원회 간담회,143500,5fa33e60a0ecbd0096f72d3ea4a69a3cafb44fd73608e0560ea16ca73e3f3bd7,sheet1:R6,,,
5fa33e60a0ecbd00-sheet1-R7,2026-02-11,daejeon-jung,행정지원과,오감만족,후생복리 증진을 위한 직장어린이집 관계자 간담회,88000,5fa33e60a0ecbd0096f72d3ea4a69a3cafb44fd73608e0560ea16ca73e3f3bd7,sheet1:R7,,,
5fa33e60a0ecbd00-sheet1-R8,2026-02-27,daejeon-jung,행정지원과,조선돌솥밥,후생복리 증진을 위한 직장어린이집 관계자 간담회,68000,5fa33e60a0ecbd0096f72d3ea4a69a3cafb44fd73608e0560ea16ca73e3f3bd7,sheet1:R8,,,
6f590bb7016eb561-sheet1-R6,2026-02-02,daejeon-jung,행정지원과,"두부공방, 가치커피",밀폐공간 보유 및 작업 부서 현황 조사 등 추진 직원 노고 격려,45000,6f590bb7016eb561c839755ec4edb4ae44e0e3950687a0a6be759a50f601fb64,sheet1:R6,,,
6f590bb7016eb561-sheet1-R7,2026-02-06,daejeon-jung,행정지원과,경조사비,회계과 시부상,50000,6f590bb7016eb561c839755ec4edb4ae44e0e3950687a0a6be759a50f601fb64,sheet1:R7,,,
6f590bb7016eb561-sheet1-R8,2026-02-10,daejeon-jung,행정지원과,개인(성명 비공개),행정지원과 부친상,50000,6f590bb7016eb561c839755ec4edb4ae44e0e3950687a0a6be759a50f601fb64,sheet1:R8,,,
6f590bb7016eb561-sheet1-R9,2026-02-12,daejeon-jung,행정지원과,경조사비,민원여권과 결혼,50000,6f590bb7016eb561c839755ec4edb4ae44e0e3950687a0a6be759a50f601fb64,sheet1:R9,,,
6f590bb7016eb561-sheet1-R10,2026-02-23,daejeon-jung,행정지원과,이디야커피,공인관리 현황 실태점검 추진 직원 노고 격려 차담회,18300,6f590bb7016eb561c839755ec4edb4ae44e0e3950687a0a6be759a50f601fb64,sheet1:R10,,,
6f590bb7016eb561-sheet2-R6,2026-02-03,daejeon-jung,행정지원과,페이크,민원서비스 향상을 위한 민원편의 시책 마련 차담회,26000,6f590bb7016eb561c839755ec4edb4ae44e0e3950687a0a6be759a50f601fb64,sheet2:R6,,,
6f590bb7016eb561-sheet2-R7,2026-02-04,daejeon-jung,행정지원과,수리스,안전점검의 날 캠페인 실시 관련 사업 추진 관계자 차담회,23500,6f590bb7016eb561c839755ec4edb4ae44e0e3950687a0a6be759a50f601fb64,sheet2:R7,,,
6f590bb7016eb561-sheet2-R8,2026-02-19,daejeon-jung,행정지원과,백년장수추어탕,민원편의시책 추진을 위한 사업참여자 간담회,34000,6f590bb7016eb561c839755ec4edb4ae44e0e3950687a0a6be759a50f601fb64,sheet2:R8,,,
6f590bb7016eb561-sheet2-R9,2026-02-26,daejeon-jung,행정지원과,"똑순이네, 보문플랜트",해빙기 대비 재난취약 시설물 안전점검 사업 추진 관계자 오찬,135000,6f590bb7016eb561c839755ec4edb4ae44e0e3950687a0a6be759a50f601fb64,sheet2:R9,,,
afe7e2ed4fb5e103-sheet1-R6,2026-02-02,daejeon-jung,행정지원과,백조한우마을,공동주택 지원사업 추진 등 현안업무 추진 직원 노고 격려,137000,afe7e2ed4fb5e10348f699ebc2553e4e3c71bf7657149811a2764a78ef9abbbb,sheet1:R6,,,
afe7e2ed4fb5e103-sheet1-R8,2026-02-05,daejeon-jung,행정지원과,"동원식당, 팔롬비니",2026년 설 명절 종합대책 상황실 운영 등 현안업무 추진 직원 격려 오찬,162500,afe7e2ed4fb5e10348f699ebc2553e4e3c71bf7657149811a2764a78ef9abbbb,sheet1:R8,,,
afe7e2ed4fb5e103-sheet1-R10,2026-02-09,daejeon-jung,행정지원과,지고당,제1회 2026 대한민국 고향사랑 기부 어워드 수상 축하 오찬,183000,afe7e2ed4fb5e10348f699ebc2553e4e3c71bf7657149811a2764a78ef9abbbb,sheet1:R10,,,
afe7e2ed4fb5e103-sheet1-R12,2026-02-10,daejeon-jung,행정지원과,주식회사 대미농수산,2026년 설 명절 맞이 현업직원 격려물품 구입,3082000,afe7e2ed4fb5e10348f699ebc2553e4e3c71bf7657149811a2764a78ef9abbbb,sheet1:R12,,,
afe7e2ed4fb5e103-sheet1-R13,2026-02-10,daejeon-jung,행정지원과,형제유통,집무실 운영 물품 구입(차류),477000,afe7e2ed4fb5e10348f699ebc2553e4e3c71bf7657149811a2764a78ef9abbbb,sheet1:R13,,,
afe7e2ed4fb5e103-sheet1-R14,2026-02-12,daejeon-jung,행정지원과,경조사비,"중촌동 외조부상, 주민복지국 여혼, 민원여권과 결혼, 토지정보과 결혼",200000,afe7e2ed4fb5e10348f699ebc2553e4e3c71bf7657149811a2764a78ef9abbbb,sheet1:R14,,,
afe7e2ed4fb5e103-sheet1-R15,2026-02-16,daejeon-jung,행정지원과,"성심당, 편의점",2026년 설 명절 종합대책 상황실 운영 등 비상근무 직원 격려 간식 구입,221000,afe7e2ed4fb5e10348f699ebc2553e4e3c71bf7657149811a2764a78ef9abbbb,sheet1:R15,,,
afe7e2ed4fb5e103-sheet1-R16,2026-02-18,daejeon-jung,행정지원과,플라잉팬,2026년 설 명절 종합대책 상황실 운영 등 비상근무 직원 격려 오찬,164000,afe7e2ed4fb5e10348f699ebc2553e4e3c71bf7657149811a2764a78ef9abbbb,sheet1:R16,,,
afe7e2ed4fb5e103-sheet1-R18,2026-02-19,daejeon-jung,행정지원과,"동원식당, 중구마루",명절기간 생활불편사항 최소화를 위한 종합대책 수립 등 현안업무 추진 직원 노고 격려,178800,afe7e2ed4fb5e10348f699ebc2553e4e3c71bf7657149811a2764a78ef9abbbb,sheet1:R18,,,
afe7e2ed4fb5e103-sheet1-R19,2026-02-20,daejeon-jung,행정지원과,월산본가,"자체 합동설계반 추진, 도로상황실 운영 등 현안업무 추진 직원 격려 오찬",399000,afe7e2ed4fb5e10348f699ebc2553e4e3c71bf7657149811a2764a78ef9abbbb,sheet1:R19,,,
afe7e2ed4fb5e103-sheet1-R21,2026-02-23,daejeon-jung,행정지원과,"유성본가, 알로하녹",현안 사업 공유 및 상호 이해증진을 도모를 위한 오찬 간담회,135000,afe7e2ed4fb5e10348f699ebc2553e4e3c71bf7657149811a2764a78ef9abbbb,sheet1:R21,,,
afe7e2ed4fb5e103-sheet1-R22,2026-02-26,daejeon-jung,행정지원과,"조선돌솥밥, 팔롬비니",현안 사업 공유 및 상호 이해증진을 도모를 위한 오찬 간담회,134600,afe7e2ed4fb5e10348f699ebc2553e4e3c71bf7657149811a2764a78ef9abbbb,sheet1:R22,,,
afe7e2ed4fb5e103-sheet2-R6,2026-02-06,daejeon-jung,행정지원과,진황태,주택건설사업 통합심의위원회 개최 오찬,116000,afe7e2ed4fb5e10348f699ebc2553e4e3c71bf7657149811a2764a78ef9abbbb,sheet2:R6,,,
afe7e2ed4fb5e103-sheet2-R7,2026-02-06,daejeon-jung,행정지원과,동원식당,야구 특화거리 조성사업 추진 관계자 만찬,185000,afe7e2ed4fb5e10348f699ebc2553e4e3c71bf7657149811a2764a78ef9abbbb,sheet2:R7,,,
afe7e2ed4fb5e103-sheet2-R8,2026-02-10,daejeon-jung,행정지원과,맛탐한우,"모바일헬스케어, 지역사회중심재활사업 등 사업 추진 논의 간담회",135000,afe7e2ed4fb5e10348f699ebc2553e4e3c71bf7657149811a2764a78ef9abbbb,sheet2:R8,,,
afe7e2ed4fb5e103-sheet2-R9,2026-02-11,daejeon-jung,행정지원과,백조한우마을,설 명절맞이 식중독 예방 대책 수립 및 식품안전관리 등 업무협의를 위한 관계자 간담회,235000,afe7e2ed4fb5e10348f699ebc2553e4e3c71bf7657149811a2764a78ef9abbbb,sheet2:R9,,,
afe7e2ed4fb5e103-sheet2-R10,2026-02-12,daejeon-jung,행정지원과,화평본가,설 명절맞이 다중이용시설(터미널 및 정류소) 점검 사업 추진 관계자 간담회,369000,afe7e2ed4fb5e10348f699ebc2553e4e3c71bf7657149811a2764a78ef9abbbb,sheet2:R10,,,
afe7e2ed4fb5e103-sheet2-R11,2026-02-23,daejeon-jung,행정지원과,백조한우마을,청소년 유해환경 점검 사업 추진 관계자 만찬 간담회,156000,afe7e2ed4fb5e10348f699ebc2553e4e3c71bf7657149811a2764a78ef9abbbb,sheet2:R11,,,
afe7e2ed4fb5e103-sheet2-R12,2026-02-25,daejeon-jung,행정지원과,"월산본가, 카페하루",중구 행정동우회 2월 월례회의 개최에 따른 오찬,515000,afe7e2ed4fb5e10348f699ebc2553e4e3c71bf7657149811a2764a78ef9abbbb,sheet2:R12,,,
afe7e2ed4fb5e103-sheet2-R13,2026-02-27,daejeon-jung,행정지원과,바다사랑,일자리 꿈터프로그램 업무추진 유관기관 간담회,60000,afe7e2ed4fb5e10348f699ebc2553e4e3c71bf7657149811a2764a78ef9abbbb,sheet2:R13,,,
99b12cc29a9011c9-sheet1-R5,2026-02-03,daejeon-jung,위생과,"플라잉팬(중구 대종로 480, 2층)",시책추진업무추진비 지급결의(위생관련 협의체 간담회),63000,99b12cc29a9011c949fefcdbc3e5afc075cc5ceda479313a283668d545724217,sheet1:R5,,,
99b12cc29a9011c9-sheet1-R6,2026-02-23,daejeon-jung,위생과,"종로할머니손칼국수(중구 보문로 241-1, 1층)",시책추진업무추진비 지급결의(어린이사회복지급식지원센터 간담회),124000,99b12cc29a9011c949fefcdbc3e5afc075cc5ceda479313a283668d545724217,sheet1:R6,,,
44f307a25357e8ac-sheet1-R6,2026-02-24,daejeon-jung,문화체육관광과,"군산복집,아미띠에",원도심 상권활성화 사업 추진 노고직원 격려,133800,44f307a25357e8acc8ff5d0413d143b86f617a2e1ab625c5a07e95c560a78805,sheet1:R6,,,
44f307a25357e8ac-sheet2-R6,2026-02-06,daejeon-jung,문화체육관광과,"지고당, 페이크",생활체육 활성화를 위한 유관기관 간담회,109200,44f307a25357e8acc8ff5d0413d143b86f617a2e1ab625c5a07e95c560a78805,sheet2:R6,,,
44f307a25357e8ac-sheet2-R7,2026-02-10,daejeon-jung,문화체육관광과,감자바위골,전통시장 활성화를 위한 유관기관 업무협의 간담회,80950,44f307a25357e8acc8ff5d0413d143b86f617a2e1ab625c5a07e95c560a78805,sheet2:R7,,,
44f307a25357e8ac-sheet2-R8,2026-02-13,daejeon-jung,문화체육관광과,"대파집, 카페모먼트",문화예술 시책사업 추진을 위한 유관기관 간담회,89000,44f307a25357e8acc8ff5d0413d143b86f617a2e1ab625c5a07e95c560a78805,sheet2:R8,,,
44f307a25357e8ac-sheet2-R9,2026-02-25,daejeon-jung,문화체육관광과,조선돌솥밥,원도심 문화예술 증진을 위한 문화원 관계자 간담회,170000,44f307a25357e8acc8ff5d0413d143b86f617a2e1ab625c5a07e95c560a78805,sheet2:R9,,,
44f307a25357e8ac-sheet3-R6,2026-02-12,daejeon-jung,문화체육관광과,만석꾼,미술축제 사업추진 관계자 간담회 개최,91000,44f307a25357e8acc8ff5d0413d143b86f617a2e1ab625c5a07e95c560a78805,sheet3:R6,,,
44f307a25357e8ac-sheet4-R6,2026-02-12,daejeon-jung,문화체육관광과,부잣집곰탕,원도심 상점가 활성화를 위한 유관기관 간담회,142000,44f307a25357e8acc8ff5d0413d143b86f617a2e1ab625c5a07e95c560a78805,sheet4:R6,,,
44f307a25357e8ac-sheet4-R7,2026-02-23,daejeon-jung,문화체육관광과,논두렁추어탕,지역 문화예술활성화를 위한 유관기관 간담회,97000,44f307a25357e8acc8ff5d0413d143b86f617a2e1ab625c5a07e95c560a78805,sheet4:R7,,,
44f307a25357e8ac-sheet4-R8,2026-02-24,daejeon-jung,문화체육관광과,자연산횟집,지역 교육경쟁력 제고를 위한 유관기관 간담회,299000,44f307a25357e8acc8ff5d0413d143b86f617a2e1ab625c5a07e95c560a78805,sheet4:R8,,,
44f307a25357e8ac-sheet4-R9,2026-02-25,daejeon-jung,문화체육관광과,고려회관,생활체육 활성화를 위한 유관기관 간담회,122000,44f307a25357e8acc8ff5d0413d143b86f617a2e1ab625c5a07e95c560a78805,sheet4:R9,,,
44f307a25357e8ac-sheet4-R10,2026-02-25,daejeon-jung,문화체육관광과,통소매식당,상권활성화 사업 추진을 위한 유관기관 간담회,310000,44f307a25357e8acc8ff5d0413d143b86f617a2e1ab625c5a07e95c560a78805,sheet4:R10,,,
59b9597cd15b75cb-sheet1-R5,2026-02-12,daejeon-jung,민원여권과,대들보함흥면옥,행정도우미 간담회,199000,59b9597cd15b75cba6382c689b461ff0489c25802e45089aae03595fa9a5e73b,sheet1:R5,,,
c0817f0cd621a0e4-sheet1-R5,2026-02-03,daejeon-jung,교통행정과,정원,교통행정 주요 시책에 대한 언론과의 협력체계 강화,103000,c0817f0cd621a0e449e15444533312022c5e8837da009b6ad15b5edfc259e69c,sheet1:R5,,,
c0817f0cd621a0e4-sheet1-R6,2026-02-04,daejeon-jung,교통행정과,목동면옥 외 1개소,대전중부모범운전자회와의 간담회,358600,c0817f0cd621a0e449e15444533312022c5e8837da009b6ad15b5edfc259e69c,sheet1:R6,,,
c0817f0cd621a0e4-sheet1-R7,2026-02-23,daejeon-jung,교통행정과,우리집,교통행정 주요 시책에 대한 언론과의 협력체계 강화,136000,c0817f0cd621a0e449e15444533312022c5e8837da009b6ad15b5edfc259e69c,sheet1:R7,,,
c0817f0cd621a0e4-sheet2-R5,2026-02-05,daejeon-jung,교통행정과,"지고당, 페이크",부속실 직원 노고 격려,127800,c0817f0cd621a0e449e15444533312022c5e8837da009b6ad15b5edfc259e69c,sheet2:R5,,,
6ae02a6536107f0a-sheet1-R5,2026-02-04,daejeon-jung,정책개발실,성심당,지방소멸대응기금 관련 국회 한병도 의원실 실무 담당자 회의 개최,166000,6ae02a6536107f0a0fd1e0108bb81c8384ebc42a9954ecfeeef778e5d4ec424b,sheet1:R5,,,
6ae02a6536107f0a-sheet1-R6,2026-02-11,daejeon-jung,정책개발실,성심당,지방소멸대응기금 관련 행정안전부 균형발전제도과 실무 담당자 회의 개최,44000,6ae02a6536107f0a0fd1e0108bb81c8384ebc42a9954ecfeeef778e5d4ec424b,sheet1:R6,,,
6ae02a6536107f0a-sheet1-R7,2026-02-11,daejeon-jung,정책개발실,태평수산,우리 구 당면 현안과제 협의 등 의견 수렴,150000,6ae02a6536107f0a0fd1e0108bb81c8384ebc42a9954ecfeeef778e5d4ec424b,sheet1:R7,,,
6ae02a6536107f0a-sheet1-R8,2026-02-12,daejeon-jung,정책개발실,옛콩마을,전통시장 활성화 등 구정 당면 현안과제 협의 및 데이터 분석 의견수렴,104000,6ae02a6536107f0a0fd1e0108bb81c8384ebc42a9954ecfeeef778e5d4ec424b,sheet1:R8,,,
6ae02a6536107f0a-sheet1-R9,2026-02-12,daejeon-jung,정책개발실,태어난김에,우리 구 당면 현안과제 협의 등 의견 수렴,161000,6ae02a6536107f0a0fd1e0108bb81c8384ebc42a9954ecfeeef778e5d4ec424b,sheet1:R9,,,
6ae02a6536107f0a-sheet1-R10,2026-02-20,daejeon-jung,정책개발실,도군샤브,우리 구 당면 현안과제 협의 등 의견 수렴,65400,6ae02a6536107f0a0fd1e0108bb81c8384ebc42a9954ecfeeef778e5d4ec424b,sheet1:R10,,,
6ae02a6536107f0a-sheet1-R11,2026-02-26,daejeon-jung,정책개발실,계륵닭갈비,우리 구 당면 현안과제 협의 등 의견 수렴,140000,6ae02a6536107f0a0fd1e0108bb81c8384ebc42a9954ecfeeef778e5d4ec424b,sheet1:R11,,,
ae813a7654c89100-sheet1-R5,2026-02-19,daejeon-jung,도시계획과,개인(성명 비공개),직원경조사비 지급,50000,ae813a7654c891004eb4c31b73b17cd55c648ed70cbc743bea190e5676acba5e,sheet1:R5,,,
ae813a7654c89100-sheet1-R6,2026-02-20,daejeon-jung,도시계획과,도시계획과,직원경조사비,50000,ae813a7654c891004eb4c31b73b17cd55c648ed70cbc743bea190e5676acba5e,sheet1:R6,,,
ae813a7654c89100-sheet2-R5,2026-02-04,daejeon-jung,도시계획과,공주칼국수주꾸미마당 / 중구 오류동소재,무장애나눔길 조성사업 관련 시공사와 협의,72000,ae813a7654c891004eb4c31b73b17cd55c648ed70cbc743bea190e5676acba5e,sheet2:R5,,,
ae813a7654c89100-sheet2-R6,2026-02-09,daejeon-jung,도시계획과,잇투데이 선화점 / 중구 선화동 소재,호동 재개발사업 관련 조합관계자와 협의,279600,ae813a7654c891004eb4c31b73b17cd55c648ed70cbc743bea190e5676acba5e,sheet2:R6,,,
ae813a7654c89100-sheet2-R7,2026-02-23,daejeon-jung,도시계획과,파란들식당 / 중구 선화동 소재,보문산 인근 공원인프라 확장등 중구 발전방안에 대한 시 관계자와 협의,63000,ae813a7654c891004eb4c31b73b17cd55c648ed70cbc743bea190e5676acba5e,sheet2:R7,,,
ae813a7654c89100-sheet2-R8,2026-02-24,daejeon-jung,도시계획과,희락반점 / 중구 선화동 소재,관내 3종 시설물 정기안전점검 용역 관련 용역사와 협의,130000,ae813a7654c891004eb4c31b73b17cd55c648ed70cbc743bea190e5676acba5e,sheet2:R8,,,
ae813a7654c89100-sheet3-R5,2026-02-06,daejeon-jung,도시계획과,해사랑식당 / 중구 선화동 소재,태평동 소규모주택정비 관리지역 기반시설 조성사업 관련 용역사와 협의,105000,ae813a7654c891004eb4c31b73b17cd55c648ed70cbc743bea190e5676acba5e,sheet3:R5,,,
ae813a7654c89100-sheet3-R6,2026-02-09,daejeon-jung,도시계획과,도군샤브 / 중구 대흥동 소재,용두동2구역 재개발사업 관련 조합관계자와 협의,92200,ae813a7654c891004eb4c31b73b17cd55c648ed70cbc743bea190e5676acba5e,sheet3:R6,,,
ae813a7654c89100-sheet3-R7,2026-02-26,daejeon-jung,도시계획과,도군샤브 / 중구 대흥동 소재,문화동 10구역 재개발정비사업 관련 추진준비위원회 관계자 등과 협의,113100,ae813a7654c891004eb4c31b73b17cd55c648ed70cbc743bea190e5676acba5e,sheet3:R7,,,
08d794d6e63312c1-sheet1-R5,2026-02-06,daejeon-jung,복지정책과,사랑카페,주민복지국 소속직원 격려,47400,08d794d6e63312c19c47a5cec11f6ac3ff514b6abd4ae2f678bbbbde8eeac11a,sheet1:R5,,,
08d794d6e63312c1-sheet1-R6,2026-02-11,daejeon-jung,복지정책과,서대전생갈비,주민복지국 소속직원 격려,233000,08d794d6e63312c19c47a5cec11f6ac3ff514b6abd4ae2f678bbbbde8eeac11a,sheet1:R6,,,
08d794d6e63312c1-sheet1-R7,2026-02-25,daejeon-jung,복지정책과,종로할머니손칼국수,주민복지국 소속직원 격려,98000,08d794d6e63312c19c47a5cec11f6ac3ff514b6abd4ae2f678bbbbde8eeac11a,sheet1:R7,,,
08d794d6e63312c1-sheet1-R8,2026-02-27,daejeon-jung,복지정책과,본가칼국수,주민복지국 소속직원 격려,64000,08d794d6e63312c19c47a5cec11f6ac3ff514b6abd4ae2f678bbbbde8eeac11a,sheet1:R8,,,
08d794d6e63312c1-sheet2-R5,2026-02-03,daejeon-jung,복지정책과,강변산닭,주민 주도형 복지만두레 활성화 방안 논의 등을 위한 중구복지만두레 회원 대상 만찬 간담회,480000,08d794d6e63312c19c47a5cec11f6ac3ff514b6abd4ae2f678bbbbde8eeac11a,sheet2:R5,,,
08d794d6e63312c1-sheet2-R6,2026-02-05,daejeon-jung,복지정책과,미성슈퍼,중구재향군인회 애로사항 청취 및 격려를 위한 중구재향군인회 회원 대상 차담회,90000,08d794d6e63312c19c47a5cec11f6ac3ff514b6abd4ae2f678bbbbde8eeac11a,sheet2:R6,,,
08d794d6e63312c1-sheet2-R7,2026-02-20,daejeon-jung,복지정책과,예지원,취약계층 지원 및 모금 활성화 방안 등 논의를 위한 대전사회복지공동모금회 관계자 대상 오찬 간담회,240000,08d794d6e63312c19c47a5cec11f6ac3ff514b6abd4ae2f678bbbbde8eeac11a,sheet2:R7,,,
08d794d6e63312c1-sheet2-R8,2026-02-20,daejeon-jung,복지정책과,현대오리,2026년 복지만두레 운영방향 및 협조사항 논의를 위한 동 복지만두레(9개동) 회장 대상 1차 만찬 감담회,303000,08d794d6e63312c19c47a5cec11f6ac3ff514b6abd4ae2f678bbbbde8eeac11a,sheet2:R8,,,
08d794d6e63312c1-sheet2-R9,2026-02-23,daejeon-jung,복지정책과,풍경,2026년 복지만두레 운영방향 및 협조사항 논의를 위한 동 복지만두레(8개동) 회장 대상 2차 만찬 감담회,451000,08d794d6e63312c19c47a5cec11f6ac3ff514b6abd4ae2f678bbbbde8eeac11a,sheet2:R9,,,
08d794d6e63312c1-sheet3-R5,2026-02-10,daejeon-jung,복지정책과,풍전삼계탕,동 지역사회보장협의체 회원 대상 동별 사업 추진 지원 및 협조사항 등 논의,240000,08d794d6e63312c19c47a5cec11f6ac3ff514b6abd4ae2f678bbbbde8eeac11a,sheet3:R5,,,
08d794d6e63312c1-sheet3-R6,2026-02-12,daejeon-jung,복지정책과,바다사랑,관내 사회복지관 관계자 대상 돌봄 협력체계 구축을 위한 현안문제 논의,153000,08d794d6e63312c19c47a5cec11f6ac3ff514b6abd4ae2f678bbbbde8eeac11a,sheet3:R6,,,
08d794d6e63312c1-sheet3-R7,2026-02-13,daejeon-jung,복지정책과,명품식당,대한노인회 중구지회 관계자 대상 2026년 노인정책 주요사항 관련 업무협의,424000,08d794d6e63312c19c47a5cec11f6ac3ff514b6abd4ae2f678bbbbde8eeac11a,sheet3:R7,,,
08d794d6e63312c1-sheet3-R8,2026-02-20,daejeon-jung,복지정책과,본가칼국수 중구마루,관내 자활기관 관계자 대상 자활 지원 정책 강화 방안 및 협조사항 등 논의,253800,08d794d6e63312c19c47a5cec11f6ac3ff514b6abd4ae2f678bbbbde8eeac11a,sheet3:R8,,,
8f22e140b4024626-sheet1-R5,2026-02-13,daejeon-jung,일자리경제과,해태관,상권활성화 사업 추진방향 등을 논의 상점가관계자 6명,145000,8f22e140b4024626a9f21b1a417958d1c4ca8e56e0a8bf10055c126f31a1eb12,sheet1:R5,,,
8f22e140b4024626-sheet1-R6,2026-02-13,daejeon-jung,일자리경제과,팔롬비니대흥점,상권활성화 사업 추진방향 등을 논의 상점가관계자 6명,27200,8f22e140b4024626a9f21b1a417958d1c4ca8e56e0a8bf10055c126f31a1eb12,sheet1:R6,,,
8f22e140b4024626-sheet1-R7,2026-02-19,daejeon-jung,일자리경제과,진주냉면이설옥,문창전통시장 아케이드보강사업 진행방향 논의 및 업무협의 상인회 임원진 3인,66000,8f22e140b4024626a9f21b1a417958d1c4ca8e56e0a8bf10055c126f31a1eb12,sheet1:R7,,,
8f22e140b4024626-sheet1-R8,2026-02-19,daejeon-jung,일자리경제과,영순카페,문창전통시장 아케이드보강사업 진행방향 논의 및 업무협의 상인회 임원진 3인,34700,8f22e140b4024626a9f21b1a417958d1c4ca8e56e0a8bf10055c126f31a1eb12,sheet1:R8,,,
714adbec578af3ab-sheet1-R6,2026-02-24,daejeon-jung,세정과,타향골,한국부동산원 중구 담당 직원 간담회,360000,714adbec578af3ab9fc85e0ab13de6b4284a741d434ec0c8de90447f3bfd4dcb,sheet1:R6,,,
a4c285864074b93b-sheet1-R6,2026-02-27,daejeon-jung,도시재생과,"카페 봉소루 (대종로235, 전통문화플랫폼 1층)",석교동 도시재생 뉴딜사업 관련 전통문화플랫폼 개소식 후 향후 운영 전반에 대해 효율적인 사업추진 방향 논의를 위한 자리 마련 및 시책추진 업무추진비 사용,50000,a4c285864074b93bd5e0a0d90ded8f6fe477760b2b513f7fed9b0f21fb1183e2,sheet1:R6,,,
646aa3c632dfd4a4-sheet1-R5,2026-02-04,daejeon-jung,주차관리과,황가네굴밥,설명절 한시적 주정차 허용관련 간담회,78000,646aa3c632dfd4a44f694893a9c2fe6f6aeeba3c3e33fecdfd06f4e32c258359,sheet1:R5,,,
646aa3c632dfd4a4-sheet1-R6,2026-02-11,daejeon-jung,주차관리과,삼대째손두부,어린이보호구역 교통안전 개선 간담회,146000,646aa3c632dfd4a44f694893a9c2fe6f6aeeba3c3e33fecdfd06f4e32c258359,sheet1:R6,,,
1f613b3ecd809969-sheet1-R6,2026-02-09,daejeon-jung,회계과,타향골,외부청사 용역 추진 간담회,126000,1f613b3ecd80996998cd15fea34a4d04800d7ac1098507c42c8c116dae84d2a4,sheet1:R6,,,
93e286156a5eccc7-sheet1-R5,2026-01-16,daejeon-jung,건설과,모아식당,하수도 체납액 징수율 제고에 대한 간담회,72000,93e286156a5eccc7ce5278a81697c27fadc799d634bcd22a98b02486310fbd12,sheet1:R5,,,
40eb3a7e4959cb12-table1-R2,2026-01-14,daejeon-jung,노인장애인과,미콩커피 대흥동점,장기요양기관지정심사위원회,31800,40eb3a7e4959cb1261109dd654c48072771665212fe90eeddb0675e18cb4cc7d,table1:R2,,,
a57041396ad99400-sheet1-R5,2026-01-05,daejeon-jung,기획홍보실,빽다방,구정홍보간담회(언론사 기자),15900,a57041396ad99400511b395fc296830613e349cdd7898af2a1ca95c5cacc8f62,sheet1:R5,,,
a57041396ad99400-sheet1-R6,2026-01-06,daejeon-jung,기획홍보실,통소매식당,언론홍보간담회(언론사 기자),280000,a57041396ad99400511b395fc296830613e349cdd7898af2a1ca95c5cacc8f62,sheet1:R6,,,
a57041396ad99400-sheet1-R7,2026-01-06,daejeon-jung,기획홍보실,동원식당,구정홍보간담회(언론사 기자),20000,a57041396ad99400511b395fc296830613e349cdd7898af2a1ca95c5cacc8f62,sheet1:R7,,,
a57041396ad99400-sheet1-R8,2026-01-06,daejeon-jung,기획홍보실,숨결커피,구정홍보간담회(언론사 기자),13670,a57041396ad99400511b395fc296830613e349cdd7898af2a1ca95c5cacc8f62,sheet1:R8,,,
a57041396ad99400-sheet1-R10,2026-01-07,daejeon-jung,기획홍보실,군산복집앤봉평메밀촌,언론관계자와의 간담회,140000,a57041396ad99400511b395fc296830613e349cdd7898af2a1ca95c5cacc8f62,sheet1:R10,,,
a57041396ad99400-sheet1-R11,2026-01-07,daejeon-jung,기획홍보실,카운트커피,언론관계자와의 간담회,47000,a57041396ad99400511b395fc296830613e349cdd7898af2a1ca95c5cacc8f62,sheet1:R11,,,
a57041396ad99400-sheet1-R12,2026-01-07,daejeon-jung,기획홍보실,손이가어죽칼국수,구정홍보간담회(언론사 기자),65000,a57041396ad99400511b395fc296830613e349cdd7898af2a1ca95c5cacc8f62,sheet1:R12,,,
a57041396ad99400-sheet1-R13,2026-01-07,daejeon-jung,기획홍보실,알로하녹,구정홍보간담회(언론사 기자),23600,a57041396ad99400511b395fc296830613e349cdd7898af2a1ca95c5cacc8f62,sheet1:R13,,,
a57041396ad99400-sheet1-R14,2026-01-08,daejeon-jung,기획홍보실,정원,언론홍보간담회(언론사 기자),589000,a57041396ad99400511b395fc296830613e349cdd7898af2a1ca95c5cacc8f62,sheet1:R14,,,
a57041396ad99400-sheet1-R15,2026-01-08,daejeon-jung,기획홍보실,벨라떼아뜨로,언론홍보간담회(언론사 기자),94000,a57041396ad99400511b395fc296830613e349cdd7898af2a1ca95c5cacc8f62,sheet1:R15,,,
a57041396ad99400-sheet1-R16,2026-01-08,daejeon-jung,기획홍보실,봉봉원,구정홍보간담회(언론사 기자),268000,a57041396ad99400511b395fc296830613e349cdd7898af2a1ca95c5cacc8f62,sheet1:R16,,,
a57041396ad99400-sheet1-R17,2026-01-08,daejeon-jung,기획홍보실,철길부산집,구정홍보간담회(언론사 기자),108500,a57041396ad99400511b395fc296830613e349cdd7898af2a1ca95c5cacc8f62,sheet1:R17,,,
a57041396ad99400-sheet1-R18,2026-01-09,daejeon-jung,기획홍보실,형네낙지,구정홍보간담회(언론사 기자),120000,a57041396ad99400511b395fc296830613e349cdd7898af2a1ca95c5cacc8f62,sheet1:R18,,,
a57041396ad99400-sheet1-R19,2026-01-09,daejeon-jung,기획홍보실,숨결커피,구정홍보간담회(언론사 기자),21100,a57041396ad99400511b395fc296830613e349cdd7898af2a1ca95c5cacc8f62,sheet1:R19,,,
a57041396ad99400-sheet1-R20,2026-01-12,daejeon-jung,기획홍보실,도톰도톰,언론관계자와의 간담회,112000,a57041396ad99400511b395fc296830613e349cdd7898af2a1ca95c5cacc8f62,sheet1:R20,,,
a57041396ad99400-sheet1-R21,2026-01-12,daejeon-jung,기획홍보실,스케치904칵테일카페,언론관계자와의 간담회,27450,a57041396ad99400511b395fc296830613e349cdd7898af2a1ca95c5cacc8f62,sheet1:R21,,,
a57041396ad99400-sheet1-R22,2026-01-14,daejeon-jung,기획홍보실,소호차이나,구정홍보간담회(언론사 기자),67500,a57041396ad99400511b395fc296830613e349cdd7898af2a1ca95c5cacc8f62,sheet1:R22,,,
a57041396ad99400-sheet1-R23,2026-01-14,daejeon-jung,기획홍보실,카페모아,구정홍보간담회(언론사 기자),17000,a57041396ad99400511b395fc296830613e349cdd7898af2a1ca95c5cacc8f62,sheet1:R23,,,
a57041396ad99400-sheet1-R24,2026-01-14,daejeon-jung,기획홍보실,지고당,구정홍보간담회(언론사 기자),46000,a57041396ad99400511b395fc296830613e349cdd7898af2a1ca95c5cacc8f62,sheet1:R24,,,
a57041396ad99400-sheet1-R25,2026-01-14,daejeon-jung,기획홍보실,돈돌집,언론관계자와의 간담회,218000,a57041396ad99400511b395fc296830613e349cdd7898af2a1ca95c5cacc8f62,sheet1:R25,,,
a57041396ad99400-sheet1-R26,2026-01-15,daejeon-jung,기획홍보실,지고당,구정홍보간담회(언론사 기자),45000,a57041396ad99400511b395fc296830613e349cdd7898af2a1ca95c5cacc8f62,sheet1:R26,,,
a57041396ad99400-sheet1-R27,2026-01-15,daejeon-jung,기획홍보실,메머드익스프레스,구정홍보간담회(언론사 기자),9500,a57041396ad99400511b395fc296830613e349cdd7898af2a1ca95c5cacc8f62,sheet1:R27,,,
a57041396ad99400-sheet1-R28,2026-01-15,daejeon-jung,기획홍보실,다사랑치킨,구정홍보간담회(언론사 기자),37500,a57041396ad99400511b395fc296830613e349cdd7898af2a1ca95c5cacc8f62,sheet1:R28,,,
a57041396ad99400-sheet1-R29,2026-01-16,daejeon-jung,기획홍보실,예지원,언론홍보간담회(언론사 기자),360000,a57041396ad99400511b395fc296830613e349cdd7898af2a1ca95c5cacc8f62,sheet1:R29,,,
a57041396ad99400-sheet1-R30,2026-01-19,daejeon-jung,기획홍보실,공주순대국밥,구정홍보간담회(언론사 기자),106000,a57041396ad99400511b395fc296830613e349cdd7898af2a1ca95c5cacc8f62,sheet1:R30,,,
a57041396ad99400-sheet1-R31,2026-01-19,daejeon-jung,기획홍보실,카페코지,구정홍보간담회(언론사 기자),21400,a57041396ad99400511b395fc296830613e349cdd7898af2a1ca95c5cacc8f62,sheet1:R31,,,
a57041396ad99400-sheet1-R32,2026-01-20,daejeon-jung,기획홍보실,소호차이나,구정홍보간담회(언론사 기자),120500,a57041396ad99400511b395fc296830613e349cdd7898af2a1ca95c5cacc8f62,sheet1:R32,,,
a57041396ad99400-sheet1-R33,2026-01-20,daejeon-jung,기획홍보실,카페모아,구정홍보간담회(언론사 기자),27000,a57041396ad99400511b395fc296830613e349cdd7898af2a1ca95c5cacc8f62,sheet1:R33,,,
a57041396ad99400-sheet1-R34,2026-01-20,daejeon-jung,기획홍보실,해태관,언론관계자와의 간담회,134000,a57041396ad99400511b395fc296830613e349cdd7898af2a1ca95c5cacc8f62,sheet1:R34,,,
a57041396ad99400-sheet1-R35,2026-01-20,daejeon-jung,기획홍보실,뮤제 베이커리,언론관계자와의 간담회,31200,a57041396ad99400511b395fc296830613e349cdd7898af2a1ca95c5cacc8f62,sheet1:R35,,,
a57041396ad99400-sheet1-R36,2026-01-21,daejeon-jung,기획홍보실,카페모아,구정홍보간담회(언론사 기자),17800,a57041396ad99400511b395fc296830613e349cdd7898af2a1ca95c5cacc8f62,sheet1:R36,,,
a57041396ad99400-sheet1-R37,2026-01-21,daejeon-jung,기획홍보실,이순신소국밥,구정홍보간담회(언론사 기자),71000,a57041396ad99400511b395fc296830613e349cdd7898af2a1ca95c5cacc8f62,sheet1:R37,,,
a57041396ad99400-sheet1-R38,2026-01-21,daejeon-jung,기획홍보실,해이커피,구정홍보간담회(언론사 기자),15700,a57041396ad99400511b395fc296830613e349cdd7898af2a1ca95c5cacc8f62,sheet1:R38,,,
a57041396ad99400-sheet1-R39,2026-01-22,daejeon-jung,기획홍보실,강변산닭,구정홍보간담회(언론사 기자),69000,a57041396ad99400511b395fc296830613e349cdd7898af2a1ca95c5cacc8f62,sheet1:R39,,,
a57041396ad99400-sheet1-R40,2026-01-22,daejeon-jung,기획홍보실,쪽방꼬장집사랑채,구정홍보간담회(언론사 기자),102000,a57041396ad99400511b395fc296830613e349cdd7898af2a1ca95c5cacc8f62,sheet1:R40,,,
a57041396ad99400-sheet1-R41,2026-01-26,daejeon-jung,기획홍보실,동원식당,구정홍보간담회(언론사 기자),30000,a57041396ad99400511b395fc296830613e349cdd7898af2a1ca95c5cacc8f62,sheet1:R41,,,
a57041396ad99400-sheet1-R42,2026-01-26,daejeon-jung,기획홍보실,던킨,구정홍보간담회(언론사 기자),15600,a57041396ad99400511b395fc296830613e349cdd7898af2a1ca95c5cacc8f62,sheet1:R42,,,
a57041396ad99400-sheet1-R43,2026-01-26,daejeon-jung,기획홍보실,바다사랑,구정홍보간담회(언론사 기자),60000,a57041396ad99400511b395fc296830613e349cdd7898af2a1ca95c5cacc8f62,sheet1:R43,,,
a57041396ad99400-sheet1-R44,2026-01-26,daejeon-jung,기획홍보실,숨결커피,구정홍보간담회(언론사 기자),14500,a57041396ad99400511b395fc296830613e349cdd7898af2a1ca95c5cacc8f62,sheet1:R44,,,
a57041396ad99400-sheet1-R45,2026-01-26,daejeon-jung,기획홍보실,에머이,구정홍보간담회(언론사 기자),56700,a57041396ad99400511b395fc296830613e349cdd7898af2a1ca95c5cacc8f62,sheet1:R45,,,
a57041396ad99400-sheet1-R46,2026-01-26,daejeon-jung,기획홍보실,스케치904,구정홍보간담회(언론사 기자),16580,a57041396ad99400511b395fc296830613e349cdd7898af2a1ca95c5cacc8f62,sheet1:R46,,,
a57041396ad99400-sheet1-R47,2026-01-26,daejeon-jung,기획홍보실,우리풍천장어숯불꼼장어 대전본점,구정홍보간담회(언론사 기자),200000,a57041396ad99400511b395fc296830613e349cdd7898af2a1ca95c5cacc8f62,sheet1:R47,,,
a57041396ad99400-sheet1-R48,2026-01-27,daejeon-jung,기획홍보실,동원식당,구정홍보간담회(언론사 기자),20000,a57041396ad99400511b395fc296830613e349cdd7898af2a1ca95c5cacc8f62,sheet1:R48,,,
a57041396ad99400-sheet1-R49,2026-01-27,daejeon-jung,기획홍보실,숨결커피,구정홍보간담회(언론사 기자),9000,a57041396ad99400511b395fc296830613e349cdd7898af2a1ca95c5cacc8f62,sheet1:R49,,,
a57041396ad99400-sheet1-R50,2026-01-27,daejeon-jung,기획홍보실,고향콩나물,구정홍보간담회(언론사 기자),70000,a57041396ad99400511b395fc296830613e349cdd7898af2a1ca95c5cacc8f62,sheet1:R50,,,
a57041396ad99400-sheet1-R51,2026-01-27,daejeon-jung,기획홍보실,티오커피,구정홍보간담회(언론사 기자),27500,a57041396ad99400511b395fc296830613e349cdd7898af2a1ca95c5cacc8f62,sheet1:R51,,,
a57041396ad99400-sheet1-R52,2026-01-28,daejeon-jung,기획홍보실,형네낙지,구정홍보간담회(언론사 기자),94000,a57041396ad99400511b395fc296830613e349cdd7898af2a1ca95c5cacc8f62,sheet1:R52,,,
a57041396ad99400-sheet1-R53,2026-01-28,daejeon-jung,기획홍보실,숨결커피,구정홍보간담회(언론사 기자),19350,a57041396ad99400511b395fc296830613e349cdd7898af2a1ca95c5cacc8f62,sheet1:R53,,,
a57041396ad99400-sheet1-R54,2026-01-28,daejeon-jung,기획홍보실,두부공방,구정홍보간담회(언론사 기자),45000,a57041396ad99400511b395fc296830613e349cdd7898af2a1ca95c5cacc8f62,sheet1:R54,,,
a57041396ad99400-sheet1-R55,2026-01-28,daejeon-jung,기획홍보실,투썸플레이스,구정홍보간담회(언론사 기자),16000,a57041396ad99400511b395fc296830613e349cdd7898af2a1ca95c5cacc8f62,sheet1:R55,,,
a57041396ad99400-sheet1-R56,2026-01-28,daejeon-jung,기획홍보실,호수식당,구정홍보간담회(언론사 기자),197000,a57041396ad99400511b395fc296830613e349cdd7898af2a1ca95c5cacc8f62,sheet1:R56,,,
a57041396ad99400-sheet1-R57,2026-01-28,daejeon-jung,기획홍보실,철길부산집,구정홍보간담회(언론사 기자),9000,a57041396ad99400511b395fc296830613e349cdd7898af2a1ca95c5cacc8f62,sheet1:R57,,,
a177ae161651187c-sheet1-R5,2026-01-08,daejeon-jung,재난안전과,보문플랜트,안전중구 실현을 위한 재해예방활동 추진 협의,40500,a177ae161651187c2af105603ac88cceb18c40e747bf7252553a3b1001f66ada,sheet1:R5,,,
a177ae161651187c-sheet1-R6,2026-01-08,daejeon-jung,재난안전과,유씨네부엌,안전중구 실현을 위한 재해예방활동 추진 협의,95000,a177ae161651187c2af105603ac88cceb18c40e747bf7252553a3b1001f66ada,sheet1:R6,,,
a177ae161651187c-sheet1-R7,2026-01-29,daejeon-jung,재난안전과,손의손대흥직영점,2026년 재난취약시기(설 대비) 다중이용시설 안전점검 추진,60000,a177ae161651187c2af105603ac88cceb18c40e747bf7252553a3b1001f66ada,sheet1:R7,,,
a177ae161651187c-sheet1-R8,2026-01-29,daejeon-jung,재난안전과,파스쿠찌 중앙로점,2026년 재난취약시기(설 대비) 다중이용시설 안전점검 추진,27500,a177ae161651187c2af105603ac88cceb18c40e747bf7252553a3b1001f66ada,sheet1:R8,,,
829868b5d186df91-sheet1-R5,2026-01-20,daejeon-jung,사회복지과,자활사업단 착한푸드,중구자활기관협의체 간담회 (중구자활기관협의체 위원 4명),106000,829868b5d186df91b10c349448ab89579bdd7635c5dbca50a217044ad944a626,sheet1:R5,,,
829868b5d186df91-sheet1-R6,2026-01-22,daejeon-jung,사회복지과,미가사랑 중구청 사랑카페,"1차 생활보장위원회 간담회 (생활보장위원회 위원 8명, 사회복지과장 및 직원 9명, 복지정책과 희망복지지원 및 통합돌봄정책 팀장 및 담당 4명)",407800,829868b5d186df91b10c349448ab89579bdd7635c5dbca50a217044ad944a626,sheet1:R6,,,
7674f50318a06b43-sheet1-R5,2026-01-08,daejeon-jung,건강정책과,이디야커피대전천근오거리점,시책추진업무추진비 지급 결의(지역보건의료계획 등 업무추진 간담회),36300,7674f50318a06b43f0d37a71f14bd6dc5932536b40d80e04d99d661c5ca09ffd,sheet1:R5,,,
7674f50318a06b43-sheet1-R6,2026-01-08,daejeon-jung,건강정책과,남원집,시책추진업무추진비 지급 결의(지역보건의료계획 등 업무추진 간담회),144000,7674f50318a06b43f0d37a71f14bd6dc5932536b40d80e04d99d661c5ca09ffd,sheet1:R6,,,
4cee1db219269c50-sheet1-R5,2026-01-31,daejeon-jung,민원여권과,손이가어죽칼국수,행정도우미 간담회,348000,4cee1db219269c5085d8b34118625d0f6fa51510e5a1798c4682a86a45351c0a,sheet1:R5,,,
ba424defaa33e343-sheet1-R6,2026-01-09,daejeon-jung,행정지원과,"경화제면소, 멜뷰",고향사랑기부를 통한 지역사회 문제해결 등으로 고생하는 직원 격려,93100,ba424defaa33e343109e63819f99e86124d46483bb1b7487c945c73d41d25f96,sheet1:R6,,,
ba424defaa33e343-sheet1-R7,2026-01-09,daejeon-jung,행정지원과,본조니,구민과의 대화 현장 점검 및 직원 차담회,45000,ba424defaa33e343109e63819f99e86124d46483bb1b7487c945c73d41d25f96,sheet1:R7,,,
ba424defaa33e343-sheet1-R8,2026-01-28,daejeon-jung,행정지원과,일오삼수제돈까스,상반기 정기인사 업무 추진 등 직원 노고 격려,29700,ba424defaa33e343109e63819f99e86124d46483bb1b7487c945c73d41d25f96,sheet1:R8,,,
ba424defaa33e343-sheet1-R9,2026-01-30,daejeon-jung,행정지원과,다교네쭈꾸미코다리,"외부청사 이전, 2025년 귀속 연말정산 추진 등 직원 노고 격려",56000,ba424defaa33e343109e63819f99e86124d46483bb1b7487c945c73d41d25f96,sheet1:R9,,,
ba424defaa33e343-sheet2-R6,2026-01-06,daejeon-jung,행정지원과,양정숯불생고기,민원접견실 운영 등 악성민원 대응 방안 마련 간담회,40000,ba424defaa33e343109e63819f99e86124d46483bb1b7487c945c73d41d25f96,sheet2:R6,,,
ba424defaa33e343-sheet2-R7,2026-01-13,daejeon-jung,행정지원과,형네낙지,지역사회 안정적 지원 방안 논의 관계자 간담회,55000,ba424defaa33e343109e63819f99e86124d46483bb1b7487c945c73d41d25f96,sheet2:R7,,,
ba424defaa33e343-sheet2-R8,2026-01-22,daejeon-jung,행정지원과,손이가어죽칼국수,화재취약 산림마을 비상소화장지 설치 합동 현장 조사 추진 관계자 오찬,80000,ba424defaa33e343109e63819f99e86124d46483bb1b7487c945c73d41d25f96,sheet2:R8,,,
ba424defaa33e343-sheet2-R9,2026-01-26,daejeon-jung,행정지원과,용궁식당,재난취약시기 다중이용시설 특별안전점검 추진 관계자 간담회,60000,ba424defaa33e343109e63819f99e86124d46483bb1b7487c945c73d41d25f96,sheet2:R9,,,
ba424defaa33e343-sheet2-R10,2026-01-29,daejeon-jung,행정지원과,"지고당, 가든홀릭",후생복리 증진을 위한 직장어린이집 관계자 간담회,109600,ba424defaa33e343109e63819f99e86124d46483bb1b7487c945c73d41d25f96,sheet2:R10,,,
c7c4a8677d64f040-sheet1-R6,2026-01-13,daejeon-jung,행정지원과,"동원식당, 팔롬비니",소규모 노후건축물 특별점검 등 현안업무 추진 직원 격려,30000,c7c4a8677d64f040c48a044bb6ec42547577f78a73233d0f6f695cd8a55a7f92,sheet1:R6,,,
c7c4a8677d64f040-sheet1-R7,2026-01-15,daejeon-jung,행정지원과,경조사비,용두동 결혼,50000,c7c4a8677d64f040c48a044bb6ec42547577f78a73233d0f6f695cd8a55a7f92,sheet1:R7,,,
c7c4a8677d64f040-sheet1-R8,2026-01-19,daejeon-jung,행정지원과,개인(성명 비공개),노인장애인과 부친상,50000,c7c4a8677d64f040c48a044bb6ec42547577f78a73233d0f6f695cd8a55a7f92,sheet1:R8,,,
c7c4a8677d64f040-sheet1-R9,2026-01-20,daejeon-jung,행정지원과,3일소고기국밥,자치법규 일제정비 추진 등 직원 노고 격려 만찬,75000,c7c4a8677d64f040c48a044bb6ec42547577f78a73233d0f6f695cd8a55a7f92,sheet1:R9,,,
c7c4a8677d64f040-sheet1-R10,2026-01-26,daejeon-jung,행정지원과,네이버쇼핑,집무실 운영물품 구입,39900,c7c4a8677d64f040c48a044bb6ec42547577f78a73233d0f6f695cd8a55a7f92,sheet1:R10,,,
c7c4a8677d64f040-sheet1-R11,2026-01-27,daejeon-jung,행정지원과,만수민물장어,"문화가 있는 날, 뿌리공원 관광명소화 추진 노고 직원 격려",121660,c7c4a8677d64f040c48a044bb6ec42547577f78a73233d0f6f695cd8a55a7f92,sheet1:R11,,,
c7c4a8677d64f040-sheet1-R12,2026-01-29,daejeon-jung,행정지원과,신도칼국수,간부공무원 일정관리 및 의전업무 노고직원 격려,34000,c7c4a8677d64f040c48a044bb6ec42547577f78a73233d0f6f695cd8a55a7f92,sheet1:R12,,,
c7c4a8677d64f040-sheet2-R6,2026-01-16,daejeon-jung,행정지원과,화평본가,중구청 직장어린이집 수탁자 선정심사위원회 개최에 따른 오찬 간담회,199000,c7c4a8677d64f040c48a044bb6ec42547577f78a73233d0f6f695cd8a55a7f92,sheet2:R6,,,
c7c4a8677d64f040-sheet2-R7,2026-01-19,daejeon-jung,행정지원과,팔롬비니,설 명절 대비 축산물 점검 추진 관계자 차담회,62700,c7c4a8677d64f040c48a044bb6ec42547577f78a73233d0f6f695cd8a55a7f92,sheet2:R7,,,
c7c4a8677d64f040-sheet2-R8,2026-01-20,daejeon-jung,행정지원과,"월산본가, 모닝포레스트",원도심 정주여건 개선을 위한 유관기관 간담회,118000,c7c4a8677d64f040c48a044bb6ec42547577f78a73233d0f6f695cd8a55a7f92,sheet2:R8,,,
c7c4a8677d64f040-sheet2-R9,2026-01-21,daejeon-jung,행정지원과,화평본가,한파 대비 예방활동 대응 협력을 위한 유관기관 간담회,149000,c7c4a8677d64f040c48a044bb6ec42547577f78a73233d0f6f695cd8a55a7f92,sheet2:R9,,,
c7c4a8677d64f040-sheet2-R10,2026-01-22,daejeon-jung,행정지원과,"바다사랑, 융프라우",다양한 문화 체육 서비스 제공을 위한 대전고 내 학교복합화시설 건립 관계자 간담회,145500,c7c4a8677d64f040c48a044bb6ec42547577f78a73233d0f6f695cd8a55a7f92,sheet2:R10,,,
c7c4a8677d64f040-sheet2-R11,2026-01-23,daejeon-jung,행정지원과,"동원식당, 팔롬비니",겨울철 대설대책 추진실태 안전감찰 관계자 오찬,45400,c7c4a8677d64f040c48a044bb6ec42547577f78a73233d0f6f695cd8a55a7f92,sheet2:R11,,,
c7c4a8677d64f040-sheet2-R12,2026-01-26,daejeon-jung,행정지원과,서리원,맞춤형 복지서비스 고도화 관련 관계자 오찬,135000,c7c4a8677d64f040c48a044bb6ec42547577f78a73233d0f6f695cd8a55a7f92,sheet2:R12,,,
c7c4a8677d64f040-sheet2-R13,2026-01-27,daejeon-jung,행정지원과,"한영식당, 할리스커피",장애인 전동보조기기 보험지원 사업 추진 관계자 간담회,71100,c7c4a8677d64f040c48a044bb6ec42547577f78a73233d0f6f695cd8a55a7f92,sheet2:R13,,,
c7c4a8677d64f040-sheet2-R14,2026-01-28,daejeon-jung,행정지원과,나룻터식당,설 명절 대비 과대포장 및 분리배출 표시 합동점검 추진 관계자 오천,51000,c7c4a8677d64f040c48a044bb6ec42547577f78a73233d0f6f695cd8a55a7f92,sheet2:R14,,,
c7c4a8677d64f040-sheet2-R15,2026-01-29,daejeon-jung,행정지원과,통소매식당,산불 대응 역량 강화를 위한 감시 및 재난대응 사업 추진 관계자 만찬,215000,c7c4a8677d64f040c48a044bb6ec42547577f78a73233d0f6f695cd8a55a7f92,sheet2:R15,,,
c7c4a8677d64f040-sheet2-R16,2026-01-30,daejeon-jung,행정지원과,"고려회관, 알로하녹",소상공인 육성 및 원도심 지역경제 활성화를 위한 유관기관 간담회,141000,c7c4a8677d64f040c48a044bb6ec42547577f78a73233d0f6f695cd8a55a7f92,sheet2:R16,,,
c7c4a8677d64f040-sheet2-R17,2026-01-30,daejeon-jung,행정지원과,후구스토리명장복집,산림형 대전 제2수목원 조성 사업 추진 관계자 만찬,132000,c7c4a8677d64f040c48a044bb6ec42547577f78a73233d0f6f695cd8a55a7f92,sheet2:R17,,,
afae42d78335a375-sheet1-R5,2026-01-29,daejeon-jung,건축과,효자동솥뚜껑,옥외광고협회 관계자 간담회,300000,afae42d78335a375bbc561cfbe2045cfb0610a5d35ac38a6910e07e8d15f9a84,sheet1:R5,,,
41d9908af9cd6e8a-sheet1-R5,2026-01-30,daejeon-jung,토지정보과,소호차이나,한국국토정보공사 오찬간담회,175000,41d9908af9cd6e8a5c9c003a2e7b5940a5e1ecaaf22c0ba076ab0c35670c0e11,sheet1:R5,,,
886caa5d48c3c9e3-sheet1-R6,2026-01-05,daejeon-jung,도시재생과,홍두깨칼국수&골동품 카페,석교동 현장지원센터 직영운영과 관련한 사업추진을 위한 관계자 자리 마련,108500,886caa5d48c3c9e35b93d9cde5b2d3c857abf95e1ea2cba771a99b97ff8496bc,sheet1:R6,,,
886caa5d48c3c9e3-sheet1-R7,2026-01-07,daejeon-jung,도시재생과,민이식당&썸원스커피,유천동 도시재생 뉴딜사업 거점시설의 원활한 운영을 위한 관계자 자리 마련,87900,886caa5d48c3c9e35b93d9cde5b2d3c857abf95e1ea2cba771a99b97ff8496bc,sheet1:R7,,,
886caa5d48c3c9e3-sheet1-R8,2026-01-14,daejeon-jung,도시재생과,진황태,빈집정비사업 관련 범죄예방진단에 따른 환경개선 활용방안 논의를 위한 관계자 자리 마련,71000,886caa5d48c3c9e35b93d9cde5b2d3c857abf95e1ea2cba771a99b97ff8496bc,sheet1:R8,,,
886caa5d48c3c9e3-sheet1-R9,2026-01-16,daejeon-jung,도시재생과,담라,스마트정류장 설치 사업과의 원활한 추진을 위한 관계자 자리 마련,73000,886caa5d48c3c9e35b93d9cde5b2d3c857abf95e1ea2cba771a99b97ff8496bc,sheet1:R9,,,
886caa5d48c3c9e3-sheet1-R10,2026-01-29,daejeon-jung,도시재생과,처갓집곰탕&칠,중촌동 맞춤패션플랫폼 및 공영주차장 운영 전반의 효율적인 사업추진 방향 논의를 위한 관계자 자리 마련,141000,886caa5d48c3c9e35b93d9cde5b2d3c857abf95e1ea2cba771a99b97ff8496bc,sheet1:R10,,,
5a40e7bfc0c5c91a-sheet1-R5,2026-01-12,daejeon-jung,교통행정과,조선돌솥밥 외 1개소,교통행정 현안 협의를 위한 대전시 관계자와의 협의,125300,5a40e7bfc0c5c91acc9f2661a41e70bbb659e64a4b66c836b2f7f86e189b4d78,sheet1:R5,,,
c8599a49e37e3cb6-sheet1-R5,2026-01-19,daejeon-jung,복지정책과,개인(성명 비공개),주민복지국 소속직원 경조사비,50000,c8599a49e37e3cb61ce367b2e78f902a1b2e612e808f6de554f7df70c38b920a,sheet1:R5,,,
c8599a49e37e3cb6-sheet1-R6,2026-01-22,daejeon-jung,복지정책과,본가칼국수,주민복지국 소속직원 격려,325000,c8599a49e37e3cb61ce367b2e78f902a1b2e612e808f6de554f7df70c38b920a,sheet1:R6,,,
c8599a49e37e3cb6-sheet1-R7,2026-01-26,daejeon-jung,복지정책과,위아래복집,주민복지국 소속직원 격려,110000,c8599a49e37e3cb61ce367b2e78f902a1b2e612e808f6de554f7df70c38b920a,sheet1:R7,,,
c8599a49e37e3cb6-sheet2-R5,2026-01-07,daejeon-jung,복지정책과,푸짐한횟집,민민돌봄의 원활한 추진을 위한 통합돌봄 전문가 대상 만찬 간담회,150000,c8599a49e37e3cb61ce367b2e78f902a1b2e612e808f6de554f7df70c38b920a,sheet2:R5,,,
c8599a49e37e3cb6-sheet2-R6,2026-01-14,daejeon-jung,복지정책과,금호식당,지역통합돌봄체계 활성화를 위한 충남대학교 사업단 관계자 대상 만찬 간담회,304000,c8599a49e37e3cb61ce367b2e78f902a1b2e612e808f6de554f7df70c38b920a,sheet2:R6,,,
c8599a49e37e3cb6-sheet2-R7,2026-01-20,daejeon-jung,복지정책과,용궁식당,현장 중심 복지활동 활성화 방안 논의를 위한 지역사회보장협의체 대상 오찬 간담회,285000,c8599a49e37e3cb61ce367b2e78f902a1b2e612e808f6de554f7df70c38b920a,sheet2:R7,,,
c8599a49e37e3cb6-sheet2-R8,2026-01-20,daejeon-jung,복지정책과,미가사랑,2026년 운영방향 및 동별 특성화 논의 등 위한 동 지역사회보장협의체 민간위원장 대상 만찬 간담회,401000,c8599a49e37e3cb61ce367b2e78f902a1b2e612e808f6de554f7df70c38b920a,sheet2:R8,,,
c8599a49e37e3cb6-sheet2-R9,2026-01-28,daejeon-jung,복지정책과,육교회관,사회공헌활동 활성화 업무 협조 논의 등 대전중부경찰서 경찰발전협의회 회원 대상 만찬 간담회,330000,c8599a49e37e3cb61ce367b2e78f902a1b2e612e808f6de554f7df70c38b920a,sheet2:R9,,,
c8599a49e37e3cb6-sheet3-R5,2026-01-14,daejeon-jung,복지정책과,풍미식당,장기요양기관 심사 위원회 위원 대상 장기요양기관 신규지정 심사를 위한 논의,161000,c8599a49e37e3cb61ce367b2e78f902a1b2e612e808f6de554f7df70c38b920a,sheet3:R5,,,
c8599a49e37e3cb6-sheet3-R6,2026-01-27,daejeon-jung,복지정책과,본가칼국수,통합지원협의체 위원 대상 2026년 의료‧요양통합돌봄사업 실행계획 논의,400000,c8599a49e37e3cb61ce367b2e78f902a1b2e612e808f6de554f7df70c38b920a,sheet3:R6,,,
c8599a49e37e3cb6-sheet3-R7,2026-01-29,daejeon-jung,복지정책과,타향골 아임일리터대전성모오거리점,대전중부모범운전자회 회원 대상 무연고 사망자 장례 운구관련 협조사항 논의,136400,c8599a49e37e3cb61ce367b2e78f902a1b2e612e808f6de554f7df70c38b920a,sheet3:R7,,,
c8599a49e37e3cb6-sheet3-R8,2026-01-30,daejeon-jung,복지정책과,종로할머니손칼국수,다함께돌봄센터 관계자 대상 돌봄서비스 제공 방안 논의,267000,c8599a49e37e3cb61ce367b2e78f902a1b2e612e808f6de554f7df70c38b920a,sheet3:R8,,,
c8599a49e37e3cb6-sheet4-R5,2026-01-26,daejeon-jung,복지정책과,황가네,중구재향군인회 임원진 대상 2026년 제67회 정기총회 추진 간담회,78000,c8599a49e37e3cb61ce367b2e78f902a1b2e612e808f6de554f7df70c38b920a,sheet4:R5,,,
c8599a49e37e3cb6-sheet4-R6,2026-01-30,daejeon-jung,복지정책과,황가네,의료요양 통합돌봄 관련 시 관계자 대상 사업 실행계획 수립에 따른 업무협의 간담회,120000,c8599a49e37e3cb61ce367b2e78f902a1b2e612e808f6de554f7df70c38b920a,sheet4:R6,,,
c8599a49e37e3cb6-sheet4-R7,2026-01-30,daejeon-jung,복지정책과,숨결커피,의료요양 통합돌봄 관련 시 관계자 대상 사업 실행계획 수립에 따른 업무협의 간담회,74300,c8599a49e37e3cb61ce367b2e78f902a1b2e612e808f6de554f7df70c38b920a,sheet4:R7,,,
2b2fcd45c3792af2-sheet1-R5,2026-01-26,daejeon-jung,감사실,지고당,"업무 간담회(감사실장 등 직원 8명, 중구공무원 노조 관계자 4명)",180000,2b2fcd45c3792af2731503f72a8a68f72d15e8e369d08e798f2f6af61c73c19d,sheet1:R5,,,
f3fcc34950a1cce2-sheet1-R5,2026-01-20,daejeon-jung,주차관리과,지고당,불법주정차 단속업무 협조 간담회,126000,f3fcc34950a1cce292176a57d4678c22d292764b1e67d04d7bcd6d28fbc79843,sheet1:R5,,,
f3fcc34950a1cce2-sheet1-R6,2026-01-29,daejeon-jung,주차관리과,조선돌솥밥,교통영향평가 관련 업무협의 간담회,85000,f3fcc34950a1cce292176a57d4678c22d292764b1e67d04d7bcd6d28fbc79843,sheet1:R6,,,
316c5302c830dfa2-sheet1-R6,2026-01-14,daejeon-jung,평생교육과,월산본가,평생학습관계자 오찬간담회,95000,316c5302c830dfa26180aa1d68698df6d3ab456a263c2e50a6df68e557353758,sheet1:R6,,,
316c5302c830dfa2-sheet1-R7,2026-01-14,daejeon-jung,평생교육과,타미띠에,평생학습관계자 오찬간담회,19500,316c5302c830dfa26180aa1d68698df6d3ab456a263c2e50a6df68e557353758,sheet1:R7,,,
5c9ed15c4ccd5c2e-sheet1-R5,2026-01-14,daejeon-jung,세원관리과,소호차이나,하나은행 구금고담당자 업무 간담회,122000,5c9ed15c4ccd5c2e5fb3a9d3654f9bf6630f4cb7bb357def74fa85faf4bef478,sheet1:R5,,,
15b03b888fd380a4-sheet1-R5,2026-01-19,daejeon-jung,정책개발실,파이가든,중구-충남대학교 실무협의체 회의 채괴,74500,15b03b888fd380a4563f1744f2f4cd227fe94bb4f1caa2dad8b1a47a8cfdaa1c,sheet1:R5,,,
15b03b888fd380a4-sheet1-R6,2026-01-22,daejeon-jung,정책개발실,성심당,지방소멸대응기금 관련 행정안전부 균형발전제도과 실무 담당자 회의 개최,157800,15b03b888fd380a4563f1744f2f4cd227fe94bb4f1caa2dad8b1a47a8cfdaa1c,sheet1:R6,,,
15b03b888fd380a4-sheet1-R7,2026-01-26,daejeon-jung,정책개발실,성심당,지방소멸대응기금 관련 한국지방재정공제회 담당자 간담회 개최,121800,15b03b888fd380a4563f1744f2f4cd227fe94bb4f1caa2dad8b1a47a8cfdaa1c,sheet1:R7,,,
15b03b888fd380a4-sheet1-R8,2026-01-27,daejeon-jung,정책개발실,형네낙지,공공기관 유치 등 우리 구 당면현안 과제 관련 대전광역시청 담당자 간담회 개최,114000,15b03b888fd380a4563f1744f2f4cd227fe94bb4f1caa2dad8b1a47a8cfdaa1c,sheet1:R8,,,
726b6b77de16ff9e-sheet1-R5,2026-01-22,daejeon-jung,공원녹지과,토방,산서문화공원 조성 등 업무협의를 위한 간담회 (시 공원수목원과 직원 및 중구 공원녹지과 직원),120000,726b6b77de16ff9ee71a68ac33fc62fcb2ded10433fec237c0800a67aec2c609,sheet1:R5,,,
3276a96bdb1fce99-sheet1-R6,2026-01-12,daejeon-jung,자치분권과,"대전 중구 선화서로 16 1, 2층 (투썸플레이스)",구정 운영 협조체계 구축을 위한 유관기관 간담회,31700,3276a96bdb1fce9951236a44c7fb4dc4d4a00c6f38c1c52e2459cb74a61961fa,sheet1:R6,,,
3276a96bdb1fce99-sheet1-R7,2026-01-21,daejeon-jung,자치분권과,대전 중구 보문산로 147-9 (우리술 협동조합),도쿄도청 주세국 방문에 따른 기념품 구입,250000,3276a96bdb1fce9951236a44c7fb4dc4d4a00c6f38c1c52e2459cb74a61961fa,sheet1:R7,,,
3276a96bdb1fce99-sheet1-R8,2026-01-26,daejeon-jung,자치분권과,대전 중구 중교로 44 1층 (팔롬비니),지역발전과 주민편의증진을 위한 유관기관 간담회,42400,3276a96bdb1fce9951236a44c7fb4dc4d4a00c6f38c1c52e2459cb74a61961fa,sheet1:R8,,,
3276a96bdb1fce99-sheet1-R9,2026-01-30,daejeon-jung,자치분권과,대전광역시 중구 대둔산로 286 덕산빌딩 1층 (위아래복집),주민자치 발전을 위한 유관기관 간담회,255000,3276a96bdb1fce9951236a44c7fb4dc4d4a00c6f38c1c52e2459cb74a61961fa,sheet1:R9,,,
3276a96bdb1fce99-sheet1-R10,2026-01-30,daejeon-jung,자치분권과,대전광역시 중구 대둔산로 286 1층 (카페빈입니다),주민자치 발전을 위한 유관기관 간담회,16500,3276a96bdb1fce9951236a44c7fb4dc4d4a00c6f38c1c52e2459cb74a61961fa,sheet1:R10,,,
ab108b4e20c4b89f-sheet1-R6,2026-06-12,daejeon-jung,용두동,두찜 서대전점,부서운영업무추진비 (직원격려),90600,ab108b4e20c4b89fbf2ecf79e830ad0c10cc68db912b16e3ad802542c4ba8fa8,sheet1:R6,,,
8755f80749e786b4-sheet1-R5,2026-06-01,daejeon-jung,민원여권과,구도로통닭 대전대흥점,직원 격려,358300,8755f80749e786b43f9f7378d14397cba75b9dbfb5301c78349f6ec49da6a1cd,sheet1:R5,,,
179201f552e179be-sheet1-R5,2026-06-16,daejeon-jung,복지정책과,성심당,직원 격려,135000,179201f552e179be00c941d518c846c19cf3161e75a1806dd521bf3b72c38648,sheet1:R5,,,
069a3e7454fa945c-sheet1-R5,2026-06-08,daejeon-jung,감사실,중구청직원상조회,직원 커피 및 다류 제공,297900,069a3e7454fa945cbd37e946625bb6953efb1a6e10bc3c09ecda7388fe59743f,sheet1:R5,,,
069a3e7454fa945c-sheet1-R6,2026-06-08,daejeon-jung,감사실,온기솥밥,직원 사기앙양(감사실 전 직원),149000,069a3e7454fa945cbd37e946625bb6953efb1a6e10bc3c09ecda7388fe59743f,sheet1:R6,,,
6adb992e18eeb359-sheet1-R5,2026-06-10,daejeon-jung,일자리경제과,중구청직원상조회,부서 내방객 제공용 음료 구입,510000,6adb992e18eeb359d0640d29eecda6df1d1930995d0aa0548d6758e4cbbe3cec,sheet1:R5,,,
6adb992e18eeb359-sheet1-R6,2026-06-10,daejeon-jung,일자리경제과,로쏘주식회사,직원격려 간식제공(일자리경제과 직원 27명),294000,6adb992e18eeb359d0640d29eecda6df1d1930995d0aa0548d6758e4cbbe3cec,sheet1:R6,,,
812220bd539a585b-sheet1-R5,2026-06-11,daejeon-jung,세원관리과,바다황제,직원 화합 식사,208000,812220bd539a585ba8a7d3c0dd5cc7149609d66fed5c5194c207527ef23c085f,sheet1:R5,,,
812220bd539a585b-sheet1-R6,2026-06-12,daejeon-jung,세원관리과,솟닷,직원 화합 식사,199000,812220bd539a585ba8a7d3c0dd5cc7149609d66fed5c5194c207527ef23c085f,sheet1:R6,,,
812220bd539a585b-sheet1-R7,2026-06-15,daejeon-jung,세원관리과,에슐리 (이랜드리테일 NC대전점),직원 화합 식사,129500,812220bd539a585ba8a7d3c0dd5cc7149609d66fed5c5194c207527ef23c085f,sheet1:R7,,,
812220bd539a585b-sheet1-R8,2026-06-16,daejeon-jung,세원관리과,막장집 대전선화점,직원 화합 식사,210000,812220bd539a585ba8a7d3c0dd5cc7149609d66fed5c5194c207527ef23c085f,sheet1:R8,,,
0c02559958afd12f-sheet1-R6,2026-06-05,daejeon-jung,회계과,현대오리타운,직원 격려,353000,0c02559958afd12fc21ab3ab39f9c2dbb95aaaa85443e0ec44525a8a2d5fa05c,sheet1:R6,,,
0c02559958afd12f-sheet1-R7,2026-06-05,daejeon-jung,회계과,현대오리타운,직원 격려,65000,0c02559958afd12fc21ab3ab39f9c2dbb95aaaa85443e0ec44525a8a2d5fa05c,sheet1:R7,,,
0c02559958afd12f-sheet1-R8,2026-06-18,daejeon-jung,회계과,로쏘주식회사,직원 간식,90000,0c02559958afd12fc21ab3ab39f9c2dbb95aaaa85443e0ec44525a8a2d5fa05c,sheet1:R8,,,
2842af0e25086ee7-sheet1-R6,2026-06-19,daejeon-jung,세정과,소호차이나,직원 식사제공,150000,2842af0e25086ee7b289fb8a9ced62c822dc308f6dafcdeae34b94bda83a0e30,sheet1:R6,,,
8c8788d6cd25f4bb-sheet1-R5,2026-06-30,daejeon-jung,정책개발실,성심당,당연 업무 추진 직원 노고 격려,237500,8c8788d6cd25f4bbc7d1ee304ccdbaaa7ce9c9ece6e213519a9cc72721493bfb,sheet1:R5,,,
9200e9dfecc2d502-sheet1-R6,2026-06-30,daejeon-jung,도시재생과,월산본가 (중구 대종로 455),도시재생 사업 및 2026년 상반기 신속집행 추진에 노고가 많은 도시재생과 전 직원을 대상으로 격려의 자리를 마련하고 그 소요비용을 부서운영업무추진비에서 지급,228000,9200e9dfecc2d502b519f687a8aa6153fd53ed9db31f0924f4d6f0fce7a8da0d,sheet1:R6,,,
e178a11fd7bc0423-sheet1-R5,2026-06-15,daejeon-jung,사회복지과,맘스터치선화대흥점,직원 간식 구입 (사회복지과 전직원),254100,e178a11fd7bc0423dbf3b553a98118afa2925cae31bbb08cd21001cae40c075f,sheet1:R5,,,
e178a11fd7bc0423-sheet1-R6,2026-06-18,daejeon-jung,사회복지과,중구청직원상조회,직원 차류 구입 (사회복지과 전직원),252400,e178a11fd7bc0423dbf3b553a98118afa2925cae31bbb08cd21001cae40c075f,sheet1:R6,,,
7b31086732138dd0-sheet1-R6,2026-06-24,daejeon-jung,석교동,도미노피자 가오점,부서운영업무추진비(직원 노고 격려),313800,7b31086732138dd076f75973173047227aeabe0f7decba260ca2ed920f0689a7,sheet1:R6,,,
544f6253d75f534f-sheet1-R5,2026-06-19,daejeon-jung,주차관리과,금광한정식,인사발령에 따른 직원 환송회,1237000,544f6253d75f534f31bf700212131e4ed4ce7fcbb9aacf37f8ade4d20bf5488d,sheet1:R5,,,
0cb3a952db93781e-sheet1-R7,2026-06-16,daejeon-jung,도시계획과,청사구내매점 / 중구 대흥동소재,도시계획과 직원 음용 다류 및 다과 구입,448900,0cb3a952db93781eba7b2d1e7718987a885b1eeb0b9912737399f7888bf40748,sheet1:R7,,,
c19db8baf35ebff3-sheet1-R5,2026-06-29,daejeon-jung,여성아동과,노모어피자 서대전점,직원노고 격려 다과회,302600,c19db8baf35ebff30d912fe5e5be269f5d6b2810bf56c24082fefd0560fed4f4,sheet1:R5,,,
22030f72d9aed1f8-sheet1-R4,2026-05-06,daejeon-jung,재난안전과,로운 샤브샤브 NC중앙로역점,직원 격려,380700,22030f72d9aed1f8499ed07e17a17b8c414e1cb146f5b1cf525f32924d67eae2,sheet1:R4,,,
324684914f13d15e-sheet1-R5,2026-05-28,daejeon-jung,건강증진과,탑할인마트,직원격려 다과 구입,199950,324684914f13d15e5d1787807ef29e77237df8a8c04608057b06dc75c39d8955,sheet1:R5,,,
324684914f13d15e-sheet1-R6,2026-05-28,daejeon-jung,건강증진과,탑할인마트,직원격려 다과 구입,79860,324684914f13d15e5d1787807ef29e77237df8a8c04608057b06dc75c39d8955,sheet1:R6,,,
324684914f13d15e-sheet1-R7,2026-05-28,daejeon-jung,건강증진과,탑할인마트,직원격려 다과 구입,59690,324684914f13d15e5d1787807ef29e77237df8a8c04608057b06dc75c39d8955,sheet1:R7,,,
324684914f13d15e-sheet1-R8,2026-05-28,daejeon-jung,건강증진과,탑할인마트,직원격려 다과 구입,199760,324684914f13d15e5d1787807ef29e77237df8a8c04608057b06dc75c39d8955,sheet1:R8,,,
324684914f13d15e-sheet1-R9,2026-05-27,daejeon-jung,건강증진과,탑할인마트,직원격려 다과 구입,299670,324684914f13d15e5d1787807ef29e77237df8a8c04608057b06dc75c39d8955,sheet1:R9,,,
324684914f13d15e-sheet1-R10,2026-05-28,daejeon-jung,건강증진과,중구마루,직원격려 다과 구입,40000,324684914f13d15e5d1787807ef29e77237df8a8c04608057b06dc75c39d8955,sheet1:R10,,,
324684914f13d15e-sheet1-R11,2026-05-28,daejeon-jung,건강증진과,중구마루,직원격려 다과 구입,80000,324684914f13d15e5d1787807ef29e77237df8a8c04608057b06dc75c39d8955,sheet1:R11,,,
2c5a30b8f37fdc1d-sheet1-R5,2026-05-14,daejeon-jung,건강정책과,희락반점,부서운영업무추진비 집행결의(직원격려),677000,2c5a30b8f37fdc1dbf175c9d7bd0d62d0ad3f9e7af6ff8804945545fcfd50e3d,sheet1:R5,,,
1aa464d69391e370-sheet1-R6,2026-05-14,daejeon-jung,문화체육관광과,형네낙지,현안업무 추진 노고직원 사기진작 간담회,309000,1aa464d69391e3704cb0c37a63d1d3c764bdde51657d1b711d6be3a2c8986412,sheet1:R6,,,
284e16538c4ee6eb-sheet1-R5,2026-05-04,daejeon-jung,평생교육과,중구청직원상조회,당면업무추진으로 고생하는 직원 노고 격려,60000,284e16538c4ee6eb53a3260a0e527c5fd3879fd68aea1f3c2d065bba1b48ffd9,sheet1:R5,,,
a422f084cfb7bf5d-sheet1-R5,2026-05-26,daejeon-jung,산성동,도담한정식,직원 화합 도모,658000,a422f084cfb7bf5d37cb7b5233ec7b81aaca850057c55f45629f49669b2f3760,sheet1:R5,,,
ec0a35c459817091-sheet1-R6,2026-05-13,daejeon-jung,태평2동,"도담한정식,쏭케이크, 카페감성레트로",부서운영업무추진비 지급 결의(직원격려),608800,ec0a35c459817091779f51279a57f3f7b826ae4391bdf8b267250f94b3411365,sheet1:R6,,,
8031db0e99478160-sheet1-R6,2026-05-22,daejeon-jung,문창동,에누리커피(온라인),직원 격려,103600,8031db0e994781603d5b971e0fef49f3abb53b57fe4a046b3c3a362673dc9384,sheet1:R6,,,
fe18a9bc9cc9b135-sheet1-R5,2026-05-14,daejeon-jung,대흥동,미소본가스마일칼국수,직원 간 소통을 위한 오찬간담회,209000,fe18a9bc9cc9b135132650973cb62ecc4c4868272d03e8c25c138c2216a86992,sheet1:R5,,,
5e484792b5292c30-sheet1-R4,2026-05-11,daejeon-jung,대사동,대흥정육식당,직원 송별회 및 환영회,420000,5e484792b5292c30305ef8e47802b0bc24e7d6bae89bf1e2a40df373ae3c64c8,sheet1:R4,,,
9dd34ca08a4b5c8d-sheet1-R5,2026-05-07,daejeon-jung,공원녹지과,현대오리타운,5.11.자 인사발령에 따른 환송회 자리 마련,241000,9dd34ca08a4b5c8dc7b1fe1cf4738fc488a8926d9786dd0d6153beb2cda73429,sheet1:R5,,,
71b057f461f8695e-sheet1-R5,2026-05-13,daejeon-jung,위생과,"현대오리타운 / 중구 보문로 262번길 14 중구마루 카페 / 중구청, 1층",부서운영경비지급결의(직원환영회 및 화합),262200,71b057f461f8695e5c3c019f1db0ceec3d5913d4a673a87f34d4e0ea24f26ee7,sheet1:R5,,,
703c644daee21711-sheet1-R5,2026-05-20,daejeon-jung,태평1동,명성복돼지,직원 격려 (동 직원),300000,703c644daee21711197ccad94d6b63329ec63ca0d9d879f2574cd68566595f10,sheet1:R5,,,
003547074305cc31-sheet1-R5,2026-05-07,daejeon-jung,사회복지과,성심당,직원 간식 구입 (사회복지과 전직원),350000,003547074305cc31ba4857372223b7a3a22fe508532a0516e1fbd9f9ea246f63,sheet1:R5,,,
21b9a6fb45504dcd-sheet1-R6,2026-05-08,daejeon-jung,자치분권과,중구 보문로262번길 31-1(쪽방꼬장집사랑채),직원 격려를 위한 부서 화합 만찬,135000,21b9a6fb45504dcdb70b61dec5d9ccb254adc054fb7d1fedb92bada587f4ce4d,sheet1:R6,,,
21b9a6fb45504dcd-sheet1-R7,2026-05-15,daejeon-jung,자치분권과,중구 충무로107번길 100 (본도시락),직원 격려를 위한 부서 화합 만찬,156800,21b9a6fb45504dcdb70b61dec5d9ccb254adc054fb7d1fedb92bada587f4ce4d,sheet1:R7,,,
21b9a6fb45504dcd-sheet1-R8,2026-05-15,daejeon-jung,자치분권과,중구 중교로 13 (포트캔커피),직원 격려를 위한 부서 화합 만찬,50300,21b9a6fb45504dcdb70b61dec5d9ccb254adc054fb7d1fedb92bada587f4ce4d,sheet1:R8,,,
16c17dd4cc4eefc7-sheet1-R6,2026-05-26,daejeon-jung,세정과,쿠팡,직원 차류 및 간식 제공,277870,16c17dd4cc4eefc72ba7b70fb1a0b577e850867af0e2b1feccf832e6e0a0cace,sheet1:R6,,,
ef97b1948a2da894-sheet1-R5,2026-05-22,daejeon-jung,유천1동,이삭토스트 유천점,직원 격려,98000,ef97b1948a2da8949aa51bd5d561c295a7da2dda48959ca6b14b7333c4380d7d,sheet1:R5,,,
fa5ee21a3b77619a-sheet1-R6,2026-04-06,daejeon-jung,문화체육관광과,보문산호랭이,현안업무 추진 노고직원 사기진작 간담회,346000,fa5ee21a3b77619a168c25292ef2dc5c4f0b4065064e7a5041d58fa93cf1708e,sheet1:R6,,,
810e6bf209fb1d10-sheet1-R6,2026-04-21,daejeon-jung,공동주택과,지고당 (중구 대흥동 소재),업무관련 발생 민원 처리 등 각종 현안업무 추진에 힘쓴 직원들을 격려 위한 오찬 제공,161000,810e6bf209fb1d107c4029fb55c149245ee128627d3c0b1589b60f0a86e4581c,sheet1:R6,,,
ae85ccb5e01987d5-sheet1-R6,2026-04-09,daejeon-jung,용두동,한우돈생고기,부서운영업무추진비 (직원격려),468500,ae85ccb5e01987d51eac981eac885d8544c6e5b4116c2e06601ed560d61d62fa,sheet1:R6,,,
a710fd3ab0afe97a-sheet1-R6,2026-04-13,daejeon-jung,행정지원과,중구마루,부서 운영을 위한 다과 및 차류 구입,309200,a710fd3ab0afe97a54467f0c28f82d365c4efcadc177c81def9a542ccf66fb7b,sheet1:R6,,,
398986a96cd23e19-sheet1-R5,2026-04-03,daejeon-jung,평생교육과,메가커피,당면업무 추진으로 고생하는 직원들 노고 격려,13200,398986a96cd23e19732d563f61aab18f9a03880df81b8178069cf038fbf3ed33,sheet1:R5,,,
398986a96cd23e19-sheet1-R6,2026-04-06,daejeon-jung,평생교육과,디저트테이블 냠냠 대흥점,당면업무 추진으로 고생하는 직원들 노고 격려,90000,398986a96cd23e19732d563f61aab18f9a03880df81b8178069cf038fbf3ed33,sheet1:R6,,,
ea3b331dc152824d-sheet1-R7,2026-04-30,daejeon-jung,도시계획과,대전대파집/중구 대흥동 소재,각종 당면업무추진 등 노고가 많은 직원 격려,765000,ea3b331dc152824d443e8e86e12ed06d3679393030a5b85cd82fe6e760469682,sheet1:R7,,,
af73c59ebdbee9b7-sheet1-R6,2026-04-13,daejeon-jung,오류동,쿠팡,부서운영업무추진비(부서운영 차류 구입),49350,af73c59ebdbee9b75773ec82e0b263edfe810193adefd466f0fc1fdd543542a8,sheet1:R6,,,
4b1ca23978fcd9de-sheet1-R5,2026-04-03,daejeon-jung,정책개발실,본도시락,당연 업무 추진 직원 노고 격려,186400,4b1ca23978fcd9de075203d444bafb74c6bbdfb1a6237f830f1bb14b1c04a431,sheet1:R5,,,
44a33b1a1233d637-sheet1-R5,2026-04-02,daejeon-jung,유천2동,쿠팡,부서운영 커피 및 음료 등 구입,168300,44a33b1a1233d637cef855029f76f4d1c61c19ba5f5e836b27f82976166c6465,sheet1:R5,,,
44a33b1a1233d637-sheet1-R6,2026-04-28,daejeon-jung,유천2동,두메산골,직원 환영회 및 송별회,375000,44a33b1a1233d637cef855029f76f4d1c61c19ba5f5e836b27f82976166c6465,sheet1:R6,,,
09b0883f14518cd9-sheet1-R5,2026-04-13,daejeon-jung,공원녹지과,㈜커피몰 탄방점,사무실 차류 및 간식 구입,254400,09b0883f14518cd996c9adbc442a1ffce8a7829cdc49b2f033087ffd04dded28,sheet1:R5,,,
6742d9a1b08041c5-sheet1-R6,2026-04-14,daejeon-jung,문창동,커피창고(온라인),직원격려,107600,6742d9a1b08041c585d9684acbece94a7c80de2f903e3174b2e66bf1d46bc7b4,sheet1:R6,,,
62d518fbf4c90211-sheet1-R6,2026-04-07,daejeon-jung,자치분권과,충무로107번길 100 (본도시락 중구청점),직원 격려를 위한 부서 화합 오찬,156800,62d518fbf4c90211033dab738e970c7a81fe8ba9abc01788a3c3dc95fa9eb31d,sheet1:R6,,,
62d518fbf4c90211-sheet1-R7,2026-04-07,daejeon-jung,자치분권과,대전 중구 테미로 42 (테미로카페),직원 격려를 위한 부서 화합 오찬,50000,62d518fbf4c90211033dab738e970c7a81fe8ba9abc01788a3c3dc95fa9eb31d,sheet1:R7,,,
04b9b7de6fe9ac99-sheet1-R5,2026-04-30,daejeon-jung,목동,커피창고,부서운영업무추진비(커피 원두 구입),116600,04b9b7de6fe9ac99e5bec8866ff1e8fa2d7af2ff8e7a078862221257081f56fc,sheet1:R5,,,
366ab16d399d14f2-sheet1-R6,2026-04-01,daejeon-jung,석교동,돌다리식당,부서운영업무추진비(직원 노고 격려),406000,366ab16d399d14f28973bb6f222e6041ea639e679a7c943f72a3b4501964a37b,sheet1:R6,,,
ef3e840e5ca7fb7b-sheet1-R7,2026-03-05,daejeon-jung,문화1동,카페마당,동 직원 격려,56000,ef3e840e5ca7fb7b9cbdd8fd00f6872eb64f9162d0c0b0e389b44a086023c86c,sheet1:R7,,,
e35502ead5f5f8f1-sheet1-R6,2026-02-11,daejeon-jung,문화체육관광과,월산본가,인사이동에 따른 부서 직원 사기진작 오찬,418000,e35502ead5f5f8f1d7f7ac2640ce9e75703c172c87d6f9562b5e7d231442963a,sheet1:R6,,,
b0fcc9be1be920ba-sheet1-R5,2026-03-19,daejeon-jung,재난안전과,중구청직원상조회,커피원두 구입,290000,b0fcc9be1be920ba388e744be864e31a53f0c692eade0a23b8e36a5618cadde4,sheet1:R5,,,
b0fcc9be1be920ba-sheet1-R6,2026-03-20,daejeon-jung,재난안전과,㈜농협유통 대전농산물종합유통센터,직원 격려,199630,b0fcc9be1be920ba388e744be864e31a53f0c692eade0a23b8e36a5618cadde4,sheet1:R6,,,
14f16ce65756e66b-sheet1-R5,2026-03-11,daejeon-jung,평생교육과,파란들,"인사이동에 따른 송, 환영회",96000,14f16ce65756e66bc008b06a233420701e3eb4d52ea02e66ef9051fe45498d8d,sheet1:R5,,,
14f16ce65756e66b-sheet1-R6,2026-03-11,daejeon-jung,평생교육과,우리동네,"인사이동에 따른 송, 환영회",27000,14f16ce65756e66bc008b06a233420701e3eb4d52ea02e66ef9051fe45498d8d,sheet1:R6,,,
14f16ce65756e66b-sheet1-R7,2026-03-11,daejeon-jung,평생교육과,맘스케익 앤 커피,당면업무 추진으로 고생하는 직원들 노고 격려,45000,14f16ce65756e66bc008b06a233420701e3eb4d52ea02e66ef9051fe45498d8d,sheet1:R7,,,
14f16ce65756e66b-sheet1-R8,2026-03-11,daejeon-jung,평생교육과,중구청직원상조회,당면업무 추진으로 고생하는 직원들 노고 격려,41600,14f16ce65756e66bc008b06a233420701e3eb4d52ea02e66ef9051fe45498d8d,sheet1:R8,,,
e4a09c3e78645934-sheet1-R5,2026-02-05,daejeon-jung,위생과,"도톰도톰 / 중구 보문로268번길 14, 2층",부서운영경비지급결의(직원환영회),594000,e4a09c3e786459346ce2e6c8b0308d1ad0ad2ee4cbba94de78fc74f7df1e02d5,sheet1:R5,,,
e4a09c3e78645934-sheet1-R6,2026-03-27,daejeon-jung,위생과,소호차이나 / 중구 중앙로79번길 31,부서운영경비지급결의(직원노고격려),280000,e4a09c3e786459346ce2e6c8b0308d1ad0ad2ee4cbba94de78fc74f7df1e02d5,sheet1:R6,,,
4dd3737e8b7251a2-sheet1-R5,2026-03-31,daejeon-jung,부사동,윤씨밀방,직원 노고 격려,160000,4dd3737e8b7251a2d726c3f9e5fb9d356a347fce03dcf3eaaa1da45397204131,sheet1:R5,,,
1d502c357e733ad5-sheet1-R5,2026-03-10,daejeon-jung,대흥동,미소본가스마일칼국수,직원 간 소통을 위한 만찬간담회,230000,1d502c357e733ad553cc0f10d09d9dba5e9159027f6d19ef37b2660c7230b3c5,sheet1:R5,,,
e570f6d9d287de3b-sheet1-R5,2026-03-26,daejeon-jung,공원녹지과,애슐리퀸즈 NC중앙로역점 (이랜드리테일 NC대전점),당면업무 추진으로 고생하는 직원 사기양양,348100,e570f6d9d287de3b45dbe5f44ca458f2ac23806f6bf6e59ee0085a634cd9bc95,sheet1:R5,,,
0fae6adeb4f5e82b-sheet1-R5,2026-02-13,daejeon-jung,태평1동,물총칼국수수육,설 맞이 직원 격려 (동 직원),179000,0fae6adeb4f5e82ba35db201f5892d71b78619ddfa76960123dd85884a8901cb,sheet1:R5,,,
65a8882340b41e9f-sheet1-R5,2026-03-12,daejeon-jung,복지정책과,도미노피자 대전유천점,직원 격려,182500,65a8882340b41e9f5447d8979317fc20bfa7941d853cb75720e306c6e333c588,sheet1:R5,,,
7d94c80caa964d42-sheet1-R6,2026-03-23,daejeon-jung,도시재생과,중구마루 사랑카페,대흥지구 가로환경 개선 사업 실시설계 용역 추진 등 신속집행 추진에 노고가 많은 직원들을 위한 음료 구입,45500,7d94c80caa964d42ff5b756c457098feaeffcbc126e51160e9449ef64cd93c84,sheet1:R6,,,
5c0ddf00cc3d24a5-sheet1-R5,2026-02-02,daejeon-jung,건설과,정식당,인사이동에 따른 직원 환송회,147000,5c0ddf00cc3d24a57118eb6c89444b5d0e70196d3e0f55ef562b2317d55b0dab,sheet1:R5,,,
5c0ddf00cc3d24a5-sheet1-R6,2026-02-13,daejeon-jung,건설과,감자바위골,직원들의 노고 격려를 위한 화합의 자리,74000,5c0ddf00cc3d24a57118eb6c89444b5d0e70196d3e0f55ef562b2317d55b0dab,sheet1:R6,,,
c670868095eca56c-sheet1-R6,2026-02-03,daejeon-jung,기획홍보실,희락반점,직원 환송회,1015000,c670868095eca56cba6ee0f8945c50cb4170a660d2bb92d6054a6a7fa35f411a,sheet1:R6,,,
c670868095eca56c-sheet1-R7,2026-02-12,daejeon-jung,기획홍보실,물총칼국수앤수육,설 명절 장보기,145000,c670868095eca56cba6ee0f8945c50cb4170a660d2bb92d6054a6a7fa35f411a,sheet1:R7,,,
c670868095eca56c-sheet1-R8,2026-02-12,daejeon-jung,기획홍보실,레디언트,설 명절 장보기,43500,c670868095eca56cba6ee0f8945c50cb4170a660d2bb92d6054a6a7fa35f411a,sheet1:R8,,,
c670868095eca56c-sheet1-R9,2026-02-12,daejeon-jung,기획홍보실,대통령마트,설 명절 장보기,28000,c670868095eca56cba6ee0f8945c50cb4170a660d2bb92d6054a6a7fa35f411a,sheet1:R9,,,
c670868095eca56c-sheet1-R10,2026-02-12,daejeon-jung,기획홍보실,못난이꽈배기 태평점,설 명절 장보기,30000,c670868095eca56cba6ee0f8945c50cb4170a660d2bb92d6054a6a7fa35f411a,sheet1:R10,,,
031d70650d6f05ba-table1-R2,2026-02-04,daejeon-jung,노인장애인과,손이가어죽칼국수,직원 격려 및 환영회,255000,031d70650d6f05bab4fb2e78df623c97c3649e866520d264692f273bf8a8b2a6,table1:R2,,,
f121e3ad343bafe9-sheet1-R5,2026-02-06,daejeon-jung,건강증진과,이본가,부서운영업무추진비 집행결의(인사이동에 따른 송환영회),1042000,f121e3ad343bafe9c3f316f7ab3f9defb16f663cc0465e7bb3d7ce8670a97dc7,sheet1:R5,,,
c14f794b810f5bcd-sheet1-R5,2026-02-02,daejeon-jung,재난안전과,정식당,2.2. 인사이동에 따른 환영회,418000,c14f794b810f5bcd4bdc40b6cbb70fe69828131fcdff2e434cbdddda63e05cbb,sheet1:R5,,,
c14f794b810f5bcd-sheet1-R6,2026-02-11,daejeon-jung,재난안전과,행복한찹쌀꽈배기 문창점,설맞이 직원 격려,14000,c14f794b810f5bcd4bdc40b6cbb70fe69828131fcdff2e434cbdddda63e05cbb,sheet1:R6,,,
c14f794b810f5bcd-sheet1-R7,2026-02-11,daejeon-jung,재난안전과,떡때끼,설맞이 직원 격려,39400,c14f794b810f5bcd4bdc40b6cbb70fe69828131fcdff2e434cbdddda63e05cbb,sheet1:R7,,,
c14f794b810f5bcd-sheet1-R8,2026-02-11,daejeon-jung,재난안전과,떡이야,설맞이 직원 격려,9000,c14f794b810f5bcd4bdc40b6cbb70fe69828131fcdff2e434cbdddda63e05cbb,sheet1:R8,,,
c14f794b810f5bcd-sheet1-R9,2026-02-11,daejeon-jung,재난안전과,사거리청과,설맞이 직원 격려,35000,c14f794b810f5bcd4bdc40b6cbb70fe69828131fcdff2e434cbdddda63e05cbb,sheet1:R9,,,
30e3dcfb9bd88eee-sheet1-R6,2026-02-03,daejeon-jung,공동주택과,어도야활어회 (중구 유천동 소재),인사이동 송환영회,230000,30e3dcfb9bd88eee68c6c1e97e1685bf3acd551a65358bf31c6fe109b10b2cea,sheet1:R6,,,
30e3dcfb9bd88eee-sheet1-R7,2026-02-12,daejeon-jung,공동주택과,벌집녹두삼계탕 (중구 오류동 소재),직원 사기진작을 위한 부서화합 만찬,176000,30e3dcfb9bd88eee68c6c1e97e1685bf3acd551a65358bf31c6fe109b10b2cea,sheet1:R7,,,
065c4af4a099236f-sheet1-R6,2026-02-03,daejeon-jung,토지정보과,월산본가,인사발령자 환송식 및 직원격려,541000,065c4af4a099236f5ad0790460180c14d8003727e3d4f0bf8b3a240b2d77f347,sheet1:R6,,,
065c4af4a099236f-sheet1-R7,2026-02-10,daejeon-jung,토지정보과,논두렁추어칼국수 및 문창시장 내 상점,전통시장 방문 및 도로명주소 홍보,211000,065c4af4a099236f5ad0790460180c14d8003727e3d4f0bf8b3a240b2d77f347,sheet1:R7,,,
c59ba202e8546684-sheet1-R5,2026-02-12,daejeon-jung,평생교육과,월산본가,"인사이동에 따른 송, 환영회",323000,c59ba202e85466840d7d3c538a59fc3d95ceb442507537380f8b017472015fcc,sheet1:R5,,,
d8208c1abcc1bb3a-sheet1-R6,2026-02-09,daejeon-jung,행정지원과,현대오리타운,직원 사기진작을 위한 부서화합 만찬,781000,d8208c1abcc1bb3a5ea9da9958dfebcd25714365e9d4e2ea811161c9a97f41c2,sheet1:R6,,,
7ee2128b3c7f9dc0-sheet1-R6,2026-02-03,daejeon-jung,태평2동,"족사랑, 팍스(pax)",부서운영업무추진비 지급 결의(직원 환영회 및 송별회),335500,7ee2128b3c7f9dc04f7cef3d0a6009499a8b28b298b47f84707a0cdcfc9c5275,sheet1:R6,,,
1353a434b6e1c862-sheet1-R6,2026-02-06,daejeon-jung,은행선화동,손이가어죽칼국수,부서운영업무추진비 지급(직원 환영회 및 송별회),648000,1353a434b6e1c86296151c2d715db880ac4ce9bb262e5adcb6964f9684e571e1,sheet1:R6,,,
02ab4fa50e0deedc-sheet1-R5,2026-02-03,daejeon-jung,건강정책과,편백연가문화점,부서운영업무추진비 집행결의(인사이동에 따른 환영회),694100,02ab4fa50e0deedc429eb1570e45acd39917b5652b50fafd30781b1782eeb30e,sheet1:R5,,,
c3b94d3e8542eaf4-sheet1-R5,2026-02-12,daejeon-jung,민원여권과,한밭도매유통,명절맞이 직원 간식,275000,c3b94d3e8542eaf4195533278512301f0a7c86d4ddfc61caa649863538e8df20,sheet1:R5,,,
756a1ba3f2db1b71-sheet1-R4,2026-02-11,daejeon-jung,대사동,트루,직원 송별회 및 환영회,303000,756a1ba3f2db1b7183563c3e8dfabbc8425612708420ff4e342b72a70a1708b0,sheet1:R4,,,
d177658766f22686-sheet1-R5,2026-02-03,daejeon-jung,세원관리과,무쇠솥뚜껑삼겹살,직원 송별·환영회,623100,d177658766f22686ebaab754ad6d4041bcdfe0fb5f727223dbeb3b699af72b44,sheet1:R5,,,
d177658766f22686-sheet1-R6,2026-02-12,daejeon-jung,세원관리과,지글지글,전통시장 장보기 참여직원 식사제공,429000,d177658766f22686ebaab754ad6d4041bcdfe0fb5f727223dbeb3b699af72b44,sheet1:R6,,,
3ddf650cbe6a34be-sheet1-R5,2026-02-11,daejeon-jung,교통행정과,손이가어죽칼국수,인사발령에 따른 송별회 및 환영회,555000,3ddf650cbe6a34be32977b86cd973406856f5e222f2f659985c346fc64cfa471,sheet1:R5,,,
3ddf650cbe6a34be-sheet1-R6,2026-02-12,daejeon-jung,교통행정과,문창시장 내 상점,부서 간식구입,213000,3ddf650cbe6a34be32977b86cd973406856f5e222f2f659985c346fc64cfa471,sheet1:R6,,,
3ddf650cbe6a34be-sheet1-R7,2026-02-13,daejeon-jung,교통행정과,다다제과점,부서 다과회,180000,3ddf650cbe6a34be32977b86cd973406856f5e222f2f659985c346fc64cfa471,sheet1:R7,,,
ac7ce74672b72ce2-sheet1-R5,2026-02-05,daejeon-jung,부사동,한밭신화수산,부서운영업무추진비 지출결의(직원 송환영회),592000,ac7ce74672b72ce2376d393c59982b3dcb202f904810a97a2e562efd782b6377,sheet1:R5,,,
ac7ce74672b72ce2-sheet1-R6,2026-02-19,daejeon-jung,부사동,착한낙지,부서운영업무추진비 지출결의(직원 화합),217000,ac7ce74672b72ce2376d393c59982b3dcb202f904810a97a2e562efd782b6377,sheet1:R6,,,
bd947e5c55543945-sheet1-R5,2026-02-03,daejeon-jung,공원녹지과,현대오리타운,2.2.자 인사발령에 따른 환송회 자리 마련,648000,bd947e5c5554394511c58b9a07dc11a75213b3d6611cd7d8b9e095f483dd1d30,sheet1:R5,,,
ee0bb2855ba58e7b-sheet1-R6,2026-02-06,daejeon-jung,문창동,보부상마트,명절 맞이 간식 구입,100000,ee0bb2855ba58e7b4a74d6d32ac3c1ef7f26fc592dfe0e897d4cb3affe0bea7a,sheet1:R6,,,
ee0bb2855ba58e7b-sheet1-R7,2026-02-12,daejeon-jung,문창동,굿베이글,직원 격려,308000,ee0bb2855ba58e7b4a74d6d32ac3c1ef7f26fc592dfe0e897d4cb3affe0bea7a,sheet1:R7,,,
ee0bb2855ba58e7b-sheet1-R8,2026-02-24,daejeon-jung,문창동,정직한하누,직원 화합(환송회),495000,ee0bb2855ba58e7b4a74d6d32ac3c1ef7f26fc592dfe0e897d4cb3affe0bea7a,sheet1:R8,,,
1c81ddbd9129e40c-sheet1-R5,2026-02-03,daejeon-jung,정책개발실,월산본가,2026.2.2.자 인사발령에 따라 직원 오찬 개최,361000,1c81ddbd9129e40cc22ec215e3b5072a3bc409ea7ac8cb9ef0c8d076d33d844c,sheet1:R5,,,
ff82aa3fc0610844-sheet1-R6,2026-02-10,daejeon-jung,중촌동,"다원석갈비, 바이탈커피",환영회 및 송별회,341700,ff82aa3fc0610844be2dfdf51a99fef563aa40344cff85868ce3ebf080cfbad7,sheet1:R6,,,
309c317851507c5e-sheet1-R6,2026-02-06,daejeon-jung,오류동,신정통춘천닭갈비,부서운영업무추진비(직원송환영회),303000,309c317851507c5e4b9f3cdfdb396cd3900b879ffbfd8954385d2bdc98bfed50,sheet1:R6,,,
e73349ef03a05d87-sheet1-R7,2026-02-02,daejeon-jung,도시계획과,손이가어죽칼국수/중구 선화동 소재,2026년 상반기 정기인사 송별식 및 환영식,827000,e73349ef03a05d8797308c8387b173cbc0b1df6c76f124ddfe992ce3fbc3bf92,sheet1:R7,,,
e73349ef03a05d87-sheet1-R8,2026-02-12,daejeon-jung,도시계획과,감자바위골 / 중구 문창동 소재,2026년도 각종 업무 추진 등으로 노고가 많을 직원들 사기 앙양,188000,e73349ef03a05d8797308c8387b173cbc0b1df6c76f124ddfe992ce3fbc3bf92,sheet1:R8,,,
631288f1bd66a280-sheet1-R5,2026-02-11,daejeon-jung,사회복지과,서울떡집,설명절 장보기 (사회복지과 전직원),36000,631288f1bd66a280abe97804e76c65ff2c025b942e4f618cd99df6a890ea077b,sheet1:R5,,,
631288f1bd66a280-sheet1-R6,2026-02-11,daejeon-jung,사회복지과,신진청과,설명절 장보기 (사회복지과 전직원),20000,631288f1bd66a280abe97804e76c65ff2c025b942e4f618cd99df6a890ea077b,sheet1:R6,,,
12885860a14e9d1f-sheet1-R5,2026-02-06,daejeon-jung,복지정책과,종로할머니손칼국수,직원 환영회,434000,12885860a14e9d1ffb406f8e39acce44e104dc4d2da3220123b5aba410fc17d8,sheet1:R5,,,
12885860a14e9d1f-sheet1-R6,2026-02-11,daejeon-jung,복지정책과,논두렁추어칼국수,직원 격려,158000,12885860a14e9d1ffb406f8e39acce44e104dc4d2da3220123b5aba410fc17d8,sheet1:R6,,,
701e57b6712d4819-sheet1-R5,2026-02-09,daejeon-jung,산성동,동네방네,직원환영회,646000,701e57b6712d4819df592f83af1b34c825e95f0faee9001237f1b08f7e60ea93,sheet1:R5,,,
701e57b6712d4819-sheet1-R6,2026-02-19,daejeon-jung,산성동,행복정육식당,직원 화합 도모,170000,701e57b6712d4819df592f83af1b34c825e95f0faee9001237f1b08f7e60ea93,sheet1:R6,,,
189baa0c886497c1-sheet1-R6,2026-02-19,daejeon-jung,석교동,연화식당,부서운영업무추진비(직원 노고 격려),168000,189baa0c886497c12f2b192421ea726193557f395757ea477bddd588e49e0f10,sheet1:R6,,,
aaf0e36ca643839f-sheet1-R7,2026-02-10,daejeon-jung,문화1동,쪽방꼬장집사랑채,직원 환송회,490000,aaf0e36ca643839fba08cbb56c2f1f30c5435f4765540c825a5a4ba1dc26c6eb,sheet1:R7,,,
7ffe8d1fb7ef3369-sheet1-R5,2026-02-25,daejeon-jung,목동,피자마루 목동점,부서운영업무추진비(직원 격려 간식),81600,7ffe8d1fb7ef3369b998308d5f279e002801b38503148e4d96dfe06a87f24eef,sheet1:R5,,,
031d5a0e68cca6d9-sheet1-R5,2026-02-04,daejeon-jung,일자리경제과,손이가어죽칼국수,전출 인사발령자 격려 및 직원 사기진작 직원 28명,524000,031d5a0e68cca6d99582723d8773be383c0829407828dfc0962ad4779756f71d,sheet1:R5,,,
031d5a0e68cca6d9-sheet1-R6,2026-02-05,daejeon-jung,일자리경제과,손의손대흥직영점,전입 인사발령자 환영 및 직원 사기진작 직원 13명,191500,031d5a0e68cca6d99582723d8773be383c0829407828dfc0962ad4779756f71d,sheet1:R6,,,
031d5a0e68cca6d9-sheet1-R7,2026-02-05,daejeon-jung,일자리경제과,숨결커피,전입 인사발령자 환영 및 직원 사기진작 직원 13명,63100,031d5a0e68cca6d99582723d8773be383c0829407828dfc0962ad4779756f71d,sheet1:R7,,,
199d6d9a4694358e-sheet1-R6,2026-02-03,daejeon-jung,자치분권과,중구 중앙로121번길 48 (손이가어죽칼국수),인사이동에 따른 환영회,470000,199d6d9a4694358ed279ea8b7954d2959f03622f438fff1d21118f0361e94cc9,sheet1:R6,,,
199d6d9a4694358e-sheet1-R7,2026-02-04,daejeon-jung,자치분권과,증구 대종로505번길 43 (아마띠에커피),직원 격려를 위한 다과회,83000,199d6d9a4694358ed279ea8b7954d2959f03622f438fff1d21118f0361e94cc9,sheet1:R7,,,
199d6d9a4694358e-sheet1-R8,2026-02-10,daejeon-jung,자치분권과,중구 유천로 57 (황제명태본가),직원 격려를 위한 부서 화합 만찬,168000,199d6d9a4694358ed279ea8b7954d2959f03622f438fff1d21118f0361e94cc9,sheet1:R8,,,
d9d607450b2417d4-sheet1-R6,2026-02-04,daejeon-jung,세정과,손이가어죽칼국수,직원 송별·환영회,592000,d9d607450b2417d4064c71d692ca9799506ca424c86f047eaf2a68512f8bec9f,sheet1:R6,,,
d9d607450b2417d4-sheet1-R7,2026-02-11,daejeon-jung,세정과,사거리청과,직원 간식제공,34000,d9d607450b2417d4064c71d692ca9799506ca424c86f047eaf2a68512f8bec9f,sheet1:R7,,,
d9d607450b2417d4-sheet1-R8,2026-02-11,daejeon-jung,세정과,대전뻥과자,직원 간식제공,6000,d9d607450b2417d4064c71d692ca9799506ca424c86f047eaf2a68512f8bec9f,sheet1:R8,,,
22bcb9df84288a39-sheet1-R5,2026-02-02,daejeon-jung,감사실,조선돌솥밥,직원 송·환영회(감사실 전 직원),190000,22bcb9df84288a39949705e1239357de3344fe01919cda0fa590bc53b0bd37be,sheet1:R5,,,
22bcb9df84288a39-sheet1-R6,2026-02-27,daejeon-jung,감사실,베리몽,직원 음료 및 간식 제공,150000,22bcb9df84288a39949705e1239357de3344fe01919cda0fa590bc53b0bd37be,sheet1:R6,,,
86c3d47e02005b3b-sheet1-R6,2026-02-02,daejeon-jung,도시재생과,블랙데스크 (중앙로79번길 23),2026. 2. 2.자 인사발령에 따른 간식 구매,49500,86c3d47e02005b3bd1e7a27e5c89ea29eb84384988bed7c03ef1e8defebb09e6,sheet1:R6,,,
86c3d47e02005b3b-sheet1-R7,2026-02-09,daejeon-jung,도시재생과,덕화식당 (계룡로881번길 51) 포항구룡포과메기와생태 (중앙로13번길 34-1),2026. 2. 2.자 상반기 정기인사에 따른 환영회 및 송별회 자리 마련,273000,86c3d47e02005b3bd1e7a27e5c89ea29eb84384988bed7c03ef1e8defebb09e6,sheet1:R7,,,
86c3d47e02005b3b-sheet1-R8,2026-02-12,daejeon-jung,도시재생과,민이식당 (문화로99번길 82),도시재생사업 관련 주민설명회 개최 등 도시재생 업무 추진에 노고가 많은 직원들을 위한 격려의 자리를 마련,80000,86c3d47e02005b3bd1e7a27e5c89ea29eb84384988bed7c03ef1e8defebb09e6,sheet1:R8,,,
abe23db449a8578e-sheet1-R5,2026-02-04,daejeon-jung,유천1동,마당에서,직원 격려(직원 환송회),485000,abe23db449a8578e6b51eefc36ed418f8a479af0a1c12d71c71c1b33cc2bf9de,sheet1:R5,,,
61cdb3c4a39c35b1-sheet1-R5,2026-02-10,daejeon-jung,대흥동,월산본가,인사발령에 따른 직원 송·환영 간담회,380000,61cdb3c4a39c35b178358c5a61f2163a1e36e9a8f0863d1ecd8c6ae27233bdfd,sheet1:R5,,,
61cdb3c4a39c35b1-sheet1-R6,2026-02-10,daejeon-jung,대흥동,피프까페진저,직원 노고 격려,79000,61cdb3c4a39c35b178358c5a61f2163a1e36e9a8f0863d1ecd8c6ae27233bdfd,sheet1:R6,,,
15df3214f8b182b9-sheet1-R5,2026-02-04,daejeon-jung,여성아동과,타향골,2.2.자 인사발령에 따른 송환영회,1186000,15df3214f8b182b9abd73e6e1d6311c61b26fcbd025de7d917c0453c6ed63c42,sheet1:R5,,,
0b2ce5a292961f62-sheet1-R6,2026-02-03,daejeon-jung,회계과,타향골,직원 환송별회,979000,0b2ce5a292961f62fab2cb7970b827631beb17357a062a11e0378ee1107defdf,sheet1:R6,,,
0b2ce5a292961f62-sheet1-R7,2026-02-13,daejeon-jung,회계과,사거리청과,직원 간식 구입,22000,0b2ce5a292961f62fab2cb7970b827631beb17357a062a11e0378ee1107defdf,sheet1:R7,,,
0b2ce5a292961f62-sheet1-R8,2026-02-13,daejeon-jung,회계과,언니네전집,직원 간식 구입,10000,0b2ce5a292961f62fab2cb7970b827631beb17357a062a11e0378ee1107defdf,sheet1:R8,,,
0b2ce5a292961f62-sheet1-R9,2026-02-13,daejeon-jung,회계과,열두광주리떡집,직원 간식 구입,9000,0b2ce5a292961f62fab2cb7970b827631beb17357a062a11e0378ee1107defdf,sheet1:R9,,,
0b2ce5a292961f62-sheet1-R10,2026-02-13,daejeon-jung,회계과,시장닭강정,직원 간식 구입,52000,0b2ce5a292961f62fab2cb7970b827631beb17357a062a11e0378ee1107defdf,sheet1:R10,,,
0b2ce5a292961f62-sheet1-R11,2026-02-13,daejeon-jung,회계과,감자바위골,직원 간식 구입,48000,0b2ce5a292961f62fab2cb7970b827631beb17357a062a11e0378ee1107defdf,sheet1:R11,,,
0b2ce5a292961f62-sheet1-R12,2026-02-13,daejeon-jung,회계과,보부상마트,직원 간식 구입,17250,0b2ce5a292961f62fab2cb7970b827631beb17357a062a11e0378ee1107defdf,sheet1:R12,,,
1a71a0b6dabc5b28-sheet1-R5,2026-02-09,daejeon-jung,문화2동,서대전한우생갈비 투썸플레이스 대전문화점,부서운영업무추진비 지급(직원격려 및 환송회),480500113500,1a71a0b6dabc5b28a8bba8885443c596f0a4e9c5d7ddb69df6e8acd60e5f4d6d,sheet1:R5,,,
1a71a0b6dabc5b28-sheet1-R6,2026-02-11,daejeon-jung,문화2동,농협하나로클럽 대전점,부서운영업무추진비 지급(직원사기앙양 음료 구입),370600,1a71a0b6dabc5b28a8bba8885443c596f0a4e9c5d7ddb69df6e8acd60e5f4d6d,sheet1:R6,,,
e99c39804a0e535a-sheet1-R6,2026-01-06,daejeon-jung,오류동,쿠팡,부서운영업무추진비(부서운영 차류 구입),45450,e99c39804a0e535ad8ff79dc942792a9e5762480eea16ab24d42c3df31a74d3f,sheet1:R6,,,
2fc4ce1f6d80badf-sheet1-R5,2026-01-12,daejeon-jung,재난안전과,중구청직장상조회,직원격려,199000,2fc4ce1f6d80badff3e1afdaf5f9b7c9e1c0644d1925d1bd8a1f6ce4227bd42d,sheet1:R5,,,
2fc4ce1f6d80badf-sheet1-R6,2026-01-13,daejeon-jung,재난안전과,중구청직장상조회,직원격려,116000,2fc4ce1f6d80badff3e1afdaf5f9b7c9e1c0644d1925d1bd8a1f6ce4227bd42d,sheet1:R6,,,
6e43554462ea3273-sheet1-R5,2026-01-30,daejeon-jung,사회복지과,본가칼국수,"인사이동에 의한 환송회 (사회복지과 전직원, 공무직 포함)",678000,6e43554462ea3273f15d79a30650489fb4280f3ed014cfcb4d68af57439fb736,sheet1:R5,,,
4820298cc9646a50-sheet1-R5,2026-01-05,daejeon-jung,민원여권과,타향골,직원격려,300000,4820298cc9646a50ae21d2ede08cf0bb0d69c5ab416fbc8284fd448df9c620dc,sheet1:R5,,,
dc8f51161d42436d-sheet1-R6,2026-01-20,daejeon-jung,행정지원과,중구마루,부서 운영을 위한 다과 및 차류 구입,496400,dc8f51161d42436d7bc6317d7630670f1c553020bdfe26f39616d1bf24825fe0,sheet1:R6,,,
fb729ad2a7ce6566-sheet1-R6,2026-01-20,daejeon-jung,은행선화동,카리스,부서운영업무추진비 지급(직원 격려),615000,fb729ad2a7ce6566643f39a8d792b9014a7f90f4253e3bfa87af7ed4dc2bf747,sheet1:R6,,,
2b8cb0bbfbfb37c8-sheet1-R6,2026-01-07,daejeon-jung,도시재생과,로로네베이커리,2026 신속집행 추진을 위한 도시재생업무 추진에 노고가 많은 직원들을 위한 격려의 자리 마련,76200,2b8cb0bbfbfb37c80326b9b981c309053f0aca4045d836f2c03936003f22e7bf,sheet1:R6,,,
2b8cb0bbfbfb37c8-sheet1-R7,2026-01-13,daejeon-jung,도시재생과,"월산본가, 커피마마",2026 .1. 1.자 인사발령에 따른 송별회 자리 마련,255000,2b8cb0bbfbfb37c80326b9b981c309053f0aca4045d836f2c03936003f22e7bf,sheet1:R7,,,
6324ba70373c8576-sheet1-R6,2026-01-16,daejeon-jung,문화체육관광과,중구마루,부서 직원용 다과류 등 구입,700300,6324ba70373c8576af6e509dd6c27212944cb56735cf34013f07c2687dced577,sheet1:R6,,,
2c670740ff64c96a-sheet1-R6,2026-01-12,daejeon-jung,회계과,태화원,직원 격려,472000,2c670740ff64c96aa71322a1f26819b7b232ef3c0ecef98ce3988dae4540cd99,sheet1:R6,,,
2c670740ff64c96a-sheet1-R7,2026-01-29,daejeon-jung,회계과,중구청직장상조회,차재료 구입,498800,2c670740ff64c96aa71322a1f26819b7b232ef3c0ecef98ce3988dae4540cd99,sheet1:R7,,,
1ce03049154d889c-sheet1-R5,2026-01-16,daejeon-jung,부사동,지안,부서운영업무추진비 지출결의(직원격려),331000,1ce03049154d889c6950476be72c0294547a0611183db72f4c4133db2fe47280,sheet1:R5,,,
8821f414adb21526-sheet1-R6,2026-01-13,daejeon-jung,문창동,진산건어물,직원격려,53000,8821f414adb215269eb2994c6aae7008f7ec82d425bd355e5b5e80b8a8534096,sheet1:R6,,,
793f62083a4cdfb5-sheet1-R6,2026-01-30,daejeon-jung,용두동,칼국수이야기,부서운영업무추진비 (직원송환영회),402000,793f62083a4cdfb5904a8d8baaf74f73f56d16c1e9f6f6d4b835af323e17a459,sheet1:R6,,,
57f6bf7fb11394c1-sheet1-R5,2026-01-09,daejeon-jung,유천2동,이본가,동장 송별회(유천2동 직원 및 전출자),304000,57f6bf7fb11394c1b08dd05857cce928854652eaf027d2a3df01d8899c8dcdd5,sheet1:R5,,,
57f6bf7fb11394c1-sheet1-R6,2026-01-14,daejeon-jung,유천2동,11번가,부서운영 커피 및 음료 구입,184140,57f6bf7fb11394c1b08dd05857cce928854652eaf027d2a3df01d8899c8dcdd5,sheet1:R6,,,
57f6bf7fb11394c1-sheet1-R7,2026-01-28,daejeon-jung,유천2동,유천주먹구이,직원화합,157000,57f6bf7fb11394c1b08dd05857cce928854652eaf027d2a3df01d8899c8dcdd5,sheet1:R7,,,
047d8417630a98e4-sheet1-R5,2026-01-23,daejeon-jung,복지정책과,쪽방꼬장집 사랑채,현안업무 추진 직원 격려,420000,047d8417630a98e4a84de573570851633379d675517d5b666c0e1c3fdc032761,sheet1:R5,,,
09538228000db6b2-sheet1-R6,2026-01-21,daejeon-jung,석교동,인터넷쇼핑몰(메가커피),부서운영업무추진비(직원 커피원두 구입),122550,09538228000db6b2314d4d2e403497ef174a3390f60db20f28d71ab68aaf2053,sheet1:R6,,,
09538228000db6b2-sheet1-R7,2026-01-30,daejeon-jung,석교동,손이가어죽칼국수,부서운영업무추진비(직원 환송회),437000,09538228000db6b2314d4d2e403497ef174a3390f60db20f28d71ab68aaf2053,sheet1:R7,,,
f6adb7a086b9b092-sheet1-R5,2026-01-30,daejeon-jung,정책개발실,"태화원, 중구청직원상조회",당면현황 추진 격려,328000,f6adb7a086b9b092ac06d6535b00bd4fa5590a1e286c22fbcf42ce51e889f96c,sheet1:R5,,,
9d00b5e89b769531-sheet1-R6,2026-01-23,daejeon-jung,중촌동,베스타,직원격려,700000,9d00b5e89b769531f5f626f2c1a617892bcce548d72185163f9b6d9f555ce826,sheet1:R6,,,
5d8988688f0c9631-sheet1-R5,2026-01-27,daejeon-jung,유천1동,유천쇼핑타운,직원 격려(차재료 구입),500000,5d8988688f0c963133cd878ec18b3e26652f295e3b78db87a7856ef4875ec2cb,sheet1:R5,,,
879d2569de76e36d-sheet1-R5,2026-01-12,daejeon-jung,목동,더웰마트,부서운영업무추진비(직원 음료 구입),400000,879d2569de76e36d53294d57a5860a6e70e3d782aea8bc2065e5f2be0037bca8,sheet1:R5,,,
625d72d99f8deb2a-file1.sheet1-R6,2026-06-15,daejeon-seo,운영지원과,소속 상근직원,경조사비,50000,625d72d99f8deb2a5b0eb508bd2c62a69d84e0c1089cd017608e3d258c91bf72,file1.sheet1:R6,,,
3ec94bcf19a7fc8b-file1.sheet1-R6,2026-04-03,daejeon-seo,운영지원과,소속 상근직원,경조사비,50000,3ec94bcf19a7fc8ba9dd83b5b54bc7cfee2812010ec6583faba8487e57f4241d,file1.sheet1:R6,,,
3ec94bcf19a7fc8b-file1.sheet1-R7,2026-04-03,daejeon-seo,운영지원과,뚜레쥬르 월평선사점,"보건의날 기념, 서구 보건·복지 증진을 위해 힘쓰는 보건소 직원 노고 격려",367000,3ec94bcf19a7fc8ba9dd83b5b54bc7cfee2812010ec6583faba8487e57f4241d,file1.sheet1:R7,,,
3ec94bcf19a7fc8b-file1.sheet1-R8,2026-04-08,daejeon-seo,운영지원과,소속 상근직원,경조사비,50000,3ec94bcf19a7fc8ba9dd83b5b54bc7cfee2812010ec6583faba8487e57f4241d,file1.sheet1:R8,,,
3ec94bcf19a7fc8b-file1.sheet1-R9,2026-04-08,daejeon-seo,운영지원과,장애인협회,내방객 차재료 구입,300000,3ec94bcf19a7fc8ba9dd83b5b54bc7cfee2812010ec6583faba8487e57f4241d,file1.sheet1:R9,,,
3ec94bcf19a7fc8b-file1.sheet1-R10,2026-04-10,daejeon-seo,운영지원과,초이s,"도서관의 날 기념, 서구 구민의 배움과 성장 지원에 힘쓰는 평생학습원 직원 노고 격려",252000,3ec94bcf19a7fc8ba9dd83b5b54bc7cfee2812010ec6583faba8487e57f4241d,file1.sheet1:R10,,,
3ec94bcf19a7fc8b-file1.sheet1-R11,2026-04-13,daejeon-seo,운영지원과,소속 상근직원 등,경조사비,150000,3ec94bcf19a7fc8ba9dd83b5b54bc7cfee2812010ec6583faba8487e57f4241d,file1.sheet1:R11,,,
3ec94bcf19a7fc8b-file1.sheet1-R12,2026-04-14,daejeon-seo,운영지원과,명가전복,정보공개 업무 추진 및 민원서비스 개선을 위해 노력하고 있는 부서 직원 격려,100000,3ec94bcf19a7fc8ba9dd83b5b54bc7cfee2812010ec6583faba8487e57f4241d,file1.sheet1:R12,,,
3ec94bcf19a7fc8b-file1.sheet1-R13,2026-04-14,daejeon-seo,운영지원과,이지플라워,제23대 대전경찰청장 취임 축하화분 구입,100000,3ec94bcf19a7fc8ba9dd83b5b54bc7cfee2812010ec6583faba8487e57f4241d,file1.sheet1:R13,,,
3ec94bcf19a7fc8b-file1.sheet1-R14,2026-04-23,daejeon-seo,운영지원과,소속 상근직원,경조사비,50000,3ec94bcf19a7fc8ba9dd83b5b54bc7cfee2812010ec6583faba8487e57f4241d,file1.sheet1:R14,,,
3ec94bcf19a7fc8b-file1.sheet1-R20,2026-04-02,daejeon-seo,운영지원과,논산회관,대형건축공사장 일자리창출 업무협약을 위한 협조사항 논의 간담회,105000,3ec94bcf19a7fc8ba9dd83b5b54bc7cfee2812010ec6583faba8487e57f4241d,file1.sheet1:R20,,,
3ec94bcf19a7fc8b-file1.sheet1-R21,2026-04-02,daejeon-seo,운영지원과,소나무풍경,퇴원환자 통합돌봄 연계 서비스 강화를 위한 시-의료기관 업무협약 중 자치구 협조사항 논의 간담회,200000,3ec94bcf19a7fc8ba9dd83b5b54bc7cfee2812010ec6583faba8487e57f4241d,file1.sheet1:R21,,,
3ec94bcf19a7fc8b-file1.sheet1-R22,2026-04-06,daejeon-seo,운영지원과,라온차이나,노쇼(No-show) 사기 피해 예방 합동 캠페인 후 피해 해결방안 및 향후 캠페인 전개 계획 논의 간담회,244000,3ec94bcf19a7fc8ba9dd83b5b54bc7cfee2812010ec6583faba8487e57f4241d,file1.sheet1:R22,,,
3ec94bcf19a7fc8b-file1.sheet1-R23,2026-04-13,daejeon-seo,운영지원과,미향일식,둔산지구 노후계획도시정비 시-구 간 행정지원 및 협조체계 구축을 위한 논의 간담회,210000,3ec94bcf19a7fc8ba9dd83b5b54bc7cfee2812010ec6583faba8487e57f4241d,file1.sheet1:R23,,,
3ec94bcf19a7fc8b-file1.sheet1-R24,2026-04-13,daejeon-seo,운영지원과,오천항,위기아동 지원강화를 위한 3자 업무 협약 상세 추진방향 논의 간담회,350000,3ec94bcf19a7fc8ba9dd83b5b54bc7cfee2812010ec6583faba8487e57f4241d,file1.sheet1:R24,,,
3ec94bcf19a7fc8b-file1.sheet1-R25,2026-04-15,daejeon-seo,운영지원과,천년의정원,건축물 해체공사감리자 선정업무 대행 업무협약 추진을 위한 관계자 간담회,439000,3ec94bcf19a7fc8ba9dd83b5b54bc7cfee2812010ec6583faba8487e57f4241d,file1.sheet1:R25,,,
3ec94bcf19a7fc8b-file1.sheet1-R26,2026-04-16,daejeon-seo,운영지원과,너와집백합샤브샤브,대전성천초 학교복합시설 공모사업 심사 결과 및 사업내용 논의 간담회,98000,3ec94bcf19a7fc8ba9dd83b5b54bc7cfee2812010ec6583faba8487e57f4241d,file1.sheet1:R26,,,
3ec94bcf19a7fc8b-file1.sheet1-R27,2026-04-17,daejeon-seo,운영지원과,미향일식,신재생 융복합지원사업 추진 계획 논의를 위한 참여기업 관계자 간담회,360000,3ec94bcf19a7fc8ba9dd83b5b54bc7cfee2812010ec6583faba8487e57f4241d,file1.sheet1:R27,,,
3ec94bcf19a7fc8b-file1.sheet1-R28,2026-04-20,daejeon-seo,운영지원과,너와집백합샤브샤브,초원아파트 경로당 스마트승강장 준공식 관련 협조사항 논의 간담회,135000,3ec94bcf19a7fc8ba9dd83b5b54bc7cfee2812010ec6583faba8487e57f4241d,file1.sheet1:R28,,,
3ec94bcf19a7fc8b-file1.sheet1-R29,2026-04-24,daejeon-seo,운영지원과,생태명가,환경교육계획수립 중간보고회 사전 논의를 위한 간담회,60000,3ec94bcf19a7fc8ba9dd83b5b54bc7cfee2812010ec6583faba8487e57f4241d,file1.sheet1:R29,,,
3ec94bcf19a7fc8b-file1.sheet1-R30,2026-04-27,daejeon-seo,운영지원과,매드포갈릭,다함께돌봄센터 위수탁 및 무상사용 협약 체결을 위한 협력사항 논의 간담회,200000,3ec94bcf19a7fc8ba9dd83b5b54bc7cfee2812010ec6583faba8487e57f4241d,file1.sheet1:R30,,,
fee908c27d5968d3-file2.sheet1-R6,2026-03-03,daejeon-seo,운영지원과,성가일식,2026년 개학기 초등학교 주변 위해요인 안전점검 추진 분야별 담당직원 격려,280000,fee908c27d5968d3cdb1d260f8badb9ce9c64af97dfab9a6b44d0eb2fe9dc2d5,file2.sheet1:R6,,,
fee908c27d5968d3-file2.sheet1-R7,2026-03-05,daejeon-seo,운영지원과,인구에회자,탄방동 행정복지센터 기공식 준비를 위해 그간 고생해 온 관련 부서 직원 격려,124000,fee908c27d5968d3cdb1d260f8badb9ce9c64af97dfab9a6b44d0eb2fe9dc2d5,file2.sheet1:R7,,,
fee908c27d5968d3-file2.sheet1-R8,2026-03-05,daejeon-seo,운영지원과,"두담브레드&카페, 빽다방",미세먼지 비상저감조치 발령에 따른 긴급업무 수행으로 고생한 부서 직원 격려,162900,fee908c27d5968d3cdb1d260f8badb9ce9c64af97dfab9a6b44d0eb2fe9dc2d5,file2.sheet1:R8,,,
fee908c27d5968d3-file2.sheet1-R9,2026-03-06,daejeon-seo,운영지원과,행운손만두,민관협력 돌봄체계 활성화 사업 추진 돌봄대상자 발굴 및 서비스 지원 등 복지정책 확대에 노력하고 있는 부서 직원 격려,200000,fee908c27d5968d3cdb1d260f8badb9ce9c64af97dfab9a6b44d0eb2fe9dc2d5,file2.sheet1:R9,,,
fee908c27d5968d3-file2.sheet1-R10,2026-03-10,daejeon-seo,운영지원과,빈이어,"AI 디지털 배움터 거점센터' 구성 및 '사랑의 PC, 보급사업' 추진으로 고생하고 있는 부서 직원 격려",191520,fee908c27d5968d3cdb1d260f8badb9ce9c64af97dfab9a6b44d0eb2fe9dc2d5,file2.sheet1:R10,,,
fee908c27d5968d3-file2.sheet1-R11,2026-03-11,daejeon-seo,운영지원과,소속 상근직원 등,경조사비,250000,fee908c27d5968d3cdb1d260f8badb9ce9c64af97dfab9a6b44d0eb2fe9dc2d5,file2.sheet1:R11,,,
fee908c27d5968d3-file2.sheet1-R12,2026-03-12,daejeon-seo,운영지원과,도미노피자,상반기 골목형상점가 모집 사업 및 관내 골목상권 활성화 노력 부서 직원 격려,199920,fee908c27d5968d3cdb1d260f8badb9ce9c64af97dfab9a6b44d0eb2fe9dc2d5,file2.sheet1:R12,,,
fee908c27d5968d3-file2.sheet1-R13,2026-03-13,daejeon-seo,운영지원과,뚜레쥬르 월평선사점,2026년 산불 특별대책기간에 따른 산불방지 비상근무 직원 격려,499000,fee908c27d5968d3cdb1d260f8badb9ce9c64af97dfab9a6b44d0eb2fe9dc2d5,file2.sheet1:R13,,,
fee908c27d5968d3-file2.sheet1-R14,2026-03-18,daejeon-seo,운영지원과,해후순대빈대떡,"현수막 지정게시대 확충사업, 옥외광고물 관리 등 도시미관 개선 업무 추진 부서 격려",400000,fee908c27d5968d3cdb1d260f8badb9ce9c64af97dfab9a6b44d0eb2fe9dc2d5,file2.sheet1:R14,,,
fee908c27d5968d3-file2.sheet1-R15,2026-03-19,daejeon-seo,운영지원과,영광중화요리,산불비상근무 추진 등으로 현장 최전선에서 고생하고 있는 동 직원 격려,200000,fee908c27d5968d3cdb1d260f8badb9ce9c64af97dfab9a6b44d0eb2fe9dc2d5,file2.sheet1:R15,,,
fee908c27d5968d3-file2.sheet1-R16,2026-03-20,daejeon-seo,운영지원과,옥션(콩스콩스커피),내방객 차재료 구입,94800,fee908c27d5968d3cdb1d260f8badb9ce9c64af97dfab9a6b44d0eb2fe9dc2d5,file2.sheet1:R16,,,
fee908c27d5968d3-file2.sheet1-R17,2026-03-24,daejeon-seo,운영지원과,소속 상근직원 등,경조사비,100000,fee908c27d5968d3cdb1d260f8badb9ce9c64af97dfab9a6b44d0eb2fe9dc2d5,file2.sheet1:R17,,,
fee908c27d5968d3-file2.sheet1-R18,2026-03-25,daejeon-seo,운영지원과,콜드베이크샵,"찾아가는 자원순환가게 및 VR, AR 교육 추진 등으로 노력하는 부서 직원 격려",200000,fee908c27d5968d3cdb1d260f8badb9ce9c64af97dfab9a6b44d0eb2fe9dc2d5,file2.sheet1:R18,,,
fee908c27d5968d3-file2.sheet1-R19,2026-03-25,daejeon-seo,운영지원과,플래닛에그타르트,중소기업 무역사절단 파견 및 일자리 창출 대책 업무 추진으로 노력하고 있는 부서 직원 격려,197500,fee908c27d5968d3cdb1d260f8badb9ce9c64af97dfab9a6b44d0eb2fe9dc2d5,file2.sheet1:R19,,,
fee908c27d5968d3-file2.sheet1-R20,2026-03-25,daejeon-seo,운영지원과,도미노피자,"주거급여 국고보조금, 청소년상담복지센터 운영 등 주민 복지 증진에 노력하는 부서 직원 격려",198520,fee908c27d5968d3cdb1d260f8badb9ce9c64af97dfab9a6b44d0eb2fe9dc2d5,file2.sheet1:R20,,,
fee908c27d5968d3-file2.sheet1-R21,2026-03-25,daejeon-seo,운영지원과,도미노피자,2026년 장애인일자리 사업 및 노인복지시설 추진 부서 직원 격려,198520,fee908c27d5968d3cdb1d260f8badb9ce9c64af97dfab9a6b44d0eb2fe9dc2d5,file2.sheet1:R21,,,
fee908c27d5968d3-file2.sheet1-R22,2026-03-26,daejeon-seo,운영지원과,"온오프피자, 츄로츄로",2026년 개별·공동주택가격(안) 열람 및 의견 청취 업무 추진 부서 격려,196500,fee908c27d5968d3cdb1d260f8badb9ce9c64af97dfab9a6b44d0eb2fe9dc2d5,file2.sheet1:R22,,,
fee908c27d5968d3-file2.sheet1-R23,2026-03-27,daejeon-seo,운영지원과,"파파존스, 하레하레",2026년 1분기 자동차관리사업 지도점검 추진 부서 직원 격려,198800,fee908c27d5968d3cdb1d260f8badb9ce9c64af97dfab9a6b44d0eb2fe9dc2d5,file2.sheet1:R23,,,
fee908c27d5968d3-file2.sheet1-R24,2026-03-31,daejeon-seo,운영지원과,장가네 갈비김치찌개,"유등천 파크골프장 추가조성공사, 숲체험원 위탁 운영 등 주민 삶의 질 개선에 노력하고 있는 부서 직원 격려",358000,fee908c27d5968d3cdb1d260f8badb9ce9c64af97dfab9a6b44d0eb2fe9dc2d5,file2.sheet1:R24,,,
fee908c27d5968d3-file2.sheet1-R30,2026-03-04,daejeon-seo,운영지원과,더꼬들참숯구이,2026년 아동학대 대응체계 활성화 지원 시범사업 추진 사업방향 및 협의사항 논의 간담회,97000,fee908c27d5968d3cdb1d260f8badb9ce9c64af97dfab9a6b44d0eb2fe9dc2d5,file2.sheet1:R30,,,
fee908c27d5968d3-file2.sheet1-R31,2026-03-06,daejeon-seo,운영지원과,미향일식,2026년 상반기 장애인거주시설 합동점검 실시를 위한 지원기관 협조사항 논의 간담회,290000,fee908c27d5968d3cdb1d260f8badb9ce9c64af97dfab9a6b44d0eb2fe9dc2d5,file2.sheet1:R31,,,
fee908c27d5968d3-file2.sheet1-R32,2026-03-12,daejeon-seo,운영지원과,만년미역,의료급여 특화사업 '반가워U 건강짝꿍 맺기' 협약식 후 관계자와 사업 세부계획 논의 간담회,150000,fee908c27d5968d3cdb1d260f8badb9ce9c64af97dfab9a6b44d0eb2fe9dc2d5,file2.sheet1:R32,,,
fee908c27d5968d3-file2.sheet1-R33,2026-03-12,daejeon-seo,운영지원과,엑스포복아구,2026 아트페스티벌 성공 개최를 위한 회의 후 세부 기본계획 및 의결사항 논의 간담회,315000,fee908c27d5968d3cdb1d260f8badb9ce9c64af97dfab9a6b44d0eb2fe9dc2d5,file2.sheet1:R33,,,
fee908c27d5968d3-file2.sheet1-R34,2026-03-16,daejeon-seo,운영지원과,봄날,2026 '서구-목원대 빅데이터 캡스톤 디자인' 추진 논의 간담회,180000,fee908c27d5968d3cdb1d260f8badb9ce9c64af97dfab9a6b44d0eb2fe9dc2d5,file2.sheet1:R34,,,
fee908c27d5968d3-file2.sheet1-R35,2026-03-18,daejeon-seo,운영지원과,어명,건축전공 대학생 체험형 인턴십 프로그램 업무협약을 위한 협조사항 논의 간담회,80000,fee908c27d5968d3cdb1d260f8badb9ce9c64af97dfab9a6b44d0eb2fe9dc2d5,file2.sheet1:R35,,,
fee908c27d5968d3-file2.sheet1-R36,2026-03-24,daejeon-seo,운영지원과,성심당(롯데대전점),갈마지구 노후주거지정비 지원사업 국토부 업무협조를 위한 방문 시 간식 제공,216000,fee908c27d5968d3cdb1d260f8badb9ce9c64af97dfab9a6b44d0eb2fe9dc2d5,file2.sheet1:R36,,,
fee908c27d5968d3-file2.sheet1-R37,2026-03-31,daejeon-seo,운영지원과,워낭명가,"2026년 경계선 지능인 산림, 치유 프로그램 업무협약 체결 및 평생학습 서비스 확대를 위한 협력방안 논의",300050,fee908c27d5968d3cdb1d260f8badb9ce9c64af97dfab9a6b44d0eb2fe9dc2d5,file2.sheet1:R37,,,
b756c5071f25340a-file1.sheet1-R6,2026-02-02,daejeon-seo,운영지원과,종가집,2026년 산불재난대응단 발대식 등 산불방지 업무 추진 부서 직원 격려,306000,b756c5071f25340adaf6a16dbd151255d9a0343452a6536d64560ca3308ab1af,file1.sheet1:R6,,,
b756c5071f25340a-file1.sheet1-R7,2026-02-03,daejeon-seo,운영지원과,성가일식,상반기 주요 현안사업 및 구정 업무 추진방향 세부논의를 위한 간부 직원 간담회,345000,b756c5071f25340adaf6a16dbd151255d9a0343452a6536d64560ca3308ab1af,file1.sheet1:R7,,,
b756c5071f25340a-file1.sheet1-R8,2026-02-04,daejeon-seo,운영지원과,오천항,"서구·갈마노인복지관, 정림종합사회복지관 등 사회복지시설 주요공사 추진 부서 직원 격려",480000,b756c5071f25340adaf6a16dbd151255d9a0343452a6536d64560ca3308ab1af,file1.sheet1:R8,,,
b756c5071f25340a-file1.sheet1-R9,2026-02-05,daejeon-seo,운영지원과,더꼬들참숯구이,설 명절 어려운 이웃(시설)·보훈대상자 위문 추진 관련 논의 및 식품안전 종합대책 시행 부서 직원 격려,240000,b756c5071f25340adaf6a16dbd151255d9a0343452a6536d64560ca3308ab1af,file1.sheet1:R9,,,
b756c5071f25340a-file1.sheet1-R10,2026-02-06,daejeon-seo,운영지원과,파리바게트 월평점,설 명절연휴 비상근무 직원 격려,229100,b756c5071f25340adaf6a16dbd151255d9a0343452a6536d64560ca3308ab1af,file1.sheet1:R10,,,
b756c5071f25340a-file1.sheet1-R11,2026-02-06,daejeon-seo,운영지원과,뜌레쥬르 월평선사점,설 명절연휴 비상근무 직원 격려,467000,b756c5071f25340adaf6a16dbd151255d9a0343452a6536d64560ca3308ab1af,file1.sheet1:R11,,,
b756c5071f25340a-file1.sheet1-R12,2026-02-09,daejeon-seo,운영지원과,과일만남,설 명절 직원 격려,1000000,b756c5071f25340adaf6a16dbd151255d9a0343452a6536d64560ca3308ab1af,file1.sheet1:R12,,,
b756c5071f25340a-file1.sheet1-R13,2026-02-09,daejeon-seo,운영지원과,노은농수산물시장,설 명절 직원 격려,3432000,b756c5071f25340adaf6a16dbd151255d9a0343452a6536d64560ca3308ab1af,file1.sheet1:R13,,,
b756c5071f25340a-file1.sheet1-R14,2026-02-10,daejeon-seo,운영지원과,파트너문구상사,설 명절 직원 격려,2376000,b756c5071f25340adaf6a16dbd151255d9a0343452a6536d64560ca3308ab1af,file1.sheet1:R14,,,
b756c5071f25340a-file1.sheet1-R15,2026-02-10,daejeon-seo,운영지원과,소속 상근직원,경조사비,100000,b756c5071f25340adaf6a16dbd151255d9a0343452a6536d64560ca3308ab1af,file1.sheet1:R15,,,
b756c5071f25340a-file1.sheet1-R16,2026-02-11,daejeon-seo,운영지원과,자유대반점,설 명절 아동복지시설 위문 준비 등으로 고생한 부서 직원 격려,480000,b756c5071f25340adaf6a16dbd151255d9a0343452a6536d64560ca3308ab1af,file1.sheet1:R16,,,
b756c5071f25340a-file1.sheet1-R17,2026-02-12,daejeon-seo,운영지원과,생태명가,설맞이 농특산물 직거래장터의 원활한 운영을 위해 연일 고생하고 있는 부서 직원 격려,195000,b756c5071f25340adaf6a16dbd151255d9a0343452a6536d64560ca3308ab1af,file1.sheet1:R17,,,
b756c5071f25340a-file1.sheet1-R18,2026-02-13,daejeon-seo,운영지원과,현담,저소득가정 설 명절 지원금 기탁식 등 각종 지원행사로 고생한 부서 직원 격려,345000,b756c5071f25340adaf6a16dbd151255d9a0343452a6536d64560ca3308ab1af,file1.sheet1:R18,,,
b756c5071f25340a-file1.sheet1-R19,2026-02-19,daejeon-seo,운영지원과,소속 상근직원,경조사비,50000,b756c5071f25340adaf6a16dbd151255d9a0343452a6536d64560ca3308ab1af,file1.sheet1:R19,,,
b756c5071f25340a-file1.sheet1-R20,2026-02-23,daejeon-seo,운영지원과,성심당,가수원복합생활관 개관식 추진 및 오량실내테니스장 노후시설 개선 실시설계 추진 부서 직원 격려,444000,b756c5071f25340adaf6a16dbd151255d9a0343452a6536d64560ca3308ab1af,file1.sheet1:R20,,,
b756c5071f25340a-file1.sheet1-R26,2026-02-03,daejeon-seo,운영지원과,올리빈,설맞이 전통시장 장보기 주간 물가안정캠페인 추진 관련 관계자와 협조사항 논의 간담회,131300,b756c5071f25340adaf6a16dbd151255d9a0343452a6536d64560ca3308ab1af,file1.sheet1:R26,,,
b756c5071f25340a-file1.sheet1-R27,2026-02-04,daejeon-seo,운영지원과,풍전삼계탕,서구 통합방위협의회 1분기 정기회의 후 민방위계획(안) 논의 간담회,560000,b756c5071f25340adaf6a16dbd151255d9a0343452a6536d64560ca3308ab1af,file1.sheet1:R27,,,
b756c5071f25340a-file1.sheet1-R28,2026-02-06,daejeon-seo,운영지원과,작은어촌,국공립어린이집 무상사용 협약식 논의를 위한 관계자 간담회,125000,b756c5071f25340adaf6a16dbd151255d9a0343452a6536d64560ca3308ab1af,file1.sheet1:R28,,,
b756c5071f25340a-file1.sheet1-R29,2026-02-10,daejeon-seo,운영지원과,성가일식,설맞이 사랑의 떡국떡·누룽지 기탁 관련 기탁대상 단체와 협조·요청사항 논의를 위한 간담회,275000,b756c5071f25340adaf6a16dbd151255d9a0343452a6536d64560ca3308ab1af,file1.sheet1:R29,,,
b756c5071f25340a-file1.sheet1-R30,2026-02-25,daejeon-seo,운영지원과,귀빈돌솥밥,특수영상 분야 협력사업 발굴 및 발전방향 토의를 위한 산학연관 소통 간담회,607000,b756c5071f25340adaf6a16dbd151255d9a0343452a6536d64560ca3308ab1af,file1.sheet1:R30,,,
a26e2a12d9a9e5dc-file1.sheet1-R6,2026-01-05,daejeon-seo,운영지원과,오천항,"2026년 '우리동네, 소통투어' 추진으로 고생하는 부서 직원 격려",240000,a26e2a12d9a9e5dc865a50c2fb067432cf94dfcb90f29ac8a6101c43e9e7d46f,file1.sheet1:R6,,,
a26e2a12d9a9e5dc-file1.sheet1-R8,2026-01-08,daejeon-seo,운영지원과,풍전삼계탕,2026 공무원노조 운영방안 논의를 위한 임원진과의 간담회,240000,a26e2a12d9a9e5dc865a50c2fb067432cf94dfcb90f29ac8a6101c43e9e7d46f,file1.sheet1:R8,,,
a26e2a12d9a9e5dc-file1.sheet1-R9,2026-01-08,daejeon-seo,운영지원과,이삭토스트,세외수입 처리 및 지방제 체납액 징수 등으로 고생하고 있는 부서 직원 격려(간식),200000,a26e2a12d9a9e5dc865a50c2fb067432cf94dfcb90f29ac8a6101c43e9e7d46f,file1.sheet1:R9,,,
a26e2a12d9a9e5dc-file1.sheet1-R10,2026-01-09,daejeon-seo,운영지원과,소속 상근직원,경조사비,50000,a26e2a12d9a9e5dc865a50c2fb067432cf94dfcb90f29ac8a6101c43e9e7d46f,file1.sheet1:R10,,,
a26e2a12d9a9e5dc-file1.sheet1-R11,2026-01-12,daejeon-seo,운영지원과,종가집,도마·변동 재정비사업 추진으로 고생하고 있는 부서 직원 격려,467000,a26e2a12d9a9e5dc865a50c2fb067432cf94dfcb90f29ac8a6101c43e9e7d46f,file1.sheet1:R11,,,
a26e2a12d9a9e5dc-file1.sheet1-R12,2026-01-19,daejeon-seo,운영지원과,소속 상근직원,경조사비,100000,a26e2a12d9a9e5dc865a50c2fb067432cf94dfcb90f29ac8a6101c43e9e7d46f,file1.sheet1:R12,,,
a26e2a12d9a9e5dc-file1.sheet1-R13,2026-01-19,daejeon-seo,운영지원과,이삭토스트,"내동, 용문동 주택재개발정비사업 계획 추진 등으로 고생하고 있는 부서 직원 격려(간식)",171900,a26e2a12d9a9e5dc865a50c2fb067432cf94dfcb90f29ac8a6101c43e9e7d46f,file1.sheet1:R13,,,
a26e2a12d9a9e5dc-file1.sheet1-R14,2026-01-20,daejeon-seo,운영지원과,대한적십자사,2026년 적십자 특별회비(희망나눔성금) 납부,1000000,a26e2a12d9a9e5dc865a50c2fb067432cf94dfcb90f29ac8a6101c43e9e7d46f,file1.sheet1:R14,,,
a26e2a12d9a9e5dc-file1.sheet1-R15,2026-01-20,daejeon-seo,운영지원과,장애인협회,내방객 차재료 구입,240000,a26e2a12d9a9e5dc865a50c2fb067432cf94dfcb90f29ac8a6101c43e9e7d46f,file1.sheet1:R15,,,
a26e2a12d9a9e5dc-file1.sheet1-R16,2026-01-21,daejeon-seo,운영지원과,미향일식,대외기관 공모 평가 대응 우수부서 선정 업무에 고생하고 있는 부서 직원 격려,120000,a26e2a12d9a9e5dc865a50c2fb067432cf94dfcb90f29ac8a6101c43e9e7d46f,file1.sheet1:R16,,,
a26e2a12d9a9e5dc-file1.sheet1-R17,2026-01-23,daejeon-seo,운영지원과,성심당,2025년 일상경비 사무감사 후속 업무 추진으로 연일 고생하고 있는 부서 직원 격려(간식),196300,a26e2a12d9a9e5dc865a50c2fb067432cf94dfcb90f29ac8a6101c43e9e7d46f,file1.sheet1:R17,,,
a26e2a12d9a9e5dc-file1.sheet1-R18,2026-01-28,daejeon-seo,운영지원과,천년의정원,2026년 현장행정 업무 추진으로 연일 고생하고 있는 부서 직원 격려,280000,a26e2a12d9a9e5dc865a50c2fb067432cf94dfcb90f29ac8a6101c43e9e7d46f,file1.sheet1:R18,,,
a26e2a12d9a9e5dc-file1.sheet1-R24,2026-01-07,daejeon-seo,운영지원과,태원,"콘텐츠기업지원센터-서구, 특수영상콘텐츠 특구사업 협력 방향 설정을 위한 논의 간담회",480000,a26e2a12d9a9e5dc865a50c2fb067432cf94dfcb90f29ac8a6101c43e9e7d46f,file1.sheet1:R24,,,
a26e2a12d9a9e5dc-file1.sheet1-R25,2026-01-12,daejeon-seo,운영지원과,드리오리,다함께돌봄센터 민간위탁 기간만료 도래에 따른 성과평가 추진을 위한 논의 간담회,165000,a26e2a12d9a9e5dc865a50c2fb067432cf94dfcb90f29ac8a6101c43e9e7d46f,file1.sheet1:R25,,,
a26e2a12d9a9e5dc-file1.sheet1-R26,2026-01-13,daejeon-seo,운영지원과,샤브올데이,2026년 대전 서구 홍보 명예서포터즈 위촉식 후 신임 서포터즈와 향후 역할 및 운영방향 논의를 위한 간담회,99600,a26e2a12d9a9e5dc865a50c2fb067432cf94dfcb90f29ac8a6101c43e9e7d46f,file1.sheet1:R26,,,
a26e2a12d9a9e5dc-file1.sheet1-R27,2026-01-14,daejeon-seo,운영지원과,금평추어탕,서구 지역자율방재단 임원진 회의 후 활동방향 및 협조사항 논의를 위한 간담회,480000,a26e2a12d9a9e5dc865a50c2fb067432cf94dfcb90f29ac8a6101c43e9e7d46f,file1.sheet1:R27,,,
a26e2a12d9a9e5dc-file1.sheet1-R28,2026-01-19,daejeon-seo,운영지원과,태원,도솔마을 직주락 허브(대전뷰티산업진흥원) 기공식 추진 등을 위한 협조사항 논의를 위한 간담회,476000,a26e2a12d9a9e5dc865a50c2fb067432cf94dfcb90f29ac8a6101c43e9e7d46f,file1.sheet1:R28,,,
a26e2a12d9a9e5dc-file1.sheet1-R29,2026-01-26,daejeon-seo,운영지원과,대관령양푼이동태찌개,2026년 서구 소상공인 경영안정자금 세부 지원사업 추진 지원내용 논의 간담회,62000,a26e2a12d9a9e5dc865a50c2fb067432cf94dfcb90f29ac8a6101c43e9e7d46f,file1.sheet1:R29,,,
a26e2a12d9a9e5dc-file1.sheet1-R30,2026-01-26,daejeon-seo,운영지원과,녹수청산,2026년 대전 서구 공정관광 프로그램 공모사업 상품개발 및 사업추진 방향 논의 간담회,342000,a26e2a12d9a9e5dc865a50c2fb067432cf94dfcb90f29ac8a6101c43e9e7d46f,file1.sheet1:R30,,,
2360f2fbd1e2fdb3-file1.sheet1-R5,2026-02-03,daejeon-seo,교통과장,한우돈숯불구이(둔산동),직원 환영회,1127000,2360f2fbd1e2fdb3a5821bbad0155a137c9643c076bc2cefaf73af4f70a108e8,file1.sheet1:R5,,,
2360f2fbd1e2fdb3-file1.sheet2-R5,2026-06-25,daejeon-seo,교통과장,청사광장(둔산동),교통안전 봉사단체와의 간담회,228000,2360f2fbd1e2fdb3a5821bbad0155a137c9643c076bc2cefaf73af4f70a108e8,file1.sheet2:R5,,,
986f8223aa3820ad-file1.sheet1-R5,2026-05-08,daejeon-seo,노인장애인과장,노티드 대전갤러리아점(대덕대로 219),부서운영업무추진비,140900,986f8223aa3820ad26baffc4b8a43ced1aff7e30a69d8874a6096f195a97901e,file1.sheet1:R5,,,
986f8223aa3820ad-file1.sheet2-R5,2026-04-09,daejeon-seo,노인장애인과장,삼오식당(서구 만년로 70),서구 장기요양기관 지정 심사위원 간담회,208000,986f8223aa3820ad26baffc4b8a43ced1aff7e30a69d8874a6096f195a97901e,file1.sheet2:R5,,,
2dc9d01acefc9b90-file1.sheet1-R5,2026-03-04,daejeon-seo,문화체육과,화랑성,직원사기진작을 위한 업무추진비 집행(직원 격려),143000,2dc9d01acefc9b90da7d59b3448f25f6d358ec25f4f61f7b29e62a2a8be5646a,file1.sheet1:R5,,,
2dc9d01acefc9b90-file1.sheet1-R6,2026-04-15,daejeon-seo,문화체육과,맛닭꼬 월평선사점,직원사기진작을 위한 업무추진비 집행(직원 격려),200000,2dc9d01acefc9b90da7d59b3448f25f6d358ec25f4f61f7b29e62a2a8be5646a,file1.sheet1:R6,,,
2dc9d01acefc9b90-file1.sheet2-R5,2026-03-10,daejeon-seo,문화체육과,원조양푼이동태찌개,가수원복합생활관 운영 간담회,74000,2dc9d01acefc9b90da7d59b3448f25f6d358ec25f4f61f7b29e62a2a8be5646a,file1.sheet2:R5,,,
2dc9d01acefc9b90-file1.sheet2-R6,2026-04-09,daejeon-seo,문화체육과,대전 뜨끈이 뼈구이 감자창 탄방동점,아트페어 추진 간담회,50000,2dc9d01acefc9b90da7d59b3448f25f6d358ec25f4f61f7b29e62a2a8be5646a,file1.sheet2:R6,,,
2dc9d01acefc9b90-file1.sheet2-R7,2026-04-10,daejeon-seo,문화체육과,대전 뜨끈이 뼈구이 감자창 탄방동점,아트페어 추진 간담회,100000,2dc9d01acefc9b90da7d59b3448f25f6d358ec25f4f61f7b29e62a2a8be5646a,file1.sheet2:R7,,,
2dc9d01acefc9b90-file1.sheet2-R8,2026-04-16,daejeon-seo,문화체육과,5.5닭갈비 본점,탄방동 문화의 거리 추진 간담회,142500,2dc9d01acefc9b90da7d59b3448f25f6d358ec25f4f61f7b29e62a2a8be5646a,file1.sheet2:R8,,,
7b6f093b169975b0-file1.sheet1-R5,2026-02-04,daejeon-seo,가장동,소나무풍경,경로당회장 간담회,182000,7b6f093b169975b089af285405770cb3c30c8bd8c455a1a3f0dad7b4d5d3db34,file1.sheet1:R5,,,
7b6f093b169975b0-file1.sheet1-R6,2026-02-06,daejeon-seo,가장동,문구뱅크,설 명절 직원 격려,480000,7b6f093b169975b089af285405770cb3c30c8bd8c455a1a3f0dad7b4d5d3db34,file1.sheet1:R6,,,
7b6f093b169975b0-file1.sheet1-R7,2026-06-20,daejeon-seo,가장동,개인(성명 비공개),축의금,50000,7b6f093b169975b089af285405770cb3c30c8bd8c455a1a3f0dad7b4d5d3db34,file1.sheet1:R7,,,
7b6f093b169975b0-file1.sheet2-R5,2026-02-03,daejeon-seo,가장동,돈돼지 참숯뒷고기,인사발령에 따른 직원 환영회,406000,7b6f093b169975b089af285405770cb3c30c8bd8c455a1a3f0dad7b4d5d3db34,file1.sheet2:R5,,,
7b6f093b169975b0-file1.sheet2-R6,2026-04-17,daejeon-seo,가장동,해물마트,직원화합,115000,7b6f093b169975b089af285405770cb3c30c8bd8c455a1a3f0dad7b4d5d3db34,file1.sheet2:R6,,,
a27ce4a7748df40f-file1.sheet1-R5,2026-06-30,daejeon-seo,도마2동장,한마음면옥 (대전 서구 사마1길 22),2026년 6월 기관장협의회,270000,a27ce4a7748df40f4e076015182037f91ee4cc5fa4b2bf33100d1201aaab2b2d,file1.sheet1:R5,,,
a27ce4a7748df40f-file1.sheet2-R5,2026-06-19,daejeon-seo,도마2동장,담그다 (대전 서구 사마7길 33),직원 격려,140000,a27ce4a7748df40f4e076015182037f91ee4cc5fa4b2bf33100d1201aaab2b2d,file1.sheet2:R5,,,
a27ce4a7748df40f-file1.sheet3-R5,2026-06-02,daejeon-seo,도마2동장,투썸플레이스 (대전 서구 도산로 54),직원생일축하기념품 구입,30000,a27ce4a7748df40f4e076015182037f91ee4cc5fa4b2bf33100d1201aaab2b2d,file1.sheet3:R5,,,
7f7ad2e24bba1029-file1.sheet1-R5,2026-02-12,daejeon-seo,세원관리과장,온오프피자,직원들의 격려 및 사기앙양,195000,7f7ad2e24bba102976607cf009a7d5b3062c34c2d22f6714e417c42baad2c247,file1.sheet1:R5,,,
7f7ad2e24bba1029-file1.sheet1-R6,2026-04-23,daejeon-seo,세원관리과장,"만년닭강정, 춤추는왕만두",직원들의 격려 및 사기앙양,169000,7f7ad2e24bba102976607cf009a7d5b3062c34c2d22f6714e417c42baad2c247,file1.sheet1:R6,,,
7f7ad2e24bba1029-file1.sheet1-R7,2026-04-30,daejeon-seo,세원관리과장,맛소야,직원들의 격려 및 사기앙양,215000,7f7ad2e24bba102976607cf009a7d5b3062c34c2d22f6714e417c42baad2c247,file1.sheet1:R7,,,
7f7ad2e24bba1029-file1.sheet1-R8,2026-06-05,daejeon-seo,세원관리과장,우두령,직원들의 격려 및 사기앙양,250000,7f7ad2e24bba102976607cf009a7d5b3062c34c2d22f6714e417c42baad2c247,file1.sheet1:R8,,,
7f7ad2e24bba1029-file1.sheet1-R9,2026-06-22,daejeon-seo,세원관리과장,매드포갈릭,직원들의 격려 및 사기앙양,286900,7f7ad2e24bba102976607cf009a7d5b3062c34c2d22f6714e417c42baad2c247,file1.sheet1:R9,,,
7f7ad2e24bba1029-file1.sheet1-R10,2026-06-24,daejeon-seo,세원관리과장,금촌,직원들의 격려 및 사기앙양,400000,7f7ad2e24bba102976607cf009a7d5b3062c34c2d22f6714e417c42baad2c247,file1.sheet1:R10,,,
7f7ad2e24bba1029-file1.sheet2-R5,2026-03-26,daejeon-seo,세원관리과장,곰수산회수산물센터,지방세 체납액 일제정리 추진 및 체납관리단 운영방안 등 현안업무 협의를 위한 간담회,145000,7f7ad2e24bba102976607cf009a7d5b3062c34c2d22f6714e417c42baad2c247,file1.sheet2:R5,,,
8d2385ea597c6cdc-file1.sheet1-R5,2026-05-15,daejeon-seo,월평1동,한길마트,내방객 다과 구입,150000,8d2385ea597c6cdc6b86777e13c4ba71e5cc1b7a315381aaac975e423a6b11de,file1.sheet1:R5,,,
8d2385ea597c6cdc-file1.sheet1-R6,2026-06-10,daejeon-seo,월평1동,등대민물매운탕,자생단체장 간담회,230000,8d2385ea597c6cdc6b86777e13c4ba71e5cc1b7a315381aaac975e423a6b11de,file1.sheet1:R6,,,
8d2385ea597c6cdc-file1.sheet1-R7,2026-06-11,daejeon-seo,월평1동,전복만세,통장협의회 임원 격려,160000,8d2385ea597c6cdc6b86777e13c4ba71e5cc1b7a315381aaac975e423a6b11de,file1.sheet1:R7,,,
8d2385ea597c6cdc-file1.sheet1-R8,2026-06-12,daejeon-seo,월평1동,만수흑염소,경로당회장단 오찬,300000,8d2385ea597c6cdc6b86777e13c4ba71e5cc1b7a315381aaac975e423a6b11de,file1.sheet1:R8,,,
8d2385ea597c6cdc-file1.sheet2-R5,2026-05-07,daejeon-seo,월평1동,교보문고,5월 생일 직원 문화상품권,20000,8d2385ea597c6cdc6b86777e13c4ba71e5cc1b7a315381aaac975e423a6b11de,file1.sheet2:R5,,,
8d2385ea597c6cdc-file1.sheet2-R6,2026-06-04,daejeon-seo,월평1동,교보문고,6월 생일직원 문화상품권,40000,8d2385ea597c6cdc6b86777e13c4ba71e5cc1b7a315381aaac975e423a6b11de,file1.sheet2:R6,,,
8d2385ea597c6cdc-file1.sheet3-R5,2026-06-29,daejeon-seo,월평1동,삼오식당,직원 사기 양양 및 화합,480000,8d2385ea597c6cdc6b86777e13c4ba71e5cc1b7a315381aaac975e423a6b11de,file1.sheet3:R5,,,
ca37ef360ad1094e-file1.sheet1-R5,2026-06-10,daejeon-seo,기후환경과,건강카페 서구청점(서구 둔산서로 100),지방선거 사무수행 등 격려,208000,ca37ef360ad1094e47d58b3f391f64fa5ba05348b732dd2e3450fb0540b6595e,file1.sheet1:R5,,,
6a2040adc77cf659-file1.sheet1-R5,2026-02-09,daejeon-seo,기성동장,흑석한우마을,자생단체 간담회(적십자봉사회),350000,6a2040adc77cf65953c019b8f9bcfbf400d41c7943da3cfa6e29b13d41504f4c,file1.sheet1:R5,,,
6a2040adc77cf659-file1.sheet1-R6,2026-02-10,daejeon-seo,기성동장,흑석한우마을,기성동 우리 동네 소통 투어 간담회,497000,6a2040adc77cf65953c019b8f9bcfbf400d41c7943da3cfa6e29b13d41504f4c,file1.sheet1:R6,,,
6a2040adc77cf659-file1.sheet1-R7,2026-02-25,daejeon-seo,기성동장,흑석한우마을,자생단체 간담회(기성노인회),425000,6a2040adc77cf65953c019b8f9bcfbf400d41c7943da3cfa6e29b13d41504f4c,file1.sheet1:R7,,,
6a2040adc77cf659-file1.sheet1-R8,2026-02-26,daejeon-seo,기성동장,파리바케뜨정림점,용촌동 247-4번지 화재 폐기물 처리 현장 간식 지원,59400,6a2040adc77cf65953c019b8f9bcfbf400d41c7943da3cfa6e29b13d41504f4c,file1.sheet1:R8,,,
6a2040adc77cf659-file1.sheet1-R9,2026-02-26,daejeon-seo,기성동장,오복슈퍼,용촌동 247-4번지 화재 폐기물 처리 현장 음료수 지원,60000,6a2040adc77cf65953c019b8f9bcfbf400d41c7943da3cfa6e29b13d41504f4c,file1.sheet1:R9,,,
6a2040adc77cf659-file1.sheet1-R10,2026-04-08,daejeon-seo,기성동장,흑석순대,자생단체 간담회(새마을부녀회),326000,6a2040adc77cf65953c019b8f9bcfbf400d41c7943da3cfa6e29b13d41504f4c,file1.sheet1:R10,,,
6a2040adc77cf659-file1.sheet1-R11,2026-06-25,daejeon-seo,기성동장,우명동전통떡마을,주민자치회 야유회 다과비 지원,165000,6a2040adc77cf65953c019b8f9bcfbf400d41c7943da3cfa6e29b13d41504f4c,file1.sheet1:R11,,,
6a2040adc77cf659-file1.sheet2-R5,2026-02-24,daejeon-seo,기성동,반찬 장태산농장,직원 송별 간담회,36000,6a2040adc77cf65953c019b8f9bcfbf400d41c7943da3cfa6e29b13d41504f4c,file1.sheet2:R5,,,
6a2040adc77cf659-file1.sheet2-R6,2026-04-29,daejeon-seo,기성동,기성농업협동조합,직원 간담회,72680,6a2040adc77cf65953c019b8f9bcfbf400d41c7943da3cfa6e29b13d41504f4c,file1.sheet2:R6,,,
6a2040adc77cf659-file1.sheet3-R5,2026-06-09,daejeon-seo,기성동,교보문고,생일자 문화상품권(1~6월 생일자),210000,6a2040adc77cf65953c019b8f9bcfbf400d41c7943da3cfa6e29b13d41504f4c,file1.sheet3:R5,,,
8fbc1fff35b3f50f-file1.sheet1-R5,2026-04-29,daejeon-seo,탄방동장,대통령정육식당,선거업무 추진 소속직원 격려,80000,8fbc1fff35b3f50fde1b08e13fcd8dcec0f456c8721a028969b883b9fd788670,file1.sheet1:R5,,,
8fbc1fff35b3f50f-file1.sheet1-R6,2026-06-04,daejeon-seo,탄방동장,남선당,소속직원 격려,120000,8fbc1fff35b3f50fde1b08e13fcd8dcec0f456c8721a028969b883b9fd788670,file1.sheet1:R6,,,
8fbc1fff35b3f50f-file1.sheet1-R7,2026-06-12,daejeon-seo,탄방동장,"유정농산, 떡미당",방위협의회 회원 간담회,97000,8fbc1fff35b3f50fde1b08e13fcd8dcec0f456c8721a028969b883b9fd788670,file1.sheet1:R7,,,
8fbc1fff35b3f50f-file1.sheet1-R8,2026-06-15,daejeon-seo,탄방동장,진수성찬,여성자율방범대 회원 격려,219000,8fbc1fff35b3f50fde1b08e13fcd8dcec0f456c8721a028969b883b9fd788670,file1.sheet1:R8,,,
8fbc1fff35b3f50f-file1.sheet1-R9,2026-06-18,daejeon-seo,탄방동장,진수성찬,통장심의위원회 간담회,84000,8fbc1fff35b3f50fde1b08e13fcd8dcec0f456c8721a028969b883b9fd788670,file1.sheet1:R9,,,
8fbc1fff35b3f50f-file1.sheet1-R10,2026-06-30,daejeon-seo,탄방동장,청해어가,소속직원 격려,115000,8fbc1fff35b3f50fde1b08e13fcd8dcec0f456c8721a028969b883b9fd788670,file1.sheet1:R10,,,
8fbc1fff35b3f50f-file1.sheet2-R5,2026-05-21,daejeon-seo,탄방동장,아메리칸 치즈버거,소속직원 화합,197200,8fbc1fff35b3f50fde1b08e13fcd8dcec0f456c8721a028969b883b9fd788670,file1.sheet2:R5,,,
8fbc1fff35b3f50f-file1.sheet2-R6,2026-06-16,daejeon-seo,탄방동장,㈜고메코리아,소속직원 격려,445700,8fbc1fff35b3f50fde1b08e13fcd8dcec0f456c8721a028969b883b9fd788670,file1.sheet2:R6,,,
59cb156f82826d52-file1.sheet1-R5,2026-02-05,daejeon-seo,탄방동장,우체국쇼핑,2026년 설명절 직원 격려품,397500,59cb156f82826d52bb651550e587e60d0e8c694dde8db34825021aa4b8907e59,file1.sheet1:R5,,,
59cb156f82826d52-file1.sheet1-R6,2026-02-06,daejeon-seo,탄방동장,카페 윤,소속직원 격려,38100,59cb156f82826d52bb651550e587e60d0e8c694dde8db34825021aa4b8907e59,file1.sheet1:R6,,,
59cb156f82826d52-file1.sheet1-R7,2026-02-10,daejeon-seo,탄방동장,쿠팡㈜,주민대화방 내방객 음료 구입,90610,59cb156f82826d52bb651550e587e60d0e8c694dde8db34825021aa4b8907e59,file1.sheet1:R7,,,
59cb156f82826d52-file1.sheet1-R8,2026-03-03,daejeon-seo,탄방동장,개인(성명 비공개),소속직원 부의금,50000,59cb156f82826d52bb651550e587e60d0e8c694dde8db34825021aa4b8907e59,file1.sheet1:R8,,,
59cb156f82826d52-file1.sheet1-R9,2026-03-06,daejeon-seo,탄방동장,투썸플레이스 대전문정로점,소속직원 격려,51600,59cb156f82826d52bb651550e587e60d0e8c694dde8db34825021aa4b8907e59,file1.sheet1:R9,,,
59cb156f82826d52-file1.sheet1-R10,2026-03-12,daejeon-seo,탄방동장,유성할매국수 탄방점,바르게살기 위원회 회원 격려,153000,59cb156f82826d52bb651550e587e60d0e8c694dde8db34825021aa4b8907e59,file1.sheet1:R10,,,
59cb156f82826d52-file1.sheet1-R11,2026-03-13,daejeon-seo,탄방동장,대통령정육식당,새마을문고 회원 격려,180000,59cb156f82826d52bb651550e587e60d0e8c694dde8db34825021aa4b8907e59,file1.sheet1:R11,,,
59cb156f82826d52-file1.sheet1-R12,2026-03-16,daejeon-seo,탄방동장,맥도날드대전가장DT점,복지만두레 회원 간담회,75000,59cb156f82826d52bb651550e587e60d0e8c694dde8db34825021aa4b8907e59,file1.sheet1:R12,,,
59cb156f82826d52-file1.sheet1-R13,2026-03-24,daejeon-seo,탄방동장,로투스Lotus청,통장협의회 통장 간담회,108000,59cb156f82826d52bb651550e587e60d0e8c694dde8db34825021aa4b8907e59,file1.sheet1:R13,,,
59cb156f82826d52-file1.sheet1-R14,2026-03-30,daejeon-seo,탄방동장,쿠팡㈜,주민대화방 내방객 음료 구입,108900,59cb156f82826d52bb651550e587e60d0e8c694dde8db34825021aa4b8907e59,file1.sheet1:R14,,,
59cb156f82826d52-file1.sheet1-R15,2026-03-30,daejeon-seo,탄방동장,매드포갈릭 대전둔산점,소속직원 격려,150000,59cb156f82826d52bb651550e587e60d0e8c694dde8db34825021aa4b8907e59,file1.sheet1:R15,,,
59cb156f82826d52-file1.sheet1-R16,2026-03-30,daejeon-seo,탄방동장,회자,소속직원 격려(민원실 직원),60000,59cb156f82826d52bb651550e587e60d0e8c694dde8db34825021aa4b8907e59,file1.sheet1:R16,,,
59cb156f82826d52-file1.sheet2-R5,2026-03-11,daejeon-seo,탄방동장,쿠팡㈜,직원커피 구입,51470,59cb156f82826d52bb651550e587e60d0e8c694dde8db34825021aa4b8907e59,file1.sheet2:R5,,,
362edd9f67524024-file1.sheet1-R5,2026-06-24,daejeon-seo,도서관운영과,"손수차림(신갈마로), 디에떼(신갈마로)",도서관운영위원회 개최,349600,362edd9f67524024f887a04bdd32249c1580b6fdde9b475725cc12992f323eda,file1.sheet1:R5,,,
e07617bedfb221a8-file1.sheet1-R5,2026-06-08,daejeon-seo,내동,명성식당,기관운영업무추진비(통장협의회 임원과의 간담회),60000,e07617bedfb221a837f43935b6d4407c8e99195a8ea49064f3ed638e073691ed,file1.sheet1:R5,,,
e07617bedfb221a8-file1.sheet1-R6,2026-06-09,daejeon-seo,내동,갈마고깃간,기관운영업무추진비(새마을지도자협의회와의 간담회),184000,e07617bedfb221a837f43935b6d4407c8e99195a8ea49064f3ed638e073691ed,file1.sheet1:R6,,,
e07617bedfb221a8-file1.sheet1-R7,2026-06-10,daejeon-seo,내동,옛시루떡방,기관운영업무추진비(직원격려),160000,e07617bedfb221a837f43935b6d4407c8e99195a8ea49064f3ed638e073691ed,file1.sheet1:R7,,,
e07617bedfb221a8-file1.sheet1-R8,2026-06-19,daejeon-seo,내동,옛시루떡방,기관운영업무추진비(직원격려),100000,e07617bedfb221a837f43935b6d4407c8e99195a8ea49064f3ed638e073691ed,file1.sheet1:R8,,,
e07617bedfb221a8-file1.sheet1-R9,2026-06-23,daejeon-seo,내동,손수차림,기관운영업무추진비(내동 자생단체장과의 오찬 간담회),800000,e07617bedfb221a837f43935b6d4407c8e99195a8ea49064f3ed638e073691ed,file1.sheet1:R9,,,
e07617bedfb221a8-file1.sheet1-R10,2026-06-24,daejeon-seo,내동,교보문고 둔산점,정원가산업무추진비(6월 생일직원 문화상품권 구입),80000,e07617bedfb221a837f43935b6d4407c8e99195a8ea49064f3ed638e073691ed,file1.sheet1:R10,,,
e07617bedfb221a8-file1.sheet1-R11,2026-06-25,daejeon-seo,내동,총체보리한우타운,부서운영업무추진비(직원회식),700000,e07617bedfb221a837f43935b6d4407c8e99195a8ea49064f3ed638e073691ed,file1.sheet1:R11,,,
b872e1ea79307532-file1.sheet1-R5,2026-06-26,daejeon-seo,자원순환과장,어식백세 둔산점(둔산로123번길 15),직원점심,225000,b872e1ea79307532516b8deb37cf211ac47928baabba967217237a0fc59ebd14,file1.sheet1:R5,,,
ba9492b7026a751a-file1.sheet1-R5,2026-06-17,daejeon-seo,주민복지국장,생어거스틴,어린이집연합회 서구지회 간담회,202000,ba9492b7026a751ade37951ed3e65f564a8d4fc0dc2646f6d974444294c44517,file1.sheet1:R5,,,
ba9492b7026a751a-file1.sheet1-R6,2026-06-19,daejeon-seo,주민복지국장,수복삼계탕,제6기 지역사회보장계획 수립을 위한 간담회,68000,ba9492b7026a751ade37951ed3e65f564a8d4fc0dc2646f6d974444294c44517,file1.sheet1:R6,,,
ba9492b7026a751a-file1.sheet1-R7,2026-06-25,daejeon-seo,주민복지국장,시라스시,소비자식품위생감시원과의 간담회,167000,ba9492b7026a751ade37951ed3e65f564a8d4fc0dc2646f6d974444294c44517,file1.sheet1:R7,,,
ba9492b7026a751a-file1.sheet1-R8,2026-06-29,daejeon-seo,주민복지국장,유가네숯불갈비,보훈단체 관계자 및 보훈단체 활성화 유공 수상자와의 간담회,680000,ba9492b7026a751ade37951ed3e65f564a8d4fc0dc2646f6d974444294c44517,file1.sheet1:R8,,,
ba9492b7026a751a-file1.sheet2-R5,2026-06-11,daejeon-seo,주민복지국장,-,소속직원 축의금,50000,ba9492b7026a751ade37951ed3e65f564a8d4fc0dc2646f6d974444294c44517,file1.sheet2:R5,,,
ba9492b7026a751a-file1.sheet2-R6,2026-06-30,daejeon-seo,주민복지국장,-,소속직원 축의금,50000,ba9492b7026a751ade37951ed3e65f564a8d4fc0dc2646f6d974444294c44517,file1.sheet2:R6,,,
b01149f75e435d0c-file1.sheet1-R5,2026-04-17,daejeon-seo,건설과,생태명가,하수관로 정비 유지관리 공사 관련 추진기관협의,150000,b01149f75e435d0c81eff75e6c4f218bb3c2560b5a888e5ca23750e4e2848be9,file1.sheet1:R5,,,
b01149f75e435d0c-file2.sheet1-R5,2026-06-26,daejeon-seo,건설과,정원,재해위험개선지구 정비사업 업무 추진 관련 실무자 회의,240000,b01149f75e435d0c81eff75e6c4f218bb3c2560b5a888e5ca23750e4e2848be9,file2.sheet1:R5,,,
c9a7eca8780e6e13-file1.sheet1-R5,2026-04-02,daejeon-seo,만년동,백제호(만년남로3번길 60),통장협의회 간담회,200000,c9a7eca8780e6e13f7810f5d44b29e138c41b0d6b6f40d1af94f064a17efe718,file1.sheet1:R5,,,
c9a7eca8780e6e13-file1.sheet1-R6,2026-04-06,daejeon-seo,만년동,맛있으면돼지(만년로12번길 43),새마을부녀회 임원진 간담회,70000,c9a7eca8780e6e13f7810f5d44b29e138c41b0d6b6f40d1af94f064a17efe718,file1.sheet1:R6,,,
c9a7eca8780e6e13-file1.sheet1-R7,2026-05-14,daejeon-seo,만년동,만년왕족발(만년남로3번길 42),소속직원 격려,326000,c9a7eca8780e6e13f7810f5d44b29e138c41b0d6b6f40d1af94f064a17efe718,file1.sheet1:R7,,,
c9a7eca8780e6e13-file1.sheet1-R8,2026-05-27,daejeon-seo,만년동,계인기(둔산대로117번길 95),소속직원 격려,240000,c9a7eca8780e6e13f7810f5d44b29e138c41b0d6b6f40d1af94f064a17efe718,file1.sheet1:R8,,,
c9a7eca8780e6e13-file1.sheet1-R9,2026-06-09,daejeon-seo,만년동,온약국(대덕대로 396),내방객 다과,40000,c9a7eca8780e6e13f7810f5d44b29e138c41b0d6b6f40d1af94f064a17efe718,file1.sheet1:R9,,,
c9a7eca8780e6e13-file1.sheet1-R10,2026-06-25,daejeon-seo,만년동,예담민물장어(만년남로3번길 43),경로당협의회 간담회,240000,c9a7eca8780e6e13f7810f5d44b29e138c41b0d6b6f40d1af94f064a17efe718,file1.sheet1:R10,,,
c9a7eca8780e6e13-file1.sheet2-R6,2026-06-23,daejeon-seo,만년동,장수농장(둔산중로32번길 25),직원 사기진작 및 화합,600000,c9a7eca8780e6e13f7810f5d44b29e138c41b0d6b6f40d1af94f064a17efe718,file1.sheet2:R6,,,
11a1c2acf6a1f34b-file1.sheet1-R5,2026-06-17,daejeon-seo,보건행정과,성심당 DCC점,26년 지역사회 간호사 역량강화교육 및 소요경비,72000,11a1c2acf6a1f34bd2ab444b4a11bf4c3fbb36c89864e1134ddefc0282c5f31f,file1.sheet1:R5,,,
11a1c2acf6a1f34b-file1.sheet2-R5,2026-06-17,daejeon-seo,보건행정과,구르메,소속직원 격려,425000,11a1c2acf6a1f34bd2ab444b4a11bf4c3fbb36c89864e1134ddefc0282c5f31f,file1.sheet2:R5,,,
11a1c2acf6a1f34b-file1.sheet4-R5,2026-06-17,daejeon-seo,보건행정과,이마트 둔산점,"2026년 7, 8월 생일 직원 상품권 구입",500000,11a1c2acf6a1f34bd2ab444b4a11bf4c3fbb36c89864e1134ddefc0282c5f31f,file1.sheet4:R5,,,
24ef7455a434ca85-file1.sheet1-R5,2026-02-03,daejeon-seo,괴정동장,이가냉면곰탕,여성자율방범대 간담회,206000,24ef7455a434ca85b5cf42349cbaea59654cea303bda980e7c9c2631baa65029,file1.sheet1:R5,,,
24ef7455a434ca85-file1.sheet1-R6,2026-02-06,daejeon-seo,괴정동장,괴정동행정복지센터,직원 설 명절 격려품 구입,547680,24ef7455a434ca85b5cf42349cbaea59654cea303bda980e7c9c2631baa65029,file1.sheet1:R6,,,
24ef7455a434ca85-file1.sheet1-R7,2026-02-06,daejeon-seo,괴정동장,여러분의행복한밥상,직원 송환영회,600000,24ef7455a434ca85b5cf42349cbaea59654cea303bda980e7c9c2631baa65029,file1.sheet1:R7,,,
24ef7455a434ca85-file1.sheet1-R8,2026-02-12,daejeon-seo,괴정동장,도솔로커피,자생단체장 차담회,81000,24ef7455a434ca85b5cf42349cbaea59654cea303bda980e7c9c2631baa65029,file1.sheet1:R8,,,
24ef7455a434ca85-file1.sheet1-R9,2026-02-20,daejeon-seo,괴정동장,명옥헌삼대진곰탕,지역사회보장협의체 간담회,130000,24ef7455a434ca85b5cf42349cbaea59654cea303bda980e7c9c2631baa65029,file1.sheet1:R9,,,
24ef7455a434ca85-file1.sheet1-R10,2026-02-24,daejeon-seo,괴정동장,양현담,자원봉사회 간담회,200000,24ef7455a434ca85b5cf42349cbaea59654cea303bda980e7c9c2631baa65029,file1.sheet1:R10,,,
24ef7455a434ca85-file1.sheet1-R11,2026-02-25,daejeon-seo,괴정동장,부뚜막두부마을,복지만두레 간담회,144000,24ef7455a434ca85b5cf42349cbaea59654cea303bda980e7c9c2631baa65029,file1.sheet1:R11,,,
24ef7455a434ca85-file1.sheet1-R12,2026-03-05,daejeon-seo,괴정동장,괴정동행정복지센터,내방객 차재료 구입,133530,24ef7455a434ca85b5cf42349cbaea59654cea303bda980e7c9c2631baa65029,file1.sheet1:R12,,,
24ef7455a434ca85-file1.sheet1-R13,2026-03-09,daejeon-seo,괴정동장,한민식당,통장협의회 임원진 간담회,210000,24ef7455a434ca85b5cf42349cbaea59654cea303bda980e7c9c2631baa65029,file1.sheet1:R13,,,
24ef7455a434ca85-file1.sheet1-R14,2026-03-19,daejeon-seo,괴정동장,부뚜막두부마을,새마을문고 간담회,168000,24ef7455a434ca85b5cf42349cbaea59654cea303bda980e7c9c2631baa65029,file1.sheet1:R14,,,
24ef7455a434ca85-file1.sheet1-R15,2026-03-23,daejeon-seo,괴정동장,해자네가자,백운초등학교 간담회,150000,24ef7455a434ca85b5cf42349cbaea59654cea303bda980e7c9c2631baa65029,file1.sheet1:R15,,,
24ef7455a434ca85-file1.sheet1-R16,2026-05-07,daejeon-seo,괴정동장,괴정동행정복지센터,내방객 차재료 구입,62020,24ef7455a434ca85b5cf42349cbaea59654cea303bda980e7c9c2631baa65029,file1.sheet1:R16,,,
24ef7455a434ca85-file1.sheet1-R17,2026-05-28,daejeon-seo,괴정동장,소나무풍경,소속 직원 격려,194000,24ef7455a434ca85b5cf42349cbaea59654cea303bda980e7c9c2631baa65029,file1.sheet1:R17,,,
24ef7455a434ca85-file1.sheet1-R18,2026-06-25,daejeon-seo,괴정동장,부뚜막두부마을,새마을부녀회 임원진 간담회,36000,24ef7455a434ca85b5cf42349cbaea59654cea303bda980e7c9c2631baa65029,file1.sheet1:R18,,,
9fd44e993554126c-file1.sheet1-R5,2026-02-09,daejeon-seo,정림동장,정림동행정복지센터,설 명절맞이 직원 선물 구입,610000,9fd44e993554126c1242a529852afcabb00cde9b39ce686aead836b6f83f69e4,file1.sheet1:R5,,,
9fd44e993554126c-file1.sheet1-R6,2026-03-09,daejeon-seo,정림동장,청주식당,새마을부녀회 간담회,68000,9fd44e993554126c1242a529852afcabb00cde9b39ce686aead836b6f83f69e4,file1.sheet1:R6,,,
9fd44e993554126c-file1.sheet1-R7,2026-03-13,daejeon-seo,정림동장,수밋들마을 문화카페,자생단체 임원 차담회,80500,9fd44e993554126c1242a529852afcabb00cde9b39ce686aead836b6f83f69e4,file1.sheet1:R7,,,
9fd44e993554126c-file1.sheet1-R8,2026-04-09,daejeon-seo,정림동장,송이네손수제비,적십자 봉사회 간담회,49000,9fd44e993554126c1242a529852afcabb00cde9b39ce686aead836b6f83f69e4,file1.sheet1:R8,,,
9fd44e993554126c-file1.sheet1-R9,2026-04-14,daejeon-seo,정림동장,아이스크림 팔아다이스,직원 간식 구입,27800,9fd44e993554126c1242a529852afcabb00cde9b39ce686aead836b6f83f69e4,file1.sheet1:R9,,,
9fd44e993554126c-file1.sheet1-R10,2026-04-18,daejeon-seo,정림동장,메종식당,복지만두레 격려,45000,9fd44e993554126c1242a529852afcabb00cde9b39ce686aead836b6f83f69e4,file1.sheet1:R10,,,
9fd44e993554126c-file1.sheet1-R11,2026-04-22,daejeon-seo,정림동장,스윗 클라우드9외 1,직원 간식 구입,194200,9fd44e993554126c1242a529852afcabb00cde9b39ce686aead836b6f83f69e4,file1.sheet1:R11,,,
9fd44e993554126c-file1.sheet1-R12,2026-04-27,daejeon-seo,정림동장,두레박,경로당협의회 간담회,55000,9fd44e993554126c1242a529852afcabb00cde9b39ce686aead836b6f83f69e4,file1.sheet1:R12,,,
9fd44e993554126c-file1.sheet1-R13,2026-05-12,daejeon-seo,정림동장,그옛날보리고개,주민자치회 임원 간담회,114000,9fd44e993554126c1242a529852afcabb00cde9b39ce686aead836b6f83f69e4,file1.sheet1:R13,,,
9fd44e993554126c-file1.sheet1-R14,2026-05-21,daejeon-seo,정림동장,황코봉,자생단체 임원 간담회,87000,9fd44e993554126c1242a529852afcabb00cde9b39ce686aead836b6f83f69e4,file1.sheet1:R14,,,
9fd44e993554126c-file1.sheet1-R15,2026-05-23,daejeon-seo,정림동장,투썸플레이스대전과학기술대점,직원 간식 구입,64800,9fd44e993554126c1242a529852afcabb00cde9b39ce686aead836b6f83f69e4,file1.sheet1:R15,,,
9fd44e993554126c-file1.sheet1-R16,2026-06-05,daejeon-seo,정림동장,노고단돌구이,직원 격려 식사,112000,9fd44e993554126c1242a529852afcabb00cde9b39ce686aead836b6f83f69e4,file1.sheet1:R16,,,
9fd44e993554126c-file1.sheet1-R17,2026-06-29,daejeon-seo,정림동장,효담촌앤에브리카페,통장협의회 임원 간담회,30000,9fd44e993554126c1242a529852afcabb00cde9b39ce686aead836b6f83f69e4,file1.sheet1:R17,,,
9fd44e993554126c-file1.sheet1-R18,2026-06-29,daejeon-seo,정림동장,두레박,주민자치회 임원 간담회,87000,9fd44e993554126c1242a529852afcabb00cde9b39ce686aead836b6f83f69e4,file1.sheet1:R18,,,
9fd44e993554126c-file1.sheet1-R19,2026-06-30,daejeon-seo,정림동장,그옛날보리고개,복지만두레 간담회,94000,9fd44e993554126c1242a529852afcabb00cde9b39ce686aead836b6f83f69e4,file1.sheet1:R19,,,
9fd44e993554126c-file1.sheet2-R5,2026-02-06,daejeon-seo,정림동장,노고단돌구이,인사발령에 따른 직원 송별회 및 환영회,391000,9fd44e993554126c1242a529852afcabb00cde9b39ce686aead836b6f83f69e4,file1.sheet2:R5,,,
9fd44e993554126c-file1.sheet2-R6,2026-02-10,daejeon-seo,정림동장,정림동행정복지센터,직원 간식구입,59760,9fd44e993554126c1242a529852afcabb00cde9b39ce686aead836b6f83f69e4,file1.sheet2:R6,,,
9fd44e993554126c-file1.sheet2-R7,2026-02-13,daejeon-seo,정림동장,정림동행정복지센터,직원 간식구입,86130,9fd44e993554126c1242a529852afcabb00cde9b39ce686aead836b6f83f69e4,file1.sheet2:R7,,,
9fd44e993554126c-file1.sheet2-R8,2026-02-25,daejeon-seo,정림동장,몬스터푸드,직원 간식구입,111200,9fd44e993554126c1242a529852afcabb00cde9b39ce686aead836b6f83f69e4,file1.sheet2:R8,,,
9fd44e993554126c-file1.sheet2-R9,2026-05-04,daejeon-seo,정림동장,(주)정림스토아 정림점,직원 간식구입,60660,9fd44e993554126c1242a529852afcabb00cde9b39ce686aead836b6f83f69e4,file1.sheet2:R9,,,
9fd44e993554126c-file1.sheet2-R10,2026-05-07,daejeon-seo,정림동장,무지개할인마트,직원 간식구입,28570,9fd44e993554126c1242a529852afcabb00cde9b39ce686aead836b6f83f69e4,file1.sheet2:R10,,,
9fd44e993554126c-file1.sheet2-R11,2026-06-22,daejeon-seo,정림동장,워낭명가,직원 화합,231960,9fd44e993554126c1242a529852afcabb00cde9b39ce686aead836b6f83f69e4,file1.sheet2:R11,,,
42ba8001fff2992c-file1.sheet2-R5,2026-06-29,daejeon-seo,지역경제과,우래정(도마동),도마큰시장 활성화 간담회,66000,42ba8001fff2992c79c41442fe994a3e24d6d3b0ac157bf08b15c3c153521afb,file1.sheet2:R5,,,
c55cc58034208392-file1.sheet1-R5,2026-06-16,daejeon-seo,갈마1동,길돈,자율방범대원들과의 간담회,400000,c55cc5803420839238d4ba209dbf38798ba635a265aa950018b0d3d1e8d768ff,file1.sheet1:R5,,,
c55cc58034208392-file1.sheet1-R6,2026-06-17,daejeon-seo,갈마1동,명태마을,주민자치회 위원들과의 간담회,200000,c55cc5803420839238d4ba209dbf38798ba635a265aa950018b0d3d1e8d768ff,file1.sheet1:R6,,,
c55cc58034208392-file1.sheet1-R7,2026-06-22,daejeon-seo,갈마1동,만년건강보리밥,통장협의회 워원들과의 간담회,36000,c55cc5803420839238d4ba209dbf38798ba635a265aa950018b0d3d1e8d768ff,file1.sheet1:R7,,,
c55cc58034208392-file1.sheet1-R8,2026-06-23,daejeon-seo,갈마1동,후지산,통장협의회 워원들과의 간담회,100000,c55cc5803420839238d4ba209dbf38798ba635a265aa950018b0d3d1e8d768ff,file1.sheet1:R8,,,
c55cc58034208392-file1.sheet1-R9,2026-06-23,daejeon-seo,갈마1동,길돈,새마을부녀회원들과의 간담회,249000,c55cc5803420839238d4ba209dbf38798ba635a265aa950018b0d3d1e8d768ff,file1.sheet1:R9,,,
e628dec311f01f71-file1.sheet1-R5,2026-06-01,daejeon-seo,건강증진과,대나무통밥맛정식(만년동),직원 회식,629000,e628dec311f01f716d2cc50a8ba7dc6872e653f20499c78c7b26d7f06eb1a115,file1.sheet1:R5,,,
e628dec311f01f71-file1.sheet1-R6,2026-06-01,daejeon-seo,건강증진과,명태마을 관저점(관저동),직원 회식,136000,e628dec311f01f716d2cc50a8ba7dc6872e653f20499c78c7b26d7f06eb1a115,file1.sheet1:R6,,,
4f9c41d7bccb66a8-file1.sheet1-R5,2026-06-19,daejeon-seo,도안동,미향일식,통장협의회 간담회,60000,4f9c41d7bccb66a8d2ae9f230f30d24a0e6085607a51579c2bc77c48e4b9df70,file1.sheet1:R5,,,
4f9c41d7bccb66a8-file1.sheet2-R5,2026-06-17,daejeon-seo,도안동,탄광맥주,직원격려,450000,4f9c41d7bccb66a8d2ae9f230f30d24a0e6085607a51579c2bc77c48e4b9df70,file1.sheet2:R5,,,
4f9c41d7bccb66a8-file1.sheet3-R5,2026-06-18,daejeon-seo,도안동,교보문고,7~9월 생일자 상품권,80000,4f9c41d7bccb66a8d2ae9f230f30d24a0e6085607a51579c2bc77c48e4b9df70,file1.sheet3:R5,,,
d4515bc041f3807c-file1.sheet1-R5,2026-06-10,daejeon-seo,세정과,맛찬들(둔산중로46번길 22),부서원 사기진작,583000,d4515bc041f3807c654f943ec94fedda3e1f9b52ac1d0bb4847ab2fc0f8c2e7a,file1.sheet1:R5,,,
d4515bc041f3807c-file1.sheet2-R5,2026-06-01,daejeon-seo,세정과,담라(둔산남로105번길 34),개별주택 관련 간담회,205000,d4515bc041f3807c654f943ec94fedda3e1f9b52ac1d0bb4847ab2fc0f8c2e7a,file1.sheet2:R5,,,
d4515bc041f3807c-file1.sheet2-R6,2026-06-24,daejeon-seo,세정과,우두령(둔산중로64번길 33),지방세 심의위원회 간담회,190000,d4515bc041f3807c654f943ec94fedda3e1f9b52ac1d0bb4847ab2fc0f8c2e7a,file1.sheet2:R6,,,
5d367142206aa4e9-file1.sheet1-R5,2026-06-22,daejeon-seo,위생과장,대선칼국수,모범업소 지역봉사의 날 참여업소 확대운영 논의 등,200000,5d367142206aa4e9919f403ce5a7ddb0650cee6f12f1f3c10a1328688d082181,file1.sheet1:R5,,,
5d367142206aa4e9-file1.sheet2-R5,2026-06-19,daejeon-seo,위생과장,비비큐 대전둔산점,직원 격려 간식 구입,92000,5d367142206aa4e9919f403ce5a7ddb0650cee6f12f1f3c10a1328688d082181,file1.sheet2:R5,,,
5d367142206aa4e9-file1.sheet2-R6,2026-06-29,daejeon-seo,위생과장,대선칼국수,직원 격려 등,279500,5d367142206aa4e9919f403ce5a7ddb0650cee6f12f1f3c10a1328688d082181,file1.sheet2:R6,,,
455db406ca7f1bc2-file1.sheet1-R5,2026-05-07,daejeon-seo,재난안전과,종가집,공습대비 민방위 훈련 간담회,276000,455db406ca7f1bc2e04dd972001d980a9c6dfc1389d629cfb691100f266b8d96,file1.sheet1:R5,,,
455db406ca7f1bc2-file1.sheet1-R6,2026-05-11,daejeon-seo,재난안전과,본테이블,어린이 안전 종합계획 추진을 위한 부서 간담회,111000,455db406ca7f1bc2e04dd972001d980a9c6dfc1389d629cfb691100f266b8d96,file1.sheet1:R6,,,
455db406ca7f1bc2-file1.sheet1-R7,2026-05-19,daejeon-seo,재난안전과,금평식당,여름철 자연재난 대비 종합점검을 위한 간담회,107000,455db406ca7f1bc2e04dd972001d980a9c6dfc1389d629cfb691100f266b8d96,file1.sheet1:R7,,,
455db406ca7f1bc2-file1.sheet1-R8,2026-05-21,daejeon-seo,재난안전과,미나리삼겹살,정림N1지구 붕괴위험지역 정비사업 추진을 위한 간담회,111000,455db406ca7f1bc2e04dd972001d980a9c6dfc1389d629cfb691100f266b8d96,file1.sheet1:R8,,,
455db406ca7f1bc2-file1.sheet1-R9,2026-06-05,daejeon-seo,재난안전과,장안동학식당,지방하천내 공공시설물 현장점검 및 간담회,130000,455db406ca7f1bc2e04dd972001d980a9c6dfc1389d629cfb691100f266b8d96,file1.sheet1:R9,,,
455db406ca7f1bc2-file1.sheet1-R10,2026-06-12,daejeon-seo,재난안전과,장수농장,시설물 붕괴사고 예방을 위한 관계자 간담회,230000,455db406ca7f1bc2e04dd972001d980a9c6dfc1389d629cfb691100f266b8d96,file1.sheet1:R10,,,
455db406ca7f1bc2-file1.sheet1-R11,2026-06-22,daejeon-seo,재난안전과,주상유황족,재난안전상황실 운영 실태 점검 간담회,150000,455db406ca7f1bc2e04dd972001d980a9c6dfc1389d629cfb691100f266b8d96,file1.sheet1:R11,,,
455db406ca7f1bc2-file1.sheet3-R5,2026-05-13,daejeon-seo,재난안전과,안전건설국 직원,안전건설국 직원 경조사,100000,455db406ca7f1bc2e04dd972001d980a9c6dfc1389d629cfb691100f266b8d96,file1.sheet3:R5,,,
455db406ca7f1bc2-file1.sheet3-R6,2026-05-19,daejeon-seo,재난안전과,안전건설국 직원,안전건설국 직원 경조사,50000,455db406ca7f1bc2e04dd972001d980a9c6dfc1389d629cfb691100f266b8d96,file1.sheet3:R6,,,
455db406ca7f1bc2-file1.sheet3-R7,2026-06-04,daejeon-seo,재난안전과,안전건설국 직원,안전건설국 직원 경조사,50000,455db406ca7f1bc2e04dd972001d980a9c6dfc1389d629cfb691100f266b8d96,file1.sheet3:R7,,,
455db406ca7f1bc2-file1.sheet3-R8,2026-06-11,daejeon-seo,재난안전과,안전건설국 직원,안전건설국 직원 경조사,50000,455db406ca7f1bc2e04dd972001d980a9c6dfc1389d629cfb691100f266b8d96,file1.sheet3:R8,,,
455db406ca7f1bc2-file1.sheet3-R9,2026-06-17,daejeon-seo,재난안전과,안전건설국 직원,안전건설국 직원 경조사,50000,455db406ca7f1bc2e04dd972001d980a9c6dfc1389d629cfb691100f266b8d96,file1.sheet3:R9,,,
455db406ca7f1bc2-file1.sheet3-R10,2026-06-29,daejeon-seo,재난안전과,안전건설국 직원,안전건설국 직원 경조사,50000,455db406ca7f1bc2e04dd972001d980a9c6dfc1389d629cfb691100f266b8d96,file1.sheet3:R10,,,
432aafb592a8561f-file1.sheet1-R5,2026-04-10,daejeon-seo,갈마2동,-,직원 결혼 축하,50000,432aafb592a8561fba89923e79461ca49389807555050d173bc9b6e73884f02f,file1.sheet1:R5,,,
432aafb592a8561f-file1.sheet1-R6,2026-04-28,daejeon-seo,갈마2동,신라복집,지역사회보장협의체 간담회 참석자 식사,138000,432aafb592a8561fba89923e79461ca49389807555050d173bc9b6e73884f02f,file1.sheet1:R6,,,
432aafb592a8561f-file1.sheet1-R7,2026-05-15,daejeon-seo,갈마2동,피자나라치킨공주 대전갈마점,직원 격려,140600,432aafb592a8561fba89923e79461ca49389807555050d173bc9b6e73884f02f,file1.sheet1:R7,,,
432aafb592a8561f-file1.sheet1-R8,2026-06-09,daejeon-seo,갈마2동,복호두 대전 둔산점,통장협의회 간담회 참석자 다과,219500,432aafb592a8561fba89923e79461ca49389807555050d173bc9b6e73884f02f,file1.sheet1:R8,,,
432aafb592a8561f-file1.sheet1-R9,2026-06-29,daejeon-seo,갈마2동,파리바게뜨 경성갈마점,직원 격려,107100,432aafb592a8561fba89923e79461ca49389807555050d173bc9b6e73884f02f,file1.sheet1:R9,,,
14ca1dae5be28251-file1.sheet2-R5,2026-06-05,daejeon-seo,둔산2동장,도미노피자,직원 격려 간식 구입,250100,14ca1dae5be28251a67d3115ada3e39a714a006ce1b27872455c004ab6e38547,file1.sheet2:R5,,,
c95f716797e2b559-file1.sheet1-R5,2026-05-18,daejeon-seo,관저2동,만나한우복수집,소속 직원 격려,107000,c95f716797e2b559f9c8e2fe0084262cca8df2c051643d74407d363b88401a94,file1.sheet1:R5,,,
c95f716797e2b559-file1.sheet1-R6,2026-06-04,daejeon-seo,관저2동,라도무스 웨딩홀,소속 상근직원 결혼 축의금,50000,c95f716797e2b559f9c8e2fe0084262cca8df2c051643d74407d363b88401a94,file1.sheet1:R6,,,
c95f716797e2b559-file1.sheet1-R7,2026-06-11,daejeon-seo,관저2동,벽돌곱창 관저점,새마을 부녀회 간담회,176000,c95f716797e2b559f9c8e2fe0084262cca8df2c051643d74407d363b88401a94,file1.sheet1:R7,,,
c95f716797e2b559-file1.sheet1-R8,2026-06-15,daejeon-seo,관저2동,명품제주흑돼지,자생단체협의회 간담회,152300,c95f716797e2b559f9c8e2fe0084262cca8df2c051643d74407d363b88401a94,file1.sheet1:R8,,,
c95f716797e2b559-file1.sheet1-R9,2026-06-24,daejeon-seo,관저2동,여유café,자원봉사회 간담회,73200,c95f716797e2b559f9c8e2fe0084262cca8df2c051643d74407d363b88401a94,file1.sheet1:R9,,,
c95f716797e2b559-file1.sheet1-R10,2026-06-29,daejeon-seo,관저2동,관저엄나무상계탕,자생단체장 협의회 간담회,160000,c95f716797e2b559f9c8e2fe0084262cca8df2c051643d74407d363b88401a94,file1.sheet1:R10,,,
624123eee4c5ab26-file1.sheet1-R6,2026-01-14,daejeon-seo,공동주택과,엑스포복아구(둔산동),송별회 및 직원 노고 격려 만찬,498000,624123eee4c5ab26289176b929f95133f1ca1d9d0ee761f95841c0856030f25c,file1.sheet1:R6,,,
624123eee4c5ab26-file1.sheet1-R7,2026-03-19,daejeon-seo,공동주택과,송가칼국수(둔산동),"송, 환영회 만찬",523000,624123eee4c5ab26289176b929f95133f1ca1d9d0ee761f95841c0856030f25c,file1.sheet1:R7,,,
624123eee4c5ab26-file2.sheet1-R5,2026-06-23,daejeon-seo,공동주택과,황토우렁쌈밥,공동주택 실태조사위원 오찬,180000,624123eee4c5ab26289176b929f95133f1ca1d9d0ee761f95841c0856030f25c,file2.sheet1:R5,,,
eb319819a68bd146-file1.sheet1-R5,2026-04-07,daejeon-seo,경제환경국장,길돈(갈마동),노루벌유아숲체험원 프로그램 운영과 관련 위탁운영기관 및 관계자 간담회,300000,eb319819a68bd146fe5274e530e3f3e346b32e7d726176f3eefeb94c5cdb9a3e,file1.sheet1:R5,,,
eb319819a68bd146-file1.sheet1-R6,2026-04-13,daejeon-seo,전략사업과장,정림일식(정림동),관내대학 RISE 사업 연계 협력사업 추진 간담회,180000,eb319819a68bd146fe5274e530e3f3e346b32e7d726176f3eefeb94c5cdb9a3e,file1.sheet1:R6,,,
eb319819a68bd146-file1.sheet1-R7,2026-04-15,daejeon-seo,경제환경국장,수복삼계탕(둔산동),2026년 무역사절단 수행기관 관계자 간담회,48000,eb319819a68bd146fe5274e530e3f3e346b32e7d726176f3eefeb94c5cdb9a3e,file1.sheet1:R7,,,
eb319819a68bd146-file1.sheet1-R8,2026-04-17,daejeon-seo,경제환경국장,사리원면옥(둔산동),서구 창업허브센터 네트워킹 데이 운영 추진 관련 관계자 간담회,330000,eb319819a68bd146fe5274e530e3f3e346b32e7d726176f3eefeb94c5cdb9a3e,file1.sheet1:R8,,,
eb319819a68bd146-file1.sheet1-R9,2026-04-20,daejeon-seo,경제환경국장,톳톳(둔산동),평촌산단 RE100 업무협약 관련 관계자 간담회,110500,eb319819a68bd146fe5274e530e3f3e346b32e7d726176f3eefeb94c5cdb9a3e,file1.sheet1:R9,,,
eb319819a68bd146-file1.sheet1-R10,2026-04-23,daejeon-seo,전략사업과장,마실(둔산동),고유가지원금 업무 유관기관 관계자 간담회,140000,eb319819a68bd146fe5274e530e3f3e346b32e7d726176f3eefeb94c5cdb9a3e,file1.sheet1:R10,,,
eb319819a68bd146-file1.sheet1-R11,2026-05-06,daejeon-seo,경제환경국장,우두령(둔산동),찾아가는 현장형 이동일자리 상담소 추진 유관기관 간담회,240000,eb319819a68bd146fe5274e530e3f3e346b32e7d726176f3eefeb94c5cdb9a3e,file1.sheet1:R11,,,
eb319819a68bd146-file1.sheet1-R12,2026-05-08,daejeon-seo,경제환경국장,"만년미역,카페T(만년동)",장마 대비 공중화장실 및 식생형 LID시설 관리 간담회,126000,eb319819a68bd146fe5274e530e3f3e346b32e7d726176f3eefeb94c5cdb9a3e,file1.sheet1:R12,,,
eb319819a68bd146-file1.sheet1-R13,2026-05-12,daejeon-seo,경제환경국장,봄날(도안동),창업허브센터 및 상생협력상가 간담회,325000,eb319819a68bd146fe5274e530e3f3e346b32e7d726176f3eefeb94c5cdb9a3e,file1.sheet1:R13,,,
eb319819a68bd146-file1.sheet1-R14,2026-05-13,daejeon-seo,경제환경국장,마실(둔산동),골목형상점가 상인회 간담회,375000,eb319819a68bd146fe5274e530e3f3e346b32e7d726176f3eefeb94c5cdb9a3e,file1.sheet1:R14,,,
eb319819a68bd146-file1.sheet1-R15,2026-05-22,daejeon-seo,경제환경국장,친절한장금씨(탄방동),지역산업맞춤형 일자리창출 수행기관 간담회,215000,eb319819a68bd146fe5274e530e3f3e346b32e7d726176f3eefeb94c5cdb9a3e,file1.sheet1:R15,,,
eb319819a68bd146-file1.sheet1-R16,2026-05-28,daejeon-seo,전략사업과장,마마전(둔산동),대전 청년내일가게 조성사업 공모 관련 청년창업 유관기관 간담회,210000,eb319819a68bd146fe5274e530e3f3e346b32e7d726176f3eefeb94c5cdb9a3e,file1.sheet1:R16,,,
eb319819a68bd146-file1.sheet1-R17,2026-06-04,daejeon-seo,경제환경국장,더돈하우스(둔산동),대전환경사업지방자치단체조합 관계자 업무협의 간담회,240000,eb319819a68bd146fe5274e530e3f3e346b32e7d726176f3eefeb94c5cdb9a3e,file1.sheet1:R17,,,
eb319819a68bd146-file1.sheet1-R18,2026-06-09,daejeon-seo,전략사업과장,"만년미역,카페T(만년동)",(예비)사회적기업 합동점검 추진을 위한 유관기관 업무협의 간담회,124000,eb319819a68bd146fe5274e530e3f3e346b32e7d726176f3eefeb94c5cdb9a3e,file1.sheet1:R18,,,
eb319819a68bd146-file1.sheet1-R19,2026-06-11,daejeon-seo,경제환경국장,워낭명가(둔산동),하반기 공공일자리사업 업무협의 간담회,65000,eb319819a68bd146fe5274e530e3f3e346b32e7d726176f3eefeb94c5cdb9a3e,file1.sheet1:R19,,,
eb319819a68bd146-file1.sheet1-R20,2026-06-29,daejeon-seo,경제환경국장,귀빈돌솥밥(만년동),전통시장 및 골목상권 할성화 방안 논의 간담회,480000,eb319819a68bd146fe5274e530e3f3e346b32e7d726176f3eefeb94c5cdb9a3e,file1.sheet1:R20,,,
eb319819a68bd146-file1.sheet2-R5,2026-06-08,daejeon-seo,전략사업과,경제환경국 소속 상근직원,자원순환과 직원 경조사,50000,eb319819a68bd146fe5274e530e3f3e346b32e7d726176f3eefeb94c5cdb9a3e,file1.sheet2:R5,,,
12c09a12739f5674-file1.sheet1-R5,2026-04-02,daejeon-seo,운영지원과,우두령,2026년 상반기 행복배움터 지원사업 운영관련 애로사항 및 개선사항 청취 간담회,100000,12c09a12739f5674ad2473bc9fcc4e96e50ea46a7da0353b3b195cf5e5566010,file1.sheet1:R5,,,
12c09a12739f5674-file1.sheet1-R6,2026-04-02,daejeon-seo,운영지원과,미혜한우,"중동상황 관련 비상경제대책 영상회의 후, 시-자치구 세부 대책 논의를 위한 간담회",281000,12c09a12739f5674ad2473bc9fcc4e96e50ea46a7da0353b3b195cf5e5566010,file1.sheet1:R6,,,
12c09a12739f5674-file1.sheet1-R7,2026-04-03,daejeon-seo,운영지원과,"둔산포횟집, 카페그리고빚다",2026년 전통시장 및 상점가 소비촉진 이벤트 지원사업 추진 사업계획 논의를 위한 간담회,61500,12c09a12739f5674ad2473bc9fcc4e96e50ea46a7da0353b3b195cf5e5566010,file1.sheet1:R7,,,
12c09a12739f5674-file1.sheet1-R8,2026-04-03,daejeon-seo,운영지원과,맛청,서구 인구정책 시행계획(안) 제안의견에 대한 추가 논의 간담회,272000,12c09a12739f5674ad2473bc9fcc4e96e50ea46a7da0353b3b195cf5e5566010,file1.sheet1:R8,,,
12c09a12739f5674-file1.sheet1-R9,2026-04-08,daejeon-seo,운영지원과,"제천황기명태, 파리바게트을지대학병원점",2025회계연도 결산검사 수검 관련 전년도 검토사항 및 결산검사 중점 추진방향 논의를 위한 간담회,198000,12c09a12739f5674ad2473bc9fcc4e96e50ea46a7da0353b3b195cf5e5566010,file1.sheet1:R9,,,
12c09a12739f5674-file1.sheet1-R10,2026-04-09,daejeon-seo,운영지원과,"월가, 이츠타임",지역거점 뎅기열 예방관리사업 실시 관련 지정병원 관계자 협조사항 논의 간담회,113500,12c09a12739f5674ad2473bc9fcc4e96e50ea46a7da0353b3b195cf5e5566010,file1.sheet1:R10,,,
12c09a12739f5674-file1.sheet1-R11,2026-04-10,daejeon-seo,운영지원과,"올갱이마을, 매머드커피",장애인의날 기념행사 추진 주관 기관과의 협조사항 논의 간담회,35400,12c09a12739f5674ad2473bc9fcc4e96e50ea46a7da0353b3b195cf5e5566010,file1.sheet1:R11,,,
12c09a12739f5674-file1.sheet1-R12,2026-04-10,daejeon-seo,운영지원과,대선칼국수,2026년 중소기업 무역사절단 파견 관련 사업방향 논의 간담회,128000,12c09a12739f5674ad2473bc9fcc4e96e50ea46a7da0353b3b195cf5e5566010,file1.sheet1:R12,,,
12c09a12739f5674-file1.sheet1-R13,2026-04-13,daejeon-seo,운영지원과,"유원옥, 투썸플레이스",장애인과 함께하는 '지역사회중심 재활프로그램' 운영 협조사항 논의 간담회,132700,12c09a12739f5674ad2473bc9fcc4e96e50ea46a7da0353b3b195cf5e5566010,file1.sheet1:R13,,,
12c09a12739f5674-file1.sheet1-R14,2026-04-14,daejeon-seo,운영지원과,"엑스포아구, 엔젤리너스",2026년 노루벌유아숲체험원 프로그램 운영 프로그램 추진방향 논의 간담회,220100,12c09a12739f5674ad2473bc9fcc4e96e50ea46a7da0353b3b195cf5e5566010,file1.sheet1:R14,,,
12c09a12739f5674-file1.sheet1-R15,2026-04-16,daejeon-seo,운영지원과,삼오식당,2026년도 노인·아동·장애인 등 주민 복지서비스 증대를 위한 협력사항 논의 간담회,391000,12c09a12739f5674ad2473bc9fcc4e96e50ea46a7da0353b3b195cf5e5566010,file1.sheet1:R15,,,
12c09a12739f5674-file1.sheet1-R16,2026-04-20,daejeon-seo,운영지원과,"상무초밥, 프랭크커핀바",헙스걸 AI교육 성과발표회 후 성과 세부사항 및 향후 추진방향 논의 간담회,181100,12c09a12739f5674ad2473bc9fcc4e96e50ea46a7da0353b3b195cf5e5566010,file1.sheet1:R16,,,
12c09a12739f5674-file1.sheet1-R17,2026-04-20,daejeon-seo,운영지원과,한수위,한국외식업중앙회 대전시의회 정기총회 후 외식업 발전방향 논의를 위한 관계자 간담회,72000,12c09a12739f5674ad2473bc9fcc4e96e50ea46a7da0353b3b195cf5e5566010,file1.sheet1:R17,,,
12c09a12739f5674-file1.sheet1-R18,2026-04-21,daejeon-seo,운영지원과,미향일식,송전선로 건설사업 입지 선정을 위한 논의 간담회,150000,12c09a12739f5674ad2473bc9fcc4e96e50ea46a7da0353b3b195cf5e5566010,file1.sheet1:R18,,,
12c09a12739f5674-file1.sheet1-R19,2026-04-22,daejeon-seo,운영지원과,"사리원면옥, 프랭크커핀바",재생에너지 사용 확대 및 2050 탄소중립 이행을 위한 평촌산단 RE100 협약관련 협력사항 논의 간담회,84000,12c09a12739f5674ad2473bc9fcc4e96e50ea46a7da0353b3b195cf5e5566010,file1.sheet1:R19,,,
12c09a12739f5674-file1.sheet1-R20,2026-04-23,daejeon-seo,운영지원과,"수복삼계탕, 피터커피",공공부문 에너지 효율화 개선 업무 협약 협조사항 논의 간담회,132200,12c09a12739f5674ad2473bc9fcc4e96e50ea46a7da0353b3b195cf5e5566010,file1.sheet1:R20,,,
12c09a12739f5674-file1.sheet1-R21,2026-04-27,daejeon-seo,운영지원과,"마마전, 투썸플레이스",대형건축공사장 집중 안전점검 추진을 위한 실태점검 협조사항 논의 간담회,176200,12c09a12739f5674ad2473bc9fcc4e96e50ea46a7da0353b3b195cf5e5566010,file1.sheet1:R21,,,
12c09a12739f5674-file1.sheet1-R22,2026-04-28,daejeon-seo,운영지원과,호수한우,ESG 실천캠페인 '희망의 나무를 심다' 현장 행사 후 협력사항 소통 간담회,98000,12c09a12739f5674ad2473bc9fcc4e96e50ea46a7da0353b3b195cf5e5566010,file1.sheet1:R22,,,
12c09a12739f5674-file1.sheet1-R23,2026-04-29,daejeon-seo,운영지원과,위모,재택의료센터-통합돌봄 방문진료 협력 세부 연계방안 논의 간담회,76000,12c09a12739f5674ad2473bc9fcc4e96e50ea46a7da0353b3b195cf5e5566010,file1.sheet1:R23,,,
12c09a12739f5674-file1.sheet1-R24,2026-04-30,daejeon-seo,운영지원과,장애인협회,산사태 대응 주민대피 훈련 참석 유관기관 관계자 음료 구입,60000,12c09a12739f5674ad2473bc9fcc4e96e50ea46a7da0353b3b195cf5e5566010,file1.sheet1:R24,,,
12c09a12739f5674-file1.sheet1-R25,2026-04-30,daejeon-seo,운영지원과,"송이네손수제비, 수밋들마을문화카페",정림자연재해위험개선지구 현장방문 후 관계자와 진행상황 및 개선사항 논의 간담회,116500,12c09a12739f5674ad2473bc9fcc4e96e50ea46a7da0353b3b195cf5e5566010,file1.sheet1:R25,,,
12c09a12739f5674-file1.sheet1-R26,2026-05-04,daejeon-seo,운영지원과,"마마전, 투썸플레이스",청년내일가게 조성사업 운영 협조·애로사항 논의 간담회,163200,12c09a12739f5674ad2473bc9fcc4e96e50ea46a7da0353b3b195cf5e5566010,file1.sheet1:R26,,,
12c09a12739f5674-file1.sheet1-R27,2026-05-06,daejeon-seo,운영지원과,"담라, 스타벅스",마음이음 동아리 지원사업 본격 추진을 위한 활동방향 논의 간담회,90600,12c09a12739f5674ad2473bc9fcc4e96e50ea46a7da0353b3b195cf5e5566010,file1.sheet1:R27,,,
12c09a12739f5674-file1.sheet1-R28,2026-05-07,daejeon-seo,운영지원과,"바다양푼이동태탕삼겹살, 컴포즈커피",제54회 어버이날 기념행사 진행 협조사항 논의 간담회,86600,12c09a12739f5674ad2473bc9fcc4e96e50ea46a7da0353b3b195cf5e5566010,file1.sheet1:R28,,,
12c09a12739f5674-file1.sheet1-R29,2026-05-08,daejeon-seo,운영지원과,정원,목재친화도시 조성 목재문화체험장 건립을 위한 공원 조성계획 논의 간담회,280000,12c09a12739f5674ad2473bc9fcc4e96e50ea46a7da0353b3b195cf5e5566010,file1.sheet1:R29,,,
12c09a12739f5674-file1.sheet1-R30,2026-05-11,daejeon-seo,운영지원과,라온채,기후위기 대응을 위한 도시숲 조성사업 추진 설계용역 논의 간담회,140000,12c09a12739f5674ad2473bc9fcc4e96e50ea46a7da0353b3b195cf5e5566010,file1.sheet1:R30,,,
12c09a12739f5674-file1.sheet1-R31,2026-05-11,daejeon-seo,운영지원과,옛골도성,여름철 수상 안전관리 사전 합동 실태점검 추진방향 논의 감담회,480000,12c09a12739f5674ad2473bc9fcc4e96e50ea46a7da0353b3b195cf5e5566010,file1.sheet1:R31,,,
12c09a12739f5674-file1.sheet1-R32,2026-05-12,daejeon-seo,운영지원과,옛골도성,도안동 여성친화 행복마을 조성사업 완료 현장 방문 및 서포터즈 등 관계자와의 제안사항 논의 간담회,176000,12c09a12739f5674ad2473bc9fcc4e96e50ea46a7da0353b3b195cf5e5566010,file1.sheet1:R32,,,
12c09a12739f5674-file1.sheet1-R33,2026-05-13,daejeon-seo,운영지원과,"진칼국수, 도마실사회적협동조합",2026년 집중안전점검 현장방문 및 애로사항 청취 간담회,87500,12c09a12739f5674ad2473bc9fcc4e96e50ea46a7da0353b3b195cf5e5566010,file1.sheet1:R33,,,
12c09a12739f5674-file1.sheet1-R34,2026-05-14,daejeon-seo,운영지원과,"보끄미, 매머드익스프레스",백운초 통학로 개선사업 준공 관련 안전 협조사항 공유 간담회,111600,12c09a12739f5674ad2473bc9fcc4e96e50ea46a7da0353b3b195cf5e5566010,file1.sheet1:R34,,,
12c09a12739f5674-file1.sheet1-R35,2026-05-18,daejeon-seo,운영지원과,"제천황기명태, 파리파게트",장애인 신규서비스 개발 공모사업 업무협약을 위한 상호 협력방향 논의 간담회,70500,12c09a12739f5674ad2473bc9fcc4e96e50ea46a7da0353b3b195cf5e5566010,file1.sheet1:R35,,,
12c09a12739f5674-file1.sheet1-R36,2026-05-19,daejeon-seo,운영지원과,"길래, 스트리트138",산사태 취약지역 현장점검을 위한 유관기관 협력방향 논의 간담회,90000,12c09a12739f5674ad2473bc9fcc4e96e50ea46a7da0353b3b195cf5e5566010,file1.sheet1:R36,,,
12c09a12739f5674-file1.sheet1-R37,2026-05-21,daejeon-seo,운영지원과,"만년미역, 카페 티",자녀안심 그린숲 조성사업의 원활하고 안전한 추진을 위한 협조사항 공유 간담회,104000,12c09a12739f5674ad2473bc9fcc4e96e50ea46a7da0353b3b195cf5e5566010,file1.sheet1:R37,,,
12c09a12739f5674-file1.sheet1-R38,2026-05-22,daejeon-seo,운영지원과,"풀잎채한상, 커스텀커피",상반기 기부식품제공사업장 합동점검 결과 향후 개선사항 논의 간담회,71200,12c09a12739f5674ad2473bc9fcc4e96e50ea46a7da0353b3b195cf5e5566010,file1.sheet1:R38,,,
12c09a12739f5674-file1.sheet1-R39,2026-05-26,daejeon-seo,운영지원과,"우두령, 서로히",어르신-지역사회 상생 노인일자리 연계 자살예방 안전망 구축 및 생명존중 인식개선 활동 협력방안 논의 간담회,98200,12c09a12739f5674ad2473bc9fcc4e96e50ea46a7da0353b3b195cf5e5566010,file1.sheet1:R39,,,
12c09a12739f5674-file1.sheet1-R40,2026-05-26,daejeon-seo,운영지원과,양대감,서구 평촌산단 입주지원 추진 세부 협의사항 논의 간담회,450000,12c09a12739f5674ad2473bc9fcc4e96e50ea46a7da0353b3b195cf5e5566010,file1.sheet1:R40,,,
12c09a12739f5674-file1.sheet1-R41,2026-05-27,daejeon-seo,운영지원과,"그곳에가면, 크리플",대전장애인 백일장·사생대회 주최 협조사항 논의 간담회,111950,12c09a12739f5674ad2473bc9fcc4e96e50ea46a7da0353b3b195cf5e5566010,file1.sheet1:R41,,,
12c09a12739f5674-file1.sheet1-R42,2026-06-08,daejeon-seo,운영지원과,"올갱이마을, 엔젤리너스",산림병해충 확산 저지를 위한 공동 방제 등 협조사항 논의 간담회,59500,12c09a12739f5674ad2473bc9fcc4e96e50ea46a7da0353b3b195cf5e5566010,file1.sheet1:R42,,,
12c09a12739f5674-file1.sheet1-R43,2026-06-09,daejeon-seo,운영지원과,엄경희갈비김치찌개,공영주차장 신재생에너지 설비 설치 의무화제도 관련 논의 간담회,88000,12c09a12739f5674ad2473bc9fcc4e96e50ea46a7da0353b3b195cf5e5566010,file1.sheet1:R43,,,
12c09a12739f5674-file1.sheet1-R44,2026-06-12,daejeon-seo,운영지원과,"풍전삼계탕, 디제이이종환커피&스튜디오",월평·갈마 등 어린이보호구역 내 개선사업 추진 협조사항 논의 간담회,81300,12c09a12739f5674ad2473bc9fcc4e96e50ea46a7da0353b3b195cf5e5566010,file1.sheet1:R44,,,
12c09a12739f5674-file1.sheet1-R45,2026-06-15,daejeon-seo,운영지원과,명가전복,방위산업 전문인력 양성사업 개강 관련 운영방향 관계자 논의 간담회,80000,12c09a12739f5674ad2473bc9fcc4e96e50ea46a7da0353b3b195cf5e5566010,file1.sheet1:R45,,,
12c09a12739f5674-file1.sheet1-R51,2026-04-07,daejeon-seo,운영지원과,볼로니아,시 교육청-자치구 연계사업 '청소년 진로·진학상담' 운영에 대한 협력·개선사항 논의 간담회,72000,12c09a12739f5674ad2473bc9fcc4e96e50ea46a7da0353b3b195cf5e5566010,file1.sheet1:R51,,,
12c09a12739f5674-file1.sheet1-R52,2026-04-09,daejeon-seo,운영지원과,청해어가,2026 서구 마을공동체 활성화 사업의 효율적 운영방안 논의 간담회,178000,12c09a12739f5674ad2473bc9fcc4e96e50ea46a7da0353b3b195cf5e5566010,file1.sheet1:R52,,,
12c09a12739f5674-file1.sheet1-R53,2026-04-22,daejeon-seo,운영지원과,별주부해물찜탕,2026 서구 아트페어 '아트스프링' 추진 협조 시 애로사항 및 내년도 개선사항 논의 간담회,106000,12c09a12739f5674ad2473bc9fcc4e96e50ea46a7da0353b3b195cf5e5566010,file1.sheet1:R53,,,
12c09a12739f5674-file1.sheet1-R54,2026-04-30,daejeon-seo,운영지원과,만족오향족발,관저문예회관 관리운영 지도점검 결과 안내 및 개선방안 논의 간담회,120000,12c09a12739f5674ad2473bc9fcc4e96e50ea46a7da0353b3b195cf5e5566010,file1.sheet1:R54,,,
12c09a12739f5674-file1.sheet1-R55,2026-06-17,daejeon-seo,운영지원과,서구청건강카페,민선9기 서구청장직 인수위원회 업무 협의 논의 간담회,60000,12c09a12739f5674ad2473bc9fcc4e96e50ea46a7da0353b3b195cf5e5566010,file1.sheet1:R55,,,
12c09a12739f5674-file1.sheet1-R56,2026-06-17,daejeon-seo,운영지원과,미향일식,갑천그라운드골프장 신규조성 추진 논의 간담회,75000,12c09a12739f5674ad2473bc9fcc4e96e50ea46a7da0353b3b195cf5e5566010,file1.sheet1:R56,,,
12c09a12739f5674-file1.sheet1-R57,2026-06-18,daejeon-seo,운영지원과,"엑스포아구, 엔젤리너스",북한이탈주민 사회정착지원 운영 활성화를 위한 논의 간담회,101700,12c09a12739f5674ad2473bc9fcc4e96e50ea46a7da0353b3b195cf5e5566010,file1.sheet1:R57,,,
12c09a12739f5674-file1.sheet1-R58,2026-06-22,daejeon-seo,운영지원과,수복삼계탕,우리고장 국가유산 활용사업 추진 관련 논의 간담회,88000,12c09a12739f5674ad2473bc9fcc4e96e50ea46a7da0353b3b195cf5e5566010,file1.sheet1:R58,,,
12c09a12739f5674-file1.sheet1-R59,2026-06-23,daejeon-seo,운영지원과,편백숲샤브길,유성구 유온버스킹 관련 자치구 행사 추진 상호 협력 및 개선사항 논의를 위한 간담회,88000,12c09a12739f5674ad2473bc9fcc4e96e50ea46a7da0353b3b195cf5e5566010,file1.sheet1:R59,,,
12c09a12739f5674-file1.sheet1-R60,2026-06-29,daejeon-seo,운영지원과,맛청,2026 갑천썸머페스타 추진을 위한 협조사항 논의 간담회,372000,12c09a12739f5674ad2473bc9fcc4e96e50ea46a7da0353b3b195cf5e5566010,file1.sheet1:R60,,,
12c09a12739f5674-file1.sheet1-R66,2026-04-10,daejeon-seo,운영지원과,손수차림,직장어린이집 '세계 책의 날' 행사 관련 추진 협조사항 논의 간담회,79000,12c09a12739f5674ad2473bc9fcc4e96e50ea46a7da0353b3b195cf5e5566010,file1.sheet1:R66,,,
12c09a12739f5674-file1.sheet1-R67,2026-04-17,daejeon-seo,운영지원과,어식백세,2026년 서구 행정동우회 지원사업 추진 업무협의 간담회,71000,12c09a12739f5674ad2473bc9fcc4e96e50ea46a7da0353b3b195cf5e5566010,file1.sheet1:R67,,,
12c09a12739f5674-file1.sheet1-R68,2026-06-22,daejeon-seo,운영지원과,가연,예비군부대 육성지원사업 보조금 집행 추진에 따른 협조사항 논의 간담회,150000,12c09a12739f5674ad2473bc9fcc4e96e50ea46a7da0353b3b195cf5e5566010,file1.sheet1:R68,,,
12c09a12739f5674-file1.sheet1-R69,2026-06-26,daejeon-seo,운영지원과,상무초밥,지역안보 강화방안 논의를 위한 통합방위협의회 위원관의 간담회,201200,12c09a12739f5674ad2473bc9fcc4e96e50ea46a7da0353b3b195cf5e5566010,file1.sheet1:R69,,,
12c09a12739f5674-file1.sheet2-R5,2026-04-03,daejeon-seo,운영지원과,소속 상근직원 등,경조사비,50000,12c09a12739f5674ad2473bc9fcc4e96e50ea46a7da0353b3b195cf5e5566010,file1.sheet2:R5,,,
12c09a12739f5674-file1.sheet2-R6,2026-04-10,daejeon-seo,운영지원과,소속 상근직원 등,경조사비,100000,12c09a12739f5674ad2473bc9fcc4e96e50ea46a7da0353b3b195cf5e5566010,file1.sheet2:R6,,,
12c09a12739f5674-file1.sheet2-R7,2026-04-23,daejeon-seo,운영지원과,소속 상근직원 등,경조사비,200000,12c09a12739f5674ad2473bc9fcc4e96e50ea46a7da0353b3b195cf5e5566010,file1.sheet2:R7,,,
12c09a12739f5674-file1.sheet2-R8,2026-04-29,daejeon-seo,운영지원과,사과나무과일가게,고유가 피해지원금 현장 업무 추진으로 고생하는 동 직원 격려 현장방문 간식 지급,350000,12c09a12739f5674ad2473bc9fcc4e96e50ea46a7da0353b3b195cf5e5566010,file1.sheet2:R8,,,
12c09a12739f5674-file1.sheet2-R9,2026-04-30,daejeon-seo,운영지원과,소속 상근직원 등,경조사비,50000,12c09a12739f5674ad2473bc9fcc4e96e50ea46a7da0353b3b195cf5e5566010,file1.sheet2:R9,,,
12c09a12739f5674-file1.sheet2-R10,2026-05-07,daejeon-seo,운영지원과,소속 상근직원 등,경조사비,50000,12c09a12739f5674ad2473bc9fcc4e96e50ea46a7da0353b3b195cf5e5566010,file1.sheet2:R10,,,
12c09a12739f5674-file1.sheet2-R11,2026-05-07,daejeon-seo,운영지원과,소속 상근직원 등,경조사비,100000,12c09a12739f5674ad2473bc9fcc4e96e50ea46a7da0353b3b195cf5e5566010,file1.sheet2:R11,,,
12c09a12739f5674-file1.sheet2-R12,2026-05-08,daejeon-seo,운영지원과,소속 상근직원 등,경조사비,100000,12c09a12739f5674ad2473bc9fcc4e96e50ea46a7da0353b3b195cf5e5566010,file1.sheet2:R12,,,
12c09a12739f5674-file1.sheet2-R13,2026-05-11,daejeon-seo,운영지원과,꿈심당 호두과자,고유가 피해지원금 본청 TF 및 전략사업과 직원 격려 간식 지급,138000,12c09a12739f5674ad2473bc9fcc4e96e50ea46a7da0353b3b195cf5e5566010,file1.sheet2:R13,,,
12c09a12739f5674-file1.sheet2-R14,2026-05-14,daejeon-seo,운영지원과,소속 상근직원 등,경조사비,300000,12c09a12739f5674ad2473bc9fcc4e96e50ea46a7da0353b3b195cf5e5566010,file1.sheet2:R14,,,
12c09a12739f5674-file1.sheet2-R15,2026-05-19,daejeon-seo,운영지원과,소속 상근직원 등,경조사비,100000,12c09a12739f5674ad2473bc9fcc4e96e50ea46a7da0353b3b195cf5e5566010,file1.sheet2:R15,,,
12c09a12739f5674-file1.sheet2-R16,2026-05-22,daejeon-seo,운영지원과,소속 상근직원 등,경조사비,100000,12c09a12739f5674ad2473bc9fcc4e96e50ea46a7da0353b3b195cf5e5566010,file1.sheet2:R16,,,
12c09a12739f5674-file1.sheet2-R17,2026-05-28,daejeon-seo,운영지원과,소속 상근직원 등,경조사비,100000,12c09a12739f5674ad2473bc9fcc4e96e50ea46a7da0353b3b195cf5e5566010,file1.sheet2:R17,,,
12c09a12739f5674-file1.sheet2-R18,2026-06-02,daejeon-seo,운영지원과,소속 상근직원 등,경조사비,50000,12c09a12739f5674ad2473bc9fcc4e96e50ea46a7da0353b3b195cf5e5566010,file1.sheet2:R18,,,
12c09a12739f5674-file1.sheet2-R19,2026-06-04,daejeon-seo,운영지원과,소속 상근직원 등,경조사비,100000,12c09a12739f5674ad2473bc9fcc4e96e50ea46a7da0353b3b195cf5e5566010,file1.sheet2:R19,,,
12c09a12739f5674-file1.sheet2-R20,2026-06-11,daejeon-seo,운영지원과,소속 상근직원 등,경조사비,200000,12c09a12739f5674ad2473bc9fcc4e96e50ea46a7da0353b3b195cf5e5566010,file1.sheet2:R20,,,
12c09a12739f5674-file1.sheet2-R21,2026-06-15,daejeon-seo,운영지원과,소속 상근직원 등,경조사비,100000,12c09a12739f5674ad2473bc9fcc4e96e50ea46a7da0353b3b195cf5e5566010,file1.sheet2:R21,,,
12c09a12739f5674-file1.sheet2-R22,2026-06-19,daejeon-seo,운영지원과,소속 상근직원 등,경조사비,50000,12c09a12739f5674ad2473bc9fcc4e96e50ea46a7da0353b3b195cf5e5566010,file1.sheet2:R22,,,
12c09a12739f5674-file1.sheet2-R23,2026-06-26,daejeon-seo,운영지원과,소속 상근직원 등,경조사비,100000,12c09a12739f5674ad2473bc9fcc4e96e50ea46a7da0353b3b195cf5e5566010,file1.sheet2:R23,,,
12c09a12739f5674-file1.sheet2-R29,2026-04-07,daejeon-seo,운영지원과,소속 상근직원,경조사비,50000,12c09a12739f5674ad2473bc9fcc4e96e50ea46a7da0353b3b195cf5e5566010,file1.sheet2:R29,,,
12c09a12739f5674-file1.sheet2-R30,2026-05-19,daejeon-seo,운영지원과,소속 상근직원,경조사비,50000,12c09a12739f5674ad2473bc9fcc4e96e50ea46a7da0353b3b195cf5e5566010,file1.sheet2:R30,,,
95410aa0f291e398-file1.sheet1-R5,2026-06-30,daejeon-seo,평생학습원장,마실(둔산동),RISE 사업단과 장애인 평생학습관련 간담회,200000,95410aa0f291e398eb4be81cdc27e0d5567119d940a5e879d82e8ce9374f2e05,file1.sheet1:R5,,,
95410aa0f291e398-file1.sheet1-R6,2026-06-15,daejeon-seo,평생학습과장,"파리바게뜨, 홈플러스 익스프레스(갈마동)",민주시민교육자문위원회 회의,27400,95410aa0f291e398eb4be81cdc27e0d5567119d940a5e879d82e8ce9374f2e05,file1.sheet1:R6,,,
454f47019f8cc107-file1.sheet1-R7,2026-06-11,daejeon-seo,여성가족복지과,투썸플레이스 대전용문점(도산로 410),여성단체협의회 간담회,34400,454f47019f8cc107b66b4a9926a0f34a9acb75d90e5e0c4cee8f840d64913a6c,file1.sheet1:R7,,,
454f47019f8cc107-file1.sheet1-R8,2026-06-30,daejeon-seo,여성가족복지과,바담식탁(원도안로 13-17),대전서구지역자활센터 업무협의,78000,454f47019f8cc107b66b4a9926a0f34a9acb75d90e5e0c4cee8f840d64913a6c,file1.sheet1:R8,,,
a386a5e279b6d8bd-file1.sheet1-R5,2026-06-05,daejeon-seo,가수원동,느티나무집,새마을지도자회 간담회,300000,a386a5e279b6d8bd5771fa190eae3ed3a6c484d9e0897fd6019094a9da6cc2ac,file1.sheet1:R5,,,
a386a5e279b6d8bd-file1.sheet1-R6,2026-06-19,daejeon-seo,가수원동,소소,소속직원 격려,78000,a386a5e279b6d8bd5771fa190eae3ed3a6c484d9e0897fd6019094a9da6cc2ac,file1.sheet1:R6,,,
a386a5e279b6d8bd-file1.sheet1-R7,2026-06-20,daejeon-seo,가수원동,찜해가,지역자율방재단 노고 격려,273500,a386a5e279b6d8bd5771fa190eae3ed3a6c484d9e0897fd6019094a9da6cc2ac,file1.sheet1:R7,,,
a386a5e279b6d8bd-file1.sheet2-R5,2026-06-10,daejeon-seo,가수원동,워낭명가 대전도안점,직원 화합,600000,a386a5e279b6d8bd5771fa190eae3ed3a6c484d9e0897fd6019094a9da6cc2ac,file1.sheet2:R5,,,
a386a5e279b6d8bd-file1.sheet3-R5,2026-06-17,daejeon-seo,가수원동,스타벅스,직원 생일 축하,20000,a386a5e279b6d8bd5771fa190eae3ed3a6c484d9e0897fd6019094a9da6cc2ac,file1.sheet3:R5,,,
975a3d2a82a5692b-file1.sheet1-R5,2026-06-08,daejeon-seo,둔산1동장,수통골능이버섯백숙 법원점,새마을부녀회 간담회,168000,975a3d2a82a5692b2f9e7fe37efee85e9517933a92b704731a0235e2ad3256a8,file1.sheet1:R5,,,
975a3d2a82a5692b-file1.sheet1-R6,2026-06-10,daejeon-seo,둔산1동장,금촌신관,소속직원 격려,90000,975a3d2a82a5692b2f9e7fe37efee85e9517933a92b704731a0235e2ad3256a8,file1.sheet1:R6,,,
975a3d2a82a5692b-file1.sheet1-R7,2026-06-16,daejeon-seo,둔산1동장,이하선 삼동오징어,지역사회보장협의체 간담회,170000,975a3d2a82a5692b2f9e7fe37efee85e9517933a92b704731a0235e2ad3256a8,file1.sheet1:R7,,,
975a3d2a82a5692b-file1.sheet1-R8,2026-06-24,daejeon-seo,둔산1동장,우두령,둔산1동 상가구역 버스킹 공연 관계자 격려,194000,975a3d2a82a5692b2f9e7fe37efee85e9517933a92b704731a0235e2ad3256a8,file1.sheet1:R8,,,
975a3d2a82a5692b-file1.sheet1-R9,2026-06-25,daejeon-seo,둔산1동장,이마트몰,내방객 다과 구입,88050,975a3d2a82a5692b2f9e7fe37efee85e9517933a92b704731a0235e2ad3256a8,file1.sheet1:R9,,,
b017431d0d5a81bf-file1.sheet1-R5,2026-06-10,daejeon-seo,공원녹지과,미나리 삼겹살,직원화합을 위한 업무추진비 집행,469000,b017431d0d5a81bf8787d2cb5624ef3aff4ba40e9fae5fce8bbd63164e80dc39,file1.sheet1:R5,,,
333fe9721c844137-file1.sheet1-R6,2026-06-12,daejeon-seo,월평2동,대전청사 파스쿠찌,새마을문고 임원진과의 간담회 개최,25000,333fe9721c844137b1ca14c2b1fd155b7964be7857144023ddfde474e125fd1c,file1.sheet1:R6,,,
ba6340278121c4e4-file1.sheet1-R5,2026-06-03,daejeon-seo,둔산3동,피키페어 / 대전 서구 둔산동,기관운영업무추진비 집행 품의(소속직원 격려),125000,ba6340278121c4e45a9afd9d05888fadcfd88b5563a315cdbb5fe2ef7e5525f8,file1.sheet1:R5,,,
ba6340278121c4e4-file1.sheet1-R6,2026-06-17,daejeon-seo,둔산3동,남도항아리 / 대전 서구 둔산동,기관운영업무추진비 집행 품의(소속직원 격려),66000,ba6340278121c4e45a9afd9d05888fadcfd88b5563a315cdbb5fe2ef7e5525f8,file1.sheet1:R6,,,
3193b169acf3cf08-file1.sheet1-R5,2026-05-12,daejeon-seo,둔산2동장,㈜우리성원,내방객 접대용 다과,211100,3193b169acf3cf082327ea7ca468300ef799bb196937bd32623ff3f594e36fcf,file1.sheet1:R5,,,
3193b169acf3cf08-file1.sheet1-R6,2026-05-29,daejeon-seo,둔산2동장,G마켓,내방객 접대용 음료,236560,3193b169acf3cf082327ea7ca468300ef799bb196937bd32623ff3f594e36fcf,file1.sheet1:R6,,,
78c675168f042d58-file1.sheet1-R5,2026-04-09,daejeon-seo,갈마1동,길돈,자생단체장들과의 간담회,68000,78c675168f042d583fc33683d3668bc6dd68a4dc6ce3d784a6f2c0aa5b7d5686,file1.sheet1:R5,,,
78c675168f042d58-file1.sheet1-R6,2026-04-10,daejeon-seo,갈마1동,빌데꼬빵,내방객 다과구입,120000,78c675168f042d583fc33683d3668bc6dd68a4dc6ce3d784a6f2c0aa5b7d5686,file1.sheet1:R6,,,
11b1d8f59888d386-file1.sheet2-R5,2026-05-20,daejeon-seo,토지정보과,태원,직원화합,900000,11b1d8f59888d386a2ddaaa9351d17a2c520b0712326888c48fd73fe8aa440ff,file1.sheet2:R5,,,
83b4354c17235e5e-file1.sheet1-R5,2026-05-22,daejeon-seo,감사위원회,담라,직원 송별회,400000,83b4354c17235e5eaf1c4f98175114e9c5e9a9ebeba43c8b6b392cbbee4f8edb,file1.sheet1:R5,,,
df9a1c5546881536-file1.sheet1-R5,2026-05-28,daejeon-seo,건강증진과,정림스토어 (만년점),직원 다과 구입,600000,df9a1c5546881536143746ca8e18c4377a482a1b015455ee37e0753ca92bd8ea,file1.sheet1:R5,,,
e240b2b48e371e78-file1.sheet2-R5,2026-05-04,daejeon-seo,보건행정과,개인(성명 비공개),경조사비,50000,e240b2b48e371e78b6b75c7ba5281ef194e6ade22be03d1c5ab7109cf8267a5d,file1.sheet2:R5,,,
e240b2b48e371e78-file1.sheet2-R6,2026-05-28,daejeon-seo,보건행정과,스위트베이징,소속직원 격려,532000,e240b2b48e371e78b6b75c7ba5281ef194e6ade22be03d1c5ab7109cf8267a5d,file1.sheet2:R6,,,
5730e420acbdbae5-file1.sheet2-R5,2026-05-04,daejeon-seo,정신의약과,삼오식당 1층,직원 화합 및 격려,722000,5730e420acbdbae57fa30e466c2574dc0cd9fa4da36d5dc94ddf99c36a91617a,file1.sheet2:R5,,,
6b79b813371764dc-file1.sheet1-R6,2026-05-14,daejeon-seo,월평2동,싶빵공장,합동점검 참여 직원 격려,100000,6b79b813371764dc6ee89345c95a8ca1c0d916156048a0fe60394bd78eda36b2,file1.sheet1:R6,,,
6b79b813371764dc-file1.sheet1-R7,2026-05-20,daejeon-seo,월평2동,뚜레쥬르 대전서구만년점,주민자치회 임원진과의 간담회 개최,20000,6b79b813371764dc6ee89345c95a8ca1c0d916156048a0fe60394bd78eda36b2,file1.sheet1:R7,,,
20988c6589c8e111-file1.sheet1-R5,2026-05-21,daejeon-seo,평생학습원장,투썸플레이스(갈마동),내방객용 다과 구입,97900,20988c6589c8e11127dd93d3c1d3af4c233496c456583a5e2b78cd168ff11b99,file1.sheet1:R5,,,
20988c6589c8e111-file1.sheet2-R5,2026-05-11,daejeon-seo,평생학습원장,샤브올데이(갈마동),RISE 사업단과 장애인 평생학습관련 간담회,180300,20988c6589c8e11127dd93d3c1d3af4c233496c456583a5e2b78cd168ff11b99,file1.sheet2:R5,,,
98e6fe18c5951cf3-file1.sheet2-R5,2026-05-04,daejeon-seo,둔산1동장,하나은행,5월 생일자 상품권 구입,20000,98e6fe18c5951cf31c3793332ef0f8d06eeb6ab1e7a935f0fee92b8b36d8a83e,file1.sheet2:R5,975a3d2a82a5692b2f9e7fe37efee85e9517933a92b704731a0235e2ad3256a8:file1.sheet2:R5,,
d2b27b67debd8db5-file1.sheet2-R5,2026-05-22,daejeon-seo,가수원동,베스킨라빈스 대전가수원점,직원 격려 간식 구입,85800,d2b27b67debd8db5d4c69f2a2e3db08b64c05da9b49dbe8ae4aa51bbfc89a15e,file1.sheet2:R5,,,
d2b27b67debd8db5-file1.sheet3-R5,2026-05-04,daejeon-seo,가수원동,스타벅스,직원 생일 축하,40000,d2b27b67debd8db5d4c69f2a2e3db08b64c05da9b49dbe8ae4aa51bbfc89a15e,file1.sheet3:R5,,,
03844ce68fa1becd-file1.sheet1-R5,2026-05-19,daejeon-seo,도마1동,회랑,직원 격려,69000,03844ce68fa1becdd513847bd630595b989c928f31b988fbbe166db27c5c0d14,file1.sheet1:R5,,,
03844ce68fa1becd-file1.sheet2-R5,2026-05-08,daejeon-seo,도마1동,계룡마트,커피 등 차재료 구입,200000,03844ce68fa1becdd513847bd630595b989c928f31b988fbbe166db27c5c0d14,file1.sheet2:R5,,,
03844ce68fa1becd-file1.sheet2-R6,2026-05-19,daejeon-seo,도마1동,해브어베이크,직원 송별회,117000,03844ce68fa1becdd513847bd630595b989c928f31b988fbbe166db27c5c0d14,file1.sheet2:R6,,,
45edc3b5986334ba-file1.sheet1-R5,2026-04-01,daejeon-seo,내동,오다가다 곱창전골,기관운영업무추진비(새마을지도자협의회 임원진과의 간담회),30000,45edc3b5986334ba1e4e9e98032ec56e97f4b2e1052549d3a98b00aae969f56e,file1.sheet1:R5,,,
8940e583ce83261c-file1.sheet1-R5,2026-04-03,daejeon-seo,관저2동,바다풍경,소속 직원 격려,134000,8940e583ce83261c898f80f5a62140b79b0847288f8f8c9dc256f35ac6e33b73,file1.sheet1:R5,,,
8940e583ce83261c-file1.sheet1-R6,2026-04-27,daejeon-seo,관저2동,관저오징어나라,직원 간담회,175000,8940e583ce83261c898f80f5a62140b79b0847288f8f8c9dc256f35ac6e33b73,file1.sheet1:R6,,,
8940e583ce83261c-file1.sheet1-R7,2026-04-28,daejeon-seo,관저2동,원미정,지역자율방재단 간담회,56500,8940e583ce83261c898f80f5a62140b79b0847288f8f8c9dc256f35ac6e33b73,file1.sheet1:R7,,,
8940e583ce83261c-file1.sheet2-R5,2026-04-22,daejeon-seo,관저2동,김오조 숯불쭈꾸미,소속 직원 격려,368000,8940e583ce83261c898f80f5a62140b79b0847288f8f8c9dc256f35ac6e33b73,file1.sheet2:R5,,,
beda1c48cbea0a23-file1.sheet1-R5,2026-05-13,daejeon-seo,지역경제과,마마전(둔산점),한마음 대회 추진 후 부서회식,505000,beda1c48cbea0a2345f4664c7e089a6b5011d8a347eb9d3596c1ab19922b8b23,file1.sheet1:R5,,,
ce8bab8a9a7f471f-file1.sheet1-R5,2026-02-04,daejeon-seo,월평1동,명랑식당,자생단체장 오찬,220000,ce8bab8a9a7f471f87d9101d97d8e21225ce5b6ff2d457ea5f0d0d1deb7c4bde,file1.sheet1:R5,,,
ce8bab8a9a7f471f-file1.sheet1-R6,2026-02-09,daejeon-seo,월평1동,옛터,지역사회보장협의체 격려 식사,140000,ce8bab8a9a7f471f87d9101d97d8e21225ce5b6ff2d457ea5f0d0d1deb7c4bde,file1.sheet1:R6,,,
ce8bab8a9a7f471f-file1.sheet1-R7,2026-02-10,daejeon-seo,월평1동,꿈심당,2026년 현장행정 추진을 위한 다과 구입,100000,ce8bab8a9a7f471f87d9101d97d8e21225ce5b6ff2d457ea5f0d0d1deb7c4bde,file1.sheet1:R7,,,
ce8bab8a9a7f471f-file1.sheet1-R8,2026-02-11,daejeon-seo,월평1동,아로마브로커,소속상근직원 명절 선물,370500,ce8bab8a9a7f471f87d9101d97d8e21225ce5b6ff2d457ea5f0d0d1deb7c4bde,file1.sheet1:R8,,,
ce8bab8a9a7f471f-file1.sheet1-R9,2026-02-24,daejeon-seo,월평1동,월평생칼국수,복지만두레 격려 식사,130000,ce8bab8a9a7f471f87d9101d97d8e21225ce5b6ff2d457ea5f0d0d1deb7c4bde,file1.sheet1:R9,,,
ce8bab8a9a7f471f-file1.sheet1-R10,2026-03-09,daejeon-seo,월평1동,월평맛고을,자원봉사회 격려 식사,144000,ce8bab8a9a7f471f87d9101d97d8e21225ce5b6ff2d457ea5f0d0d1deb7c4bde,file1.sheet1:R10,,,
ce8bab8a9a7f471f-file1.sheet1-R11,2026-03-20,daejeon-seo,월평1동,만수흑염소,환경관리요원 감담회,90000,ce8bab8a9a7f471f87d9101d97d8e21225ce5b6ff2d457ea5f0d0d1deb7c4bde,file1.sheet1:R11,,,
ce8bab8a9a7f471f-file1.sheet1-R12,2026-03-31,daejeon-seo,월평1동,한길마트,내방객 다과 구입,117300,ce8bab8a9a7f471f87d9101d97d8e21225ce5b6ff2d457ea5f0d0d1deb7c4bde,file1.sheet1:R12,,,
ce8bab8a9a7f471f-file1.sheet2-R5,2026-02-27,daejeon-seo,월평1동,교보문고,3월 생일 직원 문화상품권,20000,ce8bab8a9a7f471f87d9101d97d8e21225ce5b6ff2d457ea5f0d0d1deb7c4bde,file1.sheet2:R5,,,
ce8bab8a9a7f471f-file1.sheet2-R6,2026-04-01,daejeon-seo,월평1동,교보문고,4월 생일직원 문화상품권,40000,ce8bab8a9a7f471f87d9101d97d8e21225ce5b6ff2d457ea5f0d0d1deb7c4bde,file1.sheet2:R6,,,
ce8bab8a9a7f471f-file1.sheet3-R5,2026-02-03,daejeon-seo,월평1동,대왕성,인사이동에 따른 송환영회,451000,ce8bab8a9a7f471f87d9101d97d8e21225ce5b6ff2d457ea5f0d0d1deb7c4bde,file1.sheet3:R5,,,
3e75f912faa65d27-file1.sheet1-R5,2026-03-11,daejeon-seo,재난안전과,자유대반점,2026년 제3종시설물 지정을 위한 실태조사 추진 간담회,480000,3e75f912faa65d27cc96a693f6276f9c1c8d22e17ead48bd796606915888aaaf,file1.sheet1:R5,,,
3e75f912faa65d27-file1.sheet1-R6,2026-03-17,daejeon-seo,재난안전과,대선칼국수,산불 재난 대응 합동훈련 대비 간담회,134000,3e75f912faa65d27cc96a693f6276f9c1c8d22e17ead48bd796606915888aaaf,file1.sheet1:R6,,,
3e75f912faa65d27-file1.sheet1-R7,2026-03-19,daejeon-seo,재난안전과,양지식당,"하천, 계곡 불법 점용시설물 정비를 위한 간담회",250000,3e75f912faa65d27cc96a693f6276f9c1c8d22e17ead48bd796606915888aaaf,file1.sheet1:R7,,,
3e75f912faa65d27-file1.sheet1-R8,2026-03-20,daejeon-seo,재난안전과,엑스포아구,소규모 공공시설 안전점검을 위한 간담회,75000,3e75f912faa65d27cc96a693f6276f9c1c8d22e17ead48bd796606915888aaaf,file1.sheet1:R8,,,
3e75f912faa65d27-file1.sheet1-R9,2026-03-26,daejeon-seo,재난안전과,청해어가,2026년 안전대전환 집중안전점검을 위한 간담회,400000,3e75f912faa65d27cc96a693f6276f9c1c8d22e17ead48bd796606915888aaaf,file1.sheet1:R9,,,
3e75f912faa65d27-file1.sheet1-R10,2026-03-30,daejeon-seo,재난안전과,밤맛고을,봄철 지역축제 안전관리 간담회,76000,3e75f912faa65d27cc96a693f6276f9c1c8d22e17ead48bd796606915888aaaf,file1.sheet1:R10,,,
3e75f912faa65d27-file1.sheet1-R11,2026-04-03,daejeon-seo,재난안전과,마실둔산점,여름철 자연재난 사전대비를 위한 간담회,400000,3e75f912faa65d27cc96a693f6276f9c1c8d22e17ead48bd796606915888aaaf,file1.sheet1:R11,,,
3e75f912faa65d27-file1.sheet1-R12,2026-04-14,daejeon-seo,재난안전과,엑스포아구,2026년 집중안전점검 준비상황 보고회 대비 간담회,400000,3e75f912faa65d27cc96a693f6276f9c1c8d22e17ead48bd796606915888aaaf,file1.sheet1:R12,,,
3e75f912faa65d27-file1.sheet1-R13,2026-04-20,daejeon-seo,재난안전과,장어잔치,주요 생활민원 신속 대처를 위한 부서 간담회,480000,3e75f912faa65d27cc96a693f6276f9c1c8d22e17ead48bd796606915888aaaf,file1.sheet1:R13,,,
3e75f912faa65d27-file1.sheet1-R14,2026-04-27,daejeon-seo,재난안전과,뉴스타감자탕,집중안전점검 추진을 위한 간담회,100000,3e75f912faa65d27cc96a693f6276f9c1c8d22e17ead48bd796606915888aaaf,file1.sheet1:R14,,,
3e75f912faa65d27-file1.sheet2-R5,2026-03-24,daejeon-seo,재난안전과,인생참치,직원 격려,250000,3e75f912faa65d27cc96a693f6276f9c1c8d22e17ead48bd796606915888aaaf,file1.sheet2:R5,,,
3e75f912faa65d27-file1.sheet2-R6,2026-04-29,daejeon-seo,재난안전과,식객초밥,직원 격려,280000,3e75f912faa65d27cc96a693f6276f9c1c8d22e17ead48bd796606915888aaaf,file1.sheet2:R6,,,
3e75f912faa65d27-file1.sheet3-R5,2026-03-03,daejeon-seo,재난안전과,안전건설국 직원,안전건설국 직원 경조사,50000,3e75f912faa65d27cc96a693f6276f9c1c8d22e17ead48bd796606915888aaaf,file1.sheet3:R5,,,
3e75f912faa65d27-file1.sheet3-R6,2026-04-07,daejeon-seo,재난안전과,안전건설국 직원,안전건설국 직원 경조사,50000,3e75f912faa65d27cc96a693f6276f9c1c8d22e17ead48bd796606915888aaaf,file1.sheet3:R6,,,
3e75f912faa65d27-file1.sheet3-R7,2026-04-13,daejeon-seo,재난안전과,안전건설국 직원,안전건설국 직원 경조사,50000,3e75f912faa65d27cc96a693f6276f9c1c8d22e17ead48bd796606915888aaaf,file1.sheet3:R7,,,
4ada6fa3aa44e8c2-file1.sheet2-R5,2026-04-06,daejeon-seo,보건행정과,한국야쿠르트,소속직원 격려,192000,4ada6fa3aa44e8c242878a727b14ab3e0b6629276abe26b56e101a4460c78663,file1.sheet2:R5,,,
4ada6fa3aa44e8c2-file1.sheet3-R5,2026-04-15,daejeon-seo,보건행정과,정림스토아 만년점,직원 음료 구입,451000,4ada6fa3aa44e8c242878a727b14ab3e0b6629276abe26b56e101a4460c78663,file1.sheet3:R5,,,
4ada6fa3aa44e8c2-file1.sheet4-R5,2026-04-24,daejeon-seo,보건행정과,둔산이마트,"5, 6월 생일 직원 상품권 구입",380000,4ada6fa3aa44e8c242878a727b14ab3e0b6629276abe26b56e101a4460c78663,file1.sheet4:R5,,,
d347bce50c9e3ee0-file1.sheet1-R5,2026-04-23,daejeon-seo,감사위원회,건강카페,감사위원회 회의 참석위원들과의 안건에 대한 논의 및 간담회,52500,d347bce50c9e3ee08bf64b7998adf877fd64c3881b762d4ed82c83b52d35e9fe,file1.sheet1:R5,,,
1be7e22ade373e80-file1.sheet1-R5,2026-04-23,daejeon-seo,평생학습원장,경조사(김응환),경조사비,50000,1be7e22ade373e80ff9a164c00af159310d763e98cfdcefaea94a546172bff7c,file1.sheet1:R5,,,
1be7e22ade373e80-file1.sheet2-R5,2026-04-16,daejeon-seo,평생학습원장,파리바게뜨(갈마동),BF인증 시설개선사업 관련 간담회,155250,1be7e22ade373e80ff9a164c00af159310d763e98cfdcefaea94a546172bff7c,file1.sheet2:R5,,,
1be7e22ade373e80-file1.sheet3-R5,2026-04-21,daejeon-seo,평생학습과장,샤브올데이(갈마동),한마음대회,423300,1be7e22ade373e80ff9a164c00af159310d763e98cfdcefaea94a546172bff7c,file1.sheet3:R5,,,
048ed457d548cb8a-file1.sheet1-R5,2026-04-02,daejeon-seo,둔산1동장,최애동태,지역자율방재단 간담회,186500,048ed457d548cb8a47c55788a32fad9b9919974413d7991fb116b91e1da309da,file1.sheet1:R5,98e6fe18c5951cf31c3793332ef0f8d06eeb6ab1e7a935f0fee92b8b36d8a83e:file1.sheet1:R5,,
048ed457d548cb8a-file1.sheet1-R6,2026-04-07,daejeon-seo,둔산1동장,하레하레둔산점,내방객 다과 구입,56000,048ed457d548cb8a47c55788a32fad9b9919974413d7991fb116b91e1da309da,file1.sheet1:R6,98e6fe18c5951cf31c3793332ef0f8d06eeb6ab1e7a935f0fee92b8b36d8a83e:file1.sheet1:R6,,
048ed457d548cb8a-file1.sheet1-R7,2026-04-07,daejeon-seo,둔산1동장,쿠팡,내방객 다과 구입,71790,048ed457d548cb8a47c55788a32fad9b9919974413d7991fb116b91e1da309da,file1.sheet1:R7,98e6fe18c5951cf31c3793332ef0f8d06eeb6ab1e7a935f0fee92b8b36d8a83e:file1.sheet1:R7,,
048ed457d548cb8a-file1.sheet1-R8,2026-04-08,daejeon-seo,둔산1동장,우두령,소속직원 격려,100000,048ed457d548cb8a47c55788a32fad9b9919974413d7991fb116b91e1da309da,file1.sheet1:R8,98e6fe18c5951cf31c3793332ef0f8d06eeb6ab1e7a935f0fee92b8b36d8a83e:file1.sheet1:R8,,
6643e9cfae08fd44-file1.sheet1-R5,2026-04-03,daejeon-seo,가수원동,소소,새마을부녀회 노고 격려,390000,6643e9cfae08fd44c0af489ccec817c1e06d8c1b8ab562fb98e8d724c21d65a2,file1.sheet1:R5,,,
6643e9cfae08fd44-file1.sheet2-R5,2026-04-01,daejeon-seo,가수원동,써브웨이 대전관저점,직원 격려 간식 구입,165400,6643e9cfae08fd44c0af489ccec817c1e06d8c1b8ab562fb98e8d724c21d65a2,file1.sheet2:R5,,,
e0240f11dd012257-file1.sheet1-R6,2026-04-03,daejeon-seo,월평2동,춘산메밀꽃,통장협의회 임원진과의 간담회,120000,e0240f11dd0122570b15fb3487f943cf846fea270547353dabb9a69a85d4f7c8,file1.sheet1:R6,,,
e0240f11dd012257-file1.sheet1-R7,2026-04-09,daejeon-seo,월평2동,우나기칸,주민자치회 임원진과의 간담회,200000,e0240f11dd0122570b15fb3487f943cf846fea270547353dabb9a69a85d4f7c8,file1.sheet1:R7,,,
e0240f11dd012257-file1.sheet1-R8,2026-04-23,daejeon-seo,월평2동,우나기칸,소속직원 격려,150000,e0240f11dd0122570b15fb3487f943cf846fea270547353dabb9a69a85d4f7c8,file1.sheet1:R8,,,
a42a20c1e4c3a23d-file1.sheet1-R5,2026-04-07,daejeon-seo,자치행정과,정원,산불예방 관련 기성동 주민자치회 간담회,150000,a42a20c1e4c3a23dc7d488f1355312ed6982d56d8e6f1df3e56dceb94eb6a9c7,file1.sheet1:R5,,,
a42a20c1e4c3a23d-file1.sheet1-R6,2026-04-27,daejeon-seo,자치행정과,쌍촌본가,제16회 대전광역시 새마을의 날 기념 새마을회서구지회 간담회,144000,a42a20c1e4c3a23dc7d488f1355312ed6982d56d8e6f1df3e56dceb94eb6a9c7,file1.sheet1:R6,,,
e939f637e89e46f1-file1.sheet1-R5,2026-04-29,daejeon-seo,도시정비과장,만다린(둔산로31번길 32),직원 노고 격려,360000,e939f637e89e46f1c5f6ddf6c3410248add4ffb70bdff4a0513dbd06d002cba1,file1.sheet1:R5,,,
fdefc3a824b8b4a9-file1.sheet1-R5,2026-04-01,daejeon-seo,복수동장,5.5춘천닭갈비 복수점,주민자치회 임원 간담회,103000,fdefc3a824b8b4a95639bee9a900b307dbbe5496156c7be268d6d93dac82621e,file1.sheet1:R5,,,
fdefc3a824b8b4a9-file1.sheet2-R5,2026-04-28,daejeon-seo,복수동장,외양간갈비,직원 송별회,180000,fdefc3a824b8b4a95639bee9a900b307dbbe5496156c7be268d6d93dac82621e,file1.sheet2:R5,,,
fdefc3a824b8b4a9-file1.sheet3-R5,2026-04-17,daejeon-seo,복수동장,스타벅스,직원 생일축하 상품권 구입,60000,fdefc3a824b8b4a95639bee9a900b307dbbe5496156c7be268d6d93dac82621e,file1.sheet3:R5,,,
ab32430975887215-file1.sheet1-R5,2026-04-29,daejeon-seo,도마1동,정림창고 카페본타,신규 직원 격려,111000,ab32430975887215309bb7a5582ae170b63585c0249d43ff808795be294e159d,file1.sheet1:R5,,,
ab32430975887215-file1.sheet2-R5,2026-04-09,daejeon-seo,도마1동,계룡마트,커피 등 차재료 구입,200000,ab32430975887215309bb7a5582ae170b63585c0249d43ff808795be294e159d,file1.sheet2:R5,,,
e06d2dff71583762-file1.sheet1-R5,2026-04-01,daejeon-seo,둔산3동,내고향강원도 / 대전 서구 문정로 170번길 39,기관운영업무추진비 집행 품의(소속직원 격려),54000,e06d2dff71583762479ad8537e9f16c9dec13ab632259f65d03604cfcb4efab2,file1.sheet1:R5,,,
bb863d8391d6f79f-file1.sheet1-R5,2026-03-13,daejeon-seo,지역경제과,건강카페 서구청점,산불방지 비상근무 대비 직원 격려,110000,bb863d8391d6f79f5217a17802a4a2e0ba356d98f40e7dbf2147403126357890,file1.sheet1:R5,,,
bb863d8391d6f79f-file1.sheet2-R5,2026-03-06,daejeon-seo,지역경제과,우두령(둔산동),둔산동 골목상권 활성화 간담회,246000,bb863d8391d6f79f5217a17802a4a2e0ba356d98f40e7dbf2147403126357890,file1.sheet2:R5,,,
ddc9d9f134221af1-file1.sheet1-R5,2026-01-02,daejeon-seo,경제환경국장,워낭명가(둔산동),2026년 특수영상콘텐츠 특구 협력간담회,83000,ddc9d9f134221af1bb0639295b0b962eafbb0be5a5b0e58468d832778b6d3dce,file1.sheet1:R5,,,
ddc9d9f134221af1-file1.sheet1-R6,2026-01-14,daejeon-seo,경제환경국장,만재네(둔산동),AI 스마트리사이클링 스테이션 사업추진 관계자 간담회,280000,ddc9d9f134221af1bb0639295b0b962eafbb0be5a5b0e58468d832778b6d3dce,file1.sheet1:R6,,,
ddc9d9f134221af1-file1.sheet1-R7,2026-01-19,daejeon-seo,경제환경국장,더돈하우스(둔산동),소상공인 경영안정자금 사업 관계자와의 간담회,218000,ddc9d9f134221af1bb0639295b0b962eafbb0be5a5b0e58468d832778b6d3dce,file1.sheet1:R7,,,
ddc9d9f134221af1-file1.sheet1-R8,2026-01-22,daejeon-seo,경제환경국장,지리산산골농장(둔산동),엘지전자 베스트샵 업무협약을 위한 간담회,477000,ddc9d9f134221af1bb0639295b0b962eafbb0be5a5b0e58468d832778b6d3dce,file1.sheet1:R8,,,
ddc9d9f134221af1-file1.sheet1-R9,2026-02-02,daejeon-seo,전략사업과장,우렁쌈밥(둔산점),2026년 청년정규직 내일지원사업 관계자 간담회,120000,ddc9d9f134221af1bb0639295b0b962eafbb0be5a5b0e58468d832778b6d3dce,file1.sheet1:R9,,,
ddc9d9f134221af1-file1.sheet1-R10,2026-02-03,daejeon-seo,전략사업과장,갈비쿡(둔산동),창업허브센터 입주기업 등 관계자 간담회,129000,ddc9d9f134221af1bb0639295b0b962eafbb0be5a5b0e58468d832778b6d3dce,file1.sheet1:R10,,,
ddc9d9f134221af1-file1.sheet1-R11,2026-02-09,daejeon-seo,경제환경국장,본테이블(둔산동),지역 소상공인·자영업자의 경영회복 지원사업의 원활한 추진을 위한 실무 간담회,100000,ddc9d9f134221af1bb0639295b0b962eafbb0be5a5b0e58468d832778b6d3dce,file1.sheet1:R11,,,
ddc9d9f134221af1-file1.sheet1-R12,2026-02-10,daejeon-seo,경제환경국장,보끄미(둔산동),2026년 찾아가는 일자리발굴단 운영 관련 기업 간담회,144000,ddc9d9f134221af1bb0639295b0b962eafbb0be5a5b0e58468d832778b6d3dce,file1.sheet1:R12,,,
ddc9d9f134221af1-file1.sheet1-R13,2026-02-11,daejeon-seo,경제환경국장,가연(둔산동),2026년 사회적 약자 반려동물 의료비 지원사업 홍보관련 간담회,105000,ddc9d9f134221af1bb0639295b0b962eafbb0be5a5b0e58468d832778b6d3dce,file1.sheet1:R13,,,
ddc9d9f134221af1-file1.sheet1-R14,2026-02-12,daejeon-seo,경제환경국장,태화보리밥(둔산동),서구 청년창업지원센터 입주·졸업기업 행사연계 간담회,95000,ddc9d9f134221af1bb0639295b0b962eafbb0be5a5b0e58468d832778b6d3dce,file1.sheet1:R14,,,
ddc9d9f134221af1-file1.sheet1-R15,2026-03-05,daejeon-seo,경제환경국장,우두령(둔산동),찾아가는 청년 취업상담 운영 관계자 간담회,80000,ddc9d9f134221af1bb0639295b0b962eafbb0be5a5b0e58468d832778b6d3dce,file1.sheet1:R15,,,
ddc9d9f134221af1-file1.sheet1-R16,2026-03-12,daejeon-seo,경제환경국장,청해어가(탄방동),국내우수전시회 중소기업 참가 지원사업 일자리진흥원 및 참여기업 관계자 간담회,480000,ddc9d9f134221af1bb0639295b0b962eafbb0be5a5b0e58468d832778b6d3dce,file1.sheet1:R16,,,
ddc9d9f134221af1-file1.sheet1-R17,2026-03-13,daejeon-seo,경제환경국장,우두령(둔산동),345kV 송전선로 건설사업」추진관련 주민대표 간담회,135800,ddc9d9f134221af1bb0639295b0b962eafbb0be5a5b0e58468d832778b6d3dce,file1.sheet1:R17,,,
ddc9d9f134221af1-file1.sheet1-R18,2026-03-16,daejeon-seo,경제환경국장,엑스포아구(둔산동),환경강사단 위촉 및 역량강화교육 간담회,256000,ddc9d9f134221af1bb0639295b0b962eafbb0be5a5b0e58468d832778b6d3dce,file1.sheet1:R18,,,
ddc9d9f134221af1-file1.sheet1-R19,2026-03-20,daejeon-seo,경제환경국장,청해어가(탄방동),유해야생동물 피해방지단 간담회,450000,ddc9d9f134221af1bb0639295b0b962eafbb0be5a5b0e58468d832778b6d3dce,file1.sheet1:R19,,,
ddc9d9f134221af1-file1.sheet1-R20,2026-03-24,daejeon-seo,경제환경국장,컴포즈커피(둔산동),청소행정운영 개선 및 생활폐기물 수거체계 점검 등 환경관리원 간담회,28400,ddc9d9f134221af1bb0639295b0b962eafbb0be5a5b0e58468d832778b6d3dce,file1.sheet1:R20,,,
ddc9d9f134221af1-file1.sheet1-R21,2026-03-25,daejeon-seo,전략사업과장,망고식스(일산),코리아 나라장터 엑스포 2026 참관 및 서구관 참여자 등 간담회,75600,ddc9d9f134221af1bb0639295b0b962eafbb0be5a5b0e58468d832778b6d3dce,file1.sheet1:R21,,,
ddc9d9f134221af1-file1.sheet2-R5,2026-02-06,daejeon-seo,전략사업과,평양옥(도마동),설명절 전통시장 장보기 및 물가안정캠페인 직원 격려,200000,ddc9d9f134221af1bb0639295b0b962eafbb0be5a5b0e58468d832778b6d3dce,file1.sheet2:R5,,,
ddc9d9f134221af1-file1.sheet2-R6,2026-02-06,daejeon-seo,전략사업과,"트레이더스(월평동), 신성산약초(함양군)","설 명절 직원 격려(수산물, 과일)",773000,ddc9d9f134221af1bb0639295b0b962eafbb0be5a5b0e58468d832778b6d3dce,file1.sheet2:R6,,,
ddc9d9f134221af1-file1.sheet2-R7,2026-02-23,daejeon-seo,전략사업과,경제환경국 소속 상근직원,기후환경과 직원 경조사,50000,ddc9d9f134221af1bb0639295b0b962eafbb0be5a5b0e58468d832778b6d3dce,file1.sheet2:R7,,,
ddc9d9f134221af1-file1.sheet2-R8,2026-02-27,daejeon-seo,전략사업과,천손(완주군),지방자치인재개발원 5급승진리더과정 교육생 격려,147000,ddc9d9f134221af1bb0639295b0b962eafbb0be5a5b0e58468d832778b6d3dce,file1.sheet2:R8,,,
ddc9d9f134221af1-file1.sheet3-R5,2026-01-30,daejeon-seo,전략사업과장,도미노피자(둔산점),전략사업과 직원 격려 간식,78300,ddc9d9f134221af1bb0639295b0b962eafbb0be5a5b0e58468d832778b6d3dce,file1.sheet3:R5,,,
ddc9d9f134221af1-file1.sheet3-R6,2026-02-05,daejeon-seo,전략사업과장,빕스(둔산동),전략사업과 회식(송환영회),1113280,ddc9d9f134221af1bb0639295b0b962eafbb0be5a5b0e58468d832778b6d3dce,file1.sheet3:R6,,,
73c9a7128a06e17b-file1.sheet1-R6,2026-02-05,daejeon-seo,공공건축과,맛소야(둔산동),인사발령에 따른 송환영회,1350000,73c9a7128a06e17b06d3e8fc1781ebce60391ff5772def3c484b366e13f53069,file1.sheet1:R6,,,
73c9a7128a06e17b-file1.sheet1-R7,2026-02-26,daejeon-seo,공공건축과,정원(둔산동),직원 노고 격려,411500,73c9a7128a06e17b06d3e8fc1781ebce60391ff5772def3c484b366e13f53069,file1.sheet1:R7,,,
d23b19f8b90ecd06-file1.sheet1-R5,2026-03-18,daejeon-seo,위생과장,엑스포복아구,음식문화개선 관련 논의 및 2026년도 식품위생법 개정에 관한 업무 협의 등,350000,d23b19f8b90ecd06870f4691e4fce8c48ab70e89b618482b59d069160861e5ad,file1.sheet1:R5,,,
2783f612743e0026-file1.sheet1-R5,2026-03-11,daejeon-seo,감사위원회,"솔담쌈밥, 처치앤댄스홀카페",직원 업무추진 격려,93000,2783f612743e0026511308918c5fbb9b43894bfaa2ed9b4e84135602949f89cd,file1.sheet1:R5,,,
2783f612743e0026-file1.sheet1-R6,2026-03-18,daejeon-seo,감사위원회,송가칼국수족발,직원 업무추진 격려,84000,2783f612743e0026511308918c5fbb9b43894bfaa2ed9b4e84135602949f89cd,file1.sheet1:R6,,,
2783f612743e0026-file1.sheet2-R5,2026-03-25,daejeon-seo,감사위원회,빛고을,감사위원회 회의 참석위원들과의 안건에 대한 논의 및 간담회,250000,2783f612743e0026511308918c5fbb9b43894bfaa2ed9b4e84135602949f89cd,file1.sheet2:R5,,,
2783f612743e0026-file1.sheet3-R5,2026-03-30,daejeon-seo,감사위원회,만재네,직원 송별회,334000,2783f612743e0026511308918c5fbb9b43894bfaa2ed9b4e84135602949f89cd,file1.sheet3:R5,,,
410f12f306911b07-file1.sheet1-R5,2026-02-10,daejeon-seo,감사위원회,"오봉집, 콩카페",직원 업무추진 격려,142500,410f12f306911b077fabc7190810e1df28d36ab7c2b11b0b751578497efd1f77,file1.sheet1:R5,,,
410f12f306911b07-file1.sheet1-R6,2026-02-12,daejeon-seo,감사위원회,설맞이 직거래장터,소속 상근직원에 대한 설 맞이 격려물품 지급,220000,410f12f306911b077fabc7190810e1df28d36ab7c2b11b0b751578497efd1f77,file1.sheet1:R6,,,
07119988a501015c-file1.sheet1-R5,2026-03-11,daejeon-seo,갈마1동,청해어가,통장협의회 위원들과의 간담회,224000,07119988a501015ccd17e0a23269e025378eec2c7016274a15f8081291f0c37e,file1.sheet1:R5,,,
07119988a501015c-file1.sheet1-R6,2026-03-20,daejeon-seo,갈마1동,필식자재도매마트,내방객 다과구입,150000,07119988a501015ccd17e0a23269e025378eec2c7016274a15f8081291f0c37e,file1.sheet1:R6,,,
af38a1e0d742f1c4-file1.sheet1-R9,2026-02-04,daejeon-seo,갈마2동,에스에스지페이먼츠,설명절 직원 격려물품(1차),414500,af38a1e0d742f1c41d8780f2d0619b5d39895f2c6364ede7d80e8097ad59758d,file1.sheet1:R9,,,
af38a1e0d742f1c4-file1.sheet1-R10,2026-02-10,daejeon-seo,갈마2동,바다양푼이동태탕삼겹살,적십자봉사회 간담회,100000,af38a1e0d742f1c41d8780f2d0619b5d39895f2c6364ede7d80e8097ad59758d,file1.sheet1:R10,,,
af38a1e0d742f1c4-file1.sheet1-R11,2026-02-25,daejeon-seo,갈마2동,파파존스 월평점,직원 격려,104430,af38a1e0d742f1c41d8780f2d0619b5d39895f2c6364ede7d80e8097ad59758d,file1.sheet1:R11,,,
af38a1e0d742f1c4-file1.sheet1-R12,2026-02-25,daejeon-seo,갈마2동,교보문고,직원 생일 축하 상품권 구입,180000,af38a1e0d742f1c41d8780f2d0619b5d39895f2c6364ede7d80e8097ad59758d,file1.sheet1:R12,,,
af38a1e0d742f1c4-file1.sheet1-R13,2026-03-11,daejeon-seo,갈마2동,황토방숯불갈비,주민자치회 임원 간담회,160000,af38a1e0d742f1c41d8780f2d0619b5d39895f2c6364ede7d80e8097ad59758d,file1.sheet1:R13,,,
af38a1e0d742f1c4-file1.sheet1-R14,2026-03-11,daejeon-seo,갈마2동,월평제주주먹구이,새마을문고 간담회,100000,af38a1e0d742f1c41d8780f2d0619b5d39895f2c6364ede7d80e8097ad59758d,file1.sheet1:R14,,,
af38a1e0d742f1c4-file1.sheet1-R15,2026-03-27,daejeon-seo,갈마2동,만년닭강정 및 투썸플레이스둔산은하수점,직원 격려,94300,af38a1e0d742f1c41d8780f2d0619b5d39895f2c6364ede7d80e8097ad59758d,file1.sheet1:R15,,,
7c4556c99f214d3f-file1.sheet1-R5,2026-02-12,daejeon-seo,만년동,성심당 롯데백화점 대전점(계룡로 598),설 명절 직원 격려물품 구입,510000,7c4556c99f214d3ff52f463fd9a383961f340c3d333403719a9f82d09a49370c,file1.sheet1:R5,,,
7c4556c99f214d3f-file1.sheet1-R6,2026-03-17,daejeon-seo,만년동,정림스토아 만년점(만년로 45),내방객 다과,36940,7c4556c99f214d3ff52f463fd9a383961f340c3d333403719a9f82d09a49370c,file1.sheet1:R6,,,
7c4556c99f214d3f-file1.sheet1-R7,2026-03-25,daejeon-seo,만년동,구르메(둔산대로117번길 22),만년동 기관장협의회,310000,7c4556c99f214d3ff52f463fd9a383961f340c3d333403719a9f82d09a49370c,file1.sheet1:R7,,,
7c4556c99f214d3f-file1.sheet1-R8,2026-03-30,daejeon-seo,만년동,맛있으면돼지(만년로12번길 43),주민자치회 임원진 간담회,91000,7c4556c99f214d3ff52f463fd9a383961f340c3d333403719a9f82d09a49370c,file1.sheet1:R8,,,
7c4556c99f214d3f-file1.sheet1-R9,2026-03-31,daejeon-seo,만년동,거복식당(만년남로3번길 8-5),자유총연맹 임원진 간담회,107000,7c4556c99f214d3ff52f463fd9a383961f340c3d333403719a9f82d09a49370c,file1.sheet1:R9,,,
7c4556c99f214d3f-file1.sheet2-R6,2026-02-06,daejeon-seo,만년동,한고을막창촌돼지(만년로22번길 34),인사발령에 따른 송환영회,550000,7c4556c99f214d3ff52f463fd9a383961f340c3d333403719a9f82d09a49370c,file1.sheet2:R6,,,
2048a26c24c93154-file1.sheet1-R5,2026-03-04,daejeon-seo,둔산2동장,G마켓,내방객 접대용 음료 및 다과,95880,2048a26c24c931540f3cb3a173f1f0e857a09edf58491117bcb6a3307649fe1d,file1.sheet1:R5,,,
2048a26c24c93154-file1.sheet1-R6,2026-03-23,daejeon-seo,둔산2동장,G마켓,내방객 접대용 다과,111410,2048a26c24c931540f3cb3a173f1f0e857a09edf58491117bcb6a3307649fe1d,file1.sheet1:R6,,,
2048a26c24c93154-file1.sheet2-R5,2026-03-24,daejeon-seo,둔산2동장,수정떡방앗간,직원 격려 간식 구입,200000,2048a26c24c931540f3cb3a173f1f0e857a09edf58491117bcb6a3307649fe1d,file1.sheet2:R5,,,
209da4c6d4a095d9-file1.sheet1-R5,2026-03-24,daejeon-seo,자원순환과장,갈비쿡(둔산로 51번길 80),직원점심,231000,209da4c6d4a095d9b5a3b206a197581c2509f7818201c0d1da147ca0a0173f57,file1.sheet1:R5,,,
bdbfab6e2bf1900e-file1.sheet2-R5,2026-03-10,daejeon-seo,정신의약과,정림스토아 만년점,직원 음료 구입(커피 등),700000,bdbfab6e2bf1900ec8880e96361e2cf777b42ba703829a66372178de68d02759,file1.sheet2:R5,,,
baafdec53c5777f0-file1.sheet1-R5,2026-03-18,daejeon-seo,가수원동,느티나무집,지역사회보장협의체 간담회,264000,baafdec53c5777f0e4e842e932ed8482c8b1e79ade075e48a5cbfa722de50663,file1.sheet1:R5,,,
baafdec53c5777f0-file1.sheet3-R5,2026-03-05,daejeon-seo,가수원동,스타벅스,직원 생일 축하,20000,baafdec53c5777f0e4e842e932ed8482c8b1e79ade075e48a5cbfa722de50663,file1.sheet3:R5,,,
9a11f39dbf93144b-file1.sheet1-R5,2026-02-04,daejeon-seo,노인장애인과장,우두령(서구 둔산중로64번길 33),부서운영업무추진비(직원화합),704000,9a11f39dbf93144b66f9f0cf4531594549de572bbb30b5fafd4f0ea15fa2bb47,file1.sheet1:R5,,,
9a11f39dbf93144b-file1.sheet2-R5,2026-02-24,daejeon-seo,노인장애인과장,수복삼계탕(서구 둔산중로 66),장애인 등록 취소에 따른 청문 간담회,80000,9a11f39dbf93144b66f9f0cf4531594549de572bbb30b5fafd4f0ea15fa2bb47,file1.sheet2:R5,,,
fe4880de08444c1b-file1.sheet4-R5,2026-03-31,daejeon-seo,보건행정과,둔산이마트,"3, 4월 생일 직원 상품권 구입",300000,fe4880de08444c1b75cdcdc258fcd7a31a67d4c0b283dd010fd9e0dd8295625d,file1.sheet4:R5,,,
b494a9f60f6205b3-file1.sheet1-R5,2026-03-11,daejeon-seo,평생학습원장,경조사(박중배),경조사비,50000,b494a9f60f6205b376711b0e7a2c0c3aa737b9d80687c1155387f92c7f8b4ce3,file1.sheet1:R5,,,
b494a9f60f6205b3-file1.sheet1-R6,2026-03-12,daejeon-seo,평생학습원장,쌈채우리(둔산동),현안사업 점검,192000,b494a9f60f6205b376711b0e7a2c0c3aa737b9d80687c1155387f92c7f8b4ce3,file1.sheet1:R6,,,
b494a9f60f6205b3-file1.sheet2-R5,2026-03-04,daejeon-seo,평생학습과장,피자헛(둔산),직원화합,112200,b494a9f60f6205b376711b0e7a2c0c3aa737b9d80687c1155387f92c7f8b4ce3,file1.sheet2:R5,,,
b494a9f60f6205b3-file1.sheet2-R6,2026-03-19,daejeon-seo,평생학습과장,버거킹(갈마),직원화합,249900,b494a9f60f6205b376711b0e7a2c0c3aa737b9d80687c1155387f92c7f8b4ce3,file1.sheet2:R6,,,
c363d5a55c21c9b5-file1.sheet1-R6,2026-03-04,daejeon-seo,월평2동,금한한우,자생단체 임원진과의 간담회 개최,180000,c363d5a55c21c9b5c0f52e84f954be44f80522d830c7cafff630971c9b66a0de,file1.sheet1:R6,,,
c363d5a55c21c9b5-file1.sheet1-R7,2026-03-12,daejeon-seo,월평2동,박선희황태어글탕,기관장협의회 개최,300000,c363d5a55c21c9b5c0f52e84f954be44f80522d830c7cafff630971c9b66a0de,file1.sheet1:R7,,,
c363d5a55c21c9b5-file1.sheet1-R8,2026-03-12,daejeon-seo,월평2동,미미숲,기관장협의회 회의용 다과 구입,25000,c363d5a55c21c9b5c0f52e84f954be44f80522d830c7cafff630971c9b66a0de,file1.sheet1:R8,,,
c363d5a55c21c9b5-file1.sheet1-R9,2026-03-12,daejeon-seo,월평2동,파리바게뜨 대전월평점,승진직원 축하,50000,c363d5a55c21c9b5c0f52e84f954be44f80522d830c7cafff630971c9b66a0de,file1.sheet1:R9,,,
c363d5a55c21c9b5-file1.sheet1-R10,2026-03-31,daejeon-seo,월평2동,"바삭공장, 작은다방",소속직원 격려,180000,c363d5a55c21c9b5c0f52e84f954be44f80522d830c7cafff630971c9b66a0de,file1.sheet1:R10,,,
0c5ef21dbb085fc5-file1.sheet1-R5,2026-01-07,daejeon-seo,도시정책국장,양가 양미,대덕대로 미디어파사드 거리조성 사업 추진 간담회,350000,0c5ef21dbb085fc53c2d88e09719ff61a7bc16f7b73547a0d654d4801d98ef76,file1.sheet1:R5,,,
0c5ef21dbb085fc5-file1.sheet1-R6,2026-01-09,daejeon-seo,도시계획과장,사리원면옥,한가람상가 간판개선사업 추진 간담회,98000,0c5ef21dbb085fc53c2d88e09719ff61a7bc16f7b73547a0d654d4801d98ef76,file1.sheet1:R6,,,
0c5ef21dbb085fc5-file1.sheet1-R7,2026-01-13,daejeon-seo,도시정책국장,명가전복,안샘 어린이공원 정비사업 추진 간담회,300000,0c5ef21dbb085fc53c2d88e09719ff61a7bc16f7b73547a0d654d4801d98ef76,file1.sheet1:R7,,,
0c5ef21dbb085fc5-file1.sheet1-R8,2026-01-19,daejeon-seo,도시정책국장,명태랑 류명호,2026년 공동주택 지원사업 추진 간담회,281000,0c5ef21dbb085fc53c2d88e09719ff61a7bc16f7b73547a0d654d4801d98ef76,file1.sheet1:R8,,,
0c5ef21dbb085fc5-file1.sheet1-R9,2026-01-22,daejeon-seo,도시정책국장,마실,제294회 서구의회 임시회 대비 의정간담회,262000,0c5ef21dbb085fc53c2d88e09719ff61a7bc16f7b73547a0d654d4801d98ef76,file1.sheet1:R9,,,
0c5ef21dbb085fc5-file1.sheet1-R10,2026-01-26,daejeon-seo,도시정책국장,소플러스,새로운 어린이공원 조성사업 추진 간담회,477000,0c5ef21dbb085fc53c2d88e09719ff61a7bc16f7b73547a0d654d4801d98ef76,file1.sheet1:R10,,,
0c5ef21dbb085fc5-file1.sheet1-R11,2026-01-30,daejeon-seo,도시정책국장,워낭명가,2026년 생활밀착형 숲 조성사업 추진 간담회,444400,0c5ef21dbb085fc53c2d88e09719ff61a7bc16f7b73547a0d654d4801d98ef76,file1.sheet1:R11,,,
0c5ef21dbb085fc5-file1.sheet1-R12,2026-02-05,daejeon-seo,도시정책국장,담가화로구이,2026년 봄철 산불장지종합대책 수립 추진 간담회,316000,0c5ef21dbb085fc53c2d88e09719ff61a7bc16f7b73547a0d654d4801d98ef76,file1.sheet1:R12,,,
0c5ef21dbb085fc5-file1.sheet1-R13,2026-02-20,daejeon-seo,도시정책국장,월광박속낙지탕,개발제한구역 주민지원 공모사업 추진 간담회,180500,0c5ef21dbb085fc53c2d88e09719ff61a7bc16f7b73547a0d654d4801d98ef76,file1.sheet1:R13,,,
0c5ef21dbb085fc5-file1.sheet1-R14,2026-02-25,daejeon-seo,도시정책국장,금평추어탕,갈마동 노후 주거지정비 지원사업 추진 간담회,107000,0c5ef21dbb085fc53c2d88e09719ff61a7bc16f7b73547a0d654d4801d98ef76,file1.sheet1:R14,,,
0c5ef21dbb085fc5-file1.sheet1-R15,2026-02-26,daejeon-seo,도시정책국장,손가어죽칼국수,도안 무장애 나눔길 조성사업 추진 간담회,171000,0c5ef21dbb085fc53c2d88e09719ff61a7bc16f7b73547a0d654d4801d98ef76,file1.sheet1:R15,,,
0c5ef21dbb085fc5-file1.sheet1-R16,2026-03-05,daejeon-seo,도시계획과장,인디,대덕대로 미디어파사드 거리조성 사업 추진 간담회,68000,0c5ef21dbb085fc53c2d88e09719ff61a7bc16f7b73547a0d654d4801d98ef76,file1.sheet1:R16,,,
0c5ef21dbb085fc5-file1.sheet1-R17,2026-03-10,daejeon-seo,도시정책국장,열린참치,제81회 식목일 행사 추진 간담회,480000,0c5ef21dbb085fc53c2d88e09719ff61a7bc16f7b73547a0d654d4801d98ef76,file1.sheet1:R17,,,
0c5ef21dbb085fc5-file1.sheet1-R18,2026-03-19,daejeon-seo,도시정책국장,바비큐팩토리,도솔마을 진주락 허브조성사업 추진 간담회,480000,0c5ef21dbb085fc53c2d88e09719ff61a7bc16f7b73547a0d654d4801d98ef76,file1.sheet1:R18,,,
0c5ef21dbb085fc5-file1.sheet1-R19,2026-03-20,daejeon-seo,도시정책국장,작은어촌,안샘어린이공원 정비사업 추진 간담회,100000,0c5ef21dbb085fc53c2d88e09719ff61a7bc16f7b73547a0d654d4801d98ef76,file1.sheet1:R19,,,
0c5ef21dbb085fc5-file1.sheet2-R5,2026-02-03,daejeon-seo,도시계획과,도시정책국 소속 상근직원,도시정책국 직원격려 다과구입,495000,0c5ef21dbb085fc53c2d88e09719ff61a7bc16f7b73547a0d654d4801d98ef76,file1.sheet2:R5,,,
0c5ef21dbb085fc5-file1.sheet2-R6,2026-02-03,daejeon-seo,도시계획과,도시정책국 소속 상근직원,설명절 맞이 직원격려 다과구입,585000,0c5ef21dbb085fc53c2d88e09719ff61a7bc16f7b73547a0d654d4801d98ef76,file1.sheet2:R6,,,
0c5ef21dbb085fc5-file1.sheet2-R7,2026-03-18,daejeon-seo,도시계획과,개인(성명 비공개),기관운영 업무추진비 집행,50000,0c5ef21dbb085fc53c2d88e09719ff61a7bc16f7b73547a0d654d4801d98ef76,file1.sheet2:R7,,,
0c5ef21dbb085fc5-file1.sheet2-R8,2026-03-23,daejeon-seo,도시계획과,개인(성명 비공개),기관운영 업무추진비 집행,50000,0c5ef21dbb085fc53c2d88e09719ff61a7bc16f7b73547a0d654d4801d98ef76,file1.sheet2:R8,,,
0c5ef21dbb085fc5-file1.sheet3-R5,2026-01-30,daejeon-seo,도시계획과,우두령,직원사기진작,160000,0c5ef21dbb085fc53c2d88e09719ff61a7bc16f7b73547a0d654d4801d98ef76,file1.sheet3:R5,,,
0c5ef21dbb085fc5-file1.sheet3-R6,2026-02-02,daejeon-seo,도시계획과,송가칼국수족발,2026. 2. 2. 字 인사이동 송환영회,950000,0c5ef21dbb085fc53c2d88e09719ff61a7bc16f7b73547a0d654d4801d98ef76,file1.sheet3:R6,,,
307a8ad0d929f58c-file1.sheet1-R5,2026-03-20,daejeon-seo,둔산1동장,본미옥,통장협의회 간담회,299000,307a8ad0d929f58c895a8abca1a59b92fb00b404c1e1b9c411f4d5c223bcba65,file1.sheet1:R5,,,
307a8ad0d929f58c-file1.sheet1-R6,2026-03-30,daejeon-seo,둔산1동장,동양한식뷔페,바르게살기위원회 간담회,56000,307a8ad0d929f58c895a8abca1a59b92fb00b404c1e1b9c411f4d5c223bcba65,file1.sheet1:R6,,,
307a8ad0d929f58c-file1.sheet2-R5,2026-03-03,daejeon-seo,둔산1동장,하나은행,3월 생일자 상품권 구입,20000,307a8ad0d929f58c895a8abca1a59b92fb00b404c1e1b9c411f4d5c223bcba65,file1.sheet2:R5,048ed457d548cb8a47c55788a32fad9b9919974413d7991fb116b91e1da309da:file1.sheet2:R5,,
307a8ad0d929f58c-file1.sheet3-R5,2026-03-13,daejeon-seo,둔산1동장,도미노피자,직원화합 간식 구입,110780,307a8ad0d929f58c895a8abca1a59b92fb00b404c1e1b9c411f4d5c223bcba65,file1.sheet3:R5,048ed457d548cb8a47c55788a32fad9b9919974413d7991fb116b91e1da309da:file1.sheet3:R5 98e6fe18c5951cf31c3793332ef0f8d06eeb6ab1e7a935f0fee92b8b36d8a83e:file1.sheet3:R5 975a3d2a82a5692b2f9e7fe37efee85e9517933a92b704731a0235e2ad3256a8:file1.sheet3:R5,,
ae0adaac31a24c62-file1.sheet1-R5,2026-01-08,daejeon-seo,자치행정과,구들마루,정림동 주민자치회 3기 발대식 추진 및 간담회,440000,ae0adaac31a24c6289e4482b2b2c52d18540e027da764345d09c78b818221060,file1.sheet1:R5,,,
ae0adaac31a24c62-file1.sheet1-R6,2026-01-12,daejeon-seo,자치행정과,만년미역,2026년 새마을지도자 서구협의회 정기총회 간담회,52000,ae0adaac31a24c6289e4482b2b2c52d18540e027da764345d09c78b818221060,file1.sheet1:R6,,,
ae0adaac31a24c62-file1.sheet1-R7,2026-01-23,daejeon-seo,자치행정과,만년미역,2026년 1월 통장협의회 월례회의 관련 임원단 간담회,100000,ae0adaac31a24c6289e4482b2b2c52d18540e027da764345d09c78b818221060,file1.sheet1:R7,,,
ae0adaac31a24c62-file1.sheet1-R8,2026-02-03,daejeon-seo,자치행정과,더돈하우스,설 명절 대비 탄방동 통장협의회 간담회,290000,ae0adaac31a24c6289e4482b2b2c52d18540e027da764345d09c78b818221060,file1.sheet1:R8,,,
ae0adaac31a24c62-file1.sheet1-R9,2026-02-10,daejeon-seo,자치행정과,남도항아리,"「우리동네,소통투어」 관련 둔산3동 통장협의회 간담회",78000,ae0adaac31a24c6289e4482b2b2c52d18540e027da764345d09c78b818221060,file1.sheet1:R9,,,
ae0adaac31a24c62-file1.sheet1-R10,2026-02-24,daejeon-seo,자치행정과,토종골옻닭마을,화재예방 및 구정홍보 관련 통장협의회 간담회,100000,ae0adaac31a24c6289e4482b2b2c52d18540e027da764345d09c78b818221060,file1.sheet1:R10,,,
ae0adaac31a24c62-file1.sheet1-R11,2026-03-05,daejeon-seo,자치행정과,팔도돔베,2026년 주민자치회 분과 역량강화 교육 관련 주민자치회 간담회,480000,ae0adaac31a24c6289e4482b2b2c52d18540e027da764345d09c78b818221060,file1.sheet1:R11,,,
ae0adaac31a24c62-file1.sheet1-R12,2026-03-24,daejeon-seo,자치행정과,황토우렁쌈밥,2026년 3월 대전광역시 통장협의회 월례회의 추진 및 간담회,210000,ae0adaac31a24c6289e4482b2b2c52d18540e027da764345d09c78b818221060,file1.sheet1:R12,,,
ae0adaac31a24c62-file1.sheet1-R13,2026-03-23,daejeon-seo,자치행정과,남도항아리,대전화재 합동분향소 자원봉사 추진에 따른 서구 적십자봉사회 격려,135000,ae0adaac31a24c6289e4482b2b2c52d18540e027da764345d09c78b818221060,file1.sheet1:R13,,,
ae0adaac31a24c62-file1.sheet2-R5,2026-02-13,daejeon-seo,자치행정과장,이마트 둔산점,직원 다과 및 차류 구입,448760,ae0adaac31a24c6289e4482b2b2c52d18540e027da764345d09c78b818221060,file1.sheet2:R5,,,
07646260a3b7a6fc-file1.sheet1-R5,2026-03-27,daejeon-seo,둔산3동,문가회관 / 대전 서구 둔산로 137번길 31 1층,기관운영업무추진비 집행 품의(소속직원 격려),300000,07646260a3b7a6fc15e513ae27fdb157f6490415ebea9ec5f700dbe302a3e4e7,file1.sheet1:R5,,,
d0405e8400cfeafb-file1.sheet1-R5,2026-03-03,daejeon-seo,도마1동,매일반점,남성자율방범대 격려,120000,d0405e8400cfeafbfe76cad06ff45b4a514635c375f30e916f550990f401e8dd,file1.sheet1:R5,,,
d0405e8400cfeafb-file1.sheet1-R6,2026-03-04,daejeon-seo,도마1동,타미띠에,주민자치회 차담회,30000,d0405e8400cfeafbfe76cad06ff45b4a514635c375f30e916f550990f401e8dd,file1.sheet1:R6,,,
d0405e8400cfeafb-file1.sheet1-R7,2026-03-09,daejeon-seo,도마1동,옥수숯불구이,자원순환가게 사업관계자 간담회,60000,d0405e8400cfeafbfe76cad06ff45b4a514635c375f30e916f550990f401e8dd,file1.sheet1:R7,,,
d0405e8400cfeafb-file1.sheet1-R8,2026-03-17,daejeon-seo,도마1동,이서방네아구복집,동정협의회 회의,144000,d0405e8400cfeafbfe76cad06ff45b4a514635c375f30e916f550990f401e8dd,file1.sheet1:R8,,,
d0405e8400cfeafb-file1.sheet1-R9,2026-03-24,daejeon-seo,도마1동,한우진곰탕,새마을지도자협의회 격려,144000,d0405e8400cfeafbfe76cad06ff45b4a514635c375f30e916f550990f401e8dd,file1.sheet1:R9,,,
d9277df4bc054fef-file1.sheet2-R5,2026-03-06,daejeon-seo,건강증진과,㈜스위트 베이징,건강증진사업 유관기관 간담회,308000,d9277df4bc054fef9c049273a1ad25760dc28f45692d8ec4cd61de3d457bddd2,file1.sheet2:R5,,,
5c46580142c2c7d8-file1.sheet2-R5,2026-02-03,daejeon-seo,토지정보과,한우돈숯불구이,직원화합,1250000,5c46580142c2c7d8609538ba00220b44a6f020d3468504cffd80cafe1d423eac,file1.sheet2:R5,,,
5c46580142c2c7d8-file1.sheet2-R6,2026-03-11,daejeon-seo,토지정보과,한우돈숯불구이,직원화합,239000,5c46580142c2c7d8609538ba00220b44a6f020d3468504cffd80cafe1d423eac,file1.sheet2:R6,,,
033124a28a4a4a02-file1.sheet1-R5,2026-02-05,daejeon-seo,도서관운영과,굴세상(신갈마로 59),직원격려,225000,033124a28a4a4a0206a7ac12d3ff006e332d363d901dd5201b246cf81b0605ce,file1.sheet1:R5,,,
033124a28a4a4a02-file1.sheet1-R6,2026-02-09,daejeon-seo,도서관운영과,고구려(도솔로 143),직원격려,180000,033124a28a4a4a0206a7ac12d3ff006e332d363d901dd5201b246cf81b0605ce,file1.sheet1:R6,,,
033124a28a4a4a02-file1.sheet1-R7,2026-02-09,daejeon-seo,도서관운영과,두레박(정림로 66),직원격려,60000,033124a28a4a4a0206a7ac12d3ff006e332d363d901dd5201b246cf81b0605ce,file1.sheet1:R7,,,
033124a28a4a4a02-file1.sheet1-R8,2026-02-10,daejeon-seo,도서관운영과,플로우브레드(신갈마로 75-4),직원격려,75000,033124a28a4a4a0206a7ac12d3ff006e332d363d901dd5201b246cf81b0605ce,file1.sheet1:R8,,,
033124a28a4a4a02-file1.sheet1-R9,2026-02-11,daejeon-seo,도서관운영과,백반집(신갈마로 263),직원격려,165000,033124a28a4a4a0206a7ac12d3ff006e332d363d901dd5201b246cf81b0605ce,file1.sheet1:R9,,,
033124a28a4a4a02-file1.sheet1-R10,2026-02-13,daejeon-seo,도서관운영과,금촌신관(둔산중로 138),직원격려,180000,033124a28a4a4a0206a7ac12d3ff006e332d363d901dd5201b246cf81b0605ce,file1.sheet1:R10,,,
3dc8753acc824156-file1.sheet1-R5,2026-02-06,daejeon-seo,둔산2동장,충남순대,통장협의회와의 간담회,138000,3dc8753acc824156f639a7b3b47accbb99897bb9aa72cdb7d41a0956f158d950,file1.sheet1:R5,,,
3dc8753acc824156-file1.sheet1-R6,2026-02-12,daejeon-seo,둔산2동장,대전장애인생산품판매시설,설 명절 맞이 직원 격려품 구입,570000,3dc8753acc824156f639a7b3b47accbb99897bb9aa72cdb7d41a0956f158d950,file1.sheet1:R6,,,
3dc8753acc824156-file1.sheet1-R7,2026-02-12,daejeon-seo,둔산2동장,이마트 둔산점,내방객 접대용 음료 및 다과,138870,3dc8753acc824156f639a7b3b47accbb99897bb9aa72cdb7d41a0956f158d950,file1.sheet1:R7,,,
3dc8753acc824156-file1.sheet2-R5,2026-02-04,daejeon-seo,둔산2동장,황토우렁쌈밥,인사발령에 따른 직원 송환영회,450000,3dc8753acc824156f639a7b3b47accbb99897bb9aa72cdb7d41a0956f158d950,file1.sheet2:R5,,,
3dc8753acc824156-file1.sheet2-R6,2026-02-13,daejeon-seo,둔산2동장,스타벅스 대전대덕로점,직원 격려 간식 구입,157800,3dc8753acc824156f639a7b3b47accbb99897bb9aa72cdb7d41a0956f158d950,file1.sheet2:R6,,,
0e26c8717fc4e578-file1.sheet1-R5,2026-02-09,daejeon-seo,주민복지국장,별주부해물찜탕,서구 복지만두레운영협의회 임원진과의 간담회,125000,0e26c8717fc4e578da8a86b5faec5781d96799ddf063d22028e019db45effa5a,file1.sheet1:R5,,,
0e26c8717fc4e578-file1.sheet1-R6,2026-02-20,daejeon-seo,주민복지국장,퐁당,2026년 찾아가는 복지서비스 기본계획 수립 관계자와의 간담회,67700,0e26c8717fc4e578da8a86b5faec5781d96799ddf063d22028e019db45effa5a,file1.sheet1:R6,,,
0e26c8717fc4e578-file1.sheet2-R5,2026-02-01,daejeon-seo,주민복지국장,-,소속직원 축의금,50000,0e26c8717fc4e578da8a86b5faec5781d96799ddf063d22028e019db45effa5a,file1.sheet2:R5,,,
0e26c8717fc4e578-file1.sheet2-R6,2026-02-09,daejeon-seo,주민복지국장,-,소속직원 부의금,50000,0e26c8717fc4e578da8a86b5faec5781d96799ddf063d22028e019db45effa5a,file1.sheet2:R6,,,
0e26c8717fc4e578-file1.sheet3-R5,2026-02-05,daejeon-seo,복지정책과장,오씨칼국수,인사발령에 따른 직원 환영회,605000,0e26c8717fc4e578da8a86b5faec5781d96799ddf063d22028e019db45effa5a,file1.sheet3:R5,,,
91548cc3ac6e1041-file1.sheet1-R5,2026-02-04,daejeon-seo,둔산3동,인터넷구매,설명절 상근직원 격려품 구입,649400,91548cc3ac6e1041c407f69f54f6ccfac49dae561fc699ca4cf8d1a4e035d951,file1.sheet1:R5,,,
91548cc3ac6e1041-file1.sheet1-R6,2026-02-05,daejeon-seo,둔산3동,어가(문정로 170번길 25),주민자치회 임원진 간담회,159000,91548cc3ac6e1041c407f69f54f6ccfac49dae561fc699ca4cf8d1a4e035d951,file1.sheet1:R6,,,
91548cc3ac6e1041-file1.sheet1-R7,2026-02-12,daejeon-seo,둔산3동,남도항아리(문정로 170번길 177),바르게살기위원회 간담회,248000,91548cc3ac6e1041c407f69f54f6ccfac49dae561fc699ca4cf8d1a4e035d951,file1.sheet1:R7,,,
91548cc3ac6e1041-file1.sheet2-R5,2026-02-03,daejeon-seo,둔산3동,지리산숯불갈비생고기(문정로 170번길 154),인사발령에 따른 송환영회,550000,91548cc3ac6e1041c407f69f54f6ccfac49dae561fc699ca4cf8d1a4e035d951,file1.sheet2:R5,,,
fdb5bb354a5524e6-file1.sheet2-R5,2026-02-05,daejeon-seo,보건행정과,개인(성명 비공개),소속직원 경조사비,50000,fdb5bb354a5524e6fdb73c26a2eefdcabf24f009489c395bf2cc0ad2e7b59973,file1.sheet2:R5,,,
fdb5bb354a5524e6-file1.sheet2-R6,2026-02-11,daejeon-seo,보건행정과,예심하우스,설 명절 기간제근로자 명절선물,112000,fdb5bb354a5524e6fdb73c26a2eefdcabf24f009489c395bf2cc0ad2e7b59973,file1.sheet2:R6,,,
fdb5bb354a5524e6-file1.sheet2-R7,2026-02-20,daejeon-seo,보건행정과,달빛에 구운 고등어,소속직원 격려,62000,fdb5bb354a5524e6fdb73c26a2eefdcabf24f009489c395bf2cc0ad2e7b59973,file1.sheet2:R7,,,
fdb5bb354a5524e6-file1.sheet2-R8,2026-02-20,daejeon-seo,보건행정과,부흥농원,북부건강생활지원센터 개관식 축하화분,50000,fdb5bb354a5524e6fdb73c26a2eefdcabf24f009489c395bf2cc0ad2e7b59973,file1.sheet2:R8,,,
fdb5bb354a5524e6-file1.sheet4-R5,2026-02-03,daejeon-seo,보건행정과,둔산이마트,2월 생일 직원 상품권 구입,180000,fdb5bb354a5524e6fdb73c26a2eefdcabf24f009489c395bf2cc0ad2e7b59973,file1.sheet4:R5,,,
a6b3d571d3628889-file1.sheet1-R5,2026-02-03,daejeon-seo,위생과장,엑스포복아구,청년창업가를 위한 레시피 교육 사업 관련 논의 등,181000,a6b3d571d3628889eecf0ef490b17a28c850ca48b4a9d0e7c8bf1ab0df635586,file1.sheet1:R5,,,
a6b3d571d3628889-file1.sheet2-R5,2026-02-02,daejeon-seo,위생과장,구미관,인사이동에 따른 환영회,720000,a6b3d571d3628889eecf0ef490b17a28c850ca48b4a9d0e7c8bf1ab0df635586,file1.sheet2:R5,,,
a6b3d571d3628889-file1.sheet2-R6,2026-02-12,daejeon-seo,위생과장,㈜이마트,직원 격려 간식 구입,96300,a6b3d571d3628889eecf0ef490b17a28c850ca48b4a9d0e7c8bf1ab0df635586,file1.sheet2:R6,,,
9191f460d9be23c4-file1.sheet1-R5,2026-02-11,daejeon-seo,문화체육과,설맞이 농특산물 직거래 장터(이레맛김),직원사기진작을 위한 업무추진비 집행(직원 격려),294000,9191f460d9be23c4d7260a55274058068f9ee47604734c465971853c54cb9d18,file1.sheet1:R5,,,
9191f460d9be23c4-file1.sheet1-R6,2026-03-04,daejeon-seo,문화체육과,화랑성,직원사기진작을 위한 업무추진비 집행(직원 격려),143000,9191f460d9be23c4d7260a55274058068f9ee47604734c465971853c54cb9d18,file1.sheet1:R6,,,
9191f460d9be23c4-file1.sheet2-R5,2026-02-05,daejeon-seo,문화체육과,옥수숯불구이,도솔다목적체육관 운영방안 논의 간담회,149000,9191f460d9be23c4d7260a55274058068f9ee47604734c465971853c54cb9d18,file1.sheet2:R5,,,
9191f460d9be23c4-file1.sheet2-R6,2026-02-10,daejeon-seo,문화체육과,선사삼계탕,2026년 국가유산 공모사업 관련 간담회,125000,9191f460d9be23c4d7260a55274058068f9ee47604734c465971853c54cb9d18,file1.sheet2:R6,,,
510d8ebd57fff7e4-file1.sheet1-R5,2026-02-04,daejeon-seo,지역경제과,송가칼국수족발(둔산동),2026.2.2.자 인사이동에 따른 환영회 자리 마련,202000,510d8ebd57fff7e4638cd4f2090307db4f97bf9cede54f1fffb87d01ef98524a,file1.sheet1:R5,,,
65892d85a59f6c4f-file1.sheet1-R5,2026-02-02,daejeon-seo,공원녹지과,황토우렁쌈밥,직원화합을 위한 업무추진비 집행,632000,65892d85a59f6c4f256b706fc359392468e767be1615b14f7c6ce3cbc1bd728a,file1.sheet1:R5,,,
2ad03fb83bd9768a-file1.sheet1-R5,2026-02-02,daejeon-seo,도마1동,백년추어탕,직원 격려,47000,2ad03fb83bd9768a4681c8fb6c74c14d6d9efb35b775366a7ffca27a28192b95,file1.sheet1:R5,,,
2ad03fb83bd9768a-file1.sheet1-R6,2026-02-05,daejeon-seo,도마1동,도마실디딤터카페,자생단체 차담회,106000,2ad03fb83bd9768a4681c8fb6c74c14d6d9efb35b775366a7ffca27a28192b95,file1.sheet1:R6,,,
2ad03fb83bd9768a-file1.sheet1-R7,2026-02-05,daejeon-seo,도마1동,새마을정육식당,주민자치회 간담회,107000,2ad03fb83bd9768a4681c8fb6c74c14d6d9efb35b775366a7ffca27a28192b95,file1.sheet1:R7,,,
2ad03fb83bd9768a-file1.sheet1-R8,2026-02-06,daejeon-seo,도마1동,쌈패,새마을부녀회 격려,138000,2ad03fb83bd9768a4681c8fb6c74c14d6d9efb35b775366a7ffca27a28192b95,file1.sheet1:R8,,,
2ad03fb83bd9768a-file1.sheet1-R9,2026-02-09,daejeon-seo,도마1동,타미띠에,바르게살기위원회 격려,153000,2ad03fb83bd9768a4681c8fb6c74c14d6d9efb35b775366a7ffca27a28192b95,file1.sheet1:R9,,,
2ad03fb83bd9768a-file1.sheet1-R10,2026-02-10,daejeon-seo,도마1동,감성포차,직원 격려,34000,2ad03fb83bd9768a4681c8fb6c74c14d6d9efb35b775366a7ffca27a28192b95,file1.sheet1:R10,,,
2ad03fb83bd9768a-file1.sheet1-R11,2026-02-11,daejeon-seo,도마1동,마을밥상,지역사회보장협의체 격려,167000,2ad03fb83bd9768a4681c8fb6c74c14d6d9efb35b775366a7ffca27a28192b95,file1.sheet1:R11,,,
2ad03fb83bd9768a-file1.sheet1-R12,2026-02-12,daejeon-seo,도마1동,승아네밥도둑,설맞이 새단장 캠페인 참여 자생단체 임원 격려,172000,2ad03fb83bd9768a4681c8fb6c74c14d6d9efb35b775366a7ffca27a28192b95,file1.sheet1:R12,,,
2ad03fb83bd9768a-file1.sheet1-R13,2026-02-13,daejeon-seo,도마1동,한우진곰탕,자생단체장 간담회,210000,2ad03fb83bd9768a4681c8fb6c74c14d6d9efb35b775366a7ffca27a28192b95,file1.sheet1:R13,,,
2ad03fb83bd9768a-file1.sheet1-R14,2026-02-27,daejeon-seo,도마1동,신영상회,대보름 행사 관련 자생단체 등 격려,109000,2ad03fb83bd9768a4681c8fb6c74c14d6d9efb35b775366a7ffca27a28192b95,file1.sheet1:R14,,,
2ad03fb83bd9768a-file1.sheet2-R5,2026-02-04,daejeon-seo,도마1동,㈜새마을2025,인사발령에 따른 송환영회,450000,2ad03fb83bd9768a4681c8fb6c74c14d6d9efb35b775366a7ffca27a28192b95,file1.sheet2:R5,,,
2ad03fb83bd9768a-file1.sheet2-R6,2026-02-25,daejeon-seo,도마1동,계룡마트,커피 등 차재료,200000,2ad03fb83bd9768a4681c8fb6c74c14d6d9efb35b775366a7ffca27a28192b95,file1.sheet2:R6,,,
ba841dec96344368-file1.sheet1-R5,2026-02-04,daejeon-seo,가수원동,예가,주민자치회 분과 구성 관계자 간담회,81000,ba841dec963443681998f78b94cb1c0cd6a4eb0b622415ee3ed92e7d9a1e29d1,file1.sheet1:R5,,,
ba841dec96344368-file1.sheet1-R6,2026-02-20,daejeon-seo,가수원동,소담목삼,노인협의회 간담회,172000,ba841dec963443681998f78b94cb1c0cd6a4eb0b622415ee3ed92e7d9a1e29d1,file1.sheet1:R6,,,
ba841dec96344368-file1.sheet2-R5,2026-02-02,daejeon-seo,가수원동,소담목삼,직원 송환영회,420000,ba841dec963443681998f78b94cb1c0cd6a4eb0b622415ee3ed92e7d9a1e29d1,file1.sheet2:R5,,,
ba841dec96344368-file1.sheet2-R6,2026-02-26,daejeon-seo,가수원동,파파존스 대전관저점,직원 격려 간식 구입,84200,ba841dec963443681998f78b94cb1c0cd6a4eb0b622415ee3ed92e7d9a1e29d1,file1.sheet2:R6,,,
ba841dec96344368-file1.sheet3-R5,2026-02-05,daejeon-seo,가수원동,스타벅스,직원 생일 축하,20000,ba841dec963443681998f78b94cb1c0cd6a4eb0b622415ee3ed92e7d9a1e29d1,file1.sheet3:R5,,,
1c890894cddc1122-file1.sheet1-R5,2026-01-07,daejeon-seo,재난안전과,생태명가,2026년 합동설계반 운영을 위한 관계자 간담회,90000,1c890894cddc112283b5496123565bfbabe425c3939a5af58c97e8dec038099a,file1.sheet1:R5,,,
1c890894cddc1122-file1.sheet1-R6,2026-01-12,daejeon-seo,재난안전과,암소고집,겨울철 도로 제설대책 추진실태 점검을 위한 관계자 간담회,200000,1c890894cddc112283b5496123565bfbabe425c3939a5af58c97e8dec038099a,file1.sheet1:R6,,,
1c890894cddc1122-file1.sheet1-R7,2026-01-16,daejeon-seo,재난안전과,둔산포횟집,재난취약시기 안전점검을 위한 관계자 간담회,70000,1c890894cddc112283b5496123565bfbabe425c3939a5af58c97e8dec038099a,file1.sheet1:R7,,,
1c890894cddc1122-file1.sheet1-R8,2026-01-19,daejeon-seo,재난안전과,한마음정육식당 대전시청점,한파대비 시설물 점검관리를 위한 관계자 간담회,300000,1c890894cddc112283b5496123565bfbabe425c3939a5af58c97e8dec038099a,file1.sheet1:R8,,,
1c890894cddc1122-file1.sheet1-R9,2026-01-21,daejeon-seo,재난안전과,엑스포아구,한파대비 취약계층 보온물품 지원을 위한 관계자 간담회,350000,1c890894cddc112283b5496123565bfbabe425c3939a5af58c97e8dec038099a,file1.sheet1:R9,,,
1c890894cddc1122-file1.sheet1-R10,2026-01-22,daejeon-seo,재난안전과,마실둔산점,제294회 임시회 대비 의정간담회,263000,1c890894cddc112283b5496123565bfbabe425c3939a5af58c97e8dec038099a,file1.sheet1:R10,,,
1c890894cddc1122-file1.sheet1-R11,2026-01-26,daejeon-seo,재난안전과,신선한우마을,생활권 보행환경 종합정비사업 관계자 간담회,451000,1c890894cddc112283b5496123565bfbabe425c3939a5af58c97e8dec038099a,file1.sheet1:R11,,,
1c890894cddc1122-file1.sheet1-R12,2026-01-29,daejeon-seo,재난안전과,엑스포아구,설연휴 안전사고 예방을 위한 간담회,120000,1c890894cddc112283b5496123565bfbabe425c3939a5af58c97e8dec038099a,file1.sheet1:R12,,,
1c890894cddc1122-file1.sheet1-R13,2026-02-09,daejeon-seo,재난안전과,1988평화숯불구이 대전시청점,설연휴 안전관리대책 점검을 위한 간담회,116800,1c890894cddc112283b5496123565bfbabe425c3939a5af58c97e8dec038099a,file1.sheet1:R13,,,
1c890894cddc1122-file1.sheet1-R14,2026-02-10,daejeon-seo,재난안전과,장수농장,중대재해 예방 종합계획 수립을 위한 간담회,356000,1c890894cddc112283b5496123565bfbabe425c3939a5af58c97e8dec038099a,file1.sheet1:R14,,,
1c890894cddc1122-file1.sheet1-R15,2026-02-20,daejeon-seo,재난안전과,김형제 고기의철학,개학기 초등학교 주변 안전점검을 위한 간담회,324000,1c890894cddc112283b5496123565bfbabe425c3939a5af58c97e8dec038099a,file1.sheet1:R15,,,
1c890894cddc1122-file1.sheet2-R5,2026-01-30,daejeon-seo,재난안전과,장수농장,직원 격려,880000,1c890894cddc112283b5496123565bfbabe425c3939a5af58c97e8dec038099a,file1.sheet2:R5,,,
1c890894cddc1122-file1.sheet2-R6,2026-02-20,daejeon-seo,재난안전과,전복만세,직원 격려,168000,1c890894cddc112283b5496123565bfbabe425c3939a5af58c97e8dec038099a,file1.sheet2:R6,,,
1c890894cddc1122-file1.sheet2-R7,2026-02-05,daejeon-seo,재난안전과,장수농장,직원 격려,820000,1c890894cddc112283b5496123565bfbabe425c3939a5af58c97e8dec038099a,file1.sheet2:R7,,,
1c890894cddc1122-file1.sheet3-R5,2026-01-23,daejeon-seo,재난안전과,안전건설국 직원,안전건설국 직원 경조사,50000,1c890894cddc112283b5496123565bfbabe425c3939a5af58c97e8dec038099a,file1.sheet3:R5,,,
1c890894cddc1122-file1.sheet3-R6,2026-02-03,daejeon-seo,재난안전과,안전건설국 직원,안전건설국 직원 경조사,100000,1c890894cddc112283b5496123565bfbabe425c3939a5af58c97e8dec038099a,file1.sheet3:R6,,,
1c890894cddc1122-file1.sheet3-R7,2026-02-05,daejeon-seo,재난안전과,중도매인199번,설명절 직원 격려,452000,1c890894cddc112283b5496123565bfbabe425c3939a5af58c97e8dec038099a,file1.sheet3:R7,,,
1c890894cddc1122-file1.sheet3-R8,2026-02-05,daejeon-seo,재난안전과,중도매인199번,안전건설국 직원 업무추진 격려,420000,1c890894cddc112283b5496123565bfbabe425c3939a5af58c97e8dec038099a,file1.sheet3:R8,,,
1c890894cddc1122-file1.sheet3-R9,2026-02-12,daejeon-seo,재난안전과,안전건설국 직원,안전건설국 직원 경조사,50000,1c890894cddc112283b5496123565bfbabe425c3939a5af58c97e8dec038099a,file1.sheet3:R9,,,
1c890894cddc1122-file1.sheet3-R10,2026-02-24,daejeon-seo,재난안전과,안전건설국 직원,안전건설국 직원 경조사,100000,1c890894cddc112283b5496123565bfbabe425c3939a5af58c97e8dec038099a,file1.sheet3:R10,,,
1c890894cddc1122-file1.sheet3-R11,2026-03-03,daejeon-seo,재난안전과,안전건설국 직원,안전건설국 직원 경조사,50000,1c890894cddc112283b5496123565bfbabe425c3939a5af58c97e8dec038099a,file1.sheet3:R11,,,
21273a04c0cdddec-file1.sheet1-R5,2026-02-03,daejeon-seo,자원순환과장,지리산 산골농장,송환영회,1039000,21273a04c0cdddec492dda253d4bfe73f8938e4fd576e4da01572be99b076be8,file1.sheet1:R5,,,
533561ac402f3588-file1.sheet1-R5,2026-02-06,daejeon-seo,도안동,몽뜨,직원격려,155500,533561ac402f35880801dfc9c30c7c8c1434d19c341024cca79d08682841d504,file1.sheet1:R5,,,
533561ac402f3588-file1.sheet1-R6,2026-02-06,daejeon-seo,도안동,중도메인65번,설 명절 직원격려,798000,533561ac402f35880801dfc9c30c7c8c1434d19c341024cca79d08682841d504,file1.sheet1:R6,,,
533561ac402f3588-file1.sheet1-R7,2026-02-12,daejeon-seo,도안동,몽뜨,직원격려,68000,533561ac402f35880801dfc9c30c7c8c1434d19c341024cca79d08682841d504,file1.sheet1:R7,,,
533561ac402f3588-file1.sheet1-R8,2026-02-26,daejeon-seo,도안동,호수한우,직원격려,300000,533561ac402f35880801dfc9c30c7c8c1434d19c341024cca79d08682841d504,file1.sheet1:R8,,,
533561ac402f3588-file1.sheet2-R5,2026-02-06,daejeon-seo,도안동,농촌이야기,직원 격려 간식,167000,533561ac402f35880801dfc9c30c7c8c1434d19c341024cca79d08682841d504,file1.sheet2:R5,,,
533561ac402f3588-file1.sheet2-R6,2026-02-13,daejeon-seo,도안동,도미노피자,직원 격려 간식,146200,533561ac402f35880801dfc9c30c7c8c1434d19c341024cca79d08682841d504,file1.sheet2:R6,,,
533561ac402f3588-file1.sheet3-R5,2026-02-10,daejeon-seo,도안동,교보문고,생일자 상품권 구입,40000,533561ac402f35880801dfc9c30c7c8c1434d19c341024cca79d08682841d504,file1.sheet3:R5,,,
f8f8c01e06aecf49-file1.sheet2-R5,2026-02-02,daejeon-seo,세정과,우두령(둔산중로64번길 33),부서원 사기진작,862000,f8f8c01e06aecf49cd91100a9ec5b8ecc36053bdbd418571d512f44984dcc35a,file1.sheet2:R5,,,
654c89178db791b5-file1.sheet1-R6,2026-02-04,daejeon-seo,월평2동,우체국쇼핑몰,설 명절맞이 직원선물 구입,540000,654c89178db791b57c895ce2472838abfe018698cec825426fcd30e08a5db053,file1.sheet1:R6,,,
654c89178db791b5-file1.sheet1-R7,2026-02-10,daejeon-seo,월평2동,19티 대전선사점,새마을부녀회와의 간담회 개최,40000,654c89178db791b57c895ce2472838abfe018698cec825426fcd30e08a5db053,file1.sheet1:R7,,,
03601126401c7221-file1.sheet1-R5,2026-02-02,daejeon-seo,둔산1동장,우체국,설명절 맞이 직원 격려,675050,03601126401c722139c3fdef142f1e0ca4a20f87ec1e5618df9f2eb2ac068d07,file1.sheet1:R5,,,
03601126401c7221-file1.sheet2-R5,2026-02-02,daejeon-seo,둔산1동장,하나은행 시청지점,2월 생일자 상품권 구입,40000,03601126401c722139c3fdef142f1e0ca4a20f87ec1e5618df9f2eb2ac068d07,file1.sheet2:R5,,,
03601126401c7221-file1.sheet3-R5,2026-02-12,daejeon-seo,둔산1동장,정원,인사발령에 따른 송환영회,417000,03601126401c722139c3fdef142f1e0ca4a20f87ec1e5618df9f2eb2ac068d07,file1.sheet3:R5,,,
03601126401c7221-file1.sheet3-R6,2026-02-25,daejeon-seo,둔산1동장,쿠팡,직원화합 간식 구입,75100,03601126401c722139c3fdef142f1e0ca4a20f87ec1e5618df9f2eb2ac068d07,file1.sheet3:R6,,,
ae91ca0577d138dc-file1.sheet1-R5,2026-02-05,daejeon-seo,복수동장,5.5춘천닭갈비복수점,기부문화 활성화 간담회,96000,ae91ca0577d138dc875675dcc5df398ce1d8abc517d5fc66a5a6ad3bc77a82a7,file1.sheet1:R5,,,
ae91ca0577d138dc-file1.sheet1-R6,2026-02-09,daejeon-seo,복수동장,정우마트 복수점,2026년 설 명절 직원선물,720000,ae91ca0577d138dc875675dcc5df398ce1d8abc517d5fc66a5a6ad3bc77a82a7,file1.sheet1:R6,,,
ae91ca0577d138dc-file1.sheet3-R5,2026-02-03,daejeon-seo,복수동장,스타벅스,직원 생일축하 상품권 구입,40000,ae91ca0577d138dc875675dcc5df398ce1d8abc517d5fc66a5a6ad3bc77a82a7,file1.sheet3:R5,,,
79d1945ec7aec695-file1.sheet1-R5,2026-02-05,daejeon-seo,평생학습원장,갈마연탄불고기(갈마동),직원격려,156000,79d1945ec7aec69570e9865bf7c5c072966ebf82ddc9caade75dacbc57dc02aa,file1.sheet1:R5,,,
79d1945ec7aec695-file1.sheet1-R6,2026-02-06,daejeon-seo,평생학습원장,두부사랑(갈마동),직원격려,315000,79d1945ec7aec69570e9865bf7c5c072966ebf82ddc9caade75dacbc57dc02aa,file1.sheet1:R6,,,
79d1945ec7aec695-file1.sheet1-R7,2026-02-10,daejeon-seo,평생학습원장,바담식탁(도안동),직원격려,216000,79d1945ec7aec69570e9865bf7c5c072966ebf82ddc9caade75dacbc57dc02aa,file1.sheet1:R7,,,
79d1945ec7aec695-file1.sheet1-R8,2026-02-11,daejeon-seo,평생학습원장,금촌신관(둔산동),직원격려,165000,79d1945ec7aec69570e9865bf7c5c072966ebf82ddc9caade75dacbc57dc02aa,file1.sheet1:R8,,,
25b3eb4827476325-file1.sheet1-R5,2026-02-05,daejeon-seo,용문동장,맛고을(계룡로 658-9),주민자치회 임원진 간담회,65000,25b3eb4827476325b65691f2b674da822c79209555b3749c4d934ad749cf51c0,file1.sheet1:R5,,,
25b3eb4827476325-file1.sheet1-R6,2026-02-06,daejeon-seo,용문동장,수라정(도산로 429),자생단체연합회 간담회,482000,25b3eb4827476325b65691f2b674da822c79209555b3749c4d934ad749cf51c0,file1.sheet1:R6,,,
25b3eb4827476325-file1.sheet1-R7,2026-02-09,daejeon-seo,용문동장,충무할매낙지볶음(도산로 340),경로당 임원진 간담회,245000,25b3eb4827476325b65691f2b674da822c79209555b3749c4d934ad749cf51c0,file1.sheet1:R7,,,
25b3eb4827476325-file1.sheet1-R8,2026-02-26,daejeon-seo,용문동장,빛고을(문정로40번길 51),주민자치회 임원 격려,161000,25b3eb4827476325b65691f2b674da822c79209555b3749c4d934ad749cf51c0,file1.sheet1:R8,,,
25b3eb4827476325-file1.sheet2-R5,2026-02-04,daejeon-seo,용문동장,용문짚불삼겹살(도산로 333),직원 송환영회,434000,25b3eb4827476325b65691f2b674da822c79209555b3749c4d934ad749cf51c0,file1.sheet2:R5,,,
25b3eb4827476325-file1.sheet2-R6,2026-02-10,daejeon-seo,용문동장,성심당(계룡로 598),직원격려 및 사기진작,390000,25b3eb4827476325b65691f2b674da822c79209555b3749c4d934ad749cf51c0,file1.sheet2:R6,,,
25b3eb4827476325-file1.sheet3-R5,2026-02-04,daejeon-seo,용문동장,스타벅스 대전둔산로점(대덕대로241번길 35),상반기 직원 생일 상품권 구입,210000,25b3eb4827476325b65691f2b674da822c79209555b3749c4d934ad749cf51c0,file1.sheet3:R5,,,
c8ad02c043c05995-file1.sheet1-R5,2026-02-19,daejeon-seo,건강증진과,정림스토어 (만년점),직원 다과 구입,798000,c8ad02c043c05995bb748c093e349c3388c7813f1dcb67327ab5946242a94b9f,file1.sheet1:R5,,,
a4e6f65ec479fd37-file1.sheet1-R5,2026-01-21,daejeon-seo,주차행정과,황토우렁쌈밥,직원 노고 격려,460000,a4e6f65ec479fd37e94d73695d9c78c2918c696ce4c6b622067984f1ba727269,file1.sheet1:R5,,,
a4e6f65ec479fd37-file1.sheet1-R6,2026-02-13,daejeon-seo,주차행정과,우두령,직원 격려,490000,a4e6f65ec479fd37e94d73695d9c78c2918c696ce4c6b622067984f1ba727269,file1.sheet1:R6,,,
a4e6f65ec479fd37-file1.sheet2-R5,2026-01-19,daejeon-seo,주차행정과,제천명기황태,AI 무인주차시스템 관련자 간담회,66000,a4e6f65ec479fd37e94d73695d9c78c2918c696ce4c6b622067984f1ba727269,file1.sheet2:R5,,,
6c54f56ce9c8e198-file1.sheet1-R5,2026-02-05,daejeon-seo,도시정비과장,황토우렁쌈밥,송별회 및 환영회,540000,6c54f56ce9c8e198aba33ba7a6c5a90fbbc0174f459a37999b3abaae132ebaa6,file1.sheet1:R5,,,
77b6f5f44b76df6d-file1.sheet1-R5,2026-01-30,daejeon-seo,갈마1동,후지산,경로당 임직원들과의 간담회,125000,77b6f5f44b76df6dcab39c45feddaeb023f7da339342166f7eafa7b912460930,file1.sheet1:R5,,,
77b6f5f44b76df6d-file1.sheet1-R6,2026-02-09,daejeon-seo,갈마1동,스타벅스,내방객 다과구입,37600,77b6f5f44b76df6dcab39c45feddaeb023f7da339342166f7eafa7b912460930,file1.sheet1:R6,,,
77b6f5f44b76df6d-file1.sheet1-R7,2026-02-12,daejeon-seo,갈마1동,황산벌 추어탕,경로당 회원들과의 간담회,175000,77b6f5f44b76df6dcab39c45feddaeb023f7da339342166f7eafa7b912460930,file1.sheet1:R7,,,
77b6f5f44b76df6d-file1.sheet1-R8,2026-02-13,daejeon-seo,갈마1동,백조한우마을,주민자치회 위원들과의 간담회,118000,77b6f5f44b76df6dcab39c45feddaeb023f7da339342166f7eafa7b912460930,file1.sheet1:R8,,,
77b6f5f44b76df6d-file1.sheet1-R9,2026-02-20,daejeon-seo,갈마1동,닭한마리 칼국수,자생단체장들과의 간담회,53000,77b6f5f44b76df6dcab39c45feddaeb023f7da339342166f7eafa7b912460930,file1.sheet1:R9,,,
77b6f5f44b76df6d-file1.sheet2-R6,2026-02-04,daejeon-seo,갈마1동,손수차림,인사이동에 따른 송환영회,419000,77b6f5f44b76df6dcab39c45feddaeb023f7da339342166f7eafa7b912460930,file1.sheet2:R6,,,
77b6f5f44b76df6d-file1.sheet2-R7,2026-02-10,daejeon-seo,갈마1동,에덴청과,직원격려 간식 구입,450000,77b6f5f44b76df6dcab39c45feddaeb023f7da339342166f7eafa7b912460930,file1.sheet2:R7,,,
77b6f5f44b76df6d-file1.sheet2-R8,2026-02-23,daejeon-seo,갈마1동,에덴청과,직원격려 간식 구입,122000,77b6f5f44b76df6dcab39c45feddaeb023f7da339342166f7eafa7b912460930,file1.sheet2:R8,,,
0e35fd5309bfeab1-file1.sheet1-R5,2026-01-02,daejeon-seo,탄방동장,쿠팡,주민대화방 내방객 커피 구입,63400,0e35fd5309bfeab17bbb1d5f5054af5adb467fd05efae886b71f092b8b7320d2,file1.sheet1:R5,,,
0e35fd5309bfeab1-file1.sheet1-R6,2026-01-13,daejeon-seo,탄방동장,개인(성명 비공개),소속직원 부의금,50000,0e35fd5309bfeab17bbb1d5f5054af5adb467fd05efae886b71f092b8b7320d2,file1.sheet1:R6,,,
0e35fd5309bfeab1-file1.sheet1-R7,2026-01-14,daejeon-seo,탄방동장,오천항,구의원 간담회,180000,0e35fd5309bfeab17bbb1d5f5054af5adb467fd05efae886b71f092b8b7320d2,file1.sheet1:R7,,,
0e35fd5309bfeab1-file1.sheet1-R8,2026-01-14,daejeon-seo,탄방동장,명태마을 둔산점,복지만두레 회원 간담회,232000,0e35fd5309bfeab17bbb1d5f5054af5adb467fd05efae886b71f092b8b7320d2,file1.sheet1:R8,,,
0e35fd5309bfeab1-file1.sheet1-R9,2026-01-15,daejeon-seo,탄방동장,투썸플레이스 대전문정로점,주민자치회 임원 간담회,40900,0e35fd5309bfeab17bbb1d5f5054af5adb467fd05efae886b71f092b8b7320d2,file1.sheet1:R9,,,
0e35fd5309bfeab1-file1.sheet1-R10,2026-01-29,daejeon-seo,탄방동장,로투스Lotus청,"남성, 여성 자율방범대 임원 간담회",150000,0e35fd5309bfeab17bbb1d5f5054af5adb467fd05efae886b71f092b8b7320d2,file1.sheet1:R10,,,
0e35fd5309bfeab1-file1.sheet1-R11,2026-01-29,daejeon-seo,탄방동장,매드포갈릭 대전둔산점,소속직원 격려,142400,0e35fd5309bfeab17bbb1d5f5054af5adb467fd05efae886b71f092b8b7320d2,file1.sheet1:R11,,,
0e35fd5309bfeab1-file1.sheet2-R5,2026-01-30,daejeon-seo,탄방동장,해변으로가요횟집,인사발령에 따른 송별회,560000,0e35fd5309bfeab17bbb1d5f5054af5adb467fd05efae886b71f092b8b7320d2,file1.sheet2:R5,,,
0724e0928440797d-file1.sheet2-R5,2026-01-21,daejeon-seo,노인장애인과장,유끼참치일식(서구 문정로 30),장애인활동지원 수급자격심의위원회 간담회,165000,0724e0928440797d5de14ca0158d89b22eb1cf4dcf178361e1823c15d8cfa69e,file1.sheet2:R5,,,
5ab953c738440453-file1.sheet1-R5,2026-01-30,daejeon-seo,문화체육과,애슐리퀸즈 대전peer점,직원화합을 위한 업무추진비 집행,468300,5ab953c738440453d8979985aaa884a9f8cf2b23a1ec6bf014124e854da26509,file1.sheet1:R5,,,
36e13db642672019-file1.sheet3-R5,2026-01-02,daejeon-seo,보건행정과,총체보리한우,직원 화합,432000,36e13db642672019febd6bd20b76928f5de6b78d82fe04801559fca96873a816,file1.sheet3:R5,,,
36e13db642672019-file1.sheet3-R6,2026-01-30,daejeon-seo,보건행정과,정립스토아,직원음료구입,450000,36e13db642672019febd6bd20b76928f5de6b78d82fe04801559fca96873a816,file1.sheet3:R6,,,
36e13db642672019-file1.sheet4-R5,2026-01-07,daejeon-seo,보건행정과,둔산이마트,1월 생일 직원 상품권 구입,360000,36e13db642672019febd6bd20b76928f5de6b78d82fe04801559fca96873a816,file1.sheet4:R5,,,
a398b629bf9d673d-file1.sheet1-R5,2026-01-30,daejeon-seo,지역경제과,우두령(둔산동),송별회 직원 화합 및 격려,247000,a398b629bf9d673dfba58913778b4896723208b24d4009b67b9c36726c7cc4d5,file1.sheet1:R5,,,
a398b629bf9d673d-file1.sheet1-R6,2026-01-30,daejeon-seo,지역경제과,서로히(둔산동),송별회 직원 화합 간식 구입,95000,a398b629bf9d673dfba58913778b4896723208b24d4009b67b9c36726c7cc4d5,file1.sheet1:R6,,,
a398b629bf9d673d-file1.sheet2-R5,2026-01-14,daejeon-seo,지역경제과,맛소야(괴정동),한민시장 아케이드 보수관련 간담회,136000,a398b629bf9d673dfba58913778b4896723208b24d4009b67b9c36726c7cc4d5,file1.sheet2:R5,,,
e33b5ac78e066003-file1.sheet2-R6,2026-01-08,daejeon-seo,만년동,금강왕생삼겹(둔산대로117번길 95),인사발령에 따른 환영회,501000,e33b5ac78e0660032ee586ed48517d82598ee3d9d6a8310e55fa0366aea0e7f5,file1.sheet2:R6,,,
9d6bcee849f2675a-file1.sheet1-R5,2026-01-07,daejeon-seo,월평3동,한마음 정육식당,기관운영업무추진비 집행(자원봉사협의회 간담회),200000,9d6bcee849f2675a2895c5d1a3c710f92bf28d1e2dc7e9c9c0d3b9172909c9b2,file1.sheet1:R5,,,
9d6bcee849f2675a-file1.sheet1-R6,2026-01-28,daejeon-seo,월평3동,사랑방 식당,기관운영업무추진비 집행(자유총연맹 간담회),200000,9d6bcee849f2675a2895c5d1a3c710f92bf28d1e2dc7e9c9c0d3b9172909c9b2,file1.sheet1:R6,,,
9d6bcee849f2675a-file1.sheet3-R5,2026-01-07,daejeon-seo,월평3동,스타벅스,직원생일축하,120000,9d6bcee849f2675a2895c5d1a3c710f92bf28d1e2dc7e9c9c0d3b9172909c9b2,file1.sheet3:R5,,,
bf37a17da0884397-file1.sheet1-R5,2026-01-09,daejeon-seo,도마2동장,양평칼국수 (서구 도솔로 54),새마을부녀회 격려,246000,bf37a17da0884397cf925f97fbd7c32bd070f6984cd2ea152afabfdc63aa9dbb,file1.sheet1:R5,,,
bf37a17da0884397-file1.sheet1-R6,2026-01-27,daejeon-seo,도마2동장,논뚜렁추어탕 (서구 배재로 212),주민자치회 임원 격려,192000,bf37a17da0884397cf925f97fbd7c32bd070f6984cd2ea152afabfdc63aa9dbb,file1.sheet1:R6,,,
bf37a17da0884397-file1.sheet1-R7,2026-01-29,daejeon-seo,도마2동장,봄초밥여름소바 (서구 도림2길 11),소속 직원 격려,72000,bf37a17da0884397cf925f97fbd7c32bd070f6984cd2ea152afabfdc63aa9dbb,file1.sheet1:R7,,,
bf37a17da0884397-file1.sheet1-R8,2026-01-29,daejeon-seo,도마2동장,문구뱅크 (서구 도마5길 6),내방객 접대용 음료 및 커피,230400,bf37a17da0884397cf925f97fbd7c32bd070f6984cd2ea152afabfdc63aa9dbb,file1.sheet1:R8,,,
98ee8bce9950fe8c-file1.sheet1-R5,2026-01-15,daejeon-seo,괴정동,항아리보쌈 괴정한민점,행정팀 격려,150000,98ee8bce9950fe8c7ec5c00e7969dcaa23c1877e283e6f65bb9aa0c89cec16c8,file1.sheet1:R5,,,
98ee8bce9950fe8c-file1.sheet1-R6,2026-01-16,daejeon-seo,괴정동,네스프레소,내방객 차재료 구입,153500,98ee8bce9950fe8c7ec5c00e7969dcaa23c1877e283e6f65bb9aa0c89cec16c8,file1.sheet1:R6,,,
98ee8bce9950fe8c-file1.sheet1-R7,2026-01-28,daejeon-seo,괴정동,소나무풍경,자생단체장 간담회,242000,98ee8bce9950fe8c7ec5c00e7969dcaa23c1877e283e6f65bb9aa0c89cec16c8,file1.sheet1:R7,,,
6fc0f47628ede35c-file1.sheet1-R5,2026-01-06,daejeon-seo,변동장,영광떡방앗간,새마을문고 회원 격려,200000,6fc0f47628ede35ca9bf928af8cb37e8c599e2bc7357e2df32b2e0ef15dd9edc,file1.sheet1:R5,,,
6fc0f47628ede35c-file1.sheet1-R6,2026-01-06,daejeon-seo,변동장,호영식당,주민자치문화센터 프로그램 강사 오찬,150000,6fc0f47628ede35ca9bf928af8cb37e8c599e2bc7357e2df32b2e0ef15dd9edc,file1.sheet1:R6,,,
6fc0f47628ede35c-file1.sheet1-R7,2026-01-21,daejeon-seo,변동장,복돈오리,지역사회보장협의체 오찬간담회,183000,6fc0f47628ede35ca9bf928af8cb37e8c599e2bc7357e2df32b2e0ef15dd9edc,file1.sheet1:R7,,,
6fc0f47628ede35c-file1.sheet1-R8,2026-01-28,daejeon-seo,변동장,손수차림,주민자치회 전현임 임원진 오찬,260000,6fc0f47628ede35ca9bf928af8cb37e8c599e2bc7357e2df32b2e0ef15dd9edc,file1.sheet1:R8,,,
6fc0f47628ede35c-file1.sheet1-R9,2026-01-30,daejeon-seo,변동장,복돈오리,새마을문고 회원 격려,400000,6fc0f47628ede35ca9bf928af8cb37e8c599e2bc7357e2df32b2e0ef15dd9edc,file1.sheet1:R9,,,
6fc0f47628ede35c-file1.sheet3-R5,2026-02-02,daejeon-seo,경리,호영식당,직원 송환영회,420000,6fc0f47628ede35ca9bf928af8cb37e8c599e2bc7357e2df32b2e0ef15dd9edc,file1.sheet3:R5,,,
6e595f57613d252c-file1.sheet1-R5,2026-01-23,daejeon-seo,가장동,한쌈대패 한민점,직원 화합,292800,6e595f57613d252c945c2a7b93d4277686fb0c79e6e544c0aee3041752d409ba,file1.sheet1:R5,,,
12612b388bfbd3d5-file1.sheet1-R5,2026-01-05,daejeon-seo,갈마2동,교보문고,직원 생일 축하 상품권 구입,60000,12612b388bfbd3d5ddbca3155aff3ace3398f09097f16b934024a60ce7d995be,file1.sheet1:R5,af38a1e0d742f1c41d8780f2d0619b5d39895f2c6364ede7d80e8097ad59758d:file1.sheet1:R5,,
12612b388bfbd3d5-file1.sheet1-R6,2026-01-14,daejeon-seo,갈마2동,황제명태본가 갈마점,경로당 회장단 간담회,182000,12612b388bfbd3d5ddbca3155aff3ace3398f09097f16b934024a60ce7d995be,file1.sheet1:R6,af38a1e0d742f1c41d8780f2d0619b5d39895f2c6364ede7d80e8097ad59758d:file1.sheet1:R6,,
12612b388bfbd3d5-file1.sheet1-R7,2026-01-16,daejeon-seo,갈마2동,뉴킹마트,직원격려,56000,12612b388bfbd3d5ddbca3155aff3ace3398f09097f16b934024a60ce7d995be,file1.sheet1:R7,af38a1e0d742f1c41d8780f2d0619b5d39895f2c6364ede7d80e8097ad59758d:file1.sheet1:R7,,
12612b388bfbd3d5-file1.sheet1-R8,2026-01-29,daejeon-seo,갈마2동,바다양푼이동태탕삼겹살,지역사회보장협의체 간담회,100000,12612b388bfbd3d5ddbca3155aff3ace3398f09097f16b934024a60ce7d995be,file1.sheet1:R8,af38a1e0d742f1c41d8780f2d0619b5d39895f2c6364ede7d80e8097ad59758d:file1.sheet1:R8,,
e0c038661dba896c-file1.sheet1-R5,2026-01-05,daejeon-seo,월평1동,만수네흑염소,경로당 회장과의 간담회,120000,e0c038661dba896cfc7d309a7c179812722a778ebcf7ea755f09439069029ea3,file1.sheet1:R5,,,
e0c038661dba896c-file1.sheet1-R6,2026-01-26,daejeon-seo,월평1동,명랑식당,주민자치회 임원 오찬,116000,e0c038661dba896cfc7d309a7c179812722a778ebcf7ea755f09439069029ea3,file1.sheet1:R6,,,
e0c038661dba896c-file1.sheet2-R5,2026-01-08,daejeon-seo,월평1동,교보문고,1월 생일 직원 문화상품권,40000,e0c038661dba896cfc7d309a7c179812722a778ebcf7ea755f09439069029ea3,file1.sheet2:R5,6fc0f47628ede35ca9bf928af8cb37e8c599e2bc7357e2df32b2e0ef15dd9edc:file1.sheet2:R5,,
e0c038661dba896c-file1.sheet2-R6,2026-01-30,daejeon-seo,월평1동,교보문고,2월 생일직원 문화상품권,20000,e0c038661dba896cfc7d309a7c179812722a778ebcf7ea755f09439069029ea3,file1.sheet2:R6,6fc0f47628ede35ca9bf928af8cb37e8c599e2bc7357e2df32b2e0ef15dd9edc:file1.sheet2:R6,,
cd420594eac1a8aa-file1.sheet1-R5,2026-01-31,daejeon-seo,평생학습원장,경조사(이혜정),경조사비,50000,cd420594eac1a8aac2e971361deeebe28577d8d2e4daade91ea768cc4f89db57,file1.sheet1:R5,,,
cd420594eac1a8aa-file1.sheet2-R5,2026-01-07,daejeon-seo,평생학습원장,정림가든(정림동),관내대학 RISE사업 평생학습 분야 간담회,400000,cd420594eac1a8aac2e971361deeebe28577d8d2e4daade91ea768cc4f89db57,file1.sheet2:R5,,,
cd420594eac1a8aa-file1.sheet3-R5,2026-01-08,daejeon-seo,평생학습과,올리빈(갈마동),직원화합,388100,cd420594eac1a8aac2e971361deeebe28577d8d2e4daade91ea768cc4f89db57,file1.sheet3:R5,,,
cd420594eac1a8aa-file1.sheet3-R6,2026-01-30,daejeon-seo,평생학습과,회랑(갈마동),직원화합,402500,cd420594eac1a8aac2e971361deeebe28577d8d2e4daade91ea768cc4f89db57,file1.sheet3:R6,,,
fb41b02d6fb25b97-file1.sheet2-R5,2026-01-05,daejeon-seo,위생과장,대선칼국수,직원격려 등,417500,fb41b02d6fb25b975014bf7a44fbcc2b5c08c6c05220d0ec673f432dff415354,file1.sheet2:R5,,,
ae5dd8b95f117363-file1.sheet1-R5,2026-01-07,daejeon-seo,언론홍보팀장,어명,구정시책 홍보를 위한 업무추진비 집행(언론사 간담회),192000,ae5dd8b95f1173636322ce7c8ac16bb4d5ee040a4de9b2638dcf98938236d7aa,file1.sheet1:R5,,,
ae5dd8b95f117363-file1.sheet1-R6,2026-01-07,daejeon-seo,언론홍보팀장,건강카페서구청점,구정시책 홍보를 위한 업무추진비 집행(언론사 간담회),200000,ae5dd8b95f1173636322ce7c8ac16bb4d5ee040a4de9b2638dcf98938236d7aa,file1.sheet1:R6,,,
ae5dd8b95f117363-file1.sheet1-R7,2026-01-08,daejeon-seo,언론홍보팀장,주식회사한,구정시책 홍보를 위한 업무추진비 집행(언론사 간담회),122000,ae5dd8b95f1173636322ce7c8ac16bb4d5ee040a4de9b2638dcf98938236d7aa,file1.sheet1:R7,,,
ae5dd8b95f117363-file1.sheet1-R8,2026-01-08,daejeon-seo,언론홍보팀장,하삼동커피 법원점,구정시책 홍보를 위한 업무추진비 집행(언론사 간담회),22400,ae5dd8b95f1173636322ce7c8ac16bb4d5ee040a4de9b2638dcf98938236d7aa,file1.sheet1:R8,,,
ae5dd8b95f117363-file1.sheet1-R9,2026-01-09,daejeon-seo,언론홍보팀장,양평호성할매해장국,구정시책 홍보를 위한 업무추진비 집행(언론사 간담회),300000,ae5dd8b95f1173636322ce7c8ac16bb4d5ee040a4de9b2638dcf98938236d7aa,file1.sheet1:R9,,,
ae5dd8b95f117363-file1.sheet1-R10,2026-01-13,daejeon-seo,언론홍보팀장,주식회사 찰만디제이,구정시책 홍보를 위한 업무추진비 집행(언론사 간담회),380000,ae5dd8b95f1173636322ce7c8ac16bb4d5ee040a4de9b2638dcf98938236d7aa,file1.sheet1:R10,,,
ae5dd8b95f117363-file1.sheet1-R11,2026-01-13,daejeon-seo,언론홍보팀장,황토우렁쌈밥,구정시책 홍보를 위한 업무추진비 집행(언론사 간담회),300000,ae5dd8b95f1173636322ce7c8ac16bb4d5ee040a4de9b2638dcf98938236d7aa,file1.sheet1:R11,,,
ae5dd8b95f117363-file1.sheet1-R12,2026-01-13,daejeon-seo,언론홍보팀장,자유대반점,구정시책 홍보를 위한 업무추진비 집행(언론사 간담회),150000,ae5dd8b95f1173636322ce7c8ac16bb4d5ee040a4de9b2638dcf98938236d7aa,file1.sheet1:R12,,,
ae5dd8b95f117363-file1.sheet1-R13,2026-01-13,daejeon-seo,언론홍보팀장,디에떼에스프레소(법원점),구정시책 홍보를 위한 업무추진비 집행(언론사 간담회),9700,ae5dd8b95f1173636322ce7c8ac16bb4d5ee040a4de9b2638dcf98938236d7aa,file1.sheet1:R13,,,
ae5dd8b95f117363-file1.sheet1-R14,2026-01-14,daejeon-seo,홍보담당관,사리원 시청점,구정시책 홍보를 위한 업무추진비 집행(언론사 간담회),40000,ae5dd8b95f1173636322ce7c8ac16bb4d5ee040a4de9b2638dcf98938236d7aa,file1.sheet1:R14,,,
ae5dd8b95f117363-file1.sheet1-R15,2026-01-14,daejeon-seo,홍보담당관,주식회사 캘리포니아베이커리카페,구정시책 홍보를 위한 업무추진비 집행(언론사 간담회),11000,ae5dd8b95f1173636322ce7c8ac16bb4d5ee040a4de9b2638dcf98938236d7aa,file1.sheet1:R15,,,
ae5dd8b95f117363-file1.sheet1-R16,2026-01-14,daejeon-seo,언론홍보팀장,짬뽕지존/주식회사 푸드사랑,구정시책 홍보를 위한 업무추진비 집행(언론사 간담회),102000,ae5dd8b95f1173636322ce7c8ac16bb4d5ee040a4de9b2638dcf98938236d7aa,file1.sheet1:R16,,,
ae5dd8b95f117363-file1.sheet1-R17,2026-01-14,daejeon-seo,언론홍보팀장,오아이커피,구정시책 홍보를 위한 업무추진비 집행(언론사 간담회),29000,ae5dd8b95f1173636322ce7c8ac16bb4d5ee040a4de9b2638dcf98938236d7aa,file1.sheet1:R17,,,
ae5dd8b95f117363-file1.sheet1-R18,2026-01-15,daejeon-seo,언론홍보팀장,주식회사한,구정시책 홍보를 위한 업무추진비 집행(언론사 간담회),120000,ae5dd8b95f1173636322ce7c8ac16bb4d5ee040a4de9b2638dcf98938236d7aa,file1.sheet1:R18,,,
ae5dd8b95f117363-file1.sheet1-R19,2026-01-19,daejeon-seo,언론홍보팀장,송가칼국수,구정시책 홍보를 위한 업무추진비 집행(언론사 간담회),300000,ae5dd8b95f1173636322ce7c8ac16bb4d5ee040a4de9b2638dcf98938236d7aa,file1.sheet1:R19,,,
ae5dd8b95f117363-file1.sheet1-R20,2026-01-20,daejeon-seo,언론홍보팀장,대선칼국수,구정시책 홍보를 위한 업무추진비 집행(언론사 간담회),151500,ae5dd8b95f1173636322ce7c8ac16bb4d5ee040a4de9b2638dcf98938236d7aa,file1.sheet1:R20,,,
ae5dd8b95f117363-file1.sheet1-R21,2026-01-20,daejeon-seo,언론홍보팀장,남한산성,구정시책 홍보를 위한 업무추진비 집행(언론사 간담회),300000,ae5dd8b95f1173636322ce7c8ac16bb4d5ee040a4de9b2638dcf98938236d7aa,file1.sheet1:R21,,,
ae5dd8b95f117363-file1.sheet1-R22,2026-01-21,daejeon-seo,언론홍보팀장,이동수개성만두,구정시책 홍보를 위한 업무추진비 집행(언론사 간담회),39000,ae5dd8b95f1173636322ce7c8ac16bb4d5ee040a4de9b2638dcf98938236d7aa,file1.sheet1:R22,,,
ae5dd8b95f117363-file1.sheet1-R23,2026-01-22,daejeon-seo,언론홍보팀장,황토우렁쌈밥,구정시책 홍보를 위한 업무추진비 집행(언론사 간담회),240000,ae5dd8b95f1173636322ce7c8ac16bb4d5ee040a4de9b2638dcf98938236d7aa,file1.sheet1:R23,,,
ae5dd8b95f117363-file1.sheet1-R24,2026-01-22,daejeon-seo,언론홍보팀장,앞산큰골집 대전둔산점,구정시책 홍보를 위한 업무추진비 집행(언론사 간담회),200400,ae5dd8b95f1173636322ce7c8ac16bb4d5ee040a4de9b2638dcf98938236d7aa,file1.sheet1:R24,,,
ae5dd8b95f117363-file1.sheet1-R25,2026-01-22,daejeon-seo,언론홍보팀장,토닭토닭,구정시책 홍보를 위한 업무추진비 집행(언론사 간담회),99000,ae5dd8b95f1173636322ce7c8ac16bb4d5ee040a4de9b2638dcf98938236d7aa,file1.sheet1:R25,,,
ae5dd8b95f117363-file1.sheet1-R26,2026-01-26,daejeon-seo,언론홍보팀장,두울샤브칼국수,구정시책 홍보를 위한 업무추진비 집행(언론사 간담회),59500,ae5dd8b95f1173636322ce7c8ac16bb4d5ee040a4de9b2638dcf98938236d7aa,file1.sheet1:R26,,,
ae5dd8b95f117363-file1.sheet1-R27,2026-01-27,daejeon-seo,언론홍보팀장,솜솜 (som som),구정시책 홍보를 위한 업무추진비 집행(언론사 간담회),42500,ae5dd8b95f1173636322ce7c8ac16bb4d5ee040a4de9b2638dcf98938236d7aa,file1.sheet1:R27,,,
ae5dd8b95f117363-file1.sheet1-R28,2026-01-28,daejeon-seo,언론홍보팀장,송가칼국수,구정시책 홍보를 위한 업무추진비 집행(언론사 간담회),300000,ae5dd8b95f1173636322ce7c8ac16bb4d5ee040a4de9b2638dcf98938236d7aa,file1.sheet1:R28,,,
ae5dd8b95f117363-file1.sheet1-R29,2026-01-28,daejeon-seo,언론홍보팀장,시라스시,구정시책 홍보를 위한 업무추진비 집행(언론사 간담회),52000,ae5dd8b95f1173636322ce7c8ac16bb4d5ee040a4de9b2638dcf98938236d7aa,file1.sheet1:R29,,,
ae5dd8b95f117363-file1.sheet1-R30,2026-01-28,daejeon-seo,언론홍보팀장,백마강민물장어,구정시책 홍보를 위한 업무추진비 집행(언론사 간담회),138000,ae5dd8b95f1173636322ce7c8ac16bb4d5ee040a4de9b2638dcf98938236d7aa,file1.sheet1:R30,,,
ae5dd8b95f117363-file1.sheet1-R31,2026-01-29,daejeon-seo,언론홍보팀장,송가칼국수,구정시책 홍보를 위한 업무추진비 집행(언론사 간담회),300000,ae5dd8b95f1173636322ce7c8ac16bb4d5ee040a4de9b2638dcf98938236d7aa,file1.sheet1:R31,,,
ae5dd8b95f117363-file1.sheet1-R32,2026-01-30,daejeon-seo,언론홍보팀장,이동수개성만두,구정시책 홍보를 위한 업무추진비 집행(언론사 간담회),66000,ae5dd8b95f1173636322ce7c8ac16bb4d5ee040a4de9b2638dcf98938236d7aa,file1.sheet1:R32,,,
ae5dd8b95f117363-file1.sheet1-R33,2026-01-30,daejeon-seo,언론홍보팀장,수복삼계탕 둔산점,구정시책 홍보를 위한 업무추진비 집행(언론사 간담회),69000,ae5dd8b95f1173636322ce7c8ac16bb4d5ee040a4de9b2638dcf98938236d7aa,file1.sheet1:R33,,,
ae5dd8b95f117363-file1.sheet1-R34,2026-01-30,daejeon-seo,언론홍보팀장,맛찬들왕소금구이 둔산점,구정시책 홍보를 위한 업무추진비 집행(언론사 간담회),370000,ae5dd8b95f1173636322ce7c8ac16bb4d5ee040a4de9b2638dcf98938236d7aa,file1.sheet1:R34,,,
ae5dd8b95f117363-file1.sheet3-R5,2026-01-27,daejeon-seo,홍보담당관,송가칼국수,직원 사기진작을 위한 집행,150000,ae5dd8b95f1173636322ce7c8ac16bb4d5ee040a4de9b2638dcf98938236d7aa,file1.sheet3:R5,,,
cc6493733fda9c7d-file1.sheet1-R5,2026-01-22,daejeon-seo,기후환경과,만족오향족발(서구 둔산남로95),직원사기진작을 위한 업무추진비 집행(직원 격려),720000,cc6493733fda9c7d16702d385aaf31e1a14e31bdf12c155b6c3094567728655e,file1.sheet1:R5,,,
9b0eff63aabddf44-file1.sheet1-R5,2026-01-14,daejeon-seo,아동복지과장,스위트베이징,아동복지시설 애로사항 청취,280000,9b0eff63aabddf443251bc42f17559e7ba3512cb82b8a294bcd822f789863acb,file1.sheet1:R5,,,
641f9806705ef88f-file1.sheet1-R5,2026-01-05,daejeon-seo,기성동,우리식당,자생단체 간담회,265000,641f9806705ef88fc08825366f053c6939cf1140b27635f80399074b57d90315,file1.sheet1:R5,,,
641f9806705ef88f-file1.sheet1-R6,2026-01-15,daejeon-seo,기성동,정자나무가든,자생단체 감담회,225000,641f9806705ef88fc08825366f053c6939cf1140b27635f80399074b57d90315,file1.sheet1:R6,,,
641f9806705ef88f-file1.sheet2-R5,2026-01-02,daejeon-seo,기성동,문구뱅크,"직원 대상 간식 (커피, 차) 구입",79200,641f9806705ef88fc08825366f053c6939cf1140b27635f80399074b57d90315,file1.sheet2:R5,,,
641f9806705ef88f-file1.sheet2-R6,2026-01-14,daejeon-seo,기성동,소플러스,직원 위로 회식,299500,641f9806705ef88fc08825366f053c6939cf1140b27635f80399074b57d90315,file1.sheet2:R6,,,
641f9806705ef88f-file1.sheet2-R7,2026-01-15,daejeon-seo,기성동,소플러스,인사 이동에 의한 직원 송환영회,400000,641f9806705ef88fc08825366f053c6939cf1140b27635f80399074b57d90315,file1.sheet2:R7,,,
a00093a11e45c533-file1.sheet1-R5,2026-01-26,daejeon-seo,토지정보과,이석만두가수원점,지적재조사사업 추진 업무협의 간담회,100000,a00093a11e45c5334ea69508ea2ab257f6c33266df39016521b5bb8dcac5617a,file1.sheet1:R5,,,
d4572f59b7747a98-file1.sheet1-R5,2026-01-06,daejeon-seo,가수원동,느티나무집,2026년 주민자치회 운영을 위한 간담회,770000,d4572f59b7747a98f3974ed658774cb2178a374409c6e6e5f389b50d0cd792bf,file1.sheet1:R5,,,
d4572f59b7747a98-file1.sheet1-R6,2026-01-15,daejeon-seo,가수원동,소담목삼,바르게살기위원회 간담회,132000,d4572f59b7747a98f3974ed658774cb2178a374409c6e6e5f389b50d0cd792bf,file1.sheet1:R6,,,
d4572f59b7747a98-file1.sheet1-R7,2026-01-23,daejeon-seo,가수원동,소소,기관장협의회 간담회,219000,d4572f59b7747a98f3974ed658774cb2178a374409c6e6e5f389b50d0cd792bf,file1.sheet1:R7,,,
d4572f59b7747a98-file1.sheet1-R8,2026-01-27,daejeon-seo,가수원동,느티나무집,주민자치회 임원진과의 간담회,112000,d4572f59b7747a98f3974ed658774cb2178a374409c6e6e5f389b50d0cd792bf,file1.sheet1:R8,,,
d4572f59b7747a98-file1.sheet2-R5,2026-01-09,daejeon-seo,가수원동,커피투게더,직원 차재료 구입(직원격려),132000,d4572f59b7747a98f3974ed658774cb2178a374409c6e6e5f389b50d0cd792bf,file1.sheet2:R5,,,
41a6ff7c825eaddc-file1.sheet1-R5,2026-01-06,daejeon-seo,내동,페리카나 내동점,부서운영업무추진비(직원 간식),62000,41a6ff7c825eaddc4d26b215b76f1b477a410b381ce3be1842ab80be135f5ac3,file1.sheet1:R5,,,
41a6ff7c825eaddc-file1.sheet1-R6,2026-01-07,daejeon-seo,내동,교보문고 둔산점,정원가산업무추진비(생일직원 문화상품권 구입),20000,41a6ff7c825eaddc4d26b215b76f1b477a410b381ce3be1842ab80be135f5ac3,file1.sheet1:R6,,,
41a6ff7c825eaddc-file1.sheet1-R7,2026-01-29,daejeon-seo,내동,손수차림,부서운영업무추진비(인사발령에 따른 직원 송별회),235000,41a6ff7c825eaddc4d26b215b76f1b477a410b381ce3be1842ab80be135f5ac3,file1.sheet1:R7,,,
51deaa5ba1071117-file1.sheet1-R5,2026-01-19,daejeon-seo,둔산2동장,G마켓,내방객 접대용 음료,85880,51deaa5ba1071117cd4384dd587970973fb67a9d89cd53b99659652356c939fa,file1.sheet1:R5,,,
51deaa5ba1071117-file1.sheet1-R6,2026-01-29,daejeon-seo,둔산2동장,오씨칼국수,자생단체장 격려,390000,51deaa5ba1071117cd4384dd587970973fb67a9d89cd53b99659652356c939fa,file1.sheet1:R6,,,
a02cd4724ccf267e-file1.sheet1-R5,2026-01-15,daejeon-seo,둔산3동장,남도항아리(서구 문정로 170번길 177 1층),기관운영업무추진비(통장협의회 임원진 간담회),165000,a02cd4724ccf267e3ac222811f6a5e4627e7eec2c6d18290078d7fb9c4273031,file1.sheet1:R5,,,
a02cd4724ccf267e-file1.sheet1-R6,2026-01-16,daejeon-seo,둔산3동장,두리한우집(서구 문정로 170번길 34),기관운영업무추진비(경로당발전협의회 간담회),277000,a02cd4724ccf267e3ac222811f6a5e4627e7eec2c6d18290078d7fb9c4273031,file1.sheet1:R6,,,
a02cd4724ccf267e-file1.sheet1-R7,2026-01-19,daejeon-seo,둔산3동장,맛청(서구 둔산로 51번길 16 2층),기관운영업무추진비(기관장협의회),138000,a02cd4724ccf267e3ac222811f6a5e4627e7eec2c6d18290078d7fb9c4273031,file1.sheet1:R7,,,
a02cd4724ccf267e-file1.sheet1-R8,2026-01-21,daejeon-seo,둔산3동장,인터넷 구매,기관운영업무추진비지급(내방객제공 병음료구입),96680,a02cd4724ccf267e3ac222811f6a5e4627e7eec2c6d18290078d7fb9c4273031,file1.sheet1:R8,,,
a02cd4724ccf267e-file1.sheet1-R9,2026-01-28,daejeon-seo,둔산3동장,손칼국수보쌈(서구 문정로 170번길 19),기관운영업무추진비지급(주민자치회 임원진 간담회),44000,a02cd4724ccf267e3ac222811f6a5e4627e7eec2c6d18290078d7fb9c4273031,file1.sheet1:R9,,,
d5e8ff4b53facfc0-file1.sheet1-R5,2026-01-23,daejeon-seo,자원순환과장,버거킹 대전시청점,직원점심,233200,d5e8ff4b53facfc050e0cb7dd34e296b6e317ad7ed5a1f1ceb0c0b8ed2f1c272,file1.sheet1:R5,,,
d5e8ff4b53facfc0-file1.sheet1-R6,2026-01-30,daejeon-seo,자원순환과장,플레이버,직원간식,80000,d5e8ff4b53facfc050e0cb7dd34e296b6e317ad7ed5a1f1ceb0c0b8ed2f1c272,file1.sheet1:R6,,,
2eabedb8219ec1fc-file1.sheet1-R6,2026-01-08,daejeon-seo,월평2동,대동강숯불민물장어구이,주민자치회 위원과의 간담회 개최,150000,2eabedb8219ec1fcefbda965afd96169ffd05c7c02fdd8725be8abe7edd10fc9,file1.sheet1:R6,,,
2eabedb8219ec1fc-file1.sheet1-R7,2026-01-08,daejeon-seo,월평2동,대전청사 파스쿠찌,소속직원 격려,15000,2eabedb8219ec1fcefbda965afd96169ffd05c7c02fdd8725be8abe7edd10fc9,file1.sheet1:R7,,,
2eabedb8219ec1fc-file1.sheet1-R8,2026-01-09,daejeon-seo,월평2동,19티 대전선사점,자생단체 임원진과의 간담회,380000,2eabedb8219ec1fcefbda965afd96169ffd05c7c02fdd8725be8abe7edd10fc9,file1.sheet1:R8,,,
2eabedb8219ec1fc-file1.sheet1-R9,2026-01-14,daejeon-seo,월평2동,김경자소문난대구왕뽈찜 서구점,경로당협의회와의 간담회 개최,380000,2eabedb8219ec1fcefbda965afd96169ffd05c7c02fdd8725be8abe7edd10fc9,file1.sheet1:R9,,,
2eabedb8219ec1fc-file1.sheet1-R10,2026-01-14,daejeon-seo,월평2동,소속직원 결혼식,직원 결혼 축의금,50000,2eabedb8219ec1fcefbda965afd96169ffd05c7c02fdd8725be8abe7edd10fc9,file1.sheet1:R10,,,
2eabedb8219ec1fc-file1.sheet1-R11,2026-01-21,daejeon-seo,월평2동,금한한우,주민자치회 임원진과의 간담회 개최,300000,2eabedb8219ec1fcefbda965afd96169ffd05c7c02fdd8725be8abe7edd10fc9,file1.sheet1:R11,,,
2eabedb8219ec1fc-file1.sheet1-R12,2026-01-22,daejeon-seo,월평2동,뚜레쥬르 대전서구만년점,내방객 다과,150000,2eabedb8219ec1fcefbda965afd96169ffd05c7c02fdd8725be8abe7edd10fc9,file1.sheet1:R12,,,
2eabedb8219ec1fc-file1.sheet1-R13,2026-01-22,daejeon-seo,월평2동,스타벅스 대전월평점,내방객 음료,160000,2eabedb8219ec1fcefbda965afd96169ffd05c7c02fdd8725be8abe7edd10fc9,file1.sheet1:R13,,,
fa0edac389622d08-file1.sheet1-R5,2026-01-14,daejeon-seo,둔산1동장,라온채,자생단체 회장단 오찬 간담회,300000,fa0edac389622d08520f27cf0b1304f95a5859cedbe0f7885fab368415e324d3,file1.sheet1:R5,,,
fa0edac389622d08-file1.sheet1-R6,2026-01-15,daejeon-seo,둔산1동장,명가전복,경로당 회장단 간담회,240000,fa0edac389622d08520f27cf0b1304f95a5859cedbe0f7885fab368415e324d3,file1.sheet1:R6,,,
fa0edac389622d08-file1.sheet1-R7,2026-01-15,daejeon-seo,둔산1동장,다향인방,경로당 회장단 간담회,93000,fa0edac389622d08520f27cf0b1304f95a5859cedbe0f7885fab368415e324d3,file1.sheet1:R7,,,
fa0edac389622d08-file1.sheet1-R8,2026-01-16,daejeon-seo,둔산1동장,커피부스트&오멜,내방객 커피 구입,22700,fa0edac389622d08520f27cf0b1304f95a5859cedbe0f7885fab368415e324d3,file1.sheet1:R8,,,
fa0edac389622d08-file1.sheet2-R5,2026-01-07,daejeon-seo,둔산1동장,하나은행 시청지점,생일자 상품권 구입,20000,fa0edac389622d08520f27cf0b1304f95a5859cedbe0f7885fab368415e324d3,file1.sheet2:R5,,,
fa0edac389622d08-file1.sheet3-R5,2026-01-06,daejeon-seo,둔산1동장,쿠팡,직원 차재료 구입,95040,fa0edac389622d08520f27cf0b1304f95a5859cedbe0f7885fab368415e324d3,file1.sheet3:R5,,,
fa0edac389622d08-file1.sheet3-R6,2026-01-15,daejeon-seo,둔산1동장,지리산산골농장,인사발령에 따른 환영회,390000,fa0edac389622d08520f27cf0b1304f95a5859cedbe0f7885fab368415e324d3,file1.sheet3:R6,,,
927f9fa9005d3de9-file1.sheet1-R5,2026-01-15,daejeon-seo,도마1동,회랑,직원 격려,90000,927f9fa9005d3de95c2b8502553daf7f7c2761a4622c84a19c85723643097fe7,file1.sheet1:R5,,,
927f9fa9005d3de9-file1.sheet1-R6,2026-01-23,daejeon-seo,도마1동,두부곳간,경로당회장 간담회,105000,927f9fa9005d3de95c2b8502553daf7f7c2761a4622c84a19c85723643097fe7,file1.sheet1:R6,,,
927f9fa9005d3de9-file1.sheet1-R7,2026-01-28,daejeon-seo,도마1동,한우진곰탕,주민자치프로그램 임원진 간담회,108000,927f9fa9005d3de95c2b8502553daf7f7c2761a4622c84a19c85723643097fe7,file1.sheet1:R7,,,
927f9fa9005d3de9-file1.sheet2-R5,2026-01-08,daejeon-seo,도마1동,스타벅스,1월 생일자 상품권 구입,40000,927f9fa9005d3de95c2b8502553daf7f7c2761a4622c84a19c85723643097fe7,file1.sheet2:R5,,,
927f9fa9005d3de9-file1.sheet2-R6,2026-01-29,daejeon-seo,도마1동,스타벅스,"2월, 3월 생일자 상품권 구입",60000,927f9fa9005d3de95c2b8502553daf7f7c2761a4622c84a19c85723643097fe7,file1.sheet2:R6,,,
0d0a60bd5787cbb6-table1-R2,2026-04-01,daejeon-yuseong,운영지원과,개인(성명 비공개),직원 축의ㆍ부의금품 지급,50000,0d0a60bd5787cbb6ad1bb04769d5988ffdf9d69987e4f71811b7b2a120d44f87,table1:R2,,,
0d0a60bd5787cbb6-table1-R3,2026-04-01,daejeon-yuseong,운영지원과,쿠팡㈜,기관운영 물품구입,241970,0d0a60bd5787cbb6ad1bb04769d5988ffdf9d69987e4f71811b7b2a120d44f87,table1:R3,,,
0d0a60bd5787cbb6-table1-R4,2026-04-06,daejeon-yuseong,운영지원과,개인(성명 비공개),직원 축의ㆍ부의금품 지급,100000,0d0a60bd5787cbb6ad1bb04769d5988ffdf9d69987e4f71811b7b2a120d44f87,table1:R4,,,
0d0a60bd5787cbb6-table1-R5,2026-04-10,daejeon-yuseong,운영지원과,스타벅스코리아,내방객 제공 음료 재료 구입,162000,0d0a60bd5787cbb6ad1bb04769d5988ffdf9d69987e4f71811b7b2a120d44f87,table1:R5,,,
0d0a60bd5787cbb6-table1-R6,2026-04-13,daejeon-yuseong,운영지원과,동해참치,노사화합 및 현안공유를 위한 관계자 오찬 간담회,210000,0d0a60bd5787cbb6ad1bb04769d5988ffdf9d69987e4f71811b7b2a120d44f87,table1:R6,,,
0d0a60bd5787cbb6-table1-R7,2026-04-14,daejeon-yuseong,운영지원과,개인(성명 비공개),직원 축의ㆍ부의금품 지급,250000,0d0a60bd5787cbb6ad1bb04769d5988ffdf9d69987e4f71811b7b2a120d44f87,table1:R7,,,
0d0a60bd5787cbb6-table1-R8,2026-04-21,daejeon-yuseong,운영지원과,개인(성명 비공개),직원 축의ㆍ부의금품 지급,100000,0d0a60bd5787cbb6ad1bb04769d5988ffdf9d69987e4f71811b7b2a120d44f87,table1:R8,,,
0d0a60bd5787cbb6-table1-R9,2026-04-23,daejeon-yuseong,운영지원과,신가네해물칼국수,구정 업무추진 부서 격려 오찬,490000,0d0a60bd5787cbb6ad1bb04769d5988ffdf9d69987e4f71811b7b2a120d44f87,table1:R9,,,
0d0a60bd5787cbb6-table1-R10,2026-04-27,daejeon-yuseong,운영지원과,개인(성명 비공개),직원 축의ㆍ부의금품 지급,50000,0d0a60bd5787cbb6ad1bb04769d5988ffdf9d69987e4f71811b7b2a120d44f87,table1:R10,,,
768d11bddeb0b1fe-table1-R2,2026-03-04,daejeon-yuseong,운영지원과,개인(성명 비공개),직원 축의ㆍ부의금품 지급,150000,768d11bddeb0b1feb88ed7965fc17397887ab083b8e8996250d37e82c219e1ca,table1:R2,,,
768d11bddeb0b1fe-table1-R3,2026-03-09,daejeon-yuseong,운영지원과,쿠팡㈜,기관운영 물품구입,256670,768d11bddeb0b1feb88ed7965fc17397887ab083b8e8996250d37e82c219e1ca,table1:R3,,,
768d11bddeb0b1fe-table1-R4,2026-03-10,daejeon-yuseong,운영지원과,개인(성명 비공개),직원 축의ㆍ부의금품 지급,100000,768d11bddeb0b1feb88ed7965fc17397887ab083b8e8996250d37e82c219e1ca,table1:R4,,,
768d11bddeb0b1fe-table1-R5,2026-03-11,daejeon-yuseong,운영지원과,사랑담은,2026 상반기 유성구 지역치안협의회 오찬 간담회,396000,768d11bddeb0b1feb88ed7965fc17397887ab083b8e8996250d37e82c219e1ca,table1:R5,,,
768d11bddeb0b1fe-table1-R6,2026-03-13,daejeon-yuseong,운영지원과,스타벅스코리아,내방객 제공 음료 재료 구입,144000,768d11bddeb0b1feb88ed7965fc17397887ab083b8e8996250d37e82c219e1ca,table1:R6,,,
768d11bddeb0b1fe-table1-R7,2026-03-20,daejeon-yuseong,운영지원과,개인(성명 비공개),직원 축의ㆍ부의금품 지급,100000,768d11bddeb0b1feb88ed7965fc17397887ab083b8e8996250d37e82c219e1ca,table1:R7,,,
768d11bddeb0b1fe-table1-R8,2026-03-24,daejeon-yuseong,운영지원과,개인(성명 비공개),직원 축의ㆍ부의금품 지급,100000,768d11bddeb0b1feb88ed7965fc17397887ab083b8e8996250d37e82c219e1ca,table1:R8,,,
768d11bddeb0b1fe-table1-R9,2026-03-24,daejeon-yuseong,운영지원과,동신수산,제33차 유성구 기관협의회 오찬 간담회,495000,768d11bddeb0b1feb88ed7965fc17397887ab083b8e8996250d37e82c219e1ca,table1:R9,,,
768d11bddeb0b1fe-table1-R10,2026-03-27,daejeon-yuseong,운영지원과,농촌이야기,기관운영 물품구입,200000,768d11bddeb0b1feb88ed7965fc17397887ab083b8e8996250d37e82c219e1ca,table1:R10,,,
768d11bddeb0b1fe-table1-R11,2026-03-30,daejeon-yuseong,운영지원과,본전고깃골,유성구공무원노동조합 노사 소통 간담회,155000,768d11bddeb0b1feb88ed7965fc17397887ab083b8e8996250d37e82c219e1ca,table1:R11,,,
768d11bddeb0b1fe-table1-R12,2026-03-31,daejeon-yuseong,운영지원과,개인(성명 비공개),직원 축의ㆍ부의금품 지급,100000,768d11bddeb0b1feb88ed7965fc17397887ab083b8e8996250d37e82c219e1ca,table1:R12,,,
ca682d097e33708a-table1-R2,2026-02-03,daejeon-yuseong,운영지원과,개인(성명 비공개),직원 축의ㆍ부의금품 지급,100000,ca682d097e33708ad70499f3c3829a1a4e0e15bd0fb032aba955844d6817afba,table1:R2,,,
ca682d097e33708a-table1-R3,2026-02-04,daejeon-yuseong,운영지원과,쿠팡㈜,기관운영 물품구입,225310,ca682d097e33708ad70499f3c3829a1a4e0e15bd0fb032aba955844d6817afba,table1:R3,,,
ca682d097e33708a-table1-R4,2026-02-04,daejeon-yuseong,운영지원과,임도현의 숙성회,혁신기술 테스트베드 공공인프라 협업 관계자 만찬 간담회,495000,ca682d097e33708ad70499f3c3829a1a4e0e15bd0fb032aba955844d6817afba,table1:R4,,,
ca682d097e33708a-table1-R5,2026-02-10,daejeon-yuseong,운영지원과,일정,공직자 청렴특강 개최 후 관계자 오찬 간담회,220000,ca682d097e33708ad70499f3c3829a1a4e0e15bd0fb032aba955844d6817afba,table1:R5,,,
ca682d097e33708a-table1-R6,2026-02-11,daejeon-yuseong,운영지원과,농촌이야기,설 명절 소속공무원 격려물품 구입,1150000,ca682d097e33708ad70499f3c3829a1a4e0e15bd0fb032aba955844d6817afba,table1:R6,,,
ca682d097e33708a-table1-R7,2026-02-11,daejeon-yuseong,운영지원과,농촌이야기,설 명절 현업부서 직원 격려물품 구입,700000,ca682d097e33708ad70499f3c3829a1a4e0e15bd0fb032aba955844d6817afba,table1:R7,,,
ca682d097e33708a-table1-R8,2026-02-19,daejeon-yuseong,운영지원과,개인(성명 비공개),직원 축의ㆍ부의금품 지급,100000,ca682d097e33708ad70499f3c3829a1a4e0e15bd0fb032aba955844d6817afba,table1:R8,,,
ca682d097e33708a-table1-R9,2026-02-20,daejeon-yuseong,운영지원과,㈜대한약품,기관운영 물품구입,135000,ca682d097e33708ad70499f3c3829a1a4e0e15bd0fb032aba955844d6817afba,table1:R9,,,
ca682d097e33708a-table1-R10,2026-02-23,daejeon-yuseong,운영지원과,개인(성명 비공개),직원 축의ㆍ부의금품 지급,200000,ca682d097e33708ad70499f3c3829a1a4e0e15bd0fb032aba955844d6817afba,table1:R10,,,
ca682d097e33708a-table1-R11,2026-02-24,daejeon-yuseong,운영지원과,천년의 정원,구정 시책 홍보를 위한 출입기자와의 오찬 간담회,390000,ca682d097e33708ad70499f3c3829a1a4e0e15bd0fb032aba955844d6817afba,table1:R11,,,
3a75f5a5be2b2d09-table1-R2,2026-05-04,daejeon-daedeok,,개인(성명 비공개),직원 부의금,100000,3a75f5a5be2b2d0985ec85fa420712962fe2618f1418b7eeff724ce6c38bae8c,table1:R2,,,
3a75f5a5be2b2d09-table1-R3,2026-05-05,daejeon-daedeok,,예조은추어탕 (동구 송촌남로11번길 209),제104회 어린이날 기념행사 추진 등으로 노고가 많은 가족친화과 직원 등 격려,77400,3a75f5a5be2b2d0985ec85fa420712962fe2618f1418b7eeff724ce6c38bae8c,table1:R3,,,
52d12c2265e3fa31-table1-R2,2026-03-02,daejeon-daedeok,,콩마니손두부 (대덕구 동춘당로44번길 12),돌봄 대상자 발굴 및 개인별 맞춤형 돌봄서비스 연계 지원을 위한 관계자 간담회,43000,52d12c2265e3fa31e50e1dc4057d7c5df9ac31b9b4d85f66966e560f43a31eeb,table1:R2,,,
52d12c2265e3fa31-table1-R3,2026-03-03,daejeon-daedeok,,개인(성명 비공개),직원 부의금,100000,52d12c2265e3fa31e50e1dc4057d7c5df9ac31b9b4d85f66966e560f43a31eeb,table1:R3,53b038957eea04827c0f8518cfe8983bbb80643c178529d875024121eb4bcc1a:table1:R2,,
52d12c2265e3fa31-table1-R4,2026-03-03,daejeon-daedeok,,공주칼국수쭈꾸미 (대덕구 대전로1177번길 67),소나무재선충병 긴급방제사업 및 예방사업 추진 등으로 노고가 많은 공원녹지과 직원 등 격려,120000,52d12c2265e3fa31e50e1dc4057d7c5df9ac31b9b4d85f66966e560f43a31eeb,table1:R4,,,
52d12c2265e3fa31-table1-R5,2026-03-03,daejeon-daedeok,,SSG.COM(인터넷구매),유관기관 및 민원인 방문자에게 제공되는 차재료 등 구입,277516,52d12c2265e3fa31e50e1dc4057d7c5df9ac31b9b4d85f66966e560f43a31eeb,table1:R5,,,
52d12c2265e3fa31-table1-R6,2026-03-03,daejeon-daedeok,,맘스터치 대전법동점 (대덕구 중리북로 4 1층),관내 환경정화 추진 등으로 노고가 많은 환경관리요원 간식 격려(햄버거),793100,52d12c2265e3fa31e50e1dc4057d7c5df9ac31b9b4d85f66966e560f43a31eeb,table1:R6,,,
52d12c2265e3fa31-table1-R7,2026-03-03,daejeon-daedeok,,명품진한우 (대덕구 한밭대로1006번길 105),고향사랑기부제 활성화 방안 의견청취 관계자 간담회,243280,52d12c2265e3fa31e50e1dc4057d7c5df9ac31b9b4d85f66966e560f43a31eeb,table1:R7,,,
52d12c2265e3fa31-table1-R8,2026-03-04,daejeon-daedeok,,풍천장어식당 (대덕구 아리랑로 113),구청장 현장행정 업무 추진 등으로 노고가 많은 자치행정과 직원 등 격려,225000,52d12c2265e3fa31e50e1dc4057d7c5df9ac31b9b4d85f66966e560f43a31eeb,table1:R8,,,
52d12c2265e3fa31-table1-R9,2026-03-05,daejeon-daedeok,,푸짐한활어회본점 (대덕구 송촌남로56번길 1),대덕물빛축제 추진 상황 점검 등을 위한 관계자 간담회,235000,52d12c2265e3fa31e50e1dc4057d7c5df9ac31b9b4d85f66966e560f43a31eeb,table1:R9,,,
52d12c2265e3fa31-table1-R10,2026-03-06,daejeon-daedeok,,개인(성명 비공개),직원 축부의금,150000,52d12c2265e3fa31e50e1dc4057d7c5df9ac31b9b4d85f66966e560f43a31eeb,table1:R10,53b038957eea04827c0f8518cfe8983bbb80643c178529d875024121eb4bcc1a:table1:R6,,
52d12c2265e3fa31-table1-R11,2026-03-06,daejeon-daedeok,,강변집식당 (대덕구 신탄진동로7번길 64),마을공동체 사업 활성화 방안 논의 등을 위한 관계자 간담회,65000,52d12c2265e3fa31e50e1dc4057d7c5df9ac31b9b4d85f66966e560f43a31eeb,table1:R11,,,
52d12c2265e3fa31-table1-R12,2026-03-07,daejeon-daedeok,,냉천골흑염소 (대덕구 선비마을로5번길 27),쇠퇴한 도시 활력 증진을 위한 도시재생 신규 발굴 사업 추진 관계자 간담회,76000,52d12c2265e3fa31e50e1dc4057d7c5df9ac31b9b4d85f66966e560f43a31eeb,table1:R12,,,
52d12c2265e3fa31-table1-R13,2026-03-09,daejeon-daedeok,,푸짐한활어회본점 (대덕구 송촌남로56번길 1),구민 선진문화 의식 함양 및 지역사회발전을 위한 관게자 간담회,152000,52d12c2265e3fa31e50e1dc4057d7c5df9ac31b9b4d85f66966e560f43a31eeb,table1:R13,,,
52d12c2265e3fa31-table1-R14,2026-03-10,daejeon-daedeok,,솔밭집오리전문점 (대덕구 홍도로 81 1층),구정발전 정책발굴 및 지역 발전을 위한 의견청취 관계자 간담회,110000,52d12c2265e3fa31e50e1dc4057d7c5df9ac31b9b4d85f66966e560f43a31eeb,table1:R14,,,
52d12c2265e3fa31-table1-R15,2026-03-11,daejeon-daedeok,,개인(성명 비공개),직원 부의금,50000,52d12c2265e3fa31e50e1dc4057d7c5df9ac31b9b4d85f66966e560f43a31eeb,table1:R15,,,
52d12c2265e3fa31-table1-R16,2026-03-11,daejeon-daedeok,,콩마니손두부 (대덕구 동춘당로44번길 12),개학 맞이 안전한 통학로 조성 등을 위한 관계자 간담회,393000,52d12c2265e3fa31e50e1dc4057d7c5df9ac31b9b4d85f66966e560f43a31eeb,table1:R16,,,
52d12c2265e3fa31-table1-R17,2026-03-12,daejeon-daedeok,,또랑 (대덕구 계족로 550),구민의 재산권 보호 및 투명한 부동산거래 질서 확립을 위한 관계자 간담회,306000,52d12c2265e3fa31e50e1dc4057d7c5df9ac31b9b4d85f66966e560f43a31eeb,table1:R17,,,
52d12c2265e3fa31-table1-R18,2026-03-12,daejeon-daedeok,,일번가식당 (대덕구 신탄진동로 28-1),지속적인 산업발전 및 지역경제 활성화를 위한 관계자 간담회,224000,52d12c2265e3fa31e50e1dc4057d7c5df9ac31b9b4d85f66966e560f43a31eeb,table1:R18,,,
52d12c2265e3fa31-table1-R19,2026-03-13,daejeon-daedeok,,지재모커피 (대덕구 비래동로 34),각종 행사 의전 수행 등으로 노고가 많은 수행원 격려,11700,52d12c2265e3fa31e50e1dc4057d7c5df9ac31b9b4d85f66966e560f43a31eeb,table1:R19,,,
52d12c2265e3fa31-table1-R20,2026-03-13,daejeon-daedeok,,나들목식당 (대덕구 신탄진로 211),최중증 발달장애인 통합돌봄서비스 사업 추진 관련 관계자 간담회,228000,52d12c2265e3fa31e50e1dc4057d7c5df9ac31b9b4d85f66966e560f43a31eeb,table1:R20,,,
52d12c2265e3fa31-table1-R21,2026-03-14,daejeon-daedeok,,강길도낙지마을 (대덕구 선비마을로 9),청년 상인 육성 및 지역 고용환경 개선 등을 위한 관계자 간담회,42000,52d12c2265e3fa31e50e1dc4057d7c5df9ac31b9b4d85f66966e560f43a31eeb,table1:R21,,,
52d12c2265e3fa31-table1-R22,2026-03-17,daejeon-daedeok,,팔복식당 (동구 동서대로1653번길 96-37),위해식품 등으로 인한 피해방지 및 구민 건강 보호 방안 논의 등을 위한 관게자 간담회,80000,52d12c2265e3fa31e50e1dc4057d7c5df9ac31b9b4d85f66966e560f43a31eeb,table1:R22,,,
52d12c2265e3fa31-table1-R23,2026-03-18,daejeon-daedeok,,"라송 (대덕구 계족산로5번안길 35, 1층)",2026 대덕물빛축제 온오프라인 홍보 추진 등으로 노고가 많은 미디어홍보과 직원 등 격려,40000,52d12c2265e3fa31e50e1dc4057d7c5df9ac31b9b4d85f66966e560f43a31eeb,table1:R23,,,
52d12c2265e3fa31-table1-R24,2026-03-19,daejeon-daedeok,,푸짐한활어회본점 (대덕구 송촌남로56번길 1),지역 치안 현안 토의 및 치안 정책 사업 발굴 등을 위한 관계자 간담회,104000,52d12c2265e3fa31e50e1dc4057d7c5df9ac31b9b4d85f66966e560f43a31eeb,table1:R24,,,
52d12c2265e3fa31-table1-R25,2026-03-20,daejeon-daedeok,,생태와갈치 (대덕구 대전천북로 222),반부패 청렴교육 관련 업무 추진으로 노고가 많은 감사실 직원 등 격려,96000,52d12c2265e3fa31e50e1dc4057d7c5df9ac31b9b4d85f66966e560f43a31eeb,table1:R25,,,
52d12c2265e3fa31-table1-R26,2026-03-20,daejeon-daedeok,,개인(성명 비공개),직원 축의금,50000,52d12c2265e3fa31e50e1dc4057d7c5df9ac31b9b4d85f66966e560f43a31eeb,table1:R26,53b038957eea04827c0f8518cfe8983bbb80643c178529d875024121eb4bcc1a:table1:R16,,
52d12c2265e3fa31-table1-R27,2026-03-21,daejeon-daedeok,,한솥도시락 대전관평점 (유성구 테크노4로 133 1층),문평동 공장 화재 발생 현장 근무 직원 등 격려,43000,52d12c2265e3fa31e50e1dc4057d7c5df9ac31b9b4d85f66966e560f43a31eeb,table1:R27,,,
52d12c2265e3fa31-table1-R28,2026-03-23,daejeon-daedeok,,"어굼터용전점, 수하 (동구 동서대로1653번길 13, 동구 계족로 416 1 층)",관내 자원봉사 활성화 사업 추진 관련 관계자 간담회,186900,52d12c2265e3fa31e50e1dc4057d7c5df9ac31b9b4d85f66966e560f43a31eeb,table1:R28,,,
52d12c2265e3fa31-table1-R29,2026-03-23,daejeon-daedeok,,플러스마트 (대덕구 계족로663번길 30-9),문평동 공장 화재사고 현장 근무 및 관련 업무 추진 직원 등 격려,566200,52d12c2265e3fa31e50e1dc4057d7c5df9ac31b9b4d85f66966e560f43a31eeb,table1:R29,,,
52d12c2265e3fa31-table1-R30,2026-03-24,daejeon-daedeok,,꽁뚜 (대덕구 신탄진로36번길 111),어르신 등 취약계층 통합돌봄 의견청취 관계자 간담회,385000,52d12c2265e3fa31e50e1dc4057d7c5df9ac31b9b4d85f66966e560f43a31eeb,table1:R30,,,
52d12c2265e3fa31-table1-R31,2026-03-25,daejeon-daedeok,,황해면옥식당 (대덕구 한남로149번길 1),자율방재조직의 참여도 제고 및 효율적인 재난 대응 활동 추진을 위한 관계자 간담회,357000,52d12c2265e3fa31e50e1dc4057d7c5df9ac31b9b4d85f66966e560f43a31eeb,table1:R31,,,
52d12c2265e3fa31-table1-R32,2026-03-27,daejeon-daedeok,,개인(성명 비공개),직원 축부의금,150000,52d12c2265e3fa31e50e1dc4057d7c5df9ac31b9b4d85f66966e560f43a31eeb,table1:R32,53b038957eea04827c0f8518cfe8983bbb80643c178529d875024121eb4bcc1a:table1:R22,,
52d12c2265e3fa31-table1-R33,2026-03-27,daejeon-daedeok,,"청정원식당, 카페그란데 (대덕구 대전로1044번길 71, 대덕구 한남로 85)",대덕구 통합돌봄사업 업무 추진 등으로 노고가 많은 통합돌봄과 직원 등 격려,184600,52d12c2265e3fa31e50e1dc4057d7c5df9ac31b9b4d85f66966e560f43a31eeb,table1:R33,,,
52d12c2265e3fa31-table1-R34,2026-03-28,daejeon-daedeok,,구미횟집 (대덕구 신탄진동로 60),주민 생활밀착형 정책 발굴을 위한 관계자 간담회,64000,52d12c2265e3fa31e50e1dc4057d7c5df9ac31b9b4d85f66966e560f43a31eeb,table1:R34,,,
52d12c2265e3fa31-table1-R35,2026-03-31,daejeon-daedeok,,계족산염소맛집 (대덕구 송촌북로36번길 11),빈 점포를 활용한 청년창업 지원사업 업무 추진 등으로 노고가 많은 인구정책과 직원 등 격려,109000,52d12c2265e3fa31e50e1dc4057d7c5df9ac31b9b4d85f66966e560f43a31eeb,table1:R35,,,
0165875695159eed-table1-R2,2026-02-02,daejeon-daedeok,,복수한우날고기 (대덕구 계족산로36번길 33),2026년 대외기관 공모〮평가 대응 계획 수립을 위한 관계자 간담회,156000,0165875695159eedd301f308cd66e72c89ea2842b45596019c70c6fe4178b7bd,table1:R2,,,
0165875695159eed-table1-R3,2026-02-03,daejeon-daedeok,,독도복국1987 (동구 한밭대로 1219),각종 행사 의전 수행 등으로 노고가 많은 수행원 격려,44000,0165875695159eedd301f308cd66e72c89ea2842b45596019c70c6fe4178b7bd,table1:R3,,,
0165875695159eed-table1-R4,2026-02-04,daejeon-daedeok,,한밭삼계탕식당 (대덕구 대전로1019번길 36),일정 조정 및 내방객 응대 등으로 노고가 많은 비서실 직원 등 격려,53000,0165875695159eedd301f308cd66e72c89ea2842b45596019c70c6fe4178b7bd,table1:R4,,,
0165875695159eed-table1-R5,2026-02-09,daejeon-daedeok,,자연산형제횟집 (대덕구 중리로76번길 22),기후위기 대응 및 온실가스 저감을 위한 탄소중립실천 관계자 간담회,429000,0165875695159eedd301f308cd66e72c89ea2842b45596019c70c6fe4178b7bd,table1:R5,,,
0165875695159eed-table1-R6,2026-02-10,daejeon-daedeok,,일번가식당 (대덕구 신탄진동로 28-1),지역사회보장사업 활성화 등을 위한 관계자 간담회,214000,0165875695159eedd301f308cd66e72c89ea2842b45596019c70c6fe4178b7bd,table1:R6,,,
0165875695159eed-table1-R7,2026-02-11,daejeon-daedeok,,개인(성명 비공개),직원 부의금,100000,0165875695159eedd301f308cd66e72c89ea2842b45596019c70c6fe4178b7bd,table1:R7,9959be716f72e696b2b1de73fc5e0df4e209692ebf7f6c4119c89ee29be3b035:table1:R5,,
0165875695159eed-table1-R8,2026-02-11,daejeon-daedeok,,"신탄진정우마트, 제이마트 (대덕구 대청로 42, 대덕구 대덕대로1585번길 14)","설 명절 맞이 공무직, 청원경찰 격려",2660000,0165875695159eedd301f308cd66e72c89ea2842b45596019c70c6fe4178b7bd,table1:R8,,,
0165875695159eed-table1-R9,2026-02-11,daejeon-daedeok,,마실둔산점 (서구 둔산중로 74),구 주요 정책 추진 설명 등을 위한 언론 관계자 간담회,390000,0165875695159eedd301f308cd66e72c89ea2842b45596019c70c6fe4178b7bd,table1:R9,,,
0165875695159eed-table1-R10,2026-02-11,daejeon-daedeok,,중도매인38번 (대덕구 한밭대로 987),설 명절 맞이 비서실 직원 및 간부공무원 등 격려,480000,0165875695159eedd301f308cd66e72c89ea2842b45596019c70c6fe4178b7bd,table1:R10,,,
0165875695159eed-table1-R11,2026-02-11,daejeon-daedeok,,아침바다 (대덕구 송촌북로4번길 35-13),대덕구 빈집정비계획 수립 추진을 위한 관계자 간담회,346000,0165875695159eedd301f308cd66e72c89ea2842b45596019c70c6fe4178b7bd,table1:R11,,,
0165875695159eed-table1-R12,2026-02-12,daejeon-daedeok,,컴포즈커피 대전송촌5단지점 (대덕구 동춘당로44번길 27),각종 행사 의전 수행 등으로 노고가 많은 수행원 격려,10900,0165875695159eedd301f308cd66e72c89ea2842b45596019c70c6fe4178b7bd,table1:R12,,,
0165875695159eed-table1-R13,2026-02-12,daejeon-daedeok,,플러스마트 (대덕구 계족로663번길 30-9),설 명절 당직근무자 직원 격려,200500,0165875695159eedd301f308cd66e72c89ea2842b45596019c70c6fe4178b7bd,table1:R13,,,
0165875695159eed-table1-R14,2026-02-13,daejeon-daedeok,,어굼터용전점 (동구 동서대로1653번길 13),구 주요 정책 추진 설명 등을 위한 언론 관계자 간담회,116000,0165875695159eedd301f308cd66e72c89ea2842b45596019c70c6fe4178b7bd,table1:R14,,,
0165875695159eed-table1-R15,2026-02-20,daejeon-daedeok,,개인(성명 비공개),직원 부의금,50000,0165875695159eedd301f308cd66e72c89ea2842b45596019c70c6fe4178b7bd,table1:R15,9959be716f72e696b2b1de73fc5e0df4e209692ebf7f6c4119c89ee29be3b035:table1:R9,,
0165875695159eed-table1-R16,2026-02-23,daejeon-daedeok,,한우식당 (대덕구 중리서로 80),해빙기 취약시설 안전점검 추진 등으로 노고가 많은 직원 등 격려,359000,0165875695159eedd301f308cd66e72c89ea2842b45596019c70c6fe4178b7bd,table1:R16,,,
0165875695159eed-table1-R17,2026-02-25,daejeon-daedeok,,코코노빵야 (대덕구 신탄진동로48번길 6),각종 행사 의전 수행 등으로 노고가 많은 수행원 격려,9000,0165875695159eedd301f308cd66e72c89ea2842b45596019c70c6fe4178b7bd,table1:R17,,,
0165875695159eed-table1-R18,2026-02-26,daejeon-daedeok,,풍천장어식당 (대덕구 아리랑로 113),주거환경 개선 사업 지원 및 집수리 컨설팅 활성화를 위한 관계자 간담회,182000,0165875695159eedd301f308cd66e72c89ea2842b45596019c70c6fe4178b7bd,table1:R18,,,
0165875695159eed-table1-R19,2026-02-26,daejeon-daedeok,,송촌족발 (대덕구 송촌북로 1),현안 업무 추진 등으로 노고가 많은 동 행정복지센터 행정팀장 등 직원 격려,451000,0165875695159eedd301f308cd66e72c89ea2842b45596019c70c6fe4178b7bd,table1:R19,,,
0165875695159eed-table1-R20,2026-02-27,daejeon-daedeok,,"창성한우, 허니빈스 송촌점 (대덕구 동춘당로 83 118호 128, 대덕구 동춘당로 83, 129호)",주민 생활밀착형 정책 발굴을 위한 관계자 간담회,109000,0165875695159eedd301f308cd66e72c89ea2842b45596019c70c6fe4178b7bd,table1:R20,,,
207dfe8e6e630bae-table1-R2,2026-06-01,daejeon-daedeok,,SSG.COM (인터넷구매),유관기관 및 민원인 방문자에게 제공되는 차재료 등 구입,203510,207dfe8e6e630baee7acd01a4d0b3895b409b9bf84282a1e9abeb22a859fcc72,table1:R2,,,
207dfe8e6e630bae-table1-R3,2026-06-01,daejeon-daedeok,,장미식당 (대덕구 동심1길 69),국가지점번호 체계 일원화 및 정확도 개선 등을 위해 노고가 많은 토지정보과 직원 등 격려,115000,207dfe8e6e630baee7acd01a4d0b3895b409b9bf84282a1e9abeb22a859fcc72,table1:R3,,,
207dfe8e6e630bae-table1-R4,2026-06-02,daejeon-daedeok,,행복담은한그릇 (대덕구 대전로1020번길 23),취득세 비과세〮감면 부동산 사용실태 조사 업무 추진 등으로 노고가 많은 세정과 직원 등 격려,96000,207dfe8e6e630baee7acd01a4d0b3895b409b9bf84282a1e9abeb22a859fcc72,table1:R4,,,
207dfe8e6e630bae-table1-R5,2026-06-04,daejeon-daedeok,,한가네추어탕 (동구 동대전로256번길 71),지방소멸대응기금 투자사업 선정 업무 추진 등으로 노고가 많은 인구정책과 직원 등 격려,42000,207dfe8e6e630baee7acd01a4d0b3895b409b9bf84282a1e9abeb22a859fcc72,table1:R5,,,
207dfe8e6e630bae-table1-R6,2026-06-05,daejeon-daedeok,,"사랑채식당, 스테이플랜트카페 (대덕구 한남로137번안길 16, 대덕구 한남로137번안길 6)",각종 현안 사업 총괄 업무 등으로 노고가 많은 간부공무원 등 격려,213500,207dfe8e6e630baee7acd01a4d0b3895b409b9bf84282a1e9abeb22a859fcc72,table1:R6,,,
207dfe8e6e630bae-table1-R7,2026-06-08,daejeon-daedeok,,황해면옥식당 (대덕구 한남로149번길 1),인수위원회 업무 추진 등으로 노고가 많은 기획실 직원 등 격려,83000,207dfe8e6e630baee7acd01a4d0b3895b409b9bf84282a1e9abeb22a859fcc72,table1:R7,,,
207dfe8e6e630bae-table1-R8,2026-06-09,daejeon-daedeok,,"산들 (대덕구 한남로137번안길 2, 1층)",2026년 상반기 지방세〮세외수입 체납액 일제 정리 추진 등으로 노고가 많은 세원관리과 직원 등 격려,95000,207dfe8e6e630baee7acd01a4d0b3895b409b9bf84282a1e9abeb22a859fcc72,table1:R8,,,
207dfe8e6e630bae-table1-R9,2026-06-10,daejeon-daedeok,,신도칼국수중촌점 (중구 대전천서로 679-1),각종 일정 조정 및 내방객 응대로 노고가 많은 부속실 직원 등 격려 오찬 간담회,47000,207dfe8e6e630baee7acd01a4d0b3895b409b9bf84282a1e9abeb22a859fcc72,table1:R9,,,
207dfe8e6e630bae-table1-R10,2026-06-10,daejeon-daedeok,,만년닭강정송촌점 (대덕구 계족산로81번길 59),2026년 공무원 노사화합 문화행사 추진 등으로 노고가 많은 운영지원과 직원 등 격려,263000,207dfe8e6e630baee7acd01a4d0b3895b409b9bf84282a1e9abeb22a859fcc72,table1:R10,,,
207dfe8e6e630bae-table1-R11,2026-06-11,daejeon-daedeok,,행복한식탁 (대덕구 한남로137번길 9 1층),자발적 온실가스 감축 유도를 위한 탄소중립포인트제 운영 등으로 노고가 많은 환경과 직원 등 격려,92000,207dfe8e6e630baee7acd01a4d0b3895b409b9bf84282a1e9abeb22a859fcc72,table1:R11,,,
207dfe8e6e630bae-table1-R12,2026-06-12,daejeon-daedeok,,삼미손칼국수 (동구 태전로137번길 2),인수위원회 업무 추진 등으로 노고가 많은 기획실 직원 등 격려,55000,207dfe8e6e630baee7acd01a4d0b3895b409b9bf84282a1e9abeb22a859fcc72,table1:R12,,,
207dfe8e6e630bae-table1-R13,2026-06-12,daejeon-daedeok,,가나다유통 (대덕구 오정로100번길 42),구청장직 인수위원회 파견 직원 및 지원 업무 등으로 노고가 많은 직원 등 격려,200000,207dfe8e6e630baee7acd01a4d0b3895b409b9bf84282a1e9abeb22a859fcc72,table1:R13,,,
207dfe8e6e630bae-table1-R14,2026-06-15,daejeon-daedeok,,은혜식당 (대덕구 한밭대로1159번길 11 1층),권역별 경제활성화 등 관광활성화 전략 사업 발굴 등을 위한 관계자 간담회,74000,207dfe8e6e630baee7acd01a4d0b3895b409b9bf84282a1e9abeb22a859fcc72,table1:R14,,,
207dfe8e6e630bae-table1-R15,2026-06-16,daejeon-daedeok,,덕이네식당 (대덕구 한남로149번길 36),각종 일정 조정 및 내방객 응대로 노고가 많은 부속실 직원 등 격려 오찬 간담회,48000,207dfe8e6e630baee7acd01a4d0b3895b409b9bf84282a1e9abeb22a859fcc72,table1:R15,,,
207dfe8e6e630bae-table1-R16,2026-06-17,daejeon-daedeok,,스시류 (대덕구 송촌북로12번길 11 1층),지역경제 활성화를 위한 예산 신속집행 관련 관계자 간담회,53400,207dfe8e6e630baee7acd01a4d0b3895b409b9bf84282a1e9abeb22a859fcc72,table1:R16,,,
207dfe8e6e630bae-table1-R17,2026-06-18,daejeon-daedeok,,행복담은한그릇 (대덕구 대전로1020번길 23),관내 자원봉사 활성화 사업 추진 관련 관계자 간담회,41000,207dfe8e6e630baee7acd01a4d0b3895b409b9bf84282a1e9abeb22a859fcc72,table1:R17,,,
207dfe8e6e630bae-table1-R18,2026-06-18,daejeon-daedeok,,더빛나 (유성구 엑스포로 131),청년 지원 정책 확대 등 논의를 위한 의견청취 관계자 간담회,198000,207dfe8e6e630baee7acd01a4d0b3895b409b9bf84282a1e9abeb22a859fcc72,table1:R18,,,
207dfe8e6e630bae-table1-R19,2026-06-19,daejeon-daedeok,,개인(성명 비공개),직원 부의금,50000,207dfe8e6e630baee7acd01a4d0b3895b409b9bf84282a1e9abeb22a859fcc72,table1:R19,,,
207dfe8e6e630bae-table1-R20,2026-06-19,daejeon-daedeok,,일정 (서구 만년로67번길 18-9),주거환경개선사업 추진 관련 의견청취 관계자 간담회,250000,207dfe8e6e630baee7acd01a4d0b3895b409b9bf84282a1e9abeb22a859fcc72,table1:R20,,,
207dfe8e6e630bae-table1-R21,2026-06-23,daejeon-daedeok,,부추해물칼국수 (대덕구 신탄진로804번길 31),하절기 고독사 위험군 안부 확인 물품 지원 업무 추진 등으로 노고가 많은 복지정책과 직원 등 격려,80000,207dfe8e6e630baee7acd01a4d0b3895b409b9bf84282a1e9abeb22a859fcc72,table1:R21,,,
207dfe8e6e630bae-table1-R22,2026-06-26,daejeon-daedeok,,개인(성명 비공개),직원 축의금,50000,207dfe8e6e630baee7acd01a4d0b3895b409b9bf84282a1e9abeb22a859fcc72,table1:R22,,,
207dfe8e6e630bae-table1-R23,2026-06-26,daejeon-daedeok,,신도칼국수중촌점 (중구 대전천서로 679-1),대전시 연계사업의 원활한 추진을 위한 관계자 간담회,40000,207dfe8e6e630baee7acd01a4d0b3895b409b9bf84282a1e9abeb22a859fcc72,table1:R23,,,
207dfe8e6e630bae-table1-R24,2026-06-29,daejeon-daedeok,,이산흑염소 (대덕구 한남로 136 1층),산업 안전관리 및 보건관리 수준 향상 논의 등을 위한 관계자 간담회,230000,207dfe8e6e630baee7acd01a4d0b3895b409b9bf84282a1e9abeb22a859fcc72,table1:R24,,,
207dfe8e6e630bae-table1-R25,2026-06-30,daejeon-daedeok,,"대덕상사, ㈜가나다유통 (대덕구 오정로77번길 16-8, 대덕구 오정로100번길 42)","현안업무 추진 등으로 노고가 많은 경제환경국, 도시녹지국 직원 간식 격려",445000,207dfe8e6e630baee7acd01a4d0b3895b409b9bf84282a1e9abeb22a859fcc72,table1:R25,,,
207dfe8e6e630bae-table1-R26,2026-06-30,daejeon-daedeok,,삼미손칼국수 (동구 태전로137번길 2),생활체육 인구의 저변확대 및 건전한 지역사회 분위기 조성을 위한 관계자 간담회,95000,207dfe8e6e630baee7acd01a4d0b3895b409b9bf84282a1e9abeb22a859fcc72,table1:R26,,,
207dfe8e6e630bae-table1-R27,2026-06-30,daejeon-daedeok,,교촌치킨 한남대점 (대덕구 한남로12번길 19-9),"대덕구청장직 인수위원회 사무실 운영 지원 업무 추진 등으로 노고가 많은 기획실, 운영지원과 직원 등 격려",286000,207dfe8e6e630baee7acd01a4d0b3895b409b9bf84282a1e9abeb22a859fcc72,table1:R27,,,
24b0551ac5ec2a05-table1-R2,2026-05-04,daejeon-daedeok,,개인(성명 비공개),직원 부의금,100000,24b0551ac5ec2a051232c4a5b514f60f6b58d9f3559a3b62ef06ff3d4d51d42a,table1:R2,,,
24b0551ac5ec2a05-table1-R3,2026-05-06,daejeon-daedeok,,플러스마트 (대덕구 계족로663번길 30-9),2026년 공무직 문화탐방 참여 직원 등 간식 격려,274900,24b0551ac5ec2a051232c4a5b514f60f6b58d9f3559a3b62ef06ff3d4d51d42a,table1:R3,,,
24b0551ac5ec2a05-table1-R4,2026-05-06,daejeon-daedeok,,황해면옥식당 (대덕구 한남로149번길 1),노후 공동주택의 시설 보수 및 지원사업 추진 등으로 노고가 많은 주택경관과 직원 등 격려,168000,24b0551ac5ec2a051232c4a5b514f60f6b58d9f3559a3b62ef06ff3d4d51d42a,table1:R4,,,
24b0551ac5ec2a05-table1-R5,2026-05-07,daejeon-daedeok,,산들 (대덕구 한남로137번안길 2),2026년 공동주택관리 실태점검 및 컨설팅 추진 등으로 노고가 많은 주택경관과 직원 등 격려,29000,24b0551ac5ec2a051232c4a5b514f60f6b58d9f3559a3b62ef06ff3d4d51d42a,table1:R5,,,
24b0551ac5ec2a05-table1-R6,2026-05-08,daejeon-daedeok,,뚝배기에담은이탈리아 (대덕구 송촌북로4번길 47-10),산불예방 업무 및 비상근무 추진 등으로 노고가 많은 공원녹지과 직원 등 격려,144000,24b0551ac5ec2a051232c4a5b514f60f6b58d9f3559a3b62ef06ff3d4d51d42a,table1:R6,,,
24b0551ac5ec2a05-table1-R7,2026-05-11,daejeon-daedeok,,황해면옥식당 (대덕구 한남로149번길 1),구 주요 정책 추진 설명 등을 위한 언론 관계자 간담회,110000,24b0551ac5ec2a051232c4a5b514f60f6b58d9f3559a3b62ef06ff3d4d51d42a,table1:R7,,,
24b0551ac5ec2a05-table1-R8,2026-05-12,daejeon-daedeok,,사랑채식당 (대덕구 한남로137번안길 16),각종 계약 업무 추진 등으로 노고가 많은 운영지원과 직원 등 격려,72000,24b0551ac5ec2a051232c4a5b514f60f6b58d9f3559a3b62ef06ff3d4d51d42a,table1:R8,,,
24b0551ac5ec2a05-table1-R9,2026-05-12,daejeon-daedeok,,수라면옥 (서구 대덕대로 398),공무원 노사문화 상호협력 관계 증진 방안 논의 등을 위한 관계자 간담회,185500,24b0551ac5ec2a051232c4a5b514f60f6b58d9f3559a3b62ef06ff3d4d51d42a,table1:R9,,,
24b0551ac5ec2a05-table1-R10,2026-05-13,daejeon-daedeok,,이산흑염소 (대덕구 한남로 136 1층),청사 시설물 성능 향상을 위한 환경개선 사업 추진 등으로 노고가 많은 운영지원과 직원 등 격려,75000,24b0551ac5ec2a051232c4a5b514f60f6b58d9f3559a3b62ef06ff3d4d51d42a,table1:R10,,,
24b0551ac5ec2a05-table1-R11,2026-05-13,daejeon-daedeok,,진성아구찜 탄방점 (서구 문정로 138 1층),대전시 연계사업의 원활한 추진을 위한 관계자 간담회,108000,24b0551ac5ec2a051232c4a5b514f60f6b58d9f3559a3b62ef06ff3d4d51d42a,table1:R11,,,
24b0551ac5ec2a05-table1-R12,2026-05-14,daejeon-daedeok,,개인(성명 비공개),직원 부의금,150000,24b0551ac5ec2a051232c4a5b514f60f6b58d9f3559a3b62ef06ff3d4d51d42a,table1:R12,,,
24b0551ac5ec2a05-table1-R13,2026-05-14,daejeon-daedeok,,양지면옥 (대덕구 중리동로17번길 39-1),2026년 장애인 세상나들이 행사 추진 등으로 노고가 많았던 어르신장애과 직원 등 격려,134000,24b0551ac5ec2a051232c4a5b514f60f6b58d9f3559a3b62ef06ff3d4d51d42a,table1:R13,,,
24b0551ac5ec2a05-table1-R14,2026-05-14,daejeon-daedeok,,피자마루 송촌점 (대덕구 동춘당로114번길 9),제29회 동춘당문화제 및 각종 주말 체육행사 추진 등으로 노고가 많았던 문화관광체육과 직원 등 격려,71700,24b0551ac5ec2a051232c4a5b514f60f6b58d9f3559a3b62ef06ff3d4d51d42a,table1:R14,,,
24b0551ac5ec2a05-table1-R15,2026-05-15,daejeon-daedeok,,콩마니손두부 (대덕구 동춘당로44번길 12),공약사업 및 공모사업 추진 점검을 위한 관계자 간담회,110000,24b0551ac5ec2a051232c4a5b514f60f6b58d9f3559a3b62ef06ff3d4d51d42a,table1:R15,,,
24b0551ac5ec2a05-table1-R16,2026-05-15,daejeon-daedeok,,리엔춘 (대덕구 계족산로81번길 11),지방자치인재개발원 5급승진리더 교육생 등 격려,189000,24b0551ac5ec2a051232c4a5b514f60f6b58d9f3559a3b62ef06ff3d4d51d42a,table1:R16,,,
24b0551ac5ec2a05-table1-R17,2026-05-18,daejeon-daedeok,,"황해면옥식당, 스테이플랜트카페 (대덕구 한남로149번길 1, 대덕구 한남로137번안길 6)",관내 환경정화 추진 등으로 노고가 많은 환경관리요원 등 격려,427000,24b0551ac5ec2a051232c4a5b514f60f6b58d9f3559a3b62ef06ff3d4d51d42a,table1:R17,,,
24b0551ac5ec2a05-table1-R18,2026-05-19,daejeon-daedeok,,왕실전골칼국수식당 (대덕구 계족산로36번길 67),산사태 대비 민관 합동 주민대피훈련 추진 등으로 노고가 많은 공원녹지과 직원 등 격려,42000,24b0551ac5ec2a051232c4a5b514f60f6b58d9f3559a3b62ef06ff3d4d51d42a,table1:R18,,,
24b0551ac5ec2a05-table1-R19,2026-05-20,daejeon-daedeok,,놀부네설렁탕 (대덕구 한밭대로1006번길 62),2025년 기준 경제총조사 업무 추진 등으로 노고가 많은 기획실 직원 등 격려,50000,24b0551ac5ec2a051232c4a5b514f60f6b58d9f3559a3b62ef06ff3d4d51d42a,table1:R19,,,
24b0551ac5ec2a05-table1-R20,2026-05-21,daejeon-daedeok,,생태와갈치,문평동 공장 화재사고 관련 업무 추진 등으로 노고가 많았던 재난안전과 직원 등 격려,170000,24b0551ac5ec2a051232c4a5b514f60f6b58d9f3559a3b62ef06ff3d4d51d42a,table1:R20,,,
24b0551ac5ec2a05-table1-R21,2026-05-22,daejeon-daedeok,,개인(성명 비공개),직원 부의금,100000,24b0551ac5ec2a051232c4a5b514f60f6b58d9f3559a3b62ef06ff3d4d51d42a,table1:R21,,,
24b0551ac5ec2a05-table1-R22,2026-05-26,daejeon-daedeok,,뚝배기에담은이탈리아 (대덕구 송촌북로4번길 47-10 1층),2026년 폭염 종합대책 추진계획 수립을 위한 관계자 간담회,89000,24b0551ac5ec2a051232c4a5b514f60f6b58d9f3559a3b62ef06ff3d4d51d42a,table1:R22,,,
24b0551ac5ec2a05-table1-R23,2026-05-27,daejeon-daedeok,,이산흑염소 (대덕구 한남로 136 1층),기후대응도시숲 조성사업 추진 등으로 노고가 많은 공원녹지과 직원 등 격려,120000,24b0551ac5ec2a051232c4a5b514f60f6b58d9f3559a3b62ef06ff3d4d51d42a,table1:R23,,,
24b0551ac5ec2a05-table1-R24,2026-05-27,daejeon-daedeok,,맛찬들왕소금구이 (서구 계룡로 398),대전시 연계사업의 원활한 추진을 위한 관계자 간담회,132000,24b0551ac5ec2a051232c4a5b514f60f6b58d9f3559a3b62ef06ff3d4d51d42a,table1:R24,,,
24b0551ac5ec2a05-table1-R25,2026-05-29,daejeon-daedeok,,개인(성명 비공개),직원 축부의금,200000,24b0551ac5ec2a051232c4a5b514f60f6b58d9f3559a3b62ef06ff3d4d51d42a,table1:R25,,,
24b0551ac5ec2a05-table1-R26,2026-05-29,daejeon-daedeok,,놀부네설렁탕 (대덕구 한밭대로1006번길 62),지역사회서비스투자사업 제공기관 현장점검 추진 등으로 노고가 많은 생활보장과 직원 등 격려,140000,24b0551ac5ec2a051232c4a5b514f60f6b58d9f3559a3b62ef06ff3d4d51d42a,table1:R26,,,
24b0551ac5ec2a05-table1-R27,2026-05-29,daejeon-daedeok,,별주부해물찜탕 (서구 문정로89번길 10),지역경제 활성화를 위한 예산 신속집행 관련 관계자 간담회,108000,24b0551ac5ec2a051232c4a5b514f60f6b58d9f3559a3b62ef06ff3d4d51d42a,table1:R27,,,
ce889cf00382bb78-table1-R2,2026-04-01,daejeon-daedeok,,개인(성명 비공개),직원 부의금,100000,ce889cf00382bb78463a01653dd943a3817fdd2b39f45e8dbd1338872eb78d36,table1:R2,,,
ce889cf00382bb78-table1-R3,2026-04-01,daejeon-daedeok,,이산흑염소 (대덕구 한남로 136),2026년도 청렴학습시스템 운영 등으로 노고가 많은 감사실 직원 등 격려,60000,ce889cf00382bb78463a01653dd943a3817fdd2b39f45e8dbd1338872eb78d36,table1:R3,,,
ce889cf00382bb78-table1-R4,2026-04-02,daejeon-daedeok,,놀부네설렁탕 (대덕구 한밭대로1006번길 62),각종 일정 조정 및 내방객 응대로 노고가 많은 부속실 직원 등 격려 오찬 간담회,48000,ce889cf00382bb78463a01653dd943a3817fdd2b39f45e8dbd1338872eb78d36,table1:R4,,,
ce889cf00382bb78-table1-R5,2026-04-03,daejeon-daedeok,,보리고개 (중구 중촌로24번길 29),2026년 상반기 지자체 규제개선 건의과제 발굴 업무 추진 등으로 노고가 많은 기획실 직원 등 격려,42000,ce889cf00382bb78463a01653dd943a3817fdd2b39f45e8dbd1338872eb78d36,table1:R5,,,
ce889cf00382bb78-table1-R6,2026-04-06,daejeon-daedeok,,연우네보리밥 (대덕구 대전로1019번길 37),아동학대 대응 및 아동보호전담요원 사업 추진 등으로 노고가 많은 가족친화과 직원 등 격려,126000,ce889cf00382bb78463a01653dd943a3817fdd2b39f45e8dbd1338872eb78d36,table1:R6,,,
ce889cf00382bb78-table1-R7,2026-04-07,daejeon-daedeok,,성심당 (동구 대전로 822),대덕구 지역사회 통합돌봄 사업 홍보 등을 위한 프레스 투어 관련 언론 관계자 간담회,300000,ce889cf00382bb78463a01653dd943a3817fdd2b39f45e8dbd1338872eb78d36,table1:R7,,,
ce889cf00382bb78-table1-R8,2026-04-07,daejeon-daedeok,,놀부네설렁탕 (대덕구 한밭대로1006번길 62),석봉동 산호빛공원 공영주차장 수탁관리자 선정 업무 추진 등으로 노고가 많은 교통과 직원 등 격려,120000,ce889cf00382bb78463a01653dd943a3817fdd2b39f45e8dbd1338872eb78d36,table1:R8,,,
ce889cf00382bb78-table1-R9,2026-04-08,daejeon-daedeok,,행복담은한그릇 (대덕구 대전로1020번길 23),1분기 착한가격업소 신규 발굴 및 지정 업무 추진 등으로 노고가 많은 경제과 직원 등 격려,32000,ce889cf00382bb78463a01653dd943a3817fdd2b39f45e8dbd1338872eb78d36,table1:R9,,,
ce889cf00382bb78-table1-R10,2026-04-09,daejeon-daedeok,,개인(성명 비공개),직원 축부의금,150000,ce889cf00382bb78463a01653dd943a3817fdd2b39f45e8dbd1338872eb78d36,table1:R10,,,
ce889cf00382bb78-table1-R11,2026-04-13,daejeon-daedeok,,스시류 (대덕구 송촌북로12번길 11),제9회 전국동시지방선거 업무 추진 등으로 노고가 많은 자치행정과 직원 등 격려,82800,ce889cf00382bb78463a01653dd943a3817fdd2b39f45e8dbd1338872eb78d36,table1:R11,,,
ce889cf00382bb78-table1-R12,2026-04-14,daejeon-daedeok,,루엔차이 (대덕구 중리동로18번길 1 1층),문체부 계획공모형 지역관광개발사업 업무 추진 등으로 노고가 많은 도시계획과 직원 등 격려,105000,ce889cf00382bb78463a01653dd943a3817fdd2b39f45e8dbd1338872eb78d36,table1:R12,,,
ce889cf00382bb78-table1-R13,2026-04-15,daejeon-daedeok,,옥경이식당 (대덕구 대전로1112번길 20-12),소규모 노후주택 안전점검 추진 등으로 노고가 많은 주택경관과 직원 등 격려,102500,ce889cf00382bb78463a01653dd943a3817fdd2b39f45e8dbd1338872eb78d36,table1:R13,,,
ce889cf00382bb78-table1-R14,2026-04-17,daejeon-daedeok,,개인(성명 비공개),직원 부의금,200000,ce889cf00382bb78463a01653dd943a3817fdd2b39f45e8dbd1338872eb78d36,table1:R14,,,
ce889cf00382bb78-table1-R15,2026-04-20,daejeon-daedeok,,놀부네설렁탕 (대덕구 한밭대로1006번길 62),하천〮계곡 및 주변 지역 불법 시설 정비 업무 등으로 노고가 많은 건설과 직원 등 격려,62000,ce889cf00382bb78463a01653dd943a3817fdd2b39f45e8dbd1338872eb78d36,table1:R15,,,
ce889cf00382bb78-table1-R16,2026-04-21,daejeon-daedeok,,뚝배기에담은이탈리아 (대덕구 송촌북로4번길 47-10),각종 일정 조정 및 내방객 응대로 노고가 많은 부속실 직원 등 격려 오찬 간담회,101000,ce889cf00382bb78463a01653dd943a3817fdd2b39f45e8dbd1338872eb78d36,table1:R16,,,
ce889cf00382bb78-table1-R17,2026-04-22,daejeon-daedeok,,명호공주얼큰이칼국수 (대덕구 옛신탄진로121 1층),대덕구 여성친화도시 조성 업무 추진 등으로 노고가 많은 가족친화과 직원 등 격려,78000,ce889cf00382bb78463a01653dd943a3817fdd2b39f45e8dbd1338872eb78d36,table1:R17,,,
ce889cf00382bb78-table1-R18,2026-04-22,daejeon-daedeok,,빵굽는나라 (대덕구 석봉로38번길 2),사기진작 및 근로의욕 향상을 위한 승진 직원 간식 격려,660000,ce889cf00382bb78463a01653dd943a3817fdd2b39f45e8dbd1338872eb78d36,table1:R18,,,
ce889cf00382bb78-table1-R19,2026-04-23,daejeon-daedeok,,"황해면옥식당, 스테이플랜트카페 (대덕구 한남로149번길 1, 대덕구 한남로137번안길 6)",관내 불법광고물 정비 업무 추진 등으로 노고가 많은 주택경관과 직원 등 격려,216500,ce889cf00382bb78463a01653dd943a3817fdd2b39f45e8dbd1338872eb78d36,table1:R19,,,
ce889cf00382bb78-table1-R20,2026-04-24,daejeon-daedeok,,개인(성명 비공개),직원 축부의금,150000,ce889cf00382bb78463a01653dd943a3817fdd2b39f45e8dbd1338872eb78d36,table1:R20,,,
ce889cf00382bb78-table1-R21,2026-04-24,daejeon-daedeok,,이산흑염소 (대덕구 한남로 136),관내 지하차도 일원 준설 및 배수시설 정비 등으로 노고가 많은 건설과 직원 등 격려,150000,ce889cf00382bb78463a01653dd943a3817fdd2b39f45e8dbd1338872eb78d36,table1:R21,,,
ce889cf00382bb78-table1-R22,2026-04-28,daejeon-daedeok,,연우네보리밥 (대덕구 대전로1019번길 37),건축물의 신축 및 개축 등 건축 허가 업무 추진 등으로 노고가 많은 주택경과과 직원 등 격려,74000,ce889cf00382bb78463a01653dd943a3817fdd2b39f45e8dbd1338872eb78d36,table1:R22,,,
ce889cf00382bb78-table1-R23,2026-04-28,daejeon-daedeok,,맛찬들왕소금구이 (서구 계룡로 398),지방소멸대응기금 투자사업 발굴 논의 등을 위한 관계자 간담회,150000,ce889cf00382bb78463a01653dd943a3817fdd2b39f45e8dbd1338872eb78d36,table1:R23,,,
ce889cf00382bb78-table1-R24,2026-04-29,daejeon-daedeok,,미향 (서구 둔산로 73번길 25),아동학대 예방 강화 및 피해아동에 대한 적극적인 보호 방안 논의 등을 위한 관계자 간담회,100000,ce889cf00382bb78463a01653dd943a3817fdd2b39f45e8dbd1338872eb78d36,table1:R24,,,
ce889cf00382bb78-table1-R25,2026-04-29,daejeon-daedeok,,만년한정담 (서구 만년남로3번길 64),대전시 연계사업의 원활한 추진을 위한 관계자 간담회,80000,ce889cf00382bb78463a01653dd943a3817fdd2b39f45e8dbd1338872eb78d36,table1:R25,,,
53b038957eea0482-table1-R3,2026-03-03,daejeon-daedeok,,명호공주얼큰이칼국수 (대덕구 옛신탄진로121 1층),지방세 체납자에 대한 압류 자료 전수 점검 등으로 노고가 많은 세원관리과 직원 등 격려,108000,53b038957eea04827c0f8518cfe8983bbb80643c178529d875024121eb4bcc1a,table1:R3,,,
53b038957eea0482-table1-R4,2026-03-04,daejeon-daedeok,,뚝배기에담은이탈리아 (대덕구 송촌북로4번길 47-10),2026 대덕물빛축제 온〮오프라인 홍보 추진 등으로 노고가 많은 미디어홍보과 직원 등 격려,84000,53b038957eea04827c0f8518cfe8983bbb80643c178529d875024121eb4bcc1a,table1:R4,,,
53b038957eea0482-table1-R5,2026-03-05,daejeon-daedeok,,제일추어탕 (대덕구 한남로 137),독서 생활화 유도 및 지역 독서문화 거점 마련 방안 논의 등을 위한 관계자 간담회,60000,53b038957eea04827c0f8518cfe8983bbb80643c178529d875024121eb4bcc1a,table1:R5,,,
53b038957eea0482-table1-R7,2026-03-09,daejeon-daedeok,,장마루칼국수 (대덕구 회덕로 2 1층),대덕구 신청사 건립공사 업무 추진 등으로 노고가 많은 신청사건립과 직원 등 격려,185000,53b038957eea04827c0f8518cfe8983bbb80643c178529d875024121eb4bcc1a,table1:R7,,,
53b038957eea0482-table1-R8,2026-03-10,daejeon-daedeok,,덕이네식당 (대덕구 한남로149번길 36),문화유산 보수정비 업무 추진 등으로 노고가 많은 문화관광체육과 직원 등 격려,49000,53b038957eea04827c0f8518cfe8983bbb80643c178529d875024121eb4bcc1a,table1:R8,,,
53b038957eea0482-table1-R9,2026-03-11,daejeon-daedeok,,개인(성명 비공개),직원 부의금,100000,53b038957eea04827c0f8518cfe8983bbb80643c178529d875024121eb4bcc1a,table1:R9,,,
53b038957eea0482-table1-R10,2026-03-11,daejeon-daedeok,,연우네보리밥 (대덕구 대전로1019번길 37),생활체육 인구의 저변확대 및 건전한 지역사회 분위기 조성을 위한 관계자 간담회,83000,53b038957eea04827c0f8518cfe8983bbb80643c178529d875024121eb4bcc1a,table1:R10,,,
53b038957eea0482-table1-R11,2026-03-12,daejeon-daedeok,,승남이네김밥&칼국수 (대덕구 한밭대로 1027 1층),2026년 대외기관 공모〮평가 관리 등으로 노고가 많은 기획실 직원 등 격려,37000,53b038957eea04827c0f8518cfe8983bbb80643c178529d875024121eb4bcc1a,table1:R11,,,
53b038957eea0482-table1-R12,2026-03-17,daejeon-daedeok,,자유대반점 (서구 둔산로137번길 28),대전시 연계사업의 원활한 추진을 위한 관계자 간담회,180000,53b038957eea04827c0f8518cfe8983bbb80643c178529d875024121eb4bcc1a,table1:R12,,,
53b038957eea0482-table1-R13,2026-03-18,daejeon-daedeok,,콩마니손두부 (대덕구 동춘당로44번길 12),생활체육 인프라 확충 및 공공체육시설 활용도 제고 방안 논의 등을 위한 관계자 간담회,118000,53b038957eea04827c0f8518cfe8983bbb80643c178529d875024121eb4bcc1a,table1:R13,,,
53b038957eea0482-table1-R14,2026-03-18,daejeon-daedeok,,SSG.COM(인터넷구매),유관기관 및 민원인 방문자에게 제공되는 차재료 등 구입,194200,53b038957eea04827c0f8518cfe8983bbb80643c178529d875024121eb4bcc1a,table1:R14,,,
53b038957eea0482-table1-R15,2026-03-19,daejeon-daedeok,,보쌈다온 (대덕구 계족산로43번길 1),권역별 경제활성화 등 관광활성화 전략 사업 발굴 등을 위한 관계자 간담회,94000,53b038957eea04827c0f8518cfe8983bbb80643c178529d875024121eb4bcc1a,table1:R15,,,
53b038957eea0482-table1-R17,2026-03-20,daejeon-daedeok,,놀부네설렁탕 (대덕구 한밭대로1006번길 62),교통안전 중장기 종합정책 방향 수립 및 교통안전 문제해결 논의 등을 위한 관계자 간담회,132000,53b038957eea04827c0f8518cfe8983bbb80643c178529d875024121eb4bcc1a,table1:R17,,,
53b038957eea0482-table1-R18,2026-03-23,daejeon-daedeok,,사랑채식당 (대덕구 한남로137번안길 16),복지사각지대 발굴시스템 운영 등으로 노고가 많은 생황보장과 직원 등 격려,36000,53b038957eea04827c0f8518cfe8983bbb80643c178529d875024121eb4bcc1a,table1:R18,,,
53b038957eea0482-table1-R19,2026-03-23,daejeon-daedeok,,빵굽는나라 (대덕구 석봉로38번길 2),사기진작 및 근로의욕 향상을 위한 승진 직원 간식 격려,231000,53b038957eea04827c0f8518cfe8983bbb80643c178529d875024121eb4bcc1a,table1:R19,,,
53b038957eea0482-table1-R20,2026-03-25,daejeon-daedeok,,산들 (대덕구 한남로137번안길 2),구청장 현장행정 업무 추진 등으로 노고가 많은 자치행정과 직원 등 격려,58000,53b038957eea04827c0f8518cfe8983bbb80643c178529d875024121eb4bcc1a,table1:R20,,,
53b038957eea0482-table1-R21,2026-03-26,daejeon-daedeok,,이산흑염소 (대덕구 한남로 136),각종 일정 조정 및 내방객 응대로 노고가 많은 부속실 직원 등 격려 오찬 간담회,45000,53b038957eea04827c0f8518cfe8983bbb80643c178529d875024121eb4bcc1a,table1:R21,,,
53b038957eea0482-table1-R23,2026-03-30,daejeon-daedeok,,피자마루 송촌점 (대덕구 동춘당로114번길 9),"문평동 공장 화재 사고 관련 업무 추진 등으로 노고가 많은 통합돌봄과, 환경과, 재난안전과, 주택경관과 직원 등 간식 격려(피자)",243000,53b038957eea04827c0f8518cfe8983bbb80643c178529d875024121eb4bcc1a,table1:R23,,,
53b038957eea0482-table1-R24,2026-03-31,daejeon-daedeok,,강길도낙지마을 (대덕구 선비마을로 9),인사 업무 추진 등으로 노고가 많은 운영지원과 직원 등 격려,154000,53b038957eea04827c0f8518cfe8983bbb80643c178529d875024121eb4bcc1a,table1:R24,,,
3005914d090457c3-table1-R2,2026-02-02,daejeon-daedeok,,한밭삼계탕식당 (대덕구 대전로1019번길 36),2026년 국내 체류 외국인 통합검진 시범사업 추진 관계자 간담회,52000,3005914d090457c3e6db6a2fa9ab367d576329334a8570b87b9841741bed2ba8,table1:R2,,,
3005914d090457c3-table1-R3,2026-02-03,daejeon-daedeok,,다디 (대덕구 신탄진동로 23),학령기 아동 건강관리 지원 방안 논의를 위한 관계자 간담회,253000,3005914d090457c3e6db6a2fa9ab367d576329334a8570b87b9841741bed2ba8,table1:R3,,,
3005914d090457c3-table1-R4,2026-02-04,daejeon-daedeok,,서대박 (대덕구 석봉로38번길 30),지역주민의 건강서비스 접근성 향상 및 만성질환 예방〮관리를 위한 관계자 간담회,215000,3005914d090457c3e6db6a2fa9ab367d576329334a8570b87b9841741bed2ba8,table1:R4,,,
3005914d090457c3-table1-R5,2026-02-05,daejeon-daedeok,,보보로베이커리 (대덕구 계족산로81번길 96),사기진작 및 근로의욕 향상을 위한 승진 직원 간식 격려,70000,3005914d090457c3e6db6a2fa9ab367d576329334a8570b87b9841741bed2ba8,table1:R5,,,
3005914d090457c3-table1-R6,2026-02-05,daejeon-daedeok,,"항아리보쌈 석봉지점, 주식회사쉐어즈스튜디오 (대덕구 대덕대로1593번길 55, 대덕구 대덕대로1585번길 16)",청소년 보호〮복지 증진을 위한 통합지원 체계 구축 관계자 간담회,164800,3005914d090457c3e6db6a2fa9ab367d576329334a8570b87b9841741bed2ba8,table1:R6,,,
3005914d090457c3-table1-R7,2026-02-06,daejeon-daedeok,,개인(성명 비공개),직원 부의금,50000,3005914d090457c3e6db6a2fa9ab367d576329334a8570b87b9841741bed2ba8,table1:R7,,,
3005914d090457c3-table1-R8,2026-02-06,daejeon-daedeok,,다해활어시장식당 (대덕구 덕암북로 85),대덕 중소기업 혁신성장 벨트조성 사업 추진 관계자 간담회,222000,3005914d090457c3e6db6a2fa9ab367d576329334a8570b87b9841741bed2ba8,table1:R8,,,
3005914d090457c3-table1-R9,2026-02-09,daejeon-daedeok,,황해면옥식당 (대덕구 한남로149번길 1),2026년 상반기 신속집행 추진 관련 관계자 간담회,105000,3005914d090457c3e6db6a2fa9ab367d576329334a8570b87b9841741bed2ba8,table1:R9,,,
3005914d090457c3-table1-R10,2026-02-11,daejeon-daedeok,,개인(성명 비공개),직원 부의금,100000,3005914d090457c3e6db6a2fa9ab367d576329334a8570b87b9841741bed2ba8,table1:R10,,,
3005914d090457c3-table1-R11,2026-02-11,daejeon-daedeok,,"교동면옥대전중리점, 무드림 베이커리카페 대전 중리동점 (대덕구 한밭대로 1100, 대덕구 한밭대로 1097)",설 연휴 응급진료대책 상황실 운영 관계자 간담회,161000,3005914d090457c3e6db6a2fa9ab367d576329334a8570b87b9841741bed2ba8,table1:R11,,,
3005914d090457c3-table1-R12,2026-02-11,daejeon-daedeok,,중도매인38번 (대덕구 한밭대로 987),"현안업무 추진 등으로 노고가 많은 미래전략국, 안전교통국 직원 간식 격려",630000,3005914d090457c3e6db6a2fa9ab367d576329334a8570b87b9841741bed2ba8,table1:R12,,,
3005914d090457c3-table1-R13,2026-02-12,daejeon-daedeok,,황해면옥식당 (대덕구 한남로149번길 1),2026년 봄철 소통전담관리원 식중독 예방 지도〮홍보 업무 추진 등으로 노고가 많은 위생과 직원 격려,158000,3005914d090457c3e6db6a2fa9ab367d576329334a8570b87b9841741bed2ba8,table1:R13,,,
3005914d090457c3-table1-R14,2026-02-12,daejeon-daedeok,,플러스마트 (대덕구 계족로663번길 30-9),설 명절 맞이 환경관리요원 격려,2492000,3005914d090457c3e6db6a2fa9ab367d576329334a8570b87b9841741bed2ba8,table1:R14,,,
3005914d090457c3-table1-R15,2026-02-12,daejeon-daedeok,,피자마루 송촌점 (대덕구 동춘당로114번길 9),취약계층 건강 증진 및 지원 등으로 노고가 많은 보건소 직원 등 간식 격려(피자),118800,3005914d090457c3e6db6a2fa9ab367d576329334a8570b87b9841741bed2ba8,table1:R15,,,
3005914d090457c3-table1-R16,2026-02-20,daejeon-daedeok,,개인(성명 비공개),직원 축부의금,150000,3005914d090457c3e6db6a2fa9ab367d576329334a8570b87b9841741bed2ba8,table1:R16,,,
3005914d090457c3-table1-R17,2026-02-20,daejeon-daedeok,,풍천장어식당 (대덕구 아리랑로 113),문화 예술 및 축제 활성화 등을 위한 관계자 간담회,186000,3005914d090457c3e6db6a2fa9ab367d576329334a8570b87b9841741bed2ba8,table1:R17,,,
3005914d090457c3-table1-R18,2026-02-23,daejeon-daedeok,,사랑채식당 (대덕구 한남로137번안길 16),각종 일정 조정 및 내방객 응대로 노고가 많은 부속실 직원 등 격려 오찬 간담회,54000,3005914d090457c3e6db6a2fa9ab367d576329334a8570b87b9841741bed2ba8,table1:R18,,,
3005914d090457c3-table1-R19,2026-02-24,daejeon-daedeok,,자원대구탕 (서울 용산구 한강대로62가길 6),제14회 대한민국축제콘텐츠 대상 시상식 관련 업무 추진 등으로 노고가 많은 직원 등 격려,80000,3005914d090457c3e6db6a2fa9ab367d576329334a8570b87b9841741bed2ba8,table1:R19,,,
3005914d090457c3-table1-R20,2026-02-25,daejeon-daedeok,,놀부네설렁탕 (대덕구 한밭대로1006번길 62),조례규칙심의회 추진 등으로 노고가 많은 기획실 직원 등 격려,66000,3005914d090457c3e6db6a2fa9ab367d576329334a8570b87b9841741bed2ba8,table1:R20,,,
3005914d090457c3-table1-R21,2026-02-26,daejeon-daedeok,,스시류 (대덕구 송촌북로12번길 11),관내 자원봉사 활성화 사업 추진 관련 관계자 간담회,69000,3005914d090457c3e6db6a2fa9ab367d576329334a8570b87b9841741bed2ba8,table1:R21,,,
3005914d090457c3-table1-R22,2026-02-27,daejeon-daedeok,,오슈동죽칼국수 (대덕구 송촌북로4번길 41-8),전통시장 및 상점가 위탁시설물 운영점검 관련 관계자 간담회,80000,3005914d090457c3e6db6a2fa9ab367d576329334a8570b87b9841741bed2ba8,table1:R22,,,
63f86bbc376f9f69-table1-R2,2026-01-05,daejeon-daedeok,,황해면옥식당 (대덕구 한남로149번길 1),2026년 제1차 조례규칙심의회 개최 준비 등으로 노고가 많은 기획실 직원 등 격려 오찬 간담회,108000,63f86bbc376f9f69abca5499b2d5ecf51c174d16ff66cee1f62190e1d7869f42,table1:R2,,,
63f86bbc376f9f69-table1-R3,2026-01-06,daejeon-daedeok,,미란칼국수 (동구 계족로328번길 5),대덕구 자체감사 운영 기본계획 수립 등으로 노고가 많은 감사실 직원 등 격려 오찬 간담회,102000,63f86bbc376f9f69abca5499b2d5ecf51c174d16ff66cee1f62190e1d7869f42,table1:R3,,,
63f86bbc376f9f69-table1-R4,2026-01-07,daejeon-daedeok,,사랑채식당 (대덕구 한남로137번안길 16),2025회계연도 예산〮재무회계결산 추진계획 수립 등으로 노고가 많은 운영지원과 직원 등 격려 오찬 간담회,54000,63f86bbc376f9f69abca5499b2d5ecf51c174d16ff66cee1f62190e1d7869f42,table1:R4,,,
63f86bbc376f9f69-table1-R5,2026-01-08,daejeon-daedeok,,생태와갈치 (대덕구 대전천북로 222 1층),개인형이동장치(PM) 통행금지 거리 시범 구역 조성 추진 등으로 노고가 많은 교통과 직원 등 격려 오찬 간담회,80000,63f86bbc376f9f69abca5499b2d5ecf51c174d16ff66cee1f62190e1d7869f42,table1:R5,,,
63f86bbc376f9f69-table1-R6,2026-01-09,daejeon-daedeok,,대박갈비탕 (대덕구 한남로 88번길 17),2026년 市 대표축제 육성지원 관련 선발 준비 등으로 노고가 많은 문화관광체육과 직원 등 격려 오찬 간담회,108000,63f86bbc376f9f69abca5499b2d5ecf51c174d16ff66cee1f62190e1d7869f42,table1:R6,,,
63f86bbc376f9f69-table1-R7,2026-01-12,daejeon-daedeok,,스시류 (대덕구 송촌북로12번길 11),2026년 기후대응숲조성 사업 추진 등으로 노고가 많은 공원녹지과 직원 등 격려 오찬 간담회,82800,63f86bbc376f9f69abca5499b2d5ecf51c174d16ff66cee1f62190e1d7869f42,table1:R7,,,
63f86bbc376f9f69-table1-R8,2026-01-13,daejeon-daedeok,,옥경이식당 (대덕구 대전로1112번길 20-12),대덕구 통계연보 발간계획 수립 추진 등으로 노고가 많은 기획실 직원 등 격려 오찬 간담회,50000,63f86bbc376f9f69abca5499b2d5ecf51c174d16ff66cee1f62190e1d7869f42,table1:R8,,,
63f86bbc376f9f69-table1-R9,2026-01-14,daejeon-daedeok,,이산흑염소 (대덕구 한남로 136),2026년 동별 소통간담회 추진 등으로 노고가 많은 자치행정과 직원 등 격려 오찬 간담회,90000,63f86bbc376f9f69abca5499b2d5ecf51c174d16ff66cee1f62190e1d7869f42,table1:R9,,,
63f86bbc376f9f69-table1-R10,2026-01-14,daejeon-daedeok,,비래골손두부 (대덕구 비래골길 61),2026년 주요 사업 추진 점검 등을 위한 간부공무원 만찬 간담회,480000,63f86bbc376f9f69abca5499b2d5ecf51c174d16ff66cee1f62190e1d7869f42,table1:R10,,,
63f86bbc376f9f69-table1-R11,2026-01-15,daejeon-daedeok,,생태와갈치 (대덕구 대전천북로 222 1층),2026년 노인일자리 및 사회활동지원 사업 발대식 추진 등으로 노고가 많은 어르신장애인과 직원 등 격려 오찬 간담회,80000,63f86bbc376f9f69abca5499b2d5ecf51c174d16ff66cee1f62190e1d7869f42,table1:R11,,,
63f86bbc376f9f69-table1-R12,2026-01-16,daejeon-daedeok,,꽁뚜 (대덕구 신탄진로36번길 111),민선8기 공약사업 추진 및 공모사업 대응을 위한 관계자 간담회,72000,63f86bbc376f9f69abca5499b2d5ecf51c174d16ff66cee1f62190e1d7869f42,table1:R12,,,
63f86bbc376f9f69-table1-R13,2026-01-16,daejeon-daedeok,,피자마루 송촌점 (대덕구 동춘당로114번길 9),2026년 구청장 소통간담회 추진 등으로 노고가 많은 동행정복지센터 직원 간식 격려,997100,63f86bbc376f9f69abca5499b2d5ecf51c174d16ff66cee1f62190e1d7869f42,table1:R13,,,
63f86bbc376f9f69-table1-R14,2026-01-19,daejeon-daedeok,,연우네보리밥 (대덕구 대전로1019번길 37),2026년 정부합동평가 우수사례 발굴 추진 관련 관계자 간담회,46000,63f86bbc376f9f69abca5499b2d5ecf51c174d16ff66cee1f62190e1d7869f42,table1:R14,,,
63f86bbc376f9f69-table1-R15,2026-01-20,daejeon-daedeok,,옥경이식당 (대덕구 대전로1112번길 20-12),설 명절 대비 먹거리 분야 안전 점검 등으로 노고가 많은 위생과 직원 등 격려,39000,63f86bbc376f9f69abca5499b2d5ecf51c174d16ff66cee1f62190e1d7869f42,table1:R15,,,
63f86bbc376f9f69-table1-R16,2026-01-21,daejeon-daedeok,,개인(성명 비공개),직원 부의금,50000,63f86bbc376f9f69abca5499b2d5ecf51c174d16ff66cee1f62190e1d7869f42,table1:R16,,,
63f86bbc376f9f69-table1-R17,2026-01-21,daejeon-daedeok,,주상유황족발 (서구 계룡로553번안길 29),대전시 연계사업의 원활한 추진을 위한 관계자 간담회,103000,63f86bbc376f9f69abca5499b2d5ecf51c174d16ff66cee1f62190e1d7869f42,table1:R17,,,
63f86bbc376f9f69-table1-R18,2026-01-22,daejeon-daedeok,,제일추어탕 (대덕구 한남로 137),2026년도 대덕구 안전보건관리계획 수립 관련 관계자 간담회,90000,63f86bbc376f9f69abca5499b2d5ecf51c174d16ff66cee1f62190e1d7869f42,table1:R18,,,
63f86bbc376f9f69-table1-R19,2026-01-23,daejeon-daedeok,,사랑채식당 (대덕구 한남로137번안길 16),지역경제 활성화를 위한 예산 신속집행 관련 관계자 간담회,54000,63f86bbc376f9f69abca5499b2d5ecf51c174d16ff66cee1f62190e1d7869f42,table1:R19,,,
63f86bbc376f9f69-table1-R20,2026-01-26,daejeon-daedeok,,개인(성명 비공개),직원 부의금,150000,63f86bbc376f9f69abca5499b2d5ecf51c174d16ff66cee1f62190e1d7869f42,table1:R20,,,
63f86bbc376f9f69-table1-R21,2026-01-26,daejeon-daedeok,,스시류 (대덕구 송촌북로12번길 11),2026년 지역산업맞춤형 일자리창출 자치구사업 추진 관계자 간담회,89000,63f86bbc376f9f69abca5499b2d5ecf51c174d16ff66cee1f62190e1d7869f42,table1:R21,,,
63f86bbc376f9f69-table1-R22,2026-01-29,daejeon-daedeok,,놀부네설렁탕 (대덕구 한밭대로1006번길 62),주거환경개선사업 추진 관련 의견청취 관계자 간담회,75000,63f86bbc376f9f69abca5499b2d5ecf51c174d16ff66cee1f62190e1d7869f42,table1:R22,,,
63f86bbc376f9f69-table1-R23,2026-01-30,daejeon-daedeok,,교동면옥대전중리점 (대덕구 한밭대로 1100),공공데이터의 제공 및 이용 활성화를 위한 관계자 간담회,78000,63f86bbc376f9f69abca5499b2d5ecf51c174d16ff66cee1f62190e1d7869f42,table1:R23,,,
63f86bbc376f9f69-table1-R24,2026-01-30,daejeon-daedeok,,빵굽는나라 (대덕구 석봉로38번길 2),사기진작 및 근로의욕 향상을 위한 승진 직원 간식 격려,1518000,63f86bbc376f9f69abca5499b2d5ecf51c174d16ff66cee1f62190e1d7869f42,table1:R24,,,
b97e6d582772c612-sheet1-R7,2026-05-13,daejeon-daedeok,,진주냉면,미래전략국 직원 격려 식사자리,117000,b97e6d582772c612655f6b46c84a4d9ff459fa3341855715e8640a231b502af5,sheet1:R7,,,
b97e6d582772c612-sheet1-R8,2026-05-18,daejeon-daedeok,,장수촌 송촌점,미래전략국 직원 격려 식사자리,150000,b97e6d582772c612655f6b46c84a4d9ff459fa3341855715e8640a231b502af5,sheet1:R8,,,
b97e6d582772c612-sheet1-R9,2026-05-21,daejeon-daedeok,,쿵푸차이,미래전략국 직원 격려 식사자리,55000,b97e6d582772c612655f6b46c84a4d9ff459fa3341855715e8640a231b502af5,sheet1:R9,,,
b97e6d582772c612-sheet1-R10,2026-05-26,daejeon-daedeok,,소리네식당,미래전략국 직원 격려 식사자리,206000,b97e6d582772c612655f6b46c84a4d9ff459fa3341855715e8640a231b502af5,sheet1:R10,,,
b97e6d582772c612-sheet1-R11,2026-05-27,daejeon-daedeok,,백년보리밥,미래전략국 직원 격려 식사자리,58000,b97e6d582772c612655f6b46c84a4d9ff459fa3341855715e8640a231b502af5,sheet1:R11,,,
b97e6d582772c612-sheet1-R12,2026-05-28,daejeon-daedeok,,스시류,미래전략국 직원 격려 식사자리,106800,b97e6d582772c612655f6b46c84a4d9ff459fa3341855715e8640a231b502af5,sheet1:R12,,,
b97e6d582772c612-sheet1-R13,2026-06-01,daejeon-daedeok,,미란칼국수,미래전략국 직원 격려 식사자리,52000,b97e6d582772c612655f6b46c84a4d9ff459fa3341855715e8640a231b502af5,sheet1:R13,,,
b97e6d582772c612-sheet1-R14,2026-06-02,daejeon-daedeok,,미란칼국수,미래전략국 직원 격려 식사자리,145000,b97e6d582772c612655f6b46c84a4d9ff459fa3341855715e8640a231b502af5,sheet1:R14,,,
b97e6d582772c612-sheet1-R15,2026-06-04,daejeon-daedeok,,산들,평생학습 공모사업 관련 실무 협의,40000,b97e6d582772c612655f6b46c84a4d9ff459fa3341855715e8640a231b502af5,sheet1:R15,,,
b97e6d582772c612-sheet1-R16,2026-06-08,daejeon-daedeok,,다해원,대덕문화관광재단 관련 업무 논의,92000,b97e6d582772c612655f6b46c84a4d9ff459fa3341855715e8640a231b502af5,sheet1:R16,,,
b97e6d582772c612-sheet1-R17,2026-06-09,daejeon-daedeok,,오성칼국수,지방소명대응기금 관련 사업 협의,68000,b97e6d582772c612655f6b46c84a4d9ff459fa3341855715e8640a231b502af5,sheet1:R17,,,
b97e6d582772c612-sheet1-R18,2026-06-09,daejeon-daedeok,,어굼터 용전점,작은도서관 운영 관련 실무 협의,196000,b97e6d582772c612655f6b46c84a4d9ff459fa3341855715e8640a231b502af5,sheet1:R18,,,
b97e6d582772c612-sheet1-R19,2026-06-11,daejeon-daedeok,,장동감나무보리밥,대덕구 행복이음교육지구 사업 관련 실무 협의,76000,b97e6d582772c612655f6b46c84a4d9ff459fa3341855715e8640a231b502af5,sheet1:R19,,,
b97e6d582772c612-sheet1-R20,2026-06-23,daejeon-daedeok,,또랑,일자리사업 관련 실무 협의,480000,b97e6d582772c612655f6b46c84a4d9ff459fa3341855715e8640a231b502af5,sheet1:R20,,,
b97e6d582772c612-sheet1-R21,2026-06-24,daejeon-daedeok,,또랑,대덕문화원 운영 관련 실무 협의,196000,b97e6d582772c612655f6b46c84a4d9ff459fa3341855715e8640a231b502af5,sheet1:R21,,,
b97e6d582772c612-sheet1-R22,2026-06-29,daejeon-daedeok,,또랑,작은도서관 운영 관련 실무 협의,421000,b97e6d582772c612655f6b46c84a4d9ff459fa3341855715e8640a231b502af5,sheet1:R22,,,
82fb0799415464ff-table1-R2,2026-06-01,daejeon-daedeok,,"콩마니손두부, 가베카페 (대덕구 동춘당로44번길 12 1층, 대덕구 선비마을로 5번길 17)",구정 자문 및 협의 등 소통 강화를 위한 관계자 간담회,142700,82fb0799415464ffa564ec9462c9deb3e224c428d57c67dc1ee3f062e7e3b8c2,table1:R2,,,
82fb0799415464ff-table1-R3,2026-06-02,daejeon-daedeok,,은혜삼계탕 (대덕구 대전로1033번길 25 1층),자원봉사센터 활성화 지원사업 추진 관련 관계자 간담회,45000,82fb0799415464ffa564ec9462c9deb3e224c428d57c67dc1ee3f062e7e3b8c2,table1:R3,,,
82fb0799415464ff-table1-R4,2026-06-08,daejeon-daedeok,,산들 (대덕구 한남로137번안길 2),행정자치국 주요 사업 추진 상황 점검을 위한 관계자 간담회,37000,82fb0799415464ffa564ec9462c9deb3e224c428d57c67dc1ee3f062e7e3b8c2,table1:R4,,,
82fb0799415464ff-table1-R5,2026-06-09,daejeon-daedeok,,연우네보리밥집 (대덕구 대전로1019번길 37),지방행정 발전을 위한 정책 자문 의견청취 관계자 간담회,35000,82fb0799415464ffa564ec9462c9deb3e224c428d57c67dc1ee3f062e7e3b8c2,table1:R5,,,
82fb0799415464ff-table1-R6,2026-06-10,daejeon-daedeok,,이산흑염소 (대덕구 한남로 136 1층),민원인의 권익 보호 및 민원행정의 신뢰도 향상을 위한 관계자 간담회,42000,82fb0799415464ffa564ec9462c9deb3e224c428d57c67dc1ee3f062e7e3b8c2,table1:R6,,,
82fb0799415464ff-table1-R7,2026-06-11,daejeon-daedeok,,"황해면옥식당, 스테이플랜트카페 (대덕구 한남로149번길 1, 대덕구 한남로137번안길 6)",민관협업을 통한 마을의제 해결방안 논의 관계자 간담회,157000,82fb0799415464ffa564ec9462c9deb3e224c428d57c67dc1ee3f062e7e3b8c2,table1:R7,,,
82fb0799415464ff-table1-R8,2026-06-17,daejeon-daedeok,,이산흑염소 (대덕구 한남로 136 1층),각종 일정 조정 및 내방객 응대 등으로 노고가 많은 부속실 직원 등 격려,30000,82fb0799415464ffa564ec9462c9deb3e224c428d57c67dc1ee3f062e7e3b8c2,table1:R8,,,
82fb0799415464ff-table1-R9,2026-06-18,daejeon-daedeok,,"이산흑염소, 엘샤다이 (대덕구 한남로 136 1층, 대덕구 오정로 38 2층)",효율적 세외수입 운영 및 재정 확충을 위한 관계자 간담회,42000,82fb0799415464ffa564ec9462c9deb3e224c428d57c67dc1ee3f062e7e3b8c2,table1:R9,,,
82fb0799415464ff-table1-R10,2026-06-19,daejeon-daedeok,,"유황돼지촌, 스테이플랜트카페 (대덕구 한남로137번길 15, 대덕구 한남로137번안길 6)",인사제도 개선방안 모색 등을 위한 의견청취 관계자 간담회,66000,82fb0799415464ffa564ec9462c9deb3e224c428d57c67dc1ee3f062e7e3b8c2,table1:R10,,,
82fb0799415464ff-table1-R11,2026-06-23,daejeon-daedeok,,의정부아우네부대찌개 (중구 목중로39),고향사랑기부제 활성화 방안 의견청취 관계자 간담회,31500,82fb0799415464ffa564ec9462c9deb3e224c428d57c67dc1ee3f062e7e3b8c2,table1:R11,,,
82fb0799415464ff-table1-R12,2026-06-24,daejeon-daedeok,,"유황돼지촌, 스테이플랜트카페 (대덕구 한남로137번길 15, 대덕구 한남로137번안길 6)",수요자 중심의 민원 행정서비스 구현 방안 논의를 위한 관계자 간담회,59500,82fb0799415464ffa564ec9462c9deb3e224c428d57c67dc1ee3f062e7e3b8c2,table1:R12,,,
82fb0799415464ff-table1-R13,2026-06-25,daejeon-daedeok,,"은혜삼계탕, 더라임 (대덕구 대전로1033번길 25 1층, 대덕구 대전로1033번길 25 1층)",직원 친화적 일터 조성을 위한 의견청취 관계자 간담회,47000,82fb0799415464ffa564ec9462c9deb3e224c428d57c67dc1ee3f062e7e3b8c2,table1:R13,,,
82fb0799415464ff-table1-R14,2026-06-26,daejeon-daedeok,,"태화장, 커피언니 (동구 중앙로203번길 78, 동구 중앙로203번길 360",지역 공동체 네트워크 구축 및 상생의 공동체 문화 조성을 위한 관계자 간담회,55500,82fb0799415464ffa564ec9462c9deb3e224c428d57c67dc1ee3f062e7e3b8c2,table1:R14,,,
82fb0799415464ff-table1-R15,2026-06-30,daejeon-daedeok,,덕이네식당 (대덕구 한남로149번길 36),각종 일정 조정 및 내방객 응대 등으로 노고가 많은 부속실 직원 등 격려,25000,82fb0799415464ffa564ec9462c9deb3e224c428d57c67dc1ee3f062e7e3b8c2,table1:R15,,,
27b06323d06b37e7-sheet1-R7,2026-06-10,daejeon-daedeok,,커피트리,불법광고물 정비사업 관계자 간담회,17000,27b06323d06b37e7b2df582370ca2e2051a0926ba7aa72510d8f785490bbdade,sheet1:R7,,,
27b06323d06b37e7-sheet1-R8,2026-06-18,daejeon-daedeok,,명품진한우,재개발·재건축 관계자 간담회,88000,27b06323d06b37e7b2df582370ca2e2051a0926ba7aa72510d8f785490bbdade,sheet1:R8,,,
27b06323d06b37e7-sheet1-R9,2026-06-29,daejeon-daedeok,,다랑,직원격려,151000,27b06323d06b37e7b2df582370ca2e2051a0926ba7aa72510d8f785490bbdade,sheet1:R9,,,
0e52f84afa3a6ec1-sheet1-R8,2026-06-01,daejeon-daedeok,,대손관 대전용전점 (동구 용전동) 외 1개소,부속실 직원 노고격려 오찬 간담회,64800,0e52f84afa3a6ec1e4f87b93af3320fcc6f9bdad5ab3e9b1fb051f926b92db13,sheet1:R8,,,
0e52f84afa3a6ec1-sheet1-R9,2026-06-02,daejeon-daedeok,,솔솔키친 (동구 용전동),국 시책 중 지원업무관련 의견수렴을 위한 관계부서 직원과의 오찬 간담회,100400,0e52f84afa3a6ec1e4f87b93af3320fcc6f9bdad5ab3e9b1fb051f926b92db13,sheet1:R9,,,
0e52f84afa3a6ec1-sheet1-R10,2026-06-05,daejeon-daedeok,,쪽방집 (중구 대흥동),주요추진시책 홍보 및 업무유대를 위한 언론사 기자들과의 만찬 간담회,179000,0e52f84afa3a6ec1e4f87b93af3320fcc6f9bdad5ab3e9b1fb051f926b92db13,sheet1:R10,,,
0e52f84afa3a6ec1-sheet1-R11,2026-06-09,daejeon-daedeok,,삼팔집 (중구 대흥동) 외 1개소,"관내 현안사업 추진관련, 도시계획 자문을 위한 관계직원과의 오찬 간담회",68900,0e52f84afa3a6ec1e4f87b93af3320fcc6f9bdad5ab3e9b1fb051f926b92db13,sheet1:R11,,,
0e52f84afa3a6ec1-sheet1-R12,2026-06-15,daejeon-daedeok,,포레 (대덕구 오정동),국 소속 상근직원 격려 다과회 및 간담회,28300,0e52f84afa3a6ec1e4f87b93af3320fcc6f9bdad5ab3e9b1fb051f926b92db13,sheet1:R12,,,
0e52f84afa3a6ec1-sheet1-R13,2026-06-22,daejeon-daedeok,,되지가 (대덕구 법동),재난 및 주차장관련 업무협조를 위한 지역단체 임원과의 만찬 간담회,150000,0e52f84afa3a6ec1e4f87b93af3320fcc6f9bdad5ab3e9b1fb051f926b92db13,sheet1:R13,,,
0e52f84afa3a6ec1-sheet1-R14,2026-06-24,daejeon-daedeok,,오성칼국수 (대덕구 중리동) 외 1개소,주차장사무 조정 협의를 위한 관계 간부와의 오찬 간담회,100500,0e52f84afa3a6ec1e4f87b93af3320fcc6f9bdad5ab3e9b1fb051f926b92db13,sheet1:R14,,,
0e52f84afa3a6ec1-sheet1-R15,2026-06-26,daejeon-daedeok,,대청얼큰오징어찌개 (대덕구 신탄진동) 외 1개소,국 소속 상근직원 격려 오찬 및 간담회,74900,0e52f84afa3a6ec1e4f87b93af3320fcc6f9bdad5ab3e9b1fb051f926b92db13,sheet1:R15,,,
0e52f84afa3a6ec1-sheet1-R16,2026-06-30,daejeon-daedeok,,삼선 (유성구 죽동),대덕구 지역자율방재단 노고격려 및 업무협의 오찬 및 간담회,47000,0e52f84afa3a6ec1e4f87b93af3320fcc6f9bdad5ab3e9b1fb051f926b92db13,sheet1:R16,,,
ad7af31a07a19b93-sheet1-R7,2026-06-08,daejeon-daedeok,,꼬치야,지역경제 활성화 사업 추진 관계자 간담회,120000,ad7af31a07a19b9374ddcd7d8e253e2d66c3ee3050184694b07a11175be34409,sheet1:R7,,,
ad7af31a07a19b93-sheet1-R8,2026-06-19,daejeon-daedeok,,이산흑염소 외 1,상권 활성화 업무 추진을 위한 사업 관계자 간담회,94000,ad7af31a07a19b9374ddcd7d8e253e2d66c3ee3050184694b07a11175be34409,sheet1:R8,,,
ad7af31a07a19b93-sheet1-R9,2026-06-25,daejeon-daedeok,,은혜삼계탕 외 1,전통시장 주차 환경 개선 사업 추진 관계자 간담회,56600,ad7af31a07a19b9374ddcd7d8e253e2d66c3ee3050184694b07a11175be34409,sheet1:R9,,,
ad7af31a07a19b93-sheet1-R11,2026-06-16,daejeon-daedeok,,개인(성명 비공개),경제환경국 직원 경조사비,50000,ad7af31a07a19b9374ddcd7d8e253e2d66c3ee3050184694b07a11175be34409,sheet1:R11,,,
ad7af31a07a19b93-sheet1-R12,2026-06-30,daejeon-daedeok,,개인(성명 비공개),경제환경국 직원 경조사비,50000,ad7af31a07a19b9374ddcd7d8e253e2d66c3ee3050184694b07a11175be34409,sheet1:R12,,,
11fe5effe7d53bdd-sheet1-R7,2026-05-11,daejeon-daedeok,,호수식당월평점,공원조성 관련 사업 관계자 간담회,130000,11fe5effe7d53bdd97f461203699188a699a7549c3008169b675099ecbb782d6,sheet1:R7,,,
11fe5effe7d53bdd-sheet1-R8,2026-05-14,daejeon-daedeok,,완도수산,신청사 건립 추진 관계자 간담회,162000,11fe5effe7d53bdd97f461203699188a699a7549c3008169b675099ecbb782d6,sheet1:R8,,,
11fe5effe7d53bdd-sheet1-R9,2026-05-21,daejeon-daedeok,,다랑,도시재생 관련 사업 관계자 간담회,157000,11fe5effe7d53bdd97f461203699188a699a7549c3008169b675099ecbb782d6,sheet1:R9,,,
904ab081a80fa2d4-sheet1-R7,2026-04-02,daejeon-daedeok,,팔각도,녹지조성 사업 관계자 간담회,163600,904ab081a80fa2d460c6e39479300dd76bcc1278898a243de1b81f4d177e60f4,sheet1:R7,,,
904ab081a80fa2d4-sheet1-R8,2026-04-16,daejeon-daedeok,,박가네,도시개발 관련 사업 관계자 간담회,163000,904ab081a80fa2d460c6e39479300dd76bcc1278898a243de1b81f4d177e60f4,sheet1:R8,,,
904ab081a80fa2d4-sheet1-R9,2026-04-27,daejeon-daedeok,,미혜한우정육식당,도시정비 관련 사업 관계자 간담회,326000,904ab081a80fa2d460c6e39479300dd76bcc1278898a243de1b81f4d177e60f4,sheet1:R9,,,
33b7af00f6dcfa1c-table1-R2,2026-05-04,daejeon-daedeok,,"은혜삼계탕, 더라임 (대덕구 대전로1033번길 25 1층)",각종 일정 조정 및 내방객 응대로 노고가 많은 부속실 직원 등 격려,54000,33b7af00f6dcfa1c6aeff67b8bb8d620a6cb735eb9e8f85d39284875937553cb,table1:R2,,,
33b7af00f6dcfa1c-table1-R3,2026-05-08,daejeon-daedeok,,의정부아우네부대찌개 (중구 목중로39),지방세 및 세외수입 체납액 일제정리 추진 관련 관계자 간담회,61000,33b7af00f6dcfa1c6aeff67b8bb8d620a6cb735eb9e8f85d39284875937553cb,table1:R3,,,
33b7af00f6dcfa1c-table1-R4,2026-05-08,daejeon-daedeok,,다사랑치킨 (중구 중촌로28번길 54 1층),행정자치국 주요 사업 추진 상황 점검을 위한 관계자 간담회,75500,33b7af00f6dcfa1c6aeff67b8bb8d620a6cb735eb9e8f85d39284875937553cb,table1:R4,,,
33b7af00f6dcfa1c-table1-R5,2026-05-11,daejeon-daedeok,,은혜삼계탕 (대덕구 대전로1033번길 25 1층),각종 일정 조정 및 내방객 응대로 노고가 많은 부속실 직원 등 격려,24000,33b7af00f6dcfa1c6aeff67b8bb8d620a6cb735eb9e8f85d39284875937553cb,table1:R5,,,
33b7af00f6dcfa1c-table1-R6,2026-05-12,daejeon-daedeok,,"승남이네만두샤브샤브, 파리바게뜨 (대덕구 한밭대로 1027 1층)",자원봉사센터 활성화 지원사업 추진 관련 관계자 간담회,60700,33b7af00f6dcfa1c6aeff67b8bb8d620a6cb735eb9e8f85d39284875937553cb,table1:R6,,,
33b7af00f6dcfa1c-table1-R7,2026-05-14,daejeon-daedeok,,개인(성명 비공개),직원 부의금,50000,33b7af00f6dcfa1c6aeff67b8bb8d620a6cb735eb9e8f85d39284875937553cb,table1:R7,,,
33b7af00f6dcfa1c-table1-R8,2026-05-14,daejeon-daedeok,,"전통칼국수식당, 커피언니 (동구 대전로825번길 13, 동구 중앙로203번길 36)",수요자 중심의 민원 행정서비스 구현 방안 논의를 위한 관계자 간담회,53000,33b7af00f6dcfa1c6aeff67b8bb8d620a6cb735eb9e8f85d39284875937553cb,table1:R8,,,
33b7af00f6dcfa1c-table1-R9,2026-05-15,daejeon-daedeok,,월산본가 (중구 대종로 455),지방행정 발전을 위한 정책 자문 의견청취 관계자 간담회,76000,33b7af00f6dcfa1c6aeff67b8bb8d620a6cb735eb9e8f85d39284875937553cb,table1:R9,,,
33b7af00f6dcfa1c-table1-R10,2026-05-18,daejeon-daedeok,,명륜진사갈비 (중구 동서대로 1463),지방세 환급금 미환급액 일제정리 추진 등으로 노고가 많은 세원관리과 직원 등 격려,43800,33b7af00f6dcfa1c6aeff67b8bb8d620a6cb735eb9e8f85d39284875937553cb,table1:R10,,,
33b7af00f6dcfa1c-table1-R11,2026-05-21,daejeon-daedeok,,"산들, 스테이플랜트카페 (대덕구 한남로137번안길 2, 대덕구 한남로137번안길 6)",복무〮보안점검 실시 등 현안업무 추진 등으로 노고가 많은 운영지원과 직원 등 격려,79500,33b7af00f6dcfa1c6aeff67b8bb8d620a6cb735eb9e8f85d39284875937553cb,table1:R11,,,
33b7af00f6dcfa1c-table1-R12,2026-05-22,daejeon-daedeok,,개인(성명 비공개),직원 부의금,50000,33b7af00f6dcfa1c6aeff67b8bb8d620a6cb735eb9e8f85d39284875937553cb,table1:R12,,,
33b7af00f6dcfa1c-table1-R13,2026-05-27,daejeon-daedeok,,"명륜진사갈비, 커피랜드씨엘 (중구 동서대로 1463, 중구 중촌로 38)",고향사랑기부제 활성화 방안 의견청취 관계자 간담회,73500,33b7af00f6dcfa1c6aeff67b8bb8d620a6cb735eb9e8f85d39284875937553cb,table1:R13,,,
33b7af00f6dcfa1c-table1-R14,2026-05-28,daejeon-daedeok,,"생태와갈치, 카페 이오사 (대덕구 대전천북로 222, 대덕구 대전천북로 254)",취득세 비과세 감면 부동산 사용실태 조사 관련 관계자 간담회,54000,33b7af00f6dcfa1c6aeff67b8bb8d620a6cb735eb9e8f85d39284875937553cb,table1:R14,,,
33b7af00f6dcfa1c-table1-R15,2026-05-29,daejeon-daedeok,,개인(성명 비공개),직원 축의금,200000,33b7af00f6dcfa1c6aeff67b8bb8d620a6cb735eb9e8f85d39284875937553cb,table1:R15,,,
33b7af00f6dcfa1c-table1-R16,2026-05-29,daejeon-daedeok,,교동면옥대전중리점 (대덕구 한밭대로 1100),인사제도 개선방안 모색 등을 위한 의견청취 관계자 간담회,97000,33b7af00f6dcfa1c6aeff67b8bb8d620a6cb735eb9e8f85d39284875937553cb,table1:R16,,,
7fb1c8d5443671b8-sheet1-R8,2026-05-09,daejeon-daedeok,,서대박 (대덕구 석봉동) 외 1개소,5. 9일자 문평동 공장 화재재난 추모식 관계직원 노고 격려,104000,7fb1c8d5443671b81c191c2398afb5c71c41a6e476aaefea19f049d19f27c68d,sheet1:R8,,,
7fb1c8d5443671b8-sheet1-R9,2026-05-11,daejeon-daedeok,,개인(성명 비공개),토지정보과 직원 경조사,50000,7fb1c8d5443671b81c191c2398afb5c71c41a6e476aaefea19f049d19f27c68d,sheet1:R9,,,
7fb1c8d5443671b8-sheet1-R10,2026-05-12,daejeon-daedeok,,비범 (동구 소제동),국 소관 현안업무 홍보추진을 위한 관계부서 직원과의 오찬 간담회,82900,7fb1c8d5443671b81c191c2398afb5c71c41a6e476aaefea19f049d19f27c68d,sheet1:R10,,,
7fb1c8d5443671b8-sheet1-R11,2026-05-14,daejeon-daedeok,,풍천장어식당 (대덕구 읍내동) 외 1개소,여름철 자연재난대비 업무추진 관계 직원 노고 격려,98600,7fb1c8d5443671b81c191c2398afb5c71c41a6e476aaefea19f049d19f27c68d,sheet1:R11,,,
7fb1c8d5443671b8-sheet1-R12,2026-05-26,daejeon-daedeok,,왕가 (유성구 봉명동),국 소관 현안사업관련 자문을 위한 시청관계직원과의 만찬 간담회,117000,7fb1c8d5443671b81c191c2398afb5c71c41a6e476aaefea19f049d19f27c68d,sheet1:R12,,,
7fb1c8d5443671b8-sheet1-R13,2026-05-27,daejeon-daedeok,,정일품두손두부 (서구 만년동) 외 1개소,대덕구 의회 개원관련 협력사항을 논의하기 위한 관계직원과의 오찬 간담회,62500,7fb1c8d5443671b81c191c2398afb5c71c41a6e476aaefea19f049d19f27c68d,sheet1:R13,,,
7fb1c8d5443671b8-sheet1-R14,2026-05-27,daejeon-daedeok,,개인(성명 비공개),건설과 직원 경조사,50000,7fb1c8d5443671b81c191c2398afb5c71c41a6e476aaefea19f049d19f27c68d,sheet1:R14,,,
7fb1c8d5443671b8-sheet1-R15,2026-05-28,daejeon-daedeok,,손이가어죽칼국수 (중구 선화동),구 주요업무 홍보 및 업무협의를 위한 보조기관장과의 오찬 간담회,42000,7fb1c8d5443671b81c191c2398afb5c71c41a6e476aaefea19f049d19f27c68d,sheet1:R15,,,
76d78430166defd7-sheet1-R7,2026-05-29,daejeon-daedeok,,은혜삼계탕 외 1,에너지정책 사업 추진을 위한 사업 관계자 간담회,44500,76d78430166defd799805a21a5ff511158784cb92f36d95206e915648d0c83e9,sheet1:R7,,,
76d78430166defd7-sheet1-R9,2026-05-04,daejeon-daedeok,,개인(성명 비공개),경제환경국 직원 경조사비,100000,76d78430166defd799805a21a5ff511158784cb92f36d95206e915648d0c83e9,sheet1:R9,,,
04b0255460cc9040-table1-R2,2026-04-02,daejeon-daedeok,,육식문화 (중구 목중로19번길 10),지역맞춤형 사업 발굴을 위한 주민참여예산제 관계자 간담회,169000,04b0255460cc9040fd76b3ffbb3fa52412ba2e464a2c8de81dc92140a926954d,table1:R2,,,
04b0255460cc9040-table1-R3,2026-04-03,daejeon-daedeok,,신라감자탕 (중구 대종로 624 1층),고향사랑기부제 활성화 방안 의견청취 관계자 간담회,42000,04b0255460cc9040fd76b3ffbb3fa52412ba2e464a2c8de81dc92140a926954d,table1:R3,,,
04b0255460cc9040-table1-R4,2026-04-07,daejeon-daedeok,,이산흑염소 (대덕구 한남로 136 1층),민원인의 권익 보호 및 민원행정의 신뢰도 향상을 위한 관계자 간담회,75000,04b0255460cc9040fd76b3ffbb3fa52412ba2e464a2c8de81dc92140a926954d,table1:R4,,,
04b0255460cc9040-table1-R5,2026-04-08,daejeon-daedeok,,승남이네만두샤브샤브 (대덕구 한밭대로 1027 1층),구정 자문 및 협의 등 소통 강화를 위한 관계자 간담회,97000,04b0255460cc9040fd76b3ffbb3fa52412ba2e464a2c8de81dc92140a926954d,table1:R5,,,
04b0255460cc9040-table1-R6,2026-04-09,daejeon-daedeok,,은혜삼계탕 (대덕구 대전로1033번길 25 1층),2025회계연도 예산재무회계 결산 추진 관련 관계자 간담회,61000,04b0255460cc9040fd76b3ffbb3fa52412ba2e464a2c8de81dc92140a926954d,table1:R6,,,
04b0255460cc9040-table1-R7,2026-04-15,daejeon-daedeok,,연우네보리밥집 (대덕구 대전로1019번길 37),2026년 市 주민참여예산제 사업 추진 관련 관계자 간담회,45000,04b0255460cc9040fd76b3ffbb3fa52412ba2e464a2c8de81dc92140a926954d,table1:R7,,,
04b0255460cc9040-table1-R8,2026-04-17,daejeon-daedeok,,개인(성명 비공개),직원 부의금,150000,04b0255460cc9040fd76b3ffbb3fa52412ba2e464a2c8de81dc92140a926954d,table1:R8,,,
04b0255460cc9040-table1-R9,2026-04-17,daejeon-daedeok,,"은혜삼계탕, 더라임 (대덕구 대전로1033번길 25 1층)",각종 일정 조정 및 내방객 응대로 노고가 많은 부속실 직원 등을 격려,23000,04b0255460cc9040fd76b3ffbb3fa52412ba2e464a2c8de81dc92140a926954d,table1:R9,,,
04b0255460cc9040-table1-R10,2026-04-21,daejeon-daedeok,,다사랑 (중구 중촌로28번길 54 1층),취득세 비과세〮감면 부동산 일제조사 추진 관련 관계자 간담회,77000,04b0255460cc9040fd76b3ffbb3fa52412ba2e464a2c8de81dc92140a926954d,table1:R10,,,
04b0255460cc9040-table1-R11,2026-04-24,daejeon-daedeok,,갑부본가 (동구 동서대로 1614),지역 공동체 네트워크 구축 및 상생의 공동체 문화 조성을 위한 관계자 간담회,41000,04b0255460cc9040fd76b3ffbb3fa52412ba2e464a2c8de81dc92140a926954d,table1:R11,,,
025ed0c30956ce67-sheet1-R9,2026-03-06,daejeon-daedeok,,파워식자재도매,보건소 내방객 위한 다과 마련,149110,025ed0c30956ce6777100d4652ed0885728514e8d0687bdca168b540e4472701,sheet1:R9,,,
025ed0c30956ce67-sheet1-R10,2026-04-09,daejeon-daedeok,,개인(성명 비공개),소속직원 결혼 축의금,50000,025ed0c30956ce6777100d4652ed0885728514e8d0687bdca168b540e4472701,sheet1:R10,,,
025ed0c30956ce67-sheet1-R11,2026-04-20,daejeon-daedeok,,청보리골,감염병업무추진 직원들의 노고 격려,151000,025ed0c30956ce6777100d4652ed0885728514e8d0687bdca168b540e4472701,sheet1:R11,,,
e2a3d5e7b9a51625-sheet1-R8,2026-04-02,daejeon-daedeok,,김이박부대찌개 (대덕구 목상동) 외 1개소,문평동 화재관련 경찰관계자 업무협의 간담회 및 오찬,81700,e2a3d5e7b9a51625d4b477f4f909d21f20046db3e34bc3bc97a765844b0d120b,sheet1:R8,,,
e2a3d5e7b9a51625-sheet1-R9,2026-04-03,daejeon-daedeok,,보강집 (중구 유천동) 외 1개소,공원시설물 안전관련 업무협의를 위한 관계부서 간부와의 간담회 및 오찬,67000,e2a3d5e7b9a51625d4b477f4f909d21f20046db3e34bc3bc97a765844b0d120b,sheet1:R9,,,
e2a3d5e7b9a51625-sheet1-R10,2026-04-07,daejeon-daedeok,,동해야양푼이동태찌개 중리점 (대덕구 중리동) 외 1개소,재난관련 업무협의를 위한 관련부서장들과의 간담회 및 오찬,46500,e2a3d5e7b9a51625d4b477f4f909d21f20046db3e34bc3bc97a765844b0d120b,sheet1:R10,,,
e2a3d5e7b9a51625-sheet1-R11,2026-04-08,daejeon-daedeok,,파리바게뜨 덕암점 (대덕구 덕암동),사회재난업무추진 관계기관 관계자 업무협의 및 격려 간식 지급,87600,e2a3d5e7b9a51625d4b477f4f909d21f20046db3e34bc3bc97a765844b0d120b,sheet1:R11,,,
e2a3d5e7b9a51625-sheet1-R12,2026-04-09,daejeon-daedeok,,보은순대 (대덕구 송촌동) 외 1개소,문평동 화재관련 합동분향소 현장 근무자 노고 격려,57000,e2a3d5e7b9a51625d4b477f4f909d21f20046db3e34bc3bc97a765844b0d120b,sheet1:R12,,,
e2a3d5e7b9a51625-sheet1-R13,2026-04-16,daejeon-daedeok,,송담추어탕 중리점 (대덕구 중리동) 외 1개소,부속실 직원 노고 격려,61700,e2a3d5e7b9a51625d4b477f4f909d21f20046db3e34bc3bc97a765844b0d120b,sheet1:R13,,,
e2a3d5e7b9a51625-sheet1-R14,2026-04-17,daejeon-daedeok,,누리손만두 (중구 선화동) 외 1개소,공원시설물 안전관련 업무협의를 위한 관계자와의 간담회 및 오찬,67500,e2a3d5e7b9a51625d4b477f4f909d21f20046db3e34bc3bc97a765844b0d120b,sheet1:R14,,,
e2a3d5e7b9a51625-sheet1-R15,2026-04-17,daejeon-daedeok,,개인(성명 비공개),재난안전과 직원 경조사,50000,e2a3d5e7b9a51625d4b477f4f909d21f20046db3e34bc3bc97a765844b0d120b,sheet1:R15,,,
e2a3d5e7b9a51625-sheet1-R16,2026-04-23,daejeon-daedeok,,풍천장어식당 (대덕구 읍내동),안전사고 예찰관련 업무협의 동 관계자 간담회 및 오찬,148000,e2a3d5e7b9a51625d4b477f4f909d21f20046db3e34bc3bc97a765844b0d120b,sheet1:R16,,,
e2a3d5e7b9a51625-sheet1-R17,2026-04-29,daejeon-daedeok,,사랑채식당 (대덕구 오정동) 외 1개소,지역자율방재단 정례회의 간담회,338500,e2a3d5e7b9a51625d4b477f4f909d21f20046db3e34bc3bc97a765844b0d120b,sheet1:R17,,,
4380cdd01389fb30-sheet1-R7,2026-04-02,daejeon-daedeok,,구들마루,관광프로그램 운영 관련 실무 협의,191000,4380cdd01389fb3037858b2c6fa91bf5f417c7bf9055a3a2226be3ce909f91bd,sheet1:R7,,,
4380cdd01389fb30-sheet1-R8,2026-04-03,daejeon-daedeok,,행복담은한그릇,작은도서관 운영 관련 관계자 감담회,60000,4380cdd01389fb3037858b2c6fa91bf5f417c7bf9055a3a2226be3ce909f91bd,sheet1:R8,,,
4380cdd01389fb30-sheet1-R9,2026-04-07,daejeon-daedeok,,산들,미래전략국 직원 격려 식사자리,42000,4380cdd01389fb3037858b2c6fa91bf5f417c7bf9055a3a2226be3ce909f91bd,sheet1:R9,,,
4380cdd01389fb30-sheet1-R10,2026-04-10,daejeon-daedeok,,큰집추어탕,미래전략국 직원 격려 식사자리,126000,4380cdd01389fb3037858b2c6fa91bf5f417c7bf9055a3a2226be3ce909f91bd,sheet1:R10,,,
4380cdd01389fb30-sheet1-R11,2026-04-24,daejeon-daedeok,,남원골추어탕,미래전략국 직원 격려 식사자리,108000,4380cdd01389fb3037858b2c6fa91bf5f417c7bf9055a3a2226be3ce909f91bd,sheet1:R11,,,
4380cdd01389fb30-sheet1-R12,2026-04-27,daejeon-daedeok,,남도항아리,미래전략국 직원 격려 식사자리,66000,4380cdd01389fb3037858b2c6fa91bf5f417c7bf9055a3a2226be3ce909f91bd,sheet1:R12,,,
4380cdd01389fb30-sheet1-R13,2026-04-29,daejeon-daedeok,,사랑채식당,미래전략국 직원 격려 식사자리,130000,4380cdd01389fb3037858b2c6fa91bf5f417c7bf9055a3a2226be3ce909f91bd,sheet1:R13,,,
4380cdd01389fb30-sheet1-R14,2026-04-30,daejeon-daedeok,,고향마을,미래전략국 직원 격려 식사자리,65000,4380cdd01389fb3037858b2c6fa91bf5f417c7bf9055a3a2226be3ce909f91bd,sheet1:R14,,,
c88a4c775581dd87-sheet1-R7,2026-04-01,daejeon-daedeok,,달빛에구운고등어 중촌점,다중이용시설 및 위생취약시설 점검 사업 관계자 간담회,70500,c88a4c775581dd870134d9f0746823f5f6b077ee5df6335d5198dc8c27f29ebc,sheet1:R7,,,
c88a4c775581dd87-sheet1-R8,2026-04-08,daejeon-daedeok,,명가네보쌈칼국수 외 1,지역경제 활성화 사업 추진을 위한 사업 관계자 간담회,90500,c88a4c775581dd870134d9f0746823f5f6b077ee5df6335d5198dc8c27f29ebc,sheet1:R8,,,
c88a4c775581dd87-sheet1-R9,2026-04-09,daejeon-daedeok,,홍콩삼겹살식당,에너지정책 사업 추진을 위한 사업 관계자 간담회,100000,c88a4c775581dd870134d9f0746823f5f6b077ee5df6335d5198dc8c27f29ebc,sheet1:R9,,,
c88a4c775581dd87-sheet1-R10,2026-04-09,daejeon-daedeok,,은혜삼계탕 외 1,관내 골목형상점가 발굴 관련 사업 관계자 간담회,64000,c88a4c775581dd870134d9f0746823f5f6b077ee5df6335d5198dc8c27f29ebc,sheet1:R10,,,
c88a4c775581dd87-sheet1-R11,2026-04-16,daejeon-daedeok,,황토기와집 외 1,지역경제 활성화 사업 추진 관계자 간담회,66800,c88a4c775581dd870134d9f0746823f5f6b077ee5df6335d5198dc8c27f29ebc,sheet1:R11,,,
c88a4c775581dd87-sheet1-R12,2026-04-17,daejeon-daedeok,,어두리,탄소중립 등 기후변화 대응 환경정책 업무 추진을 위한 사업 관계자 간담회,150000,c88a4c775581dd870134d9f0746823f5f6b077ee5df6335d5198dc8c27f29ebc,sheet1:R12,,,
c88a4c775581dd87-sheet1-R13,2026-04-21,daejeon-daedeok,,뚝배기에담은이탈리아,쾌적한 도시환경 조성을 위한 청소사업 추진 관계자 간담회,95000,c88a4c775581dd870134d9f0746823f5f6b077ee5df6335d5198dc8c27f29ebc,sheet1:R13,,,
c88a4c775581dd87-sheet1-R14,2026-04-22,daejeon-daedeok,,황해면옥식당,식품 제조업소 점검 등 식품유통 위생관리 업무 추진 관계자 간담회,134000,c88a4c775581dd870134d9f0746823f5f6b077ee5df6335d5198dc8c27f29ebc,sheet1:R14,,,
c88a4c775581dd87-sheet1-R15,2026-04-23,daejeon-daedeok,,보쌈다온 외 1,고유가 피해지원금 사업 관련 관계자 간담회,99000,c88a4c775581dd870134d9f0746823f5f6b077ee5df6335d5198dc8c27f29ebc,sheet1:R15,,,
c88a4c775581dd87-sheet1-R16,2026-04-24,daejeon-daedeok,,은혜삼계탕 외 1,상권 활성화 업무 추진을 위한 사업 관계자 간담회,77800,c88a4c775581dd870134d9f0746823f5f6b077ee5df6335d5198dc8c27f29ebc,sheet1:R16,,,
c88a4c775581dd87-sheet1-R17,2026-04-27,daejeon-daedeok,,김연수소국밥막국수,고유가 피해지원금 사업 관련 관계자 간담회,30000,c88a4c775581dd870134d9f0746823f5f6b077ee5df6335d5198dc8c27f29ebc,sheet1:R17,,,
c88a4c775581dd87-sheet1-R18,2026-04-29,daejeon-daedeok,,마라월드(친친양꼬치),지역경제 활성화 사업 추진 관계자 간담회,98000,c88a4c775581dd870134d9f0746823f5f6b077ee5df6335d5198dc8c27f29ebc,sheet1:R18,,,
c88a4c775581dd87-sheet1-R20,2026-04-08,daejeon-daedeok,,개인(성명 비공개),경제환경국 직원 경조사비,50000,c88a4c775581dd870134d9f0746823f5f6b077ee5df6335d5198dc8c27f29ebc,sheet1:R20,,,
c88a4c775581dd87-sheet1-R21,2026-04-08,daejeon-daedeok,,중앙상사,환경관리요원 격려,252000,c88a4c775581dd870134d9f0746823f5f6b077ee5df6335d5198dc8c27f29ebc,sheet1:R21,,,
c88a4c775581dd87-sheet1-R22,2026-04-23,daejeon-daedeok,,알파문구 동부지부,국장실 차류 등,233400,c88a4c775581dd870134d9f0746823f5f6b077ee5df6335d5198dc8c27f29ebc,sheet1:R22,,,
19fb8afef6c5cb22-sheet1-R8,2026-03-03,daejeon-daedeok,,"오색추어탕, 케이시켈리","당면 현안업무에 애쓰는 통합돌봄과 통합돌봄팀, 통합돌봄사업팀 직원 격려",82000,19fb8afef6c5cb2290bb00a6d7a2fef2ade917d26d4cc37e31571cb38b1f8c37,sheet1:R8,,,
19fb8afef6c5cb22-sheet1-R9,2026-03-04,daejeon-daedeok,,수경꽃집,노인종합사회복지관 관장의 취임 축하 화분 구입,50000,19fb8afef6c5cb2290bb00a6d7a2fef2ade917d26d4cc37e31571cb38b1f8c37,sheet1:R9,,,
19fb8afef6c5cb22-sheet1-R10,2026-03-04,daejeon-daedeok,,대박갈비탕,당면 현안업무에 애쓰는 어르신장애인과 장애인복지팀 직원 격려,99000,19fb8afef6c5cb2290bb00a6d7a2fef2ade917d26d4cc37e31571cb38b1f8c37,sheet1:R10,,,
19fb8afef6c5cb22-sheet1-R11,2026-03-05,daejeon-daedeok,,산들,드림스타트 사업의 애로사항 청취를 위한 오찬간담회,23000,19fb8afef6c5cb2290bb00a6d7a2fef2ade917d26d4cc37e31571cb38b1f8c37,sheet1:R11,,,
19fb8afef6c5cb22-sheet1-R12,2026-03-09,daejeon-daedeok,,행복한집,최중증 발달장애인 통합돌봄서비스 개소와 관련하여 운영계획 논의를 위한 오찬 간담회,97000,19fb8afef6c5cb2290bb00a6d7a2fef2ade917d26d4cc37e31571cb38b1f8c37,sheet1:R12,,,
19fb8afef6c5cb22-sheet1-R13,2026-03-10,daejeon-daedeok,,손의손,자활사업의 내실있는 운영 당부를 위한 관계자 오찬 간담회,60000,19fb8afef6c5cb2290bb00a6d7a2fef2ade917d26d4cc37e31571cb38b1f8c37,sheet1:R13,,,
19fb8afef6c5cb22-sheet1-R14,2026-03-11,daejeon-daedeok,,산들,당면 현안업무에 애쓰는 생활보장과 소속 직원 격려,82000,19fb8afef6c5cb2290bb00a6d7a2fef2ade917d26d4cc37e31571cb38b1f8c37,sheet1:R14,,,
19fb8afef6c5cb22-sheet1-R15,2026-03-12,daejeon-daedeok,,개인(성명 비공개),대한노인회 대덕구지회장 별세에 따른 경조사비,50000,19fb8afef6c5cb2290bb00a6d7a2fef2ade917d26d4cc37e31571cb38b1f8c37,sheet1:R15,,,
19fb8afef6c5cb22-sheet1-R16,2026-03-13,daejeon-daedeok,,형과아우누릉지삼계탕왕갈비탕,참전 유공자와 보훈 가족에 대한 존경과 감사를 표하고 보훈단체의 의견을 수렴하고자 간담회,171000,19fb8afef6c5cb2290bb00a6d7a2fef2ade917d26d4cc37e31571cb38b1f8c37,sheet1:R16,,,
19fb8afef6c5cb22-sheet1-R17,2026-03-23,daejeon-daedeok,,다온,당면 현안업무에 애쓰는 생활보장과 통합조사팀 직원 격려,73000,19fb8afef6c5cb2290bb00a6d7a2fef2ade917d26d4cc37e31571cb38b1f8c37,sheet1:R17,,,
19fb8afef6c5cb22-sheet1-R18,2026-03-24,daejeon-daedeok,,오색추어탕,문평동 화재관련 모금활동에 관한 방법 및 진행사항 논의를 위한 간담회 추진`,72000,19fb8afef6c5cb2290bb00a6d7a2fef2ade917d26d4cc37e31571cb38b1f8c37,sheet1:R18,,,
19fb8afef6c5cb22-sheet1-R19,2026-03-27,daejeon-daedeok,,어두리,당면 현안업무에 애쓰는 통합돌봄과 복지정책팀 직원 격려,69000,19fb8afef6c5cb2290bb00a6d7a2fef2ade917d26d4cc37e31571cb38b1f8c37,sheet1:R19,,,
19fb8afef6c5cb22-sheet1-R20,2026-03-31,daejeon-daedeok,,다온,당면 현안업무에 애쓰는 생활보장과 자활의료팀 직원 격려,63500,19fb8afef6c5cb2290bb00a6d7a2fef2ade917d26d4cc37e31571cb38b1f8c37,sheet1:R20,,,
19fb8afef6c5cb22-sheet1-R21,2026-03-31,daejeon-daedeok,,카페 오르,의료돌봄사업의 애로사항 청취 및 사업 논의를 위한 차담회,23400,19fb8afef6c5cb2290bb00a6d7a2fef2ade917d26d4cc37e31571cb38b1f8c37,sheet1:R21,,,
9bc8c5f5b35f1ac6-sheet1-R7,2026-03-03,daejeon-daedeok,,비래옥 대전점,대덕구 작은도서관 업무 관계자 간담회,75000,9bc8c5f5b35f1ac672d231b02a4b5b30429dbe1bcb2f62b7f65a87886669959f,sheet1:R7,,,
9bc8c5f5b35f1ac6-sheet1-R8,2026-03-04,daejeon-daedeok,,달빛에 구운 고등어,대덕구 행복이음교육지구 사업 관계자 간담회,87000,9bc8c5f5b35f1ac672d231b02a4b5b30429dbe1bcb2f62b7f65a87886669959f,sheet1:R8,,,
9bc8c5f5b35f1ac6-sheet1-R9,2026-03-05,daejeon-daedeok,,손이가어죽칼국수,청년창업 지원사업 관계자 간담회,102000,9bc8c5f5b35f1ac672d231b02a4b5b30429dbe1bcb2f62b7f65a87886669959f,sheet1:R9,,,
9bc8c5f5b35f1ac6-sheet1-R10,2026-03-06,daejeon-daedeok,,대박갈비탕,대덕문화원 사업 관계자 간담회,92000,9bc8c5f5b35f1ac672d231b02a4b5b30429dbe1bcb2f62b7f65a87886669959f,sheet1:R10,,,
9bc8c5f5b35f1ac6-sheet1-R11,2026-03-10,daejeon-daedeok,,연우네보리밥,대덕문화관광재단 사업 관계자 간담회,79000,9bc8c5f5b35f1ac672d231b02a4b5b30429dbe1bcb2f62b7f65a87886669959f,sheet1:R11,,,
9bc8c5f5b35f1ac6-sheet1-R12,2026-03-11,daejeon-daedeok,,놀부네설렁탕,대덕구 평생학습관 운영 관련 업무 관계자 간담회,36000,9bc8c5f5b35f1ac672d231b02a4b5b30429dbe1bcb2f62b7f65a87886669959f,sheet1:R12,,,
9bc8c5f5b35f1ac6-sheet1-R13,2026-03-12,daejeon-daedeok,,삼미손칼국수,지방소멸대응기금 업무 관계자 간담회,93000,9bc8c5f5b35f1ac672d231b02a4b5b30429dbe1bcb2f62b7f65a87886669959f,sheet1:R13,,,
9bc8c5f5b35f1ac6-sheet1-R14,2026-03-12,daejeon-daedeok,,롯데슈퍼,미래전략국 직원 격려 다과,42160,9bc8c5f5b35f1ac672d231b02a4b5b30429dbe1bcb2f62b7f65a87886669959f,sheet1:R14,,,
9bc8c5f5b35f1ac6-sheet1-R15,2026-03-13,daejeon-daedeok,,다원석갈비,대덕구 청소년어울림센터 업무 관계자 간담회,64000,9bc8c5f5b35f1ac672d231b02a4b5b30429dbe1bcb2f62b7f65a87886669959f,sheet1:R15,,,
9bc8c5f5b35f1ac6-sheet1-R16,2026-03-17,daejeon-daedeok,,라온,도서관 공간 기획 관련 업무 관계자 간담회,30500,9bc8c5f5b35f1ac672d231b02a4b5b30429dbe1bcb2f62b7f65a87886669959f,sheet1:R16,,,
9bc8c5f5b35f1ac6-sheet1-R17,2026-03-23,daejeon-daedeok,,순대샵 하늘주방,미래전략국 직원 격려 식사자리,63000,9bc8c5f5b35f1ac672d231b02a4b5b30429dbe1bcb2f62b7f65a87886669959f,sheet1:R17,,,
9bc8c5f5b35f1ac6-sheet1-R18,2026-03-24,daejeon-daedeok,,스시류,대덕문화관광재단 사업 관계자 간담회,82800,9bc8c5f5b35f1ac672d231b02a4b5b30429dbe1bcb2f62b7f65a87886669959f,sheet1:R18,,,
9bc8c5f5b35f1ac6-sheet1-R19,2026-03-25,daejeon-daedeok,,서울북어전문점,지방소멸대응기금 업무 관계자 간담회,73000,9bc8c5f5b35f1ac672d231b02a4b5b30429dbe1bcb2f62b7f65a87886669959f,sheet1:R19,,,
9bc8c5f5b35f1ac6-sheet1-R20,2026-03-26,daejeon-daedeok,,오색추어,미래전략국 직원 격려 식사자리,48000,9bc8c5f5b35f1ac672d231b02a4b5b30429dbe1bcb2f62b7f65a87886669959f,sheet1:R20,,,
9bc8c5f5b35f1ac6-sheet1-R21,2026-03-27,daejeon-daedeok,,산들,평생학습 공모사업 관계자 간담회,77000,9bc8c5f5b35f1ac672d231b02a4b5b30429dbe1bcb2f62b7f65a87886669959f,sheet1:R21,,,
4ba760fce0c3da2c-table1-R2,2026-03-04,daejeon-daedeok,,연우네보리밥집 (대덕구 대전로1019번길 37),각종 일정 조정 및 내방객 응대로 노고가 많은 부속실 직원 등을 격려,37000,4ba760fce0c3da2cafa15922903c640f4eab103d761faaac6e8cf2b6094d12c0,table1:R2,,,
4ba760fce0c3da2c-table1-R3,2026-03-05,daejeon-daedeok,,"사랑채식당, 스테이플랜트카페 (대덕구 한남로137번안길 16, 대덕구 한남로137번안길 6)",지방소득세(특별징수) 연말정산 환급신청 처리 관계자 간담회,184500,4ba760fce0c3da2cafa15922903c640f4eab103d761faaac6e8cf2b6094d12c0,table1:R3,,,
4ba760fce0c3da2c-table1-R4,2026-03-06,daejeon-daedeok,,승남이네김밥&칼국수 (대덕구 한밭대로 1027 1층),수요자 중심의 민원 행정서비스 구현 방안 논의를 위한 관계자 간담회,73000,4ba760fce0c3da2cafa15922903c640f4eab103d761faaac6e8cf2b6094d12c0,table1:R4,,,
4ba760fce0c3da2c-table1-R5,2026-03-09,daejeon-daedeok,,이산흑염소 (대덕구 한남로 136 1층),각종 일정 조정 및 내방객 응대로 노고가 많은 부속실 직원 등을 격려,40000,4ba760fce0c3da2cafa15922903c640f4eab103d761faaac6e8cf2b6094d12c0,table1:R5,,,
4ba760fce0c3da2c-table1-R6,2026-03-12,daejeon-daedeok,,어굼터용전점 (동구 동서대로1653번길 13),지방행정 발전을 위한 정책 자문 의견청취 관계자 간담회,192000,4ba760fce0c3da2cafa15922903c640f4eab103d761faaac6e8cf2b6094d12c0,table1:R6,,,
4ba760fce0c3da2c-table1-R7,2026-03-13,daejeon-daedeok,,촌닭산오리식당 (동구 동부로 168),민관협업을 통한 마을의제 해결방안 논의 관계자 간담회,113000,4ba760fce0c3da2cafa15922903c640f4eab103d761faaac6e8cf2b6094d12c0,table1:R7,,,
4ba760fce0c3da2c-table1-R8,2026-03-19,daejeon-daedeok,,은혜삼계탕 (대덕구 대전로1033번길 25),당면 현안 업무 추진 등으로 노고가 많은 운영지원과 직원 등을 격려,32000,4ba760fce0c3da2cafa15922903c640f4eab103d761faaac6e8cf2b6094d12c0,table1:R8,,,
4ba760fce0c3da2c-table1-R9,2026-03-23,daejeon-daedeok,,"승남이네김밥&칼국수, 파리바게트 (대덕구 한밭대로 1027 1층)",공동체 활성화 공모사업 업무 추진 등으로 노고가 많은 자치행정과 직원 등 격려,39400,4ba760fce0c3da2cafa15922903c640f4eab103d761faaac6e8cf2b6094d12c0,table1:R9,,,
4ba760fce0c3da2c-table1-R10,2026-03-24,daejeon-daedeok,,"쌍촌본가, 티하우스 수담 (유성구 엑스포로 244-5, 유성구 옉스포로 236)",자원봉사센터 활성화 지원사업 추진 관련 관계자 간담회,74900,4ba760fce0c3da2cafa15922903c640f4eab103d761faaac6e8cf2b6094d12c0,table1:R10,,,
4ba760fce0c3da2c-table1-R11,2026-03-31,daejeon-daedeok,,신성곰탕 (유성구 유성대로1184번길 11-18),시 인재개발원 6급 중견리더양성과정 교육생 등 격려,235000,4ba760fce0c3da2cafa15922903c640f4eab103d761faaac6e8cf2b6094d12c0,table1:R11,,,
61a1e0563caf9c58-sheet1-R7,2026-03-06,daejeon-daedeok,,뚝배기에 담은 이탈리아,직원격려,256500,61a1e0563caf9c58b8ffc571f491c01bb12df71731e01e8216eca3c444eb0b22,sheet1:R7,,,
61a1e0563caf9c58-sheet1-R8,2026-03-09,daejeon-daedeok,,대통령축산탄방점,직원격려,300000,61a1e0563caf9c58b8ffc571f491c01bb12df71731e01e8216eca3c444eb0b22,sheet1:R8,,,
61a1e0563caf9c58-sheet1-R9,2026-03-12,daejeon-daedeok,,희락반점,도시재생 관련 사업 관계자 간담회,384000,61a1e0563caf9c58b8ffc571f491c01bb12df71731e01e8216eca3c444eb0b22,sheet1:R9,,,
61a1e0563caf9c58-sheet1-R10,2026-03-13,daejeon-daedeok,,청정원식당,언론사 기자 간담회,180000,61a1e0563caf9c58b8ffc571f491c01bb12df71731e01e8216eca3c444eb0b22,sheet1:R10,,,
61a1e0563caf9c58-sheet1-R11,2026-03-16,daejeon-daedeok,,희락반점,공동주택 관련 사업 관계자 간담회,173000,61a1e0563caf9c58b8ffc571f491c01bb12df71731e01e8216eca3c444eb0b22,sheet1:R11,,,
61a1e0563caf9c58-sheet1-R12,2026-03-18,daejeon-daedeok,,청해어가,직원격려,480000,61a1e0563caf9c58b8ffc571f491c01bb12df71731e01e8216eca3c444eb0b22,sheet1:R12,,,
61a1e0563caf9c58-sheet1-R13,2026-03-30,daejeon-daedeok,,다랑,도시계획 관련 사업 관계자 간담회,154000,61a1e0563caf9c58b8ffc571f491c01bb12df71731e01e8216eca3c444eb0b22,sheet1:R13,,,
b17d069edafb1b7d-sheet1-R8,2026-03-05,daejeon-daedeok,,푸짐한활어회 송촌본점 (대덕구 송촌동),대덕구 지역자율방재단 노고격려 및 업무협의 관련 오찬,60000,b17d069edafb1b7dd22fefb3957ad213b14e341d787aae657315b9407bec947a,sheet1:R8,,,
b17d069edafb1b7d-sheet1-R9,2026-03-05,daejeon-daedeok,,아침바다활어회 (대덕구 송촌동),국 소관 시책사업 홍보를 위한 언론사 기자와의 간담회 만찬,175000,b17d069edafb1b7dd22fefb3957ad213b14e341d787aae657315b9407bec947a,sheet1:R9,,,
b17d069edafb1b7d-sheet1-R10,2026-03-12,daejeon-daedeok,,생선명가 거북명태 대전송촌점 (대덕구 송촌동) 외 1개소,교통민원관련 업무협의를 위한 송촌동상점가상인회 관계자와의 간담회 오찬,84500,b17d069edafb1b7dd22fefb3957ad213b14e341d787aae657315b9407bec947a,sheet1:R10,,,
b17d069edafb1b7d-sheet1-R11,2026-03-16,daejeon-daedeok,,푸른바다횟집 (대덕구 중리동) 외 1개소,교통시책 홍보 및 정보공유를 위한 언론사 기자와의 간담회 오찬,110200,b17d069edafb1b7dd22fefb3957ad213b14e341d787aae657315b9407bec947a,sheet1:R11,,,
b17d069edafb1b7d-sheet1-R12,2026-03-19,daejeon-daedeok,,가은사주카페 (대덕구 송촌동),안전관리관련 업무협의를 위한 경찰 관계자와의 간담회 다과회,14500,b17d069edafb1b7dd22fefb3957ad213b14e341d787aae657315b9407bec947a,sheet1:R12,,,
b17d069edafb1b7d-sheet1-R13,2026-03-20,daejeon-daedeok,,담가화로구이대전중리점 (대덕구 중리동),국 소관 시책 부동산거래 실태 및 동향 파악을 위한 중개업 관계자와의 간담회 오찬,85500,b17d069edafb1b7dd22fefb3957ad213b14e341d787aae657315b9407bec947a,sheet1:R13,,,
b17d069edafb1b7d-sheet1-R14,2026-03-25,daejeon-daedeok,,삼오식당 (서구 만년동),토지정보과 당면 현안업무 및 의회업무 직원 노고격려,170000,b17d069edafb1b7dd22fefb3957ad213b14e341d787aae657315b9407bec947a,sheet1:R14,,,
b17d069edafb1b7d-sheet1-R15,2026-03-28,daejeon-daedeok,,개인(성명 비공개),재난안전과 직원 경조사,50000,b17d069edafb1b7dd22fefb3957ad213b14e341d787aae657315b9407bec947a,sheet1:R15,,,
dc4274c3420dffa7-sheet1-R7,2026-03-11,daejeon-daedeok,,카페스테이,식중독 예방 등 식품위생 안전관리 업무 추진 관계자 간담회,14000,dc4274c3420dffa7aff9fdd0a6fe129940150f11f64f0f6198280515aad4ce75,sheet1:R7,,,
dc4274c3420dffa7-sheet1-R8,2026-03-12,daejeon-daedeok,,양지면옥 외 1,전통시장 주차환경 개선 사업 추진 관계자 간담회,70000,dc4274c3420dffa7aff9fdd0a6fe129940150f11f64f0f6198280515aad4ce75,sheet1:R8,,,
dc4274c3420dffa7-sheet1-R9,2026-03-20,daejeon-daedeok,,오슈동죽칼국수,대전산업단지 대개조 사업 추진 관계자 간담회,104000,dc4274c3420dffa7aff9fdd0a6fe129940150f11f64f0f6198280515aad4ce75,sheet1:R9,,,
dc4274c3420dffa7-sheet1-R10,2026-03-24,daejeon-daedeok,,달빛에구운고등어 중촌점 외 1,지역경제 활성화 사업 추진을 위한 사업 관계자 간담회,91000,dc4274c3420dffa7aff9fdd0a6fe129940150f11f64f0f6198280515aad4ce75,sheet1:R10,,,
dc4274c3420dffa7-sheet1-R11,2026-03-27,daejeon-daedeok,,오성칼국수,쾌적한 도시환경 조성을 위한 청소사업 추진 관계자 간담회,204000,dc4274c3420dffa7aff9fdd0a6fe129940150f11f64f0f6198280515aad4ce75,sheet1:R11,,,
dc4274c3420dffa7-sheet1-R12,2026-03-31,daejeon-daedeok,,사랑채,민원 대응 자원봉사자 및 업무 관계자 간담회,143000,dc4274c3420dffa7aff9fdd0a6fe129940150f11f64f0f6198280515aad4ce75,sheet1:R12,,,
dc4274c3420dffa7-sheet1-R14,2026-03-03,daejeon-daedeok,,개인(성명 비공개),경제환경국 직원 경조사비,100000,dc4274c3420dffa7aff9fdd0a6fe129940150f11f64f0f6198280515aad4ce75,sheet1:R14,,,
dc4274c3420dffa7-sheet1-R15,2026-03-26,daejeon-daedeok,,개인(성명 비공개),경제환경국 직원 경조사비,50000,dc4274c3420dffa7aff9fdd0a6fe129940150f11f64f0f6198280515aad4ce75,sheet1:R15,,,
63f631e31308132e-sheet1-R9,2026-01-06,daejeon-daedeok,,후지산,지역주민의 건강과 보건의료 향상을 위한 대덕구의사회와의 간담회,94400,63f631e31308132effd368009fccfb3e86ede7c8fdd68b607ae12040e9753bae,sheet1:R9,,,
63f631e31308132e-sheet1-R10,2026-01-20,daejeon-daedeok,,다디,지역주민의 건강과 보건의료 향상을 위한 대덕구약사회와의 간담회,120000,63f631e31308132effd368009fccfb3e86ede7c8fdd68b607ae12040e9753bae,sheet1:R10,,,
63f631e31308132e-sheet1-R11,2026-02-05,daejeon-daedeok,,대덕구보건소(기관업무추진비),소속직원의 애사 부의금,50000,63f631e31308132effd368009fccfb3e86ede7c8fdd68b607ae12040e9753bae,sheet1:R11,,,
63f631e31308132e-sheet1-R12,2026-02-20,daejeon-daedeok,,대청꽃화원,유성구 북부건강생활지원센터 개소 축하 화분,100000,63f631e31308132effd368009fccfb3e86ede7c8fdd68b607ae12040e9753bae,sheet1:R12,,,
63f631e31308132e-sheet1-R13,2026-02-28,daejeon-daedeok,,굴세상신탄진지점,신탄진보름쥐불놀이 응급의료서비스 지원 직원들의 노고 격려,100000,63f631e31308132effd368009fccfb3e86ede7c8fdd68b607ae12040e9753bae,sheet1:R13,,,
fe1e03f3b2c113f6-sheet1-R8,2026-02-03,daejeon-daedeok,,삼팔집,노인일자리 및 사회활동지원사업 교육 진행관련 애로사항 청취 및 향후사업 논의를 위한 간담회,116000,fe1e03f3b2c113f64efed3e04e878c16004f9daf8a651ce676fac289b85b0ecc,sheet1:R8,,,
fe1e03f3b2c113f6-sheet1-R9,2026-02-05,daejeon-daedeok,,"대박갈비탕, 카페별",장애인복지업무협의를 위한 장애인종합복지관 사업관계자들과의 간담회,77500,fe1e03f3b2c113f64efed3e04e878c16004f9daf8a651ce676fac289b85b0ecc,sheet1:R9,,,
fe1e03f3b2c113f6-sheet1-R10,2026-02-06,daejeon-daedeok,,어두리,설명절 앞두고 취약계층 지원방향 검토를 위한 노인복지시설 대상 오찬 간담회,68000,fe1e03f3b2c113f64efed3e04e878c16004f9daf8a651ce676fac289b85b0ecc,sheet1:R10,,,
fe1e03f3b2c113f6-sheet1-R11,2026-02-09,daejeon-daedeok,,교동면옥,"설명절 앞두고 유공자와 보훈가족에 대한 감사를 표하고, 보훈단체 의견 수렴을 위한 간담회",153000,fe1e03f3b2c113f64efed3e04e878c16004f9daf8a651ce676fac289b85b0ecc,sheet1:R11,,,
fe1e03f3b2c113f6-sheet1-R12,2026-02-10,daejeon-daedeok,,김관식 추어명장,다문화 가족 및 여성의 경제창업 역량강화를 위한 협약 체결관련 논의를 위한 간담회,96000,fe1e03f3b2c113f64efed3e04e878c16004f9daf8a651ce676fac289b85b0ecc,sheet1:R12,,,
fe1e03f3b2c113f6-sheet1-R13,2026-02-12,daejeon-daedeok,,내알아해줄게,설 명절을 앞두고 취약노인 안부확인 수행기관 노고 격려 및 지원방향 논의를 위한 간담회,200000,fe1e03f3b2c113f64efed3e04e878c16004f9daf8a651ce676fac289b85b0ecc,sheet1:R13,,,
fe1e03f3b2c113f6-sheet1-R14,2026-02-12,daejeon-daedeok,,"백년보리밥, 달보드레하우스커피",당면 현안업무에 애쓰는 통합돌봄과 복지정책팀 직원 격려,94500,fe1e03f3b2c113f64efed3e04e878c16004f9daf8a651ce676fac289b85b0ecc,sheet1:R14,,,
fe1e03f3b2c113f6-sheet1-R15,2026-02-24,daejeon-daedeok,,제일추어탕,당면 현안업무에 애쓰는 가족친화과 드림스타트팀 직원 격려,80000,fe1e03f3b2c113f64efed3e04e878c16004f9daf8a651ce676fac289b85b0ecc,sheet1:R15,,,
fe1e03f3b2c113f6-sheet1-R16,2026-02-25,daejeon-daedeok,,손의손,당면 현안업무에 애쓰는 통합돌봄과 복지정책팀 직원 격려,58000,fe1e03f3b2c113f64efed3e04e878c16004f9daf8a651ce676fac289b85b0ecc,sheet1:R16,,,
fe1e03f3b2c113f6-sheet1-R17,2026-02-26,daejeon-daedeok,,황해면옥,의료요양통합돌봄 서비스 제공기관 대상 오찬간담회,150000,fe1e03f3b2c113f64efed3e04e878c16004f9daf8a651ce676fac289b85b0ecc,sheet1:R17,,,
a96a9f319729fff5-sheet1-R8,2026-01-07,daejeon-daedeok,,호밀호두,당면 현안업무에 애쓰는 통합돌봄과 소속 직원 격려,44000,a96a9f319729fff500db45be6e39f90512fea50a6e6e2fd445bf72138a971da5,sheet1:R8,,,
a96a9f319729fff5-sheet1-R9,2026-01-08,daejeon-daedeok,,황기왕짬뽕,노인일자리 및 사회활동지원사업 발대식 진행관련 애로사항 청취 및 향후사업 논의를 위한 간담회,71000,a96a9f319729fff500db45be6e39f90512fea50a6e6e2fd445bf72138a971da5,sheet1:R9,,,
a96a9f319729fff5-sheet1-R10,2026-01-12,daejeon-daedeok,,제일추어탕,한파피해예방을 위한 취약계층 지원방안 검토를 위한 노인복지시설 대상 간담회,50000,a96a9f319729fff500db45be6e39f90512fea50a6e6e2fd445bf72138a971da5,sheet1:R10,,,
a96a9f319729fff5-sheet1-R11,2026-01-13,daejeon-daedeok,,대성청과,당면 현안업무에 애쓰는 복지돌봄국 소속 직원 격려,50000,a96a9f319729fff500db45be6e39f90512fea50a6e6e2fd445bf72138a971da5,sheet1:R11,,,
a96a9f319729fff5-sheet1-R12,2026-01-14,daejeon-daedeok,,봄길국수와커피,노인의료돌봄사업 추진관련 연계 및 확대방아 논의를 위한 간담회,20000,a96a9f319729fff500db45be6e39f90512fea50a6e6e2fd445bf72138a971da5,sheet1:R12,,,
a96a9f319729fff5-sheet1-R13,2026-01-16,daejeon-daedeok,,옥천순대식당,어린이집 대상 동절기 현장점검 관련 아동돌봄시설 대상 관계자 간담회,42000,a96a9f319729fff500db45be6e39f90512fea50a6e6e2fd445bf72138a971da5,sheet1:R13,,,
a96a9f319729fff5-sheet1-R14,2026-01-20,daejeon-daedeok,,복래옥식당,어린이집 연합회 운영 격려 및 2026년 보육계획에 대한 협업 논의를 위한 간담회,48000,a96a9f319729fff500db45be6e39f90512fea50a6e6e2fd445bf72138a971da5,sheet1:R14,,,
a96a9f319729fff5-sheet1-R15,2026-01-23,daejeon-daedeok,,"백년보리밥, 달보드레하우스커피",사랑의 사다리 반찬지원 사업 준비 격려를 위한 오찬 간담회,53000,a96a9f319729fff500db45be6e39f90512fea50a6e6e2fd445bf72138a971da5,sheet1:R15,,,
a96a9f319729fff5-sheet1-R16,2026-01-30,daejeon-daedeok,,동신수산,지역사회보장 연차별 시행계획 관련 현장의견 청취 및 사업검토를 위한 관계자 간담회,170000,a96a9f319729fff500db45be6e39f90512fea50a6e6e2fd445bf72138a971da5,sheet1:R16,,,
9959be716f72e696-table1-R2,2026-02-05,daejeon-daedeok,,의정부아우네부대찌개 (중구 목중로 39),민원인의 권익 보호 및 민원행정의 신뢰도 향상을 위한 관계자 간담회,58000,9959be716f72e696b2b1de73fc5e0df4e209692ebf7f6c4119c89ee29be3b035,table1:R2,,,
9959be716f72e696-table1-R3,2026-02-06,daejeon-daedeok,,"굴세상식당, 프네트르 (대덕구 한밭대로1006번길 7)",2026년 대덕구 좋은마을만들기 공모사업 추진 관계자 간담회,46000,9959be716f72e696b2b1de73fc5e0df4e209692ebf7f6c4119c89ee29be3b035,table1:R3,,,
9959be716f72e696-table1-R4,2026-02-09,daejeon-daedeok,,성현 (유성구 엑스포로151번길 19),직장문화 개선을 위한 애로사항 청취 관계자 간담회,97000,9959be716f72e696b2b1de73fc5e0df4e209692ebf7f6c4119c89ee29be3b035,table1:R4,,,
9959be716f72e696-table1-R6,2026-02-12,daejeon-daedeok,,월산본가 (중구 대종로 455),지역 치안 현안 토의 및 치안 정책 사업 발굴 등을 위한 관계자 간담회,73000,9959be716f72e696b2b1de73fc5e0df4e209692ebf7f6c4119c89ee29be3b035,table1:R6,,,
9959be716f72e696-table1-R7,2026-02-13,daejeon-daedeok,,산들 (대덕구 한남로137번안길 2),설 명절 종합대책 추진 관계자 간담회,165000,9959be716f72e696b2b1de73fc5e0df4e209692ebf7f6c4119c89ee29be3b035,table1:R7,,,
9959be716f72e696-table1-R8,2026-02-13,daejeon-daedeok,,교촌치킨 (중구 대종로 670),지역 공동체 네트워크 구축 및 상생의 공동체 문화 조성을 위한 관계자 간담회,81000,9959be716f72e696b2b1de73fc5e0df4e209692ebf7f6c4119c89ee29be3b035,table1:R8,,,
9959be716f72e696-table1-R10,2026-02-23,daejeon-daedeok,,"산들, 스테이플랜트카페 (대덕구 한남로137번안길 2, 대덕구 한남로137번안길 6)",정기 법인세무조사 관련 관계자 간담회,56500,9959be716f72e696b2b1de73fc5e0df4e209692ebf7f6c4119c89ee29be3b035,table1:R10,,,
9959be716f72e696-table1-R11,2026-02-24,daejeon-daedeok,,다원석갈비 (중구 목중로26번길 50),효율적 세외수입 운영 및 재정 확충을 위한 관계자 간담회,84000,9959be716f72e696b2b1de73fc5e0df4e209692ebf7f6c4119c89ee29be3b035,table1:R11,,,
ccb1b889fce4fde7-sheet1-R7,2026-01-05,daejeon-daedeok,,콩마을식당,구정홍보 간담회,47000,ccb1b889fce4fde728c487f105801ec34fe3396f241b722d5e284b08b80f230b,sheet1:R7,,,
ccb1b889fce4fde7-sheet1-R8,2026-01-12,daejeon-daedeok,,구들마루,지방소멸대응기금 업무 관계자 간담회,66000,ccb1b889fce4fde728c487f105801ec34fe3396f241b722d5e284b08b80f230b,sheet1:R8,,,
ccb1b889fce4fde7-sheet1-R9,2026-01-14,daejeon-daedeok,,딜리버리팩토리,대덕문화관광재단 사업 관계자 간담회,72000,ccb1b889fce4fde728c487f105801ec34fe3396f241b722d5e284b08b80f230b,sheet1:R9,,,
ccb1b889fce4fde7-sheet1-R10,2026-01-15,daejeon-daedeok,,달빛에구운고등어 중촌점,대덕구 작은도서관 업무 관계자 간담회,70000,ccb1b889fce4fde728c487f105801ec34fe3396f241b722d5e284b08b80f230b,sheet1:R10,,,
ccb1b889fce4fde7-sheet1-R11,2026-01-16,daejeon-daedeok,,쌍촌본가,지방소멸대응기금 업무 관계자 간담회,44000,ccb1b889fce4fde728c487f105801ec34fe3396f241b722d5e284b08b80f230b,sheet1:R11,,,
ccb1b889fce4fde7-sheet1-R12,2026-01-21,daejeon-daedeok,,생태와갈치,지역 언론사 업무추진 간담회,154000,ccb1b889fce4fde728c487f105801ec34fe3396f241b722d5e284b08b80f230b,sheet1:R12,,,
ccb1b889fce4fde7-sheet1-R13,2026-01-23,daejeon-daedeok,,호박골,공립작은도서관 사업 관계자 간담회,40000,ccb1b889fce4fde728c487f105801ec34fe3396f241b722d5e284b08b80f230b,sheet1:R13,,,
ccb1b889fce4fde7-sheet1-R14,2026-01-27,daejeon-daedeok,,희락반점,지방소멸대응기금 업무 관계자 간담회,144000,ccb1b889fce4fde728c487f105801ec34fe3396f241b722d5e284b08b80f230b,sheet1:R14,,,
ccb1b889fce4fde7-sheet1-R15,2026-02-04,daejeon-daedeok,,대박갈비탕,대덕문화관광재단 사업 관계자 간담회,47000,ccb1b889fce4fde728c487f105801ec34fe3396f241b722d5e284b08b80f230b,sheet1:R15,,,
ccb1b889fce4fde7-sheet1-R16,2026-02-05,daejeon-daedeok,,바다양푼이동태탕,지방소멸대응기금 업무 관계자 간담회,49000,ccb1b889fce4fde728c487f105801ec34fe3396f241b722d5e284b08b80f230b,sheet1:R16,,,
ccb1b889fce4fde7-sheet1-R17,2026-02-12,daejeon-daedeok,,백년보리밥,대덕구 작은도서관 업무 관계자 간담회,75500,ccb1b889fce4fde728c487f105801ec34fe3396f241b722d5e284b08b80f230b,sheet1:R17,,,
ccb1b889fce4fde7-sheet1-R18,2026-02-13,daejeon-daedeok,,또랑,대덕문화원 사업 관계자 간담회,70000,ccb1b889fce4fde728c487f105801ec34fe3396f241b722d5e284b08b80f230b,sheet1:R18,,,
ccb1b889fce4fde7-sheet1-R19,2026-02-24,daejeon-daedeok,,신도칼국수,미래전략국 직원 격려 식사자리,99000,ccb1b889fce4fde728c487f105801ec34fe3396f241b722d5e284b08b80f230b,sheet1:R19,,,
ccb1b889fce4fde7-sheet1-R20,2026-02-25,daejeon-daedeok,,교동면옥 대전중리점,대덕문화관광재단 업무 관계자 간담회,100000,ccb1b889fce4fde728c487f105801ec34fe3396f241b722d5e284b08b80f230b,sheet1:R20,,,
7e52a8bbb4725660-sheet1-R7,2026-02-03,daejeon-daedeok,,이백도씨,직원격려,159000,7e52a8bbb4725660da1203b2f71bc87a03b673b683ba337f1072927166c23c34,sheet1:R7,,,
7e52a8bbb4725660-sheet1-R8,2026-02-04,daejeon-daedeok,,육풍,재개발·재건축 관련 관계자 간담회,390000,7e52a8bbb4725660da1203b2f71bc87a03b673b683ba337f1072927166c23c34,sheet1:R8,,,
7e52a8bbb4725660-sheet1-R9,2026-02-12,daejeon-daedeok,,유황돼지촌,직원격려,117000,7e52a8bbb4725660da1203b2f71bc87a03b673b683ba337f1072927166c23c34,sheet1:R9,,,
7e52a8bbb4725660-sheet1-R10,2026-02-20,daejeon-daedeok,,사랑채,직원격려,159000,7e52a8bbb4725660da1203b2f71bc87a03b673b683ba337f1072927166c23c34,sheet1:R10,,,
7e52a8bbb4725660-sheet1-R11,2026-02-23,daejeon-daedeok,,열린참치,신청사 건립관련 사업관계자 간담회,412000,7e52a8bbb4725660da1203b2f71bc87a03b673b683ba337f1072927166c23c34,sheet1:R11,,,
7e52a8bbb4725660-sheet1-R12,2026-02-26,daejeon-daedeok,,꾸석지돌판한우,직원격려,181800,7e52a8bbb4725660da1203b2f71bc87a03b673b683ba337f1072927166c23c34,sheet1:R12,,,
7e52a8bbb4725660-sheet1-R13,2026-02-28,daejeon-daedeok,,처갓집양념치킨 도안호수공원점,직원격려,48000,7e52a8bbb4725660da1203b2f71bc87a03b673b683ba337f1072927166c23c34,sheet1:R13,,,
65b6f065c59b3aa9-sheet1-R8,2026-02-05,daejeon-daedeok,,삼미손칼국수 (동구 삼성동),해빙기 재난안전관련 협의를 위한 협업부서 직원들과의 간담회,183500,65b6f065c59b3aa98dfea0dd9c50f23b10bc5be2ed7e0bb3657601b433e68bae,sheet1:R8,,,
65b6f065c59b3aa9-sheet1-R9,2026-02-10,daejeon-daedeok,,신미식당 (동구 삼성동) 외 1개소,사무실 환경개선을 위한 관계부서 직원들과의 간담회,30400,65b6f065c59b3aa98dfea0dd9c50f23b10bc5be2ed7e0bb3657601b433e68bae,sheet1:R9,,,
65b6f065c59b3aa9-sheet1-R10,2026-02-13,daejeon-daedeok,,스테이플랜트 카페 (대덕구 오정동),국 소속 상근직원 격려 다과회 및 간담회,42500,65b6f065c59b3aa98dfea0dd9c50f23b10bc5be2ed7e0bb3657601b433e68bae,sheet1:R10,,,
65b6f065c59b3aa9-sheet1-R11,2026-02-13,daejeon-daedeok,,피자알볼로 대전중구청점 (중구 선화동),국 소속 상근직원 격려 간식 구입,126100,65b6f065c59b3aa98dfea0dd9c50f23b10bc5be2ed7e0bb3657601b433e68bae,sheet1:R11,,,
65b6f065c59b3aa9-sheet1-R12,2026-02-23,daejeon-daedeok,,개인(성명 비공개),건설과 직원 경조사,50000,65b6f065c59b3aa98dfea0dd9c50f23b10bc5be2ed7e0bb3657601b433e68bae,sheet1:R12,,,
65b6f065c59b3aa9-sheet1-R13,2026-02-24,daejeon-daedeok,,제일추어탕 (대덕구 오정동) 외 1개소,시책사업 중 협업업무 관련 협의를 위한 관계직원들과의 간담회,103500,65b6f065c59b3aa98dfea0dd9c50f23b10bc5be2ed7e0bb3657601b433e68bae,sheet1:R13,,,
65b6f065c59b3aa9-sheet1-R14,2026-02-28,daejeon-daedeok,,영화반점 (대덕구 신탄진동),신탄진대보름쥐불놀이 축제 행사 현장 안전점검 지원 관계기관 직원 격려 및 간담회,197000,65b6f065c59b3aa98dfea0dd9c50f23b10bc5be2ed7e0bb3657601b433e68bae,sheet1:R14,,,
4fdc598ee2f99e45-sheet1-R7,2026-02-03,daejeon-daedeok,,사랑채,탄소중립 등 기후변화 대응 환경정책 업무 추진을 위한 사업 관계자 간담회,116500,4fdc598ee2f99e451d55693d83743dcda96719a2124ee3facbd22178b0e50c18,sheet1:R7,,,
4fdc598ee2f99e45-sheet1-R8,2026-02-04,daejeon-daedeok,,일번가활어회,평촌동 스마트 혁신지구 스마트 공동플랫폼 활성화를 위한 관계자 간담회,425000,4fdc598ee2f99e451d55693d83743dcda96719a2124ee3facbd22178b0e50c18,sheet1:R8,,,
4fdc598ee2f99e45-sheet1-R9,2026-02-10,daejeon-daedeok,,오성칼국수,쾌적한 도시환경 조성을 위한 청소사업의 지속적인 추진을 위한 관계자 간담회,204000,4fdc598ee2f99e451d55693d83743dcda96719a2124ee3facbd22178b0e50c18,sheet1:R9,,,
4fdc598ee2f99e45-sheet1-R10,2026-02-11,daejeon-daedeok,,아궁이영양족발,소상공인 경영회복 지원 사업 추진 관계자 간담회,62000,4fdc598ee2f99e451d55693d83743dcda96719a2124ee3facbd22178b0e50c18,sheet1:R10,,,
4fdc598ee2f99e45-sheet1-R11,2026-02-20,daejeon-daedeok,,샤브쌈주머니오정점,전통시장 공영주차장 위수탁 사업 관계자 간담회,84000,4fdc598ee2f99e451d55693d83743dcda96719a2124ee3facbd22178b0e50c18,sheet1:R11,,,
7c2e9c50744006a8-table1-R2,2026-01-06,daejeon-daedeok,,"솔밭집오리전문점, 학교법인 대전기독학원 (대덕구 홍도로 81, 대덕구 한남로 70)",지방세수 확충을 위한 의견청취 관계자 간담회,62500,7c2e9c50744006a83576d3173f306dee300a11f37367991045b88c3961e7d98e,table1:R2,,,
7c2e9c50744006a8-table1-R3,2026-01-07,daejeon-daedeok,,이가네돈수레 (중구 목중로26번길 41),직원 후생복지 증진 및 노사 화합을 위한 관계자 간담회,183000,7c2e9c50744006a83576d3173f306dee300a11f37367991045b88c3961e7d98e,table1:R3,,,
7c2e9c50744006a8-table1-R4,2026-01-08,daejeon-daedeok,,"띠울석갈비, 띠울777 (유성구 테크노4로 57, 유성구 테크노5로 72)",1월 자동차세 연세액 납부(선납) 추진 준비 등으로 노고가 많은 세원관리과 직원 등 격려 오찬 간담회,89280,7c2e9c50744006a83576d3173f306dee300a11f37367991045b88c3961e7d98e,table1:R4,,,
7c2e9c50744006a8-table1-R5,2026-01-09,daejeon-daedeok,,연우네보리밥집 (대덕구 대전로1019번길 37),각종 일정 조정 및 내방객 응대로 노고가 많은 부속실 직원 등 격려,47000,7c2e9c50744006a83576d3173f306dee300a11f37367991045b88c3961e7d98e,table1:R5,,,
7c2e9c50744006a8-table1-R6,2026-01-13,daejeon-daedeok,,사랑채식당 (대덕구 한남로137번안길 16),정기분 등록면허세(면허분) 부과 추진 관계자 간담회,80000,7c2e9c50744006a83576d3173f306dee300a11f37367991045b88c3961e7d98e,table1:R6,,,
7c2e9c50744006a8-table1-R7,2026-01-15,daejeon-daedeok,,산들 (대덕구 한남로137번안길 2),1월 자동차세 연세액 납부(선납) 추진 관계자 간담회,65000,7c2e9c50744006a83576d3173f306dee300a11f37367991045b88c3961e7d98e,table1:R7,,,
7c2e9c50744006a8-table1-R8,2026-01-16,daejeon-daedeok,,월산본가 (중구 대종로 455),구민 의견수렴 및 소통을 위한 명예구청장 관계자 간담회,74000,7c2e9c50744006a83576d3173f306dee300a11f37367991045b88c3961e7d98e,table1:R8,,,
7c2e9c50744006a8-table1-R9,2026-01-20,daejeon-daedeok,,산들 (대덕구 한남로137번안길 2),각종 행사 지원 및 의전 업무 등으로 노고가 많은 운영지원과 직원 등 격려,40000,7c2e9c50744006a83576d3173f306dee300a11f37367991045b88c3961e7d98e,table1:R9,,,
7c2e9c50744006a8-table1-R10,2026-01-21,daejeon-daedeok,,개인(성명 비공개),직원 부의금,50000,7c2e9c50744006a83576d3173f306dee300a11f37367991045b88c3961e7d98e,table1:R10,,,
7c2e9c50744006a8-table1-R11,2026-01-23,daejeon-daedeok,,다원석갈비 (중구 목중로26번길 50),2025회계연도 예산재무회계 결산 추진 관련 관계자 간담회,73000,7c2e9c50744006a83576d3173f306dee300a11f37367991045b88c3961e7d98e,table1:R11,,,
7c2e9c50744006a8-table1-R12,2026-01-23,daejeon-daedeok,,자연산형제횟집 (대덕구 중리로76번길 22),2026년 인력관리 계획 수립 추진 관련 관계자 간담회,182000,7c2e9c50744006a83576d3173f306dee300a11f37367991045b88c3961e7d98e,table1:R12,,,
7c2e9c50744006a8-table1-R13,2026-01-26,daejeon-daedeok,,연우네보리밥집 (대덕구 대전로1019번길 37),고향사랑기부제 활성화 방안 의견청취 관계자 간담회,77000,7c2e9c50744006a83576d3173f306dee300a11f37367991045b88c3961e7d98e,table1:R13,,,
7c2e9c50744006a8-table1-R14,2026-01-27,daejeon-daedeok,,"사랑채식당, 스테이플랜트카페 (대덕구 한남로137번안길 16, 대덕구 한남로137번안길 6)",직원의 다양한 복지수요 충족 및 복리후생 증진을 위한 업무 추진 등으로 노고가 많은 직원 격려,196000,7c2e9c50744006a83576d3173f306dee300a11f37367991045b88c3961e7d98e,table1:R14,,,
7c2e9c50744006a8-table1-R15,2026-01-28,daejeon-daedeok,,"산들, 스테이플랜트카페 (대덕구 한남로137번안길 2, 대덕구 한남로137번안길 6)",구정 자문 및 협의 등 소통 강화를 위한 관계자 간담회,76500,7c2e9c50744006a83576d3173f306dee300a11f37367991045b88c3961e7d98e,table1:R15,,,
7c2e9c50744006a8-table1-R16,2026-01-29,daejeon-daedeok,,놀부네집 (중구 대전천서로 655-1),2026년 자원봉사활성화지원사업 추진 관련 관계자 간담회,179000,7c2e9c50744006a83576d3173f306dee300a11f37367991045b88c3961e7d98e,table1:R16,,,
9d92da14629eb057-sheet1-R7,2026-01-08,daejeon-daedeok,,소나무집 외1,지역경제 활성화 사업 추진을 위한 사업 관계자 간담회,39000,9d92da14629eb057e6d3d65a48d8ec51b15a991a6e385667dc388864db542f48,sheet1:R7,,,
9d92da14629eb057-sheet1-R8,2026-01-09,daejeon-daedeok,,옥경이식당 외1,에너지정책 사업 추진을 위한 사업 관계자 간담회,114400,9d92da14629eb057e6d3d65a48d8ec51b15a991a6e385667dc388864db542f48,sheet1:R8,,,
9d92da14629eb057-sheet1-R9,2026-01-13,daejeon-daedeok,,다디,지역경제 활성화 사업 추진을 위한 사업 관계자 간담회,79000,9d92da14629eb057e6d3d65a48d8ec51b15a991a6e385667dc388864db542f48,sheet1:R9,,,
9d92da14629eb057-sheet1-R10,2026-01-14,daejeon-daedeok,,옥경이식당 외1,대덕경제재단 운영을 위한 사업 관계자 간담회,80000,9d92da14629eb057e6d3d65a48d8ec51b15a991a6e385667dc388864db542f48,sheet1:R10,,,
9d92da14629eb057-sheet1-R11,2026-01-16,daejeon-daedeok,,담가화로구이 둔산점,반려동물 놀이터 조성 사업 관련 관계자 간담회,164500,9d92da14629eb057e6d3d65a48d8ec51b15a991a6e385667dc388864db542f48,sheet1:R11,,,
9d92da14629eb057-sheet1-R12,2026-01-27,daejeon-daedeok,,독도복국1987 용전점 외1,오정동 공동기반시설 사업 관계자와의 간담회,196300,9d92da14629eb057e6d3d65a48d8ec51b15a991a6e385667dc388864db542f48,sheet1:R12,,,
9d92da14629eb057-sheet1-R13,2026-01-27,daejeon-daedeok,,달빛에구운고등어 대전관평점 외1,탄소중립 등 기후변화 대응 환경정책 업무 추진을 위한 사업 관계자 간담회,92000,9d92da14629eb057e6d3d65a48d8ec51b15a991a6e385667dc388864db542f48,sheet1:R13,,,
9d92da14629eb057-sheet1-R14,2026-01-30,daejeon-daedeok,,양지마을연탄구이식당,쾌적한 도시환경 조성을 위한 청소사업 추진 사업 관계자 간담회,126000,9d92da14629eb057e6d3d65a48d8ec51b15a991a6e385667dc388864db542f48,sheet1:R14,,,
9d92da14629eb057-sheet1-R16,2026-01-05,daejeon-daedeok,,알파문구,국장실 차류 등,147000,9d92da14629eb057e6d3d65a48d8ec51b15a991a6e385667dc388864db542f48,sheet1:R16,,,
9d92da14629eb057-sheet1-R17,2026-01-15,daejeon-daedeok,,구들마루,환경관리요원 격려,190000,9d92da14629eb057e6d3d65a48d8ec51b15a991a6e385667dc388864db542f48,sheet1:R17,,,
9d92da14629eb057-sheet1-R18,2026-01-30,daejeon-daedeok,,자연애마트,국장실 차류 등,156280,9d92da14629eb057e6d3d65a48d8ec51b15a991a6e385667dc388864db542f48,sheet1:R18,,,
e86ab668340e9a09-sheet1-R8,2026-01-09,daejeon-daedeok,,솔코리안레스토랑 (동구 삼성동),국 소속 상근직원 격려,196000,e86ab668340e9a094aae5c722672199be02da41e3acdf2d61ef9a85b44599372,sheet1:R8,,,
e86ab668340e9a09-sheet1-R9,2026-01-09,daejeon-daedeok,,미루 (대덕구 송촌동),교통현안사업 홍보관련 지역단체 관계자와의 간담회,139000,e86ab668340e9a094aae5c722672199be02da41e3acdf2d61ef9a85b44599372,sheet1:R9,,,
e86ab668340e9a09-sheet1-R10,2026-01-12,daejeon-daedeok,,강길도낙지마을 (대덕구 송촌동) 외 1개소,소관 당면업무 협의를 위한 관계부서 직원들과의 간담회,92200,e86ab668340e9a094aae5c722672199be02da41e3acdf2d61ef9a85b44599372,sheet1:R10,,,
e86ab668340e9a09-sheet1-R11,2026-01-14,daejeon-daedeok,,삼미손칼국수 (동구 삼성동) 외 1개소,부속실 직원 노고 격려,47500,e86ab668340e9a094aae5c722672199be02da41e3acdf2d61ef9a85b44599372,sheet1:R11,,,
e86ab668340e9a09-sheet1-R12,2026-01-16,daejeon-daedeok,,상무초밥 둔산점 (서구 둔산동),안전돌봄시책업무 협의를 위한 관계부서 직원들과의 간담회,68700,e86ab668340e9a094aae5c722672199be02da41e3acdf2d61ef9a85b44599372,sheet1:R12,,,
e86ab668340e9a09-sheet1-R13,2026-01-16,daejeon-daedeok,,하레하레 둔산점 (서구 둔산동) 외 2개소,건설과 직원 노고 격려 간식 구입,111000,e86ab668340e9a094aae5c722672199be02da41e3acdf2d61ef9a85b44599372,sheet1:R13,,,
e86ab668340e9a09-sheet1-R14,2026-01-21,daejeon-daedeok,,개인(성명 비공개),토지정보과 직원 경조사,50000,e86ab668340e9a094aae5c722672199be02da41e3acdf2d61ef9a85b44599372,sheet1:R14,,,
e86ab668340e9a09-sheet1-R15,2026-01-21,daejeon-daedeok,,장모네 (대덕구 법동) 외 1개소,현안사업 홍보를 위한 언론사 기자와의 간담회,152800,e86ab668340e9a094aae5c722672199be02da41e3acdf2d61ef9a85b44599372,sheet1:R15,,,
e86ab668340e9a09-sheet1-R16,2026-01-23,daejeon-daedeok,,프롬보울 선화점 (중구 선화동),재난평가 대비를 위한 관계부서 직원들과의 간담회,64000,e86ab668340e9a094aae5c722672199be02da41e3acdf2d61ef9a85b44599372,sheet1:R16,,,
e86ab668340e9a09-sheet1-R17,2026-01-27,daejeon-daedeok,,솔솔키친 (동구 용전동),국 소속 상근직원 격려,198000,e86ab668340e9a094aae5c722672199be02da41e3acdf2d61ef9a85b44599372,sheet1:R17,,,
e86ab668340e9a09-sheet1-R18,2026-01-28,daejeon-daedeok,,솔솔키친 (동구 용전동),국 소속 상근직원 격려,198000,e86ab668340e9a094aae5c722672199be02da41e3acdf2d61ef9a85b44599372,sheet1:R18,,,
e86ab668340e9a09-sheet1-R19,2026-01-28,daejeon-daedeok,,오점오닭갈비 중촌점 (중구 중촌동) 외 1개소,소관 당면업무 협의를 위한 관계부서 직원들과의 간담회,121500,e86ab668340e9a094aae5c722672199be02da41e3acdf2d61ef9a85b44599372,sheet1:R19,,,
e86ab668340e9a09-sheet1-R20,2026-01-30,daejeon-daedeok,,의정부아우네부대찌개 (중구 목동),현안사업 관련 자문을 위한 관계부서 간부와의 간담회,67500,e86ab668340e9a094aae5c722672199be02da41e3acdf2d61ef9a85b44599372,sheet1:R20,,,
d95c9eeb126de987-sheet1-R7,2026-01-15,daejeon-daedeok,,삼복씨닭갈비,녹지조성사업 관계자 간담회,98500,d95c9eeb126de98716b850f0cf60542ab88caeeb212c90ae91a6754bbc995e9a,sheet1:R7,,,
d95c9eeb126de987-sheet1-R8,2026-01-19,daejeon-daedeok,,샤브연리지,주택정비 사업 관계자 간담회,155800,d95c9eeb126de98716b850f0cf60542ab88caeeb212c90ae91a6754bbc995e9a,sheet1:R8,,,
d95c9eeb126de987-sheet1-R9,2026-01-21,daejeon-daedeok,,쌈장,도시재생 사업관계자 간담회,271000,d95c9eeb126de98716b850f0cf60542ab88caeeb212c90ae91a6754bbc995e9a,sheet1:R9,,,
d95c9eeb126de987-sheet1-R10,2026-01-28,daejeon-daedeok,,워낭명가,도시재생 사업관계자 간담회,160900,d95c9eeb126de98716b850f0cf60542ab88caeeb212c90ae91a6754bbc995e9a,sheet1:R10,,,
d95c9eeb126de987-sheet1-R11,2026-01-29,daejeon-daedeok,,뚝배기에담은이탈리아,직원격려,170000,d95c9eeb126de98716b850f0cf60542ab88caeeb212c90ae91a6754bbc995e9a,sheet1:R11,,,
d95c9eeb126de987-sheet1-R12,2026-01-29,daejeon-daedeok,,처음본 기력민물장어,도시경관 관련 사업관계자 간담회,208700,d95c9eeb126de98716b850f0cf60542ab88caeeb212c90ae91a6754bbc995e9a,sheet1:R12,,,
3dbf778d2db3f650-sheet1-R4,2026-01-06,daejeon-daedeok,회덕동,행복한분식,주민자치센터 프로그램 운영방안 논의 간담회,41000,3dbf778d2db3f650159455452720471f27787df55b5f7e45531bb8143d954d34,sheet1:R4,,,
3dbf778d2db3f650-sheet1-R5,2026-01-08,daejeon-daedeok,회덕동,오순주 남원식 육개장 외 1,통장 오찬간담회,80000,3dbf778d2db3f650159455452720471f27787df55b5f7e45531bb8143d954d34,sheet1:R5,,,
3dbf778d2db3f650-sheet1-R6,2026-01-13,daejeon-daedeok,회덕동,동해회관 동해막국수,체육회 오찬 간담회,144000,3dbf778d2db3f650159455452720471f27787df55b5f7e45531bb8143d954d34,sheet1:R6,,,
3dbf778d2db3f650-sheet1-R7,2026-01-14,daejeon-daedeok,회덕동,띠울석갈비 외 1,통장 오찬간담회,49100,3dbf778d2db3f650159455452720471f27787df55b5f7e45531bb8143d954d34,sheet1:R7,,,
3dbf778d2db3f650-sheet2-R4,2026-02-19,daejeon-daedeok,회덕동,옥천순대식당 외 1,떡국만들기 자원봉사자 격려,64500,3dbf778d2db3f650159455452720471f27787df55b5f7e45531bb8143d954d34,sheet2:R4,,,
3dbf778d2db3f650-sheet2-R5,2026-02-25,daejeon-daedeok,회덕동,복조리가든,새마을부녀회 오찬간담회,110000,3dbf778d2db3f650159455452720471f27787df55b5f7e45531bb8143d954d34,sheet2:R5,,,
3dbf778d2db3f650-sheet2-R6,2026-02-26,daejeon-daedeok,회덕동,이가촌 외 1,통장 오찬간담회,144000,3dbf778d2db3f650159455452720471f27787df55b5f7e45531bb8143d954d34,sheet2:R6,,,
3dbf778d2db3f650-sheet2-R7,2026-02-27,daejeon-daedeok,회덕동,조씨칼국수,31절 태극기 달기 운동 격려,93500,3dbf778d2db3f650159455452720471f27787df55b5f7e45531bb8143d954d34,sheet2:R7,,,
3dbf778d2db3f650-sheet3-R4,2026-03-03,daejeon-daedeok,회덕동,황금관,통장 오찬간담회,76000,3dbf778d2db3f650159455452720471f27787df55b5f7e45531bb8143d954d34,sheet3:R4,,,
3dbf778d2db3f650-sheet3-R5,2026-03-09,daejeon-daedeok,회덕동,복조리가든,통장 오찬간담회,110000,3dbf778d2db3f650159455452720471f27787df55b5f7e45531bb8143d954d34,sheet3:R5,,,
3dbf778d2db3f650-sheet3-R6,2026-03-16,daejeon-daedeok,회덕동,온픽,주민자치회 운영방안 오찬간담회,20500,3dbf778d2db3f650159455452720471f27787df55b5f7e45531bb8143d954d34,sheet3:R6,,,
3dbf778d2db3f650-sheet3-R7,2026-03-20,daejeon-daedeok,회덕동,좋은날양푼이동태탕,통장위촉심의위원회 위원 오찬간담회,91000,3dbf778d2db3f650159455452720471f27787df55b5f7e45531bb8143d954d34,sheet3:R7,,,
3dbf778d2db3f650-sheet3-R8,2026-03-23,daejeon-daedeok,회덕동,베트남쌀국수,주민자치회 운영방안 오찬간담회,60000,3dbf778d2db3f650159455452720471f27787df55b5f7e45531bb8143d954d34,sheet3:R8,,,
3dbf778d2db3f650-sheet3-R9,2026-03-24,daejeon-daedeok,회덕동,읍내뒷고기,새마을부녀회 오찬간담회,60000,3dbf778d2db3f650159455452720471f27787df55b5f7e45531bb8143d954d34,sheet3:R9,,,
3dbf778d2db3f650-sheet3-R10,2026-03-31,daejeon-daedeok,회덕동,김연수소국밥막국수,자생단체장 오찬간담회,148000,3dbf778d2db3f650159455452720471f27787df55b5f7e45531bb8143d954d34,sheet3:R10,,,
3dbf778d2db3f650-sheet4-R4,2026-04-01,daejeon-daedeok,회덕동,신도칼국수 외 1,구청업무관계자 오찬간담회,52500,3dbf778d2db3f650159455452720471f27787df55b5f7e45531bb8143d954d34,sheet4:R4,,,
3dbf778d2db3f650-sheet4-R5,2026-04-15,daejeon-daedeok,회덕동,김연수소국밥막국수,봄꽃묘 식재 관계자 오찬간담회,250000,3dbf778d2db3f650159455452720471f27787df55b5f7e45531bb8143d954d34,sheet4:R5,,,
3dbf778d2db3f650-sheet4-R6,2026-04-17,daejeon-daedeok,회덕동,오문창순대국밥 외 1,관내 유관기관 관계자 오찬간담회,43400,3dbf778d2db3f650159455452720471f27787df55b5f7e45531bb8143d954d34,sheet4:R6,,,
3dbf778d2db3f650-sheet4-R7,2026-04-21,daejeon-daedeok,회덕동,김관식추어명장 외 1,고유가피해지원금 관계자 오찬간담회,125200,3dbf778d2db3f650159455452720471f27787df55b5f7e45531bb8143d954d34,sheet4:R7,,,
3dbf778d2db3f650-sheet4-R8,2026-04-29,daejeon-daedeok,회덕동,김관식추어명장,고유가피해지원금 관계자 오찬간담회,60000,3dbf778d2db3f650159455452720471f27787df55b5f7e45531bb8143d954d34,sheet4:R8,,,
3dbf778d2db3f650-sheet4-R9,2026-04-30,daejeon-daedeok,회덕동,또랑가추어탕 외 1,고유가피해지원금 관계자 오찬간담회,40500,3dbf778d2db3f650159455452720471f27787df55b5f7e45531bb8143d954d34,sheet4:R9,,,
3dbf778d2db3f650-sheet5-R4,2026-05-07,daejeon-daedeok,회덕동,까망카츠 외 1,고유가피해지원금 관계자 오찬간담회,84000,3dbf778d2db3f650159455452720471f27787df55b5f7e45531bb8143d954d34,sheet5:R4,,,
3dbf778d2db3f650-sheet5-R5,2026-05-08,daejeon-daedeok,회덕동,정든백반집,구청업무관계자 오찬간담회,150000,3dbf778d2db3f650159455452720471f27787df55b5f7e45531bb8143d954d34,sheet5:R5,,,
3dbf778d2db3f650-sheet5-R6,2026-05-13,daejeon-daedeok,회덕동,오문창순대국밥 외 1,선거추진 동직원 격려,76300,3dbf778d2db3f650159455452720471f27787df55b5f7e45531bb8143d954d34,sheet5:R6,,,
3dbf778d2db3f650-sheet5-R7,2026-05-19,daejeon-daedeok,회덕동,또랑가추어탕,대민업무 추진 직원 격려,280000,3dbf778d2db3f650159455452720471f27787df55b5f7e45531bb8143d954d34,sheet5:R7,,,
3dbf778d2db3f650-sheet5-R8,2026-05-26,daejeon-daedeok,회덕동,이가촌,선거추진 동직원 격려,300000,3dbf778d2db3f650159455452720471f27787df55b5f7e45531bb8143d954d34,sheet5:R8,,,
3dbf778d2db3f650-sheet6-R4,2026-06-11,daejeon-daedeok,회덕동,좋은날양푼이동태탕,공익직불금 등록관리위원회 오찬간담회,72000,3dbf778d2db3f650159455452720471f27787df55b5f7e45531bb8143d954d34,sheet6:R4,,,
3dbf778d2db3f650-sheet6-R5,2026-06-18,daejeon-daedeok,회덕동,이가촌,자생단체장 오찬간담회,320000,3dbf778d2db3f650159455452720471f27787df55b5f7e45531bb8143d954d34,sheet6:R5,,,
3dbf778d2db3f650-sheet6-R6,2026-06-19,daejeon-daedeok,회덕동,곱창들의수다,새마을부녀회 오찬간담회,192000,3dbf778d2db3f650159455452720471f27787df55b5f7e45531bb8143d954d34,sheet6:R6,,,
3dbf778d2db3f650-sheet6-R7,2026-06-26,daejeon-daedeok,회덕동,풍천장어식당,통장 오찬간담회,124000,3dbf778d2db3f650159455452720471f27787df55b5f7e45531bb8143d954d34,sheet6:R7,,,
3dbf778d2db3f650-sheet6-R8,2026-06-30,daejeon-daedeok,회덕동,김관식추어명장 외 1,주민자치회 오찬간담회,73000,3dbf778d2db3f650159455452720471f27787df55b5f7e45531bb8143d954d34,sheet6:R8,,,
35f9f2ba7f12186c-sheet1-R8,2026-04-27,daejeon-daedeok,,꽁뚜,정신건강심의워원회,138000,35f9f2ba7f12186c2bd6c7edbc34e3a10a19e5a132d456fd22f20c5245cecb34,sheet1:R8,,,
35f9f2ba7f12186c-sheet1-R9,2026-05-21,daejeon-daedeok,,카페누룽지,자살예방위원회,36000,35f9f2ba7f12186c2bd6c7edbc34e3a10a19e5a132d456fd22f20c5245cecb34,sheet1:R9,,,
8f61f0a24424d9f7-sheet1-R8,2026-06-10,daejeon-daedeok,,삼미손칼국수식당,대덕구새마을회 현안업무 추진 협의 오찬간담회,38000,8f61f0a24424d9f74e68a4ef98874b1b80fd7c6b0b6291fa5d5105129eec8504,sheet1:R8,,,
8f61f0a24424d9f7-sheet1-R9,2026-06-10,daejeon-daedeok,,홍콩삼겹살식당,선거사무 관련 동선거관리위원회 만찬간담회,480000,8f61f0a24424d9f74e68a4ef98874b1b80fd7c6b0b6291fa5d5105129eec8504,sheet1:R9,,,
8f61f0a24424d9f7-sheet1-R10,2026-06-15,daejeon-daedeok,,굴세상 식당 외 1곳,대덕구 통장협의회 활동 추진 간담회,79900,8f61f0a24424d9f74e68a4ef98874b1b80fd7c6b0b6291fa5d5105129eec8504,sheet1:R10,,,
8f61f0a24424d9f7-sheet1-R11,2026-06-10,daejeon-daedeok,,홍콩삼겹살식당,선거사무 관련 동선거관리위원회 만찬간담회,480000,8f61f0a24424d9f74e68a4ef98874b1b80fd7c6b0b6291fa5d5105129eec8504,sheet1:R11,,,
8f61f0a24424d9f7-sheet1-R12,2026-06-17,daejeon-daedeok,,황가원,대덕구새마을회 하반기 사업추진 의견청취 간담회,76000,8f61f0a24424d9f74e68a4ef98874b1b80fd7c6b0b6291fa5d5105129eec8504,sheet1:R12,,,
8f61f0a24424d9f7-sheet1-R13,2026-06-19,daejeon-daedeok,,던킨한남대점,해병대전우회대덕지회 수중정화활동 차담회,83600,8f61f0a24424d9f74e68a4ef98874b1b80fd7c6b0b6291fa5d5105129eec8504,sheet1:R13,,,
8f61f0a24424d9f7-sheet1-R14,2026-06-19,daejeon-daedeok,,뚝배기에 담은 이탈리아,대덕구 단체장 협의회 임원진 의견청취 간담회,80000,8f61f0a24424d9f74e68a4ef98874b1b80fd7c6b0b6291fa5d5105129eec8504,sheet1:R14,,,
8f61f0a24424d9f7-sheet1-R15,2026-06-25,daejeon-daedeok,,도쿄노쿄엔,선거사무 관련 동선거관리위원회 오찬간담회,340000,8f61f0a24424d9f74e68a4ef98874b1b80fd7c6b0b6291fa5d5105129eec8504,sheet1:R15,,,
8f61f0a24424d9f7-sheet1-R16,2026-06-30,daejeon-daedeok,,프레씨엘 대전삼성점,대덕구새마을회 하반기 현안업무추진 의견청취 간담회,28800,8f61f0a24424d9f74e68a4ef98874b1b80fd7c6b0b6291fa5d5105129eec8504,sheet1:R16,,,
04741488afde7491-sheet1-R8,2026-05-27,daejeon-daedeok,,꽁뚜,제9회 전국동시지방선거 준비 추진 간담회,150000,04741488afde7491e0cc46c609dca8136c79285b46171b80982464e6271c2199,sheet1:R8,,,
04741488afde7491-sheet1-R9,2026-05-29,daejeon-daedeok,,구들마루,제9회 전국동시지방선거 준비 추진 간담회,129000,04741488afde7491e0cc46c609dca8136c79285b46171b80982464e6271c2199,sheet1:R9,,,
590c1e1e7d52e571-sheet1-R3,2026-06-15,daejeon-daedeok,환경과,느낌 외 1,탄소중립실천연대 업무 관련 관계자 간담회,99000,590c1e1e7d52e57137834ed0334b6b16eadb3d2d966bddf790e4f6e4667f4171,sheet1:R3,,,
590c1e1e7d52e571-sheet1-R4,2026-06-17,daejeon-daedeok,환경과,회사랑,탄소중립실천연대 업무 관련 관계자 간담회,207000,590c1e1e7d52e57137834ed0334b6b16eadb3d2d966bddf790e4f6e4667f4171,sheet1:R4,,,
291dc3224bdb9369-sheet1-R3,2026-05-15,daejeon-daedeok,환경과,소나무와 타일 외 1,문평동 화재 사고 현장 수습 및 방재 작업 담당 직원 격려,196800,291dc3224bdb9369741cdf2475a1df55339f35e14baed1a4bc43e0e503429e19,sheet1:R3,,,
ac81225bc55e301e-sheet1-R3,2026-04-23,daejeon-daedeok,환경과,바다횟집,탄소중립실천연대 업무 관련 관계자 간담회,126000,ac81225bc55e301e68c5a0bc549eec2f7cfe781ffe99681f89d7602ffe8d9a43,sheet1:R3,,,
c7f515462a41a108-sheet1-R3,2026-03-17,daejeon-daedeok,환경과,신도칼국수,탄소중립실천연대 업무 관련 관계자 간담회,83000,c7f515462a41a1085dbc2eda0133be9c1563d86211fcba7fd4236eed6cbb3ab3,sheet1:R3,,,
c7f515462a41a108-sheet1-R4,2026-03-18,daejeon-daedeok,환경과,대박갈비탕,유해야생동물 기동포획단 관계자 간담회,89000,c7f515462a41a1085dbc2eda0133be9c1563d86211fcba7fd4236eed6cbb3ab3,sheet1:R4,,,
c7f515462a41a108-sheet1-R5,2026-03-23,daejeon-daedeok,환경과,삼동소바,문평동 화재 사고 현장 수습 및 방재 작업 담당 직원 격려,125500,c7f515462a41a1085dbc2eda0133be9c1563d86211fcba7fd4236eed6cbb3ab3,sheet1:R5,,,
c7f515462a41a108-sheet1-R6,2026-03-30,daejeon-daedeok,환경과,솔레스토랑,문평동 화재 사고 현장 수습 및 방재 작업 담당 직원 격려,168000,c7f515462a41a1085dbc2eda0133be9c1563d86211fcba7fd4236eed6cbb3ab3,sheet1:R6,,,
b3261029db85b594-sheet1-R3,2026-02-06,daejeon-daedeok,환경과,독도복국1987,탄소중립실천연대 업무 관련 관계자 간담회,125000,b3261029db85b59433f2ec0ee789d4fea52829a180e42011af66b05fb427ab2f,sheet1:R3,,,
b3261029db85b594-sheet1-R4,2026-02-10,daejeon-daedeok,환경과,대청얼큰오징어찌개,탄소중립실천연대 업무 관련 관계자 간담회,68000,b3261029db85b59433f2ec0ee789d4fea52829a180e42011af66b05fb427ab2f,sheet1:R4,,,
b3261029db85b594-sheet1-R5,2026-02-12,daejeon-daedeok,환경과,김연수소국밥,현안업무 추진 등으로 노고가 많은 직원 격려,98600,b3261029db85b59433f2ec0ee789d4fea52829a180e42011af66b05fb427ab2f,sheet1:R5,,,
6ff20a638715ab48-sheet1-R3,2026-01-13,daejeon-daedeok,환경과,솔솔치킨,탄소중립실천연대 업무 관련 관계자 간담회,128500,6ff20a638715ab484d6fdadfc8e524602eb9e52d1492675584a724e4f8c99f52,sheet1:R3,,,
6ff20a638715ab48-sheet1-R4,2026-01-22,daejeon-daedeok,환경과,교동면옥 외 1,현안업무 추진 등으로 노고가 많은 직원 격려,257100,6ff20a638715ab484d6fdadfc8e524602eb9e52d1492675584a724e4f8c99f52,sheet1:R4,,,
6ff20a638715ab48-sheet1-R5,2026-01-30,daejeon-daedeok,환경과,대박갈비탕,2026년 상반기 인사발령에 따른 직원 환영회,300000,6ff20a638715ab484d6fdadfc8e524602eb9e52d1492675584a724e4f8c99f52,sheet1:R5,,,
6ff20a638715ab48-sheet1-R6,2026-01-30,daejeon-daedeok,환경과,정육식당 돈차,탄소중립실천연대 업무 관련 관계자 간담회,141000,6ff20a638715ab484d6fdadfc8e524602eb9e52d1492675584a724e4f8c99f52,sheet1:R6,,,
4b2aa18fd639804d-table1-R2,2026-06-09,daejeon-daedeok,건설과,미향일식,노후하수관로 정비공사 사업관계자 간담회 만찬,180000,4b2aa18fd639804dc4718b792c35f5ac5f9ce83f40330e1d45d416194cbc8d51,table1:R2,,,
4b2aa18fd639804d-table1-R3,2026-06-11,daejeon-daedeok,건설과,만재네,소하천 정비사업 사업관계자 간담회 만찬,300000,4b2aa18fd639804dc4718b792c35f5ac5f9ce83f40330e1d45d416194cbc8d51,table1:R3,,,
4b2aa18fd639804d-table1-R4,2026-06-23,daejeon-daedeok,건설과,팔도한마당순대,건설행정 업무추진 사업관계자 간담회 만찬,29000,4b2aa18fd639804dc4718b792c35f5ac5f9ce83f40330e1d45d416194cbc8d51,table1:R4,,,
4b2aa18fd639804d-table1-R5,2026-06-24,daejeon-daedeok,건설과,대성식당,노후하수관로 정비공사 사업관계자 간담회 만찬,56000,4b2aa18fd639804dc4718b792c35f5ac5f9ce83f40330e1d45d416194cbc8d51,table1:R5,,,
911e926dbdc43877-sheet1-R6,2026-04-02,daejeon-daedeok,법2동,잔디한식뷔페,직원격려(식목일 나무심기 행사),49000,911e926dbdc4387710eef4bd3fb1924d0a3a23afc08855f2c11f6327aa4a62d5,sheet1:R6,,,
911e926dbdc43877-sheet1-R7,2026-04-02,daejeon-daedeok,법2동,코코빌치킨,직원격려(비상근무 및 선거업무),173000,911e926dbdc4387710eef4bd3fb1924d0a3a23afc08855f2c11f6327aa4a62d5,sheet1:R7,,,
911e926dbdc43877-sheet1-R8,2026-04-21,daejeon-daedeok,법2동,장원오리,직원격려(선거업무),56000,911e926dbdc4387710eef4bd3fb1924d0a3a23afc08855f2c11f6327aa4a62d5,sheet1:R8,,,
911e926dbdc43877-sheet1-R9,2026-05-11,daejeon-daedeok,법2동,유생촌,직원격려(고유가피해지원금사업),101400,911e926dbdc4387710eef4bd3fb1924d0a3a23afc08855f2c11f6327aa4a62d5,sheet1:R9,,,
911e926dbdc43877-sheet1-R10,2026-06-04,daejeon-daedeok,법2동,되지가,주민자치임원회의,230000,911e926dbdc4387710eef4bd3fb1924d0a3a23afc08855f2c11f6327aa4a62d5,sheet1:R10,,,
911e926dbdc43877-sheet1-R11,2026-06-17,daejeon-daedeok,법2동,전복오리누룽지백숙,경로당 분회회의,96000,911e926dbdc4387710eef4bd3fb1924d0a3a23afc08855f2c11f6327aa4a62d5,sheet1:R11,,,
911e926dbdc43877-sheet1-R12,2026-06-23,daejeon-daedeok,법2동,한뚝배기칼국수,적십자봉사회 월례회의,271000,911e926dbdc4387710eef4bd3fb1924d0a3a23afc08855f2c11f6327aa4a62d5,sheet1:R12,,,
328da04c8a4b04f7-sheet4-R3,2026-06-02,daejeon-daedeok,대화동,대전원명학교,내방객 음료(커피 원두),55000,328da04c8a4b04f7432482fb5fa661dfa2bba0599d0d9b7d58e6329ddaa075e3,sheet4:R3,,,
328da04c8a4b04f7-sheet4-R4,2026-06-02,daejeon-daedeok,대화동,일월칼국수,제9회 지방선거 투표관리관 오찬간담회,70000,328da04c8a4b04f7432482fb5fa661dfa2bba0599d0d9b7d58e6329ddaa075e3,sheet4:R4,,,
328da04c8a4b04f7-sheet4-R5,2026-06-05,daejeon-daedeok,대화동,솔솔키친,고유가 지원금 업무관계자 오찬간담회,92500,328da04c8a4b04f7432482fb5fa661dfa2bba0599d0d9b7d58e6329ddaa075e3,sheet4:R5,,,
328da04c8a4b04f7-sheet4-R6,2026-06-29,daejeon-daedeok,대화동,형제횟집,주민총회 업무관계자 오찬간담회,83000,328da04c8a4b04f7432482fb5fa661dfa2bba0599d0d9b7d58e6329ddaa075e3,sheet4:R6,,,
328da04c8a4b04f7-sheet4-R7,2026-06-30,daejeon-daedeok,대화동,솔솔키친,업무관계자 오찬간담회,105700,328da04c8a4b04f7432482fb5fa661dfa2bba0599d0d9b7d58e6329ddaa075e3,sheet4:R7,,,
b0d3b88b98cf8b3b-sheet1-R8,2026-04-15,daejeon-daedeok,,장미식당,여성일자리협의체 간담회,86900,b0d3b88b98cf8b3bc7d426b8abe53f6fcc5994c2060ded1ff367069ccabb30f3,sheet1:R8,,,
b0d3b88b98cf8b3b-sheet1-R9,2026-04-16,daejeon-daedeok,,꽁뚜,여성단체협의회 간담회,51300,b0d3b88b98cf8b3bc7d426b8abe53f6fcc5994c2060ded1ff367069ccabb30f3,sheet1:R9,,,
b0d3b88b98cf8b3b-sheet1-R10,2026-05-21,daejeon-daedeok,,손의손,사례결정위원회 간담회,124000,b0d3b88b98cf8b3bc7d426b8abe53f6fcc5994c2060ded1ff367069ccabb30f3,sheet1:R10,,,
b0d3b88b98cf8b3b-sheet1-R11,2026-06-05,daejeon-daedeok,,꽁뚜,아동·여성안전지역연대위원회 간담회,440000,b0d3b88b98cf8b3bc7d426b8abe53f6fcc5994c2060ded1ff367069ccabb30f3,sheet1:R11,,,
874f54074530577c-table1-R2,2026-06-11,daejeon-daedeok,,"교반, 쥬스스마일 (대덕구 한남로12번길 15, 대덕구 한남로12번길 29)",조직문화 및 근무 환경 개선 방안 마련을 위한 관계자 간담회,64600,874f54074530577c8a576ec44799374c832e77eed9d68cf85beba17ebe989520,table1:R2,,,
874f54074530577c-table1-R3,2026-06-19,daejeon-daedeok,,"띠울석갈비, 커피유 (대덕구 신탄진로 209, 대덕구 신탄진로 213 1층)",공무원 노사문화 상호협력 관계 증진 방안 논의를 위한 관계자 간담회,171300,874f54074530577c8a576ec44799374c832e77eed9d68cf85beba17ebe989520,table1:R3,,,
874f54074530577c-table1-R4,2026-06-22,daejeon-daedeok,,또랑 (대덕구 계족로 550),직원 근무환경 개선 및 후생복지 증진을 위한 관계자 간담회,119000,874f54074530577c8a576ec44799374c832e77eed9d68cf85beba17ebe989520,table1:R4,,,
5311f116f50bf6d1-sheet2-R4,2026-06-02,daejeon-daedeok,법1동,승남이네만두샤브샤브,직원 격려,199000,5311f116f50bf6d1922cd401fbf1c0085db399d7c128191e315b7d4470f85653,sheet2:R4,,,
5311f116f50bf6d1-sheet2-R5,2026-06-08,daejeon-daedeok,법1동,"강길도낙지마을, 이디야 대전송촌동점",통장협의회 임원 간담회,150800,5311f116f50bf6d1922cd401fbf1c0085db399d7c128191e315b7d4470f85653,sheet2:R5,,,
5311f116f50bf6d1-sheet2-R6,2026-06-12,daejeon-daedeok,법1동,전복오리누룽지백숙,유관기관 대표 간담회,50000,5311f116f50bf6d1922cd401fbf1c0085db399d7c128191e315b7d4470f85653,sheet2:R6,,,
5311f116f50bf6d1-sheet2-R7,2026-06-15,daejeon-daedeok,법1동,승남이네만두샤브샤브,직원(팀장) 간담회,27000,5311f116f50bf6d1922cd401fbf1c0085db399d7c128191e315b7d4470f85653,sheet2:R7,,,
5311f116f50bf6d1-sheet2-R8,2026-06-17,daejeon-daedeok,법1동,"풍천장어식당, 온픽(on pic)",민관협력간담회,134500,5311f116f50bf6d1922cd401fbf1c0085db399d7c128191e315b7d4470f85653,sheet2:R8,,,
5311f116f50bf6d1-sheet2-R9,2026-06-19,daejeon-daedeok,법1동,홍루이젠 대전둔산점 배달,자율방재단 임원 간담회,95500,5311f116f50bf6d1922cd401fbf1c0085db399d7c128191e315b7d4470f85653,sheet2:R9,,,
63a33ca370200cf4-sheet1-R3,2026-06-02,daejeon-daedeok,기획실,우나기칸대전본덤,대외기관 공모평가 사업의 체계적 대응 전략 수립 위한 간담회 개최,114000,63a33ca370200cf41dd9d31930fd205885f5628be9d4e5ca31f3dd8f7cd50454,sheet1:R3,,,
63a33ca370200cf4-sheet1-R4,2026-06-10,daejeon-daedeok,기획실,옥경이식당,효율적인 적극행정 협업 문화 형성을 위한 간담회 개최,50000,63a33ca370200cf41dd9d31930fd205885f5628be9d4e5ca31f3dd8f7cd50454,sheet1:R4,,,
63a33ca370200cf4-sheet1-R5,2026-06-11,daejeon-daedeok,기획실,굴세상식당,직원들 격려를 위한 간담회 개최,23000,63a33ca370200cf41dd9d31930fd205885f5628be9d4e5ca31f3dd8f7cd50454,sheet1:R5,,,
63a33ca370200cf4-sheet1-R6,2026-06-15,daejeon-daedeok,기획실,본도시락,업무보고 검토 및 향후 복지업무 추진을 위한 인수위원회 복지분과와의 간담회,157800,63a33ca370200cf41dd9d31930fd205885f5628be9d4e5ca31f3dd8f7cd50454,sheet1:R6,,,
63a33ca370200cf4-sheet1-R7,2026-06-16,daejeon-daedeok,기획실,장미식당,인수위원회 일정 검토 및 추진을 위한 관련 담당자들과의 간담회 개최,55000,63a33ca370200cf41dd9d31930fd205885f5628be9d4e5ca31f3dd8f7cd50454,sheet1:R7,,,
63a33ca370200cf4-sheet1-R8,2026-06-17,daejeon-daedeok,기획실,옥경이식당,"부서 주요업무 추진방안 논의, 직원들 격려를 위한 간담회 개최",39000,63a33ca370200cf41dd9d31930fd205885f5628be9d4e5ca31f3dd8f7cd50454,sheet1:R8,,,
63a33ca370200cf4-sheet1-R9,2026-06-19,daejeon-daedeok,기획실,준짜장,직원들 격려를 위한 간담회 개최,30000,63a33ca370200cf41dd9d31930fd205885f5628be9d4e5ca31f3dd8f7cd50454,sheet1:R9,,,
63a33ca370200cf4-sheet1-R10,2026-06-22,daejeon-daedeok,기획실,또랑,인수위원회의 주요업무보고와 관련한 향후 업무 협의 간담회 개최,420000,63a33ca370200cf41dd9d31930fd205885f5628be9d4e5ca31f3dd8f7cd50454,sheet1:R10,,,
63a33ca370200cf4-sheet1-R11,2026-06-23,daejeon-daedeok,기획실,해조물산임해조볼테기 외 1곳,국제교류협력사업 발굴 및 활성화를 위한 유관기관과의 간담회 개최,72000,63a33ca370200cf41dd9d31930fd205885f5628be9d4e5ca31f3dd8f7cd50454,sheet1:R11,,,
63a33ca370200cf4-sheet1-R12,2026-06-24,daejeon-daedeok,기획실,준짜장,구정 현안사항 논의 및 업무추진 협조체계 강화를 위한 간담회 개최,72000,63a33ca370200cf41dd9d31930fd205885f5628be9d4e5ca31f3dd8f7cd50454,sheet1:R12,,,
63a33ca370200cf4-sheet1-R13,2026-06-25,daejeon-daedeok,기획실,황해면옥식당,산학협력 생태계 조성 및 대학과 지역사회 간 협력체계 강화를 위한 간담회 개최,54000,63a33ca370200cf41dd9d31930fd205885f5628be9d4e5ca31f3dd8f7cd50454,sheet1:R13,,,
63a33ca370200cf4-sheet1-R14,2026-06-26,daejeon-daedeok,기획실,굴세상식당,시책 및 중점사업의 원활한 추진 위한 각 사업 담당자 등과 간담회 개최,23000,63a33ca370200cf41dd9d31930fd205885f5628be9d4e5ca31f3dd8f7cd50454,sheet1:R14,,,
63a33ca370200cf4-sheet1-R15,2026-06-29,daejeon-daedeok,기획실,승남이네 만두,직원들 격려를 위한 간담회 개최,44000,63a33ca370200cf41dd9d31930fd205885f5628be9d4e5ca31f3dd8f7cd50454,sheet1:R15,,,
63a33ca370200cf4-sheet1-R16,2026-06-30,daejeon-daedeok,기획실,솔솔키친,강화된 개인정보 보호 평가대응 및 현안문제 협의를 위한 업무 연찬 개최,79000,63a33ca370200cf41dd9d31930fd205885f5628be9d4e5ca31f3dd8f7cd50454,sheet1:R16,,,
63a33ca370200cf4-sheet1-R17,2026-06-30,daejeon-daedeok,기획실,삼오식당,민선9기 출범을 위한 주요 사업 추진방안 논의 위한 간담회 개최,94000,63a33ca370200cf41dd9d31930fd205885f5628be9d4e5ca31f3dd8f7cd50454,sheet1:R17,,,
a0cd8dc50e12ec41-sheet1-R7,2026-06-01,daejeon-daedeok,,순대하늘주방,도시계획사업 관계자 간담회,54000,a0cd8dc50e12ec41e8325551bcaebb501ac85fd33abdb78dccb1a5610c8f2cb5,sheet1:R7,,,
a0cd8dc50e12ec41-sheet1-R8,2026-06-26,daejeon-daedeok,,삼미손칼국수식당,도시재생사업 관계자 간담회,36000,a0cd8dc50e12ec41e8325551bcaebb501ac85fd33abdb78dccb1a5610c8f2cb5,sheet1:R8,,,
a0cd8dc50e12ec41-sheet1-R9,2026-06-30,daejeon-daedeok,,스테이 플랜트 카페,재개발·재건축 관계자 간담회,17000,a0cd8dc50e12ec41e8325551bcaebb501ac85fd33abdb78dccb1a5610c8f2cb5,sheet1:R9,,,
13a59776a5c4e64c-sheet1-R4,2026-06-19,daejeon-daedeok,비래동,홍굴이 부추손칼국수,탄소중립주민실천연대 간담회,42000,13a59776a5c4e64c680af5a216b122622ac76a53ad68b6f92ed7c233a6e91f8d,sheet1:R4,,,
13a59776a5c4e64c-sheet1-R5,2026-06-23,daejeon-daedeok,비래동,명가네보쌈칼국수,공익직접지불금 등록관리위원회 간담회,77000,13a59776a5c4e64c680af5a216b122622ac76a53ad68b6f92ed7c233a6e91f8d,sheet1:R5,,,
13a59776a5c4e64c-sheet1-R6,2026-06-30,daejeon-daedeok,비래동,명가네보쌈칼국수,환경관리요원 간담회,198000,13a59776a5c4e64c680af5a216b122622ac76a53ad68b6f92ed7c233a6e91f8d,sheet1:R6,,,
6380f353190955ca-sheet1-R3,2026-06-01,daejeon-daedeok,미디어홍보과,불티나만두찐빵,구정소식지 취재 관련 간담회,41000,6380f353190955ca88d790d6bfb02b12ebeeb0629145570a7f9783206709c245,sheet1:R3,,,
6380f353190955ca-sheet1-R4,2026-06-02,daejeon-daedeok,미디어홍보과,모락,구정소식지 취재 관련 간담회,84300,6380f353190955ca88d790d6bfb02b12ebeeb0629145570a7f9783206709c245,sheet1:R4,,,
6380f353190955ca-sheet1-R5,2026-06-04,daejeon-daedeok,미디어홍보과,"황해면옥, 스테이플랜트카페",지역 언론사 업무 추진을 위한 오찬 간담회,68000,6380f353190955ca88d790d6bfb02b12ebeeb0629145570a7f9783206709c245,sheet1:R5,,,
6380f353190955ca-sheet1-R6,2026-06-10,daejeon-daedeok,미디어홍보과,"교동면옥, 포레",지역 언론사 업무 추진을 위한 오찬 간담회,60300,6380f353190955ca88d790d6bfb02b12ebeeb0629145570a7f9783206709c245,sheet1:R6,,,
6380f353190955ca-sheet1-R7,2026-06-11,daejeon-daedeok,미디어홍보과,금강일보 한우축제장,지역 언론사 업무 추진을 위한 오찬 간담회,382500,6380f353190955ca88d790d6bfb02b12ebeeb0629145570a7f9783206709c245,sheet1:R7,,,
6380f353190955ca-sheet1-R8,2026-06-17,daejeon-daedeok,미디어홍보과,"삼미손칼국수, 포레",지역 언론사 업무 추진을 위한 오찬 간담회,81100,6380f353190955ca88d790d6bfb02b12ebeeb0629145570a7f9783206709c245,sheet1:R8,,,
6380f353190955ca-sheet1-R9,2026-06-18,daejeon-daedeok,미디어홍보과,"황해면옥, 포레",지역 언론사 업무 추진을 위한 오찬 간담회,71400,6380f353190955ca88d790d6bfb02b12ebeeb0629145570a7f9783206709c245,sheet1:R9,,,
6380f353190955ca-sheet1-R10,2026-06-19,daejeon-daedeok,미디어홍보과,"공주칼국수쭈꾸미, 쉴만한물가",지역 언론사 업무 추진을 위한 오찬 간담회,98500,6380f353190955ca88d790d6bfb02b12ebeeb0629145570a7f9783206709c245,sheet1:R10,,,
6380f353190955ca-sheet1-R11,2026-06-24,daejeon-daedeok,미디어홍보과,"은혜삼계탕, 포레",지역 언론사 업무 추진을 위한 오찬 간담회,90200,6380f353190955ca88d790d6bfb02b12ebeeb0629145570a7f9783206709c245,sheet1:R11,,,
6380f353190955ca-sheet1-R12,2026-06-29,daejeon-daedeok,미디어홍보과,보쌈다온,지역 언론사 업무 추진을 위한 오찬 간담회,219000,6380f353190955ca88d790d6bfb02b12ebeeb0629145570a7f9783206709c245,sheet1:R12,,,
6380f353190955ca-sheet1-R13,2026-06-30,daejeon-daedeok,미디어홍보과,"사랑채, 스테이플랜트카페",지역 언론사 업무 추진을 위한 오찬 간담회,171500,6380f353190955ca88d790d6bfb02b12ebeeb0629145570a7f9783206709c245,sheet1:R13,,,
f2a007ad1c880919-sheet1-R5,2026-06-09,daejeon-daedeok,목상동,"보성추어탕, 씨라비타",주민자치회 관계자 간담회,99000,f2a007ad1c88091935efedbe398a34b33925007e0d6ac7c1a5ca4024f3969772,sheet1:R5,,,
f2a007ad1c880919-sheet1-R6,2026-06-12,daejeon-daedeok,목상동,가마솥해장국,구청업무관계자 간담회,34500,f2a007ad1c88091935efedbe398a34b33925007e0d6ac7c1a5ca4024f3969772,sheet1:R6,,,
f2a007ad1c880919-sheet1-R7,2026-06-23,daejeon-daedeok,목상동,불앤구이돈,새마을부녀회 간담회,211000,f2a007ad1c88091935efedbe398a34b33925007e0d6ac7c1a5ca4024f3969772,sheet1:R7,,,
f2a007ad1c880919-sheet1-R8,2026-06-24,daejeon-daedeok,목상동,"소나무와 타일, 속초메밀향막국수",구청업무관계자 간담회,68000,f2a007ad1c88091935efedbe398a34b33925007e0d6ac7c1a5ca4024f3969772,sheet1:R8,,,
f2a007ad1c880919-sheet1-R9,2026-06-25,daejeon-daedeok,목상동,가마솥해장국,신탄진권역 동장 간담회,50000,f2a007ad1c88091935efedbe398a34b33925007e0d6ac7c1a5ca4024f3969772,sheet1:R9,,,
938aeb998f5da1ef-sheet1-R8,2026-06-10,daejeon-daedeok,,마미하우스 (대덕구 오정동) 외 1곳,대덕구 청년자율방재단 활성화 업무협의를 위한 관계기관 직원과의 오찬 간담회,76000,938aeb998f5da1ef8f38cd70c790e0f0e777596409f66da7dbc04f37b7b29740,sheet1:R8,,,
938aeb998f5da1ef-sheet1-R9,2026-06-12,daejeon-daedeok,,김형제고기의철학 둔산시청점 (서구 둔산동),안전관리자문단 단원 노고 격려 만찬 간담회,150000,938aeb998f5da1ef8f38cd70c790e0f0e777596409f66da7dbc04f37b7b29740,sheet1:R9,,,
c6e21ddd6bfc70cb-sheet1-R4,2026-06-08,daejeon-daedeok,석봉동,풍년식당,석봉동 노인회 간담회,297000,c6e21ddd6bfc70cb3c092b9cf7044c1e0ac54cc02fd70764cb58a9eb8476bb6a,sheet1:R4,,,
c6e21ddd6bfc70cb-sheet1-R5,2026-06-12,daejeon-daedeok,석봉동,돈까스 정화,직원 격려,108000,c6e21ddd6bfc70cb3c092b9cf7044c1e0ac54cc02fd70764cb58a9eb8476bb6a,sheet1:R5,,,
c6e21ddd6bfc70cb-sheet1-R6,2026-06-26,daejeon-daedeok,석봉동,온정식당,주민자치회 간담회,91000,c6e21ddd6bfc70cb3c092b9cf7044c1e0ac54cc02fd70764cb58a9eb8476bb6a,sheet1:R6,,,
c6e21ddd6bfc70cb-sheet1-R7,2026-06-30,daejeon-daedeok,석봉동,대로식당,새마을부녀회 간담회 실시,60000,c6e21ddd6bfc70cb3c092b9cf7044c1e0ac54cc02fd70764cb58a9eb8476bb6a,sheet1:R7,,,
908642f5493a2ddb-sheet1-R7,2026-06-05,daejeon-daedeok,,푸짐한활어회,지역경제 활성화 사업 추진을 위한 사업 관계자 간담회,80000,908642f5493a2ddbcac2d3390dcb380745e6eccfd14f27918525efbfec8dc854,sheet1:R7,,,
908642f5493a2ddb-sheet1-R8,2026-06-25,daejeon-daedeok,,강길도낙지마을 외 1,대전 융합바이오 MC 네트워크 간담회,51600,908642f5493a2ddbcac2d3390dcb380745e6eccfd14f27918525efbfec8dc854,sheet1:R8,,,
9645610254be94b3-sheet6-R3,2026-06-18,daejeon-daedeok,,장수촌 외 1개소,보조금 감사 업무추진 직원 격려,128000,9645610254be94b303def69c5f9f30e9a4b1d9fa9955102d759d52febdcfa255,sheet6:R3,,,
9645610254be94b3-sheet6-R4,2026-06-26,daejeon-daedeok,,써브웨이,지역경제 활성화 동참 및 직원 화합,228100,9645610254be94b303def69c5f9f30e9a4b1d9fa9955102d759d52febdcfa255,sheet6:R4,,,
37c9569435f9023c-sheet1-R4,2026-06-09,daejeon-daedeok,,미란칼국수,대덕구청소년어울림센터 운영에 관한 실무협의,104000,37c9569435f9023c2e7e9631ceb6d73cf31cd4b1cd175447f744707a2ee9eb63,sheet1:R4,,,
37c9569435f9023c-sheet1-R5,2026-06-10,daejeon-daedeok,,산들,청년벙커 운영에 관한 실무협의,58000,37c9569435f9023c2e7e9631ceb6d73cf31cd4b1cd175447f744707a2ee9eb63,sheet1:R5,,,
37c9569435f9023c-sheet1-R6,2026-06-16,daejeon-daedeok,,산들,청년창업지원센터 운영에 관한 실무협의,95000,37c9569435f9023c2e7e9631ceb6d73cf31cd4b1cd175447f744707a2ee9eb63,sheet1:R6,,,
37c9569435f9023c-sheet1-R7,2026-06-23,daejeon-daedeok,,뚝배기에담은이탈리아,대덕구청소년어울림센터 운영에 관한 실무협의,139000,37c9569435f9023c2e7e9631ceb6d73cf31cd4b1cd175447f744707a2ee9eb63,sheet1:R7,,,
1104cca8aab944e5-sheet1-R3,2026-06-09,daejeon-daedeok,어르신장애인과,두부명가식당,노인복지관 관계자 회의 및 간담회,35000,1104cca8aab944e5de99fd48ad4f060b9410387a9d1791637267429fffcf1f27,sheet1:R3,,,
1104cca8aab944e5-sheet1-R4,2026-06-24,daejeon-daedeok,어르신장애인과,장미식당,시니어클럽 관계자 회의 및 간담회,30000,1104cca8aab944e5de99fd48ad4f060b9410387a9d1791637267429fffcf1f27,sheet1:R4,,,
11cf7967bf9083a8-sheet1-R6,2026-06-09,daejeon-daedeok,,창성한우,송촌동방위협의회 간담회,400000,11cf7967bf9083a8c54ea7f111f331a4d78beb80ba04023b9a725ae7becfc0e9,sheet1:R6,,,
11cf7967bf9083a8-sheet1-R7,2026-06-15,daejeon-daedeok,,유성식당,대한노인회 간담회,289000,11cf7967bf9083a8c54ea7f111f331a4d78beb80ba04023b9a725ae7becfc0e9,sheet1:R7,,,
11cf7967bf9083a8-sheet1-R8,2026-06-22,daejeon-daedeok,,월산본가,주민자치회 임원진,82000,11cf7967bf9083a8c54ea7f111f331a4d78beb80ba04023b9a725ae7becfc0e9,sheet1:R8,,,
9934fdb0359afb38-sheet1-R3,2026-06-09,daejeon-daedeok,문화관광체육과,남해아구찜,문화예술진흥 시책추진업무추진비 지출품의(대덕문화원 업무협의),125500,9934fdb0359afb3840c7d018f7b18721af5617f3e82c1f67aa811c1ef06f710f,sheet1:R3,,,
9934fdb0359afb38-sheet1-R4,2026-06-29,daejeon-daedeok,문화관광체육과,마루일식,문화예술진흥 시책추진업무추진비 지출품의(대덕문화관광재단 업무협의),150000,9934fdb0359afb3840c7d018f7b18721af5617f3e82c1f67aa811c1ef06f710f,sheet1:R4,,,
400d30cb76b1d8be-sheet1-R4,2026-06-09,daejeon-daedeok,신탄진동,풍천장어집,바르게살기위원회 간담회,300000,400d30cb76b1d8bec94baec5ba06d8ada8fc6716d8ea39221e6e8a38e4a2dae8,sheet1:R4,,,
400d30cb76b1d8be-sheet1-R5,2026-06-11,daejeon-daedeok,신탄진동,대청하녹,체육회 간담회,295700,400d30cb76b1d8bec94baec5ba06d8ada8fc6716d8ea39221e6e8a38e4a2dae8,sheet1:R5,,,
400d30cb76b1d8be-sheet1-R6,2026-06-12,daejeon-daedeok,신탄진동,미락원,지역자율방재단 간담회,222000,400d30cb76b1d8bec94baec5ba06d8ada8fc6716d8ea39221e6e8a38e4a2dae8,sheet1:R6,,,
400d30cb76b1d8be-sheet1-R7,2026-06-16,daejeon-daedeok,신탄진동,군산살아있는해물탕아구찜,신탄진동 동분회 회의,204000,400d30cb76b1d8bec94baec5ba06d8ada8fc6716d8ea39221e6e8a38e4a2dae8,sheet1:R7,,,
400d30cb76b1d8be-sheet1-R8,2026-06-23,daejeon-daedeok,신탄진동,구미횟집,새마을협의회 간담회,299000,400d30cb76b1d8bec94baec5ba06d8ada8fc6716d8ea39221e6e8a38e4a2dae8,sheet1:R8,,,
6338ba7752d9386a-sheet1-R4,2026-06-04,daejeon-daedeok,,사랑채식당 등,위생과 업무추진 및 구정 발전에 협조를 구하고자 위생직능 단체 회원들과의 간담회 실시,85000,6338ba7752d9386ab7ec888fcc7785b851ae365d9de13fa60a4ce075fb1d5660,sheet1:R4,,,
5028364963cefa9d-sheet1-R8,2026-05-07,daejeon-daedeok,,백년불고기 외 2개소,시설관리사업소 직원 격려,237250,5028364963cefa9d025e485d8826cf4bbb02dbcc818386609ccbcb6255033b02,sheet1:R8,,,
5028364963cefa9d-sheet1-R9,2026-05-15,daejeon-daedeok,,임단아갈비탕,시설관리사업소 직원 격려,90000,5028364963cefa9d025e485d8826cf4bbb02dbcc818386609ccbcb6255033b02,sheet1:R9,,,
ac829ab1d6fe3d05-sheet1-R8,2026-05-07,daejeon-daedeok,,오색추어,이웃돕기 후원 관련 관계자 간담회,36000,ac829ab1d6fe3d05e1a42abd3c988aea55a392827c13f335b036c20c492b72aa,sheet1:R8,,,
ac829ab1d6fe3d05-sheet1-R9,2026-05-12,daejeon-daedeok,,황제명태본가,푸드뱅크 운영 관련 관계자 간담회,42000,ac829ab1d6fe3d05e1a42abd3c988aea55a392827c13f335b036c20c492b72aa,sheet1:R9,,,
ac829ab1d6fe3d05-sheet1-R10,2026-05-19,daejeon-daedeok,,교동면옥,이웃돕기 관련 관계자 간담회,238400,ac829ab1d6fe3d05e1a42abd3c988aea55a392827c13f335b036c20c492b72aa,sheet1:R10,,,
ac829ab1d6fe3d05-sheet1-R11,2026-05-21,daejeon-daedeok,,비범,국민기초생활보장사업 관련 간담회,148400,ac829ab1d6fe3d05e1a42abd3c988aea55a392827c13f335b036c20c492b72aa,sheet1:R11,,,
145d0451c7ec02aa-sheet1-R7,2026-05-13,daejeon-daedeok,,어명,도시계획 사업관계자 간담회,176000,145d0451c7ec02aa5a6e1a745adb62e3bf4dbe1a055750ae60898cccf2f4b9f7,sheet1:R7,,,
145d0451c7ec02aa-sheet1-R8,2026-05-26,daejeon-daedeok,,풍천장어식당,도시계획 사업관계자 간담회,208000,145d0451c7ec02aa5a6e1a745adb62e3bf4dbe1a055750ae60898cccf2f4b9f7,sheet1:R8,,,
58921eb71079b7b0-sheet1-R7,2026-04-23,daejeon-daedeok,,또랑,중리동 도시재생사업 관계자 간담회,74500,58921eb71079b7b02f6ce5da780671d3e97f66d4309716a02b25a54d4cadfd53,sheet1:R7,,,
f24902a9291db71e-table1-R2,2026-05-14,daejeon-daedeok,,덕이네식당 (대덕구 한남로149번길 36),즐거운 일터 조성 및 실현을 위한 의견청취 등 관계자 간담회,74000,f24902a9291db71e8df51e56ca0cc78ff208cd09cbae314116e5c29bb52bbb0f,table1:R2,,,
f24902a9291db71e-table1-R3,2026-05-20,daejeon-daedeok,,"솔밭집오리전문점 (대덕구 홍도로 81, 1층)",공무원 노사문화 상호협력 관계 증진 방안 논의를 위한 관계자 간담회,110000,f24902a9291db71e8df51e56ca0cc78ff208cd09cbae314116e5c29bb52bbb0f,table1:R3,,,
744f8e603add9436-sheet1-R3,2026-05-13,daejeon-daedeok,기획실,"군산집, 무드림베이커리카페",지역대학과 국제교류협력사업 발굴을 위한 간담회,120000,744f8e603add9436a7fb00e5ba4afa4752c53bd9062e9378836a2aa116f8ff04,sheet1:R3,,,
744f8e603add9436-sheet1-R4,2026-05-14,daejeon-daedeok,기획실,"어슬서울, 성심당",대외기관 공모 평가 사업 전략 수립을 위한 관계기관과 간담회,191800,744f8e603add9436a7fb00e5ba4afa4752c53bd9062e9378836a2aa116f8ff04,sheet1:R4,,,
744f8e603add9436-sheet1-R5,2026-05-26,daejeon-daedeok,기획실,"매봉식당, 카페허밍바이",2026년도 대덕구 출연기관 경영실적평가 원활환 추진을 위한 간담회,187000,744f8e603add9436a7fb00e5ba4afa4752c53bd9062e9378836a2aa116f8ff04,sheet1:R5,,,
744f8e603add9436-sheet1-R6,2026-05-27,daejeon-daedeok,기획실,삼미손칼국수식당,지역혁신 및 산학연 협력체계 강화 위한 관계기관과 간담회,120000,744f8e603add9436a7fb00e5ba4afa4752c53bd9062e9378836a2aa116f8ff04,sheet1:R6,,,
d609fe4cad183a6c-sheet1-R5,2026-05-13,daejeon-daedeok,목상동,황가원,구청 업무 관계자 간담회,99500,d609fe4cad183a6cbcc9abc9aae98a176d9dceb2cbd3d5f8d42775aa47f8f156,sheet1:R5,,,
d609fe4cad183a6c-sheet1-R6,2026-05-15,daejeon-daedeok,목상동,백년짬뽕,고유가 피해지원금 2차 지급 추진 관련 간담회,51000,d609fe4cad183a6cbcc9abc9aae98a176d9dceb2cbd3d5f8d42775aa47f8f156,sheet1:R6,,,
d609fe4cad183a6c-sheet1-R7,2026-05-20,daejeon-daedeok,목상동,해물가,관내 기관장 협의회,108000,d609fe4cad183a6cbcc9abc9aae98a176d9dceb2cbd3d5f8d42775aa47f8f156,sheet1:R7,,,
d609fe4cad183a6c-sheet1-R8,2026-05-21,daejeon-daedeok,목상동,네이버스토어 들레네집,내방객 음료,231400,d609fe4cad183a6cbcc9abc9aae98a176d9dceb2cbd3d5f8d42775aa47f8f156,sheet1:R8,,,
c5f6b8350b6282b5-sheet1-R4,2026-05-12,daejeon-daedeok,중리동,횡재한방오리,현업업무 직원격려,63000,c5f6b8350b6282b57c17049639dc7b2c6985ca50d84c39feae5a95f5d73d3241,sheet1:R4,,,
c5f6b8350b6282b5-sheet1-R5,2026-05-13,daejeon-daedeok,중리동,통일면옥,현업업무 직원격려,106000,c5f6b8350b6282b57c17049639dc7b2c6985ca50d84c39feae5a95f5d73d3241,sheet1:R5,,,
c5f6b8350b6282b5-sheet1-R6,2026-05-14,daejeon-daedeok,중리동,루엔차이,현업업무 직원격려,90000,c5f6b8350b6282b57c17049639dc7b2c6985ca50d84c39feae5a95f5d73d3241,sheet1:R6,,,
c5f6b8350b6282b5-sheet1-R7,2026-05-19,daejeon-daedeok,중리동,옛사랑막국수,현업업무 직원격려,44000,c5f6b8350b6282b57c17049639dc7b2c6985ca50d84c39feae5a95f5d73d3241,sheet1:R7,,,
3d588769bb585ebb-sheet1-R3,2026-05-07,daejeon-daedeok,미디어홍보과,유황돼지촌,지역 언론사 업무 추진을 위한 오찬 간담회,68000,3d588769bb585ebbd62a712ca0e680f83406a07eeeb205e1234abd5cdf2745e5,sheet1:R3,,,
3d588769bb585ebb-sheet1-R4,2026-05-20,daejeon-daedeok,미디어홍보과,부산갈매기,지역 언론사 업무 추진을 위한 오찬 간담회,136800,3d588769bb585ebbd62a712ca0e680f83406a07eeeb205e1234abd5cdf2745e5,sheet1:R4,,,
3d588769bb585ebb-sheet1-R5,2026-05-27,daejeon-daedeok,미디어홍보과,담라,지역 언론사 업무 추진을 위한 오찬 간담회,199000,3d588769bb585ebbd62a712ca0e680f83406a07eeeb205e1234abd5cdf2745e5,sheet1:R5,,,
3d588769bb585ebb-sheet1-R6,2026-05-28,daejeon-daedeok,미디어홍보과,모로미둔산,지역 언론사 업무 추진을 위한 만찬 간담회,345000,3d588769bb585ebbd62a712ca0e680f83406a07eeeb205e1234abd5cdf2745e5,sheet1:R6,,,
b1fe16a1a2bbd983-sheet1-R3,2026-05-19,daejeon-daedeok,건설과,미향일식,도로시설 정비공사 사업관계자 간담회 만찬,240000,b1fe16a1a2bbd9831a17f1f90344e2c30da8b772e785f2c15f058a72f7bbb680,sheet1:R3,,,
626315c59696b908-sheet1-R5,2026-05-07,daejeon-daedeok,덕암동,큰손정육식당,동 직원 격려,64000,626315c59696b90857417559a9237ffbd933b42c14fafd30b6ecd9a2ff499885,sheet1:R5,,,
626315c59696b908-sheet1-R6,2026-05-08,daejeon-daedeok,덕암동,큰손정육식당,동 선거관리위원회,111000,626315c59696b90857417559a9237ffbd933b42c14fafd30b6ecd9a2ff499885,sheet1:R6,,,
626315c59696b908-sheet1-R7,2026-05-15,daejeon-daedeok,덕암동,팔공산엄마밥상,통장협의회,141000,626315c59696b90857417559a9237ffbd933b42c14fafd30b6ecd9a2ff499885,sheet1:R7,,,
626315c59696b908-sheet1-R8,2026-05-27,daejeon-daedeok,덕암동,회뜰날,동 직원 격려,154500,626315c59696b90857417559a9237ffbd933b42c14fafd30b6ecd9a2ff499885,sheet1:R8,,,
326a65a0bec9de08-sheet1-R8,2026-05-21,daejeon-daedeok,,스테이 플랜트 카페 (대덕구 오정동),문평동 공장화재 관련 안전업무추진 관계직원 업무협의 간담회,36000,326a65a0bec9de0893c0dd3a065b88c779478749d39f6545fd33a836bbb4fa1a,sheet1:R8,,,
56cac69f4b8f9ef4-sheet1-R4,2026-05-21,daejeon-daedeok,석봉동,봉춘네해물손칼국수,직원격려 오찬,60000,56cac69f4b8f9ef4e6d78a30ee0c9762214373fa3e2585c854f08917c8848748,sheet1:R4,,,
d0c8267b2494e024-sheet2-R4,2026-05-07,daejeon-daedeok,법1동,승남이네만두샤브샤브,기관장 대표 간담회,36000,d0c8267b2494e024332b9cad5097670b1aac95f5a9eaa3cfb8e3d6193b84c7a6,sheet2:R4,,,
d0c8267b2494e024-sheet2-R5,2026-05-12,daejeon-daedeok,법1동,파리바게뜨대덕제일,고유가피해지원금 업무 관련 담당자 간담회,24600,d0c8267b2494e024332b9cad5097670b1aac95f5a9eaa3cfb8e3d6193b84c7a6,sheet2:R5,,,
d0c8267b2494e024-sheet2-R6,2026-05-19,daejeon-daedeok,법1동,장모네,현안업무 논의 구청 담당자 간담회,36000,d0c8267b2494e024332b9cad5097670b1aac95f5a9eaa3cfb8e3d6193b84c7a6,sheet2:R6,,,
d0c8267b2494e024-sheet2-R7,2026-05-21,daejeon-daedeok,법1동,"강길도낙지마을, 이디야 대전송촌동점",당면업무 협의 간담회,69500,d0c8267b2494e024332b9cad5097670b1aac95f5a9eaa3cfb8e3d6193b84c7a6,sheet2:R7,,,
d0c8267b2494e024-sheet2-R8,2026-05-27,daejeon-daedeok,법1동,뚝배기에담은이탈리아,현안업무 논의를 위한 유관기관 간담회,92000,d0c8267b2494e024332b9cad5097670b1aac95f5a9eaa3cfb8e3d6193b84c7a6,sheet2:R8,,,
407ac2dfe8b43d13-sheet4-R3,2026-05-11,daejeon-daedeok,대화동,대전원명학교,내방객 음료(커피 원두),27500,407ac2dfe8b43d13382cf872394bb148ae1399c83afde4c487f3b6ae881b0af8,sheet4:R3,,,
407ac2dfe8b43d13-sheet4-R4,2026-05-14,daejeon-daedeok,대화동,장미식당,구청 업무관계자 오찬간담회,49000,407ac2dfe8b43d13382cf872394bb148ae1399c83afde4c487f3b6ae881b0af8,sheet4:R4,,,
407ac2dfe8b43d13-sheet4-R5,2026-05-15,daejeon-daedeok,대화동,보은식당,업무관계자 오찬간담회,60000,407ac2dfe8b43d13382cf872394bb148ae1399c83afde4c487f3b6ae881b0af8,sheet4:R5,,,
407ac2dfe8b43d13-sheet4-R6,2026-05-21,daejeon-daedeok,대화동,솔솔키친,구청 업무관계자 오찬간담회,76000,407ac2dfe8b43d13382cf872394bb148ae1399c83afde4c487f3b6ae881b0af8,sheet4:R6,,,
407ac2dfe8b43d13-sheet4-R7,2026-05-29,daejeon-daedeok,대화동,왕손곱창,지역사회보장협의체 오찬간담회,42000,407ac2dfe8b43d13382cf872394bb148ae1399c83afde4c487f3b6ae881b0af8,sheet4:R7,,,
74c88f7080690614-sheet1-R7,2026-05-14,daejeon-daedeok,,손이가어죽칼국수 외 1,소상공인 및 중소기업 지원 사업 관계자 간담회,229500,74c88f7080690614e468de95d527895195ad473e9c5267abe187d46fd571e610,sheet1:R7,,,
348e9765ac8481c8-sheet1-R5,2026-05-21,daejeon-daedeok,,홍콩삼겹살(대전 대덕구 계족산로81번길 11),청소사업 관계자 간담회,218000,348e9765ac8481c898f076cbea2d4a561b3cea94caca24abc81d1341987b26d0,sheet1:R5,,,
09c1c1774992bdee-sheet5-R3,2026-05-18,daejeon-daedeok,,청담향,2026년 종합청렴도 향상을 위한 청렴교육 프로그램 추진 관련 간담회 실시,180000,09c1c1774992bdee38330371b53f3cd49b336d1677046ab3c49105258f9c2371,sheet5:R3,9645610254be94b303def69c5f9f30e9a4b1d9fa9955102d759d52febdcfa255:sheet5:R3,,
09c1c1774992bdee-sheet5-R4,2026-05-18,daejeon-daedeok,,대덕구청 3층 매점,『청렴 수(秀) 에세이』 청렴시책 추진 다과 구입,342000,09c1c1774992bdee38330371b53f3cd49b336d1677046ab3c49105258f9c2371,sheet5:R4,9645610254be94b303def69c5f9f30e9a4b1d9fa9955102d759d52febdcfa255:sheet5:R4,,
853c31cf76dce72e-sheet1-R8,2026-04-13,daejeon-daedeok,,솔솔키친,대덕구새마을회 오찬간담회,105900,853c31cf76dce72e4a4ffcd4b2652c74deba3a7a80cbc023c159fb102959fc93,sheet1:R8,,,
853c31cf76dce72e-sheet1-R9,2026-04-10,daejeon-daedeok,,콩마니순두부,대덕구 자원봉사협의회 간담회,185000,853c31cf76dce72e4a4ffcd4b2652c74deba3a7a80cbc023c159fb102959fc93,sheet1:R9,,,
853c31cf76dce72e-sheet1-R10,2026-04-13,daejeon-daedeok,,청원삼계탕,대덕구 자율방범대연합대 간담회,350000,853c31cf76dce72e4a4ffcd4b2652c74deba3a7a80cbc023c159fb102959fc93,sheet1:R10,,,
853c31cf76dce72e-sheet1-R11,2026-04-13,daejeon-daedeok,,챠챠,대덕구 통장협의회 간담회,25000,853c31cf76dce72e4a4ffcd4b2652c74deba3a7a80cbc023c159fb102959fc93,sheet1:R11,,,
853c31cf76dce72e-sheet1-R12,2026-04-15,daejeon-daedeok,,청담골식당,대덕구 해병대전우회 대덕지회 간담회,468000,853c31cf76dce72e4a4ffcd4b2652c74deba3a7a80cbc023c159fb102959fc93,sheet1:R12,,,
853c31cf76dce72e-sheet1-R13,2026-04-17,daejeon-daedeok,,전원가든식당,대덕구 자원봉사센터 간담회,220000,853c31cf76dce72e4a4ffcd4b2652c74deba3a7a80cbc023c159fb102959fc93,sheet1:R13,,,
853c31cf76dce72e-sheet1-R14,2026-04-22,daejeon-daedeok,,꽁뚜 외 1곳,대덕구단체장협의회 임원진 간담회,85800,853c31cf76dce72e4a4ffcd4b2652c74deba3a7a80cbc023c159fb102959fc93,sheet1:R14,,,
853c31cf76dce72e-sheet1-R15,2026-04-23,daejeon-daedeok,,헤이스팅스,대덕구공동체지원센터 간담회,75000,853c31cf76dce72e4a4ffcd4b2652c74deba3a7a80cbc023c159fb102959fc93,sheet1:R15,,,
853c31cf76dce72e-sheet1-R16,2026-04-29,daejeon-daedeok,,베트남쌀국수 외 1곳,대덕구통장협의회 간담회,79000,853c31cf76dce72e4a4ffcd4b2652c74deba3a7a80cbc023c159fb102959fc93,sheet1:R16,,,
96102a0ddd02debc-sheet1-R3,2026-05-06,daejeon-daedeok,어르신장애인과,행복한집,장기요양기관 관계자 회의 및 간담회,69000,96102a0ddd02debc367d236614cd689a0be60e4d5bacc2d633b4ebed883dba2f,sheet1:R3,,,
96102a0ddd02debc-sheet1-R4,2026-05-07,daejeon-daedeok,어르신장애인과,윤이네집밥,장애인복지팀 직원 격려,109000,96102a0ddd02debc367d236614cd689a0be60e4d5bacc2d633b4ebed883dba2f,sheet1:R4,,,
96102a0ddd02debc-sheet1-R5,2026-05-28,daejeon-daedeok,어르신장애인과,교동면옥,어르신복지팀 직원 격려,92000,96102a0ddd02debc367d236614cd689a0be60e4d5bacc2d633b4ebed883dba2f,sheet1:R5,,,
1c1b90c630d25da2-sheet1-R3,2026-05-19,daejeon-daedeok,문화관광체육과,"복덩어리,홍커피로스터스",생활체육활동진흥 시책추진업무추진비 지출품의(대덕구체육회 업무 협의),118800,1c1b90c630d25da2b9bdde06f576b215baa44cf103f50126f761db9758fc57a3,sheet1:R3,,,
1c1b90c630d25da2-sheet1-R4,2026-05-19,daejeon-daedeok,문화관광체육과,마루일식,문화예술진흥 시책추진업무추진비 지출품의(대덕문화원 업무협의),134000,1c1b90c630d25da2b9bdde06f576b215baa44cf103f50126f761db9758fc57a3,sheet1:R4,,,
1c1b90c630d25da2-sheet1-R5,2026-05-22,daejeon-daedeok,문화관광체육과,순민물장어구이식당,생활체육활동진흥 시책추진업무추진비 지출품의(대덕스포츠클럽 업무 협의),233000,1c1b90c630d25da2b9bdde06f576b215baa44cf103f50126f761db9758fc57a3,sheet1:R5,,,
1c1b90c630d25da2-sheet1-R6,2026-05-28,daejeon-daedeok,문화관광체육과,마루일식,생활체육활동진흥 시책추진업무추진비 지출품의(체육시설 업무협의),369000,1c1b90c630d25da2b9bdde06f576b215baa44cf103f50126f761db9758fc57a3,sheet1:R6,,,
b5d4626a5fcac36b-sheet1-R3,2026-05-14,daejeon-daedeok,신청사건립과,비비큐대전갈마행운점,신청사 업무 관련 간담회,96000,b5d4626a5fcac36b36ba18c251d7ed6ee051f016a39e4d7d1355d81093de2812,sheet1:R3,,,
bbebbdbf0cf4222c-sheet1-R5,2026-03-17,daejeon-daedeok,,오천항,관련사업 등 관계기관 업무협의,240000,bbebbdbf0cf4222cefc2d07fc229527b0d969e6d1b5de47f671b25e5fbf6b5f2,sheet1:R5,,,
bbebbdbf0cf4222c-sheet1-R6,2026-04-23,daejeon-daedeok,,소나무집,관련사업 등 관계기관 업무협의,90000,bbebbdbf0cf4222cefc2d07fc229527b0d969e6d1b5de47f671b25e5fbf6b5f2,sheet1:R6,,,
c8a5e4cebc53c13f-sheet1-R3,2026-04-22,daejeon-daedeok,토지정보과,황해면옥식당,부동산가격공시위원회 개최 관계자 식사,189000,c8a5e4cebc53c13f5bfd6231cb5dd8e06e601eb99a290919dba32faca8adfcdc,sheet1:R3,,,
52db9e7ec71f926e-sheet1-R3,2026-03-20,daejeon-daedeok,토지정보과,더라임,한국국토정보공사 관계자 간담회,18500,52db9e7ec71f926e0ef4fe17014c5ca76e6e8d058dcc7264eecb9e03b133d155,sheet1:R3,,,
9c484d973b6bf592-sheet1-R4,2026-04-08,daejeon-daedeok,석봉동,항아리보쌈 석봉지점,직원격려 오찬,130000,9c484d973b6bf592e3ec9508c05d430c61f3f0587eaab07033f5d1253638ca1b,sheet1:R4,,,
9c484d973b6bf592-sheet1-R5,2026-04-13,daejeon-daedeok,석봉동,청보리골,부서 간담회,68000,9c484d973b6bf592e3ec9508c05d430c61f3f0587eaab07033f5d1253638ca1b,sheet1:R5,,,
9c484d973b6bf592-sheet1-R6,2026-04-17,daejeon-daedeok,석봉동,대덕구청 카페,석봉동 단체장협의회 간담회,16000,9c484d973b6bf592e3ec9508c05d430c61f3f0587eaab07033f5d1253638ca1b,sheet1:R6,,,
9c484d973b6bf592-sheet1-R7,2026-04-24,daejeon-daedeok,석봉동,온정정식,직원격려 오찬,77800,9c484d973b6bf592e3ec9508c05d430c61f3f0587eaab07033f5d1253638ca1b,sheet1:R7,,,
d317e44a40af2235-sheet1-R5,2026-04-23,daejeon-daedeok,덕암동,김관식 추어명장,현안업무 추진 상근 직원 격려,96000,d317e44a40af223504405e29ca6f67863da0e8a8ce1778c441845437b68b2a9f,sheet1:R5,,,
3540cdd6e0d222ab-sheet1-R3,2026-04-15,daejeon-daedeok,건설과,제육본가,노후하수관로 정비공사 사업관계자 간담회 만찬,108000,3540cdd6e0d222aba4686fd9c6bae9749d6b1539e1c34832092484202795b44c,sheet1:R3,,,
5d11bf56c28a4bd3-sheet1-R5,2026-04-07,daejeon-daedeok,목상동,황가원,통장협의회 간담회,95000,5d11bf56c28a4bd3fba03e15de67ecdf7656e02c1cebb156d0554a8d7b7d079e,sheet1:R5,,,
5d11bf56c28a4bd3-sheet1-R6,2026-04-25,daejeon-daedeok,목상동,황제명태본가,동춘당문화제 참여자 격려,93000,5d11bf56c28a4bd3fba03e15de67ecdf7656e02c1cebb156d0554a8d7b7d079e,sheet1:R6,,,
5d11bf56c28a4bd3-sheet1-R7,2026-04-27,daejeon-daedeok,목상동,소나무집,구청 업무 관계자 간담회,45000,5d11bf56c28a4bd3fba03e15de67ecdf7656e02c1cebb156d0554a8d7b7d079e,sheet1:R7,,,
5d11bf56c28a4bd3-sheet1-R8,2026-04-28,daejeon-daedeok,목상동,"온정정식, 주식회사쉐어즈스튜디오",구청 업무 관계자 간담회,59900,5d11bf56c28a4bd3fba03e15de67ecdf7656e02c1cebb156d0554a8d7b7d079e,sheet1:R8,,,
1f155ef90d3cd01a-table1-R2,2026-04-10,daejeon-daedeok,,교동면옥 (대덕구 한밭대로 1100),직원 친화적 일터 조성을 위한 의견청취 관계자 간담회,211000,1f155ef90d3cd01a25e5353fd1e9b70857b01f684ae3bb8d83fc403916356c14,table1:R2,,,
1f155ef90d3cd01a-table1-R3,2026-04-17,daejeon-daedeok,,마당칼국수 (중구 중앙로79번길 27 1층),공무원 노사문화 상호협력 관계 증진 방안 논의를 위한 관계자 간담회,74000,1f155ef90d3cd01a25e5353fd1e9b70857b01f684ae3bb8d83fc403916356c14,table1:R3,,,
1f155ef90d3cd01a-table1-R4,2026-04-24,daejeon-daedeok,,제비꽃마구로 (서구 둔산북로 36 1층),구정업무 추진 관련 정책공유 및 의견청취 관계자 간담회,280000,1f155ef90d3cd01a25e5353fd1e9b70857b01f684ae3bb8d83fc403916356c14,table1:R4,,,
82dcf504e0c453b5-sheet1-R3,2026-04-01,daejeon-daedeok,미디어홍보과,황해면옥,지역 언론사 업무 추진을 위한 오찬 간담회,250000,82dcf504e0c453b5957508d2bde40f65ab5c59d8a8df6f5d371451bb6dae8859,sheet1:R3,,,
82dcf504e0c453b5-sheet1-R4,2026-04-01,daejeon-daedeok,미디어홍보과,스테이플렌트카페,지역 언론사 업무 추진을 위한 오찬 간담회,43500,82dcf504e0c453b5957508d2bde40f65ab5c59d8a8df6f5d371451bb6dae8859,sheet1:R4,,,
82dcf504e0c453b5-sheet1-R5,2026-04-01,daejeon-daedeok,미디어홍보과,이산흑염소,지역 언론사 업무 추진을 위한 만찬 간담회,402000,82dcf504e0c453b5957508d2bde40f65ab5c59d8a8df6f5d371451bb6dae8859,sheet1:R5,,,
82dcf504e0c453b5-sheet1-R6,2026-04-06,daejeon-daedeok,미디어홍보과,수목림,지역 언론사 업무 추진을 위한 만찬 간담회,139000,82dcf504e0c453b5957508d2bde40f65ab5c59d8a8df6f5d371451bb6dae8859,sheet1:R6,,,
82dcf504e0c453b5-sheet1-R7,2026-04-07,daejeon-daedeok,미디어홍보과,대청뜰,퇴직 직원 노고 격려 및 송별회,362000,82dcf504e0c453b5957508d2bde40f65ab5c59d8a8df6f5d371451bb6dae8859,sheet1:R7,,,
82dcf504e0c453b5-sheet1-R8,2026-04-09,daejeon-daedeok,미디어홍보과,손이가어죽칼국수,통신팀 직원 격려 및 부서 화합,117000,82dcf504e0c453b5957508d2bde40f65ab5c59d8a8df6f5d371451bb6dae8859,sheet1:R8,,,
82dcf504e0c453b5-sheet1-R9,2026-04-09,daejeon-daedeok,미디어홍보과,스타벅스 코리아,통신팀 직원 격려 및 부서 화합,37700,82dcf504e0c453b5957508d2bde40f65ab5c59d8a8df6f5d371451bb6dae8859,sheet1:R9,,,
82dcf504e0c453b5-sheet1-R10,2026-04-09,daejeon-daedeok,미디어홍보과,대덕구청 직원복지회,지역 언론사 업무 추진을 위한 차담회,5300,82dcf504e0c453b5957508d2bde40f65ab5c59d8a8df6f5d371451bb6dae8859,sheet1:R10,,,
82dcf504e0c453b5-sheet1-R11,2026-04-09,daejeon-daedeok,미디어홍보과,푸지미,지역 언론사 업무 추진을 위한 만찬 간담회,53000,82dcf504e0c453b5957508d2bde40f65ab5c59d8a8df6f5d371451bb6dae8859,sheet1:R11,,,
82dcf504e0c453b5-sheet1-R12,2026-04-13,daejeon-daedeok,미디어홍보과,장원오리,부서 화합 및 업무 협조를 위한 소통 간담회,135000,82dcf504e0c453b5957508d2bde40f65ab5c59d8a8df6f5d371451bb6dae8859,sheet1:R12,,,
82dcf504e0c453b5-sheet1-R13,2026-04-15,daejeon-daedeok,미디어홍보과,부산갈매기,지역 언론사 업무 추진을 위한 만찬 간담회,118700,82dcf504e0c453b5957508d2bde40f65ab5c59d8a8df6f5d371451bb6dae8859,sheet1:R13,,,
82dcf504e0c453b5-sheet1-R14,2026-04-16,daejeon-daedeok,미디어홍보과,양소유,지역 언론사 업무 추진을 위한 만찬 간담회,493600,82dcf504e0c453b5957508d2bde40f65ab5c59d8a8df6f5d371451bb6dae8859,sheet1:R14,,,
82dcf504e0c453b5-sheet1-R15,2026-04-17,daejeon-daedeok,미디어홍보과,스테이플렌트카페,지역 언론사 업무 추진을 위한 만찬 간담회,21000,82dcf504e0c453b5957508d2bde40f65ab5c59d8a8df6f5d371451bb6dae8859,sheet1:R15,,,
82dcf504e0c453b5-sheet1-R16,2026-04-20,daejeon-daedeok,미디어홍보과,송촌족발,지역 언론사 업무 추진을 위한 만찬 간담회,388000,82dcf504e0c453b5957508d2bde40f65ab5c59d8a8df6f5d371451bb6dae8859,sheet1:R16,,,
82dcf504e0c453b5-sheet1-R17,2026-04-21,daejeon-daedeok,미디어홍보과,비래키키,대덕구 유튜브 콘첸츠 제작 관련 관계 업체 업무 연찬회,111500,82dcf504e0c453b5957508d2bde40f65ab5c59d8a8df6f5d371451bb6dae8859,sheet1:R17,,,
82dcf504e0c453b5-sheet1-R18,2026-04-22,daejeon-daedeok,미디어홍보과,연우네보리밥,지역 언론사 업무 추진을 위한 오찬 간담회,91000,82dcf504e0c453b5957508d2bde40f65ab5c59d8a8df6f5d371451bb6dae8859,sheet1:R18,,,
82dcf504e0c453b5-sheet1-R19,2026-04-22,daejeon-daedeok,미디어홍보과,스테리플렌트,지역 언론사 업무 추진을 위한 오찬 간담회,26500,82dcf504e0c453b5957508d2bde40f65ab5c59d8a8df6f5d371451bb6dae8859,sheet1:R19,,,
82dcf504e0c453b5-sheet1-R20,2026-04-23,daejeon-daedeok,미디어홍보과,연우네보리밥,지역 언론사 업무 추진을 위한 오찬 간담회,72000,82dcf504e0c453b5957508d2bde40f65ab5c59d8a8df6f5d371451bb6dae8859,sheet1:R20,,,
82dcf504e0c453b5-sheet1-R21,2026-04-23,daejeon-daedeok,미디어홍보과,더라임,지역 언론사 업무 추진을 위한 오찬 간담회,20500,82dcf504e0c453b5957508d2bde40f65ab5c59d8a8df6f5d371451bb6dae8859,sheet1:R21,,,
82dcf504e0c453b5-sheet1-R22,2026-04-24,daejeon-daedeok,미디어홍보과,안스키친,구정소식지 인터뷰 대상자 취재 및 간담회,77000,82dcf504e0c453b5957508d2bde40f65ab5c59d8a8df6f5d371451bb6dae8859,sheet1:R22,,,
82dcf504e0c453b5-sheet1-R23,2026-04-24,daejeon-daedeok,미디어홍보과,오늘의빵집,구정소식지 인터뷰 대상자 취재 및 간담회,56000,82dcf504e0c453b5957508d2bde40f65ab5c59d8a8df6f5d371451bb6dae8859,sheet1:R23,,,
82dcf504e0c453b5-sheet1-R24,2026-04-27,daejeon-daedeok,미디어홍보과,송촌닭갈비,지역 언론사 업무 추진을 위한 만찬 간담회,158000,82dcf504e0c453b5957508d2bde40f65ab5c59d8a8df6f5d371451bb6dae8859,sheet1:R24,,,
82dcf504e0c453b5-sheet1-R25,2026-04-27,daejeon-daedeok,미디어홍보과,투썸플레이스,지역 언론사 업무 추진을 위한 만찬 간담회,36200,82dcf504e0c453b5957508d2bde40f65ab5c59d8a8df6f5d371451bb6dae8859,sheet1:R25,,,
82dcf504e0c453b5-sheet1-R26,2026-04-28,daejeon-daedeok,미디어홍보과,벽돌곱창,지역 언론사 업무 추진을 위한 만찬 간담회,375500,82dcf504e0c453b5957508d2bde40f65ab5c59d8a8df6f5d371451bb6dae8859,sheet1:R26,,,
82dcf504e0c453b5-sheet1-R27,2026-04-30,daejeon-daedeok,미디어홍보과,산들,지역 언론사 업무 추진을 위한 오찬 간담회,114000,82dcf504e0c453b5957508d2bde40f65ab5c59d8a8df6f5d371451bb6dae8859,sheet1:R27,,,
82dcf504e0c453b5-sheet1-R28,2026-04-30,daejeon-daedeok,미디어홍보과,포레,지역 언론사 업무 추진을 위한 오찬 간담회,16900,82dcf504e0c453b5957508d2bde40f65ab5c59d8a8df6f5d371451bb6dae8859,sheet1:R28,,,
c29bf9b383d047ea-sheet1-R4,2026-04-01,daejeon-daedeok,,11시들쌈밥,대덕구청소년상담북지센터 운영에 관한 실무협의,91000,c29bf9b383d047eab3934625dd1fd04c5d528c2c6a317fbed4bda8a0d95a7bc7,sheet1:R4,,,
c29bf9b383d047ea-sheet1-R5,2026-04-02,daejeon-daedeok,,잔디한식뷔페,성인문해교육지원사업에 관한 실무 협의,28000,c29bf9b383d047eab3934625dd1fd04c5d528c2c6a317fbed4bda8a0d95a7bc7,sheet1:R5,,,
c29bf9b383d047ea-sheet1-R6,2026-04-03,daejeon-daedeok,,연우네보리밥집,일자리지원에 관한 실무 협의,135000,c29bf9b383d047eab3934625dd1fd04c5d528c2c6a317fbed4bda8a0d95a7bc7,sheet1:R6,,,
a995c3521c50de77-sheet1-R3,2026-04-22,daejeon-daedeok,세정과,황해면옥식당,2026년 대덕구 부동산가격공시위원회 심의 간담회,189000,a995c3521c50de77d8ebff39bd4e71d879d0df98892270cb6ae96a04ef978986,sheet1:R3,,,
8f577f9f43339260-sheet1-R4,2026-04-25,daejeon-daedeok,중리동,어가아구찜,행사참여 직원 격려,73000,8f577f9f43339260c99f10abde5cf08b30175624dd2648213c7e30b4af273f2f,sheet1:R4,,,
8f577f9f43339260-sheet1-R5,2026-04-02,daejeon-daedeok,중리동,왕손곱창식당,직원 격려,40000,8f577f9f43339260c99f10abde5cf08b30175624dd2648213c7e30b4af273f2f,sheet1:R5,,,
8f577f9f43339260-sheet1-R6,2026-03-26,daejeon-daedeok,중리동,신도칼국수,단체 업무 협의,113000,8f577f9f43339260c99f10abde5cf08b30175624dd2648213c7e30b4af273f2f,sheet1:R6,,,
8f577f9f43339260-sheet1-R7,2026-02-27,daejeon-daedeok,중리동,송담추어탕,직원격려,90000,8f577f9f43339260c99f10abde5cf08b30175624dd2648213c7e30b4af273f2f,sheet1:R7,,,
8f577f9f43339260-sheet1-R8,2026-03-13,daejeon-daedeok,중리동,두루감자탕,주민자치회 운영 간담회,128000,8f577f9f43339260c99f10abde5cf08b30175624dd2648213c7e30b4af273f2f,sheet1:R8,,,
8f577f9f43339260-sheet1-R9,2026-02-24,daejeon-daedeok,중리동,한우백화점정육식당,단체장협의회 업무 협의,60000,8f577f9f43339260c99f10abde5cf08b30175624dd2648213c7e30b4af273f2f,sheet1:R9,,,
8f577f9f43339260-sheet1-R10,2026-02-20,daejeon-daedeok,중리동,투썸플레이스 대전도안바로세움점,단체장협의회 업무 협의,20000,8f577f9f43339260c99f10abde5cf08b30175624dd2648213c7e30b4af273f2f,sheet1:R10,,,
8f577f9f43339260-sheet1-R11,2026-02-19,daejeon-daedeok,중리동,한마음정육식당,기관단체 업무 협의,109000,8f577f9f43339260c99f10abde5cf08b30175624dd2648213c7e30b4af273f2f,sheet1:R11,,,
8f577f9f43339260-sheet1-R12,2026-02-13,daejeon-daedeok,중리동,송담추어탕,직원 노고 격려,50000,8f577f9f43339260c99f10abde5cf08b30175624dd2648213c7e30b4af273f2f,sheet1:R12,,,
8f577f9f43339260-sheet1-R13,2026-02-06,daejeon-daedeok,중리동,두루감자탕매운등갈비찜,직원 노고 격려,64000,8f577f9f43339260c99f10abde5cf08b30175624dd2648213c7e30b4af273f2f,sheet1:R13,,,
8f577f9f43339260-sheet1-R14,2026-02-02,daejeon-daedeok,중리동,양지면옥,인사발령 직원 격려,84000,8f577f9f43339260c99f10abde5cf08b30175624dd2648213c7e30b4af273f2f,sheet1:R14,,,
65e7c89aac2fca97-sheet1-R3,2026-04-02,daejeon-daedeok,어르신장애인과,해조물산임해조볼테기,장애인복지팀 직원 격려,84000,65e7c89aac2fca97847c90626558fa4fda68009228bcaf583da0354a89ae358a,sheet1:R3,,,
65e7c89aac2fca97-sheet1-R4,2026-04-13,daejeon-daedeok,어르신장애인과,오색추어,어르신정책팀 직원 격려,60000,65e7c89aac2fca97847c90626558fa4fda68009228bcaf583da0354a89ae358a,sheet1:R4,,,
65e7c89aac2fca97-sheet1-R5,2026-04-17,daejeon-daedeok,어르신장애인과,계족산염소맛집,부서 직원 격려,96000,65e7c89aac2fca97847c90626558fa4fda68009228bcaf583da0354a89ae358a,sheet1:R5,,,
65e7c89aac2fca97-sheet1-R6,2026-04-22,daejeon-daedeok,어르신장애인과,코다리밥상,노인일자리 사업 관계자 회의 및 간담회,90000,65e7c89aac2fca97847c90626558fa4fda68009228bcaf583da0354a89ae358a,sheet1:R6,,,
65e7c89aac2fca97-sheet1-R7,2026-04-27,daejeon-daedeok,어르신장애인과,황해면옥,부서 직원 격려,268000,65e7c89aac2fca97847c90626558fa4fda68009228bcaf583da0354a89ae358a,sheet1:R7,,,
65e7c89aac2fca97-sheet1-R8,2026-04-30,daejeon-daedeok,어르신장애인과,제레토종국밥,장애인자립생활센터 관계자 회의 및 간담회,26000,65e7c89aac2fca97847c90626558fa4fda68009228bcaf583da0354a89ae358a,sheet1:R8,,,
85425a6a82891f4a-sheet1-R3,2026-04-01,daejeon-daedeok,기획실,성심당,공약이행 및 우수시책 역진대회 업무추진을 위한 업무협의 개최,77600,85425a6a82891f4ae6cd38730079e61a6494bf38d82c1787338f774d164ea594,sheet1:R3,,,
85425a6a82891f4a-sheet1-R4,2026-04-09,daejeon-daedeok,기획실,구들마루,시책 활성화를 위한 간담회,68000,85425a6a82891f4ae6cd38730079e61a6494bf38d82c1787338f774d164ea594,sheet1:R4,,,
85425a6a82891f4a-sheet1-R5,2026-04-15,daejeon-daedeok,기획실,"오렌지트리, 동산한식당",대덕미래소통참여단과 소통 활성화를 위한 회의 개최,145400,85425a6a82891f4ae6cd38730079e61a6494bf38d82c1787338f774d164ea594,sheet1:R5,,,
85425a6a82891f4a-sheet1-R6,2026-04-16,daejeon-daedeok,기획실,"군산집, 무드림 베이커리카페",한남대학교 개교 70주년 맞이 관학협력 회의 개최,217500,85425a6a82891f4ae6cd38730079e61a6494bf38d82c1787338f774d164ea594,sheet1:R6,,,
85425a6a82891f4a-sheet1-R7,2026-04-17,daejeon-daedeok,기획실,"라드레스토랑, 루엔차이",먼선8기 공약사업의 체계적인 이행점검을 위한 간담회,78800,85425a6a82891f4ae6cd38730079e61a6494bf38d82c1787338f774d164ea594,sheet1:R7,,,
9f9b718bf0afafa2-sheet1-R4,2026-04-27,daejeon-daedeok,신탄진동,은행나무식당,동일아파트입주자대표 간담회,103000,9f9b718bf0afafa23d3932da3a291462ee01258a4ad511ab340640b374b97336,sheet1:R4,,,
06fa6ce4f7308583-sheet2-R4,2026-04-02,daejeon-daedeok,법1동,"공주쌍신집칼국수 대청호점, 투썸플레이스 신탄진대청호점",제81회 식목일 나무심기 행사 관계자 간담회,101050,06fa6ce4f73085836f64bdeb3ffd983b007835cc4cb5df1b6a7289e958c3e10f,sheet2:R4,,,
06fa6ce4f7308583-sheet2-R5,2026-04-08,daejeon-daedeok,법1동,한뚝배기손칼국수,복지사각지대 발굴 및 지원방안 논의 간담회,36000,06fa6ce4f73085836f64bdeb3ffd983b007835cc4cb5df1b6a7289e958c3e10f,sheet2:R5,,,
06fa6ce4f7308583-sheet2-R6,2026-04-16,daejeon-daedeok,법1동,승남이네만두샤브샤브,기관장 대표 간담회,44000,06fa6ce4f73085836f64bdeb3ffd983b007835cc4cb5df1b6a7289e958c3e10f,sheet2:R6,,,
06fa6ce4f7308583-sheet2-R7,2026-04-22,daejeon-daedeok,법1동,"강촌매운탕, 카페 오르(café Or)",관내 위기가구 발굴 관련 유관기관 간담회,95600,06fa6ce4f73085836f64bdeb3ffd983b007835cc4cb5df1b6a7289e958c3e10f,sheet2:R7,,,
06fa6ce4f7308583-sheet2-R8,2026-04-25,daejeon-daedeok,법1동,사단법인 대전광역시대덕구새마을회(행사 부스),제29회 동춘당문화제 먹거리장터 새마을문고 회원 격려,50000,06fa6ce4f73085836f64bdeb3ffd983b007835cc4cb5df1b6a7289e958c3e10f,sheet2:R8,,,
b08f88f8570f26f9-sheet1-R7,2026-04-10,daejeon-daedeok,,장가네대구왕뽈떼기 외1,상권 활성화 업무 추진을 위한 사업 관계자 간담회,110000,b08f88f8570f26f99e6697f9932c68ec9e2b4281e349a3973c31957ee343776a,sheet1:R7,,,
9788b4da655cb943-table1-R2,2026-03-12,daejeon-daedeok,대화동,장미식당,업무관계자 오찬 간담회,66000,9788b4da655cb9435b795a0c671798f772a71e3035adb36c285008515fcc291a,table1:R2,407ac2dfe8b43d13382cf872394bb148ae1399c83afde4c487f3b6ae881b0af8:sheet3:R3 328da04c8a4b04f7432482fb5fa661dfa2bba0599d0d9b7d58e6329ddaa075e3:sheet3:R3,,
9788b4da655cb943-table1-R3,2026-03-20,daejeon-daedeok,대화동,황제명태,통장협의회 오찬 간담회,154000,9788b4da655cb9435b795a0c671798f772a71e3035adb36c285008515fcc291a,table1:R3,407ac2dfe8b43d13382cf872394bb148ae1399c83afde4c487f3b6ae881b0af8:sheet3:R4 328da04c8a4b04f7432482fb5fa661dfa2bba0599d0d9b7d58e6329ddaa075e3:sheet3:R4,,
9788b4da655cb943-table1-R4,2026-03-31,daejeon-daedeok,대화동,승남이네김밥& 칼국수,직원 오찬 간담회,55000,9788b4da655cb9435b795a0c671798f772a71e3035adb36c285008515fcc291a,table1:R4,407ac2dfe8b43d13382cf872394bb148ae1399c83afde4c487f3b6ae881b0af8:sheet3:R5 328da04c8a4b04f7432482fb5fa661dfa2bba0599d0d9b7d58e6329ddaa075e3:sheet3:R5,,
c6f2f87586ab497b-table1-R2,2026-04-03,daejeon-daedeok,대화동,장미식당,단체장협의회 오찬 간담회,241000,c6f2f87586ab497b142af1b2be316fd15bfabc9eccb4dd01509b84dfca790429,table1:R2,,,
c6f2f87586ab497b-table1-R3,2026-04-09,daejeon-daedeok,대화동,왕손곱창,업무관계자 간담회,67000,c6f2f87586ab497b142af1b2be316fd15bfabc9eccb4dd01509b84dfca790429,table1:R3,,,
c6f2f87586ab497b-table1-R4,2026-04-22,daejeon-daedeok,대화동,대전원명학교,내방객 음료(커피 원두),20000,c6f2f87586ab497b142af1b2be316fd15bfabc9eccb4dd01509b84dfca790429,table1:R4,,,
c6f2f87586ab497b-table1-R5,2026-04-25,daejeon-daedeok,대화동,"현숙소라우렁쌈밥, 오렌지블로썸, 대덕구 새마을회",통장협의회 등 단체 간담회(동춘당문화제),150000,c6f2f87586ab497b142af1b2be316fd15bfabc9eccb4dd01509b84dfca790429,table1:R5,,,
d1965f0341bc06df-sheet1-R6,2026-04-02,daejeon-daedeok,,베트남쌀국수,식목일 나무심기 행사 참석자,50000,d1965f0341bc06df1772cfde7b43e47c65b9cee0cdc84db4708c979c14e8e6f0,sheet1:R6,,,
d1965f0341bc06df-sheet1-R7,2026-04-10,daejeon-daedeok,,송촌해물칼국수,문평동화재피해자지원 특별모금 기탁식 참석자,185000,d1965f0341bc06df1772cfde7b43e47c65b9cee0cdc84db4708c979c14e8e6f0,sheet1:R7,,,
363b64457a3774ec-sheet4-R3,2026-04-17,daejeon-daedeok,,오색추어외 1개소,2026년 민원서비스 종합평가 준비 관련부서 간담회,63500,363b64457a3774ec42159d0d0baabb8c9ffc5c3d78f5eb2c99eca3a2ec63b9d1,sheet4:R3,09c1c1774992bdee38330371b53f3cd49b336d1677046ab3c49105258f9c2371:sheet4:R3 9645610254be94b303def69c5f9f30e9a4b1d9fa9955102d759d52febdcfa255:sheet4:R3,,
363b64457a3774ec-sheet4-R4,2026-04-20,daejeon-daedeok,,임실치즈피자,직원격려 간식 구입,90000,363b64457a3774ec42159d0d0baabb8c9ffc5c3d78f5eb2c99eca3a2ec63b9d1,sheet4:R4,09c1c1774992bdee38330371b53f3cd49b336d1677046ab3c49105258f9c2371:sheet4:R4 9645610254be94b303def69c5f9f30e9a4b1d9fa9955102d759d52febdcfa255:sheet4:R4,,
363b64457a3774ec-sheet4-R5,2026-04-24,daejeon-daedeok,,읍천리382,지역경제활성화 도모 및 직원노로 격려를 위한 간담회 실시,151000,363b64457a3774ec42159d0d0baabb8c9ffc5c3d78f5eb2c99eca3a2ec63b9d1,sheet4:R5,09c1c1774992bdee38330371b53f3cd49b336d1677046ab3c49105258f9c2371:sheet4:R5 9645610254be94b303def69c5f9f30e9a4b1d9fa9955102d759d52febdcfa255:sheet4:R5,,
7997a4b8d2114235-sheet1-R4,2026-04-09,daejeon-daedeok,비래동,두부명가식당,통장 참여형 야간 마을순찰 추진 간담회,58000,7997a4b8d21142350fe415ed62ff0bf0259837ce34bff756f00c8110e3601e7d,sheet1:R4,,,
7997a4b8d2114235-sheet1-R5,2026-04-15,daejeon-daedeok,비래동,우장창식당,탄소중립주민실천연대 간담회,115000,7997a4b8d21142350fe415ed62ff0bf0259837ce34bff756f00c8110e3601e7d,sheet1:R5,,,
2ce0c8b8cc461d19-sheet1-R8,2026-04-02,daejeon-daedeok,,백년보리밥,자활센터 운영관련 관계자 간담회,163500,2ce0c8b8cc461d198c90ca1b5025dc55e45b98d6b354f3d7e5e46032f437b731,sheet1:R8,,,
2ce0c8b8cc461d19-sheet1-R9,2026-04-16,daejeon-daedeok,,뚝배기에 담은 이탈리아,푸드마켓 지원 관련 관계자 간담회,79000,2ce0c8b8cc461d198c90ca1b5025dc55e45b98d6b354f3d7e5e46032f437b731,sheet1:R9,,,
a5047ed5ca4d90db-sheet1-R3,2026-04-14,daejeon-daedeok,문화관광체육과,"수월풍천장어, 비마이프렌드, 한우식당",생활체육활동진흥 시책추진업무추진비 지출품의(회덕다목적체육센터 개관식 관련 업무 협의),383000,a5047ed5ca4d90db4d73cc7c8e20fbb6fe573daec44eb2754ef91c12aef90bb5,sheet1:R3,,,
a5047ed5ca4d90db-sheet1-R4,2026-04-20,daejeon-daedeok,문화관광체육과,월산본가,문화예술진흥 시책추진업무추진비 지출품의(대덕구여성합창단 간담회),336000,a5047ed5ca4d90db4d73cc7c8e20fbb6fe573daec44eb2754ef91c12aef90bb5,sheet1:R4,,,
a5047ed5ca4d90db-sheet1-R5,2026-04-22,daejeon-daedeok,문화관광체육과,"쿵푸차이, 라드레스토랑",문화예술진흥 시책추진업무추진비 지출품의(제29회 동춘당문화제 관련 업무 협의),133500,a5047ed5ca4d90db4d73cc7c8e20fbb6fe573daec44eb2754ef91c12aef90bb5,sheet1:R5,,,
a5047ed5ca4d90db-sheet1-R6,2026-04-27,daejeon-daedeok,문화관광체육과,한밭신화수산,생활체육활동진흥 시책추진업무추진비 지출품의(대덕구장애인체육회 간담회),450000,a5047ed5ca4d90db4d73cc7c8e20fbb6fe573daec44eb2754ef91c12aef90bb5,sheet1:R6,,,
a5047ed5ca4d90db-sheet1-R7,2026-04-29,daejeon-daedeok,문화관광체육과,스테이플랜트카페,생활체육활동진흥 시책추진업무추진비 지출품의(로하스타워1 및 대덕문화체육관 수탁기관 선정위원회),40500,a5047ed5ca4d90db4d73cc7c8e20fbb6fe573daec44eb2754ef91c12aef90bb5,sheet1:R7,,,
f512220fef039172-sheet1-R8,2026-01-16,daejeon-daedeok,,오가네대구왕뽈떼기,법1동통장협의회 간담회,290000,f512220fef039172cf136bf302d2d7b5c5a0991af293add4bd6cceca57102347,sheet1:R8,,,
f512220fef039172-sheet1-R9,2026-01-19,daejeon-daedeok,,신탄면옥,덕암동통장협의회 간담회,429000,f512220fef039172cf136bf302d2d7b5c5a0991af293add4bd6cceca57102347,sheet1:R9,,,
f512220fef039172-sheet1-R10,2026-01-21,daejeon-daedeok,,풍년식당,석봉동통장협의회 간담회,300000,f512220fef039172cf136bf302d2d7b5c5a0991af293add4bd6cceca57102347,sheet1:R10,,,
f512220fef039172-sheet1-R11,2026-01-22,daejeon-daedeok,,장미식당,대화동통장협의회 간담회,300000,f512220fef039172cf136bf302d2d7b5c5a0991af293add4bd6cceca57102347,sheet1:R11,,,
f512220fef039172-sheet1-R12,2026-01-23,daejeon-daedeok,,해물가,목상동통장협의회 간담회,300000,f512220fef039172cf136bf302d2d7b5c5a0991af293add4bd6cceca57102347,sheet1:R12,,,
f512220fef039172-sheet1-R13,2026-01-23,daejeon-daedeok,,파리바게트 한남대점,명예구청장협의회 다과회,200000,f512220fef039172cf136bf302d2d7b5c5a0991af293add4bd6cceca57102347,sheet1:R13,,,
f512220fef039172-sheet2-R8,2026-02-05,daejeon-daedeok,,모락,대덕구공동체지원센터 간담회,86400,f512220fef039172cf136bf302d2d7b5c5a0991af293add4bd6cceca57102347,sheet2:R8,,,
f512220fef039172-sheet2-R9,2026-02-10,daejeon-daedeok,,콩마니순두부,대덕구 고향사랑기부제서포터즈 간담회,258000,f512220fef039172cf136bf302d2d7b5c5a0991af293add4bd6cceca57102347,sheet2:R9,,,
f512220fef039172-sheet2-R10,2026-02-25,daejeon-daedeok,,주식회사 갓솥비바에이,대덕구단체장협의회 간담회,108000,f512220fef039172cf136bf302d2d7b5c5a0991af293add4bd6cceca57102347,sheet2:R10,,,
f512220fef039172-sheet2-R11,2026-02-26,daejeon-daedeok,,솔솔키친,자원봉사협의회 간담회,87000,f512220fef039172cf136bf302d2d7b5c5a0991af293add4bd6cceca57102347,sheet2:R11,,,
f512220fef039172-sheet3-R8,2026-03-10,daejeon-daedeok,,도쿄노쿄엔 외 1곳,대덕구 통장협의회 간담회,121600,f512220fef039172cf136bf302d2d7b5c5a0991af293add4bd6cceca57102347,sheet3:R8,,,
f512220fef039172-sheet3-R9,2026-03-16,daejeon-daedeok,,원조설악추어탕삼계탕 외 1곳,대덕구 주민자치회 간담회,121900,f512220fef039172cf136bf302d2d7b5c5a0991af293add4bd6cceca57102347,sheet3:R9,,,
f512220fef039172-sheet3-R10,2026-03-17,daejeon-daedeok,,에이디카페,대전대덕시민경찰연합대 사업추진간담회,48000,f512220fef039172cf136bf302d2d7b5c5a0991af293add4bd6cceca57102347,sheet3:R10,,,
f512220fef039172-sheet3-R11,2026-03-18,daejeon-daedeok,,풍천장어식당 외 1곳,대덕구단체장협의회 간담회,212800,f512220fef039172cf136bf302d2d7b5c5a0991af293add4bd6cceca57102347,sheet3:R11,,,
f512220fef039172-sheet3-R12,2026-03-27,daejeon-daedeok,,웁스,대덕구단체장협의회 임원진간담회,54200,f512220fef039172cf136bf302d2d7b5c5a0991af293add4bd6cceca57102347,sheet3:R12,,,
f512220fef039172-sheet3-R13,2026-03-30,daejeon-daedeok,,삼미손칼국수식당,대덕구새마을회 오찬간담회,56000,f512220fef039172cf136bf302d2d7b5c5a0991af293add4bd6cceca57102347,sheet3:R13,,,
343f2c0c8a95a323-sheet1-R3,2026-01-07,daejeon-daedeok,건설과,주거래처,건설행정 업무추진 사업관계자 간담회 만찬,67000,343f2c0c8a95a3234389aa9af22ba6b36791bba74b52ce9d06b6021df6411d7f,sheet1:R3,,,
343f2c0c8a95a323-sheet1-R4,2026-01-20,daejeon-daedeok,건설과,서울치킨,건설행정 업무추진 사업관계자 간담회 만찬,100000,343f2c0c8a95a3234389aa9af22ba6b36791bba74b52ce9d06b6021df6411d7f,sheet1:R4,,,
343f2c0c8a95a323-sheet1-R5,2026-03-03,daejeon-daedeok,건설과,더꼬들참숯구이,관내도로시설정비공사 사업추진 관계자 간담회,280000,343f2c0c8a95a3234389aa9af22ba6b36791bba74b52ce9d06b6021df6411d7f,sheet1:R5,,,
cf5264f1eeb293f6-sheet1-R8,2026-02-04,daejeon-daedeok,,꽁뚜,여성단체협의회 간담회,152000,cf5264f1eeb293f6f4c19b84a783ef7cc53e5f896bc79bd0c5add95ed73df23d,sheet1:R8,,,
cf5264f1eeb293f6-sheet1-R9,2026-02-09,daejeon-daedeok,,뚝배기에 담은 이탈리아,주민참여단 권역장 간담회,107000,cf5264f1eeb293f6f4c19b84a783ef7cc53e5f896bc79bd0c5add95ed73df23d,sheet1:R9,,,
cf5264f1eeb293f6-sheet1-R10,2026-02-12,daejeon-daedeok,,버거킹,아동참여위원회 간담회,97300,cf5264f1eeb293f6f4c19b84a783ef7cc53e5f896bc79bd0c5add95ed73df23d,sheet1:R10,,,
cf5264f1eeb293f6-sheet1-R11,2026-03-13,daejeon-daedeok,,꽁뚜,안전동행단 관련 간담회,55000,cf5264f1eeb293f6f4c19b84a783ef7cc53e5f896bc79bd0c5add95ed73df23d,sheet1:R11,,,
cf5264f1eeb293f6-sheet1-R12,2026-03-18,daejeon-daedeok,,꽁뚜,지역아동센터 관련 간담회,152000,cf5264f1eeb293f6f4c19b84a783ef7cc53e5f896bc79bd0c5add95ed73df23d,sheet1:R12,,,
cf5264f1eeb293f6-sheet1-R13,2026-03-19,daejeon-daedeok,,장미식당,주민참여단 권역장 간담회,53000,cf5264f1eeb293f6f4c19b84a783ef7cc53e5f896bc79bd0c5add95ed73df23d,sheet1:R13,,,
1301c5b3abecdb4b-sheet1-R5,2026-03-05,daejeon-daedeok,목상동,보성추어탕,지역사회보장협의체 간담회,222000,1301c5b3abecdb4b7582dbef590c81cbaff4bdba3714341edf710c36a2237deb,sheet1:R5,,,
1301c5b3abecdb4b-sheet1-R6,2026-03-12,daejeon-daedeok,목상동,속초메밀향막국수,구청 업무 관계자 간담회,60000,1301c5b3abecdb4b7582dbef590c81cbaff4bdba3714341edf710c36a2237deb,sheet1:R6,,,
1301c5b3abecdb4b-sheet1-R7,2026-03-19,daejeon-daedeok,목상동,왕이산흑염소목상동점,노인회 간담회,165000,1301c5b3abecdb4b7582dbef590c81cbaff4bdba3714341edf710c36a2237deb,sheet1:R7,,,
1301c5b3abecdb4b-sheet1-R8,2026-03-20,daejeon-daedeok,목상동,소나무집,구청 업무 관계자 간담회,45000,1301c5b3abecdb4b7582dbef590c81cbaff4bdba3714341edf710c36a2237deb,sheet1:R8,,,
1968559efa1e4c21-table1-R2,2026-03-30,daejeon-daedeok,,스시류 (대덕구 송촌북로12번길 11),조직문화 및 근무 환경 개선 방안 마련을 위한 관계자 간담회,106800,1968559efa1e4c21652974874ffbc5a74ffc32ed088145db1b85779f02a8eea5,table1:R2,,,
8fe9978276cc2c41-table1-R2,2026-03-13,daejeon-daedeok,,이산흑염소 (대덕구 한남로 136 1층),주요 일정 정리 및 기관협력을 위한 관계자 간담회,76000,8fe9978276cc2c411e021c523c11d7081a6a5b75c7d30bc9d71daaaf80c2fee7,table1:R2,,,
8fe9978276cc2c41-table1-R3,2026-03-25,daejeon-daedeok,,영동식당 (중구 계룡로874번길 27-9 1층),구정 주요시책 관련 기관협력 관계자 간담회,50000,8fe9978276cc2c411e021c523c11d7081a6a5b75c7d30bc9d71daaaf80c2fee7,table1:R3,,,
f16383b144e43e7f-sheet1-R3,2026-03-03,daejeon-daedeok,미디어홍보과,삼미손칼국수식당,지역 언론사 오찬 간담회,85000,f16383b144e43e7f58e82dc806d40793dbe77d223f7640fcdd24f6752b1df0ca,sheet1:R3,,,
f16383b144e43e7f-sheet1-R4,2026-03-03,daejeon-daedeok,미디어홍보과,달달콩,지역 언론사 오찬 간담회,20000,f16383b144e43e7f58e82dc806d40793dbe77d223f7640fcdd24f6752b1df0ca,sheet1:R4,,,
f16383b144e43e7f-sheet1-R5,2026-03-04,daejeon-daedeok,미디어홍보과,구들마루,지역 언론사 오찬 간담회,40000,f16383b144e43e7f58e82dc806d40793dbe77d223f7640fcdd24f6752b1df0ca,sheet1:R5,,,
f16383b144e43e7f-sheet1-R6,2026-03-09,daejeon-daedeok,미디어홍보과,구들마루,지역 언론사 오찬 간담회,68000,f16383b144e43e7f58e82dc806d40793dbe77d223f7640fcdd24f6752b1df0ca,sheet1:R6,,,
f16383b144e43e7f-sheet1-R7,2026-03-09,daejeon-daedeok,미디어홍보과,더라임,지역 언론사 오찬 간담회,12500,f16383b144e43e7f58e82dc806d40793dbe77d223f7640fcdd24f6752b1df0ca,sheet1:R7,,,
f16383b144e43e7f-sheet1-R8,2026-03-11,daejeon-daedeok,미디어홍보과,등촌샤브칼국수 용전점,유튜브 콘텐츠 제작을 위한 관계 업체 업무 연찬회,68000,f16383b144e43e7f58e82dc806d40793dbe77d223f7640fcdd24f6752b1df0ca,sheet1:R8,,,
f16383b144e43e7f-sheet1-R9,2026-03-12,daejeon-daedeok,미디어홍보과,생태와갈치,지역 언론사 오찬 간담회,80000,f16383b144e43e7f58e82dc806d40793dbe77d223f7640fcdd24f6752b1df0ca,sheet1:R9,,,
f16383b144e43e7f-sheet1-R10,2026-03-13,daejeon-daedeok,미디어홍보과,스테이 플랜트 카페,지역 언론사 오찬 간담회,11500,f16383b144e43e7f58e82dc806d40793dbe77d223f7640fcdd24f6752b1df0ca,sheet1:R10,,,
f16383b144e43e7f-sheet1-R11,2026-03-17,daejeon-daedeok,미디어홍보과,엄사골순대국밥&곱창전골,구정소식지 인터뷰 대상자 취재 간담회,42000,f16383b144e43e7f58e82dc806d40793dbe77d223f7640fcdd24f6752b1df0ca,sheet1:R11,,,
f16383b144e43e7f-sheet1-R12,2026-03-18,daejeon-daedeok,미디어홍보과,작은초밥집,대덕구 SNS 서포터즈 운영 관련 관계 업체 업무 연찬회,75000,f16383b144e43e7f58e82dc806d40793dbe77d223f7640fcdd24f6752b1df0ca,sheet1:R12,,,
f16383b144e43e7f-sheet1-R13,2026-03-18,daejeon-daedeok,미디어홍보과,전복오리누룽지백숙,지역 언론사 오찬 간담회,296000,f16383b144e43e7f58e82dc806d40793dbe77d223f7640fcdd24f6752b1df0ca,sheet1:R13,,,
f16383b144e43e7f-sheet1-R14,2026-03-19,daejeon-daedeok,미디어홍보과,남원추어탕,구정소식지 인터뷰 대상자 취재 간담회,35000,f16383b144e43e7f58e82dc806d40793dbe77d223f7640fcdd24f6752b1df0ca,sheet1:R14,,,
f16383b144e43e7f-sheet1-R15,2026-03-19,daejeon-daedeok,미디어홍보과,대선칼국수,홍보팀 직원 격려 오찬 간담회,72500,f16383b144e43e7f58e82dc806d40793dbe77d223f7640fcdd24f6752b1df0ca,sheet1:R15,,,
f16383b144e43e7f-sheet1-R16,2026-03-19,daejeon-daedeok,미디어홍보과,밥상마루,지역 언론사 오찬 간담회,206000,f16383b144e43e7f58e82dc806d40793dbe77d223f7640fcdd24f6752b1df0ca,sheet1:R16,,,
f16383b144e43e7f-sheet1-R17,2026-03-24,daejeon-daedeok,미디어홍보과,덕이네 식당,지역 언론사 오찬 간담회,21000,f16383b144e43e7f58e82dc806d40793dbe77d223f7640fcdd24f6752b1df0ca,sheet1:R17,,,
06b3af0c55253a18-sheet1-R3,2026-03-12,daejeon-daedeok,세정과,담라 둔산본점,市 기획조정실 세정담당관 담당자와 구 담당자간 간담회,175000,06b3af0c55253a18520d07ee12a8cfe6e056f8b9ab4ef2aebc0235418d4a406e,sheet1:R3,,,
23a81a601e017e4c-sheet1-R3,2026-03-06,daejeon-daedeok,기획실,"놀부네짐,커피랜드씨엘",구 현안사업의 원활한 추진을 위한 간담회,412600,23a81a601e017e4ca33157056ec7074e9c54ed1e85a6cb56589c3274640a3749,sheet1:R3,,,
23a81a601e017e4c-sheet1-R4,2026-03-09,daejeon-daedeok,기획실,만년미역,적극행정 추진 및 업무혁신 방안 모색을 위한 간담회,56000,23a81a601e017e4ca33157056ec7074e9c54ed1e85a6cb56589c3274640a3749,sheet1:R4,,,
23a81a601e017e4c-sheet1-R5,2026-03-18,daejeon-daedeok,기획실,강촌매운탕,구 중점사업 활성화를 위한 유관기관과의 간담회,93000,23a81a601e017e4ca33157056ec7074e9c54ed1e85a6cb56589c3274640a3749,sheet1:R5,,,
23a81a601e017e4c-sheet1-R6,2026-03-19,daejeon-daedeok,기획실,"우나기칸 대전관평점, 그린베이커리",지역사업구조 혁신 협력 회의,206900,23a81a601e017e4ca33157056ec7074e9c54ed1e85a6cb56589c3274640a3749,sheet1:R6,,,
23a81a601e017e4c-sheet1-R7,2026-03-20,daejeon-daedeok,기획실,"진저, 그린베이커리",한남대 갬퍼스혁신파크 활성화 방안 논의를 위한 관학 협력회의,106700,23a81a601e017e4ca33157056ec7074e9c54ed1e85a6cb56589c3274640a3749,sheet1:R7,,,
23a81a601e017e4c-sheet1-R8,2026-03-24,daejeon-daedeok,기획실,황해면옥식당,직원들 격려를 위한 간담회,178000,23a81a601e017e4ca33157056ec7074e9c54ed1e85a6cb56589c3274640a3749,sheet1:R8,,,
23a81a601e017e4c-sheet1-R9,2026-03-27,daejeon-daedeok,기획실,"자유초밥, 빅필드커피",2026년도 출연기관 경영실적 평가 추진을 위한 간담회,146500,23a81a601e017e4ca33157056ec7074e9c54ed1e85a6cb56589c3274640a3749,sheet1:R9,,,
260dc19ef7e6c47b-sheet1-R8,2026-01-21,daejeon-daedeok,,카페누룽지 및 포레,지역보건의료심의회 다과제공,226500,260dc19ef7e6c47b79d16a58c813c375c7d28d6704570085942bd7ccfe20323b,sheet1:R8,,,
260dc19ef7e6c47b-sheet1-R9,2026-02-24,daejeon-daedeok,,꽁뚜,경로당 어르신건강관리사업 간담회,210000,260dc19ef7e6c47b79d16a58c813c375c7d28d6704570085942bd7ccfe20323b,sheet1:R9,,,
260dc19ef7e6c47b-sheet1-R10,2026-03-09,daejeon-daedeok,,월산본가,구강보건사업 업무협약,105000,260dc19ef7e6c47b79d16a58c813c375c7d28d6704570085942bd7ccfe20323b,sheet1:R10,,,
4ab0b4657636769a-sheet1-R8,2026-02-06,daejeon-daedeok,,투고샐러드,2026년 국민기초생활보장사업 주요정책 안내를 위한 간담회,150000,4ab0b4657636769a4b6270f7050419d31e10bb0d856e6ff668d96a94b8bffded,sheet1:R8,,,
4ab0b4657636769a-sheet1-R9,2026-02-23,daejeon-daedeok,,솔밭집,푸드마켓 지원 관련 관계자 간담회,80000,4ab0b4657636769a4b6270f7050419d31e10bb0d856e6ff668d96a94b8bffded,sheet1:R9,,,
4ab0b4657636769a-sheet1-R10,2026-03-26,daejeon-daedeok,,미란칼국수,대덕구 이웃돕기 후원 관련 관계자 간담회,97000,4ab0b4657636769a4b6270f7050419d31e10bb0d856e6ff668d96a94b8bffded,sheet1:R10,,,
2e4557209d5893f3-sheet1-R4,2026-03-12,daejeon-daedeok,,어두리,평생학습교육 운영에 관한 실무협의,80000,2e4557209d5893f3cdf5a34ec959cf91e4f5220d9492056081444420ee812b59,sheet1:R4,,,
2e4557209d5893f3-sheet1-R5,2026-03-16,daejeon-daedeok,,생태와 갈치,청년창업 지원사업에 관한 실무협의,85000,2e4557209d5893f3cdf5a34ec959cf91e4f5220d9492056081444420ee812b59,sheet1:R5,,,
2e4557209d5893f3-sheet1-R6,2026-03-31,daejeon-daedeok,,또랑,대덕구청소년어울림센터 운영에 관한 실무협의,56000,2e4557209d5893f3cdf5a34ec959cf91e4f5220d9492056081444420ee812b59,sheet1:R6,,,
ff2d9db6e8f6b37b-sheet2-R4,2026-03-12,daejeon-daedeok,법1동,"한우식당, 가경커피",명예구청장 간담회,142500,ff2d9db6e8f6b37b22edc5e0dc0c89f39eb4d171170afe21a11f32870b29c2b1,sheet2:R4,,,
ff2d9db6e8f6b37b-sheet2-R5,2026-03-20,daejeon-daedeok,법1동,강촌매운탕,동 유관기관 대표 간담회,76000,ff2d9db6e8f6b37b22edc5e0dc0c89f39eb4d171170afe21a11f32870b29c2b1,sheet2:R5,,,
ff2d9db6e8f6b37b-sheet2-R6,2026-03-24,daejeon-daedeok,법1동,"오래드림, 파리바게뜨 대덕제일점",동 직원 격려,106400,ff2d9db6e8f6b37b22edc5e0dc0c89f39eb4d171170afe21a11f32870b29c2b1,sheet2:R6,,,
ff2d9db6e8f6b37b-sheet2-R7,2026-03-26,daejeon-daedeok,법1동,"승남이네만두샤브샤브, 빽다방 대전법동점",동 직원 간담회,94200,ff2d9db6e8f6b37b22edc5e0dc0c89f39eb4d171170afe21a11f32870b29c2b1,sheet2:R7,,,
ff2d9db6e8f6b37b-sheet2-R8,2026-03-27,daejeon-daedeok,법1동,좋은날 양푼이동태탕,통합돌봄사업 관계자 간담회,48000,ff2d9db6e8f6b37b22edc5e0dc0c89f39eb4d171170afe21a11f32870b29c2b1,sheet2:R8,,,
530266ef754d13fa-sheet1-R7,2026-03-06,daejeon-daedeok,,에이디(AD)카페 외1,대덕산업단지 관계자 간담회,51500,530266ef754d13fadbb78b8e452e326e64bd311c8ba40ac80e689aac88754d88,sheet1:R7,,,
530266ef754d13fa-sheet1-R8,2026-03-12,daejeon-daedeok,,경복궁&갓포제주,대덕뱅크(소상공인 대출지원사업) 유관기관 관계자 간담회,170000,530266ef754d13fadbb78b8e452e326e64bd311c8ba40ac80e689aac88754d88,sheet1:R8,,,
530266ef754d13fa-sheet1-R9,2026-03-13,daejeon-daedeok,,김이박부대지개,중동사태 관련 석유시설(주유소) 유관기관 관계자 간담회,40000,530266ef754d13fadbb78b8e452e326e64bd311c8ba40ac80e689aac88754d88,sheet1:R9,,,
530266ef754d13fa-sheet1-R10,2026-03-17,daejeon-daedeok,,생태와 갈치,도시가스 업무 추진을 위한 사업 관계자 간담회,102000,530266ef754d13fadbb78b8e452e326e64bd311c8ba40ac80e689aac88754d88,sheet1:R10,,,
46bc9b78d1d9bfdc-sheet3-R3,2026-03-06,daejeon-daedeok,,킴스돈까스외 1개소,지역경제활성화 도모 및 직원노로 격려를 위한 간담회 실시,113000,46bc9b78d1d9bfdcc08f5b06d36ff15b00445a1d388ff1813984cb6ee4f891de,sheet3:R3,363b64457a3774ec42159d0d0baabb8c9ffc5c3d78f5eb2c99eca3a2ec63b9d1:sheet3:R3 09c1c1774992bdee38330371b53f3cd49b336d1677046ab3c49105258f9c2371:sheet3:R3 9645610254be94b303def69c5f9f30e9a4b1d9fa9955102d759d52febdcfa255:sheet3:R3,,
46bc9b78d1d9bfdc-sheet3-R4,2026-03-06,daejeon-daedeok,,놀라운하루,중구청 감사실 방문 업무협조 및 노고 격려 간식(쿠키) 구입,48000,46bc9b78d1d9bfdcc08f5b06d36ff15b00445a1d388ff1813984cb6ee4f891de,sheet3:R4,363b64457a3774ec42159d0d0baabb8c9ffc5c3d78f5eb2c99eca3a2ec63b9d1:sheet3:R4 09c1c1774992bdee38330371b53f3cd49b336d1677046ab3c49105258f9c2371:sheet3:R4 9645610254be94b303def69c5f9f30e9a4b1d9fa9955102d759d52febdcfa255:sheet3:R4,,
46bc9b78d1d9bfdc-sheet3-R5,2026-03-24,daejeon-daedeok,,솔솔키친,특정감사 수행 직원 노고 격려를 위한 식사 제공,168000,46bc9b78d1d9bfdcc08f5b06d36ff15b00445a1d388ff1813984cb6ee4f891de,sheet3:R5,363b64457a3774ec42159d0d0baabb8c9ffc5c3d78f5eb2c99eca3a2ec63b9d1:sheet3:R5 09c1c1774992bdee38330371b53f3cd49b336d1677046ab3c49105258f9c2371:sheet3:R5 9645610254be94b303def69c5f9f30e9a4b1d9fa9955102d759d52febdcfa255:sheet3:R5,,
b9cf41cc333126ae-sheet1-R4,2026-03-09,daejeon-daedeok,석봉동,대로식당,새마을문고 간담회,53200,b9cf41cc333126aeac8abf6e117d7f2cead5102a438044b77c385ddaa2c650ef,sheet1:R4,,,
b9cf41cc333126ae-sheet1-R5,2026-03-27,daejeon-daedeok,석봉동,등촌샤브칼국수 신탄진점,주민자치회 간담회,85800,b9cf41cc333126aeac8abf6e117d7f2cead5102a438044b77c385ddaa2c650ef,sheet1:R5,,,
fefbfbcb29f331aa-sheet1-R3,2026-03-03,daejeon-daedeok,어르신장애인과,계족산풍천가,대덕구장애인종합복지관 사업관계자 회의 및 간담회,259650,fefbfbcb29f331aaa8a62618d3149b20bbc4f6f5133dc5fce5baf7f5c9c0fb3f,sheet1:R3,,,
fefbfbcb29f331aa-sheet1-R4,2026-03-04,daejeon-daedeok,어르신장애인과,마장동고기집,"(개소식, 민원처리 등) 어르신정책팀 직원 격려",200000,fefbfbcb29f331aaa8a62618d3149b20bbc4f6f5133dc5fce5baf7f5c9c0fb3f,sheet1:R4,,,
fefbfbcb29f331aa-sheet1-R5,2026-03-06,daejeon-daedeok,어르신장애인과,나들목식당,노인지회 사업 관계자 회의 및 간담회,60000,fefbfbcb29f331aaa8a62618d3149b20bbc4f6f5133dc5fce5baf7f5c9c0fb3f,sheet1:R5,,,
fefbfbcb29f331aa-sheet1-R6,2026-03-18,daejeon-daedeok,어르신장애인과,옥천해장국식당,어르신정책팀 직원 격려 오찬,30000,fefbfbcb29f331aaa8a62618d3149b20bbc4f6f5133dc5fce5baf7f5c9c0fb3f,sheet1:R6,,,
fefbfbcb29f331aa-sheet1-R7,2026-03-19,daejeon-daedeok,어르신장애인과,오마카세키친,어르신복지팀 직원 격려,182000,fefbfbcb29f331aaa8a62618d3149b20bbc4f6f5133dc5fce5baf7f5c9c0fb3f,sheet1:R7,,,
fefbfbcb29f331aa-sheet1-R8,2026-03-24,daejeon-daedeok,어르신장애인과,행복한집,장애인복지팀 직원 격려,86000,fefbfbcb29f331aaa8a62618d3149b20bbc4f6f5133dc5fce5baf7f5c9c0fb3f,sheet1:R8,,,
fefbfbcb29f331aa-sheet1-R9,2026-03-25,daejeon-daedeok,어르신장애인과,오부자강릉집,노인대학 개강식 관련 사업 관계자 회의 및 간담회,48000,fefbfbcb29f331aaa8a62618d3149b20bbc4f6f5133dc5fce5baf7f5c9c0fb3f,sheet1:R9,,,
a83611bb9d90e821-sheet1-R6,2026-03-20,daejeon-daedeok,,황제명태본가,통장임명심의위원회,61000,a83611bb9d90e8211c1978bb0814d014095e880e17178d47e1d33410fe6422ec,sheet1:R6,,,
a83611bb9d90e821-sheet1-R7,2026-03-23,daejeon-daedeok,,은미네식당,통장협의회 임원진,150000,a83611bb9d90e8211c1978bb0814d014095e880e17178d47e1d33410fe6422ec,sheet1:R7,,,
fcb65f80b857e2ae-sheet1-R4,2026-03-30,daejeon-daedeok,신탄진동,금강옥,통장임명심의위원회 간담회,65000,fcb65f80b857e2ae97de154749e60930d736758075c74fde7ef36dc9ba438ef9,sheet1:R4,,,
0231a7e448803e61-sheet1-R4,2026-03-11,daejeon-daedeok,비래동,두부명가식당,주민자치회 간담회,21000,0231a7e448803e61a195ee6149c71594c5dfa3015806d139bbd025e70720f49b,sheet1:R4,,,
0231a7e448803e61-sheet1-R5,2026-03-19,daejeon-daedeok,비래동,춘천고려닭갈비,체육회 간담회,63000,0231a7e448803e61a195ee6149c71594c5dfa3015806d139bbd025e70720f49b,sheet1:R5,,,
0231a7e448803e61-sheet1-R6,2026-03-20,daejeon-daedeok,비래동,다정백반,직원격려,30000,0231a7e448803e61a195ee6149c71594c5dfa3015806d139bbd025e70720f49b,sheet1:R6,,,
0231a7e448803e61-sheet1-R7,2026-03-23,daejeon-daedeok,비래동,비래스토아,내방객 음료,198000,0231a7e448803e61a195ee6149c71594c5dfa3015806d139bbd025e70720f49b,sheet1:R7,,,
0231a7e448803e61-sheet1-R8,2026-03-24,daejeon-daedeok,비래동,우장창식당,경로당 비래동 분회,282000,0231a7e448803e61a195ee6149c71594c5dfa3015806d139bbd025e70720f49b,sheet1:R8,,,
e5b53ea9878142c3-sheet1-R3,2026-03-03,daejeon-daedeok,문화관광체육과,김연수소국밥막국수,문화예술진흥 시책추진업무추진비 지출품의(회덕향교 업무추진),30000,e5b53ea9878142c3507e3acc6b995845a8778d5b6328ab86536fe78085387f17,sheet1:R3,,,
e5b53ea9878142c3-sheet1-R4,2026-03-09,daejeon-daedeok,문화관광체육과,구들마루,문화예술진흥 시책추진업무추진비 지출품의(대덕문화원 업무협의),94000,e5b53ea9878142c3507e3acc6b995845a8778d5b6328ab86536fe78085387f17,sheet1:R4,,,
e5b53ea9878142c3-sheet1-R5,2026-03-11,daejeon-daedeok,문화관광체육과,"사랑채식당, 스테이플랜트카페",문화예술진흥 시책추진업무추진비 지출품의(축제추진위원회),292500,e5b53ea9878142c3507e3acc6b995845a8778d5b6328ab86536fe78085387f17,sheet1:R5,,,
e5b53ea9878142c3-sheet1-R6,2026-03-16,daejeon-daedeok,문화관광체육과,"월산본가, 투썸플레이스 대전송촌점",문화예술진흥 시책추진업무추진비 지출품의(대덕구여성합창단 운영 협의),155400,e5b53ea9878142c3507e3acc6b995845a8778d5b6328ab86536fe78085387f17,sheet1:R6,,,
e5b53ea9878142c3-sheet1-R7,2026-03-16,daejeon-daedeok,문화관광체육과,"항아리보쌈 석봉지점, 빽다방 대전새여울초점",생활체육활동진흥 시책추진업무추진비 지출품의(직장운동경기부 오찬 간담회),277400,e5b53ea9878142c3507e3acc6b995845a8778d5b6328ab86536fe78085387f17,sheet1:R7,,,
1a3817bab0729f53-sheet1-R8,2026-02-19,daejeon-daedeok,,오구쌀피자,시설관리사업소 직원 격려,151400,1a3817bab0729f535e5797426193ac87a59410544410e3e4dd4aa5c1ce7ca0f4,sheet1:R8,,,
3afe43ede03abae4-sheet1-R8,2026-01-07,daejeon-daedeok,,소나무집,시설관리사업소 직원 격려,210000,3afe43ede03abae4b8bf5adfed7d183ce800d99262cfb2f089c1082acfba75c1,sheet1:R8,,,
3afe43ede03abae4-sheet1-R9,2026-01-08,daejeon-daedeok,,샤브연리지,입주기관 관계자 간담회,68000,3afe43ede03abae4b8bf5adfed7d183ce800d99262cfb2f089c1082acfba75c1,sheet1:R9,,,
3afe43ede03abae4-sheet1-R10,2026-01-29,daejeon-daedeok,,쿵푸차이,시설관리사업소 직원 격려,76000,3afe43ede03abae4b8bf5adfed7d183ce800d99262cfb2f089c1082acfba75c1,sheet1:R10,,,
aab0038797d37c87-sheet1-R6,2026-02-06,daejeon-daedeok,법2동,수원숯불갈비,주민자치회 위원 간담회,171000,aab0038797d37c870f7dcec087d108ce84fb6a672437950bc79c84d55c1b9874,sheet1:R6,,,
aab0038797d37c87-sheet1-R7,2026-02-20,daejeon-daedeok,법2동,전복오리누룽지백숙,바르게살기위원회 회원 간담회,300000,aab0038797d37c870f7dcec087d108ce84fb6a672437950bc79c84d55c1b9874,sheet1:R7,,,
aab0038797d37c87-sheet1-R8,2026-02-23,daejeon-daedeok,법2동,남원추어탕,선거관리위원회 위원 간담회,111000,aab0038797d37c870f7dcec087d108ce84fb6a672437950bc79c84d55c1b9874,sheet1:R8,,,
aab0038797d37c87-sheet1-R9,2026-02-25,daejeon-daedeok,법2동,샘물식당,노인분회 회원 간담회,57000,aab0038797d37c870f7dcec087d108ce84fb6a672437950bc79c84d55c1b9874,sheet1:R9,,,
22d4a3acc91e89c0-sheet1-R3,2026-02-26,daejeon-daedeok,토지정보과,생태와 갈치,개별공시지가조사사업 업무추진 격려,136000,22d4a3acc91e89c0e9f74d66c721028836fc94d58586d6e0c93e250ed64ec87f,sheet1:R3,,,
6343947c3252a803-sheet1-R5,2026-02-05,daejeon-daedeok,덕암동,신탄면옥,환경관리요원 간담회,66000,6343947c3252a8030bac05569f2185f1ef0a7e5981ce10f8ad085bb3f3e13163,sheet1:R5,,,
6343947c3252a803-sheet1-R6,2026-02-23,daejeon-daedeok,덕암동,큰손정육식당,선거관리위원회 간담회,96000,6343947c3252a8030bac05569f2185f1ef0a7e5981ce10f8ad085bb3f3e13163,sheet1:R6,,,
6343947c3252a803-sheet1-R7,2026-02-26,daejeon-daedeok,덕암동,큰손쌈밥식당,경로당 덕암동분회 간담회,210000,6343947c3252a8030bac05569f2185f1ef0a7e5981ce10f8ad085bb3f3e13163,sheet1:R7,,,
3e7b0dcf7fd785ca-sheet1-R8,2026-02-13,daejeon-daedeok,,좋은날양푼이동태탕,통합돌봄사업의 애로사항 청취 및 신규사업 논의를 위한 통합돌봄서비스 제공기관 대상 간담회,59000,3e7b0dcf7fd785cab86e417db3a2eb30fcae2d12a6f580b595cb757c3d241267,sheet1:R8,,,
3e7b0dcf7fd785ca-sheet1-R9,2026-02-20,daejeon-daedeok,,느루담,통합돌봄사업 전국화에 따른 통합지원협의회의 역할 논의를 위한 지역사회통합지원협의회 회의,67200,3e7b0dcf7fd785cab86e417db3a2eb30fcae2d12a6f580b595cb757c3d241267,sheet1:R9,,,
3e7b0dcf7fd785ca-sheet1-R10,2026-02-25,daejeon-daedeok,,오색추어탕,지역사회보장 연차별 시행계획 결과 모니터링과 관련 지사협 실무협의체 위원과 오찬간담회,63000,3e7b0dcf7fd785cab86e417db3a2eb30fcae2d12a6f580b595cb757c3d241267,sheet1:R10,,,
f6f060949f20fe17-sheet1-R8,2026-01-07,daejeon-daedeok,,"꽁뚜, 엔티비알(카페)",인사이동으로 변동된 직원들을 환영하고 애로사항 청취 및 향후 사업추진 논의를 위한 간담회,87500,f6f060949f20fe17ecd19f1309f579f71bd63b154e195c4a48d4c7d9418f9c0d,sheet1:R8,,,
f6f060949f20fe17-sheet1-R9,2026-01-16,daejeon-daedeok,,신탄면옥,대덕구재향군인회 사업추진 관련 업무 협의를 위한 오찬간담회,133000,f6f060949f20fe17ecd19f1309f579f71bd63b154e195c4a48d4c7d9418f9c0d,sheet1:R9,,,
f6f060949f20fe17-sheet1-R10,2026-01-20,daejeon-daedeok,,전복오리백숙,의료요양 통합돌봄 사업 추진에 따른 서비스 연계방안 논의를 위한 건강보험공단과의 간담회,60000,f6f060949f20fe17ecd19f1309f579f71bd63b154e195c4a48d4c7d9418f9c0d,sheet1:R10,,,
f6f060949f20fe17-sheet1-R11,2026-01-21,daejeon-daedeok,,꽁뚜,의료요양 통합돌봄 사업 추진에 따른 추후 진행방안 논의를 위한 방문의료지원센터와의 간담회,160000,f6f060949f20fe17ecd19f1309f579f71bd63b154e195c4a48d4c7d9418f9c0d,sheet1:R11,,,
f6f060949f20fe17-sheet1-R12,2026-01-28,daejeon-daedeok,,별채,지역사회보장 연차별 시행계획 관련 모니터링 논의를 위한 지사협 대표협의체 관계자 간담회,128000,f6f060949f20fe17ecd19f1309f579f71bd63b154e195c4a48d4c7d9418f9c0d,sheet1:R12,,,
f6f060949f20fe17-sheet1-R13,2026-01-29,daejeon-daedeok,,전복오리백숙,2025년 민관협력 돌봄체계 활성화 지원사업 종료에 따른 현장의견 청취를 위한 복지관장님들과의 간담회,50000,f6f060949f20fe17ecd19f1309f579f71bd63b154e195c4a48d4c7d9418f9c0d,sheet1:R13,,,
8be2f10eb34dec32-table1-R2,2026-02-11,daejeon-daedeok,,군자대한곱창 (중구 계룡로874번길 14),도시재생 사업 추진 관련 관계자 간담회,87500,8be2f10eb34dec32bde9f8bf6148fa1b247f08ded409e7058a5d5a480b6ad791,table1:R2,,,
6a2ab3889729c33e-sheet1-R3,2026-02-02,daejeon-daedeok,어르신장애인과,"한밭삼계탕, 포레",노인종합복지관 사업관계자 회의 및 간담회,97300,6a2ab3889729c33e2bc8056a3190dc64f5c1d0a1ab1b903e16b2aadefe6b0d57,sheet1:R3,,,
6a2ab3889729c33e-sheet1-R4,2026-02-06,daejeon-daedeok,어르신장애인과,김관식 추어명장,경로당활성화사업 관계자 회의 및 간담회,68000,6a2ab3889729c33e2bc8056a3190dc64f5c1d0a1ab1b903e16b2aadefe6b0d57,sheet1:R4,,,
6a2ab3889729c33e-sheet1-R5,2026-02-11,daejeon-daedeok,어르신장애인과,대박갈비탕,인사발령에 따른 어르신장애인과 직원 격려,282000,6a2ab3889729c33e2bc8056a3190dc64f5c1d0a1ab1b903e16b2aadefe6b0d57,sheet1:R5,,,
6a2ab3889729c33e-sheet1-R6,2026-02-23,daejeon-daedeok,어르신장애인과,생태와갈치,장기요양기관 사업 관계자 회의 및 간담회,102000,6a2ab3889729c33e2bc8056a3190dc64f5c1d0a1ab1b903e16b2aadefe6b0d57,sheet1:R6,,,
6a2ab3889729c33e-sheet1-R7,2026-02-24,daejeon-daedeok,어르신장애인과,덕이네식당,당면업무 추진에 따른 어르신정책팀 직원 격려,50000,6a2ab3889729c33e2bc8056a3190dc64f5c1d0a1ab1b903e16b2aadefe6b0d57,sheet1:R7,,,
6a2ab3889729c33e-sheet1-R8,2026-02-27,daejeon-daedeok,어르신장애인과,착한낙지용전점,노인일자리 사업 관련 관계자 회의 및 간담회,69000,6a2ab3889729c33e2bc8056a3190dc64f5c1d0a1ab1b903e16b2aadefe6b0d57,sheet1:R8,,,
ae9d0f2ec4ff34e2-sheet1-R5,2026-02-12,daejeon-daedeok,,구들마루 오정점,청소사업 관계자 간담회,255000,ae9d0f2ec4ff34e219e20011859b6eb4bc5cf14884f93ecff7f887672b0778fd,sheet1:R5,,,
8233d866b11aa6ad-sheet1-R4,2026-02-04,daejeon-daedeok,,오똑행,청년내일가게 조성사업 관련 실무 협의,48000,8233d866b11aa6adb6e0d29e3bed72cbec5da3e87c41aca2c223762b958a98dc,sheet1:R4,,,
8233d866b11aa6ad-sheet1-R5,2026-02-06,daejeon-daedeok,,한밭삼계탕,청소년어울림센터 운영에 관한 실무 협의,78000,8233d866b11aa6adb6e0d29e3bed72cbec5da3e87c41aca2c223762b958a98dc,sheet1:R5,,,
c26192d8262aaced-sheet1-R3,2026-02-03,daejeon-daedeok,미디어홍보과,모미지 대전시청점,지역 언론사 만찬 간담회,487350,c26192d8262aacedeeec55758bd416bcb4461bf15782ee339e9667d9d2a2f65f,sheet1:R3,,,
c26192d8262aaced-sheet1-R4,2026-02-05,daejeon-daedeok,미디어홍보과,곰수산 종합도매,지역 언론사 만찬 간담회,185000,c26192d8262aacedeeec55758bd416bcb4461bf15782ee339e9667d9d2a2f65f,sheet1:R4,,,
c26192d8262aaced-sheet1-R5,2026-02-06,daejeon-daedeok,미디어홍보과,바로잡아 풍천장어,지역 언론사 만찬 간담회,341000,c26192d8262aacedeeec55758bd416bcb4461bf15782ee339e9667d9d2a2f65f,sheet1:R5,,,
c26192d8262aaced-sheet1-R6,2026-02-06,daejeon-daedeok,미디어홍보과,생어거스틴,지역 언론사 오찬 간담회,493000,c26192d8262aacedeeec55758bd416bcb4461bf15782ee339e9667d9d2a2f65f,sheet1:R6,,,
c26192d8262aaced-sheet1-R7,2026-02-09,daejeon-daedeok,미디어홍보과,주식회사 캘리포니아베이커리카페,지역 언론사 오찬 간담회,19000,c26192d8262aacedeeec55758bd416bcb4461bf15782ee339e9667d9d2a2f65f,sheet1:R7,,,
c26192d8262aaced-sheet1-R8,2026-02-09,daejeon-daedeok,미디어홍보과,옥된장(대전시청점),지역 언론사 오찬 간담회,75000,c26192d8262aacedeeec55758bd416bcb4461bf15782ee339e9667d9d2a2f65f,sheet1:R8,,,
c26192d8262aaced-sheet1-R9,2026-02-12,daejeon-daedeok,미디어홍보과,마마디저트카페24&쿠킹스튜디오,부서 화합을 위한 소통 간담회,41500,c26192d8262aacedeeec55758bd416bcb4461bf15782ee339e9667d9d2a2f65f,sheet1:R9,,,
c26192d8262aaced-sheet1-R10,2026-02-12,daejeon-daedeok,미디어홍보과,달빛에구운고등어 중촌점,부서 화합을 위한 소통 간담회,146500,c26192d8262aacedeeec55758bd416bcb4461bf15782ee339e9667d9d2a2f65f,sheet1:R10,,,
c26192d8262aaced-sheet1-R11,2026-02-23,daejeon-daedeok,미디어홍보과,이가촌부뚜막,구정소식지 인터뷰 대상자 취재 및 간담회,24000,c26192d8262aacedeeec55758bd416bcb4461bf15782ee339e9667d9d2a2f65f,sheet1:R11,,,
c26192d8262aaced-sheet1-R12,2026-02-23,daejeon-daedeok,미디어홍보과,가베카페본점,구정소식지 인터뷰 대상자 취재 및 간담회,17000,c26192d8262aacedeeec55758bd416bcb4461bf15782ee339e9667d9d2a2f65f,sheet1:R12,,,
c26192d8262aaced-sheet1-R13,2026-02-24,daejeon-daedeok,미디어홍보과,(주)명장복집,지역 언론사 오찬 간담회,321000,c26192d8262aacedeeec55758bd416bcb4461bf15782ee339e9667d9d2a2f65f,sheet1:R13,,,
c26192d8262aaced-sheet1-R14,2026-02-26,daejeon-daedeok,미디어홍보과,투썸플레이스대전만년점,지역 언론사 오찬 간담회,27700,c26192d8262aacedeeec55758bd416bcb4461bf15782ee339e9667d9d2a2f65f,sheet1:R14,,,
c26192d8262aaced-sheet1-R15,2026-02-26,daejeon-daedeok,미디어홍보과,(주)명장복집,지역 언론사 오찬 간담회,116000,c26192d8262aacedeeec55758bd416bcb4461bf15782ee339e9667d9d2a2f65f,sheet1:R15,,,
c26192d8262aaced-sheet1-R16,2026-02-27,daejeon-daedeok,미디어홍보과,카페그란데,지역 언론사 오찬 간담회,19700,c26192d8262aacedeeec55758bd416bcb4461bf15782ee339e9667d9d2a2f65f,sheet1:R16,,,
c7e83f5ef64b1e11-sheet2-R4,2026-02-12,daejeon-daedeok,법1동,"중리공주칼국수, 배스킨라빈스 대전중리점",직원 격려,97000,c7e83f5ef64b1e118e0fb3413fdd2e20c885881b700f7e891e43838e96de7633,sheet2:R4,,,
c7e83f5ef64b1e11-sheet2-R5,2026-02-20,daejeon-daedeok,법1동,"강촌매운탕, 카페 오르(café Or)",직원 격려,60700,c7e83f5ef64b1e118e0fb3413fdd2e20c885881b700f7e891e43838e96de7633,sheet2:R5,,,
c7e83f5ef64b1e11-sheet2-R6,2026-02-24,daejeon-daedeok,법1동,빽다방 대전법동점,직원 격려,64100,c7e83f5ef64b1e118e0fb3413fdd2e20c885881b700f7e891e43838e96de7633,sheet2:R6,,,
c7e83f5ef64b1e11-sheet2-R7,2026-02-25,daejeon-daedeok,법1동,좋은날 양푼이동태탕,대덕구청 직원 간담회,36000,c7e83f5ef64b1e118e0fb3413fdd2e20c885881b700f7e891e43838e96de7633,sheet2:R7,,,
c7e83f5ef64b1e11-sheet2-R8,2026-02-26,daejeon-daedeok,법1동,빽다방 대전법동점,법1동지역사회보장협의체 간담회,60100,c7e83f5ef64b1e118e0fb3413fdd2e20c885881b700f7e891e43838e96de7633,sheet2:R8,,,
6173b347e1bc1631-sheet1-R3,2026-02-04,daejeon-daedeok,기획실,라무다찌,대외기관 공모평가 사업 전략 수립을 위한 간담회,237800,6173b347e1bc1631b1e5410a71fcfc36233e28aec54cd2d440bcbfd8190a65cf,sheet1:R3,,,
6173b347e1bc1631-sheet1-R4,2026-02-04,daejeon-daedeok,기획실,삼미손칼국수식당 외 1개소,구 중점사업의 원활한 추진을 위한 간담회,167600,6173b347e1bc1631b1e5410a71fcfc36233e28aec54cd2d440bcbfd8190a65cf,sheet1:R4,,,
6173b347e1bc1631-sheet1-R5,2026-02-05,daejeon-daedeok,기획실,비래키키,공공데이터 활용 및 데이터 분석과제 등 활성화 방안 논의 위한 간담회,130500,6173b347e1bc1631b1e5410a71fcfc36233e28aec54cd2d440bcbfd8190a65cf,sheet1:R5,,,
6173b347e1bc1631-sheet1-R6,2026-02-05,daejeon-daedeok,기획실,헤이팅스 외 1개소,국가정책 사업 추진 관련 기준인력 확보 위한 간담회,128000,6173b347e1bc1631b1e5410a71fcfc36233e28aec54cd2d440bcbfd8190a65cf,sheet1:R6,,,
6173b347e1bc1631-sheet1-R7,2026-02-09,daejeon-daedeok,기획실,명품진한우,민간위탁 지침 수립을 위한 타구 업무 담당자들과의 회의,128000,6173b347e1bc1631b1e5410a71fcfc36233e28aec54cd2d440bcbfd8190a65cf,sheet1:R7,,,
6173b347e1bc1631-sheet1-R8,2026-02-11,daejeon-daedeok,기획실,초미당 세번째,월활한 법제업무 추진을 위한 법무행정 전문가들과의 간담회,120000,6173b347e1bc1631b1e5410a71fcfc36233e28aec54cd2d440bcbfd8190a65cf,sheet1:R8,,,
6173b347e1bc1631-sheet1-R9,2026-02-13,daejeon-daedeok,기획실,산들버섯국밥묵밥들 외 1개소,구 중점사업 활성화를 위한 간담회,76500,6173b347e1bc1631b1e5410a71fcfc36233e28aec54cd2d440bcbfd8190a65cf,sheet1:R9,,,
6173b347e1bc1631-sheet1-R10,2026-02-26,daejeon-daedeok,,신도칼국수 외 1개소,구 공약사업의 원활한 추진을 위한 간담회,61800,6173b347e1bc1631b1e5410a71fcfc36233e28aec54cd2d440bcbfd8190a65cf,sheet1:R10,,,
6173b347e1bc1631-sheet1-R11,2026-02-27,daejeon-daedeok,,예지원,시책 및 중점사업의 원활한 추진을 위한 간담회,120000,6173b347e1bc1631b1e5410a71fcfc36233e28aec54cd2d440bcbfd8190a65cf,sheet1:R11,,,
d09596c41fe4e6c7-sheet1-R5,2026-02-05,daejeon-daedeok,목상동,청원골묵은지김치찌개식당,탄소중립실천연대 월례회의,174000,d09596c41fe4e6c754ab6dfd1adeffc7ce862d26756a8e74a4b3164374661f9e,sheet1:R5,,,
d09596c41fe4e6c7-sheet1-R6,2026-02-06,daejeon-daedeok,목상동,백년짬뽕,통장협의회 간담회,50000,d09596c41fe4e6c754ab6dfd1adeffc7ce862d26756a8e74a4b3164374661f9e,sheet1:R6,,,
d09596c41fe4e6c7-sheet1-R7,2026-02-10,daejeon-daedeok,목상동,11번가,직원격려,269500,d09596c41fe4e6c754ab6dfd1adeffc7ce862d26756a8e74a4b3164374661f9e,sheet1:R7,,,
d09596c41fe4e6c7-sheet1-R8,2026-02-12,daejeon-daedeok,목상동,소나무집,구청 업무 관계자 간담회,60000,d09596c41fe4e6c754ab6dfd1adeffc7ce862d26756a8e74a4b3164374661f9e,sheet1:R8,,,
d09596c41fe4e6c7-sheet1-R9,2026-02-23,daejeon-daedeok,목상동,소나무집,신탄권역 동장 간담회,60000,d09596c41fe4e6c754ab6dfd1adeffc7ce862d26756a8e74a4b3164374661f9e,sheet1:R9,,,
6917f0bf1652c087-sheet1-R3,2026-02-20,daejeon-daedeok,공감민원과,황혜면옥,민원행정 자원봉사자 격려,280000,6917f0bf1652c08704dbab59c3c417a0fca4839df94f60ff0936074e1c30de00,sheet1:R3,,,
0cac23d2b076d2c9-sheet1-R4,2026-02-11,daejeon-daedeok,석봉동,청보리골,복지만두레 간담회,60000,0cac23d2b076d2c910f7c9d1ca110aaa7bb855baf2f8c79ae9591a7f49a0c1f5,sheet1:R4,,,
0cac23d2b076d2c9-sheet1-R5,2026-02-25,daejeon-daedeok,석봉동,탱탱낙지랑돈까스,통장협의회 간담회,147000,0cac23d2b076d2c910f7c9d1ca110aaa7bb855baf2f8c79ae9591a7f49a0c1f5,sheet1:R5,,,
0cac23d2b076d2c9-sheet1-R6,2026-02-27,daejeon-daedeok,석봉동,소담,복지만두레 간담회,33300,0cac23d2b076d2c910f7c9d1ca110aaa7bb855baf2f8c79ae9591a7f49a0c1f5,sheet1:R6,,,
6b0f4b3345c64b2e-sheet1-R8,2026-02-05,daejeon-daedeok,,사랑채식당 (대덕구 오정동),대덕구 지역자율방재단 노고격려 및 업무협의 관련,169000,6b0f4b3345c64b2e5cce0de900377a18c55a8d657ebe803a7e9a9face8b7ab05,sheet1:R8,,,
8b758e2c80b4a671-sheet2-R3,2026-02-27,daejeon-daedeok,,샐러리아,직원격려,72800,8b758e2c80b4a671e5f3982ab00a2afcb6529c0d715789b87ff073d63df8ce11,sheet2:R3,46bc9b78d1d9bfdcc08f5b06d36ff15b00445a1d388ff1813984cb6ee4f891de:sheet2:R3 363b64457a3774ec42159d0d0baabb8c9ffc5c3d78f5eb2c99eca3a2ec63b9d1:sheet2:R3 09c1c1774992bdee38330371b53f3cd49b336d1677046ab3c49105258f9c2371:sheet2:R3 9645610254be94b303def69c5f9f30e9a4b1d9fa9955102d759d52febdcfa255:sheet2:R3,,
e837db8565a3f3ec-sheet1-R3,2026-02-06,daejeon-daedeok,문화관광체육과,수월풍천장어,생활체육활동진흥 시책추진업무추진비 지출품의(대덕구장애인체육회 업무 협의),377550,e837db8565a3f3eced58ac02eb04ee22ec3743f605573f1d79730e782a5f3108,sheet1:R3,,,
e837db8565a3f3ec-sheet1-R4,2026-02-09,daejeon-daedeok,문화관광체육과,교동면옥,문화예술진흥 시책추진업무추진비 지출품의(신탄진쥐불놀이축제 관련 간담회),118000,e837db8565a3f3eced58ac02eb04ee22ec3743f605573f1d79730e782a5f3108,sheet1:R4,,,
e837db8565a3f3ec-sheet1-R5,2026-02-11,daejeon-daedeok,문화관광체육과,"황해면옥, 스테이플랜트카페",문화예술진흥 시책추진업무추진비 지출품의(2026 대덕물빛축제 협의),390000,e837db8565a3f3eced58ac02eb04ee22ec3743f605573f1d79730e782a5f3108,sheet1:R5,,,
e837db8565a3f3ec-sheet1-R6,2026-02-27,daejeon-daedeok,문화관광체육과,경동오징어칼국수,문화예술진흥 시책추진업무추진비 지출품의(2026 대덕물빛축제 협의),74000,e837db8565a3f3eced58ac02eb04ee22ec3743f605573f1d79730e782a5f3108,sheet1:R6,,,
e837db8565a3f3ec-sheet1-R7,2026-02-28,daejeon-daedeok,문화관광체육과,"스타벅스 코리아, 대청골순대국밥",문화예술진흥 시책추진업무추진비 지출품의(신탄진쥐불놀이축제 관련 간담회),77100,e837db8565a3f3eced58ac02eb04ee22ec3743f605573f1d79730e782a5f3108,sheet1:R7,,,
028971db8dcbb528-sheet1-R7,2026-02-13,daejeon-daedeok,,순대하늘주방 외1,기업 및 소상공인 지원 사업 추진을 위한 관계자 간담회,72500,028971db8dcbb528185b434679ce80e5aaf7d1c7ea665d911552056256a716b7,sheet1:R7,,,
028971db8dcbb528-sheet1-R8,2026-02-25,daejeon-daedeok,,콩마을식당 외1,노동자권리보호증진센터 사업 관계자 간담회,80500,028971db8dcbb528185b434679ce80e5aaf7d1c7ea665d911552056256a716b7,sheet1:R8,,,
d38701b211f5029b-table1-R2,2026-02-02,daejeon-daedeok,대화동,승남이네김밥&칼국수,직원 오찬 간담회,66000,d38701b211f5029b28ed12d7ef4512da744c67795c01b726ad6c28a1b2cd781d,table1:R2,407ac2dfe8b43d13382cf872394bb148ae1399c83afde4c487f3b6ae881b0af8:sheet2:R3 328da04c8a4b04f7432482fb5fa661dfa2bba0599d0d9b7d58e6329ddaa075e3:sheet2:R3,,
d38701b211f5029b-table1-R3,2026-02-10,daejeon-daedeok,대화동,장미식당,통장협의회 오찬 간담회,264000,d38701b211f5029b28ed12d7ef4512da744c67795c01b726ad6c28a1b2cd781d,table1:R3,407ac2dfe8b43d13382cf872394bb148ae1399c83afde4c487f3b6ae881b0af8:sheet2:R4 328da04c8a4b04f7432482fb5fa661dfa2bba0599d0d9b7d58e6329ddaa075e3:sheet2:R4,,
d38701b211f5029b-table1-R4,2026-02-12,daejeon-daedeok,대화동,굴세상식당,관내 기관장 오찬 간담회,33000,d38701b211f5029b28ed12d7ef4512da744c67795c01b726ad6c28a1b2cd781d,table1:R4,407ac2dfe8b43d13382cf872394bb148ae1399c83afde4c487f3b6ae881b0af8:sheet2:R5 328da04c8a4b04f7432482fb5fa661dfa2bba0599d0d9b7d58e6329ddaa075e3:sheet2:R5,,
d38701b211f5029b-table1-R5,2026-02-12,daejeon-daedeok,대화동,카페누엘,내방객 음료(커피 원두),30000,d38701b211f5029b28ed12d7ef4512da744c67795c01b726ad6c28a1b2cd781d,table1:R5,407ac2dfe8b43d13382cf872394bb148ae1399c83afde4c487f3b6ae881b0af8:sheet2:R6 328da04c8a4b04f7432482fb5fa661dfa2bba0599d0d9b7d58e6329ddaa075e3:sheet2:R6,,
d38701b211f5029b-table1-R6,2026-02-26,daejeon-daedeok,대화동,성심당,내방객 다과,45600,d38701b211f5029b28ed12d7ef4512da744c67795c01b726ad6c28a1b2cd781d,table1:R6,407ac2dfe8b43d13382cf872394bb148ae1399c83afde4c487f3b6ae881b0af8:sheet2:R7 328da04c8a4b04f7432482fb5fa661dfa2bba0599d0d9b7d58e6329ddaa075e3:sheet2:R7,,
5ea63e9dd30cc5b4-table1-R2,2026-01-02,daejeon-daedeok,대화동,굴세상식당,업무 관계자 오찬 간담회,73000,5ea63e9dd30cc5b4301d347f2cc7d8846372e812840b35eccb55278cc88204e8,table1:R2,407ac2dfe8b43d13382cf872394bb148ae1399c83afde4c487f3b6ae881b0af8:sheet1:R3 328da04c8a4b04f7432482fb5fa661dfa2bba0599d0d9b7d58e6329ddaa075e3:sheet1:R3,,
5ea63e9dd30cc5b4-table1-R3,2026-01-09,daejeon-daedeok,대화동,아뜰리에포요,직원 오찬 간담회,72000,5ea63e9dd30cc5b4301d347f2cc7d8846372e812840b35eccb55278cc88204e8,table1:R3,407ac2dfe8b43d13382cf872394bb148ae1399c83afde4c487f3b6ae881b0af8:sheet1:R4 328da04c8a4b04f7432482fb5fa661dfa2bba0599d0d9b7d58e6329ddaa075e3:sheet1:R4,,
5ea63e9dd30cc5b4-table1-R4,2026-01-16,daejeon-daedeok,대화동,파리바게뜨,내방객 다과,38900,5ea63e9dd30cc5b4301d347f2cc7d8846372e812840b35eccb55278cc88204e8,table1:R4,407ac2dfe8b43d13382cf872394bb148ae1399c83afde4c487f3b6ae881b0af8:sheet1:R5 328da04c8a4b04f7432482fb5fa661dfa2bba0599d0d9b7d58e6329ddaa075e3:sheet1:R5,,
5ea63e9dd30cc5b4-table1-R5,2026-01-19,daejeon-daedeok,대화동,다오칼국수,노인회대화동분회 오찬간담회,34000,5ea63e9dd30cc5b4301d347f2cc7d8846372e812840b35eccb55278cc88204e8,table1:R5,407ac2dfe8b43d13382cf872394bb148ae1399c83afde4c487f3b6ae881b0af8:sheet1:R6 328da04c8a4b04f7432482fb5fa661dfa2bba0599d0d9b7d58e6329ddaa075e3:sheet1:R6,,
5ea63e9dd30cc5b4-table1-R6,2026-01-22,daejeon-daedeok,대화동,장미식당,자생단체회장 및 경로당 임원진 오찬간담회,68000,5ea63e9dd30cc5b4301d347f2cc7d8846372e812840b35eccb55278cc88204e8,table1:R6,407ac2dfe8b43d13382cf872394bb148ae1399c83afde4c487f3b6ae881b0af8:sheet1:R7 328da04c8a4b04f7432482fb5fa661dfa2bba0599d0d9b7d58e6329ddaa075e3:sheet1:R7,,
34dfacb84da27063-sheet1-R6,2026-02-09,daejeon-daedeok,,월산본가,새마을문고회 간담회,379000,34dfacb84da2706318c3dc5285416a7e9ef2c5fad490d5b552e7727c782795a0,sheet1:R6,,,
34dfacb84da27063-sheet1-R7,2026-02-13,daejeon-daedeok,,냉천골흑염소,대한노인회 간담회,240000,34dfacb84da2706318c3dc5285416a7e9ef2c5fad490d5b552e7727c782795a0,sheet1:R7,,,
34dfacb84da27063-sheet1-R8,2026-02-23,daejeon-daedeok,,순우리뼈감자탕,자율방재단 간담회,99000,34dfacb84da2706318c3dc5285416a7e9ef2c5fad490d5b552e7727c782795a0,sheet1:R8,,,
9e5a82510745d084-sheet1-R9,2026-02-10,daejeon-daedeok,비래동,행복식당,통장협의회(1~6통장) 간담회,88000,9e5a82510745d084c962245b94a427559d968b1ebd80cda37d264c811248eb97,sheet1:R9,,,
9e5a82510745d084-sheet1-R10,2026-02-12,daejeon-daedeok,비래동,명가네보쌈칼국수,통장협의회(7~12통장) 간담회,186000,9e5a82510745d084c962245b94a427559d968b1ebd80cda37d264c811248eb97,sheet1:R10,,,
9e5a82510745d084-sheet1-R11,2026-02-13,daejeon-daedeok,비래동,세천옥,자생단체자협의회 간담회,102000,9e5a82510745d084c962245b94a427559d968b1ebd80cda37d264c811248eb97,sheet1:R11,,,
9e5a82510745d084-sheet1-R12,2026-02-19,daejeon-daedeok,비래동,행복식당,통장협의회(13~18통장) 간담회,92000,9e5a82510745d084c962245b94a427559d968b1ebd80cda37d264c811248eb97,sheet1:R12,,,
9e5a82510745d084-sheet1-R13,2026-02-20,daejeon-daedeok,비래동,아주매운공주칼국수쭈꾸미구이,통장협의회(19~24통장) 간담회,110000,9e5a82510745d084c962245b94a427559d968b1ebd80cda37d264c811248eb97,sheet1:R13,,,
9e5a82510745d084-sheet1-R14,2026-02-13,daejeon-daedeok,비래동,다대지식당,통장협의회(25~30통장) 간담회,96000,9e5a82510745d084c962245b94a427559d968b1ebd80cda37d264c811248eb97,sheet1:R14,,,
9e5a82510745d084-sheet1-R15,2026-02-25,daejeon-daedeok,비래동,다대지식당,골목형상점가상인회 간담회,37000,9e5a82510745d084c962245b94a427559d968b1ebd80cda37d264c811248eb97,sheet1:R15,,,
9e5a82510745d084-sheet1-R16,2026-02-27,daejeon-daedeok,비래동,논추어탕,경로당 간담회,40000,9e5a82510745d084c962245b94a427559d968b1ebd80cda37d264c811248eb97,sheet1:R16,,,
1403f56d2cdbd62e-sheet1-R4,2026-01-13,daejeon-daedeok,비래동,소리네식당,통장협의회 간담회,227000,1403f56d2cdbd62eb9ed6c330f1842264d6f4ee5b8d7c22bb0f80784c5537116,sheet1:R4,9e5a82510745d084c962245b94a427559d968b1ebd80cda37d264c811248eb97:sheet1:R4,,
1403f56d2cdbd62e-sheet1-R5,2026-01-21,daejeon-daedeok,비래동,명가네보쌈칼국수,주민자치회 간담회,135000,1403f56d2cdbd62eb9ed6c330f1842264d6f4ee5b8d7c22bb0f80784c5537116,sheet1:R5,9e5a82510745d084c962245b94a427559d968b1ebd80cda37d264c811248eb97:sheet1:R5,,
1403f56d2cdbd62e-sheet1-R6,2026-01-23,daejeon-daedeok,비래동,다대지식당,지역사회보장협의체 간담회,360000,1403f56d2cdbd62eb9ed6c330f1842264d6f4ee5b8d7c22bb0f80784c5537116,sheet1:R6,9e5a82510745d084c962245b94a427559d968b1ebd80cda37d264c811248eb97:sheet1:R6,,
1403f56d2cdbd62e-sheet1-R7,2026-01-28,daejeon-daedeok,비래동,다대지식당,새마을부녀회 간담회,104000,1403f56d2cdbd62eb9ed6c330f1842264d6f4ee5b8d7c22bb0f80784c5537116,sheet1:R7,9e5a82510745d084c962245b94a427559d968b1ebd80cda37d264c811248eb97:sheet1:R7,,
1403f56d2cdbd62e-sheet1-R8,2026-01-28,daejeon-daedeok,비래동,나래원,자생단체자협의회 간담회,177000,1403f56d2cdbd62eb9ed6c330f1842264d6f4ee5b8d7c22bb0f80784c5537116,sheet1:R8,9e5a82510745d084c962245b94a427559d968b1ebd80cda37d264c811248eb97:sheet1:R8,,
a48c5098585e98a4-sheet1-R3,2026-01-27,daejeon-daedeok,어르신장애인과,오색추어,대한노인회 대덕구지회 간담회,87000,a48c5098585e98a410863a9b13a6204813ff0f2ffebfd406fbc6724b891b6812,sheet1:R3,,,
a48c5098585e98a4-sheet1-R4,2026-01-28,daejeon-daedeok,어르신장애인과,솔솔키친,노인일자리 사업관계자 회의 및 간담회,77500,a48c5098585e98a410863a9b13a6204813ff0f2ffebfd406fbc6724b891b6812,sheet1:R4,,,
a48c5098585e98a4-sheet1-R5,2026-01-29,daejeon-daedeok,어르신장애인과,뒷골보리밥집,장애인종합복지관 사업관계자 회의 및 간담회,97000,a48c5098585e98a410863a9b13a6204813ff0f2ffebfd406fbc6724b891b6812,sheet1:R5,,,
a48c5098585e98a4-sheet1-R6,2026-01-30,daejeon-daedeok,어르신장애인과,달빛에구운고등어 중촌점,어르신재가복지팀 직원 오찬,58000,a48c5098585e98a410863a9b13a6204813ff0f2ffebfd406fbc6724b891b6812,sheet1:R6,,,
f1585549a060072c-sheet1-R5,2026-01-15,daejeon-daedeok,덕암동,큰손정육식당,지역자율방재단 간담회,172000,f1585549a060072c1dff4bfac330346db596c4eebd4a42bd0c39d99bd30299ea,sheet1:R5,,,
f1585549a060072c-sheet1-R6,2026-01-23,daejeon-daedeok,덕암동,탱탱낙지랑돈까스,새마을문고 간담회,264000,f1585549a060072c1dff4bfac330346db596c4eebd4a42bd0c39d99bd30299ea,sheet1:R6,,,
f1585549a060072c-sheet1-R7,2026-01-29,daejeon-daedeok,덕암동,청보리골 외,신탄권역 동장 간담회,76800,f1585549a060072c1dff4bfac330346db596c4eebd4a42bd0c39d99bd30299ea,sheet1:R7,,,
34f7864a6af1c59b-sheet1-R5,2026-01-06,daejeon-daedeok,목상동,성경만두요리전문점 신탄진점,자생단체장 간담회,127000,34f7864a6af1c59b6eeb1586e6226f794dd8bd5244b781862466ac03e605354c,sheet1:R5,,,
34f7864a6af1c59b-sheet1-R6,2026-01-26,daejeon-daedeok,목상동,해물가,상근직원 격려,10300,34f7864a6af1c59b6eeb1586e6226f794dd8bd5244b781862466ac03e605354c,sheet1:R6,,,
6062811c852dea9b-sheet1-R3,2026-01-06,daejeon-daedeok,기획실,계족산풍천가,대덕구의회 의정동우회 회원들과 현안 사업 토의를 위한 간담회,183000,6062811c852dea9b29b88d67775f5dbe7c0abf7ce71d20c48522c1e54a9d71ea,sheet1:R3,,,
6062811c852dea9b-sheet1-R4,2026-01-09,daejeon-daedeok,기획실,경주식당,공약사업의 원활한 추진을 위한 시청 담당자들과의 간담회,40000,6062811c852dea9b29b88d67775f5dbe7c0abf7ce71d20c48522c1e54a9d71ea,sheet1:R4,,,
6062811c852dea9b-sheet1-R5,2026-01-16,daejeon-daedeok,기획실,대게나라,공약사업의 원활한 추진을 위한 시청 담당자들과의 간담회,200000,6062811c852dea9b29b88d67775f5dbe7c0abf7ce71d20c48522c1e54a9d71ea,sheet1:R5,,,
6062811c852dea9b-sheet1-R6,2026-01-19,daejeon-daedeok,기획실,자유대반점,공약사업의 원활한 추진을 위한 관계기관과의 간담회,174000,6062811c852dea9b29b88d67775f5dbe7c0abf7ce71d20c48522c1e54a9d71ea,sheet1:R6,,,
6062811c852dea9b-sheet1-R7,2026-01-23,daejeon-daedeok,기획실,수복전낙소 외 1,산업단지 소재 중소벤처기업의 해외시장 진출 모색을 위한 간담회,177400,6062811c852dea9b29b88d67775f5dbe7c0abf7ce71d20c48522c1e54a9d71ea,sheet1:R7,,,
6062811c852dea9b-sheet1-R8,2026-01-26,daejeon-daedeok,기획실,생어거스틴,상반기 신속집행 실적 제고방안 논의를 위한 소비 투자 관계자들간의 간담회,210000,6062811c852dea9b29b88d67775f5dbe7c0abf7ce71d20c48522c1e54a9d71ea,sheet1:R8,,,
22cda8a7eeae90c5-sheet1-R3,2026-01-05,daejeon-daedeok,미디어홍보과,대성식당,구정소식지 인터뷰 및 취재를 위한 간담회,16000,22cda8a7eeae90c589f8c6e88a13a7f3e5e4eb701dd4d7a1dad90a2e55892489,sheet1:R3,,,
22cda8a7eeae90c5-sheet1-R4,2026-01-06,daejeon-daedeok,미디어홍보과,지리산회관,구정소식지 인터뷰 및 취재를 위한 간담회,38000,22cda8a7eeae90c589f8c6e88a13a7f3e5e4eb701dd4d7a1dad90a2e55892489,sheet1:R4,,,
22cda8a7eeae90c5-sheet1-R5,2026-01-07,daejeon-daedeok,미디어홍보과,샤브로21송촌,지역 언론사 오찬 간담회,62000,22cda8a7eeae90c589f8c6e88a13a7f3e5e4eb701dd4d7a1dad90a2e55892489,sheet1:R5,,,
22cda8a7eeae90c5-sheet1-R6,2026-01-13,daejeon-daedeok,미디어홍보과,태원,지역 언론사 오찬 간담회,184000,22cda8a7eeae90c589f8c6e88a13a7f3e5e4eb701dd4d7a1dad90a2e55892489,sheet1:R6,,,
22cda8a7eeae90c5-sheet1-R7,2026-01-15,daejeon-daedeok,미디어홍보과,오성집 시청점,지역 언론사 오찬 간담회,192000,22cda8a7eeae90c589f8c6e88a13a7f3e5e4eb701dd4d7a1dad90a2e55892489,sheet1:R7,,,
22cda8a7eeae90c5-sheet1-R8,2026-01-15,daejeon-daedeok,미디어홍보과,한밭삼계탕식당,지역 언론사 오찬 간담회,230000,22cda8a7eeae90c589f8c6e88a13a7f3e5e4eb701dd4d7a1dad90a2e55892489,sheet1:R8,,,
22cda8a7eeae90c5-sheet1-R9,2026-01-16,daejeon-daedeok,미디어홍보과,스테이 (STAY)플랜트카페,지역 언론사 오찬 간담회,18000,22cda8a7eeae90c589f8c6e88a13a7f3e5e4eb701dd4d7a1dad90a2e55892489,sheet1:R9,,,
22cda8a7eeae90c5-sheet1-R10,2026-01-16,daejeon-daedeok,미디어홍보과,이산흑염소(오정점),지역 언론사 오찬 간담회,45000,22cda8a7eeae90c589f8c6e88a13a7f3e5e4eb701dd4d7a1dad90a2e55892489,sheet1:R10,,,
22cda8a7eeae90c5-sheet1-R11,2026-01-26,daejeon-daedeok,미디어홍보과,이산흑염소(오정점),지역 언론사 오찬 간담회,75000,22cda8a7eeae90c589f8c6e88a13a7f3e5e4eb701dd4d7a1dad90a2e55892489,sheet1:R11,,,
22cda8a7eeae90c5-sheet1-R12,2026-01-27,daejeon-daedeok,미디어홍보과,누엘,구정소식지 인터뷰 및 취재를 위한 간담회,28900,22cda8a7eeae90c589f8c6e88a13a7f3e5e4eb701dd4d7a1dad90a2e55892489,sheet1:R12,,,
22cda8a7eeae90c5-sheet1-R13,2026-01-27,daejeon-daedeok,미디어홍보과,소담분식,구정소식지 인터뷰 및 취재를 위한 간담회,22500,22cda8a7eeae90c589f8c6e88a13a7f3e5e4eb701dd4d7a1dad90a2e55892489,sheet1:R13,,,
22cda8a7eeae90c5-sheet1-R14,2026-01-28,daejeon-daedeok,미디어홍보과,맛청,지역 언론사 오찬 간담회,161000,22cda8a7eeae90c589f8c6e88a13a7f3e5e4eb701dd4d7a1dad90a2e55892489,sheet1:R14,,,
22cda8a7eeae90c5-sheet1-R15,2026-01-30,daejeon-daedeok,미디어홍보과,사랑채식당,2026. 2. 2일자 인사발령에따른 직원 환송회 자리 마련,345000,22cda8a7eeae90c589f8c6e88a13a7f3e5e4eb701dd4d7a1dad90a2e55892489,sheet1:R15,,,
d3ae91b807d3e8f8-table1-R2,2026-01-20,daejeon-daedeok,,인정원 (중구 계룡로 755),주요 민원사항 처리 및 추진 상황 점검 등을 위한 관계자 간담회,50000,d3ae91b807d3e8f8ebf2b9aee18cc7bcf4f1146a0ae789fd1a6ce5f341a05c94,table1:R2,,,
d3ae91b807d3e8f8-table1-R3,2026-01-29,daejeon-daedeok,,살구나무한정식 (유성구 대학로76번안길 10),구정 주요시책 관련 기관협력 관계자 간담회,295000,d3ae91b807d3e8f8ebf2b9aee18cc7bcf4f1146a0ae789fd1a6ce5f341a05c94,table1:R3,,,
38427be815219e65-sheet1-R8,2026-01-12,daejeon-daedeok,,갓솥,2026년 국민기초생활보장사업 개정사항 관련 관계자 간담회,90000,38427be815219e65bfa7ec5870d03feda9efebf65060c432577833dc9c0b85fe,sheet1:R8,,,
38427be815219e65-sheet1-R9,2026-01-13,daejeon-daedeok,,밥물꽃,푸드뱅크 운영 관련 관계자 간담회,45000,38427be815219e65bfa7ec5870d03feda9efebf65060c432577833dc9c0b85fe,sheet1:R9,,,
d18d29445a4f3f6c-sheet2-R4,2026-01-06,daejeon-daedeok,법1동,파리바게뜨 대덕제일점,직원 격려,58600,d18d29445a4f3f6ce462c28ab4f40780e6e05f3576e931ecdc2d06288f1db858,sheet2:R4,,,
d18d29445a4f3f6c-sheet2-R5,2026-01-09,daejeon-daedeok,법1동,"한우식당, 가경커피",동 유관기관 대표 간담회,123500,d18d29445a4f3f6ce462c28ab4f40780e6e05f3576e931ecdc2d06288f1db858,sheet2:R5,,,
d18d29445a4f3f6c-sheet2-R6,2026-01-12,daejeon-daedeok,법1동,강촌매운탕,통장협의회 임원 간담회,121000,d18d29445a4f3f6ce462c28ab4f40780e6e05f3576e931ecdc2d06288f1db858,sheet2:R6,,,
d18d29445a4f3f6c-sheet2-R7,2026-01-15,daejeon-daedeok,법1동,승남이네만두샤브샤브,2026 전국 동시지방선거 업무 협의 간담회,59000,d18d29445a4f3f6ce462c28ab4f40780e6e05f3576e931ecdc2d06288f1db858,sheet2:R7,,,
d18d29445a4f3f6c-sheet2-R8,2026-01-20,daejeon-daedeok,법1동,황제명태본가,법1동 자율방범대장 및 주민자치회장 간담회,70000,d18d29445a4f3f6ce462c28ab4f40780e6e05f3576e931ecdc2d06288f1db858,sheet2:R8,,,
d18d29445a4f3f6c-sheet2-R9,2026-01-27,daejeon-daedeok,법1동,강촌매운탕,법1동 경로당 회장 간담회,114000,d18d29445a4f3f6ce462c28ab4f40780e6e05f3576e931ecdc2d06288f1db858,sheet2:R9,,,
d18d29445a4f3f6c-sheet2-R10,2026-01-29,daejeon-daedeok,법1동,"강촌매운탕, 카페 오르(café Or)",각 동 동장 간담회,58000,d18d29445a4f3f6ce462c28ab4f40780e6e05f3576e931ecdc2d06288f1db858,sheet2:R10,,,
50f146355d87190c-sheet1-R7,2026-01-21,daejeon-daedeok,,"엔,엠푸드시스템 외1",지역경제 활성화 사업 추진을 위한 사업 관계자 간담회,56800,50f146355d87190cd249cb13078432e348136239f9ae16a2ea547fa3156cfb16,sheet1:R7,,,
50f146355d87190c-sheet1-R8,2026-01-23,daejeon-daedeok,,석가네손칼국수 외1,골목형 상점가 관련 관계자 간담회,132700,50f146355d87190cd249cb13078432e348136239f9ae16a2ea547fa3156cfb16,sheet1:R8,,,
50f146355d87190c-sheet1-R9,2026-01-29,daejeon-daedeok,,산골짜기,에너지정책 사업 추진을 위한 사업 관계자 간담회,115000,50f146355d87190cd249cb13078432e348136239f9ae16a2ea547fa3156cfb16,sheet1:R9,,,
dd2aa5140edc5474-sheet1-R4,2026-01-02,daejeon-daedeok,석봉동,선희네식당,단체장 협의회 월례회의 간담회,121000,dd2aa5140edc547422e1c6e860000e1b6f702fda6a0c62edb27bce7aa18af17c,sheet1:R4,,,
dd2aa5140edc5474-sheet1-R5,2026-01-09,daejeon-daedeok,석봉동,서대박식당,통장협의회 임원진 간담회,120000,dd2aa5140edc547422e1c6e860000e1b6f702fda6a0c62edb27bce7aa18af17c,sheet1:R5,,,
dd2aa5140edc5474-sheet1-R6,2026-01-12,daejeon-daedeok,석봉동,쿠팡,내방객 다과 구입,98600,dd2aa5140edc547422e1c6e860000e1b6f702fda6a0c62edb27bce7aa18af17c,sheet1:R6,,,
dd2aa5140edc5474-sheet1-R7,2026-01-14,daejeon-daedeok,석봉동,대로식당,지역자율방재단 월례회의 간담회,110000,dd2aa5140edc547422e1c6e860000e1b6f702fda6a0c62edb27bce7aa18af17c,sheet1:R7,,,
dd2aa5140edc5474-sheet1-R8,2026-01-15,daejeon-daedeok,석봉동,대덕파지감자탕,주민자치회 간담회,179200,dd2aa5140edc547422e1c6e860000e1b6f702fda6a0c62edb27bce7aa18af17c,sheet1:R8,,,
dd2aa5140edc5474-sheet1-R9,2026-01-19,daejeon-daedeok,석봉동,대로식당,새마을부녀회 월례회의 간담회,120000,dd2aa5140edc547422e1c6e860000e1b6f702fda6a0c62edb27bce7aa18af17c,sheet1:R9,,,
dd2aa5140edc5474-sheet1-R10,2026-01-22,daejeon-daedeok,석봉동,풍년식당,통장협의회 임원진 간담회,30000,dd2aa5140edc547422e1c6e860000e1b6f702fda6a0c62edb27bce7aa18af17c,sheet1:R10,,,
052b6b96b1a857b8-sheet1-R7,2026-01-14,daejeon-daedeok,,총체보리한우타운,도시재생 사업관계자 간담회,389000,052b6b96b1a857b8df5dbd5674f13bae32f14579cc98379b62e3992037e6e8d3,sheet1:R7,,,
52ea4567cb683902-sheet1-R6,2026-01-08,daejeon-daedeok,,롯데리아 송촌점,유관기관 업무 협조,268400,52ea4567cb6839020ec340adc2ec3e3be24273ae606cd997d46b00eb854c0992,sheet1:R6,,,
52ea4567cb683902-sheet1-R7,2026-01-14,daejeon-daedeok,,홍콩삼겹살,새마을부녀회 간담회,300000,52ea4567cb6839020ec340adc2ec3e3be24273ae606cd997d46b00eb854c0992,sheet1:R7,,,
52ea4567cb683902-sheet1-R8,2026-01-20,daejeon-daedeok,,홍콩삼겹살,단체장협의회 간담회,321000,52ea4567cb6839020ec340adc2ec3e3be24273ae606cd997d46b00eb854c0992,sheet1:R8,,,
52ea4567cb683902-sheet1-R9,2026-01-28,daejeon-daedeok,,레드클럽식당,자율방재단 간담회,275000,52ea4567cb6839020ec340adc2ec3e3be24273ae606cd997d46b00eb854c0992,sheet1:R9,,,
4e2ef84e4efc1f23-sheet1-R3,2026-01-30,daejeon-daedeok,공감민원과,오색추어탕,대덕세무서 신설 촉구 서명운동 논의,195000,4e2ef84e4efc1f235d9d3417c5c0b86a63a1706057a8bd42e0e87183697edbc9,sheet1:R3,,,
8d0ea9839737c221-sheet1-R4,2026-01-09,daejeon-daedeok,,카페그란데,청년벙커 운영 관련 간담회,13900,8d0ea9839737c221ba38d2b5d207b031169c8b1b485f5f82808c1e37fb89e2fe,sheet1:R4,,,
8d0ea9839737c221-sheet1-R5,2026-01-16,daejeon-daedeok,,좋은날 양푼이동태탕,법동청소년문화센터 운영 관련 실무 협의,36000,8d0ea9839737c221ba38d2b5d207b031169c8b1b485f5f82808c1e37fb89e2fe,sheet1:R5,,,
8d0ea9839737c221-sheet1-R6,2026-01-21,daejeon-daedeok,,청보리골,평생학습관 운영 관련 실무 협의,58000,8d0ea9839737c221ba38d2b5d207b031169c8b1b485f5f82808c1e37fb89e2fe,sheet1:R6,,,
8d0ea9839737c221-sheet1-R7,2026-01-28,daejeon-daedeok,,크리스피크림,청년내일가게 조성사업 관련 실무 협의,44100,8d0ea9839737c221ba38d2b5d207b031169c8b1b485f5f82808c1e37fb89e2fe,sheet1:R7,,,
95d8d1ace472fa9f-sheet1-R3,2026-01-06,daejeon-daedeok,,카페라고,공직자윤리위원회 위원 신규위촉 관련 업무협의,35300,95d8d1ace472fa9f7a3eb074bfb197db8546d88f34e14ffd90da67be624547f3,sheet1:R3,8b758e2c80b4a671e5f3982ab00a2afcb6529c0d715789b87ff073d63df8ce11:sheet1:R3 46bc9b78d1d9bfdcc08f5b06d36ff15b00445a1d388ff1813984cb6ee4f891de:sheet1:R3 363b64457a3774ec42159d0d0baabb8c9ffc5c3d78f5eb2c99eca3a2ec63b9d1:sheet1:R3 09c1c1774992bdee38330371b53f3cd49b336d1677046ab3c49105258f9c2371:sheet1:R3 9645610254be94b303def69c5f9f30e9a4b1d9fa9955102d759d52febdcfa255:sheet1:R3,,
95d8d1ace472fa9f-sheet1-R4,2026-01-12,daejeon-daedeok,,"덕이네, 더라임",2026년 반부패 청렴교육 수립을 위한 간담회 개최,76000,95d8d1ace472fa9f7a3eb074bfb197db8546d88f34e14ffd90da67be624547f3,sheet1:R4,8b758e2c80b4a671e5f3982ab00a2afcb6529c0d715789b87ff073d63df8ce11:sheet1:R4 46bc9b78d1d9bfdcc08f5b06d36ff15b00445a1d388ff1813984cb6ee4f891de:sheet1:R4 363b64457a3774ec42159d0d0baabb8c9ffc5c3d78f5eb2c99eca3a2ec63b9d1:sheet1:R4 09c1c1774992bdee38330371b53f3cd49b336d1677046ab3c49105258f9c2371:sheet1:R4 9645610254be94b303def69c5f9f30e9a4b1d9fa9955102d759d52febdcfa255:sheet1:R4,,
95d8d1ace472fa9f-sheet1-R5,2026-01-30,daejeon-daedeok,,솔솔키친,인사이동자 직원 송별회,131500,95d8d1ace472fa9f7a3eb074bfb197db8546d88f34e14ffd90da67be624547f3,sheet1:R5,8b758e2c80b4a671e5f3982ab00a2afcb6529c0d715789b87ff073d63df8ce11:sheet1:R5 46bc9b78d1d9bfdcc08f5b06d36ff15b00445a1d388ff1813984cb6ee4f891de:sheet1:R5 363b64457a3774ec42159d0d0baabb8c9ffc5c3d78f5eb2c99eca3a2ec63b9d1:sheet1:R5 09c1c1774992bdee38330371b53f3cd49b336d1677046ab3c49105258f9c2371:sheet1:R5 9645610254be94b303def69c5f9f30e9a4b1d9fa9955102d759d52febdcfa255:sheet1:R5,,
95d8d1ace472fa9f-sheet1-R6,2026-01-30,daejeon-daedeok,,명가춘천닭갈비,상반기 청렴교육 프로그램 추진 간담회 실시,106000,95d8d1ace472fa9f7a3eb074bfb197db8546d88f34e14ffd90da67be624547f3,sheet1:R6,8b758e2c80b4a671e5f3982ab00a2afcb6529c0d715789b87ff073d63df8ce11:sheet1:R6 46bc9b78d1d9bfdcc08f5b06d36ff15b00445a1d388ff1813984cb6ee4f891de:sheet1:R6 363b64457a3774ec42159d0d0baabb8c9ffc5c3d78f5eb2c99eca3a2ec63b9d1:sheet1:R6 09c1c1774992bdee38330371b53f3cd49b336d1677046ab3c49105258f9c2371:sheet1:R6 9645610254be94b303def69c5f9f30e9a4b1d9fa9955102d759d52febdcfa255:sheet1:R6,,
69f4f4602708d739-sheet1-R3,2026-01-15,daejeon-daedeok,신탄진동,조선가마솥순대,주민자치회 간담회,69000,69f4f4602708d7394dd8e1a2c323106e912a287af7569e41594b5bbe7dbae14a,sheet1:R3,,,
69f4f4602708d739-sheet1-R4,2026-01-26,daejeon-daedeok,신탄진동,행복한양푼이,자생단체장 임원 간담회,307000,69f4f4602708d7394dd8e1a2c323106e912a287af7569e41594b5bbe7dbae14a,sheet1:R4,,,
a638649563ad2038-sheet1-R6,2026-01-05,daejeon-daedeok,법2동,산득식당,법2동 단체장들과의 간담회,135000,a638649563ad2038ceb9e6b653c10c20812569631b428c8eec8fd920f2eaf646,sheet1:R6,,,
a638649563ad2038-sheet1-R7,2026-01-28,daejeon-daedeok,법2동,수원숯불갈비,법2동 원로모임 회원들과의 간담회,200000,a638649563ad2038ceb9e6b653c10c20812569631b428c8eec8fd920f2eaf646,sheet1:R7,,,
a638649563ad2038-sheet1-R8,2026-01-29,daejeon-daedeok,법2동,공주갈비 왕자삼겹,법2동 통장협의회 회원들과의 간담회,108000,a638649563ad2038ceb9e6b653c10c20812569631b428c8eec8fd920f2eaf646,sheet1:R8,,,
a638649563ad2038-sheet1-R9,2026-01-29,daejeon-daedeok,법2동,산득식당,법2동 단체장들과의 간담회,166000,a638649563ad2038ceb9e6b653c10c20812569631b428c8eec8fd920f2eaf646,sheet1:R9,,,
d3380dd6c9127f71-sheet1-R5,2026-01-21,daejeon-daedeok,,내알아해줄게,공원 조성 및 관리사업 등 관계기관 업무협의,330000,d3380dd6c9127f7149e636ca8a31f6d0966c5c50d425795b2fb899b66575326a,sheet1:R5,,,
1dd0bb3fed65b6e1-sheet1-R3,2026-01-08,daejeon-daedeok,신청사건립과,호수식당,신청사 업무 관련 간담회,167000,1dd0bb3fed65b6e16b96761edd058faa556d25b0eaa50f37d2861b6b2cb90a23,sheet1:R3,,,
0c24937d0aed0ca8-sheet1-R3,2026-01-20,daejeon-daedeok,문화관광체육과,사랑채식당,문화예술진흥 시책추진업무추진비 지출품의(대덕구 관광진흥위원회),156000,0c24937d0aed0ca806f058c544a72f186668596d4ef4bb9f1d8cd0dc57a85a98,sheet1:R3,,,
0c24937d0aed0ca8-sheet1-R4,2026-01-21,daejeon-daedeok,문화관광체육과,속초메밀향막국수,생활체육활동진흥 시책추진업무추진비 지출품의(대덕스포츠클럽 업무 협의),89000,0c24937d0aed0ca806f058c544a72f186668596d4ef4bb9f1d8cd0dc57a85a98,sheet1:R4,,,
0c24937d0aed0ca8-sheet1-R5,2026-01-26,daejeon-daedeok,문화관광체육과,수월풍천장어,문화예술진흥 시책추진업무추진비 지출품의(대덕문화원 업무협의),254700,0c24937d0aed0ca806f058c544a72f186668596d4ef4bb9f1d8cd0dc57a85a98,sheet1:R5,,,
0c24937d0aed0ca8-sheet1-R6,2026-01-29,daejeon-daedeok,문화관광체육과,"현숙소라우렁쌈밥, 허니빈스 송촌점",문화예술진흥 시책추진업무추진비 지출품의(국가유산 안전경비원 사업추진),105200,0c24937d0aed0ca806f058c544a72f186668596d4ef4bb9f1d8cd0dc57a85a98,sheet1:R6,,,
