record_id,spent_on,organization,department,merchant,purpose,amount_krw,source_hash,source_location,repeats,expense_id,expense_amount_krw
44b26288cf04f26d-sheet1-R5,2026-06-04,busan-busanjin,당감2동,이디야커피,유관단체(한국자유총연맹) 격려 다과 등 구입,100000,44b26288cf04f26d476d035f00f9d9ed0cfd754cc6ff30862de13158297c5a39,sheet1:R5,,,
44b26288cf04f26d-sheet1-R6,2026-06-08,busan-busanjin,당감2동,개인(성명 비공개),직원 경조사 부의금 지급,50000,44b26288cf04f26d476d035f00f9d9ed0cfd754cc6ff30862de13158297c5a39,sheet1:R6,,,
44b26288cf04f26d-sheet1-R7,2026-06-09,busan-busanjin,당감2동,네이버쇼핑,내방민원 음료 및 다과 구입,198400,44b26288cf04f26d476d035f00f9d9ed0cfd754cc6ff30862de13158297c5a39,sheet1:R7,,,
44b26288cf04f26d-sheet1-R8,2026-06-10,busan-busanjin,당감2동,한양족발,2분기 유관단체장 소통의 날 관련 간담회 개최,130000,44b26288cf04f26d476d035f00f9d9ed0cfd754cc6ff30862de13158297c5a39,sheet1:R8,,,
44b26288cf04f26d-sheet1-R9,2026-06-25,busan-busanjin,당감2동,덕이네집밥,유관단체(통장협의회) 격려 간담회 개최,254000,44b26288cf04f26d476d035f00f9d9ed0cfd754cc6ff30862de13158297c5a39,sheet1:R9,,,
44b26288cf04f26d-sheet3-R5,2026-06-04,busan-busanjin,당감2동,경찰서옆초밥집,선거 업무 추진 직원 격려 간담회 개최,307000,44b26288cf04f26d476d035f00f9d9ed0cfd754cc6ff30862de13158297c5a39,sheet3:R5,,,
e45e014f3b6b5796-sheet1-R3,2026-06-19,busan-busanjin,,네이버플러스 스토어,부서 운영을 위한 다과 구입,299480,e45e014f3b6b5796d68506d0b6ac4f5918c1d5e709d47c3ee3a652a126267ed2,sheet1:R3,,,
e45e014f3b6b5796-sheet1-R4,2026-06-29,busan-busanjin,,스콜,인사발령에 따른 직원 간담회 개최,152000,e45e014f3b6b5796d68506d0b6ac4f5918c1d5e709d47c3ee3a652a126267ed2,sheet1:R4,,,
e45e014f3b6b5796-sheet2-R3,2026-06-01,busan-busanjin,자원순환과,수정슈퍼,재활용사업소 화재 진화 근로자 등 노고 격려 음료 구입,40000,e45e014f3b6b5796d68506d0b6ac4f5918c1d5e709d47c3ee3a652a126267ed2,sheet2:R3,,,
10988279d6fde964-sheet1-R6,2026-06-30,busan-busanjin,일자리산업과,쿠팡,부서 다과 구입,152300,10988279d6fde9640fc7117d8182b1d9a6621713168f87eae88341df134eb5c4,sheet1:R6,,,
10988279d6fde964-sheet1-R7,2026-06-30,busan-busanjin,일자리산업과,삼다진족,직원 노고 격려 간담회,27900,10988279d6fde9640fc7117d8182b1d9a6621713168f87eae88341df134eb5c4,sheet1:R7,,,
10988279d6fde964-sheet2-R6,2026-06-12,busan-busanjin,일자리산업과,치키파니,청년친화도시 정책교류회 다과 구입,110000,10988279d6fde9640fc7117d8182b1d9a6621713168f87eae88341df134eb5c4,sheet2:R6,,,
10988279d6fde964-sheet2-R7,2026-06-22,busan-busanjin,일자리산업과,해쉬커피,상반기 청년행정인턴 성과공유회 다과 구입,100000,10988279d6fde9640fc7117d8182b1d9a6621713168f87eae88341df134eb5c4,sheet2:R7,,,
10988279d6fde964-sheet2-R8,2026-06-26,busan-busanjin,일자리산업과,사미헌,구인구직개척단 업무 연찬회 및 격려 간담회,158600,10988279d6fde9640fc7117d8182b1d9a6621713168f87eae88341df134eb5c4,sheet2:R8,,,
db520c66a659146b-sheet2-R7,2026-06-30,busan-busanjin,환경위생과,민속집,2026. 7. 1.자 인사이동에 따른 직원 간담회 개최,110000,db520c66a659146b4c25d0af89d6b8ca413da642bb834f89f34bc95ae4fc289a,sheet2:R7,,,
db520c66a659146b-sheet2-R8,2026-06-11,busan-busanjin,환경위생과,트레이더스 서면점,부서 운영을 위한 다과 등 구입,148580,db520c66a659146b4c25d0af89d6b8ca413da642bb834f89f34bc95ae4fc289a,sheet2:R8,,,
db520c66a659146b-sheet2-R9,2026-06-05,busan-busanjin,환경위생과,외식일번가 부산진구점,직원 노고에 따른 격려 간담회 개최,972000,db520c66a659146b4c25d0af89d6b8ca413da642bb834f89f34bc95ae4fc289a,sheet2:R9,,,
cbd2f22021410584-sheet1-R6,2026-06-08,busan-busanjin,도시관리국,청해수산,공동주택 공동시설물 지원사업 관계자 격려 간담회,450000,cbd2f22021410584844e8a78a8880f223120d736cc63ec7fc3abc33cb2244372,sheet1:R6,,,
cbd2f22021410584-sheet1-R7,2026-06-10,busan-busanjin,도시관리국,개인(성명 비공개),부산진구의회 의원 부의금,50000,cbd2f22021410584844e8a78a8880f223120d736cc63ec7fc3abc33cb2244372,sheet1:R7,,,
9472e0ddeb15182a-sheet1-R6,2026-06-15,busan-busanjin,민원여권과,고메스퀘어 부산양정점,직원 간담회 개최,745800,9472e0ddeb15182a561eef7498f379a131cb19a2a05a80bf0997944a0296de58,sheet1:R6,,,
77cd544feca9931e-sheet1-R6,2026-06-17,busan-busanjin,,전포2동주민센터,복지바구니 제작,449750,77cd544feca9931e41e4c868c43e3cc41387c405116248cd296d0a49129bf143,sheet1:R6,,,
77cd544feca9931e-sheet2-R6,2026-06-03,busan-busanjin,,SSG,주민센터 방문 민원 접대용 다과 구입,272050,77cd544feca9931e41e4c868c43e3cc41387c405116248cd296d0a49129bf143,sheet2:R6,,,
77cd544feca9931e-sheet2-R7,2026-06-16,busan-busanjin,,프릭커피,유관단체 회의용 다과 구입,200000,77cd544feca9931e41e4c868c43e3cc41387c405116248cd296d0a49129bf143,sheet2:R7,,,
77cd544feca9931e-sheet4-R6,2026-06-04,busan-busanjin,,킨슈,직원 노고 격려 간담회 개최,164000,77cd544feca9931e41e4c868c43e3cc41387c405116248cd296d0a49129bf143,sheet4:R6,,,
7da41a36877feca5-sheet1-R6,2026-06-19,busan-busanjin,문화경제국,개인(성명 비공개),문화경제국 부의금 지급,50000,7da41a36877feca5809dd5b84b0acae2dd9a24a2584e152b2c551b58e5566875,sheet1:R6,,,
7da41a36877feca5-sheet2-R6,2026-06-19,busan-busanjin,문화경제국,우성갈비화로구이,제4회 부산진구 합창제 개최 관련 간담회 개최,128000,7da41a36877feca5809dd5b84b0acae2dd9a24a2584e152b2c551b58e5566875,sheet2:R6,,,
7da41a36877feca5-sheet2-R7,2026-06-26,busan-busanjin,문화경제국,평강한방오리,당감국민체육센터 개관식 개최 관련 간담회 개최,178000,7da41a36877feca5809dd5b84b0acae2dd9a24a2584e152b2c551b58e5566875,sheet2:R7,,,
855a8b8a258e59b1-sheet1-R6,2026-06-23,busan-busanjin,문화체육과,쿠팡,2026년 상반기 찾아가는 음악회 생수 구입,57640,855a8b8a258e59b1fcdb44434f391254a76c4066d9b7c5f6779f06979bdd035b,sheet1:R6,,,
855a8b8a258e59b1-sheet1-R7,2026-06-23,busan-busanjin,문화체육과,트레이더스 서면점,찾아가는 음악회 업무 추진 관계자 간담회 다과 등 구입,97720,855a8b8a258e59b1fcdb44434f391254a76c4066d9b7c5f6779f06979bdd035b,sheet1:R7,,,
855a8b8a258e59b1-sheet1-R8,2026-06-18,busan-busanjin,문화체육과,왕갈비집,찾아가는 음악회 업무 추진 관계자 간담회 개최,200000,855a8b8a258e59b1fcdb44434f391254a76c4066d9b7c5f6779f06979bdd035b,sheet1:R8,,,
942130ad9a209b97-sheet1-R6,2026-06-04,busan-busanjin,정책기획실,주식회사 급행장,정책기획실 시책 추진방향 논의 및 소통 간담회,299000,942130ad9a209b97153253aec8c96b4e29530289ba4a4d76865e5a4b09f4f8c0,sheet1:R6,,,
942130ad9a209b97-sheet1-R7,2026-06-05,busan-busanjin,정책기획실,정경애코다리찜,기획 관련 시책 추진 방향 논의를 위한 간담회,43000,942130ad9a209b97153253aec8c96b4e29530289ba4a4d76865e5a4b09f4f8c0,sheet1:R7,,,
942130ad9a209b97-sheet1-R8,2026-06-10,busan-busanjin,정책기획실,주식회사 급행장,범천2동 절골·미실마을 새뜰마을사업 추진 관련 간담회,88000,942130ad9a209b97153253aec8c96b4e29530289ba4a4d76865e5a4b09f4f8c0,sheet1:R8,,,
942130ad9a209b97-sheet1-R9,2026-06-24,busan-busanjin,정책기획실,미소식당,부전역 복합환승센터 개발 추진 관련 간담회,69000,942130ad9a209b97153253aec8c96b4e29530289ba4a4d76865e5a4b09f4f8c0,sheet1:R9,,,
942130ad9a209b97-sheet2-R6,2026-06-04,busan-busanjin,정책기획실,기획예산과,정책기획실 기관운영업무추진비 지급,50000,942130ad9a209b97153253aec8c96b4e29530289ba4a4d76865e5a4b09f4f8c0,sheet2:R6,,,
942130ad9a209b97-sheet2-R7,2026-06-04,busan-busanjin,정책기획실,부산진구의회,정책기획실 기관운영업무추진비 지급,50000,942130ad9a209b97153253aec8c96b4e29530289ba4a4d76865e5a4b09f4f8c0,sheet2:R7,,,
942130ad9a209b97-sheet2-R8,2026-06-25,busan-busanjin,정책기획실,탁사발두부공방서면점,예산업무[상반기 재정집행] 추진 관련 간담회,91000,942130ad9a209b97153253aec8c96b4e29530289ba4a4d76865e5a4b09f4f8c0,sheet2:R8,,,
942130ad9a209b97-sheet2-R9,2026-06-26,busan-busanjin,정책기획실,경찰서옆초밥집,마을세무사 운영 활성화 및 유동적 운영을 위한 간담회 개최,131000,942130ad9a209b97153253aec8c96b4e29530289ba4a4d76865e5a4b09f4f8c0,sheet2:R9,,,
2eadacf32e0bdbe4-sheet1-R6,2026-06-16,busan-busanjin,복지정책과,쿠팡,부서운영을 위한 다과 운영,241770,2eadacf32e0bdbe4788ea89ebd305b7f1083da27b86f314af790264d9f2b8ab7,sheet1:R6,,,
2eadacf32e0bdbe4-sheet1-R7,2026-06-30,busan-busanjin,복지정책과,㈜사미헌,7.1.자 인사이동에 따른 간담회 개최,590000,2eadacf32e0bdbe4788ea89ebd305b7f1083da27b86f314af790264d9f2b8ab7,sheet1:R7,,,
2eadacf32e0bdbe4-sheet2-R6,2026-06-05,busan-busanjin,복지정책과,유현상사,2026년 6월 호국보훈의달 보훈대상자 위문품 구입,9990000,2eadacf32e0bdbe4788ea89ebd305b7f1083da27b86f314af790264d9f2b8ab7,sheet2:R6,,,
2eadacf32e0bdbe4-sheet2-R7,2026-06-10,busan-busanjin,복지정책과,롯데쇼핑,2026년 부산진구 통합지원회의 관련 다과 구입 건의,99950,2eadacf32e0bdbe4788ea89ebd305b7f1083da27b86f314af790264d9f2b8ab7,sheet2:R7,,,
2eadacf32e0bdbe4-sheet2-R8,2026-06-17,busan-busanjin,복지정책과,쿠팡,6.25참전기념비 헌화 행사 장갑 구매,41600,2eadacf32e0bdbe4788ea89ebd305b7f1083da27b86f314af790264d9f2b8ab7,sheet2:R8,,,
2eadacf32e0bdbe4-sheet2-R9,2026-06-17,busan-busanjin,복지정책과,쿠팡,6.25참전기념비 헌화 행사 개최에 따른 음료 구입,16620,2eadacf32e0bdbe4788ea89ebd305b7f1083da27b86f314af790264d9f2b8ab7,sheet2:R9,,,
2eadacf32e0bdbe4-sheet2-R10,2026-06-22,busan-busanjin,복지정책과,백우광고사,6월 참전비 헌화행사 현수막 제작,110000,2eadacf32e0bdbe4788ea89ebd305b7f1083da27b86f314af790264d9f2b8ab7,sheet2:R10,,,
2eadacf32e0bdbe4-sheet2-R11,2026-06-23,busan-busanjin,복지정책과,동성꽃집,2026년 6월 참전기념비 헌화 꽃바구니 및 국화 구입,180000,2eadacf32e0bdbe4788ea89ebd305b7f1083da27b86f314af790264d9f2b8ab7,sheet2:R11,,,
2eadacf32e0bdbe4-sheet2-R12,2026-06-23,busan-busanjin,복지정책과,부경특판,2026년 6월 참전기념비 헌화 행사 홍보 김세트 구입,630000,2eadacf32e0bdbe4788ea89ebd305b7f1083da27b86f314af790264d9f2b8ab7,sheet2:R12,,,
12de0aa5de53454e-sheet1-R6,2026-06-01,busan-busanjin,,탑플러스마트 (개금점),내방민원 접대용 음료(커피 등) 구입,100150,12de0aa5de53454ec4cb2d61bd575997715a2d4672e40571383382d52bf545e2,sheet1:R6,,,
12de0aa5de53454e-sheet1-R7,2026-06-10,busan-busanjin,,새송이아구찜,주민자율방역단 격려 간담회 개최,300000,12de0aa5de53454ec4cb2d61bd575997715a2d4672e40571383382d52bf545e2,sheet1:R7,,,
12de0aa5de53454e-sheet1-R8,2026-06-16,busan-busanjin,,대림숯불갈비,개금다락방 주민협의회 간담회 개최,150000,12de0aa5de53454ec4cb2d61bd575997715a2d4672e40571383382d52bf545e2,sheet1:R8,,,
12de0aa5de53454e-sheet3-R6,2026-06-23,busan-busanjin,,백년가마솥통닭,여름 집중호우대비 빗물받이 정비 관련 통장협의회 간담회 개최,189000,12de0aa5de53454ec4cb2d61bd575997715a2d4672e40571383382d52bf545e2,sheet3:R6,,,
12de0aa5de53454e-sheet4-R6,2026-06-17,busan-busanjin,,주식회사 미진미트 디어벨류,선거업무 추진 직원 격려 간담회 개최,407340,12de0aa5de53454ec4cb2d61bd575997715a2d4672e40571383382d52bf545e2,sheet4:R6,,,
12de0aa5de53454e-sheet4-R7,2026-06-30,busan-busanjin,,대림숯불갈비,직원 인사이동에 따른 간담회 개최,560000,12de0aa5de53454ec4cb2d61bd575997715a2d4672e40571383382d52bf545e2,sheet4:R7,,,
494955f1e1682cb7-table1-R2,2026-06-04,busan-busanjin,의회사무국,-,의원 경조사비 지출,50000,494955f1e1682cb79ffbcc407d9afe47e45145755c0661d9c90afc2306544d5f,table1:R2,,,
494955f1e1682cb7-table1-R3,2026-06-08,busan-busanjin,의회사무국,-,직원 경조사비 지출,50000,494955f1e1682cb79ffbcc407d9afe47e45145755c0661d9c90afc2306544d5f,table1:R3,,,
494955f1e1682cb7-table1-R4,2026-06-15,busan-busanjin,의회사무국,303화덕초읍,당면 현안 업무 추진 직원 격려 간담회 개최,108500,494955f1e1682cb79ffbcc407d9afe47e45145755c0661d9c90afc2306544d5f,table1:R4,,,
b2c9bc78045d0fe0-sheet1-R5,2026-06-11,busan-busanjin,부전2동,경북식당,주민자율방역단 격려 간담회 개최,200000,b2c9bc78045d0fe02f3f3774d70eb259a247878538624339ac986dab07968bec,sheet1:R5,,,
b2c9bc78045d0fe0-sheet1-R6,2026-06-17,busan-busanjin,부전2동,마당집,지역사회보장협의체 간담회 개최,342000,b2c9bc78045d0fe02f3f3774d70eb259a247878538624339ac986dab07968bec,sheet1:R6,,,
b2c9bc78045d0fe0-sheet1-R7,2026-06-26,busan-busanjin,부전2동,뜨락,주민자치위원회 간담회 개최,248000,b2c9bc78045d0fe02f3f3774d70eb259a247878538624339ac986dab07968bec,sheet1:R7,,,
b2c9bc78045d0fe0-sheet1-R8,2026-06-26,busan-busanjin,부전2동,경북식육센터,통장협의회 간담회 개최,300000,b2c9bc78045d0fe02f3f3774d70eb259a247878538624339ac986dab07968bec,sheet1:R8,,,
b2c9bc78045d0fe0-sheet3-R5,2026-06-12,busan-busanjin,부전2동,홍유단,직원 격려 간담회 개최,200000,b2c9bc78045d0fe02f3f3774d70eb259a247878538624339ac986dab07968bec,sheet3:R5,,,
b2c9bc78045d0fe0-sheet3-R6,2026-06-29,busan-busanjin,부전2동,경북식육센터,인사발령에 따른 직원 간담회 개최,172000,b2c9bc78045d0fe02f3f3774d70eb259a247878538624339ac986dab07968bec,sheet3:R6,,,
5009467729695bf8-table1-R2,2026-06-02,busan-busanjin,,개인(성명 비공개),직원 경조사 격려,50000,5009467729695bf8a92d78ca53b86ca8649910e1e61be40829eabcf24bc9ccd9,table1:R2,,,
5009467729695bf8-table1-R3,2026-06-19,busan-busanjin,,개인(성명 비공개),직원 경조사 격려,50000,5009467729695bf8a92d78ca53b86ca8649910e1e61be40829eabcf24bc9ccd9,table1:R3,,,
5009467729695bf8-table2-R2,2026-06-01,busan-busanjin,,고메스퀘어,행정지원국 추가경정예산안 의회 심의 대비 간담회,169500,5009467729695bf8a92d78ca53b86ca8649910e1e61be40829eabcf24bc9ccd9,table2:R2,,,
5009467729695bf8-table2-R3,2026-06-04,busan-busanjin,,초원식당,민선9기 구청장 공약사업 사전검토 간담회,134000,5009467729695bf8a92d78ca53b86ca8649910e1e61be40829eabcf24bc9ccd9,table2:R3,,,
5009467729695bf8-table2-R4,2026-06-12,busan-busanjin,,갯마을횟집,여름철 장마 및 폭염 대비 논의 간담회,221000,5009467729695bf8a92d78ca53b86ca8649910e1e61be40829eabcf24bc9ccd9,table2:R4,,,
5009467729695bf8-table2-R5,2026-06-23,busan-busanjin,,미가,독서문화 진흥 논의 간담회,300000,5009467729695bf8a92d78ca53b86ca8649910e1e61be40829eabcf24bc9ccd9,table2:R5,,,
5009467729695bf8-table2-R6,2026-06-30,busan-busanjin,,바다호호복국,민선9기 출범 준비 논의 간담회,84500,5009467729695bf8a92d78ca53b86ca8649910e1e61be40829eabcf24bc9ccd9,table2:R6,,,
cf300e6227b2d8e2-table1-R2,2026-06-02,busan-busanjin,,개인(성명 비공개),직원 경조사 격려,50000,cf300e6227b2d8e24a30a2e9c82cd238d5883c450ac66363685fe683283ae712,table1:R2,,,
cf300e6227b2d8e2-table1-R3,2026-06-02,busan-busanjin,,개인(성명 비공개),직원 경조사 격려,50000,cf300e6227b2d8e24a30a2e9c82cd238d5883c450ac66363685fe683283ae712,table1:R3,,,
cf300e6227b2d8e2-table1-R4,2026-06-04,busan-busanjin,,개인(성명 비공개),구의원 경조사비 지급,50000,cf300e6227b2d8e24a30a2e9c82cd238d5883c450ac66363685fe683283ae712,table1:R4,,,
cf300e6227b2d8e2-table1-R5,2026-06-11,busan-busanjin,,민속집,주차 문화 및 인프래 개선 논의 간담회,120000,cf300e6227b2d8e24a30a2e9c82cd238d5883c450ac66363685fe683283ae712,table1:R5,,,
cf300e6227b2d8e2-table1-R6,2026-06-12,busan-busanjin,,개인(성명 비공개),직원 경조사 격려,50000,cf300e6227b2d8e24a30a2e9c82cd238d5883c450ac66363685fe683283ae712,table1:R6,,,
cf300e6227b2d8e2-table1-R7,2026-06-17,busan-busanjin,,개인(성명 비공개),직원 경조사 격려,50000,cf300e6227b2d8e24a30a2e9c82cd238d5883c450ac66363685fe683283ae712,table1:R7,,,
cf300e6227b2d8e2-table1-R8,2026-06-29,busan-busanjin,,미송,선거 업무 격려 오찬 간담회,222000,cf300e6227b2d8e24a30a2e9c82cd238d5883c450ac66363685fe683283ae712,table1:R8,,,
cf300e6227b2d8e2-table2-R2,2026-06-08,busan-busanjin,,촉석루,부산 관계기관 합동 숙박업소 등 바가지요금 현장점검 간담회,262000,cf300e6227b2d8e24a30a2e9c82cd238d5883c450ac66363685fe683283ae712,table2:R2,,,
cf300e6227b2d8e2-table2-R3,2026-06-16,busan-busanjin,,스완양분식 외 1,바르게살기운동 활성화 논의 간담회,89500,cf300e6227b2d8e24a30a2e9c82cd238d5883c450ac66363685fe683283ae712,table2:R3,,,
cf300e6227b2d8e2-table2-R4,2026-06-18,busan-busanjin,,청진동 아구찜 외 1,바르게살기의날 기념식 관련 간담회,129400,cf300e6227b2d8e24a30a2e9c82cd238d5883c450ac66363685fe683283ae712,table2:R4,,,
f42af87d7d14ea20-sheet1-R3,2026-06-29,busan-busanjin,범천1동,흥미원,인사발령에 따른 간담회 개최,310000,f42af87d7d14ea20c35c2f4f66f7c9b617ce68da5936d9ba9e34395bc8a17796,sheet1:R3,,,
f42af87d7d14ea20-sheet2-R3,2026-06-09,busan-busanjin,범천1동,대송,새마을부녀회 운영 활성화를 위한 간담회 개최(수정),210000,f42af87d7d14ea20c35c2f4f66f7c9b617ce68da5936d9ba9e34395bc8a17796,sheet2:R3,,,
f42af87d7d14ea20-sheet2-R4,2026-06-25,busan-busanjin,범천1동,정마트,폭염 대비 관내 경로당 운영 점검 관련 다과 구입,190200,f42af87d7d14ea20c35c2f4f66f7c9b617ce68da5936d9ba9e34395bc8a17796,sheet2:R4,,,
f42af87d7d14ea20-sheet2-R5,2026-06-25,busan-busanjin,범천1동,정마트,범천1동 통장협의회 노고 격려 다과 구매,120000,f42af87d7d14ea20c35c2f4f66f7c9b617ce68da5936d9ba9e34395bc8a17796,sheet2:R5,,,
f42af87d7d14ea20-sheet2-R6,2026-06-29,busan-busanjin,범천1동,오월가,2026년 상반기 범천1동 유관단체 노고 격려 간담회 개최,350000,f42af87d7d14ea20c35c2f4f66f7c9b617ce68da5936d9ba9e34395bc8a17796,sheet2:R6,,,
7fbe3b2e3b146e40-sheet1-R3,2026-06-26,busan-busanjin,개금2동,삼신전문장례식장,유관단체장 부의금 지급,50000,7fbe3b2e3b146e40b19a4ebfb517e028a43646e95d9754d16f587698648008b3,sheet1:R3,,,
7fbe3b2e3b146e40-sheet2-R3,2026-06-18,busan-busanjin,개금2동,개금2동 예슬어린이집,2026년 「사랑의 희망저금통 나누기」 저금통 구입,202500,7fbe3b2e3b146e40b19a4ebfb517e028a43646e95d9754d16f587698648008b3,sheet2:R3,,,
7fbe3b2e3b146e40-sheet4-R4,2026-06-04,busan-busanjin,개금2동,신비숲가든 가야직영점,직원 격려 간담회 개최,393000,7fbe3b2e3b146e40b19a4ebfb517e028a43646e95d9754d16f587698648008b3,sheet4:R4,,,
472e0fcc72b9778c-sheet1-R6,2026-06-02,busan-busanjin,,㈜이마트문현점,제9회 전국동시지방선거 투·개표 지원상황실 관계자 간식 구입,299610,472e0fcc72b9778c800be47233a65a0e6c0b14f4d4b72d38c4fe333866641c11,sheet1:R6,,,
472e0fcc72b9778c-sheet1-R7,2026-06-02,busan-busanjin,,부산진지역자활센터/카페진,인사위원회 운영 관련 다과 등 구입,50000,472e0fcc72b9778c800be47233a65a0e6c0b14f4d4b72d38c4fe333866641c11,sheet1:R7,,,
472e0fcc72b9778c-sheet1-R8,2026-06-02,busan-busanjin,,맘스터치(시민공원점),제9회 전국동시지방선거 동 선거 관계자 격려 간식 구입,213930,472e0fcc72b9778c800be47233a65a0e6c0b14f4d4b72d38c4fe333866641c11,sheet1:R8,,,
472e0fcc72b9778c-sheet1-R9,2026-06-18,busan-busanjin,,스콜,제9회 전국동시지방선거 업무수행 직원 격려 간담회 개최,300000,472e0fcc72b9778c800be47233a65a0e6c0b14f4d4b72d38c4fe333866641c11,sheet1:R9,,,
472e0fcc72b9778c-sheet1-R10,2026-06-22,busan-busanjin,,네이버파이낸셜㈜,인사위원회 등 운영 관련 다과 등 구입,140000,472e0fcc72b9778c800be47233a65a0e6c0b14f4d4b72d38c4fe333866641c11,sheet1:R10,,,
472e0fcc72b9778c-sheet2-R6,2026-06-16,busan-busanjin,,오얏꽃상점,부서운영을 위한 커피 등 구입,200000,472e0fcc72b9778c800be47233a65a0e6c0b14f4d4b72d38c4fe333866641c11,sheet2:R6,,,
8f73b14b06632ac2-sheet1-R6,2026-06-02,busan-busanjin,,네이버파이낸셜㈜,내방객 접대용 음료 구입,61800,8f73b14b06632ac219d3eabab853c02a639d475359a5a0509ec3f905957c6976,sheet1:R6,,,
8f73b14b06632ac2-sheet1-R7,2026-06-11,busan-busanjin,,트레이더스 서면점,통장협의회 단합회 개최에 따른 다과 구입,233060,8f73b14b06632ac219d3eabab853c02a639d475359a5a0509ec3f905957c6976,sheet1:R7,,,
7e7a981090f910cf-sheet1-R6,2026-06-24,busan-busanjin,재무과,부산진지역자활센터/ 카페진(CAFEJIN),2026년 제1차 계약심의위원회 개최를 위한 다과 구입,100000,7e7a981090f910cfef6981131a9739c52e8ba04e75350705b7ad204d7012dcb4,sheet1:R6,,,
7e7a981090f910cf-sheet2-R6,2026-06-11,busan-busanjin,재무과,쿠팡,부서 운영을 위한 다과 구입,185710,7e7a981090f910cfef6981131a9739c52e8ba04e75350705b7ad204d7012dcb4,sheet2:R6,,,
7e7a981090f910cf-sheet2-R7,2026-06-12,busan-busanjin,재무과,트레이더스 서면점,부서 운영을 위한 다과 구입,114080,7e7a981090f910cfef6981131a9739c52e8ba04e75350705b7ad204d7012dcb4,sheet2:R7,,,
7e7a981090f910cf-sheet2-R8,2026-06-23,busan-busanjin,재무과,수선화 꽃집,2026년 상반기 청원경찰 퇴직자 송별 및 공무직 신규직원 오찬 간담회 개최,50000,7e7a981090f910cfef6981131a9739c52e8ba04e75350705b7ad204d7012dcb4,sheet2:R8,,,
7e7a981090f910cf-sheet2-R9,2026-06-25,busan-busanjin,재무과,블루샥 서면문화로점,2026년 상반기 청원경찰 퇴직자 송별 및 공무직 신규직원 오찬 간담회 개최,79200,7e7a981090f910cfef6981131a9739c52e8ba04e75350705b7ad204d7012dcb4,sheet2:R9,,,
7e7a981090f910cf-sheet2-R10,2026-06-30,busan-busanjin,재무과,사미헌 신관,7.1. 인사발령에 따른 직원 간담회 개최,617000,7e7a981090f910cfef6981131a9739c52e8ba04e75350705b7ad204d7012dcb4,sheet2:R10,,,
f347de0d342edb6d-sheet1-R6,2026-06-10,busan-busanjin,미래창조과,쿠팡,부서 운영을 위한 다과 구입,154450,f347de0d342edb6db537554f91ace99c38b6f86b7eb30ea18b4e40db9526a90a,sheet1:R6,,,
f347de0d342edb6d-sheet1-R7,2026-06-25,busan-busanjin,미래창조과,주식회사 미진마트 디어벨류,부서 주요사업 추진 격려 간담회 개최,217900,f347de0d342edb6db537554f91ace99c38b6f86b7eb30ea18b4e40db9526a90a,sheet1:R7,,,
f347de0d342edb6d-sheet1-R8,2026-06-30,busan-busanjin,미래창조과,고메스퀘어 부산양정점,인사발령에 따른 직원 간담회 개최,610200,f347de0d342edb6db537554f91ace99c38b6f86b7eb30ea18b4e40db9526a90a,sheet1:R8,,,
cf9d166cceca8b09-sheet1-R6,2026-06-19,busan-busanjin,보건행정과,착한밥상,2026년 6월 민관 합동 동시 방역의 날 간담회 개최,126000,cf9d166cceca8b09e6471fc3a7247bab9053c48dbab7b1e67203f2c97ef60f71,sheet1:R6,,,
cf9d166cceca8b09-sheet3-R6,2026-06-12,busan-busanjin,보건행정과,교동면옥,직원 격려 간담회 개최,767000,cf9d166cceca8b09e6471fc3a7247bab9053c48dbab7b1e67203f2c97ef60f71,sheet3:R6,,,
cf9d166cceca8b09-sheet3-R7,2026-06-26,busan-busanjin,보건행정과,소문난홍대김치보쌈,직원 격려 간담회 개최,291000,cf9d166cceca8b09e6471fc3a7247bab9053c48dbab7b1e67203f2c97ef60f71,sheet3:R7,,,
7c77d8b778e1d7d6-sheet1-R6,2026-03-24,busan-busanjin,가족지원과,부산진지역자활센터/카페진(CAFEJIN),2026년 발달장애인 담당 공무원 대상 '찾아가는 사업 설명회' 에 따른 간담회 개최 및 다과 구입,63500,7c77d8b778e1d7d67cd7c9c8a5d324aaaa37b4611d91a6e66b3ae8b4a752bd1a,sheet1:R6,,,
7c77d8b778e1d7d6-sheet2-R6,2026-06-02,busan-busanjin,가족지원과,급행장차이나,직원 노고 격려 간담회 개최,398000,7c77d8b778e1d7d67cd7c9c8a5d324aaaa37b4611d91a6e66b3ae8b4a752bd1a,sheet2:R6,,,
fbbc847089f87721-sheet1-R6,2026-06-16,busan-busanjin,아동청소년과,트레이더스,아동학대 대응 정보연계협의체 회의 및 아동학대 조사 관련 내방자용 다과 구입,96620,fbbc847089f8772142c164c8925447d297962616674ab018e75518304ddf6dd7,sheet1:R6,,,
fbbc847089f87721-sheet1-R7,2026-06-22,busan-busanjin,아동청소년과,진카페,2026년 제2차 드림스타트 슈퍼비전회의 음료 구입,16000,fbbc847089f8772142c164c8925447d297962616674ab018e75518304ddf6dd7,sheet1:R7,,,
fbbc847089f87721-sheet1-R8,2026-06-29,busan-busanjin,아동청소년과,파리바게뜨,2026년 제2차 드림스타트 아동복지기관협의체 다과 구입,25100,fbbc847089f8772142c164c8925447d297962616674ab018e75518304ddf6dd7,sheet1:R8,,,
fbbc847089f87721-sheet1-R9,2026-06-29,busan-busanjin,아동청소년과,진카페,2026년 제2차 드림스타트 아동복지기관협의체 음료 구입,39500,fbbc847089f8772142c164c8925447d297962616674ab018e75518304ddf6dd7,sheet1:R9,,,
fbbc847089f87721-sheet2-R6,2026-06-23,busan-busanjin,아동청소년과,트레이더스,직원 격려 및 방문 민원 접대용 음료 구입,72820,fbbc847089f8772142c164c8925447d297962616674ab018e75518304ddf6dd7,sheet2:R6,,,
fbbc847089f87721-sheet2-R7,2026-06-24,busan-busanjin,아동청소년과,스콜,현안사항 및 업무연찬 간담회 개최,129000,fbbc847089f8772142c164c8925447d297962616674ab018e75518304ddf6dd7,sheet2:R7,,,
fbbc847089f87721-sheet2-R8,2026-06-25,busan-busanjin,아동청소년과,트레이더스,직원 격려 및 방문 민원 접대용 음료 구입,71540,fbbc847089f8772142c164c8925447d297962616674ab018e75518304ddf6dd7,sheet2:R8,,,
fbbc847089f87721-sheet2-R9,2026-06-30,busan-busanjin,아동청소년과,프리모,인사이동에 따른 간담회 개최,252000,fbbc847089f8772142c164c8925447d297962616674ab018e75518304ddf6dd7,sheet2:R9,,,
b82edd474212fbfb-sheet2-R6,2026-06-05,busan-busanjin,양정1동,하삼동커피 양정점,고유가피해지원금 지급 관련 격려 다과 구입,85000,b82edd474212fbfbef2d2706b5e0437fad2e2edf5317978ac0e796d6765bcb4f,sheet2:R6,,,
b82edd474212fbfb-sheet2-R7,2026-06-18,busan-busanjin,양정1동,원양,주민자치위원회 임원진과의 간담회 개최,200000,b82edd474212fbfbef2d2706b5e0437fad2e2edf5317978ac0e796d6765bcb4f,sheet2:R7,,,
b82edd474212fbfb-sheet4-R6,2026-06-05,busan-busanjin,양정1동,미가,직원 노고격려 간담회 개최,490000,b82edd474212fbfbef2d2706b5e0437fad2e2edf5317978ac0e796d6765bcb4f,sheet4:R6,,,
b82edd474212fbfb-sheet4-R7,2026-06-25,busan-busanjin,양정1동,쿠팡,직원 사기진작을 위한 다과 등 구입,226090,b82edd474212fbfbef2d2706b5e0437fad2e2edf5317978ac0e796d6765bcb4f,sheet4:R7,,,
b82edd474212fbfb-sheet4-R8,2026-06-30,busan-busanjin,양정1동,초원농원,직원 인사이동에 따른 간담회 개최,274000,b82edd474212fbfbef2d2706b5e0437fad2e2edf5317978ac0e796d6765bcb4f,sheet4:R8,,,
9d92b2c17765dce0-sheet2-R6,2026-06-09,busan-busanjin,,외식일번가,주차행정계 직원 격려 간담회 개최,243000,9d92b2c17765dce0c4244df0f234603b183d559a3509e0cac5dd451750d0e867,sheet2:R6,,,
9d92b2c17765dce0-sheet2-R7,2026-06-09,busan-busanjin,,SSG닷컴,부서운영 접대용 다과 등 구입,297060,9d92b2c17765dce0c4244df0f234603b183d559a3509e0cac5dd451750d0e867,sheet2:R7,,,
9d92b2c17765dce0-sheet2-R8,2026-06-29,busan-busanjin,,사미헌,직원 격려 간담회 개최,439900,9d92b2c17765dce0c4244df0f234603b183d559a3509e0cac5dd451750d0e867,sheet2:R8,,,
fbb73642b51c104c-sheet1-R6,2026-06-12,busan-busanjin,,홈플러스,부서운영을 위한 다과 구입,190980,fbb73642b51c104c3d439d9deab0e362d18b4fc93fc651128d4104f334963e75,sheet1:R6,,,
3931dcaa1ad2bdda-sheet2-R5,2026-06-02,busan-busanjin,감사담당관,SSG.COM,市 중소규모 건설사업장 안전관리 특정감사 수행에 따른 다과 구입,85020,3931dcaa1ad2bddafe5bff2c255c64fb7544ac83d7422ae1c254fbded1a17721,sheet2:R5,,,
d548947f60b2d4b0-sheet2-R6,2026-06-15,busan-busanjin,교통행정과,관내 식당,차 없는 거리(단시간 근로자) 격려 간담회,78000,d548947f60b2d4b0ab538e1bde7782552280f0dcd567fea73fa0cae7d2813ece,sheet2:R6,,,
d548947f60b2d4b0-sheet2-R7,2026-06-25,busan-busanjin,교통행정과,관내 식당,2분기 부산진구 교통안전실무협의체 실무자 간담회,205000,d548947f60b2d4b0ab538e1bde7782552280f0dcd567fea73fa0cae7d2813ece,sheet2:R7,,,
d548947f60b2d4b0-sheet3-R6,2026-06-18,busan-busanjin,교통행정과,쿠팡,부서운영 접대용 다과 등 구입,182690,d548947f60b2d4b0ab538e1bde7782552280f0dcd567fea73fa0cae7d2813ece,sheet3:R6,,,
940ebf1eb4e33ba9-sheet1-R6,2026-05-04,busan-busanjin,양정2동,개인(성명 비공개),직원 경조사 부의금 지급,50000,940ebf1eb4e33ba92b8c9eb9bdf40e306162e7756e4e0621c5bad30dffc4eedf,sheet1:R6,,,
940ebf1eb4e33ba9-sheet4-R6,2026-05-13,busan-busanjin,양정2동,에스에스지페이먼츠,직원 격려용 다과류 구입,159500,940ebf1eb4e33ba92b8c9eb9bdf40e306162e7756e4e0621c5bad30dffc4eedf,sheet4:R6,,,
3cf0615bc0f7e1d8-sheet4-R4,2026-05-06,busan-busanjin,개금2동,텐퍼센트커피개금인제백병원점,직원 격려 간담회 개최,65000,3cf0615bc0f7e1d88b2eb521136f53868aad58875fb2e4a8eeb30dab87ce74b1,sheet4:R4,,,
1fe7989a6f61f6ec-sheet2-R6,2026-05-04,busan-busanjin,,직원,직원 경조사 부의금 지급,50000,1fe7989a6f61f6ec9198504faaf2e06bae28de6314bcd6a2a48e7b754ac2847e,sheet2:R6,,,
1fe7989a6f61f6ec-sheet2-R7,2026-05-14,busan-busanjin,,SSG,방문민원 접대용 다과 구입,223560,1fe7989a6f61f6ec9198504faaf2e06bae28de6314bcd6a2a48e7b754ac2847e,sheet2:R7,,,
bec6da6384ea350e-sheet1-R6,2026-05-13,busan-busanjin,도시관리국,스콜,공동주택 공동시설물 지원사업 관계자 격려 간담회,229000,bec6da6384ea350e6c02d79f186682552fd4ceecb80390206d0dbc64273b0098,sheet1:R6,,,
bec6da6384ea350e-sheet1-R7,2026-05-15,busan-busanjin,도시관리국,남해장어,공원녹지과 직원 격려 간담회 개최,250000,bec6da6384ea350e6c02d79f186682552fd4ceecb80390206d0dbc64273b0098,sheet1:R7,,,
e2fec4d0fb50a5ca-sheet1-R6,2026-05-22,busan-busanjin,문화경제국,개인(성명 비공개),문화경제국 기관운영업무추진비 지급,50000,e2fec4d0fb50a5ca80d144f01699433461672a4d97bfcbabbfcd36784aaaa5f6,sheet1:R6,,,
b99f5e1549936a6d-sheet1-R6,2026-05-13,busan-busanjin,문화체육과,카페진,청소년예술학교 여름방학 수업 간담회 개최,50000,b99f5e1549936a6d56c1195238fa58b8ecec6f272b7a56510107262e9c8e72ef,sheet1:R6,,,
77044e35dee88400-sheet1-R6,2026-05-14,busan-busanjin,복지정책과,쿠팡,부서운영을 위한 다과 운영,248080,77044e35dee88400dddf977b8f6fbe370161f8c9c04da2a34fd28a7d6c660c76,sheet1:R6,,,
a7c332e5876cbf19-sheet2-R6,2026-05-11,busan-busanjin,복지정책과,사랑채,시설 안전관리 현장점검 관련 간담회,155000,a7c332e5876cbf1966f6de299f918a5593c0124ab1513e3b1bd78eed5bc3102a,sheet2:R6,,,
60e380dd1e1d0c97-table1-R2,2026-05-12,busan-busanjin,의회사무국,영광도서,2026년 가정의달 기념 및 직원 문화활동 지원을 위한 상품권 구입,990000,60e380dd1e1d0c978fe3744ed2ca175272fddcbe7d266bd0b972de006ad84890,table1:R2,,,
60e380dd1e1d0c97-table2-R2,2026-05-08,busan-busanjin,의회사무국,지페이먼츠,전문위원실 차 구입,103270,60e380dd1e1d0c978fe3744ed2ca175272fddcbe7d266bd0b972de006ad84890,table2:R2,,,
60e380dd1e1d0c97-table2-R3,2026-05-21,busan-busanjin,의회사무국,만배아리랑보쌈,당면 현안 업무 추진을 위한 관계자와의 간담회 개최 건의,139000,60e380dd1e1d0c978fe3744ed2ca175272fddcbe7d266bd0b972de006ad84890,table2:R3,,,
60e380dd1e1d0c97-table3-R2,2026-05-08,busan-busanjin,의회사무국,쏘쏘사라다,직원 사기진작을 위한 간식 구입,112500,60e380dd1e1d0c978fe3744ed2ca175272fddcbe7d266bd0b972de006ad84890,table3:R2,,,
60e380dd1e1d0c97-table3-R3,2026-05-11,busan-busanjin,의회사무국,쿠팡,부서운영을 위한 다과 구입,446880,60e380dd1e1d0c978fe3744ed2ca175272fddcbe7d266bd0b972de006ad84890,table3:R3,,,
e47a4e25a2a328f0-sheet1-R6,2026-05-13,busan-busanjin,정책기획실,명자네,정책기획실 시책 추진방향 논의 및 소통 간담회,62000,e47a4e25a2a328f090b9af94db665c1d07f340cdbedb0fd733447c7be3972c2c,sheet1:R6,,,
e47a4e25a2a328f0-sheet1-R7,2026-05-22,busan-busanjin,정책기획실,다금,정책기획실 시책 추진방향 논의 및 소통 간담회,85500,e47a4e25a2a328f090b9af94db665c1d07f340cdbedb0fd733447c7be3972c2c,sheet1:R7,,,
e47a4e25a2a328f0-sheet2-R6,2026-05-14,busan-busanjin,정책기획실,303화덕초읍,현안사항 논의 및 업무연찬을 위한 간담회,70600,e47a4e25a2a328f090b9af94db665c1d07f340cdbedb0fd733447c7be3972c2c,sheet2:R6,,,
e47a4e25a2a328f0-sheet2-R7,2026-05-20,busan-busanjin,정책기획실,기획예산과,정책기획실 기관운영업무추진비 지급,50000,e47a4e25a2a328f090b9af94db665c1d07f340cdbedb0fd733447c7be3972c2c,sheet2:R7,,,
afeddaa47334d02b-sheet1-R3,2026-05-13,busan-busanjin,범천1동,오월가,인사발령에 따른 간담회 개최,388550,afeddaa47334d02be8f4cb497d8239749fe0762424ade2bf09e88204b1b5d103,sheet1:R3,,,
1331e7d979afa45d-sheet1-R6,2026-05-12,busan-busanjin,민원여권과,사미헌,직원 간담회 개최,263500,1331e7d979afa45d1e0986d2b0df43c84b0300334756d928c6d6bf4e23ebce31,sheet1:R6,,,
b174bf8dc2fdde61-sheet1-R6,2026-05-15,busan-busanjin,보건행정과,착한밥상,2026년 5월 민관 합동 동시 방역의 날 간담회 개최,120000,b174bf8dc2fdde613632d98d8428cbcb9b17dbdbf71021b21e607a8a9269f52f,sheet1:R6,,,
b174bf8dc2fdde61-sheet4-R6,2026-05-11,busan-busanjin,보건행정과,메추삼계탕,지역보건의료계획 평가 우수기관 선정에 따른 직원 격려 간담회 개최,179000,b174bf8dc2fdde613632d98d8428cbcb9b17dbdbf71021b21e607a8a9269f52f,sheet4:R6,,,
666ab4af4376319f-sheet4-R6,2026-05-08,busan-busanjin,양정1동,코지하우스 부산시민공원점,직원 노고격려 간담회 개최,134500,666ab4af4376319febbc1f4eb8aee92387378f7d646b1f2fe8198747ae3d202c,sheet4:R6,,,
665f2bfb45c5d2ff-sheet1-R6,2026-05-11,busan-busanjin,,파리바게뜨 진구청점,제9회 전국동시지방선거 동 선거 관계자 격려 간식 구입,300000,665f2bfb45c5d2ff884c7511460155547900b19cd08e0a3f6ddf05196f2e3e23,sheet1:R6,,,
665f2bfb45c5d2ff-sheet1-R7,2026-05-15,busan-busanjin,,트레이더스 서면점,제9회 전국동시지방선거 선거인명부 점검 관련 다과 구입,199100,665f2bfb45c5d2ff884c7511460155547900b19cd08e0a3f6ddf05196f2e3e23,sheet1:R7,,,
665f2bfb45c5d2ff-sheet1-R8,2026-05-22,busan-busanjin,,탁사발두부공방서면점,제9회 전국동시지방선거 선거인명부 점검 격려 오찬 간담회 개최,400000,665f2bfb45c5d2ff884c7511460155547900b19cd08e0a3f6ddf05196f2e3e23,sheet1:R8,,,
665f2bfb45c5d2ff-sheet1-R9,2026-05-21,busan-busanjin,,트레이더스 서면점,제9회 전국동시지방선거 동 선거 관계자 격려 간식 구입,348860,665f2bfb45c5d2ff884c7511460155547900b19cd08e0a3f6ddf05196f2e3e23,sheet1:R9,,,
665f2bfb45c5d2ff-sheet1-R10,2026-05-21,busan-busanjin,,앨리스 빵공장,제9회 전국동시지방선거 선거인명부 확정상황 점검 관계자 간식 구입,91400,665f2bfb45c5d2ff884c7511460155547900b19cd08e0a3f6ddf05196f2e3e23,sheet1:R10,,,
665f2bfb45c5d2ff-sheet2-R6,2026-05-12,busan-busanjin,,㈜이마트연제점,부서운영을 위한 다과 등 구입,256560,665f2bfb45c5d2ff884c7511460155547900b19cd08e0a3f6ddf05196f2e3e23,sheet2:R6,,,
87ceea7555f1d513-table1-R2,2026-05-12,busan-busanjin,,조방낙지,지속가능발전 추진과제 논의 간담회,84000,87ceea7555f1d51385449a15d6479bfb6b310458329c113f854aa11c770b65e8,table1:R2,,,
87ceea7555f1d513-table1-R3,2026-05-13,busan-busanjin,,개인(성명 비공개),직원 경조사 격려,50000,87ceea7555f1d51385449a15d6479bfb6b310458329c113f854aa11c770b65e8,table1:R3,,,
87ceea7555f1d513-table1-R4,2026-05-14,busan-busanjin,,개인(성명 비공개),직원 경조사 격려,50000,87ceea7555f1d51385449a15d6479bfb6b310458329c113f854aa11c770b65e8,table1:R4,,,
87ceea7555f1d513-table1-R5,2026-05-22,busan-busanjin,,개인(성명 비공개),직원 경조사 격려,50000,87ceea7555f1d51385449a15d6479bfb6b310458329c113f854aa11c770b65e8,table1:R5,,,
87ceea7555f1d513-table2-R2,2026-05-28,busan-busanjin,,다원 외 1,행정지원국 업무보고 자료 논의 간담회,64000,87ceea7555f1d51385449a15d6479bfb6b310458329c113f854aa11c770b65e8,table2:R2,,,
15de55d02aecd832-table1-R2,2026-05-04,busan-busanjin,,개인(성명 비공개),직원 경조사 격려,50000,15de55d02aecd8322cda3c306884816698612713c86b1fd49979657b4a2c9ae4,table1:R2,,,
15de55d02aecd832-table1-R3,2026-05-07,busan-busanjin,,미락칼국수 외 1,민원여권과 직원 간담회,100400,15de55d02aecd8322cda3c306884816698612713c86b1fd49979657b4a2c9ae4,table1:R3,,,
15de55d02aecd832-table1-R4,2026-05-08,busan-busanjin,,사리원,도로관리과 직원 간담회,89000,15de55d02aecd8322cda3c306884816698612713c86b1fd49979657b4a2c9ae4,table1:R4,,,
15de55d02aecd832-table1-R5,2026-05-12,busan-busanjin,,이마트(SSG),부구청장실 내방객 제공 다과 등 구입,151680,15de55d02aecd8322cda3c306884816698612713c86b1fd49979657b4a2c9ae4,table1:R5,,,
15de55d02aecd832-table1-R6,2026-05-14,busan-busanjin,,개인(성명 비공개),직원 경조사 격려,50000,15de55d02aecd8322cda3c306884816698612713c86b1fd49979657b4a2c9ae4,table1:R6,,,
15de55d02aecd832-table1-R7,2026-05-22,busan-busanjin,,엘리스 빵공장,제9회 전국동시지방선거 수행 직원 격려용 간식 구입,1371000,15de55d02aecd8322cda3c306884816698612713c86b1fd49979657b4a2c9ae4,table1:R7,,,
15de55d02aecd832-table2-R2,2026-05-04,busan-busanjin,,사미헌 외 1,관내 교통시설 개선 논의를 위한 간담회,135000,15de55d02aecd8322cda3c306884816698612713c86b1fd49979657b4a2c9ae4,table2:R2,,,
15de55d02aecd832-table2-R3,2026-05-14,busan-busanjin,,미송,지방세입 확충 시책 발굴 논의 감담회,200000,15de55d02aecd8322cda3c306884816698612713c86b1fd49979657b4a2c9ae4,table2:R3,,,
15de55d02aecd832-table2-R4,2026-05-21,busan-busanjin,,삼다진족서면점 외 1,지방세입 체납관리단 추진사업 논의 간담회,110500,15de55d02aecd8322cda3c306884816698612713c86b1fd49979657b4a2c9ae4,table2:R4,,,
15de55d02aecd832-table2-R5,2026-05-28,busan-busanjin,,소소수산 외 1,고유가 피해지원금 업무 격려 간담회,171000,15de55d02aecd8322cda3c306884816698612713c86b1fd49979657b4a2c9ae4,table2:R5,,,
edcf1ab55ebfa596-sheet1-R6,2026-05-22,busan-busanjin,,카페진,유관기관 합동 소방출동로 확보 훈련 격려,100000,edcf1ab55ebfa596a4dcb4b409574c873dc105bc9032ca05c009f5d3334a947a,sheet1:R6,,,
edcf1ab55ebfa596-sheet2-R6,2026-05-22,busan-busanjin,,모어샌드위치,「부처님 오신 날」불법주정차 특별단속 근무 직원 다과 등 구입,200000,edcf1ab55ebfa596a4dcb4b409574c873dc105bc9032ca05c009f5d3334a947a,sheet2:R6,,,
bbdde09499108c88-sheet2-R6,2026-05-14,busan-busanjin,재무과,사미헌 신관,5.11. 인사발령에 따른 직원 간담회 개최,165100,bbdde09499108c88aea4214a21d1b7bd243b5addb27bb18f50afbf9dd32e3d89,sheet2:R6,,,
bbdde09499108c88-sheet2-R7,2026-05-14,busan-busanjin,재무과,텐퍼센트 커피 서면문화로점,5.11. 인사발령에 따른 직원 간담회 개최,29500,bbdde09499108c88aea4214a21d1b7bd243b5addb27bb18f50afbf9dd32e3d89,sheet2:R7,,,
e009fca952d342ab-sheet3-R5,2026-05-22,busan-busanjin,당감2동,이디야부암점,직원 격려 다과 등 구입,168000,e009fca952d342ab71fdd8cae27802ef91c4525d93c913fd76ef12f7ef1134b6,sheet3:R5,,,
13b99e54d6b39f7e-sheet1-R6,2026-05-18,busan-busanjin,가족지원과,부산진지역자활센터/카페진(CAFEJIN),노인의료복지시설 인권지킴이 회의 개최 관련 다과 구입,30500,13b99e54d6b39f7e3f5b936744a4577f7cef920cebc35de51e3f91d1fb3afcb7,sheet1:R6,,,
13b99e54d6b39f7e-sheet1-R7,2026-05-18,busan-busanjin,가족지원과,(주)코지하우스코리아,장애인 지역사회 자립지원 사업에 따른 간담회 개최,150000,13b99e54d6b39f7e3f5b936744a4577f7cef920cebc35de51e3f91d1fb3afcb7,sheet1:R7,,,
8a24f07132e8d619-sheet1-R6,2026-05-27,busan-busanjin,,커피김서방찹쌀떡외 1,주민자치 프로그램 수료식 간담회 개최,132300,8a24f07132e8d619adccd3b2d357f4187c3982f025ffec109c2cea6d110338f4,sheet1:R6,,,
b10089dc60b25d5e-sheet1-R5,2026-05-29,busan-busanjin,부전2동,쿠팡,방문민원 및 유관단체 회의 접대용 다과 구입,249090,b10089dc60b25d5e127816b541b8f303440fb661da9acd26f7053241ee891a87,sheet1:R5,,,
22d8590974f18ace-sheet1-R6,2026-05-11,busan-busanjin,세무2과,외식일번가,월활한 업무 소통을 위한 세무서 국세 담당자와 간담회 개최,279000,22d8590974f18acecf2b3b96804695db6333b0aadeefa26e134dbb71a989dee9,sheet1:R6,,,
22d8590974f18ace-sheet1-R7,2026-05-26,busan-busanjin,세무2과,외식일번가,체납액 정리를 위한 간담회 개최,119000,22d8590974f18acecf2b3b96804695db6333b0aadeefa26e134dbb71a989dee9,sheet1:R7,,,
22d8590974f18ace-sheet2-R6,2026-05-08,busan-busanjin,세무2과,외식일번가,직원 격려 간담회 개최,359000,22d8590974f18acecf2b3b96804695db6333b0aadeefa26e134dbb71a989dee9,sheet2:R6,,,
22d8590974f18ace-sheet2-R7,2026-05-28,busan-busanjin,세무2과,외식일번가,직원 격려 간담회 개최,555000,22d8590974f18acecf2b3b96804695db6333b0aadeefa26e134dbb71a989dee9,sheet2:R7,,,
8ffe4e2f6d0892af-sheet1-R6,2026-05-14,busan-busanjin,,홈플러스,부서운영을 위한 다과 구입,130340,8ffe4e2f6d0892af9ce8c74c848ec83bfce348bfca6ef32b69f5df6cb84a9984,sheet1:R6,,,
20ebb6d8cc33a7f6-sheet2-R6,2026-05-15,busan-busanjin,교통행정과,파리바게트,차 없는 거리(단시간 근로자) 격려 간식 구입,75000,20ebb6d8cc33a7f685279fc250c9facd735db269aff85daa516bba43284d54c6,sheet2:R6,,,
5687f01cb3e69d32-sheet2-R6,2026-05-07,busan-busanjin,아동청소년과,지마켓,직원 격려 및 방문 민원 접대용 음료 구입,216700,5687f01cb3e69d3271fa2667462aa88989d3d3b63960be5cb8103d0e6cb2745a,sheet2:R6,,,
c38d137ade3e7574-sheet2-R5,2026-05-07,busan-busanjin,감사담당관,SSG.COM,市 하천계곡 주변 불법점용 시설물 관리실태 안전감찰 수행에 따른 다과 구입,97710,c38d137ade3e757436179675b46a48de85b896a6d043bbd304497fffb0ee36fe,sheet2:R5,,,
c62977ba88dc21f6-sheet1-R7,2026-04-09,busan-busanjin,환경위생과,길가온삼계탕,동천 업무 담당자 격려 간담회 개최,280000,c62977ba88dc21f6ad894f492f9379900ac9a9b21445a1a1b9fc42405121bd75,sheet1:R7,,,
c62977ba88dc21f6-sheet2-R7,2026-04-27,busan-busanjin,환경위생과,외식일번가 부산진구점,출산휴가 예정 직원 격려 간담회 개최,354000,c62977ba88dc21f6ad894f492f9379900ac9a9b21445a1a1b9fc42405121bd75,sheet2:R7,,,
70b1d1607c59eeca-sheet1-R6,2026-04-01,busan-busanjin,양정2동,지코바양정1호점,동 현안 업무 논의를 위한 간담회 개최,74500,70b1d1607c59eecaa6652d8e6e8c1a0823d961a6595fcd6520ddd0894ae1bdb0,sheet1:R6,,,
5c18249799e62667-sheet1-R6,2026-04-01,busan-busanjin,도시관리국,-,도시관리국 기관운영업무추진비 지급,50000,5c18249799e626678a4b1c8e2cf30202acdc081eb1351e416afa6cbf0c6b8ff2,sheet1:R6,,,
5c18249799e62667-sheet1-R7,2026-04-24,busan-busanjin,도시관리국,갯마을횟집,도시관리국 간부공무원 간담회 개최,295000,5c18249799e626678a4b1c8e2cf30202acdc081eb1351e416afa6cbf0c6b8ff2,sheet1:R7,,,
cc0908914ee9db7c-sheet1-R6,2026-04-08,busan-busanjin,,골목 숙성회,행정담당 직원 노고 격려 간담회 개최,244000,cc0908914ee9db7c75a033fa0661ace412e7b4e48a7c73cc0ec588618bf2b268,sheet1:R6,,,
cc0908914ee9db7c-sheet1-R7,2026-04-17,busan-busanjin,,국시랑술이랑,복지담당 직원 노고 격려 간담회 개최,280000,cc0908914ee9db7c75a033fa0661ace412e7b4e48a7c73cc0ec588618bf2b268,sheet1:R7,,,
cc0908914ee9db7c-sheet1-R8,2026-04-20,busan-busanjin,,민진로스팅외 1,내방민원 접대용 다과(커피 등) 구입,198190,cc0908914ee9db7c75a033fa0661ace412e7b4e48a7c73cc0ec588618bf2b268,sheet1:R8,,,
1da368903e211de9-sheet1-R6,2026-04-13,busan-busanjin,일자리산업과,쿠팡,부서 다과 구입,198240,1da368903e211de979d74a30458b092d20ca4e23974f77b0e309d1c78c5b0271,sheet1:R6,,,
1da368903e211de9-sheet2-R6,2026-04-14,busan-busanjin,일자리산업과,카페진,청년친화도시 정책교류 간담회,14000,1da368903e211de979d74a30458b092d20ca4e23974f77b0e309d1c78c5b0271,sheet2:R6,,,
f0ed697eabec0c4b-sheet1-R6,2026-04-30,busan-busanjin,문화체육과,쿠팡,부서운영 다과 구입,149150,f0ed697eabec0c4be6e3b83cb6147ae759d19a7cc09c0c7225b4367e44684ff7,sheet1:R6,,,
f0ed697eabec0c4b-sheet2-R6,2026-04-28,busan-busanjin,문화체육과,조방낙지,청소년예술학교 발표회 관련 강사 간담회 개최,211000,f0ed697eabec0c4be6e3b83cb6147ae759d19a7cc09c0c7225b4367e44684ff7,sheet2:R6,,,
0bbab6089a78f902-sheet2-R6,2026-04-16,busan-busanjin,복지정책과,트레이더스 서면점,2026년 4월 부산진구 통합지원회의 관련 다과 구입,99360,0bbab6089a78f9022d92279e2ce2173dfe38c075a4a8fddf3e63fa53834d815f,sheet2:R6,,,
ee1c445ed45cdfcf-sheet1-R6,2026-04-20,busan-busanjin,주민복지국,개인(성명 비공개),주민복지국 기관운영업무추진비 지급,50000,ee1c445ed45cdfcf9a7fe64d5d48c15c670aea73cedd68670790ef4d30cc64ff,sheet1:R6,,,
ee1c445ed45cdfcf-sheet1-R7,2026-04-21,busan-busanjin,주민복지국,부산진지역자활센터(카페진),2026년 현안업무 추진 노고 격려 간담회(아동청소년과),200000,ee1c445ed45cdfcf9a7fe64d5d48c15c670aea73cedd68670790ef4d30cc64ff,sheet1:R7,,,
ee1c445ed45cdfcf-sheet1-R8,2026-04-22,busan-busanjin,주민복지국,"토스트럭, 부산진지역자활센터(카페진)",2026년 현안업무 추진 노고 격려 간담회(복지정책과),199000,ee1c445ed45cdfcf9a7fe64d5d48c15c670aea73cedd68670790ef4d30cc64ff,sheet1:R8,,,
ee1c445ed45cdfcf-sheet1-R9,2026-04-23,busan-busanjin,주민복지국,이삭토스트,2026년 현안업무 추진 노고 격려 간담회(생활보장과),199300,ee1c445ed45cdfcf9a7fe64d5d48c15c670aea73cedd68670790ef4d30cc64ff,sheet1:R9,,,
ee1c445ed45cdfcf-sheet1-R10,2026-04-24,busan-busanjin,주민복지국,"이삭토스트, 부산진지역자활센터(카페진)",2026년 현안업무 추진 노고 격려 간담회(가족지원과과),196400,ee1c445ed45cdfcf9a7fe64d5d48c15c670aea73cedd68670790ef4d30cc64ff,sheet1:R10,,,
49df6d6f3de78520-table1-R2,2026-04-07,busan-busanjin,의회사무국,Gardena,당면 현안 업무 추진 직원 격려 간담회 개최,104500,49df6d6f3de78520c71992459471176ac745781f01ec60f0277547cca2f3c023,table1:R2,,,
49df6d6f3de78520-table1-R3,2026-04-10,busan-busanjin,의회사무국,해쉬,당면 현안 업무 추진 직원 격려 간담회 개최,77000,49df6d6f3de78520c71992459471176ac745781f01ec60f0277547cca2f3c023,table1:R3,,,
49df6d6f3de78520-table1-R4,2026-04-10,busan-busanjin,의회사무국,디노바 라숲,당면 현안 업무 추진 직원 격려 간담회 개최,33000,49df6d6f3de78520c71992459471176ac745781f01ec60f0277547cca2f3c023,table1:R4,,,
f379359599902c35-table2-R2,2026-04-13,busan-busanjin,의회사무국,주식회사 급행장,의회 홍보 활성화를 위한 언론사 기자 간담회 개최,58000,f379359599902c351d028d8f4fae75f7d0f0ef55430d691cd78ba363934e1ae2,table2:R2,,,
f379359599902c35-table2-R3,2026-04-22,busan-busanjin,의회사무국,수복원,의회 홍보 방안 논의를 위한 관계자와의 간담회,150000,f379359599902c351d028d8f4fae75f7d0f0ef55430d691cd78ba363934e1ae2,table2:R3,,,
f379359599902c35-table2-R4,2026-04-27,busan-busanjin,의회사무국,가야정,당면 현안 업무 추진을 위한 관계자와의 간담회 개최 건의,350000,f379359599902c351d028d8f4fae75f7d0f0ef55430d691cd78ba363934e1ae2,table2:R4,,,
c9c39513ea5562cf-sheet1-R3,2026-04-28,busan-busanjin,개금2동,개인(성명 비공개),직원 경조사 지급,50000,c9c39513ea5562cf005535800af03fd09ed841eacfb9796f60052690a34caa8e,sheet1:R3,,,
c8ac7a9c25dbcb72-sheet2-R6,2026-04-06,busan-busanjin,,트레이더스 서면점,민원접대용 음료 및 다과 구입,248300,c8ac7a9c25dbcb72e84e1b0bb9dee78ec1f9df5f22ede2894ad45d4e924602b3,sheet2:R6,,,
2ab14b163170b29a-sheet2-R6,2026-04-02,busan-busanjin,,SSG닷컴,부서운영 접대용 다과 등 구입,287480,2ab14b163170b29ae659ea40ba97e582bc5a265b488f2d404b38b991b64e683d,sheet2:R6,,,
ac6af073509154e3-sheet4-R6,2026-04-09,busan-busanjin,,SSG,직원 사기진작을 위한 다과 구입,293380,ac6af073509154e310c6a2145ab8030e18f1edf761a0077acd73c42de1780fb8,sheet4:R6,,,
a3922f60c4c93ff1-sheet1-R6,2026-04-09,busan-busanjin,,진카페,인사위원회 운영 관련 다과 등 구입,50000,a3922f60c4c93ff1720b3b4d9895ce732a4005b3a3a6de92adc6fcec370a074e,sheet1:R6,,,
a3922f60c4c93ff1-sheet1-R7,2026-04-22,busan-busanjin,,스콜,원활한 여론·동향 수렴을 위한 간담회 개최,300000,a3922f60c4c93ff1720b3b4d9895ce732a4005b3a3a6de92adc6fcec370a074e,sheet1:R7,,,
c59786f3e77e1667-table1-R2,2026-04-03,busan-busanjin,,초원농원,저연차 공무원 창의행정 역량강화 워크숍 간담회,99000,c59786f3e77e1667abe075720cc96d5c1aea6cb5edf4f93c60eb90d8fdbfb86c,table1:R2,,,
c59786f3e77e1667-table2-R2,2026-04-02,busan-busanjin,,금복식당,공공기관 승용차 요일제 관련 오찬 간담회,150000,c59786f3e77e1667abe075720cc96d5c1aea6cb5edf4f93c60eb90d8fdbfb86c,table2:R2,,,
c59786f3e77e1667-table2-R3,2026-04-02,busan-busanjin,,다기야기,2026년 제1회 추가경정예산 만찬 간담회,120000,c59786f3e77e1667abe075720cc96d5c1aea6cb5edf4f93c60eb90d8fdbfb86c,table2:R3,,,
c59786f3e77e1667-table2-R4,2026-04-21,busan-busanjin,,경남수산,제9회 전국동시지방선거 업무 추진 간담회,346000,c59786f3e77e1667abe075720cc96d5c1aea6cb5edf4f93c60eb90d8fdbfb86c,table2:R4,,,
c59786f3e77e1667-table2-R5,2026-04-23,busan-busanjin,,소소수산,현장점검 간담회(취약 사업장 및 국 소관시설),100000,c59786f3e77e1667abe075720cc96d5c1aea6cb5edf4f93c60eb90d8fdbfb86c,table2:R5,,,
316f0c54b0070f26-table1-R2,2026-04-01,busan-busanjin,,개인(성명 비공개),직원 경조사 격려,50000,316f0c54b0070f266a18697a26275d882adac00de11b7f1f6e31957a29769582,table1:R2,,,
316f0c54b0070f26-table1-R3,2026-04-01,busan-busanjin,,개인(성명 비공개),직원 경조사 격려,50000,316f0c54b0070f266a18697a26275d882adac00de11b7f1f6e31957a29769582,table1:R3,,,
316f0c54b0070f26-table1-R4,2026-04-01,busan-busanjin,,개인(성명 비공개),직원 경조사 격려,50000,316f0c54b0070f266a18697a26275d882adac00de11b7f1f6e31957a29769582,table1:R4,,,
316f0c54b0070f26-table1-R5,2026-04-06,busan-busanjin,,소소수산,기획예산과 직원 간담회,108000,316f0c54b0070f266a18697a26275d882adac00de11b7f1f6e31957a29769582,table1:R5,,,
316f0c54b0070f26-table1-R6,2026-04-06,busan-busanjin,,개인(성명 비공개),직원 경조사 격려,50000,316f0c54b0070f266a18697a26275d882adac00de11b7f1f6e31957a29769582,table1:R6,,,
316f0c54b0070f26-table1-R7,2026-04-21,busan-busanjin,,청진동 아구찜 외 1,실국별 소관 업무 논의 간담회,136800,316f0c54b0070f266a18697a26275d882adac00de11b7f1f6e31957a29769582,table1:R7,,,
316f0c54b0070f26-table1-R8,2026-04-24,busan-busanjin,,경찰서옆초밥집,평생교육과 직원 간담회,114000,316f0c54b0070f266a18697a26275d882adac00de11b7f1f6e31957a29769582,table1:R8,,,
316f0c54b0070f26-table1-R9,2026-04-27,busan-busanjin,,호호복국,안전한 청사 환경 조성 논의 간담회,101400,316f0c54b0070f266a18697a26275d882adac00de11b7f1f6e31957a29769582,table1:R9,,,
316f0c54b0070f26-table1-R10,2026-04-30,busan-busanjin,,스콜,행정자치과 직원 간담회,150000,316f0c54b0070f266a18697a26275d882adac00de11b7f1f6e31957a29769582,table1:R10,,,
316f0c54b0070f26-table2-R2,2026-04-09,busan-busanjin,,남해장어,2026년 상반기 사회보장급여 확인조사 격려 간담회,113000,316f0c54b0070f266a18697a26275d882adac00de11b7f1f6e31957a29769582,table2:R2,,,
316f0c54b0070f26-table2-R3,2026-04-13,busan-busanjin,,민속집,도시재생사업 추진 격려 간담회,110000,316f0c54b0070f266a18697a26275d882adac00de11b7f1f6e31957a29769582,table2:R3,,,
316f0c54b0070f26-table2-R4,2026-04-16,busan-busanjin,,스완양분식 외 1,고유가 피해지원금 추진 논의 간담회,109400,316f0c54b0070f266a18697a26275d882adac00de11b7f1f6e31957a29769582,table2:R4,,,
ec52cb6ba8d3c628-sheet1-R5,2026-04-15,busan-busanjin,당감2동,네이버쇼핑,내방민원 음료 및 다과 구입,195800,ec52cb6ba8d3c628db7af0befb113a62f933f7933a9fc414ea0b3760d9ab8417,sheet1:R5,,,
ec52cb6ba8d3c628-sheet3-R5,2026-04-01,busan-busanjin,당감2동,바다식당,인사발령에 따른 직원 간담회 개최,240000,ec52cb6ba8d3c628db7af0befb113a62f933f7933a9fc414ea0b3760d9ab8417,sheet3:R5,,,
a77da5b76a07023a-sheet3-R6,2026-04-08,busan-busanjin,보건행정과,명랑핫도그,직원 격려 및 사기 진작을 위한 다과 구입,75500,a77da5b76a07023ad46645c72868ff963fe3c26132fafaac5aa48a5eea884257,sheet3:R6,,,
a77da5b76a07023a-sheet3-R7,2026-04-15,busan-busanjin,보건행정과,애슐리퀸즈 이마트문현점,동원근무 명령에 따른 직원 격려 간담회 개최,159200,a77da5b76a07023ad46645c72868ff963fe3c26132fafaac5aa48a5eea884257,sheet3:R7,,,
a77da5b76a07023a-sheet3-R8,2026-04-30,busan-busanjin,보건행정과,에스에스지페이먼츠,직원 격려 및 사기 진작을 위한 다과 구입,196540,a77da5b76a07023ad46645c72868ff963fe3c26132fafaac5aa48a5eea884257,sheet3:R8,,,
a77da5b76a07023a-sheet4-R6,2026-04-21,busan-busanjin,보건행정과,개인(성명 비공개),보건소 직원 경조사비 지급,50000,a77da5b76a07023ad46645c72868ff963fe3c26132fafaac5aa48a5eea884257,sheet4:R6,,,
e0a1e87ab0fcafd5-sheet1-R3,2026-04-07,busan-busanjin,범천1동,쿠팡 외 1,직원 사기진작을 위한 다과 등 구입,147690,e0a1e87ab0fcafd5fa437170878c933b62031e332f80e0020788c1c0db980099,sheet1:R3,,,
527ef6f0773a7c32-sheet1-R6,2026-04-30,busan-busanjin,,쿠팡(온라인),내방 민원 접대를 위한 다과 구입,295170,527ef6f0773a7c325c65935322e8834b027d10c5058fb7b7d7d5cfbde5b57762,sheet1:R6,,,
527ef6f0773a7c32-sheet3-R6,2026-04-23,busan-busanjin,,미락정,직원 노고 격려 간담회 개최,336000,527ef6f0773a7c325c65935322e8834b027d10c5058fb7b7d7d5cfbde5b57762,sheet3:R6,,,
603e45eac35b96ec-sheet2-R6,2026-04-22,busan-busanjin,재무과,쿠팡,부서운영을 위한 다과 구입,164460,603e45eac35b96ec4a0475a253c0858a0189bbc997d5b9d00e94da144adf87d0,sheet2:R6,,,
603e45eac35b96ec-sheet2-R7,2026-04-22,busan-busanjin,재무과,트레이더스 서면점,부서운영을 위한 다과 구입,84220,603e45eac35b96ec4a0475a253c0858a0189bbc997d5b9d00e94da144adf87d0,sheet2:R7,,,
6b15c395b4c4d43c-sheet1-R6,2026-04-02,busan-busanjin,,네이버파이낸셜㈜외 1,내방객 접대용 음료 구입,62000,6b15c395b4c4d43c7e418d00a693a2c1996f0b10452a0a97320fecd99de0454d,sheet1:R6,,,
6b15c395b4c4d43c-sheet3-R6,2026-04-23,busan-busanjin,,트레이더스 서면점,직원 사기진작을 위한 다과(간식 등) 구입,196780,6b15c395b4c4d43c7e418d00a693a2c1996f0b10452a0a97320fecd99de0454d,sheet3:R6,,,
6b15c395b4c4d43c-sheet3-R7,2026-04-30,busan-busanjin,,올리바,직원 노고 격려 간담회 개최,352000,6b15c395b4c4d43c7e418d00a693a2c1996f0b10452a0a97320fecd99de0454d,sheet3:R7,,,
8f905d5e6abbccc9-sheet1-R3,2026-04-23,busan-busanjin,,네이버플러스 스토어,없 음,283030,8f905d5e6abbccc9eba75362409ba830c3d2c9c32d4d00fb39bf5f8879c36d26,sheet1:R3,,,
d27dcd65f0dab900-sheet1-R6,2026-04-02,busan-busanjin,미래창조과,서면연탄갈비,직원 노고 격려 간담회 개최,300000,d27dcd65f0dab90016c8fbb069d91cd0a277e410bf0ea0c8be5fed9159a34d16,sheet1:R6,,,
d27dcd65f0dab900-sheet1-R7,2026-04-20,busan-busanjin,미래창조과,쿠팡,부서 운영을 위한 다과 구입,263330,d27dcd65f0dab90016c8fbb069d91cd0a277e410bf0ea0c8be5fed9159a34d16,sheet1:R7,,,
f500ed59072be450-sheet2-R6,2026-04-22,busan-busanjin,가족지원과,쿠팡,방문 민원 접대용 다과 등 구입,121150,f500ed59072be45073143762720592003fc0ac21ed1a12c36d30c83e8c691f8d,sheet2:R6,,,
86b43a8b05caaaa7-sheet1-R6,2026-04-15,busan-busanjin,민원여권과,SSG,부서 운영을 위한 다과 구입,273430,86b43a8b05caaaa7d6799ae31d285dcd13739ff1db2c91409c66a9f5920bbd05,sheet1:R6,,,
361892d2dd48afdd-sheet1-R6,2026-04-10,busan-busanjin,안전도시과,SSG 외 1,부서운영을 위한 다과 구입,397670,361892d2dd48afdd295c632f186f3b46168fd868eef70c648b0a8d00389e3852,sheet1:R6,,,
e61a51bb7da88267-sheet2-R6,2026-04-21,busan-busanjin,양정1동,-,직원 경조사 부의금 지급,50000,e61a51bb7da882675ed819a785b1748c191d03411d3662f40882a0e35fc88f1d,sheet2:R6,,,
6552b6dd5c0edcbf-sheet1-R6,2026-04-14,busan-busanjin,,홈플러스,부서운영을 위한 다과 구입,135910,6552b6dd5c0edcbf229e80528e4f6c81c1472d999114bcfbb23eacef9a5d6485,sheet1:R6,,,
bad7ed9b6cd68e56-sheet3-R5,2026-04-13,busan-busanjin,부전2동,쿠팡,직원 사기진작을 위한 다과 구입,199840,bad7ed9b6cd68e5638845c52c75a107f00e1dace4e40996edadc170c00f008a9,sheet3:R5,,,
b47970f231673f99-sheet2-R6,2026-04-06,busan-busanjin,세무1과,(주)쿠팡,부서운영을 위한 다과 구입,360000,b47970f231673f999a93acaf6daf905434645531ec1a9cfefe0ed431633e2e1f,sheet2:R6,,,
b47970f231673f99-sheet2-R7,2026-04-23,busan-busanjin,세무1과,프리모,저연차 공무원 격려 간담회 개최,300000,b47970f231673f999a93acaf6daf905434645531ec1a9cfefe0ed431633e2e1f,sheet2:R7,,,
ad43bda483b13d29-sheet1-R5,2026-04-21,busan-busanjin,감사담당관,서면맛찬들왕소금구이,직원 노고 격려 간담회 개최,392000,ad43bda483b13d292029db92b3942a86709c94c598f0d0f33b79813e5b1baa20,sheet1:R5,,,
ad43bda483b13d29-sheet2-R5,2026-04-07,busan-busanjin,감사담당관,SSG.COM,市 갈맷길 관리실태 안전감찰 수행에 따른 다과 구입,99750,ad43bda483b13d292029db92b3942a86709c94c598f0d0f33b79813e5b1baa20,sheet2:R5,,,
405f918ed723fcbd-sheet2-R7,2026-03-05,busan-busanjin,환경위생과,장애인생산품판매시설,"부서 운영을 위한 믹스커피, 티백 등 구입",92500,405f918ed723fcbd2391f751af8081c173a9344bf6e75a6cf884c76ff4e23b6f,sheet2:R7,,,
7051fcf62819d990-sheet1-R5,2026-03-10,busan-busanjin,,백양산하얀농원,주민자치회 운영 등 업무 협의를 위한 간담회 개최,290000,7051fcf62819d990487f71c66fad38d8cbca10cae9533c3826d7e87a88545cd1,sheet1:R5,,,
7051fcf62819d990-sheet1-R6,2026-03-12,busan-busanjin,,트라웰 당감점,내방 고객 접대용 음료 및 다과 구입,137940,7051fcf62819d990487f71c66fad38d8cbca10cae9533c3826d7e87a88545cd1,sheet1:R6,,,
7051fcf62819d990-sheet1-R7,2026-03-12,busan-busanjin,,리엔,한국자유총연맹당감4동위원회 회원과의 간담회 개최,184500,7051fcf62819d990487f71c66fad38d8cbca10cae9533c3826d7e87a88545cd1,sheet1:R7,,,
7051fcf62819d990-sheet1-R8,2026-03-13,busan-busanjin,,호호솥뚜껑삼겹살,새마을지도자협의회 회원과의 간담회 개최,300000,7051fcf62819d990487f71c66fad38d8cbca10cae9533c3826d7e87a88545cd1,sheet1:R8,,,
7051fcf62819d990-sheet1-R9,2026-03-13,busan-busanjin,,남도식당,바르게살기운동위원회 위원과의 간담회 개최,300000,7051fcf62819d990487f71c66fad38d8cbca10cae9533c3826d7e87a88545cd1,sheet1:R9,,,
7051fcf62819d990-sheet1-R10,2026-03-19,busan-busanjin,,장꼬방,청소년지도협의회 회원과의 간담회 개최,200000,7051fcf62819d990487f71c66fad38d8cbca10cae9533c3826d7e87a88545cd1,sheet1:R10,,,
7051fcf62819d990-sheet1-R11,2026-03-19,busan-busanjin,,화점,통합방위협의회 업무 협의를 위한 간담회 개최,257500,7051fcf62819d990487f71c66fad38d8cbca10cae9533c3826d7e87a88545cd1,sheet1:R11,,,
7051fcf62819d990-sheet1-R12,2026-03-25,busan-busanjin,,백양산하얀농원,통장협의회와의 간담회 개최,300000,7051fcf62819d990487f71c66fad38d8cbca10cae9533c3826d7e87a88545cd1,sheet1:R12,,,
7051fcf62819d990-sheet2-R5,2026-03-11,busan-busanjin,당감4동,미락,직원 노고 격려 간담회 개최,260000,7051fcf62819d990487f71c66fad38d8cbca10cae9533c3826d7e87a88545cd1,sheet2:R5,,,
7051fcf62819d990-sheet3-R5,2026-03-18,busan-busanjin,당감4동,(주)부산은행,2026년 직원 생일축하 상품권 구입,520000,7051fcf62819d990487f71c66fad38d8cbca10cae9533c3826d7e87a88545cd1,sheet3:R5,,,
7051fcf62819d990-sheet4-R5,2026-03-04,busan-busanjin,당감4동,세한기획,전입안내문 제작,350000,7051fcf62819d990487f71c66fad38d8cbca10cae9533c3826d7e87a88545cd1,sheet4:R5,,,
b7d700214ed27e17-sheet2-R6,2026-03-25,busan-busanjin,민원여권과,트레이더스 서면점,CS트렌드로 알아보는 친절 교육 간식 구입,99040,b7d700214ed27e17768eedbf597bfcb87b2f7237fa48ceab3a1f2034a523de94,sheet2:R6,,,
77a40b5f9e90b149-sheet1-R6,2026-03-16,busan-busanjin,,쿠팡외 1,내방민원 접대용 다과류 구입,198370,77a40b5f9e90b1497b924318c9d2dbc33cc9c77718c696e94a8e6457b2dfb60b,sheet1:R6,,,
77a40b5f9e90b149-sheet1-R7,2026-03-16,busan-busanjin,,지호한방삼계탕 개금역점,저연차 및 민원전담공무원 노고 격려 간담회 개최,200000,77a40b5f9e90b1497b924318c9d2dbc33cc9c77718c696e94a8e6457b2dfb60b,sheet1:R7,,,
77a40b5f9e90b149-sheet1-R8,2026-03-16,busan-busanjin,,쭈꾸으리,한국자유총연맹 노고 격려 간담회 개최,360000,77a40b5f9e90b1497b924318c9d2dbc33cc9c77718c696e94a8e6457b2dfb60b,sheet1:R8,,,
77a40b5f9e90b149-sheet1-R9,2026-03-24,busan-busanjin,,왕갈비집,통장협의회 노고 격려 간담회 개최,480000,77a40b5f9e90b1497b924318c9d2dbc33cc9c77718c696e94a8e6457b2dfb60b,sheet1:R9,,,
d276a25c38a93eae-sheet2-R6,2026-03-09,busan-busanjin,,근본,주민자치위원회 위원과의 간담회 개최,486000,d276a25c38a93eae3762d1af8e1b5003616248eda82e8abc98857daec9e6d3e1,sheet2:R6,,,
d276a25c38a93eae-sheet2-R7,2026-03-09,busan-busanjin,,미광식당,통합방위협의회 회원과의 간담회 개최,284000,d276a25c38a93eae3762d1af8e1b5003616248eda82e8abc98857daec9e6d3e1,sheet2:R7,,,
d276a25c38a93eae-sheet2-R8,2026-03-10,busan-busanjin,,용덕장코다리당감직영점,새마을 부녀회 회원과의 간담회 개최,219000,d276a25c38a93eae3762d1af8e1b5003616248eda82e8abc98857daec9e6d3e1,sheet2:R8,,,
d276a25c38a93eae-sheet2-R9,2026-03-23,busan-busanjin,,선우고깃집,통장협의회 회원과의 간담회 개최,480000,d276a25c38a93eae3762d1af8e1b5003616248eda82e8abc98857daec9e6d3e1,sheet2:R9,,,
d276a25c38a93eae-sheet2-R10,2026-03-24,busan-busanjin,,맛있는 고기에 솜씨를 더하다,청소년지도협의회 회원과의 간담회 개최,266450,d276a25c38a93eae3762d1af8e1b5003616248eda82e8abc98857daec9e6d3e1,sheet2:R10,,,
d276a25c38a93eae-sheet4-R6,2026-03-16,busan-busanjin,,용덕장코다리당감직영점,인사발령에 따른 간담회 개최,208000,d276a25c38a93eae3762d1af8e1b5003616248eda82e8abc98857daec9e6d3e1,sheet4:R6,,,
af00ce5670397f7f-sheet1-R6,2026-03-06,busan-busanjin,양정2동,금빛코다리,2026년 주민자치위원회 운영 활성화 방안 논의를 위한 간담회 개최,200000,af00ce5670397f7fe7f42ce46f84f6608318ecbe4453a95b9373c5d6fbfa9c3e,sheet1:R6,,,
af00ce5670397f7f-sheet1-R7,2026-03-09,busan-busanjin,양정2동,효자동 솥뚜껑(부산시청점),2026년 청소년지도협의회 운영 활성화 방안 논의를 위한 간담회 개최,200000,af00ce5670397f7fe7f42ce46f84f6608318ecbe4453a95b9373c5d6fbfa9c3e,sheet1:R7,,,
af00ce5670397f7f-sheet1-R8,2026-03-09,busan-busanjin,양정2동,풍미,2026년 바르게살기위원회 운영 활성화 방안 논의를 위한 간담회 개최,200000,af00ce5670397f7fe7f42ce46f84f6608318ecbe4453a95b9373c5d6fbfa9c3e,sheet1:R8,,,
af00ce5670397f7f-sheet1-R9,2026-03-09,busan-busanjin,양정2동,에스에스지페이먼츠,내방객 등 접대용 다과(음료) 구입,148570,af00ce5670397f7fe7f42ce46f84f6608318ecbe4453a95b9373c5d6fbfa9c3e,sheet1:R9,,,
af00ce5670397f7f-sheet1-R10,2026-03-13,busan-busanjin,양정2동,금빛코다리,2026년 지역사회보장협의체 운영 활성화 방안 논의를 위한 간담회 개최,200000,af00ce5670397f7fe7f42ce46f84f6608318ecbe4453a95b9373c5d6fbfa9c3e,sheet1:R10,,,
af00ce5670397f7f-sheet1-R11,2026-03-13,busan-busanjin,양정2동,청마루숯불갈비,2026년 새마을지도자협의회 운영 활성화 방안 논의를 위한 간담회 개최,200000,af00ce5670397f7fe7f42ce46f84f6608318ecbe4453a95b9373c5d6fbfa9c3e,sheet1:R11,,,
af00ce5670397f7f-sheet1-R12,2026-03-16,busan-busanjin,양정2동,풍미,2026년 새마을부녀회 운영 활성화 방안 논의를 위한 간담회 개최,100000,af00ce5670397f7fe7f42ce46f84f6608318ecbe4453a95b9373c5d6fbfa9c3e,sheet1:R12,,,
af00ce5670397f7f-sheet1-R13,2026-03-16,busan-busanjin,양정2동,풍미,2026년 통합방위협의회 운영 활성화 방안 논의를 위한 간담회 개최,200000,af00ce5670397f7fe7f42ce46f84f6608318ecbe4453a95b9373c5d6fbfa9c3e,sheet1:R13,,,
af00ce5670397f7f-sheet1-R14,2026-03-26,busan-busanjin,양정2동,손큰집,2026년 통장협의회 운영 활성화 방안 논의를 위한 간담회 개최,200000,af00ce5670397f7fe7f42ce46f84f6608318ecbe4453a95b9373c5d6fbfa9c3e,sheet1:R14,,,
af00ce5670397f7f-sheet1-R15,2026-03-31,busan-busanjin,양정2동,에스에스지페이먼츠,내방객 등 접대용 다과(음료) 구입,136460,af00ce5670397f7fe7f42ce46f84f6608318ecbe4453a95b9373c5d6fbfa9c3e,sheet1:R15,,,
af00ce5670397f7f-sheet4-R6,2026-03-06,busan-busanjin,양정2동,에스에스지페이먼츠,직원 격려용 다과류 구입,49480,af00ce5670397f7fe7f42ce46f84f6608318ecbe4453a95b9373c5d6fbfa9c3e,sheet4:R6,,,
af00ce5670397f7f-sheet4-R7,2026-03-30,busan-busanjin,양정2동,에스에스지페이먼츠,직원 격려용 다과류 구입,107260,af00ce5670397f7fe7f42ce46f84f6608318ecbe4453a95b9373c5d6fbfa9c3e,sheet4:R7,,,
20590a41e2384ad9-sheet3-R6,2026-03-13,busan-busanjin,,쿠팡(온라인),직원 사기 진작을 위한 다과 구입,215540,20590a41e2384ad98a6e5e653d9148a0b152f4b24739eb908ad92c49334ea46f,sheet3:R6,,,
b3a6de5ecd766fa4-sheet1-R6,2026-03-26,busan-busanjin,,nk마트,바르게살기운동 초읍동위원회 격려 간담회,100000,b3a6de5ecd766fa4a928f10b046c0074a02eb973dffdd48369377317a63afab5,sheet1:R6,,,
b3a6de5ecd766fa4-sheet4-R6,2026-03-25,busan-busanjin,,이마트몰,직원 사기 진작을 위한 다과 구입,359120,b3a6de5ecd766fa4a928f10b046c0074a02eb973dffdd48369377317a63afab5,sheet4:R6,,,
0562e6de3d36a47e-table2-R2,2026-03-09,busan-busanjin,의회사무국,주식회사 급행장,의회 홍보 활성화를 위한 언론사 기자 간담회 개최,46000,0562e6de3d36a47e8d9e8b5f35aebf8571e0d2eddd934f31097ce070a20ee9ee,table2:R2,,,
0562e6de3d36a47e-table2-R3,2026-03-18,busan-busanjin,의회사무국,주식회사 급행장,의회 홍보 활성화를 위한 언론사 기자 간담회 개최,69000,0562e6de3d36a47e8d9e8b5f35aebf8571e0d2eddd934f31097ce070a20ee9ee,table2:R3,,,
0562e6de3d36a47e-table2-R4,2026-03-18,busan-busanjin,의회사무국,해쉬커피,의회 홍보 활성화를 위한 언론사 기자 간담회 개최,5200,0562e6de3d36a47e8d9e8b5f35aebf8571e0d2eddd934f31097ce070a20ee9ee,table2:R4,,,
0562e6de3d36a47e-table2-R5,2026-03-19,busan-busanjin,의회사무국,수복원,의회소식지 지역소식 취재를 위한 간담회 개최,60000,0562e6de3d36a47e8d9e8b5f35aebf8571e0d2eddd934f31097ce070a20ee9ee,table2:R5,,,
0562e6de3d36a47e-table2-R6,2026-03-23,busan-busanjin,의회사무국,가야정,의회소식지 지역소식 취재를 위한 간담회 개최,57000,0562e6de3d36a47e8d9e8b5f35aebf8571e0d2eddd934f31097ce070a20ee9ee,table2:R6,,,
0562e6de3d36a47e-table2-R7,2026-03-31,busan-busanjin,의회사무국,소소수산,위원회 소관 현안사항 토의 간담회 개최,160000,0562e6de3d36a47e8d9e8b5f35aebf8571e0d2eddd934f31097ce070a20ee9ee,table2:R7,,,
7f7af5c474611995-table1-R2,2026-03-19,busan-busanjin,의회사무국,-,직원 경조사비 지출,50000,7f7af5c4746119951cb324348aa8a14ef61d50d21a5038d084c4c5da4e5ed6cb,table1:R2,,,
7f7af5c474611995-table1-R3,2026-03-19,busan-busanjin,의회사무국,-,의원 경조사비 지출,50000,7f7af5c4746119951cb324348aa8a14ef61d50d21a5038d084c4c5da4e5ed6cb,table1:R3,,,
7f7af5c474611995-table1-R4,2026-03-30,busan-busanjin,의회사무국,에그드랍 서면롯데점,의회사무국 직원 사기진작을 위한 간식구입,219800,7f7af5c4746119951cb324348aa8a14ef61d50d21a5038d084c4c5da4e5ed6cb,table1:R4,,,
568f2bf0e21f46d8-sheet1-R6,2026-03-16,busan-busanjin,정책기획실,303화덕초읍,기획 관련 시책 주진 방향 논의를 위한 간담회,167000,568f2bf0e21f46d8982e8faae832b64d3bfece4cd39275738efe2dbd3998a494,sheet1:R6,,,
568f2bf0e21f46d8-sheet2-R6,2026-03-10,busan-busanjin,정책기획실,탁사발두부공방서면점,간부공무원 업무 연찬 간담회,100000,568f2bf0e21f46d8982e8faae832b64d3bfece4cd39275738efe2dbd3998a494,sheet2:R6,,,
568f2bf0e21f46d8-sheet2-R7,2026-03-13,busan-busanjin,정책기획실,미송초밥,현안사항 논의 및 업무연찬을 위한 간담회,131000,568f2bf0e21f46d8982e8faae832b64d3bfece4cd39275738efe2dbd3998a494,sheet2:R7,,,
8190b685e00e1ddf-sheet1-R6,2026-03-09,busan-busanjin,복지정책과,쿠팡,부서운영을 위한 다과 구입,448190,8190b685e00e1ddfbfc61f7f52503fcf1b5615a6ceff2166e940195fb0099493,sheet1:R6,,,
8190b685e00e1ddf-sheet2-R6,2026-03-01,busan-busanjin,복지정책과,우사부(일체),제107주년 3.1절 기념 독립유공자 유족 위로 간담회,325000,8190b685e00e1ddfbfc61f7f52503fcf1b5615a6ceff2166e940195fb0099493,sheet2:R6,,,
8190b685e00e1ddf-sheet2-R7,2026-03-12,busan-busanjin,복지정책과,트레이더스 서면점,2026년 3월 부산진구 통합지원회의 관련 다과 구입,98180,8190b685e00e1ddfbfc61f7f52503fcf1b5615a6ceff2166e940195fb0099493,sheet2:R7,,,
f31f1e333e1a465d-sheet2-R6,2026-03-09,busan-busanjin,,개인(성명 비공개),소속 상근직원 축의금 지급,50000,f31f1e333e1a465dc6823c79de19187a972cbd49e51df9fa04a981324e4b71a1,sheet2:R6,,,
f31f1e333e1a465d-sheet2-R7,2026-03-18,busan-busanjin,,밭개마을 주민협의회,주민자치회 우수사례 벤치마킹 간담회 개최,27500,f31f1e333e1a465dc6823c79de19187a972cbd49e51df9fa04a981324e4b71a1,sheet2:R7,,,
f31f1e333e1a465d-sheet2-R8,2026-03-30,busan-busanjin,,보아마트,유관단체 격려용 다과 구입,200000,f31f1e333e1a465dc6823c79de19187a972cbd49e51df9fa04a981324e4b71a1,sheet2:R8,,,
3cfb214c38f04b60-sheet1-R6,2026-03-11,busan-busanjin,,마당집,2026년 부산진구자원봉사센터 정기총회 관련 오찬 간담회 개최,100000,3cfb214c38f04b60d91b9246cb4606f5641f68a5ee7873ae4bb5ee749e770ff4,sheet1:R6,,,
3cfb214c38f04b60-sheet1-R7,2026-03-12,busan-busanjin,,웰빙보쌈족발oh,2026년 3월 부산진구자원봉사센터 이사회를 위한 간담회 개최,204000,3cfb214c38f04b60d91b9246cb4606f5641f68a5ee7873ae4bb5ee749e770ff4,sheet1:R7,,,
3cfb214c38f04b60-sheet1-R8,2026-03-24,busan-busanjin,,송월타올동부대리점,방문기념품(우산타올세트) 구입,3000000,3cfb214c38f04b60d91b9246cb4606f5641f68a5ee7873ae4bb5ee749e770ff4,sheet1:R8,,,
3cfb214c38f04b60-sheet1-R9,2026-03-24,busan-busanjin,,만객당,2026년 상반기 구민생활소통단회의 다과 구입,104000,3cfb214c38f04b60d91b9246cb4606f5641f68a5ee7873ae4bb5ee749e770ff4,sheet1:R9,,,
3cfb214c38f04b60-sheet1-R10,2026-03-26,busan-busanjin,,밭개마을 주민협의회,2026년 상반기 구민생활소통단회의 음료 구입,102000,3cfb214c38f04b60d91b9246cb4606f5641f68a5ee7873ae4bb5ee749e770ff4,sheet1:R10,,,
3cfb214c38f04b60-sheet1-R11,2026-03-30,busan-busanjin,,에스에스지페이먼츠 외 1,인사위원회 운영 관련 다과 등 구입,348460,3cfb214c38f04b60d91b9246cb4606f5641f68a5ee7873ae4bb5ee749e770ff4,sheet1:R11,,,
3cfb214c38f04b60-sheet2-R6,2026-03-24,busan-busanjin,,롯데마트,부서운영을 위한 다과 등 구입,207170,3cfb214c38f04b60d91b9246cb4606f5641f68a5ee7873ae4bb5ee749e770ff4,sheet2:R6,,,
3cfb214c38f04b60-sheet2-R7,2026-03-31,busan-busanjin,,오얏꽃상점,부서운영을 위한 커피 등 구입,200000,3cfb214c38f04b60d91b9246cb4606f5641f68a5ee7873ae4bb5ee749e770ff4,sheet2:R7,,,
ca34d9b18eb5022c-table1-R2,2026-03-11,busan-busanjin,,갈비곳간,2026년 1분기 산업안전보건위원회 간담회,169000,ca34d9b18eb5022ca08896c636923a930e660c95231faf8fdbd88d7c450a6fb2,table1:R2,,,
ca34d9b18eb5022c-table1-R3,2026-03-12,busan-busanjin,,서가네오리,2026년 행정지원국 구정 현안과제 추진 간담회,166500,ca34d9b18eb5022ca08896c636923a930e660c95231faf8fdbd88d7c450a6fb2,table1:R3,,,
ca34d9b18eb5022c-table2-R2,2026-03-04,busan-busanjin,,다금,2026년 상반기 구정질문 대비 만찬 간담회,109000,ca34d9b18eb5022ca08896c636923a930e660c95231faf8fdbd88d7c450a6fb2,table2:R2,,,
ca34d9b18eb5022c-table2-R3,2026-03-25,busan-busanjin,,급행장 별관,2026년 행정지원국 성과관리계획 수립 간담회,138000,ca34d9b18eb5022ca08896c636923a930e660c95231faf8fdbd88d7c450a6fb2,table2:R3,,,
ca34d9b18eb5022c-table2-R4,2026-03-26,busan-busanjin,,미송,2026년도 재정자금 운용 관련 간담회,92000,ca34d9b18eb5022ca08896c636923a930e660c95231faf8fdbd88d7c450a6fb2,table2:R4,,,
173066c85cb642ea-table1-R2,2026-03-03,busan-busanjin,,스시투어,2026년 3월 주요업무계획 논의 오찬 간담회,105000,173066c85cb642ea9ccd980f8c8feabd40bada478487132dd4b3854cabd07e13,table1:R2,,,
173066c85cb642ea-table1-R3,2026-03-06,busan-busanjin,,연지동 임우선,직원 경조사 격려,50000,173066c85cb642ea9ccd980f8c8feabd40bada478487132dd4b3854cabd07e13,table1:R3,,,
173066c85cb642ea-table1-R4,2026-03-16,busan-busanjin,,건강증진과 성현미,직원 경조사 격려,50000,173066c85cb642ea9ccd980f8c8feabd40bada478487132dd4b3854cabd07e13,table1:R4,,,
173066c85cb642ea-table1-R5,2026-03-16,busan-busanjin,,금복,문화예술 활성화 논의 간담회,120000,173066c85cb642ea9ccd980f8c8feabd40bada478487132dd4b3854cabd07e13,table1:R5,,,
173066c85cb642ea-table1-R6,2026-03-19,busan-busanjin,,개인(성명 비공개),구의원 경조사비 지급,50000,173066c85cb642ea9ccd980f8c8feabd40bada478487132dd4b3854cabd07e13,table1:R6,,,
173066c85cb642ea-table1-R7,2026-03-20,busan-busanjin,,스콜,환경위생과 직원 간담회,140000,173066c85cb642ea9ccd980f8c8feabd40bada478487132dd4b3854cabd07e13,table1:R7,,,
173066c85cb642ea-table1-R8,2026-03-23,busan-busanjin,,외식일번가,현장 점검 등에 따른 간담회,153000,173066c85cb642ea9ccd980f8c8feabd40bada478487132dd4b3854cabd07e13,table1:R8,,,
173066c85cb642ea-table1-R9,2026-03-26,busan-busanjin,,새마을지도자회장 박원재,유관단체장 경조사비 지급,50000,173066c85cb642ea9ccd980f8c8feabd40bada478487132dd4b3854cabd07e13,table1:R9,,,
04ba73ced17af8ed-sheet1-R6,2026-03-12,busan-busanjin,문화체육과,오피스디포부산진구점,부산진구 직장운동경기부 창단식 생수 구입,57500,04ba73ced17af8edc9ead8c0e1e09dbe8610482b8d90e636ea7c251c71041820,sheet1:R6,,,
04ba73ced17af8ed-sheet1-R7,2026-03-13,busan-busanjin,문화체육과,백우,부산진구 직장운동경기부 창단식 현수막 제작,165000,04ba73ced17af8edc9ead8c0e1e09dbe8610482b8d90e636ea7c251c71041820,sheet1:R7,,,
04ba73ced17af8ed-sheet1-R8,2026-03-14,busan-busanjin,문화체육과,다기야기,생활체육 활성화 업무 추진 관계자 격려 간담회 개최 건의,150000,04ba73ced17af8edc9ead8c0e1e09dbe8610482b8d90e636ea7c251c71041820,sheet1:R8,,,
04ba73ced17af8ed-sheet1-R9,2026-03-18,busan-busanjin,문화체육과,모어샌드위치 서면점,당감국민체육센터 수탁자선정위원회 개최에 따른 간식 구입,79000,04ba73ced17af8edc9ead8c0e1e09dbe8610482b8d90e636ea7c251c71041820,sheet1:R9,,,
04ba73ced17af8ed-sheet1-R10,2026-03-25,busan-busanjin,문화체육과,쿠팡,부서운영을 위한 다과 구입,163590,04ba73ced17af8edc9ead8c0e1e09dbe8610482b8d90e636ea7c251c71041820,sheet1:R10,,,
112250fa8d435ec0-sheet1-R6,2026-03-10,busan-busanjin,문화경제국,개인(성명 비공개),직원 경조사 축의금 지급,50000,112250fa8d435ec07f3b458a5513ee413cbcf9e9177a5a20e22bc91e637bc3e8,sheet1:R6,,,
112250fa8d435ec0-sheet1-R7,2026-03-23,busan-busanjin,문화경제국,개인(성명 비공개),직원 경조사 축의금 지급,50000,112250fa8d435ec07f3b458a5513ee413cbcf9e9177a5a20e22bc91e637bc3e8,sheet1:R7,,,
112250fa8d435ec0-sheet1-R8,2026-03-25,busan-busanjin,문화경제국,개인(성명 비공개),직원 경조사 축의금 지급,50000,112250fa8d435ec07f3b458a5513ee413cbcf9e9177a5a20e22bc91e637bc3e8,sheet1:R8,,,
4c44b2bcfa270343-sheet2-R6,2026-03-31,busan-busanjin,일자리산업과,김밥천국,청년네트워크 회의 다과 구입,90000,4c44b2bcfa270343027798177f9eeb66f3242855052f95be205e5a3a72a34179,sheet2:R6,,,
9d5254fec386d8b2-sheet1-R6,2026-03-23,busan-busanjin,도시관리국,개인(성명 비공개),도시관리국 기관운영업무추진비 지급,50000,9d5254fec386d8b28ea6a5d3c9ea1403f34074266b08d1b757ca406296e72552,sheet1:R6,,,
593865d37a01f0fc-sheet1-R6,2026-03-24,busan-busanjin,보건행정과,포항집,2026년 보건의료관련 협력 강화를 위한 간담회 개최,210000,593865d37a01f0fc5213d523c87e8cd246e390ab5f96024daeeb7fc5f0806cc7,sheet1:R6,,,
593865d37a01f0fc-sheet4-R6,2026-03-05,busan-busanjin,보건행정과,쿠팡㈜,방문 민원 접대용 음료 및 다과 구입,199570,593865d37a01f0fc5213d523c87e8cd246e390ab5f96024daeeb7fc5f0806cc7,sheet4:R6,,,
593865d37a01f0fc-sheet4-R7,2026-03-16,busan-busanjin,보건행정과,개인(성명 비공개),보건소 직원 경조사비 지급,50000,593865d37a01f0fc5213d523c87e8cd246e390ab5f96024daeeb7fc5f0806cc7,sheet4:R7,,,
64451ee010f4c39a-sheet1-R6,2026-03-05,busan-busanjin,,나금이네,주민자치위원회와의 간담회 개최,294000,64451ee010f4c39a16741a2adc72de84740bb545fce6b4aa55111015e3403910,sheet1:R6,,,
64451ee010f4c39a-sheet1-R7,2026-03-10,busan-busanjin,,진미식당,우리동네 「구석구석순찰단」 노고격려 간담회 개최,400000,64451ee010f4c39a16741a2adc72de84740bb545fce6b4aa55111015e3403910,sheet1:R7,,,
64451ee010f4c39a-sheet1-R8,2026-03-24,busan-busanjin,,4242샌드위치 서면점,주민자치 프로그램 수료식 간담회 개최,91500,64451ee010f4c39a16741a2adc72de84740bb545fce6b4aa55111015e3403910,sheet1:R8,,,
64451ee010f4c39a-sheet1-R9,2026-03-25,busan-busanjin,,해월당 당감점,명예사회복지공무원 범2(범이) 이웃사촌 교육 및 간담회 개최,66400,64451ee010f4c39a16741a2adc72de84740bb545fce6b4aa55111015e3403910,sheet1:R9,,,
64451ee010f4c39a-sheet1-R10,2026-03-25,busan-busanjin,,진땡이코다리찜,2026년 어르신 이미용 서비스 지원사업 간담회 개최,61000,64451ee010f4c39a16741a2adc72de84740bb545fce6b4aa55111015e3403910,sheet1:R10,,,
64451ee010f4c39a-sheet1-R11,2026-03-26,busan-busanjin,,장어마을,2026년 범천권역(제9권역) 주민자치회 특성화 프로그램 공모사업 간담회 개최,250000,64451ee010f4c39a16741a2adc72de84740bb545fce6b4aa55111015e3403910,sheet1:R11,,,
64451ee010f4c39a-sheet3-R6,2026-03-18,busan-busanjin,,후스,[선결제]2026년 「청렴 생활화 365」청렴식탁 개최,220000,64451ee010f4c39a16741a2adc72de84740bb545fce6b4aa55111015e3403910,sheet3:R6,,,
64451ee010f4c39a-sheet4-R6,2026-03-18,busan-busanjin,,주식회사 버킷플레이스,범상치 않은 민원실 물품(장식장) 구입,79900,64451ee010f4c39a16741a2adc72de84740bb545fce6b4aa55111015e3403910,sheet4:R6,,,
64451ee010f4c39a-sheet4-R7,2026-03-19,busan-busanjin,,주식회사 버킷플레이스 외 1,청렴시책 '청렴안심뱅크' 물품 구입,29700,64451ee010f4c39a16741a2adc72de84740bb545fce6b4aa55111015e3403910,sheet4:R7,,,
64451ee010f4c39a-sheet4-R8,2026-03-26,busan-busanjin,,백우광고사,구석구석 순찰단 조끼 반사지 구입,88000,64451ee010f4c39a16741a2adc72de84740bb545fce6b4aa55111015e3403910,sheet4:R8,,,
62109e11f42c93b4-sheet1-R3,2026-03-04,busan-busanjin,범천1동,진주식당,범천1동 유관단체 '상생과 동행의 날' 단체장 간담회 개최,480000,62109e11f42c93b4efe86bd0a0ebb8bcbc7a740af1ea6ecc9be9d157fd26f786,sheet1:R3,,,
62109e11f42c93b4-sheet1-R4,2026-03-09,busan-busanjin,범천1동,쿠팡(주),내방민원 접대용 음료 등 구입,174980,62109e11f42c93b4efe86bd0a0ebb8bcbc7a740af1ea6ecc9be9d157fd26f786,sheet1:R4,,,
62109e11f42c93b4-sheet1-R5,2026-03-13,busan-busanjin,범천1동,유관단체 회원,유관단체 대표 경조사비 지출,50000,62109e11f42c93b4efe86bd0a0ebb8bcbc7a740af1ea6ecc9be9d157fd26f786,sheet1:R5,,,
a73d802c912f3882-sheet1-R6,2026-03-05,busan-busanjin,가족지원과,부산진지역자활센터/카페진(CAFEJIN),장기요양기관 지정 심사위원회 개최 관련 다과 구입,13500,a73d802c912f3882c51d6b48f527ac1f018cef1b76a39fcfb33fa4216c60c45c,sheet1:R6,,,
a73d802c912f3882-sheet2-R6,2026-02-09,busan-busanjin,가족지원과,쿠팡,직원 격려 간식 구입,123870,a73d802c912f3882c51d6b48f527ac1f018cef1b76a39fcfb33fa4216c60c45c,sheet2:R6,,,
a73d802c912f3882-sheet2-R7,2026-03-06,busan-busanjin,가족지원과,쿠팡,직원 격려 간식 구입,95500,a73d802c912f3882c51d6b48f527ac1f018cef1b76a39fcfb33fa4216c60c45c,sheet2:R7,,,
a73d802c912f3882-sheet2-R8,2026-03-05,busan-busanjin,가족지원과,금복,인사발령에 따른 직원 간담회 개최,140000,a73d802c912f3882c51d6b48f527ac1f018cef1b76a39fcfb33fa4216c60c45c,sheet2:R8,,,
28a1d64b63776757-sheet1-R6,2026-03-06,busan-busanjin,재무과,미송식당,부산진구 공유재산심의회 간담회 개최,325000,28a1d64b6377675746d5c07ba657aba55979d3d480dabbee7eab0b1a0908b8b5,sheet1:R6,,,
28a1d64b63776757-sheet1-R7,2026-03-27,busan-busanjin,재무과,"스타벅스, SSG",2025회계연도 결산검사에 따른 다과 구입,297000,28a1d64b6377675746d5c07ba657aba55979d3d480dabbee7eab0b1a0908b8b5,sheet1:R7,,,
28a1d64b63776757-sheet2-R6,2026-03-05,busan-busanjin,재무과,쿠팡,부서운영을 위한 다과 구입,136520,28a1d64b6377675746d5c07ba657aba55979d3d480dabbee7eab0b1a0908b8b5,sheet2:R6,,,
28a1d64b63776757-sheet2-R7,2026-03-05,busan-busanjin,재무과,트레이더스 서면점,부서운영을 위한 다과 구입,52060,28a1d64b6377675746d5c07ba657aba55979d3d480dabbee7eab0b1a0908b8b5,sheet2:R7,,,
693ca5dc2821e4db-sheet1-R5,2026-03-11,busan-busanjin,당감2동,ssg.com,내방민원 음료 및 다과 구입,247520,693ca5dc2821e4dbdcfe943420cd9e5306aec0f1521320d28c625453c5a1bfe2,sheet1:R5,,,
693ca5dc2821e4db-sheet1-R6,2026-03-31,busan-busanjin,당감2동,개인(성명 비공개),유관단체 대표 경조사비 지출,50000,693ca5dc2821e4dbdcfe943420cd9e5306aec0f1521320d28c625453c5a1bfe2,sheet1:R6,,,
693ca5dc2821e4db-sheet3-R5,2026-03-09,busan-busanjin,당감2동,본도시락 부산부전점,인사발령에 따른 직원 간담회 개최,211500,693ca5dc2821e4dbdcfe943420cd9e5306aec0f1521320d28c625453c5a1bfe2,sheet3:R5,,,
693ca5dc2821e4db-sheet4-R5,2026-03-11,busan-busanjin,당감2동,밸라다부산본점,시책추진 관계자 다과 등 구입,20800,693ca5dc2821e4dbdcfe943420cd9e5306aec0f1521320d28c625453c5a1bfe2,sheet4:R5,,,
ff0612ff948fd8f6-sheet1-R6,2026-03-04,busan-busanjin,미래창조과,쿠팡,부서 운영을 위한 다과 구입,278080,ff0612ff948fd8f6739195ac7c0eaaacb68e5eb56f7cf3d247009bb0efcdd27e,sheet1:R6,,,
1527044128c5f786-sheet2-R6,2026-03-04,busan-busanjin,양정1동,-,직원 결혼에 따른 경조사비 지급,50000,1527044128c5f7862374360ff0054e8b0bf06642dc46b4630ea6dd770692228a,sheet2:R6,,,
1527044128c5f786-sheet4-R6,2026-03-06,busan-busanjin,양정1동,누리마을감자탕양정점 하이오커피 양정점,직원 인사이동에 따른 간담회 개최,229400,1527044128c5f7862374360ff0054e8b0bf06642dc46b4630ea6dd770692228a,sheet4:R6,,,
ef35c6bc215783ec-sheet1-R6,2026-03-13,busan-busanjin,,카페진,전통시장 유관기관 합동 소방통로 확보 훈련 격려,100000,ef35c6bc215783ecdd511fa47c34ab358ac7d452dc6e82e3d3320ab42c19425d,sheet1:R6,,,
ef35c6bc215783ec-sheet2-R6,2026-03-24,busan-busanjin,,사미헌,직원 격려 간담회 개최,134100,ef35c6bc215783ecdd511fa47c34ab358ac7d452dc6e82e3d3320ab42c19425d,sheet2:R6,,,
cc18d80428c23fdb-sheet2-R6,2026-03-20,busan-busanjin,세무1과,앤티앤스,부서 직원 격려 간식,174000,cc18d80428c23fdb77ca23cdabd14d9a2b5fad6fb85ad24786d13c9831892403,sheet2:R6,,,
a13dd9d99e6f4baa-sheet2-R6,2026-03-06,busan-busanjin,아동청소년과,지마켓,직원 격려 및 방문 민원 접대용 음료구입,117090,a13dd9d99e6f4baa27e56dcde140da5ce037f75604f991bbd1cd31867e93ded3,sheet2:R6,,,
a13dd9d99e6f4baa-sheet2-R7,2026-03-19,busan-busanjin,아동청소년과,미락칼국수,현안사항 및 업무연찬 간담회 개최,91000,a13dd9d99e6f4baa27e56dcde140da5ce037f75604f991bbd1cd31867e93ded3,sheet2:R7,,,
eeffe1bd32b40a8c-sheet2-R6,2026-03-11,busan-busanjin,교통행정과,관내 식당,2026년 1분기 부산진구 교통안전실무협의체 실무자 간담회,180000,eeffe1bd32b40a8c3299d0a066e106424752eb013d9ac3aba18e57329fc42e72,sheet2:R6,,,
eeffe1bd32b40a8c-sheet2-R7,2026-03-12,busan-busanjin,교통행정과,관내 식당,차 없는 거리(단시간 근로자) 격려 간담회,65000,eeffe1bd32b40a8c3299d0a066e106424752eb013d9ac3aba18e57329fc42e72,sheet2:R7,,,
eeffe1bd32b40a8c-sheet2-R8,2026-03-24,busan-busanjin,교통행정과,파리바게트,제5차 부산진구 교통안전기본계획 수립 용역 회의 개최에 따른 다과 구입,56000,eeffe1bd32b40a8c3299d0a066e106424752eb013d9ac3aba18e57329fc42e72,sheet2:R8,,,
eeffe1bd32b40a8c-sheet3-R6,2026-03-10,busan-busanjin,교통행정과,관내 식당,인사발령에 따른 간담회 개최,331900,eeffe1bd32b40a8c3299d0a066e106424752eb013d9ac3aba18e57329fc42e72,sheet3:R6,,,
3dc367bd05d0801c-sheet2-R5,2026-03-06,busan-busanjin,감사담당관,제이 쿠키(네이버),제3기 청렴반디 발대식 다과 구입,110400,3dc367bd05d0801c5b0e041d8fd2f03795571a93af86c9aac67eca7bf44ce557,sheet2:R5,,,
12e15f33ffc56709-sheet1-R6,2026-03-04,busan-busanjin,,홈플러스,부서운영을 위한 다과 구입,101680,12e15f33ffc56709b640032455000e02c09ff1fabda2912bcb28934255e0abe0,sheet1:R6,,,
88824fad01dac640-sheet2-R7,2026-02-05,busan-busanjin,환경위생과,정동진해물탕해물찜,2026. 2. 1.자 인사이동에 따른 직원 간담회 개최,153000,88824fad01dac6409bc223c04aafd30b2d9f32e15f44eb8184ee94c331655329,sheet2:R7,,,
88824fad01dac640-sheet2-R8,2026-02-10,busan-busanjin,환경위생과,이마트 트레이더스 서면점,부서 운영을 위한 다과 구입,248740,88824fad01dac6409bc223c04aafd30b2d9f32e15f44eb8184ee94c331655329,sheet2:R8,,,
88824fad01dac640-sheet2-R9,2026-02-19,busan-busanjin,환경위생과,일신초밥,직원 노고 격려 간담회 개최,125000,88824fad01dac6409bc223c04aafd30b2d9f32e15f44eb8184ee94c331655329,sheet2:R9,,,
e15a46b93b8102db-sheet1-R6,2026-02-23,busan-busanjin,평생교육과,관내식당,평생학습 네트워크 구축사업 관련 관계자 간담회 선결제 집행,260000,e15a46b93b8102db46b922e598429b6b5f7bfbc96f17cfcfa6df5a614259bfe7,sheet1:R6,,,
e15a46b93b8102db-sheet1-R7,2026-02-23,busan-busanjin,평생교육과,관내식당,희망교육지구 사업 관련 간담회 선결제 집행,200000,e15a46b93b8102db46b922e598429b6b5f7bfbc96f17cfcfa6df5a614259bfe7,sheet1:R7,,,
e15a46b93b8102db-sheet1-R8,2026-02-23,busan-busanjin,평생교육과,관내식당,독서문화기반 확충을 위한 스마트도서관 조성 관계자 간담회 개최,180000,e15a46b93b8102db46b922e598429b6b5f7bfbc96f17cfcfa6df5a614259bfe7,sheet1:R8,,,
e15a46b93b8102db-sheet2-R6,2026-02-23,busan-busanjin,평생교육과,관내식당,직원 업무연찬 및 간담회 선결제 집행,1000000,e15a46b93b8102db46b922e598429b6b5f7bfbc96f17cfcfa6df5a614259bfe7,sheet2:R6,,,
e15a46b93b8102db-sheet2-R7,2026-02-23,busan-busanjin,평생교육과,관내식당,직원 노고 격려 간담회 개최,286000,e15a46b93b8102db46b922e598429b6b5f7bfbc96f17cfcfa6df5a614259bfe7,sheet2:R7,,,
e15a46b93b8102db-sheet2-R8,2026-02-27,busan-busanjin,평생교육과,쿠팡,부서 운영을 위한 다과 구입,398350,e15a46b93b8102db46b922e598429b6b5f7bfbc96f17cfcfa6df5a614259bfe7,sheet2:R8,,,
15cf351151bf3cb8-sheet1-R6,2026-02-03,busan-busanjin,,부산은행,2026년 설명절 맞이 동 직원 및 업무보조요원 격려 상품권 구입,900000,15cf351151bf3cb805a8f6f673feba1fc73fc7d8612b106e2c26c3bbd155c98f,sheet1:R6,,,
15cf351151bf3cb8-sheet1-R7,2026-02-05,busan-busanjin,,맛나감자탕 초읍점,[선결제] 유관단체 업무추진 간담회 개최,300000,15cf351151bf3cb805a8f6f673feba1fc73fc7d8612b106e2c26c3bbd155c98f,sheet1:R7,,,
464700908a898693-sheet1-R6,2026-02-10,busan-busanjin,복지정책과,갈비곳간,직원 인사이동에 따른 간담회 개최(선결제),400000,464700908a8986936a14d2e3f20852a2587663ae9ff1df308d3bb56a6974e570,sheet1:R6,,,
464700908a898693-sheet2-R6,2026-02-02,busan-busanjin,복지정책과,갈비곳간,2026년 통합돌봄 및 찾아가는 보건복지서비스 담당자 간담회,468700,464700908a8986936a14d2e3f20852a2587663ae9ff1df308d3bb56a6974e570,sheet2:R6,,,
464700908a898693-sheet2-R7,2026-02-10,busan-busanjin,복지정책과,부산복집,2026년 상반기 자활사업 추진 실무책임자 간담회,360000,464700908a8986936a14d2e3f20852a2587663ae9ff1df308d3bb56a6974e570,sheet2:R7,,,
8d7b9e4124b3e41d-sheet1-R6,2026-02-04,busan-busanjin,주민복지국,개인(성명 비공개),주민복지국 기관운영업무추진비 지급,50000,8d7b9e4124b3e41d8efdff0e969b2f9ef2e4a8542ffb2adfe10e29e45b58eff5,sheet1:R6,,,
8d7b9e4124b3e41d-sheet1-R7,2026-02-05,busan-busanjin,주민복지국,해논미역,현안사항 및 업무연찬 간담회(아동청소년과),124000,8d7b9e4124b3e41d8efdff0e969b2f9ef2e4a8542ffb2adfe10e29e45b58eff5,sheet1:R7,,,
8d7b9e4124b3e41d-sheet1-R8,2026-02-06,busan-busanjin,주민복지국,북경,현안사항 및 업무연찬 간담회(가족지원과),159000,8d7b9e4124b3e41d8efdff0e969b2f9ef2e4a8542ffb2adfe10e29e45b58eff5,sheet1:R8,,,
8d7b9e4124b3e41d-sheet1-R9,2026-02-09,busan-busanjin,주민복지국,금복,현안사항 및 업무연찬 간담회(선결제),400000,8d7b9e4124b3e41d8efdff0e969b2f9ef2e4a8542ffb2adfe10e29e45b58eff5,sheet1:R9,,,
8d7b9e4124b3e41d-sheet1-R10,2026-02-13,busan-busanjin,주민복지국,소소수산,현안사항 및 업무연찬 간담회(생활보장과),90000,8d7b9e4124b3e41d8efdff0e969b2f9ef2e4a8542ffb2adfe10e29e45b58eff5,sheet1:R10,,,
8d7b9e4124b3e41d-sheet1-R11,2026-02-25,busan-busanjin,주민복지국,삼원칼국수,현안사항 및 업무연찬 간담회(복지정책과),84000,8d7b9e4124b3e41d8efdff0e969b2f9ef2e4a8542ffb2adfe10e29e45b58eff5,sheet1:R11,,,
8d7b9e4124b3e41d-sheet2-R6,2026-02-07,busan-busanjin,주민복지국,갈비곳간,주민복지 업무추진 간담회 개최(선결제),600000,8d7b9e4124b3e41d8efdff0e969b2f9ef2e4a8542ffb2adfe10e29e45b58eff5,sheet2:R6,,,
8d7b9e4124b3e41d-sheet2-R7,2026-02-23,busan-busanjin,주민복지국,소소수산,1인가구 복지증진 업무 담당자 간담회 개최,90000,8d7b9e4124b3e41d8efdff0e969b2f9ef2e4a8542ffb2adfe10e29e45b58eff5,sheet2:R7,,,
8d7b9e4124b3e41d-sheet2-R8,2026-02-24,busan-busanjin,주민복지국,프루아즈,2026년 2월 부산진구 지역사회보장협의체 심의회 관련 다과 구입,255000,8d7b9e4124b3e41d8efdff0e969b2f9ef2e4a8542ffb2adfe10e29e45b58eff5,sheet2:R8,,,
8d7b9e4124b3e41d-sheet2-R9,2026-02-24,busan-busanjin,주민복지국,트레이더스 서면점,2026년 2월 부산진구 지역사회보장협의체 심의회 관련 다과 구입,86860,8d7b9e4124b3e41d8efdff0e969b2f9ef2e4a8542ffb2adfe10e29e45b58eff5,sheet2:R9,,,
d590d4f2efd768d1-sheet1-R6,2026-02-10,busan-busanjin,주민복지국,하나로마트 부전점,2026년 설 명절맞이 사회복지시설 격려품 구입,1103620,d590d4f2efd768d1da9b0a0d29fdb69b8f459590120f554c2bbdd4e9cfba68f0,sheet1:R6,,,
d590d4f2efd768d1-sheet1-R7,2026-02-10,busan-busanjin,주민복지국,크리스피 크림도넛,2026년 설 명절맞이 사회복지시설 격려품 구입,97500,d590d4f2efd768d1da9b0a0d29fdb69b8f459590120f554c2bbdd4e9cfba68f0,sheet1:R7,,,
0bbeb1312da78453-sheet2-R6,2026-02-09,busan-busanjin,양정1동,-,유관기관 임직원 경조사비 지급,50000,0bbeb1312da78453894950f408bae5221fc469e5c2352234e06fa158ec8d4c2d,sheet2:R6,,,
0bbeb1312da78453-sheet2-R7,2026-02-23,busan-busanjin,양정1동,갤러리움웨딩홀부페,유관단체 함동 신년회 행사준비 격려 간담회 개최,40000,0bbeb1312da78453894950f408bae5221fc469e5c2352234e06fa158ec8d4c2d,sheet2:R7,,,
0bbeb1312da78453-sheet4-R6,2026-02-10,busan-busanjin,양정1동,싱싱장터 트레이더스서면점,직원 노고격려 다과(간식 등) 구입,365960,0bbeb1312da78453894950f408bae5221fc469e5c2352234e06fa158ec8d4c2d,sheet4:R6,,,
0bbeb1312da78453-sheet4-R7,2026-02-12,busan-busanjin,양정1동,화덕으로간고등어,명절맞이 직원 오찬 간담회 개최,231000,0bbeb1312da78453894950f408bae5221fc469e5c2352234e06fa158ec8d4c2d,sheet4:R7,,,
8570f6516f033ce5-sheet1-R6,2026-02-09,busan-busanjin,문화경제국,금복,현안업무 추진 직원 격려 등 간담회 선결제 집행,330000,8570f6516f033ce5ba93c38c54d7256c5855e5438f0a9d446cb31546c4eb0de1,sheet1:R6,,,
8570f6516f033ce5-sheet1-R7,2026-02-09,busan-busanjin,문화경제국,스콜,현안업무 추진 직원 격려 등 간담회 선결제 집행,330000,8570f6516f033ce5ba93c38c54d7256c5855e5438f0a9d446cb31546c4eb0de1,sheet1:R7,,,
8570f6516f033ce5-sheet1-R8,2026-02-09,busan-busanjin,문화경제국,갈비곳간,현안업무 추진 직원 격려 등 간담회 선결제 집행,330000,8570f6516f033ce5ba93c38c54d7256c5855e5438f0a9d446cb31546c4eb0de1,sheet1:R8,,,
8570f6516f033ce5-sheet2-R6,2026-02-06,busan-busanjin,문화경제국,우성갈비화로구이,부전역(고속철도)맞이길 조성사업 상징조형물 제막식 관련 간담회 개최,210000,8570f6516f033ce5ba93c38c54d7256c5855e5438f0a9d446cb31546c4eb0de1,sheet2:R6,,,
c2dfaf21822529ce-sheet1-R6,2026-02-09,busan-busanjin,문화체육과,금복,직원 업무연찬 등 간담회 선결제 집행,420000,c2dfaf21822529cef3b01ba8965fff1392fa46d3ef21ded70e9287b28f49c7dc,sheet1:R6,,,
c2dfaf21822529ce-sheet1-R7,2026-02-09,busan-busanjin,문화체육과,스콜,직원 업무연찬 등 간담회 선결제 집행,420000,c2dfaf21822529cef3b01ba8965fff1392fa46d3ef21ded70e9287b28f49c7dc,sheet1:R7,,,
c2dfaf21822529ce-sheet1-R8,2026-02-09,busan-busanjin,문화체육과,갈비곳간,직원 업무연찬 등 간담회 선결제 집행,420000,c2dfaf21822529cef3b01ba8965fff1392fa46d3ef21ded70e9287b28f49c7dc,sheet1:R8,,,
c2dfaf21822529ce-sheet1-R9,2026-02-20,busan-busanjin,문화체육과,쿠팡,부서운영을 위한 다과 등 구입,99100,c2dfaf21822529cef3b01ba8965fff1392fa46d3ef21ded70e9287b28f49c7dc,sheet1:R9,,,
c2dfaf21822529ce-sheet1-R10,2026-02-20,busan-busanjin,문화체육과,트레이더스 서면점,부서운영을 위한 다과 구입,237880,c2dfaf21822529cef3b01ba8965fff1392fa46d3ef21ded70e9287b28f49c7dc,sheet1:R10,,,
425b911c700f6d7e-sheet4-R6,2026-02-24,busan-busanjin,,민영활어공장,사회적 고립 예방을 위한 노인맞춤돌봄 협력 간담회 개최,210000,425b911c700f6d7e54b51fc3ed68fac87bb1d14feee4c7e0f0a946cfe88150fd,sheet4:R6,,,
6ddc3ad270e740fd-sheet2-R6,2026-02-04,busan-busanjin,,트레이더스 서면점,민원접대용 음료 및 다과 구입,246640,6ddc3ad270e740fd469fdb0f0e839fbdd1c141accf83bf452b184e9baa19244a,sheet2:R6,,,
6ddc3ad270e740fd-sheet3-R6,2026-02-02,busan-busanjin,,부산은행,2026년 직원 생일 축하 상품권 구입,600000,6ddc3ad270e740fd469fdb0f0e839fbdd1c141accf83bf452b184e9baa19244a,sheet3:R6,,,
0be354064c2e071f-sheet1-R6,2026-02-03,busan-busanjin,양정2동,㈜부산은행 온누리상품권,2026년 부산형 선(善)결제 관련 명절 맞이 직원 격려 등 상품권 구입,1400000,0be354064c2e071f0a0688197863c1903e10e55d33644fd393d666ab904b30cb,sheet1:R6,,,
0be354064c2e071f-sheet1-R7,2026-02-09,busan-busanjin,양정2동,에스에스지페이먼츠,내방객 등 접대용 다과(음료) 구입,147400,0be354064c2e071f0a0688197863c1903e10e55d33644fd393d666ab904b30cb,sheet1:R7,,,
0be354064c2e071f-sheet1-R8,2026-02-20,busan-busanjin,양정2동,비비큐 연산점 및 파파존스부산시청점,동 현안 업무를 위한 간담회 개최,245900,0be354064c2e071f0a0688197863c1903e10e55d33644fd393d666ab904b30cb,sheet1:R8,,,
0be354064c2e071f-sheet3-R6,2026-02-03,busan-busanjin,양정2동,㈜부산은행 온누리상품권,2026년 부산형 선(善)결제 관련 직원 격려 상품권 구입,560000,0be354064c2e071f0a0688197863c1903e10e55d33644fd393d666ab904b30cb,sheet3:R6,,,
0be354064c2e071f-sheet4-R6,2026-02-04,busan-busanjin,양정2동,손큰집,직원 격려 및 업무연찬 간담회 개최,174000,0be354064c2e071f0a0688197863c1903e10e55d33644fd393d666ab904b30cb,sheet4:R6,,,
0be354064c2e071f-sheet4-R7,2026-02-09,busan-busanjin,양정2동,에스에스지페이먼츠,직원 격려용 다과류 구입,149400,0be354064c2e071f0a0688197863c1903e10e55d33644fd393d666ab904b30cb,sheet4:R7,,,
b0f8d411f364db4a-sheet2-R6,2026-02-02,busan-busanjin,,이마트 트레이더스,2026년 설 명절 맞이 직원 격려 상품권 구입,800000,b0f8d411f364db4a0fc56bd5d812d657901cb851c389b7b80db3da8676cc66ad,sheet2:R6,,,
b0f8d411f364db4a-sheet2-R7,2026-02-24,busan-busanjin,,SSG,방문민원 제공용 다과 구입,226350,b0f8d411f364db4a0fc56bd5d812d657901cb851c389b7b80db3da8676cc66ad,sheet2:R7,,,
a2d79b7fb56db8b4-sheet1-R5,2026-02-06,busan-busanjin,,(주)부산은행,설 명절 직원 격려품(온누리상품권) 구입,600000,a2d79b7fb56db8b4966b5f879cfeec8a30c640e87835d4089361a1c8432df75a,sheet1:R5,,,
a2d79b7fb56db8b4-sheet1-R6,2026-02-06,busan-busanjin,,(주)부산은행,2026년 통장 직무수행평가 시상 온누리상품권 구입,200000,a2d79b7fb56db8b4966b5f879cfeec8a30c640e87835d4089361a1c8432df75a,sheet1:R6,,,
a2d79b7fb56db8b4-sheet1-R7,2026-02-09,busan-busanjin,,트라웰 당감점,내방 고객 접대용 음료 및 다과 구입,143940,a2d79b7fb56db8b4966b5f879cfeec8a30c640e87835d4089361a1c8432df75a,sheet1:R7,,,
a2d79b7fb56db8b4-sheet1-R8,2026-02-10,busan-busanjin,,"장꼬방, 하얀농원","(선결제)유관단체, 기관 등 간담회 개최",700000,a2d79b7fb56db8b4966b5f879cfeec8a30c640e87835d4089361a1c8432df75a,sheet1:R8,,,
a2d79b7fb56db8b4-sheet2-R5,2026-02-10,busan-busanjin,당감4동,"채선당, 하얀농원",(선결제) 직원 업무연찬 및 간담회 개최,500000,a2d79b7fb56db8b4966b5f879cfeec8a30c640e87835d4089361a1c8432df75a,sheet2:R5,,,
63dc960213a184dc-sheet1-R6,2026-02-20,busan-busanjin,도시관리국,커피여행,공원녹지과 직원 격려 간식 구입,21000,63dc960213a184dca44ae62372bd603cc18edb55675ebeae76397e178cec4dad,sheet1:R6,,,
63dc960213a184dc-sheet2-R6,2026-02-05,busan-busanjin,도시관리국,"갈비곳간, 다원, 북경, 민속집, 남해장어",현안업무추진 간담회 선결제 집행,750000,63dc960213a184dca44ae62372bd603cc18edb55675ebeae76397e178cec4dad,sheet2:R6,,,
63dc960213a184dc-sheet2-R7,2026-02-10,busan-busanjin,도시관리국,태진한우,정비사업 추진을 위한 업무추진 간담회 개최,440000,63dc960213a184dca44ae62372bd603cc18edb55675ebeae76397e178cec4dad,sheet2:R7,,,
7e43d0776d890b4f-table1-R2,2026-02-10,busan-busanjin,의회사무국,후 키친,당면 현안 업무 추진 직원 격려 간담회 개최,162000,7e43d0776d890b4f783e7bb21a40cfe05be73a9d6150f5abd123e665ef62f50d,table1:R2,,,
7e43d0776d890b4f-table1-R3,2026-02-10,busan-busanjin,의회사무국,디노바 라숲,당면 현안 업무 추진 직원 격려 간담회 개최,56000,7e43d0776d890b4f783e7bb21a40cfe05be73a9d6150f5abd123e665ef62f50d,table1:R3,,,
7e43d0776d890b4f-table1-R4,2026-02-12,busan-busanjin,의회사무국,부산복집,당면 현안 업무 추진 직원 격려 간담회 개최,42000,7e43d0776d890b4f783e7bb21a40cfe05be73a9d6150f5abd123e665ef62f50d,table1:R4,,,
7e43d0776d890b4f-table1-R5,2026-02-12,busan-busanjin,의회사무국,스타벅스 코리아,당면 현안 업무 추진 직원 격려 간담회 개최,17900,7e43d0776d890b4f783e7bb21a40cfe05be73a9d6150f5abd123e665ef62f50d,table1:R5,,,
00f6d126802fb997-table2-R2,2026-02-05,busan-busanjin,의회사무국,급행장차이나,의회 홍보 활성화를 위한 언론사 기자 간담회 개최,56000,00f6d126802fb997cfeca5a94d11c300d81b9f436ec0a640fc4f6d60c5580da7,table2:R2,,,
00f6d126802fb997-table2-R3,2026-02-05,busan-busanjin,의회사무국,스타벅스,의회 홍보 활성화를 위한 언론사 기자 간담회 개최,12000,00f6d126802fb997cfeca5a94d11c300d81b9f436ec0a640fc4f6d60c5580da7,table2:R3,,,
00f6d126802fb997-table2-R4,2026-02-10,busan-busanjin,의회사무국,강갈비탕,의회 홍보 방안 논의를 위한 관계자와의 간담회 개최,60000,00f6d126802fb997cfeca5a94d11c300d81b9f436ec0a640fc4f6d60c5580da7,table2:R4,,,
00f6d126802fb997-table2-R5,2026-02-13,busan-busanjin,의회사무국,카츠백 부산진구점,원활한 의사 업무 추진을 위한 관계자와의 간담회 개최 건의,105000,00f6d126802fb997cfeca5a94d11c300d81b9f436ec0a640fc4f6d60c5580da7,table2:R5,,,
00f6d126802fb997-table2-R6,2026-02-09,busan-busanjin,의회사무국,민속집,당면 현안 업무 추진을 위한 관계자와의 간담회 개최 건의,110000,00f6d126802fb997cfeca5a94d11c300d81b9f436ec0a640fc4f6d60c5580da7,table2:R6,,,
00f6d126802fb997-table2-R7,2026-02-11,busan-busanjin,의회사무국,롯데쇼핑,전문위원실 차 구입,97290,00f6d126802fb997cfeca5a94d11c300d81b9f436ec0a640fc4f6d60c5580da7,table2:R7,,,
00f6d126802fb997-table2-R8,2026-02-12,busan-busanjin,의회사무국,스시투어 시민공원점,정책 지원 업무 추진을 위한 관계자와의 간담회 개최 건의,105000,00f6d126802fb997cfeca5a94d11c300d81b9f436ec0a640fc4f6d60c5580da7,table2:R8,,,
00f6d126802fb997-table2-R9,2026-02-19,busan-busanjin,의회사무국,일화정 연탄주꾸미,위원회 소관 현안사항 토의 간담회 개최,107600,00f6d126802fb997cfeca5a94d11c300d81b9f436ec0a640fc4f6d60c5580da7,table2:R9,,,
00f6d126802fb997-table2-R10,2026-02-24,busan-busanjin,의회사무국,외식일번가 부산진구점,홍보콘텐츠 제작을 위한 간담회 실시,60000,00f6d126802fb997cfeca5a94d11c300d81b9f436ec0a640fc4f6d60c5580da7,table2:R10,,,
00f6d126802fb997-table2-R11,2026-02-27,busan-busanjin,의회사무국,밀양횟집,당면 현안 업무 추진을 위한 관계자와의 간담회 개최 건의,111000,00f6d126802fb997cfeca5a94d11c300d81b9f436ec0a640fc4f6d60c5580da7,table2:R11,,,
00f6d126802fb997-table2-R12,2026-02-27,busan-busanjin,의회사무국,은하횟집,당면 현안 업무 추진을 위한 관계자와의 간담회 개최 건의,140000,00f6d126802fb997cfeca5a94d11c300d81b9f436ec0a640fc4f6d60c5580da7,table2:R12,,,
00f6d126802fb997-table3-R2,2026-02-26,busan-busanjin,의회사무국,쿠팡,부서운영을 위한 다과 구입,397640,00f6d126802fb997cfeca5a94d11c300d81b9f436ec0a640fc4f6d60c5580da7,table3:R2,,,
e6fdfd7fdd0e90b0-sheet1-R6,2026-02-02,busan-busanjin,,금복,2026년 동순방 관련부서 노고 격려 간담회 개최,240000,e6fdfd7fdd0e90b081800bc19af2ebc7c2bccf5ffcbc2b08eb0741d286ef45b7,sheet1:R6,,,
e6fdfd7fdd0e90b0-sheet1-R7,2026-02-05,busan-busanjin,,다기야기,설맞이 도시환경정비 관련 유관단체 오찬 간담회 개최,300000,e6fdfd7fdd0e90b081800bc19af2ebc7c2bccf5ffcbc2b08eb0741d286ef45b7,sheet1:R7,,,
e6fdfd7fdd0e90b0-sheet1-R8,2026-02-23,busan-busanjin,,사미헌,제9회 전국동시지방선거 대비 동 선거담당 직원 간담회 개최,632100,e6fdfd7fdd0e90b081800bc19af2ebc7c2bccf5ffcbc2b08eb0741d286ef45b7,sheet1:R8,,,
e6fdfd7fdd0e90b0-sheet1-R9,2026-02-25,busan-busanjin,,진카페,인사위원회 운영 관련 다과 등 구입,50000,e6fdfd7fdd0e90b081800bc19af2ebc7c2bccf5ffcbc2b08eb0741d286ef45b7,sheet1:R9,,,
e6fdfd7fdd0e90b0-sheet2-R6,2026-02-12,busan-busanjin,,급행장 별관,직원 노고 격려 간담회 개최,667000,e6fdfd7fdd0e90b081800bc19af2ebc7c2bccf5ffcbc2b08eb0741d286ef45b7,sheet2:R6,,,
de4edd2f778af451-table1-R2,2026-02-02,busan-busanjin,,개인(성명 비공개),직원 경조사 격려,50000,de4edd2f778af45123fa1246d7f38ebbe24a6b21f955ddf4414c67cde2b107ab,table1:R2,,,
de4edd2f778af451-table1-R3,2026-02-03,busan-busanjin,,개인(성명 비공개),직원 경조사비 지급,50000,de4edd2f778af45123fa1246d7f38ebbe24a6b21f955ddf4414c67cde2b107ab,table1:R3,,,
de4edd2f778af451-table1-R4,2026-02-19,busan-busanjin,,금복식당,2026년 행정지원국 구정 현안과제 선전 논의 만찬 간담회,450000,de4edd2f778af45123fa1246d7f38ebbe24a6b21f955ddf4414c67cde2b107ab,table1:R4,,,
aff84236b190073d-table1-R2,2026-02-02,busan-busanjin,,남해장어,건축관리과 직원 오찬 간담회,90000,aff84236b190073d82bc15d911d9197f60982f87375c4f6760266cd690be9e62,table1:R2,,,
aff84236b190073d-table1-R3,2026-02-03,busan-busanjin,,개인(성명 비공개),직원 경조사비 지급,50000,aff84236b190073d82bc15d911d9197f60982f87375c4f6760266cd690be9e62,table1:R3,,,
aff84236b190073d-table1-R4,2026-02-05,busan-busanjin,,개인(성명 비공개),직원 경조사 격려,50000,aff84236b190073d82bc15d911d9197f60982f87375c4f6760266cd690be9e62,table1:R4,,,
aff84236b190073d-table1-R5,2026-02-09,busan-busanjin,,부산은행,2026년 설 명절 직원 선물 구입(온누리상품권),14400000,aff84236b190073d82bc15d911d9197f60982f87375c4f6760266cd690be9e62,table1:R5,,,
aff84236b190073d-table1-R6,2026-02-10,busan-busanjin,,오피스디포,2026년 설 명절 직원 선물 봉투 구입,60000,aff84236b190073d82bc15d911d9197f60982f87375c4f6760266cd690be9e62,table1:R6,,,
aff84236b190073d-table1-R7,2026-02-12,busan-busanjin,,미락칼국수,가족지원과 직원 오찬 간담회,120000,aff84236b190073d82bc15d911d9197f60982f87375c4f6760266cd690be9e62,table1:R7,,,
aff84236b190073d-table1-R8,2026-02-12,busan-busanjin,,금복식당,설 명절맞이 간부공무원 만찬 간담회,490000,aff84236b190073d82bc15d911d9197f60982f87375c4f6760266cd690be9e62,table1:R8,,,
aff84236b190073d-table1-R9,2026-02-13,busan-busanjin,,북경,공원녹지과 직원 오찬 간담회,127000,aff84236b190073d82bc15d911d9197f60982f87375c4f6760266cd690be9e62,table1:R9,,,
aff84236b190073d-table1-R10,2026-02-19,busan-busanjin,,소소수산,안전도시과 직원 오찬 간담회,126000,aff84236b190073d82bc15d911d9197f60982f87375c4f6760266cd690be9e62,table1:R10,,,
aff84236b190073d-table1-R11,2026-02-19,busan-busanjin,,이마트,부구청장실 내방객 제공 다과 등 구입,139060,aff84236b190073d82bc15d911d9197f60982f87375c4f6760266cd690be9e62,table1:R11,,,
3ef43e911c33db59-sheet1-R3,2026-02-11,busan-busanjin,범천1동,(주)이마트문현점,2026년 설맞이 직원 격려 상품권 구입,650000,3ef43e911c33db5995cebad65adf0f4e3a610bc5322b2ae07799cc8e9d9002d1,sheet1:R3,,,
3ef43e911c33db59-sheet2-R3,2026-02-10,busan-busanjin,범천1동,대송,직원 업무연찬 및 간담회 선결제 집행,420000,3ef43e911c33db5995cebad65adf0f4e3a610bc5322b2ae07799cc8e9d9002d1,sheet2:R3,,,
52a1f712ecab5aec-sheet1-R3,2026-02-03,busan-busanjin,개금2동,에스에스지페이먼츠,내방객 응접용 다과 구입 건의,196380,52a1f712ecab5aec569da4a8873ec4976f53f0aca39444bb52303ffd5926693c,sheet1:R3,,,
52a1f712ecab5aec-sheet1-R4,2026-02-03,busan-busanjin,개금2동,트레이더스 홀세일클럽 서면점(상품권),설 명절맞이 직원 격려 상품권 구입,600000,52a1f712ecab5aec569da4a8873ec4976f53f0aca39444bb52303ffd5926693c,sheet1:R4,,,
52a1f712ecab5aec-sheet1-R5,2026-02-13,busan-busanjin,개금2동,-,직원 경조사 지급,50000,52a1f712ecab5aec569da4a8873ec4976f53f0aca39444bb52303ffd5926693c,sheet1:R5,,,
52a1f712ecab5aec-sheet1-R6,2026-02-24,busan-busanjin,개금2동,송가네식당,이웃사랑회 격려 간담회 개최,300000,52a1f712ecab5aec569da4a8873ec4976f53f0aca39444bb52303ffd5926693c,sheet1:R6,,,
b8b4c2f54ba14596-sheet1-R6,2026-02-10,busan-busanjin,재무과,스콜,2025회계연도 결산업무 추진 간담회 개최,166000,b8b4c2f54ba145969ff4846ae864fa0416d1707cd2f3b59cd761f293c681b79c,sheet1:R6,,,
b8b4c2f54ba14596-sheet1-R7,2026-02-10,busan-busanjin,재무과,스콜,정보통신시설 유지관리 관련 간담회 개최,270000,b8b4c2f54ba145969ff4846ae864fa0416d1707cd2f3b59cd761f293c681b79c,sheet1:R7,,,
b8b4c2f54ba14596-sheet1-R8,2026-02-11,busan-busanjin,재무과,사미헌,청사관리(방호) 공무직 근로자 및 관계자 간담회 개최,483800,b8b4c2f54ba145969ff4846ae864fa0416d1707cd2f3b59cd761f293c681b79c,sheet1:R8,,,
b8b4c2f54ba14596-sheet1-R9,2026-02-12,busan-busanjin,재무과,프리모,업무용 컴퓨터(PC) 보급 관련 간담회 개최,200000,b8b4c2f54ba145969ff4846ae864fa0416d1707cd2f3b59cd761f293c681b79c,sheet1:R9,,,
9a3f96b8d5890a2e-sheet1-R6,2026-02-06,busan-busanjin,,쿠팡,부서운영을 위한 다과 구입 등,276600,9a3f96b8d5890a2ea83a99f7dc9371913e9c26977239c8e3449d7b13718588f6,sheet1:R6,,,
e146647c783ef63c-sheet1-R6,2026-01-28,busan-busanjin,,오피스디포,부서운영을 위한 다과 구입 등,487700,e146647c783ef63cff58d77dc69ae7b761cef4f220f7ddff3633e5c8447fc941,sheet1:R6,,,
e146647c783ef63c-sheet1-R7,2026-01-30,busan-busanjin,,육가,직원 인사이동에 따른 간담회 개최,499000,e146647c783ef63cff58d77dc69ae7b761cef4f220f7ddff3633e5c8447fc941,sheet1:R7,,,
e2cbc3226ffac53c-sheet1-R6,2026-02-06,busan-busanjin,,(주)부산은행(온누리상품권),2026년 설 명절 맞이 직원 격려 상품권 구입,750000,e2cbc3226ffac53c94c7e0af7fde114d71a687ea5afa302e71fc7ab226c9ed52,sheet1:R6,,,
e2cbc3226ffac53c-sheet1-R7,2026-02-09,busan-busanjin,,금복,2026년 상반기 유관단체협의회 간담회 개최,450000,e2cbc3226ffac53c94c7e0af7fde114d71a687ea5afa302e71fc7ab226c9ed52,sheet1:R7,,,
e2cbc3226ffac53c-sheet1-R8,2026-02-09,busan-busanjin,,아티자나외 2,통장 노고격려 간담회 개최 관련 다과 구입,256600,e2cbc3226ffac53c94c7e0af7fde114d71a687ea5afa302e71fc7ab226c9ed52,sheet1:R8,,,
e2cbc3226ffac53c-sheet1-R9,2026-02-23,busan-busanjin,,네이버파이낸셜(주)외 1,내방객 접대용 음료 구입,83990,e2cbc3226ffac53c94c7e0af7fde114d71a687ea5afa302e71fc7ab226c9ed52,sheet1:R9,,,
e2cbc3226ffac53c-sheet1-R10,2026-02-24,busan-busanjin,,(주)이마트문현점,「범2(범이) 이웃사촌」발대식 개최 다과 구입,39900,e2cbc3226ffac53c94c7e0af7fde114d71a687ea5afa302e71fc7ab226c9ed52,sheet1:R10,,,
e2cbc3226ffac53c-sheet2-R6,2026-02-09,busan-busanjin,,㈜교보문고,2026년 상반기 직원 생일축하 문화상품권 구입 건의,360000,e2cbc3226ffac53c94c7e0af7fde114d71a687ea5afa302e71fc7ab226c9ed52,sheet2:R6,,,
e2cbc3226ffac53c-sheet3-R6,2026-02-24,busan-busanjin,,쿠팡㈜,직원 사기진작을 위한 다과(간식 등) 구입,195350,e2cbc3226ffac53c94c7e0af7fde114d71a687ea5afa302e71fc7ab226c9ed52,sheet3:R6,,,
e2cbc3226ffac53c-sheet3-R7,2026-02-26,busan-busanjin,,육가서면본점,직원 노고 격려 간담회 개최,432800,e2cbc3226ffac53c94c7e0af7fde114d71a687ea5afa302e71fc7ab226c9ed52,sheet3:R7,,,
bfc0cbf346d5384e-sheet1-R6,2026-02-09,busan-busanjin,일자리산업과,스콜,직원 노고 격려 간담회 개최,630000,bfc0cbf346d5384e59550e49e44ca8ce2b75f5d715afae5dce8589288c1a5897,sheet1:R6,,,
bfc0cbf346d5384e-sheet1-R7,2026-02-11,busan-busanjin,일자리산업과,㈜쿠팡,부서 다과 구입,198800,bfc0cbf346d5384e59550e49e44ca8ce2b75f5d715afae5dce8589288c1a5897,sheet1:R7,,,
bfc0cbf346d5384e-sheet2-R6,2026-02-05,busan-busanjin,일자리산업과,(주)사미헌,(선결제)특성화고 진로탐색 콘서트 간담회,360000,bfc0cbf346d5384e59550e49e44ca8ce2b75f5d715afae5dce8589288c1a5897,sheet2:R6,,,
bfc0cbf346d5384e-sheet2-R7,2026-02-09,busan-busanjin,일자리산업과,(주)사미헌,(선결제)커스텀 프로그램 행사 간담회,160000,bfc0cbf346d5384e59550e49e44ca8ce2b75f5d715afae5dce8589288c1a5897,sheet2:R7,,,
bfc0cbf346d5384e-sheet2-R8,2026-02-10,busan-busanjin,일자리산업과,강경불고기 해운대점,신발특구 산업 발굴 네트워크 구축 간담회,56000,bfc0cbf346d5384e59550e49e44ca8ce2b75f5d715afae5dce8589288c1a5897,sheet2:R8,,,
bfc0cbf346d5384e-sheet2-R9,2026-02-25,busan-busanjin,일자리산업과,주식회사 급행장,지역대학 협력 네트워크 회의 간담회,230000,bfc0cbf346d5384e59550e49e44ca8ce2b75f5d715afae5dce8589288c1a5897,sheet2:R9,,,
d24f9a1a4d54455d-sheet1-R5,2026-02-03,busan-busanjin,당감2동,개인(성명 비공개),직원 경조사 부의금 지급,50000,d24f9a1a4d54455d9a25f57bfa27b212856128f764b920f56ad951cf4642455a,sheet1:R5,,,
d24f9a1a4d54455d-sheet1-R6,2026-02-09,busan-busanjin,당감2동,트레이더스 홀세일클럽 서면점(상품권),"[선결제]명절(설,추석)맞이 직원 격려 상품권 구입",1100000,d24f9a1a4d54455d9a25f57bfa27b212856128f764b920f56ad951cf4642455a,sheet1:R6,,,
d24f9a1a4d54455d-sheet1-R7,2026-02-10,busan-busanjin,당감2동,밸라다부산본점,유관단체(새마을부녀회) 격려 다과 등 구입,100000,d24f9a1a4d54455d9a25f57bfa27b212856128f764b920f56ad951cf4642455a,sheet1:R7,,,
d24f9a1a4d54455d-sheet3-R5,2026-02-09,busan-busanjin,당감2동,기와집,[선결제]직원 업무연찬 및 간담회 개최,350000,d24f9a1a4d54455d9a25f57bfa27b212856128f764b920f56ad951cf4642455a,sheet3:R5,,,
d24f9a1a4d54455d-sheet4-R5,2026-02-27,busan-busanjin,당감2동,바다나라횟집,시책추진관계자 간담회 개최,150000,d24f9a1a4d54455d9a25f57bfa27b212856128f764b920f56ad951cf4642455a,sheet4:R5,,,
5b0d48099093296b-sheet1-R6,2026-02-24,busan-busanjin,경제관광과,우성갈비화로구이,직원 노고 격려를 위한 간담회 개최(시장활성화계),122500,5b0d48099093296b2b6fa180ba5881146eb9fdac559dca5188f591b7e4f4680f,sheet1:R6,,,
5b0d48099093296b-sheet2-R6,2026-02-05,busan-busanjin,경제관광과,우성갈비화로구이,현안업무 추진 간담회 선결제 집행,160000,5b0d48099093296b2b6fa180ba5881146eb9fdac559dca5188f591b7e4f4680f,sheet2:R6,,,
5b0d48099093296b-sheet2-R7,2026-02-05,busan-busanjin,경제관광과,청해수산(직영점),(사)SMS 의료관광협의회 업무 간담회 개최 선결제 집행,160000,5b0d48099093296b2b6fa180ba5881146eb9fdac559dca5188f591b7e4f4680f,sheet2:R7,,,
5b0d48099093296b-sheet2-R8,2026-02-06,busan-busanjin,경제관광과,미락칼국수,(선결제)서면애가면 도보투어 운영 관계자 간담회 개최,160000,5b0d48099093296b2b6fa180ba5881146eb9fdac559dca5188f591b7e4f4680f,sheet2:R8,,,
7d10c5c2365f7035-sheet1-R6,2026-02-03,busan-busanjin,,대림숯불갈비,새마을문고 노고 격려 간담회 개최,350000,7d10c5c2365f7035aa8df18b4417a16ef2d955f2047b3dc2ea5b55a865a8a0cc,sheet1:R6,,,
7d10c5c2365f7035-sheet1-R7,2026-02-04,busan-busanjin,,주식회사 미진미트 디어벨류,민·관 복지 상호협력과 자원 공유 간담회 개최,164500,7d10c5c2365f7035aa8df18b4417a16ef2d955f2047b3dc2ea5b55a865a8a0cc,sheet1:R7,,,
7d10c5c2365f7035-sheet1-R8,2026-02-10,busan-busanjin,,트레이더스 홀세일클럽 서면점(상품권),설 명절 직원 격려 상품권 구입,650000,7d10c5c2365f7035aa8df18b4417a16ef2d955f2047b3dc2ea5b55a865a8a0cc,sheet1:R8,,,
7d10c5c2365f7035-sheet2-R6,2026-02-10,busan-busanjin,,트레이더스 홀세일클럽 서면점(상품권),2026년「직원 생일 축하 day」운영 격려품(상품권) 구입,270000,7d10c5c2365f7035aa8df18b4417a16ef2d955f2047b3dc2ea5b55a865a8a0cc,sheet2:R6,,,
7d10c5c2365f7035-sheet4-R6,2026-02-09,busan-busanjin,,트레이더스 서면점,2026년 1분기「직원 생일 축하 day」운영 다과 구입,39820,7d10c5c2365f7035aa8df18b4417a16ef2d955f2047b3dc2ea5b55a865a8a0cc,sheet4:R6,,,
18e460cdc3e7e00e-sheet1-R6,2026-02-04,busan-busanjin,세무2과,북경,『2026년 선(善)결제』적극 추진에 따른 시책추진업무추진비 선결제,260000,18e460cdc3e7e00e05b65837574a6a40d434f951b3826cd744eba21d1a8903c9,sheet1:R6,,,
18e460cdc3e7e00e-sheet2-R6,2026-02-04,busan-busanjin,세무2과,북경,『2026년 선(善)결제』적극 추진에 따른 부서운영업무추진비 선결제,650000,18e460cdc3e7e00e05b65837574a6a40d434f951b3826cd744eba21d1a8903c9,sheet2:R6,,,
eea61b7920fb33d9-sheet2-R6,2026-02-02,busan-busanjin,교통행정과,관내 식당,2026년 설 연휴 특별근무에 따른 모범운전자연합회 생수구입,20990,eea61b7920fb33d9c1fde38c51aac65784b30b1e2009a29c310a9fc7e7f8118b,sheet2:R6,,,
eea61b7920fb33d9-sheet2-R7,2026-02-09,busan-busanjin,교통행정과,관내 식당 등,유관기관 간담회 및 용역 중간보고회 물품 구입,200000,eea61b7920fb33d9c1fde38c51aac65784b30b1e2009a29c310a9fc7e7f8118b,sheet2:R7,,,
eea61b7920fb33d9-sheet2-R8,2026-02-27,busan-busanjin,교통행정과,관내 식당,아이 먼저' 어린이 안안전 캠페인에 따른 참석자 다과 구입,210000,eea61b7920fb33d9c1fde38c51aac65784b30b1e2009a29c310a9fc7e7f8118b,sheet2:R8,,,
eea61b7920fb33d9-sheet3-R6,2026-02-09,busan-busanjin,교통행정과,쿠팡,부서운영 접대용 다과 등 구입,285650,eea61b7920fb33d9c1fde38c51aac65784b30b1e2009a29c310a9fc7e7f8118b,sheet3:R6,,,
a113153c1af0e5c1-sheet1-R6,2026-02-06,busan-busanjin,안전도시과,롯데마트,설연휴 상황근무자 간식 구입,96960,a113153c1af0e5c174f8840f3987bece4a59cadae1c4585b967eb814aa6d90b0,sheet1:R6,,,
a113153c1af0e5c1-sheet1-R7,2026-02-12,busan-busanjin,안전도시과,갈비곳간,인사이동에 따른 직원 간담회 개최,384000,a113153c1af0e5c174f8840f3987bece4a59cadae1c4585b967eb814aa6d90b0,sheet1:R7,,,
a113153c1af0e5c1-sheet1-R8,2026-02-25,busan-busanjin,안전도시과,SSG.COM,부서운영을 위한 다과 구입,394790,a113153c1af0e5c174f8840f3987bece4a59cadae1c4585b967eb814aa6d90b0,sheet1:R8,,,
a113153c1af0e5c1-sheet1-R9,2026-02-25,busan-busanjin,안전도시과,급행장차이나,재난관리평가 현장실사 간담회 개최,142000,a113153c1af0e5c174f8840f3987bece4a59cadae1c4585b967eb814aa6d90b0,sheet1:R9,,,
a113153c1af0e5c1-sheet2-R6,2026-02-05,busan-busanjin,안전도시과,롯데마트,민방위 강사평가위원회 개최를 위한 다과 구입,43000,a113153c1af0e5c174f8840f3987bece4a59cadae1c4585b967eb814aa6d90b0,sheet2:R6,,,
bf7f55a247fa55ad-sheet1-R6,2026-02-03,busan-busanjin,안전교통국,정원오리보쌈,안전점검의 날 캠페인 추진 간담회 개최,255000,bf7f55a247fa55ad73eb20268cb0d72c2012a4bd14a97b23049b846a6253e849,sheet1:R6,,,
bf7f55a247fa55ad-sheet1-R7,2026-02-09,busan-busanjin,안전교통국,쿠팡,설 연휴 도로관리 근무조 간식 전달,97640,bf7f55a247fa55ad73eb20268cb0d72c2012a4bd14a97b23049b846a6253e849,sheet1:R7,,,
bf7f55a247fa55ad-sheet2-R6,2026-02-10,busan-busanjin,안전교통국,월강,급경사지 안전점검 추진관계자 간담회 개최,200000,bf7f55a247fa55ad73eb20268cb0d72c2012a4bd14a97b23049b846a6253e849,sheet2:R6,,,
a94e249c71b2bf92-sheet2-R6,2026-02-10,busan-busanjin,미래창조과,㈜사미헌,공공디자인 개선 관련 업무추진 간담회 개최,150000,a94e249c71b2bf9274b3834103baea7cf07fb27a1722e5e543f75a0a2f313530,sheet2:R6,,,
8aec013897180832-sheet1-R5,2026-02-03,busan-busanjin,부전2동,쿠팡,방문민원 및 유관단체 회의 접대용 다과 구입,241520,8aec013897180832a94b0a250d8b32f509fc2b8540d525df767c2145fa36a055,sheet1:R5,,,
8aec013897180832-sheet1-R6,2026-02-04,busan-busanjin,부전2동,교보문고,[선결제] 유관단체 업무추진 간담회 개최,400000,8aec013897180832a94b0a250d8b32f509fc2b8540d525df767c2145fa36a055,sheet1:R6,,,
8aec013897180832-sheet1-R7,2026-02-06,busan-busanjin,부전2동,이리스퓌페,2026년 설 명절 맞이 직원 격려 상품권 구입,650000,8aec013897180832a94b0a250d8b32f509fc2b8540d525df767c2145fa36a055,sheet1:R7,,,
8aec013897180832-sheet3-R5,2026-02-12,busan-busanjin,부전2동,"이재모피자, CU",직원 격려 간담회 개최,245900,8aec013897180832a94b0a250d8b32f509fc2b8540d525df767c2145fa36a055,sheet3:R5,,,
8aec013897180832-sheet4-R6,2026-02-09,busan-busanjin,,예담골에 온 고등어,주민자치프로그램 활성화를 위한 간담회 개최,103000,8aec013897180832a94b0a250d8b32f509fc2b8540d525df767c2145fa36a055,sheet4:R6,,,
5b60b2ba0a394148-sheet1-R6,2026-02-19,busan-busanjin,보건행정과,주식회사 급행장,2026년 부산진구 한의사회 간담회,450000,5b60b2ba0a394148a80686dd3d0709238b06ed208181e9d4896f95e5ab8fbd43,sheet1:R6,,,
5b60b2ba0a394148-sheet2-R6,2026-02-10,busan-busanjin,보건행정과,트레이더스 홀세일클럽 서면점,2026년 설 명절맞이 보건소 직원 격려품 구입,2240000,5b60b2ba0a394148a80686dd3d0709238b06ed208181e9d4896f95e5ab8fbd43,sheet2:R6,,,
5b60b2ba0a394148-sheet3-R6,2026-02-03,busan-busanjin,보건행정과,소문난홍대김치보쌈,인사발령에 따른 전입 직원 격려 간담회,244000,5b60b2ba0a394148a80686dd3d0709238b06ed208181e9d4896f95e5ab8fbd43,sheet3:R6,,,
5b60b2ba0a394148-sheet4-R6,2026-02-06,busan-busanjin,보건행정과,개인(성명 비공개),보건소 직원 경조사비 지급,50000,5b60b2ba0a394148a80686dd3d0709238b06ed208181e9d4896f95e5ab8fbd43,sheet4:R6,,,
5b60b2ba0a394148-sheet4-R7,2026-02-10,busan-busanjin,보건행정과,트레이더스 홀세일클럽 서면점,2026년 설 명절맞이 보건소 직원 격려품 구입,180000,5b60b2ba0a394148a80686dd3d0709238b06ed208181e9d4896f95e5ab8fbd43,sheet4:R7,,,
6bc1d41c52192a3c-sheet1-R6,2026-02-09,busan-busanjin,아동청소년과,일신초밥,[선결제] 아동학대 대응 정보연계협의체 간담회 개최,450000,6bc1d41c52192a3cde3ab3b266bc12b1dd217c28715d988f2f644fdf475897c2,sheet1:R6,,,
6bc1d41c52192a3c-sheet1-R7,2026-02-10,busan-busanjin,아동청소년과,봉샌드,[선결제] 아동친화도시 조성 사업 관련 회의 개최에 따른 다과 구입,350000,6bc1d41c52192a3cde3ab3b266bc12b1dd217c28715d988f2f644fdf475897c2,sheet1:R7,,,
6bc1d41c52192a3c-sheet1-R8,2026-02-26,busan-busanjin,아동청소년과,프루아즈,2026년 2월「부산진구 아동학대 대응 정보연계협의체 회의」관련 다과 구입,97500,6bc1d41c52192a3cde3ab3b266bc12b1dd217c28715d988f2f644fdf475897c2,sheet1:R8,,,
7239214436b0fe96-sheet1-R6,2026-02-05,busan-busanjin,도로관리과,우성갈비화로구이,도로관리원(노점단속) 노고 격려 간담회 개최,212000,7239214436b0fe96c87fb28a8f8c7d83a28b20787e8bbcbcab87abb9dd6a191f,sheet1:R6,,,
7239214436b0fe96-sheet1-R7,2026-02-09,busan-busanjin,도로관리과,천일횟집,불법 현수막 수거보상제 관련 간담회 실시,225000,7239214436b0fe96c87fb28a8f8c7d83a28b20787e8bbcbcab87abb9dd6a191f,sheet1:R7,,,
7239214436b0fe96-sheet1-R8,2026-02-11,busan-busanjin,도로관리과,만객당,업무 연찬회 관련 다과 구입 건의,60000,7239214436b0fe96c87fb28a8f8c7d83a28b20787e8bbcbcab87abb9dd6a191f,sheet1:R8,,,
7239214436b0fe96-sheet1-R9,2026-02-11,busan-busanjin,도로관리과,맘스터치(시민공원점),현업근로자(도로관리원 등) 노고 격려 간식 구입,226800,7239214436b0fe96c87fb28a8f8c7d83a28b20787e8bbcbcab87abb9dd6a191f,sheet1:R9,,,
7239214436b0fe96-sheet2-R6,2026-02-10,busan-busanjin,도로관리과,우성갈비화로구이,직원 노고 격려 간담회 개최,396000,7239214436b0fe96c87fb28a8f8c7d83a28b20787e8bbcbcab87abb9dd6a191f,sheet2:R6,,,
d5d0a9d81e87d4fb-sheet1-R6,2026-02-09,busan-busanjin,민원여권과,북경,2026년 선(善)결제 추진에 따른 업무추진비 선결제,260000,d5d0a9d81e87d4fb7c0bcdd923a4b2e27b994999d735f36bed19a3aa42f45035,sheet1:R6,,,
d5d0a9d81e87d4fb-sheet2-R6,2026-02-26,busan-busanjin,민원여권과,트레이더스 서면점,2026년 기록관리 및 정보공개 지침교육 참석자 다과 구입,80280,d5d0a9d81e87d4fb7c0bcdd923a4b2e27b994999d735f36bed19a3aa42f45035,sheet2:R6,,,
23c6f9a3687d5bdf-sheet1-R6,2026-02-09,busan-busanjin,,맘스터치/오피스디포,2026년 상반기 청소년 불법주정차 체험단 격려,150000,23c6f9a3687d5bdf1edbb796ee9f9a1b1828fc8e68d15e3e59990100efc2cd21,sheet1:R6,,,
23c6f9a3687d5bdf-sheet1-R7,2026-02-09,busan-busanjin,,모어샌드위치/맘스터치,[선결제] 주정차 단속 및 유관기관 합동단속 업무 추진 격려,350000,23c6f9a3687d5bdf1edbb796ee9f9a1b1828fc8e68d15e3e59990100efc2cd21,sheet1:R7,,,
23c6f9a3687d5bdf-sheet2-R6,2026-02-05,busan-busanjin,,SSG닷컴,설 연휴 불법주정차 특별 단속원 다과 등 구입,292650,23c6f9a3687d5bdf1edbb796ee9f9a1b1828fc8e68d15e3e59990100efc2cd21,sheet2:R6,,,
23c6f9a3687d5bdf-sheet2-R7,2026-02-26,busan-busanjin,,스콜,직원 격려 간담회 개최,146000,23c6f9a3687d5bdf1edbb796ee9f9a1b1828fc8e68d15e3e59990100efc2cd21,sheet2:R7,,,
94aedbece8a97eaa-sheet1-R6,2026-02-05,busan-busanjin,,냉수탕가든,직원 인사이동에 따른 간담회 개최,1050000,94aedbece8a97eaada33f28b096274db9f29905a0e13627bf66c1972626ffa0d,sheet1:R6,,,
94aedbece8a97eaa-sheet2-R6,2026-02-12,busan-busanjin,,진카페,원활한 토목공사 업무추진을 위한 다과 구입,150000,94aedbece8a97eaada33f28b096274db9f29905a0e13627bf66c1972626ffa0d,sheet2:R6,,,
9462d86a40a6f946-sheet1-R5,2026-02-09,busan-busanjin,감사담당관,갈비곳간,직원 업무연찬 및 간담회 선결제 집행,330000,9462d86a40a6f946163755456c2179037a462e2db3591cb0c2662001d339600a,sheet1:R5,,,
9462d86a40a6f946-sheet1-R6,2026-02-09,busan-busanjin,감사담당관,북경,직원 업무연찬 및 간담회 선결제 집행,210000,9462d86a40a6f946163755456c2179037a462e2db3591cb0c2662001d339600a,sheet1:R6,,,
5f188aabda6470b5-sheet2-R7,2026-02-10,busan-busanjin,환경위생과,미송초밥,인사이동에 따른 직원 간담회 선결제 집행,532000,5f188aabda6470b5ab7197301b5ad8ad9a02adbeb5b44509781c445c72734f83,sheet2:R7,,,
cb7fdba2bf298038-sheet2-R6,2026-01-15,busan-busanjin,재무과,갈비곳간,2026년 연초 부서 직원 간담회 개최,450700,cb7fdba2bf298038816eabf6863f460f603c3f809a3d9e042cdab9a916fa4f52,sheet2:R6,,,
cb7fdba2bf298038-sheet2-R7,2026-01-23,busan-busanjin,재무과,쿠팡,직원 간식 지출 건의,199490,cb7fdba2bf298038816eabf6863f460f603c3f809a3d9e042cdab9a916fa4f52,sheet2:R7,,,
cb7fdba2bf298038-sheet2-R8,2026-01-29,busan-busanjin,재무과,사미헌,직원 간담회 개최,168000,cb7fdba2bf298038816eabf6863f460f603c3f809a3d9e042cdab9a916fa4f52,sheet2:R8,,,
cb7fdba2bf298038-sheet2-R9,2026-01-30,busan-busanjin,재무과,스콜,현안업무 추진을 위한 간담회 개최,151000,cb7fdba2bf298038816eabf6863f460f603c3f809a3d9e042cdab9a916fa4f52,sheet2:R9,,,
2430a13a7399c98a-sheet1-R6,2026-01-05,busan-busanjin,양정2동,플래티넘페이먼츠,내방객 등 접대용 다과(음료) 구입,147670,2430a13a7399c98a22dc14122d68252bd8bf83fed4fa0c84396aa743fae48219,sheet1:R6,,,
2430a13a7399c98a-sheet1-R7,2026-01-15,busan-busanjin,양정2동,플래티넘페이먼츠,내방객 등 접대용 다과(음료) 구입,99170,2430a13a7399c98a22dc14122d68252bd8bf83fed4fa0c84396aa743fae48219,sheet1:R7,,,
2430a13a7399c98a-sheet4-R6,2026-01-05,busan-busanjin,양정2동,플래티넘페이먼츠,직원 격려용 다과류 구입,138760,2430a13a7399c98a22dc14122d68252bd8bf83fed4fa0c84396aa743fae48219,sheet4:R6,,,
dc490370144719be-sheet1-R5,2026-01-08,busan-busanjin,,트라웰 당감점,내방고객 접대용 음료 및 다과 구입,145520,dc490370144719becec974ae3e946b21ad1414a39d2d4b10f20e7393c5619d40,sheet1:R5,,,
dc490370144719be-sheet2-R5,2026-01-16,busan-busanjin,당감4동,꼬까자,직원 노고 격려 간식 구입,70000,dc490370144719becec974ae3e946b21ad1414a39d2d4b10f20e7393c5619d40,sheet2:R5,,,
ae51aa71d164bd53-sheet1-R6,2026-01-13,busan-busanjin,문화체육과,트레이더스 서면점,부서운영을 위한 다과 등 구입,63100,ae51aa71d164bd53390946d64620ecf57d9108816c2fe573459cb5d8d415cc3b,sheet1:R6,,,
ae51aa71d164bd53-sheet1-R7,2026-01-15,busan-busanjin,문화체육과,쿠팡,부서운영을 위한 다과 등 구입,99110,ae51aa71d164bd53390946d64620ecf57d9108816c2fe573459cb5d8d415cc3b,sheet1:R7,,,
ae51aa71d164bd53-sheet2-R6,2026-01-20,busan-busanjin,문화체육과,금복,부산진구합창제 행사 추진에 따른 합창단 관계자 간담회 개최,200000,ae51aa71d164bd53390946d64620ecf57d9108816c2fe573459cb5d8d415cc3b,sheet2:R6,,,
0b12a3ca9c8243f5-sheet1-R6,2026-01-07,busan-busanjin,문화경제국,미락칼국수,현안사항 논의 및 업무연찬 간담회,72000,0b12a3ca9c8243f56e640aa19f09de4422ab7d0a6b82e290cc9c005135bde654,sheet1:R6,,,
0b12a3ca9c8243f5-sheet1-R7,2026-01-08,busan-busanjin,문화경제국,스콜,내 집(전포) 앞 내가쓸기 운동 추진 간담회,130000,0b12a3ca9c8243f56e640aa19f09de4422ab7d0a6b82e290cc9c005135bde654,sheet1:R7,,,
0b12a3ca9c8243f5-sheet1-R8,2026-01-09,busan-busanjin,문화경제국,㈜사미헌,안전한 식문화 환경 조성을 위한 간담회 개최,126000,0b12a3ca9c8243f56e640aa19f09de4422ab7d0a6b82e290cc9c005135bde654,sheet1:R8,,,
0b12a3ca9c8243f5-sheet1-R9,2026-01-14,busan-busanjin,문화경제국,스시투어,2026 지역 상권 활성화 관련 간담회 개최,102000,0b12a3ca9c8243f56e640aa19f09de4422ab7d0a6b82e290cc9c005135bde654,sheet1:R9,,,
0b12a3ca9c8243f5-sheet1-R10,2026-01-18,busan-busanjin,문화경제국,스콜,2026 일자리창출 활성화 관련 간담회,115000,0b12a3ca9c8243f56e640aa19f09de4422ab7d0a6b82e290cc9c005135bde654,sheet1:R10,,,
0b12a3ca9c8243f5-sheet1-R11,2026-01-26,busan-busanjin,문화경제국,북경,2026 현안사업 추진 관련 간담회 개최,93500,0b12a3ca9c8243f56e640aa19f09de4422ab7d0a6b82e290cc9c005135bde654,sheet1:R11,,,
baca184095cb54ab-sheet2-R6,2026-01-26,busan-busanjin,,㈜부산은행,2026년 설 명절맞이 직원 격려 상품권 구입,700000,baca184095cb54ab898562bc51d9f8878128c5a0a375c5f1a6f60e62015644b2,sheet2:R6,,,
baca184095cb54ab-sheet2-R7,2026-01-30,busan-busanjin,,선우고깃집 및 샤브연리지 당감점,[선결제] 유관단체 업무추진 간담회 개최,600000,baca184095cb54ab898562bc51d9f8878128c5a0a375c5f1a6f60e62015644b2,sheet2:R7,,,
baca184095cb54ab-sheet4-R6,2026-01-22,busan-busanjin,,주식회사 해월당,[선결제] 직원 사기 진작을 위한 다과 구입,300000,baca184095cb54ab898562bc51d9f8878128c5a0a375c5f1a6f60e62015644b2,sheet4:R6,,,
f10f7817b2fbb4b8-sheet1-R6,2026-01-15,busan-busanjin,,웰빙보쌈족발oh,부전1동 주민자치위원회 노고 격려 간담회 개최,108000,f10f7817b2fbb4b884e38d0ba10704cc77ed6c456f723ee6b867df0ff6b8a10c,sheet1:R6,,,
f10f7817b2fbb4b8-sheet1-R7,2026-01-15,busan-busanjin,,쿠팡(온라인),내방 민원 접대를 위한 다과 구입,234270,f10f7817b2fbb4b884e38d0ba10704cc77ed6c456f723ee6b867df0ff6b8a10c,sheet1:R7,,,
f10f7817b2fbb4b8-sheet1-R8,2026-01-21,busan-busanjin,,부산은행,설 명절맞이 직원 온누리상품권 구입,900000,f10f7817b2fbb4b884e38d0ba10704cc77ed6c456f723ee6b867df0ff6b8a10c,sheet1:R8,,,
f10f7817b2fbb4b8-sheet2-R6,2026-01-21,busan-busanjin,,오피스디포,2026년 직원 생일 격려품 구입,720000,f10f7817b2fbb4b884e38d0ba10704cc77ed6c456f723ee6b867df0ff6b8a10c,sheet2:R6,,,
f10f7817b2fbb4b8-sheet3-R6,2026-01-14,busan-busanjin,,서초돼지갈비,인사발령에 따른 직원 간담회 개최,490000,f10f7817b2fbb4b884e38d0ba10704cc77ed6c456f723ee6b867df0ff6b8a10c,sheet3:R6,,,
3b85a657a7c64a87-sheet2-R6,2026-01-19,busan-busanjin,주민복지국,개인(성명 비공개),주민복지국 기관운영업무추진비 지급,50000,3b85a657a7c64a87d6dc19d9fa309fe83623fad6e42a880772e0a231d00e87e3,sheet2:R6,,,
3b85a657a7c64a87-sheet2-R7,2026-01-30,busan-busanjin,주민복지국,개인(성명 비공개),주민복지국 기관운영업무추진비 지급,50000,3b85a657a7c64a87d6dc19d9fa309fe83623fad6e42a880772e0a231d00e87e3,sheet2:R7,,,
6ad4c5b102332262-sheet1-R6,2026-01-13,busan-busanjin,주민복지국,갈비곳간,동 지역사회보장협의체 위원장 오찬 간담회,302500,6ad4c5b10233226210aba965452b468e92fbe811b070a3f294cbde50311fef82,sheet1:R6,,,
6ad4c5b102332262-sheet1-R7,2026-01-13,busan-busanjin,주민복지국,대한적십자사부산지사,2026년 대한적십자사 적십자특별회비 지급,1000000,6ad4c5b10233226210aba965452b468e92fbe811b070a3f294cbde50311fef82,sheet1:R7,,,
bb8ce2240a5ff71b-sheet1-R6,2026-01-07,busan-busanjin,정책기획실,부산복집,정책기획실 시책 추진방향 논의 및 소통 간담회,99000,bb8ce2240a5ff71b65224b5f289cc6beaaea6ee5a3b37fb4db877aa3ee8bac89,sheet1:R6,,,
bb8ce2240a5ff71b-sheet1-R7,2026-01-09,busan-busanjin,정책기획실,정경애코다리찜,부전역 복합환승센터 개발 추진 관련 간담회,85000,bb8ce2240a5ff71b65224b5f289cc6beaaea6ee5a3b37fb4db877aa3ee8bac89,sheet1:R7,,,
bb8ce2240a5ff71b-sheet1-R8,2026-01-23,busan-busanjin,정책기획실,경찰서옆초밥집,세무 시책 추진방향 논의 및 소통 간담회,98000,bb8ce2240a5ff71b65224b5f289cc6beaaea6ee5a3b37fb4db877aa3ee8bac89,sheet1:R8,,,
bb8ce2240a5ff71b-sheet1-R9,2026-01-27,busan-busanjin,정책기획실,다원,기획 관련 시책 주진 방향 논의를 위한 간담회,91000,bb8ce2240a5ff71b65224b5f289cc6beaaea6ee5a3b37fb4db877aa3ee8bac89,sheet1:R9,,,
bb8ce2240a5ff71b-sheet2-R6,2026-01-12,busan-busanjin,정책기획실,해논미역,마을세무사 운영 활성화 및 유동적 운영을 위한 간담회,112000,bb8ce2240a5ff71b65224b5f289cc6beaaea6ee5a3b37fb4db877aa3ee8bac89,sheet2:R6,,,
bb8ce2240a5ff71b-sheet2-R7,2026-01-13,busan-busanjin,정책기획실,조방낙지,간부공무원 업무 연찬 간담회,95000,bb8ce2240a5ff71b65224b5f289cc6beaaea6ee5a3b37fb4db877aa3ee8bac89,sheet2:R7,,,
bb8ce2240a5ff71b-sheet2-R8,2026-01-16,busan-busanjin,정책기획실,팔미초밥,현안사항 논의 및 업무연찬을 위한 간담회,182000,bb8ce2240a5ff71b65224b5f289cc6beaaea6ee5a3b37fb4db877aa3ee8bac89,sheet2:R8,,,
bb8ce2240a5ff71b-sheet2-R9,2026-01-27,busan-busanjin,정책기획실,세무2과,정책기획실 기관운영업무추진비 지급,50000,bb8ce2240a5ff71b65224b5f289cc6beaaea6ee5a3b37fb4db877aa3ee8bac89,sheet2:R9,,,
bb8ce2240a5ff71b-sheet2-R10,2026-01-27,busan-busanjin,정책기획실,미래창조과,정책기획실 기관운영업무추진비 지급,50000,bb8ce2240a5ff71b65224b5f289cc6beaaea6ee5a3b37fb4db877aa3ee8bac89,sheet2:R10,,,
bb8ce2240a5ff71b-sheet2-R11,2026-01-29,busan-busanjin,정책기획실,303화덕초읍,현안사항 논의 및 업무연찬을 위한 간담회,81600,bb8ce2240a5ff71b65224b5f289cc6beaaea6ee5a3b37fb4db877aa3ee8bac89,sheet2:R11,,,
b3329e60b1570342-sheet1-R6,2026-01-06,busan-busanjin,일자리산업과,미락,인사발령에 따른 직원 간담회 개최,228000,b3329e60b15703429a1dac484dfc9d036dfad17edc1814ac9853487a1f962d1f,sheet1:R6,,,
b3329e60b1570342-sheet1-R7,2026-01-09,busan-busanjin,일자리산업과,플라워앤,유공 직원 격려 꽃다발 구입,30000,b3329e60b15703429a1dac484dfc9d036dfad17edc1814ac9853487a1f962d1f,sheet1:R7,,,
b3329e60b1570342-sheet2-R6,2026-01-20,busan-busanjin,일자리산업과,카페편안,(선결제)청년네트워크 발대식 다과 구입,156000,b3329e60b15703429a1dac484dfc9d036dfad17edc1814ac9853487a1f962d1f,sheet2:R6,,,
b3329e60b1570342-sheet2-R7,2026-01-21,busan-busanjin,일자리산업과,사미헌,(선결제)지역대학 협력 네트워크 간담회 개최,150000,b3329e60b15703429a1dac484dfc9d036dfad17edc1814ac9853487a1f962d1f,sheet2:R7,,,
b3329e60b1570342-sheet2-R8,2026-01-28,busan-busanjin,일자리산업과,해쉬커피,(선결제)청년행정인턴 간담회 개최,104000,b3329e60b15703429a1dac484dfc9d036dfad17edc1814ac9853487a1f962d1f,sheet2:R8,,,
f0dd6b98ef2bf846-sheet1-R6,2026-01-20,busan-busanjin,도시관리국,개인(성명 비공개),도시관리국 기관운영업무추진비 지급,50000,f0dd6b98ef2bf8465184434117a61595b15f4beac318897c9a9dce293b47b366,sheet1:R6,,,
f0dd6b98ef2bf846-sheet1-R7,2026-01-22,busan-busanjin,도시관리국,주식회사 급행장,도시관리국 간부공무원 간담회 개최,150000,f0dd6b98ef2bf8465184434117a61595b15f4beac318897c9a9dce293b47b366,sheet1:R7,,,
f0dd6b98ef2bf846-sheet1-R8,2026-01-28,busan-busanjin,도시관리국,숙희네왕만두,도시관리국 직원 격려 간식 구입,345500,f0dd6b98ef2bf8465184434117a61595b15f4beac318897c9a9dce293b47b366,sheet1:R8,,,
f0dd6b98ef2bf846-sheet2-R6,2026-01-28,busan-busanjin,도시관리국,다원,부암고가교 철거 관련 간담회 개최,146000,f0dd6b98ef2bf8465184434117a61595b15f4beac318897c9a9dce293b47b366,sheet2:R6,,,
9f756c154c7eaabd-table1-R2,2026-01-12,busan-busanjin,의회사무국,정경애코다리찜,당면 현안 업무 추진 직원 격려 간담회 개최,141000,9f756c154c7eaabdf60ac3aea9894601e7d826ff2f148a5ea331868b6879f241,table1:R2,,,
9f756c154c7eaabd-table1-R3,2026-01-12,busan-busanjin,의회사무국,혹시,당면 현안 업무 추진 직원 격려 간담회 개최,32500,9f756c154c7eaabdf60ac3aea9894601e7d826ff2f148a5ea331868b6879f241,table1:R3,,,
9f756c154c7eaabd-table1-R4,2026-01-16,busan-busanjin,의회사무국,아임타이,당면 현안 업무 추진 직원 격려 간담회 개최,106000,9f756c154c7eaabdf60ac3aea9894601e7d826ff2f148a5ea331868b6879f241,table1:R4,,,
9f756c154c7eaabd-table1-R5,2026-01-19,busan-busanjin,의회사무국,-,의원 경조사비 지출 건의,50000,9f756c154c7eaabdf60ac3aea9894601e7d826ff2f148a5ea331868b6879f241,table1:R5,,,
9f756c154c7eaabd-table1-R6,2026-01-29,busan-busanjin,의회사무국,-,직원 경조사비 지출 건의,50000,9f756c154c7eaabdf60ac3aea9894601e7d826ff2f148a5ea331868b6879f241,table1:R6,,,
93a98c1db8188ed1-sheet1-R6,2026-01-13,busan-busanjin,,안채,새마을부녀회 간담회 개최,300000,93a98c1db8188ed17d0bf5ba398faa59aa126a04bec332d8b0a6e7d3d8e37205,sheet1:R6,,,
93a98c1db8188ed1-sheet1-R7,2026-01-19,busan-busanjin,,이마트트레이더스,내방객 접대용 음료 등 간식 구입,299340,93a98c1db8188ed17d0bf5ba398faa59aa126a04bec332d8b0a6e7d3d8e37205,sheet1:R7,,,
93a98c1db8188ed1-sheet1-R8,2026-01-27,busan-busanjin,,다금,통장협의회 간담회 개최,144000,93a98c1db8188ed17d0bf5ba398faa59aa126a04bec332d8b0a6e7d3d8e37205,sheet1:R8,,,
93a98c1db8188ed1-sheet1-R9,2026-01-28,busan-busanjin,,안채,주민자치 프로그램 수강생과의 오찬 간담회 개최,400000,93a98c1db8188ed17d0bf5ba398faa59aa126a04bec332d8b0a6e7d3d8e37205,sheet1:R9,,,
93a98c1db8188ed1-sheet2-R6,2026-01-20,busan-busanjin,,이마트트레이더스 구움터,2026년 상반기 직원 생일 격려물품 구입,398300,93a98c1db8188ed17d0bf5ba398faa59aa126a04bec332d8b0a6e7d3d8e37205,sheet2:R6,,,
93a98c1db8188ed1-sheet4-R6,2026-01-29,busan-busanjin,,다금,직원 노고 격려 간담회 개최,312500,93a98c1db8188ed17d0bf5ba398faa59aa126a04bec332d8b0a6e7d3d8e37205,sheet4:R6,,,
0ac0b4830e596ba5-sheet1-R3,2026-01-06,busan-busanjin,범천1동,대면(현금지급),유관단체원 축의금 지급,50000,0ac0b4830e596ba56417fdb069f0e7fce6be909adda9f0cb6d297c674c46e1bf,sheet1:R3,,,
0ac0b4830e596ba5-sheet1-R4,2026-01-09,busan-busanjin,범천1동,쿠팡(주),내방인 접대용 음료 등 구입,139420,0ac0b4830e596ba56417fdb069f0e7fce6be909adda9f0cb6d297c674c46e1bf,sheet1:R4,,,
0ac0b4830e596ba5-sheet1-R5,2026-01-29,busan-busanjin,범천1동,오월가,유관단체·기관 간담회 선결제,400000,0ac0b4830e596ba56417fdb069f0e7fce6be909adda9f0cb6d297c674c46e1bf,sheet1:R5,,,
0ac0b4830e596ba5-sheet1-R6,2026-01-29,busan-busanjin,범천1동,정마트,내방민원 음료 등 구입 관련 선결제,350000,0ac0b4830e596ba56417fdb069f0e7fce6be909adda9f0cb6d297c674c46e1bf,sheet1:R6,,,
0ac0b4830e596ba5-sheet2-R3,2026-01-29,busan-busanjin,범천1동,㈜이마트문현점,2026년 직원 생일맞이 상품권 구입,560000,0ac0b4830e596ba56417fdb069f0e7fce6be909adda9f0cb6d297c674c46e1bf,sheet2:R3,,,
0ac0b4830e596ba5-sheet3-R3,2026-01-20,busan-busanjin,범천1동,쿠팡(주),직원 사기진작을 위한 다과 등 구입,197850,0ac0b4830e596ba56417fdb069f0e7fce6be909adda9f0cb6d297c674c46e1bf,sheet3:R3,,,
0ac0b4830e596ba5-sheet4-R5,2026-01-29,busan-busanjin,범천1동,흥미원,시책추진 관계자 간담회 선결제,162000,0ac0b4830e596ba56417fdb069f0e7fce6be909adda9f0cb6d297c674c46e1bf,sheet4:R5,,,
cd38e12203266622-sheet1-R6,2026-01-16,busan-busanjin,보건행정과,프루쉬 외 1,2026년 지역보건의료심의위원회 개최 관련 다과 구입,297760,cd38e12203266622dff78acddd4f97cc7111a0ce2e12c67091f6f04dcbd9d3c8,sheet1:R6,,,
cd38e12203266622-sheet1-R7,2026-01-28,busan-busanjin,보건행정과,진수밥상,지역보건의료계획 수립 관련 논의 및 노고 격려 간담회,140000,cd38e12203266622dff78acddd4f97cc7111a0ce2e12c67091f6f04dcbd9d3c8,sheet1:R7,,,
cd38e12203266622-sheet3-R6,2026-01-09,busan-busanjin,보건행정과,소문난홍대김치보쌈,인사발령에 따른 전입 직원 격려 간담회,305000,cd38e12203266622dff78acddd4f97cc7111a0ce2e12c67091f6f04dcbd9d3c8,sheet3:R6,,,
cd38e12203266622-sheet3-R7,2026-01-28,busan-busanjin,보건행정과,SSG.COM,직원 격려 및 사기 진작을 위한 다과 구입,149560,cd38e12203266622dff78acddd4f97cc7111a0ce2e12c67091f6f04dcbd9d3c8,sheet3:R7,,,
cd38e12203266622-sheet3-R8,2026-01-28,busan-busanjin,보건행정과,애슐리퀸즈 이마트문현점,인사발령에 따른 직원 격려 간담회 개최,119400,cd38e12203266622dff78acddd4f97cc7111a0ce2e12c67091f6f04dcbd9d3c8,sheet3:R8,,,
cd38e12203266622-sheet4-R6,2026-01-28,busan-busanjin,보건행정과,개인(성명 비공개),보건소 직원 경조사비 지급,50000,cd38e12203266622dff78acddd4f97cc7111a0ce2e12c67091f6f04dcbd9d3c8,sheet4:R6,,,
cd38e12203266622-sheet4-R7,2026-01-28,busan-busanjin,보건행정과,개인(성명 비공개),보건소 직원 경조사비 지급,50000,cd38e12203266622dff78acddd4f97cc7111a0ce2e12c67091f6f04dcbd9d3c8,sheet4:R7,,,
cc3f2a1de0f8e26c-sheet1-R5,2026-01-05,busan-busanjin,당감2동,ssg.com,내방민원 음료 및 다과 구입,222730,cc3f2a1de0f8e26c132ed4f6c9191991822c0f1b6be625093857e4a3e935d4f1,sheet1:R5,,,
cc3f2a1de0f8e26c-sheet2-R5,2026-01-07,busan-busanjin,당감2동,트레이더스 홀세일클럼 서면점,직원 생일 상품권 구입,480000,cc3f2a1de0f8e26c132ed4f6c9191991822c0f1b6be625093857e4a3e935d4f1,sheet2:R5,,,
82248a36c8924b08-sheet1-R6,2026-01-09,busan-busanjin,안전교통국,철계점 외 2,[선결제] 안전교통국 업무추진 간담회,700000,82248a36c8924b082cf9db7088aad3e83448bcad71afbc9d3911404e0884762d,sheet1:R6,,,
82248a36c8924b08-sheet1-R7,2026-01-13,busan-busanjin,안전교통국,개인(성명 비공개),안전교통국 기관운영업무추진비 지급,50000,82248a36c8924b082cf9db7088aad3e83448bcad71afbc9d3911404e0884762d,sheet1:R7,,,
82248a36c8924b08-sheet2-R6,2026-01-09,busan-busanjin,안전교통국,금복 외 1,[선결제] 안전교통국 시책업무추진 간담회,600000,82248a36c8924b082cf9db7088aad3e83448bcad71afbc9d3911404e0884762d,sheet2:R6,,,
5b6ac0e8aed2ec74-sheet1-R6,2026-01-09,busan-busanjin,안전도시과,우성갈비화로구이 외 1,[선결제] 안전도시과 업무추진 간담회,960000,5b6ac0e8aed2ec74d04dab0c5c2ee38b1cb879810eebdf547a4a40b273b762ba,sheet1:R6,,,
5b6ac0e8aed2ec74-sheet1-R7,2026-01-13,busan-busanjin,안전도시과,금호횟집,직원 간담회 개최,190000,5b6ac0e8aed2ec74d04dab0c5c2ee38b1cb879810eebdf547a4a40b273b762ba,sheet1:R7,,,
5b6ac0e8aed2ec74-sheet2-R6,2026-01-09,busan-busanjin,안전도시과,스시투어 시민공원점,[선결제] 재난관리 민관협력 업무추진 간담회,300000,5b6ac0e8aed2ec74d04dab0c5c2ee38b1cb879810eebdf547a4a40b273b762ba,sheet2:R6,,,
5b6ac0e8aed2ec74-sheet2-R7,2026-01-09,busan-busanjin,안전도시과,사미헌,[선결제] 민방위교육 및 비상대비훈련 업무추진 간담회,260000,5b6ac0e8aed2ec74d04dab0c5c2ee38b1cb879810eebdf547a4a40b273b762ba,sheet2:R7,,,
5b6ac0e8aed2ec74-sheet2-R8,2026-01-09,busan-busanjin,안전도시과,일신초밥 외 1,[선결제] 재난 대응력 강화 업무추진 간담회,400000,5b6ac0e8aed2ec74d04dab0c5c2ee38b1cb879810eebdf547a4a40b273b762ba,sheet2:R8,,,
f15cf026c70628a9-sheet1-R6,2026-01-15,busan-busanjin,,컴포스개금역점,유관단체 합동 도시환경정비 노고 격려,192600,f15cf026c70628a9bc959b9126ffd27c017c679564835ceea8e9e79fd0b34e35,sheet1:R6,,,
f15cf026c70628a9-sheet1-R7,2026-01-26,busan-busanjin,,네이버파이낸셜㈜,내방민원 접대용 음료(커피 등) 구입,81900,f15cf026c70628a9bc959b9126ffd27c017c679564835ceea8e9e79fd0b34e35,sheet1:R7,,,
f15cf026c70628a9-sheet4-R6,2026-01-09,busan-busanjin,,불끈낙지,직원 인사이동에 따른 간담회 개최,300000,f15cf026c70628a9bc959b9126ffd27c017c679564835ceea8e9e79fd0b34e35,sheet4:R6,,,
f5b024c3e0679f49-sheet2-R6,2026-01-12,busan-busanjin,양정1동,식이네청과상회 신세계마트,방문민원 응대용 다과 등 구입,88110,f5b024c3e0679f49d4070951494a53a9043d53c66a25e2c6bfd63bb3c1a09d71,sheet2:R6,,,
f5b024c3e0679f49-sheet2-R7,2026-01-13,busan-busanjin,양정1동,구디너프커피,양정1동 새마을부녀회 격려 다과 등 구입,92900,f5b024c3e0679f49d4070951494a53a9043d53c66a25e2c6bfd63bb3c1a09d71,sheet2:R7,,,
f5b024c3e0679f49-sheet2-R8,2026-01-15,busan-busanjin,양정1동,부산은행,[선결제] 명절맞이 직원 격려 상품권 구입,1400000,f5b024c3e0679f49d4070951494a53a9043d53c66a25e2c6bfd63bb3c1a09d71,sheet2:R8,,,
f5b024c3e0679f49-sheet2-R9,2026-01-19,busan-busanjin,양정1동,쿠팡㈜,방문민원 응대용 다과 등 구입,99000,f5b024c3e0679f49d4070951494a53a9043d53c66a25e2c6bfd63bb3c1a09d71,sheet2:R9,,,
f5b024c3e0679f49-sheet3-R6,2026-01-15,busan-busanjin,양정1동,트레이더스 서면점,2026년 직원 생일축하 상품권 구입,450000,f5b024c3e0679f49d4070951494a53a9043d53c66a25e2c6bfd63bb3c1a09d71,sheet3:R6,,,
f5b024c3e0679f49-sheet4-R6,2026-01-02,busan-busanjin,양정1동,원양,직원 인사이동에 따른 간담회 개최,165000,f5b024c3e0679f49d4070951494a53a9043d53c66a25e2c6bfd63bb3c1a09d71,sheet4:R6,,,
723b9dfe814d788f-sheet2-R6,2026-01-13,busan-busanjin,,솔내음,주차시설계 직원 격려 간담회 개최,189000,723b9dfe814d788f5a59a9f0ab7f722197905df3400a340525ddad31e2f302df,sheet2:R6,,,
723b9dfe814d788f-sheet2-R7,2026-01-14,busan-busanjin,,SSG닷컴,부서운영 접대용 음료 등 구입,191120,723b9dfe814d788f5a59a9f0ab7f722197905df3400a340525ddad31e2f302df,sheet2:R7,,,
723b9dfe814d788f-sheet2-R8,2026-01-15,busan-busanjin,,스콜,주차행정계 직원 격려 간담회 개최,151000,723b9dfe814d788f5a59a9f0ab7f722197905df3400a340525ddad31e2f302df,sheet2:R8,,,
723b9dfe814d788f-sheet2-R9,2026-01-20,busan-busanjin,,외식일번가,주차민원계 직원 격려 간담회 개최,208000,723b9dfe814d788f5a59a9f0ab7f722197905df3400a340525ddad31e2f302df,sheet2:R9,,,
723b9dfe814d788f-sheet2-R10,2026-01-23,busan-busanjin,,프리모,주차과징계 직원 격려 간담회 개최,146500,723b9dfe814d788f5a59a9f0ab7f722197905df3400a340525ddad31e2f302df,sheet2:R10,,,
5e62a51d1a390fd4-sheet1-R6,2026-01-06,busan-busanjin,,복마실애,원활한 여론·동향 파악을 위한 격려 간식 구입,60000,5e62a51d1a390fd436b3aea5c1c25c4928c0410d8448c273994247daec73c647,sheet1:R6,,,
5e62a51d1a390fd4-sheet1-R7,2026-01-06,busan-busanjin,,스트럿,동 복지업무 관련 미담사례 파악을 위한 격려 음료 구입,58000,5e62a51d1a390fd436b3aea5c1c25c4928c0410d8448c273994247daec73c647,sheet1:R7,,,
5e62a51d1a390fd4-sheet1-R8,2026-01-14,busan-busanjin,,웰빙보쌈족발oh,2026년 1월 부산진구자원봉사센터 임시총회 개최에 따른 간담회 개최,216000,5e62a51d1a390fd436b3aea5c1c25c4928c0410d8448c273994247daec73c647,sheet1:R8,,,
5e62a51d1a390fd4-sheet1-R9,2026-01-16,busan-busanjin,,진카페,인사위원회 운영 관련 다과 등 구입,50000,5e62a51d1a390fd436b3aea5c1c25c4928c0410d8448c273994247daec73c647,sheet1:R9,,,
5e62a51d1a390fd4-sheet1-R10,2026-01-19,busan-busanjin,,텐퍼센트 부산시민공원점,2026년 1분기 동장회의 운영 다과 구입,82500,5e62a51d1a390fd436b3aea5c1c25c4928c0410d8448c273994247daec73c647,sheet1:R10,,,
5e62a51d1a390fd4-sheet1-R11,2026-01-22,busan-busanjin,,네이버파이낸셜,인사위원회 운영 관련 다과 등 구입,140000,5e62a51d1a390fd436b3aea5c1c25c4928c0410d8448c273994247daec73c647,sheet1:R11,,,
5e62a51d1a390fd4-sheet2-R6,2026-01-16,busan-busanjin,,오얏꽃상점,부서운영을 위한 커피 등 구입,200000,5e62a51d1a390fd436b3aea5c1c25c4928c0410d8448c273994247daec73c647,sheet2:R6,,,
5e62a51d1a390fd4-sheet2-R7,2026-01-26,busan-busanjin,,SSG.COM,부서운영을 위한 다과 등 구입,247700,5e62a51d1a390fd436b3aea5c1c25c4928c0410d8448c273994247daec73c647,sheet2:R7,,,
ec8bdacb5c4568be-table1-R2,2026-01-19,busan-busanjin,,개인(성명 비공개),구의원 경조사비 지급,50000,ec8bdacb5c4568beac9745907280d32a3cc40bc5d13f6beeb267fa7cdf45ae8d,table1:R2,,,
ec8bdacb5c4568be-table2-R2,2026-01-07,busan-busanjin,,스시투어시민공원점 외 1,2026년 주요업무계획 행정지원국 자체보고 오찬 간담회,62000,ec8bdacb5c4568beac9745907280d32a3cc40bc5d13f6beeb267fa7cdf45ae8d,table2:R2,,,
22222ed84a8ab6b8-table1-R2,2026-01-06,busan-busanjin,,미락칼국수,2026년 주요업무계획 보고회 관련 오찬 간담회 개최,140000,22222ed84a8ab6b8658b7fcfcbfb3a576ae806de9cbb4e923d1be1bf648dbdc8,table1:R2,,,
22222ed84a8ab6b8-table1-R3,2026-01-15,busan-busanjin,,자갈마당,현장 방문 대비 만찬 간담회 개최,207000,22222ed84a8ab6b8658b7fcfcbfb3a576ae806de9cbb4e923d1be1bf648dbdc8,table1:R3,,,
22222ed84a8ab6b8-table1-R4,2026-01-19,busan-busanjin,,개인(성명 비공개),구의원 경조사비 지급,50000,22222ed84a8ab6b8658b7fcfcbfb3a576ae806de9cbb4e923d1be1bf648dbdc8,table1:R4,,,
22222ed84a8ab6b8-table1-R5,2026-01-19,busan-busanjin,,개인(성명 비공개),직원 경조사 격려,100000,22222ed84a8ab6b8658b7fcfcbfb3a576ae806de9cbb4e923d1be1bf648dbdc8,table1:R5,,,
22222ed84a8ab6b8-table1-R6,2026-01-19,busan-busanjin,,미송초밥,2026년 연간 감사·감찰 업무 추진 관련 오찬 간담회 개최,72000,22222ed84a8ab6b8658b7fcfcbfb3a576ae806de9cbb4e923d1be1bf648dbdc8,table1:R6,,,
22222ed84a8ab6b8-table1-R7,2026-01-20,busan-busanjin,,개인(성명 비공개),직원 경조사비 지급,50000,22222ed84a8ab6b8658b7fcfcbfb3a576ae806de9cbb4e923d1be1bf648dbdc8,table1:R7,,,
22222ed84a8ab6b8-table1-R8,2026-01-21,busan-busanjin,,원일산곰장어,부산진구 핵심정책 추진 실무 논의 만찬 간담회 개최,275000,22222ed84a8ab6b8658b7fcfcbfb3a576ae806de9cbb4e923d1be1bf648dbdc8,table1:R8,,,
22222ed84a8ab6b8-table1-R9,2026-01-26,busan-busanjin,,사미헌,민선8기 핵심브랜드 중점 사업 논의 오찬 간담회 개최,98000,22222ed84a8ab6b8658b7fcfcbfb3a576ae806de9cbb4e923d1be1bf648dbdc8,table1:R9,,,
22222ed84a8ab6b8-table1-R10,2026-01-29,busan-busanjin,,개인(성명 비공개),직원 경조사 격려,50000,22222ed84a8ab6b8658b7fcfcbfb3a576ae806de9cbb4e923d1be1bf648dbdc8,table1:R10,,,
22222ed84a8ab6b8-table1-R11,2026-01-30,busan-busanjin,,수정횟집,주요 현안사업지 현장방문 종료 만찬 간담회 개최,350000,22222ed84a8ab6b8658b7fcfcbfb3a576ae806de9cbb4e923d1be1bf648dbdc8,table1:R11,,,
22222ed84a8ab6b8-table2-R2,2026-01-05,busan-busanjin,,플래티넘페이먼츠(이마트),부구청장실 내방객 제공 다과 등 구입,134120,22222ed84a8ab6b8658b7fcfcbfb3a576ae806de9cbb4e923d1be1bf648dbdc8,table2:R2,,,
22222ed84a8ab6b8-table2-R3,2026-01-06,busan-busanjin,,호성식품,2026년 신년맞이 떡국 오찬 간담회,2100000,22222ed84a8ab6b8658b7fcfcbfb3a576ae806de9cbb4e923d1be1bf648dbdc8,table2:R3,,,
22222ed84a8ab6b8-table2-R4,2026-01-07,busan-busanjin,,사미헌,2026년 마을세무사 상담실 운영 관련 오찬 간담회 개최,126000,22222ed84a8ab6b8658b7fcfcbfb3a576ae806de9cbb4e923d1be1bf648dbdc8,table2:R4,,,
22222ed84a8ab6b8-table2-R5,2026-01-23,busan-busanjin,,미송초밥,2026년 설 명절 대비 교통대책 관련 오찬 간담회 개최,54000,22222ed84a8ab6b8658b7fcfcbfb3a576ae806de9cbb4e923d1be1bf648dbdc8,table2:R5,,,
338036e1dbbb3b08-sheet1-R5,2026-01-06,busan-busanjin,부전2동,쿠팡,방문민원 및 유관단체 회의 접대용 다과 구입,299810,338036e1dbbb3b088c1cf1ecd175ac14f30c0c26ee0766323b32846449ea0ae6,sheet1:R5,,,
338036e1dbbb3b08-sheet1-R6,2026-01-27,busan-busanjin,부전2동,부전2동주민센터,유관단체 대표자 축의금 지급,50000,338036e1dbbb3b088c1cf1ecd175ac14f30c0c26ee0766323b32846449ea0ae6,sheet1:R6,,,
338036e1dbbb3b08-sheet1-R7,2026-01-27,busan-busanjin,부전2동,부전2동주민센터,유관단체 대표자 축의금 지급,50000,338036e1dbbb3b088c1cf1ecd175ac14f30c0c26ee0766323b32846449ea0ae6,sheet1:R7,,,
338036e1dbbb3b08-sheet2-R5,2026-01-12,busan-busanjin,부전2동,(주)교보문고,2026년 직원 생일축하 상품권 구입 건의,420000,338036e1dbbb3b088c1cf1ecd175ac14f30c0c26ee0766323b32846449ea0ae6,sheet2:R5,,,
338036e1dbbb3b08-sheet2-R6,2026-01-12,busan-busanjin,부전2동,(주)교보문고,[선결제]문화가 있는 날 지원 문화상품권 구입,140000,338036e1dbbb3b088c1cf1ecd175ac14f30c0c26ee0766323b32846449ea0ae6,sheet2:R6,,,
338036e1dbbb3b08-sheet3-R5,2026-01-06,busan-busanjin,부전2동,홈플러스㈜,직원 사기진작을 위한 다과 구입,289300,338036e1dbbb3b088c1cf1ecd175ac14f30c0c26ee0766323b32846449ea0ae6,sheet3:R5,,,
338036e1dbbb3b08-sheet3-R6,2026-01-19,busan-busanjin,부전2동,킴푸드주식회사(이태리피자),[선결제] 직원 업무연찬 및 간담회 개최,300000,338036e1dbbb3b088c1cf1ecd175ac14f30c0c26ee0766323b32846449ea0ae6,sheet3:R6,,,
338036e1dbbb3b08-sheet4-R6,2026-01-19,busan-busanjin,,예담골에 온 고등어,[선결제] 시책추진 관계자 간담회 개최,125000,338036e1dbbb3b088c1cf1ecd175ac14f30c0c26ee0766323b32846449ea0ae6,sheet4:R6,,,
feaf1ba2d6cb72e3-sheet1-R6,2026-01-16,busan-busanjin,민원여권과,갈비곳간,2026년 선(善)결제 추진에 따른 업무추진비 선결제,400000,feaf1ba2d6cb72e300b16f4fbc5c4e4e8dd98bdf9a4573bfd51d0c96debfa379,sheet1:R6,,,
feaf1ba2d6cb72e3-sheet1-R7,2026-01-28,busan-busanjin,민원여권과,SSG,부서 운영을 위한 다과 구입,291030,feaf1ba2d6cb72e300b16f4fbc5c4e4e8dd98bdf9a4573bfd51d0c96debfa379,sheet1:R7,,,
feaf1ba2d6cb72e3-sheet2-R6,2026-01-26,busan-busanjin,민원여권과,진카페,2026년 제1차 정보공개심의회 회의 개최에 따른 다과 구입,26500,feaf1ba2d6cb72e300b16f4fbc5c4e4e8dd98bdf9a4573bfd51d0c96debfa379,sheet2:R6,,,
322fb230183c97a0-sheet1-R6,2026-01-14,busan-busanjin,미래창조과,쿠팡,부서 운영을 위한 다과 구입,198320,322fb230183c97a02a43fd36434a9481b6b87477ebf607b5dfe53fbf4044d486,sheet1:R6,,,
322fb230183c97a0-sheet1-R7,2026-01-30,busan-busanjin,미래창조과,외식1번가,직원 노고 격려 간담회 개최 건의,595000,322fb230183c97a02a43fd36434a9481b6b87477ebf607b5dfe53fbf4044d486,sheet1:R7,,,
b793bf3733d1a7fd-sheet1-R6,2026-01-13,busan-busanjin,,㈜부산은행,[선결제] 2026년 설 맞이 직원 격려 상품권 구입,800000,b793bf3733d1a7fd839b272b694fdc1ff24efebe5a06a8a051f6b73f1413bc05,sheet1:R6,,,
b793bf3733d1a7fd-sheet1-R7,2026-01-15,busan-busanjin,,관내 식당,유관단체협의회 회원들과의 간담회 개최,300000,b793bf3733d1a7fd839b272b694fdc1ff24efebe5a06a8a051f6b73f1413bc05,sheet1:R7,,,
b793bf3733d1a7fd-sheet1-R8,2026-01-19,busan-busanjin,,관내 소상공인 꽃집,방문민원 접대용 다과 구입,44200,b793bf3733d1a7fd839b272b694fdc1ff24efebe5a06a8a051f6b73f1413bc05,sheet1:R8,,,
b793bf3733d1a7fd-sheet2-R6,2026-01-20,busan-busanjin,,ssg.com,직원 사기 진작을 위한 다과 구입,199500,b793bf3733d1a7fd839b272b694fdc1ff24efebe5a06a8a051f6b73f1413bc05,sheet2:R6,,,
b793bf3733d1a7fd-sheet2-R7,2026-01-27,busan-busanjin,,관내식당,구청장 동 순방 행사 추진 관련 직원 격려 간담회 개최,320000,b793bf3733d1a7fd839b272b694fdc1ff24efebe5a06a8a051f6b73f1413bc05,sheet2:R7,,,
b793bf3733d1a7fd-sheet3-R6,2026-01-14,busan-busanjin,,㈜부산은행,2026년 직원 생일 축하 상품권 구입 건의,510000,b793bf3733d1a7fd839b272b694fdc1ff24efebe5a06a8a051f6b73f1413bc05,sheet3:R6,,,
b793bf3733d1a7fd-sheet4-R6,2026-01-26,busan-busanjin,,관내 식당,행사 공연관계자 식사 제공,150000,b793bf3733d1a7fd839b272b694fdc1ff24efebe5a06a8a051f6b73f1413bc05,sheet4:R6,,,
d0bffac2cfe5c9c3-sheet1-R6,2026-01-27,busan-busanjin,가족지원과,우성갈비화로구이,최중증 발달장애인 주간그룹형 제공기관 선정 계획에 따른 간담회 개최,150000,d0bffac2cfe5c9c3ca6ce3608779065b3b992104ca29b2c544ff4cc007a9fbda,sheet1:R6,,,
d0bffac2cfe5c9c3-sheet1-R7,2026-01-27,busan-busanjin,가족지원과,부산진지역자활센터/카페진(CAFEJIN),최중증 발달장애인 주간그룹형 제공기관 선정 계획에 따른 간담회 개최,37000,d0bffac2cfe5c9c3ca6ce3608779065b3b992104ca29b2c544ff4cc007a9fbda,sheet1:R7,,,
d0bffac2cfe5c9c3-sheet1-R8,2026-01-29,busan-busanjin,가족지원과,부산진지역자활센터/카페진(CAFEJIN),장기요양기관 지정 심사위원회 개최 관련 다과 구입,18500,d0bffac2cfe5c9c3ca6ce3608779065b3b992104ca29b2c544ff4cc007a9fbda,sheet1:R8,,,
d0bffac2cfe5c9c3-sheet2-R6,2026-01-09,busan-busanjin,가족지원과,사미헌,인사발령에 따른 직원 간담회 개최,365000,d0bffac2cfe5c9c3ca6ce3608779065b3b992104ca29b2c544ff4cc007a9fbda,sheet2:R6,,,
d0bffac2cfe5c9c3-sheet2-R7,2026-01-12,busan-busanjin,가족지원과,쿠팡,방문 민원 접대용 다과 등 구입,174960,d0bffac2cfe5c9c3ca6ce3608779065b3b992104ca29b2c544ff4cc007a9fbda,sheet2:R7,,,
d0bffac2cfe5c9c3-sheet2-R8,2026-01-20,busan-busanjin,가족지원과,프리모,방문 민원 접대용 다과 등 구입,27500,d0bffac2cfe5c9c3ca6ce3608779065b3b992104ca29b2c544ff4cc007a9fbda,sheet2:R8,,,
c71909b3fc70ed8d-sheet1-R6,2026-01-27,busan-busanjin,,진미식당,주민자치 프로그램 발표 참여자 격려 간담회 개최,176000,c71909b3fc70ed8dccedb8654bd7f745c68269f3d985d605d7a3b166231cc695,sheet1:R6,,,
c71909b3fc70ed8d-sheet1-R7,2026-01-28,busan-busanjin,,아티자나외 1,주민자치 프로그램 수강생과의 간담회 관련 다과 구입,75000,c71909b3fc70ed8dccedb8654bd7f745c68269f3d985d605d7a3b166231cc695,sheet1:R7,,,
5b5905e8d3988a9a-sheet1-R6,2026-01-26,busan-busanjin,,홈플러스,부서운영을 위한 다과 구입,180430,5b5905e8d3988a9a9e4b7c5f4029cbbbc68ed4d982ec131e47a8ca41e348d0ff,sheet1:R6,,,
3ef16d44e594d9b4-sheet2-R6,2026-01-06,busan-busanjin,교통행정과,관내 식당,차 없는 거리(단시간 근로자) 격려 간담회 개최,84900,3ef16d44e594d9b43578ad4b929540d21f323a5d662174137110611417e27cbf,sheet2:R6,,,
3ef16d44e594d9b4-sheet2-R7,2026-01-22,busan-busanjin,교통행정과,관내 식당,어린이 통학로 관계기관 합동점검에 따른 간담회 개최,181000,3ef16d44e594d9b43578ad4b929540d21f323a5d662174137110611417e27cbf,sheet2:R7,,,
3ef16d44e594d9b4-sheet3-R6,2026-01-13,busan-busanjin,교통행정과,관내 식당,인사발령에 따른 간담회 개최,280100,3ef16d44e594d9b43578ad4b929540d21f323a5d662174137110611417e27cbf,sheet3:R6,,,
3ef16d44e594d9b4-sheet3-R7,2026-01-15,busan-busanjin,교통행정과,관내 식당,직원 노고 격려 간담회 개최,160000,3ef16d44e594d9b43578ad4b929540d21f323a5d662174137110611417e27cbf,sheet3:R7,,,
c53939240ad7ca48-sheet1-R6,2026-01-15,busan-busanjin,경제관광과,갈비곳간,(선결제)인사발령에 따른 직원 간담회 개최,360000,c53939240ad7ca48c662f58b45fe58a0c4045d3800347b506588a1644e758737,sheet1:R6,,,
c53939240ad7ca48-sheet1-R7,2026-01-15,busan-busanjin,경제관광과,금복,(선결제)직원 노고 격려 간담회 개최,360000,c53939240ad7ca48c662f58b45fe58a0c4045d3800347b506588a1644e758737,sheet1:R7,,,
c53939240ad7ca48-sheet2-R6,2026-01-12,busan-busanjin,경제관광과,야우보쌈,골목상권 공동체 지원사업 관련 간담회,200000,c53939240ad7ca48c662f58b45fe58a0c4045d3800347b506588a1644e758737,sheet2:R6,,,
c53939240ad7ca48-sheet2-R7,2026-01-15,busan-busanjin,경제관광과,파리바게뜨,(선결제)전통시장 유관기관 합동 소방통로 확보 훈련 직원노고 격려 음료 구입,120000,c53939240ad7ca48c662f58b45fe58a0c4045d3800347b506588a1644e758737,sheet2:R7,,,
d515e8183f90ed63-sheet1-R6,2026-01-07,busan-busanjin,세무1과,시장꽃집,구 금고 유관기관의 장 취임에 따른 축하 화분 구입,200000,d515e8183f90ed63b8b2ae285e93d4f84b8e3928a420a7a91181486d4a32f04e,sheet1:R6,,,
d515e8183f90ed63-sheet1-R7,2026-01-15,busan-busanjin,세무1과,북경,제6기 신규위촉 마을세무사와의 간담회 개최,300000,d515e8183f90ed63b8b2ae285e93d4f84b8e3928a420a7a91181486d4a32f04e,sheet1:R7,,,
d515e8183f90ed63-sheet1-R8,2026-01-19,busan-busanjin,세무1과,포천암소갈비살,지방세정 발전 및 현안 소통을 위한 시·구 간담회 개최,240000,d515e8183f90ed63b8b2ae285e93d4f84b8e3928a420a7a91181486d4a32f04e,sheet1:R8,,,
d515e8183f90ed63-sheet2-R6,2026-01-16,busan-busanjin,세무1과,쿠팡㈜,부서운영을 위한 다과 구입,300000,d515e8183f90ed63b8b2ae285e93d4f84b8e3928a420a7a91181486d4a32f04e,sheet2:R6,,,
d515e8183f90ed63-sheet2-R7,2026-01-26,busan-busanjin,세무1과,프리모,『2026년 선(善)결제』 추진에 따른 선결제,450000,d515e8183f90ed63b8b2ae285e93d4f84b8e3928a420a7a91181486d4a32f04e,sheet2:R7,,,
d515e8183f90ed63-sheet2-R8,2026-01-26,busan-busanjin,세무1과,우성갈비화로구이,『2026년 선(善)결제』 추진에 따른 선결제,450000,d515e8183f90ed63b8b2ae285e93d4f84b8e3928a420a7a91181486d4a32f04e,sheet2:R8,,,
551cef0b6bd270e6-sheet1-R6,2026-01-20,busan-busanjin,도로관리과,㈜사미헌,도로관리원 노고 격려 간담회 개최,200000,551cef0b6bd270e6bbc152a5272772c44be02a6d09bd1525e2d81cb9972beed6,sheet1:R6,,,
551cef0b6bd270e6-sheet1-R7,2026-01-22,busan-busanjin,도로관리과,카페진(CAFEJIN),한파 관련 현장근무자 격려 간식 구입,100000,551cef0b6bd270e6bbc152a5272772c44be02a6d09bd1525e2d81cb9972beed6,sheet1:R7,,,
551cef0b6bd270e6-sheet2-R6,2026-01-19,busan-busanjin,도로관리과,플래티넘페이먼츠,직원 및 민원용 다과 구입,345250,551cef0b6bd270e6bbc152a5272772c44be02a6d09bd1525e2d81cb9972beed6,sheet2:R6,,,
c1377914bdbd1d15-sheet1-R6,2026-01-19,busan-busanjin,아동청소년과,진카페,[선결제] 보육시책 업무 추진 관련 회의 개최에 따른 음료 구입,180000,c1377914bdbd1d15a8bbfa2bd40560c9d6d26862459c439e3700821da1224a0c,sheet1:R6,,,
c1377914bdbd1d15-sheet1-R7,2026-01-20,busan-busanjin,아동청소년과,파라바게뜨,[선결제] 드림스타트 사업 관련 회의 개최에 따른 다과 구입,300000,c1377914bdbd1d15a8bbfa2bd40560c9d6d26862459c439e3700821da1224a0c,sheet1:R7,,,
c1377914bdbd1d15-sheet1-R8,2026-01-29,busan-busanjin,아동청소년과,파리바게뜨,[선결제]청소년 건전육성 사업 관련 회의 개최에 따른 다과 구입,250000,c1377914bdbd1d15a8bbfa2bd40560c9d6d26862459c439e3700821da1224a0c,sheet1:R8,,,
c1377914bdbd1d15-sheet1-R9,2026-01-30,busan-busanjin,아동청소년과,미송초밥,[선결제] 상반기 다함께돌봄센터 종사자 간담회 개최,350000,c1377914bdbd1d15a8bbfa2bd40560c9d6d26862459c439e3700821da1224a0c,sheet1:R9,,,
c1377914bdbd1d15-sheet2-R6,2026-01-08,busan-busanjin,아동청소년과,스콜,[선결제]직원격려에 따른 오찬간담회 개최,1000000,c1377914bdbd1d15a8bbfa2bd40560c9d6d26862459c439e3700821da1224a0c,sheet2:R6,,,
c1377914bdbd1d15-sheet2-R7,2026-01-20,busan-busanjin,아동청소년과,지마켓,직원 격려 및 방문 민원 접대용 다과 구입,281920,c1377914bdbd1d15a8bbfa2bd40560c9d6d26862459c439e3700821da1224a0c,sheet2:R7,,,
8daa72682e83c3b0-sheet1-R5,2026-01-21,busan-busanjin,가야1동,가야1동 주민센터,직원 경조사 부의금 지급,50000,8daa72682e83c3b0072031f666bd98cd1b156034adf3ac5de9a30b905b5ce457,sheet1:R5,,,
8daa72682e83c3b0-sheet2-R5,2026-01-15,busan-busanjin,가야1동,㈜이마트문현점외1,2026년 직원 생일축하 상품권 및 다과 구입,720000,8daa72682e83c3b0072031f666bd98cd1b156034adf3ac5de9a30b905b5ce457,sheet2:R5,,,
c0632e2b358119db-sheet1-R5,2026-01-13,busan-busanjin,감사담당관,SSG.COM,부서운영을 위한 다과 구입,303520,c0632e2b358119db075acfe0c803bfac66af01f450b5d35bcda1ce2dad6a1b3f,sheet1:R5,,,
c0632e2b358119db-sheet1-R6,2026-01-26,busan-busanjin,감사담당관,정원오리보쌈,직원 노고 격려 간담회 개최,296000,c0632e2b358119db075acfe0c803bfac66af01f450b5d35bcda1ce2dad6a1b3f,sheet1:R6,,,
