record_id,spent_on,organization,department,merchant,purpose,amount_krw,source_hash,source_location,repeats,expense_id,expense_amount_krw
cce94cf4ebc29475-sheet1-R6,2026-06-11,busan-suyeong,교통행정과,완뚝순두부 광안리점,어방축제 퍼레이드 및 드론쇼 교통통제 유관기관 간담회 개최,340000,cce94cf4ebc29475da8ca5653cb741fb290682142ca74d01ffe1bbdb3782dc4e,sheet1:R6,,,
cce94cf4ebc29475-sheet1-R7,2026-06-12,busan-suyeong,교통행정과,대박생오리,관광 성수기철 불법 주정차 단속업무 추진 직원 격려 간담회 개최,228000,cce94cf4ebc29475da8ca5653cb741fb290682142ca74d01ffe1bbdb3782dc4e,sheet1:R7,,,
cce94cf4ebc29475-sheet1-R8,2026-06-15,busan-suyeong,교통행정과,화신반점,차 없는 문화의 거리 교통통제 업무협조 간담회 개최 건의,95000,cce94cf4ebc29475da8ca5653cb741fb290682142ca74d01ffe1bbdb3782dc4e,sheet1:R8,,,
cce94cf4ebc29475-sheet1-R9,2026-06-18,busan-suyeong,교통행정과,JC할인마트,부서 운영물품 구입(카드결제),81840,cce94cf4ebc29475da8ca5653cb741fb290682142ca74d01ffe1bbdb3782dc4e,sheet1:R9,,,
cce94cf4ebc29475-sheet1-R10,2026-06-26,busan-suyeong,교통행정과,어방,2026 차 없는 문화의 거리 교통통제 용역업체 간담회 개최 건의,450000,cce94cf4ebc29475da8ca5653cb741fb290682142ca74d01ffe1bbdb3782dc4e,sheet1:R10,,,
cce94cf4ebc29475-sheet1-R11,2026-06-26,busan-suyeong,교통행정과,어방,인사이동에 따른 전출직원 노고 격려 간담회 개최,1010000,cce94cf4ebc29475da8ca5653cb741fb290682142ca74d01ffe1bbdb3782dc4e,sheet1:R11,,,
cce94cf4ebc29475-sheet1-R12,2026-06-30,busan-suyeong,교통행정과,쿠팡(주),부서 운영물품 구입(카드결제),20850,cce94cf4ebc29475da8ca5653cb741fb290682142ca74d01ffe1bbdb3782dc4e,sheet1:R12,,,
42239f966d189a20-sheet1-R5,2026-06-12,busan-suyeong,평생교육과,만빙고 제면소,평생교육과 직원 노고 격려 간담회 개최,177500,42239f966d189a20a69cb1fbf01c771e330ff28ba2c9260e28297dabd1485e55,sheet1:R5,,,
42239f966d189a20-sheet1-R6,2026-06-19,busan-suyeong,평생교육과,푸룻외 1,"(6.18.한) 제39회 수영행복아카데미 운영물품 구입(일상,카드)",5200,42239f966d189a20a69cb1fbf01c771e330ff28ba2c9260e28297dabd1485e55,sheet1:R6,,,
42239f966d189a20-sheet1-R7,2026-06-25,busan-suyeong,평생교육과,오라,2026년 상반기 수영구 도서관운영위원회 간담회 개최,300000,42239f966d189a20a69cb1fbf01c771e330ff28ba2c9260e28297dabd1485e55,sheet1:R7,,,
42239f966d189a20-sheet1-R8,2026-06-24,busan-suyeong,평생교육과,고기굽는남자 광안리직영점,2026년 상반기 현안 업무추진 직원 노고 격려 감담회 개최,840000,42239f966d189a20a69cb1fbf01c771e330ff28ba2c9260e28297dabd1485e55,sheet1:R8,,,
42239f966d189a20-sheet1-R9,2026-06-24,busan-suyeong,평생교육과,홍옥당,희망교육지구 업무협의를 위한 교육지원청 관계자 방문에 따른 다과 구입(카드결제),104400,42239f966d189a20a69cb1fbf01c771e330ff28ba2c9260e28297dabd1485e55,sheet1:R9,,,
42239f966d189a20-sheet1-R10,2026-06-29,busan-suyeong,평생교육과,속초 코다리냉면 남천점,"수영구 청소년시설(민간위탁)관련 노고격려 간담회 개최(카드, 일상)",101000,42239f966d189a20a69cb1fbf01c771e330ff28ba2c9260e28297dabd1485e55,sheet1:R10,,,
42239f966d189a20-sheet1-R11,2026-06-30,busan-suyeong,평생교육과,복호두 용호빌리브점,"직원 간식구입(일상경비, 카드결제)",103000,42239f966d189a20a69cb1fbf01c771e330ff28ba2c9260e28297dabd1485e55,sheet1:R11,,,
6b761e313cd435e2-sheet1-R6,2026-06-02,busan-suyeong,행정지원과,세븐일레븐 수영구청점,(일상경비) 부서운영 다과 구입(카드결제),30500,6b761e313cd435e2b6ec7923f71262ea778c023a42aa4ce5dee0ffa4d2ccea33,sheet1:R6,,,
6b761e313cd435e2-sheet1-R7,2026-06-05,busan-suyeong,행정지원과,수영쌈밥,제9회 지방선거 후속 업무추진 협의 간담회 개최,180000,6b761e313cd435e2b6ec7923f71262ea778c023a42aa4ce5dee0ffa4d2ccea33,sheet1:R7,,,
6b761e313cd435e2-sheet1-R8,2026-06-11,busan-suyeong,행정지원과,모모스커피 주식회사,[일상경비]「제23회 광안리 어방축제」자매결연 방문단 환영 기념품 구입,485000,6b761e313cd435e2b6ec7923f71262ea778c023a42aa4ce5dee0ffa4d2ccea33,sheet1:R8,,,
6b761e313cd435e2-sheet1-R9,2026-06-09,busan-suyeong,행정지원과,플렌터(Planter),제9회 전국동시지방선거 업무추진 노고격려 간담회 개최,300000,6b761e313cd435e2b6ec7923f71262ea778c023a42aa4ce5dee0ffa4d2ccea33,sheet1:R9,,,
6b761e313cd435e2-sheet1-R10,2026-06-10,busan-suyeong,행정지원과,광안리 신라횟집,국민운동단체 운영 방안 논의 간담회,325000,6b761e313cd435e2b6ec7923f71262ea778c023a42aa4ce5dee0ffa4d2ccea33,sheet1:R10,,,
6b761e313cd435e2-sheet1-R11,2026-06-11,busan-suyeong,행정지원과,세븐일레븐 수영구청점,(일상경비) 부서운영 다과 구입(카드결제),42000,6b761e313cd435e2b6ec7923f71262ea778c023a42aa4ce5dee0ffa4d2ccea33,sheet1:R11,,,
6b761e313cd435e2-sheet1-R12,2026-06-15,busan-suyeong,행정지원과,홍유단,고향사랑기부제 자매결연지 상호교류 방안 논의 간담회,300000,6b761e313cd435e2b6ec7923f71262ea778c023a42aa4ce5dee0ffa4d2ccea33,sheet1:R12,,,
6b761e313cd435e2-sheet1-R13,2026-06-12,busan-suyeong,행정지원과,네이버파이낸셜(주),[일상경비] 「제23회 광안리 어방축제」자매결연 방문단 환영 기념품 추가 구입(카드결제),140000,6b761e313cd435e2b6ec7923f71262ea778c023a42aa4ce5dee0ffa4d2ccea33,sheet1:R13,,,
6b761e313cd435e2-sheet1-R14,2026-06-15,busan-suyeong,행정지원과,광안리 신라횟집,「제24회 광안리어방축제」자매결연 방문단 환영 만찬 간담회 실시,1880000,6b761e313cd435e2b6ec7923f71262ea778c023a42aa4ce5dee0ffa4d2ccea33,sheet1:R14,,,
6b761e313cd435e2-sheet1-R15,2026-06-16,busan-suyeong,행정지원과,(주)부산은행(온누리상품권),[일상경비]6월 직원 생일 축하 격려 온누리상품권 구입(카드결제),1740000,6b761e313cd435e2b6ec7923f71262ea778c023a42aa4ce5dee0ffa4d2ccea33,sheet1:R15,,,
6b761e313cd435e2-sheet1-R16,2026-06-22,busan-suyeong,행정지원과,(주)신세계백화점센텀시티점,퇴직예정 공무원 격려품 구입(카드결제),2700000,6b761e313cd435e2b6ec7923f71262ea778c023a42aa4ce5dee0ffa4d2ccea33,sheet1:R16,,,
6b761e313cd435e2-sheet1-R17,2026-06-24,busan-suyeong,행정지원과,상하이탄,인사이동에 따른 생활체육계 직원 노고 격려 간담회,180000,6b761e313cd435e2b6ec7923f71262ea778c023a42aa4ce5dee0ffa4d2ccea33,sheet1:R17,,,
6b761e313cd435e2-sheet1-R18,2026-06-26,busan-suyeong,행정지원과,명가,인사이동에 따른 총무계 직원 노고 격려 간담회,311000,6b761e313cd435e2b6ec7923f71262ea778c023a42aa4ce5dee0ffa4d2ccea33,sheet1:R18,,,
6b761e313cd435e2-sheet1-R19,2026-06-30,busan-suyeong,행정지원과,송원일식,2026년 상반기 퇴직공무원 격려 오찬 간담회,485000,6b761e313cd435e2b6ec7923f71262ea778c023a42aa4ce5dee0ffa4d2ccea33,sheet1:R19,,,
11b66c2319c42dff-sheet1-R6,2026-05-06,busan-suyeong,행정지원과,(주)부산은행(온누리상품권),[일상경비]5월 직원 생일 축하 격려 온누리상품권 구입(카드결제),1260000,11b66c2319c42dff63e560dfe9f434a3f30912ccf6df747cf81ee7772ecaae2e,sheet1:R6,,,
11b66c2319c42dff-sheet1-R7,2026-05-08,busan-suyeong,행정지원과,쿠팡(주),[일상경비] 부서 운영 다과 구입(인터넷카드결제),88650,11b66c2319c42dff63e560dfe9f434a3f30912ccf6df747cf81ee7772ecaae2e,sheet1:R7,,,
11b66c2319c42dff-sheet1-R8,2026-05-11,busan-suyeong,행정지원과,명랑시대쌀핫도그경성대점,제9회 지방선거 업무추진 직원 격려 간식 구입 건의,490000,11b66c2319c42dff63e560dfe9f434a3f30912ccf6df747cf81ee7772ecaae2e,sheet1:R8,,,
11b66c2319c42dff-sheet1-R9,2026-05-13,busan-suyeong,행정지원과,고기굽는남자 광안리직영점,수영구 공무원 노조와의 간담회,490000,11b66c2319c42dff63e560dfe9f434a3f30912ccf6df747cf81ee7772ecaae2e,sheet1:R9,,,
11b66c2319c42dff-sheet1-R10,2026-05-15,busan-suyeong,행정지원과,텐퍼센트커피 수영구청점,제9회 전국동시지방선거 선거인명부 점검 직원 노고격려 간식 구입 건의,150000,11b66c2319c42dff63e560dfe9f434a3f30912ccf6df747cf81ee7772ecaae2e,sheet1:R10,,,
11b66c2319c42dff-sheet1-R11,2026-05-19,busan-suyeong,행정지원과,전가복,2026 광안리 국제여자 비치발리볼 대회 업무 추진 논의 간담회,196000,11b66c2319c42dff63e560dfe9f434a3f30912ccf6df747cf81ee7772ecaae2e,sheet1:R11,,,
11b66c2319c42dff-sheet1-R12,2026-05-22,busan-suyeong,행정지원과,유황돈돼지생오리,제9회 전국동시지방선거 선거인명부 확정점검 노고 격려 간담회 개최,480000,11b66c2319c42dff63e560dfe9f434a3f30912ccf6df747cf81ee7772ecaae2e,sheet1:R12,,,
11b66c2319c42dff-sheet1-R13,2026-05-28,busan-suyeong,행정지원과,송원일식,제9회 전국동시지방선거 투·개표 상황실 운영 노고격려 간담회,275000,11b66c2319c42dff63e560dfe9f434a3f30912ccf6df747cf81ee7772ecaae2e,sheet1:R13,,,
75b431e74d2408cd-sheet1-R6,2026-06-09,busan-suyeong,망미1동,빅세일마트(망미동),바르게살기위원회 단합대회 격려 간식 구입,100000,75b431e74d2408cdec30bcb76fb0ff4d2ab0e63d1489a91d45db876fef8e0820,sheet1:R6,,,
75b431e74d2408cd-sheet1-R7,2026-06-09,busan-suyeong,망미1동,무궁화식당(남천동),마을공동체 발전사업 논의를 위한 간담회,57000,75b431e74d2408cdec30bcb76fb0ff4d2ab0e63d1489a91d45db876fef8e0820,sheet1:R7,,,
75b431e74d2408cd-sheet1-R8,2026-06-16,busan-suyeong,망미1동,유황돈돼지생오리(남천동),수영구민 SUP 추진 논의 간담회,191000,75b431e74d2408cdec30bcb76fb0ff4d2ab0e63d1489a91d45db876fef8e0820,sheet1:R8,,,
75b431e74d2408cd-sheet1-R9,2026-06-18,busan-suyeong,망미1동,초원식당(망미동),인사발령 등에 따른 전 직원 간담회 개최,610000,75b431e74d2408cdec30bcb76fb0ff4d2ab0e63d1489a91d45db876fef8e0820,sheet1:R9,,,
75b431e74d2408cd-sheet1-R10,2026-06-19,busan-suyeong,망미1동,혜인식품(망미동),통친회 단합대회 격려 간식 구입,200000,75b431e74d2408cdec30bcb76fb0ff4d2ab0e63d1489a91d45db876fef8e0820,sheet1:R10,,,
75b431e74d2408cd-sheet1-R11,2026-06-19,busan-suyeong,망미1동,쿠팡,내방각 음료 구입,134360,75b431e74d2408cdec30bcb76fb0ff4d2ab0e63d1489a91d45db876fef8e0820,sheet1:R11,,,
75b431e74d2408cd-sheet1-R12,2026-06-26,busan-suyeong,망미1동,게스후레스토랑(광안동),통장 업무 활성화 논의 간담회,115500,75b431e74d2408cdec30bcb76fb0ff4d2ab0e63d1489a91d45db876fef8e0820,sheet1:R12,,,
75b431e74d2408cd-sheet1-R13,2026-06-27,busan-suyeong,망미1동,남경(광안동),수영구민 SUP대회 망미1동 선수 격려 간담회,339000,75b431e74d2408cdec30bcb76fb0ff4d2ab0e63d1489a91d45db876fef8e0820,sheet1:R13,,,
c477e85dc1e4c328-sheet1-R5,2026-04-29,busan-suyeong,건설과,JC할인마트,2026년 제1회 도시계획위원회 다과 구매,240000,c477e85dc1e4c3286fc3b0ade26e72f733589a8fed95c4e6510f3b2dee440970,sheet1:R5,,,
c477e85dc1e4c328-sheet1-R6,2026-06-18,busan-suyeong,건설과,새벽집,건설과 현안업무 유관기관과의 간담회 개최,180000,c477e85dc1e4c3286fc3b0ade26e72f733589a8fed95c4e6510f3b2dee440970,sheet1:R6,,,
acc2f2b44405762c-sheet1-R5,2026-06-05,busan-suyeong,민락동,(주)부산은행(온누리상품권),2026년 6월 직원 생일 격려품 구입(카드결제),30000,acc2f2b44405762c866fb5ceb08474ca56782b912f0005c6a2c58c2540deab38,sheet1:R5,,,
acc2f2b44405762c-sheet1-R6,2026-06-08,busan-suyeong,민락동,진국수,고유가 피해지원금 지원인력 노고 격려 간담회 개최,60000,acc2f2b44405762c866fb5ceb08474ca56782b912f0005c6a2c58c2540deab38,sheet1:R6,,,
acc2f2b44405762c-sheet1-R7,2026-06-14,busan-suyeong,민락동,유황돈돼지생오리,2026 수영구민 SUP대회 선수단 격려 간담회 개최,352000,acc2f2b44405762c866fb5ceb08474ca56782b912f0005c6a2c58c2540deab38,sheet1:R7,,,
acc2f2b44405762c-sheet1-R8,2026-06-11,busan-suyeong,민락동,동백한상 광안점,새마을부녀회 회원 노고 격려 간담회 개최,109000,acc2f2b44405762c866fb5ceb08474ca56782b912f0005c6a2c58c2540deab38,sheet1:R8,,,
acc2f2b44405762c-sheet1-R9,2026-06-19,busan-suyeong,민락동,뚜레쥬르 부산광안점,2026 뚝딱이 봉사단 간식구입(카드결제),50000,acc2f2b44405762c866fb5ceb08474ca56782b912f0005c6a2c58c2540deab38,sheet1:R9,,,
acc2f2b44405762c-sheet1-R10,2026-06-22,busan-suyeong,민락동,풍어 대패,청소년지도협의회 회원 노고 격려 간담회,200000,acc2f2b44405762c866fb5ceb08474ca56782b912f0005c6a2c58c2540deab38,sheet1:R10,,,
acc2f2b44405762c-sheet1-R11,2026-06-24,busan-suyeong,민락동,무진연탄,2026년 상반기 직원 노고 격려 간담회 개최(카드결제),390000,acc2f2b44405762c866fb5ceb08474ca56782b912f0005c6a2c58c2540deab38,sheet1:R11,,,
decaf0102b6c46ac-sheet1-R5,2026-06-18,busan-suyeong,,관내식당,제24회 광안리 어방축제 노고격려 간담회 개최,332000,decaf0102b6c46ac8679f14b4d8a9ccb42cffde8c65caf357e5d5da2be9e4004,sheet1:R5,,,
ed1bbc8e3ac251a0-sheet1-R6,2026-06-01,busan-suyeong,행정문화국장,엠플로르,행정문화국장 내방객 및 회의용 다과구입,135000,ed1bbc8e3ac251a0b555f1a8a228ff43280450c4ac3ada201abf4b2d0a3b230d,sheet1:R6,,,
ed1bbc8e3ac251a0-sheet1-R7,2026-06-09,busan-suyeong,행정문화국장,개인(성명 비공개),소속 상근직원에 대한 경조사비 지원,50000,ed1bbc8e3ac251a0b555f1a8a228ff43280450c4ac3ada201abf4b2d0a3b230d,sheet1:R7,,,
ed1bbc8e3ac251a0-sheet1-R8,2026-06-18,busan-suyeong,행정문화국장,진미언양불고기,축제 개최 노고격려 간담회,480000,ed1bbc8e3ac251a0b555f1a8a228ff43280450c4ac3ada201abf4b2d0a3b230d,sheet1:R8,,,
ed1bbc8e3ac251a0-sheet1-R9,2026-06-22,busan-suyeong,행정문화국장,솥솥,세외수입 운영 및 관리방안 논의 간담회,71600,ed1bbc8e3ac251a0b555f1a8a228ff43280450c4ac3ada201abf4b2d0a3b230d,sheet1:R9,,,
ed1bbc8e3ac251a0-sheet1-R10,2026-06-23,busan-suyeong,행정문화국장,느린마을양조장,자치행정계 현안업무추진 노고격려 간담회,248000,ed1bbc8e3ac251a0b555f1a8a228ff43280450c4ac3ada201abf4b2d0a3b230d,sheet1:R10,,,
ed1bbc8e3ac251a0-sheet1-R11,2026-06-27,busan-suyeong,행정문화국장,"서리단, 스타벅스",수영구민 SUP대회 노고격려 간담회,129100,ed1bbc8e3ac251a0b555f1a8a228ff43280450c4ac3ada201abf4b2d0a3b230d,sheet1:R11,,,
ed1bbc8e3ac251a0-sheet1-R12,2026-06-11,busan-suyeong,행정문화국장,남촌,브레이킹 실업팀 노고격려 간담회,150000,ed1bbc8e3ac251a0b555f1a8a228ff43280450c4ac3ada201abf4b2d0a3b230d,sheet1:R12,,,
ed1bbc8e3ac251a0-sheet1-R13,2026-06-13,busan-suyeong,행정문화국장,"홍익당, 먹거리장터터 콤포즈 커피",어방축제 행사운영 노고 격려,185900,ed1bbc8e3ac251a0b555f1a8a228ff43280450c4ac3ada201abf4b2d0a3b230d,sheet1:R13,,,
ed1bbc8e3ac251a0-sheet1-R14,2026-06-29,busan-suyeong,행정문화국장,장수장,2026년 상반기 수영 공직자 특강 관련 간담회,81000,ed1bbc8e3ac251a0b555f1a8a228ff43280450c4ac3ada201abf4b2d0a3b230d,sheet1:R14,,,
f6b26eaa66ccc471-sheet1-R6,2026-06-02,busan-suyeong,부구청장,"망미떡집, 진주떡집",상반기 업무추진 직원 노고격려 간식구입,1498000,f6b26eaa66ccc471a83aea568d68411194162a018542e51d4f9adb7dd354d9df,sheet1:R6,,,
f6b26eaa66ccc471-sheet1-R7,2026-06-02,busan-suyeong,부구청장,메가마트,부구청장 비서실 내방객 다과구입,95310,f6b26eaa66ccc471a83aea568d68411194162a018542e51d4f9adb7dd354d9df,sheet1:R7,,,
f6b26eaa66ccc471-sheet1-R8,2026-06-04,busan-suyeong,부구청장,개인(성명 비공개),소속 상근 직원에 대한 경조사비 지급,100000,f6b26eaa66ccc471a83aea568d68411194162a018542e51d4f9adb7dd354d9df,sheet1:R8,,,
f6b26eaa66ccc471-sheet1-R9,2026-06-05,busan-suyeong,부구청장,한국야쿠르트,전직원 노고격려 간식 구입,700000,f6b26eaa66ccc471a83aea568d68411194162a018542e51d4f9adb7dd354d9df,sheet1:R9,,,
f6b26eaa66ccc471-sheet1-R10,2026-06-09,busan-suyeong,부구청장,개인(성명 비공개),소속 상근 직원에 대한 경조사비 지급,50000,f6b26eaa66ccc471a83aea568d68411194162a018542e51d4f9adb7dd354d9df,sheet1:R10,,,
f6b26eaa66ccc471-sheet1-R11,2026-06-11,busan-suyeong,부구청장,남천삼계탕,고유가 피해지원금 지급 업무 추진 직원 노고격려 간담회,442000,f6b26eaa66ccc471a83aea568d68411194162a018542e51d4f9adb7dd354d9df,sheet1:R11,,,
f6b26eaa66ccc471-sheet1-R12,2026-06-11,busan-suyeong,부구청장,원양,환경정책 추진 논의 및 협력강화를 위한 간담회,480000,f6b26eaa66ccc471a83aea568d68411194162a018542e51d4f9adb7dd354d9df,sheet1:R12,,,
f6b26eaa66ccc471-sheet1-R13,2026-06-14,busan-suyeong,부구청장,먹거리장터,광안리어방축제 먹거리장터 운영 직원 노고격려,424000,f6b26eaa66ccc471a83aea568d68411194162a018542e51d4f9adb7dd354d9df,sheet1:R13,,,
f6b26eaa66ccc471-sheet1-R14,2026-06-15,busan-suyeong,부구청장,개인(성명 비공개),소속 상근 직원에 대한 경조사비 지급,100000,f6b26eaa66ccc471a83aea568d68411194162a018542e51d4f9adb7dd354d9df,sheet1:R14,,,
f6b26eaa66ccc471-sheet1-R15,2026-06-17,busan-suyeong,부구청장,수미식당,행정문화국 주요 사업추진 논의 간담회,221000,f6b26eaa66ccc471a83aea568d68411194162a018542e51d4f9adb7dd354d9df,sheet1:R15,,,
f6b26eaa66ccc471-sheet1-R16,2026-06-22,busan-suyeong,부구청장,진주떡집,고유가 피해지원금 지급 격려 간식구입,480000,f6b26eaa66ccc471a83aea568d68411194162a018542e51d4f9adb7dd354d9df,sheet1:R16,,,
f6b26eaa66ccc471-sheet1-R17,2026-06-24,busan-suyeong,부구청장,개인(성명 비공개),소속 상근 직원에 대한 경조사비 지급,50000,f6b26eaa66ccc471a83aea568d68411194162a018542e51d4f9adb7dd354d9df,sheet1:R17,,,
f6b26eaa66ccc471-sheet1-R18,2026-06-23,busan-suyeong,부구청장,루이안,수영동 행정복지센터 재건립 논의 간담회,66000,f6b26eaa66ccc471a83aea568d68411194162a018542e51d4f9adb7dd354d9df,sheet1:R18,,,
f6b26eaa66ccc471-sheet1-R19,2026-06-26,busan-suyeong,부구청장,뽈라구복식당,주요업무 추진관련 논의 간담회,130000,f6b26eaa66ccc471a83aea568d68411194162a018542e51d4f9adb7dd354d9df,sheet1:R19,,,
f6b26eaa66ccc471-sheet1-R20,2026-06-29,busan-suyeong,부구청장,정식당,안전도시국 주요업무 추진 논의 간담회,206000,f6b26eaa66ccc471a83aea568d68411194162a018542e51d4f9adb7dd354d9df,sheet1:R20,,,
f6b26eaa66ccc471-sheet1-R21,2026-06-30,busan-suyeong,부구청장,개인(성명 비공개),소속 상근 직원에 대한 경조사비 지급,100000,f6b26eaa66ccc471a83aea568d68411194162a018542e51d4f9adb7dd354d9df,sheet1:R21,,,
f6b26eaa66ccc471-sheet1-R22,2026-06-05,busan-suyeong,부구청장,이슈모리,시 구간 업무교류 및 협력구축을 위한 간담회,480000,f6b26eaa66ccc471a83aea568d68411194162a018542e51d4f9adb7dd354d9df,sheet1:R22,,,
f6b26eaa66ccc471-sheet1-R23,2026-06-09,busan-suyeong,부구청장,온더테이블,해양산업 발전 및 지역협력 방안 논의 간담회,173000,f6b26eaa66ccc471a83aea568d68411194162a018542e51d4f9adb7dd354d9df,sheet1:R23,,,
f6b26eaa66ccc471-sheet1-R24,2026-06-10,busan-suyeong,부구청장,윤태금복국,교통현안 및 개선방안 논의를 위한 간담회,102000,f6b26eaa66ccc471a83aea568d68411194162a018542e51d4f9adb7dd354d9df,sheet1:R24,,,
f6b26eaa66ccc471-sheet1-R25,2026-06-13,busan-suyeong,부구청장,먹거리장터,수영구새마을지도자부녀회 먹거리장터 운영 노고 격려,200000,f6b26eaa66ccc471a83aea568d68411194162a018542e51d4f9adb7dd354d9df,sheet1:R25,,,
9ec03d57563190ee-sheet2-R5,2026-02-25,busan-suyeong,환경위생과,홍옥당,물의 날 맞이 행사 홍보 활동 관련 다과 구입,50000,9ec03d57563190eed3a9b89c26de8340c5dcbfcf5c3b6abcab7b86b1870b1d88,sheet2:R5,,,
9ec03d57563190ee-sheet3-R5,2026-06-26,busan-suyeong,환경위생과,푸실(PUSIL),환경보전분야 업무추진을 위한 간담회,300000,9ec03d57563190eed3a9b89c26de8340c5dcbfcf5c3b6abcab7b86b1870b1d88,sheet3:R5,,,
f7e2fa0a27580f0a-sheet1-R6,2026-06-24,busan-suyeong,안전관리과,쿠팡,부서 간식 구매,111800,f7e2fa0a27580f0abbf87b44aeade81a696e36b8fa519af1f03eb14ca5d718d5,sheet1:R6,,,
f7e2fa0a27580f0a-sheet1-R7,2026-06-29,busan-suyeong,안전관리과,치킨신드롬,직원 인사이동에 따른 노고격려 간담회 개최,675000,f7e2fa0a27580f0abbf87b44aeade81a696e36b8fa519af1f03eb14ca5d718d5,sheet1:R7,,,
3aa00cafd28ff34c-sheet1-R6,2026-06-12,busan-suyeong,안전도시국,-,소속 상근직원에 대한 경조사비 지출,50000,3aa00cafd28ff34c91d43d25198a41de032e99ca8b69ff843cdfc99d247cbe08,sheet1:R6,,,
3aa00cafd28ff34c-sheet1-R7,2026-06-13,busan-suyeong,안전도시국,규이치,광안리 어방축제 행사 운영 노고 격려,308000,3aa00cafd28ff34c91d43d25198a41de032e99ca8b69ff843cdfc99d247cbe08,sheet1:R7,,,
3aa00cafd28ff34c-sheet1-R8,2026-06-14,busan-suyeong,안전도시국,먹거리장터,새마을부녀회 어방축제 먹거리장터 운영 노고 격려,250000,3aa00cafd28ff34c91d43d25198a41de032e99ca8b69ff843cdfc99d247cbe08,sheet1:R8,,,
3aa00cafd28ff34c-sheet1-R9,2026-06-22,busan-suyeong,안전도시국,올리바,현안업무 추진에 따른 시 관계자와의 간담회개최,101400,3aa00cafd28ff34c91d43d25198a41de032e99ca8b69ff843cdfc99d247cbe08,sheet1:R9,,,
3aa00cafd28ff34c-sheet1-R10,2026-06-23,busan-suyeong,안전도시국,예옌,안전도시국 퇴직예정 공무원 노고격려를 위한 간담회,282000,3aa00cafd28ff34c91d43d25198a41de032e99ca8b69ff843cdfc99d247cbe08,sheet1:R10,,,
c6d27058ecf58657-sheet1-R6,2026-06-11,busan-suyeong,가족행복과,진미언양불고기(광안동),여성자원봉사원회와 후원회와의 만남의 날 간담회,450000,c6d27058ecf58657602f1ea71bdf1f569edbbb3a5d63160af07af76e73f50150,sheet1:R6,,,
c6d27058ecf58657-sheet1-R7,2026-06-08,busan-suyeong,가족행복과,수영구청(남천동),고령친화도시 모니터단 회의,30000,c6d27058ecf58657602f1ea71bdf1f569edbbb3a5d63160af07af76e73f50150,sheet1:R7,,,
c6d27058ecf58657-sheet1-R8,2026-06-26,busan-suyeong,가족행복과,송원일식(남천동),2026년 공립어린이집 위탁 관련 전문가 간담회,428000,c6d27058ecf58657602f1ea71bdf1f569edbbb3a5d63160af07af76e73f50150,sheet1:R8,,,
c6d27058ecf58657-sheet1-R9,2026-06-30,busan-suyeong,가족행복과,송원일식(남천동),인사발령에 따른 가족행복과 직원 간담회,590000,c6d27058ecf58657602f1ea71bdf1f569edbbb3a5d63160af07af76e73f50150,sheet1:R9,,,
bb74f0a209e63905-sheet1-R4,2026-06-17,busan-suyeong,광안1동,고성범연탄구이,청년회(자율방범대) 노고 격려 간담회,300000,bb74f0a209e63905bf0edf4cd46bd129d290c8ac2294a7a0556f76015a486567,sheet1:R4,,,
bb74f0a209e63905-sheet1-R5,2026-06-24,busan-suyeong,광안1동,대가삼계탕,마을지기사무소 노고 격려 간담회,83000,bb74f0a209e63905bf0edf4cd46bd129d290c8ac2294a7a0556f76015a486567,sheet1:R5,,,
fc74f7c7aac0bedc-sheet1-R6,2026-06-01,busan-suyeong,남천1동,오복미역,지역사회 봉사자 노고격려 간담회,80000,fc74f7c7aac0bedc1efd93a49084e6cdafa208db80923cb991e414b6b5e73c66,sheet1:R6,,,
fc74f7c7aac0bedc-sheet1-R7,2026-06-06,busan-suyeong,남천1동,유황돈돼지생오리,sup선수단 간담회,400000,fc74f7c7aac0bedc1efd93a49084e6cdafa208db80923cb991e414b6b5e73c66,sheet1:R7,,,
fc74f7c7aac0bedc-sheet1-R8,2026-06-04,busan-suyeong,남천1동,카페 휘낭시에,새마을부녀회 업무협의 간담회,162500,fc74f7c7aac0bedc1efd93a49084e6cdafa208db80923cb991e414b6b5e73c66,sheet1:R8,,,
fc74f7c7aac0bedc-sheet1-R9,2026-06-04,busan-suyeong,남천1동,온라인(모모스커피),제24회 광안리어방축제 자매결연지 방문단 기념품,483000,fc74f7c7aac0bedc1efd93a49084e6cdafa208db80923cb991e414b6b5e73c66,sheet1:R9,,,
fc74f7c7aac0bedc-sheet1-R10,2026-06-09,busan-suyeong,남천1동,대박생오리,동민장학회 노고격려 간담회,200000,fc74f7c7aac0bedc1efd93a49084e6cdafa208db80923cb991e414b6b5e73c66,sheet1:R10,,,
fc74f7c7aac0bedc-sheet1-R11,2026-06-10,busan-suyeong,남천1동,스위스제과,통친회 노고격려 간담회,190000,fc74f7c7aac0bedc1efd93a49084e6cdafa208db80923cb991e414b6b5e73c66,sheet1:R11,,,
a7322e440bc13a73-sheet1-R5,2026-06-11,busan-suyeong,자원순환과,JC할인마트,제24회 어방축제 근무자 생수 및 간식 구입,87680,a7322e440bc13a7380c8c79a3b6de8ba4ede7d041f1ba0432bf671fcdedd6cc2,sheet1:R5,,,
a7322e440bc13a73-sheet1-R6,2026-06-26,busan-suyeong,자원순환과,주식회사 코페이_B,인사이동에 따른 직원 격려 간담회 개최,810000,a7322e440bc13a7380c8c79a3b6de8ba4ede7d041f1ba0432bf671fcdedd6cc2,sheet1:R6,,,
8fcf93140d091f3d-sheet1-R6,2026-06-08,busan-suyeong,건강증진과,쿠팡(주),광안2동 하하마을건강센터 2차 실무협의체 다과 구입,22150,8fcf93140d091f3d1ca0895577d0d0e7d140507ee9feddda8c9e3a84cf7be091,sheet1:R6,,,
8fcf93140d091f3d-sheet1-R7,2026-06-08,busan-suyeong,건강증진과,쿠팡(주),망미2동 하하마을건강센터 2차 실무협의체 다과 구입,21110,8fcf93140d091f3d1ca0895577d0d0e7d140507ee9feddda8c9e3a84cf7be091,sheet1:R7,,,
8fcf93140d091f3d-sheet1-R8,2026-06-09,busan-suyeong,건강증진과,꽃이야기,제81회 구강보건의날 유공자 수상 축하 꽃다발 구입,40000,8fcf93140d091f3d1ca0895577d0d0e7d140507ee9feddda8c9e3a84cf7be091,sheet1:R8,,,
8fcf93140d091f3d-sheet1-R9,2026-06-10,busan-suyeong,건강증진과,쿠팡,민락동 하하마을건강센터 2차 실무협의체 다과 구입,21710,8fcf93140d091f3d1ca0895577d0d0e7d140507ee9feddda8c9e3a84cf7be091,sheet1:R9,,,
8fcf93140d091f3d-sheet1-R10,2026-06-22,busan-suyeong,건강증진과,쿠팡㈜,"광안1동, 수영동 하하마을건강센터 실무협의체 다과 구입",59480,8fcf93140d091f3d1ca0895577d0d0e7d140507ee9feddda8c9e3a84cf7be091,sheet1:R10,,,
8fcf93140d091f3d-sheet1-R11,2026-06-24,busan-suyeong,건강증진과,이윤자꼬리곰탕,주민참여형 건강도시 사업 추진 간담회 식비 지급,176000,8fcf93140d091f3d1ca0895577d0d0e7d140507ee9feddda8c9e3a84cf7be091,sheet1:R11,,,
8fcf93140d091f3d-sheet1-R12,2026-06-29,busan-suyeong,건강증진과,컴포즈커피 수영로점,방문건강관리사업 운영 관련 간담회 다과구입,65000,8fcf93140d091f3d1ca0895577d0d0e7d140507ee9feddda8c9e3a84cf7be091,sheet1:R12,,,
0b417d2db6b5161c-sheet1-R6,2026-06-05,busan-suyeong,일자리경제과,미래전략국장,소속 상근직원에 대한 경조사비 지급,50000,0b417d2db6b5161cfa9c4bf6c67361ce7b33d98c419d6c696a93515660ab0431,sheet1:R6,,,
0b417d2db6b5161c-sheet1-R7,2026-06-08,busan-suyeong,일자리경제과,언양불고기 원조집,미래전략국 주요업무 논의 간담회 개최,440000,0b417d2db6b5161cfa9c4bf6c67361ce7b33d98c419d6c696a93515660ab0431,sheet1:R7,,,
0b417d2db6b5161c-sheet1-R8,2026-06-17,busan-suyeong,일자리경제과,말랑제이(Malang J),민원담당직원을 위한 격려품 구입 건의,400000,0b417d2db6b5161cfa9c4bf6c67361ce7b33d98c419d6c696a93515660ab0431,sheet1:R8,,,
0b417d2db6b5161c-sheet1-R9,2026-06-18,busan-suyeong,일자리경제과,플렌터(Planter),평생교육과 현안업무 추진 직원 노고 격려를 위한 간담회 개최,140000,0b417d2db6b5161cfa9c4bf6c67361ce7b33d98c419d6c696a93515660ab0431,sheet1:R9,,,
0b417d2db6b5161c-sheet1-R10,2026-06-25,busan-suyeong,일자리경제과,파이브가이즈_KICC,지역일자리 목표공시제 일자리대책 추진방향 의견 청취 간담회 개최,116600,0b417d2db6b5161cfa9c4bf6c67361ce7b33d98c419d6c696a93515660ab0431,sheet1:R10,,,
0b417d2db6b5161c-sheet1-R11,2026-06-29,busan-suyeong,일자리경제과,미래전략국장,소속 상근직원에 대한 경조사비 지급,50000,0b417d2db6b5161cfa9c4bf6c67361ce7b33d98c419d6c696a93515660ab0431,sheet1:R11,,,
22fac2ee8cfab86b-sheet1-R6,2026-06-16,busan-suyeong,일자리경제과,네이버,부서운영 다과 구입(카드결제),30000,22fac2ee8cfab86b574dbff9847989ef8f71bd7f3842513982d91adbf6fce45c,sheet1:R6,,,
22fac2ee8cfab86b-sheet1-R7,2026-06-26,busan-suyeong,일자리경제과,"히로, 토곡팡 남천직영점","2026년 상반기 사회적경제마켓, 모리마켓 추진을 위한 간담회 개최",241400,22fac2ee8cfab86b574dbff9847989ef8f71bd7f3842513982d91adbf6fce45c,sheet1:R7,,,
452b5a2ddc6d186d-sheet1-R5,2026-06-12,busan-suyeong,민원여권과,관내식당,친절도 조사 개선 논의를 위한 간담회,286000,452b5a2ddc6d186de4c1730131f2f9f861b14e907031e355388199c27cd65a4f,sheet1:R5,,,
452b5a2ddc6d186d-sheet1-R6,2026-06-26,busan-suyeong,민원여권과,관내식당,인사발령에 따른 직원 간담회,557000,452b5a2ddc6d186de4c1730131f2f9f861b14e907031e355388199c27cd65a4f,sheet1:R6,,,
452b5a2ddc6d186d-sheet1-R7,2026-06-26,busan-suyeong,민원여권과,관내식당,인사발령에 따른 직원 간담회,48300,452b5a2ddc6d186de4c1730131f2f9f861b14e907031e355388199c27cd65a4f,sheet1:R7,,,
5aad4ee2a425d19b-sheet1-R6,2026-06-01,busan-suyeong,망미2동,워키동키수영경찰서점,선거 노고 격려 직원 간식 구매(카드결제),50200,5aad4ee2a425d19ba30fcb5ccc4c9067efaae592eccc9a91704e2af875a990b9,sheet1:R6,,,
5aad4ee2a425d19b-sheet1-R7,2026-06-04,busan-suyeong,망미2동,골목안뜨락,망미2동 새마을부녀회·새마을문고 노고 격려 간담회 개최 건의(카드결제),198000,5aad4ee2a425d19ba30fcb5ccc4c9067efaae592eccc9a91704e2af875a990b9,sheet1:R7,,,
5aad4ee2a425d19b-sheet1-R8,2026-06-04,busan-suyeong,망미2동,철이네 떡공장,뚝딱이봉사단 집수리 사업 노고 격려 간식 구입(카드결제),37000,5aad4ee2a425d19ba30fcb5ccc4c9067efaae592eccc9a91704e2af875a990b9,sheet1:R8,,,
5aad4ee2a425d19b-sheet1-R9,2026-06-06,busan-suyeong,망미2동,바움피앤에스_비,뚝딱이 봉사단 주거환경개선 노고 격려 간담회,105000,5aad4ee2a425d19ba30fcb5ccc4c9067efaae592eccc9a91704e2af875a990b9,sheet1:R9,,,
5aad4ee2a425d19b-sheet1-R10,2026-06-13,busan-suyeong,망미2동,유황돈돼지생오리,2026 수영구민 SUP대회 선수단 격려 간담회 개최,165000,5aad4ee2a425d19ba30fcb5ccc4c9067efaae592eccc9a91704e2af875a990b9,sheet1:R10,,,
5aad4ee2a425d19b-sheet1-R11,2026-06-11,busan-suyeong,망미2동,골목안뜨락,새마울부녀회 및 문고 노고 격려를 위한 간담회 개최,325000,5aad4ee2a425d19ba30fcb5ccc4c9067efaae592eccc9a91704e2af875a990b9,sheet1:R11,,,
5aad4ee2a425d19b-sheet1-R12,2026-06-12,busan-suyeong,망미2동,섹타나인_코페이_비인증_일반,망미2동 단체장 간담회 개최,200000,5aad4ee2a425d19ba30fcb5ccc4c9067efaae592eccc9a91704e2af875a990b9,sheet1:R12,,,
5aad4ee2a425d19b-sheet1-R13,2026-06-24,busan-suyeong,망미2동,광안리 신라횟집,수영구민 SUP대회 지원 논의를 위한 간담회개최,270000,5aad4ee2a425d19ba30fcb5ccc4c9067efaae592eccc9a91704e2af875a990b9,sheet1:R13,,,
5aad4ee2a425d19b-sheet1-R14,2026-06-26,busan-suyeong,망미2동,광안리 신라횟집,직원 노고 격려 간담회 개최 건의(카드결제),440000,5aad4ee2a425d19ba30fcb5ccc4c9067efaae592eccc9a91704e2af875a990b9,sheet1:R14,,,
a8419d6f412a7351-sheet1-R6,2026-06-11,busan-suyeong,문화예술과,완뚝순두부 광안리점,직원 격려 간담회 개최,210000,a8419d6f412a7351d575096721730b98fb49b8f9bffbe305cddb4eb835ad1cea,sheet1:R6,,,
a8419d6f412a7351-sheet1-R7,2026-06-22,busan-suyeong,문화예술과,동화대반점,제24회 광안리어방축제 참여단체 노고 격려 간담회 개최,184000,a8419d6f412a7351d575096721730b98fb49b8f9bffbe305cddb4eb835ad1cea,sheet1:R7,,,
d65c971bc235646a-sheet1-R5,2026-06-09,busan-suyeong,복지정책과,이랴이랴,호국보훈의 달 기념 보훈단체장과의 간담회 개최,540000,d65c971bc235646ae12085dddd1606f6d64088c22565ec5a0c89d6d0e17483a8,sheet1:R5,,,
d65c971bc235646a-sheet1-R6,2026-06-10,busan-suyeong,복지정책과,화목뷔페,호국보훈의 달 기념 6.25 참전유공자 감사 간담회 개최,900000,d65c971bc235646ae12085dddd1606f6d64088c22565ec5a0c89d6d0e17483a8,sheet1:R6,,,
d65c971bc235646a-sheet1-R7,2026-06-16,busan-suyeong,복지정책과,텐퍼센트,드림스타트 아동통합사례관리사 채용 면접 다과 구입,6000,d65c971bc235646ae12085dddd1606f6d64088c22565ec5a0c89d6d0e17483a8,sheet1:R7,,,
d65c971bc235646a-sheet1-R8,2026-06-18,busan-suyeong,복지정책과,전가복,지역사회보장계획 수립 논의 간담회 개최,115000,d65c971bc235646ae12085dddd1606f6d64088c22565ec5a0c89d6d0e17483a8,sheet1:R8,,,
c8d8974c5d02586b-sheet1-R4,2026-06-05,busan-suyeong,복지환경국장,개인(성명 비공개),소속 상근직원에 대한 경조사비 지급,50000,c8d8974c5d02586bff25bc904f74d73cfb8503ee29b4fcc3f3d69aa859829dbf,sheet1:R4,,,
c8d8974c5d02586b-sheet1-R5,2026-06-12,busan-suyeong,복지환경국장,신라횟집,광안리어방축제 근무자 노고 격려 간담회 개최,200000,c8d8974c5d02586bff25bc904f74d73cfb8503ee29b4fcc3f3d69aa859829dbf,sheet1:R5,,,
c8d8974c5d02586b-sheet1-R6,2026-06-14,busan-suyeong,복지환경국장,박가네,광안리어방축제 근무자 노고 격려 간담회 개최,200000,c8d8974c5d02586bff25bc904f74d73cfb8503ee29b4fcc3f3d69aa859829dbf,sheet1:R6,,,
c8d8974c5d02586b-sheet1-R7,2026-06-16,busan-suyeong,복지환경국장,신라횟집,사회서비스 네트워크 강화 논의 간담회 개최,450000,c8d8974c5d02586bff25bc904f74d73cfb8503ee29b4fcc3f3d69aa859829dbf,sheet1:R7,,,
c8d8974c5d02586b-sheet1-R8,2026-06-26,busan-suyeong,복지환경국장,명가,행복드림페스타' 발전방안 논의 간담회 개최,296000,c8d8974c5d02586bff25bc904f74d73cfb8503ee29b4fcc3f3d69aa859829dbf,sheet1:R8,,,
c8d8974c5d02586b-sheet1-R9,2026-06-30,busan-suyeong,복지환경국장,개인(성명 비공개),소속 상근직원에 대한 경조사비 지급,50000,c8d8974c5d02586bff25bc904f74d73cfb8503ee29b4fcc3f3d69aa859829dbf,sheet1:R9,,,
81deb443930492c3-sheet1-R6,2026-06-10,busan-suyeong,보건행정과,호박가게,2026년 합동소방훈련 운영 간식(떡) 구입(카드결제),200000,81deb443930492c3c2feff74e24febb56cf5e104acb8b96c94acf660d952feac,sheet1:R6,,,
81deb443930492c3-sheet1-R7,2026-06-10,busan-suyeong,보건행정과,홈플러스익스프레스 광안점,2026년 합동소방훈련 운영 간식(음료) 구입(카드결제),68950,81deb443930492c3c2feff74e24febb56cf5e104acb8b96c94acf660d952feac,sheet1:R7,,,
81deb443930492c3-sheet1-R8,2026-06-11,busan-suyeong,보건행정과,이마트24 수영점,제24회 광안리어방축제 지원근무직원 생수 구입(카드결제),13800,81deb443930492c3c2feff74e24febb56cf5e104acb8b96c94acf660d952feac,sheet1:R8,,,
81deb443930492c3-sheet1-R9,2026-06-13,busan-suyeong,보건행정과,컴포즈광안비치,광안리어방축제 근무직원 격려간식 구입건의(카드결제),156500,81deb443930492c3c2feff74e24febb56cf5e104acb8b96c94acf660d952feac,sheet1:R9,,,
81deb443930492c3-sheet1-R10,2026-06-14,busan-suyeong,보건행정과,"세븐일레븐 부산광안이안점,올선데이",제24회 광안리어방축제 현장근무직원 격려 음료 구입건의(카드결제),161900,81deb443930492c3c2feff74e24febb56cf5e104acb8b96c94acf660d952feac,sheet1:R10,,,
81deb443930492c3-sheet1-R11,2026-06-17,busan-suyeong,보건행정과,개인(성명 비공개),소속 상근직원에 대한 경조사비 지출,100000,81deb443930492c3c2feff74e24febb56cf5e104acb8b96c94acf660d952feac,sheet1:R11,,,
81deb443930492c3-sheet1-R12,2026-06-18,busan-suyeong,보건행정과,구명애 포항물회,직원 노고 격려를 위한 간담회 개최,300000,81deb443930492c3c2feff74e24febb56cf5e104acb8b96c94acf660d952feac,sheet1:R12,,,
81deb443930492c3-sheet1-R13,2026-06-23,busan-suyeong,보건행정과,아웃백스테이크하우스 신세계센텀점,어방축제 체험프로그램 운영 및 상반기 의약업무 추진 노고 격려 간담회 개최 건의,150000,81deb443930492c3c2feff74e24febb56cf5e104acb8b96c94acf660d952feac,sheet1:R13,,,
81deb443930492c3-sheet1-R14,2026-06-23,busan-suyeong,보건행정과,구명애 포항물회,상반기 보건행정계 업무추진 직원 노고격려 간담회 개최 건의,330000,81deb443930492c3c2feff74e24febb56cf5e104acb8b96c94acf660d952feac,sheet1:R14,,,
81deb443930492c3-sheet1-R15,2026-06-24,busan-suyeong,보건행정과,예옌,제24회 광안리어방축제 개최 노고격려 간담회 개최 건의,140000,81deb443930492c3c2feff74e24febb56cf5e104acb8b96c94acf660d952feac,sheet1:R15,,,
2525dceeb98aed8f-sheet1-R6,2026-06-01,busan-suyeong,의회사무과,신센,소속 직원과의 현안업무 추진 논의 간담회,52000,2525dceeb98aed8f2e326967dcc8916d1e38cefd04596135e5b614b3026296ac,sheet1:R6,,,
2525dceeb98aed8f-sheet1-R7,2026-06-01,busan-suyeong,의회사무과,우정,구청 현안사항 청취를 위한 간담회,80000,2525dceeb98aed8f2e326967dcc8916d1e38cefd04596135e5b614b3026296ac,sheet1:R7,,,
2525dceeb98aed8f-sheet1-R8,2026-06-26,busan-suyeong,의회사무과,고기굽는남자 광안리점,인사이동에 따른 의회사무과 직원 간담회 개최,480000,2525dceeb98aed8f2e326967dcc8916d1e38cefd04596135e5b614b3026296ac,sheet1:R8,,,
755843b320748552-sheet1-R6,2026-06-04,busan-suyeong,광안3동,네슬레코리아 유한책임회사,부서 운영 음료 구입,78000,755843b320748552073e2db2c40c9b9897d4622f826db95457f2ac7f9f92b51c,sheet1:R6,,,
755843b320748552-sheet1-R7,2026-06-29,busan-suyeong,광안3동,암파스타레(IMPASTARE),인사이동에 따른 직원 간담회 개최 건의,341700,755843b320748552073e2db2c40c9b9897d4622f826db95457f2ac7f9f92b51c,sheet1:R7,,,
a8d1a98cd731879a-sheet1-R6,2026-06-09,busan-suyeong,기획감사실,쿠팡,"부서 직원용 간식, 음료 구입",189820,a8d1a98cd731879ad0f03bad0f1943a9648e7de489094dd32f718dc8248b9a17,sheet1:R6,,,
a8d1a98cd731879a-sheet1-R7,2026-06-10,busan-suyeong,기획감사실,서강유통,부서 및 편집실 정수기 생수 구입,275000,a8d1a98cd731879ad0f03bad0f1943a9648e7de489094dd32f718dc8248b9a17,sheet1:R7,,,
a8d1a98cd731879a-sheet1-R8,2026-06-11,busan-suyeong,기획감사실,"정짓간초량, STXFNC",민사소송사건 수임변호사 업무협의 간담회,62600,a8d1a98cd731879ad0f03bad0f1943a9648e7de489094dd32f718dc8248b9a17,sheet1:R8,,,
a8d1a98cd731879a-sheet1-R9,2026-06-13,busan-suyeong,기획감사실,부갈집,제24회 광안리어방축제 거리퍼레이드 추진 관계자 간담회,300000,a8d1a98cd731879ad0f03bad0f1943a9648e7de489094dd32f718dc8248b9a17,sheet1:R9,,,
a8d1a98cd731879a-sheet1-R10,2026-06-16,busan-suyeong,기획감사실,서울반점,수영구 언론사 사진기자와의 간담회,140000,a8d1a98cd731879ad0f03bad0f1943a9648e7de489094dd32f718dc8248b9a17,sheet1:R10,,,
a8d1a98cd731879a-sheet1-R11,2026-06-26,busan-suyeong,기획감사실,돼지집,기획감사실 직원 노고격려 간담회,720000,a8d1a98cd731879ad0f03bad0f1943a9648e7de489094dd32f718dc8248b9a17,sheet1:R11,,,
8213740a9f4a355a-sheet1-R6,2026-06-05,busan-suyeong,남천2동,유황돈돼지생오리,SUP대회 동대표선수 훈련 노고 격려 간담회 개최,400000,8213740a9f4a355a57f8d59985019c43afe70c9a90a97c78f0ad27e3c75b2f33,sheet1:R6,,,
8213740a9f4a355a-sheet1-R7,2026-06-09,busan-suyeong,남천2동,오지테이블,직원 노고 격려 간담회 개최,291900,8213740a9f4a355a57f8d59985019c43afe70c9a90a97c78f0ad27e3c75b2f33,sheet1:R7,,,
8213740a9f4a355a-sheet1-R8,2026-06-11,busan-suyeong,남천2동,박만배아리랑보쌈 광안리점,남천2동 단체장 광안리어방축제 추진 논의 간담회,160000,8213740a9f4a355a57f8d59985019c43afe70c9a90a97c78f0ad27e3c75b2f33,sheet1:R8,,,
8213740a9f4a355a-sheet1-R9,2026-06-22,busan-suyeong,남천2동,남천육회상회,지역사회보장협의체 활동 관련 간담회 개최,50000,8213740a9f4a355a57f8d59985019c43afe70c9a90a97c78f0ad27e3c75b2f33,sheet1:R9,,,
8213740a9f4a355a-sheet1-R10,2026-06-24,busan-suyeong,남천2동,자갈치횟집,주민자치위원회 임원진과의 SUP개최 추진 논의 간담회,154000,8213740a9f4a355a57f8d59985019c43afe70c9a90a97c78f0ad27e3c75b2f33,sheet1:R10,,,
60a0984ed970078d-sheet1-R6,2026-06-11,busan-suyeong,광안4동,우정,어방축제 노고 격려 간담회 개최,90000,60a0984ed970078d1febbb13748f5eb904cfc51fc4ff93d0c513a47aca0b47b0,sheet1:R6,,,
60a0984ed970078d-sheet1-R7,2026-06-29,busan-suyeong,광안4동,왕가박가,광안4동 주민자율방역단 발대식 격려 간담회 개최,200000,60a0984ed970078d1febbb13748f5eb904cfc51fc4ff93d0c513a47aca0b47b0,sheet1:R7,,,
620753c0cfaf4735-sheet1-R6,2026-06-05,busan-suyeong,광안2동,우정,동 현안업무 추진 협의를 위한 단체장 간담회 개최,225000,620753c0cfaf47354e19d1024ea1b898f2d2c63526f3dae27494eac3caf36542,sheet1:R6,,,
620753c0cfaf4735-sheet1-R7,2026-06-06,busan-suyeong,광안2동,과일에 반하다 프루타,2026 수영구민 SUP대회 선수단 격려 음료 구입,90000,620753c0cfaf47354e19d1024ea1b898f2d2c63526f3dae27494eac3caf36542,sheet1:R7,,,
620753c0cfaf4735-sheet1-R8,2026-06-09,busan-suyeong,광안2동,뚜레쥬르 부산광안역점,2026년 수영구 뚝딱이 봉사단 간식 구입,80000,620753c0cfaf47354e19d1024ea1b898f2d2c63526f3dae27494eac3caf36542,sheet1:R8,,,
620753c0cfaf4735-sheet1-R9,2026-06-23,busan-suyeong,광안2동,㈜쿠팡,수영구민 SUP대회 간식 구입,18580,620753c0cfaf47354e19d1024ea1b898f2d2c63526f3dae27494eac3caf36542,sheet1:R9,,,
620753c0cfaf4735-sheet1-R10,2026-06-29,busan-suyeong,광안2동,대항호,퇴임 및 인사이동에 따른 직원 간담회,563000,620753c0cfaf47354e19d1024ea1b898f2d2c63526f3dae27494eac3caf36542,sheet1:R10,,,
083a467ebf6271c6-sheet1-R6,2026-06-17,busan-suyeong,도시공원과,부갈집,도로환경정비 관계자 노고 격려 간담회 개최,390000,083a467ebf6271c6912407af4469c7c8e3eaf55f0c85fb7a5438b874d64d1aea,sheet1:R6,,,
083a467ebf6271c6-sheet1-R7,2026-06-23,busan-suyeong,도시공원과,JC할인마트,부서운영 물품 구입(다과 등),90000,083a467ebf6271c6912407af4469c7c8e3eaf55f0c85fb7a5438b874d64d1aea,sheet1:R7,,,
083a467ebf6271c6-sheet1-R8,2026-06-23,busan-suyeong,도시공원과,전가복,풍수해 대비 지원에 대한 노고격려 간담회 개최,300000,083a467ebf6271c6912407af4469c7c8e3eaf55f0c85fb7a5438b874d64d1aea,sheet1:R8,,,
083a467ebf6271c6-sheet1-R9,2026-06-26,busan-suyeong,도시공원과,부갈집,어방축제 근무에 따른 직원 노고 격려 간담회 개최,800000,083a467ebf6271c6912407af4469c7c8e3eaf55f0c85fb7a5438b874d64d1aea,sheet1:R9,,,
f4bc5b3c2c973ad0-sheet1-R5,2026-06-15,busan-suyeong,기초생활보장과,월남면반 남천점,현안업무 추진 노고 격려 간담회,100000,f4bc5b3c2c973ad0811b28c92916609eed9337ebee7ac529ad2c11de8a7260c6,sheet1:R5,,,
f4bc5b3c2c973ad0-sheet1-R6,2026-06-24,busan-suyeong,기초생활보장과,고기굽는 남자 광안리직영점,2026년 상반기 현안 업무추진 직원 노고 격려 간담회,142500,f4bc5b3c2c973ad0811b28c92916609eed9337ebee7ac529ad2c11de8a7260c6,sheet1:R6,,,
1b280625695a5376-sheet1-R6,2026-06-16,busan-suyeong,스마트도시과,인디샷,어방축제 행사운영 노고격려 간담회 개최,160200,1b280625695a53763f61d75cada2010cc66bbe416cf7a5c1106e4019d1a34f04,sheet1:R6,,,
1b280625695a5376-sheet1-R7,2026-06-22,busan-suyeong,스마트도시과,"정식당, 카페채욘",마을지기사무소 기간제근로자 노고 격려 간담회 개최,182200,1b280625695a53763f61d75cada2010cc66bbe416cf7a5c1106e4019d1a34f04,sheet1:R7,,,
612110dbcfd7eb3b-sheet1-R6,2026-06-13,busan-suyeong,세무2과,완뚝순두부 광안리점,제24회 광안리어방축제 내왕소리체험 근무자 특근급식비 지급(카드결제),379000,612110dbcfd7eb3b1a6133273090a9042fd6a4b430ac7026627e0843e105aff6,sheet1:R6,,,
612110dbcfd7eb3b-sheet1-R7,2026-06-15,busan-suyeong,세무2과,컴포즈커피 광안비치점,제24회 광안리어방축제 내왕소리체험 근무자 음료 구입(카드결제),148000,612110dbcfd7eb3b1a6133273090a9042fd6a4b430ac7026627e0843e105aff6,sheet1:R7,,,
612110dbcfd7eb3b-sheet1-R8,2026-06-22,busan-suyeong,세무2과,조선한우,2026.6.1.기준 개별(공동)주택가격 산정 업무 논의 간담회 개최 건의,280000,612110dbcfd7eb3b1a6133273090a9042fd6a4b430ac7026627e0843e105aff6,sheet1:R8,,,
1d552f47f97ff2ab-sheet1-R6,2026-06-04,busan-suyeong,토지정보과,예옌,2026.1.1.기준 이의신청지가 검증관련 업무논의 간담회,150000,1d552f47f97ff2ab6af16ac39e4fc6039f81a2af12583fa09d9536774e91bc79,sheet1:R6,,,
1d552f47f97ff2ab-sheet1-R7,2026-06-11,busan-suyeong,토지정보과,광안리 신라횟집,7.1.기준 개별공시지가 결정을 위한 부동산가격공시위원회 위원 위 · 해촉에 따른 업무 협의 간담회 개최,180000,1d552f47f97ff2ab6af16ac39e4fc6039f81a2af12583fa09d9536774e91bc79,sheet1:R7,,,
1d552f47f97ff2ab-sheet1-R8,2026-06-19,busan-suyeong,토지정보과,예옌,도로명주소 홍보 체험관 운영 결과 분석 및 개선방안을 위한 간담회,100000,1d552f47f97ff2ab6af16ac39e4fc6039f81a2af12583fa09d9536774e91bc79,sheet1:R8,,,
1d552f47f97ff2ab-sheet1-R9,2026-06-23,busan-suyeong,토지정보과,예옌,지적재조사사업 추진 간담회 개최,100000,1d552f47f97ff2ab6af16ac39e4fc6039f81a2af12583fa09d9536774e91bc79,sheet1:R9,,,
1d552f47f97ff2ab-sheet1-R10,2026-06-26,busan-suyeong,토지정보과,예옌,2026년 상반기 업무 추진 노고 격려 간담회 개최 건의,720000,1d552f47f97ff2ab6af16ac39e4fc6039f81a2af12583fa09d9536774e91bc79,sheet1:R10,,,
c14b615649766a45-sheet1-R6,2026-05-12,busan-suyeong,남천2동,김연수순쌀빵,동 내방객 다과 구입,200000,c14b615649766a4521c71adc41a9cbcbf8b311edd0918fd91ae6ded804ea23fb,sheet1:R6,,,
c14b615649766a45-sheet1-R7,2026-05-29,busan-suyeong,남천2동,신센,동 상근직원 격려 간담회 개최,107000,c14b615649766a4521c71adc41a9cbcbf8b311edd0918fd91ae6ded804ea23fb,sheet1:R7,,,
819973b32cfa4927-sheet1-R6,2026-05-04,busan-suyeong,부구청장,오지테이블,규제개혁 표창 수상 노고격려 간담회,280000,819973b32cfa49273e3d210db924db1d0e918535af16f3fb919b5b0aa4d0ab5d,sheet1:R6,,,
819973b32cfa4927-sheet1-R7,2026-05-06,busan-suyeong,부구청장,오지테이블,토지정보과 현안보고 및 조직운영에 관한 논의 간담회,124700,819973b32cfa49273e3d210db924db1d0e918535af16f3fb919b5b0aa4d0ab5d,sheet1:R7,,,
819973b32cfa4927-sheet1-R8,2026-05-06,busan-suyeong,부구청장,파리바게트,정책회의 다과구입,20500,819973b32cfa49273e3d210db924db1d0e918535af16f3fb919b5b0aa4d0ab5d,sheet1:R8,,,
819973b32cfa4927-sheet1-R9,2026-05-06,busan-suyeong,부구청장,메가마트,부구청장 비서실 내방객 다과구입,74320,819973b32cfa49273e3d210db924db1d0e918535af16f3fb919b5b0aa4d0ab5d,sheet1:R9,,,
819973b32cfa4927-sheet1-R10,2026-05-08,busan-suyeong,부구청장,박만배아리랑보쌈,건설과 현안보고 및 조직운영에 관한 논의 간담회,140000,819973b32cfa49273e3d210db924db1d0e918535af16f3fb919b5b0aa4d0ab5d,sheet1:R10,,,
819973b32cfa4927-sheet1-R11,2026-05-11,busan-suyeong,부구청장,골목안뜨락,보건행정과 현안보고 및 조직운영에 관한 논의 간담회,160000,819973b32cfa49273e3d210db924db1d0e918535af16f3fb919b5b0aa4d0ab5d,sheet1:R11,,,
819973b32cfa4927-sheet1-R12,2026-05-12,busan-suyeong,부구청장,쿠타팜 테라스,가족행복과과 현안보고 및 조직운영에 관한 논의 간담회,150000,819973b32cfa49273e3d210db924db1d0e918535af16f3fb919b5b0aa4d0ab5d,sheet1:R12,,,
819973b32cfa4927-sheet1-R13,2026-05-13,busan-suyeong,부구청장,개인(성명 비공개),소속 상근 직원에 대한 경조사비 지급,50000,819973b32cfa49273e3d210db924db1d0e918535af16f3fb919b5b0aa4d0ab5d,sheet1:R13,,,
819973b32cfa4927-sheet1-R14,2026-05-14,busan-suyeong,부구청장,참전복구이,기초생활지원과 현안보고 및 조직운영에 관한 논의 간담회,150000,819973b32cfa49273e3d210db924db1d0e918535af16f3fb919b5b0aa4d0ab5d,sheet1:R14,,,
819973b32cfa4927-sheet1-R15,2026-05-15,busan-suyeong,부구청장,금가면옥,건강증진과 현안보고 및 조직운영에 관한 논의 간담회,118500,819973b32cfa49273e3d210db924db1d0e918535af16f3fb919b5b0aa4d0ab5d,sheet1:R15,,,
819973b32cfa4927-sheet1-R16,2026-05-20,busan-suyeong,부구청장,브라운 필드,정책회의 다과구입,26600,819973b32cfa49273e3d210db924db1d0e918535af16f3fb919b5b0aa4d0ab5d,sheet1:R16,,,
819973b32cfa4927-sheet1-R17,2026-05-20,busan-suyeong,부구청장,홍유단,구 현안 사업 추진 관련 노고격려 간담회,405000,819973b32cfa49273e3d210db924db1d0e918535af16f3fb919b5b0aa4d0ab5d,sheet1:R17,,,
819973b32cfa4927-sheet1-R18,2026-05-22,busan-suyeong,부구청장,광안리엔미포,복지정책과 현안보고 및 조직운영에 관한 논의 간담회,166000,819973b32cfa49273e3d210db924db1d0e918535af16f3fb919b5b0aa4d0ab5d,sheet1:R18,,,
819973b32cfa4927-sheet1-R19,2026-05-23,busan-suyeong,부구청장,홍루이젠,제9회 전국동시지방선거 추진 격려 간식구입,1190000,819973b32cfa49273e3d210db924db1d0e918535af16f3fb919b5b0aa4d0ab5d,sheet1:R19,,,
819973b32cfa4927-sheet1-R20,2026-05-23,busan-suyeong,부구청장,노모어피자,광안리 M드론라이트쇼 종합상황실 운영 노고격려 간담회,122700,819973b32cfa49273e3d210db924db1d0e918535af16f3fb919b5b0aa4d0ab5d,sheet1:R20,,,
819973b32cfa4927-sheet1-R21,2026-05-26,busan-suyeong,부구청장,식복돼지국밥,안전관리과 주요현안 및 조직운영 논의 간담회,112000,819973b32cfa49273e3d210db924db1d0e918535af16f3fb919b5b0aa4d0ab5d,sheet1:R21,,,
819973b32cfa4927-sheet1-R22,2026-05-26,busan-suyeong,부구청장,남천청과,부구청장 비서실 내방객 다과구입,22000,819973b32cfa49273e3d210db924db1d0e918535af16f3fb919b5b0aa4d0ab5d,sheet1:R22,,,
819973b32cfa4927-sheet1-R23,2026-05-27,busan-suyeong,부구청장,해해해,건축과 주요현안 및 조직운영 논의 간담회,184000,819973b32cfa49273e3d210db924db1d0e918535af16f3fb919b5b0aa4d0ab5d,sheet1:R23,,,
819973b32cfa4927-sheet1-R24,2026-05-02,busan-suyeong,부구청장,맘스터치,수영구 소년소녀합창단 간식 구입,784000,819973b32cfa49273e3d210db924db1d0e918535af16f3fb919b5b0aa4d0ab5d,sheet1:R24,,,
819973b32cfa4927-sheet1-R25,2026-05-08,busan-suyeong,부구청장,디어벨류,평생학습활성화 방안논의 간담회,490000,819973b32cfa49273e3d210db924db1d0e918535af16f3fb919b5b0aa4d0ab5d,sheet1:R25,,,
819973b32cfa4927-sheet1-R26,2026-05-13,busan-suyeong,부구청장,몰토이탈리아노,주요시책 사업 및 인사관련 현안논의 간담회,400000,819973b32cfa49273e3d210db924db1d0e918535af16f3fb919b5b0aa4d0ab5d,sheet1:R26,,,
819973b32cfa4927-sheet1-R27,2026-05-15,busan-suyeong,부구청장,오스테리아치베타,구정홍보 및 업무교류를 위한 간담회,490000,819973b32cfa49273e3d210db924db1d0e918535af16f3fb919b5b0aa4d0ab5d,sheet1:R27,,,
819973b32cfa4927-sheet1-R28,2026-05-18,busan-suyeong,부구청장,진미언양불고기,구정홍보 활성화방안 논의 간담회,249000,819973b32cfa49273e3d210db924db1d0e918535af16f3fb919b5b0aa4d0ab5d,sheet1:R28,,,
819973b32cfa4927-sheet1-R29,2026-05-18,busan-suyeong,부구청장,샌디스,구정홍보 활성화방안 논의 간담회,26000,819973b32cfa49273e3d210db924db1d0e918535af16f3fb919b5b0aa4d0ab5d,sheet1:R29,,,
819973b32cfa4927-sheet1-R30,2026-05-22,busan-suyeong,부구청장,춘식이네,지역문화예술 활성화 방안 논의 간담회,128000,819973b32cfa49273e3d210db924db1d0e918535af16f3fb919b5b0aa4d0ab5d,sheet1:R30,,,
819973b32cfa4927-sheet1-R31,2026-05-30,busan-suyeong,부구청장,"게스후, 스타벅스",국제 장대높이뛰기 경기대회 노고격려 간담회,179100,819973b32cfa49273e3d210db924db1d0e918535af16f3fb919b5b0aa4d0ab5d,sheet1:R31,,,
e8eac966f2c59f26-sheet1-R6,2026-05-12,busan-suyeong,행정문화국장,개인(성명 비공개),소속 상근직원에 대한 경조사비 지원,50000,e8eac966f2c59f2628fc94f1bedeef03db4d3069ffe597030e7a22e167adc3d7,sheet1:R6,,,
e8eac966f2c59f26-sheet1-R7,2026-05-18,busan-suyeong,행정문화국장,비어존,레이저쇼 운영 관련 추진방향 논의 직원노고격려 간담회,118500,e8eac966f2c59f2628fc94f1bedeef03db4d3069ffe597030e7a22e167adc3d7,sheet1:R7,,,
e8eac966f2c59f26-sheet1-R8,2026-05-23,busan-suyeong,행정문화국장,마담에뽀끄,광안리M드론라이트쇼 운영추진 방향 논의 간담회,235500,e8eac966f2c59f2628fc94f1bedeef03db4d3069ffe597030e7a22e167adc3d7,sheet1:R8,,,
e8eac966f2c59f26-sheet1-R9,2026-05-08,busan-suyeong,행정문화국장,서리단,수영구 통합방위협의회 운영 활성화 논의 간담회,122000,e8eac966f2c59f2628fc94f1bedeef03db4d3069ffe597030e7a22e167adc3d7,sheet1:R9,,,
e8eac966f2c59f26-sheet1-R10,2026-05-11,busan-suyeong,행정문화국장,진미언양불고기,업무교류 활성화를 위한 간담회,280000,e8eac966f2c59f2628fc94f1bedeef03db4d3069ffe597030e7a22e167adc3d7,sheet1:R10,,,
e8eac966f2c59f26-sheet1-R11,2026-05-21,busan-suyeong,행정문화국장,호박가게,광안리 드론 레이저쇼 유관기관 업무 협의 다과구입,97500,e8eac966f2c59f2628fc94f1bedeef03db4d3069ffe597030e7a22e167adc3d7,sheet1:R11,,,
a7fbb76b64ac8744-sheet1-R6,2026-05-20,busan-suyeong,남천1동,송원일식,남천동 동민장학회 업무 협의 간담회 개최,120000,a7fbb76b64ac8744102f9f27aae53cf5c22f1ece185fb85c68955c3b5664c2be,sheet1:R6,,,
a7fbb76b64ac8744-sheet1-R7,2026-05-22,busan-suyeong,남천1동,도농한우전문식당,남천1동 주민자치위원회 업무 협의 간담회 개최,120000,a7fbb76b64ac8744102f9f27aae53cf5c22f1ece185fb85c68955c3b5664c2be,sheet1:R7,,,
779eff9d3cb7322c-sheet1-R5,2026-05-14,busan-suyeong,평생교육과,돌닭,수영구 희망교육지구사업 운영방안 논의 간담회 개최,196000,779eff9d3cb7322c2ca6d572ac0c4978e8a7bf69e84697791c00eb8286f85001,sheet1:R5,,,
b58213b0b9a5ba9f-sheet1-R6,2026-05-08,busan-suyeong,보건행정과,네이버파이낸셜,부서 음용 커피 구입(카드결제),100260,b58213b0b9a5ba9f2a2b877208cea9348d73e719a8a4456158ae692ef733bda9,sheet1:R6,,,
b58213b0b9a5ba9f-sheet1-R7,2026-05-11,busan-suyeong,보건행정과,㈜행복한 느림보 이흥용과자점,쾌적한 청사환경 조성을 위한 간담회 개최 건의,93400,b58213b0b9a5ba9f2a2b877208cea9348d73e719a8a4456158ae692ef733bda9,sheet1:R7,,,
b58213b0b9a5ba9f-sheet1-R8,2026-05-21,busan-suyeong,보건행정과,금가면옥,어방축제 체험프로그램(어린이수군체력단련장) 추진을 위한 간담회 개최 건의,62300,b58213b0b9a5ba9f2a2b877208cea9348d73e719a8a4456158ae692ef733bda9,sheet1:R8,,,
195d8f372f81c01f-sheet1-R6,2026-05-20,busan-suyeong,교통행정과,JC할인마트,부서 운영물품 구입(카드결제),98600,195d8f372f81c01fcde059ed70c540f1715b8dace163b32f5be0be9247b82152,sheet1:R6,,,
195d8f372f81c01f-sheet1-R7,2026-05-20,busan-suyeong,교통행정과,쿠팡(주),부서 운영물품 구입(카드결제),104340,195d8f372f81c01fcde059ed70c540f1715b8dace163b32f5be0be9247b82152,sheet1:R7,,,
195d8f372f81c01f-sheet1-R8,2026-05-27,busan-suyeong,교통행정과,대박생오리,불법 주정차 단속카메라 유지보수업체와의 간담회 개최,240000,195d8f372f81c01fcde059ed70c540f1715b8dace163b32f5be0be9247b82152,sheet1:R8,,,
08ff9da425ef58c5-sheet1-R6,2026-05-06,busan-suyeong,스마트도시과,고기굽는남자 광안리직영점,해피챌린지 용역 업무 협의 간담회,320000,08ff9da425ef58c559719bfcfd381c38b68cd599883f1930b61ed95065638a16,sheet1:R6,,,
50ea0bfae0d0e567-sheet1-R6,2026-05-14,busan-suyeong,일자리경제과,"남천삼계탕, 푸룻",재무과 현안업무 추진 직원 노고 격려를 위한 간담회 개최,80000,50ea0bfae0d0e56721322c86a0caa9d8d3ad7482bb1c039afe4621c5412f3ec4,sheet1:R6,,,
50ea0bfae0d0e567-sheet1-R7,2026-05-21,busan-suyeong,일자리경제과,느린마을양조장,평생교육도시와 생활체육 발전방향 효과적 모색을 위한 의견 청취 간담회 개최,190000,50ea0bfae0d0e56721322c86a0caa9d8d3ad7482bb1c039afe4621c5412f3ec4,sheet1:R7,,,
50ea0bfae0d0e567-sheet1-R8,2026-05-28,busan-suyeong,일자리경제과,"원카츠(남천점), 벤베커 광안리점",민원여권과 현안업무 추진 직원 노고 격려를 위한 간담회 개최,72600,50ea0bfae0d0e56721322c86a0caa9d8d3ad7482bb1c039afe4621c5412f3ec4,sheet1:R8,,,
8c4e808be8e6d239-sheet1-R6,2026-05-11,busan-suyeong,도시공원과,부갈집,현안업무 추진 노고 격려 간담회 개최,490000,8c4e808be8e6d23982093a7306fb16908850711bcf1cffcb4c99fd31b65037f1,sheet1:R6,,,
56b05f26bed13500-sheet1-R6,2026-04-02,busan-suyeong,재무과,JC할인마트,2025회계연도 결산검사 다과 구입,33000,56b05f26bed135001a2fd9ce39b934dd10165dd98d64ee833628188a0d092add,sheet1:R6,,,
56b05f26bed13500-sheet1-R7,2026-04-02,busan-suyeong,재무과,지에스(GS)25 남천코오롱점,2025회계연도 결산검사 사무용품 구입,10500,56b05f26bed135001a2fd9ce39b934dd10165dd98d64ee833628188a0d092add,sheet1:R7,,,
56b05f26bed13500-sheet1-R8,2026-04-14,busan-suyeong,재무과,푸룻,2025회계연도 결산수검장 다과 구입,90000,56b05f26bed135001a2fd9ce39b934dd10165dd98d64ee833628188a0d092add,sheet1:R8,,,
56b05f26bed13500-sheet1-R9,2026-04-16,busan-suyeong,재무과,벤베커 광안리점,2025회계연도 결산수검장 다과 구입,80000,56b05f26bed135001a2fd9ce39b934dd10165dd98d64ee833628188a0d092add,sheet1:R9,,,
56b05f26bed13500-sheet1-R10,2026-04-22,busan-suyeong,재무과,동화대반점,2025회계연도 결산검사 추진 노고 격려 간담회 개최,275000,56b05f26bed135001a2fd9ce39b934dd10165dd98d64ee833628188a0d092add,sheet1:R10,,,
4520c8801de2795f-sheet1-R6,2026-05-20,busan-suyeong,가족행복과,홍유단(민락동),2026년 제3회 수영구 어린이ECO놀이터 참여 기관 격려 계획,470000,4520c8801de2795f71289d771b803c903e575b4025fd6433790e9196c3349532,sheet1:R6,,,
4520c8801de2795f-sheet1-R7,2026-05-22,busan-suyeong,가족행복과,고결(민락동),노인복지관 무료급식 업무 추진을 위한 간담회 개최,240000,4520c8801de2795f71289d771b803c903e575b4025fd6433790e9196c3349532,sheet1:R7,,,
7f096cbf66ba8493-sheet1-R5,2026-05-04,busan-suyeong,민락동,부산은행,2026년 5월 직원 생일 격려품 구입(카드결제),30000,7f096cbf66ba8493a06f868e36a2cce16c5a786ac3a0f04775f6bb1da44ccd88,sheet1:R5,,,
0ec638cd6ae68fb5-sheet1-R6,2026-05-14,busan-suyeong,광안2동,㈜쿠팡,부서 다과 구입,109800,0ec638cd6ae68fb5bc72068e6028e73f369dd6eeac2aa3bb9a164ad53579d0cc,sheet1:R6,,,
e104538475cdf8cf-sheet1-R6,2026-05-08,busan-suyeong,기획감사실,송원일식,지역대학 연계 사업 추진을 위한 간담회,180000,e104538475cdf8cf75833f3bfbdd19e084492f4ecd06e610625ca2cc26128523,sheet1:R6,,,
e104538475cdf8cf-sheet1-R7,2026-05-11,busan-suyeong,기획감사실,한양수퍼,기획업무용 음료 구입,90000,e104538475cdf8cf75833f3bfbdd19e084492f4ecd06e610625ca2cc26128523,sheet1:R7,,,
e104538475cdf8cf-sheet1-R8,2026-05-14,busan-suyeong,기획감사실,호메르스호텔 주식회사,2027년도 지방자치단체 예산편성 운영기준 제도개선 토론회 관련 간담회,300000,e104538475cdf8cf75833f3bfbdd19e084492f4ecd06e610625ca2cc26128523,sheet1:R8,,,
ba74a936b0281684-sheet1-R6,2026-05-20,busan-suyeong,의회사무과,귀희한식,구청 현안사항 청취를 위한 간담회,175000,ba74a936b0281684d0386e8efabea134f05032358ee825f8f4592aa96290bb4f,sheet1:R6,,,
ba74a936b0281684-sheet1-R7,2026-05-28,busan-suyeong,의회사무과,푸실,집행부 인사 담당 부서와 업무 논의 간담회 개최,152000,ba74a936b0281684d0386e8efabea134f05032358ee825f8f4592aa96290bb4f,sheet1:R7,,,
3889e204aa5ff987-sheet1-R6,2026-05-22,busan-suyeong,문화예술과,경포어시장강릉본점,누구나실험실 지역특화 콘텐츠 운영 방안 논의를 위한 간담회 개최,180000,3889e204aa5ff987ec816915b595d6356e740ce7cac141d2c1fe0ba01966a6c7,sheet1:R6,,,
2aaa576589dab037-sheet1-R5,2026-05-07,busan-suyeong,자원순환과,다미복국,환경공무직 업무 노고 격려 간담회 개최,300000,2aaa576589dab037312e519e1d2f2476cf86b27ec0e1df5cb2db2326fb38cc91,sheet1:R5,,,
b9676deb6960178b-sheet1-R5,2026-05-07,busan-suyeong,복지정책과,신센,복지정책과 인사발령에 따른 직원 간담회 개최,78500,b9676deb6960178b1311e98ec0a63b28fe744fa22b23cf55bc5fe4d1943ac35e,sheet1:R5,,,
b9676deb6960178b-sheet1-R6,2026-05-12,busan-suyeong,,장수장,사무공간 재배치에 따른 관계 직원 간담회 개최,133000,b9676deb6960178b1311e98ec0a63b28fe744fa22b23cf55bc5fe4d1943ac35e,sheet1:R6,,,
b9676deb6960178b-sheet1-R7,2026-05-21,busan-suyeong,,유황돈돼지생오리,복지정책과 현안업무 추진 논의 간담회 개최,120000,b9676deb6960178b1311e98ec0a63b28fe744fa22b23cf55bc5fe4d1943ac35e,sheet1:R7,,,
b9676deb6960178b-sheet1-R8,2026-05-21,busan-suyeong,,언양불고기,원활한 업무추진을 위한 간담회 개최,225000,b9676deb6960178b1311e98ec0a63b28fe744fa22b23cf55bc5fe4d1943ac35e,sheet1:R8,,,
814efadd267dd9a0-sheet1-R4,2026-05-07,busan-suyeong,복지환경국장,고성범연탄구이,현안업무추진 논의 간담회 개최,280000,814efadd267dd9a0228f7524b287b10bef526bb6cee8641a4b81c19a91d94931,sheet1:R4,,,
814efadd267dd9a0-sheet1-R5,2026-05-13,busan-suyeong,복지환경국장,유황돈돼지생오리,민관협력 업무추진 논의 간담회 개최,450000,814efadd267dd9a0228f7524b287b10bef526bb6cee8641a4b81c19a91d94931,sheet1:R5,,,
814efadd267dd9a0-sheet1-R6,2026-05-14,busan-suyeong,복지환경국장,까치횟집,수영구 여성친화도시 조성 추진 노고 격려 간담회 개최,393000,814efadd267dd9a0228f7524b287b10bef526bb6cee8641a4b81c19a91d94931,sheet1:R6,,,
814efadd267dd9a0-sheet1-R7,2026-05-15,busan-suyeong,복지환경국장,백만배아리랑보쌈,지역사회보장 역량 강화 논의 간담회 개최,84000,814efadd267dd9a0228f7524b287b10bef526bb6cee8641a4b81c19a91d94931,sheet1:R7,,,
814efadd267dd9a0-sheet1-R8,2026-05-18,busan-suyeong,복지환경국장,신라횟집,여름철 성수기 대비 청소근무자 노고 격려 간담회 개최,450000,814efadd267dd9a0228f7524b287b10bef526bb6cee8641a4b81c19a91d94931,sheet1:R8,,,
814efadd267dd9a0-sheet1-R9,2026-05-19,busan-suyeong,복지환경국장,다이도코로,인사발령에 따른 직원 간담회 개최,210000,814efadd267dd9a0228f7524b287b10bef526bb6cee8641a4b81c19a91d94931,sheet1:R9,,,
7ba01d2710842638-sheet1-R6,2026-05-04,busan-suyeong,건강증진과,쿠팡(주),지역사회건강조사 회의운영물품(다과) 구입,200000,7ba01d2710842638236b2739d42c55420f78f93e8c8ab616aede6b316da0a087,sheet1:R6,,,
7ba01d2710842638-sheet1-R7,2026-05-07,busan-suyeong,건강증진과,금가면옥,2026년 금연·절주사업 추진 간담회 식비 지급,211000,7ba01d2710842638236b2739d42c55420f78f93e8c8ab616aede6b316da0a087,sheet1:R7,,,
7ba01d2710842638-sheet1-R8,2026-05-12,busan-suyeong,건강증진과,이윤자꼬리곰탕,2026년 상반기 하하마을건강센터 협력병원 간담회 식비 지급,120000,7ba01d2710842638236b2739d42c55420f78f93e8c8ab616aede6b316da0a087,sheet1:R8,,,
7ba01d2710842638-sheet1-R9,2026-05-27,busan-suyeong,건강증진과,네이버파이낸셜(주),치매관리사업 간담회 운영물품(다과) 구입,38100,7ba01d2710842638236b2739d42c55420f78f93e8c8ab616aede6b316da0a087,sheet1:R9,,,
ab8dbaedcd5d685c-sheet1-R5,2026-05-12,busan-suyeong,민원여권과,관내식당,저연차 직원 소통 간담회,105000,ab8dbaedcd5d685cb36f9497b8df34896ca5e74c78a0fc24db21a4360b2d01b6,sheet1:R5,,,
043464d9c8ea31d8-sheet1-R5,2026-05-22,busan-suyeong,기초생활보장과,대가숯불장어구이,수영구 자활사업 활성화를 위한 간담회,272000,043464d9c8ea31d822c52813a196fd970508d613b5d71a077fd4aecb11538342,sheet1:R5,,,
cfd70162e575a438-sheet1-R6,2026-05-18,busan-suyeong,안전도시국,퇴근길,폭염 대비 업무 협조를 위한 간담회 개촤,200000,cfd70162e575a438c8a1557c7a63a9b2fbd2fd5d36404341e359715a28717436,sheet1:R6,,,
cfd70162e575a438-sheet1-R7,2026-05-02,busan-suyeong,안전도시국,서리단,광안리 드론 X 레이저쇼 관련 현장상황실 운영 노고 격려 간담회 개최,140000,cfd70162e575a438c8a1557c7a63a9b2fbd2fd5d36404341e359715a28717436,sheet1:R7,,,
cfd70162e575a438-sheet1-R8,2026-05-14,busan-suyeong,안전도시국,-,소속 상근직원에 대한 경조사비 지출,50000,cfd70162e575a438c8a1557c7a63a9b2fbd2fd5d36404341e359715a28717436,sheet1:R8,,,
cfd70162e575a438-sheet1-R9,2026-05-28,busan-suyeong,안전도시국,식복,자연재난 대비 응급 도로보수 관련 추진 노고 간담회 개최,122200,cfd70162e575a438c8a1557c7a63a9b2fbd2fd5d36404341e359715a28717436,sheet1:R9,,,
50ed2f6122c25e12-sheet1-R6,2026-05-14,busan-suyeong,안전관리과,쿠팡,부서 간식 구매,163330,50ed2f6122c25e12b07caaefcc2fc03ea9746e12c04fce858aa44e7beab33103,sheet1:R6,,,
535c1153344e5b38-sheet1-R6,2026-04-06,busan-suyeong,행정지원과,(주)부산은행(온누리상품권),[일상경비]4월 직원 생일 축하 격려 온누리상품권 구입(카드결제),1080000,535c1153344e5b38b6ee3a27346e30bf24ea2693f9528ac95054d85e0c10248f,sheet1:R6,,,
535c1153344e5b38-sheet1-R7,2026-04-06,busan-suyeong,행정지원과,쑥당,수영동 행정복지센터 임시동사 이전 노고격려 간식 구입,160000,535c1153344e5b38b6ee3a27346e30bf24ea2693f9528ac95054d85e0c10248f,sheet1:R7,,,
050fecb5f6a1016d-sheet1-R6,2026-04-01,busan-suyeong,건축과,장수장,건축과(공공건축계) 업무추진 노고 격려 간담회,68000,050fecb5f6a1016dd53fa9d8ac58572f13e69252954b2eabfa93b8a6610e357f,sheet1:R6,,,
59a0831e049fbfbb-sheet1-R6,2026-04-11,busan-suyeong,행정문화국장,노모어피자,광안리M드론라이트쇼 업무추진 노고격려 간담회,150000,59a0831e049fbfbbc2799d23cdb8612fec24f6fa2a918dd15db536c0e5f1cac7,sheet1:R6,,,
59a0831e049fbfbb-sheet1-R7,2026-04-24,busan-suyeong,행정문화국장,예옌,축제 및 문화스포츠 행사개최 관련 논의 간담회,480000,59a0831e049fbfbbc2799d23cdb8612fec24f6fa2a918dd15db536c0e5f1cac7,sheet1:R7,,,
59a0831e049fbfbb-sheet1-R8,2026-04-29,busan-suyeong,행정문화국장,지마트,행정문화국 과장회의 다과구입,33000,59a0831e049fbfbbc2799d23cdb8612fec24f6fa2a918dd15db536c0e5f1cac7,sheet1:R8,,,
59a0831e049fbfbb-sheet1-R9,2026-04-09,busan-suyeong,행정문화국장,느린마을양조장,수영문화원 운영 및 활성화 방안논의 간담회,140000,59a0831e049fbfbbc2799d23cdb8612fec24f6fa2a918dd15db536c0e5f1cac7,sheet1:R9,,,
3a5b23af8d3f65bc-sheet1-R6,2026-04-01,busan-suyeong,부구청장,브라운 필드,정책회의 다과구입,31200,3a5b23af8d3f65bc899776cd1ee196a54ffd3ef1e6ca4a3342bd4bdbe13b2f76,sheet1:R6,,,
3a5b23af8d3f65bc-sheet1-R7,2026-04-02,busan-suyeong,부구청장,경례대구뽈찜,정책회의 운영 간부공무원 현안업무 논의 및 간담회,165000,3a5b23af8d3f65bc899776cd1ee196a54ffd3ef1e6ca4a3342bd4bdbe13b2f76,sheet1:R7,,,
3a5b23af8d3f65bc-sheet1-R8,2026-04-03,busan-suyeong,부구청장,푸실,문화예술과 현안보고 및 조직운영에 관한 논의 간담회,120000,3a5b23af8d3f65bc899776cd1ee196a54ffd3ef1e6ca4a3342bd4bdbe13b2f76,sheet1:R8,,,
3a5b23af8d3f65bc-sheet1-R10,2026-04-07,busan-suyeong,부구청장,진곰탕진해장,선거업무 추진 계획 논의 간담회,270000,3a5b23af8d3f65bc899776cd1ee196a54ffd3ef1e6ca4a3342bd4bdbe13b2f76,sheet1:R10,,,
3a5b23af8d3f65bc-sheet1-R11,2026-04-07,busan-suyeong,부구청장,메가마트,부구청장 내방객 비서실 다과구입,121390,3a5b23af8d3f65bc899776cd1ee196a54ffd3ef1e6ca4a3342bd4bdbe13b2f76,sheet1:R11,,,
3a5b23af8d3f65bc-sheet1-R12,2026-04-08,busan-suyeong,부구청장,남천청과,부구청장 비서실 과일구입,18000,3a5b23af8d3f65bc899776cd1ee196a54ffd3ef1e6ca4a3342bd4bdbe13b2f76,sheet1:R12,,,
3a5b23af8d3f65bc-sheet1-R13,2026-04-08,busan-suyeong,부구청장,숯불생선구이이공이,세무2과 현안보고 및 조직운영에 관한 논의 간담회,148000,3a5b23af8d3f65bc899776cd1ee196a54ffd3ef1e6ca4a3342bd4bdbe13b2f76,sheet1:R13,,,
3a5b23af8d3f65bc-sheet1-R14,2026-04-15,busan-suyeong,부구청장,브라운 필드,정책회의 다과구입,26000,3a5b23af8d3f65bc899776cd1ee196a54ffd3ef1e6ca4a3342bd4bdbe13b2f76,sheet1:R14,,,
3a5b23af8d3f65bc-sheet1-R15,2026-04-15,busan-suyeong,부구청장,아마,관광스포츠과 현안보고 및 조직운영에 관한 논의 간담회,125000,3a5b23af8d3f65bc899776cd1ee196a54ffd3ef1e6ca4a3342bd4bdbe13b2f76,sheet1:R15,,,
3a5b23af8d3f65bc-sheet1-R16,2026-04-17,busan-suyeong,부구청장,페로어페로,민원여권과 현안보고 및 조직운영에 관한 논의 간담회,125000,3a5b23af8d3f65bc899776cd1ee196a54ffd3ef1e6ca4a3342bd4bdbe13b2f76,sheet1:R16,,,
3a5b23af8d3f65bc-sheet1-R17,2026-04-17,busan-suyeong,부구청장,소드레,환경위생과 현안보고 및 조직운영에 관한 논의 간담회,150000,3a5b23af8d3f65bc899776cd1ee196a54ffd3ef1e6ca4a3342bd4bdbe13b2f76,sheet1:R17,,,
3a5b23af8d3f65bc-sheet1-R18,2026-04-21,busan-suyeong,부구청장,정식당,자원순환과 현안보고 및 조직운영에 관한 논의 간담회,120000,3a5b23af8d3f65bc899776cd1ee196a54ffd3ef1e6ca4a3342bd4bdbe13b2f76,sheet1:R18,,,
3a5b23af8d3f65bc-sheet1-R19,2026-04-23,busan-suyeong,부구청장,남천청과,부구청장 비서실 과일구입,15500,3a5b23af8d3f65bc899776cd1ee196a54ffd3ef1e6ca4a3342bd4bdbe13b2f76,sheet1:R19,,,
3a5b23af8d3f65bc-sheet1-R20,2026-04-24,busan-suyeong,부구청장,홍옥당,어방축제 준비 직원 노고격려 간식구입,165000,3a5b23af8d3f65bc899776cd1ee196a54ffd3ef1e6ca4a3342bd4bdbe13b2f76,sheet1:R20,,,
3a5b23af8d3f65bc-sheet1-R21,2026-04-27,busan-suyeong,부구청장,정식당,교통행정과 현안보고 및 조직운영에 관한 논의 간담회,149000,3a5b23af8d3f65bc899776cd1ee196a54ffd3ef1e6ca4a3342bd4bdbe13b2f76,sheet1:R21,,,
3a5b23af8d3f65bc-sheet1-R22,2026-04-27,busan-suyeong,부구청장,개인(성명 비공개),소속 상근 직원에 대한 경조사비 지급,150000,3a5b23af8d3f65bc899776cd1ee196a54ffd3ef1e6ca4a3342bd4bdbe13b2f76,sheet1:R22,,,
3a5b23af8d3f65bc-sheet1-R23,2026-04-29,busan-suyeong,부구청장,개인(성명 비공개),소속 상근 직원에 대한 경조사비 지급,50000,3a5b23af8d3f65bc899776cd1ee196a54ffd3ef1e6ca4a3342bd4bdbe13b2f76,sheet1:R23,,,
3a5b23af8d3f65bc-sheet1-R24,2026-04-29,busan-suyeong,부구청장,남천삼계탕,평생학습과 현안보고 및 조직운영에 관한 논의 간담회,85000,3a5b23af8d3f65bc899776cd1ee196a54ffd3ef1e6ca4a3342bd4bdbe13b2f76,sheet1:R24,,,
3a5b23af8d3f65bc-sheet1-R25,2026-04-30,busan-suyeong,부구청장,오지테이블,임시회 개최 관련 주요현안 논의 간담회,200000,3a5b23af8d3f65bc899776cd1ee196a54ffd3ef1e6ca4a3342bd4bdbe13b2f76,sheet1:R25,,,
3a5b23af8d3f65bc-sheet1-R26,2026-04-30,busan-suyeong,부구청장,진곰탕 진해장,제264회 임시회 관련 부서장 간담회,251000,3a5b23af8d3f65bc899776cd1ee196a54ffd3ef1e6ca4a3342bd4bdbe13b2f76,sheet1:R26,,,
3a5b23af8d3f65bc-sheet1-R27,2026-04-01,busan-suyeong,부구청장,노랑통닭,광안리M드론라이트쇼 글로벌 국가대표 SNS홍보단 추진논의 간담회,270000,3a5b23af8d3f65bc899776cd1ee196a54ffd3ef1e6ca4a3342bd4bdbe13b2f76,sheet1:R27,,,
3a5b23af8d3f65bc-sheet1-R28,2026-04-02,busan-suyeong,부구청장,타블도트,문화예술시설 및 콘텐츠 개발을 위한 간담회,93500,3a5b23af8d3f65bc899776cd1ee196a54ffd3ef1e6ca4a3342bd4bdbe13b2f76,sheet1:R28,,,
3a5b23af8d3f65bc-sheet1-R29,2026-04-13,busan-suyeong,부구청장,귀희한식,도시정비 및 환경개선 추진논의 간담회,300000,3a5b23af8d3f65bc899776cd1ee196a54ffd3ef1e6ca4a3342bd4bdbe13b2f76,sheet1:R29,,,
3a5b23af8d3f65bc-sheet1-R30,2026-04-09,busan-suyeong,부구청장,홍유단,시 구간 업무교류 및 협력구축을 위한 간담회,160000,3a5b23af8d3f65bc899776cd1ee196a54ffd3ef1e6ca4a3342bd4bdbe13b2f76,sheet1:R30,,,
3a5b23af8d3f65bc-sheet1-R31,2026-04-14,busan-suyeong,부구청장,방파제,문화도시 사업추진 및 신규사업 발굴 논의 간담회,311000,3a5b23af8d3f65bc899776cd1ee196a54ffd3ef1e6ca4a3342bd4bdbe13b2f76,sheet1:R31,,,
3a5b23af8d3f65bc-sheet1-R32,2026-04-15,busan-suyeong,부구청장,귀희한식,퇴직간부 공무원과의 구정자문 간담회,300000,3a5b23af8d3f65bc899776cd1ee196a54ffd3ef1e6ca4a3342bd4bdbe13b2f76,sheet1:R32,,,
52852669536dc137-sheet1-R6,2026-04-01,busan-suyeong,교통행정과,관내식당,교통안전 유관기관 업무협의 간담회,330000,52852669536dc1379edda6c0815446db7a5d40552a385bf04b32b982d6a76840,sheet1:R6,,,
52852669536dc137-sheet1-R7,2026-04-07,busan-suyeong,교통행정과,JC할인마트,부서 운영물품 구입(카드결제),187900,52852669536dc1379edda6c0815446db7a5d40552a385bf04b32b982d6a76840,sheet1:R7,,,
52852669536dc137-sheet1-R8,2026-04-15,busan-suyeong,교통행정과,관내식당,자동차관리사업체 합동점검을 위한 간담회,480000,52852669536dc1379edda6c0815446db7a5d40552a385bf04b32b982d6a76840,sheet1:R8,,,
214591cc18f88583-sheet1-R6,2026-04-06,busan-suyeong,보건행정과,고성범연탄구이,보건소 정기종합감사 수검 직원 노고 격려 간담회 개최,146000,214591cc18f885835cabe99e5934b6d873a6571370795ef390f7156383b93d04,sheet1:R6,,,
214591cc18f88583-sheet1-R7,2026-04-22,busan-suyeong,보건행정과,쿠팡,소장실 내방객 커피(캡슐) 구입(카드결제),73410,214591cc18f885835cabe99e5934b6d873a6571370795ef390f7156383b93d04,sheet1:R7,,,
214591cc18f88583-sheet1-R8,2026-04-28,busan-suyeong,보건행정과,건강증진과장,소속 상근직원에 대한 경조사비 지출,50000,214591cc18f885835cabe99e5934b6d873a6571370795ef390f7156383b93d04,sheet1:R8,,,
214591cc18f88583-sheet1-R9,2026-04-30,busan-suyeong,보건행정과,푸룻,현안업무 추진을 위한 직원격려 간담회 개최,45500,214591cc18f885835cabe99e5934b6d873a6571370795ef390f7156383b93d04,sheet1:R9,,,
0443a82769c25b63-sheet1-R6,2026-04-07,busan-suyeong,토지정보과,미락뽈락,2026.1.1.기준 개별공시지가 의견제출필지 논의 간담회,80000,0443a82769c25b63dec765ff724a8f571284ff32b26550ce06f0cd7209f7470b,sheet1:R6,,,
0443a82769c25b63-sheet1-R7,2026-04-21,busan-suyeong,토지정보과,대가숯불장어구이,2026.1.1.기준 개별공시지가 결정을 위한 부동산가격공시위원회 심의 결과 간담회,186000,0443a82769c25b63dec765ff724a8f571284ff32b26550ce06f0cd7209f7470b,sheet1:R7,,,
225e9e6fbdb8ca9b-sheet1-R6,2026-04-01,busan-suyeong,남천1동,광덕상회,남천1동 주민자치위원회 업무 협의 간담회,290000,225e9e6fbdb8ca9bc219074ee902c976e07f383035ad17d3e9237922cf7579c7,sheet1:R6,,,
225e9e6fbdb8ca9b-sheet1-R7,2026-04-14,busan-suyeong,남천1동,삼진식품㈜,자매결연지 방문 기념품 구입,475000,225e9e6fbdb8ca9bc219074ee902c976e07f383035ad17d3e9237922cf7579c7,sheet1:R7,,,
225e9e6fbdb8ca9b-sheet1-R8,2026-04-17,busan-suyeong,남천1동,시엘로,새마을지도자남천1동협의회 환경정비 격려 다과 구입,27000,225e9e6fbdb8ca9bc219074ee902c976e07f383035ad17d3e9237922cf7579c7,sheet1:R8,,,
225e9e6fbdb8ca9b-sheet1-R9,2026-04-24,busan-suyeong,남천1동,카페 휘낭시에 옵스,내방객 다과 구입,60600,225e9e6fbdb8ca9bc219074ee902c976e07f383035ad17d3e9237922cf7579c7,sheet1:R9,,,
d2a130761fce5fa6-sheet1-R6,2026-04-23,busan-suyeong,도시공원과,부갈집,도로환경정비 관계자 노고 격려 간담회 개최,390000,d2a130761fce5fa62013bf6ab89bf6cdee8ad5bfeaf7d06f3c0e64b5459f7df0,sheet1:R6,,,
e43300b21e4a707b-sheet1-R4,2026-04-02,busan-suyeong,광안1동,으뜸원장어구이,지역사회보장협의체(엄지마을 척척 빨래방) 노고 격려 간담회,88000,e43300b21e4a707b3adbe8b89130083371e46cbdbd0dcfc6b6e6cf23f87284aa,sheet1:R4,,,
9153a6da18457fcb-sheet1-R6,2026-04-08,busan-suyeong,일자리경제과,쿠팡,부서운영 간식 등 구입(카드결제),79750,9153a6da18457fcb4cc7d041e9f5a25e29243b5f87c48d94c5bbfc2be371bd0a,sheet1:R6,,,
9153a6da18457fcb-sheet1-R7,2026-04-23,busan-suyeong,일자리경제과,쿠팡,부서운영 간식 등 구입(카드결제),103140,9153a6da18457fcb4cc7d041e9f5a25e29243b5f87c48d94c5bbfc2be371bd0a,sheet1:R7,,,
fe8962bcd6611fa4-sheet1-R6,2026-04-09,busan-suyeong,일자리경제과,노랑통닭 광안시장점,청년정책계 공모사업의 원할한 추진을 위한 업무간담회 개최,300000,fe8962bcd6611fa4e36802110bef7ec3e269c8b8fd155004158da9d42d971508,sheet1:R6,,,
fe8962bcd6611fa4-sheet1-R7,2026-04-09,busan-suyeong,일자리경제과,신센,스마트도시과 현안업무 추진 직원 노고 격려를 위한 간담회 개최,61500,fe8962bcd6611fa4e36802110bef7ec3e269c8b8fd155004158da9d42d971508,sheet1:R7,,,
fe8962bcd6611fa4-sheet1-R8,2026-04-23,busan-suyeong,일자리경제과,박성환돈까스 남천점,평생교육과 현안업무 추진 직원 노고 격려를 위한 간담회 개최,73000,fe8962bcd6611fa4e36802110bef7ec3e269c8b8fd155004158da9d42d971508,sheet1:R8,,,
b3aa255f87dc13d2-sheet1-R6,2026-04-03,busan-suyeong,남천2동,남천삼계탕,직원 노고 격려 간담회 개최,102000,b3aa255f87dc13d2241140752ba4d5b01f39585fd4e74191f0028a0c9d485ce6,sheet1:R6,,,
b3aa255f87dc13d2-sheet1-R7,2026-04-07,busan-suyeong,남천2동,청사옥 옥이보리밥,적십자 봉사자 노고 격려 간담회 개최,80000,b3aa255f87dc13d2241140752ba4d5b01f39585fd4e74191f0028a0c9d485ce6,sheet1:R7,,,
db77bf92ffe53cfc-sheet1-R6,2026-04-06,busan-suyeong,안전관리과,푸룻,국민 안전교육 실태점검 관련 회의 다과 구입,32000,db77bf92ffe53cfca6e8161ddef08674bb20b03e798f74aeaf64f0713a7f9d11,sheet1:R6,,,
db77bf92ffe53cfc-sheet1-R7,2026-04-14,busan-suyeong,안전관리과,쿠팡,부서 간식 구매,83880,db77bf92ffe53cfca6e8161ddef08674bb20b03e798f74aeaf64f0713a7f9d11,sheet1:R7,,,
db77bf92ffe53cfc-sheet1-R8,2026-04-14,busan-suyeong,안전관리과,콩스콩스,부서운영 커피원두 구매,129000,db77bf92ffe53cfca6e8161ddef08674bb20b03e798f74aeaf64f0713a7f9d11,sheet1:R8,,,
29a7e0d8b3eaf9ba-sheet1-R6,2026-04-10,busan-suyeong,안전도시국,순쌀빵,CCTV 관제요원 등 관련 업무 근로자 노고격려 간식 구입 건의,200000,29a7e0d8b3eaf9ba9708911ceb1a86a7dce70835ecb9998cfead5477eb2db810,sheet1:R6,,,
29a7e0d8b3eaf9ba-sheet1-R7,2026-04-20,busan-suyeong,안전도시국,청송양곱창,현안업무 추진에 따른 시 관계자와의 간담회 개최,320000,29a7e0d8b3eaf9ba9708911ceb1a86a7dce70835ecb9998cfead5477eb2db810,sheet1:R7,,,
b126d9c929d7ae4d-sheet1-R4,2026-04-08,busan-suyeong,복지환경국장,다미복국,2026년 상반기 출산 및 보육사업 추진 직원 격려,126000,b126d9c929d7ae4ded92d2c2bb337839f4eff26b223bd3aa5ca35d0a67dd43c1,sheet1:R4,,,
b126d9c929d7ae4d-sheet1-R5,2026-04-08,busan-suyeong,복지환경국장,-,소속 상근직원에 대한 경조사비 지급,50000,b126d9c929d7ae4ded92d2c2bb337839f4eff26b223bd3aa5ca35d0a67dd43c1,sheet1:R5,,,
b126d9c929d7ae4d-sheet1-R6,2026-04-08,busan-suyeong,복지환경국장,-,소속 상근직원에 대한 경조사비 지급,50000,b126d9c929d7ae4ded92d2c2bb337839f4eff26b223bd3aa5ca35d0a67dd43c1,sheet1:R6,,,
b126d9c929d7ae4d-sheet1-R7,2026-04-09,busan-suyeong,복지환경국장,남천삼계탕,현안업무 추진 노고 격려 간담회 개최,239000,b126d9c929d7ae4ded92d2c2bb337839f4eff26b223bd3aa5ca35d0a67dd43c1,sheet1:R7,,,
b126d9c929d7ae4d-sheet1-R8,2026-04-21,busan-suyeong,복지환경국장,-,소속 상근직원에 대한 경조사비 지급,100000,b126d9c929d7ae4ded92d2c2bb337839f4eff26b223bd3aa5ca35d0a67dd43c1,sheet1:R8,,,
b126d9c929d7ae4d-sheet1-R9,2026-04-27,busan-suyeong,복지환경국장,-,소속 상근직원에 대한 경조사비 지급,50000,b126d9c929d7ae4ded92d2c2bb337839f4eff26b223bd3aa5ca35d0a67dd43c1,sheet1:R9,,,
15d023d84afa9fd4-sheet1-R5,2026-04-03,busan-suyeong,민락동,부산은행,2026년 4월 직원 생일 격려품 구입(카드결제),60000,15d023d84afa9fd45d526c4f3a20352572225d5c5a063de44889c290b26efc7f,sheet1:R5,,,
15d023d84afa9fd4-sheet1-R6,2026-04-13,busan-suyeong,민락동,신라횟집,동정 업무협의를 위한 유관기관 간담회(카드결제),168000,15d023d84afa9fd45d526c4f3a20352572225d5c5a063de44889c290b26efc7f,sheet1:R6,,,
15d023d84afa9fd4-sheet1-R7,2026-04-16,busan-suyeong,민락동,"자이마트, 영아떡방",동사 내방객 다과 등 구입(카드결제),329600,15d023d84afa9fd45d526c4f3a20352572225d5c5a063de44889c290b26efc7f,sheet1:R7,,,
580d37ed987096a1-sheet1-R6,2026-04-02,busan-suyeong,망미2동,토곡식육 식당,동행정 업무추진을 위한 단체장 간담회 개최,218500,580d37ed987096a1ff8f02007331eb4457efd6c9a7d41a8eda9b3055c00d4ffc,sheet1:R6,,,
580d37ed987096a1-sheet1-R7,2026-04-06,busan-suyeong,망미2동,샤브올데이 부산수영점,직원 노고 격려 간담회 개최,431200,580d37ed987096a1ff8f02007331eb4457efd6c9a7d41a8eda9b3055c00d4ffc,sheet1:R7,,,
77ad4c0a595be1a4-sheet1-R6,2026-04-07,busan-suyeong,기획감사실,쿠팡,"부서 직원용 간식, 음료 구입",180070,77ad4c0a595be1a449d6a27d3fa3d8733a86863f1ac970e2132ae06ff65fefc7,sheet1:R6,,,
77ad4c0a595be1a4-sheet1-R7,2026-04-07,busan-suyeong,기획감사실,쿠팡,2026년 제1회 출자출연 기관운영심의위원회 다과 등 구입,11350,77ad4c0a595be1a449d6a27d3fa3d8733a86863f1ac970e2132ae06ff65fefc7,sheet1:R7,,,
77ad4c0a595be1a4-sheet1-R8,2026-04-08,busan-suyeong,기획감사실,푸릇,2026년 제1회 출자출연 기관운영심의위원회 다과 등 구입,60000,77ad4c0a595be1a449d6a27d3fa3d8733a86863f1ac970e2132ae06ff65fefc7,sheet1:R8,,,
fd039c868cf20d63-sheet1-R6,2026-04-07,busan-suyeong,광안4동,㈜부산은행(온누리상품권),상반기 직원 생일 온누리상품권 구입,180000,fd039c868cf20d63ccb1e51ec65ce376d5d6feadea1f9058759d8e9c59cd08d3,sheet1:R6,,,
02fcb470ceef96e9-sheet1-R6,2026-04-10,busan-suyeong,문화예술과,문화식당,「Suyeong in Seongsu」사업 추진을 위한 간담회 개최 건의,147000,02fcb470ceef96e9bc6208ae96a8ece5da3e906c61572f864d0654d812ef6fb4,sheet1:R6,,,
02fcb470ceef96e9-sheet1-R7,2026-04-17,busan-suyeong,문화예술과,수영원예,2026년 안용복장군 향사 추모화환 구입,100000,02fcb470ceef96e9bc6208ae96a8ece5da3e906c61572f864d0654d812ef6fb4,sheet1:R7,,,
02fcb470ceef96e9-sheet1-R8,2026-04-16,busan-suyeong,문화예술과,밝은달,글로벌 팝업사절단 추진 논의 관외출장(간담회) 개최,193000,02fcb470ceef96e9bc6208ae96a8ece5da3e906c61572f864d0654d812ef6fb4,sheet1:R8,,,
02fcb470ceef96e9-sheet1-R9,2026-04-28,busan-suyeong,문화예술과,퇴근길횟집,밀락문화캠핑 운영 관련 업무논의 간담회 개최,160000,02fcb470ceef96e9bc6208ae96a8ece5da3e906c61572f864d0654d812ef6fb4,sheet1:R9,,,
878728f32408bfb0-sheet1-R6,2026-04-15,busan-suyeong,세무2과,히로,상반기 지방세 운영 현안 논의를 위한 간담회 개최 건의,273000,878728f32408bfb02add570e37117b1b85d8a77e74e3f800d60236c19eba1a83,sheet1:R6,,,
878728f32408bfb0-sheet1-R7,2026-04-21,busan-suyeong,세무2과,무궁화식당,부동산가격공시위원회 운영 노고 격려 간담회 건의,278000,878728f32408bfb02add570e37117b1b85d8a77e74e3f800d60236c19eba1a83,sheet1:R7,,,
386a52384a6f966a-sheet1-R6,2026-04-06,busan-suyeong,광안3동,네이버파이낸셜㈜,내방객 접대용 음료 구입,64900,386a52384a6f966aa13d8e0dd1697880eb1d537893830d0ba6f627f2fbb21ada,sheet1:R6,,,
386a52384a6f966a-sheet1-R7,2026-04-21,busan-suyeong,광안3동,원미당 베이커리,부서 운영 간식 구입,200000,386a52384a6f966aa13d8e0dd1697880eb1d537893830d0ba6f627f2fbb21ada,sheet1:R7,,,
b375cb13c67156e8-sheet1-R6,2026-03-09,busan-suyeong,망미1동,민들레식당(망미동),주거지전용주차장 위탁관리단체 간담회,93000,b375cb13c67156e8b2e6934e484d0656a133d9a3ddc4b131b42218053a8e0052,sheet1:R6,,,
d6168195be192148-sheet1-R6,2026-03-03,busan-suyeong,행정문화국장,식복돼지국밥,수영구전통달집놀이 행사 추진 논의 간담회,82000,d6168195be192148a4663dc166e7b62d276a141eaef7f5cd252cfff7ecdaf482,sheet1:R6,,,
d6168195be192148-sheet1-R7,2026-03-03,busan-suyeong,행정문화국장,토곡팡,수영구전통달집놀이 행사 추진 논의 간담회,35100,d6168195be192148a4663dc166e7b62d276a141eaef7f5cd252cfff7ecdaf482,sheet1:R7,,,
d6168195be192148-sheet1-R8,2026-03-19,busan-suyeong,행정문화국장,무궁화식당,수영구민SUP대회 추진논의 간담회,100000,d6168195be192148a4663dc166e7b62d276a141eaef7f5cd252cfff7ecdaf482,sheet1:R8,,,
d6168195be192148-sheet1-R9,2026-03-25,busan-suyeong,행정문화국장,개인(성명 비공개),소속 상근직원에 대한 경조사비 지원,50000,d6168195be192148a4663dc166e7b62d276a141eaef7f5cd252cfff7ecdaf482,sheet1:R9,,,
d6168195be192148-sheet1-R10,2026-03-24,busan-suyeong,행정문화국장,게스후광안주막,광안리 해변 행사 추진 논의 간담회,204000,d6168195be192148a4663dc166e7b62d276a141eaef7f5cd252cfff7ecdaf482,sheet1:R10,,,
3c4d482ac7746c0c-sheet1-R6,2026-03-02,busan-suyeong,부구청장,김연수순쌀빵,축제 행사 안전관리 추진 유관기관 노고격려 간식구입,100000,3c4d482ac7746c0c2e94fefdf3fc0094edce2afdc2b99c1a1d6b8074511a6309,sheet1:R6,,,
3c4d482ac7746c0c-sheet1-R7,2026-03-03,busan-suyeong,부구청장,남천청과,부구청장 비서실 내방객 다과구입,24500,3c4d482ac7746c0c2e94fefdf3fc0094edce2afdc2b99c1a1d6b8074511a6309,sheet1:R7,,,
3c4d482ac7746c0c-sheet1-R8,2026-03-04,busan-suyeong,부구청장,개인(성명 비공개),소속 상근 직원에 대한 경조사비 지급,150000,3c4d482ac7746c0c2e94fefdf3fc0094edce2afdc2b99c1a1d6b8074511a6309,sheet1:R8,,,
3c4d482ac7746c0c-sheet1-R9,2026-03-09,busan-suyeong,부구청장,푸실,미래전략국 업무보고 간담회,228000,3c4d482ac7746c0c2e94fefdf3fc0094edce2afdc2b99c1a1d6b8074511a6309,sheet1:R9,,,
3c4d482ac7746c0c-sheet1-R10,2026-03-13,busan-suyeong,부구청장,금강복아구,행정문화국 업무보고 간담회,280000,3c4d482ac7746c0c2e94fefdf3fc0094edce2afdc2b99c1a1d6b8074511a6309,sheet1:R10,,,
3c4d482ac7746c0c-sheet1-R12,2026-03-18,busan-suyeong,부구청장,개인(성명 비공개),소속 상근 직원에 대한 경조사비 지급,100000,3c4d482ac7746c0c2e94fefdf3fc0094edce2afdc2b99c1a1d6b8074511a6309,sheet1:R12,,,
3c4d482ac7746c0c-sheet1-R13,2026-03-18,busan-suyeong,부구청장,비비재,평생교육과 주요현안 및 조직운영 관련 논의 간담회,85000,3c4d482ac7746c0c2e94fefdf3fc0094edce2afdc2b99c1a1d6b8074511a6309,sheet1:R13,,,
3c4d482ac7746c0c-sheet1-R14,2026-03-19,busan-suyeong,부구청장,오복미역,기획감사실 주요현안 및 조직운영 관련 논의 간담회,142000,3c4d482ac7746c0c2e94fefdf3fc0094edce2afdc2b99c1a1d6b8074511a6309,sheet1:R14,,,
3c4d482ac7746c0c-sheet1-R15,2026-03-20,busan-suyeong,부구청장,무궁화식당,일자리경제과 주요현안 및 조직운영 관련 논의 간담회,141000,3c4d482ac7746c0c2e94fefdf3fc0094edce2afdc2b99c1a1d6b8074511a6309,sheet1:R15,,,
3c4d482ac7746c0c-sheet1-R16,2026-03-24,busan-suyeong,부구청장,남천청과,부구청장 비서실 내방객 다과구입,27000,3c4d482ac7746c0c2e94fefdf3fc0094edce2afdc2b99c1a1d6b8074511a6309,sheet1:R16,,,
3c4d482ac7746c0c-sheet1-R17,2026-03-25,busan-suyeong,부구청장,미야아트,방문기념품 구입,480700,3c4d482ac7746c0c2e94fefdf3fc0094edce2afdc2b99c1a1d6b8074511a6309,sheet1:R17,,,
3c4d482ac7746c0c-sheet1-R18,2026-03-25,busan-suyeong,부구청장,개인(성명 비공개),소속 상근 직원에 대한 경조사비 지급,100000,3c4d482ac7746c0c2e94fefdf3fc0094edce2afdc2b99c1a1d6b8074511a6309,sheet1:R18,,,
3c4d482ac7746c0c-sheet1-R19,2026-03-25,busan-suyeong,부구청장,고배 규카츠,스마트도시과 주요현안 및 조직운영 관련 논의 간담회,115000,3c4d482ac7746c0c2e94fefdf3fc0094edce2afdc2b99c1a1d6b8074511a6309,sheet1:R19,,,
3c4d482ac7746c0c-sheet1-R20,2026-03-27,busan-suyeong,부구청장,동화대반점,재무과 주요현안 및 조직운영 관련 논의 간담회,125000,3c4d482ac7746c0c2e94fefdf3fc0094edce2afdc2b99c1a1d6b8074511a6309,sheet1:R20,,,
3c4d482ac7746c0c-sheet1-R21,2026-03-30,busan-suyeong,부구청장,다미복국,행정지원과 주요현안 및 조직운영 관련 논의 간담회,147000,3c4d482ac7746c0c2e94fefdf3fc0094edce2afdc2b99c1a1d6b8074511a6309,sheet1:R21,,,
3c4d482ac7746c0c-sheet1-R22,2026-03-30,busan-suyeong,부구청장,부산수영자활센터,행정지원과 주요현안 및 조직운영 관련 논의 간담회,9000,3c4d482ac7746c0c2e94fefdf3fc0094edce2afdc2b99c1a1d6b8074511a6309,sheet1:R22,,,
3c4d482ac7746c0c-sheet1-R23,2026-03-31,busan-suyeong,부구청장,개인(성명 비공개),소속 상근 직원에 대한 경조사비 지급,50000,3c4d482ac7746c0c2e94fefdf3fc0094edce2afdc2b99c1a1d6b8074511a6309,sheet1:R23,,,
3c4d482ac7746c0c-sheet1-R24,2026-03-05,busan-suyeong,부구청장,메이리연,수질환경보전 업무추진을 위한 간담회,490000,3c4d482ac7746c0c2e94fefdf3fc0094edce2afdc2b99c1a1d6b8074511a6309,sheet1:R24,,,
3c4d482ac7746c0c-sheet1-R25,2026-03-13,busan-suyeong,부구청장,그집갈비탕,시 구간 업무교류 및 현안사항 협의 간담회,450000,3c4d482ac7746c0c2e94fefdf3fc0094edce2afdc2b99c1a1d6b8074511a6309,sheet1:R25,,,
3c4d482ac7746c0c-sheet1-R26,2026-03-17,busan-suyeong,부구청장,사미헌,정신건강 사업 추진 논의 간담회,330000,3c4d482ac7746c0c2e94fefdf3fc0094edce2afdc2b99c1a1d6b8074511a6309,sheet1:R26,,,
3c4d482ac7746c0c-sheet1-R27,2026-03-26,busan-suyeong,부구청장,메이리 연,미세먼지 저감 등 대기환경보전 업무추진 간담회,385000,3c4d482ac7746c0c2e94fefdf3fc0094edce2afdc2b99c1a1d6b8074511a6309,sheet1:R27,,,
1ed97706f1431aaf-sheet1-R6,2026-03-05,busan-suyeong,행정지원과,(주)부산은행(온누리상품권),[일상경비]3월 직원 생일 축하 격려 온누리상품권 구입(카드결제),1650000,1ed97706f1431aafac6c476a582b67192da15db576d4461384ba1c0b9cef023c,sheet1:R6,,,
1ed97706f1431aaf-sheet1-R7,2026-03-19,busan-suyeong,행정지원과,박만배아리랑보쌈 광안리점,수영구체육회 현안업무 추진 논의 간담회 개최,253000,1ed97706f1431aafac6c476a582b67192da15db576d4461384ba1c0b9cef023c,sheet1:R7,,,
1ed97706f1431aaf-sheet1-R8,2026-03-27,busan-suyeong,행정지원과,쿠팡(주),[일상경비] 부서 운영 다과 구입(카드결제),121540,1ed97706f1431aafac6c476a582b67192da15db576d4461384ba1c0b9cef023c,sheet1:R8,,,
9f6e72c82e2570db-sheet1-R6,2026-03-06,busan-suyeong,건축과,이낙에산다,건축과(건축지도계) 업무추진 노고 격려 간담회,69000,9f6e72c82e2570db869ec77218c74531b77127f722cf2f14431683427d4bb3a0,sheet1:R6,,,
9f6e72c82e2570db-sheet1-R7,2026-03-11,busan-suyeong,건축과,헥토파이낸셜_이지피쥐(비),건축과(주택계) 업무추진 노고 격려 간담회,83000,9f6e72c82e2570db869ec77218c74531b77127f722cf2f14431683427d4bb3a0,sheet1:R7,,,
9f6e72c82e2570db-sheet1-R8,2026-03-20,busan-suyeong,건축과,오지테이블,건축과(건축안전센터계) 업무추진 노고 격려 간담회,79400,9f6e72c82e2570db869ec77218c74531b77127f722cf2f14431683427d4bb3a0,sheet1:R8,,,
9f6e72c82e2570db-sheet1-R9,2026-03-20,busan-suyeong,건축과,JC할인마트,제1회 경관위원회 개최 관련 다과 구입,27050,9f6e72c82e2570db869ec77218c74531b77127f722cf2f14431683427d4bb3a0,sheet1:R9,,,
9f6e72c82e2570db-sheet1-R10,2026-03-20,busan-suyeong,건축과,JC할인마트,위원회 개최 관련 다과 구입(지역사회 소비진작을 위한 先결제),250160,9f6e72c82e2570db869ec77218c74531b77127f722cf2f14431683427d4bb3a0,sheet1:R10,,,
f44cce0915e954e3-sheet1-R6,2026-03-09,busan-suyeong,남천2동,박만배 아리랑 보쌈 광안리점,주민자치위원회 임원진과의 간담회 개최,111000,f44cce0915e954e3904b45342593f5026d5675798faaf6e305177be84a278acf,sheet1:R6,,,
f44cce0915e954e3-sheet1-R7,2026-03-11,busan-suyeong,남천2동,씨제이푸드빌㈜빕스부산더블유스퀘어점,지역사회보장협의체 활동 격려 간담회 개최,347900,f44cce0915e954e3904b45342593f5026d5675798faaf6e305177be84a278acf,sheet1:R7,,,
f44cce0915e954e3-sheet1-R8,2026-03-12,busan-suyeong,남천2동,유황돈돼지생오리,새마을부녀회 노고 격려 간담회 개최,200000,f44cce0915e954e3904b45342593f5026d5675798faaf6e305177be84a278acf,sheet1:R8,,,
f44cce0915e954e3-sheet1-R9,2026-03-20,busan-suyeong,남천2동,박만배 아리랑 보쌈 광안리점,새마을문고 활성화 방안 논의 간담회,60000,f44cce0915e954e3904b45342593f5026d5675798faaf6e305177be84a278acf,sheet1:R9,,,
8525e51e1faa0233-sheet1-R6,2026-03-10,busan-suyeong,보건행정과,샘물시원가맹점,소장실 생수 구입(카드결제),59400,8525e51e1faa02335c90cee6d8bb39a24ba2160fc6c4d8ae3575fc21c2c68fb0,sheet1:R6,,,
8525e51e1faa0233-sheet1-R7,2026-03-10,busan-suyeong,보건행정과,송헌집,현안업무 추진을 위한 직원격려 간담회 개최,150000,8525e51e1faa02335c90cee6d8bb39a24ba2160fc6c4d8ae3575fc21c2c68fb0,sheet1:R7,,,
8525e51e1faa0233-sheet1-R8,2026-03-18,busan-suyeong,보건행정과,소속상근직원 정영진,소속 상근직원에 대한 경조사비 지출,50000,8525e51e1faa02335c90cee6d8bb39a24ba2160fc6c4d8ae3575fc21c2c68fb0,sheet1:R8,,,
8525e51e1faa0233-sheet1-R9,2026-03-19,busan-suyeong,보건행정과,쿠팡,직원 다과(커피 등)구입(카드결제),100380,8525e51e1faa02335c90cee6d8bb39a24ba2160fc6c4d8ae3575fc21c2c68fb0,sheet1:R9,,,
8525e51e1faa0233-sheet1-R10,2026-03-20,busan-suyeong,보건행정과,쿠팡,직원 다과 구입(카드결제),20760,8525e51e1faa02335c90cee6d8bb39a24ba2160fc6c4d8ae3575fc21c2c68fb0,sheet1:R10,,,
8525e51e1faa0233-sheet1-R11,2026-03-31,busan-suyeong,보건행정과,쿠팡,부서 음용 차류 구입(카드결제),200530,8525e51e1faa02335c90cee6d8bb39a24ba2160fc6c4d8ae3575fc21c2c68fb0,sheet1:R11,,,
3b4a2b1bebbbeb14-sheet1-R6,2026-03-03,busan-suyeong,건강증진과,홈플러스㈜ 익스프레스광안점,"민락동, 광안2동 하하마을건강센터 1차 실무협의체 다과 구입",43290,3b4a2b1bebbbeb140139652b2bcc7a9f49c64b78dc5b00a01060123a0a76fd98,sheet1:R6,,,
3b4a2b1bebbbeb14-sheet1-R7,2026-03-17,busan-suyeong,건강증진과,홈플러스㈜ 익스프레스광안점,"광안1동, 수영동 하하마을건강센터 실무협의체 다과 구입",35080,3b4a2b1bebbbeb140139652b2bcc7a9f49c64b78dc5b00a01060123a0a76fd98,sheet1:R7,,,
3b4a2b1bebbbeb14-sheet1-R8,2026-03-31,busan-suyeong,건강증진과,슈와게뜨,지역사회중심재활 실무 협의체 다과 구입,100000,3b4a2b1bebbbeb140139652b2bcc7a9f49c64b78dc5b00a01060123a0a76fd98,sheet1:R8,,,
554dc4dfad334539-sheet1-R6,2026-03-17,busan-suyeong,수영동,경희식당,새마을금고 임원진과의 간담회 개최 (카드결제),96000,554dc4dfad33453917dc5fceec2fb03b2179ab7843fbe1ffc21b12db2f6b0348,sheet1:R6,,,
554dc4dfad334539-sheet1-R7,2026-03-23,busan-suyeong,수영동,골목안뜨락,(사)수영고적민속예술보존협회와의 동정 업무 협의를 위한 간담회 개최(카드결제),132000,554dc4dfad33453917dc5fceec2fb03b2179ab7843fbe1ffc21b12db2f6b0348,sheet1:R7,,,
554dc4dfad334539-sheet1-R10,2026-03-20,busan-suyeong,수영동,울타리상회,제27주년 수영동·광의면 청년회 자매결연행사 방문 관련 답례품 구입,600000,554dc4dfad33453917dc5fceec2fb03b2179ab7843fbe1ffc21b12db2f6b0348,sheet1:R10,,,
554dc4dfad334539-sheet1-R11,2026-03-20,busan-suyeong,수영동,동양마트수영점,제27주년 수영동·광의면 청년회 자매결연행사 방문 관련 다과 구입,200000,554dc4dfad33453917dc5fceec2fb03b2179ab7843fbe1ffc21b12db2f6b0348,sheet1:R11,,,
554dc4dfad334539-sheet1-R12,2026-03-22,busan-suyeong,수영동,추억횟집,제27주년 수영동·광의면 청년회 자매결연행사 방문 관련 간담회 개최,1000000,554dc4dfad33453917dc5fceec2fb03b2179ab7843fbe1ffc21b12db2f6b0348,sheet1:R12,,,
20ae42eb58d5da75-sheet1-R6,2026-03-05,busan-suyeong,기획감사실,송원일식,새수영 명예기자회 간담회,340000,20ae42eb58d5da75bb7c13a5e52348e6538c90cd5c5a5a7f165439fe3e553a3a,sheet1:R6,,,
20ae42eb58d5da75-sheet1-R7,2026-03-20,busan-suyeong,기획감사실,파코포코,원활한 신속집행 업무 추진을 위한 논의 간담회,323700,20ae42eb58d5da75bb7c13a5e52348e6538c90cd5c5a5a7f165439fe3e553a3a,sheet1:R7,,,
20ae42eb58d5da75-sheet1-R8,2026-03-25,busan-suyeong,기획감사실,황해도,구정 홍보 업무 추진 논의 간담회,268500,20ae42eb58d5da75bb7c13a5e52348e6538c90cd5c5a5a7f165439fe3e553a3a,sheet1:R8,,,
97a16ec50119af39-sheet1-R6,2026-03-11,busan-suyeong,교통행정과,JC할인마트,부서 운영물품 구입(카드결제),159500,97a16ec50119af39177f56ba008716a0b3e88211c2b2347ee16cf44768aef822,sheet1:R6,,,
fc1dd82afbdd2149-sheet1-R6,2026-03-03,busan-suyeong,안전도시국,-,소속 상근직원에 대한 경조사비 지출,50000,fc1dd82afbdd21490667b4a18e9d266d04a3934e74dfea7c1e86a60844a0bb63,sheet1:R6,,,
fc1dd82afbdd2149-sheet1-R7,2026-03-04,busan-suyeong,안전도시국,-,소속 상근직원에 대한 경조사비 지출,50000,fc1dd82afbdd21490667b4a18e9d266d04a3934e74dfea7c1e86a60844a0bb63,sheet1:R7,,,
fc1dd82afbdd2149-sheet1-R8,2026-03-04,busan-suyeong,안전도시국,송원일식,"봄철 재난,안전 집중신고제 운영 등 업무협조를 위한 간담회 개최 건의",150000,fc1dd82afbdd21490667b4a18e9d266d04a3934e74dfea7c1e86a60844a0bb63,sheet1:R8,,,
fc1dd82afbdd2149-sheet1-R9,2026-03-12,busan-suyeong,안전도시국,-,소속 상근직원에 대한 경조사비 지출,50000,fc1dd82afbdd21490667b4a18e9d266d04a3934e74dfea7c1e86a60844a0bb63,sheet1:R9,,,
fc1dd82afbdd2149-sheet1-R10,2026-03-17,busan-suyeong,안전도시국,우나기 만,건축행정 업무추진에 따른 관계자와의 간담회 개최,84000,fc1dd82afbdd21490667b4a18e9d266d04a3934e74dfea7c1e86a60844a0bb63,sheet1:R10,,,
fc1dd82afbdd2149-sheet1-R11,2026-03-19,busan-suyeong,안전도시국,홍유단,"축제,행사 안전관리 추진 유관기관 노고격려 간담회",282000,fc1dd82afbdd21490667b4a18e9d266d04a3934e74dfea7c1e86a60844a0bb63,sheet1:R11,,,
fc1dd82afbdd2149-sheet1-R12,2026-03-26,busan-suyeong,안전도시국,낚시고기횟집,건축행정 건실화 추진 관련 논의를 위한 간담회 개최,275800,fc1dd82afbdd21490667b4a18e9d266d04a3934e74dfea7c1e86a60844a0bb63,sheet1:R12,,,
fc1dd82afbdd2149-sheet1-R13,2026-03-30,busan-suyeong,안전도시국,가얏골감자탕남천점,현안업무 추진에 따른 시 관계자와의 간담회 개최,460500,fc1dd82afbdd21490667b4a18e9d266d04a3934e74dfea7c1e86a60844a0bb63,sheet1:R13,,,
054c087109a70472-sheet1-R6,2026-03-03,busan-suyeong,안전관리과,"푸룻, 호박가게",재난관리평가단 현장평가회의 다과 구입(카드결제),36000,054c087109a704728a8fb2f02ad298e431b89fe508fbaa7432e1dd0083c28f74,sheet1:R6,,,
054c087109a70472-sheet1-R7,2026-03-19,busan-suyeong,안전관리과,쿠팡,부서운영 간식 등 구입(카드결제),162020,054c087109a704728a8fb2f02ad298e431b89fe508fbaa7432e1dd0083c28f74,sheet1:R7,,,
d1bd5be961cb2695-sheet1-R5,2026-03-03,busan-suyeong,민락동,주식회사자이마트,동사 내방객 다과 등 구입(카드결제),282000,d1bd5be961cb2695bc56939a020e68734a224864bfea1d75beb00d34f5c75745,sheet1:R5,,,
d1bd5be961cb2695-sheet1-R6,2026-03-05,busan-suyeong,민락동,부산은행,2026년 3월 직원 생일 격려품 구입(카드결제),60000,d1bd5be961cb2695bc56939a020e68734a224864bfea1d75beb00d34f5c75745,sheet1:R6,,,
d1bd5be961cb2695-sheet1-R7,2026-03-19,busan-suyeong,민락동,명송오리,동정 업무 협의를 위한 유관단체 간담회(카드결제),480000,d1bd5be961cb2695bc56939a020e68734a224864bfea1d75beb00d34f5c75745,sheet1:R7,,,
ea56daa53a6ef94b-sheet1-R6,2026-03-11,busan-suyeong,일자리경제과,네이버,"부서운영 물품 구입(물병, 카드결제)",14210,ea56daa53a6ef94b041712216534a041446a8050110f78faca5f5d9c7c79d5de,sheet1:R6,,,
ea56daa53a6ef94b-sheet1-R7,2026-03-12,busan-suyeong,일자리경제과,"고기굽는남자 광안리직영점, 텐퍼센트커피 수영구청점",3.9.자 인사발령에 따른 전입직원과의 간담회 개최,227200,ea56daa53a6ef94b041712216534a041446a8050110f78faca5f5d9c7c79d5de,sheet1:R7,,,
ea56daa53a6ef94b-sheet1-R8,2026-03-17,busan-suyeong,일자리경제과,플렌터,청년정책계 업무 추진 직원 노고 격려 간담회 개최,140000,ea56daa53a6ef94b041712216534a041446a8050110f78faca5f5d9c7c79d5de,sheet1:R8,,,
ea56daa53a6ef94b-sheet1-R9,2026-03-25,busan-suyeong,일자리경제과,"한식 김치요리연수고 가연, 토곡팡 남천직영점",일자리창출계 업무 추진 직원 노고 격려 간담회 개최,140900,ea56daa53a6ef94b041712216534a041446a8050110f78faca5f5d9c7c79d5de,sheet1:R9,,,
ea56daa53a6ef94b-sheet1-R10,2026-03-30,busan-suyeong,일자리경제과,쿠팡,부서운영 음료 등 구입(카드결제),33850,ea56daa53a6ef94b041712216534a041446a8050110f78faca5f5d9c7c79d5de,sheet1:R10,,,
ad49d4143a9e0a96-sheet1-R6,2026-03-04,busan-suyeong,일자리경제과,미래전략국장,소속 상근직원에 대한 경조사비 지급,50000,ad49d4143a9e0a967525e1a0d65c9ee12e748c22a3b0d288dbcc1b94f3e3224b,sheet1:R6,,,
ad49d4143a9e0a96-sheet1-R7,2026-03-06,busan-suyeong,일자리경제과,"별무리애프앤비, 에타리",2026년 경성대 글로컬사업 추진 논의 간담회 개최,149000,ad49d4143a9e0a967525e1a0d65c9ee12e748c22a3b0d288dbcc1b94f3e3224b,sheet1:R7,,,
ad49d4143a9e0a96-sheet1-R8,2026-03-10,busan-suyeong,일자리경제과,수영간바지,평생교육 구정시책 추진을 위한 의견 청취 간담회,280000,ad49d4143a9e0a967525e1a0d65c9ee12e748c22a3b0d288dbcc1b94f3e3224b,sheet1:R8,,,
ad49d4143a9e0a96-sheet1-R9,2026-03-19,busan-suyeong,일자리경제과,"선농원, 빽다방 수영구청점",일자리경제과 현안업무 추진 직원 노고격려를 위한 간담회 개최,145700,ad49d4143a9e0a967525e1a0d65c9ee12e748c22a3b0d288dbcc1b94f3e3224b,sheet1:R9,,,
b390c6ec1460b2cb-sheet1-R5,2026-02-26,busan-suyeong,자원순환과,"쿠팡 : 46,701원 네이버 : 17,979원",부서 다과 구입,64680,b390c6ec1460b2cb47bcccd6e1b6f0a170e034fd868539c3359c9f2937667648,sheet1:R5,,,
b390c6ec1460b2cb-sheet1-R6,2026-03-27,busan-suyeong,자원순환과,쿠팡,부서 다과 구입,38470,b390c6ec1460b2cb47bcccd6e1b6f0a170e034fd868539c3359c9f2937667648,sheet1:R6,,,
7f3fcedad282a196-sheet1-R4,2026-03-16,busan-suyeong,복지환경국장,수미식당,희망복지지원 활성화를 위한 간담회 개최,91000,7f3fcedad282a196eff1f669b0cc9819a99b9349cd8e001f39168fc92a6d543d,sheet1:R4,,,
7f3fcedad282a196-sheet1-R5,2026-03-26,busan-suyeong,복지환경국장,미포집,복지환경국 신규 직원과의 간담회 개최,88000,7f3fcedad282a196eff1f669b0cc9819a99b9349cd8e001f39168fc92a6d543d,sheet1:R5,,,
7f3fcedad282a196-sheet1-R6,2026-03-30,busan-suyeong,복지환경국장,-,2026년도 환경공무직 단합대회 격려금 지급,100000,7f3fcedad282a196eff1f669b0cc9819a99b9349cd8e001f39168fc92a6d543d,sheet1:R6,,,
524f657fb4a3dcc3-sheet1-R4,2026-03-10,busan-suyeong,광안1동,고성범연탄구이,적십자봉사회 노고 격려 간담회,207000,524f657fb4a3dcc3cd626e055054513d859f94abc84e3b630fd92b67599a2a0a,sheet1:R4,,,
524f657fb4a3dcc3-sheet1-R5,2026-03-17,busan-suyeong,광안1동,고성범연탄구이,새마을문고광안1동분회 노고 격려 간담회,265500,524f657fb4a3dcc3cd626e055054513d859f94abc84e3b630fd92b67599a2a0a,sheet1:R5,,,
524f657fb4a3dcc3-sheet1-R6,2026-03-17,busan-suyeong,광안1동,두보완당,지역사회보장협의체(엄지마을 척척 빨래방) 노고 격려 간담회,61500,524f657fb4a3dcc3cd626e055054513d859f94abc84e3b630fd92b67599a2a0a,sheet1:R6,,,
e20f070ab582edf0-sheet1-R6,2026-03-11,busan-suyeong,재무과,돼지집,2025회계연도 재무결산의 원활한 추진을 위한 간담회 개최,150000,e20f070ab582edf08b5424f98822c705e970b13ec1b1a155fa53da0bc74d9166,sheet1:R6,,,
e37b7e3152f284dc-sheet1-R6,2026-03-05,busan-suyeong,광안2동,부산은행,입구 현판 슬로건(표어) 공모 시상품 구입,100000,e37b7e3152f284dc86f9c91f5e22af869c28aad09ebae8822e80f093c4ab521c,sheet1:R6,,,
e37b7e3152f284dc-sheet1-R7,2026-03-10,busan-suyeong,광안2동,우정,광안2동 지역사회보장협의체 노고격려 간담회,390000,e37b7e3152f284dc86f9c91f5e22af869c28aad09ebae8822e80f093c4ab521c,sheet1:R7,,,
e37b7e3152f284dc-sheet1-R8,2026-03-16,busan-suyeong,광안2동,목향 민속주점,현업추진 직원 노고 격려 간담회,370000,e37b7e3152f284dc86f9c91f5e22af869c28aad09ebae8822e80f093c4ab521c,sheet1:R8,,,
e37b7e3152f284dc-sheet1-R9,2026-03-18,busan-suyeong,광안2동,윤희횟집,새마을지도자 활성화 방안 논의 간담회,272000,e37b7e3152f284dc86f9c91f5e22af869c28aad09ebae8822e80f093c4ab521c,sheet1:R9,,,
e37b7e3152f284dc-sheet1-R10,2026-03-23,busan-suyeong,광안2동,우정,새마을문고 활성화 방안 논의 간담회,373000,e37b7e3152f284dc86f9c91f5e22af869c28aad09ebae8822e80f093c4ab521c,sheet1:R10,,,
e37b7e3152f284dc-sheet1-R11,2026-03-24,busan-suyeong,광안2동,쿠팡,부서 다과 구입,196890,e37b7e3152f284dc86f9c91f5e22af869c28aad09ebae8822e80f093c4ab521c,sheet1:R11,,,
b5df49d4cf3de9a2-sheet1-R6,2026-03-18,busan-suyeong,망미2동,시골암돼지갈비,망미2동 재향군인회 자율방범대 노고 격려 간담회,200000,b5df49d4cf3de9a2d67e2de55e36b502d0ec9672531ce010b266a3496f73722d,sheet1:R6,,,
4d7a465ecaf7e6ee-sheet1-R6,2026-03-04,busan-suyeong,광안3동,김춘장,주민자치위원회 위원과의 간담회 개최 건의,276000,4d7a465ecaf7e6ee9bfeba32319621b38be01edada01e1ef007539875ba9db52,sheet1:R6,,,
4d7a465ecaf7e6ee-sheet1-R7,2026-03-09,busan-suyeong,광안3동,광안식객,자생단체장 회원과의 간담회 개최 건의,120000,4d7a465ecaf7e6ee9bfeba32319621b38be01edada01e1ef007539875ba9db52,sheet1:R7,,,
4d7a465ecaf7e6ee-sheet1-R8,2026-03-12,busan-suyeong,광안3동,에코토피아,주민자치위원회 임원진과의 간담회 개최 건의,237000,4d7a465ecaf7e6ee9bfeba32319621b38be01edada01e1ef007539875ba9db52,sheet1:R8,,,
4d7a465ecaf7e6ee-sheet1-R9,2026-03-13,busan-suyeong,광안3동,1983영희네,직원 사기진작을 위한 간담회 개최 건의,297000,4d7a465ecaf7e6ee9bfeba32319621b38be01edada01e1ef007539875ba9db52,sheet1:R9,,,
4d7a465ecaf7e6ee-sheet1-R10,2026-03-16,busan-suyeong,광안3동,수영삼겹살,지역통합방위 협력체계 확립을 위한 간담회 개최 건의,120000,4d7a465ecaf7e6ee9bfeba32319621b38be01edada01e1ef007539875ba9db52,sheet1:R10,,,
4d7a465ecaf7e6ee-sheet1-R11,2026-03-24,busan-suyeong,광안3동,쿠팡(주),부서 운영 간식 구입,94530,4d7a465ecaf7e6ee9bfeba32319621b38be01edada01e1ef007539875ba9db52,sheet1:R11,,,
efb93c250ea4e02c-sheet1-R5,2026-03-17,busan-suyeong,기초생활보장과,플렌터,현안업무 추진 노고 격려 간담회 개최,164700,efb93c250ea4e02c58c79e9749d77c6e5848ff592bd6d55709e80e1da583c126,sheet1:R5,,,
efb93c250ea4e02c-sheet1-R6,2026-03-31,busan-suyeong,기초생활보장과,송원일식,생활보장위원회 운영 논의를 위한 간담회 개최 건의,189000,efb93c250ea4e02c58c79e9749d77c6e5848ff592bd6d55709e80e1da583c126,sheet1:R6,,,
f51a6978430c5b41-sheet1-R6,2026-03-09,busan-suyeong,광안4동,우정,광안4동 수영사랑회 노고 격려 간담회 개최,255000,f51a6978430c5b4144d07dc68a9e092bef684a20a016f439fa152720773d2814,sheet1:R6,,,
f51a6978430c5b41-sheet1-R7,2026-03-26,busan-suyeong,광안4동,제이씨(JC)홈마트,주민자치회 프로그램 활성화 논의 간담회 개최 및 다과 구입,140000,f51a6978430c5b4144d07dc68a9e092bef684a20a016f439fa152720773d2814,sheet1:R7,,,
b26fa0a3515e2f59-sheet1-R6,2026-03-23,busan-suyeong,의회사무과,크리스피아웃사이드,의정 추진 업무 협의 간담회,280000,b26fa0a3515e2f59fc8ccde6ee384db387ad3ee5dd9a172c6935a16f7414c4f1,sheet1:R6,,,
b26fa0a3515e2f59-sheet1-R7,2026-03-26,busan-suyeong,의회사무과,서울집,구청 현안사항 청취를 위한 간담회,300000,b26fa0a3515e2f59fc8ccde6ee384db387ad3ee5dd9a172c6935a16f7414c4f1,sheet1:R7,,,
819ca0a8c963d368-sheet1-R6,2026-03-12,busan-suyeong,남천1동,푸룻 카페 휘낭시에,내방객 다과 구입,65100,819ca0a8c963d3680a8de6ff23e9f533a062f66db1655711ebe253d9c765fe01,sheet1:R6,,,
819ca0a8c963d368-sheet1-R7,2026-03-16,busan-suyeong,남천1동,남천식당,남천1동 바르게살기운동위원회 노고 격려를 위한 간담회 개최,200000,819ca0a8c963d3680a8de6ff23e9f533a062f66db1655711ebe253d9c765fe01,sheet1:R7,,,
819ca0a8c963d368-sheet1-R8,2026-03-19,busan-suyeong,남천1동,대박생오리,지역사회보장협의체 업무협의 간담회 개최,300000,819ca0a8c963d3680a8de6ff23e9f533a062f66db1655711ebe253d9c765fe01,sheet1:R8,,,
819ca0a8c963d368-sheet1-R9,2026-03-24,busan-suyeong,남천1동,대박생오리,새마을지도자협의회 업무협의 간담회 개최,300000,819ca0a8c963d3680a8de6ff23e9f533a062f66db1655711ebe253d9c765fe01,sheet1:R9,,,
819ca0a8c963d368-sheet1-R10,2026-03-26,busan-suyeong,남천1동,도농한우전문시식장,남천1동 수영사랑회 노고 격려를 위한 간담회 개최,126500,819ca0a8c963d3680a8de6ff23e9f533a062f66db1655711ebe253d9c765fe01,sheet1:R10,,,
819ca0a8c963d368-sheet1-R11,2026-03-26,busan-suyeong,남천1동,샤브20광안리점,방위협의회 업무협의 간담회 개최,200000,819ca0a8c963d3680a8de6ff23e9f533a062f66db1655711ebe253d9c765fe01,sheet1:R11,,,
7100b5bc01c75b3f-sheet1-R6,2026-03-25,busan-suyeong,문화예술과,까치횟집,제24회 광안리어방축제 업무추진 간담회 개최,112000,7100b5bc01c75b3f6dc554415a173bd964671d79f0f90e811ee1a1f26cd3c7bf,sheet1:R6,,,
7100b5bc01c75b3f-sheet1-R7,2026-03-26,busan-suyeong,문화예술과,안동찜닭양반,"문화도시 연대사업 논의 간담회 개최(일상경비, 카드결제)",180000,7100b5bc01c75b3f6dc554415a173bd964671d79f0f90e811ee1a1f26cd3c7bf,sheet1:R7,,,
d428c7117743f2bf-sheet1-R6,2026-03-03,busan-suyeong,스마트도시과,JC할인마트,수영구 선(先)결제 추진에 따른 부서 간식 구입(카드결제),324000,d428c7117743f2bf8bba85bd671fc78d16b6f0ba28dc72c7ae2b9b7ac312bdb7,sheet1:R6,,,
d428c7117743f2bf-sheet1-R7,2026-03-12,busan-suyeong,스마트도시과,동백1917/부산동백협동조합,2026년 행복마을 공모사업 추진방안 논의 간담회 개최,225000,d428c7117743f2bf8bba85bd671fc78d16b6f0ba28dc72c7ae2b9b7ac312bdb7,sheet1:R7,,,
a49de4187c119594-sheet1-R6,2026-03-20,busan-suyeong,가족행복과,남천삼계탕(남천동),2026년 상반기 수영구 여성일자리협의체 간담회 개최 건의,119000,a49de4187c119594fcf33171b6f41e53e4d734dec82517bf625328f31f2db3f2,sheet1:R6,,,
2f25e314efacb0b6-sheet1-R6,2026-03-10,busan-suyeong,토지정보과,고기굽는남자 광안리점,2026. 3. 10.자 인사발령에 따른 간담회 개최,125000,2f25e314efacb0b66133384f667f935cf8846c4e8ac1b194896dd7bf730798e8,sheet1:R6,,,
1d946f6aed26f3e2-sheet1-R6,2026-02-04,busan-suyeong,행정문화국장,살몬브라더스,직원동호인클럽 운영논의 간담회,180000,1d946f6aed26f3e2f83c40a2c7ae74c3954a242819d7c9ce43475976b45d06c3,sheet1:R6,,,
1d946f6aed26f3e2-sheet1-R7,2026-02-11,busan-suyeong,행정문화국장,이낙에산다,어방축제 개최계획 논의 간담회,133000,1d946f6aed26f3e2f83c40a2c7ae74c3954a242819d7c9ce43475976b45d06c3,sheet1:R7,,,
dff12dab95fca8ec-sheet1-R6,2026-02-02,busan-suyeong,부구청장,개인(성명 비공개),소속 상근 직원에 대한 경조사비 지급,100000,dff12dab95fca8ecc443afe8eec7152ef1cc6be9161247943d0a37ec6fbaa7b4,sheet1:R6,,,
dff12dab95fca8ec-sheet1-R7,2026-02-03,busan-suyeong,부구청장,메가마트,부구청장 비서실 내방객 다과구입,60640,dff12dab95fca8ecc443afe8eec7152ef1cc6be9161247943d0a37ec6fbaa7b4,sheet1:R7,,,
dff12dab95fca8ec-sheet1-R8,2026-02-03,busan-suyeong,부구청장,김연수순쌀빵,동 행정복지센터 현안업무 추진 노고격려 간식구입(수영동),140000,dff12dab95fca8ecc443afe8eec7152ef1cc6be9161247943d0a37ec6fbaa7b4,sheet1:R8,,,
dff12dab95fca8ec-sheet1-R9,2026-02-03,busan-suyeong,부구청장,왕연정초록식탁,동 행정복지센터 현안업무 추진 노고격려 간담회(수영동),208000,dff12dab95fca8ecc443afe8eec7152ef1cc6be9161247943d0a37ec6fbaa7b4,sheet1:R9,,,
dff12dab95fca8ec-sheet1-R10,2026-02-04,busan-suyeong,부구청장,개인(성명 비공개),소속 상근 직원에 대한 경조사비 지급,50000,dff12dab95fca8ecc443afe8eec7152ef1cc6be9161247943d0a37ec6fbaa7b4,sheet1:R10,,,
dff12dab95fca8ec-sheet1-R11,2026-02-04,busan-suyeong,부구청장,송원일식,구정홍보 간담회,240000,dff12dab95fca8ecc443afe8eec7152ef1cc6be9161247943d0a37ec6fbaa7b4,sheet1:R11,,,
dff12dab95fca8ec-sheet1-R12,2026-02-06,busan-suyeong,부구청장,김연수순쌀빵,동 행정복지센터 현안업무 추진 노고격려 간식구입(남천2동),130000,dff12dab95fca8ecc443afe8eec7152ef1cc6be9161247943d0a37ec6fbaa7b4,sheet1:R12,,,
dff12dab95fca8ec-sheet1-R13,2026-02-06,busan-suyeong,부구청장,참전복구이,동 행정복지센터 현안업무 추진 노고격려 간담회(남천2동),193000,dff12dab95fca8ecc443afe8eec7152ef1cc6be9161247943d0a37ec6fbaa7b4,sheet1:R13,,,
dff12dab95fca8ec-sheet1-R14,2026-02-05,busan-suyeong,부구청장,김연수순쌀빵,동 행정복지센터 현안업무 추진 노고격려 간식구입(광안1동),180000,dff12dab95fca8ecc443afe8eec7152ef1cc6be9161247943d0a37ec6fbaa7b4,sheet1:R14,,,
dff12dab95fca8ec-sheet1-R15,2026-02-09,busan-suyeong,부구청장,김연수순쌀빵,동 행정복지센터 현안업무 추진 노고격려 간식구입(광안3동),130000,dff12dab95fca8ecc443afe8eec7152ef1cc6be9161247943d0a37ec6fbaa7b4,sheet1:R15,,,
dff12dab95fca8ec-sheet1-R16,2026-02-09,busan-suyeong,부구청장,루이안,동 행정복지센터 현안업무 추진 노고격려 간담회(광안3동),176000,dff12dab95fca8ecc443afe8eec7152ef1cc6be9161247943d0a37ec6fbaa7b4,sheet1:R16,,,
dff12dab95fca8ec-sheet1-R17,2026-02-09,busan-suyeong,부구청장,미야아트,방문기념품 구입,400000,dff12dab95fca8ecc443afe8eec7152ef1cc6be9161247943d0a37ec6fbaa7b4,sheet1:R17,,,
dff12dab95fca8ec-sheet1-R18,2026-02-10,busan-suyeong,부구청장,오지테이블,지역기업 활성화 방안 논의 간담회,210000,dff12dab95fca8ecc443afe8eec7152ef1cc6be9161247943d0a37ec6fbaa7b4,sheet1:R18,,,
dff12dab95fca8ec-sheet1-R19,2026-02-11,busan-suyeong,부구청장,예옌,동 행정복지센터 현안업무 추진 노고격려 간담회(광안1동),224000,dff12dab95fca8ecc443afe8eec7152ef1cc6be9161247943d0a37ec6fbaa7b4,sheet1:R19,,,
dff12dab95fca8ec-sheet1-R20,2026-02-11,busan-suyeong,부구청장,한국야쿠르트,부구청장 비서실 내방객 다과구입,49000,dff12dab95fca8ecc443afe8eec7152ef1cc6be9161247943d0a37ec6fbaa7b4,sheet1:R20,,,
dff12dab95fca8ec-sheet1-R21,2026-02-11,busan-suyeong,부구청장,메가마트,부구청장 비서실 내방객 다과구입,89920,dff12dab95fca8ecc443afe8eec7152ef1cc6be9161247943d0a37ec6fbaa7b4,sheet1:R21,,,
dff12dab95fca8ec-sheet1-R22,2026-02-12,busan-suyeong,부구청장,김연수순쌀빵,동 행정복지센터 현안업무 추진 노고격려 간식구입(민락동),180000,dff12dab95fca8ecc443afe8eec7152ef1cc6be9161247943d0a37ec6fbaa7b4,sheet1:R22,,,
dff12dab95fca8ec-sheet1-R23,2026-02-12,busan-suyeong,부구청장,취원,동 행정복지센터 현안업무 추진 노고격려 간담회(민락동),240000,dff12dab95fca8ecc443afe8eec7152ef1cc6be9161247943d0a37ec6fbaa7b4,sheet1:R23,,,
dff12dab95fca8ec-sheet1-R24,2026-02-19,busan-suyeong,부구청장,금강복아구,안전도시국 현안보고 및 노고격려 간담회,203000,dff12dab95fca8ecc443afe8eec7152ef1cc6be9161247943d0a37ec6fbaa7b4,sheet1:R24,,,
dff12dab95fca8ec-sheet1-R25,2026-02-20,busan-suyeong,부구청장,광안식객,복지환경국 현안보고 및 업무논의 간담회,240000,dff12dab95fca8ecc443afe8eec7152ef1cc6be9161247943d0a37ec6fbaa7b4,sheet1:R25,,,
dff12dab95fca8ec-sheet1-R26,2026-02-23,busan-suyeong,부구청장,오지테이블,복지-교육연계 방안 논의 간담회,210000,dff12dab95fca8ecc443afe8eec7152ef1cc6be9161247943d0a37ec6fbaa7b4,sheet1:R26,,,
dff12dab95fca8ec-sheet1-R27,2026-02-25,busan-suyeong,부구청장,게스후,현안업무 추진 노고격려 간담회,438500,dff12dab95fca8ecc443afe8eec7152ef1cc6be9161247943d0a37ec6fbaa7b4,sheet1:R27,,,
dff12dab95fca8ec-sheet1-R28,2026-02-25,busan-suyeong,부구청장,푸룻,현안업무 추진 노고격려 간담회,41500,dff12dab95fca8ecc443afe8eec7152ef1cc6be9161247943d0a37ec6fbaa7b4,sheet1:R28,,,
dff12dab95fca8ec-sheet1-R29,2026-02-26,busan-suyeong,부구청장,김연수순쌀빵,동 행정복지센터 현안업무 추진 노고격려 간식구입(광안4동),135000,dff12dab95fca8ecc443afe8eec7152ef1cc6be9161247943d0a37ec6fbaa7b4,sheet1:R29,,,
dff12dab95fca8ec-sheet1-R30,2026-02-26,busan-suyeong,부구청장,장가계,동 행정복지센터 현안업무 추진 노고격려 간담회(광안4동),187000,dff12dab95fca8ecc443afe8eec7152ef1cc6be9161247943d0a37ec6fbaa7b4,sheet1:R30,,,
dff12dab95fca8ec-sheet1-R31,2026-02-26,busan-suyeong,부구청장,개인(성명 비공개),소속 상근 직원에 대한 경조사비 지급,50000,dff12dab95fca8ecc443afe8eec7152ef1cc6be9161247943d0a37ec6fbaa7b4,sheet1:R31,,,
dff12dab95fca8ec-sheet1-R32,2026-02-27,busan-suyeong,부구청장,송원일식,수영구 관광진흥위원회와의 간담회,210000,dff12dab95fca8ecc443afe8eec7152ef1cc6be9161247943d0a37ec6fbaa7b4,sheet1:R32,,,
dff12dab95fca8ec-sheet1-R33,2026-02-02,busan-suyeong,부구청장,푸실,수영강수계 수질오염원 저감방안 논의 간담회,235000,dff12dab95fca8ecc443afe8eec7152ef1cc6be9161247943d0a37ec6fbaa7b4,sheet1:R33,,,
dff12dab95fca8ec-sheet1-R34,2026-02-06,busan-suyeong,부구청장,청송양곱창,구 간부 인사발령에 따른 노고격려 간담회,210000,dff12dab95fca8ecc443afe8eec7152ef1cc6be9161247943d0a37ec6fbaa7b4,sheet1:R34,,,
4c6d5586ad4b771a-sheet1-R6,2026-02-02,busan-suyeong,행정지원과,지마트(남천점),[일상경비] 부서 운영 다과 구입(카드결제),84580,4c6d5586ad4b771af49ee981744388bc2ce67d44c1716efd2dbc25342ae0338b,sheet1:R6,,,
4c6d5586ad4b771a-sheet1-R7,2026-02-05,busan-suyeong,행정지원과,송계옥,인사발령에 따른 정보전산계 직원 노고 격려 간담회,270000,4c6d5586ad4b771af49ee981744388bc2ce67d44c1716efd2dbc25342ae0338b,sheet1:R7,,,
4c6d5586ad4b771a-sheet1-R8,2026-02-05,busan-suyeong,행정지원과,송원일식,2026 야간명예동장 간담회 개최,447000,4c6d5586ad4b771af49ee981744388bc2ce67d44c1716efd2dbc25342ae0338b,sheet1:R8,,,
4c6d5586ad4b771a-sheet1-R9,2026-02-06,busan-suyeong,행정지원과,예옌,(사)수영구자원봉사센터 출범 기념 및 운영 활성화를 위한 소통 간담회,486000,4c6d5586ad4b771af49ee981744388bc2ce67d44c1716efd2dbc25342ae0338b,sheet1:R9,,,
4c6d5586ad4b771a-sheet1-R10,2026-02-09,busan-suyeong,행정지원과,축구회외 7,2026년 직원 동호인클럽 예산지원 알림,7700000,4c6d5586ad4b771af49ee981744388bc2ce67d44c1716efd2dbc25342ae0338b,sheet1:R10,,,
4c6d5586ad4b771a-sheet1-R11,2026-02-09,busan-suyeong,행정지원과,송원일식외 2,자치행정계 시책업무추진비 선(先)결제 추진,2212000,4c6d5586ad4b771af49ee981744388bc2ce67d44c1716efd2dbc25342ae0338b,sheet1:R11,,,
4c6d5586ad4b771a-sheet1-R12,2026-02-11,busan-suyeong,행정지원과,가얏골감자탕남천점,공무원 노조 실무교섭 논의 간담회,444000,4c6d5586ad4b771af49ee981744388bc2ce67d44c1716efd2dbc25342ae0338b,sheet1:R12,,,
4c6d5586ad4b771a-sheet1-R13,2026-02-12,busan-suyeong,행정지원과,(주)부산은행(온누리상품권),[일상경비]2월 직원 생일 축하 격려 온누리상품권 구입(카드결제),1680000,4c6d5586ad4b771af49ee981744388bc2ce67d44c1716efd2dbc25342ae0338b,sheet1:R13,,,
4c6d5586ad4b771a-sheet1-R14,2026-02-23,busan-suyeong,행정지원과,지마트(남천점),[일상경비] 부서 운영 다과 구입(카드결제),64050,4c6d5586ad4b771af49ee981744388bc2ce67d44c1716efd2dbc25342ae0338b,sheet1:R14,,,
48eae468a6d8c262-sheet1-R6,2026-02-06,busan-suyeong,건축과,황령산보쌈,건축과(재개발계) 업무추진 노고 격려 간담회,99000,48eae468a6d8c2629abad3546fad04a4cbe8fdc9f4f2d1f647021acb901f6711,sheet1:R6,,,
48eae468a6d8c262-sheet1-R7,2026-02-12,busan-suyeong,건축과,돼지집,부서 현안업무 추진 노고 격려 간담회 (선결제),400000,48eae468a6d8c2629abad3546fad04a4cbe8fdc9f4f2d1f647021acb901f6711,sheet1:R7,,,
48eae468a6d8c262-sheet1-R8,2026-02-12,busan-suyeong,건축과,정식당,건축업무 협의를 위한 간담회 (선결제),300000,48eae468a6d8c2629abad3546fad04a4cbe8fdc9f4f2d1f647021acb901f6711,sheet1:R8,,,
48eae468a6d8c262-sheet1-R9,2026-02-12,busan-suyeong,건축과,쿠팡㈜,직원 및 내방객용 다과 구입(카드결제),153130,48eae468a6d8c2629abad3546fad04a4cbe8fdc9f4f2d1f647021acb901f6711,sheet1:R9,,,
48eae468a6d8c262-sheet1-R10,2026-02-12,busan-suyeong,건축과,JC할인마트,제1회 소규모주택정비사업 공동위원회 개최 관련 다과 구입,65700,48eae468a6d8c2629abad3546fad04a4cbe8fdc9f4f2d1f647021acb901f6711,sheet1:R10,,,
48eae468a6d8c262-sheet1-R11,2026-02-25,busan-suyeong,건축과,솥솥 광안점,건축과(건축계) 업무추진 노고 격려 간담회,80100,48eae468a6d8c2629abad3546fad04a4cbe8fdc9f4f2d1f647021acb901f6711,sheet1:R11,,,
1bd5fd293efd742a-sheet1-R6,2026-02-02,busan-suyeong,남천2동,대박생오리,주민자치위원회 임원진과의 간담회 개최,150000,1bd5fd293efd742a30a3f1a5fed8b045429921c223edd81f2af7c5e2c9f40f35,sheet1:R6,,,
1bd5fd293efd742a-sheet1-R7,2026-02-10,busan-suyeong,남천2동,광안식객,남천2동 야간명예동장 노고 격려 간담회 개최,48000,1bd5fd293efd742a30a3f1a5fed8b045429921c223edd81f2af7c5e2c9f40f35,sheet1:R7,,,
1bd5fd293efd742a-sheet1-R8,2026-02-13,busan-suyeong,남천2동,조선한우,새마을지도자협의회 동 업무협조 노고 격려 간담회,299700,1bd5fd293efd742a30a3f1a5fed8b045429921c223edd81f2af7c5e2c9f40f35,sheet1:R8,,,
1bd5fd293efd742a-sheet1-R9,2026-02-20,busan-suyeong,남천2동,다케다야,직원 업무격려 간담회,180000,1bd5fd293efd742a30a3f1a5fed8b045429921c223edd81f2af7c5e2c9f40f35,sheet1:R9,,,
4b105631bc1fa9f3-sheet1-R5,2026-02-10,busan-suyeong,건설과,유황돈돼지생오리,건설과 현안업무 유관기관과의 간담회 개최,270000,4b105631bc1fa9f3dac43dc8ba4d61f7ac00ee1f507d05b300f04cd6a01c4fb3,sheet1:R5,,,
59ecfe152b6383b3-sheet1-R6,2026-02-04,busan-suyeong,남천1동,코코호도남천점,내방객 다과 구입,34000,59ecfe152b6383b30ad60a1ff8d2ddf6749b449b22beec5336ede281d6812b0b,sheet1:R6,,,
cd45d653ea7419e7-sheet1-R5,2026-02-05,busan-suyeong,평생교육과,쑥당,직원 간식 구입,79600,cd45d653ea7419e7c837aa9ea8b1ccf381e055af043e3a5efc51acc1925fbbd4,sheet1:R5,,,
cd45d653ea7419e7-sheet1-R6,2026-02-05,busan-suyeong,평생교육과,푸실,(교육청소년계)착한결제(업무추진비 선결제)추진계획,120000,cd45d653ea7419e7c837aa9ea8b1ccf381e055af043e3a5efc51acc1925fbbd4,sheet1:R6,,,
cd45d653ea7419e7-sheet1-R7,2026-02-06,busan-suyeong,평생교육과,파리바게뜨 수영구청정점,(교육청소년계)착한결제(업무추진비 선결제)추진_입학지원금 추진업무 관계자 다과구입,140000,cd45d653ea7419e7c837aa9ea8b1ccf381e055af043e3a5efc51acc1925fbbd4,sheet1:R7,,,
cd45d653ea7419e7-sheet1-R8,2026-02-06,busan-suyeong,평생교육과,솔솥광안점,(교육청소년계)착한결제(업무추진비 선결제)추진_청소년시설 관계자 간담회,270000,cd45d653ea7419e7c837aa9ea8b1ccf381e055af043e3a5efc51acc1925fbbd4,sheet1:R8,,,
cd45d653ea7419e7-sheet1-R9,2026-02-06,busan-suyeong,평생교육과,이낙에산다,(교육청소년계)착한결제(업무추진비 선결제)추진_희망교육지구 사업발전 논의 간담회,240000,cd45d653ea7419e7c837aa9ea8b1ccf381e055af043e3a5efc51acc1925fbbd4,sheet1:R9,,,
cd45d653ea7419e7-sheet1-R10,2026-02-06,busan-suyeong,평생교육과,양포항,[도서관운영계] 시책추진업무추진비 착한결제[선결제] 추진계획,300000,cd45d653ea7419e7c837aa9ea8b1ccf381e055af043e3a5efc51acc1925fbbd4,sheet1:R10,,,
cd45d653ea7419e7-sheet1-R11,2026-02-06,busan-suyeong,평생교육과,솔솥광안점,"평생학습동아리(수영, 제로海에코海)간담회 개최 건의",220000,cd45d653ea7419e7c837aa9ea8b1ccf381e055af043e3a5efc51acc1925fbbd4,sheet1:R11,,,
cd45d653ea7419e7-sheet1-R12,2026-02-20,busan-suyeong,평생교육과,세븐일레븐 수영구청점 외 1,"「평생, 배움이 찾아온DAY」간담회 다과 구입",43150,cd45d653ea7419e7c837aa9ea8b1ccf381e055af043e3a5efc51acc1925fbbd4,sheet1:R12,,,
d98b192e7f5ca262-sheet1-R6,2026-02-05,busan-suyeong,교통행정과,조선한우,교통행정과 업무추진비 선결제 집행 건의,420000,d98b192e7f5ca2621cb360608a72e6ee7be913b05668e4e94c15740c6db2895c,sheet1:R6,,,
d98b192e7f5ca262-sheet1-R7,2026-02-05,busan-suyeong,교통행정과,퇴근길자연산횟집,교통행정과 업무추진비 선결제 집행 건의,420000,d98b192e7f5ca2621cb360608a72e6ee7be913b05668e4e94c15740c6db2895c,sheet1:R7,,,
d98b192e7f5ca262-sheet1-R8,2026-02-09,busan-suyeong,교통행정과,페이스트,부서 운영물품 구입(카드결제),88900,d98b192e7f5ca2621cb360608a72e6ee7be913b05668e4e94c15740c6db2895c,sheet1:R8,,,
5eec03d67b4c8dda-sheet1-R6,2026-01-26,busan-suyeong,교통행정과,꾸석지돌판한우 수영점,교통시책 추진 업무추진비 선결제 집행 건의,450000,5eec03d67b4c8dda633b9dc3617447d174fcbea86c952cca75d8865e42dda92f,sheet1:R6,,,
5eec03d67b4c8dda-sheet1-R7,2026-01-28,busan-suyeong,교통행정과,다미복국,2026년 차 없는 문화의 거리 추진 업무추진비 선결제 집행 건의,360000,5eec03d67b4c8dda633b9dc3617447d174fcbea86c952cca75d8865e42dda92f,sheet1:R7,,,
5eec03d67b4c8dda-sheet1-R8,2026-01-28,busan-suyeong,교통행정과,대박생오리,불법 주정차 단속반 노고 격려 간담회 선결제 집행 건의,320000,5eec03d67b4c8dda633b9dc3617447d174fcbea86c952cca75d8865e42dda92f,sheet1:R8,,,
5eec03d67b4c8dda-sheet1-R9,2026-01-28,busan-suyeong,교통행정과,쿠팡,부서 운영물품 구입(카드결제),145190,5eec03d67b4c8dda633b9dc3617447d174fcbea86c952cca75d8865e42dda92f,sheet1:R9,,,
1eedfb4cbc05796a-sheet1-R6,2026-02-25,busan-suyeong,건강증진과,대가삼계탕,치매관리사업 시책업무추진비 선결제 추진계획,300000,1eedfb4cbc05796ab15bfa74278a97caddb7fd2d793c3b14abdbfdfbefa4fb69,sheet1:R6,,,
1eedfb4cbc05796a-sheet1-R7,2026-02-25,busan-suyeong,건강증진과,쿠팡(주),망미2동 하하마을건강센터 1차 실무협의체 다과 구입,21050,1eedfb4cbc05796ab15bfa74278a97caddb7fd2d793c3b14abdbfdfbefa4fb69,sheet1:R7,,,
1eedfb4cbc05796a-sheet1-R8,2026-02-26,busan-suyeong,건강증진과,금가면옥,2026년 하하마을건강센터 간담회 식비 지급,406000,1eedfb4cbc05796ab15bfa74278a97caddb7fd2d793c3b14abdbfdfbefa4fb69,sheet1:R8,,,
1eedfb4cbc05796a-sheet1-R9,2026-02-27,busan-suyeong,건강증진과,송이,건강증진계 시책업무추진비 선결제 추진계획,300000,1eedfb4cbc05796ab15bfa74278a97caddb7fd2d793c3b14abdbfdfbefa4fb69,sheet1:R9,,,
1eedfb4cbc05796a-sheet1-R10,2026-02-27,busan-suyeong,건강증진과,금가면옥,건강증진계 시책업무추진비 선결제 추진계획,100000,1eedfb4cbc05796ab15bfa74278a97caddb7fd2d793c3b14abdbfdfbefa4fb69,sheet1:R10,,,
56b16abcf086ddec-sheet1-R5,2026-02-24,busan-suyeong,복지정책과,브라운필드,제2차 지역사회보장 대표협의체 회의 관련 다과구입,445800,56b16abcf086ddecda19673406f4ee406d99a5dbde04254f8e4cbd57fbfff508,sheet1:R5,,,
97e340d40053ba07-sheet1-R4,2026-02-02,busan-suyeong,복지환경국장,토곡식육식당,의료요양 통합돌봄 추진 논의 간담회 개최,240000,97e340d40053ba076c4e134cb52a99ccb901ca3321de80fed82394013c0d0346,sheet1:R4,,,
97e340d40053ba07-sheet1-R5,2026-02-02,busan-suyeong,복지환경국장,-,소속 상근직원에 대한 경조사비 지급,50000,97e340d40053ba076c4e134cb52a99ccb901ca3321de80fed82394013c0d0346,sheet1:R5,,,
97e340d40053ba07-sheet1-R6,2026-02-12,busan-suyeong,복지환경국장,다이도코로,복지환경국 전입 직원과의 간담회 개최,72600,97e340d40053ba076c4e134cb52a99ccb901ca3321de80fed82394013c0d0346,sheet1:R6,,,
97e340d40053ba07-sheet1-R7,2026-02-19,busan-suyeong,복지환경국장,갤럭시아,복지정책 업무 추진 논의 간담회 개최,144000,97e340d40053ba076c4e134cb52a99ccb901ca3321de80fed82394013c0d0346,sheet1:R7,,,
505a1f44e5feacb7-sheet1-R6,2026-02-09,busan-suyeong,재무과,송원일식,공유재산심의회 위원 간담회 개최,264000,505a1f44e5feacb758c0ebfce90ccf0fc937e07c491cb87ad0bf0f7985b0d9bb,sheet1:R6,,,
644437bef0fdf744-sheet1-R6,2026-02-02,busan-suyeong,망미1동,청사옥 옥이보리밥(민락동),주민자치위원회 임원진과의 간담회,71000,644437bef0fdf74472b5c48fa720e182cafffed24e97cd36663f8a9eaccec448,sheet1:R6,,,
644437bef0fdf744-sheet1-R7,2026-02-20,busan-suyeong,망미1동,㈜부산은행(망미동),2026년 상반기 직원 생일 격려품,210000,644437bef0fdf74472b5c48fa720e182cafffed24e97cd36663f8a9eaccec448,sheet1:R7,,,
644437bef0fdf744-sheet1-R8,2026-02-20,busan-suyeong,망미1동,바보형제쭈꾸미(망미동),전직원 업무추진 논의 및 격려 간담회,294000,644437bef0fdf74472b5c48fa720e182cafffed24e97cd36663f8a9eaccec448,sheet1:R8,,,
644437bef0fdf744-sheet1-R9,2026-02-26,busan-suyeong,망미1동,오복정(연산동),망미1동 장학재단 업무 논의 간담회,84000,644437bef0fdf74472b5c48fa720e182cafffed24e97cd36663f8a9eaccec448,sheet1:R9,,,
e67748dc85e99c70-sheet1-R6,2026-02-02,busan-suyeong,보건행정과,원할머니보쌈 박가부대찌개 부산광안점,인사발령에 따른 직원격려 간담회 개최,46000,e67748dc85e99c70d7d399d6c089516b3d9b67fb04f708bcd904b8e7eb8006a9,sheet1:R6,,,
e67748dc85e99c70-sheet1-R7,2026-02-04,busan-suyeong,보건행정과,카페051 수영광안점외 1,방역활동 추진격려 간담회 개최,198500,e67748dc85e99c70d7d399d6c089516b3d9b67fb04f708bcd904b8e7eb8006a9,sheet1:R7,,,
e67748dc85e99c70-sheet1-R8,2026-02-09,busan-suyeong,보건행정과,쿠팡,명절 맞이 청소 및 방역 근무자 격려 물품 구매,163900,e67748dc85e99c70d7d399d6c089516b3d9b67fb04f708bcd904b8e7eb8006a9,sheet1:R8,,,
e67748dc85e99c70-sheet1-R9,2026-02-24,busan-suyeong,보건행정과,주식회사 별무리애프앤비,보건행정과 현안사업 추진을 위한 구청 관계자와의 간담회 개최 건의,155000,e67748dc85e99c70d7d399d6c089516b3d9b67fb04f708bcd904b8e7eb8006a9,sheet1:R9,,,
699fbb54c0d3c806-sheet1-R6,2026-02-10,busan-suyeong,수영동,스바루,주민자치위원회 임원진과의 간담회 개최,163500,699fbb54c0d3c806b98f8bd4af480a518734db6a554660c894909571981778d5,sheet1:R6,,,
699fbb54c0d3c806-sheet1-R7,2026-02-12,busan-suyeong,수영동,족발쟁이,바르게살기운동위원회 동 업무협조 노고격려 간담회 개최,340000,699fbb54c0d3c806b98f8bd4af480a518734db6a554660c894909571981778d5,sheet1:R7,,,
699fbb54c0d3c806-sheet1-R8,2026-02-26,busan-suyeong,수영동,수영뜰,지역사회보장협의체 동 업무협조 노고 격려 차담회 개최,181100,699fbb54c0d3c806b98f8bd4af480a518734db6a554660c894909571981778d5,sheet1:R8,,,
fe51d151e9f8cdac-sheet1-R6,2026-02-05,busan-suyeong,기획감사실,귀희한식,건전한 지방보조금 운영 관리를 위한 간담회,455000,fe51d151e9f8cdacbad2478bc9892b4e63c39e79e0e059ac82c430666e4f01ac,sheet1:R6,,,
fe51d151e9f8cdac-sheet1-R7,2026-02-06,busan-suyeong,기획감사실,부갈집,원활한 신속집행 업무 추진을 위한 간담회,193000,fe51d151e9f8cdacbad2478bc9892b4e63c39e79e0e059ac82c430666e4f01ac,sheet1:R7,,,
fe51d151e9f8cdac-sheet1-R8,2026-02-09,busan-suyeong,기획감사실,유황돈돼지생오리,평가 및 공모 추진 관련 업무 논의 간담회,330000,fe51d151e9f8cdacbad2478bc9892b4e63c39e79e0e059ac82c430666e4f01ac,sheet1:R8,,,
fe51d151e9f8cdac-sheet1-R9,2026-02-09,busan-suyeong,기획감사실,고기굽는남자 광안리직영점,지역혁신 중심 대학지원체계(RISE) 사업 논의 간담회,300000,fe51d151e9f8cdacbad2478bc9892b4e63c39e79e0e059ac82c430666e4f01ac,sheet1:R9,,,
fe51d151e9f8cdac-sheet1-R10,2026-02-09,busan-suyeong,기획감사실,고기굽는남자 광안리직영점,직원 노고 격려 간담회,480000,fe51d151e9f8cdacbad2478bc9892b4e63c39e79e0e059ac82c430666e4f01ac,sheet1:R10,,,
fe51d151e9f8cdac-sheet1-R11,2026-02-09,busan-suyeong,기획감사실,고기굽는남자 광안리직영점,직원 노고 격려 간담회,480000,fe51d151e9f8cdacbad2478bc9892b4e63c39e79e0e059ac82c430666e4f01ac,sheet1:R11,,,
fe51d151e9f8cdac-sheet1-R12,2026-02-10,busan-suyeong,기획감사실,오지테이블,제11기 수영구 SNS 서포터즈 간담회,494000,fe51d151e9f8cdacbad2478bc9892b4e63c39e79e0e059ac82c430666e4f01ac,sheet1:R12,,,
fe51d151e9f8cdac-sheet1-R13,2026-02-23,busan-suyeong,기획감사실,고낙온,출입기자와의 업무 간담회,171600,fe51d151e9f8cdacbad2478bc9892b4e63c39e79e0e059ac82c430666e4f01ac,sheet1:R13,,,
fe51d151e9f8cdac-sheet1-R14,2026-02-26,busan-suyeong,기획감사실,감성양고기,소송사건 변호사단과 업무협의 간담회,360000,fe51d151e9f8cdacbad2478bc9892b4e63c39e79e0e059ac82c430666e4f01ac,sheet1:R14,,,
fe51d151e9f8cdac-sheet1-R15,2026-02-27,busan-suyeong,기획감사실,다미복국,2026년 동 정기종합감사 노고 격려 간담회,300000,fe51d151e9f8cdacbad2478bc9892b4e63c39e79e0e059ac82c430666e4f01ac,sheet1:R15,,,
fe51d151e9f8cdac-sheet1-R16,2026-02-27,busan-suyeong,기획감사실,쿠팡,"부서 직원용 간식, 음료 구입",166280,fe51d151e9f8cdacbad2478bc9892b4e63c39e79e0e059ac82c430666e4f01ac,sheet1:R16,,,
c2f53c37bfde91b8-sheet1-R6,2026-02-09,busan-suyeong,일자리경제과,쿠팡,부서운영 간식 등 구입(카드결제),107160,c2f53c37bfde91b816ee5d87aed996a60f57063c9ae5d776be60fbcb3b07e078,sheet1:R6,,,
c2f53c37bfde91b8-sheet1-R7,2026-02-24,busan-suyeong,일자리경제과,솔솥광안점,지역경제계 업무 추진 직원 노고 격려 간담회 개최,125300,c2f53c37bfde91b816ee5d87aed996a60f57063c9ae5d776be60fbcb3b07e078,sheet1:R7,,,
c2f53c37bfde91b8-sheet1-R8,2026-02-26,busan-suyeong,일자리경제과,히로(HIRO),농수산계 업무 추진 직원 노고 격려 간담회 개최,140000,c2f53c37bfde91b816ee5d87aed996a60f57063c9ae5d776be60fbcb3b07e078,sheet1:R8,,,
fcbf30105417f833-sheet1-R6,2026-02-02,busan-suyeong,일자리경제과,고기굽는남자 광안리직영점,구정 기록물관리 발전 및 기록물평가심의회 관련 간담회,207000,fcbf30105417f8331d0e14b7fe7c52b7e5e81dcdea71b27a58e366b387eba46b,sheet1:R6,,,
fcbf30105417f833-sheet1-R7,2026-02-04,busan-suyeong,일자리경제과,송원일식,2026년 미래전략국 주요업무 논의 간담회 개최,100000,fcbf30105417f8331d0e14b7fe7c52b7e5e81dcdea71b27a58e366b387eba46b,sheet1:R7,,,
fcbf30105417f833-sheet1-R8,2026-02-06,busan-suyeong,일자리경제과,쭈미쭈미,광안 엑스투지 현안업무 추진 간담회 개최,120000,fcbf30105417f8331d0e14b7fe7c52b7e5e81dcdea71b27a58e366b387eba46b,sheet1:R8,,,
fcbf30105417f833-sheet1-R9,2026-02-10,busan-suyeong,일자리경제과,가락고추참기름,2026년 설명절 구청사 청소용역 근로자 격려품 구입(카드결제),300000,fcbf30105417f8331d0e14b7fe7c52b7e5e81dcdea71b27a58e366b387eba46b,sheet1:R9,,,
fcbf30105417f833-sheet1-R10,2026-02-10,busan-suyeong,일자리경제과,고성댁,도도수영 8A 현안업무 추진 간담회 개최,120000,fcbf30105417f8331d0e14b7fe7c52b7e5e81dcdea71b27a58e366b387eba46b,sheet1:R10,,,
fcbf30105417f833-sheet1-R11,2026-02-12,busan-suyeong,일자리경제과,"플렌터, 벤베커 광안리점",일자리경제과 현안업무 추진 직원 노고격려를 위한 간담회 개최,213500,fcbf30105417f8331d0e14b7fe7c52b7e5e81dcdea71b27a58e366b387eba46b,sheet1:R11,,,
fcbf30105417f833-sheet1-R12,2026-02-13,busan-suyeong,일자리경제과,"샐러드팡, 오지테이블",청소년시설 현안업무 추진 간담회 개최,362600,fcbf30105417f8331d0e14b7fe7c52b7e5e81dcdea71b27a58e366b387eba46b,sheet1:R12,,,
fcbf30105417f833-sheet1-R13,2026-02-24,busan-suyeong,일자리경제과,우두머리,미래전략국 발전방향 모색을 위한 퇴직공무원과의 간담회 개최,350000,fcbf30105417f8331d0e14b7fe7c52b7e5e81dcdea71b27a58e366b387eba46b,sheet1:R13,,,
fcbf30105417f833-sheet1-R14,2026-02-26,busan-suyeong,일자리경제과,삼천각,새수영구보 및 영상 편집 홍보팀 격려 간담회,160000,fcbf30105417f8331d0e14b7fe7c52b7e5e81dcdea71b27a58e366b387eba46b,sheet1:R14,,,
fcbf30105417f833-sheet1-R15,2026-02-26,busan-suyeong,일자리경제과,수영간바지,제262회 수영구의회 임시회 관련 간담회 개최,280000,fcbf30105417f8331d0e14b7fe7c52b7e5e81dcdea71b27a58e366b387eba46b,sheet1:R15,,,
9720c592d8e50525-sheet1-R6,2026-02-02,busan-suyeong,안전도시국,금강복아구 전문점,안전도시국 주요사업 추진논의 간담회 개최,120000,9720c592d8e50525f7116c33b36d082b13d01cb5afdebef5c5b610f6ce484819,sheet1:R6,,,
9720c592d8e50525-sheet1-R7,2026-02-06,busan-suyeong,안전도시국,벤베커 광안리점,안전정책 관련 간담회 개최,200000,9720c592d8e50525f7116c33b36d082b13d01cb5afdebef5c5b610f6ce484819,sheet1:R7,,,
9720c592d8e50525-sheet1-R8,2026-02-09,busan-suyeong,안전도시국,왕가박가,안전도시국 주요사업 추진논의 간담회 개최,90000,9720c592d8e50525f7116c33b36d082b13d01cb5afdebef5c5b610f6ce484819,sheet1:R8,,,
9720c592d8e50525-sheet1-R9,2026-02-14,busan-suyeong,안전도시국,서씨횟집,현안업무 추진에 따른 시 관계자와의 간담회 개최,278000,9720c592d8e50525f7116c33b36d082b13d01cb5afdebef5c5b610f6ce484819,sheet1:R9,,,
9720c592d8e50525-sheet1-R10,2026-02-23,busan-suyeong,안전도시국,송원일식,안전도시국 주요사업 추진논의 간담회 개최,140000,9720c592d8e50525f7116c33b36d082b13d01cb5afdebef5c5b610f6ce484819,sheet1:R10,,,
18cfa6e04d49ca44-sheet1-R6,2026-02-19,busan-suyeong,안전관리과,쿠팡/쿠팡페이 주식회사,부서 간식 구매,182090,18cfa6e04d49ca44b3bae896f106de71a3d65c3a4d288977b8bef05e10cd8bfe,sheet1:R6,,,
18cfa6e04d49ca44-sheet1-R7,2026-02-23,busan-suyeong,안전관리과,(주)한양수퍼,부서운영 간식 등 구입,200000,18cfa6e04d49ca44b3bae896f106de71a3d65c3a4d288977b8bef05e10cd8bfe,sheet1:R7,,,
18cfa6e04d49ca44-sheet1-R8,2026-02-25,busan-suyeong,안전관리과,유황돈돼지생오리,자율방재단 겨울철 재난대응 노고 격려 간담회 개최 건의,450000,18cfa6e04d49ca44b3bae896f106de71a3d65c3a4d288977b8bef05e10cd8bfe,sheet1:R8,,,
18cfa6e04d49ca44-sheet1-R9,2026-02-25,busan-suyeong,안전관리과,박만배 아리랑 보쌈 광안리점,수영구 중대재해예방 관리 시스템 운영 간담회 개최,200000,18cfa6e04d49ca44b3bae896f106de71a3d65c3a4d288977b8bef05e10cd8bfe,sheet1:R9,,,
257734cd9d4b80e8-sheet1-R4,2026-02-09,busan-suyeong,자원순환과,고성범연탄구이,직원 간담회 개최,480000,257734cd9d4b80e84bf6089c431a64abc2fdeaa6cd89537fcf233b8ffd3e7e11,sheet1:R4,,,
257734cd9d4b80e8-sheet1-R5,2026-02-10,busan-suyeong,자원순환과,스위스제과,재활용품선별장근로자 노고 격려 간식(빵)구입,214500,257734cd9d4b80e84bf6089c431a64abc2fdeaa6cd89537fcf233b8ffd3e7e11,sheet1:R5,,,
257734cd9d4b80e8-sheet1-R6,2026-02-10,busan-suyeong,자원순환과,보성녹차팥빙수& 산더미해물칼국수,재활용품선별장근로자 노고 격려 간식(단팥죽)구입,260000,257734cd9d4b80e84bf6089c431a64abc2fdeaa6cd89537fcf233b8ffd3e7e11,sheet1:R6,,,
257734cd9d4b80e8-sheet1-R7,2026-02-27,busan-suyeong,자원순환과,박해윤통영해물밥상,재활용선별장 업무추진 간담회,199500,257734cd9d4b80e84bf6089c431a64abc2fdeaa6cd89537fcf233b8ffd3e7e11,sheet1:R7,,,
c3ba25c0095561d6-sheet1-R5,2026-02-05,busan-suyeong,민락동,㈜부산은행,2026년 2월 직원 생일 격려품 구입(카드결제),60000,c3ba25c0095561d619aebfbb111641c4d53810d62e0d7062a86fed4eb9114f56,sheet1:R5,,,
c3ba25c0095561d6-sheet1-R6,2026-02-05,busan-suyeong,민락동,거북이동네 민락점,2026년 민락동 업무추진비 선결제 추진계획(카드결제),480000,c3ba25c0095561d619aebfbb111641c4d53810d62e0d7062a86fed4eb9114f56,sheet1:R6,,,
c3ba25c0095561d6-sheet1-R7,2026-02-05,busan-suyeong,민락동,"구들장, 서씨횟집, 손짜장",2026년 민락동 업무추진비 선결제 추진계획(카드결제),1500000,c3ba25c0095561d619aebfbb111641c4d53810d62e0d7062a86fed4eb9114f56,sheet1:R7,,,
c3ba25c0095561d6-sheet1-R8,2026-02-05,busan-suyeong,민락동,쿠팡㈜,동사 내방객 다과 등 구입(카드결제),52000,c3ba25c0095561d619aebfbb111641c4d53810d62e0d7062a86fed4eb9114f56,sheet1:R8,,,
c3ba25c0095561d6-sheet1-R9,2026-02-12,busan-suyeong,민락동,상수동 카스티야,동사 내방객 다과 등 구입(카드결제),63400,c3ba25c0095561d619aebfbb111641c4d53810d62e0d7062a86fed4eb9114f56,sheet1:R9,,,
c3ba25c0095561d6-sheet1-R10,2026-02-12,busan-suyeong,민락동,네이버파이낸셜㈜,민락장학회 감사패 제작(카드결제),210000,c3ba25c0095561d619aebfbb111641c4d53810d62e0d7062a86fed4eb9114f56,sheet1:R10,,,
68e926b0754e422c-sheet1-R4,2026-02-04,busan-suyeong,광안1동,으뜸원장어구이,자율방재단 노고 격려 간담회,157000,68e926b0754e422c6bb89098c54c74f8c5289128f3e2b7b75fd598f2f4b2d507,sheet1:R4,,,
68e926b0754e422c-sheet1-R5,2026-02-05,busan-suyeong,광안1동,양평해장국,청소년지도협의회 노고 격려 간담회,300000,68e926b0754e422c6bb89098c54c74f8c5289128f3e2b7b75fd598f2f4b2d507,sheet1:R5,,,
68e926b0754e422c-sheet1-R6,2026-02-09,busan-suyeong,광안1동,광안식객,수영사랑회 노고 격려 간담회,120000,68e926b0754e422c6bb89098c54c74f8c5289128f3e2b7b75fd598f2f4b2d507,sheet1:R6,,,
68e926b0754e422c-sheet1-R7,2026-02-10,busan-suyeong,광안1동,고성범연탄구이,새마을지도자협의회 노고 격려 간담회,300000,68e926b0754e422c6bb89098c54c74f8c5289128f3e2b7b75fd598f2f4b2d507,sheet1:R7,,,
68e926b0754e422c-sheet1-R8,2026-02-11,busan-suyeong,광안1동,대가삼계탕,새마을부녀회 노고 격려 간담회,164000,68e926b0754e422c6bb89098c54c74f8c5289128f3e2b7b75fd598f2f4b2d507,sheet1:R8,,,
68e926b0754e422c-sheet1-R9,2026-02-12,busan-suyeong,광안1동,황궁쟁반짜장&장모손,수영가인회 노고 격려 간담회,200500,68e926b0754e422c6bb89098c54c74f8c5289128f3e2b7b75fd598f2f4b2d507,sheet1:R9,,,
68e926b0754e422c-sheet1-R10,2026-02-20,busan-suyeong,광안1동,대가삼계탕,바르게살기운동광안1동위원회 노고 격려 간담회,277000,68e926b0754e422c6bb89098c54c74f8c5289128f3e2b7b75fd598f2f4b2d507,sheet1:R10,,,
68e926b0754e422c-sheet1-R11,2026-02-26,busan-suyeong,광안1동,으뜸원장어구이,방위협의회 노고 격려 간담회,300000,68e926b0754e422c6bb89098c54c74f8c5289128f3e2b7b75fd598f2f4b2d507,sheet1:R11,,,
13ef605e51571c6a-sheet1-R6,2026-01-29,busan-suyeong,스마트도시과,고성댁,도도수영 도시재생 해설 간담회 개최,450000,13ef605e51571c6a1fb266899d50c4c0bfd370cec6079d570feb85f49c138975,sheet1:R6,,,
05d058468810c4cb-sheet1-R6,2026-02-10,busan-suyeong,도시공원과,서울집,불법유동광고물 정비관련 관계자 노고격려 간담회,300000,05d058468810c4cb05e922e7975a484bc3e12dddc009dd818e7250de6b63010f,sheet1:R6,,,
05d058468810c4cb-sheet1-R7,2026-02-25,busan-suyeong,도시공원과,윤슬곶,봄철 대형산불 대비 업무협의 간담회,187000,05d058468810c4cb05e922e7975a484bc3e12dddc009dd818e7250de6b63010f,sheet1:R7,,,
05d058468810c4cb-sheet1-R8,2026-02-27,busan-suyeong,도시공원과,부갈집,2.1.자 인사발령에 따른 간담회,420000,05d058468810c4cb05e922e7975a484bc3e12dddc009dd818e7250de6b63010f,sheet1:R8,,,
e041e32c395bea31-sheet1-R6,2026-02-05,busan-suyeong,광안2동,부산은행,직원 생일 격려품 구입,240000,e041e32c395bea318c8322fa7e57703d5e0362925d7ed6b5fa082520aed07ebb,sheet1:R6,,,
e041e32c395bea31-sheet1-R7,2026-02-09,busan-suyeong,광안2동,농축산마트,새마을문고 봉사활동 노고 격려 간식 구입,21800,e041e32c395bea318c8322fa7e57703d5e0362925d7ed6b5fa082520aed07ebb,sheet1:R7,,,
e041e32c395bea31-sheet1-R8,2026-02-10,busan-suyeong,광안2동,이랴이랴,가인회 노고격려 및 활성화 방안 논의 간담회 개최,390000,e041e32c395bea318c8322fa7e57703d5e0362925d7ed6b5fa082520aed07ebb,sheet1:R8,,,
11f32b5b5cf26ae6-sheet1-R6,2026-02-02,busan-suyeong,세무1과,유황돈돼지생오리,세무1과 직원 격려 간담회 개최,270000,11f32b5b5cf26ae6334502c8d2a3d6c5601907bbf14bbedbf3288aad393813f3,sheet1:R6,,,
11f32b5b5cf26ae6-sheet1-R7,2026-02-25,busan-suyeong,세무1과,수영구자활센터,구 우수납세자 행사 지원 근무 직원 격려 음료 구매,93000,11f32b5b5cf26ae6334502c8d2a3d6c5601907bbf14bbedbf3288aad393813f3,sheet1:R7,,,
11f32b5b5cf26ae6-sheet1-R8,2026-02-25,busan-suyeong,세무1과,성신당,우수납세자 시상식 행사 물품 구입,200000,11f32b5b5cf26ae6334502c8d2a3d6c5601907bbf14bbedbf3288aad393813f3,sheet1:R8,,,
11f32b5b5cf26ae6-sheet1-R9,2026-02-26,busan-suyeong,세무1과,무궁화,2026년 우수납세자 행사 진행 공무원 노고 격려 간담회 개최,131000,11f32b5b5cf26ae6334502c8d2a3d6c5601907bbf14bbedbf3288aad393813f3,sheet1:R9,,,
f4be3cbff5c0e899-sheet1-R6,2026-02-03,busan-suyeong,문화예술과,광안리 신라횟집,문화도시 골목문화컨벤션 사업 추진을 위한 간담회 개최 건의(일상경비),300000,f4be3cbff5c0e8999a901f47413957f382d5e58980392e7f94969a53bd48ff7a,sheet1:R6,,,
f4be3cbff5c0e899-sheet1-R7,2026-02-04,busan-suyeong,문화예술과,청송양곱창,"직원 간담회 개최 건의(일상경비, 카드결제)",300000,f4be3cbff5c0e8999a901f47413957f382d5e58980392e7f94969a53bd48ff7a,sheet1:R7,,,
f4be3cbff5c0e899-sheet1-R8,2026-02-05,busan-suyeong,문화예술과,친친명품식당,문화도시 해변마켓컨벤션 추진 사업을 위한 간담회 개최 건의(일상경비),200000,f4be3cbff5c0e8999a901f47413957f382d5e58980392e7f94969a53bd48ff7a,sheet1:R8,,,
f4be3cbff5c0e899-sheet1-R9,2026-02-05,busan-suyeong,문화예술과,네이버파이낸셜(주),부서 운영 물품 구입(일상경비)(카드결제)(마일리지사용),2360,f4be3cbff5c0e8999a901f47413957f382d5e58980392e7f94969a53bd48ff7a,sheet1:R9,,,
f4be3cbff5c0e899-sheet1-R10,2026-02-10,busan-suyeong,문화예술과,금강복아구 전문점,"수영구합창단 운영 활성화 방안 논의 간담회 개최(일상경비, 카드결제)",165000,f4be3cbff5c0e8999a901f47413957f382d5e58980392e7f94969a53bd48ff7a,sheet1:R10,,,
f4be3cbff5c0e899-sheet1-R11,2026-02-25,busan-suyeong,문화예술과,새바다횟집,"직원 간담회 개최 건의(일상경비, 카드결제)",420000,f4be3cbff5c0e8999a901f47413957f382d5e58980392e7f94969a53bd48ff7a,sheet1:R11,,,
fe1db79179bca46b-sheet1-R6,2026-02-09,busan-suyeong,가족행복과,고성범연탄구이(광안동),수영구 선(先)결제 추진 관련 부서운영업무추진비 집행,490000,fe1db79179bca46b5cbbc2793233e028ce8ff9a2a12dba214417af79d51f972c,sheet1:R6,,,
fe1db79179bca46b-sheet1-R7,2026-02-10,busan-suyeong,가족행복과,진미언양불고기(광안동),수영구여성자원봉사원회후원회 활동 노고 격려 간담회 개최 건의(선결제),300000,fe1db79179bca46b5cbbc2793233e028ce8ff9a2a12dba214417af79d51f972c,sheet1:R7,,,
d3f3a87ad3c920fd-sheet1-R6,2026-02-11,busan-suyeong,의회사무과,이랴이랴,구청 현안사항 청취를 위한 간담회,231000,d3f3a87ad3c920fd7cc7f7e7fe5e672b27494f25a1046b7e00265f0ed349cd24,sheet1:R6,,,
d3f3a87ad3c920fd-sheet1-R7,2026-02-26,busan-suyeong,의회사무과,SSG.COM/네이버,직원 노고 격려 간식 구입,140690,d3f3a87ad3c920fd7cc7f7e7fe5e672b27494f25a1046b7e00265f0ed349cd24,sheet1:R7,,,
c2046eb42f1de2b5-sheet1-R6,2026-02-06,busan-suyeong,광안3동,스타벅스 코리아,내방객 접대용 음료 구입,30000,c2046eb42f1de2b5576ff72ffd405952c75ff384167c28717a6be80a5c19cf56,sheet1:R6,,,
c2046eb42f1de2b5-sheet1-R7,2026-02-11,busan-suyeong,광안3동,손가네 정육식당,바르게살기운동 위원과의 신년 간담회 개최 건의,200000,c2046eb42f1de2b5576ff72ffd405952c75ff384167c28717a6be80a5c19cf56,sheet1:R7,,,
c2046eb42f1de2b5-sheet1-R8,2026-02-12,busan-suyeong,광안3동,KCP-결제,부서 운영 음료 구입,78000,c2046eb42f1de2b5576ff72ffd405952c75ff384167c28717a6be80a5c19cf56,sheet1:R8,,,
c2046eb42f1de2b5-sheet1-R9,2026-02-20,busan-suyeong,광안3동,수영삼겹살,수영사랑회 위원과의 신년 간담회 개최 건의,300000,c2046eb42f1de2b5576ff72ffd405952c75ff384167c28717a6be80a5c19cf56,sheet1:R9,,,
c2046eb42f1de2b5-sheet1-R10,2026-02-26,busan-suyeong,광안3동,김춘장,방위협의회 회원과의 간담회 개최 건의,200000,c2046eb42f1de2b5576ff72ffd405952c75ff384167c28717a6be80a5c19cf56,sheet1:R10,,,
c2046eb42f1de2b5-sheet1-R11,2026-02-27,busan-suyeong,광안3동,수복낙지,지역사회보장협의체 위원과의 간담회 개최 건의,192000,c2046eb42f1de2b5576ff72ffd405952c75ff384167c28717a6be80a5c19cf56,sheet1:R11,,,
05cc1f73497c2147-sheet1-R6,2026-02-11,busan-suyeong,망미2동,골목안뜨락,망미2동 지역사회보장협의체 노고 격려 간담회,330000,05cc1f73497c2147f622b4541dec0dc3875c6e7a67c6606ad8c5d8db0c91146f,sheet1:R6,,,
05cc1f73497c2147-sheet1-R7,2026-02-20,busan-suyeong,망미2동,골목안뜨락,장학회 정기총회 개최 및 운영 활성화 논의를 위한 간담회,150000,05cc1f73497c2147f622b4541dec0dc3875c6e7a67c6606ad8c5d8db0c91146f,sheet1:R7,,,
05cc1f73497c2147-sheet1-R8,2026-02-20,busan-suyeong,망미2동,동양마트 수영점,부서 직원 다과 구입,337000,05cc1f73497c2147f622b4541dec0dc3875c6e7a67c6606ad8c5d8db0c91146f,sheet1:R8,,,
05cc1f73497c2147-sheet1-R9,2026-02-23,busan-suyeong,망미2동,시골암돼지갈비,망미2동 주민자치위원회 노고 격려 간담회,400000,05cc1f73497c2147f622b4541dec0dc3875c6e7a67c6606ad8c5d8db0c91146f,sheet1:R9,,,
05cc1f73497c2147-sheet1-R10,2026-02-26,busan-suyeong,망미2동,델피하우스,망미2동 자유총연맹 노고 격려 간담회,300000,05cc1f73497c2147f622b4541dec0dc3875c6e7a67c6606ad8c5d8db0c91146f,sheet1:R10,,,
1dfe240349020f64-sheet1-R6,2026-02-06,busan-suyeong,광안4동,쿠팡㈜,2026년 설 명절맞이 상근직원 격려물품 구입(카드결제),252780,1dfe240349020f64bb170e2bb9cfd6c9a6896259ebdb894747ef3bacac475719,sheet1:R6,,,
1dfe240349020f64-sheet1-R7,2026-02-19,busan-suyeong,광안4동,㈜지앤지광안점,다과 구입(카드결제),100000,1dfe240349020f64bb170e2bb9cfd6c9a6896259ebdb894747ef3bacac475719,sheet1:R7,,,
a52189ca9bd71471-sheet1-R6,2026-02-02,busan-suyeong,세무2과,플랜터,「수영구 선결제」부서운영업무추진비 선결제 3차,270000,a52189ca9bd7147159c3ce2c155daf58ec22e653f4dc32c384a59dca2bdebc15,sheet1:R6,,,
ab446976428504ee-sheet1-R5,2026-02-02,busan-suyeong,민원여권과,관내식당,여권기록물계 직원 간담회,228000,ab446976428504eecc02cff2b160039c73b81bd42936a0f7c7dfe8661d9da7e0,sheet1:R5,,,
ab446976428504ee-sheet1-R6,2026-02-03,busan-suyeong,민원여권과,관내식당,민원계 직원 간담회,245000,ab446976428504eecc02cff2b160039c73b81bd42936a0f7c7dfe8661d9da7e0,sheet1:R6,,,
ab446976428504ee-sheet1-R7,2026-02-05,busan-suyeong,민원여권과,관내식당,가족관계등록계 직원 간담회,190000,ab446976428504eecc02cff2b160039c73b81bd42936a0f7c7dfe8661d9da7e0,sheet1:R7,,,
a874d8dabda65281-sheet1-R5,2026-02-10,busan-suyeong,기초생활보장과,정순옥,생활보장위원회 운영 논의를 위한 간담회 개최,162000,a874d8dabda6528122534675185e8f6dab165de7af847b7df06b23be982516c8,sheet1:R5,,,
a874d8dabda65281-sheet1-R6,2026-02-10,busan-suyeong,기초생활보장과,고기굽는남자 광안리직영점,수영구 선결제 추진 관련 부서운영업무추진비 집행,750000,a874d8dabda6528122534675185e8f6dab165de7af847b7df06b23be982516c8,sheet1:R6,,,
66260d3d17dcc8c3-sheet1-R6,2026-02-04,busan-suyeong,토지정보과,푸실(PUSIL),2026.1.1.기준 개별공시지가 산정 업무 추진 간담회 개최,220000,66260d3d17dcc8c37928de92ca48ad7b9700e3b9e051f05886d5c1f310e0d6ff,sheet1:R6,,,
66260d3d17dcc8c3-sheet1-R7,2026-02-13,busan-suyeong,토지정보과,고기굽는남자 광안리직영점,업무 추진 노고 격려 간담회 개최 건의,796000,66260d3d17dcc8c37928de92ca48ad7b9700e3b9e051f05886d5c1f310e0d6ff,sheet1:R7,,,
66260d3d17dcc8c3-sheet1-R8,2026-02-23,busan-suyeong,토지정보과,JC할인마트,"수영구 선(先)결제 추진에 따른 부서 간식 구입 건의(일상경비, 카드결제)",190000,66260d3d17dcc8c37928de92ca48ad7b9700e3b9e051f05886d5c1f310e0d6ff,sheet1:R8,,,
66260d3d17dcc8c3-sheet1-R9,2026-02-27,busan-suyeong,토지정보과,유황돈돼지생오리,도로명주소 업무 추진 간담회 개최,250000,66260d3d17dcc8c37928de92ca48ad7b9700e3b9e051f05886d5c1f310e0d6ff,sheet1:R9,,,
d9705f3211cdd731-sheet1-R5,2026-02-25,busan-suyeong,환경위생과,홍옥당,물의 날 맞이 행사 홍보 활동 관련 다과 구입,50000,d9705f3211cdd7311a9e65ea42c3c4d720059d4e8097a8abfa49e6029bab9fed,sheet1:R5,,,
28b660e82cebe85f-sheet1-R5,2026-01-14,busan-suyeong,환경위생과,칠복장어,수질환경보전 업무추진을 위한 간담회,200000,28b660e82cebe85ffe7d743bd3ce6935de2a2358787858699e994e062a913d50,sheet1:R5,9ec03d57563190eed3a9b89c26de8340c5dcbfcf5c3b6abcab7b86b1870b1d88:sheet1:R5,,
28b660e82cebe85f-sheet1-R6,2026-02-12,busan-suyeong,환경위생과,북경양꼬치,2026년 상반기 환경시책 업무 협의 간담회,280000,28b660e82cebe85ffe7d743bd3ce6935de2a2358787858699e994e062a913d50,sheet1:R6,9ec03d57563190eed3a9b89c26de8340c5dcbfcf5c3b6abcab7b86b1870b1d88:sheet1:R6,,
28b660e82cebe85f-sheet1-R7,2026-01-23,busan-suyeong,환경위생과,퇴근길횟집,식품위생분야 업무추진을 위한 간담회,210000,28b660e82cebe85ffe7d743bd3ce6935de2a2358787858699e994e062a913d50,sheet1:R7,9ec03d57563190eed3a9b89c26de8340c5dcbfcf5c3b6abcab7b86b1870b1d88:sheet1:R7,,
28b660e82cebe85f-sheet1-R8,2026-01-28,busan-suyeong,환경위생과,송계옥,공중위생분야 업무추진을 위한 간담회,160000,28b660e82cebe85ffe7d743bd3ce6935de2a2358787858699e994e062a913d50,sheet1:R8,9ec03d57563190eed3a9b89c26de8340c5dcbfcf5c3b6abcab7b86b1870b1d88:sheet1:R8,,
28b660e82cebe85f-sheet1-R9,2026-01-28,busan-suyeong,환경위생과,고성범연탄구이,2026.2.1.자 인사발령으로 인한 직원 격려 간담회,722500,28b660e82cebe85ffe7d743bd3ce6935de2a2358787858699e994e062a913d50,sheet1:R9,9ec03d57563190eed3a9b89c26de8340c5dcbfcf5c3b6abcab7b86b1870b1d88:sheet1:R9,,
28b660e82cebe85f-sheet1-R10,2026-01-28,busan-suyeong,환경위생과,노씨커피,2026.2.1.자 인사발령으로 인한 직원 격려 간담회,115000,28b660e82cebe85ffe7d743bd3ce6935de2a2358787858699e994e062a913d50,sheet1:R10,9ec03d57563190eed3a9b89c26de8340c5dcbfcf5c3b6abcab7b86b1870b1d88:sheet1:R10,,
28b660e82cebe85f-sheet1-R11,2026-01-29,busan-suyeong,환경위생과,플렌터,지하수관리 업무추진을 위한 간담회,250000,28b660e82cebe85ffe7d743bd3ce6935de2a2358787858699e994e062a913d50,sheet1:R11,9ec03d57563190eed3a9b89c26de8340c5dcbfcf5c3b6abcab7b86b1870b1d88:sheet1:R11,,
2d04be7b6b5d07f9-sheet1-R6,2026-01-07,busan-suyeong,행정지원과,신센,브레이킹 실업팀 선수단 격려 간담회 개최,137500,2d04be7b6b5d07f9bf8698a8a9a70db89d05f8cce693ea582d59ad5b05b153e6,sheet1:R6,,,
2d04be7b6b5d07f9-sheet1-R7,2026-01-07,busan-suyeong,행정지원과,탐정사무소,인사관련 현안업무 논의를 위한 감담회 개최,40000,2d04be7b6b5d07f9bf8698a8a9a70db89d05f8cce693ea582d59ad5b05b153e6,sheet1:R7,,,
2d04be7b6b5d07f9-sheet1-R8,2026-01-13,busan-suyeong,행정지원과,홍유단,공공건축물 건립 추진 관련 간담회 개최 건의,450000,2d04be7b6b5d07f9bf8698a8a9a70db89d05f8cce693ea582d59ad5b05b153e6,sheet1:R8,,,
2d04be7b6b5d07f9-sheet1-R9,2026-01-13,busan-suyeong,행정지원과,대한적십자사 부산지사,2026년도 적십자 특별회비 납부,1000000,2d04be7b6b5d07f9bf8698a8a9a70db89d05f8cce693ea582d59ad5b05b153e6,sheet1:R9,,,
2d04be7b6b5d07f9-sheet1-R10,2026-01-14,busan-suyeong,행정지원과,"이층 쿡(Cook), 서울부대찌개",맞춤형복지제도 운영 논의 간담회,205000,2d04be7b6b5d07f9bf8698a8a9a70db89d05f8cce693ea582d59ad5b05b153e6,sheet1:R10,,,
2d04be7b6b5d07f9-sheet1-R11,2026-01-19,busan-suyeong,행정지원과,수미식당,청원경찰 고충상담 및 노고 격려 간담회 개최,400000,2d04be7b6b5d07f9bf8698a8a9a70db89d05f8cce693ea582d59ad5b05b153e6,sheet1:R11,,,
2d04be7b6b5d07f9-sheet1-R12,2026-01-16,busan-suyeong,행정지원과,(주)부산은행(온누리상품권),[일상경비]1월 직원 생일 축하 격려 온누리상품권 구입(카드결제),1620000,2d04be7b6b5d07f9bf8698a8a9a70db89d05f8cce693ea582d59ad5b05b153e6,sheet1:R12,,,
2d04be7b6b5d07f9-sheet1-R13,2026-01-21,busan-suyeong,행정지원과,광안리 신라횟집,새마을문고수영구지부 사업계획 활성화를 위한 간담회 개최,315000,2d04be7b6b5d07f9bf8698a8a9a70db89d05f8cce693ea582d59ad5b05b153e6,sheet1:R13,,,
2d04be7b6b5d07f9-sheet1-R14,2026-01-22,busan-suyeong,행정지원과,광안리 신라횟집,수영구새마을부녀회 사업계획 활성화를 위한 간담회 개최,310000,2d04be7b6b5d07f9bf8698a8a9a70db89d05f8cce693ea582d59ad5b05b153e6,sheet1:R14,,,
2d04be7b6b5d07f9-sheet1-R15,2026-01-20,busan-suyeong,행정지원과,카페캐빈(Cafe Cabin),제9회 전국동시지방선거 추진 간담회 개최,385000,2d04be7b6b5d07f9bf8698a8a9a70db89d05f8cce693ea582d59ad5b05b153e6,sheet1:R15,,,
2d04be7b6b5d07f9-sheet1-R16,2026-01-28,busan-suyeong,행정지원과,카페캐빈(Cafe Cabin),주민자치회 활성화 논의를 위한 간담회 개최 건의,480000,2d04be7b6b5d07f9bf8698a8a9a70db89d05f8cce693ea582d59ad5b05b153e6,sheet1:R16,,,
2d04be7b6b5d07f9-sheet1-R17,2026-01-30,busan-suyeong,행정지원과,동화대반점,공무직 단체협약 추진논의 간담회,220000,2d04be7b6b5d07f9bf8698a8a9a70db89d05f8cce693ea582d59ad5b05b153e6,sheet1:R17,,,
c16774df8677fa53-sheet1-R5,2026-01-19,busan-suyeong,평생교육과,오지테이블,인사이동에 따른 직원 환영 간담회 개최,202800,c16774df8677fa53aa4f359a4d26421eb01b3556bf7f6d68617e850eaf976b19,sheet1:R5,,,
c16774df8677fa53-sheet1-R6,2026-01-28,busan-suyeong,평생교육과,양포항,평생학습계 시책추진업무추진비 착한결제(선결제)(카드결제),270000,c16774df8677fa53aa4f359a4d26421eb01b3556bf7f6d68617e850eaf976b19,sheet1:R6,,,
c16774df8677fa53-sheet1-R7,2026-01-28,busan-suyeong,평생교육과,오지테이블,평생학습계 시책추진업무추진비 착한결제(선결제)(카드결제),270000,c16774df8677fa53aa4f359a4d26421eb01b3556bf7f6d68617e850eaf976b19,sheet1:R7,,,
c16774df8677fa53-sheet1-R8,2026-01-28,busan-suyeong,평생교육과,남천삼계탕,부서운영업무추진비 착한결제(선결제) 추진계획,480000,c16774df8677fa53aa4f359a4d26421eb01b3556bf7f6d68617e850eaf976b19,sheet1:R8,,,
c16774df8677fa53-sheet1-R9,2026-01-28,busan-suyeong,평생교육과,고기굽는남자 광안리직영점,부서운영업무추진비 착한결제(선결제) 추진계획,480000,c16774df8677fa53aa4f359a4d26421eb01b3556bf7f6d68617e850eaf976b19,sheet1:R9,,,
b80c663def8c45fc-sheet1-R6,2026-01-12,busan-suyeong,행정문화국장,살몬브라더스,행정문화국 업무추진 논의 간담회,208000,b80c663def8c45fc5ba193888a39a1675c3d480a3b5e85fb77a14e58174a6e3b,sheet1:R6,,,
b80c663def8c45fc-sheet1-R7,2026-01-16,busan-suyeong,행정문화국장,"미포집, 스타벅스",수영구 공무원노조와의 간담회,280300,b80c663def8c45fc5ba193888a39a1675c3d480a3b5e85fb77a14e58174a6e3b,sheet1:R7,,,
b80c663def8c45fc-sheet1-R8,2026-01-28,busan-suyeong,행정문화국장,예옌,수영구 착한결제,480000,b80c663def8c45fc5ba193888a39a1675c3d480a3b5e85fb77a14e58174a6e3b,sheet1:R8,,,
b80c663def8c45fc-sheet1-R9,2026-01-16,busan-suyeong,행정문화국장,부갈집,수영구 통합방위협의회 활성화방안 논의 간담회,290000,b80c663def8c45fc5ba193888a39a1675c3d480a3b5e85fb77a14e58174a6e3b,sheet1:R9,,,
b80c663def8c45fc-sheet1-R10,2026-01-19,busan-suyeong,행정문화국장,"미포집, 스타벅스",수영문화원 사업추진 논의 간담회,234100,b80c663def8c45fc5ba193888a39a1675c3d480a3b5e85fb77a14e58174a6e3b,sheet1:R10,,,
b80c663def8c45fc-sheet1-R11,2026-01-20,busan-suyeong,행정문화국장,해락 생선구이,광안리해수욕장 운영 논의를 위한 간담회,75000,b80c663def8c45fc5ba193888a39a1675c3d480a3b5e85fb77a14e58174a6e3b,sheet1:R11,,,
b80c663def8c45fc-sheet1-R12,2026-01-26,busan-suyeong,행정문화국장,서리단,새마을지도자수영구협의회 사업 활성화를 위한 간담회,288000,b80c663def8c45fc5ba193888a39a1675c3d480a3b5e85fb77a14e58174a6e3b,sheet1:R12,,,
b80c663def8c45fc-sheet1-R13,2026-01-28,busan-suyeong,행정문화국장,신라횟집,수영구 착한결제,480000,b80c663def8c45fc5ba193888a39a1675c3d480a3b5e85fb77a14e58174a6e3b,sheet1:R13,,,
b80c663def8c45fc-sheet1-R14,2026-01-29,busan-suyeong,행정문화국장,홍유단,수영구자원봉사센터 법인운영 및 사업활성화 간담회,247000,b80c663def8c45fc5ba193888a39a1675c3d480a3b5e85fb77a14e58174a6e3b,sheet1:R14,,,
b80c663def8c45fc-sheet1-R15,2026-01-30,busan-suyeong,행정문화국장,현대옥,예비군 육성지원 논의를 위한 간담회,149000,b80c663def8c45fc5ba193888a39a1675c3d480a3b5e85fb77a14e58174a6e3b,sheet1:R15,,,
b80c663def8c45fc-sheet1-R16,2026-01-30,busan-suyeong,행정문화국장,스타벅스,예비군 육성지원 논의를 위한 간담회,55500,b80c663def8c45fc5ba193888a39a1675c3d480a3b5e85fb77a14e58174a6e3b,sheet1:R16,,,
e0dff446448531a3-sheet1-R6,2026-01-06,busan-suyeong,부구청장,메가마트,부구청장 비서실 내방객 다과구입,85680,e0dff446448531a382e1f4a78881a48d10f0cb3442b280fdf9d56f176ed995a6,sheet1:R6,,,
e0dff446448531a3-sheet1-R7,2026-01-06,busan-suyeong,부구청장,개인(성명 비공개),소속 상근 직원에 대한 경조사비 지급,100000,e0dff446448531a382e1f4a78881a48d10f0cb3442b280fdf9d56f176ed995a6,sheet1:R7,,,
e0dff446448531a3-sheet1-R8,2026-01-13,busan-suyeong,부구청장,개인(성명 비공개),소속 상근 직원에 대한 경조사비 지급,100000,e0dff446448531a382e1f4a78881a48d10f0cb3442b280fdf9d56f176ed995a6,sheet1:R8,,,
e0dff446448531a3-sheet1-R9,2026-01-13,busan-suyeong,부구청장,김연수순쌀빵,청원경찰 노고격려를 위한 간식구입,100000,e0dff446448531a382e1f4a78881a48d10f0cb3442b280fdf9d56f176ed995a6,sheet1:R9,,,
e0dff446448531a3-sheet1-R10,2026-01-19,busan-suyeong,부구청장,김연수순쌀빵,동 행정복지센터 현안업무 추진 노고격려 간식구입(광안2동),154000,e0dff446448531a382e1f4a78881a48d10f0cb3442b280fdf9d56f176ed995a6,sheet1:R10,,,
e0dff446448531a3-sheet1-R11,2026-01-19,busan-suyeong,부구청장,양산도,동 행정복지센터 현안업무 추진 노고격려 간담회(광안2동),200000,e0dff446448531a382e1f4a78881a48d10f0cb3442b280fdf9d56f176ed995a6,sheet1:R11,,,
e0dff446448531a3-sheet1-R12,2026-01-19,busan-suyeong,부구청장,오지테이블,수영구 착한결제,900000,e0dff446448531a382e1f4a78881a48d10f0cb3442b280fdf9d56f176ed995a6,sheet1:R12,,,
e0dff446448531a3-sheet1-R13,2026-01-20,busan-suyeong,부구청장,개인(성명 비공개),소속 상근 직원에 대한 경조사비 지급,50000,e0dff446448531a382e1f4a78881a48d10f0cb3442b280fdf9d56f176ed995a6,sheet1:R13,,,
e0dff446448531a3-sheet1-R14,2026-01-20,busan-suyeong,부구청장,송원일식,수영구 착한결제,900000,e0dff446448531a382e1f4a78881a48d10f0cb3442b280fdf9d56f176ed995a6,sheet1:R14,,,
e0dff446448531a3-sheet1-R15,2026-01-26,busan-suyeong,부구청장,김연수순쌀빵,동 행정복지센터 현안업무 추진 노고격려 간식구입(남천1동),140000,e0dff446448531a382e1f4a78881a48d10f0cb3442b280fdf9d56f176ed995a6,sheet1:R15,,,
e0dff446448531a3-sheet1-R16,2026-01-26,busan-suyeong,부구청장,정담정,동 행정복지센터 현안업무 추진 노고격려 간담회(남천1동),91000,e0dff446448531a382e1f4a78881a48d10f0cb3442b280fdf9d56f176ed995a6,sheet1:R16,,,
e0dff446448531a3-sheet1-R17,2026-01-28,busan-suyeong,부구청장,김연수순쌀빵,동 행정복지센터 현안업무 추진 노고격려 간식구입(망미1동),190000,e0dff446448531a382e1f4a78881a48d10f0cb3442b280fdf9d56f176ed995a6,sheet1:R17,,,
e0dff446448531a3-sheet1-R18,2026-01-28,busan-suyeong,부구청장,마이클어반팜테이블,동 행정복지센터 현안업무 추진 노고격려 간담회(망미1동),206000,e0dff446448531a382e1f4a78881a48d10f0cb3442b280fdf9d56f176ed995a6,sheet1:R18,,,
e0dff446448531a3-sheet1-R19,2026-01-28,busan-suyeong,부구청장,급행장,관내 역사 및 환경연구 논의를 위한 간담회,450000,e0dff446448531a382e1f4a78881a48d10f0cb3442b280fdf9d56f176ed995a6,sheet1:R19,,,
e0dff446448531a3-sheet1-R20,2026-01-29,busan-suyeong,부구청장,김연수순쌀빵,동 행정복지센터 현안업무 추진 노고격려 간식구입(망미2동),140000,e0dff446448531a382e1f4a78881a48d10f0cb3442b280fdf9d56f176ed995a6,sheet1:R20,,,
e0dff446448531a3-sheet1-R21,2026-01-29,busan-suyeong,부구청장,어보제철소,동 행정복지센터 현안업무 추진 노고격려 간담회(망미2동),204000,e0dff446448531a382e1f4a78881a48d10f0cb3442b280fdf9d56f176ed995a6,sheet1:R21,,,
e0dff446448531a3-sheet1-R22,2026-01-12,busan-suyeong,부구청장,소양,도시정비사업 추진논의 간담회,450000,e0dff446448531a382e1f4a78881a48d10f0cb3442b280fdf9d56f176ed995a6,sheet1:R22,,,
e0dff446448531a3-sheet1-R23,2026-01-27,busan-suyeong,부구청장,귀희한식 외 1,수영구 착한결제,1800000,e0dff446448531a382e1f4a78881a48d10f0cb3442b280fdf9d56f176ed995a6,sheet1:R23,,,
e0dff446448531a3-sheet1-R24,2026-01-30,busan-suyeong,부구청장,급행장,관내 역사 및 환경연구 논의를 위한 간담회,450000,e0dff446448531a382e1f4a78881a48d10f0cb3442b280fdf9d56f176ed995a6,sheet1:R24,,,
bd77208b497dda95-sheet1-R6,2026-01-28,busan-suyeong,건강증진과,컴포즈커피 수영로점,방문건강관리사업 및 호스피스사업 운영 관련 간담회,35900,bd77208b497dda95dcfb1459743ae2e17346133f1783a67db087a83497b6b429,sheet1:R6,,,
bd77208b497dda95-sheet1-R7,2026-01-28,busan-suyeong,건강증진과,백덕장 코다리 수영본점,방문건강관리사업 및 호스피스사업 운영 관련 간담회,219000,bd77208b497dda95dcfb1459743ae2e17346133f1783a67db087a83497b6b429,sheet1:R7,,,
66ba639a57550975-sheet1-R6,2026-01-20,busan-suyeong,건축과,쿠팡/쿠팡페이 주식회사,직원 및 내방객용 다과 구입,159930,66ba639a57550975e6ca10dd3d78faf2a83d8d0db894f7c2558e0d0683283954,sheet1:R6,,,
66ba639a57550975-sheet1-R7,2026-01-27,busan-suyeong,건축과,거북이동네 부산남천점,직원 인사이동에 따른 간담회 개최,794250,66ba639a57550975e6ca10dd3d78faf2a83d8d0db894f7c2558e0d0683283954,sheet1:R7,,,
f46721f233f91d60-sheet1-R6,2026-01-07,busan-suyeong,보건행정과,하이오 수영광안점외 1,지역보건의료계획 작성을 위한 감담회 개최 건의,124800,f46721f233f91d600f139346fa3b705112a90d7718be30d259b35993f66ca1a4,sheet1:R6,,,
f46721f233f91d60-sheet1-R7,2026-01-13,busan-suyeong,보건행정과,원할머니보쌈 박가부대찌개 부산광안점,민원실 직원 노고 격려 간담회 개최,82000,f46721f233f91d600f139346fa3b705112a90d7718be30d259b35993f66ca1a4,sheet1:R7,,,
f46721f233f91d60-sheet1-R8,2026-01-22,busan-suyeong,보건행정과,직원 경조사비,소속 상근직원에 대한 경조사비 지출,50000,f46721f233f91d600f139346fa3b705112a90d7718be30d259b35993f66ca1a4,sheet1:R8,,,
f46721f233f91d60-sheet1-R9,2026-01-26,busan-suyeong,보건행정과,지에스25 광안한빛점외 2,건강생활실천협의 및 지역보건의료심위의원회 운영 생수 및 다과 구입(카드결제),201900,f46721f233f91d600f139346fa3b705112a90d7718be30d259b35993f66ca1a4,sheet1:R9,,,
f46721f233f91d60-sheet1-R10,2026-01-27,busan-suyeong,보건행정과,대가삼계탕,인사발령에 따른 직원격려 간담회 개최,240000,f46721f233f91d600f139346fa3b705112a90d7718be30d259b35993f66ca1a4,sheet1:R10,,,
f46721f233f91d60-sheet1-R11,2026-01-30,busan-suyeong,보건행정과,원할머니보쌈 박가부대찌개 부산광안점,직원 격려를 위한 간담회 개최 건의,25000,f46721f233f91d600f139346fa3b705112a90d7718be30d259b35993f66ca1a4,sheet1:R11,,,
cdab5889b4b7c4be-sheet1-R5,2026-01-07,busan-suyeong,관광스포츠과,이대명과 남천점,2026 광안리 M 드론라이트쇼 설날 특별공원 유관기관 업무협의 다과 구매,80000,cdab5889b4b7c4be861948d5beac6f40e530986b758bcea66ccd4d7ce8479b5c,sheet1:R5,,,
cdab5889b4b7c4be-sheet1-R6,2026-01-23,busan-suyeong,관광스포츠과,신라횟집,관광시책업무 추진 방향 논의를 위한 간담회 개최,82000,cdab5889b4b7c4be861948d5beac6f40e530986b758bcea66ccd4d7ce8479b5c,sheet1:R6,,,
7a4c55818c052544-sheet1-R5,2026-01-16,busan-suyeong,건설과,대박생오리,2026년 상반기 인사에 따른 간담회 개최,720000,7a4c55818c0525445d140ceebb7d55e6c2b854798bb757a293adaeb11c15edff,sheet1:R5,,,
55bb88147b6ac657-sheet1-R6,2026-01-06,busan-suyeong,남천1동,고짚 광안리직영점,청년회 업무협의 간담회,200000,55bb88147b6ac65797ef684825e0188f9be5117921b31488bad0a745372cfff2,sheet1:R6,,,
55bb88147b6ac657-sheet1-R7,2026-01-23,busan-suyeong,남천1동,쿠팡 / 푸릇,내방객 다과 구입,176800,55bb88147b6ac65797ef684825e0188f9be5117921b31488bad0a745372cfff2,sheet1:R7,,,
a343b07328e8fbb3-sheet1-R6,2026-01-27,busan-suyeong,세무1과,귀희 한식,「2026년 수영구 선(先)결제 」시책추진업무추진비 선결제,350000,a343b07328e8fbb31b9ce747508b46a556d05d3090a17aa2b27ecb4b7373b87b,sheet1:R6,,,
a343b07328e8fbb3-sheet1-R7,2026-01-27,busan-suyeong,세무1과,유황돈돼지생오리,「2026년 수영구 선(先)결제 」부서운영업무추진비 선결제,720000,a343b07328e8fbb31b9ce747508b46a556d05d3090a17aa2b27ecb4b7373b87b,sheet1:R7,,,
a343b07328e8fbb3-sheet1-R8,2026-02-02,busan-suyeong,세무1과,유황돈돼지생오리,세무1과 직원 격려 간담회 개최,270000,a343b07328e8fbb31b9ce747508b46a556d05d3090a17aa2b27ecb4b7373b87b,sheet1:R8,,,
1f17eff0d94e42bb-sheet1-R6,2026-01-05,busan-suyeong,망미1동,윤슬곶(망미동),인사이동에 따른 직원 간담회 개최,102000,1f17eff0d94e42bb21291bbde27181d73ad37116d630636f2eb1938875077a33,sheet1:R6,,,
1f17eff0d94e42bb-sheet1-R7,2026-01-09,busan-suyeong,망미1동,초원식당(망미동),바르게살기위원회 위원과의 간담회 개최,200000,1f17eff0d94e42bb21291bbde27181d73ad37116d630636f2eb1938875077a33,sheet1:R7,,,
1f17eff0d94e42bb-sheet1-R8,2026-01-14,busan-suyeong,망미1동,우성삼계탕(광안동),야간명예동장과의 간담회 개최,56000,1f17eff0d94e42bb21291bbde27181d73ad37116d630636f2eb1938875077a33,sheet1:R8,,,
1f17eff0d94e42bb-sheet1-R9,2026-01-14,busan-suyeong,망미1동,루브린(위미리),주민자치위원회 위원과의 차담회 개최,144100,1f17eff0d94e42bb21291bbde27181d73ad37116d630636f2eb1938875077a33,sheet1:R9,,,
1f17eff0d94e42bb-sheet1-R10,2026-01-15,busan-suyeong,망미1동,쿠팡,부서 운영 음료 구입,115690,1f17eff0d94e42bb21291bbde27181d73ad37116d630636f2eb1938875077a33,sheet1:R10,,,
1f17eff0d94e42bb-sheet1-R11,2026-01-21,busan-suyeong,망미1동,페팽과자점(광안동),통장 병문안 및 격려 다과 구입,50000,1f17eff0d94e42bb21291bbde27181d73ad37116d630636f2eb1938875077a33,sheet1:R11,,,
1f17eff0d94e42bb-sheet1-R12,2026-01-28,busan-suyeong,망미1동,쿠팡,부서운영 커피 구입,168480,1f17eff0d94e42bb21291bbde27181d73ad37116d630636f2eb1938875077a33,sheet1:R12,,,
af219ef98230ecd9-sheet1-R6,2026-01-28,busan-suyeong,일자리경제과,송원일식,2.1.자 인사발령에 따른 전출직원과의 간담회 개최,220000,af219ef98230ecd9666f939748b1ed86de6290f2206b12056c018758a67a143d,sheet1:R6,,,
ce4f1bd318f0b16c-sheet1-R6,2026-01-05,busan-suyeong,일자리경제과,옵스,미래전략국 주요 업무보고 직원 격려 간식 지원,240000,ce4f1bd318f0b16c26e1a739089a60352f5e6e37720a26ab19e91d95126586f2,sheet1:R6,,,
ce4f1bd318f0b16c-sheet1-R7,2026-01-07,busan-suyeong,일자리경제과,부갈집,2026년 미래전략국 주요업무 논의 간담회,210000,ce4f1bd318f0b16c26e1a739089a60352f5e6e37720a26ab19e91d95126586f2,sheet1:R7,,,
ce4f1bd318f0b16c-sheet1-R8,2026-01-08,busan-suyeong,일자리경제과,유황돈돼지생오리,일자리 종합센터 운영 활성화를 위한 간담회 개최,145000,ce4f1bd318f0b16c26e1a739089a60352f5e6e37720a26ab19e91d95126586f2,sheet1:R8,,,
ce4f1bd318f0b16c-sheet1-R9,2026-01-08,busan-suyeong,일자리경제과,미래전략국장,소속 상근직원에 대한 경조사비 지급,50000,ce4f1bd318f0b16c26e1a739089a60352f5e6e37720a26ab19e91d95126586f2,sheet1:R9,,,
ce4f1bd318f0b16c-sheet1-R10,2026-01-12,busan-suyeong,일자리경제과,고기굽는남자 광안리직영점,골목형상점가 신규 지정 활성화를 위한 간담회 개최,300000,ce4f1bd318f0b16c26e1a739089a60352f5e6e37720a26ab19e91d95126586f2,sheet1:R10,,,
ce4f1bd318f0b16c-sheet1-R11,2026-01-14,busan-suyeong,일자리경제과,옵스,청소년 프로그램 운영 활성화를 위한 방문 간식 구입,114400,ce4f1bd318f0b16c26e1a739089a60352f5e6e37720a26ab19e91d95126586f2,sheet1:R11,,,
ce4f1bd318f0b16c-sheet1-R12,2026-01-19,busan-suyeong,일자리경제과,부갈집,청년공간 노고격려 운영 인력 노고격려 간담회,150000,ce4f1bd318f0b16c26e1a739089a60352f5e6e37720a26ab19e91d95126586f2,sheet1:R12,,,
ce4f1bd318f0b16c-sheet1-R13,2026-01-22,busan-suyeong,일자리경제과,"다이도코로, 벤베커 광안리점",미래전략국 서무담당자와의 간담회 개최,115200,ce4f1bd318f0b16c26e1a739089a60352f5e6e37720a26ab19e91d95126586f2,sheet1:R13,,,
ce4f1bd318f0b16c-sheet1-R14,2026-01-26,busan-suyeong,일자리경제과,부갈집,지역혁신 중심 대학지원체계(RISE) 사업 논의 간담회 개최,300000,ce4f1bd318f0b16c26e1a739089a60352f5e6e37720a26ab19e91d95126586f2,sheet1:R14,,,
ce4f1bd318f0b16c-sheet1-R15,2026-01-27,busan-suyeong,일자리경제과,푸실(PUISIL),2026년 미래전략국 주요업무 논의 간담회 개최,117000,ce4f1bd318f0b16c26e1a739089a60352f5e6e37720a26ab19e91d95126586f2,sheet1:R15,,,
ce4f1bd318f0b16c-sheet1-R16,2026-01-28,busan-suyeong,일자리경제과,부갈집,지역혁신 중심 대학지원체계(RISE) 사업 논의 간담회 개최,300000,ce4f1bd318f0b16c26e1a739089a60352f5e6e37720a26ab19e91d95126586f2,sheet1:R16,,,
ce4f1bd318f0b16c-sheet1-R17,2026-01-29,busan-suyeong,일자리경제과,대박생오리,2026년 미래전략국 주요업무 논의 간담회 개최,100000,ce4f1bd318f0b16c26e1a739089a60352f5e6e37720a26ab19e91d95126586f2,sheet1:R17,,,
ce4f1bd318f0b16c-sheet1-R18,2026-01-30,busan-suyeong,일자리경제과,오지테이블,수영구 청소년상담복지센터 현안업무 추진 간담회 개최,227800,ce4f1bd318f0b16c26e1a739089a60352f5e6e37720a26ab19e91d95126586f2,sheet1:R18,,,
16a0518de3403c39-sheet1-R6,2026-01-30,busan-suyeong,안전관리과,정식당,2.1.자 인사발령에 따른 전출직원과의 간담회 개최,151000,16a0518de3403c39010deea20bedcb36bec755ffe9f6f00a97a0c9425e8aabe2,sheet1:R6,,,
a8a0065d73bd9664-sheet1-R6,2026-01-12,busan-suyeong,안전도시국,정식당,안전도시국 주요사업 추진논의 간담회 개최,140000,a8a0065d73bd966433b268a708bf231cbf5adaa77d0b8526360e44c665a1db36,sheet1:R6,,,
a8a0065d73bd9664-sheet1-R7,2026-01-16,busan-suyeong,안전도시국,방파제식당,안전도시국 업무추진을 위한 간담회 개최,343000,a8a0065d73bd966433b268a708bf231cbf5adaa77d0b8526360e44c665a1db36,sheet1:R7,,,
a8a0065d73bd9664-sheet1-R8,2026-01-19,busan-suyeong,안전도시국,스시마츠,안전도시국 주요사업 추진논의 간담회 개최,100000,a8a0065d73bd966433b268a708bf231cbf5adaa77d0b8526360e44c665a1db36,sheet1:R8,,,
a8a0065d73bd9664-sheet1-R9,2026-01-26,busan-suyeong,안전도시국,귀희한식,안전도시국 주요사업 추진논의 간담회 개최,272000,a8a0065d73bd966433b268a708bf231cbf5adaa77d0b8526360e44c665a1db36,sheet1:R9,,,
a8a0065d73bd9664-sheet1-R10,2026-01-22,busan-suyeong,안전도시국,송원일식,건축행정 업무추진에 따른 관계자의 간담회 개최,143000,a8a0065d73bd966433b268a708bf231cbf5adaa77d0b8526360e44c665a1db36,sheet1:R10,,,
a8a0065d73bd9664-sheet1-R11,2026-01-28,busan-suyeong,안전도시국,남천삼계탕,안전도시국 전출직원과의 간담회 개최,272000,a8a0065d73bd966433b268a708bf231cbf5adaa77d0b8526360e44c665a1db36,sheet1:R11,,,
8a50acfa72f64890-sheet1-R6,2026-01-14,busan-suyeong,광안3동,족발쟁이,전입직원 격려 간담회 개최 건의,180000,8a50acfa72f648905ba5c8d0ed2e6737ba78a43ca394e9d28f413e10d80a02f3,sheet1:R6,,,
8a50acfa72f64890-sheet1-R7,2026-01-20,busan-suyeong,광안3동,스타벅스 코리아,2026년 상반기 직원 생일 격려품 구입,210000,8a50acfa72f648905ba5c8d0ed2e6737ba78a43ca394e9d28f413e10d80a02f3,sheet1:R7,,,
8a50acfa72f64890-sheet1-R8,2026-01-29,busan-suyeong,광안3동,화덕으로간고등어 광안리수변공원점,지역통합방위 협력체계 확립을 위한 간담회 개최 건의,147000,8a50acfa72f648905ba5c8d0ed2e6737ba78a43ca394e9d28f413e10d80a02f3,sheet1:R8,,,
8a50acfa72f64890-sheet1-R9,2026-01-30,busan-suyeong,광안3동,하나돈까스(남천점),사회복지 업무 추진 논의 간담회 개최 건의,78000,8a50acfa72f648905ba5c8d0ed2e6737ba78a43ca394e9d28f413e10d80a02f3,sheet1:R9,,,
78cbb6a3a70f8a68-sheet1-R6,2026-01-16,busan-suyeong,자원순환과,쿠팡,부서 운영 다과 구입,49030,78cbb6a3a70f8a6899a687e240feb4c52aec0868f22468e2862e3d38df4e36f7,sheet1:R6,,,
78cbb6a3a70f8a68-sheet1-R7,2026-01-23,busan-suyeong,자원순환과,다미복국,2026년도 환경공무직 업무 노고 격려 간담회 개최,360000,78cbb6a3a70f8a6899a687e240feb4c52aec0868f22468e2862e3d38df4e36f7,sheet1:R7,,,
7fca863f067a85dc-sheet1-R6,2026-01-07,busan-suyeong,망미2동,1983영희네,망미2동 방위협의회 노고 격려 간담회 개최,200000,7fca863f067a85dcb432beb900292d8fa85bcc001c34d958e2e64518c7aa302f,sheet1:R6,,,
7fca863f067a85dc-sheet1-R7,2026-01-13,busan-suyeong,망미2동,㈜부산은행,2026년 상반기 직원 생일 격려품(온누리상품권 구입),180000,7fca863f067a85dcb432beb900292d8fa85bcc001c34d958e2e64518c7aa302f,sheet1:R7,,,
7fca863f067a85dc-sheet1-R8,2026-01-23,busan-suyeong,망미2동,어보제철소,망미2통 통장협의회 우수 통장 간담회,184000,7fca863f067a85dcb432beb900292d8fa85bcc001c34d958e2e64518c7aa302f,sheet1:R8,,,
7fca863f067a85dc-sheet1-R9,2026-01-28,busan-suyeong,망미2동,행복한 느림보,부서 직원 다과 구입,149800,7fca863f067a85dcb432beb900292d8fa85bcc001c34d958e2e64518c7aa302f,sheet1:R9,,,
940b89f226510fd2-sheet1-R6,2026-01-13,busan-suyeong,기획감사실,쿠팡,"부서 직원용 간식, 음료 구입",279700,940b89f226510fd26e3f49f95b1b0ecfbbdd30f6eb294e02a22fe70411f2bc01,sheet1:R6,,,
940b89f226510fd2-sheet1-R7,2026-01-13,busan-suyeong,기획감사실,박가네,새수영 구보 발행 관계자와의 간담회,148000,940b89f226510fd26e3f49f95b1b0ecfbbdd30f6eb294e02a22fe70411f2bc01,sheet1:R7,,,
940b89f226510fd2-sheet1-R8,2026-01-15,busan-suyeong,기획감사실,광안리 신라횟집,구정 홍보 활성화를 위한 지역 언론사와의 간담회,225000,940b89f226510fd26e3f49f95b1b0ecfbbdd30f6eb294e02a22fe70411f2bc01,sheet1:R8,,,
940b89f226510fd2-sheet1-R9,2026-01-22,busan-suyeong,기획감사실,청송양곱창,수영구 언론사 사진기자와의 간담회,420000,940b89f226510fd26e3f49f95b1b0ecfbbdd30f6eb294e02a22fe70411f2bc01,sheet1:R9,,,
940b89f226510fd2-sheet1-R10,2026-01-23,busan-suyeong,기획감사실,푸릇,2026년 1월 중 신속집행 보고회 회의용 다과구입,105000,940b89f226510fd26e3f49f95b1b0ecfbbdd30f6eb294e02a22fe70411f2bc01,sheet1:R10,,,
940b89f226510fd2-sheet1-R11,2026-01-27,busan-suyeong,기획감사실,한양수퍼,기획업무용 음료 구입,55500,940b89f226510fd26e3f49f95b1b0ecfbbdd30f6eb294e02a22fe70411f2bc01,sheet1:R11,,,
940b89f226510fd2-sheet1-R12,2026-01-30,busan-suyeong,기획감사실,한양수퍼,업무평가위원회 회의용 다과 구매,132000,940b89f226510fd26e3f49f95b1b0ecfbbdd30f6eb294e02a22fe70411f2bc01,sheet1:R12,,,
38392084815c1a9b-sheet1-R6,2026-01-23,busan-suyeong,광안2동,낭만갈비,직원 및 단체워 노고격려등을 위한 간담회 개최건의(선결제),450000,38392084815c1a9b84d6cf4f44494760bf1d993a4d322fd9954e04202d262eb8,sheet1:R6,,,
38392084815c1a9b-sheet1-R7,2026-01-23,busan-suyeong,광안2동,우정숯불갈비,직원 및 단체워 노고격려등을 위한 간담회 개최건의(선결제),450000,38392084815c1a9b84d6cf4f44494760bf1d993a4d322fd9954e04202d262eb8,sheet1:R7,,,
38392084815c1a9b-sheet1-R8,2026-01-23,busan-suyeong,광안2동,금화원,직원 및 단체워 노고격려등을 위한 간담회 개최건의(선결제),450000,38392084815c1a9b84d6cf4f44494760bf1d993a4d322fd9954e04202d262eb8,sheet1:R8,,,
1971ccbbfdf31e2d-sheet1-R6,2026-01-07,busan-suyeong,의회사무과,㈜부산은행온누리상품권,2026년 직원 생일 격려품 구입,450000,1971ccbbfdf31e2d727b9bded835b682dd11340321afc902ecd141240f3785a4,sheet1:R6,,,
1971ccbbfdf31e2d-sheet1-R7,2026-01-07,busan-suyeong,의회사무과,송원일식,2025년도 의원 공무국외출장 심사위원회 간담회 개최,210000,1971ccbbfdf31e2d727b9bded835b682dd11340321afc902ecd141240f3785a4,sheet1:R7,,,
1971ccbbfdf31e2d-sheet1-R8,2026-01-12,busan-suyeong,의회사무과,샤브20,구청 현안사항 청취를 위한 간담회,71700,1971ccbbfdf31e2d727b9bded835b682dd11340321afc902ecd141240f3785a4,sheet1:R8,,,
1971ccbbfdf31e2d-sheet1-R9,2026-01-13,busan-suyeong,의회사무과,보돌미역 수영점,임시회 안건 관련 업무협의 간담회,87000,1971ccbbfdf31e2d727b9bded835b682dd11340321afc902ecd141240f3785a4,sheet1:R9,,,
1971ccbbfdf31e2d-sheet1-R10,2026-01-19,busan-suyeong,의회사무과,귀희한식,집행부 직원과의 간담회,280000,1971ccbbfdf31e2d727b9bded835b682dd11340321afc902ecd141240f3785a4,sheet1:R10,,,
1971ccbbfdf31e2d-sheet1-R11,2026-01-27,busan-suyeong,의회사무과,푸룻,인사업무 회의 참석자 음료 구입,72000,1971ccbbfdf31e2d727b9bded835b682dd11340321afc902ecd141240f3785a4,sheet1:R11,,,
1971ccbbfdf31e2d-sheet1-R12,2026-01-28,busan-suyeong,의회사무과,안동식당,임시회 운영 관련 업무협의 간담회,311000,1971ccbbfdf31e2d727b9bded835b682dd11340321afc902ecd141240f3785a4,sheet1:R12,,,
0ae5b809dc853237-sheet1-R5,2026-01-07,busan-suyeong,복지정책과,금강복아구,복지정책과 전입 직원과의 간담회,139000,0ae5b809dc853237eadbe6f0e411eb316fa15fa3f833ba69d28c32e82b245fc1,sheet1:R5,,,
0ae5b809dc853237-sheet1-R6,2026-01-28,busan-suyeong,복지정책과,미락뽈락,[드림스타트계]시책추진업무추진비 착한결제(선결제),320000,0ae5b809dc853237eadbe6f0e411eb316fa15fa3f833ba69d28c32e82b245fc1,sheet1:R6,,,
0c14e3c27072329a-sheet1-R4,2026-01-08,busan-suyeong,복지환경국장,송원일식,"복지환경국 전입 직원과의 간담회 개최(복지,가족,자원,환경)",240000,0c14e3c27072329aea3762c188e7dd858f7443715c78d5c0383cb58c9bbdd534,sheet1:R4,,,
0c14e3c27072329a-sheet1-R5,2026-01-13,busan-suyeong,복지환경국장,개인(성명 비공개),소속 상근직원에 대한 경조사비 지급,50000,0c14e3c27072329aea3762c188e7dd858f7443715c78d5c0383cb58c9bbdd534,sheet1:R5,,,
0c14e3c27072329a-sheet1-R6,2026-01-13,busan-suyeong,복지환경국장,진수산,복지환경국 현안업무추진 논의 간담회 개최,177000,0c14e3c27072329aea3762c188e7dd858f7443715c78d5c0383cb58c9bbdd534,sheet1:R6,,,
0c14e3c27072329a-sheet1-R7,2026-01-15,busan-suyeong,복지환경국장,다이도코로,복지환경국 전입 직원과의 간담회 개최(기초),112200,0c14e3c27072329aea3762c188e7dd858f7443715c78d5c0383cb58c9bbdd534,sheet1:R7,,,
0c14e3c27072329a-sheet1-R8,2026-01-16,busan-suyeong,복지환경국장,신라횟집,민관협력 업무추진 논의 간담회 개최,300000,0c14e3c27072329aea3762c188e7dd858f7443715c78d5c0383cb58c9bbdd534,sheet1:R8,,,
0c14e3c27072329a-sheet1-R9,2026-01-22,busan-suyeong,복지환경국장,고성범연탄구이,2026년 노인일자리사업 추진 논의 간담회 개최,394000,0c14e3c27072329aea3762c188e7dd858f7443715c78d5c0383cb58c9bbdd534,sheet1:R9,,,
0c14e3c27072329a-sheet1-R10,2026-01-26,busan-suyeong,복지환경국장,신라횟집,환경정책 업무추진 논의 간담회 개최,350000,0c14e3c27072329aea3762c188e7dd858f7443715c78d5c0383cb58c9bbdd534,sheet1:R10,,,
3289e222bf79fd5c-sheet1-R6,2026-01-05,busan-suyeong,가족행복과,유황돈돼지생오리(남천동),인사발령에 따른 가족행복과 직원 간담회 개최,235400,3289e222bf79fd5c74eb24c7c70028f09d527facd96fb8bbddd50ca606b3c53c,sheet1:R6,,,
5db15b17aab10469-sheet1-R6,2026-01-05,busan-suyeong,남천2동,오된장,전입 직원 격려 간담회,53000,5db15b17aab10469ce3d4f311bbf238e79e8268c5fccedb66c374c63420282c3,sheet1:R6,,,
5db15b17aab10469-sheet1-R7,2026-01-12,busan-suyeong,남천2동,김연수순쌀빵,동 내방객 다과 구입,200000,5db15b17aab10469ce3d4f311bbf238e79e8268c5fccedb66c374c63420282c3,sheet1:R7,,,
5db15b17aab10469-sheet1-R8,2026-01-16,busan-suyeong,남천2동,박만배아리랑보쌈 광안리점,사회복지 업무 추진 논의 간담회,36000,5db15b17aab10469ce3d4f311bbf238e79e8268c5fccedb66c374c63420282c3,sheet1:R8,,,
5db15b17aab10469-sheet1-R9,2026-01-20,busan-suyeong,남천2동,청사옥 옥시보리밥,남천동 동민장학회 활성화 방안 논의 간담회,60000,5db15b17aab10469ce3d4f311bbf238e79e8268c5fccedb66c374c63420282c3,sheet1:R9,,,
5db15b17aab10469-sheet1-R10,2026-01-20,busan-suyeong,남천2동,경례대구뽈찜,수영사랑회 활동 격려 간담회,157000,5db15b17aab10469ce3d4f311bbf238e79e8268c5fccedb66c374c63420282c3,sheet1:R10,,,
5db15b17aab10469-sheet1-R11,2026-01-23,busan-suyeong,남천2동,광안식객,새마을문고 회원 노고 격려 간담회,300000,5db15b17aab10469ce3d4f311bbf238e79e8268c5fccedb66c374c63420282c3,sheet1:R11,,,
64e58c3588372394-sheet1-R6,2026-01-26,busan-suyeong,수영동,도도수영마을협동조합,내방객 접대용 음료 및 다과 구입,100000,64e58c3588372394dfe74a64c61939dca06984e8874c36a962e324041da2fcde,sheet1:R6,,,
0130fcda4ec87d36-sheet1-R6,2026-01-07,busan-suyeong,스마트도시과,도도수영마을관리사회적협동조합,어울림센터 운영 방안 논의를 위한 간담회 개최,150000,0130fcda4ec87d36f46506bf58737f64ac0da479705b7a12a027ae42a812a19c,sheet1:R6,,,
0130fcda4ec87d36-sheet1-R7,2026-01-12,busan-suyeong,스마트도시과,현대자동차 모터스튜디오 부산,해피챌린지 업무 추진을 위한 간담회 개최,108000,0130fcda4ec87d36f46506bf58737f64ac0da479705b7a12a027ae42a812a19c,sheet1:R7,,,
0130fcda4ec87d36-sheet1-R8,2026-01-16,busan-suyeong,스마트도시과,스시마츠,전입직원 격려 간담회 개최 건의(카드결제),180000,0130fcda4ec87d36f46506bf58737f64ac0da479705b7a12a027ae42a812a19c,sheet1:R8,,,
0130fcda4ec87d36-sheet1-R9,2026-01-19,busan-suyeong,스마트도시과,쿠팡(주),부서 운영 물품 구입(카드결제),132870,0130fcda4ec87d36f46506bf58737f64ac0da479705b7a12a027ae42a812a19c,sheet1:R9,,,
4c7c5c5d959bb0b2-sheet1-R6,2026-01-07,busan-suyeong,토지정보과,쿠팡,부서 커피 구입,24670,4c7c5c5d959bb0b236ec78a09caa6ad37969b78476cd0c95e59ee572e83c85bc,sheet1:R6,,,
7a15818690191dd1-sheet1-R5,2026-01-15,busan-suyeong,민원여권과,관내식당,민원조정위원회 활성화 논의 간담회,154000,7a15818690191dd1a996320209cecf7c853c3c94567334075404223bc4ddbac5,sheet1:R5,,,
61c4be917e40fcb8-sheet1-R5,2026-01-12,busan-suyeong,기초생활보장과,양포항,인사발령에 따른 직원 간담회 개최,162000,61c4be917e40fcb89e50d0018c3cf4cf10bd788027bcf9bbbabd3b71fde7aae2,sheet1:R5,,,
61c4be917e40fcb8-sheet1-R6,2026-01-13,busan-suyeong,기초생활보장과,착한수산회센타,수영구 자뢀사업 업무추진 간담회 개최,156000,61c4be917e40fcb89e50d0018c3cf4cf10bd788027bcf9bbbabd3b71fde7aae2,sheet1:R6,,,
61c4be917e40fcb8-sheet1-R7,2026-01-14,busan-suyeong,기초생활보장과,정순옥,의료급여사업 업무추진 간담회 개최,242000,61c4be917e40fcb89e50d0018c3cf4cf10bd788027bcf9bbbabd3b71fde7aae2,sheet1:R7,,,
61c4be917e40fcb8-sheet1-R8,2026-01-30,busan-suyeong,기초생활보장과,월남면반 외 1곳,현안업무추진 노고 격려 간담회 개최,192600,61c4be917e40fcb89e50d0018c3cf4cf10bd788027bcf9bbbabd3b71fde7aae2,sheet1:R8,,,
ffb89d06152bba59-sheet1-R6,2026-01-14,busan-suyeong,세무2과,솔솥광안점,「수영구 선결제」부서운영업무추진비 선결제 1차,150000,ffb89d06152bba59a6c28043151df25edbef2e9e417eb1fd8ccd9209060f338f,sheet1:R6,,,
ffb89d06152bba59-sheet1-R7,2026-01-21,busan-suyeong,세무2과,스시마츠,「수영구 선결제」부서운영업무추진비 선결제 2차,120000,ffb89d06152bba59a6c28043151df25edbef2e9e417eb1fd8ccd9209060f338f,sheet1:R7,,,
ffb89d06152bba59-sheet1-R8,2026-01-23,busan-suyeong,세무2과,홍유단,「수영구 선결제」시책추진업무추진비 선결제,400000,ffb89d06152bba59a6c28043151df25edbef2e9e417eb1fd8ccd9209060f338f,sheet1:R8,,,
ffb89d06152bba59-sheet1-R9,2026-01-28,busan-suyeong,세무2과,푸실,「수영구 선결제」부서운영업무추진비 선결제 3차,180000,ffb89d06152bba59a6c28043151df25edbef2e9e417eb1fd8ccd9209060f338f,sheet1:R9,,,
7ba598ad734ecc35-sheet1-R6,2026-01-26,busan-suyeong,광안4동,떡보의하루,광안4동 베스트 자율방범대 선정 노고격려 간식 구입(카드결제),46500,7ba598ad734ecc35fcb1b98b50142d0c04d3f141281e3e9d5f42a4ec4d85ce5f,sheet1:R6,,,
c4a216070ec04176-sheet1-R6,2026-01-07,busan-suyeong,문화예술과,송원일식,카운트다운 부산 행사 발전방안 논의 간담회 개최,120000,c4a216070ec0417689da0bfe9df1b174f2ebeaa81a4f3cd2551cbaaccc79dc15,sheet1:R6,,,
c4a216070ec04176-sheet1-R7,2026-01-12,busan-suyeong,문화예술과,친친명품포차,제24회 광안리어방축제 업무추진 간담회 개최,210000,c4a216070ec0417689da0bfe9df1b174f2ebeaa81a4f3cd2551cbaaccc79dc15,sheet1:R7,,,
c4a216070ec04176-sheet1-R8,2026-01-15,busan-suyeong,문화예술과,알로이,2026 해변도서전 추진을 위한 간담회 개최 건의(일상경비),145000,c4a216070ec0417689da0bfe9df1b174f2ebeaa81a4f3cd2551cbaaccc79dc15,sheet1:R8,,,
c4a216070ec04176-sheet1-R9,2026-01-22,busan-suyeong,문화예술과,친친명품포차,제24회 광안리어방축제 업무 협의 간담회 개최,90000,c4a216070ec0417689da0bfe9df1b174f2ebeaa81a4f3cd2551cbaaccc79dc15,sheet1:R9,,,
c4a216070ec04176-sheet1-R10,2026-01-23,busan-suyeong,문화예술과,오지테이블,상반기 인사이동 관련 직원 간담회 개최(일상경비)(카드결제),300000,c4a216070ec0417689da0bfe9df1b174f2ebeaa81a4f3cd2551cbaaccc79dc15,sheet1:R10,,,
c4a216070ec04176-sheet1-R11,2026-01-27,busan-suyeong,문화예술과,브라운 필드,골목길콘서트 업무 추진 논의를 위한 차담회 개최 건의(일상경비),200000,c4a216070ec0417689da0bfe9df1b174f2ebeaa81a4f3cd2551cbaaccc79dc15,sheet1:R11,,,
c4a216070ec04176-sheet1-R12,2026-01-27,busan-suyeong,문화예술과,쿠팡(주),소년소녀합창단 표창 수여식 음료 등 다과 구입(카드결제),62780,c4a216070ec0417689da0bfe9df1b174f2ebeaa81a4f3cd2551cbaaccc79dc15,sheet1:R12,,,
c4a216070ec04176-sheet1-R13,2026-01-30,busan-suyeong,문화예술과,광안식객,문화도시 골목문화컨벤션 사업 추진을 위한 간담회 개최 건의(일상경비),300000,c4a216070ec0417689da0bfe9df1b174f2ebeaa81a4f3cd2551cbaaccc79dc15,sheet1:R13,,,
