record_id,spent_on,organization,department,merchant,purpose,amount_krw,source_hash,source_location,repeats,expense_id,expense_amount_krw
64e35b8f12c06c84-sheet1-R5,2026-04-02,gwangju-gwangsan,시민소통과,화천추어탕 앙비떼,주민불편사항 해소를 위한 간담회 개최,62500,64e35b8f12c06c8463d8fa11abb06906b2cb1f7e3625154d1cd23c27b7dcffa3,sheet1:R5,,,
64e35b8f12c06c84-sheet1-R6,2026-04-17,gwangju-gwangsan,시민소통과,오동나무집,공공갈등 사전진단 추진을 위한 간담회 비용 집행,72000,64e35b8f12c06c8463d8fa11abb06906b2cb1f7e3625154d1cd23c27b7dcffa3,sheet1:R6,,,
64e35b8f12c06c84-sheet1-R7,2026-04-21,gwangju-gwangsan,시민소통과,오네스타,민원 전 민원해결 1004 추진 관련 간담회 비용 집행,66000,64e35b8f12c06c8463d8fa11abb06906b2cb1f7e3625154d1cd23c27b7dcffa3,sheet1:R7,,,
64e35b8f12c06c84-sheet1-R8,2026-05-27,gwangju-gwangsan,시민소통과,남광농원,민원처리·소통 확대 방안 이행 관련 간담회 비용 집행,198500,64e35b8f12c06c8463d8fa11abb06906b2cb1f7e3625154d1cd23c27b7dcffa3,sheet1:R8,,,
64e35b8f12c06c84-sheet1-R9,2026-06-02,gwangju-gwangsan,시민소통과,㈜해동활어,주민불편사항 해소를 위한 간담회 개최,105000,64e35b8f12c06c8463d8fa11abb06906b2cb1f7e3625154d1cd23c27b7dcffa3,sheet1:R9,,,
64e35b8f12c06c84-sheet1-R10,2026-06-11,gwangju-gwangsan,시민소통과,진미식당,주민불편사항 해소를 위한 간담회 개최,120000,64e35b8f12c06c8463d8fa11abb06906b2cb1f7e3625154d1cd23c27b7dcffa3,sheet1:R10,,,
64e35b8f12c06c84-sheet1-R11,2026-06-16,gwangju-gwangsan,시민소통과,오리한국별관수완점,공공갈등 관리 체계 운영을 위한 간담회 비용 집행,199000,64e35b8f12c06c8463d8fa11abb06906b2cb1f7e3625154d1cd23c27b7dcffa3,sheet1:R11,,,
64e35b8f12c06c84-sheet1-R12,2026-06-22,gwangju-gwangsan,시민소통과,화천추어탕,주민불편사항 해소를 위한 간담회 개최,84000,64e35b8f12c06c8463d8fa11abb06906b2cb1f7e3625154d1cd23c27b7dcffa3,sheet1:R12,,,
64e35b8f12c06c84-sheet1-R13,2026-06-23,gwangju-gwangsan,시민소통과,청민,주민불편사항 해소를 위한 간담회 개최,111000,64e35b8f12c06c8463d8fa11abb06906b2cb1f7e3625154d1cd23c27b7dcffa3,sheet1:R13,,,
554c5f088a14644d-sheet1-R4,2026-04-01,gwangju-gwangsan,문화예술과,카페 드나들다,문화예술 공모사업 추진 관련 간담회 추진,19000,554c5f088a14644d806ce7af5ac107cc98a684aa4dad936b2e84b7d837de3223,sheet1:R4,,,
554c5f088a14644d-sheet1-R5,2026-04-08,gwangju-gwangsan,문화예술과,라라브레드 송정점,노동예술제 홍보 방안 간담회 추진,60500,554c5f088a14644d806ce7af5ac107cc98a684aa4dad936b2e84b7d837de3223,sheet1:R5,,,
554c5f088a14644d-sheet1-R6,2026-04-15,gwangju-gwangsan,문화예술과,라라브레드 송정점,노동예술제 세부추진 계획 수립 관련 간담회 추진,112500,554c5f088a14644d806ce7af5ac107cc98a684aa4dad936b2e84b7d837de3223,sheet1:R6,,,
554c5f088a14644d-sheet1-R7,2026-04-16,gwangju-gwangsan,문화예술과,시골집추어탕소촌점,꿈의 오케스트라 운영 관련 간담회 추진,46000,554c5f088a14644d806ce7af5ac107cc98a684aa4dad936b2e84b7d837de3223,sheet1:R7,,,
554c5f088a14644d-sheet1-R8,2026-04-21,gwangju-gwangsan,문화예술과,스타벅스 코리아,광주예술로 공모사업 추진 관련 간담회 추진,56200,554c5f088a14644d806ce7af5ac107cc98a684aa4dad936b2e84b7d837de3223,sheet1:R8,,,
554c5f088a14644d-sheet1-R9,2026-04-23,gwangju-gwangsan,문화예술과,(사) 실로암사람들(카페홀더광산구청점)외 2,문예회관 특성화 지원사업 관련 간담회 추진,245000,554c5f088a14644d806ce7af5ac107cc98a684aa4dad936b2e84b7d837de3223,sheet1:R9,,,
554c5f088a14644d-sheet1-R10,2026-04-24,gwangju-gwangsan,문화예술과,일곡신코다리,봉축탑 점등식 추진 관련 간담회 추진,31000,554c5f088a14644d806ce7af5ac107cc98a684aa4dad936b2e84b7d837de3223,sheet1:R10,,,
554c5f088a14644d-sheet1-R11,2026-04-28,gwangju-gwangsan,문화예술과,태화반점,공연예술 지역유통 지역사업 추진 관련 간담회 추진,76000,554c5f088a14644d806ce7af5ac107cc98a684aa4dad936b2e84b7d837de3223,sheet1:R11,,,
554c5f088a14644d-sheet1-R12,2026-04-29,gwangju-gwangsan,문화예술과,유일장어외 1,천동커뮤니티센터 5월 전시 관련 간담회 추진 (수정),63700,554c5f088a14644d806ce7af5ac107cc98a684aa4dad936b2e84b7d837de3223,sheet1:R12,,,
554c5f088a14644d-sheet1-R13,2026-04-30,gwangju-gwangsan,문화예술과,라라브레드 송정점외 1,노동예술제 참여 노동자 모집 간담회 추진,40500,554c5f088a14644d806ce7af5ac107cc98a684aa4dad936b2e84b7d837de3223,sheet1:R13,,,
554c5f088a14644d-sheet1-R14,2026-05-12,gwangju-gwangsan,문화예술과,송정골,천동 커뮤니티센터 5월 행사 추진 간담회 개최,72000,554c5f088a14644d806ce7af5ac107cc98a684aa4dad936b2e84b7d837de3223,sheet1:R14,,,
554c5f088a14644d-sheet1-R15,2026-05-13,gwangju-gwangsan,문화예술과,서해수산광주여대점,문예회관 특성화 지원사업 선정작 망월공연 추진 관련 간담회 추진,128000,554c5f088a14644d806ce7af5ac107cc98a684aa4dad936b2e84b7d837de3223,sheet1:R15,,,
554c5f088a14644d-sheet1-R16,2026-05-14,gwangju-gwangsan,문화예술과,전라도이야기,첨단둘레길 특화공간 탐방 간담회 추진,156000,554c5f088a14644d806ce7af5ac107cc98a684aa4dad936b2e84b7d837de3223,sheet1:R16,,,
554c5f088a14644d-sheet1-R17,2026-05-21,gwangju-gwangsan,문화예술과,시골집추어탕소촌점,부처님오신날 관내 사찰 법회 추진 관련 간담회 추진,46000,554c5f088a14644d806ce7af5ac107cc98a684aa4dad936b2e84b7d837de3223,sheet1:R17,,,
554c5f088a14644d-sheet1-R18,2026-05-29,gwangju-gwangsan,문화예술과,서울장수국수,광산구 기독교총회 추진 관련 간담회 추진,24000,554c5f088a14644d806ce7af5ac107cc98a684aa4dad936b2e84b7d837de3223,sheet1:R18,,,
554c5f088a14644d-sheet1-R19,2026-06-01,gwangju-gwangsan,문화예술과,시골밥집,하남동 청소년자율공간 수탁자 선정 관련 간담회 추진,60000,554c5f088a14644d806ce7af5ac107cc98a684aa4dad936b2e84b7d837de3223,sheet1:R19,,,
554c5f088a14644d-sheet1-R20,2026-06-02,gwangju-gwangsan,문화예술과,화천추어탕,소촌아트팩토리 6월 전시관련 직원 간담회 개최,36000,554c5f088a14644d806ce7af5ac107cc98a684aa4dad936b2e84b7d837de3223,sheet1:R20,,,
554c5f088a14644d-sheet1-R21,2026-06-05,gwangju-gwangsan,문화예술과,해물정,민선9기 추가 공약사업 발굴을 위한 간담회 추진,159000,554c5f088a14644d806ce7af5ac107cc98a684aa4dad936b2e84b7d837de3223,sheet1:R21,,,
554c5f088a14644d-sheet1-R22,2026-06-17,gwangju-gwangsan,문화예술과,향미림,영호남 친선음악회 추진 관련 간담회 추진,50000,554c5f088a14644d806ce7af5ac107cc98a684aa4dad936b2e84b7d837de3223,sheet1:R22,,,
554c5f088a14644d-sheet1-R23,2026-06-24,gwangju-gwangsan,문화예술과,라라브레드 송정점,문화예술과 당면 업무 추진 관련 간담회 추진,139000,554c5f088a14644d806ce7af5ac107cc98a684aa4dad936b2e84b7d837de3223,sheet1:R23,,,
7bb54590bc8e1bc8-sheet1-R5,2026-04-07,gwangju-gwangsan,문화예술과,서울장수국수,전남광주통합 출범 대응 관련 간담회 개최,59000,7bb54590bc8e1bc8e1627de9ba4aa1cad6536c1d26ea0ec5c0980dbaf5f4571b,sheet1:R5,,,
7bb54590bc8e1bc8-sheet1-R6,2026-04-20,gwangju-gwangsan,문화예술과,어부네회수산,학교복합시설 공모사업 추진 관련 간담회 개최,58000,7bb54590bc8e1bc8e1627de9ba4aa1cad6536c1d26ea0ec5c0980dbaf5f4571b,sheet1:R6,,,
7bb54590bc8e1bc8-sheet1-R7,2026-04-28,gwangju-gwangsan,문화예술과,정명관,직영체육시설 운영 직원 간담회 개최,75000,7bb54590bc8e1bc8e1627de9ba4aa1cad6536c1d26ea0ec5c0980dbaf5f4571b,sheet1:R7,,,
7bb54590bc8e1bc8-sheet1-R8,2026-04-29,gwangju-gwangsan,문화예술과,라라브레드 송정점,소관 다중이용시설 집중안전점검 추진 관련 직원 간담회 개최,104500,7bb54590bc8e1bc8e1627de9ba4aa1cad6536c1d26ea0ec5c0980dbaf5f4571b,sheet1:R8,,,
7bb54590bc8e1bc8-sheet1-R9,2026-04-30,gwangju-gwangsan,문화예술과,무한지대,예산 결산감사 직원 노고 격려,26000,7bb54590bc8e1bc8e1627de9ba4aa1cad6536c1d26ea0ec5c0980dbaf5f4571b,sheet1:R9,,,
7bb54590bc8e1bc8-sheet1-R10,2026-05-06,gwangju-gwangsan,문화예술과,수초밥참치,봉축탑 설치 운영 직원 간담회 개최,48000,7bb54590bc8e1bc8e1627de9ba4aa1cad6536c1d26ea0ec5c0980dbaf5f4571b,sheet1:R10,,,
7bb54590bc8e1bc8-sheet1-R11,2026-05-13,gwangju-gwangsan,문화예술과,달보드레한,파크골프장 운영 관련 간담회 개최,78500,7bb54590bc8e1bc8e1627de9ba4aa1cad6536c1d26ea0ec5c0980dbaf5f4571b,sheet1:R11,,,
0a022db5ac703ebd-sheet1-R5,2026-05-18,gwangju-gwangsan,체육진흥과,라라브레드,"지역 체육정책 주요시책 등 추진 방향을 공유하고 현장 의견 수렴을 위한 간담회 개최 비용을 다음과 같이 지출하고자 합니다.▷▷ o 일자: 2026. 5. 18.(월)▷ o 장소: 라라브레드▷ o 인원: 4명▷ o 금액: 75,600원▷ o 예산과목▷ 정책)체육진흥기반구축 및 생활체육활성화 단 위)생활체육 저변확대▷ 세부)광산구체육회운영지원 통계목)시책추진업무추진비(203-03) 끝.",75600,0a022db5ac703ebd2ef025a3e80770cf5d840d158bae471c6442832b2cf344dc,sheet1:R5,,,
0a022db5ac703ebd-sheet1-R6,2026-05-27,gwangju-gwangsan,체육진흥과,장흥횟집,"체육시설 관리 방향 등을 논의하고 현장 의견 수렴을 위한 간담회 개최 비용을 다음과 같이 지출하고자 합니다.▷▷일자: 2026. 5. 26.(화)▷장소: 관내식당▷인원: 6명▷금액: 200,000원▷ o 예산과목▷ 정책)체육진흥기반구축 및 생활체육활성화 단 위)생활체육 저변확대▷ 세부)광산구체육회운영지원 통계목)시책추진업무추진비(203-03) 끝.",132000,0a022db5ac703ebd2ef025a3e80770cf5d840d158bae471c6442832b2cf344dc,sheet1:R6,,,
0a022db5ac703ebd-sheet1-R7,2026-06-22,gwangju-gwangsan,체육진흥과,븟 외 1개소,"체육단체 운영 전반 및 민원 수렴 등 원활한 체육정책 추진을 위한 간담회를 개최하고 관련 비용을 다음과 같이 지급하고자 합니다.▷▷□ 추진개요 ▷ o 일 시: 2026. 6. 19.(금) ▷ o 장 소: 븟 외 1개소▷ o 인 원: 3명▷ o 금 액: 금73,700원(금칠만삼천칠백원)▷ o 예산과목▷ 정책)행정운영경비(체육진흥과) 단 위)기본경비(제육진흥과)▷ 세부)기본경비(체육진흥과) 통계목)시책추진업무추진비(203-03) 끝.▷",73700,0a022db5ac703ebd2ef025a3e80770cf5d840d158bae471c6442832b2cf344dc,sheet1:R7,,,
0a022db5ac703ebd-sheet1-R8,2026-06-24,gwangju-gwangsan,체육진흥과,장흥횟집,"지역 체육정책 주요시책 등 추진 방향을 공유하고 현장 의견 수렴을 위한 간담회 개최 비용을 다음과 같이 지출하고자 합니다.▷▷일자: 2026. 6. 24.(화)▷장소: 장흥횟집▷인원: 6명▷금액: 132,000원▷ o 예산과목▷ 정책)체육진흥기반구축 및 생활체육활성화 단 위)생활체육 저변확대▷ 세부)광산구체육회운영지원 통계목)시책추진업무추진비(203-03) 끝.",132000,0a022db5ac703ebd2ef025a3e80770cf5d840d158bae471c6442832b2cf344dc,sheet1:R8,,,
3b9fbd42c1c68c84-sheet1-R5,2026-01-08,gwangju-gwangsan,회계과,신(神)무등산흑염소,결산 업무 추진 노고 격려를 위한 간담회 추진,57000,3b9fbd42c1c68c846d2bd04f9cd034d9ec3df026a349c18101201d0554a4631b,sheet1:R5,,,
3b9fbd42c1c68c84-sheet1-R6,2026-01-13,gwangju-gwangsan,회계과,동해반점,2026년 업무계획 수립에 따른 업무 추진 노고 격려를 위한 간담회 추진,150000,3b9fbd42c1c68c846d2bd04f9cd034d9ec3df026a349c18101201d0554a4631b,sheet1:R6,,,
3b9fbd42c1c68c84-sheet1-R7,2026-01-21,gwangju-gwangsan,회계과,장흥,2026년 부서 미래전략 수립에 따른 업무 추진 노고 격려를 위한 간담회 추진,88000,3b9fbd42c1c68c846d2bd04f9cd034d9ec3df026a349c18101201d0554a4631b,sheet1:R7,,,
3b9fbd42c1c68c84-sheet1-R8,2026-01-22,gwangju-gwangsan,회계과,어부네회수산,2026년 주요 업무계획 수립에 따른 업무 추진 노고 격려를 위한 간담회 추진,45000,3b9fbd42c1c68c846d2bd04f9cd034d9ec3df026a349c18101201d0554a4631b,sheet1:R8,,,
3b9fbd42c1c68c84-sheet1-R9,2026-02-04,gwangju-gwangsan,회계과,신(神)무등산흑염소,부서 미래전략 계획 수립에 따른 업무 추진 노고 격려를 위한 간담회 추진,57000,3b9fbd42c1c68c846d2bd04f9cd034d9ec3df026a349c18101201d0554a4631b,sheet1:R9,,,
3b9fbd42c1c68c84-sheet1-R10,2026-02-10,gwangju-gwangsan,회계과,수미초밥,2025회계연도 결산 업무 추진 노고 격려를 위한 간담회 추진,76600,3b9fbd42c1c68c846d2bd04f9cd034d9ec3df026a349c18101201d0554a4631b,sheet1:R10,,,
3b9fbd42c1c68c84-sheet1-R11,2026-02-12,gwangju-gwangsan,회계과,송정골,2026년 상반기 계약실무교육 업무 추진 노고 격려를 위한 간담회 추진,66000,3b9fbd42c1c68c846d2bd04f9cd034d9ec3df026a349c18101201d0554a4631b,sheet1:R11,,,
3b9fbd42c1c68c84-sheet1-R12,2026-02-20,gwangju-gwangsan,회계과,순창민물매운탕,2025회계연도 결산 추진 업무 노고 격려를 위한 간담회 추진,69000,3b9fbd42c1c68c846d2bd04f9cd034d9ec3df026a349c18101201d0554a4631b,sheet1:R12,,,
3b9fbd42c1c68c84-sheet1-R13,2026-02-26,gwangju-gwangsan,회계과,신(神)무등산흑염소,공용차량 안전교육 추진 업무 노고 격려를 위한 간담회 추진,76000,3b9fbd42c1c68c846d2bd04f9cd034d9ec3df026a349c18101201d0554a4631b,sheet1:R13,,,
3b9fbd42c1c68c84-sheet1-R14,2026-03-18,gwangju-gwangsan,회계과,함평한우해월식당,2025회계연도 재무결산 추진 업무 노고 격려를 위한 간담회 추진,84000,3b9fbd42c1c68c846d2bd04f9cd034d9ec3df026a349c18101201d0554a4631b,sheet1:R14,,,
3b9fbd42c1c68c84-sheet1-R15,2026-04-01,gwangju-gwangsan,회계과,송학,회계 업무 추진 노고 격려를 위한 간담회 추진,26000,3b9fbd42c1c68c846d2bd04f9cd034d9ec3df026a349c18101201d0554a4631b,sheet1:R15,,,
3b9fbd42c1c68c84-sheet1-R16,2026-04-03,gwangju-gwangsan,회계과,순창민물매운탕,2025회계연도 결산 업무 추진 노고 격려를 위한 간담회 추진,64000,3b9fbd42c1c68c846d2bd04f9cd034d9ec3df026a349c18101201d0554a4631b,sheet1:R16,,,
3b9fbd42c1c68c84-sheet1-R17,2026-04-08,gwangju-gwangsan,회계과,신(神)무등산흑염소,2026년 시 종합감사 수감 업무 추진 노고 격려를 위한 간담회 추진,76000,3b9fbd42c1c68c846d2bd04f9cd034d9ec3df026a349c18101201d0554a4631b,sheet1:R17,,,
3b9fbd42c1c68c84-sheet1-R18,2026-04-17,gwangju-gwangsan,회계과,광산나주곰탕,2026년 시 종합감사 수감 업무 추진 노고 격려를 위한 간담회 추진,36000,3b9fbd42c1c68c846d2bd04f9cd034d9ec3df026a349c18101201d0554a4631b,sheet1:R18,,,
3b9fbd42c1c68c84-sheet1-R19,2026-04-24,gwangju-gwangsan,회계과,수초밥참치,2025회계연도 결산 업무 추진 노고 격려를 위한 간담회 추진,121000,3b9fbd42c1c68c846d2bd04f9cd034d9ec3df026a349c18101201d0554a4631b,sheet1:R19,,,
3b9fbd42c1c68c84-sheet1-R20,2026-05-18,gwangju-gwangsan,회계과,송정골,회계업무 노고 격려를 위한 간담회 추진,66000,3b9fbd42c1c68c846d2bd04f9cd034d9ec3df026a349c18101201d0554a4631b,sheet1:R20,,,
3b9fbd42c1c68c84-sheet1-R21,2026-06-11,gwangju-gwangsan,회계과,동해반점,행정통합 대비 회계 업무 방향 논의를 위한 간담회 식비 지출,293000,3b9fbd42c1c68c846d2bd04f9cd034d9ec3df026a349c18101201d0554a4631b,sheet1:R21,,,
3b9fbd42c1c68c84-sheet1-R22,2026-06-17,gwangju-gwangsan,회계과,신(神)무등산흑염소,회계 업무 방향 논의를 위한 간담회 식비 지출,57000,3b9fbd42c1c68c846d2bd04f9cd034d9ec3df026a349c18101201d0554a4631b,sheet1:R22,,,
3b9fbd42c1c68c84-sheet1-R23,2026-06-19,gwangju-gwangsan,회계과,향미림,전남광주 통합관련 회계 업무 방향 논의를 위한 간담회 식비 지출,62000,3b9fbd42c1c68c846d2bd04f9cd034d9ec3df026a349c18101201d0554a4631b,sheet1:R23,,,
fd845fc5ade99dea-sheet1-R5,2026-04-14,gwangju-gwangsan,부동산지적과,태화반점,지적재조사사업추진 논의,289000,fd845fc5ade99dea34672952340355110ea96a159f9ac9f28edc0204f4e953f2,sheet1:R5,,,
fd845fc5ade99dea-sheet1-R6,2026-05-20,gwangju-gwangsan,부동산지적과,연타발 상무점,지적재조사사업추진 논의,180000,fd845fc5ade99dea34672952340355110ea96a159f9ac9f28edc0204f4e953f2,sheet1:R6,,,
fd845fc5ade99dea-sheet1-R7,2026-06-25,gwangju-gwangsan,부동산지적과,종가집떡갈비,지적재조사사업추진 논의,350000,fd845fc5ade99dea34672952340355110ea96a159f9ac9f28edc0204f4e953f2,sheet1:R7,,,
795ca67511bf2b1d-sheet1-R4,2026-03-31,gwangju-gwangsan,보건행정과,송정골(송정동),송정보건지소 진료운영 관련 간담회 실시,72000,795ca67511bf2b1da40d518d1831573c67ec6ef8449358ca060a2eef1bb54067,sheet1:R4,,,
795ca67511bf2b1d-sheet1-R5,2026-04-02,gwangju-gwangsan,보건행정과,또바기초밥(송정동),방역소독 민간위탁 사업관련 간담회 실시,36000,795ca67511bf2b1da40d518d1831573c67ec6ef8449358ca060a2eef1bb54067,sheet1:R5,,,
795ca67511bf2b1d-sheet1-R6,2026-04-06,gwangju-gwangsan,보건행정과,장흥횟집(소촌동),송정보건지소 운영 직원 노고 격려 간담회 실시,34000,795ca67511bf2b1da40d518d1831573c67ec6ef8449358ca060a2eef1bb54067,sheet1:R6,,,
795ca67511bf2b1d-sheet1-R7,2026-04-07,gwangju-gwangsan,보건행정과,등촌(흑석동),보건소 진료지원업무 추진 직원 노고 격려 간담회 실시,108000,795ca67511bf2b1da40d518d1831573c67ec6ef8449358ca060a2eef1bb54067,sheet1:R7,,,
795ca67511bf2b1d-sheet1-R8,2026-04-17,gwangju-gwangsan,보건행정과,장흥횟집(소촌동),송정보건지소 운영관련 간담회 실시,64000,795ca67511bf2b1da40d518d1831573c67ec6ef8449358ca060a2eef1bb54067,sheet1:R8,,,
795ca67511bf2b1d-sheet1-R9,2026-05-27,gwangju-gwangsan,보건행정과,장흥횟집(소촌동),찾아가는 상생보건소 추진 직원 노고 격려 간담회 실시,120000,795ca67511bf2b1da40d518d1831573c67ec6ef8449358ca060a2eef1bb54067,sheet1:R9,,,
795ca67511bf2b1d-sheet1-R10,2026-05-29,gwangju-gwangsan,보건행정과,장흥횟집(소촌동),송정보건지소 운영관련 간담회 실시,68000,795ca67511bf2b1da40d518d1831573c67ec6ef8449358ca060a2eef1bb54067,sheet1:R10,,,
795ca67511bf2b1d-sheet1-R11,2026-06-18,gwangju-gwangsan,보건행정과,유원옥(하남동),보건소 진료지원업무 추진 직원 노고 격려 간담회 실시,48000,795ca67511bf2b1da40d518d1831573c67ec6ef8449358ca060a2eef1bb54067,sheet1:R11,,,
795ca67511bf2b1d-sheet1-R12,2026-06-23,gwangju-gwangsan,보건행정과,샐러바웃(하남동),보건소 기능개편 관련 간담회 실시,91900,795ca67511bf2b1da40d518d1831573c67ec6ef8449358ca060a2eef1bb54067,sheet1:R12,,,
e284f40ac3871c2b-sheet1-R4,2026-04-20,gwangju-gwangsan,보건행정과,비알비커피(하남동),2026년 지역사회건강조사 조사원 현장교육 및 간담회 실시,22000,e284f40ac3871c2be0dcedfd88a921eb8e56c8d9186ac80157751057aa0fa072,sheet1:R4,,,
e284f40ac3871c2b-sheet1-R5,2026-04-24,gwangju-gwangsan,보건행정과,해물정(도산동),헌혈 및 장기기증 활성화 사업 추진관련 간담회 실시,195000,e284f40ac3871c2be0dcedfd88a921eb8e56c8d9186ac80157751057aa0fa072,sheet1:R5,,,
e284f40ac3871c2b-sheet1-R6,2026-05-15,gwangju-gwangsan,보건행정과,아우트라우드(하남동),헌혈사업 추진관련 간담회 실시,70000,e284f40ac3871c2be0dcedfd88a921eb8e56c8d9186ac80157751057aa0fa072,sheet1:R6,,,
e284f40ac3871c2b-sheet1-R7,2026-06-04,gwangju-gwangsan,보건행정과,빛고을순두부(하남동),지역사회건강조사 관련 간담회 실시,105000,e284f40ac3871c2be0dcedfd88a921eb8e56c8d9186ac80157751057aa0fa072,sheet1:R7,,,
e284f40ac3871c2b-sheet1-R8,2026-06-16,gwangju-gwangsan,보건행정과,석암돌판집(장덕동),지역사회건강조사 관련 간담회 실시,100000,e284f40ac3871c2be0dcedfd88a921eb8e56c8d9186ac80157751057aa0fa072,sheet1:R8,,,
87f0e1b3826d88b5-sheet1-R3,2026-04-06,gwangju-gwangsan,어룡동,아다미,어룡동 신청사 건립 추진 논의를 위한 간담회,100000,87f0e1b3826d88b5e26d579a95160a7ca5c4beeae1f5310f53fd1b0728bdeaf9,sheet1:R3,,,
87f0e1b3826d88b5-sheet1-R4,2026-04-07,gwangju-gwangsan,어룡동,코끼리아구찜,동 생활행정 강화 지원 사업 논의를 위한 간담회 개최,75000,87f0e1b3826d88b5e26d579a95160a7ca5c4beeae1f5310f53fd1b0728bdeaf9,sheet1:R4,,,
87f0e1b3826d88b5-sheet1-R5,2026-04-09,gwangju-gwangsan,어룡동,송정금호,이웃지기 살핌활동을 위한 간담회 추진,36000,87f0e1b3826d88b5e26d579a95160a7ca5c4beeae1f5310f53fd1b0728bdeaf9,sheet1:R5,,,
87f0e1b3826d88b5-sheet1-R6,2026-04-14,gwangju-gwangsan,어룡동,"컴포즈커피 광주선운어등진아점, 어등골칡냉면",동청사 이전에 관한 논의를 위한 간담회 추진,56100,87f0e1b3826d88b5e26d579a95160a7ca5c4beeae1f5310f53fd1b0728bdeaf9,sheet1:R6,,,
87f0e1b3826d88b5-sheet1-R7,2026-04-16,gwangju-gwangsan,어룡동,사랑과사랑 협동조합,지역사회보장협의체와의 간담회 비용 집행,61300,87f0e1b3826d88b5e26d579a95160a7ca5c4beeae1f5310f53fd1b0728bdeaf9,sheet1:R7,,,
87f0e1b3826d88b5-sheet1-R8,2026-04-17,gwangju-gwangsan,어룡동,"컴포즈커피 광주선운어등진아점, 어등골칡냉면",호대학군단과의 간담회 비용 집행,142400,87f0e1b3826d88b5e26d579a95160a7ca5c4beeae1f5310f53fd1b0728bdeaf9,sheet1:R8,,,
87f0e1b3826d88b5-sheet1-R9,2026-04-23,gwangju-gwangsan,어룡동,추어가 남원추어탕,고유가 피해지원금 지급 논의를 위한 간담회 비용 집행,81000,87f0e1b3826d88b5e26d579a95160a7ca5c4beeae1f5310f53fd1b0728bdeaf9,sheet1:R9,,,
87f0e1b3826d88b5-sheet1-R10,2026-04-27,gwangju-gwangsan,어룡동,사랑과사랑 협동조합,「꼬꼬무 자원순환 나눔의 날」운영을 위한 간담회 비용 집행,31200,87f0e1b3826d88b5e26d579a95160a7ca5c4beeae1f5310f53fd1b0728bdeaf9,sheet1:R10,,,
87f0e1b3826d88b5-sheet1-R11,2026-05-07,gwangju-gwangsan,어룡동,진명인면옥선운점,주민자치회 정기회의 후 간담회 비용 집행,78000,87f0e1b3826d88b5e26d579a95160a7ca5c4beeae1f5310f53fd1b0728bdeaf9,sheet1:R11,,,
87f0e1b3826d88b5-sheet1-R12,2026-05-13,gwangju-gwangsan,어룡동,사랑과사랑 협동조합,기관사회단체장과의 간담회 비용 집행,19700,87f0e1b3826d88b5e26d579a95160a7ca5c4beeae1f5310f53fd1b0728bdeaf9,sheet1:R12,,,
87f0e1b3826d88b5-sheet1-R13,2026-05-15,gwangju-gwangsan,어룡동,"투썸플레이스 광주호남대점, 면식당호남대점",마을계획단 모집을 위한 간담회 비용 집행,55500,87f0e1b3826d88b5e26d579a95160a7ca5c4beeae1f5310f53fd1b0728bdeaf9,sheet1:R13,,,
87f0e1b3826d88b5-sheet1-R14,2026-05-20,gwangju-gwangsan,어룡동,추어가 남원추어탕,여름철 자연재난 대응 논의를 위한 간담회 비용 집행,57000,87f0e1b3826d88b5e26d579a95160a7ca5c4beeae1f5310f53fd1b0728bdeaf9,sheet1:R14,,,
87f0e1b3826d88b5-sheet1-R15,2026-05-22,gwangju-gwangsan,어룡동,계절맛집,2027년 마을복지건강계획 수립단 구성 논의를 위한 간담회 비용 집행,105000,87f0e1b3826d88b5e26d579a95160a7ca5c4beeae1f5310f53fd1b0728bdeaf9,sheet1:R15,,,
87f0e1b3826d88b5-sheet1-R16,2026-05-27,gwangju-gwangsan,어룡동,코끼리아구찜,천원한끼 모두의 밥상 추진 논의를 위한 간담회 비용 집행,65000,87f0e1b3826d88b5e26d579a95160a7ca5c4beeae1f5310f53fd1b0728bdeaf9,sheet1:R16,,,
87f0e1b3826d88b5-sheet1-R17,2026-05-30,gwangju-gwangsan,어룡동,주식회사 어등명가,선거 독려 추진을 위한 간담회 비용 집행,55000,87f0e1b3826d88b5e26d579a95160a7ca5c4beeae1f5310f53fd1b0728bdeaf9,sheet1:R17,,,
87f0e1b3826d88b5-sheet1-R18,2026-06-01,gwangju-gwangsan,어룡동,전주24시참편한39콩나물국밥,어른신 9988 건겅체조 추진 논의를 위한 간담회 비용 집행,49000,87f0e1b3826d88b5e26d579a95160a7ca5c4beeae1f5310f53fd1b0728bdeaf9,sheet1:R18,,,
87f0e1b3826d88b5-sheet1-R19,2026-06-04,gwangju-gwangsan,어룡동,어룡골칡냉면,마을계획단 워크숍 논의를 위한 간담회 비용 집행,70000,87f0e1b3826d88b5e26d579a95160a7ca5c4beeae1f5310f53fd1b0728bdeaf9,sheet1:R19,,,
87f0e1b3826d88b5-sheet1-R20,2026-06-05,gwangju-gwangsan,어룡동,수유리우동집(선운점),경로당 협의회와 간담회 추진 비용 집행,34000,87f0e1b3826d88b5e26d579a95160a7ca5c4beeae1f5310f53fd1b0728bdeaf9,sheet1:R20,,,
87f0e1b3826d88b5-sheet1-R21,2026-06-05,gwangju-gwangsan,어룡동,전주24시참편한39콩나물국밥,경로당 제철과일나눔 추진을 위한 간담회 비용 집행,31000,87f0e1b3826d88b5e26d579a95160a7ca5c4beeae1f5310f53fd1b0728bdeaf9,sheet1:R21,,,
87f0e1b3826d88b5-sheet1-R22,2026-06-10,gwangju-gwangsan,어룡동,"사랑과사랑 협동조합, 시골집추어탕",동정 공유및 홍보사항 안내를 위한 간담회 추진,261000,87f0e1b3826d88b5e26d579a95160a7ca5c4beeae1f5310f53fd1b0728bdeaf9,sheet1:R22,,,
87f0e1b3826d88b5-sheet1-R23,2026-06-12,gwangju-gwangsan,어룡동,"댄싱컵광주선운점, 소코아선운점",신청사 건립 건축기획 중간설명회를 위한 간담회 추진,63100,87f0e1b3826d88b5e26d579a95160a7ca5c4beeae1f5310f53fd1b0728bdeaf9,sheet1:R23,,,
87f0e1b3826d88b5-sheet1-R24,2026-06-23,gwangju-gwangsan,어룡동,옛날에금잔디,제21회 6.25 참전용사 충혼제 준비를 위한 간담회 추진,140000,87f0e1b3826d88b5e26d579a95160a7ca5c4beeae1f5310f53fd1b0728bdeaf9,sheet1:R24,,,
87f0e1b3826d88b5-sheet1-R25,2026-06-23,gwangju-gwangsan,어룡동,댄싱컵광주선운점,민원해결 1004 활동를 위한 간담회 추진,34000,87f0e1b3826d88b5e26d579a95160a7ca5c4beeae1f5310f53fd1b0728bdeaf9,sheet1:R25,,,
87f0e1b3826d88b5-sheet1-R26,2026-06-24,gwangju-gwangsan,어룡동,스타벅스 코리아,우리동네 안테나 라디오 프로그램 방송 간담회 비용 집행,55000,87f0e1b3826d88b5e26d579a95160a7ca5c4beeae1f5310f53fd1b0728bdeaf9,sheet1:R26,,,
87f0e1b3826d88b5-sheet1-R27,2026-06-26,gwangju-gwangsan,어룡동,어룡골칡냉면,2027년 마을복지건강계획 수립 논의를 위한 간담회 비용 집행,35000,87f0e1b3826d88b5e26d579a95160a7ca5c4beeae1f5310f53fd1b0728bdeaf9,sheet1:R27,,,
87f0e1b3826d88b5-sheet1-R28,2026-06-29,gwangju-gwangsan,어룡동,댄싱컵광주선운점,2026년 마을계획단 운영 논의를 위한 간담회 비용 집행,15000,87f0e1b3826d88b5e26d579a95160a7ca5c4beeae1f5310f53fd1b0728bdeaf9,sheet1:R28,,,
87f0e1b3826d88b5-sheet1-R29,2026-06-30,gwangju-gwangsan,어룡동,세림기러기농원,경로당협의회와의 간담회 비용 집행,74000,87f0e1b3826d88b5e26d579a95160a7ca5c4beeae1f5310f53fd1b0728bdeaf9,sheet1:R29,,,
cddc814127974c85-sheet1-R2,2026-04-23,gwangju-gwangsan,생명농업과,장수국밥외 1개소,지역먹거리 육성을 위한 간담회 개최,88500,cddc814127974c852278536545786095ecfe43556a990cd11d9b66a8772ff329,sheet1:R2,,,
cddc814127974c85-sheet1-R3,2026-05-04,gwangju-gwangsan,생명농업과,동해반점,농업발전 활성화 간담회 개최,73000,cddc814127974c852278536545786095ecfe43556a990cd11d9b66a8772ff329,sheet1:R3,,,
cddc814127974c85-sheet1-R4,2026-05-06,gwangju-gwangsan,생명농업과,진보쌈외 1개소,주요 현안사업 논의를 위한 간담회 개최,108500,cddc814127974c852278536545786095ecfe43556a990cd11d9b66a8772ff329,sheet1:R4,,,
cddc814127974c85-sheet1-R5,2026-06-25,gwangju-gwangsan,생명농업과,이태백,우리밀 산업 육성을 위한 간담회 개최,132000,cddc814127974c852278536545786095ecfe43556a990cd11d9b66a8772ff329,sheet1:R5,,,
2611abd29593b51e-sheet1-R5,2026-01-08,gwangju-gwangsan,도산동,술이랑밥이랑,겨울철 겨울대책 추진 논의를 위한 간담회 개최,262000,2611abd29593b51ec66d40d6bf7a9b67ee18f1d6a86ad060e12c32ddd93a683e,sheet1:R5,,,
2611abd29593b51e-sheet1-R6,2026-03-04,gwangju-gwangsan,도산동,옛날에금잔디,맞춤형복지 업무 추진 논의를 위한 간담회 개최,153000,2611abd29593b51ec66d40d6bf7a9b67ee18f1d6a86ad060e12c32ddd93a683e,sheet1:R6,,,
2611abd29593b51e-sheet1-R7,2026-03-09,gwangju-gwangsan,도산동,옛날에금잔디,동미래발전 사업 추진 관련 늘봄 정원 봄꽃 식재를 위한 간담회 개최,117000,2611abd29593b51ec66d40d6bf7a9b67ee18f1d6a86ad060e12c32ddd93a683e,sheet1:R7,,,
2611abd29593b51e-sheet1-R8,2026-03-16,gwangju-gwangsan,도산동,순창민물매운탕,지역사회보장협의체 사업 논의를 위한 간담회 개최,209000,2611abd29593b51ec66d40d6bf7a9b67ee18f1d6a86ad060e12c32ddd93a683e,sheet1:R8,,,
2611abd29593b51e-sheet1-R9,2026-03-17,gwangju-gwangsan,도산동,커피씨,주민참여예산 사업(벽화조성사업) 논의를 위한 차담회 개최,28000,2611abd29593b51ec66d40d6bf7a9b67ee18f1d6a86ad060e12c32ddd93a683e,sheet1:R9,,,
2611abd29593b51e-sheet1-R10,2026-03-25,gwangju-gwangsan,도산동,궁,우기 전 도로 환경정비(예초) 관련 논의를 위한 간담회 개최,127600,2611abd29593b51ec66d40d6bf7a9b67ee18f1d6a86ad060e12c32ddd93a683e,sheet1:R10,,,
2611abd29593b51e-sheet1-R11,2026-03-30,gwangju-gwangsan,도산동,㈜프로머스 / 옛날에금잔디,고독사 예방 및 관리 사업 추진 논의를 위한 간담회 개최,156000,2611abd29593b51ec66d40d6bf7a9b67ee18f1d6a86ad060e12c32ddd93a683e,sheet1:R11,,,
1502eadc4a5bfd45-sheet1-R5,2026-04-02,gwangju-gwangsan,도산동,카페드히솝,자원 안보위기 경보발령에 따른 승용차 5부제(요일제) 활성화를 위한 차담회 개최,55500,1502eadc4a5bfd45f162cc065e0a5ad3d0fd9b04be395105bb2da9b0082b199a,sheet1:R5,,,
1502eadc4a5bfd45-sheet1-R6,2026-06-08,gwangju-gwangsan,도산동,카페드히솝,기관사회단체협의회 운영 및 회칙 논의를 위한 차담회 개최,56500,1502eadc4a5bfd45f162cc065e0a5ad3d0fd9b04be395105bb2da9b0082b199a,sheet1:R6,,,
1502eadc4a5bfd45-sheet1-R7,2026-06-16,gwangju-gwangsan,도산동,옛날에금잔디,"여름철 호우, 폭염 대비 논의를 위한 간담회 개최",84000,1502eadc4a5bfd45f162cc065e0a5ad3d0fd9b04be395105bb2da9b0082b199a,sheet1:R7,,,
1502eadc4a5bfd45-sheet1-R8,2026-06-19,gwangju-gwangsan,도산동,앙비떼,"6.19. ~ 20. 집중호우로 인한 관내 하수시설물(빗물받이, 맨홀 등) 점검을 위한 간담회 개최",145000,1502eadc4a5bfd45f162cc065e0a5ad3d0fd9b04be395105bb2da9b0082b199a,sheet1:R8,,,
1502eadc4a5bfd45-sheet1-R9,2026-06-24,gwangju-gwangsan,도산동,앙비떼,통장임명심의위원회 운영을 위한 감담회 개최,136000,1502eadc4a5bfd45f162cc065e0a5ad3d0fd9b04be395105bb2da9b0082b199a,sheet1:R9,,,
1e33f085585b2029-sheet1-R5,2026-04-06,gwangju-gwangsan,동곡동,카페 소풍,주민자치 활성화 지원사업 아이템 발굴을 위한 간담회 추진,263900,1e33f085585b20292d88ec243b5384c2ffb650a16bb6916d8d116bf9b730adc9,sheet1:R5,,,
1e33f085585b2029-sheet1-R6,2026-04-08,gwangju-gwangsan,동곡동,유일장어,동정파악 및 주민의견 수렴을 위한 사회단체 간담회 추진,295000,1e33f085585b20292d88ec243b5384c2ffb650a16bb6916d8d116bf9b730adc9,sheet1:R6,,,
1e33f085585b2029-sheet1-R7,2026-04-14,gwangju-gwangsan,동곡동,장흥식당,동 민원사항 청취를 위한 사회단체 간담회 추진,88000,1e33f085585b20292d88ec243b5384c2ffb650a16bb6916d8d116bf9b730adc9,sheet1:R7,,,
1e33f085585b2029-sheet1-R8,2026-04-23,gwangju-gwangsan,동곡동,쎄쎄니,동 생활행정 강화 지원사업 추진을 위한 간담회 추진,226000,1e33f085585b20292d88ec243b5384c2ffb650a16bb6916d8d116bf9b730adc9,sheet1:R8,,,
1e33f085585b2029-sheet1-R9,2026-04-23,gwangju-gwangsan,동곡동,양촌추어탕,동정파악 및 주민의견 수렴을 위한 사회단체 간담회 추진,100000,1e33f085585b20292d88ec243b5384c2ffb650a16bb6916d8d116bf9b730adc9,sheet1:R9,,,
1e33f085585b2029-sheet1-R10,2026-05-04,gwangju-gwangsan,동곡동,장수마을 풍천장어,2026년 동 미래발전계획 공론장 협의를 위한 간담회 추진,270000,1e33f085585b20292d88ec243b5384c2ffb650a16bb6916d8d116bf9b730adc9,sheet1:R10,,,
1e33f085585b2029-sheet1-R11,2026-05-13,gwangju-gwangsan,동곡동,행복한임금님 외 1,2026년 동 현안업무 추진 논의를 위한 간담회 개최,155300,1e33f085585b20292d88ec243b5384c2ffb650a16bb6916d8d116bf9b730adc9,sheet1:R11,,,
1e33f085585b2029-sheet1-R12,2026-06-08,gwangju-gwangsan,동곡동,매력한우명품관아울렛점,2026년 동 현안업무 추진 논의를 위한 간담회 개최,90000,1e33f085585b20292d88ec243b5384c2ffb650a16bb6916d8d116bf9b730adc9,sheet1:R12,,,
1e33f085585b2029-sheet1-R13,2026-06-18,gwangju-gwangsan,동곡동,낙지마을,2026년 동곡동 주민자치회 위원선정관리위원회 구성 등 논의를 위한 간담회 개최,70000,1e33f085585b20292d88ec243b5384c2ffb650a16bb6916d8d116bf9b730adc9,sheet1:R13,,,
7f69d6f8b142bce2-sheet1-R5,2026-04-01,gwangju-gwangsan,일자리정책과,황토집외 1,신중년 경력일자리 안전보건교육 업무 추진을 위한 간담회,168500,7f69d6f8b142bce268c089042ff7e919d6a0eb66ae9e335590e97d49d0303a23,sheet1:R5,,,
7f69d6f8b142bce2-sheet1-R6,2026-04-14,gwangju-gwangsan,일자리정책과,송정골,광산구 노사민정협의회 운영 관련 관계자 간담회,126000,7f69d6f8b142bce268c089042ff7e919d6a0eb66ae9e335590e97d49d0303a23,sheet1:R6,,,
7f69d6f8b142bce2-sheet1-R7,2026-05-07,gwangju-gwangsan,일자리정책과,오소루프탑,취약노동자 법률상담소 운영 관련 관계자 간담회,250000,7f69d6f8b142bce268c089042ff7e919d6a0eb66ae9e335590e97d49d0303a23,sheet1:R7,,,
7f69d6f8b142bce2-sheet1-R8,2026-05-14,gwangju-gwangsan,일자리정책과,카페버킷외 1,지역노사민정 상생협력 지원사업 운영 관련 관계자 간담회,101000,7f69d6f8b142bce268c089042ff7e919d6a0eb66ae9e335590e97d49d0303a23,sheet1:R8,,,
7f69d6f8b142bce2-sheet1-R9,2026-06-09,gwangju-gwangsan,일자리정책과,장흥,이동노동자 권익보호 지원사업 추진 관련 관계자 간담회,248000,7f69d6f8b142bce268c089042ff7e919d6a0eb66ae9e335590e97d49d0303a23,sheet1:R9,,,
7f69d6f8b142bce2-sheet1-R10,2026-06-11,gwangju-gwangsan,일자리정책과,어부네회수산,청년 주민참여예산 사업 추진을 위한 관계자 간담회,204000,7f69d6f8b142bce268c089042ff7e919d6a0eb66ae9e335590e97d49d0303a23,sheet1:R10,,,
7f69d6f8b142bce2-sheet1-R11,2026-06-17,gwangju-gwangsan,일자리정책과,연경,이동노동자 쉼터조성 사업 업무 추진 관계자 간담회,156000,7f69d6f8b142bce268c089042ff7e919d6a0eb66ae9e335590e97d49d0303a23,sheet1:R11,,,
7f69d6f8b142bce2-sheet1-R12,2026-06-23,gwangju-gwangsan,일자리정책과,라라브레드 송정점,전국 지방자치단체 일자리대상 평가 관련 업무 지원을 위한 간담회,128000,7f69d6f8b142bce268c089042ff7e919d6a0eb66ae9e335590e97d49d0303a23,sheet1:R12,,,
9ec8e8c528c9367f-sheet1-R5,2026-04-15,gwangju-gwangsan,일자리정책과,술이랑밥이랑,청년 임대료지원사업 논의를 위한 관계자 간담회,80000,9ec8e8c528c9367f3e6056aa9ed71abde6b4fe47aa7992f31814e7a5f040ee90,sheet1:R5,,,
9ec8e8c528c9367f-sheet1-R6,2026-04-16,gwangju-gwangsan,일자리정책과,풍미장어,고유가 피해지원금 지원사업 논의를 위한 관계자 간담회,200000,9ec8e8c528c9367f3e6056aa9ed71abde6b4fe47aa7992f31814e7a5f040ee90,sheet1:R6,,,
9ec8e8c528c9367f-sheet1-R7,2026-04-20,gwangju-gwangsan,일자리정책과,고기천국,지방세 체납관리단 구성 논의를 위한 관계자 간담회,204000,9ec8e8c528c9367f3e6056aa9ed71abde6b4fe47aa7992f31814e7a5f040ee90,sheet1:R7,,,
9ec8e8c528c9367f-sheet1-R8,2026-04-23,gwangju-gwangsan,일자리정책과,라라브레드 송정점,청년 성장프로젝트 업무 추진을 위한 관계자 간담회,73000,9ec8e8c528c9367f3e6056aa9ed71abde6b4fe47aa7992f31814e7a5f040ee90,sheet1:R8,,,
9ec8e8c528c9367f-sheet1-R9,2026-05-04,gwangju-gwangsan,일자리정책과,시골밥집,고유가 피해지원금 지원사업 업무 추진을 위한 관계자 간담회,45000,9ec8e8c528c9367f3e6056aa9ed71abde6b4fe47aa7992f31814e7a5f040ee90,sheet1:R9,,,
9ec8e8c528c9367f-sheet1-R10,2026-05-13,gwangju-gwangsan,일자리정책과,고기천국,고유가 피해지원금 2차 지원사업 업무 추진을 위한 관계자 간담회,250000,9ec8e8c528c9367f3e6056aa9ed71abde6b4fe47aa7992f31814e7a5f040ee90,sheet1:R10,,,
9ec8e8c528c9367f-sheet1-R11,2026-05-18,gwangju-gwangsan,일자리정책과,시골밥집,청년창업자 사업장 월 임대료 지원사업 추진을 위한 관계자 간담회,120000,9ec8e8c528c9367f3e6056aa9ed71abde6b4fe47aa7992f31814e7a5f040ee90,sheet1:R11,,,
9ec8e8c528c9367f-sheet1-R12,2026-05-19,gwangju-gwangsan,일자리정책과,고기천국,2026 농지 전수조사(이용실태) 추진을 위한 관계자 간담회,289000,9ec8e8c528c9367f3e6056aa9ed71abde6b4fe47aa7992f31814e7a5f040ee90,sheet1:R12,,,
9ec8e8c528c9367f-sheet1-R13,2026-05-27,gwangju-gwangsan,일자리정책과,고기천국,2026년 농지 전수조사(이용실태) 추진을 위한 관계자 간담회,150000,9ec8e8c528c9367f3e6056aa9ed71abde6b4fe47aa7992f31814e7a5f040ee90,sheet1:R13,,,
e8f82a852acffae0-sheet1-R5,2026-04-08,gwangju-gwangsan,감사관,앙비떼,2026년 시 종합감사 수감 관련 간담회 추진,93000,e8f82a852acffae0cb9f3343d62231cf6982e0cd955bbe56075ae10872eee81f,sheet1:R5,,,
e8f82a852acffae0-sheet1-R6,2026-04-08,gwangju-gwangsan,감사관,자연수산,주민불편 민원 관련 간담회 추진,141000,e8f82a852acffae0cb9f3343d62231cf6982e0cd955bbe56075ae10872eee81f,sheet1:R6,,,
e8f82a852acffae0-sheet1-R7,2026-04-28,gwangju-gwangsan,감사관,양선비,주민불편 민원 관련 간담회 추진,159000,e8f82a852acffae0cb9f3343d62231cf6982e0cd955bbe56075ae10872eee81f,sheet1:R7,,,
e8f82a852acffae0-sheet1-R8,2026-05-13,gwangju-gwangsan,감사관,유한회사 은행나무갈매기,악성민원 대응방안 논의를 위한 간담회 개최,115900,e8f82a852acffae0cb9f3343d62231cf6982e0cd955bbe56075ae10872eee81f,sheet1:R8,,,
e8f82a852acffae0-sheet1-R9,2026-06-05,gwangju-gwangsan,감사관,유한회사 은행나무갈매기,주민불편 민원 관련 간담회 추진,133800,e8f82a852acffae0cb9f3343d62231cf6982e0cd955bbe56075ae10872eee81f,sheet1:R9,,,
e8f82a852acffae0-sheet1-R10,2026-06-18,gwangju-gwangsan,감사관,앙비떼,악성민원 대응방안 논의를 위한 간담회 개최,21000,e8f82a852acffae0cb9f3343d62231cf6982e0cd955bbe56075ae10872eee81f,sheet1:R10,,,
e8f82a852acffae0-sheet1-R11,2026-06-23,gwangju-gwangsan,감사관,지산목 송정점,지역주민 민원의견수렴 간담회 추진,193000,e8f82a852acffae0cb9f3343d62231cf6982e0cd955bbe56075ae10872eee81f,sheet1:R11,,,
e8f82a852acffae0-sheet1-R12,2026-06-23,gwangju-gwangsan,감사관,1967정남순서울곱창,주민불편 민원 관련 간담회 추진,131000,e8f82a852acffae0cb9f3343d62231cf6982e0cd955bbe56075ae10872eee81f,sheet1:R12,,,
e8f82a852acffae0-sheet1-R13,2026-06-26,gwangju-gwangsan,감사관,양선비,악성민원 대응방안 논의를 위한 간담회 개최,205000,e8f82a852acffae0cb9f3343d62231cf6982e0cd955bbe56075ae10872eee81f,sheet1:R13,,,
d824189407c243f2-sheet1-R4,2026-04-02,gwangju-gwangsan,신창동,연어하다 수완본점,신창동 지속가능전환마을 만들기 사업 간담회,49700,d824189407c243f22453350d799cc405404f0d683927b63ddd4a5e933da5ff44,sheet1:R4,,,
d824189407c243f2-sheet1-R5,2026-04-03,gwangju-gwangsan,신창동,조가네추어탕,신창동 사회단체장협의회 간담회 추진,221000,d824189407c243f22453350d799cc405404f0d683927b63ddd4a5e933da5ff44,sheet1:R5,,,
d824189407c243f2-sheet1-R6,2026-04-08,gwangju-gwangsan,신창동,독에빠진돈막창,‘온동네 안녕하세요’안부살피기 활동 노고 격려를 위한 간담회 추진,72000,d824189407c243f22453350d799cc405404f0d683927b63ddd4a5e933da5ff44,sheet1:R6,,,
d824189407c243f2-sheet1-R7,2026-04-13,gwangju-gwangsan,신창동,팔팔참숯구이,신창동「1313 이웃살핌 공감소」활동 격려를 위한 간담회 추진,180000,d824189407c243f22453350d799cc405404f0d683927b63ddd4a5e933da5ff44,sheet1:R7,,,
d824189407c243f2-sheet1-R8,2026-04-15,gwangju-gwangsan,신창동,비엔나커피스토리,신창동 통장단 임원진 간담회 추진,39300,d824189407c243f22453350d799cc405404f0d683927b63ddd4a5e933da5ff44,sheet1:R8,,,
d824189407c243f2-sheet1-R9,2026-04-21,gwangju-gwangsan,신창동,금동식육점,신창동 지역사회협의체 추진사업 논의를 위한 간담회 추진,60000,d824189407c243f22453350d799cc405404f0d683927b63ddd4a5e933da5ff44,sheet1:R9,,,
d824189407c243f2-sheet1-R10,2026-04-21,gwangju-gwangsan,신창동,헛개랑생태랑,영양만점 반찬나눔 추진 논의를 위한 간담회 추진,22000,d824189407c243f22453350d799cc405404f0d683927b63ddd4a5e933da5ff44,sheet1:R10,,,
d824189407c243f2-sheet1-R11,2026-04-21,gwangju-gwangsan,신창동,건강,1004 생활행정책임단 운영 논의를 위한 간담회 추진,26000,d824189407c243f22453350d799cc405404f0d683927b63ddd4a5e933da5ff44,sheet1:R11,,,
d824189407c243f2-sheet1-R12,2026-04-23,gwangju-gwangsan,신창동,산동교외 1,신창동 주민자치회 사무국 간담회 추진,102100,d824189407c243f22453350d799cc405404f0d683927b63ddd4a5e933da5ff44,sheet1:R12,,,
d824189407c243f2-sheet1-R13,2026-05-04,gwangju-gwangsan,신창동,주식회사 더볼코리아 마오 광주점,신창동 새마을부녀회 간담회 추진,55800,d824189407c243f22453350d799cc405404f0d683927b63ddd4a5e933da5ff44,sheet1:R13,,,
d824189407c243f2-sheet1-R14,2026-05-08,gwangju-gwangsan,신창동,무등소갈비 수완점,신창동 선거관리위원회 간담회 추진,161300,d824189407c243f22453350d799cc405404f0d683927b63ddd4a5e933da5ff44,sheet1:R14,,,
d824189407c243f2-sheet1-R15,2026-05-08,gwangju-gwangsan,신창동,잇포(EAT PHO),1987 이한열 마을문화제 관계자 간담회 추진,32000,d824189407c243f22453350d799cc405404f0d683927b63ddd4a5e933da5ff44,sheet1:R15,,,
d824189407c243f2-sheet1-R16,2026-05-15,gwangju-gwangsan,신창동,화백특별전,복지사각지대 발굴을 위한 생활밀착업종 관계자 간담회 추진,149000,d824189407c243f22453350d799cc405404f0d683927b63ddd4a5e933da5ff44,sheet1:R16,,,
d824189407c243f2-sheet1-R17,2026-05-18,gwangju-gwangsan,신창동,미르카페,고유가 피해지원금 지급 추진 논의를 위한 간담회 추진,15500,d824189407c243f22453350d799cc405404f0d683927b63ddd4a5e933da5ff44,sheet1:R17,,,
d824189407c243f2-sheet1-R18,2026-05-19,gwangju-gwangsan,신창동,올데이우동(ALL DAY Udon),신창동 적십자봉사회 오찬 간담회 추진,36800,d824189407c243f22453350d799cc405404f0d683927b63ddd4a5e933da5ff44,sheet1:R18,,,
d824189407c243f2-sheet1-R19,2026-05-21,gwangju-gwangsan,신창동,복순횟집,제9회 전국동시지방선거 업무 추진 논의를 위한 간담회 추진,93000,d824189407c243f22453350d799cc405404f0d683927b63ddd4a5e933da5ff44,sheet1:R19,,,
d824189407c243f2-sheet1-R20,2026-05-29,gwangju-gwangsan,신창동,구시포칼국수,제9회 전국동시지방선거 투표소 점검 관련 관계자 간담회 추진,41000,d824189407c243f22453350d799cc405404f0d683927b63ddd4a5e933da5ff44,sheet1:R20,,,
d824189407c243f2-sheet1-R21,2026-06-02,gwangju-gwangsan,신창동,현가솥뚜껑삼겹살,1987 이한열 마을문화제 관계자 간담회 추진,154000,d824189407c243f22453350d799cc405404f0d683927b63ddd4a5e933da5ff44,sheet1:R21,,,
d824189407c243f2-sheet1-R22,2026-06-05,gwangju-gwangsan,신창동,이디야 광주봉선중앙로점외 1,1987 이한열 마을문화제 개최 논의 간담회 추진,37700,d824189407c243f22453350d799cc405404f0d683927b63ddd4a5e933da5ff44,sheet1:R22,,,
d824189407c243f2-sheet1-R23,2026-06-08,gwangju-gwangsan,신창동,무등소갈비 광산점,신창동「1313 마을돌봄지원가」사업 관련 간담회 추진,151100,d824189407c243f22453350d799cc405404f0d683927b63ddd4a5e933da5ff44,sheet1:R23,,,
d824189407c243f2-sheet1-R24,2026-06-15,gwangju-gwangsan,신창동,메가엠지씨커피 광주보건대점,웃음꽃 봉사단 환경정화활동 노고 취하를 위한 간식 구입,82000,d824189407c243f22453350d799cc405404f0d683927b63ddd4a5e933da5ff44,sheet1:R24,,,
d824189407c243f2-sheet1-R25,2026-06-15,gwangju-gwangsan,신창동,소곰집,「1평의 기적」제2호 정원 조성을 위한 간담회 추진,112000,d824189407c243f22453350d799cc405404f0d683927b63ddd4a5e933da5ff44,sheet1:R25,,,
d824189407c243f2-sheet1-R26,2026-06-18,gwangju-gwangsan,신창동,주식회사 더볼코리아 마오 광주점,동 가구의 거리 우수관로 설치공사 관련 간담회 추진,55800,d824189407c243f22453350d799cc405404f0d683927b63ddd4a5e933da5ff44,sheet1:R26,,,
d824189407c243f2-sheet1-R27,2026-06-19,gwangju-gwangsan,신창동,소곰집,지속가능한 마을만들기 네트워크 간담회 추진,175000,d824189407c243f22453350d799cc405404f0d683927b63ddd4a5e933da5ff44,sheet1:R27,,,
d824189407c243f2-sheet1-R28,2026-06-24,gwangju-gwangsan,신창동,교촌치킨 신창점,호국보훈의 달 기념행사 추진 논의를 위한 간담회 추진,156000,d824189407c243f22453350d799cc405404f0d683927b63ddd4a5e933da5ff44,sheet1:R28,,,
ec770bd18e331769-sheet1-R5,2026-04-15,gwangju-gwangsan,월곡1동,로뎀나무,고유가피해지원금 업무 추진에 관한 업무연찬 간담회 개최,15000,ec770bd18e33176947814af3f772376183f2d5b91bd724a87999f19ccedae265,sheet1:R5,,,
ec770bd18e331769-sheet1-R6,2026-05-26,gwangju-gwangsan,월곡1동,주식회사 어등명가,고유가 피해지원금 지원을 위한 파견 직원 격려,23000,ec770bd18e33176947814af3f772376183f2d5b91bd724a87999f19ccedae265,sheet1:R6,,,
ec770bd18e331769-sheet1-R7,2026-06-05,gwangju-gwangsan,월곡1동,다온,선거업무 추진 및 업무지원 직원 격려,291000,ec770bd18e33176947814af3f772376183f2d5b91bd724a87999f19ccedae265,sheet1:R7,,,
ec770bd18e331769-sheet1-R8,2026-06-11,gwangju-gwangsan,월곡1동,송정칼국수,동미래발전계획 실행사업 추진 논의를 위한 간담회 개최,30000,ec770bd18e33176947814af3f772376183f2d5b91bd724a87999f19ccedae265,sheet1:R8,,,
c8a72ab298f030a1-sheet1-R5,2026-01-06,gwangju-gwangsan,월곡1동,하워짓 커피랩외 1,경로당협의회 회원들과의 간담회 개최를 위한 다과 구입,230000,c8a72ab298f030a15ff5f37ff2e4b576a83312e0ee85d373a65b9e6da80db363,sheet1:R5,,,
c8a72ab298f030a1-sheet1-R6,2026-01-06,gwangju-gwangsan,월곡1동,고실네국밥,경로당 운영보조금 정산업무 추진직원 노고 격려를 위한 오찬 개최,49000,c8a72ab298f030a15ff5f37ff2e4b576a83312e0ee85d373a65b9e6da80db363,sheet1:R6,,,
c8a72ab298f030a1-sheet1-R7,2026-01-09,gwangju-gwangsan,월곡1동,카페휴외 1,통장단 임원진과의 간담회 개최,122000,c8a72ab298f030a15ff5f37ff2e4b576a83312e0ee85d373a65b9e6da80db363,sheet1:R7,,,
c8a72ab298f030a1-sheet1-R8,2026-01-13,gwangju-gwangsan,월곡1동,우와돈식육식당,경로당협의회 월례회의 개최에 따른 오찬 비용 집행,132000,c8a72ab298f030a15ff5f37ff2e4b576a83312e0ee85d373a65b9e6da80db363,sheet1:R8,,,
c8a72ab298f030a1-sheet1-R9,2026-01-16,gwangju-gwangsan,월곡1동,우리한우직매장,자율방재단 월례회의 개최 및 예찰활동 실시에 따른 간담회 개최,280000,c8a72ab298f030a15ff5f37ff2e4b576a83312e0ee85d373a65b9e6da80db363,sheet1:R9,,,
c8a72ab298f030a1-sheet1-R10,2026-01-21,gwangju-gwangsan,월곡1동,고실네국밥,폭설대비 제설함 및 제설제 비치 현황 점검 등에 관한 간담회 개최,47000,c8a72ab298f030a15ff5f37ff2e4b576a83312e0ee85d373a65b9e6da80db363,sheet1:R10,,,
c8a72ab298f030a1-sheet1-R11,2026-01-23,gwangju-gwangsan,월곡1동,벌크커피 하남메가박스점외 1,제9회 지방선거 대비 동선거관리위원회 운영에 관한 간담회 개최,63100,c8a72ab298f030a15ff5f37ff2e4b576a83312e0ee85d373a65b9e6da80db363,sheet1:R11,,,
c8a72ab298f030a1-sheet1-R12,2026-01-26,gwangju-gwangsan,월곡1동,다온,2026년도 동주민과의대화 추진을 위한 주민 사전간담회 개최,120000,c8a72ab298f030a15ff5f37ff2e4b576a83312e0ee85d373a65b9e6da80db363,sheet1:R12,,,
c8a72ab298f030a1-sheet1-R13,2026-01-27,gwangju-gwangsan,월곡1동,동네커피외 1,효율적인 청소행정을 위한 간담회 개최,63000,c8a72ab298f030a15ff5f37ff2e4b576a83312e0ee85d373a65b9e6da80db363,sheet1:R13,,,
c8a72ab298f030a1-sheet1-R14,2026-02-03,gwangju-gwangsan,월곡1동,나무외 1,대설특보 발효에 따른 비상근무 및 제설작업 참여 직원 격려,66500,c8a72ab298f030a15ff5f37ff2e4b576a83312e0ee85d373a65b9e6da80db363,sheet1:R14,,,
c8a72ab298f030a1-sheet1-R15,2026-02-04,gwangju-gwangsan,월곡1동,영암마트 월곡점,사회단체회원과의 간담회 및 내방 민원인 응대를 위한 다과 구입,300000,c8a72ab298f030a15ff5f37ff2e4b576a83312e0ee85d373a65b9e6da80db363,sheet1:R15,,,
c8a72ab298f030a1-sheet1-R16,2026-02-05,gwangju-gwangsan,월곡1동,벌크커피월곡점외 1,설 명절 대비 생활현장 책임단 운영에 따른 참여직원 격려 오찬,219500,c8a72ab298f030a15ff5f37ff2e4b576a83312e0ee85d373a65b9e6da80db363,sheet1:R16,,,
c8a72ab298f030a1-sheet1-R17,2026-02-09,gwangju-gwangsan,월곡1동,가마솥소머리국밥외 1,대설특보 발효에 따른 마을제설단 격려를 위한 간담회 개최,144000,c8a72ab298f030a15ff5f37ff2e4b576a83312e0ee85d373a65b9e6da80db363,sheet1:R17,,,
c8a72ab298f030a1-sheet1-R18,2026-02-20,gwangju-gwangsan,월곡1동,고실네국밥,동 주민과의 대화 개최 준비를 위한 간담회 추진,37000,c8a72ab298f030a15ff5f37ff2e4b576a83312e0ee85d373a65b9e6da80db363,sheet1:R18,,,
14bead60e7226fcb-sheet1-R5,2026-04-07,gwangju-gwangsan,평동,오늘도돈돈먹자,주요 마을 현안 파악을 위한 간담회 개최,48000,14bead60e7226fcb584d8a69174be2dba576593741a1b279d82e406ceb21f32c,sheet1:R5,,,
14bead60e7226fcb-sheet1-R6,2026-04-10,gwangju-gwangsan,평동,어등골,고향사랑기부제 교차기부 추진을 위한 간담회 개최,35000,14bead60e7226fcb584d8a69174be2dba576593741a1b279d82e406ceb21f32c,sheet1:R6,,,
14bead60e7226fcb-sheet1-R7,2026-04-13,gwangju-gwangsan,평동,청민,2027년도 주민참여예산 제안사업(주민참여형) 발굴을 위한 간담회 개최,180000,14bead60e7226fcb584d8a69174be2dba576593741a1b279d82e406ceb21f32c,sheet1:R7,,,
14bead60e7226fcb-sheet1-R8,2026-04-15,gwangju-gwangsan,평동,나룻배 상무점,주민자치회 운영강화 지원사업 발굴을 위한 간담회 개최,186000,14bead60e7226fcb584d8a69174be2dba576593741a1b279d82e406ceb21f32c,sheet1:R8,,,
14bead60e7226fcb-sheet1-R9,2026-04-20,gwangju-gwangsan,평동,송원고기마루,생활현장 민원 파악을 위한 간담회 개최,33000,14bead60e7226fcb584d8a69174be2dba576593741a1b279d82e406ceb21f32c,sheet1:R9,,,
14bead60e7226fcb-sheet1-R10,2026-04-24,gwangju-gwangsan,평동,어등골,여름꽃 공급에 따른 마을 환경 개선을 위한 간담회 개최,35000,14bead60e7226fcb584d8a69174be2dba576593741a1b279d82e406ceb21f32c,sheet1:R10,,,
14bead60e7226fcb-sheet1-R11,2026-04-29,gwangju-gwangsan,평동,세림기러기농원,관내 하천 환경 개선을 위한 간담회 개최,132000,14bead60e7226fcb584d8a69174be2dba576593741a1b279d82e406ceb21f32c,sheet1:R11,,,
14bead60e7226fcb-sheet1-R12,2026-04-30,gwangju-gwangsan,평동,어등골,마을 현안 파악을 위한 간담회 개최,35000,14bead60e7226fcb584d8a69174be2dba576593741a1b279d82e406ceb21f32c,sheet1:R12,,,
14bead60e7226fcb-sheet1-R13,2026-05-06,gwangju-gwangsan,평동,미연식당,주민자치활성화 지원사업 논의를 위한 간담회 개최,182000,14bead60e7226fcb584d8a69174be2dba576593741a1b279d82e406ceb21f32c,sheet1:R13,,,
14bead60e7226fcb-sheet1-R14,2026-05-07,gwangju-gwangsan,평동,평동인가배,경로당 운영 애로사항 청취 간담회를 위한 음료 구입비 지급,11000,14bead60e7226fcb584d8a69174be2dba576593741a1b279d82e406ceb21f32c,sheet1:R14,,,
14bead60e7226fcb-sheet1-R15,2026-05-15,gwangju-gwangsan,평동,지리산흑돼지,동정 협조체계 구축을 위한 통장단 임원 간담회 추진,51000,14bead60e7226fcb584d8a69174be2dba576593741a1b279d82e406ceb21f32c,sheet1:R15,,,
14bead60e7226fcb-sheet1-R16,2026-05-22,gwangju-gwangsan,평동,유한회사유철,마을 현안 파악을 위한 간담회 개최,24000,14bead60e7226fcb584d8a69174be2dba576593741a1b279d82e406ceb21f32c,sheet1:R16,,,
14bead60e7226fcb-sheet1-R17,2026-05-26,gwangju-gwangsan,평동,주식회사 화목컴퍼니,생활현장 민원 파악을 위한 간담회 개최,140700,14bead60e7226fcb584d8a69174be2dba576593741a1b279d82e406ceb21f32c,sheet1:R17,,,
14bead60e7226fcb-sheet1-R18,2026-05-27,gwangju-gwangsan,평동,시골밥상,여름철 집중호우 대비 시설물 점검 논의를 위한 간담회 개최,34000,14bead60e7226fcb584d8a69174be2dba576593741a1b279d82e406ceb21f32c,sheet1:R18,,,
14bead60e7226fcb-sheet1-R19,2026-05-29,gwangju-gwangsan,평동,지리산흑돼지,여름철 풍수해 대응체계 구축방안 논의를 위한 간담회 개최,51000,14bead60e7226fcb584d8a69174be2dba576593741a1b279d82e406ceb21f32c,sheet1:R19,,,
14bead60e7226fcb-sheet1-R20,2026-06-04,gwangju-gwangsan,평동,평동행정복지센터,직원 애사 에 따른 경조사비 지급,50000,14bead60e7226fcb584d8a69174be2dba576593741a1b279d82e406ceb21f32c,sheet1:R20,,,
14bead60e7226fcb-sheet1-R21,2026-06-04,gwangju-gwangsan,평동,추어가 남원추어탕,주민자치회 운영방향 논의를 위한 위한 간담회 개최,36000,14bead60e7226fcb584d8a69174be2dba576593741a1b279d82e406ceb21f32c,sheet1:R21,,,
14bead60e7226fcb-sheet1-R22,2026-06-05,gwangju-gwangsan,평동,중앙활어공장,주요 마을 현안 파악을 위한 간담회 개최,75000,14bead60e7226fcb584d8a69174be2dba576593741a1b279d82e406ceb21f32c,sheet1:R22,,,
14bead60e7226fcb-sheet1-R23,2026-06-08,gwangju-gwangsan,평동,신계림삼계탕오리탕,동미래발전계획 실행사업 추진을 위한 간담회 개최,180000,14bead60e7226fcb584d8a69174be2dba576593741a1b279d82e406ceb21f32c,sheet1:R23,,,
14bead60e7226fcb-sheet1-R24,2026-06-15,gwangju-gwangsan,평동,한우촌본점,여름철 집중호우 대비 시설물 점검 논의를 위한 간담회 개최,103000,14bead60e7226fcb584d8a69174be2dba576593741a1b279d82e406ceb21f32c,sheet1:R24,,,
14bead60e7226fcb-sheet1-R25,2026-06-16,gwangju-gwangsan,평동,나룻배 상무점,의료요양 통합돌봄 사업 추진 논의를 위한 간담회 개최,179000,14bead60e7226fcb584d8a69174be2dba576593741a1b279d82e406ceb21f32c,sheet1:R25,,,
14bead60e7226fcb-sheet1-R26,2026-06-17,gwangju-gwangsan,평동,명성 계절한정식,동정 협조체계 구축을 위한 주민자치회 임원진 간담회 추진,180000,14bead60e7226fcb584d8a69174be2dba576593741a1b279d82e406ceb21f32c,sheet1:R26,,,
4a733a7266299076-sheet1-R5,2026-06-22,gwangju-gwangsan,평동,목포갯벌낙지,경로당 운영 애로사항 청취를 위한 간담회 개최,120000,4a733a7266299076f934cac8c18047d86f88fb63b559919db1cc4aa9883358b1,sheet1:R5,,,
4a733a7266299076-sheet1-R6,2026-06-22,gwangju-gwangsan,평동,나룻배 상무점,주민자치회 역량강화 논의를 위한 간담회 개최,184000,4a733a7266299076f934cac8c18047d86f88fb63b559919db1cc4aa9883358b1,sheet1:R6,,,
4a733a7266299076-sheet1-R7,2026-06-23,gwangju-gwangsan,평동,성원세꼬시,마을 현안 파악을 위한 간담회 개최,90000,4a733a7266299076f934cac8c18047d86f88fb63b559919db1cc4aa9883358b1,sheet1:R7,,,
8bf8acc4c4f56750-sheet1-R4,2026-04-03,gwangju-gwangsan,교육도서관과,주식회사 창억,미래세대 꿈틀인생학교 배움여행 방문기관 선물 구입,200000,8bf8acc4c4f5675086f06e0dd3b7123a1e0d2a24a60b9223eada86665bc950c7,sheet1:R4,,,
8bf8acc4c4f56750-sheet1-R5,2026-04-21,gwangju-gwangsan,교육도서관과,토담골,야호센터 운영활성화를 위한 간담회 비용 지출,104000,8bf8acc4c4f5675086f06e0dd3b7123a1e0d2a24a60b9223eada86665bc950c7,sheet1:R5,,,
8bf8acc4c4f56750-sheet1-R6,2026-04-10,gwangju-gwangsan,교육도서관과,투썸플레이스 광주월곡점,교육국제화특구 심의를 위한 간담회 비용 지출,34000,8bf8acc4c4f5675086f06e0dd3b7123a1e0d2a24a60b9223eada86665bc950c7,sheet1:R6,,,
8bf8acc4c4f56750-sheet1-R7,2026-04-17,gwangju-gwangsan,교육도서관과,시골밥집,찾아가는 그림책창작교실 추진을 위한 간담회 비용 지출,135000,8bf8acc4c4f5675086f06e0dd3b7123a1e0d2a24a60b9223eada86665bc950c7,sheet1:R7,,,
8bf8acc4c4f56750-sheet1-R8,2026-05-28,gwangju-gwangsan,교육도서관과,송진범항아리보쌈외 2,KB후원 작은도서관 조성사업 추진을 위한 간담회 비용 지출,130600,8bf8acc4c4f5675086f06e0dd3b7123a1e0d2a24a60b9223eada86665bc950c7,sheet1:R8,,,
8bf8acc4c4f56750-sheet1-R9,2026-06-01,gwangju-gwangsan,교육도서관과,투썸플레이스(광산구청점),미래세대 꿈틀 인생학교 프로젝트 위한 간담회 추진,22800,8bf8acc4c4f5675086f06e0dd3b7123a1e0d2a24a60b9223eada86665bc950c7,sheet1:R9,,,
8bf8acc4c4f56750-sheet1-R10,2026-06-23,gwangju-gwangsan,교육도서관과,더비카페,「지방균형발전 우수콘텐츠 발굴」 현장방문 간담회 비용 지출,60000,8bf8acc4c4f5675086f06e0dd3b7123a1e0d2a24a60b9223eada86665bc950c7,sheet1:R10,,,
8bf8acc4c4f56750-sheet1-R11,2026-06-27,gwangju-gwangsan,교육도서관과,갱소년,균형발전 우수콘텐츠 발굴위한 현장방문에 따른 다과 구입,48000,8bf8acc4c4f5675086f06e0dd3b7123a1e0d2a24a60b9223eada86665bc950c7,sheet1:R11,,,
82a5f6f9b1fecc67-sheet1-R4,2026-04-24,gwangju-gwangsan,교통행정과,시골밥집(송정동 소재),2026년도 행락철 교통사고 예방을 위한 교통안전사회단체 간담회 개최,104000,82a5f6f9b1fecc67cf7cb06943f0d768677dddc20a938b5ee9f01322571fbe5f,sheet1:R4,,,
82a5f6f9b1fecc67-sheet1-R5,2026-05-21,gwangju-gwangsan,교통행정과,황칠미가(송정동 소재),효율적인 자동차관리사업 육성을 위한 간담회 개최,227000,82a5f6f9b1fecc67cf7cb06943f0d768677dddc20a938b5ee9f01322571fbe5f,sheet1:R5,,,
82a5f6f9b1fecc67-sheet1-R6,2026-06-05,gwangju-gwangsan,교통행정과,엄남포식당 및 이디야 광주송정점,효율적인 화물자동차 합동단속 추진을 위한 간담회 개최,59400,82a5f6f9b1fecc67cf7cb06943f0d768677dddc20a938b5ee9f01322571fbe5f,sheet1:R6,,,
081db3b8069a33ad-sheet1-R4,2026-01-28,gwangju-gwangsan,교통행정과,시골밥집 및 세상에서가장아름다운나무(송정동 소재),개인형이동장치 속도제한구역 시범운영에 따른 간담회 개최,125000,081db3b8069a33adfeef8c31cbf13714d17a271b39848aeda44e9dffd79d28de,sheet1:R4,,,
081db3b8069a33ad-sheet1-R5,2026-02-20,gwangju-gwangsan,교통행정과,만복이쭈꾸미낙지볶음 및 좋은날여기(송정동 소재),2026년도 동원자원조사 실시에 따른 간담회 개최,242000,081db3b8069a33adfeef8c31cbf13714d17a271b39848aeda44e9dffd79d28de,sheet1:R5,,,
9426a497f743eeaa-sheet1-R3,2026-04-02,gwangju-gwangsan,송정2동,한우마을식육식당,신덕마을 민원 청취를 위한 주민 간담회 비용 지급,100000,9426a497f743eeaad8297d9321438d78e2a7b7d1ca017a25842500912cdde55f,sheet1:R3,,,
9426a497f743eeaa-sheet1-R4,2026-04-06,gwangju-gwangsan,송정2동,숙이네생오리,주민참여예산 사업지 논의를 위한 간담회 개최,70000,9426a497f743eeaad8297d9321438d78e2a7b7d1ca017a25842500912cdde55f,sheet1:R4,,,
9426a497f743eeaa-sheet1-R5,2026-04-10,gwangju-gwangsan,송정2동,가마솥국밥,민원업무 추진 직원 노고 격려를 위한 식사비용 지출,36000,9426a497f743eeaad8297d9321438d78e2a7b7d1ca017a25842500912cdde55f,sheet1:R5,,,
9426a497f743eeaa-sheet1-R6,2026-04-14,gwangju-gwangsan,송정2동,남동길,주요 동정 논의를 위한 기관사회단체장과의 간담회 비용 집행,250000,9426a497f743eeaad8297d9321438d78e2a7b7d1ca017a25842500912cdde55f,sheet1:R6,,,
9426a497f743eeaa-sheet1-R7,2026-04-22,gwangju-gwangsan,송정2동,청솥가마솥,주민참여예산 사업 논의를 위한 주민 간담회 비용 지급,42000,9426a497f743eeaad8297d9321438d78e2a7b7d1ca017a25842500912cdde55f,sheet1:R7,,,
9426a497f743eeaa-sheet1-R8,2026-04-23,gwangju-gwangsan,송정2동,방씨부엌,원활한 주민참여예산 사업 추진을 위한 주민자치회 위원 간담회 개최 비용 지급,120000,9426a497f743eeaad8297d9321438d78e2a7b7d1ca017a25842500912cdde55f,sheet1:R8,,,
9426a497f743eeaa-sheet1-R9,2026-05-14,gwangju-gwangsan,송정2동,한우마을식육식당,통합돌봄사업 업무연찬 교육 참석 직원 격려를 위한 비용 지급,70000,9426a497f743eeaad8297d9321438d78e2a7b7d1ca017a25842500912cdde55f,sheet1:R9,,,
9426a497f743eeaa-sheet1-R10,2026-05-18,gwangju-gwangsan,송정2동,정광석항아리보쌈(송정점),고유가 피해지원금 추진 직원 노고 격려를 위한 식사비용 지출,88000,9426a497f743eeaad8297d9321438d78e2a7b7d1ca017a25842500912cdde55f,sheet1:R10,,,
9426a497f743eeaa-sheet1-R11,2026-06-08,gwangju-gwangsan,송정2동,향미림,주요 동정 협의를 위한 간담회 개최,61000,9426a497f743eeaad8297d9321438d78e2a7b7d1ca017a25842500912cdde55f,sheet1:R11,,,
9426a497f743eeaa-sheet1-R12,2026-06-22,gwangju-gwangsan,송정2동,시골밥집,원활한 주민참여예산 추진을 위한 주민 간담회 비용 지급,90000,9426a497f743eeaad8297d9321438d78e2a7b7d1ca017a25842500912cdde55f,sheet1:R12,,,
9426a497f743eeaa-sheet1-R13,2026-06-22,gwangju-gwangsan,송정2동,시골밥상,1004 생활현장 책임단 운영 논의를 위한 간담회 개최비용 지급,108000,9426a497f743eeaad8297d9321438d78e2a7b7d1ca017a25842500912cdde55f,sheet1:R13,,,
9426a497f743eeaa-sheet1-R14,2026-06-25,gwangju-gwangsan,송정2동,정광석항아리보쌈(송정점),동정 논의를 위한 통장 오찬 간담회 개최,285000,9426a497f743eeaad8297d9321438d78e2a7b7d1ca017a25842500912cdde55f,sheet1:R14,,,
9426a497f743eeaa-sheet1-R15,2026-06-30,gwangju-gwangsan,송정2동,상무옥,현안업무 추진 직원 노고 격려를 위한 식사비용 지출,250000,9426a497f743eeaad8297d9321438d78e2a7b7d1ca017a25842500912cdde55f,sheet1:R15,,,
f2cde5d271b298a2-sheet1-R3,2026-01-08,gwangju-gwangsan,송정2동,궁,상반기 정기 인사이동에 따른 직원 노고 격려를 위한 식사비용 지출,127400,f2cde5d271b298a2318af9d26e8ba765f72e9949a3a40168a88f4b707259aa5c,sheet1:R3,,,
f2cde5d271b298a2-sheet1-R4,2026-01-12,gwangju-gwangsan,송정2동,바다양푼이동태탕찜,겨울철 비상근무에 따른 직원 노고 격려를 위한 식사비용 지출,40000,f2cde5d271b298a2318af9d26e8ba765f72e9949a3a40168a88f4b707259aa5c,sheet1:R4,,,
f2cde5d271b298a2-sheet1-R5,2026-01-13,gwangju-gwangsan,송정2동,무등골한우명품관,송정2동 경로당협의회 회의에 따른 간담회 개최,120000,f2cde5d271b298a2318af9d26e8ba765f72e9949a3a40168a88f4b707259aa5c,sheet1:R5,,,
f2cde5d271b298a2-sheet1-R6,2026-01-14,gwangju-gwangsan,송정2동,메가엠지씨커피 광주송정사랑점외 1,송정2동 지역사회보장협의체 정기회의에 따른 간담회 개최,56700,f2cde5d271b298a2318af9d26e8ba765f72e9949a3a40168a88f4b707259aa5c,sheet1:R6,,,
f2cde5d271b298a2-sheet1-R7,2026-01-27,gwangju-gwangsan,송정2동,황금빛 백반,주민과의 대화 추진 직원 노고 격려를 위한 식사비용 지출,32000,f2cde5d271b298a2318af9d26e8ba765f72e9949a3a40168a88f4b707259aa5c,sheet1:R7,,,
f2cde5d271b298a2-sheet1-R8,2026-02-03,gwangju-gwangsan,송정2동,장수국밥,현장민원 청취를 위한 주민 간담회 비용 지급,30000,f2cde5d271b298a2318af9d26e8ba765f72e9949a3a40168a88f4b707259aa5c,sheet1:R8,,,
f2cde5d271b298a2-sheet1-R9,2026-02-05,gwangju-gwangsan,송정2동,산우옥 광주송정역본점,광주전남 행정통합 관련내용 공유 및 홍보를 위한 간담회 개최,107100,f2cde5d271b298a2318af9d26e8ba765f72e9949a3a40168a88f4b707259aa5c,sheet1:R9,,,
f2cde5d271b298a2-sheet1-R10,2026-02-09,gwangju-gwangsan,송정2동,까망,겨울철 비상근무에 따른 직원 노고 격려를 위한 식사비용 지출,121000,f2cde5d271b298a2318af9d26e8ba765f72e9949a3a40168a88f4b707259aa5c,sheet1:R10,,,
f2cde5d271b298a2-sheet1-R11,2026-02-20,gwangju-gwangsan,송정2동,코다리조림찜,현장민원 청취를 위한 주민 간담회 비용 지급,60000,f2cde5d271b298a2318af9d26e8ba765f72e9949a3a40168a88f4b707259aa5c,sheet1:R11,,,
f2cde5d271b298a2-sheet1-R12,2026-02-25,gwangju-gwangsan,송정2동,화천추어탕,동정 논의를 위한 통장 오찬 간담회 개최,296000,f2cde5d271b298a2318af9d26e8ba765f72e9949a3a40168a88f4b707259aa5c,sheet1:R12,,,
f2cde5d271b298a2-sheet1-R13,2026-03-04,gwangju-gwangsan,송정2동,코다리조림찜,주요 동정 공유 및 협의를 위한 주민자치회 간담회 개최,133000,f2cde5d271b298a2318af9d26e8ba765f72e9949a3a40168a88f4b707259aa5c,sheet1:R13,,,
f2cde5d271b298a2-sheet1-R14,2026-03-05,gwangju-gwangsan,송정2동,향기나는 플라워 카페,직원 노고 격려를 위한 다과비 지출,16000,f2cde5d271b298a2318af9d26e8ba765f72e9949a3a40168a88f4b707259aa5c,sheet1:R14,,,
f2cde5d271b298a2-sheet1-R15,2026-03-16,gwangju-gwangsan,송정2동,홍가네 시장통닭,직원 노고 격려를 위한 다과비 지출,86000,f2cde5d271b298a2318af9d26e8ba765f72e9949a3a40168a88f4b707259aa5c,sheet1:R15,,,
f2cde5d271b298a2-sheet1-R16,2026-03-20,gwangju-gwangsan,송정2동,큰집식당,불법광고물 캠페인 추진 직원 노고 격려를 위한 식사비용 지출,66000,f2cde5d271b298a2318af9d26e8ba765f72e9949a3a40168a88f4b707259aa5c,sheet1:R16,,,
f2cde5d271b298a2-sheet1-R17,2026-03-23,gwangju-gwangsan,송정2동,무등골한우명품관,현안업무 추진 직원 노고 격려를 위한 식사비용 지출,66000,f2cde5d271b298a2318af9d26e8ba765f72e9949a3a40168a88f4b707259aa5c,sheet1:R17,,,
f2cde5d271b298a2-sheet1-R18,2026-03-24,gwangju-gwangsan,송정2동,궁,송정2동 경로당협의회 회의에 따른 임원진 간담회 개최,52600,f2cde5d271b298a2318af9d26e8ba765f72e9949a3a40168a88f4b707259aa5c,sheet1:R18,,,
f2cde5d271b298a2-sheet1-R19,2026-03-26,gwangju-gwangsan,송정2동,정광석항아리보쌈(송정점),민원업무 추진 직원 노고 격려를 위한 식사비용 지출,55000,f2cde5d271b298a2318af9d26e8ba765f72e9949a3a40168a88f4b707259aa5c,sheet1:R19,,,
f2cde5d271b298a2-sheet1-R20,2026-03-27,gwangju-gwangsan,송정2동,우정청과 1호점,직원 노고 격려를 위한 다과비 지출,27000,f2cde5d271b298a2318af9d26e8ba765f72e9949a3a40168a88f4b707259aa5c,sheet1:R20,,,
f2cde5d271b298a2-sheet1-R21,2026-04-01,gwangju-gwangsan,송정2동,까망,위기가구발굴가게 업무협약에 따른 간담회 개최 비용 지급,50000,f2cde5d271b298a2318af9d26e8ba765f72e9949a3a40168a88f4b707259aa5c,sheet1:R21,,,
3ef5d93f530d88e7-sheet1-R6,2026-04-24,gwangju-gwangsan,세무2과,옛날돼지갈비본가돈륵,지방세정 업무 논의를 위한 간담회 추진,260000,3ef5d93f530d88e7857bf08d5b462a16406177203c05805a3586dddb0eeadc2c,sheet1:R6,,,
3ef5d93f530d88e7-sheet1-R7,2026-06-18,gwangju-gwangsan,세무2과,연경,지방세정 업무 논의를 위한 간담회 추진,290000,3ef5d93f530d88e7857bf08d5b462a16406177203c05805a3586dddb0eeadc2c,sheet1:R7,,,
bcf61c9af7778b78-sheet1-R7,2026-03-23,gwangju-gwangsan,첨단1동,테라커피 첨단점외 1,첨단1동 통장단 임원진 간담회 추진,173600,bcf61c9af7778b78c28b4aaf414c3683d786e2607468ec207756a4c1e83d4142,sheet1:R7,,,
bcf61c9af7778b78-sheet1-R9,2026-04-01,gwangju-gwangsan,첨단1동,청자다방 첨단공원점외 1,첨단1동 통장 봉사단 조장 간담회 추진,215600,bcf61c9af7778b78c28b4aaf414c3683d786e2607468ec207756a4c1e83d4142,sheet1:R9,,,
bcf61c9af7778b78-sheet1-R10,2026-04-03,gwangju-gwangsan,첨단1동,나능이버섯백숙,여름철 호우 대비 예찰을 위한 첨단1동 지역자율방재단 간담회 추진,140000,bcf61c9af7778b78c28b4aaf414c3683d786e2607468ec207756a4c1e83d4142,sheet1:R10,,,
bcf61c9af7778b78-sheet1-R11,2026-06-09,gwangju-gwangsan,첨단1동,전라도이야기,첨단에 퐁당 행사 추진을 위한 간담회 추진,165500,bcf61c9af7778b78c28b4aaf414c3683d786e2607468ec207756a4c1e83d4142,sheet1:R11,,,
bcf61c9af7778b78-sheet1-R12,2026-06-15,gwangju-gwangsan,첨단1동,이은낙지,자율방범연합회 첨단지역 야간순찰 지원을 위한 간담회 추진,99000,bcf61c9af7778b78c28b4aaf414c3683d786e2607468ec207756a4c1e83d4142,sheet1:R12,,,
bcf61c9af7778b78-sheet1-R13,2026-06-22,gwangju-gwangsan,첨단1동,레레하우스,첨단1동 통장 임원진 간담회 추진,115500,bcf61c9af7778b78c28b4aaf414c3683d786e2607468ec207756a4c1e83d4142,sheet1:R13,,,
bcf61c9af7778b78-sheet1-R14,2026-06-25,gwangju-gwangsan,첨단1동,(주)예다손창억떡,지사협 자매결연협약 기관 방문에 따른 상호 협력 간담회 추진을 위한 간식 구입,72000,bcf61c9af7778b78c28b4aaf414c3683d786e2607468ec207756a4c1e83d4142,sheet1:R14,,,
2ec9b468d6d0b6b9-sheet2-R5,2026-04-01,gwangju-gwangsan,임곡동,본빵협동조합,동 직원 노고 격려를 위한 간식비 지급,25300,2ec9b468d6d0b6b98549d785b475a5ce1704c00922bb50f5a7e9a6f8e36b02e4,sheet2:R5,,,
2ec9b468d6d0b6b9-sheet2-R6,2026-04-01,gwangju-gwangsan,임곡동,우시장국밥,임곡동 거점형 마을카페 운영 관련 논의를 위한 간담회 추진,50000,2ec9b468d6d0b6b98549d785b475a5ce1704c00922bb50f5a7e9a6f8e36b02e4,sheet2:R6,,,
2ec9b468d6d0b6b9-sheet2-R7,2026-04-06,gwangju-gwangsan,임곡동,카페 달,원활한 동 업무 추진을 위한 관내 사회단체장 간담회 추진,20500,2ec9b468d6d0b6b98549d785b475a5ce1704c00922bb50f5a7e9a6f8e36b02e4,sheet2:R7,,,
2ec9b468d6d0b6b9-sheet2-R8,2026-04-16,gwangju-gwangsan,임곡동,메가커피 광주진곡산단점,산불예방을 위한 통장단 간담회 추진,23900,2ec9b468d6d0b6b98549d785b475a5ce1704c00922bb50f5a7e9a6f8e36b02e4,sheet2:R8,,,
2ec9b468d6d0b6b9-sheet2-R9,2026-04-27,gwangju-gwangsan,임곡동,송정금호,2027년도 주민참여예산 제안사업 발굴을 위한 간담회 추진,128000,2ec9b468d6d0b6b98549d785b475a5ce1704c00922bb50f5a7e9a6f8e36b02e4,sheet2:R9,,,
2ec9b468d6d0b6b9-sheet2-R10,2026-04-28,gwangju-gwangsan,임곡동,계절음식달리,주민자치활성화 사업 발굴 논의를 위한 주민자치회 임원 간담회 추진,230000,2ec9b468d6d0b6b98549d785b475a5ce1704c00922bb50f5a7e9a6f8e36b02e4,sheet2:R10,,,
2ec9b468d6d0b6b9-sheet2-R11,2026-04-30,gwangju-gwangsan,임곡동,"임곡사골우거지, 벌크커피임곡점",고유가지원금 추진 직원 노고격려를 위한 중식비 등 지급,188200,2ec9b468d6d0b6b98549d785b475a5ce1704c00922bb50f5a7e9a6f8e36b02e4,sheet2:R11,,,
2ec9b468d6d0b6b9-sheet2-R12,2026-05-07,gwangju-gwangsan,임곡동,송정금호,현안업무 추진 직원 노고 격려를 위한 간식비 지급,20500,2ec9b468d6d0b6b98549d785b475a5ce1704c00922bb50f5a7e9a6f8e36b02e4,sheet2:R12,,,
2ec9b468d6d0b6b9-sheet2-R13,2026-05-08,gwangju-gwangsan,임곡동,이영자국밥,복지업무 추진 직원 노고격려를 위한 중식비 지급,40000,2ec9b468d6d0b6b98549d785b475a5ce1704c00922bb50f5a7e9a6f8e36b02e4,sheet2:R13,,,
2ec9b468d6d0b6b9-sheet2-R14,2026-05-13,gwangju-gwangsan,임곡동,카페 달,산사태 재난대비 합동훈련 간담회 추진,30500,2ec9b468d6d0b6b98549d785b475a5ce1704c00922bb50f5a7e9a6f8e36b02e4,sheet2:R14,,,
2ec9b468d6d0b6b9-sheet2-R15,2026-05-28,gwangju-gwangsan,임곡동,낙원정,선거업무 추진 직원 노고 격려를 위한 중식비 지급,136000,2ec9b468d6d0b6b98549d785b475a5ce1704c00922bb50f5a7e9a6f8e36b02e4,sheet2:R15,,,
2ec9b468d6d0b6b9-sheet2-R16,2026-05-29,gwangju-gwangsan,임곡동,창석골칡냉면,고향사랑기부제 활성화를 위한 간담회 추진,27000,2ec9b468d6d0b6b98549d785b475a5ce1704c00922bb50f5a7e9a6f8e36b02e4,sheet2:R16,,,
2ec9b468d6d0b6b9-sheet2-R17,2026-06-01,gwangju-gwangsan,임곡동,송정금호,현안업무 추진 직원 노고격려를 위한 간식비 지급,34600,2ec9b468d6d0b6b98549d785b475a5ce1704c00922bb50f5a7e9a6f8e36b02e4,sheet2:R17,,,
2ec9b468d6d0b6b9-sheet2-R18,2026-06-02,gwangju-gwangsan,임곡동,보배반점 수완점,동미래발전계획 실행사업 추진을 위한 간담회 추진,32500,2ec9b468d6d0b6b98549d785b475a5ce1704c00922bb50f5a7e9a6f8e36b02e4,sheet2:R18,,,
2ec9b468d6d0b6b9-sheet2-R19,2026-06-11,gwangju-gwangsan,임곡동,푸른가든,지역현안 공유를 위한 사회단체장 간담회 추진,60000,2ec9b468d6d0b6b98549d785b475a5ce1704c00922bb50f5a7e9a6f8e36b02e4,sheet2:R19,,,
2ec9b468d6d0b6b9-sheet2-R20,2026-06-11,gwangju-gwangsan,임곡동,계절음식달리,안전취약지 재난대비 방안 논의를 위한 통장단 간담회 추진,240000,2ec9b468d6d0b6b98549d785b475a5ce1704c00922bb50f5a7e9a6f8e36b02e4,sheet2:R20,,,
2ec9b468d6d0b6b9-sheet2-R21,2026-06-16,gwangju-gwangsan,임곡동,참치방,현장 중심 돌봄체계 강화를 위한 간담회 추진,61000,2ec9b468d6d0b6b98549d785b475a5ce1704c00922bb50f5a7e9a6f8e36b02e4,sheet2:R21,,,
2ec9b468d6d0b6b9-sheet2-R22,2026-06-24,gwangju-gwangsan,임곡동,해궁,마을의제 발굴 논의를 위한 주민자치회 간담회 추진,214000,2ec9b468d6d0b6b98549d785b475a5ce1704c00922bb50f5a7e9a6f8e36b02e4,sheet2:R22,,,
f06b9ea861bfc3ec-sheet1-R5,2026-04-06,gwangju-gwangsan,주민자치과,화정떡갈비,주민자치 업무 추진 관련 관계자 간담회,81000,f06b9ea861bfc3ec215deb24238da21aac4e60b0d8ac906fd8c12c80329b1113,sheet1:R5,,,
f06b9ea861bfc3ec-sheet1-R6,2026-04-07,gwangju-gwangsan,주민자치과,역전대패,주민참여 활성화를 위한 관계자 간담회,54000,f06b9ea861bfc3ec215deb24238da21aac4e60b0d8ac906fd8c12c80329b1113,sheet1:R6,,,
f06b9ea861bfc3ec-sheet1-R7,2026-04-07,gwangju-gwangsan,주민자치과,이디야,고향사랑기부금 모금 활성화를 위한 관계자 사회단체 간담회,62000,f06b9ea861bfc3ec215deb24238da21aac4e60b0d8ac906fd8c12c80329b1113,sheet1:R7,,,
f06b9ea861bfc3ec-sheet1-R8,2026-04-14,gwangju-gwangsan,주민자치과,황칠미가,주민자치회 운영강화 지원사업 추진을 위한 관계자 간담회,101500,f06b9ea861bfc3ec215deb24238da21aac4e60b0d8ac906fd8c12c80329b1113,sheet1:R8,,,
f06b9ea861bfc3ec-sheet1-R9,2026-04-20,gwangju-gwangsan,주민자치과,수초밥참치,고향사랑기부 이벤트 추진에 따른 관계자 간담회,58000,f06b9ea861bfc3ec215deb24238da21aac4e60b0d8ac906fd8c12c80329b1113,sheet1:R9,,,
f06b9ea861bfc3ec-sheet1-R10,2026-04-27,gwangju-gwangsan,주민자치과,송정골,통합자원봉사지원단 운영 관련 관계자 간담회,54000,f06b9ea861bfc3ec215deb24238da21aac4e60b0d8ac906fd8c12c80329b1113,sheet1:R10,,,
f06b9ea861bfc3ec-sheet1-R11,2026-04-29,gwangju-gwangsan,주민자치과,만복이쭈꾸미낙지볶음,주민자치회 운영 강화를 위한 관계자 간담회,95000,f06b9ea861bfc3ec215deb24238da21aac4e60b0d8ac906fd8c12c80329b1113,sheet1:R11,,,
f06b9ea861bfc3ec-sheet1-R12,2026-06-08,gwangju-gwangsan,주민자치과,어부네회수산,주민자치 활성화 및 현안논의를 위한 간담회,30000,f06b9ea861bfc3ec215deb24238da21aac4e60b0d8ac906fd8c12c80329b1113,sheet1:R12,,,
f06b9ea861bfc3ec-sheet1-R13,2026-06-08,gwangju-gwangsan,주민자치과,라라브레드 송정점외 1,마을공동체 권역별 교류 협력을 위한 관계자 간담회,64000,f06b9ea861bfc3ec215deb24238da21aac4e60b0d8ac906fd8c12c80329b1113,sheet1:R13,,,
f06b9ea861bfc3ec-sheet1-R14,2026-06-09,gwangju-gwangsan,주민자치과,화정떡갈비,주민자치회 운영강화 지원사업 관련 간담회,90000,f06b9ea861bfc3ec215deb24238da21aac4e60b0d8ac906fd8c12c80329b1113,sheet1:R14,,,
f06b9ea861bfc3ec-sheet1-R15,2026-06-10,gwangju-gwangsan,주민자치과,어뮤즈케이커리,원활한 동 미래발전계획 추진을 위한 다과 구입,98000,f06b9ea861bfc3ec215deb24238da21aac4e60b0d8ac906fd8c12c80329b1113,sheet1:R15,,,
f06b9ea861bfc3ec-sheet1-R16,2026-06-11,gwangju-gwangsan,주민자치과,달빛에구운고등어수완장덕점,원활한 구정 홍보 및 협조를 위한 유관기관 간담회,67000,f06b9ea861bfc3ec215deb24238da21aac4e60b0d8ac906fd8c12c80329b1113,sheet1:R16,,,
f06b9ea861bfc3ec-sheet1-R17,2026-06-18,gwangju-gwangsan,주민자치과,슈퍼크리스피 광주송정점,동미래발전 추진 관련 관계자 간담회,31300,f06b9ea861bfc3ec215deb24238da21aac4e60b0d8ac906fd8c12c80329b1113,sheet1:R17,,,
f06b9ea861bfc3ec-sheet1-R18,2026-06-19,gwangju-gwangsan,주민자치과,해물정,주민자치 활성화를 위한 관계자 간담회,129000,f06b9ea861bfc3ec215deb24238da21aac4e60b0d8ac906fd8c12c80329b1113,sheet1:R18,,,
f06b9ea861bfc3ec-sheet1-R19,2026-06-22,gwangju-gwangsan,주민자치과,다우데이타_키오스크_1외 1,고향사랑기부 활성화를 위한 관계자 간담회,95600,f06b9ea861bfc3ec215deb24238da21aac4e60b0d8ac906fd8c12c80329b1113,sheet1:R19,,,
17502407d42693c8-sheet1-R5,2026-04-02,gwangju-gwangsan,주민자치과,앙비뗴,공직선거법 교육 관련 관계자 간담회,86000,17502407d42693c8f3b635c4c562451d7c24b5e1e88899a2598a380bbe896ade,sheet1:R5,,,
17502407d42693c8-sheet1-R6,2026-04-07,gwangju-gwangsan,주민자치과,앙비뗴,선거사무 협조를 위한 선관위-동간사 간담회 추진 음료 구입,97000,17502407d42693c8f3b635c4c562451d7c24b5e1e88899a2598a380bbe896ade,sheet1:R6,,,
17502407d42693c8-sheet1-R7,2026-05-04,gwangju-gwangsan,주민자치과,본죽,선거 업무 추진 직원 노고 격려 간담회,64500,17502407d42693c8f3b635c4c562451d7c24b5e1e88899a2598a380bbe896ade,sheet1:R7,,,
17502407d42693c8-sheet1-R8,2026-05-06,gwangju-gwangsan,주민자치과,프랭크버거,고유가 피해지원금 지원 관련 직원 노고 격려 간담회,34800,17502407d42693c8f3b635c4c562451d7c24b5e1e88899a2598a380bbe896ade,sheet1:R8,,,
17502407d42693c8-sheet1-R9,2026-05-13,gwangju-gwangsan,주민자치과,앙비뗴,고유가 피해지원금(2차) 및 각종 현안업무 지원 직원 노고 격려 간담회,143000,17502407d42693c8f3b635c4c562451d7c24b5e1e88899a2598a380bbe896ade,sheet1:R9,,,
17502407d42693c8-sheet1-R10,2026-05-18,gwangju-gwangsan,주민자치과,바다왕아구찜,고유가 피해지원금(2차) 동 현장 지원 직원 노고 격려 간담회,98000,17502407d42693c8f3b635c4c562451d7c24b5e1e88899a2598a380bbe896ade,sheet1:R10,,,
17502407d42693c8-sheet1-R11,2026-05-18,gwangju-gwangsan,주민자치과,청해진의 꿈,범죄 피해자 추모공간 현장 지원에 따른 동 직원 노고 격려 간담회,105000,17502407d42693c8f3b635c4c562451d7c24b5e1e88899a2598a380bbe896ade,sheet1:R11,,,
17502407d42693c8-sheet1-R12,2026-05-27,gwangju-gwangsan,주민자치과,수초밥참치,회계 업무 추진 직원 노고 격려 간담회,98000,17502407d42693c8f3b635c4c562451d7c24b5e1e88899a2598a380bbe896ade,sheet1:R12,,,
17502407d42693c8-sheet1-R13,2026-06-05,gwangju-gwangsan,주민자치과,슈퍼크리스피 광주송정점,민원 업무 추진 직원 노고 격려 간담회,27800,17502407d42693c8f3b635c4c562451d7c24b5e1e88899a2598a380bbe896ade,sheet1:R13,,,
17502407d42693c8-sheet1-R14,2026-06-16,gwangju-gwangsan,주민자치과,어부네회수산,원활한 주민참여 사업 추진을 위한 구의회 소통 간담회,30000,17502407d42693c8f3b635c4c562451d7c24b5e1e88899a2598a380bbe896ade,sheet1:R14,,,
17502407d42693c8-sheet1-R15,2026-06-17,gwangju-gwangsan,주민자치과,(사) 실로암사람들(카페홀더광산구청점),어룡동 행정복지센터 이전 관련 관계부서 간담회,17000,17502407d42693c8f3b635c4c562451d7c24b5e1e88899a2598a380bbe896ade,sheet1:R15,,,
17502407d42693c8-sheet1-R16,2026-06-24,gwangju-gwangsan,주민자치과,한우마을식육식당,민선9기 주요 업무계획 추진 직원 노고 격려 간담회,72000,17502407d42693c8f3b635c4c562451d7c24b5e1e88899a2598a380bbe896ade,sheet1:R16,,,
7218b8c57fcf9f43-sheet1-R5,2026-04-16,gwangju-gwangsan,수완건강생활지원센터,"해궁, 수완뜨락",수완건강100단 운영 관련 관계자 간담회 추진,173000,7218b8c57fcf9f433a08e68d27e39d6f74a4775591153e8eb5deae8c36b0ed6e,sheet1:R5,,,
7218b8c57fcf9f43-sheet1-R6,2026-06-16,gwangju-gwangsan,수완건강생활지원센터,수완뜨락,2026년 상반기 수완 지역건강협의체 회의 추진을 위한 다과비 지급,110000,7218b8c57fcf9f433a08e68d27e39d6f74a4775591153e8eb5deae8c36b0ed6e,sheet1:R6,,,
eacd242c57f7f031-sheet1-R5,2026-04-13,gwangju-gwangsan,본량동,김상궁 2호점,본량동 공유주방 설치 관련 간담회 개최,42000,eacd242c57f7f031b72b827b2e518bcc3438bddac95d1c7f5060b5d37ae2be06,sheet1:R5,,,
eacd242c57f7f031-sheet1-R6,2026-04-16,gwangju-gwangsan,본량동,송원식육식당,본량동 공유주방 설치 관련 간담회 개최,44000,eacd242c57f7f031b72b827b2e518bcc3438bddac95d1c7f5060b5d37ae2be06,sheet1:R6,,,
eacd242c57f7f031-sheet1-R7,2026-04-22,gwangju-gwangsan,본량동,흑심초밥,1313 이웃살핌 사업 공감소 운영 관련 간담회 개최,78000,eacd242c57f7f031b72b827b2e518bcc3438bddac95d1c7f5060b5d37ae2be06,sheet1:R7,,,
eacd242c57f7f031-sheet1-R8,2026-04-24,gwangju-gwangsan,본량동,샤브향송정점,1313 이웃살핌 사업 공감소 운영 관련 간담회 개최,66700,eacd242c57f7f031b72b827b2e518bcc3438bddac95d1c7f5060b5d37ae2be06,sheet1:R8,,,
eacd242c57f7f031-sheet1-R9,2026-04-28,gwangju-gwangsan,본량동,낙원정,1313 이웃살핌 사업 공감소 운영 관련 간담회 개최,70000,eacd242c57f7f031b72b827b2e518bcc3438bddac95d1c7f5060b5d37ae2be06,sheet1:R9,,,
eacd242c57f7f031-sheet1-R10,2026-05-08,gwangju-gwangsan,본량동,정광석항아리보쌈(송정점),고유가피해지원금 관련 간담회 개최,44000,eacd242c57f7f031b72b827b2e518bcc3438bddac95d1c7f5060b5d37ae2be06,sheet1:R10,,,
eacd242c57f7f031-sheet1-R11,2026-05-12,gwangju-gwangsan,본량동,모카,고유가피해지원금 관련 간담회 개최,47100,eacd242c57f7f031b72b827b2e518bcc3438bddac95d1c7f5060b5d37ae2be06,sheet1:R11,,,
eacd242c57f7f031-sheet1-R12,2026-05-13,gwangju-gwangsan,본량동,엄마네밥상,고유가피해지원금 관련 간담회 개최,44000,eacd242c57f7f031b72b827b2e518bcc3438bddac95d1c7f5060b5d37ae2be06,sheet1:R12,,,
eacd242c57f7f031-sheet1-R13,2026-05-14,gwangju-gwangsan,본량동,본빵협동조합,고유가피해지원금 관련 간담회 개최,81000,eacd242c57f7f031b72b827b2e518bcc3438bddac95d1c7f5060b5d37ae2be06,sheet1:R13,,,
eacd242c57f7f031-sheet1-R14,2026-05-14,gwangju-gwangsan,본량동,윤가네,백일홍 마을 학교 운동회 관련 간담회 개최,44000,eacd242c57f7f031b72b827b2e518bcc3438bddac95d1c7f5060b5d37ae2be06,sheet1:R14,,,
eacd242c57f7f031-sheet1-R15,2026-05-15,gwangju-gwangsan,본량동,통큰감자탕,백일홍 마을 학교 운동회 관련 간담회 개최,224000,eacd242c57f7f031b72b827b2e518bcc3438bddac95d1c7f5060b5d37ae2be06,sheet1:R15,,,
eacd242c57f7f031-sheet1-R16,2026-05-19,gwangju-gwangsan,본량동,정광석항아리보쌈(송정점),고유가피해지원금 관련 간담회 개최,44000,eacd242c57f7f031b72b827b2e518bcc3438bddac95d1c7f5060b5d37ae2be06,sheet1:R16,,,
eacd242c57f7f031-sheet1-R17,2026-05-21,gwangju-gwangsan,본량동,임곡생태탕,고유가피해지원금 관련 간담회 개최,33000,eacd242c57f7f031b72b827b2e518bcc3438bddac95d1c7f5060b5d37ae2be06,sheet1:R17,,,
eacd242c57f7f031-sheet1-R18,2026-05-22,gwangju-gwangsan,본량동,로니로티수완점,제9회전국동시지방선거 투표율 제고를 위한 간담회 개최,48800,eacd242c57f7f031b72b827b2e518bcc3438bddac95d1c7f5060b5d37ae2be06,sheet1:R18,,,
eacd242c57f7f031-sheet1-R19,2026-05-27,gwangju-gwangsan,본량동,추어가 남원추어탕,제9회전국동시지방선거 투표율 제고를 위한 간담회 개최,36000,eacd242c57f7f031b72b827b2e518bcc3438bddac95d1c7f5060b5d37ae2be06,sheet1:R19,,,
eacd242c57f7f031-sheet1-R20,2026-05-28,gwangju-gwangsan,본량동,또바기초밥,고유가피해지원금 관련 간담회 개최,52000,eacd242c57f7f031b72b827b2e518bcc3438bddac95d1c7f5060b5d37ae2be06,sheet1:R20,,,
eacd242c57f7f031-sheet1-R21,2026-05-28,gwangju-gwangsan,본량동,시골밥집,제9회전국동시지방선거 투표율 제고를 위한 간담회 개최,60000,eacd242c57f7f031b72b827b2e518bcc3438bddac95d1c7f5060b5d37ae2be06,sheet1:R21,,,
eacd242c57f7f031-sheet1-R22,2026-05-29,gwangju-gwangsan,본량동,본빵협동조합,제9회전국동시지방선거 투표율 제고를 위한 간담회 개최,17000,eacd242c57f7f031b72b827b2e518bcc3438bddac95d1c7f5060b5d37ae2be06,sheet1:R22,,,
eacd242c57f7f031-sheet1-R23,2026-05-29,gwangju-gwangsan,본량동,낙원정,고유가피해지원금 관련 간담회 개최,72000,eacd242c57f7f031b72b827b2e518bcc3438bddac95d1c7f5060b5d37ae2be06,sheet1:R23,,,
eacd242c57f7f031-sheet1-R24,2026-05-30,gwangju-gwangsan,본량동,또바기초밥,1313 이웃살핌 사업 공감소 운영 관련 간담회 개최,51000,eacd242c57f7f031b72b827b2e518bcc3438bddac95d1c7f5060b5d37ae2be06,sheet1:R24,,,
eacd242c57f7f031-sheet1-R25,2026-06-02,gwangju-gwangsan,본량동,롤링파스타 광주 호남대점,제9회전국동시지방선거 투표율 제고를 위한 간담회 개최,37500,eacd242c57f7f031b72b827b2e518bcc3438bddac95d1c7f5060b5d37ae2be06,sheet1:R25,,,
eacd242c57f7f031-sheet1-R26,2026-06-02,gwangju-gwangsan,본량동,또바기초밥,고유가피해지원금 관련 간담회 개최,68000,eacd242c57f7f031b72b827b2e518bcc3438bddac95d1c7f5060b5d37ae2be06,sheet1:R26,,,
eacd242c57f7f031-sheet1-R27,2026-06-04,gwangju-gwangsan,본량동,면식당호남대점,1313 이웃살핌 사업 공감소 운영 관련 간담회 개최,60200,eacd242c57f7f031b72b827b2e518bcc3438bddac95d1c7f5060b5d37ae2be06,sheet1:R27,,,
eacd242c57f7f031-sheet1-R28,2026-06-12,gwangju-gwangsan,본량동,윤가네,1313 이웃살핌 사업 공감소 운영 관련 간담회 개최,44000,eacd242c57f7f031b72b827b2e518bcc3438bddac95d1c7f5060b5d37ae2be06,sheet1:R28,,,
eacd242c57f7f031-sheet1-R29,2026-06-15,gwangju-gwangsan,본량동,소촌옥,1313 이웃살핌 사업 공감소 운영 관련 간담회 개최,65000,eacd242c57f7f031b72b827b2e518bcc3438bddac95d1c7f5060b5d37ae2be06,sheet1:R29,,,
eacd242c57f7f031-sheet1-R30,2026-06-15,gwangju-gwangsan,본량동,B.B 브라운빈(Brown Bean),행복한 순간 생신 행사 관련 간담회 개최,18700,eacd242c57f7f031b72b827b2e518bcc3438bddac95d1c7f5060b5d37ae2be06,sheet1:R30,,,
eacd242c57f7f031-sheet1-R31,2026-06-16,gwangju-gwangsan,본량동,엄마네밥상,1313 이웃살핌 사업 공감소 운영 관련 간담회 개최,52000,eacd242c57f7f031b72b827b2e518bcc3438bddac95d1c7f5060b5d37ae2be06,sheet1:R31,,,
eacd242c57f7f031-sheet1-R32,2026-06-16,gwangju-gwangsan,본량동,레브,행복한 순간 생신 행사 관련 간담회 개최,17500,eacd242c57f7f031b72b827b2e518bcc3438bddac95d1c7f5060b5d37ae2be06,sheet1:R32,,,
eacd242c57f7f031-sheet1-R33,2026-06-17,gwangju-gwangsan,본량동,도미네밥상,행복한 순간 생신 행사 관련 간담회 개최,45000,eacd242c57f7f031b72b827b2e518bcc3438bddac95d1c7f5060b5d37ae2be06,sheet1:R33,,,
eacd242c57f7f031-sheet1-R34,2026-06-24,gwangju-gwangsan,본량동,송학,행복한 순간 생신 행사 관련 간담회 개최,52000,eacd242c57f7f031b72b827b2e518bcc3438bddac95d1c7f5060b5d37ae2be06,sheet1:R34,,,
eacd242c57f7f031-sheet1-R35,2026-06-24,gwangju-gwangsan,본량동,본빵협동조합,고유가피해지원금 관련 간담회 개최,30000,eacd242c57f7f031b72b827b2e518bcc3438bddac95d1c7f5060b5d37ae2be06,sheet1:R35,,,
eacd242c57f7f031-sheet1-R36,2026-06-25,gwangju-gwangsan,본량동,본빵협동조합,행복한 순간 생신 행사 관련 간담회 개최,20000,eacd242c57f7f031b72b827b2e518bcc3438bddac95d1c7f5060b5d37ae2be06,sheet1:R36,,,
eacd242c57f7f031-sheet1-R37,2026-06-25,gwangju-gwangsan,본량동,카페 달,동 미래발전 포럼 관련 간담회 개최,46000,eacd242c57f7f031b72b827b2e518bcc3438bddac95d1c7f5060b5d37ae2be06,sheet1:R37,,,
d80241d782f6c50b-sheet1-R5,2026-04-02,gwangju-gwangsan,도시계획과,무한대패 수완점,평동 포사격장 폐쇄 요청 관련 업무 추진을 위한 간담회 개최,287000,d80241d782f6c50bc248d8dd0fe59d1bc087e5e73bd7b942f4046b7db6db6a94,sheet1:R5,,,
d80241d782f6c50b-sheet1-R6,2026-05-07,gwangju-gwangsan,도시계획과,임가네,광주송정역 광장 확장 사업 관련 업무 추진을 위한 간담회 개최,153000,d80241d782f6c50bc248d8dd0fe59d1bc087e5e73bd7b942f4046b7db6db6a94,sheet1:R6,,,
d80241d782f6c50b-sheet1-R7,2026-05-12,gwangju-gwangsan,도시계획과,미연복집 호대점,광주군공항 이전 관련 업무 추진을 위한 간담회 개최,100000,d80241d782f6c50bc248d8dd0fe59d1bc087e5e73bd7b942f4046b7db6db6a94,sheet1:R7,,,
d80241d782f6c50b-sheet1-R8,2026-05-15,gwangju-gwangsan,도시계획과,빛고을차림상 카페더비,도시취약지역 개선사업 공모 관련 업무 추진을 위한 간담회 개최,141300,d80241d782f6c50bc248d8dd0fe59d1bc087e5e73bd7b942f4046b7db6db6a94,sheet1:R8,,,
d80241d782f6c50b-sheet1-R9,2026-05-19,gwangju-gwangsan,도시계획과,금태산빛고을흑염소,금호타이어 공장 이전 관련 업무 추진을 위한 간담회 개최,205000,d80241d782f6c50bc248d8dd0fe59d1bc087e5e73bd7b942f4046b7db6db6a94,sheet1:R9,,,
d80241d782f6c50b-sheet1-R10,2026-06-01,gwangju-gwangsan,도시계획과,라라브레드,개발제한구역 해제 관련 업무 추진을 위한 간담회 개최,153000,d80241d782f6c50bc248d8dd0fe59d1bc087e5e73bd7b942f4046b7db6db6a94,sheet1:R10,,,
d80241d782f6c50b-sheet1-R11,2026-06-04,gwangju-gwangsan,도시계획과,이조떡갈비 카페홀더,우산동 실버어울림플랫폼 리모델링 관련 업무 추진을 위한 간담회 개최,190500,d80241d782f6c50bc248d8dd0fe59d1bc087e5e73bd7b942f4046b7db6db6a94,sheet1:R11,,,
d80241d782f6c50b-sheet1-R12,2026-06-12,gwangju-gwangsan,도시계획과,순창민물매운탕,공약사업 발굴 관련 업무 추진을 위한 간담회 개최,113000,d80241d782f6c50bc248d8dd0fe59d1bc087e5e73bd7b942f4046b7db6db6a94,sheet1:R12,,,
d80241d782f6c50b-sheet1-R13,2026-06-24,gwangju-gwangsan,도시계획과,킹피쉬,광주송정역 광장 확장 관련 업무 추진을 위한 간담회 개최,199000,d80241d782f6c50bc248d8dd0fe59d1bc087e5e73bd7b942f4046b7db6db6a94,sheet1:R13,,,
225643b9aa417870-sheet1-R5,2026-04-08,gwangju-gwangsan,도시건축국,금탑소머리국밥 송정점,광고물관리 관련 업무 직원 노고 격려를 위한 오찬 실시,83000,225643b9aa417870fa71e085d2e532d5a21941e2a78e8c988343401fbcb6186a,sheet1:R5,,,
225643b9aa417870-sheet1-R6,2026-04-10,gwangju-gwangsan,도시건축국,송학 카페홀더,청사관리 관련 업무 직원 노고 격려를 위한 오찬 실시,84500,225643b9aa417870fa71e085d2e532d5a21941e2a78e8c988343401fbcb6186a,sheet1:R6,,,
225643b9aa417870-sheet1-R7,2026-04-14,gwangju-gwangsan,도시건축국,시골밥집,지적재조사 관련 업무 직원 노고 격려를 위한 오찬 실시,39000,225643b9aa417870fa71e085d2e532d5a21941e2a78e8c988343401fbcb6186a,sheet1:R7,,,
225643b9aa417870-sheet1-R8,2026-04-16,gwangju-gwangsan,도시건축국,금탑소머리국밥 송정점 벤티프레소 광주송정점,공동주택 관리 관련 업무 직원 노고 격려를 위한 오찬 실시,36500,225643b9aa417870fa71e085d2e532d5a21941e2a78e8c988343401fbcb6186a,sheet1:R8,,,
225643b9aa417870-sheet1-R9,2026-04-16,gwangju-gwangsan,도시건축국,앙비떼,도시건축국 주요 업무 논의를 위한 다과 구입,51000,225643b9aa417870fa71e085d2e532d5a21941e2a78e8c988343401fbcb6186a,sheet1:R9,,,
225643b9aa417870-sheet1-R10,2026-04-20,gwangju-gwangsan,도시건축국,화천추어탕,청사관리 관련 업무 직원 노고 격려를 위한 오찬 실시,36000,225643b9aa417870fa71e085d2e532d5a21941e2a78e8c988343401fbcb6186a,sheet1:R10,,,
225643b9aa417870-sheet1-R11,2026-04-24,gwangju-gwangsan,도시건축국,청자다방 송정점,도시건축국 주요 업무 논의를 위한 다과 구입,10500,225643b9aa417870fa71e085d2e532d5a21941e2a78e8c988343401fbcb6186a,sheet1:R11,,,
225643b9aa417870-sheet1-R12,2026-04-29,gwangju-gwangsan,도시건축국,시골밥집,신가재개발 관련 업무 직원 노고 격려를 위한 오찬 실시,39000,225643b9aa417870fa71e085d2e532d5a21941e2a78e8c988343401fbcb6186a,sheet1:R12,,,
225643b9aa417870-sheet1-R13,2026-05-08,gwangju-gwangsan,도시건축국,어부네 아우라카페,지적재조사 관련 업무 직원 노고 격려를 위한 오찬 실시,87000,225643b9aa417870fa71e085d2e532d5a21941e2a78e8c988343401fbcb6186a,sheet1:R13,,,
225643b9aa417870-sheet1-R14,2026-05-15,gwangju-gwangsan,도시건축국,아다미,주택 정비사업 관련 업무 직원 노고 격려를 위한 오찬 실시,72000,225643b9aa417870fa71e085d2e532d5a21941e2a78e8c988343401fbcb6186a,sheet1:R14,,,
225643b9aa417870-sheet1-R15,2026-05-18,gwangju-gwangsan,도시건축국,어부네,찾아가는 공동주택관리 상담센터 관련 업무 직원 노고 격려를 위한 오찬 실시,45000,225643b9aa417870fa71e085d2e532d5a21941e2a78e8c988343401fbcb6186a,sheet1:R15,,,
225643b9aa417870-sheet1-R16,2026-05-21,gwangju-gwangsan,도시건축국,화천추어탕 앙비떼,광고물 정비 관련 업무 직원 노고 격려를 위한 오찬 실시,63000,225643b9aa417870fa71e085d2e532d5a21941e2a78e8c988343401fbcb6186a,sheet1:R16,,,
225643b9aa417870-sheet1-R17,2026-05-22,gwangju-gwangsan,도시건축국,은수초밥,건설공사장 안전 점검 관련 업무 직원 노고 격려를 위한 오찬 실시,124300,225643b9aa417870fa71e085d2e532d5a21941e2a78e8c988343401fbcb6186a,sheet1:R17,,,
225643b9aa417870-sheet1-R18,2026-05-27,gwangju-gwangsan,도시건축국,청솔가마솥 아우라카페,수완동행정복지센터 증축 공사 관련 업무 직원 노고 격려를 위한 오찬 실시,61500,225643b9aa417870fa71e085d2e532d5a21941e2a78e8c988343401fbcb6186a,sheet1:R18,,,
225643b9aa417870-sheet1-R19,2026-05-29,gwangju-gwangsan,도시건축국,시골밥집 벤티프레소 광주송정점,재개발사업 관련 업무 직원 노고 격려를 위한 오찬 실시,72000,225643b9aa417870fa71e085d2e532d5a21941e2a78e8c988343401fbcb6186a,sheet1:R19,,,
225643b9aa417870-sheet1-R20,2026-06-15,gwangju-gwangsan,도시건축국,시골밥집 메가커피 광주송정시장점,장기 미착공 건축허가 취소 청문 관련 업무 직원 노고 격려를 위한 오찬 실시,52700,225643b9aa417870fa71e085d2e532d5a21941e2a78e8c988343401fbcb6186a,sheet1:R20,,,
225643b9aa417870-sheet1-R21,2026-06-16,gwangju-gwangsan,도시건축국,미광,월곡2동 도시재생뉴딜사업 관련 업무 추진을 위한 간담회 개최,214000,225643b9aa417870fa71e085d2e532d5a21941e2a78e8c988343401fbcb6186a,sheet1:R21,,,
225643b9aa417870-sheet1-R22,2026-06-18,gwangju-gwangsan,도시건축국,청솔가마솥 청자다방 송정점,부동산가격 공시위원회 관련 업무 직원 노고 격려를 위한 오찬 실시,58200,225643b9aa417870fa71e085d2e532d5a21941e2a78e8c988343401fbcb6186a,sheet1:R22,,,
225643b9aa417870-sheet1-R23,2026-06-19,gwangju-gwangsan,도시건축국,금탑소머리국밥 송정점 벤티프레소 광주송정점,운남동 재개발 관련 업무 직원 노고 격려를 위한 오찬 실시,110400,225643b9aa417870fa71e085d2e532d5a21941e2a78e8c988343401fbcb6186a,sheet1:R23,,,
225643b9aa417870-sheet1-R24,2026-06-22,gwangju-gwangsan,도시건축국,진미식당 앙비떼,어룡동 주차복합청사 관련 업무 직원 노고 격려를 위한 오찬 실시,61000,225643b9aa417870fa71e085d2e532d5a21941e2a78e8c988343401fbcb6186a,sheet1:R24,,,
225643b9aa417870-sheet1-R25,2026-06-24,gwangju-gwangsan,도시건축국,어부네 아우라카페,어룡동 주차복합청사 관련 업무 직원 노고 격려를 위한 오찬 실시,81000,225643b9aa417870fa71e085d2e532d5a21941e2a78e8c988343401fbcb6186a,sheet1:R25,,,
a4ceeb533362c20b-sheet1-R5,2026-04-01,gwangju-gwangsan,첨단2동,정광석항아리보쌈첨단점,통장단 임원진 간담회 추진 식비 지출,267000,a4ceeb533362c20bdf21e4f715859f340f27c65b0f919f891461b300d8ae737c,sheet1:R5,,,
a4ceeb533362c20b-sheet1-R6,2026-04-02,gwangju-gwangsan,첨단2동,미미참치,동정업무 추진 논의를 위한 간담회 식비 지출,93800,a4ceeb533362c20bdf21e4f715859f340f27c65b0f919f891461b300d8ae737c,sheet1:R6,,,
a4ceeb533362c20b-sheet1-R7,2026-06-09,gwangju-gwangsan,첨단2동,전라도이야기,블루오션로드 추진 논의를 위한 간담회 식비 지출,165500,a4ceeb533362c20bdf21e4f715859f340f27c65b0f919f891461b300d8ae737c,sheet1:R7,,,
a4ceeb533362c20b-sheet1-R8,2026-06-24,gwangju-gwangsan,첨단2동,정광석항아리보쌈첨단점,현안업무 추진 논의를 위한 간담회 식비 지출,71000,a4ceeb533362c20bdf21e4f715859f340f27c65b0f919f891461b300d8ae737c,sheet1:R8,,,
f8485eedc52d3394-sheet1-R4,2026-04-16,gwangju-gwangsan,고령사회정책과,아웃백스테이크하우스 광천점,2026년도 통합돌봄체계 추진에 따른 응급안전안심서비스 사업 확대 논의를 위한 관계기관 간담회 실시,191600,f8485eedc52d3394150505ce57db18de720714f5b5e341761771ddbd2720ef21,sheet1:R4,,,
f8485eedc52d3394-sheet1-R5,2026-04-14,gwangju-gwangsan,고령사회정책과,어부네회수산,2026년도 은빛마루 광산구노인회관 운영 및 사업 추진 논의를 위한 관계기관 간담회 실시,290000,f8485eedc52d3394150505ce57db18de720714f5b5e341761771ddbd2720ef21,sheet1:R5,,,
f8485eedc52d3394-sheet1-R6,2026-04-01,gwangju-gwangsan,고령사회정책과,송정골,2026년 노인일자리 사업 추진을 위한 관계기관 간담회 개최,180000,f8485eedc52d3394150505ce57db18de720714f5b5e341761771ddbd2720ef21,sheet1:R6,,,
b108af4c88e1ef58-sheet1-R5,2026-04-09,gwangju-gwangsan,이주민정책과,고등어섬푸랭이,광산세계야시장 추진방향 논의를 위한 간담회 비용 집행,280000,b108af4c88e1ef58a16c2257c992488132b36c79a1ce9fff360e9bc59e66d244,sheet1:R5,,,
b108af4c88e1ef58-sheet1-R6,2026-06-10,gwangju-gwangsan,이주민정책과,실로암사람들(카페홀더),광산구 외국인주민 명예통장단 추진업무 논의를 위한 간담회 비용 집행,21500,b108af4c88e1ef58a16c2257c992488132b36c79a1ce9fff360e9bc59e66d244,sheet1:R6,,,
7329ec49afe76083-sheet1-R4,2026-04-07,gwangju-gwangsan,송정1동,코다리조림찜,송정1동 4월 마을동행 간담회 개최,45000,7329ec49afe760836b5aa381a6a688bc88dd2c4743568ed6b71f6538dc5b1edb,sheet1:R4,,,
7329ec49afe76083-sheet1-R5,2026-04-13,gwangju-gwangsan,송정1동,"황토집, 카페버킷",관내 사회단체장과의 간담회,56000,7329ec49afe760836b5aa381a6a688bc88dd2c4743568ed6b71f6538dc5b1edb,sheet1:R5,,,
7329ec49afe76083-sheet1-R6,2026-04-16,gwangju-gwangsan,송정1동,코다리조림찜,관내 유관기관 간담회 식비 지출,98000,7329ec49afe760836b5aa381a6a688bc88dd2c4743568ed6b71f6538dc5b1edb,sheet1:R6,,,
7329ec49afe76083-sheet1-R7,2026-04-17,gwangju-gwangsan,송정1동,또바기초밥,송정1동 통장단 임원진 간담회 개최,92000,7329ec49afe760836b5aa381a6a688bc88dd2c4743568ed6b71f6538dc5b1edb,sheet1:R7,,,
7329ec49afe76083-sheet1-R8,2026-04-21,gwangju-gwangsan,송정1동,불스커피,송정1동 통장과 함께하는 마을동행 참석자 차담회 개최,24000,7329ec49afe760836b5aa381a6a688bc88dd2c4743568ed6b71f6538dc5b1edb,sheet1:R8,,,
7329ec49afe76083-sheet1-R9,2026-04-27,gwangju-gwangsan,송정1동,향미림,송정1동 지역사회보장협의체 위원과의 간담회,116000,7329ec49afe760836b5aa381a6a688bc88dd2c4743568ed6b71f6538dc5b1edb,sheet1:R9,,,
7329ec49afe76083-sheet1-R10,2026-04-28,gwangju-gwangsan,송정1동,메가엠지씨커피,송정1동 통장과 함께하는 마을동행 참석자 차담회 개최,26000,7329ec49afe760836b5aa381a6a688bc88dd2c4743568ed6b71f6538dc5b1edb,sheet1:R10,,,
7329ec49afe76083-sheet1-R11,2026-04-30,gwangju-gwangsan,송정1동,불스커피,민원 전 민원해결 1004 사전 현장 점검 참석자 차담회 개최,36400,7329ec49afe760836b5aa381a6a688bc88dd2c4743568ed6b71f6538dc5b1edb,sheet1:R11,,,
7329ec49afe76083-sheet1-R12,2026-04-30,gwangju-gwangsan,송정1동,하와이,송정1동 사회단체장 간담회 비용 집행,150000,7329ec49afe760836b5aa381a6a688bc88dd2c4743568ed6b71f6538dc5b1edb,sheet1:R12,,,
7329ec49afe76083-sheet1-R13,2026-05-06,gwangju-gwangsan,송정1동,코다리조림찜,관내 유관기관 간담회 식비 지출,150000,7329ec49afe760836b5aa381a6a688bc88dd2c4743568ed6b71f6538dc5b1edb,sheet1:R13,,,
7329ec49afe76083-sheet1-R14,2026-05-07,gwangju-gwangsan,송정1동,불스커피,민원 전 민원해결 사전 현장 점검 참석자 차담회 개최,39900,7329ec49afe760836b5aa381a6a688bc88dd2c4743568ed6b71f6538dc5b1edb,sheet1:R14,,,
7329ec49afe76083-sheet1-R15,2026-05-14,gwangju-gwangsan,송정1동,불스커피,민원 사전 현장 점검 활동 간담회 개최,34600,7329ec49afe760836b5aa381a6a688bc88dd2c4743568ed6b71f6538dc5b1edb,sheet1:R15,,,
7329ec49afe76083-sheet1-R16,2026-05-20,gwangju-gwangsan,송정1동,"카페버킷, 황토집",관내 기관·사회 단체장 간담회 비용 지출,79800,7329ec49afe760836b5aa381a6a688bc88dd2c4743568ed6b71f6538dc5b1edb,sheet1:R16,,,
7329ec49afe76083-sheet1-R17,2026-05-22,gwangju-gwangsan,송정1동,어등골,송정1동 감성버스킹 추진을 위한 관계자 간담회 비용 지출,107000,7329ec49afe760836b5aa381a6a688bc88dd2c4743568ed6b71f6538dc5b1edb,sheet1:R17,,,
7329ec49afe76083-sheet1-R18,2026-06-05,gwangju-gwangsan,송정1동,고기천국,송정1동 지역사회보장협의체 위원과의 간담회,200000,7329ec49afe760836b5aa381a6a688bc88dd2c4743568ed6b71f6538dc5b1edb,sheet1:R18,,,
7329ec49afe76083-sheet1-R19,2026-06-10,gwangju-gwangsan,송정1동,보름달,송정1동 사회단체장 간담회 비용 집행,169000,7329ec49afe760836b5aa381a6a688bc88dd2c4743568ed6b71f6538dc5b1edb,sheet1:R19,,,
7329ec49afe76083-sheet1-R20,2026-06-16,gwangju-gwangsan,송정1동,"황토집, 설빙",송정1동 주민자치 임원진과의 간담회 비용 집행,154300,7329ec49afe760836b5aa381a6a688bc88dd2c4743568ed6b71f6538dc5b1edb,sheet1:R20,,,
7329ec49afe76083-sheet1-R21,2026-06-24,gwangju-gwangsan,송정1동,고기천국,관내 사회단체장 간담회 비용 집행,159000,7329ec49afe760836b5aa381a6a688bc88dd2c4743568ed6b71f6538dc5b1edb,sheet1:R21,,,
a3006183871a113b-sheet1-R5,2026-04-01,gwangju-gwangsan,신가동,브라운힐외 1,2026년 동 미래발전계획 사업 추진 논의를 위한 간담회 개최,125500,a3006183871a113b187bd79eced6fdefa007c17f1d9d9d14518b40d9eabe8d37,sheet1:R5,,,
a3006183871a113b-sheet1-R6,2026-04-02,gwangju-gwangsan,신가동,정우림국밥 수완본점,주민참여예산 사업 추진 논의를 위한 간담회 개최,42000,a3006183871a113b187bd79eced6fdefa007c17f1d9d9d14518b40d9eabe8d37,sheet1:R6,,,
a3006183871a113b-sheet1-R7,2026-04-07,gwangju-gwangsan,신가동,정우림국밥 수완본점,안녕이 포토존 설치 추진 논의를 위한 간담회 개최,84000,a3006183871a113b187bd79eced6fdefa007c17f1d9d9d14518b40d9eabe8d37,sheet1:R7,,,
a3006183871a113b-sheet1-R8,2026-04-16,gwangju-gwangsan,신가동,오푸르베이커리(Aufourbakery)외 1,자원안보 위기 관련 에너지절약 실천 논의를 위한 간담회 개최,97000,a3006183871a113b187bd79eced6fdefa007c17f1d9d9d14518b40d9eabe8d37,sheet1:R8,,,
a3006183871a113b-sheet1-R9,2026-04-17,gwangju-gwangsan,신가동,이에스씨(esc)2외 1,생활현장 책임단 운영 논의를 위한 간담회 개최,70300,a3006183871a113b187bd79eced6fdefa007c17f1d9d9d14518b40d9eabe8d37,sheet1:R9,,,
a3006183871a113b-sheet1-R10,2026-04-17,gwangju-gwangsan,신가동,황금회포차,2026년 동 미래발전계획 사업 추진 논의를 위한 간담회 개최,199000,a3006183871a113b187bd79eced6fdefa007c17f1d9d9d14518b40d9eabe8d37,sheet1:R10,,,
a3006183871a113b-sheet1-R11,2026-04-27,gwangju-gwangsan,신가동,브런치빈 광주수완점,고유가 피해지원금 지급 추진 논의를 위한 간담회 개최,69700,a3006183871a113b187bd79eced6fdefa007c17f1d9d9d14518b40d9eabe8d37,sheet1:R11,,,
a3006183871a113b-sheet1-R12,2026-04-29,gwangju-gwangsan,신가동,낙지랑장어랑,안녕하신가 함께하는 펫티켓 교육 추진 논의를 위한 간담회 개최,63000,a3006183871a113b187bd79eced6fdefa007c17f1d9d9d14518b40d9eabe8d37,sheet1:R12,,,
a3006183871a113b-sheet1-R13,2026-05-14,gwangju-gwangsan,신가동,동경청,생활현장 책임단 운영 논의를 위한 간담회 개최,143500,a3006183871a113b187bd79eced6fdefa007c17f1d9d9d14518b40d9eabe8d37,sheet1:R13,,,
a3006183871a113b-sheet1-R14,2026-05-15,gwangju-gwangsan,신가동,케렌시아,고유가 피해지원금 지급 추진 논의를 위한 간담회 개최,16500,a3006183871a113b187bd79eced6fdefa007c17f1d9d9d14518b40d9eabe8d37,sheet1:R14,,,
a3006183871a113b-sheet1-R15,2026-05-18,gwangju-gwangsan,신가동,주식회사 여수,제9회 전국동시지방선거 투표율 제고방안 논의를 위한 간담회 개최,51000,a3006183871a113b187bd79eced6fdefa007c17f1d9d9d14518b40d9eabe8d37,sheet1:R15,,,
a3006183871a113b-sheet1-R16,2026-05-19,gwangju-gwangsan,신가동,코페이_키오스크(중소1),2026년 동 미래발전계획 사업 추진 논의를 위한 간담회 개최,86000,a3006183871a113b187bd79eced6fdefa007c17f1d9d9d14518b40d9eabe8d37,sheet1:R16,,,
a3006183871a113b-sheet1-R17,2026-05-20,gwangju-gwangsan,신가동,케렌시아,생활현장 책임단 운영 논의를 위한 간담회 개최,30000,a3006183871a113b187bd79eced6fdefa007c17f1d9d9d14518b40d9eabe8d37,sheet1:R17,,,
a3006183871a113b-sheet1-R18,2026-05-22,gwangju-gwangsan,신가동,미숙씨 돼지잡는날,주민참여예산 사업 추진 논의를 위한 간담회 개최,30000,a3006183871a113b187bd79eced6fdefa007c17f1d9d9d14518b40d9eabe8d37,sheet1:R18,,,
a3006183871a113b-sheet1-R19,2026-05-28,gwangju-gwangsan,신가동,달맞이흑두부,제9회 전국동시지방선거 투표율 제고방안 논의를 위한 간담회 개최,75000,a3006183871a113b187bd79eced6fdefa007c17f1d9d9d14518b40d9eabe8d37,sheet1:R19,,,
a3006183871a113b-sheet1-R20,2026-06-10,gwangju-gwangsan,신가동,읍천리382선운점외 1,여름철 재난안전대책 논의를 위한 간담회 개최,38000,a3006183871a113b187bd79eced6fdefa007c17f1d9d9d14518b40d9eabe8d37,sheet1:R20,,,
a3006183871a113b-sheet1-R21,2026-06-11,gwangju-gwangsan,신가동,컴포즈커피광주신가점,사랑의 반찬나눔 추진 논의를 위한 간담회 개최,36600,a3006183871a113b187bd79eced6fdefa007c17f1d9d9d14518b40d9eabe8d37,sheet1:R21,,,
a3006183871a113b-sheet1-R22,2026-06-15,gwangju-gwangsan,신가동,비엔나커피스토리외 1,안녕하신가 펫티켓 교육 추진 논의를 위한 간담회 개최,66000,a3006183871a113b187bd79eced6fdefa007c17f1d9d9d14518b40d9eabe8d37,sheet1:R22,,,
a3006183871a113b-sheet1-R23,2026-06-15,gwangju-gwangsan,신가동,텐퍼센트커피 광주수완지구대점,생활현장 책임단 운영 논의를 위한 간담회 개최,24100,a3006183871a113b187bd79eced6fdefa007c17f1d9d9d14518b40d9eabe8d37,sheet1:R23,,,
a3006183871a113b-sheet1-R24,2026-06-17,gwangju-gwangsan,신가동,리비네,안녕하신가 반짝체조 교실 추진 논의를 위한 간담회 개최,60000,a3006183871a113b187bd79eced6fdefa007c17f1d9d9d14518b40d9eabe8d37,sheet1:R24,,,
a3006183871a113b-sheet1-R25,2026-06-23,gwangju-gwangsan,신가동,크레마수완외 1,민선9기 출범에 따른 동정 운영방향 논의를 위한 간담회 개최,169500,a3006183871a113b187bd79eced6fdefa007c17f1d9d9d14518b40d9eabe8d37,sheet1:R25,,,
8fed55b2bbae7f24-sheet1-R4,2026-05-21,gwangju-gwangsan,식품위생과,송정골,제과협회 업무협약을 위한 간담회,72000,8fed55b2bbae7f2496f71309890ae578cb0eefb36eeb1e09539668827c683a04,sheet1:R4,,,
7ef0d088e8226969-table1-R3,2026-06-01,gwangju-gwangsan,행정지원과,"시민국밥, 앙비떼",부속실 현안업무 추진 격려 오찬 간담회,36500,7ef0d088e822696922743dad4c24b0c704b289f01ded89d236af9bda1935a646,table1:R3,,,
7ef0d088e8226969-table1-R4,2026-06-02,gwangju-gwangsan,행정지원과,순창민물매운탕,구정 업무 협의를 위한 유관기관 간담회,42000,7ef0d088e822696922743dad4c24b0c704b289f01ded89d236af9bda1935a646,table1:R4,,,
7ef0d088e8226969-table1-R5,2026-06-04,gwangju-gwangsan,행정지원과,나나방콕수완점,구정 현안사업 협조를 위한 시 관계자 간담회,92700,7ef0d088e822696922743dad4c24b0c704b289f01ded89d236af9bda1935a646,table1:R5,,,
7ef0d088e8226969-table1-R6,2026-06-05,gwangju-gwangsan,행정지원과,"송정골, 라라브레드송정점",원활한 구정 업무 협조를 위한 유관기관 간담회,59500,7ef0d088e822696922743dad4c24b0c704b289f01ded89d236af9bda1935a646,table1:R6,,,
7ef0d088e8226969-table1-R7,2026-06-05,gwangju-gwangsan,행정지원과,오늘여기,상습 침수지 현장점검 관련 간담회,42500,7ef0d088e822696922743dad4c24b0c704b289f01ded89d236af9bda1935a646,table1:R7,,,
7ef0d088e8226969-table1-R8,2026-06-05,gwangju-gwangsan,행정지원과,봉선얼룩돼지회관,구정 정책 공유를 위한 언론인 간담회,55500,7ef0d088e822696922743dad4c24b0c704b289f01ded89d236af9bda1935a646,table1:R8,,,
7ef0d088e8226969-table1-R9,2026-06-08,gwangju-gwangsan,행정지원과,"송정골, 투썸플레이스광산구청점",구정 업무 협의를 위한 유관기관 간담회,118800,7ef0d088e822696922743dad4c24b0c704b289f01ded89d236af9bda1935a646,table1:R9,,,
7ef0d088e8226969-table1-R10,2026-06-09,gwangju-gwangsan,행정지원과,칸세이스시상무본점,광주·전남 행정통합 관련 논의를 위한 시 관계자 간담회,227900,7ef0d088e822696922743dad4c24b0c704b289f01ded89d236af9bda1935a646,table1:R10,,,
7ef0d088e8226969-table1-R11,2026-06-09,gwangju-gwangsan,행정지원과,"대복전, 어코닉",원활한 구정 협조를 위한 언론인 간담회,243000,7ef0d088e822696922743dad4c24b0c704b289f01ded89d236af9bda1935a646,table1:R11,,,
7ef0d088e8226969-table1-R12,2026-06-10,gwangju-gwangsan,행정지원과,"시골밥집, 데이지",원활한 구정 업무 협조를 위한 유관기관 간담회,189500,7ef0d088e822696922743dad4c24b0c704b289f01ded89d236af9bda1935a646,table1:R12,,,
7ef0d088e8226969-table1-R13,2026-06-11,gwangju-gwangsan,행정지원과,"쌍학,목어카페",구정 업무 협의를 위한 유관기관 간담회,135000,7ef0d088e822696922743dad4c24b0c704b289f01ded89d236af9bda1935a646,table1:R13,,,
7ef0d088e8226969-table1-R14,2026-06-12,gwangju-gwangsan,행정지원과,"천관산암소한우, 이디야금호운천점",교육 행정 협의를 위한 시 관계자 간담회,276500,7ef0d088e822696922743dad4c24b0c704b289f01ded89d236af9bda1935a646,table1:R14,,,
7ef0d088e8226969-table1-R15,2026-06-12,gwangju-gwangsan,행정지원과,"대복전, 그런느낌",원활한 구정 협조를 위한 언론인 간담회,153000,7ef0d088e822696922743dad4c24b0c704b289f01ded89d236af9bda1935a646,table1:R15,,,
7ef0d088e8226969-table1-R16,2026-06-15,gwangju-gwangsan,행정지원과,개인(성명 비공개),직원 애경사에 따른 경조사비 지급,500000,7ef0d088e822696922743dad4c24b0c704b289f01ded89d236af9bda1935a646,table1:R16,,,
7ef0d088e8226969-table1-R17,2026-06-15,gwangju-gwangsan,행정지원과,"금태산빛고을흑염소, 투썸플레이스상무천변점",구정 현안사업 협조를 위한 시 관계자 간담회,226700,7ef0d088e822696922743dad4c24b0c704b289f01ded89d236af9bda1935a646,table1:R17,,,
7ef0d088e8226969-table1-R18,2026-06-22,gwangju-gwangsan,행정지원과,네이버파이낸셜㈜,부구청장실 내방객을 위한 다과 구입,34950,7ef0d088e822696922743dad4c24b0c704b289f01ded89d236af9bda1935a646,table1:R18,,,
7ef0d088e8226969-table1-R19,2026-06-23,gwangju-gwangsan,행정지원과,"본가, 궁",원활한 구정 업무 협조를 위한 유관기관 간담회,71900,7ef0d088e822696922743dad4c24b0c704b289f01ded89d236af9bda1935a646,table1:R19,,,
7ef0d088e8226969-table1-R20,2026-06-23,gwangju-gwangsan,행정지원과,봉선얼룩돼지회관,구정 업무 협의를 위한 유관기관 간담회,73000,7ef0d088e822696922743dad4c24b0c704b289f01ded89d236af9bda1935a646,table1:R20,,,
7ef0d088e8226969-table1-R21,2026-06-24,gwangju-gwangsan,행정지원과,투썸플레이스광산구청점,원활한 구정 업무 협조를 위한 유관기관 간담회,19300,7ef0d088e822696922743dad4c24b0c704b289f01ded89d236af9bda1935a646,table1:R21,,,
7ef0d088e8226969-table1-R22,2026-06-24,gwangju-gwangsan,행정지원과,"시골밥집, 투썸플레이스광산구청점",구정 업무 협의를 위한 유관기관 간담회,53000,7ef0d088e822696922743dad4c24b0c704b289f01ded89d236af9bda1935a646,table1:R22,,,
7ef0d088e8226969-table1-R23,2026-06-25,gwangju-gwangsan,행정지원과,"닭장금, 투썸플레이스광산구청점",구정 정책 공유를 위한 언론인 간담회,48400,7ef0d088e822696922743dad4c24b0c704b289f01ded89d236af9bda1935a646,table1:R23,,,
7ef0d088e8226969-table1-R24,2026-06-26,gwangju-gwangsan,행정지원과,이디야광주금호운천점,광주·전남 행정통합 관련 논의를 위한 시 관계자 간담회,16000,7ef0d088e822696922743dad4c24b0c704b289f01ded89d236af9bda1935a646,table1:R24,,,
7ef0d088e8226969-table1-R25,2026-06-29,gwangju-gwangsan,행정지원과,청민,구정 주요 사업 협조를 위한 시 관계자 간담회,163400,7ef0d088e822696922743dad4c24b0c704b289f01ded89d236af9bda1935a646,table1:R25,,,
7ef0d088e8226969-table1-R26,2026-06-29,gwangju-gwangsan,행정지원과,파스토키친,구정 현안사업 협조를 위한 시 관계자 간담회,92000,7ef0d088e822696922743dad4c24b0c704b289f01ded89d236af9bda1935a646,table1:R26,,,
7ef0d088e8226969-table1-R27,2026-06-30,gwangju-gwangsan,행정지원과,"우정설렁탕, 제이트레비카페",원활한 구정 협조를 위한 언론인 간담회,129000,7ef0d088e822696922743dad4c24b0c704b289f01ded89d236af9bda1935a646,table1:R27,,,
7ef0d088e8226969-table1-R28,2026-06-30,gwangju-gwangsan,행정지원과,장흥,구정 주요 사업 협조를 위한 시 관계자 간담회,319000,7ef0d088e822696922743dad4c24b0c704b289f01ded89d236af9bda1935a646,table1:R28,,,
a308241bd22a56af-table1-R3,2026-06-04,gwangju-gwangsan,행정지원과,"송정골, 카페홀더광산구청점",구정 주요 현안사업 논의 간담회,385500,a308241bd22a56afab1f9734a1bea1c6b6e9f76acd8d41be349ed3a615e2f9e2,table1:R3,,,
a308241bd22a56af-table1-R4,2026-06-05,gwangju-gwangsan,행정지원과,화천추어탕,부속실 현안업무 추진 격려 오찬 간담회,84000,a308241bd22a56afab1f9734a1bea1c6b6e9f76acd8d41be349ed3a615e2f9e2,table1:R4,,,
a308241bd22a56af-table1-R5,2026-06-05,gwangju-gwangsan,행정지원과,가순이네,구정 업무 협조를 위한 동 사회단체장 간담회,30000,a308241bd22a56afab1f9734a1bea1c6b6e9f76acd8d41be349ed3a615e2f9e2,table1:R5,,,
a308241bd22a56af-table1-R6,2026-06-08,gwangju-gwangsan,행정지원과,"시골밥집, 벤티프레소광주송정점",구정 주요 현안사업 논의 간담회,187700,a308241bd22a56afab1f9734a1bea1c6b6e9f76acd8d41be349ed3a615e2f9e2,table1:R6,,,
a308241bd22a56af-table1-R7,2026-06-09,gwangju-gwangsan,행정지원과,연화,구정 정책 공유 및 홍보를 위한 언론인 간담회,112000,a308241bd22a56afab1f9734a1bea1c6b6e9f76acd8d41be349ed3a615e2f9e2,table1:R7,,,
a308241bd22a56af-table1-R8,2026-06-11,gwangju-gwangsan,행정지원과,가매,구정 정책 공유를 위한 언론인 간담회,140000,a308241bd22a56afab1f9734a1bea1c6b6e9f76acd8d41be349ed3a615e2f9e2,table1:R8,,,
a308241bd22a56af-table1-R9,2026-06-11,gwangju-gwangsan,행정지원과,진미청국장,구정 시책 홍보를 위한 동 사회단체장 간담회,39000,a308241bd22a56afab1f9734a1bea1c6b6e9f76acd8d41be349ed3a615e2f9e2,table1:R9,,,
a308241bd22a56af-table1-R10,2026-06-12,gwangju-gwangsan,행정지원과,카페홀더광산구청점,마을공동체 업무 협의를 위한 활동가 간담회,24500,a308241bd22a56afab1f9734a1bea1c6b6e9f76acd8d41be349ed3a615e2f9e2,table1:R10,,,
a308241bd22a56af-table1-R11,2026-06-12,gwangju-gwangsan,행정지원과,청담,구정 업무 협의를 위한 유관기관장 간담회,230000,a308241bd22a56afab1f9734a1bea1c6b6e9f76acd8d41be349ed3a615e2f9e2,table1:R11,,,
a308241bd22a56af-table1-R12,2026-06-15,gwangju-gwangsan,행정지원과,개인(성명 비공개),직원 애경사에 따른 경조사비 지급,300000,a308241bd22a56afab1f9734a1bea1c6b6e9f76acd8d41be349ed3a615e2f9e2,table1:R12,,,
a308241bd22a56af-table1-R13,2026-06-15,gwangju-gwangsan,행정지원과,ACC회참치,구정 정책 공유 및 홍보를 위한 언론인 간담회,290000,a308241bd22a56afab1f9734a1bea1c6b6e9f76acd8d41be349ed3a615e2f9e2,table1:R13,,,
a308241bd22a56af-table1-R14,2026-06-15,gwangju-gwangsan,행정지원과,농업회사법인주식회사야생앤더비,우리구 방문 기념 내방객 기념특산품 구입,840000,a308241bd22a56afab1f9734a1bea1c6b6e9f76acd8d41be349ed3a615e2f9e2,table1:R14,,,
a308241bd22a56af-table1-R15,2026-06-15,gwangju-gwangsan,행정지원과,유일감자탕,구정 업무 협조를 위한 동 사회단체장 간담회,36000,a308241bd22a56afab1f9734a1bea1c6b6e9f76acd8d41be349ed3a615e2f9e2,table1:R15,,,
a308241bd22a56af-table1-R16,2026-06-16,gwangju-gwangsan,행정지원과,진도예가,원활한 구정 업무 협조를 위한 유관기관장 간담회,200000,a308241bd22a56afab1f9734a1bea1c6b6e9f76acd8d41be349ed3a615e2f9e2,table1:R16,,,
a308241bd22a56af-table1-R17,2026-06-17,gwangju-gwangsan,행정지원과,연경,구정 정책 공유를 위한 언론인 간담회,250000,a308241bd22a56afab1f9734a1bea1c6b6e9f76acd8d41be349ed3a615e2f9e2,table1:R17,,,
a308241bd22a56af-table1-R18,2026-06-18,gwangju-gwangsan,행정지원과,청민,구정 정책 공유 및 홍보를 위한 언론인 간담회,194200,a308241bd22a56afab1f9734a1bea1c6b6e9f76acd8d41be349ed3a615e2f9e2,table1:R18,,,
a308241bd22a56af-table1-R19,2026-06-19,gwangju-gwangsan,행정지원과,"초애삼계탕, 카페올가",구정 업무 협의를 위한 유관기관장 간담회,223700,a308241bd22a56afab1f9734a1bea1c6b6e9f76acd8d41be349ed3a615e2f9e2,table1:R19,,,
a308241bd22a56af-table1-R20,2026-06-19,gwangju-gwangsan,행정지원과,함평한우해월식당,구정 시책 홍보를 위한 동 사회단체장 간담회,60000,a308241bd22a56afab1f9734a1bea1c6b6e9f76acd8d41be349ed3a615e2f9e2,table1:R20,,,
a308241bd22a56af-table1-R21,2026-06-22,gwangju-gwangsan,행정지원과,옥과한우촌,원활한 구정 협조를 위한 언론인 간담회,280000,a308241bd22a56afab1f9734a1bea1c6b6e9f76acd8d41be349ed3a615e2f9e2,table1:R21,,,
a308241bd22a56af-table1-R22,2026-06-23,gwangju-gwangsan,행정지원과,가매,구정 정책 공유를 위한 언론인 간담회,210000,a308241bd22a56afab1f9734a1bea1c6b6e9f76acd8d41be349ed3a615e2f9e2,table1:R22,,,
a308241bd22a56af-table1-R23,2026-06-24,gwangju-gwangsan,행정지원과,까트르쎄종,구정 정책 공유 및 홍보를 위한 언론인 간담회,189000,a308241bd22a56afab1f9734a1bea1c6b6e9f76acd8d41be349ed3a615e2f9e2,table1:R23,,,
a308241bd22a56af-table1-R24,2026-06-25,gwangju-gwangsan,행정지원과,추어가남원추어탕,구정 업무 협조를 위한 동 사회단체장 간담회,48000,a308241bd22a56afab1f9734a1bea1c6b6e9f76acd8d41be349ed3a615e2f9e2,table1:R24,,,
a308241bd22a56af-table1-R25,2026-06-29,gwangju-gwangsan,행정지원과,앙비떼,원활한 월요모두회의 운영을 위한 음료 구입,80000,a308241bd22a56afab1f9734a1bea1c6b6e9f76acd8d41be349ed3a615e2f9e2,table1:R25,,,
a308241bd22a56af-table1-R26,2026-06-29,gwangju-gwangsan,행정지원과,하늘잔치,원활한 구정 업무 협조를 위한 유관기관장 간담회,200000,a308241bd22a56afab1f9734a1bea1c6b6e9f76acd8d41be349ed3a615e2f9e2,table1:R26,,,
8d8149001bd2f005-table1-R3,2026-05-04,gwangju-gwangsan,행정지원과,투썸플레이스광산구청점,원활한 구정 업무 협조를 위한 유관기관 간담회,26700,8d8149001bd2f0055f23c684336b9aaaaa8b3ff373b60b5b533e046abe660c00,table1:R3,,,
8d8149001bd2f005-table1-R4,2026-05-04,gwangju-gwangsan,행정지원과,"왕산식당수완점, 프로다운타운",구정 업무 협의를 위한 유관기관 간담회,116000,8d8149001bd2f0055f23c684336b9aaaaa8b3ff373b60b5b533e046abe660c00,table1:R4,,,
8d8149001bd2f005-table1-R5,2026-05-06,gwangju-gwangsan,행정지원과,"순창민물매운탕, 송정cafe1913",구정 정책 공유를 위한 언론인 간담회,90300,8d8149001bd2f0055f23c684336b9aaaaa8b3ff373b60b5b533e046abe660c00,table1:R5,,,
8d8149001bd2f005-table1-R6,2026-05-06,gwangju-gwangsan,행정지원과,시골밥집,문화예술과 현안사업 논의 간담회,120000,8d8149001bd2f0055f23c684336b9aaaaa8b3ff373b60b5b533e046abe660c00,table1:R6,,,
8d8149001bd2f005-table1-R7,2026-05-07,gwangju-gwangsan,행정지원과,칸세이스시상무본점,구정 정책 공유 및 홍보를 위한 언론인 간담회,131300,8d8149001bd2f0055f23c684336b9aaaaa8b3ff373b60b5b533e046abe660c00,table1:R7,,,
8d8149001bd2f005-table1-R8,2026-05-11,gwangju-gwangsan,행정지원과,순창민물매운탕,원활한 구정 협조를 위한 언론인 간담회,118000,8d8149001bd2f0055f23c684336b9aaaaa8b3ff373b60b5b533e046abe660c00,table1:R8,,,
8d8149001bd2f005-table1-R9,2026-05-12,gwangju-gwangsan,행정지원과,송정cafe1913,원활한 구정 업무 협조를 위한 유관기관 간담회,7500,8d8149001bd2f0055f23c684336b9aaaaa8b3ff373b60b5b533e046abe660c00,table1:R9,,,
8d8149001bd2f005-table1-R10,2026-05-13,gwangju-gwangsan,행정지원과,"시골밥집, 데이지",구정 업무 협의를 위한 유관기관 간담회,267000,8d8149001bd2f0055f23c684336b9aaaaa8b3ff373b60b5b533e046abe660c00,table1:R10,,,
8d8149001bd2f005-table1-R11,2026-05-14,gwangju-gwangsan,행정지원과,"연타발, 스타벅스광주상무대교점",구정 현안사업 협조를 위한 시 관계자 간담회,199300,8d8149001bd2f0055f23c684336b9aaaaa8b3ff373b60b5b533e046abe660c00,table1:R11,,,
8d8149001bd2f005-table1-R12,2026-05-15,gwangju-gwangsan,행정지원과,아웃백스테이크하우스광주광천점,구정 정책 공유를 위한 언론인 간담회,201750,8d8149001bd2f0055f23c684336b9aaaaa8b3ff373b60b5b533e046abe660c00,table1:R12,,,
8d8149001bd2f005-table1-R13,2026-05-18,gwangju-gwangsan,행정지원과,이다송정도산점,고령사회정책과 현안사업 논의 간담회,14000,8d8149001bd2f0055f23c684336b9aaaaa8b3ff373b60b5b533e046abe660c00,table1:R13,,,
8d8149001bd2f005-table1-R14,2026-05-18,gwangju-gwangsan,행정지원과,"정돈, 부디커피",구정 정책 공유 및 홍보를 위한 언론인 간담회,105000,8d8149001bd2f0055f23c684336b9aaaaa8b3ff373b60b5b533e046abe660c00,table1:R14,,,
8d8149001bd2f005-table1-R15,2026-05-19,gwangju-gwangsan,행정지원과,개인(성명 비공개),직원 애경사에 따른 경조사비 지급,650000,8d8149001bd2f0055f23c684336b9aaaaa8b3ff373b60b5b533e046abe660c00,table1:R15,,,
8d8149001bd2f005-table1-R16,2026-05-19,gwangju-gwangsan,행정지원과,투썸플레이스광주상무천변점,원활한 구정 업무 협조를 위한 유관기관 간담회,35100,8d8149001bd2f0055f23c684336b9aaaaa8b3ff373b60b5b533e046abe660c00,table1:R16,,,
8d8149001bd2f005-table1-R17,2026-05-19,gwangju-gwangsan,행정지원과,"장어총각, 이디야광주금호운천점",원활한 구정 협조를 위한 언론인 간담회,147300,8d8149001bd2f0055f23c684336b9aaaaa8b3ff373b60b5b533e046abe660c00,table1:R17,,,
8d8149001bd2f005-table1-R18,2026-05-20,gwangju-gwangsan,행정지원과,브리오슈,구정 주요 사업 협조를 위한 시 관계자 간담회,26000,8d8149001bd2f0055f23c684336b9aaaaa8b3ff373b60b5b533e046abe660c00,table1:R18,,,
8d8149001bd2f005-table1-R19,2026-05-21,gwangju-gwangsan,행정지원과,"닭장금, 앙비떼",부속실 현안업무 추진 격려 오찬 간담회,42300,8d8149001bd2f0055f23c684336b9aaaaa8b3ff373b60b5b533e046abe660c00,table1:R19,,,
8d8149001bd2f005-table1-R20,2026-05-21,gwangju-gwangsan,행정지원과,투썸플레이스광산구청점,자치구 협력 사항 논의를 위한 부구청장 협의회 간담회,27300,8d8149001bd2f0055f23c684336b9aaaaa8b3ff373b60b5b533e046abe660c00,table1:R20,,,
8d8149001bd2f005-table1-R21,2026-05-22,gwangju-gwangsan,행정지원과,"명인면옥수완점, 엔틱카페앤",구정 업무 협의를 위한 유관기관 간담회,82800,8d8149001bd2f0055f23c684336b9aaaaa8b3ff373b60b5b533e046abe660c00,table1:R21,,,
8d8149001bd2f005-table1-R22,2026-05-26,gwangju-gwangsan,행정지원과,송정cafe1913,구정 정책 공유를 위한 언론인 간담회,13300,8d8149001bd2f0055f23c684336b9aaaaa8b3ff373b60b5b533e046abe660c00,table1:R22,,,
8d8149001bd2f005-table1-R23,2026-05-27,gwangju-gwangsan,행정지원과,데이지,구정 현안사업 협조를 위한 시 관계자 간담회,25000,8d8149001bd2f0055f23c684336b9aaaaa8b3ff373b60b5b533e046abe660c00,table1:R23,,,
8d8149001bd2f005-table1-R24,2026-05-28,gwangju-gwangsan,행정지원과,리미니이마트광주점,원활한 구정 협조를 위한 언론인 간담회,108600,8d8149001bd2f0055f23c684336b9aaaaa8b3ff373b60b5b533e046abe660c00,table1:R24,,,
8d8149001bd2f005-table1-R25,2026-05-28,gwangju-gwangsan,행정지원과,네이버파이낸셜㈜,부구청장실 내방객을 위한 다과 구입,55920,8d8149001bd2f0055f23c684336b9aaaaa8b3ff373b60b5b533e046abe660c00,table1:R25,,,
8d8149001bd2f005-table1-R26,2026-05-29,gwangju-gwangsan,행정지원과,대복전,원활한 구정 업무 협조를 위한 유관기관 간담회,224000,8d8149001bd2f0055f23c684336b9aaaaa8b3ff373b60b5b533e046abe660c00,table1:R26,,,
7b5b94bf4ebc35eb-sheet1-R6,2026-04-21,gwangju-gwangsan,산업혁신과,데이지,지속가능한 에너지 정책 및 미래기술 관련 관계자 간담회 실시,27000,7b5b94bf4ebc35eb6fe7a0620ba84953261ce40f4328ed3ec6879a285cfe24ec,sheet1:R6,,,
7b5b94bf4ebc35eb-sheet1-R7,2026-05-27,gwangju-gwangsan,산업혁신과,"송학, 이디야커피",환경친화적자동차 전용주차구역 등 실태조사 추진 관계자 간담회 실시,64100,7b5b94bf4ebc35eb6fe7a0620ba84953261ce40f4328ed3ec6879a285cfe24ec,sheet1:R7,,,
7b5b94bf4ebc35eb-sheet1-R8,2026-05-27,gwangju-gwangsan,산업혁신과,(사) 실로암사람들(카페홀더광산구청점),올바른 반려문화 확산을 위한 관계자 간담회 실시,9500,7b5b94bf4ebc35eb6fe7a0620ba84953261ce40f4328ed3ec6879a285cfe24ec,sheet1:R8,,,
65d0583e7cc56834-table1-R2,2026-04-02,gwangju-gwangsan,홍보실,유일장어,홍보매체 다양화를 위한 간담회 개최,62000,65d0583e7cc568347f0d0a77b76e0830426b9fa376fd6aef9b86d988c22a677b,table1:R2,,,
65d0583e7cc56834-table1-R3,2026-04-02,gwangju-gwangsan,홍보실,해물촌,구정 현안 및 주요 정책사업 안내를 위한 간담회 개최,184000,65d0583e7cc568347f0d0a77b76e0830426b9fa376fd6aef9b86d988c22a677b,table1:R3,,,
65d0583e7cc56834-table1-R4,2026-04-02,gwangju-gwangsan,홍보실,카페홀더,구정 현안 및 주요 정책사업 안내를 위한 간담회 개최,11000,65d0583e7cc568347f0d0a77b76e0830426b9fa376fd6aef9b86d988c22a677b,table1:R4,,,
65d0583e7cc56834-table1-R5,2026-04-06,gwangju-gwangsan,홍보실,순창민물매운탕,홍보매체 다양화를 위한 간담회 개최,38000,65d0583e7cc568347f0d0a77b76e0830426b9fa376fd6aef9b86d988c22a677b,table1:R5,,,
65d0583e7cc56834-table1-R6,2026-04-06,gwangju-gwangsan,홍보실,영미오리탕상무점,구정 현안 및 주요 정책사업 안내를 위한 간담회 개최,219000,65d0583e7cc568347f0d0a77b76e0830426b9fa376fd6aef9b86d988c22a677b,table1:R6,,,
65d0583e7cc56834-table1-R7,2026-04-07,gwangju-gwangsan,홍보실,투썸플레이스 광산구청점,구정 현안 및 주요 정책사업 안내를 위한 간담회 개최,19600,65d0583e7cc568347f0d0a77b76e0830426b9fa376fd6aef9b86d988c22a677b,table1:R7,,,
65d0583e7cc56834-table1-R8,2026-04-08,gwangju-gwangsan,홍보실,워킹씨애틀,홍보매체 다양화를 위한 간담회 개최,12900,65d0583e7cc568347f0d0a77b76e0830426b9fa376fd6aef9b86d988c22a677b,table1:R8,,,
65d0583e7cc56834-table1-R9,2026-04-08,gwangju-gwangsan,홍보실,진도예가,구정 현안 및 주요 정책사업 안내를 위한 간담회 개최,150000,65d0583e7cc568347f0d0a77b76e0830426b9fa376fd6aef9b86d988c22a677b,table1:R9,,,
65d0583e7cc56834-table1-R10,2026-04-09,gwangju-gwangsan,홍보실,까트르쎄종,구정 현안 및 주요 정책사업 안내를 위한 간담회 개최,106000,65d0583e7cc568347f0d0a77b76e0830426b9fa376fd6aef9b86d988c22a677b,table1:R10,,,
65d0583e7cc56834-table1-R11,2026-04-10,gwangju-gwangsan,홍보실,가마솥국밥 외 1,구정 현안 및 주요 정책사업 안내를 위한 간담회 개최,78800,65d0583e7cc568347f0d0a77b76e0830426b9fa376fd6aef9b86d988c22a677b,table1:R11,,,
65d0583e7cc56834-table1-R12,2026-04-14,gwangju-gwangsan,홍보실,이태백 외 1,구정 현안 및 주요 정책사업 안내를 위한 간담회 개최,208500,65d0583e7cc568347f0d0a77b76e0830426b9fa376fd6aef9b86d988c22a677b,table1:R12,,,
65d0583e7cc56834-table1-R13,2026-04-14,gwangju-gwangsan,홍보실,청민 외 1,구정 현안 및 주요 정책사업 안내를 위한 간담회 개최,282500,65d0583e7cc568347f0d0a77b76e0830426b9fa376fd6aef9b86d988c22a677b,table1:R13,,,
65d0583e7cc56834-table1-R14,2026-04-15,gwangju-gwangsan,홍보실,진도예가,홍보매체 다양화를 위한 간담회 개최,100000,65d0583e7cc568347f0d0a77b76e0830426b9fa376fd6aef9b86d988c22a677b,table1:R14,,,
65d0583e7cc56834-table1-R15,2026-04-15,gwangju-gwangsan,홍보실,카페홀더,구정 현안 및 주요 정책사업 안내를 위한 간담회 개최,9500,65d0583e7cc568347f0d0a77b76e0830426b9fa376fd6aef9b86d988c22a677b,table1:R15,,,
65d0583e7cc56834-table1-R16,2026-04-17,gwangju-gwangsan,홍보실,황토집 외 1,구정 현안 및 주요 정책사업 안내를 위한 간담회 개최,88500,65d0583e7cc568347f0d0a77b76e0830426b9fa376fd6aef9b86d988c22a677b,table1:R16,,,
65d0583e7cc56834-table1-R17,2026-04-20,gwangju-gwangsan,홍보실,카페홀더,홍보매체 다양화를 위한 간담회 개최,14000,65d0583e7cc568347f0d0a77b76e0830426b9fa376fd6aef9b86d988c22a677b,table1:R17,,,
65d0583e7cc56834-table1-R18,2026-04-27,gwangju-gwangsan,홍보실,카페홀더,홍보매체 다양화를 위한 간담회 개최,8500,65d0583e7cc568347f0d0a77b76e0830426b9fa376fd6aef9b86d988c22a677b,table1:R18,,,
65d0583e7cc56834-table1-R19,2026-04-27,gwangju-gwangsan,홍보실,바른흑염소 광산구청점,구정 현안 및 주요 정책사업 안내를 위한 간담회 개최,68200,65d0583e7cc568347f0d0a77b76e0830426b9fa376fd6aef9b86d988c22a677b,table1:R19,,,
65d0583e7cc56834-table1-R20,2026-04-30,gwangju-gwangsan,홍보실,투썸플레이스 광산구청점,구정 현안 및 주요 정책사업 안내를 위한 간담회 개최,24800,65d0583e7cc568347f0d0a77b76e0830426b9fa376fd6aef9b86d988c22a677b,table1:R20,,,
65d0583e7cc56834-table1-R21,2026-04-30,gwangju-gwangsan,홍보실,컴포즈커피 첨단보훈병원점,구정 현안 및 주요 정책사업 안내를 위한 간담회 개최,13000,65d0583e7cc568347f0d0a77b76e0830426b9fa376fd6aef9b86d988c22a677b,table1:R21,,,
65d0583e7cc56834-table1-R22,2026-05-04,gwangju-gwangsan,홍보실,카페홀더,홍보매체 다양화를 위한 간담회 개최,8500,65d0583e7cc568347f0d0a77b76e0830426b9fa376fd6aef9b86d988c22a677b,table1:R22,,,
65d0583e7cc56834-table1-R23,2026-05-04,gwangju-gwangsan,홍보실,기러기농원,구정 현안 및 주요 정책사업 안내를 위한 간담회 개최,70000,65d0583e7cc568347f0d0a77b76e0830426b9fa376fd6aef9b86d988c22a677b,table1:R23,,,
65d0583e7cc56834-table1-R24,2026-05-07,gwangju-gwangsan,홍보실,한우암소생고기전문점,구정 현안 및 주요 정책사업 안내를 위한 간담회 개최,200000,65d0583e7cc568347f0d0a77b76e0830426b9fa376fd6aef9b86d988c22a677b,table1:R24,,,
65d0583e7cc56834-table1-R25,2026-05-11,gwangju-gwangsan,홍보실,까트르쎄종,구정 현안 및 주요 정책사업 안내를 위한 간담회 개최,106000,65d0583e7cc568347f0d0a77b76e0830426b9fa376fd6aef9b86d988c22a677b,table1:R25,,,
65d0583e7cc56834-table1-R26,2026-05-12,gwangju-gwangsan,홍보실,친츠,구정 현안 및 주요 정책사업 안내를 위한 간담회 개최,92000,65d0583e7cc568347f0d0a77b76e0830426b9fa376fd6aef9b86d988c22a677b,table1:R26,,,
65d0583e7cc56834-table1-R27,2026-05-12,gwangju-gwangsan,홍보실,카페홀더,홍보매체 다양화를 위한 간담회 개최,15000,65d0583e7cc568347f0d0a77b76e0830426b9fa376fd6aef9b86d988c22a677b,table1:R27,,,
65d0583e7cc56834-table1-R28,2026-05-14,gwangju-gwangsan,홍보실,까트르쎄종,구정 현안 및 주요 정책사업 안내를 위한 간담회 개최,95500,65d0583e7cc568347f0d0a77b76e0830426b9fa376fd6aef9b86d988c22a677b,table1:R28,,,
65d0583e7cc56834-table1-R29,2026-05-18,gwangju-gwangsan,홍보실,김상궁,홍보매체 다양화를 위한 간담회 개최,46000,65d0583e7cc568347f0d0a77b76e0830426b9fa376fd6aef9b86d988c22a677b,table1:R29,,,
65d0583e7cc56834-table1-R30,2026-05-19,gwangju-gwangsan,홍보실,카페홀더,구정 현안 및 주요 정책사업 안내를 위한 간담회 개최,10500,65d0583e7cc568347f0d0a77b76e0830426b9fa376fd6aef9b86d988c22a677b,table1:R30,,,
65d0583e7cc56834-table1-R31,2026-05-22,gwangju-gwangsan,홍보실,어부네회수산 외 1,구정 현안 및 주요 정책사업 안내를 위한 간담회 개최,96000,65d0583e7cc568347f0d0a77b76e0830426b9fa376fd6aef9b86d988c22a677b,table1:R31,,,
65d0583e7cc56834-table1-R32,2026-05-27,gwangju-gwangsan,홍보실,마녀의닭갈비,구정 현안 및 주요 정책사업 안내를 위한 간담회 개최,126000,65d0583e7cc568347f0d0a77b76e0830426b9fa376fd6aef9b86d988c22a677b,table1:R32,,,
65d0583e7cc56834-table1-R33,2026-05-28,gwangju-gwangsan,홍보실,카페홀더,홍보매체 다양화를 위한 간담회 개최,14000,65d0583e7cc568347f0d0a77b76e0830426b9fa376fd6aef9b86d988c22a677b,table1:R33,,,
65d0583e7cc56834-table1-R34,2026-05-29,gwangju-gwangsan,홍보실,초원식당 외 1,구정 현안 및 주요 정책사업 안내를 위한 간담회 개최,64500,65d0583e7cc568347f0d0a77b76e0830426b9fa376fd6aef9b86d988c22a677b,table1:R34,,,
65d0583e7cc56834-table1-R35,2026-06-04,gwangju-gwangsan,홍보실,유일수산 외 1,구정 현안 및 주요 정책사업 안내를 위한 간담회 개최,111020,65d0583e7cc568347f0d0a77b76e0830426b9fa376fd6aef9b86d988c22a677b,table1:R35,,,
65d0583e7cc56834-table1-R36,2026-06-08,gwangju-gwangsan,홍보실,카페홀더,홍보매체 다양화를 위한 간담회 개최,16500,65d0583e7cc568347f0d0a77b76e0830426b9fa376fd6aef9b86d988c22a677b,table1:R36,,,
65d0583e7cc56834-table1-R37,2026-06-10,gwangju-gwangsan,홍보실,영명국밥,구정 현안 및 주요 정책사업 안내를 위한 간담회 개최,31000,65d0583e7cc568347f0d0a77b76e0830426b9fa376fd6aef9b86d988c22a677b,table1:R37,,,
65d0583e7cc56834-table1-R38,2026-06-11,gwangju-gwangsan,홍보실,궁전제과 수완점,구정 현안 및 주요 정책사업 안내를 위한 간담회 개최 다과 구입,36300,65d0583e7cc568347f0d0a77b76e0830426b9fa376fd6aef9b86d988c22a677b,table1:R38,,,
65d0583e7cc56834-table1-R39,2026-06-11,gwangju-gwangsan,홍보실,피낭시에 제과점,구정 현안 및 주요 정책사업 안내를 위한 간담회 개최 다과 구입,239000,65d0583e7cc568347f0d0a77b76e0830426b9fa376fd6aef9b86d988c22a677b,table1:R39,,,
65d0583e7cc56834-table1-R40,2026-06-12,gwangju-gwangsan,홍보실,투썸플레이스 광산구청점 외 1,홍보매체 다양화를 위한 간담회 개최,44100,65d0583e7cc568347f0d0a77b76e0830426b9fa376fd6aef9b86d988c22a677b,table1:R40,,,
65d0583e7cc56834-table1-R41,2026-06-12,gwangju-gwangsan,홍보실,해물촌,구정 현안 및 주요 정책사업 안내를 위한 간담회 개최,106000,65d0583e7cc568347f0d0a77b76e0830426b9fa376fd6aef9b86d988c22a677b,table1:R41,,,
65d0583e7cc56834-table1-R42,2026-06-15,gwangju-gwangsan,홍보실,피낭시에 제과점,구정 현안 및 주요 정책사업 안내를 위한 간담회 개최 다과 추가 구입,32000,65d0583e7cc568347f0d0a77b76e0830426b9fa376fd6aef9b86d988c22a677b,table1:R42,,,
65d0583e7cc56834-table1-R43,2026-06-15,gwangju-gwangsan,홍보실,ACC디자인호텔 카페,구정 현안 및 주요 정책사업 안내를 위한 간담회 개최,100000,65d0583e7cc568347f0d0a77b76e0830426b9fa376fd6aef9b86d988c22a677b,table1:R43,,,
65d0583e7cc56834-table1-R44,2026-06-15,gwangju-gwangsan,홍보실,카페홀더,홍보매체 다양화를 위한 간담회 개최,14000,65d0583e7cc568347f0d0a77b76e0830426b9fa376fd6aef9b86d988c22a677b,table1:R44,,,
65d0583e7cc56834-table1-R45,2026-06-16,gwangju-gwangsan,홍보실,송극,홍보매체 다양화를 위한 간담회 개최,113000,65d0583e7cc568347f0d0a77b76e0830426b9fa376fd6aef9b86d988c22a677b,table1:R45,,,
65d0583e7cc56834-table1-R46,2026-06-16,gwangju-gwangsan,홍보실,앙비떼,구정 현안 및 주요 정책사업 안내를 위한 간담회 개최,100000,65d0583e7cc568347f0d0a77b76e0830426b9fa376fd6aef9b86d988c22a677b,table1:R46,,,
65d0583e7cc56834-table1-R47,2026-06-19,gwangju-gwangsan,홍보실,피낭시에 제과점,구정 현안 및 주요 정책사업 안내를 위한 간담회 개최 다과 구입,63000,65d0583e7cc568347f0d0a77b76e0830426b9fa376fd6aef9b86d988c22a677b,table1:R47,,,
65d0583e7cc56834-table1-R48,2026-06-23,gwangju-gwangsan,홍보실,카페홀더,구정 현안 및 주요 정책사업 안내를 위한 간담회 개최,24500,65d0583e7cc568347f0d0a77b76e0830426b9fa376fd6aef9b86d988c22a677b,table1:R48,,,
65d0583e7cc56834-table1-R49,2026-06-24,gwangju-gwangsan,홍보실,오버릿,홍보매체 다양화를 위한 간담회 개최,16000,65d0583e7cc568347f0d0a77b76e0830426b9fa376fd6aef9b86d988c22a677b,table1:R49,,,
65d0583e7cc56834-table1-R50,2026-06-25,gwangju-gwangsan,홍보실,투썸플레이스 광주월곡점,홍보매체 다양화를 위한 간담회 개최,28700,65d0583e7cc568347f0d0a77b76e0830426b9fa376fd6aef9b86d988c22a677b,table1:R50,,,
65d0583e7cc56834-table1-R51,2026-06-29,gwangju-gwangsan,홍보실,매월흑염소,구정 현안 및 주요 정책사업 안내를 위한 간담회 개최,80000,65d0583e7cc568347f0d0a77b76e0830426b9fa376fd6aef9b86d988c22a677b,table1:R51,,,
65d0583e7cc56834-table1-R52,2026-06-29,gwangju-gwangsan,홍보실,카페홀더,홍보매체 다양화를 위한 간담회 개최,13500,65d0583e7cc568347f0d0a77b76e0830426b9fa376fd6aef9b86d988c22a677b,table1:R52,,,
65d0583e7cc56834-table1-R53,2026-06-30,gwangju-gwangsan,홍보실,까트르쎄종,구정 현안 및 주요 정책사업 안내를 위한 간담회 개최,113000,65d0583e7cc568347f0d0a77b76e0830426b9fa376fd6aef9b86d988c22a677b,table1:R53,,,
65d0583e7cc56834-table1-R54,2026-06-30,gwangju-gwangsan,홍보실,카페홀더,홍보매체 다양화를 위한 간담회 개최,10000,65d0583e7cc568347f0d0a77b76e0830426b9fa376fd6aef9b86d988c22a677b,table1:R54,,,
1b96abfbf3fcffdf-sheet1-R5,2026-04-27,gwangju-gwangsan,시설지원과,화천추어탕 외 1,구청 시민광장 수목 등 하자조치 논의를 위한 간담회 추진,83300,1b96abfbf3fcffdf421b681cabc283d407900f83e5215ccf195a9308760382e0,sheet1:R5,,,
1b96abfbf3fcffdf-sheet1-R6,2026-06-26,gwangju-gwangsan,시설지원과,송극,구청사 미소 짓는 화장실 공사 논의를 위한 간담회 추진,289000,1b96abfbf3fcffdf421b681cabc283d407900f83e5215ccf195a9308760382e0,sheet1:R6,,,
16421b989d641a9d-sheet1-R5,2026-04-02,gwangju-gwangsan,민원봉사과,앙비떼,여권행정 자원봉사단과의 간담회 개최,120000,16421b989d641a9d0832a1c99c4c5c66ef2cc86d1df47b5225674156ba342d1d,sheet1:R5,,,
16421b989d641a9d-sheet1-R6,2026-05-19,gwangju-gwangsan,민원봉사과,나주곰탕,여권행정 자원봉사단과의 간담회 개최,52000,16421b989d641a9d0832a1c99c4c5c66ef2cc86d1df47b5225674156ba342d1d,sheet1:R6,,,
16421b989d641a9d-sheet1-R7,2026-05-19,gwangju-gwangsan,민원봉사과,앙비떼,여권행정 자원봉사단과의 간담회 개최,16000,16421b989d641a9d0832a1c99c4c5c66ef2cc86d1df47b5225674156ba342d1d,sheet1:R7,,,
16421b989d641a9d-sheet1-R8,2026-06-18,gwangju-gwangsan,민원봉사과,프랭크버거 광주송정점,민원지기와의 간담회 개최,106800,16421b989d641a9d0832a1c99c4c5c66ef2cc86d1df47b5225674156ba342d1d,sheet1:R8,,,
f74fc662578463b9-sheet1-R5,2026-04-02,gwangju-gwangsan,운남동,앙비떼,동미래발전계획 '운남동 골목대장 안전 프로젝트' 사업 추진을 위한 간담회,36000,f74fc662578463b92a967338cb086f201782d78dc6b2af5c7e028ecb050f899b,sheet1:R5,,,
f74fc662578463b9-sheet1-R6,2026-04-13,gwangju-gwangsan,운남동,벌크커피 운남목련점,동미래발전계획 '운남동 골목대장 안전 프로젝트' 사업 추진 간담회,31300,f74fc662578463b92a967338cb086f201782d78dc6b2af5c7e028ecb050f899b,sheet1:R6,,,
f74fc662578463b9-sheet1-R7,2026-04-21,gwangju-gwangsan,운남동,장가네 남원 추어탕,원활한 고유가 피해지원금 지급 추진을 위한 간담회,91000,f74fc662578463b92a967338cb086f201782d78dc6b2af5c7e028ecb050f899b,sheet1:R7,,,
f74fc662578463b9-sheet1-R8,2026-04-30,gwangju-gwangsan,운남동,컴포즈커피광주운남중학교점외 1,'꼬꼬무 자원순환 나눔의 날' 추진 관계자 간담회,97700,f74fc662578463b92a967338cb086f201782d78dc6b2af5c7e028ecb050f899b,sheet1:R8,,,
f74fc662578463b9-sheet1-R9,2026-05-14,gwangju-gwangsan,운남동,하삼동커피 운남점외 1,동미래발전계획 '운남동 골목대장 안전 프로젝트' 사업 추진을 위한 간담회,101000,f74fc662578463b92a967338cb086f201782d78dc6b2af5c7e028ecb050f899b,sheet1:R9,,,
f74fc662578463b9-sheet1-R10,2026-05-18,gwangju-gwangsan,운남동,벌크커피 운남목련점,동미래발전계획 실행 사업 추진을 위한 간담회,16300,f74fc662578463b92a967338cb086f201782d78dc6b2af5c7e028ecb050f899b,sheet1:R10,,,
f74fc662578463b9-sheet1-R11,2026-06-10,gwangju-gwangsan,운남동,카페괜찮다외 1,2026년 운남동 주민참여예산사업 추진 관련 간담회,272500,f74fc662578463b92a967338cb086f201782d78dc6b2af5c7e028ecb050f899b,sheet1:R11,,,
f74fc662578463b9-sheet1-R12,2026-06-18,gwangju-gwangsan,운남동,컴포즈커피광주운남중학교점,동미래발전계획 '함께 만드는 꽃피는 목련마을 프로젝트' 사업 추진 간담회,49400,f74fc662578463b92a967338cb086f201782d78dc6b2af5c7e028ecb050f899b,sheet1:R12,,,
7835b5b9a1777555-sheet1-R5,2026-04-03,gwangju-gwangsan,관광육성과,돼지고기듬뿍넣은김치찌개,첨단둘레길 업무 추진을 위한 관계자 간담회 추진,31000,7835b5b9a1777555f4251754798a700da09fda4492740e6e9fe00e1ff333dd12,sheet1:R5,,,
7835b5b9a1777555-sheet1-R6,2026-04-17,gwangju-gwangsan,관광육성과,해안식당 첨단점,첨단둘레길 특화공간 현장탐방 등 관계자 간담회 추진,97000,7835b5b9a1777555f4251754798a700da09fda4492740e6e9fe00e1ff333dd12,sheet1:R6,,,
7835b5b9a1777555-sheet1-R7,2026-05-08,gwangju-gwangsan,관광육성과,옛날에금잔디,신창동 유적 보수 정비사업 추진을 위한 관계자 간담회 개최,68000,7835b5b9a1777555f4251754798a700da09fda4492740e6e9fe00e1ff333dd12,sheet1:R7,,,
7835b5b9a1777555-sheet1-R8,2026-05-14,gwangju-gwangsan,관광육성과,강변,국가유산활용프로그램 운영 관계자 간담회 추진,40000,7835b5b9a1777555f4251754798a700da09fda4492740e6e9fe00e1ff333dd12,sheet1:R8,,,
7835b5b9a1777555-sheet1-R9,2026-05-20,gwangju-gwangsan,관광육성과,"황칠미가, 벤티프레소 광주송정점",첨단둘레길 업무 추진을 위한 관계자 간담회 추진,135600,7835b5b9a1777555f4251754798a700da09fda4492740e6e9fe00e1ff333dd12,sheet1:R9,,,
7835b5b9a1777555-sheet1-R10,2026-06-18,gwangju-gwangsan,관광육성과,아다미,제4회 광산뮤 N페스티벌 업무 추진을 위한 관계자 간담회 추진,115000,7835b5b9a1777555f4251754798a700da09fda4492740e6e9fe00e1ff333dd12,sheet1:R10,,,
7835b5b9a1777555-sheet1-R11,2026-06-26,gwangju-gwangsan,관광육성과,송정골,제3회 광산뮤 N페스티벌 추진을 위한 관계자 간담회 개최,130000,7835b5b9a1777555f4251754798a700da09fda4492740e6e9fe00e1ff333dd12,sheet1:R11,,,
e5ec650a536ec18f-sheet1-R5,2026-04-01,gwangju-gwangsan,삼도동,정통한방삼계탕,원활한 동 행정운영을 위한 지사협 위원과의 간담회 개최,36000,e5ec650a536ec18fc56fdf32549ad18367f557511a8fcb2bb61fcf386fdff34b,sheet1:R5,,,
e5ec650a536ec18f-sheet1-R6,2026-04-23,gwangju-gwangsan,삼도동,용진산장,동 미래발전 실행계획 논의를 위한 간담회 개최,172000,e5ec650a536ec18fc56fdf32549ad18367f557511a8fcb2bb61fcf386fdff34b,sheet1:R6,,,
e5ec650a536ec18f-sheet1-R7,2026-05-12,gwangju-gwangsan,삼도동,정통한방삼계탕,주민자치회 운영 관련 간담회 개최 비용 지급,36000,e5ec650a536ec18fc56fdf32549ad18367f557511a8fcb2bb61fcf386fdff34b,sheet1:R7,,,
e5ec650a536ec18f-sheet1-R8,2026-05-15,gwangju-gwangsan,삼도동,삼대집,산불 예방 및 마을 현안 논의 간담회 개최,85000,e5ec650a536ec18fc56fdf32549ad18367f557511a8fcb2bb61fcf386fdff34b,sheet1:R8,,,
e5ec650a536ec18f-sheet1-R9,2026-06-01,gwangju-gwangsan,삼도동,한우마을,마을 건의사항 청취를 위한 사회단체 간담회 개최비용 지급,290000,e5ec650a536ec18fc56fdf32549ad18367f557511a8fcb2bb61fcf386fdff34b,sheet1:R9,,,
e5ec650a536ec18f-sheet1-R10,2026-06-08,gwangju-gwangsan,삼도동,오늘도돈돈먹자,안전 취약지 재난 대비 방안 논의를 위한 간담회 비용 지출,228500,e5ec650a536ec18fc56fdf32549ad18367f557511a8fcb2bb61fcf386fdff34b,sheet1:R10,,,
e5ec650a536ec18f-sheet1-R11,2026-06-12,gwangju-gwangsan,삼도동,한우마을식육식당,주민자치회 마을의제 발굴 간담회 비용 지출,290000,e5ec650a536ec18fc56fdf32549ad18367f557511a8fcb2bb61fcf386fdff34b,sheet1:R11,,,
e5ec650a536ec18f-sheet1-R12,2026-06-17,gwangju-gwangsan,삼도동,수초밥참치,동 현안업무 협조 요청을 위한 간담회 비용 지출,290000,e5ec650a536ec18fc56fdf32549ad18367f557511a8fcb2bb61fcf386fdff34b,sheet1:R12,,,
0c424a6e250bee1c-sheet1-R5,2026-04-09,gwangju-gwangsan,청소행정과,카페홀더,공단 환경직 임금협약 관련 협의를 위한 음료비 구입,16000,0c424a6e250bee1ce16d9d34e2039dc3dc4054e7cdb894b435dec7149ba67189,sheet1:R5,,,
0c424a6e250bee1c-sheet1-R6,2026-04-15,gwangju-gwangsan,청소행정과,앙비떼,가로환경관리원 순환배치 관련 논의를 위한 간담회,81000,0c424a6e250bee1ce16d9d34e2039dc3dc4054e7cdb894b435dec7149ba67189,sheet1:R6,,,
0c424a6e250bee1c-sheet1-R7,2026-04-21,gwangju-gwangsan,청소행정과,카페홀더,가로환경관리 원활한 업무 추진을 위한 노조 간담회,37000,0c424a6e250bee1ce16d9d34e2039dc3dc4054e7cdb894b435dec7149ba67189,sheet1:R7,,,
0c424a6e250bee1c-sheet1-R8,2026-04-29,gwangju-gwangsan,청소행정과,원조메기오모가리탕,불법 소각행위 근절방안 논의를 위한 간담회,80000,0c424a6e250bee1ce16d9d34e2039dc3dc4054e7cdb894b435dec7149ba67189,sheet1:R8,,,
0c424a6e250bee1c-sheet1-R9,2026-05-07,gwangju-gwangsan,청소행정과,앙비떼,가로환경관리원 근무환경 개선을 위한 소통간담회 추진,32000,0c424a6e250bee1ce16d9d34e2039dc3dc4054e7cdb894b435dec7149ba67189,sheet1:R9,,,
0c424a6e250bee1c-sheet1-R10,2026-05-08,gwangju-gwangsan,청소행정과,진성수가,재활용품 수거체계 개선방안 대책 마련을 위한 간담회,45000,0c424a6e250bee1ce16d9d34e2039dc3dc4054e7cdb894b435dec7149ba67189,sheet1:R10,,,
0c424a6e250bee1c-sheet1-R11,2026-05-12,gwangju-gwangsan,청소행정과,정명관,생활폐기물 배출 요령 이주민 홍보 논의를 위한 간담회,85000,0c424a6e250bee1ce16d9d34e2039dc3dc4054e7cdb894b435dec7149ba67189,sheet1:R11,,,
0c424a6e250bee1c-sheet1-R12,2026-06-11,gwangju-gwangsan,청소행정과,송정리해물아구찜,재활용 분리배출 활성화 추진 방안논의를 위한 간담회,71000,0c424a6e250bee1ce16d9d34e2039dc3dc4054e7cdb894b435dec7149ba67189,sheet1:R12,,,
0c424a6e250bee1c-sheet1-R13,2026-06-12,gwangju-gwangsan,청소행정과,향미림,상권밀집구역 생활폐기물 배출규정 홍보 논의를 위한 간담회,47000,0c424a6e250bee1ce16d9d34e2039dc3dc4054e7cdb894b435dec7149ba67189,sheet1:R13,,,
0c424a6e250bee1c-sheet1-R14,2026-06-15,gwangju-gwangsan,청소행정과,유일수산,여름철 생활폐기물 배출 관련 정책 협의를 위한 간담회,101300,0c424a6e250bee1ce16d9d34e2039dc3dc4054e7cdb894b435dec7149ba67189,sheet1:R14,,,
0c424a6e250bee1c-sheet1-R15,2026-06-17,gwangju-gwangsan,청소행정과,"정명관, 포미",불법투기 취약지역 관리 강화를 위한 간담회,263930,0c424a6e250bee1ce16d9d34e2039dc3dc4054e7cdb894b435dec7149ba67189,sheet1:R15,,,
9bfc0f40c2371a3d-sheet1-R5,2026-04-20,gwangju-gwangsan,청소행정과,윤보네식육식당,봄철 내 집앞 맨발길 활성화 방안 논의를 위한 간담회,76200,9bfc0f40c2371a3d441ce9fe080bf63dcdf1b3016aaa72d9f99a73e0e5d9a20c,sheet1:R5,,,
9bfc0f40c2371a3d-sheet1-R6,2026-04-22,gwangju-gwangsan,청소행정과,앙비떼 카페,시 종합감사 추진에 따른 직원 노고격려 간식비 지출,160000,9bfc0f40c2371a3d441ce9fe080bf63dcdf1b3016aaa72d9f99a73e0e5d9a20c,sheet1:R6,,,
9bfc0f40c2371a3d-sheet1-R7,2026-04-27,gwangju-gwangsan,청소행정과,깐깐한 족발,산불담당 직원 노고 격려 석식비 지출,79500,9bfc0f40c2371a3d441ce9fe080bf63dcdf1b3016aaa72d9f99a73e0e5d9a20c,sheet1:R7,,,
9bfc0f40c2371a3d-sheet1-R8,2026-05-04,gwangju-gwangsan,청소행정과,광산나주곰탕,식품안전주간 홍보활동 추진 직원 노고 격려 중식비 지출,60000,9bfc0f40c2371a3d441ce9fe080bf63dcdf1b3016aaa72d9f99a73e0e5d9a20c,sheet1:R8,,,
9bfc0f40c2371a3d-sheet1-R9,2026-05-04,gwangju-gwangsan,청소행정과,윤보네식육식당,도시공원 시설개선 사업 추진 관련 간담회,99000,9bfc0f40c2371a3d441ce9fe080bf63dcdf1b3016aaa72d9f99a73e0e5d9a20c,sheet1:R9,,,
9bfc0f40c2371a3d-sheet1-R10,2026-05-12,gwangju-gwangsan,청소행정과,본가오모가리탕,녹지환경 개선사업 추진 방향 논의 위한 간담회 추진,80000,9bfc0f40c2371a3d441ce9fe080bf63dcdf1b3016aaa72d9f99a73e0e5d9a20c,sheet1:R10,,,
9bfc0f40c2371a3d-sheet1-R11,2026-05-15,gwangju-gwangsan,청소행정과,명인면옥 선운점,일회용품없는 공공청사 만들기 추진 방안 논의 간담회,63000,9bfc0f40c2371a3d441ce9fe080bf63dcdf1b3016aaa72d9f99a73e0e5d9a20c,sheet1:R11,,,
9bfc0f40c2371a3d-sheet1-R12,2026-05-29,gwangju-gwangsan,청소행정과,정인초밥,악성민원 대응 담당 직원 노고 격려 석식비 지출,61000,9bfc0f40c2371a3d441ce9fe080bf63dcdf1b3016aaa72d9f99a73e0e5d9a20c,sheet1:R12,,,
9bfc0f40c2371a3d-sheet1-R13,2026-06-15,gwangju-gwangsan,청소행정과,깐깐한 족발,환경오염물질 배출시설 관련 업무연찬 및 직원격려를 위한 석식비 지출,88500,9bfc0f40c2371a3d441ce9fe080bf63dcdf1b3016aaa72d9f99a73e0e5d9a20c,sheet1:R13,,,
9bfc0f40c2371a3d-sheet1-R14,2026-06-16,gwangju-gwangsan,청소행정과,송학,청소행정업무 추진 노고격려 중식비 지출,39000,9bfc0f40c2371a3d441ce9fe080bf63dcdf1b3016aaa72d9f99a73e0e5d9a20c,sheet1:R14,,,
9bfc0f40c2371a3d-sheet1-R15,2026-06-18,gwangju-gwangsan,청소행정과,순창민물매운탕,도시공원 시설개선사업 추진 직원 노고격려 중식비 지출,59000,9bfc0f40c2371a3d441ce9fe080bf63dcdf1b3016aaa72d9f99a73e0e5d9a20c,sheet1:R15,,,
fdccfbc175d4a164-sheet1-R5,2026-04-02,gwangju-gwangsan,비아동,일신팥죽,비아동 청장년회 간담회,96000,fdccfbc175d4a16419e7aadefa406a585f3c9a065fcecf426ca7aa748727c1a2,sheet1:R5,,,
fdccfbc175d4a164-sheet1-R6,2026-04-06,gwangju-gwangsan,비아동,수연이네,비아동 1313 이웃지기 사업 추진 논의 간담회,40000,fdccfbc175d4a16419e7aadefa406a585f3c9a065fcecf426ca7aa748727c1a2,sheet1:R6,,,
fdccfbc175d4a164-sheet1-R7,2026-04-07,gwangju-gwangsan,비아동,삼대째순두부외 1,주민참여예산 제안사업 공모 논의 간담회,77500,fdccfbc175d4a16419e7aadefa406a585f3c9a065fcecf426ca7aa748727c1a2,sheet1:R7,,,
fdccfbc175d4a164-sheet1-R8,2026-04-09,gwangju-gwangsan,비아동,수연이네,주요 동정협의를 위한 간담회,40000,fdccfbc175d4a16419e7aadefa406a585f3c9a065fcecf426ca7aa748727c1a2,sheet1:R8,,,
fdccfbc175d4a164-sheet1-R9,2026-04-13,gwangju-gwangsan,비아동,수라간외 1,행복둥지 마음잇기 안부사업 추진 논의 간담회,129800,fdccfbc175d4a16419e7aadefa406a585f3c9a065fcecf426ca7aa748727c1a2,sheet1:R9,,,
fdccfbc175d4a164-sheet1-R10,2026-04-15,gwangju-gwangsan,비아동,비아맛나 감자탕,취약계층 반찬 나눔 사업 추진 논의 간담회,47000,fdccfbc175d4a16419e7aadefa406a585f3c9a065fcecf426ca7aa748727c1a2,sheet1:R10,,,
fdccfbc175d4a164-sheet1-R11,2026-04-24,gwangju-gwangsan,비아동,일신팥죽외 1,고유가 피해지원금 지급 논의 간담회,50000,fdccfbc175d4a16419e7aadefa406a585f3c9a065fcecf426ca7aa748727c1a2,sheet1:R11,,,
fdccfbc175d4a164-sheet1-R12,2026-04-27,gwangju-gwangsan,비아동,비아맛나 감자탕외 1,제9회 전국동시지방선거 사무 추진 논의 간담회,111800,fdccfbc175d4a16419e7aadefa406a585f3c9a065fcecf426ca7aa748727c1a2,sheet1:R12,,,
fdccfbc175d4a164-sheet1-R13,2026-04-29,gwangju-gwangsan,비아동,비아생삼겹외 1,주요 동정협의를 위한 간담회,184000,fdccfbc175d4a16419e7aadefa406a585f3c9a065fcecf426ca7aa748727c1a2,sheet1:R13,,,
fdccfbc175d4a164-sheet1-R14,2026-05-14,gwangju-gwangsan,비아동,산촌외 1,동 미래발전계획 실행사업 추진 협의 간담회,193500,fdccfbc175d4a16419e7aadefa406a585f3c9a065fcecf426ca7aa748727c1a2,sheet1:R14,,,
fdccfbc175d4a164-sheet1-R15,2026-05-20,gwangju-gwangsan,비아동,달래커피 비아점,각종 현안업무 추진 노고 격려 간식 구입,150000,fdccfbc175d4a16419e7aadefa406a585f3c9a065fcecf426ca7aa748727c1a2,sheet1:R15,,,
fdccfbc175d4a164-sheet1-R16,2026-05-27,gwangju-gwangsan,비아동,수연이네,제9회 전국동시지방선거 사전투표 사무 추진 논의 간담회,50000,fdccfbc175d4a16419e7aadefa406a585f3c9a065fcecf426ca7aa748727c1a2,sheet1:R16,,,
fdccfbc175d4a164-sheet1-R17,2026-05-29,gwangju-gwangsan,비아동,강오중식당,맞춤형복지 업무 추진 노고 격려 오찬,60000,fdccfbc175d4a16419e7aadefa406a585f3c9a065fcecf426ca7aa748727c1a2,sheet1:R17,,,
fdccfbc175d4a164-sheet1-R18,2026-06-02,gwangju-gwangsan,비아동,비아생삼겹,제9회 전국동시지방선거 투표 사무 추진 논의 간담회,160000,fdccfbc175d4a16419e7aadefa406a585f3c9a065fcecf426ca7aa748727c1a2,sheet1:R18,,,
fdccfbc175d4a164-sheet1-R19,2026-06-05,gwangju-gwangsan,비아동,강오중식당,비아동 주민자치회 간담회,70000,fdccfbc175d4a16419e7aadefa406a585f3c9a065fcecf426ca7aa748727c1a2,sheet1:R19,,,
fdccfbc175d4a164-sheet1-R20,2026-06-08,gwangju-gwangsan,비아동,강오중식당,호국보훈의 달 맞이 사업 추진 논의 간담회,28000,fdccfbc175d4a16419e7aadefa406a585f3c9a065fcecf426ca7aa748727c1a2,sheet1:R20,,,
fdccfbc175d4a164-sheet1-R21,2026-06-10,gwangju-gwangsan,비아동,일신팥죽,행복나눔 공유부엌 사업 추진 논의 간담회,40000,fdccfbc175d4a16419e7aadefa406a585f3c9a065fcecf426ca7aa748727c1a2,sheet1:R21,,,
fdccfbc175d4a164-sheet1-R22,2026-06-12,gwangju-gwangsan,비아동,수완화덕생선구이수완본점,비아동 예비군중대 간담회,154000,fdccfbc175d4a16419e7aadefa406a585f3c9a065fcecf426ca7aa748727c1a2,sheet1:R22,,,
39a4aa1bbfd870e4-sheet1-R5,2026-04-17,gwangju-gwangsan,건축과,이조떡갈비,건축공사 현장 안전사고 예방을 위한 관계자 간담회 추진,120000,39a4aa1bbfd870e4fc63fab2e5ad433403c6bb4a0b1abe4459e45f5ce40e8f56,sheet1:R5,,,
39a4aa1bbfd870e4-sheet1-R6,2026-06-09,gwangju-gwangsan,건축과,이조떡갈비,우기 대비 건설공사장 안전점검 추진을 위한 간담회 비용 집행,180000,39a4aa1bbfd870e4fc63fab2e5ad433403c6bb4a0b1abe4459e45f5ce40e8f56,sheet1:R6,,,
39a4aa1bbfd870e4-sheet1-R7,2026-06-17,gwangju-gwangsan,건축과,영명국밥,소규모 노후건축물 안전점검 추진 간담회에 따른 비용 집행,33000,39a4aa1bbfd870e4fc63fab2e5ad433403c6bb4a0b1abe4459e45f5ce40e8f56,sheet1:R7,,,
39a4aa1bbfd870e4-sheet1-R8,2026-06-23,gwangju-gwangsan,건축과,앙비떼외 1,건축물 업무대행 관계자 간담회 추진,93000,39a4aa1bbfd870e4fc63fab2e5ad433403c6bb4a0b1abe4459e45f5ce40e8f56,sheet1:R8,,,
30874cedc4a82f85-sheet1-R5,2026-06-25,gwangju-gwangsan,감염병관리과,푸릇컷팅과일,감염병 대응 의료협의체 운영회의 관련 다과 구입,300000,30874cedc4a82f8575c90f3b9ba9c6e9c944bdf7955e36d03d52ad65f8e491a0,sheet1:R5,,,
7a0fba4bde74486f-table1-R3,2026-04-01,gwangju-gwangsan,행정지원과,"하해가, 투썸플레이스광주상무천변점",광주·전남 행정통합 관련 논의를 위한 시 관계자 간담회,221100,7a0fba4bde74486fbc4ca2097b0dd26ea170121cb782a0d3e858b1ae7a8c5e1f,table1:R3,,,
7a0fba4bde74486f-table1-R4,2026-04-01,gwangju-gwangsan,행정지원과,네이버파이낸셜㈜,부구청장실 내방객을 위한 다과 구입,44950,7a0fba4bde74486fbc4ca2097b0dd26ea170121cb782a0d3e858b1ae7a8c5e1f,table1:R4,,,
7a0fba4bde74486f-table1-R5,2026-04-01,gwangju-gwangsan,행정지원과,미미참치,구정 정책 공유를 위한 언론인 간담회,88000,7a0fba4bde74486fbc4ca2097b0dd26ea170121cb782a0d3e858b1ae7a8c5e1f,table1:R5,,,
7a0fba4bde74486f-table1-R6,2026-04-02,gwangju-gwangsan,행정지원과,"코다리조림찜, 카페콩",구정 업무 협의를 위한 유관기관 간담회,91100,7a0fba4bde74486fbc4ca2097b0dd26ea170121cb782a0d3e858b1ae7a8c5e1f,table1:R6,,,
7a0fba4bde74486f-table1-R7,2026-04-03,gwangju-gwangsan,행정지원과,"아다미, 스타벅스광주선운DT점",구정 업무 협의를 위한 유관기관 간담회,106100,7a0fba4bde74486fbc4ca2097b0dd26ea170121cb782a0d3e858b1ae7a8c5e1f,table1:R7,,,
7a0fba4bde74486f-table1-R8,2026-04-03,gwangju-gwangsan,행정지원과,나나방콕수완점,원활한 구정 업무 협조를 위한 유관기관 간담회,82800,7a0fba4bde74486fbc4ca2097b0dd26ea170121cb782a0d3e858b1ae7a8c5e1f,table1:R8,,,
7a0fba4bde74486f-table1-R9,2026-04-06,gwangju-gwangsan,행정지원과,앙비떼,원활한 월요모두회의 운영을 위한 음료 구입,80000,7a0fba4bde74486fbc4ca2097b0dd26ea170121cb782a0d3e858b1ae7a8c5e1f,table1:R9,,,
7a0fba4bde74486f-table1-R10,2026-04-06,gwangju-gwangsan,행정지원과,"시골밥집, 데이지",구정 주요 사업 협조를 위한 시 관계자 간담회,170000,7a0fba4bde74486fbc4ca2097b0dd26ea170121cb782a0d3e858b1ae7a8c5e1f,table1:R10,,,
7a0fba4bde74486f-table1-R11,2026-04-06,gwangju-gwangsan,행정지원과,곽만근갈비탕광주수완점,교통지도과 현안사업 논의 간담회,135000,7a0fba4bde74486fbc4ca2097b0dd26ea170121cb782a0d3e858b1ae7a8c5e1f,table1:R11,,,
7a0fba4bde74486f-table1-R12,2026-04-07,gwangju-gwangsan,행정지원과,"쌍학, 컴포즈커피광주충장NC점",원활한 구정 협조를 위한 언론인 간담회,159400,7a0fba4bde74486fbc4ca2097b0dd26ea170121cb782a0d3e858b1ae7a8c5e1f,table1:R12,,,
7a0fba4bde74486f-table1-R13,2026-04-08,gwangju-gwangsan,행정지원과,"고려가족식당, Avenue카페",이주민정책과 현안사업 논의 간담회,280000,7a0fba4bde74486fbc4ca2097b0dd26ea170121cb782a0d3e858b1ae7a8c5e1f,table1:R13,,,
7a0fba4bde74486f-table1-R14,2026-04-09,gwangju-gwangsan,행정지원과,(주)가배하우스,부구청장실 내방객을 위한 다과 구입,60000,7a0fba4bde74486fbc4ca2097b0dd26ea170121cb782a0d3e858b1ae7a8c5e1f,table1:R14,,,
7a0fba4bde74486f-table1-R15,2026-04-10,gwangju-gwangsan,행정지원과,"빛고을차림상, 카페더비",부속실 현안업무 추진 격려 오찬 간담회,69000,7a0fba4bde74486fbc4ca2097b0dd26ea170121cb782a0d3e858b1ae7a8c5e1f,table1:R15,,,
7a0fba4bde74486f-table1-R16,2026-04-13,gwangju-gwangsan,행정지원과,스타벅스광주상무대교점,구정 현안사업 협조를 위한 시 관계자 간담회,30100,7a0fba4bde74486fbc4ca2097b0dd26ea170121cb782a0d3e858b1ae7a8c5e1f,table1:R16,,,
7a0fba4bde74486f-table1-R17,2026-04-14,gwangju-gwangsan,행정지원과,쉥카이,자원순환 정책 관련 논의를 위한 시 관계자 간담회,224000,7a0fba4bde74486fbc4ca2097b0dd26ea170121cb782a0d3e858b1ae7a8c5e1f,table1:R17,,,
7a0fba4bde74486f-table1-R18,2026-04-14,gwangju-gwangsan,행정지원과,군산앞바다,구정 주요 사업 협조를 위한 시 관계자 간담회,176000,7a0fba4bde74486fbc4ca2097b0dd26ea170121cb782a0d3e858b1ae7a8c5e1f,table1:R18,,,
7a0fba4bde74486f-table1-R19,2026-04-15,gwangju-gwangsan,행정지원과,"순창민물매운탕, 송정cafe1913",치수방재과 현안사업 논의 간담회,150200,7a0fba4bde74486fbc4ca2097b0dd26ea170121cb782a0d3e858b1ae7a8c5e1f,table1:R19,,,
7a0fba4bde74486f-table1-R20,2026-04-15,gwangju-gwangsan,행정지원과,즐거운하누,구정 정책 공유를 위한 언론인 간담회,56000,7a0fba4bde74486fbc4ca2097b0dd26ea170121cb782a0d3e858b1ae7a8c5e1f,table1:R20,,,
7a0fba4bde74486f-table1-R21,2026-04-17,gwangju-gwangsan,행정지원과,네이버파이낸셜㈜,부구청장실 내방객을 위한 다과 구입,83880,7a0fba4bde74486fbc4ca2097b0dd26ea170121cb782a0d3e858b1ae7a8c5e1f,table1:R21,,,
7a0fba4bde74486f-table1-R22,2026-04-17,gwangju-gwangsan,행정지원과,"연화, 투썸플레이스광주운천호수공원점",구정 업무 협의를 위한 유관기관 간담회,115900,7a0fba4bde74486fbc4ca2097b0dd26ea170121cb782a0d3e858b1ae7a8c5e1f,table1:R22,,,
7a0fba4bde74486f-table1-R23,2026-04-20,gwangju-gwangsan,행정지원과,앙비떼,원활한 월요모두회의 운영을 위한 음료 구입,80000,7a0fba4bde74486fbc4ca2097b0dd26ea170121cb782a0d3e858b1ae7a8c5e1f,table1:R23,,,
7a0fba4bde74486f-table1-R24,2026-04-20,gwangju-gwangsan,행정지원과,"봄초밥, 아미당",원활한 구정 협조를 위한 언론인 간담회,52000,7a0fba4bde74486fbc4ca2097b0dd26ea170121cb782a0d3e858b1ae7a8c5e1f,table1:R24,,,
7a0fba4bde74486f-table1-R25,2026-04-20,gwangju-gwangsan,행정지원과,"시골밥집, 투썸플레이스광산구청점",구정 업무 협의를 위한 유관기관 간담회,51500,7a0fba4bde74486fbc4ca2097b0dd26ea170121cb782a0d3e858b1ae7a8c5e1f,table1:R25,,,
7a0fba4bde74486f-table1-R26,2026-04-21,gwangju-gwangsan,행정지원과,스타벅스광주운남DT점,체육진흥과 현안사업 논의 간담회,41200,7a0fba4bde74486fbc4ca2097b0dd26ea170121cb782a0d3e858b1ae7a8c5e1f,table1:R26,,,
7a0fba4bde74486f-table1-R27,2026-04-22,gwangju-gwangsan,행정지원과,개인(성명 비공개),직원 애경사에 따른 경조사비 지급,400000,7a0fba4bde74486fbc4ca2097b0dd26ea170121cb782a0d3e858b1ae7a8c5e1f,table1:R27,,,
7a0fba4bde74486f-table1-R28,2026-04-23,gwangju-gwangsan,행정지원과,ACC회참치,원활한 구정 업무 협조를 위한 유관기관 간담회,174000,7a0fba4bde74486fbc4ca2097b0dd26ea170121cb782a0d3e858b1ae7a8c5e1f,table1:R28,,,
7a0fba4bde74486f-table1-R29,2026-04-24,gwangju-gwangsan,행정지원과,투썸플레이스광산구청점,구정 업무 협의를 위한 유관기관 간담회,18800,7a0fba4bde74486fbc4ca2097b0dd26ea170121cb782a0d3e858b1ae7a8c5e1f,table1:R29,,,
7a0fba4bde74486f-table1-R30,2026-04-24,gwangju-gwangsan,행정지원과,대복전,구정 정책 공유를 위한 언론인 간담회,232000,7a0fba4bde74486fbc4ca2097b0dd26ea170121cb782a0d3e858b1ae7a8c5e1f,table1:R30,,,
7a0fba4bde74486f-table1-R31,2026-04-27,gwangju-gwangsan,행정지원과,투썸플레이스광산구청점,원활한 구정 업무 협조를 위한 유관기관 간담회,9900,7a0fba4bde74486fbc4ca2097b0dd26ea170121cb782a0d3e858b1ae7a8c5e1f,table1:R31,,,
7a0fba4bde74486f-table1-R32,2026-04-28,gwangju-gwangsan,행정지원과,투썸플레이스광산구청점,구정 정책 공유 및 홍보를 위한 언론인 간담회,40600,7a0fba4bde74486fbc4ca2097b0dd26ea170121cb782a0d3e858b1ae7a8c5e1f,table1:R32,,,
7a0fba4bde74486f-table2-R2,2026-04-28,gwangju-gwangsan,행정지원과,백점만족,구정 업무 협의를 위한 유관기관 간담회,103000,7a0fba4bde74486fbc4ca2097b0dd26ea170121cb782a0d3e858b1ae7a8c5e1f,table2:R2,,,
7a0fba4bde74486f-table2-R3,2026-04-29,gwangju-gwangsan,행정지원과,"왕산식당상무점, 레파스베이커스상무점",보훈 업무 관련 협의를 위한 시 관계자 간담회,174320,7a0fba4bde74486fbc4ca2097b0dd26ea170121cb782a0d3e858b1ae7a8c5e1f,table2:R3,,,
7a0fba4bde74486f-table2-R4,2026-04-30,gwangju-gwangsan,행정지원과,"카멜오르조, 레파스베이커스상무점",원활한 구정 협조를 위한 언론인 간담회,138900,7a0fba4bde74486fbc4ca2097b0dd26ea170121cb782a0d3e858b1ae7a8c5e1f,table2:R4,,,
7a0fba4bde74486f-table2-R5,2026-04-30,gwangju-gwangsan,행정지원과,(주)가배하우스,부구청장실 내방객을 위한 다과 구입,20000,7a0fba4bde74486fbc4ca2097b0dd26ea170121cb782a0d3e858b1ae7a8c5e1f,table2:R5,,,
7a0fba4bde74486f-table2-R6,2026-04-30,gwangju-gwangsan,행정지원과,정돈,구정 업무 협의를 위한 유관기관 간담회,54400,7a0fba4bde74486fbc4ca2097b0dd26ea170121cb782a0d3e858b1ae7a8c5e1f,table2:R6,,,
32f76aae489b190e-sheet4-R4,2026-03-18,gwangju-gwangsan,주택과,수초밥참치,효율적인 공동주택운영 관리를 위한 관계자 간담회,65000,32f76aae489b190ef2cebda311fd41f48e47088e246840c6cf0f5571d20c5145,sheet4:R4,,,
32f76aae489b190e-sheet4-R5,2026-03-31,gwangju-gwangsan,주택과,청솔가마솥,신속한 재개발 업무 논의를 위한 관계자 간담회 개최,70000,32f76aae489b190ef2cebda311fd41f48e47088e246840c6cf0f5571d20c5145,sheet4:R5,,,
02b17e13845de752-sheet1-R5,2026-01-13,gwangju-gwangsan,동곡동,이태백,동정파악 및 주민의견 수렴을 위한 사회단체 간담회 추진,255000,02b17e13845de7528f3ba23da3c9e8650fcb8ba178a78f610e1fbd03b82a68a1,sheet1:R5,,,
02b17e13845de752-sheet1-R6,2026-02-20,gwangju-gwangsan,동곡동,큰집식당,동정파악 및 주민의견 수렴을 위한 사회단체 간담회 추진,298000,02b17e13845de7528f3ba23da3c9e8650fcb8ba178a78f610e1fbd03b82a68a1,sheet1:R6,,,
02b17e13845de752-sheet1-R7,2026-03-13,gwangju-gwangsan,동곡동,유일장어,동곡동 ｢민원 前 민원 해결 1004｣ 간담회 추진,30000,02b17e13845de7528f3ba23da3c9e8650fcb8ba178a78f610e1fbd03b82a68a1,sheet1:R7,,,
02b17e13845de752-sheet1-R8,2026-03-05,gwangju-gwangsan,동곡동,육대장 선암점,동정파악 및 주민의견 수렴을 위한 사회단체 간담회 추진,99000,02b17e13845de7528f3ba23da3c9e8650fcb8ba178a78f610e1fbd03b82a68a1,sheet1:R8,,,
02b17e13845de752-sheet1-R9,2026-03-10,gwangju-gwangsan,동곡동,카페동곡,지역사회보장협의체 현안 논의 차담회 개최,74000,02b17e13845de7528f3ba23da3c9e8650fcb8ba178a78f610e1fbd03b82a68a1,sheet1:R9,,,
02b17e13845de752-sheet1-R10,2026-03-10,gwangju-gwangsan,동곡동,큰집식당,동 민원사항 청취를 위한 사회단체 간담회 추진,220000,02b17e13845de7528f3ba23da3c9e8650fcb8ba178a78f610e1fbd03b82a68a1,sheet1:R10,,,
02b17e13845de752-sheet1-R11,2026-03-16,gwangju-gwangsan,동곡동,유일수산,동 민원사항 청취를 위한 사회단체 간담회 추진,290000,02b17e13845de7528f3ba23da3c9e8650fcb8ba178a78f610e1fbd03b82a68a1,sheet1:R11,,,
02b17e13845de752-sheet1-R12,2026-03-20,gwangju-gwangsan,동곡동,속시원한대구탕,동 현안발굴 논의를 위한 전문가 간담회 추진,39000,02b17e13845de7528f3ba23da3c9e8650fcb8ba178a78f610e1fbd03b82a68a1,sheet1:R12,,,
02b17e13845de752-sheet1-R13,2026-03-26,gwangju-gwangsan,동곡동,오돈솥뚜껑,2026년 동곡동 미래발전계획 전략 추진을 위한 간담회 추진,295000,02b17e13845de7528f3ba23da3c9e8650fcb8ba178a78f610e1fbd03b82a68a1,sheet1:R13,,,
02b17e13845de752-sheet1-R14,2026-03-30,gwangju-gwangsan,동곡동,중앙식당 동곡점,시민주도 환경정화 신규 사업 추진을 위한 간담회 개최,28000,02b17e13845de7528f3ba23da3c9e8650fcb8ba178a78f610e1fbd03b82a68a1,sheet1:R14,,,
33d90fbb93a5232a-table1-R3,2026-03-03,gwangju-gwangsan,행정지원과,"시골밥집, 데이지",구정 업무 협의를 위한 유관기관 간담회,88000,33d90fbb93a5232ab067148dd639ef19a97edee4c3e7fc2cdf5709dca2b81fda,table1:R3,,,
33d90fbb93a5232a-table1-R4,2026-03-03,gwangju-gwangsan,행정지원과,연화,구정 정책 공유 및 홍보를 위한 언론인 간담회,226000,33d90fbb93a5232ab067148dd639ef19a97edee4c3e7fc2cdf5709dca2b81fda,table1:R4,,,
33d90fbb93a5232a-table1-R5,2026-03-04,gwangju-gwangsan,행정지원과,"남영, 커피비",원활한 구정 업무 협조를 위한 유관기관 간담회,76000,33d90fbb93a5232ab067148dd639ef19a97edee4c3e7fc2cdf5709dca2b81fda,table1:R5,,,
33d90fbb93a5232a-table1-R6,2026-03-04,gwangju-gwangsan,행정지원과,미미참치,구정 주요 사업 협조를 위한 시 관계자 간담회,95000,33d90fbb93a5232ab067148dd639ef19a97edee4c3e7fc2cdf5709dca2b81fda,table1:R6,,,
33d90fbb93a5232a-table1-R7,2026-03-05,gwangju-gwangsan,행정지원과,"해물촌, 이가네찰보리빵집",교통행정 현안사업 논의 관계 부서 회의,103000,33d90fbb93a5232ab067148dd639ef19a97edee4c3e7fc2cdf5709dca2b81fda,table1:R7,,,
33d90fbb93a5232a-table1-R8,2026-03-05,gwangju-gwangsan,행정지원과,수완초밥,원활한 구정 협조를 위한 언론인 간담회,121000,33d90fbb93a5232ab067148dd639ef19a97edee4c3e7fc2cdf5709dca2b81fda,table1:R8,,,
33d90fbb93a5232a-table1-R9,2026-03-06,gwangju-gwangsan,행정지원과,"연타발, 스타벅스광주상무대교점",광주송정역 환경개선 사업 논의를 위한 시 관계자 간담회,211600,33d90fbb93a5232ab067148dd639ef19a97edee4c3e7fc2cdf5709dca2b81fda,table1:R9,,,
33d90fbb93a5232a-table1-R10,2026-03-06,gwangju-gwangsan,행정지원과,개인(성명 비공개),직원 애경사에 따른 경조사비 지급,200000,33d90fbb93a5232ab067148dd639ef19a97edee4c3e7fc2cdf5709dca2b81fda,table1:R10,,,
33d90fbb93a5232a-table1-R11,2026-03-06,gwangju-gwangsan,행정지원과,군산바다,구정 주요 사업 협조를 위한 시 관계자 간담회,238000,33d90fbb93a5232ab067148dd639ef19a97edee4c3e7fc2cdf5709dca2b81fda,table1:R11,,,
33d90fbb93a5232a-table1-R12,2026-03-09,gwangju-gwangsan,행정지원과,달잔기지떡,부구청장실 내방객을 위한 다과 구입,32000,33d90fbb93a5232ab067148dd639ef19a97edee4c3e7fc2cdf5709dca2b81fda,table1:R12,,,
33d90fbb93a5232a-table1-R13,2026-03-09,gwangju-gwangsan,행정지원과,"순창민물매운탕, 메종",구정 정책 공유를 위한 언론인 간담회,120500,33d90fbb93a5232ab067148dd639ef19a97edee4c3e7fc2cdf5709dca2b81fda,table1:R13,,,
33d90fbb93a5232a-table1-R14,2026-03-10,gwangju-gwangsan,행정지원과,마실,구 주요 경제 정책 협조를 위한 시 관계자 간담회,15500,33d90fbb93a5232ab067148dd639ef19a97edee4c3e7fc2cdf5709dca2b81fda,table1:R14,,,
33d90fbb93a5232a-table1-R15,2026-03-11,gwangju-gwangsan,행정지원과,달잔기지떡,부구청장실 내방객을 위한 다과 구입,34000,33d90fbb93a5232ab067148dd639ef19a97edee4c3e7fc2cdf5709dca2b81fda,table1:R15,,,
33d90fbb93a5232a-table1-R16,2026-03-11,gwangju-gwangsan,행정지원과,투썸플레이스광산구청점,구정 업무 협의를 위한 유관기관 간담회,14600,33d90fbb93a5232ab067148dd639ef19a97edee4c3e7fc2cdf5709dca2b81fda,table1:R16,,,
33d90fbb93a5232a-table1-R17,2026-03-13,gwangju-gwangsan,행정지원과,"보광옥, 목어카페",원활한 구정 협조를 위한 언론인 간담회,108000,33d90fbb93a5232ab067148dd639ef19a97edee4c3e7fc2cdf5709dca2b81fda,table1:R17,,,
33d90fbb93a5232a-table1-R18,2026-03-13,gwangju-gwangsan,행정지원과,하도가,구정 주요 사업 협조를 위한 시 관계자 간담회,199000,33d90fbb93a5232ab067148dd639ef19a97edee4c3e7fc2cdf5709dca2b81fda,table1:R18,,,
33d90fbb93a5232a-table1-R19,2026-03-16,gwangju-gwangsan,행정지원과,달잔기지떡,부구청장실 내방객을 위한 다과 구입,16000,33d90fbb93a5232ab067148dd639ef19a97edee4c3e7fc2cdf5709dca2b81fda,table1:R19,,,
33d90fbb93a5232a-table1-R20,2026-03-16,gwangju-gwangsan,행정지원과,"장흥, 몬코드",구정 업무 협의를 위한 유관기관 간담회,50000,33d90fbb93a5232ab067148dd639ef19a97edee4c3e7fc2cdf5709dca2b81fda,table1:R20,,,
33d90fbb93a5232a-table1-R21,2026-03-17,gwangju-gwangsan,행정지원과,투썸플레이스광산구청점,구정 현안사업 협조를 위한 시 관계자 간담회,19300,33d90fbb93a5232ab067148dd639ef19a97edee4c3e7fc2cdf5709dca2b81fda,table1:R21,,,
33d90fbb93a5232a-table1-R22,2026-03-18,gwangju-gwangsan,행정지원과,대복전,구정 정책 공유를 위한 언론인 간담회,136000,33d90fbb93a5232ab067148dd639ef19a97edee4c3e7fc2cdf5709dca2b81fda,table1:R22,,,
33d90fbb93a5232a-table1-R23,2026-03-19,gwangju-gwangsan,행정지원과,네이버파이낸셜㈜,부구청장실 내방객을 위한 다과 구입,33950,33d90fbb93a5232ab067148dd639ef19a97edee4c3e7fc2cdf5709dca2b81fda,table1:R23,,,
33d90fbb93a5232a-table1-R24,2026-03-19,gwangju-gwangsan,행정지원과,오푸르베이커리,수완동 현안사업 논의 간담회,45000,33d90fbb93a5232ab067148dd639ef19a97edee4c3e7fc2cdf5709dca2b81fda,table1:R24,,,
33d90fbb93a5232a-table1-R25,2026-03-20,gwangju-gwangsan,행정지원과,"연타발, 스타벅스광주상무대교점",구정 주요 사업 협조를 위한 시 관계자 간담회,210000,33d90fbb93a5232ab067148dd639ef19a97edee4c3e7fc2cdf5709dca2b81fda,table1:R25,,,
33d90fbb93a5232a-table1-R26,2026-03-20,gwangju-gwangsan,행정지원과,군산앞바다,구정 정책 공유 및 홍보를 위한 언론인 간담회,223000,33d90fbb93a5232ab067148dd639ef19a97edee4c3e7fc2cdf5709dca2b81fda,table1:R26,,,
33d90fbb93a5232a-table1-R27,2026-03-23,gwangju-gwangsan,행정지원과,"고등어섬푸랭이, Avenue카페",부속실 현안업무 추진 격려 오찬 간담회,87000,33d90fbb93a5232ab067148dd639ef19a97edee4c3e7fc2cdf5709dca2b81fda,table1:R27,,,
33d90fbb93a5232a-table1-R28,2026-03-24,gwangju-gwangsan,행정지원과,영지원명가,대형화재 예방 관내 시설물 점검 관련 협의를 위한 시 관계자 간담회,305000,33d90fbb93a5232ab067148dd639ef19a97edee4c3e7fc2cdf5709dca2b81fda,table1:R28,,,
33d90fbb93a5232a-table1-R29,2026-03-25,gwangju-gwangsan,행정지원과,다미정,원활한 구정 협조를 위한 언론인 간담회,80000,33d90fbb93a5232ab067148dd639ef19a97edee4c3e7fc2cdf5709dca2b81fda,table1:R29,,,
33d90fbb93a5232a-table1-R30,2026-03-25,gwangju-gwangsan,행정지원과,개인(성명 비공개),직원 애경사에 따른 경조사비 지급,450000,33d90fbb93a5232ab067148dd639ef19a97edee4c3e7fc2cdf5709dca2b81fda,table1:R30,,,
33d90fbb93a5232a-table1-R31,2026-03-25,gwangju-gwangsan,행정지원과,황솔촌수완점,구정 업무 협의를 위한 유관기관 간담회,88000,33d90fbb93a5232ab067148dd639ef19a97edee4c3e7fc2cdf5709dca2b81fda,table1:R31,,,
33d90fbb93a5232a-table1-R32,2026-03-26,gwangju-gwangsan,행정지원과,"시골밥집, 데이지",구정 현안사업 협조를 위한 시 관계자 간담회,174000,33d90fbb93a5232ab067148dd639ef19a97edee4c3e7fc2cdf5709dca2b81fda,table1:R32,,,
33d90fbb93a5232a-table2-R2,2026-03-26,gwangju-gwangsan,행정지원과,양육점수완점,원활한 구정 업무 협조를 위한 유관기관 간담회,146000,33d90fbb93a5232ab067148dd639ef19a97edee4c3e7fc2cdf5709dca2b81fda,table2:R2,,,
33d90fbb93a5232a-table2-R3,2026-03-27,gwangju-gwangsan,행정지원과,스타벅스광주상무대교점,구정 정책 공유를 위한 언론인 간담회,20100,33d90fbb93a5232ab067148dd639ef19a97edee4c3e7fc2cdf5709dca2b81fda,table2:R3,,,
33d90fbb93a5232a-table2-R4,2026-03-30,gwangju-gwangsan,행정지원과,데이지,구정 업무 협의를 위한 유관기관 간담회,4000,33d90fbb93a5232ab067148dd639ef19a97edee4c3e7fc2cdf5709dca2b81fda,table2:R4,,,
33d90fbb93a5232a-table2-R5,2026-03-31,gwangju-gwangsan,행정지원과,연화,원활한 구정 협조를 위한 언론인 간담회,184000,33d90fbb93a5232ab067148dd639ef19a97edee4c3e7fc2cdf5709dca2b81fda,table2:R5,,,
9edf31832826dfac-sheet1-R5,2026-03-04,gwangju-gwangsan,행정지원과,해동활어,중소기업 지원 정책 추진을 위한 관계자 회의,80000,9edf31832826dfacedfea510cb4a04590468325d93441ebab961160c1715bc37,sheet1:R5,,,
9edf31832826dfac-sheet1-R6,2026-03-05,gwangju-gwangsan,행정지원과,어부네회수산,보훈업무 협의를 위한 관련 단체 간담회,230000,9edf31832826dfacedfea510cb4a04590468325d93441ebab961160c1715bc37,sheet1:R6,,,
9edf31832826dfac-sheet1-R7,2026-03-06,gwangju-gwangsan,행정지원과,개인(성명 비공개),직원 애경사에 따른 경조사비 지급,400000,9edf31832826dfacedfea510cb4a04590468325d93441ebab961160c1715bc37,sheet1:R7,,,
9edf31832826dfac-sheet1-R8,2026-03-13,gwangju-gwangsan,행정지원과,해궁,원활한 구정 업무 협조를 위한 유관기관장 간담회,100000,9edf31832826dfacedfea510cb4a04590468325d93441ebab961160c1715bc37,sheet1:R8,,,
9edf31832826dfac-sheet1-R9,2026-03-16,gwangju-gwangsan,행정지원과,앙비떼,원활한 월요모두회의 운영을 위한 음료 구입,80000,9edf31832826dfacedfea510cb4a04590468325d93441ebab961160c1715bc37,sheet1:R9,,,
9edf31832826dfac-sheet1-R10,2026-03-16,gwangju-gwangsan,행정지원과,신안뻘낙지,구정 업무 협조를 위한 동 사회단체장 간담회,50000,9edf31832826dfacedfea510cb4a04590468325d93441ebab961160c1715bc37,sheet1:R10,,,
9edf31832826dfac-sheet1-R11,2026-03-17,gwangju-gwangsan,행정지원과,마오광주점,구정 정책 공유를 위한 언론인 간담회,295000,9edf31832826dfacedfea510cb4a04590468325d93441ebab961160c1715bc37,sheet1:R11,,,
9edf31832826dfac-sheet1-R12,2026-03-17,gwangju-gwangsan,행정지원과,마천루,원활한 구정 협조를 위한 언론인 간담회,290000,9edf31832826dfacedfea510cb4a04590468325d93441ebab961160c1715bc37,sheet1:R12,,,
9342ff11eb28377a-sheet1-R5,2026-01-15,gwangju-gwangsan,건설과,깐깐한족발,부서 직원 노고 격려 석식비용 지출,125500,9342ff11eb28377a9944c6ae1cdf974961e816eda3124ba895b146a0439e8b19,sheet1:R5,,,
9342ff11eb28377a-sheet1-R6,2026-01-17,gwangju-gwangsan,건설과,해물촌,부서 직원 노고 격려 중식비용 지출,94000,9342ff11eb28377a9944c6ae1cdf974961e816eda3124ba895b146a0439e8b19,sheet1:R6,,,
9342ff11eb28377a-sheet1-R7,2026-02-04,gwangju-gwangsan,건설과,지산목,부서 직원 노고 격려 석식비용 지출,243000,9342ff11eb28377a9944c6ae1cdf974961e816eda3124ba895b146a0439e8b19,sheet1:R7,,,
9342ff11eb28377a-sheet1-R8,2026-02-25,gwangju-gwangsan,건설과,시민국밥,부서 직원 노고 격려 중식비용 지출,38000,9342ff11eb28377a9944c6ae1cdf974961e816eda3124ba895b146a0439e8b19,sheet1:R8,,,
9342ff11eb28377a-sheet1-R9,2026-03-13,gwangju-gwangsan,건설과,태화반점,부서 직원 노고 격려 중식비용 지출,54000,9342ff11eb28377a9944c6ae1cdf974961e816eda3124ba895b146a0439e8b19,sheet1:R9,,,
9342ff11eb28377a-sheet1-R10,2026-03-27,gwangju-gwangsan,건설과,뚝방길민물매운탕,자전거도로 공사 과년 관계자 간담회,118000,9342ff11eb28377a9944c6ae1cdf974961e816eda3124ba895b146a0439e8b19,sheet1:R10,,,
de6fc9399240569e-sheet1-R5,2026-01-08,gwangju-gwangsan,문화예술과,송원고기마루,의회 업무보고 관련 직원 격려를 위한 간담회 개최,176000,de6fc9399240569e81a8df46f54e380d7cd17e426ce64fc35f62bb079758d316,sheet1:R5,,,
de6fc9399240569e-sheet1-R6,2026-01-09,gwangju-gwangsan,문화예술과,해물정,문화예술과 전입 직원 간담회 개최,159000,de6fc9399240569e81a8df46f54e380d7cd17e426ce64fc35f62bb079758d316,sheet1:R6,,,
de6fc9399240569e-sheet1-R7,2026-01-13,gwangju-gwangsan,문화예술과,화천추어탕,관광육성과 직원 전입 간담회 개최,48000,de6fc9399240569e81a8df46f54e380d7cd17e426ce64fc35f62bb079758d316,sheet1:R7,,,
de6fc9399240569e-sheet1-R8,2026-01-14,gwangju-gwangsan,문화예술과,(사) 실로암사람들(카페홀더광산구청점),구정 현안 논의 관련 간담회 개최,80500,de6fc9399240569e81a8df46f54e380d7cd17e426ce64fc35f62bb079758d316,sheet1:R8,,,
de6fc9399240569e-sheet1-R9,2026-01-15,gwangju-gwangsan,문화예술과,유한회사 송정외 1,문화교육국 전입직원 간담회 개최,243000,de6fc9399240569e81a8df46f54e380d7cd17e426ce64fc35f62bb079758d316,sheet1:R9,,,
de6fc9399240569e-sheet1-R10,2026-02-02,gwangju-gwangsan,문화예술과,송정골,광산구의회 업무보고 추진 관련 격려 간담회 개최,72000,de6fc9399240569e81a8df46f54e380d7cd17e426ce64fc35f62bb079758d316,sheet1:R10,,,
de6fc9399240569e-sheet1-R11,2026-02-23,gwangju-gwangsan,문화예술과,진미청국장,동 주민과의 대화 향후 처리 관련 간담회 개최,236000,de6fc9399240569e81a8df46f54e380d7cd17e426ce64fc35f62bb079758d316,sheet1:R11,,,
de6fc9399240569e-sheet1-R12,2026-02-24,gwangju-gwangsan,문화예술과,무한지대,정월대보름 행사 관련 간담회 개최,25000,de6fc9399240569e81a8df46f54e380d7cd17e426ce64fc35f62bb079758d316,sheet1:R12,,,
de6fc9399240569e-sheet1-R13,2026-02-26,gwangju-gwangsan,문화예술과,화천추어탕,광산구 축제프로그램 특별상 수상 직원 격려를 위한 간담회 개최,110000,de6fc9399240569e81a8df46f54e380d7cd17e426ce64fc35f62bb079758d316,sheet1:R13,,,
de6fc9399240569e-sheet1-R14,2026-03-03,gwangju-gwangsan,문화예술과,화천추어탕,운남 파크골프장 개장 관련 간담회 개최,56000,de6fc9399240569e81a8df46f54e380d7cd17e426ce64fc35f62bb079758d316,sheet1:R14,,,
de6fc9399240569e-sheet1-R15,2026-03-11,gwangju-gwangsan,문화예술과,소촌옥,작은도서관 조성 사업 관련 간담회 개최,96000,de6fc9399240569e81a8df46f54e380d7cd17e426ce64fc35f62bb079758d316,sheet1:R15,,,
de6fc9399240569e-sheet1-R16,2026-03-16,gwangju-gwangsan,문화예술과,까망,학교 체육시설 개방관련 관계자 간담회 개최,162000,de6fc9399240569e81a8df46f54e380d7cd17e426ce64fc35f62bb079758d316,sheet1:R16,,,
de6fc9399240569e-sheet1-R17,2026-03-20,gwangju-gwangsan,문화예술과,송정골,광산뮤 N페스티벌 추진 관련 간담회 개최,54000,de6fc9399240569e81a8df46f54e380d7cd17e426ce64fc35f62bb079758d316,sheet1:R17,,,
de6fc9399240569e-sheet1-R18,2026-03-25,gwangju-gwangsan,문화예술과,유일장어,임시회 안건 관련 간담회 개최,60000,de6fc9399240569e81a8df46f54e380d7cd17e426ce64fc35f62bb079758d316,sheet1:R18,,,
de6fc9399240569e-sheet1-R19,2026-03-31,gwangju-gwangsan,문화예술과,라라브레드 송정점외 1,광산뮤 N페스티벌 추진 관련 간담회 개최,149200,de6fc9399240569e81a8df46f54e380d7cd17e426ce64fc35f62bb079758d316,sheet1:R19,,,
368acff451be5d76-sheet1-R4,2026-01-27,gwangju-gwangsan,보건행정과,또바기초밥(소촌동),2026년 신년 업무계획 공유 관련 직원 노고 격려 간담회 실시,66000,368acff451be5d7684bcd1ae3720aaf32f25d784e8a3b4bda28b5b1053fa9cc4,sheet1:R4,,,
368acff451be5d76-sheet1-R5,2026-02-06,gwangju-gwangsan,보건행정과,미딩샤브(선운지구),2026년 지역보건의료계획 관련 직원 노고 격려 간담회 실시,38000,368acff451be5d7684bcd1ae3720aaf32f25d784e8a3b4bda28b5b1053fa9cc4,sheet1:R5,,,
368acff451be5d76-sheet1-R6,2026-03-16,gwangju-gwangsan,보건행정과,송정골(송정동),보건소 현안업무 추진 관련 간담회 실시,50000,368acff451be5d7684bcd1ae3720aaf32f25d784e8a3b4bda28b5b1053fa9cc4,sheet1:R6,,,
368acff451be5d76-sheet1-R7,2026-03-23,gwangju-gwangsan,보건행정과,하늘잔치(하남동),보건소 현안업무 추진 관련 간담회 실시,75000,368acff451be5d7684bcd1ae3720aaf32f25d784e8a3b4bda28b5b1053fa9cc4,sheet1:R7,,,
368acff451be5d76-sheet1-R8,2026-03-24,gwangju-gwangsan,보건행정과,토담골(산정동),송정보건지소 운영 직원 노고 격려 간담회 실시,52000,368acff451be5d7684bcd1ae3720aaf32f25d784e8a3b4bda28b5b1053fa9cc4,sheet1:R8,,,
368acff451be5d76-sheet1-R9,2026-03-30,gwangju-gwangsan,보건행정과,등촌(흑석동),감염병관리 업무 추진 관련 간담회 실시,144000,368acff451be5d7684bcd1ae3720aaf32f25d784e8a3b4bda28b5b1053fa9cc4,sheet1:R9,,,
39a0eb6c5739f4a5-sheet1-R4,2026-02-24,gwangju-gwangsan,보건행정과,무등골한우(송정동),장기기증활성화 사업 추진 관련 간담회 실시,298000,39a0eb6c5739f4a56c38dfa3a8375527461713e4d56a4ce41aba8ae88e35881e,sheet1:R4,,,
39a0eb6c5739f4a5-sheet1-R5,2026-03-20,gwangju-gwangsan,보건행정과,황토길(흑석동),지역사회건강조사 관련 간담회 실시,294000,39a0eb6c5739f4a56c38dfa3a8375527461713e4d56a4ce41aba8ae88e35881e,sheet1:R5,,,
39a0eb6c5739f4a5-sheet1-R6,2026-03-24,gwangju-gwangsan,보건행정과,롯데프레시(하남동),지역의료기관 간호관리자 협의체 간담회 관련 간식 구입,126290,39a0eb6c5739f4a56c38dfa3a8375527461713e4d56a4ce41aba8ae88e35881e,sheet1:R6,,,
717ef539caf56673-sheet1-R5,2026-01-09,gwangju-gwangsan,임곡동,갈비당,신년맞이 기관 사회단체 간담회 추진,112000,717ef539caf56673fa590ca7975c2f7aff84142e9d5bc5cba8783864c109d56e,sheet1:R5,2ec9b468d6d0b6b98549d785b475a5ce1704c00922bb50f5a7e9a6f8e36b02e4:sheet1:R5,,
717ef539caf56673-sheet1-R6,2026-01-13,gwangju-gwangsan,임곡동,달빛,동 직원 노고 격려를 위한 다과비 지급,29800,717ef539caf56673fa590ca7975c2f7aff84142e9d5bc5cba8783864c109d56e,sheet1:R6,2ec9b468d6d0b6b98549d785b475a5ce1704c00922bb50f5a7e9a6f8e36b02e4:sheet1:R6,,
717ef539caf56673-sheet1-R7,2026-01-14,gwangju-gwangsan,임곡동,다복식당,주민자치회 활성화 논의를 위한 간담회 추진,24000,717ef539caf56673fa590ca7975c2f7aff84142e9d5bc5cba8783864c109d56e,sheet1:R7,2ec9b468d6d0b6b98549d785b475a5ce1704c00922bb50f5a7e9a6f8e36b02e4:sheet1:R7,,
717ef539caf56673-sheet1-R8,2026-01-15,gwangju-gwangsan,임곡동,바른곳간 솥밥이야기,동미래발전 사업 논의를 위한 간담회 추진,48700,717ef539caf56673fa590ca7975c2f7aff84142e9d5bc5cba8783864c109d56e,sheet1:R8,2ec9b468d6d0b6b98549d785b475a5ce1704c00922bb50f5a7e9a6f8e36b02e4:sheet1:R8,,
717ef539caf56673-sheet1-R9,2026-01-15,gwangju-gwangsan,임곡동,cafe마카리조,복지업무 추진 직원 노고 격려를 위한 간식 구입,24000,717ef539caf56673fa590ca7975c2f7aff84142e9d5bc5cba8783864c109d56e,sheet1:R9,2ec9b468d6d0b6b98549d785b475a5ce1704c00922bb50f5a7e9a6f8e36b02e4:sheet1:R9,,
717ef539caf56673-sheet1-R10,2026-01-16,gwangju-gwangsan,임곡동,낙원갈비집,원활한 동 업무 추진을 위한 유관기관 간담회 추진,103000,717ef539caf56673fa590ca7975c2f7aff84142e9d5bc5cba8783864c109d56e,sheet1:R10,2ec9b468d6d0b6b98549d785b475a5ce1704c00922bb50f5a7e9a6f8e36b02e4:sheet1:R10,,
717ef539caf56673-sheet1-R11,2026-01-19,gwangju-gwangsan,임곡동,메가엠지씨커피 광주진곡산단점,구정 참여 독려를 위한 사회단체 간담회 추진,36500,717ef539caf56673fa590ca7975c2f7aff84142e9d5bc5cba8783864c109d56e,sheet1:R11,2ec9b468d6d0b6b98549d785b475a5ce1704c00922bb50f5a7e9a6f8e36b02e4:sheet1:R11,,
717ef539caf56673-sheet1-R12,2026-01-23,gwangju-gwangsan,임곡동,(사) 실로암사람들(카페홀더광산구청점),행정통합 공청회 개최에 따른 참여주민 간식 비용 지급,35000,717ef539caf56673fa590ca7975c2f7aff84142e9d5bc5cba8783864c109d56e,sheet1:R12,2ec9b468d6d0b6b98549d785b475a5ce1704c00922bb50f5a7e9a6f8e36b02e4:sheet1:R12,,
717ef539caf56673-sheet1-R13,2026-02-02,gwangju-gwangsan,임곡동,까망,마을공동체 지원사업 논의를 위한 간담회 추진,50000,717ef539caf56673fa590ca7975c2f7aff84142e9d5bc5cba8783864c109d56e,sheet1:R13,2ec9b468d6d0b6b98549d785b475a5ce1704c00922bb50f5a7e9a6f8e36b02e4:sheet1:R13,,
717ef539caf56673-sheet1-R14,2026-02-05,gwangju-gwangsan,임곡동,소촌옥,신년맞이 주민과의 대화 논의를 위한 간담회 추진,144000,717ef539caf56673fa590ca7975c2f7aff84142e9d5bc5cba8783864c109d56e,sheet1:R14,2ec9b468d6d0b6b98549d785b475a5ce1704c00922bb50f5a7e9a6f8e36b02e4:sheet1:R14,,
717ef539caf56673-sheet1-R15,2026-02-06,gwangju-gwangsan,임곡동,송정금호외 1,원활한 동 업무 추진을 위한 유관기관 간담회 추진,113200,717ef539caf56673fa590ca7975c2f7aff84142e9d5bc5cba8783864c109d56e,sheet1:R15,2ec9b468d6d0b6b98549d785b475a5ce1704c00922bb50f5a7e9a6f8e36b02e4:sheet1:R15,,
717ef539caf56673-sheet1-R16,2026-02-09,gwangju-gwangsan,임곡동,사단법인 한마음노인복지센터 외 1,원활한 동정 운영을 위한 관내 사회단체장 간담회 추진,184000,717ef539caf56673fa590ca7975c2f7aff84142e9d5bc5cba8783864c109d56e,sheet1:R16,2ec9b468d6d0b6b98549d785b475a5ce1704c00922bb50f5a7e9a6f8e36b02e4:sheet1:R16,,
717ef539caf56673-sheet1-R17,2026-02-13,gwangju-gwangsan,임곡동,벌크커피임곡점,민원업무 추진 직원 노고 격려를 위한 간식 구매 비용 지급,35400,717ef539caf56673fa590ca7975c2f7aff84142e9d5bc5cba8783864c109d56e,sheet1:R17,2ec9b468d6d0b6b98549d785b475a5ce1704c00922bb50f5a7e9a6f8e36b02e4:sheet1:R17,,
717ef539caf56673-sheet1-R18,2026-02-13,gwangju-gwangsan,임곡동,㈜농협하나로유통광주농산물종합유통센터,직원 노고 격려를 위한 설명절 선물 구입,207200,717ef539caf56673fa590ca7975c2f7aff84142e9d5bc5cba8783864c109d56e,sheet1:R18,2ec9b468d6d0b6b98549d785b475a5ce1704c00922bb50f5a7e9a6f8e36b02e4:sheet1:R18,,
717ef539caf56673-sheet1-R19,2026-02-24,gwangju-gwangsan,임곡동,채선당 자연한가득 하남점,정월대보름 행사 추진 논의를 위한 간담회 추진,59600,717ef539caf56673fa590ca7975c2f7aff84142e9d5bc5cba8783864c109d56e,sheet1:R19,2ec9b468d6d0b6b98549d785b475a5ce1704c00922bb50f5a7e9a6f8e36b02e4:sheet1:R19,,
717ef539caf56673-sheet1-R20,2026-03-04,gwangju-gwangsan,임곡동,임곡애(愛)추어탕,안전한 관내 환경조성을 위한 임곡동 마을제설단 간담회 추진,133000,717ef539caf56673fa590ca7975c2f7aff84142e9d5bc5cba8783864c109d56e,sheet1:R20,2ec9b468d6d0b6b98549d785b475a5ce1704c00922bb50f5a7e9a6f8e36b02e4:sheet1:R20,,
717ef539caf56673-sheet1-R21,2026-03-05,gwangju-gwangsan,임곡동,유원옥 광주하남점 외 1,생활현장 민원파악 논의를 위한 간담회 비용 지급,109000,717ef539caf56673fa590ca7975c2f7aff84142e9d5bc5cba8783864c109d56e,sheet1:R21,2ec9b468d6d0b6b98549d785b475a5ce1704c00922bb50f5a7e9a6f8e36b02e4:sheet1:R21,,
717ef539caf56673-sheet1-R22,2026-03-05,gwangju-gwangsan,임곡동,푸른가든,통장봉사단 운영 논의를 위한 간담회 추진,75000,717ef539caf56673fa590ca7975c2f7aff84142e9d5bc5cba8783864c109d56e,sheet1:R22,2ec9b468d6d0b6b98549d785b475a5ce1704c00922bb50f5a7e9a6f8e36b02e4:sheet1:R22,,
717ef539caf56673-sheet1-R23,2026-03-06,gwangju-gwangsan,임곡동,메가엠지씨커피 광주진곡산단점,산불 비상근무 직원 노고 격려를 위한 간식 구매,30100,717ef539caf56673fa590ca7975c2f7aff84142e9d5bc5cba8783864c109d56e,sheet1:R23,2ec9b468d6d0b6b98549d785b475a5ce1704c00922bb50f5a7e9a6f8e36b02e4:sheet1:R23,,
717ef539caf56673-sheet1-R24,2026-03-16,gwangju-gwangsan,임곡동,송정금호,원활한 동 업무 추진을 위한 관내 사회단체장 간담회 추진,165000,717ef539caf56673fa590ca7975c2f7aff84142e9d5bc5cba8783864c109d56e,sheet1:R24,2ec9b468d6d0b6b98549d785b475a5ce1704c00922bb50f5a7e9a6f8e36b02e4:sheet1:R24,,
717ef539caf56673-sheet1-R25,2026-03-19,gwangju-gwangsan,임곡동,성원정닭한마리,안전한 영농환경 조성을 위한 통장단 간담회 추진,86000,717ef539caf56673fa590ca7975c2f7aff84142e9d5bc5cba8783864c109d56e,sheet1:R25,2ec9b468d6d0b6b98549d785b475a5ce1704c00922bb50f5a7e9a6f8e36b02e4:sheet1:R25,,
717ef539caf56673-sheet1-R26,2026-03-20,gwangju-gwangsan,임곡동,청양일초수완쭈꾸미,주민참여예산 사업 추진 논의를 위한 주민자치회 간담회 추진,83000,717ef539caf56673fa590ca7975c2f7aff84142e9d5bc5cba8783864c109d56e,sheet1:R26,2ec9b468d6d0b6b98549d785b475a5ce1704c00922bb50f5a7e9a6f8e36b02e4:sheet1:R26,,
717ef539caf56673-sheet2-R5,2026-03-10,gwangju-gwangsan,임곡동,임곡애(愛)추어탕,쾌적한 마을 조성을 위한 봄맞이 정화활동 추진,77000,717ef539caf56673fa590ca7975c2f7aff84142e9d5bc5cba8783864c109d56e,sheet2:R5,,,
f49be3264cdbb778-sheet1-R4,2026-02-11,gwangju-gwangsan,녹지산림과,황칠미가,2026년 봄철 산불방지 종합상황실 운영에 따른 간담회,80000,f49be3264cdbb778a3391bf3637b6ca89d5f8d16124ee376a614f861578fd2aa,sheet1:R4,,,
f49be3264cdbb778-sheet1-R5,2026-03-16,gwangju-gwangsan,녹지산림과,송극떡갈비,첨단 아미둘레길 환경정비사업에 따른 간담회,81000,f49be3264cdbb778a3391bf3637b6ca89d5f8d16124ee376a614f861578fd2aa,sheet1:R5,,,
ea2fbccaedda823b-sheet1-R3,2026-01-09,gwangju-gwangsan,송정1동,현대,송정1동 주민자치회 임원진 간담회 개최,80000,ea2fbccaedda823ba9e42cb32c25f3e7b22ee1f2d4128da426ac180a3ed80f03,sheet1:R3,,,
ea2fbccaedda823b-sheet1-R4,2026-01-12,gwangju-gwangsan,송정1동,가순이네집,송정1동 지역사회보장협의체 위원과의 간담회,72000,ea2fbccaedda823ba9e42cb32c25f3e7b22ee1f2d4128da426ac180a3ed80f03,sheet1:R4,,,
ea2fbccaedda823b-sheet1-R5,2026-01-14,gwangju-gwangsan,송정1동,시골집추어탕소촌점,고향사랑기부제 활성화를 위한 간담회,129000,ea2fbccaedda823ba9e42cb32c25f3e7b22ee1f2d4128da426ac180a3ed80f03,sheet1:R5,,,
ea2fbccaedda823b-sheet1-R6,2026-01-20,gwangju-gwangsan,송정1동,"황토집, 주식회사송정이네",관내 사회단체장과의 간담회,67200,ea2fbccaedda823ba9e42cb32c25f3e7b22ee1f2d4128da426ac180a3ed80f03,sheet1:R6,,,
ea2fbccaedda823b-sheet1-R7,2026-01-22,gwangju-gwangsan,송정1동,무등골염소탕,마을온 시민참여 이벤트 활성화를 위한 간담회,60000,ea2fbccaedda823ba9e42cb32c25f3e7b22ee1f2d4128da426ac180a3ed80f03,sheet1:R7,,,
ea2fbccaedda823b-sheet1-R8,2026-01-23,gwangju-gwangsan,송정1동,주식회사송정이네,관내 사회단체장과의 간담회,50000,ea2fbccaedda823ba9e42cb32c25f3e7b22ee1f2d4128da426ac180a3ed80f03,sheet1:R8,,,
ea2fbccaedda823b-sheet1-R9,2026-01-27,gwangju-gwangsan,송정1동,바오로일터,고향사랑기부제 업무 협약식 추진에 따른 기념품 구입,300000,ea2fbccaedda823ba9e42cb32c25f3e7b22ee1f2d4128da426ac180a3ed80f03,sheet1:R9,,,
ea2fbccaedda823b-sheet1-R10,2026-02-05,gwangju-gwangsan,송정1동,무등골한우명품관,송정다락 주민커뮤니티 공간 조성을 위한 관계자 간담회,36000,ea2fbccaedda823ba9e42cb32c25f3e7b22ee1f2d4128da426ac180a3ed80f03,sheet1:R10,,,
ea2fbccaedda823b-sheet1-R11,2026-02-11,gwangju-gwangsan,송정1동,"가순이네집, 청자다방(송정2호점)",송정1동 지역사회보장협의체 간담회,300000,ea2fbccaedda823ba9e42cb32c25f3e7b22ee1f2d4128da426ac180a3ed80f03,sheet1:R11,,,
ea2fbccaedda823b-sheet1-R12,2026-02-19,gwangju-gwangsan,송정1동,삼대족발과국밥,"관내 유관기관, 사회단체 간담회 식비 지출",146000,ea2fbccaedda823ba9e42cb32c25f3e7b22ee1f2d4128da426ac180a3ed80f03,sheet1:R12,,,
ea2fbccaedda823b-sheet1-R13,2026-02-23,gwangju-gwangsan,송정1동,"코다리조림찜, 주식회사송정이네",송정1동 기관사회단체장 협의회 간담회,169200,ea2fbccaedda823ba9e42cb32c25f3e7b22ee1f2d4128da426ac180a3ed80f03,sheet1:R13,,,
ea2fbccaedda823b-sheet1-R14,2026-02-26,gwangju-gwangsan,송정1동,송정리,송정1동 경로당협의회 간담회 개최,42600,ea2fbccaedda823ba9e42cb32c25f3e7b22ee1f2d4128da426ac180a3ed80f03,sheet1:R14,,,
ea2fbccaedda823b-sheet1-R15,2026-03-03,gwangju-gwangsan,송정1동,주식회사송정이네,송정1동 주민자치회 임원진 간담회 개최,50000,ea2fbccaedda823ba9e42cb32c25f3e7b22ee1f2d4128da426ac180a3ed80f03,sheet1:R15,,,
ea2fbccaedda823b-sheet1-R16,2026-03-04,gwangju-gwangsan,송정1동,코다리조림찜,관내 사회단체장과의 간담회,140000,ea2fbccaedda823ba9e42cb32c25f3e7b22ee1f2d4128da426ac180a3ed80f03,sheet1:R16,,,
ea2fbccaedda823b-sheet1-R17,2026-03-05,gwangju-gwangsan,송정1동,송극,송정1동 지역사회보장협의체 위원과의 간담회,96000,ea2fbccaedda823ba9e42cb32c25f3e7b22ee1f2d4128da426ac180a3ed80f03,sheet1:R17,,,
ea2fbccaedda823b-sheet1-R18,2026-03-13,gwangju-gwangsan,송정1동,"구수한식당, 좋은날.여기",관내 유관기관 간담회 식비 지출,78500,ea2fbccaedda823ba9e42cb32c25f3e7b22ee1f2d4128da426ac180a3ed80f03,sheet1:R18,,,
ea2fbccaedda823b-sheet1-R19,2026-03-19,gwangju-gwangsan,송정1동,"은수초밥, 이디야광주송정DI점",송정1동 통장단 임원진 간담회 개최,86000,ea2fbccaedda823ba9e42cb32c25f3e7b22ee1f2d4128da426ac180a3ed80f03,sheet1:R19,,,
ea2fbccaedda823b-sheet1-R20,2026-03-25,gwangju-gwangsan,송정1동,코다리조림찜,송정1동 주민자치회 임원진 간담회 개최,42000,ea2fbccaedda823ba9e42cb32c25f3e7b22ee1f2d4128da426ac180a3ed80f03,sheet1:R20,,,
ea2fbccaedda823b-sheet1-R21,2026-03-31,gwangju-gwangsan,송정1동,"코다리조림찜, 청자다방(송정2호점)",자율방재단 활성화를 위한 간담회 개최,134000,ea2fbccaedda823ba9e42cb32c25f3e7b22ee1f2d4128da426ac180a3ed80f03,sheet1:R21,,,
6d97ac6e95edd14a-sheet1-R5,2026-01-09,gwangju-gwangsan,일자리정책과,오리한국별관수완점,청년도전지원사업 수행을 위한 위탁기관 관계자 간담회,127000,6d97ac6e95edd14a6733a7f2654b4709fd3ac5e941acf38a466dda938055a6e0,sheet1:R5,,,
6d97ac6e95edd14a-sheet1-R6,2026-01-14,gwangju-gwangsan,일자리정책과,하지메,여성경제인협의회 정기총회 관련 업무 지원을 위한 간담회,233000,6d97ac6e95edd14a6733a7f2654b4709fd3ac5e941acf38a466dda938055a6e0,sheet1:R6,,,
6d97ac6e95edd14a-sheet1-R7,2026-01-16,gwangju-gwangsan,일자리정책과,광산나주곰탕,광산시민수당회 정기회의 관련 업무 지원을 위한 간담회,57000,6d97ac6e95edd14a6733a7f2654b4709fd3ac5e941acf38a466dda938055a6e0,sheet1:R7,,,
6d97ac6e95edd14a-sheet1-R8,2026-02-03,gwangju-gwangsan,일자리정책과,종가집떡갈비,고용위기 선제대응지역 지정 연장 건의를 위한 간담회,280000,6d97ac6e95edd14a6733a7f2654b4709fd3ac5e941acf38a466dda938055a6e0,sheet1:R8,,,
6d97ac6e95edd14a-sheet1-R9,2026-03-19,gwangju-gwangsan,일자리정책과,앙비떼,기업지원 사업 공유회 업무 추진을 위한 간담회,250000,6d97ac6e95edd14a6733a7f2654b4709fd3ac5e941acf38a466dda938055a6e0,sheet1:R9,,,
6d97ac6e95edd14a-sheet1-R10,2026-03-20,gwangju-gwangsan,일자리정책과,송정골,신중년 일자리 지원사업 안전 교육 업무 추진을 위한 간담회,72000,6d97ac6e95edd14a6733a7f2654b4709fd3ac5e941acf38a466dda938055a6e0,sheet1:R10,,,
6d97ac6e95edd14a-sheet1-R11,2026-03-24,gwangju-gwangsan,일자리정책과,오늘은 짬뽕,평동산단 간편한 아침 한끼 개소식 관련 업무 추진을 위한 간담회,137000,6d97ac6e95edd14a6733a7f2654b4709fd3ac5e941acf38a466dda938055a6e0,sheet1:R11,,,
c4e6937060a1cb63-sheet1-R5,2026-01-15,gwangju-gwangsan,일자리정책과,임가네일반음식점외 1,송정역세권 상권활성화 의견 청취를 위한 관계자 간담회,285500,c4e6937060a1cb63482be6893b79baeb988f5ba799ab84b57ab2038ffe91600e,sheet1:R5,,,
c4e6937060a1cb63-sheet1-R6,2026-01-22,gwangju-gwangsan,일자리정책과,주식회사 월출(매력한우명품관 아울렛점),광산사랑상품권 가맹점 모집관련 의견 청취를 위한 관계자 간담회,75000,c4e6937060a1cb63482be6893b79baeb988f5ba799ab84b57ab2038ffe91600e,sheet1:R6,,,
c4e6937060a1cb63-sheet1-R7,2026-02-02,gwangju-gwangsan,일자리정책과,청솥가마솥,청년정책조정위원회 상반기 정기회의를 위한 관계자 간담회,40000,c4e6937060a1cb63482be6893b79baeb988f5ba799ab84b57ab2038ffe91600e,sheet1:R7,,,
c4e6937060a1cb63-sheet1-R8,2026-02-05,gwangju-gwangsan,일자리정책과,낙원정,광산구 기업·청년 지원기관 업무공유회를 위한 관계자 간담회,69000,c4e6937060a1cb63482be6893b79baeb988f5ba799ab84b57ab2038ffe91600e,sheet1:R8,,,
c4e6937060a1cb63-sheet1-R9,2026-02-13,gwangju-gwangsan,일자리정책과,어부네회수산,설맞이 장보기 행사 참여 독려를 위한 간담회,90000,c4e6937060a1cb63482be6893b79baeb988f5ba799ab84b57ab2038ffe91600e,sheet1:R9,,,
c4e6937060a1cb63-sheet1-R10,2026-02-24,gwangju-gwangsan,일자리정책과,새송정,청년온가 민간위탁 심의를 위한 관계자 간담회,86000,c4e6937060a1cb63482be6893b79baeb988f5ba799ab84b57ab2038ffe91600e,sheet1:R10,,,
c4e6937060a1cb63-sheet1-R11,2026-02-26,gwangju-gwangsan,일자리정책과,모노페이블외 1,우리밀 소비촉진 지원사업 공모를 위한 관계자 간담회,83500,c4e6937060a1cb63482be6893b79baeb988f5ba799ab84b57ab2038ffe91600e,sheet1:R11,,,
c4e6937060a1cb63-sheet1-R12,2026-03-06,gwangju-gwangsan,일자리정책과,청솥가마솥,청년자율활동공간 운영 지원사업 업무 추진을 위한 간담회,40000,c4e6937060a1cb63482be6893b79baeb988f5ba799ab84b57ab2038ffe91600e,sheet1:R12,,,
c4e6937060a1cb63-sheet1-R13,2026-03-10,gwangju-gwangsan,일자리정책과,장보고 해물찜,임차 소상공인 카드 수수료 지원사업 관계자 간담회,250000,c4e6937060a1cb63482be6893b79baeb988f5ba799ab84b57ab2038ffe91600e,sheet1:R13,,,
c4e6937060a1cb63-sheet1-R14,2026-03-17,gwangju-gwangsan,일자리정책과,고기천국,여성농업인 특수건강 지원사업 추진을 위한 관계자 간담회,172000,c4e6937060a1cb63482be6893b79baeb988f5ba799ab84b57ab2038ffe91600e,sheet1:R14,,,
c4e6937060a1cb63-sheet1-R15,2026-03-26,gwangju-gwangsan,일자리정책과,광산나주곰탕,자원 안보위기 단계 경보 발령에 따른 공공기관 승용차 5부제 관련 관계자 간담회,36000,c4e6937060a1cb63482be6893b79baeb988f5ba799ab84b57ab2038ffe91600e,sheet1:R15,,,
c4e6937060a1cb63-sheet1-R16,2026-03-27,gwangju-gwangsan,일자리정책과,시골밥집,광산사랑상품권 광주은행 업무협약 추진계획에 따른 관계자 간담회,195000,c4e6937060a1cb63482be6893b79baeb988f5ba799ab84b57ab2038ffe91600e,sheet1:R16,,,
a24e28c24d5325f3-sheet1-R3,2026-01-05,gwangju-gwangsan,어룡동,엄남포식당,주요 동정 공유 및 협조를 위한 주민자치회 간담회 비용 집행,60000,a24e28c24d5325f3f627669c30c02d1db58f0724afd3a178868b00b3d121b68b,sheet1:R3,,,
a24e28c24d5325f3-sheet1-R4,2026-01-08,gwangju-gwangsan,어룡동,송정금호,2026년 주민자치회 운영방향 논의를 위한 간담회 비용 집행,24000,a24e28c24d5325f3f627669c30c02d1db58f0724afd3a178868b00b3d121b68b,sheet1:R4,,,
a24e28c24d5325f3-sheet1-R5,2026-01-09,gwangju-gwangsan,어룡동,"황토집, 카페버킷",제주시 연동 발전협의회＆ 어룡동 기관사회단체장협의회 간담회 비용 집행,168500,a24e28c24d5325f3f627669c30c02d1db58f0724afd3a178868b00b3d121b68b,sheet1:R5,,,
a24e28c24d5325f3-sheet1-R6,2026-01-12,gwangju-gwangsan,어룡동,엄남포식당,통장단과의 간담회 비용 집행,80000,a24e28c24d5325f3f627669c30c02d1db58f0724afd3a178868b00b3d121b68b,sheet1:R6,,,
a24e28c24d5325f3-sheet1-R7,2026-01-14,gwangju-gwangsan,어룡동,송정금호,주요 동정 공유 및 협조를 위한 기관사회단체장협의회 간담회 비용 집행,135000,a24e28c24d5325f3f627669c30c02d1db58f0724afd3a178868b00b3d121b68b,sheet1:R7,,,
a24e28c24d5325f3-sheet1-R8,2026-01-16,gwangju-gwangsan,어룡동,"아다미, 읍천리",2026년 통장단 운영방향 논의를 위한 간담회 비용 집행,93400,a24e28c24d5325f3f627669c30c02d1db58f0724afd3a178868b00b3d121b68b,sheet1:R8,,,
a24e28c24d5325f3-sheet1-R9,2026-01-19,gwangju-gwangsan,어룡동,세림기러기농원,동주민과의 대화 논의를 위한 간담회 식비 지급,132000,a24e28c24d5325f3f627669c30c02d1db58f0724afd3a178868b00b3d121b68b,sheet1:R9,,,
a24e28c24d5325f3-sheet1-R10,2026-01-21,gwangju-gwangsan,어룡동,수일생오리,2026년 어룡동 지역사회보장협의체 운영방향 논의를 위한 간담회 비용 집행,75000,a24e28c24d5325f3f627669c30c02d1db58f0724afd3a178868b00b3d121b68b,sheet1:R10,,,
a24e28c24d5325f3-sheet1-R11,2026-01-28,gwangju-gwangsan,어룡동,"아다미, 도리스커피",광주·전남 행정통합 관련내용 공유 및 홍보 협조를 위한 간담회 추진,112300,a24e28c24d5325f3f627669c30c02d1db58f0724afd3a178868b00b3d121b68b,sheet1:R11,,,
a24e28c24d5325f3-sheet1-R12,2026-01-29,gwangju-gwangsan,어룡동,추어가 남원추어탕,지역사회보장협의체 운영방향 논의를 위한 간담회 비용 집행,123000,a24e28c24d5325f3f627669c30c02d1db58f0724afd3a178868b00b3d121b68b,sheet1:R12,,,
a24e28c24d5325f3-sheet1-R13,2026-02-04,gwangju-gwangsan,어룡동,커피다크빈스,찾아가는 민원천사 활동 후 간담회 비용 집행,37300,a24e28c24d5325f3f627669c30c02d1db58f0724afd3a178868b00b3d121b68b,sheet1:R13,,,
a24e28c24d5325f3-sheet1-R14,2026-02-05,gwangju-gwangsan,어룡동,수일생오리,주민자치회 정기회의 후 간담회 비용 집행,27000,a24e28c24d5325f3f627669c30c02d1db58f0724afd3a178868b00b3d121b68b,sheet1:R14,,,
a24e28c24d5325f3-sheet1-R15,2026-02-08,gwangju-gwangsan,어룡동,전주24시참편한39콩나물국밥,마을제설단과의 간담회 비용 집행,104000,a24e28c24d5325f3f627669c30c02d1db58f0724afd3a178868b00b3d121b68b,sheet1:R15,,,
a24e28c24d5325f3-sheet1-R16,2026-02-09,gwangju-gwangsan,어룡동,송정금호,설맞이 일제대청소를 위한 간담회 비용 집행,104000,a24e28c24d5325f3f627669c30c02d1db58f0724afd3a178868b00b3d121b68b,sheet1:R16,,,
a24e28c24d5325f3-sheet1-R17,2026-02-12,gwangju-gwangsan,어룡동,"황토집, 사랑과사랑 협동조합",설맞이 이웃지기 살핌활동을 위한 간담회 비용 집행,164300,a24e28c24d5325f3f627669c30c02d1db58f0724afd3a178868b00b3d121b68b,sheet1:R17,,,
a24e28c24d5325f3-sheet1-R18,2026-02-24,gwangju-gwangsan,어룡동,마녀의닭갈비 선운점 부대찌개,관내 환경정비 추진 논의를 위한 간담회 추진,105000,a24e28c24d5325f3f627669c30c02d1db58f0724afd3a178868b00b3d121b68b,sheet1:R18,,,
a24e28c24d5325f3-sheet1-R19,2026-03-05,gwangju-gwangsan,어룡동,선운식당,주민자치회 정기회의 후 간담회 비용 집행,20000,a24e28c24d5325f3f627669c30c02d1db58f0724afd3a178868b00b3d121b68b,sheet1:R19,,,
a24e28c24d5325f3-sheet1-R20,2026-03-10,gwangju-gwangsan,어룡동,일품양평해장국 호남대점,주요 동정 공유 및 협조를 위한 간담회 비용 집행,59000,a24e28c24d5325f3f627669c30c02d1db58f0724afd3a178868b00b3d121b68b,sheet1:R20,,,
a24e28c24d5325f3-sheet1-R21,2026-03-11,gwangju-gwangsan,어룡동,사랑과사랑 협동조합,주요 동정 공유 및 협조를 위한 간담회 비용 집행,23700,a24e28c24d5325f3f627669c30c02d1db58f0724afd3a178868b00b3d121b68b,sheet1:R21,,,
a24e28c24d5325f3-sheet1-R22,2026-03-16,gwangju-gwangsan,어룡동,사랑과사랑 협동조합,한림읍 주민자치회 방문관련 논의를 위한 간담회 추진,50000,a24e28c24d5325f3f627669c30c02d1db58f0724afd3a178868b00b3d121b68b,sheet1:R22,,,
a24e28c24d5325f3-sheet1-R23,2026-03-18,gwangju-gwangsan,어룡동,스타벅스 코리아,호남대 학군단 주거 및 가로환경 개선사업 추진을 위한 간담회 개최,44600,a24e28c24d5325f3f627669c30c02d1db58f0724afd3a178868b00b3d121b68b,sheet1:R23,,,
a24e28c24d5325f3-sheet1-R24,2026-03-19,gwangju-gwangsan,어룡동,엄남포식당,2026 경로당협의회 운영방향 논의 간담회 개최,128000,a24e28c24d5325f3f627669c30c02d1db58f0724afd3a178868b00b3d121b68b,sheet1:R24,,,
a24e28c24d5325f3-sheet1-R25,2026-03-20,gwangju-gwangsan,어룡동,어룡골칡냉면,세계물의날 기념 장록습지 정화활동 추진을 위한 간담회 개최,45000,a24e28c24d5325f3f627669c30c02d1db58f0724afd3a178868b00b3d121b68b,sheet1:R25,,,
a24e28c24d5325f3-sheet1-R26,2026-03-26,gwangju-gwangsan,어룡동,아다미,청사관리추진위원단 구성을 위한 간담회 비용 집행,75000,a24e28c24d5325f3f627669c30c02d1db58f0724afd3a178868b00b3d121b68b,sheet1:R26,,,
a24e28c24d5325f3-sheet1-R27,2026-03-27,gwangju-gwangsan,어룡동,달 잔기지떡,제주시 한림읍 & 광산구 어룡동 간담회를 위한 간식비 집행,45000,a24e28c24d5325f3f627669c30c02d1db58f0724afd3a178868b00b3d121b68b,sheet1:R27,,,
a24e28c24d5325f3-sheet1-R28,2026-03-30,gwangju-gwangsan,어룡동,송정금호,어룡동 신청사 건립 추진 위원단 운영방향 논의를 위한 간담회 비용 집행,128000,a24e28c24d5325f3f627669c30c02d1db58f0724afd3a178868b00b3d121b68b,sheet1:R28,,,
a24e28c24d5325f3-sheet1-R29,2026-03-31,gwangju-gwangsan,어룡동,황칠미가,관내 현장민원 공유 및 협조 논의를 위한 간담회 추진,55500,a24e28c24d5325f3f627669c30c02d1db58f0724afd3a178868b00b3d121b68b,sheet1:R29,,,
5d2c297693d41b43-sheet1-R5,2026-02-05,gwangju-gwangsan,세무1과,쉥카이 중식당,2026년 건축물 시가표준액 추진 방안 논의 간담회,192500,5d2c297693d41b430aac4deb5aeb0a4a16946407d1cf72e5cec7b231c0cd59f3,sheet1:R5,,,
43b6a907ffbb4f90-sheet1-R5,2026-01-12,gwangju-gwangsan,,카페 드나들다,시민안전과 직원 노고 격려 간담회 추진,20500,43b6a907ffbb4f90a258331b705e6303fd14f31e585b57ffa3468ad1de184b3b,sheet1:R5,,,
43b6a907ffbb4f90-sheet1-R6,2026-01-13,gwangju-gwangsan,,송학,치수방재과 직원 노고 격려 간담회 추진,88000,43b6a907ffbb4f90a258331b705e6303fd14f31e585b57ffa3468ad1de184b3b,sheet1:R6,,,
43b6a907ffbb4f90-sheet1-R7,2026-01-14,gwangju-gwangsan,,광산나주곰탕,건설과 직원 노고 격려 간담회 추진,48000,43b6a907ffbb4f90a258331b705e6303fd14f31e585b57ffa3468ad1de184b3b,sheet1:R7,,,
43b6a907ffbb4f90-sheet1-R8,2026-01-15,gwangju-gwangsan,,송정설렁탕,교통행정과 직원 노고 격려 간담회 추진,54000,43b6a907ffbb4f90a258331b705e6303fd14f31e585b57ffa3468ad1de184b3b,sheet1:R8,,,
43b6a907ffbb4f90-sheet1-R9,2026-01-16,gwangju-gwangsan,,닭장금,교통지도과 직원 노고 격려 간담회 추진,100000,43b6a907ffbb4f90a258331b705e6303fd14f31e585b57ffa3468ad1de184b3b,sheet1:R9,,,
43b6a907ffbb4f90-sheet1-R10,2026-01-23,gwangju-gwangsan,,모먼트(moment)외 1,시민안전과 직원 노고 격려,58280,43b6a907ffbb4f90a258331b705e6303fd14f31e585b57ffa3468ad1de184b3b,sheet1:R10,,,
43b6a907ffbb4f90-sheet1-R11,2026-01-27,gwangju-gwangsan,,광산나주곰탕,설 명절대비 안전점검 추진 간담회,63000,43b6a907ffbb4f90a258331b705e6303fd14f31e585b57ffa3468ad1de184b3b,sheet1:R11,,,
43b6a907ffbb4f90-sheet1-R12,2026-02-03,gwangju-gwangsan,,김해참숯뒷고기,치수방재과 직원 노고 격려,132000,43b6a907ffbb4f90a258331b705e6303fd14f31e585b57ffa3468ad1de184b3b,sheet1:R12,,,
43b6a907ffbb4f90-sheet1-R13,2026-02-03,gwangju-gwangsan,,투썸플레이스(광산구청점)외 2,2026년 풍수해보험 홍보 방안 논의를 위한 간담회 추진,83900,43b6a907ffbb4f90a258331b705e6303fd14f31e585b57ffa3468ad1de184b3b,sheet1:R13,,,
43b6a907ffbb4f90-sheet1-R14,2026-02-04,gwangju-gwangsan,,송학,자율방재단 캠페인 추진을 위한 간담회,101000,43b6a907ffbb4f90a258331b705e6303fd14f31e585b57ffa3468ad1de184b3b,sheet1:R14,,,
43b6a907ffbb4f90-sheet1-R15,2026-02-05,gwangju-gwangsan,,자연수산,교통행정과 직원 노고 격려,95000,43b6a907ffbb4f90a258331b705e6303fd14f31e585b57ffa3468ad1de184b3b,sheet1:R15,,,
43b6a907ffbb4f90-sheet1-R16,2026-02-05,gwangju-gwangsan,,비아 카페 with 비아당 (VIA COFFEE with 비아당)외 1,2026년 안전보안관 운영계획 수립을 위한 간담회,27300,43b6a907ffbb4f90a258331b705e6303fd14f31e585b57ffa3468ad1de184b3b,sheet1:R16,,,
43b6a907ffbb4f90-sheet1-R17,2026-02-06,gwangju-gwangsan,,꾸석지 진짜한돈(쌍촌점),건설과 직원 노고 격려,163700,43b6a907ffbb4f90a258331b705e6303fd14f31e585b57ffa3468ad1de184b3b,sheet1:R17,,,
43b6a907ffbb4f90-sheet1-R18,2026-02-10,gwangju-gwangsan,,청자다방,솔머리 안전개선 업무협약 추진 간담회,19500,43b6a907ffbb4f90a258331b705e6303fd14f31e585b57ffa3468ad1de184b3b,sheet1:R18,,,
43b6a907ffbb4f90-sheet1-R19,2026-02-11,gwangju-gwangsan,,광산나주곰탕,교통지도과 직원 노고 격려,48000,43b6a907ffbb4f90a258331b705e6303fd14f31e585b57ffa3468ad1de184b3b,sheet1:R19,,,
43b6a907ffbb4f90-sheet1-R20,2026-02-20,gwangju-gwangsan,,어부네회수산,해빙기 안전사고 예방을 위한 안전점검 추진 간담회,215000,43b6a907ffbb4f90a258331b705e6303fd14f31e585b57ffa3468ad1de184b3b,sheet1:R20,,,
43b6a907ffbb4f90-sheet1-R21,2026-02-25,gwangju-gwangsan,,금탑소머리국밥 송정점외 1,2026년 제1회 광산구 안전관리위원회 심의 추진을 위한 비용 집행,106000,43b6a907ffbb4f90a258331b705e6303fd14f31e585b57ffa3468ad1de184b3b,sheet1:R21,,,
43b6a907ffbb4f90-sheet1-R22,2026-02-26,gwangju-gwangsan,,어등회관,불법주청자 단속 직원 노고 격려 간담회,299000,43b6a907ffbb4f90a258331b705e6303fd14f31e585b57ffa3468ad1de184b3b,sheet1:R22,,,
43b6a907ffbb4f90-sheet1-R23,2026-03-05,gwangju-gwangsan,,광산나주곰탕,해빙기 대비 재해복구사업 추진점검 간담회,72000,43b6a907ffbb4f90a258331b705e6303fd14f31e585b57ffa3468ad1de184b3b,sheet1:R23,,,
43b6a907ffbb4f90-sheet1-R24,2026-03-06,gwangju-gwangsan,,지리산흑돼지,안전모니터봉사단 격려 및 활동계획 논의 간담회,241000,43b6a907ffbb4f90a258331b705e6303fd14f31e585b57ffa3468ad1de184b3b,sheet1:R24,,,
43b6a907ffbb4f90-sheet1-R25,2026-03-06,gwangju-gwangsan,,텐퍼센트(광산구청점),지역축제 안전관리 지도점검 노고 격려,24600,43b6a907ffbb4f90a258331b705e6303fd14f31e585b57ffa3468ad1de184b3b,sheet1:R25,,,
43b6a907ffbb4f90-sheet1-R26,2026-03-12,gwangju-gwangsan,,한솔정,건설과 직원 노고 격려,120000,43b6a907ffbb4f90a258331b705e6303fd14f31e585b57ffa3468ad1de184b3b,sheet1:R26,,,
43b6a907ffbb4f90-sheet1-R27,2026-03-16,gwangju-gwangsan,,시골밥집,치수방재과 직원 노고 격려,60000,43b6a907ffbb4f90a258331b705e6303fd14f31e585b57ffa3468ad1de184b3b,sheet1:R27,,,
43b6a907ffbb4f90-sheet1-R28,2026-03-18,gwangju-gwangsan,,송정칼국수,교통지도과 직원 노고 격려,60000,43b6a907ffbb4f90a258331b705e6303fd14f31e585b57ffa3468ad1de184b3b,sheet1:R28,,,
43b6a907ffbb4f90-sheet1-R29,2026-03-19,gwangju-gwangsan,,이태백,교통행정과 노고 격려,88000,43b6a907ffbb4f90a258331b705e6303fd14f31e585b57ffa3468ad1de184b3b,sheet1:R29,,,
43b6a907ffbb4f90-sheet1-R30,2026-03-20,gwangju-gwangsan,,모어레스광산점외 1,자율방범대 범죄예방 결의대회 추진 논의 간담회,168800,43b6a907ffbb4f90a258331b705e6303fd14f31e585b57ffa3468ad1de184b3b,sheet1:R30,,,
43b6a907ffbb4f90-sheet1-R31,2026-03-23,gwangju-gwangsan,,텐퍼센트(광산구청점),시민안전과 직원 노고 격려,23200,43b6a907ffbb4f90a258331b705e6303fd14f31e585b57ffa3468ad1de184b3b,sheet1:R31,,,
43b6a907ffbb4f90-sheet1-R32,2026-03-30,gwangju-gwangsan,,광산나주곰탕,재해취약지역 복구 등 안전교통국 직원 노고 격려,48000,43b6a907ffbb4f90a258331b705e6303fd14f31e585b57ffa3468ad1de184b3b,sheet1:R32,,,
e612e7e7102777a8-sheet1-R5,2026-01-08,gwangju-gwangsan,시민경제과,화천추어탕,광주송정역세권 상권르네상스사업의 원활한 추진을 위한 간담회 식비 지출,108000,e612e7e7102777a89dd3c8f4408fd59b15a5105bbbd81177231207f92bb3c122,sheet1:R5,,,
e612e7e7102777a8-sheet1-R6,2026-02-02,gwangju-gwangsan,시민경제과,(사)실로암사람들,광산구 골목형상점가 상인연합회 차담회 비용 지출,45000,e612e7e7102777a89dd3c8f4408fd59b15a5105bbbd81177231207f92bb3c122,sheet1:R6,,,
e612e7e7102777a8-sheet1-R7,2026-02-06,gwangju-gwangsan,시민경제과,광주도깨비무한리필우산점,골목형상점가 활성화를 위한 간담회 식비 지출,236600,e612e7e7102777a89dd3c8f4408fd59b15a5105bbbd81177231207f92bb3c122,sheet1:R7,,,
e612e7e7102777a8-sheet1-R8,2026-02-13,gwangju-gwangsan,시민경제과,"해물촌, 스타벅스",골목형상점가 활성화를 위한 간담회 식비 지출,88500,e612e7e7102777a89dd3c8f4408fd59b15a5105bbbd81177231207f92bb3c122,sheet1:R8,,,
e612e7e7102777a8-sheet1-R9,2026-02-24,gwangju-gwangsan,시민경제과,카페 가인,애로사항 청취를 위한 상인연합회 간담회 간식비 지출,22000,e612e7e7102777a89dd3c8f4408fd59b15a5105bbbd81177231207f92bb3c122,sheet1:R9,,,
e612e7e7102777a8-sheet1-R10,2026-03-04,gwangju-gwangsan,시민경제과,달봉이,골목형상점가 활성화를 위한 간담회 식비 지출,298000,e612e7e7102777a89dd3c8f4408fd59b15a5105bbbd81177231207f92bb3c122,sheet1:R10,,,
e612e7e7102777a8-sheet1-R11,2026-03-06,gwangju-gwangsan,시민경제과,방씨부엌,소상공인 지원 정책 논의를 위한 간담회 식비 지출,254000,e612e7e7102777a89dd3c8f4408fd59b15a5105bbbd81177231207f92bb3c122,sheet1:R11,,,
e612e7e7102777a8-sheet1-R12,2026-03-09,gwangju-gwangsan,시민경제과,(사)실로암사람들,하남동 상인회 상권활성화 간담회 간식비 지출,17500,e612e7e7102777a89dd3c8f4408fd59b15a5105bbbd81177231207f92bb3c122,sheet1:R12,,,
e612e7e7102777a8-sheet1-R13,2026-03-12,gwangju-gwangsan,시민경제과,"(사)실로암사람들, 이조떡갈비",소상공인 지원사업 논의를 위한 간담회 식비 지출,200500,e612e7e7102777a89dd3c8f4408fd59b15a5105bbbd81177231207f92bb3c122,sheet1:R13,,,
e612e7e7102777a8-sheet1-R14,2026-03-19,gwangju-gwangsan,시민경제과,"청솥가마솥, 스타벅스",소상공인 지원 정책 논의를 위한 간담회 식비 지출,64800,e612e7e7102777a89dd3c8f4408fd59b15a5105bbbd81177231207f92bb3c122,sheet1:R14,,,
e69757cc56ccd028-sheet1-R5,2026-01-16,gwangju-gwangsan,시설지원과,송정칼국수,열린청사 조성 TF팀 회의를 위한 사전간담회 추진,40000,e69757cc56ccd02861683838a33d3f2614adffa00355e0d78d437d55d0fdbc60,sheet1:R5,,,
e69757cc56ccd028-sheet1-R6,2026-03-05,gwangju-gwangsan,시설지원과,마선생마약국밥 광주광산점,구의회 청사 자가용전기설비 정기검사 관련 간담회 추진,78500,e69757cc56ccd02861683838a33d3f2614adffa00355e0d78d437d55d0fdbc60,sheet1:R6,,,
e69757cc56ccd028-sheet1-R7,2026-03-10,gwangju-gwangsan,시설지원과,순창민물매운탕 외 1,2026년 동 청사 시설보수 논의를 위한 간담회 추진,156000,e69757cc56ccd02861683838a33d3f2614adffa00355e0d78d437d55d0fdbc60,sheet1:R7,,,
e69757cc56ccd028-sheet1-R8,2026-03-27,gwangju-gwangsan,시설지원과,연타발 상무점,어룡동 주차복합청사 건립 건축기획 용역 착수보고회 논의를 위한 간담회 추진,195000,e69757cc56ccd02861683838a33d3f2614adffa00355e0d78d437d55d0fdbc60,sheet1:R8,,,
19bd4fdb6cc5f8e5-sheet1-R5,2026-01-07,gwangju-gwangsan,감사관,땡기요,악성민원 대응방안 논의를 위한 간담회 개최,51000,19bd4fdb6cc5f8e525197672db36c60bf95745eaf0d818bcf65423bd150964b2,sheet1:R5,,,
19bd4fdb6cc5f8e5-sheet1-R6,2026-01-08,gwangju-gwangsan,감사관,만복이쭈꾸미,지역주민 민원의견수렴 간담회 추진,54000,19bd4fdb6cc5f8e525197672db36c60bf95745eaf0d818bcf65423bd150964b2,sheet1:R6,,,
19bd4fdb6cc5f8e5-sheet1-R7,2026-01-23,gwangju-gwangsan,감사관,송학한정식,청렴업무 추진을 위한 청렴TF구성 간담회 추진,148000,19bd4fdb6cc5f8e525197672db36c60bf95745eaf0d818bcf65423bd150964b2,sheet1:R7,,,
19bd4fdb6cc5f8e5-sheet1-R8,2026-01-27,gwangju-gwangsan,감사관,영명국밥외1,지역주민 민원의견수렴 간담회 추진,54000,19bd4fdb6cc5f8e525197672db36c60bf95745eaf0d818bcf65423bd150964b2,sheet1:R8,,,
19bd4fdb6cc5f8e5-sheet1-R9,2026-01-28,gwangju-gwangsan,감사관,송학,주민불편 민원 관련 간담회 추진,63000,19bd4fdb6cc5f8e525197672db36c60bf95745eaf0d818bcf65423bd150964b2,sheet1:R9,,,
19bd4fdb6cc5f8e5-sheet1-R10,2026-02-04,gwangju-gwangsan,감사관,(사)실로암사람들(카페홀더),구민감사관 간담회 추진,88500,19bd4fdb6cc5f8e525197672db36c60bf95745eaf0d818bcf65423bd150964b2,sheet1:R10,,,
19bd4fdb6cc5f8e5-sheet1-R11,2026-03-13,gwangju-gwangsan,감사관,닭장금,주민불편 민원 관련 간담회 추진,80000,19bd4fdb6cc5f8e525197672db36c60bf95745eaf0d818bcf65423bd150964b2,sheet1:R11,,,
19bd4fdb6cc5f8e5-sheet1-R12,2026-03-18,gwangju-gwangsan,감사관,앙비떼,광산구 마을행정사 운영 관련 간담회 추진,26500,19bd4fdb6cc5f8e525197672db36c60bf95745eaf0d818bcf65423bd150964b2,sheet1:R12,,,
19bd4fdb6cc5f8e5-sheet1-R13,2026-03-23,gwangju-gwangsan,감사관,은행나무갈매기,반부패 청렴정책추진단 구성 관련 간담회 추진,119000,19bd4fdb6cc5f8e525197672db36c60bf95745eaf0d818bcf65423bd150964b2,sheet1:R13,,,
19bd4fdb6cc5f8e5-sheet1-R14,2026-03-24,gwangju-gwangsan,감사관,약선흑염소,주민불편 민원 관련 간담회 추진,39000,19bd4fdb6cc5f8e525197672db36c60bf95745eaf0d818bcf65423bd150964b2,sheet1:R14,,,
40f3be3c27f2ac1f-sheet1-R5,2026-02-20,gwangju-gwangsan,부동산지적과,시골밥집,지적재조사사업추진 논의,260000,40f3be3c27f2ac1f2fc107528786bcf39e873b4f827ff3e246decbb098290028,sheet1:R5,,,
656052d4f331ddd1-sheet1-R5,2026-01-12,gwangju-gwangsan,체육진흥과,샤브올데이,2026년 업무계획 미래전략과제 수립을 위한 의견수렴 간담회 개최,99600,656052d4f331ddd194ceb550bedc18ae65fb82be1f53ea5163fa73c7e6bdadca,sheet1:R5,,,
656052d4f331ddd1-sheet1-R6,2026-01-21,gwangju-gwangsan,체육진흥과,"마루샤브, 스타벅스",2026년 광주 전남 행정통합 의견 수렴 등 간담회 개최,99500,656052d4f331ddd194ceb550bedc18ae65fb82be1f53ea5163fa73c7e6bdadca,sheet1:R6,,,
656052d4f331ddd1-sheet1-R7,2026-01-30,gwangju-gwangsan,체육진흥과,"수완코다리찜, 세컨드원",체육종목단체 관계자 간담회 추진,146700,656052d4f331ddd194ceb550bedc18ae65fb82be1f53ea5163fa73c7e6bdadca,sheet1:R7,,,
656052d4f331ddd1-sheet1-R8,2026-02-02,gwangju-gwangsan,체육진흥과,"분등장어, 이디야",2026년 광산구 체육진흥을 위한 의견 수렴 등 간담회 개최,108800,656052d4f331ddd194ceb550bedc18ae65fb82be1f53ea5163fa73c7e6bdadca,sheet1:R8,,,
656052d4f331ddd1-sheet1-R9,2026-02-05,gwangju-gwangsan,체육진흥과,본가,2026년 광산구 파크골프 정책 추진 관련 간담회 개최,36000,656052d4f331ddd194ceb550bedc18ae65fb82be1f53ea5163fa73c7e6bdadca,sheet1:R9,,,
656052d4f331ddd1-sheet1-R10,2026-02-06,gwangju-gwangsan,체육진흥과,"남원추어탕, 메종드프레즐",2026년 미래 전략과제 의견 수렴 등 간담회 개최,127300,656052d4f331ddd194ceb550bedc18ae65fb82be1f53ea5163fa73c7e6bdadca,sheet1:R10,,,
656052d4f331ddd1-sheet1-R11,2026-02-10,gwangju-gwangsan,체육진흥과,스타벅스,체육시설 관리방향 논의 관계자 간담회 개최,73200,656052d4f331ddd194ceb550bedc18ae65fb82be1f53ea5163fa73c7e6bdadca,sheet1:R11,,,
656052d4f331ddd1-sheet1-R12,2026-02-12,gwangju-gwangsan,체육진흥과,청양일초수완쭈꾸미,체육단체 관계자 간담회 개최,54000,656052d4f331ddd194ceb550bedc18ae65fb82be1f53ea5163fa73c7e6bdadca,sheet1:R12,,,
656052d4f331ddd1-sheet1-R13,2026-02-13,gwangju-gwangsan,체육진흥과,진심장어참숯구이,2026년 광산구 파크골프 운영 내실화를 위한 간담회 개최,178000,656052d4f331ddd194ceb550bedc18ae65fb82be1f53ea5163fa73c7e6bdadca,sheet1:R13,,,
656052d4f331ddd1-sheet1-R14,2026-02-23,gwangju-gwangsan,체육진흥과,"돌탱이, 스타벅스",광산구 체육정책 추진 관련 간담회 개최,142400,656052d4f331ddd194ceb550bedc18ae65fb82be1f53ea5163fa73c7e6bdadca,sheet1:R14,,,
656052d4f331ddd1-sheet1-R15,2026-02-24,gwangju-gwangsan,체육진흥과,"석경, 스타벅스",광산구체육회 운영 관계자 간담회 개최,104300,656052d4f331ddd194ceb550bedc18ae65fb82be1f53ea5163fa73c7e6bdadca,sheet1:R15,,,
656052d4f331ddd1-sheet1-R16,2026-02-27,gwangju-gwangsan,체육진흥과,만나자연탄구이,체육시설 운영 관계자 간담회 개최,204000,656052d4f331ddd194ceb550bedc18ae65fb82be1f53ea5163fa73c7e6bdadca,sheet1:R16,,,
656052d4f331ddd1-sheet1-R17,2026-03-10,gwangju-gwangsan,체육진흥과,"진심장어참숯구이, 컴포즈",파크골프장 운영을 위한 간담회 개최,118500,656052d4f331ddd194ceb550bedc18ae65fb82be1f53ea5163fa73c7e6bdadca,sheet1:R17,,,
656052d4f331ddd1-sheet1-R18,2026-03-13,gwangju-gwangsan,체육진흥과,쌍교숯불강비 송정점,체육정책 주요시책 추진방향 공유 간담회 개최,51000,656052d4f331ddd194ceb550bedc18ae65fb82be1f53ea5163fa73c7e6bdadca,sheet1:R18,,,
656052d4f331ddd1-sheet1-R19,2026-03-18,gwangju-gwangsan,체육진흥과,"수완코다리찜, 메종드프렛즐",체육시설 관리 방향 논의 등 간담회 개최,121900,656052d4f331ddd194ceb550bedc18ae65fb82be1f53ea5163fa73c7e6bdadca,sheet1:R19,,,
656052d4f331ddd1-sheet1-R20,2026-03-19,gwangju-gwangsan,체육진흥과,마천루,체육회 종목단체 관계자 간담회 개최,216000,656052d4f331ddd194ceb550bedc18ae65fb82be1f53ea5163fa73c7e6bdadca,sheet1:R20,,,
656052d4f331ddd1-sheet1-R21,2026-03-23,gwangju-gwangsan,체육진흥과,라라브레드 송정점,파크골프 관련 민원 의견 수렴을 위한 간담회,66400,656052d4f331ddd194ceb550bedc18ae65fb82be1f53ea5163fa73c7e6bdadca,sheet1:R21,,,
656052d4f331ddd1-sheet1-R22,2026-03-26,gwangju-gwangsan,체육진흥과,무등골한우,체육단체 관계자 간담회 개최,196700,656052d4f331ddd194ceb550bedc18ae65fb82be1f53ea5163fa73c7e6bdadca,sheet1:R22,,,
6afed83f11e95e8b-sheet1-R5,2026-01-08,gwangju-gwangsan,데이터정보과,카페홀더,주민정보화 교육장 운영 방안 논의를 위한 관계자 간담회 추진 비용 지출,22500,6afed83f11e95e8b9e8df195d12c2c2b4e21fc13cef50ccf755561c271f54673,sheet1:R5,,,
6afed83f11e95e8b-sheet1-R6,2026-02-03,gwangju-gwangsan,데이터정보과,"까망,카페화담",정보통신망 정기점검 추진 간담회 비용 지출,173500,6afed83f11e95e8b9e8df195d12c2c2b4e21fc13cef50ccf755561c271f54673,sheet1:R6,,,
400015a9fcae3747-sheet1-R5,2026-01-12,gwangju-gwangsan,도시계획과,하당먹거리 청자다방 산정점,월곡2동 도시재생뉴딜사업 관련 업무 추진을 위한 간담회 개최,75700,400015a9fcae3747dffa7c1d813f2720171e125c9eeb7f4380d00af2e346e014,sheet1:R5,,,
400015a9fcae3747-sheet1-R6,2026-01-13,gwangju-gwangsan,도시계획과,장흥 커피아임파인,주요 업무계획 수립 관련 업무 추진을 위한 간담회 개최,186500,400015a9fcae3747dffa7c1d813f2720171e125c9eeb7f4380d00af2e346e014,sheet1:R6,,,
400015a9fcae3747-sheet1-R7,2026-01-20,gwangju-gwangsan,도시계획과,송정골,광주송정역 광장 조성 관련 업무 추진을 위한 간담회 개최,288000,400015a9fcae3747dffa7c1d813f2720171e125c9eeb7f4380d00af2e346e014,sheet1:R7,,,
400015a9fcae3747-sheet1-R8,2026-01-23,gwangju-gwangsan,도시계획과,캘리포니아 횟집,수완지구 도시계획 변경 요청 관련 업무 추진을 위한 간담회 개최,290000,400015a9fcae3747dffa7c1d813f2720171e125c9eeb7f4380d00af2e346e014,sheet1:R8,,,
400015a9fcae3747-sheet1-R9,2026-02-12,gwangju-gwangsan,도시계획과,정명관,월곡2동 도시재생뉴딜사업 관련 업무 추진을 위한 간담회 개최,280000,400015a9fcae3747dffa7c1d813f2720171e125c9eeb7f4380d00af2e346e014,sheet1:R9,,,
400015a9fcae3747-sheet1-R10,2026-02-27,gwangju-gwangsan,도시계획과,해월다함,우산동 뉴빌리지 조성사업 관련 업무 추진을 위한 간담회 개최,282100,400015a9fcae3747dffa7c1d813f2720171e125c9eeb7f4380d00af2e346e014,sheet1:R10,,,
400015a9fcae3747-sheet1-R11,2026-03-18,gwangju-gwangsan,도시계획과,마천루,비아 큰도랑질마을 개선사업 관련 업무 추진을 위한 간담회 개최,200000,400015a9fcae3747dffa7c1d813f2720171e125c9eeb7f4380d00af2e346e014,sheet1:R11,,,
2f6a5670c2c73f05-sheet1-R5,2026-01-12,gwangju-gwangsan,도시건축국,시골밥집 벤티프레소 광주송정점,도시계획 관련 업무 직원 노고 격려를 위한 오찬 실시,139000,2f6a5670c2c73f0584a69abdcb69be3c7baecf47a8efc79a5b8416cbcb9144eb,sheet1:R5,,,
2f6a5670c2c73f05-sheet1-R6,2026-01-28,gwangju-gwangsan,도시건축국,은수초밥,건축안전센터 관련 업무 직원 노고 격려를 위한 오찬 실시,64600,2f6a5670c2c73f0584a69abdcb69be3c7baecf47a8efc79a5b8416cbcb9144eb,sheet1:R6,,,
2f6a5670c2c73f05-sheet1-R7,2026-01-29,gwangju-gwangsan,도시건축국,생태야 알탕아,미소짓는 화장실 공사 관련 업무 직원 노고 격려를 위한 오찬 실시,120000,2f6a5670c2c73f0584a69abdcb69be3c7baecf47a8efc79a5b8416cbcb9144eb,sheet1:R7,,,
2f6a5670c2c73f05-sheet1-R8,2026-02-04,gwangju-gwangsan,도시건축국,앙비떼,도시건축국 주요 업무 논의를 위한 다과 구입,95000,2f6a5670c2c73f0584a69abdcb69be3c7baecf47a8efc79a5b8416cbcb9144eb,sheet1:R8,,,
2f6a5670c2c73f05-sheet1-R9,2026-02-10,gwangju-gwangsan,도시건축국,추어가 남원추어탕,청년 주거안정 안심상담센터 관련 업무 직원 노고 격려를 위한 오찬 실시,72000,2f6a5670c2c73f0584a69abdcb69be3c7baecf47a8efc79a5b8416cbcb9144eb,sheet1:R9,,,
2f6a5670c2c73f05-sheet1-R10,2026-02-23,gwangju-gwangsan,도시건축국,금탑소머리국밥 송정점,건축지도 관련 업무 직원 노고 격려를 위한 오찬 실시,61000,2f6a5670c2c73f0584a69abdcb69be3c7baecf47a8efc79a5b8416cbcb9144eb,sheet1:R10,,,
2f6a5670c2c73f05-sheet1-R11,2026-02-25,gwangju-gwangsan,도시건축국,청솔가마솥 청자다방 송정점,도로조명 관련 업무 직원 노고 격려를 위한 오찬 실시,50200,2f6a5670c2c73f0584a69abdcb69be3c7baecf47a8efc79a5b8416cbcb9144eb,sheet1:R11,,,
2f6a5670c2c73f05-sheet1-R12,2026-03-12,gwangju-gwangsan,도시건축국,금탑소머리국밥 송정점 벤티프레소 광주송정점,시민광장 조성 관련 업무 직원 노고 격려를 위한 오찬 실시,68500,2f6a5670c2c73f0584a69abdcb69be3c7baecf47a8efc79a5b8416cbcb9144eb,sheet1:R12,,,
2f6a5670c2c73f05-sheet1-R13,2026-03-23,gwangju-gwangsan,도시건축국,은수초밥,주택정비 관련 업무 직원 노고 격려를 위한 오찬 실시,50700,2f6a5670c2c73f0584a69abdcb69be3c7baecf47a8efc79a5b8416cbcb9144eb,sheet1:R13,,,
2f6a5670c2c73f05-sheet1-R14,2026-03-24,gwangju-gwangsan,도시건축국,장수국밥,부동산관리 관련 업무 직원 노고 격려를 위한 오찬 실시,20000,2f6a5670c2c73f0584a69abdcb69be3c7baecf47a8efc79a5b8416cbcb9144eb,sheet1:R14,,,
2f6a5670c2c73f05-sheet1-R15,2026-03-25,gwangju-gwangsan,도시건축국,라라브레드,건축허가 관련 업무 직원 노고 격려를 위한 오찬 실시,188500,2f6a5670c2c73f0584a69abdcb69be3c7baecf47a8efc79a5b8416cbcb9144eb,sheet1:R15,,,
2f6a5670c2c73f05-sheet1-R16,2026-03-30,gwangju-gwangsan,도시건축국,엄마손식당,도로조명 관련 업무 직원 노고 격려를 위한 오찬 실시,40000,2f6a5670c2c73f0584a69abdcb69be3c7baecf47a8efc79a5b8416cbcb9144eb,sheet1:R16,,,
2886e27a5eacf203-sheet1-R5,2026-01-05,gwangju-gwangsan,기획조정실,카페홀더,2026년 주요 시책 및 구정방향 논의를 위한 관계자 간담회,21000,2886e27a5eacf203acfc0524d9055be7c6a9e510b3d38537b1cc89d9100f4326,sheet1:R5,,,
2886e27a5eacf203-sheet1-R6,2026-01-05,gwangju-gwangsan,기획조정실,종착역,대외협력 강화 및 현안 대응을 위한 관계자 간담회,47300,2886e27a5eacf203acfc0524d9055be7c6a9e510b3d38537b1cc89d9100f4326,sheet1:R6,,,
2886e27a5eacf203-sheet1-R7,2026-01-06,gwangju-gwangsan,기획조정실,여의도 부대찌개,지역 현안 해결 및 협력 네트워크 강화를 위한 국회 관계자 간담회,46000,2886e27a5eacf203acfc0524d9055be7c6a9e510b3d38537b1cc89d9100f4326,sheet1:R7,,,
2886e27a5eacf203-sheet1-R8,2026-01-06,gwangju-gwangsan,기획조정실,송정칼국수,효율적 조직운영과 시책 추진 방향 논의 간담회,37500,2886e27a5eacf203acfc0524d9055be7c6a9e510b3d38537b1cc89d9100f4326,sheet1:R8,,,
2886e27a5eacf203-sheet1-R9,2026-01-07,gwangju-gwangsan,기획조정실,정동각,지자체 간 공동협력 및 정책 정보 교류를 위한 간담회,55000,2886e27a5eacf203acfc0524d9055be7c6a9e510b3d38537b1cc89d9100f4326,sheet1:R9,,,
2886e27a5eacf203-sheet1-R10,2026-01-07,gwangju-gwangsan,기획조정실,꾸석지 진짜한돈,효율적 조직운영과 내부 협력체계 강화를 위한 간담회,133700,2886e27a5eacf203acfc0524d9055be7c6a9e510b3d38537b1cc89d9100f4326,sheet1:R10,,,
2886e27a5eacf203-sheet1-R11,2026-01-07,gwangju-gwangsan,기획조정실,동성떡갈비,대외협력 강화 및 현안 대응을 위한 관계자 간담회,196000,2886e27a5eacf203acfc0524d9055be7c6a9e510b3d38537b1cc89d9100f4326,sheet1:R11,,,
2886e27a5eacf203-sheet1-R12,2026-01-08,gwangju-gwangsan,기획조정실,한우리식육식당,대외협력 강화 및 현안 대응을 위한 관계자 간담회,150000,2886e27a5eacf203acfc0524d9055be7c6a9e510b3d38537b1cc89d9100f4326,sheet1:R12,,,
2886e27a5eacf203-sheet1-R13,2026-01-08,gwangju-gwangsan,기획조정실,소곰집,주요시책 및 구정방향 논의를 위한 관계자 간담회,231000,2886e27a5eacf203acfc0524d9055be7c6a9e510b3d38537b1cc89d9100f4326,sheet1:R13,,,
2886e27a5eacf203-sheet1-R14,2026-01-09,gwangju-gwangsan,기획조정실,삼희불낙,대외협력 강화 및 현안 대응을 위한 관계자 간담회,150000,2886e27a5eacf203acfc0524d9055be7c6a9e510b3d38537b1cc89d9100f4326,sheet1:R14,,,
2886e27a5eacf203-sheet1-R15,2026-01-12,gwangju-gwangsan,기획조정실,1967정남순서울곱창,효율적 예산운영 방향 모색을 위한 간담회,143000,2886e27a5eacf203acfc0524d9055be7c6a9e510b3d38537b1cc89d9100f4326,sheet1:R15,,,
2886e27a5eacf203-sheet1-R16,2026-01-13,gwangju-gwangsan,기획조정실,지산목,대외협력 강화 및 현안 대응을 위한 관계자 간담회,70000,2886e27a5eacf203acfc0524d9055be7c6a9e510b3d38537b1cc89d9100f4326,sheet1:R16,,,
2886e27a5eacf203-sheet1-R17,2026-01-14,gwangju-gwangsan,기획조정실,이조떡갈비외 2,제35차 정책기획단 원탁토의 추진,340000,2886e27a5eacf203acfc0524d9055be7c6a9e510b3d38537b1cc89d9100f4326,sheet1:R17,,,
2886e27a5eacf203-sheet1-R18,2026-01-15,gwangju-gwangsan,기획조정실,정동각,지역 현안 해결 및 협력 네트워크 강화를 위한 국회 관계자 간담회,35000,2886e27a5eacf203acfc0524d9055be7c6a9e510b3d38537b1cc89d9100f4326,sheet1:R18,,,
2886e27a5eacf203-sheet1-R19,2026-01-16,gwangju-gwangsan,기획조정실,짬뽕관,효율적 조직운영과 내부 협력체계 강화를 위한 간담회,34000,2886e27a5eacf203acfc0524d9055be7c6a9e510b3d38537b1cc89d9100f4326,sheet1:R19,,,
2886e27a5eacf203-sheet1-R20,2026-01-16,gwangju-gwangsan,기획조정실,무등소갈비,효율적 조직운영과 시책 추진 방향 논의 간담회,178300,2886e27a5eacf203acfc0524d9055be7c6a9e510b3d38537b1cc89d9100f4326,sheet1:R20,,,
2886e27a5eacf203-sheet1-R21,2026-01-19,gwangju-gwangsan,기획조정실,옛날에 금잔디외 1,대외협력 강화 및 현안 대응을 위한 관계자 간담회,108000,2886e27a5eacf203acfc0524d9055be7c6a9e510b3d38537b1cc89d9100f4326,sheet1:R21,,,
2886e27a5eacf203-sheet1-R22,2026-01-21,gwangju-gwangsan,기획조정실,쌍교숯불갈비,대외협력 강화 및 현안 대응을 위한 관계자 간담회,275000,2886e27a5eacf203acfc0524d9055be7c6a9e510b3d38537b1cc89d9100f4326,sheet1:R22,,,
2886e27a5eacf203-sheet1-R23,2026-01-22,gwangju-gwangsan,기획조정실,택이네조개전골,대외협력 강화 및 현안 대응을 위한 관계자 간담회,108000,2886e27a5eacf203acfc0524d9055be7c6a9e510b3d38537b1cc89d9100f4326,sheet1:R23,,,
2886e27a5eacf203-sheet1-R24,2026-01-26,gwangju-gwangsan,기획조정실,여의도버섯칼국수,지역 현안 해결 및 협력 네트워크 강화를 위한 국회 관계자 간담회,24000,2886e27a5eacf203acfc0524d9055be7c6a9e510b3d38537b1cc89d9100f4326,sheet1:R24,,,
2886e27a5eacf203-sheet1-R25,2026-01-26,gwangju-gwangsan,기획조정실,화천추어탕외 1,대외협력 강화 및 현안 대응을 위한 관계자 간담회,51500,2886e27a5eacf203acfc0524d9055be7c6a9e510b3d38537b1cc89d9100f4326,sheet1:R25,,,
2886e27a5eacf203-sheet1-R26,2026-01-26,gwangju-gwangsan,기획조정실,깐깐한족발,효율적 예산운영 방향 모색을 위한 간담회,246500,2886e27a5eacf203acfc0524d9055be7c6a9e510b3d38537b1cc89d9100f4326,sheet1:R26,,,
2886e27a5eacf203-sheet1-R27,2026-01-29,gwangju-gwangsan,기획조정실,순창민물매운탕,효율적 조직운영과 내부 협력체계 강화를 위한 간담회,54000,2886e27a5eacf203acfc0524d9055be7c6a9e510b3d38537b1cc89d9100f4326,sheet1:R27,,,
2886e27a5eacf203-sheet1-R28,2026-01-29,gwangju-gwangsan,기획조정실,청춘회랑,대외협력 강화 및 현안 대응을 위한 관계자 간담회,120000,2886e27a5eacf203acfc0524d9055be7c6a9e510b3d38537b1cc89d9100f4326,sheet1:R28,,,
2886e27a5eacf203-sheet1-R29,2026-01-30,gwangju-gwangsan,기획조정실,부산갈비,지역 현안 해결 및 협력 네트워크 강화를 위한 국회 관계자 간담회,45000,2886e27a5eacf203acfc0524d9055be7c6a9e510b3d38537b1cc89d9100f4326,sheet1:R29,,,
2886e27a5eacf203-sheet1-R30,2026-01-30,gwangju-gwangsan,기획조정실,88켄터키치킨,대외협력 강화 및 현안 대응을 위한 관계자 간담회,92800,2886e27a5eacf203acfc0524d9055be7c6a9e510b3d38537b1cc89d9100f4326,sheet1:R30,,,
2886e27a5eacf203-sheet1-R31,2026-02-02,gwangju-gwangsan,기획조정실,광산나주곰탕,주요 시책 및 구정방향 논의를 위한 관계자 간담회,48000,2886e27a5eacf203acfc0524d9055be7c6a9e510b3d38537b1cc89d9100f4326,sheet1:R31,,,
2886e27a5eacf203-sheet1-R32,2026-02-02,gwangju-gwangsan,기획조정실,오븐마루,효율적 예산운영 방향 모색을 위한 간담회,94300,2886e27a5eacf203acfc0524d9055be7c6a9e510b3d38537b1cc89d9100f4326,sheet1:R32,,,
2886e27a5eacf203-sheet1-R33,2026-02-03,gwangju-gwangsan,기획조정실,서울장수국수,구 주요 시책 및 핵심사업 추진방향 논의를 위한 간담회,29000,2886e27a5eacf203acfc0524d9055be7c6a9e510b3d38537b1cc89d9100f4326,sheet1:R33,,,
2886e27a5eacf203-sheet1-R34,2026-02-03,gwangju-gwangsan,기획조정실,정동각,지역 현안 해결 및 협력 네트워크 강화를 위한 국회 관계자 간담회,40000,2886e27a5eacf203acfc0524d9055be7c6a9e510b3d38537b1cc89d9100f4326,sheet1:R34,,,
2886e27a5eacf203-sheet1-R35,2026-02-03,gwangju-gwangsan,기획조정실,황칠미가,대외협력 강화 및 현안 대응을 위한 관계자 간담회,150000,2886e27a5eacf203acfc0524d9055be7c6a9e510b3d38537b1cc89d9100f4326,sheet1:R35,,,
2886e27a5eacf203-sheet1-R36,2026-02-04,gwangju-gwangsan,기획조정실,쌍교숯불갈비,대외협력 강화 및 현안 대응을 위한 관계자 간담회,44000,2886e27a5eacf203acfc0524d9055be7c6a9e510b3d38537b1cc89d9100f4326,sheet1:R36,,,
2886e27a5eacf203-sheet1-R37,2026-02-04,gwangju-gwangsan,기획조정실,제주다르돈,효율적 조직운영과 내부 협력체계 강화를 위한 간담회,247000,2886e27a5eacf203acfc0524d9055be7c6a9e510b3d38537b1cc89d9100f4326,sheet1:R37,,,
2886e27a5eacf203-sheet1-R38,2026-02-05,gwangju-gwangsan,기획조정실,여의도 부대찌개,지역 현안 해결 및 협력 네트워크 강화를 위한 국회 관계자 간담회,36000,2886e27a5eacf203acfc0524d9055be7c6a9e510b3d38537b1cc89d9100f4326,sheet1:R38,,,
2886e27a5eacf203-sheet1-R39,2026-02-06,gwangju-gwangsan,기획조정실,청해진,대외협력 강화 및 현안 대응을 위한 관계자 간담회,200000,2886e27a5eacf203acfc0524d9055be7c6a9e510b3d38537b1cc89d9100f4326,sheet1:R39,,,
2886e27a5eacf203-sheet1-R40,2026-02-09,gwangju-gwangsan,기획조정실,쌍교숯불갈비,대외협력 강화 및 현안 대응을 위한 관계자 간담회,242000,2886e27a5eacf203acfc0524d9055be7c6a9e510b3d38537b1cc89d9100f4326,sheet1:R40,,,
2886e27a5eacf203-sheet1-R41,2026-02-10,gwangju-gwangsan,기획조정실,카페홀더외 1,2026년 업무계획 공유회의 원활한 추진을 위한 다과 구입비용 지출,160500,2886e27a5eacf203acfc0524d9055be7c6a9e510b3d38537b1cc89d9100f4326,sheet1:R41,,,
2886e27a5eacf203-sheet1-R42,2026-02-11,gwangju-gwangsan,기획조정실,앙비떼외 1,2026년 업무계획 공유회의 원활한 추진을 위한 다과 구입비용 지출,174000,2886e27a5eacf203acfc0524d9055be7c6a9e510b3d38537b1cc89d9100f4326,sheet1:R42,,,
2886e27a5eacf203-sheet1-R43,2026-02-11,gwangju-gwangsan,기획조정실,동해반점,주요 시책 및 구정방향 논의를 위한 관계자 간담회,43000,2886e27a5eacf203acfc0524d9055be7c6a9e510b3d38537b1cc89d9100f4326,sheet1:R43,,,
2886e27a5eacf203-sheet1-R44,2026-02-12,gwangju-gwangsan,기획조정실,남원추어탕,효율적 조직운영과 내부 협력체계 강화를 위한 간담회,44000,2886e27a5eacf203acfc0524d9055be7c6a9e510b3d38537b1cc89d9100f4326,sheet1:R44,,,
2886e27a5eacf203-sheet1-R45,2026-02-12,gwangju-gwangsan,기획조정실,청솥가마솥,대외협력 강화 및 현안 대응을 위한 관계자 간담회,120000,2886e27a5eacf203acfc0524d9055be7c6a9e510b3d38537b1cc89d9100f4326,sheet1:R45,,,
2886e27a5eacf203-sheet1-R46,2026-02-12,gwangju-gwangsan,기획조정실,앙비떼,2026년 업무계획 공유회의 원활한 추진을 위한 다과 구입비용 지출,74500,2886e27a5eacf203acfc0524d9055be7c6a9e510b3d38537b1cc89d9100f4326,sheet1:R46,,,
2886e27a5eacf203-sheet1-R47,2026-02-19,gwangju-gwangsan,기획조정실,지산목,예산확보 방안 간담회,295000,2886e27a5eacf203acfc0524d9055be7c6a9e510b3d38537b1cc89d9100f4326,sheet1:R47,,,
2886e27a5eacf203-sheet1-R48,2026-02-19,gwangju-gwangsan,기획조정실,해궁,대외협력 강화 및 현안 대응을 위한 관계자 간담회,200000,2886e27a5eacf203acfc0524d9055be7c6a9e510b3d38537b1cc89d9100f4326,sheet1:R48,,,
2886e27a5eacf203-sheet1-R49,2026-02-20,gwangju-gwangsan,기획조정실,참배나무골오리집,지역 현안 해결 및 협력 네트워크 강화를 위한 국회 관계자 간담회,56000,2886e27a5eacf203acfc0524d9055be7c6a9e510b3d38537b1cc89d9100f4326,sheet1:R49,,,
2886e27a5eacf203-sheet1-R50,2026-02-20,gwangju-gwangsan,기획조정실,뷰밀 외 1,정책기획단 원탁토의 추진 논의를 위한 다과 구입(뷰밀),105000,2886e27a5eacf203acfc0524d9055be7c6a9e510b3d38537b1cc89d9100f4326,sheet1:R50,,,
2886e27a5eacf203-sheet1-R51,2026-02-20,gwangju-gwangsan,기획조정실,야생앤더비,대한민국시장군수구청장협의회 공동회장단 회의 개최에 따른 기념품 구입,200000,2886e27a5eacf203acfc0524d9055be7c6a9e510b3d38537b1cc89d9100f4326,sheet1:R51,,,
2886e27a5eacf203-sheet1-R52,2026-02-20,gwangju-gwangsan,기획조정실,송정골,대외협력 강화 및 현안 대응을 위한 관계자 간담회,120000,2886e27a5eacf203acfc0524d9055be7c6a9e510b3d38537b1cc89d9100f4326,sheet1:R52,,,
2886e27a5eacf203-sheet1-R53,2026-02-23,gwangju-gwangsan,기획조정실,솔향,대외협력 강화 및 현안 대응을 위한 관계자 간담회,130000,2886e27a5eacf203acfc0524d9055be7c6a9e510b3d38537b1cc89d9100f4326,sheet1:R53,,,
2886e27a5eacf203-sheet1-R54,2026-02-24,gwangju-gwangsan,기획조정실,송극,광주광역시 구청장협의회 2월 정례회 소요경비 지급,800000,2886e27a5eacf203acfc0524d9055be7c6a9e510b3d38537b1cc89d9100f4326,sheet1:R54,,,
2886e27a5eacf203-sheet1-R55,2026-02-24,gwangju-gwangsan,기획조정실,건영수산,대외협력 강화 및 현안 대응을 위한 관계자 간담회,170000,2886e27a5eacf203acfc0524d9055be7c6a9e510b3d38537b1cc89d9100f4326,sheet1:R55,,,
2886e27a5eacf203-sheet1-R56,2026-02-25,gwangju-gwangsan,기획조정실,어부네회수산외 1,주민참여예산 운영위원회 회의개최에 따른 비용 지출,178500,2886e27a5eacf203acfc0524d9055be7c6a9e510b3d38537b1cc89d9100f4326,sheet1:R56,,,
2886e27a5eacf203-sheet1-R57,2026-02-25,gwangju-gwangsan,기획조정실,벤티프레소외 1,효율적 조직운영과 내부 협력체계 강화를 위한 간담회,121800,2886e27a5eacf203acfc0524d9055be7c6a9e510b3d38537b1cc89d9100f4326,sheet1:R57,,,
2886e27a5eacf203-sheet1-R58,2026-02-25,gwangju-gwangsan,기획조정실,후루룩,지역 현안 해결 및 협력 네트워크 강화를 위한 국회 관계자 간담회,62000,2886e27a5eacf203acfc0524d9055be7c6a9e510b3d38537b1cc89d9100f4326,sheet1:R58,,,
2886e27a5eacf203-sheet1-R59,2026-02-26,gwangju-gwangsan,기획조정실,나폴레옹베이커리,지역 현안 해결 및 협력 네트워크 강화를 위한 국회 관계자 간담회,129200,2886e27a5eacf203acfc0524d9055be7c6a9e510b3d38537b1cc89d9100f4326,sheet1:R59,,,
2886e27a5eacf203-sheet1-R60,2026-02-26,gwangju-gwangsan,기획조정실,송정골,대외협력 강화 및 현안 대응을 위한 관계자 간담회,38000,2886e27a5eacf203acfc0524d9055be7c6a9e510b3d38537b1cc89d9100f4326,sheet1:R60,,,
2886e27a5eacf203-sheet1-R61,2026-03-03,gwangju-gwangsan,기획조정실,광산나주곰탕외 1,주요 시책 및 구정방향 논의를 위한 관계자 간담회,100000,2886e27a5eacf203acfc0524d9055be7c6a9e510b3d38537b1cc89d9100f4326,sheet1:R61,,,
2886e27a5eacf203-sheet1-R62,2026-03-03,gwangju-gwangsan,기획조정실,어등회관,3월 의장단 소통회의 추진에 따른 소요경비 지급,741000,2886e27a5eacf203acfc0524d9055be7c6a9e510b3d38537b1cc89d9100f4326,sheet1:R62,,,
2886e27a5eacf203-sheet1-R63,2026-03-05,gwangju-gwangsan,기획조정실,목포갯벌낙지,시설관리공단 현안 사항 논의를 위한 관계자 간담회,250000,2886e27a5eacf203acfc0524d9055be7c6a9e510b3d38537b1cc89d9100f4326,sheet1:R63,,,
2886e27a5eacf203-sheet1-R64,2026-03-05,gwangju-gwangsan,기획조정실,도약,지역 현안 해결 및 협력 네트워크 강화를 위한 국회 관계자 간담회,40500,2886e27a5eacf203acfc0524d9055be7c6a9e510b3d38537b1cc89d9100f4326,sheet1:R64,,,
2886e27a5eacf203-sheet1-R65,2026-03-10,gwangju-gwangsan,기획조정실,순창민물매운탕,효율적 조직운영과 내부 협력체계 강화를 위한 간담회,48000,2886e27a5eacf203acfc0524d9055be7c6a9e510b3d38537b1cc89d9100f4326,sheet1:R65,,,
2886e27a5eacf203-sheet1-R66,2026-03-12,gwangju-gwangsan,기획조정실,머시기생쪽갈비,주요 시책 및 구정방향 논의를 위한 관계자 간담회,208000,2886e27a5eacf203acfc0524d9055be7c6a9e510b3d38537b1cc89d9100f4326,sheet1:R66,,,
2886e27a5eacf203-sheet1-R67,2026-03-18,gwangju-gwangsan,기획조정실,라라브레드,효율적 예산운영 방향 모색을 위한 간담회,82500,2886e27a5eacf203acfc0524d9055be7c6a9e510b3d38537b1cc89d9100f4326,sheet1:R67,,,
2886e27a5eacf203-sheet1-R68,2026-03-19,gwangju-gwangsan,기획조정실,하나로마트,지역 현안 해결 및 협력 네트워크 강화를 위한 국회 관계자 간담회,55000,2886e27a5eacf203acfc0524d9055be7c6a9e510b3d38537b1cc89d9100f4326,sheet1:R68,,,
2886e27a5eacf203-sheet1-R69,2026-03-20,gwangju-gwangsan,기획조정실,후루룩,지역 현안 해결 및 협력 네트워크 강화를 위한 국회 관계자 간담회,65000,2886e27a5eacf203acfc0524d9055be7c6a9e510b3d38537b1cc89d9100f4326,sheet1:R69,,,
2886e27a5eacf203-sheet1-R70,2026-03-20,gwangju-gwangsan,기획조정실,짬뽕관외 1,효율적 조직운영과 내부 협력체계 강화를 위한 간담회,50100,2886e27a5eacf203acfc0524d9055be7c6a9e510b3d38537b1cc89d9100f4326,sheet1:R70,,,
2886e27a5eacf203-sheet1-R71,2026-03-23,gwangju-gwangsan,기획조정실,제주다르돈,구정현안 논의 및 내부 협력체계 강화를 위한 간담회,143000,2886e27a5eacf203acfc0524d9055be7c6a9e510b3d38537b1cc89d9100f4326,sheet1:R71,,,
2886e27a5eacf203-sheet1-R72,2026-03-24,gwangju-gwangsan,기획조정실,여의도 돈블랑,지역 현안 해결 및 협력 네트워크 강화를 위한 국회 관계자 간담회,46000,2886e27a5eacf203acfc0524d9055be7c6a9e510b3d38537b1cc89d9100f4326,sheet1:R72,,,
2886e27a5eacf203-sheet1-R73,2026-03-26,gwangju-gwangsan,기획조정실,비봉,지자체 시책 추진사항 설명을 위한 언론인 간담회,28000,2886e27a5eacf203acfc0524d9055be7c6a9e510b3d38537b1cc89d9100f4326,sheet1:R73,,,
2886e27a5eacf203-sheet1-R74,2026-03-27,gwangju-gwangsan,기획조정실,남원추어탕,효율적 조직운영과 내부 협력체계 강화를 위한 간담회,51000,2886e27a5eacf203acfc0524d9055be7c6a9e510b3d38537b1cc89d9100f4326,sheet1:R74,,,
2886e27a5eacf203-sheet1-R75,2026-03-31,gwangju-gwangsan,기획조정실,소곰집,구정현안 논의 및 내부 협력체계 강화를 위한 간담회,201000,2886e27a5eacf203acfc0524d9055be7c6a9e510b3d38537b1cc89d9100f4326,sheet1:R75,,,
032acfee182eb7e6-sheet1-R6,2026-01-15,gwangju-gwangsan,산업혁신과,송정 약선흑염소&삼천해물칼국수,2026년도 4차 산업혁명 대응 정책 수립을 위한 관계자 간담회 실시,39000,032acfee182eb7e6f7f6806546577867e10fee8c1095652177b819ac1b375cc3,sheet1:R6,,,
032acfee182eb7e6-sheet1-R7,2026-01-20,gwangju-gwangsan,산업혁신과,송극떡갈비 외 1,지속가능한 에너지 정책 및 미래기술 관련 관계자 간담회 실시,95500,032acfee182eb7e6f7f6806546577867e10fee8c1095652177b819ac1b375cc3,sheet1:R7,,,
032acfee182eb7e6-sheet1-R8,2026-01-23,gwangju-gwangsan,산업혁신과,(사) 실로암사람들(카페홀더광산구청점),반려인·비반려인 상생 정책 발굴을 위한 관계자 간담회 실시,22500,032acfee182eb7e6f7f6806546577867e10fee8c1095652177b819ac1b375cc3,sheet1:R8,,,
032acfee182eb7e6-sheet1-R9,2026-02-03,gwangju-gwangsan,산업혁신과,어부네회수산,송전선로 건설사업 추진에 따른 관계자 간담회 실시,58000,032acfee182eb7e6f7f6806546577867e10fee8c1095652177b819ac1b375cc3,sheet1:R9,,,
5c96c183164493ae-sheet1-R4,2026-01-13,gwangju-gwangsan,고령사회정책과,카페홀더,2026년도 노인맞춤돌봄서비스 사업 추진 논의를 위한 관계기관 간담회 실시,44500,5c96c183164493ae51c939f4116ab776bf9197e098f7c4e868479d9f0c9b16fd,sheet1:R4,,,
5c96c183164493ae-sheet1-R5,2026-01-14,gwangju-gwangsan,고령사회정책과,우마이참치,26년 경로당 운영비 등 보조금 관련 변동사항 안내 및 의견청취를 위한 관계자 간담회 실시,277000,5c96c183164493ae51c939f4116ab776bf9197e098f7c4e868479d9f0c9b16fd,sheet1:R5,,,
0cb3774d95ec4b4c-sheet1-R3,2026-02-06,gwangju-gwangsan,생명농업과,옛날에금잔디,먹거리정책 활성화를 위한 간담회 개최,136000,0cb3774d95ec4b4cb29583c8d3c6ccf6924e59f8138e21706b2137e99f8152ae,sheet1:R3,,,
0cb3774d95ec4b4c-sheet1-R4,2026-03-04,gwangju-gwangsan,생명농업과,송학,농업생산기반시설 정비 추진 관련 간담회 개최,77000,0cb3774d95ec4b4cb29583c8d3c6ccf6924e59f8138e21706b2137e99f8152ae,sheet1:R4,,,
0cb3774d95ec4b4c-sheet1-R5,2026-03-17,gwangju-gwangsan,생명농업과,순창민물매운탕외1개소,농업발전 활성화 방안 간담회 개최,120300,0cb3774d95ec4b4cb29583c8d3c6ccf6924e59f8138e21706b2137e99f8152ae,sheet1:R5,,,
e97f0e310633c976-sheet1-R5,2026-01-14,gwangju-gwangsan,시민소통과,시골밥집,주민불편사항 해소를 위한 간담회 개최,160000,e97f0e310633c9761fa686185c2f2cc0aefa9dbb96177cac40962a4549642f9d,sheet1:R5,,,
e97f0e310633c976-sheet1-R6,2026-01-15,gwangju-gwangsan,시민소통과,순창민물매운탕,이웃갈등조정가 위촉식 추진 계획 논의을 위한 간담회 비용 집행,106000,e97f0e310633c9761fa686185c2f2cc0aefa9dbb96177cac40962a4549642f9d,sheet1:R6,,,
e97f0e310633c976-sheet1-R7,2026-01-16,gwangju-gwangsan,시민소통과,늘품 전통계절음식점,주민불편사항 해소를 위한 간담회 개최,200000,e97f0e310633c9761fa686185c2f2cc0aefa9dbb96177cac40962a4549642f9d,sheet1:R7,,,
e97f0e310633c976-sheet1-R8,2026-01-20,gwangju-gwangsan,시민소통과,화천추어탕,주민불편사항 해소를 위한 간담회 개최,99000,e97f0e310633c9761fa686185c2f2cc0aefa9dbb96177cac40962a4549642f9d,sheet1:R8,,,
e97f0e310633c976-sheet1-R9,2026-01-21,gwangju-gwangsan,시민소통과,"정명관, (사)한마음노인복지센터",주민불편사항 해소를 위한 간담회 개최,91000,e97f0e310633c9761fa686185c2f2cc0aefa9dbb96177cac40962a4549642f9d,sheet1:R9,,,
e97f0e310633c976-sheet1-R10,2026-01-21,gwangju-gwangsan,시민소통과,㈜풍성한개발,주민불편사항 해소를 위한 간담회 개최,131600,e97f0e310633c9761fa686185c2f2cc0aefa9dbb96177cac40962a4549642f9d,sheet1:R10,,,
e97f0e310633c976-sheet1-R11,2026-01-26,gwangju-gwangsan,시민소통과,국수나무 송정점,주민불편사항 해소를 위한 간담회 개최,30600,e97f0e310633c9761fa686185c2f2cc0aefa9dbb96177cac40962a4549642f9d,sheet1:R11,,,
e97f0e310633c976-sheet1-R12,2026-01-29,gwangju-gwangsan,시민소통과,영일식육식당,주민불편사항 해소를 위한 간담회 개최,82000,e97f0e310633c9761fa686185c2f2cc0aefa9dbb96177cac40962a4549642f9d,sheet1:R12,,,
e97f0e310633c976-sheet1-R13,2026-02-02,gwangju-gwangsan,시민소통과,매력한우명품관 아울렛점,주민불편사항 해소를 위한 간담회 개최,61000,e97f0e310633c9761fa686185c2f2cc0aefa9dbb96177cac40962a4549642f9d,sheet1:R13,,,
e97f0e310633c976-sheet1-R14,2026-02-03,gwangju-gwangsan,시민소통과,투썸플레이스 광산구청점,주민불편사항 해소를 위한 간담회 개최,11000,e97f0e310633c9761fa686185c2f2cc0aefa9dbb96177cac40962a4549642f9d,sheet1:R14,,,
e97f0e310633c976-sheet1-R15,2026-02-04,gwangju-gwangsan,시민소통과,복순이네회수산,이웃갈등 조정활동가 제도 홍보 관련 간담회 비용 집행,116000,e97f0e310633c9761fa686185c2f2cc0aefa9dbb96177cac40962a4549642f9d,sheet1:R15,,,
e97f0e310633c976-sheet1-R16,2026-02-10,gwangju-gwangsan,시민소통과,산들해,주민불편사항 해소를 위한 간담회 개최,285000,e97f0e310633c9761fa686185c2f2cc0aefa9dbb96177cac40962a4549642f9d,sheet1:R16,,,
e97f0e310633c976-sheet1-R17,2026-02-12,gwangju-gwangsan,시민소통과,순창민물매운탕,주민불편사항 해소를 위한 간담회 개최,122000,e97f0e310633c9761fa686185c2f2cc0aefa9dbb96177cac40962a4549642f9d,sheet1:R17,,,
e97f0e310633c976-sheet1-R18,2026-02-13,gwangju-gwangsan,시민소통과,화천추어탕,주민불편사항 해소를 위한 간담회 개최,84000,e97f0e310633c9761fa686185c2f2cc0aefa9dbb96177cac40962a4549642f9d,sheet1:R18,,,
e97f0e310633c976-sheet1-R19,2026-02-19,gwangju-gwangsan,시민소통과,"가순이네집, 카페콩",주민불편사항 해소를 위한 간담회 개최,55260,e97f0e310633c9761fa686185c2f2cc0aefa9dbb96177cac40962a4549642f9d,sheet1:R19,,,
e97f0e310633c976-sheet1-R20,2026-02-20,gwangju-gwangsan,시민소통과,시골밥집,주민불편사항 해소를 위한 간담회 개최,50000,e97f0e310633c9761fa686185c2f2cc0aefa9dbb96177cac40962a4549642f9d,sheet1:R20,,,
e97f0e310633c976-sheet1-R21,2026-03-04,gwangju-gwangsan,시민소통과,앙비떼,갈등관리심의위원회 운영 관련 간담회 비용 집행,27300,e97f0e310633c9761fa686185c2f2cc0aefa9dbb96177cac40962a4549642f9d,sheet1:R21,,,
e97f0e310633c976-sheet1-R22,2026-03-05,gwangju-gwangsan,시민소통과,소곰집,민원 전 민원해결 1004 추진 방향 논의을 위한 간담회 비용 집행,202000,e97f0e310633c9761fa686185c2f2cc0aefa9dbb96177cac40962a4549642f9d,sheet1:R22,,,
e97f0e310633c976-sheet1-R23,2026-03-09,gwangju-gwangsan,시민소통과,라라브레드,주민불편사항 해소를 위한 간담회 개최,102000,e97f0e310633c9761fa686185c2f2cc0aefa9dbb96177cac40962a4549642f9d,sheet1:R23,,,
e97f0e310633c976-sheet1-R24,2026-03-10,gwangju-gwangsan,시민소통과,상미농원,주민불편사항 해소를 위한 간담회 개최,68000,e97f0e310633c9761fa686185c2f2cc0aefa9dbb96177cac40962a4549642f9d,sheet1:R24,,,
e97f0e310633c976-sheet1-R25,2026-03-12,gwangju-gwangsan,시민소통과,순창민물매운탕,주민불편사항 해소를 위한 간담회 개최,117000,e97f0e310633c9761fa686185c2f2cc0aefa9dbb96177cac40962a4549642f9d,sheet1:R25,,,
e97f0e310633c976-sheet1-R26,2026-03-20,gwangju-gwangsan,시민소통과,㈜정명푸드,주민불편사항 해소를 위한 간담회 개최,154280,e97f0e310633c9761fa686185c2f2cc0aefa9dbb96177cac40962a4549642f9d,sheet1:R26,,,
e97f0e310633c976-sheet1-R27,2026-03-27,gwangju-gwangsan,시민소통과,새송정,찾아가는 경청 구청장실 추진 방향 논의을 위한 간담회 비용 집행,80000,e97f0e310633c9761fa686185c2f2cc0aefa9dbb96177cac40962a4549642f9d,sheet1:R27,,,
b16042fb4ed55634-sheet1-R5,2026-01-27,gwangju-gwangsan,건축과,송정칼국수,해빙기 대비 건축현장 안전점검 추진을 위한 간담회 비용 집행,72000,b16042fb4ed55634328f28d0889b69949caa78eff68d76c5783d1a86cd7ca408,sheet1:R5,,,
b16042fb4ed55634-sheet1-R6,2026-02-03,gwangju-gwangsan,건축과,석거정,업무대행 건축사 간담회 추진에 따른 비용 집행,108000,b16042fb4ed55634328f28d0889b69949caa78eff68d76c5783d1a86cd7ca408,sheet1:R6,,,
b16042fb4ed55634-sheet1-R7,2026-02-10,gwangju-gwangsan,건축과,어등골,대설 대비 건축현장 안전사고 예방을 위한 관계자 간담회 추진,58000,b16042fb4ed55634328f28d0889b69949caa78eff68d76c5783d1a86cd7ca408,sheet1:R7,,,
b16042fb4ed55634-sheet1-R8,2026-03-13,gwangju-gwangsan,건축과,송정칼국수,건축물 해체현장 안전점검 추진을 위한 간담회 비용 집행,56000,b16042fb4ed55634328f28d0889b69949caa78eff68d76c5783d1a86cd7ca408,sheet1:R8,,,
b16042fb4ed55634-sheet1-R9,2026-03-24,gwangju-gwangsan,건축과,황칠미가,건축공사 현장 안전사고 예방을 위한 관계자 간담회 추진,228000,b16042fb4ed55634328f28d0889b69949caa78eff68d76c5783d1a86cd7ca408,sheet1:R9,,,
b16042fb4ed55634-sheet1-R10,2026-03-27,gwangju-gwangsan,건축과,미연식당,업무대행 건축사 간담회 추진에 따른 비용 집행,64000,b16042fb4ed55634328f28d0889b69949caa78eff68d76c5783d1a86cd7ca408,sheet1:R10,,,
2c2384df05c0aabd-sheet1-R4,2026-01-06,gwangju-gwangsan,교육도서관과,주식회사 부엌간상무본점,마을교육공동체 워크숍 관련 간담회 비용 지출,72000,2c2384df05c0aabdd15c7af1d75927788e5035b63aed110d7950ae13f8abbee2,sheet1:R4,,,
2c2384df05c0aabd-sheet1-R5,2026-01-12,gwangju-gwangsan,교육도서관과,수초밥참치외 1,지역교육협의체 정기회의 관련 간담회 비용 지출,94600,2c2384df05c0aabdd15c7af1d75927788e5035b63aed110d7950ae13f8abbee2,sheet1:R5,,,
2c2384df05c0aabd-sheet1-R6,2026-01-14,gwangju-gwangsan,교육도서관과,(사) 실로암사람들(카페홀더광산구청점)외 1,상반기 인사이동에 따른 직원 노고격려 소요비용 지출,231000,2c2384df05c0aabdd15c7af1d75927788e5035b63aed110d7950ae13f8abbee2,sheet1:R6,,,
2c2384df05c0aabd-sheet1-R7,2026-01-14,gwangju-gwangsan,교육도서관과,한우수정곱창,미래세대 꿈틀 인생학교 추진 관련 간담회 비용 지출,157000,2c2384df05c0aabdd15c7af1d75927788e5035b63aed110d7950ae13f8abbee2,sheet1:R7,,,
2c2384df05c0aabd-sheet1-R8,2026-01-22,gwangju-gwangsan,교육도서관과,오로라양식(상무점),광산구 교육협력센터 사업추진 관련 간담회 비용 지출,54400,2c2384df05c0aabdd15c7af1d75927788e5035b63aed110d7950ae13f8abbee2,sheet1:R8,,,
2c2384df05c0aabd-sheet1-R9,2026-01-28,gwangju-gwangsan,교육도서관과,(사) 실로암사람들(카페홀더광산구청점)외 1,Rise 사업 추진에 따른 직원 노고격려 소요비용 지출,89800,2c2384df05c0aabdd15c7af1d75927788e5035b63aed110d7950ae13f8abbee2,sheet1:R9,,,
2c2384df05c0aabd-sheet1-R10,2026-02-03,gwangju-gwangsan,교육도서관과,택이네조개전골 수완점,광주RISE 성과공유회 관련 간담회 비용 지출,116000,2c2384df05c0aabdd15c7af1d75927788e5035b63aed110d7950ae13f8abbee2,sheet1:R10,,,
2c2384df05c0aabd-sheet1-R11,2026-02-05,gwangju-gwangsan,교육도서관과,투썸플레이스(광산구청점)외 1,평생교육협의회 정기회의 관련 간담회 비용 지출,80800,2c2384df05c0aabdd15c7af1d75927788e5035b63aed110d7950ae13f8abbee2,sheet1:R11,,,
2c2384df05c0aabd-sheet1-R12,2026-02-06,gwangju-gwangsan,교육도서관과,보플외 1,(재)광산장학회 활성화를 위한 간담회 비용 지출,60800,2c2384df05c0aabdd15c7af1d75927788e5035b63aed110d7950ae13f8abbee2,sheet1:R12,,,
2c2384df05c0aabd-sheet1-R13,2026-02-06,gwangju-gwangsan,교육도서관과,텐퍼센트 김대중컨벤션센터역점외 1,교육환경개선팀 업무 추진에 따른 직원노고 격려 소요비용 지출,99600,2c2384df05c0aabdd15c7af1d75927788e5035b63aed110d7950ae13f8abbee2,sheet1:R13,,,
2c2384df05c0aabd-sheet1-R14,2026-02-26,gwangju-gwangsan,교육도서관과,투썸플레이스(광산구청점),청소년정책팀 업무 추진에 따른 직원노고 격려 소요비용 지출,55900,2c2384df05c0aabdd15c7af1d75927788e5035b63aed110d7950ae13f8abbee2,sheet1:R14,,,
2c2384df05c0aabd-sheet1-R15,2026-02-26,gwangju-gwangsan,교육도서관과,동성떡갈비,장애인 평생학습도시 프로그램 컨설팅 관련 간담회 비용 지출,120000,2c2384df05c0aabdd15c7af1d75927788e5035b63aed110d7950ae13f8abbee2,sheet1:R15,,,
2c2384df05c0aabd-sheet1-R16,2026-02-27,gwangju-gwangsan,교육도서관과,유한회사 송정,도서관정책팀 업무 추진에 따른 직원노고 격려 소요비용 지출,40000,2c2384df05c0aabdd15c7af1d75927788e5035b63aed110d7950ae13f8abbee2,sheet1:R16,,,
2c2384df05c0aabd-sheet1-R17,2026-03-03,gwangju-gwangsan,교육도서관과,봄편지(Spring Letter)외 1,학교복합시설 실시협약 간담회 비용 지출,110000,2c2384df05c0aabdd15c7af1d75927788e5035b63aed110d7950ae13f8abbee2,sheet1:R17,,,
2c2384df05c0aabd-sheet1-R18,2026-03-03,gwangju-gwangsan,교육도서관과,(사) 실로암사람들(카페홀더광산구청점),평생학습팀 업무 추진에 따른 직원노고 격려 소요비용 지출,24500,2c2384df05c0aabdd15c7af1d75927788e5035b63aed110d7950ae13f8abbee2,sheet1:R18,,,
2c2384df05c0aabd-sheet1-R19,2026-03-04,gwangju-gwangsan,교육도서관과,장가네 남원 추어탕,야호센터 업무 추진에 따른 직원노고 격려 소요비용 지출,65000,2c2384df05c0aabdd15c7af1d75927788e5035b63aed110d7950ae13f8abbee2,sheet1:R19,,,
2c2384df05c0aabd-sheet1-R20,2026-03-06,gwangju-gwangsan,교육도서관과,갈능이곰능이수완점,장덕도서관팀 업무 추진에 따른 직원노고 격려 소요비용 지출,165000,2c2384df05c0aabdd15c7af1d75927788e5035b63aed110d7950ae13f8abbee2,sheet1:R20,,,
2c2384df05c0aabd-sheet1-R21,2026-03-12,gwangju-gwangsan,교육도서관과,피자나라 치킨공주 송정점,청소년정책팀 업무 추진에 따른 직원노고 격려 소요비용 지출,67400,2c2384df05c0aabdd15c7af1d75927788e5035b63aed110d7950ae13f8abbee2,sheet1:R21,,,
2c2384df05c0aabd-sheet1-R22,2026-03-17,gwangju-gwangsan,교육도서관과,라라브레드 송정점,작은도서관활성화지원 사업 심의 관련 간담회 비용 지출,43300,2c2384df05c0aabdd15c7af1d75927788e5035b63aed110d7950ae13f8abbee2,sheet1:R22,,,
2c2384df05c0aabd-sheet1-R23,2026-03-18,gwangju-gwangsan,교육도서관과,송정금호,이야기꽃도서관팀 업무 추진에 따른 직원노고 격려 소요비용 지출,158000,2c2384df05c0aabdd15c7af1d75927788e5035b63aed110d7950ae13f8abbee2,sheet1:R23,,,
2c2384df05c0aabd-sheet1-R24,2026-03-23,gwangju-gwangsan,교육도서관과,투썸플레이스광주월곡점외 1,광산구 교육발전협의회 정기회의를 위한 간담회 비용 지출,29000,2c2384df05c0aabdd15c7af1d75927788e5035b63aed110d7950ae13f8abbee2,sheet1:R24,,,
2c2384df05c0aabd-sheet1-R25,2026-03-27,gwangju-gwangsan,교육도서관과,교촌치킨 송정점,도서관정책팀 업무 추진에 따른 직원노고 격려 소요비용 지출,104900,2c2384df05c0aabdd15c7af1d75927788e5035b63aed110d7950ae13f8abbee2,sheet1:R25,,,
99f8a0dd4d88248d-sheet1-R4,2026-01-12,gwangju-gwangsan,홍보실,화정떡갈비,구정 현안 및 주요 정책사업 안내를 위한 간담회 개최,135000,99f8a0dd4d88248d8d152b82c9a0f11831ab4223bb79d840f3892431d6623a52,sheet1:R4,,,
99f8a0dd4d88248d-sheet1-R5,2026-01-13,gwangju-gwangsan,홍보실,세림기러기농원,구정 현안 및 주요 정책사업 안내를 위한 간담회 개최,66000,99f8a0dd4d88248d8d152b82c9a0f11831ab4223bb79d840f3892431d6623a52,sheet1:R5,,,
99f8a0dd4d88248d-sheet1-R6,2026-01-14,gwangju-gwangsan,홍보실,맥문동,구정 현안 및 주요 정책사업 안내를 위한 간담회 개최,165800,99f8a0dd4d88248d8d152b82c9a0f11831ab4223bb79d840f3892431d6623a52,sheet1:R6,,,
99f8a0dd4d88248d-sheet1-R7,2026-01-15,gwangju-gwangsan,홍보실,카페홀더,홍보매체 다양화를 위한 간담회 개최,16000,99f8a0dd4d88248d8d152b82c9a0f11831ab4223bb79d840f3892431d6623a52,sheet1:R7,,,
99f8a0dd4d88248d-sheet1-R8,2026-01-16,gwangju-gwangsan,홍보실,벤티프레소 광주송정점,구정 정책사업 홍보를 위한 언론관계자 간담회용 다과 구입,187500,99f8a0dd4d88248d8d152b82c9a0f11831ab4223bb79d840f3892431d6623a52,sheet1:R8,,,
99f8a0dd4d88248d-sheet1-R9,2026-01-16,gwangju-gwangsan,홍보실,굴세상본점,구정 현안 및 주요 정책사업 안내를 위한 간담회 개최,180000,99f8a0dd4d88248d8d152b82c9a0f11831ab4223bb79d840f3892431d6623a52,sheet1:R9,,,
99f8a0dd4d88248d-sheet1-R10,2026-01-19,gwangju-gwangsan,홍보실,앰블베이커리,구정 현안 홍보를 위한 언론관계자 간담회용 다과 구입,26280,99f8a0dd4d88248d8d152b82c9a0f11831ab4223bb79d840f3892431d6623a52,sheet1:R10,,,
99f8a0dd4d88248d-sheet1-R11,2026-01-15,gwangju-gwangsan,홍보실,앙비떼,홍보매체 다양화를 위한 간담회 개최,45400,99f8a0dd4d88248d8d152b82c9a0f11831ab4223bb79d840f3892431d6623a52,sheet1:R11,,,
99f8a0dd4d88248d-sheet1-R12,2026-01-21,gwangju-gwangsan,홍보실,정가네숯불갈비,구정 현안 및 주요 정책사업 안내를 위한 간담회 개최,200000,99f8a0dd4d88248d8d152b82c9a0f11831ab4223bb79d840f3892431d6623a52,sheet1:R12,,,
99f8a0dd4d88248d-sheet1-R13,2026-01-21,gwangju-gwangsan,홍보실,내가찜하코다리찜,구정 현안 및 주요 정책사업 안내를 위한 간담회 개최,39000,99f8a0dd4d88248d8d152b82c9a0f11831ab4223bb79d840f3892431d6623a52,sheet1:R13,,,
99f8a0dd4d88248d-sheet1-R14,2026-01-22,gwangju-gwangsan,홍보실,광주서울곱창봉선점,구정 현안 및 주요 정책사업 안내를 위한 간담회 개최,117000,99f8a0dd4d88248d8d152b82c9a0f11831ab4223bb79d840f3892431d6623a52,sheet1:R14,,,
99f8a0dd4d88248d-sheet1-R15,2026-01-23,gwangju-gwangsan,홍보실,가마솥국밥 외 1,홍보매체 다양화를 위한 간담회 개최,66300,99f8a0dd4d88248d8d152b82c9a0f11831ab4223bb79d840f3892431d6623a52,sheet1:R15,,,
99f8a0dd4d88248d-sheet1-R16,2026-01-27,gwangju-gwangsan,홍보실,정명관 외 1,홍보매체 다양화를 위한 간담회 개최,119300,99f8a0dd4d88248d8d152b82c9a0f11831ab4223bb79d840f3892431d6623a52,sheet1:R16,,,
99f8a0dd4d88248d-sheet1-R17,2026-01-29,gwangju-gwangsan,홍보실,썬베이커리,구정 현안 홍보를 위한 언론관계자 간담회용 다과 구입,13700,99f8a0dd4d88248d8d152b82c9a0f11831ab4223bb79d840f3892431d6623a52,sheet1:R17,,,
99f8a0dd4d88248d-sheet1-R18,2026-01-29,gwangju-gwangsan,홍보실,달보드레한 외 1,홍보매체 다양화를 위한 간담회 개최,107500,99f8a0dd4d88248d8d152b82c9a0f11831ab4223bb79d840f3892431d6623a52,sheet1:R18,,,
99f8a0dd4d88248d-sheet1-R19,2026-02-02,gwangju-gwangsan,홍보실,김강심칼국수 외 1,구정 현안 및 주요 정책사업 안내를 위한 간담회 개최,36900,99f8a0dd4d88248d8d152b82c9a0f11831ab4223bb79d840f3892431d6623a52,sheet1:R19,,,
99f8a0dd4d88248d-sheet1-R20,2026-02-04,gwangju-gwangsan,홍보실,청민,구정 현안 및 주요 정책사업 안내를 위한 간담회 개최,149200,99f8a0dd4d88248d8d152b82c9a0f11831ab4223bb79d840f3892431d6623a52,sheet1:R20,,,
99f8a0dd4d88248d-sheet1-R21,2026-02-05,gwangju-gwangsan,홍보실,진식당본점,홍보매체 다양화를 위한 간담회 개최,62000,99f8a0dd4d88248d8d152b82c9a0f11831ab4223bb79d840f3892431d6623a52,sheet1:R21,,,
99f8a0dd4d88248d-sheet1-R22,2026-02-09,gwangju-gwangsan,홍보실,니코니코니,홍보매체 다양화를 위한 간담회 개최,43500,99f8a0dd4d88248d8d152b82c9a0f11831ab4223bb79d840f3892431d6623a52,sheet1:R22,,,
99f8a0dd4d88248d-sheet1-R23,2026-02-12,gwangju-gwangsan,홍보실,앙비떼,구정 현안 홍보를 위한 언론관계자 간담회용 다과 구입,80000,99f8a0dd4d88248d8d152b82c9a0f11831ab4223bb79d840f3892431d6623a52,sheet1:R23,,,
99f8a0dd4d88248d-sheet1-R24,2026-02-19,gwangju-gwangsan,홍보실,김상궁,구정 현안 및 주요 정책사업 안내를 위한 간담회 개최,46000,99f8a0dd4d88248d8d152b82c9a0f11831ab4223bb79d840f3892431d6623a52,sheet1:R24,,,
99f8a0dd4d88248d-sheet1-R25,2026-02-20,gwangju-gwangsan,홍보실,까트르쎄종,구정 현안 및 주요 정책사업 안내를 위한 간담회 개최,187000,99f8a0dd4d88248d8d152b82c9a0f11831ab4223bb79d840f3892431d6623a52,sheet1:R25,,,
99f8a0dd4d88248d-sheet1-R26,2026-02-23,gwangju-gwangsan,홍보실,오버릿,홍보매체 다양화를 위한 간담회 개최,4000,99f8a0dd4d88248d8d152b82c9a0f11831ab4223bb79d840f3892431d6623a52,sheet1:R26,,,
99f8a0dd4d88248d-sheet1-R27,2026-02-23,gwangju-gwangsan,홍보실,앰블베이커리,구정 현안 홍보를 위한 출입기자 차담회용 다과 구입,31600,99f8a0dd4d88248d8d152b82c9a0f11831ab4223bb79d840f3892431d6623a52,sheet1:R27,,,
99f8a0dd4d88248d-sheet1-R28,2026-02-27,gwangju-gwangsan,홍보실,투썸플레이스 광산구청점,구정 현안 및 주요 정책사업 안내를 위한 간담회 개최,21000,99f8a0dd4d88248d8d152b82c9a0f11831ab4223bb79d840f3892431d6623a52,sheet1:R28,,,
99f8a0dd4d88248d-sheet1-R29,2026-03-03,gwangju-gwangsan,홍보실,라이크앤,구정 현안 및 주요 정책사업 안내를 위한 간담회 개최,213600,99f8a0dd4d88248d8d152b82c9a0f11831ab4223bb79d840f3892431d6623a52,sheet1:R29,,,
99f8a0dd4d88248d-sheet1-R30,2026-03-03,gwangju-gwangsan,홍보실,큰집생태탕 외 1,홍보매체 다양화를 위한 간담회 개최,70000,99f8a0dd4d88248d8d152b82c9a0f11831ab4223bb79d840f3892431d6623a52,sheet1:R30,,,
99f8a0dd4d88248d-sheet1-R31,2026-03-04,gwangju-gwangsan,홍보실,까트르쎄종,구정 현안 및 주요 정책사업 안내를 위한 간담회 개최,133000,99f8a0dd4d88248d8d152b82c9a0f11831ab4223bb79d840f3892431d6623a52,sheet1:R31,,,
99f8a0dd4d88248d-sheet1-R32,2026-03-05,gwangju-gwangsan,홍보실,유일장어,구정 현안 및 주요 정책사업 안내를 위한 간담회 개최,104100,99f8a0dd4d88248d8d152b82c9a0f11831ab4223bb79d840f3892431d6623a52,sheet1:R32,,,
99f8a0dd4d88248d-sheet1-R33,2026-03-05,gwangju-gwangsan,홍보실,카페홀더,구정 현안 및 주요 정책사업 안내를 위한 간담회 개최,2500,99f8a0dd4d88248d8d152b82c9a0f11831ab4223bb79d840f3892431d6623a52,sheet1:R33,,,
99f8a0dd4d88248d-sheet1-R34,2026-03-09,gwangju-gwangsan,홍보실,옛날에금잔디,홍보매체 다양화를 위한 간담회 개최,76000,99f8a0dd4d88248d8d152b82c9a0f11831ab4223bb79d840f3892431d6623a52,sheet1:R34,,,
99f8a0dd4d88248d-sheet1-R35,2026-03-09,gwangju-gwangsan,홍보실,어등뼈해장국보쌈,구정 현안 및 주요 정책사업 안내를 위한 간담회 개최,158500,99f8a0dd4d88248d8d152b82c9a0f11831ab4223bb79d840f3892431d6623a52,sheet1:R35,,,
99f8a0dd4d88248d-sheet1-R36,2026-03-10,gwangju-gwangsan,홍보실,황토집 외 1,구정 현안 및 주요 정책사업 안내를 위한 간담회 개최,83100,99f8a0dd4d88248d8d152b82c9a0f11831ab4223bb79d840f3892431d6623a52,sheet1:R36,,,
99f8a0dd4d88248d-sheet1-R37,2026-03-11,gwangju-gwangsan,홍보실,다연닭갈비 외 1,구정 현안 및 주요 정책사업 안내를 위한 간담회 개최,150800,99f8a0dd4d88248d8d152b82c9a0f11831ab4223bb79d840f3892431d6623a52,sheet1:R37,,,
99f8a0dd4d88248d-sheet1-R38,2026-03-11,gwangju-gwangsan,홍보실,카페홀더,홍보매체 다양화를 위한 간담회 개최,67500,99f8a0dd4d88248d8d152b82c9a0f11831ab4223bb79d840f3892431d6623a52,sheet1:R38,,,
99f8a0dd4d88248d-sheet1-R39,2026-03-12,gwangju-gwangsan,홍보실,영명국밥,홍보매체 다양화를 위한 간담회 개최,41000,99f8a0dd4d88248d8d152b82c9a0f11831ab4223bb79d840f3892431d6623a52,sheet1:R39,,,
99f8a0dd4d88248d-sheet1-R40,2026-03-16,gwangju-gwangsan,홍보실,카페홀더,구정 현안 및 주요 정책사업 안내를 위한 간담회 개최,17500,99f8a0dd4d88248d8d152b82c9a0f11831ab4223bb79d840f3892431d6623a52,sheet1:R40,,,
99f8a0dd4d88248d-sheet1-R41,2026-03-17,gwangju-gwangsan,홍보실,마오 광주점,구정 현안 및 주요 정책사업 안내를 위한 간담회 개최,287000,99f8a0dd4d88248d8d152b82c9a0f11831ab4223bb79d840f3892431d6623a52,sheet1:R41,,,
99f8a0dd4d88248d-sheet1-R42,2026-03-19,gwangju-gwangsan,홍보실,진보쌈 외 1,홍보매체 다양화를 위한 간담회 개최,72000,99f8a0dd4d88248d8d152b82c9a0f11831ab4223bb79d840f3892431d6623a52,sheet1:R42,,,
99f8a0dd4d88248d-sheet1-R43,2026-03-24,gwangju-gwangsan,홍보실,청민,구정 현안 및 주요 정책사업 안내를 위한 간담회 개최,151800,99f8a0dd4d88248d8d152b82c9a0f11831ab4223bb79d840f3892431d6623a52,sheet1:R43,,,
99f8a0dd4d88248d-sheet1-R44,2026-03-26,gwangju-gwangsan,홍보실,가마솥국밥,구정 현안 및 주요 정책사업 안내를 위한 간담회 개최,70000,99f8a0dd4d88248d8d152b82c9a0f11831ab4223bb79d840f3892431d6623a52,sheet1:R44,,,
99f8a0dd4d88248d-sheet1-R45,2026-03-27,gwangju-gwangsan,홍보실,달빛에구운고등어상무점,홍보매체 다양화를 위한 간담회 개최,54500,99f8a0dd4d88248d8d152b82c9a0f11831ab4223bb79d840f3892431d6623a52,sheet1:R45,,,
99f8a0dd4d88248d-sheet1-R46,2026-03-27,gwangju-gwangsan,홍보실,투썸플레이스광산구청점,홍보매체 다양화를 위한 간담회 개최,15300,99f8a0dd4d88248d8d152b82c9a0f11831ab4223bb79d840f3892431d6623a52,sheet1:R46,,,
99f8a0dd4d88248d-sheet1-R47,2026-03-31,gwangju-gwangsan,홍보실,매력명품한우관,구정 현안 및 주요 정책사업 안내를 위한 간담회 개최,50000,99f8a0dd4d88248d8d152b82c9a0f11831ab4223bb79d840f3892431d6623a52,sheet1:R47,,,
99f8a0dd4d88248d-sheet1-R48,2026-03-31,gwangju-gwangsan,홍보실,카페홀더,홍보매체 다양화를 위한 간담회 개최,15000,99f8a0dd4d88248d8d152b82c9a0f11831ab4223bb79d840f3892431d6623a52,sheet1:R48,,,
540bfefe25d67663-sheet1-R4,2026-01-07,gwangju-gwangsan,신창동,김금자숯불갈비 광주송정점,신창동 사회단체장 신년인사회 추진,158700,540bfefe25d6766392341fb57010c3e8e27081332554e45c107e87116db504e8,sheet1:R4,,,
540bfefe25d67663-sheet1-R5,2026-01-09,gwangju-gwangsan,신창동,번개어시장1984 신가점,신창동 지사협 운영 논의를 위한 만찬 간담회 추진,65550,540bfefe25d6766392341fb57010c3e8e27081332554e45c107e87116db504e8,sheet1:R5,,,
540bfefe25d67663-sheet1-R6,2026-01-15,gwangju-gwangsan,신창동,금수저은수저,주민자치회 임원진 오찬 간담회 추진,104000,540bfefe25d6766392341fb57010c3e8e27081332554e45c107e87116db504e8,sheet1:R6,,,
540bfefe25d67663-sheet1-R7,2026-01-23,gwangju-gwangsan,신창동,신창동가마구미왕족발,「웃음꽃 천원밥상」신규 식당 협약식 추진 논의 간담회,152000,540bfefe25d6766392341fb57010c3e8e27081332554e45c107e87116db504e8,sheet1:R7,,,
540bfefe25d67663-sheet1-R8,2026-01-30,gwangju-gwangsan,신창동,09바다,신창동 통장단 임원진 간담회 추진,150000,540bfefe25d6766392341fb57010c3e8e27081332554e45c107e87116db504e8,sheet1:R8,,,
540bfefe25d67663-sheet1-R9,2026-01-30,gwangju-gwangsan,신창동,해오름달,겨울철 제설대책 논의 차담회 추진,26700,540bfefe25d6766392341fb57010c3e8e27081332554e45c107e87116db504e8,sheet1:R9,,,
540bfefe25d67663-sheet1-R10,2026-01-31,gwangju-gwangsan,신창동,주식회사 더볼코리아 마오 광주점,설 명절맞이 돌봄이웃 위문 간담회 추진,92000,540bfefe25d6766392341fb57010c3e8e27081332554e45c107e87116db504e8,sheet1:R10,,,
540bfefe25d67663-sheet1-R11,2026-02-02,gwangju-gwangsan,신창동,금수저은수저,주요 동정논의를 위한 간담회 추진,45000,540bfefe25d6766392341fb57010c3e8e27081332554e45c107e87116db504e8,sheet1:R11,,,
540bfefe25d67663-sheet1-R12,2026-02-11,gwangju-gwangsan,신창동,린아,신창동 지사협 운영 논의 차담회 추진,54000,540bfefe25d6766392341fb57010c3e8e27081332554e45c107e87116db504e8,sheet1:R12,,,
540bfefe25d67663-sheet1-R13,2026-02-20,gwangju-gwangsan,신창동,해남한우집,신창동 사회단체장협의회 간담회 추진,147000,540bfefe25d6766392341fb57010c3e8e27081332554e45c107e87116db504e8,sheet1:R13,,,
540bfefe25d67663-sheet1-R14,2026-02-25,gwangju-gwangsan,신창동,신돈지마을,신창동 어르신 돌봄기관 간담회 추진,32000,540bfefe25d6766392341fb57010c3e8e27081332554e45c107e87116db504e8,sheet1:R14,,,
540bfefe25d67663-sheet1-R15,2026-03-05,gwangju-gwangsan,신창동,불장난파스타,걷기동아리 활동 논의를 위한 간담회 추진,41000,540bfefe25d6766392341fb57010c3e8e27081332554e45c107e87116db504e8,sheet1:R15,,,
540bfefe25d67663-sheet1-R16,2026-03-09,gwangju-gwangsan,신창동,무등소갈비 수완점,신창동 지역사회보장협의체 추진사업 논의를 위한 간담회 추진,94800,540bfefe25d6766392341fb57010c3e8e27081332554e45c107e87116db504e8,sheet1:R16,,,
540bfefe25d67663-sheet1-R17,2026-03-13,gwangju-gwangsan,신창동,숯불고깃간,신창동 자원봉사캠프 간담회 추진,98000,540bfefe25d6766392341fb57010c3e8e27081332554e45c107e87116db504e8,sheet1:R17,,,
540bfefe25d67663-sheet1-R18,2026-03-19,gwangju-gwangsan,신창동,청년연어,찾아가는 경청 구청장실 추진 관계자 간담회 추진,92000,540bfefe25d6766392341fb57010c3e8e27081332554e45c107e87116db504e8,sheet1:R18,,,
540bfefe25d67663-sheet1-R19,2026-03-24,gwangju-gwangsan,신창동,돈구이 바람났네 닭이랑,어르신 돌봄기관 업무협약에 따른 간담회 추진,245000,540bfefe25d6766392341fb57010c3e8e27081332554e45c107e87116db504e8,sheet1:R19,,,
540bfefe25d67663-sheet1-R20,2026-03-26,gwangju-gwangsan,신창동,금수저은수저,신창동 초등학교 관계자 간담회 추진,75000,540bfefe25d6766392341fb57010c3e8e27081332554e45c107e87116db504e8,sheet1:R20,,,
540bfefe25d67663-sheet1-R21,2026-03-30,gwangju-gwangsan,신창동,린아,신창동 아나바다 나눔장터 운영 노고 격려,96000,540bfefe25d6766392341fb57010c3e8e27081332554e45c107e87116db504e8,sheet1:R21,,,
540bfefe25d67663-sheet1-R22,2026-03-31,gwangju-gwangsan,신창동,해오름달외 1,신창동 자율방재단 간담회 추진,50600,540bfefe25d6766392341fb57010c3e8e27081332554e45c107e87116db504e8,sheet1:R22,,,
e3de2b1ad7c38eaa-sheet1-R5,2026-01-16,gwangju-gwangsan,첨단1동,양마니 명동찌개마을,동 미래발전계획 실행단 운영을 위한 간담회 추진,58000,e3de2b1ad7c38eaaaa1ccb8bbb9f7293a1ad853e14503da53efdafceae9b9e3f,sheet1:R5,,,
e3de2b1ad7c38eaa-sheet1-R6,2026-01-20,gwangju-gwangsan,첨단1동,달봉이 외 1,마을제설단 간담회 추진 비용 지출,72100,e3de2b1ad7c38eaaaa1ccb8bbb9f7293a1ad853e14503da53efdafceae9b9e3f,sheet1:R6,,,
e3de2b1ad7c38eaa-sheet1-R7,2026-01-22,gwangju-gwangsan,첨단1동,원할머니보쌈 광주첨단점 외 1,첨단1동 적십자봉사회 간담회 식비 지출,52900,e3de2b1ad7c38eaaaa1ccb8bbb9f7293a1ad853e14503da53efdafceae9b9e3f,sheet1:R7,,,
e3de2b1ad7c38eaa-sheet1-R8,2026-02-05,gwangju-gwangsan,첨단1동,달봉이,첨단1동 기관사회단체장협의회 간담회 추진 비용 지출,182000,e3de2b1ad7c38eaaaa1ccb8bbb9f7293a1ad853e14503da53efdafceae9b9e3f,sheet1:R8,,,
e3de2b1ad7c38eaa-sheet1-R9,2026-02-23,gwangju-gwangsan,첨단1동,후동이소금구이,마을의제사업 논의를 위한 주민자치회 임원진 간담회 추진,124800,e3de2b1ad7c38eaaaa1ccb8bbb9f7293a1ad853e14503da53efdafceae9b9e3f,sheet1:R9,,,
e3de2b1ad7c38eaa-sheet1-R10,2026-02-27,gwangju-gwangsan,첨단1동,피키컵스(Picky Cups),첨단1·2동 미래발전계획 공동사업 추진을 위한 간담회 추진,49000,e3de2b1ad7c38eaaaa1ccb8bbb9f7293a1ad853e14503da53efdafceae9b9e3f,sheet1:R10,,,
e3de2b1ad7c38eaa-sheet1-R11,2026-03-12,gwangju-gwangsan,첨단1동,달봉이,첨단1·2동 미래발전계획 공동사업 추진을 위한 간담회 추진,182000,e3de2b1ad7c38eaaaa1ccb8bbb9f7293a1ad853e14503da53efdafceae9b9e3f,sheet1:R11,bcf61c9af7778b78c28b4aaf414c3683d786e2607468ec207756a4c1e83d4142:sheet1:R5,,
e3de2b1ad7c38eaa-sheet1-R12,2026-03-19,gwangju-gwangsan,첨단1동,파리바게트첨단점,나눔친구 발굴을 위한 지역사회보장협의체 임원진 간담회 추진,20200,e3de2b1ad7c38eaaaa1ccb8bbb9f7293a1ad853e14503da53efdafceae9b9e3f,sheet1:R12,bcf61c9af7778b78c28b4aaf414c3683d786e2607468ec207756a4c1e83d4142:sheet1:R6,,
e3de2b1ad7c38eaa-sheet1-R13,2026-03-23,gwangju-gwangsan,첨단1동,해안식당 첨단점 외 1,첨단1동 통장단 임원진 간담회 추진,173600,e3de2b1ad7c38eaaaa1ccb8bbb9f7293a1ad853e14503da53efdafceae9b9e3f,sheet1:R13,,,
e3de2b1ad7c38eaa-sheet1-R14,2026-03-26,gwangju-gwangsan,첨단1동,금순이푸드직화쭈꾸미,주민자치회 회칙 개정 논의를 위한 주민자치회 임원진 간담회 추진,196000,e3de2b1ad7c38eaaaa1ccb8bbb9f7293a1ad853e14503da53efdafceae9b9e3f,sheet1:R14,bcf61c9af7778b78c28b4aaf414c3683d786e2607468ec207756a4c1e83d4142:sheet1:R8,,
d42cd974b480c33f-sheet1-R5,2026-03-04,gwangju-gwangsan,민원봉사과,(사)실로암사람들(카페홀더광산구청점),무인민원발급기 빅데이터 분석을 위한 간담회 개최,21500,d42cd974b480c33f66b9c34e349014e8e788fac17b4c25a0c8de6fc85c1b553b,sheet1:R5,,,
d42cd974b480c33f-sheet1-R6,2026-03-11,gwangju-gwangsan,민원봉사과,어부네회수산,여권행정 자원봉사단과의 간담회 개최,290000,d42cd974b480c33f66b9c34e349014e8e788fac17b4c25a0c8de6fc85c1b553b,sheet1:R6,,,
d42cd974b480c33f-sheet1-R7,2026-03-11,gwangju-gwangsan,민원봉사과,앙비떼,여권행정 자원봉사단과의 간담회 개최,67800,d42cd974b480c33f66b9c34e349014e8e788fac17b4c25a0c8de6fc85c1b553b,sheet1:R7,,,
6b06dd94aef42d28-sheet1-R5,2026-01-15,gwangju-gwangsan,주민자치과,광산나주곰탕,동 주민과의대화 추진 협조를 위한 관계자 간담회,120000,6b06dd94aef42d282b775e36709ad553adefad9ff0ec80917512415ea007f26d,sheet1:R5,,,
6b06dd94aef42d28-sheet1-R6,2026-01-19,gwangju-gwangsan,주민자치과,빛고을차림상,고향사랑 기부제 활성화를 위한 관계자 간담회,68000,6b06dd94aef42d282b775e36709ad553adefad9ff0ec80917512415ea007f26d,sheet1:R6,,,
6b06dd94aef42d28-sheet1-R7,2026-01-20,gwangju-gwangsan,주민자치과,이조떡갈비,주민자치 운영 활성화를 위한 관계자 간담회,276000,6b06dd94aef42d282b775e36709ad553adefad9ff0ec80917512415ea007f26d,sheet1:R7,,,
6b06dd94aef42d28-sheet1-R8,2026-02-02,gwangju-gwangsan,주민자치과,카페드나들다,동별 현안사업 논의를 위한 회의 다과 구입,144000,6b06dd94aef42d282b775e36709ad553adefad9ff0ec80917512415ea007f26d,sheet1:R8,,,
6b06dd94aef42d28-sheet1-R9,2026-02-09,gwangju-gwangsan,주민자치과,진성수가,주민건의 사항 청취 및 정책 반영을 위한 간담회,290000,6b06dd94aef42d282b775e36709ad553adefad9ff0ec80917512415ea007f26d,sheet1:R9,,,
6b06dd94aef42d28-sheet1-R10,2026-02-10,gwangju-gwangsan,주민자치과,마녀의닭갈비,주민자치 업무 추진을 위한 관계자 간담회,122000,6b06dd94aef42d282b775e36709ad553adefad9ff0ec80917512415ea007f26d,sheet1:R10,,,
6b06dd94aef42d28-sheet1-R11,2026-02-23,gwangju-gwangsan,주민자치과,장수국밥,원활한 동 미래발전계획 추진을 위한 관계자 간담회,60000,6b06dd94aef42d282b775e36709ad553adefad9ff0ec80917512415ea007f26d,sheet1:R11,,,
6b06dd94aef42d28-sheet1-R12,2026-02-25,gwangju-gwangsan,주민자치과,"역전대패, 앙비떼",원활한 주민자치 사업 추진을 위한 관계자 간담회,87500,6b06dd94aef42d282b775e36709ad553adefad9ff0ec80917512415ea007f26d,sheet1:R12,,,
6b06dd94aef42d28-sheet1-R13,2026-03-06,gwangju-gwangsan,주민자치과,투썸플레이스,마을공동체 사업 추진을 위한 관계자 간담회,39000,6b06dd94aef42d282b775e36709ad553adefad9ff0ec80917512415ea007f26d,sheet1:R13,,,
6b06dd94aef42d28-sheet1-R14,2026-03-10,gwangju-gwangsan,주민자치과,인생짬뽕,주민자치회 현안사업 논의를 위한 관계자 간담회,65000,6b06dd94aef42d282b775e36709ad553adefad9ff0ec80917512415ea007f26d,sheet1:R14,,,
6b06dd94aef42d28-sheet1-R15,2026-03-16,gwangju-gwangsan,주민자치과,만복이쭈꾸미낙지볶음,동미래발전계획 실행사업 추진을 위한 관계자 간담회,95000,6b06dd94aef42d282b775e36709ad553adefad9ff0ec80917512415ea007f26d,sheet1:R15,,,
6b06dd94aef42d28-sheet1-R16,2026-03-19,gwangju-gwangsan,주민자치과,진보쌈,동 주민과의대화 처리 관련 관계자 간담회,75000,6b06dd94aef42d282b775e36709ad553adefad9ff0ec80917512415ea007f26d,sheet1:R16,,,
6b06dd94aef42d28-sheet1-R17,2026-03-24,gwangju-gwangsan,주민자치과,앙비떼,주민자치 활성화 및 현안논의를 위한 간담회,152000,6b06dd94aef42d282b775e36709ad553adefad9ff0ec80917512415ea007f26d,sheet1:R17,,,
6b06dd94aef42d28-sheet1-R18,2026-03-30,gwangju-gwangsan,주민자치과,추어가남원추어탕,동현장 행정지원을 위한 관계자 간담회,60000,6b06dd94aef42d282b775e36709ad553adefad9ff0ec80917512415ea007f26d,sheet1:R18,,,
63497d352fdec9d5-sheet1-R5,2026-01-07,gwangju-gwangsan,주민자치과,송정골,제9회 전국동시지방선거 추진을 위한 관계자 간담회,72000,63497d352fdec9d5a6c5e095e4c4ebfdfe26e03ba2eb56c938b0a0e9a1e494a1,sheet1:R5,,,
63497d352fdec9d5-sheet1-R6,2026-01-09,gwangju-gwangsan,주민자치과,어부네회수산,2026년 자치행정국 업무계획 관련 간담회,185000,63497d352fdec9d5a6c5e095e4c4ebfdfe26e03ba2eb56c938b0a0e9a1e494a1,sheet1:R6,,,
63497d352fdec9d5-sheet1-R7,2026-01-12,gwangju-gwangsan,주민자치과,화천추어탕,동 주민과의대화 추진 협조를 위한 관계자 간담회,72000,63497d352fdec9d5a6c5e095e4c4ebfdfe26e03ba2eb56c938b0a0e9a1e494a1,sheet1:R7,,,
63497d352fdec9d5-sheet1-R8,2026-01-19,gwangju-gwangsan,주민자치과,화천추어탕,광주전남 행정통합 관련 관계자 간담회,75000,63497d352fdec9d5a6c5e095e4c4ebfdfe26e03ba2eb56c938b0a0e9a1e494a1,sheet1:R8,,,
63497d352fdec9d5-sheet1-R9,2026-01-22,gwangju-gwangsan,주민자치과,텐퍼센트커피,광주전남 행정통합 공청회 관련 관계자 간담회,23300,63497d352fdec9d5a6c5e095e4c4ebfdfe26e03ba2eb56c938b0a0e9a1e494a1,sheet1:R9,,,
63497d352fdec9d5-sheet1-R10,2026-01-29,gwangju-gwangsan,주민자치과,롯데리아,광주전남 행정통합 공청회 추진 직원 노고 격려 간담회,65000,63497d352fdec9d5a6c5e095e4c4ebfdfe26e03ba2eb56c938b0a0e9a1e494a1,sheet1:R10,,,
63497d352fdec9d5-sheet1-R11,2026-02-06,gwangju-gwangsan,주민자치과,만복이쭈꾸미,자치행정국 신년업무 추진 관계자 간담회,190000,63497d352fdec9d5a6c5e095e4c4ebfdfe26e03ba2eb56c938b0a0e9a1e494a1,sheet1:R11,,,
63497d352fdec9d5-sheet1-R12,2026-02-12,gwangju-gwangsan,주민자치과,"새송정떡갈비, 앙비떼",자치행정국 미래발전 공유회 소통 간담회,163000,63497d352fdec9d5a6c5e095e4c4ebfdfe26e03ba2eb56c938b0a0e9a1e494a1,sheet1:R12,,,
63497d352fdec9d5-sheet1-R13,2026-02-24,gwangju-gwangsan,주민자치과,서울곱창,자치행정팀 업무 추진 노고 격려 간담회,82000,63497d352fdec9d5a6c5e095e4c4ebfdfe26e03ba2eb56c938b0a0e9a1e494a1,sheet1:R13,,,
63497d352fdec9d5-sheet1-R14,2026-03-04,gwangju-gwangsan,주민자치과,앙비떼,원활한 동장회의 추진을 위한 다과 구입,235000,63497d352fdec9d5a6c5e095e4c4ebfdfe26e03ba2eb56c938b0a0e9a1e494a1,sheet1:R14,,,
63497d352fdec9d5-sheet1-R15,2026-03-09,gwangju-gwangsan,주민자치과,피자스쿨,주민자치과 업무 추진 격려 간식 구입,55600,63497d352fdec9d5a6c5e095e4c4ebfdfe26e03ba2eb56c938b0a0e9a1e494a1,sheet1:R15,,,
63497d352fdec9d5-sheet1-R16,2026-03-11,gwangju-gwangsan,주민자치과,앙비떼,원활한 선거업무 추진을 위한 음료 구입,93000,63497d352fdec9d5a6c5e095e4c4ebfdfe26e03ba2eb56c938b0a0e9a1e494a1,sheet1:R16,,,
63497d352fdec9d5-sheet1-R17,2026-03-25,gwangju-gwangsan,주민자치과,마녀샌드위치,민원서비스 종합평가 업무 추진에 따른 직원 격려 간식 구입,280000,63497d352fdec9d5a6c5e095e4c4ebfdfe26e03ba2eb56c938b0a0e9a1e494a1,sheet1:R17,,,
7e07c5d92a3d267c-sheet1-R4,2026-02-06,gwangju-gwangsan,식품위생과,송정금호축산 하남점,2026년 음식문화개선사업 업무공유 위한 간담회,176000,7e07c5d92a3d267c566c7f5f648f934e9f278f23e17627d31157273b768b6f8d,sheet1:R4,,,
7e07c5d92a3d267c-sheet1-R5,2026-03-20,gwangju-gwangsan,식품위생과,광주해육반첨단본점,식품위생관리사업 운영사항 공유 및 발전방안 논의 간담회,128000,7e07c5d92a3d267c566c7f5f648f934e9f278f23e17627d31157273b768b6f8d,sheet1:R5,,,
872f3fb03086d1d6-sheet1-R5,2026-01-19,gwangju-gwangsan,신흥동,카페드히솝(CAFEDEHYSSOP),"동절기 한파, 폭설 등 재난 대응 논의를 위한 차담회 개최 비용 집행",29000,872f3fb03086d1d68679cb4dbac6523ec9079e31c58c3e4ef7abea63fe865db1,sheet1:R5,,,
872f3fb03086d1d6-sheet1-R6,2026-02-05,gwangju-gwangsan,신흥동,진지방순대국(광주송정점),명절 배려계층 나눔 활동 추진을 위한 간담회 비용 집행,58000,872f3fb03086d1d68679cb4dbac6523ec9079e31c58c3e4ef7abea63fe865db1,sheet1:R6,,,
872f3fb03086d1d6-sheet1-R7,2026-03-05,gwangju-gwangsan,신흥동,온컵(ON CUP),주민자치 활성화 방안 논의를 위한 차담회 비용 집행,14500,872f3fb03086d1d68679cb4dbac6523ec9079e31c58c3e4ef7abea63fe865db1,sheet1:R7,,,
872f3fb03086d1d6-sheet1-R8,2026-03-11,gwangju-gwangsan,신흥동,"송정리해물아구찜, 카페콩",지역 현안사업 추진 관련 사회단체장 간담회 비용 집행,90800,872f3fb03086d1d68679cb4dbac6523ec9079e31c58c3e4ef7abea63fe865db1,sheet1:R8,,,
872f3fb03086d1d6-sheet1-R9,2026-03-12,gwangju-gwangsan,신흥동,또바기초밥,2026년 동 미래발전계획 사업 추진 논의를 위한 간담회 개최,60000,872f3fb03086d1d68679cb4dbac6523ec9079e31c58c3e4ef7abea63fe865db1,sheet1:R9,,,
872f3fb03086d1d6-sheet1-R10,2026-03-16,gwangju-gwangsan,신흥동,"삼보식당, 커피마운틴",주민참여예산 사업 추진 방안 논의를 위한 간담회 비용 집행,80500,872f3fb03086d1d68679cb4dbac6523ec9079e31c58c3e4ef7abea63fe865db1,sheet1:R10,,,
872f3fb03086d1d6-sheet1-R11,2026-03-20,gwangju-gwangsan,신흥동,리멤버미,"고립, 돌봄이웃 살핌 활동 추진 방안 논의를 위한 차담회 비용 집행",45500,872f3fb03086d1d68679cb4dbac6523ec9079e31c58c3e4ef7abea63fe865db1,sheet1:R11,,,
872f3fb03086d1d6-sheet1-R12,2026-03-27,gwangju-gwangsan,신흥동,삼보식당,줍깅 사업 추진 활성화 방안 논의 관련 간담회 비용 집행,254000,872f3fb03086d1d68679cb4dbac6523ec9079e31c58c3e4ef7abea63fe865db1,sheet1:R12,,,
07406a2ebbf9388d-sheet1-R5,2026-01-08,gwangju-gwangsan,평동,어등골,2026년 경로당 운영사항 논의를 위한 간담회 개최,35000,07406a2ebbf9388d4870301cb3e03543c9ef84132041fb501f9375033f0f209b,sheet1:R5,,,
07406a2ebbf9388d-sheet1-R6,2026-01-08,gwangju-gwangsan,평동,상미농원,겨울철 대설대비 방안 논의를 위한 간담회 개최,49000,07406a2ebbf9388d4870301cb3e03543c9ef84132041fb501f9375033f0f209b,sheet1:R6,,,
07406a2ebbf9388d-sheet1-R7,2026-01-09,gwangju-gwangsan,평동,어등골,주요 마을 현안 파악을 위한 간담회 개최,28000,07406a2ebbf9388d4870301cb3e03543c9ef84132041fb501f9375033f0f209b,sheet1:R7,,,
07406a2ebbf9388d-sheet1-R8,2026-01-13,gwangju-gwangsan,평동,바다의향기,마을 현안 파악을 위한 간담회 개최,240000,07406a2ebbf9388d4870301cb3e03543c9ef84132041fb501f9375033f0f209b,sheet1:R8,,,
07406a2ebbf9388d-sheet1-R9,2026-01-16,gwangju-gwangsan,평동,미연식당,평동 마을제설단 운영 사항 논의를 위한 간담회 개최,190000,07406a2ebbf9388d4870301cb3e03543c9ef84132041fb501f9375033f0f209b,sheet1:R9,,,
07406a2ebbf9388d-sheet1-R10,2026-01-27,gwangju-gwangsan,평동,일품한우무한리필전문점,설 명절 맞이 생활현장 운영 논의를 위한 간담회 개최,273000,07406a2ebbf9388d4870301cb3e03543c9ef84132041fb501f9375033f0f209b,sheet1:R10,,,
07406a2ebbf9388d-sheet1-R11,2026-01-29,gwangju-gwangsan,평동,하지메,동 주민과의 대화 추진 논의를 위한 간담회 개최,151000,07406a2ebbf9388d4870301cb3e03543c9ef84132041fb501f9375033f0f209b,sheet1:R11,,,
07406a2ebbf9388d-sheet1-R12,2026-02-10,gwangju-gwangsan,평동,삼희불낙(상무본점),생활현장 민원 파악을 위한 간담회 개최,50000,07406a2ebbf9388d4870301cb3e03543c9ef84132041fb501f9375033f0f209b,sheet1:R12,,,
07406a2ebbf9388d-sheet1-R13,2026-02-12,gwangju-gwangsan,평동,평동농업협동조합 하나로마트,동 행정복지센터 내방객 응대를 위한 간식 구입,39600,07406a2ebbf9388d4870301cb3e03543c9ef84132041fb501f9375033f0f209b,sheet1:R13,,,
07406a2ebbf9388d-sheet1-R14,2026-02-13,gwangju-gwangsan,평동,평동농업협동조합 하나로마트,각종 생활민원 업무 추진 직원 노고격려 간식비 지급,78000,07406a2ebbf9388d4870301cb3e03543c9ef84132041fb501f9375033f0f209b,sheet1:R14,,,
07406a2ebbf9388d-sheet1-R15,2026-02-20,gwangju-gwangsan,평동,제주덕구광주하남점,정월대보름 행사 논의를 위한 간담회 개최,40000,07406a2ebbf9388d4870301cb3e03543c9ef84132041fb501f9375033f0f209b,sheet1:R15,,,
07406a2ebbf9388d-sheet1-R16,2026-02-23,gwangju-gwangsan,평동,터울김병삼무안뻘낙지,민원 전 민원해결을 위한 마을 현안 파악 간담회 개최,195000,07406a2ebbf9388d4870301cb3e03543c9ef84132041fb501f9375033f0f209b,sheet1:R16,,,
07406a2ebbf9388d-sheet1-R17,2026-02-25,gwangju-gwangsan,평동,매화도회센터,정월대보름 행사 추진 사항 논의를 위한 간담회 개최,80000,07406a2ebbf9388d4870301cb3e03543c9ef84132041fb501f9375033f0f209b,sheet1:R17,,,
07406a2ebbf9388d-sheet1-R18,2026-03-06,gwangju-gwangsan,평동,어등골,생활안전 강화를 위한 포트홀 현황 파악 간담회 개최,34000,07406a2ebbf9388d4870301cb3e03543c9ef84132041fb501f9375033f0f209b,sheet1:R18,,,
07406a2ebbf9388d-sheet1-R19,2026-03-25,gwangju-gwangsan,평동,윤보네 식육식당,동 생활행정 강화 지원 사업 논의를 위한 간담회 개최,68400,07406a2ebbf9388d4870301cb3e03543c9ef84132041fb501f9375033f0f209b,sheet1:R19,,,
07406a2ebbf9388d-sheet1-R20,2026-03-26,gwangju-gwangsan,평동,마포족발,도로 환경정비(예초) 대상지 파악을 위한 간담회 개최,135000,07406a2ebbf9388d4870301cb3e03543c9ef84132041fb501f9375033f0f209b,sheet1:R20,,,
07406a2ebbf9388d-sheet1-R21,2026-03-30,gwangju-gwangsan,평동,상미농원,복지 사각지대 발굴을 위한 간담회 개최,49000,07406a2ebbf9388d4870301cb3e03543c9ef84132041fb501f9375033f0f209b,sheet1:R21,,,
d977284e2da16603-sheet1-R5,2026-03-16,gwangju-gwangsan,평동,대광,2026년도 주민참여예산 사업 추진을 위한 간담회 개최,106000,d977284e2da166037ac1d5f9f76bb6f274db6b94baafcdb130fe07cc27d42d1d,sheet1:R5,,,
c030728a7303a437-sheet1-R5,2026-01-22,gwangju-gwangsan,관광육성과,"송정골, 앙비떼 카페",광산구 축제위원회 회의 관련 관계자 간담회 개최,123000,c030728a7303a4376e376dab724395785fc42742228dcaea4c239ec7e2a66f2b,sheet1:R5,,,
c030728a7303a437-sheet1-R6,2026-01-27,gwangju-gwangsan,관광육성과,"동성떡갈비, 카페홀더광산구청점",부서 관광 시책 홍보 협조를 위한 간담회 개최,72000,c030728a7303a4376e376dab724395785fc42742228dcaea4c239ec7e2a66f2b,sheet1:R6,,,
c030728a7303a437-sheet1-R7,2026-02-24,gwangju-gwangsan,관광육성과,달맞이흑두부,광주 신창동 유적 호남고속도로확장공사 및 종합정비계획 자문회의 개최에 따른 식사 추진,200000,c030728a7303a4376e376dab724395785fc42742228dcaea4c239ec7e2a66f2b,sheet1:R7,,,
c030728a7303a437-sheet1-R8,2026-03-04,gwangju-gwangsan,관광육성과,송학,문화유산 활용 업무 추진을 위한 관계자 간담회 개최,64000,c030728a7303a4376e376dab724395785fc42742228dcaea4c239ec7e2a66f2b,sheet1:R8,,,
c030728a7303a437-sheet1-R9,2026-03-12,gwangju-gwangsan,관광육성과,"반월추어탕, 카페 함",신창동 유적 현장점검 관련 관계자 간담회 추진,67000,c030728a7303a4376e376dab724395785fc42742228dcaea4c239ec7e2a66f2b,sheet1:R9,,,
c030728a7303a437-sheet1-R10,2026-03-26,gwangju-gwangsan,관광육성과,황칠미가,광산뮤 N페스티벌 추진단 회의 관련 관계자 간담회 개최,35700,c030728a7303a4376e376dab724395785fc42742228dcaea4c239ec7e2a66f2b,sheet1:R10,,,
c030728a7303a437-sheet1-R11,2026-03-27,gwangju-gwangsan,관광육성과,송학,신창동 유적 업무 추진을 위한 관계자 간담회 개최,38000,c030728a7303a4376e376dab724395785fc42742228dcaea4c239ec7e2a66f2b,sheet1:R11,,,
c030728a7303a437-sheet1-R12,2026-03-30,gwangju-gwangsan,관광육성과,반월추어탕,신창동 유적 현장 답사에 따른 간담회 개최,48000,c030728a7303a4376e376dab724395785fc42742228dcaea4c239ec7e2a66f2b,sheet1:R12,,,
80802583dfa4af14-sheet1-R5,2026-01-07,gwangju-gwangsan,삼도동,정통한방삼계탕,주요 마을 현안 및 동정 파악을 위한 간담회 비용 지출,36000,80802583dfa4af1493a3c4e117fbb10840695b6570af7fe049605e160dfed3db,sheet1:R5,,,
80802583dfa4af14-sheet1-R6,2026-01-13,gwangju-gwangsan,삼도동,한우마을식육식당,주민자치회 운영 관련 간담회 개최 비용 지급,130000,80802583dfa4af1493a3c4e117fbb10840695b6570af7fe049605e160dfed3db,sheet1:R6,,,
80802583dfa4af14-sheet1-R7,2026-01-20,gwangju-gwangsan,삼도동,정통한방삼계탕,주민과의 대화 현안사항 논의를 위한 간담회 개최비용 지급,36000,80802583dfa4af1493a3c4e117fbb10840695b6570af7fe049605e160dfed3db,sheet1:R7,,,
80802583dfa4af14-sheet1-R8,2026-01-22,gwangju-gwangsan,삼도동,낮&밤,마을공동체 공모사업 협조 간담회 개최,180000,80802583dfa4af1493a3c4e117fbb10840695b6570af7fe049605e160dfed3db,sheet1:R8,,,
80802583dfa4af14-sheet1-R9,2026-01-23,gwangju-gwangsan,삼도동,윤가네,지역사회보장협의체의 원활한 사업 추진을 위한 간담회 개최,57000,80802583dfa4af1493a3c4e117fbb10840695b6570af7fe049605e160dfed3db,sheet1:R9,,,
80802583dfa4af14-sheet1-R10,2026-02-05,gwangju-gwangsan,삼도동,모아식육식당,주민과의 대화 행사 논의를 위한 간담회 개최,77000,80802583dfa4af1493a3c4e117fbb10840695b6570af7fe049605e160dfed3db,sheet1:R10,,,
80802583dfa4af14-sheet1-R11,2026-02-10,gwangju-gwangsan,삼도동,삼도닭오리,마을 제설 대책 논의를 위한 간담회 비용 지출,55000,80802583dfa4af1493a3c4e117fbb10840695b6570af7fe049605e160dfed3db,sheet1:R11,,,
80802583dfa4af14-sheet1-R12,2026-02-20,gwangju-gwangsan,삼도동,추어명가,동 현안업무 협조 요청을 위한 간담회 비용 지출,36000,80802583dfa4af1493a3c4e117fbb10840695b6570af7fe049605e160dfed3db,sheet1:R12,,,
80802583dfa4af14-sheet1-R13,2026-02-27,gwangju-gwangsan,삼도동,삼도닭오리,동 미래발전 실행계획 논의를 위한 간담회 개최,30000,80802583dfa4af1493a3c4e117fbb10840695b6570af7fe049605e160dfed3db,sheet1:R13,,,
80802583dfa4af14-sheet1-R14,2026-03-03,gwangju-gwangsan,삼도동,정통한방삼계탕,산불 예방 및 마을 현안 논의 간담회 개최,36000,80802583dfa4af1493a3c4e117fbb10840695b6570af7fe049605e160dfed3db,sheet1:R14,,,
80802583dfa4af14-sheet1-R15,2026-03-05,gwangju-gwangsan,삼도동,장흥,주민참여예산사업 논의를 위한 간담회 개최,51000,80802583dfa4af1493a3c4e117fbb10840695b6570af7fe049605e160dfed3db,sheet1:R15,,,
80802583dfa4af14-sheet1-R16,2026-03-13,gwangju-gwangsan,삼도동,수초밥참치,2026년 기본형 공익직불금 접수를 위한 간담회 개최비용 지급,290000,80802583dfa4af1493a3c4e117fbb10840695b6570af7fe049605e160dfed3db,sheet1:R16,,,
80802583dfa4af14-sheet1-R17,2026-03-24,gwangju-gwangsan,삼도동,제일식당,지역사회 발전 업무 협의를 위한 간담회 개최비용 지급,30000,80802583dfa4af1493a3c4e117fbb10840695b6570af7fe049605e160dfed3db,sheet1:R17,,,
80802583dfa4af14-sheet1-R18,2026-03-25,gwangju-gwangsan,삼도동,무처볶아,안전 취약지 재난 대비 방안 논의를 위한 간담회 비용 지출,200000,80802583dfa4af1493a3c4e117fbb10840695b6570af7fe049605e160dfed3db,sheet1:R18,,,
80802583dfa4af14-sheet1-R19,2026-03-25,gwangju-gwangsan,삼도동,월야숯불갈비,동 현안업무 협조 요청을 위한 간담회 비용 지출,74500,80802583dfa4af1493a3c4e117fbb10840695b6570af7fe049605e160dfed3db,sheet1:R19,,,
80802583dfa4af14-sheet1-R20,2026-03-27,gwangju-gwangsan,삼도동,수초밥참치,마을 건의사항 청취를 위한 사회단체 간담회 개최비용 지급,139000,80802583dfa4af1493a3c4e117fbb10840695b6570af7fe049605e160dfed3db,sheet1:R20,,,
80802583dfa4af14-sheet1-R21,2026-03-31,gwangju-gwangsan,삼도동,고향산천식당,산불 예방 및 마을 현안 논의 간담회 개최,93000,80802583dfa4af1493a3c4e117fbb10840695b6570af7fe049605e160dfed3db,sheet1:R21,,,
5bb2f99a751dd56f-sheet1-R5,2026-01-09,gwangju-gwangsan,청소행정과,약선흑염소,폭설대비 관내공원 시설물 안전관리 점검 추진 위한 간담회,43000,5bb2f99a751dd56f83462a76f90212014b482fbc27654c21ad6ea8cc1e8caef9,sheet1:R5,,,
5bb2f99a751dd56f-sheet1-R6,2026-01-15,gwangju-gwangsan,청소행정과,송정골,수완지구 근린공원 시설개선사업 추진 간담회,90000,5bb2f99a751dd56f83462a76f90212014b482fbc27654c21ad6ea8cc1e8caef9,sheet1:R6,,,
5bb2f99a751dd56f-sheet1-R7,2026-01-23,gwangju-gwangsan,청소행정과,수리식당,산림재난대응단 운영 활성화 방안 논의,40000,5bb2f99a751dd56f83462a76f90212014b482fbc27654c21ad6ea8cc1e8caef9,sheet1:R7,,,
5bb2f99a751dd56f-sheet1-R8,2026-01-27,gwangju-gwangsan,청소행정과,윤보네식육식당,공중위생관리사업 운영사항 공유 및 발전방향 논의 위한 간담회,76600,5bb2f99a751dd56f83462a76f90212014b482fbc27654c21ad6ea8cc1e8caef9,sheet1:R8,,,
5bb2f99a751dd56f-sheet1-R9,2026-02-06,gwangju-gwangsan,청소행정과,윤보네식육식당,먹거리안전정책 추진 직원 노고 격려 및 소통간담회,93400,5bb2f99a751dd56f83462a76f90212014b482fbc27654c21ad6ea8cc1e8caef9,sheet1:R9,,,
5bb2f99a751dd56f-sheet1-R10,2026-02-11,gwangju-gwangsan,청소행정과,서울곱창,봄철 산불방지 종합상황실 운영을 위한 간담회,95000,5bb2f99a751dd56f83462a76f90212014b482fbc27654c21ad6ea8cc1e8caef9,sheet1:R10,,,
5bb2f99a751dd56f-sheet1-R11,2026-02-20,gwangju-gwangsan,청소행정과,약초119,국장실 내방객 응대용 차류 구입비 지출,20000,5bb2f99a751dd56f83462a76f90212014b482fbc27654c21ad6ea8cc1e8caef9,sheet1:R11,,,
5bb2f99a751dd56f-sheet1-R12,2026-02-23,gwangju-gwangsan,청소행정과,정인초밥,풍영정천 수질·생태 관련 현황 공유 및 개선 방안 협의 간담회,95000,5bb2f99a751dd56f83462a76f90212014b482fbc27654c21ad6ea8cc1e8caef9,sheet1:R12,,,
5bb2f99a751dd56f-sheet1-R13,2026-02-26,gwangju-gwangsan,청소행정과,"송학,앙비떼카페",청소행정 현안업무 추진 직원 노고 격려 간담회,80000,5bb2f99a751dd56f83462a76f90212014b482fbc27654c21ad6ea8cc1e8caef9,sheet1:R13,,,
5bb2f99a751dd56f-sheet1-R14,2026-03-06,gwangju-gwangsan,청소행정과,송정나주곰탕,봄철 산불종합대책업무 추진 직원 노고 격려 간담회,36000,5bb2f99a751dd56f83462a76f90212014b482fbc27654c21ad6ea8cc1e8caef9,sheet1:R14,,,
5bb2f99a751dd56f-sheet1-R15,2026-03-13,gwangju-gwangsan,청소행정과,정인초밥,수완호수공원 수변공간 활용방안 논의 간담회,100000,5bb2f99a751dd56f83462a76f90212014b482fbc27654c21ad6ea8cc1e8caef9,sheet1:R15,,,
5bb2f99a751dd56f-sheet1-R16,2026-03-24,gwangju-gwangsan,청소행정과,참숯불에 꾸운닭,민관합동 장록습지 보호지역 정화활동 추진 세부방향 논의,105000,5bb2f99a751dd56f83462a76f90212014b482fbc27654c21ad6ea8cc1e8caef9,sheet1:R16,,,
30fa56b01e1171b3-sheet1-R5,2026-01-13,gwangju-gwangsan,청소행정과,현대반점,깨끗하고 효율적인 가로환경 관리를 위한 간담회,26000,30fa56b01e1171b303f464fcfd84f789c949b1c6a4bb399196b022123ce4eea0,sheet1:R5,,,
30fa56b01e1171b3-sheet1-R6,2026-01-16,gwangju-gwangsan,청소행정과,"푸른가든,온어브레이크",커피찌꺼기 재자원화 시범사업 관련 업무협의 위한 간담회,110500,30fa56b01e1171b303f464fcfd84f789c949b1c6a4bb399196b022123ce4eea0,sheet1:R6,,,
30fa56b01e1171b3-sheet1-R7,2026-01-22,gwangju-gwangsan,청소행정과,"순창민물매운탕, 오렌지카페",사용종료 비위생매립지 환경영향조사 추진 관련 간담회,132800,30fa56b01e1171b303f464fcfd84f789c949b1c6a4bb399196b022123ce4eea0,sheet1:R7,,,
30fa56b01e1171b3-sheet1-R8,2026-01-23,gwangju-gwangsan,청소행정과,정명관,음식물류 폐기물 감량정책 효율적 추진을 위한 간담회,84000,30fa56b01e1171b303f464fcfd84f789c949b1c6a4bb399196b022123ce4eea0,sheet1:R8,,,
30fa56b01e1171b3-sheet1-R9,2026-01-28,gwangju-gwangsan,청소행정과,현대반점,이주민 생활폐기물 배출요령 홍보 방안 논의를 위한 간담회,89000,30fa56b01e1171b303f464fcfd84f789c949b1c6a4bb399196b022123ce4eea0,sheet1:R9,,,
30fa56b01e1171b3-sheet1-R10,2026-02-03,gwangju-gwangsan,청소행정과,만복이 쭈꾸미 낙지볶음,순환경제사회 실현을 위한 주민참여방안 논의,138000,30fa56b01e1171b303f464fcfd84f789c949b1c6a4bb399196b022123ce4eea0,sheet1:R10,,,
30fa56b01e1171b3-sheet1-R11,2026-02-06,gwangju-gwangsan,청소행정과,송정리해물아구찜,대한민국 새단장 사업 추진 활성화 방안 논의 위한 간담회,47000,30fa56b01e1171b303f464fcfd84f789c949b1c6a4bb399196b022123ce4eea0,sheet1:R11,,,
30fa56b01e1171b3-sheet1-R12,2026-02-11,gwangju-gwangsan,청소행정과,스시온도로,일회용품없는 청사만들기 추진 논의를 위한 간담회,125800,30fa56b01e1171b303f464fcfd84f789c949b1c6a4bb399196b022123ce4eea0,sheet1:R12,,,
30fa56b01e1171b3-sheet1-R13,2026-02-13,gwangju-gwangsan,청소행정과,순창민물매운탕,설연휴기간 생활폐기물 수거일정 홍보 위한 간담회,116000,30fa56b01e1171b303f464fcfd84f789c949b1c6a4bb399196b022123ce4eea0,sheet1:R13,,,
30fa56b01e1171b3-sheet1-R14,2026-02-20,gwangju-gwangsan,청소행정과,현대반점,RFID기반 음식물류폐기물 종량기기 설치사업 활성화 간담회,38000,30fa56b01e1171b303f464fcfd84f789c949b1c6a4bb399196b022123ce4eea0,sheet1:R14,,,
30fa56b01e1171b3-sheet1-R15,2026-02-24,gwangju-gwangsan,청소행정과,바다횟집,가로환경관리원 업무환경 개선을 위한 간담회,119000,30fa56b01e1171b303f464fcfd84f789c949b1c6a4bb399196b022123ce4eea0,sheet1:R15,,,
30fa56b01e1171b3-sheet1-R16,2026-03-05,gwangju-gwangsan,청소행정과,정광석항아리보쌈,시민대상 자원순환교육 활성화 방안을 위한 간담회,98000,30fa56b01e1171b303f464fcfd84f789c949b1c6a4bb399196b022123ce4eea0,sheet1:R16,,,
30fa56b01e1171b3-sheet1-R17,2026-03-08,gwangju-gwangsan,청소행정과,창평시장국밥,첨단골목상권 환경정화활동 사업추진 중식비 지출,51000,30fa56b01e1171b303f464fcfd84f789c949b1c6a4bb399196b022123ce4eea0,sheet1:R17,,,
30fa56b01e1171b3-sheet1-R18,2026-03-09,gwangju-gwangsan,청소행정과,무등골한우명품관,생활폐기물 문전배출 중점홍보 추진방안 논의를 위한 간담회,44000,30fa56b01e1171b303f464fcfd84f789c949b1c6a4bb399196b022123ce4eea0,sheet1:R18,,,
30fa56b01e1171b3-sheet1-R19,2026-03-12,gwangju-gwangsan,청소행정과,순창민물매운탕,폐의약품 수거체계 개선 및 홍보 논의를 위한 간담회,69000,30fa56b01e1171b303f464fcfd84f789c949b1c6a4bb399196b022123ce4eea0,sheet1:R19,,,
30fa56b01e1171b3-sheet1-R20,2026-03-18,gwangju-gwangsan,청소행정과,남원추어탕,혼합배출 근절 주민홍보 방안 논의를 위한 간담회,98000,30fa56b01e1171b303f464fcfd84f789c949b1c6a4bb399196b022123ce4eea0,sheet1:R20,,,
30fa56b01e1171b3-sheet1-R21,2026-03-19,gwangju-gwangsan,청소행정과,하도가,자원순환 실천을 위한 주민 소통 간담회,108000,30fa56b01e1171b303f464fcfd84f789c949b1c6a4bb399196b022123ce4eea0,sheet1:R21,,,
30fa56b01e1171b3-sheet1-R22,2026-03-26,gwangju-gwangsan,청소행정과,본도시락,자원순환해설 교육 교안(교육자료) 개선관련 논의 오찬 간담회,67900,30fa56b01e1171b303f464fcfd84f789c949b1c6a4bb399196b022123ce4eea0,sheet1:R22,,,
eafd8f084e67cf25-sheet1-R5,2026-01-07,gwangju-gwangsan,비아동,담은플라워케이크,겨울철 재난안전대책본부 비상근무 추진 노고 격려,213800,eafd8f084e67cf2576a7d0193f0f86664bbc0599384f628465d89f64981497ae,sheet1:R5,,,
eafd8f084e67cf25-sheet1-R6,2026-01-14,gwangju-gwangsan,비아동,전주24시참편한39콩나물국밥외 1,2026년 주요동정 업무 논의 간담회,49500,eafd8f084e67cf2576a7d0193f0f86664bbc0599384f628465d89f64981497ae,sheet1:R6,,,
eafd8f084e67cf25-sheet1-R7,2026-01-20,gwangju-gwangsan,비아동,일신팥죽,현장 민원 의견 청취를 위한 간담회,56000,eafd8f084e67cf2576a7d0193f0f86664bbc0599384f628465d89f64981497ae,sheet1:R7,,,
eafd8f084e67cf25-sheet1-R8,2026-01-22,gwangju-gwangsan,비아동,달래커피비아점,비아동 경로당협의회 간담회,15600,eafd8f084e67cf2576a7d0193f0f86664bbc0599384f628465d89f64981497ae,sheet1:R8,,,
eafd8f084e67cf25-sheet1-R9,2026-01-27,gwangju-gwangsan,비아동,삼대째순두부,2026년 신년맞이 주민과의 대화 추진 논의 간담회,48000,eafd8f084e67cf2576a7d0193f0f86664bbc0599384f628465d89f64981497ae,sheet1:R9,,,
eafd8f084e67cf25-sheet1-R10,2026-01-28,gwangju-gwangsan,비아동,풍천장어명가,통합방위협의 관련 논의 간담회,55000,eafd8f084e67cf2576a7d0193f0f86664bbc0599384f628465d89f64981497ae,sheet1:R10,,,
eafd8f084e67cf25-sheet1-R11,2026-01-29,gwangju-gwangsan,비아동,달래커피 비아점,비아동 상가번영회 간담회,23500,eafd8f084e67cf2576a7d0193f0f86664bbc0599384f628465d89f64981497ae,sheet1:R11,,,
eafd8f084e67cf25-sheet1-R12,2026-01-30,gwangju-gwangsan,비아동,수연이네,주요 동정협의를 위한 간담회,40000,eafd8f084e67cf2576a7d0193f0f86664bbc0599384f628465d89f64981497ae,sheet1:R12,,,
eafd8f084e67cf25-sheet1-R13,2026-02-05,gwangju-gwangsan,비아동,삼대째순두부,비아동 기관사회단체장 협의회 간담회,290000,eafd8f084e67cf2576a7d0193f0f86664bbc0599384f628465d89f64981497ae,sheet1:R13,,,
eafd8f084e67cf25-sheet1-R14,2026-02-06,gwangju-gwangsan,비아동,전주24시참편한39콩나물국밥,비아동 주민자치회 사무국 간담회,70000,eafd8f084e67cf2576a7d0193f0f86664bbc0599384f628465d89f64981497ae,sheet1:R14,,,
eafd8f084e67cf25-sheet1-R15,2026-02-09,gwangju-gwangsan,비아동,오메오메외 1,비아동 주민자치회 간담회,143700,eafd8f084e67cf2576a7d0193f0f86664bbc0599384f628465d89f64981497ae,sheet1:R15,,,
eafd8f084e67cf25-sheet1-R16,2026-02-12,gwangju-gwangsan,비아동,수연이네외 1,비아동 청장년회 간담회,81100,eafd8f084e67cf2576a7d0193f0f86664bbc0599384f628465d89f64981497ae,sheet1:R16,,,
eafd8f084e67cf25-sheet1-R17,2026-02-13,gwangju-gwangsan,비아동,비아생삼겹,각종 민원업무 추진 노고 격려 오찬,252000,eafd8f084e67cf2576a7d0193f0f86664bbc0599384f628465d89f64981497ae,sheet1:R17,,,
eafd8f084e67cf25-sheet1-R18,2026-02-20,gwangju-gwangsan,비아동,수라간외 1,현장 민원 의견 청취를 위한 간담회,80000,eafd8f084e67cf2576a7d0193f0f86664bbc0599384f628465d89f64981497ae,sheet1:R18,,,
eafd8f084e67cf25-sheet1-R19,2026-02-27,gwangju-gwangsan,비아동,민속촌,주요 동정협의를 위한 간담회,33000,eafd8f084e67cf2576a7d0193f0f86664bbc0599384f628465d89f64981497ae,sheet1:R19,,,
eafd8f084e67cf25-sheet1-R20,2026-03-03,gwangju-gwangsan,비아동,달래커피 비아점,맞춤형복지 업무 추진 논의 차담회,11500,eafd8f084e67cf2576a7d0193f0f86664bbc0599384f628465d89f64981497ae,sheet1:R20,,,
eafd8f084e67cf25-sheet1-R21,2026-03-04,gwangju-gwangsan,비아동,정광석항아리보쌈첨단점,비아동 주민자치회 사무국 간담회,146000,eafd8f084e67cf2576a7d0193f0f86664bbc0599384f628465d89f64981497ae,sheet1:R21,,,
eafd8f084e67cf25-sheet1-R22,2026-03-09,gwangju-gwangsan,비아동,달래커피 비아점,주민참여예산 사업 추진 논의 차담회,40000,eafd8f084e67cf2576a7d0193f0f86664bbc0599384f628465d89f64981497ae,sheet1:R22,,,
eafd8f084e67cf25-sheet1-R23,2026-03-11,gwangju-gwangsan,비아동,비아맛나 감자탕,현장 민원 의견 청취를 위한 간담회,59000,eafd8f084e67cf2576a7d0193f0f86664bbc0599384f628465d89f64981497ae,sheet1:R23,,,
eafd8f084e67cf25-sheet1-R24,2026-03-13,gwangju-gwangsan,비아동,삼대째순두부외 1,주요 동정협의를 위한 간담회,95000,eafd8f084e67cf2576a7d0193f0f86664bbc0599384f628465d89f64981497ae,sheet1:R24,,,
eafd8f084e67cf25-sheet1-R25,2026-03-25,gwangju-gwangsan,비아동,비아생삼겹외 1,동 미래발전계획 실행사업 추진 논의 간담회,148800,eafd8f084e67cf2576a7d0193f0f86664bbc0599384f628465d89f64981497ae,sheet1:R25,,,
eafd8f084e67cf25-sheet1-R26,2026-03-26,gwangju-gwangsan,비아동,삼대째순두부,주민참여예산 사업 추진 논의 간담회,78000,eafd8f084e67cf2576a7d0193f0f86664bbc0599384f628465d89f64981497ae,sheet1:R26,,,
eafd8f084e67cf25-sheet1-R27,2026-03-27,gwangju-gwangsan,비아동,비아맛나 감자탕,현장 민원 의견 청취를 위한 간담회,80000,eafd8f084e67cf2576a7d0193f0f86664bbc0599384f628465d89f64981497ae,sheet1:R27,,,
f3f64208dcdce96f-sheet1-R5,2026-01-07,gwangju-gwangsan,첨단2동,나능이버섯백숙,주요 동정협의 논의를 위한 관련단체 간담회 식비 지출,140000,f3f64208dcdce96f40e37a1bd1daf03627439cd79c90c5c24715cf7ebc999347,sheet1:R5,,,
f3f64208dcdce96f-sheet1-R6,2026-01-08,gwangju-gwangsan,첨단2동,마루요시,현안업무 추진 논의를 위한 사회단체 간담회 식비 지출,169000,f3f64208dcdce96f40e37a1bd1daf03627439cd79c90c5c24715cf7ebc999347,sheet1:R6,,,
f3f64208dcdce96f-sheet1-R7,2026-01-09,gwangju-gwangsan,첨단2동,소코아 첨단점,주요 동정협의 논의를 위한 간담회 식비 지출,121600,f3f64208dcdce96f40e37a1bd1daf03627439cd79c90c5c24715cf7ebc999347,sheet1:R7,,,
f3f64208dcdce96f-sheet1-R8,2026-01-16,gwangju-gwangsan,첨단2동,메말당막국수(첨단점),현안업무 추진 논의를 위한 통장단 간담회 식비 지출,206000,f3f64208dcdce96f40e37a1bd1daf03627439cd79c90c5c24715cf7ebc999347,sheet1:R8,,,
f3f64208dcdce96f-sheet1-R9,2026-01-19,gwangju-gwangsan,첨단2동,소코아 첨단점,주요 동정협의 논의를 위한 관련단체 간담회 식비 지출,80700,f3f64208dcdce96f40e37a1bd1daf03627439cd79c90c5c24715cf7ebc999347,sheet1:R9,,,
f3f64208dcdce96f-sheet1-R10,2026-01-21,gwangju-gwangsan,첨단2동,남원추어탕부뚜막,주요 동정협의 논의를 위한 간담회 식비 지출,68000,f3f64208dcdce96f40e37a1bd1daf03627439cd79c90c5c24715cf7ebc999347,sheet1:R10,,,
f3f64208dcdce96f-sheet1-R11,2026-01-23,gwangju-gwangsan,첨단2동,여기빵집,현안업무 추진 논의를 위한 차담회 간식비 지출,23300,f3f64208dcdce96f40e37a1bd1daf03627439cd79c90c5c24715cf7ebc999347,sheet1:R11,,,
f3f64208dcdce96f-sheet1-R12,2026-01-26,gwangju-gwangsan,첨단2동,보향미,현안업무 추진 논의를 위한 간담회 식비 지출,54000,f3f64208dcdce96f40e37a1bd1daf03627439cd79c90c5c24715cf7ebc999347,sheet1:R12,,,
f3f64208dcdce96f-sheet1-R13,2026-01-27,gwangju-gwangsan,첨단2동,설화옥 광주첨단본점,주요 동정업무 논의를 위한 간담회 식비 지출,60000,f3f64208dcdce96f40e37a1bd1daf03627439cd79c90c5c24715cf7ebc999347,sheet1:R13,,,
f3f64208dcdce96f-sheet1-R14,2026-01-27,gwangju-gwangsan,첨단2동,미미참치,주요 동정협의 논의를 위한 관련단체 간담회 식비 지출,118000,f3f64208dcdce96f40e37a1bd1daf03627439cd79c90c5c24715cf7ebc999347,sheet1:R14,,,
f3f64208dcdce96f-sheet1-R15,2026-01-28,gwangju-gwangsan,첨단2동,남도길,현안업무 추진 논의를 위한 간담회 식비 지출,80000,f3f64208dcdce96f40e37a1bd1daf03627439cd79c90c5c24715cf7ebc999347,sheet1:R15,,,
f3f64208dcdce96f-sheet1-R16,2026-02-03,gwangju-gwangsan,첨단2동,메말당막국수(첨단점),주요 현안업무 추진 논의를 위한 간담회 식비 지출,142000,f3f64208dcdce96f40e37a1bd1daf03627439cd79c90c5c24715cf7ebc999347,sheet1:R16,,,
f3f64208dcdce96f-sheet1-R17,2026-02-04,gwangju-gwangsan,첨단2동,어매이진광주첨단점,설 명절맞이 현안업무 추진 논의를 위한 사회단체 간담회 식비 지출,236000,f3f64208dcdce96f40e37a1bd1daf03627439cd79c90c5c24715cf7ebc999347,sheet1:R17,,,
f3f64208dcdce96f-sheet1-R18,2026-02-09,gwangju-gwangsan,첨단2동,"나능이버섯백숙, 백미정 광주첨단점",동 미래발전계획 추진 논의를 위한 간담회 식비 및 간식비 지출,250000,f3f64208dcdce96f40e37a1bd1daf03627439cd79c90c5c24715cf7ebc999347,sheet1:R18,,,
f3f64208dcdce96f-sheet1-R19,2026-02-10,gwangju-gwangsan,첨단2동,전라도이야기,동 미래발전계획 추진 논의를 위한 간담회 식비 지출,118000,f3f64208dcdce96f40e37a1bd1daf03627439cd79c90c5c24715cf7ebc999347,sheet1:R19,,,
f3f64208dcdce96f-sheet1-R20,2026-02-19,gwangju-gwangsan,첨단2동,카페하논,현안업무 추진 논의를 위한 차담회 간식비 지출,34000,f3f64208dcdce96f40e37a1bd1daf03627439cd79c90c5c24715cf7ebc999347,sheet1:R20,,,
f3f64208dcdce96f-sheet1-R21,2026-02-23,gwangju-gwangsan,첨단2동,달보드레한,현안업무 추진 논의를 위한 사회단체 간담회 식비 지출,79000,f3f64208dcdce96f40e37a1bd1daf03627439cd79c90c5c24715cf7ebc999347,sheet1:R21,,,
f3f64208dcdce96f-sheet1-R22,2026-02-26,gwangju-gwangsan,첨단2동,카페하논,정월대보름 행사 추진 논의를 위한 간담회 비용 지출,28000,f3f64208dcdce96f40e37a1bd1daf03627439cd79c90c5c24715cf7ebc999347,sheet1:R22,,,
f3f64208dcdce96f-sheet1-R23,2026-02-27,gwangju-gwangsan,첨단2동,전라도이야기,시민참여형 스포츠마케팅 업무협약 추진 논의를 위한 간담회 식비 지출,292000,f3f64208dcdce96f40e37a1bd1daf03627439cd79c90c5c24715cf7ebc999347,sheet1:R23,,,
f3f64208dcdce96f-sheet1-R24,2026-03-04,gwangju-gwangsan,첨단2동,화끈한짬뽕,동정업무 추진 논의를 위한 간담회 식비 지출,95000,f3f64208dcdce96f40e37a1bd1daf03627439cd79c90c5c24715cf7ebc999347,sheet1:R24,,,
f3f64208dcdce96f-sheet1-R25,2026-03-05,gwangju-gwangsan,첨단2동,나능이버섯백숙,현안업무 추진 논의를 위한 간담회 식비 지출,91000,f3f64208dcdce96f40e37a1bd1daf03627439cd79c90c5c24715cf7ebc999347,sheet1:R25,,,
f3f64208dcdce96f-sheet1-R26,2026-03-10,gwangju-gwangsan,첨단2동,설화옥 광주첨단본점,봄꽃 식재 추진을 위한 간담회 식비 지출,111000,f3f64208dcdce96f40e37a1bd1daf03627439cd79c90c5c24715cf7ebc999347,sheet1:R26,,,
f3f64208dcdce96f-sheet1-R27,2026-03-13,gwangju-gwangsan,첨단2동,레레하우스,동 미래발전계획 추진 논의를 위한 간담회 식비 지출,106500,f3f64208dcdce96f40e37a1bd1daf03627439cd79c90c5c24715cf7ebc999347,sheet1:R27,,,
f3f64208dcdce96f-sheet1-R28,2026-03-17,gwangju-gwangsan,첨단2동,메말당막국수(첨단점),주요 동정 공유 및 협조를 위한 간담회 식비 지출,190000,f3f64208dcdce96f40e37a1bd1daf03627439cd79c90c5c24715cf7ebc999347,sheet1:R28,,,
f3f64208dcdce96f-sheet1-R29,2026-03-20,gwangju-gwangsan,첨단2동,보향미,경로당 운영 논의를 위한 간담회 식비 지출,48000,f3f64208dcdce96f40e37a1bd1daf03627439cd79c90c5c24715cf7ebc999347,sheet1:R29,,,
f3f64208dcdce96f-sheet1-R30,2026-03-26,gwangju-gwangsan,첨단2동,만선당 어부의 밥상,동 미래발전계획 추진 논의를 위한 간담회 식비 지출,120000,f3f64208dcdce96f40e37a1bd1daf03627439cd79c90c5c24715cf7ebc999347,sheet1:R30,,,
f3f64208dcdce96f-sheet1-R31,2026-03-27,gwangju-gwangsan,첨단2동,소코아 첨단점,스포츠마케팅 추진 논의를 위한 간담회 식비 지출,98600,f3f64208dcdce96f40e37a1bd1daf03627439cd79c90c5c24715cf7ebc999347,sheet1:R31,,,
f3f64208dcdce96f-sheet1-R32,2026-03-31,gwangju-gwangsan,첨단2동,메밀당막국수(첨단점),주민자치회 임원진 간담회 추진 식비 지출,288000,f3f64208dcdce96f40e37a1bd1daf03627439cd79c90c5c24715cf7ebc999347,sheet1:R32,,,
2305024459825e7f-sheet1-R5,2026-01-05,gwangju-gwangsan,,컴포즈커피 광주신가선창초교점,바르게살기운동 정기총회 추진 논의를 위한 간담회 개최,13400,2305024459825e7fd9fdbd136b8eaa74e8f2cbdc8dd836c12d32cf6d557a2123,sheet1:R5,,,
2305024459825e7f-sheet1-R6,2026-01-06,gwangju-gwangsan,,유순희네맛집,겨울철 제설대책 추진 논의를 위한 간담회 개최,30000,2305024459825e7fd9fdbd136b8eaa74e8f2cbdc8dd836c12d32cf6d557a2123,sheet1:R6,,,
2305024459825e7f-sheet1-R7,2026-01-08,gwangju-gwangsan,,컴포즈커피광주신가점,사랑의 반찬나눔 추진 논의를 위한 간담회 개최,19500,2305024459825e7fd9fdbd136b8eaa74e8f2cbdc8dd836c12d32cf6d557a2123,sheet1:R7,,,
2305024459825e7f-sheet1-R8,2026-01-08,gwangju-gwangsan,,케렌시아,동 주민과의 대화 추진 논의를 위한 간담회 개최,40000,2305024459825e7fd9fdbd136b8eaa74e8f2cbdc8dd836c12d32cf6d557a2123,sheet1:R8,,,
2305024459825e7f-sheet1-R9,2026-01-09,gwangju-gwangsan,,컴포즈커피 광주신가선창초교점,신규 위촉 통장 차담회 개최,22700,2305024459825e7fd9fdbd136b8eaa74e8f2cbdc8dd836c12d32cf6d557a2123,sheet1:R9,,,
2305024459825e7f-sheet1-R10,2026-01-13,gwangju-gwangsan,,이에스씨(esc)2외 1,1월 안녕하신가 천원밥상 추진 논의를 위한 간담회 개최,98000,2305024459825e7fd9fdbd136b8eaa74e8f2cbdc8dd836c12d32cf6d557a2123,sheet1:R10,,,
2305024459825e7f-sheet1-R11,2026-01-14,gwangju-gwangsan,,등촌,동 주민과의 대화 추진 논의를 위한 간담회 개최,144000,2305024459825e7fd9fdbd136b8eaa74e8f2cbdc8dd836c12d32cf6d557a2123,sheet1:R11,,,
2305024459825e7f-sheet1-R12,2026-01-15,gwangju-gwangsan,,바다별장,주민자치회 정기회의 추진 논의를 위한 간담회 개최,44000,2305024459825e7fd9fdbd136b8eaa74e8f2cbdc8dd836c12d32cf6d557a2123,sheet1:R12,,,
2305024459825e7f-sheet1-R13,2026-01-16,gwangju-gwangsan,,커프커프하우스외 1,주민자치회 임원진 간담회 개최,146500,2305024459825e7fd9fdbd136b8eaa74e8f2cbdc8dd836c12d32cf6d557a2123,sheet1:R13,,,
2305024459825e7f-sheet1-R14,2026-01-20,gwangju-gwangsan,,반월추어탕,동 주민과의 대화 추진 논의를 위한 간담회 개최,60000,2305024459825e7fd9fdbd136b8eaa74e8f2cbdc8dd836c12d32cf6d557a2123,sheet1:R14,,,
2305024459825e7f-sheet1-R15,2026-01-21,gwangju-gwangsan,,동경청,지역사회보장협의체 월례회의 추진 논의를 위한 간담회 개최,121000,2305024459825e7fd9fdbd136b8eaa74e8f2cbdc8dd836c12d32cf6d557a2123,sheet1:R15,,,
2305024459825e7f-sheet1-R16,2026-01-28,gwangju-gwangsan,,바다별장,찾아가는 경청 구청장실 추진 논의를 위한 간담회 개최,102000,2305024459825e7fd9fdbd136b8eaa74e8f2cbdc8dd836c12d32cf6d557a2123,sheet1:R16,,,
2305024459825e7f-sheet1-R17,2026-02-03,gwangju-gwangsan,,산동교외 1,경청 구청장실 후속조치 논의를 위한 간담회 개최,53100,2305024459825e7fd9fdbd136b8eaa74e8f2cbdc8dd836c12d32cf6d557a2123,sheet1:R17,,,
2305024459825e7f-sheet1-R18,2026-02-06,gwangju-gwangsan,,메가엠지씨커피 광주수완센트럴점외 1,설 명절 생활안정 대책 논의를 위한 간담회 개최,77300,2305024459825e7fd9fdbd136b8eaa74e8f2cbdc8dd836c12d32cf6d557a2123,sheet1:R18,,,
2305024459825e7f-sheet1-R19,2026-02-09,gwangju-gwangsan,,팔팔참숯구이,2026년 미래발전계획 세부사업 추진 논의를 위한 간담회 개최,114000,2305024459825e7fd9fdbd136b8eaa74e8f2cbdc8dd836c12d32cf6d557a2123,sheet1:R19,,,
2305024459825e7f-sheet1-R20,2026-02-11,gwangju-gwangsan,,루키초밥수완직영점,안녕하신가 풀어야산다 추진 논의를 위한 간담회 개최,80000,2305024459825e7fd9fdbd136b8eaa74e8f2cbdc8dd836c12d32cf6d557a2123,sheet1:R20,,,
2305024459825e7f-sheet1-R21,2026-02-12,gwangju-gwangsan,,컴포즈커피광주신가점,사랑의 반찬나눔 추진 논의를 위한 간담회 개최,20600,2305024459825e7fd9fdbd136b8eaa74e8f2cbdc8dd836c12d32cf6d557a2123,sheet1:R21,,,
2305024459825e7f-sheet1-R22,2026-02-12,gwangju-gwangsan,,컴포즈커피광주신가점,관내 주요 기관사회단체장 간담회 개최,20900,2305024459825e7fd9fdbd136b8eaa74e8f2cbdc8dd836c12d32cf6d557a2123,sheet1:R22,,,
2305024459825e7f-sheet1-R23,2026-02-19,gwangju-gwangsan,,쭈꾸낙 수완신가점,「민원 前 민원해결 1004」주민의견 청취를 위한 간담회 개최(수정),281900,2305024459825e7fd9fdbd136b8eaa74e8f2cbdc8dd836c12d32cf6d557a2123,sheet1:R23,,,
2305024459825e7f-sheet1-R24,2026-02-20,gwangju-gwangsan,,산동교청국장,바르게살기운동 정기회의 안건 논의를 위한 간담회 개최,30000,2305024459825e7fd9fdbd136b8eaa74e8f2cbdc8dd836c12d32cf6d557a2123,sheet1:R24,,,
2305024459825e7f-sheet1-R25,2026-02-24,gwangju-gwangsan,,브런치빈 광주수완점,안녕하신가 천원밥상 추진을 위한 간담회 개최,42800,2305024459825e7fd9fdbd136b8eaa74e8f2cbdc8dd836c12d32cf6d557a2123,sheet1:R25,,,
2305024459825e7f-sheet1-R26,2026-02-25,gwangju-gwangsan,,반월추어탕,주민자치회 정기회의 추진 논의를 위한 간담회 개최,97000,2305024459825e7fd9fdbd136b8eaa74e8f2cbdc8dd836c12d32cf6d557a2123,sheet1:R26,,,
2305024459825e7f-sheet1-R27,2026-02-26,gwangju-gwangsan,,컴포즈커피 광주신가선창초교점,사랑의 반찬나눔 추진 논의를 위한 간담회 개최,22000,2305024459825e7fd9fdbd136b8eaa74e8f2cbdc8dd836c12d32cf6d557a2123,sheet1:R27,,,
2305024459825e7f-sheet1-R28,2026-02-26,gwangju-gwangsan,,케렌시아,2026년 동 미래발전계획 사업 추진 논의를 위한 간담회 개최,40000,2305024459825e7fd9fdbd136b8eaa74e8f2cbdc8dd836c12d32cf6d557a2123,sheet1:R28,,,
2305024459825e7f-sheet1-R29,2026-03-05,gwangju-gwangsan,,브런치빈 광주수완점,주민자치회 사무국 운영방향 논의를 위한 간담회 개최,125800,2305024459825e7fd9fdbd136b8eaa74e8f2cbdc8dd836c12d32cf6d557a2123,sheet1:R29,,,
2305024459825e7f-sheet1-R30,2026-03-06,gwangju-gwangsan,,송진범항아리보쌈,자원봉사캠프 운영방향 논의를 위한 간담회 개최,80000,2305024459825e7fd9fdbd136b8eaa74e8f2cbdc8dd836c12d32cf6d557a2123,sheet1:R30,,,
2305024459825e7f-sheet1-R31,2026-03-09,gwangju-gwangsan,,리비네,제주시 용담2동 고향사랑 교차기부 추진 논의를 위한 간담회 개최,170000,2305024459825e7fd9fdbd136b8eaa74e8f2cbdc8dd836c12d32cf6d557a2123,sheet1:R31,,,
2305024459825e7f-sheet1-R32,2026-03-10,gwangju-gwangsan,,팜스아일랜드,기관사회단체협의회 정기회의 추진 논의를 위한 간담회 개최,14000,2305024459825e7fd9fdbd136b8eaa74e8f2cbdc8dd836c12d32cf6d557a2123,sheet1:R32,,,
2305024459825e7f-sheet1-R33,2026-03-17,gwangju-gwangsan,,컴포즈커피 광주신가선창초교점,주민자치회 운영 논의를 위한 간담회 개최,50100,2305024459825e7fd9fdbd136b8eaa74e8f2cbdc8dd836c12d32cf6d557a2123,sheet1:R33,,,
2305024459825e7f-sheet1-R34,2026-03-18,gwangju-gwangsan,,등촌,2026년 동 미래발전계획 사업 추진 논의를 위한 간담회 개최,54000,2305024459825e7fd9fdbd136b8eaa74e8f2cbdc8dd836c12d32cf6d557a2123,sheet1:R34,,,
2305024459825e7f-sheet1-R35,2026-03-19,gwangju-gwangsan,,롯데시네마 광주첨단점,어르신 영화마실 추진을 위한 간담회 개최,40000,2305024459825e7fd9fdbd136b8eaa74e8f2cbdc8dd836c12d32cf6d557a2123,sheet1:R35,,,
2305024459825e7f-sheet1-R36,2026-03-20,gwangju-gwangsan,,반월추어탕,바르게살기운동 정기회의 안건 논의를 위한 간담회 개최,48000,2305024459825e7fd9fdbd136b8eaa74e8f2cbdc8dd836c12d32cf6d557a2123,sheet1:R36,,,
2305024459825e7f-sheet1-R37,2026-03-23,gwangju-gwangsan,,강원맛코다리(신창신가점),3월 2차 통장회의 안건 논의를 위한 간담회 개최,37000,2305024459825e7fd9fdbd136b8eaa74e8f2cbdc8dd836c12d32cf6d557a2123,sheet1:R37,,,
2305024459825e7f-sheet1-R38,2026-03-27,gwangju-gwangsan,,키리키리베이커리하우스,생활현장 책임단 운영 논의를 위한 간담회 개최,26300,2305024459825e7fd9fdbd136b8eaa74e8f2cbdc8dd836c12d32cf6d557a2123,sheet1:R38,,,
c6cd7802bf7df73a-sheet1-R5,2026-03-12,gwangju-gwangsan,감염병관리과,주식회사이날,민간위탁 방역소독 심의위원회 운영 관련 다과 구입,137500,c6cd7802bf7df73a995149d29f1f1e0eb0f193d07f12f8437cee6d4bcfb3b7ef,sheet1:R5,,,
c6cd7802bf7df73a-sheet1-R6,2026-03-17,gwangju-gwangsan,감염병관리과,정명관,감염병 예방관리사업 유관기관 간담회 실시,120000,c6cd7802bf7df73a995149d29f1f1e0eb0f193d07f12f8437cee6d4bcfb3b7ef,sheet1:R6,,,
c6cd7802bf7df73a-sheet1-R7,2026-03-17,gwangju-gwangsan,감염병관리과,주식회사이날,감염병 예방관리사업 유관기관 간담회 실시,19800,c6cd7802bf7df73a995149d29f1f1e0eb0f193d07f12f8437cee6d4bcfb3b7ef,sheet1:R7,,,
b1d2ffab0b3a9afe-sheet1-R5,2026-02-02,gwangju-gwangsan,행정지원과,"연타발, 스타벅스광주상무대교점",구정 정책 공유를 위한 언론인 간담회,182800,b1d2ffab0b3a9afe31b06172d9ae9fe81da3cde906af5881b867064931ddd726,sheet1:R5,,,
b1d2ffab0b3a9afe-sheet1-R6,2026-02-02,gwangju-gwangsan,행정지원과,개인(성명 비공개),직원 애경사에 따른 경조사비 지급,200000,b1d2ffab0b3a9afe31b06172d9ae9fe81da3cde906af5881b867064931ddd726,sheet1:R6,,,
b1d2ffab0b3a9afe-sheet1-R7,2026-02-02,gwangju-gwangsan,행정지원과,아웃백스테이크하우스광주광천점,광주송정역 환경개선 사업 논의를 위한 시 관계자 간담회,89888,b1d2ffab0b3a9afe31b06172d9ae9fe81da3cde906af5881b867064931ddd726,sheet1:R7,,,
b1d2ffab0b3a9afe-sheet1-R8,2026-02-03,gwangju-gwangsan,행정지원과,영지원명가,원활한 구정 협조를 위한 언론인 간담회,72000,b1d2ffab0b3a9afe31b06172d9ae9fe81da3cde906af5881b867064931ddd726,sheet1:R8,,,
b1d2ffab0b3a9afe-sheet1-R9,2026-02-04,gwangju-gwangsan,행정지원과,카페콩,구정 정책 공유를 위한 언론인 간담회,14000,b1d2ffab0b3a9afe31b06172d9ae9fe81da3cde906af5881b867064931ddd726,sheet1:R9,,,
b1d2ffab0b3a9afe-sheet1-R10,2026-02-05,gwangju-gwangsan,행정지원과,투썸플레이스상무메이루즈점,구정 주요 사업 협조를 위한 시 관계자 간담회,28500,b1d2ffab0b3a9afe31b06172d9ae9fe81da3cde906af5881b867064931ddd726,sheet1:R10,,,
b1d2ffab0b3a9afe-sheet1-R11,2026-02-06,gwangju-gwangsan,행정지원과,천관산암소한우,구정 정책 공유 및 홍보를 위한 언론인 간담회,113000,b1d2ffab0b3a9afe31b06172d9ae9fe81da3cde906af5881b867064931ddd726,sheet1:R11,,,
b1d2ffab0b3a9afe-sheet1-R12,2026-02-09,gwangju-gwangsan,행정지원과,본향,구 주요 경제 정책 협조를 위한 시 관계자 간담회,40000,b1d2ffab0b3a9afe31b06172d9ae9fe81da3cde906af5881b867064931ddd726,sheet1:R12,,,
b1d2ffab0b3a9afe-sheet1-R13,2026-02-09,gwangju-gwangsan,행정지원과,옛날팥죽,부속실 업무 추진 격려 만찬 간담회,14000,b1d2ffab0b3a9afe31b06172d9ae9fe81da3cde906af5881b867064931ddd726,sheet1:R13,,,
b1d2ffab0b3a9afe-sheet1-R14,2026-02-10,gwangju-gwangsan,행정지원과,"닭장금, 앙비떼",복지정책 현안사업 논의 관계 부서 회의,76000,b1d2ffab0b3a9afe31b06172d9ae9fe81da3cde906af5881b867064931ddd726,sheet1:R14,,,
b1d2ffab0b3a9afe-sheet1-R15,2026-02-12,gwangju-gwangsan,행정지원과,엄마손팥죽,부속실 업무 추진 격려 만찬 간담회,21000,b1d2ffab0b3a9afe31b06172d9ae9fe81da3cde906af5881b867064931ddd726,sheet1:R15,,,
b1d2ffab0b3a9afe-sheet1-R16,2026-02-13,gwangju-gwangsan,행정지원과,투썸플레이스광산구청점,원활한 구정 협조를 위한 언론인 간담회,23500,b1d2ffab0b3a9afe31b06172d9ae9fe81da3cde906af5881b867064931ddd726,sheet1:R16,,,
b1d2ffab0b3a9afe-sheet1-R17,2026-02-23,gwangju-gwangsan,행정지원과,개인(성명 비공개),직원 애경사에 따른 경조사비 지급,150000,b1d2ffab0b3a9afe31b06172d9ae9fe81da3cde906af5881b867064931ddd726,sheet1:R17,,,
b1d2ffab0b3a9afe-sheet1-R18,2026-02-24,gwangju-gwangsan,행정지원과,송정골,장기기증자 예우 및 지원체계 논의 관계 부서 회의,108000,b1d2ffab0b3a9afe31b06172d9ae9fe81da3cde906af5881b867064931ddd726,sheet1:R18,,,
b1d2ffab0b3a9afe-sheet1-R19,2026-02-24,gwangju-gwangsan,행정지원과,시민국밥,부속실 업무 추진 격려 만찬 간담회,30000,b1d2ffab0b3a9afe31b06172d9ae9fe81da3cde906af5881b867064931ddd726,sheet1:R19,,,
b1d2ffab0b3a9afe-sheet1-R20,2026-02-25,gwangju-gwangsan,행정지원과,"순창민물매운탕, 송정cafe1913",구정 정책 공유를 위한 언론인 간담회,58000,b1d2ffab0b3a9afe31b06172d9ae9fe81da3cde906af5881b867064931ddd726,sheet1:R20,,,
b1d2ffab0b3a9afe-sheet1-R21,2026-02-26,gwangju-gwangsan,행정지원과,고향에봄,원활한 구정 업무 협조를 위한 유관기관 간담회,158000,b1d2ffab0b3a9afe31b06172d9ae9fe81da3cde906af5881b867064931ddd726,sheet1:R21,,,
b1d2ffab0b3a9afe-sheet1-R22,2026-02-26,gwangju-gwangsan,행정지원과,달빛에구운고등어수완장덕점,원활한 구정 협조를 위한 언론인 간담회,79500,b1d2ffab0b3a9afe31b06172d9ae9fe81da3cde906af5881b867064931ddd726,sheet1:R22,,,
b1d2ffab0b3a9afe-sheet1-R23,2026-02-27,gwangju-gwangsan,행정지원과,"연타발, 스타벅스광주상무대교점",구정 현안사업 협조를 위한 시 관계자 간담회,162400,b1d2ffab0b3a9afe31b06172d9ae9fe81da3cde906af5881b867064931ddd726,sheet1:R23,,,
b1d2ffab0b3a9afe-sheet1-R24,2026-02-27,gwangju-gwangsan,행정지원과,네이버파이낸셜㈜,부구청장실 내방객을 위한 다과 구입,27960,b1d2ffab0b3a9afe31b06172d9ae9fe81da3cde906af5881b867064931ddd726,sheet1:R24,,,
bde7caab7f5da44c-sheet1-R5,2026-02-02,gwangju-gwangsan,행정지원과,향미림,중소기업 지원 정책 추진을 위한 관계자 회의,40000,bde7caab7f5da44c2b2bc7f28a0469c322da11fe76d80e00d6e837aa29428016,sheet1:R5,,,
bde7caab7f5da44c-sheet1-R6,2026-02-02,gwangju-gwangsan,행정지원과,개인(성명 비공개),직원 애경사에 따른 경조사비 지급,50000,bde7caab7f5da44c2b2bc7f28a0469c322da11fe76d80e00d6e837aa29428016,sheet1:R6,,,
bde7caab7f5da44c-sheet1-R7,2026-02-03,gwangju-gwangsan,행정지원과,해동활어,구정 업무 협의를 위한 유관기관장 간담회,130000,bde7caab7f5da44c2b2bc7f28a0469c322da11fe76d80e00d6e837aa29428016,sheet1:R7,,,
bde7caab7f5da44c-sheet1-R8,2026-02-04,gwangju-gwangsan,행정지원과,장흥,원활한 구정 업무 협조를 위한 유관기관장 간담회,44000,bde7caab7f5da44c2b2bc7f28a0469c322da11fe76d80e00d6e837aa29428016,sheet1:R8,,,
bde7caab7f5da44c-sheet1-R9,2026-02-04,gwangju-gwangsan,행정지원과,정명관,경제인단체 현안사업 청취 간담회,290000,bde7caab7f5da44c2b2bc7f28a0469c322da11fe76d80e00d6e837aa29428016,sheet1:R9,,,
bde7caab7f5da44c-sheet1-R10,2026-02-05,gwangju-gwangsan,행정지원과,하늘잔치,광산구어린이집연합회 애로사항 청취 및 현안사업 논의 간담회,175000,bde7caab7f5da44c2b2bc7f28a0469c322da11fe76d80e00d6e837aa29428016,sheet1:R10,,,
bde7caab7f5da44c-sheet1-R11,2026-02-06,gwangju-gwangsan,행정지원과,새송정,안전교통국 현안사업 논의 간담회,170000,bde7caab7f5da44c2b2bc7f28a0469c322da11fe76d80e00d6e837aa29428016,sheet1:R11,,,
bde7caab7f5da44c-sheet1-R12,2026-02-06,gwangju-gwangsan,행정지원과,연경,기업 지원 정책 추진을 위한 관계자 회의,34500,bde7caab7f5da44c2b2bc7f28a0469c322da11fe76d80e00d6e837aa29428016,sheet1:R12,,,
bde7caab7f5da44c-sheet1-R13,2026-02-09,gwangju-gwangsan,행정지원과,"진성수가, 카페더비",산단관리 현안사업 논의 간담회,187300,bde7caab7f5da44c2b2bc7f28a0469c322da11fe76d80e00d6e837aa29428016,sheet1:R13,,,
bde7caab7f5da44c-sheet1-R14,2026-02-10,gwangju-gwangsan,행정지원과,장흥,기업 지원 정책 추진을 위한 관계자 회의,144000,bde7caab7f5da44c2b2bc7f28a0469c322da11fe76d80e00d6e837aa29428016,sheet1:R14,,,
bde7caab7f5da44c-sheet1-R15,2026-02-10,gwangju-gwangsan,행정지원과,옛날에금잔디,원활한 구정 업무 협조를 위한 유관기관장 간담회,90000,bde7caab7f5da44c2b2bc7f28a0469c322da11fe76d80e00d6e837aa29428016,sheet1:R15,,,
bde7caab7f5da44c-sheet1-R16,2026-02-11,gwangju-gwangsan,행정지원과,순창민물매운탕,구정 업무 협의를 위한 유관기관 간담회,232000,bde7caab7f5da44c2b2bc7f28a0469c322da11fe76d80e00d6e837aa29428016,sheet1:R16,,,
bde7caab7f5da44c-sheet1-R17,2026-02-12,gwangju-gwangsan,행정지원과,시골밥집,중소기업 지원 정책 추진을 위한 관계자 회의,100000,bde7caab7f5da44c2b2bc7f28a0469c322da11fe76d80e00d6e837aa29428016,sheet1:R17,,,
bde7caab7f5da44c-sheet1-R18,2026-02-12,gwangju-gwangsan,행정지원과,정명관,광산구어린이집연합회 애로사항 청취 및 현안사업 논의 간담회,90000,bde7caab7f5da44c2b2bc7f28a0469c322da11fe76d80e00d6e837aa29428016,sheet1:R18,,,
bde7caab7f5da44c-sheet1-R19,2026-02-13,gwangju-gwangsan,행정지원과,하늘잔치,구정 업무 협조를 위한 동 사회단체장 간담회,75000,bde7caab7f5da44c2b2bc7f28a0469c322da11fe76d80e00d6e837aa29428016,sheet1:R19,,,
bde7caab7f5da44c-sheet1-R20,2026-02-19,gwangju-gwangsan,행정지원과,해동활어,원활한 구정 업무 협조를 위한 유관기관장 간담회,100000,bde7caab7f5da44c2b2bc7f28a0469c322da11fe76d80e00d6e837aa29428016,sheet1:R20,,,
bde7caab7f5da44c-sheet1-R21,2026-02-20,gwangju-gwangsan,행정지원과,진미청국장,원활한 구정 업무 협조를 위한 유관기관장 간담회,52000,bde7caab7f5da44c2b2bc7f28a0469c322da11fe76d80e00d6e837aa29428016,sheet1:R21,,,
bde7caab7f5da44c-sheet1-R22,2026-02-23,gwangju-gwangsan,행정지원과,까트르쎄종,구정 정책 공유를 위한 언론인 간담회,164000,bde7caab7f5da44c2b2bc7f28a0469c322da11fe76d80e00d6e837aa29428016,sheet1:R22,,,
bde7caab7f5da44c-sheet1-R23,2026-02-23,gwangju-gwangsan,행정지원과,개인(성명 비공개),직원 애경사에 따른 경조사비 지급,150000,bde7caab7f5da44c2b2bc7f28a0469c322da11fe76d80e00d6e837aa29428016,sheet1:R23,,,
bde7caab7f5da44c-sheet1-R24,2026-02-26,gwangju-gwangsan,행정지원과,"시골밥집, 카페홀더광산구청점",구정 업무 협조를 위한 동 사회단체장 간담회,197500,bde7caab7f5da44c2b2bc7f28a0469c322da11fe76d80e00d6e837aa29428016,sheet1:R24,,,
bde7caab7f5da44c-sheet1-R25,2026-02-26,gwangju-gwangsan,행정지원과,"부뚜막김치생삼겹, 카페공감",기업 지원 정책 추진을 위한 관계자 회의,126500,bde7caab7f5da44c2b2bc7f28a0469c322da11fe76d80e00d6e837aa29428016,sheet1:R25,,,
bde7caab7f5da44c-sheet1-R26,2026-02-26,gwangju-gwangsan,행정지원과,정관장쌍촌점,교류 및 협력 증진을 위한 우리구 방문 내방객 기념품 구입,112000,bde7caab7f5da44c2b2bc7f28a0469c322da11fe76d80e00d6e837aa29428016,sheet1:R26,,,
bde7caab7f5da44c-sheet1-R27,2026-02-27,gwangju-gwangsan,행정지원과,한국인의밥상,구정 업무 협의를 위한 유관기관장 간담회,64000,bde7caab7f5da44c2b2bc7f28a0469c322da11fe76d80e00d6e837aa29428016,sheet1:R27,,,
a5657efd2ac641d0-sheet1-R5,2026-01-02,gwangju-gwangsan,행정지원과,"순창민물매운탕, 앙비떼",원활한 구정 협조를 위한 언론인 간담회,97800,a5657efd2ac641d0abff8b8c59ccc96887441f2a9a7f688a4ef8f7c1027dfff7,sheet1:R5,,,
a5657efd2ac641d0-sheet1-R6,2026-01-06,gwangju-gwangsan,행정지원과,아리랑한정식,2026년 구정 주요 사업 협조를 위한 시 관계자 간담회,150000,a5657efd2ac641d0abff8b8c59ccc96887441f2a9a7f688a4ef8f7c1027dfff7,sheet1:R6,,,
a5657efd2ac641d0-sheet1-R7,2026-01-07,gwangju-gwangsan,행정지원과,투썸플레이스광산구청점,구정 정책 협의를 위한 유관기관 간담회,14100,a5657efd2ac641d0abff8b8c59ccc96887441f2a9a7f688a4ef8f7c1027dfff7,sheet1:R7,,,
a5657efd2ac641d0-sheet1-R8,2026-01-07,gwangju-gwangsan,행정지원과,엄마손팥죽,부속실 업무 추진 격려 만찬 간담회,21000,a5657efd2ac641d0abff8b8c59ccc96887441f2a9a7f688a4ef8f7c1027dfff7,sheet1:R8,,,
a5657efd2ac641d0-sheet1-R9,2026-01-08,gwangju-gwangsan,행정지원과,"본빵협동조합, 가배하우스",부구청장실 내방객을 위한 다과 구입,122000,a5657efd2ac641d0abff8b8c59ccc96887441f2a9a7f688a4ef8f7c1027dfff7,sheet1:R9,,,
a5657efd2ac641d0-sheet1-R10,2026-01-08,gwangju-gwangsan,행정지원과,"영지원명가, 빽다방상무메가점",광주·전남 행정통합 관련 논의를 위한 시 관계자 간담회,248100,a5657efd2ac641d0abff8b8c59ccc96887441f2a9a7f688a4ef8f7c1027dfff7,sheet1:R10,,,
a5657efd2ac641d0-sheet1-R11,2026-01-09,gwangju-gwangsan,행정지원과,"순창민물매운탕, 송정cafe1913",구정 정책 공유 및 홍보를 위한 언론인 간담회,67000,a5657efd2ac641d0abff8b8c59ccc96887441f2a9a7f688a4ef8f7c1027dfff7,sheet1:R11,,,
a5657efd2ac641d0-sheet1-R12,2026-01-12,gwangju-gwangsan,행정지원과,"연화, 무드카페",구정 정책 공유를 위한 언론인 간담회,180800,a5657efd2ac641d0abff8b8c59ccc96887441f2a9a7f688a4ef8f7c1027dfff7,sheet1:R12,,,
a5657efd2ac641d0-sheet1-R13,2026-01-13,gwangju-gwangsan,행정지원과,매력한우명품관,도시공원 조성 사업 관련 논의을 위한 시 관계자 간담회,100000,a5657efd2ac641d0abff8b8c59ccc96887441f2a9a7f688a4ef8f7c1027dfff7,sheet1:R13,,,
a5657efd2ac641d0-sheet1-R14,2026-01-14,gwangju-gwangsan,행정지원과,투썸플레이스광산구청점,원활한 구정 업무 협조를 위한 유관기관 간담회,9400,a5657efd2ac641d0abff8b8c59ccc96887441f2a9a7f688a4ef8f7c1027dfff7,sheet1:R14,,,
a5657efd2ac641d0-sheet1-R15,2026-01-14,gwangju-gwangsan,행정지원과,개인(성명 비공개),직원 애경사에 따른 경조사비 지급,100000,a5657efd2ac641d0abff8b8c59ccc96887441f2a9a7f688a4ef8f7c1027dfff7,sheet1:R15,,,
a5657efd2ac641d0-sheet1-R16,2026-01-16,gwangju-gwangsan,행정지원과,"콘타이, 스타벅스광주시리단길점",산단관리 현안사업 논의 시 관계자 간담회,84200,a5657efd2ac641d0abff8b8c59ccc96887441f2a9a7f688a4ef8f7c1027dfff7,sheet1:R16,,,
a5657efd2ac641d0-sheet1-R17,2026-01-19,gwangju-gwangsan,행정지원과,"연타발, 스타벅스광주상무대교점",광주·전남 행정통합 관련 논의를 위한 시 관계자 간담회,264000,a5657efd2ac641d0abff8b8c59ccc96887441f2a9a7f688a4ef8f7c1027dfff7,sheet1:R17,,,
a5657efd2ac641d0-sheet1-R18,2026-01-20,gwangju-gwangsan,행정지원과,"시골밥집, 투썸플레이스광산구청점",구정 현안사업 논의를 위한 유관기관 관계자 간담회,225600,a5657efd2ac641d0abff8b8c59ccc96887441f2a9a7f688a4ef8f7c1027dfff7,sheet1:R18,,,
a5657efd2ac641d0-sheet1-R19,2026-01-22,gwangju-gwangsan,행정지원과,영지원명가,원활한 구정 협조를 위한 언론인 간담회,314000,a5657efd2ac641d0abff8b8c59ccc96887441f2a9a7f688a4ef8f7c1027dfff7,sheet1:R19,,,
a5657efd2ac641d0-sheet1-R20,2026-01-23,gwangju-gwangsan,행정지원과,"장흥, 몬코드",구정 정책 공유를 위한 언론인 간담회,50000,a5657efd2ac641d0abff8b8c59ccc96887441f2a9a7f688a4ef8f7c1027dfff7,sheet1:R20,,,
a5657efd2ac641d0-sheet1-R21,2026-01-26,gwangju-gwangsan,행정지원과,"순창민물매운탕, 송정cafe1913",광주송정역 환경개선 사업 논의를 위한 유관기관 관계자 간담회,97700,a5657efd2ac641d0abff8b8c59ccc96887441f2a9a7f688a4ef8f7c1027dfff7,sheet1:R21,,,
a5657efd2ac641d0-sheet1-R22,2026-01-27,gwangju-gwangsan,행정지원과,"시골밥집, 데이지",도시계획 관련 현안사업 논의를 위한 간담회,252500,a5657efd2ac641d0abff8b8c59ccc96887441f2a9a7f688a4ef8f7c1027dfff7,sheet1:R22,,,
a5657efd2ac641d0-sheet1-R23,2026-01-28,gwangju-gwangsan,행정지원과,아우라,구정 현안업무 추진 관련 논의 간담회,12500,a5657efd2ac641d0abff8b8c59ccc96887441f2a9a7f688a4ef8f7c1027dfff7,sheet1:R23,,,
a5657efd2ac641d0-sheet1-R24,2026-01-28,gwangju-gwangsan,행정지원과,군사바다,광주송정역 환경개선 사업 협의를 위한 시 관계자 간담회,377000,a5657efd2ac641d0abff8b8c59ccc96887441f2a9a7f688a4ef8f7c1027dfff7,sheet1:R24,,,
a5657efd2ac641d0-sheet1-R25,2026-01-29,gwangju-gwangsan,행정지원과,달잔기지떡,부구청장실 내방객을 위한 다과 구입,34000,a5657efd2ac641d0abff8b8c59ccc96887441f2a9a7f688a4ef8f7c1027dfff7,sheet1:R25,,,
a5657efd2ac641d0-sheet1-R26,2026-01-29,gwangju-gwangsan,행정지원과,"엄마손팥죽, 투썸플레이스광산구청점",환경녹지국 현안사업 논의를 위한 간담회,23400,a5657efd2ac641d0abff8b8c59ccc96887441f2a9a7f688a4ef8f7c1027dfff7,sheet1:R26,,,
a5657efd2ac641d0-sheet1-R27,2026-01-29,gwangju-gwangsan,행정지원과,"마한지, 캐스퍼커피",구정 정책 협의를 위한 유관기관 간담회,109900,a5657efd2ac641d0abff8b8c59ccc96887441f2a9a7f688a4ef8f7c1027dfff7,sheet1:R27,,,
a5657efd2ac641d0-sheet1-R28,2026-01-30,gwangju-gwangsan,행정지원과,"시골밥집, 데이지",구정 정책 공유 및 홍보를 위한 언론인 간담회,255000,a5657efd2ac641d0abff8b8c59ccc96887441f2a9a7f688a4ef8f7c1027dfff7,sheet1:R28,,,
a5657efd2ac641d0-sheet1-R29,2026-01-30,gwangju-gwangsan,행정지원과,아웃백스테이크하우스광주광천점,구정 주요 사업 협조를 위한 시 관계자 간담회,172700,a5657efd2ac641d0abff8b8c59ccc96887441f2a9a7f688a4ef8f7c1027dfff7,sheet1:R29,,,
cb23f6f117a9ac48-sheet1-R5,2026-01-05,gwangju-gwangsan,행정지원과,임옥,원활한 구정 업무 협조를 위한 유관기관장 간담회,32000,cb23f6f117a9ac489f47850cd5bdfc2579035c6c5bb12300da3ed744587eee0e,sheet1:R5,,,
cb23f6f117a9ac48-sheet1-R6,2026-01-05,gwangju-gwangsan,행정지원과,카페일루이스,마을공동체 업무 협의를 위한 활동가 간담회,16000,cb23f6f117a9ac489f47850cd5bdfc2579035c6c5bb12300da3ed744587eee0e,sheet1:R6,,,
cb23f6f117a9ac48-sheet1-R7,2026-01-06,gwangju-gwangsan,행정지원과,카페홀더광산구청점,마을공동체 업무 협의를 위한 유관기관 간담회,25000,cb23f6f117a9ac489f47850cd5bdfc2579035c6c5bb12300da3ed744587eee0e,sheet1:R7,,,
cb23f6f117a9ac48-sheet1-R8,2026-01-06,gwangju-gwangsan,행정지원과,수완공원국밥,구정 업무 협조를 위한 동 사회단체장 간담회,45000,cb23f6f117a9ac489f47850cd5bdfc2579035c6c5bb12300da3ed744587eee0e,sheet1:R8,,,
cb23f6f117a9ac48-sheet1-R9,2026-01-08,gwangju-gwangsan,행정지원과,청민,구정 정책 공유를 위한 언론인 간담회,183200,cb23f6f117a9ac489f47850cd5bdfc2579035c6c5bb12300da3ed744587eee0e,sheet1:R9,,,
cb23f6f117a9ac48-sheet1-R10,2026-01-08,gwangju-gwangsan,행정지원과,오돈솥뚜껑,광산구어린이집연합회 애로사항 청취 및 현안사업 논의 간담회,54000,cb23f6f117a9ac489f47850cd5bdfc2579035c6c5bb12300da3ed744587eee0e,sheet1:R10,,,
cb23f6f117a9ac48-sheet1-R11,2026-01-09,gwangju-gwangsan,행정지원과,남도소반,원활한 구정 협조를 위한 언론인 간담회,125000,cb23f6f117a9ac489f47850cd5bdfc2579035c6c5bb12300da3ed744587eee0e,sheet1:R11,,,
cb23f6f117a9ac48-sheet1-R12,2026-01-13,gwangju-gwangsan,행정지원과,"옛날에금잔디, 프로머스",구정 업무 협조를 위한 동 사회단체장 간담회,140300,cb23f6f117a9ac489f47850cd5bdfc2579035c6c5bb12300da3ed744587eee0e,sheet1:R12,,,
cb23f6f117a9ac48-sheet1-R13,2026-01-13,gwangju-gwangsan,행정지원과,가순이네,마을공동체 업무 협의를 위한 활동가 간담회,30000,cb23f6f117a9ac489f47850cd5bdfc2579035c6c5bb12300da3ed744587eee0e,sheet1:R13,,,
cb23f6f117a9ac48-sheet1-R14,2026-01-14,gwangju-gwangsan,행정지원과,앙비떼,원활한 구정 현안회의 추진을 위한 음료 구입,80000,cb23f6f117a9ac489f47850cd5bdfc2579035c6c5bb12300da3ed744587eee0e,sheet1:R14,,,
cb23f6f117a9ac48-sheet1-R15,2026-01-14,gwangju-gwangsan,행정지원과,SM송정점,구청장실 내방객을 위한 다과 구입,293000,cb23f6f117a9ac489f47850cd5bdfc2579035c6c5bb12300da3ed744587eee0e,sheet1:R15,,,
cb23f6f117a9ac48-sheet1-R16,2026-01-14,gwangju-gwangsan,행정지원과,개인(성명 비공개),직원 애경사에 따른 경조사비 지급,150000,cb23f6f117a9ac489f47850cd5bdfc2579035c6c5bb12300da3ed744587eee0e,sheet1:R16,,,
cb23f6f117a9ac48-sheet1-R17,2026-01-19,gwangju-gwangsan,행정지원과,가매,구정 정책 공유 및 홍보를 위한 언론인 간담회,175000,cb23f6f117a9ac489f47850cd5bdfc2579035c6c5bb12300da3ed744587eee0e,sheet1:R17,,,
cb23f6f117a9ac48-sheet1-R18,2026-01-20,gwangju-gwangsan,행정지원과,장흥,구정 업무 협조를 위한 동 사회단체장 간담회,88000,cb23f6f117a9ac489f47850cd5bdfc2579035c6c5bb12300da3ed744587eee0e,sheet1:R18,,,
cb23f6f117a9ac48-sheet1-R19,2026-01-21,gwangju-gwangsan,행정지원과,"화천추어탕, 카페홀더광산구청점",부속실 현안업무 추진 격려 오찬 간담회,73500,cb23f6f117a9ac489f47850cd5bdfc2579035c6c5bb12300da3ed744587eee0e,sheet1:R19,,,
cb23f6f117a9ac48-sheet1-R20,2026-01-22,gwangju-gwangsan,행정지원과,장흥,원활한 구정 업무 협조를 위한 유관기관장 간담회,51000,cb23f6f117a9ac489f47850cd5bdfc2579035c6c5bb12300da3ed744587eee0e,sheet1:R20,,,
cb23f6f117a9ac48-sheet1-R21,2026-01-23,gwangju-gwangsan,행정지원과,강원맛코다리찜운남점,원활한 노인복지정책 추진을 위한 관계자 간담회,163000,cb23f6f117a9ac489f47850cd5bdfc2579035c6c5bb12300da3ed744587eee0e,sheet1:R21,,,
cb23f6f117a9ac48-sheet1-R22,2026-01-26,gwangju-gwangsan,행정지원과,송정금호하남점,노사민정협의회 주요 현안 청취 간담회,203000,cb23f6f117a9ac489f47850cd5bdfc2579035c6c5bb12300da3ed744587eee0e,sheet1:R22,,,
cb23f6f117a9ac48-sheet1-R23,2026-01-27,gwangju-gwangsan,행정지원과,장흥,기업 지원 정책 추진을 위한 관계자 회의,88000,cb23f6f117a9ac489f47850cd5bdfc2579035c6c5bb12300da3ed744587eee0e,sheet1:R23,,,
cb23f6f117a9ac48-sheet1-R24,2026-01-27,gwangju-gwangsan,행정지원과,쌍교숯불갈비송정점,원활한 구정 업무 협조를 위한 유관기관장 간담회,266000,cb23f6f117a9ac489f47850cd5bdfc2579035c6c5bb12300da3ed744587eee0e,sheet1:R24,,,
cb23f6f117a9ac48-sheet1-R25,2026-01-28,gwangju-gwangsan,행정지원과,카페홀더광산구청점,생활체육 현안사업 논의 관계자 간담회,22500,cb23f6f117a9ac489f47850cd5bdfc2579035c6c5bb12300da3ed744587eee0e,sheet1:R25,,,
cb23f6f117a9ac48-sheet1-R26,2026-01-28,gwangju-gwangsan,행정지원과,어부네회수산,구정 현안사업 논의를 위한 유관기관 관계자 간담회,140000,cb23f6f117a9ac489f47850cd5bdfc2579035c6c5bb12300da3ed744587eee0e,sheet1:R26,,,
cb23f6f117a9ac48-sheet1-R27,2026-01-29,gwangju-gwangsan,행정지원과,쉥카이,원활한 구정 업무 협조를 위한 유관기관장 간담회,30000,cb23f6f117a9ac489f47850cd5bdfc2579035c6c5bb12300da3ed744587eee0e,sheet1:R27,,,
cb23f6f117a9ac48-sheet1-R28,2026-01-29,gwangju-gwangsan,행정지원과,장수국밥첨단점,마을공동체 업무 협의를 위한 활동가 간담회,20000,cb23f6f117a9ac489f47850cd5bdfc2579035c6c5bb12300da3ed744587eee0e,sheet1:R28,,,
