record_id,spent_on,organization,department,merchant,purpose,amount_krw,source_hash,source_location,repeats,expense_id,expense_amount_krw
140d91aabbb3d41f-sheet1-R7,2026-06-30,daegu-city,상수도사업본부 가창정수사업소,큰나무집궁중약백숙,퇴직자 격려 간담회 경비 지출,155000,140d91aabbb3d41ffb3171a60b31b0f9c83a2efdeb3222da2be5a5ab553ffa30,sheet1:R7,,,
140d91aabbb3d41f-sheet1-R8,2026-05-11,daegu-city,상수도사업본부 가창정수사업소,개인(성명 비공개),직원 경조사비 지출,50000,140d91aabbb3d41ffb3171a60b31b0f9c83a2efdeb3222da2be5a5ab553ffa30,sheet1:R8,,,
140d91aabbb3d41f-sheet1-R9,2026-04-23,daegu-city,상수도사업본부 가창정수사업소,오마모리,업무협의를 위한 간담회 경비 지출,59400,140d91aabbb3d41ffb3171a60b31b0f9c83a2efdeb3222da2be5a5ab553ffa30,sheet1:R9,,,
140d91aabbb3d41f-sheet1-R10,2026-04-20,daegu-city,상수도사업본부 가창정수사업소,나이스할인마트,내방객 제공을 위한 다과 구입,15800,140d91aabbb3d41ffb3171a60b31b0f9c83a2efdeb3222da2be5a5ab553ffa30,sheet1:R10,,,
079641a67ef9e3da-sheet1-R7,2026-03-30,daegu-city,상수도사업본부 가창정수사업소,다라이 수성점,업무협의를 위한 간담회 경비 지출,103980,079641a67ef9e3da63da26bf743bfbd7b70006cab86cbd56137421b28460decd,sheet1:R7,,,
079641a67ef9e3da-sheet1-R8,2026-03-13,daegu-city,상수도사업본부 가창정수사업소,나이스할인마트,내방객 제공을 위한 다과 구입,82360,079641a67ef9e3da63da26bf743bfbd7b70006cab86cbd56137421b28460decd,sheet1:R8,,,
079641a67ef9e3da-sheet1-R9,2026-02-25,daegu-city,상수도사업본부 가창정수사업소,강원도집,업무협조를 위한 간담회 경비 지출,90000,079641a67ef9e3da63da26bf743bfbd7b70006cab86cbd56137421b28460decd,sheet1:R9,,,
079641a67ef9e3da-sheet1-R10,2026-02-13,daegu-city,상수도사업본부 가창정수사업소,복돼지식당,업무협조를 위한 간담회 경비 지출,105500,079641a67ef9e3da63da26bf743bfbd7b70006cab86cbd56137421b28460decd,sheet1:R10,,,
079641a67ef9e3da-sheet1-R11,2026-01-14,daegu-city,상수도사업본부 가창정수사업소,삼산회관,업무협의 간담회 경비 지출,98500,079641a67ef9e3da63da26bf743bfbd7b70006cab86cbd56137421b28460decd,sheet1:R11,,,
af60ea2a18c5ace8-sheet1-R7,2026-04-03,daegu-city,상수도사업본부 죽곡정수사업소,개인(성명 비공개),직원 경조사비 지출,50000,af60ea2a18c5ace8f4b6c0a89c68685ba4cdc3d0f72ef775267712ad3a32dbd9,sheet1:R7,,,
af60ea2a18c5ace8-sheet1-R8,2026-04-15,daegu-city,상수도사업본부 죽곡정수사업소,경산식당,공정안전보고서(PSM) 컨설팅 회의 참석자 간담회 경비 지출,260000,af60ea2a18c5ace8f4b6c0a89c68685ba4cdc3d0f72ef775267712ad3a32dbd9,sheet1:R8,,,
af60ea2a18c5ace8-sheet1-R9,2026-04-28,daegu-city,상수도사업본부 죽곡정수사업소,개인(성명 비공개),직원 경조사비 지출,50000,af60ea2a18c5ace8f4b6c0a89c68685ba4cdc3d0f72ef775267712ad3a32dbd9,sheet1:R9,,,
af60ea2a18c5ace8-sheet1-R10,2026-06-09,daegu-city,상수도사업본부 죽곡정수사업소,대광식당,"직원(공무직, 기간제) 격려를 위한 간담회 경비 지출",84000,af60ea2a18c5ace8f4b6c0a89c68685ba4cdc3d0f72ef775267712ad3a32dbd9,sheet1:R10,,,
af60ea2a18c5ace8-sheet1-R11,2026-06-16,daegu-city,상수도사업본부 죽곡정수사업소,대광식당,간담회 경비 지출,106000,af60ea2a18c5ace8f4b6c0a89c68685ba4cdc3d0f72ef775267712ad3a32dbd9,sheet1:R11,,,
af60ea2a18c5ace8-sheet1-R12,2026-06-17,daegu-city,상수도사업본부 죽곡정수사업소,경산식당 외 1,간담회 경비 지출,177420,af60ea2a18c5ace8f4b6c0a89c68685ba4cdc3d0f72ef775267712ad3a32dbd9,sheet1:R12,,,
1dabc5047a88cb23-sheet1-R7,2026-02-09,daegu-city,상수도사업본부 죽곡정수사업소,필마트 대구다사점,직원 격려 물품 구입,76500,1dabc5047a88cb234c2f37d3b7ed88444b56020412485058d1fd1569118c9bb0,sheet1:R7,,,
1dabc5047a88cb23-sheet1-R8,2026-02-10,daegu-city,상수도사업본부 죽곡정수사업소,네이버,설 맞이 직원 격려 물품 구입,39000,1dabc5047a88cb234c2f37d3b7ed88444b56020412485058d1fd1569118c9bb0,sheet1:R8,,,
1dabc5047a88cb23-sheet1-R9,2026-02-11,daegu-city,상수도사업본부 죽곡정수사업소,밸먼트,설 명절 연휴 근무자 간식 구입-음료,44500,1dabc5047a88cb234c2f37d3b7ed88444b56020412485058d1fd1569118c9bb0,sheet1:R9,,,
1dabc5047a88cb23-sheet1-R10,2026-02-11,daegu-city,상수도사업본부 죽곡정수사업소,쿠팡,설 명절 연휴 근무자 간식 구입-컵라면,47400,1dabc5047a88cb234c2f37d3b7ed88444b56020412485058d1fd1569118c9bb0,sheet1:R10,,,
1dabc5047a88cb23-sheet1-R11,2026-02-11,daegu-city,상수도사업본부 죽곡정수사업소,네네린도,설 명절 연휴 근무자 간식 구입-컵밥,143350,1dabc5047a88cb234c2f37d3b7ed88444b56020412485058d1fd1569118c9bb0,sheet1:R11,,,
1dabc5047a88cb23-sheet1-R12,2026-03-05,daegu-city,상수도사업본부 죽곡정수사업소,개인(성명 비공개),직원 경조사비 지출,50000,1dabc5047a88cb234c2f37d3b7ed88444b56020412485058d1fd1569118c9bb0,sheet1:R12,,,
1dabc5047a88cb23-sheet1-R13,2026-03-18,daegu-city,상수도사업본부 죽곡정수사업소,개인(성명 비공개),직원 경조사비 지출,50000,1dabc5047a88cb234c2f37d3b7ed88444b56020412485058d1fd1569118c9bb0,sheet1:R13,,,
fe50f568cab2c92c-sheet1-R7,2026-04-02,daegu-city,성평등정책과,호작질 미니점,한부모가족복지시설 간담회 간식 구입비 지출,90000,fe50f568cab2c92c341fd8f07e61c1de5329afca24275997e01d11bb42298ddc,sheet1:R7,,,
fe50f568cab2c92c-sheet1-R8,2026-04-14,daegu-city,성평등정책과,바르미스시샤브 동성로점,부서 직원 격려 급식비 지출,290800,fe50f568cab2c92c341fd8f07e61c1de5329afca24275997e01d11bb42298ddc,sheet1:R8,,,
fe50f568cab2c92c-sheet1-R9,2026-04-28,daegu-city,성평등정책과,몬스터커피,가족센터로 찾아가는 소규모 타운홀 미팅 간담회 경비 지출,30300,fe50f568cab2c92c341fd8f07e61c1de5329afca24275997e01d11bb42298ddc,sheet1:R9,,,
fe50f568cab2c92c-sheet1-R10,2026-04-29,daegu-city,성평등정책과,유아이유(UIU),가족센터로 찾아가는 소규모 타운홀 미팅 간담회 경비 지출,36000,fe50f568cab2c92c341fd8f07e61c1de5329afca24275997e01d11bb42298ddc,sheet1:R10,,,
fe50f568cab2c92c-sheet1-R11,2026-05-06,daegu-city,성평등정책과,카페(CAFE) 발리하이,가족센터로 찾아가는 소규모 타운홀 미팅 간담회 경비 지출,31500,fe50f568cab2c92c341fd8f07e61c1de5329afca24275997e01d11bb42298ddc,sheet1:R11,,,
fe50f568cab2c92c-sheet1-R12,2026-05-06,daegu-city,성평등정책과,바스코,가족센터 운영관련 구군담당자 오찬간담회 경비 지출,218700,fe50f568cab2c92c341fd8f07e61c1de5329afca24275997e01d11bb42298ddc,sheet1:R12,,,
fe50f568cab2c92c-sheet1-R13,2026-05-07,daegu-city,성평등정책과,봄봄(북부정류장점),가족센터로 찾아가는 소규모 타운홀 미팅 간담회 경비 지출,33700,fe50f568cab2c92c341fd8f07e61c1de5329afca24275997e01d11bb42298ddc,sheet1:R13,,,
fe50f568cab2c92c-sheet1-R14,2026-05-11,daegu-city,성평등정책과,오케이마트,부서 직원 간식 구입비 지출,100000,fe50f568cab2c92c341fd8f07e61c1de5329afca24275997e01d11bb42298ddc,sheet1:R14,,,
fe50f568cab2c92c-sheet1-R15,2026-05-13,daegu-city,성평등정책과,어레인지먼트 수성대점,가족센터로 찾아가는 소규모 타운홀 미팅 간담회 경비 지출,48700,fe50f568cab2c92c341fd8f07e61c1de5329afca24275997e01d11bb42298ddc,sheet1:R15,,,
fe50f568cab2c92c-sheet1-R16,2026-05-13,daegu-city,성평등정책과,카페 비슬애(4호점),가족센터로 찾아가는 소규모 타운홀 미팅 간담회 경비 지출,33300,fe50f568cab2c92c341fd8f07e61c1de5329afca24275997e01d11bb42298ddc,sheet1:R16,,,
fe50f568cab2c92c-sheet1-R17,2026-05-14,daegu-city,성평등정책과,피넛 하우스 커피,가족센터로 찾아가는 소규모 타운홀 미팅 간담회 경비 지출,37100,fe50f568cab2c92c341fd8f07e61c1de5329afca24275997e01d11bb42298ddc,sheet1:R17,,,
fe50f568cab2c92c-sheet1-R18,2026-05-14,daegu-city,성평등정책과,오케이마트외 1,2026년 중간관리자 대상 성희롱·성폭력 예방교육을 위한 다과 구입,79500,fe50f568cab2c92c341fd8f07e61c1de5329afca24275997e01d11bb42298ddc,sheet1:R18,,,
fe50f568cab2c92c-sheet1-R19,2026-05-19,daegu-city,성평등정책과,빽다방 대구군위점,가족센터로 찾아가는 소규모 타운홀 미팅 간담회 경비 지출,33900,fe50f568cab2c92c341fd8f07e61c1de5329afca24275997e01d11bb42298ddc,sheet1:R19,,,
fe50f568cab2c92c-sheet1-R20,2026-06-09,daegu-city,성평등정책과,온돌방,성평등정책 업무추진 간담회 경비 지출,280000,fe50f568cab2c92c341fd8f07e61c1de5329afca24275997e01d11bb42298ddc,sheet1:R20,,,
fe50f568cab2c92c-sheet1-R21,2026-06-15,daegu-city,성평등정책과,카페봉덕,인수위 현장방문 관련 간담회 경비 지출,172500,fe50f568cab2c92c341fd8f07e61c1de5329afca24275997e01d11bb42298ddc,sheet1:R21,,,
fe50f568cab2c92c-sheet1-R22,2026-06-25,daegu-city,성평등정책과,미스터브리즈커피대구시청점외 1,2026년 제4회 대구광역시 성희롱·성폭력 고충심의위원회 개최에 필요한 다과 구입,93200,fe50f568cab2c92c341fd8f07e61c1de5329afca24275997e01d11bb42298ddc,sheet1:R22,,,
99f54679e98142bf-sheet1-R7,2026-01-05,daegu-city,상수도사업본부 달서사업소,남도명가,직원 격려 간담회 경비 지출,70000,99f54679e98142bfc6657e135ce9480178e016dc0e38e8527d4eebe1da4d3ae7,sheet1:R7,,,
99f54679e98142bf-sheet1-R8,2026-01-06,daegu-city,상수도사업본부 달서사업소,복호두과자 감삼점,인사이동에 따른 직원 격려 간식 구입,268000,99f54679e98142bfc6657e135ce9480178e016dc0e38e8527d4eebe1da4d3ae7,sheet1:R8,,,
99f54679e98142bf-sheet1-R9,2026-01-12,daegu-city,상수도사업본부 달서사업소,신암태양칼국수,현안업무 추진협의 간담회 경비 지출,118000,99f54679e98142bfc6657e135ce9480178e016dc0e38e8527d4eebe1da4d3ae7,sheet1:R9,,,
99f54679e98142bf-sheet1-R10,2026-01-19,daegu-city,상수도사업본부 달서사업소,방어진 참가자미 본리점,직원 격려 간담회 경비 지출,234000,99f54679e98142bfc6657e135ce9480178e016dc0e38e8527d4eebe1da4d3ae7,sheet1:R10,,,
99f54679e98142bf-sheet1-R11,2026-01-21,daegu-city,상수도사업본부 달서사업소,방어진 참가자미 본리점,직원 격려 간담회 경비 지출,208000,99f54679e98142bfc6657e135ce9480178e016dc0e38e8527d4eebe1da4d3ae7,sheet1:R11,,,
99f54679e98142bf-sheet1-R12,2026-02-03,daegu-city,상수도사업본부 달서사업소,대구파티마병원장례식장,직원 경조사비 지출,50000,99f54679e98142bfc6657e135ce9480178e016dc0e38e8527d4eebe1da4d3ae7,sheet1:R12,,,
99f54679e98142bf-sheet1-R13,2026-02-06,daegu-city,상수도사업본부 달서사업소,노비아갈라 동촌,직원 경조사비 지출,50000,99f54679e98142bfc6657e135ce9480178e016dc0e38e8527d4eebe1da4d3ae7,sheet1:R13,,,
99f54679e98142bf-sheet1-R14,2026-02-11,daegu-city,상수도사업본부 달서사업소,홈플러스,내빈 및 민원접대용 다과 구입,189980,99f54679e98142bfc6657e135ce9480178e016dc0e38e8527d4eebe1da4d3ae7,sheet1:R14,,,
99f54679e98142bf-sheet1-R15,2026-02-11,daegu-city,상수도사업본부 달서사업소,남도명가,직원 격려 간담회 경비 지출,147000,99f54679e98142bfc6657e135ce9480178e016dc0e38e8527d4eebe1da4d3ae7,sheet1:R15,,,
99f54679e98142bf-sheet1-R16,2026-02-12,daegu-city,상수도사업본부 달서사업소,스윗푸릇,검침원 격려 간담회 경비 지출,232000,99f54679e98142bfc6657e135ce9480178e016dc0e38e8527d4eebe1da4d3ae7,sheet1:R16,,,
99f54679e98142bf-sheet1-R17,2026-03-25,daegu-city,상수도사업본부 달서사업소,남도명가,2026년도 관세척 기간제근로자 채용 관련 협의 간담회,115000,99f54679e98142bfc6657e135ce9480178e016dc0e38e8527d4eebe1da4d3ae7,sheet1:R17,,,
99f54679e98142bf-sheet1-R18,2026-04-23,daegu-city,상수도사업본부 달서사업소,동곡원조할매손칼국수,생활용수 누수 발생에 따른 긴급복구 현장관계자와의 간담회 경비 지출,49000,99f54679e98142bfc6657e135ce9480178e016dc0e38e8527d4eebe1da4d3ae7,sheet1:R18,,,
99f54679e98142bf-sheet1-R19,2026-05-08,daegu-city,상수도사업본부 달서사업소,엠스타하우스,직원 경조사비 지출,50000,99f54679e98142bfc6657e135ce9480178e016dc0e38e8527d4eebe1da4d3ae7,sheet1:R19,,,
99f54679e98142bf-sheet1-R20,2026-06-12,daegu-city,상수도사업본부 달서사업소,칠성시장,직원 병문안 다과구입비 지출,50000,99f54679e98142bfc6657e135ce9480178e016dc0e38e8527d4eebe1da4d3ae7,sheet1:R20,,,
4d29fd8fca4c6a67-sheet1-R3,2026-04-02,daegu-city,수질연구소,송정초밥,KOLAS 공인시험기고나간 업무협약 추진을 위한 간담회 경비 지출,160000,4d29fd8fca4c6a670169951d5d801c14f7f6cf7f19726d3f208cfe6d461f3539,sheet1:R3,,,
4d29fd8fca4c6a67-sheet1-R4,2026-04-03,daegu-city,수질연구소,엄마밥상세천리,수질관리 업무추진을 위한 간담회 경비 지출,210000,4d29fd8fca4c6a670169951d5d801c14f7f6cf7f19726d3f208cfe6d461f3539,sheet1:R4,,,
4d29fd8fca4c6a67-sheet1-R5,2026-04-07,daegu-city,수질연구소,방어진참가자미회,수질관리 업무추진을 위한 간담회 경비 지출,242000,4d29fd8fca4c6a670169951d5d801c14f7f6cf7f19726d3f208cfe6d461f3539,sheet1:R5,,,
4d29fd8fca4c6a67-sheet1-R6,2026-04-27,daegu-city,수질연구소,샌드선샤인,수질관리를 위한 정기회의 경비 지출,95200,4d29fd8fca4c6a670169951d5d801c14f7f6cf7f19726d3f208cfe6d461f3539,sheet1:R6,,,
4d29fd8fca4c6a67-sheet1-R7,2026-06-04,daegu-city,수질연구소,오설록,내방객 접객용 다과류 구입,103000,4d29fd8fca4c6a670169951d5d801c14f7f6cf7f19726d3f208cfe6d461f3539,sheet1:R7,,,
4d29fd8fca4c6a67-sheet1-R8,2026-06-10,daegu-city,수질연구소,거궁,시책업무 추진을 위한 간담회 경비 지출,224000,4d29fd8fca4c6a670169951d5d801c14f7f6cf7f19726d3f208cfe6d461f3539,sheet1:R8,,,
4d29fd8fca4c6a67-sheet1-R9,2026-06-25,daegu-city,수질연구소,방어진참가자미본리,퇴직자(공무직) 격려 간담회 경비 지출,220000,4d29fd8fca4c6a670169951d5d801c14f7f6cf7f19726d3f208cfe6d461f3539,sheet1:R9,,,
82c8b1a0cb00d18d-sheet1-R4,2026-04-01,daegu-city,문화예술정책과,경신담,시책업무추진비(문화예술관련 시책 협의 간담회) 지출,71000,82c8b1a0cb00d18d2392b9c832981c7a3e29f94d3defc2c0f8e1a10d01e06d34,sheet1:R4,,,
82c8b1a0cb00d18d-sheet1-R5,2026-04-02,daegu-city,문화예술정책과,피캅&뉴스쿨 및 카페오하이오,기관운영업무추진비(2026대구마라톤 개최 직원 격려) 지출,196200,82c8b1a0cb00d18d2392b9c832981c7a3e29f94d3defc2c0f8e1a10d01e06d34,sheet1:R5,,,
82c8b1a0cb00d18d-sheet1-R6,2026-04-03,daegu-city,문화예술정책과,"고바슨, 규카츠정",기관운영업무추진비(문화예술 현안업무 협의) 지출,94900,82c8b1a0cb00d18d2392b9c832981c7a3e29f94d3defc2c0f8e1a10d01e06d34,sheet1:R6,,,
82c8b1a0cb00d18d-sheet1-R7,2026-04-06,daegu-city,문화예술정책과,은행나무,부서운영 업무추진비(직원 간담회) 지출,44000,82c8b1a0cb00d18d2392b9c832981c7a3e29f94d3defc2c0f8e1a10d01e06d34,sheet1:R7,,,
82c8b1a0cb00d18d-sheet1-R8,2026-04-06,daegu-city,문화예술정책과,수상한 한옥집,시책업무추진비(문화예술관련 시책 협의 간담회) 지출,87000,82c8b1a0cb00d18d2392b9c832981c7a3e29f94d3defc2c0f8e1a10d01e06d34,sheet1:R8,,,
82c8b1a0cb00d18d-sheet1-R9,2026-04-06,daegu-city,문화예술정책과,야사오미나미,시책업무추진비(문화예술관련 시책 협의 간담회) 지출,17000,82c8b1a0cb00d18d2392b9c832981c7a3e29f94d3defc2c0f8e1a10d01e06d34,sheet1:R9,,,
82c8b1a0cb00d18d-sheet1-R10,2026-04-06,daegu-city,문화예술정책과,수상한 한옥집,시책업무추진비(문화예술관련 시책 협의 간담회) 지출,118900,82c8b1a0cb00d18d2392b9c832981c7a3e29f94d3defc2c0f8e1a10d01e06d34,sheet1:R10,,,
82c8b1a0cb00d18d-sheet1-R11,2026-04-07,daegu-city,문화예술정책과,캐스트커피오피스,시책업무추진비(유네스코 창의도시 추진 관련 간담회) 지출,47200,82c8b1a0cb00d18d2392b9c832981c7a3e29f94d3defc2c0f8e1a10d01e06d34,sheet1:R11,,,
82c8b1a0cb00d18d-sheet1-R12,2026-04-07,daegu-city,문화예술정책과,홍천뚝배기 동인점,부서운영업무추진비(직원 간담회) 지출,24000,82c8b1a0cb00d18d2392b9c832981c7a3e29f94d3defc2c0f8e1a10d01e06d34,sheet1:R12,,,
82c8b1a0cb00d18d-sheet1-R13,2026-04-09,daegu-city,문화예술정책과,앞산큰골집,시책업무추진비(문화예술관련 시책 협의 간담회) 지출,58500,82c8b1a0cb00d18d2392b9c832981c7a3e29f94d3defc2c0f8e1a10d01e06d34,sheet1:R13,,,
82c8b1a0cb00d18d-sheet1-R14,2026-04-10,daegu-city,문화예술정책과,근대골목단팥빵 등 동대구역사점,시책업무추진비(문화예술관련 시책 협의 간담회) 지출,26100,82c8b1a0cb00d18d2392b9c832981c7a3e29f94d3defc2c0f8e1a10d01e06d34,sheet1:R14,,,
82c8b1a0cb00d18d-sheet1-R15,2026-04-10,daegu-city,문화예술정책과,은행나무,시책업무추진비(문화예술관련 시책 협의 간담회) 지출,66000,82c8b1a0cb00d18d2392b9c832981c7a3e29f94d3defc2c0f8e1a10d01e06d34,sheet1:R15,,,
82c8b1a0cb00d18d-sheet1-R16,2026-04-10,daegu-city,문화예술정책과,코티지,시책업무추진비(문화예술관련 시책 협의 간담회) 지출,9000,82c8b1a0cb00d18d2392b9c832981c7a3e29f94d3defc2c0f8e1a10d01e06d34,sheet1:R16,,,
82c8b1a0cb00d18d-sheet1-R17,2026-04-10,daegu-city,문화예술정책과,맛찬들왕소금구이,시책업무추진비(문화예술관련 시책 협의 간담회) 지출,300000,82c8b1a0cb00d18d2392b9c832981c7a3e29f94d3defc2c0f8e1a10d01e06d34,sheet1:R17,,,
82c8b1a0cb00d18d-sheet1-R18,2026-04-13,daegu-city,문화예술정책과,까사분도,시책업무추진비(문화예술관련 시책 협의 간담회) 지출,100000,82c8b1a0cb00d18d2392b9c832981c7a3e29f94d3defc2c0f8e1a10d01e06d34,sheet1:R18,,,
82c8b1a0cb00d18d-sheet1-R19,2026-04-13,daegu-city,문화예술정책과,무화,시책업무추진비(문화예술관련 시책 협의 간담회) 지출,240000,82c8b1a0cb00d18d2392b9c832981c7a3e29f94d3defc2c0f8e1a10d01e06d34,sheet1:R19,,,
82c8b1a0cb00d18d-sheet1-R20,2026-04-16,daegu-city,문화예술정책과,개인(성명 비공개),경조사비 지출,50000,82c8b1a0cb00d18d2392b9c832981c7a3e29f94d3defc2c0f8e1a10d01e06d34,sheet1:R20,,,
82c8b1a0cb00d18d-sheet1-R21,2026-04-16,daegu-city,문화예술정책과,백련차와 식사(중구 국채보상로696-12)등,시책업무추진비 지출(지방공항 연계 관광활성화 업무 협의),140000,82c8b1a0cb00d18d2392b9c832981c7a3e29f94d3defc2c0f8e1a10d01e06d34,sheet1:R21,,,
82c8b1a0cb00d18d-sheet1-R22,2026-04-21,daegu-city,문화예술정책과,피자헛 대구성당점,시책업무추진비(문화예술 관련 시책 협의 간담회 ) 지출,192700,82c8b1a0cb00d18d2392b9c832981c7a3e29f94d3defc2c0f8e1a10d01e06d34,sheet1:R22,,,
82c8b1a0cb00d18d-sheet1-R23,2026-04-22,daegu-city,문화예술정책과,푸라닭 대구대봉점,기관운영업무추진비(직원 격려 간담회) 지출,145100,82c8b1a0cb00d18d2392b9c832981c7a3e29f94d3defc2c0f8e1a10d01e06d34,sheet1:R23,,,
82c8b1a0cb00d18d-sheet1-R24,2026-04-23,daegu-city,문화예술정책과,"착한낙지, 집드리",시책업무추진비(문화예술관련 시책 협의 간담회) 지출,106500,82c8b1a0cb00d18d2392b9c832981c7a3e29f94d3defc2c0f8e1a10d01e06d34,sheet1:R24,,,
82c8b1a0cb00d18d-sheet1-R25,2026-04-23,daegu-city,문화예술정책과,팔공산엄마밥상,시책업무추진비(문화예술관련 시책 협의 간담회) 지출,200000,82c8b1a0cb00d18d2392b9c832981c7a3e29f94d3defc2c0f8e1a10d01e06d34,sheet1:R25,,,
82c8b1a0cb00d18d-sheet1-R26,2026-04-25,daegu-city,문화예술정책과,"와촌손칼국시, 카페라떼",시책업무추진비(문화예술관련 시책 협의 간담회) 지출,323000,82c8b1a0cb00d18d2392b9c832981c7a3e29f94d3defc2c0f8e1a10d01e06d34,sheet1:R26,,,
82c8b1a0cb00d18d-sheet1-R27,2026-04-27,daegu-city,문화예술정책과,"프랭크프랭크, 인투",기관운영업무추진비(직원 격려 간담회) 지출,87000,82c8b1a0cb00d18d2392b9c832981c7a3e29f94d3defc2c0f8e1a10d01e06d34,sheet1:R27,,,
82c8b1a0cb00d18d-sheet1-R28,2026-04-27,daegu-city,문화예술정책과,키텐,부서운영업무추진비(직원 간담회) 지출,167000,82c8b1a0cb00d18d2392b9c832981c7a3e29f94d3defc2c0f8e1a10d01e06d34,sheet1:R28,,,
82c8b1a0cb00d18d-sheet1-R29,2026-04-29,daegu-city,문화예술정책과,"오하이오, 온돌방",시책업무추진비(문화예술관련 시책 협의 간담회) 지출(수정),201080,82c8b1a0cb00d18d2392b9c832981c7a3e29f94d3defc2c0f8e1a10d01e06d34,sheet1:R29,,,
82c8b1a0cb00d18d-sheet1-R30,2026-04-30,daegu-city,문화예술정책과,피캅&뉴스쿨,기관운영업무추진비(직원 격려 간담회) 지출,57000,82c8b1a0cb00d18d2392b9c832981c7a3e29f94d3defc2c0f8e1a10d01e06d34,sheet1:R30,,,
82c8b1a0cb00d18d-sheet1-R31,2026-05-04,daegu-city,문화예술정책과,쿠우쿠우 수성못점,직원 체육문화행사에 따른 부서운영업무추진비 지출,269000,82c8b1a0cb00d18d2392b9c832981c7a3e29f94d3defc2c0f8e1a10d01e06d34,sheet1:R31,,,
82c8b1a0cb00d18d-sheet1-R32,2026-05-04,daegu-city,문화예술정책과,황소,부서운영업무추진비(직원 간담회) 지출,300000,82c8b1a0cb00d18d2392b9c832981c7a3e29f94d3defc2c0f8e1a10d01e06d34,sheet1:R32,,,
82c8b1a0cb00d18d-sheet1-R33,2026-05-06,daegu-city,문화예술정책과,거창,시책업무추진비(문화예술관련 시책 협의 간담회) 지출,165000,82c8b1a0cb00d18d2392b9c832981c7a3e29f94d3defc2c0f8e1a10d01e06d34,sheet1:R33,,,
82c8b1a0cb00d18d-sheet1-R34,2026-05-07,daegu-city,문화예술정책과,어도일식,시책업무추진비(문화예술관련 시책 협의 간담회) 지출,60000,82c8b1a0cb00d18d2392b9c832981c7a3e29f94d3defc2c0f8e1a10d01e06d34,sheet1:R34,,,
82c8b1a0cb00d18d-sheet1-R35,2026-05-07,daegu-city,문화예술정책과,까사분도,시책업무추진비(문화예술관련 시책 협의 간담회) 지출,100000,82c8b1a0cb00d18d2392b9c832981c7a3e29f94d3defc2c0f8e1a10d01e06d34,sheet1:R35,,,
82c8b1a0cb00d18d-sheet1-R36,2026-05-11,daegu-city,문화예술정책과,"온돌방, 오하이오",시책업무추진비(문화예술관련 시책 협의 간담회) 지출,203900,82c8b1a0cb00d18d2392b9c832981c7a3e29f94d3defc2c0f8e1a10d01e06d34,sheet1:R36,,,
82c8b1a0cb00d18d-sheet1-R37,2026-05-12,daegu-city,문화예술정책과,"영화반점, 캐스트",기관운영업무추진비(직원 격려 간담회) 지출,171500,82c8b1a0cb00d18d2392b9c832981c7a3e29f94d3defc2c0f8e1a10d01e06d34,sheet1:R37,,,
82c8b1a0cb00d18d-sheet1-R38,2026-05-12,daegu-city,문화예술정책과,약전식당,시책업무추진비(문화예술관련 시책 협의 간담회) 지출,121000,82c8b1a0cb00d18d2392b9c832981c7a3e29f94d3defc2c0f8e1a10d01e06d34,sheet1:R38,,,
82c8b1a0cb00d18d-sheet1-R39,2026-05-12,daegu-city,문화예술정책과,삼수장어,시책업무추진비(문화예술관련 시책 협의 간담회) 지출,102000,82c8b1a0cb00d18d2392b9c832981c7a3e29f94d3defc2c0f8e1a10d01e06d34,sheet1:R39,,,
82c8b1a0cb00d18d-sheet1-R40,2026-05-13,daegu-city,문화예술정책과,방어진참가자미회,시책업무추진비(문화예술관련 시책 협의 간담회) 지출,182000,82c8b1a0cb00d18d2392b9c832981c7a3e29f94d3defc2c0f8e1a10d01e06d34,sheet1:R40,,,
82c8b1a0cb00d18d-sheet1-R41,2026-05-15,daegu-city,문화예술정책과,오복수산,시책업무추진비(문화예술관련 시책 협의 간담회) 지출,61000,82c8b1a0cb00d18d2392b9c832981c7a3e29f94d3defc2c0f8e1a10d01e06d34,sheet1:R41,,,
82c8b1a0cb00d18d-sheet1-R42,2026-05-15,daegu-city,문화예술정책과,"더부자백숙, 브레드그로브",시책업무추진비(문화예술관련 시책 협의 간담회) 지출,90000,82c8b1a0cb00d18d2392b9c832981c7a3e29f94d3defc2c0f8e1a10d01e06d34,sheet1:R42,,,
82c8b1a0cb00d18d-sheet1-R43,2026-05-15,daegu-city,문화예술정책과,시칠리아파스타,시책업무추진비(문화예술관련 시책 협의 간담회) 지출(수정),157000,82c8b1a0cb00d18d2392b9c832981c7a3e29f94d3defc2c0f8e1a10d01e06d34,sheet1:R43,,,
82c8b1a0cb00d18d-sheet1-R44,2026-05-20,daegu-city,문화예술정책과,복어잡는사람들,시책업무추진비(문화예술관련 시책 협의 간담회) 지출,107000,82c8b1a0cb00d18d2392b9c832981c7a3e29f94d3defc2c0f8e1a10d01e06d34,sheet1:R44,,,
82c8b1a0cb00d18d-sheet1-R45,2026-05-21,daegu-city,문화예술정책과,인도가는길,기관운영업무추진비(직원 격려 간담회) 지출,51000,82c8b1a0cb00d18d2392b9c832981c7a3e29f94d3defc2c0f8e1a10d01e06d34,sheet1:R45,,,
82c8b1a0cb00d18d-sheet1-R46,2026-05-22,daegu-city,문화예술정책과,온돌방,시책업무추진비(문화예술관련 시책 협의 간담회) 지출,180000,82c8b1a0cb00d18d2392b9c832981c7a3e29f94d3defc2c0f8e1a10d01e06d34,sheet1:R46,,,
82c8b1a0cb00d18d-sheet1-R47,2026-05-22,daegu-city,문화예술정책과,삐에뜨라,시책업무추진비(문화예술관련 시책 협의 간담회) 지출,95000,82c8b1a0cb00d18d2392b9c832981c7a3e29f94d3defc2c0f8e1a10d01e06d34,sheet1:R47,,,
82c8b1a0cb00d18d-sheet1-R48,2026-05-28,daegu-city,문화예술정책과,약전식당,시책업무추진비(문화예술관련 시책 협의 간담회) 지출,116000,82c8b1a0cb00d18d2392b9c832981c7a3e29f94d3defc2c0f8e1a10d01e06d34,sheet1:R48,,,
82c8b1a0cb00d18d-sheet1-R49,2026-06-02,daegu-city,문화예술정책과,"까사넬로, 무아담",시책업무추진비(문화예술관련 시책 협의 간담회) 지출,74000,82c8b1a0cb00d18d2392b9c832981c7a3e29f94d3defc2c0f8e1a10d01e06d34,sheet1:R49,,,
82c8b1a0cb00d18d-sheet1-R50,2026-06-04,daegu-city,문화예술정책과,부산안면옥,기관운영업무추진비(직원 격려 간담회) 지출,36000,82c8b1a0cb00d18d2392b9c832981c7a3e29f94d3defc2c0f8e1a10d01e06d34,sheet1:R50,,,
82c8b1a0cb00d18d-sheet1-R51,2026-06-11,daegu-city,문화예술정책과,더부자백숙,기관운영업무추진비(직원 격려 간담회) 지출,140000,82c8b1a0cb00d18d2392b9c832981c7a3e29f94d3defc2c0f8e1a10d01e06d34,sheet1:R51,,,
82c8b1a0cb00d18d-sheet1-R52,2026-06-12,daegu-city,문화예술정책과,"더자람키친,커피빈",시책업무추진비(문화예술관련 시책 협의 간담회) 지출,53500,82c8b1a0cb00d18d2392b9c832981c7a3e29f94d3defc2c0f8e1a10d01e06d34,sheet1:R52,,,
82c8b1a0cb00d18d-sheet1-R53,2026-06-14,daegu-city,문화예술정책과,이디야,시책업무추진비(문화예술관련 시책 협의 간담회) 지출,96000,82c8b1a0cb00d18d2392b9c832981c7a3e29f94d3defc2c0f8e1a10d01e06d34,sheet1:R53,,,
82c8b1a0cb00d18d-sheet1-R54,2026-06-17,daegu-city,문화예술정책과,고향집칼국수,시책업무추진비(문화예술관련 시책 협의 간담회) 지출,67000,82c8b1a0cb00d18d2392b9c832981c7a3e29f94d3defc2c0f8e1a10d01e06d34,sheet1:R54,,,
82c8b1a0cb00d18d-sheet1-R55,2026-06-18,daegu-city,문화예술정책과,유종석 주무관 장인상,경조사비 지출,50000,82c8b1a0cb00d18d2392b9c832981c7a3e29f94d3defc2c0f8e1a10d01e06d34,sheet1:R55,,,
82c8b1a0cb00d18d-sheet1-R56,2026-06-19,daegu-city,문화예술정책과,베스킨라빈스31,부서운영업무추진비(직원 간식) 지출,165000,82c8b1a0cb00d18d2392b9c832981c7a3e29f94d3defc2c0f8e1a10d01e06d34,sheet1:R56,,,
82c8b1a0cb00d18d-sheet1-R57,2026-06-19,daegu-city,문화예술정책과,더부자백숙,시책업무추진비(문화예술관련 시책 협의 간담회) 지출,60000,82c8b1a0cb00d18d2392b9c832981c7a3e29f94d3defc2c0f8e1a10d01e06d34,sheet1:R57,,,
82c8b1a0cb00d18d-sheet1-R58,2026-06-24,daegu-city,문화예술정책과,더부자백숙,시책업무추진비(문화예술관련 시책 협의 간담회) 지출,140000,82c8b1a0cb00d18d2392b9c832981c7a3e29f94d3defc2c0f8e1a10d01e06d34,sheet1:R58,,,
82c8b1a0cb00d18d-sheet1-R59,2026-06-25,daegu-city,문화예술정책과,무화식당,시책업무추진비(문화예술관련 시책 협의 간담회) 지출,81000,82c8b1a0cb00d18d2392b9c832981c7a3e29f94d3defc2c0f8e1a10d01e06d34,sheet1:R59,,,
82c8b1a0cb00d18d-sheet1-R60,2026-06-26,daegu-city,문화예술정책과,근대골목단팥빵,부서운영업무추진비(직원 간식) 지출,76800,82c8b1a0cb00d18d2392b9c832981c7a3e29f94d3defc2c0f8e1a10d01e06d34,sheet1:R60,,,
82c8b1a0cb00d18d-sheet1-R61,2026-06-29,daegu-city,문화예술정책과,봉추찜닭,시책업무추진비(문화예술관련 시책 협의 간담회) 지출,43000,82c8b1a0cb00d18d2392b9c832981c7a3e29f94d3defc2c0f8e1a10d01e06d34,sheet1:R61,,,
82c8b1a0cb00d18d-sheet1-R62,2026-06-29,daegu-city,문화예술정책과,할리스커피,시책업무추진비(문화예술관련 시책 협의 간담회) 지출,14600,82c8b1a0cb00d18d2392b9c832981c7a3e29f94d3defc2c0f8e1a10d01e06d34,sheet1:R62,,,
82c8b1a0cb00d18d-sheet1-R63,2026-06-30,daegu-city,문화예술정책과,미성회초밥,시책업무추진비(문화예술관련 시책 협의 간담회) 지출,38000,82c8b1a0cb00d18d2392b9c832981c7a3e29f94d3defc2c0f8e1a10d01e06d34,sheet1:R63,,,
02ca409d20272291-sheet1-R4,2026-01-06,daegu-city,문화예술정책과,최고집,기관운영업무추진비(문화예술진흥 현안업무 협의) 지출,91000,02ca409d20272291fe74bf0be0de7bdb18d9bb2cfab47a73c7a9fe8552aacdd0,sheet1:R4,,,
02ca409d20272291-sheet1-R5,2026-01-08,daegu-city,문화예술정책과,바스코타코 대구동성로,기관운영업무추진비(문화유산 현안업무 관련 간담회) 지출,94400,02ca409d20272291fe74bf0be0de7bdb18d9bb2cfab47a73c7a9fe8552aacdd0,sheet1:R5,,,
02ca409d20272291-sheet1-R6,2026-01-08,daegu-city,문화예술정책과,도깨비찜닭,기관운영업무추진비(문화예술진흥 현안업무 협의) 지출,97700,02ca409d20272291fe74bf0be0de7bdb18d9bb2cfab47a73c7a9fe8552aacdd0,sheet1:R6,,,
02ca409d20272291-sheet1-R7,2026-01-12,daegu-city,문화예술정책과,근대골목단팥빵 동대구역사점,시책업무추진비(문화예술관련 시책 협의 간담회) 지출,142800,02ca409d20272291fe74bf0be0de7bdb18d9bb2cfab47a73c7a9fe8552aacdd0,sheet1:R7,,,
02ca409d20272291-sheet1-R8,2026-01-14,daegu-city,문화예술정책과,온돌방,시책업무추진비(문화예술 및 체육 관련 시책 협의 간담회) 지출,100000,02ca409d20272291fe74bf0be0de7bdb18d9bb2cfab47a73c7a9fe8552aacdd0,sheet1:R8,,,
02ca409d20272291-sheet1-R9,2026-01-15,daegu-city,문화예술정책과,낙영찜갈비,시책업무추진비(문화예술관련 시책 협의 기자 간담회) 지출,580000,02ca409d20272291fe74bf0be0de7bdb18d9bb2cfab47a73c7a9fe8552aacdd0,sheet1:R9,,,
02ca409d20272291-sheet1-R10,2026-01-19,daegu-city,문화예술정책과,인투,기관운영업무추진비(예술진흥 현안업무 협의) 지출,55000,02ca409d20272291fe74bf0be0de7bdb18d9bb2cfab47a73c7a9fe8552aacdd0,sheet1:R10,,,
02ca409d20272291-sheet1-R11,2026-01-20,daegu-city,문화예술정책과,연막창 교동점,부서운영업무추진비(직원 간담회) 지출,180000,02ca409d20272291fe74bf0be0de7bdb18d9bb2cfab47a73c7a9fe8552aacdd0,sheet1:R11,,,
02ca409d20272291-sheet1-R12,2026-01-20,daegu-city,문화예술정책과,은주식당,시책업무추진비(문화예술 및 체육 관련 시책 협의 간담회) 지출,65000,02ca409d20272291fe74bf0be0de7bdb18d9bb2cfab47a73c7a9fe8552aacdd0,sheet1:R12,,,
02ca409d20272291-sheet1-R13,2026-01-20,daegu-city,문화예술정책과,국화정원,시책업무추진비(문화예술관련 시책 협의 간담회) 지출,100000,02ca409d20272291fe74bf0be0de7bdb18d9bb2cfab47a73c7a9fe8552aacdd0,sheet1:R13,,,
02ca409d20272291-sheet1-R14,2026-01-21,daegu-city,문화예술정책과,피캅&뉴스쿨,시책업무추진비(문화예술관련 시책 협의 간담회) 지출,57900,02ca409d20272291fe74bf0be0de7bdb18d9bb2cfab47a73c7a9fe8552aacdd0,sheet1:R14,,,
02ca409d20272291-sheet1-R15,2026-01-22,daegu-city,문화예술정책과,백련차와 식사,시책업무추진비(문화예술관련 시책 협의 간담회) 지출,105000,02ca409d20272291fe74bf0be0de7bdb18d9bb2cfab47a73c7a9fe8552aacdd0,sheet1:R15,,,
02ca409d20272291-sheet1-R16,2026-01-22,daegu-city,문화예술정책과,시루,기관운영업무추진비(문화콘텐츠 현안업무 협의),115000,02ca409d20272291fe74bf0be0de7bdb18d9bb2cfab47a73c7a9fe8552aacdd0,sheet1:R16,,,
02ca409d20272291-sheet1-R17,2026-01-28,daegu-city,문화예술정책과,도미노피자,시책업무추진비(문화예술 관련 시책 협의 간담회 ) 지출,300200,02ca409d20272291fe74bf0be0de7bdb18d9bb2cfab47a73c7a9fe8552aacdd0,sheet1:R17,,,
02ca409d20272291-sheet1-R18,2026-01-28,daegu-city,문화예술정책과,남도명가,시책업무추진비(문화예술관련 시책 협의 간담회) 지출,112000,02ca409d20272291fe74bf0be0de7bdb18d9bb2cfab47a73c7a9fe8552aacdd0,sheet1:R18,,,
02ca409d20272291-sheet1-R19,2026-01-28,daegu-city,문화예술정책과,온돌방,시책업무추진비(문화예술관련 시책 협의 간담회) 지출,200000,02ca409d20272291fe74bf0be0de7bdb18d9bb2cfab47a73c7a9fe8552aacdd0,sheet1:R19,,,
02ca409d20272291-sheet1-R20,2026-01-29,daegu-city,문화예술정책과,만재네,부서운영업무추진비(직원 간담회) 지출,300000,02ca409d20272291fe74bf0be0de7bdb18d9bb2cfab47a73c7a9fe8552aacdd0,sheet1:R20,,,
02ca409d20272291-sheet1-R21,2026-02-03,daegu-city,문화예술정책과,온돌방,기관운영업무추진비(체육진흥 현안업무 관련 간담회) 지출,120000,02ca409d20272291fe74bf0be0de7bdb18d9bb2cfab47a73c7a9fe8552aacdd0,sheet1:R21,,,
02ca409d20272291-sheet1-R22,2026-02-03,daegu-city,문화예술정책과,오케이마트,부서운영업무추진비(직원 간식) 지출,150000,02ca409d20272291fe74bf0be0de7bdb18d9bb2cfab47a73c7a9fe8552aacdd0,sheet1:R22,,,
02ca409d20272291-sheet1-R23,2026-02-03,daegu-city,문화예술정책과,핵밥 동성로점,시책업무추진비(문화예술관련 시책 협의 간담회) 지출,28800,02ca409d20272291fe74bf0be0de7bdb18d9bb2cfab47a73c7a9fe8552aacdd0,sheet1:R23,,,
02ca409d20272291-sheet1-R24,2026-02-06,daegu-city,문화예술정책과,"까사넬로, 부케",시책업무추진비(문화예술관련 시책 협의 간담회) 지출,127500,02ca409d20272291fe74bf0be0de7bdb18d9bb2cfab47a73c7a9fe8552aacdd0,sheet1:R24,,,
02ca409d20272291-sheet1-R25,2026-02-09,daegu-city,문화예술정책과,지에이피영농조합법인,설 명절 관련 특산품 구입,660000,02ca409d20272291fe74bf0be0de7bdb18d9bb2cfab47a73c7a9fe8552aacdd0,sheet1:R25,,,
02ca409d20272291-sheet1-R26,2026-02-09,daegu-city,문화예술정책과,남도명가,부서운영 업무추진비(직원 간담회) 지출,60000,02ca409d20272291fe74bf0be0de7bdb18d9bb2cfab47a73c7a9fe8552aacdd0,sheet1:R26,,,
02ca409d20272291-sheet1-R27,2026-02-09,daegu-city,문화예술정책과,백련차와 식사,시책업무추진비(문화예술관련 시책 협의 간담회) 지출,105000,02ca409d20272291fe74bf0be0de7bdb18d9bb2cfab47a73c7a9fe8552aacdd0,sheet1:R27,,,
02ca409d20272291-sheet1-R28,2026-02-11,daegu-city,문화예술정책과,황소,시책업무추진비(문화예술관련 시책 협의 간담회) 지출,185000,02ca409d20272291fe74bf0be0de7bdb18d9bb2cfab47a73c7a9fe8552aacdd0,sheet1:R28,,,
02ca409d20272291-sheet1-R29,2026-02-12,daegu-city,문화예술정책과,스타벅스코리아,기관운영업무추진비(2026대구마라톤 언론브리핑) 지출,150400,02ca409d20272291fe74bf0be0de7bdb18d9bb2cfab47a73c7a9fe8552aacdd0,sheet1:R29,,,
02ca409d20272291-sheet1-R30,2026-02-13,daegu-city,문화예술정책과,편대장영화식당,시책업무추진비(문화예술관련 시책 협의 간담회) 지출,90000,02ca409d20272291fe74bf0be0de7bdb18d9bb2cfab47a73c7a9fe8552aacdd0,sheet1:R30,,,
02ca409d20272291-sheet1-R31,2026-02-24,daegu-city,문화예술정책과,닭치삼,시책업무추진비(문화예술관련 시책 협의 간담회) 지출,144000,02ca409d20272291fe74bf0be0de7bdb18d9bb2cfab47a73c7a9fe8552aacdd0,sheet1:R31,,,
02ca409d20272291-sheet1-R32,2026-02-25,daegu-city,문화예술정책과,부케,기관운영업무추진비(문화예술 현안업무 협의) 지출,67000,02ca409d20272291fe74bf0be0de7bdb18d9bb2cfab47a73c7a9fe8552aacdd0,sheet1:R32,,,
02ca409d20272291-sheet1-R33,2026-02-26,daegu-city,문화예술정책과,캐스트,시책업무추진비(유네스코 창의도시 실무자 간담회) 지출,34400,02ca409d20272291fe74bf0be0de7bdb18d9bb2cfab47a73c7a9fe8552aacdd0,sheet1:R33,,,
02ca409d20272291-sheet1-R34,2026-02-26,daegu-city,문화예술정책과,피자나라치킨공주,기관운영업무추진비(2026대구마라톤 개최 직원 격려) 지출,150000,02ca409d20272291fe74bf0be0de7bdb18d9bb2cfab47a73c7a9fe8552aacdd0,sheet1:R34,,,
02ca409d20272291-sheet1-R35,2026-02-26,daegu-city,문화예술정책과,도미노피자,기관운영업무추진비(문화콘텐츠 현안업무 협의) 지출,104520,02ca409d20272291fe74bf0be0de7bdb18d9bb2cfab47a73c7a9fe8552aacdd0,sheet1:R35,,,
02ca409d20272291-sheet1-R36,2026-02-27,daegu-city,문화예술정책과,고미정,부서운영 업무추진비(직원 간담회) 지출,63000,02ca409d20272291fe74bf0be0de7bdb18d9bb2cfab47a73c7a9fe8552aacdd0,sheet1:R36,,,
02ca409d20272291-sheet1-R37,2026-02-27,daegu-city,문화예술정책과,꼬가비,시책업무추진비(문화예술관련 시책 협의 간담회) 지출,180000,02ca409d20272291fe74bf0be0de7bdb18d9bb2cfab47a73c7a9fe8552aacdd0,sheet1:R37,,,
02ca409d20272291-sheet1-R38,2026-03-03,daegu-city,문화예술정책과,"온돌방, 오하이오",시책업무추진비(문화예술관련 시책 협의 간담회) 지출,293760,02ca409d20272291fe74bf0be0de7bdb18d9bb2cfab47a73c7a9fe8552aacdd0,sheet1:R38,,,
02ca409d20272291-sheet1-R39,2026-03-04,daegu-city,문화예술정책과,도미노피자,기관운영업무추진비(2026대구마라톤 개최 직원 격려) 지출,107700,02ca409d20272291fe74bf0be0de7bdb18d9bb2cfab47a73c7a9fe8552aacdd0,sheet1:R39,,,
02ca409d20272291-sheet1-R40,2026-03-05,daegu-city,문화예술정책과,도미노피자,기관운영업무추진비(직원 격려 간담회) 지출,389300,02ca409d20272291fe74bf0be0de7bdb18d9bb2cfab47a73c7a9fe8552aacdd0,sheet1:R40,,,
02ca409d20272291-sheet1-R41,2026-03-05,daegu-city,문화예술정책과,온돌방,시책업무추진비(문화예술관련 시책 협의 간담회) 지출,100000,02ca409d20272291fe74bf0be0de7bdb18d9bb2cfab47a73c7a9fe8552aacdd0,sheet1:R41,,,
02ca409d20272291-sheet1-R42,2026-03-09,daegu-city,문화예술정책과,피캅&뉴스쿨,문화유산정책 관련 현안업무 추진 간담회 경비 지출(국장),130400,02ca409d20272291fe74bf0be0de7bdb18d9bb2cfab47a73c7a9fe8552aacdd0,sheet1:R42,,,
02ca409d20272291-sheet1-R43,2026-03-10,daegu-city,문화예술정책과,요바나시,시책업무추진비(문화예술관련 시책 협의 간담회) 지출,171500,02ca409d20272291fe74bf0be0de7bdb18d9bb2cfab47a73c7a9fe8552aacdd0,sheet1:R43,,,
02ca409d20272291-sheet1-R44,2026-03-12,daegu-city,문화예술정책과,초례담,기관운영업무추진비(대구제2빙상장 건립 추진 직원 격려) 지출,113500,02ca409d20272291fe74bf0be0de7bdb18d9bb2cfab47a73c7a9fe8552aacdd0,sheet1:R44,,,
02ca409d20272291-sheet1-R45,2026-03-13,daegu-city,문화예술정책과,조르지오피렌체,시책업무추진비(문화예술관련 시책 협의 간담회) 지출,110100,02ca409d20272291fe74bf0be0de7bdb18d9bb2cfab47a73c7a9fe8552aacdd0,sheet1:R45,,,
02ca409d20272291-sheet1-R46,2026-03-13,daegu-city,문화예술정책과,오케이마트,부서운영업무추진비(직원 간식) 지출,100000,02ca409d20272291fe74bf0be0de7bdb18d9bb2cfab47a73c7a9fe8552aacdd0,sheet1:R46,,,
02ca409d20272291-sheet1-R47,2026-03-16,daegu-city,문화예술정책과,더부자백숙,시책업무추진비(문화예술관련 시책 협의 간담회) 지출,40000,02ca409d20272291fe74bf0be0de7bdb18d9bb2cfab47a73c7a9fe8552aacdd0,sheet1:R47,,,
02ca409d20272291-sheet1-R48,2026-03-17,daegu-city,문화예술정책과,브레드그로브,기관운영업무추진비(문화예술 현안업무 협의) 지출,21000,02ca409d20272291fe74bf0be0de7bdb18d9bb2cfab47a73c7a9fe8552aacdd0,sheet1:R48,,,
02ca409d20272291-sheet1-R49,2026-03-17,daegu-city,문화예술정책과,더부자백숙,기관운영업무추진비(문화예술 현안업무 협의) 지출,160000,02ca409d20272291fe74bf0be0de7bdb18d9bb2cfab47a73c7a9fe8552aacdd0,sheet1:R49,,,
02ca409d20272291-sheet1-R50,2026-03-17,daegu-city,문화예술정책과,출근길생고기,시책업무추진비(문화예술관련 시책 협의 간담회) 지출,77000,02ca409d20272291fe74bf0be0de7bdb18d9bb2cfab47a73c7a9fe8552aacdd0,sheet1:R50,,,
02ca409d20272291-sheet1-R51,2026-03-17,daegu-city,문화예술정책과,청담동,시책업무추진비(문화예술관련 시책 협의 간담회) 지출,275000,02ca409d20272291fe74bf0be0de7bdb18d9bb2cfab47a73c7a9fe8552aacdd0,sheet1:R51,,,
02ca409d20272291-sheet1-R52,2026-03-20,daegu-city,문화예술정책과,바르미스시샤브,시책업무추진비(문화예술관련 시책 협의 간담회) 지출,99200,02ca409d20272291fe74bf0be0de7bdb18d9bb2cfab47a73c7a9fe8552aacdd0,sheet1:R52,,,
02ca409d20272291-sheet1-R53,2026-03-20,daegu-city,문화예술정책과,황소,시책업무추진비(문화예술관련 시책 협의 간담회) 지출,65000,02ca409d20272291fe74bf0be0de7bdb18d9bb2cfab47a73c7a9fe8552aacdd0,sheet1:R53,,,
02ca409d20272291-sheet1-R54,2026-03-20,daegu-city,문화예술정책과,캐스트,시책업무추진비(조직진단용역 착수보고회) 지출,80000,02ca409d20272291fe74bf0be0de7bdb18d9bb2cfab47a73c7a9fe8552aacdd0,sheet1:R54,,,
02ca409d20272291-sheet1-R55,2026-03-23,daegu-city,문화예술정책과,온돌방,기관운영업무추진비(문화예술 현안업무 협의) 지출,60000,02ca409d20272291fe74bf0be0de7bdb18d9bb2cfab47a73c7a9fe8552aacdd0,sheet1:R55,,,
02ca409d20272291-sheet1-R56,2026-03-24,daegu-city,문화예술정책과,오로지생태한마리,시책업무추진비(문화예술관련 시책 협의 간담회) 지출,26000,02ca409d20272291fe74bf0be0de7bdb18d9bb2cfab47a73c7a9fe8552aacdd0,sheet1:R56,,,
02ca409d20272291-sheet1-R57,2026-03-25,daegu-city,문화예술정책과,래스팅07,시책업무추진비(문화예술관련 시책 협의 간담회) 지출,51100,02ca409d20272291fe74bf0be0de7bdb18d9bb2cfab47a73c7a9fe8552aacdd0,sheet1:R57,,,
02ca409d20272291-sheet1-R58,2026-03-26,daegu-city,문화예술정책과,심풀,시책업무추진비(대구예술발전소 시책 협의 간담회) 지출,130000,02ca409d20272291fe74bf0be0de7bdb18d9bb2cfab47a73c7a9fe8552aacdd0,sheet1:R58,,,
02ca409d20272291-sheet1-R59,2026-03-26,daegu-city,문화예술정책과,고향집칼국수,시책업무추진비(문화예술관련 시책 협의 간담회) 지출,69000,02ca409d20272291fe74bf0be0de7bdb18d9bb2cfab47a73c7a9fe8552aacdd0,sheet1:R59,,,
02ca409d20272291-sheet1-R60,2026-03-27,daegu-city,문화예술정책과,더부자백숙,기관운영업무추진비(국제스포츠 현안업무 관련 간담회) 지출,160000,02ca409d20272291fe74bf0be0de7bdb18d9bb2cfab47a73c7a9fe8552aacdd0,sheet1:R60,,,
02ca409d20272291-sheet1-R61,2026-03-31,daegu-city,문화예술정책과,편대장영화식당,시책업무추진비(문화예술관련 시책 협의 간담회) 지출,90000,02ca409d20272291fe74bf0be0de7bdb18d9bb2cfab47a73c7a9fe8552aacdd0,sheet1:R61,,,
a309f0c983c3d4c4-sheet1-R5,2026-04-13,daegu-city,교육청소년과,만타식스,국립청소년진로직업체험수련원 건립 업무 협의 관계자 간담회 다과 구입비 지출,42000,a309f0c983c3d4c4d5a703a52d5b4ef025504351bada4cabc482d064e5f4c518,sheet1:R5,,,
a309f0c983c3d4c4-sheet1-R6,2026-04-14,daegu-city,교육청소년과,코레일유통주식회사(동대구역),아동친화 업무 관련 간담회 경비 지출,100000,a309f0c983c3d4c4d5a703a52d5b4ef025504351bada4cabc482d064e5f4c518,sheet1:R6,,,
a309f0c983c3d4c4-sheet1-R7,2026-06-17,daegu-city,교육청소년과,스타벅스,인수위원회 현장방문 간담회 경비 지출,90800,a309f0c983c3d4c4d5a703a52d5b4ef025504351bada4cabc482d064e5f4c518,sheet1:R7,,,
a309f0c983c3d4c4-sheet1-R8,2026-04-30,daegu-city,교육청소년과,미스터브리즈,제38회 청소년대상 공적심사위원회 개최 경비 지출,150000,a309f0c983c3d4c4d5a703a52d5b4ef025504351bada4cabc482d064e5f4c518,sheet1:R8,,,
a309f0c983c3d4c4-sheet1-R9,2026-04-28,daegu-city,교육청소년과,이루팜,청소년육성위원회 다과 구입비 지출,90000,a309f0c983c3d4c4d5a703a52d5b4ef025504351bada4cabc482d064e5f4c518,sheet1:R9,,,
4ca5b7c54fffd961-sheet1-R5,2026-01-15,daegu-city,교육청소년과,세븐일레븐,청소년 정책 추진을 위한 유관기관 방문 간식비 구입,84000,4ca5b7c54fffd9616029815e7cef0d3bb2ffc57cd471781cad7154904a21c11e,sheet1:R5,,,
4ca5b7c54fffd961-sheet1-R6,2026-01-21,daegu-city,교육청소년과,"야쟈수지붕, 이얼즈",대구시청소년수련시설 간담회 경비 지출,128500,4ca5b7c54fffd9616029815e7cef0d3bb2ffc57cd471781cad7154904a21c11e,sheet1:R6,,,
4ca5b7c54fffd961-sheet1-R7,2026-01-23,daegu-city,교육청소년과,더부자백숙본점 외 1,학교교육시설 간담회 경비 지출,89600,4ca5b7c54fffd9616029815e7cef0d3bb2ffc57cd471781cad7154904a21c11e,sheet1:R7,,,
4ca5b7c54fffd961-sheet1-R8,2026-01-26,daegu-city,교육청소년과,온솥 외 1,대구시지역아동센터 간담회 경비 지출,135400,4ca5b7c54fffd9616029815e7cef0d3bb2ffc57cd471781cad7154904a21c11e,sheet1:R8,,,
4ca5b7c54fffd961-sheet1-R9,2026-01-27,daegu-city,교육청소년과,리프가든 외 1,대구아동복지협회 간담회 경비 지출,149400,4ca5b7c54fffd9616029815e7cef0d3bb2ffc57cd471781cad7154904a21c11e,sheet1:R9,,,
4ca5b7c54fffd961-sheet1-R10,2026-02-05,daegu-city,교육청소년과,진원소우,아동 교육 청소년 및 정책 및 지원 관련 홍보를 위한 간담회 경비,175000,4ca5b7c54fffd9616029815e7cef0d3bb2ffc57cd471781cad7154904a21c11e,sheet1:R10,,,
4ca5b7c54fffd961-sheet1-R11,2026-01-28,daegu-city,교육청소년과,코레일유통주식회사(동대구역),국립청소년진로직업체험수련원 건립 업무 협의 관계자 간담회 경비,61600,4ca5b7c54fffd9616029815e7cef0d3bb2ffc57cd471781cad7154904a21c11e,sheet1:R11,,,
4ca5b7c54fffd961-sheet1-R12,2026-02-21,daegu-city,교육청소년과,im뱅크,설명절 사회복지시설(아동양육시설) 위문 상품권 구입,300000,4ca5b7c54fffd9616029815e7cef0d3bb2ffc57cd471781cad7154904a21c11e,sheet1:R12,,,
4ca5b7c54fffd961-sheet1-R13,2026-02-25,daegu-city,교육청소년과,낙영찜갈비 외 1,아동보호전문기관 운영지원사업 관계자 간담회 경비 지출,221500,4ca5b7c54fffd9616029815e7cef0d3bb2ffc57cd471781cad7154904a21c11e,sheet1:R13,,,
4ca5b7c54fffd961-sheet1-R14,2026-02-25,daegu-city,교육청소년과,파리바게뜨대구동구청점,국립청소년진로직업체험수련원 건립 업무 협의 관계자 간담회 경비,59400,4ca5b7c54fffd9616029815e7cef0d3bb2ffc57cd471781cad7154904a21c11e,sheet1:R14,,,
4ca5b7c54fffd961-sheet1-R15,2026-02-27,daegu-city,교육청소년과,미스터브리즈대구시청점,청소년 및 아동 시설장 간담회 다과비 지출,160000,4ca5b7c54fffd9616029815e7cef0d3bb2ffc57cd471781cad7154904a21c11e,sheet1:R15,,,
4ca5b7c54fffd961-sheet1-R16,2026-03-16,daegu-city,교육청소년과,소소맘,자립준비청년 지원 희망디딤돌 업무협약식 다과 구입비 지출,59200,4ca5b7c54fffd9616029815e7cef0d3bb2ffc57cd471781cad7154904a21c11e,sheet1:R16,,,
4ca5b7c54fffd961-sheet1-R17,2026-03-17,daegu-city,교육청소년과,약전식당 외 1,행복진흥사회서비스원 산하 청소년 시설장 간담회 개최 경비 지출,234000,4ca5b7c54fffd9616029815e7cef0d3bb2ffc57cd471781cad7154904a21c11e,sheet1:R17,,,
4ca5b7c54fffd961-sheet1-R18,2026-03-18,daegu-city,교육청소년과,세븐일레븐,어울림마당 유관기관 방문 간식비 지출,37500,4ca5b7c54fffd9616029815e7cef0d3bb2ffc57cd471781cad7154904a21c11e,sheet1:R18,,,
4ca5b7c54fffd961-sheet1-R19,2026-03-24,daegu-city,교육청소년과,온돌방 외 1,청소년재능기부봉사단 관계자 간담회 경비 지출,188080,4ca5b7c54fffd9616029815e7cef0d3bb2ffc57cd471781cad7154904a21c11e,sheet1:R19,,,
4ca5b7c54fffd961-sheet1-R20,2026-03-25,daegu-city,교육청소년과,대복한우리,제104회 어린이날 기념 행사준비 관련 간담회 경비 지출,135000,4ca5b7c54fffd9616029815e7cef0d3bb2ffc57cd471781cad7154904a21c11e,sheet1:R20,,,
1e3b7d046ea802a0-sheet1-R6,2026-05-14,daegu-city,철도시설과,꽃돼지연탄구이,도시철도 현안업무 협의를 위한 간담회 경비 지출,179000,1e3b7d046ea802a05d1d310e10bb5f3a7fc7c1d58966fa6b3bdbc587ddea8c08,sheet1:R6,,,
1e3b7d046ea802a0-sheet1-R7,2026-06-01,daegu-city,철도시설과,장원,대구권 광역철도 건설을 위한 관계자 회의 경비 지출,263000,1e3b7d046ea802a05d1d310e10bb5f3a7fc7c1d58966fa6b3bdbc587ddea8c08,sheet1:R7,,,
1e3b7d046ea802a0-sheet1-R8,2026-06-18,daegu-city,철도시설과,매란방,대구권 광역철도 건설을 위한 관계자 회의 경비 지출,60300,1e3b7d046ea802a05d1d310e10bb5f3a7fc7c1d58966fa6b3bdbc587ddea8c08,sheet1:R8,,,
002a07f7e94f51de-sheet1-R6,2026-03-26,daegu-city,철도시설과,삼송빵집,대구권 광역철도 건설을 위한 관계자 회의 경비 지출,67400,002a07f7e94f51dee9c0b5de69d27c8a5e61107c11883d2328b6c396f7081902,sheet1:R6,,,
30b4a7ee3c6d26ef-sheet1-R6,2026-04-03,daegu-city,도시디자인과,㈜이마트칠성점,2040 대구 경관계획 재정비 관련 구군 담당자 간담회 개최에 따른 다과류 구입비 지출,97170,30b4a7ee3c6d26eff0aecbeb65369037eb1fa76b121372938ed9d18c3674aa72,sheet1:R6,,,
30b4a7ee3c6d26ef-sheet1-R7,2026-04-06,daegu-city,도시디자인과,상해루,경관계획 재정비 추진을 위한 간담회 경비 지출,360000,30b4a7ee3c6d26eff0aecbeb65369037eb1fa76b121372938ed9d18c3674aa72,sheet1:R7,,,
30b4a7ee3c6d26ef-sheet1-R8,2026-04-07,daegu-city,도시디자인과,㈜이마트칠성점,2026년 제4회 공공디자인 진흥위원회 개최에 따른 다과류 구입비 지출,100000,30b4a7ee3c6d26eff0aecbeb65369037eb1fa76b121372938ed9d18c3674aa72,sheet1:R8,,,
30b4a7ee3c6d26ef-sheet1-R9,2026-04-20,daegu-city,도시디자인과,씨유(CU)대구산격점,선거광고물 관리지침 관련 구군 담당자 회의 개최에 따른 다과류 구입비 지출,32700,30b4a7ee3c6d26eff0aecbeb65369037eb1fa76b121372938ed9d18c3674aa72,sheet1:R9,,,
30b4a7ee3c6d26ef-sheet1-R10,2026-05-04,daegu-city,도시디자인과,㈜이마트칠성점,2026년 제5회 공공디자인 진흥위원회 개최에 따른 다과류 구입비 지출,99620,30b4a7ee3c6d26eff0aecbeb65369037eb1fa76b121372938ed9d18c3674aa72,sheet1:R10,,,
30b4a7ee3c6d26ef-sheet1-R11,2026-05-19,daegu-city,도시디자인과,대백마트 산격점 외 1,야간경관 실행계획 및 설계용역 제안서 평가위원회에 개최 따른 다과류 구입비 지출,87250,30b4a7ee3c6d26eff0aecbeb65369037eb1fa76b121372938ed9d18c3674aa72,sheet1:R11,,,
30b4a7ee3c6d26ef-sheet1-R12,2026-06-09,daegu-city,도시디자인과,㈜이마트칠성점,현수막 재활용 사업 관련 구군 담당자 회의 개최에 따른 다과류 구입비 지출,57350,30b4a7ee3c6d26eff0aecbeb65369037eb1fa76b121372938ed9d18c3674aa72,sheet1:R12,,,
30b4a7ee3c6d26ef-sheet1-R13,2026-06-15,daegu-city,도시디자인과,㈜이마트칠성점,2026년 제6회 공공디자인 진흥위원회 개최에 따른 다과류 구입비 지출,98060,30b4a7ee3c6d26eff0aecbeb65369037eb1fa76b121372938ed9d18c3674aa72,sheet1:R13,,,
f65855a397529f71-sheet1-R5,2026-04-21,daegu-city,기업지원과,호남식당,원스톱 투자지원 업무추진을 위한 간담회 경비 지출,107000,f65855a397529f714e58a827e68557887d921988b9f5a5b29b1940464037b109,sheet1:R5,,,
f65855a397529f71-sheet1-R6,2026-04-22,daegu-city,기업지원과,월성복집,기업지원 업무추진을 위한 간담회 경비 지출,50000,f65855a397529f714e58a827e68557887d921988b9f5a5b29b1940464037b109,sheet1:R6,,,
f65855a397529f71-sheet1-R7,2026-04-24,daegu-city,기업지원과,한티불낙식당,시정업무 홍보 간담회 경비 지출,104000,f65855a397529f714e58a827e68557887d921988b9f5a5b29b1940464037b109,sheet1:R7,,,
f65855a397529f71-sheet1-R8,2026-04-24,daegu-city,기업지원과,신송자 신마산식당외 1,규제혁신 업무 추진 간담회 경비 지출,50400,f65855a397529f714e58a827e68557887d921988b9f5a5b29b1940464037b109,sheet1:R8,,,
f65855a397529f71-sheet1-R9,2026-05-13,daegu-city,기업지원과,대동면옥외 1,규제혁신 업무 추진 간담회 경비 지출,119000,f65855a397529f714e58a827e68557887d921988b9f5a5b29b1940464037b109,sheet1:R9,,,
f65855a397529f71-sheet1-R10,2026-06-01,daegu-city,기업지원과,사이커피,원스톱 투자지원 업무추진을 위한 간담회 경비 지출,60000,f65855a397529f714e58a827e68557887d921988b9f5a5b29b1940464037b109,sheet1:R10,,,
f65855a397529f71-sheet1-R11,2026-06-11,daegu-city,기업지원과,봉고뒷고기,기업지원 업무추진을 위한 간담회 경비 지출,309000,f65855a397529f714e58a827e68557887d921988b9f5a5b29b1940464037b109,sheet1:R11,,,
f65855a397529f71-sheet1-R12,2026-06-12,daegu-city,기업지원과,소나무식당,기업지원 업무추진을 위한 간담회 경비 지출,107000,f65855a397529f714e58a827e68557887d921988b9f5a5b29b1940464037b109,sheet1:R12,,,
f65855a397529f71-sheet1-R13,2026-06-15,daegu-city,기업지원과,어선당,원스톱 투자지원 업무추진을 위한 간담회 경비 지출,119000,f65855a397529f714e58a827e68557887d921988b9f5a5b29b1940464037b109,sheet1:R13,,,
f65855a397529f71-sheet1-R14,2026-06-16,daegu-city,기업지원과,소동밀면외 1,규제혁신 업무 추진 간담회 경비 지출,117300,f65855a397529f714e58a827e68557887d921988b9f5a5b29b1940464037b109,sheet1:R14,,,
f65855a397529f71-sheet1-R15,2026-06-19,daegu-city,기업지원과,막내칼국수,기업지원 업무추진을 위한 간담회 경비 지출,32000,f65855a397529f714e58a827e68557887d921988b9f5a5b29b1940464037b109,sheet1:R15,,,
f65855a397529f71-sheet1-R16,2026-06-23,daegu-city,기업지원과,어선당,규제혁신 업무 추진 간담회 경비 지출,96000,f65855a397529f714e58a827e68557887d921988b9f5a5b29b1940464037b109,sheet1:R16,,,
f65855a397529f71-sheet1-R17,2026-06-24,daegu-city,기업지원과,투썸플레이스세종어진점외 1,규제혁신 업무 추진 간담회 경비 지출,103200,f65855a397529f714e58a827e68557887d921988b9f5a5b29b1940464037b109,sheet1:R17,,,
f65855a397529f71-sheet1-R18,2026-06-29,daegu-city,기업지원과,더부자백숙 본점외 1,시정업무 홍보 간담회 경비 지출,98500,f65855a397529f714e58a827e68557887d921988b9f5a5b29b1940464037b109,sheet1:R18,,,
1871faaf9481f05d-sheet1-R5,2026-04-01,daegu-city,장애인복지과,온돌방,장애인복지 정책관련 간담회 경비 지출,53000,1871faaf9481f05da395cea9db7068f92c24c11e4881d46c6b2bea5ee6b5ee38,sheet1:R5,,,
1871faaf9481f05d-sheet1-R6,2026-04-02,daegu-city,장애인복지과,후라토식당,장애인지원 정책 홍보 간담회 경비 지출,50000,1871faaf9481f05da395cea9db7068f92c24c11e4881d46c6b2bea5ee6b5ee38,sheet1:R6,,,
1871faaf9481f05d-sheet1-R7,2026-04-07,daegu-city,장애인복지과,키텐,발달장애인지원 정책 홍보 간담회 경비 지출,112000,1871faaf9481f05da395cea9db7068f92c24c11e4881d46c6b2bea5ee6b5ee38,sheet1:R7,,,
1871faaf9481f05d-sheet1-R8,2026-04-30,daegu-city,장애인복지과,왕태골보쌈,장애인복지 정책관련 간담회 경비 지출,74500,1871faaf9481f05da395cea9db7068f92c24c11e4881d46c6b2bea5ee6b5ee38,sheet1:R8,,,
1871faaf9481f05d-sheet1-R9,2026-05-19,daegu-city,장애인복지과,김진수로스터리카페,장애인복지 정책관련 간담회 경비 지출,51700,1871faaf9481f05da395cea9db7068f92c24c11e4881d46c6b2bea5ee6b5ee38,sheet1:R9,,,
1871faaf9481f05d-sheet1-R10,2026-05-29,daegu-city,장애인복지과,인투 동성로점,장애인복지 정책관련 간담회 경비 지출,114000,1871faaf9481f05da395cea9db7068f92c24c11e4881d46c6b2bea5ee6b5ee38,sheet1:R10,,,
1871faaf9481f05d-sheet1-R11,2026-06-10,daegu-city,장애인복지과,대구보훈병원,대구보훈병원 입원 국가유공자 위문금 지출,1000000,1871faaf9481f05da395cea9db7068f92c24c11e4881d46c6b2bea5ee6b5ee38,sheet1:R11,,,
1871faaf9481f05d-sheet1-R12,2026-06-10,daegu-city,장애인복지과,풍년화로 대구 본점,제1차 대구광역시장애아동·발달장애인지원센터 운영위 간담회 경비 지출,90000,1871faaf9481f05da395cea9db7068f92c24c11e4881d46c6b2bea5ee6b5ee38,sheet1:R12,,,
1871faaf9481f05d-sheet1-R13,2026-06-18,daegu-city,장애인복지과,걸리버막창 교동점,장애인복지 정책관련 간담회 경비 지출,159000,1871faaf9481f05da395cea9db7068f92c24c11e4881d46c6b2bea5ee6b5ee38,sheet1:R13,,,
e48ed645f8af780e-sheet1-R6,2026-04-07,daegu-city,주택과,마이온룸,주택·주거분야 간담회 개최에 따른 다과 구입비 지출,63000,e48ed645f8af780ed6fdf7f725879142e1447f67a504487ffbbb36187b9f4ef8,sheet1:R6,,,
e48ed645f8af780e-sheet1-R7,2026-04-27,daegu-city,주택과,GS25,주거복지 분야 간담회 개최에 따른 다과 구입비 지출,30200,e48ed645f8af780ed6fdf7f725879142e1447f67a504487ffbbb36187b9f4ef8,sheet1:R7,,,
e48ed645f8af780e-sheet1-R8,2026-04-30,daegu-city,주택과,대봉족,2026년 상반기 주택과 체육문화행사 간담회 경비 지출,490000,e48ed645f8af780ed6fdf7f725879142e1447f67a504487ffbbb36187b9f4ef8,sheet1:R8,,,
e48ed645f8af780e-sheet1-R9,2026-04-30,daegu-city,주택과,나이스마트,2026년 상반기 주택과 체육문화행사 간담회 경비 지출,300000,e48ed645f8af780ed6fdf7f725879142e1447f67a504487ffbbb36187b9f4ef8,sheet1:R9,,,
e48ed645f8af780e-sheet1-R10,2026-05-06,daegu-city,주택과,미남장어,현안업무 추진을 위한 간담회 경비 지출,150000,e48ed645f8af780ed6fdf7f725879142e1447f67a504487ffbbb36187b9f4ef8,sheet1:R10,,,
e48ed645f8af780e-sheet1-R11,2026-05-11,daegu-city,주택과,영커피,2026 공동주택 공동체활성화 공모사업 심사개최에 따른 다과비 지출,114000,e48ed645f8af780ed6fdf7f725879142e1447f67a504487ffbbb36187b9f4ef8,sheet1:R11,,,
e48ed645f8af780e-sheet1-R12,2026-05-11,daegu-city,주택과,나이스마트,제58차 공동주택 관리분야 감사 시행에 따른 다과비 지출,225000,e48ed645f8af780ed6fdf7f725879142e1447f67a504487ffbbb36187b9f4ef8,sheet1:R12,,,
e48ed645f8af780e-sheet1-R13,2026-05-18,daegu-city,주택과,라꾸엔,현안업무 추진을 위한 간담회 경비 지출,112000,e48ed645f8af780ed6fdf7f725879142e1447f67a504487ffbbb36187b9f4ef8,sheet1:R13,,,
e48ed645f8af780e-sheet1-R14,2026-05-20,daegu-city,주택과,연경반점,현안업무 추진을 위한 간담회 경비 지출,187000,e48ed645f8af780ed6fdf7f725879142e1447f67a504487ffbbb36187b9f4ef8,sheet1:R14,,,
e48ed645f8af780e-sheet1-R15,2026-05-21,daegu-city,주택과,라라코스트 침산점,현안업무 추진을 위한 간담회 경비 지출,95200,e48ed645f8af780ed6fdf7f725879142e1447f67a504487ffbbb36187b9f4ef8,sheet1:R15,,,
e48ed645f8af780e-sheet1-R16,2026-05-26,daegu-city,주택과,영커피,2026년 공동주택 공동체활성화 사업 시행 설명회에 따른 다과비 지출,120000,e48ed645f8af780ed6fdf7f725879142e1447f67a504487ffbbb36187b9f4ef8,sheet1:R16,,,
e48ed645f8af780e-sheet1-R17,2026-06-05,daegu-city,주택과,강남회,현안업무 추진을 위한 간담회 경비 지출,190000,e48ed645f8af780ed6fdf7f725879142e1447f67a504487ffbbb36187b9f4ef8,sheet1:R17,,,
e48ed645f8af780e-sheet1-R18,2026-06-11,daegu-city,주택과,오퐁드부아,현안업무 추진을 위한 간담회 경비 지출,108000,e48ed645f8af780ed6fdf7f725879142e1447f67a504487ffbbb36187b9f4ef8,sheet1:R18,,,
e48ed645f8af780e-sheet1-R19,2026-06-16,daegu-city,주택과,감나무집,현안업무 추진을 위한 간담회 경비 지출,130000,e48ed645f8af780ed6fdf7f725879142e1447f67a504487ffbbb36187b9f4ef8,sheet1:R19,,,
e48ed645f8af780e-sheet1-R20,2026-06-25,daegu-city,주택과,미남장어,현안업무 추진을 위한 간담회 경비 지출,150000,e48ed645f8af780ed6fdf7f725879142e1447f67a504487ffbbb36187b9f4ef8,sheet1:R20,,,
a914334791a3da14-sheet1-R6,2026-06-29,daegu-city,고산정수사업소,BC카드사장(전복명가),퇴임식관련 경비지출,140000,a914334791a3da14cd88111385d59515572a2819fdd963c2ef04c79d35c60580,sheet1:R6,,,
a914334791a3da14-sheet1-R7,2026-06-26,daegu-city,고산정수사업소,BC카드사장(가온화),퇴임식 행사용 꽃다발 구입,100000,a914334791a3da14cd88111385d59515572a2819fdd963c2ef04c79d35c60580,sheet1:R7,,,
a914334791a3da14-sheet1-R8,2026-05-22,daegu-city,고산정수사업소,소장 권금용,경조사비 지급,50000,a914334791a3da14cd88111385d59515572a2819fdd963c2ef04c79d35c60580,sheet1:R8,,,
a914334791a3da14-sheet1-R9,2026-04-06,daegu-city,고산정수사업소,소장 권금용,경조사비 지급,50000,a914334791a3da14cd88111385d59515572a2819fdd963c2ef04c79d35c60580,sheet1:R9,,,
c705a7fbd6d56288-sheet1-R6,2026-04-07,daegu-city,건축과,박시웅의8번식당,현안업무 추진을 위한 간담회 경비 지출,400000,c705a7fbd6d5628829964d8f63fbb9757567fb7877d34833be2c275bd5217bd0,sheet1:R6,,,
c705a7fbd6d56288-sheet1-R7,2026-04-23,daegu-city,건축과,코코호도 용산점,현안업무 회의에 따른 다과 구입,50000,c705a7fbd6d5628829964d8f63fbb9757567fb7877d34833be2c275bd5217bd0,sheet1:R7,,,
c705a7fbd6d56288-sheet1-R8,2026-05-20,daegu-city,건축과,영밥집,현안업무 추진을 위한 간담회 경비 지출,54000,c705a7fbd6d5628829964d8f63fbb9757567fb7877d34833be2c275bd5217bd0,sheet1:R8,,,
c705a7fbd6d56288-sheet1-R9,2026-05-27,daegu-city,건축과,장어먹은한우,현안업무 추진을 위한 간담회 경비 지출,480000,c705a7fbd6d5628829964d8f63fbb9757567fb7877d34833be2c275bd5217bd0,sheet1:R9,,,
c705a7fbd6d56288-sheet1-R10,2026-05-28,daegu-city,건축과,숨쉬는항아리보쌈,현안업무 추진을 위한 간담회 경비 지출,300000,c705a7fbd6d5628829964d8f63fbb9757567fb7877d34833be2c275bd5217bd0,sheet1:R10,,,
c705a7fbd6d56288-sheet1-R11,2026-06-04,daegu-city,건축과,예원,현안업무 추진을 위한 간담회 경비 지출,494000,c705a7fbd6d5628829964d8f63fbb9757567fb7877d34833be2c275bd5217bd0,sheet1:R11,,,
c705a7fbd6d56288-sheet1-R12,2026-06-05,daegu-city,건축과,예원,현안업무 추진을 위한 간담회 경비 지출,360000,c705a7fbd6d5628829964d8f63fbb9757567fb7877d34833be2c275bd5217bd0,sheet1:R12,,,
ce22a8bfc5e27de3-sheet1-R7,2026-04-07,daegu-city,시설 관리소,시설관리소,직원 경조사비 지출,50000,ce22a8bfc5e27de30c8821da75d17168a4c51639fcf308c05cbc75e631ca77bf,sheet1:R7,,,
ce22a8bfc5e27de3-sheet1-R8,2026-04-10,daegu-city,시설 관리소,시설관리소,내방객 제공용 다과 및 음료 구입,98100,ce22a8bfc5e27de30c8821da75d17168a4c51639fcf308c05cbc75e631ca77bf,sheet1:R8,,,
ce22a8bfc5e27de3-sheet1-R9,2026-05-07,daegu-city,시설 관리소,시설관리소,직원 격려 간담회 경비 지출,182000,ce22a8bfc5e27de30c8821da75d17168a4c51639fcf308c05cbc75e631ca77bf,sheet1:R9,,,
ce22a8bfc5e27de3-sheet1-R10,2026-05-12,daegu-city,시설 관리소,시설관리소,직원 경조사비 지출,100000,ce22a8bfc5e27de30c8821da75d17168a4c51639fcf308c05cbc75e631ca77bf,sheet1:R10,,,
ce22a8bfc5e27de3-sheet1-R11,2026-06-11,daegu-city,시설 관리소,시설관리소,직원 격려 간담회 경비 지출,151000,ce22a8bfc5e27de30c8821da75d17168a4c51639fcf308c05cbc75e631ca77bf,sheet1:R11,,,
ce22a8bfc5e27de3-sheet2-R7,2026-05-22,daegu-city,시설 관리소,시설관리소,업무 협의 간담회 경비 지출,68000,ce22a8bfc5e27de30c8821da75d17168a4c51639fcf308c05cbc75e631ca77bf,sheet2:R7,,,
ce22a8bfc5e27de3-sheet2-R8,2026-05-29,daegu-city,시설 관리소,시설관리소,업무 협의 간담회 경비 지출,245100,ce22a8bfc5e27de30c8821da75d17168a4c51639fcf308c05cbc75e631ca77bf,sheet2:R8,,,
ce22a8bfc5e27de3-sheet2-R9,2026-06-15,daegu-city,시설 관리소,시설관리소,업무 협의 간담회 경비 지출,77100,ce22a8bfc5e27de30c8821da75d17168a4c51639fcf308c05cbc75e631ca77bf,sheet2:R9,,,
ce22a8bfc5e27de3-sheet2-R10,2026-06-18,daegu-city,시설 관리소,시설관리소,업무 협의 간담회 경비 지출,282000,ce22a8bfc5e27de30c8821da75d17168a4c51639fcf308c05cbc75e631ca77bf,sheet2:R10,,,
ce22a8bfc5e27de3-sheet2-R11,2026-06-26,daegu-city,시설 관리소,시설관리소,업무 협의 간담회 경비 지출,152000,ce22a8bfc5e27de30c8821da75d17168a4c51639fcf308c05cbc75e631ca77bf,sheet2:R11,,,
aa863dd7752c208a-sheet1-R6,2026-04-09,daegu-city,인사혁신과,청담원 외 1,업무협의를 위한 간담회 경비 지출,240000,aa863dd7752c208a0e43b8bc472069f54f15b4c1e21748ee934fc2f21061ea7e,sheet1:R6,,,
aa863dd7752c208a-sheet1-R7,2026-04-16,daegu-city,인사혁신과,미스터브리즈커피,인사위원회 회의 참석자 다과구입비 지출(4.17.),63400,aa863dd7752c208a0e43b8bc472069f54f15b4c1e21748ee934fc2f21061ea7e,sheet1:R7,,,
aa863dd7752c208a-sheet1-R8,2026-04-27,daegu-city,인사혁신과,솔밭샤브 삼덕점,업무협의를 위한 간담회 경비 지출,103500,aa863dd7752c208a0e43b8bc472069f54f15b4c1e21748ee934fc2f21061ea7e,sheet1:R8,,,
aa863dd7752c208a-sheet1-R9,2026-04-27,daegu-city,인사혁신과,장원 외 1,직원 격려 간담회 경비 지출,227900,aa863dd7752c208a0e43b8bc472069f54f15b4c1e21748ee934fc2f21061ea7e,sheet1:R9,,,
aa863dd7752c208a-sheet1-R10,2026-04-28,daegu-city,인사혁신과,이마트칠성점,직원 격려 간담회 경비 지출,210290,aa863dd7752c208a0e43b8bc472069f54f15b4c1e21748ee934fc2f21061ea7e,sheet1:R10,,,
aa863dd7752c208a-sheet1-R11,2026-05-22,daegu-city,인사혁신과,마이온룸 외 2,직원 사기진작을 위한 간식구입비 지출,150000,aa863dd7752c208a0e43b8bc472069f54f15b4c1e21748ee934fc2f21061ea7e,sheet1:R11,,,
aa863dd7752c208a-sheet1-R12,2026-05-26,daegu-city,인사혁신과,그미네,직원 격려 간담회 경비 지출,325000,aa863dd7752c208a0e43b8bc472069f54f15b4c1e21748ee934fc2f21061ea7e,sheet1:R12,,,
aa863dd7752c208a-sheet1-R13,2026-05-28,daegu-city,인사혁신과,마이온룸,인사위원회 회의 참석자 다과구입비 지출(5.29.),43500,aa863dd7752c208a0e43b8bc472069f54f15b4c1e21748ee934fc2f21061ea7e,sheet1:R13,,,
aa863dd7752c208a-sheet1-R14,2026-06-02,daegu-city,인사혁신과,미영식당,업무 협의를 위한 간담회 경비 지출,156000,aa863dd7752c208a0e43b8bc472069f54f15b4c1e21748ee934fc2f21061ea7e,sheet1:R14,,,
aa863dd7752c208a-sheet1-R15,2026-06-10,daegu-city,인사혁신과,채터커피,직원 격려 간식비 지출,318000,aa863dd7752c208a0e43b8bc472069f54f15b4c1e21748ee934fc2f21061ea7e,sheet1:R15,,,
aa863dd7752c208a-sheet1-R16,2026-06-15,daegu-city,인사혁신과,보길도1988 칠성본점,직원 격려 간담회 경비 지출,195000,aa863dd7752c208a0e43b8bc472069f54f15b4c1e21748ee934fc2f21061ea7e,sheet1:R16,,,
aa863dd7752c208a-sheet1-R17,2026-06-23,daegu-city,인사혁신과,언더더트리,간담회 다과구입비 지출,48400,aa863dd7752c208a0e43b8bc472069f54f15b4c1e21748ee934fc2f21061ea7e,sheet1:R17,,,
aa863dd7752c208a-sheet1-R18,2026-06-25,daegu-city,인사혁신과,서울떡집,직원 격려 간식비 지출,144000,aa863dd7752c208a0e43b8bc472069f54f15b4c1e21748ee934fc2f21061ea7e,sheet1:R18,,,
cef9fb6e38eba59e-sheet1-R7,2026-04-15,daegu-city,도로과,카페 라테라스,도로현안 협의(달서구 도로사업 업무협의)에 대한 관계기관과의 간담회 경비 지출,46800,cef9fb6e38eba59ea71925376b293382a90710be6a74f706d68275f291d6999a,sheet1:R7,,,
cef9fb6e38eba59e-sheet1-R8,2026-04-16,daegu-city,도로과,감골식당,도로현안 협의(무주-대구 고속도로 예비타당성조사관련 업무협의)에 대한 관계기관과의 간담회 경비 지출,80000,cef9fb6e38eba59ea71925376b293382a90710be6a74f706d68275f291d6999a,sheet1:R8,,,
cef9fb6e38eba59e-sheet1-R9,2026-04-22,daegu-city,도로과,슈슈커피,도로현안 협의(수성구 도로사업 업무협의)에 대한 관계기관과의 간담회 경비 지출,56000,cef9fb6e38eba59ea71925376b293382a90710be6a74f706d68275f291d6999a,sheet1:R9,,,
cef9fb6e38eba59e-sheet1-R10,2026-05-19,daegu-city,도로과,스타벅스,도로현안 협의(통합신공항 연계 고속도로망 신설협의)에 대한 관계기관과의 간담회 경비 지출,36700,cef9fb6e38eba59ea71925376b293382a90710be6a74f706d68275f291d6999a,sheet1:R10,,,
cef9fb6e38eba59e-sheet1-R11,2026-05-28,daegu-city,도로과,백년옥,도로현안 협의(26년 상반기 광역도로사업 대광위 현장점검)에 대한 관계기관과의 간담회 경비 지출,189000,cef9fb6e38eba59ea71925376b293382a90710be6a74f706d68275f291d6999a,sheet1:R11,,,
cef9fb6e38eba59e-sheet1-R12,2026-06-04,daegu-city,도로과,제주물회,도로현안 협의(26년 상반기 혼잡도로사업 대광위 현장점검)에 대한 관계기관과의 간담회 경비 지출,166000,cef9fb6e38eba59ea71925376b293382a90710be6a74f706d68275f291d6999a,sheet1:R12,,,
cef9fb6e38eba59e-sheet1-R13,2026-06-04,daegu-city,도로과,투썸플레이스,도로현안 협의(26년 상반기 혼잡도로사업 대광위 현장점검)에 대한 관계기관과의 간담회 경비 지출,44800,cef9fb6e38eba59ea71925376b293382a90710be6a74f706d68275f291d6999a,sheet1:R13,,,
cef9fb6e38eba59e-sheet1-R14,2026-06-10,daegu-city,도로과,투썸플레이스,관내 도로사업 및 시설물 관리를 위한 관계기관과의 간담회 경비 지출,48800,cef9fb6e38eba59ea71925376b293382a90710be6a74f706d68275f291d6999a,sheet1:R14,,,
cef9fb6e38eba59e-sheet1-R15,2026-06-18,daegu-city,도로과,"맛질예찬토담, RULLY COFFEE",민자도로 운영평가를 위한 유관기관 담당자와의 간담회 경비 지출,295500,cef9fb6e38eba59ea71925376b293382a90710be6a74f706d68275f291d6999a,sheet1:R15,,,
cef9fb6e38eba59e-sheet1-R16,2026-06-19,daegu-city,도로과,"이우철한방누룽지삼계탕,투썸플레이스",민자도로 운영평가를 위한 유관기관 담당자와의 간담회 경비 지출,213800,cef9fb6e38eba59ea71925376b293382a90710be6a74f706d68275f291d6999a,sheet1:R16,,,
7027c4638a71b495-sheet1-R4,2026-06-26,daegu-city,수성소방서,황금코다리 지산점,기관운영업무추진비 지출(확대간부회의),308000,7027c4638a71b495c9fcfb2433029d3b1d6f31b5b8d6e11f4571dc89ab432672,sheet1:R4,,,
7027c4638a71b495-sheet1-R5,2026-06-09,daegu-city,수성소방서,개인(성명 비공개),기관운영업무추진비 지출,50000,7027c4638a71b495c9fcfb2433029d3b1d6f31b5b8d6e11f4571dc89ab432672,sheet1:R5,,,
7027c4638a71b495-sheet1-R6,2026-06-02,daegu-city,수성소방서,개인(성명 비공개),기관운영업무추진비 지출,50000,7027c4638a71b495c9fcfb2433029d3b1d6f31b5b8d6e11f4571dc89ab432672,sheet1:R6,,,
7027c4638a71b495-sheet1-R7,2026-05-19,daegu-city,수성소방서,개인(성명 비공개),기관운영업무추진비 지출,50000,7027c4638a71b495c9fcfb2433029d3b1d6f31b5b8d6e11f4571dc89ab432672,sheet1:R7,,,
7027c4638a71b495-sheet1-R8,2026-06-11,daegu-city,수성소방서,느티나무골식당 본점,기관운영업무추진비 지출(확대간부회의),468000,7027c4638a71b495c9fcfb2433029d3b1d6f31b5b8d6e11f4571dc89ab432672,sheet1:R8,,,
7027c4638a71b495-sheet1-R9,2026-04-24,daegu-city,수성소방서,개인(성명 비공개),기관운영업무추진비 지출,50000,7027c4638a71b495c9fcfb2433029d3b1d6f31b5b8d6e11f4571dc89ab432672,sheet1:R9,,,
7027c4638a71b495-sheet2-R4,2026-06-11,daegu-city,수성소방서(구조대),강대박,기관운영 업무추진비 지출(구조대),94500,7027c4638a71b495c9fcfb2433029d3b1d6f31b5b8d6e11f4571dc89ab432672,sheet2:R4,,,
7027c4638a71b495-sheet2-R5,2026-05-26,daegu-city,수성소방서(구조대),완뚝 순두부 수성못점,기관운영 업무추진비 지출(구조대),72000,7027c4638a71b495c9fcfb2433029d3b1d6f31b5b8d6e11f4571dc89ab432672,sheet2:R5,,,
7027c4638a71b495-sheet3-R4,2026-06-29,daegu-city,수성소방서(구급대),향기방플라워,구급대 직원 격려 물품 구매(기관운영비),60000,7027c4638a71b495c9fcfb2433029d3b1d6f31b5b8d6e11f4571dc89ab432672,sheet3:R4,,,
7027c4638a71b495-sheet3-R5,2026-06-11,daegu-city,수성소방서(구급대),투썸플레이스,구급대 직원 격려 물품 구매(기관운영비),60000,7027c4638a71b495c9fcfb2433029d3b1d6f31b5b8d6e11f4571dc89ab432672,sheet3:R5,,,
7027c4638a71b495-sheet3-R6,2026-05-11,daegu-city,수성소방서(구급대),스타벅스 코리아,구급대 직원 격려 물품 구매(기관운영비),30000,7027c4638a71b495c9fcfb2433029d3b1d6f31b5b8d6e11f4571dc89ab432672,sheet3:R6,,,
7027c4638a71b495-sheet3-R7,2026-04-24,daegu-city,수성소방서(구급대),스타벅스 코리아,구급대 직원 격려 물품 구매(기관운영비),30000,7027c4638a71b495c9fcfb2433029d3b1d6f31b5b8d6e11f4571dc89ab432672,sheet3:R7,,,
7027c4638a71b495-sheet4-R4,2026-06-29,daegu-city,수성소방서(범물),가보,2026년 6월 기관운영업무추진비 지출 (범물),55000,7027c4638a71b495c9fcfb2433029d3b1d6f31b5b8d6e11f4571dc89ab432672,sheet4:R4,,,
7027c4638a71b495-sheet4-R5,2026-06-26,daegu-city,수성소방서(범물),느티나무골식당 본점,2026년 6월 기관운영업무추진비 지출(범물),120000,7027c4638a71b495c9fcfb2433029d3b1d6f31b5b8d6e11f4571dc89ab432672,sheet4:R5,,,
7027c4638a71b495-sheet4-R6,2026-05-26,daegu-city,수성소방서(범물),가보,2026년 5월 기관운영업무추진비 지출 (범물),44000,7027c4638a71b495c9fcfb2433029d3b1d6f31b5b8d6e11f4571dc89ab432672,sheet4:R6,,,
7027c4638a71b495-sheet5-R4,2026-06-18,daegu-city,수성소방서(만촌),중화면가,2026년 6월 기관운영 업무추진비 지출(만촌센터),100000,7027c4638a71b495c9fcfb2433029d3b1d6f31b5b8d6e11f4571dc89ab432672,sheet5:R4,,,
7027c4638a71b495-sheet7-R4,2026-02-11,daegu-city,수성소방서(상동),울진왕돔참가자미회,석가탄신일 화재예방 및 소방엑스포 홍보 위한 기관운영 업무추진비 지출(상동),120000,7027c4638a71b495c9fcfb2433029d3b1d6f31b5b8d6e11f4571dc89ab432672,sheet7:R4,,,
7027c4638a71b495-sheet8-R4,2026-06-23,daegu-city,수성소방서(수성),방어진참가자미회 범어점,2026년 6월 기관운영업무추진비 지출(수성센터),50000,7027c4638a71b495c9fcfb2433029d3b1d6f31b5b8d6e11f4571dc89ab432672,sheet8:R4,,,
7027c4638a71b495-sheet8-R5,2026-06-16,daegu-city,수성소방서(수성),울진참가자미 식당,6월 기관운영업무추진비 지출(수성센터),100000,7027c4638a71b495c9fcfb2433029d3b1d6f31b5b8d6e11f4571dc89ab432672,sheet8:R5,,,
7027c4638a71b495-sheet8-R6,2026-06-09,daegu-city,수성소방서(수성),싱싱해싱싱어 수성본점,6월 기관운영업무추진비 지출(수성119안전센터),100000,7027c4638a71b495c9fcfb2433029d3b1d6f31b5b8d6e11f4571dc89ab432672,sheet8:R6,,,
7027c4638a71b495-sheet8-R7,2026-06-01,daegu-city,수성소방서(수성),최정산식당,6월 기관운영업무추진비 지출(수성센터),100000,7027c4638a71b495c9fcfb2433029d3b1d6f31b5b8d6e11f4571dc89ab432672,sheet8:R7,,,
7027c4638a71b495-sheet8-R8,2026-05-07,daegu-city,수성소방서(수성),그릴링24,5월 기관운영업무추진비 지출(수성센터),100000,7027c4638a71b495c9fcfb2433029d3b1d6f31b5b8d6e11f4571dc89ab432672,sheet8:R8,,,
7027c4638a71b495-sheet9-R4,2026-06-26,daegu-city,수성소방서(무열로),꽃뚜껑,2026년 6월 기관운영 업무추진비 지출(무열로),100000,7027c4638a71b495c9fcfb2433029d3b1d6f31b5b8d6e11f4571dc89ab432672,sheet9:R4,,,
7027c4638a71b495-sheet9-R5,2026-06-18,daegu-city,수성소방서(무열로),부창반점,2026년 6월 기관운영 업무추진비 지출(무열로),100000,7027c4638a71b495c9fcfb2433029d3b1d6f31b5b8d6e11f4571dc89ab432672,sheet9:R5,,,
7027c4638a71b495-sheet9-R6,2026-05-12,daegu-city,수성소방서(무열로),홍이한우식당,2026년 5월 기관운영 업무추진비 지출(무열로),300000,7027c4638a71b495c9fcfb2433029d3b1d6f31b5b8d6e11f4571dc89ab432672,sheet9:R6,,,
7027c4638a71b495-sheet9-R7,2026-04-28,daegu-city,수성소방서(무열로),대구지구사,2026년 4월 기관운영업무추진비 지출(무열로),36000,7027c4638a71b495c9fcfb2433029d3b1d6f31b5b8d6e11f4571dc89ab432672,sheet9:R7,,,
7027c4638a71b495-sheet10-R4,2026-04-24,daegu-city,수성소방서(고산),화로38,기관운영업무추진비 지출(고산119안전센터),300000,7027c4638a71b495c9fcfb2433029d3b1d6f31b5b8d6e11f4571dc89ab432672,sheet10:R4,,,
4e7aeeb65716c507-sheet1-R16,2026-04-03,daegu-city,달서소방서,개인(성명 비공개),기관운영업무추진비[소속직원 본인결혼에 따른 축의금 지출 ],50000,4e7aeeb65716c50711be0c98174d6fb82aefefc8316b74eda5c418c1c7dad091,sheet1:R16,,,
4e7aeeb65716c507-sheet1-R17,2026-04-10,daegu-city,달서소방서,개인(성명 비공개),기관운영업무추진비[소속직원 본인결혼에 따른 축의금 지출 ],50000,4e7aeeb65716c50711be0c98174d6fb82aefefc8316b74eda5c418c1c7dad091,sheet1:R17,,,
4e7aeeb65716c507-sheet1-R18,2026-05-08,daegu-city,달서소방서,개인(성명 비공개),기관운영업무추진비[소속직원 자녀결혼에 따른 축의금 지출 ],50000,4e7aeeb65716c50711be0c98174d6fb82aefefc8316b74eda5c418c1c7dad091,sheet1:R18,,,
4e7aeeb65716c507-sheet1-R19,2026-05-27,daegu-city,달서소방서,개인(성명 비공개),기관운영업무추진비 ),50000,4e7aeeb65716c50711be0c98174d6fb82aefefc8316b74eda5c418c1c7dad091,sheet1:R19,,,
4e7aeeb65716c507-sheet1-R20,2026-06-05,daegu-city,달서소방서,개인(성명 비공개),기관운영업무추진비[소속직원 부친별세에 따른 조의금 지출 ],50000,4e7aeeb65716c50711be0c98174d6fb82aefefc8316b74eda5c418c1c7dad091,sheet1:R20,,,
4e7aeeb65716c507-sheet1-R21,2026-06-16,daegu-city,달서소방서,개인(성명 비공개),기관운영업무추진비[소속직원 본인결혼에 따른 축의금 지출 ],50000,4e7aeeb65716c50711be0c98174d6fb82aefefc8316b74eda5c418c1c7dad091,sheet1:R21,,,
4e7aeeb65716c507-sheet1-R22,2026-06-26,daegu-city,달서소방서,개인(성명 비공개),기관운영업무추진비[소속직원 자녀결혼에 따른 축의금 지출 ],50000,4e7aeeb65716c50711be0c98174d6fb82aefefc8316b74eda5c418c1c7dad091,sheet1:R22,,,
4e7aeeb65716c507-sheet1-R23,2026-06-30,daegu-city,달서소방서,더벤티달서구점,기관운영업무추진비(업무추진유공직원격려)지출,79600,4e7aeeb65716c50711be0c98174d6fb82aefefc8316b74eda5c418c1c7dad091,sheet1:R23,,,
4e7aeeb65716c507-sheet2-R8,2026-06-30,daegu-city,달서소방서,옥포식육식당,시책추진업무추진비 수정 지출(소방행정업무 협조 간담회),239000,4e7aeeb65716c50711be0c98174d6fb82aefefc8316b74eda5c418c1c7dad091,sheet2:R8,,,
4e7aeeb65716c507-sheet3-R10,2026-06-11,daegu-city,구조대,롯데슈퍼 월성점,기관운영업무추진비(특별구조훈련 직원격려)지출(구조대),140690,4e7aeeb65716c50711be0c98174d6fb82aefefc8316b74eda5c418c1c7dad091,sheet3:R10,,,
4e7aeeb65716c507-sheet4-R5,2026-05-11,daegu-city,구급대,취팔선,기관운영업무추진비(구급대원 사기진작 간담회 오찬) 지출(구급대),175000,4e7aeeb65716c50711be0c98174d6fb82aefefc8316b74eda5c418c1c7dad091,sheet4:R5,,,
4e7aeeb65716c507-sheet4-R6,2026-06-25,daegu-city,구급대,취팔선,기관운영업무추진비(구급대원 사기진작 간담회 오찬) 지출(구급대),150000,4e7aeeb65716c50711be0c98174d6fb82aefefc8316b74eda5c418c1c7dad091,sheet4:R6,,,
4e7aeeb65716c507-sheet5-R6,2026-05-11,daegu-city,월성안전센터,갈비만 대구본점,기관운영업무추진비(직원 격려 ) 지출(월성119안전센터),300000,4e7aeeb65716c50711be0c98174d6fb82aefefc8316b74eda5c418c1c7dad091,sheet5:R6,,,
4e7aeeb65716c507-sheet5-R7,2026-06-11,daegu-city,월성안전센터,마시그레이 달서구청점,기관운영업무추진비(직원 격려 ) 지출(월성119안전센터),71300,4e7aeeb65716c50711be0c98174d6fb82aefefc8316b74eda5c418c1c7dad091,sheet5:R7,,,
4e7aeeb65716c507-sheet6-R8,2026-06-25,daegu-city,본리안전센터,금바우,기관운영업무추진비(의용소방대 격려) 지출(본리119안전센터),300000,4e7aeeb65716c50711be0c98174d6fb82aefefc8316b74eda5c418c1c7dad091,sheet6:R8,,,
4e7aeeb65716c507-sheet7-R8,2026-05-11,daegu-city,송현안전센터,메가커피,기관운영업무추진비(소속직원 간담회 경비) 지출(송현),42600,4e7aeeb65716c50711be0c98174d6fb82aefefc8316b74eda5c418c1c7dad091,sheet7:R8,,,
4e7aeeb65716c507-sheet7-R9,2026-05-11,daegu-city,송현안전센터,메가커피,기관운영업무추진비(소속직원 간담회 경비) 지출(송현),36400,4e7aeeb65716c50711be0c98174d6fb82aefefc8316b74eda5c418c1c7dad091,sheet7:R9,,,
4e7aeeb65716c507-sheet7-R10,2026-05-26,daegu-city,송현안전센터,메가커피,기관운영업무추진비(소속직원 간담회 경비) 지출(송현),28400,4e7aeeb65716c50711be0c98174d6fb82aefefc8316b74eda5c418c1c7dad091,sheet7:R10,,,
4e7aeeb65716c507-sheet8-R5,2026-06-11,daegu-city,도원안전센터,길선횟집,기관운영업무추진비(2팀 직원격려) 지출(도원),200000,4e7aeeb65716c50711be0c98174d6fb82aefefc8316b74eda5c418c1c7dad091,sheet8:R5,,,
4e7aeeb65716c507-sheet8-R6,2026-06-11,daegu-city,도원안전센터,한라축산정육식당,기관운영업무추진비(1팀 직원격려) 지출(도원),200000,4e7aeeb65716c50711be0c98174d6fb82aefefc8316b74eda5c418c1c7dad091,sheet8:R6,,,
4e7aeeb65716c507-sheet8-R7,2026-06-11,daegu-city,도원안전센터,울진미가,기관운영업무추진비(3팀 직원격려) 지출(도원),200000,4e7aeeb65716c50711be0c98174d6fb82aefefc8316b74eda5c418c1c7dad091,sheet8:R7,,,
4e7aeeb65716c507-sheet9-R5,2026-05-26,daegu-city,죽전안전센터,만솥,기관운영업무추진비(3팀 간담회) 지출(죽전),99000,4e7aeeb65716c50711be0c98174d6fb82aefefc8316b74eda5c418c1c7dad091,sheet9:R5,,,
4e7aeeb65716c507-sheet9-R6,2026-05-26,daegu-city,죽전안전센터,교동면옥상인점,기관운영업무추진비 (2팀 간담회) 지출 (죽전),100000,4e7aeeb65716c50711be0c98174d6fb82aefefc8316b74eda5c418c1c7dad091,sheet9:R6,,,
4e7aeeb65716c507-sheet9-R7,2026-05-26,daegu-city,죽전안전센터,대한짬뽕본점,기관운영업무추진비 (1팀 간담회) 지출 (죽전),100000,4e7aeeb65716c50711be0c98174d6fb82aefefc8316b74eda5c418c1c7dad091,sheet9:R7,,,
6360704a591e7584-sheet1-R3,2026-04-01,daegu-city,언론담당관실,부산안면옥,시정현안 관련 홍보 간담회 경비 지출,104000,6360704a591e75842dcbdaf6c1ee408d4159d6fec456513be3d4b282ebc1df81,sheet1:R3,,,
6360704a591e7584-sheet1-R4,2026-04-03,daegu-city,언론담당관실,한옥집,시정현안 관련 홍보 간담회 경비 지출,90000,6360704a591e75842dcbdaf6c1ee408d4159d6fec456513be3d4b282ebc1df81,sheet1:R4,,,
6360704a591e7584-sheet1-R5,2026-04-06,daegu-city,언론담당관실,낙원순두부,시정현안 관련 홍보 간담회 경비 지출,98000,6360704a591e75842dcbdaf6c1ee408d4159d6fec456513be3d4b282ebc1df81,sheet1:R5,,,
6360704a591e7584-sheet1-R6,2026-04-06,daegu-city,언론담당관실,다올칼국수,시정현안 관련 홍보 간담회 경비 지출,54000,6360704a591e75842dcbdaf6c1ee408d4159d6fec456513be3d4b282ebc1df81,sheet1:R6,,,
6360704a591e7584-sheet1-R7,2026-04-06,daegu-city,언론담당관실,더 건강한 한우프라자,시정현안 관련 홍보 간담회 경비 지출,151670,6360704a591e75842dcbdaf6c1ee408d4159d6fec456513be3d4b282ebc1df81,sheet1:R7,,,
6360704a591e7584-sheet1-R8,2026-04-06,daegu-city,언론담당관실,봉산찜갈비,직원 격려 간담회 경비 지출,93000,6360704a591e75842dcbdaf6c1ee408d4159d6fec456513be3d4b282ebc1df81,sheet1:R8,,,
6360704a591e7584-sheet1-R9,2026-04-06,daegu-city,언론담당관실,부케,직원 격려 간담회 경비 지출,82000,6360704a591e75842dcbdaf6c1ee408d4159d6fec456513be3d4b282ebc1df81,sheet1:R9,,,
6360704a591e7584-sheet1-R10,2026-04-07,daegu-city,언론담당관실,까꾸리웰빙손칼국수,시정현안 관련 홍보 간담회 경비 지출,302000,6360704a591e75842dcbdaf6c1ee408d4159d6fec456513be3d4b282ebc1df81,sheet1:R10,,,
6360704a591e7584-sheet1-R11,2026-04-08,daegu-city,언론담당관실,범어생고기,시정현안 관련 홍보 간담회 경비 지출,189000,6360704a591e75842dcbdaf6c1ee408d4159d6fec456513be3d4b282ebc1df81,sheet1:R11,,,
6360704a591e7584-sheet1-R12,2026-04-09,daegu-city,언론담당관실,온돌방,시정현안 관련 홍보 간담회 경비 지출,180000,6360704a591e75842dcbdaf6c1ee408d4159d6fec456513be3d4b282ebc1df81,sheet1:R12,,,
6360704a591e7584-sheet1-R13,2026-04-09,daegu-city,언론담당관실,더 굿,시정현안 관련 홍보 간담회 경비 지출,105000,6360704a591e75842dcbdaf6c1ee408d4159d6fec456513be3d4b282ebc1df81,sheet1:R13,,,
6360704a591e7584-sheet1-R14,2026-04-09,daegu-city,언론담당관실,구들마라탕,시정현안 관련 홍보 간담회 경비 지출,93800,6360704a591e75842dcbdaf6c1ee408d4159d6fec456513be3d4b282ebc1df81,sheet1:R14,,,
6360704a591e7584-sheet1-R15,2026-04-10,daegu-city,언론담당관실,더부자백숙,시정현안 관련 홍보 간담회 경비 지출,144000,6360704a591e75842dcbdaf6c1ee408d4159d6fec456513be3d4b282ebc1df81,sheet1:R15,,,
6360704a591e7584-sheet1-R16,2026-04-13,daegu-city,언론담당관실,진성식당,시정현안 관련 홍보 간담회 경비 지출,98000,6360704a591e75842dcbdaf6c1ee408d4159d6fec456513be3d4b282ebc1df81,sheet1:R16,,,
6360704a591e7584-sheet1-R17,2026-04-14,daegu-city,언론담당관실,최고집,시정현안 관련 홍보 간담회 경비 지출,78000,6360704a591e75842dcbdaf6c1ee408d4159d6fec456513be3d4b282ebc1df81,sheet1:R17,,,
6360704a591e7584-sheet1-R18,2026-04-14,daegu-city,언론담당관실,산전수전,시정현안 관련 홍보 간담회 경비 지출,123000,6360704a591e75842dcbdaf6c1ee408d4159d6fec456513be3d4b282ebc1df81,sheet1:R18,,,
6360704a591e7584-sheet1-R19,2026-04-15,daegu-city,언론담당관실,원더빈스,간담회 및 설명회 제공 다과 등 구입,139000,6360704a591e75842dcbdaf6c1ee408d4159d6fec456513be3d4b282ebc1df81,sheet1:R19,,,
6360704a591e7584-sheet1-R20,2026-04-15,daegu-city,언론담당관실,정하용 선산곱창,시정현안 관련 홍보 간담회 경비 지출,138000,6360704a591e75842dcbdaf6c1ee408d4159d6fec456513be3d4b282ebc1df81,sheet1:R20,,,
6360704a591e7584-sheet1-R21,2026-04-15,daegu-city,언론담당관실,싱싱뽈락회,시정현안 관련 홍보 간담회 경비 지출,177000,6360704a591e75842dcbdaf6c1ee408d4159d6fec456513be3d4b282ebc1df81,sheet1:R21,,,
6360704a591e7584-sheet1-R22,2026-04-15,daegu-city,언론담당관실,다올칼국수,직원 격려 간담회 경비 지출,54000,6360704a591e75842dcbdaf6c1ee408d4159d6fec456513be3d4b282ebc1df81,sheet1:R22,,,
6360704a591e7584-sheet1-R23,2026-04-16,daegu-city,언론담당관실,낙원순두부,시정현안 관련 홍보 간담회 경비 지출,74000,6360704a591e75842dcbdaf6c1ee408d4159d6fec456513be3d4b282ebc1df81,sheet1:R23,,,
6360704a591e7584-sheet1-R24,2026-04-16,daegu-city,언론담당관실,팔팔명가국밥,시정현안 관련 홍보 간담회 경비 지출,44500,6360704a591e75842dcbdaf6c1ee408d4159d6fec456513be3d4b282ebc1df81,sheet1:R24,,,
6360704a591e7584-sheet1-R25,2026-04-16,daegu-city,언론담당관실,명동통닭,시정현안 관련 홍보 간담회 경비 지출,102000,6360704a591e75842dcbdaf6c1ee408d4159d6fec456513be3d4b282ebc1df81,sheet1:R25,,,
6360704a591e7584-sheet1-R26,2026-04-17,daegu-city,언론담당관실,온돌방,시정현안 관련 홍보 간담회 경비 지출,120000,6360704a591e75842dcbdaf6c1ee408d4159d6fec456513be3d4b282ebc1df81,sheet1:R26,,,
6360704a591e7584-sheet1-R27,2026-04-17,daegu-city,언론담당관실,곤방와스시,시정현안 관련 홍보 간담회 경비 지출,100000,6360704a591e75842dcbdaf6c1ee408d4159d6fec456513be3d4b282ebc1df81,sheet1:R27,,,
6360704a591e7584-sheet1-R28,2026-04-17,daegu-city,언론담당관실,재비,시정현안 관련 홍보 간담회 경비 지출,116700,6360704a591e75842dcbdaf6c1ee408d4159d6fec456513be3d4b282ebc1df81,sheet1:R28,,,
6360704a591e7584-sheet1-R29,2026-04-20,daegu-city,언론담당관실,교동전선생,시정현안 관련 홍보 간담회 경비 지출,228000,6360704a591e75842dcbdaf6c1ee408d4159d6fec456513be3d4b282ebc1df81,sheet1:R29,,,
6360704a591e7584-sheet1-R30,2026-04-20,daegu-city,언론담당관실,마산식당,시정현안 관련 홍보 간담회 경비 지출,44000,6360704a591e75842dcbdaf6c1ee408d4159d6fec456513be3d4b282ebc1df81,sheet1:R30,,,
6360704a591e7584-sheet1-R31,2026-04-21,daegu-city,언론담당관실,국시왕,직원 격려 간담회 경비 지출,38000,6360704a591e75842dcbdaf6c1ee408d4159d6fec456513be3d4b282ebc1df81,sheet1:R31,,,
6360704a591e7584-sheet1-R32,2026-04-21,daegu-city,언론담당관실,팔팔명가국밥,시정현안 관련 홍보 간담회 경비 지출,110100,6360704a591e75842dcbdaf6c1ee408d4159d6fec456513be3d4b282ebc1df81,sheet1:R32,,,
6360704a591e7584-sheet1-R33,2026-04-22,daegu-city,언론담당관실,송원,시정현안 관련 홍보 간담회 경비 지출,220000,6360704a591e75842dcbdaf6c1ee408d4159d6fec456513be3d4b282ebc1df81,sheet1:R33,,,
6360704a591e7584-sheet1-R34,2026-04-22,daegu-city,언론담당관실,팔팔명가국밥,직원 격려 간담회 경비 지출,28700,6360704a591e75842dcbdaf6c1ee408d4159d6fec456513be3d4b282ebc1df81,sheet1:R34,,,
6360704a591e7584-sheet1-R35,2026-04-23,daegu-city,언론담당관실,불로닭발아나고,직원 격려 간담회 경비 지출,205500,6360704a591e75842dcbdaf6c1ee408d4159d6fec456513be3d4b282ebc1df81,sheet1:R35,,,
6360704a591e7584-sheet1-R36,2026-04-23,daegu-city,언론담당관실,한옥집,시정현안 관련 홍보 간담회 경비 지출,70000,6360704a591e75842dcbdaf6c1ee408d4159d6fec456513be3d4b282ebc1df81,sheet1:R36,,,
6360704a591e7584-sheet1-R37,2026-04-23,daegu-city,언론담당관실,쿡수의신,시정현안 관련 홍보 간담회 경비 지출,75000,6360704a591e75842dcbdaf6c1ee408d4159d6fec456513be3d4b282ebc1df81,sheet1:R37,,,
6360704a591e7584-sheet1-R38,2026-04-23,daegu-city,언론담당관실,옆구리,시정현안 관련 홍보 간담회 경비 지출,480000,6360704a591e75842dcbdaf6c1ee408d4159d6fec456513be3d4b282ebc1df81,sheet1:R38,,,
6360704a591e7584-sheet1-R39,2026-04-24,daegu-city,언론담당관실,전통미가,시정현안 관련 홍보 간담회 경비 지출,97000,6360704a591e75842dcbdaf6c1ee408d4159d6fec456513be3d4b282ebc1df81,sheet1:R39,,,
6360704a591e7584-sheet1-R40,2026-04-24,daegu-city,언론담당관실,최고집,직원 격려 간담회 경비 지출,40000,6360704a591e75842dcbdaf6c1ee408d4159d6fec456513be3d4b282ebc1df81,sheet1:R40,,,
6360704a591e7584-sheet1-R41,2026-04-27,daegu-city,언론담당관실,최고집,시정현안 관련 홍보 간담회 경비 지출,86000,6360704a591e75842dcbdaf6c1ee408d4159d6fec456513be3d4b282ebc1df81,sheet1:R41,,,
6360704a591e7584-sheet1-R42,2026-04-28,daegu-city,언론담당관실,황뻘식당,시정현안 관련 홍보 간담회 경비 지출,112000,6360704a591e75842dcbdaf6c1ee408d4159d6fec456513be3d4b282ebc1df81,sheet1:R42,,,
6360704a591e7584-sheet1-R43,2026-04-29,daegu-city,언론담당관실,야자수지붕,시정현안 관련 홍보 간담회 경비 지출,82000,6360704a591e75842dcbdaf6c1ee408d4159d6fec456513be3d4b282ebc1df81,sheet1:R43,,,
6360704a591e7584-sheet1-R44,2026-04-29,daegu-city,언론담당관실,옆구리,직원 격려 간담회 경비 지출,431000,6360704a591e75842dcbdaf6c1ee408d4159d6fec456513be3d4b282ebc1df81,sheet1:R44,,,
6360704a591e7584-sheet1-R45,2026-04-30,daegu-city,언론담당관실,더포,직원 격려 간담회 경비 지출,64000,6360704a591e75842dcbdaf6c1ee408d4159d6fec456513be3d4b282ebc1df81,sheet1:R45,,,
6360704a591e7584-sheet1-R46,2026-04-30,daegu-city,언론담당관실,다올칼국수,시정현안 관련 홍보 간담회 경비 지출,57000,6360704a591e75842dcbdaf6c1ee408d4159d6fec456513be3d4b282ebc1df81,sheet1:R46,,,
6360704a591e7584-sheet2-R3,2026-05-04,daegu-city,언론담당관실,더부자백숙,시정현안 관련 홍보 간담회 경비 지출,374000,6360704a591e75842dcbdaf6c1ee408d4159d6fec456513be3d4b282ebc1df81,sheet2:R3,,,
6360704a591e7584-sheet2-R4,2026-05-06,daegu-city,언론담당관실,연경할매옻닭,시정현안 관련 홍보 간담회 경비 지출,76000,6360704a591e75842dcbdaf6c1ee408d4159d6fec456513be3d4b282ebc1df81,sheet2:R4,,,
6360704a591e7584-sheet2-R5,2026-05-06,daegu-city,언론담당관실,사천만수산물,시정현안 관련 홍보 간담회 경비 지출,200000,6360704a591e75842dcbdaf6c1ee408d4159d6fec456513be3d4b282ebc1df81,sheet2:R5,,,
6360704a591e7584-sheet2-R6,2026-05-07,daegu-city,언론담당관실,약전한방삼계탕,시정현안 관련 홍보 간담회 경비 지출,126000,6360704a591e75842dcbdaf6c1ee408d4159d6fec456513be3d4b282ebc1df81,sheet2:R6,,,
6360704a591e7584-sheet2-R7,2026-05-07,daegu-city,언론담당관실,청풍해물탕,시정현안 관련 홍보 간담회 경비 지출,152000,6360704a591e75842dcbdaf6c1ee408d4159d6fec456513be3d4b282ebc1df81,sheet2:R7,,,
6360704a591e7584-sheet2-R8,2026-05-07,daegu-city,언론담당관실,쓱닷컴,간담회 및 설명회 제공 다과 등 구입,325050,6360704a591e75842dcbdaf6c1ee408d4159d6fec456513be3d4b282ebc1df81,sheet2:R8,,,
6360704a591e7584-sheet2-R9,2026-05-07,daegu-city,언론담당관실,부산안면옥,직원 격려 간담회 경비 지출,53000,6360704a591e75842dcbdaf6c1ee408d4159d6fec456513be3d4b282ebc1df81,sheet2:R9,,,
6360704a591e7584-sheet2-R10,2026-05-08,daegu-city,언론담당관실,개미분식,시정현안 관련 홍보 간담회 경비 지출,28000,6360704a591e75842dcbdaf6c1ee408d4159d6fec456513be3d4b282ebc1df81,sheet2:R10,,,
6360704a591e7584-sheet2-R11,2026-05-11,daegu-city,언론담당관실,진성분식,시정현안 관련 홍보 간담회 경비 지출,54000,6360704a591e75842dcbdaf6c1ee408d4159d6fec456513be3d4b282ebc1df81,sheet2:R11,,,
6360704a591e7584-sheet2-R12,2026-05-12,daegu-city,언론담당관실,팔팔명가국밥,시정현안 관련 홍보 간담회 경비 지출,150000,6360704a591e75842dcbdaf6c1ee408d4159d6fec456513be3d4b282ebc1df81,sheet2:R12,,,
6360704a591e7584-sheet2-R13,2026-05-13,daegu-city,언론담당관실,도마,시정현안 관련 홍보 간담회 경비 지출,280000,6360704a591e75842dcbdaf6c1ee408d4159d6fec456513be3d4b282ebc1df81,sheet2:R13,,,
6360704a591e7584-sheet2-R14,2026-05-13,daegu-city,언론담당관실,전통미가,시정현안 관련 홍보 간담회 경비 지출,100000,6360704a591e75842dcbdaf6c1ee408d4159d6fec456513be3d4b282ebc1df81,sheet2:R14,,,
6360704a591e7584-sheet2-R15,2026-05-13,daegu-city,언론담당관실,스시준,시정현안 관련 홍보 간담회 경비 지출,90000,6360704a591e75842dcbdaf6c1ee408d4159d6fec456513be3d4b282ebc1df81,sheet2:R15,,,
6360704a591e7584-sheet2-R16,2026-05-14,daegu-city,언론담당관실,정하용선산곱창,시정현안 관련 홍보 간담회 경비 지출,51000,6360704a591e75842dcbdaf6c1ee408d4159d6fec456513be3d4b282ebc1df81,sheet2:R16,,,
6360704a591e7584-sheet2-R17,2026-05-14,daegu-city,언론담당관실,부산 진,시정현안 관련 홍보 간담회 경비 지출,261000,6360704a591e75842dcbdaf6c1ee408d4159d6fec456513be3d4b282ebc1df81,sheet2:R17,,,
6360704a591e7584-sheet2-R18,2026-05-14,daegu-city,언론담당관실,감나무집,시정현안 관련 홍보 간담회 경비 지출,150000,6360704a591e75842dcbdaf6c1ee408d4159d6fec456513be3d4b282ebc1df81,sheet2:R18,,,
6360704a591e7584-sheet2-R19,2026-05-14,daegu-city,언론담당관실,청정한우숯불,시정현안 관련 홍보 간담회 경비 지출,434000,6360704a591e75842dcbdaf6c1ee408d4159d6fec456513be3d4b282ebc1df81,sheet2:R19,,,
6360704a591e7584-sheet2-R20,2026-05-15,daegu-city,언론담당관실,최고집,시정현안 관련 홍보 간담회 경비 지출,70000,6360704a591e75842dcbdaf6c1ee408d4159d6fec456513be3d4b282ebc1df81,sheet2:R20,,,
6360704a591e7584-sheet2-R21,2026-05-15,daegu-city,언론담당관실,부산안면옥,시정현안 관련 홍보 간담회 경비 지출,126000,6360704a591e75842dcbdaf6c1ee408d4159d6fec456513be3d4b282ebc1df81,sheet2:R21,,,
6360704a591e7584-sheet2-R22,2026-05-15,daegu-city,언론담당관실,사천만수산물,시정현안 관련 홍보 간담회 경비 지출,196000,6360704a591e75842dcbdaf6c1ee408d4159d6fec456513be3d4b282ebc1df81,sheet2:R22,,,
6360704a591e7584-sheet2-R23,2026-05-18,daegu-city,언론담당관실,범갈비,시정현안 관련 홍보 간담회 경비 지출,458500,6360704a591e75842dcbdaf6c1ee408d4159d6fec456513be3d4b282ebc1df81,sheet2:R23,,,
6360704a591e7584-sheet2-R24,2026-05-18,daegu-city,언론담당관실,부산안면옥,시정현안 관련 홍보 간담회 경비 지출,213000,6360704a591e75842dcbdaf6c1ee408d4159d6fec456513be3d4b282ebc1df81,sheet2:R24,,,
6360704a591e7584-sheet2-R25,2026-05-19,daegu-city,언론담당관실,물오른 해물,시정현안 관련 홍보 간담회 경비 지출,302000,6360704a591e75842dcbdaf6c1ee408d4159d6fec456513be3d4b282ebc1df81,sheet2:R25,,,
6360704a591e7584-sheet2-R26,2026-05-19,daegu-city,언론담당관실,만재네,시정현안 관련 홍보 간담회 경비 지출,174000,6360704a591e75842dcbdaf6c1ee408d4159d6fec456513be3d4b282ebc1df81,sheet2:R26,,,
6360704a591e7584-sheet2-R27,2026-05-19,daegu-city,언론담당관실,자갈치회타운,직원 격려 간담회 경비 지출,60000,6360704a591e75842dcbdaf6c1ee408d4159d6fec456513be3d4b282ebc1df81,sheet2:R27,,,
6360704a591e7584-sheet2-R28,2026-05-20,daegu-city,언론담당관실,맛돈산,시정현안 관련 홍보 간담회 경비 지출,113000,6360704a591e75842dcbdaf6c1ee408d4159d6fec456513be3d4b282ebc1df81,sheet2:R28,,,
6360704a591e7584-sheet2-R29,2026-05-20,daegu-city,언론담당관실,다올칼국수,직원 격려 간담회 경비 지출,72000,6360704a591e75842dcbdaf6c1ee408d4159d6fec456513be3d4b282ebc1df81,sheet2:R29,,,
6360704a591e7584-sheet2-R30,2026-05-21,daegu-city,언론담당관실,한옥집,시정현안 관련 홍보 간담회 경비 지출,90000,6360704a591e75842dcbdaf6c1ee408d4159d6fec456513be3d4b282ebc1df81,sheet2:R30,,,
6360704a591e7584-sheet2-R31,2026-05-21,daegu-city,언론담당관실,청담원,시정현안 관련 홍보 간담회 경비 지출,190000,6360704a591e75842dcbdaf6c1ee408d4159d6fec456513be3d4b282ebc1df81,sheet2:R31,,,
6360704a591e7584-sheet2-R32,2026-05-22,daegu-city,언론담당관실,다올칼국수,시정현안 관련 홍보 간담회 경비 지출,54000,6360704a591e75842dcbdaf6c1ee408d4159d6fec456513be3d4b282ebc1df81,sheet2:R32,,,
6360704a591e7584-sheet2-R33,2026-05-22,daegu-city,언론담당관실,자갈치회타운,시정현안 관련 홍보 간담회 경비 지출,299000,6360704a591e75842dcbdaf6c1ee408d4159d6fec456513be3d4b282ebc1df81,sheet2:R33,,,
6360704a591e7584-sheet2-R34,2026-05-26,daegu-city,언론담당관실,명산식당,시정현안 관련 홍보 간담회 경비 지출,63000,6360704a591e75842dcbdaf6c1ee408d4159d6fec456513be3d4b282ebc1df81,sheet2:R34,,,
6360704a591e7584-sheet2-R35,2026-05-26,daegu-city,언론담당관실,해덕한우,시정현안 관련 홍보 간담회 경비 지출,250000,6360704a591e75842dcbdaf6c1ee408d4159d6fec456513be3d4b282ebc1df81,sheet2:R35,,,
6360704a591e7584-sheet2-R36,2026-05-27,daegu-city,언론담당관실,팔팔명가국밥,시정현안 관련 홍보 간담회 경비 지출,110100,6360704a591e75842dcbdaf6c1ee408d4159d6fec456513be3d4b282ebc1df81,sheet2:R36,,,
6360704a591e7584-sheet2-R37,2026-05-28,daegu-city,언론담당관실,황뻘식당,시정현안 관련 홍보 간담회 경비 지출,126000,6360704a591e75842dcbdaf6c1ee408d4159d6fec456513be3d4b282ebc1df81,sheet2:R37,,,
6360704a591e7584-sheet2-R38,2026-05-28,daegu-city,언론담당관실,왕태골보쌈,시정현안 관련 홍보 간담회 경비 지출,110000,6360704a591e75842dcbdaf6c1ee408d4159d6fec456513be3d4b282ebc1df81,sheet2:R38,,,
6360704a591e7584-sheet2-R39,2026-05-28,daegu-city,언론담당관실,더건강한한우프라자,시정현안 관련 홍보 간담회 경비 지출,400000,6360704a591e75842dcbdaf6c1ee408d4159d6fec456513be3d4b282ebc1df81,sheet2:R39,,,
6360704a591e7584-sheet2-R40,2026-05-29,daegu-city,언론담당관실,미스터브리즈,직원 격려 간담회 경비 지출,340000,6360704a591e75842dcbdaf6c1ee408d4159d6fec456513be3d4b282ebc1df81,sheet2:R40,,,
6360704a591e7584-sheet2-R41,2026-05-29,daegu-city,언론담당관실,전통미가,시정현안 관련 홍보 간담회 경비 지출,62500,6360704a591e75842dcbdaf6c1ee408d4159d6fec456513be3d4b282ebc1df81,sheet2:R41,,,
6360704a591e7584-sheet3-R3,2026-06-01,daegu-city,언론담당관실,평화로운집,시정현안 관련 홍보 간담회 경비 지출,392800,6360704a591e75842dcbdaf6c1ee408d4159d6fec456513be3d4b282ebc1df81,sheet3:R3,,,
6360704a591e7584-sheet3-R4,2026-06-01,daegu-city,언론담당관실,부산안면옥,시정현안 관련 홍보 간담회 경비 지출,159000,6360704a591e75842dcbdaf6c1ee408d4159d6fec456513be3d4b282ebc1df81,sheet3:R4,,,
6360704a591e7584-sheet3-R5,2026-06-01,daegu-city,언론담당관실,산전수전,시정현안 관련 홍보 간담회 경비 지출,110000,6360704a591e75842dcbdaf6c1ee408d4159d6fec456513be3d4b282ebc1df81,sheet3:R5,,,
6360704a591e7584-sheet3-R6,2026-06-01,daegu-city,언론담당관실,해물나라,시정현안 관련 홍보 간담회 경비 지출,167000,6360704a591e75842dcbdaf6c1ee408d4159d6fec456513be3d4b282ebc1df81,sheet3:R6,,,
6360704a591e7584-sheet3-R7,2026-06-02,daegu-city,언론담당관실,다올칼국수,시정현안 관련 홍보 간담회 경비 지출,127000,6360704a591e75842dcbdaf6c1ee408d4159d6fec456513be3d4b282ebc1df81,sheet3:R7,,,
6360704a591e7584-sheet3-R8,2026-06-02,daegu-city,언론담당관실,88꼼장어,시정현안 관련 홍보 간담회 경비 지출,286000,6360704a591e75842dcbdaf6c1ee408d4159d6fec456513be3d4b282ebc1df81,sheet3:R8,,,
6360704a591e7584-sheet3-R9,2026-06-04,daegu-city,언론담당관실,부산안면옥,시정현안 관련 홍보 간담회 경비 지출,83000,6360704a591e75842dcbdaf6c1ee408d4159d6fec456513be3d4b282ebc1df81,sheet3:R9,,,
6360704a591e7584-sheet3-R10,2026-06-04,daegu-city,언론담당관실,최고집,시정현안 관련 홍보 간담회 경비 지출,104000,6360704a591e75842dcbdaf6c1ee408d4159d6fec456513be3d4b282ebc1df81,sheet3:R10,,,
6360704a591e7584-sheet3-R11,2026-06-04,daegu-city,언론담당관실,동곡제면,시정현안 관련 홍보 간담회 경비 지출,67900,6360704a591e75842dcbdaf6c1ee408d4159d6fec456513be3d4b282ebc1df81,sheet3:R11,,,
6360704a591e7584-sheet3-R12,2026-06-05,daegu-city,언론담당관실,가치장터,시정현안 관련 홍보 간담회 경비 지출,180000,6360704a591e75842dcbdaf6c1ee408d4159d6fec456513be3d4b282ebc1df81,sheet3:R12,,,
6360704a591e7584-sheet3-R13,2026-06-05,daegu-city,언론담당관실,청담원,시정현안 관련 홍보 간담회 경비 지출,210000,6360704a591e75842dcbdaf6c1ee408d4159d6fec456513be3d4b282ebc1df81,sheet3:R13,,,
6360704a591e7584-sheet3-R14,2026-06-05,daegu-city,언론담당관실,제일산업,간담회 및 설명회 제공 다과 등 구입,85840,6360704a591e75842dcbdaf6c1ee408d4159d6fec456513be3d4b282ebc1df81,sheet3:R14,,,
6360704a591e7584-sheet3-R15,2026-06-05,daegu-city,언론담당관실,진성분식,시정현안 관련 홍보 간담회 경비 지출,43000,6360704a591e75842dcbdaf6c1ee408d4159d6fec456513be3d4b282ebc1df81,sheet3:R15,,,
6360704a591e7584-sheet3-R16,2026-06-08,daegu-city,언론담당관실,고기굽는남자,시정현안 관련 홍보 간담회 경비 지출,300000,6360704a591e75842dcbdaf6c1ee408d4159d6fec456513be3d4b282ebc1df81,sheet3:R16,,,
6360704a591e7584-sheet3-R17,2026-06-09,daegu-city,언론담당관실,방어진참가자미회,시정현안 관련 홍보 간담회 경비 지출,104000,6360704a591e75842dcbdaf6c1ee408d4159d6fec456513be3d4b282ebc1df81,sheet3:R17,,,
6360704a591e7584-sheet3-R18,2026-06-09,daegu-city,언론담당관실,한옥집,시정현안 관련 홍보 간담회 경비 지출,50000,6360704a591e75842dcbdaf6c1ee408d4159d6fec456513be3d4b282ebc1df81,sheet3:R18,,,
6360704a591e7584-sheet3-R19,2026-06-10,daegu-city,언론담당관실,전통미가,시정현안 관련 홍보 간담회 경비 지출,87500,6360704a591e75842dcbdaf6c1ee408d4159d6fec456513be3d4b282ebc1df81,sheet3:R19,,,
6360704a591e7584-sheet3-R20,2026-06-10,daegu-city,언론담당관실,온돌방,시정현안 관련 홍보 간담회 경비 지출,60000,6360704a591e75842dcbdaf6c1ee408d4159d6fec456513be3d4b282ebc1df81,sheet3:R20,,,
6360704a591e7584-sheet3-R21,2026-06-11,daegu-city,언론담당관실,방어진참가자미회,시정현안 관련 홍보 간담회 경비 지출,199000,6360704a591e75842dcbdaf6c1ee408d4159d6fec456513be3d4b282ebc1df81,sheet3:R21,,,
6360704a591e7584-sheet3-R22,2026-06-11,daegu-city,언론담당관실,타이야미,직원 격려 간담회 경비 지출,75000,6360704a591e75842dcbdaf6c1ee408d4159d6fec456513be3d4b282ebc1df81,sheet3:R22,,,
6360704a591e7584-sheet3-R23,2026-06-12,daegu-city,언론담당관실,팔팔명가국밥,시정현안 관련 홍보 간담회 경비 지출,35600,6360704a591e75842dcbdaf6c1ee408d4159d6fec456513be3d4b282ebc1df81,sheet3:R23,,,
6360704a591e7584-sheet3-R24,2026-06-12,daegu-city,언론담당관실,자갈치회타운,시정현안 관련 홍보 간담회 경비 지출,52000,6360704a591e75842dcbdaf6c1ee408d4159d6fec456513be3d4b282ebc1df81,sheet3:R24,,,
6360704a591e7584-sheet3-R25,2026-06-15,daegu-city,언론담당관실,자갈치회타운,시정현안 관련 홍보 간담회 경비 지출,109000,6360704a591e75842dcbdaf6c1ee408d4159d6fec456513be3d4b282ebc1df81,sheet3:R25,,,
6360704a591e7584-sheet3-R26,2026-06-16,daegu-city,언론담당관실,왕태골보쌈,시정현안 관련 홍보 간담회 경비 지출,127000,6360704a591e75842dcbdaf6c1ee408d4159d6fec456513be3d4b282ebc1df81,sheet3:R26,,,
6360704a591e7584-sheet3-R27,2026-06-16,daegu-city,언론담당관실,혜성식당,시정현안 관련 홍보 간담회 경비 지출,95000,6360704a591e75842dcbdaf6c1ee408d4159d6fec456513be3d4b282ebc1df81,sheet3:R27,,,
6360704a591e7584-sheet3-R28,2026-06-16,daegu-city,언론담당관실,마당갈비,시정현안 관련 홍보 간담회 경비 지출,73000,6360704a591e75842dcbdaf6c1ee408d4159d6fec456513be3d4b282ebc1df81,sheet3:R28,,,
6360704a591e7584-sheet3-R29,2026-06-17,daegu-city,언론담당관실,용지봉,시정현안 관련 홍보 간담회 경비 지출,150000,6360704a591e75842dcbdaf6c1ee408d4159d6fec456513be3d4b282ebc1df81,sheet3:R29,,,
6360704a591e7584-sheet3-R30,2026-06-18,daegu-city,언론담당관실,황뻘식당,시정현안 관련 홍보 간담회 경비 지출,154000,6360704a591e75842dcbdaf6c1ee408d4159d6fec456513be3d4b282ebc1df81,sheet3:R30,,,
6360704a591e7584-sheet3-R31,2026-06-19,daegu-city,언론담당관실,최고집,시정현안 관련 홍보 간담회 경비 지출,99000,6360704a591e75842dcbdaf6c1ee408d4159d6fec456513be3d4b282ebc1df81,sheet3:R31,,,
6360704a591e7584-sheet3-R32,2026-06-19,daegu-city,언론담당관실,텃골숯불갈비,시정현안 관련 홍보 간담회 경비 지출,363000,6360704a591e75842dcbdaf6c1ee408d4159d6fec456513be3d4b282ebc1df81,sheet3:R32,,,
6360704a591e7584-sheet3-R33,2026-06-22,daegu-city,언론담당관실,진성분식,시정현안 관련 홍보 간담회 경비 지출,54000,6360704a591e75842dcbdaf6c1ee408d4159d6fec456513be3d4b282ebc1df81,sheet3:R33,,,
6360704a591e7584-sheet3-R34,2026-06-23,daegu-city,언론담당관실,감포생밀복,시정현안 관련 홍보 간담회 경비 지출,256000,6360704a591e75842dcbdaf6c1ee408d4159d6fec456513be3d4b282ebc1df81,sheet3:R34,,,
6360704a591e7584-sheet3-R35,2026-06-23,daegu-city,언론담당관실,현대옥,시정현안 관련 홍보 간담회 경비 지출,59500,6360704a591e75842dcbdaf6c1ee408d4159d6fec456513be3d4b282ebc1df81,sheet3:R35,,,
6360704a591e7584-sheet3-R36,2026-06-24,daegu-city,언론담당관실,앞산큰골집,시정현안 관련 홍보 간담회 경비 지출,118000,6360704a591e75842dcbdaf6c1ee408d4159d6fec456513be3d4b282ebc1df81,sheet3:R36,,,
6360704a591e7584-sheet3-R37,2026-06-26,daegu-city,언론담당관실,낙원순두부,시정현안 관련 홍보 간담회 경비 지출,68000,6360704a591e75842dcbdaf6c1ee408d4159d6fec456513be3d4b282ebc1df81,sheet3:R37,,,
6360704a591e7584-sheet3-R38,2026-06-26,daegu-city,언론담당관실,범스마라,직원 격려 간담회 경비 지출,81000,6360704a591e75842dcbdaf6c1ee408d4159d6fec456513be3d4b282ebc1df81,sheet3:R38,,,
6360704a591e7584-sheet3-R39,2026-06-29,daegu-city,언론담당관실,부산안면옥,시정현안 관련 홍보 간담회 경비 지출,129000,6360704a591e75842dcbdaf6c1ee408d4159d6fec456513be3d4b282ebc1df81,sheet3:R39,,,
eaff29242e640b1d-sheet1-R7,2026-04-21,daegu-city,상수도사업본부 서부사업소,부림복어,현안업무 추진 협의에 따른 간담회경비 지출,72000,eaff29242e640b1d2461181e20e0bee37cca898ce8533e32d95e0f424c40c56b,sheet1:R7,,,
eaff29242e640b1d-sheet1-R8,2026-06-29,daegu-city,상수도사업본부 서부사업소,삼익동태 외 1,현안업무 추진 협의에 따른 간담회경비 지출,73200,eaff29242e640b1d2461181e20e0bee37cca898ce8533e32d95e0f424c40c56b,sheet1:R8,,,
e1235e6eef6b045c-sheet1-R7,2026-04-10,daegu-city,총무과,안스커피,내방객 다과,119000,e1235e6eef6b045c73069f54ab5dcb0ac75bad32fe1fcfefb99a77e25ad8b6c9,sheet1:R7,,,
e1235e6eef6b045c-sheet1-R8,2026-04-27,daegu-city,총무과,윤훈식농가쌈밥군위점,직원격려 식사,155000,e1235e6eef6b045c73069f54ab5dcb0ac75bad32fe1fcfefb99a77e25ad8b6c9,sheet1:R8,,,
e1235e6eef6b045c-sheet1-R9,2026-05-06,daegu-city,총무과,안스커피,내방객 다과,128000,e1235e6eef6b045c73069f54ab5dcb0ac75bad32fe1fcfefb99a77e25ad8b6c9,sheet1:R9,,,
e1235e6eef6b045c-sheet1-R10,2026-06-04,daegu-city,총무과,안스커피,내방객 다과,136000,e1235e6eef6b045c73069f54ab5dcb0ac75bad32fe1fcfefb99a77e25ad8b6c9,sheet1:R10,,,
e1235e6eef6b045c-sheet2-R7,2026-04-13,daegu-city,총무과,용지봉,업무협의간담회,247000,e1235e6eef6b045c73069f54ab5dcb0ac75bad32fe1fcfefb99a77e25ad8b6c9,sheet2:R7,,,
e1235e6eef6b045c-sheet2-R8,2026-04-17,daegu-city,총무과,하롱베이,업무협의간담회,74000,e1235e6eef6b045c73069f54ab5dcb0ac75bad32fe1fcfefb99a77e25ad8b6c9,sheet2:R8,,,
e1235e6eef6b045c-sheet2-R9,2026-04-20,daegu-city,총무과,축산물프라자,업무협의간담회,103560,e1235e6eef6b045c73069f54ab5dcb0ac75bad32fe1fcfefb99a77e25ad8b6c9,sheet2:R9,,,
e1235e6eef6b045c-sheet2-R10,2026-04-24,daegu-city,총무과,달빛오븐,업무협의 다과,80000,e1235e6eef6b045c73069f54ab5dcb0ac75bad32fe1fcfefb99a77e25ad8b6c9,sheet2:R10,,,
e1235e6eef6b045c-sheet2-R11,2026-05-12,daegu-city,총무과,안시성,업무협의간담회,180000,e1235e6eef6b045c73069f54ab5dcb0ac75bad32fe1fcfefb99a77e25ad8b6c9,sheet2:R11,,,
e1235e6eef6b045c-sheet2-R12,2026-06-19,daegu-city,총무과,홀마트,업무협의간담회,144050,e1235e6eef6b045c73069f54ab5dcb0ac75bad32fe1fcfefb99a77e25ad8b6c9,sheet2:R12,,,
e1235e6eef6b045c-sheet2-R13,2026-06-30,daegu-city,총무과,하롱베이,업무협의간담회,172500,e1235e6eef6b045c73069f54ab5dcb0ac75bad32fe1fcfefb99a77e25ad8b6c9,sheet2:R13,,,
e1235e6eef6b045c-sheet2-R18,2026-05-21,daegu-city,식의약연구부,시루의 꿈,업무협의 다과,68000,e1235e6eef6b045c73069f54ab5dcb0ac75bad32fe1fcfefb99a77e25ad8b6c9,sheet2:R18,,,
e1235e6eef6b045c-sheet2-R23,2026-04-16,daegu-city,질병연구부,홈플러스,업무협의 다과,117140,e1235e6eef6b045c73069f54ab5dcb0ac75bad32fe1fcfefb99a77e25ad8b6c9,sheet2:R23,,,
e1235e6eef6b045c-sheet2-R24,2026-04-22,daegu-city,질병연구부,라부아뜨엘,업무협의 다과,150000,e1235e6eef6b045c73069f54ab5dcb0ac75bad32fe1fcfefb99a77e25ad8b6c9,sheet2:R24,,,
e1235e6eef6b045c-sheet2-R29,2026-06-11,daegu-city,물환경연구부,복길&조돌해녀,업무협의간담회,104000,e1235e6eef6b045c73069f54ab5dcb0ac75bad32fe1fcfefb99a77e25ad8b6c9,sheet2:R29,,,
e1235e6eef6b045c-sheet2-R34,2026-05-08,daegu-city,동물위생시험소,륜,업무협의간담회,196000,e1235e6eef6b045c73069f54ab5dcb0ac75bad32fe1fcfefb99a77e25ad8b6c9,sheet2:R34,,,
84f7cf1c14302ab2-sheet1-R6,2026-04-09,daegu-city,농산유통과,싱싱하고신선한해물(중구 태평로 177),동물복지 및 가축전염병 관련 간담회 경비 지출,270000,84f7cf1c14302ab24e32e72316325e646ef8aba81209140b7af5b0da06681216,sheet1:R6,,,
84f7cf1c14302ab2-sheet1-R7,2026-04-13,daegu-city,농산유통과,감포생밀복 본점(북구 침산남로7길 2-1),대구치맥페스티벌 개최를 위한 간담회 경비 지출,216000,84f7cf1c14302ab24e32e72316325e646ef8aba81209140b7af5b0da06681216,sheet1:R7,,,
84f7cf1c14302ab2-sheet1-R8,2026-04-16,daegu-city,농산유통과,"황장군 평리점(서구 서대구로 85, 평리동)",2026년 상반기 정부관리양곡 정기재고조사 관련 간담회 경비 지출,64000,84f7cf1c14302ab24e32e72316325e646ef8aba81209140b7af5b0da06681216,sheet1:R8,,,
84f7cf1c14302ab2-sheet1-R9,2026-04-29,daegu-city,농산유통과,시골밥상(군위군 부계면 한티로 1903) 외 1,임산부 친환경농산물 지원사업 간담회 경비 지출,154000,84f7cf1c14302ab24e32e72316325e646ef8aba81209140b7af5b0da06681216,sheet1:R9,,,
84f7cf1c14302ab2-sheet1-R10,2026-04-30,daegu-city,농산유통과,개정(북구 유통단지로 80 인터불고 엑스코),2026년 농지전수조사 추진 관련 간담회 경비 지출,51000,84f7cf1c14302ab24e32e72316325e646ef8aba81209140b7af5b0da06681216,sheet1:R10,,,
84f7cf1c14302ab2-sheet1-R11,2026-05-07,daegu-city,농산유통과,팔공산순두부(동구 동대구로 550) 외 1,모내기 행사 관련 간담회 경비 지출,58500,84f7cf1c14302ab24e32e72316325e646ef8aba81209140b7af5b0da06681216,sheet1:R11,,,
84f7cf1c14302ab2-sheet1-R12,2026-05-08,daegu-city,농산유통과,샤오당쟈마라탕 동대구역사점(동구 동대구로 550) 외 1,식량작물 및 정부관리양곡 업무 관련 간담회 경비 지출,110000,84f7cf1c14302ab24e32e72316325e646ef8aba81209140b7af5b0da06681216,sheet1:R12,,,
84f7cf1c14302ab2-sheet1-R13,2026-05-14,daegu-city,농산유통과,사누키제면소(동구 동대구로 550),모내기 행사 사전준비 관련 간담회 경비 지출,75900,84f7cf1c14302ab24e32e72316325e646ef8aba81209140b7af5b0da06681216,sheet1:R13,,,
7121245719ba1cf0-sheet1-R6,2026-04-01,daegu-city,총무과,허대구대구통닭(체인본부),직원 격려 간담회 경비 지출,736000,7121245719ba1cf0fcb1dfb33b5b69168e6c544cc253001ce4a61a18271f37d3,sheet1:R6,,,
7121245719ba1cf0-sheet1-R7,2026-04-01,daegu-city,총무과,하나해물탕외 1,직원 격려 간담회 경비 지출,98000,7121245719ba1cf0fcb1dfb33b5b69168e6c544cc253001ce4a61a18271f37d3,sheet1:R7,,,
7121245719ba1cf0-sheet1-R8,2026-04-02,daegu-city,총무과,어물전,직원 격려 간담회 경비 지출,288000,7121245719ba1cf0fcb1dfb33b5b69168e6c544cc253001ce4a61a18271f37d3,sheet1:R8,,,
7121245719ba1cf0-sheet1-R9,2026-04-02,daegu-city,총무과,(주)대한뉴스,직원 격려 간담회 경비 지출,480000,7121245719ba1cf0fcb1dfb33b5b69168e6c544cc253001ce4a61a18271f37d3,sheet1:R9,,,
7121245719ba1cf0-sheet1-R10,2026-04-03,daegu-city,총무과,대구서문옛날카스테라외 12,서문야시장 현장 방문 및 간담회 경비 지출,329400,7121245719ba1cf0fcb1dfb33b5b69168e6c544cc253001ce4a61a18271f37d3,sheet1:R10,,,
7121245719ba1cf0-sheet1-R11,2026-04-06,daegu-city,총무과,이루팜,하천 및 계곡 내 불법행위 단속 직원 격려 간식 구입비 지출,180000,7121245719ba1cf0fcb1dfb33b5b69168e6c544cc253001ce4a61a18271f37d3,sheet1:R11,,,
7121245719ba1cf0-sheet1-R12,2026-04-06,daegu-city,총무과,도미노피자 침산점,산불예방 및 대응활동 직원 격려 간식 구입비 지출,219780,7121245719ba1cf0fcb1dfb33b5b69168e6c544cc253001ce4a61a18271f37d3,sheet1:R12,,,
7121245719ba1cf0-sheet1-R13,2026-04-06,daegu-city,총무과,칠성곰탕,직원 격려 간담회 경비 지출,68000,7121245719ba1cf0fcb1dfb33b5b69168e6c544cc253001ce4a61a18271f37d3,sheet1:R13,,,
7121245719ba1cf0-sheet1-R14,2026-04-07,daegu-city,총무과,은혜통닭,기업지원박람회 추진 직원 격려 간식 구입비 지출,121000,7121245719ba1cf0fcb1dfb33b5b69168e6c544cc253001ce4a61a18271f37d3,sheet1:R14,,,
7121245719ba1cf0-sheet1-R15,2026-04-07,daegu-city,총무과,비에이치씨(bhc)대구교동점,특별사법경찰 수사업무 추진 직원 격려 간식 구입비 지출,128900,7121245719ba1cf0fcb1dfb33b5b69168e6c544cc253001ce4a61a18271f37d3,sheet1:R15,,,
7121245719ba1cf0-sheet1-R16,2026-04-07,daegu-city,총무과,싱싱해싱싱어수성본점,직원 격려 간담회 경비 지출,250000,7121245719ba1cf0fcb1dfb33b5b69168e6c544cc253001ce4a61a18271f37d3,sheet1:R16,,,
7121245719ba1cf0-sheet1-R17,2026-04-07,daegu-city,총무과,에스파스,중대재해 예방 및 사회재난 대응 직원 격려 간식 구입비 지출,490000,7121245719ba1cf0fcb1dfb33b5b69168e6c544cc253001ce4a61a18271f37d3,sheet1:R17,,,
7121245719ba1cf0-sheet1-R18,2026-04-08,daegu-city,총무과,에스파스,산불 주민대피 대비 비상근무 직원 격려 간식 구입비 지출,490000,7121245719ba1cf0fcb1dfb33b5b69168e6c544cc253001ce4a61a18271f37d3,sheet1:R18,,,
7121245719ba1cf0-sheet1-R19,2026-04-08,daegu-city,총무과,유가정,직원 격려 간담회 경비 지출,60000,7121245719ba1cf0fcb1dfb33b5b69168e6c544cc253001ce4a61a18271f37d3,sheet1:R19,,,
7121245719ba1cf0-sheet1-R20,2026-04-09,daegu-city,총무과,크리스피크림도넛 대구스펙트럼점,국제섬유박람회 및 국제안경전 추진 직원 격려 간식 구입비 지출,120000,7121245719ba1cf0fcb1dfb33b5b69168e6c544cc253001ce4a61a18271f37d3,sheet1:R20,,,
7121245719ba1cf0-sheet1-R21,2026-04-09,daegu-city,총무과,본죽&비빔밥 대구침산네거리점,직원 격려 간담회 경비 지출,51500,7121245719ba1cf0fcb1dfb33b5b69168e6c544cc253001ce4a61a18271f37d3,sheet1:R21,,,
7121245719ba1cf0-sheet1-R22,2026-04-10,daegu-city,총무과,로니스도우,지역축제 안전관리 및 시설물 안전점검 추진 직원 격려 간식 구입비 지출,216500,7121245719ba1cf0fcb1dfb33b5b69168e6c544cc253001ce4a61a18271f37d3,sheet1:R22,,,
7121245719ba1cf0-sheet1-R23,2026-04-13,daegu-city,총무과,유가정,직원 격려 간담회 경비 지출,60000,7121245719ba1cf0fcb1dfb33b5b69168e6c544cc253001ce4a61a18271f37d3,sheet1:R23,,,
7121245719ba1cf0-sheet1-R24,2026-04-15,daegu-city,총무과,샤브라이브,직원 격려 간담회 경비 지출,65700,7121245719ba1cf0fcb1dfb33b5b69168e6c544cc253001ce4a61a18271f37d3,sheet1:R24,,,
7121245719ba1cf0-sheet1-R25,2026-04-15,daegu-city,총무과,일품돼지국밥 (고성점),직원 격려 간담회 경비 지출,20000,7121245719ba1cf0fcb1dfb33b5b69168e6c544cc253001ce4a61a18271f37d3,sheet1:R25,,,
7121245719ba1cf0-sheet1-R26,2026-04-16,daegu-city,총무과,금산삼계탕,직원 격려 간담회 경비 지출,52000,7121245719ba1cf0fcb1dfb33b5b69168e6c544cc253001ce4a61a18271f37d3,sheet1:R26,,,
7121245719ba1cf0-sheet1-R27,2026-04-20,daegu-city,총무과,노모어피자 침산점,자원안보위기 대응 에너지절약 사업추진 직원 격려 간식 구입비 지출,203000,7121245719ba1cf0fcb1dfb33b5b69168e6c544cc253001ce4a61a18271f37d3,sheet1:R27,,,
7121245719ba1cf0-sheet1-R28,2026-04-20,daegu-city,총무과,인생감자탕 북구청점,직원 격려 간담회 경비 지출,26000,7121245719ba1cf0fcb1dfb33b5b69168e6c544cc253001ce4a61a18271f37d3,sheet1:R28,,,
7121245719ba1cf0-sheet1-R29,2026-04-21,daegu-city,총무과,마산설렁탕,직원 격려 간담회 경비 지출,34000,7121245719ba1cf0fcb1dfb33b5b69168e6c544cc253001ce4a61a18271f37d3,sheet1:R29,,,
7121245719ba1cf0-sheet1-R30,2026-04-21,daegu-city,총무과,최가네 아현식육식당외 1,직원 격려 간담회 경비 지출,348200,7121245719ba1cf0fcb1dfb33b5b69168e6c544cc253001ce4a61a18271f37d3,sheet1:R30,,,
7121245719ba1cf0-sheet1-R31,2026-04-22,daegu-city,총무과,맘스터치 시지고산점,2026대구세계마스터즈육상경기대회 추진 직원 격려 간식 구입비 지출,282000,7121245719ba1cf0fcb1dfb33b5b69168e6c544cc253001ce4a61a18271f37d3,sheet1:R31,,,
7121245719ba1cf0-sheet1-R32,2026-04-22,daegu-city,총무과,도미노피자 침산점,중동상황 관련 비상경제대응 TF 운영 직원 격려 간식 구입비 지출,224770,7121245719ba1cf0fcb1dfb33b5b69168e6c544cc253001ce4a61a18271f37d3,sheet1:R32,,,
7121245719ba1cf0-sheet1-R33,2026-04-22,daegu-city,총무과,남원골추어탕,직원 격려 간담회 경비 지출,82000,7121245719ba1cf0fcb1dfb33b5b69168e6c544cc253001ce4a61a18271f37d3,sheet1:R33,,,
7121245719ba1cf0-sheet1-R34,2026-04-23,daegu-city,총무과,도미노피자 침산점,"승용차2부제, 청사 에너지절약 등 추진 직원 격려 간식 구입비 지출",396200,7121245719ba1cf0fcb1dfb33b5b69168e6c544cc253001ce4a61a18271f37d3,sheet1:R34,,,
7121245719ba1cf0-sheet1-R35,2026-04-23,daegu-city,총무과,연암 옹심이칼국수,직원 격려 간담회 경비 지출,62000,7121245719ba1cf0fcb1dfb33b5b69168e6c544cc253001ce4a61a18271f37d3,sheet1:R35,,,
7121245719ba1cf0-sheet1-R36,2026-04-23,daegu-city,총무과,칭베이훠궈양꼬치,직원 격려 간담회 경비 지출,480000,7121245719ba1cf0fcb1dfb33b5b69168e6c544cc253001ce4a61a18271f37d3,sheet1:R36,,,
7121245719ba1cf0-sheet1-R37,2026-04-23,daegu-city,총무과,로니스도우,통합돌봄 및 그냥드림 복지서비스 등 추진 직원 격려 간식 구입비 지출,296000,7121245719ba1cf0fcb1dfb33b5b69168e6c544cc253001ce4a61a18271f37d3,sheet1:R37,,,
7121245719ba1cf0-sheet1-R38,2026-04-23,daegu-city,총무과,에스파스,직원 격려 간식 구입비 지출,296000,7121245719ba1cf0fcb1dfb33b5b69168e6c544cc253001ce4a61a18271f37d3,sheet1:R38,,,
7121245719ba1cf0-sheet1-R39,2026-04-24,daegu-city,총무과,도미노피자 봉덕점,작은도서관 활성화 및 올해의 책 선포식 추진 직원 격려 간식 구입비 지출,419800,7121245719ba1cf0fcb1dfb33b5b69168e6c544cc253001ce4a61a18271f37d3,sheet1:R39,,,
7121245719ba1cf0-sheet1-R40,2026-04-25,daegu-city,총무과,앞산골가마솥국밥외 1,직원 격려 간담회 경비 지출,498500,7121245719ba1cf0fcb1dfb33b5b69168e6c544cc253001ce4a61a18271f37d3,sheet1:R40,,,
7121245719ba1cf0-sheet1-R41,2026-04-27,daegu-city,총무과,형제네고기마을,직원 격려 간담회 경비 지출,58000,7121245719ba1cf0fcb1dfb33b5b69168e6c544cc253001ce4a61a18271f37d3,sheet1:R41,,,
7121245719ba1cf0-sheet1-R42,2026-04-27,daegu-city,총무과,고가촌,직원 격려 간담회 경비 지출,234000,7121245719ba1cf0fcb1dfb33b5b69168e6c544cc253001ce4a61a18271f37d3,sheet1:R42,,,
7121245719ba1cf0-sheet1-R43,2026-04-28,daegu-city,총무과,주식회사 바다원해,직원 격려 간담회 경비 지출,420000,7121245719ba1cf0fcb1dfb33b5b69168e6c544cc253001ce4a61a18271f37d3,sheet1:R43,,,
7121245719ba1cf0-sheet1-R44,2026-04-29,daegu-city,총무과,이조참치,직원 격려 간담회 경비 지출,345000,7121245719ba1cf0fcb1dfb33b5b69168e6c544cc253001ce4a61a18271f37d3,sheet1:R44,,,
7121245719ba1cf0-sheet1-R45,2026-04-30,daegu-city,총무과,상상해물칼국수 수성본점외 1,직원 격려 간담회 경비 지출,35000,7121245719ba1cf0fcb1dfb33b5b69168e6c544cc253001ce4a61a18271f37d3,sheet1:R45,,,
7121245719ba1cf0-sheet1-R46,2026-04-30,daegu-city,총무과,비비큐(BBQ)대구고성점외 1,직원 격려 간담회 경비 지출,378000,7121245719ba1cf0fcb1dfb33b5b69168e6c544cc253001ce4a61a18271f37d3,sheet1:R46,,,
7121245719ba1cf0-sheet1-R47,2026-05-01,daegu-city,총무과,버거킹 대구삼성창조경제단지점/주식회사,직원 격려 간담회 경비 지출,47600,7121245719ba1cf0fcb1dfb33b5b69168e6c544cc253001ce4a61a18271f37d3,sheet1:R47,,,
7121245719ba1cf0-sheet1-R48,2026-05-06,daegu-city,총무과,오발탄,직원 격려 간담회 경비 지출,207000,7121245719ba1cf0fcb1dfb33b5b69168e6c544cc253001ce4a61a18271f37d3,sheet1:R48,,,
7121245719ba1cf0-sheet1-R49,2026-05-06,daegu-city,총무과,식원,직원 격려 간담회 경비 지출,150000,7121245719ba1cf0fcb1dfb33b5b69168e6c544cc253001ce4a61a18271f37d3,sheet1:R49,,,
7121245719ba1cf0-sheet1-R50,2026-05-08,daegu-city,총무과,진시흥국수방,직원 격려 간담회 경비 지출,117500,7121245719ba1cf0fcb1dfb33b5b69168e6c544cc253001ce4a61a18271f37d3,sheet1:R50,,,
7121245719ba1cf0-sheet1-R51,2026-05-08,daegu-city,총무과,일품돼지국밥 (고성점),직원 격려 간담회 경비 지출,56000,7121245719ba1cf0fcb1dfb33b5b69168e6c544cc253001ce4a61a18271f37d3,sheet1:R51,,,
7121245719ba1cf0-sheet1-R52,2026-05-12,daegu-city,총무과,유가정,직원 격려 간담회 경비 지출,160000,7121245719ba1cf0fcb1dfb33b5b69168e6c544cc253001ce4a61a18271f37d3,sheet1:R52,,,
7121245719ba1cf0-sheet1-R53,2026-05-13,daegu-city,총무과,청풍해물탕,직원 격려 간담회 경비 지출,72000,7121245719ba1cf0fcb1dfb33b5b69168e6c544cc253001ce4a61a18271f37d3,sheet1:R53,,,
7121245719ba1cf0-sheet1-R54,2026-05-15,daegu-city,총무과,의성마늘소 덕향외 1,직원 격려 간담회 경비 지출,73000,7121245719ba1cf0fcb1dfb33b5b69168e6c544cc253001ce4a61a18271f37d3,sheet1:R54,,,
7121245719ba1cf0-sheet1-R55,2026-05-15,daegu-city,총무과,회신물회,직원 격려 간담회 경비 지출,242000,7121245719ba1cf0fcb1dfb33b5b69168e6c544cc253001ce4a61a18271f37d3,sheet1:R55,,,
7121245719ba1cf0-sheet1-R56,2026-05-18,daegu-city,총무과,조선숯불,직원 격려 간담회 경비 지출,378000,7121245719ba1cf0fcb1dfb33b5b69168e6c544cc253001ce4a61a18271f37d3,sheet1:R56,,,
7121245719ba1cf0-sheet1-R57,2026-05-18,daegu-city,총무과,에스파스,고액체납자 및 지방소득세 등 세정업무 추진 직원 격려 간식 구입비 지출,350000,7121245719ba1cf0fcb1dfb33b5b69168e6c544cc253001ce4a61a18271f37d3,sheet1:R57,,,
7121245719ba1cf0-sheet1-R58,2026-05-19,daegu-city,총무과,포도나무,직원 격려 간담회 경비 지출,125500,7121245719ba1cf0fcb1dfb33b5b69168e6c544cc253001ce4a61a18271f37d3,sheet1:R58,,,
7121245719ba1cf0-sheet1-R59,2026-05-19,daegu-city,총무과,신떡(경대북문점)외 1,사회적경제연대 현장 소통간담회 및 전통시장 활성화 추진 직원 격려 간식 구입비 지출,260000,7121245719ba1cf0fcb1dfb33b5b69168e6c544cc253001ce4a61a18271f37d3,sheet1:R59,,,
7121245719ba1cf0-sheet1-R60,2026-05-20,daegu-city,총무과,짬뽕신,직원 격려 간담회 경비 지출,244500,7121245719ba1cf0fcb1dfb33b5b69168e6c544cc253001ce4a61a18271f37d3,sheet1:R60,,,
7121245719ba1cf0-sheet1-R61,2026-05-20,daegu-city,총무과,도미노피자 산격점,공영주차장 5부제 및 대중교통 활성화 추진 직원 격려 간식 구입비 지출,318760,7121245719ba1cf0fcb1dfb33b5b69168e6c544cc253001ce4a61a18271f37d3,sheet1:R61,,,
7121245719ba1cf0-sheet1-R62,2026-05-20,daegu-city,총무과,도미노피자 대구대봉점,"어버이날 행사, 노인통합돌봄 복지서비스 등 추진 직원 격려 간식 구입비 지출",180000,7121245719ba1cf0fcb1dfb33b5b69168e6c544cc253001ce4a61a18271f37d3,sheet1:R62,,,
7121245719ba1cf0-sheet1-R63,2026-05-20,daegu-city,총무과,안동국시,직원 격려 간담회 경비 지출,55000,7121245719ba1cf0fcb1dfb33b5b69168e6c544cc253001ce4a61a18271f37d3,sheet1:R63,,,
7121245719ba1cf0-sheet1-R64,2026-05-21,daegu-city,총무과,리시트,개별공시지가 결정 및 전세사기 피해자 지원 추진 직원 격려 간식 구입비 지출,290000,7121245719ba1cf0fcb1dfb33b5b69168e6c544cc253001ce4a61a18271f37d3,sheet1:R64,,,
7121245719ba1cf0-sheet1-R65,2026-05-21,daegu-city,총무과,하나해물탕,직원 격려 간담회 경비 지출,49000,7121245719ba1cf0fcb1dfb33b5b69168e6c544cc253001ce4a61a18271f37d3,sheet1:R65,,,
7121245719ba1cf0-sheet1-R66,2026-05-21,daegu-city,총무과,개미수산,직원 격려 간담회 경비 지출,282000,7121245719ba1cf0fcb1dfb33b5b69168e6c544cc253001ce4a61a18271f37d3,sheet1:R66,,,
7121245719ba1cf0-sheet1-R67,2026-05-22,daegu-city,총무과,선한곰탕,직원 격려 간담회 경비 지출,210000,7121245719ba1cf0fcb1dfb33b5b69168e6c544cc253001ce4a61a18271f37d3,sheet1:R67,,,
7121245719ba1cf0-sheet1-R68,2026-05-22,daegu-city,총무과,도미노피자산격점,2026대구약령시한방문화축제 및 치의학연구원 유치 추진 직원 격려 간식 구입비 지출,187500,7121245719ba1cf0fcb1dfb33b5b69168e6c544cc253001ce4a61a18271f37d3,sheet1:R68,,,
7121245719ba1cf0-sheet1-R69,2026-05-22,daegu-city,총무과,백미별장,직원 격려 간담회 경비 지출,431000,7121245719ba1cf0fcb1dfb33b5b69168e6c544cc253001ce4a61a18271f37d3,sheet1:R69,,,
7121245719ba1cf0-sheet1-R70,2026-05-24,daegu-city,총무과,송해와오리백숙,직원 격려 간담회 경비 지출,140000,7121245719ba1cf0fcb1dfb33b5b69168e6c544cc253001ce4a61a18271f37d3,sheet1:R70,,,
7121245719ba1cf0-sheet1-R71,2026-05-26,daegu-city,총무과,(주)부산안면옥,직원 격려 간담회 경비 지출,87000,7121245719ba1cf0fcb1dfb33b5b69168e6c544cc253001ce4a61a18271f37d3,sheet1:R71,,,
7121245719ba1cf0-sheet1-R72,2026-05-27,daegu-city,총무과,황태골외 1,직원 격려 간담회 경비 지출,112000,7121245719ba1cf0fcb1dfb33b5b69168e6c544cc253001ce4a61a18271f37d3,sheet1:R72,,,
7121245719ba1cf0-sheet1-R73,2026-05-27,daegu-city,총무과,창미고깃집,직원 격려 간담회 경비 지출,480000,7121245719ba1cf0fcb1dfb33b5b69168e6c544cc253001ce4a61a18271f37d3,sheet1:R73,,,
7121245719ba1cf0-sheet1-R74,2026-05-28,daegu-city,총무과,남원골추어탕외 1,직원 격려 간담회 경비 지출,109500,7121245719ba1cf0fcb1dfb33b5b69168e6c544cc253001ce4a61a18271f37d3,sheet1:R74,,,
7121245719ba1cf0-sheet1-R75,2026-05-28,daegu-city,총무과,오렌지가족막창,직원 격려 간담회 경비 지출,331000,7121245719ba1cf0fcb1dfb33b5b69168e6c544cc253001ce4a61a18271f37d3,sheet1:R75,,,
7121245719ba1cf0-sheet1-R76,2026-05-29,daegu-city,총무과,오대양장어구이,직원 격려 간담회 경비 지출,250000,7121245719ba1cf0fcb1dfb33b5b69168e6c544cc253001ce4a61a18271f37d3,sheet1:R76,,,
7121245719ba1cf0-sheet1-R77,2026-06-01,daegu-city,총무과,비프다이닝 온도,직원 격려 간담회 경비 지출,155000,7121245719ba1cf0fcb1dfb33b5b69168e6c544cc253001ce4a61a18271f37d3,sheet1:R77,,,
7121245719ba1cf0-sheet1-R78,2026-06-01,daegu-city,총무과,이조참치,직원 격려 간담회 경비 지출,375000,7121245719ba1cf0fcb1dfb33b5b69168e6c544cc253001ce4a61a18271f37d3,sheet1:R78,,,
7121245719ba1cf0-sheet1-R79,2026-06-02,daegu-city,총무과,선한곰탕,직원 격려 간담회 경비 지출,145000,7121245719ba1cf0fcb1dfb33b5b69168e6c544cc253001ce4a61a18271f37d3,sheet1:R79,,,
7121245719ba1cf0-sheet1-R80,2026-06-02,daegu-city,총무과,일품돼지국밥 (고성점),직원 격려 간담회 경비 지출,18000,7121245719ba1cf0fcb1dfb33b5b69168e6c544cc253001ce4a61a18271f37d3,sheet1:R80,,,
7121245719ba1cf0-sheet1-R81,2026-06-04,daegu-city,총무과,유가정,직원 격려 간담회 경비 지출,60000,7121245719ba1cf0fcb1dfb33b5b69168e6c544cc253001ce4a61a18271f37d3,sheet1:R81,,,
7121245719ba1cf0-sheet1-R82,2026-06-05,daegu-city,총무과,최가네 아현식육식당외 1,직원 격려 간담회 경비 지출,326200,7121245719ba1cf0fcb1dfb33b5b69168e6c544cc253001ce4a61a18271f37d3,sheet1:R82,,,
7121245719ba1cf0-sheet1-R83,2026-06-05,daegu-city,총무과,정일품삼계탕,직원 격려 간담회 경비 지출,173000,7121245719ba1cf0fcb1dfb33b5b69168e6c544cc253001ce4a61a18271f37d3,sheet1:R83,,,
7121245719ba1cf0-sheet1-R84,2026-06-06,daegu-city,총무과,대덕식당,직원 격려 간담회 경비 지출,60000,7121245719ba1cf0fcb1dfb33b5b69168e6c544cc253001ce4a61a18271f37d3,sheet1:R84,,,
7121245719ba1cf0-sheet1-R85,2026-06-08,daegu-city,총무과,단골막창 고성점,직원 격려 간담회 경비 지출,123000,7121245719ba1cf0fcb1dfb33b5b69168e6c544cc253001ce4a61a18271f37d3,sheet1:R85,,,
7121245719ba1cf0-sheet1-R86,2026-06-08,daegu-city,총무과,온돌방,직원 격려 간담회 경비 지출,100000,7121245719ba1cf0fcb1dfb33b5b69168e6c544cc253001ce4a61a18271f37d3,sheet1:R86,,,
7121245719ba1cf0-sheet1-R87,2026-06-09,daegu-city,총무과,교동면옥동인점,직원 격려 간담회 경비 지출,140000,7121245719ba1cf0fcb1dfb33b5b69168e6c544cc253001ce4a61a18271f37d3,sheet1:R87,,,
7121245719ba1cf0-sheet1-R88,2026-06-10,daegu-city,총무과,바토플루이르 도원 수변외 2,직원 격려 간담회 경비 지출,273700,7121245719ba1cf0fcb1dfb33b5b69168e6c544cc253001ce4a61a18271f37d3,sheet1:R88,,,
7121245719ba1cf0-sheet1-R89,2026-06-11,daegu-city,총무과,송정식당외 1,직원 격려 간담회 경비 지출,166000,7121245719ba1cf0fcb1dfb33b5b69168e6c544cc253001ce4a61a18271f37d3,sheet1:R89,,,
7121245719ba1cf0-sheet1-R90,2026-06-11,daegu-city,총무과,짬뽕신,직원 격려 간담회 경비 지출,251000,7121245719ba1cf0fcb1dfb33b5b69168e6c544cc253001ce4a61a18271f37d3,sheet1:R90,,,
7121245719ba1cf0-sheet1-R91,2026-06-12,daegu-city,총무과,최가네아현외 1,직원 격려 간담회 경비 지출,370600,7121245719ba1cf0fcb1dfb33b5b69168e6c544cc253001ce4a61a18271f37d3,sheet1:R91,,,
7121245719ba1cf0-sheet1-R92,2026-06-12,daegu-city,총무과,피-맥스(P-MAX) 피자,직원 격려 간담회 경비 지출,84900,7121245719ba1cf0fcb1dfb33b5b69168e6c544cc253001ce4a61a18271f37d3,sheet1:R92,,,
7121245719ba1cf0-sheet1-R93,2026-06-15,daegu-city,총무과,울동보쌈,직원 격려 간담회 경비 지출,51600,7121245719ba1cf0fcb1dfb33b5b69168e6c544cc253001ce4a61a18271f37d3,sheet1:R93,,,
7121245719ba1cf0-sheet1-R94,2026-06-15,daegu-city,총무과,만재네고성점,직원 격려 간담회 경비 지출,82000,7121245719ba1cf0fcb1dfb33b5b69168e6c544cc253001ce4a61a18271f37d3,sheet1:R94,,,
7121245719ba1cf0-sheet1-R95,2026-06-17,daegu-city,총무과,삼송제시카즈베이커리,직원 격려 간식 구입비 지출,203000,7121245719ba1cf0fcb1dfb33b5b69168e6c544cc253001ce4a61a18271f37d3,sheet1:R95,,,
7121245719ba1cf0-sheet1-R96,2026-06-17,daegu-city,총무과,칠성동할매콩국수,직원 격려 간담회 경비 지출,156000,7121245719ba1cf0fcb1dfb33b5b69168e6c544cc253001ce4a61a18271f37d3,sheet1:R96,,,
7121245719ba1cf0-sheet1-R97,2026-06-17,daegu-city,총무과,회신물회,직원 격려 간담회 경비 지출,383000,7121245719ba1cf0fcb1dfb33b5b69168e6c544cc253001ce4a61a18271f37d3,sheet1:R97,,,
7121245719ba1cf0-sheet1-R98,2026-06-18,daegu-city,총무과,선한곰탕,직원 격려 간담회 경비 지출,105000,7121245719ba1cf0fcb1dfb33b5b69168e6c544cc253001ce4a61a18271f37d3,sheet1:R98,,,
7121245719ba1cf0-sheet1-R99,2026-06-18,daegu-city,총무과,이가회,직원 격려 간담회 경비 지출,480000,7121245719ba1cf0fcb1dfb33b5b69168e6c544cc253001ce4a61a18271f37d3,sheet1:R99,,,
7121245719ba1cf0-sheet1-R100,2026-06-19,daegu-city,총무과,온돌방,직원 격려 간담회 경비 지출,65000,7121245719ba1cf0fcb1dfb33b5b69168e6c544cc253001ce4a61a18271f37d3,sheet1:R100,,,
7121245719ba1cf0-sheet1-R101,2026-06-19,daegu-city,총무과,남다른감자탕 침산점,직원 격려 간담회 경비 지출,52000,7121245719ba1cf0fcb1dfb33b5b69168e6c544cc253001ce4a61a18271f37d3,sheet1:R101,,,
7121245719ba1cf0-sheet1-R102,2026-06-23,daegu-city,총무과,감포생밀복,직원 격려 간담회 경비 지출,130000,7121245719ba1cf0fcb1dfb33b5b69168e6c544cc253001ce4a61a18271f37d3,sheet1:R102,,,
7121245719ba1cf0-sheet1-R103,2026-06-24,daegu-city,총무과,남강회초밥,직원 격려 간담회 경비 지출,341000,7121245719ba1cf0fcb1dfb33b5b69168e6c544cc253001ce4a61a18271f37d3,sheet1:R103,,,
7121245719ba1cf0-sheet1-R104,2026-06-24,daegu-city,총무과,최가네아현외 1,직원 격려 간담회 경비 지출,409400,7121245719ba1cf0fcb1dfb33b5b69168e6c544cc253001ce4a61a18271f37d3,sheet1:R104,,,
7121245719ba1cf0-sheet1-R105,2026-06-25,daegu-city,총무과,제주은희네해장국외 1,직원 격려 간담회 경비 지출,237000,7121245719ba1cf0fcb1dfb33b5b69168e6c544cc253001ce4a61a18271f37d3,sheet1:R105,,,
7121245719ba1cf0-sheet1-R106,2026-06-25,daegu-city,총무과,샤브20수성못점,직원 격려 간담회 경비 지출,144500,7121245719ba1cf0fcb1dfb33b5b69168e6c544cc253001ce4a61a18271f37d3,sheet1:R106,,,
7121245719ba1cf0-sheet1-R107,2026-06-25,daegu-city,총무과,리프버거,대구국제뮤지컬페스티벌 등 대구대표축제 추진 직원 격려 간식 구입비 지출,157800,7121245719ba1cf0fcb1dfb33b5b69168e6c544cc253001ce4a61a18271f37d3,sheet1:R107,,,
7121245719ba1cf0-sheet1-R108,2026-06-25,daegu-city,총무과,이루팜,여름철 풍수해 대비 등 자연재난 예방 추진 직원 격려 간식 구입비 지출,180000,7121245719ba1cf0fcb1dfb33b5b69168e6c544cc253001ce4a61a18271f37d3,sheet1:R108,,,
7121245719ba1cf0-sheet1-R109,2026-06-26,daegu-city,총무과,맥도날드동성로2호점,감영병 예방 및 계절별 비상방역체계 운영 추진 직원 격려 간식 구입비 지출,359400,7121245719ba1cf0fcb1dfb33b5b69168e6c544cc253001ce4a61a18271f37d3,sheet1:R109,,,
7121245719ba1cf0-sheet1-R110,2026-06-26,daegu-city,총무과,도미노피자산격점외 1,시내·여객·전세버스 등 지도·점검 추진 직원 격려 간식 구입비 지출,229800,7121245719ba1cf0fcb1dfb33b5b69168e6c544cc253001ce4a61a18271f37d3,sheet1:R110,,,
7121245719ba1cf0-sheet1-R111,2026-06-29,daegu-city,총무과,도미노피자산격점,택시·화물·여객자동차 등 지도·점검 추진 직원 격려 간식 구입비 지출,211170,7121245719ba1cf0fcb1dfb33b5b69168e6c544cc253001ce4a61a18271f37d3,sheet1:R111,,,
7121245719ba1cf0-sheet1-R112,2026-06-29,daegu-city,총무과,이조참치,직원 격려 간담회 경비 지출,346000,7121245719ba1cf0fcb1dfb33b5b69168e6c544cc253001ce4a61a18271f37d3,sheet1:R112,,,
7121245719ba1cf0-sheet1-R113,2026-06-30,daegu-city,총무과,플로아프룻,호국보훈의 달 행사 추진 직원 격려 간식 구입비 지출,310000,7121245719ba1cf0fcb1dfb33b5b69168e6c544cc253001ce4a61a18271f37d3,sheet1:R113,,,
7121245719ba1cf0-sheet1-R114,2026-06-30,daegu-city,총무과,선한곰탕,직원 격려 간담회 경비 지출,93000,7121245719ba1cf0fcb1dfb33b5b69168e6c544cc253001ce4a61a18271f37d3,sheet1:R114,,,
dc339012d8296dbe-sheet1-R6,2026-06-19,daegu-city,이전보상과,맘스터치,이전보상 관련 간담회에 따른 경비 지출,110900,dc339012d8296dbe924110ca30227ffe84c0093984e639b40e7d1d2e8cb0e2ac,sheet1:R6,,,
dc339012d8296dbe-sheet1-R7,2026-02-10,daegu-city,이전보상과,유림식당,이전보상 관련 간담회에 따른 경비 지출,83000,dc339012d8296dbe924110ca30227ffe84c0093984e639b40e7d1d2e8cb0e2ac,sheet1:R7,,,
dc339012d8296dbe-sheet1-R8,2026-01-27,daegu-city,이전보상과,강남추어탕,이전보상 관련 간담회에 따른 경비 지출,71000,dc339012d8296dbe924110ca30227ffe84c0093984e639b40e7d1d2e8cb0e2ac,sheet1:R8,,,
dc339012d8296dbe-sheet1-R9,2026-01-27,daegu-city,이전보상과,이디야 커피,이전보상 관련 간담회에 따른 경비 지출,18800,dc339012d8296dbe924110ca30227ffe84c0093984e639b40e7d1d2e8cb0e2ac,sheet1:R9,,,
dc339012d8296dbe-sheet1-R10,2026-01-27,daegu-city,이전보상과,지에스25(의성),이전보상 관련 간담회에 따른 경비 지출,20000,dc339012d8296dbe924110ca30227ffe84c0093984e639b40e7d1d2e8cb0e2ac,sheet1:R10,,,
dc339012d8296dbe-sheet1-R11,2026-01-20,daegu-city,이전보상과,구니커피,이전보상 관련 간담회에 따른 경비 지출,33500,dc339012d8296dbe924110ca30227ffe84c0093984e639b40e7d1d2e8cb0e2ac,sheet1:R11,,,
dc339012d8296dbe-sheet1-R12,2026-01-20,daegu-city,이전보상과,새아침해장국,이전보상 관련 간담회에 따른 경비 지출,96000,dc339012d8296dbe924110ca30227ffe84c0093984e639b40e7d1d2e8cb0e2ac,sheet1:R12,,,
5cea066573c0e852-sheet1-R4,2026-04-10,daegu-city,건강증진과,복터진집,현안업무 추진 관련 업무협의 간담회 경비 지출,89400,5cea066573c0e85207c2a42b2dfeaea6e82adfdec679d50e9837db2fa4ef1728,sheet1:R4,,,
5cea066573c0e852-sheet1-R5,2026-04-10,daegu-city,건강증진과,브레드 그로브(bread grove) 외 1,AI기반 어르신 건강관리사업 추진관련 업무협의 간담회 경비 지출,85000,5cea066573c0e85207c2a42b2dfeaea6e82adfdec679d50e9837db2fa4ef1728,sheet1:R5,,,
5cea066573c0e852-sheet1-R6,2026-04-16,daegu-city,건강증진과,자갈치회타운,현안업무 추진 관련 업무협의 간담회 경비 지출,73000,5cea066573c0e85207c2a42b2dfeaea6e82adfdec679d50e9837db2fa4ef1728,sheet1:R6,,,
5cea066573c0e852-sheet1-R7,2026-04-16,daegu-city,건강증진과,더부자백숙 외 1,2026년 대구시-대구경북간호학교수협의회 간담회 경비 지출,218000,5cea066573c0e85207c2a42b2dfeaea6e82adfdec679d50e9837db2fa4ef1728,sheet1:R7,,,
5cea066573c0e852-sheet1-R8,2026-05-04,daegu-city,건강증진과,동대구역황남빵,중앙부처 방문을 위한 다과비 지출,144000,5cea066573c0e85207c2a42b2dfeaea6e82adfdec679d50e9837db2fa4ef1728,sheet1:R8,,,
5cea066573c0e852-sheet1-R9,2026-05-04,daegu-city,건강증진과,방어진 참가자미,대구시-대구경찰청 정신건강 및 자살예방업무 추진 간담회 개최 및 경비 지출,176000,5cea066573c0e85207c2a42b2dfeaea6e82adfdec679d50e9837db2fa4ef1728,sheet1:R9,,,
5cea066573c0e852-sheet1-R10,2026-06-09,daegu-city,건강증진과,더부자백숙 외 1,2026년 대구시-대구시간호사회 간담회 경비 지출,108000,5cea066573c0e85207c2a42b2dfeaea6e82adfdec679d50e9837db2fa4ef1728,sheet1:R10,,,
5cea066573c0e852-sheet1-R11,2026-06-01,daegu-city,건강증진과,은행나무,정신재활시설 운영 추진관련 업무협의 간담회 경비지출,48000,5cea066573c0e85207c2a42b2dfeaea6e82adfdec679d50e9837db2fa4ef1728,sheet1:R11,,,
5cea066573c0e852-sheet1-R12,2026-06-09,daegu-city,건강증진과,고도.정,현안업무 추진 관련 업무협의 간담회 경비 지출,29500,5cea066573c0e85207c2a42b2dfeaea6e82adfdec679d50e9837db2fa4ef1728,sheet1:R12,,,
5cea066573c0e852-sheet1-R13,2026-06-12,daegu-city,건강증진과,인투,현안업무 추진 관련 간담회 경비 지출,57000,5cea066573c0e85207c2a42b2dfeaea6e82adfdec679d50e9837db2fa4ef1728,sheet1:R13,,,
5cea066573c0e852-sheet1-R14,2026-06-30,daegu-city,건강증진과,냉면장수,현안업무 추진 관련 간담회 경비 지출,118000,5cea066573c0e85207c2a42b2dfeaea6e82adfdec679d50e9837db2fa4ef1728,sheet1:R14,,,
5cea066573c0e852-sheet1-R15,2026-06-30,daegu-city,건강증진과,스타벅스 대구228중앙공원점,제39회 세계 금연의 날 기념식 개최에 따른 경비 지출,72600,5cea066573c0e85207c2a42b2dfeaea6e82adfdec679d50e9837db2fa4ef1728,sheet1:R15,,,
a9271857f9a04132-sheet1-R6,2026-04-01,daegu-city,회계과,대백마트 산격점외 6,2025회계연도 결산검사장 운영 다과비 지출,588600,a9271857f9a04132c9065feb1cd8fb34b2e5d4f66cef0d025857624d8465e9b4,sheet1:R6,,,
a9271857f9a04132-sheet1-R7,2026-04-14,daegu-city,회계과,고바슨아레나점외 1,회계업무 추진을 위한 간담회 경비 지출,92300,a9271857f9a04132c9065feb1cd8fb34b2e5d4f66cef0d025857624d8465e9b4,sheet1:R7,,,
a9271857f9a04132-sheet1-R8,2026-04-17,daegu-city,회계과,마이온룸,2026년 제3회 계약심의위원회 개최에 따른 다과 구입비 지출,89400,a9271857f9a04132c9065feb1cd8fb34b2e5d4f66cef0d025857624d8465e9b4,sheet1:R8,,,
a9271857f9a04132-sheet1-R9,2026-05-07,daegu-city,회계과,투썸플레이스대구삼덕점외 1,회계업무 추진을 위한 간담회 경비 지출,101600,a9271857f9a04132c9065feb1cd8fb34b2e5d4f66cef0d025857624d8465e9b4,sheet1:R9,,,
a9271857f9a04132-sheet1-R10,2026-05-12,daegu-city,회계과,낭만놀이,공유재산 관리 업무협의를 위한 간담회 경비 지출,68000,a9271857f9a04132c9065feb1cd8fb34b2e5d4f66cef0d025857624d8465e9b4,sheet1:R10,,,
a9271857f9a04132-sheet1-R11,2026-05-28,daegu-city,회계과,담소족발,신기술 등록 및 활용 관련 자문을 위한 간담회 경비 지출,200000,a9271857f9a04132c9065feb1cd8fb34b2e5d4f66cef0d025857624d8465e9b4,sheet1:R11,,,
a9271857f9a04132-sheet1-R12,2026-06-30,daegu-city,회계과,핸즈커피성북교점외 1,공유재산 매각 관련 업무협의 간담회,72800,a9271857f9a04132c9065feb1cd8fb34b2e5d4f66cef0d025857624d8465e9b4,sheet1:R12,,,
d3d95842ed7d38d4-sheet1-R5,2026-04-07,daegu-city,군부대이전정책과,교동부케,주요 현안 시책사업 홍보를 위한 간담회 개최경비 지출(4.7.),84000,d3d95842ed7d38d41f1142d270e2a17b1db0bb63ff876f79423eabb4efaff749,sheet1:R5,,,
d3d95842ed7d38d4-sheet1-R6,2026-04-09,daegu-city,군부대이전정책과,본가장수촌,군부대 이전업무 논의를 위한 간담회 개최경비 지출(4.9.),94000,d3d95842ed7d38d41f1142d270e2a17b1db0bb63ff876f79423eabb4efaff749,sheet1:R6,,,
d3d95842ed7d38d4-sheet1-R7,2026-04-10,daegu-city,군부대이전정책과,국화정원,주요 현안 시책사업 홍보를 위한 간담회 개최경비 지출(4.10.),105000,d3d95842ed7d38d41f1142d270e2a17b1db0bb63ff876f79423eabb4efaff749,sheet1:R7,,,
d3d95842ed7d38d4-sheet1-R8,2026-04-14,daegu-city,군부대이전정책과,8번식당,주요 현안 시책사업 홍보를 위한 간담회 개최경비 지출(4.14.),150000,d3d95842ed7d38d41f1142d270e2a17b1db0bb63ff876f79423eabb4efaff749,sheet1:R8,,,
d3d95842ed7d38d4-sheet1-R9,2026-04-16,daegu-city,군부대이전정책과,경신담,군부대 이전업무 논의를 위한 간담회 개최경비 지출(4.16.),144000,d3d95842ed7d38d41f1142d270e2a17b1db0bb63ff876f79423eabb4efaff749,sheet1:R9,,,
d3d95842ed7d38d4-sheet1-R10,2026-04-16,daegu-city,군부대이전정책과,도휴,군부대 이전업무 논의를 위한 간담회 개최경비 지출(4.16.),116000,d3d95842ed7d38d41f1142d270e2a17b1db0bb63ff876f79423eabb4efaff749,sheet1:R10,,,
d3d95842ed7d38d4-sheet1-R11,2026-04-22,daegu-city,군부대이전정책과,순남시래기,주요 현안 시책사업 홍보를 위한 간담회 개최경비 지출(4.22.),26000,d3d95842ed7d38d41f1142d270e2a17b1db0bb63ff876f79423eabb4efaff749,sheet1:R11,,,
d3d95842ed7d38d4-sheet1-R12,2026-04-23,daegu-city,군부대이전정책과,목계화원,군부대 이전업무 논의를 위한 간담회 개최경비 지출(4.23.),156000,d3d95842ed7d38d41f1142d270e2a17b1db0bb63ff876f79423eabb4efaff749,sheet1:R12,,,
d3d95842ed7d38d4-sheet1-R13,2026-04-27,daegu-city,군부대이전정책과,향나루자연오리농원식당,주요 현안 시책사업 홍보를 위한 간담회 개최경비 지출(4.27.),136000,d3d95842ed7d38d41f1142d270e2a17b1db0bb63ff876f79423eabb4efaff749,sheet1:R13,,,
d3d95842ed7d38d4-sheet1-R14,2026-04-30,daegu-city,군부대이전정책과,백궁회활어전문점,군부대 이전업무 논의를 위한 간담회 개최경비 지출(4.30.),269000,d3d95842ed7d38d41f1142d270e2a17b1db0bb63ff876f79423eabb4efaff749,sheet1:R14,,,
d3d95842ed7d38d4-sheet1-R15,2026-04-30,daegu-city,군부대이전정책과,투썸플레이스,주요 현안 시책사업 홍보를 위한 간담회 개최경비 지출(4.30.),16700,d3d95842ed7d38d41f1142d270e2a17b1db0bb63ff876f79423eabb4efaff749,sheet1:R15,,,
d3d95842ed7d38d4-sheet2-R5,2026-05-14,daegu-city,군부대이전정책과,혼키스시,주요 현안 시책사업 홍보를 위한 간담회 개최경비 지출(5.14.),95000,d3d95842ed7d38d41f1142d270e2a17b1db0bb63ff876f79423eabb4efaff749,sheet2:R5,,,
d3d95842ed7d38d4-sheet2-R6,2026-05-18,daegu-city,군부대이전정책과,스무고개,주요 현안 시책사업 홍보를 위한 간담회 개최경비 지출(5.18.),30000,d3d95842ed7d38d41f1142d270e2a17b1db0bb63ff876f79423eabb4efaff749,sheet2:R6,,,
d3d95842ed7d38d4-sheet2-R7,2026-05-21,daegu-city,군부대이전정책과,장원,군부대 이전업무 협의를 위한 간담회 개최경비 지출(5.21.),150000,d3d95842ed7d38d41f1142d270e2a17b1db0bb63ff876f79423eabb4efaff749,sheet2:R7,,,
d3d95842ed7d38d4-sheet2-R8,2026-05-21,daegu-city,군부대이전정책과,스타벅스,군부대 이전업무 논의를 위한 간담회 개최경비 지출(5.21.),60000,d3d95842ed7d38d41f1142d270e2a17b1db0bb63ff876f79423eabb4efaff749,sheet2:R8,,,
d3d95842ed7d38d4-sheet2-R9,2026-05-27,daegu-city,군부대이전정책과,녹양구이,군부대 이전업무 논의를 위한 간담회 개최경비 지출(5.27.),150000,d3d95842ed7d38d41f1142d270e2a17b1db0bb63ff876f79423eabb4efaff749,sheet2:R9,,,
d3d95842ed7d38d4-sheet2-R10,2026-05-28,daegu-city,군부대이전정책과,청림향한정식,군부대 이전업무 논의를 위한 간담회 개최경비 지출(5.28.),75000,d3d95842ed7d38d41f1142d270e2a17b1db0bb63ff876f79423eabb4efaff749,sheet2:R10,,,
d3d95842ed7d38d4-sheet2-R11,2026-05-28,daegu-city,군부대이전정책과,소담서울,군부대 이전업무 협의를 위한 간담회 개최경비 지출(5.28.),200000,d3d95842ed7d38d41f1142d270e2a17b1db0bb63ff876f79423eabb4efaff749,sheet2:R11,,,
d3d95842ed7d38d4-sheet3-R5,2026-06-05,daegu-city,군부대이전정책과,칠성할매콩국수,군부대 이전업무 협의를 위한 간담회 개최경비 지출(6.5.),165000,d3d95842ed7d38d41f1142d270e2a17b1db0bb63ff876f79423eabb4efaff749,sheet3:R5,,,
d3d95842ed7d38d4-sheet3-R6,2026-06-12,daegu-city,군부대이전정책과,걸리버,군부대 이전업무 논의를 위한 간담회 개최경비 지출(6.12.),191000,d3d95842ed7d38d41f1142d270e2a17b1db0bb63ff876f79423eabb4efaff749,sheet3:R6,,,
d3d95842ed7d38d4-sheet3-R7,2026-06-16,daegu-city,군부대이전정책과,경신담,군부대 이전업무 논의를 위한 간담회 개최경비 지출(6.16.),26000,d3d95842ed7d38d41f1142d270e2a17b1db0bb63ff876f79423eabb4efaff749,sheet3:R7,,,
d3d95842ed7d38d4-sheet3-R8,2026-06-18,daegu-city,군부대이전정책과,와우정,군부대 이전업무 논의를 위한 간담회 개최경비 지출(6.17.),180500,d3d95842ed7d38d41f1142d270e2a17b1db0bb63ff876f79423eabb4efaff749,sheet3:R8,,,
d3d95842ed7d38d4-sheet3-R9,2026-06-19,daegu-city,군부대이전정책과,이얼즈,주요 현안 시책사업 홍보를 위한 간담회 개최경비 지출(6.19.),16500,d3d95842ed7d38d41f1142d270e2a17b1db0bb63ff876f79423eabb4efaff749,sheet3:R9,,,
d3d95842ed7d38d4-sheet4-R5,2026-04-30,daegu-city,군부대이전정책과,방천소갈비,직원 격려를 위한 간담회 경비 지출(4.30.),144000,d3d95842ed7d38d41f1142d270e2a17b1db0bb63ff876f79423eabb4efaff749,sheet4:R5,,,
d3d95842ed7d38d4-sheet4-R6,2026-05-04,daegu-city,군부대이전정책과,투썸플레이스,직원 격려를 위한 간담회 경비 지출(5.4.),60000,d3d95842ed7d38d41f1142d270e2a17b1db0bb63ff876f79423eabb4efaff749,sheet4:R6,,,
d3d95842ed7d38d4-sheet4-R7,2026-05-22,daegu-city,군부대이전정책과,곤지곤지,직원 격려를 위한 간담회 경비 지출(5.22.),36000,d3d95842ed7d38d41f1142d270e2a17b1db0bb63ff876f79423eabb4efaff749,sheet4:R7,,,
d3d95842ed7d38d4-sheet4-R8,2026-05-29,daegu-city,군부대이전정책과,방천소갈비,직원 격려를 위한 간담회 경비 지출(5.29.),149000,d3d95842ed7d38d41f1142d270e2a17b1db0bb63ff876f79423eabb4efaff749,sheet4:R8,,,
d3d95842ed7d38d4-sheet4-R9,2026-06-15,daegu-city,군부대이전정책과,방천소갈비,직원 격려를 위한 간담회 경비 지출(6.15.),149000,d3d95842ed7d38d41f1142d270e2a17b1db0bb63ff876f79423eabb4efaff749,sheet4:R9,,,
d3d95842ed7d38d4-sheet4-R10,2026-06-18,daegu-city,군부대이전정책과,카페구캔,직원 격려를 위한 간담회 경비 지출(6.18.),8600,d3d95842ed7d38d41f1142d270e2a17b1db0bb63ff876f79423eabb4efaff749,sheet4:R10,,,
d3d95842ed7d38d4-sheet4-R11,2026-06-23,daegu-city,군부대이전정책과,본가장수촌,직원 격려를 위한 간담회 경비 지출(6.23.),94000,d3d95842ed7d38d41f1142d270e2a17b1db0bb63ff876f79423eabb4efaff749,sheet4:R11,,,
d3d95842ed7d38d4-sheet4-R12,2026-06-25,daegu-city,군부대이전정책과,고기9단,직원 격려를 위한 간담회 경비 지출(6.25.),80000,d3d95842ed7d38d41f1142d270e2a17b1db0bb63ff876f79423eabb4efaff749,sheet4:R12,,,
1400ef73a32f826a-sheet1-R10,2026-04-03,daegu-city,관리과,련 칠곡3지구본점,2026년 찾아가는 현장상담 「마음충전소」 행사 관련 간담회 경비 지출(종합복지회관),232200,1400ef73a32f826af73a6acf40d3d89635958f5ff8b91c11d73a82867a3e68e4,sheet1:R10,,,
1400ef73a32f826a-sheet1-R11,2026-04-14,daegu-city,관리과,송정초밥,도시관리본부 시책 업무 협의 간담회 경비 지출,223000,1400ef73a32f826af73a6acf40d3d89635958f5ff8b91c11d73a82867a3e68e4,sheet1:R11,,,
1400ef73a32f826a-sheet1-R12,2026-04-21,daegu-city,관리과,개인(성명 비공개),경조사비 지출,50000,1400ef73a32f826af73a6acf40d3d89635958f5ff8b91c11d73a82867a3e68e4,sheet1:R12,,,
1400ef73a32f826a-sheet1-R13,2026-04-22,daegu-city,관리과,부용정 굴비정식,도시관리본부 시책 업무 협의 간담회 경비 지출,210000,1400ef73a32f826af73a6acf40d3d89635958f5ff8b91c11d73a82867a3e68e4,sheet1:R13,,,
1400ef73a32f826a-sheet1-R14,2026-04-23,daegu-city,관리과,개인(성명 비공개),경조사비 지출,50000,1400ef73a32f826af73a6acf40d3d89635958f5ff8b91c11d73a82867a3e68e4,sheet1:R14,,,
1400ef73a32f826a-sheet1-R15,2026-04-24,daegu-city,관리과,혜화담 외 1,대구정책연구원 연구 용역 관련 간담회 경비 지출(종합복지회관관리사무소),254200,1400ef73a32f826af73a6acf40d3d89635958f5ff8b91c11d73a82867a3e68e4,sheet1:R15,,,
1400ef73a32f826a-sheet1-R16,2026-04-29,daegu-city,관리과,거북쌈밥,도시관리본부 직원 격려 간담회 개최,166000,1400ef73a32f826af73a6acf40d3d89635958f5ff8b91c11d73a82867a3e68e4,sheet1:R16,,,
1400ef73a32f826a-sheet1-R17,2026-04-30,daegu-city,관리과,카페디치엘로외 1,도시관리본부 시책 업무 협의 간담회 경비 지출,141000,1400ef73a32f826af73a6acf40d3d89635958f5ff8b91c11d73a82867a3e68e4,sheet1:R17,,,
1400ef73a32f826a-sheet1-R18,2026-05-19,daegu-city,관리과,기찬낙지,도시관리본부 시책 업무 협의 간담회 경비 지출,72000,1400ef73a32f826af73a6acf40d3d89635958f5ff8b91c11d73a82867a3e68e4,sheet1:R18,,,
1400ef73a32f826a-sheet1-R19,2026-05-20,daegu-city,관리과,까꾸리웰빙손칼국수,도시관리본부 시책 업무 협의 간담회 경비 지출,220000,1400ef73a32f826af73a6acf40d3d89635958f5ff8b91c11d73a82867a3e68e4,sheet1:R19,,,
1400ef73a32f826a-sheet1-R20,2026-05-21,daegu-city,관리과,핸즈커피 앞산점외 1,도시관리본부 직원 격려 간담회 개최,124100,1400ef73a32f826af73a6acf40d3d89635958f5ff8b91c11d73a82867a3e68e4,sheet1:R20,,,
1400ef73a32f826a-sheet1-R21,2026-05-26,daegu-city,관리과,신영웅청국장해물뚝배기 성서모다아울렛점,도시관리본부 직원 격려 간담회 개최,231000,1400ef73a32f826af73a6acf40d3d89635958f5ff8b91c11d73a82867a3e68e4,sheet1:R21,,,
1400ef73a32f826a-sheet1-R22,2026-05-26,daegu-city,관리과,개인(성명 비공개),경조사비 지출,50000,1400ef73a32f826af73a6acf40d3d89635958f5ff8b91c11d73a82867a3e68e4,sheet1:R22,,,
1400ef73a32f826a-sheet1-R23,2026-05-27,daegu-city,관리과,상해루 외 1,도시관리본부 시책 업무 협의 간담회 경비 지출,119200,1400ef73a32f826af73a6acf40d3d89635958f5ff8b91c11d73a82867a3e68e4,sheet1:R23,,,
1400ef73a32f826a-sheet1-R24,2026-05-28,daegu-city,관리과,투썸플레이스대구앞산점외 1,도시관리본부 직원 격려 간담회 개최,145000,1400ef73a32f826af73a6acf40d3d89635958f5ff8b91c11d73a82867a3e68e4,sheet1:R24,,,
1400ef73a32f826a-sheet1-R25,2026-06-02,daegu-city,관리과,송정초밥,도시관리본부 시책 업무 협의 간담회 경비 지출,180000,1400ef73a32f826af73a6acf40d3d89635958f5ff8b91c11d73a82867a3e68e4,sheet1:R25,,,
1400ef73a32f826a-sheet1-R26,2026-06-08,daegu-city,관리과,개인(성명 비공개),경조사비 지출,50000,1400ef73a32f826af73a6acf40d3d89635958f5ff8b91c11d73a82867a3e68e4,sheet1:R26,,,
1400ef73a32f826a-sheet1-R27,2026-06-11,daegu-city,관리과,이디야커피대구시청점외 1,도시관리본부 직원 격려 간담회 개최,176700,1400ef73a32f826af73a6acf40d3d89635958f5ff8b91c11d73a82867a3e68e4,sheet1:R27,,,
1400ef73a32f826a-sheet1-R28,2026-06-12,daegu-city,관리과,지즈(geez)외 1,도시관리본부 시책 업무 협의 간담회 경비 지출,115400,1400ef73a32f826af73a6acf40d3d89635958f5ff8b91c11d73a82867a3e68e4,sheet1:R28,,,
1400ef73a32f826a-sheet1-R29,2026-06-16,daegu-city,관리과,핸즈커피성북교점외 1,도시관리본부 직원 격려 간담회 개최,129400,1400ef73a32f826af73a6acf40d3d89635958f5ff8b91c11d73a82867a3e68e4,sheet1:R29,,,
1400ef73a32f826a-sheet1-R30,2026-06-17,daegu-city,관리과,늘푸른솔밭길(봉산본점),도시관리본부 시책 업무 협의 간담회 경비 지출,224500,1400ef73a32f826af73a6acf40d3d89635958f5ff8b91c11d73a82867a3e68e4,sheet1:R30,,,
1400ef73a32f826a-sheet1-R31,2026-06-23,daegu-city,관리과,싱싱해싱싱어수성본점,도시관리본부 시책 업무 협의 간담회 경비 지출,163000,1400ef73a32f826af73a6acf40d3d89635958f5ff8b91c11d73a82867a3e68e4,sheet1:R31,,,
1400ef73a32f826a-sheet1-R32,2026-06-24,daegu-city,관리과,(주)오베이스외 1,도시관리본부 직원 격려 간담회 개최,35600,1400ef73a32f826af73a6acf40d3d89635958f5ff8b91c11d73a82867a3e68e4,sheet1:R32,,,
dde64553cf72c15e-sheet1-R4,2026-04-13,daegu-city,운영지원과,대구119특수대응단,기관운영업무추진비,50000,dde64553cf72c15e5ba97b36e2db43a4390bdaf8289ba224470015030e5ea284,sheet1:R4,,,
dde64553cf72c15e-sheet1-R5,2026-04-07,daegu-city,운영지원과,산골기사식당,기관운영업무추진비(직원격려 간담회),80000,dde64553cf72c15e5ba97b36e2db43a4390bdaf8289ba224470015030e5ea284,sheet1:R5,,,
dde64553cf72c15e-sheet1-R6,2026-04-09,daegu-city,운영지원과,부산복해물칼국수,기관운영업무추진비(직원격려 간담회),100000,dde64553cf72c15e5ba97b36e2db43a4390bdaf8289ba224470015030e5ea284,sheet1:R6,,,
dde64553cf72c15e-sheet1-R7,2026-04-10,daegu-city,운영지원과,스시센슈,기관운영업무추진비(현장활동 직원격려 간담회),136000,dde64553cf72c15e5ba97b36e2db43a4390bdaf8289ba224470015030e5ea284,sheet1:R7,,,
dde64553cf72c15e-sheet1-R8,2026-04-17,daegu-city,운영지원과,불로수산,기관운영업무추진비(장비점검 수검 직원 격려 간담회),96000,dde64553cf72c15e5ba97b36e2db43a4390bdaf8289ba224470015030e5ea284,sheet1:R8,,,
dde64553cf72c15e-sheet1-R9,2026-04-23,daegu-city,운영지원과,보금신토불이,기관운영업무추진비(소통·화합 간담회),196000,dde64553cf72c15e5ba97b36e2db43a4390bdaf8289ba224470015030e5ea284,sheet1:R9,,,
dde64553cf72c15e-sheet1-R10,2026-06-05,daegu-city,운영지원과,불로식자재전문할인매장,기관운영업무추진비(내방객 응대 물품),131940,dde64553cf72c15e5ba97b36e2db43a4390bdaf8289ba224470015030e5ea284,sheet1:R10,,,
dde64553cf72c15e-sheet1-R11,2026-06-19,daegu-city,운영지원과,회랑물회랑,기관운영업무추진비(특구대 운영 활성화를 위한 격려 간담회),105000,dde64553cf72c15e5ba97b36e2db43a4390bdaf8289ba224470015030e5ea284,sheet1:R11,,,
dde64553cf72c15e-sheet1-R12,2026-06-23,daegu-city,운영지원과,메가엠지씨커피 대구이시아폴리스점,기관운영업무추진비(현장활동 직원 격려 물품),71200,dde64553cf72c15e5ba97b36e2db43a4390bdaf8289ba224470015030e5ea284,sheet1:R12,,,
dde64553cf72c15e-sheet1-R13,2026-06-29,daegu-city,운영지원과,바르미스시 앤 그릴뷔페,기관운영업무추진비(현안업무 논의 간담회),250000,dde64553cf72c15e5ba97b36e2db43a4390bdaf8289ba224470015030e5ea284,sheet1:R13,,,
dde64553cf72c15e-sheet1-R14,2026-06-25,daegu-city,운영지원과,메가엠지씨커피 대구이시아폴리스점,기관운영업무추진비(현장활동 직원 격려 물품),76400,dde64553cf72c15e5ba97b36e2db43a4390bdaf8289ba224470015030e5ea284,sheet1:R14,,,
dde64553cf72c15e-sheet2-R4,2026-05-07,daegu-city,운영지원과,스시센슈,시책업무추진비 지출(군부대 개방행사 관련 간담회),102000,dde64553cf72c15e5ba97b36e2db43a4390bdaf8289ba224470015030e5ea284,sheet2:R4,,,
dde64553cf72c15e-sheet2-R5,2026-06-30,daegu-city,운영지원과,금손정,시책업무추진비 지출(507항공대대 간담회),95000,dde64553cf72c15e5ba97b36e2db43a4390bdaf8289ba224470015030e5ea284,sheet2:R5,,,
8c956d06cd4fe8c6-sheet1-R4,2026-04-15,daegu-city,소방행정과,서부실,(시책)협력단체와 소방행정업무 추진 간담회 경비 지출,300000,8c956d06cd4fe8c6249ca6e5c09076dedf2254032c11bf16a32f2449e5a0b2b4,sheet1:R4,,,
8c956d06cd4fe8c6-sheet1-R5,2026-04-21,daegu-city,소방행정과,약선흑염소,(시책)협력단체와 소방행정업무 추진 간담회 경비 지출,65000,8c956d06cd4fe8c6249ca6e5c09076dedf2254032c11bf16a32f2449e5a0b2b4,sheet1:R5,,,
8c956d06cd4fe8c6-sheet1-R6,2026-04-22,daegu-city,소방행정과,정강희두부마을,(시책)의용소방대 소방기술경연대회 관련 간담회 비용지출,221000,8c956d06cd4fe8c6249ca6e5c09076dedf2254032c11bf16a32f2449e5a0b2b4,sheet1:R6,,,
8c956d06cd4fe8c6-sheet1-R7,2026-06-10,daegu-city,소방행정과,다랭이마을밥상,(시책)협력단체 화재예방 시책업무 추진 간담회 경비 지출,59600,8c956d06cd4fe8c6249ca6e5c09076dedf2254032c11bf16a32f2449e5a0b2b4,sheet1:R7,,,
8c956d06cd4fe8c6-sheet1-R8,2026-06-23,daegu-city,소방행정과,이우철삼계탕 서재점,(시책)소방·경찰 긴급신고 공동대응 실무협의 개최 간담회 경비 지출,108000,8c956d06cd4fe8c6249ca6e5c09076dedf2254032c11bf16a32f2449e5a0b2b4,sheet1:R8,,,
8c956d06cd4fe8c6-sheet1-R9,2026-06-24,daegu-city,소방행정과,어화도 대구다사점,(시책)119소방정책 컨퍼런스 관련 간담회 경비지출,156000,8c956d06cd4fe8c6249ca6e5c09076dedf2254032c11bf16a32f2449e5a0b2b4,sheet1:R9,,,
8c956d06cd4fe8c6-sheet1-R10,2026-06-30,daegu-city,소방행정과,어화도 대구다사점,(시책)협력단체와 소방행정업무 추진 간담회 경비 지출,74000,8c956d06cd4fe8c6249ca6e5c09076dedf2254032c11bf16a32f2449e5a0b2b4,sheet1:R10,,,
8c956d06cd4fe8c6-sheet1-R11,2026-04-17,daegu-city,소방행정과,개인(성명 비공개),소속직원 경조사비 지출,50000,8c956d06cd4fe8c6249ca6e5c09076dedf2254032c11bf16a32f2449e5a0b2b4,sheet1:R11,,,
8c956d06cd4fe8c6-sheet1-R12,2026-05-08,daegu-city,소방행정과,발군의족발,(기관)팀단위 공장화재 소방전술 경연대회 관련 경비지출,200000,8c956d06cd4fe8c6249ca6e5c09076dedf2254032c11bf16a32f2449e5a0b2b4,sheet1:R12,,,
8c956d06cd4fe8c6-sheet1-R13,2026-05-21,daegu-city,소방행정과,마고플레인,(기관)성비위 예방과 평등한 조직문화 조성을 위한 간담회 비용 지출,50000,8c956d06cd4fe8c6249ca6e5c09076dedf2254032c11bf16a32f2449e5a0b2b4,sheet1:R13,,,
8c956d06cd4fe8c6-sheet1-R14,2026-05-26,daegu-city,소방행정과,마고플레인,(기관)성비위 예방과 평등한 조직문화 조성을 위한 간담회 비용 지출,203900,8c956d06cd4fe8c6249ca6e5c09076dedf2254032c11bf16a32f2449e5a0b2b4,sheet1:R14,,,
8c956d06cd4fe8c6-sheet1-R15,2026-05-28,daegu-city,소방행정과,미우 다사점,(기관)팀단위 공장화재 소방전술 경연대회 관련 경비지출,140500,8c956d06cd4fe8c6249ca6e5c09076dedf2254032c11bf16a32f2449e5a0b2b4,sheet1:R15,,,
8c956d06cd4fe8c6-sheet1-R16,2026-06-05,daegu-city,소방행정과,인정한우,(기관) 수난사고 대비 운영게획 등 원활한 소방업무 추진을 위한 간담회 비용 지출,200000,8c956d06cd4fe8c6249ca6e5c09076dedf2254032c11bf16a32f2449e5a0b2b4,sheet1:R16,,,
8c956d06cd4fe8c6-sheet1-R17,2026-06-17,daegu-city,소방행정과,길섶한우,(기관)팀단위 공장화재 소방전술 경연대회 관련 경비지출,200000,8c956d06cd4fe8c6249ca6e5c09076dedf2254032c11bf16a32f2449e5a0b2b4,sheet1:R17,,,
8c956d06cd4fe8c6-sheet1-R18,2026-06-08,daegu-city,소방행정과,개인(성명 비공개),소속직원 경조사비 지출,50000,8c956d06cd4fe8c6249ca6e5c09076dedf2254032c11bf16a32f2449e5a0b2b4,sheet1:R18,,,
8c956d06cd4fe8c6-sheet1-R19,2026-06-22,daegu-city,소방행정과,개인(성명 비공개),소속직원 경조사비 지출,50000,8c956d06cd4fe8c6249ca6e5c09076dedf2254032c11bf16a32f2449e5a0b2b4,sheet1:R19,,,
8c956d06cd4fe8c6-sheet1-R20,2026-06-24,daegu-city,소방행정과,개인(성명 비공개),소속직원 경조사비 지출,50000,8c956d06cd4fe8c6249ca6e5c09076dedf2254032c11bf16a32f2449e5a0b2b4,sheet1:R20,,,
8c956d06cd4fe8c6-sheet2-R4,2026-05-14,daegu-city,소방행정과,묵과두부이야기,(구조대)2026년 5월 기관운영업무추진비 지출(직원 격려),100000,8c956d06cd4fe8c6249ca6e5c09076dedf2254032c11bf16a32f2449e5a0b2b4,sheet2:R4,,,
8c956d06cd4fe8c6-sheet2-R5,2026-06-26,daegu-city,소방행정과,우복금 생갈비,(구조대)2026년 6월 기관운영업무추진비 지출(직원 격려),100000,8c956d06cd4fe8c6249ca6e5c09076dedf2254032c11bf16a32f2449e5a0b2b4,sheet2:R5,,,
8c956d06cd4fe8c6-sheet3-R4,2026-05-20,daegu-city,소방행정과,완뚝순두부 성서점,소방공무원 체력검정 실시 구급대원 격려를 위한 기관운영비 지출,204000,8c956d06cd4fe8c6249ca6e5c09076dedf2254032c11bf16a32f2449e5a0b2b4,sheet3:R4,,,
8c956d06cd4fe8c6-sheet4-R4,2026-06-26,daegu-city,소방행정과,피자에땅(성서점),(다사)6월 소속 직원 격려를 위한 기관운영업무추진비 지출,116700,8c956d06cd4fe8c6249ca6e5c09076dedf2254032c11bf16a32f2449e5a0b2b4,sheet4:R4,,,
8c956d06cd4fe8c6-sheet4-R5,2026-06-30,daegu-city,소방행정과,다사축산,(다사)2026년 6월 기관운영업무추진비 지출(직원격려),100000,8c956d06cd4fe8c6249ca6e5c09076dedf2254032c11bf16a32f2449e5a0b2b4,sheet4:R5,,,
8c956d06cd4fe8c6-sheet6-R4,2026-05-12,daegu-city,소방행정과,진참치 다사점,(매곡)2026년 5월 기관운영업무추진비 지출(직원격려 1팀),150000,8c956d06cd4fe8c6249ca6e5c09076dedf2254032c11bf16a32f2449e5a0b2b4,sheet6:R4,,,
8c956d06cd4fe8c6-sheet6-R5,2026-06-16,daegu-city,소방행정과,가장맛있는족발 다사죽곡,(매곡)2026년 6월 기관운영업무추진비 지출(직원격려),150000,8c956d06cd4fe8c6249ca6e5c09076dedf2254032c11bf16a32f2449e5a0b2b4,sheet6:R5,,,
8c956d06cd4fe8c6-sheet6-R6,2026-06-18,daegu-city,소방행정과,마장동고기집 다사점,(매곡)2026년 6월 기관운영업무추진비 지출(직원격려),150000,8c956d06cd4fe8c6249ca6e5c09076dedf2254032c11bf16a32f2449e5a0b2b4,sheet6:R6,,,
8c956d06cd4fe8c6-sheet7-R4,2026-04-28,daegu-city,소방행정과,금순이네,4월 소속 직원 격려(1팀),120000,8c956d06cd4fe8c6249ca6e5c09076dedf2254032c11bf16a32f2449e5a0b2b4,sheet7:R4,,,
8c956d06cd4fe8c6-sheet7-R5,2026-05-14,daegu-city,소방행정과,방어진 참가자미,5월 소속 직원 격려(3팀),120000,8c956d06cd4fe8c6249ca6e5c09076dedf2254032c11bf16a32f2449e5a0b2b4,sheet7:R5,,,
8c956d06cd4fe8c6-sheet7-R6,2026-05-28,daegu-city,소방행정과,상도회초밥,"5월 소속 직원 격려(1, 2팀)",160000,8c956d06cd4fe8c6249ca6e5c09076dedf2254032c11bf16a32f2449e5a0b2b4,sheet7:R6,,,
8c956d06cd4fe8c6-sheet7-R7,2026-06-11,daegu-city,소방행정과,성서마산복어,6월 소속 직원 격려(3팀),80000,8c956d06cd4fe8c6249ca6e5c09076dedf2254032c11bf16a32f2449e5a0b2b4,sheet7:R7,,,
8496009fe63cf481-sheet1-R5,2026-04-07,daegu-city,공항건설총괄과,송정한우,현안업무 추진 관련 간담회 경비 지출,250000,8496009fe63cf4816abb8b431e2bf83c4474cf4cb7d42cf8e660eaca586fb85c,sheet1:R5,,,
8496009fe63cf481-sheet1-R6,2026-04-07,daegu-city,공항건설총괄과,새들스커피앤바,시책 홍보 관련 언론사 관계자 간담회 경비 지출,25500,8496009fe63cf4816abb8b431e2bf83c4474cf4cb7d42cf8e660eaca586fb85c,sheet1:R6,,,
8496009fe63cf481-sheet1-R7,2026-04-09,daegu-city,공항건설총괄과,성산옥,현안업무 추진 관련 간담회 경비 지출,110000,8496009fe63cf4816abb8b431e2bf83c4474cf4cb7d42cf8e660eaca586fb85c,sheet1:R7,,,
8496009fe63cf481-sheet1-R8,2026-04-14,daegu-city,공항건설총괄과,연화37,현안업무 추진 관련 간담회 경비 지출,100000,8496009fe63cf4816abb8b431e2bf83c4474cf4cb7d42cf8e660eaca586fb85c,sheet1:R8,,,
8496009fe63cf481-sheet1-R9,2026-04-14,daegu-city,공항건설총괄과,경주단골식당,건설 관련 전문가 자문 간담회 경비 지출,92000,8496009fe63cf4816abb8b431e2bf83c4474cf4cb7d42cf8e660eaca586fb85c,sheet1:R9,,,
8496009fe63cf481-sheet1-R10,2026-04-15,daegu-city,공항건설총괄과,해금강,현안업무 추진 관련 간담회 경비 지출,310000,8496009fe63cf4816abb8b431e2bf83c4474cf4cb7d42cf8e660eaca586fb85c,sheet1:R10,,,
8496009fe63cf481-sheet1-R11,2026-04-29,daegu-city,공항건설총괄과,군위축협축산물프라자,현안업무 추진 관련 간담회 경비 지출,166000,8496009fe63cf4816abb8b431e2bf83c4474cf4cb7d42cf8e660eaca586fb85c,sheet1:R11,,,
8496009fe63cf481-sheet1-R12,2026-05-12,daegu-city,공항건설총괄과,도연한상,현안업무 추진 관련 간담회 경비 지출,153000,8496009fe63cf4816abb8b431e2bf83c4474cf4cb7d42cf8e660eaca586fb85c,sheet1:R12,,,
8496009fe63cf481-sheet1-R13,2026-05-13,daegu-city,공항건설총괄과,송정한우,시책 홍보 관련 언론사 관계자 간담회 경비 지출,200000,8496009fe63cf4816abb8b431e2bf83c4474cf4cb7d42cf8e660eaca586fb85c,sheet1:R13,,,
8496009fe63cf481-sheet1-R14,2026-05-19,daegu-city,공항건설총괄과,코그커피,현안업무 추진 관련 간담회 경비 지출,32800,8496009fe63cf4816abb8b431e2bf83c4474cf4cb7d42cf8e660eaca586fb85c,sheet1:R14,,,
8496009fe63cf481-sheet1-R15,2026-05-20,daegu-city,공항건설총괄과,코레일유통주식회사,사업추진 관계기관 방문을 위한 다과 구입비 지출,46900,8496009fe63cf4816abb8b431e2bf83c4474cf4cb7d42cf8e660eaca586fb85c,sheet1:R15,,,
8496009fe63cf481-sheet1-R16,2026-05-20,daegu-city,공항건설총괄과,유림식당,현안업무 추진 관련 간담회 경비 지출,70000,8496009fe63cf4816abb8b431e2bf83c4474cf4cb7d42cf8e660eaca586fb85c,sheet1:R16,,,
8496009fe63cf481-sheet1-R17,2026-05-26,daegu-city,공항건설총괄과,금학장,시책 홍보 관련 언론사 관계자 간담회 경비 지출,90000,8496009fe63cf4816abb8b431e2bf83c4474cf4cb7d42cf8e660eaca586fb85c,sheet1:R17,,,
8496009fe63cf481-sheet1-R18,2026-05-27,daegu-city,공항건설총괄과,치맥킹,현안업무 추진 관련 간담회 경비 지출,200000,8496009fe63cf4816abb8b431e2bf83c4474cf4cb7d42cf8e660eaca586fb85c,sheet1:R18,,,
8496009fe63cf481-sheet1-R19,2026-05-29,daegu-city,공항건설총괄과,울진항,시책 홍보 관련 언론사 관계자 간담회 경비 지출,84000,8496009fe63cf4816abb8b431e2bf83c4474cf4cb7d42cf8e660eaca586fb85c,sheet1:R19,,,
8496009fe63cf481-sheet1-R20,2026-06-01,daegu-city,공항건설총괄과,작두집 연탄구이,현안업무 추진 관련 간담회 경비 지출,200000,8496009fe63cf4816abb8b431e2bf83c4474cf4cb7d42cf8e660eaca586fb85c,sheet1:R20,,,
8496009fe63cf481-sheet1-R21,2026-06-02,daegu-city,공항건설총괄과,오히츠,현안업무 추진 관련 간담회 경비 지출,111000,8496009fe63cf4816abb8b431e2bf83c4474cf4cb7d42cf8e660eaca586fb85c,sheet1:R21,,,
8496009fe63cf481-sheet1-R22,2026-06-08,daegu-city,공항건설총괄과,송정한우,현안업무 추진 관련 간담회 경비 지출,200000,8496009fe63cf4816abb8b431e2bf83c4474cf4cb7d42cf8e660eaca586fb85c,sheet1:R22,,,
8496009fe63cf481-sheet1-R23,2026-06-08,daegu-city,공항건설총괄과,한솔냉면,시책 홍보 관련 언론사 관계자 간담회 경비 지출,31000,8496009fe63cf4816abb8b431e2bf83c4474cf4cb7d42cf8e660eaca586fb85c,sheet1:R23,,,
8496009fe63cf481-sheet1-R24,2026-06-11,daegu-city,공항건설총괄과,토담집,시책 홍보 관련 언론사 관계자 간담회 경비 지출,105000,8496009fe63cf4816abb8b431e2bf83c4474cf4cb7d42cf8e660eaca586fb85c,sheet1:R24,,,
8496009fe63cf481-sheet1-R25,2026-06-23,daegu-city,공항건설총괄과,홍루이젠,사업추진 관계기관 직원 격려를 위한 다과 구입비 지출,76900,8496009fe63cf4816abb8b431e2bf83c4474cf4cb7d42cf8e660eaca586fb85c,sheet1:R25,,,
8496009fe63cf481-sheet1-R26,2026-06-24,daegu-city,공항건설총괄과,유림식당,현안업무 추진 관련 간담회 경비 지출,71000,8496009fe63cf4816abb8b431e2bf83c4474cf4cb7d42cf8e660eaca586fb85c,sheet1:R26,,,
8496009fe63cf481-sheet1-R27,2026-06-30,daegu-city,공항건설총괄과,고운곰탕,현안업무 추진 관련 간담회 경비 지출,55500,8496009fe63cf4816abb8b431e2bf83c4474cf4cb7d42cf8e660eaca586fb85c,sheet1:R27,,,
8496009fe63cf481-sheet2-R5,2026-04-09,daegu-city,공항건설총괄과,"디얼마이럽, 파리바게뜨",직원 격려 간식비 구입,95900,8496009fe63cf4816abb8b431e2bf83c4474cf4cb7d42cf8e660eaca586fb85c,sheet2:R5,,,
8496009fe63cf481-sheet2-R6,2026-04-10,daegu-city,공항건설총괄과,프랭크버거,현안업무 추진을 위한 직원 간담회 개최 및 경비 지출,61100,8496009fe63cf4816abb8b431e2bf83c4474cf4cb7d42cf8e660eaca586fb85c,sheet2:R6,,,
8496009fe63cf481-sheet2-R7,2026-04-27,daegu-city,공항건설총괄과,텀브커피,현안업무 추진을 위한 직원 간담회 개최 및 경비 지출,51500,8496009fe63cf4816abb8b431e2bf83c4474cf4cb7d42cf8e660eaca586fb85c,sheet2:R7,,,
8496009fe63cf481-sheet2-R8,2026-05-07,daegu-city,공항건설총괄과,새마을식당,현안업무 추진을 위한 직원 간담회 개최 및 경비 지출,55000,8496009fe63cf4816abb8b431e2bf83c4474cf4cb7d42cf8e660eaca586fb85c,sheet2:R8,,,
8496009fe63cf481-sheet2-R9,2026-05-08,daegu-city,공항건설총괄과,전원식당,현안업무 추진을 위한 직원 간담회 개최 및 경비 지출,29000,8496009fe63cf4816abb8b431e2bf83c4474cf4cb7d42cf8e660eaca586fb85c,sheet2:R9,,,
8496009fe63cf481-sheet2-R10,2026-05-15,daegu-city,공항건설총괄과,삼오당어머니김밥,현안업무 추진을 위한 현장 근무자 간식비 지출,80000,8496009fe63cf4816abb8b431e2bf83c4474cf4cb7d42cf8e660eaca586fb85c,sheet2:R10,,,
8496009fe63cf481-sheet2-R11,2026-06-04,daegu-city,공항건설총괄과,버거밴,직원 격려 간담회 개최에 따른 경비 지출,44500,8496009fe63cf4816abb8b431e2bf83c4474cf4cb7d42cf8e660eaca586fb85c,sheet2:R11,,,
8496009fe63cf481-sheet2-R12,2026-06-15,daegu-city,공항건설총괄과,북창동순두부,직원 격려 간담회 개최에 따른 경비 지출,148000,8496009fe63cf4816abb8b431e2bf83c4474cf4cb7d42cf8e660eaca586fb85c,sheet2:R12,,,
8496009fe63cf481-sheet2-R13,2026-06-18,daegu-city,공항건설총괄과,북창동순두부,직원 격려 간담회 개최에 따른 경비 지출,89000,8496009fe63cf4816abb8b431e2bf83c4474cf4cb7d42cf8e660eaca586fb85c,sheet2:R13,,,
abc8ae4fe96d199b-sheet1-R5,2026-04-02,daegu-city,금호강개발과,부자집,주요 시책 추진 간담회 경비 지출,78000,abc8ae4fe96d199b4961c11cd9252678036b2593ed12e885d7867ca54a0fb878,sheet1:R5,,,
abc8ae4fe96d199b-sheet1-R6,2026-04-17,daegu-city,금호강개발과,호반,주요 시책 추진 간담회 경비 지출,67000,abc8ae4fe96d199b4961c11cd9252678036b2593ed12e885d7867ca54a0fb878,sheet1:R6,,,
abc8ae4fe96d199b-sheet1-R7,2026-04-24,daegu-city,금호강개발과,옹심이칼국수,주요 시책 추진 간담회 경비 지출,107000,abc8ae4fe96d199b4961c11cd9252678036b2593ed12e885d7867ca54a0fb878,sheet1:R7,,,
abc8ae4fe96d199b-sheet1-R8,2026-05-06,daegu-city,금호강개발과,금우정,주요 시책 추진 간담회 경비 지출,80000,abc8ae4fe96d199b4961c11cd9252678036b2593ed12e885d7867ca54a0fb878,sheet1:R8,,,
abc8ae4fe96d199b-sheet1-R9,2026-05-06,daegu-city,금호강개발과,장어야,주요 시책 추진 간담회 경비 지출,156000,abc8ae4fe96d199b4961c11cd9252678036b2593ed12e885d7867ca54a0fb878,sheet1:R9,,,
abc8ae4fe96d199b-sheet1-R10,2026-05-08,daegu-city,금호강개발과,냄비집 소머리국밥,주요 시책 추진 간담회 경비 지출,198000,abc8ae4fe96d199b4961c11cd9252678036b2593ed12e885d7867ca54a0fb878,sheet1:R10,,,
abc8ae4fe96d199b-sheet1-R11,2026-06-01,daegu-city,금호강개발과,보길도1988,주요 시책 추진 간담회 경비 지출,204000,abc8ae4fe96d199b4961c11cd9252678036b2593ed12e885d7867ca54a0fb878,sheet1:R11,,,
abc8ae4fe96d199b-sheet1-R12,2026-06-05,daegu-city,금호강개발과,도청앞 언양각식당,주요 시책 추진 간담회 경비 지출,140000,abc8ae4fe96d199b4961c11cd9252678036b2593ed12e885d7867ca54a0fb878,sheet1:R12,,,
2a82a2a7de7b3e0b-sheet1-R11,2026-06-04,daegu-city,정책기획관,만덕수산,시정현안 업무 협의를 위한 간담회 경비 지출,308000,2a82a2a7de7b3e0b1f8417758904fbca51f23aca43fc8b9f6f62eadfb0bddbc5,sheet1:R11,,,
2a82a2a7de7b3e0b-sheet1-R12,2026-06-05,daegu-city,정책기획관,청정한우숯불식육식당,시정현안 업무 협의를 위한 간담회 경비 지출,140000,2a82a2a7de7b3e0b1f8417758904fbca51f23aca43fc8b9f6f62eadfb0bddbc5,sheet1:R12,,,
2a82a2a7de7b3e0b-sheet1-R13,2026-06-15,daegu-city,정책기획관,창미고깃집,시정현안 업무 협의를 위한 간담회 경비 지출,88000,2a82a2a7de7b3e0b1f8417758904fbca51f23aca43fc8b9f6f62eadfb0bddbc5,sheet1:R13,,,
2a82a2a7de7b3e0b-sheet1-R14,2026-06-16,daegu-city,정책기획관,우봉가시지본점,시정현안 업무 협의를 위한 간담회 경비 지출,450000,2a82a2a7de7b3e0b1f8417758904fbca51f23aca43fc8b9f6f62eadfb0bddbc5,sheet1:R14,,,
2a82a2a7de7b3e0b-sheet1-R15,2026-06-17,daegu-city,정책기획관,일품향,중앙과 지방의 업무 협조를 위한 간담회 경비 지출,211000,2a82a2a7de7b3e0b1f8417758904fbca51f23aca43fc8b9f6f62eadfb0bddbc5,sheet1:R15,,,
2a82a2a7de7b3e0b-sheet1-R16,2026-06-22,daegu-city,정책기획관,수 수성구점,시정 홍보를 위한 언론 관계자 간담회 경비 지출,450000,2a82a2a7de7b3e0b1f8417758904fbca51f23aca43fc8b9f6f62eadfb0bddbc5,sheet1:R16,,,
2a82a2a7de7b3e0b-sheet1-R17,2026-06-25,daegu-city,정책기획관,난탄 경대북문점,직원 격려를 위한 간담회 경비 지출,158300,2a82a2a7de7b3e0b1f8417758904fbca51f23aca43fc8b9f6f62eadfb0bddbc5,sheet1:R17,,,
2a82a2a7de7b3e0b-sheet1-R18,2026-06-26,daegu-city,정책기획관,교동면옥 동인,직원 격려를 위한 간담회 경비 지출,28000,2a82a2a7de7b3e0b1f8417758904fbca51f23aca43fc8b9f6f62eadfb0bddbc5,sheet1:R18,,,
2a82a2a7de7b3e0b-sheet1-R19,2026-06-29,daegu-city,정책기획관,황소식당,시정 홍보를 위한 언론 관계자 간담회 경비 지출,80000,2a82a2a7de7b3e0b1f8417758904fbca51f23aca43fc8b9f6f62eadfb0bddbc5,sheet1:R19,,,
2a82a2a7de7b3e0b-sheet1-R20,2026-06-30,daegu-city,정책기획관,창미고깃집,시정현안 업무 추진을 위한 간담회 경비 지출,389000,2a82a2a7de7b3e0b1f8417758904fbca51f23aca43fc8b9f6f62eadfb0bddbc5,sheet1:R20,,,
2a82a2a7de7b3e0b-sheet2-R11,2026-06-01,daegu-city,정책기획관,안동갈비 갈비살본점,시정 홍보를 위한 언론 관계자 간담회 경비 지출,300000,2a82a2a7de7b3e0b1f8417758904fbca51f23aca43fc8b9f6f62eadfb0bddbc5,sheet2:R11,,,
68e395ea641178aa-sheet1-R5,2026-04-02,daegu-city,행정과,쿠우쿠우 대구북구점,선거 현안업무 협의 간담회 개최 경비 지출,672500,68e395ea641178aa91d4f0730a45a10a6f56204914dfd2e08a993434acfa77db,sheet1:R5,,,
68e395ea641178aa-sheet1-R6,2026-04-09,daegu-city,행정과,달구벌한과외 1,고향사랑기부제 간담회 참석자 다과구입비 지출,77500,68e395ea641178aa91d4f0730a45a10a6f56204914dfd2e08a993434acfa77db,sheet1:R6,,,
68e395ea641178aa-sheet1-R7,2026-04-15,daegu-city,행정과,파리바게뜨 신암점,민간협력 현안업무 협의 간담회 다과비 지출,31000,68e395ea641178aa91d4f0730a45a10a6f56204914dfd2e08a993434acfa77db,sheet1:R7,,,
68e395ea641178aa-sheet1-R8,2026-04-17,daegu-city,행정과,연막창 교동점,시정 주요현안에 대한 업무협의 간담회,92000,68e395ea641178aa91d4f0730a45a10a6f56204914dfd2e08a993434acfa77db,sheet1:R8,,,
68e395ea641178aa-sheet1-R9,2026-04-20,daegu-city,행정과,침산곤지곤지,선거 현안업무 협의 간담회 개최 경비 지출,220000,68e395ea641178aa91d4f0730a45a10a6f56204914dfd2e08a993434acfa77db,sheet1:R9,,,
68e395ea641178aa-sheet1-R10,2026-04-21,daegu-city,행정과,코엠_비,대구사랑운동 실무위원회 다과구입,210400,68e395ea641178aa91d4f0730a45a10a6f56204914dfd2e08a993434acfa77db,sheet1:R10,,,
68e395ea641178aa-sheet1-R11,2026-04-22,daegu-city,행정과,이루팜외 1,선거구획정위원회 개최에 따른 다과비 지출,134100,68e395ea641178aa91d4f0730a45a10a6f56204914dfd2e08a993434acfa77db,sheet1:R11,,,
68e395ea641178aa-sheet1-R12,2026-04-28,daegu-city,행정과,창미고깃집,북향민의 안정적인 정착지원을 위한 간담회 실시,217000,68e395ea641178aa91d4f0730a45a10a6f56204914dfd2e08a993434acfa77db,sheet1:R12,,,
68e395ea641178aa-sheet1-R13,2026-04-28,daegu-city,행정과,몽몽마방,고향사랑기부제 현안업무 협의 간담회 개최,149000,68e395ea641178aa91d4f0730a45a10a6f56204914dfd2e08a993434acfa77db,sheet1:R13,,,
68e395ea641178aa-sheet1-R14,2026-04-29,daegu-city,행정과,뚜레쥬르복현GS,민간협력 현안업무 협의 간담회 다과비 지출,31100,68e395ea641178aa91d4f0730a45a10a6f56204914dfd2e08a993434acfa77db,sheet1:R14,,,
68e395ea641178aa-sheet1-R15,2026-04-29,daegu-city,행정과,수상한한옥 반월당본점,대구사랑운동 현안업무 협의 간담회,144500,68e395ea641178aa91d4f0730a45a10a6f56204914dfd2e08a993434acfa77db,sheet1:R15,,,
68e395ea641178aa-sheet1-R16,2026-05-20,daegu-city,행정과,일월정토속한정식,새마을운동 전문인력 양성사업 간담회,397000,68e395ea641178aa91d4f0730a45a10a6f56204914dfd2e08a993434acfa77db,sheet1:R16,,,
68e395ea641178aa-sheet1-R17,2026-05-27,daegu-city,행정과,이우철한방누룽지삼계탕앞산점,낙동강승전기념관 시설개선 관련 업무협의 간담회,90000,68e395ea641178aa91d4f0730a45a10a6f56204914dfd2e08a993434acfa77db,sheet1:R17,,,
68e395ea641178aa-sheet1-R18,2026-05-28,daegu-city,행정과,미면당&마시그래이대구FC경기장점,선거 현안업무 협의 간담회 다과비 지출,25800,68e395ea641178aa91d4f0730a45a10a6f56204914dfd2e08a993434acfa77db,sheet1:R18,,,
68e395ea641178aa-sheet1-R19,2026-05-29,daegu-city,행정과,코레일유통주식회사(동대구역),민간협력 현안업무 협의 간담회 다과비,60000,68e395ea641178aa91d4f0730a45a10a6f56204914dfd2e08a993434acfa77db,sheet1:R19,,,
68e395ea641178aa-sheet1-R20,2026-06-11,daegu-city,행정과,품육,선거 현안업무 협의 간담회 다과비 지출,227000,68e395ea641178aa91d4f0730a45a10a6f56204914dfd2e08a993434acfa77db,sheet1:R20,,,
68e395ea641178aa-sheet1-R21,2026-06-12,daegu-city,행정과,스타벅스 코리아,10대 자원봉사 테마 릴레이 관계자 격려에 따른 다과비,100400,68e395ea641178aa91d4f0730a45a10a6f56204914dfd2e08a993434acfa77db,sheet1:R21,,,
68e395ea641178aa-sheet1-R22,2026-06-15,daegu-city,행정과,대구 근대골목단팥빵 본점,시정주요현안에 대한 업무협의 간담회,37500,68e395ea641178aa91d4f0730a45a10a6f56204914dfd2e08a993434acfa77db,sheet1:R22,,,
68e395ea641178aa-sheet1-R23,2026-06-23,daegu-city,행정과,감포생밀복,북한이탈주민 정착지원 실무협의회 간담회,292000,68e395ea641178aa91d4f0730a45a10a6f56204914dfd2e08a993434acfa77db,sheet1:R23,,,
697f4183b1256d3c-sheet1-R6,2026-04-01,daegu-city,도서관정책과,고흥식당(대구 남구 중앙대로 112-1) 등,대구도서관 공동보존서고 관련 간담회 경비 지출,71180,697f4183b1256d3cfbee5cd604905e79c84eecf967ce876f6868ea4c2eeb019c,sheet1:R6,,,
697f4183b1256d3c-sheet1-R7,2026-04-24,daegu-city,도서관정책과,파스쿠찌(대구 남구 중앙대로22길 26)등,제8차 대구도서관 사서실무협의회 개최에 따른 다과 구입비 지출,150000,697f4183b1256d3cfbee5cd604905e79c84eecf967ce876f6868ea4c2eeb019c,sheet1:R7,,,
697f4183b1256d3c-sheet1-R8,2026-04-21,daegu-city,도서관정책과,고흥식당(대구 남구 중앙대로 112-1) 등,2026 올해의 책 선포식 관련 간담회 경비 지출,176000,697f4183b1256d3cfbee5cd604905e79c84eecf967ce876f6868ea4c2eeb019c,sheet1:R8,,,
697f4183b1256d3c-sheet1-R9,2026-05-21,daegu-city,도서관정책과,한결같은식당(대구 남구 봉덕남로63)등,대구학 아카이브 전시 관련 간담회 경비 지출,85700,697f4183b1256d3cfbee5cd604905e79c84eecf967ce876f6868ea4c2eeb019c,sheet1:R9,,,
697f4183b1256d3c-sheet1-R10,2026-05-29,daegu-city,도서관정책과,고흥식당(대구 남구 중앙대로 112-1) 등,공공도서관 자료실 운영 관련 간담회 경비 지출,108500,697f4183b1256d3cfbee5cd604905e79c84eecf967ce876f6868ea4c2eeb019c,sheet1:R10,,,
697f4183b1256d3c-sheet1-R11,2026-06-16,daegu-city,도서관정책과,한결같은식당(대구 남구 봉덕남로63)등,남구 독서문화 활성화 방안 협의 간담회 경비 지출,93000,697f4183b1256d3cfbee5cd604905e79c84eecf967ce876f6868ea4c2eeb019c,sheet1:R11,,,
697f4183b1256d3c-sheet1-R12,2026-06-22,daegu-city,도서관정책과,박가네동태찌개(남구 봉덕동 688),직원 격려 간담회 경비 지출,120000,697f4183b1256d3cfbee5cd604905e79c84eecf967ce876f6868ea4c2eeb019c,sheet1:R12,,,
697f4183b1256d3c-sheet1-R13,2026-06-24,daegu-city,도서관정책과,빨간돼지(남구 봉덕남로 57),직원 격려 간담회 경비 지출,44000,697f4183b1256d3cfbee5cd604905e79c84eecf967ce876f6868ea4c2eeb019c,sheet1:R13,,,
9f6b56e36bd9e05f-sheet1-R6,2026-04-04,daegu-city,법무담당관,샤브올데이 대구서구점 외 1,2026년 상반기 직원 체육문화행사 경비 지출,320000,9f6b56e36bd9e05f37ea5e6ff7669c479d353be637bad2c4fb8376704bfff4c1,sheet1:R6,,,
9f6b56e36bd9e05f-sheet1-R7,2026-04-08,daegu-city,법무담당관,요로이케,직원격려 간담회 개최에 따른 경비 지출,70000,9f6b56e36bd9e05f37ea5e6ff7669c479d353be637bad2c4fb8376704bfff4c1,sheet1:R7,,,
9f6b56e36bd9e05f-sheet1-R8,2026-04-08,daegu-city,법무담당관,큐케이 중앙로,자치법규 발전 모색을 위한 간담회 다과구입비 지출(수정),68500,9f6b56e36bd9e05f37ea5e6ff7669c479d353be637bad2c4fb8376704bfff4c1,sheet1:R8,,,
9f6b56e36bd9e05f-sheet1-R9,2026-04-14,daegu-city,법무담당관,파스쿠찌 세종베스트웨스턴호텔점외 1,자치법규 발전모색을 위한 간담회 경비 지출,184800,9f6b56e36bd9e05f37ea5e6ff7669c479d353be637bad2c4fb8376704bfff4c1,sheet1:R9,,,
9f6b56e36bd9e05f-sheet1-R10,2026-04-21,daegu-city,법무담당관,대백마트 산격점외 1,2026년 제2회 소청심사위원회 개최에 따른 음료 및 다과 구입비 지출,95200,9f6b56e36bd9e05f37ea5e6ff7669c479d353be637bad2c4fb8376704bfff4c1,sheet1:R10,,,
9f6b56e36bd9e05f-sheet1-R11,2026-04-21,daegu-city,법무담당관,김춘련호두명가외 2,2026년 상반기 법제업무 역량강화 교육 개최에 따른 다과 구입 경비 지출,439340,9f6b56e36bd9e05f37ea5e6ff7669c479d353be637bad2c4fb8376704bfff4c1,sheet1:R11,,,
9f6b56e36bd9e05f-sheet1-R12,2026-04-27,daegu-city,법무담당관,마이온룸,2026년 제4회 행정심판위원회 개최에 따른 음료 및 다과 구입비 지출,71500,9f6b56e36bd9e05f37ea5e6ff7669c479d353be637bad2c4fb8376704bfff4c1,sheet1:R12,,,
9f6b56e36bd9e05f-sheet1-R13,2026-04-28,daegu-city,법무담당관,주식회사현대백화점대구점,직원격려 간담회 개최에 따른 경비 지출,60000,9f6b56e36bd9e05f37ea5e6ff7669c479d353be637bad2c4fb8376704bfff4c1,sheet1:R13,,,
9f6b56e36bd9e05f-sheet1-R14,2026-05-21,daegu-city,법무담당관,롯데쇼핑주식회사,AI 법률지원서비스 도입 벤치마킹에 따른 다과구입비 지출,91800,9f6b56e36bd9e05f37ea5e6ff7669c479d353be637bad2c4fb8376704bfff4c1,sheet1:R14,,,
9f6b56e36bd9e05f-sheet1-R15,2026-05-26,daegu-city,법무담당관,마이온룸,2026년 제5회 행정심판위원회 개최에 따른 음료 및 다과 구입비 지출,68500,9f6b56e36bd9e05f37ea5e6ff7669c479d353be637bad2c4fb8376704bfff4c1,sheet1:R15,,,
9f6b56e36bd9e05f-sheet1-R16,2026-06-12,daegu-city,법무담당관,코레일유통주식회사(동대구역),주요 소송업무 관련 간담회 개최에 따른 경비 지출,18400,9f6b56e36bd9e05f37ea5e6ff7669c479d353be637bad2c4fb8376704bfff4c1,sheet1:R16,,,
9f6b56e36bd9e05f-sheet1-R17,2026-06-16,daegu-city,법무담당관,온채당,행정심판위원회 간담회 개최에 따른 경비 지출,70000,9f6b56e36bd9e05f37ea5e6ff7669c479d353be637bad2c4fb8376704bfff4c1,sheet1:R17,,,
9f6b56e36bd9e05f-sheet1-R18,2026-06-29,daegu-city,법무담당관,영커피 대구산격점,2026년 제6회 행정심판위원회 개최에 따른 음료 및 다과 구입비 지출,71200,9f6b56e36bd9e05f37ea5e6ff7669c479d353be637bad2c4fb8376704bfff4c1,sheet1:R18,,,
9f6b56e36bd9e05f-sheet1-R19,2026-06-29,daegu-city,법무담당관,롯데역사(주)대구점외 1,간담회 개최에 따른 경비 지출,157500,9f6b56e36bd9e05f37ea5e6ff7669c479d353be637bad2c4fb8376704bfff4c1,sheet1:R19,,,
4046d63cddde3d79-sheet1-R6,2026-04-09,daegu-city,미래모빌리티과,솔밭식당,미래모빌리티 주요업무 추진을 위한 간담회,65000,4046d63cddde3d793cd3338537b7e037840a9d0464cb95e921ced2edbceb8753,sheet1:R6,,,
4046d63cddde3d79-sheet1-R7,2026-04-22,daegu-city,미래모빌리티과,연화정,미래모빌리티 주요업무 추진을 위한 간담회,51000,4046d63cddde3d793cd3338537b7e037840a9d0464cb95e921ced2edbceb8753,sheet1:R7,,,
4046d63cddde3d79-sheet1-R8,2026-04-23,daegu-city,미래모빌리티과,돔베식당,미래모빌리티과 주요현안 추진을 위한 간담회,116000,4046d63cddde3d793cd3338537b7e037840a9d0464cb95e921ced2edbceb8753,sheet1:R8,,,
4046d63cddde3d79-sheet1-R9,2026-05-19,daegu-city,미래모빌리티과,교동면옥 외 1,미래모빌리티 주요업무 추진을 위한 간담회,64300,4046d63cddde3d793cd3338537b7e037840a9d0464cb95e921ced2edbceb8753,sheet1:R9,,,
4046d63cddde3d79-sheet1-R10,2026-06-15,daegu-city,미래모빌리티과,침산곤지곤지 외 1,미래모빌리티 주요업무 추진을 위한 간담회,129700,4046d63cddde3d793cd3338537b7e037840a9d0464cb95e921ced2edbceb8753,sheet1:R10,,,
4046d63cddde3d79-sheet1-R11,2026-06-22,daegu-city,미래모빌리티과,소쿠리밥상세종청사점,미래모빌리티 주요업무 추진을 위한 간담회,54000,4046d63cddde3d793cd3338537b7e037840a9d0464cb95e921ced2edbceb8753,sheet1:R11,,,
4046d63cddde3d79-sheet1-R12,2026-06-24,daegu-city,미래모빌리티과,어청도 외 1,미래모빌리티 주요업무 추진을 위한 간담회,106900,4046d63cddde3d793cd3338537b7e037840a9d0464cb95e921ced2edbceb8753,sheet1:R12,,,
4046d63cddde3d79-sheet1-R13,2026-06-26,daegu-city,미래모빌리티과,개정 외 1,미래모빌리티 주요업무 추진을 위한 간담회,99300,4046d63cddde3d793cd3338537b7e037840a9d0464cb95e921ced2edbceb8753,sheet1:R13,,,
7425b3f6ba9d1362-sheet1-R4,2026-04-02,daegu-city,기후환경정책과,금수강산,직원 격려 간담회 경비 지출,200000,7425b3f6ba9d13627944e8e7ff2e8ef814930e714d0eb564caa0dd5d7805269c,sheet1:R4,,,
7425b3f6ba9d1362-sheet1-R5,2026-04-08,daegu-city,기후환경정책과,환경수자원국장,경조사비,50000,7425b3f6ba9d13627944e8e7ff2e8ef814930e714d0eb564caa0dd5d7805269c,sheet1:R5,,,
7425b3f6ba9d1362-sheet1-R6,2026-04-13,daegu-city,기후환경정책과,삼수장어,직원 격려 간담회 경비 지출,125000,7425b3f6ba9d13627944e8e7ff2e8ef814930e714d0eb564caa0dd5d7805269c,sheet1:R6,,,
7425b3f6ba9d1362-sheet1-R7,2026-04-16,daegu-city,기후환경정책과,환경수자원국장,경조사비,50000,7425b3f6ba9d13627944e8e7ff2e8ef814930e714d0eb564caa0dd5d7805269c,sheet1:R7,,,
7425b3f6ba9d1362-sheet1-R8,2026-04-17,daegu-city,기후환경정책과,오케이마트,내방객 접대용 다과 등 구입,295000,7425b3f6ba9d13627944e8e7ff2e8ef814930e714d0eb564caa0dd5d7805269c,sheet1:R8,,,
7425b3f6ba9d1362-sheet1-R9,2026-04-22,daegu-city,기후환경정책과,황토시골집,직원 격려 간담회 경비 지출,148000,7425b3f6ba9d13627944e8e7ff2e8ef814930e714d0eb564caa0dd5d7805269c,sheet1:R9,,,
7425b3f6ba9d1362-sheet1-R10,2026-04-29,daegu-city,기후환경정책과,환경수자원국장,경조사비,50000,7425b3f6ba9d13627944e8e7ff2e8ef814930e714d0eb564caa0dd5d7805269c,sheet1:R10,,,
7425b3f6ba9d1362-sheet1-R11,2026-05-19,daegu-city,기후환경정책과,환경수자원국장,경조사비,50000,7425b3f6ba9d13627944e8e7ff2e8ef814930e714d0eb564caa0dd5d7805269c,sheet1:R11,,,
7425b3f6ba9d1362-sheet1-R12,2026-06-11,daegu-city,기후환경정책과,송정식당 외,직원 격려 간담회 경비 지출,127200,7425b3f6ba9d13627944e8e7ff2e8ef814930e714d0eb564caa0dd5d7805269c,sheet1:R12,,,
7425b3f6ba9d1362-sheet1-R13,2026-06-19,daegu-city,기후환경정책과,환경수자원국장,경조사비,50000,7425b3f6ba9d13627944e8e7ff2e8ef814930e714d0eb564caa0dd5d7805269c,sheet1:R13,,,
7425b3f6ba9d1362-sheet1-R14,2026-06-19,daegu-city,기후환경정책과,매드포갈릭,직원 격려 간담회 경비 지출,157800,7425b3f6ba9d13627944e8e7ff2e8ef814930e714d0eb564caa0dd5d7805269c,sheet1:R14,,,
7425b3f6ba9d1362-sheet1-R15,2026-06-23,daegu-city,기후환경정책과,싱싱해싱싱어,직원 격려 간담회 경비 지출,344000,7425b3f6ba9d13627944e8e7ff2e8ef814930e714d0eb564caa0dd5d7805269c,sheet1:R15,,,
7425b3f6ba9d1362-sheet2-R4,2026-04-01,daegu-city,기후환경정책과,장원,서구 지역 악취문제 해결을 위한 자문회의 간담회 개최비용 지출,330000,7425b3f6ba9d13627944e8e7ff2e8ef814930e714d0eb564caa0dd5d7805269c,sheet2:R4,,,
7425b3f6ba9d1362-sheet2-R5,2026-04-20,daegu-city,기후환경정책과,은주식당,간담회 개최에 따른 경비 지출,280000,7425b3f6ba9d13627944e8e7ff2e8ef814930e714d0eb564caa0dd5d7805269c,sheet2:R5,,,
7425b3f6ba9d1362-sheet2-R6,2026-05-11,daegu-city,기후환경정책과,봉화나물밥,업무 협의 간담회 경비 지출,78000,7425b3f6ba9d13627944e8e7ff2e8ef814930e714d0eb564caa0dd5d7805269c,sheet2:R6,,,
7425b3f6ba9d1362-sheet2-R7,2026-05-11,daegu-city,기후환경정책과,성원정 외,간담회 개최에 따른 경비 지출,66500,7425b3f6ba9d13627944e8e7ff2e8ef814930e714d0eb564caa0dd5d7805269c,sheet2:R7,,,
7425b3f6ba9d1362-sheet2-R8,2026-05-20,daegu-city,기후환경정책과,대백마트,주민참여예산 환경수자원 분과위원회 개최에 따른 다과 구입비 지출,120000,7425b3f6ba9d13627944e8e7ff2e8ef814930e714d0eb564caa0dd5d7805269c,sheet2:R8,,,
7425b3f6ba9d1362-sheet2-R9,2026-05-26,daegu-city,기후환경정책과,팔선생,간담회 개최에 따른 경비 지출,200000,7425b3f6ba9d13627944e8e7ff2e8ef814930e714d0eb564caa0dd5d7805269c,sheet2:R9,,,
7425b3f6ba9d1362-sheet2-R10,2026-05-27,daegu-city,기후환경정책과,동보성,간담회 개최에 따른 경비 지출,200000,7425b3f6ba9d13627944e8e7ff2e8ef814930e714d0eb564caa0dd5d7805269c,sheet2:R10,,,
7425b3f6ba9d1362-sheet2-R11,2026-06-02,daegu-city,기후환경정책과,한식더고기,업무 협의 간담회 경비 지출,146000,7425b3f6ba9d13627944e8e7ff2e8ef814930e714d0eb564caa0dd5d7805269c,sheet2:R11,,,
7425b3f6ba9d1362-sheet2-R12,2026-06-08,daegu-city,기후환경정책과,성주숯불갈비,간담회 개최에 따른 경비 지출,200000,7425b3f6ba9d13627944e8e7ff2e8ef814930e714d0eb564caa0dd5d7805269c,sheet2:R12,,,
7425b3f6ba9d1362-sheet2-R13,2026-06-09,daegu-city,기후환경정책과,대동면옥,간담회 개최에 따른 경비 지출,87000,7425b3f6ba9d13627944e8e7ff2e8ef814930e714d0eb564caa0dd5d7805269c,sheet2:R13,,,
7425b3f6ba9d1362-sheet2-R14,2026-06-12,daegu-city,기후환경정책과,벙글벙글 찜갈비,간담회 개최에 따른 경비 지출,480000,7425b3f6ba9d13627944e8e7ff2e8ef814930e714d0eb564caa0dd5d7805269c,sheet2:R14,,,
7425b3f6ba9d1362-sheet2-R15,2026-06-17,daegu-city,기후환경정책과,금두꺼비,간담회 개최에 따른 경비 지출,200000,7425b3f6ba9d13627944e8e7ff2e8ef814930e714d0eb564caa0dd5d7805269c,sheet2:R15,,,
7425b3f6ba9d1362-sheet2-R16,2026-06-19,daegu-city,기후환경정책과,교동면옥 동인점,간담회 개최에 따른 경비 지출,62000,7425b3f6ba9d13627944e8e7ff2e8ef814930e714d0eb564caa0dd5d7805269c,sheet2:R16,,,
7425b3f6ba9d1362-sheet2-R17,2026-06-24,daegu-city,기후환경정책과,곳간 생고기,간담회 개최에 따른 경비 지출,201000,7425b3f6ba9d13627944e8e7ff2e8ef814930e714d0eb564caa0dd5d7805269c,sheet2:R17,,,
7425b3f6ba9d1362-sheet2-R18,2026-06-29,daegu-city,기후환경정책과,태진복집,간담회 개최에 따른 경비 지출,400000,7425b3f6ba9d13627944e8e7ff2e8ef814930e714d0eb564caa0dd5d7805269c,sheet2:R18,,,
7425b3f6ba9d1362-sheet2-R19,2026-04-17,daegu-city,기후환경정책과,한국수 여의도점 외,탄소중립기본법 개정 국회 건의 관련 간담회 개최비용 지출,92000,7425b3f6ba9d13627944e8e7ff2e8ef814930e714d0eb564caa0dd5d7805269c,sheet2:R19,,,
7425b3f6ba9d1362-sheet2-R20,2026-04-23,daegu-city,기후환경정책과,이마트칠성점,2026년 제1회 「대구광역시 2050 탄소중립녹색성자위원회」 개최에 따른 다과구입비 지출,153160,7425b3f6ba9d13627944e8e7ff2e8ef814930e714d0eb564caa0dd5d7805269c,sheet2:R20,,,
7425b3f6ba9d1362-sheet2-R21,2026-05-14,daegu-city,기후환경정책과,이마트칠성점,상반기 온실가스 배출권거래제 교육 개최에 따른 다과 구입,99970,7425b3f6ba9d13627944e8e7ff2e8ef814930e714d0eb564caa0dd5d7805269c,sheet2:R21,,,
7425b3f6ba9d1362-sheet2-R22,2026-05-14,daegu-city,기후환경정책과,거산이가네더덕밥,간담회 개최에 따른 경비 지출,240300,7425b3f6ba9d13627944e8e7ff2e8ef814930e714d0eb564caa0dd5d7805269c,sheet2:R22,,,
7425b3f6ba9d1362-sheet2-R23,2026-05-15,daegu-city,기후환경정책과,보백관,온실가스 배출권거래제 교육 추진 관계자 간담회 개최비용 지출,100000,7425b3f6ba9d13627944e8e7ff2e8ef814930e714d0eb564caa0dd5d7805269c,sheet2:R23,,,
7425b3f6ba9d1362-sheet2-R24,2026-05-19,daegu-city,기후환경정책과,대백마트,악취개선추진단(TF) 28차 회의 개최에 따른 다과 구입비 지출,180000,7425b3f6ba9d13627944e8e7ff2e8ef814930e714d0eb564caa0dd5d7805269c,sheet2:R24,,,
7425b3f6ba9d1362-sheet2-R25,2026-04-15,daegu-city,기후환경정책과,왕이모네식당,간담회 개최에 따른 경비 지출,62000,7425b3f6ba9d13627944e8e7ff2e8ef814930e714d0eb564caa0dd5d7805269c,sheet2:R25,,,
7425b3f6ba9d1362-sheet2-R26,2026-04-17,daegu-city,기후환경정책과,대백마트 외,환경개선부담금 관련 보고회 개최에 따른 경비 지출,95900,7425b3f6ba9d13627944e8e7ff2e8ef814930e714d0eb564caa0dd5d7805269c,sheet2:R26,,,
7425b3f6ba9d1362-sheet2-R27,2026-05-13,daegu-city,기후환경정책과,대백마트 외,생물다양성의 날 기념 가시박 제거 행사 개최에 따른 다과 구입비 지출,320000,7425b3f6ba9d13627944e8e7ff2e8ef814930e714d0eb564caa0dd5d7805269c,sheet2:R27,,,
7425b3f6ba9d1362-sheet2-R28,2026-06-17,daegu-city,기후환경정책과,신암태양칼국수 외,간담회 개최에 따른 경비 지출,157500,7425b3f6ba9d13627944e8e7ff2e8ef814930e714d0eb564caa0dd5d7805269c,sheet2:R28,,,
7425b3f6ba9d1362-sheet2-R29,2026-06-25,daegu-city,기후환경정책과,대백마트,2026년 공공녹색구매 역량강화 교육 및 간담회 개최에 따른 경비 지출,280000,7425b3f6ba9d13627944e8e7ff2e8ef814930e714d0eb564caa0dd5d7805269c,sheet2:R29,,,
068406a2d18d0d95-sheet1-R3,2026-06-09,daegu-city,매곡정수사업소,소장 노창학,부조금 지출,50000,068406a2d18d0d958edd05f3a9bb74cf6b97271231104babcfe2c206f693d1c5,sheet1:R3,,,
068406a2d18d0d95-sheet1-R4,2026-06-16,daegu-city,매곡정수사업소,필마트다사점,내방접객용 차재료 등 구입,125410,068406a2d18d0d958edd05f3a9bb74cf6b97271231104babcfe2c206f693d1c5,sheet1:R4,,,
583eabca68398c39-sheet1-R9,2026-05-12,daegu-city,상수도 사업본부,개인(성명 비공개),경조사 비용 지출,100000,583eabca68398c39fbbf479aee239702a6671930a7834d94196a6dc7f4b162df,sheet1:R9,,,
583eabca68398c39-sheet1-R11,2026-06-26,daegu-city,상수도 사업본부,원조어탕,직원 격려 간담회 경비 지출,66000,583eabca68398c39fbbf479aee239702a6671930a7834d94196a6dc7f4b162df,sheet1:R11,,,
583eabca68398c39-sheet2-R8,2026-06-05,daegu-city,상수도 사업본부,라꾸엔 외1,본부 시책사업 협의 관련 간담회 비용 지출,77400,583eabca68398c39fbbf479aee239702a6671930a7834d94196a6dc7f4b162df,sheet2:R8,,,
583eabca68398c39-sheet2-R9,2026-06-17,daegu-city,상수도 사업본부,성주숯불갈비,본부 시책사업 협의 관련 간담회 비용 지출,312000,583eabca68398c39fbbf479aee239702a6671930a7834d94196a6dc7f4b162df,sheet2:R9,,,
583eabca68398c39-sheet2-R10,2026-06-19,daegu-city,상수도 사업본부,라꾸엔 외 1,본부 시책사업 협의 관련 간담회 비용 지출,76500,583eabca68398c39fbbf479aee239702a6671930a7834d94196a6dc7f4b162df,sheet2:R10,,,
583eabca68398c39-sheet2-R11,2026-06-19,daegu-city,상수도 사업본부,싱싱회해산물,본부 시책사업 협의 관련 간담회 비용 지출,312000,583eabca68398c39fbbf479aee239702a6671930a7834d94196a6dc7f4b162df,sheet2:R11,,,
583eabca68398c39-sheet2-R12,2026-06-15,daegu-city,상수도 사업본부,방어진참가자미회,본부 시책사업 협의 관련 간담회 비용 지출,300000,583eabca68398c39fbbf479aee239702a6671930a7834d94196a6dc7f4b162df,sheet2:R12,,,
583eabca68398c39-sheet2-R13,2026-06-26,daegu-city,상수도 사업본부,요바나시,본부 시책사업 협의 관련 간담회 비용 지출,119400,583eabca68398c39fbbf479aee239702a6671930a7834d94196a6dc7f4b162df,sheet2:R13,,,
db45b5d5e1c4fcd3-sheet1-R4,2026-04-10,daegu-city,섬유패션과,온돌방,대구패션주얼리특구 역량 강화 사업 추진 관련 간담회 경비 지출,80000,db45b5d5e1c4fcd33e4a4f4e275a02c0fb1e541a78a32a07150fdfe28d4a9410,sheet1:R4,,,
db45b5d5e1c4fcd3-sheet1-R5,2026-04-14,daegu-city,섬유패션과,팔선생,대구국제안경전(DIOPS) 업무 추진 관련 간담회 경비 지출,200000,db45b5d5e1c4fcd33e4a4f4e275a02c0fb1e541a78a32a07150fdfe28d4a9410,sheet1:R5,,,
db45b5d5e1c4fcd3-sheet1-R6,2026-04-22,daegu-city,섬유패션과,동보성,펙스코 활성화 관련 간담회 경비 지출,93000,db45b5d5e1c4fcd33e4a4f4e275a02c0fb1e541a78a32a07150fdfe28d4a9410,sheet1:R6,,,
db45b5d5e1c4fcd3-sheet1-R7,2026-05-07,daegu-city,섬유패션과,비프다이닝온도,국비사업 추진 관련 간담회 경비 지출,162000,db45b5d5e1c4fcd33e4a4f4e275a02c0fb1e541a78a32a07150fdfe28d4a9410,sheet1:R7,,,
db45b5d5e1c4fcd3-sheet1-R8,2026-05-11,daegu-city,섬유패션과,경주아화전통국수,국비사업 추진 관련 간담회 경비 지출,38500,db45b5d5e1c4fcd33e4a4f4e275a02c0fb1e541a78a32a07150fdfe28d4a9410,sheet1:R8,,,
db45b5d5e1c4fcd3-sheet1-R9,2026-05-18,daegu-city,섬유패션과,개정 인터불고 호텔점,펙스코 활성화 관련 간담회 경비 지출,74000,db45b5d5e1c4fcd33e4a4f4e275a02c0fb1e541a78a32a07150fdfe28d4a9410,sheet1:R9,,,
db45b5d5e1c4fcd3-sheet1-R10,2026-05-20,daegu-city,섬유패션과,서리재 서울역점,스마트글라스 업무 협의 관련 간담회 경비 지출,49900,db45b5d5e1c4fcd33e4a4f4e275a02c0fb1e541a78a32a07150fdfe28d4a9410,sheet1:R10,,,
db45b5d5e1c4fcd3-sheet1-R11,2026-05-29,daegu-city,섬유패션과,개정 더 현대대구,지역 패션산업 활성화 관련 간담회 경비 지출,90000,db45b5d5e1c4fcd33e4a4f4e275a02c0fb1e541a78a32a07150fdfe28d4a9410,sheet1:R11,,,
db45b5d5e1c4fcd3-sheet1-R12,2026-06-11,daegu-city,섬유패션과,순남시래기,PID 업무협의 관련 간담회 경비 지출,39000,db45b5d5e1c4fcd33e4a4f4e275a02c0fb1e541a78a32a07150fdfe28d4a9410,sheet1:R12,,,
db45b5d5e1c4fcd3-sheet1-R13,2026-06-15,daegu-city,섬유패션과,명성가 대구구지점,지역 섬유업계 현황 청취 간담회 경비 지출,91000,db45b5d5e1c4fcd33e4a4f4e275a02c0fb1e541a78a32a07150fdfe28d4a9410,sheet1:R13,,,
db45b5d5e1c4fcd3-sheet1-R14,2026-06-19,daegu-city,섬유패션과,정담디,펙스코 활성화 관련 간담회 경비 지출,17550,db45b5d5e1c4fcd33e4a4f4e275a02c0fb1e541a78a32a07150fdfe28d4a9410,sheet1:R14,,,
db45b5d5e1c4fcd3-sheet1-R15,2026-06-25,daegu-city,섬유패션과,강산면옥,지역 섬유산업 발전방안 관련 간담회 경비 지출,53000,db45b5d5e1c4fcd33e4a4f4e275a02c0fb1e541a78a32a07150fdfe28d4a9410,sheet1:R15,,,
db45b5d5e1c4fcd3-sheet1-R16,2026-06-26,daegu-city,섬유패션과,온돌방,지역 섬유패션산업 발전방안 관련 간담회 경비 지출,80000,db45b5d5e1c4fcd33e4a4f4e275a02c0fb1e541a78a32a07150fdfe28d4a9410,sheet1:R16,,,
bfe216dbaf1626ce-sheet1-R4,2026-04-01,daegu-city,투자유치과,투자유치과,직원 경조사비 지출,50000,bfe216dbaf1626cea2b01d515894f28771a3420285eb1c7d07190d8bedd3bede,sheet1:R4,,,
bfe216dbaf1626ce-sheet1-R5,2026-04-01,daegu-city,투자유치과,스타벅스,투자유치 업무협의를 위한 간담회 비용 지출(원스톱기업투자센터장),19200,bfe216dbaf1626cea2b01d515894f28771a3420285eb1c7d07190d8bedd3bede,sheet1:R5,,,
bfe216dbaf1626ce-sheet1-R6,2026-04-03,daegu-city,투자유치과,벤베누띠,투자유치 업무협의를 위한 간담회 비용 지출(원스톱기업투자센터장),74000,bfe216dbaf1626cea2b01d515894f28771a3420285eb1c7d07190d8bedd3bede,sheet1:R6,,,
bfe216dbaf1626ce-sheet1-R7,2026-04-06,daegu-city,투자유치과,창미고깃집,투자유치 업무협의를 위한 간담회 비용 지출(원스톱기업투자센터장),93000,bfe216dbaf1626cea2b01d515894f28771a3420285eb1c7d07190d8bedd3bede,sheet1:R7,,,
bfe216dbaf1626ce-sheet1-R8,2026-04-07,daegu-city,투자유치과,오봉산 만두전골,투자유치 업무협의를 위한 간담회 비용 지출(원스톱기업투자센터장),51000,bfe216dbaf1626cea2b01d515894f28771a3420285eb1c7d07190d8bedd3bede,sheet1:R8,,,
bfe216dbaf1626ce-sheet1-R9,2026-04-08,daegu-city,투자유치과,거산 이가네더덕밥,투자유치 업무협의를 위한 간담회 비용 지출(원스톱기업투자센터장),78000,bfe216dbaf1626cea2b01d515894f28771a3420285eb1c7d07190d8bedd3bede,sheet1:R9,,,
bfe216dbaf1626ce-sheet1-R10,2026-04-08,daegu-city,투자유치과,만제네 범어점,투자유치 업무협의를 위한 간담회 비용 지출(원스톱기업투자센터장),272000,bfe216dbaf1626cea2b01d515894f28771a3420285eb1c7d07190d8bedd3bede,sheet1:R10,,,
bfe216dbaf1626ce-sheet1-R11,2026-04-09,daegu-city,투자유치과,신라숯불가든식당,투자유치 업무협의를 위한 간담회 비용 지출,180000,bfe216dbaf1626cea2b01d515894f28771a3420285eb1c7d07190d8bedd3bede,sheet1:R11,,,
bfe216dbaf1626ce-sheet1-R12,2026-04-13,daegu-city,투자유치과,등푸른 생선집,투자유치 업무협의를 위한 간담회 비용 지출(원스톱기업투자센터장),95000,bfe216dbaf1626cea2b01d515894f28771a3420285eb1c7d07190d8bedd3bede,sheet1:R12,,,
bfe216dbaf1626ce-sheet1-R13,2026-04-15,daegu-city,투자유치과,감포생밀복,직원 격려를 위한 간담회 비용 지출(원스톱기업투자센터장),84000,bfe216dbaf1626cea2b01d515894f28771a3420285eb1c7d07190d8bedd3bede,sheet1:R13,,,
bfe216dbaf1626ce-sheet1-R14,2026-04-20,daegu-city,투자유치과,섬부가든,투자유치 업무협의를 위한 간담회 비용 지출(원스톱기업투자센터장),203000,bfe216dbaf1626cea2b01d515894f28771a3420285eb1c7d07190d8bedd3bede,sheet1:R14,,,
bfe216dbaf1626ce-sheet1-R15,2026-04-22,daegu-city,투자유치과,더 부자백숙 본점,투자유치 업무협의를 위한 간담회 비용 지출(원스톱기업투자센터장),80000,bfe216dbaf1626cea2b01d515894f28771a3420285eb1c7d07190d8bedd3bede,sheet1:R15,,,
bfe216dbaf1626ce-sheet1-R16,2026-04-22,daegu-city,투자유치과,옛골쌈밥,투자유치 업무협의를 위한 간담회 비용 지출,48000,bfe216dbaf1626cea2b01d515894f28771a3420285eb1c7d07190d8bedd3bede,sheet1:R16,,,
bfe216dbaf1626ce-sheet1-R17,2026-04-23,daegu-city,투자유치과,광성복어,투자유치 업무협의를 위한 간담회 비용 지출(원스톱기업투자센터장),140000,bfe216dbaf1626cea2b01d515894f28771a3420285eb1c7d07190d8bedd3bede,sheet1:R17,,,
bfe216dbaf1626ce-sheet1-R18,2026-04-24,daegu-city,투자유치과,청록 외 1,투자유치 업무협의를 위한 간담회 비용 지출(원스톱기업투자센터장),241000,bfe216dbaf1626cea2b01d515894f28771a3420285eb1c7d07190d8bedd3bede,sheet1:R18,,,
bfe216dbaf1626ce-sheet1-R19,2026-04-24,daegu-city,투자유치과,무화식당,투자유치 업무협의를 위한 간담회 비용 지출(원스톱기업투자센터장),92000,bfe216dbaf1626cea2b01d515894f28771a3420285eb1c7d07190d8bedd3bede,sheet1:R19,,,
bfe216dbaf1626ce-sheet1-R20,2026-04-29,daegu-city,투자유치과,무샤,투자유치 업무협의를 위한 간담회 비용 지출(원스톱기업투자센터장),150000,bfe216dbaf1626cea2b01d515894f28771a3420285eb1c7d07190d8bedd3bede,sheet1:R20,,,
bfe216dbaf1626ce-sheet1-R21,2026-04-29,daegu-city,투자유치과,다이닝원 반월당점,2026년 상반기 투자유치과 체육문화행사 경비 지출(부서운영업무추진비),300400,bfe216dbaf1626cea2b01d515894f28771a3420285eb1c7d07190d8bedd3bede,sheet1:R21,,,
bfe216dbaf1626ce-sheet1-R22,2026-04-30,daegu-city,투자유치과,본가장수촌,투자유치 업무협의를 위한 간담회 비용 지출(원스톱기업투자센터장),100000,bfe216dbaf1626cea2b01d515894f28771a3420285eb1c7d07190d8bedd3bede,sheet1:R22,,,
bfe216dbaf1626ce-sheet1-R23,2026-04-30,daegu-city,투자유치과,섬부가든,직원 격려를 위한 간담회 비용 지출(원스톱기업투자센터장),179000,bfe216dbaf1626cea2b01d515894f28771a3420285eb1c7d07190d8bedd3bede,sheet1:R23,,,
bfe216dbaf1626ce-sheet1-R24,2026-04-30,daegu-city,투자유치과,효목골막창,직원 격려를 위한 간담회 경비 지출,150000,bfe216dbaf1626cea2b01d515894f28771a3420285eb1c7d07190d8bedd3bede,sheet1:R24,,,
bfe216dbaf1626ce-sheet1-R25,2026-05-06,daegu-city,투자유치과,경주식당 외 1,투자유치 업무협의를 위한 간담회 비용 지출(원스톱기업투자센터장),147500,bfe216dbaf1626cea2b01d515894f28771a3420285eb1c7d07190d8bedd3bede,sheet1:R25,,,
bfe216dbaf1626ce-sheet1-R26,2026-05-11,daegu-city,투자유치과,백림정,투자유치 업무협의를 위한 간담회 비용 지출,90000,bfe216dbaf1626cea2b01d515894f28771a3420285eb1c7d07190d8bedd3bede,sheet1:R26,,,
bfe216dbaf1626ce-sheet1-R27,2026-05-14,daegu-city,투자유치과,가다선가,직원 격려를 위한 간담회 비용 지출(원스톱기업투자센터장),263000,bfe216dbaf1626cea2b01d515894f28771a3420285eb1c7d07190d8bedd3bede,sheet1:R27,,,
bfe216dbaf1626ce-sheet1-R28,2026-05-14,daegu-city,투자유치과,투썸플레이스 대구삼덕점,투자유치 업무협의를 위한 간담회 비용 지출(원스톱기업투자센터장),28600,bfe216dbaf1626cea2b01d515894f28771a3420285eb1c7d07190d8bedd3bede,sheet1:R28,,,
bfe216dbaf1626ce-sheet1-R29,2026-05-18,daegu-city,투자유치과,방천야시장2호점,투자유치 업무협의를 위한 간담회 비용 지출,150000,bfe216dbaf1626cea2b01d515894f28771a3420285eb1c7d07190d8bedd3bede,sheet1:R29,,,
bfe216dbaf1626ce-sheet1-R30,2026-05-19,daegu-city,투자유치과,대니골가든 외 1,투자유치 업무협의를 위한 간담회 비용 지출(원스톱기업투자센터장),105700,bfe216dbaf1626cea2b01d515894f28771a3420285eb1c7d07190d8bedd3bede,sheet1:R30,,,
bfe216dbaf1626ce-sheet1-R31,2026-05-20,daegu-city,투자유치과,방어진참가자미회 범어점,투자유치 업무협의를 위한 간담회 비용 지출(원스톱기업투자센터장),234000,bfe216dbaf1626cea2b01d515894f28771a3420285eb1c7d07190d8bedd3bede,sheet1:R31,,,
bfe216dbaf1626ce-sheet1-R32,2026-05-21,daegu-city,투자유치과,이디야 복현오거리점,투자유치 업무협의를 위한 간담회 비용 지출,37100,bfe216dbaf1626cea2b01d515894f28771a3420285eb1c7d07190d8bedd3bede,sheet1:R32,,,
bfe216dbaf1626ce-sheet1-R33,2026-05-26,daegu-city,투자유치과,소나무식당,직원 격려를 위한 간담회 비용 지출(원스톱기업투자센터장),400000,bfe216dbaf1626cea2b01d515894f28771a3420285eb1c7d07190d8bedd3bede,sheet1:R33,,,
bfe216dbaf1626ce-sheet1-R34,2026-05-26,daegu-city,투자유치과,이태형의 메구미 외 1,투자유치 업무협의를 위한 간담회 비용 지출(원스톱기업투자센터장),306580,bfe216dbaf1626cea2b01d515894f28771a3420285eb1c7d07190d8bedd3bede,sheet1:R34,,,
bfe216dbaf1626ce-sheet1-R35,2026-05-26,daegu-city,투자유치과,대해구이,투자유치 업무협의를 위한 간담회 비용 지출,351000,bfe216dbaf1626cea2b01d515894f28771a3420285eb1c7d07190d8bedd3bede,sheet1:R35,,,
bfe216dbaf1626ce-sheet1-R36,2026-05-26,daegu-city,투자유치과,해덕한우,투자유치 업무협의를 위한 간담회 비용 지출(원스톱기업투자센터장),300000,bfe216dbaf1626cea2b01d515894f28771a3420285eb1c7d07190d8bedd3bede,sheet1:R36,,,
bfe216dbaf1626ce-sheet1-R37,2026-05-29,daegu-city,투자유치과,카페펌킨 현대시티아울렛 대구점,투자유치 업무협의를 위한 간담회 비용 지출,57000,bfe216dbaf1626cea2b01d515894f28771a3420285eb1c7d07190d8bedd3bede,sheet1:R37,,,
bfe216dbaf1626ce-sheet1-R38,2026-06-02,daegu-city,투자유치과,라이첸 침산직영점,직원 격려를 위한 간담회 비용 지출(원스톱기업투자센터장),64000,bfe216dbaf1626cea2b01d515894f28771a3420285eb1c7d07190d8bedd3bede,sheet1:R38,,,
bfe216dbaf1626ce-sheet1-R39,2026-06-04,daegu-city,투자유치과,달성면옥,투자유치 업무협의를 위한 간담회 비용 지출,73000,bfe216dbaf1626cea2b01d515894f28771a3420285eb1c7d07190d8bedd3bede,sheet1:R39,,,
bfe216dbaf1626ce-sheet1-R40,2026-06-04,daegu-city,투자유치과,찬앤찬막창,신세계사이먼 부지 확장에 따른 업무협의를 위한 간담회 비용 지출,200000,bfe216dbaf1626cea2b01d515894f28771a3420285eb1c7d07190d8bedd3bede,sheet1:R40,,,
bfe216dbaf1626ce-sheet1-R41,2026-06-04,daegu-city,투자유치과,만복이쭈꾸미 낙지볶음,투자유치 업무 협의를 위한 간담회 비용 지출,66000,bfe216dbaf1626cea2b01d515894f28771a3420285eb1c7d07190d8bedd3bede,sheet1:R41,,,
bfe216dbaf1626ce-sheet1-R42,2026-06-05,daegu-city,투자유치과,차이 797,투자유치 업무협의를 위한 간담회 비용 지출(원스톱기업투자센터장),245000,bfe216dbaf1626cea2b01d515894f28771a3420285eb1c7d07190d8bedd3bede,sheet1:R42,,,
bfe216dbaf1626ce-sheet1-R43,2026-06-10,daegu-city,투자유치과,산더미미성돼지국밥 동대구역점,직원 격려를 위한 간담회 비용 지출(원스톱기업투자센터장),175000,bfe216dbaf1626cea2b01d515894f28771a3420285eb1c7d07190d8bedd3bede,sheet1:R43,,,
bfe216dbaf1626ce-sheet1-R44,2026-06-11,daegu-city,투자유치과,더 부자백숙 본점 외 1,투자유치 업무협의를 위한 간담회 비용 지출(원스톱기업투자센터장),87300,bfe216dbaf1626cea2b01d515894f28771a3420285eb1c7d07190d8bedd3bede,sheet1:R44,,,
7bd828d9b3550c0f-sheet1-R6,2026-04-02,daegu-city,상수도사업본부 동부사업소,-,직원 경조사비 지출,50000,7bd828d9b3550c0f9aa1a0ef2f8342a17c7870dbc780c440212e774d06ce981b,sheet1:R6,,,
7bd828d9b3550c0f-sheet1-R7,2026-04-20,daegu-city,상수도사업본부 동부사업소,대구삼계탕,업무협의 간담회 경비 지출,162000,7bd828d9b3550c0f9aa1a0ef2f8342a17c7870dbc780c440212e774d06ce981b,sheet1:R7,,,
7bd828d9b3550c0f-sheet1-R8,2026-04-23,daegu-city,상수도사업본부 동부사업소,전원숯불(범어점),업무협의 간담회 경비 지출,22000,7bd828d9b3550c0f9aa1a0ef2f8342a17c7870dbc780c440212e774d06ce981b,sheet1:R8,,,
7bd828d9b3550c0f-sheet1-R9,2026-04-23,daegu-city,상수도사업본부 동부사업소,무화커피,업무협의 간담회 경비 지출,11300,7bd828d9b3550c0f9aa1a0ef2f8342a17c7870dbc780c440212e774d06ce981b,sheet1:R9,,,
7bd828d9b3550c0f-sheet1-R10,2026-04-29,daegu-city,상수도사업본부 동부사업소,설청국장 외 1,업무협의 간담회 경비 지출,69600,7bd828d9b3550c0f9aa1a0ef2f8342a17c7870dbc780c440212e774d06ce981b,sheet1:R10,,,
7bd828d9b3550c0f-sheet1-R11,2026-05-13,daegu-city,상수도사업본부 동부사업소,박윤정옛살나비추어탕,업무협의 간담회 경비 지출,89000,7bd828d9b3550c0f9aa1a0ef2f8342a17c7870dbc780c440212e774d06ce981b,sheet1:R11,,,
7bd828d9b3550c0f-sheet1-R12,2026-05-14,daegu-city,상수도사업본부 동부사업소,-,직원 경조사비 지출,50000,7bd828d9b3550c0f9aa1a0ef2f8342a17c7870dbc780c440212e774d06ce981b,sheet1:R12,,,
7bd828d9b3550c0f-sheet1-R13,2026-05-22,daegu-city,상수도사업본부 동부사업소,-,직원 경조사비 지출,50000,7bd828d9b3550c0f9aa1a0ef2f8342a17c7870dbc780c440212e774d06ce981b,sheet1:R13,,,
7bd828d9b3550c0f-sheet1-R14,2026-06-01,daegu-city,상수도사업본부 동부사업소,신암태양칼국수 외 1,업무협의 간담회 경비 지출,42000,7bd828d9b3550c0f9aa1a0ef2f8342a17c7870dbc780c440212e774d06ce981b,sheet1:R14,,,
7bd828d9b3550c0f-sheet1-R15,2026-06-16,daegu-city,상수도사업본부 동부사업소,-,직원 경조사비 지출,50000,7bd828d9b3550c0f9aa1a0ef2f8342a17c7870dbc780c440212e774d06ce981b,sheet1:R15,,,
7bd828d9b3550c0f-sheet1-R16,2026-06-30,daegu-city,상수도사업본부 동부사업소,애플마켓신암점,내방객 접대용 음료 구입,29000,7bd828d9b3550c0f9aa1a0ef2f8342a17c7870dbc780c440212e774d06ce981b,sheet1:R16,,,
87cb028288645761-sheet1-R5,2026-05-06,daegu-city,지능정보화담당관,쿠우쿠우,D-클라우드 재해복구 모의훈련 관련 간담회 개최에 따른 급식비 지출,160000,87cb0282886457613f62b1f4fb5f292a31a602d6d4bbb0195c59fa99d579240f,sheet1:R5,,,
87cb028288645761-sheet1-R6,2026-05-13,daegu-city,지능정보화담당관,고잇집,2026년 정보통신보조기기 체험전시회 관련 간담회 개최에 따른 급식비 지출,72000,87cb0282886457613f62b1f4fb5f292a31a602d6d4bbb0195c59fa99d579240f,sheet1:R6,,,
87cb028288645761-sheet1-R7,2026-05-15,daegu-city,지능정보화담당관,고기9단,한국지역정보개발원 지자체 소통협력 강화를 위한 간담회 개최에 따른 급식비 지출,100000,87cb0282886457613f62b1f4fb5f292a31a602d6d4bbb0195c59fa99d579240f,sheet1:R7,,,
87cb028288645761-sheet1-R8,2026-05-21,daegu-city,지능정보화담당관,호남정,사이버침해대응센터 운영 관련 간담회 개최에 따른 급식비 지출,162000,87cb0282886457613f62b1f4fb5f292a31a602d6d4bbb0195c59fa99d579240f,sheet1:R8,,,
87cb028288645761-sheet1-R9,2026-05-19,daegu-city,지능정보화담당관,시민초밥,AI 행정혁신 역량강화 사업 관련 간담회 개최에 따른 급식비 지출,76000,87cb0282886457613f62b1f4fb5f292a31a602d6d4bbb0195c59fa99d579240f,sheet1:R9,,,
87cb028288645761-sheet1-R10,2026-05-20,daegu-city,지능정보화담당관,스시치치,시 홈페이지 운영 용역 사업 관련 간담회 개최에 따른 급식비 지출,180000,87cb0282886457613f62b1f4fb5f292a31a602d6d4bbb0195c59fa99d579240f,sheet1:R10,,,
47e09d8b67c18915-sheet1-R6,2026-04-22,daegu-city,체육시설관리부 육상진흥센터관리소,"투썸플레이스대구스타디움점, 공심옥",대구광역시 배드민턴협회 업무협의 관련 간담회 경비 지출,122100,47e09d8b67c189153fe5127e8acffb37f08d06853ed88ee7a90f528fa383f21f,sheet1:R6,,,
47e09d8b67c18915-sheet1-R7,2026-04-29,daegu-city,체육시설관리부,스타벅스 코리아,체육시설 운영 관련 유관기관 간담회 경비 지출,41500,47e09d8b67c189153fe5127e8acffb37f08d06853ed88ee7a90f528fa383f21f,sheet1:R7,,,
47e09d8b67c18915-sheet1-R8,2026-05-18,daegu-city,체육시설관리부,슬로우라이프,체육시설 운영 관련 유관기관 간담회 경비 지출,64000,47e09d8b67c189153fe5127e8acffb37f08d06853ed88ee7a90f528fa383f21f,sheet1:R8,,,
47e09d8b67c18915-sheet1-R9,2026-06-10,daegu-city,체육시설관리부,"RULLY COFFEE, 고모역쭈꾸미",체육시설 운영 관련 유관기관 간담회 경비 지출,180000,47e09d8b67c189153fe5127e8acffb37f08d06853ed88ee7a90f528fa383f21f,sheet1:R9,,,
47e09d8b67c18915-sheet1-R10,2026-06-11,daegu-city,체육시설관리부,"이루팜, 뜨돈",체육시설 운영 관련 유관기관 간담회 경비 지출,76700,47e09d8b67c189153fe5127e8acffb37f08d06853ed88ee7a90f528fa383f21f,sheet1:R10,,,
47e09d8b67c18915-sheet1-R11,2026-06-19,daegu-city,체육시설관리부,이디야커피대구시청점,체육시설 운영 관련 유관기관 간담회 경비 지출,13800,47e09d8b67c189153fe5127e8acffb37f08d06853ed88ee7a90f528fa383f21f,sheet1:R11,,,
bb7a0c2515e53819-sheet1-R6,2026-04-06,daegu-city,교통정책과,개인(성명 비공개),경조사비 지출,50000,bb7a0c2515e53819db165cb9975a52f670a3a1243c7053b21fdd46a102fdc921,sheet1:R6,,,
bb7a0c2515e53819-sheet1-R7,2026-04-06,daegu-city,교통정책과,고기9단,직원 격려 경비 지출(기관운영업무추진비),67000,bb7a0c2515e53819db165cb9975a52f670a3a1243c7053b21fdd46a102fdc921,sheet1:R7,,,
bb7a0c2515e53819-sheet1-R8,2026-05-26,daegu-city,교통정책과,제형면옥,직원 격려 경비 지출(기관운영업무추진비),49500,bb7a0c2515e53819db165cb9975a52f670a3a1243c7053b21fdd46a102fdc921,sheet1:R8,,,
bb7a0c2515e53819-sheet1-R9,2026-06-09,daegu-city,교통정책과,개인(성명 비공개),경조사비 지출,50000,bb7a0c2515e53819db165cb9975a52f670a3a1243c7053b21fdd46a102fdc921,sheet1:R9,,,
bb7a0c2515e53819-sheet1-R10,2026-06-10,daegu-city,교통정책과,면장수 앞산점,직원 격려 경비 지출(기관운영업무추진비),53000,bb7a0c2515e53819db165cb9975a52f670a3a1243c7053b21fdd46a102fdc921,sheet1:R10,,,
bb7a0c2515e53819-sheet1-R11,2026-06-10,daegu-city,교통정책과,개인(성명 비공개),경조사비 지출,50000,bb7a0c2515e53819db165cb9975a52f670a3a1243c7053b21fdd46a102fdc921,sheet1:R11,,,
bb7a0c2515e53819-sheet1-R12,2026-06-11,daegu-city,교통정책과,벽강식당,직원 격려 경비 지출(기관운영업무추진비),72000,bb7a0c2515e53819db165cb9975a52f670a3a1243c7053b21fdd46a102fdc921,sheet1:R12,,,
bb7a0c2515e53819-sheet2-R6,2026-04-08,daegu-city,교통정책과,거궁,고유가 극복을 위한 교통물류업계 간담회 경비 지출,342000,bb7a0c2515e53819db165cb9975a52f670a3a1243c7053b21fdd46a102fdc921,sheet2:R6,,,
bb7a0c2515e53819-sheet2-R7,2026-04-08,daegu-city,교통정책과,안주가든,정부 추경예산(안) 관련 간담회 경비 지출,200000,bb7a0c2515e53819db165cb9975a52f670a3a1243c7053b21fdd46a102fdc921,sheet2:R7,,,
bb7a0c2515e53819-sheet2-R8,2026-04-15,daegu-city,교통정책과,로타리식당,K-패스 카드 관련 간담회 경비 지출,150000,bb7a0c2515e53819db165cb9975a52f670a3a1243c7053b21fdd46a102fdc921,sheet2:R8,,,
bb7a0c2515e53819-sheet2-R9,2026-04-17,daegu-city,교통정책과,조르지오 피렌체,집회 등 교통관리대책 관련 간담회 개최,57800,bb7a0c2515e53819db165cb9975a52f670a3a1243c7053b21fdd46a102fdc921,sheet2:R9,,,
bb7a0c2515e53819-sheet2-R10,2026-04-20,daegu-city,교통정책과,또마르,행사 교통·안전 관리 관련 간담회 개최,203000,bb7a0c2515e53819db165cb9975a52f670a3a1243c7053b21fdd46a102fdc921,sheet2:R10,,,
bb7a0c2515e53819-sheet2-R11,2026-04-21,daegu-city,교통정책과,원조할매곰탕집,광역교통망 관련 간담회 개최,57000,bb7a0c2515e53819db165cb9975a52f670a3a1243c7053b21fdd46a102fdc921,sheet2:R11,,,
bb7a0c2515e53819-sheet2-R12,2026-04-22,daegu-city,교통정책과,세종 오이시,건설사업 발주 관련 간담회 개최,120000,bb7a0c2515e53819db165cb9975a52f670a3a1243c7053b21fdd46a102fdc921,sheet2:R12,,,
bb7a0c2515e53819-sheet2-R13,2026-05-07,daegu-city,교통정책과,세종 오이시,UAM 공모사업 관련 간담회 경비 지출,90000,bb7a0c2515e53819db165cb9975a52f670a3a1243c7053b21fdd46a102fdc921,sheet2:R13,,,
bb7a0c2515e53819-sheet2-R14,2026-05-13,daegu-city,교통정책과,섬부가든,도시철도 4호선 공약사항 관련 간담회 경비 지출,64000,bb7a0c2515e53819db165cb9975a52f670a3a1243c7053b21fdd46a102fdc921,sheet2:R14,,,
bb7a0c2515e53819-sheet2-R15,2026-05-18,daegu-city,교통정책과,해화담,고속도로 건설계획 관련 간담회 경비 지출,292000,bb7a0c2515e53819db165cb9975a52f670a3a1243c7053b21fdd46a102fdc921,sheet2:R15,,,
bb7a0c2515e53819-sheet2-R16,2026-05-27,daegu-city,교통정책과,목이참치,노사 임단협 관련 간담회 경비 지출,229000,bb7a0c2515e53819db165cb9975a52f670a3a1243c7053b21fdd46a102fdc921,sheet2:R16,,,
bb7a0c2515e53819-sheet2-R17,2026-06-04,daegu-city,교통정책과,광성복어,원대역 건설계획 관련 간담회 경비 지출,224000,bb7a0c2515e53819db165cb9975a52f670a3a1243c7053b21fdd46a102fdc921,sheet2:R17,,,
bb7a0c2515e53819-sheet2-R18,2026-06-08,daegu-city,교통정책과,동대구근대골목단팥빵,대구경북광역철도 예타 관련 간담회 경비 지출,53600,bb7a0c2515e53819db165cb9975a52f670a3a1243c7053b21fdd46a102fdc921,sheet2:R18,,,
bb7a0c2515e53819-sheet2-R19,2026-06-10,daegu-city,교통정책과,목이 참치,도시철도 4호선 관련 간담회 경비 지출,292000,bb7a0c2515e53819db165cb9975a52f670a3a1243c7053b21fdd46a102fdc921,sheet2:R19,,,
bb7a0c2515e53819-sheet2-R20,2026-06-22,daegu-city,교통정책과,충무회타운,현안업무 추진 관련 간담회 경비 지출,223000,bb7a0c2515e53819db165cb9975a52f670a3a1243c7053b21fdd46a102fdc921,sheet2:R20,,,
bb7a0c2515e53819-sheet2-R21,2026-06-25,daegu-city,교통정책과,명장복집,턴키 설계변경 관련 간담회 경비 지출,139000,bb7a0c2515e53819db165cb9975a52f670a3a1243c7053b21fdd46a102fdc921,sheet2:R21,,,
bb7a0c2515e53819-sheet2-R22,2026-06-29,daegu-city,교통정책과,이가네양꼬치양갈비,어린이보호구역 가변속도 운영 관련 간담회 경비 지출,208000,bb7a0c2515e53819db165cb9975a52f670a3a1243c7053b21fdd46a102fdc921,sheet2:R22,,,
bb7a0c2515e53819-sheet2-R23,2026-06-30,daegu-city,교통정책과,조르지오 피렌체,도시철도 4호선 관련 간담회 경비 지출,92100,bb7a0c2515e53819db165cb9975a52f670a3a1243c7053b21fdd46a102fdc921,sheet2:R23,,,
b06fd822ab70ffa0-sheet1-R6,2026-04-14,daegu-city,교통정책과,제주반상,교통사업 홍보 관련 간담회 경비 지출,51000,b06fd822ab70ffa051431caf71bc28dee6b2bc290723ad67edd623fa57fa13fd,sheet1:R6,,,
b06fd822ab70ffa0-sheet1-R7,2026-04-21,daegu-city,교통정책과,육십오도시,"2026년 제6차, 7차 교통영향평가심의위원회 개최에 따른 다과비 지출",200000,b06fd822ab70ffa051431caf71bc28dee6b2bc290723ad67edd623fa57fa13fd,sheet1:R7,,,
b06fd822ab70ffa0-sheet1-R8,2026-05-20,daegu-city,교통정책과,필마트,2026년 제8차 교통영향평가심의위원회 개최에 따른 다과비 지출,130000,b06fd822ab70ffa051431caf71bc28dee6b2bc290723ad67edd623fa57fa13fd,sheet1:R8,,,
b06fd822ab70ffa0-sheet1-R9,2026-06-26,daegu-city,교통정책과,필마트,2026 주민제안사업 2차 교통분과회의 개최에 따른 다과비 지출,150000,b06fd822ab70ffa051431caf71bc28dee6b2bc290723ad67edd623fa57fa13fd,sheet1:R9,,,
3dc3b029c6c5badd-sheet1-R6,2026-06-30,daegu-city,상수도사업본부 중남부사업소,개인(성명 비공개),직원 경조사비 지출,50000,3dc3b029c6c5badde20beffc665b7d10da9e424afded245c3d4dc17008a266f3,sheet1:R6,,,
7fcd845e32dfe822-sheet1-R5,2026-04-10,daegu-city,동부소방서,개인(성명 비공개),기관운영업무추진비 지출,150000,7fcd845e32dfe82206b9e6af332bcfec4d7e0a0093b353797d3796459fad4f7d,sheet1:R5,,,
7fcd845e32dfe822-sheet1-R6,2026-04-27,daegu-city,동부소방서,개인(성명 비공개),기관운영업무추진비 지출,50000,7fcd845e32dfe82206b9e6af332bcfec4d7e0a0093b353797d3796459fad4f7d,sheet1:R6,,,
7fcd845e32dfe822-sheet1-R7,2026-05-26,daegu-city,동부소방서,개인(성명 비공개),기관운영업무추진비 지출,100000,7fcd845e32dfe82206b9e6af332bcfec4d7e0a0093b353797d3796459fad4f7d,sheet1:R7,,,
7fcd845e32dfe822-sheet1-R8,2026-05-26,daegu-city,동부소방서,개인(성명 비공개),기관운영업무추진비 지출,50000,7fcd845e32dfe82206b9e6af332bcfec4d7e0a0093b353797d3796459fad4f7d,sheet1:R8,,,
7fcd845e32dfe822-sheet1-R9,2026-05-27,daegu-city,동부소방서,개인(성명 비공개),기관운영업무추진비 지출,50000,7fcd845e32dfe82206b9e6af332bcfec4d7e0a0093b353797d3796459fad4f7d,sheet1:R9,,,
7fcd845e32dfe822-sheet1-R10,2026-06-10,daegu-city,동부소방서,개인(성명 비공개),기관운영업무추진비 지출,100000,7fcd845e32dfe82206b9e6af332bcfec4d7e0a0093b353797d3796459fad4f7d,sheet1:R10,,,
7fcd845e32dfe822-sheet2-R5,2026-06-23,daegu-city,동부구조대,열정국밥,기관운영업무추진비(간담회) 지출(동부구조대),137000,7fcd845e32dfe82206b9e6af332bcfec4d7e0a0093b353797d3796459fad4f7d,sheet2:R5,,,
7fcd845e32dfe822-sheet2-R6,2026-06-25,daegu-city,동부구조대,목경한우,기관운영업무추진비(간담회) 지출(동부구조대),200000,7fcd845e32dfe82206b9e6af332bcfec4d7e0a0093b353797d3796459fad4f7d,sheet2:R6,,,
7fcd845e32dfe822-sheet2-R7,2026-06-30,daegu-city,동부구조대,상구네돼지구이(율하점),기관운영업무추진비(간담회) 지출(동부구조대),98000,7fcd845e32dfe82206b9e6af332bcfec4d7e0a0093b353797d3796459fad4f7d,sheet2:R7,,,
7fcd845e32dfe822-sheet3-R5,2026-04-06,daegu-city,신천구조대,만재네,기관운영 업무추진비 지출(신천구조대),100000,7fcd845e32dfe82206b9e6af332bcfec4d7e0a0093b353797d3796459fad4f7d,sheet3:R5,,,
7fcd845e32dfe822-sheet3-R6,2026-06-04,daegu-city,신천구조대,밥이 맛있는 횟집 해양수산,기관운영 업무추진비 지출(신천구조대),72000,7fcd845e32dfe82206b9e6af332bcfec4d7e0a0093b353797d3796459fad4f7d,sheet3:R6,,,
7fcd845e32dfe822-sheet3-R7,2026-06-05,daegu-city,신천구조대,밥이 맛있는 횟집 해양수산,기관운영 업무추진비 지출(신천구조대),74000,7fcd845e32dfe82206b9e6af332bcfec4d7e0a0093b353797d3796459fad4f7d,sheet3:R7,,,
7fcd845e32dfe822-sheet4-R5,2026-05-27,daegu-city,동부119구급대,동보성,기관운영업무추진비 지출(119구급대),193500,7fcd845e32dfe82206b9e6af332bcfec4d7e0a0093b353797d3796459fad4f7d,sheet4:R5,,,
7fcd845e32dfe822-sheet4-R6,2026-06-29,daegu-city,동부119구급대,전원숯불,기관운영업무추진비 지출(119구급대),100000,7fcd845e32dfe82206b9e6af332bcfec4d7e0a0093b353797d3796459fad4f7d,sheet4:R6,,,
7fcd845e32dfe822-sheet5-R5,2026-05-26,daegu-city,혁신119안전센터,교동면옥 신천점,기관운영 업무추진비 지출(혁신),106000,7fcd845e32dfe82206b9e6af332bcfec4d7e0a0093b353797d3796459fad4f7d,sheet5:R5,,,
7fcd845e32dfe822-sheet5-R6,2026-06-25,daegu-city,혁신119안전센터,주식회사 풍년화로,기관운영 업무추진비 지출(혁신),200000,7fcd845e32dfe82206b9e6af332bcfec4d7e0a0093b353797d3796459fad4f7d,sheet5:R6,,,
7fcd845e32dfe822-sheet6-R5,2026-05-13,daegu-city,신천119안전센터,밥이 맛있는 횟집 해양수산,기관운영 업무추진비 지출(신천),51000,7fcd845e32dfe82206b9e6af332bcfec4d7e0a0093b353797d3796459fad4f7d,sheet6:R5,,,
7fcd845e32dfe822-sheet6-R6,2026-06-09,daegu-city,신천119안전센터,어랑회랑,기관운영 업무추진비 지출(신천),370000,7fcd845e32dfe82206b9e6af332bcfec4d7e0a0093b353797d3796459fad4f7d,sheet6:R6,,,
7fcd845e32dfe822-sheet7-R5,2026-04-02,daegu-city,동촌119안전센터,더벤티(동촌점),(동촌)기관운영업무추진비 지출(간담회 업무추진),26300,7fcd845e32dfe82206b9e6af332bcfec4d7e0a0093b353797d3796459fad4f7d,sheet7:R5,,,
7fcd845e32dfe822-sheet7-R6,2026-04-27,daegu-city,동촌119안전센터,더벤티(동촌점),(동촌)기관운영업무추진비 지출(간담회 업무추진),31900,7fcd845e32dfe82206b9e6af332bcfec4d7e0a0093b353797d3796459fad4f7d,sheet7:R6,,,
7fcd845e32dfe822-sheet7-R7,2026-05-11,daegu-city,동촌119안전센터,더벤티(동촌점),(동촌)기관운영업무추진비 지출(간담회 업무추진),27900,7fcd845e32dfe82206b9e6af332bcfec4d7e0a0093b353797d3796459fad4f7d,sheet7:R7,,,
7fcd845e32dfe822-sheet7-R8,2026-06-08,daegu-city,동촌119안전센터,더벤티(동촌점),(동촌)기관운영업무추진비 지출(간담회 업무추진),36600,7fcd845e32dfe82206b9e6af332bcfec4d7e0a0093b353797d3796459fad4f7d,sheet7:R8,,,
7fcd845e32dfe822-sheet7-R9,2026-06-09,daegu-city,동촌119안전센터,빽다방 대구동촌역점,(동촌) 기관운영업무추진비 지출(직원 간담회),31500,7fcd845e32dfe82206b9e6af332bcfec4d7e0a0093b353797d3796459fad4f7d,sheet7:R9,,,
7fcd845e32dfe822-sheet7-R10,2026-06-10,daegu-city,동촌119안전센터,더벤티(동촌점),(동촌)기관운영업무추진비 지출(간담회 업무추진),32500,7fcd845e32dfe82206b9e6af332bcfec4d7e0a0093b353797d3796459fad4f7d,sheet7:R10,,,
7fcd845e32dfe822-sheet8-R5,2026-04-16,daegu-city,안심119안전센터,이우철한방누룽지삼계탕대구동구점,기관운영업무추진비 지출(안심센터),90000,7fcd845e32dfe82206b9e6af332bcfec4d7e0a0093b353797d3796459fad4f7d,sheet8:R5,,,
7fcd845e32dfe822-sheet8-R6,2026-05-15,daegu-city,안심119안전센터,대백마트(동호점),기관운영 업무추진비 지출(안심),14940,7fcd845e32dfe82206b9e6af332bcfec4d7e0a0093b353797d3796459fad4f7d,sheet8:R6,,,
7fcd845e32dfe822-sheet8-R7,2026-05-19,daegu-city,안심119안전센터,나이스식자재마트,기관운영 업무추진비 지출(안심),28550,7fcd845e32dfe82206b9e6af332bcfec4d7e0a0093b353797d3796459fad4f7d,sheet8:R7,,,
7fcd845e32dfe822-sheet8-R8,2026-06-01,daegu-city,안심119안전센터,대왕커피 본점,기관운영업무추진비 지출(안심),22800,7fcd845e32dfe82206b9e6af332bcfec4d7e0a0093b353797d3796459fad4f7d,sheet8:R8,,,
7fcd845e32dfe822-sheet8-R9,2026-06-19,daegu-city,안심119안전센터,다온가야밀면,기관운영업무추진비 지출(안심센터),34500,7fcd845e32dfe82206b9e6af332bcfec4d7e0a0093b353797d3796459fad4f7d,sheet8:R9,,,
7fcd845e32dfe822-sheet9-R5,2026-04-02,daegu-city,불로봉무119안전센터,도미노피자 이시아폴리스점,기관운영 업무추진비 지출(불로),47500,7fcd845e32dfe82206b9e6af332bcfec4d7e0a0093b353797d3796459fad4f7d,sheet9:R5,,,
7fcd845e32dfe822-sheet9-R6,2026-04-09,daegu-city,불로봉무119안전센터,도미노피자 이시아폴리스점,기관운영 업무추진비 지출(불로봉무),39700,7fcd845e32dfe82206b9e6af332bcfec4d7e0a0093b353797d3796459fad4f7d,sheet9:R6,,,
7fcd845e32dfe822-sheet9-R7,2026-04-16,daegu-city,불로봉무119안전센터,도미노피자 이시아폴리스점,기관운영업무추진비 지출(불로봉무),49500,7fcd845e32dfe82206b9e6af332bcfec4d7e0a0093b353797d3796459fad4f7d,sheet9:R7,,,
7fcd845e32dfe822-sheet9-R8,2026-05-07,daegu-city,불로봉무119안전센터,한상바다,"기관운영업무추진비 지출(산업단지 관계자 간담회, 불로봉무)",154000,7fcd845e32dfe82206b9e6af332bcfec4d7e0a0093b353797d3796459fad4f7d,sheet9:R8,,,
7fcd845e32dfe822-sheet9-R9,2026-06-12,daegu-city,불로봉무119안전센터,한상바다,기관운영업무추진비 지출(의용소방대 간담회-불로봉무),147000,7fcd845e32dfe82206b9e6af332bcfec4d7e0a0093b353797d3796459fad4f7d,sheet9:R9,,,
7fcd845e32dfe822-sheet9-R10,2026-06-29,daegu-city,불로봉무119안전센터,설빙 이시아폴리스,기관운영업무추진비 지출(불로봉무),45000,7fcd845e32dfe82206b9e6af332bcfec4d7e0a0093b353797d3796459fad4f7d,sheet9:R10,,,
7fcd845e32dfe822-sheet10-R5,2026-06-01,daegu-city,공산119안전센터,행복한갈비,기관운영업무추진비(간담회)지출(공산안전센터),200000,7fcd845e32dfe82206b9e6af332bcfec4d7e0a0093b353797d3796459fad4f7d,sheet10:R5,,,
7fcd845e32dfe822-sheet10-R6,2026-06-11,daegu-city,공산119안전센터,행복한갈비,기관운영업무추진비 지출(공산안전센터),400000,7fcd845e32dfe82206b9e6af332bcfec4d7e0a0093b353797d3796459fad4f7d,sheet10:R6,,,
7fcd845e32dfe822-sheet11-R5,2026-04-09,daegu-city,동부소방서,보금신토불이,소방행정 현안업무 추진 협조를 위한 경비 지출(시책업무추진비),68000,7fcd845e32dfe82206b9e6af332bcfec4d7e0a0093b353797d3796459fad4f7d,sheet11:R5,,,
7fcd845e32dfe822-sheet11-R6,2026-05-04,daegu-city,동부소방서,한양면옥대구율하점,클린소방위원회 간담회 경비 지출(시책업무추진비),139000,7fcd845e32dfe82206b9e6af332bcfec4d7e0a0093b353797d3796459fad4f7d,sheet11:R6,,,
7fcd845e32dfe822-sheet11-R7,2026-05-22,daegu-city,동부소방서,보금신토불이,소방행정 현안업무 추진 협조를 위한 경비 지출(시책업무추진비),289000,7fcd845e32dfe82206b9e6af332bcfec4d7e0a0093b353797d3796459fad4f7d,sheet11:R7,,,
7fcd845e32dfe822-sheet11-R8,2026-05-27,daegu-city,동부소방서,정이의더큰청진동해장국,소방행정 현안업무 추진 협조를 위한 경비 지출(시책업무추진비),99000,7fcd845e32dfe82206b9e6af332bcfec4d7e0a0093b353797d3796459fad4f7d,sheet11:R8,,,
7fcd845e32dfe822-sheet11-R9,2026-06-23,daegu-city,동부소방서,황토골숯불갈비,클린소방위원회 간담회 경비 지출(시책업무추진비),100000,7fcd845e32dfe82206b9e6af332bcfec4d7e0a0093b353797d3796459fad4f7d,sheet11:R9,,,
c234fd84d31ace4c-sheet1-R5,2026-04-02,daegu-city,복지정책과,낙영찜갈비 별관,현안업무 추진관련 업무협의 간담회 경비 지출,93000,c234fd84d31ace4c4b04502afd53e38906962c78072b8fe0a797d4a5dcbc8cda,sheet1:R5,,,
c234fd84d31ace4c-sheet1-R6,2026-04-07,daegu-city,복지정책과,안동국시,제54회 보건의 날 기념행사 참석내빈 간담회 경비 지출,275000,c234fd84d31ace4c4b04502afd53e38906962c78072b8fe0a797d4a5dcbc8cda,sheet1:R6,,,
c234fd84d31ace4c-sheet1-R7,2026-04-08,daegu-city,복지정책과,개인(성명 비공개),경조사비 지출,50000,c234fd84d31ace4c4b04502afd53e38906962c78072b8fe0a797d4a5dcbc8cda,sheet1:R7,,,
c234fd84d31ace4c-sheet1-R8,2026-04-09,daegu-city,복지정책과,캐스트커피,통합돌봄 추진관련 점검회의 경비 지출,90000,c234fd84d31ace4c4b04502afd53e38906962c78072b8fe0a797d4a5dcbc8cda,sheet1:R8,,,
c234fd84d31ace4c-sheet1-R9,2026-04-10,daegu-city,복지정책과,온돌방,직원 격려 간담회 경비 지출,120000,c234fd84d31ace4c4b04502afd53e38906962c78072b8fe0a797d4a5dcbc8cda,sheet1:R9,,,
c234fd84d31ace4c-sheet1-R10,2026-04-10,daegu-city,복지정책과,황소,현안업무 추진관련 업무협의 간담회 경비 지출,200000,c234fd84d31ace4c4b04502afd53e38906962c78072b8fe0a797d4a5dcbc8cda,sheet1:R10,,,
c234fd84d31ace4c-sheet1-R11,2026-04-13,daegu-city,복지정책과,야자수지붕,직원 격려 간담회 경비 지출,82000,c234fd84d31ace4c4b04502afd53e38906962c78072b8fe0a797d4a5dcbc8cda,sheet1:R11,,,
c234fd84d31ace4c-sheet1-R12,2026-04-19,daegu-city,복지정책과,교동면옥동인점,제66주년 4.19혁명 기념식 오찬 간담회 경비 지출,956000,c234fd84d31ace4c4b04502afd53e38906962c78072b8fe0a797d4a5dcbc8cda,sheet1:R12,,,
c234fd84d31ace4c-sheet1-R13,2026-04-16,daegu-city,복지정책과,캐스트커피,노숙인 대응 매뉴얼 논의 간담회 경비 지출,104000,c234fd84d31ace4c4b04502afd53e38906962c78072b8fe0a797d4a5dcbc8cda,sheet1:R13,,,
c234fd84d31ace4c-sheet1-R14,2026-04-23,daegu-city,복지정책과,황금명태조리고,현안업무 추진관련 업무협의 간담회 경비 지출,84000,c234fd84d31ace4c4b04502afd53e38906962c78072b8fe0a797d4a5dcbc8cda,sheet1:R14,,,
c234fd84d31ace4c-sheet1-R15,2026-04-27,daegu-city,복지정책과,호남식당,지역자활센터 합동 지도·점검 관련 구군 담당자 간담회 경비 지출,66000,c234fd84d31ace4c4b04502afd53e38906962c78072b8fe0a797d4a5dcbc8cda,sheet1:R15,,,
c234fd84d31ace4c-sheet1-R16,2026-04-27,daegu-city,복지정책과,정하용선산 곱창중구청점,직원 격려 간담회 경비 지출,70000,c234fd84d31ace4c4b04502afd53e38906962c78072b8fe0a797d4a5dcbc8cda,sheet1:R16,,,
c234fd84d31ace4c-sheet1-R17,2026-04-28,daegu-city,복지정책과,온돌방,현안업무 추진관련 업무협의 간담회 경비 지출,161000,c234fd84d31ace4c4b04502afd53e38906962c78072b8fe0a797d4a5dcbc8cda,sheet1:R17,,,
c234fd84d31ace4c-sheet1-R18,2026-04-29,daegu-city,복지정책과,마이온룸,통합돌봄 추진관련 간담회 경비 지출,104000,c234fd84d31ace4c4b04502afd53e38906962c78072b8fe0a797d4a5dcbc8cda,sheet1:R18,,,
c234fd84d31ace4c-sheet1-R19,2026-04-29,daegu-city,복지정책과,개인(성명 비공개),경조사비 지출,50000,c234fd84d31ace4c4b04502afd53e38906962c78072b8fe0a797d4a5dcbc8cda,sheet1:R19,,,
c234fd84d31ace4c-sheet1-R20,2026-05-07,daegu-city,복지정책과,칠성곰탕,직원 격려 간담회 경비 지출,72000,c234fd84d31ace4c4b04502afd53e38906962c78072b8fe0a797d4a5dcbc8cda,sheet1:R20,,,
c234fd84d31ace4c-sheet1-R21,2026-05-07,daegu-city,복지정책과,스타벅스 코리아외 1,통합돌봄 추진관련 자활협회 간담회 경비 지출,128900,c234fd84d31ace4c4b04502afd53e38906962c78072b8fe0a797d4a5dcbc8cda,sheet1:R21,,,
c234fd84d31ace4c-sheet1-R22,2026-05-11,daegu-city,복지정책과,"스페어클럽, 바르미스시샤브",2026년 상반기 직원 체육문화행사 경비 지출,673300,c234fd84d31ace4c4b04502afd53e38906962c78072b8fe0a797d4a5dcbc8cda,sheet1:R22,,,
c234fd84d31ace4c-sheet1-R23,2026-05-11,daegu-city,복지정책과,더 부자백숙본점,2026년 상반기 고독사 예방사업 구군 담당자 간담회 경비 지출,190000,c234fd84d31ace4c4b04502afd53e38906962c78072b8fe0a797d4a5dcbc8cda,sheet1:R23,,,
c234fd84d31ace4c-sheet1-R24,2026-05-12,daegu-city,복지정책과,앞산큰골집 동성로점,직원 격려 간담회 경비 지출,108000,c234fd84d31ace4c4b04502afd53e38906962c78072b8fe0a797d4a5dcbc8cda,sheet1:R24,,,
c234fd84d31ace4c-sheet1-R25,2026-05-18,daegu-city,복지정책과,개정,직원 격려 간담회 경비 지출,58000,c234fd84d31ace4c4b04502afd53e38906962c78072b8fe0a797d4a5dcbc8cda,sheet1:R25,,,
c234fd84d31ace4c-sheet1-R26,2026-05-19,daegu-city,복지정책과,정직유부 대구사회공헌점,직원 격려 간담회 경비 지출,95500,c234fd84d31ace4c4b04502afd53e38906962c78072b8fe0a797d4a5dcbc8cda,sheet1:R26,,,
c234fd84d31ace4c-sheet1-R27,2026-05-21,daegu-city,복지정책과,마이온룸,통합돌봄 추진관련 간담회 경비 지출,48500,c234fd84d31ace4c4b04502afd53e38906962c78072b8fe0a797d4a5dcbc8cda,sheet1:R27,,,
c234fd84d31ace4c-sheet1-R28,2026-06-05,daegu-city,복지정책과,해금강,현안업무 추진관련 간담회 경비 지출,140000,c234fd84d31ace4c4b04502afd53e38906962c78072b8fe0a797d4a5dcbc8cda,sheet1:R28,,,
c234fd84d31ace4c-sheet1-R29,2026-06-06,daegu-city,복지정책과,양정화네앞산온천골외 1,직원 격려 간담회 경비 지출,362000,c234fd84d31ace4c4b04502afd53e38906962c78072b8fe0a797d4a5dcbc8cda,sheet1:R29,,,
c234fd84d31ace4c-sheet1-R30,2026-06-15,daegu-city,복지정책과,미스터브리즈커피대구시청점,통합돌봄 방문구강사업 추진 간담회 경비 지출,180000,c234fd84d31ace4c4b04502afd53e38906962c78072b8fe0a797d4a5dcbc8cda,sheet1:R30,,,
c234fd84d31ace4c-sheet1-R31,2026-06-10,daegu-city,복지정책과,황뻘식당,직원 격려 간담회 경비 지출,91000,c234fd84d31ace4c4b04502afd53e38906962c78072b8fe0a797d4a5dcbc8cda,sheet1:R31,,,
c234fd84d31ace4c-sheet1-R32,2026-06-11,daegu-city,복지정책과,캐스트커피오피스(CASTCOFFEEOFFICE)외 1,고립위기대응 현장방문 보건복지부 제1차관 현장간담회 경비 지출,168000,c234fd84d31ace4c4b04502afd53e38906962c78072b8fe0a797d4a5dcbc8cda,sheet1:R32,,,
c234fd84d31ace4c-sheet1-R33,2026-06-16,daegu-city,복지정책과,넌테이블 (nontable) 대구시청점외 1,직원 격려 간담회 경비 지출,132500,c234fd84d31ace4c4b04502afd53e38906962c78072b8fe0a797d4a5dcbc8cda,sheet1:R33,,,
c234fd84d31ace4c-sheet1-R34,2026-06-18,daegu-city,복지정책과,캐스트커피오피스(CASTCOFFEEOFFICE),직원 격려 간담회 경비 지출,100000,c234fd84d31ace4c4b04502afd53e38906962c78072b8fe0a797d4a5dcbc8cda,sheet1:R34,,,
c234fd84d31ace4c-sheet1-R35,2026-06-19,daegu-city,복지정책과,두셰프의돈가스,직원 격려 간담회 경비 지출,93000,c234fd84d31ace4c4b04502afd53e38906962c78072b8fe0a797d4a5dcbc8cda,sheet1:R35,,,
c234fd84d31ace4c-sheet1-R36,2026-06-22,daegu-city,복지정책과,청정한우숯불,직원 격려 간담회 경비 지출,159000,c234fd84d31ace4c4b04502afd53e38906962c78072b8fe0a797d4a5dcbc8cda,sheet1:R36,,,
c234fd84d31ace4c-sheet1-R37,2026-06-30,daegu-city,복지정책과,빵장수단팥빵 성서점,국가유공자 예우 강화 방안 간담회,139500,c234fd84d31ace4c4b04502afd53e38906962c78072b8fe0a797d4a5dcbc8cda,sheet1:R37,,,
a985547107bc7607-sheet1-R5,2026-04-08,daegu-city,청년정책과,파르코,대구시청소년수련시설 간담회 경비 지출,206000,a985547107bc7607c91e4192a4802febbd026a9940479074f68493e36f0b7713,sheet1:R5,,,
a985547107bc7607-sheet1-R6,2026-04-17,daegu-city,청년정책과,조르지오피렌체,청년정책 관련 업무협의를 위한 간담회 경비 지출,346800,a985547107bc7607c91e4192a4802febbd026a9940479074f68493e36f0b7713,sheet1:R6,,,
a985547107bc7607-sheet1-R7,2026-04-21,daegu-city,청년정책과,이디야커피대구어린이세상점,간담회(대구어린이세상 업무협의) 개최에 따른 다과비 지출,21200,a985547107bc7607c91e4192a4802febbd026a9940479074f68493e36f0b7713,sheet1:R7,,,
a985547107bc7607-sheet1-R8,2026-04-22,daegu-city,청년정책과,스타벅스 공평점,2027년 국비확보를 위한 간담회 개최에 따른 다과비 지출,150000,a985547107bc7607c91e4192a4802febbd026a9940479074f68493e36f0b7713,sheet1:R8,,,
a985547107bc7607-sheet1-R9,2026-04-24,daegu-city,청년정책과,오로,새일센터 현안업무 간담회 경비 지출,98000,a985547107bc7607c91e4192a4802febbd026a9940479074f68493e36f0b7713,sheet1:R9,,,
a985547107bc7607-sheet1-R10,2026-04-28,daegu-city,청년정책과,"온돌방, 이얼즈",청소년육성위원회 간담회 경비 지출,255100,a985547107bc7607c91e4192a4802febbd026a9940479074f68493e36f0b7713,sheet1:R10,,,
a985547107bc7607-sheet1-R11,2026-04-30,daegu-city,청년정책과,파르코,청년정책 관련 업무 협의를 위한 간담회 경비 지출,60000,a985547107bc7607c91e4192a4802febbd026a9940479074f68493e36f0b7713,sheet1:R11,,,
a985547107bc7607-sheet1-R12,2026-05-06,daegu-city,청년정책과,삐에뜨라,간담회(1인가구 및 고립은운 청년 지원) 개최에 따른 경비 지출,148000,a985547107bc7607c91e4192a4802febbd026a9940479074f68493e36f0b7713,sheet1:R12,,,
a985547107bc7607-sheet1-R13,2026-05-07,daegu-city,청년정책과,호우섬 대구점,언론 관계자 간담회 개최에 따른 경비 지출,52300,a985547107bc7607c91e4192a4802febbd026a9940479074f68493e36f0b7713,sheet1:R13,,,
a985547107bc7607-sheet1-R14,2026-05-14,daegu-city,청년정책과,민수사,대구어린이세상 관련 업무 협의를 위한 간담회 경비 지출,80000,a985547107bc7607c91e4192a4802febbd026a9940479074f68493e36f0b7713,sheet1:R14,,,
a985547107bc7607-sheet1-R15,2026-05-19,daegu-city,청년정책과,스타벅스 세종첫마을점,국비확보를 위한 간담회 개최에 따른 다과비 지출,67200,a985547107bc7607c91e4192a4802febbd026a9940479074f68493e36f0b7713,sheet1:R15,,,
a985547107bc7607-sheet1-R16,2026-05-22,daegu-city,청년정책과,미스터브리즈커피대구시청점,청소년 선도보호를 위한 간담회 개최,251500,a985547107bc7607c91e4192a4802febbd026a9940479074f68493e36f0b7713,sheet1:R16,,,
a985547107bc7607-sheet1-R17,2026-05-26,daegu-city,청년정책과,아트리움,청년정책 현안 관련 간담회 개최에 따른 경비 지출,139700,a985547107bc7607c91e4192a4802febbd026a9940479074f68493e36f0b7713,sheet1:R17,,,
a985547107bc7607-sheet1-R18,2026-05-28,daegu-city,청년정책과,아트리움,청년정책 관련 업무협의를 위한 간담회 경비 지출,222200,a985547107bc7607c91e4192a4802febbd026a9940479074f68493e36f0b7713,sheet1:R18,,,
a985547107bc7607-sheet1-R19,2026-06-08,daegu-city,청년정책과,청정한우숯불,청년정책 업무추진 간담회 경비 지출,116000,a985547107bc7607c91e4192a4802febbd026a9940479074f68493e36f0b7713,sheet1:R19,,,
a985547107bc7607-sheet1-R20,2026-06-09,daegu-city,청년정책과,"냉면장수, 스타벅스",청년여성교육국 소관 업무협의를 위한 간담회 경비 지출,134100,a985547107bc7607c91e4192a4802febbd026a9940479074f68493e36f0b7713,sheet1:R20,,,
a985547107bc7607-sheet1-R21,2026-06-17,daegu-city,청년정책과,예안정,청년정책 업무추진 간담회 경비 지출,98000,a985547107bc7607c91e4192a4802febbd026a9940479074f68493e36f0b7713,sheet1:R21,,,
a985547107bc7607-sheet1-R22,2026-06-19,daegu-city,청년정책과,스타벅스 동대구로DT점,청년정책 관련 업무 협의를 위한 간담회 경비 지출,50000,a985547107bc7607c91e4192a4802febbd026a9940479074f68493e36f0b7713,sheet1:R22,,,
a985547107bc7607-sheet1-R23,2026-06-22,daegu-city,청년정책과,"브리즈커피, 스타벅스",간담회(청년정책 업무협의) 개최에 따른 다과비 지출,207400,a985547107bc7607c91e4192a4802febbd026a9940479074f68493e36f0b7713,sheet1:R23,,,
a985547107bc7607-sheet1-R24,2026-06-26,daegu-city,청년정책과,스타벅스 공평점,청년정책 업무추진 간담회 경비 지출,50000,a985547107bc7607c91e4192a4802febbd026a9940479074f68493e36f0b7713,sheet1:R24,,,
a985547107bc7607-sheet1-R25,2026-06-29,daegu-city,청년정책과,캐스트커피오피스,청년센터 운영 활성화를 위한 차담회 경비 지출,150000,a985547107bc7607c91e4192a4802febbd026a9940479074f68493e36f0b7713,sheet1:R25,,,
a985547107bc7607-sheet1-R26,2026-06-30,daegu-city,청년정책과,쁘띠따블,청년정책 업무추진 간담회 경비 지출,133000,a985547107bc7607c91e4192a4802febbd026a9940479074f68493e36f0b7713,sheet1:R26,,,
a985547107bc7607-sheet2-R5,2026-04-06,daegu-city,청년정책과,상해루,청년정책 관련 업무협의를 위한 간담회 경비 지출,240000,a985547107bc7607c91e4192a4802febbd026a9940479074f68493e36f0b7713,sheet2:R5,,,
a985547107bc7607-sheet2-R6,2026-04-07,daegu-city,청년정책과,캐스트커피오피스,간담회(청년정책 업무협의) 개최에 따른 다과비 지출,58000,a985547107bc7607c91e4192a4802febbd026a9940479074f68493e36f0b7713,sheet2:R6,,,
a985547107bc7607-sheet2-R7,2026-04-23,daegu-city,청년정책과,라디오데이즈,청년마을 활성화 관련 업무협의를 위한 간담회 경비 지출,24000,a985547107bc7607c91e4192a4802febbd026a9940479074f68493e36f0b7713,sheet2:R7,,,
a985547107bc7607-sheet2-R8,2026-04-24,daegu-city,청년정책과,울릉샤브 서구청점,한국업사이클센터 업무관련 간담회 경비 지출,179100,a985547107bc7607c91e4192a4802febbd026a9940479074f68493e36f0b7713,sheet2:R8,,,
a985547107bc7607-sheet2-R9,2026-05-06,daegu-city,청년정책과,낙영찜갈비,언론 관계자 간담회 개최에 따른 경비 지출,46000,a985547107bc7607c91e4192a4802febbd026a9940479074f68493e36f0b7713,sheet2:R9,,,
a985547107bc7607-sheet2-R10,2026-05-08,daegu-city,청년정책과,국화정원,청년지원사업 신규추진 관련 업무협의를 위한 간담회 경비 지출,95000,a985547107bc7607c91e4192a4802febbd026a9940479074f68493e36f0b7713,sheet2:R10,,,
a985547107bc7607-sheet2-R11,2026-05-28,daegu-city,청년정책과,미스터브리즈커피 대구시청점,2026년 주민제안사업 청년분과 위원회 개최에 따른 다과비 지출,360000,a985547107bc7607c91e4192a4802febbd026a9940479074f68493e36f0b7713,sheet2:R11,,,
a985547107bc7607-sheet2-R12,2026-06-25,daegu-city,청년정책과,미스터브리즈커피 대구시청점,2026년 2차 주민제안사업 청년분과 위원회 개최에 따른 다과비 지출,360000,a985547107bc7607c91e4192a4802febbd026a9940479074f68493e36f0b7713,sheet2:R12,,,
a985547107bc7607-sheet3-R5,2026-04-06,daegu-city,청년여성교육국,-,경조사비 지출,50000,a985547107bc7607c91e4192a4802febbd026a9940479074f68493e36f0b7713,sheet3:R5,,,
a985547107bc7607-sheet3-R6,2026-04-09,daegu-city,청년여성교육국,달콤한상회,직원 격려 간식 구입비 지출,70000,a985547107bc7607c91e4192a4802febbd026a9940479074f68493e36f0b7713,sheet3:R6,,,
a985547107bc7607-sheet3-R7,2026-04-23,daegu-city,청년여성교육국,-,경조사비 지출,50000,a985547107bc7607c91e4192a4802febbd026a9940479074f68493e36f0b7713,sheet3:R7,,,
a985547107bc7607-sheet3-R8,2026-05-18,daegu-city,청년여성교육국,-,경조사비 지출,50000,a985547107bc7607c91e4192a4802febbd026a9940479074f68493e36f0b7713,sheet3:R8,,,
a985547107bc7607-sheet3-R9,2026-06-01,daegu-city,청년여성교육국,-,경조사비 지출,50000,a985547107bc7607c91e4192a4802febbd026a9940479074f68493e36f0b7713,sheet3:R9,,,
99641ef98c5752db-sheet1-R6,2026-04-21,daegu-city,상수도사업본부 군위사업소,개인(성명 비공개),직원 경조사비 지출,50000,99641ef98c5752db52226409834c46818bfaf4d842b89189f872d2ec4da62b4c,sheet1:R6,,,
99641ef98c5752db-sheet1-R7,2026-05-07,daegu-city,상수도사업본부 군위사업소,개인(성명 비공개),직원 경조사비 지출,50000,99641ef98c5752db52226409834c46818bfaf4d842b89189f872d2ec4da62b4c,sheet1:R7,,,
99641ef98c5752db-sheet1-R8,2026-06-26,daegu-city,상수도사업본부 군위사업소,연화식당,직원 격려 간담회 경비 지출,70000,99641ef98c5752db52226409834c46818bfaf4d842b89189f872d2ec4da62b4c,sheet1:R8,,,
a98bb08a8b3814aa-sheet1-R7,2026-04-13,daegu-city,출산보육과,오케이마트,직원 격려용 간식 구입비 지출,100000,a98bb08a8b3814aafe0e02113c0953dc5994ab53d2c4d276583a436eb6e0d320,sheet1:R7,,,
a98bb08a8b3814aa-sheet1-R8,2026-04-28,daegu-city,출산보육과,가창큰나무집,직원 격려 간담회 경비 지출,475000,a98bb08a8b3814aafe0e02113c0953dc5994ab53d2c4d276583a436eb6e0d320,sheet1:R8,,,
a98bb08a8b3814aa-sheet1-R9,2026-06-11,daegu-city,출산보육과,매스커피,아이돌봄광역지원센터 운영기관 재징정 심사 개최에 따른 다과비 지출,38600,a98bb08a8b3814aafe0e02113c0953dc5994ab53d2c4d276583a436eb6e0d320,sheet1:R9,,,
a98bb08a8b3814aa-sheet1-R10,2026-06-12,daegu-city,출산보육과,오케이마트 등 1개소,직원 격려용 간식 구입비 지출,42400,a98bb08a8b3814aafe0e02113c0953dc5994ab53d2c4d276583a436eb6e0d320,sheet1:R10,,,
a98bb08a8b3814aa-sheet1-R11,2026-06-13,daegu-city,출산보육과,벽강식당,대구 100인의 아빠단 발대식 개최 관련 간담회 경비 지출,72000,a98bb08a8b3814aafe0e02113c0953dc5994ab53d2c4d276583a436eb6e0d320,sheet1:R11,,,
a98bb08a8b3814aa-sheet1-R12,2026-06-17,daegu-city,출산보육과,오케이마트 등 1개소,직원 격려용 간식 구입비 지출,117360,a98bb08a8b3814aafe0e02113c0953dc5994ab53d2c4d276583a436eb6e0d320,sheet1:R12,,,
e63dbdc8301f0d65-sheet1-R6,2026-06-26,daegu-city,택시물류과,사이커피,나드리콜 업무추진 관련 간담회 경비 지출,36500,e63dbdc8301f0d65c2d3561a204906113490333ada5a27cc628183970b58dbf3,sheet1:R6,,,
388e4b6e77366da8-sheet1-R6,2026-04-07,daegu-city,앞산공원관리소,홈플러스(주)남대구점,2026년 두류공원 유아숲교육 운영사업 제안서평가위원회 비치용 다과 구입(두류공원관리소 4.8.),87870,388e4b6e77366da85950f7524a9581578eeaf638258ca71fabf0e768a16e97cd,sheet1:R6,,,
388e4b6e77366da8-sheet1-R7,2026-04-13,daegu-city,앞산공원관리소,나이스마트 대신점,"시책 업무추진을 위한 경비 지출(달성공원, 사용일자 : 4.13. )",28500,388e4b6e77366da85950f7524a9581578eeaf638258ca71fabf0e768a16e97cd,sheet1:R7,,,
388e4b6e77366da8-sheet1-R8,2026-04-22,daegu-city,앞산공원관리소,우홍산네칼국수,시책 업무 추진 간담회 경비 지출(앞산공원관리소),110000,388e4b6e77366da85950f7524a9581578eeaf638258ca71fabf0e768a16e97cd,sheet1:R8,,,
388e4b6e77366da8-sheet1-R9,2026-04-23,daegu-city,앞산공원관리소,천연애,시책 업무 추진 간담회 비용 지출(앞산공원관리소),53000,388e4b6e77366da85950f7524a9581578eeaf638258ca71fabf0e768a16e97cd,sheet1:R9,,,
388e4b6e77366da8-sheet1-R10,2026-04-02,daegu-city,앞산공원관리소,롯데쇼핑(주)롯데슈퍼수성점,직원 격려 간식 구입(앞산공원관리소),168350,388e4b6e77366da85950f7524a9581578eeaf638258ca71fabf0e768a16e97cd,sheet1:R10,,,
388e4b6e77366da8-sheet1-R11,2026-04-06,daegu-city,앞산공원관리소,네이버파이낸셜(주),직원 격려 간식 구입(커피)(앞산공원관리소),35400,388e4b6e77366da85950f7524a9581578eeaf638258ca71fabf0e768a16e97cd,sheet1:R11,,,
388e4b6e77366da8-sheet1-R12,2026-04-09,daegu-city,앞산공원관리소,상하이,"직원 격려 간담회 비용 지출(앞산공원관리소, 4.14.사용)",200000,388e4b6e77366da85950f7524a9581578eeaf638258ca71fabf0e768a16e97cd,sheet1:R12,,,
388e4b6e77366da8-sheet1-R13,2026-04-16,daegu-city,앞산공원관리소,복만네 주식회사,직원 격려 간식 구입(앞산공원관리소),91590,388e4b6e77366da85950f7524a9581578eeaf638258ca71fabf0e768a16e97cd,sheet1:R13,,,
388e4b6e77366da8-sheet1-R14,2026-04-20,daegu-city,앞산공원관리소,오가다외 1,업무 협의 간담회 경비 지출(달성습지관리소),94500,388e4b6e77366da85950f7524a9581578eeaf638258ca71fabf0e768a16e97cd,sheet1:R14,,,
388e4b6e77366da8-sheet1-R15,2026-04-22,daegu-city,앞산공원관리소,쿠팡,"직원 격려 다과 구입(달성공원관리소, 4.22.사용)",106700,388e4b6e77366da85950f7524a9581578eeaf638258ca71fabf0e768a16e97cd,sheet1:R15,,,
388e4b6e77366da8-sheet1-R16,2026-04-29,daegu-city,앞산공원관리소,복만네 주식회사외 1,"직원 격려 간식 구입(앞산공원관리소,4.29.사용)",114420,388e4b6e77366da85950f7524a9581578eeaf638258ca71fabf0e768a16e97cd,sheet1:R16,,,
388e4b6e77366da8-sheet1-R17,2026-05-02,daegu-city,앞산공원관리소,섹타나인_코페이_비인증_일반,"어린이날 근무자 간식 구입(달성공원관리소, 5.5.사용)",240000,388e4b6e77366da85950f7524a9581578eeaf638258ca71fabf0e768a16e97cd,sheet1:R17,,,
388e4b6e77366da8-sheet1-R18,2026-05-06,daegu-city,앞산공원관리소,육솔촌돼지찌개,"직원 격려 간담회 개최(앞산공원관리소, 5.6.사용)",225000,388e4b6e77366da85950f7524a9581578eeaf638258ca71fabf0e768a16e97cd,sheet1:R18,,,
388e4b6e77366da8-sheet1-R19,2026-05-11,daegu-city,앞산공원관리소,쿠우쿠우 수성못점,"2026년 상반기 직원 체육문화행사 식사비 지출(달성공원관리소, 5.13.사용)",348400,388e4b6e77366da85950f7524a9581578eeaf638258ca71fabf0e768a16e97cd,sheet1:R19,,,
388e4b6e77366da8-sheet1-R20,2026-05-15,daegu-city,앞산공원관리소,복만네 주식회사외 1,"직원 격려 간식 구입(앞산공원관리소, 5.15.사용)",186380,388e4b6e77366da85950f7524a9581578eeaf638258ca71fabf0e768a16e97cd,sheet1:R20,,,
388e4b6e77366da8-sheet1-R21,2026-05-21,daegu-city,앞산공원관리소,이우철한방누룽지삼계탕앞산점,2026년 상반기 직원 체육문화행사 부대 경비 지출(앞산공원관리소),90000,388e4b6e77366da85950f7524a9581578eeaf638258ca71fabf0e768a16e97cd,sheet1:R21,,,
388e4b6e77366da8-sheet1-R22,2026-05-22,daegu-city,앞산공원관리소,카페 새소리(앞산큰골매점),직원 소통의 장(청렴한 도시관리본부 만들기) 진행을 위한 다과 구입(앞산공원관리소),37250,388e4b6e77366da85950f7524a9581578eeaf638258ca71fabf0e768a16e97cd,sheet1:R22,,,
388e4b6e77366da8-sheet1-R23,2026-05-26,daegu-city,앞산공원관리소,카페 새소리(앞산큰골매점),2026년 상반기 직원 체육문화행사 부대 경비 지출(앞산공원관리소),34900,388e4b6e77366da85950f7524a9581578eeaf638258ca71fabf0e768a16e97cd,sheet1:R23,,,
388e4b6e77366da8-sheet1-R24,2026-05-28,daegu-city,앞산공원관리소,사운즈커피미니 두류역자이점,2026년 상반기 직원 체육문화행사 부대 경비 지출(두류공원관리소),67900,388e4b6e77366da85950f7524a9581578eeaf638258ca71fabf0e768a16e97cd,sheet1:R24,,,
388e4b6e77366da8-sheet1-R25,2026-05-29,daegu-city,앞산공원관리소,복만네 주식회사외 1,"직원 격려 간식 구입(앞산공원관리소, 5.29.사용)",96110,388e4b6e77366da85950f7524a9581578eeaf638258ca71fabf0e768a16e97cd,sheet1:R25,,,
388e4b6e77366da8-sheet1-R26,2026-06-01,daegu-city,앞산공원관리소,창성상회,"현장 근무자 격려 간식 구입(앞산공원관리소, 6.1.사용)",60000,388e4b6e77366da85950f7524a9581578eeaf638258ca71fabf0e768a16e97cd,sheet1:R26,,,
388e4b6e77366da8-sheet1-R27,2026-06-01,daegu-city,앞산공원관리소,쿠팡(주),직원 격려 커피 구입(두류공원관리소),105090,388e4b6e77366da85950f7524a9581578eeaf638258ca71fabf0e768a16e97cd,sheet1:R27,,,
388e4b6e77366da8-sheet1-R28,2026-06-08,daegu-city,앞산공원관리소,카페 새소리(앞산큰골매점),"직원 격려 음료 구입(앞산공원관리소, 6.8.사용)",37500,388e4b6e77366da85950f7524a9581578eeaf638258ca71fabf0e768a16e97cd,sheet1:R28,,,
388e4b6e77366da8-sheet1-R29,2026-06-09,daegu-city,앞산공원관리소,네이버파이낸셜(주),"내방객용 커피 구입(앞산공원관리소, 6.9.사용)",40000,388e4b6e77366da85950f7524a9581578eeaf638258ca71fabf0e768a16e97cd,sheet1:R29,,,
388e4b6e77366da8-sheet1-R30,2026-06-23,daegu-city,앞산공원관리소,옹기보리밥곤지곤지,"직원 격려 간담회 개최(앞산공원관리소, 6.24. 사용)",77000,388e4b6e77366da85950f7524a9581578eeaf638258ca71fabf0e768a16e97cd,sheet1:R30,,,
388e4b6e77366da8-sheet1-R31,2026-06-23,daegu-city,앞산공원관리소,장가손떡(주)농업회사법인,"직원 격려 간식 구입(앞산공원관리소, 6.25.사용)",46000,388e4b6e77366da85950f7524a9581578eeaf638258ca71fabf0e768a16e97cd,sheet1:R31,,,
388e4b6e77366da8-sheet1-R32,2026-06-24,daegu-city,앞산공원관리소,비비큐(BBQ)진천역네거리점,직원격려 간식 구입(수목원관리소),274500,388e4b6e77366da85950f7524a9581578eeaf638258ca71fabf0e768a16e97cd,sheet1:R32,,,
388e4b6e77366da8-sheet1-R33,2026-06-25,daegu-city,앞산공원관리소,멕시카나치킨,직원 격려 간식 구입(달성습지관리소 6/26 사용),32000,388e4b6e77366da85950f7524a9581578eeaf638258ca71fabf0e768a16e97cd,sheet1:R33,,,
388e4b6e77366da8-sheet1-R34,2026-06-29,daegu-city,앞산공원관리소,가든아리랑,"직원 격려 간담회 개최(앞산공원관리소, 6.29. 사용)",276000,388e4b6e77366da85950f7524a9581578eeaf638258ca71fabf0e768a16e97cd,sheet1:R34,,,
388e4b6e77366da8-sheet1-R35,2026-06-29,daegu-city,앞산공원관리소,(주)코리아세븐대구두류공원점외 1,직원 격려 커피 구입(두류공원관리소),117180,388e4b6e77366da85950f7524a9581578eeaf638258ca71fabf0e768a16e97cd,sheet1:R35,,,
5d473a37b1eb07ce-sheet1-R7,2026-04-22,daegu-city,종합복지회관관리사무소,푸른회식당,2026 상반기 마음충전소 운영 결과공유에 따른 간담회 경비 지출,100000,5d473a37b1eb07cee30d27f74c1030c1eeba4aed98db63f08ac3b36c6fdd84fa,sheet1:R7,,,
5d473a37b1eb07ce-sheet1-R8,2026-06-04,daegu-city,종합복지회관관리사무소,위트성당점외 1곳,종합복지회관관리사무소 시책 업무협의 간담회 경비 지출,137000,5d473a37b1eb07cee30d27f74c1030c1eeba4aed98db63f08ac3b36c6fdd84fa,sheet1:R8,,,
5d473a37b1eb07ce-sheet1-R9,2026-06-12,daegu-city,종합복지회관관리사무소,청라연,종합복지회관 원활한 운영을 위한 관계기관과 업무협의(26.6.12. 사용),88000,5d473a37b1eb07cee30d27f74c1030c1eeba4aed98db63f08ac3b36c6fdd84fa,sheet1:R9,,,
5d473a37b1eb07ce-sheet1-R10,2026-06-12,daegu-city,여성회관,팔공산맥,미소랑 갤러리 작품 전시 관련 간담회 경비 지출,380000,5d473a37b1eb07cee30d27f74c1030c1eeba4aed98db63f08ac3b36c6fdd84fa,sheet1:R10,,,
5d473a37b1eb07ce-sheet1-R11,2026-05-21,daegu-city,동부여성문화회관,롯데쇼핑(주)롯데슈퍼복현점,"합창단 격려 간식비 지출(동부여성문화회관, 5.8.사용)",248620,5d473a37b1eb07cee30d27f74c1030c1eeba4aed98db63f08ac3b36c6fdd84fa,sheet1:R11,,,
c519c59ec3b9b4f1-sheet1-R3,2026-04-08,daegu-city,고용노동정책과,팔딱팔딱횟집(수성구 동대구로12길 20),노동정책 현안 설명 및 홍보를 위한 간담회 경비 지출,250000,c519c59ec3b9b4f1fd4b11ec9baedd18d41f82cfb0bcc1c1222ff1c2e8528946,sheet1:R3,,,
c519c59ec3b9b4f1-sheet1-R4,2026-04-15,daegu-city,고용노동정책과,대구통닭(남구 큰골길 8),고용노사민정 업무 협의 간담회 경비 지출,92000,c519c59ec3b9b4f1fd4b11ec9baedd18d41f82cfb0bcc1c1222ff1c2e8528946,sheet1:R4,,,
c519c59ec3b9b4f1-sheet1-R5,2026-04-24,daegu-city,고용노동정책과,대니골가든(달성군 구지면 창리중앙2길 7),2026년 제1차 노사평화의 전당 운영위원회 회의 경비 지출,266000,c519c59ec3b9b4f1fd4b11ec9baedd18d41f82cfb0bcc1c1222ff1c2e8528946,sheet1:R5,,,
c519c59ec3b9b4f1-sheet1-R6,2026-04-24,daegu-city,고용노동정책과,유가제빵소 구지점(구지면 국가산단대로52길 6),2026년 제1차 노사평화의 전당 운영위원회 회의 경비 지출,117000,c519c59ec3b9b4f1fd4b11ec9baedd18d41f82cfb0bcc1c1222ff1c2e8528946,sheet1:R6,,,
c519c59ec3b9b4f1-sheet1-R7,2026-05-08,daegu-city,고용노동정책과,서울복어식당(서구 원대로 51),노동정책 현안 설명 및 홍보를 위한 간담회 경비 지출,52000,c519c59ec3b9b4f1fd4b11ec9baedd18d41f82cfb0bcc1c1222ff1c2e8528946,sheet1:R7,,,
c519c59ec3b9b4f1-sheet1-R8,2026-05-11,daegu-city,고용노동정책과,개정롯데점(북구 태평로 161),지역일자리 현안 업무협의 간담회 경비 지출,156000,c519c59ec3b9b4f1fd4b11ec9baedd18d41f82cfb0bcc1c1222ff1c2e8528946,sheet1:R8,,,
c519c59ec3b9b4f1-sheet1-R9,2026-05-19,daegu-city,고용노동정책과,벽강물회(북구 구암로15길 10),보조사업 업무협의 간담회 경비 지출,108000,c519c59ec3b9b4f1fd4b11ec9baedd18d41f82cfb0bcc1c1222ff1c2e8528946,sheet1:R9,,,
c519c59ec3b9b4f1-sheet1-R10,2026-05-20,daegu-city,고용노동정책과,고미정(수성구 달구벌대로 2469),노동정책 현안 설명 및 업무협의 간담회 경비 지출,42000,c519c59ec3b9b4f1fd4b11ec9baedd18d41f82cfb0bcc1c1222ff1c2e8528946,sheet1:R10,,,
c519c59ec3b9b4f1-sheet1-R11,2026-05-28,daegu-city,고용노동정책과,유경식당(중구 경상감영길 101),노동정책 현안 설명 및 홍보를 위한 간담회 경비 지출,60000,c519c59ec3b9b4f1fd4b11ec9baedd18d41f82cfb0bcc1c1222ff1c2e8528946,sheet1:R11,,,
c519c59ec3b9b4f1-sheet1-R12,2026-06-11,daegu-city,고용노동정책과,감나무집(수성구 동대구로80길 24),노동정책 현안 설명 및 홍보를 위한 간담회 경비 지출,160000,c519c59ec3b9b4f1fd4b11ec9baedd18d41f82cfb0bcc1c1222ff1c2e8528946,sheet1:R12,,,
c519c59ec3b9b4f1-sheet1-R13,2026-06-16,daegu-city,고용노동정책과,개정 롯데백화점대구역(북구 태평로 161),노동정책 현안 설명 및 홍보를 위한 간담회 경비 지출,63300,c519c59ec3b9b4f1fd4b11ec9baedd18d41f82cfb0bcc1c1222ff1c2e8528946,sheet1:R13,,,
c519c59ec3b9b4f1-sheet1-R14,2026-06-25,daegu-city,고용노동정책과,본도시락 침산점(북구 침산로 153),2026년 명장심사에 따른 급식비 지출,77300,c519c59ec3b9b4f1fd4b11ec9baedd18d41f82cfb0bcc1c1222ff1c2e8528946,sheet1:R14,,,
c519c59ec3b9b4f1-sheet1-R15,2026-06-25,daegu-city,고용노동정책과,산격청사 북카페(북구 연암로 40),2026년 명장심사에 따른 급식비 지출,12000,c519c59ec3b9b4f1fd4b11ec9baedd18d41f82cfb0bcc1c1222ff1c2e8528946,sheet1:R15,,,
c519c59ec3b9b4f1-sheet1-R16,2026-06-26,daegu-city,고용노동정책과,소문난동래밀면(북구 호암로 51),2026년 명장심사에 따른 급식비 지출,38000,c519c59ec3b9b4f1fd4b11ec9baedd18d41f82cfb0bcc1c1222ff1c2e8528946,sheet1:R16,,,
c519c59ec3b9b4f1-sheet1-R17,2026-06-26,daegu-city,고용노동정책과,아티제 대구삼성캠퍼스점(북구 호암로 51),2026년 명장심사에 따른 급식비 지출,22600,c519c59ec3b9b4f1fd4b11ec9baedd18d41f82cfb0bcc1c1222ff1c2e8528946,sheet1:R17,,,
c519c59ec3b9b4f1-sheet1-R18,2026-06-30,daegu-city,고용노동정책과,본도시락 침산점(북구 침산로 153),2026년 명장심사에 따른 급식비 지출,73800,c519c59ec3b9b4f1fd4b11ec9baedd18d41f82cfb0bcc1c1222ff1c2e8528946,sheet1:R18,,,
c519c59ec3b9b4f1-sheet1-R19,2026-06-30,daegu-city,고용노동정책과,산격청사 북카페(북구 연암로 40),2026년 명장심사에 따른 급식비 지출,11500,c519c59ec3b9b4f1fd4b11ec9baedd18d41f82cfb0bcc1c1222ff1c2e8528946,sheet1:R19,,,
d4f5c622c6c7956b-sheet1-R4,2026-04-02,daegu-city,창업벤처혁신과,예원,현안업무 논의 간담회 개최 비용 지출,162000,d4f5c622c6c7956b4d9a562adef44267361c4450f442b28aac14459adead45fc,sheet1:R4,,,
d4f5c622c6c7956b-sheet1-R5,2026-04-15,daegu-city,창업벤처혁신과,신원식당,현안업무 논의 간담회 개최 비용 지출,90000,d4f5c622c6c7956b4d9a562adef44267361c4450f442b28aac14459adead45fc,sheet1:R5,,,
d4f5c622c6c7956b-sheet1-R6,2026-04-22,daegu-city,창업벤처혁신과,(주)즐거운세상,직원격려 간담회 개최비용 지출(2026년 상반기 체육문화행사),540000,d4f5c622c6c7956b4d9a562adef44267361c4450f442b28aac14459adead45fc,sheet1:R6,,,
d4f5c622c6c7956b-sheet1-R7,2026-05-28,daegu-city,창업벤처혁신과,롯데역사(주)대구점외 1,현안업무 논의 간담회 개최 비용 지출,113200,d4f5c622c6c7956b4d9a562adef44267361c4450f442b28aac14459adead45fc,sheet1:R7,,,
d4f5c622c6c7956b-sheet1-R8,2026-06-01,daegu-city,창업벤처혁신과,북창동순두부대구엠비씨(MBC)점,현안업무 논의 간담회 개최 비용 지출,56000,d4f5c622c6c7956b4d9a562adef44267361c4450f442b28aac14459adead45fc,sheet1:R8,,,
d4f5c622c6c7956b-sheet1-R9,2026-06-04,daegu-city,창업벤처혁신과,둥지톳밥,현안업무 논의 간담회 개최 비용 지출,72000,d4f5c622c6c7956b4d9a562adef44267361c4450f442b28aac14459adead45fc,sheet1:R9,,,
d4f5c622c6c7956b-sheet1-R10,2026-06-05,daegu-city,창업벤처혁신과,쿠우쿠우 대구북구점,현안업무 논의 간담회 개최 비용 지출,188300,d4f5c622c6c7956b4d9a562adef44267361c4450f442b28aac14459adead45fc,sheet1:R10,,,
d4f5c622c6c7956b-sheet1-R11,2026-06-11,daegu-city,창업벤처혁신과,울동보쌈,직원 격려 간담회 개최 비용 지출,64500,d4f5c622c6c7956b4d9a562adef44267361c4450f442b28aac14459adead45fc,sheet1:R11,,,
d4f5c622c6c7956b-sheet1-R12,2026-06-17,daegu-city,창업벤처혁신과,상해루,현안업무 논의 간담회 개최 비용 지출,58000,d4f5c622c6c7956b4d9a562adef44267361c4450f442b28aac14459adead45fc,sheet1:R12,,,
d4f5c622c6c7956b-sheet1-R13,2026-06-18,daegu-city,창업벤처혁신과,스펠바운드,현안업무 논의 간담회 개최 비용 지출,119600,d4f5c622c6c7956b4d9a562adef44267361c4450f442b28aac14459adead45fc,sheet1:R13,,,
d4f5c622c6c7956b-sheet1-R14,2026-06-24,daegu-city,창업벤처혁신과,벽강식당,직원 격려 간담회 개최 비용 지출,90000,d4f5c622c6c7956b4d9a562adef44267361c4450f442b28aac14459adead45fc,sheet1:R14,,,
d4f5c622c6c7956b-sheet1-R15,2026-06-25,daegu-city,창업벤처혁신과,명덕빵앗간 동대구점,현안업무 논의 간담회 다과 구입비 지출,94400,d4f5c622c6c7956b4d9a562adef44267361c4450f442b28aac14459adead45fc,sheet1:R15,,,
1f0a87bec0aa9fbf-sheet1-R4,2026-01-06,daegu-city,창업벤처혁신과,르페이버리,직원격려 간식 구입비 지출,150000,1f0a87bec0aa9fbf33c73924a9380415b7a617e549daf9898f294204699f869a,sheet1:R4,,,
1f0a87bec0aa9fbf-sheet1-R5,2026-01-22,daegu-city,창업벤처혁신과,샤브엔드 침산점,직원 격려 간담회 개최비용 지출,202300,1f0a87bec0aa9fbf33c73924a9380415b7a617e549daf9898f294204699f869a,sheet1:R5,,,
1f0a87bec0aa9fbf-sheet1-R6,2026-01-26,daegu-city,창업벤처혁신과,인투 침산고성점,직원 격려 간담회 개최 비용 지출,111000,1f0a87bec0aa9fbf33c73924a9380415b7a617e549daf9898f294204699f869a,sheet1:R6,,,
1f0a87bec0aa9fbf-sheet1-R7,2026-02-05,daegu-city,창업벤처혁신과,노세콘도(NoSecondo),직원 격려 간담회 개최비용 지출,188500,1f0a87bec0aa9fbf33c73924a9380415b7a617e549daf9898f294204699f869a,sheet1:R7,,,
1f0a87bec0aa9fbf-sheet1-R8,2026-02-11,daegu-city,창업벤처혁신과,스시치치 침산점,직원 격려 간담회 개최 비용 지출,120000,1f0a87bec0aa9fbf33c73924a9380415b7a617e549daf9898f294204699f869a,sheet1:R8,,,
1f0a87bec0aa9fbf-sheet1-R9,2026-02-23,daegu-city,창업벤처혁신과,장원,현안업무 논의 간담회 개최 비용 지출,85000,1f0a87bec0aa9fbf33c73924a9380415b7a617e549daf9898f294204699f869a,sheet1:R9,,,
1f0a87bec0aa9fbf-sheet1-R10,2026-03-19,daegu-city,창업벤처혁신과,코레일유통주식회사(동대구역),현안업무 논의 다과 구입비 지출,78000,1f0a87bec0aa9fbf33c73924a9380415b7a617e549daf9898f294204699f869a,sheet1:R10,,,
b4ee4fb263d9eb0a-sheet1-R6,2026-04-29,daegu-city,민생사법경찰과,낙영찜갈비 외 1,특별사법경찰 업무협의 간담회 경비 지출,267500,b4ee4fb263d9eb0ab09dabf43ef74ca80bacac26182130bda559bfc34b0471e4,sheet1:R6,,,
b4ee4fb263d9eb0a-sheet1-R7,2026-06-04,daegu-city,민생사법경찰과,일품장수미역,특별사법경찰 업무협의 간담회 경비 지출,76000,b4ee4fb263d9eb0ab09dabf43ef74ca80bacac26182130bda559bfc34b0471e4,sheet1:R7,,,
b4ee4fb263d9eb0a-sheet1-R8,2026-06-26,daegu-city,민생사법경찰과,최고집,특별사법경찰 업무협의 간담회 경비 지출,360000,b4ee4fb263d9eb0ab09dabf43ef74ca80bacac26182130bda559bfc34b0471e4,sheet1:R8,,,
5acb6adcb8e97a26-sheet1-R18,2026-04-01,daegu-city,소방행정과,개인(성명 비공개),직원 경조사비 지출,50000,5acb6adcb8e97a261f273dc9bfc53970a588d738bd92c63a4a75997573f0fccc,sheet1:R18,,,
5acb6adcb8e97a26-sheet1-R19,2026-04-01,daegu-city,소방행정과,개인(성명 비공개),직원 경조사비 지출,50000,5acb6adcb8e97a261f273dc9bfc53970a588d738bd92c63a4a75997573f0fccc,sheet1:R19,,,
5acb6adcb8e97a26-sheet1-R20,2026-04-01,daegu-city,소방행정과,옥된장대구역점,2026년 청렴문화 향상을 위한 보직간부 간담회 경비 지출,141000,5acb6adcb8e97a261f273dc9bfc53970a588d738bd92c63a4a75997573f0fccc,sheet1:R20,,,
5acb6adcb8e97a26-sheet1-R21,2026-04-06,daegu-city,소방행정과,개인(성명 비공개),직원 경조사비 지출,50000,5acb6adcb8e97a261f273dc9bfc53970a588d738bd92c63a4a75997573f0fccc,sheet1:R21,,,
5acb6adcb8e97a26-sheet1-R22,2026-04-15,daegu-city,소방행정과,㈜이마트칠성점,2026년 4월 부속실 기관운영비 지출,149080,5acb6adcb8e97a261f273dc9bfc53970a588d738bd92c63a4a75997573f0fccc,sheet1:R22,,,
5acb6adcb8e97a26-sheet1-R23,2026-05-20,daegu-city,소방행정과,소소한갈비,2026년 국제소방안전박람회 행사 지원 관련 직원 격려 간담회 비용 지출,200000,5acb6adcb8e97a261f273dc9bfc53970a588d738bd92c63a4a75997573f0fccc,sheet1:R23,,,
5acb6adcb8e97a26-sheet1-R24,2026-05-26,daegu-city,소방행정과,개인(성명 비공개),직원 경조사비 지출,50000,5acb6adcb8e97a261f273dc9bfc53970a588d738bd92c63a4a75997573f0fccc,sheet1:R24,,,
5acb6adcb8e97a26-sheet1-R25,2026-05-27,daegu-city,소방행정과,개인(성명 비공개),직원 경조사비 지출,50000,5acb6adcb8e97a261f273dc9bfc53970a588d738bd92c63a4a75997573f0fccc,sheet1:R25,,,
5acb6adcb8e97a26-sheet1-R26,2026-06-30,daegu-city,소방행정과,반달커피,2026년 상반기 업무추진 직원 격려를 위한 기관운영비 지출,120000,5acb6adcb8e97a261f273dc9bfc53970a588d738bd92c63a4a75997573f0fccc,sheet1:R26,,,
5acb6adcb8e97a26-sheet1-R27,2026-04-22,daegu-city,소방행정과,벽강물회,중점관리대상 화재예방을 위한 유관기관 간담회 경비 지출,126000,5acb6adcb8e97a261f273dc9bfc53970a588d738bd92c63a4a75997573f0fccc,sheet1:R27,,,
5acb6adcb8e97a26-sheet1-R28,2026-05-15,daegu-city,소방행정과,뚝방,화재취약계층 관리 협력을 위한 유관기관 간담회 추진,200000,5acb6adcb8e97a261f273dc9bfc53970a588d738bd92c63a4a75997573f0fccc,sheet1:R28,,,
5acb6adcb8e97a26-sheet1-R29,2026-06-05,daegu-city,소방행정과,비움,소방행정 정책추진 및 화재예방 홍보를 위한 유관기관 간담회 경비 지출,191900,5acb6adcb8e97a261f273dc9bfc53970a588d738bd92c63a4a75997573f0fccc,sheet1:R29,,,
5acb6adcb8e97a26-sheet1-R30,2026-06-18,daegu-city,소방행정과,수성아일랜드 침산점,내외부 청렴문화 향상을 위한 협력단체 간담회 비용 지출,282000,5acb6adcb8e97a261f273dc9bfc53970a588d738bd92c63a4a75997573f0fccc,sheet1:R30,,,
5acb6adcb8e97a26-sheet3-R6,2026-04-23,daegu-city,소방행정과,리제로,2026년 4월 기관운영비(구급대원 격려) 지출(119구급대),115000,5acb6adcb8e97a261f273dc9bfc53970a588d738bd92c63a4a75997573f0fccc,sheet3:R6,,,
5acb6adcb8e97a26-sheet3-R7,2026-06-01,daegu-city,소방행정과,곰내미,2026년 6월 기관운영비(출전선수 격려) 지출(119구급대),94000,5acb6adcb8e97a261f273dc9bfc53970a588d738bd92c63a4a75997573f0fccc,sheet3:R7,,,
5acb6adcb8e97a26-sheet3-R8,2026-06-05,daegu-city,소방행정과,리제로,2026년 6월 기관운영비(구급대원 격려) 지출(119구급대),100000,5acb6adcb8e97a261f273dc9bfc53970a588d738bd92c63a4a75997573f0fccc,sheet3:R8,,,
5acb6adcb8e97a26-sheet3-R9,2026-06-10,daegu-city,소방행정과,버거밴,2026년 6월 기관운영비(구급대원 격려) 지출(119구급대),57500,5acb6adcb8e97a261f273dc9bfc53970a588d738bd92c63a4a75997573f0fccc,sheet3:R9,,,
5acb6adcb8e97a26-sheet4-R4,2026-06-17,daegu-city,소방행정과,에스앤에스앤드샤브앤드,2026년 6월 기관운영비 (간담회) 지출(칠성안전센터),300000,5acb6adcb8e97a261f273dc9bfc53970a588d738bd92c63a4a75997573f0fccc,sheet4:R4,,,
5acb6adcb8e97a26-sheet5-R8,2026-05-12,daegu-city,소방행정과,유마트,2026년 5월 기관운영비(간담회) 지출(침산),28000,5acb6adcb8e97a261f273dc9bfc53970a588d738bd92c63a4a75997573f0fccc,sheet5:R8,,,
5acb6adcb8e97a26-sheet5-R9,2026-05-22,daegu-city,소방행정과,본가장수촌,2026년 5월 기관운영비(간담회) 지출(침산),141000,5acb6adcb8e97a261f273dc9bfc53970a588d738bd92c63a4a75997573f0fccc,sheet5:R9,,,
5acb6adcb8e97a26-sheet5-R10,2026-06-22,daegu-city,소방행정과,황장군침산점,2026년 6월 기관운영비(간담회) 지출(침산),74000,5acb6adcb8e97a261f273dc9bfc53970a588d738bd92c63a4a75997573f0fccc,sheet5:R10,,,
5acb6adcb8e97a26-sheet5-R11,2026-06-30,daegu-city,소방행정과,몬스터커피,2026년 3월 기관운영비(음료구입) 지출(침산),40900,5acb6adcb8e97a261f273dc9bfc53970a588d738bd92c63a4a75997573f0fccc,sheet5:R11,,,
5acb6adcb8e97a26-sheet6-R5,2026-04-02,daegu-city,소방행정과,메가엠지씨커피대구팔달시장역점,2026년 4월 기관운영비(음료구입) 지출(노원),59200,5acb6adcb8e97a261f273dc9bfc53970a588d738bd92c63a4a75997573f0fccc,sheet6:R5,,,
5acb6adcb8e97a26-sheet6-R6,2026-05-04,daegu-city,소방행정과,제라카페,2026년 5월 기관운영비 지출(노원안전센터),70000,5acb6adcb8e97a261f273dc9bfc53970a588d738bd92c63a4a75997573f0fccc,sheet6:R6,,,
5acb6adcb8e97a26-sheet6-R7,2026-05-06,daegu-city,소방행정과,제라카페,2026년 5월 기관운영비 지출(노원안전센터),70000,5acb6adcb8e97a261f273dc9bfc53970a588d738bd92c63a4a75997573f0fccc,sheet6:R7,,,
5acb6adcb8e97a26-sheet6-R8,2026-05-08,daegu-city,소방행정과,제라카페,2026년 5월 기관운영비 지출(노원안전센터),69000,5acb6adcb8e97a261f273dc9bfc53970a588d738bd92c63a4a75997573f0fccc,sheet6:R8,,,
5acb6adcb8e97a26-sheet6-R9,2026-06-12,daegu-city,소방행정과,제라카페,2026년 6월 기관운영비 지출(노원안전센터),40000,5acb6adcb8e97a261f273dc9bfc53970a588d738bd92c63a4a75997573f0fccc,sheet6:R9,,,
5acb6adcb8e97a26-sheet6-R10,2026-06-19,daegu-city,소방행정과,빽다방대구팔달노원점,2026년 6월 기관운영비 지출(노원안전센터),71100,5acb6adcb8e97a261f273dc9bfc53970a588d738bd92c63a4a75997573f0fccc,sheet6:R10,,,
5acb6adcb8e97a26-sheet6-R11,2026-06-24,daegu-city,소방행정과,제라카페,2026년 6월 기관운영비 지출(노원안전센터),28000,5acb6adcb8e97a261f273dc9bfc53970a588d738bd92c63a4a75997573f0fccc,sheet6:R11,,,
5acb6adcb8e97a26-sheet6-R12,2026-06-29,daegu-city,소방행정과,제라카페,2026년 6월 기관운영비 지출(노원안전센터),70000,5acb6adcb8e97a261f273dc9bfc53970a588d738bd92c63a4a75997573f0fccc,sheet6:R12,,,
5acb6adcb8e97a26-sheet7-R8,2026-04-09,daegu-city,소방행정과,6밀리드 중화반점,2026년도 4월 기관운영비 지출(대현),100000,5acb6adcb8e97a261f273dc9bfc53970a588d738bd92c63a4a75997573f0fccc,sheet7:R8,,,
5acb6adcb8e97a26-sheet7-R9,2026-05-19,daegu-city,소방행정과,굿모닝베이커리,2026년 5월 기관운영비 지출(대현),60000,5acb6adcb8e97a261f273dc9bfc53970a588d738bd92c63a4a75997573f0fccc,sheet7:R9,,,
5acb6adcb8e97a26-sheet7-R10,2026-05-27,daegu-city,소방행정과,파리바게뜨대구청아람점,2026년 5월 기관운영비 지출(대현),49900,5acb6adcb8e97a261f273dc9bfc53970a588d738bd92c63a4a75997573f0fccc,sheet7:R10,,,
5acb6adcb8e97a26-sheet8-R4,2026-04-09,daegu-city,소방행정과,이조참치,2026년 4월 기관운영업무추진비(간담회) 지출(산격안전센터),290000,5acb6adcb8e97a261f273dc9bfc53970a588d738bd92c63a4a75997573f0fccc,sheet8:R4,,,
5acb6adcb8e97a26-sheet8-R5,2026-06-08,daegu-city,소방행정과,보길도1988 칠성본점,2026년 6월 기관운영업무추진비(간담회) 지출(산격안전센터),210000,5acb6adcb8e97a261f273dc9bfc53970a588d738bd92c63a4a75997573f0fccc,sheet8:R5,,,
5acb6adcb8e97a26-sheet8-R6,2026-06-24,daegu-city,소방행정과,풍천장어침산점,2026년 6월 기관운영업무추진비(간담회) 지출(산격안전센터),99000,5acb6adcb8e97a261f273dc9bfc53970a588d738bd92c63a4a75997573f0fccc,sheet8:R6,,,
dcee5a399ed4b52a-sheet1-R6,2026-04-01,daegu-city,관리과,자갈치회타운,시정현안 간담회 경비 지출(본부장),157000,dcee5a399ed4b52ad37d4d632f368ae95b8ad6438d0eaea5a7f2561b8c2d85e7,sheet1:R6,,,
dcee5a399ed4b52a-sheet1-R7,2026-04-02,daegu-city,관리과,무주구천동메기매운탕,시정현안 간담회 경비 지출(본부장),55000,dcee5a399ed4b52ad37d4d632f368ae95b8ad6438d0eaea5a7f2561b8c2d85e7,sheet1:R7,,,
dcee5a399ed4b52a-sheet1-R8,2026-04-06,daegu-city,관리과,개인(성명 비공개),경조사비 지출,50000,dcee5a399ed4b52ad37d4d632f368ae95b8ad6438d0eaea5a7f2561b8c2d85e7,sheet1:R8,,,
dcee5a399ed4b52a-sheet1-R9,2026-04-06,daegu-city,관리과,녹수동태탕찜,시정현안 간담회 경비 지출(본부장),36000,dcee5a399ed4b52ad37d4d632f368ae95b8ad6438d0eaea5a7f2561b8c2d85e7,sheet1:R9,,,
dcee5a399ed4b52a-sheet1-R10,2026-04-07,daegu-city,관리과,연화37,시정현안 간담회 경비 지출(본부장),159000,dcee5a399ed4b52ad37d4d632f368ae95b8ad6438d0eaea5a7f2561b8c2d85e7,sheet1:R10,,,
dcee5a399ed4b52a-sheet1-R11,2026-04-08,daegu-city,관리과,정족발,직원 격려 간담회 경비 지출(본부장),292000,dcee5a399ed4b52ad37d4d632f368ae95b8ad6438d0eaea5a7f2561b8c2d85e7,sheet1:R11,,,
dcee5a399ed4b52a-sheet1-R12,2026-04-09,daegu-city,관리과,곤지곤지침산점,시정현안 간담회 경비 지출(본부장),110000,dcee5a399ed4b52ad37d4d632f368ae95b8ad6438d0eaea5a7f2561b8c2d85e7,sheet1:R12,,,
dcee5a399ed4b52a-sheet1-R13,2026-04-10,daegu-city,관리과,온돌방,시정현안 간담회 경비 지출(본부장),60000,dcee5a399ed4b52ad37d4d632f368ae95b8ad6438d0eaea5a7f2561b8c2d85e7,sheet1:R13,,,
dcee5a399ed4b52a-sheet1-R14,2026-04-10,daegu-city,관리과,순남시래기,시정현안 간담회 경비 지출(관리부장),26000,dcee5a399ed4b52ad37d4d632f368ae95b8ad6438d0eaea5a7f2561b8c2d85e7,sheet1:R14,,,
dcee5a399ed4b52a-sheet1-R15,2026-04-13,daegu-city,관리과,성주숯불갈비식당,시정현안 간담회 경비 지출(본부장),147000,dcee5a399ed4b52ad37d4d632f368ae95b8ad6438d0eaea5a7f2561b8c2d85e7,sheet1:R15,,,
dcee5a399ed4b52a-sheet1-R16,2026-04-14,daegu-city,관리과,본죽산격점,시정현안 간담회 경비 지출(본부장),16500,dcee5a399ed4b52ad37d4d632f368ae95b8ad6438d0eaea5a7f2561b8c2d85e7,sheet1:R16,,,
dcee5a399ed4b52a-sheet1-R17,2026-04-14,daegu-city,관리과,SSG.COM,내방객 접대용 다과 구입비 지출,91583,dcee5a399ed4b52ad37d4d632f368ae95b8ad6438d0eaea5a7f2561b8c2d85e7,sheet1:R17,,,
dcee5a399ed4b52a-sheet1-R18,2026-04-16,daegu-city,관리과,생물아구전문점,직원 격려 간담회 경비 지출(본부장),105000,dcee5a399ed4b52ad37d4d632f368ae95b8ad6438d0eaea5a7f2561b8c2d85e7,sheet1:R18,,,
dcee5a399ed4b52a-sheet1-R19,2026-04-20,daegu-city,관리과,이방인식당,시정현안 간담회 경비 지출(본부장),64000,dcee5a399ed4b52ad37d4d632f368ae95b8ad6438d0eaea5a7f2561b8c2d85e7,sheet1:R19,,,
dcee5a399ed4b52a-sheet1-R20,2026-04-21,daegu-city,관리과,오봉집,시정현안 간담회 경비 지출(본부장),30000,dcee5a399ed4b52ad37d4d632f368ae95b8ad6438d0eaea5a7f2561b8c2d85e7,sheet1:R20,,,
dcee5a399ed4b52a-sheet1-R21,2026-04-22,daegu-city,관리과,SSG.COM,내방객 접대용 다과 구입비 지출,31660,dcee5a399ed4b52ad37d4d632f368ae95b8ad6438d0eaea5a7f2561b8c2d85e7,sheet1:R21,,,
dcee5a399ed4b52a-sheet1-R22,2026-04-27,daegu-city,관리과,무주구천동메기매운탕,시정현안 간담회 경비 지출(본부장),44000,dcee5a399ed4b52ad37d4d632f368ae95b8ad6438d0eaea5a7f2561b8c2d85e7,sheet1:R22,,,
dcee5a399ed4b52a-sheet1-R23,2026-04-30,daegu-city,관리과,마이온룸,시정현안 간담회 다과구입비 지출(관리부장),102500,dcee5a399ed4b52ad37d4d632f368ae95b8ad6438d0eaea5a7f2561b8c2d85e7,sheet1:R23,,,
dcee5a399ed4b52a-sheet1-R24,2026-04-30,daegu-city,관리과,김낙현갈비탕갈비찜,시정현안 간담회 경비 지출(본부장),65000,dcee5a399ed4b52ad37d4d632f368ae95b8ad6438d0eaea5a7f2561b8c2d85e7,sheet1:R24,,,
dcee5a399ed4b52a-sheet1-R25,2026-04-30,daegu-city,관리과,곤지곤지침산점,시정현안 간담회 경비 지출(관리부장),42000,dcee5a399ed4b52ad37d4d632f368ae95b8ad6438d0eaea5a7f2561b8c2d85e7,sheet1:R25,,,
dcee5a399ed4b52a-sheet1-R26,2026-05-04,daegu-city,관리과,느티나무농장,직원 격려 간담회 경비 지출(본부장),110000,dcee5a399ed4b52ad37d4d632f368ae95b8ad6438d0eaea5a7f2561b8c2d85e7,sheet1:R26,,,
dcee5a399ed4b52a-sheet1-R27,2026-05-06,daegu-city,관리과,유림식당,시정현안 간담회 경비 지출(본부장),82000,dcee5a399ed4b52ad37d4d632f368ae95b8ad6438d0eaea5a7f2561b8c2d85e7,sheet1:R27,,,
dcee5a399ed4b52a-sheet1-R28,2026-05-07,daegu-city,관리과,멘타와이,직원 격려 간담회 경비 지출(본부장),40500,dcee5a399ed4b52ad37d4d632f368ae95b8ad6438d0eaea5a7f2561b8c2d85e7,sheet1:R28,,,
dcee5a399ed4b52a-sheet1-R29,2026-05-07,daegu-city,관리과,등대회,시정현안 간담회 경비 지출(관리부장),107000,dcee5a399ed4b52ad37d4d632f368ae95b8ad6438d0eaea5a7f2561b8c2d85e7,sheet1:R29,,,
dcee5a399ed4b52a-sheet1-R30,2026-05-08,daegu-city,관리과,곤지곤지침산점,시정현안 간담회 경비 지출(관리부장),28000,dcee5a399ed4b52ad37d4d632f368ae95b8ad6438d0eaea5a7f2561b8c2d85e7,sheet1:R30,,,
dcee5a399ed4b52a-sheet1-R31,2026-05-11,daegu-city,관리과,이방인횟집,시정현안 간담회 경비 지출(관리부장),32000,dcee5a399ed4b52ad37d4d632f368ae95b8ad6438d0eaea5a7f2561b8c2d85e7,sheet1:R31,,,
dcee5a399ed4b52a-sheet1-R32,2026-05-13,daegu-city,관리과,무주구천동메기매운탕,주요 시책사업 관련 관계자 간담회 경비 지출(건설토목부장),54000,dcee5a399ed4b52ad37d4d632f368ae95b8ad6438d0eaea5a7f2561b8c2d85e7,sheet1:R32,,,
dcee5a399ed4b52a-sheet1-R33,2026-05-18,daegu-city,관리과,창미고깃집,직원 격려 간담회 경비 지출(본부장),297000,dcee5a399ed4b52ad37d4d632f368ae95b8ad6438d0eaea5a7f2561b8c2d85e7,sheet1:R33,,,
dcee5a399ed4b52a-sheet1-R34,2026-05-19,daegu-city,관리과,감포생밀복,시정현안 간담회 경비 지출(본부장),111000,dcee5a399ed4b52ad37d4d632f368ae95b8ad6438d0eaea5a7f2561b8c2d85e7,sheet1:R34,,,
dcee5a399ed4b52a-sheet1-R35,2026-05-19,daegu-city,관리과,개인(성명 비공개),경조사비 지출,50000,dcee5a399ed4b52ad37d4d632f368ae95b8ad6438d0eaea5a7f2561b8c2d85e7,sheet1:R35,,,
dcee5a399ed4b52a-sheet1-R36,2026-05-19,daegu-city,관리과,이방인식당,시정현안 간담회 경비 지출(관리부장),32000,dcee5a399ed4b52ad37d4d632f368ae95b8ad6438d0eaea5a7f2561b8c2d85e7,sheet1:R36,,,
dcee5a399ed4b52a-sheet1-R37,2026-05-20,daegu-city,관리과,곤지곤지침산점,주요 시책사업 관련 관계자 간담회 경비 지출(건설토목부장),132000,dcee5a399ed4b52ad37d4d632f368ae95b8ad6438d0eaea5a7f2561b8c2d85e7,sheet1:R37,,,
dcee5a399ed4b52a-sheet1-R38,2026-05-20,daegu-city,관리과,개인(성명 비공개),경조사비 지출,50000,dcee5a399ed4b52ad37d4d632f368ae95b8ad6438d0eaea5a7f2561b8c2d85e7,sheet1:R38,,,
dcee5a399ed4b52a-sheet1-R39,2026-05-22,daegu-city,관리과,울루루스시앤돈까스,시정현안 간담회 경비 지출(본부장),20000,dcee5a399ed4b52ad37d4d632f368ae95b8ad6438d0eaea5a7f2561b8c2d85e7,sheet1:R39,,,
dcee5a399ed4b52a-sheet1-R40,2026-05-26,daegu-city,관리과,솔미참옻닭,시정현안 간담회 경비 지출(본부장),79000,dcee5a399ed4b52ad37d4d632f368ae95b8ad6438d0eaea5a7f2561b8c2d85e7,sheet1:R40,,,
dcee5a399ed4b52a-sheet1-R41,2026-05-26,daegu-city,관리과,SSG.COM,내방객 접대용 다과 구입비 지출,96954,dcee5a399ed4b52ad37d4d632f368ae95b8ad6438d0eaea5a7f2561b8c2d85e7,sheet1:R41,,,
dcee5a399ed4b52a-sheet1-R42,2026-05-27,daegu-city,관리과,생물아구전문점,시정현안 간담회 경비 지출(본부장),60000,dcee5a399ed4b52ad37d4d632f368ae95b8ad6438d0eaea5a7f2561b8c2d85e7,sheet1:R42,,,
dcee5a399ed4b52a-sheet1-R43,2026-05-28,daegu-city,관리과,감포생밀복,시정현안 간담회 경비 지출(본부장),174000,dcee5a399ed4b52ad37d4d632f368ae95b8ad6438d0eaea5a7f2561b8c2d85e7,sheet1:R43,,,
dcee5a399ed4b52a-sheet1-R44,2026-05-29,daegu-city,관리과,노원국수촌,시정현안 간담회 경비 지출(건축기전부장),54000,dcee5a399ed4b52ad37d4d632f368ae95b8ad6438d0eaea5a7f2561b8c2d85e7,sheet1:R44,,,
dcee5a399ed4b52a-sheet1-R45,2026-05-29,daegu-city,관리과,무주구천동메기매운탕,시정현안 간담회 경비 지출(본부장),54000,dcee5a399ed4b52ad37d4d632f368ae95b8ad6438d0eaea5a7f2561b8c2d85e7,sheet1:R45,,,
dcee5a399ed4b52a-sheet1-R46,2026-06-01,daegu-city,관리과,신세계대구점,시정현안 간담회 경비 지출(관리부장),74000,dcee5a399ed4b52ad37d4d632f368ae95b8ad6438d0eaea5a7f2561b8c2d85e7,sheet1:R46,,,
dcee5a399ed4b52a-sheet1-R47,2026-06-04,daegu-city,관리과,하양추어탕,시정현안 간담회 경비 지출(본부장),30000,dcee5a399ed4b52ad37d4d632f368ae95b8ad6438d0eaea5a7f2561b8c2d85e7,sheet1:R47,,,
dcee5a399ed4b52a-sheet1-R48,2026-06-05,daegu-city,관리과,본죽산격점,시정현안 간담회 경비 지출(관리부장),16500,dcee5a399ed4b52ad37d4d632f368ae95b8ad6438d0eaea5a7f2561b8c2d85e7,sheet1:R48,,,
dcee5a399ed4b52a-sheet1-R49,2026-06-05,daegu-city,관리과,감포생밀복,시정현안 간담회 경비 지출(본부장),118000,dcee5a399ed4b52ad37d4d632f368ae95b8ad6438d0eaea5a7f2561b8c2d85e7,sheet1:R49,,,
dcee5a399ed4b52a-sheet1-R50,2026-06-05,daegu-city,관리과,종집,시정현안 간담회 경비 지출(본부장),190500,dcee5a399ed4b52ad37d4d632f368ae95b8ad6438d0eaea5a7f2561b8c2d85e7,sheet1:R50,,,
dcee5a399ed4b52a-sheet1-R51,2026-06-09,daegu-city,관리과,신암태양칼국수,시정현안 간담회 경비 지출(본부장),79500,dcee5a399ed4b52ad37d4d632f368ae95b8ad6438d0eaea5a7f2561b8c2d85e7,sheet1:R51,,,
dcee5a399ed4b52a-sheet1-R52,2026-06-12,daegu-city,관리과,라꾸엔,시정현안 간담회 경비 지출(본부장),117000,dcee5a399ed4b52ad37d4d632f368ae95b8ad6438d0eaea5a7f2561b8c2d85e7,sheet1:R52,,,
dcee5a399ed4b52a-sheet1-R53,2026-06-15,daegu-city,관리과,한우정곰탕,시정현안 간담회 경비 지출(본부장),56000,dcee5a399ed4b52ad37d4d632f368ae95b8ad6438d0eaea5a7f2561b8c2d85e7,sheet1:R53,,,
dcee5a399ed4b52a-sheet1-R54,2026-06-16,daegu-city,관리과,생물아구전문점,시정현안 간담회 경비 지출(본부장),60000,dcee5a399ed4b52ad37d4d632f368ae95b8ad6438d0eaea5a7f2561b8c2d85e7,sheet1:R54,,,
dcee5a399ed4b52a-sheet1-R55,2026-06-18,daegu-city,관리과,포항해물탕,시정현안 간담회 경비 지출(본부장),70000,dcee5a399ed4b52ad37d4d632f368ae95b8ad6438d0eaea5a7f2561b8c2d85e7,sheet1:R55,,,
dcee5a399ed4b52a-sheet1-R56,2026-06-19,daegu-city,관리과,성주숯불갈비식당,시정현안 간담회 경비 지출(본부장),108000,dcee5a399ed4b52ad37d4d632f368ae95b8ad6438d0eaea5a7f2561b8c2d85e7,sheet1:R56,,,
dcee5a399ed4b52a-sheet1-R57,2026-06-22,daegu-city,관리과,SSG.COM,내방객 접대용 다과 구입비 지출,63150,dcee5a399ed4b52ad37d4d632f368ae95b8ad6438d0eaea5a7f2561b8c2d85e7,sheet1:R57,,,
dcee5a399ed4b52a-sheet1-R58,2026-06-22,daegu-city,관리과,무주구천동메기매운탕,기관운영업무추진비 지출(본부장),48000,dcee5a399ed4b52ad37d4d632f368ae95b8ad6438d0eaea5a7f2561b8c2d85e7,sheet1:R58,,,
dcee5a399ed4b52a-sheet1-R59,2026-06-23,daegu-city,관리과,정담,기관운영업무추진비 지출(본부장),54500,dcee5a399ed4b52ad37d4d632f368ae95b8ad6438d0eaea5a7f2561b8c2d85e7,sheet1:R59,,,
dcee5a399ed4b52a-sheet1-R60,2026-06-24,daegu-city,관리과,시골풍경칼국수수제비,시정현안 간담회 경비 지출(본부장),43000,dcee5a399ed4b52ad37d4d632f368ae95b8ad6438d0eaea5a7f2561b8c2d85e7,sheet1:R60,,,
dcee5a399ed4b52a-sheet1-R61,2026-06-25,daegu-city,관리과,포항해물탕,시정현안 간담회 경비 지출(본부장),34000,dcee5a399ed4b52ad37d4d632f368ae95b8ad6438d0eaea5a7f2561b8c2d85e7,sheet1:R61,,,
dcee5a399ed4b52a-sheet1-R62,2026-06-25,daegu-city,관리과,순남시래기,시정현안 간담회 경비 지출(본부장),208000,dcee5a399ed4b52ad37d4d632f368ae95b8ad6438d0eaea5a7f2561b8c2d85e7,sheet1:R62,,,
dcee5a399ed4b52a-sheet1-R63,2026-06-26,daegu-city,관리과,인투고성점,시정현안 간담회 경비 지출(본부장),61500,dcee5a399ed4b52ad37d4d632f368ae95b8ad6438d0eaea5a7f2561b8c2d85e7,sheet1:R63,,,
dcee5a399ed4b52a-sheet1-R64,2026-06-29,daegu-city,관리과,포항해물탕,시정현안 간담회 경비 지출(본부장),48000,dcee5a399ed4b52ad37d4d632f368ae95b8ad6438d0eaea5a7f2561b8c2d85e7,sheet1:R64,,,
dcee5a399ed4b52a-sheet1-R65,2026-06-30,daegu-city,관리과,오봉집,시정현안 간담회 경비 지출(본부장),72000,dcee5a399ed4b52ad37d4d632f368ae95b8ad6438d0eaea5a7f2561b8c2d85e7,sheet1:R65,,,
cd3fb801687c1e3a-sheet1-R3,2026-04-13,daegu-city,상수도사업본부 문산정수사업소,화로향,업무협의 간담회 경비 지출,134500,cd3fb801687c1e3abda9db3011c5dec258fe94a913342885b366d9b1072c5d33,sheet1:R3,,,
cd3fb801687c1e3a-sheet1-R4,2026-04-30,daegu-city,상수도사업본부 문산정수사업소,개인(성명 비공개),경조사비 지급,50000,cd3fb801687c1e3abda9db3011c5dec258fe94a913342885b366d9b1072c5d33,sheet1:R4,,,
cd3fb801687c1e3a-sheet1-R5,2026-04-30,daegu-city,상수도사업본부 문산정수사업소,성은누룽지,사업소장 간담회 경비 지출,173400,cd3fb801687c1e3abda9db3011c5dec258fe94a913342885b366d9b1072c5d33,sheet1:R5,,,
cd3fb801687c1e3a-sheet1-R6,2026-05-06,daegu-city,상수도사업본부 문산정수사업소,군위축협,업무협의 간담회 경비 지출,149000,cd3fb801687c1e3abda9db3011c5dec258fe94a913342885b366d9b1072c5d33,sheet1:R6,,,
cd3fb801687c1e3a-sheet1-R7,2026-05-08,daegu-city,상수도사업본부 문산정수사업소,사운즈커피 미니 다사점,내빈 접대용 다과 구입,25900,cd3fb801687c1e3abda9db3011c5dec258fe94a913342885b366d9b1072c5d33,sheet1:R7,,,
cd3fb801687c1e3a-sheet1-R8,2026-05-11,daegu-city,상수도사업본부 문산정수사업소,개인(성명 비공개),경조사비 지급,50000,cd3fb801687c1e3abda9db3011c5dec258fe94a913342885b366d9b1072c5d33,sheet1:R8,,,
cd3fb801687c1e3a-sheet1-R9,2026-06-17,daegu-city,상수도사업본부 문산정수사업소,개인(성명 비공개),경조사비 지급,50000,cd3fb801687c1e3abda9db3011c5dec258fe94a913342885b366d9b1072c5d33,sheet1:R9,,,
cd3fb801687c1e3a-sheet1-R10,2026-06-26,daegu-city,상수도사업본부 문산정수사업소,원할머니보쌈,업무협의 간담회 경비 지출,220000,cd3fb801687c1e3abda9db3011c5dec258fe94a913342885b366d9b1072c5d33,sheet1:R10,,,
c3f775ffa361e657-sheet1-R5,2026-06-16,daegu-city,대학인재과,"유림식당, 타르트에 반하다",경계선 지능인 지원체계 연구 관련 간담회 경비 지출,177300,c3f775ffa361e657ecfb1935a51582f073282ab813f27a5bfee6cf404d4665ea,sheet1:R5,,,
683043782164b1c0-sheet1-R5,2026-04-06,daegu-city,소통민원과,온돌방식당,갈등관리 업무 추진관련 간담회 경비 지출,100000,683043782164b1c0bda2256038e2e8f8a42e400c73ed10f6e282eff8596ff4aa,sheet1:R5,,,
683043782164b1c0-sheet1-R6,2026-05-29,daegu-city,소통민원과,미스터브리즈커피 외 1,상반기 공공갈등관리교육 추진 관련 간담회 경비 지출,160000,683043782164b1c0bda2256038e2e8f8a42e400c73ed10f6e282eff8596ff4aa,sheet1:R6,,,
683043782164b1c0-sheet1-R7,2026-05-19,daegu-city,소통민원과,캐스트커피오피스,2026년 제3차 청원심의회 다과 구입비 지출,60000,683043782164b1c0bda2256038e2e8f8a42e400c73ed10f6e282eff8596ff4aa,sheet1:R7,,,
683043782164b1c0-sheet1-R8,2026-06-18,daegu-city,소통민원과,홍루이젠 두류점,'26년 제1회 찾아가는 시민사랑방 운영에 따른 다과 구입비용 지출,252000,683043782164b1c0bda2256038e2e8f8a42e400c73ed10f6e282eff8596ff4aa,sheet1:R8,,,
683043782164b1c0-sheet1-R9,2026-06-18,daegu-city,소통민원과,리틀 오븐,'26년 제1회 찾아가는 시민사랑방 운영에 따른 다과 구입비용 지출,87900,683043782164b1c0bda2256038e2e8f8a42e400c73ed10f6e282eff8596ff4aa,sheet1:R9,,,
683043782164b1c0-sheet1-R10,2026-06-22,daegu-city,소통민원과,캐스트커피오피스,2026년 제1회 제안심사위원회 다과 구입비 지출,70000,683043782164b1c0bda2256038e2e8f8a42e400c73ed10f6e282eff8596ff4aa,sheet1:R10,,,
683043782164b1c0-sheet1-R11,2026-06-18,daegu-city,소통민원과,르안데르센 과자점,시민소통 활성화 추진 간담회 경비 지출,190000,683043782164b1c0bda2256038e2e8f8a42e400c73ed10f6e282eff8596ff4aa,sheet1:R11,,,
c7b4f6b68c44a403-sheet1-R6,2026-04-01,daegu-city,사회재난과,매스커피,2026년 대구ㆍ경북권역 화랑훈련 사전점검 간담회 경비 지출,100000,c7b4f6b68c44a40307f1313cde1900ac750159fa916977ce474f11fbc5c7582f,sheet1:R6,,,
c7b4f6b68c44a403-sheet1-R7,2026-04-02,daegu-city,사회재난과,밀리스,사회재난 업무 간담회 경비 지출,188000,c7b4f6b68c44a40307f1313cde1900ac750159fa916977ce474f11fbc5c7582f,sheet1:R7,,,
c7b4f6b68c44a403-sheet1-R8,2026-04-03,daegu-city,사회재난과,(주)이마트칠성점,2026년 화랑훈련 통합방위지원본부 근무자 다과 등 지출,310940,c7b4f6b68c44a40307f1313cde1900ac750159fa916977ce474f11fbc5c7582f,sheet1:R8,,,
c7b4f6b68c44a403-sheet1-R9,2026-04-07,daegu-city,사회재난과,맛돈산,업무 추진 간담회 비용 지출,66000,c7b4f6b68c44a40307f1313cde1900ac750159fa916977ce474f11fbc5c7582f,sheet1:R9,,,
c7b4f6b68c44a403-sheet1-R10,2026-04-09,daegu-city,사회재난과,목석원,화랑훈련 업무 관련 간담회 경비 지출,68000,c7b4f6b68c44a40307f1313cde1900ac750159fa916977ce474f11fbc5c7582f,sheet1:R10,,,
c7b4f6b68c44a403-sheet1-R11,2026-04-09,daegu-city,사회재난과,방천소갈비,업무추진 간담회 비용 지출,151000,c7b4f6b68c44a40307f1313cde1900ac750159fa916977ce474f11fbc5c7582f,sheet1:R11,,,
c7b4f6b68c44a403-sheet1-R12,2026-04-10,daegu-city,사회재난과,창미고깃집,업무 추진 간담회 비용 지출,155000,c7b4f6b68c44a40307f1313cde1900ac750159fa916977ce474f11fbc5c7582f,sheet1:R12,,,
c7b4f6b68c44a403-sheet1-R13,2026-04-13,daegu-city,사회재난과,온돌방,업무 추진 간담회 비용 지출,280000,c7b4f6b68c44a40307f1313cde1900ac750159fa916977ce474f11fbc5c7582f,sheet1:R13,,,
c7b4f6b68c44a403-sheet1-R14,2026-04-16,daegu-city,사회재난과,경주집,업무 추진 간담회 비용 지출,112000,c7b4f6b68c44a40307f1313cde1900ac750159fa916977ce474f11fbc5c7582f,sheet1:R14,,,
c7b4f6b68c44a403-sheet1-R15,2026-04-17,daegu-city,사회재난과,온돌방,비상대비 업무 협의 관련 간담회 비용 지출,420000,c7b4f6b68c44a40307f1313cde1900ac750159fa916977ce474f11fbc5c7582f,sheet1:R15,,,
c7b4f6b68c44a403-sheet1-R16,2026-05-04,daegu-city,사회재난과,온돌방,2026년 통합방위 협조기관 간담회 경비 지출,220000,c7b4f6b68c44a40307f1313cde1900ac750159fa916977ce474f11fbc5c7582f,sheet1:R16,,,
c7b4f6b68c44a403-sheet1-R17,2026-05-10,daegu-city,사회재난과,미스터브리즈커피대구시청점,기술인력 동원훈련 준비 회의에 따른 경비 지출,60000,c7b4f6b68c44a40307f1313cde1900ac750159fa916977ce474f11fbc5c7582f,sheet1:R17,,,
c7b4f6b68c44a403-sheet1-R18,2026-05-12,daegu-city,사회재난과,삼송제시카즈베이커리,통합방위지원 협력기관 업무추진 격려 간식 구입,39800,c7b4f6b68c44a40307f1313cde1900ac750159fa916977ce474f11fbc5c7582f,sheet1:R18,,,
c7b4f6b68c44a403-sheet1-R19,2026-05-13,daegu-city,사회재난과,타이야미,업무협의를 위한 간담회 비용 지출,158000,c7b4f6b68c44a40307f1313cde1900ac750159fa916977ce474f11fbc5c7582f,sheet1:R19,,,
c7b4f6b68c44a403-sheet1-R20,2026-05-14,daegu-city,사회재난과,찹찹찹(Chop Chop Chop),업무 추진 간담회 비용 지출,99000,c7b4f6b68c44a40307f1313cde1900ac750159fa916977ce474f11fbc5c7582f,sheet1:R20,,,
c7b4f6b68c44a403-sheet1-R21,2026-05-15,daegu-city,사회재난과,매스커피,업무 추진 간담회 비용 지출,38400,c7b4f6b68c44a40307f1313cde1900ac750159fa916977ce474f11fbc5c7582f,sheet1:R21,,,
c7b4f6b68c44a403-sheet1-R22,2026-05-18,daegu-city,사회재난과,도쿄참치 김광석거리점,업무 추진 간담회 비용 지출,195000,c7b4f6b68c44a40307f1313cde1900ac750159fa916977ce474f11fbc5c7582f,sheet1:R22,,,
c7b4f6b68c44a403-sheet1-R23,2026-05-19,daegu-city,사회재난과,할리스커피 봉무공원점외 1,상반기 기술인력 동원훈련에 따른 간담회 경비 지출,72800,c7b4f6b68c44a40307f1313cde1900ac750159fa916977ce474f11fbc5c7582f,sheet1:R23,,,
c7b4f6b68c44a403-sheet1-R24,2026-05-20,daegu-city,사회재난과,공주당,업무 추진 간담회 비용 지출,180000,c7b4f6b68c44a40307f1313cde1900ac750159fa916977ce474f11fbc5c7582f,sheet1:R24,,,
c7b4f6b68c44a403-sheet1-R25,2026-05-22,daegu-city,사회재난과,트레이더스 비산점,2026년 상반기 재난안전분야 종사자 전문교육 실시에 따른 다과 구입비 지출,247640,c7b4f6b68c44a40307f1313cde1900ac750159fa916977ce474f11fbc5c7582f,sheet1:R25,,,
c7b4f6b68c44a403-sheet1-R26,2026-05-28,daegu-city,사회재난과,노세콘도(NoSecondo),업무 추진 간담회 비용 지출,143000,c7b4f6b68c44a40307f1313cde1900ac750159fa916977ce474f11fbc5c7582f,sheet1:R26,,,
c7b4f6b68c44a403-sheet1-R27,2026-06-02,daegu-city,사회재난과,온돌방,2026년 상반기 민방위 실무자 교육 참석자 격려 식사,240000,c7b4f6b68c44a40307f1313cde1900ac750159fa916977ce474f11fbc5c7582f,sheet1:R27,,,
c7b4f6b68c44a403-sheet1-R28,2026-06-10,daegu-city,사회재난과,봉성숯불촌 봉화가든,업무 추진 간담회 비용 지출,198000,c7b4f6b68c44a40307f1313cde1900ac750159fa916977ce474f11fbc5c7582f,sheet1:R28,,,
c7b4f6b68c44a403-sheet1-R29,2026-06-11,daegu-city,사회재난과,감프커피 대구혁신점외 1,민방위대 특별검열에 따룬 간담회 경비 지출,107500,c7b4f6b68c44a40307f1313cde1900ac750159fa916977ce474f11fbc5c7582f,sheet1:R29,,,
c7b4f6b68c44a403-sheet1-R30,2026-06-11,daegu-city,사회재난과,할리스커피 봉무공원점,재난관리 업무 간담회 경비 지출,42500,c7b4f6b68c44a40307f1313cde1900ac750159fa916977ce474f11fbc5c7582f,sheet1:R30,,,
c7b4f6b68c44a403-sheet1-R31,2026-06-15,daegu-city,사회재난과,파리바게뜨 대구불로점,기술인력 동원훈련에 따른 간담회 경비 지출,33800,c7b4f6b68c44a40307f1313cde1900ac750159fa916977ce474f11fbc5c7582f,sheet1:R31,,,
c7b4f6b68c44a403-sheet1-R32,2026-06-24,daegu-city,사회재난과,올라오니,사회재난대응 업무 간담회 경비 지출,63500,c7b4f6b68c44a40307f1313cde1900ac750159fa916977ce474f11fbc5c7582f,sheet1:R32,,,
c7b4f6b68c44a403-sheet1-R33,2026-06-25,daegu-city,사회재난과,장수오리동촌유원지점,기술인력 동원훈련에 따른 간담회 경비 지출,41000,c7b4f6b68c44a40307f1313cde1900ac750159fa916977ce474f11fbc5c7582f,sheet1:R33,,,
f8ffcecdeca21844-sheet1-R8,2026-04-01,daegu-city,북부 사업소,해송복어,업무협의 간담회 비용 지출,130200,f8ffcecdeca2184436eabdd3db8280cd75ba7a8b6a2ac3b5dcb8b86a49dff781,sheet1:R8,,,
f8ffcecdeca21844-sheet1-R9,2026-05-15,daegu-city,북부 사업소,이마트 침산점,내방객 접대용 다과 구입,73820,f8ffcecdeca2184436eabdd3db8280cd75ba7a8b6a2ac3b5dcb8b86a49dff781,sheet1:R9,,,
f8ffcecdeca21844-sheet1-R10,2026-05-28,daegu-city,북부 사업소,우즈 침산점,업무협의 간담회 비용 지출,67700,f8ffcecdeca2184436eabdd3db8280cd75ba7a8b6a2ac3b5dcb8b86a49dff781,sheet1:R10,,,
f8ffcecdeca21844-sheet1-R11,2026-06-29,daegu-city,북부 사업소,일월산생고기직화구이,직원 격려 간담회 경비 지출,80500,f8ffcecdeca2184436eabdd3db8280cd75ba7a8b6a2ac3b5dcb8b86a49dff781,sheet1:R11,,,
7b4f10ef91ee2da9-sheet1-R5,2026-06-02,daegu-city,대학정책국장,거산 이가네더덕밥 등,직원 격려 간담회 경비 지출,92000,7b4f10ef91ee2da9c501fb7a188aec1215053d9cca4faea357736cfd9ad2e59f,sheet1:R5,,,
7b4f10ef91ee2da9-sheet1-R6,2026-06-11,daegu-city,대학정책국장,팔수식당 등,직원 격려 간담회 경비 지출,157700,7b4f10ef91ee2da9c501fb7a188aec1215053d9cca4faea357736cfd9ad2e59f,sheet1:R6,,,
7b4f10ef91ee2da9-sheet1-R7,2026-06-12,daegu-city,대학정책국장,삼수장어 등,직원 격려 간담회 경비 지출,181000,7b4f10ef91ee2da9c501fb7a188aec1215053d9cca4faea357736cfd9ad2e59f,sheet1:R7,,,
7b4f10ef91ee2da9-sheet1-R8,2026-06-16,daegu-city,대학정책국장,캐스트커피오피스,직원 격려 간담회 경비 지출,21000,7b4f10ef91ee2da9c501fb7a188aec1215053d9cca4faea357736cfd9ad2e59f,sheet1:R8,,,
7b4f10ef91ee2da9-sheet1-R9,2026-06-18,daegu-city,대학정책국장,갓샐러드 동인점,직원 격려 간담회 경비 지출,33200,7b4f10ef91ee2da9c501fb7a188aec1215053d9cca4faea357736cfd9ad2e59f,sheet1:R9,,,
7b4f10ef91ee2da9-sheet1-R10,2026-06-24,daegu-city,대학정책국장,카페누리신천점,직원 격려 간담회 경비 지출,7000,7b4f10ef91ee2da9c501fb7a188aec1215053d9cca4faea357736cfd9ad2e59f,sheet1:R10,,,
7b4f10ef91ee2da9-sheet1-R11,2026-06-29,daegu-city,대학정책국장,카페보스 동서변점,현안업무 추진 관련 간담회 경비 지출,13500,7b4f10ef91ee2da9c501fb7a188aec1215053d9cca4faea357736cfd9ad2e59f,sheet1:R11,,,
7b4f10ef91ee2da9-sheet2-R5,2026-06-02,daegu-city,대학정책과,마이온룸,대경권 초광역 인재양성 TF회의 운영 경비 지출,43500,7b4f10ef91ee2da9c501fb7a188aec1215053d9cca4faea357736cfd9ad2e59f,sheet2:R5,,,
7b4f10ef91ee2da9-sheet2-R6,2026-06-02,daegu-city,대학정책과,장원,현안업무 추진 관련 간담회 경비 지출,179000,7b4f10ef91ee2da9c501fb7a188aec1215053d9cca4faea357736cfd9ad2e59f,sheet2:R6,,,
7b4f10ef91ee2da9-sheet2-R7,2026-06-25,daegu-city,대학정책과,바르미스시 등,직원 격려 간담회 경비 지출,105100,7b4f10ef91ee2da9c501fb7a188aec1215053d9cca4faea357736cfd9ad2e59f,sheet2:R7,,,
8f12fed272e2b1e4-sheet1-R14,2026-04-21,daegu-city,시민안전테마파크,티아이티에프(TITF),기관운영업무추진비 지출(직원소통문화행사),60350,8f12fed272e2b1e4ced3c759099b92756112d250c0526ea8aa2b9e787df56e11,sheet1:R14,,,
8f12fed272e2b1e4-sheet1-R15,2026-04-22,daegu-city,시민안전테마파크,티아이티에프(TITF),시책추진업무추진비 지출(어린이날 행사 업무협의 간담회),58230,8f12fed272e2b1e4ced3c759099b92756112d250c0526ea8aa2b9e787df56e11,sheet1:R15,,,
8f12fed272e2b1e4-sheet1-R16,2026-04-29,daegu-city,시민안전테마파크,산중식당,시책추진업무추진비 지출(업무추진 간담회),60000,8f12fed272e2b1e4ced3c759099b92756112d250c0526ea8aa2b9e787df56e11,sheet1:R16,,,
8f12fed272e2b1e4-sheet1-R17,2026-05-04,daegu-city,시민안전테마파크,들꽃향한식당,시책추진업무추진비 지출(업무협의 간담회),480000,8f12fed272e2b1e4ced3c759099b92756112d250c0526ea8aa2b9e787df56e11,sheet1:R17,,,
8f12fed272e2b1e4-sheet1-R18,2026-05-12,daegu-city,시민안전테마파크,개인(성명 비공개),기관운영업무추진비 지출,50000,8f12fed272e2b1e4ced3c759099b92756112d250c0526ea8aa2b9e787df56e11,sheet1:R18,,,
8f12fed272e2b1e4-sheet1-R19,2026-05-28,daegu-city,시민안전테마파크,개인(성명 비공개),기관운영업무추진비 지출,50000,8f12fed272e2b1e4ced3c759099b92756112d250c0526ea8aa2b9e787df56e11,sheet1:R19,,,
8f12fed272e2b1e4-sheet1-R20,2026-05-29,daegu-city,시민안전테마파크,산중식당,시책추진업무추진비 지출(업무추진 간담회),80000,8f12fed272e2b1e4ced3c759099b92756112d250c0526ea8aa2b9e787df56e11,sheet1:R20,,,
8f12fed272e2b1e4-sheet1-R21,2026-06-04,daegu-city,시민안전테마파크,iM 뱅크/온누리상품권,정원가산업무추진비 지출(2026년 2분기 생일직원 격려물품 구매),150000,8f12fed272e2b1e4ced3c759099b92756112d250c0526ea8aa2b9e787df56e11,sheet1:R21,,,
8f12fed272e2b1e4-sheet1-R22,2026-06-05,daegu-city,시민안전테마파크,티아이티에프(TITF),기관운영업무추진비 지출(기관장과 직원소통간담회),46350,8f12fed272e2b1e4ced3c759099b92756112d250c0526ea8aa2b9e787df56e11,sheet1:R22,,,
8f12fed272e2b1e4-sheet1-R23,2026-06-23,daegu-city,시민안전테마파크,들꽃향한식당,시책추진업무추진비 지출(업무추진 간담회),450000,8f12fed272e2b1e4ced3c759099b92756112d250c0526ea8aa2b9e787df56e11,sheet1:R23,,,
90f38703d9598a7c-sheet1-R5,2026-04-07,daegu-city,미래혁신정책관,온돌방,직원 격려 간담회 경비 지출(정책관),78000,90f38703d9598a7ca5a4e15860a92911ab4683f6107b2f9e975a63330443b5a6,sheet1:R5,,,
90f38703d9598a7c-sheet1-R6,2026-04-15,daegu-city,미래혁신정책관,레스트빈,미래혁신성장실 부속실 운영을 위한 다과 구입비 지출,74000,90f38703d9598a7ca5a4e15860a92911ab4683f6107b2f9e975a63330443b5a6,sheet1:R6,,,
90f38703d9598a7c-sheet1-R7,2026-04-29,daegu-city,미래혁신정책관,옥션(해피제주랩),미래혁신성장실 부속실 운영을 위한 다과 구입비 지출,52000,90f38703d9598a7ca5a4e15860a92911ab4683f6107b2f9e975a63330443b5a6,sheet1:R7,,,
90f38703d9598a7c-sheet1-R8,2026-05-08,daegu-city,미래혁신정책관,-,경조사비지출,50000,90f38703d9598a7ca5a4e15860a92911ab4683f6107b2f9e975a63330443b5a6,sheet1:R8,,,
90f38703d9598a7c-sheet1-R9,2026-05-14,daegu-city,미래혁신정책관,-,경조사비지출,100000,90f38703d9598a7ca5a4e15860a92911ab4683f6107b2f9e975a63330443b5a6,sheet1:R9,,,
90f38703d9598a7c-sheet1-R10,2026-05-18,daegu-city,미래혁신정책관,장원,직원 격려 간담회 경비 지출(실장),136000,90f38703d9598a7ca5a4e15860a92911ab4683f6107b2f9e975a63330443b5a6,sheet1:R10,,,
90f38703d9598a7c-sheet1-R11,2026-05-21,daegu-city,미래혁신정책관,폴인포케,직원 격려 간담회 경비 지출(실장),400000,90f38703d9598a7ca5a4e15860a92911ab4683f6107b2f9e975a63330443b5a6,sheet1:R11,,,
90f38703d9598a7c-sheet1-R12,2026-05-28,daegu-city,미래혁신정책관,-,경조사비지출,100000,90f38703d9598a7ca5a4e15860a92911ab4683f6107b2f9e975a63330443b5a6,sheet1:R12,,,
90f38703d9598a7c-sheet1-R13,2026-06-01,daegu-city,미래혁신정책관,황태골,직원 격려 간담회 경비 지출(실장),400000,90f38703d9598a7ca5a4e15860a92911ab4683f6107b2f9e975a63330443b5a6,sheet1:R13,,,
90f38703d9598a7c-sheet1-R14,2026-06-01,daegu-city,미래혁신정책관,고운곰탕,직원 격려 간담회 경비 지출(실장),170000,90f38703d9598a7ca5a4e15860a92911ab4683f6107b2f9e975a63330443b5a6,sheet1:R14,,,
90f38703d9598a7c-sheet1-R15,2026-06-02,daegu-city,미래혁신정책관,하나사쿠 침산점,직원 격려 간담회 경비 지출(실장),71000,90f38703d9598a7ca5a4e15860a92911ab4683f6107b2f9e975a63330443b5a6,sheet1:R15,,,
90f38703d9598a7c-sheet1-R16,2026-06-04,daegu-city,미래혁신정책관,남원골추어탕,직원 격려 간담회 경비 지출(실장),320000,90f38703d9598a7ca5a4e15860a92911ab4683f6107b2f9e975a63330443b5a6,sheet1:R16,,,
90f38703d9598a7c-sheet1-R17,2026-06-16,daegu-city,미래혁신정책관,해패제주랩,미래혁신성장실 부속실 운영을 위한 다과 구입비 지출,47800,90f38703d9598a7ca5a4e15860a92911ab4683f6107b2f9e975a63330443b5a6,sheet1:R17,,,
90f38703d9598a7c-sheet1-R18,2026-06-23,daegu-city,미래혁신정책관,우즈베이커리 침산점,직원 격려 간담회 경비 지출(실장),102000,90f38703d9598a7ca5a4e15860a92911ab4683f6107b2f9e975a63330443b5a6,sheet1:R18,,,
90f38703d9598a7c-sheet1-R19,2026-06-23,daegu-city,미래혁신정책관,아웃닭 경북대점,직원 격려 간담회 경비 지출(실장),48600,90f38703d9598a7ca5a4e15860a92911ab4683f6107b2f9e975a63330443b5a6,sheet1:R19,,,
90f38703d9598a7c-sheet1-R20,2026-06-24,daegu-city,미래혁신정책관,폴인포케,직원 격려 간담회 경비 지출(실장),400000,90f38703d9598a7ca5a4e15860a92911ab4683f6107b2f9e975a63330443b5a6,sheet1:R20,,,
90f38703d9598a7c-sheet1-R21,2026-06-24,daegu-city,미래혁신정책관,대백마트 산격점,미래혁신성장실 부속실 운영을 위한 다과 구입비 지출,300000,90f38703d9598a7ca5a4e15860a92911ab4683f6107b2f9e975a63330443b5a6,sheet1:R21,,,
90f38703d9598a7c-sheet1-R22,2026-06-30,daegu-city,미래혁신정책관,조르지오 피렌체,직원 격려 간담회 경비 지출(실장),200000,90f38703d9598a7ca5a4e15860a92911ab4683f6107b2f9e975a63330443b5a6,sheet1:R22,,,
90f38703d9598a7c-sheet2-R5,2026-04-07,daegu-city,미래혁신정책관,남강장어,미래혁신성장실 주요 시책 관련 간담회 경비 지출,190000,90f38703d9598a7ca5a4e15860a92911ab4683f6107b2f9e975a63330443b5a6,sheet2:R5,,,
90f38703d9598a7c-sheet2-R6,2026-04-13,daegu-city,미래혁신정책관,온뜨락,미래혁신성장실 주요 시책 관련 간담회 경비 지출,27000,90f38703d9598a7ca5a4e15860a92911ab4683f6107b2f9e975a63330443b5a6,sheet2:R6,,,
90f38703d9598a7c-sheet2-R7,2026-04-16,daegu-city,미래혁신정책관,감포생밀복,미래혁신성장실 주요 시책 홍보 관련 간담회 경비 지출,50000,90f38703d9598a7ca5a4e15860a92911ab4683f6107b2f9e975a63330443b5a6,sheet2:R7,,,
90f38703d9598a7c-sheet2-R8,2026-04-21,daegu-city,미래혁신정책관,청담동,미래혁신성장실 주요 시책 관련 간담회 경비 지출,75000,90f38703d9598a7ca5a4e15860a92911ab4683f6107b2f9e975a63330443b5a6,sheet2:R8,,,
90f38703d9598a7c-sheet2-R9,2026-04-23,daegu-city,미래혁신정책관,마이온룸,국립치의학연구원 유치추진단 회의 간담회 경비 지출,185000,90f38703d9598a7ca5a4e15860a92911ab4683f6107b2f9e975a63330443b5a6,sheet2:R9,,,
90f38703d9598a7c-sheet2-R10,2026-04-24,daegu-city,미래혁신정책관,광성복어,미래혁신성장실 주요 시책 홍보 관련 간담회 경비 지출,82000,90f38703d9598a7ca5a4e15860a92911ab4683f6107b2f9e975a63330443b5a6,sheet2:R10,,,
90f38703d9598a7c-sheet2-R11,2026-05-13,daegu-city,미래혁신정책관,벽강물회,미래혁신성장실 주요 시책 관련 간담회 경비 지출,162000,90f38703d9598a7ca5a4e15860a92911ab4683f6107b2f9e975a63330443b5a6,sheet2:R11,,,
90f38703d9598a7c-sheet2-R12,2026-05-13,daegu-city,미래혁신정책관,보틀캠프,미래혁신성장실 주요 시책 관련 간담회 경비 지출,177000,90f38703d9598a7ca5a4e15860a92911ab4683f6107b2f9e975a63330443b5a6,sheet2:R12,,,
90f38703d9598a7c-sheet2-R13,2026-05-14,daegu-city,미래혁신정책관,고운곰탕,미래혁신성장실 주요 시책 관련 간담회 경비 지출,96000,90f38703d9598a7ca5a4e15860a92911ab4683f6107b2f9e975a63330443b5a6,sheet2:R13,,,
90f38703d9598a7c-sheet2-R14,2026-05-21,daegu-city,미래혁신정책관,샤브엔드 침산점,미래혁신성장실 주요 시책 관련 간담회 경비 지출,89700,90f38703d9598a7ca5a4e15860a92911ab4683f6107b2f9e975a63330443b5a6,sheet2:R14,,,
90f38703d9598a7c-sheet2-R15,2026-05-26,daegu-city,미래혁신정책관,림터,미래혁신성장실 주요 시책 관련 간담회 경비 지출,89500,90f38703d9598a7ca5a4e15860a92911ab4683f6107b2f9e975a63330443b5a6,sheet2:R15,,,
90f38703d9598a7c-sheet2-R16,2026-05-27,daegu-city,미래혁신정책관,부산안면옥,미래혁신성장실 주요 시책 관련 간담회 경비 지출,71000,90f38703d9598a7ca5a4e15860a92911ab4683f6107b2f9e975a63330443b5a6,sheet2:R16,,,
90f38703d9598a7c-sheet2-R17,2026-05-29,daegu-city,미래혁신정책관,남대문숯불갈비,미래혁신성장실 주요 시책 관련 간담회 경비 지출,82000,90f38703d9598a7ca5a4e15860a92911ab4683f6107b2f9e975a63330443b5a6,sheet2:R17,,,
90f38703d9598a7c-sheet2-R18,2026-06-08,daegu-city,미래혁신정책관,종가집,미래혁신성장실 주요 시책 관련 업무협의 경비 지출,157000,90f38703d9598a7ca5a4e15860a92911ab4683f6107b2f9e975a63330443b5a6,sheet2:R18,,,
90f38703d9598a7c-sheet2-R19,2026-06-09,daegu-city,미래혁신정책관,해화담,미래혁신성장실 주요 시책 관련 업무협의 경비 지출,160000,90f38703d9598a7ca5a4e15860a92911ab4683f6107b2f9e975a63330443b5a6,sheet2:R19,,,
90f38703d9598a7c-sheet2-R20,2026-06-09,daegu-city,미래혁신정책관,산더미미성돼지국밥 동대구역점,미래혁신성장실 주요 시책 관련 업무협의 경비 지출,99000,90f38703d9598a7ca5a4e15860a92911ab4683f6107b2f9e975a63330443b5a6,sheet2:R20,,,
90f38703d9598a7c-sheet2-R21,2026-06-10,daegu-city,미래혁신정책관,화성식당,미래혁신성장실 주요 시책 홍보 관련 간담회 경비 지출,26000,90f38703d9598a7ca5a4e15860a92911ab4683f6107b2f9e975a63330443b5a6,sheet2:R21,,,
90f38703d9598a7c-sheet2-R22,2026-06-10,daegu-city,미래혁신정책관,만복한쭈꾸미,미래혁신성장실 주요 시책 관련 업무협의 경비 지출,60000,90f38703d9598a7ca5a4e15860a92911ab4683f6107b2f9e975a63330443b5a6,sheet2:R22,,,
90f38703d9598a7c-sheet2-R23,2026-06-11,daegu-city,미래혁신정책관,인화반점,미래혁신성장실 주요 시책 관련 업무협의 경비 지출,350000,90f38703d9598a7ca5a4e15860a92911ab4683f6107b2f9e975a63330443b5a6,sheet2:R23,,,
90f38703d9598a7c-sheet2-R24,2026-06-15,daegu-city,미래혁신정책관,봉화뭉티기,미래혁신성장실 주요 시책 관련 업무협의 경비 지출,212000,90f38703d9598a7ca5a4e15860a92911ab4683f6107b2f9e975a63330443b5a6,sheet2:R24,,,
90f38703d9598a7c-sheet2-R25,2026-06-17,daegu-city,미래혁신정책관,모려촌,미래혁신성장실 주요 시책 관련 업무협의 경비 지출,400000,90f38703d9598a7ca5a4e15860a92911ab4683f6107b2f9e975a63330443b5a6,sheet2:R25,,,
90f38703d9598a7c-sheet2-R26,2026-06-18,daegu-city,미래혁신정책관,봄키친,미래혁신성장실 주요 시책 관련 간담회 경비 지출,350000,90f38703d9598a7ca5a4e15860a92911ab4683f6107b2f9e975a63330443b5a6,sheet2:R26,,,
90f38703d9598a7c-sheet2-R27,2026-06-22,daegu-city,미래혁신정책관,자갈치회타운,미래혁신성장실 주요 시책 관련 업무협의 경비 지출,216000,90f38703d9598a7ca5a4e15860a92911ab4683f6107b2f9e975a63330443b5a6,sheet2:R27,,,
90f38703d9598a7c-sheet2-R28,2026-06-22,daegu-city,미래혁신정책관,산더미미성돼지국밥 동대구역점,미래혁신성장실 주요 시책 관련 업무협의 경비 지출,80000,90f38703d9598a7ca5a4e15860a92911ab4683f6107b2f9e975a63330443b5a6,sheet2:R28,,,
90f38703d9598a7c-sheet2-R29,2026-06-23,daegu-city,미래혁신정책관,북촌손만두,미래혁신성장실 주요 시책 관련 업무협의 경비 지출,420000,90f38703d9598a7ca5a4e15860a92911ab4683f6107b2f9e975a63330443b5a6,sheet2:R29,,,
90f38703d9598a7c-sheet2-R30,2026-06-24,daegu-city,미래혁신정책관,감포은정복어횟집,미래혁신성장실 주요 시책 관련 업무협의 경비 지출,144000,90f38703d9598a7ca5a4e15860a92911ab4683f6107b2f9e975a63330443b5a6,sheet2:R30,,,
90f38703d9598a7c-sheet2-R31,2026-06-25,daegu-city,미래혁신정책관,봄키친,미래혁신성장실 주요 시책 관련 간담회 경비 지출,350000,90f38703d9598a7ca5a4e15860a92911ab4683f6107b2f9e975a63330443b5a6,sheet2:R31,,,
90f38703d9598a7c-sheet2-R32,2026-06-25,daegu-city,미래혁신정책관,인투 침산고성점,미래혁신성장실 주요 시책 홍보 관련 간담회 경비 지출,50000,90f38703d9598a7ca5a4e15860a92911ab4683f6107b2f9e975a63330443b5a6,sheet2:R32,,,
90f38703d9598a7c-sheet2-R33,2026-06-26,daegu-city,미래혁신정책관,더짬뽕,미래혁신성장실 주요 시책 관련 업무협의 경비 지출,420000,90f38703d9598a7ca5a4e15860a92911ab4683f6107b2f9e975a63330443b5a6,sheet2:R33,,,
90f38703d9598a7c-sheet2-R34,2026-06-29,daegu-city,미래혁신정책관,와우정,미래혁신성장실 주요 시책 관련 업무협의 경비 지출,450000,90f38703d9598a7ca5a4e15860a92911ab4683f6107b2f9e975a63330443b5a6,sheet2:R34,,,
90f38703d9598a7c-sheet2-R35,2026-06-29,daegu-city,미래혁신정책관,출근길 생고기,미래혁신성장실 주요 시책 관련 업무협의 경비 지출,314000,90f38703d9598a7ca5a4e15860a92911ab4683f6107b2f9e975a63330443b5a6,sheet2:R35,,,
90f38703d9598a7c-sheet3-R5,2026-04-01,daegu-city,미래혁신정책관,진상샤브샤브,미래혁신정책관 주요 시책 관련 간담회 경비 지출,206400,90f38703d9598a7ca5a4e15860a92911ab4683f6107b2f9e975a63330443b5a6,sheet3:R5,,,
90f38703d9598a7c-sheet3-R6,2026-04-06,daegu-city,미래혁신정책관,막창덕후 동대구역점,미래혁신정책관 주요 시책 관련 간담회 경비 지출,148000,90f38703d9598a7ca5a4e15860a92911ab4683f6107b2f9e975a63330443b5a6,sheet3:R6,,,
90f38703d9598a7c-sheet3-R7,2026-04-09,daegu-city,미래혁신정책관,북창동순두부대구엠비씨점,미래혁신정책관 주요 시책 관련 간담회 경비 지출,165000,90f38703d9598a7ca5a4e15860a92911ab4683f6107b2f9e975a63330443b5a6,sheet3:R7,,,
90f38703d9598a7c-sheet3-R8,2026-04-10,daegu-city,미래혁신정책관,곤지곤지 침산점,미래혁신성장실 주요 시책 관련 간담회 경비 지출,132000,90f38703d9598a7ca5a4e15860a92911ab4683f6107b2f9e975a63330443b5a6,sheet3:R8,,,
90f38703d9598a7c-sheet3-R9,2026-04-14,daegu-city,미래혁신정책관,팔공산엄마밥상 엑스코점,미래혁신성장실 주요 시책 관련 간담회 경비 지출,174000,90f38703d9598a7ca5a4e15860a92911ab4683f6107b2f9e975a63330443b5a6,sheet3:R9,,,
90f38703d9598a7c-sheet3-R10,2026-04-15,daegu-city,미래혁신정책관,타이야미,미래혁신성장실 주요 시책 홍보 관련 간담회 경비 지출,87000,90f38703d9598a7ca5a4e15860a92911ab4683f6107b2f9e975a63330443b5a6,sheet3:R10,,,
90f38703d9598a7c-sheet3-R11,2026-04-17,daegu-city,미래혁신정책관,이스트라이트,미래혁신성장실 주요 시책 홍보 관련 간담회 경비 지출,82700,90f38703d9598a7ca5a4e15860a92911ab4683f6107b2f9e975a63330443b5a6,sheet3:R11,,,
90f38703d9598a7c-sheet3-R12,2026-04-22,daegu-city,미래혁신정책관,간송미술관,기관 방문에 따른 선물 구입비 지출,400000,90f38703d9598a7ca5a4e15860a92911ab4683f6107b2f9e975a63330443b5a6,sheet3:R12,,,
90f38703d9598a7c-sheet3-R13,2026-04-22,daegu-city,미래혁신정책관,한끼김치찌개,미래혁신성장실 주요 시책 관련 간담회 경비 지출,68000,90f38703d9598a7ca5a4e15860a92911ab4683f6107b2f9e975a63330443b5a6,sheet3:R13,,,
90f38703d9598a7c-sheet3-R14,2026-05-11,daegu-city,미래혁신정책관,금강산찜한정식,미래혁신정책관 주요 시책 관련 간담회 경비 지출,224000,90f38703d9598a7ca5a4e15860a92911ab4683f6107b2f9e975a63330443b5a6,sheet3:R14,,,
90f38703d9598a7c-sheet3-R15,2026-05-15,daegu-city,미래혁신정책관,동대구대구근대골목단팥빵,기관 방문에 따른 다과구입비 지출,45200,90f38703d9598a7ca5a4e15860a92911ab4683f6107b2f9e975a63330443b5a6,sheet3:R15,,,
90f38703d9598a7c-sheet3-R16,2026-05-15,daegu-city,미래혁신정책관,스토리웨이대전역2층맞이방순두부,미래혁신정책관 주요 시책 관련 간담회 경비 지출,44000,90f38703d9598a7ca5a4e15860a92911ab4683f6107b2f9e975a63330443b5a6,sheet3:R16,,,
90f38703d9598a7c-sheet3-R17,2026-05-20,daegu-city,미래혁신정책관,데미도르11,미래혁신성장실 주요 시책 홍보 관련 간담회 경비 지출,109500,90f38703d9598a7ca5a4e15860a92911ab4683f6107b2f9e975a63330443b5a6,sheet3:R17,,,
90f38703d9598a7c-sheet3-R18,2026-05-28,daegu-city,미래혁신정책관,한옥집,미래혁신성장실 주요 시책 홍보 관련 간담회 경비 지출,30000,90f38703d9598a7ca5a4e15860a92911ab4683f6107b2f9e975a63330443b5a6,sheet3:R18,,,
90f38703d9598a7c-sheet3-R19,2026-06-10,daegu-city,미래혁신정책관,둥지,미래혁신성장실 주요 시책 관련 간담회 경비 지출,36000,90f38703d9598a7ca5a4e15860a92911ab4683f6107b2f9e975a63330443b5a6,sheet3:R19,,,
90f38703d9598a7c-sheet3-R20,2026-06-17,daegu-city,미래혁신정책관,원조현풍박소선할매집곰탕,미래혁신성장실 주요 시책 관련 간담회 경비 지출,102000,90f38703d9598a7ca5a4e15860a92911ab4683f6107b2f9e975a63330443b5a6,sheet3:R20,,,
90f38703d9598a7c-sheet3-R21,2026-06-23,daegu-city,미래혁신정책관,침산곤지곤지,미래혁신정책관 주요 시책 관련 간담회 경비 지출,44000,90f38703d9598a7ca5a4e15860a92911ab4683f6107b2f9e975a63330443b5a6,sheet3:R21,,,
90f38703d9598a7c-sheet3-R22,2026-06-24,daegu-city,미래혁신정책관,스시초밥 진베 수성범어점,미래혁신성장실 주요 시책 홍보 관련 간담회 경비 지출,120000,90f38703d9598a7ca5a4e15860a92911ab4683f6107b2f9e975a63330443b5a6,sheet3:R22,,,
90f38703d9598a7c-sheet3-R23,2026-06-25,daegu-city,미래혁신정책관,목포명가,미래혁신정책관 주요 시책 관련 간담회 경비 지출,223000,90f38703d9598a7ca5a4e15860a92911ab4683f6107b2f9e975a63330443b5a6,sheet3:R23,,,
738b48495eb5011d-sheet1-R5,2026-04-10,daegu-city,공원조성과,대림가든,대구대공원 동물원 건축 관련 업무협의 간담회 경비 지출,255000,738b48495eb5011d5d05fc0351c062c6a456892fe7bf8cb6a67bb87c6b840041,sheet1:R5,,,
738b48495eb5011d-sheet1-R6,2026-04-22,daegu-city,공원조성과,스타벅스 대구팔공산점,공원조성사업 업무협의 간담회 경비 지출,32700,738b48495eb5011d5d05fc0351c062c6a456892fe7bf8cb6a67bb87c6b840041,sheet1:R6,,,
738b48495eb5011d-sheet1-R7,2026-05-29,daegu-city,공원조성과,대구시청 산격청사 북까페,두류 국가도시공원 지정 시민참여 거버넌스 추진단 Kick-off 회의 사전 업무협의 간담회 경비 지출,70500,738b48495eb5011d5d05fc0351c062c6a456892fe7bf8cb6a67bb87c6b840041,sheet1:R7,,,
738b48495eb5011d-sheet1-R8,2026-06-15,daegu-city,공원조성과,엄박사한우가마솥국밥,공원조성사업 업무협의 간담회 경비 지출,57000,738b48495eb5011d5d05fc0351c062c6a456892fe7bf8cb6a67bb87c6b840041,sheet1:R8,,,
f2afa7b1a8507193-sheet1-R4,2026-04-03,daegu-city,자원순환과,이디야커피 대구성서호림점,간담회 개최에 따른 경비 지출,32800,f2afa7b1a8507193a47bfc6123d6bcb18a81c630499a0073328776a3c7e19778,sheet1:R4,,,
f2afa7b1a8507193-sheet1-R5,2026-04-03,daegu-city,자원순환과,대백마트 산격점,상반기 환경자원사업소 반입폐기물 성상조사 실시에 따른 격려 간식 구입,150000,f2afa7b1a8507193a47bfc6123d6bcb18a81c630499a0073328776a3c7e19778,sheet1:R5,,,
f2afa7b1a8507193-sheet1-R6,2026-04-20,daegu-city,자원순환과,삼송빵집 동대구역사점,간담회 개최에 따른 경비 지출,56200,f2afa7b1a8507193a47bfc6123d6bcb18a81c630499a0073328776a3c7e19778,sheet1:R6,,,
f2afa7b1a8507193-sheet1-R7,2026-05-18,daegu-city,자원순환과,엄마밥상,간담회 개최에 따른 경비 지출,102000,f2afa7b1a8507193a47bfc6123d6bcb18a81c630499a0073328776a3c7e19778,sheet1:R7,,,
f2afa7b1a8507193-sheet1-R8,2026-05-18,daegu-city,자원순환과,감프커피,간담회 개최에 따른 경비 지출,27800,f2afa7b1a8507193a47bfc6123d6bcb18a81c630499a0073328776a3c7e19778,sheet1:R8,,,
f2afa7b1a8507193-sheet1-R9,2026-05-21,daegu-city,자원순환과,메가MGC커피 대구오페라스위첸점,간담회 개최에 따른 경비 지출,55100,f2afa7b1a8507193a47bfc6123d6bcb18a81c630499a0073328776a3c7e19778,sheet1:R9,,,
f2afa7b1a8507193-sheet1-R10,2026-06-25,daegu-city,자원순환과,연잎밥과국수다밀,간담회 개최에 따른 경비 지출,108000,f2afa7b1a8507193a47bfc6123d6bcb18a81c630499a0073328776a3c7e19778,sheet1:R10,,,
a85a0b2cc4ede354-sheet1-R6,2026-04-03,daegu-city,국제통상과,숨쉬는 순두부,대구시 시정홍보 및 국제교류 업무추진을 위한 간담회 경비 지출,61000,a85a0b2cc4ede354be1a506c9ce791117e7341339711aa98a5e32895eaf8aa61,sheet1:R6,,,
a85a0b2cc4ede354-sheet1-R7,2026-04-03,daegu-city,국제통상과,방어진참가자미,국제교류 업무추진을 위한 간담회 경비 지출,66000,a85a0b2cc4ede354be1a506c9ce791117e7341339711aa98a5e32895eaf8aa61,sheet1:R7,,,
a85a0b2cc4ede354-sheet1-R8,2026-04-06,daegu-city,국제통상과,무화식당,국제교류 업무추진을 위한 간담회 경비 지출,40000,a85a0b2cc4ede354be1a506c9ce791117e7341339711aa98a5e32895eaf8aa61,sheet1:R8,,,
a85a0b2cc4ede354-sheet1-R9,2026-04-08,daegu-city,국제통상과,산 한정식,국제교류 업무추진을 위한 간담회 경비 지출,74000,a85a0b2cc4ede354be1a506c9ce791117e7341339711aa98a5e32895eaf8aa61,sheet1:R9,,,
a85a0b2cc4ede354-sheet1-R10,2026-04-08,daegu-city,국제통상과,고잇집,국제교류 업무추진을 위한 간담회 경비 지출,42000,a85a0b2cc4ede354be1a506c9ce791117e7341339711aa98a5e32895eaf8aa61,sheet1:R10,,,
a85a0b2cc4ede354-sheet1-R11,2026-04-07,daegu-city,국제통상과,경주횟집,국제교류 업무추진을 위한 간담회 경비 지출,314000,a85a0b2cc4ede354be1a506c9ce791117e7341339711aa98a5e32895eaf8aa61,sheet1:R11,,,
a85a0b2cc4ede354-sheet1-R12,2026-04-10,daegu-city,국제통상과,도도모,시정홍보 및 국제교류 업무추진을 위한 간담회 경비 지출,119000,a85a0b2cc4ede354be1a506c9ce791117e7341339711aa98a5e32895eaf8aa61,sheet1:R12,,,
a85a0b2cc4ede354-sheet1-R13,2026-04-17,daegu-city,국제통상과,서가앤쿡,국제협력 현안 업무 추진을 위한 간담회 경비 지출,84600,a85a0b2cc4ede354be1a506c9ce791117e7341339711aa98a5e32895eaf8aa61,sheet1:R13,,,
a85a0b2cc4ede354-sheet1-R14,2026-04-20,daegu-city,국제통상과,조르지오피렌체,국제협력 현안 업무 추진을 위한 간담회 경비 지출,189800,a85a0b2cc4ede354be1a506c9ce791117e7341339711aa98a5e32895eaf8aa61,sheet1:R14,,,
a85a0b2cc4ede354-sheet1-R15,2026-04-22,daegu-city,국제통상과,서가앤쿡,국제개발협력(ODA) 사업 활성화를 위한 간담회 경비 지출,89400,a85a0b2cc4ede354be1a506c9ce791117e7341339711aa98a5e32895eaf8aa61,sheet1:R15,,,
a85a0b2cc4ede354-sheet1-R16,2026-05-12,daegu-city,국제통상과,바스코,마이스산업 현안업무 추진을 위한 간담회 경비 지출,94500,a85a0b2cc4ede354be1a506c9ce791117e7341339711aa98a5e32895eaf8aa61,sheet1:R16,,,
a85a0b2cc4ede354-sheet1-R17,2026-05-12,daegu-city,국제통상과,감나무집,국제협력 현안 업무 추진을 위한 간담회 경비 지출,90000,a85a0b2cc4ede354be1a506c9ce791117e7341339711aa98a5e32895eaf8aa61,sheet1:R17,,,
a85a0b2cc4ede354-sheet1-R18,2026-05-29,daegu-city,국제통상과,이디야 커피,국제협력 현안 업무 추진을 위한 간담회 경비 지출,19200,a85a0b2cc4ede354be1a506c9ce791117e7341339711aa98a5e32895eaf8aa61,sheet1:R18,,,
a85a0b2cc4ede354-sheet1-R19,2026-06-05,daegu-city,국제통상과,고기9단,주부산일본총영사관 공보문화부 영사 일행 간담회 비용 지출,240000,a85a0b2cc4ede354be1a506c9ce791117e7341339711aa98a5e32895eaf8aa61,sheet1:R19,,,
a85a0b2cc4ede354-sheet1-R20,2026-06-12,daegu-city,국제통상과,교동면옥,국제협력 업무추진을 위한 간담회 비용 지출,40000,a85a0b2cc4ede354be1a506c9ce791117e7341339711aa98a5e32895eaf8aa61,sheet1:R20,,,
a85a0b2cc4ede354-sheet1-R21,2026-06-09,daegu-city,국제통상과,더짬뽕,국제교류협력 업무 협의 간담회 비용 지출,400000,a85a0b2cc4ede354be1a506c9ce791117e7341339711aa98a5e32895eaf8aa61,sheet1:R21,,,
a85a0b2cc4ede354-sheet1-R22,2026-06-10,daegu-city,국제통상과,북창동순두부,통상지원 업무 협의 간담회 비용 지출,43000,a85a0b2cc4ede354be1a506c9ce791117e7341339711aa98a5e32895eaf8aa61,sheet1:R22,,,
a85a0b2cc4ede354-sheet1-R23,2026-06-11,daegu-city,국제통상과,방어진참가자미,국제협력 업무 협의 간담회 비용 지출,480000,a85a0b2cc4ede354be1a506c9ce791117e7341339711aa98a5e32895eaf8aa61,sheet1:R23,,,
a85a0b2cc4ede354-sheet1-R24,2026-06-16,daegu-city,국제통상과,교동면옥,국제협력 현안 업무 추진을 위한 간담회 경비 지출,54000,a85a0b2cc4ede354be1a506c9ce791117e7341339711aa98a5e32895eaf8aa61,sheet1:R24,,,
a85a0b2cc4ede354-sheet1-R25,2026-06-18,daegu-city,국제통상과,상해루,마이스 현안업무 추진을 위한 간담회 경비 지출,345000,a85a0b2cc4ede354be1a506c9ce791117e7341339711aa98a5e32895eaf8aa61,sheet1:R25,,,
a85a0b2cc4ede354-sheet1-R26,2026-06-18,daegu-city,국제통상과,평양관,해외사무소 운영 활성화를 위한 간담회 경비 지출,480000,a85a0b2cc4ede354be1a506c9ce791117e7341339711aa98a5e32895eaf8aa61,sheet1:R26,,,
a85a0b2cc4ede354-sheet1-R27,2026-06-19,daegu-city,국제통상과,차이797 점보,한일(호쿠리쿠) 경제교류회의 실무자 간담회 비용 지출,406000,a85a0b2cc4ede354be1a506c9ce791117e7341339711aa98a5e32895eaf8aa61,sheet1:R27,,,
a85a0b2cc4ede354-sheet1-R28,2026-06-19,daegu-city,국제통상과,읍천리 382,한일(호쿠리쿠) 경제교류회의 실무자 간담회 비용 지출,41000,a85a0b2cc4ede354be1a506c9ce791117e7341339711aa98a5e32895eaf8aa61,sheet1:R28,,,
a85a0b2cc4ede354-sheet1-R29,2026-06-22,daegu-city,국제통상과,수,ODA 사업 활성화를 위한 관계자 간담회 경비 지출,480000,a85a0b2cc4ede354be1a506c9ce791117e7341339711aa98a5e32895eaf8aa61,sheet1:R29,,,
a85a0b2cc4ede354-sheet1-R30,2026-06-24,daegu-city,국제통상과,감포생밀복,국제교류 지원사업 홍보를 위한 간담회 경비 지출,478000,a85a0b2cc4ede354be1a506c9ce791117e7341339711aa98a5e32895eaf8aa61,sheet1:R30,,,
a85a0b2cc4ede354-sheet1-R31,2026-06-29,daegu-city,국제통상과,섬진강재첩과 진부령황태,국제협력 현안 업무 추진을 위한 간담회 경비 지출,116000,a85a0b2cc4ede354be1a506c9ce791117e7341339711aa98a5e32895eaf8aa61,sheet1:R31,,,
a85a0b2cc4ede354-sheet1-R32,2026-06-26,daegu-city,국제통상과,홍시앤메리아이스크림,국제협력 업무 협의 간담회 비용 지출,18000,a85a0b2cc4ede354be1a506c9ce791117e7341339711aa98a5e32895eaf8aa61,sheet1:R32,,,
a85a0b2cc4ede354-sheet1-R33,2026-06-29,daegu-city,국제통상과,와우정,해외사무소 운영 활성화를 위한 간담회 경비 지출,79000,a85a0b2cc4ede354be1a506c9ce791117e7341339711aa98a5e32895eaf8aa61,sheet1:R33,,,
a85a0b2cc4ede354-sheet1-R34,2026-06-29,daegu-city,국제통상과,㈜핸섬코스,베트남 다낭시 대표단 기념품 구입비 지출,270000,a85a0b2cc4ede354be1a506c9ce791117e7341339711aa98a5e32895eaf8aa61,sheet1:R34,,,
a85a0b2cc4ede354-sheet1-R35,2026-06-30,daegu-city,국제통상과,더짬뽕,국제회의유치 현안업무 추진을 위한 간담회 경비 지출,420000,a85a0b2cc4ede354be1a506c9ce791117e7341339711aa98a5e32895eaf8aa61,sheet1:R35,,,
a85a0b2cc4ede354-sheet1-R36,2026-06-30,daegu-city,국제통상과,모려촌,통상지원 업무 협의 간담회 비용 지출,79000,a85a0b2cc4ede354be1a506c9ce791117e7341339711aa98a5e32895eaf8aa61,sheet1:R36,,,
aeee3d3e2ca1b5f8-sheet1-R6,2026-04-07,daegu-city,차량등록사업소,부림산채,업무 협의 간담회 경비 지출,40000,aeee3d3e2ca1b5f8d1fd5e4b52d9d52fb5464d64681e1c3907967743f82edb43,sheet1:R6,,,
aeee3d3e2ca1b5f8-sheet1-R7,2026-04-13,daegu-city,차량등록사업소,개인(성명 비공개),경조사비 지출,50000,aeee3d3e2ca1b5f8d1fd5e4b52d9d52fb5464d64681e1c3907967743f82edb43,sheet1:R7,,,
aeee3d3e2ca1b5f8-sheet1-R8,2026-04-13,daegu-city,차량등록사업소,개인(성명 비공개),경조사비 지출,50000,aeee3d3e2ca1b5f8d1fd5e4b52d9d52fb5464d64681e1c3907967743f82edb43,sheet1:R8,,,
aeee3d3e2ca1b5f8-sheet1-R9,2026-04-20,daegu-city,차량등록사업소,개인(성명 비공개),경조사비 지출,50000,aeee3d3e2ca1b5f8d1fd5e4b52d9d52fb5464d64681e1c3907967743f82edb43,sheet1:R9,,,
aeee3d3e2ca1b5f8-sheet1-R10,2026-05-27,daegu-city,차량등록사업소,개인(성명 비공개),경조사비 지출,50000,aeee3d3e2ca1b5f8d1fd5e4b52d9d52fb5464d64681e1c3907967743f82edb43,sheet1:R10,,,
aeee3d3e2ca1b5f8-sheet1-R11,2026-05-27,daegu-city,차량등록사업소,개인(성명 비공개),경조사비 지출,50000,aeee3d3e2ca1b5f8d1fd5e4b52d9d52fb5464d64681e1c3907967743f82edb43,sheet1:R11,,,
aeee3d3e2ca1b5f8-sheet1-R12,2026-06-01,daegu-city,차량등록사업소,마마쭈꾸미,업무 협의 간담회 경비 지출,103500,aeee3d3e2ca1b5f8d1fd5e4b52d9d52fb5464d64681e1c3907967743f82edb43,sheet1:R12,,,
aeee3d3e2ca1b5f8-sheet1-R13,2026-06-09,daegu-city,차량등록사업소,개인(성명 비공개),경조사비 지출,50000,aeee3d3e2ca1b5f8d1fd5e4b52d9d52fb5464d64681e1c3907967743f82edb43,sheet1:R13,,,
aeee3d3e2ca1b5f8-sheet1-R14,2026-06-26,daegu-city,차량등록사업소,고미정,직원 격려 간담회 경비 지출,210000,aeee3d3e2ca1b5f8d1fd5e4b52d9d52fb5464d64681e1c3907967743f82edb43,sheet1:R14,,,
aeee3d3e2ca1b5f8-sheet1-R15,2026-06-29,daegu-city,차량등록사업소,마마쭈꾸미,직원 격려 간담회 경비 지출,46000,aeee3d3e2ca1b5f8d1fd5e4b52d9d52fb5464d64681e1c3907967743f82edb43,sheet1:R15,,,
6f72a1752a872bba-sheet1-R6,2026-05-10,daegu-city,도시안전과,(주)부산안면옥,업무추진을 위한 간담회 비용 지출,130000,6f72a1752a872bba4462e81749ae56aa424e6e78e046af764b317018502475aa,sheet1:R6,,,
6f72a1752a872bba-sheet1-R7,2026-05-13,daegu-city,도시안전과,노엑시트,업무추진을 위한 간담회 비용 지출,39000,6f72a1752a872bba4462e81749ae56aa424e6e78e046af764b317018502475aa,sheet1:R7,,,
6f72a1752a872bba-sheet1-R8,2026-06-02,daegu-city,도시안전과,갓잇 삼덕점,업무협의를 위한 간담회 비용 지출,45000,6f72a1752a872bba4462e81749ae56aa424e6e78e046af764b317018502475aa,sheet1:R8,,,
6f72a1752a872bba-sheet1-R9,2026-06-04,daegu-city,도시안전과,카페우즈,업무협의를 위한 간담회 비용 지출,28000,6f72a1752a872bba4462e81749ae56aa424e6e78e046af764b317018502475aa,sheet1:R9,,,
6f72a1752a872bba-sheet1-R10,2026-06-15,daegu-city,도시안전과,일품장수미역,업무협의를 위한 간담회 비용 지출,74000,6f72a1752a872bba4462e81749ae56aa424e6e78e046af764b317018502475aa,sheet1:R10,,,
6f72a1752a872bba-sheet1-R11,2026-06-26,daegu-city,도시안전과,신등갈비,업무협의를 위한 간담회 비용 지출,64000,6f72a1752a872bba4462e81749ae56aa424e6e78e046af764b317018502475aa,sheet1:R11,,,
c969bb4a54cc4f65-sheet1-R6,2026-04-27,daegu-city,안전정책관,징기스 수성점,업무 추진 간담회 비용 지출,170000,c969bb4a54cc4f65126557e99b56caa16f0866032bb6e396dba33c32cb1e15ab,sheet1:R6,,,
c969bb4a54cc4f65-sheet1-R7,2026-04-27,daegu-city,안전정책관,찹찹찹(Chop Chop Chop),업무 추진 간담회 비용 지출,123500,c969bb4a54cc4f65126557e99b56caa16f0866032bb6e396dba33c32cb1e15ab,sheet1:R7,,,
c969bb4a54cc4f65-sheet1-R8,2026-04-03,daegu-city,안전정책관,개인(성명 비공개),경조사비 지출,50000,c969bb4a54cc4f65126557e99b56caa16f0866032bb6e396dba33c32cb1e15ab,sheet1:R8,,,
c969bb4a54cc4f65-sheet1-R9,2026-04-27,daegu-city,안전정책관,카페 마듀,직원 격려 간식 구입,30750,c969bb4a54cc4f65126557e99b56caa16f0866032bb6e396dba33c32cb1e15ab,sheet1:R9,,,
c969bb4a54cc4f65-sheet1-R10,2026-05-12,daegu-city,안전정책관,할매추어탕,업무 추진 간담회 비용 지출,70000,c969bb4a54cc4f65126557e99b56caa16f0866032bb6e396dba33c32cb1e15ab,sheet1:R10,,,
c969bb4a54cc4f65-sheet1-R11,2026-04-20,daegu-city,안전정책관,카페 오하이오,업무 추진 간담회 비용 지출,103360,c969bb4a54cc4f65126557e99b56caa16f0866032bb6e396dba33c32cb1e15ab,sheet1:R11,,,
c969bb4a54cc4f65-sheet1-R12,2026-05-12,daegu-city,안전정책관,동네한우석쇠숯불,산림재난대응 및 급경사지 업무관련 간담회 비용 지출,648000,c969bb4a54cc4f65126557e99b56caa16f0866032bb6e396dba33c32cb1e15ab,sheet1:R12,,,
c969bb4a54cc4f65-sheet1-R13,2026-05-12,daegu-city,안전정책관,더 건강한 한우프라자,업무 추진 간담회 비용 지출,240000,c969bb4a54cc4f65126557e99b56caa16f0866032bb6e396dba33c32cb1e15ab,sheet1:R13,,,
c969bb4a54cc4f65-sheet1-R14,2026-05-12,daegu-city,안전정책관,온솥,직원 격려 간담회 비용 지출,53000,c969bb4a54cc4f65126557e99b56caa16f0866032bb6e396dba33c32cb1e15ab,sheet1:R14,,,
c969bb4a54cc4f65-sheet1-R15,2026-06-12,daegu-city,안전정책관,방천가족돼지국밥외 1,직원 격려 간식 구입,178500,c969bb4a54cc4f65126557e99b56caa16f0866032bb6e396dba33c32cb1e15ab,sheet1:R15,,,
c969bb4a54cc4f65-sheet1-R16,2026-06-12,daegu-city,안전정책관,피자나라치킨공주칠성점,직원 격려 간담회 비용 지출,399700,c969bb4a54cc4f65126557e99b56caa16f0866032bb6e396dba33c32cb1e15ab,sheet1:R16,,,
c969bb4a54cc4f65-sheet1-R17,2026-06-12,daegu-city,안전정책관,키키샤브,직원 격려 간담회 비용 지출,80500,c969bb4a54cc4f65126557e99b56caa16f0866032bb6e396dba33c32cb1e15ab,sheet1:R17,,,
c969bb4a54cc4f65-sheet1-R18,2026-06-12,daegu-city,안전정책관,키키샤브,직원 격려 간담회 비용 지출,88500,c969bb4a54cc4f65126557e99b56caa16f0866032bb6e396dba33c32cb1e15ab,sheet1:R18,,,
c969bb4a54cc4f65-sheet1-R19,2026-06-29,daegu-city,안전정책관,부케(Bouquet),직원 격려 간담회 비용 지출,80000,c969bb4a54cc4f65126557e99b56caa16f0866032bb6e396dba33c32cb1e15ab,sheet1:R19,,,
c969bb4a54cc4f65-sheet1-R20,2026-06-18,daegu-city,안전정책관,개인(성명 비공개),경조사비 지급,50000,c969bb4a54cc4f65126557e99b56caa16f0866032bb6e396dba33c32cb1e15ab,sheet1:R20,,,
c969bb4a54cc4f65-sheet1-R21,2026-06-22,daegu-city,안전정책관,황소,직원 격려 간담회 비용 지출,120000,c969bb4a54cc4f65126557e99b56caa16f0866032bb6e396dba33c32cb1e15ab,sheet1:R21,,,
c969bb4a54cc4f65-sheet1-R22,2026-06-25,daegu-city,안전정책관,광명반점 외 1,직원 격려 간담회 비용 지출,126900,c969bb4a54cc4f65126557e99b56caa16f0866032bb6e396dba33c32cb1e15ab,sheet1:R22,,,
c969bb4a54cc4f65-sheet1-R23,2026-06-25,daegu-city,안전정책관,노세콘도(NoSecondo),직원 격려 간담회 비용 지출,162000,c969bb4a54cc4f65126557e99b56caa16f0866032bb6e396dba33c32cb1e15ab,sheet1:R23,,,
34b7e0c523f37d43-sheet1-R5,2026-04-20,daegu-city,기계로봇과,로타리식당,시책추진업무추진비(지역 기업 실무관계자 간담회),170000,34b7e0c523f37d436070e27253081a65fd019edc24a93ff063a8d324cad5cd2e,sheet1:R5,,,
34b7e0c523f37d43-sheet1-R6,2026-04-21,daegu-city,기계로봇과,핸즈커피성북교점외 2,시책추진업무추진(기업 관계자 오찬 간담회 개최에 따른 지출),321300,34b7e0c523f37d436070e27253081a65fd019edc24a93ff063a8d324cad5cd2e,sheet1:R6,,,
34b7e0c523f37d43-sheet1-R7,2026-05-08,daegu-city,기계로봇과,하양추어탕,시책추진업무추진(기업 관계자 오찬 간담회 개최에 따른 지출),60000,34b7e0c523f37d436070e27253081a65fd019edc24a93ff063a8d324cad5cd2e,sheet1:R7,,,
34b7e0c523f37d43-sheet1-R8,2026-05-13,daegu-city,기계로봇과,북카페(BOOK cafe),시책업무추진비(데이터 플랫폼 사업 협력 전략 회의 개최 다과 구입) 지출,17000,34b7e0c523f37d436070e27253081a65fd019edc24a93ff063a8d324cad5cd2e,sheet1:R8,,,
34b7e0c523f37d43-sheet1-R9,2026-05-28,daegu-city,기계로봇과,하양추어탕,시책추진업무추진비(주요업무 오찬 감담회 개최에 따른 지출),40000,34b7e0c523f37d436070e27253081a65fd019edc24a93ff063a8d324cad5cd2e,sheet1:R9,,,
34b7e0c523f37d43-sheet1-R10,2026-06-30,daegu-city,기계로봇과,침산곤지곤지,시책추진업무추진비(기업 관계자 오찬 간담회 개최에 따른 지출),86000,34b7e0c523f37d436070e27253081a65fd019edc24a93ff063a8d324cad5cd2e,sheet1:R10,,,
57069d9c8dae7c64-sheet1-R5,2026-04-02,daegu-city,안동댐상수원개발과,원조중원탑막국수,주요 시책 추진 간담회 경비지출,107000,57069d9c8dae7c64198dd2e4b11d4f6ea950989bf791e1ec6225195d9d8b1dcb,sheet1:R5,,,
57069d9c8dae7c64-sheet1-R6,2026-04-06,daegu-city,안동댐상수원개발과,시민초밥,주요 시책 추진 간담회 경비지출(단장),90000,57069d9c8dae7c64198dd2e4b11d4f6ea950989bf791e1ec6225195d9d8b1dcb,sheet1:R6,,,
57069d9c8dae7c64-sheet1-R7,2026-04-08,daegu-city,안동댐상수원개발과,모해나키친,비점오염저감시설 협의 관련 간담회 경비지출,84000,57069d9c8dae7c64198dd2e4b11d4f6ea950989bf791e1ec6225195d9d8b1dcb,sheet1:R7,,,
57069d9c8dae7c64-sheet1-R8,2026-04-13,daegu-city,안동댐상수원개발과,라고디카페,비점오염저감 국고보조사업 현장조사 관련 간담회 경비지출,27600,57069d9c8dae7c64198dd2e4b11d4f6ea950989bf791e1ec6225195d9d8b1dcb,sheet1:R8,,,
57069d9c8dae7c64-sheet1-R9,2026-04-13,daegu-city,안동댐상수원개발과,한타불낙,주요 시책 추진 간담회 경비지출(단장),155000,57069d9c8dae7c64198dd2e4b11d4f6ea950989bf791e1ec6225195d9d8b1dcb,sheet1:R9,,,
57069d9c8dae7c64-sheet1-R10,2026-04-15,daegu-city,안동댐상수원개발과,덕클,주요 시책 추진 간담회 경비지출(단장),62900,57069d9c8dae7c64198dd2e4b11d4f6ea950989bf791e1ec6225195d9d8b1dcb,sheet1:R10,,,
57069d9c8dae7c64-sheet1-R11,2026-04-22,daegu-city,안동댐상수원개발과,군산집,주요 시책 추진 간담회 경비지출,72000,57069d9c8dae7c64198dd2e4b11d4f6ea950989bf791e1ec6225195d9d8b1dcb,sheet1:R11,,,
57069d9c8dae7c64-sheet1-R12,2026-04-23,daegu-city,안동댐상수원개발과,정강희두부마을 외1,주요 시책 추진 간담회 경비지출(단장),152400,57069d9c8dae7c64198dd2e4b11d4f6ea950989bf791e1ec6225195d9d8b1dcb,sheet1:R12,,,
57069d9c8dae7c64-sheet1-R13,2026-04-23,daegu-city,안동댐상수원개발과,찬앤찬,주요 시책 추진 간담회 경비지출(단장),113000,57069d9c8dae7c64198dd2e4b11d4f6ea950989bf791e1ec6225195d9d8b1dcb,sheet1:R13,,,
57069d9c8dae7c64-sheet1-R14,2026-04-29,daegu-city,안동댐상수원개발과,키키샤브,주요 시책 추진 간담회 경비지출(단장),48700,57069d9c8dae7c64198dd2e4b11d4f6ea950989bf791e1ec6225195d9d8b1dcb,sheet1:R14,,,
57069d9c8dae7c64-sheet1-R15,2026-04-30,daegu-city,안동댐상수원개발과,상해루,주요 시책 추진 간담회 경비지출(단장),134000,57069d9c8dae7c64198dd2e4b11d4f6ea950989bf791e1ec6225195d9d8b1dcb,sheet1:R15,,,
57069d9c8dae7c64-sheet1-R16,2026-05-06,daegu-city,안동댐상수원개발과,커피명가,주요 시책 추진 간담회 경비지출(단장),18500,57069d9c8dae7c64198dd2e4b11d4f6ea950989bf791e1ec6225195d9d8b1dcb,sheet1:R16,,,
57069d9c8dae7c64-sheet1-R17,2026-05-12,daegu-city,안동댐상수원개발과,푸실리,주요 시책 추진 간담회 경비지출(단장),80000,57069d9c8dae7c64198dd2e4b11d4f6ea950989bf791e1ec6225195d9d8b1dcb,sheet1:R17,,,
57069d9c8dae7c64-sheet1-R18,2026-05-14,daegu-city,안동댐상수원개발과,도천진짜순대,주요 시책 추진 간담회 경비지출,87000,57069d9c8dae7c64198dd2e4b11d4f6ea950989bf791e1ec6225195d9d8b1dcb,sheet1:R18,,,
57069d9c8dae7c64-sheet1-R19,2026-05-21,daegu-city,안동댐상수원개발과,윤가 한웃국 외1,주요 시책 추진 간담회 경비지출,131500,57069d9c8dae7c64198dd2e4b11d4f6ea950989bf791e1ec6225195d9d8b1dcb,sheet1:R19,,,
57069d9c8dae7c64-sheet1-R20,2026-05-21,daegu-city,안동댐상수원개발과,청담원,주요 시책 추진 간담회 경비지출(단장),250000,57069d9c8dae7c64198dd2e4b11d4f6ea950989bf791e1ec6225195d9d8b1dcb,sheet1:R20,,,
57069d9c8dae7c64-sheet1-R21,2026-05-22,daegu-city,안동댐상수원개발과,다정한초밥,주요 시책 추진 간담회 경비지출,68000,57069d9c8dae7c64198dd2e4b11d4f6ea950989bf791e1ec6225195d9d8b1dcb,sheet1:R21,,,
57069d9c8dae7c64-sheet1-R22,2026-06-05,daegu-city,안동댐상수원개발과,시골보리밥식당,상수원보호구역 합동점검 및 협의 관련 간담회 경비 지출,114000,57069d9c8dae7c64198dd2e4b11d4f6ea950989bf791e1ec6225195d9d8b1dcb,sheet1:R22,,,
57069d9c8dae7c64-sheet1-R23,2026-06-08,daegu-city,안동댐상수원개발과,황장군,비점오염저감시설 협의 관련 간담회 경비 지출,87000,57069d9c8dae7c64198dd2e4b11d4f6ea950989bf791e1ec6225195d9d8b1dcb,sheet1:R23,,,
57069d9c8dae7c64-sheet1-R24,2026-06-18,daegu-city,안동댐상수원개발과,북창동순두부,주요 시책 추진 간담회 경비지출(단장),69000,57069d9c8dae7c64198dd2e4b11d4f6ea950989bf791e1ec6225195d9d8b1dcb,sheet1:R24,,,
57069d9c8dae7c64-sheet1-R25,2026-06-22,daegu-city,안동댐상수원개발과,청담원,주요 시책 추진 간담회 경비지출(단장),220000,57069d9c8dae7c64198dd2e4b11d4f6ea950989bf791e1ec6225195d9d8b1dcb,sheet1:R25,,,
57069d9c8dae7c64-sheet1-R26,2026-06-29,daegu-city,안동댐상수원개발과,해화담,주요 시책 추진 간담회 경비지출,90000,57069d9c8dae7c64198dd2e4b11d4f6ea950989bf791e1ec6225195d9d8b1dcb,sheet1:R26,,,
57069d9c8dae7c64-sheet2-R5,2026-04-02,daegu-city,안동댐상수원개발과,투썸강정보디아크점,직원 격려 간담회 경비 지출,28200,57069d9c8dae7c64198dd2e4b11d4f6ea950989bf791e1ec6225195d9d8b1dcb,sheet2:R5,,,
57069d9c8dae7c64-sheet2-R6,2026-04-21,daegu-city,안동댐상수원개발과,윤가한웃국,직원 격려 간담회 경비 지출,37000,57069d9c8dae7c64198dd2e4b11d4f6ea950989bf791e1ec6225195d9d8b1dcb,sheet2:R6,,,
57069d9c8dae7c64-sheet2-R7,2026-04-22,daegu-city,안동댐상수원개발과,부케,직원 격려 간담회 경비 지출,65000,57069d9c8dae7c64198dd2e4b11d4f6ea950989bf791e1ec6225195d9d8b1dcb,sheet2:R7,,,
57069d9c8dae7c64-sheet2-R8,2026-04-27,daegu-city,안동댐상수원개발과,거산이가네더덕밥 외 1,직원 격려 간담회 경비 지출,160000,57069d9c8dae7c64198dd2e4b11d4f6ea950989bf791e1ec6225195d9d8b1dcb,sheet2:R8,,,
57069d9c8dae7c64-sheet2-R9,2026-05-07,daegu-city,안동댐상수원개발과,오대양장어,직원 격려 간담회 경비 지출,192000,57069d9c8dae7c64198dd2e4b11d4f6ea950989bf791e1ec6225195d9d8b1dcb,sheet2:R9,,,
57069d9c8dae7c64-sheet2-R10,2026-05-14,daegu-city,안동댐상수원개발과,돌돌솥 외1,직원 격려 간담회 경비 지출,70900,57069d9c8dae7c64198dd2e4b11d4f6ea950989bf791e1ec6225195d9d8b1dcb,sheet2:R10,,,
57069d9c8dae7c64-sheet2-R11,2026-05-21,daegu-city,안동댐상수원개발과,키키샤브,직원 격려 간담회 경비 지출,86600,57069d9c8dae7c64198dd2e4b11d4f6ea950989bf791e1ec6225195d9d8b1dcb,sheet2:R11,,,
57069d9c8dae7c64-sheet2-R12,2026-06-11,daegu-city,안동댐상수원개발과,동곡제면 외1,직원 격려 간담회 경비 지출,155200,57069d9c8dae7c64198dd2e4b11d4f6ea950989bf791e1ec6225195d9d8b1dcb,sheet2:R12,,,
57069d9c8dae7c64-sheet2-R13,2026-06-12,daegu-city,안동댐상수원개발과,정담 외1,직원 격려 간담회 경비 지출,54000,57069d9c8dae7c64198dd2e4b11d4f6ea950989bf791e1ec6225195d9d8b1dcb,sheet2:R13,,,
57069d9c8dae7c64-sheet2-R14,2026-06-15,daegu-city,안동댐상수원개발과,또이스치킨찜닭,직원 격려 간담회 경비 지출,36000,57069d9c8dae7c64198dd2e4b11d4f6ea950989bf791e1ec6225195d9d8b1dcb,sheet2:R14,,,
57069d9c8dae7c64-sheet2-R15,2026-06-16,daegu-city,안동댐상수원개발과,파스쿠찌,직원 격려 간담회 경비 지출,27000,57069d9c8dae7c64198dd2e4b11d4f6ea950989bf791e1ec6225195d9d8b1dcb,sheet2:R15,,,
57069d9c8dae7c64-sheet2-R16,2026-06-17,daegu-city,안동댐상수원개발과,투썸플레이스,직원 격려 간담회 경비 지출,16500,57069d9c8dae7c64198dd2e4b11d4f6ea950989bf791e1ec6225195d9d8b1dcb,sheet2:R16,,,
c510195d1a355e57-sheet1-R5,2026-04-07,daegu-city,위생정책과,고박사생고기.찜.전골&한우국밥,음식문화개선 사업 추진을 위한 간담회 경비 지출,200000,c510195d1a355e57559e8004432008b55649227012b8d3d9f53e2fdc9765f458,sheet1:R5,,,
c510195d1a355e57-sheet1-R6,2026-04-13,daegu-city,위생정책과,수려한식당,위생정책분야 현안업무 추진을 위한 간담회 경비 지출,294000,c510195d1a355e57559e8004432008b55649227012b8d3d9f53e2fdc9765f458,sheet1:R6,,,
c510195d1a355e57-sheet1-R7,2026-05-08,daegu-city,위생정책과,아뜰리에,2026년도 식품위생분야 유공자 포상에 따른 격려품 구입,105000,c510195d1a355e57559e8004432008b55649227012b8d3d9f53e2fdc9765f458,sheet1:R7,,,
c510195d1a355e57-sheet1-R8,2026-05-13,daegu-city,위생정책과,마들렌 앞산점,대구우수식품 협의체 회의 개최에 따른 경비 지출,198700,c510195d1a355e57559e8004432008b55649227012b8d3d9f53e2fdc9765f458,sheet1:R8,,,
c510195d1a355e57-sheet1-R9,2026-05-13,daegu-city,위생정책과,아뜰리에,2026년도 음식문화개선 유공자 포상에 따른 격려품 구입,30000,c510195d1a355e57559e8004432008b55649227012b8d3d9f53e2fdc9765f458,sheet1:R9,,,
c510195d1a355e57-sheet1-R10,2026-05-26,daegu-city,위생정책과,봉산찜갈비,식품제조업소 육성사업 추진 관련 간담회 개최 경비 지출,161000,c510195d1a355e57559e8004432008b55649227012b8d3d9f53e2fdc9765f458,sheet1:R10,,,
c510195d1a355e57-sheet1-R11,2026-06-09,daegu-city,위생정책과,더부자백숙,대구국제뷰티엑스포 추진 간담회 개최에 따른 경비 지출,138000,c510195d1a355e57559e8004432008b55649227012b8d3d9f53e2fdc9765f458,sheet1:R11,,,
c510195d1a355e57-sheet1-R12,2026-06-15,daegu-city,위생정책과,울진참가자미,대구국제뷰티엑스포 성과 공유 간담회 개최에 따른 경비 지출,150000,c510195d1a355e57559e8004432008b55649227012b8d3d9f53e2fdc9765f458,sheet1:R12,,,
caef7dfd880bdbfb-sheet1-R5,2026-04-03,daegu-city,어르신복지과,고도정,재가노인복지협회 간담회 경비 지출,103500,caef7dfd880bdbfb3476a8ba4e8634742e9cf08fc58c203e62ca8bf14017a3e3,sheet1:R5,,,
caef7dfd880bdbfb-sheet1-R6,2026-04-07,daegu-city,어르신복지과,스타벅스 세종어진R점,2027년 주요사업 국고보조금 확보 관련 간담회 경비 지출,116800,caef7dfd880bdbfb3476a8ba4e8634742e9cf08fc58c203e62ca8bf14017a3e3,sheet1:R6,,,
caef7dfd880bdbfb-sheet1-R7,2026-04-22,daegu-city,어르신복지과,브리즈커피,기억돌봄학교 사후연계 활성화 간담회 경비 지출,200000,caef7dfd880bdbfb3476a8ba4e8634742e9cf08fc58c203e62ca8bf14017a3e3,sheet1:R7,,,
caef7dfd880bdbfb-sheet1-R8,2026-05-29,daegu-city,어르신복지과,이브닝글로우,한국노인인력개발원 업무협의를 위한 간담회 경비 지출,28500,caef7dfd880bdbfb3476a8ba4e8634742e9cf08fc58c203e62ca8bf14017a3e3,sheet1:R8,,,
21b3e9cc62b06bf2-sheet1-R7,2026-04-16,daegu-city,상수도사업본부 수성사업소,전원숯불 범어점,직원 격려 간담회 경비 지출,33000,21b3e9cc62b06bf24eae37a597fa8cbb61b550c017ac99ae57fe683175f448b1,sheet1:R7,,,
21b3e9cc62b06bf2-sheet1-R8,2026-05-28,daegu-city,상수도사업본부 수성사업소,어물전 범어점,직원 격려 간담회 경비 지출,123000,21b3e9cc62b06bf24eae37a597fa8cbb61b550c017ac99ae57fe683175f448b1,sheet1:R8,,,
21b3e9cc62b06bf2-sheet1-R9,2026-06-10,daegu-city,상수도사업본부 수성사업소,쿠팡,내방객 접대용 차류 구입,81540,21b3e9cc62b06bf24eae37a597fa8cbb61b550c017ac99ae57fe683175f448b1,sheet1:R9,,,
21b3e9cc62b06bf2-sheet1-R10,2026-06-11,daegu-city,상수도사업본부 수성사업소,쿠팡,내방객 접대용 차류 구입,159270,21b3e9cc62b06bf24eae37a597fa8cbb61b550c017ac99ae57fe683175f448b1,sheet1:R10,,,
21b3e9cc62b06bf2-sheet1-R11,2026-06-19,daegu-city,상수도사업본부 수성사업소,-,직원 경조사비 지출,50000,21b3e9cc62b06bf24eae37a597fa8cbb61b550c017ac99ae57fe683175f448b1,sheet1:R11,,,
02712e258af3d172-sheet1-R3,2026-04-27,daegu-city,달성사업소,이우철한방누룽지삼계탕 현풍점,직원격려 간담회 경비 지출,162000,02712e258af3d17260b649316d5e7cb42d1b1322a8c9222068ff5c793170ccd4,sheet1:R3,,,
02712e258af3d172-sheet1-R4,2026-05-09,daegu-city,달성사업소,개인(성명 비공개),직원 경조사비 지출,50000,02712e258af3d17260b649316d5e7cb42d1b1322a8c9222068ff5c793170ccd4,sheet1:R4,,,
02712e258af3d172-sheet1-R5,2026-05-28,daegu-city,달성사업소,사워도우하우스,직원 격려 간담회 경비 지출,33500,02712e258af3d17260b649316d5e7cb42d1b1322a8c9222068ff5c793170ccd4,sheet1:R5,,,
02712e258af3d172-sheet1-R6,2026-06-23,daegu-city,달성사업소,161커피스튜디오,직원 격려 간담회 경비 지출,30000,02712e258af3d17260b649316d5e7cb42d1b1322a8c9222068ff5c793170ccd4,sheet1:R6,,,
02712e258af3d172-sheet1-R7,2026-06-24,daegu-city,달성사업소,능이마을 외 1개소,요금팀 직원 격려 간담회 경비 지출,395000,02712e258af3d17260b649316d5e7cb42d1b1322a8c9222068ff5c793170ccd4,sheet1:R7,,,
7736fb06582c0c78-sheet1-R5,2026-04-07,daegu-city,세정담당관,노량진횟집,리스·렌트차량 대구 등록유치관련 기업관계자 간담회비 지출,304000,7736fb06582c0c78070cfcbbe0ba18a5ec1ecfa05589a33ceb7a3cb03edd6562,sheet1:R5,,,
7736fb06582c0c78-sheet1-R6,2026-04-15,daegu-city,세정담당관,이마트,지방세 발전포럼 업무 추진에 따른 다과 구입비 지출,328880,7736fb06582c0c78070cfcbbe0ba18a5ec1ecfa05589a33ceb7a3cb03edd6562,sheet1:R6,,,
7736fb06582c0c78-sheet1-R7,2026-04-20,daegu-city,세정담당관,하연지,2026년 지방세 발전포럼 개최에 따른 간담회비 지출,162600,7736fb06582c0c78070cfcbbe0ba18a5ec1ecfa05589a33ceb7a3cb03edd6562,sheet1:R7,,,
7736fb06582c0c78-sheet1-R8,2026-04-20,daegu-city,세정담당관,신라한우육개장,지방세 발전포럼 발표대회 참석자 간담회비 지출,108000,7736fb06582c0c78070cfcbbe0ba18a5ec1ecfa05589a33ceb7a3cb03edd6562,sheet1:R8,,,
7736fb06582c0c78-sheet1-R9,2026-04-20,daegu-city,세정담당관,청송약수삼계탕,유관기관 합동 체납차량 단속에 따른 간담회비 지출,60000,7736fb06582c0c78070cfcbbe0ba18a5ec1ecfa05589a33ceb7a3cb03edd6562,sheet1:R9,,,
7736fb06582c0c78-sheet1-R10,2026-04-27,daegu-city,세정담당관,삼송제시카즈베이커리,체납관리단 운영 우수 자치단체 벤치마킹(경기도 광주시청)에 따른 다과 구입,72800,7736fb06582c0c78070cfcbbe0ba18a5ec1ecfa05589a33ceb7a3cb03edd6562,sheet1:R10,,,
7736fb06582c0c78-sheet1-R11,2026-04-27,daegu-city,세정담당관,삼송제시카즈베이커리,체납관리단 운영 우수 자치단체 벤치마킹(경기도 안양시청)에 따른 다과 구입,104000,7736fb06582c0c78070cfcbbe0ba18a5ec1ecfa05589a33ceb7a3cb03edd6562,sheet1:R11,,,
7736fb06582c0c78-sheet1-R12,2026-04-27,daegu-city,세정담당관,고기9단,재산세 운영실무 합동작업 관련 간담회 경비 지출,130000,7736fb06582c0c78070cfcbbe0ba18a5ec1ecfa05589a33ceb7a3cb03edd6562,sheet1:R12,,,
7736fb06582c0c78-sheet1-R13,2026-04-29,daegu-city,세정담당관,고기9단,체납관리단 운영 현안 회의를 위한 간담회비 지출,90000,7736fb06582c0c78070cfcbbe0ba18a5ec1ecfa05589a33ceb7a3cb03edd6562,sheet1:R13,,,
7736fb06582c0c78-sheet1-R14,2026-04-29,daegu-city,세정담당관,고기9단,체납관리단 운영 현안 회의를 위한 간담회비 지출,105000,7736fb06582c0c78070cfcbbe0ba18a5ec1ecfa05589a33ceb7a3cb03edd6562,sheet1:R14,,,
7736fb06582c0c78-sheet1-R15,2026-05-11,daegu-city,세정담당관,예송식당,'26년 구·군 지방세 운영 상반기 지도점검 간담회비 지출(남구),179800,7736fb06582c0c78070cfcbbe0ba18a5ec1ecfa05589a33ceb7a3cb03edd6562,sheet1:R15,,,
7736fb06582c0c78-sheet1-R16,2026-05-19,daegu-city,세정담당관,던킨,'26년 구·군 지방세 운영 상반기 지도점검 간담회비 지출(달서구),181600,7736fb06582c0c78070cfcbbe0ba18a5ec1ecfa05589a33ceb7a3cb03edd6562,sheet1:R16,,,
7736fb06582c0c78-sheet1-R17,2026-06-11,daegu-city,세정담당관,팔공산업마밥상,2026년 제9회 지방세심의위원회 개최에 따른 간담회비 지출,114000,7736fb06582c0c78070cfcbbe0ba18a5ec1ecfa05589a33ceb7a3cb03edd6562,sheet1:R17,,,
7736fb06582c0c78-sheet1-R18,2026-06-22,daegu-city,세정담당관,고기9단,대구지방국세청 합동 가택수색 참여자 간담회 경비 지출,90000,7736fb06582c0c78070cfcbbe0ba18a5ec1ecfa05589a33ceb7a3cb03edd6562,sheet1:R18,,,
7736fb06582c0c78-sheet1-R19,2026-06-29,daegu-city,세정담당관,고기9단,대구지방국세청 합동 가택수색 참여자 간담회 경비 지출,190400,7736fb06582c0c78070cfcbbe0ba18a5ec1ecfa05589a33ceb7a3cb03edd6562,sheet1:R19,,,
7736fb06582c0c78-sheet1-R20,2026-06-30,daegu-city,세정담당관,주문진바다식탁,리스·렌트차량 대구 등록유치관련 기업관계자 간담회비 지출,220000,7736fb06582c0c78070cfcbbe0ba18a5ec1ecfa05589a33ceb7a3cb03edd6562,sheet1:R20,,,
7736fb06582c0c78-sheet1-R21,2026-06-30,daegu-city,세정담당관,스시온도,리스·렌트차량 대구 등록유치관련 기업관계자 간담회비 지출,233500,7736fb06582c0c78070cfcbbe0ba18a5ec1ecfa05589a33ceb7a3cb03edd6562,sheet1:R21,,,
a244a2c68e659477-sheet1-R5,2026-06-05,daegu-city,농업기술센터,아미정,지도사업 발전방안 모색을 위한 퇴임공무원 간담회,485000,a244a2c68e65947722b6d9132a10963d31619c2029c0f92b1986b1e50534e2fc,sheet1:R5,,,
a244a2c68e659477-sheet1-R6,2026-06-12,daegu-city,농업기술센터,미소명가미역,직원격려 급식 제공,96000,a244a2c68e65947722b6d9132a10963d31619c2029c0f92b1986b1e50534e2fc,sheet1:R6,,,
a244a2c68e659477-sheet1-R7,2026-06-26,daegu-city,농업기술센터,백세삼계탕,2026 대구농업인한마음대회 2차 추진위원회,154000,a244a2c68e65947722b6d9132a10963d31619c2029c0f92b1986b1e50534e2fc,sheet1:R7,,,
a244a2c68e659477-sheet1-R8,2026-06-29,daegu-city,농업기술센터,라파체,2026 대구달성군위 생활개선회 업무협의,348300,a244a2c68e65947722b6d9132a10963d31619c2029c0f92b1986b1e50534e2fc,sheet1:R8,,,
0fbe1ec8f447c12e-sheet1-R5,2026-04-08,daegu-city,보건의료정책과,더 부자백숙본점,의료·요양 통합돌봄 업무 자문을 위한 간담회 경비 지출,80000,0fbe1ec8f447c12e6c93e902f7d09df617ba24af9457ae3e001cd17ea5f46c47,sheet1:R5,,,
0fbe1ec8f447c12e-sheet1-R6,2026-04-08,daegu-city,보건의료정책과,매스커피,민간위탁적격자심의위원회 개최에 따른 경비 지출,28000,0fbe1ec8f447c12e6c93e902f7d09df617ba24af9457ae3e001cd17ea5f46c47,sheet1:R6,,,
0fbe1ec8f447c12e-sheet1-R7,2026-04-08,daegu-city,보건의료정책과,연막창 침산고성직영점,지역의 공공의료 강화를 위한 간담회 경비 지출,195000,0fbe1ec8f447c12e6c93e902f7d09df617ba24af9457ae3e001cd17ea5f46c47,sheet1:R7,,,
0fbe1ec8f447c12e-sheet1-R8,2026-04-20,daegu-city,보건의료정책과,RULLY COFFEE,감염병 예방 감시체계 협의를 위한 간담회 경비 지출,44500,0fbe1ec8f447c12e6c93e902f7d09df617ba24af9457ae3e001cd17ea5f46c47,sheet1:R8,,,
0fbe1ec8f447c12e-sheet1-R9,2026-05-11,daegu-city,보건의료정책과,야사오미나미,의료용기 수급 불안 대응 간담회 경비 지출,112000,0fbe1ec8f447c12e6c93e902f7d09df617ba24af9457ae3e001cd17ea5f46c47,sheet1:R9,,,
0fbe1ec8f447c12e-sheet1-R10,2026-05-11,daegu-city,보건의료정책과,새들스 커피 앤 바,응급의료체계 개선을 위한 간담회 경비 지출,53000,0fbe1ec8f447c12e6c93e902f7d09df617ba24af9457ae3e001cd17ea5f46c47,sheet1:R10,,,
0fbe1ec8f447c12e-sheet1-R11,2026-05-21,daegu-city,보건의료정책과,팔팔명가국밥,대구세계마스터즈육상경기대회 응급의료 관련 업무 간담회 경비 지출,39600,0fbe1ec8f447c12e6c93e902f7d09df617ba24af9457ae3e001cd17ea5f46c47,sheet1:R11,,,
0fbe1ec8f447c12e-sheet1-R12,2026-06-05,daegu-city,보건의료정책과,돈까스에 빠지다 대구시청점,대구세계마스터즈육상경기대회 등 응급의료 관련 업무 회의 경비 지출,57000,0fbe1ec8f447c12e6c93e902f7d09df617ba24af9457ae3e001cd17ea5f46c47,sheet1:R12,,,
0fbe1ec8f447c12e-sheet1-R13,2026-06-05,daegu-city,보건의료정책과,따봉시래기,지역필수공공의료 간담회 경비 지출,112000,0fbe1ec8f447c12e6c93e902f7d09df617ba24af9457ae3e001cd17ea5f46c47,sheet1:R13,,,
0fbe1ec8f447c12e-sheet1-R14,2026-06-19,daegu-city,보건의료정책과,데일리 프레시,2026년 의료기관 결핵환자 관리지표 분석회의 개최에 따른 다과 구입비 지출,705000,0fbe1ec8f447c12e6c93e902f7d09df617ba24af9457ae3e001cd17ea5f46c47,sheet1:R14,,,
0fbe1ec8f447c12e-sheet1-R15,2026-04-20,daegu-city,보건의료정책과,더 부자백숙본점,의료급여 특화사업 추진을 위한 간담회 경비 지출,100000,0fbe1ec8f447c12e6c93e902f7d09df617ba24af9457ae3e001cd17ea5f46c47,sheet1:R15,,,
0fbe1ec8f447c12e-sheet1-R16,2026-05-11,daegu-city,보건의료정책과,떠기 다방,2026년 의료급여사업 담당자 회의 다과비 지출,85600,0fbe1ec8f447c12e6c93e902f7d09df617ba24af9457ae3e001cd17ea5f46c47,sheet1:R16,,,
0fbe1ec8f447c12e-sheet1-R17,2026-06-05,daegu-city,보건의료정책과,더 부자백숙본점,2026년 의료급여심의위원회 경비 지출,240000,0fbe1ec8f447c12e6c93e902f7d09df617ba24af9457ae3e001cd17ea5f46c47,sheet1:R17,,,
14c154de6ee6f4bf-sheet1-R6,2026-04-01,daegu-city,광역행정담당관,경주횟집,2차 공공기관 이전 관련 간담회 경비 지출,324000,14c154de6ee6f4bf9f99b019bf757b934bd65da071706c6873fa526666b97b84,sheet1:R6,,,
14c154de6ee6f4bf-sheet1-R7,2026-04-01,daegu-city,광역행정담당관,모나테이블,2차 공공기관 이전 관련 간담회 다과 경비 지출,300000,14c154de6ee6f4bf9f99b019bf757b934bd65da071706c6873fa526666b97b84,sheet1:R7,,,
14c154de6ee6f4bf-sheet1-R8,2026-04-03,daegu-city,광역행정담당관,침산곤지곤지,간담회 비용 지출(4.3./지방시대위원회),97000,14c154de6ee6f4bf9f99b019bf757b934bd65da071706c6873fa526666b97b84,sheet1:R8,,,
14c154de6ee6f4bf-sheet1-R9,2026-04-06,daegu-city,광역행정담당관,장원,초광역 신규사업 발굴 관련 간담회 비용 지출,170000,14c154de6ee6f4bf9f99b019bf757b934bd65da071706c6873fa526666b97b84,sheet1:R9,,,
14c154de6ee6f4bf-sheet1-R10,2026-04-16,daegu-city,광역행정담당관,나이스마트 도청점,대구경북 초광역 대표사업 발굴 회의 다과 구입비 지출,200000,14c154de6ee6f4bf9f99b019bf757b934bd65da071706c6873fa526666b97b84,sheet1:R10,,,
14c154de6ee6f4bf-sheet1-R11,2026-04-17,daegu-city,광역행정담당관,마이온룸,대구경북 초광역 대표사업 발굴 간담회 경비 지출,62500,14c154de6ee6f4bf9f99b019bf757b934bd65da071706c6873fa526666b97b84,sheet1:R11,,,
14c154de6ee6f4bf-sheet1-R12,2026-04-20,daegu-city,광역행정담당관,유림식당,대구경북 초광역 대표사업 컨설팅 간담회 경비 지출,300000,14c154de6ee6f4bf9f99b019bf757b934bd65da071706c6873fa526666b97b84,sheet1:R12,,,
14c154de6ee6f4bf-sheet1-R13,2026-04-20,daegu-city,광역행정담당관,마이온룸,대구경북 초광역 대표사업 컨설팅 간담회 경비 지출,135000,14c154de6ee6f4bf9f99b019bf757b934bd65da071706c6873fa526666b97b84,sheet1:R13,,,
14c154de6ee6f4bf-sheet1-R14,2026-04-27,daegu-city,광역행정담당관,최고집,대구경북 초광역 대표사업 발굴 간담회 경비 지출,290000,14c154de6ee6f4bf9f99b019bf757b934bd65da071706c6873fa526666b97b84,sheet1:R14,,,
14c154de6ee6f4bf-sheet1-R15,2026-04-27,daegu-city,광역행정담당관,백억커피,혁신도시 실무협의회 개최 관련 다과 구입비 지출,123000,14c154de6ee6f4bf9f99b019bf757b934bd65da071706c6873fa526666b97b84,sheet1:R15,,,
14c154de6ee6f4bf-sheet1-R16,2026-04-28,daegu-city,광역행정담당관,투썸플레이스 대구두류공원점,공공기관 2차 이전 관련 간담회 경비 지출,35900,14c154de6ee6f4bf9f99b019bf757b934bd65da071706c6873fa526666b97b84,sheet1:R16,,,
14c154de6ee6f4bf-sheet1-R17,2026-04-28,daegu-city,광역행정담당관,송정초밥,공공기관 2차 이전 관련 간담회 경비 지출,125000,14c154de6ee6f4bf9f99b019bf757b934bd65da071706c6873fa526666b97b84,sheet1:R17,,,
14c154de6ee6f4bf-sheet1-R18,2026-04-30,daegu-city,광역행정담당관,품육,2차 공공기관 이전 관련 간담회 경비 지출,230000,14c154de6ee6f4bf9f99b019bf757b934bd65da071706c6873fa526666b97b84,sheet1:R18,,,
14c154de6ee6f4bf-sheet1-R19,2026-05-06,daegu-city,광역행정담당관,커피빈코리아 매헌역,2차 공공기관 이전 관련 간담회 경비 지출,123900,14c154de6ee6f4bf9f99b019bf757b934bd65da071706c6873fa526666b97b84,sheet1:R19,,,
14c154de6ee6f4bf-sheet1-R20,2026-05-13,daegu-city,광역행정담당관,에스파스,달빛동맹 등 주요시책 추진 간담회 경비 지출,150000,14c154de6ee6f4bf9f99b019bf757b934bd65da071706c6873fa526666b97b84,sheet1:R20,,,
14c154de6ee6f4bf-sheet1-R21,2026-05-15,daegu-city,광역행정담당관,쪽짚,2차 공공기관 이전 관련 간담회 경비 지출,179000,14c154de6ee6f4bf9f99b019bf757b934bd65da071706c6873fa526666b97b84,sheet1:R21,,,
14c154de6ee6f4bf-sheet1-R22,2026-05-15,daegu-city,광역행정담당관,번개반점,대구경북 초광역 대표사업 발굴 간담회 경비 지출,290000,14c154de6ee6f4bf9f99b019bf757b934bd65da071706c6873fa526666b97b84,sheet1:R22,,,
14c154de6ee6f4bf-sheet1-R23,2026-05-18,daegu-city,광역행정담당관,스타벅스 코리아,2차 공공기관 이전 관련 간담회 경비 지출,132600,14c154de6ee6f4bf9f99b019bf757b934bd65da071706c6873fa526666b97b84,sheet1:R23,,,
14c154de6ee6f4bf-sheet1-R24,2026-05-22,daegu-city,광역행정담당관,프랑스가고싶다,2차 공공기관 이전 관련 간담회 경비 지출,16500,14c154de6ee6f4bf9f99b019bf757b934bd65da071706c6873fa526666b97b84,sheet1:R24,,,
14c154de6ee6f4bf-sheet1-R25,2026-05-26,daegu-city,광역행정담당관,고봉민김밥,혁신도시 업무추진을 위한 간담회 경비 지출,195000,14c154de6ee6f4bf9f99b019bf757b934bd65da071706c6873fa526666b97b84,sheet1:R25,,,
14c154de6ee6f4bf-sheet1-R26,2026-05-26,daegu-city,광역행정담당관,모이다식탁,지방시대 업무추진을 위한 간담회 경비 지출,202000,14c154de6ee6f4bf9f99b019bf757b934bd65da071706c6873fa526666b97b84,sheet1:R26,,,
14c154de6ee6f4bf-sheet1-R27,2026-06-01,daegu-city,광역행정담당관,모이다식탁,초광역권발전 시행계획 관련 간담회 경비 지출,170000,14c154de6ee6f4bf9f99b019bf757b934bd65da071706c6873fa526666b97b84,sheet1:R27,,,
14c154de6ee6f4bf-sheet1-R28,2026-06-01,daegu-city,광역행정담당관,군산해물천국,초광역 대표사업 추진 관련 간담회 경비 지출,171000,14c154de6ee6f4bf9f99b019bf757b934bd65da071706c6873fa526666b97b84,sheet1:R28,,,
14c154de6ee6f4bf-sheet1-R29,2026-06-02,daegu-city,광역행정담당관,모이다식탁,2차 공공기관 이전 관련 간담회 경비 지출,195000,14c154de6ee6f4bf9f99b019bf757b934bd65da071706c6873fa526666b97b84,sheet1:R29,,,
14c154de6ee6f4bf-sheet1-R30,2026-06-09,daegu-city,광역행정담당관,신암태양칼국수,초광역 대표사업 추진 관련 간담회 경비 지출,66000,14c154de6ee6f4bf9f99b019bf757b934bd65da071706c6873fa526666b97b84,sheet1:R30,,,
14c154de6ee6f4bf-sheet1-R31,2026-06-10,daegu-city,광역행정담당관,오늘은 승승장어,2차 공공기관 이전 관련 간담회 경비 지출,297000,14c154de6ee6f4bf9f99b019bf757b934bd65da071706c6873fa526666b97b84,sheet1:R31,,,
14c154de6ee6f4bf-sheet1-R32,2026-06-15,daegu-city,광역행정담당관,솥토,2차 공공기관 이전 관련 간담회 경비 지출,100000,14c154de6ee6f4bf9f99b019bf757b934bd65da071706c6873fa526666b97b84,sheet1:R32,,,
14c154de6ee6f4bf-sheet1-R33,2026-06-18,daegu-city,광역행정담당관,죽도회,지방시대 업무추진을 위한 간담회 경비 지출,290000,14c154de6ee6f4bf9f99b019bf757b934bd65da071706c6873fa526666b97b84,sheet1:R33,,,
14c154de6ee6f4bf-sheet1-R34,2026-06-25,daegu-city,광역행정담당관,제주반상,현안업무 협의를 위한 간담회 경비 지출,68000,14c154de6ee6f4bf9f99b019bf757b934bd65da071706c6873fa526666b97b84,sheet1:R34,,,
14c154de6ee6f4bf-sheet1-R35,2026-06-25,daegu-city,광역행정담당관,품육,초광역 대표사업 추진 관련 간담회 경비 지출,350000,14c154de6ee6f4bf9f99b019bf757b934bd65da071706c6873fa526666b97b84,sheet1:R35,,,
14c154de6ee6f4bf-sheet1-R36,2026-06-29,daegu-city,광역행정담당관,인생냉면,2차 공공기관 이전 관련 간담회 경비 지출,45000,14c154de6ee6f4bf9f99b019bf757b934bd65da071706c6873fa526666b97b84,sheet1:R36,,,
14c154de6ee6f4bf-sheet1-R37,2026-06-30,daegu-city,광역행정담당관,유가정,초광역 대표사업 추진 관련 간담회 경비 지출,264000,14c154de6ee6f4bf9f99b019bf757b934bd65da071706c6873fa526666b97b84,sheet1:R37,,,
679e4c6283aa96d0-sheet1-R5,2026-04-16,daegu-city,교통정보운영과,바우어베카,지능형교통체계ITS) 통합유지관리 관련 간담회 경비 지출,152800,679e4c6283aa96d0fb338f1742f8dc0a58cb6ce86633aa661714c5e6f44a1712,sheet1:R5,,,
679e4c6283aa96d0-sheet1-R6,2026-06-19,daegu-city,교통정보운영과,"참한상쭈꾸미, 인근카페",교통안전시설 관련 업무협의를 위한 간담회 경비 지출,160000,679e4c6283aa96d0fb338f1742f8dc0a58cb6ce86633aa661714c5e6f44a1712,sheet1:R6,,,
662c865c3c373d91-sheet1-R4,2026-04-01,daegu-city,문화유산과,순두부와청국장,박물관 현안업무 관련 간담회,70000,662c865c3c373d91490ca18babf4e81631cfc36976f0449f75d7db29e6486fd9,sheet1:R4,,,
662c865c3c373d91-sheet1-R5,2026-04-08,daegu-city,문화유산과,삼송빵집 동대구역사점,주요 국비사업 업무 협의를 위한 간담회,69800,662c865c3c373d91490ca18babf4e81631cfc36976f0449f75d7db29e6486fd9,sheet1:R5,,,
662c865c3c373d91-sheet1-R6,2026-04-13,daegu-city,문화유산과,산격청사 북카페,시사편찬위원회 1차 소위원회 회의 경비,18800,662c865c3c373d91490ca18babf4e81631cfc36976f0449f75d7db29e6486fd9,sheet1:R6,,,
662c865c3c373d91-sheet1-R7,2026-04-16,daegu-city,문화유산과,커피팀버 팔공산점,부인사지 사적 지정조사 회의 경비,34400,662c865c3c373d91490ca18babf4e81631cfc36976f0449f75d7db29e6486fd9,sheet1:R7,,,
662c865c3c373d91-sheet1-R8,2026-04-27,daegu-city,문화유산과,"오케이마트, 캐스트커피오피스",시사편찬위원회 제2차 회의 관련 경비,137800,662c865c3c373d91490ca18babf4e81631cfc36976f0449f75d7db29e6486fd9,sheet1:R8,,,
662c865c3c373d91-sheet1-R9,2026-04-28,daegu-city,문화유산과,푸둥,문화유산 현안업무 추진 간담회,57200,662c865c3c373d91490ca18babf4e81631cfc36976f0449f75d7db29e6486fd9,sheet1:R9,,,
662c865c3c373d91-sheet1-R10,2026-04-29,daegu-city,문화유산과,백금당,안전보건협의체 구성 회의 다과비,36000,662c865c3c373d91490ca18babf4e81631cfc36976f0449f75d7db29e6486fd9,sheet1:R10,,,
662c865c3c373d91-sheet1-R11,2026-04-30,daegu-city,문화유산과,집밥을공부하다 수창공원점,2026 상반기 직원 체육행사실시 경비,115000,662c865c3c373d91490ca18babf4e81631cfc36976f0449f75d7db29e6486fd9,sheet1:R11,,,
662c865c3c373d91-sheet1-R12,2026-05-07,daegu-city,문화유산과,"미면당&마시그래이, 빌리웍스",한국민속예술제 대구예선 경연대회 다과구입,37400,662c865c3c373d91490ca18babf4e81631cfc36976f0449f75d7db29e6486fd9,sheet1:R12,,,
662c865c3c373d91-sheet1-R13,2026-05-13,daegu-city,문화유산과,산격청사 북카페,시사편찬위원회 제2차 소위원회 회의 경비,18100,662c865c3c373d91490ca18babf4e81631cfc36976f0449f75d7db29e6486fd9,sheet1:R13,,,
662c865c3c373d91-sheet1-R14,2026-05-14,daegu-city,문화유산과,"모얼동, 새들스커피앤바",문화유산 현안업무 추진 간담회,78000,662c865c3c373d91490ca18babf4e81631cfc36976f0449f75d7db29e6486fd9,sheet1:R14,,,
662c865c3c373d91-sheet1-R15,2026-05-15,daegu-city,문화유산과,공주당,제46주년 5.18민주화운동 기념식 참석 및 간담회 개최에 따른 다과 구입비,45000,662c865c3c373d91490ca18babf4e81631cfc36976f0449f75d7db29e6486fd9,sheet1:R15,,,
662c865c3c373d91-sheet1-R16,2026-05-15,daegu-city,문화유산과,매스커피,문화유산위원회 다과구입비,37800,662c865c3c373d91490ca18babf4e81631cfc36976f0449f75d7db29e6486fd9,sheet1:R16,,,
662c865c3c373d91-sheet1-R17,2026-05-18,daegu-city,문화유산과,미스터브리즈커피,자연유산위원회 회의 관련 경비,51000,662c865c3c373d91490ca18babf4e81631cfc36976f0449f75d7db29e6486fd9,sheet1:R17,,,
662c865c3c373d91-sheet1-R18,2026-05-19,daegu-city,문화유산과,미스터브리즈커피,문화유산위원회 지정조사 다과구입비,21500,662c865c3c373d91490ca18babf4e81631cfc36976f0449f75d7db29e6486fd9,sheet1:R18,,,
662c865c3c373d91-sheet1-R19,2026-05-20,daegu-city,문화유산과,삼송빵집,국채보상운동기념 국비사업 관련 간담회 개최에 따른 다과 구입,48700,662c865c3c373d91490ca18babf4e81631cfc36976f0449f75d7db29e6486fd9,sheet1:R19,,,
662c865c3c373d91-sheet1-R20,2026-05-28,daegu-city,문화유산과,캐스트커피오피스,무형유산기록화사업 회의 관련 경비,18100,662c865c3c373d91490ca18babf4e81631cfc36976f0449f75d7db29e6486fd9,sheet1:R20,,,
662c865c3c373d91-sheet1-R21,2026-06-04,daegu-city,문화유산과,런김밥,직원 격려 간식 구입,190000,662c865c3c373d91490ca18babf4e81631cfc36976f0449f75d7db29e6486fd9,sheet1:R21,,,
662c865c3c373d91-sheet1-R22,2026-06-16,daegu-city,문화유산과,부케,문화유산 현안업무 추진 간담회,69000,662c865c3c373d91490ca18babf4e81631cfc36976f0449f75d7db29e6486fd9,sheet1:R22,,,
662c865c3c373d91-sheet1-R23,2026-06-18,daegu-city,문화유산과,해정,시 무형유산 공개행사 관련 관계자 간담회 경비,100000,662c865c3c373d91490ca18babf4e81631cfc36976f0449f75d7db29e6486fd9,sheet1:R23,,,
662c865c3c373d91-sheet1-R24,2026-06-18,daegu-city,문화유산과,파스쿠치 침산점,시 무형유산 공개행사 관련 관계자 간담회 경비,20600,662c865c3c373d91490ca18babf4e81631cfc36976f0449f75d7db29e6486fd9,sheet1:R24,,,
662c865c3c373d91-sheet1-R25,2026-06-23,daegu-city,문화유산과,투썸플레이스 삼성크리에이티브캠퍼스점,시 무형유산 공개행사 관련 관계자 간담회 경비,21300,662c865c3c373d91490ca18babf4e81631cfc36976f0449f75d7db29e6486fd9,sheet1:R25,,,
662c865c3c373d91-sheet1-R26,2026-06-24,daegu-city,문화유산과,"화본국수전문점, 매스커피, 리틀맨리",2027년 시지정유산 현장조사 경비,184000,662c865c3c373d91490ca18babf4e81631cfc36976f0449f75d7db29e6486fd9,sheet1:R26,,,
662c865c3c373d91-sheet1-R27,2026-06-25,daegu-city,문화유산과,"공심옥, 스타벅스",2027년 시지정유산 현장조사 경비(2차),87500,662c865c3c373d91490ca18babf4e81631cfc36976f0449f75d7db29e6486fd9,sheet1:R27,,,
662c865c3c373d91-sheet1-R28,2026-06-29,daegu-city,문화유산과,"카츄 대구삼덕, 디피아이커피",직원 격려를 위한 간담회 경비,140000,662c865c3c373d91490ca18babf4e81631cfc36976f0449f75d7db29e6486fd9,sheet1:R28,,,
662c865c3c373d91-sheet1-R29,2026-06-30,daegu-city,문화유산과,시드니 월남쌈,시사편찬 관련 간담회 경비,110000,662c865c3c373d91490ca18babf4e81631cfc36976f0449f75d7db29e6486fd9,sheet1:R29,,,
e33cc6a48593fc16-sheet1-R6,2026-06-08,daegu-city,공항도시과,함루,신공항도시 조성 업무 추진을 위한 간담회 경비 지출,154000,e33cc6a48593fc164f25cb94746ec0fdd3b8b19d54386fdb7fe419920c5a7961,sheet1:R6,,,
a34f54d917df20a9-sheet1-R4,2026-04-01,daegu-city,예산담당관,국회후생복지위원회,간담회 개최에 따른 다과구입비 지출,240000,a34f54d917df20a956c20e5ba2ebafc308d00f51df5c1d96b555491d2ab8e43a,sheet1:R4,,,
a34f54d917df20a9-sheet1-R5,2026-04-01,daegu-city,예산담당관,코레일유통주식회사(동대구역),간담회 개최에 따른 다과구입비 지출,280500,a34f54d917df20a956c20e5ba2ebafc308d00f51df5c1d96b555491d2ab8e43a,sheet1:R5,,,
a34f54d917df20a9-sheet1-R6,2026-04-02,daegu-city,예산담당관,네이버파이낸셜(주),간담회 개최에 따른 다과구입비 지출,225000,a34f54d917df20a956c20e5ba2ebafc308d00f51df5c1d96b555491d2ab8e43a,sheet1:R6,,,
a34f54d917df20a9-sheet1-R7,2026-04-02,daegu-city,예산담당관,이루팜,간담회 개최에 따른 다과구입비 지출,86500,a34f54d917df20a956c20e5ba2ebafc308d00f51df5c1d96b555491d2ab8e43a,sheet1:R7,,,
a34f54d917df20a9-sheet1-R8,2026-04-02,daegu-city,예산담당관,진원소우 세종나성점,간담회 개최에 따른 경비 지출,233000,a34f54d917df20a956c20e5ba2ebafc308d00f51df5c1d96b555491d2ab8e43a,sheet1:R8,,,
a34f54d917df20a9-sheet1-R9,2026-04-03,daegu-city,예산담당관,윤가 한웃국,간담회 개최에 따른 경비 지출,95000,a34f54d917df20a956c20e5ba2ebafc308d00f51df5c1d96b555491d2ab8e43a,sheet1:R9,,,
a34f54d917df20a9-sheet1-R10,2026-04-06,daegu-city,예산담당관,(주)신아미고,간담회 개최에 따른 경비 지출,160000,a34f54d917df20a956c20e5ba2ebafc308d00f51df5c1d96b555491d2ab8e43a,sheet1:R10,,,
a34f54d917df20a9-sheet1-R11,2026-04-07,daegu-city,예산담당관,원당감자탕,간담회 개최에 따른 경비 지출,76000,a34f54d917df20a956c20e5ba2ebafc308d00f51df5c1d96b555491d2ab8e43a,sheet1:R11,,,
a34f54d917df20a9-sheet1-R12,2026-04-08,daegu-city,예산담당관,고기9단 침산직영점,간담회 개최에 따른 경비 지출,160000,a34f54d917df20a956c20e5ba2ebafc308d00f51df5c1d96b555491d2ab8e43a,sheet1:R12,,,
a34f54d917df20a9-sheet1-R13,2026-04-08,daegu-city,예산담당관,주식회사 란이,간담회 개최에 따른 경비 지출,250000,a34f54d917df20a956c20e5ba2ebafc308d00f51df5c1d96b555491d2ab8e43a,sheet1:R13,,,
a34f54d917df20a9-sheet1-R14,2026-04-09,daegu-city,예산담당관,낙지한마리수제비,간담회 개최에 따른 경비 지출,99000,a34f54d917df20a956c20e5ba2ebafc308d00f51df5c1d96b555491d2ab8e43a,sheet1:R14,,,
a34f54d917df20a9-sheet1-R15,2026-04-09,daegu-city,예산담당관,스타벅스 코리아,간담회 개최에 따른 다과구입비 지출,200000,a34f54d917df20a956c20e5ba2ebafc308d00f51df5c1d96b555491d2ab8e43a,sheet1:R15,,,
a34f54d917df20a9-sheet1-R16,2026-04-09,daegu-city,예산담당관,세광양대창 영등포점,간담회 개최에 따른 경비 지출,321600,a34f54d917df20a956c20e5ba2ebafc308d00f51df5c1d96b555491d2ab8e43a,sheet1:R16,,,
a34f54d917df20a9-sheet1-R17,2026-04-10,daegu-city,예산담당관,탐미육방,간담회 개최에 따른 경비 지출,381100,a34f54d917df20a956c20e5ba2ebafc308d00f51df5c1d96b555491d2ab8e43a,sheet1:R17,,,
a34f54d917df20a9-sheet1-R18,2026-04-10,daegu-city,예산담당관,챠이나프로,간담회 개최에 따른 경비 지출,175000,a34f54d917df20a956c20e5ba2ebafc308d00f51df5c1d96b555491d2ab8e43a,sheet1:R18,,,
a34f54d917df20a9-sheet1-R19,2026-04-14,daegu-city,예산담당관,도담도담 민물장어,간담회 개최에 따른 경비 지출,450000,a34f54d917df20a956c20e5ba2ebafc308d00f51df5c1d96b555491d2ab8e43a,sheet1:R19,,,
a34f54d917df20a9-sheet1-R20,2026-04-14,daegu-city,예산담당관,스타벅스 코리아,간담회 개최에 따른 다과구입비 지출,121000,a34f54d917df20a956c20e5ba2ebafc308d00f51df5c1d96b555491d2ab8e43a,sheet1:R20,,,
a34f54d917df20a9-sheet1-R21,2026-04-15,daegu-city,예산담당관,코레일유통주식회사(오송역),간담회 개최에 따른 다과 구입비 지출,473200,a34f54d917df20a956c20e5ba2ebafc308d00f51df5c1d96b555491d2ab8e43a,sheet1:R21,,,
a34f54d917df20a9-sheet1-R22,2026-04-15,daegu-city,예산담당관,마키노차야 더가우,간담회 개최에 따른 경비 지출,480000,a34f54d917df20a956c20e5ba2ebafc308d00f51df5c1d96b555491d2ab8e43a,sheet1:R22,,,
a34f54d917df20a9-sheet1-R23,2026-04-16,daegu-city,예산담당관,유경,간담회 개최에 따른 경비 지출,114000,a34f54d917df20a956c20e5ba2ebafc308d00f51df5c1d96b555491d2ab8e43a,sheet1:R23,,,
a34f54d917df20a9-sheet1-R24,2026-04-17,daegu-city,예산담당관,방천족발가족,2026년 상반기 직원 체육문화행사 경비 지출(부서운영업무추진비),387500,a34f54d917df20a956c20e5ba2ebafc308d00f51df5c1d96b555491d2ab8e43a,sheet1:R24,,,
a34f54d917df20a9-sheet1-R25,2026-04-21,daegu-city,예산담당관,"121번가, 닥터오빈",간담회 개최에 따른 경비 지출,132200,a34f54d917df20a956c20e5ba2ebafc308d00f51df5c1d96b555491d2ab8e43a,sheet1:R25,,,
a34f54d917df20a9-sheet1-R26,2026-04-22,daegu-city,예산담당관,윤가네남원추어탕,간담회 개최에 따른 경비 지출,75000,a34f54d917df20a956c20e5ba2ebafc308d00f51df5c1d96b555491d2ab8e43a,sheet1:R26,,,
a34f54d917df20a9-sheet1-R27,2026-04-29,daegu-city,예산담당관,식원,간담회 개최에 따른 경비 지출,385000,a34f54d917df20a956c20e5ba2ebafc308d00f51df5c1d96b555491d2ab8e43a,sheet1:R27,,,
a34f54d917df20a9-sheet1-R28,2026-04-30,daegu-city,예산담당관,코레일유통주식회사(동대구역),민자카라반 개최에 따른 다과구입비 지출,372000,a34f54d917df20a956c20e5ba2ebafc308d00f51df5c1d96b555491d2ab8e43a,sheet1:R28,,,
a34f54d917df20a9-sheet1-R29,2026-04-30,daegu-city,예산담당관,정동진,간담회 개최에 따른 경비 지출,90000,a34f54d917df20a956c20e5ba2ebafc308d00f51df5c1d96b555491d2ab8e43a,sheet1:R29,,,
a34f54d917df20a9-sheet1-R30,2026-05-07,daegu-city,예산담당관,"글로벌팩토리, 세종 오이시",간담회 개최에 따른 경비 지출,166300,a34f54d917df20a956c20e5ba2ebafc308d00f51df5c1d96b555491d2ab8e43a,sheet1:R30,,,
a34f54d917df20a9-sheet1-R31,2026-05-07,daegu-city,예산담당관,벽강식당,간담회 개최에 따른 경비 지출,140000,a34f54d917df20a956c20e5ba2ebafc308d00f51df5c1d96b555491d2ab8e43a,sheet1:R31,,,
a34f54d917df20a9-sheet1-R32,2026-05-07,daegu-city,예산담당관,택이네조개전골 세종나성점,간담회 개최에 따른 경비 지출,195000,a34f54d917df20a956c20e5ba2ebafc308d00f51df5c1d96b555491d2ab8e43a,sheet1:R32,,,
a34f54d917df20a9-sheet1-R33,2026-05-08,daegu-city,예산담당관,다담스시다이닝,간담회 개최에 따른 경비 지출,133000,a34f54d917df20a956c20e5ba2ebafc308d00f51df5c1d96b555491d2ab8e43a,sheet1:R33,,,
a34f54d917df20a9-sheet1-R34,2026-05-14,daegu-city,예산담당관,플로아프룻,간담회 개최에 따른 다과 구입비 지출,120000,a34f54d917df20a956c20e5ba2ebafc308d00f51df5c1d96b555491d2ab8e43a,sheet1:R34,,,
a34f54d917df20a9-sheet1-R35,2026-05-19,daegu-city,예산담당관,장충동왕족발&고기국수,간담회 개최에 따른 경비 지출,229000,a34f54d917df20a956c20e5ba2ebafc308d00f51df5c1d96b555491d2ab8e43a,sheet1:R35,,,
a34f54d917df20a9-sheet1-R36,2026-05-22,daegu-city,예산담당관,주식회사제이티알,간담회 개최에 따른 경비 지출,98000,a34f54d917df20a956c20e5ba2ebafc308d00f51df5c1d96b555491d2ab8e43a,sheet1:R36,,,
a34f54d917df20a9-sheet1-R37,2026-05-27,daegu-city,예산담당관,낙영찜갈비,간담회 개최에 따른 경비 지출,310000,a34f54d917df20a956c20e5ba2ebafc308d00f51df5c1d96b555491d2ab8e43a,sheet1:R37,,,
a34f54d917df20a9-sheet1-R38,2026-06-02,daegu-city,예산담당관,아름푸릇,부서 직원 격려를 위한 간식구입비 지출,90000,a34f54d917df20a956c20e5ba2ebafc308d00f51df5c1d96b555491d2ab8e43a,sheet1:R38,,,
a34f54d917df20a9-sheet1-R39,2026-06-05,daegu-city,예산담당관,(주)부산안면옥,간담회 개최에 따른 경비 지출,36000,a34f54d917df20a956c20e5ba2ebafc308d00f51df5c1d96b555491d2ab8e43a,sheet1:R39,,,
a34f54d917df20a9-sheet1-R40,2026-06-09,daegu-city,예산담당관,산더미미성돼지국밥 동대구역점,간담회 개최에 따른 경비 지출,86000,a34f54d917df20a956c20e5ba2ebafc308d00f51df5c1d96b555491d2ab8e43a,sheet1:R40,,,
a34f54d917df20a9-sheet1-R41,2026-06-09,daegu-city,예산담당관,"제이커피, 벽강식당",간담회 개최에 따른 경비 지출,212500,a34f54d917df20a956c20e5ba2ebafc308d00f51df5c1d96b555491d2ab8e43a,sheet1:R41,,,
a34f54d917df20a9-sheet1-R42,2026-06-09,daegu-city,예산담당관,사계,간담회 개최에 따른 경비 지출,169000,a34f54d917df20a956c20e5ba2ebafc308d00f51df5c1d96b555491d2ab8e43a,sheet1:R42,,,
a34f54d917df20a9-sheet1-R43,2026-06-10,daegu-city,예산담당관,와우정,간담회 개최에 따른 경비 지출,82000,a34f54d917df20a956c20e5ba2ebafc308d00f51df5c1d96b555491d2ab8e43a,sheet1:R43,,,
a34f54d917df20a9-sheet1-R44,2026-06-10,daegu-city,예산담당관,장원갑칼국수 세종본점,간담회 개최에 따른 경비 지출,176000,a34f54d917df20a956c20e5ba2ebafc308d00f51df5c1d96b555491d2ab8e43a,sheet1:R44,,,
a34f54d917df20a9-sheet1-R45,2026-06-11,daegu-city,예산담당관,성원정,간담회 개최에 따른 경비 지출,90000,a34f54d917df20a956c20e5ba2ebafc308d00f51df5c1d96b555491d2ab8e43a,sheet1:R45,,,
a34f54d917df20a9-sheet1-R46,2026-06-12,daegu-city,예산담당관,교동면옥 신천점,간담회 개최에 따른 경비 지출,54000,a34f54d917df20a956c20e5ba2ebafc308d00f51df5c1d96b555491d2ab8e43a,sheet1:R46,,,
a34f54d917df20a9-sheet1-R47,2026-06-16,daegu-city,예산담당관,푸른집,간담회 개최에 따른 경비 지출,370000,a34f54d917df20a956c20e5ba2ebafc308d00f51df5c1d96b555491d2ab8e43a,sheet1:R47,,,
a34f54d917df20a9-sheet1-R48,2026-06-19,daegu-city,예산담당관,관산성한우 세종나성점,간담회 개최에 따른 경비 지출,350000,a34f54d917df20a956c20e5ba2ebafc308d00f51df5c1d96b555491d2ab8e43a,sheet1:R48,,,
a34f54d917df20a9-sheet1-R49,2026-06-23,daegu-city,예산담당관,대백마트 산격점,2026년 주민참여예산사업 상반기 모니터링 회의 개최에 따른 다과구입비 지출,43000,a34f54d917df20a956c20e5ba2ebafc308d00f51df5c1d96b555491d2ab8e43a,sheet1:R49,,,
a34f54d917df20a9-sheet1-R50,2026-06-23,daegu-city,예산담당관,장원,간담회 개최에 따른 경비 지출,102000,a34f54d917df20a956c20e5ba2ebafc308d00f51df5c1d96b555491d2ab8e43a,sheet1:R50,,,
a34f54d917df20a9-sheet1-R51,2026-06-23,daegu-city,예산담당관,마이온룸,특별교부세 현장점검 개최에 따른 다과 구입비 지출,27500,a34f54d917df20a956c20e5ba2ebafc308d00f51df5c1d96b555491d2ab8e43a,sheet1:R51,,,
a34f54d917df20a9-sheet1-R52,2026-06-24,daegu-city,예산담당관,세종대박장어,간담회 개최에 따른 경비 지출,142000,a34f54d917df20a956c20e5ba2ebafc308d00f51df5c1d96b555491d2ab8e43a,sheet1:R52,,,
a34f54d917df20a9-sheet1-R53,2026-06-25,daegu-city,예산담당관,백정한우,간담회 개최에 따른 경비 지출,480000,a34f54d917df20a956c20e5ba2ebafc308d00f51df5c1d96b555491d2ab8e43a,sheet1:R53,,,
a34f54d917df20a9-sheet1-R54,2026-06-29,daegu-city,예산담당관,"백정한우, 메가엠지씨커피 세종어진점",간담회 개최에 따른 경비 지출,127600,a34f54d917df20a956c20e5ba2ebafc308d00f51df5c1d96b555491d2ab8e43a,sheet1:R54,,,
a34f54d917df20a9-sheet1-R55,2026-06-30,daegu-city,예산담당관,이태형의메구미,간담회 개최에 따른 경비 지출,150000,a34f54d917df20a956c20e5ba2ebafc308d00f51df5c1d96b555491d2ab8e43a,sheet1:R55,,,
a34f54d917df20a9-sheet1-R56,2026-06-30,daegu-city,예산담당관,숯토리세종나성점,간담회 개최에 따른 경비 지출,109800,a34f54d917df20a956c20e5ba2ebafc308d00f51df5c1d96b555491d2ab8e43a,sheet1:R56,,,
31014cf70e4bcc34-sheet1-R4,2026-04-17,daegu-city,관광과,개정,국고보조사업 현장점검에 따른 업무추진 경비 지출,100000,31014cf70e4bcc349fcb0aea3c669b49b60c5e2370642bfc4f5300b7bcf1b557,sheet1:R4,,,
31014cf70e4bcc34-sheet1-R5,2026-04-22,daegu-city,관광과,백련차와 식사,업무추진 간담회 경비 지출,210000,31014cf70e4bcc349fcb0aea3c669b49b60c5e2370642bfc4f5300b7bcf1b557,sheet1:R5,,,
31014cf70e4bcc34-sheet1-R6,2026-05-20,daegu-city,관광과,온돌방,시책업무추진비 지출(글로벌 관광특구 공모사업 관련 회의),200000,31014cf70e4bcc349fcb0aea3c669b49b60c5e2370642bfc4f5300b7bcf1b557,sheet1:R6,,,
31014cf70e4bcc34-sheet1-R7,2026-05-22,daegu-city,관광과,백련차와 식사,업무추진 간담회 경비 지출,140000,31014cf70e4bcc349fcb0aea3c669b49b60c5e2370642bfc4f5300b7bcf1b557,sheet1:R7,,,
31014cf70e4bcc34-sheet1-R8,2026-05-27,daegu-city,관광과,온돌방 외 1,업무추진 간담회 경비 지출,214240,31014cf70e4bcc349fcb0aea3c669b49b60c5e2370642bfc4f5300b7bcf1b557,sheet1:R8,,,
31014cf70e4bcc34-sheet1-R9,2026-05-28,daegu-city,관광과,최고집,업무추진 간담회 경비 지출,112000,31014cf70e4bcc349fcb0aea3c669b49b60c5e2370642bfc4f5300b7bcf1b557,sheet1:R9,,,
31014cf70e4bcc34-sheet1-R10,2026-05-29,daegu-city,관광과,해금강,시책업무추진비 지출(관광권 관련 지역 간담회),403000,31014cf70e4bcc349fcb0aea3c669b49b60c5e2370642bfc4f5300b7bcf1b557,sheet1:R10,,,
31014cf70e4bcc34-sheet1-R11,2026-06-02,daegu-city,관광과,﻿크리스피크림도넛 대구공항점,시책업무추진비 지출(일본인 관광객 환대 캠페인 관련 업무 협의),42800,31014cf70e4bcc349fcb0aea3c669b49b60c5e2370642bfc4f5300b7bcf1b557,sheet1:R11,,,
31014cf70e4bcc34-sheet1-R12,2026-06-12,daegu-city,관광과,본가 안동국시 외 1,업무추진 간담회 경비 지출,98000,31014cf70e4bcc349fcb0aea3c669b49b60c5e2370642bfc4f5300b7bcf1b557,sheet1:R12,,,
31014cf70e4bcc34-sheet1-R13,2026-06-17,daegu-city,관광과,투썸플레이스 대구삼성 크리에이티브캠퍼스점,업무추진 간담회 경비 지출,53500,31014cf70e4bcc349fcb0aea3c669b49b60c5e2370642bfc4f5300b7bcf1b557,sheet1:R13,,,
31014cf70e4bcc34-sheet1-R14,2026-06-23,daegu-city,관광과,서울리에,시책업무추진비 지출(제8차 대구관광개발계획 2차 자문회의),256000,31014cf70e4bcc349fcb0aea3c669b49b60c5e2370642bfc4f5300b7bcf1b557,sheet1:R14,,,
31014cf70e4bcc34-sheet1-R15,2026-06-24,daegu-city,관광과,이도곰탕 서울역점,시책업무추진비 지출(글로벌 관광특구 공모사업 추진 자문회의),51000,31014cf70e4bcc349fcb0aea3c669b49b60c5e2370642bfc4f5300b7bcf1b557,sheet1:R15,,,
31014cf70e4bcc34-sheet1-R16,2026-06-24,daegu-city,관광과,무화과,시책업무추진비 지출(계획공모형 지역관광개발사업 추진 자문회의),17500,31014cf70e4bcc349fcb0aea3c669b49b60c5e2370642bfc4f5300b7bcf1b557,sheet1:R16,,,
4d72c862d5b881bb-sheet1-R4,2026-04-02,daegu-city,도시계획과,1980 황가원,주요 현안업무 홍보를 위한 간담회 경비 지출,140000,4d72c862d5b881bb1d33f411ccbba7e4605836b95a5c91cc45a7088211c822cf,sheet1:R4,,,
4d72c862d5b881bb-sheet1-R5,2026-04-03,daegu-city,도시계획과,이자카야 소소,주요 현안업무 홍보를 위한 간담회 경비 지출,266000,4d72c862d5b881bb1d33f411ccbba7e4605836b95a5c91cc45a7088211c822cf,sheet1:R5,,,
4d72c862d5b881bb-sheet1-R6,2026-04-03,daegu-city,도시계획과,개인(성명 비공개),경조사비,50000,4d72c862d5b881bb1d33f411ccbba7e4605836b95a5c91cc45a7088211c822cf,sheet1:R6,,,
4d72c862d5b881bb-sheet1-R7,2026-04-09,daegu-city,도시계획과,안집,주요 현안업무 추진을 위한 간담회 경비 지출,303000,4d72c862d5b881bb1d33f411ccbba7e4605836b95a5c91cc45a7088211c822cf,sheet1:R7,,,
4d72c862d5b881bb-sheet1-R8,2026-04-09,daegu-city,도시계획과,민수사,직원 격려 간담회 경비 지출,160000,4d72c862d5b881bb1d33f411ccbba7e4605836b95a5c91cc45a7088211c822cf,sheet1:R8,,,
4d72c862d5b881bb-sheet1-R9,2026-04-13,daegu-city,도시계획과,라꾸엔,직원 격려 간담회 경비 지출,132000,4d72c862d5b881bb1d33f411ccbba7e4605836b95a5c91cc45a7088211c822cf,sheet1:R9,,,
4d72c862d5b881bb-sheet1-R10,2026-04-13,daegu-city,도시계획과,예원,직원 격려 간담회 경비 지출,300000,4d72c862d5b881bb1d33f411ccbba7e4605836b95a5c91cc45a7088211c822cf,sheet1:R10,,,
4d72c862d5b881bb-sheet1-R11,2026-04-14,daegu-city,도시계획과,연화37,주요 현안업무 추진을 위한 간담회 경비 지출,200000,4d72c862d5b881bb1d33f411ccbba7e4605836b95a5c91cc45a7088211c822cf,sheet1:R11,,,
4d72c862d5b881bb-sheet1-R12,2026-04-15,daegu-city,도시계획과,예원,주요 현안업무 추진을 위한 간담회 경비 지출,400000,4d72c862d5b881bb1d33f411ccbba7e4605836b95a5c91cc45a7088211c822cf,sheet1:R12,,,
4d72c862d5b881bb-sheet1-R13,2026-04-16,daegu-city,도시계획과,개인(성명 비공개),경조사비,100000,4d72c862d5b881bb1d33f411ccbba7e4605836b95a5c91cc45a7088211c822cf,sheet1:R13,,,
4d72c862d5b881bb-sheet1-R14,2026-04-16,daegu-city,도시계획과,유아이유산격점,도시계획위원회 개최에 따른 다과구입비 지출,50000,4d72c862d5b881bb1d33f411ccbba7e4605836b95a5c91cc45a7088211c822cf,sheet1:R14,,,
4d72c862d5b881bb-sheet1-R15,2026-04-22,daegu-city,도시계획과,이자카야 소소,주요 현안업무 홍보를 위한 간담회 경비 지출,275000,4d72c862d5b881bb1d33f411ccbba7e4605836b95a5c91cc45a7088211c822cf,sheet1:R15,,,
4d72c862d5b881bb-sheet1-R16,2026-04-23,daegu-city,도시계획과,개인(성명 비공개),경조사비,50000,4d72c862d5b881bb1d33f411ccbba7e4605836b95a5c91cc45a7088211c822cf,sheet1:R16,,,
4d72c862d5b881bb-sheet1-R17,2026-04-24,daegu-city,도시계획과,가다선가,주요 현안업무 추진을 위한 간담회 경비 지출,160000,4d72c862d5b881bb1d33f411ccbba7e4605836b95a5c91cc45a7088211c822cf,sheet1:R17,,,
4d72c862d5b881bb-sheet1-R18,2026-04-27,daegu-city,도시계획과,해화담,주요 현안업무 추진을 위한 간담회 경비 지출,213000,4d72c862d5b881bb1d33f411ccbba7e4605836b95a5c91cc45a7088211c822cf,sheet1:R18,,,
4d72c862d5b881bb-sheet1-R19,2026-04-29,daegu-city,도시계획과,장어야,주요 현안업무 추진을 위한 간담회 경비 지출,105000,4d72c862d5b881bb1d33f411ccbba7e4605836b95a5c91cc45a7088211c822cf,sheet1:R19,,,
4d72c862d5b881bb-sheet1-R20,2026-04-29,daegu-city,도시계획과,콩누리,주요 현안업무 추진을 위한 간담회 경비 지출,52000,4d72c862d5b881bb1d33f411ccbba7e4605836b95a5c91cc45a7088211c822cf,sheet1:R20,,,
4d72c862d5b881bb-sheet1-R21,2026-04-30,daegu-city,도시계획과,창미고깃집,주요 현안업무 추진을 위한 간담회 경비 지출,93000,4d72c862d5b881bb1d33f411ccbba7e4605836b95a5c91cc45a7088211c822cf,sheet1:R21,,,
4d72c862d5b881bb-sheet1-R22,2026-05-08,daegu-city,도시계획과,파르코,주요 현안업무 홍보를 위한 간담회 경비 지출,160000,4d72c862d5b881bb1d33f411ccbba7e4605836b95a5c91cc45a7088211c822cf,sheet1:R22,,,
4d72c862d5b881bb-sheet1-R23,2026-05-13,daegu-city,도시계획과,"감포생밀복,어게인",주요 현안업무 홍보를 위한 간담회 경비 지출,49400,4d72c862d5b881bb1d33f411ccbba7e4605836b95a5c91cc45a7088211c822cf,sheet1:R23,,,
4d72c862d5b881bb-sheet1-R24,2026-05-14,daegu-city,도시계획과,창미고깃집,주요 현안업무 추진을 위한 간담회 경비 지출,217000,4d72c862d5b881bb1d33f411ccbba7e4605836b95a5c91cc45a7088211c822cf,sheet1:R24,,,
4d72c862d5b881bb-sheet1-R25,2026-05-14,daegu-city,도시계획과,울진참가자미,주요 현안업무 추진을 위한 간담회 경비 지출,480000,4d72c862d5b881bb1d33f411ccbba7e4605836b95a5c91cc45a7088211c822cf,sheet1:R25,,,
4d72c862d5b881bb-sheet1-R26,2026-05-20,daegu-city,도시계획과,개인(성명 비공개),경조사비,50000,4d72c862d5b881bb1d33f411ccbba7e4605836b95a5c91cc45a7088211c822cf,sheet1:R26,,,
4d72c862d5b881bb-sheet1-R27,2026-05-20,daegu-city,도시계획과,라꾸엔,직원 격려 간담회 경비 지출,121000,4d72c862d5b881bb1d33f411ccbba7e4605836b95a5c91cc45a7088211c822cf,sheet1:R27,,,
4d72c862d5b881bb-sheet1-R28,2026-05-21,daegu-city,도시계획과,피제리아50칼로,직원 격려 간담회 경비 지출,116500,4d72c862d5b881bb1d33f411ccbba7e4605836b95a5c91cc45a7088211c822cf,sheet1:R28,,,
4d72c862d5b881bb-sheet1-R29,2026-05-27,daegu-city,도시계획과,유아이유산격점,도시계획위원회 및 도시·건축공동위원회 개최에 따른 다과구입비 지출,200000,4d72c862d5b881bb1d33f411ccbba7e4605836b95a5c91cc45a7088211c822cf,sheet1:R29,,,
4d72c862d5b881bb-sheet1-R30,2026-05-29,daegu-city,도시계획과,순남시래기 침산점/아티제 대구삼성캠퍼스점,주요 현안업무 추진을 위한 간담회 경비 지출,44500,4d72c862d5b881bb1d33f411ccbba7e4605836b95a5c91cc45a7088211c822cf,sheet1:R30,,,
4d72c862d5b881bb-sheet1-R31,2026-06-01,daegu-city,도시계획과,순남시래기 침산점/아티제 대구삼성캠퍼스점,직원 격려 간담회 경비 지출,54600,4d72c862d5b881bb1d33f411ccbba7e4605836b95a5c91cc45a7088211c822cf,sheet1:R31,,,
4d72c862d5b881bb-sheet1-R32,2026-06-04,daegu-city,도시계획과,개인(성명 비공개),경조사비,50000,4d72c862d5b881bb1d33f411ccbba7e4605836b95a5c91cc45a7088211c822cf,sheet1:R32,,,
4d72c862d5b881bb-sheet1-R33,2026-06-05,daegu-city,도시계획과,박대호제주미스돈,주요 현안업무 홍보를 위한 간담회 경비 지출,250000,4d72c862d5b881bb1d33f411ccbba7e4605836b95a5c91cc45a7088211c822cf,sheet1:R33,,,
4d72c862d5b881bb-sheet1-R34,2026-06-10,daegu-city,도시계획과,포보스 현대아울렛점,주요 현안업무 추진을 위한 간담회 경비 지출,61000,4d72c862d5b881bb1d33f411ccbba7e4605836b95a5c91cc45a7088211c822cf,sheet1:R34,,,
4d72c862d5b881bb-sheet1-R35,2026-06-15,daegu-city,도시계획과,우미육방,주요 현안업무 추진을 위한 간담회 경비 지출,300000,4d72c862d5b881bb1d33f411ccbba7e4605836b95a5c91cc45a7088211c822cf,sheet1:R35,,,
4d72c862d5b881bb-sheet1-R36,2026-06-23,daegu-city,도시계획과,"전복명가, 시지본",주요 현안업무 추진을 위한 간담회 경비 지출,209300,4d72c862d5b881bb1d33f411ccbba7e4605836b95a5c91cc45a7088211c822cf,sheet1:R36,,,
4d72c862d5b881bb-sheet1-R37,2026-06-23,daegu-city,도시계획과,"유이이유산격점, 장보고칠성점",도시계획위원회 개최에 따른 다과구입비 지출,230450,4d72c862d5b881bb1d33f411ccbba7e4605836b95a5c91cc45a7088211c822cf,sheet1:R37,,,
4d72c862d5b881bb-sheet1-R38,2026-06-24,daegu-city,도시계획과,냉면장수,주요 현안업무 홍보를 위한 간담회 경비 지출,75100,4d72c862d5b881bb1d33f411ccbba7e4605836b95a5c91cc45a7088211c822cf,sheet1:R38,,,
926006c93429c298-sheet1-R6,2026-04-07,daegu-city,자연재난과,쿠팡,부서 간식 구입,63080,926006c93429c298ae852723cd6d079f8e60252a49b3298689f82e0fb4a7d19a,sheet1:R6,,,
926006c93429c298-sheet1-R7,2026-04-15,daegu-city,자연재난과,침산곤지곤지,빗물펌프장 민관합동점검 업무추진 간담회 비용 지출,207000,926006c93429c298ae852723cd6d079f8e60252a49b3298689f82e0fb4a7d19a,sheet1:R7,,,
926006c93429c298-sheet1-R8,2026-04-20,daegu-city,자연재난과,카페담,하천·계곡 및 주변 불법 시설 정비 관련 간담회,66500,926006c93429c298ae852723cd6d079f8e60252a49b3298689f82e0fb4a7d19a,sheet1:R8,,,
926006c93429c298-sheet1-R9,2026-04-27,daegu-city,자연재난과,온돌방,여름철 자연재난 사전대비 실태 중앙합동점검 간담회 비용 지출,242560,926006c93429c298ae852723cd6d079f8e60252a49b3298689f82e0fb4a7d19a,sheet1:R9,,,
926006c93429c298-sheet1-R10,2026-04-28,daegu-city,자연재난과,해금강,재해예방사업 행안부 합동점검 간담회 지출,225000,926006c93429c298ae852723cd6d079f8e60252a49b3298689f82e0fb4a7d19a,sheet1:R10,,,
926006c93429c298-sheet1-R11,2026-05-14,daegu-city,자연재난과,방천가족족발 본점,직원 체육행사에 따른 부서운영업무추진비 지출,117000,926006c93429c298ae852723cd6d079f8e60252a49b3298689f82e0fb4a7d19a,sheet1:R11,,,
926006c93429c298-sheet1-R12,2026-05-14,daegu-city,자연재난과,부케,급경사지 실태조사 추진 간담회 지출,135000,926006c93429c298ae852723cd6d079f8e60252a49b3298689f82e0fb4a7d19a,sheet1:R12,,,
926006c93429c298-sheet1-R13,2026-06-01,daegu-city,자연재난과,쿠팡,부서 간식 구입,200010,926006c93429c298ae852723cd6d079f8e60252a49b3298689f82e0fb4a7d19a,sheet1:R13,,,
926006c93429c298-sheet1-R14,2026-06-16,daegu-city,자연재난과,오케이마트,자율방재단연합회 정기회의 관련 다과비 지출,120000,926006c93429c298ae852723cd6d079f8e60252a49b3298689f82e0fb4a7d19a,sheet1:R14,,,
aee1bc3a67da68fa-sheet1-R4,2026-04-20,daegu-city,평가혁신담당관,"장원, 영커피 대구산격점",간담회 개최에 따른 경비 지출,150800,aee1bc3a67da68fa96ebcb4b1f978ede1c2cf2bcf4c50cfd998784f46e9a8185,sheet1:R4,,,
aee1bc3a67da68fa-sheet1-R5,2026-05-07,daegu-city,평가혁신담당관,마이온룸,2026 대구사회지표 조사 및 분석 연구용역 평가위원회 다과비 지출,80000,aee1bc3a67da68fa96ebcb4b1f978ede1c2cf2bcf4c50cfd998784f46e9a8185,sheet1:R5,,,
aee1bc3a67da68fa-sheet1-R6,2026-05-12,daegu-city,평가혁신담당관,맨션5수성,현안업무 협의를 위한 간담회 경비 지출,89000,aee1bc3a67da68fa96ebcb4b1f978ede1c2cf2bcf4c50cfd998784f46e9a8185,sheet1:R6,,,
aee1bc3a67da68fa-sheet1-R7,2026-05-14,daegu-city,평가혁신담당관,바우만스테이크하우스,현안업무 협의를 위한 간담회 경비 지출,160000,aee1bc3a67da68fa96ebcb4b1f978ede1c2cf2bcf4c50cfd998784f46e9a8185,sheet1:R7,,,
aee1bc3a67da68fa-sheet1-R8,2026-06-18,daegu-city,평가혁신담당관,우봉가,시정평가 및 평가현안 협의를 위한 간담회 경비 지출,166000,aee1bc3a67da68fa96ebcb4b1f978ede1c2cf2bcf4c50cfd998784f46e9a8185,sheet1:R8,,,
aee1bc3a67da68fa-sheet1-R9,2026-06-24,daegu-city,평가혁신담당관,메가엠지씨커피 대구칠성동점외 1,2027년('26년 실적) 지자체 합동평가 정성지표 담당자 워크숍 다과구입비 지출,324650,aee1bc3a67da68fa96ebcb4b1f978ede1c2cf2bcf4c50cfd998784f46e9a8185,sheet1:R9,,,
aee1bc3a67da68fa-sheet1-R10,2026-06-25,daegu-city,평가혁신담당관,마이온룸,2026년 제4회 민간위탁 운영위원회 개최에 따른 다과구입비,33500,aee1bc3a67da68fa96ebcb4b1f978ede1c2cf2bcf4c50cfd998784f46e9a8185,sheet1:R10,,,
aee1bc3a67da68fa-sheet1-R11,2026-06-26,daegu-city,평가혁신담당관,마이온룸,2026년 제1회 출차출연기관 운영심의위원회 개최에 따른 다과구입비,45500,aee1bc3a67da68fa96ebcb4b1f978ede1c2cf2bcf4c50cfd998784f46e9a8185,sheet1:R11,,,
ef7db75c899b9d40-sheet1-R4,2026-04-09,daegu-city,건설산업과,마이온룸,중동상황 관련 지역건설업계 긴급간담회 결과 전달회의 개최에 따른 다과비 지출,72000,ef7db75c899b9d4044f05be2f2dfaecf2dda2debfb48e18f94ccea4277dcc94c,sheet1:R4,,,
ef7db75c899b9d40-sheet1-R5,2026-04-17,daegu-city,건설산업과,마이온룸,2026 지역건설산업 활성화 위원회 개최에 따른 다과비 지출,43000,ef7db75c899b9d4044f05be2f2dfaecf2dda2debfb48e18f94ccea4277dcc94c,sheet1:R5,,,
ef7db75c899b9d40-sheet1-R6,2026-05-13,daegu-city,건설산업과,우기생고기,반월당지하도상가 명도소송 관련 기관 간담회 경비 지출,240000,ef7db75c899b9d4044f05be2f2dfaecf2dda2debfb48e18f94ccea4277dcc94c,sheet1:R6,,,
ef7db75c899b9d40-sheet1-R7,2026-06-17,daegu-city,건설산업과,겹겹,지역건설협회와의 간담회 개최,236000,ef7db75c899b9d4044f05be2f2dfaecf2dda2debfb48e18f94ccea4277dcc94c,sheet1:R7,,,
66eb818dd15f14e9-sheet1-R5,2026-04-28,daegu-city,에너지산업과,북카페,에너지산업과 주요 시책 회의(간담회) 경비 지출,18900,66eb818dd15f14e95812b710b822c06e20ea3251cadf43c7b67bda26799c8c5a,sheet1:R5,,,
66eb818dd15f14e9-sheet1-R6,2026-05-08,daegu-city,에너지산업과,장군소머리곰탕,에너지산업과 주요 시책 간담회 경비 지출,80000,66eb818dd15f14e95812b710b822c06e20ea3251cadf43c7b67bda26799c8c5a,sheet1:R6,,,
66eb818dd15f14e9-sheet1-R7,2026-05-12,daegu-city,에너지산업과,대구불고기식당,에너지산업과 주요 시책 간담회 경비 지출,136000,66eb818dd15f14e95812b710b822c06e20ea3251cadf43c7b67bda26799c8c5a,sheet1:R7,,,
1e629101d6b4aaa6-sheet1-R4,2026-04-02,daegu-city,보도담당관,금두꺼비식당,주요시정 모니터링 관련 간담회 개최 경비 지출,142000,1e629101d6b4aaa6401e84c1cad4d0a95ced0b2aecdc513383f73acbf8bb7fd2,sheet1:R4,,,
1e629101d6b4aaa6-sheet1-R5,2026-04-17,daegu-city,보도담당관,황소식당,주요시정 모니터링 관련 간담회 개최 경비 지출,205000,1e629101d6b4aaa6401e84c1cad4d0a95ced0b2aecdc513383f73acbf8bb7fd2,sheet1:R5,,,
1e629101d6b4aaa6-sheet1-R6,2026-05-13,daegu-city,보도담당관,이루팜,주요시정 모니터링 관련 간담회 개최 경비 지출,200000,1e629101d6b4aaa6401e84c1cad4d0a95ced0b2aecdc513383f73acbf8bb7fd2,sheet1:R6,,,
1e629101d6b4aaa6-sheet1-R7,2026-06-01,daegu-city,보도담당관,더부자백숙,주요시정 모니터링 관련 간담회 개최 경비 지출,144000,1e629101d6b4aaa6401e84c1cad4d0a95ced0b2aecdc513383f73acbf8bb7fd2,sheet1:R7,,,
1e629101d6b4aaa6-sheet1-R8,2026-06-04,daegu-city,보도담당관,교동면옥 동인점,주요시정 모니터링 관련 간담회 개최 경비 지출,85500,1e629101d6b4aaa6401e84c1cad4d0a95ced0b2aecdc513383f73acbf8bb7fd2,sheet1:R8,,,
0d8233169c8e2d01-sheet1-R6,2026-04-23,daegu-city,공무원교육원,이브닝글로우 외 1,직원 격려 간담회 경비 지출,81000,0d8233169c8e2d01bfe6bcb628032f4de41c6dc01abf33cc4cb98a360730ac94,sheet1:R6,,,
0d8233169c8e2d01-sheet1-R7,2026-05-08,daegu-city,공무원교육원,바람이불어오는곳 외 1,2026년 상반기 직원 체육문화행사 경비 지출,252300,0d8233169c8e2d01bfe6bcb628032f4de41c6dc01abf33cc4cb98a360730ac94,sheet1:R7,,,
0d8233169c8e2d01-sheet2-R6,2026-04-01,daegu-city,공무원교육원,동문식당,교육원 업무협의 관련 간담회 경비 지출,60000,0d8233169c8e2d01bfe6bcb628032f4de41c6dc01abf33cc4cb98a360730ac94,sheet2:R6,,,
0d8233169c8e2d01-sheet2-R7,2026-04-03,daegu-city,공무원교육원,옐로우 외 1,신규자 위탁교육 관련 간담회 경비 지출,203500,0d8233169c8e2d01bfe6bcb628032f4de41c6dc01abf33cc4cb98a360730ac94,sheet2:R7,,,
0d8233169c8e2d01-sheet2-R8,2026-04-08,daegu-city,공무원교육원,자갈치회타운,노사 협력 및 교육계획 수립을 위한 간담회 경비 지출,53000,0d8233169c8e2d01bfe6bcb628032f4de41c6dc01abf33cc4cb98a360730ac94,sheet2:R8,,,
0d8233169c8e2d01-sheet2-R9,2026-04-09,daegu-city,공무원교육원,황뻘식당,교육원 업무협의 관련 간담회 경비 지출,65000,0d8233169c8e2d01bfe6bcb628032f4de41c6dc01abf33cc4cb98a360730ac94,sheet2:R9,,,
0d8233169c8e2d01-sheet2-R10,2026-04-10,daegu-city,공무원교육원,피제리아50칼로,교육원 업무협의 관련 간담회 경비 지출,115600,0d8233169c8e2d01bfe6bcb628032f4de41c6dc01abf33cc4cb98a360730ac94,sheet2:R10,,,
0d8233169c8e2d01-sheet2-R11,2026-04-15,daegu-city,공무원교육원,키키샤브,노사 협력 및 교육계획 수립을 위한 간담회 경비 지출,79500,0d8233169c8e2d01bfe6bcb628032f4de41c6dc01abf33cc4cb98a360730ac94,sheet2:R11,,,
0d8233169c8e2d01-sheet2-R12,2026-04-30,daegu-city,공무원교육원,밀밭베이커리,교육원 업무협의 관련 간식구입 비용 지출,64500,0d8233169c8e2d01bfe6bcb628032f4de41c6dc01abf33cc4cb98a360730ac94,sheet2:R12,,,
0d8233169c8e2d01-sheet2-R13,2026-05-04,daegu-city,공무원교육원,벙글벙글찜갈비,교육원 업무협의 관련 간담회 경비 지출,79000,0d8233169c8e2d01bfe6bcb628032f4de41c6dc01abf33cc4cb98a360730ac94,sheet2:R13,,,
0d8233169c8e2d01-sheet2-R14,2026-05-13,daegu-city,공무원교육원,왕태골보쌈,청사시설 관련 업무협의를 위한 간담회 경비 지출,141000,0d8233169c8e2d01bfe6bcb628032f4de41c6dc01abf33cc4cb98a360730ac94,sheet2:R14,,,
0d8233169c8e2d01-sheet2-R15,2026-05-18,daegu-city,공무원교육원,자갈치회타운,교육원 업무협의 관련 간담회 경비 지출,69000,0d8233169c8e2d01bfe6bcb628032f4de41c6dc01abf33cc4cb98a360730ac94,sheet2:R15,,,
0d8233169c8e2d01-sheet2-R16,2026-05-19,daegu-city,공무원교육원,동문식당,교육원 업무협의 관련 간담회 경비 지출,60000,0d8233169c8e2d01bfe6bcb628032f4de41c6dc01abf33cc4cb98a360730ac94,sheet2:R16,,,
0d8233169c8e2d01-sheet2-R17,2026-05-21,daegu-city,공무원교육원,카페코튼 외 1,중견실무리더과정 교육생 대표 및 분임장과의 간담회 경비 지출,71900,0d8233169c8e2d01bfe6bcb628032f4de41c6dc01abf33cc4cb98a360730ac94,sheet2:R17,,,
0d8233169c8e2d01-sheet2-R18,2026-06-09,daegu-city,공무원교육원,교동면옥 동인점,교육원 업무협의 관련 간담회 경비 지출,56000,0d8233169c8e2d01bfe6bcb628032f4de41c6dc01abf33cc4cb98a360730ac94,sheet2:R18,,,
0d8233169c8e2d01-sheet2-R19,2026-06-15,daegu-city,공무원교육원,교동면옥 동인점,교육원 업무협의 관련 간담회 경비 지출,62000,0d8233169c8e2d01bfe6bcb628032f4de41c6dc01abf33cc4cb98a360730ac94,sheet2:R19,,,
e47fda7ce8ddf438-sheet1-R5,2026-06-09,daegu-city,도시균형개발과,마이온룸,주요 현안업무 추진을 위한 간담회 경비 지출,60000,e47fda7ce8ddf43816db40736d17505d41e211af4f3f76acc824230b4d4a2771,sheet1:R5,,,
e47fda7ce8ddf438-sheet1-R6,2026-05-14,daegu-city,도시균형개발과,"군위참좋은한우직판장, 소강상태 커피로스터스",주요 현안업무 추진을 위한 간담회 경비 지출,144900,e47fda7ce8ddf43816db40736d17505d41e211af4f3f76acc824230b4d4a2771,sheet1:R6,,,
e47fda7ce8ddf438-sheet1-R7,2026-05-06,daegu-city,도시균형개발과,장원,주요 현안업무 추진을 위한 간담회 경비 지출,200000,e47fda7ce8ddf43816db40736d17505d41e211af4f3f76acc824230b4d4a2771,sheet1:R7,,,
e47fda7ce8ddf438-sheet1-R8,2026-04-27,daegu-city,도시균형개발과,방원 양갈비 양꼬치,주요 현안업무 추진 및 협의를 위한 간담회 경비 지출,336000,e47fda7ce8ddf43816db40736d17505d41e211af4f3f76acc824230b4d4a2771,sheet1:R8,,,
e47fda7ce8ddf438-sheet1-R9,2026-04-15,daegu-city,도시균형개발과,스타벅스 대구칠성이마트점,중앙·지방정부-건설업계 중동상황 대응 합동 간담회 다과비 지출,275600,e47fda7ce8ddf43816db40736d17505d41e211af4f3f76acc824230b4d4a2771,sheet1:R9,,,
e47fda7ce8ddf438-sheet1-R10,2026-04-22,daegu-city,도시균형개발과,남원골추어탕,주요 현안업무 추진을 위한 간담회 경비 지출,158000,e47fda7ce8ddf43816db40736d17505d41e211af4f3f76acc824230b4d4a2771,sheet1:R10,,,
706926758836f5ac-sheet1-R4,2026-04-02,daegu-city,도시정비과,해담어시장,도시재생사업 업무 협의를 위한 간담회 경비 지출,310000,706926758836f5acb0c02846fcfae93e92b290295e021c8cac70fc3b8d82c63b,sheet1:R4,,,
706926758836f5ac-sheet1-R5,2026-04-06,daegu-city,도시정비과,삼촌1982,정비사업 현장점검 관련 업무협의를 위한 간담회 경비 지출,126000,706926758836f5acb0c02846fcfae93e92b290295e021c8cac70fc3b8d82c63b,sheet1:R5,,,
706926758836f5ac-sheet1-R6,2026-04-10,daegu-city,도시정비과,후꾸,정비사업 현장점검 관련 업무 협의를 위한 간담회 경비 지출,136000,706926758836f5acb0c02846fcfae93e92b290295e021c8cac70fc3b8d82c63b,sheet1:R6,,,
706926758836f5ac-sheet1-R7,2026-04-20,daegu-city,도시정비과,대백마트 산격점,2030 대구 도시주거환경정비기본계획 타당성 검토 및 변경용역 최종보고회 개최에 따른 경비 지출,100000,706926758836f5acb0c02846fcfae93e92b290295e021c8cac70fc3b8d82c63b,sheet1:R7,,,
706926758836f5ac-sheet1-R8,2026-04-20,daegu-city,도시정비과,금와식당,근대건축물 리모델링 관련 업무 협의를 위한 간담회 경비 지출,138000,706926758836f5acb0c02846fcfae93e92b290295e021c8cac70fc3b8d82c63b,sheet1:R8,,,
706926758836f5ac-sheet1-R9,2026-04-20,daegu-city,도시정비과,만선향,도시정비사업 업무 협의를 위한 간담회 경비 지출,300000,706926758836f5acb0c02846fcfae93e92b290295e021c8cac70fc3b8d82c63b,sheet1:R9,,,
706926758836f5ac-sheet1-R10,2026-04-21,daegu-city,도시정비과,화중대반점,도시재생 거점공간 운영 활성화를 위한 간담회 경비 지출,200000,706926758836f5acb0c02846fcfae93e92b290295e021c8cac70fc3b8d82c63b,sheet1:R10,,,
706926758836f5ac-sheet1-R11,2026-04-24,daegu-city,도시정비과,좋은데,정비사업 현장점검 관련 업무 협의를 위한 간담회 경비 지출,76000,706926758836f5acb0c02846fcfae93e92b290295e021c8cac70fc3b8d82c63b,sheet1:R11,,,
706926758836f5ac-sheet1-R12,2026-04-30,daegu-city,도시정비과,풍천관 동촌유원지점,정비사업 현장점검 관련 업무 협의를 위한 간담회 경비 지출,156000,706926758836f5acb0c02846fcfae93e92b290295e021c8cac70fc3b8d82c63b,sheet1:R12,,,
706926758836f5ac-sheet1-R13,2026-05-18,daegu-city,도시정비과,주혜정쌈밥,정비사업 현장점검 관련 업무 협의를 위한 간담회 경비 지출,118000,706926758836f5acb0c02846fcfae93e92b290295e021c8cac70fc3b8d82c63b,sheet1:R13,,,
706926758836f5ac-sheet1-R14,2026-05-22,daegu-city,도시정비과,핸즈커피 앞산점외 1,정비사업 현장점검 관련 업무 협의를 위한 간담회 경비 지출,168500,706926758836f5acb0c02846fcfae93e92b290295e021c8cac70fc3b8d82c63b,sheet1:R14,,,
706926758836f5ac-sheet1-R15,2026-06-11,daegu-city,도시정비과,온돌방,도시재생사업 업무 협의를 위한 간담회 경비 지출,120000,706926758836f5acb0c02846fcfae93e92b290295e021c8cac70fc3b8d82c63b,sheet1:R15,,,
706926758836f5ac-sheet1-R16,2026-06-12,daegu-city,도시정비과,영커피 대구산격점,정비사업조합 운영실태 점검 처분결정회의 개최에 따른 경비 지출,45600,706926758836f5acb0c02846fcfae93e92b290295e021c8cac70fc3b8d82c63b,sheet1:R16,,,
706926758836f5ac-sheet1-R17,2026-06-15,daegu-city,도시정비과,임가양꼬치,도시재생사업 관계자 실무 간담회 개최 경비 지출,238000,706926758836f5acb0c02846fcfae93e92b290295e021c8cac70fc3b8d82c63b,sheet1:R17,,,
706926758836f5ac-sheet1-R18,2026-06-19,daegu-city,도시정비과,올 아워스(All Ours),정비사업 업무담당자 간담회 경비 지출,300000,706926758836f5acb0c02846fcfae93e92b290295e021c8cac70fc3b8d82c63b,sheet1:R18,,,
706926758836f5ac-sheet1-R19,2026-06-22,daegu-city,도시정비과,그레이핍플 봉산문화길점외 1,정비사업 현장점검 관련 업무 협의를 위한 간담회 경비 지출,93300,706926758836f5acb0c02846fcfae93e92b290295e021c8cac70fc3b8d82c63b,sheet1:R19,,,
706926758836f5ac-sheet1-R20,2026-06-26,daegu-city,도시정비과,밀리스,정비사업 현장점검 관련 업무 협의를 위한 간담회 경비 지출,66000,706926758836f5acb0c02846fcfae93e92b290295e021c8cac70fc3b8d82c63b,sheet1:R20,,,
e17e32111d370e7d-sheet1-R6,2026-04-06,daegu-city,경제정책관,감나무집,지역경제 현안 논의를 위한 간담회 경비 지출(경제국장),315000,e17e32111d370e7d56effaae45164886251b65ca5eea6cfd1c951c28754a10de,sheet1:R6,,,
e17e32111d370e7d-sheet1-R7,2026-04-14,daegu-city,경제정책관,조르지오 피렌체,시정업무 홍보 간담회 경비 지출(경제국장),137800,e17e32111d370e7d56effaae45164886251b65ca5eea6cfd1c951c28754a10de,sheet1:R7,,,
e17e32111d370e7d-sheet1-R8,2026-04-22,daegu-city,경제정책관,팔선생,지역경제 현안 논의를 위한 간담회 경비 지출,250000,e17e32111d370e7d56effaae45164886251b65ca5eea6cfd1c951c28754a10de,sheet1:R8,,,
e17e32111d370e7d-sheet1-R9,2026-04-24,daegu-city,섬유패션과,동보성,지역경제 현안 논의를 위한 간담회 경비 지출,304000,e17e32111d370e7d56effaae45164886251b65ca5eea6cfd1c951c28754a10de,sheet1:R9,,,
e17e32111d370e7d-sheet1-R10,2026-04-24,daegu-city,경제정책관,안동뒷고기리저브,지역경제 현안 논의를 위한 간담회 경비 지출(경제국장),234500,e17e32111d370e7d56effaae45164886251b65ca5eea6cfd1c951c28754a10de,sheet1:R10,,,
e17e32111d370e7d-sheet1-R11,2026-05-21,daegu-city,경제정책관,"면장수, 위트커피",시정업무 홍보 간담회 경비 지출(경제국장),70500,e17e32111d370e7d56effaae45164886251b65ca5eea6cfd1c951c28754a10de,sheet1:R11,,,
e17e32111d370e7d-sheet1-R12,2026-05-21,daegu-city,경제정책관,칭진,지역경제 현안 논의를 위한 간담회 경비 지출(경제국장),158600,e17e32111d370e7d56effaae45164886251b65ca5eea6cfd1c951c28754a10de,sheet1:R12,,,
e17e32111d370e7d-sheet1-R13,2026-05-26,daegu-city,경제정책관,백두산식육식당,지역경제 현안 논의를 위한 간담회 경비 지출(경제국장),364200,e17e32111d370e7d56effaae45164886251b65ca5eea6cfd1c951c28754a10de,sheet1:R13,,,
e17e32111d370e7d-sheet1-R14,2026-05-29,daegu-city,경제정책관,더 건강한 한우프라자,지역경제 활성화를 위한 간담회 경비 지출(경제국장),260000,e17e32111d370e7d56effaae45164886251b65ca5eea6cfd1c951c28754a10de,sheet1:R14,,,
e17e32111d370e7d-sheet1-R15,2026-06-01,daegu-city,경제정책관,보틀캠프,시정업무 홍보 간담회 경비 지출(경제국장),172500,e17e32111d370e7d56effaae45164886251b65ca5eea6cfd1c951c28754a10de,sheet1:R15,,,
e17e32111d370e7d-sheet1-R16,2026-06-01,daegu-city,경제정책관,옥란,지역경제 활성화를 위한 간담회 경비 지출(경제국장),219000,e17e32111d370e7d56effaae45164886251b65ca5eea6cfd1c951c28754a10de,sheet1:R16,,,
e17e32111d370e7d-sheet1-R17,2026-06-11,daegu-city,경제정책관,메이루,시정업무 홍보 간담회 경비 지출,63000,e17e32111d370e7d56effaae45164886251b65ca5eea6cfd1c951c28754a10de,sheet1:R17,,,
e17e32111d370e7d-sheet1-R18,2026-06-18,daegu-city,경제정책관,평양관,시정업무 홍보 간담회 경비 지출,303000,e17e32111d370e7d56effaae45164886251b65ca5eea6cfd1c951c28754a10de,sheet1:R18,,,
e17e32111d370e7d-sheet2-R6,2026-04-01,daegu-city,국제통상과,상락식당,국 직원 격려 간담회 경비 지출,250000,e17e32111d370e7d56effaae45164886251b65ca5eea6cfd1c951c28754a10de,sheet2:R6,,,
e17e32111d370e7d-sheet2-R7,2026-04-02,daegu-city,경제정책관,대한뉴스,국 직원 격려 간담회 경비 지출,116000,e17e32111d370e7d56effaae45164886251b65ca5eea6cfd1c951c28754a10de,sheet2:R7,,,
e17e32111d370e7d-sheet2-R8,2026-04-22,daegu-city,경제정책관,산전수전,국 직원 격려 간담회 경비 지출,148000,e17e32111d370e7d56effaae45164886251b65ca5eea6cfd1c951c28754a10de,sheet2:R8,,,
e17e32111d370e7d-sheet2-R9,2026-04-28,daegu-city,경제정책관,호감동,국 직원 격려 간담회 경비 지출,296000,e17e32111d370e7d56effaae45164886251b65ca5eea6cfd1c951c28754a10de,sheet2:R9,,,
e17e32111d370e7d-sheet2-R10,2026-05-07,daegu-city,경제정책관,재비 대구교동점,국 직원 격려 간담회 경비 지출,165500,e17e32111d370e7d56effaae45164886251b65ca5eea6cfd1c951c28754a10de,sheet2:R10,,,
e17e32111d370e7d-sheet2-R11,2026-06-08,daegu-city,경제정책관,종가집,국 직원 격려 간담회 경비 지출,96000,e17e32111d370e7d56effaae45164886251b65ca5eea6cfd1c951c28754a10de,sheet2:R11,,,
469edd53475c7d01-sheet1-R5,2026-04-13,daegu-city,미군부대이전과,인투,시정 업무 추진 관련 간담회 경비 지출(4.13.),61000,469edd53475c7d019968ad007b8bc5d90668d1dab3d0d67c004075e39f4c310e,sheet1:R5,,,
469edd53475c7d01-sheet1-R6,2026-05-13,daegu-city,미군부대이전과,스타벅스,시정 업무 추진 관련 간담회 경비 지출(5.13.),30885,469edd53475c7d019968ad007b8bc5d90668d1dab3d0d67c004075e39f4c310e,sheet1:R6,,,
469edd53475c7d01-sheet1-R7,2026-05-19,daegu-city,미군부대이전과,도미노피자,시정 업무 추진 관련 간담회 경비 지출(5.19.),41980,469edd53475c7d019968ad007b8bc5d90668d1dab3d0d67c004075e39f4c310e,sheet1:R7,,,
469edd53475c7d01-sheet1-R8,2026-05-28,daegu-city,미군부대이전과,도미노피자,시정 업무 추진 관련 간담회 경비 지출(5.28.),36400,469edd53475c7d019968ad007b8bc5d90668d1dab3d0d67c004075e39f4c310e,sheet1:R8,,,
9064856c6519b66e-sheet1-R7,2026-04-17,daegu-city,체육진흥과,화쭈미,2026년 상반기 체육진흥과 직원 체육문화행사,84000,9064856c6519b66e04e9913aaca38ba1cbb865a6b41c726c2d835d4e5f511989,sheet1:R7,,,
9064856c6519b66e-sheet1-R8,2026-04-22,daegu-city,체육진흥과,플로아프룻,대구마라톤 코스개선 실무위원회 다과 구입,80000,9064856c6519b66e04e9913aaca38ba1cbb865a6b41c726c2d835d4e5f511989,sheet1:R8,,,
9064856c6519b66e-sheet1-R9,2026-04-22,daegu-city,체육진흥과,산격청사 북카페,국제스포츠 현안업무 논의 및 부서원 격려,29600,9064856c6519b66e04e9913aaca38ba1cbb865a6b41c726c2d835d4e5f511989,sheet1:R9,,,
9064856c6519b66e-sheet1-R10,2026-05-14,daegu-city,체육진흥과,이마트몰(SSG.COM),사무실 비치 다과 등 구입비,198600,9064856c6519b66e04e9913aaca38ba1cbb865a6b41c726c2d835d4e5f511989,sheet1:R10,,,
9064856c6519b66e-sheet1-R11,2026-05-18,daegu-city,체육진흥과,하루카 생고기,지역 체육현안 관련 언론분야 업무 협의,115000,9064856c6519b66e04e9913aaca38ba1cbb865a6b41c726c2d835d4e5f511989,sheet1:R11,,,
9064856c6519b66e-sheet1-R12,2026-05-22,daegu-city,체육진흥과,"이루팜 중구점, 오케이마트",대구마라톤 코스개선 위원회 다과 구입,120000,9064856c6519b66e04e9913aaca38ba1cbb865a6b41c726c2d835d4e5f511989,sheet1:R12,,,
9064856c6519b66e-sheet1-R13,2026-05-26,daegu-city,체육진흥과,공주당 베이커리,국제스포츠대회 관련 업무협의 간담회 다과 구입,60000,9064856c6519b66e04e9913aaca38ba1cbb865a6b41c726c2d835d4e5f511989,sheet1:R13,,,
9064856c6519b66e-sheet1-R14,2026-06-02,daegu-city,체육진흥과,제주은희네해장국 세종청사점,체육시설 개보수 등 현안업무 협의 간담회,76000,9064856c6519b66e04e9913aaca38ba1cbb865a6b41c726c2d835d4e5f511989,sheet1:R14,,,
9064856c6519b66e-sheet1-R15,2026-06-25,daegu-city,체육진흥과,금솥 돼지찌개,2026 북중미 월드컵 시민응원전 행사지원 격려,92000,9064856c6519b66e04e9913aaca38ba1cbb865a6b41c726c2d835d4e5f511989,sheet1:R15,,,
4695b805a251c616-sheet1-R4,2026-05-04,daegu-city,중대재해예방과,최고집 [대구광역시 중구 국채보상로131길 18-11],안전보건지킴이 간담회,47500,4695b805a251c616bea910c881eca1dad77daeb031a365315ada49a05bf0d12a,sheet1:R4,,,
4695b805a251c616-sheet1-R5,2026-05-04,daegu-city,중대재해예방과,고도.정 [대구광역시 중구 경상감영길 288],안전보건지킴이 간담회,169000,4695b805a251c616bea910c881eca1dad77daeb031a365315ada49a05bf0d12a,sheet1:R5,,,
4695b805a251c616-sheet1-R6,2026-06-01,daegu-city,중대재해예방과,투썸플레이스 [대구광역시 중구 종로 31],산재 예방 업무협의 간담회,39600,4695b805a251c616bea910c881eca1dad77daeb031a365315ada49a05bf0d12a,sheet1:R6,,,
4695b805a251c616-sheet1-R7,2026-06-19,daegu-city,중대재해예방과,미스터브리즈커피 [대구광역시 중구 경상감영길 274],중대재해 예방 업무 협의 간담회,100000,4695b805a251c616bea910c881eca1dad77daeb031a365315ada49a05bf0d12a,sheet1:R7,,,
4695b805a251c616-sheet1-R8,2026-06-23,daegu-city,중대재해예방과,이루팜 [대구광역시 중구 국채보상로131길 16],2026년 2분기 산업안전보건위원회,126000,4695b805a251c616bea910c881eca1dad77daeb031a365315ada49a05bf0d12a,sheet1:R8,,,
4695b805a251c616-sheet1-R9,2026-06-23,daegu-city,중대재해예방과,오케이마트 [대구광역시 중구 동덕로 196],2026년 2분기 산업안전보건위원회,98000,4695b805a251c616bea910c881eca1dad77daeb031a365315ada49a05bf0d12a,sheet1:R9,,,
4695b805a251c616-sheet1-R10,2026-06-29,daegu-city,중대재해예방과,매스커피 [대구광역시 중구 국채보상로131길 40],산업재해 예방 업무 협의 간담회,45900,4695b805a251c616bea910c881eca1dad77daeb031a365315ada49a05bf0d12a,sheet1:R10,,,
a190bce4fd7a7595-sheet1-R6,2026-04-24,daegu-city,AI정책과,감포생밀복,AI정책과 사업추진 관련 간담회,86000,a190bce4fd7a7595fa08fb0dd27c83127b5f572eacad4532054116acf27ba1c3,sheet1:R6,,,
a190bce4fd7a7595-sheet1-R7,2026-04-30,daegu-city,AI정책과,공심옥,AI정책과 주요사업 홍보 관련 간담회,147000,a190bce4fd7a7595fa08fb0dd27c83127b5f572eacad4532054116acf27ba1c3,sheet1:R7,,,
a190bce4fd7a7595-sheet1-R8,2026-05-07,daegu-city,AI정책과,평양관,AI정책과 사업추진 관련 간담회,120000,a190bce4fd7a7595fa08fb0dd27c83127b5f572eacad4532054116acf27ba1c3,sheet1:R8,,,
a190bce4fd7a7595-sheet1-R9,2026-05-14,daegu-city,AI정책과,이스트라이트,AI정책과 신규사업 발굴 관련 간담회,115000,a190bce4fd7a7595fa08fb0dd27c83127b5f572eacad4532054116acf27ba1c3,sheet1:R9,,,
a190bce4fd7a7595-sheet1-R10,2026-05-20,daegu-city,AI정책과,평양관,AI정책과 신규사업 발굴 관련 간담회,129000,a190bce4fd7a7595fa08fb0dd27c83127b5f572eacad4532054116acf27ba1c3,sheet1:R10,,,
a190bce4fd7a7595-sheet1-R11,2026-05-29,daegu-city,AI정책과,마키노차야 세종점,AI정책과 신규사업 협의 관련 간담회,148200,a190bce4fd7a7595fa08fb0dd27c83127b5f572eacad4532054116acf27ba1c3,sheet1:R11,,,
a190bce4fd7a7595-sheet1-R12,2026-06-10,daegu-city,AI정책과,고기9단,AI정책과 주요사업 홍보 관련 간담회,153000,a190bce4fd7a7595fa08fb0dd27c83127b5f572eacad4532054116acf27ba1c3,sheet1:R12,,,
a190bce4fd7a7595-sheet1-R13,2026-06-17,daegu-city,AI정책과,고기9단,AI정책과 업무추진 관련 간담회,254000,a190bce4fd7a7595fa08fb0dd27c83127b5f572eacad4532054116acf27ba1c3,sheet1:R13,,,
a190bce4fd7a7595-sheet1-R14,2026-06-23,daegu-city,AI정책과,옛날가든,AI정책과 업무추진 관련 간담회,126000,a190bce4fd7a7595fa08fb0dd27c83127b5f572eacad4532054116acf27ba1c3,sheet1:R14,,,
a190bce4fd7a7595-sheet1-R15,2026-06-26,daegu-city,AI정책과,이스트라이트,AI정책과 주요사업 홍보 관련 간담회,49200,a190bce4fd7a7595fa08fb0dd27c83127b5f572eacad4532054116acf27ba1c3,sheet1:R15,,,
a190bce4fd7a7595-sheet1-R16,2026-06-29,daegu-city,AI정책과,쿠우쿠우,AI정책과 업무추진 관련 간담회,215200,a190bce4fd7a7595fa08fb0dd27c83127b5f572eacad4532054116acf27ba1c3,sheet1:R16,,,
032ea3c499e278d7-sheet1-R6,2026-04-01,daegu-city,자치경찰행정과,산중식당,현안업무 추진 직원 격려 간담회 경비 지출(위원장),107000,032ea3c499e278d7de0cf1d454275a55f9089eabab59fe4104470c64f6a7d624,sheet1:R6,,,
032ea3c499e278d7-sheet1-R7,2026-04-02,daegu-city,자치경찰행정과,장원,자치경찰사무 관련 현안 공유 및 논의를 위한 간담회 경비 지출(위원장),189000,032ea3c499e278d7de0cf1d454275a55f9089eabab59fe4104470c64f6a7d624,sheet1:R7,,,
032ea3c499e278d7-sheet1-R8,2026-04-04,daegu-city,자치경찰행정과,더수성77,현안업무 추진 직원 격려 간담회 경비 지출(위원장),120000,032ea3c499e278d7de0cf1d454275a55f9089eabab59fe4104470c64f6a7d624,sheet1:R8,,,
032ea3c499e278d7-sheet1-R9,2026-04-06,daegu-city,자치경찰행정과,형님동태,현안업무 추진 직원 격려 간담회 경비 지출(위원장),37000,032ea3c499e278d7de0cf1d454275a55f9089eabab59fe4104470c64f6a7d624,sheet1:R9,,,
032ea3c499e278d7-sheet1-R10,2026-04-07,daegu-city,자치경찰행정과,애슐리퀸즈 대구이월드점,현안업무 추진 직원 격려 간담회 경비 지출(위원장),79600,032ea3c499e278d7de0cf1d454275a55f9089eabab59fe4104470c64f6a7d624,sheet1:R10,,,
032ea3c499e278d7-sheet1-R11,2026-04-09,daegu-city,자치경찰행정과,하나해물탕,현안업무 추진 직원 격려 간담회 경비 지출(위원장),60000,032ea3c499e278d7de0cf1d454275a55f9089eabab59fe4104470c64f6a7d624,sheet1:R11,,,
032ea3c499e278d7-sheet1-R12,2026-04-18,daegu-city,자치경찰행정과,계령갈치정식,현안업무 추진 직원 격려 간담회 경비 지출(위원장),82000,032ea3c499e278d7de0cf1d454275a55f9089eabab59fe4104470c64f6a7d624,sheet1:R12,,,
032ea3c499e278d7-sheet1-R13,2026-04-20,daegu-city,자치경찰행정과,팔팔탑,현안업무 추진 직원 격려 간담회 경비 지출(위원장),54500,032ea3c499e278d7de0cf1d454275a55f9089eabab59fe4104470c64f6a7d624,sheet1:R13,,,
032ea3c499e278d7-sheet1-R14,2026-04-20,daegu-city,자치경찰행정과,영커피 대구산격점,제13차 정기회의 개최에 따른 내방객 다과 구입비 지출,80200,032ea3c499e278d7de0cf1d454275a55f9089eabab59fe4104470c64f6a7d624,sheet1:R14,,,
032ea3c499e278d7-sheet1-R15,2026-04-27,daegu-city,자치경찰행정과,장원,자치경찰사무 현안 공유 및 상호 협력을 위한 간담회 경비 지출(위원장),67000,032ea3c499e278d7de0cf1d454275a55f9089eabab59fe4104470c64f6a7d624,sheet1:R15,,,
032ea3c499e278d7-sheet1-R16,2026-04-30,daegu-city,자치경찰행정과,예원생선구이전문점,현안업무 추진 직원 격려 간담회 경비 지출(위원장),32000,032ea3c499e278d7de0cf1d454275a55f9089eabab59fe4104470c64f6a7d624,sheet1:R16,,,
032ea3c499e278d7-sheet1-R17,2026-05-06,daegu-city,자치경찰행정과,필마트,위원회 내방객 접대를 위한 다과 구입비 지출(위원장),250000,032ea3c499e278d7de0cf1d454275a55f9089eabab59fe4104470c64f6a7d624,sheet1:R17,,,
032ea3c499e278d7-sheet1-R18,2026-05-11,daegu-city,자치경찰행정과,영커피 대구산격점,제16차 정기회의 개최에 따른 내방객 다과 구입비 지출,87000,032ea3c499e278d7de0cf1d454275a55f9089eabab59fe4104470c64f6a7d624,sheet1:R18,,,
032ea3c499e278d7-sheet1-R19,2026-05-11,daegu-city,자치경찰행정과,정갈한밥상술상,현안업무 추진 직원 격려 간담회 경비 지출(위원장),80000,032ea3c499e278d7de0cf1d454275a55f9089eabab59fe4104470c64f6a7d624,sheet1:R19,,,
032ea3c499e278d7-sheet1-R20,2026-05-12,daegu-city,자치경찰행정과,용궁복어,현안업무 추진 직원 격려 간담회 경비 지출(위원장),95000,032ea3c499e278d7de0cf1d454275a55f9089eabab59fe4104470c64f6a7d624,sheet1:R20,,,
032ea3c499e278d7-sheet1-R21,2026-05-15,daegu-city,자치경찰행정과,곤드레참숯구이 외 1개소,치안 관련 현안 공유 및 대책 논의를 위한 간담회 경비 지출(위원장),116500,032ea3c499e278d7de0cf1d454275a55f9089eabab59fe4104470c64f6a7d624,sheet1:R21,,,
032ea3c499e278d7-sheet1-R22,2026-05-16,daegu-city,자치경찰행정과,숯불고등어 성서다사점,자치경찰사무 현안 공유 및 논의를 위한 간담회 경비 지출(위원장),40000,032ea3c499e278d7de0cf1d454275a55f9089eabab59fe4104470c64f6a7d624,sheet1:R22,,,
032ea3c499e278d7-sheet1-R23,2026-05-19,daegu-city,자치경찰행정과,장원한식,자치경찰사무 현안 공유 및 상호 협력을 위한 간담회 경비 지출(위원장),136000,032ea3c499e278d7de0cf1d454275a55f9089eabab59fe4104470c64f6a7d624,sheet1:R23,,,
032ea3c499e278d7-sheet1-R24,2026-05-20,daegu-city,자치경찰행정과,장원,현안업무 추진 직원 격려 간담회 경비 지출(위원장),480000,032ea3c499e278d7de0cf1d454275a55f9089eabab59fe4104470c64f6a7d624,sheet1:R24,,,
032ea3c499e278d7-sheet1-R25,2026-05-27,daegu-city,자치경찰행정과,유가정,현안업무 추진 직원 격려 간담회 경비 지출(위원장),52000,032ea3c499e278d7de0cf1d454275a55f9089eabab59fe4104470c64f6a7d624,sheet1:R25,,,
032ea3c499e278d7-sheet1-R26,2026-05-29,daegu-city,자치경찰행정과,장원,자치경찰사무 현안 공유 및 논의를 위한 간담회 경비 지출(위원장),85000,032ea3c499e278d7de0cf1d454275a55f9089eabab59fe4104470c64f6a7d624,sheet1:R26,,,
032ea3c499e278d7-sheet1-R27,2026-06-09,daegu-city,자치경찰행정과,유가정,현안업무 추진 직원 격려 간담회 경비 지출(위원장),64000,032ea3c499e278d7de0cf1d454275a55f9089eabab59fe4104470c64f6a7d624,sheet1:R27,,,
032ea3c499e278d7-sheet1-R28,2026-06-10,daegu-city,자치경찰행정과,유가정,현안업무 추진 직원 격려 간담회 경비 지출(위원장),52000,032ea3c499e278d7de0cf1d454275a55f9089eabab59fe4104470c64f6a7d624,sheet1:R28,,,
032ea3c499e278d7-sheet1-R29,2026-06-11,daegu-city,자치경찰행정과,장원,자치경찰사무 현안 공유 및 논의를 위한 간담회 경비 지출(위원장),300000,032ea3c499e278d7de0cf1d454275a55f9089eabab59fe4104470c64f6a7d624,sheet1:R29,,,
032ea3c499e278d7-sheet1-R30,2026-06-11,daegu-city,자치경찰행정과,미래유통,위원회 내방객 접대를 위한 원두커피 구입비 지출,200000,032ea3c499e278d7de0cf1d454275a55f9089eabab59fe4104470c64f6a7d624,sheet1:R30,,,
032ea3c499e278d7-sheet1-R31,2026-06-15,daegu-city,자치경찰행정과,장원,자치경찰사무 현안 공유 및 상호협력 방안 논의를 위한 간담회 경비 지출(위원장),187000,032ea3c499e278d7de0cf1d454275a55f9089eabab59fe4104470c64f6a7d624,sheet1:R31,,,
032ea3c499e278d7-sheet1-R32,2026-06-15,daegu-city,자치경찰행정과,금돈가,대구-제주 간 교통분야 유관기관 업무협의 간담회 경비 지출(위원장),95000,032ea3c499e278d7de0cf1d454275a55f9089eabab59fe4104470c64f6a7d624,sheet1:R32,,,
032ea3c499e278d7-sheet1-R33,2026-06-17,daegu-city,자치경찰행정과,유가정,현안업무 추진 직원 격려 간담회 경비 지출(위원장),87000,032ea3c499e278d7de0cf1d454275a55f9089eabab59fe4104470c64f6a7d624,sheet1:R33,,,
032ea3c499e278d7-sheet1-R34,2026-06-18,daegu-city,자치경찰행정과,대구시청 북카페,제18차 정기회의 개최에 따른 내방객 다과 구입비 지출,81400,032ea3c499e278d7de0cf1d454275a55f9089eabab59fe4104470c64f6a7d624,sheet1:R34,,,
032ea3c499e278d7-sheet1-R35,2026-06-18,daegu-city,자치경찰행정과,침산곤지곤지,현안업무 추진 직원 격려 간담회 경비 지출(위원장),38000,032ea3c499e278d7de0cf1d454275a55f9089eabab59fe4104470c64f6a7d624,sheet1:R35,,,
032ea3c499e278d7-sheet1-R36,2026-06-29,daegu-city,자치경찰행정과,제1능이버섯생국수,2026 치맥페스티벌 안전대책 관련 논의를 위한 간담회 경비 지출,404000,032ea3c499e278d7de0cf1d454275a55f9089eabab59fe4104470c64f6a7d624,sheet1:R36,,,
032ea3c499e278d7-sheet1-R37,2026-06-30,daegu-city,자치경찰행정과,장원 외 1개소,유관기관 자치경찰사무 상호 협력을 위한 간담회 경비 지출(위원장),310500,032ea3c499e278d7de0cf1d454275a55f9089eabab59fe4104470c64f6a7d624,sheet1:R37,,,
032ea3c499e278d7-sheet2-R6,2026-04-02,daegu-city,자치경찰행정과,동림식당,현안업무 추진 직원 격려 간담회 경비 지출(사무국장),52000,032ea3c499e278d7de0cf1d454275a55f9089eabab59fe4104470c64f6a7d624,sheet2:R6,,,
032ea3c499e278d7-sheet2-R7,2026-04-02,daegu-city,자치경찰행정과,아지야과일가게(봉덕점),화상순찰 내실화를 위한 간담회 개최 비용 지출(사무국장),55000,032ea3c499e278d7de0cf1d454275a55f9089eabab59fe4104470c64f6a7d624,sheet2:R7,,,
032ea3c499e278d7-sheet2-R8,2026-04-07,daegu-city,자치경찰행정과,벽강식당,자치경찰사무 현안 공유 및 논의를 위한 간담회 경비 지출(사무국장),144000,032ea3c499e278d7de0cf1d454275a55f9089eabab59fe4104470c64f6a7d624,sheet2:R8,,,
032ea3c499e278d7-sheet2-R9,2026-04-13,daegu-city,자치경찰행정과,필마트,위원회 내방객 접대를 위한 다과 구입비 지출(사무국장),250000,032ea3c499e278d7de0cf1d454275a55f9089eabab59fe4104470c64f6a7d624,sheet2:R9,,,
032ea3c499e278d7-sheet2-R10,2026-04-13,daegu-city,자치경찰행정과,토리랜드,자치경찰사무 현안 공유 및 논의를 위한 간담회 경비 지출(사무국장),298000,032ea3c499e278d7de0cf1d454275a55f9089eabab59fe4104470c64f6a7d624,sheet2:R10,,,
032ea3c499e278d7-sheet2-R11,2026-04-22,daegu-city,자치경찰행정과,낭만놀이,자치경찰사무 현안 공유 및 인사협조를 위한 간담회 경비 지출(사무국장),43500,032ea3c499e278d7de0cf1d454275a55f9089eabab59fe4104470c64f6a7d624,sheet2:R11,,,
032ea3c499e278d7-sheet2-R12,2026-04-28,daegu-city,자치경찰행정과,장원,자치경찰사무 관련 현안 공유 및 논의를 위한 간담회 경비 지출(사무국장),119000,032ea3c499e278d7de0cf1d454275a55f9089eabab59fe4104470c64f6a7d624,sheet2:R12,,,
032ea3c499e278d7-sheet2-R13,2026-04-30,daegu-city,자치경찰행정과,장원 외 1개소,자치경찰사무 현안 공유 및 논의를 위한 간담회 경비 지출(사무국장),196500,032ea3c499e278d7de0cf1d454275a55f9089eabab59fe4104470c64f6a7d624,sheet2:R13,,,
032ea3c499e278d7-sheet2-R14,2026-05-07,daegu-city,자치경찰행정과,한우정,현안업무 추진 직원 격려 간담회 경비 지출(사무국장),52000,032ea3c499e278d7de0cf1d454275a55f9089eabab59fe4104470c64f6a7d624,sheet2:R14,,,
032ea3c499e278d7-sheet2-R15,2026-05-14,daegu-city,자치경찰행정과,유림식당,현안업무 추진 직원 격려 간담회 경비 지출(사무국장),157500,032ea3c499e278d7de0cf1d454275a55f9089eabab59fe4104470c64f6a7d624,sheet2:R15,,,
032ea3c499e278d7-sheet2-R16,2026-05-19,daegu-city,자치경찰행정과,방어진참가자미,자치경찰사무 현안 공유 및 업무 협의를 위한 간담회 경비 지출(사무국장),185000,032ea3c499e278d7de0cf1d454275a55f9089eabab59fe4104470c64f6a7d624,sheet2:R16,,,
032ea3c499e278d7-sheet2-R17,2026-05-26,daegu-city,자치경찰행정과,유가정,현안업무 추진 직원 격려 간담회 경비 지출(사무국장),48000,032ea3c499e278d7de0cf1d454275a55f9089eabab59fe4104470c64f6a7d624,sheet2:R17,,,
032ea3c499e278d7-sheet2-R18,2026-05-28,daegu-city,자치경찰행정과,시골풍경칼국수,현안업무 추진 직원 격려 간담회 경비 지출(사무국장),68000,032ea3c499e278d7de0cf1d454275a55f9089eabab59fe4104470c64f6a7d624,sheet2:R18,,,
032ea3c499e278d7-sheet2-R19,2026-06-04,daegu-city,자치경찰행정과,와촌식육식당,현안업무 추진 직원 격려 간담회 경비 지출(사무국장),57000,032ea3c499e278d7de0cf1d454275a55f9089eabab59fe4104470c64f6a7d624,sheet2:R19,,,
032ea3c499e278d7-sheet2-R20,2026-06-08,daegu-city,자치경찰행정과,남원골추어탕,현안업무 추진 직원 격려 간담회 경비 지출(사무국장),46000,032ea3c499e278d7de0cf1d454275a55f9089eabab59fe4104470c64f6a7d624,sheet2:R20,,,
032ea3c499e278d7-sheet2-R21,2026-06-16,daegu-city,자치경찰행정과,싱싱해싱싱어,현안업무 추진 직원 격려 간담회 경비 지출(사무국장),89000,032ea3c499e278d7de0cf1d454275a55f9089eabab59fe4104470c64f6a7d624,sheet2:R21,,,
032ea3c499e278d7-sheet2-R22,2026-06-17,daegu-city,자치경찰행정과,고미정,현안업무 추진 직원 격려 간담회 경비 지출(사무국장),224000,032ea3c499e278d7de0cf1d454275a55f9089eabab59fe4104470c64f6a7d624,sheet2:R22,,,
032ea3c499e278d7-sheet2-R23,2026-06-24,daegu-city,자치경찰행정과,할매추어탕,현안업무 추진 직원 격려 간담회 경비 지출(사무국장),40000,032ea3c499e278d7de0cf1d454275a55f9089eabab59fe4104470c64f6a7d624,sheet2:R23,,,
032ea3c499e278d7-sheet2-R24,2026-06-25,daegu-city,자치경찰행정과,번개반점,현안업무 추진 직원 격려 간담회 경비 지출(사무국장),224500,032ea3c499e278d7de0cf1d454275a55f9089eabab59fe4104470c64f6a7d624,sheet2:R24,,,
032ea3c499e278d7-sheet2-R25,2026-06-29,daegu-city,자치경찰행정과,가장맛있는족발,자치경찰사무 현안 공유 및 논의를 위한 간담회 경비 지출(사무국장),84000,032ea3c499e278d7de0cf1d454275a55f9089eabab59fe4104470c64f6a7d624,sheet2:R25,,,
032ea3c499e278d7-sheet3-R6,2026-04-01,daegu-city,자치경찰행정과,복호두 침산점,감사 추진 관련 원활한 업무 협조를 위한 다과 구입비 지출,84000,032ea3c499e278d7de0cf1d454275a55f9089eabab59fe4104470c64f6a7d624,sheet3:R6,,,
032ea3c499e278d7-sheet3-R7,2026-04-23,daegu-city,자치경찰행정과,이윽고,자치경찰사무 현안 공유 및 논의를 위한 간담회 경비 지출(과장),112000,032ea3c499e278d7de0cf1d454275a55f9089eabab59fe4104470c64f6a7d624,sheet3:R7,,,
032ea3c499e278d7-sheet3-R8,2026-04-23,daegu-city,자치경찰행정과,삼송빵집 오송역점,위원회 시책 추진 관련 원활한 업무 협조를 위한 다과 구입비 지출(과장),60000,032ea3c499e278d7de0cf1d454275a55f9089eabab59fe4104470c64f6a7d624,sheet3:R8,,,
032ea3c499e278d7-sheet3-R9,2026-04-23,daegu-city,자치경찰행정과,싱싱수산,자치경찰사무 현안 공유 및 논의를 위한 간담회 경비 지출(과장),180000,032ea3c499e278d7de0cf1d454275a55f9089eabab59fe4104470c64f6a7d624,sheet3:R9,,,
a619c09f04635953-sheet1-R4,2026-04-15,daegu-city,문화콘텐츠과,코레일유통주식회사(오송역),신규 국비사업 업무 협의를 위한 다과구입비 지출,100000,a619c09f046359535ed2b26347c6a38336329ed32526baef99793e4dfad6e2d0,sheet1:R4,,,
a619c09f04635953-sheet1-R5,2026-04-21,daegu-city,문화콘텐츠과,마이온룸,뮤지컬 관계자 간담회를 위한 다과구입비 지출,38500,a619c09f046359535ed2b26347c6a38336329ed32526baef99793e4dfad6e2d0,sheet1:R5,,,
a619c09f04635953-sheet1-R6,2026-04-22,daegu-city,문화콘텐츠과,정관장남산점,한중공동제작 오페라 리골레토 공연 관계자 기념품 구매,99000,a619c09f046359535ed2b26347c6a38336329ed32526baef99793e4dfad6e2d0,sheet1:R6,,,
a619c09f04635953-sheet1-R7,2026-04-23,daegu-city,문화콘텐츠과,엄마밥상,대구대표축제 전문가 의견 공유를 위한 회의 개최,220000,a619c09f046359535ed2b26347c6a38336329ed32526baef99793e4dfad6e2d0,sheet1:R7,,,
a619c09f04635953-sheet1-R8,2026-04-30,daegu-city,문화콘텐츠과,수성호텔 포시즌스,2026년 상반기 문화콘텐츠과 체육문화행사에 따른 부서운영업무추진비 지출,160000,a619c09f046359535ed2b26347c6a38336329ed32526baef99793e4dfad6e2d0,sheet1:R8,,,
a619c09f04635953-sheet1-R9,2026-05-12,daegu-city,문화콘텐츠과,냉면장수,뮤지컬 관련 현안업무 협의를 위한 간담회 경비 지출,114000,a619c09f046359535ed2b26347c6a38336329ed32526baef99793e4dfad6e2d0,sheet1:R9,,,
a619c09f04635953-sheet1-R10,2026-05-12,daegu-city,문화콘텐츠과,방가삼대 세종어진점,콘텐츠산업 관련 국비사업 업무 협의를 위한 간담회 경비 지출,48000,a619c09f046359535ed2b26347c6a38336329ed32526baef99793e4dfad6e2d0,sheet1:R10,,,
a619c09f04635953-sheet1-R11,2026-05-12,daegu-city,문화콘텐츠과,요거프레소 세종에비뉴힐점,콘텐츠산업 관련 국비사업 업무 협의를 위한 간담회 경비 지출,15400,a619c09f046359535ed2b26347c6a38336329ed32526baef99793e4dfad6e2d0,sheet1:R11,,,
a619c09f04635953-sheet1-R12,2026-05-13,daegu-city,문화콘텐츠과,브레드 그로브,대구콘텐츠페어 관련 현안업무 협의를 위한 간담회 경비 지출,22100,a619c09f046359535ed2b26347c6a38336329ed32526baef99793e4dfad6e2d0,sheet1:R12,,,
a619c09f04635953-sheet1-R13,2026-05-27,daegu-city,문화콘텐츠과,카페라떼,대구국제뮤지컬페스티벌 유관기관 회의에 따른 다과 구입,80000,a619c09f046359535ed2b26347c6a38336329ed32526baef99793e4dfad6e2d0,sheet1:R13,,,
a619c09f04635953-sheet1-R14,2026-06-09,daegu-city,문화콘텐츠과,온솥,대구글로벌웹툰센터 관련 현안업무 협의를 위한 간담회 경비 지출,64000,a619c09f046359535ed2b26347c6a38336329ed32526baef99793e4dfad6e2d0,sheet1:R14,,,
a619c09f04635953-sheet1-R15,2026-06-16,daegu-city,문화콘텐츠과,(주)코레일유통 삼송빵집,공연산업 육성 업무 협의를 위한 다과구입비 지출,45900,a619c09f046359535ed2b26347c6a38336329ed32526baef99793e4dfad6e2d0,sheet1:R15,,,
a619c09f04635953-sheet1-R16,2026-06-19,daegu-city,문화콘텐츠과,오케이마트,직원들의 사기 진작을 위한 부서 음료 및 다과 구입,100000,a619c09f046359535ed2b26347c6a38336329ed32526baef99793e4dfad6e2d0,sheet1:R16,,,
330bc7a6610963ef-sheet1-R6,2026-01-09,daegu-city,시설안전과,신영웅청국장 해물뚝배기,주요시책 관련 간담회 경비 지출(시설물 유지 관리 관련 협의),160000,330bc7a6610963ef3d88a14f352322d30dd9323170572bc9cd3d9567041405b8,sheet1:R6,,,
330bc7a6610963ef-sheet1-R7,2026-01-30,daegu-city,시설안전과,대도뒷고기,주요시책 관련 간담회 경비 지출(시설물 유지 관리 관련 협의),192000,330bc7a6610963ef3d88a14f352322d30dd9323170572bc9cd3d9567041405b8,sheet1:R7,,,
330bc7a6610963ef-sheet1-R8,2026-02-23,daegu-city,시설안전과,"벽강식당, 투썸플레이스",주요시책 관련 간담회 경비 지출(시설물 유지 관리 관련 협의),225700,330bc7a6610963ef3d88a14f352322d30dd9323170572bc9cd3d9567041405b8,sheet1:R8,,,
330bc7a6610963ef-sheet1-R9,2026-02-24,daegu-city,시설안전과,식도관한우숯불갈비,주요시책 관련 간담회 경비 지출(시설물 유지 관리 관련 협의),198000,330bc7a6610963ef3d88a14f352322d30dd9323170572bc9cd3d9567041405b8,sheet1:R9,,,
6f0d9f95087c64c8-sheet1-R4,2026-04-09,daegu-city,산단진흥과,소담뜰,산업단지 화재예방 관련 간담회 경비 지출,175000,6f0d9f95087c64c86eb25aa412fc2ae32e5d752ba52110dd4813171c648dacd4,sheet1:R4,,,
6f0d9f95087c64c8-sheet1-R5,2026-04-10,daegu-city,산단진흥과,소애뜰,산업단지 안전관리 협력방안 관련 간담회 경비 지출,228000,6f0d9f95087c64c86eb25aa412fc2ae32e5d752ba52110dd4813171c648dacd4,sheet1:R5,,,
6f0d9f95087c64c8-sheet1-R6,2026-04-15,daegu-city,산단진흥과,핸즈커피성북교점,제3산업단지 내 기업﻿·근로자 지원시설 현장방문 및 운영계획 청취를 위한 다과 구입비 지출,90000,6f0d9f95087c64c86eb25aa412fc2ae32e5d752ba52110dd4813171c648dacd4,sheet1:R6,,,
6f0d9f95087c64c8-sheet1-R7,2026-04-15,daegu-city,산단진흥과,수운재외 1,기업근로자 지원시설 운영 활성화 간담회 경비 지출,238600,6f0d9f95087c64c86eb25aa412fc2ae32e5d752ba52110dd4813171c648dacd4,sheet1:R7,,,
6f0d9f95087c64c8-sheet1-R8,2026-04-16,daegu-city,산단진흥과,1703참한집 침산점,산업단지내 투자애로 관련 업무협의 간담회 경비 지출,232000,6f0d9f95087c64c86eb25aa412fc2ae32e5d752ba52110dd4813171c648dacd4,sheet1:R8,,,
6f0d9f95087c64c8-sheet1-R9,2026-04-21,daegu-city,산단진흥과,핸즈커피성북교점,전략환경영향평가 협의를 위한 관계기관 방문에 따른 경비 지출,64900,6f0d9f95087c64c86eb25aa412fc2ae32e5d752ba52110dd4813171c648dacd4,sheet1:R9,,,
6f0d9f95087c64c8-sheet1-R10,2026-04-30,daegu-city,산단진흥과,창미고깃집,제3산단 사업 관련 간담회 경비 지출,164000,6f0d9f95087c64c86eb25aa412fc2ae32e5d752ba52110dd4813171c648dacd4,sheet1:R10,,,
6f0d9f95087c64c8-sheet1-R11,2026-05-18,daegu-city,산단진흥과,RULLY COFFEE,업무추진을 위한 중앙부처 방문 기념품 구입비 지출,30000,6f0d9f95087c64c86eb25aa412fc2ae32e5d752ba52110dd4813171c648dacd4,sheet1:R11,,,
6f0d9f95087c64c8-sheet1-R12,2026-05-20,daegu-city,산단진흥과,도심회관식당외 1,신규 국가산단 조성 관련 간담회 경비 지출,257100,6f0d9f95087c64c86eb25aa412fc2ae32e5d752ba52110dd4813171c648dacd4,sheet1:R12,,,
6f0d9f95087c64c8-sheet1-R13,2026-05-26,daegu-city,산단진흥과,포베트21,제3산단 기업지원시설 활성화를 위한 간담회 경비 지출,100800,6f0d9f95087c64c86eb25aa412fc2ae32e5d752ba52110dd4813171c648dacd4,sheet1:R13,,,
6f0d9f95087c64c8-sheet1-R14,2026-05-27,daegu-city,산단진흥과,더덕고을,산업단지 관리 및 분양 협력을 위한 간담회 경비 지출,132000,6f0d9f95087c64c86eb25aa412fc2ae32e5d752ba52110dd4813171c648dacd4,sheet1:R14,,,
6f0d9f95087c64c8-sheet1-R15,2026-06-04,daegu-city,산단진흥과,팔팔탑(88TOP),노후거점산단지구 공모준비 관련 간담회 경비 지출,273000,6f0d9f95087c64c86eb25aa412fc2ae32e5d752ba52110dd4813171c648dacd4,sheet1:R15,,,
6f0d9f95087c64c8-sheet1-R16,2026-06-22,daegu-city,산단진흥과,나이스마트 도청점,대구국가산업단지 2단계 산업시설용지 공급 산업입지심의회 개최에 따른 경비 지출,147750,6f0d9f95087c64c86eb25aa412fc2ae32e5d752ba52110dd4813171c648dacd4,sheet1:R16,,,
6f0d9f95087c64c8-sheet1-R17,2026-06-23,daegu-city,산단진흥과,파스쿠찌 세종베스트웨스턴호텔점,2027년도 노후거점산업단지 경쟁력강화사업(스마트그린산단) 관련 업무협의 간담회를 위한 다과구입비 지출,108500,6f0d9f95087c64c86eb25aa412fc2ae32e5d752ba52110dd4813171c648dacd4,sheet1:R17,,,
6f0d9f95087c64c8-sheet1-R18,2026-06-24,daegu-city,산단진흥과,나이스마트 도청점,율하산단·금호워터폴리스 산업시설용지 입주기업평가 산업입지심의회 개최에 따른 경비 지출,147630,6f0d9f95087c64c86eb25aa412fc2ae32e5d752ba52110dd4813171c648dacd4,sheet1:R18,,,
c26ea9498ecc0e60-sheet1-R6,2026-05-22,daegu-city,신천개발과,대접쌈밥,주요시책 간담회 경비 지출,95000,c26ea9498ecc0e602194b2b87e0c79f47a83fc5c255b7b5d57a5fe598729d4aa,sheet1:R6,,,
c26ea9498ecc0e60-sheet1-R7,2026-05-29,daegu-city,신천개발과,팔공산엄마밥상,주요시책 간담회 경비 지출,265000,c26ea9498ecc0e602194b2b87e0c79f47a83fc5c255b7b5d57a5fe598729d4aa,sheet1:R7,,,
c26ea9498ecc0e60-sheet1-R8,2026-06-18,daegu-city,신천개발과,파리바게트 대구신세계점,신천 시민지킴이단 캠페인 실시에 따른 다과비 지출,450000,c26ea9498ecc0e602194b2b87e0c79f47a83fc5c255b7b5d57a5fe598729d4aa,sheet1:R8,,,
e5ed9b6eb7404236-sheet1-R6,2026-04-03,daegu-city,자치경찰정책과,하나해물탕,자치경찰사무 현안 업무 논의를 위한 간담회 경비 지출,34000,e5ed9b6eb740423690b4314762b5df442e32232e5856a1c2ab85cd43c572cc4a,sheet1:R6,,,
e5ed9b6eb7404236-sheet1-R7,2026-04-07,daegu-city,자치경찰정책과,화닝꽝린,2026년 범죄예방 환경개선(CPTED) 관련 간담회 경비 지출,72500,e5ed9b6eb740423690b4314762b5df442e32232e5856a1c2ab85cd43c572cc4a,sheet1:R7,,,
e5ed9b6eb7404236-sheet1-R8,2026-04-16,daegu-city,자치경찰정책과,핸썸커피,공사장 통학로 어린이 안전대책 회의 개최에 따른 내방객 다과 구입비 지출,49500,e5ed9b6eb740423690b4314762b5df442e32232e5856a1c2ab85cd43c572cc4a,sheet1:R8,,,
e5ed9b6eb7404236-sheet1-R9,2026-04-17,daegu-city,자치경찰정책과,하나해물탕,자치경찰사무 예산 현안 공유 및 상호 협력을 위한 간담회 경비 지출,97000,e5ed9b6eb740423690b4314762b5df442e32232e5856a1c2ab85cd43c572cc4a,sheet1:R9,,,
e5ed9b6eb7404236-sheet1-R10,2026-04-23,daegu-city,자치경찰정책과,방천족발가족,자치경찰사무 현안 공유 및 상호 협력을 위한 간담회 경비 지출,74000,e5ed9b6eb740423690b4314762b5df442e32232e5856a1c2ab85cd43c572cc4a,sheet1:R10,,,
e5ed9b6eb7404236-sheet1-R11,2026-05-08,daegu-city,자치경찰정책과,통큰회물회,자치경찰사무 현안 공유 및 상호 협력을 위한 간담회 경비 지출,111000,e5ed9b6eb740423690b4314762b5df442e32232e5856a1c2ab85cd43c572cc4a,sheet1:R11,,,
e5ed9b6eb7404236-sheet1-R12,2026-05-27,daegu-city,자치경찰정책과,해바라기숯불갈비,자치경찰사무 현안 공유 및 상호 협력을 위한 간담회 경비 지출,107500,e5ed9b6eb740423690b4314762b5df442e32232e5856a1c2ab85cd43c572cc4a,sheet1:R12,,,
e5ed9b6eb7404236-sheet1-R13,2026-06-16,daegu-city,자치경찰정책과,참조은생고기,자치경찰사무 현안 공유 및 논의를 위한 간담회 경비 지출,111000,e5ed9b6eb740423690b4314762b5df442e32232e5856a1c2ab85cd43c572cc4a,sheet1:R13,,,
e5ed9b6eb7404236-sheet1-R14,2026-06-22,daegu-city,자치경찰정책과,막창덕후 대구종로점,자치경찰사무 현안 공유 및 상호 협력을 위한 간담회 경비 지출,75000,e5ed9b6eb740423690b4314762b5df442e32232e5856a1c2ab85cd43c572cc4a,sheet1:R14,,,
e5ed9b6eb7404236-sheet1-R15,2026-06-26,daegu-city,자치경찰정책과,만복이쭈꾸미낙지볶음 수성점,자치경찰사무 현안 공유 및 상호 협력을 위한 간담회 경비 지출,33000,e5ed9b6eb740423690b4314762b5df442e32232e5856a1c2ab85cd43c572cc4a,sheet1:R15,,,
e5ed9b6eb7404236-sheet1-R16,2026-06-26,daegu-city,자치경찰정책과,필마트,우수 자율방범대 및 자율방범대원 현장 방문·포상 관련 간담회 물품 구입 경비 지출,70000,e5ed9b6eb740423690b4314762b5df442e32232e5856a1c2ab85cd43c572cc4a,sheet1:R16,,,
f251095cbdfb55e2-sheet1-R6,2026-04-23,daegu-city,토지정보과,제주반상,지적측량경진대회 업무 관련 간담회 경비 지출,150000,f251095cbdfb55e2bc993e6ffd9ddff1dc35b12d5534b43272566db2f23a06e3,sheet1:R6,,,
2f03625d9ac1e8ae-sheet1-R4,2026-04-30,daegu-city,공항건설지원과,도남식당,현안업무 추진 관련 간담회 경비 지출,150000,2f03625d9ac1e8ae72190efae8ec119f1dda28f43a674fd5b86677ebe3cc7ac5,sheet1:R4,,,
2f03625d9ac1e8ae-sheet1-R5,2026-05-14,daegu-city,공항건설지원과,싱싱해싱싱어,현안업무 추진 관련 간담회 경비 지출,75000,2f03625d9ac1e8ae72190efae8ec119f1dda28f43a674fd5b86677ebe3cc7ac5,sheet1:R5,,,
82b335c210b75367-sheet1-R3,2026-04-07,daegu-city,산림녹지관리과,채미정,산림재난업무 추진 간담회 경비 지출,75000,82b335c210b75367a54e6d06e6cf51b6f18b8ad6b6ffefac79cf0a9c9718efea,sheet1:R3,,,
82b335c210b75367-sheet1-R4,2026-04-17,daegu-city,산림녹지관리과,은행나무,산림재난업무 추진 간담회 경비 지출,128000,82b335c210b75367a54e6d06e6cf51b6f18b8ad6b6ffefac79cf0a9c9718efea,sheet1:R4,,,
c031ad3936a22aac-sheet1-R6,2026-05-27,daegu-city,상수도사업본부 중남부사업소,개인(성명 비공개),직원 경조사비 지출,50000,c031ad3936a22aaca39b5ded2a5c6ddf51fe1ef0e796ee766631da3b828883c7,sheet1:R6,,,
421fbba4cfe039e8-sheet1-R6,2026-05-09,daegu-city,정책기획관,개인(성명 비공개),직원 경조사비,50000,421fbba4cfe039e8a1b5ca0a5a53da7af73db57533f30a0a05e9f9550cbd0a68,sheet1:R6,,,
421fbba4cfe039e8-sheet1-R7,2026-05-10,daegu-city,정책기획관,개인(성명 비공개),직원 경조사비,50000,421fbba4cfe039e8a1b5ca0a5a53da7af73db57533f30a0a05e9f9550cbd0a68,sheet1:R7,,,
421fbba4cfe039e8-sheet1-R12,2026-05-06,daegu-city,정책기획관,성주숯불갈비식당,시정 홍보를 위한 언론 관계자 간담회 경비 지출,193000,421fbba4cfe039e8a1b5ca0a5a53da7af73db57533f30a0a05e9f9550cbd0a68,sheet1:R12,,,
421fbba4cfe039e8-sheet1-R13,2026-05-06,daegu-city,정책기획관,산,시정현안 업무 협의를 위한 간담회 경비 지출,473000,421fbba4cfe039e8a1b5ca0a5a53da7af73db57533f30a0a05e9f9550cbd0a68,sheet1:R13,,,
421fbba4cfe039e8-sheet1-R14,2026-05-11,daegu-city,정책기획관,침산곤지곤지,시정현안 업무 협의를 위한 간담회 경비 지출,130000,421fbba4cfe039e8a1b5ca0a5a53da7af73db57533f30a0a05e9f9550cbd0a68,sheet1:R14,,,
421fbba4cfe039e8-sheet1-R15,2026-05-12,daegu-city,정책기획관,장원,시정현안 업무 협의를 위한 간담회 경비 지출,204000,421fbba4cfe039e8a1b5ca0a5a53da7af73db57533f30a0a05e9f9550cbd0a68,sheet1:R15,,,
421fbba4cfe039e8-sheet1-R16,2026-05-12,daegu-city,정책기획관,미성회초밥,시정현안 업무 협의를 위한 간담회 경비 지출,246000,421fbba4cfe039e8a1b5ca0a5a53da7af73db57533f30a0a05e9f9550cbd0a68,sheet1:R16,,,
421fbba4cfe039e8-sheet1-R17,2026-05-13,daegu-city,정책기획관,어전,시정 홍보를 위한 언론 관계자 간담회 경비 지출,390000,421fbba4cfe039e8a1b5ca0a5a53da7af73db57533f30a0a05e9f9550cbd0a68,sheet1:R17,,,
421fbba4cfe039e8-sheet1-R18,2026-05-14,daegu-city,정책기획관,청정한우숯불식육식당,중앙과 지방의 업무 협조를 위한 간담회 경비 지출,421000,421fbba4cfe039e8a1b5ca0a5a53da7af73db57533f30a0a05e9f9550cbd0a68,sheet1:R18,,,
421fbba4cfe039e8-sheet1-R19,2026-05-14,daegu-city,정책기획관,공주당베이커리,중앙과 지방의 업무 협조를 위한 간담회 다과 구입비 지출,45000,421fbba4cfe039e8a1b5ca0a5a53da7af73db57533f30a0a05e9f9550cbd0a68,sheet1:R19,,,
421fbba4cfe039e8-sheet1-R20,2026-05-18,daegu-city,정책기획관,해정,직원 격려를 위한 간담회 경비 지출,100000,421fbba4cfe039e8a1b5ca0a5a53da7af73db57533f30a0a05e9f9550cbd0a68,sheet1:R20,,,
421fbba4cfe039e8-sheet1-R21,2026-05-19,daegu-city,정책기획관,장원,시정현안 업무 협의를 위한 간담회 경비 지출,119000,421fbba4cfe039e8a1b5ca0a5a53da7af73db57533f30a0a05e9f9550cbd0a68,sheet1:R21,,,
421fbba4cfe039e8-sheet1-R22,2026-05-20,daegu-city,정책기획관,만장식당,직원 격려를 위한 간담회 경비 지출,237000,421fbba4cfe039e8a1b5ca0a5a53da7af73db57533f30a0a05e9f9550cbd0a68,sheet1:R22,,,
421fbba4cfe039e8-sheet1-R23,2026-05-20,daegu-city,정책기획관,"서울복어식당, 투썸플레이스",직원 격려를 위한 간담회 경비 지출,128600,421fbba4cfe039e8a1b5ca0a5a53da7af73db57533f30a0a05e9f9550cbd0a68,sheet1:R23,,,
421fbba4cfe039e8-sheet1-R24,2026-05-21,daegu-city,정책기획관,정우초밥,시정현안 업무 협의를 위한 간담회 경비 지출,90000,421fbba4cfe039e8a1b5ca0a5a53da7af73db57533f30a0a05e9f9550cbd0a68,sheet1:R24,,,
421fbba4cfe039e8-sheet1-R25,2026-05-21,daegu-city,정책기획관,송군노양,시정 홍보를 위한 언론 관계자 간담회 경비 지출,299000,421fbba4cfe039e8a1b5ca0a5a53da7af73db57533f30a0a05e9f9550cbd0a68,sheet1:R25,,,
421fbba4cfe039e8-sheet1-R26,2026-05-22,daegu-city,정책기획관,샤브쌈주머니 세종ak어진점,직원 격려를 위한 간담회 경비 지출,75600,421fbba4cfe039e8a1b5ca0a5a53da7af73db57533f30a0a05e9f9550cbd0a68,sheet1:R26,,,
421fbba4cfe039e8-sheet2-R6,2026-05-09,daegu-city,정책기획관,개인(성명 비공개),직원 경조사비,50000,421fbba4cfe039e8a1b5ca0a5a53da7af73db57533f30a0a05e9f9550cbd0a68,sheet2:R6,,,
421fbba4cfe039e8-sheet2-R11,2026-05-11,daegu-city,정책기획관,상구네돼지구이,조직관리 업무 협의를 위한 간담회 경비 지출,425800,421fbba4cfe039e8a1b5ca0a5a53da7af73db57533f30a0a05e9f9550cbd0a68,sheet2:R11,,,
421fbba4cfe039e8-sheet2-R12,2026-05-22,daegu-city,정책기획관,범어생고기,시정 홍보를 위한 언론 관계자 간담회 경비 지출,195000,421fbba4cfe039e8a1b5ca0a5a53da7af73db57533f30a0a05e9f9550cbd0a68,sheet2:R12,,,
421fbba4cfe039e8-sheet2-R13,2026-05-26,daegu-city,정책기획관,고기9단 침산점,시정현안 업무 협의를 위한 간담회 경비 지출,78000,421fbba4cfe039e8a1b5ca0a5a53da7af73db57533f30a0a05e9f9550cbd0a68,sheet2:R13,,,
421fbba4cfe039e8-sheet2-R14,2026-05-26,daegu-city,정책기획관,봉산동생고기집 침산점,직원 격려를 위한 간담회 경비 지출,480000,421fbba4cfe039e8a1b5ca0a5a53da7af73db57533f30a0a05e9f9550cbd0a68,sheet2:R14,,,
983081a730593b7c-sheet1-R3,2026-05-04,daegu-city,매곡정수사업소,강창장어,시책업무 추진 및 에너지(전력) 사용 효율 증대를 위한 간담회 경비 지출,295000,983081a730593b7c9ce723f05381fbeff017b81a6472556529b563b67c9e2d5f,sheet1:R3,,,
983081a730593b7c-sheet1-R4,2026-05-20,daegu-city,매곡정수사업소,소장 노창학,부조금 지출,50000,983081a730593b7c9ce723f05381fbeff017b81a6472556529b563b67c9e2d5f,sheet1:R4,,,
983081a730593b7c-sheet1-R5,2026-05-28,daegu-city,매곡정수사업소,소장 노창학,축의금 지출,50000,983081a730593b7c9ce723f05381fbeff017b81a6472556529b563b67c9e2d5f,sheet1:R5,,,
2b8123aa31e172a5-sheet1-R8,2026-05-06,daegu-city,상수도 사업본부,개인(성명 비공개),경조사 비용 지출,150000,2b8123aa31e172a5339c1f7d719ffa063df4c9d99592e864d5175a380603532b,sheet1:R8,583eabca68398c39fbbf479aee239702a6671930a7834d94196a6dc7f4b162df:sheet1:R8,,
2b8123aa31e172a5-sheet1-R9,2026-05-12,daegu-city,상수도 사업본부,개인(성명 비공개),경조사 비용 지출,250000,2b8123aa31e172a5339c1f7d719ffa063df4c9d99592e864d5175a380603532b,sheet1:R9,,,
2b8123aa31e172a5-sheet1-R10,2026-05-27,daegu-city,상수도 사업본부,개인(성명 비공개),경조사 비용 지출,100000,2b8123aa31e172a5339c1f7d719ffa063df4c9d99592e864d5175a380603532b,sheet1:R10,583eabca68398c39fbbf479aee239702a6671930a7834d94196a6dc7f4b162df:sheet1:R10,,
2b8123aa31e172a5-sheet2-R8,2026-05-04,daegu-city,상수도 사업본부,요바나시,본부 시책사업 협의 관련 간담회 비용 지출,139300,2b8123aa31e172a5339c1f7d719ffa063df4c9d99592e864d5175a380603532b,sheet2:R8,,,
2b8123aa31e172a5-sheet2-R9,2026-05-07,daegu-city,상수도 사업본부,정강희두부마을 외 1,수돗물평가위원회 수질검사 및 조사활동 참가자 오찬 제공,187000,2b8123aa31e172a5339c1f7d719ffa063df4c9d99592e864d5175a380603532b,sheet2:R9,,,
2b8123aa31e172a5-sheet2-R10,2026-05-15,daegu-city,상수도 사업본부,성주숯불갈비,본부 시책사업 협의 관련 간담회 비용 지출,300000,2b8123aa31e172a5339c1f7d719ffa063df4c9d99592e864d5175a380603532b,sheet2:R10,,,
2b8123aa31e172a5-sheet2-R11,2026-05-19,daegu-city,상수도 사업본부,동곡윤송손칼국수,본부 시책사업 협의 관련 간담회 비용 지출,144000,2b8123aa31e172a5339c1f7d719ffa063df4c9d99592e864d5175a380603532b,sheet2:R11,,,
2b8123aa31e172a5-sheet2-R12,2026-05-21,daegu-city,상수도 사업본부,라꾸엔,본부 시책사업 협의 관련 간담회 비용 지출,171000,2b8123aa31e172a5339c1f7d719ffa063df4c9d99592e864d5175a380603532b,sheet2:R12,,,
2b8123aa31e172a5-sheet2-R13,2026-05-21,daegu-city,상수도 사업본부,삼수장어,수돗물평가위원회 정기회의 참가자 오찬 제공,475000,2b8123aa31e172a5339c1f7d719ffa063df4c9d99592e864d5175a380603532b,sheet2:R13,,,
2b8123aa31e172a5-sheet2-R14,2026-05-27,daegu-city,상수도 사업본부,조이아 외 1,본부 시책사업 협의 관련 간담회 비용 지출,102500,2b8123aa31e172a5339c1f7d719ffa063df4c9d99592e864d5175a380603532b,sheet2:R14,,,
2b8123aa31e172a5-sheet2-R15,2026-05-28,daegu-city,상수도 사업본부,삼수장어,본부 시책사업 협의 관련 간담회 비용 지출,272000,2b8123aa31e172a5339c1f7d719ffa063df4c9d99592e864d5175a380603532b,sheet2:R15,,,
2b8123aa31e172a5-sheet2-R16,2026-05-28,daegu-city,상수도 사업본부,우사랑한우마을,본부 시책사업 협의 관련 간담회 비용 지출,360000,2b8123aa31e172a5339c1f7d719ffa063df4c9d99592e864d5175a380603532b,sheet2:R16,,,
f7254103b7b89521-sheet1-R5,2026-05-06,daegu-city,대학정책국장,찹찹찹,직원 격려 간담회 경비 지출,81500,f7254103b7b8952124f4a5ea4e4f3156d395a120e485691870967c57d19580cb,sheet1:R5,,,
f7254103b7b89521-sheet1-R6,2026-05-06,daegu-city,대학정책국장,봉산동 생고기집,현안업무 추진 관련 간담회 경비 지출,130000,f7254103b7b8952124f4a5ea4e4f3156d395a120e485691870967c57d19580cb,sheet1:R6,,,
f7254103b7b89521-sheet1-R7,2026-05-27,daegu-city,대학정책국장,느티나무식당 등,직원 격려 간담회 경비 지출,238300,f7254103b7b8952124f4a5ea4e4f3156d395a120e485691870967c57d19580cb,sheet1:R7,,,
f7254103b7b89521-sheet1-R8,2026-05-28,daegu-city,대학정책국장,조르지오 피렌체,현안업무 추진 관련 간담회 경비 지출,144500,f7254103b7b8952124f4a5ea4e4f3156d395a120e485691870967c57d19580cb,sheet1:R8,,,
f7254103b7b89521-sheet2-R5,2026-05-13,daegu-city,대학정책과,마이온룸,5극 3특 공유대학 추진방안 간담회 경비 지출,22000,f7254103b7b8952124f4a5ea4e4f3156d395a120e485691870967c57d19580cb,sheet2:R5,,,
1b10ee9ed9a5824c-sheet1-R5,2026-05-22,daegu-city,농업기술센터,백세삼계탕,2026년 대구농업인 한마음대회 1차 추진위원회의 참석자 중식제공,169000,1b10ee9ed9a5824c7919df392c3da80a9d4e728b4fa66e404553457774336430,sheet1:R5,,,
affbe101c97574e7-sheet1-R6,2026-05-28,daegu-city,택시물류과,정원한우갈비,법인택시 평가업무 관련 간담회 경비 지출(수정),142400,affbe101c97574e7e143b796014708004a20ef11100190e611842281a412bf92,sheet1:R6,,,
affbe101c97574e7-sheet1-R7,2026-05-20,daegu-city,택시물류과,식도락 제주육돈,택시물류정책 추진을 위한 간담회 경비 지출,314000,affbe101c97574e7e143b796014708004a20ef11100190e611842281a412bf92,sheet1:R7,,,
affbe101c97574e7-sheet1-R8,2026-05-19,daegu-city,택시물류과,호어모아 및 인근카페,나드리콜 업무추진 관련 간담회 경비 지출,250000,affbe101c97574e7e143b796014708004a20ef11100190e611842281a412bf92,sheet1:R8,,,
affbe101c97574e7-sheet1-R9,2026-05-15,daegu-city,택시물류과,미성회초밥,택시 정책 추진을 위한 간담회 경비 지출,168500,affbe101c97574e7e143b796014708004a20ef11100190e611842281a412bf92,sheet1:R9,,,
affbe101c97574e7-sheet1-R10,2026-05-13,daegu-city,택시물류과,탐미육방,택시 노사 의견청취를 위한 간담회 개최에 따른 경비 지출,337800,affbe101c97574e7e143b796014708004a20ef11100190e611842281a412bf92,sheet1:R10,,,
affbe101c97574e7-sheet1-R11,2026-05-08,daegu-city,택시물류과,"황제코다리, 탐앤탐스",택시정책업무 관련 간담회 경비 지출,253700,affbe101c97574e7e143b796014708004a20ef11100190e611842281a412bf92,sheet1:R11,,,
affbe101c97574e7-sheet1-R12,2026-05-07,daegu-city,택시물류과,"남원골추어탕, 태평다원",택시업무 관련 간담회 경비 지출,94000,affbe101c97574e7e143b796014708004a20ef11100190e611842281a412bf92,sheet1:R12,,,
f1757c843db10a68-sheet1-R7,2026-01-28,daegu-city,종합복지회관관리사무소,투썸플레이스 대구가톨릭병원대로점 외 1개소,종합복지회관관리사무소 시책 업무협의 간담회 경비 지출,134800,f1757c843db10a6811a778a1d18b47df8640d94fa0b8744ce49d4dd13ce4c5c0,sheet1:R7,,,
f1757c843db10a68-sheet1-R8,2026-02-10,daegu-city,종합복지회관관리사무소,어물전,종합복지회관관리사무소 시책 업무협의 간담회 경비 지출,156000,f1757c843db10a6811a778a1d18b47df8640d94fa0b8744ce49d4dd13ce4c5c0,sheet1:R8,,,
f1757c843db10a68-sheet1-R9,2026-02-20,daegu-city,종합복지회관관리사무소,현대아울렛 대구점,종합복지회관관리사무소 시책 업무협의 간담회 경비 지출,140000,f1757c843db10a6811a778a1d18b47df8640d94fa0b8744ce49d4dd13ce4c5c0,sheet1:R9,,,
f1757c843db10a68-sheet1-R10,2026-03-09,daegu-city,여성회관,달빛에 구운 고등어 대구칠곡점,대구여성새로일하기센터-강북고용복지+센터 업무 추진 관련 간담회 경비 지출,192000,f1757c843db10a6811a778a1d18b47df8640d94fa0b8744ce49d4dd13ce4c5c0,sheet1:R10,,,
f1757c843db10a68-sheet1-R11,2026-03-25,daegu-city,여성회관,달빛에 구운 고등어 대구칠곡점,자원활동센터 활동 격려 및 운영 관련 간담회 경비 지출,180000,f1757c843db10a6811a778a1d18b47df8640d94fa0b8744ce49d4dd13ce4c5c0,sheet1:R11,,,
f1757c843db10a68-sheet1-R12,2026-02-04,daegu-city,동부여성문화회관,샤브20 대구복현점,심리상담실 간담회 경비 지출(동부여성문화회관)_2.4. 지출,119500,f1757c843db10a6811a778a1d18b47df8640d94fa0b8744ce49d4dd13ce4c5c0,sheet1:R12,,,
f1757c843db10a68-sheet1-R13,2026-02-12,daegu-city,동부여성문화회관,정동진,"문화예술단 간담회 경비 지출(동부여성문화회관, 2.12.카드사용)",115000,f1757c843db10a6811a778a1d18b47df8640d94fa0b8744ce49d4dd13ce4c5c0,sheet1:R13,,,
1008664e87ea45f2-sheet1-R8,2026-04-02,daegu-city,상수도 사업본부,개인(성명 비공개),경조사 비용 지출,150000,1008664e87ea45f262378654555967cab5e4819a4e251a150bb4d6f482f3fc06,sheet1:R8,,,
1008664e87ea45f2-sheet1-R9,2026-04-03,daegu-city,상수도 사업본부,원조김천식당,직원 격려 간담회 경비 지출,45000,1008664e87ea45f262378654555967cab5e4819a4e251a150bb4d6f482f3fc06,sheet1:R9,,,
1008664e87ea45f2-sheet1-R10,2026-04-16,daegu-city,상수도 사업본부,개인(성명 비공개),경조사 비용 지출,100000,1008664e87ea45f262378654555967cab5e4819a4e251a150bb4d6f482f3fc06,sheet1:R10,,,
1008664e87ea45f2-sheet1-R11,2026-04-24,daegu-city,상수도 사업본부,원조어탕,직원 격려 간담회 경비 지출,55000,1008664e87ea45f262378654555967cab5e4819a4e251a150bb4d6f482f3fc06,sheet1:R11,,,
1008664e87ea45f2-sheet1-R12,2026-04-27,daegu-city,상수도 사업본부,개인(성명 비공개),경조사 비용 지출,100000,1008664e87ea45f262378654555967cab5e4819a4e251a150bb4d6f482f3fc06,sheet1:R12,,,
1008664e87ea45f2-sheet2-R8,2026-04-02,daegu-city,상수도 사업본부,정동진 외 1,본부 시책사업 협의 관련 간담회 비용 지출,223700,1008664e87ea45f262378654555967cab5e4819a4e251a150bb4d6f482f3fc06,sheet2:R8,,,
1008664e87ea45f2-sheet2-R9,2026-04-02,daegu-city,상수도 사업본부,정아칼치,본부 시책사업 협의 관련 간담회 비용 지출,71000,1008664e87ea45f262378654555967cab5e4819a4e251a150bb4d6f482f3fc06,sheet2:R9,,,
1008664e87ea45f2-sheet2-R10,2026-04-03,daegu-city,상수도 사업본부,쿠팡,2026년 청라수 서포터즈 발대식 참석자 간식 구입,73140,1008664e87ea45f262378654555967cab5e4819a4e251a150bb4d6f482f3fc06,sheet2:R10,,,
1008664e87ea45f2-sheet2-R11,2026-04-06,daegu-city,상수도 사업본부,모토이시,본부 시책사업 협의 관련 간담회 비용 지출,270800,1008664e87ea45f262378654555967cab5e4819a4e251a150bb4d6f482f3fc06,sheet2:R11,,,
1008664e87ea45f2-sheet2-R12,2026-04-13,daegu-city,상수도 사업본부,이천홍두깨,본부 시책사업 협의 관련 간담회 비용 지출,470000,1008664e87ea45f262378654555967cab5e4819a4e251a150bb4d6f482f3fc06,sheet2:R12,,,
1008664e87ea45f2-sheet2-R13,2026-04-15,daegu-city,상수도 사업본부,라꾸엔,본부 시책사업 협의 관련 간담회 비용 지출,132000,1008664e87ea45f262378654555967cab5e4819a4e251a150bb4d6f482f3fc06,sheet2:R13,,,
1008664e87ea45f2-sheet2-R14,2026-04-23,daegu-city,상수도 사업본부,라꾸엔 외 1,본부 시책사업 협의 관련 간담회 비용 지출,206500,1008664e87ea45f262378654555967cab5e4819a4e251a150bb4d6f482f3fc06,sheet2:R14,,,
1008664e87ea45f2-sheet2-R15,2026-04-30,daegu-city,상수도 사업본부,자인한우촌,본부 시책사업 협의 관련 간담회 비용 지출,300000,1008664e87ea45f262378654555967cab5e4819a4e251a150bb4d6f482f3fc06,sheet2:R15,,,
ac9f41dfae2dc7eb-sheet1-R6,2026-04-09,daegu-city,정책기획관,개인(성명 비공개),직원 경조사비,50000,ac9f41dfae2dc7ebb708404b2d09fda0378d0c7ef3478e9233c4454fc1bb58b9,sheet1:R6,,,
ac9f41dfae2dc7eb-sheet1-R7,2026-04-12,daegu-city,정책기획관,개인(성명 비공개),직원 경조사비,50000,ac9f41dfae2dc7ebb708404b2d09fda0378d0c7ef3478e9233c4454fc1bb58b9,sheet1:R7,,,
ac9f41dfae2dc7eb-sheet1-R12,2026-04-01,daegu-city,정책기획관,회신물회,직원 격려를 위한 간담회 경비 지출,435000,ac9f41dfae2dc7ebb708404b2d09fda0378d0c7ef3478e9233c4454fc1bb58b9,sheet1:R12,,,
ac9f41dfae2dc7eb-sheet1-R13,2026-04-01,daegu-city,정책기획관,녹용식당,시정 홍보를 위한 언론 관계자 간담회 경비 지출,185000,ac9f41dfae2dc7ebb708404b2d09fda0378d0c7ef3478e9233c4454fc1bb58b9,sheet1:R13,,,
ac9f41dfae2dc7eb-sheet1-R14,2026-04-03,daegu-city,정책기획관,조르지오피렌체,시정 홍보를 위한 언론 관계자 간담회 경비 지출,109600,ac9f41dfae2dc7ebb708404b2d09fda0378d0c7ef3478e9233c4454fc1bb58b9,sheet1:R14,,,
ac9f41dfae2dc7eb-sheet1-R15,2026-04-06,daegu-city,정책기획관,방어진참가자미 범어,시정현안 업무 협의를 위한 간담회 경비 지출,215000,ac9f41dfae2dc7ebb708404b2d09fda0378d0c7ef3478e9233c4454fc1bb58b9,sheet1:R15,,,
ac9f41dfae2dc7eb-sheet1-R16,2026-04-06,daegu-city,정책기획관,황소식당,시정 홍보를 위한 언론 관계자 간담회 경비 지출,150000,ac9f41dfae2dc7ebb708404b2d09fda0378d0c7ef3478e9233c4454fc1bb58b9,sheet1:R16,,,
ac9f41dfae2dc7eb-sheet1-R17,2026-04-08,daegu-city,정책기획관,품육,직원 격려를 위한 간담회 경비 지출,360000,ac9f41dfae2dc7ebb708404b2d09fda0378d0c7ef3478e9233c4454fc1bb58b9,sheet1:R17,,,
ac9f41dfae2dc7eb-sheet1-R18,2026-04-13,daegu-city,정책기획관,정동진 횟집,직원 격려를 위한 간담회 경비 지출,216000,ac9f41dfae2dc7ebb708404b2d09fda0378d0c7ef3478e9233c4454fc1bb58b9,sheet1:R18,,,
ac9f41dfae2dc7eb-sheet1-R19,2026-04-13,daegu-city,정책기획관,오쇼,시정현안 업무 협의를 위한 간담회 경비 지출,171800,ac9f41dfae2dc7ebb708404b2d09fda0378d0c7ef3478e9233c4454fc1bb58b9,sheet1:R19,,,
ac9f41dfae2dc7eb-sheet1-R20,2026-04-22,daegu-city,정책기획관,송군노양,시정 홍보를 위한 언론 관계자 간담회 경비 지출,349000,ac9f41dfae2dc7ebb708404b2d09fda0378d0c7ef3478e9233c4454fc1bb58b9,sheet1:R20,,,
ac9f41dfae2dc7eb-sheet1-R21,2026-04-23,daegu-city,정책기획관,로타리식당,시정현안 업무 협의를 위한 간담회 경비 지출,230000,ac9f41dfae2dc7ebb708404b2d09fda0378d0c7ef3478e9233c4454fc1bb58b9,sheet1:R21,,,
ac9f41dfae2dc7eb-sheet1-R22,2026-04-23,daegu-city,정책기획관,감포생밀복,시정 홍보를 위한 언론 관계자 간담회 경비 지출,117000,ac9f41dfae2dc7ebb708404b2d09fda0378d0c7ef3478e9233c4454fc1bb58b9,sheet1:R22,,,
ac9f41dfae2dc7eb-sheet1-R23,2026-04-27,daegu-city,정책기획관,오래된 미래,시정 홍보를 위한 언론 관계자 간담회 경비 지출,345000,ac9f41dfae2dc7ebb708404b2d09fda0378d0c7ef3478e9233c4454fc1bb58b9,sheet1:R23,,,
ac9f41dfae2dc7eb-sheet1-R24,2026-04-28,daegu-city,정책기획관,연암옹심이칼국수,직원 격려를 위한 간담회 경비 지출,116000,ac9f41dfae2dc7ebb708404b2d09fda0378d0c7ef3478e9233c4454fc1bb58b9,sheet1:R24,,,
ac9f41dfae2dc7eb-sheet1-R25,2026-04-28,daegu-city,정책기획관,이조참치,시정현안 업무 협의를 위한 간담회 경비 지출,204000,ac9f41dfae2dc7ebb708404b2d09fda0378d0c7ef3478e9233c4454fc1bb58b9,sheet1:R25,,,
ac9f41dfae2dc7eb-sheet1-R26,2026-04-30,daegu-city,정책기획관,밥상차려주는 집,중앙과 지방의 업무 협조를 위한 간담회 경비 지출,160000,ac9f41dfae2dc7ebb708404b2d09fda0378d0c7ef3478e9233c4454fc1bb58b9,sheet1:R26,,,
ac9f41dfae2dc7eb-sheet1-R27,2026-04-30,daegu-city,정책기획관,로타리식당,시정현안 업무 협의를 위한 간담회 경비 지출,180000,ac9f41dfae2dc7ebb708404b2d09fda0378d0c7ef3478e9233c4454fc1bb58b9,sheet1:R27,,,
ac9f41dfae2dc7eb-sheet2-R11,2026-04-10,daegu-city,정책기획관,이조참치,직원 격려를 위한 간담회 경비 지출,480000,ac9f41dfae2dc7ebb708404b2d09fda0378d0c7ef3478e9233c4454fc1bb58b9,sheet2:R11,,,
ac9f41dfae2dc7eb-sheet2-R12,2026-04-15,daegu-city,정책기획관,온돌방식당,시정현안 업무 협의를 위한 간담회 경비 지출,168000,ac9f41dfae2dc7ebb708404b2d09fda0378d0c7ef3478e9233c4454fc1bb58b9,sheet2:R12,,,
96744b3900ba4464-sheet1-R3,2026-04-06,daegu-city,매곡정수사업소,대성논메기매운탕,시책업무 추진 및 수돗물 홍보를 위한 간담회 경비 지출,137000,96744b3900ba4464b8a0c5d1daca0f832d1bf8a9b6343e3c0eb848725b89819f,sheet1:R3,,,
96744b3900ba4464-sheet1-R4,2026-04-01,daegu-city,매곡정수사업소,"강변풍경,바토플루이르",입상활성탄 재생시설 관련 간담회 경비 지출,204900,96744b3900ba4464b8a0c5d1daca0f832d1bf8a9b6343e3c0eb848725b89819f,sheet1:R4,,,
96744b3900ba4464-sheet1-R5,2026-04-08,daegu-city,매곡정수사업소,필마트다사점,내방접객용 차재료 및 다과 구입,142740,96744b3900ba4464b8a0c5d1daca0f832d1bf8a9b6343e3c0eb848725b89819f,sheet1:R5,,,
19cf8b60fc3f8f0b-sheet1-R6,2026-04-29,daegu-city,택시물류과,순베이크,택시업무관련 간담회 다과비 지출,24200,19cf8b60fc3f8f0bff0cec6077cda9983686ed952f3d7686798deac1c4ffb18a,sheet1:R6,,,
708097ff1877691c-sheet1-R5,2026-04-01,daegu-city,대학정책국장,조르지오 피렌체,현안업무 홍보를 위한 간담회 경비 지출,150000,708097ff1877691c070e7330c456e74b299c31c40975d166e93acf693b07fdf4,sheet1:R5,,,
708097ff1877691c-sheet1-R6,2026-04-02,daegu-city,대학정책국장,강원도집 등,직원 격려 간담회 경비 지출,127700,708097ff1877691c070e7330c456e74b299c31c40975d166e93acf693b07fdf4,sheet1:R6,,,
708097ff1877691c-sheet1-R7,2026-04-07,daegu-city,대학정책국장,상락 등,현안업무 추진 관련 간담회 경비 지출,205400,708097ff1877691c070e7330c456e74b299c31c40975d166e93acf693b07fdf4,sheet1:R7,,,
708097ff1877691c-sheet1-R8,2026-04-08,daegu-city,대학정책국장,용지봉,현안업무 추진 관련 간담회 경비 지출,295000,708097ff1877691c070e7330c456e74b299c31c40975d166e93acf693b07fdf4,sheet1:R8,,,
708097ff1877691c-sheet1-R9,2026-04-09,daegu-city,대학정책국장,샤브엔드 침산점,현안업무 추진 관련 간담회 경비 지출,86700,708097ff1877691c070e7330c456e74b299c31c40975d166e93acf693b07fdf4,sheet1:R9,,,
708097ff1877691c-sheet1-R10,2026-04-15,daegu-city,대학정책국장,차이797 등,현안업무 추진 관련 간담회 경비 지출,132600,708097ff1877691c070e7330c456e74b299c31c40975d166e93acf693b07fdf4,sheet1:R10,,,
708097ff1877691c-sheet1-R11,2026-04-17,daegu-city,대학정책국장,아트리움,현안업무 추진 관련 간담회 경비 지출,224400,708097ff1877691c070e7330c456e74b299c31c40975d166e93acf693b07fdf4,sheet1:R11,,,
708097ff1877691c-sheet1-R12,2026-04-21,daegu-city,대학정책국장,명산가 등,현안업무 추진 관련 간담회 경비 지출,70000,708097ff1877691c070e7330c456e74b299c31c40975d166e93acf693b07fdf4,sheet1:R12,,,
708097ff1877691c-sheet1-R13,2026-04-22,daegu-city,대학정책국장,쁘띠따블,현안업무 추진 관련 간담회 경비 지출,117000,708097ff1877691c070e7330c456e74b299c31c40975d166e93acf693b07fdf4,sheet1:R13,,,
708097ff1877691c-sheet1-R14,2026-04-23,daegu-city,대학정책국장,동해,현안업무 추진 관련 간담회 경비 지출,170000,708097ff1877691c070e7330c456e74b299c31c40975d166e93acf693b07fdf4,sheet1:R14,,,
708097ff1877691c-sheet1-R15,2026-04-27,daegu-city,대학정책국장,명산식당 등,현안업무 추진 관련 간담회 경비 지출,102000,708097ff1877691c070e7330c456e74b299c31c40975d166e93acf693b07fdf4,sheet1:R15,,,
708097ff1877691c-sheet2-R5,2026-04-03,daegu-city,대학정책과,장원 등,초광역 인재양성TF 실무 추진 목적 간담회 경비 지출,158200,708097ff1877691c070e7330c456e74b299c31c40975d166e93acf693b07fdf4,sheet2:R5,,,
708097ff1877691c-sheet2-R6,2026-04-03,daegu-city,대학정책과,동봉,현안업무 홍보를 위한 간담회 경비 지출,148000,708097ff1877691c070e7330c456e74b299c31c40975d166e93acf693b07fdf4,sheet2:R6,,,
a1f2c6f361eec6c0-sheet1-R6,2026-01-12,daegu-city,감사위원회,개인(성명 비공개),직원 경조사비 지출,50000,a1f2c6f361eec6c0916b51b1ecacc0ab625ed959be0a88eabfbb13b70b8b73f0,sheet1:R6,,,
a1f2c6f361eec6c0-sheet1-R7,2026-01-14,daegu-city,감사위원회,뱃머리,소속 직원 격려 간담회 개최,480000,a1f2c6f361eec6c0916b51b1ecacc0ab625ed959be0a88eabfbb13b70b8b73f0,sheet1:R7,,,
a1f2c6f361eec6c0-sheet1-R8,2026-01-27,daegu-city,감사위원회,할매칼국수식당,소속 직원 격려 간담회 경비 지출,279500,a1f2c6f361eec6c0916b51b1ecacc0ab625ed959be0a88eabfbb13b70b8b73f0,sheet1:R8,,,
a1f2c6f361eec6c0-sheet1-R9,2026-01-30,daegu-city,감사위원회,이디야커피대구시청점외 1,의회 업무보고 관련 직원 격려 오찬 경비 지출,232700,a1f2c6f361eec6c0916b51b1ecacc0ab625ed959be0a88eabfbb13b70b8b73f0,sheet1:R9,,,
a1f2c6f361eec6c0-sheet1-R10,2026-02-04,daegu-city,감사위원회,샤브인정,소속직원 격려 간담회 개최,264100,a1f2c6f361eec6c0916b51b1ecacc0ab625ed959be0a88eabfbb13b70b8b73f0,sheet1:R10,,,
a1f2c6f361eec6c0-sheet1-R11,2026-03-19,daegu-city,감사위원회,청송약수삼계탕,소속직원 격려 간담회 개최,440000,a1f2c6f361eec6c0916b51b1ecacc0ab625ed959be0a88eabfbb13b70b8b73f0,sheet1:R11,,,
a1f2c6f361eec6c0-sheet1-R12,2026-03-31,daegu-city,감사위원회,필마트,감사위원회 내방객 접대를 위한 다과 구입비 지출,250000,a1f2c6f361eec6c0916b51b1ecacc0ab625ed959be0a88eabfbb13b70b8b73f0,sheet1:R12,,,
a1f2c6f361eec6c0-sheet2-R6,2026-01-06,daegu-city,감사위원회,(주)이마트칠성점,2026년 정기 재산변동신고 설명회 개최에 따른 다과비 지출,142100,a1f2c6f361eec6c0916b51b1ecacc0ab625ed959be0a88eabfbb13b70b8b73f0,sheet2:R6,,,
a1f2c6f361eec6c0-sheet2-R7,2026-01-16,daegu-city,감사위원회,마이온룸,감사위원회 회의 개최에 따른 다과비 지출,24500,a1f2c6f361eec6c0916b51b1ecacc0ab625ed959be0a88eabfbb13b70b8b73f0,sheet2:R7,,,
a1f2c6f361eec6c0-sheet2-R8,2026-01-20,daegu-city,감사위원회,(주)이마트칠성점,2026년 대구공공시설관리공단 종합감사 실시에 따른 다과 구입,200000,a1f2c6f361eec6c0916b51b1ecacc0ab625ed959be0a88eabfbb13b70b8b73f0,sheet2:R8,,,
a1f2c6f361eec6c0-sheet2-R9,2026-01-22,daegu-city,감사위원회,마이온룸,제12기 시민감사관 위촉식에 따른 다과비 지출,105000,a1f2c6f361eec6c0916b51b1ecacc0ab625ed959be0a88eabfbb13b70b8b73f0,sheet2:R9,,,
a1f2c6f361eec6c0-sheet2-R10,2026-02-27,daegu-city,감사위원회,마이온룸,감사위원회 회의 개최에 따른 다과비 지출,25600,a1f2c6f361eec6c0916b51b1ecacc0ab625ed959be0a88eabfbb13b70b8b73f0,sheet2:R10,,,
a1f2c6f361eec6c0-sheet2-R11,2026-03-05,daegu-city,감사위원회,나이스마트 도청점,2026년 서구 종합감사 실시에 따른 다과 구입,196480,a1f2c6f361eec6c0916b51b1ecacc0ab625ed959be0a88eabfbb13b70b8b73f0,sheet2:R11,,,
a1f2c6f361eec6c0-sheet2-R12,2026-03-13,daegu-city,감사위원회,대백마트 평리점,2026년 서구 종합감사 실시에 따른 다과 구입,77350,a1f2c6f361eec6c0916b51b1ecacc0ab625ed959be0a88eabfbb13b70b8b73f0,sheet2:R12,,,
a1f2c6f361eec6c0-sheet2-R13,2026-03-16,daegu-city,감사위원회,삼원정자참가자미회 물회 생아귀,대구 서구청 종합감사 관련 시민감사관 간담회 개최,165000,a1f2c6f361eec6c0916b51b1ecacc0ab625ed959be0a88eabfbb13b70b8b73f0,sheet2:R13,,,
a1f2c6f361eec6c0-sheet2-R14,2026-03-26,daegu-city,감사위원회,한국결제_A,감사 및 청렴 업무 추진 관계자 간담회 개최,420000,a1f2c6f361eec6c0916b51b1ecacc0ab625ed959be0a88eabfbb13b70b8b73f0,sheet2:R14,,,
a1f2c6f361eec6c0-sheet2-R15,2026-03-31,daegu-city,감사위원회,필마트외 2,청렴퀴즈대회 개최에 따른 다과비 지출,299850,a1f2c6f361eec6c0916b51b1ecacc0ab625ed959be0a88eabfbb13b70b8b73f0,sheet2:R15,,,
dd4c9cbbd0a873d6-sheet1-R6,2026-01-13,daegu-city,건축과,벼락집,현안업무 추진을 위한 간담회 경비 지출,119000,dd4c9cbbd0a873d641b4b82526cf5f2b7365e8ed60abc607540ae31a3f22a930,sheet1:R6,,,
dd4c9cbbd0a873d6-sheet1-R7,2026-01-21,daegu-city,건축과,낙영찜갈비,현안업무 추진을 위한 간담회 경비 지출,186000,dd4c9cbbd0a873d641b4b82526cf5f2b7365e8ed60abc607540ae31a3f22a930,sheet1:R7,,,
dd4c9cbbd0a873d6-sheet1-R8,2026-01-21,daegu-city,건축과,대봉족 침산점,현안업무 추진을 위한 간담회 경비 지출,100000,dd4c9cbbd0a873d641b4b82526cf5f2b7365e8ed60abc607540ae31a3f22a930,sheet1:R8,,,
dd4c9cbbd0a873d6-sheet1-R9,2026-01-27,daegu-city,건축과,침산곤지곤지,현안업무 추진을 위한 간담회 경비 지출,88000,dd4c9cbbd0a873d641b4b82526cf5f2b7365e8ed60abc607540ae31a3f22a930,sheet1:R9,,,
dd4c9cbbd0a873d6-sheet1-R10,2026-01-29,daegu-city,건축과,숨쉬는항아리보쌈,현안업무 추진을 위한 간담회 경비 지출,199000,dd4c9cbbd0a873d641b4b82526cf5f2b7365e8ed60abc607540ae31a3f22a930,sheet1:R10,,,
dd4c9cbbd0a873d6-sheet1-R11,2026-02-27,daegu-city,건축과,영커피 대구산격점,현안업무 회의 개최에 따른 다과 구입,36600,dd4c9cbbd0a873d641b4b82526cf5f2b7365e8ed60abc607540ae31a3f22a930,sheet1:R11,,,
dd4c9cbbd0a873d6-sheet1-R12,2026-03-06,daegu-city,건축과,포항해물탕,현안업무 추진을 위한 간담회 경비 지출,300000,dd4c9cbbd0a873d641b4b82526cf5f2b7365e8ed60abc607540ae31a3f22a930,sheet1:R12,,,
dd4c9cbbd0a873d6-sheet1-R13,2026-03-10,daegu-city,건축과,크리프시크림도넛 동대구역사점,현안업무 회의에 따른 다과 구입,34900,dd4c9cbbd0a873d641b4b82526cf5f2b7365e8ed60abc607540ae31a3f22a930,sheet1:R13,,,
e4b5663075c939e3-sheet1-R3,2026-01-02,daegu-city,언론담당관실,온돌방,직원 격려 간담회 경비 지출,160000,e4b5663075c939e379b0f05f7f6bfb1679ef23ee3ff5194ab91fcb0de10ccf71,sheet1:R3,,,
e4b5663075c939e3-sheet1-R4,2026-01-05,daegu-city,언론담당관실,스타벅스,간담회 및 설명회 제공 다과 구입,138800,e4b5663075c939e379b0f05f7f6bfb1679ef23ee3ff5194ab91fcb0de10ccf71,sheet1:R4,,,
e4b5663075c939e3-sheet1-R5,2026-01-05,daegu-city,언론담당관실,파운드마켓,간담회 및 설명회 제공 다과 구입,217000,e4b5663075c939e379b0f05f7f6bfb1679ef23ee3ff5194ab91fcb0de10ccf71,sheet1:R5,,,
e4b5663075c939e3-sheet1-R6,2026-01-05,daegu-city,언론담당관실,최고집,직원 격려 간담회 경비 지출,90000,e4b5663075c939e379b0f05f7f6bfb1679ef23ee3ff5194ab91fcb0de10ccf71,sheet1:R6,,,
e4b5663075c939e3-sheet1-R7,2026-01-05,daegu-city,언론담당관실,제형면옥,시정현안 관련 홍보 간담회 경비 지출,480000,e4b5663075c939e379b0f05f7f6bfb1679ef23ee3ff5194ab91fcb0de10ccf71,sheet1:R7,,,
e4b5663075c939e3-sheet1-R8,2026-01-05,daegu-city,언론담당관실,한옥집,시정현안 관련 홍보 간담회 경비 지출,134000,e4b5663075c939e379b0f05f7f6bfb1679ef23ee3ff5194ab91fcb0de10ccf71,sheet1:R8,,,
e4b5663075c939e3-sheet1-R9,2026-01-05,daegu-city,언론담당관실,봉산찜갈비,시정현안 관련 홍보 간담회 경비 지출,98000,e4b5663075c939e379b0f05f7f6bfb1679ef23ee3ff5194ab91fcb0de10ccf71,sheet1:R9,,,
e4b5663075c939e3-sheet1-R10,2026-01-06,daegu-city,언론담당관실,만솥돼지국밥,시정현안 관련 홍보 간담회 경비 지출,119800,e4b5663075c939e379b0f05f7f6bfb1679ef23ee3ff5194ab91fcb0de10ccf71,sheet1:R10,,,
e4b5663075c939e3-sheet1-R11,2026-01-06,daegu-city,언론담당관실,대성식당,시정현안 관련 홍보 간담회 경비 지출,106000,e4b5663075c939e379b0f05f7f6bfb1679ef23ee3ff5194ab91fcb0de10ccf71,sheet1:R11,,,
e4b5663075c939e3-sheet1-R12,2026-01-06,daegu-city,언론담당관실,파운드마켓,간담회 및 설명회 제공 다과 구입,190000,e4b5663075c939e379b0f05f7f6bfb1679ef23ee3ff5194ab91fcb0de10ccf71,sheet1:R12,,,
e4b5663075c939e3-sheet1-R13,2026-01-06,daegu-city,언론담당관실,사천만수산물,시정현안 관련 홍보 간담회 경비 지출,196000,e4b5663075c939e379b0f05f7f6bfb1679ef23ee3ff5194ab91fcb0de10ccf71,sheet1:R13,,,
e4b5663075c939e3-sheet1-R14,2026-01-06,daegu-city,언론담당관실,최고집,시정현안 관련 홍보 간담회 경비 지출,140000,e4b5663075c939e379b0f05f7f6bfb1679ef23ee3ff5194ab91fcb0de10ccf71,sheet1:R14,,,
e4b5663075c939e3-sheet1-R15,2026-01-07,daegu-city,언론담당관실,소랑생고기,시정현안 관련 홍보 간담회 경비 지출,169000,e4b5663075c939e379b0f05f7f6bfb1679ef23ee3ff5194ab91fcb0de10ccf71,sheet1:R15,,,
e4b5663075c939e3-sheet1-R16,2026-01-07,daegu-city,언론담당관실,고가촌,시정현안 관련 홍보 간담회 경비 지출,480000,e4b5663075c939e379b0f05f7f6bfb1679ef23ee3ff5194ab91fcb0de10ccf71,sheet1:R16,,,
e4b5663075c939e3-sheet1-R17,2026-01-07,daegu-city,언론담당관실,청담원,직원 격려 간담회 경비 지출,300000,e4b5663075c939e379b0f05f7f6bfb1679ef23ee3ff5194ab91fcb0de10ccf71,sheet1:R17,,,
e4b5663075c939e3-sheet1-R18,2026-01-07,daegu-city,언론담당관실,다올칼국수,시정현안 관련 홍보 간담회 경비 지출,55000,e4b5663075c939e379b0f05f7f6bfb1679ef23ee3ff5194ab91fcb0de10ccf71,sheet1:R18,,,
e4b5663075c939e3-sheet1-R19,2026-01-09,daegu-city,언론담당관실,고가촌,시정현안 관련 홍보 간담회 경비 지출,480000,e4b5663075c939e379b0f05f7f6bfb1679ef23ee3ff5194ab91fcb0de10ccf71,sheet1:R19,,,
e4b5663075c939e3-sheet1-R20,2026-01-09,daegu-city,언론담당관실,성원정,시정현안 관련 홍보 간담회 경비 지출,101000,e4b5663075c939e379b0f05f7f6bfb1679ef23ee3ff5194ab91fcb0de10ccf71,sheet1:R20,,,
e4b5663075c939e3-sheet1-R21,2026-01-12,daegu-city,언론담당관실,정하용선산곱창,시정현안 관련 홍보 간담회 경비 지출,106000,e4b5663075c939e379b0f05f7f6bfb1679ef23ee3ff5194ab91fcb0de10ccf71,sheet1:R21,,,
e4b5663075c939e3-sheet1-R22,2026-01-13,daegu-city,언론담당관실,만솥돼지국밥,시정현안 관련 홍보 간담회 경비 지출,39600,e4b5663075c939e379b0f05f7f6bfb1679ef23ee3ff5194ab91fcb0de10ccf71,sheet1:R22,,,
e4b5663075c939e3-sheet1-R23,2026-01-13,daegu-city,언론담당관실,낙원순두부,시정현안 관련 홍보 간담회 경비 지출,70000,e4b5663075c939e379b0f05f7f6bfb1679ef23ee3ff5194ab91fcb0de10ccf71,sheet1:R23,,,
e4b5663075c939e3-sheet1-R24,2026-01-13,daegu-city,언론담당관실,부민옥,시정현안 관련 홍보 간담회 경비 지출,143000,e4b5663075c939e379b0f05f7f6bfb1679ef23ee3ff5194ab91fcb0de10ccf71,sheet1:R24,,,
e4b5663075c939e3-sheet1-R25,2026-01-14,daegu-city,언론담당관실,만솥돼지국밥,시정현안 관련 홍보 간담회 경비 지출,39000,e4b5663075c939e379b0f05f7f6bfb1679ef23ee3ff5194ab91fcb0de10ccf71,sheet1:R25,,,
e4b5663075c939e3-sheet1-R26,2026-01-15,daegu-city,언론담당관실,파운드마켓,간담회 및 설명회 제공 다과 구입,125000,e4b5663075c939e379b0f05f7f6bfb1679ef23ee3ff5194ab91fcb0de10ccf71,sheet1:R26,,,
e4b5663075c939e3-sheet1-R27,2026-01-15,daegu-city,언론담당관실,램스,시정현안 관련 홍보 간담회 경비 지출,341500,e4b5663075c939e379b0f05f7f6bfb1679ef23ee3ff5194ab91fcb0de10ccf71,sheet1:R27,,,
e4b5663075c939e3-sheet1-R28,2026-01-16,daegu-city,언론담당관실,원조부산양곱창,시정현안 관련 홍보 간담회 경비 지출,281000,e4b5663075c939e379b0f05f7f6bfb1679ef23ee3ff5194ab91fcb0de10ccf71,sheet1:R28,,,
e4b5663075c939e3-sheet1-R29,2026-01-19,daegu-city,언론담당관실,창해물회식당,시정현안 관련 홍보 간담회 경비 지출,354000,e4b5663075c939e379b0f05f7f6bfb1679ef23ee3ff5194ab91fcb0de10ccf71,sheet1:R29,,,
e4b5663075c939e3-sheet1-R30,2026-01-20,daegu-city,언론담당관실,최고집,시정현안 관련 홍보 간담회 경비 지출,480000,e4b5663075c939e379b0f05f7f6bfb1679ef23ee3ff5194ab91fcb0de10ccf71,sheet1:R30,,,
e4b5663075c939e3-sheet1-R31,2026-01-20,daegu-city,언론담당관실,그릴링24,시정현안 관련 홍보 간담회 경비 지출,250000,e4b5663075c939e379b0f05f7f6bfb1679ef23ee3ff5194ab91fcb0de10ccf71,sheet1:R31,,,
e4b5663075c939e3-sheet1-R32,2026-01-22,daegu-city,언론담당관실,한티불낙식당,시정현안 관련 홍보 간담회 경비 지출,344000,e4b5663075c939e379b0f05f7f6bfb1679ef23ee3ff5194ab91fcb0de10ccf71,sheet1:R32,,,
e4b5663075c939e3-sheet1-R33,2026-01-22,daegu-city,언론담당관실,방어진참가자미회,시정현안 관련 홍보 간담회 경비 지출,124000,e4b5663075c939e379b0f05f7f6bfb1679ef23ee3ff5194ab91fcb0de10ccf71,sheet1:R33,,,
e4b5663075c939e3-sheet1-R34,2026-01-22,daegu-city,언론담당관실,제형면옥,직원 격려 간담회 경비 지출,217000,e4b5663075c939e379b0f05f7f6bfb1679ef23ee3ff5194ab91fcb0de10ccf71,sheet1:R34,,,
e4b5663075c939e3-sheet1-R35,2026-01-23,daegu-city,언론담당관실,만리장성,시정현안 관련 홍보 간담회 경비 지출,294000,e4b5663075c939e379b0f05f7f6bfb1679ef23ee3ff5194ab91fcb0de10ccf71,sheet1:R35,,,
e4b5663075c939e3-sheet1-R36,2026-01-26,daegu-city,언론담당관실,울진참가자미,시정현안 관련 홍보 간담회 경비 지출,300000,e4b5663075c939e379b0f05f7f6bfb1679ef23ee3ff5194ab91fcb0de10ccf71,sheet1:R36,,,
e4b5663075c939e3-sheet1-R37,2026-01-27,daegu-city,언론담당관실,동인식육식당,시정현안 관련 홍보 간담회 경비 지출,42000,e4b5663075c939e379b0f05f7f6bfb1679ef23ee3ff5194ab91fcb0de10ccf71,sheet1:R37,,,
e4b5663075c939e3-sheet1-R38,2026-01-27,daegu-city,언론담당관실,키키샤브,시정현안 관련 홍보 간담회 경비 지출,86600,e4b5663075c939e379b0f05f7f6bfb1679ef23ee3ff5194ab91fcb0de10ccf71,sheet1:R38,,,
e4b5663075c939e3-sheet1-R39,2026-01-28,daegu-city,언론담당관실,킨슈,시정현안 관련 홍보 간담회 경비 지출,216000,e4b5663075c939e379b0f05f7f6bfb1679ef23ee3ff5194ab91fcb0de10ccf71,sheet1:R39,,,
e4b5663075c939e3-sheet1-R40,2026-01-29,daegu-city,언론담당관실,무화식당,시정현안 관련 홍보 간담회 경비 지출,80000,e4b5663075c939e379b0f05f7f6bfb1679ef23ee3ff5194ab91fcb0de10ccf71,sheet1:R40,,,
e4b5663075c939e3-sheet1-R41,2026-01-29,daegu-city,언론담당관실,마루막창,시정현안 관련 홍보 간담회 경비 지출,344000,e4b5663075c939e379b0f05f7f6bfb1679ef23ee3ff5194ab91fcb0de10ccf71,sheet1:R41,,,
e4b5663075c939e3-sheet1-R42,2026-01-30,daegu-city,언론담당관실,한옥집,시정현안 관련 홍보 간담회 경비 지출,50000,e4b5663075c939e379b0f05f7f6bfb1679ef23ee3ff5194ab91fcb0de10ccf71,sheet1:R42,,,
e4b5663075c939e3-sheet1-R43,2026-01-30,daegu-city,언론담당관실,자갈치회타운,직원 격려 간담회 경비 지출,72000,e4b5663075c939e379b0f05f7f6bfb1679ef23ee3ff5194ab91fcb0de10ccf71,sheet1:R43,,,
e4b5663075c939e3-sheet2-R3,2026-02-02,daegu-city,언론담당관실,로타리식당,시정현안 관련 홍보 간담회 경비 지출,320000,e4b5663075c939e379b0f05f7f6bfb1679ef23ee3ff5194ab91fcb0de10ccf71,sheet2:R3,,,
e4b5663075c939e3-sheet2-R4,2026-02-02,daegu-city,언론담당관실,정하용선산곱창,시정현안 관련 홍보 간담회 경비 지출,120000,e4b5663075c939e379b0f05f7f6bfb1679ef23ee3ff5194ab91fcb0de10ccf71,sheet2:R4,,,
e4b5663075c939e3-sheet2-R5,2026-02-03,daegu-city,언론담당관실,더건강한한우,시정현안 관련 홍보 간담회 경비 지출,336860,e4b5663075c939e379b0f05f7f6bfb1679ef23ee3ff5194ab91fcb0de10ccf71,sheet2:R5,,,
e4b5663075c939e3-sheet2-R6,2026-02-03,daegu-city,언론담당관실,스시준,시정현안 관련 홍보 간담회 경비 지출,68000,e4b5663075c939e379b0f05f7f6bfb1679ef23ee3ff5194ab91fcb0de10ccf71,sheet2:R6,,,
e4b5663075c939e3-sheet2-R7,2026-02-03,daegu-city,언론담당관실,다올칼국수,시정현안 관련 홍보 간담회 경비 지출,111000,e4b5663075c939e379b0f05f7f6bfb1679ef23ee3ff5194ab91fcb0de10ccf71,sheet2:R7,,,
e4b5663075c939e3-sheet2-R8,2026-02-04,daegu-city,언론담당관실,다올칼국수,직원 격려 간담회 경비 지출,45000,e4b5663075c939e379b0f05f7f6bfb1679ef23ee3ff5194ab91fcb0de10ccf71,sheet2:R8,,,
e4b5663075c939e3-sheet2-R9,2026-02-05,daegu-city,언론담당관실,최고집,시정현안 관련 홍보 간담회 경비 지출,300000,e4b5663075c939e379b0f05f7f6bfb1679ef23ee3ff5194ab91fcb0de10ccf71,sheet2:R9,,,
e4b5663075c939e3-sheet2-R10,2026-02-05,daegu-city,언론담당관실,최고집,직원 격려 간담회 경비 지출,122000,e4b5663075c939e379b0f05f7f6bfb1679ef23ee3ff5194ab91fcb0de10ccf71,sheet2:R10,,,
e4b5663075c939e3-sheet2-R11,2026-02-06,daegu-city,언론담당관실,김가,시정현안 관련 홍보 간담회 경비 지출,120000,e4b5663075c939e379b0f05f7f6bfb1679ef23ee3ff5194ab91fcb0de10ccf71,sheet2:R11,,,
e4b5663075c939e3-sheet2-R12,2026-02-10,daegu-city,언론담당관실,동곡제면,시정현안 관련 홍보 간담회 경비 지출,157000,e4b5663075c939e379b0f05f7f6bfb1679ef23ee3ff5194ab91fcb0de10ccf71,sheet2:R12,,,
e4b5663075c939e3-sheet2-R13,2026-02-11,daegu-city,언론담당관실,삼덕돈,시정현안 관련 홍보 간담회 경비 지출,300000,e4b5663075c939e379b0f05f7f6bfb1679ef23ee3ff5194ab91fcb0de10ccf71,sheet2:R13,,,
e4b5663075c939e3-sheet2-R14,2026-02-11,daegu-city,언론담당관실,거창손국수,직원 격려 간담회 경비 지출,76000,e4b5663075c939e379b0f05f7f6bfb1679ef23ee3ff5194ab91fcb0de10ccf71,sheet2:R14,,,
e4b5663075c939e3-sheet2-R15,2026-02-12,daegu-city,언론담당관실,김가,시정현안 관련 홍보 간담회 경비 지출,146000,e4b5663075c939e379b0f05f7f6bfb1679ef23ee3ff5194ab91fcb0de10ccf71,sheet2:R15,,,
e4b5663075c939e3-sheet2-R16,2026-02-12,daegu-city,언론담당관실,한우정,시정현안 관련 홍보 간담회 경비 지출,404000,e4b5663075c939e379b0f05f7f6bfb1679ef23ee3ff5194ab91fcb0de10ccf71,sheet2:R16,,,
e4b5663075c939e3-sheet2-R17,2026-02-13,daegu-city,언론담당관실,92번가,시정현안 관련 홍보 간담회 경비 지출,153000,e4b5663075c939e379b0f05f7f6bfb1679ef23ee3ff5194ab91fcb0de10ccf71,sheet2:R17,,,
e4b5663075c939e3-sheet2-R18,2026-02-13,daegu-city,언론담당관실,진성분식,시정현안 관련 홍보 간담회 경비 지출,100000,e4b5663075c939e379b0f05f7f6bfb1679ef23ee3ff5194ab91fcb0de10ccf71,sheet2:R18,,,
e4b5663075c939e3-sheet2-R19,2026-02-19,daegu-city,언론담당관실,한옥집,직원 격려 간담회 경비 지출,120000,e4b5663075c939e379b0f05f7f6bfb1679ef23ee3ff5194ab91fcb0de10ccf71,sheet2:R19,,,
e4b5663075c939e3-sheet2-R20,2026-02-20,daegu-city,언론담당관실,최고집,시정현안 관련 홍보 간담회 경비 지출,480000,e4b5663075c939e379b0f05f7f6bfb1679ef23ee3ff5194ab91fcb0de10ccf71,sheet2:R20,,,
e4b5663075c939e3-sheet2-R21,2026-02-23,daegu-city,언론담당관실,국시왕,직원 격려 간담회 경비 지출,30000,e4b5663075c939e379b0f05f7f6bfb1679ef23ee3ff5194ab91fcb0de10ccf71,sheet2:R21,,,
e4b5663075c939e3-sheet2-R22,2026-02-23,daegu-city,언론담당관실,정애돈,시정현안 관련 홍보 간담회 경비 지출,159000,e4b5663075c939e379b0f05f7f6bfb1679ef23ee3ff5194ab91fcb0de10ccf71,sheet2:R22,,,
e4b5663075c939e3-sheet2-R23,2026-02-24,daegu-city,언론담당관실,복호두,직원 격려 간담회 경비 지출,320000,e4b5663075c939e379b0f05f7f6bfb1679ef23ee3ff5194ab91fcb0de10ccf71,sheet2:R23,,,
e4b5663075c939e3-sheet2-R24,2026-02-25,daegu-city,언론담당관실,국시왕,시정현안 관련 홍보 간담회 경비 지출,37500,e4b5663075c939e379b0f05f7f6bfb1679ef23ee3ff5194ab91fcb0de10ccf71,sheet2:R24,,,
e4b5663075c939e3-sheet2-R25,2026-02-25,daegu-city,언론담당관실,복호두,간담회 및 설명회 제공 다과 구입,20000,e4b5663075c939e379b0f05f7f6bfb1679ef23ee3ff5194ab91fcb0de10ccf71,sheet2:R25,,,
e4b5663075c939e3-sheet2-R26,2026-02-25,daegu-city,언론담당관실,팔팔명가국밥,직원 격려 간담회 경비 지출,100000,e4b5663075c939e379b0f05f7f6bfb1679ef23ee3ff5194ab91fcb0de10ccf71,sheet2:R26,,,
e4b5663075c939e3-sheet2-R27,2026-02-26,daegu-city,언론담당관실,예원,시정현안 관련 홍보 간담회 경비 지출,243000,e4b5663075c939e379b0f05f7f6bfb1679ef23ee3ff5194ab91fcb0de10ccf71,sheet2:R27,,,
e4b5663075c939e3-sheet2-R28,2026-02-26,daegu-city,언론담당관실,더 부자백숙,시정현안 관련 홍보 간담회 경비 지출,198000,e4b5663075c939e379b0f05f7f6bfb1679ef23ee3ff5194ab91fcb0de10ccf71,sheet2:R28,,,
e4b5663075c939e3-sheet2-R29,2026-02-27,daegu-city,언론담당관실,키키샤브,직원 격려 간담회 경비 지출,117400,e4b5663075c939e379b0f05f7f6bfb1679ef23ee3ff5194ab91fcb0de10ccf71,sheet2:R29,,,
e4b5663075c939e3-sheet2-R30,2026-02-27,daegu-city,언론담당관실,최고집,시정현안 관련 홍보 간담회 경비 지출,44000,e4b5663075c939e379b0f05f7f6bfb1679ef23ee3ff5194ab91fcb0de10ccf71,sheet2:R30,,,
e4b5663075c939e3-sheet3-R3,2026-03-03,daegu-city,언론담당관실,청담원,시정현안 관련 홍보 간담회 경비 지출,238000,e4b5663075c939e379b0f05f7f6bfb1679ef23ee3ff5194ab91fcb0de10ccf71,sheet3:R3,,,
e4b5663075c939e3-sheet3-R4,2026-03-03,daegu-city,언론담당관실,청풍해물탕,시정현안 관련 홍보 간담회 경비 지출,178500,e4b5663075c939e379b0f05f7f6bfb1679ef23ee3ff5194ab91fcb0de10ccf71,sheet3:R4,,,
e4b5663075c939e3-sheet3-R5,2026-03-04,daegu-city,언론담당관실,소랑생고기,시정현안 관련 홍보 간담회 경비 지출,195000,e4b5663075c939e379b0f05f7f6bfb1679ef23ee3ff5194ab91fcb0de10ccf71,sheet3:R5,,,
e4b5663075c939e3-sheet3-R6,2026-03-05,daegu-city,언론담당관실,남미옥,시정현안 관련 홍보 간담회 경비 지출,78000,e4b5663075c939e379b0f05f7f6bfb1679ef23ee3ff5194ab91fcb0de10ccf71,sheet3:R6,,,
e4b5663075c939e3-sheet3-R7,2026-03-05,daegu-city,언론담당관실,다올칼국수,시정현안 관련 홍보 간담회 경비 지출,91000,e4b5663075c939e379b0f05f7f6bfb1679ef23ee3ff5194ab91fcb0de10ccf71,sheet3:R7,,,
e4b5663075c939e3-sheet3-R8,2026-03-05,daegu-city,언론담당관실,봉산동생고기,시정현안 관련 홍보 간담회 경비 지출,238000,e4b5663075c939e379b0f05f7f6bfb1679ef23ee3ff5194ab91fcb0de10ccf71,sheet3:R8,,,
e4b5663075c939e3-sheet3-R9,2026-03-06,daegu-city,언론담당관실,청도콩나물라면,직원 격려 간담회 경비 지출,24000,e4b5663075c939e379b0f05f7f6bfb1679ef23ee3ff5194ab91fcb0de10ccf71,sheet3:R9,,,
e4b5663075c939e3-sheet3-R10,2026-03-06,daegu-city,언론담당관실,낙원순두부,시정현안 관련 홍보 간담회 경비 지출,70000,e4b5663075c939e379b0f05f7f6bfb1679ef23ee3ff5194ab91fcb0de10ccf71,sheet3:R10,,,
e4b5663075c939e3-sheet3-R11,2026-03-09,daegu-city,언론담당관실,진성분식,직원 격려 간담회 경비 지출,83000,e4b5663075c939e379b0f05f7f6bfb1679ef23ee3ff5194ab91fcb0de10ccf71,sheet3:R11,,,
e4b5663075c939e3-sheet3-R12,2026-03-09,daegu-city,언론담당관실,정하용선산곱창,시정현안 관련 홍보 간담회 경비 지출,90000,e4b5663075c939e379b0f05f7f6bfb1679ef23ee3ff5194ab91fcb0de10ccf71,sheet3:R12,,,
e4b5663075c939e3-sheet3-R13,2026-03-10,daegu-city,언론담당관실,신아나고곰장어,시정현안 관련 홍보 간담회 경비 지출,139000,e4b5663075c939e379b0f05f7f6bfb1679ef23ee3ff5194ab91fcb0de10ccf71,sheet3:R13,,,
e4b5663075c939e3-sheet3-R14,2026-03-10,daegu-city,언론담당관실,청도,시정현안 관련 홍보 간담회 경비 지출,54000,e4b5663075c939e379b0f05f7f6bfb1679ef23ee3ff5194ab91fcb0de10ccf71,sheet3:R14,,,
e4b5663075c939e3-sheet3-R15,2026-03-10,daegu-city,언론담당관실,한옥집,시정현안 관련 홍보 간담회 경비 지출,90000,e4b5663075c939e379b0f05f7f6bfb1679ef23ee3ff5194ab91fcb0de10ccf71,sheet3:R15,,,
e4b5663075c939e3-sheet3-R16,2026-03-10,daegu-city,언론담당관실,만덕수산,시정현안 관련 홍보 간담회 경비 지출,140000,e4b5663075c939e379b0f05f7f6bfb1679ef23ee3ff5194ab91fcb0de10ccf71,sheet3:R16,,,
e4b5663075c939e3-sheet3-R17,2026-03-11,daegu-city,언론담당관실,최고집,시정현안 관련 홍보 간담회 경비 지출,277000,e4b5663075c939e379b0f05f7f6bfb1679ef23ee3ff5194ab91fcb0de10ccf71,sheet3:R17,,,
e4b5663075c939e3-sheet3-R18,2026-03-11,daegu-city,언론담당관실,칠성식당,시정현안 관련 홍보 간담회 경비 지출,112000,e4b5663075c939e379b0f05f7f6bfb1679ef23ee3ff5194ab91fcb0de10ccf71,sheet3:R18,,,
e4b5663075c939e3-sheet3-R19,2026-03-12,daegu-city,언론담당관실,최고집,시정현안 관련 홍보 간담회 경비 지출,143000,e4b5663075c939e379b0f05f7f6bfb1679ef23ee3ff5194ab91fcb0de10ccf71,sheet3:R19,,,
e4b5663075c939e3-sheet3-R20,2026-03-13,daegu-city,언론담당관실,연경할매옻닭,시정현안 관련 홍보 간담회 경비 지출,72000,e4b5663075c939e379b0f05f7f6bfb1679ef23ee3ff5194ab91fcb0de10ccf71,sheet3:R20,,,
e4b5663075c939e3-sheet3-R21,2026-03-16,daegu-city,언론담당관실,대덕식당,직원 격려 간담회 경비 지출,39000,e4b5663075c939e379b0f05f7f6bfb1679ef23ee3ff5194ab91fcb0de10ccf71,sheet3:R21,,,
e4b5663075c939e3-sheet3-R22,2026-03-16,daegu-city,언론담당관실,전통미가,시정현안 관련 홍보 간담회 경비 지출,125000,e4b5663075c939e379b0f05f7f6bfb1679ef23ee3ff5194ab91fcb0de10ccf71,sheet3:R22,,,
e4b5663075c939e3-sheet3-R23,2026-03-17,daegu-city,언론담당관실,고가촌,시정현안 관련 홍보 간담회 경비 지출,271000,e4b5663075c939e379b0f05f7f6bfb1679ef23ee3ff5194ab91fcb0de10ccf71,sheet3:R23,,,
e4b5663075c939e3-sheet3-R24,2026-03-17,daegu-city,언론담당관실,다올칼국수,시정현안 관련 홍보 간담회 경비 지출,124000,e4b5663075c939e379b0f05f7f6bfb1679ef23ee3ff5194ab91fcb0de10ccf71,sheet3:R24,,,
e4b5663075c939e3-sheet3-R25,2026-03-18,daegu-city,언론담당관실,팔팔명가국밥,직원 격려 간담회 경비 지출,54400,e4b5663075c939e379b0f05f7f6bfb1679ef23ee3ff5194ab91fcb0de10ccf71,sheet3:R25,,,
e4b5663075c939e3-sheet3-R26,2026-03-19,daegu-city,언론담당관실,에스엠싱싱뽈락회,시정현안 관련 홍보 간담회 경비 지출,300000,e4b5663075c939e379b0f05f7f6bfb1679ef23ee3ff5194ab91fcb0de10ccf71,sheet3:R26,,,
e4b5663075c939e3-sheet3-R27,2026-03-20,daegu-city,언론담당관실,팔팔명가국밥,시정현안 관련 홍보 간담회 경비 지출,78200,e4b5663075c939e379b0f05f7f6bfb1679ef23ee3ff5194ab91fcb0de10ccf71,sheet3:R27,,,
e4b5663075c939e3-sheet3-R28,2026-03-23,daegu-city,언론담당관실,최고집,직원 격려 간담회 경비 지출,84000,e4b5663075c939e379b0f05f7f6bfb1679ef23ee3ff5194ab91fcb0de10ccf71,sheet3:R28,,,
e4b5663075c939e3-sheet3-R29,2026-03-23,daegu-city,언론담당관실,진성분식,시정현안 관련 홍보 간담회 경비 지출,81000,e4b5663075c939e379b0f05f7f6bfb1679ef23ee3ff5194ab91fcb0de10ccf71,sheet3:R29,,,
e4b5663075c939e3-sheet3-R30,2026-03-23,daegu-city,언론담당관실,은행나무,시정현안 관련 홍보 간담회 경비 지출,66000,e4b5663075c939e379b0f05f7f6bfb1679ef23ee3ff5194ab91fcb0de10ccf71,sheet3:R30,,,
e4b5663075c939e3-sheet3-R31,2026-03-24,daegu-city,언론담당관실,우미꿀꿀이,시정현안 관련 홍보 간담회 경비 지출,290000,e4b5663075c939e379b0f05f7f6bfb1679ef23ee3ff5194ab91fcb0de10ccf71,sheet3:R31,,,
e4b5663075c939e3-sheet3-R32,2026-03-24,daegu-city,언론담당관실,팔팔명가국밥,시정현안 관련 홍보 간담회 경비 지출,119000,e4b5663075c939e379b0f05f7f6bfb1679ef23ee3ff5194ab91fcb0de10ccf71,sheet3:R32,,,
e4b5663075c939e3-sheet3-R33,2026-03-25,daegu-city,언론담당관실,자갈치회타운,직원 격려 간담회 경비 지출,78000,e4b5663075c939e379b0f05f7f6bfb1679ef23ee3ff5194ab91fcb0de10ccf71,sheet3:R33,,,
e4b5663075c939e3-sheet3-R34,2026-03-26,daegu-city,언론담당관실,동문식당,시정현안 관련 홍보 간담회 경비 지출,120000,e4b5663075c939e379b0f05f7f6bfb1679ef23ee3ff5194ab91fcb0de10ccf71,sheet3:R34,,,
e4b5663075c939e3-sheet3-R35,2026-03-27,daegu-city,언론담당관실,청풍해물탕,시정현안 관련 홍보 간담회 경비 지출,161500,e4b5663075c939e379b0f05f7f6bfb1679ef23ee3ff5194ab91fcb0de10ccf71,sheet3:R35,,,
e4b5663075c939e3-sheet3-R36,2026-03-27,daegu-city,언론담당관실,굴마을굴국밥,시정현안 관련 홍보 간담회 경비 지출,434000,e4b5663075c939e379b0f05f7f6bfb1679ef23ee3ff5194ab91fcb0de10ccf71,sheet3:R36,,,
e4b5663075c939e3-sheet3-R37,2026-03-27,daegu-city,언론담당관실,온돌방,시정현안 관련 홍보 간담회 경비 지출,120000,e4b5663075c939e379b0f05f7f6bfb1679ef23ee3ff5194ab91fcb0de10ccf71,sheet3:R37,,,
e4b5663075c939e3-sheet3-R38,2026-03-30,daegu-city,언론담당관실,금산곰탕,시정현안 관련 홍보 간담회 경비 지출,369000,e4b5663075c939e379b0f05f7f6bfb1679ef23ee3ff5194ab91fcb0de10ccf71,sheet3:R38,,,
e4b5663075c939e3-sheet3-R39,2026-03-30,daegu-city,언론담당관실,황뻘식당,시정현안 관련 홍보 간담회 경비 지출,169000,e4b5663075c939e379b0f05f7f6bfb1679ef23ee3ff5194ab91fcb0de10ccf71,sheet3:R39,,,
e4b5663075c939e3-sheet3-R40,2026-03-31,daegu-city,언론담당관실,우담,시정현안 관련 홍보 간담회 경비 지출,200000,e4b5663075c939e379b0f05f7f6bfb1679ef23ee3ff5194ab91fcb0de10ccf71,sheet3:R40,,,
e4b5663075c939e3-sheet3-R41,2026-03-31,daegu-city,언론담당관실,최고집,시정현안 관련 홍보 간담회 경비 지출,117000,e4b5663075c939e379b0f05f7f6bfb1679ef23ee3ff5194ab91fcb0de10ccf71,sheet3:R41,,,
ed7a39a9f11a41e8-sheet1-R6,2026-01-05,daegu-city,회계과,플래티넘페이먼츠,직원격려용 다과 구입,118800,ed7a39a9f11a41e805c18203c8db299e9195a95e5f5f3dfd72a98d5befa3d70e,sheet1:R6,,,
ed7a39a9f11a41e8-sheet1-R7,2026-01-06,daegu-city,회계과,(주)오베이스외 1,시책추진업무추진비 지출(공유재산관련 업무협의 간담회),70600,ed7a39a9f11a41e805c18203c8db299e9195a95e5f5f3dfd72a98d5befa3d70e,sheet1:R7,,,
ed7a39a9f11a41e8-sheet1-R8,2026-01-08,daegu-city,회계과,디디씨(DDC)돌담커피 경대북문점외 1,시책추진업무추진비 지출(회계업무 추진 간담회),164900,ed7a39a9f11a41e805c18203c8db299e9195a95e5f5f3dfd72a98d5befa3d70e,sheet1:R8,,,
ed7a39a9f11a41e8-sheet1-R9,2026-01-12,daegu-city,회계과,대백마트 산격점,2025회계연도 결산교육 실시에 따른 다과비 지출,400000,ed7a39a9f11a41e805c18203c8db299e9195a95e5f5f3dfd72a98d5befa3d70e,sheet1:R9,,,
ed7a39a9f11a41e8-sheet1-R10,2026-02-03,daegu-city,회계과,트레이더스 비산점,직원격려용 다과구입,51520,ed7a39a9f11a41e805c18203c8db299e9195a95e5f5f3dfd72a98d5befa3d70e,sheet1:R10,,,
ed7a39a9f11a41e8-sheet1-R11,2026-02-03,daegu-city,회계과,한영종합상사외 1,직원격려용 다과구입,67920,ed7a39a9f11a41e805c18203c8db299e9195a95e5f5f3dfd72a98d5befa3d70e,sheet1:R11,,,
ed7a39a9f11a41e8-sheet1-R12,2026-02-09,daegu-city,회계과,에스에스지페이먼츠,직원 격려를 위한 다과 구입,393790,ed7a39a9f11a41e805c18203c8db299e9195a95e5f5f3dfd72a98d5befa3d70e,sheet1:R12,,,
ed7a39a9f11a41e8-sheet1-R13,2026-02-13,daegu-city,회계과,테이크어바이트,공유재산 관리 관련 업무협의를 위한 간담회 경비 지출,84300,ed7a39a9f11a41e805c18203c8db299e9195a95e5f5f3dfd72a98d5befa3d70e,sheet1:R13,,,
ed7a39a9f11a41e8-sheet1-R14,2026-02-19,daegu-city,회계과,이스트라이트(East Light)외 2,회계업무 추진을 위한 간담회 경비 지출,112600,ed7a39a9f11a41e805c18203c8db299e9195a95e5f5f3dfd72a98d5befa3d70e,sheet1:R14,,,
ed7a39a9f11a41e8-sheet1-R15,2026-02-24,daegu-city,회계과,신떡(경대북문점),직원 격려를 위한 간식 구입,70500,ed7a39a9f11a41e805c18203c8db299e9195a95e5f5f3dfd72a98d5befa3d70e,sheet1:R15,,,
ed7a39a9f11a41e8-sheet1-R16,2026-02-26,daegu-city,회계과,대도양조장,공유재산 관리 업무협의를 위한 간담회 경비 지출,200000,ed7a39a9f11a41e805c18203c8db299e9195a95e5f5f3dfd72a98d5befa3d70e,sheet1:R16,,,
ed7a39a9f11a41e8-sheet1-R17,2026-03-03,daegu-city,회계과,이니시스_도미노피자,직원 격려를 위한 간식 구입,134780,ed7a39a9f11a41e805c18203c8db299e9195a95e5f5f3dfd72a98d5befa3d70e,sheet1:R17,,,
ed7a39a9f11a41e8-sheet1-R18,2026-03-04,daegu-city,회계과,(주)이마트칠성점외 1,직원격려용 다과구입,119350,ed7a39a9f11a41e805c18203c8db299e9195a95e5f5f3dfd72a98d5befa3d70e,sheet1:R18,,,
ed7a39a9f11a41e8-sheet1-R19,2026-03-10,daegu-city,회계과,렌토 삼덕외 1,시책추진업무추진비 지출(공유재산관련 업무협의 간담회),77500,ed7a39a9f11a41e805c18203c8db299e9195a95e5f5f3dfd72a98d5befa3d70e,sheet1:R19,,,
ed7a39a9f11a41e8-sheet1-R20,2026-03-18,daegu-city,회계과,육십오도시(65 °C),2026년 제2회 공유재산심의회 개최에 따른 다과비 지출,65000,ed7a39a9f11a41e805c18203c8db299e9195a95e5f5f3dfd72a98d5befa3d70e,sheet1:R20,,,
ed7a39a9f11a41e8-sheet1-R21,2026-03-19,daegu-city,회계과,개정외 1,부서 직원 격려를 위한 간담회 경비 지출,765000,ed7a39a9f11a41e805c18203c8db299e9195a95e5f5f3dfd72a98d5befa3d70e,sheet1:R21,,,
ab12b2974a647588-sheet1-R4,2026-01-26,daegu-city,건강증진과,들메꽃,현안업무 추진 관련 업무협의 간담회 경비 지출,224000,ab12b2974a64758806f360cc53d60020f101a7fac8cdd576097a99fb97620fae,sheet1:R4,,,
ab12b2974a647588-sheet1-R5,2026-01-26,daegu-city,건강증진과,핸즈커피반월당점,2026년 자살대책추진본부 자살예방 정책 현장 방문 간담회 다과비 지출,200000,ab12b2974a64758806f360cc53d60020f101a7fac8cdd576097a99fb97620fae,sheet1:R5,,,
ab12b2974a647588-sheet1-R6,2026-02-09,daegu-city,건강증진과,국화정원,심뇌혈관질환예방관리사업 추진 관련 업무협의 간담회 경비 지출,100000,ab12b2974a64758806f360cc53d60020f101a7fac8cdd576097a99fb97620fae,sheet1:R6,,,
ab12b2974a647588-sheet1-R7,2026-03-24,daegu-city,건강증진과,월성복집 외 1,시민건강증진 추진 관련 업무협의 간담회 경비 지출,182350,ab12b2974a64758806f360cc53d60020f101a7fac8cdd576097a99fb97620fae,sheet1:R7,,,
ab12b2974a647588-sheet1-R8,2026-03-27,daegu-city,건강증진과,해녀솥밥,건강생활실천 추진 관련 업무협의 간담회 경비 지출,90000,ab12b2974a64758806f360cc53d60020f101a7fac8cdd576097a99fb97620fae,sheet1:R8,,,
9eb5aa15649246c6-sheet1-R5,2026-01-08,daegu-city,보건의료정책과,"카페자매집, 봉산찜갈비",보건의료사업 홍보를 위한 간담회 경비 지출,112000,9eb5aa15649246c6797d5143a446451e607b398ea72d40eaadeb7fd8616a7c16,sheet1:R5,,,
9eb5aa15649246c6-sheet1-R6,2026-01-09,daegu-city,보건의료정책과,청해진,마라톤대회 의료지원 관련 유관기관 간담회 경비 지출,225000,9eb5aa15649246c6797d5143a446451e607b398ea72d40eaadeb7fd8616a7c16,sheet1:R6,,,
9eb5aa15649246c6-sheet1-R7,2026-01-13,daegu-city,보건의료정책과,길섶한우,보건의료정책 추진 관련 간담회 경비 지출,225000,9eb5aa15649246c6797d5143a446451e607b398ea72d40eaadeb7fd8616a7c16,sheet1:R7,,,
9eb5aa15649246c6-sheet1-R8,2026-01-19,daegu-city,보건의료정책과,더 부자백숙본점,공공보건의료 추진 관련 간담회 경비 지출,80000,9eb5aa15649246c6797d5143a446451e607b398ea72d40eaadeb7fd8616a7c16,sheet1:R8,,,
9eb5aa15649246c6-sheet1-R9,2026-01-21,daegu-city,보건의료정책과,에스엠싱싱뽈락회,보건의료사업 홍보를 위한 간담회 경비 지출,223000,9eb5aa15649246c6797d5143a446451e607b398ea72d40eaadeb7fd8616a7c16,sheet1:R9,,,
9eb5aa15649246c6-sheet1-R10,2026-01-23,daegu-city,보건의료정책과,더 부자백숙본점,보건의료정책 추진 관련 간담회 경비 지출,95000,9eb5aa15649246c6797d5143a446451e607b398ea72d40eaadeb7fd8616a7c16,sheet1:R10,,,
9eb5aa15649246c6-sheet1-R11,2026-01-28,daegu-city,보건의료정책과,"브레드 그로브(bread grove), 더 부자백숙본점",보건의료정책 추진 관련 간담회 경비 지출,67500,9eb5aa15649246c6797d5143a446451e607b398ea72d40eaadeb7fd8616a7c16,sheet1:R11,,,
9eb5aa15649246c6-sheet1-R12,2026-02-02,daegu-city,보건의료정책과,더 부자백숙본점,위기대응 거버넌스위원회 운영관련 간담회 경비 지출,120000,9eb5aa15649246c6797d5143a446451e607b398ea72d40eaadeb7fd8616a7c16,sheet1:R12,,,
9eb5aa15649246c6-sheet1-R13,2026-02-03,daegu-city,보건의료정책과,미스터브리즈커피대구시청점,2026년 예방접종등록관리 기간제근로자 채용 면접에 따른 다과비 지출,38800,9eb5aa15649246c6797d5143a446451e607b398ea72d40eaadeb7fd8616a7c16,sheet1:R13,,,
9eb5aa15649246c6-sheet1-R14,2026-02-05,daegu-city,보건의료정책과,삼수장어,2026년 설 연휴 대비 의료기관 관계자 간담회 경비 지출,340000,9eb5aa15649246c6797d5143a446451e607b398ea72d40eaadeb7fd8616a7c16,sheet1:R14,,,
9eb5aa15649246c6-sheet1-R15,2026-02-05,daegu-city,보건의료정책과,일생고기육회,통합돌봄 추진관련 간담회 경비 지출,192000,9eb5aa15649246c6797d5143a446451e607b398ea72d40eaadeb7fd8616a7c16,sheet1:R15,,,
9eb5aa15649246c6-sheet1-R16,2026-02-09,daegu-city,보건의료정책과,트레이더스 비산점,설 명절 연휴 응급의료기관 운영 인력 격려 간식비 지출,464340,9eb5aa15649246c6797d5143a446451e607b398ea72d40eaadeb7fd8616a7c16,sheet1:R16,,,
9eb5aa15649246c6-sheet1-R17,2026-02-09,daegu-city,보건의료정책과,지에이피유통 영농조합법인,설 명절 관련 특산품 구입,2035000,9eb5aa15649246c6797d5143a446451e607b398ea72d40eaadeb7fd8616a7c16,sheet1:R17,,,
9eb5aa15649246c6-sheet1-R18,2026-02-11,daegu-city,보건의료정책과,봉산찜갈비,보건업무 정책 추진 관련 간담회 경비 지출,115000,9eb5aa15649246c6797d5143a446451e607b398ea72d40eaadeb7fd8616a7c16,sheet1:R18,,,
9eb5aa15649246c6-sheet1-R19,2026-03-10,daegu-city,보건의료정책과,앞산큰골집 동성로점,감염병 예방 및 대응 업무 추진에 따른 간담회 경비 지출,127000,9eb5aa15649246c6797d5143a446451e607b398ea72d40eaadeb7fd8616a7c16,sheet1:R19,,,
9eb5aa15649246c6-sheet1-R20,2026-03-10,daegu-city,보건의료정책과,자갈치회타운,공공보건 의료 정책 논의 관련 간담회 경비 지출,105000,9eb5aa15649246c6797d5143a446451e607b398ea72d40eaadeb7fd8616a7c16,sheet1:R20,,,
9eb5aa15649246c6-sheet1-R21,2026-03-10,daegu-city,보건의료정책과,카페자매집,공공보건 의료 정책 간담회 다과비 지출,37500,9eb5aa15649246c6797d5143a446451e607b398ea72d40eaadeb7fd8616a7c16,sheet1:R21,,,
9eb5aa15649246c6-sheet1-R22,2026-03-23,daegu-city,보건의료정책과,울산정자참가자미,보건업무 정책 추진 관련 간담회 경비 지출,215000,9eb5aa15649246c6797d5143a446451e607b398ea72d40eaadeb7fd8616a7c16,sheet1:R22,,,
9eb5aa15649246c6-sheet1-R23,2026-03-23,daegu-city,보건의료정책과,더 부자백숙본점,보건업무 추진 간담회 경비 지출,100000,9eb5aa15649246c6797d5143a446451e607b398ea72d40eaadeb7fd8616a7c16,sheet1:R23,,,
9eb5aa15649246c6-sheet1-R24,2026-03-23,daegu-city,보건의료정책과,미스터브리즈커피대구시청점,결핵관리사업 실무회의 다과비 지출,79800,9eb5aa15649246c6797d5143a446451e607b398ea72d40eaadeb7fd8616a7c16,sheet1:R24,,,
9eb5aa15649246c6-sheet1-R25,2026-03-23,daegu-city,보건의료정책과,실비소갈비,지역필수의료 강화관련 간담회 경비 지출,195000,9eb5aa15649246c6797d5143a446451e607b398ea72d40eaadeb7fd8616a7c16,sheet1:R25,,,
9eb5aa15649246c6-sheet1-R26,2026-03-23,daegu-city,보건의료정책과,더 부자백숙본점,보건업무 정책 추진 관련 간담회 경비 지출,74000,9eb5aa15649246c6797d5143a446451e607b398ea72d40eaadeb7fd8616a7c16,sheet1:R26,,,
23195ea312b91b93-sheet1-R5,2026-01-06,daegu-city,복지정책과,더부자백숙,직원 격려 간담회 경비 지출,100000,23195ea312b91b93481d8e4068bd8aec7ee937f95928bd55413061d400ee4d64,sheet1:R5,,,
23195ea312b91b93-sheet1-R6,2026-01-07,daegu-city,복지정책과,참한집,지역복지 현안사업 관련 업무협의 간담회 경비 지출,204500,23195ea312b91b93481d8e4068bd8aec7ee937f95928bd55413061d400ee4d64,sheet1:R6,,,
23195ea312b91b93-sheet1-R7,2026-01-07,daegu-city,복지정책과,메이드림,직원 격려를 위한 간식 구입비 지출,110000,23195ea312b91b93481d8e4068bd8aec7ee937f95928bd55413061d400ee4d64,sheet1:R7,,,
23195ea312b91b93-sheet1-R8,2026-01-08,daegu-city,복지정책과,아현정,사회복지관 현안 업무 간담회 경비 지출(1.8.사용),150000,23195ea312b91b93481d8e4068bd8aec7ee937f95928bd55413061d400ee4d64,sheet1:R8,,,
23195ea312b91b93-sheet1-R9,2026-01-09,daegu-city,복지정책과,최고집,직원 격려 간담회 경비 지출,70000,23195ea312b91b93481d8e4068bd8aec7ee937f95928bd55413061d400ee4d64,sheet1:R9,,,
23195ea312b91b93-sheet1-R10,2026-01-12,daegu-city,복지정책과,키키샤브,직원 격려 간담회 경비 지출,60600,23195ea312b91b93481d8e4068bd8aec7ee937f95928bd55413061d400ee4d64,sheet1:R10,,,
23195ea312b91b93-sheet1-R11,2026-01-13,daegu-city,복지정책과,낙영찜갈비,현안업무 추진관련 업무협의 간담회 경비 지출,102000,23195ea312b91b93481d8e4068bd8aec7ee937f95928bd55413061d400ee4d64,sheet1:R11,,,
23195ea312b91b93-sheet1-R12,2026-01-13,daegu-city,복지정책과,키키샤브,현안업무 추진관련 업무협의 간담회 경비 지출,104300,23195ea312b91b93481d8e4068bd8aec7ee937f95928bd55413061d400ee4d64,sheet1:R12,,,
23195ea312b91b93-sheet1-R13,2026-01-14,daegu-city,복지정책과,박가네양푼이동태찌개,그냥드림 시범 사업 추진 간담회 경비 지출,69000,23195ea312b91b93481d8e4068bd8aec7ee937f95928bd55413061d400ee4d64,sheet1:R13,,,
23195ea312b91b93-sheet1-R14,2026-01-14,daegu-city,복지정책과,황소식당,현안업무 추진관련 업무협의 간담회 경비 지출,120000,23195ea312b91b93481d8e4068bd8aec7ee937f95928bd55413061d400ee4d64,sheet1:R14,,,
23195ea312b91b93-sheet1-R15,2026-01-15,daegu-city,복지정책과,마이온룸,통합돌봄 추진관련 구군 등 간담회 경비 지출,127500,23195ea312b91b93481d8e4068bd8aec7ee937f95928bd55413061d400ee4d64,sheet1:R15,,,
23195ea312b91b93-sheet1-R16,2026-01-16,daegu-city,복지정책과,키키샤브,지역복지 현안사업 관련 업무협의 간담회 경비 지출,152000,23195ea312b91b93481d8e4068bd8aec7ee937f95928bd55413061d400ee4d64,sheet1:R16,,,
23195ea312b91b93-sheet1-R17,2026-01-19,daegu-city,복지정책과,"이루팜, 캐스트커피",통합돌봄 서비스 제공인력 교육 및 활용 업무협약 경비 지출,187500,23195ea312b91b93481d8e4068bd8aec7ee937f95928bd55413061d400ee4d64,sheet1:R17,,,
23195ea312b91b93-sheet1-R18,2026-01-19,daegu-city,복지정책과,최고집,현안업무 추진관련 업무협의 간담회 경비 지출,65000,23195ea312b91b93481d8e4068bd8aec7ee937f95928bd55413061d400ee4d64,sheet1:R18,,,
23195ea312b91b93-sheet1-R19,2026-01-20,daegu-city,복지정책과,성원정,지역복지 현안사업 관련 업무협의 간담회 경비 지출,114000,23195ea312b91b93481d8e4068bd8aec7ee937f95928bd55413061d400ee4d64,sheet1:R19,,,
23195ea312b91b93-sheet1-R20,2026-01-20,daegu-city,복지정책과,낙영찜갈비,직원 격려 간담회 경비 지출,71000,23195ea312b91b93481d8e4068bd8aec7ee937f95928bd55413061d400ee4d64,sheet1:R20,,,
23195ea312b91b93-sheet1-R21,2026-01-21,daegu-city,복지정책과,모얼동,통합돌봄 추진관련 업무협의 간담회 경비 지출,92000,23195ea312b91b93481d8e4068bd8aec7ee937f95928bd55413061d400ee4d64,sheet1:R21,,,
23195ea312b91b93-sheet1-R22,2026-01-22,daegu-city,복지정책과,부케,현안업무 추진관련 업무협의 간담회 경비 지출,120000,23195ea312b91b93481d8e4068bd8aec7ee937f95928bd55413061d400ee4d64,sheet1:R22,,,
23195ea312b91b93-sheet1-R23,2026-01-26,daegu-city,복지정책과,호남식당,현안업무 추진관련 업무협의 간담회 경비 지출,104000,23195ea312b91b93481d8e4068bd8aec7ee937f95928bd55413061d400ee4d64,sheet1:R23,,,
23195ea312b91b93-sheet1-R24,2026-01-26,daegu-city,복지정책과,이얼즈,사례관리 역량강화 교육 관련 간담회에 따른 경비 지출,27700,23195ea312b91b93481d8e4068bd8aec7ee937f95928bd55413061d400ee4d64,sheet1:R24,,,
23195ea312b91b93-sheet1-R25,2026-01-27,daegu-city,복지정책과,"캐스트커피, 파운드마켓",사회보장위원회 개최에 따른 다과 구입비 지출,177500,23195ea312b91b93481d8e4068bd8aec7ee937f95928bd55413061d400ee4d64,sheet1:R25,,,
23195ea312b91b93-sheet1-R26,2026-01-27,daegu-city,복지정책과,캐스트커피,통합돌봄 추진관련 시-대구보건대학교 간담회 경비 지출,55000,23195ea312b91b93481d8e4068bd8aec7ee937f95928bd55413061d400ee4d64,sheet1:R26,,,
23195ea312b91b93-sheet1-R27,2026-01-27,daegu-city,복지정책과,대원떡집,직원 격려를 위한 간식 구입비 지출,82500,23195ea312b91b93481d8e4068bd8aec7ee937f95928bd55413061d400ee4d64,sheet1:R27,,,
23195ea312b91b93-sheet1-R28,2026-01-29,daegu-city,복지정책과,캐스트커피,통합돌봄 구군 추진상황 보고회 경비 지출,220000,23195ea312b91b93481d8e4068bd8aec7ee937f95928bd55413061d400ee4d64,sheet1:R28,,,
23195ea312b91b93-sheet1-R29,2026-01-29,daegu-city,복지정책과,"더부자백숙, 매스커피",현안업무 추진 관련 간담회 경비 지출,465900,23195ea312b91b93481d8e4068bd8aec7ee937f95928bd55413061d400ee4d64,sheet1:R29,,,
23195ea312b91b93-sheet1-R30,2026-02-03,daegu-city,복지정책과,소담뜰,보훈단체장(보훈회관) 방문 소통 간담회 경비 지출,325000,23195ea312b91b93481d8e4068bd8aec7ee937f95928bd55413061d400ee4d64,sheet1:R30,,,
23195ea312b91b93-sheet1-R31,2026-02-05,daegu-city,복지정책과,최고집,지역복지 현안사업 관련 업무협의 간담회 경비 지출,84000,23195ea312b91b93481d8e4068bd8aec7ee937f95928bd55413061d400ee4d64,sheet1:R31,,,
23195ea312b91b93-sheet1-R32,2026-02-06,daegu-city,복지정책과,개인(성명 비공개),경조사비 지출,50000,23195ea312b91b93481d8e4068bd8aec7ee937f95928bd55413061d400ee4d64,sheet1:R32,,,
23195ea312b91b93-sheet1-R33,2026-02-06,daegu-city,복지정책과,더부자백숙,지역복지 현안사업 관련 업무협의 간담회 경비 지출,225000,23195ea312b91b93481d8e4068bd8aec7ee937f95928bd55413061d400ee4d64,sheet1:R33,,,
23195ea312b91b93-sheet1-R34,2026-02-10,daegu-city,복지정책과,삐에뜨라,지역복지 현안사업 관련 업무협의 간담회 경비 지출,167000,23195ea312b91b93481d8e4068bd8aec7ee937f95928bd55413061d400ee4d64,sheet1:R34,,,
23195ea312b91b93-sheet1-R35,2026-02-10,daegu-city,복지정책과,iM 뱅크/온누리상품권,2026년 설 명절 사회복지시설 위문 상품권 구입비 지출,500000,23195ea312b91b93481d8e4068bd8aec7ee937f95928bd55413061d400ee4d64,sheet1:R35,,,
23195ea312b91b93-sheet1-R36,2026-02-11,daegu-city,복지정책과,안동갈비갈비살,통합돌봄 추진관련 시-영남이공대학교 간담회 경비 지출,270000,23195ea312b91b93481d8e4068bd8aec7ee937f95928bd55413061d400ee4d64,sheet1:R36,,,
23195ea312b91b93-sheet1-R37,2026-02-11,daegu-city,복지정책과,iM 뱅크/온누리상품권,2026년 설 명절 사회복지시설 위문 상품권 구입비 지출,1000000,23195ea312b91b93481d8e4068bd8aec7ee937f95928bd55413061d400ee4d64,sheet1:R37,,,
23195ea312b91b93-sheet1-R38,2026-02-13,daegu-city,복지정책과,캐스트커피,현안업무 추진관련 업무협의 간담회 경비 지출,107500,23195ea312b91b93481d8e4068bd8aec7ee937f95928bd55413061d400ee4d64,sheet1:R38,,,
23195ea312b91b93-sheet1-R39,2026-02-20,daegu-city,복지정책과,개인(성명 비공개),경조사비 지출,50000,23195ea312b91b93481d8e4068bd8aec7ee937f95928bd55413061d400ee4d64,sheet1:R39,,,
23195ea312b91b93-sheet1-R40,2026-02-20,daegu-city,복지정책과,더부자백숙,직원 격려 간담회 경비 지출,525000,23195ea312b91b93481d8e4068bd8aec7ee937f95928bd55413061d400ee4d64,sheet1:R40,,,
23195ea312b91b93-sheet1-R41,2026-02-23,daegu-city,복지정책과,한우정,현안업무 추진관련 업무협의 간담회 경비 지출,111000,23195ea312b91b93481d8e4068bd8aec7ee937f95928bd55413061d400ee4d64,sheet1:R41,,,
23195ea312b91b93-sheet1-R42,2026-02-27,daegu-city,복지정책과,정우식당,지역복지 현안사업 관련 업무협의 간담회 경비 지출,140000,23195ea312b91b93481d8e4068bd8aec7ee937f95928bd55413061d400ee4d64,sheet1:R42,,,
23195ea312b91b93-sheet1-R43,2026-03-01,daegu-city,복지정책과,낙영찜갈비,제107주년 3·1절 기념 오찬간담회 경비 지출,3591000,23195ea312b91b93481d8e4068bd8aec7ee937f95928bd55413061d400ee4d64,sheet1:R43,,,
23195ea312b91b93-sheet1-R44,2026-03-09,daegu-city,복지정책과,캐스트커피,노숙인시설 현안업무 관련 업무협의 간담회 경비 지출,130000,23195ea312b91b93481d8e4068bd8aec7ee937f95928bd55413061d400ee4d64,sheet1:R44,,,
23195ea312b91b93-sheet1-R45,2026-03-09,daegu-city,복지정책과,더부자백숙,(구)시립희망원 관련 업무협의 간담회 경비 지출,252000,23195ea312b91b93481d8e4068bd8aec7ee937f95928bd55413061d400ee4d64,sheet1:R45,,,
23195ea312b91b93-sheet1-R46,2026-03-10,daegu-city,복지정책과,캐스트커피,찾아가는 복지서비스 추진을 위한 간담회에 따른 경비 지출,117900,23195ea312b91b93481d8e4068bd8aec7ee937f95928bd55413061d400ee4d64,sheet1:R46,,,
23195ea312b91b93-sheet1-R47,2026-03-10,daegu-city,복지정책과,낙영찜갈비,현안업무 추진관련 업무협의 간담회 경비 지출,142000,23195ea312b91b93481d8e4068bd8aec7ee937f95928bd55413061d400ee4d64,sheet1:R47,,,
23195ea312b91b93-sheet1-R48,2026-03-11,daegu-city,복지정책과,들메꽃,지역복지 현안사업 관련 업무협의 간담회 경비 지출,196000,23195ea312b91b93481d8e4068bd8aec7ee937f95928bd55413061d400ee4d64,sheet1:R48,,,
23195ea312b91b93-sheet1-R49,2026-03-12,daegu-city,복지정책과,캐스트커피,통합돌봄 추진관련 구군 등 간담회 경비 지출,80000,23195ea312b91b93481d8e4068bd8aec7ee937f95928bd55413061d400ee4d64,sheet1:R49,,,
23195ea312b91b93-sheet1-R50,2026-03-19,daegu-city,복지정책과,모비딕에프앤비,내방 민원인 접대 등 부속실 운영 물품 구입,100000,23195ea312b91b93481d8e4068bd8aec7ee937f95928bd55413061d400ee4d64,sheet1:R50,,,
23195ea312b91b93-sheet1-R51,2026-03-20,daegu-city,복지정책과,캐스트커피,퇴원환자 연계 사업 업무협약 경비 지출,195000,23195ea312b91b93481d8e4068bd8aec7ee937f95928bd55413061d400ee4d64,sheet1:R51,,,
23195ea312b91b93-sheet1-R52,2026-03-20,daegu-city,복지정책과,캐스트커피,통합돌봄 추진관련 점검회의 경비 지출,200000,23195ea312b91b93481d8e4068bd8aec7ee937f95928bd55413061d400ee4d64,sheet1:R52,,,
23195ea312b91b93-sheet1-R53,2026-03-20,daegu-city,복지정책과,최고집,통합돌봄 추진관련 구군 등 간담회 경비 지출,91000,23195ea312b91b93481d8e4068bd8aec7ee937f95928bd55413061d400ee4d64,sheet1:R53,,,
23195ea312b91b93-sheet1-R54,2026-03-20,daegu-city,복지정책과,더부자백숙,시의회 소통강화를 위한 간담회 경비 지출,380000,23195ea312b91b93481d8e4068bd8aec7ee937f95928bd55413061d400ee4d64,sheet1:R54,,,
23195ea312b91b93-sheet1-R55,2026-03-25,daegu-city,복지정책과,개인(성명 비공개),경조사비 지출,50000,23195ea312b91b93481d8e4068bd8aec7ee937f95928bd55413061d400ee4d64,sheet1:R55,,,
dc0b9f1fe6bfeb75-sheet1-R6,2026-01-12,daegu-city,농산유통과,곤지곤지 침산점(북구 침산남로 37길27),농정업무 추진 간담회 경비 지출,123400,dc0b9f1fe6bfeb75dfd99c508cfbd622f0a99c3301bb12b3e23a77be009d99df,sheet1:R6,,,
dc0b9f1fe6bfeb75-sheet1-R7,2026-01-14,daegu-city,농산유통과,조르지오 피렌체(북구 호암로 51),농식품 산업 활성화를 위한 간담회 개최,91600,dc0b9f1fe6bfeb75dfd99c508cfbd622f0a99c3301bb12b3e23a77be009d99df,sheet1:R7,,,
dc0b9f1fe6bfeb75-sheet1-R8,2026-02-06,daegu-city,농산유통과,뱃머리횟집(동구 송라로 159),농업현안 업무 협의 관련 간담회 경비 지출,354000,dc0b9f1fe6bfeb75dfd99c508cfbd622f0a99c3301bb12b3e23a77be009d99df,sheet1:R8,,,
dc0b9f1fe6bfeb75-sheet1-R9,2026-02-11,daegu-city,농산유통과,팔공산엄마밥상 산격엑스코점(북구 대불로 17) 외 1개소,2026년도 박람회 개최 관련 간담회 경비 지출,333000,dc0b9f1fe6bfeb75dfd99c508cfbd622f0a99c3301bb12b3e23a77be009d99df,sheet1:R9,,,
dc0b9f1fe6bfeb75-sheet1-R10,2026-02-26,daegu-city,농산유통과,팔선생(수성구 범어천로 170-1),농수산물도매시장 시설현대화사업 추진 간담회 경비 지출,430000,dc0b9f1fe6bfeb75dfd99c508cfbd622f0a99c3301bb12b3e23a77be009d99df,sheet1:R10,,,
dc0b9f1fe6bfeb75-sheet1-R11,2026-03-04,daegu-city,농산유통과,싱싱하고 신선한 해물식당(중구 태평로 177),농식품 글로벌 판촉행사 개최를 위한 간담회 개최,232000,dc0b9f1fe6bfeb75dfd99c508cfbd622f0a99c3301bb12b3e23a77be009d99df,sheet1:R11,,,
dc0b9f1fe6bfeb75-sheet1-R12,2026-03-11,daegu-city,농산유통과,장터분식(안동시 길안면 천지길 55),어린이 과일간식지원사업 간담회 경비 지출,100000,dc0b9f1fe6bfeb75dfd99c508cfbd622f0a99c3301bb12b3e23a77be009d99df,sheet1:R12,,,
dc0b9f1fe6bfeb75-sheet1-R13,2026-03-12,daegu-city,농산유통과,감포생밀복(북구 침산남로7길2-1)외 1,2026년 미삼 소비촉진행사 홍보 등을 위한 간담회 개최 비용 지출,86000,dc0b9f1fe6bfeb75dfd99c508cfbd622f0a99c3301bb12b3e23a77be009d99df,sheet1:R13,,,
dc0b9f1fe6bfeb75-sheet1-R14,2026-03-16,daegu-city,농산유통과,낙칼 침산점(북구 옥산로 17길14)외 1,주요 농정업무 홍보 등을 위한 간담회 경비 지출,99950,dc0b9f1fe6bfeb75dfd99c508cfbd622f0a99c3301bb12b3e23a77be009d99df,sheet1:R14,,,
dc0b9f1fe6bfeb75-sheet1-R15,2026-03-26,daegu-city,농산유통과,둥지톳밥(동구 동대구로 466) 외 1개소,주요 현안업무 추진을 위한 간담회 경비 지출,95500,dc0b9f1fe6bfeb75dfd99c508cfbd622f0a99c3301bb12b3e23a77be009d99df,sheet1:R15,,,
dc0b9f1fe6bfeb75-sheet1-R16,2026-03-31,daegu-city,농산유통과,수평선갈치(제주공항점),(사)한국농업경영인대구시연합회 전국대회 참석 회원 격려 및 간담회 개최 경비 지출,287000,dc0b9f1fe6bfeb75dfd99c508cfbd622f0a99c3301bb12b3e23a77be009d99df,sheet1:R16,,,
ef7438f761afb659-sheet1-R4,2026-01-07,daegu-city,공항정책관,로지우라,현안업무 추진 관련 간담회 경비 지출(국장),210000,ef7438f761afb659368c2c71f9800cf5c881995eb6e0733ae21ae9d12679a912,sheet1:R4,,,
ef7438f761afb659-sheet1-R5,2026-01-09,daegu-city,공항정책관,경복궁앤도시락서여의도점(주)엔타스,현안업무 추진 관련 간담회 경비 지출(단장),232000,ef7438f761afb659368c2c71f9800cf5c881995eb6e0733ae21ae9d12679a912,sheet1:R5,,,
ef7438f761afb659-sheet1-R6,2026-01-12,daegu-city,공항정책관,장원,현안업무 추진 관련 간담회 경비 지출(단장),85000,ef7438f761afb659368c2c71f9800cf5c881995eb6e0733ae21ae9d12679a912,sheet1:R6,,,
ef7438f761afb659-sheet1-R7,2026-01-13,daegu-city,공항정책관,피제리아50칼로,시책 홍보 관련 언론 관계자 간담회 경비 지출,115000,ef7438f761afb659368c2c71f9800cf5c881995eb6e0733ae21ae9d12679a912,sheet1:R7,,,
ef7438f761afb659-sheet1-R8,2026-01-14,daegu-city,공항정책관,하나해물탕,시책 홍보 관련 언론 관계자 간담회 경비 지출(단장),53000,ef7438f761afb659368c2c71f9800cf5c881995eb6e0733ae21ae9d12679a912,sheet1:R8,,,
ef7438f761afb659-sheet1-R9,2026-01-14,daegu-city,공항정책관,이우철한방누룽지삼계탕 상인점,현안업무 추진 관련 간담회 경비 지출,72000,ef7438f761afb659368c2c71f9800cf5c881995eb6e0733ae21ae9d12679a912,sheet1:R9,,,
ef7438f761afb659-sheet1-R10,2026-01-14,daegu-city,공항정책관,스타벅스 코리아,관계기관 방문을 위한 다과 구입비 지출,98300,ef7438f761afb659368c2c71f9800cf5c881995eb6e0733ae21ae9d12679a912,sheet1:R10,,,
ef7438f761afb659-sheet1-R11,2026-01-16,daegu-city,공항정책관,유림식당,시책 홍보 관련 언론 관계자 간담회 경비 지출(단장),71000,ef7438f761afb659368c2c71f9800cf5c881995eb6e0733ae21ae9d12679a912,sheet1:R11,,,
ef7438f761afb659-sheet1-R12,2026-01-20,daegu-city,공항정책관,바스코,시책 홍보 관련 언론 관계자 간담회 경비 지출,144800,ef7438f761afb659368c2c71f9800cf5c881995eb6e0733ae21ae9d12679a912,sheet1:R12,,,
ef7438f761afb659-sheet1-R13,2026-01-20,daegu-city,공항정책관,만재네,현안업무 추진관련 간담회 경비 지출,284000,ef7438f761afb659368c2c71f9800cf5c881995eb6e0733ae21ae9d12679a912,sheet1:R13,,,
ef7438f761afb659-sheet1-R14,2026-01-21,daegu-city,공항정책관,롯데역사(주)대구점,현안업무 추진 관련 간담회 경비 지출(국장),56000,ef7438f761afb659368c2c71f9800cf5c881995eb6e0733ae21ae9d12679a912,sheet1:R14,,,
ef7438f761afb659-sheet1-R15,2026-01-22,daegu-city,공항정책관,호목신천시장점,현안업무 추진 관련 간담회 경비 지출(국장),194000,ef7438f761afb659368c2c71f9800cf5c881995eb6e0733ae21ae9d12679a912,sheet1:R15,,,
ef7438f761afb659-sheet1-R16,2026-01-23,daegu-city,공항정책관,온돌방,시책 홍보 관련 언론 관계자 간담회 경비 지출,60000,ef7438f761afb659368c2c71f9800cf5c881995eb6e0733ae21ae9d12679a912,sheet1:R16,,,
ef7438f761afb659-sheet1-R17,2026-01-26,daegu-city,공항정책관,대담히,시책 홍보 관련 언론 관계자 간담회 경비 지출,98000,ef7438f761afb659368c2c71f9800cf5c881995eb6e0733ae21ae9d12679a912,sheet1:R17,,,
ef7438f761afb659-sheet1-R18,2026-01-27,daegu-city,공항정책관,낙영찜갈비 별관,시책 홍보 관련 언론 관계자 간담회 경비 지출(국장),218000,ef7438f761afb659368c2c71f9800cf5c881995eb6e0733ae21ae9d12679a912,sheet1:R18,,,
ef7438f761afb659-sheet1-R19,2026-01-27,daegu-city,공항정책관,녹용식당,현안업무 추진관련 간담회 경비 지출(단장),160000,ef7438f761afb659368c2c71f9800cf5c881995eb6e0733ae21ae9d12679a912,sheet1:R19,,,
ef7438f761afb659-sheet1-R20,2026-01-29,daegu-city,공항정책관,피제리아50칼로,현안업무 추진 관련 간담회 경비 지출,260100,ef7438f761afb659368c2c71f9800cf5c881995eb6e0733ae21ae9d12679a912,sheet1:R20,,,
ef7438f761afb659-sheet1-R21,2026-02-02,daegu-city,공항정책관,코레일유통주식회사(동대구역),관계기관 방문을 위한 다과 구입비 지출,44900,ef7438f761afb659368c2c71f9800cf5c881995eb6e0733ae21ae9d12679a912,sheet1:R21,,,
ef7438f761afb659-sheet1-R22,2026-02-04,daegu-city,공항정책관,덕클대구삼덕,시책 홍보 관련 언론 관계자 간담회 경비 지출,196700,ef7438f761afb659368c2c71f9800cf5c881995eb6e0733ae21ae9d12679a912,sheet1:R22,,,
ef7438f761afb659-sheet1-R23,2026-02-06,daegu-city,공항정책관,해금강,현안업무 추진관련 간담회 경비 지출(단장),124000,ef7438f761afb659368c2c71f9800cf5c881995eb6e0733ae21ae9d12679a912,sheet1:R23,,,
ef7438f761afb659-sheet1-R24,2026-02-06,daegu-city,공항정책관,그미네생고기전문점,시책 홍보 관련 언론 관계자 간담회 경비 지출(국장),170000,ef7438f761afb659368c2c71f9800cf5c881995eb6e0733ae21ae9d12679a912,sheet1:R24,,,
ef7438f761afb659-sheet1-R25,2026-02-09,daegu-city,공항정책관,(주)신화케이푸드,현안업무 추진관련 간담회 경비 지출(단장),150000,ef7438f761afb659368c2c71f9800cf5c881995eb6e0733ae21ae9d12679a912,sheet1:R25,,,
ef7438f761afb659-sheet1-R26,2026-02-09,daegu-city,공항정책관,지에이피유통 영농조합법인,설 명절 관련 지역 특산품 구입비 지출,605000,ef7438f761afb659368c2c71f9800cf5c881995eb6e0733ae21ae9d12679a912,sheet1:R26,,,
ef7438f761afb659-sheet1-R27,2026-02-19,daegu-city,공항정책관,새로나,현안업무 추진 관련 간담회 경비 지출(국장),109000,ef7438f761afb659368c2c71f9800cf5c881995eb6e0733ae21ae9d12679a912,sheet1:R27,,,
ef7438f761afb659-sheet1-R28,2026-02-23,daegu-city,공항정책관,경복궁앤도시락서여의도점(주)엔타스,현안업무 추진관련 간담회 경비 지출(단장),200000,ef7438f761afb659368c2c71f9800cf5c881995eb6e0733ae21ae9d12679a912,sheet1:R28,,,
ef7438f761afb659-sheet1-R29,2026-02-24,daegu-city,공항정책관,유가정,현안업무 추진관련 간담회 경비 지출(단장),112000,ef7438f761afb659368c2c71f9800cf5c881995eb6e0733ae21ae9d12679a912,sheet1:R29,,,
ef7438f761afb659-sheet1-R30,2026-02-27,daegu-city,공항정책관,남강장어,현안업무 추진관련 간담회 경비 지출(단장),223000,ef7438f761afb659368c2c71f9800cf5c881995eb6e0733ae21ae9d12679a912,sheet1:R30,,,
ef7438f761afb659-sheet1-R31,2026-03-06,daegu-city,공항정책관,스시초밥 진베 수성범어점,현안업무 추진 관련 간담회 경비 지출(국장),155000,ef7438f761afb659368c2c71f9800cf5c881995eb6e0733ae21ae9d12679a912,sheet1:R31,,,
ef7438f761afb659-sheet1-R32,2026-03-09,daegu-city,공항정책관,어전,현안업무 추진 관련 간담회 경비 지출(국장),236000,ef7438f761afb659368c2c71f9800cf5c881995eb6e0733ae21ae9d12679a912,sheet1:R32,,,
ef7438f761afb659-sheet1-R33,2026-03-10,daegu-city,공항정책관,감포생아구해물,시책 홍보 관련 언론 관계자 간담회 경비 지출(단장),84000,ef7438f761afb659368c2c71f9800cf5c881995eb6e0733ae21ae9d12679a912,sheet1:R33,,,
ef7438f761afb659-sheet1-R34,2026-03-18,daegu-city,공항정책관,파리크라상 여의도2호점외 1,관계기관 방문을 위한 다과 구입비 지출,122000,ef7438f761afb659368c2c71f9800cf5c881995eb6e0733ae21ae9d12679a912,sheet1:R34,,,
ef7438f761afb659-sheet1-R35,2026-03-19,daegu-city,공항정책관,감포생밀복,시책 홍보 관련 언론 관계자 간담회 경비 지출(단장),89000,ef7438f761afb659368c2c71f9800cf5c881995eb6e0733ae21ae9d12679a912,sheet1:R35,,,
ef7438f761afb659-sheet1-R36,2026-03-24,daegu-city,공항정책관,백두대감식당,현안업무 추진 관련 간담회 경비 지출(국장),134000,ef7438f761afb659368c2c71f9800cf5c881995eb6e0733ae21ae9d12679a912,sheet1:R36,,,
ef7438f761afb659-sheet1-R37,2026-03-25,daegu-city,공항정책관,제주흑우,현안업무 추진관련 간담회 경비 지출(단장),300000,ef7438f761afb659368c2c71f9800cf5c881995eb6e0733ae21ae9d12679a912,sheet1:R37,,,
ef7438f761afb659-sheet1-R38,2026-03-30,daegu-city,공항정책관,오롯이,현안업무 추진 관련 간담회 경비 지출(국장),94000,ef7438f761afb659368c2c71f9800cf5c881995eb6e0733ae21ae9d12679a912,sheet1:R38,,,
ef7438f761afb659-sheet1-R39,2026-03-30,daegu-city,공항정책관,커피명가 엑스코점,현안업무 추진관련 간담회 경비 지출(단장),31300,ef7438f761afb659368c2c71f9800cf5c881995eb6e0733ae21ae9d12679a912,sheet1:R39,,,
ef7438f761afb659-sheet1-R40,2026-03-31,daegu-city,공항정책관,유아이유 산격점외 1,현안업무 추진관련 간담회 경비 지출,99000,ef7438f761afb659368c2c71f9800cf5c881995eb6e0733ae21ae9d12679a912,sheet1:R40,,,
ef7438f761afb659-sheet1-R41,2026-01-02,daegu-city,공항정책관,신암태양칼국수,직원 격려 간담회 경비 지출(단장),171500,ef7438f761afb659368c2c71f9800cf5c881995eb6e0733ae21ae9d12679a912,sheet1:R41,,,
ef7438f761afb659-sheet1-R42,2026-01-13,daegu-city,공항정책관,광명반점,직원 격려 간담회 경비 지출(단장),125500,ef7438f761afb659368c2c71f9800cf5c881995eb6e0733ae21ae9d12679a912,sheet1:R42,,,
ef7438f761afb659-sheet1-R43,2026-01-13,daegu-city,공항정책관,복호두침산점,직원 격려 간담회 경비 지출(단장),70000,ef7438f761afb659368c2c71f9800cf5c881995eb6e0733ae21ae9d12679a912,sheet1:R43,,,
ef7438f761afb659-sheet1-R44,2026-01-19,daegu-city,공항정책관,팔공산엄마밥상(침산점),직원 격려 간담회 경비 지출(단장),85000,ef7438f761afb659368c2c71f9800cf5c881995eb6e0733ae21ae9d12679a912,sheet1:R44,,,
ef7438f761afb659-sheet1-R45,2026-01-26,daegu-city,공항정책관,봄날그전집,직원 격려 간담회 경비 지출(국장),216000,ef7438f761afb659368c2c71f9800cf5c881995eb6e0733ae21ae9d12679a912,sheet1:R45,,,
ef7438f761afb659-sheet1-R46,2026-01-29,daegu-city,공항정책관,정관장 수성교점,내방객 접대용 다과류 구입비 지출,96300,ef7438f761afb659368c2c71f9800cf5c881995eb6e0733ae21ae9d12679a912,sheet1:R46,,,
ef7438f761afb659-sheet1-R47,2026-01-30,daegu-city,공항정책관,교동면옥동인점,직원 격려 간담회 경비 지출(단장),179000,ef7438f761afb659368c2c71f9800cf5c881995eb6e0733ae21ae9d12679a912,sheet1:R47,,,
ef7438f761afb659-sheet1-R48,2026-01-30,daegu-city,공항정책관,낙영찜갈비 별관,직원 격려 간담회 경비 지출(국장),74000,ef7438f761afb659368c2c71f9800cf5c881995eb6e0733ae21ae9d12679a912,sheet1:R48,,,
ef7438f761afb659-sheet1-R49,2026-02-02,daegu-city,공항정책관,대구시청(공항정책관),직원 경조사비 지출,50000,ef7438f761afb659368c2c71f9800cf5c881995eb6e0733ae21ae9d12679a912,sheet1:R49,,,
ef7438f761afb659-sheet1-R50,2026-02-02,daegu-city,공항정책관,대구시청(공항정책관),직원 경조사비 지출,50000,ef7438f761afb659368c2c71f9800cf5c881995eb6e0733ae21ae9d12679a912,sheet1:R50,,,
ef7438f761afb659-sheet1-R51,2026-02-02,daegu-city,공항정책관,장본가,직원 격려 간담회 경비 지출(단장),189000,ef7438f761afb659368c2c71f9800cf5c881995eb6e0733ae21ae9d12679a912,sheet1:R51,,,
ef7438f761afb659-sheet1-R52,2026-02-13,daegu-city,공항정책관,덕보만두,직원 격려 간담회 경비 지출(단장),103000,ef7438f761afb659368c2c71f9800cf5c881995eb6e0733ae21ae9d12679a912,sheet1:R52,,,
ef7438f761afb659-sheet1-R53,2026-02-19,daegu-city,공항정책관,연암 옹심이칼국수,직원 격려 간담회 경비 지출(단장),157500,ef7438f761afb659368c2c71f9800cf5c881995eb6e0733ae21ae9d12679a912,sheet1:R53,,,
ef7438f761afb659-sheet1-R54,2026-03-03,daegu-city,공항정책관,대백마트 산격점,내방객 접대용 다과류 구입비 지출,400000,ef7438f761afb659368c2c71f9800cf5c881995eb6e0733ae21ae9d12679a912,sheet1:R54,,,
ef7438f761afb659-sheet1-R55,2026-03-03,daegu-city,공항정책관,유림식당,직원 격려 간담회 경비 지출(단장),72000,ef7438f761afb659368c2c71f9800cf5c881995eb6e0733ae21ae9d12679a912,sheet1:R55,,,
ef7438f761afb659-sheet1-R56,2026-03-11,daegu-city,공항정책관,에밀리아 파스타,직원 격려 간담회 경비 지출(단장),89000,ef7438f761afb659368c2c71f9800cf5c881995eb6e0733ae21ae9d12679a912,sheet1:R56,,,
ef7438f761afb659-sheet1-R57,2026-03-12,daegu-city,공항정책관,재바우참숯불,직원 격려 간담회 경비 지출(단장),229000,ef7438f761afb659368c2c71f9800cf5c881995eb6e0733ae21ae9d12679a912,sheet1:R57,,,
ef7438f761afb659-sheet1-R58,2026-03-13,daegu-city,공항정책관,교동면옥동인점,직원 격려 간담회 경비 지출(단장),86000,ef7438f761afb659368c2c71f9800cf5c881995eb6e0733ae21ae9d12679a912,sheet1:R58,,,
ef7438f761afb659-sheet1-R59,2026-03-30,daegu-city,공항정책관,장원,직원 격려 간담회 경비 지출(단장),133000,ef7438f761afb659368c2c71f9800cf5c881995eb6e0733ae21ae9d12679a912,sheet1:R59,,,
01c39bad75fa405b-sheet1-R6,2026-03-18,daegu-city,고산정수사업소,소장 권금용,경조사비 지급,50000,01c39bad75fa405b0ed442730ef83084eb316d0104a525bd04455e716a599a3e,sheet1:R6,,,
01c39bad75fa405b-sheet1-R7,2026-03-11,daegu-city,고산정수사업소,BC카드사장(방어진참가자미),현안업무 추진 협의에 따른 간담회 경비 지출,156000,01c39bad75fa405b0ed442730ef83084eb316d0104a525bd04455e716a599a3e,sheet1:R7,,,
01c39bad75fa405b-sheet1-R8,2026-02-12,daegu-city,고산정수사업소,BC카드사장(홈마트시지점),설 명절 연휴 근무자 간식 구입,349160,01c39bad75fa405b0ed442730ef83084eb316d0104a525bd04455e716a599a3e,sheet1:R8,,,
01c39bad75fa405b-sheet1-R9,2026-01-15,daegu-city,고산정수사업소,BC카드사장(아침에떡집),인사이동 전출직원 격려 간식 구입,32000,01c39bad75fa405b0ed442730ef83084eb316d0104a525bd04455e716a599a3e,sheet1:R9,,,
01c39bad75fa405b-sheet1-R10,2026-01-08,daegu-city,고산정수사업소,BC카드사장(파리바게트),인사이동 직원 격려 간식 구입,70000,01c39bad75fa405b0ed442730ef83084eb316d0104a525bd04455e716a599a3e,sheet1:R10,,,
01c39bad75fa405b-sheet2-R6,2026-03-25,daegu-city,고산정수사업소,BC카드사장(공심옥),시책업무 추진을 위한 간담회 경비 지출,70000,01c39bad75fa405b0ed442730ef83084eb316d0104a525bd04455e716a599a3e,sheet2:R6,,,
01c39bad75fa405b-sheet2-R7,2026-03-16,daegu-city,고산정수사업소,BC카드사장(전복명가),시책업무 추진을 위한 간담회 경비 지출,120000,01c39bad75fa405b0ed442730ef83084eb316d0104a525bd04455e716a599a3e,sheet2:R7,,,
db54e43c0fb5a5db-sheet1-R7,2026-01-12,daegu-city,시설 관리소,시설관리소,업무 협의 간담회 경비 지출,229000,db54e43c0fb5a5dbf00a2807accedf7257d7a5c41dac31b44bde59596e89cf40,sheet1:R7,,,
db54e43c0fb5a5db-sheet1-R8,2026-01-12,daegu-city,시설 관리소,시설관리소,인사이동에 따른 내방객 접대 및 직원 회의용 다과 구입,132000,db54e43c0fb5a5dbf00a2807accedf7257d7a5c41dac31b44bde59596e89cf40,sheet1:R8,,,
db54e43c0fb5a5db-sheet1-R9,2026-01-28,daegu-city,시설 관리소,시설관리소,직원 격려 간담회 경비 지출,217000,db54e43c0fb5a5dbf00a2807accedf7257d7a5c41dac31b44bde59596e89cf40,sheet1:R9,,,
db54e43c0fb5a5db-sheet1-R10,2026-02-09,daegu-city,시설 관리소,시설관리소,2026년 설 연휴 근무자 간식 구입,510230,db54e43c0fb5a5dbf00a2807accedf7257d7a5c41dac31b44bde59596e89cf40,sheet1:R10,,,
db54e43c0fb5a5db-sheet1-R11,2026-02-23,daegu-city,시설 관리소,시설관리소,직원 격려 간담회 경비 지출,285000,db54e43c0fb5a5dbf00a2807accedf7257d7a5c41dac31b44bde59596e89cf40,sheet1:R11,,,
db54e43c0fb5a5db-sheet1-R12,2026-03-04,daegu-city,시설 관리소,시설관리소,직원 경조사비 지출,50000,db54e43c0fb5a5dbf00a2807accedf7257d7a5c41dac31b44bde59596e89cf40,sheet1:R12,,,
db54e43c0fb5a5db-sheet1-R13,2026-03-23,daegu-city,시설 관리소,시설관리소,내방객 제공용 다과 및 음료 구입,60600,db54e43c0fb5a5dbf00a2807accedf7257d7a5c41dac31b44bde59596e89cf40,sheet1:R13,,,
86a1135f08bd4419-sheet1-R6,2026-01-08,daegu-city,주택과,고릴라해산물,현안업무 추진을 위한 간담회 경비 지출,200000,86a1135f08bd4419603d832a41e1ed913765f1249223fecdfb17bb152e660cf6,sheet1:R6,,,
86a1135f08bd4419-sheet1-R7,2026-01-12,daegu-city,주택과,감포생밀복/어게인,현안업무 추진을 위한 간담회 경비 지출,97050,86a1135f08bd4419603d832a41e1ed913765f1249223fecdfb17bb152e660cf6,sheet1:R7,,,
86a1135f08bd4419-sheet1-R8,2026-01-14,daegu-city,주택과,징기스,현안업무 추진을 위한 간담회 경비 지출,142000,86a1135f08bd4419603d832a41e1ed913765f1249223fecdfb17bb152e660cf6,sheet1:R8,,,
86a1135f08bd4419-sheet1-R9,2026-01-15,daegu-city,주택과,나이스마트,제57차 공동주택 관리분야 감사 시행에 따른 다과비 지출,300000,86a1135f08bd4419603d832a41e1ed913765f1249223fecdfb17bb152e660cf6,sheet1:R9,,,
86a1135f08bd4419-sheet1-R10,2026-01-20,daegu-city,주택과,라꾸엔/가비뜰,주택정책사업 추진을 위한 간담회 경비 지출,135000,86a1135f08bd4419603d832a41e1ed913765f1249223fecdfb17bb152e660cf6,sheet1:R10,,,
86a1135f08bd4419-sheet1-R11,2026-01-30,daegu-city,주택과,식도관/금성다방,부서 직원 격려를 위한 간담회 경비 지출,82000,86a1135f08bd4419603d832a41e1ed913765f1249223fecdfb17bb152e660cf6,sheet1:R11,,,
86a1135f08bd4419-sheet1-R12,2026-02-03,daegu-city,주택과,닭올닭,부서 직원 격려를 위한 간담회 경비 지출,150000,86a1135f08bd4419603d832a41e1ed913765f1249223fecdfb17bb152e660cf6,sheet1:R12,,,
86a1135f08bd4419-sheet1-R13,2026-02-09,daegu-city,주택과,정동진,현안업무 추진을 위한 간담회 경비 지출,480000,86a1135f08bd4419603d832a41e1ed913765f1249223fecdfb17bb152e660cf6,sheet1:R13,,,
86a1135f08bd4419-sheet1-R14,2026-02-24,daegu-city,주택과,코레일유통주식회사,주거복지 사업 추진을 위한 간담회 경비 지출,118000,86a1135f08bd4419603d832a41e1ed913765f1249223fecdfb17bb152e660cf6,sheet1:R14,,,
86a1135f08bd4419-sheet1-R15,2026-03-17,daegu-city,주택과,풍천민물장어,현안업무 추진을 위한 간담회 경비 지출,154000,86a1135f08bd4419603d832a41e1ed913765f1249223fecdfb17bb152e660cf6,sheet1:R15,,,
86a1135f08bd4419-sheet1-R16,2026-03-12,daegu-city,주택과,어물전,현안업무 추진을 위한 간담회 경비 지출,78000,86a1135f08bd4419603d832a41e1ed913765f1249223fecdfb17bb152e660cf6,sheet1:R16,,,
86a1135f08bd4419-sheet1-R17,2026-03-30,daegu-city,주택과,조르지오피렌체/아티제,현안업무 추진을 위한 간담회 경비 지출,227300,86a1135f08bd4419603d832a41e1ed913765f1249223fecdfb17bb152e660cf6,sheet1:R17,,,
beb15a30e84b221f-sheet1-R7,2026-01-07,daegu-city,총무과,남도명가,직원격려 식사,195000,beb15a30e84b221f2476750c2e3e0f4d387e0dd399f139d125e20f08c5cc4d4c,sheet1:R7,,,
beb15a30e84b221f-sheet1-R8,2026-01-14,daegu-city,총무과,안스커피,내방객 다과,350000,beb15a30e84b221f2476750c2e3e0f4d387e0dd399f139d125e20f08c5cc4d4c,sheet1:R8,,,
beb15a30e84b221f-sheet1-R9,2026-02-02,daegu-city,총무과,형제옛날불고기,직원격려 식사,429000,beb15a30e84b221f2476750c2e3e0f4d387e0dd399f139d125e20f08c5cc4d4c,sheet1:R9,,,
beb15a30e84b221f-sheet1-R10,2026-02-03,daegu-city,총무과,안스커피,내방객 다과,128000,beb15a30e84b221f2476750c2e3e0f4d387e0dd399f139d125e20f08c5cc4d4c,sheet1:R10,,,
beb15a30e84b221f-sheet1-R11,2026-02-10,daegu-city,총무과,미던,직원격려 간식,100000,beb15a30e84b221f2476750c2e3e0f4d387e0dd399f139d125e20f08c5cc4d4c,sheet1:R11,,,
beb15a30e84b221f-sheet1-R12,2026-02-10,daegu-city,총무과,미던,직원격려 간식,110000,beb15a30e84b221f2476750c2e3e0f4d387e0dd399f139d125e20f08c5cc4d4c,sheet1:R12,,,
beb15a30e84b221f-sheet1-R13,2026-02-11,daegu-city,총무과,금산삼계탕,직원격려 식사,108000,beb15a30e84b221f2476750c2e3e0f4d387e0dd399f139d125e20f08c5cc4d4c,sheet1:R13,,,
beb15a30e84b221f-sheet1-R14,2026-02-11,daegu-city,총무과,SSG,당직자 부식,149110,beb15a30e84b221f2476750c2e3e0f4d387e0dd399f139d125e20f08c5cc4d4c,sheet1:R14,,,
beb15a30e84b221f-sheet1-R15,2026-02-19,daegu-city,총무과,오곡떡집 외,직원격려 간식,100000,beb15a30e84b221f2476750c2e3e0f4d387e0dd399f139d125e20f08c5cc4d4c,sheet1:R15,,,
beb15a30e84b221f-sheet1-R16,2026-03-05,daegu-city,총무과,안스커피,내방객 다과,127000,beb15a30e84b221f2476750c2e3e0f4d387e0dd399f139d125e20f08c5cc4d4c,sheet1:R16,,,
beb15a30e84b221f-sheet2-R7,2026-01-21,daegu-city,총무과,더부자백숙,업무협의간담회,95000,beb15a30e84b221f2476750c2e3e0f4d387e0dd399f139d125e20f08c5cc4d4c,sheet2:R7,,,
beb15a30e84b221f-sheet2-R8,2026-01-26,daegu-city,총무과,용지봉,업무협의간담회,150000,beb15a30e84b221f2476750c2e3e0f4d387e0dd399f139d125e20f08c5cc4d4c,sheet2:R8,,,
beb15a30e84b221f-sheet2-R9,2026-02-05,daegu-city,총무과,용지봉,업무협의간담회,100000,beb15a30e84b221f2476750c2e3e0f4d387e0dd399f139d125e20f08c5cc4d4c,sheet2:R9,,,
beb15a30e84b221f-sheet2-R10,2026-02-20,daegu-city,총무과,해미담스시,업무협의간담회,133000,beb15a30e84b221f2476750c2e3e0f4d387e0dd399f139d125e20f08c5cc4d4c,sheet2:R10,,,
beb15a30e84b221f-sheet2-R11,2026-02-20,daegu-city,총무과,남도명가,업무협의간담회,108000,beb15a30e84b221f2476750c2e3e0f4d387e0dd399f139d125e20f08c5cc4d4c,sheet2:R11,,,
beb15a30e84b221f-sheet2-R12,2026-02-20,daegu-city,총무과,스타벅스 외,교육 다과,99100,beb15a30e84b221f2476750c2e3e0f4d387e0dd399f139d125e20f08c5cc4d4c,sheet2:R12,,,
beb15a30e84b221f-sheet2-R13,2026-03-20,daegu-city,총무과,양산도,업무협의간담회,183000,beb15a30e84b221f2476750c2e3e0f4d387e0dd399f139d125e20f08c5cc4d4c,sheet2:R13,,,
beb15a30e84b221f-sheet2-R14,2026-03-24,daegu-city,총무과,달빛오븐,업무협의 다과,72000,beb15a30e84b221f2476750c2e3e0f4d387e0dd399f139d125e20f08c5cc4d4c,sheet2:R14,,,
beb15a30e84b221f-sheet2-R19,2026-01-15,daegu-city,식의약연구부,송정초밥,업무협의간담회,135000,beb15a30e84b221f2476750c2e3e0f4d387e0dd399f139d125e20f08c5cc4d4c,sheet2:R19,,,
beb15a30e84b221f-sheet2-R20,2026-03-18,daegu-city,식의약연구부,참한상,업무협의간담회,80000,beb15a30e84b221f2476750c2e3e0f4d387e0dd399f139d125e20f08c5cc4d4c,sheet2:R20,,,
beb15a30e84b221f-sheet2-R25,2026-02-04,daegu-city,질병연구부,코코호도,업무협의 다과,53500,beb15a30e84b221f2476750c2e3e0f4d387e0dd399f139d125e20f08c5cc4d4c,sheet2:R25,,,
beb15a30e84b221f-sheet2-R30,2026-01-28,daegu-city,대기환경연구부,남도명가,업무협의간담회,90000,beb15a30e84b221f2476750c2e3e0f4d387e0dd399f139d125e20f08c5cc4d4c,sheet2:R30,,,
beb15a30e84b221f-sheet2-R31,2026-02-25,daegu-city,대기환경연구부,남도명가,업무협의간담회,315000,beb15a30e84b221f2476750c2e3e0f4d387e0dd399f139d125e20f08c5cc4d4c,sheet2:R31,,,
beb15a30e84b221f-sheet2-R36,2026-01-20,daegu-city,동물위생시험소,애기똥풀,업무협의간담회,140000,beb15a30e84b221f2476750c2e3e0f4d387e0dd399f139d125e20f08c5cc4d4c,sheet2:R36,,,
beb15a30e84b221f-sheet2-R37,2026-01-28,daegu-city,동물위생시험소,모려촌,업무협의간담회,237000,beb15a30e84b221f2476750c2e3e0f4d387e0dd399f139d125e20f08c5cc4d4c,sheet2:R37,,,
beb15a30e84b221f-sheet2-R38,2026-03-10,daegu-city,동물위생시험소,수의학과 진입식 화환,수의예과 수료생 화환,100000,beb15a30e84b221f2476750c2e3e0f4d387e0dd399f139d125e20f08c5cc4d4c,sheet2:R38,,,
6dc4f0c5d350c346-sheet1-R5,2026-01-09,daegu-city,장애인복지과,바스코,장애인복지 정책관련 간담회 경비 지출,107700,6dc4f0c5d350c3460b32d3b223b1d16f68ccdf10c0aa4abb975d4aac735b2303,sheet1:R5,,,
6dc4f0c5d350c346-sheet1-R6,2026-01-20,daegu-city,장애인복지과,솔트 희망점,장애인희망드림센터 운영관련 간담회 경비 지출,20800,6dc4f0c5d350c3460b32d3b223b1d16f68ccdf10c0aa4abb975d4aac735b2303,sheet1:R6,,,
6dc4f0c5d350c346-sheet1-R7,2026-01-30,daegu-city,장애인복지과,호남식당,발달장애인지원 정책 홍보 간담회 경비 지출,154000,6dc4f0c5d350c3460b32d3b223b1d16f68ccdf10c0aa4abb975d4aac735b2303,sheet1:R7,,,
6dc4f0c5d350c346-sheet1-R8,2026-02-27,daegu-city,장애인복지과,막창도둑 남산점,2026년 장애인활동지원사업 관련 간담회 경비 지출,139000,6dc4f0c5d350c3460b32d3b223b1d16f68ccdf10c0aa4abb975d4aac735b2303,sheet1:R8,,,
6dc4f0c5d350c346-sheet1-R9,2026-03-12,daegu-city,장애인복지과,대하닭갈비,장애인지원 관련 정책 홍보 간담회 경비 지출,189000,6dc4f0c5d350c3460b32d3b223b1d16f68ccdf10c0aa4abb975d4aac735b2303,sheet1:R9,,,
6dc4f0c5d350c346-sheet1-R10,2026-03-18,daegu-city,장애인복지과,풍년화로 대구본점,지역장애아동센터 개소 관련 간담회 경비 지출,89000,6dc4f0c5d350c3460b32d3b223b1d16f68ccdf10c0aa4abb975d4aac735b2303,sheet1:R10,,,
b43261f01fab853a-sheet1-R5,2026-01-02,daegu-city,총무과,온돌방,직원 격려 간담회 경비 지출,240000,b43261f01fab853a6df1221d1f0f5f7c0f82738c356ddd797003924223ba1513,sheet1:R5,,,
b43261f01fab853a-sheet1-R6,2026-01-05,daegu-city,총무과,청춘소갈비,직원 격려 간담회 경비 지출,106500,b43261f01fab853a6df1221d1f0f5f7c0f82738c356ddd797003924223ba1513,sheet1:R6,,,
b43261f01fab853a-sheet1-R7,2026-01-05,daegu-city,총무과,일품양평해장국,직원 격려 간담회 경비 지출,49000,b43261f01fab853a6df1221d1f0f5f7c0f82738c356ddd797003924223ba1513,sheet1:R7,,,
b43261f01fab853a-sheet1-R8,2026-01-06,daegu-city,총무과,백미별장,직원 격려 간담회 경비 지출,125000,b43261f01fab853a6df1221d1f0f5f7c0f82738c356ddd797003924223ba1513,sheet1:R8,,,
b43261f01fab853a-sheet1-R9,2026-01-07,daegu-city,총무과,락짬뽕,직원 격려 간담회 경비 지출,163500,b43261f01fab853a6df1221d1f0f5f7c0f82738c356ddd797003924223ba1513,sheet1:R9,,,
b43261f01fab853a-sheet1-R10,2026-01-08,daegu-city,총무과,남원골추어탕,직원 격려 간담회 경비 지출,52000,b43261f01fab853a6df1221d1f0f5f7c0f82738c356ddd797003924223ba1513,sheet1:R10,,,
b43261f01fab853a-sheet1-R11,2026-01-08,daegu-city,총무과,회신물회,직원 격려 간담회 경비 지출,402000,b43261f01fab853a6df1221d1f0f5f7c0f82738c356ddd797003924223ba1513,sheet1:R11,,,
b43261f01fab853a-sheet1-R12,2026-01-09,daegu-city,총무과,청풍해물탕,직원 격려 간담회 경비 지출,85000,b43261f01fab853a6df1221d1f0f5f7c0f82738c356ddd797003924223ba1513,sheet1:R12,,,
b43261f01fab853a-sheet1-R13,2026-01-09,daegu-city,총무과,회신물회,직원 격려 간담회 경비 지출,300000,b43261f01fab853a6df1221d1f0f5f7c0f82738c356ddd797003924223ba1513,sheet1:R13,,,
b43261f01fab853a-sheet1-R14,2026-01-12,daegu-city,총무과,송정식당 외 1,직원 격려 간담회 경비 지출,309000,b43261f01fab853a6df1221d1f0f5f7c0f82738c356ddd797003924223ba1513,sheet1:R14,,,
b43261f01fab853a-sheet1-R15,2026-01-12,daegu-city,총무과,무교동 유정낙지,직원 격려 간담회 경비 지출,480000,b43261f01fab853a6df1221d1f0f5f7c0f82738c356ddd797003924223ba1513,sheet1:R15,,,
b43261f01fab853a-sheet1-R16,2026-01-13,daegu-city,총무과,마산설렁탕,직원 격려 간담회 경비 지출,51000,b43261f01fab853a6df1221d1f0f5f7c0f82738c356ddd797003924223ba1513,sheet1:R16,,,
b43261f01fab853a-sheet1-R17,2026-01-14,daegu-city,총무과,NCB*NOVOTEL_FO2,대구-다낭 ICT 기업인 간담회 개최 경비 지출,1655898,b43261f01fab853a6df1221d1f0f5f7c0f82738c356ddd797003924223ba1513,sheet1:R17,,,
b43261f01fab853a-sheet1-R18,2026-01-15,daegu-city,총무과,CTY TNHH BEP CUON,직원 격려 간담회 경비 지출,168754,b43261f01fab853a6df1221d1f0f5f7c0f82738c356ddd797003924223ba1513,sheet1:R18,,,
b43261f01fab853a-sheet1-R19,2026-01-17,daegu-city,총무과,CUA HANG PHO HOA,직원 격려 간담회 경비 지출,101086,b43261f01fab853a6df1221d1f0f5f7c0f82738c356ddd797003924223ba1513,sheet1:R19,,,
b43261f01fab853a-sheet1-R20,2026-01-19,daegu-city,총무과,일품양평해장국,직원 격려 간담회 경비 지출,42000,b43261f01fab853a6df1221d1f0f5f7c0f82738c356ddd797003924223ba1513,sheet1:R20,,,
b43261f01fab853a-sheet1-R21,2026-01-19,daegu-city,총무과,삼송제시카즈베이커리,직원 격려 경비 지출,1500000,b43261f01fab853a6df1221d1f0f5f7c0f82738c356ddd797003924223ba1513,sheet1:R21,,,
b43261f01fab853a-sheet1-R22,2026-01-20,daegu-city,총무과,한우촌안동갈비,직원 격려 간담회 경비 지출,234000,b43261f01fab853a6df1221d1f0f5f7c0f82738c356ddd797003924223ba1513,sheet1:R22,,,
b43261f01fab853a-sheet1-R23,2026-01-21,daegu-city,총무과,국일따로국밥,직원 격려 간담회 경비 지출,36000,b43261f01fab853a6df1221d1f0f5f7c0f82738c356ddd797003924223ba1513,sheet1:R23,,,
b43261f01fab853a-sheet1-R24,2026-01-21,daegu-city,총무과,사조참치,직원 격려 간담회 경비 지출,363000,b43261f01fab853a6df1221d1f0f5f7c0f82738c356ddd797003924223ba1513,sheet1:R24,,,
b43261f01fab853a-sheet1-R25,2026-01-22,daegu-city,총무과,백미별장,직원 격려 간담회 경비 지출,273000,b43261f01fab853a6df1221d1f0f5f7c0f82738c356ddd797003924223ba1513,sheet1:R25,,,
b43261f01fab853a-sheet1-R26,2026-01-22,daegu-city,총무과,낙칼 침산점,직원 격려 간담회 경비 지출,41000,b43261f01fab853a6df1221d1f0f5f7c0f82738c356ddd797003924223ba1513,sheet1:R26,,,
b43261f01fab853a-sheet1-R27,2026-01-23,daegu-city,총무과,삼도회집,주요시책 관련 간담회 경비 지출,437000,b43261f01fab853a6df1221d1f0f5f7c0f82738c356ddd797003924223ba1513,sheet1:R27,,,
b43261f01fab853a-sheet1-R28,2026-01-26,daegu-city,총무과,누렁소,직원 격려 간담회 경비 지출,65000,b43261f01fab853a6df1221d1f0f5f7c0f82738c356ddd797003924223ba1513,sheet1:R28,,,
b43261f01fab853a-sheet1-R29,2026-01-26,daegu-city,총무과,봉산동생고기집침산동점,직원 격려 간담회 경비 지출,225000,b43261f01fab853a6df1221d1f0f5f7c0f82738c356ddd797003924223ba1513,sheet1:R29,,,
b43261f01fab853a-sheet1-R30,2026-01-28,daegu-city,총무과,진시흥국수방,직원 격려 간담회 경비 지출,83500,b43261f01fab853a6df1221d1f0f5f7c0f82738c356ddd797003924223ba1513,sheet1:R30,,,
b43261f01fab853a-sheet1-R31,2026-01-28,daegu-city,총무과,토원생구이,지방자치인재개발원 교육생 격려 간담회 경비 지출,1890000,b43261f01fab853a6df1221d1f0f5f7c0f82738c356ddd797003924223ba1513,sheet1:R31,,,
b43261f01fab853a-sheet1-R32,2026-01-29,daegu-city,총무과,청와대반점외 1,직원 격려 간담회 경비 지출,471500,b43261f01fab853a6df1221d1f0f5f7c0f82738c356ddd797003924223ba1513,sheet1:R32,,,
b43261f01fab853a-sheet1-R33,2026-01-29,daegu-city,총무과,국시왕외 1,직원 격려 간담회 경비 지출,166000,b43261f01fab853a6df1221d1f0f5f7c0f82738c356ddd797003924223ba1513,sheet1:R33,,,
b43261f01fab853a-sheet1-R34,2026-01-30,daegu-city,총무과,동문식당,직원 격려 간담회 경비 지출,78000,b43261f01fab853a6df1221d1f0f5f7c0f82738c356ddd797003924223ba1513,sheet1:R34,,,
b43261f01fab853a-sheet1-R35,2026-01-30,daegu-city,총무과,회신물회,직원 격려 간담회 경비 지출,405000,b43261f01fab853a6df1221d1f0f5f7c0f82738c356ddd797003924223ba1513,sheet1:R35,,,
b43261f01fab853a-sheet1-R36,2026-02-02,daegu-city,총무과,생태명가여의도지점 외 1,직원 격려 간담회 경비 지출,208900,b43261f01fab853a6df1221d1f0f5f7c0f82738c356ddd797003924223ba1513,sheet1:R36,,,
b43261f01fab853a-sheet1-R37,2026-02-02,daegu-city,총무과,여의도양지탕본관,직원 격려 간담회 경비 지출,108000,b43261f01fab853a6df1221d1f0f5f7c0f82738c356ddd797003924223ba1513,sheet1:R37,,,
b43261f01fab853a-sheet1-R38,2026-02-03,daegu-city,총무과,동인식육점,직원 격려 간담회 경비 지출,147000,b43261f01fab853a6df1221d1f0f5f7c0f82738c356ddd797003924223ba1513,sheet1:R38,,,
b43261f01fab853a-sheet1-R39,2026-02-04,daegu-city,총무과,또봉이통닭(고성점),직원 격려 간담회 경비 지출,160000,b43261f01fab853a6df1221d1f0f5f7c0f82738c356ddd797003924223ba1513,sheet1:R39,,,
b43261f01fab853a-sheet1-R40,2026-02-05,daegu-city,총무과,백미별장,직원 격려 간담회 경비 지출,161000,b43261f01fab853a6df1221d1f0f5f7c0f82738c356ddd797003924223ba1513,sheet1:R40,,,
b43261f01fab853a-sheet1-R41,2026-02-06,daegu-city,총무과,참달성농특산물 영농조합법인,설 연휴 현업 및 상황근무자 격려물품 구입,7718000,b43261f01fab853a6df1221d1f0f5f7c0f82738c356ddd797003924223ba1513,sheet1:R41,,,
b43261f01fab853a-sheet1-R42,2026-02-06,daegu-city,총무과,에스파스외 3,설 연휴 현장 근무자 격려를 위한 경비 지출,1541000,b43261f01fab853a6df1221d1f0f5f7c0f82738c356ddd797003924223ba1513,sheet1:R42,,,
b43261f01fab853a-sheet1-R43,2026-02-06,daegu-city,총무과,하얼번(나성점),직원 격려 간담회 경비 지출,127000,b43261f01fab853a6df1221d1f0f5f7c0f82738c356ddd797003924223ba1513,sheet1:R43,,,
b43261f01fab853a-sheet1-R44,2026-02-09,daegu-city,총무과,동남집외 1,직원 격려 간담회 경비 지출,205000,b43261f01fab853a6df1221d1f0f5f7c0f82738c356ddd797003924223ba1513,sheet1:R44,,,
b43261f01fab853a-sheet1-R45,2026-02-09,daegu-city,총무과,일미,직원 격려 간담회 경비 지출,472000,b43261f01fab853a6df1221d1f0f5f7c0f82738c356ddd797003924223ba1513,sheet1:R45,,,
b43261f01fab853a-sheet1-R46,2026-02-10,daegu-city,총무과,사조참치,직원 격려 간담회 경비 지출,480000,b43261f01fab853a6df1221d1f0f5f7c0f82738c356ddd797003924223ba1513,sheet1:R46,,,
b43261f01fab853a-sheet1-R47,2026-02-11,daegu-city,총무과,최고집,직원 격려 간담회 경비 지출,480000,b43261f01fab853a6df1221d1f0f5f7c0f82738c356ddd797003924223ba1513,sheet1:R47,,,
b43261f01fab853a-sheet1-R48,2026-02-11,daegu-city,총무과,일품양평해장국 외 1,직원 격려 간담회 경비 지출,204000,b43261f01fab853a6df1221d1f0f5f7c0f82738c356ddd797003924223ba1513,sheet1:R48,,,
b43261f01fab853a-sheet1-R49,2026-02-12,daegu-city,총무과,금산민속칼국수,직원 격려 간담회 경비 지출,149000,b43261f01fab853a6df1221d1f0f5f7c0f82738c356ddd797003924223ba1513,sheet1:R49,,,
b43261f01fab853a-sheet1-R50,2026-02-12,daegu-city,총무과,상해루,직원 격려 간담회 경비 지출,136000,b43261f01fab853a6df1221d1f0f5f7c0f82738c356ddd797003924223ba1513,sheet1:R50,,,
b43261f01fab853a-sheet1-R51,2026-02-13,daegu-city,총무과,더 부자백숙본점,직원 격려 간담회 경비 지출,126000,b43261f01fab853a6df1221d1f0f5f7c0f82738c356ddd797003924223ba1513,sheet1:R51,,,
b43261f01fab853a-sheet1-R52,2026-02-19,daegu-city,총무과,일품양평해장국,직원 격려 간담회 경비 지출,54000,b43261f01fab853a6df1221d1f0f5f7c0f82738c356ddd797003924223ba1513,sheet1:R52,,,
b43261f01fab853a-sheet1-R53,2026-02-19,daegu-city,총무과,봉산동생고기집침산동점,직원 격려 간담회 경비 지출,417000,b43261f01fab853a6df1221d1f0f5f7c0f82738c356ddd797003924223ba1513,sheet1:R53,,,
b43261f01fab853a-sheet1-R54,2026-02-20,daegu-city,총무과,복길&조돌해녀,직원 격려 간담회 경비 지출,104000,b43261f01fab853a6df1221d1f0f5f7c0f82738c356ddd797003924223ba1513,sheet1:R54,,,
b43261f01fab853a-sheet1-R55,2026-02-20,daegu-city,총무과,송정동태 외 1,직원 격려 간담회 경비 지출,166000,b43261f01fab853a6df1221d1f0f5f7c0f82738c356ddd797003924223ba1513,sheet1:R55,,,
b43261f01fab853a-sheet1-R56,2026-02-23,daegu-city,총무과,마산설렁탕,직원 격려 간담회 경비 지출,51000,b43261f01fab853a6df1221d1f0f5f7c0f82738c356ddd797003924223ba1513,sheet1:R56,,,
b43261f01fab853a-sheet1-R57,2026-02-24,daegu-city,총무과,더 부자백숙본점,직원 격려 간담회 경비 지출,90000,b43261f01fab853a6df1221d1f0f5f7c0f82738c356ddd797003924223ba1513,sheet1:R57,,,
b43261f01fab853a-sheet1-R58,2026-02-24,daegu-city,총무과,이유있는감자탕 고성점,직원 격려 간담회 경비 지출,44000,b43261f01fab853a6df1221d1f0f5f7c0f82738c356ddd797003924223ba1513,sheet1:R58,,,
b43261f01fab853a-sheet1-R59,2026-02-25,daegu-city,총무과,동인식육점,직원 격려 간담회 경비 지출,91800,b43261f01fab853a6df1221d1f0f5f7c0f82738c356ddd797003924223ba1513,sheet1:R59,,,
b43261f01fab853a-sheet1-R60,2026-02-25,daegu-city,총무과,회신물회,직원 격려 간담회 경비 지출,331000,b43261f01fab853a6df1221d1f0f5f7c0f82738c356ddd797003924223ba1513,sheet1:R60,,,
b43261f01fab853a-sheet1-R61,2026-02-26,daegu-city,총무과,조선숯불,직원 격려 간담회 경비 지출,443000,b43261f01fab853a6df1221d1f0f5f7c0f82738c356ddd797003924223ba1513,sheet1:R61,,,
b43261f01fab853a-sheet1-R62,2026-02-26,daegu-city,총무과,삼도회집 외 1,직원 격려 간담회 경비 지출,391800,b43261f01fab853a6df1221d1f0f5f7c0f82738c356ddd797003924223ba1513,sheet1:R62,,,
b43261f01fab853a-sheet1-R63,2026-02-27,daegu-city,총무과,일품장수미역,직원 격려 간담회 경비 지출,90000,b43261f01fab853a6df1221d1f0f5f7c0f82738c356ddd797003924223ba1513,sheet1:R63,,,
b43261f01fab853a-sheet1-R64,2026-02-28,daegu-city,총무과,집밥아미정,2.28민주운동 국가기념식 관련 참석자 오찬 간담회 경비 지출,2250000,b43261f01fab853a6df1221d1f0f5f7c0f82738c356ddd797003924223ba1513,sheet1:R64,,,
b43261f01fab853a-sheet1-R65,2026-03-01,daegu-city,총무과,에스파스,제107주년 3.1절 기념식 유관기관 직원 격려 경비 지출,1776000,b43261f01fab853a6df1221d1f0f5f7c0f82738c356ddd797003924223ba1513,sheet1:R65,,,
b43261f01fab853a-sheet1-R66,2026-03-01,daegu-city,총무과,마산설렁탕,직원 격려 간담회 경비 지출,44000,b43261f01fab853a6df1221d1f0f5f7c0f82738c356ddd797003924223ba1513,sheet1:R66,,,
b43261f01fab853a-sheet1-R67,2026-03-03,daegu-city,총무과,이조참치,직원 격려 간담회 경비 지출,444000,b43261f01fab853a6df1221d1f0f5f7c0f82738c356ddd797003924223ba1513,sheet1:R67,,,
b43261f01fab853a-sheet1-R68,2026-03-03,daegu-city,총무과,김삼보 외 1,직원 격려 간담회 경비 지출,186100,b43261f01fab853a6df1221d1f0f5f7c0f82738c356ddd797003924223ba1513,sheet1:R68,,,
b43261f01fab853a-sheet1-R69,2026-03-04,daegu-city,총무과,감포생밀복,직원 격려 간담회 경비 지출,80000,b43261f01fab853a6df1221d1f0f5f7c0f82738c356ddd797003924223ba1513,sheet1:R69,,,
b43261f01fab853a-sheet1-R70,2026-03-05,daegu-city,총무과,바스코외 1,직원 격려 간담회 경비 지출,189500,b43261f01fab853a6df1221d1f0f5f7c0f82738c356ddd797003924223ba1513,sheet1:R70,,,
b43261f01fab853a-sheet1-R71,2026-03-05,daegu-city,총무과,백미별장,직원 격려 간담회 경비 지출,228000,b43261f01fab853a6df1221d1f0f5f7c0f82738c356ddd797003924223ba1513,sheet1:R71,,,
b43261f01fab853a-sheet1-R72,2026-03-06,daegu-city,총무과,청풍해물탕 외 1,직원 격려 간담회 경비 지출,124500,b43261f01fab853a6df1221d1f0f5f7c0f82738c356ddd797003924223ba1513,sheet1:R72,,,
b43261f01fab853a-sheet1-R73,2026-03-06,daegu-city,총무과,청와대반점 본점,직원 격려 간담회 경비 지출,177000,b43261f01fab853a6df1221d1f0f5f7c0f82738c356ddd797003924223ba1513,sheet1:R73,,,
b43261f01fab853a-sheet1-R74,2026-03-09,daegu-city,총무과,온돌방,직원 격려 간담회 경비 지출,81000,b43261f01fab853a6df1221d1f0f5f7c0f82738c356ddd797003924223ba1513,sheet1:R74,,,
b43261f01fab853a-sheet1-R75,2026-03-09,daegu-city,총무과,전수창오리주물럭 대구fc아레나점,직원 격려 간담회 경비 지출,273000,b43261f01fab853a6df1221d1f0f5f7c0f82738c356ddd797003924223ba1513,sheet1:R75,,,
b43261f01fab853a-sheet1-R76,2026-03-10,daegu-city,총무과,삼수장어외 1,직원 격려 간담회 경비 지출,313800,b43261f01fab853a6df1221d1f0f5f7c0f82738c356ddd797003924223ba1513,sheet1:R76,,,
b43261f01fab853a-sheet1-R77,2026-03-11,daegu-city,총무과,돈까스에 빠지다 대구시청점외 1,직원 격려 간담회 경비 지출,216000,b43261f01fab853a6df1221d1f0f5f7c0f82738c356ddd797003924223ba1513,sheet1:R77,,,
b43261f01fab853a-sheet1-R78,2026-03-11,daegu-city,총무과,길섶한우,직원 격려 간담회 경비 지출,197000,b43261f01fab853a6df1221d1f0f5f7c0f82738c356ddd797003924223ba1513,sheet1:R78,,,
b43261f01fab853a-sheet1-R79,2026-03-12,daegu-city,총무과,더 부자백숙본점,직원 격려 간담회 경비 지출,54000,b43261f01fab853a6df1221d1f0f5f7c0f82738c356ddd797003924223ba1513,sheet1:R79,,,
b43261f01fab853a-sheet1-R80,2026-03-12,daegu-city,총무과,싱싱해싱싱어수성본점,직원 격려 간담회 경비 지출,480000,b43261f01fab853a6df1221d1f0f5f7c0f82738c356ddd797003924223ba1513,sheet1:R80,,,
b43261f01fab853a-sheet1-R81,2026-03-13,daegu-city,총무과,산드레외 1,직원 격려 간담회 경비 지출,331500,b43261f01fab853a6df1221d1f0f5f7c0f82738c356ddd797003924223ba1513,sheet1:R81,,,
b43261f01fab853a-sheet1-R82,2026-03-13,daegu-city,총무과,일품양평해장국,직원 격려 간담회 경비 지출,56000,b43261f01fab853a6df1221d1f0f5f7c0f82738c356ddd797003924223ba1513,sheet1:R82,,,
b43261f01fab853a-sheet1-R83,2026-03-16,daegu-city,총무과,국일따로국밥,직원 격려 간담회 경비 지출,44000,b43261f01fab853a6df1221d1f0f5f7c0f82738c356ddd797003924223ba1513,sheet1:R83,,,
b43261f01fab853a-sheet1-R84,2026-03-17,daegu-city,총무과,온돌방,주요시책 관련 간담회 경비 지출,180000,b43261f01fab853a6df1221d1f0f5f7c0f82738c356ddd797003924223ba1513,sheet1:R84,,,
b43261f01fab853a-sheet1-R85,2026-03-17,daegu-city,총무과,산,주요시책 관련 간담회 경비 지출,322000,b43261f01fab853a6df1221d1f0f5f7c0f82738c356ddd797003924223ba1513,sheet1:R85,,,
b43261f01fab853a-sheet1-R86,2026-03-19,daegu-city,총무과,더 부자백숙본점,시정현안 관련 홍보 간담회 경비 지출,509000,b43261f01fab853a6df1221d1f0f5f7c0f82738c356ddd797003924223ba1513,sheet1:R86,,,
b43261f01fab853a-sheet1-R87,2026-03-20,daegu-city,총무과,상해루,주요시책 관련 간담회 경비 지출,248000,b43261f01fab853a6df1221d1f0f5f7c0f82738c356ddd797003924223ba1513,sheet1:R87,,,
b43261f01fab853a-sheet1-R88,2026-03-23,daegu-city,총무과,용호동낙지 외 1,직원 격려 간담회 경비 지출,80500,b43261f01fab853a6df1221d1f0f5f7c0f82738c356ddd797003924223ba1513,sheet1:R88,,,
b43261f01fab853a-sheet1-R89,2026-03-23,daegu-city,총무과,이조참치,직원 격려 간담회 경비 지출,412000,b43261f01fab853a6df1221d1f0f5f7c0f82738c356ddd797003924223ba1513,sheet1:R89,,,
b43261f01fab853a-sheet1-R90,2026-03-24,daegu-city,총무과,일품양평해장국,직원 격려 간담회 경비 지출,32000,b43261f01fab853a6df1221d1f0f5f7c0f82738c356ddd797003924223ba1513,sheet1:R90,,,
b43261f01fab853a-sheet1-R91,2026-03-25,daegu-city,총무과,정하용선산곱창,직원 격려 간담회 경비 지출,43000,b43261f01fab853a6df1221d1f0f5f7c0f82738c356ddd797003924223ba1513,sheet1:R91,,,
b43261f01fab853a-sheet1-R92,2026-03-26,daegu-city,총무과,국일관,직원 격려 간담회 경비 지출,245000,b43261f01fab853a6df1221d1f0f5f7c0f82738c356ddd797003924223ba1513,sheet1:R92,,,
b43261f01fab853a-sheet1-R93,2026-03-27,daegu-city,총무과,약전한방삼계탕,직원 격려 간담회 경비 지출,90000,b43261f01fab853a6df1221d1f0f5f7c0f82738c356ddd797003924223ba1513,sheet1:R93,,,
f1702deed6d33232-sheet1-R5,2026-01-22,daegu-city,달서소방서,개인(성명 비공개),소속직원 본인결혼에 따른 축의금 지출,50000,f1702deed6d33232315745f4eaf1341b20f005a7bc3be584d8a81edf54c7d586,sheet1:R5,4e7aeeb65716c50711be0c98174d6fb82aefefc8316b74eda5c418c1c7dad091:sheet1:R5,,
f1702deed6d33232-sheet1-R6,2026-01-28,daegu-city,달서소방서,개인(성명 비공개),기관운영업무추진비 ),50000,f1702deed6d33232315745f4eaf1341b20f005a7bc3be584d8a81edf54c7d586,sheet1:R6,4e7aeeb65716c50711be0c98174d6fb82aefefc8316b74eda5c418c1c7dad091:sheet1:R6,,
f1702deed6d33232-sheet1-R7,2026-01-29,daegu-city,달서소방서,개인(성명 비공개),기관운영업무추진비 ),50000,f1702deed6d33232315745f4eaf1341b20f005a7bc3be584d8a81edf54c7d586,sheet1:R7,4e7aeeb65716c50711be0c98174d6fb82aefefc8316b74eda5c418c1c7dad091:sheet1:R7,,
f1702deed6d33232-sheet1-R8,2026-02-02,daegu-city,달서소방서,개인(성명 비공개),기관운영업무추진비 ),50000,f1702deed6d33232315745f4eaf1341b20f005a7bc3be584d8a81edf54c7d586,sheet1:R8,4e7aeeb65716c50711be0c98174d6fb82aefefc8316b74eda5c418c1c7dad091:sheet1:R8,,
f1702deed6d33232-sheet1-R9,2026-02-10,daegu-city,달서소방서,"롯데쇼핑(주)롯데슈퍼월성, 파리바게트 월성점",기관운영업무추진비(직원 격려물품) 지출,29990,f1702deed6d33232315745f4eaf1341b20f005a7bc3be584d8a81edf54c7d586,sheet1:R9,4e7aeeb65716c50711be0c98174d6fb82aefefc8316b74eda5c418c1c7dad091:sheet1:R9,,
f1702deed6d33232-sheet1-R10,2026-02-25,daegu-city,달서소방서,선회자연산,기관운영업무추진비(현업부서장 및 최일선 팀장 간담회)지출,295000,f1702deed6d33232315745f4eaf1341b20f005a7bc3be584d8a81edf54c7d586,sheet1:R10,4e7aeeb65716c50711be0c98174d6fb82aefefc8316b74eda5c418c1c7dad091:sheet1:R10,,
f1702deed6d33232-sheet1-R11,2026-02-25,daegu-city,달서소방서,선회자연산,기관운영업무추진비(현업부서장 및 최일선 팀장 간담회)지출,397000,f1702deed6d33232315745f4eaf1341b20f005a7bc3be584d8a81edf54c7d586,sheet1:R11,4e7aeeb65716c50711be0c98174d6fb82aefefc8316b74eda5c418c1c7dad091:sheet1:R11,,
f1702deed6d33232-sheet1-R12,2026-03-11,daegu-city,달서소방서,선회자연산,기관운영업무추진비(현업부서장 및 최일선 팀장 간담회)지출,450000,f1702deed6d33232315745f4eaf1341b20f005a7bc3be584d8a81edf54c7d586,sheet1:R12,4e7aeeb65716c50711be0c98174d6fb82aefefc8316b74eda5c418c1c7dad091:sheet1:R12,,
f1702deed6d33232-sheet1-R13,2026-03-12,daegu-city,달서소방서,개인(성명 비공개),기관운영업무추진비 ),50000,f1702deed6d33232315745f4eaf1341b20f005a7bc3be584d8a81edf54c7d586,sheet1:R13,4e7aeeb65716c50711be0c98174d6fb82aefefc8316b74eda5c418c1c7dad091:sheet1:R13,,
f1702deed6d33232-sheet1-R14,2026-03-16,daegu-city,달서소방서,개인(성명 비공개),기관운영업무추진비 ),50000,f1702deed6d33232315745f4eaf1341b20f005a7bc3be584d8a81edf54c7d586,sheet1:R14,4e7aeeb65716c50711be0c98174d6fb82aefefc8316b74eda5c418c1c7dad091:sheet1:R14,,
f1702deed6d33232-sheet1-R15,2026-03-26,daegu-city,달서소방서,개인(성명 비공개),기관운영업무추진비[소속직원 본인결혼에 따른 축의금 지출 ],50000,f1702deed6d33232315745f4eaf1341b20f005a7bc3be584d8a81edf54c7d586,sheet1:R15,4e7aeeb65716c50711be0c98174d6fb82aefefc8316b74eda5c418c1c7dad091:sheet1:R15,,
f1702deed6d33232-sheet2-R5,2026-02-10,daegu-city,달서소방서,옥포비슬산한우촌,시책추진업무추진비 지출(소방행정업무 협조 간담회),299000,f1702deed6d33232315745f4eaf1341b20f005a7bc3be584d8a81edf54c7d586,sheet2:R5,4e7aeeb65716c50711be0c98174d6fb82aefefc8316b74eda5c418c1c7dad091:sheet2:R5,,
f1702deed6d33232-sheet2-R6,2026-03-24,daegu-city,달서소방서,파리바게뜨월성주공점,시책추진업무추진비 지출(소방행정업무 협조 간담회),29800,f1702deed6d33232315745f4eaf1341b20f005a7bc3be584d8a81edf54c7d586,sheet2:R6,4e7aeeb65716c50711be0c98174d6fb82aefefc8316b74eda5c418c1c7dad091:sheet2:R6,,
f1702deed6d33232-sheet2-R7,2026-03-30,daegu-city,달서소방서,취팔선,시책추진업무추진비 지출(소방행정업무 협조 간담회),490000,f1702deed6d33232315745f4eaf1341b20f005a7bc3be584d8a81edf54c7d586,sheet2:R7,4e7aeeb65716c50711be0c98174d6fb82aefefc8316b74eda5c418c1c7dad091:sheet2:R7,,
f1702deed6d33232-sheet3-R5,2026-02-25,daegu-city,구조대,갈비만 대구본점,"기관운영업무추진비(1,2팀 직원격려)지출(구조대)",200000,f1702deed6d33232315745f4eaf1341b20f005a7bc3be584d8a81edf54c7d586,sheet3:R5,4e7aeeb65716c50711be0c98174d6fb82aefefc8316b74eda5c418c1c7dad091:sheet3:R5,,
f1702deed6d33232-sheet3-R6,2026-02-25,daegu-city,구조대,해선횟집,기관운영업무추진비(3팀 직원격려)지출(구조대),104000,f1702deed6d33232315745f4eaf1341b20f005a7bc3be584d8a81edf54c7d586,sheet3:R6,4e7aeeb65716c50711be0c98174d6fb82aefefc8316b74eda5c418c1c7dad091:sheet3:R6,,
f1702deed6d33232-sheet3-R7,2026-03-11,daegu-city,구조대,롯데쇼핑(주)롯데슈퍼월성점,기관운영업무추진비(특별구조훈련 직원격려)지출(구조대),127790,f1702deed6d33232315745f4eaf1341b20f005a7bc3be584d8a81edf54c7d586,sheet3:R7,4e7aeeb65716c50711be0c98174d6fb82aefefc8316b74eda5c418c1c7dad091:sheet3:R7,,
f1702deed6d33232-sheet3-R8,2026-03-11,daegu-city,구조대,롯데쇼핑(주)롯데슈퍼월성점,기관운영업무추진비(특별구조훈련 직원격려)지출(구조대),19980,f1702deed6d33232315745f4eaf1341b20f005a7bc3be584d8a81edf54c7d586,sheet3:R8,4e7aeeb65716c50711be0c98174d6fb82aefefc8316b74eda5c418c1c7dad091:sheet3:R8,,
f1702deed6d33232-sheet3-R9,2026-03-30,daegu-city,구조대,돌체참숯구이,기관운영업무추진비(소방기술경연대회 출전 직원격려)지출(구조대),100000,f1702deed6d33232315745f4eaf1341b20f005a7bc3be584d8a81edf54c7d586,sheet3:R9,4e7aeeb65716c50711be0c98174d6fb82aefefc8316b74eda5c418c1c7dad091:sheet3:R9,,
f1702deed6d33232-sheet5-R5,2026-03-30,daegu-city,월성안전센터,정일품삼계탕,기관운영업무추진비(직원 격려 ) 지출(월성119안전센터),139000,f1702deed6d33232315745f4eaf1341b20f005a7bc3be584d8a81edf54c7d586,sheet5:R5,4e7aeeb65716c50711be0c98174d6fb82aefefc8316b74eda5c418c1c7dad091:sheet5:R5,,
f1702deed6d33232-sheet6-R5,2026-02-10,daegu-city,본리안전센터,119딧고기,기관운영업무추진비(직원격려) 지출(본리119안전센터),100000,f1702deed6d33232315745f4eaf1341b20f005a7bc3be584d8a81edf54c7d586,sheet6:R5,4e7aeeb65716c50711be0c98174d6fb82aefefc8316b74eda5c418c1c7dad091:sheet6:R5,,
f1702deed6d33232-sheet6-R6,2026-02-25,daegu-city,본리안전센터,숯불석쇠구이,기관운영업무추진비(직원격려) 지출(본리119안전센터),97500,f1702deed6d33232315745f4eaf1341b20f005a7bc3be584d8a81edf54c7d586,sheet6:R6,4e7aeeb65716c50711be0c98174d6fb82aefefc8316b74eda5c418c1c7dad091:sheet6:R6,,
f1702deed6d33232-sheet6-R7,2026-02-25,daegu-city,본리안전센터,119딧고기,기관운영업무추진비(직원격려) 지출(본리119안전센터),100000,f1702deed6d33232315745f4eaf1341b20f005a7bc3be584d8a81edf54c7d586,sheet6:R7,4e7aeeb65716c50711be0c98174d6fb82aefefc8316b74eda5c418c1c7dad091:sheet6:R7,,
f1702deed6d33232-sheet7-R5,2026-02-10,daegu-city,송현안전센터,통나무오리,기관운영업무추진비(소속지원사기진작) 지출(송현),150000,f1702deed6d33232315745f4eaf1341b20f005a7bc3be584d8a81edf54c7d586,sheet7:R5,4e7aeeb65716c50711be0c98174d6fb82aefefc8316b74eda5c418c1c7dad091:sheet7:R5,,
f1702deed6d33232-sheet7-R6,2026-02-10,daegu-city,송현안전센터,고기굽는남자 상인점,기관운영업무추진비(소속지원사기진작)지출(송현),150000,f1702deed6d33232315745f4eaf1341b20f005a7bc3be584d8a81edf54c7d586,sheet7:R6,4e7aeeb65716c50711be0c98174d6fb82aefefc8316b74eda5c418c1c7dad091:sheet7:R6,,
f1702deed6d33232-sheet7-R7,2026-02-10,daegu-city,송현안전센터,친구숯불닭갈비,기관운영업무추진비(소속지원사기진작) 지출(송현),150000,f1702deed6d33232315745f4eaf1341b20f005a7bc3be584d8a81edf54c7d586,sheet7:R7,4e7aeeb65716c50711be0c98174d6fb82aefefc8316b74eda5c418c1c7dad091:sheet7:R7,,
cc2602df81bb0460-sheet1-R5,2026-01-30,daegu-city,관광과,하우피,업무추친 간담회 경비 지출,25500,cc2602df81bb0460d41805984bd9868a2db9e78a95abbafbc850168da43c7042,sheet1:R5,,,
cc2602df81bb0460-sheet1-R6,2026-02-03,daegu-city,관광과,황금쭈꾸미집 달성공원역점,업무추진 간담회 경비 지출,384000,cc2602df81bb0460d41805984bd9868a2db9e78a95abbafbc850168da43c7042,sheet1:R6,,,
cc2602df81bb0460-sheet1-R7,2026-02-12,daegu-city,관광과,누리마을감자탕 옥포점,업무추진 간담회 경비 지출,51000,cc2602df81bb0460d41805984bd9868a2db9e78a95abbafbc850168da43c7042,sheet1:R7,,,
cc2602df81bb0460-sheet1-R8,2026-02-20,daegu-city,관광과,백두대감식당,업무추진 간담회 경비 지출,124000,cc2602df81bb0460d41805984bd9868a2db9e78a95abbafbc850168da43c7042,sheet1:R8,,,
cc2602df81bb0460-sheet1-R9,2026-02-23,daegu-city,관광과,온돌방,업무추진 간담회 경비 지출,160000,cc2602df81bb0460d41805984bd9868a2db9e78a95abbafbc850168da43c7042,sheet1:R9,,,
cc2602df81bb0460-sheet1-R10,2026-02-24,daegu-city,관광과,산호식당,업무추진 간담회 경비 지출,136000,cc2602df81bb0460d41805984bd9868a2db9e78a95abbafbc850168da43c7042,sheet1:R10,,,
cc2602df81bb0460-sheet1-R11,2026-02-24,daegu-city,관광과,온돌방,대구광역시 문화관광해설사 관계자 간담회 경비 지출,375000,cc2602df81bb0460d41805984bd9868a2db9e78a95abbafbc850168da43c7042,sheet1:R11,,,
cc2602df81bb0460-sheet1-R12,2026-02-26,daegu-city,관광과,미스터브리즈커피대구시청점 외1,업무추진 간담회 경비 지출,100000,cc2602df81bb0460d41805984bd9868a2db9e78a95abbafbc850168da43c7042,sheet1:R12,,,
cc2602df81bb0460-sheet1-R13,2026-03-11,daegu-city,관광과,낙영찜갈비 별관,업무추진 간담회 경비 지출,184000,cc2602df81bb0460d41805984bd9868a2db9e78a95abbafbc850168da43c7042,sheet1:R13,,,
cc2602df81bb0460-sheet1-R14,2026-03-17,daegu-city,관광과,일공공샤브 현대아울렛 대구점,업무추진 간담회 경비 지출,85500,cc2602df81bb0460d41805984bd9868a2db9e78a95abbafbc850168da43c7042,sheet1:R14,,,
cc2602df81bb0460-sheet1-R15,2026-03-27,daegu-city,관광과,카페구캔,시책업무추진비 지출(대구경북 협력 특화 관광권 육성 전략회의),58000,cc2602df81bb0460d41805984bd9868a2db9e78a95abbafbc850168da43c7042,sheet1:R15,,,
cc2602df81bb0460-sheet1-R16,2026-03-30,daegu-city,관광과,미스터브리즈커피대구시청점,시책업무추진비(문화관광해설사 배치심사위원회 개최) 지출,119800,cc2602df81bb0460d41805984bd9868a2db9e78a95abbafbc850168da43c7042,sheet1:R16,,,
ae32768008fc82d8-sheet1-R4,2026-01-05,daegu-city,기후환경정책과,감포생밀복 본점,직원 격려 간담회 경비 지출,159000,ae32768008fc82d88c4f5a13b1239300aa988b529fa706c7567199c6332a8c62,sheet1:R4,,,
ae32768008fc82d8-sheet1-R5,2026-01-06,daegu-city,기후환경정책과,대구근대골목단팥빵 서대구역점,직원 격려 간식 구입비 지출,63100,ae32768008fc82d88c4f5a13b1239300aa988b529fa706c7567199c6332a8c62,sheet1:R5,,,
ae32768008fc82d8-sheet1-R6,2026-01-12,daegu-city,기후환경정책과,매드포갈릭,직원 격려 간담회 경비 지출,207600,ae32768008fc82d88c4f5a13b1239300aa988b529fa706c7567199c6332a8c62,sheet1:R6,,,
ae32768008fc82d8-sheet1-R7,2026-01-27,daegu-city,기후환경정책과,온돌방식당,직원 격려 간담회 경비 지출,109000,ae32768008fc82d88c4f5a13b1239300aa988b529fa706c7567199c6332a8c62,sheet1:R7,,,
ae32768008fc82d8-sheet1-R8,2026-01-30,daegu-city,기후환경정책과,자갈치회타운,직원 격려 간담회 경비 지출,122000,ae32768008fc82d88c4f5a13b1239300aa988b529fa706c7567199c6332a8c62,sheet1:R8,,,
ae32768008fc82d8-sheet1-R9,2026-01-30,daegu-city,기후환경정책과,스타벅스,직원 격려 간담회 경비 지출,25800,ae32768008fc82d88c4f5a13b1239300aa988b529fa706c7567199c6332a8c62,sheet1:R9,,,
ae32768008fc82d8-sheet1-R10,2026-02-19,daegu-city,기후환경정책과,매드포갈릭,직원 격려 간담회 경비 지출,76400,ae32768008fc82d88c4f5a13b1239300aa988b529fa706c7567199c6332a8c62,sheet1:R10,,,
ae32768008fc82d8-sheet1-R11,2026-03-10,daegu-city,기후환경정책과,이디야커피 대구시청점,직원 격려 간담회 경비 지출,20900,ae32768008fc82d88c4f5a13b1239300aa988b529fa706c7567199c6332a8c62,sheet1:R11,,,
ae32768008fc82d8-sheet1-R12,2026-03-10,daegu-city,기후환경정책과,환경수자원국장,경조사비,100000,ae32768008fc82d88c4f5a13b1239300aa988b529fa706c7567199c6332a8c62,sheet1:R12,,,
ae32768008fc82d8-sheet1-R13,2026-03-11,daegu-city,기후환경정책과,스타벅스,직원 격려 간담회 경비 지출,39200,ae32768008fc82d88c4f5a13b1239300aa988b529fa706c7567199c6332a8c62,sheet1:R13,,,
ae32768008fc82d8-sheet1-R14,2026-03-16,daegu-city,기후환경정책과,한티불낙,직원 격려 간담회 경비 지출,94000,ae32768008fc82d88c4f5a13b1239300aa988b529fa706c7567199c6332a8c62,sheet1:R14,,,
ae32768008fc82d8-sheet2-R4,2026-01-08,daegu-city,기후환경정책과,한티불낙,간담회 개최에 따른 경비 지출,52000,ae32768008fc82d88c4f5a13b1239300aa988b529fa706c7567199c6332a8c62,sheet2:R4,,,
ae32768008fc82d8-sheet2-R5,2026-01-09,daegu-city,기후환경정책과,녹용식당,간담회 개최에 따른 경비 지출,60000,ae32768008fc82d88c4f5a13b1239300aa988b529fa706c7567199c6332a8c62,sheet2:R5,,,
ae32768008fc82d8-sheet2-R6,2026-01-13,daegu-city,기후환경정책과,성주숯불갈비,간담회 개최에 따른 경비 지출,72000,ae32768008fc82d88c4f5a13b1239300aa988b529fa706c7567199c6332a8c62,sheet2:R6,,,
ae32768008fc82d8-sheet2-R7,2026-01-14,daegu-city,기후환경정책과,이가네더덕밥,간담회 개최에 따른 경비 지출,180000,ae32768008fc82d88c4f5a13b1239300aa988b529fa706c7567199c6332a8c62,sheet2:R7,,,
ae32768008fc82d8-sheet2-R8,2026-01-16,daegu-city,기후환경정책과,해수전복,간담회 개최에 따른 경비 지출,125000,ae32768008fc82d88c4f5a13b1239300aa988b529fa706c7567199c6332a8c62,sheet2:R8,,,
ae32768008fc82d8-sheet2-R9,2026-01-16,daegu-city,기후환경정책과,대백마트,실내공기질 관리 업무담당자 회의 개최에 따른 경비 지출,75000,ae32768008fc82d88c4f5a13b1239300aa988b529fa706c7567199c6332a8c62,sheet2:R9,,,
ae32768008fc82d8-sheet2-R10,2026-01-19,daegu-city,기후환경정책과,최고집,출입기자 간담회 개최에 따른 경비 지출,260000,ae32768008fc82d88c4f5a13b1239300aa988b529fa706c7567199c6332a8c62,sheet2:R10,,,
ae32768008fc82d8-sheet2-R11,2026-01-21,daegu-city,기후환경정책과,고가촌,간담회 개최에 따른 경비 지출,197000,ae32768008fc82d88c4f5a13b1239300aa988b529fa706c7567199c6332a8c62,sheet2:R11,,,
ae32768008fc82d8-sheet2-R12,2026-01-22,daegu-city,기후환경정책과,다경찜한정식,업무 협의 간담회 경비 지출,350000,ae32768008fc82d88c4f5a13b1239300aa988b529fa706c7567199c6332a8c62,sheet2:R12,,,
ae32768008fc82d8-sheet2-R13,2026-01-29,daegu-city,기후환경정책과,스타벅스,간담회 개최에 따른 경비 지출,70400,ae32768008fc82d88c4f5a13b1239300aa988b529fa706c7567199c6332a8c62,sheet2:R13,,,
ae32768008fc82d8-sheet2-R14,2026-02-02,daegu-city,기후환경정책과,어청도 등,간담회 개최에 따른 경비 지출,466000,ae32768008fc82d88c4f5a13b1239300aa988b529fa706c7567199c6332a8c62,sheet2:R14,,,
ae32768008fc82d8-sheet2-R15,2026-02-04,daegu-city,기후환경정책과,남강장어,간담회 개최에 따른 경비 지출,203000,ae32768008fc82d88c4f5a13b1239300aa988b529fa706c7567199c6332a8c62,sheet2:R15,,,
ae32768008fc82d8-sheet2-R16,2026-02-24,daegu-city,기후환경정책과,수성아일랜드 침산점,간담회 개최에 따른 경비 지출,308130,ae32768008fc82d88c4f5a13b1239300aa988b529fa706c7567199c6332a8c62,sheet2:R16,,,
ae32768008fc82d8-sheet2-R17,2026-03-12,daegu-city,기후환경정책과,대봉정,간담회 개최에 따른 경비 지출,59200,ae32768008fc82d88c4f5a13b1239300aa988b529fa706c7567199c6332a8c62,sheet2:R17,,,
ae32768008fc82d8-sheet2-R18,2026-01-09,daegu-city,기후환경정책과,포크챔피언,탄소중립지원센터 월례회의 개최에 따른 간담회 개최비용 지출,150000,ae32768008fc82d88c4f5a13b1239300aa988b529fa706c7567199c6332a8c62,sheet2:R18,,,
ae32768008fc82d8-sheet2-R19,2026-03-04,daegu-city,기후환경정책과,우복당,온실가스 배출권거래제 현장검증 간담회 개최비용 지출,300000,ae32768008fc82d88c4f5a13b1239300aa988b529fa706c7567199c6332a8c62,sheet2:R19,,,
ae32768008fc82d8-sheet2-R20,2026-03-06,daegu-city,기후환경정책과,감포생밀복 외,간담회 개최에 따른 경비 지출,273600,ae32768008fc82d88c4f5a13b1239300aa988b529fa706c7567199c6332a8c62,sheet2:R20,,,
ae32768008fc82d8-sheet2-R21,2026-03-24,daegu-city,기후환경정책과,온돌방 외,탄소중립 기본계획 이행점검 보고 간담회 개최비용 지출,174500,ae32768008fc82d88c4f5a13b1239300aa988b529fa706c7567199c6332a8c62,sheet2:R21,,,
ae32768008fc82d8-sheet2-R22,2026-01-12,daegu-city,기후환경정책과,대백마트,악취개선추진단(TF) 24차 회의 개최에 따른 다과 구입비 지출,180000,ae32768008fc82d88c4f5a13b1239300aa988b529fa706c7567199c6332a8c62,sheet2:R22,,,
ae32768008fc82d8-sheet2-R23,2026-02-23,daegu-city,기후환경정책과,대백마트,대기오염물질 배출시설 관리 구군 담당자 회의 개최에 따른 다과 구입비 비출,105000,ae32768008fc82d88c4f5a13b1239300aa988b529fa706c7567199c6332a8c62,sheet2:R23,,,
ae32768008fc82d8-sheet2-R24,2026-03-09,daegu-city,기후환경정책과,수가성 서래점,소규모 사업장 사물인터넷(IoT) 지원사업 현장검증 간담회 개최비용 지출,137000,ae32768008fc82d88c4f5a13b1239300aa988b529fa706c7567199c6332a8c62,sheet2:R24,,,
ae32768008fc82d8-sheet2-R25,2026-03-10,daegu-city,기후환경정책과,써브웨이 경북대북문점,악취개선추진단(TF) 26차 회의 개최에 따른 다과 구입비 지출,193000,ae32768008fc82d88c4f5a13b1239300aa988b529fa706c7567199c6332a8c62,sheet2:R25,,,
ae32768008fc82d8-sheet2-R26,2026-03-27,daegu-city,기후환경정책과,미나리식당 외,가스열펌프(GHP) 지원사업 현장검증 간담회 개최비용 지출,164500,ae32768008fc82d88c4f5a13b1239300aa988b529fa706c7567199c6332a8c62,sheet2:R26,,,
ae32768008fc82d8-sheet2-R27,2026-02-10,daegu-city,기후환경정책과,대청마루,간담회 개최에 따른 경비 지출,70000,ae32768008fc82d88c4f5a13b1239300aa988b529fa706c7567199c6332a8c62,sheet2:R27,,,
ae32768008fc82d8-sheet2-R28,2026-03-05,daegu-city,기후환경정책과,대백마트,자동차 소음 실무협의체 업무담당자 회의 개최에 따른 경비 지출,75000,ae32768008fc82d88c4f5a13b1239300aa988b529fa706c7567199c6332a8c62,sheet2:R28,,,
ae32768008fc82d8-sheet2-R29,2026-03-27,daegu-city,기후환경정책과,대백마트,「폐슬레이트 수거의 해」추진에 따른 담당자 교육 개최에 따른 경비 지출,65000,ae32768008fc82d88c4f5a13b1239300aa988b529fa706c7567199c6332a8c62,sheet2:R29,,,
eb37a1c462ce7487-sheet1-R6,2026-01-07,daegu-city,인사혁신과,서영홍합밥,교육업무 협의를 위한 간담회 경비 지출,156000,eb37a1c462ce7487954aad3d96370a4d3e09941182ce1b7ef4a1bd2f7fadcc7a,sheet1:R6,,,
eb37a1c462ce7487-sheet1-R8,2026-01-07,daegu-city,인사혁신과,개정 침산점,업무협의를 위한 간담회 경비 지출,93000,eb37a1c462ce7487954aad3d96370a4d3e09941182ce1b7ef4a1bd2f7fadcc7a,sheet1:R8,,,
eb37a1c462ce7487-sheet1-R9,2026-01-09,daegu-city,인사혁신과,백년한옥 청라,간담회 개최 경비 지출,108000,eb37a1c462ce7487954aad3d96370a4d3e09941182ce1b7ef4a1bd2f7fadcc7a,sheet1:R9,,,
eb37a1c462ce7487-sheet1-R10,2026-01-09,daegu-city,인사혁신과,씨티씨 커피,직원 격려 간식비 지출,106500,eb37a1c462ce7487954aad3d96370a4d3e09941182ce1b7ef4a1bd2f7fadcc7a,sheet1:R10,,,
eb37a1c462ce7487-sheet1-R11,2026-01-12,daegu-city,인사혁신과,한우88도매장 대구침산점,간담회 경비 지출,221300,eb37a1c462ce7487954aad3d96370a4d3e09941182ce1b7ef4a1bd2f7fadcc7a,sheet1:R11,,,
eb37a1c462ce7487-sheet1-R12,2026-01-12,daegu-city,인사혁신과,더포침산직영점,간담회 개최 경비 지출,196000,eb37a1c462ce7487954aad3d96370a4d3e09941182ce1b7ef4a1bd2f7fadcc7a,sheet1:R12,,,
eb37a1c462ce7487-sheet1-R13,2026-01-15,daegu-city,인사혁신과,룰리커피,내방객 기념품 구입,155000,eb37a1c462ce7487954aad3d96370a4d3e09941182ce1b7ef4a1bd2f7fadcc7a,sheet1:R13,,,
eb37a1c462ce7487-sheet1-R14,2026-01-20,daegu-city,인사혁신과,정동진,간담회 개최 경비 지출,300000,eb37a1c462ce7487954aad3d96370a4d3e09941182ce1b7ef4a1bd2f7fadcc7a,sheet1:R14,,,
eb37a1c462ce7487-sheet1-R15,2026-01-19,daegu-city,인사혁신과,이윽고,간담회 개최 경비 지출,150000,eb37a1c462ce7487954aad3d96370a4d3e09941182ce1b7ef4a1bd2f7fadcc7a,sheet1:R15,,,
eb37a1c462ce7487-sheet1-R16,2026-01-19,daegu-city,인사혁신과,모모스커피 외 1,직원 격려 간식비 지출,173500,eb37a1c462ce7487954aad3d96370a4d3e09941182ce1b7ef4a1bd2f7fadcc7a,sheet1:R16,,,
eb37a1c462ce7487-sheet1-R17,2026-01-22,daegu-city,인사혁신과,마이온룸,부서운영을 위한 다과 구입비 지출,200000,eb37a1c462ce7487954aad3d96370a4d3e09941182ce1b7ef4a1bd2f7fadcc7a,sheet1:R17,,,
eb37a1c462ce7487-sheet1-R18,2026-01-28,daegu-city,인사혁신과,온돌방 외 1,간담회 개최 경비 지출,333900,eb37a1c462ce7487954aad3d96370a4d3e09941182ce1b7ef4a1bd2f7fadcc7a,sheet1:R18,,,
eb37a1c462ce7487-sheet1-R19,2026-01-29,daegu-city,인사혁신과,조선숯불갈비 외 1,교육업무 협의를 위한 간담회 경비 지출,150000,eb37a1c462ce7487954aad3d96370a4d3e09941182ce1b7ef4a1bd2f7fadcc7a,sheet1:R19,,,
eb37a1c462ce7487-sheet1-R20,2026-02-02,daegu-city,인사혁신과,팔팔명가국밥,간담회 개최 경비 지출,47500,eb37a1c462ce7487954aad3d96370a4d3e09941182ce1b7ef4a1bd2f7fadcc7a,sheet1:R20,,,
eb37a1c462ce7487-sheet1-R21,2026-02-02,daegu-city,인사혁신과,심봉사 도로케,직원 격려 간식비 지출,77500,eb37a1c462ce7487954aad3d96370a4d3e09941182ce1b7ef4a1bd2f7fadcc7a,sheet1:R21,,,
eb37a1c462ce7487-sheet1-R22,2026-02-11,daegu-city,인사혁신과,장원,직원 격려 간담회 경비 지출,204000,eb37a1c462ce7487954aad3d96370a4d3e09941182ce1b7ef4a1bd2f7fadcc7a,sheet1:R22,,,
eb37a1c462ce7487-sheet1-R23,2026-02-13,daegu-city,인사혁신과,서영홍합밥,간담회 개최 경비 지출,113000,eb37a1c462ce7487954aad3d96370a4d3e09941182ce1b7ef4a1bd2f7fadcc7a,sheet1:R23,,,
eb37a1c462ce7487-sheet1-R24,2026-02-26,daegu-city,인사혁신과,언더더트리,인사위원회 회의 참석자 다과구입비 지출(2.27.),80000,eb37a1c462ce7487954aad3d96370a4d3e09941182ce1b7ef4a1bd2f7fadcc7a,sheet1:R24,,,
eb37a1c462ce7487-sheet1-R25,2026-02-27,daegu-city,인사혁신과,야쟈수지붕,간담회 개최 경비 지출,44000,eb37a1c462ce7487954aad3d96370a4d3e09941182ce1b7ef4a1bd2f7fadcc7a,sheet1:R25,,,
eb37a1c462ce7487-sheet1-R26,2026-03-05,daegu-city,인사혁신과,그미네,간담회 개최 경비 지출,195000,eb37a1c462ce7487954aad3d96370a4d3e09941182ce1b7ef4a1bd2f7fadcc7a,sheet1:R26,,,
eb37a1c462ce7487-sheet1-R27,2026-03-05,daegu-city,인사혁신과,황소,간담회 개최 경비 지출,200000,eb37a1c462ce7487954aad3d96370a4d3e09941182ce1b7ef4a1bd2f7fadcc7a,sheet1:R27,,,
eb37a1c462ce7487-sheet1-R28,2026-03-10,daegu-city,인사혁신과,마이온룸,인사위원회 회의 참석자 다과구입비 지출(3.11.),44600,eb37a1c462ce7487954aad3d96370a4d3e09941182ce1b7ef4a1bd2f7fadcc7a,sheet1:R28,,,
eb37a1c462ce7487-sheet1-R29,2026-03-26,daegu-city,인사혁신과,미스터브리즈커피,인사위원회 회의 참석자 다과구입비 지출(3.27.),69900,eb37a1c462ce7487954aad3d96370a4d3e09941182ce1b7ef4a1bd2f7fadcc7a,sheet1:R29,,,
3906ef7c66a33521-sheet1-R6,2026-01-02,daegu-city,관리과,경주식당,도시관리본부 직원 격려 간담회 개최,243000,3906ef7c66a33521ad789fc4dcd154502ba0df5f60f3c877ea57b113797702e8,sheet1:R6,,,
3906ef7c66a33521-sheet1-R7,2026-01-09,daegu-city,관리과,바스코,도시관리본부 시책 업무 협의 간담회 경비 지출,122400,3906ef7c66a33521ad789fc4dcd154502ba0df5f60f3c877ea57b113797702e8,sheet1:R7,,,
3906ef7c66a33521-sheet1-R8,2026-01-12,daegu-city,관리과,신영웅청국장해물뚝배기 성서모다아울렛점외 1,도시관리본부 직원 격려 간담회 개최,231500,3906ef7c66a33521ad789fc4dcd154502ba0df5f60f3c877ea57b113797702e8,sheet1:R8,,,
3906ef7c66a33521-sheet1-R9,2026-01-13,daegu-city,관리과,연하,도시관리본부 시책 업무 협의 간담회 경비 지출,134000,3906ef7c66a33521ad789fc4dcd154502ba0df5f60f3c877ea57b113797702e8,sheet1:R9,,,
3906ef7c66a33521-sheet1-R10,2026-01-22,daegu-city,관리과,커피명가 루체215외 1,"도시관리본부 직원 격려 간담회 개최(본부장)(관리과,1.22.사용)",128500,3906ef7c66a33521ad789fc4dcd154502ba0df5f60f3c877ea57b113797702e8,sheet1:R10,,,
3906ef7c66a33521-sheet1-R11,2026-01-23,daegu-city,관리과,메가엠지씨커피 대구성서공단점외 1,시책 업무추진 간담회 개최 경비 지출,174200,3906ef7c66a33521ad789fc4dcd154502ba0df5f60f3c877ea57b113797702e8,sheet1:R11,,,
3906ef7c66a33521-sheet1-R12,2026-01-29,daegu-city,관리과,대흥커피외 2,시책 업무추진 간담회 개최 경비 지출,200000,3906ef7c66a33521ad789fc4dcd154502ba0df5f60f3c877ea57b113797702e8,sheet1:R12,,,
3906ef7c66a33521-sheet1-R13,2026-01-30,daegu-city,관리과,동해활어회수산,도시관리본부 시책 업무 협의 간담회 경비 지출,283000,3906ef7c66a33521ad789fc4dcd154502ba0df5f60f3c877ea57b113797702e8,sheet1:R13,,,
3906ef7c66a33521-sheet1-R14,2026-02-05,daegu-city,관리과,개인(성명 비공개),경조사비 지출,50000,3906ef7c66a33521ad789fc4dcd154502ba0df5f60f3c877ea57b113797702e8,sheet1:R14,,,
3906ef7c66a33521-sheet1-R15,2026-02-05,daegu-city,관리과,사문진주막촌,도시관리본부 시책 업무 협의 간담회 경비 지출,49000,3906ef7c66a33521ad789fc4dcd154502ba0df5f60f3c877ea57b113797702e8,sheet1:R15,,,
3906ef7c66a33521-sheet1-R16,2026-02-06,daegu-city,관리과,호어모아,도시공원관리부 시책 업무 협의 간담회 경비 지출,177000,3906ef7c66a33521ad789fc4dcd154502ba0df5f60f3c877ea57b113797702e8,sheet1:R16,,,
3906ef7c66a33521-sheet1-R17,2026-02-09,daegu-city,관리과,개인(성명 비공개),경조사비 지출,50000,3906ef7c66a33521ad789fc4dcd154502ba0df5f60f3c877ea57b113797702e8,sheet1:R17,,,
3906ef7c66a33521-sheet1-R18,2026-02-10,daegu-city,관리과,떡본가외 1,도시관리본부 직원 격려 다과 구입,72000,3906ef7c66a33521ad789fc4dcd154502ba0df5f60f3c877ea57b113797702e8,sheet1:R18,,,
3906ef7c66a33521-sheet1-R19,2026-02-11,daegu-city,관리과,핸즈커피성북교점외 1,도시관리본부 직원 격려 간담회 개최,66500,3906ef7c66a33521ad789fc4dcd154502ba0df5f60f3c877ea57b113797702e8,sheet1:R19,,,
3906ef7c66a33521-sheet1-R20,2026-02-19,daegu-city,관리과,대흥커피외 1,도시관리본부 시책 업무 협의 간담회 경비 지출,125000,3906ef7c66a33521ad789fc4dcd154502ba0df5f60f3c877ea57b113797702e8,sheet1:R20,,,
3906ef7c66a33521-sheet1-R21,2026-02-25,daegu-city,관리과,신영웅청국장해물뚝배기 성서모다아울렛점,시책 업무추진 간담회 개최 경비 지출,81000,3906ef7c66a33521ad789fc4dcd154502ba0df5f60f3c877ea57b113797702e8,sheet1:R21,,,
3906ef7c66a33521-sheet1-R22,2026-02-26,daegu-city,관리과,코봉이 동태탕탕탕,도시관리본부 시책 업무 협의 간담회 경비 지출,80000,3906ef7c66a33521ad789fc4dcd154502ba0df5f60f3c877ea57b113797702e8,sheet1:R22,,,
3906ef7c66a33521-sheet1-R23,2026-03-03,daegu-city,관리과,형제옛날불고기,시책 업무추진 간담회 개최 경비 지출,97500,3906ef7c66a33521ad789fc4dcd154502ba0df5f60f3c877ea57b113797702e8,sheet1:R23,,,
3906ef7c66a33521-sheet1-R24,2026-03-24,daegu-city,관리과,시골뚝배기(두류점),도시관리본부 직원 격려 간담회 개최,73300,3906ef7c66a33521ad789fc4dcd154502ba0df5f60f3c877ea57b113797702e8,sheet1:R24,1400ef73a32f826af73a6acf40d3d89635958f5ff8b91c11d73a82867a3e68e4:sheet1:R6,,
3906ef7c66a33521-sheet1-R25,2026-03-25,daegu-city,관리과,산,도시관리본부 시책 업무 협의 간담회 경비 지출,210000,3906ef7c66a33521ad789fc4dcd154502ba0df5f60f3c877ea57b113797702e8,sheet1:R25,1400ef73a32f826af73a6acf40d3d89635958f5ff8b91c11d73a82867a3e68e4:sheet1:R7,,
3906ef7c66a33521-sheet1-R26,2026-03-26,daegu-city,관리과,유가정,도시관리본부 직원 격려 간담회 개최,120000,3906ef7c66a33521ad789fc4dcd154502ba0df5f60f3c877ea57b113797702e8,sheet1:R26,1400ef73a32f826af73a6acf40d3d89635958f5ff8b91c11d73a82867a3e68e4:sheet1:R8,,
3906ef7c66a33521-sheet1-R27,2026-03-31,daegu-city,관리과,샤브20 이곡점,도시관리본부 시책 업무 협의 간담회 경비 지출,381600,3906ef7c66a33521ad789fc4dcd154502ba0df5f60f3c877ea57b113797702e8,sheet1:R27,1400ef73a32f826af73a6acf40d3d89635958f5ff8b91c11d73a82867a3e68e4:sheet1:R9,,
c23a051d52a3580f-sheet1-R6,2026-01-23,daegu-city,미래모빌리티과,고기9단 침산점,시책 홍보를 위한 언론사 간담회,46000,c23a051d52a3580fd5477a98d0de99e706e80f2c8af65d1ec742c21895460257,sheet1:R6,,,
c23a051d52a3580f-sheet1-R7,2026-01-27,daegu-city,미래모빌리티과,고기굽는남자 고성점,미래모빌리티 주요업무 추진을 위한 간담회,211000,c23a051d52a3580fd5477a98d0de99e706e80f2c8af65d1ec742c21895460257,sheet1:R7,,,
c23a051d52a3580f-sheet1-R8,2026-01-28,daegu-city,미래모빌리티과,코레일유통주식회사(동대구역),신규사업 추진에 따른 지역특산품 구입,60000,c23a051d52a3580fd5477a98d0de99e706e80f2c8af65d1ec742c21895460257,sheet1:R8,,,
c23a051d52a3580f-sheet1-R9,2026-01-30,daegu-city,미래모빌리티과,애요스 다이닝,시책 홍보를 위한 언론사 간담회,100700,c23a051d52a3580fd5477a98d0de99e706e80f2c8af65d1ec742c21895460257,sheet1:R9,,,
c23a051d52a3580f-sheet1-R10,2026-02-03,daegu-city,미래모빌리티과,고기9단 침산점,시책 홍보를 위한 언론사 간담회,83500,c23a051d52a3580fd5477a98d0de99e706e80f2c8af65d1ec742c21895460257,sheet1:R10,,,
c23a051d52a3580f-sheet1-R11,2026-02-05,daegu-city,미래모빌리티과,차이윤,미래모빌리티과 주요현안 추진을 위한 간담회,190000,c23a051d52a3580fd5477a98d0de99e706e80f2c8af65d1ec742c21895460257,sheet1:R11,,,
c23a051d52a3580f-sheet1-R12,2026-02-06,daegu-city,미래모빌리티과,코레일유통주식회사(동대구역),신규사업 추진에 따른 지역특산품 구입,30000,c23a051d52a3580fd5477a98d0de99e706e80f2c8af65d1ec742c21895460257,sheet1:R12,,,
c23a051d52a3580f-sheet1-R13,2026-02-10,daegu-city,미래모빌리티과,막내회집,미래모빌리티 주요업무 추진을 위한 간담회,135000,c23a051d52a3580fd5477a98d0de99e706e80f2c8af65d1ec742c21895460257,sheet1:R13,,,
c23a051d52a3580f-sheet1-R14,2026-02-13,daegu-city,미래모빌리티과,고기9단 침산점,시책 홍보를 위한 언론사 간담회,75000,c23a051d52a3580fd5477a98d0de99e706e80f2c8af65d1ec742c21895460257,sheet1:R14,,,
c23a051d52a3580f-sheet1-R15,2026-03-09,daegu-city,미래모빌리티과,여의도식당 외 1,미래모빌리티 주요업무 추진을 위한 간담회,180000,c23a051d52a3580fd5477a98d0de99e706e80f2c8af65d1ec742c21895460257,sheet1:R15,,,
c23a051d52a3580f-sheet1-R16,2026-03-10,daegu-city,미래모빌리티과,고기9단 침산점,시책 홍보를 위한 언론사 간담회,52000,c23a051d52a3580fd5477a98d0de99e706e80f2c8af65d1ec742c21895460257,sheet1:R16,,,
c23a051d52a3580f-sheet1-R17,2026-03-17,daegu-city,미래모빌리티과,신수원본가 외 1,미래모빌리티 주요업무 추진을 위한 간담회,82500,c23a051d52a3580fd5477a98d0de99e706e80f2c8af65d1ec742c21895460257,sheet1:R17,,,
c23a051d52a3580f-sheet1-R18,2026-03-27,daegu-city,미래모빌리티과,곤지곤지,미래모빌리티 주요업무 추진을 위한 간담회,108000,c23a051d52a3580fd5477a98d0de99e706e80f2c8af65d1ec742c21895460257,sheet1:R18,,,
c23a051d52a3580f-sheet1-R19,2026-03-31,daegu-city,미래모빌리티과,분당만강원,미래모빌리티 주요업무 추진을 위한 간담회,125000,c23a051d52a3580fd5477a98d0de99e706e80f2c8af65d1ec742c21895460257,sheet1:R19,,,
cd7b3bee9f47f84f-sheet1-R4,2026-01-05,daegu-city,투자유치과,고성족발,직원 격려를 위한 간담회 비용 지출(원스톱기업투자센터장),400000,cd7b3bee9f47f84fbdee6ed13ae0b9ff4eb3063c81e1eb8eb271045ed9eeba17,sheet1:R4,,,
cd7b3bee9f47f84f-sheet1-R5,2026-01-06,daegu-city,투자유치과,고성족발,직원 격려를 위한 간담회 비용 지출(원스톱기업투자센터장),302000,cd7b3bee9f47f84fbdee6ed13ae0b9ff4eb3063c81e1eb8eb271045ed9eeba17,sheet1:R5,,,
cd7b3bee9f47f84f-sheet1-R6,2026-01-06,daegu-city,투자유치과,쿠팡,직원 격려를 위한 간식 구입비용 지출,109000,cd7b3bee9f47f84fbdee6ed13ae0b9ff4eb3063c81e1eb8eb271045ed9eeba17,sheet1:R6,,,
cd7b3bee9f47f84f-sheet1-R7,2026-01-07,daegu-city,투자유치과,박대포막창,직원 격려를 위한 간담회 비용 지출,189000,cd7b3bee9f47f84fbdee6ed13ae0b9ff4eb3063c81e1eb8eb271045ed9eeba17,sheet1:R7,,,
cd7b3bee9f47f84f-sheet1-R8,2026-01-08,daegu-city,투자유치과,동곡제면,투자유치 업무협의를 위한 간담회 비용 지출(원스톱기업투자센터장),81000,cd7b3bee9f47f84fbdee6ed13ae0b9ff4eb3063c81e1eb8eb271045ed9eeba17,sheet1:R8,,,
cd7b3bee9f47f84f-sheet1-R9,2026-01-09,daegu-city,투자유치과,삼척수산,투자유치 업무협의를 위한 간담회 비용 지출,200000,cd7b3bee9f47f84fbdee6ed13ae0b9ff4eb3063c81e1eb8eb271045ed9eeba17,sheet1:R9,,,
cd7b3bee9f47f84f-sheet1-R10,2026-01-12,daegu-city,투자유치과,청림향한정식,투자유치 업무협의를 위한 간담회 비용 지출(원스톱기업투자센터장),95000,cd7b3bee9f47f84fbdee6ed13ae0b9ff4eb3063c81e1eb8eb271045ed9eeba17,sheet1:R10,,,
cd7b3bee9f47f84f-sheet1-R11,2026-01-13,daegu-city,투자유치과,해금강,투자유치 업무협의를 위한 간담회 비용 지출,95000,cd7b3bee9f47f84fbdee6ed13ae0b9ff4eb3063c81e1eb8eb271045ed9eeba17,sheet1:R11,,,
cd7b3bee9f47f84f-sheet1-R12,2026-01-13,daegu-city,투자유치과,동곡제면 외 1,투자유치 업무협의를 위한 간담회 비용 지출(원스톱기업투자센터장),134100,cd7b3bee9f47f84fbdee6ed13ae0b9ff4eb3063c81e1eb8eb271045ed9eeba17,sheet1:R12,,,
cd7b3bee9f47f84f-sheet1-R13,2026-01-14,daegu-city,투자유치과,영주전통한우영농조합법인,투자유치 업무협의를 위한 간담회 비용 지출(원스톱기업투자센터장),336000,cd7b3bee9f47f84fbdee6ed13ae0b9ff4eb3063c81e1eb8eb271045ed9eeba17,sheet1:R13,,,
cd7b3bee9f47f84f-sheet1-R14,2026-01-14,daegu-city,투자유치과,해조,투자유치 업무협의를 위한 간담회 비용 지출(원스톱기업투자센터장),175000,cd7b3bee9f47f84fbdee6ed13ae0b9ff4eb3063c81e1eb8eb271045ed9eeba17,sheet1:R14,,,
cd7b3bee9f47f84f-sheet1-R15,2026-01-15,daegu-city,투자유치과,감포생아구해물 외 1,투자유치 업무협의를 위한 간담회 비용 지출(원스톱기업투자센터장),72000,cd7b3bee9f47f84fbdee6ed13ae0b9ff4eb3063c81e1eb8eb271045ed9eeba17,sheet1:R15,,,
cd7b3bee9f47f84f-sheet1-R16,2026-01-16,daegu-city,투자유치과,감포생아구해물 외 1,투자유치 업무협의를 위한 간담회 비용 지출(원스톱기업투자센터장),41400,cd7b3bee9f47f84fbdee6ed13ae0b9ff4eb3063c81e1eb8eb271045ed9eeba17,sheet1:R16,,,
cd7b3bee9f47f84f-sheet1-R17,2026-01-16,daegu-city,투자유치과,수,투자유치 업무협의를 위한 간담회 비용 지출(원스톱기업투자센터장),245500,cd7b3bee9f47f84fbdee6ed13ae0b9ff4eb3063c81e1eb8eb271045ed9eeba17,sheet1:R17,,,
cd7b3bee9f47f84f-sheet1-R18,2026-01-20,daegu-city,투자유치과,경주횟집,투자유치 업무협의를 위한 간담회 비용 지출(원스톱기업투자센터장),311000,cd7b3bee9f47f84fbdee6ed13ae0b9ff4eb3063c81e1eb8eb271045ed9eeba17,sheet1:R18,,,
cd7b3bee9f47f84f-sheet1-R19,2026-01-21,daegu-city,투자유치과,투자유치과,직원 경조사비 지출,50000,cd7b3bee9f47f84fbdee6ed13ae0b9ff4eb3063c81e1eb8eb271045ed9eeba17,sheet1:R19,,,
cd7b3bee9f47f84f-sheet1-R20,2026-01-22,daegu-city,투자유치과,양은이네 광명역점 외 1,투자유치 업무협의를 위한 간담회 비용 지출,99400,cd7b3bee9f47f84fbdee6ed13ae0b9ff4eb3063c81e1eb8eb271045ed9eeba17,sheet1:R20,,,
cd7b3bee9f47f84f-sheet1-R21,2026-01-22,daegu-city,투자유치과,일월정토속한정식,투자유치 업무 협의를 위한 간담회 비용 지출,68000,cd7b3bee9f47f84fbdee6ed13ae0b9ff4eb3063c81e1eb8eb271045ed9eeba17,sheet1:R21,,,
cd7b3bee9f47f84f-sheet1-R22,2026-01-23,daegu-city,투자유치과,향돈촌,투자유치 업무 협의를 위한 간담회 비용 지출,293000,cd7b3bee9f47f84fbdee6ed13ae0b9ff4eb3063c81e1eb8eb271045ed9eeba17,sheet1:R22,,,
cd7b3bee9f47f84f-sheet1-R23,2026-01-23,daegu-city,투자유치과,성서따로식당,투자유치 업무 협의를 위한 간담회 비용 지출,55000,cd7b3bee9f47f84fbdee6ed13ae0b9ff4eb3063c81e1eb8eb271045ed9eeba17,sheet1:R23,,,
cd7b3bee9f47f84f-sheet1-R24,2026-01-28,daegu-city,투자유치과,감포생아구해물 외 1,투자유치 업무협의를 위한 간담회 비용 지출(원스톱기업투자센터장),150000,cd7b3bee9f47f84fbdee6ed13ae0b9ff4eb3063c81e1eb8eb271045ed9eeba17,sheet1:R24,,,
cd7b3bee9f47f84f-sheet1-R25,2026-01-29,daegu-city,투자유치과,해루,투자유치 업무 협의를 위한 간담회 비용 지출,275000,cd7b3bee9f47f84fbdee6ed13ae0b9ff4eb3063c81e1eb8eb271045ed9eeba17,sheet1:R25,,,
cd7b3bee9f47f84f-sheet1-R26,2026-01-29,daegu-city,투자유치과,장보고식자재마트,투자유치 활성화를 위한 내방객 기념품 구입,196000,cd7b3bee9f47f84fbdee6ed13ae0b9ff4eb3063c81e1eb8eb271045ed9eeba17,sheet1:R26,,,
cd7b3bee9f47f84f-sheet1-R27,2026-02-03,daegu-city,투자유치과,유가정,직원 격려를 위한 간담회 비용 지출(원스톱기업투자센터장),450000,cd7b3bee9f47f84fbdee6ed13ae0b9ff4eb3063c81e1eb8eb271045ed9eeba17,sheet1:R27,,,
cd7b3bee9f47f84f-sheet1-R28,2026-02-04,daegu-city,투자유치과,키키샤브,투자유치 업무협의를 위한 간담회 비용 지출(원스톱기업투자센터장),238400,cd7b3bee9f47f84fbdee6ed13ae0b9ff4eb3063c81e1eb8eb271045ed9eeba17,sheet1:R28,,,
cd7b3bee9f47f84f-sheet1-R29,2026-02-04,daegu-city,투자유치과,전복삼합의원조삼합일,투자유치 업무협의를 위한 간담회 비용 지출(원스톱기업투자센터장),300000,cd7b3bee9f47f84fbdee6ed13ae0b9ff4eb3063c81e1eb8eb271045ed9eeba17,sheet1:R29,,,
cd7b3bee9f47f84f-sheet1-R30,2026-02-05,daegu-city,투자유치과,감포생밀복 외 1,투자유치 업무협의를 위한 간담회 비용 지출(원스톱기업투자센터장),138500,cd7b3bee9f47f84fbdee6ed13ae0b9ff4eb3063c81e1eb8eb271045ed9eeba17,sheet1:R30,,,
cd7b3bee9f47f84f-sheet1-R31,2026-02-05,daegu-city,투자유치과,수페부엌 대봉점,투자유치 업무협의를 위한 간담회 비용 지출(원스톱기업투자센터장),226000,cd7b3bee9f47f84fbdee6ed13ae0b9ff4eb3063c81e1eb8eb271045ed9eeba17,sheet1:R31,,,
cd7b3bee9f47f84f-sheet1-R32,2026-02-09,daegu-city,투자유치과,고성족발,투자유치 업무협의를 위한 간담회 비용 지출,141000,cd7b3bee9f47f84fbdee6ed13ae0b9ff4eb3063c81e1eb8eb271045ed9eeba17,sheet1:R32,,,
cd7b3bee9f47f84f-sheet1-R33,2026-02-11,daegu-city,투자유치과,전우소고기해장국,투자유치 업무협의를 위한 간담회 비용 지출,58000,cd7b3bee9f47f84fbdee6ed13ae0b9ff4eb3063c81e1eb8eb271045ed9eeba17,sheet1:R33,,,
cd7b3bee9f47f84f-sheet1-R34,2026-02-11,daegu-city,투자유치과,연막창 침산고성점,투자유치 업무협의를 위한 간담회 비용 지출,137500,cd7b3bee9f47f84fbdee6ed13ae0b9ff4eb3063c81e1eb8eb271045ed9eeba17,sheet1:R34,,,
cd7b3bee9f47f84f-sheet1-R35,2026-02-20,daegu-city,투자유치과,감포생밀복,투자유치 업무협의를 위한 간담회 비용 지출,88000,cd7b3bee9f47f84fbdee6ed13ae0b9ff4eb3063c81e1eb8eb271045ed9eeba17,sheet1:R35,,,
cd7b3bee9f47f84f-sheet1-R36,2026-02-23,daegu-city,투자유치과,쿠팡,직원 격려를 위한 간식 구입비용 지출,77800,cd7b3bee9f47f84fbdee6ed13ae0b9ff4eb3063c81e1eb8eb271045ed9eeba17,sheet1:R36,,,
cd7b3bee9f47f84f-sheet1-R37,2026-02-24,daegu-city,투자유치과,성서마산식당,투자유치 업무협의를 위한 간담회 비용 지출,76000,cd7b3bee9f47f84fbdee6ed13ae0b9ff4eb3063c81e1eb8eb271045ed9eeba17,sheet1:R37,,,
cd7b3bee9f47f84f-sheet1-R38,2026-03-04,daegu-city,투자유치과,제임스떡방,직원 격려를 위한 간식 구입비용 지출,39000,cd7b3bee9f47f84fbdee6ed13ae0b9ff4eb3063c81e1eb8eb271045ed9eeba17,sheet1:R38,,,
cd7b3bee9f47f84f-sheet1-R39,2026-03-05,daegu-city,투자유치과,술낭구 수성직영점,투자유치 업무협의를 위한 간담회 비용 지출,198000,cd7b3bee9f47f84fbdee6ed13ae0b9ff4eb3063c81e1eb8eb271045ed9eeba17,sheet1:R39,,,
cd7b3bee9f47f84f-sheet1-R40,2026-03-10,daegu-city,투자유치과,티제이버거,직원 격려를 위한 간담회 경비 지출,240000,cd7b3bee9f47f84fbdee6ed13ae0b9ff4eb3063c81e1eb8eb271045ed9eeba17,sheet1:R40,,,
cd7b3bee9f47f84f-sheet1-R41,2026-03-11,daegu-city,투자유치과,전우소고기해장국,투자유치 업무협의를 위한 간담회 비용 지출,66000,cd7b3bee9f47f84fbdee6ed13ae0b9ff4eb3063c81e1eb8eb271045ed9eeba17,sheet1:R41,,,
cd7b3bee9f47f84f-sheet1-R42,2026-03-11,daegu-city,투자유치과,더카페산방,투자유치 업무 협의를 위한 간담회 비용 지출,24500,cd7b3bee9f47f84fbdee6ed13ae0b9ff4eb3063c81e1eb8eb271045ed9eeba17,sheet1:R42,,,
cd7b3bee9f47f84f-sheet1-R43,2026-03-12,daegu-city,투자유치과,신라숯불가든식당,투자유치 업무 협의를 위한 간담회 비용 지출,112000,cd7b3bee9f47f84fbdee6ed13ae0b9ff4eb3063c81e1eb8eb271045ed9eeba17,sheet1:R43,,,
cd7b3bee9f47f84f-sheet1-R44,2026-03-16,daegu-city,투자유치과,제주반상 외 1,직원 격려를 위한 간담회 비용 지출(원스톱기업투자센터장),111600,cd7b3bee9f47f84fbdee6ed13ae0b9ff4eb3063c81e1eb8eb271045ed9eeba17,sheet1:R44,,,
cd7b3bee9f47f84f-sheet1-R45,2026-03-24,daegu-city,투자유치과,서가앤쿡,직원 격려를 위한 간담회 비용 지출(원스톱기업투자센터장),114200,cd7b3bee9f47f84fbdee6ed13ae0b9ff4eb3063c81e1eb8eb271045ed9eeba17,sheet1:R45,,,
cd7b3bee9f47f84f-sheet1-R46,2026-03-26,daegu-city,투자유치과,들풀,투자유치 업무협의를 위한 간담회 비용 지출,135000,cd7b3bee9f47f84fbdee6ed13ae0b9ff4eb3063c81e1eb8eb271045ed9eeba17,sheet1:R46,,,
cd7b3bee9f47f84f-sheet1-R47,2026-03-26,daegu-city,투자유치과,대니골가든,투자유치 업무협의를 위한 간담회 비용 지출,91000,cd7b3bee9f47f84fbdee6ed13ae0b9ff4eb3063c81e1eb8eb271045ed9eeba17,sheet1:R47,,,
9ee7a4e049942f65-sheet1-R6,2026-01-05,daegu-city,법무담당관,롯데역사(주)대구점,직원격려 간담회 개최에 따른 경비 지출,298500,9ee7a4e049942f656b104cc6ab07b39224a1d2f7d5dea34ad49696b1b5b05f6d,sheet1:R6,,,
9ee7a4e049942f65-sheet1-R7,2026-01-06,daegu-city,법무담당관,복호두침산점,직원격려 간식 구입비 지출,146000,9ee7a4e049942f656b104cc6ab07b39224a1d2f7d5dea34ad49696b1b5b05f6d,sheet1:R7,,,
9ee7a4e049942f65-sheet1-R8,2026-01-16,daegu-city,법무담당관,롯데역사(주)대구점,직원격려 간담회 개최에 따른 경비 지출,140000,9ee7a4e049942f656b104cc6ab07b39224a1d2f7d5dea34ad49696b1b5b05f6d,sheet1:R8,,,
9ee7a4e049942f65-sheet1-R9,2026-01-20,daegu-city,법무담당관,롯데역사(주)대구점,2026년도 법학전문대학원생 실무수습(1기) 간담회 개최에 따른 경비 지출,159200,9ee7a4e049942f656b104cc6ab07b39224a1d2f7d5dea34ad49696b1b5b05f6d,sheet1:R9,,,
9ee7a4e049942f65-sheet1-R10,2026-01-20,daegu-city,법무담당관,롯데역사(주)대구점,2026년도 법학전문대학원생 실무수습(1기) 간담회 개최에 따른 경비 지출,42000,9ee7a4e049942f656b104cc6ab07b39224a1d2f7d5dea34ad49696b1b5b05f6d,sheet1:R10,,,
9ee7a4e049942f65-sheet1-R11,2026-01-26,daegu-city,법무담당관,대백마트 산격점외 1,2026년 제1회 행정심판위원회 개최에 따른 음료 및 다과 구입비 지출,113150,9ee7a4e049942f656b104cc6ab07b39224a1d2f7d5dea34ad49696b1b5b05f6d,sheet1:R11,,,
9ee7a4e049942f65-sheet1-R12,2026-02-03,daegu-city,법무담당관,대구 근대골목단팥빵 본점,직원격려 간식 구입비 지출,95000,9ee7a4e049942f656b104cc6ab07b39224a1d2f7d5dea34ad49696b1b5b05f6d,sheet1:R12,,,
9ee7a4e049942f65-sheet1-R13,2026-02-09,daegu-city,법무담당관,삿뽀로서초점,주요 소송업무 관련 간담회 개최에 따른 경비 지출,150000,9ee7a4e049942f656b104cc6ab07b39224a1d2f7d5dea34ad49696b1b5b05f6d,sheet1:R13,,,
9ee7a4e049942f65-sheet1-R14,2026-02-10,daegu-city,법무담당관,영커피 대구산격점외 1,2026년 제1회 소청심사위원회 개최에 따른 음료 및 다과 구입비 지출,96300,9ee7a4e049942f656b104cc6ab07b39224a1d2f7d5dea34ad49696b1b5b05f6d,sheet1:R14,,,
9ee7a4e049942f65-sheet1-R15,2026-02-13,daegu-city,법무담당관,파파존스침산점,직원격려 간식 구입비 지출,40000,9ee7a4e049942f656b104cc6ab07b39224a1d2f7d5dea34ad49696b1b5b05f6d,sheet1:R15,,,
9ee7a4e049942f65-sheet1-R16,2026-02-23,daegu-city,법무담당관,언더더트리,2026년 제2회 행정심판위원회 개최에 따른 음료 및 다과 구입비 지출,80000,9ee7a4e049942f656b104cc6ab07b39224a1d2f7d5dea34ad49696b1b5b05f6d,sheet1:R16,,,
9ee7a4e049942f65-sheet1-R17,2026-03-09,daegu-city,법무담당관,전원식당,자치법규 발전모색을 위한 간담회 경비 지출,115000,9ee7a4e049942f656b104cc6ab07b39224a1d2f7d5dea34ad49696b1b5b05f6d,sheet1:R17,,,
9ee7a4e049942f65-sheet1-R18,2026-03-30,daegu-city,법무담당관,대백마트 산격점외 1,2026년 제3회 행정심판위원회 개최에 따른 음료 및 다과 구입비 지출,96050,9ee7a4e049942f656b104cc6ab07b39224a1d2f7d5dea34ad49696b1b5b05f6d,sheet1:R18,,,
9b4ae2e5956333fc-sheet1-R5,2026-01-09,daegu-city,안동댐상수원개발과,세종등심연구소,주요 시책 추진 간담회 경비지출(단장),190000,9b4ae2e5956333fc0e7ba41d0ad16eb4400c9e1f9c9bd34a66939eb30b315937,sheet1:R5,,,
9b4ae2e5956333fc-sheet1-R6,2026-01-13,daegu-city,안동댐상수원개발과,세종진국,주요 시책 추진 간담회 경비지출,74000,9b4ae2e5956333fc0e7ba41d0ad16eb4400c9e1f9c9bd34a66939eb30b315937,sheet1:R6,,,
9b4ae2e5956333fc-sheet1-R7,2026-01-13,daegu-city,안동댐상수원개발과,삼송빵집,취수원 이전 사업 업무협의를 위한 관계기관 방문 다과구입비,63100,9b4ae2e5956333fc0e7ba41d0ad16eb4400c9e1f9c9bd34a66939eb30b315937,sheet1:R7,,,
9b4ae2e5956333fc-sheet1-R8,2026-01-13,daegu-city,안동댐상수원개발과,메리어트 동문,주요 시책 추진 간담회 경비지출(단장),165600,9b4ae2e5956333fc0e7ba41d0ad16eb4400c9e1f9c9bd34a66939eb30b315937,sheet1:R8,,,
9b4ae2e5956333fc-sheet1-R9,2026-01-15,daegu-city,안동댐상수원개발과,스타벅스,기자 간담회 제공 다과 구입,158400,9b4ae2e5956333fc0e7ba41d0ad16eb4400c9e1f9c9bd34a66939eb30b315937,sheet1:R9,,,
9b4ae2e5956333fc-sheet1-R10,2026-01-15,daegu-city,안동댐상수원개발과,온돌방,주요 시책 추진 간담회 경비지출(단장),321000,9b4ae2e5956333fc0e7ba41d0ad16eb4400c9e1f9c9bd34a66939eb30b315937,sheet1:R10,,,
9b4ae2e5956333fc-sheet1-R11,2026-01-20,daegu-city,안동댐상수원개발과,론다베이크샵,주요 시책 추진 간담회 경비지출(단장),19000,9b4ae2e5956333fc0e7ba41d0ad16eb4400c9e1f9c9bd34a66939eb30b315937,sheet1:R11,,,
9b4ae2e5956333fc-sheet1-R12,2026-01-22,daegu-city,안동댐상수원개발과,복어잡는사람들,주요 시책 추진 간담회 경비지출,118000,9b4ae2e5956333fc0e7ba41d0ad16eb4400c9e1f9c9bd34a66939eb30b315937,sheet1:R12,,,
9b4ae2e5956333fc-sheet1-R13,2026-01-23,daegu-city,안동댐상수원개발과,노조미,주요 시책 추진 간담회 경비지출,272000,9b4ae2e5956333fc0e7ba41d0ad16eb4400c9e1f9c9bd34a66939eb30b315937,sheet1:R13,,,
9b4ae2e5956333fc-sheet1-R14,2026-01-28,daegu-city,안동댐상수원개발과,둥지,주요 시책 추진 간담회 경비지출,72000,9b4ae2e5956333fc0e7ba41d0ad16eb4400c9e1f9c9bd34a66939eb30b315937,sheet1:R14,,,
9b4ae2e5956333fc-sheet1-R15,2026-01-28,daegu-city,안동댐상수원개발과,봉산동생고기집,주요 시책 추진 간담회 경비지출(단장),158000,9b4ae2e5956333fc0e7ba41d0ad16eb4400c9e1f9c9bd34a66939eb30b315937,sheet1:R15,,,
9b4ae2e5956333fc-sheet1-R16,2026-02-06,daegu-city,안동댐상수원개발과,방어진참가자미,주요 시책 추진 간담회 경비지출,104000,9b4ae2e5956333fc0e7ba41d0ad16eb4400c9e1f9c9bd34a66939eb30b315937,sheet1:R16,,,
9b4ae2e5956333fc-sheet1-R17,2026-02-24,daegu-city,안동댐상수원개발과,거산이가네더덕밥,주요 시책 추진 간담회 경비지출(단장),118000,9b4ae2e5956333fc0e7ba41d0ad16eb4400c9e1f9c9bd34a66939eb30b315937,sheet1:R17,,,
9b4ae2e5956333fc-sheet1-R18,2026-02-25,daegu-city,안동댐상수원개발과,온돌방,주요 시책 추진 간담회 경비지출(단장),180000,9b4ae2e5956333fc0e7ba41d0ad16eb4400c9e1f9c9bd34a66939eb30b315937,sheet1:R18,,,
9b4ae2e5956333fc-sheet1-R19,2026-02-26,daegu-city,안동댐상수원개발과,상해루,주요 시책 추진 간담회 경비지출(단장),152000,9b4ae2e5956333fc0e7ba41d0ad16eb4400c9e1f9c9bd34a66939eb30b315937,sheet1:R19,,,
9b4ae2e5956333fc-sheet1-R20,2026-03-05,daegu-city,안동댐상수원개발과,덕클,주요 시책 추진 간담회 경비지출(단장),63900,9b4ae2e5956333fc0e7ba41d0ad16eb4400c9e1f9c9bd34a66939eb30b315937,sheet1:R20,,,
9b4ae2e5956333fc-sheet1-R21,2026-03-06,daegu-city,안동댐상수원개발과,타논55 등,관계기관 방문 다과구입비 및 간담회 경비 지출,111800,9b4ae2e5956333fc0e7ba41d0ad16eb4400c9e1f9c9bd34a66939eb30b315937,sheet1:R21,,,
9b4ae2e5956333fc-sheet1-R22,2026-03-06,daegu-city,안동댐상수원개발과,방어진참가자미,주요 시책 추진 간담회 경비지출,132000,9b4ae2e5956333fc0e7ba41d0ad16eb4400c9e1f9c9bd34a66939eb30b315937,sheet1:R22,,,
9b4ae2e5956333fc-sheet1-R23,2026-03-12,daegu-city,안동댐상수원개발과,상해루,주요 시책 추진 간담회 경비지출(단장),76000,9b4ae2e5956333fc0e7ba41d0ad16eb4400c9e1f9c9bd34a66939eb30b315937,sheet1:R23,,,
9b4ae2e5956333fc-sheet1-R24,2026-03-12,daegu-city,안동댐상수원개발과,강변풍경,주요 시책 추진 간담회 경비지출,102000,9b4ae2e5956333fc0e7ba41d0ad16eb4400c9e1f9c9bd34a66939eb30b315937,sheet1:R24,,,
9b4ae2e5956333fc-sheet1-R25,2026-03-17,daegu-city,안동댐상수원개발과,스타벅스,주요 시책 추진 간담회 경비지출,29200,9b4ae2e5956333fc0e7ba41d0ad16eb4400c9e1f9c9bd34a66939eb30b315937,sheet1:R25,,,
9b4ae2e5956333fc-sheet1-R26,2026-03-17,daegu-city,안동댐상수원개발과,삼송빵집,비점오염저감사업 협의를 위한 관계기관 방문 다과구입비 지출,52900,9b4ae2e5956333fc0e7ba41d0ad16eb4400c9e1f9c9bd34a66939eb30b315937,sheet1:R26,,,
9b4ae2e5956333fc-sheet1-R27,2026-03-24,daegu-city,안동댐상수원개발과,아티제,주요 시책 추진 간담회 경비지출(단장),15400,9b4ae2e5956333fc0e7ba41d0ad16eb4400c9e1f9c9bd34a66939eb30b315937,sheet1:R27,,,
9b4ae2e5956333fc-sheet1-R28,2026-03-25,daegu-city,안동댐상수원개발과,온돌방 외 1,주요 시책 추진 간담회 경비지출(단장),260500,9b4ae2e5956333fc0e7ba41d0ad16eb4400c9e1f9c9bd34a66939eb30b315937,sheet1:R28,,,
9b4ae2e5956333fc-sheet1-R29,2026-03-27,daegu-city,안동댐상수원개발과,황소,주요 시책 추진 간담회 경비지출(단장),160000,9b4ae2e5956333fc0e7ba41d0ad16eb4400c9e1f9c9bd34a66939eb30b315937,sheet1:R29,,,
9b4ae2e5956333fc-sheet2-R5,2026-01-23,daegu-city,안동댐상수원개발과,금산민속칼국수,직원 격려 간담회 경비 지출,100000,9b4ae2e5956333fc0e7ba41d0ad16eb4400c9e1f9c9bd34a66939eb30b315937,sheet2:R5,,,
9b4ae2e5956333fc-sheet2-R6,2026-01-26,daegu-city,안동댐상수원개발과,곤지곤지침산점 외 1,직원 격려 간담회 경비 지출,115400,9b4ae2e5956333fc0e7ba41d0ad16eb4400c9e1f9c9bd34a66939eb30b315937,sheet2:R6,,,
9b4ae2e5956333fc-sheet2-R7,2026-01-26,daegu-city,안동댐상수원개발과,쿠팡,부속실운영을 위한 물품구입,194200,9b4ae2e5956333fc0e7ba41d0ad16eb4400c9e1f9c9bd34a66939eb30b315937,sheet2:R7,,,
9b4ae2e5956333fc-sheet2-R8,2026-01-30,daegu-city,안동댐상수원개발과,평양순대국밥,직원 격려 간담회 경비 지출,130000,9b4ae2e5956333fc0e7ba41d0ad16eb4400c9e1f9c9bd34a66939eb30b315937,sheet2:R8,,,
9b4ae2e5956333fc-sheet2-R9,2026-02-04,daegu-city,안동댐상수원개발과,유경,직원 격려 간담회 경비 지출,40000,9b4ae2e5956333fc0e7ba41d0ad16eb4400c9e1f9c9bd34a66939eb30b315937,sheet2:R9,,,
9b4ae2e5956333fc-sheet2-R10,2026-02-04,daegu-city,안동댐상수원개발과,파도집,직원 격려 간담회 경비 지출,329000,9b4ae2e5956333fc0e7ba41d0ad16eb4400c9e1f9c9bd34a66939eb30b315937,sheet2:R10,,,
9b4ae2e5956333fc-sheet2-R11,2026-03-10,daegu-city,안동댐상수원개발과,애요스다이닝 외1,직원 격려 간담회 경비 지출,276300,9b4ae2e5956333fc0e7ba41d0ad16eb4400c9e1f9c9bd34a66939eb30b315937,sheet2:R11,,,
9b4ae2e5956333fc-sheet2-R12,2026-03-18,daegu-city,안동댐상수원개발과,삼수장어,직원 격려 간담회 경비 지출,140000,9b4ae2e5956333fc0e7ba41d0ad16eb4400c9e1f9c9bd34a66939eb30b315937,sheet2:R12,,,
9b4ae2e5956333fc-sheet2-R13,2026-03-19,daegu-city,안동댐상수원개발과,배비장보쌈 외1,직원 격려 간담회 경비 지출,166200,9b4ae2e5956333fc0e7ba41d0ad16eb4400c9e1f9c9bd34a66939eb30b315937,sheet2:R13,,,
9b4ae2e5956333fc-sheet2-R14,2026-03-30,daegu-city,안동댐상수원개발과,카페댐댐,직원 격려 간담회 경비 지출,58950,9b4ae2e5956333fc0e7ba41d0ad16eb4400c9e1f9c9bd34a66939eb30b315937,sheet2:R14,,,
6b0ad35169e910f2-sheet1-R3,2026-02-03,daegu-city,수질연구소,수질연구소,내방객 접객용 다과류 구입,93000,6b0ad35169e910f2830317bdc5655be3a3be972e48ce8bce02381c4ad81b8fc3,sheet1:R3,,,
6b0ad35169e910f2-sheet1-R4,2026-02-11,daegu-city,수질연구소,소장 김인옥,맑은물 공급을 위한 사업소장 간담회 개최 비용 지출,156000,6b0ad35169e910f2830317bdc5655be3a3be972e48ce8bce02381c4ad81b8fc3,sheet1:R4,,,
6b0ad35169e910f2-sheet1-R5,2026-02-25,daegu-city,수질연구소,소장 김인옥,직원격려 간담회 경비 지출,225000,6b0ad35169e910f2830317bdc5655be3a3be972e48ce8bce02381c4ad81b8fc3,sheet1:R5,,,
6b0ad35169e910f2-sheet1-R6,2026-03-11,daegu-city,수질연구소,수질연구소,내방접객용 다과류 등 구입,289520,6b0ad35169e910f2830317bdc5655be3a3be972e48ce8bce02381c4ad81b8fc3,sheet1:R6,,,
33b6d06691455024-sheet1-R5,2026-01-02,daegu-city,군부대이전정책과,스카이17,주요 현안 시책사업을 위한 전문가 간담회 개최경비 지출(1.2.),54000,33b6d066914550243a7649bb3da1e96630e356a47792493606e6ff3e42188a5a,sheet1:R5,,,
33b6d06691455024-sheet1-R6,2026-01-05,daegu-city,군부대이전정책과,정정아식당,군부대 이전업무 논의를 위한 간담회 개최 경비 지출(1.5.),20000,33b6d066914550243a7649bb3da1e96630e356a47792493606e6ff3e42188a5a,sheet1:R6,,,
33b6d06691455024-sheet1-R7,2026-01-06,daegu-city,군부대이전정책과,경신담,주요 현안 시책사업을 위한 전문가 간담회 개최경비 지출(1.6.),48000,33b6d066914550243a7649bb3da1e96630e356a47792493606e6ff3e42188a5a,sheet1:R7,,,
33b6d06691455024-sheet1-R8,2026-01-07,daegu-city,군부대이전정책과,스시노토시,군부대 이전 관련 언론인 간담회 개최경비 지출(1.7.),390000,33b6d066914550243a7649bb3da1e96630e356a47792493606e6ff3e42188a5a,sheet1:R8,,,
33b6d06691455024-sheet1-R9,2026-01-12,daegu-city,군부대이전정책과,본가장수촌,군부대 이전 관련 언론인 간담회 개최경비 지출(1.12.),351000,33b6d066914550243a7649bb3da1e96630e356a47792493606e6ff3e42188a5a,sheet1:R9,,,
33b6d06691455024-sheet1-R10,2026-01-15,daegu-city,군부대이전정책과,온솥,주요 현안시책사업 홍보를 위한 간담회 개최경비 지출(1. 15.),39000,33b6d066914550243a7649bb3da1e96630e356a47792493606e6ff3e42188a5a,sheet1:R10,,,
33b6d06691455024-sheet1-R11,2026-01-16,daegu-city,군부대이전정책과,매일식당,주요 현안 시책사업 홍보를 위한 간담회 개최경비 지출(1.16.),135000,33b6d066914550243a7649bb3da1e96630e356a47792493606e6ff3e42188a5a,sheet1:R11,,,
33b6d06691455024-sheet1-R12,2026-01-16,daegu-city,군부대이전정책과,경신담,군부대 이전업무 논의를 위한 간담회 개최 경비 지출(1.16.),73000,33b6d066914550243a7649bb3da1e96630e356a47792493606e6ff3e42188a5a,sheet1:R12,,,
33b6d06691455024-sheet1-R13,2026-01-19,daegu-city,군부대이전정책과,미강횟집,주요 현안 시책사업 홍보를 위한 간담회 개최경비 지출(1.19.),215000,33b6d066914550243a7649bb3da1e96630e356a47792493606e6ff3e42188a5a,sheet1:R13,,,
33b6d06691455024-sheet1-R14,2026-01-19,daegu-city,군부대이전정책과,금학장,군부대 이전업무 논의를 위한 간담회 개최경비 지출(1.19.),156000,33b6d066914550243a7649bb3da1e96630e356a47792493606e6ff3e42188a5a,sheet1:R14,,,
33b6d06691455024-sheet1-R15,2026-01-20,daegu-city,군부대이전정책과,조르지오피렌체,주요 현안 시책사업 홍보를 위한 간담회 개최경비 지출(1.20.),86700,33b6d066914550243a7649bb3da1e96630e356a47792493606e6ff3e42188a5a,sheet1:R15,,,
33b6d06691455024-sheet1-R16,2026-01-22,daegu-city,군부대이전정책과,태양 용산점,군부대 이전업무 논의를 위한 간담회 개최경비 지출(1.22.),69000,33b6d066914550243a7649bb3da1e96630e356a47792493606e6ff3e42188a5a,sheet1:R16,,,
33b6d06691455024-sheet1-R17,2026-01-23,daegu-city,군부대이전정책과,"현대본가, 엔지니어링 클럽",군부대 이전업무 논의를 위한 간담회 개최경비 지출(1.23.),109200,33b6d066914550243a7649bb3da1e96630e356a47792493606e6ff3e42188a5a,sheet1:R17,,,
33b6d06691455024-sheet1-R18,2026-01-29,daegu-city,군부대이전정책과,대통조계찜,군부대 이전 관련 언론인 간담회 개최경비 지출(1.29.),122000,33b6d066914550243a7649bb3da1e96630e356a47792493606e6ff3e42188a5a,sheet1:R18,,,
33b6d06691455024-sheet1-R19,2026-01-29,daegu-city,군부대이전정책과,해금강,주요 현안 시책사업 홍보를 위한 간담회 개최경비 지출(1.29.),150000,33b6d066914550243a7649bb3da1e96630e356a47792493606e6ff3e42188a5a,sheet1:R19,,,
33b6d06691455024-sheet1-R20,2026-01-30,daegu-city,군부대이전정책과,국일불갈비,군부대 이전업무 논의를 위한 간담회 개최경비 지출(1.30.),210000,33b6d066914550243a7649bb3da1e96630e356a47792493606e6ff3e42188a5a,sheet1:R20,,,
33b6d06691455024-sheet2-R5,2026-02-03,daegu-city,군부대이전정책과,애슐리퀸즈,군부대 이전업무 논의를 위한 간담회 개최경비 지출(2.3.),59700,33b6d066914550243a7649bb3da1e96630e356a47792493606e6ff3e42188a5a,sheet2:R5,,,
33b6d06691455024-sheet2-R6,2026-02-04,daegu-city,군부대이전정책과,오네스토,군부대 이전업무 논의를 위한 간담회 개최경비 지출(2.4.),160000,33b6d066914550243a7649bb3da1e96630e356a47792493606e6ff3e42188a5a,sheet2:R6,,,
33b6d06691455024-sheet2-R7,2026-02-06,daegu-city,군부대이전정책과,류커피로스터즈,주요 현안 시책사업 홍보를 위한 간담회 개최경비 지출(2.6.),20600,33b6d066914550243a7649bb3da1e96630e356a47792493606e6ff3e42188a5a,sheet2:R7,,,
33b6d06691455024-sheet2-R8,2026-02-09,daegu-city,군부대이전정책과,본가장수촌,군부대 이전업무 논의를 위한 간담회 개최경비 지출(2.9.),141000,33b6d066914550243a7649bb3da1e96630e356a47792493606e6ff3e42188a5a,sheet2:R8,,,
33b6d06691455024-sheet2-R9,2026-02-12,daegu-city,군부대이전정책과,개정,주요 현안 시책사업을 위한 전문가 간담회 개최경비 지출(2.12.),43000,33b6d066914550243a7649bb3da1e96630e356a47792493606e6ff3e42188a5a,sheet2:R9,,,
33b6d06691455024-sheet2-R10,2026-02-12,daegu-city,군부대이전정책과,기와집보쌈,주요 현안 시책사업 홍보를 위한 간담회 개최경비 지출(2.12.),142000,33b6d066914550243a7649bb3da1e96630e356a47792493606e6ff3e42188a5a,sheet2:R10,,,
33b6d06691455024-sheet2-R11,2026-02-13,daegu-city,군부대이전정책과,장원,군부대 이전업무 논의를 위한 간담회 개최 경비 지출(2.13.),350000,33b6d066914550243a7649bb3da1e96630e356a47792493606e6ff3e42188a5a,sheet2:R11,,,
33b6d06691455024-sheet2-R12,2026-02-23,daegu-city,군부대이전정책과,어물전,군부대 이전업무 논의를 위한 간담회 개최 경비 지출(2.23.),90000,33b6d066914550243a7649bb3da1e96630e356a47792493606e6ff3e42188a5a,sheet2:R12,,,
33b6d06691455024-sheet2-R13,2026-02-26,daegu-city,군부대이전정책과,본가장수촌,주요 현안 시책사업 홍보를 위한 간담회 개최경비 지출(2.26.),218000,33b6d066914550243a7649bb3da1e96630e356a47792493606e6ff3e42188a5a,sheet2:R13,,,
33b6d06691455024-sheet2-R14,2026-02-27,daegu-city,군부대이전정책과,고메이49,군부대 이전업무 논의를 위한 간담회 개최경비 지출(2.27.),61000,33b6d066914550243a7649bb3da1e96630e356a47792493606e6ff3e42188a5a,sheet2:R14,,,
33b6d06691455024-sheet2-R15,2026-02-27,daegu-city,군부대이전정책과,무영쌈밥식당,군부대 이전업무 논의를 위한 전문가 간담회 개최경비 지출(2.27.),96000,33b6d066914550243a7649bb3da1e96630e356a47792493606e6ff3e42188a5a,sheet2:R15,,,
33b6d06691455024-sheet3-R5,2026-03-03,daegu-city,군부대이전정책과,경신담,군부대 이전업무 논의를 위한 간담회 개최경비 지출(3.3.),47000,33b6d066914550243a7649bb3da1e96630e356a47792493606e6ff3e42188a5a,sheet3:R5,,,
33b6d06691455024-sheet3-R6,2026-03-05,daegu-city,군부대이전정책과,신원식당,주요 현안 시책사업 홍보를 위한 간담회 개최경비 지출(3.5.),88000,33b6d066914550243a7649bb3da1e96630e356a47792493606e6ff3e42188a5a,sheet3:R6,,,
33b6d06691455024-sheet3-R7,2026-03-06,daegu-city,군부대이전정책과,백궁자연산활어회,군부대 이전업무 논의를 위한 간담회 개최경비 지출(3.6.),264000,33b6d066914550243a7649bb3da1e96630e356a47792493606e6ff3e42188a5a,sheet3:R7,,,
33b6d06691455024-sheet3-R8,2026-03-10,daegu-city,군부대이전정책과,미카도스시,군부대 이전업무 논의를 위한 간담회 개최경비 지출(3.10.),70300,33b6d066914550243a7649bb3da1e96630e356a47792493606e6ff3e42188a5a,sheet3:R8,,,
33b6d06691455024-sheet3-R9,2026-03-13,daegu-city,군부대이전정책과,방천소갈비,주요 현안 시책사업 홍보를 위한 간담회 개최경비 지출(3.13.),141000,33b6d066914550243a7649bb3da1e96630e356a47792493606e6ff3e42188a5a,sheet3:R9,,,
33b6d06691455024-sheet3-R10,2026-03-19,daegu-city,군부대이전정책과,카페어게인,주요 현안 시책사업 홍보를 위한 간담회 개최경비 지출(3.19.),9900,33b6d066914550243a7649bb3da1e96630e356a47792493606e6ff3e42188a5a,sheet3:R10,,,
33b6d06691455024-sheet3-R11,2026-03-19,daegu-city,군부대이전정책과,매일식당,군부대 이전업무 논의를 위한 간담회 개최경비 지출(3.19.),109000,33b6d066914550243a7649bb3da1e96630e356a47792493606e6ff3e42188a5a,sheet3:R11,,,
33b6d06691455024-sheet3-R12,2026-03-24,daegu-city,군부대이전정책과,안동국시,군부대 이전업무 논의를 위한 간담회 개최경비 지출(3.24.),50000,33b6d066914550243a7649bb3da1e96630e356a47792493606e6ff3e42188a5a,sheet3:R12,,,
33b6d06691455024-sheet3-R13,2026-03-26,daegu-city,군부대이전정책과,쿠촐로,군부대 이전업무 논의를 위한 간담회 개최경비 지출(3.26.),185000,33b6d066914550243a7649bb3da1e96630e356a47792493606e6ff3e42188a5a,sheet3:R13,,,
33b6d06691455024-sheet4-R5,2026-01-09,daegu-city,군부대이전정책과,우연1972,직원 격려를 위한 간담회 경비 지출(1.9.),140000,33b6d066914550243a7649bb3da1e96630e356a47792493606e6ff3e42188a5a,sheet4:R5,,,
33b6d06691455024-sheet4-R6,2026-01-12,daegu-city,군부대이전정책과,본가장수촌,직원 격려를 위한 간담회 경비 지출(1.12.),106000,33b6d066914550243a7649bb3da1e96630e356a47792493606e6ff3e42188a5a,sheet4:R6,,,
33b6d06691455024-sheet4-R7,2026-01-13,daegu-city,군부대이전정책과,오대양장어구이,직원 격려를 위한 간담회 경비 지출(1.13.),317500,33b6d066914550243a7649bb3da1e96630e356a47792493606e6ff3e42188a5a,sheet4:R7,,,
33b6d06691455024-sheet4-R8,2026-01-14,daegu-city,군부대이전정책과,경신담,직원 격려를 위한 간담회 경비 지출(1.14.),59000,33b6d066914550243a7649bb3da1e96630e356a47792493606e6ff3e42188a5a,sheet4:R8,,,
33b6d06691455024-sheet4-R9,2026-01-15,daegu-city,군부대이전정책과,우연1972,직원 격려를 위한 간담회 경비 지출(1.15.),280000,33b6d066914550243a7649bb3da1e96630e356a47792493606e6ff3e42188a5a,sheet4:R9,,,
33b6d06691455024-sheet4-R10,2026-01-21,daegu-city,군부대이전정책과,개정,직원 격려를 위한 간담회 경비 지출(1.21.),33000,33b6d066914550243a7649bb3da1e96630e356a47792493606e6ff3e42188a5a,sheet4:R10,,,
33b6d06691455024-sheet4-R11,2026-02-03,daegu-city,군부대이전정책과,투썸플레이스,직원 격려를 위한 간담회 경비 지출(2.3.),90000,33b6d066914550243a7649bb3da1e96630e356a47792493606e6ff3e42188a5a,sheet4:R11,,,
33b6d06691455024-sheet4-R12,2026-02-11,daegu-city,군부대이전정책과,본가장수촌,직원 격려를 위한 간담회 경비 지출(2.11.),141000,33b6d066914550243a7649bb3da1e96630e356a47792493606e6ff3e42188a5a,sheet4:R12,,,
33b6d06691455024-sheet4-R13,2026-03-03,daegu-city,군부대이전정책과,경신담,직원 격려를 위한 간담회 경비 지출(3.3.),59000,33b6d066914550243a7649bb3da1e96630e356a47792493606e6ff3e42188a5a,sheet4:R13,,,
33b6d06691455024-sheet4-R14,2026-03-20,daegu-city,군부대이전정책과,인투,직원 격려를 위한 간담회 경비 지출(3.20.),77000,33b6d066914550243a7649bb3da1e96630e356a47792493606e6ff3e42188a5a,sheet4:R14,,,
33b6d06691455024-sheet4-R15,2026-03-25,daegu-city,군부대이전정책과,소소래,직원 격려를 위한 간식 구입(3.25.),480000,33b6d066914550243a7649bb3da1e96630e356a47792493606e6ff3e42188a5a,sheet4:R15,,,
33b6d06691455024-sheet4-R16,2026-03-26,daegu-city,군부대이전정책과,분당속초옥,직원 격려를 위한 간담회 경비 지출(3.26.),88000,33b6d066914550243a7649bb3da1e96630e356a47792493606e6ff3e42188a5a,sheet4:R16,,,
33b6d06691455024-sheet4-R17,2026-03-27,daegu-city,군부대이전정책과,소소래,직원 격려를 위한 간식 구입(3.27.),470000,33b6d066914550243a7649bb3da1e96630e356a47792493606e6ff3e42188a5a,sheet4:R17,,,
d5ceb8546b73f47a-sheet1-R5,2026-01-13,daegu-city,행정과,침산곤지곤지,제10기 생활공감정책 참여단 임원간담회 개최,399000,d5ceb8546b73f47a8de84f448a41d37c3755f607c8b1a4f3870584654743883d,sheet1:R5,,,
d5ceb8546b73f47a-sheet1-R6,2026-01-14,daegu-city,행정과,일품바다해담미역,마을공동체사업 추진 관계자 간담회,128000,d5ceb8546b73f47a8de84f448a41d37c3755f607c8b1a4f3870584654743883d,sheet1:R6,,,
d5ceb8546b73f47a-sheet1-R7,2026-01-15,daegu-city,행정과,창미고깃집,여론 동향 업무 추진을 위한 간담회,217000,d5ceb8546b73f47a8de84f448a41d37c3755f607c8b1a4f3870584654743883d,sheet1:R7,,,
d5ceb8546b73f47a-sheet1-R8,2026-01-19,daegu-city,행정과,거산 이가네더덕밥,여론 동향 업무 추진을 위한 간담회,164000,d5ceb8546b73f47a8de84f448a41d37c3755f607c8b1a4f3870584654743883d,sheet1:R8,,,
d5ceb8546b73f47a-sheet1-R9,2026-01-29,daegu-city,행정과,카페동이 침산점,민주평통 관계자 간담회,67600,d5ceb8546b73f47a8de84f448a41d37c3755f607c8b1a4f3870584654743883d,sheet1:R9,,,
d5ceb8546b73f47a-sheet1-R10,2026-02-02,daegu-city,행정과,자갈치회타운,선거 현안업무 협의 간담회 개최 경비 지출,244000,d5ceb8546b73f47a8de84f448a41d37c3755f607c8b1a4f3870584654743883d,sheet1:R10,,,
d5ceb8546b73f47a-sheet1-R11,2026-02-04,daegu-city,행정과,수막창 앤 뒷고기,선거 현안업무 협의 간담회 개최 경비 지출,300000,d5ceb8546b73f47a8de84f448a41d37c3755f607c8b1a4f3870584654743883d,sheet1:R11,,,
d5ceb8546b73f47a-sheet1-R12,2026-02-04,daegu-city,행정과,낙영찜갈비 별관,시정 주요현안에 대한 업무협의 간담회,1000000,d5ceb8546b73f47a8de84f448a41d37c3755f607c8b1a4f3870584654743883d,sheet1:R12,,,
d5ceb8546b73f47a-sheet1-R13,2026-02-05,daegu-city,행정과,연경반점,여론 동향 업무 추진을 위한 간담회,213000,d5ceb8546b73f47a8de84f448a41d37c3755f607c8b1a4f3870584654743883d,sheet1:R13,,,
d5ceb8546b73f47a-sheet1-R14,2026-02-23,daegu-city,행정과,장원,대구사랑운동 실무위원 간담회 경비 지출,392000,d5ceb8546b73f47a8de84f448a41d37c3755f607c8b1a4f3870584654743883d,sheet1:R14,,,
d5ceb8546b73f47a-sheet1-R15,2026-02-25,daegu-city,행정과,모루,남북교류협력 추진 관계자 간담회,71000,d5ceb8546b73f47a8de84f448a41d37c3755f607c8b1a4f3870584654743883d,sheet1:R15,,,
d5ceb8546b73f47a-sheet1-R16,2026-02-26,daegu-city,행정과,사이커피(SA.e COFFEE),선거 현안업무 협의 간담회 다과비 지출,42000,d5ceb8546b73f47a8de84f448a41d37c3755f607c8b1a4f3870584654743883d,sheet1:R16,,,
d5ceb8546b73f47a-sheet1-R17,2026-03-09,daegu-city,행정과,갯별수산시장,국민운동단체 업무협의 간담회,175000,d5ceb8546b73f47a8de84f448a41d37c3755f607c8b1a4f3870584654743883d,sheet1:R17,,,
d0cf448be306ad6e-sheet1-R5,2026-01-06,daegu-city,교통정보운영과,"참한상쭈꾸미, 인근 카페",지능형교통체계ITS) 구축 사업 관련 간담회 경비 지출,347600,d0cf448be306ad6e8ce63c9b961cb5da99a3b1ccbb3700da876d85ec6ac3d012,sheet1:R5,,,
d0cf448be306ad6e-sheet1-R6,2026-01-12,daegu-city,교통정보운영과,"대구손칼국수, 인근 카페",지능형교통체계(ITS) 구축사업 감리 관련 간담회 경비 지출,137000,d0cf448be306ad6e8ce63c9b961cb5da99a3b1ccbb3700da876d85ec6ac3d012,sheet1:R6,,,
d0cf448be306ad6e-sheet1-R7,2026-01-27,daegu-city,교통정보운영과,장수오리,교통안전시설(바닥형 보행신호등 보조장치) 간담회 경비 지출,210000,d0cf448be306ad6e8ce63c9b961cb5da99a3b1ccbb3700da876d85ec6ac3d012,sheet1:R7,,,
d0cf448be306ad6e-sheet1-R8,2026-03-04,daegu-city,교통정보운영과,"푸나왈라, 인근카페",지능형교통체계(ITS) 통합유지관리 관련 간담회 경비 지출,184690,d0cf448be306ad6e8ce63c9b961cb5da99a3b1ccbb3700da876d85ec6ac3d012,sheet1:R8,,,
d0cf448be306ad6e-sheet1-R9,2026-03-24,daegu-city,교통정보운영과,서울특별시 미래첨단교통과 등 각 기관 인근 판매점,버스정보시스템 우수사례 벤치마킹을 위한 타 기관 방문에 따른 경비 지출,293100,d0cf448be306ad6e8ce63c9b961cb5da99a3b1ccbb3700da876d85ec6ac3d012,sheet1:R9,,,
e6cf9ff8d8ef4d90-sheet1-R6,2026-03-11,daegu-city,정책기획관,개인(성명 비공개),직원 경조사비,50000,e6cf9ff8d8ef4d906939797f3ede2eb24a59c5bb0e4254be42913a724ee77aa1,sheet1:R6,,,
e6cf9ff8d8ef4d90-sheet1-R11,2026-03-09,daegu-city,정책기획관,감포생밀복,직원 격려를 위한 간담회 경비 지출,240000,e6cf9ff8d8ef4d906939797f3ede2eb24a59c5bb0e4254be42913a724ee77aa1,sheet1:R11,,,
e6cf9ff8d8ef4d90-sheet1-R12,2026-03-11,daegu-city,정책기획관,어성촌,시정 홍보를 위한 언론 관계자 간담회 경비 지출,92000,e6cf9ff8d8ef4d906939797f3ede2eb24a59c5bb0e4254be42913a724ee77aa1,sheet1:R12,,,
e6cf9ff8d8ef4d90-sheet1-R13,2026-03-12,daegu-city,정책기획관,동성로 시루,시정 홍보를 위한 언론 관계자 간담회 경비 지출,58000,e6cf9ff8d8ef4d906939797f3ede2eb24a59c5bb0e4254be42913a724ee77aa1,sheet1:R13,,,
e6cf9ff8d8ef4d90-sheet1-R14,2026-03-13,daegu-city,정책기획관,삼도일식,시정현안 업무 협의를 위한 간담회 경비 지출,176000,e6cf9ff8d8ef4d906939797f3ede2eb24a59c5bb0e4254be42913a724ee77aa1,sheet1:R14,,,
e6cf9ff8d8ef4d90-sheet1-R15,2026-03-13,daegu-city,정책기획관,삼육가,시정현안 업무 협의를 위한 간담회 경비 지출,250000,e6cf9ff8d8ef4d906939797f3ede2eb24a59c5bb0e4254be42913a724ee77aa1,sheet1:R15,,,
e6cf9ff8d8ef4d90-sheet1-R16,2026-03-16,daegu-city,정책기획관,만재네,직원 격려를 위한 간담회 경비 지출,480000,e6cf9ff8d8ef4d906939797f3ede2eb24a59c5bb0e4254be42913a724ee77aa1,sheet1:R16,,,
e6cf9ff8d8ef4d90-sheet1-R17,2026-03-17,daegu-city,정책기획관,감포생밀복,시정 홍보를 위한 언론 관계자 간담회 경비 지출,120000,e6cf9ff8d8ef4d906939797f3ede2eb24a59c5bb0e4254be42913a724ee77aa1,sheet1:R17,,,
e6cf9ff8d8ef4d90-sheet1-R18,2026-03-18,daegu-city,정책기획관,온돌방식당,중앙과 지방의 업무 협조를 위한 간담회 경비 지출,160000,e6cf9ff8d8ef4d906939797f3ede2eb24a59c5bb0e4254be42913a724ee77aa1,sheet1:R18,,,
e6cf9ff8d8ef4d90-sheet1-R19,2026-03-19,daegu-city,정책기획관,최고집,시정현안 업무 협의를 위한 간담회 경비 지출,219000,e6cf9ff8d8ef4d906939797f3ede2eb24a59c5bb0e4254be42913a724ee77aa1,sheet1:R19,,,
e6cf9ff8d8ef4d90-sheet1-R20,2026-03-20,daegu-city,정책기획관,대성식당,시정 홍보를 위한 언론 관계자 간담회 경비 지출,136000,e6cf9ff8d8ef4d906939797f3ede2eb24a59c5bb0e4254be42913a724ee77aa1,sheet1:R20,,,
e6cf9ff8d8ef4d90-sheet1-R21,2026-03-23,daegu-city,정책기획관,낙영찜갈비,직원 격려를 위한 간담회 경비 지출,279000,e6cf9ff8d8ef4d906939797f3ede2eb24a59c5bb0e4254be42913a724ee77aa1,sheet1:R21,,,
e6cf9ff8d8ef4d90-sheet1-R22,2026-03-23,daegu-city,정책기획관,싱싱해싱싱어 수성,중앙과 지방의 업무 협조를 위한 간담회 경비 지출,465000,e6cf9ff8d8ef4d906939797f3ede2eb24a59c5bb0e4254be42913a724ee77aa1,sheet1:R22,,,
e6cf9ff8d8ef4d90-sheet1-R23,2026-03-24,daegu-city,정책기획관,오롯이 세종,중앙과 지방의 업무 협조를 위한 간담회 경비 지출,419000,e6cf9ff8d8ef4d906939797f3ede2eb24a59c5bb0e4254be42913a724ee77aa1,sheet1:R23,,,
e6cf9ff8d8ef4d90-sheet1-R24,2026-03-30,daegu-city,정책기획관,동보성,시정 홍보를 위한 언론 관계자 간담회 경비 지출,106000,e6cf9ff8d8ef4d906939797f3ede2eb24a59c5bb0e4254be42913a724ee77aa1,sheet1:R24,,,
e6cf9ff8d8ef4d90-sheet2-R11,2026-03-24,daegu-city,정책기획관,일미정,시정현안 업무 협의를 위한 간담회 경비 지출,370000,e6cf9ff8d8ef4d906939797f3ede2eb24a59c5bb0e4254be42913a724ee77aa1,sheet2:R11,,,
170782e3d7481efc-sheet1-R4,2026-01-05,daegu-city,회계장비과,전복명가(달서점),시책업무추진비 지출(2025년도 주요업무 추진 정책 간담회 경비 지출),140000,170782e3d7481efce27d4ad5f46c765003190e3c429dd47b543b75803d0011a7,sheet1:R4,,,
170782e3d7481efc-sheet1-R5,2026-01-07,daegu-city,회계장비과,방어진 참가자미 본리점,시책업무추진비 지출(소방 법률고문 간담회 경비 지출),208000,170782e3d7481efce27d4ad5f46c765003190e3c429dd47b543b75803d0011a7,sheet1:R5,,,
170782e3d7481efc-sheet1-R6,2026-01-14,daegu-city,회계장비과,수달횟집,시책업무추진비 지출(산불 대응 간담회 경비 지출),400000,170782e3d7481efce27d4ad5f46c765003190e3c429dd47b543b75803d0011a7,sheet1:R6,,,
170782e3d7481efc-sheet1-R7,2026-01-19,daegu-city,회계장비과,어사참치,시책업무추진비 지출(정보화시스템 유지 관리 간담회 경비 지출),201000,170782e3d7481efce27d4ad5f46c765003190e3c429dd47b543b75803d0011a7,sheet1:R7,,,
170782e3d7481efc-sheet1-R8,2026-01-20,daegu-city,회계장비과,황장군침산점,시책추진업무추진비 지출(소방업무추진 관련 협력단체 간담회 비용 지출),440000,170782e3d7481efce27d4ad5f46c765003190e3c429dd47b543b75803d0011a7,sheet1:R8,,,
170782e3d7481efc-sheet1-R9,2026-01-27,daegu-city,회계장비과,방어진 참가자미 본리점,시책업무추진비 지출(소방청 응급환자 이송체계 간담회 경비 지출),208000,170782e3d7481efce27d4ad5f46c765003190e3c429dd47b543b75803d0011a7,sheet1:R9,,,
170782e3d7481efc-sheet1-R10,2026-01-30,daegu-city,회계장비과,거너실흑태찜,시책추진업무추진비 지출(주요 현안 및 소방청책 추진 관련 업무추진 간담회),265000,170782e3d7481efce27d4ad5f46c765003190e3c429dd47b543b75803d0011a7,sheet1:R10,,,
170782e3d7481efc-sheet1-R11,2026-02-06,daegu-city,회계장비과,명성김밥,시책업무추진비 지출(동계 수난구조훈련 현장 간담회 경비 지출),180000,170782e3d7481efce27d4ad5f46c765003190e3c429dd47b543b75803d0011a7,sheet1:R11,,,
170782e3d7481efc-sheet1-R12,2026-02-12,daegu-city,회계장비과,진향짬뽕,시책업무추진비 지출(센터장 소통 간담회 경비 지출),187000,170782e3d7481efce27d4ad5f46c765003190e3c429dd47b543b75803d0011a7,sheet1:R12,,,
170782e3d7481efc-sheet1-R13,2026-02-27,daegu-city,회계장비과,회랑물회랑,시책업무추진비 지출(소방행정발전위원회 연합회 간담회 경비 지출),60000,170782e3d7481efce27d4ad5f46c765003190e3c429dd47b543b75803d0011a7,sheet1:R13,,,
170782e3d7481efc-sheet1-R14,2026-02-27,daegu-city,회계장비과,명품한우한돈갈비전문점,시책업무추진비 지출(의용소방대 연합회 고문 간담회 경비 지출),300000,170782e3d7481efce27d4ad5f46c765003190e3c429dd47b543b75803d0011a7,sheet1:R14,,,
170782e3d7481efc-sheet1-R15,2026-03-09,daegu-city,회계장비과,홍매회수산,시책업무추진비 지출(공무국외출장 간담회 경비 지출),200000,170782e3d7481efce27d4ad5f46c765003190e3c429dd47b543b75803d0011a7,sheet1:R15,,,
170782e3d7481efc-sheet1-R16,2026-03-10,daegu-city,회계장비과,죽전 그 카페외 1,시책업무추진비 지출(소방복지 등 관련 간담회 경비 지출),134000,170782e3d7481efce27d4ad5f46c765003190e3c429dd47b543b75803d0011a7,sheet1:R16,,,
170782e3d7481efc-sheet1-R17,2026-01-06,daegu-city,회계장비과,뚜비앙오브점외 1,기관운영업무추진비 지출(소방본부 정기인사 관련 직원 격려 경비 지출),87500,170782e3d7481efce27d4ad5f46c765003190e3c429dd47b543b75803d0011a7,sheet1:R17,,,
170782e3d7481efc-sheet1-R18,2026-01-08,daegu-city,회계장비과,죽전 그 카페외 1,기관운영업무추진비 지출(소방본부 정기인사 관련 직원 격려 경비 지출),89500,170782e3d7481efce27d4ad5f46c765003190e3c429dd47b543b75803d0011a7,sheet1:R18,,,
170782e3d7481efc-sheet1-R19,2026-01-12,daegu-city,회계장비과,죽전 그 카페외 1,기관운영업무추진비 지출(소방본부 정기인사 관련 직원 격려 경비 지출),69000,170782e3d7481efce27d4ad5f46c765003190e3c429dd47b543b75803d0011a7,sheet1:R19,,,
170782e3d7481efc-sheet1-R20,2026-01-15,daegu-city,회계장비과,뚜비앙오브점외 1,기관운영업무추진비 지출(소방본부 직원 격려 경비 지출),70500,170782e3d7481efce27d4ad5f46c765003190e3c429dd47b543b75803d0011a7,sheet1:R20,,,
170782e3d7481efc-sheet1-R21,2026-01-16,daegu-city,회계장비과,개인(성명 비공개),기관운영업무추진비 지출,50000,170782e3d7481efce27d4ad5f46c765003190e3c429dd47b543b75803d0011a7,sheet1:R21,,,
170782e3d7481efc-sheet1-R22,2026-01-22,daegu-city,회계장비과,개인(성명 비공개),기관운영업무추진비 지출,50000,170782e3d7481efce27d4ad5f46c765003190e3c429dd47b543b75803d0011a7,sheet1:R22,,,
170782e3d7481efc-sheet1-R23,2026-01-23,daegu-city,회계장비과,죽전 그 카페외 1,기관운영업무추진비 지출(소방본부 직원 격려 경비 지출),70500,170782e3d7481efce27d4ad5f46c765003190e3c429dd47b543b75803d0011a7,sheet1:R23,,,
170782e3d7481efc-sheet1-R24,2026-01-26,daegu-city,회계장비과,카페월미외 1,기관운영업무추진비 지출(소방본부 직원 격려 경비 지출),148400,170782e3d7481efce27d4ad5f46c765003190e3c429dd47b543b75803d0011a7,sheet1:R24,,,
170782e3d7481efc-sheet1-R25,2026-01-28,daegu-city,회계장비과,개인(성명 비공개),기관운영업무추진비 지출,100000,170782e3d7481efce27d4ad5f46c765003190e3c429dd47b543b75803d0011a7,sheet1:R25,,,
170782e3d7481efc-sheet1-R26,2026-01-29,daegu-city,회계장비과,투썸플레이스 월광수변공원점외 1,기관운영업무추진비 지출(소방본부 직원 격려 경비 지출),142500,170782e3d7481efce27d4ad5f46c765003190e3c429dd47b543b75803d0011a7,sheet1:R26,,,
170782e3d7481efc-sheet1-R27,2026-02-03,daegu-city,회계장비과,회랑물회랑,기관운영업무추진비 지출(2026년 시의회 업무보고 격려 경비 지출),220000,170782e3d7481efce27d4ad5f46c765003190e3c429dd47b543b75803d0011a7,sheet1:R27,,,
170782e3d7481efc-sheet1-R28,2026-02-05,daegu-city,회계장비과,개인(성명 비공개),기관운영업무추진비 지출,50000,170782e3d7481efce27d4ad5f46c765003190e3c429dd47b543b75803d0011a7,sheet1:R28,,,
170782e3d7481efc-sheet1-R29,2026-02-09,daegu-city,회계장비과,죽전 그 카페외 1,기관운영업무추진비 지출(소방본부 직원 격려 경비 지출),146500,170782e3d7481efce27d4ad5f46c765003190e3c429dd47b543b75803d0011a7,sheet1:R29,,,
170782e3d7481efc-sheet1-R30,2026-02-11,daegu-city,회계장비과,다담아,기관운영업무추진비 지출(설 연휴 현장 교대근무 부서 격려 방문 경비 지출),240000,170782e3d7481efce27d4ad5f46c765003190e3c429dd47b543b75803d0011a7,sheet1:R30,,,
170782e3d7481efc-sheet1-R31,2026-02-23,daegu-city,회계장비과,죽전 그 카페외 1,기관운영업무추진비 지출(소방본부 직원 격려 경비 지출),138000,170782e3d7481efce27d4ad5f46c765003190e3c429dd47b543b75803d0011a7,sheet1:R31,,,
170782e3d7481efc-sheet1-R32,2026-02-23,daegu-city,회계장비과,개인(성명 비공개),기관운영업무추진비 지출,50000,170782e3d7481efce27d4ad5f46c765003190e3c429dd47b543b75803d0011a7,sheet1:R32,,,
170782e3d7481efc-sheet1-R33,2026-02-24,daegu-city,회계장비과,개인(성명 비공개),기관운영업무추진비 지출,50000,170782e3d7481efce27d4ad5f46c765003190e3c429dd47b543b75803d0011a7,sheet1:R33,,,
170782e3d7481efc-sheet1-R34,2026-02-25,daegu-city,회계장비과,명품국수,기관운영업무추진비 지출(소방본부 현안업무 추진 경비 지출),48000,170782e3d7481efce27d4ad5f46c765003190e3c429dd47b543b75803d0011a7,sheet1:R34,,,
170782e3d7481efc-sheet1-R35,2026-02-26,daegu-city,회계장비과,죽전 그 카페외 1,기관운영업무추진비 지출(소방본부 직원 격려 경비 지출),78500,170782e3d7481efce27d4ad5f46c765003190e3c429dd47b543b75803d0011a7,sheet1:R35,,,
170782e3d7481efc-sheet1-R36,2026-03-03,daegu-city,회계장비과,개인(성명 비공개),기관운영업무추진비 지출,50000,170782e3d7481efce27d4ad5f46c765003190e3c429dd47b543b75803d0011a7,sheet1:R36,,,
170782e3d7481efc-sheet1-R37,2026-03-03,daegu-city,회계장비과,뚜비앙오브점외 1,기관운영업무추진비 지출(소방본부 직원 격려 경비 지출),121000,170782e3d7481efce27d4ad5f46c765003190e3c429dd47b543b75803d0011a7,sheet1:R37,,,
170782e3d7481efc-sheet1-R38,2026-03-05,daegu-city,회계장비과,죽전 그 카페외 1,기관운영업무추진비 지출(소방본부 직원 격려 경비 지출),61000,170782e3d7481efce27d4ad5f46c765003190e3c429dd47b543b75803d0011a7,sheet1:R38,,,
170782e3d7481efc-sheet1-R39,2026-03-09,daegu-city,회계장비과,개인(성명 비공개),기관운영업무추진비 지출,50000,170782e3d7481efce27d4ad5f46c765003190e3c429dd47b543b75803d0011a7,sheet1:R39,,,
170782e3d7481efc-sheet1-R40,2026-03-12,daegu-city,회계장비과,개인(성명 비공개),기관운영업무추진비 지출,100000,170782e3d7481efce27d4ad5f46c765003190e3c429dd47b543b75803d0011a7,sheet1:R40,,,
170782e3d7481efc-sheet1-R41,2026-03-16,daegu-city,회계장비과,개인(성명 비공개),기관운영업무추진비 지출,50000,170782e3d7481efce27d4ad5f46c765003190e3c429dd47b543b75803d0011a7,sheet1:R41,,,
170782e3d7481efc-sheet1-R42,2026-03-19,daegu-city,회계장비과,개인(성명 비공개),기관운영업무추진비 지출,100000,170782e3d7481efce27d4ad5f46c765003190e3c429dd47b543b75803d0011a7,sheet1:R42,,,
170782e3d7481efc-sheet1-R43,2026-03-26,daegu-city,회계장비과,개인(성명 비공개),기관운영업무추진비 지출,100000,170782e3d7481efce27d4ad5f46c765003190e3c429dd47b543b75803d0011a7,sheet1:R43,,,
170782e3d7481efc-sheet2-R4,2026-01-12,daegu-city,회계장비과,진향짬뽕,시책추진업무추진비(2026년 소방관 전기자동차 화재진압 역량과정 추진 업무 간담회),118000,170782e3d7481efce27d4ad5f46c765003190e3c429dd47b543b75803d0011a7,sheet2:R4,,,
170782e3d7481efc-sheet2-R5,2026-01-15,daegu-city,회계장비과,우리네코다리,시책추진업무추진비(2026년 시험공동관리위원회 관련 업무 간담회),66000,170782e3d7481efce27d4ad5f46c765003190e3c429dd47b543b75803d0011a7,sheet2:R5,,,
170782e3d7481efc-sheet3-R4,2026-01-08,daegu-city,회계장비과,회랑물회랑,시책업무추진비 지출(화재전문시험기관 협력강화 간담회),180000,170782e3d7481efce27d4ad5f46c765003190e3c429dd47b543b75803d0011a7,sheet3:R4,,,
170782e3d7481efc-sheet3-R5,2026-03-05,daegu-city,회계장비과,온돌방,시책업무추진비 지출(시 재난안전실 간담회 경비 지출),160000,170782e3d7481efce27d4ad5f46c765003190e3c429dd47b543b75803d0011a7,sheet3:R5,,,
170782e3d7481efc-sheet4-R4,2026-01-22,daegu-city,회계장비과,애가남원추어탕(용산점),시책업무추진비 지출(응급의료지원단 실행위원 업무협의),74000,170782e3d7481efce27d4ad5f46c765003190e3c429dd47b543b75803d0011a7,sheet4:R4,,,
170782e3d7481efc-sheet4-R5,2026-02-11,daegu-city,회계장비과,수성시루,시책추진업무추진비 지출(응급의료지원단 구급관련 업무 간담회),52500,170782e3d7481efce27d4ad5f46c765003190e3c429dd47b543b75803d0011a7,sheet4:R5,,,
170782e3d7481efc-sheet4-R6,2026-02-19,daegu-city,회계장비과,채담은,시책추진업무추진비 지출(대구마라톤대회 사전점검 관련 업무 간담회),171000,170782e3d7481efce27d4ad5f46c765003190e3c429dd47b543b75803d0011a7,sheet4:R6,,,
170782e3d7481efc-sheet4-R7,2026-02-24,daegu-city,회계장비과,모리,시책추진업무추진비 지출(응급료지원단 실행위원회 사업관련 구급업무 간담회),55700,170782e3d7481efce27d4ad5f46c765003190e3c429dd47b543b75803d0011a7,sheet4:R7,,,
170782e3d7481efc-sheet5-R4,2026-01-16,daegu-city,회계장비과,형제 복어 불고기,시책추진업무추진비 지출(제연설비 화재안전기준 등 개선관련 간담회),183000,170782e3d7481efce27d4ad5f46c765003190e3c429dd47b543b75803d0011a7,sheet5:R4,,,
170782e3d7481efc-sheet5-R5,2026-01-19,daegu-city,회계장비과,카페디치엘로,시책추진업무추진비 지출(국제소방안전박람회 관련 엑스코 관계자 간담회),58000,170782e3d7481efce27d4ad5f46c765003190e3c429dd47b543b75803d0011a7,sheet5:R5,,,
170782e3d7481efc-sheet5-R6,2026-02-10,daegu-city,회계장비과,하삼동커피 대구용산점,시책추진업무추진비 지출(소방기술자문단 운영을 위한 상호 협력체계 강화 간담회),35800,170782e3d7481efce27d4ad5f46c765003190e3c429dd47b543b75803d0011a7,sheet5:R6,,,
170782e3d7481efc-sheet5-R7,2026-03-25,daegu-city,회계장비과,제니아빈,시책추진업무추진비 지출(119시민안전봉사단 연합회 상반기 업무추진 관련 간담회),35500,170782e3d7481efce27d4ad5f46c765003190e3c429dd47b543b75803d0011a7,sheet5:R7,,,
170782e3d7481efc-sheet5-R8,2026-03-26,daegu-city,회계장비과,창미고깃집,시책추진업무추진비 지출(화재안전조사 업무 추진 관련 한국소방안전원 간담회),215000,170782e3d7481efce27d4ad5f46c765003190e3c429dd47b543b75803d0011a7,sheet5:R8,,,
170782e3d7481efc-sheet6-R4,2026-01-13,daegu-city,회계장비과,싱싱횟집,시책추진업무추진비 지출(2026년 소방재정 업무 추진 간담회 경비 지출),289000,170782e3d7481efce27d4ad5f46c765003190e3c429dd47b543b75803d0011a7,sheet6:R4,,,
170782e3d7481efc-sheet6-R5,2026-02-12,daegu-city,회계장비과,카페해라피,시책추진업무추진비 지출(소방헬기 구매 및 특수구조대 이전 관련 업무 협의),22950,170782e3d7481efce27d4ad5f46c765003190e3c429dd47b543b75803d0011a7,sheet6:R5,,,
170782e3d7481efc-sheet6-R6,2026-03-06,daegu-city,회계장비과,뚜비앙오브점외 1,시책추진업무추진비 지출(중부소방서 환경개선사업 공사 관련 업무 협의),97000,170782e3d7481efce27d4ad5f46c765003190e3c429dd47b543b75803d0011a7,sheet6:R6,,,
170782e3d7481efc-sheet8-R4,2026-02-10,daegu-city,회계장비과,옛날가든장기동점,시책추진업무추진비 지출(소방정보화사업 유지보수 관련 관계자 간담회),200000,170782e3d7481efce27d4ad5f46c765003190e3c429dd47b543b75803d0011a7,sheet8:R4,,,
170782e3d7481efc-sheet8-R5,2026-02-27,daegu-city,회계장비과,명품국수,시책추진비 지출(소방정보화시스템 유지보수 관계자 간담회),85000,170782e3d7481efce27d4ad5f46c765003190e3c429dd47b543b75803d0011a7,sheet8:R5,,,
170782e3d7481efc-sheet8-R6,2026-03-26,daegu-city,회계장비과,명품국수,시책추진업무추진비 지출(소방정보화시스템 유지보수 관계자 간담회),46000,170782e3d7481efce27d4ad5f46c765003190e3c429dd47b543b75803d0011a7,sheet8:R6,,,
204e8bee8ab259bc-sheet1-R6,2026-03-23,daegu-city,상수도사업본부 중남부사업소,김천식당,관세척 기간제 채용 관련 업무 협의 간담회,40000,204e8bee8ab259bcbf568a1ef10be7dd5ee1ccd1f1f14aced47322ee1e47009c,sheet1:R6,,,
204e8bee8ab259bc-sheet1-R7,2026-03-16,daegu-city,상수도사업본부 중남부사업소,카츄,신규 임용교육 참석자 격려 간담회,60000,204e8bee8ab259bcbf568a1ef10be7dd5ee1ccd1f1f14aced47322ee1e47009c,sheet1:R7,,,
204e8bee8ab259bc-sheet1-R8,2026-03-11,daegu-city,상수도사업본부 중남부사업소,개인(성명 비공개),직원 경조사비 지출,50000,204e8bee8ab259bcbf568a1ef10be7dd5ee1ccd1f1f14aced47322ee1e47009c,sheet1:R8,,,
46512d4706fbc99e-sheet1-R7,2026-01-02,daegu-city,상수도사업본부 서부사업소,복호두 대구감삼점,인사이동에 따른 직원 격려 간식 구입,127000,46512d4706fbc99e7bae864e33a7e9b0b346e4c6811bd8b6e4a250b20f5e7be0,sheet1:R7,,,
46512d4706fbc99e-sheet1-R8,2026-01-13,daegu-city,상수도사업본부 서부사업소,대백마트 중리점,내방객 접대용 다과류 구입,23920,46512d4706fbc99e7bae864e33a7e9b0b346e4c6811bd8b6e4a250b20f5e7be0,sheet1:R8,,,
46512d4706fbc99e-sheet1-R9,2026-01-21,daegu-city,상수도사업본부 서부사업소,가족처럼식당,직원격려 간담회 경비 지출,38000,46512d4706fbc99e7bae864e33a7e9b0b346e4c6811bd8b6e4a250b20f5e7be0,sheet1:R9,,,
46512d4706fbc99e-sheet1-R10,2026-02-02,daegu-city,상수도사업본부 서부사업소,이티대구중리점,직원격려 간식비 지출,41000,46512d4706fbc99e7bae864e33a7e9b0b346e4c6811bd8b6e4a250b20f5e7be0,sheet1:R10,,,
46512d4706fbc99e-sheet1-R11,2026-02-13,daegu-city,상수도사업본부 서부사업소,얼음고을냉면,공무직 직원 격려 간담회 경비 지출,399000,46512d4706fbc99e7bae864e33a7e9b0b346e4c6811bd8b6e4a250b20f5e7be0,sheet1:R11,,,
46512d4706fbc99e-sheet1-R12,2026-02-20,daegu-city,상수도사업본부 서부사업소,자매솥밥,직원격려 간담회 경비 지출,58000,46512d4706fbc99e7bae864e33a7e9b0b346e4c6811bd8b6e4a250b20f5e7be0,sheet1:R12,,,
46512d4706fbc99e-sheet1-R13,2026-02-26,daegu-city,상수도사업본부 서부사업소,목구멍대구평리점,중점현안업무 추진 협의에 따른 간담회 경비 지출,145000,46512d4706fbc99e7bae864e33a7e9b0b346e4c6811bd8b6e4a250b20f5e7be0,sheet1:R13,,,
46512d4706fbc99e-sheet1-R14,2026-02-27,daegu-city,상수도사업본부 서부사업소,소장 김근수,경조사비 지출,50000,46512d4706fbc99e7bae864e33a7e9b0b346e4c6811bd8b6e4a250b20f5e7be0,sheet1:R14,,,
46512d4706fbc99e-sheet1-R15,2026-03-04,daegu-city,상수도사업본부 서부사업소,소장 김근수,경조사비 지출,50000,46512d4706fbc99e7bae864e33a7e9b0b346e4c6811bd8b6e4a250b20f5e7be0,sheet1:R15,,,
46512d4706fbc99e-sheet1-R16,2026-03-05,daegu-city,상수도사업본부 서부사업소,부림복어,현안업무 추진 협의에 따른 간담회 경비 지출,60000,46512d4706fbc99e7bae864e33a7e9b0b346e4c6811bd8b6e4a250b20f5e7be0,sheet1:R16,,,
5f64f833ece60ec8-sheet1-R5,2026-01-15,daegu-city,청년정책과,오로,언론 관계자 간담회 개최에 따른 경비 지출,98000,5f64f833ece60ec84f1579710f1348ed55d1a32aa4c002777a314519c41e3518,sheet1:R5,,,
5f64f833ece60ec8-sheet1-R6,2026-01-19,daegu-city,청년정책과,"은행나무,캐스트",청년정책 관련 업무 협의를 위한 간담회 경비 지출,139300,5f64f833ece60ec84f1579710f1348ed55d1a32aa4c002777a314519c41e3518,sheet1:R6,,,
5f64f833ece60ec8-sheet1-R7,2026-01-20,daegu-city,청년정책과,국일생갈비,청년정책 현안 간담회 개최에 따른 경비 지출,238000,5f64f833ece60ec84f1579710f1348ed55d1a32aa4c002777a314519c41e3518,sheet1:R7,,,
5f64f833ece60ec8-sheet1-R8,2026-01-23,daegu-city,청년정책과,스타벅스 공평점,청년정책 업무협의 관련 간담회 개최에 따른 다과비 지출,37600,5f64f833ece60ec84f1579710f1348ed55d1a32aa4c002777a314519c41e3518,sheet1:R8,,,
5f64f833ece60ec8-sheet1-R9,2026-01-30,daegu-city,청년정책과,"예안정, 러셀커피, 북카페",언론 관계자 간담회 개최에 따른 경비 지출,79900,5f64f833ece60ec84f1579710f1348ed55d1a32aa4c002777a314519c41e3518,sheet1:R9,,,
5f64f833ece60ec8-sheet1-R10,2026-02-04,daegu-city,청년정책과,동봉,청년정책 관련 업무 협의를 위한 간담회 경비 지출,209000,5f64f833ece60ec84f1579710f1348ed55d1a32aa4c002777a314519c41e3518,sheet1:R10,,,
5f64f833ece60ec8-sheet1-R11,2026-02-06,daegu-city,청년정책과,삐에뜨라,언론 관계자 간담회 개최에 따른 경비 지출,206000,5f64f833ece60ec84f1579710f1348ed55d1a32aa4c002777a314519c41e3518,sheet1:R11,,,
5f64f833ece60ec8-sheet1-R12,2026-02-11,daegu-city,청년정책과,조르지오피렌체,성폭력피해자통합지원센터 운영 관련 간담회 경비 지출,199200,5f64f833ece60ec84f1579710f1348ed55d1a32aa4c002777a314519c41e3518,sheet1:R12,,,
5f64f833ece60ec8-sheet1-R13,2026-02-27,daegu-city,청년정책과,최고집,청소년 및 아동 시설장 간담회 경비 지출,300000,5f64f833ece60ec84f1579710f1348ed55d1a32aa4c002777a314519c41e3518,sheet1:R13,,,
5f64f833ece60ec8-sheet1-R14,2026-03-05,daegu-city,청년정책과,멘타와이,언론 관계자 간담회 개최에 따른 경비 지출,73800,5f64f833ece60ec84f1579710f1348ed55d1a32aa4c002777a314519c41e3518,sheet1:R14,,,
5f64f833ece60ec8-sheet1-R15,2026-03-05,daegu-city,청년정책과,스타벅스 공평점,대구어린이세상 업무협의 관련 간담회 개최에 따른 다과비 지출,37600,5f64f833ece60ec84f1579710f1348ed55d1a32aa4c002777a314519c41e3518,sheet1:R15,,,
5f64f833ece60ec8-sheet1-R16,2026-03-24,daegu-city,청년정책과,금학장,언론 관계자 간담회 개최에 따른 경비 지출,87000,5f64f833ece60ec84f1579710f1348ed55d1a32aa4c002777a314519c41e3518,sheet1:R16,,,
5f64f833ece60ec8-sheet1-R17,2026-03-26,daegu-city,청년정책과,애기똥풀,청소년수련원 시설 안전점검 및 운영 관련 간담회 경비 지출,224000,5f64f833ece60ec84f1579710f1348ed55d1a32aa4c002777a314519c41e3518,sheet1:R17,,,
5f64f833ece60ec8-sheet1-R18,2026-03-27,daegu-city,청년정책과,스타벅스 코리아,새일센터 관계자 업무협의 간담회 경비 지출,250000,5f64f833ece60ec84f1579710f1348ed55d1a32aa4c002777a314519c41e3518,sheet1:R18,,,
5f64f833ece60ec8-sheet2-R5,2026-01-14,daegu-city,청년정책과,산,청년정책 관련 업무협의를 위한 간담회 경비 지출,256000,5f64f833ece60ec84f1579710f1348ed55d1a32aa4c002777a314519c41e3518,sheet2:R5,,,
5f64f833ece60ec8-sheet2-R6,2026-01-20,daegu-city,청년정책과,아트리움,청년정책 관련 업무 협의를 위한 간담회 경비 지출,180400,5f64f833ece60ec84f1579710f1348ed55d1a32aa4c002777a314519c41e3518,sheet2:R6,,,
5f64f833ece60ec8-sheet2-R7,2026-01-26,daegu-city,청년정책과,코레일유통,한국업사이클센터 국비관련 협의에 따른 다과 경비 지출,89200,5f64f833ece60ec84f1579710f1348ed55d1a32aa4c002777a314519c41e3518,sheet2:R7,,,
5f64f833ece60ec8-sheet2-R8,2026-02-23,daegu-city,청년정책과,스커트케이크샵,간담회(청년정책 업무협의) 개최에 따른 다과비 지출,32600,5f64f833ece60ec84f1579710f1348ed55d1a32aa4c002777a314519c41e3518,sheet2:R8,,,
5f64f833ece60ec8-sheet2-R9,2026-02-26,daegu-city,청년정책과,이디야커피,간담회(청년센터 업무협의) 개최에 따른 다과비 지출,81000,5f64f833ece60ec84f1579710f1348ed55d1a32aa4c002777a314519c41e3518,sheet2:R9,,,
5f64f833ece60ec8-sheet2-R10,2026-03-05,daegu-city,청년정책과,등촌칼국수,타시도 방문기관과 청년정책네트워크 등 업무 협의 간담회 경비 지출,150000,5f64f833ece60ec84f1579710f1348ed55d1a32aa4c002777a314519c41e3518,sheet2:R10,,,
5f64f833ece60ec8-sheet2-R11,2026-03-10,daegu-city,청년정책과,벙글벙글찜갈비,언론 관계자 간담회 개최에 따른 경비 지출,51000,5f64f833ece60ec84f1579710f1348ed55d1a32aa4c002777a314519c41e3518,sheet2:R11,,,
5f64f833ece60ec8-sheet2-R12,2026-03-12,daegu-city,청년정책과,어펙션,청년센터(다온나그래)공간운영 관련 간담회 개최에 따른 다과비 지출,143000,5f64f833ece60ec84f1579710f1348ed55d1a32aa4c002777a314519c41e3518,sheet2:R12,,,
5f64f833ece60ec8-sheet3-R5,2026-01-02,daegu-city,청년여성교육국,침산곤지곤지,직원 격려 간담회 개최,116000,5f64f833ece60ec84f1579710f1348ed55d1a32aa4c002777a314519c41e3518,sheet3:R5,,,
5f64f833ece60ec8-sheet3-R6,2026-01-12,daegu-city,청년여성교육국,"부케, 노엑시트",직원 격려 간담회 개최,101500,5f64f833ece60ec84f1579710f1348ed55d1a32aa4c002777a314519c41e3518,sheet3:R6,,,
5f64f833ece60ec8-sheet3-R7,2026-01-14,daegu-city,청년여성교육국,"낫배드, 투썸플레이스",직원 격려 간담회 개최(교육청소년과),207900,5f64f833ece60ec84f1579710f1348ed55d1a32aa4c002777a314519c41e3518,sheet3:R7,,,
5f64f833ece60ec8-sheet3-R8,2026-01-20,daegu-city,청년여성교육국,"뜨돈, 이디야커피",전입 직원 격려 간담회,120300,5f64f833ece60ec84f1579710f1348ed55d1a32aa4c002777a314519c41e3518,sheet3:R8,,,
5f64f833ece60ec8-sheet3-R9,2026-01-22,daegu-city,청년여성교육국,"피캅, 이얼즈",직원 격려 간담회,80100,5f64f833ece60ec84f1579710f1348ed55d1a32aa4c002777a314519c41e3518,sheet3:R9,,,
5f64f833ece60ec8-sheet3-R10,2026-01-23,daegu-city,청년여성교육국,"시루, 류",신규 직원 간담회,104600,5f64f833ece60ec84f1579710f1348ed55d1a32aa4c002777a314519c41e3518,sheet3:R10,,,
5f64f833ece60ec8-sheet3-R11,2026-01-29,daegu-city,청년여성교육국,리프가든,직원 격려 간담회,115900,5f64f833ece60ec84f1579710f1348ed55d1a32aa4c002777a314519c41e3518,sheet3:R11,,,
5f64f833ece60ec8-sheet3-R12,2026-02-03,daegu-city,청년여성교육국,라라코스트 동성로점,직원 격려 간담회 경비 지출,72100,5f64f833ece60ec84f1579710f1348ed55d1a32aa4c002777a314519c41e3518,sheet3:R12,,,
5f64f833ece60ec8-sheet3-R13,2026-02-23,daegu-city,청년여성교육국,개인(성명 비공개),경조사비 지출,50000,5f64f833ece60ec84f1579710f1348ed55d1a32aa4c002777a314519c41e3518,sheet3:R13,,,
5f64f833ece60ec8-sheet3-R14,2026-02-25,daegu-city,청년여성교육국,오로,직원 격려 간담회 경비 지출,78000,5f64f833ece60ec84f1579710f1348ed55d1a32aa4c002777a314519c41e3518,sheet3:R14,,,
5f64f833ece60ec8-sheet3-R15,2026-03-09,daegu-city,청년여성교육국,달콤한상회,직원 격려 간식 구입비 지출,100000,5f64f833ece60ec84f1579710f1348ed55d1a32aa4c002777a314519c41e3518,sheet3:R15,,,
5f64f833ece60ec8-sheet3-R16,2026-03-24,daegu-city,청년여성교육국,개인(성명 비공개),경조사비 지출,50000,5f64f833ece60ec84f1579710f1348ed55d1a32aa4c002777a314519c41e3518,sheet3:R16,,,
8cb007104ae51b7a-sheet1-R8,2026-03-03,daegu-city,상수도 사업본부,개인(성명 비공개),경조사 비용 지출,150000,8cb007104ae51b7a251f633878dc41ba4596ec7a481336fcf296efa4e18f4720,sheet1:R8,,,
8cb007104ae51b7a-sheet1-R9,2026-03-05,daegu-city,상수도 사업본부,어물전,직원 격려 간담회 경비 지출,120000,8cb007104ae51b7a251f633878dc41ba4596ec7a481336fcf296efa4e18f4720,sheet1:R9,,,
8cb007104ae51b7a-sheet1-R10,2026-03-09,daegu-city,상수도 사업본부,원조어탕들안길점,직원 격려 간담회 경비 지출,106000,8cb007104ae51b7a251f633878dc41ba4596ec7a481336fcf296efa4e18f4720,sheet1:R10,,,
8cb007104ae51b7a-sheet1-R11,2026-03-11,daegu-city,상수도 사업본부,개인(성명 비공개),경조사 비용 지출,200000,8cb007104ae51b7a251f633878dc41ba4596ec7a481336fcf296efa4e18f4720,sheet1:R11,,,
8cb007104ae51b7a-sheet1-R12,2026-03-11,daegu-city,상수도 사업본부,울진왕돌참가자미,직원 격려 간담회 경비 지출,132000,8cb007104ae51b7a251f633878dc41ba4596ec7a481336fcf296efa4e18f4720,sheet1:R12,,,
8cb007104ae51b7a-sheet1-R13,2026-03-13,daegu-city,상수도 사업본부,착한낙지,직원 격려 간담회 경비 지출,311000,8cb007104ae51b7a251f633878dc41ba4596ec7a481336fcf296efa4e18f4720,sheet1:R13,,,
8cb007104ae51b7a-sheet1-R14,2026-03-18,daegu-city,상수도 사업본부,원조김천식당,직원 격려 간담회 경비 지출,64000,8cb007104ae51b7a251f633878dc41ba4596ec7a481336fcf296efa4e18f4720,sheet1:R14,,,
8cb007104ae51b7a-sheet1-R15,2026-03-19,daegu-city,상수도 사업본부,요바나시,직원 격려 간담회 경비 지출,179100,8cb007104ae51b7a251f633878dc41ba4596ec7a481336fcf296efa4e18f4720,sheet1:R15,,,
8cb007104ae51b7a-sheet1-R16,2026-03-27,daegu-city,상수도 사업본부,목향찜 외 1,직원 격려 간담회 경비 지출,157200,8cb007104ae51b7a251f633878dc41ba4596ec7a481336fcf296efa4e18f4720,sheet1:R16,,,
8cb007104ae51b7a-sheet1-R17,2026-03-27,daegu-city,상수도 사업본부,원조어탕들안길점,직원 격려 간담회 경비 지출,88000,8cb007104ae51b7a251f633878dc41ba4596ec7a481336fcf296efa4e18f4720,sheet1:R17,,,
8cb007104ae51b7a-sheet2-R8,2026-03-10,daegu-city,상수도 사업본부,이천우화,본부 시책사업 협의 관련 간담회 비용 지출,265260,8cb007104ae51b7a251f633878dc41ba4596ec7a481336fcf296efa4e18f4720,sheet2:R8,,,
8cb007104ae51b7a-sheet2-R9,2026-03-18,daegu-city,상수도 사업본부,해목,본부 시책사업 협의 관련 간담회 비용 지출,122000,8cb007104ae51b7a251f633878dc41ba4596ec7a481336fcf296efa4e18f4720,sheet2:R9,,,
8cb007104ae51b7a-sheet2-R10,2026-03-19,daegu-city,상수도 사업본부,샤브올 센텀시티점,본부 시책사업 협의 관련 간담회 비용 지출,498200,8cb007104ae51b7a251f633878dc41ba4596ec7a481336fcf296efa4e18f4720,sheet2:R10,,,
8cb007104ae51b7a-sheet2-R11,2026-03-25,daegu-city,상수도 사업본부,수성시루 떡집,본부 시책사업 협의 관련 간식 비용 지출,115000,8cb007104ae51b7a251f633878dc41ba4596ec7a481336fcf296efa4e18f4720,sheet2:R11,,,
9d11019330940de7-sheet1-R4,2026-02-05,daegu-city,산단진흥과,시민초밥 외 1개소,산업단지 조성 활성화 추진 간담회 경비,186400,9d11019330940de7629802769ecbb4ef5b91c0ba4f6b01b3dce8075108e1490d,sheet1:R4,,,
9d11019330940de7-sheet1-R5,2026-02-09,daegu-city,산단진흥과,달달프룻 외 1개소,산단 혁신성장 및 역량강화 워크숍 개최를 위한 다과구입비,278200,9d11019330940de7629802769ecbb4ef5b91c0ba4f6b01b3dce8075108e1490d,sheet1:R5,,,
9d11019330940de7-sheet1-R6,2026-02-09,daegu-city,산단진흥과,싱싱해싱싱어수성본점,산업단지 활성화 간담회 경비,480000,9d11019330940de7629802769ecbb4ef5b91c0ba4f6b01b3dce8075108e1490d,sheet1:R6,,,
9d11019330940de7-sheet1-R7,2026-03-09,daegu-city,산단진흥과,북카페,율하 스마트그린산단 조성사업 업무추진 간담회 경비,38000,9d11019330940de7629802769ecbb4ef5b91c0ba4f6b01b3dce8075108e1490d,sheet1:R7,,,
9d11019330940de7-sheet1-R8,2026-03-12,daegu-city,산단진흥과,북카페,대구 제2국가산단 조성 통합협의체 실무회의 개최 경비,27500,9d11019330940de7629802769ecbb4ef5b91c0ba4f6b01b3dce8075108e1490d,sheet1:R8,,,
9d11019330940de7-sheet1-R9,2026-03-17,daegu-city,산단진흥과,영커피 대구산격점,서대구복지회관 내진보강 업무협의 간담회를 위한 다과구입비,65200,9d11019330940de7629802769ecbb4ef5b91c0ba4f6b01b3dce8075108e1490d,sheet1:R9,,,
9d11019330940de7-sheet1-R10,2026-03-26,daegu-city,산단진흥과,미담,산업단지 활성화 간담회 경비,252000,9d11019330940de7629802769ecbb4ef5b91c0ba4f6b01b3dce8075108e1490d,sheet1:R10,,,
db8a78bec982409a-sheet1-R3,2026-03-10,daegu-city,매곡정수사업소,소장 노창학,부조금 지출,50000,db8a78bec982409acc0f74719e9d5484909e141be774d8f4525838e3dbafd143,sheet1:R3,,,
db8a78bec982409a-sheet1-R4,2026-03-10,daegu-city,매곡정수사업소,소장 노창학,부조금 지출,50000,db8a78bec982409acc0f74719e9d5484909e141be774d8f4525838e3dbafd143,sheet1:R4,,,
db8a78bec982409a-sheet1-R5,2026-03-31,daegu-city,매곡정수사업소,"만수정, 바토플루이르",맑은물 공급을 위한 사업소장 간담회 경비 지출,203400,db8a78bec982409acc0f74719e9d5484909e141be774d8f4525838e3dbafd143,sheet1:R5,,,
6e77cd8839c317a0-sheet1-R6,2026-01-22,daegu-city,버스운영과,본전식당,어르신 무임교통제 시행 관련 간담회 개최,130500,6e77cd8839c317a090560f447fe51e5bf3d61890956ef0ee85c5c898b076e51b,sheet1:R6,,,
6e77cd8839c317a0-sheet1-R7,2026-02-06,daegu-city,버스운영과,싱싱해싱싱어수성본점,대중교통 현안업무 추진 관련 간담회 개최,336000,6e77cd8839c317a090560f447fe51e5bf3d61890956ef0ee85c5c898b076e51b,sheet1:R7,,,
6e77cd8839c317a0-sheet1-R8,2026-03-09,daegu-city,버스운영과,"소티골한우촌, 통영굴국밥국수,다담한식",전세버스 안전관리실태 일제점검 참여자 중식비 지출,542000,6e77cd8839c317a090560f447fe51e5bf3d61890956ef0ee85c5c898b076e51b,sheet1:R8,,,
6e77cd8839c317a0-sheet1-R9,2026-03-12,daegu-city,버스운영과,식도락제주육돈,대중교통 현안 관련 업무 관계자 간담회 개최,273500,6e77cd8839c317a090560f447fe51e5bf3d61890956ef0ee85c5c898b076e51b,sheet1:R9,,,
6e77cd8839c317a0-sheet1-R10,2026-03-24,daegu-city,버스운영과,다담한식,전세버스 안전관리실태 추가점검 참여자 중식비 지출,50000,6e77cd8839c317a090560f447fe51e5bf3d61890956ef0ee85c5c898b076e51b,sheet1:R10,,,
7b7e80905b98b3dd-sheet1-R5,2026-03-25,daegu-city,지능정보화담당관,온돌방식당,AI 행정혁신 관련 간담회 개최에 따른 급식비 지출,120000,7b7e80905b98b3dd4cbc41e0c44ca94fa44ea9437918bceb96546bc7bb9b7347,sheet1:R5,,,
7b7e80905b98b3dd-sheet1-R6,2026-03-06,daegu-city,지능정보화담당관,침산곤지곤지,단말기 보안관련 간담회 개최에 따른 급식비 지출,240000,7b7e80905b98b3dd4cbc41e0c44ca94fa44ea9437918bceb96546bc7bb9b7347,sheet1:R6,,,
7b7e80905b98b3dd-sheet1-R7,2026-02-13,daegu-city,지능정보화담당관,유가정,2026년 대구·경북 사이버보안 심포지엄 사업 추진 회의에 따른 급식비 지출,138000,7b7e80905b98b3dd4cbc41e0c44ca94fa44ea9437918bceb96546bc7bb9b7347,sheet1:R7,,,
7b7e80905b98b3dd-sheet1-R8,2026-02-10,daegu-city,지능정보화담당관,삼송빵집,관계기관 방문을 위한 다과 구입비 지출,47800,7b7e80905b98b3dd4cbc41e0c44ca94fa44ea9437918bceb96546bc7bb9b7347,sheet1:R8,,,
7b7e80905b98b3dd-sheet1-R9,2026-02-12,daegu-city,지능정보화담당관,데레사농수축산소비센타,클라우드 네이티브 전환사업 MSP 선정 평가위원회 개최에 따른 다과 구입,59960,7b7e80905b98b3dd4cbc41e0c44ca94fa44ea9437918bceb96546bc7bb9b7347,sheet1:R9,,,
7b7e80905b98b3dd-sheet1-R10,2026-02-11,daegu-city,지능정보화담당관,장원식당,인터넷·스마트폰 과의존 강사 및 상담사 면접 관련 간담회 개최에 따른 급식비 지출,119000,7b7e80905b98b3dd4cbc41e0c44ca94fa44ea9437918bceb96546bc7bb9b7347,sheet1:R10,,,
7b7e80905b98b3dd-sheet1-R11,2026-02-04,daegu-city,지능정보화담당관,마이온룸,정보화분야 현안사항 전달회의 개최에 따른 다과 구입비 지출,67500,7b7e80905b98b3dd4cbc41e0c44ca94fa44ea9437918bceb96546bc7bb9b7347,sheet1:R11,,,
73be75869cd3484c-sheet1-R6,2026-01-07,daegu-city,광역행정담당관,용지봉(주),간담회 비용 지출(대구경북 지방시대위원장 간담회),212000,73be75869cd3484c1796d0ee11f31e96ea53ddb0aeef35ead6be0aa27f70595f,sheet1:R6,,,
73be75869cd3484c-sheet1-R7,2026-01-12,daegu-city,광역행정담당관,북카페(BOOK cafe),2차 공공기관 이전과 연계한 발전전략 수립 회의 다과 경비 지출,60000,73be75869cd3484c1796d0ee11f31e96ea53ddb0aeef35ead6be0aa27f70595f,sheet1:R7,,,
73be75869cd3484c-sheet1-R8,2026-01-20,daegu-city,광역행정담당관,장원,2026년 지역균형발전사업 자체평가(사전설명회) 추진 간담회 경비 지출,225000,73be75869cd3484c1796d0ee11f31e96ea53ddb0aeef35ead6be0aa27f70595f,sheet1:R8,,,
73be75869cd3484c-sheet1-R9,2026-01-22,daegu-city,광역행정담당관,코레일유통주식회사(오송역),대구경북행정통합 추진 간담회 다과 경비 지출,197800,73be75869cd3484c1796d0ee11f31e96ea53ddb0aeef35ead6be0aa27f70595f,sheet1:R9,,,
73be75869cd3484c-sheet1-R10,2026-01-22,daegu-city,광역행정담당관,코레일유통주식회사(오송역),대구경북행정통합 추진 간담회 다과 경비 지출,376100,73be75869cd3484c1796d0ee11f31e96ea53ddb0aeef35ead6be0aa27f70595f,sheet1:R10,,,
73be75869cd3484c-sheet1-R11,2026-01-23,daegu-city,광역행정담당관,터틀턴 베이크,대구경북행정통합 추진 간담회 다과 경비 지출,52000,73be75869cd3484c1796d0ee11f31e96ea53ddb0aeef35ead6be0aa27f70595f,sheet1:R11,,,
73be75869cd3484c-sheet1-R12,2026-01-27,daegu-city,광역행정담당관,예원,2026년 지역균형발전사업 자체평가(분과위원회) 추진 간담회 경비 지출,315000,73be75869cd3484c1796d0ee11f31e96ea53ddb0aeef35ead6be0aa27f70595f,sheet1:R12,,,
73be75869cd3484c-sheet1-R13,2026-01-27,daegu-city,광역행정담당관,장원,간담회 비용 지출(1.27./운영위원회),85000,73be75869cd3484c1796d0ee11f31e96ea53ddb0aeef35ead6be0aa27f70595f,sheet1:R13,,,
73be75869cd3484c-sheet1-R14,2026-01-30,daegu-city,광역행정담당관,황쏘가리,간담회 비용 지출(지방시대위원회 전체 워크숍),222000,73be75869cd3484c1796d0ee11f31e96ea53ddb0aeef35ead6be0aa27f70595f,sheet1:R14,,,
73be75869cd3484c-sheet1-R15,2026-02-03,daegu-city,광역행정담당관,침산곤지곤지,2026년 지역균형발전사업 자체평가(총괄위원회) 추진 간담회 경비 지출,118000,73be75869cd3484c1796d0ee11f31e96ea53ddb0aeef35ead6be0aa27f70595f,sheet1:R15,,,
73be75869cd3484c-sheet1-R16,2026-02-03,daegu-city,광역행정담당관,주식회사 비욘드비엣남,대구경북행정통합 추진관련 간담회 경비 지출,52000,73be75869cd3484c1796d0ee11f31e96ea53ddb0aeef35ead6be0aa27f70595f,sheet1:R16,,,
73be75869cd3484c-sheet1-R17,2026-02-04,daegu-city,광역행정담당관,마이온룸,5극3특 전략수립 간담회 다과 경비 지출,53600,73be75869cd3484c1796d0ee11f31e96ea53ddb0aeef35ead6be0aa27f70595f,sheet1:R17,,,
73be75869cd3484c-sheet1-R18,2026-02-05,daegu-city,광역행정담당관,이디야커피 대구문화예술회관점,대구경북행정통합 설명회 다과구입 경비 지출,9700,73be75869cd3484c1796d0ee11f31e96ea53ddb0aeef35ead6be0aa27f70595f,sheet1:R18,,,
73be75869cd3484c-sheet1-R19,2026-02-05,daegu-city,광역행정담당관,이디야커피 대구문화예술회관점,대구경북행정통합 설명회 다과구입 경비 지출,45000,73be75869cd3484c1796d0ee11f31e96ea53ddb0aeef35ead6be0aa27f70595f,sheet1:R19,,,
73be75869cd3484c-sheet1-R20,2026-02-09,daegu-city,광역행정담당관,파스쿠찌 대구대표도서관점외 2,대구경북행정통합 설명회 다과구입 경비 지출,100900,73be75869cd3484c1796d0ee11f31e96ea53ddb0aeef35ead6be0aa27f70595f,sheet1:R20,,,
73be75869cd3484c-sheet1-R21,2026-02-10,daegu-city,광역행정담당관,장어야,공공기관 2차 이전 관련 간담회 경비 지출,354000,73be75869cd3484c1796d0ee11f31e96ea53ddb0aeef35ead6be0aa27f70595f,sheet1:R21,,,
73be75869cd3484c-sheet1-R22,2026-02-20,daegu-city,광역행정담당관,복호두침산점,대구경북행정통합 추진관련 간담회 경비 지출,60000,73be75869cd3484c1796d0ee11f31e96ea53ddb0aeef35ead6be0aa27f70595f,sheet1:R22,,,
73be75869cd3484c-sheet1-R23,2026-02-23,daegu-city,광역행정담당관,시후,간담회 비용 지출(2.23./경제분과회의),168000,73be75869cd3484c1796d0ee11f31e96ea53ddb0aeef35ead6be0aa27f70595f,sheet1:R23,,,
73be75869cd3484c-sheet1-R24,2026-02-23,daegu-city,광역행정담당관,장원,혁신도시 정주여건 개선관련 간담회 경비 지출,68000,73be75869cd3484c1796d0ee11f31e96ea53ddb0aeef35ead6be0aa27f70595f,sheet1:R24,,,
73be75869cd3484c-sheet1-R25,2026-02-25,daegu-city,광역행정담당관,침산곤지곤지,간담회 비용 지출(2.25./행재정분과회의),100000,73be75869cd3484c1796d0ee11f31e96ea53ddb0aeef35ead6be0aa27f70595f,sheet1:R25,,,
73be75869cd3484c-sheet1-R26,2026-02-28,daegu-city,광역행정담당관,피제리아50칼로,달빛동맹 업무추진 관련 실무 간담회 경비 지출,233600,73be75869cd3484c1796d0ee11f31e96ea53ddb0aeef35ead6be0aa27f70595f,sheet1:R26,,,
73be75869cd3484c-sheet1-R27,2026-03-03,daegu-city,광역행정담당관,노세콘도(NoSecondo),간담회비용 지출,220000,73be75869cd3484c1796d0ee11f31e96ea53ddb0aeef35ead6be0aa27f70595f,sheet1:R27,,,
73be75869cd3484c-sheet1-R28,2026-03-10,daegu-city,광역행정담당관,스타벅스 코리아,2차 공공기관 이전 관련 간담회 다과 경비 지출,102800,73be75869cd3484c1796d0ee11f31e96ea53ddb0aeef35ead6be0aa27f70595f,sheet1:R28,,,
73be75869cd3484c-sheet1-R29,2026-03-12,daegu-city,광역행정담당관,읍천리382 경북대점,2026년 지역인재합동채용설명회 사전회의 관련 간담회 개최 경비 지출,136000,73be75869cd3484c1796d0ee11f31e96ea53ddb0aeef35ead6be0aa27f70595f,sheet1:R29,,,
73be75869cd3484c-sheet1-R30,2026-03-18,daegu-city,광역행정담당관,선한곰탕,간담회 비용 지출(3.18/지방시대위원회),175000,73be75869cd3484c1796d0ee11f31e96ea53ddb0aeef35ead6be0aa27f70595f,sheet1:R30,,,
73be75869cd3484c-sheet1-R31,2026-03-25,daegu-city,광역행정담당관,최고집,2차 공공기관 이전 관련 간담회 경비 지출,289000,73be75869cd3484c1796d0ee11f31e96ea53ddb0aeef35ead6be0aa27f70595f,sheet1:R31,,,
73be75869cd3484c-sheet1-R32,2026-03-31,daegu-city,광역행정담당관,경북대학교생활협동조합,2026 대구경북 지역인재합동채용설명회 관련 간담회 개최 비용 지출,34900,73be75869cd3484c1796d0ee11f31e96ea53ddb0aeef35ead6be0aa27f70595f,sheet1:R32,,,
5db6ecf984381b7b-sheet1-R4,2026-03-31,daegu-city,수성소방서,연화37,소방시책추진업무추진비 지출(협력단체 간담회),406000,5db6ecf984381b7baa1857120e54a96ad915e514d06458bd77930bfe0696a6b1,sheet1:R4,,,
5db6ecf984381b7b-sheet1-R5,2026-03-30,daegu-city,수성소방서,수성아일랜드 장어명품관,소방시책추진업무추진비 지출(유관기관 간담회),246400,5db6ecf984381b7baa1857120e54a96ad915e514d06458bd77930bfe0696a6b1,sheet1:R5,,,
5db6ecf984381b7b-sheet1-R6,2026-03-26,daegu-city,수성소방서,개인(성명 비공개),기관운영업무추진비 지출,50000,5db6ecf984381b7baa1857120e54a96ad915e514d06458bd77930bfe0696a6b1,sheet1:R6,,,
5db6ecf984381b7b-sheet1-R7,2026-03-26,daegu-city,수성소방서,느티나무골식당,소방시책추진업무추진비 지출(협력단체 간담회),400000,5db6ecf984381b7baa1857120e54a96ad915e514d06458bd77930bfe0696a6b1,sheet1:R7,,,
5db6ecf984381b7b-sheet1-R8,2026-03-20,daegu-city,수성소방서,개인(성명 비공개),기관운영업무추진비 지출,50000,5db6ecf984381b7baa1857120e54a96ad915e514d06458bd77930bfe0696a6b1,sheet1:R8,,,
5db6ecf984381b7b-sheet1-R9,2026-03-19,daegu-city,수성소방서,개인(성명 비공개),기관운영업무추진비 지출,50000,5db6ecf984381b7baa1857120e54a96ad915e514d06458bd77930bfe0696a6b1,sheet1:R9,,,
5db6ecf984381b7b-sheet1-R10,2026-03-19,daegu-city,수성소방서,개인(성명 비공개),기관운영업무추진비 지출,50000,5db6ecf984381b7baa1857120e54a96ad915e514d06458bd77930bfe0696a6b1,sheet1:R10,,,
5db6ecf984381b7b-sheet1-R11,2026-03-19,daegu-city,수성소방서,개인(성명 비공개),기관운영업무추진비 지출,50000,5db6ecf984381b7baa1857120e54a96ad915e514d06458bd77930bfe0696a6b1,sheet1:R11,,,
5db6ecf984381b7b-sheet1-R12,2026-03-11,daegu-city,수성소방서,고집센그집갈비탕,기관운영업무추진비 지출(직원간담회),104000,5db6ecf984381b7baa1857120e54a96ad915e514d06458bd77930bfe0696a6b1,sheet1:R12,,,
5db6ecf984381b7b-sheet1-R13,2026-03-05,daegu-city,수성소방서,개인(성명 비공개),기관운영업무추진비 지출,50000,5db6ecf984381b7baa1857120e54a96ad915e514d06458bd77930bfe0696a6b1,sheet1:R13,,,
5db6ecf984381b7b-sheet1-R14,2026-02-26,daegu-city,수성소방서,개인(성명 비공개),기관운영업무추진비 지출,50000,5db6ecf984381b7baa1857120e54a96ad915e514d06458bd77930bfe0696a6b1,sheet1:R14,,,
5db6ecf984381b7b-sheet1-R15,2026-02-25,daegu-city,수성소방서,고니,소방시책추진업무추진비 지출(협력단체 간담회),300000,5db6ecf984381b7baa1857120e54a96ad915e514d06458bd77930bfe0696a6b1,sheet1:R15,,,
5db6ecf984381b7b-sheet1-R16,2026-02-10,daegu-city,수성소방서,개인(성명 비공개),기관운영업무추진비 지출,50000,5db6ecf984381b7baa1857120e54a96ad915e514d06458bd77930bfe0696a6b1,sheet1:R16,,,
5db6ecf984381b7b-sheet1-R17,2026-02-10,daegu-city,수성소방서,박현지 토종한우,기관운영업무추진비 지출(직원 간담회),300000,5db6ecf984381b7baa1857120e54a96ad915e514d06458bd77930bfe0696a6b1,sheet1:R17,,,
5db6ecf984381b7b-sheet1-R18,2026-02-04,daegu-city,수성소방서,개인(성명 비공개),기관운영업무추진비 지출,50000,5db6ecf984381b7baa1857120e54a96ad915e514d06458bd77930bfe0696a6b1,sheet1:R18,,,
5db6ecf984381b7b-sheet1-R19,2026-01-14,daegu-city,수성소방서,정이채소밥상,기관운영업무추진비 지출(확대간부회의),304000,5db6ecf984381b7baa1857120e54a96ad915e514d06458bd77930bfe0696a6b1,sheet1:R19,,,
5db6ecf984381b7b-sheet1-R20,2026-01-14,daegu-city,수성소방서,개인(성명 비공개),기관운영업무추진비 지출,50000,5db6ecf984381b7baa1857120e54a96ad915e514d06458bd77930bfe0696a6b1,sheet1:R20,,,
5db6ecf984381b7b-sheet1-R21,2026-01-08,daegu-city,수성소방서,곽옥자 삼대곰탕,소방시책추진업무추진비 지출(협력단체 간담회),192000,5db6ecf984381b7baa1857120e54a96ad915e514d06458bd77930bfe0696a6b1,sheet1:R21,,,
5db6ecf984381b7b-sheet1-R22,2026-01-07,daegu-city,수성소방서,개인(성명 비공개),기관운영업무추진비 지출,50000,5db6ecf984381b7baa1857120e54a96ad915e514d06458bd77930bfe0696a6b1,sheet1:R22,,,
5db6ecf984381b7b-sheet2-R4,2026-03-04,daegu-city,수성소방서(구조대),처갓집돼지국밥,기관운영 업무추진비 지출(구조대),81000,5db6ecf984381b7baa1857120e54a96ad915e514d06458bd77930bfe0696a6b1,sheet2:R4,,,
5db6ecf984381b7b-sheet2-R5,2026-02-13,daegu-city,수성소방서(구조대),대구지산동우체국,기관운영 업무추진비 지출(구조대),200000,5db6ecf984381b7baa1857120e54a96ad915e514d06458bd77930bfe0696a6b1,sheet2:R5,,,
5db6ecf984381b7b-sheet3-R4,2026-02-09,daegu-city,수성소방서(구급대),고려기프트,구급대 직원 격려 및 위로 물품 구매(기관운영비),444653,5db6ecf984381b7baa1857120e54a96ad915e514d06458bd77930bfe0696a6b1,sheet3:R4,,,
5db6ecf984381b7b-sheet3-R5,2026-01-02,daegu-city,수성소방서(구급대),스타벅스,구급대 직원 격려 물품 구매(기관운영비),120000,5db6ecf984381b7baa1857120e54a96ad915e514d06458bd77930bfe0696a6b1,sheet3:R5,,,
5db6ecf984381b7b-sheet4-R4,2026-02-11,daegu-city,수성소방서(범물),테레사농수축산소비센터,2026년 2월 기관운영업무추진비 지출(차담회)범물,200000,5db6ecf984381b7baa1857120e54a96ad915e514d06458bd77930bfe0696a6b1,sheet4:R4,,,
5db6ecf984381b7b-sheet4-R5,2026-01-21,daegu-city,수성소방서(범물),속풀이소머리곰탕,2026년 1월 기관운영업무추진비 지출(직원간담회)범물,98000,5db6ecf984381b7baa1857120e54a96ad915e514d06458bd77930bfe0696a6b1,sheet4:R5,,,
5db6ecf984381b7b-sheet5-R4,2026-03-27,daegu-city,수성소방서(만촌),중화면가,기관운영 업무추진비 지출(만촌119안전센터),200000,5db6ecf984381b7baa1857120e54a96ad915e514d06458bd77930bfe0696a6b1,sheet5:R4,,,
5db6ecf984381b7b-sheet5-R5,2026-02-12,daegu-city,수성소방서(만촌),마트앤마트,2월 만촌119안전센터 기관운영 업무추진비 지출(기관운영비),245100,5db6ecf984381b7baa1857120e54a96ad915e514d06458bd77930bfe0696a6b1,sheet5:R5,,,
5db6ecf984381b7b-sheet6-R4,2026-02-09,daegu-city,수성소방서(황금),장보고식자재마트 황금점,기관운영업무추진비 지출(황금-설날명절 관련 직원격려),237000,5db6ecf984381b7baa1857120e54a96ad915e514d06458bd77930bfe0696a6b1,sheet6:R4,,,
5db6ecf984381b7b-sheet7-R4,2026-02-11,daegu-city,수성소방서(상동),대백마트,직원격려용 명절선물구입을 위한 기관운영 업무추진비 지출(상동),468100,5db6ecf984381b7baa1857120e54a96ad915e514d06458bd77930bfe0696a6b1,sheet7:R4,,,
5db6ecf984381b7b-sheet8-R4,2026-01-19,daegu-city,수성소방서(수성),꽃담복담,1월 기관운영업무추진비 지출(수성센터),35000,5db6ecf984381b7baa1857120e54a96ad915e514d06458bd77930bfe0696a6b1,sheet8:R4,,,
5db6ecf984381b7b-sheet8-R5,2026-01-14,daegu-city,수성소방서(수성),기장물회산곰장어,1월 기관운영업무추진비 지출(수성센터),100000,5db6ecf984381b7baa1857120e54a96ad915e514d06458bd77930bfe0696a6b1,sheet8:R5,,,
5db6ecf984381b7b-sheet9-R4,2026-03-27,daegu-city,수성소방서(무열로),다담뜰한식뷔페,2026년 3월 기관운영업무추진비 지출(유관기관 간담회)무열로,53000,5db6ecf984381b7baa1857120e54a96ad915e514d06458bd77930bfe0696a6b1,sheet9:R4,,,
5db6ecf984381b7b-sheet11-R4,2026-02-09,daegu-city,수성소방서(가창),대백마트 가창점,기관운영업무추진비 지출(가창센터 직원격려물품 구매),287100,5db6ecf984381b7baa1857120e54a96ad915e514d06458bd77930bfe0696a6b1,sheet11:R4,,,
d656a24c9f0bea74-sheet1-R8,2026-01-13,daegu-city,북부 사업소,복호두,직원 격려용 간식 구입,225000,d656a24c9f0bea7444682367e022cedeb2e106747c253f6271e8cd9e5ad97a7b,sheet1:R8,,,
d656a24c9f0bea74-sheet1-R9,2026-02-12,daegu-city,북부 사업소,이마트,내방객 접대용 다과 구입,78250,d656a24c9f0bea7444682367e022cedeb2e106747c253f6271e8cd9e5ad97a7b,sheet1:R9,,,
d656a24c9f0bea74-sheet1-R10,2026-03-04,daegu-city,북부 사업소,개인(성명 비공개),직원 경조사비 지출,100000,d656a24c9f0bea7444682367e022cedeb2e106747c253f6271e8cd9e5ad97a7b,sheet1:R10,,,
649eb4523354a3df-sheet1-R4,2026-01-20,daegu-city,섬유패션과,스타벅스 유통단지점,지역 섬유기업 지원 협의 관련 간담회 경비 지출,75200,649eb4523354a3dff60ba0fa6ac243c3c69e201f908c410e933adc5dee46b76b,sheet1:R4,,,
649eb4523354a3df-sheet1-R5,2026-01-22,daegu-city,섬유패션과,더현대 카페 워킹컵,지역 염색가공산업 발전방안 간담회 경비 지출,23200,649eb4523354a3dff60ba0fa6ac243c3c69e201f908c410e933adc5dee46b76b,sheet1:R5,,,
649eb4523354a3df-sheet1-R6,2026-01-23,daegu-city,섬유패션과,하나해물탕,지역 섬유산업 발전방안 간담회 경비 지출,67000,649eb4523354a3dff60ba0fa6ac243c3c69e201f908c410e933adc5dee46b76b,sheet1:R6,,,
649eb4523354a3df-sheet1-R7,2026-01-30,daegu-city,섬유패션과,조르지오 피렌체,지역 섬유산업 발전방안 간담회 경비 지출,112100,649eb4523354a3dff60ba0fa6ac243c3c69e201f908c410e933adc5dee46b76b,sheet1:R7,,,
649eb4523354a3df-sheet1-R8,2026-02-02,daegu-city,섬유패션과,"화니, 스타벅스 신세계점",지역 섬유산업 발전방안 간담회 경비 지출,141500,649eb4523354a3dff60ba0fa6ac243c3c69e201f908c410e933adc5dee46b76b,sheet1:R8,,,
649eb4523354a3df-sheet1-R9,2026-02-03,daegu-city,섬유패션과,낙원순두부,지역 섬유패션산업 발전방안 간담회 경비 지출,43000,649eb4523354a3dff60ba0fa6ac243c3c69e201f908c410e933adc5dee46b76b,sheet1:R9,,,
649eb4523354a3df-sheet1-R10,2026-02-10,daegu-city,섬유패션과,감포생밀복,안경테표면처리센터 입주업체 협의 관련 간담회 경비 지출,88000,649eb4523354a3dff60ba0fa6ac243c3c69e201f908c410e933adc5dee46b76b,sheet1:R10,,,
649eb4523354a3df-sheet1-R11,2026-02-11,daegu-city,섬유패션과,크리스피크림도넛 동대구역사점,섬유산업 국비 지원 업무협의 관련 다과 구입비 지출,38800,649eb4523354a3dff60ba0fa6ac243c3c69e201f908c410e933adc5dee46b76b,sheet1:R11,,,
649eb4523354a3df-sheet1-R12,2026-02-13,daegu-city,섬유패션과,팔공산엄마밥상,지역 섬유산업 활성화 업무협의 간담회 경비 지출,110000,649eb4523354a3dff60ba0fa6ac243c3c69e201f908c410e933adc5dee46b76b,sheet1:R12,,,
649eb4523354a3df-sheet1-R13,2026-02-20,daegu-city,섬유패션과,감포생밀복,지역섬유산업 발전을 위한 간담회 경비 지출,215000,649eb4523354a3dff60ba0fa6ac243c3c69e201f908c410e933adc5dee46b76b,sheet1:R13,,,
649eb4523354a3df-sheet1-R14,2026-02-23,daegu-city,섬유패션과,인투 침산고성점,지역 섬유산업 발전방안 간담회 경비 지출,94000,649eb4523354a3dff60ba0fa6ac243c3c69e201f908c410e933adc5dee46b76b,sheet1:R14,,,
649eb4523354a3df-sheet1-R15,2026-02-24,daegu-city,섬유패션과,더차이즈,DIOPS 홍보 관련 간담회 경비 지출,221000,649eb4523354a3dff60ba0fa6ac243c3c69e201f908c410e933adc5dee46b76b,sheet1:R15,,,
649eb4523354a3df-sheet1-R16,2026-02-25,daegu-city,섬유패션과,들메꽃,신규 국비사업 추진 관련 간담회 경비 지출,168000,649eb4523354a3dff60ba0fa6ac243c3c69e201f908c410e933adc5dee46b76b,sheet1:R16,,,
649eb4523354a3df-sheet1-R17,2026-03-11,daegu-city,섬유패션과,프론트카페디저트스토어,섬유 및 안경산업 국비 지원 업무협의 관련 다과 구입비 지출,44200,649eb4523354a3dff60ba0fa6ac243c3c69e201f908c410e933adc5dee46b76b,sheet1:R17,,,
649eb4523354a3df-sheet1-R18,2026-03-12,daegu-city,섬유패션과,예원,스마트 아이웨어 업무 추진 관련 간담회 경비 지출,86000,649eb4523354a3dff60ba0fa6ac243c3c69e201f908c410e933adc5dee46b76b,sheet1:R18,,,
649eb4523354a3df-sheet1-R19,2026-03-17,daegu-city,섬유패션과,대구시청 북카페,2026년 대구 패션·봉제산업 활성화 전문가 간담회 구입비 지출,37600,649eb4523354a3dff60ba0fa6ac243c3c69e201f908c410e933adc5dee46b76b,sheet1:R19,,,
649eb4523354a3df-sheet1-R20,2026-03-20,daegu-city,섬유패션과,대구시청 북카페,중동 섬유수출기업 간담회 개최 관련 다과 구입비 지출,52400,649eb4523354a3dff60ba0fa6ac243c3c69e201f908c410e933adc5dee46b76b,sheet1:R20,,,
649eb4523354a3df-sheet1-R21,2026-03-30,daegu-city,섬유패션과,정담,펙스코 활성화 관련 간담회 경비 지출,44700,649eb4523354a3dff60ba0fa6ac243c3c69e201f908c410e933adc5dee46b76b,sheet1:R21,,,
5ea367ad91919484-sheet1-R4,2026-01-09,daegu-city,소방행정과,뼈큰감자탕,2026년 소방업무 추진계획 수립 관련 직원 간담회 비용 지출,126000,5ea367ad91919484c8046a38fd33dc5b1200fb49f0d9724a352db764e570d20b,sheet1:R4,5acb6adcb8e97a261f273dc9bfc53970a588d738bd92c63a4a75997573f0fccc:sheet1:R4,,
5ea367ad91919484-sheet1-R5,2026-01-20,daegu-city,소방행정과,㈜이마트칠성점,2026년 1월 부속실 기관운영비 지출,127890,5ea367ad91919484c8046a38fd33dc5b1200fb49f0d9724a352db764e570d20b,sheet1:R5,5acb6adcb8e97a261f273dc9bfc53970a588d738bd92c63a4a75997573f0fccc:sheet1:R5,,
5ea367ad91919484-sheet1-R6,2026-01-23,daegu-city,소방행정과,개인(성명 비공개),직원 경조사비 지출,50000,5ea367ad91919484c8046a38fd33dc5b1200fb49f0d9724a352db764e570d20b,sheet1:R6,5acb6adcb8e97a261f273dc9bfc53970a588d738bd92c63a4a75997573f0fccc:sheet1:R6,,
5ea367ad91919484-sheet1-R7,2026-02-12,daegu-city,소방행정과,개인(성명 비공개),직원 경조사비 지출,50000,5ea367ad91919484c8046a38fd33dc5b1200fb49f0d9724a352db764e570d20b,sheet1:R7,5acb6adcb8e97a261f273dc9bfc53970a588d738bd92c63a4a75997573f0fccc:sheet1:R7,,
5ea367ad91919484-sheet1-R8,2026-02-19,daegu-city,소방행정과,개인(성명 비공개),직원 경조사비 지출,50000,5ea367ad91919484c8046a38fd33dc5b1200fb49f0d9724a352db764e570d20b,sheet1:R8,5acb6adcb8e97a261f273dc9bfc53970a588d738bd92c63a4a75997573f0fccc:sheet1:R8,,
5ea367ad91919484-sheet1-R9,2026-02-13,daegu-city,소방행정과,감포생밀복,설 연휴 대비 특별경계근무 등 업무추진 격려 간담회 추진,110000,5ea367ad91919484c8046a38fd33dc5b1200fb49f0d9724a352db764e570d20b,sheet1:R9,5acb6adcb8e97a261f273dc9bfc53970a588d738bd92c63a4a75997573f0fccc:sheet1:R9,,
5ea367ad91919484-sheet1-R10,2026-02-25,daegu-city,소방행정과,㈜이마트칠성점,2026년 2월 부속실 기관운영비 지출,148170,5ea367ad91919484c8046a38fd33dc5b1200fb49f0d9724a352db764e570d20b,sheet1:R10,5acb6adcb8e97a261f273dc9bfc53970a588d738bd92c63a4a75997573f0fccc:sheet1:R10,,
5ea367ad91919484-sheet1-R11,2026-02-25,daegu-city,소방행정과,개인(성명 비공개),직원 경조사비 지출,50000,5ea367ad91919484c8046a38fd33dc5b1200fb49f0d9724a352db764e570d20b,sheet1:R11,5acb6adcb8e97a261f273dc9bfc53970a588d738bd92c63a4a75997573f0fccc:sheet1:R11,,
5ea367ad91919484-sheet1-R12,2026-02-26,daegu-city,소방행정과,㈜창일,제39회 전국소방기술경연대회 자체 훈련 선수단 격려 비용 지출,325000,5ea367ad91919484c8046a38fd33dc5b1200fb49f0d9724a352db764e570d20b,sheet1:R12,5acb6adcb8e97a261f273dc9bfc53970a588d738bd92c63a4a75997573f0fccc:sheet1:R12,,
5ea367ad91919484-sheet1-R13,2026-03-12,daegu-city,소방행정과,개인(성명 비공개),직원 경조사비 지출,50000,5ea367ad91919484c8046a38fd33dc5b1200fb49f0d9724a352db764e570d20b,sheet1:R13,5acb6adcb8e97a261f273dc9bfc53970a588d738bd92c63a4a75997573f0fccc:sheet1:R13 5acb6adcb8e97a261f273dc9bfc53970a588d738bd92c63a4a75997573f0fccc:sheet1:R14,,
5ea367ad91919484-sheet1-R14,2026-03-12,daegu-city,소방행정과,개인(성명 비공개),직원 경조사비 지출,50000,5ea367ad91919484c8046a38fd33dc5b1200fb49f0d9724a352db764e570d20b,sheet1:R14,5acb6adcb8e97a261f273dc9bfc53970a588d738bd92c63a4a75997573f0fccc:sheet1:R13 5acb6adcb8e97a261f273dc9bfc53970a588d738bd92c63a4a75997573f0fccc:sheet1:R14,,
5ea367ad91919484-sheet1-R15,2026-01-30,daegu-city,소방행정과,참숯시민소갈비,지역사회 안전문화 확산을 위한 유관기관 간담회 경비 지출,157900,5ea367ad91919484c8046a38fd33dc5b1200fb49f0d9724a352db764e570d20b,sheet1:R15,5acb6adcb8e97a261f273dc9bfc53970a588d738bd92c63a4a75997573f0fccc:sheet1:R15,,
5ea367ad91919484-sheet1-R16,2026-02-06,daegu-city,소방행정과,옥된장대구역점,설 명절 긴급재난 시 공동대응을 위한 협력단체 간담회 경비 지출,297000,5ea367ad91919484c8046a38fd33dc5b1200fb49f0d9724a352db764e570d20b,sheet1:R16,5acb6adcb8e97a261f273dc9bfc53970a588d738bd92c63a4a75997573f0fccc:sheet1:R16,,
5ea367ad91919484-sheet1-R17,2026-03-27,daegu-city,소방행정과,산,봄철 화재예방 업무추진 유관기관 간담회 추진,320000,5ea367ad91919484c8046a38fd33dc5b1200fb49f0d9724a352db764e570d20b,sheet1:R17,5acb6adcb8e97a261f273dc9bfc53970a588d738bd92c63a4a75997573f0fccc:sheet1:R17,,
5ea367ad91919484-sheet2-R4,2026-02-12,daegu-city,소방행정과,프루테리아,2026년 2월 기관운영비(위로물품) 지출(119구조대),185000,5ea367ad91919484c8046a38fd33dc5b1200fb49f0d9724a352db764e570d20b,sheet2:R4,5acb6adcb8e97a261f273dc9bfc53970a588d738bd92c63a4a75997573f0fccc:sheet2:R4,,
5ea367ad91919484-sheet2-R5,2026-03-13,daegu-city,소방행정과,청양궁양꼬치,2026년 3월 기관운영비(구조대원 격려) 지출(119구조대),115000,5ea367ad91919484c8046a38fd33dc5b1200fb49f0d9724a352db764e570d20b,sheet2:R5,5acb6adcb8e97a261f273dc9bfc53970a588d738bd92c63a4a75997573f0fccc:sheet2:R5,,
5ea367ad91919484-sheet3-R4,2026-03-03,daegu-city,소방행정과,카페동이 침산점,2026년 3월 기관운영비(구급대원 격려) 지출(119구급대),78900,5ea367ad91919484c8046a38fd33dc5b1200fb49f0d9724a352db764e570d20b,sheet3:R4,5acb6adcb8e97a261f273dc9bfc53970a588d738bd92c63a4a75997573f0fccc:sheet3:R4,,
5ea367ad91919484-sheet3-R5,2026-03-10,daegu-city,소방행정과,버거킹대구삼성창조경제단지점,2026년 3월 기관운영비(구급대원 격려) 지출(119구급대),70500,5ea367ad91919484c8046a38fd33dc5b1200fb49f0d9724a352db764e570d20b,sheet3:R5,5acb6adcb8e97a261f273dc9bfc53970a588d738bd92c63a4a75997573f0fccc:sheet3:R5,,
5ea367ad91919484-sheet5-R4,2026-01-28,daegu-city,소방행정과,감포생밀복,2026년 1월 기관운영비(간담회) 지출(침산),80000,5ea367ad91919484c8046a38fd33dc5b1200fb49f0d9724a352db764e570d20b,sheet5:R4,5acb6adcb8e97a261f273dc9bfc53970a588d738bd92c63a4a75997573f0fccc:sheet5:R4,,
5ea367ad91919484-sheet5-R5,2026-02-13,daegu-city,소방행정과,삼덕골남원추어탕,2026년 2월 기관운영비(간담회) 지출(침산),83000,5ea367ad91919484c8046a38fd33dc5b1200fb49f0d9724a352db764e570d20b,sheet5:R5,5acb6adcb8e97a261f273dc9bfc53970a588d738bd92c63a4a75997573f0fccc:sheet5:R5,,
5ea367ad91919484-sheet5-R6,2026-03-27,daegu-city,소방행정과,보백관 북구청점,2026년 3월 기관운영비(간담회) 지출(침산),72000,5ea367ad91919484c8046a38fd33dc5b1200fb49f0d9724a352db764e570d20b,sheet5:R6,5acb6adcb8e97a261f273dc9bfc53970a588d738bd92c63a4a75997573f0fccc:sheet5:R6,,
5ea367ad91919484-sheet5-R7,2026-03-31,daegu-city,소방행정과,몬스터커피,2026년 3월 기관운영비(음료구입) 지출(침산),28000,5ea367ad91919484c8046a38fd33dc5b1200fb49f0d9724a352db764e570d20b,sheet5:R7,5acb6adcb8e97a261f273dc9bfc53970a588d738bd92c63a4a75997573f0fccc:sheet5:R7,,
5ea367ad91919484-sheet6-R4,2026-01-07,daegu-city,소방행정과,그린식당,2026년 1월 기관운영비 지출(노원안전센터),60000,5ea367ad91919484c8046a38fd33dc5b1200fb49f0d9724a352db764e570d20b,sheet6:R4,5acb6adcb8e97a261f273dc9bfc53970a588d738bd92c63a4a75997573f0fccc:sheet6:R4,,
5ea367ad91919484-sheet7-R4,2026-01-27,daegu-city,소방행정과,현대약국,2026년 1월 기관운영업무추진비 지출(대현),14000,5ea367ad91919484c8046a38fd33dc5b1200fb49f0d9724a352db764e570d20b,sheet7:R4,5acb6adcb8e97a261f273dc9bfc53970a588d738bd92c63a4a75997573f0fccc:sheet7:R4,,
5ea367ad91919484-sheet7-R5,2026-02-03,daegu-city,소방행정과,카페053,2026년 2월 기관운영업무추진비 지출(대현),26700,5ea367ad91919484c8046a38fd33dc5b1200fb49f0d9724a352db764e570d20b,sheet7:R5,5acb6adcb8e97a261f273dc9bfc53970a588d738bd92c63a4a75997573f0fccc:sheet7:R5,,
5ea367ad91919484-sheet7-R6,2026-02-26,daegu-city,소방행정과,현대약국,2026년 2월 기관운영업무추진비 지출(대현),14000,5ea367ad91919484c8046a38fd33dc5b1200fb49f0d9724a352db764e570d20b,sheet7:R6,5acb6adcb8e97a261f273dc9bfc53970a588d738bd92c63a4a75997573f0fccc:sheet7:R6,,
5ea367ad91919484-sheet7-R7,2026-03-16,daegu-city,소방행정과,카페053,2026년도 3월 기관운영비 지출(대현),100640,5ea367ad91919484c8046a38fd33dc5b1200fb49f0d9724a352db764e570d20b,sheet7:R7,5acb6adcb8e97a261f273dc9bfc53970a588d738bd92c63a4a75997573f0fccc:sheet7:R7,,
7236a8e687260ab2-sheet1-R7,2026-03-05,daegu-city,도로과,만년한정담 세종점,도로현안 협의(혼잡도로 개선사업계획관련)에 대한 관계기관과의 간담회 경비 지출,180000,7236a8e687260ab25c4ceb3b2b62431823d64f45c7f23d2845e51ad81495af1d,sheet1:R7,,,
7236a8e687260ab2-sheet1-R8,2026-03-05,daegu-city,도로과,시온,도로현안 협의(혼잡도로 개선사업계획관련)에 대한 관계기관과의 간담회 경비 지출,37700,7236a8e687260ab25c4ceb3b2b62431823d64f45c7f23d2845e51ad81495af1d,sheet1:R8,,,
7236a8e687260ab2-sheet1-R9,2026-03-05,daegu-city,도로과,코레일유통주식회사(동대구역),민자도로 무료화 사례조사를 위한 인청시청 방문에 따른 기념품 구입,56200,7236a8e687260ab25c4ceb3b2b62431823d64f45c7f23d2845e51ad81495af1d,sheet1:R9,,,
7236a8e687260ab2-sheet1-R10,2026-03-19,daegu-city,도로과,연화식당,도로현안 협의(군위군 동부리~용대리 간 도로건설 현장점검)에 대한 관계기관과의 간담회 경비 지출,130000,7236a8e687260ab25c4ceb3b2b62431823d64f45c7f23d2845e51ad81495af1d,sheet1:R10,,,
4e946b832a583a98-sheet1-R5,2026-01-09,daegu-city,금호강개발과,스시센슈,주요 시책 추진 간담회 경비 지출,100000,4e946b832a583a982a3c67a050193968f814da8dd5c0f1977af73f73779fe3bd,sheet1:R5,,,
4e946b832a583a98-sheet1-R6,2026-02-10,daegu-city,금호강개발과,미소명가미역,주요 시책 추진 간담회 경비 지출,160000,4e946b832a583a982a3c67a050193968f814da8dd5c0f1977af73f73779fe3bd,sheet1:R6,,,
f281c34b9699c98b-sheet1-R4,2026-01-06,daegu-city,도시계획과,애기똥풀&나인엣지,주요 현안업무 추진을 위한 간담회 경비 지출,354830,f281c34b9699c98bf9cf225105a924a557b069e5924a00fff46f949f6d982ef4,sheet1:R4,,,
f281c34b9699c98b-sheet1-R5,2026-01-13,daegu-city,도시계획과,청담원,주요 현안업무 추진을 위한 간담회 경비 지출,450000,f281c34b9699c98bf9cf225105a924a557b069e5924a00fff46f949f6d982ef4,sheet1:R5,,,
f281c34b9699c98b-sheet1-R6,2026-01-15,daegu-city,도시계획과,유경,직원 격려 간담회 경비 지출,100000,f281c34b9699c98bf9cf225105a924a557b069e5924a00fff46f949f6d982ef4,sheet1:R6,,,
f281c34b9699c98b-sheet1-R7,2026-01-16,daegu-city,도시계획과,창미고깃집,주요 현안업무 추진을 위한 간담회 경비 지출,451000,f281c34b9699c98bf9cf225105a924a557b069e5924a00fff46f949f6d982ef4,sheet1:R7,,,
f281c34b9699c98b-sheet1-R8,2026-01-19,daegu-city,도시계획과,삼수장어,주요 현안업무 추진을 위한 간담회 경비 지출,216000,f281c34b9699c98bf9cf225105a924a557b069e5924a00fff46f949f6d982ef4,sheet1:R8,,,
f281c34b9699c98b-sheet1-R9,2026-01-20,daegu-city,도시계획과,창미고깃집,주요 현안업무 홍보를 위한 간담회 경비 지출,93000,f281c34b9699c98bf9cf225105a924a557b069e5924a00fff46f949f6d982ef4,sheet1:R9,,,
f281c34b9699c98b-sheet1-R10,2026-01-21,daegu-city,도시계획과,1980 황가원,주요 현안업무 추진을 위한 간담회 경비 지출,450000,f281c34b9699c98bf9cf225105a924a557b069e5924a00fff46f949f6d982ef4,sheet1:R10,,,
f281c34b9699c98b-sheet1-R11,2026-01-21,daegu-city,도시계획과,이자카야소소,주요 현안업무 추진을 위한 간담회 경비 지출,197000,f281c34b9699c98bf9cf225105a924a557b069e5924a00fff46f949f6d982ef4,sheet1:R11,,,
f281c34b9699c98b-sheet1-R12,2026-01-21,daegu-city,도시계획과,동대구역 근대골목단팥빵,내방 민원인 제공용 다과류 구입비 지출,119000,f281c34b9699c98bf9cf225105a924a557b069e5924a00fff46f949f6d982ef4,sheet1:R12,,,
f281c34b9699c98b-sheet1-R13,2026-01-22,daegu-city,도시계획과,현방,주요 현안업무 홍보를 위한 간담회 경비 지출,215000,f281c34b9699c98bf9cf225105a924a557b069e5924a00fff46f949f6d982ef4,sheet1:R13,,,
f281c34b9699c98b-sheet1-R14,2026-01-30,daegu-city,도시계획과,"싱글톤커피, 자갈치회타운",직원 격려 간담회 경비 지출,89000,f281c34b9699c98bf9cf225105a924a557b069e5924a00fff46f949f6d982ef4,sheet1:R14,,,
f281c34b9699c98b-sheet1-R15,2026-02-04,daegu-city,도시계획과,석삼,주요 현안업무 추진을 위한 간담회 경비 지출,280000,f281c34b9699c98bf9cf225105a924a557b069e5924a00fff46f949f6d982ef4,sheet1:R15,,,
f281c34b9699c98b-sheet1-R16,2026-02-04,daegu-city,도시계획과,개인(성명 비공개),경조사비,50000,f281c34b9699c98bf9cf225105a924a557b069e5924a00fff46f949f6d982ef4,sheet1:R16,,,
f281c34b9699c98b-sheet1-R17,2026-02-05,daegu-city,도시계획과,방어진참가자미회 범어점,주요 현안업무 추진을 위한 간담회 경비 지출,156000,f281c34b9699c98bf9cf225105a924a557b069e5924a00fff46f949f6d982ef4,sheet1:R17,,,
f281c34b9699c98b-sheet1-R18,2026-02-09,daegu-city,도시계획과,선유양꼬치,주요 현안업무 추진을 위한 간담회 경비 지출,136000,f281c34b9699c98bf9cf225105a924a557b069e5924a00fff46f949f6d982ef4,sheet1:R18,,,
f281c34b9699c98b-sheet1-R19,2026-02-19,daegu-city,도시계획과,개인(성명 비공개),경조사비,50000,f281c34b9699c98bf9cf225105a924a557b069e5924a00fff46f949f6d982ef4,sheet1:R19,,,
f281c34b9699c98b-sheet1-R20,2026-02-19,daegu-city,도시계획과,개인(성명 비공개),경조사비,50000,f281c34b9699c98bf9cf225105a924a557b069e5924a00fff46f949f6d982ef4,sheet1:R20,,,
f281c34b9699c98b-sheet1-R21,2026-02-20,daegu-city,도시계획과,키키샤브,직원 격려 간담회 경비 지출,59600,f281c34b9699c98bf9cf225105a924a557b069e5924a00fff46f949f6d982ef4,sheet1:R21,,,
f281c34b9699c98b-sheet1-R22,2026-02-24,daegu-city,도시계획과,조르지오피렌체,주요 현안업무 홍보를 위한 간담회 경비 지출,115600,f281c34b9699c98bf9cf225105a924a557b069e5924a00fff46f949f6d982ef4,sheet1:R22,,,
f281c34b9699c98b-sheet1-R23,2026-02-27,daegu-city,도시계획과,침산 곤지곤지,주택 매입임대 사업 추진을 위한 간담회 경비 지출,183000,f281c34b9699c98bf9cf225105a924a557b069e5924a00fff46f949f6d982ef4,sheet1:R23,,,
f281c34b9699c98b-sheet1-R24,2026-03-13,daegu-city,도시계획과,감포생밀복,주요 현안업무 홍보를 위한 간담회 경비 지출,172000,f281c34b9699c98bf9cf225105a924a557b069e5924a00fff46f949f6d982ef4,sheet1:R24,,,
f281c34b9699c98b-sheet1-R25,2026-03-17,daegu-city,도시계획과,"유이이유산격점, 이마트만촌점",도시계획위원회 개최에 따른 다과구입비 지출,279010,f281c34b9699c98bf9cf225105a924a557b069e5924a00fff46f949f6d982ef4,sheet1:R25,,,
f281c34b9699c98b-sheet1-R26,2026-03-24,daegu-city,도시계획과,"삼수장어,사이커피 신천",주요 현안업무 홍보를 위한 간담회 경비 지출,238000,f281c34b9699c98bf9cf225105a924a557b069e5924a00fff46f949f6d982ef4,sheet1:R26,,,
f281c34b9699c98b-sheet1-R27,2026-03-26,daegu-city,도시계획과,쁘띠따블,주요 현안업무 홍보를 위한 간담회 경비 지출,141000,f281c34b9699c98bf9cf225105a924a557b069e5924a00fff46f949f6d982ef4,sheet1:R27,,,
f281c34b9699c98b-sheet1-R28,2026-03-27,daegu-city,도시계획과,보틀캠프,주요 현안업무 추진을 위한 간담회 경비 지출,155500,f281c34b9699c98bf9cf225105a924a557b069e5924a00fff46f949f6d982ef4,sheet1:R28,,,
eb0e2d2d248dde7a-sheet1-R6,2026-01-07,daegu-city,시민안전테마파크,티아이티에프(TITF),기관운영업무추진비 지출(인사 및 청렴소통간담회),102250,eb0e2d2d248dde7ae2ef7b329db61dab5d50020a85424d9889e39bef6c4916ef,sheet1:R6,,,
eb0e2d2d248dde7a-sheet1-R7,2026-01-08,daegu-city,시민안전테마파크,티아이티에프(TITF),기관운영업무추진비 지출(인사 및 청렴소통간담회),101700,eb0e2d2d248dde7ae2ef7b329db61dab5d50020a85424d9889e39bef6c4916ef,sheet1:R7,,,
eb0e2d2d248dde7a-sheet1-R8,2026-01-08,daegu-city,시민안전테마파크,산채식당,시책추진업무추진비 지출(업무협의 간담회),73000,eb0e2d2d248dde7ae2ef7b329db61dab5d50020a85424d9889e39bef6c4916ef,sheet1:R8,,,
eb0e2d2d248dde7a-sheet1-R9,2026-01-09,daegu-city,시민안전테마파크,오~112플라워,기관운영업무추진비 지출(유관기관장 화분),50000,eb0e2d2d248dde7ae2ef7b329db61dab5d50020a85424d9889e39bef6c4916ef,sheet1:R9,,,
eb0e2d2d248dde7a-sheet1-R10,2026-01-22,daegu-city,시민안전테마파크,불로식자재전문할인매장,기관운영업무추진비 지출(공무직근로자 격려물품 구매),29800,eb0e2d2d248dde7ae2ef7b329db61dab5d50020a85424d9889e39bef6c4916ef,sheet1:R10,,,
eb0e2d2d248dde7a-sheet1-R11,2026-01-30,daegu-city,시민안전테마파크,거너실흑태찜,기관운영업무추진비 지출(소방지휘관 회의 간담회),263000,eb0e2d2d248dde7ae2ef7b329db61dab5d50020a85424d9889e39bef6c4916ef,sheet1:R11,,,
eb0e2d2d248dde7a-sheet1-R12,2026-02-02,daegu-city,시민안전테마파크,개인(성명 비공개),기관운영업무추진비 지출,50000,eb0e2d2d248dde7ae2ef7b329db61dab5d50020a85424d9889e39bef6c4916ef,sheet1:R12,,,
eb0e2d2d248dde7a-sheet1-R13,2026-02-05,daegu-city,시민안전테마파크,가원식당,시책추진업무추진비 지출(업무협의 간담회),150000,eb0e2d2d248dde7ae2ef7b329db61dab5d50020a85424d9889e39bef6c4916ef,sheet1:R13,,,
eb0e2d2d248dde7a-sheet1-R14,2026-02-09,daegu-city,시민안전테마파크,인터넷우체국쇼핑,기관운영업무추진비 지출(설명절 직원 격려물품 구입),416000,eb0e2d2d248dde7ae2ef7b329db61dab5d50020a85424d9889e39bef6c4916ef,sheet1:R14,,,
eb0e2d2d248dde7a-sheet1-R15,2026-02-24,daegu-city,시민안전테마파크,평양가든외 1,기관운영업무추진비 지출(중대시민재해 안전관리 간담회),342850,eb0e2d2d248dde7ae2ef7b329db61dab5d50020a85424d9889e39bef6c4916ef,sheet1:R15,,,
eb0e2d2d248dde7a-sheet1-R16,2026-03-03,daegu-city,시민안전테마파크,개인(성명 비공개),기관운영업무추진비 지출,50000,eb0e2d2d248dde7ae2ef7b329db61dab5d50020a85424d9889e39bef6c4916ef,sheet1:R16,8f12fed272e2b1e4ced3c759099b92756112d250c0526ea8aa2b9e787df56e11:sheet1:R6,,
eb0e2d2d248dde7a-sheet1-R17,2026-03-09,daegu-city,시민안전테마파크,iM 뱅크/온누리상품권,정원가산업무추진비 지출(2026년 1분기 생일직원 격려물품 구매),300000,eb0e2d2d248dde7ae2ef7b329db61dab5d50020a85424d9889e39bef6c4916ef,sheet1:R17,8f12fed272e2b1e4ced3c759099b92756112d250c0526ea8aa2b9e787df56e11:sheet1:R7,,
eb0e2d2d248dde7a-sheet1-R18,2026-03-09,daegu-city,시민안전테마파크,개인(성명 비공개),기관운영업무추진비 지출,50000,eb0e2d2d248dde7ae2ef7b329db61dab5d50020a85424d9889e39bef6c4916ef,sheet1:R18,8f12fed272e2b1e4ced3c759099b92756112d250c0526ea8aa2b9e787df56e11:sheet1:R8,,
eb0e2d2d248dde7a-sheet1-R19,2026-03-10,daegu-city,시민안전테마파크,티아이티에프(TITF),기관운영업무추진비 지출(공무직근로자 안전보건교육 및 소통 간담회),46750,eb0e2d2d248dde7ae2ef7b329db61dab5d50020a85424d9889e39bef6c4916ef,sheet1:R19,8f12fed272e2b1e4ced3c759099b92756112d250c0526ea8aa2b9e787df56e11:sheet1:R9,,
eb0e2d2d248dde7a-sheet1-R20,2026-03-12,daegu-city,시민안전테마파크,티아이티에프(TITF),기관운영업무추진비 지출(공무직근로자 안전보건교육 및 소통 간담회),50580,eb0e2d2d248dde7ae2ef7b329db61dab5d50020a85424d9889e39bef6c4916ef,sheet1:R20,8f12fed272e2b1e4ced3c759099b92756112d250c0526ea8aa2b9e787df56e11:sheet1:R10,,
eb0e2d2d248dde7a-sheet1-R21,2026-03-17,daegu-city,시민안전테마파크,품격한우식육식당,시책추진업무추진비 지출(업무협의 간담회),330600,eb0e2d2d248dde7ae2ef7b329db61dab5d50020a85424d9889e39bef6c4916ef,sheet1:R21,8f12fed272e2b1e4ced3c759099b92756112d250c0526ea8aa2b9e787df56e11:sheet1:R11,,
eb0e2d2d248dde7a-sheet1-R22,2026-03-17,daegu-city,시민안전테마파크,티아이티에프(TITF),기관운영업무추진비 지출(공무직근로자 안전보건교육 및 소통 간담회),52280,eb0e2d2d248dde7ae2ef7b329db61dab5d50020a85424d9889e39bef6c4916ef,sheet1:R22,8f12fed272e2b1e4ced3c759099b92756112d250c0526ea8aa2b9e787df56e11:sheet1:R12,,
eb0e2d2d248dde7a-sheet1-R23,2026-03-24,daegu-city,시민안전테마파크,산채식당,시책추진업무추진비 지출(업무협의 간담회),51000,eb0e2d2d248dde7ae2ef7b329db61dab5d50020a85424d9889e39bef6c4916ef,sheet1:R23,8f12fed272e2b1e4ced3c759099b92756112d250c0526ea8aa2b9e787df56e11:sheet1:R13,,
8d0970cc7da2bdf2-sheet1-R4,2026-01-14,daegu-city,운영지원과,보금신토불이,기관운영업무추진비(업무추진 격려 간담회),119000,8d0970cc7da2bdf241d6915a2bb5fec1e371d37b5f496d888af365c56345cde1,sheet1:R4,,,
8d0970cc7da2bdf2-sheet1-R5,2026-01-19,daegu-city,운영지원과,닭올닭 죽전점,기관운영업무추진비(조야분교 이전 관련 간담회),187000,8d0970cc7da2bdf241d6915a2bb5fec1e371d37b5f496d888af365c56345cde1,sheet1:R5,,,
8d0970cc7da2bdf2-sheet1-R6,2026-01-26,daegu-city,운영지원과,투썸플레이스 송해공원점,119특수구조대 동계수난 훈련 격려비용 지출,47000,8d0970cc7da2bdf241d6915a2bb5fec1e371d37b5f496d888af365c56345cde1,sheet1:R6,,,
8d0970cc7da2bdf2-sheet1-R7,2026-01-27,daegu-city,운영지원과,투썸플레이스 송해공원점,119특수구조대 동계수난 훈련 격려비용 지출,47300,8d0970cc7da2bdf241d6915a2bb5fec1e371d37b5f496d888af365c56345cde1,sheet1:R7,,,
8d0970cc7da2bdf2-sheet1-R8,2026-01-28,daegu-city,운영지원과,투썸플레이스 송해공원점,기관운영업무추진비(현장활동 직원 격려 물품),46300,8d0970cc7da2bdf241d6915a2bb5fec1e371d37b5f496d888af365c56345cde1,sheet1:R8,,,
8d0970cc7da2bdf2-sheet1-R9,2026-02-03,daegu-city,운영지원과,원조산홍아나고곰장어 본점,기관운영업무추진비(직원격려 간담회),200000,8d0970cc7da2bdf241d6915a2bb5fec1e371d37b5f496d888af365c56345cde1,sheet1:R9,,,
8d0970cc7da2bdf2-sheet1-R10,2026-02-11,daegu-city,운영지원과,나이스마트,기관운영업무추진비(설날 명절 직원 격려물품 구입),270000,8d0970cc7da2bdf241d6915a2bb5fec1e371d37b5f496d888af365c56345cde1,sheet1:R10,,,
8d0970cc7da2bdf2-sheet1-R11,2026-02-12,daegu-city,운영지원과,닭올닭 죽전점,기관운영업무추진비(재난대응체계 업무 협의 간담회),119000,8d0970cc7da2bdf241d6915a2bb5fec1e371d37b5f496d888af365c56345cde1,sheet1:R11,,,
8d0970cc7da2bdf2-sheet1-R12,2026-02-19,daegu-city,운영지원과,청도시골밥상,기관운영업무추진비(119항공대 역량 강화 추진 격려 간담회),87000,8d0970cc7da2bdf241d6915a2bb5fec1e371d37b5f496d888af365c56345cde1,sheet1:R12,,,
8d0970cc7da2bdf2-sheet1-R13,2026-02-20,daegu-city,운영지원과,미림식당,기관운영업무추진비(현안업무 논의 간담회),60000,8d0970cc7da2bdf241d6915a2bb5fec1e371d37b5f496d888af365c56345cde1,sheet1:R13,,,
8d0970cc7da2bdf2-sheet1-R14,2026-02-27,daegu-city,운영지원과,수상한카페,기관운영업무추진비(직원격려 간담회),22000,8d0970cc7da2bdf241d6915a2bb5fec1e371d37b5f496d888af365c56345cde1,sheet1:R14,,,
8d0970cc7da2bdf2-sheet1-R15,2026-03-06,daegu-city,운영지원과,경조사(김장중),기관운영업무추진비,50000,8d0970cc7da2bdf241d6915a2bb5fec1e371d37b5f496d888af365c56345cde1,sheet1:R15,,,
8d0970cc7da2bdf2-sheet1-R16,2026-03-12,daegu-city,운영지원과,미지촌어탕,기관운영업무추진비(현안업무 논의 간담회),111000,8d0970cc7da2bdf241d6915a2bb5fec1e371d37b5f496d888af365c56345cde1,sheet1:R16,,,
8d0970cc7da2bdf2-sheet1-R17,2026-03-16,daegu-city,운영지원과,몬스터커피 호산점,기관운영업무추진비(현장활동 직원 격려 물품),31330,8d0970cc7da2bdf241d6915a2bb5fec1e371d37b5f496d888af365c56345cde1,sheet1:R17,,,
8d0970cc7da2bdf2-sheet1-R18,2026-03-19,daegu-city,운영지원과,보금신토불이,기관운영업무추진비(업무추진 간담회),68000,8d0970cc7da2bdf241d6915a2bb5fec1e371d37b5f496d888af365c56345cde1,sheet1:R18,,,
8d0970cc7da2bdf2-sheet1-R19,2026-03-27,daegu-city,운영지원과,방어진 참가자미 동촌점,기관운영업무추진비(현안업무 논의 간담회),130000,8d0970cc7da2bdf241d6915a2bb5fec1e371d37b5f496d888af365c56345cde1,sheet1:R19,,,
8d0970cc7da2bdf2-sheet2-R4,2026-01-08,daegu-city,운영지원과,만복이쭈꾸미낙지볶음 혁신점,시책업무추진비 지출(소방헬기 구매 TF팀 간담회),217200,8d0970cc7da2bdf241d6915a2bb5fec1e371d37b5f496d888af365c56345cde1,sheet2:R4,,,
8d0970cc7da2bdf2-sheet2-R5,2026-01-13,daegu-city,운영지원과,오요구,시책업무추진비 지출(수난훈련 추진 관계자 간담회),100000,8d0970cc7da2bdf241d6915a2bb5fec1e371d37b5f496d888af365c56345cde1,sheet2:R5,,,
8d0970cc7da2bdf2-sheet2-R6,2026-01-20,daegu-city,운영지원과,거산 이가네더덕밥,시책업무추진비 지출(공항관계자 간담회),192000,8d0970cc7da2bdf241d6915a2bb5fec1e371d37b5f496d888af365c56345cde1,sheet2:R6,,,
8d0970cc7da2bdf2-sheet2-R7,2026-01-23,daegu-city,운영지원과,수성시루 떡집,시책업무추진비 지출(비교행정 관련 기념품 구입),88000,8d0970cc7da2bdf241d6915a2bb5fec1e371d37b5f496d888af365c56345cde1,sheet2:R7,,,
8d0970cc7da2bdf2-sheet2-R8,2026-01-29,daegu-city,운영지원과,보금신토불이,시책업무추진비 지출(중구본 영남119특수구조대 간담회),90000,8d0970cc7da2bdf241d6915a2bb5fec1e371d37b5f496d888af365c56345cde1,sheet2:R8,,,
8d0970cc7da2bdf2-sheet2-R9,2026-01-30,daegu-city,운영지원과,거너실흑태찜 용산점,시책업무추진비 지출(소방지휘관회의 간담회),263000,8d0970cc7da2bdf241d6915a2bb5fec1e371d37b5f496d888af365c56345cde1,sheet2:R9,,,
8d0970cc7da2bdf2-sheet2-R10,2026-03-05,daegu-city,운영지원과,해랑정 더덕밥,시책업무추진비 지출(507항공대대 간담회),150000,8d0970cc7da2bdf241d6915a2bb5fec1e371d37b5f496d888af365c56345cde1,sheet2:R10,,,
8d0970cc7da2bdf2-sheet2-R11,2026-03-09,daegu-city,운영지원과,보금신토불이,시책업무추진비 지출(기상대대 간담회),136000,8d0970cc7da2bdf241d6915a2bb5fec1e371d37b5f496d888af365c56345cde1,sheet2:R11,,,
8d0970cc7da2bdf2-sheet2-R12,2026-03-10,daegu-city,운영지원과,한정식 금마루,시책업무추진비 지출(경북 경찰항공대 간담회),54000,8d0970cc7da2bdf241d6915a2bb5fec1e371d37b5f496d888af365c56345cde1,sheet2:R12,,,
2888b912430a2a78-sheet1-R5,2026-01-14,daegu-city,기업지원과,남산카페 본점외 1,기업지원 업무추진을 위한 간담회 경비 지출,137200,2888b912430a2a7847538900d5a60f761612550b6159c776429e9e8735229ed0,sheet1:R5,,,
2888b912430a2a78-sheet1-R6,2026-01-16,daegu-city,기업지원과,수성청,시정업무 홍보 간담회 경비 지출,105000,2888b912430a2a7847538900d5a60f761612550b6159c776429e9e8735229ed0,sheet1:R6,,,
2888b912430a2a78-sheet1-R7,2026-01-21,daegu-city,기업지원과,한화커넥트 (주),기업지원 업무추진을 위한 간담회 경비 지출,44000,2888b912430a2a7847538900d5a60f761612550b6159c776429e9e8735229ed0,sheet1:R7,,,
2888b912430a2a78-sheet1-R8,2026-01-22,daegu-city,기업지원과,(맥)참숯불식육식당,규제혁신 업무 추진 간담회 경비 지출,84000,2888b912430a2a7847538900d5a60f761612550b6159c776429e9e8735229ed0,sheet1:R8,,,
2888b912430a2a78-sheet1-R9,2026-01-22,daegu-city,기업지원과,타논55 베스트웨스턴플러스호텔 세종점외 1,기업지원 업무추진을 위한 간담회 경비 지출,73000,2888b912430a2a7847538900d5a60f761612550b6159c776429e9e8735229ed0,sheet1:R9,,,
2888b912430a2a78-sheet1-R10,2026-01-27,daegu-city,기업지원과,핸즈커피 호산점외 1,시정업무 홍보 간담회 경비 지출,190500,2888b912430a2a7847538900d5a60f761612550b6159c776429e9e8735229ed0,sheet1:R10,,,
2888b912430a2a78-sheet1-R11,2026-01-30,daegu-city,기업지원과,부자집식육식당외 1,규제혁신 업무 추진 간담회 경비 지출,103900,2888b912430a2a7847538900d5a60f761612550b6159c776429e9e8735229ed0,sheet1:R11,,,
2888b912430a2a78-sheet1-R12,2026-02-03,daegu-city,기업지원과,카페오슬링(Osling)외 1,원스톱 투자지원 업무추진을 위한 간담회 경비 지출,179500,2888b912430a2a7847538900d5a60f761612550b6159c776429e9e8735229ed0,sheet1:R12,,,
2888b912430a2a78-sheet1-R13,2026-02-10,daegu-city,기업지원과,감포생밀복,원스톱 투자지원 업무추진을 위한 간담회 경비 지출,88000,2888b912430a2a7847538900d5a60f761612550b6159c776429e9e8735229ed0,sheet1:R13,,,
2888b912430a2a78-sheet1-R14,2026-03-03,daegu-city,기업지원과,바토 플루이르외 1,원스톱 투자지원 업무추진을 위한 간담회 경비 지출,136000,2888b912430a2a7847538900d5a60f761612550b6159c776429e9e8735229ed0,sheet1:R14,,,
2888b912430a2a78-sheet1-R15,2026-03-04,daegu-city,기업지원과,핸즈커피성북교점외 1,규제혁신 업무 추진 간담회 경비 지출,114300,2888b912430a2a7847538900d5a60f761612550b6159c776429e9e8735229ed0,sheet1:R15,,,
2888b912430a2a78-sheet1-R16,2026-03-17,daegu-city,기업지원과,커피명가 엑스코점,기업지원 업무추진을 위한 간담회 경비 지출,79900,2888b912430a2a7847538900d5a60f761612550b6159c776429e9e8735229ed0,sheet1:R16,,,
2888b912430a2a78-sheet1-R17,2026-03-24,daegu-city,기업지원과,카페찬스외 1,원스톱 투자지원 업무추진을 위한 간담회 경비 지출,200000,2888b912430a2a7847538900d5a60f761612550b6159c776429e9e8735229ed0,sheet1:R17,,,
2888b912430a2a78-sheet1-R18,2026-03-26,daegu-city,기업지원과,샤브올데이 대구수성점,시정업무 홍보 간담회 경비 지출,149400,2888b912430a2a7847538900d5a60f761612550b6159c776429e9e8735229ed0,sheet1:R18,,,
2888b912430a2a78-sheet1-R19,2026-03-27,daegu-city,기업지원과,더수성(THE SUSUNG)77호텔수성한정식,규제혁신 업무 추진 간담회 경비 지출,347000,2888b912430a2a7847538900d5a60f761612550b6159c776429e9e8735229ed0,sheet1:R19,,,
2888b912430a2a78-sheet1-R20,2026-03-30,daegu-city,기업지원과,샤브올데이 대구수성점,기업지원 업무추진을 위한 간담회 경비 지출,124500,2888b912430a2a7847538900d5a60f761612550b6159c776429e9e8735229ed0,sheet1:R20,,,
1d63a75fb5a7540d-sheet1-R6,2026-01-12,daegu-city,상수도사업본부 군위사업소,채미정,"요금팀,검침원 직원 간담회 경비 지출",240000,1d63a75fb5a7540d88bfbc3ffc5a2f2fbe2d88e3442b75f2b8c1a0cab3dbcf8d,sheet1:R6,,,
1d63a75fb5a7540d-sheet1-R7,2026-02-11,daegu-city,상수도사업본부 군위사업소,성원숯불,요금팀 직원 간담회 경비 지출,90000,1d63a75fb5a7540d88bfbc3ffc5a2f2fbe2d88e3442b75f2b8c1a0cab3dbcf8d,sheet1:R7,,,
1d63a75fb5a7540d-sheet1-R8,2026-02-12,daegu-city,상수도사업본부 군위사업소,우사랑한우,누수방지팀 직원 격려 간담회 경비 지출,60000,1d63a75fb5a7540d88bfbc3ffc5a2f2fbe2d88e3442b75f2b8c1a0cab3dbcf8d,sheet1:R8,,,
1d63a75fb5a7540d-sheet1-R9,2026-02-13,daegu-city,상수도사업본부 군위사업소,수복식당,공무팀 직원 격려 간담회 경비 지출,105000,1d63a75fb5a7540d88bfbc3ffc5a2f2fbe2d88e3442b75f2b8c1a0cab3dbcf8d,sheet1:R9,,,
1d63a75fb5a7540d-sheet1-R10,2026-02-13,daegu-city,상수도사업본부 군위사업소,일미정,관리팀 직원 격려 간담회 경비 지출,100000,1d63a75fb5a7540d88bfbc3ffc5a2f2fbe2d88e3442b75f2b8c1a0cab3dbcf8d,sheet1:R10,,,
1d63a75fb5a7540d-sheet1-R11,2026-02-25,daegu-city,상수도사업본부 군위사업소,개인(성명 비공개),직원 경조사비 지출,50000,1d63a75fb5a7540d88bfbc3ffc5a2f2fbe2d88e3442b75f2b8c1a0cab3dbcf8d,sheet1:R11,,,
1d63a75fb5a7540d-sheet1-R12,2026-03-03,daegu-city,상수도사업본부 군위사업소,중앙식당,정수팀 직원 격려 간담회 경비 지출,225000,1d63a75fb5a7540d88bfbc3ffc5a2f2fbe2d88e3442b75f2b8c1a0cab3dbcf8d,sheet1:R12,,,
5bffadc8ca136af0-sheet1-R5,2026-01-28,daegu-city,어르신복지과,브리즈커피,기억학교 사업개선 관련 간담회 경비 지출,195000,5bffadc8ca136af00833f3dbf0c62349289de348fb6f147ce0e240b90d6396fc,sheet1:R5,,,
5bffadc8ca136af0-sheet1-R6,2026-02-03,daegu-city,어르신복지과,skirt cake shop,대구재가노인복지협회 관계자 업무협의를 위한 간담회 경비 지출,149200,5bffadc8ca136af00833f3dbf0c62349289de348fb6f147ce0e240b90d6396fc,sheet1:R6,,,
5bffadc8ca136af0-sheet1-R7,2026-02-03,daegu-city,어르신복지과,브리즈커피,한국노인인력개발원 업무협의를 위한 간담회 경비 지출,22000,5bffadc8ca136af00833f3dbf0c62349289de348fb6f147ce0e240b90d6396fc,sheet1:R7,,,
5bffadc8ca136af0-sheet1-R8,2026-02-04,daegu-city,어르신복지과,브리즈커피,기억학교 사업 개선계획 설명 및 의견청취 간담회 경비 지출,300000,5bffadc8ca136af00833f3dbf0c62349289de348fb6f147ce0e240b90d6396fc,sheet1:R8,,,
5bffadc8ca136af0-sheet1-R9,2026-03-05,daegu-city,어르신복지과,더 부자백숙 본점,대구광역시 노인복지정책위원회 간담회 경비 지출,360000,5bffadc8ca136af00833f3dbf0c62349289de348fb6f147ce0e240b90d6396fc,sheet1:R9,,,
ceab2b3cfda4f8b5-sheet1-R5,2026-01-13,daegu-city,공원조성과,장원,공원 조성사업 업무협의 간담회 경비 지출,250000,ceab2b3cfda4f8b5b875fe8a0b186435d24e53ab10be5ad42baa1ff7485c56a5,sheet1:R5,,,
ceab2b3cfda4f8b5-sheet1-R6,2026-01-20,daegu-city,공원조성과,애슐리퀸즈 대구이월드점,2040 공원녹지기본계획(안) 수립 공청회 관련 업무 협의 간담회 경비 지출,226800,ceab2b3cfda4f8b5b875fe8a0b186435d24e53ab10be5ad42baa1ff7485c56a5,sheet1:R6,,,
ceab2b3cfda4f8b5-sheet1-R7,2026-02-11,daegu-city,공원조성과,삼송빵집 본점,대구대공원 조성사업 업무협의 간담회 경비 지출,119500,ceab2b3cfda4f8b5b875fe8a0b186435d24e53ab10be5ad42baa1ff7485c56a5,sheet1:R7,,,
ceab2b3cfda4f8b5-sheet1-R8,2026-03-17,daegu-city,공원조성과,삼송빵집 동대구역사점,국비확보 및 공원조성사업 업무협의 간담회 경비 지출,57000,ceab2b3cfda4f8b5b875fe8a0b186435d24e53ab10be5ad42baa1ff7485c56a5,sheet1:R8,,,
7115f5ee88931b78-sheet1-R5,2026-01-21,daegu-city,기계로봇과,한정식 금마루,로봇 관련 현안사업 추진 간담회 비용 지출,54000,7115f5ee88931b7859268aa740d112955c6b0e742406f61123d30d557bd73400,sheet1:R5,,,
7115f5ee88931b78-sheet1-R6,2026-01-22,daegu-city,기계로봇과,대구별빛샌드,기관 방문에 따른 선물구입비 지출,54000,7115f5ee88931b7859268aa740d112955c6b0e742406f61123d30d557bd73400,sheet1:R6,,,
7115f5ee88931b78-sheet1-R7,2026-02-05,daegu-city,기계로봇과,유경,시정현안 관련 홍보 간담회 경비 지출,80000,7115f5ee88931b7859268aa740d112955c6b0e742406f61123d30d557bd73400,sheet1:R7,,,
7115f5ee88931b78-sheet1-R8,2026-02-06,daegu-city,기계로봇과,마이온룸,국가첨단전략산업 특화단지 용역 관련 다과 구입비 지출,41500,7115f5ee88931b7859268aa740d112955c6b0e742406f61123d30d557bd73400,sheet1:R8,,,
7115f5ee88931b78-sheet1-R9,2026-02-23,daegu-city,기계로봇과,수형당 베이커리,기관 방문에 따른 선물구입비 지출,52200,7115f5ee88931b7859268aa740d112955c6b0e742406f61123d30d557bd73400,sheet1:R9,,,
7115f5ee88931b78-sheet1-R10,2026-02-26,daegu-city,기계로봇과,하양추어탕,시책추진업무추진비(기계로봇과 주요업무 추진을 위한 간담회),30000,7115f5ee88931b7859268aa740d112955c6b0e742406f61123d30d557bd73400,sheet1:R10,,,
7115f5ee88931b78-sheet1-R11,2026-02-27,daegu-city,기계로봇과,브리즈커피 외 1개소,시책추진업무추진비(기계로봇과 주요업무 추진 간담회 개최를 위한 다과 구입비 지출),64600,7115f5ee88931b7859268aa740d112955c6b0e742406f61123d30d557bd73400,sheet1:R11,,,
7115f5ee88931b78-sheet1-R12,2026-03-05,daegu-city,기계로봇과,마이온룸,시책추진업무추진비(HD현대로보틱스 민관 협의체 운영 킥오프 회의 개최를 위한 다과 구입비 지출),90000,7115f5ee88931b7859268aa740d112955c6b0e742406f61123d30d557bd73400,sheet1:R12,,,
7115f5ee88931b78-sheet1-R13,2026-03-06,daegu-city,기계로봇과,감포생밀복,시책추진업무추진비(시정현안 관련 홍보를 위한 간담회),84000,7115f5ee88931b7859268aa740d112955c6b0e742406f61123d30d557bd73400,sheet1:R13,,,
7115f5ee88931b78-sheet1-R14,2026-03-06,daegu-city,기계로봇과,참생고기육회식당,시책추진업무추진비(소부장 으뜸기업 지원을 위한 간담회),120000,7115f5ee88931b7859268aa740d112955c6b0e742406f61123d30d557bd73400,sheet1:R14,,,
7115f5ee88931b78-sheet1-R15,2026-03-10,daegu-city,기계로봇과,할매추어탕,시책추진업무추진비(국가첨단전략산업 특화단지 업무추진을 위한 간담회),60000,7115f5ee88931b7859268aa740d112955c6b0e742406f61123d30d557bd73400,sheet1:R15,,,
7115f5ee88931b78-sheet1-R16,2026-03-12,daegu-city,기계로봇과,유경,시책추진업무추진비(소부장 으뜸기업 지원을 위한 간담회),80000,7115f5ee88931b7859268aa740d112955c6b0e742406f61123d30d557bd73400,sheet1:R16,,,
7115f5ee88931b78-sheet1-R17,2026-03-13,daegu-city,기계로봇과,망치꽃돼지막창,시책추진업무추진비(휴머노이드 국가첨단전략산업 특화단지 업무협의를 위한 간담회),190000,7115f5ee88931b7859268aa740d112955c6b0e742406f61123d30d557bd73400,sheet1:R17,,,
7115f5ee88931b78-sheet1-R18,2026-03-18,daegu-city,기계로봇과,백미별장,시책추진업무추진비(메가존 데이터센터 유치 협의를 위한 간담회),198000,7115f5ee88931b7859268aa740d112955c6b0e742406f61123d30d557bd73400,sheet1:R18,,,
7115f5ee88931b78-sheet1-R19,2026-03-20,daegu-city,기계로봇과,라운드라운드,시책추진업무추진비(기관 방문에 따른 기념품 구입비 지출),58300,7115f5ee88931b7859268aa740d112955c6b0e742406f61123d30d557bd73400,sheet1:R19,,,
7115f5ee88931b78-sheet1-R20,2026-03-23,daegu-city,기계로봇과,마이온룸,시책추진업무추진비(메가존클라우드 협력 의제 발굴 회의 다과 구입비 지출),69100,7115f5ee88931b7859268aa740d112955c6b0e742406f61123d30d557bd73400,sheet1:R20,,,
7115f5ee88931b78-sheet1-R21,2026-03-23,daegu-city,기계로봇과,유경,시책업무추진비(메가존클라우드 협력 의제 발굴 오찬 간담회 비용 지출),200000,7115f5ee88931b7859268aa740d112955c6b0e742406f61123d30d557bd73400,sheet1:R21,,,
7115f5ee88931b78-sheet1-R22,2026-03-27,daegu-city,기계로봇과,북카페,시책추진업무추진(기업 관계자 회의 개최에 따른 다과 구입비 지출),26000,7115f5ee88931b7859268aa740d112955c6b0e742406f61123d30d557bd73400,sheet1:R22,,,
54561fabdd5aeb8f-sheet1-R5,2026-02-06,daegu-city,위생정책과,온돌방,스마트 HACCP 구축 지원사업 추진 관련 간담회 개최 경비 지출,270000,54561fabdd5aeb8fda132ec4cbec70710411d37e0609a49011209f26161761d9,sheet1:R5,,,
54561fabdd5aeb8f-sheet1-R6,2026-02-10,daegu-city,위생정책과,삼송빵집본점,식품안전관리 간담회 개최 경비 지출,150000,54561fabdd5aeb8fda132ec4cbec70710411d37e0609a49011209f26161761d9,sheet1:R6,,,
54561fabdd5aeb8f-sheet1-R7,2026-02-25,daegu-city,위생정책과,온돌방,2026년 제1회 식품진흥기금심의위원회 개최 관련 간담회 경비 지출,225000,54561fabdd5aeb8fda132ec4cbec70710411d37e0609a49011209f26161761d9,sheet1:R7,,,
54561fabdd5aeb8f-sheet1-R8,2026-02-25,daegu-city,위생정책과,캐스트커피,2026년 구·군 외식업 활성화 지원사업 공모 선정 심사위원회 개최에 따른 다과비 지출,70000,54561fabdd5aeb8fda132ec4cbec70710411d37e0609a49011209f26161761d9,sheet1:R8,,,
54561fabdd5aeb8f-sheet1-R9,2026-03-06,daegu-city,위생정책과,미스터브리즈,대구우수식품 구매상담회 개최에 따른 다과비 지출,120000,54561fabdd5aeb8fda132ec4cbec70710411d37e0609a49011209f26161761d9,sheet1:R9,,,
54561fabdd5aeb8f-sheet1-R10,2026-03-09,daegu-city,위생정책과,더 부자백숙,지역 외식업 활성화 방안 마련을 위한 간담회 경비 지출,150000,54561fabdd5aeb8fda132ec4cbec70710411d37e0609a49011209f26161761d9,sheet1:R10,,,
54561fabdd5aeb8f-sheet1-R11,2026-03-13,daegu-city,위생정책과,회초밥일번지,대구 명품빵 활성화 사업 추진을 위한 간담회 경비 지출,300000,54561fabdd5aeb8fda132ec4cbec70710411d37e0609a49011209f26161761d9,sheet1:R11,,,
f72d22878b621afb-sheet1-R6,2026-01-07,daegu-city,상수도사업본부 동부사업소,마녀김밥 대봉점,업무협의 간담회 경비 지출,15700,f72d22878b621afb2bdabe1e15dc9a4cf46bdb5b38cb2a74bac9a21bf169f13e,sheet1:R6,,,
f72d22878b621afb-sheet1-R7,2026-01-13,daegu-city,상수도사업본부 동부사업소,스타벅스두류DT점,업무협의 간담회 경비 지출,53200,f72d22878b621afb2bdabe1e15dc9a4cf46bdb5b38cb2a74bac9a21bf169f13e,sheet1:R7,,,
f72d22878b621afb-sheet1-R8,2026-01-14,daegu-city,상수도사업본부 동부사업소,목정식당,업무협의 간담회 경비 지출,129000,f72d22878b621afb2bdabe1e15dc9a4cf46bdb5b38cb2a74bac9a21bf169f13e,sheet1:R8,,,
f72d22878b621afb-sheet1-R9,2026-01-16,daegu-city,상수도사업본부 동부사업소,뼈큰감자탕 신암점,업무협의 간담회 경비 지출,115000,f72d22878b621afb2bdabe1e15dc9a4cf46bdb5b38cb2a74bac9a21bf169f13e,sheet1:R9,,,
f72d22878b621afb-sheet1-R10,2026-01-19,daegu-city,상수도사업본부 동부사업소,"신암태양칼국수, 요거트퍼플",업무협의 간담회 경비 지출,22300,f72d22878b621afb2bdabe1e15dc9a4cf46bdb5b38cb2a74bac9a21bf169f13e,sheet1:R10,,,
f72d22878b621afb-sheet1-R11,2026-02-03,daegu-city,상수도사업본부 동부사업소,이디야커피 대구시청점,업무협의 간담회 경비 지출,12600,f72d22878b621afb2bdabe1e15dc9a4cf46bdb5b38cb2a74bac9a21bf169f13e,sheet1:R11,,,
f72d22878b621afb-sheet1-R12,2026-02-11,daegu-city,상수도사업본부 동부사업소,쿡수의신,업무협의 간담회 경비 지출,26000,f72d22878b621afb2bdabe1e15dc9a4cf46bdb5b38cb2a74bac9a21bf169f13e,sheet1:R12,,,
f72d22878b621afb-sheet1-R13,2026-03-11,daegu-city,상수도사업본부 동부사업소,"김선돼지국밥, 파스쿠찌",업무협의 간담회 경비 지출,79500,f72d22878b621afb2bdabe1e15dc9a4cf46bdb5b38cb2a74bac9a21bf169f13e,sheet1:R13,,,
6cbc50c61497f40a-sheet1-R7,2026-01-14,daegu-city,성평등가족과,마이커피컬로맨스외 1,여성단체 업무 관련 기관 간담회 경비 지출,157000,6cbc50c61497f40a6648b54d96bf6fed441fc84a3f926a882066a9140691e7f2,sheet1:R7,,,
6cbc50c61497f40a-sheet1-R8,2026-01-15,daegu-city,성평등가족과,미스터브리즈커피대구시청점,성희롱·성폭력 고충심의위원회 개최에 따른 회의비 지출,102000,6cbc50c61497f40a6648b54d96bf6fed441fc84a3f926a882066a9140691e7f2,sheet1:R8,,,
6cbc50c61497f40a-sheet1-R9,2026-01-16,daegu-city,성평등가족과,고바슨커피 동성로 아비뇽점외 1,다문화가족 업무 관련 기관 간담회 경비 지출,172900,6cbc50c61497f40a6648b54d96bf6fed441fc84a3f926a882066a9140691e7f2,sheet1:R9,,,
6cbc50c61497f40a-sheet1-R10,2026-01-21,daegu-city,성평등가족과,미스터브리즈커피대구시청점,성희롱·성폭력 고충심의위원회 개최에 따른 회의비 지출,96000,6cbc50c61497f40a6648b54d96bf6fed441fc84a3f926a882066a9140691e7f2,sheet1:R10,,,
6cbc50c61497f40a-sheet1-R11,2026-01-29,daegu-city,성평등가족과,류외 1,패밀리페스타 대구 행사관련 간담회 경비 지출,98300,6cbc50c61497f40a6648b54d96bf6fed441fc84a3f926a882066a9140691e7f2,sheet1:R11,,,
6cbc50c61497f40a-sheet1-R12,2026-01-28,daegu-city,성평등가족과,맑은기업 및 오케이마트,직원 간식비 지출,100000,6cbc50c61497f40a6648b54d96bf6fed441fc84a3f926a882066a9140691e7f2,sheet1:R12,,,
6cbc50c61497f40a-sheet1-R13,2026-02-02,daegu-city,성평등가족과,미스터브리즈커피대구시청점,2026년 제3회 대구광역시 성희롱·성폭력 고충심의위원회 개최에 필요한 다과 구입,73100,6cbc50c61497f40a6648b54d96bf6fed441fc84a3f926a882066a9140691e7f2,sheet1:R13,,,
6cbc50c61497f40a-sheet1-R14,2026-02-09,daegu-city,성평등가족과,미스터브리즈커피대구시청점,2026년 여성폭력방지위원회 회의를 위한 다과비 지출,100000,6cbc50c61497f40a6648b54d96bf6fed441fc84a3f926a882066a9140691e7f2,sheet1:R14,,,
6cbc50c61497f40a-sheet1-R15,2026-02-13,daegu-city,성평등가족과,iM 뱅크/온누리상품권,설명절 사회복지시설(성매매피해자보호시설) 위문 상품권 구입,300000,6cbc50c61497f40a6648b54d96bf6fed441fc84a3f926a882066a9140691e7f2,sheet1:R15,,,
6cbc50c61497f40a-sheet1-R16,2026-02-04,daegu-city,성평등가족과,남도횟집,직원 격려 간담회 경비 지출,200000,6cbc50c61497f40a6648b54d96bf6fed441fc84a3f926a882066a9140691e7f2,sheet1:R16,,,
6cbc50c61497f40a-sheet1-R17,2026-03-10,daegu-city,성평등가족과,이마트칠성점,부서 직원 간식 구입비 지출,97430,6cbc50c61497f40a6648b54d96bf6fed441fc84a3f926a882066a9140691e7f2,sheet1:R17,,,
6cbc50c61497f40a-sheet1-R18,2026-03-19,daegu-city,성평등가족과,장원식당(북구),여성up포럼 관계자 간담회 경비 지출,102000,6cbc50c61497f40a6648b54d96bf6fed441fc84a3f926a882066a9140691e7f2,sheet1:R18,,,
6cbc50c61497f40a-sheet1-R19,2026-03-31,daegu-city,성평등가족과,스타벅스 공평점,부서 직원 간식 구입비 지출,56100,6cbc50c61497f40a6648b54d96bf6fed441fc84a3f926a882066a9140691e7f2,sheet1:R19,,,
cead89fc372a8f86-sheet1-R4,2026-01-23,daegu-city,보도담당관,"개미분식, 까사넬로",주요시정 모니터링 관련 간담회 개최 경비 지출,134000,cead89fc372a8f861649b54bb910578dd89cabc28218918aa435a012b43f36e2,sheet1:R4,,,
cead89fc372a8f86-sheet1-R5,2026-01-27,daegu-city,보도담당관,"교동전선생, 커피빈",주요시정 모니터링 관련 간담회 개최 경비 지출,160500,cead89fc372a8f861649b54bb910578dd89cabc28218918aa435a012b43f36e2,sheet1:R5,,,
cead89fc372a8f86-sheet1-R6,2026-02-05,daegu-city,보도담당관,동문식당,주요시정 모니터링 관련 간담회 개최 경비 지출,60000,cead89fc372a8f861649b54bb910578dd89cabc28218918aa435a012b43f36e2,sheet1:R6,,,
cead89fc372a8f86-sheet1-R7,2026-02-06,daegu-city,보도담당관,낙영찜갈비,주요시정 모니터링 관련 간담회 개최 경비 지출,120000,cead89fc372a8f861649b54bb910578dd89cabc28218918aa435a012b43f36e2,sheet1:R7,,,
cead89fc372a8f86-sheet1-R8,2026-02-19,daegu-city,보도담당관,부자식당,주요시정 모니터링 관련 간담회 개최 경비 지출,46000,cead89fc372a8f861649b54bb910578dd89cabc28218918aa435a012b43f36e2,sheet1:R8,,,
cead89fc372a8f86-sheet1-R9,2026-03-06,daegu-city,보도담당관,성원정,시정현안 관련 홍보 간담회 경비 지출,105000,cead89fc372a8f861649b54bb910578dd89cabc28218918aa435a012b43f36e2,sheet1:R9,,,
bd3f4daf41e4c50d-sheet1-R4,2026-01-06,daegu-city,소방행정과,개인(성명 비공개),소속직원 경조사비 지출,50000,bd3f4daf41e4c50dbc18df6e4179190ecfaa185ccfba6279d4c4d403464c6718,sheet1:R4,,,
bd3f4daf41e4c50d-sheet1-R5,2026-01-20,daegu-city,소방행정과,대백마트,(기관) 소속 상근직원 업무 추진 격려를 위한간담회 비용 지출(수정),594000,bd3f4daf41e4c50dbc18df6e4179190ecfaa185ccfba6279d4c4d403464c6718,sheet1:R5,,,
bd3f4daf41e4c50d-sheet1-R6,2026-01-28,daegu-city,소방행정과,개인(성명 비공개),소속직원 경조사비 지출,100000,bd3f4daf41e4c50dbc18df6e4179190ecfaa185ccfba6279d4c4d403464c6718,sheet1:R6,,,
bd3f4daf41e4c50d-sheet1-R7,2026-02-13,daegu-city,소방행정과,대백마트,(기관)소속 상근직원 격려를 위한 기관운영업무추진비 지출,172000,bd3f4daf41e4c50dbc18df6e4179190ecfaa185ccfba6279d4c4d403464c6718,sheet1:R7,,,
bd3f4daf41e4c50d-sheet1-R8,2026-02-25,daegu-city,소방행정과,개인(성명 비공개),소속직원 경조사비 지출,50000,bd3f4daf41e4c50dbc18df6e4179190ecfaa185ccfba6279d4c4d403464c6718,sheet1:R8,,,
bd3f4daf41e4c50d-sheet1-R9,2026-03-10,daegu-city,소방행정과,개인(성명 비공개),소속직원 경조사비 지출,50000,bd3f4daf41e4c50dbc18df6e4179190ecfaa185ccfba6279d4c4d403464c6718,sheet1:R9,,,
bd3f4daf41e4c50d-sheet1-R10,2026-03-11,daegu-city,소방행정과,개인(성명 비공개),소속직원 경조사비 지출,50000,bd3f4daf41e4c50dbc18df6e4179190ecfaa185ccfba6279d4c4d403464c6718,sheet1:R10,,,
bd3f4daf41e4c50d-sheet1-R11,2026-03-25,daegu-city,소방행정과,개인(성명 비공개),소속직원 경조사비 지출,50000,bd3f4daf41e4c50dbc18df6e4179190ecfaa185ccfba6279d4c4d403464c6718,sheet1:R11,,,
bd3f4daf41e4c50d-sheet1-R12,2026-03-12,daegu-city,소방행정과,대구은행,2026년 상반기 직원생일기념품(온누리상품권),2740000,bd3f4daf41e4c50dbc18df6e4179190ecfaa185ccfba6279d4c4d403464c6718,sheet1:R12,,,
bd3f4daf41e4c50d-sheet1-R13,2026-02-20,daegu-city,소방행정과,청도추어탕,(시책)원활한 소방업무 추진을 위한 간담회 비용 지출,319000,bd3f4daf41e4c50dbc18df6e4179190ecfaa185ccfba6279d4c4d403464c6718,sheet1:R13,,,
bd3f4daf41e4c50d-sheet1-R14,2026-02-23,daegu-city,소방행정과,대백마트,(시책)시책추진업무추진비 지출,50760,bd3f4daf41e4c50dbc18df6e4179190ecfaa185ccfba6279d4c4d403464c6718,sheet1:R14,,,
bd3f4daf41e4c50d-sheet1-R15,2026-03-03,daegu-city,소방행정과,더순배기국밥,(시책)협력단체와 소방행정업무 추진 간담회 경비 지출,86000,bd3f4daf41e4c50dbc18df6e4179190ecfaa185ccfba6279d4c4d403464c6718,sheet1:R15,,,
bd3f4daf41e4c50d-sheet1-R16,2026-03-12,daegu-city,소방행정과,약선흑염소,(시책)의용소방대 소방기술경연대회 관련 간담회 비용지출,221000,bd3f4daf41e4c50dbc18df6e4179190ecfaa185ccfba6279d4c4d403464c6718,sheet1:R16,,,
bd3f4daf41e4c50d-sheet1-R17,2026-03-31,daegu-city,소방행정과,부천식당,(시책)봄철 화재예방 업무추진 간담회 경비지출,112000,bd3f4daf41e4c50dbc18df6e4179190ecfaa185ccfba6279d4c4d403464c6718,sheet1:R17,,,
bd3f4daf41e4c50d-sheet2-R4,2026-01-14,daegu-city,소방행정과,방천 서민회,(구조대)2026년 1월 기관운영업무추진비 지출(직원 격려),200000,bd3f4daf41e4c50dbc18df6e4179190ecfaa185ccfba6279d4c4d403464c6718,sheet2:R4,,,
bd3f4daf41e4c50d-sheet2-R5,2026-03-18,daegu-city,소방행정과,샤브20,(구조대)2026년 3월 기관운영업무추진비 지출(직원 격려),100000,bd3f4daf41e4c50dbc18df6e4179190ecfaa185ccfba6279d4c4d403464c6718,sheet2:R5,,,
bd3f4daf41e4c50d-sheet2-R6,2026-03-23,daegu-city,소방행정과,손중헌원조논메기매운탕,(구조대)2026년 3월 기관운영업무추진비 지출(직원 격려),100000,bd3f4daf41e4c50dbc18df6e4179190ecfaa185ccfba6279d4c4d403464c6718,sheet2:R6,,,
bd3f4daf41e4c50d-sheet5-R4,2026-02-12,daegu-city,소방행정과,발군의족발,(대천)2026년 2월 기관운영업무추진비 지출(소속직원 격려),300000,bd3f4daf41e4c50dbc18df6e4179190ecfaa185ccfba6279d4c4d403464c6718,sheet5:R4,,,
bd3f4daf41e4c50d-sheet7-R4,2026-02-09,daegu-city,소방행정과,바다원,[성서] 2월 소속 직원 격려를 위한 기관운영업무추진비 지출,120000,bd3f4daf41e4c50dbc18df6e4179190ecfaa185ccfba6279d4c4d403464c6718,sheet7:R4,,,
a94ff16adaba837b-sheet1-R5,2026-02-19,daegu-city,대학인재과,산,유학생 원스톱지원센터 및 한국어센터 간담회 개최 경비 지출,90000,a94ff16adaba837bfa65e80fe325fe94dcecce30e99ca786d0a352964bc3dfaa,sheet1:R5,,,
a94ff16adaba837b-sheet1-R6,2026-03-09,daegu-city,대학인재과,"유림식당, 유아이유 산격점",2026년도 평생교육이용권 지원 사업 업무 간담회 경비 지출,322700,a94ff16adaba837bfa65e80fe325fe94dcecce30e99ca786d0a352964bc3dfaa,sheet1:R6,,,
a94ff16adaba837b-sheet1-R7,2026-03-20,daegu-city,대학인재과,"영화옥, 핸즈커피 북성로",대구행복기숙사 운영 관련 간담회 경비 지출,55500,a94ff16adaba837bfa65e80fe325fe94dcecce30e99ca786d0a352964bc3dfaa,sheet1:R7,,,
efe15437b6ddd6e2-sheet1-R5,2026-02-02,daegu-city,농업기술센터,참달성농특산물쇼핑몰,설명절 직원격려품 구입,752000,efe15437b6ddd6e25c4507b166d3801cf22d0ecebc081a49851ec6347c6b1d04,sheet1:R5,,,
efe15437b6ddd6e2-sheet1-R6,2026-03-16,daegu-city,농업기술센터,개인(성명 비공개),직원 빙모상 부의금 지출,50000,efe15437b6ddd6e25c4507b166d3801cf22d0ecebc081a49851ec6347c6b1d04,sheet1:R6,,,
b8b3990d3279d5a3-sheet1-R5,2026-03-16,daegu-city,농업기술센터,개인(성명 비공개),직원 빙모상 부의금 지출,50000,b8b3990d3279d5a3db2ae8252e126d20e14f0bd4b9e9e6871a4e328d148d3f5f,sheet1:R5,,,
19bfa6367eda5620-sheet1-R6,2026-01-09,daegu-city,토지정보과,대림가든,토지정보업무 협의를 위한 간담회 경비 지출,73400,19bfa6367eda562055ddf65eaf9ddcd44291aaa39e7048ddbeea2774b1f080ff,sheet1:R6,,,
19bfa6367eda5620-sheet1-R7,2026-01-28,daegu-city,토지정보과,동대구역 황남빵,관계기관 방문을 위한 다과구입비 지출,120000,19bfa6367eda562055ddf65eaf9ddcd44291aaa39e7048ddbeea2774b1f080ff,sheet1:R7,,,
19bfa6367eda5620-sheet1-R8,2026-02-03,daegu-city,토지정보과,애슐리퀸즈,토지정보업무 협의를 위한 간담회 경비 지출,199000,19bfa6367eda562055ddf65eaf9ddcd44291aaa39e7048ddbeea2774b1f080ff,sheet1:R8,,,
19bfa6367eda5620-sheet1-R9,2026-03-05,daegu-city,토지정보과,보재기손두부,주요시책업무 추진을 위한 간담회 경비 지출,77000,19bfa6367eda562055ddf65eaf9ddcd44291aaa39e7048ddbeea2774b1f080ff,sheet1:R9,,,
19bfa6367eda5620-sheet1-R10,2026-03-13,daegu-city,토지정보과,애슐리퀸즈,토지정보업무 협의를 위한 간담회 경비 지출,139300,19bfa6367eda562055ddf65eaf9ddcd44291aaa39e7048ddbeea2774b1f080ff,sheet1:R10,,,
2d2bd22c3388c96c-sheet1-R6,2026-01-12,daegu-city,공항도시과,해초섬,K-2 종전부지 개발 사업비 및 분양수입 관련 전문가 자문을 위한 간담회 경비 지출,80000,2d2bd22c3388c96c292f4e3fc5e1bed291acb0740eb85c7ff3657a1550caeb25,sheet1:R6,,,
2d2bd22c3388c96c-sheet1-R7,2026-03-17,daegu-city,공항도시과,방어진 범어점,신공항도시 조성 업무 추진을 위한 간담회 경비 지출,450000,2d2bd22c3388c96c292f4e3fc5e1bed291acb0740eb85c7ff3657a1550caeb25,sheet1:R7,,,
e51bfcde847334e4-sheet1-R5,2026-01-09,daegu-city,강북소방서,한산도회초밥,(시책)소방행정 현안업무 추진 협조를 위한 경비 지출,300000,e51bfcde847334e44bef500f770a383fb79df07e5806ffcfdbd4485757b455ce,sheet1:R5,,,
e51bfcde847334e4-sheet1-R6,2026-01-29,daegu-city,강북소방서,하늘미가칠곡점,(시책)소방행정 현안업무 추진 협조를 위한 경비 지출,300000,e51bfcde847334e44bef500f770a383fb79df07e5806ffcfdbd4485757b455ce,sheet1:R6,,,
e51bfcde847334e4-sheet1-R7,2026-03-06,daegu-city,강북소방서,오늘잡은소,(시책)봄철 화재예방 업무추진 간담회 경비 지출,300000,e51bfcde847334e44bef500f770a383fb79df07e5806ffcfdbd4485757b455ce,sheet1:R7,,,
e51bfcde847334e4-sheet1-R8,2026-01-07,daegu-city,강북소방서,개인(성명 비공개),기관운영업무추진비 지출 소방교 이종득 본인결혼,50000,e51bfcde847334e44bef500f770a383fb79df07e5806ffcfdbd4485757b455ce,sheet1:R8,,,
e51bfcde847334e4-sheet1-R9,2026-01-20,daegu-city,강북소방서,복터진집 대구북구점,(기관) 소방 현안업무 추진 간담회 비용 지출,161100,e51bfcde847334e44bef500f770a383fb79df07e5806ffcfdbd4485757b455ce,sheet1:R9,,,
e51bfcde847334e4-sheet1-R10,2026-01-23,daegu-city,강북소방서,대구화혜유통,(기관)대구소년원장 취임에 따른 화환 구입,100000,e51bfcde847334e44bef500f770a383fb79df07e5806ffcfdbd4485757b455ce,sheet1:R10,,,
e51bfcde847334e4-sheet1-R11,2026-01-26,daegu-city,강북소방서,개인(성명 비공개),기관운영업무추진비 지출 소방경 지태곤 장모별세,50000,e51bfcde847334e44bef500f770a383fb79df07e5806ffcfdbd4485757b455ce,sheet1:R11,,,
e51bfcde847334e4-sheet1-R12,2026-01-28,daegu-city,강북소방서,개인(성명 비공개),기관운영업무추진비 지출 소방경 홍성만 장인별세,50000,e51bfcde847334e44bef500f770a383fb79df07e5806ffcfdbd4485757b455ce,sheet1:R12,,,
e51bfcde847334e4-sheet1-R13,2026-02-06,daegu-city,강북소방서,애가남원추어탕,2026년 소방업무 추진계획 보고회 오찬 경비 지출,290000,e51bfcde847334e44bef500f770a383fb79df07e5806ffcfdbd4485757b455ce,sheet1:R13,,,
e51bfcde847334e4-sheet1-R14,2026-02-10,daegu-city,강북소방서,빅마트외 1,부속실 운영 물품(차류 등) 구입,126430,e51bfcde847334e44bef500f770a383fb79df07e5806ffcfdbd4485757b455ce,sheet1:R14,,,
e51bfcde847334e4-sheet1-R15,2026-02-19,daegu-city,강북소방서,개인(성명 비공개),기관운영업무추진비 지출 소방경 김인한 장모별세,50000,e51bfcde847334e44bef500f770a383fb79df07e5806ffcfdbd4485757b455ce,sheet1:R15,,,
e51bfcde847334e4-sheet1-R16,2026-03-01,daegu-city,강북소방서,개인(성명 비공개),기관운영업무추진비 지출 소방령 김재영 자녀결혼,50000,e51bfcde847334e44bef500f770a383fb79df07e5806ffcfdbd4485757b455ce,sheet1:R16,,,
e51bfcde847334e4-sheet1-R17,2026-03-04,daegu-city,강북소방서,개인(성명 비공개),기관운영업무추진비 지출 소방교 박지훈 본인결혼,50000,e51bfcde847334e44bef500f770a383fb79df07e5806ffcfdbd4485757b455ce,sheet1:R17,,,
e51bfcde847334e4-sheet1-R18,2026-03-12,daegu-city,강북소방서,이상희외 2명,기관운영업무추진비 지출 소방사 이상희 외 2명 본인결혼,150000,e51bfcde847334e44bef500f770a383fb79df07e5806ffcfdbd4485757b455ce,sheet1:R18,,,
e51bfcde847334e4-sheet1-R19,2026-03-19,daegu-city,강북소방서,신해수외 1,기관운영업무추진비 지출 소방위 신해수 자녀결혼 외 1건,100000,e51bfcde847334e44bef500f770a383fb79df07e5806ffcfdbd4485757b455ce,sheet1:R19,,,
e51bfcde847334e4-sheet1-R20,2026-03-29,daegu-city,강북소방서,개인(성명 비공개),기관운영업무추진비 지출 소방교 정현우 본인결혼,50000,e51bfcde847334e44bef500f770a383fb79df07e5806ffcfdbd4485757b455ce,sheet1:R20,,,
e51bfcde847334e4-sheet2-R5,2026-01-08,daegu-city,강북소방서,K-마트,기관운영업무추진비(소속직원 격려물품)(군위출장소),176000,e51bfcde847334e44bef500f770a383fb79df07e5806ffcfdbd4485757b455ce,sheet2:R5,,,
e51bfcde847334e4-sheet2-R6,2026-01-19,daegu-city,강북소방서,일미정,기관운영업무추진비(유관기관 업무협조)(군위출장소),315000,e51bfcde847334e44bef500f770a383fb79df07e5806ffcfdbd4485757b455ce,sheet2:R6,,,
e51bfcde847334e4-sheet2-R7,2026-01-21,daegu-city,강북소방서,대백마트서변시장점,기관운영업무추진비(내방객 제공하는 음료 등)(무태),96070,e51bfcde847334e44bef500f770a383fb79df07e5806ffcfdbd4485757b455ce,sheet2:R7,,,
e51bfcde847334e4-sheet2-R8,2026-01-28,daegu-city,강북소방서,복터진집 대구북구점,기관운영업무추진비(소속직원 격려)(구급대),80000,e51bfcde847334e44bef500f770a383fb79df07e5806ffcfdbd4485757b455ce,sheet2:R8,,,
e51bfcde847334e4-sheet2-R9,2026-01-30,daegu-city,강북소방서,피자몰 홈플러스 칠곡점,기관운영업무추진비(소속직원 격려)(구암),54950,e51bfcde847334e44bef500f770a383fb79df07e5806ffcfdbd4485757b455ce,sheet2:R9,,,
e51bfcde847334e4-sheet2-R10,2026-02-02,daegu-city,강북소방서,청호회가든,기관운영업무추진비(소속직원 격려) 지출(군위),165000,e51bfcde847334e44bef500f770a383fb79df07e5806ffcfdbd4485757b455ce,sheet2:R10,,,
e51bfcde847334e4-sheet2-R11,2026-02-02,daegu-city,강북소방서,방천가족족발 칠곡점,기관운영업무추진비(소속직원 격려)(군위구조대),100000,e51bfcde847334e44bef500f770a383fb79df07e5806ffcfdbd4485757b455ce,sheet2:R11,,,
e51bfcde847334e4-sheet2-R12,2026-02-04,daegu-city,강북소방서,정애,기관운영업무추진비(소속직원 격려) 지출(태전),100000,e51bfcde847334e44bef500f770a383fb79df07e5806ffcfdbd4485757b455ce,sheet2:R12,,,
e51bfcde847334e4-sheet2-R13,2026-02-11,daegu-city,강북소방서,군위농협서부지점,기관운영업무추진비(소속직원 격려)(군위구조대),128000,e51bfcde847334e44bef500f770a383fb79df07e5806ffcfdbd4485757b455ce,sheet2:R13,,,
e51bfcde847334e4-sheet2-R14,2026-02-19,daegu-city,강북소방서,고기굽는남자 칠곡3지구점,기관운영업무추진비(소속직원 격려)(군위구조대),100000,e51bfcde847334e44bef500f770a383fb79df07e5806ffcfdbd4485757b455ce,sheet2:R14,,,
e51bfcde847334e4-sheet2-R15,2026-02-19,daegu-city,강북소방서,개인(성명 비공개),기관운영업무추진비 지출,100000,e51bfcde847334e44bef500f770a383fb79df07e5806ffcfdbd4485757b455ce,sheet2:R15,,,
e51bfcde847334e4-sheet2-R16,2026-02-20,daegu-city,강북소방서,만물식당,기관운영업무추진비(유관기관 업무협조)(군위출장소),56000,e51bfcde847334e44bef500f770a383fb79df07e5806ffcfdbd4485757b455ce,sheet2:R16,,,
e51bfcde847334e4-sheet2-R17,2026-02-23,daegu-city,강북소방서,정애,기관운영업무추진비(소속직원 격려) 지출(태전),100000,e51bfcde847334e44bef500f770a383fb79df07e5806ffcfdbd4485757b455ce,sheet2:R17,,,
e51bfcde847334e4-sheet2-R18,2026-02-24,daegu-city,강북소방서,연하식당,기관운영업무추진비(유관기관 업무협조)(의흥),100000,e51bfcde847334e44bef500f770a383fb79df07e5806ffcfdbd4485757b455ce,sheet2:R18,,,
e51bfcde847334e4-sheet2-R19,2026-02-24,daegu-city,강북소방서,봄봄 읍내점,기관운영업무추진비(소속직원 격려)(구암),150000,e51bfcde847334e44bef500f770a383fb79df07e5806ffcfdbd4485757b455ce,sheet2:R19,,,
e51bfcde847334e4-sheet2-R20,2026-02-27,daegu-city,강북소방서,채미정,기관운영업무추진비(소속직원 격려)(군위구조대),100000,e51bfcde847334e44bef500f770a383fb79df07e5806ffcfdbd4485757b455ce,sheet2:R20,,,
e51bfcde847334e4-sheet2-R21,2026-03-05,daegu-city,강북소방서,박지훈외 1,기관운영업무추진비 지출,100000,e51bfcde847334e44bef500f770a383fb79df07e5806ffcfdbd4485757b455ce,sheet2:R21,,,
e51bfcde847334e4-sheet2-R22,2026-03-12,daegu-city,강북소방서,기와집전통손칼국시,기관운영업무추진비(소속직원 격려)(구조대),184000,e51bfcde847334e44bef500f770a383fb79df07e5806ffcfdbd4485757b455ce,sheet2:R22,,,
e51bfcde847334e4-sheet2-R23,2026-03-12,daegu-city,강북소방서,개인(성명 비공개),기관운영업무추진비 지출,50000,e51bfcde847334e44bef500f770a383fb79df07e5806ffcfdbd4485757b455ce,sheet2:R23,,,
e51bfcde847334e4-sheet2-R24,2026-03-19,daegu-city,강북소방서,개인(성명 비공개),기관운영업무추진비 지출,50000,e51bfcde847334e44bef500f770a383fb79df07e5806ffcfdbd4485757b455ce,sheet2:R24,,,
e51bfcde847334e4-sheet2-R25,2026-03-20,daegu-city,강북소방서,윤훈식농가쌈밥군위점,기관운영업무추진비(유관기관 업무협조)(군위),60000,e51bfcde847334e44bef500f770a383fb79df07e5806ffcfdbd4485757b455ce,sheet2:R25,,,
e51bfcde847334e4-sheet2-R26,2026-03-25,daegu-city,강북소방서,일미정,기관운영업무추진비(유관기관 업무협조)(군위출장소),480000,e51bfcde847334e44bef500f770a383fb79df07e5806ffcfdbd4485757b455ce,sheet2:R26,,,
93e94b504acda8f5-sheet1-R6,2026-01-05,daegu-city,앞산공원관리소,쿠팡(주),직원 격려 커피 구입,51200,93e94b504acda8f56652ce5545628695e1f58294531782f5d460fc3c876f88a6,sheet1:R6,,,
93e94b504acda8f5-sheet1-R7,2026-01-06,daegu-city,앞산공원관리소,육솔촌돼지찌개,직원 격려 간담회 개최(앞산공원관리소),249500,93e94b504acda8f56652ce5545628695e1f58294531782f5d460fc3c876f88a6,sheet1:R7,,,
93e94b504acda8f5-sheet1-R8,2026-01-07,daegu-city,앞산공원관리소,복호두 월성점,직원 격려 간식 구입,31000,93e94b504acda8f56652ce5545628695e1f58294531782f5d460fc3c876f88a6,sheet1:R8,,,
93e94b504acda8f5-sheet1-R9,2026-01-08,daegu-city,앞산공원관리소,장가손떡&영양밥,직원 격려 간식 구입(앞산공원관리소),133000,93e94b504acda8f56652ce5545628695e1f58294531782f5d460fc3c876f88a6,sheet1:R9,,,
93e94b504acda8f5-sheet1-R10,2026-01-08,daegu-city,앞산공원관리소,제임스떡방,직원 격려 다과 구입(달성공원관리소),151500,93e94b504acda8f56652ce5545628695e1f58294531782f5d460fc3c876f88a6,sheet1:R10,,,
93e94b504acda8f5-sheet1-R11,2026-01-08,daegu-city,앞산공원관리소,육솔촌돼지찌개,직원 격려 간담회 개최(앞산공원관리소),200000,93e94b504acda8f56652ce5545628695e1f58294531782f5d460fc3c876f88a6,sheet1:R11,,,
93e94b504acda8f5-sheet1-R12,2026-01-08,daegu-city,앞산공원관리소,코코호도(광장점)외 1,"직원 격려 간식 구입비 지출(두류공원관리소,1/14 카드사용)",152000,93e94b504acda8f56652ce5545628695e1f58294531782f5d460fc3c876f88a6,sheet1:R12,,,
93e94b504acda8f5-sheet1-R13,2026-01-09,daegu-city,앞산공원관리소,호두가(신월성점),"직원 격려 간식 구입(수목원관리소,사용일:01/09)(수정)",80000,93e94b504acda8f56652ce5545628695e1f58294531782f5d460fc3c876f88a6,sheet1:R13,,,
93e94b504acda8f5-sheet1-R14,2026-01-12,daegu-city,앞산공원관리소,취란,업무 협의 간담회 경비 지출(달성습지관리소),198000,93e94b504acda8f56652ce5545628695e1f58294531782f5d460fc3c876f88a6,sheet1:R14,,,
93e94b504acda8f5-sheet1-R15,2026-01-15,daegu-city,앞산공원관리소,이디야 대구월광수변공원점외 1,"직원 사기양양을 위한 식사 비용 지출(달성습지관리소, 1. 19.사용)",215700,93e94b504acda8f56652ce5545628695e1f58294531782f5d460fc3c876f88a6,sheet1:R15,,,
93e94b504acda8f5-sheet1-R16,2026-01-19,daegu-city,앞산공원관리소,쿠팡,"직원 격려 커피 구입(두류공원관리소,1/19 카드사용)",84490,93e94b504acda8f56652ce5545628695e1f58294531782f5d460fc3c876f88a6,sheet1:R16,,,
93e94b504acda8f5-sheet1-R17,2026-01-20,daegu-city,앞산공원관리소,외가집,직원 격려 식사비 지출(달성공원관리소),90000,93e94b504acda8f56652ce5545628695e1f58294531782f5d460fc3c876f88a6,sheet1:R17,,,
93e94b504acda8f5-sheet1-R18,2026-01-21,daegu-city,앞산공원관리소,영천육회전문점,간담회 경비 지출(도시공원관리부),180000,93e94b504acda8f56652ce5545628695e1f58294531782f5d460fc3c876f88a6,sheet1:R18,,,
93e94b504acda8f5-sheet1-R19,2026-01-26,daegu-city,앞산공원관리소,투썸플레이스 군위서부네거리점외 1,수목원관리소 시책 업무 협의 간담회 경비 지출(수정),129900,93e94b504acda8f56652ce5545628695e1f58294531782f5d460fc3c876f88a6,sheet1:R19,,,
93e94b504acda8f5-sheet1-R20,2026-01-28,daegu-city,앞산공원관리소,대백마트(남구청점),직원 격려 간식 구입(앞산공원관리소),19000,93e94b504acda8f56652ce5545628695e1f58294531782f5d460fc3c876f88a6,sheet1:R20,,,
93e94b504acda8f5-sheet1-R21,2026-01-30,daegu-city,앞산공원관리소,네이버파이낸셜(주),직원 격려 간식 구입(커피)(앞산공원관리소),39400,93e94b504acda8f56652ce5545628695e1f58294531782f5d460fc3c876f88a6,sheet1:R21,,,
93e94b504acda8f5-sheet1-R22,2026-02-02,daegu-city,앞산공원관리소,이디야커피 앞산순환로점,직원 격려 간식 구입(앞산공원관리소),56700,93e94b504acda8f56652ce5545628695e1f58294531782f5d460fc3c876f88a6,sheet1:R22,,,
93e94b504acda8f5-sheet1-R23,2026-02-03,daegu-city,앞산공원관리소,(주)장보고식자재마트(진천점),"직원 사기 양양을 위한 간식 구매(수목원관리소, 사용일:2/3)",28700,93e94b504acda8f56652ce5545628695e1f58294531782f5d460fc3c876f88a6,sheet1:R23,,,
93e94b504acda8f5-sheet1-R24,2026-02-03,daegu-city,앞산공원관리소,홈플러스(주)남대구점,두류공원 기간제근로자 채용 면접 대기실 비치용 다과 구입(2.3 사용),72460,93e94b504acda8f56652ce5545628695e1f58294531782f5d460fc3c876f88a6,sheet1:R24,,,
93e94b504acda8f5-sheet1-R25,2026-02-03,daegu-city,앞산공원관리소,스타벅스 코리아외 1,2026년 설맞이 전통시장 장보기 행사 직원 식사비 지출(두류공원관리소),178900,93e94b504acda8f56652ce5545628695e1f58294531782f5d460fc3c876f88a6,sheet1:R25,,,
93e94b504acda8f5-sheet1-R26,2026-02-03,daegu-city,앞산공원관리소,오마모리외 1,"직원 사기양양을 위한 식사 비용 지출(달성습지관리소, 2/5. 사용)",159500,93e94b504acda8f56652ce5545628695e1f58294531782f5d460fc3c876f88a6,sheet1:R26,,,
93e94b504acda8f5-sheet1-R27,2026-02-04,daegu-city,앞산공원관리소,롯데쇼핑(주)롯데슈퍼수성점,직원 격려 간식 구입(앞산공원관리소),96300,93e94b504acda8f56652ce5545628695e1f58294531782f5d460fc3c876f88a6,sheet1:R27,,,
93e94b504acda8f5-sheet1-R28,2026-02-05,daegu-city,앞산공원관리소,메밀본가엄마손메밀묵칼국수,수목원관리소 시책 업무 협의 간담회 경비 지출,150000,93e94b504acda8f56652ce5545628695e1f58294531782f5d460fc3c876f88a6,sheet1:R28,,,
93e94b504acda8f5-sheet1-R29,2026-02-06,daegu-city,앞산공원관리소,대림가든,간담회 경비 지출(달성공원관리소)(02.06.사용),120000,93e94b504acda8f56652ce5545628695e1f58294531782f5d460fc3c876f88a6,sheet1:R29,,,
93e94b504acda8f5-sheet1-R30,2026-02-05,daegu-city,앞산공원관리소,호어모아,도시공원관리부 시책 업무 협의 간담회 경비 지출(본부장),177000,93e94b504acda8f56652ce5545628695e1f58294531782f5d460fc3c876f88a6,sheet1:R30,,,
93e94b504acda8f5-sheet1-R31,2026-02-05,daegu-city,앞산공원관리소,날마다복(두류점),두류공원 조경지 및 수목관리 기간제근로자 채용 면접심사 관계자 간담회 경비 지출(2.6 .카드),80000,93e94b504acda8f56652ce5545628695e1f58294531782f5d460fc3c876f88a6,sheet1:R31,,,
93e94b504acda8f5-sheet1-R32,2026-02-09,daegu-city,앞산공원관리소,쿠팡(주),"설 연휴 근무자 부식 구입(달성공원관리소, 02.09.사용)",194360,93e94b504acda8f56652ce5545628695e1f58294531782f5d460fc3c876f88a6,sheet1:R32,,,
93e94b504acda8f5-sheet1-R33,2026-02-09,daegu-city,앞산공원관리소,홈플러스(주)남대구점외 1,2026년 설 근무자를 위한 부식 구입(두류공원관리소),348760,93e94b504acda8f56652ce5545628695e1f58294531782f5d460fc3c876f88a6,sheet1:R33,,,
93e94b504acda8f5-sheet1-R34,2026-02-10,daegu-city,앞산공원관리소,섹시한떡볶이외 3,2026년 설맞이 전통시장 장보기 행사 직원 식사비 지출(앞산공원관리소),96500,93e94b504acda8f56652ce5545628695e1f58294531782f5d460fc3c876f88a6,sheet1:R34,,,
93e94b504acda8f5-sheet1-R35,2026-02-10,daegu-city,앞산공원관리소,대구추어탕,"직원 격려 경비 지출(달성공원관리소, 02.10.사용)",60000,93e94b504acda8f56652ce5545628695e1f58294531782f5d460fc3c876f88a6,sheet1:R35,,,
93e94b504acda8f5-sheet1-R36,2026-02-11,daegu-city,앞산공원관리소,명보떡집외 3,2026년 설맞이 전통시장 장보기 행사 기념 직원 식사비 및 다과비 지출(수목원관리소),232000,93e94b504acda8f56652ce5545628695e1f58294531782f5d460fc3c876f88a6,sheet1:R36,,,
93e94b504acda8f5-sheet1-R37,2026-02-11,daegu-city,앞산공원관리소,남도명가,2026년 두류공원 가로 및 화장실 청소 기간제근로자 채용 면접심사 관계자 간담회 경비 지출,160000,93e94b504acda8f56652ce5545628695e1f58294531782f5d460fc3c876f88a6,sheet1:R37,,,
93e94b504acda8f5-sheet1-R38,2026-02-12,daegu-city,앞산공원관리소,읍내,시책 업무 추진 간담회 경비 지출(도시공원관리부),140000,93e94b504acda8f56652ce5545628695e1f58294531782f5d460fc3c876f88a6,sheet1:R38,,,
93e94b504acda8f5-sheet1-R39,2026-02-13,daegu-city,앞산공원관리소,롯데쇼핑(주)롯데슈퍼수성점,설 연휴 근무자 식량 구입(앞산공원관리소),30130,93e94b504acda8f56652ce5545628695e1f58294531782f5d460fc3c876f88a6,sheet1:R39,,,
93e94b504acda8f5-sheet1-R40,2026-02-13,daegu-city,앞산공원관리소,천연애성서점,시책 업무 추진 간담회 경비 지출(앞산공원관리소),150000,93e94b504acda8f56652ce5545628695e1f58294531782f5d460fc3c876f88a6,sheet1:R40,,,
93e94b504acda8f5-sheet1-R41,2026-02-23,daegu-city,앞산공원관리소,호박 포차,"수목원식물원협회 업무 협의 간담회 경비 지출(2.13, 수목원)",160000,93e94b504acda8f56652ce5545628695e1f58294531782f5d460fc3c876f88a6,sheet1:R41,,,
93e94b504acda8f5-sheet1-R42,2026-02-24,daegu-city,앞산공원관리소,웰빙두부전문점(순수),직원 격려 간담회 개최(앞산공원관리소),185000,93e94b504acda8f56652ce5545628695e1f58294531782f5d460fc3c876f88a6,sheet1:R42,,,
93e94b504acda8f5-sheet1-R43,2026-02-25,daegu-city,앞산공원관리소,장모님김밥,새벽 제설작업 직원 급식 구입(앞산공원관리소),75000,93e94b504acda8f56652ce5545628695e1f58294531782f5d460fc3c876f88a6,sheet1:R43,,,
93e94b504acda8f5-sheet1-R44,2026-02-25,daegu-city,앞산공원관리소,새산호복어,"업무 협의 간담회 경비 지출(달성습지관리소,사용일2/27)",136000,93e94b504acda8f56652ce5545628695e1f58294531782f5d460fc3c876f88a6,sheet1:R44,,,
93e94b504acda8f5-sheet1-R45,2026-02-27,daegu-city,앞산공원관리소,(주)장보고식자재마트(진천점),직원 사기 양양을 위한 간식 구매(수목원관리소),48500,93e94b504acda8f56652ce5545628695e1f58294531782f5d460fc3c876f88a6,sheet1:R45,,,
93e94b504acda8f5-sheet1-R46,2026-03-09,daegu-city,앞산공원관리소,네이버파이낸셜(주),직원 간식용 차 구매(수목원관리소),25000,93e94b504acda8f56652ce5545628695e1f58294531782f5d460fc3c876f88a6,sheet1:R46,,,
93e94b504acda8f5-sheet1-R47,2026-03-10,daegu-city,앞산공원관리소,롯데쇼핑(주)롯데슈퍼수성점,직원 격려 간식 구입(앞산공원관리소),149680,93e94b504acda8f56652ce5545628695e1f58294531782f5d460fc3c876f88a6,sheet1:R47,,,
93e94b504acda8f5-sheet1-R48,2026-03-11,daegu-city,앞산공원관리소,멘타와이,"직원 격려 경비 지출(달성공원관리소, 3.12. 사용)",88500,93e94b504acda8f56652ce5545628695e1f58294531782f5d460fc3c876f88a6,sheet1:R48,,,
93e94b504acda8f5-sheet1-R49,2026-03-11,daegu-city,앞산공원관리소,대성웰빙식당,간담회 경비 지출(달성공원관리소),100000,93e94b504acda8f56652ce5545628695e1f58294531782f5d460fc3c876f88a6,sheet1:R49,,,
93e94b504acda8f5-sheet1-R50,2026-03-12,daegu-city,앞산공원관리소,쿠팡(주),"직원 격려 다과 구입(달성공원관리소, 3.12. 사용)",309970,93e94b504acda8f56652ce5545628695e1f58294531782f5d460fc3c876f88a6,sheet1:R50,,,
93e94b504acda8f5-sheet1-R51,2026-03-17,daegu-city,앞산공원관리소,이디야 대구월광수변공원점외 1,수목원관리소 시책 업무 협의 간담회 경비 지출,112000,93e94b504acda8f56652ce5545628695e1f58294531782f5d460fc3c876f88a6,sheet1:R51,,,
93e94b504acda8f5-sheet1-R52,2026-03-23,daegu-city,앞산공원관리소,에스파스,"동물원 이전 관련 간담회 경비 지출(달성공원, 사용일자 : 3.23.)",95000,93e94b504acda8f56652ce5545628695e1f58294531782f5d460fc3c876f88a6,sheet1:R52,,,
35f0f38cb6c7462e-sheet1-R5,2026-01-21,daegu-city,도시균형개발과,삼송빵집,주요 현안업무 추진을 위한 간담회 경비 지출,70200,35f0f38cb6c7462ee69c1211cf22729ea3d136f9a837809de204a6a6724f4716,sheet1:R5,,,
35f0f38cb6c7462e-sheet1-R6,2026-02-05,daegu-city,도시균형개발과,황태골,주요 현안업무 추진을 위한 간담회 경비 지출,253000,35f0f38cb6c7462ee69c1211cf22729ea3d136f9a837809de204a6a6724f4716,sheet1:R6,,,
35f0f38cb6c7462e-sheet1-R7,2026-02-13,daegu-city,도시균형개발과,토담,지역건설산업 활성화 방안 모색을 위한 간담회 경비 지출,240000,35f0f38cb6c7462ee69c1211cf22729ea3d136f9a837809de204a6a6724f4716,sheet1:R7,,,
35f0f38cb6c7462e-sheet1-R8,2026-03-23,daegu-city,도시균형개발과,유가정,주요 현안업무 추진을 위한 간담회 경비 지출,160000,35f0f38cb6c7462ee69c1211cf22729ea3d136f9a837809de204a6a6724f4716,sheet1:R8,,,
35f0f38cb6c7462e-sheet1-R9,2026-03-24,daegu-city,도시균형개발과,낙영찜갈비,주요 현안업무 추진을 위한 간담회 경비 지출,100000,35f0f38cb6c7462ee69c1211cf22729ea3d136f9a837809de204a6a6724f4716,sheet1:R9,,,
7284920ecb1bb39a-sheet1-R5,2026-01-22,daegu-city,소통민원과,미스터브리즈커피 외 1,종합민원실 기간제근로자 채용 면접 심사를 위한 다과구입,19840,7284920ecb1bb39aa702d9a92161e66b402b4a40130bd543066c3cbe809e36a6,sheet1:R5,,,
7284920ecb1bb39a-sheet1-R6,2026-02-24,daegu-city,소통민원과,미스터브리즈커피,2026년 제1차 갈등관리심의위원회 다과비 지출,350000,7284920ecb1bb39aa702d9a92161e66b402b4a40130bd543066c3cbe809e36a6,sheet1:R6,,,
7284920ecb1bb39a-sheet1-R7,2026-03-19,daegu-city,소통민원과,캐스트커피오피스,2026년 제2차 청원심의회 다과 구입비 지출,50000,7284920ecb1bb39aa702d9a92161e66b402b4a40130bd543066c3cbe809e36a6,sheet1:R7,,,
f9f137755099836a-sheet1-R5,2026-01-15,daegu-city,세정담당관,봉산동생고기집,리스·렌트차량 등록 유치관련 기업관계자 간담회비 지출,227000,f9f137755099836a8c4c05cf799f8f8d4ba70f99db99d14a929ed59002ad896f,sheet1:R5,,,
f9f137755099836a-sheet1-R6,2026-01-16,daegu-city,세정담당관,대구해물탕,리스·렌트차량 등록 유치관련 자동차등록 업무관계자 간담회비 지출,117000,f9f137755099836a8c4c05cf799f8f8d4ba70f99db99d14a929ed59002ad896f,sheet1:R6,,,
f9f137755099836a-sheet1-R7,2026-01-28,daegu-city,세정담당관,주문진 바다식탁,리스·렌트차량 대구 등록유치관련 기업관계자 간담회비 지출,153600,f9f137755099836a8c4c05cf799f8f8d4ba70f99db99d14a929ed59002ad896f,sheet1:R7,,,
f9f137755099836a-sheet1-R8,2026-02-02,daegu-city,세정담당관,상구네돼지구이,리스·렌트차량 대구 등록유치관련 기업관계자 간담회비 지출,329800,f9f137755099836a8c4c05cf799f8f8d4ba70f99db99d14a929ed59002ad896f,sheet1:R8,,,
f9f137755099836a-sheet1-R9,2026-02-03,daegu-city,세정담당관,오봉집,지방세 세무조사 법인선정 합동작업에 따른 간담회비 지출,303300,f9f137755099836a8c4c05cf799f8f8d4ba70f99db99d14a929ed59002ad896f,sheet1:R9,,,
f9f137755099836a-sheet1-R10,2026-02-10,daegu-city,세정담당관,오름,"2026년 지방세정 운영관련 시, 구·군 과장 회의 개최에 따른 간담회비 지출",756000,f9f137755099836a8c4c05cf799f8f8d4ba70f99db99d14a929ed59002ad896f,sheet1:R10,,,
f9f137755099836a-sheet1-R11,2026-02-25,daegu-city,세정담당관,교동면옥,「2026년 지방세 실무」 교육에 따른 간담회비 지출,62000,f9f137755099836a8c4c05cf799f8f8d4ba70f99db99d14a929ed59002ad896f,sheet1:R11,,,
f9f137755099836a-sheet1-R12,2026-02-26,daegu-city,세정담당관,이브닝글로우,지능형자동차부품진흥원 관련 업무협의에 따른 간담회비 지출,40600,f9f137755099836a8c4c05cf799f8f8d4ba70f99db99d14a929ed59002ad896f,sheet1:R12,,,
f9f137755099836a-sheet1-R13,2026-03-04,daegu-city,세정담당관,낙칼,지방세정 업무협의 관련 간담회비 지출,180360,f9f137755099836a8c4c05cf799f8f8d4ba70f99db99d14a929ed59002ad896f,sheet1:R13,,,
f9f137755099836a-sheet1-R14,2026-03-04,daegu-city,세정담당관,날칼,2026년 제1차 체납정리분야 워크숍 개최에 따른 간담회비 지출,330000,f9f137755099836a8c4c05cf799f8f8d4ba70f99db99d14a929ed59002ad896f,sheet1:R14,,,
f9f137755099836a-sheet1-R15,2026-03-06,daegu-city,세정담당관,봉산동생고기집,2026년 지방세입(재산세 및 과세표준 분야) 워크숍 개최에 따른 간담회비 지출,241500,f9f137755099836a8c4c05cf799f8f8d4ba70f99db99d14a929ed59002ad896f,sheet1:R15,,,
47ea75f5f50ab767-sheet1-R3,2026-01-08,daegu-city,상수도사업본부 문산정수사업소,성은묵은지닭전골,직원격려 간담회 경비 지출,217000,47ea75f5f50ab7677ffd398a9cf92247697f6c8ae24b678c2531eb8aa2c05207,sheet1:R3,,,
47ea75f5f50ab767-sheet1-R4,2026-01-22,daegu-city,상수도사업본부 문산정수사업소,사운즈커피미니다사점,내빈 접대용 다과 구입,25900,47ea75f5f50ab7677ffd398a9cf92247697f6c8ae24b678c2531eb8aa2c05207,sheet1:R4,,,
47ea75f5f50ab767-sheet1-R5,2026-01-23,daegu-city,상수도사업본부 문산정수사업소,일품대패,업무협의 간담회 경비 지출,113200,47ea75f5f50ab7677ffd398a9cf92247697f6c8ae24b678c2531eb8aa2c05207,sheet1:R5,,,
47ea75f5f50ab767-sheet1-R6,2026-01-28,daegu-city,상수도사업본부 문산정수사업소,조개2102,업무협의 간담회 경비 지출,131000,47ea75f5f50ab7677ffd398a9cf92247697f6c8ae24b678c2531eb8aa2c05207,sheet1:R6,,,
47ea75f5f50ab767-sheet1-R7,2026-02-04,daegu-city,상수도사업본부 문산정수사업소,부경돼지국밥,설명절 급수대책 관련 간담회 개최,54000,47ea75f5f50ab7677ffd398a9cf92247697f6c8ae24b678c2531eb8aa2c05207,sheet1:R7,,,
47ea75f5f50ab767-sheet1-R8,2026-02-06,daegu-city,상수도사업본부 문산정수사업소,방천가족족발,업무협의 간담회 경비 지출,75000,47ea75f5f50ab7677ffd398a9cf92247697f6c8ae24b678c2531eb8aa2c05207,sheet1:R8,,,
47ea75f5f50ab767-sheet1-R9,2026-02-12,daegu-city,상수도사업본부 문산정수사업소,카르멜,업무협의 간담회 경비 지출,25700,47ea75f5f50ab7677ffd398a9cf92247697f6c8ae24b678c2531eb8aa2c05207,sheet1:R9,,,
47ea75f5f50ab767-sheet1-R10,2026-02-12,daegu-city,상수도사업본부 문산정수사업소,성은누룽지백숙,업무협의 간담회 경비 지출,68000,47ea75f5f50ab7677ffd398a9cf92247697f6c8ae24b678c2531eb8aa2c05207,sheet1:R10,,,
46eabd51cf9e671b-sheet1-R6,2026-01-19,daegu-city,차량등록사업소,개인(성명 비공개),경조사비 지출,50000,46eabd51cf9e671b00b1d3776396ca0d70d63e6bfca5f0bda4dfeebf8b0f811a,sheet1:R6,,,
46eabd51cf9e671b-sheet1-R7,2026-01-26,daegu-city,차량등록사업소,요리성,공무직(청소원) 격려 간담회 경비 지출,117000,46eabd51cf9e671b00b1d3776396ca0d70d63e6bfca5f0bda4dfeebf8b0f811a,sheet1:R7,,,
46eabd51cf9e671b-sheet1-R8,2026-03-09,daegu-city,차량등록사업소,개인(성명 비공개),경조사비 지출,50000,46eabd51cf9e671b00b1d3776396ca0d70d63e6bfca5f0bda4dfeebf8b0f811a,sheet1:R8,,,
46eabd51cf9e671b-sheet1-R9,2026-03-11,daegu-city,차량등록사업소,부림산채,직원 격려 간담회 경비 지출,232000,46eabd51cf9e671b00b1d3776396ca0d70d63e6bfca5f0bda4dfeebf8b0f811a,sheet1:R9,,,
46eabd51cf9e671b-sheet1-R10,2026-03-17,daegu-city,차량등록사업소,마마쭈꾸미,업무 협의 간담회 경비 지출,98000,46eabd51cf9e671b00b1d3776396ca0d70d63e6bfca5f0bda4dfeebf8b0f811a,sheet1:R10,,,
46eabd51cf9e671b-sheet1-R11,2026-03-20,daegu-city,차량등록사업소,개인(성명 비공개),경조사비 지출,50000,46eabd51cf9e671b00b1d3776396ca0d70d63e6bfca5f0bda4dfeebf8b0f811a,sheet1:R11,,,
46eabd51cf9e671b-sheet1-R12,2026-03-23,daegu-city,차량등록사업소,개인(성명 비공개),경조사비 지출,50000,46eabd51cf9e671b00b1d3776396ca0d70d63e6bfca5f0bda4dfeebf8b0f811a,sheet1:R12,,,
46eabd51cf9e671b-sheet1-R13,2026-03-31,daegu-city,차량등록사업소,개인(성명 비공개),경조사비 지출,50000,46eabd51cf9e671b00b1d3776396ca0d70d63e6bfca5f0bda4dfeebf8b0f811a,sheet1:R13,,,
58aaa7a9a2065ba0-sheet1-R3,2026-01-07,daegu-city,고용노동정책과,해정(북구 옥산로 108),노동정책 현안 설명 및 업무협의 간담회 경비 지출,113000,58aaa7a9a2065ba05c87786495221fc74b6a5e1e0b1cab204a18c9f493f3f1f5,sheet1:R3,,,
58aaa7a9a2065ba0-sheet1-R4,2026-01-08,daegu-city,고용노동정책과,안시성(달서구 달서대로85길 17),노동권익센터 운영 등 보조사업 관련 업무협의 간담회 경비 지출,270000,58aaa7a9a2065ba05c87786495221fc74b6a5e1e0b1cab204a18c9f493f3f1f5,sheet1:R4,,,
58aaa7a9a2065ba0-sheet1-R5,2026-01-12,daegu-city,고용노동정책과,영커피(북구 대구체육관로 50),근로감독권한 지방위임 관련 간담회,19000,58aaa7a9a2065ba05c87786495221fc74b6a5e1e0b1cab204a18c9f493f3f1f5,sheet1:R5,,,
58aaa7a9a2065ba0-sheet1-R6,2026-01-12,daegu-city,고용노동정책과,오름식당(북구 원대로25길 6),노동정책 현안 설명 및 업무협의 간담회 경비 지출,207000,58aaa7a9a2065ba05c87786495221fc74b6a5e1e0b1cab204a18c9f493f3f1f5,sheet1:R6,,,
58aaa7a9a2065ba0-sheet1-R7,2026-01-13,daegu-city,고용노동정책과,크리스피크림도넛 침산점(북구 침산로 93),고용지원 관련 보조사업 업무협의 간담회,48700,58aaa7a9a2065ba05c87786495221fc74b6a5e1e0b1cab204a18c9f493f3f1f5,sheet1:R7,,,
58aaa7a9a2065ba0-sheet1-R8,2026-01-14,daegu-city,고용노동정책과,오구왕소금구이 상인점(달서구 상화로 285),지역 중견기업 채용대행 관련 업무협의 간담회 경비 지출,145000,58aaa7a9a2065ba05c87786495221fc74b6a5e1e0b1cab204a18c9f493f3f1f5,sheet1:R8,,,
58aaa7a9a2065ba0-sheet1-R9,2026-01-30,daegu-city,고용노동정책과,해정(북구 옥산로 108),지역·산업맞춤형 일자리창출 업무협의 간담회 경비 지출,105000,58aaa7a9a2065ba05c87786495221fc74b6a5e1e0b1cab204a18c9f493f3f1f5,sheet1:R9,,,
58aaa7a9a2065ba0-sheet1-R10,2026-02-06,daegu-city,고용노동정책과,수페부엌범어점(수성구 동대구로42길 7),보조사업 관련 업무 협의를 위한 감담회 경비 지출,238000,58aaa7a9a2065ba05c87786495221fc74b6a5e1e0b1cab204a18c9f493f3f1f5,sheet1:R10,,,
58aaa7a9a2065ba0-sheet1-R11,2026-02-09,daegu-city,고용노동정책과,팔딱팔딱횟집(수성구 동대구로12길 20),노동정책 현안 설명 및 홍보를 위한 간담회 경비 지출,86000,58aaa7a9a2065ba05c87786495221fc74b6a5e1e0b1cab204a18c9f493f3f1f5,sheet1:R11,,,
58aaa7a9a2065ba0-sheet1-R12,2026-02-10,daegu-city,고용노동정책과,장원(북구 대구체육관로8길 6),대구노동권익센터 위수탁 업무 협의 경비 지출,68000,58aaa7a9a2065ba05c87786495221fc74b6a5e1e0b1cab204a18c9f493f3f1f5,sheet1:R12,,,
58aaa7a9a2065ba0-sheet1-R13,2026-02-10,daegu-city,고용노동정책과,산격청사 북카페(북구 연암로 40),2026년 지역산업맞춤형 일자리창출 지원사업(구군지원) 선정 심사위원회 다과비 지출,16100,58aaa7a9a2065ba05c87786495221fc74b6a5e1e0b1cab204a18c9f493f3f1f5,sheet1:R13,,,
58aaa7a9a2065ba0-sheet1-R14,2026-02-13,daegu-city,고용노동정책과,감포생밀복(북구 침산남로7길 2-1),노사상생 현안 업무협의 간담회,50000,58aaa7a9a2065ba05c87786495221fc74b6a5e1e0b1cab204a18c9f493f3f1f5,sheet1:R14,,,
58aaa7a9a2065ba0-sheet1-R15,2026-02-20,daegu-city,고용노동정책과,융캉찌에(중구 중앙대로 379),지역·산업맞춤형 일자리창출 업무협의 간담회 경비 지출,73000,58aaa7a9a2065ba05c87786495221fc74b6a5e1e0b1cab204a18c9f493f3f1f5,sheet1:R15,,,
58aaa7a9a2065ba0-sheet1-R16,2026-02-24,daegu-city,고용노동정책과,로타리식당(중구 동덕로14길 11),노사평화의 전당 활성화 관련 업무협의 간담회 경비 지출,170000,58aaa7a9a2065ba05c87786495221fc74b6a5e1e0b1cab204a18c9f493f3f1f5,sheet1:R16,,,
58aaa7a9a2065ba0-sheet1-R17,2026-03-27,daegu-city,고용노동정책과,본미옥 청주점(충북 청주시 오송읍 오송생명3로 65-2),지역·산업맞춤형 일자리창출 업무협의 간담회 경비 지출,62000,58aaa7a9a2065ba05c87786495221fc74b6a5e1e0b1cab204a18c9f493f3f1f5,sheet1:R17,,,
1a71501e1a658e50-sheet1-R6,2026-01-07,daegu-city,체육시설관리부,"애기똥풀, 나인엣지",위탁 체육시설 운영 관련 간담회 경비 지출,158150,1a71501e1a658e501e313369c327b63e044e9a56502a2f86181fe00478b42b4a,sheet1:R6,,,
1a71501e1a658e50-sheet1-R7,2026-01-23,daegu-city,체육시설관리부,"팔팔명가국밥, 새들스 커피 앤 바",체육시설 운영 관련 유관기관 간담회 경비 지출,49200,1a71501e1a658e501e313369c327b63e044e9a56502a2f86181fe00478b42b4a,sheet1:R7,,,
1a71501e1a658e50-sheet1-R8,2026-01-30,daegu-city,체육시설관리부,"식도관한우숯불갈비, 이디야커피대구시청점",체육시설 운영 관련 유관기관 간담회 경비 지출,89000,1a71501e1a658e501e313369c327b63e044e9a56502a2f86181fe00478b42b4a,sheet1:R8,,,
1a71501e1a658e50-sheet1-R9,2026-02-10,daegu-city,체육시설관리부 시민운동장관리소,망향비빔국수 대구북구점,시책 업무 협의 간담회 경비 지출,50000,1a71501e1a658e501e313369c327b63e044e9a56502a2f86181fe00478b42b4a,sheet1:R9,,,
1a71501e1a658e50-sheet1-R10,2026-02-26,daegu-city,체육시설관리부,"복터진집 수성점, 투썸플레이스 경산월드컵대로점",체육시설 운영 관련 유관기관 간담회 경비 지출,119600,1a71501e1a658e501e313369c327b63e044e9a56502a2f86181fe00478b42b4a,sheet1:R10,,,
1a71501e1a658e50-sheet1-R11,2026-03-06,daegu-city,체육시설관리부,채담은,체육시설 운영 관련 유관기관 간담회 경비 지출,13800,1a71501e1a658e501e313369c327b63e044e9a56502a2f86181fe00478b42b4a,sheet1:R11,,,
1a71501e1a658e50-sheet1-R12,2026-03-11,daegu-city,체육시설관리부 시민운동장관리소,풍천장어침산점,시책 업무 협의 간담회 경비 지출,210000,1a71501e1a658e501e313369c327b63e044e9a56502a2f86181fe00478b42b4a,sheet1:R12,,,
1a71501e1a658e50-sheet1-R13,2026-03-12,daegu-city,체육시설관리부,"다중헌, 더라운지나블",체육시설 운영 관련 유관기관 간담회 경비 지출,176000,1a71501e1a658e501e313369c327b63e044e9a56502a2f86181fe00478b42b4a,sheet1:R13,,,
c23fa37f2dbc1142-sheet1-R3,2026-01-15,daegu-city,달성사업소,은하곰탕,직원격려 간담회 경비 지출,138000,c23fa37f2dbc1142be4e19a4d26fa97fbb4067021ef029706460fc90aee54ce0,sheet1:R3,,,
c23fa37f2dbc1142-sheet1-R4,2026-02-04,daegu-city,달성사업소,개인(성명 비공개),직원 경조사비 지출,50000,c23fa37f2dbc1142be4e19a4d26fa97fbb4067021ef029706460fc90aee54ce0,sheet1:R4,,,
c23fa37f2dbc1142-sheet1-R5,2026-02-10,daegu-city,달성사업소,능이마을,요금팀 공무직(검침원) 직원 격려 간담회 경비 지출,264600,c23fa37f2dbc1142be4e19a4d26fa97fbb4067021ef029706460fc90aee54ce0,sheet1:R5,,,
c23fa37f2dbc1142-sheet2-R3,2026-02-27,daegu-city,달성사업소,탑마트 현풍점,안전보건협의체 업무추진 간담회 개최 경비 지출,68820,c23fa37f2dbc1142be4e19a4d26fa97fbb4067021ef029706460fc90aee54ce0,sheet2:R3,02712e258af3d17260b649316d5e7cb42d1b1322a8c9222068ff5c793170ccd4:sheet2:R3,,
c23fa37f2dbc1142-sheet2-R4,2026-03-18,daegu-city,달성사업소,능이마을,노조 간담회 개최 비용 지출,128000,c23fa37f2dbc1142be4e19a4d26fa97fbb4067021ef029706460fc90aee54ce0,sheet2:R4,02712e258af3d17260b649316d5e7cb42d1b1322a8c9222068ff5c793170ccd4:sheet2:R4,,
c23fa37f2dbc1142-sheet2-R5,2026-03-26,daegu-city,달성사업소,탑마트 현풍점,안전보건협의체 업무추진 간담회 개최 경비 지출,68450,c23fa37f2dbc1142be4e19a4d26fa97fbb4067021ef029706460fc90aee54ce0,sheet2:R5,02712e258af3d17260b649316d5e7cb42d1b1322a8c9222068ff5c793170ccd4:sheet2:R5,,
f474fe9ca722a2e6-sheet1-R4,2026-01-09,daegu-city,문화유산과,시루,문화유산 현안 업무 추진 관련 간담회 경비,98000,f474fe9ca722a2e6665d549018f56a5d633caea61c2075c14dbd3132766affce,sheet1:R4,,,
f474fe9ca722a2e6-sheet1-R5,2026-01-06,daegu-city,문화유산과,미스터브리즈커피 대구시청점,문화유산위원회 회의 경비,145000,f474fe9ca722a2e6665d549018f56a5d633caea61c2075c14dbd3132766affce,sheet1:R5,,,
f474fe9ca722a2e6-sheet1-R6,2026-01-13,daegu-city,문화유산과,"인투, 류커피",문화유산 업무추진 관련 언론사 기자 간담회,107800,f474fe9ca722a2e6665d549018f56a5d633caea61c2075c14dbd3132766affce,sheet1:R6,,,
f474fe9ca722a2e6-sheet1-R7,2026-01-21,daegu-city,문화유산과,"포메인, 어코어",시사편찬 관련 회의 경비,116000,f474fe9ca722a2e6665d549018f56a5d633caea61c2075c14dbd3132766affce,sheet1:R7,,,
f474fe9ca722a2e6-sheet1-R8,2026-01-29,daegu-city,문화유산과,화본국수전문점,국가등록문화유산 등록 신청에 따른 현장조사 회의경비,72000,f474fe9ca722a2e6665d549018f56a5d633caea61c2075c14dbd3132766affce,sheet1:R8,,,
f474fe9ca722a2e6-sheet1-R9,2026-01-29,daegu-city,문화유산과,브리니 팔공,매장유산 현장조사 관련 회의 경비,17500,f474fe9ca722a2e6665d549018f56a5d633caea61c2075c14dbd3132766affce,sheet1:R9,,,
f474fe9ca722a2e6-sheet1-R10,2026-02-03,daegu-city,문화유산과,류 커피,시사편찬 관련 간담회 경비,29300,f474fe9ca722a2e6665d549018f56a5d633caea61c2075c14dbd3132766affce,sheet1:R10,,,
f474fe9ca722a2e6-sheet1-R11,2026-02-04,daegu-city,문화유산과,캐스트커피오피스,대구시민주간 관련 업무협의,35000,f474fe9ca722a2e6665d549018f56a5d633caea61c2075c14dbd3132766affce,sheet1:R11,,,
f474fe9ca722a2e6-sheet1-R12,2026-02-05,daegu-city,문화유산과,국일불갈비,직원 격려를 위한 간담회 경비,217000,f474fe9ca722a2e6665d549018f56a5d633caea61c2075c14dbd3132766affce,sheet1:R12,,,
f474fe9ca722a2e6-sheet1-R13,2026-02-10,daegu-city,문화유산과,캐스트커피오피스,2.28민주운동기념식 행사 관계자 업무협의,44800,f474fe9ca722a2e6665d549018f56a5d633caea61c2075c14dbd3132766affce,sheet1:R13,,,
f474fe9ca722a2e6-sheet1-R14,2026-02-10,daegu-city,문화유산과,"캐스트커피오피스, 미스터브리즈커피",문화예술아카이브 기간제근로자 면접 심사,79500,f474fe9ca722a2e6665d549018f56a5d633caea61c2075c14dbd3132766affce,sheet1:R14,,,
f474fe9ca722a2e6-sheet1-R15,2026-02-11,daegu-city,문화유산과,대구광역시장애인생산품판매시설,2026년 설 명절 관련 특산품 구입,129000,f474fe9ca722a2e6665d549018f56a5d633caea61c2075c14dbd3132766affce,sheet1:R15,,,
f474fe9ca722a2e6-sheet1-R16,2026-02-11,daegu-city,문화유산과,GREEN TREE,전수교육관 문화예술교육사 채용 관련 회의 경비,24000,f474fe9ca722a2e6665d549018f56a5d633caea61c2075c14dbd3132766affce,sheet1:R16,,,
f474fe9ca722a2e6-sheet1-R17,2026-02-11,daegu-city,문화유산과,미스터브리즈커피,무형유산위원회 회의 관련 경비,99000,f474fe9ca722a2e6665d549018f56a5d633caea61c2075c14dbd3132766affce,sheet1:R17,,,
f474fe9ca722a2e6-sheet1-R18,2026-02-13,daegu-city,문화유산과,캐스트커피오피스,문화유산 현안 간담회,16600,f474fe9ca722a2e6665d549018f56a5d633caea61c2075c14dbd3132766affce,sheet1:R18,,,
f474fe9ca722a2e6-sheet1-R19,2026-02-24,daegu-city,문화유산과,석정관,문화유산 현안 간담회 경비,34500,f474fe9ca722a2e6665d549018f56a5d633caea61c2075c14dbd3132766affce,sheet1:R19,,,
f474fe9ca722a2e6-sheet1-R20,2026-02-24,daegu-city,문화유산과,만권당카페,2026년 문화예술자료 운영 전문가 회의,80000,f474fe9ca722a2e6665d549018f56a5d633caea61c2075c14dbd3132766affce,sheet1:R20,,,
f474fe9ca722a2e6-sheet1-R21,2026-02-25,daegu-city,문화유산과,"온돌방, 캐스트커피오피스",시사편찬위원 선정위원회 관계자 간담회,150000,f474fe9ca722a2e6665d549018f56a5d633caea61c2075c14dbd3132766affce,sheet1:R21,,,
f474fe9ca722a2e6-sheet1-R22,2026-03-11,daegu-city,문화유산과,부케,2.28국가기념식 등 관계자 오찬 간담회,49000,f474fe9ca722a2e6665d549018f56a5d633caea61c2075c14dbd3132766affce,sheet1:R22,,,
f474fe9ca722a2e6-sheet1-R23,2026-03-11,daegu-city,문화유산과,미스터브리즈커피,"문화,무형,자연유산위원회 선정위원회 관련 경비",50200,f474fe9ca722a2e6665d549018f56a5d633caea61c2075c14dbd3132766affce,sheet1:R23,,,
f474fe9ca722a2e6-sheet1-R24,2026-03-13,daegu-city,문화유산과,매스커피,문화유산위원회 다과 구입,36100,f474fe9ca722a2e6665d549018f56a5d633caea61c2075c14dbd3132766affce,sheet1:R24,,,
f474fe9ca722a2e6-sheet1-R25,2026-03-13,daegu-city,문화유산과,왕태골보쌈,직원 격려를 위한 간담회 경비,262000,f474fe9ca722a2e6665d549018f56a5d633caea61c2075c14dbd3132766affce,sheet1:R25,,,
f474fe9ca722a2e6-sheet1-R26,2026-03-17,daegu-city,문화유산과,"부케, 이얼즈커피",대구시민주간 운영 관련 업무 연찬,164900,f474fe9ca722a2e6665d549018f56a5d633caea61c2075c14dbd3132766affce,sheet1:R26,,,
f474fe9ca722a2e6-sheet1-R27,2026-03-19,daegu-city,문화유산과,"온기정, 스타벅스",문화유산돌봄사업 관계자 간담회,101000,f474fe9ca722a2e6665d549018f56a5d633caea61c2075c14dbd3132766affce,sheet1:R27,,,
f474fe9ca722a2e6-sheet1-R28,2026-03-24,daegu-city,문화유산과,"인투, 번드시",문화유산 현안 간담회,54000,f474fe9ca722a2e6665d549018f56a5d633caea61c2075c14dbd3132766affce,sheet1:R28,,,
f474fe9ca722a2e6-sheet1-R29,2026-03-18,daegu-city,문화유산과,"스타벅스, 미스터브리즈",문화예술 아카이브 협의체 교육 다과비,309200,f474fe9ca722a2e6665d549018f56a5d633caea61c2075c14dbd3132766affce,sheet1:R29,,,
f474fe9ca722a2e6-sheet1-R30,2026-03-19,daegu-city,문화유산과,미스터브리즈커피,대구 달성 제안서 평가위원회 관련 회의 경비,51500,f474fe9ca722a2e6665d549018f56a5d633caea61c2075c14dbd3132766affce,sheet1:R30,,,
f474fe9ca722a2e6-sheet1-R31,2026-03-20,daegu-city,문화유산과,미스터브리즈커피,대구 경상감영지 보호구역 발굴조사 제안서 평가 관련 회의 경비,44500,f474fe9ca722a2e6665d549018f56a5d633caea61c2075c14dbd3132766affce,sheet1:R31,,,
f474fe9ca722a2e6-sheet1-R32,2026-03-27,daegu-city,문화유산과,"미식그로서리, 블루밍커피",문화예술 디지털 아카이브 현안 간담회,60000,f474fe9ca722a2e6665d549018f56a5d633caea61c2075c14dbd3132766affce,sheet1:R32,,,
f474fe9ca722a2e6-sheet1-R33,2026-03-30,daegu-city,문화유산과,온돌방,시사편찬위원회 간담회,280000,f474fe9ca722a2e6665d549018f56a5d633caea61c2075c14dbd3132766affce,sheet1:R33,,,
f474fe9ca722a2e6-sheet1-R34,2026-03-30,daegu-city,문화유산과,"미스터브리즈, 캐스트커피오피스",시사편찬위원회 회의 관련 경비,91800,f474fe9ca722a2e6665d549018f56a5d633caea61c2075c14dbd3132766affce,sheet1:R34,,,
0ce435988ed17003-sheet1-R5,2026-01-09,daegu-city,동부소방서,전원숯불,효율적인 소방행정 업무 추진을 위한 기관운영비 지출,300000,0ce435988ed17003b7a16ae16ee312bcd9a4b833cc808cbf0e498de2b208749f,sheet1:R5,,,
0ce435988ed17003-sheet1-R6,2026-01-14,daegu-city,동부소방서,갑석이네,소방업무 추진을 위한 소속직원 격려 간담회 지출(기관운영업무추진비),152000,0ce435988ed17003b7a16ae16ee312bcd9a4b833cc808cbf0e498de2b208749f,sheet1:R6,,,
0ce435988ed17003-sheet1-R7,2026-01-15,daegu-city,동부소방서,개인(성명 비공개),기관운영업무추진비 지출,50000,0ce435988ed17003b7a16ae16ee312bcd9a4b833cc808cbf0e498de2b208749f,sheet1:R7,,,
0ce435988ed17003-sheet1-R8,2026-01-23,daegu-city,동부소방서,주식회사 풍년화로,효율적인 소방행정 업무 추진을 위한 기관운영비 지출,240000,0ce435988ed17003b7a16ae16ee312bcd9a4b833cc808cbf0e498de2b208749f,sheet1:R8,,,
0ce435988ed17003-sheet1-R9,2026-01-28,daegu-city,동부소방서,개인(성명 비공개),기관운영업무추진비 지출,50000,0ce435988ed17003b7a16ae16ee312bcd9a4b833cc808cbf0e498de2b208749f,sheet1:R9,,,
0ce435988ed17003-sheet1-R10,2026-01-30,daegu-city,동부소방서,(주)이마트만촌점,부속실 내방객 음료 등 지출(기관운영업무추진비),321990,0ce435988ed17003b7a16ae16ee312bcd9a4b833cc808cbf0e498de2b208749f,sheet1:R10,,,
0ce435988ed17003-sheet1-R11,2026-02-04,daegu-city,동부소방서,개인(성명 비공개),기관운영업무추진비 지출,50000,0ce435988ed17003b7a16ae16ee312bcd9a4b833cc808cbf0e498de2b208749f,sheet1:R11,,,
0ce435988ed17003-sheet1-R12,2026-02-12,daegu-city,동부소방서,우가,소방업무 추진을 위한 소속직원 격려 간담회 지출(기관운영업무추진비),200000,0ce435988ed17003b7a16ae16ee312bcd9a4b833cc808cbf0e498de2b208749f,sheet1:R12,,,
0ce435988ed17003-sheet1-R13,2026-03-16,daegu-city,동부소방서,개인(성명 비공개),기관운영업무추진비 지출,200000,0ce435988ed17003b7a16ae16ee312bcd9a4b833cc808cbf0e498de2b208749f,sheet1:R13,,,
0ce435988ed17003-sheet3-R5,2026-01-28,daegu-city,신천구조대,3000냥국밥국수,기관업무운영 추진비 지출(신천119구조대),70000,0ce435988ed17003b7a16ae16ee312bcd9a4b833cc808cbf0e498de2b208749f,sheet3:R5,,,
0ce435988ed17003-sheet3-R6,2026-03-12,daegu-city,신천구조대,내방가든,기관운영 업무추진비 지출(신천구조대),150000,0ce435988ed17003b7a16ae16ee312bcd9a4b833cc808cbf0e498de2b208749f,sheet3:R6,,,
0ce435988ed17003-sheet4-R5,2026-03-25,daegu-city,동부119구급대,동촌숯불가든,기관운영업무추진비 지출(119구급대),300000,0ce435988ed17003b7a16ae16ee312bcd9a4b833cc808cbf0e498de2b208749f,sheet4:R5,,,
0ce435988ed17003-sheet5-R5,2026-02-25,daegu-city,혁신119안전센터,대구앞바다,기관운영 업무추진비 지출(혁신),200000,0ce435988ed17003b7a16ae16ee312bcd9a4b833cc808cbf0e498de2b208749f,sheet5:R5,,,
0ce435988ed17003-sheet5-R6,2026-03-25,daegu-city,혁신120안전센터,본가안동국시,기관운영 업무추진비 지출(혁신),62500,0ce435988ed17003b7a16ae16ee312bcd9a4b833cc808cbf0e498de2b208749f,sheet5:R6,,,
0ce435988ed17003-sheet6-R5,2026-02-10,daegu-city,신천119안전센터,주식회사 석산에프앤비 석산복어식당,기관운영 업무추진비 지출(신천),88000,0ce435988ed17003b7a16ae16ee312bcd9a4b833cc808cbf0e498de2b208749f,sheet6:R5,,,
0ce435988ed17003-sheet6-R6,2026-03-06,daegu-city,신천119안전센터,망티커피 대구신천점,기관운영 업무추진비 지출(신천),38500,0ce435988ed17003b7a16ae16ee312bcd9a4b833cc808cbf0e498de2b208749f,sheet6:R6,,,
0ce435988ed17003-sheet7-R5,2026-01-12,daegu-city,동촌119안전센터,더벤티(동촌점),(동촌)기관운영업무추진비 지출(간담회 업무추진),25300,0ce435988ed17003b7a16ae16ee312bcd9a4b833cc808cbf0e498de2b208749f,sheet7:R5,,,
0ce435988ed17003-sheet7-R6,2026-01-13,daegu-city,동촌119안전센터,더벤티(동촌점),(동촌) 기관운영업무추진비 지출(간담회),22400,0ce435988ed17003b7a16ae16ee312bcd9a4b833cc808cbf0e498de2b208749f,sheet7:R6,,,
0ce435988ed17003-sheet7-R7,2026-02-04,daegu-city,동촌119안전센터,더 부자백숙 동촌점,기관운영업무추진비 지출(동촌센터),95000,0ce435988ed17003b7a16ae16ee312bcd9a4b833cc808cbf0e498de2b208749f,sheet7:R7,,,
0ce435988ed17003-sheet7-R8,2026-03-03,daegu-city,동촌119안전센터,더벤티(동촌점),(동촌)기관운영업무추진비 지출(간담회 업무추진),35700,0ce435988ed17003b7a16ae16ee312bcd9a4b833cc808cbf0e498de2b208749f,sheet7:R8,,,
0ce435988ed17003-sheet7-R9,2026-03-04,daegu-city,동촌119안전센터,더벤티(동촌점),(동촌)기관운영업무추진비 지출(간담회 업무추진),31200,0ce435988ed17003b7a16ae16ee312bcd9a4b833cc808cbf0e498de2b208749f,sheet7:R9,,,
0ce435988ed17003-sheet7-R10,2026-03-16,daegu-city,동촌119안전센터,더벤티(동촌점),(동촌)기관운영업무추진비 지출(간담회 업무추진),37800,0ce435988ed17003b7a16ae16ee312bcd9a4b833cc808cbf0e498de2b208749f,sheet7:R10,,,
0ce435988ed17003-sheet8-R5,2026-01-07,daegu-city,안심119안전센터,마시그래이 동호점,기관운영업무추진비 지출(안심),49100,0ce435988ed17003b7a16ae16ee312bcd9a4b833cc808cbf0e498de2b208749f,sheet8:R5,,,
0ce435988ed17003-sheet8-R6,2026-02-10,daegu-city,안심119안전센터,주식회사 풍년화로,기관운영업무추진비 지출(안심센터),100000,0ce435988ed17003b7a16ae16ee312bcd9a4b833cc808cbf0e498de2b208749f,sheet8:R6,,,
0ce435988ed17003-sheet8-R7,2026-03-26,daegu-city,안심119안전센터,서민횟집,기관운영 업무추진비 지출(안심센터),100000,0ce435988ed17003b7a16ae16ee312bcd9a4b833cc808cbf0e498de2b208749f,sheet8:R7,,,
0ce435988ed17003-sheet9-R5,2026-03-11,daegu-city,불로봉무119안전센터,고시레,기관운영업무추진비(유관기관 기관장 간담회) 지출(불로봉무),72000,0ce435988ed17003b7a16ae16ee312bcd9a4b833cc808cbf0e498de2b208749f,sheet9:R5,,,
0ce435988ed17003-sheet9-R6,2026-03-16,daegu-city,불로봉무119안전센터,백림정,기관운영업무추진비(이시아폴리스 공장 관계자 간담회) 지출,65000,0ce435988ed17003b7a16ae16ee312bcd9a4b833cc808cbf0e498de2b208749f,sheet9:R6,,,
0ce435988ed17003-sheet11-R5,2026-01-05,daegu-city,동부소방서,백림정,클린소방위원회 간담회 경비 지출(시책업무추진비),130000,0ce435988ed17003b7a16ae16ee312bcd9a4b833cc808cbf0e498de2b208749f,sheet11:R5,,,
0ce435988ed17003-sheet11-R6,2026-01-15,daegu-city,동부소방서,보금신토불이,언론 협력 강화를 위한 간담회 경비 지출(시책업무추진비),68000,0ce435988ed17003b7a16ae16ee312bcd9a4b833cc808cbf0e498de2b208749f,sheet11:R6,,,
0ce435988ed17003-sheet11-R7,2026-01-30,daegu-city,동부소방서,만어회수산,119시민안전봉사단 간담회 경비 지출(시책업무추진비),101000,0ce435988ed17003b7a16ae16ee312bcd9a4b833cc808cbf0e498de2b208749f,sheet11:R7,,,
0ce435988ed17003-sheet11-R8,2026-03-05,daegu-city,동부소방서,부자집,소방행정 현안업무 추진 협조를 위한 경비 지출(시책업무추진비),240000,0ce435988ed17003b7a16ae16ee312bcd9a4b833cc808cbf0e498de2b208749f,sheet11:R8,,,
0ce435988ed17003-sheet11-R9,2026-03-17,daegu-city,동부소방서,보금신토불이,소방행정 현안업무 추진 협조를 위한 경비 지출(시책업무추진비),210000,0ce435988ed17003b7a16ae16ee312bcd9a4b833cc808cbf0e498de2b208749f,sheet11:R9,,,
0ce435988ed17003-sheet11-R10,2026-03-18,daegu-city,동부소방서,주식회사 풍년화로,클린소방위원회 간담회 경비 지출(시책업무추진비),192000,0ce435988ed17003b7a16ae16ee312bcd9a4b833cc808cbf0e498de2b208749f,sheet11:R10,,,
36e6439dc31fa753-sheet1-R6,2026-01-12,daegu-city,국제통상과,앞산주택,시정홍보 업무 추진을 위한 간담회 경비 지출,119000,36e6439dc31fa75325445de682eb0e5bef360092dd857b84fafbd526b40b7116,sheet1:R6,,,
36e6439dc31fa753-sheet1-R7,2026-01-26,daegu-city,국제통상과,한일관 광화문점,국제교류 업무추진을 위한 간담회 경비 지출,100000,36e6439dc31fa75325445de682eb0e5bef360092dd857b84fafbd526b40b7116,sheet1:R7,,,
36e6439dc31fa753-sheet1-R8,2026-01-28,daegu-city,국제통상과,"대백마트 산격점, 쿠팡",국제관계대사실 내방객 접대용 다과 등 구입,300730,36e6439dc31fa75325445de682eb0e5bef360092dd857b84fafbd526b40b7116,sheet1:R8,,,
36e6439dc31fa753-sheet1-R9,2026-02-03,daegu-city,국제통상과,우루루 판교점,국제교류 업무추진을 위한 간담회 경비 지출,350000,36e6439dc31fa75325445de682eb0e5bef360092dd857b84fafbd526b40b7116,sheet1:R9,,,
36e6439dc31fa753-sheet1-R10,2026-02-04,daegu-city,국제통상과,산 한정식,주부산베트남총영사 대구 방문 간담회 경비 지출,180000,36e6439dc31fa75325445de682eb0e5bef360092dd857b84fafbd526b40b7116,sheet1:R10,,,
36e6439dc31fa753-sheet1-R11,2026-02-04,daegu-city,국제통상과,장원,한일(호쿠리쿠) 경제교류회의 개최 간담회 비용 지출,102000,36e6439dc31fa75325445de682eb0e5bef360092dd857b84fafbd526b40b7116,sheet1:R11,,,
36e6439dc31fa753-sheet1-R12,2026-02-10,daegu-city,국제통상과,이스트라이트,국제협력업무 추진을 위한 간담회 경비 지출,91400,36e6439dc31fa75325445de682eb0e5bef360092dd857b84fafbd526b40b7116,sheet1:R12,,,
36e6439dc31fa753-sheet1-R13,2026-02-25,daegu-city,국제통상과,"대백마트 산격점, 쿠팡",국제관계대사실 내방객 접대용 다과 등 구입,145560,36e6439dc31fa75325445de682eb0e5bef360092dd857b84fafbd526b40b7116,sheet1:R13,,,
36e6439dc31fa753-sheet1-R14,2026-03-12,daegu-city,국제통상과,달구벌한과,히로시마교향악단 기념품 구입비 지출,161000,36e6439dc31fa75325445de682eb0e5bef360092dd857b84fafbd526b40b7116,sheet1:R14,,,
36e6439dc31fa753-sheet1-R15,2026-03-16,daegu-city,국제통상과,청담동,주한타이베이대표부 부산사무처장 대구 방문 간담회 경비 지출,235000,36e6439dc31fa75325445de682eb0e5bef360092dd857b84fafbd526b40b7116,sheet1:R15,,,
36e6439dc31fa753-sheet1-R16,2026-03-16,daegu-city,국제통상과,경복궁,히로시마교향악단 간담회 비용 지출,960000,36e6439dc31fa75325445de682eb0e5bef360092dd857b84fafbd526b40b7116,sheet1:R16,,,
36e6439dc31fa753-sheet1-R17,2026-03-19,daegu-city,국제통상과,해금강,시정홍보 및 국제교류 업무추진을 위한 간담회 경비 지출,90000,36e6439dc31fa75325445de682eb0e5bef360092dd857b84fafbd526b40b7116,sheet1:R17,,,
36e6439dc31fa753-sheet1-R18,2026-03-25,daegu-city,국제통상과,읍내,시정홍보 업무 추진을 위한 간담회 경비 지출,101500,36e6439dc31fa75325445de682eb0e5bef360092dd857b84fafbd526b40b7116,sheet1:R18,,,
13746be953893192-sheet1-R4,2026-01-21,daegu-city,도시정비과,코레일유통주식회사(동대구역),도시재생 공모사업 추진을 위한 간담회 경비 지출,157200,13746be9538931928f66e8b2f7c2b40c55b03baaff3e07010236803117b0d359,sheet1:R4,,,
13746be953893192-sheet1-R5,2026-01-22,daegu-city,도시정비과,돈판장 대구종로점,재정비촉진사업 업무 협의를 위한 간담회 경비 지출,237000,13746be9538931928f66e8b2f7c2b40c55b03baaff3e07010236803117b0d359,sheet1:R5,,,
13746be953893192-sheet1-R6,2026-01-30,daegu-city,도시정비과,새들스 커피 앤 바(SADDLES COFFEE&BAR)외 1,도시정비사업 업무 협의를 위한 간담회 경비 지출,105000,13746be9538931928f66e8b2f7c2b40c55b03baaff3e07010236803117b0d359,sheet1:R6,,,
13746be953893192-sheet1-R7,2026-02-02,daegu-city,도시정비과,피제리아50칼로,2026년 거점시설사업 운영 관련 간담회 경비 지출,240000,13746be9538931928f66e8b2f7c2b40c55b03baaff3e07010236803117b0d359,sheet1:R7,,,
13746be953893192-sheet1-R8,2026-02-10,daegu-city,도시정비과,은하수,도시정비사업 업무 협의를 위한 간담회 경비 지출,196000,13746be9538931928f66e8b2f7c2b40c55b03baaff3e07010236803117b0d359,sheet1:R8,,,
13746be953893192-sheet1-R9,2026-02-10,daegu-city,도시정비과,영커피 대구산격점,정비사업 조합운영실태 현장점검 대상 선정회의 개최에 따른 경비 지출,72000,13746be9538931928f66e8b2f7c2b40c55b03baaff3e07010236803117b0d359,sheet1:R9,,,
13746be953893192-sheet1-R10,2026-02-23,daegu-city,도시정비과,싱싱해물,동성로 르네상스 프로젝트 업무 추진 위한 간담회 경비 지출,305000,13746be9538931928f66e8b2f7c2b40c55b03baaff3e07010236803117b0d359,sheet1:R10,,,
13746be953893192-sheet1-R11,2026-03-03,daegu-city,도시정비과,(주)명동푸드,도시재생사업 업무 협의를 위한 간담회 경비 지출,240000,13746be9538931928f66e8b2f7c2b40c55b03baaff3e07010236803117b0d359,sheet1:R11,,,
04cba474c9a15562-sheet1-R4,2026-01-13,daegu-city,문화콘텐츠과,냉면장수,공연 및 축제 육성 업무 추진 간담회 개최,103000,04cba474c9a15562345a6f59e4e21f66b657aabcb7985044a571600e98928eb5,sheet1:R4,,,
04cba474c9a15562-sheet1-R5,2026-01-13,daegu-city,문화콘텐츠과,카페플라모,공연 및 축제 육성 업무 추진 간담회 개최,18000,04cba474c9a15562345a6f59e4e21f66b657aabcb7985044a571600e98928eb5,sheet1:R5,,,
04cba474c9a15562-sheet1-R6,2026-01-22,daegu-city,문화콘텐츠과,코레일유통주식,뮤지컬 및 오페라 시책 협의를 위한 다과구입비 지출,32600,04cba474c9a15562345a6f59e4e21f66b657aabcb7985044a571600e98928eb5,sheet1:R6,,,
04cba474c9a15562-sheet1-R7,2026-01-27,daegu-city,문화콘텐츠과,이마트몰,직원들의 사기 진작을 위한 부서 음료 및 다과 구입,247850,04cba474c9a15562345a6f59e4e21f66b657aabcb7985044a571600e98928eb5,sheet1:R7,,,
04cba474c9a15562-sheet1-R8,2026-01-28,daegu-city,문화콘텐츠과,조르지오 피렌체(피제리아50),오페라 관련 업무 협의 간담회 경비 지출,57800,04cba474c9a15562345a6f59e4e21f66b657aabcb7985044a571600e98928eb5,sheet1:R8,,,
04cba474c9a15562-sheet1-R9,2026-02-05,daegu-city,문화콘텐츠과,까꾸리웰빙손칼국수,대구영상미디어파크 운영 활성화를 위한 간담회 개최,49000,04cba474c9a15562345a6f59e4e21f66b657aabcb7985044a571600e98928eb5,sheet1:R9,,,
04cba474c9a15562-sheet1-R10,2026-02-09,daegu-city,문화콘텐츠과,국일불갈비,직원 격려를 위한 오찬 경비 지출,120000,04cba474c9a15562345a6f59e4e21f66b657aabcb7985044a571600e98928eb5,sheet1:R10,,,
04cba474c9a15562-sheet1-R11,2026-02-25,daegu-city,문화콘텐츠과,어가주꾸미,출판·인쇄산업 업무 추진을 위한 간담회 개최,81000,04cba474c9a15562345a6f59e4e21f66b657aabcb7985044a571600e98928eb5,sheet1:R11,,,
04cba474c9a15562-sheet1-R12,2026-03-19,daegu-city,문화콘텐츠과,조르지오 피렌체(피제리아50),오페라 관련 업무협의 간담회 경비 지출,317900,04cba474c9a15562345a6f59e4e21f66b657aabcb7985044a571600e98928eb5,sheet1:R12,,,
04cba474c9a15562-sheet1-R13,2026-03-26,daegu-city,문화콘텐츠과,밥꽃한상,주요 국비사업 업무 협의를 위한 간담회 경비 지출,150000,04cba474c9a15562345a6f59e4e21f66b657aabcb7985044a571600e98928eb5,sheet1:R13,,,
04cba474c9a15562-sheet1-R14,2026-03-27,daegu-city,문화콘텐츠과,이마트몰,직원들의 사기 진작을 위한 부서 음료 및 다과 구입,245426,04cba474c9a15562345a6f59e4e21f66b657aabcb7985044a571600e98928eb5,sheet1:R14,,,
e5d041c345210cf8-sheet1-R6,2026-02-06,daegu-city,자치경찰정책과,하나해물탕,자치경찰사무 현안 공유 및 논의를 위한 간담회 경비 지출,48000,e5d041c345210cf8fc1e59ce94fce1451b21aa1f09ae568a58c5994885629725,sheet1:R6,,,
e5d041c345210cf8-sheet1-R7,2026-03-06,daegu-city,자치경찰정책과,스타벅스 코리아,2026년 자경위 치안정책 및 추진사업 공유 간담회 개최 비용 지출,73500,e5d041c345210cf8fc1e59ce94fce1451b21aa1f09ae568a58c5994885629725,sheet1:R7,,,
e5d041c345210cf8-sheet1-R8,2026-03-20,daegu-city,자치경찰정책과,도안동감나무집,다중운집행사 인파 안전 관리 관련 현안 공유 및 논의를 위한 간담회 경비 지출,82000,e5d041c345210cf8fc1e59ce94fce1451b21aa1f09ae568a58c5994885629725,sheet1:R8,,,
d27e1baeb772ab43-sheet1-R4,2026-03-11,daegu-city,평가혁신담당관,바우만스테이크하우스,평가혁신담당관실 업무 추진 관련 언론사 간담회 경비 지출,159000,d27e1baeb772ab4379808d9d3663a97d0f1168e117963410566b8437205ca061,sheet1:R4,,,
d27e1baeb772ab43-sheet1-R5,2026-03-20,daegu-city,평가혁신담당관,하와이안 파라다이스 커피 대구 메리어트점,간담회 개최에 따른 경비 지출,25400,d27e1baeb772ab4379808d9d3663a97d0f1168e117963410566b8437205ca061,sheet1:R5,,,
d27e1baeb772ab43-sheet1-R6,2026-03-30,daegu-city,평가혁신담당관,나이스마트 도청점,2026년 성과관리 고유지표 컨설팅 시행에 따른 다과 구입비 지출,150000,d27e1baeb772ab4379808d9d3663a97d0f1168e117963410566b8437205ca061,sheet1:R6,,,
d27e1baeb772ab43-sheet1-R7,2026-03-31,daegu-city,평가혁신담당관,감포생밀복,⌈2026년 성과관리 고유지표 컨설팅⌋ 실시에 따른 간담회 경비 지출,194000,d27e1baeb772ab4379808d9d3663a97d0f1168e117963410566b8437205ca061,sheet1:R7,,,
39dcb6f11e87c1e9-sheet1-R6,2026-03-30,daegu-city,택시물류과,근대골목단팥빵,택시업무 벤치마킹 관련 간담회 다과비 지출,40000,39dcb6f11e87c1e9c61272db3308792c0c8fb2bce4efbd57e9153fe7c5cd3a49,sheet1:R6,,,
39dcb6f11e87c1e9-sheet1-R7,2026-03-23,daegu-city,택시물류과,복터진집 김천혁신점,법인택시 자체평가 업무 추진 관련 간담회 경비 지출,39800,39dcb6f11e87c1e9c61272db3308792c0c8fb2bce4efbd57e9153fe7c5cd3a49,sheet1:R7,,,
39dcb6f11e87c1e9-sheet1-R8,2026-03-06,daegu-city,택시물류과,태평다원,택시 정책 추진을 위한 간담회 개최에 따른 다과비 지출,45000,39dcb6f11e87c1e9c61272db3308792c0c8fb2bce4efbd57e9153fe7c5cd3a49,sheet1:R8,,,
39dcb6f11e87c1e9-sheet1-R9,2026-03-05,daegu-city,택시물류과,해화담,법인택시 평가 업무 추진에 대한 간담회 경비 지출,280000,39dcb6f11e87c1e9c61272db3308792c0c8fb2bce4efbd57e9153fe7c5cd3a49,sheet1:R9,,,
39dcb6f11e87c1e9-sheet1-R10,2026-03-04,daegu-city,택시물류과,감포생밀복,화물자동차 공영차고지 운영 업무 추진에 대한 간담회 경비 지출,192000,39dcb6f11e87c1e9c61272db3308792c0c8fb2bce4efbd57e9153fe7c5cd3a49,sheet1:R10,,,
a827b2673ffde9d1-sheet1-R5,2026-03-03,daegu-city,대학정책국장,팔공산엄마밥상 등,현안업무 추진 관련 간담회 경비 지출,112500,a827b2673ffde9d139c3c548ccfc8bf108b34a23fe369e8bc1e433dbc03da856,sheet1:R5,,,
a827b2673ffde9d1-sheet1-R6,2026-03-05,daegu-city,대학정책국장,조르지오 피렌체,현안업무 추진 관련 간담회 경비 지출,115600,a827b2673ffde9d139c3c548ccfc8bf108b34a23fe369e8bc1e433dbc03da856,sheet1:R6,,,
a827b2673ffde9d1-sheet1-R7,2026-03-06,daegu-city,대학정책국장,부림산채 등,현안업무 추진 관련 간담회 경비 지출,399000,a827b2673ffde9d139c3c548ccfc8bf108b34a23fe369e8bc1e433dbc03da856,sheet1:R7,,,
a827b2673ffde9d1-sheet1-R8,2026-03-19,daegu-city,대학정책국장,하루연국수김밥,현안업무 협의를 위한 간담회 경비 지출,61500,a827b2673ffde9d139c3c548ccfc8bf108b34a23fe369e8bc1e433dbc03da856,sheet1:R8,,,
a827b2673ffde9d1-sheet1-R9,2026-03-25,daegu-city,대학정책국장,북카페,현안업무 추진 관련 간담회 경비 지출,24100,a827b2673ffde9d139c3c548ccfc8bf108b34a23fe369e8bc1e433dbc03da856,sheet1:R9,,,
a827b2673ffde9d1-sheet1-R10,2026-03-25,daegu-city,대학정책국장,동해,현안업무 추진 관련 간담회 경비 지출,430000,a827b2673ffde9d139c3c548ccfc8bf108b34a23fe369e8bc1e433dbc03da856,sheet1:R10,,,
a827b2673ffde9d1-sheet1-R11,2026-03-26,daegu-city,대학정책국장,해금강 등,직원 격려 간담회 경비 지출,306500,a827b2673ffde9d139c3c548ccfc8bf108b34a23fe369e8bc1e433dbc03da856,sheet1:R11,,,
a827b2673ffde9d1-sheet1-R12,2026-03-30,daegu-city,대학정책국장,침산곤지곤지 등,직원 격려 간담회 경비 지출,154300,a827b2673ffde9d139c3c548ccfc8bf108b34a23fe369e8bc1e433dbc03da856,sheet1:R12,,,
a827b2673ffde9d1-sheet2-R5,2026-03-06,daegu-city,대학정책과,장원,현안업무 추진 관련 간담회 경비 지출,179000,a827b2673ffde9d139c3c548ccfc8bf108b34a23fe369e8bc1e433dbc03da856,sheet2:R5,,,
e8de4b41fadb873d-sheet1-R6,2026-01-15,daegu-city,도시안전과,원조 거매 메기 매운탕,업무협의를 위한 간담회 비용 지출,54000,e8de4b41fadb873d49515dfc2d1da56b5263bceccebb0615bd007fa24720ec9b,sheet1:R6,,,
e8de4b41fadb873d-sheet1-R7,2026-01-23,daegu-city,도시안전과,온돌방,업무협의를 위한 간담회 비용 지출,200000,e8de4b41fadb873d49515dfc2d1da56b5263bceccebb0615bd007fa24720ec9b,sheet1:R7,,,
e8de4b41fadb873d-sheet1-R8,2026-01-30,daegu-city,도시안전과,스타벅스 코리아,업무협의를 위한 간담회 비용 지출,150400,e8de4b41fadb873d49515dfc2d1da56b5263bceccebb0615bd007fa24720ec9b,sheet1:R8,,,
e8de4b41fadb873d-sheet1-R9,2026-02-05,daegu-city,도시안전과,광명반점,업무협의를 위한 간담회 비용 지출,87500,e8de4b41fadb873d49515dfc2d1da56b5263bceccebb0615bd007fa24720ec9b,sheet1:R9,,,
e8de4b41fadb873d-sheet1-R10,2026-03-13,daegu-city,도시안전과,고기9단 침산직영점,업무협의를 위한 간담회 비용 지출,75000,e8de4b41fadb873d49515dfc2d1da56b5263bceccebb0615bd007fa24720ec9b,sheet1:R10,,,
e8de4b41fadb873d-sheet1-R11,2026-03-24,daegu-city,도시안전과,정우식당,업무협의를 위한 간담회 비용 지출,125000,e8de4b41fadb873d49515dfc2d1da56b5263bceccebb0615bd007fa24720ec9b,sheet1:R11,,,
f9e4502266d2fca8-sheet1-R4,2026-01-06,daegu-city,예산담당관,다담스시다이닝,간담회 개최에 따른 경비 지출,480000,f9e4502266d2fca8fe8411d9a0c092fca0042145e2078ecebc5dbd74b87185e0,sheet1:R4,,,
f9e4502266d2fca8-sheet1-R5,2026-01-07,daegu-city,예산담당관,경성칼국수 1호점,간담회 개최에 따른 경비 지출,94000,f9e4502266d2fca8fe8411d9a0c092fca0042145e2078ecebc5dbd74b87185e0,sheet1:R5,,,
f9e4502266d2fca8-sheet1-R6,2026-01-07,daegu-city,예산담당관,교동면옥동인점,간담회 개최에 따른 경비 지출,164000,f9e4502266d2fca8fe8411d9a0c092fca0042145e2078ecebc5dbd74b87185e0,sheet1:R6,,,
f9e4502266d2fca8-sheet1-R7,2026-01-14,daegu-city,예산담당관,이루팜,민간투자사업심의위원회 회의 개최에 따른 다과구입비 지출,132000,f9e4502266d2fca8fe8411d9a0c092fca0042145e2078ecebc5dbd74b87185e0,sheet1:R7,,,
f9e4502266d2fca8-sheet1-R8,2026-01-15,daegu-city,예산담당관,강온진,간담회 개최에 따른 경비 지출,66000,f9e4502266d2fca8fe8411d9a0c092fca0042145e2078ecebc5dbd74b87185e0,sheet1:R8,,,
f9e4502266d2fca8-sheet1-R9,2026-01-19,daegu-city,예산담당관,정동진,간담회 개최에 따른 경비 지출,205000,f9e4502266d2fca8fe8411d9a0c092fca0042145e2078ecebc5dbd74b87185e0,sheet1:R9,,,
f9e4502266d2fca8-sheet1-R10,2026-01-20,daegu-city,예산담당관,진원소우 세종나성점,간담회 개최에 따른 경비 지출,250000,f9e4502266d2fca8fe8411d9a0c092fca0042145e2078ecebc5dbd74b87185e0,sheet1:R10,,,
f9e4502266d2fca8-sheet1-R11,2026-01-22,daegu-city,예산담당관,정족발,부서직원 격려를 위한 간담회 경비 지출(경제예산팀),135000,f9e4502266d2fca8fe8411d9a0c092fca0042145e2078ecebc5dbd74b87185e0,sheet1:R11,,,
f9e4502266d2fca8-sheet1-R12,2026-01-23,daegu-city,예산담당관,삼송제시카즈베이커리,부서 직원 격려를 위한 간식구입비 지출,87500,f9e4502266d2fca8fe8411d9a0c092fca0042145e2078ecebc5dbd74b87185e0,sheet1:R12,,,
f9e4502266d2fca8-sheet1-R13,2026-01-26,daegu-city,예산담당관,청와대반점,부서직원 격려를 위한 간담회 경비 지출(재정협력팀),45000,f9e4502266d2fca8fe8411d9a0c092fca0042145e2078ecebc5dbd74b87185e0,sheet1:R13,,,
f9e4502266d2fca8-sheet1-R14,2026-01-27,daegu-city,예산담당관,침산곤지곤지,부서직원 격려를 위한 간담회 경비 지출(재정관리팀),100000,f9e4502266d2fca8fe8411d9a0c092fca0042145e2078ecebc5dbd74b87185e0,sheet1:R14,,,
f9e4502266d2fca8-sheet1-R15,2026-01-27,daegu-city,예산담당관,세종대박장어,간담회 개최에 따른 경비 지출,234000,f9e4502266d2fca8fe8411d9a0c092fca0042145e2078ecebc5dbd74b87185e0,sheet1:R15,,,
f9e4502266d2fca8-sheet1-R16,2026-01-27,daegu-city,예산담당관,종로그집,간담회 개최에 따른 경비 지출,300000,f9e4502266d2fca8fe8411d9a0c092fca0042145e2078ecebc5dbd74b87185e0,sheet1:R16,,,
f9e4502266d2fca8-sheet1-R17,2026-01-28,daegu-city,예산담당관,세종 오이시,간담회 개최에 따른 경비 지출,243000,f9e4502266d2fca8fe8411d9a0c092fca0042145e2078ecebc5dbd74b87185e0,sheet1:R17,,,
f9e4502266d2fca8-sheet1-R18,2026-01-29,daegu-city,예산담당관,종로그집,간담회 개최에 따른 경비 지출,480000,f9e4502266d2fca8fe8411d9a0c092fca0042145e2078ecebc5dbd74b87185e0,sheet1:R18,,,
f9e4502266d2fca8-sheet1-R19,2026-01-29,daegu-city,예산담당관,경성칼국수 1호점,간담회 개최에 따른 경비 지출,350000,f9e4502266d2fca8fe8411d9a0c092fca0042145e2078ecebc5dbd74b87185e0,sheet1:R19,,,
f9e4502266d2fca8-sheet1-R20,2026-01-30,daegu-city,예산담당관,청와대반점,간담회 개최에 따른 경비 지출,160000,f9e4502266d2fca8fe8411d9a0c092fca0042145e2078ecebc5dbd74b87185e0,sheet1:R20,,,
f9e4502266d2fca8-sheet1-R21,2026-02-03,daegu-city,예산담당관,서울관,간담회 개최에 따른 경비 지출,87000,f9e4502266d2fca8fe8411d9a0c092fca0042145e2078ecebc5dbd74b87185e0,sheet1:R21,,,
f9e4502266d2fca8-sheet1-R22,2026-02-03,daegu-city,예산담당관,진원소우 세종나성점,간담회 개최에 따른 경비 지출,232500,f9e4502266d2fca8fe8411d9a0c092fca0042145e2078ecebc5dbd74b87185e0,sheet1:R22,,,
f9e4502266d2fca8-sheet1-R23,2026-02-04,daegu-city,예산담당관,코레일유통주식회사(오송역),간담회 개최에 따른 다과 구입비 지출,266900,f9e4502266d2fca8fe8411d9a0c092fca0042145e2078ecebc5dbd74b87185e0,sheet1:R23,,,
f9e4502266d2fca8-sheet1-R24,2026-02-05,daegu-city,예산담당관,황장군침산점,부서직원 격려를 위한 간담회 경비 지출(예산총괄팀),130500,f9e4502266d2fca8fe8411d9a0c092fca0042145e2078ecebc5dbd74b87185e0,sheet1:R24,,,
f9e4502266d2fca8-sheet1-R25,2026-02-09,daegu-city,예산담당관,아크여의도점,간담회 개최에 따른 경비 지출,290000,f9e4502266d2fca8fe8411d9a0c092fca0042145e2078ecebc5dbd74b87185e0,sheet1:R25,,,
f9e4502266d2fca8-sheet1-R26,2026-02-10,daegu-city,예산담당관,코레일유통주식회사(동대구역)외 1,간담회 개최에 따른 다과 구입비 지출,368400,f9e4502266d2fca8fe8411d9a0c092fca0042145e2078ecebc5dbd74b87185e0,sheet1:R26,,,
f9e4502266d2fca8-sheet1-R27,2026-02-10,daegu-city,예산담당관,일번가 복집,간담회 개최에 따른 경비 지출,480000,f9e4502266d2fca8fe8411d9a0c092fca0042145e2078ecebc5dbd74b87185e0,sheet1:R27,,,
f9e4502266d2fca8-sheet1-R28,2026-02-10,daegu-city,예산담당관,강온진,간담회 개최에 따른 경비 지출,175000,f9e4502266d2fca8fe8411d9a0c092fca0042145e2078ecebc5dbd74b87185e0,sheet1:R28,,,
f9e4502266d2fca8-sheet1-R29,2026-02-10,daegu-city,예산담당관,클로버샵,간담회 개최에 따른 다과 구입비 지출,308000,f9e4502266d2fca8fe8411d9a0c092fca0042145e2078ecebc5dbd74b87185e0,sheet1:R29,,,
f9e4502266d2fca8-sheet1-R30,2026-02-10,daegu-city,예산담당관,감포생밀복,간담회 개최에 따른 경비 지출,126000,f9e4502266d2fca8fe8411d9a0c092fca0042145e2078ecebc5dbd74b87185e0,sheet1:R30,,,
f9e4502266d2fca8-sheet1-R31,2026-02-12,daegu-city,예산담당관,금산삼계탕,부서직원 격려를 위한 간담회 경비 지출(주민참여예산팀),75000,f9e4502266d2fca8fe8411d9a0c092fca0042145e2078ecebc5dbd74b87185e0,sheet1:R31,,,
f9e4502266d2fca8-sheet1-R32,2026-02-12,daegu-city,예산담당관,금도새기,간담회 개최에 따른 경비 지출,144000,f9e4502266d2fca8fe8411d9a0c092fca0042145e2078ecebc5dbd74b87185e0,sheet1:R32,,,
f9e4502266d2fca8-sheet1-R33,2026-02-19,daegu-city,예산담당관,코레일유통주식회사(오송역),간담회 개최에 따른 다과 구입비 지출,187400,f9e4502266d2fca8fe8411d9a0c092fca0042145e2078ecebc5dbd74b87185e0,sheet1:R33,,,
f9e4502266d2fca8-sheet1-R34,2026-02-20,daegu-city,예산담당관,코레일유통주식회사(오송역),간담회 개최에 따른 다과 구입비 지출,98400,f9e4502266d2fca8fe8411d9a0c092fca0042145e2078ecebc5dbd74b87185e0,sheet1:R34,,,
f9e4502266d2fca8-sheet1-R35,2026-02-25,daegu-city,예산담당관,침산곤지곤지,부서직원 격려를 위한 간담회 경비 지출(재정전략팀),72000,f9e4502266d2fca8fe8411d9a0c092fca0042145e2078ecebc5dbd74b87185e0,sheet1:R35,,,
f9e4502266d2fca8-sheet1-R36,2026-02-26,daegu-city,예산담당관,파리바게뜨KBS여의도점,간담회 개최에 따른 다과구입비 지출,200000,f9e4502266d2fca8fe8411d9a0c092fca0042145e2078ecebc5dbd74b87185e0,sheet1:R36,,,
f9e4502266d2fca8-sheet1-R37,2026-02-26,daegu-city,예산담당관,순남시래기(서여의도점),간담회 개최에 따른 경비 지출,59000,f9e4502266d2fca8fe8411d9a0c092fca0042145e2078ecebc5dbd74b87185e0,sheet1:R37,,,
f9e4502266d2fca8-sheet1-R38,2026-03-04,daegu-city,예산담당관,청와대반점,간담회 개최에 따른 경비 지출,346000,f9e4502266d2fca8fe8411d9a0c092fca0042145e2078ecebc5dbd74b87185e0,sheet1:R38,,,
f9e4502266d2fca8-sheet1-R39,2026-03-05,daegu-city,예산담당관,신라스테이 전주,간담회 개최에 따른 경비 지출,471800,f9e4502266d2fca8fe8411d9a0c092fca0042145e2078ecebc5dbd74b87185e0,sheet1:R39,,,
f9e4502266d2fca8-sheet1-R40,2026-03-06,daegu-city,예산담당관,반갑소,간담회 개최에 따른 경비 지출,400000,f9e4502266d2fca8fe8411d9a0c092fca0042145e2078ecebc5dbd74b87185e0,sheet1:R40,,,
f9e4502266d2fca8-sheet1-R41,2026-03-09,daegu-city,예산담당관,종로그집,간담회 개최에 따른 경비 지출,410000,f9e4502266d2fca8fe8411d9a0c092fca0042145e2078ecebc5dbd74b87185e0,sheet1:R41,,,
f9e4502266d2fca8-sheet1-R42,2026-03-10,daegu-city,예산담당관,택이네조개전골 세종나성점,간담회 개최에 따른 경비 지출,250000,f9e4502266d2fca8fe8411d9a0c092fca0042145e2078ecebc5dbd74b87185e0,sheet1:R42,,,
f9e4502266d2fca8-sheet1-R43,2026-03-11,daegu-city,예산담당관,삼수장어,간담회 개최에 따른 경비 지출,216000,f9e4502266d2fca8fe8411d9a0c092fca0042145e2078ecebc5dbd74b87185e0,sheet1:R43,,,
f9e4502266d2fca8-sheet1-R44,2026-03-12,daegu-city,예산담당관,숲속호두 세종점,간담회 개최에 따른 다과 구입비 지출,120000,f9e4502266d2fca8fe8411d9a0c092fca0042145e2078ecebc5dbd74b87185e0,sheet1:R44,,,
f9e4502266d2fca8-sheet1-R45,2026-03-18,daegu-city,예산담당관,태평연월,부서직원 격려를 위한 다과구입비 지출,73000,f9e4502266d2fca8fe8411d9a0c092fca0042145e2078ecebc5dbd74b87185e0,sheet1:R45,,,
f9e4502266d2fca8-sheet1-R46,2026-03-25,daegu-city,예산담당관,온돌방,간담회 개최에 따른 경비 지출,340000,f9e4502266d2fca8fe8411d9a0c092fca0042145e2078ecebc5dbd74b87185e0,sheet1:R46,,,
f9e4502266d2fca8-sheet1-R47,2026-03-25,daegu-city,예산담당관,"대백마트 산격점, 이루팜",지방재정계획심의위원회 회의 개최에 따른 다과구입비 지출,180530,f9e4502266d2fca8fe8411d9a0c092fca0042145e2078ecebc5dbd74b87185e0,sheet1:R47,,,
f9e4502266d2fca8-sheet1-R48,2026-03-27,daegu-city,예산담당관,"플로아프룻, 장원",간담회 개최에 따른 경비 지출,397000,f9e4502266d2fca8fe8411d9a0c092fca0042145e2078ecebc5dbd74b87185e0,sheet1:R48,,,
f9e4502266d2fca8-sheet1-R49,2026-03-30,daegu-city,예산담당관,"온돌방, 새들스 커피 앤 바",간담회 개최에 따른 경비 지출,205000,f9e4502266d2fca8fe8411d9a0c092fca0042145e2078ecebc5dbd74b87185e0,sheet1:R49,,,
f9e4502266d2fca8-sheet1-R50,2026-03-30,daegu-city,예산담당관,메콩타이세종점,간담회 개최에 따른 경비 지출,63200,f9e4502266d2fca8fe8411d9a0c092fca0042145e2078ecebc5dbd74b87185e0,sheet1:R50,,,
2548d7101c7d4a85-sheet1-R6,2026-01-07,daegu-city,사회재난과,최고집,겨울철 화재취약시설 표본점검에 따른 간담회 경비 지출,50000,2548d7101c7d4a857519130397792713a6c930a413654b9fa69ecb8841057077,sheet1:R6,,,
2548d7101c7d4a85-sheet1-R7,2026-01-21,daegu-city,사회재난과,유아이유 시청점외 1,2026년 비상대비훈련 협조기관 간담회 경비 지출,177000,2548d7101c7d4a857519130397792713a6c930a413654b9fa69ecb8841057077,sheet1:R7,,,
2548d7101c7d4a85-sheet1-R8,2026-01-23,daegu-city,사회재난과,오케이마트,사회재난 업무 간담회 경비 지출,39800,2548d7101c7d4a857519130397792713a6c930a413654b9fa69ecb8841057077,sheet1:R8,,,
2548d7101c7d4a85-sheet1-R9,2026-01-28,daegu-city,사회재난과,싱싱해싱싱어수성본점,2026년 대구·경북 통합방위협의회 실무위원 간담회 경비 지출,240000,2548d7101c7d4a857519130397792713a6c930a413654b9fa69ecb8841057077,sheet1:R9,,,
2548d7101c7d4a85-sheet1-R10,2026-02-12,daegu-city,사회재난과,이디야커피대구시청점외 1,군위군 예비군 수송지원 방안 협의 간담회 경비 지출,94100,2548d7101c7d4a857519130397792713a6c930a413654b9fa69ecb8841057077,sheet1:R10,,,
2548d7101c7d4a85-sheet1-R11,2026-02-09,daegu-city,사회재난과,지에이피유통 영농조합법인,설맞이 통합방위 관계관 지역특산품 구입,385000,2548d7101c7d4a857519130397792713a6c930a413654b9fa69ecb8841057077,sheet1:R11,,,
2548d7101c7d4a85-sheet1-R12,2026-02-12,daegu-city,사회재난과,제우스플라워,사회재난 업무 간담회 경비 지출,300000,2548d7101c7d4a857519130397792713a6c930a413654b9fa69ecb8841057077,sheet1:R12,,,
2548d7101c7d4a85-sheet1-R13,2026-02-12,daegu-city,사회재난과,제우스플라워,근조화환 구입,130000,2548d7101c7d4a857519130397792713a6c930a413654b9fa69ecb8841057077,sheet1:R13,,,
2548d7101c7d4a85-sheet1-R14,2026-02-18,daegu-city,사회재난과,투썸플레이스팔공산점,사회재난 업무 간담회 경비 지출,23500,2548d7101c7d4a857519130397792713a6c930a413654b9fa69ecb8841057077,sheet1:R14,,,
2548d7101c7d4a85-sheet1-R15,2026-02-19,daegu-city,사회재난과,최고집,사회재난 업무 간담회 경비 지출,55000,2548d7101c7d4a857519130397792713a6c930a413654b9fa69ecb8841057077,sheet1:R15,,,
2548d7101c7d4a85-sheet1-R16,2026-02-20,daegu-city,사회재난과,마트프라임경대병원점,인력동원 실무자교육에 따른 다과 구입,143700,2548d7101c7d4a857519130397792713a6c930a413654b9fa69ecb8841057077,sheet1:R16,,,
2548d7101c7d4a85-sheet1-R17,2026-02-27,daegu-city,사회재난과,이얼즈외 1,예비군의 날 행사 준비 관련 업무 협의,147800,2548d7101c7d4a857519130397792713a6c930a413654b9fa69ecb8841057077,sheet1:R17,,,
2548d7101c7d4a85-sheet1-R18,2026-03-06,daegu-city,사회재난과,엄식당,업무 추진 간담회 비용 지출,70000,2548d7101c7d4a857519130397792713a6c930a413654b9fa69ecb8841057077,sheet1:R18,,,
2548d7101c7d4a85-sheet1-R19,2026-03-12,daegu-city,사회재난과,카페나우 북구청점외 1,업무 추진 간담회 비용 지출,84000,2548d7101c7d4a857519130397792713a6c930a413654b9fa69ecb8841057077,sheet1:R19,,,
2548d7101c7d4a85-sheet1-R20,2026-03-12,daegu-city,사회재난과,브레드 그로브(bread grove),사회재난 업무 간담회 경비 지출,89000,2548d7101c7d4a857519130397792713a6c930a413654b9fa69ecb8841057077,sheet1:R20,,,
2548d7101c7d4a85-sheet1-R21,2026-03-19,daegu-city,사회재난과,이루팜,제58회 예비군의 날 행사 기념식 관련 업무협의 간 다과 경비 지출,60000,2548d7101c7d4a857519130397792713a6c930a413654b9fa69ecb8841057077,sheet1:R21,,,
2548d7101c7d4a85-sheet1-R22,2026-03-25,daegu-city,사회재난과,온돌방,업무 추진 간담회 비용 지출,262000,2548d7101c7d4a857519130397792713a6c930a413654b9fa69ecb8841057077,sheet1:R22,,,
2548d7101c7d4a85-sheet1-R23,2026-03-23,daegu-city,사회재난과,온돌방 외1,2026년 화랑훈련 전 관계기관 실무토의 간담회 경비 지출,226000,2548d7101c7d4a857519130397792713a6c930a413654b9fa69ecb8841057077,sheet1:R23,,,
2548d7101c7d4a85-sheet1-R24,2026-03-24,daegu-city,사회재난과,풍년화로,사회재난 업무 간담회 경비 지출,64000,2548d7101c7d4a857519130397792713a6c930a413654b9fa69ecb8841057077,sheet1:R24,,,
1993ebf4fb2facb7-sheet1-R4,2026-01-20,daegu-city,건설산업과,신도칼국수,지하도상가 관련 업무 추진을 위한 간담회 경비 지출,92000,1993ebf4fb2facb74a6dd2fbaa11969c88cd017bb8b2b953655de4e695e2708d,sheet1:R4,,,
1993ebf4fb2facb7-sheet1-R5,2026-01-20,daegu-city,건설산업과,커피오피스길건너점,지하도상가 관련 업무 추진을 위한 간담회 경비 지출,21500,1993ebf4fb2facb74a6dd2fbaa11969c88cd017bb8b2b953655de4e695e2708d,sheet1:R5,,,
1993ebf4fb2facb7-sheet1-R6,2026-01-28,daegu-city,건설산업과,장원,2026년 제1차 대구광역시지방토지수용위원회 간담회 경비 지출,272000,1993ebf4fb2facb74a6dd2fbaa11969c88cd017bb8b2b953655de4e695e2708d,sheet1:R6,,,
1993ebf4fb2facb7-sheet1-R7,2026-02-13,daegu-city,건설산업과,토담,지역건설산업 활성화 방안 모색을 위한 간담회 경비 지출,240000,1993ebf4fb2facb74a6dd2fbaa11969c88cd017bb8b2b953655de4e695e2708d,sheet1:R7,,,
f98688f75c54c39a-sheet1-R6,2026-01-06,daegu-city,공무원교육원,오름 외 1,전입 직원 격려 간담회 경비 지출,267300,f98688f75c54c39a9dc787b4689a24fe3eb4e053507d7e5e700fbd62dd51d1fb,sheet1:R6,,,
f98688f75c54c39a-sheet1-R7,2026-01-16,daegu-city,공무원교육원,교육원 직원,경조사비 지출,50000,f98688f75c54c39a9dc787b4689a24fe3eb4e053507d7e5e700fbd62dd51d1fb,sheet1:R7,,,
f98688f75c54c39a-sheet1-R8,2026-02-02,daegu-city,공무원교육원,교동면옥 동인점,직원 격려 간담회 경비 지출,168000,f98688f75c54c39a9dc787b4689a24fe3eb4e053507d7e5e700fbd62dd51d1fb,sheet1:R8,,,
f98688f75c54c39a-sheet1-R9,2026-02-10,daegu-city,공무원교육원,교동할매 외 1,직원 격려 간담회 경비 지출,199000,f98688f75c54c39a9dc787b4689a24fe3eb4e053507d7e5e700fbd62dd51d1fb,sheet1:R9,,,
f98688f75c54c39a-sheet1-R10,2026-02-25,daegu-city,공무원교육원,교육원 직원,경조사비 지출,50000,f98688f75c54c39a9dc787b4689a24fe3eb4e053507d7e5e700fbd62dd51d1fb,sheet1:R10,,,
f98688f75c54c39a-sheet2-R6,2026-01-21,daegu-city,공무원교육원,벙글벙글찜갈비,노사 협력 및 교육계획 수립을 위한 간담회 경비 지출,69000,f98688f75c54c39a9dc787b4689a24fe3eb4e053507d7e5e700fbd62dd51d1fb,sheet2:R6,,,
f98688f75c54c39a-sheet2-R7,2026-01-29,daegu-city,공무원교육원,벙글벙글찜갈비,교육원 업무협의 관련 간담회 경비 지출,92000,f98688f75c54c39a9dc787b4689a24fe3eb4e053507d7e5e700fbd62dd51d1fb,sheet2:R7,,,
f98688f75c54c39a-sheet2-R8,2026-02-03,daegu-city,공무원교육원,벙글벙글찜갈비,교육원 업무협의 관련 간담회 경비 지출,69000,f98688f75c54c39a9dc787b4689a24fe3eb4e053507d7e5e700fbd62dd51d1fb,sheet2:R8,,,
f98688f75c54c39a-sheet2-R9,2026-02-05,daegu-city,공무원교육원,벙글벙글찜갈비,교육원 업무협의 관련 간담회 경비 지출,107000,f98688f75c54c39a9dc787b4689a24fe3eb4e053507d7e5e700fbd62dd51d1fb,sheet2:R9,,,
f98688f75c54c39a-sheet2-R10,2026-02-11,daegu-city,공무원교육원,백련차와식사,교육원 업무협의 관련 간담회 경비 지출,82000,f98688f75c54c39a9dc787b4689a24fe3eb4e053507d7e5e700fbd62dd51d1fb,sheet2:R10,,,
f98688f75c54c39a-sheet2-R11,2026-02-13,daegu-city,공무원교육원,신암 태양칼국수,교육원 업무협의 관련 간담회 경비 지출,49500,f98688f75c54c39a9dc787b4689a24fe3eb4e053507d7e5e700fbd62dd51d1fb,sheet2:R11,,,
f98688f75c54c39a-sheet2-R12,2026-02-26,daegu-city,공무원교육원,벙글벙글찜갈비 외 1,교육원 업무협의 관련 간담회 경비 지출,58000,f98688f75c54c39a9dc787b4689a24fe3eb4e053507d7e5e700fbd62dd51d1fb,sheet2:R12,,,
f98688f75c54c39a-sheet2-R13,2026-03-03,daegu-city,공무원교육원,브레스커피웍스(breath coffee works)외 1,신규자 위탁교육 관련 간담회 경비 지출,111700,f98688f75c54c39a9dc787b4689a24fe3eb4e053507d7e5e700fbd62dd51d1fb,sheet2:R13,,,
f98688f75c54c39a-sheet2-R14,2026-03-04,daegu-city,공무원교육원,그저모이기외 1,중견실무리더과정 운영기관 관계자와의 간담회 경비 지출,249800,f98688f75c54c39a9dc787b4689a24fe3eb4e053507d7e5e700fbd62dd51d1fb,sheet2:R14,,,
f98688f75c54c39a-sheet2-R15,2026-03-05,daegu-city,공무원교육원,벙글벙글찜갈비,교육원 업무협의 관련 간담회 경비 지출(수정),95000,f98688f75c54c39a9dc787b4689a24fe3eb4e053507d7e5e700fbd62dd51d1fb,sheet2:R15,,,
f98688f75c54c39a-sheet2-R16,2026-03-10,daegu-city,공무원교육원,자갈치회타운,교육원 업무협의 관련 간담회 경비 지출,68000,f98688f75c54c39a9dc787b4689a24fe3eb4e053507d7e5e700fbd62dd51d1fb,sheet2:R16,,,
f98688f75c54c39a-sheet2-R17,2026-03-11,daegu-city,공무원교육원,스시소라(대구점),교육원 업무협의 관련 간담회 경비 지출,120000,f98688f75c54c39a9dc787b4689a24fe3eb4e053507d7e5e700fbd62dd51d1fb,sheet2:R17,,,
f98688f75c54c39a-sheet2-R18,2026-03-17,daegu-city,공무원교육원,싱글톤커피외 1,신규자 교육 관련 간담회 경비 지출,121500,f98688f75c54c39a9dc787b4689a24fe3eb4e053507d7e5e700fbd62dd51d1fb,sheet2:R18,,,
f98688f75c54c39a-sheet2-R19,2026-03-24,daegu-city,공무원교육원,낙영찜갈비 별관,교육원 업무협의 관련 간담회 경비 지출,76000,f98688f75c54c39a9dc787b4689a24fe3eb4e053507d7e5e700fbd62dd51d1fb,sheet2:R19,,,
f98688f75c54c39a-sheet2-R20,2026-03-30,daegu-city,공무원교육원,자갈치회타운,교육원 업무협의 관련 간담회 경비 지출,75000,f98688f75c54c39a9dc787b4689a24fe3eb4e053507d7e5e700fbd62dd51d1fb,sheet2:R20,,,
1cb34c3a0fa031b3-sheet1-R6,2026-01-07,daegu-city,신천개발과,제형옥 범어점,주요시책 간담회 경비 지출,196000,1cb34c3a0fa031b3e2326c7a598583264f85f86280fe1f5d7b9ec6ad0d4387ea,sheet1:R6,,,
1cb34c3a0fa031b3-sheet1-R7,2026-01-08,daegu-city,신천개발과,파도집,주요시책 간담회 경비 지출,165000,1cb34c3a0fa031b3e2326c7a598583264f85f86280fe1f5d7b9ec6ad0d4387ea,sheet1:R7,,,
1cb34c3a0fa031b3-sheet1-R8,2026-01-15,daegu-city,신천개발과,정애돈,주요시책 간담회 경비 지출,240000,1cb34c3a0fa031b3e2326c7a598583264f85f86280fe1f5d7b9ec6ad0d4387ea,sheet1:R8,,,
1cb34c3a0fa031b3-sheet1-R9,2026-01-19,daegu-city,신천개발과,삼수장어 본점,주요시책 간담회 경비 지출,140000,1cb34c3a0fa031b3e2326c7a598583264f85f86280fe1f5d7b9ec6ad0d4387ea,sheet1:R9,,,
1cb34c3a0fa031b3-sheet1-R10,2026-02-10,daegu-city,신천개발과,반고개뒷고기,주요시책 간담회 경비 지출,261500,1cb34c3a0fa031b3e2326c7a598583264f85f86280fe1f5d7b9ec6ad0d4387ea,sheet1:R10,,,
1cb34c3a0fa031b3-sheet1-R11,2026-03-16,daegu-city,신천개발과,백두대감,주요시책 간담회 경비 지출,140000,1cb34c3a0fa031b3e2326c7a598583264f85f86280fe1f5d7b9ec6ad0d4387ea,sheet1:R11,,,
1cb34c3a0fa031b3-sheet1-R12,2026-03-24,daegu-city,신천개발과,개정 이시아폴리스점,주요시책 간담회 경비 지출,80000,1cb34c3a0fa031b3e2326c7a598583264f85f86280fe1f5d7b9ec6ad0d4387ea,sheet1:R12,,,
8ca4211b303b74f7-sheet1-R6,2026-01-07,daegu-city,자연재난과,온돌방,겨울철 자연재난(대설) 대응 관련 업무추진 간담회 비용 지출,270000,8ca4211b303b74f7ca62c80db8d25eb0c664fc07e347798d22e4062f1b1e6432,sheet1:R6,,,
8ca4211b303b74f7-sheet1-R7,2026-01-14,daegu-city,자연재난과,오케이마트,겨울철 자연재난(강풍) 대비 업무추진 관련 다과비 지출,150000,8ca4211b303b74f7ca62c80db8d25eb0c664fc07e347798d22e4062f1b1e6432,sheet1:R7,,,
8ca4211b303b74f7-sheet1-R8,2026-01-13,daegu-city,자연재난과,오구왕소금구이,겨울철 자연재난 대비 직원 격려 간담회 지출,270000,8ca4211b303b74f7ca62c80db8d25eb0c664fc07e347798d22e4062f1b1e6432,sheet1:R8,,,
8ca4211b303b74f7-sheet1-R9,2026-01-07,daegu-city,자연재난과,호두가,직원 격려 간식비 지출,72000,8ca4211b303b74f7ca62c80db8d25eb0c664fc07e347798d22e4062f1b1e6432,sheet1:R9,,,
8ca4211b303b74f7-sheet1-R10,2026-01-22,daegu-city,자연재난과,만재네 교동점,재해예방사업 관련 직원 격려 간담회,142000,8ca4211b303b74f7ca62c80db8d25eb0c664fc07e347798d22e4062f1b1e6432,sheet1:R10,,,
8ca4211b303b74f7-sheet1-R11,2026-01-28,daegu-city,자연재난과,라꾸엔,한파쉼터 행안부 합동점검 간담회 지출,209000,8ca4211b303b74f7ca62c80db8d25eb0c664fc07e347798d22e4062f1b1e6432,sheet1:R11,,,
8ca4211b303b74f7-sheet1-R12,2026-01-30,daegu-city,자연재난과,낙영찜갈비,겨울철 대설 준비사항 점검 관련 감담회 비용 지출,92000,8ca4211b303b74f7ca62c80db8d25eb0c664fc07e347798d22e4062f1b1e6432,sheet1:R12,,,
8ca4211b303b74f7-sheet1-R13,2026-02-12,daegu-city,자연재난과,노상치킨,겨울철 자연재난 대비 직원 격려 간담회 지출,114800,8ca4211b303b74f7ca62c80db8d25eb0c664fc07e347798d22e4062f1b1e6432,sheet1:R13,,,
8ca4211b303b74f7-sheet1-R14,2026-02-24,daegu-city,자연재난과,보리밥 코다리찜 전문점,풍수해·지진재해보험 관련 업무추진 간담회 비용 지출,75000,8ca4211b303b74f7ca62c80db8d25eb0c664fc07e347798d22e4062f1b1e6432,sheet1:R14,,,
8ca4211b303b74f7-sheet1-R15,2026-02-26,daegu-city,자연재난과,피자헛 성서계명대점,겨울철 자연재난 대응 직원 격려 간식비 지출,270000,8ca4211b303b74f7ca62c80db8d25eb0c664fc07e347798d22e4062f1b1e6432,sheet1:R15,,,
8ca4211b303b74f7-sheet1-R16,2026-03-18,daegu-city,자연재난과,쿠팡,부서 간식 구입,119450,8ca4211b303b74f7ca62c80db8d25eb0c664fc07e347798d22e4062f1b1e6432,sheet1:R16,,,
8ca4211b303b74f7-sheet1-R17,2026-03-19,daegu-city,자연재난과,파운드마켓,하천 자동차단시설 설치 국비 확보 협의 관련 다과비 지출,64000,8ca4211b303b74f7ca62c80db8d25eb0c664fc07e347798d22e4062f1b1e6432,sheet1:R17,,,
8ca4211b303b74f7-sheet1-R18,2026-03-24,daegu-city,자연재난과,미담국수,빗물펌프장 민관합동점검 업무추진 간담회 비용 지출,117000,8ca4211b303b74f7ca62c80db8d25eb0c664fc07e347798d22e4062f1b1e6432,sheet1:R18,,,
8ca4211b303b74f7-sheet1-R19,2026-03-26,daegu-city,자연재난과,오케이마트,여름철 자연재난 대비 실무회의 관련 다과비 지출,150000,8ca4211b303b74f7ca62c80db8d25eb0c664fc07e347798d22e4062f1b1e6432,sheet1:R19,,,
8ca4211b303b74f7-sheet1-R20,2026-03-18,daegu-city,자연재난과,이얼즈,하천·계곡 및 주변 불법 시설 정비 관련 간담회,38700,8ca4211b303b74f7ca62c80db8d25eb0c664fc07e347798d22e4062f1b1e6432,sheet1:R20,,,
8ca4211b303b74f7-sheet1-R21,2026-03-25,daegu-city,자연재난과,온돌방,직원 격려 간담회 비용 지출,199200,8ca4211b303b74f7ca62c80db8d25eb0c664fc07e347798d22e4062f1b1e6432,sheet1:R21,,,
8ca4211b303b74f7-sheet1-R22,2026-03-25,daegu-city,자연재난과,쿠팡,부서 간식 구입,59250,8ca4211b303b74f7ca62c80db8d25eb0c664fc07e347798d22e4062f1b1e6432,sheet1:R22,,,
8d090da971ef73a4-sheet1-R6,2026-01-02,daegu-city,관리과,송정동태,직원 격려 간담회 경비 지출(본부장),38000,8d090da971ef73a4359a0f0e0349d36b07cd3f7db85875c4b557400b90bc8337,sheet1:R6,,,
8d090da971ef73a4-sheet1-R7,2026-01-05,daegu-city,관리과,강나루식당,주요 시책사업 관련 관계자 간담회 경비 지출(건설토목부장),90000,8d090da971ef73a4359a0f0e0349d36b07cd3f7db85875c4b557400b90bc8337,sheet1:R7,,,
8d090da971ef73a4-sheet1-R8,2026-01-06,daegu-city,관리과,가식,시정현안 간담회 경비 지출(본부장),69900,8d090da971ef73a4359a0f0e0349d36b07cd3f7db85875c4b557400b90bc8337,sheet1:R8,,,
8d090da971ef73a4-sheet1-R9,2026-01-06,daegu-city,관리과,월배메기매운탕,주요 시책사업 관련 관계자 간담회 경비 지출(건설토목부장),183000,8d090da971ef73a4359a0f0e0349d36b07cd3f7db85875c4b557400b90bc8337,sheet1:R9,,,
8d090da971ef73a4-sheet1-R10,2026-01-07,daegu-city,관리과,슈블랑,기관운영업무추진비 지출(본부장),99600,8d090da971ef73a4359a0f0e0349d36b07cd3f7db85875c4b557400b90bc8337,sheet1:R10,,,
8d090da971ef73a4-sheet1-R11,2026-01-07,daegu-city,관리과,조선숯불,주요 시책사업 관련 관계자 간담회 경비 지출(건축기전부장),200000,8d090da971ef73a4359a0f0e0349d36b07cd3f7db85875c4b557400b90bc8337,sheet1:R11,,,
8d090da971ef73a4-sheet1-R12,2026-01-09,daegu-city,관리과,이방인식당,시정현안 간담회 경비 지출(본부장),64000,8d090da971ef73a4359a0f0e0349d36b07cd3f7db85875c4b557400b90bc8337,sheet1:R12,,,
8d090da971ef73a4-sheet1-R13,2026-01-09,daegu-city,관리과,해금강,주요 시책사업 관련 관계자 간담회 경비 지출(건설토목부장),130000,8d090da971ef73a4359a0f0e0349d36b07cd3f7db85875c4b557400b90bc8337,sheet1:R13,,,
8d090da971ef73a4-sheet1-R14,2026-01-13,daegu-city,관리과,SSG.COM,내방객 접대용 다과 구입비 지출,179388,8d090da971ef73a4359a0f0e0349d36b07cd3f7db85875c4b557400b90bc8337,sheet1:R14,,,
8d090da971ef73a4-sheet1-R15,2026-01-13,daegu-city,관리과,개인(성명 비공개),경조사비 지출,50000,8d090da971ef73a4359a0f0e0349d36b07cd3f7db85875c4b557400b90bc8337,sheet1:R15,,,
8d090da971ef73a4-sheet1-R16,2026-01-13,daegu-city,관리과,최정자백년식당,시정현안 간담회 경비 지출(본부장),44000,8d090da971ef73a4359a0f0e0349d36b07cd3f7db85875c4b557400b90bc8337,sheet1:R16,,,
8d090da971ef73a4-sheet1-R17,2026-01-16,daegu-city,관리과,이방인식당,시정현안 간담회 경비 지출(본부장),64000,8d090da971ef73a4359a0f0e0349d36b07cd3f7db85875c4b557400b90bc8337,sheet1:R17,,,
8d090da971ef73a4-sheet1-R18,2026-01-16,daegu-city,관리과,포항해물탕,주요 시책사업 관련 관계자 간담회 경비 지출(건설토목부장),80000,8d090da971ef73a4359a0f0e0349d36b07cd3f7db85875c4b557400b90bc8337,sheet1:R18,,,
8d090da971ef73a4-sheet1-R19,2026-01-19,daegu-city,관리과,개인(성명 비공개),경조사비 지출,50000,8d090da971ef73a4359a0f0e0349d36b07cd3f7db85875c4b557400b90bc8337,sheet1:R19,,,
8d090da971ef73a4-sheet1-R20,2026-01-19,daegu-city,관리과,녹수동태탕찜,시정현안 간담회 경비 지출(본부장),48000,8d090da971ef73a4359a0f0e0349d36b07cd3f7db85875c4b557400b90bc8337,sheet1:R20,,,
8d090da971ef73a4-sheet1-R21,2026-01-20,daegu-city,관리과,8번식당,시정현안 간담회 경비 지출(본부장),118000,8d090da971ef73a4359a0f0e0349d36b07cd3f7db85875c4b557400b90bc8337,sheet1:R21,,,
8d090da971ef73a4-sheet1-R22,2026-01-20,daegu-city,관리과,마차이짬뽕,시정현안 간담회 경비 지출(관리부장),143000,8d090da971ef73a4359a0f0e0349d36b07cd3f7db85875c4b557400b90bc8337,sheet1:R22,,,
8d090da971ef73a4-sheet1-R23,2026-01-21,daegu-city,관리과,포항해물탕,시정현안 간담회 경비 지출(본부장),64000,8d090da971ef73a4359a0f0e0349d36b07cd3f7db85875c4b557400b90bc8337,sheet1:R23,,,
8d090da971ef73a4-sheet1-R24,2026-01-21,daegu-city,관리과,야사오미나미,시정현안 간담회 경비 지출(본부장),197000,8d090da971ef73a4359a0f0e0349d36b07cd3f7db85875c4b557400b90bc8337,sheet1:R24,,,
8d090da971ef73a4-sheet1-R25,2026-01-22,daegu-city,관리과,어울림만두전골,시정현안 간담회 경비 지출(본부장),22000,8d090da971ef73a4359a0f0e0349d36b07cd3f7db85875c4b557400b90bc8337,sheet1:R25,,,
8d090da971ef73a4-sheet1-R26,2026-01-28,daegu-city,관리과,녹수동태탕찜,시정현안 간담회 경비 지출(관리부장),46000,8d090da971ef73a4359a0f0e0349d36b07cd3f7db85875c4b557400b90bc8337,sheet1:R26,,,
8d090da971ef73a4-sheet1-R27,2026-02-02,daegu-city,관리과,칠성식당,시정현안 간담회 경비 지출(본부장),68000,8d090da971ef73a4359a0f0e0349d36b07cd3f7db85875c4b557400b90bc8337,sheet1:R27,,,
8d090da971ef73a4-sheet1-R28,2026-02-03,daegu-city,관리과,풍천민물장어,주요 시책사업 관련 관계자 간담회 경비 지출(건설토목부장),30000,8d090da971ef73a4359a0f0e0349d36b07cd3f7db85875c4b557400b90bc8337,sheet1:R28,,,
8d090da971ef73a4-sheet1-R29,2026-02-04,daegu-city,관리과,포항해물탕,시정현안 간담회 경비 지출(본부장),32000,8d090da971ef73a4359a0f0e0349d36b07cd3f7db85875c4b557400b90bc8337,sheet1:R29,,,
8d090da971ef73a4-sheet1-R30,2026-02-05,daegu-city,관리과,곤지곤지침산점,시정현안 간담회 경비 지출(관리부장),68000,8d090da971ef73a4359a0f0e0349d36b07cd3f7db85875c4b557400b90bc8337,sheet1:R30,,,
8d090da971ef73a4-sheet1-R31,2026-02-06,daegu-city,관리과,장원,시정현안 간담회 경비 지출(본부장),215000,8d090da971ef73a4359a0f0e0349d36b07cd3f7db85875c4b557400b90bc8337,sheet1:R31,,,
8d090da971ef73a4-sheet1-R32,2026-02-06,daegu-city,관리과,야부리,시정현안 간담회 경비 지출(본부장),242000,8d090da971ef73a4359a0f0e0349d36b07cd3f7db85875c4b557400b90bc8337,sheet1:R32,,,
8d090da971ef73a4-sheet1-R33,2026-02-09,daegu-city,관리과,유경,시정현안 간담회 경비 지출(관리부장),80000,8d090da971ef73a4359a0f0e0349d36b07cd3f7db85875c4b557400b90bc8337,sheet1:R33,,,
8d090da971ef73a4-sheet1-R34,2026-02-09,daegu-city,관리과,동곡윤송손칼국수,주요 시책사업 관련 관계자 간담회 경비 지출(건설토목부장),48000,8d090da971ef73a4359a0f0e0349d36b07cd3f7db85875c4b557400b90bc8337,sheet1:R34,,,
8d090da971ef73a4-sheet1-R35,2026-02-09,daegu-city,관리과,데일리찜닭,시정현안 간담회 경비 지출(본부장),90400,8d090da971ef73a4359a0f0e0349d36b07cd3f7db85875c4b557400b90bc8337,sheet1:R35,,,
8d090da971ef73a4-sheet1-R36,2026-02-10,daegu-city,관리과,이마트칠성점,내방객 접대용 다과 구입비 지출,24900,8d090da971ef73a4359a0f0e0349d36b07cd3f7db85875c4b557400b90bc8337,sheet1:R36,,,
8d090da971ef73a4-sheet1-R37,2026-02-11,daegu-city,관리과,녹수동태탕찜,시정현안 간담회 경비 지출(관리부장),36000,8d090da971ef73a4359a0f0e0349d36b07cd3f7db85875c4b557400b90bc8337,sheet1:R37,,,
8d090da971ef73a4-sheet1-R38,2026-02-12,daegu-city,관리과,한우정곰탕,시정현안 간담회 경비 지출(본부장),331000,8d090da971ef73a4359a0f0e0349d36b07cd3f7db85875c4b557400b90bc8337,sheet1:R38,,,
8d090da971ef73a4-sheet1-R39,2026-02-12,daegu-city,관리과,하나사쿠,주요 시책사업 관련 관계자 간담회 경비 지출(건설토목부장),35000,8d090da971ef73a4359a0f0e0349d36b07cd3f7db85875c4b557400b90bc8337,sheet1:R39,,,
8d090da971ef73a4-sheet1-R40,2026-02-13,daegu-city,관리과,포항해물탕,시정현안 간담회 경비 지출(본부장),64000,8d090da971ef73a4359a0f0e0349d36b07cd3f7db85875c4b557400b90bc8337,sheet1:R40,,,
8d090da971ef73a4-sheet1-R41,2026-02-19,daegu-city,관리과,SSG.COM,내방객 접대용 다과 구입비 지출,188270,8d090da971ef73a4359a0f0e0349d36b07cd3f7db85875c4b557400b90bc8337,sheet1:R41,,,
8d090da971ef73a4-sheet1-R42,2026-02-19,daegu-city,관리과,무주구천동메기매운탕,주요 시책사업 관련 관계자 간담회 경비 지출(건축기전부장),55000,8d090da971ef73a4359a0f0e0349d36b07cd3f7db85875c4b557400b90bc8337,sheet1:R42,,,
8d090da971ef73a4-sheet1-R43,2026-02-24,daegu-city,관리과,박프로송탄부대찌개,시정현안 간담회 경비 지출(본부장),51000,8d090da971ef73a4359a0f0e0349d36b07cd3f7db85875c4b557400b90bc8337,sheet1:R43,,,
8d090da971ef73a4-sheet1-R44,2026-02-25,daegu-city,관리과,와촌식육식당,주요 시책사업 관련 관계자 간담회 경비 지출(건설토목부장),59000,8d090da971ef73a4359a0f0e0349d36b07cd3f7db85875c4b557400b90bc8337,sheet1:R44,,,
8d090da971ef73a4-sheet1-R45,2026-02-25,daegu-city,관리과,맥참숯불식육식당,시정현안 간담회 경비 지출(관리부장),36000,8d090da971ef73a4359a0f0e0349d36b07cd3f7db85875c4b557400b90bc8337,sheet1:R45,,,
8d090da971ef73a4-sheet1-R46,2026-02-25,daegu-city,관리과,화중,시정현안 간담회 경비 지출(본부장),380000,8d090da971ef73a4359a0f0e0349d36b07cd3f7db85875c4b557400b90bc8337,sheet1:R46,,,
8d090da971ef73a4-sheet1-R47,2026-03-03,daegu-city,관리과,송정동태,시정현안 간담회 경비 지출(본부장),115000,8d090da971ef73a4359a0f0e0349d36b07cd3f7db85875c4b557400b90bc8337,sheet1:R47,,,
8d090da971ef73a4-sheet1-R48,2026-03-04,daegu-city,관리과,보틀캠프,시정현안 간담회 경비 지출(본부장),350000,8d090da971ef73a4359a0f0e0349d36b07cd3f7db85875c4b557400b90bc8337,sheet1:R48,,,
8d090da971ef73a4-sheet1-R49,2026-03-10,daegu-city,관리과,울루루스시앤돈까스,시정현안 간담회 경비 지출(본부장),20000,8d090da971ef73a4359a0f0e0349d36b07cd3f7db85875c4b557400b90bc8337,sheet1:R49,,,
8d090da971ef73a4-sheet1-R50,2026-03-10,daegu-city,관리과,화중,시정현안 간담회 경비 지출(본부장),380000,8d090da971ef73a4359a0f0e0349d36b07cd3f7db85875c4b557400b90bc8337,sheet1:R50,,,
8d090da971ef73a4-sheet1-R51,2026-03-11,daegu-city,관리과,오복미역,시정현안 간담회 경비 지출(본부장),30000,8d090da971ef73a4359a0f0e0349d36b07cd3f7db85875c4b557400b90bc8337,sheet1:R51,,,
8d090da971ef73a4-sheet1-R52,2026-03-11,daegu-city,관리과,무주구천동메기매운탕,시정현안 간담회 경비 지출(본부장),140000,8d090da971ef73a4359a0f0e0349d36b07cd3f7db85875c4b557400b90bc8337,sheet1:R52,,,
8d090da971ef73a4-sheet1-R53,2026-03-12,daegu-city,관리과,와촌식육식당,주요 시책사업 관련 관계자 간담회 경비 지출(건설토목부장),105000,8d090da971ef73a4359a0f0e0349d36b07cd3f7db85875c4b557400b90bc8337,sheet1:R53,,,
8d090da971ef73a4-sheet1-R54,2026-03-12,daegu-city,관리과,제주별돈,기관운영업무추진비 지출(본부장),114420,8d090da971ef73a4359a0f0e0349d36b07cd3f7db85875c4b557400b90bc8337,sheet1:R54,,,
8d090da971ef73a4-sheet1-R55,2026-03-13,daegu-city,관리과,느티나무농장,주요 시책사업 관련 관계자 간담회 경비 지출(건설토목부장),240000,8d090da971ef73a4359a0f0e0349d36b07cd3f7db85875c4b557400b90bc8337,sheet1:R55,,,
8d090da971ef73a4-sheet1-R56,2026-03-16,daegu-city,관리과,개인(성명 비공개),경조사비 지출,50000,8d090da971ef73a4359a0f0e0349d36b07cd3f7db85875c4b557400b90bc8337,sheet1:R56,,,
8d090da971ef73a4-sheet1-R57,2026-03-16,daegu-city,관리과,SSG.COM,내방객 접대용 다과 구입비 지출,141334,8d090da971ef73a4359a0f0e0349d36b07cd3f7db85875c4b557400b90bc8337,sheet1:R57,,,
8d090da971ef73a4-sheet1-R58,2026-03-17,daegu-city,관리과,창미고깃집,기관운영업무추진비 지출(본부장),85000,8d090da971ef73a4359a0f0e0349d36b07cd3f7db85875c4b557400b90bc8337,sheet1:R58,,,
8d090da971ef73a4-sheet1-R59,2026-03-17,daegu-city,관리과,신세계대구점,기관운영업무추진비 지출(본부장),71000,8d090da971ef73a4359a0f0e0349d36b07cd3f7db85875c4b557400b90bc8337,sheet1:R59,,,
8d090da971ef73a4-sheet1-R60,2026-03-17,daegu-city,관리과,오마이바스켓,주요 시책사업 관련 관계자 간담회 경비 지출(건설토목부장),25000,8d090da971ef73a4359a0f0e0349d36b07cd3f7db85875c4b557400b90bc8337,sheet1:R60,,,
8d090da971ef73a4-sheet1-R61,2026-03-23,daegu-city,관리과,녹수동태탕찜,시정현안 간담회 경비 지출(본부장),48000,8d090da971ef73a4359a0f0e0349d36b07cd3f7db85875c4b557400b90bc8337,sheet1:R61,,,
8d090da971ef73a4-sheet1-R62,2026-03-24,daegu-city,관리과,정담,시정현안 간담회 경비 지출(본부장),43600,8d090da971ef73a4359a0f0e0349d36b07cd3f7db85875c4b557400b90bc8337,sheet1:R62,,,
8d090da971ef73a4-sheet1-R63,2026-03-25,daegu-city,관리과,시골풍경칼국수수제비,시정현안 간담회 경비 지출(본부장),18000,8d090da971ef73a4359a0f0e0349d36b07cd3f7db85875c4b557400b90bc8337,sheet1:R63,,,
8d090da971ef73a4-sheet1-R64,2026-03-25,daegu-city,관리과,핸즈커피,주요 시책사업 관련 관계자 간담회 경비 지출(건설토목부장),52600,8d090da971ef73a4359a0f0e0349d36b07cd3f7db85875c4b557400b90bc8337,sheet1:R64,,,
8d090da971ef73a4-sheet1-R65,2026-03-26,daegu-city,관리과,신암태양칼국수,직원 격려 간담회 경비 지출(본부장),122000,8d090da971ef73a4359a0f0e0349d36b07cd3f7db85875c4b557400b90bc8337,sheet1:R65,,,
8d090da971ef73a4-sheet1-R66,2026-03-27,daegu-city,관리과,어울림만두전골,시정현안 간담회 경비 지출(본부장),26000,8d090da971ef73a4359a0f0e0349d36b07cd3f7db85875c4b557400b90bc8337,sheet1:R66,,,
8d090da971ef73a4-sheet1-R67,2026-03-31,daegu-city,관리과,생물아구전문점,직원 격려 간담회 경비 지출(본부장),105000,8d090da971ef73a4359a0f0e0349d36b07cd3f7db85875c4b557400b90bc8337,sheet1:R67,,,
8d090da971ef73a4-sheet1-R68,2026-03-31,daegu-city,관리과,한울식당,직원 격려 간담회 경비 지출(본부장),72000,8d090da971ef73a4359a0f0e0349d36b07cd3f7db85875c4b557400b90bc8337,sheet1:R68,,,
1aa7556a63ae0f49-sheet1-R6,2026-01-12,daegu-city,국제통상과,호감동,마이스 현안업무 추진을 위한 간담회 경비 지출,263000,1aa7556a63ae0f49e6c24d7541d2ce4d21afe1f3c07f8b27ad9307e8cbfc5802,sheet1:R6,,,
1aa7556a63ae0f49-sheet1-R7,2026-01-13,daegu-city,경제정책관,본가장수촌,시정업무 홍보 간담회 경비 지출(경제국장),141000,1aa7556a63ae0f49e6c24d7541d2ce4d21afe1f3c07f8b27ad9307e8cbfc5802,sheet1:R7,,,
1aa7556a63ae0f49-sheet1-R8,2026-01-20,daegu-city,경제정책관,화중,지역경제 현안 논의를 위한 간담회 경비 지출(경제국장),278000,1aa7556a63ae0f49e6c24d7541d2ce4d21afe1f3c07f8b27ad9307e8cbfc5802,sheet1:R8,,,
1aa7556a63ae0f49-sheet1-R9,2026-01-21,daegu-city,경제정책관,유창숯불,지역경제 활성화를 위한 간담회 경비 지출(경제국장),286000,1aa7556a63ae0f49e6c24d7541d2ce4d21afe1f3c07f8b27ad9307e8cbfc5802,sheet1:R9,,,
1aa7556a63ae0f49-sheet1-R10,2026-01-28,daegu-city,경제정책관,선한곰탕,지역경제 현안 논의를 위한 간담회 경비 지출(경제국장),144000,1aa7556a63ae0f49e6c24d7541d2ce4d21afe1f3c07f8b27ad9307e8cbfc5802,sheet1:R10,,,
1aa7556a63ae0f49-sheet1-R11,2026-01-29,daegu-city,경제정책관,해덕한우,지역경제 활성화를 위한 간담회 경비 지출(경제국장),400000,1aa7556a63ae0f49e6c24d7541d2ce4d21afe1f3c07f8b27ad9307e8cbfc5802,sheet1:R11,,,
1aa7556a63ae0f49-sheet1-R12,2026-02-03,daegu-city,경제정책관,동봉,지역경제 현안 논의를 위한 간담회 경비 지출(경제국장),208000,1aa7556a63ae0f49e6c24d7541d2ce4d21afe1f3c07f8b27ad9307e8cbfc5802,sheet1:R12,,,
1aa7556a63ae0f49-sheet1-R13,2026-02-04,daegu-city,경제정책관,전복삼합의원조삼합일,지역경제 현안논의를 위한 간담회 경비 지출,80000,1aa7556a63ae0f49e6c24d7541d2ce4d21afe1f3c07f8b27ad9307e8cbfc5802,sheet1:R13,,,
1aa7556a63ae0f49-sheet1-R14,2026-02-09,daegu-city,경제정책관,지에이피유통 영농조합법인,시정업무 추진을 위한 설맞이 유관기관 기념품(지역특산물) 구입비 지출,715000,1aa7556a63ae0f49e6c24d7541d2ce4d21afe1f3c07f8b27ad9307e8cbfc5802,sheet1:R14,,,
1aa7556a63ae0f49-sheet1-R15,2026-02-09,daegu-city,경제정책관,유경,시정업무 홍보 간담회 경비 지출(경제국장),80000,1aa7556a63ae0f49e6c24d7541d2ce4d21afe1f3c07f8b27ad9307e8cbfc5802,sheet1:R15,,,
1aa7556a63ae0f49-sheet1-R16,2026-02-11,daegu-city,민생경제과,고인돌,전통시장 장보기 행사에 따른 간담회 경비 지출,225000,1aa7556a63ae0f49e6c24d7541d2ce4d21afe1f3c07f8b27ad9307e8cbfc5802,sheet1:R16,,,
1aa7556a63ae0f49-sheet1-R17,2026-02-12,daegu-city,농산유통과,농가밥상 외 1,설맞이 우수농특산물 직거래장터 행사 관계자와의 간담회 개최,120200,1aa7556a63ae0f49e6c24d7541d2ce4d21afe1f3c07f8b27ad9307e8cbfc5802,sheet1:R17,,,
1aa7556a63ae0f49-sheet1-R18,2026-02-13,daegu-city,경제정책관,연경반점,지역경제 현안 논의를 위한 간담회 경비 지출(경제국장),439000,1aa7556a63ae0f49e6c24d7541d2ce4d21afe1f3c07f8b27ad9307e8cbfc5802,sheet1:R18,,,
1aa7556a63ae0f49-sheet1-R19,2026-02-20,daegu-city,경제정책관,향돈촌,지역경제 활성화를 위한 간담회 경비 지출(경제국장),135000,1aa7556a63ae0f49e6c24d7541d2ce4d21afe1f3c07f8b27ad9307e8cbfc5802,sheet1:R19,,,
1aa7556a63ae0f49-sheet1-R20,2026-03-04,daegu-city,경제정책관,산전수전,지역경제 현안 논의를 위한 간담회 경비 지출(경제국장),134000,1aa7556a63ae0f49e6c24d7541d2ce4d21afe1f3c07f8b27ad9307e8cbfc5802,sheet1:R20,,,
1aa7556a63ae0f49-sheet1-R21,2026-03-05,daegu-city,경제정책관,울진참가자미,지역경제 현안 논의를 위한 간담회 경비 지출,200000,1aa7556a63ae0f49e6c24d7541d2ce4d21afe1f3c07f8b27ad9307e8cbfc5802,sheet1:R21,,,
1aa7556a63ae0f49-sheet1-R22,2026-03-06,daegu-city,경제정책관,포크래인,시정업무 홍보 간담회 경비 지출(경제국장),144000,1aa7556a63ae0f49e6c24d7541d2ce4d21afe1f3c07f8b27ad9307e8cbfc5802,sheet1:R22,,,
1aa7556a63ae0f49-sheet1-R23,2026-03-10,daegu-city,고용노동정책과,소백산양대창구이,업무추진 관련 회의 및 간담회 경비 지출(한국노총),360000,1aa7556a63ae0f49e6c24d7541d2ce4d21afe1f3c07f8b27ad9307e8cbfc5802,sheet1:R23,,,
1aa7556a63ae0f49-sheet1-R24,2026-03-11,daegu-city,경제정책관,화로38,지역경제 현안 논의를 위한 간담회 경비 지출(경제국장),329000,1aa7556a63ae0f49e6c24d7541d2ce4d21afe1f3c07f8b27ad9307e8cbfc5802,sheet1:R24,,,
1aa7556a63ae0f49-sheet1-R25,2026-03-12,daegu-city,경제정책관,싱싱해싱싱어수성본점,지역경제 현안 논의를 위한 간담회 경비 지출,51000,1aa7556a63ae0f49e6c24d7541d2ce4d21afe1f3c07f8b27ad9307e8cbfc5802,sheet1:R25,,,
1aa7556a63ae0f49-sheet1-R26,2026-03-17,daegu-city,경제정책관,수상한한옥 반월당본점,지역경제 활성화를 위한 간담회 경비 지출(경제국장),158000,1aa7556a63ae0f49e6c24d7541d2ce4d21afe1f3c07f8b27ad9307e8cbfc5802,sheet1:R26,,,
1aa7556a63ae0f49-sheet1-R27,2026-03-19,daegu-city,경제정책관,만재네 종로점,지역경제 현안 논의를 위한 간담회 경비 지출(경제국장),266000,1aa7556a63ae0f49e6c24d7541d2ce4d21afe1f3c07f8b27ad9307e8cbfc5802,sheet1:R27,,,
1aa7556a63ae0f49-sheet1-R28,2026-03-27,daegu-city,경제정책관,인디안식당,지역경제 현안 논의를 위한 간담회 경비 지출,103000,1aa7556a63ae0f49e6c24d7541d2ce4d21afe1f3c07f8b27ad9307e8cbfc5802,sheet1:R28,,,
1aa7556a63ae0f49-sheet1-R29,2026-03-27,daegu-city,경제정책관,더 건강한 한우프라자,지역경제 현안 논의를 위한 간담회 경비 지출(경제국장),270940,1aa7556a63ae0f49e6c24d7541d2ce4d21afe1f3c07f8b27ad9307e8cbfc5802,sheet1:R29,,,
1aa7556a63ae0f49-sheet1-R30,2026-03-31,daegu-city,경제정책관,우에,시정업무 홍보 간담회 경비 지출(경제국장),194000,1aa7556a63ae0f49e6c24d7541d2ce4d21afe1f3c07f8b27ad9307e8cbfc5802,sheet1:R30,,,
1aa7556a63ae0f49-sheet2-R6,2026-01-05,daegu-city,경제정책관,예원,국 직원 격려 간담회 경비 지출,450000,1aa7556a63ae0f49e6c24d7541d2ce4d21afe1f3c07f8b27ad9307e8cbfc5802,sheet2:R6,,,
1aa7556a63ae0f49-sheet2-R7,2026-01-23,daegu-city,국제통상과,동해복어,국 직원 격려 간담회 경비 지출,188000,1aa7556a63ae0f49e6c24d7541d2ce4d21afe1f3c07f8b27ad9307e8cbfc5802,sheet2:R7,,,
1aa7556a63ae0f49-sheet2-R8,2026-02-06,daegu-city,경제정책관,온솥,국 직원 격려 간담회 경비 지출(수정),102000,1aa7556a63ae0f49e6c24d7541d2ce4d21afe1f3c07f8b27ad9307e8cbfc5802,sheet2:R8,,,
1aa7556a63ae0f49-sheet2-R9,2026-02-10,daegu-city,경제정책관,화정숯불갈비,국 직원 격려 간담회 경비 지출,296000,1aa7556a63ae0f49e6c24d7541d2ce4d21afe1f3c07f8b27ad9307e8cbfc5802,sheet2:R9,,,
1aa7556a63ae0f49-sheet2-R10,2026-02-19,daegu-city,경제정책관,서가앤쿡 외 1,국 직원 격려 간담회 경비 지출,160900,1aa7556a63ae0f49e6c24d7541d2ce4d21afe1f3c07f8b27ad9307e8cbfc5802,sheet2:R10,,,
1aa7556a63ae0f49-sheet2-R11,2026-03-05,daegu-city,경제정책관,서울복어식당,국 직원 격려 간담회 경비 지출,92000,1aa7556a63ae0f49e6c24d7541d2ce4d21afe1f3c07f8b27ad9307e8cbfc5802,sheet2:R11,,,
1aa7556a63ae0f49-sheet2-R12,2026-03-26,daegu-city,경제정책관,이가네양꼬치양갈비,국 직원 격려 간담회 경비 지출,159000,1aa7556a63ae0f49e6c24d7541d2ce4d21afe1f3c07f8b27ad9307e8cbfc5802,sheet2:R12,,,
f914906371c8d92d-sheet1-R6,2026-01-05,daegu-city,안전정책관,온돌방,직원 격려 간담회 비용 지출,160000,f914906371c8d92de1cf2f9f030fbc7c122799db9895e7cbc4e8027358a7c1b6,sheet1:R6,,,
f914906371c8d92d-sheet1-R7,2026-01-07,daegu-city,안전정책관,KIS 정보통신,직원 격려 간담회 비용 지출,141000,f914906371c8d92de1cf2f9f030fbc7c122799db9895e7cbc4e8027358a7c1b6,sheet1:R7,,,
f914906371c8d92d-sheet1-R8,2026-01-07,daegu-city,안전정책관,고가촌,업무 추진 간담회 비용 지출,271000,f914906371c8d92de1cf2f9f030fbc7c122799db9895e7cbc4e8027358a7c1b6,sheet1:R8,,,
f914906371c8d92d-sheet1-R9,2026-01-08,daegu-city,안전정책관,백미별장,업무 추진 간담회 비용 지출,191000,f914906371c8d92de1cf2f9f030fbc7c122799db9895e7cbc4e8027358a7c1b6,sheet1:R9,,,
f914906371c8d92d-sheet1-R10,2026-01-08,daegu-city,안전정책관,군위이로운한우영농조합법인,직원 격려 간담회 비용 지출,173400,f914906371c8d92de1cf2f9f030fbc7c122799db9895e7cbc4e8027358a7c1b6,sheet1:R10,,,
f914906371c8d92d-sheet1-R11,2026-01-09,daegu-city,안전정책관,주식회사현대백화점대구점,사회재난 업무 간담회 경비 지출,169000,f914906371c8d92de1cf2f9f030fbc7c122799db9895e7cbc4e8027358a7c1b6,sheet1:R11,,,
f914906371c8d92d-sheet1-R12,2026-01-12,daegu-city,안전정책관,리프가든,직원 격려 간담회 개최 비용 지출,125200,f914906371c8d92de1cf2f9f030fbc7c122799db9895e7cbc4e8027358a7c1b6,sheet1:R12,,,
f914906371c8d92d-sheet1-R13,2026-01-13,daegu-city,안전정책관,온돌방,구·군 안전보안관 대표자 간담회 개최 비용 지출,161000,f914906371c8d92de1cf2f9f030fbc7c122799db9895e7cbc4e8027358a7c1b6,sheet1:R13,,,
f914906371c8d92d-sheet1-R14,2026-01-15,daegu-city,안전정책관,영화반점,직원 격려 간담회 개최 비용 지출(기관운영업무추진비),46000,f914906371c8d92de1cf2f9f030fbc7c122799db9895e7cbc4e8027358a7c1b6,sheet1:R14,,,
f914906371c8d92d-sheet1-R15,2026-01-15,daegu-city,안전정책관,주식회사 연화37,직원 격려 간담회 비용 지출,443000,f914906371c8d92de1cf2f9f030fbc7c122799db9895e7cbc4e8027358a7c1b6,sheet1:R15,,,
f914906371c8d92d-sheet1-R16,2026-01-19,daegu-city,안전정책관,최고집,직원 격려 간담회 비용 지출,78000,f914906371c8d92de1cf2f9f030fbc7c122799db9895e7cbc4e8027358a7c1b6,sheet1:R16,,,
f914906371c8d92d-sheet1-R17,2026-01-21,daegu-city,안전정책관,수성생고기,업무 추진 간담회 비용 지출,267000,f914906371c8d92de1cf2f9f030fbc7c122799db9895e7cbc4e8027358a7c1b6,sheet1:R17,,,
f914906371c8d92d-sheet1-R18,2026-01-22,daegu-city,안전정책관,섬부가든,업무 추진 간담회 비용 지출,169000,f914906371c8d92de1cf2f9f030fbc7c122799db9895e7cbc4e8027358a7c1b6,sheet1:R18,,,
f914906371c8d92d-sheet1-R19,2026-01-27,daegu-city,안전정책관,핵밥 동성로점,직원 격려 간담회 비용 지출,57200,f914906371c8d92de1cf2f9f030fbc7c122799db9895e7cbc4e8027358a7c1b6,sheet1:R19,,,
f914906371c8d92d-sheet1-R20,2026-01-27,daegu-city,안전정책관,섬부가든,업무 추진 간담회 비용 지출,206000,f914906371c8d92de1cf2f9f030fbc7c122799db9895e7cbc4e8027358a7c1b6,sheet1:R20,,,
f914906371c8d92d-sheet1-R21,2026-01-29,daegu-city,안전정책관,키키샤브,직원 격려 간담회 개최 비용 지출,178800,f914906371c8d92de1cf2f9f030fbc7c122799db9895e7cbc4e8027358a7c1b6,sheet1:R21,,,
f914906371c8d92d-sheet1-R22,2026-02-01,daegu-city,안전정책관,풍천민물장어,업무 추진 간담회 비용 지출,208000,f914906371c8d92de1cf2f9f030fbc7c122799db9895e7cbc4e8027358a7c1b6,sheet1:R22,,,
f914906371c8d92d-sheet1-R23,2026-02-03,daegu-city,안전정책관,섬부가든,직원 격려 간담회 비용 지출,147000,f914906371c8d92de1cf2f9f030fbc7c122799db9895e7cbc4e8027358a7c1b6,sheet1:R23,,,
f914906371c8d92d-sheet1-R24,2026-02-04,daegu-city,안전정책관,빨간돼지,직원 격려 간담회 비용 지출,72000,f914906371c8d92de1cf2f9f030fbc7c122799db9895e7cbc4e8027358a7c1b6,sheet1:R24,,,
f914906371c8d92d-sheet1-R25,2026-02-06,daegu-city,안전정책관,하나,업무 추진 간담회 비용 지출,174000,f914906371c8d92de1cf2f9f030fbc7c122799db9895e7cbc4e8027358a7c1b6,sheet1:R25,,,
f914906371c8d92d-sheet1-R26,2026-02-09,daegu-city,안전정책관,영화반점,업무 추진 간담회 비용 지출,78500,f914906371c8d92de1cf2f9f030fbc7c122799db9895e7cbc4e8027358a7c1b6,sheet1:R26,,,
f914906371c8d92d-sheet1-R27,2026-02-10,daegu-city,안전정책관,동인식육점,직원 격려 간담회 비용 지출,265000,f914906371c8d92de1cf2f9f030fbc7c122799db9895e7cbc4e8027358a7c1b6,sheet1:R27,,,
f914906371c8d92d-sheet1-R28,2026-02-18,daegu-city,안전정책관,이태리제면소,산불예방 관련 업무추진 간담회 비용 지출,110300,f914906371c8d92de1cf2f9f030fbc7c122799db9895e7cbc4e8027358a7c1b6,sheet1:R28,,,
f914906371c8d92d-sheet1-R29,2026-02-23,daegu-city,안전정책관,황소,업무 추진 간담회 비용 지출,129000,f914906371c8d92de1cf2f9f030fbc7c122799db9895e7cbc4e8027358a7c1b6,sheet1:R29,,,
f914906371c8d92d-sheet1-R30,2026-02-24,daegu-city,안전정책관,백년한옥 청라,업무 추진 간담회 비용 지출,140000,f914906371c8d92de1cf2f9f030fbc7c122799db9895e7cbc4e8027358a7c1b6,sheet1:R30,,,
f914906371c8d92d-sheet1-R31,2026-02-25,daegu-city,안전정책관,일품장수미역,직원 격려 간담회 비용 지출,88000,f914906371c8d92de1cf2f9f030fbc7c122799db9895e7cbc4e8027358a7c1b6,sheet1:R31,,,
f914906371c8d92d-sheet1-R32,2026-02-26,daegu-city,안전정책관,타이야미,한파 대응 직원 격려 간담회 비용 지출,150000,f914906371c8d92de1cf2f9f030fbc7c122799db9895e7cbc4e8027358a7c1b6,sheet1:R32,,,
f914906371c8d92d-sheet1-R33,2026-02-27,daegu-city,안전정책관,방천가족돼지국밥,산불방지대책본부 근무자 격려 간식 구입 비용 지출,360000,f914906371c8d92de1cf2f9f030fbc7c122799db9895e7cbc4e8027358a7c1b6,sheet1:R33,,,
f914906371c8d92d-sheet1-R34,2026-03-05,daegu-city,안전정책관,옆구리,업무 추진 간담회 비용 지출,238000,f914906371c8d92de1cf2f9f030fbc7c122799db9895e7cbc4e8027358a7c1b6,sheet1:R34,,,
f914906371c8d92d-sheet1-R35,2026-03-10,daegu-city,안전정책관,호보스피자(Hoboss pizza)교동직영점,업무 추진 간담회 비용 지출,64900,f914906371c8d92de1cf2f9f030fbc7c122799db9895e7cbc4e8027358a7c1b6,sheet1:R35,,,
f914906371c8d92d-sheet1-R36,2026-03-12,daegu-city,안전정책관,찹찹찹(Chop Chop Chop),직원 격려 간담회 비용 지출,112000,f914906371c8d92de1cf2f9f030fbc7c122799db9895e7cbc4e8027358a7c1b6,sheet1:R36,,,
f914906371c8d92d-sheet1-R37,2026-03-13,daegu-city,안전정책관,개인(성명 비공개),경조사비 지급,50000,f914906371c8d92de1cf2f9f030fbc7c122799db9895e7cbc4e8027358a7c1b6,sheet1:R37,,,
f914906371c8d92d-sheet1-R38,2026-03-13,daegu-city,안전정책관,홍콩맨션,직원 격려 간담회 비용 지출,242000,f914906371c8d92de1cf2f9f030fbc7c122799db9895e7cbc4e8027358a7c1b6,sheet1:R38,,,
f914906371c8d92d-sheet1-R39,2026-03-16,daegu-city,안전정책관,백복수반,직원 격려 간담회 비용 지출,170000,f914906371c8d92de1cf2f9f030fbc7c122799db9895e7cbc4e8027358a7c1b6,sheet1:R39,,,
f914906371c8d92d-sheet1-R40,2026-03-16,daegu-city,안전정책관,백복수반,업무 추진 간담회 비용 지출,150000,f914906371c8d92de1cf2f9f030fbc7c122799db9895e7cbc4e8027358a7c1b6,sheet1:R40,,,
f914906371c8d92d-sheet1-R41,2026-03-17,daegu-city,안전정책관,트라아브,업무 추진 간담회 비용 지출,89000,f914906371c8d92de1cf2f9f030fbc7c122799db9895e7cbc4e8027358a7c1b6,sheet1:R41,,,
f914906371c8d92d-sheet1-R42,2026-03-18,daegu-city,안전정책관,은행나무,직원 격려 간담회 비용 지출,288000,f914906371c8d92de1cf2f9f030fbc7c122799db9895e7cbc4e8027358a7c1b6,sheet1:R42,,,
f914906371c8d92d-sheet1-R43,2026-03-27,daegu-city,안전정책관,영화반점,직원 격려 간담회 비용 지출,154500,f914906371c8d92de1cf2f9f030fbc7c122799db9895e7cbc4e8027358a7c1b6,sheet1:R43,,,
f914906371c8d92d-sheet1-R44,2026-03-30,daegu-city,안전정책관,부케(Bouquet),업무 추진 간담회 비용 지출,125000,f914906371c8d92de1cf2f9f030fbc7c122799db9895e7cbc4e8027358a7c1b6,sheet1:R44,,,
ecf3887122b7f34a-sheet1-R3,2026-01-13,daegu-city,산림녹지관리과,한밭경양식,산림정책 업무 간담회 경비 지출,51000,ecf3887122b7f34a942c09c0c59fcbde22a78a10f78031159b8f28d3550ebfd4,sheet1:R3,,,
ecf3887122b7f34a-sheet1-R4,2026-01-16,daegu-city,산림녹지관리과,온돌방,산림재난업무 간담회 경비 지출,280000,ecf3887122b7f34a942c09c0c59fcbde22a78a10f78031159b8f28d3550ebfd4,sheet1:R4,,,
ecf3887122b7f34a-sheet1-R5,2026-01-19,daegu-city,산림녹지관리과,성원정,산불방지 업무 간담회 개최,207000,ecf3887122b7f34a942c09c0c59fcbde22a78a10f78031159b8f28d3550ebfd4,sheet1:R5,,,
ecf3887122b7f34a-sheet1-R6,2026-01-29,daegu-city,산림녹지관리과,능이마을,도시숲 관련업무 추진 간담회 경비 지출,133000,ecf3887122b7f34a942c09c0c59fcbde22a78a10f78031159b8f28d3550ebfd4,sheet1:R6,,,
ecf3887122b7f34a-sheet1-R7,2026-02-05,daegu-city,산림녹지관리과,도깨비국밥,산림재난업무 추진 간담회 경비 지출,71500,ecf3887122b7f34a942c09c0c59fcbde22a78a10f78031159b8f28d3550ebfd4,sheet1:R7,,,
ecf3887122b7f34a-sheet1-R8,2026-02-13,daegu-city,산림녹지관리과,도깨비국밥,설명절 산불방지 근무상황점검 추진 간담회 경비 지출,234500,ecf3887122b7f34a942c09c0c59fcbde22a78a10f78031159b8f28d3550ebfd4,sheet1:R8,,,
ecf3887122b7f34a-sheet1-R9,2026-03-28,daegu-city,산림녹지관리과,파리바게뜨 외 3,산림재난 예방점검단 격려 간식 구입 비용 지출,128960,ecf3887122b7f34a942c09c0c59fcbde22a78a10f78031159b8f28d3550ebfd4,sheet1:R9,,,
68a03d0bd97d5b01-sheet1-R5,2026-01-08,daegu-city,미군부대이전과,청정한우 등,시정 업무 추진 관련 간담회 경비 지출(1.8.),154000,68a03d0bd97d5b0142748545a434aa451dca74e4e8070f02f82fb36356fccb9b,sheet1:R5,,,
68a03d0bd97d5b01-sheet1-R6,2026-01-16,daegu-city,미군부대이전과,골목한우,시정 업무 추진 관련 간담회 경비 지출(1.16.),236200,68a03d0bd97d5b0142748545a434aa451dca74e4e8070f02f82fb36356fccb9b,sheet1:R6,,,
68a03d0bd97d5b01-sheet1-R7,2026-01-28,daegu-city,미군부대이전과,백두대감식당,시정 업무 추진 관련 간담회 경비 지출(1.28.),140000,68a03d0bd97d5b0142748545a434aa451dca74e4e8070f02f82fb36356fccb9b,sheet1:R7,,,
68a03d0bd97d5b01-sheet1-R8,2026-02-04,daegu-city,미군부대이전과,만재네,시정 업무 추진 관련 간담회 경비 지출(2.4.),390000,68a03d0bd97d5b0142748545a434aa451dca74e4e8070f02f82fb36356fccb9b,sheet1:R8,,,
68a03d0bd97d5b01-sheet1-R9,2026-02-12,daegu-city,미군부대이전과,로벤하우스,시정 업무 추진 관련 간담회 경비 지출(2.12.),102000,68a03d0bd97d5b0142748545a434aa451dca74e4e8070f02f82fb36356fccb9b,sheet1:R9,,,
68a03d0bd97d5b01-sheet1-R10,2026-02-19,daegu-city,미군부대이전과,원조김천식당,시정 업무 추진 관련 간담회 경비 지출(2.19.),27000,68a03d0bd97d5b0142748545a434aa451dca74e4e8070f02f82fb36356fccb9b,sheet1:R10,,,
68a03d0bd97d5b01-sheet1-R11,2026-02-25,daegu-city,미군부대이전과,고기9단,시정 업무 추진 관련 간담회 경비 지출(2.25.),90000,68a03d0bd97d5b0142748545a434aa451dca74e4e8070f02f82fb36356fccb9b,sheet1:R11,,,
68a03d0bd97d5b01-sheet1-R12,2026-03-06,daegu-city,미군부대이전과,이로운한우,시정 업무 추진 관련 간담회 경비 지출(3.6.),189400,68a03d0bd97d5b0142748545a434aa451dca74e4e8070f02f82fb36356fccb9b,sheet1:R12,,,
2c979c0c74b468fa-sheet1-R7,2026-01-08,daegu-city,체육진흥과,야자수지붕 대구교동본점,체육정책 현안업무 논의 및 부서원 격려,108000,2c979c0c74b468fafe5229e0b585547ca6afab7f8ed4dd87bed540bb5f48e91f,sheet1:R7,,,
2c979c0c74b468fa-sheet1-R8,2026-01-09,daegu-city,체육진흥과,"엘린스샌드위치 롯데백화점대구점, 차차상점, 슈블랑",직원 격려용 다과 구입,335400,2c979c0c74b468fafe5229e0b585547ca6afab7f8ed4dd87bed540bb5f48e91f,sheet1:R8,,,
2c979c0c74b468fa-sheet1-R9,2026-01-12,daegu-city,체육진흥과,최고집,국제스포츠 현안업무 논의 및 부서원 격려,104000,2c979c0c74b468fafe5229e0b585547ca6afab7f8ed4dd87bed540bb5f48e91f,sheet1:R9,,,
2c979c0c74b468fa-sheet1-R10,2026-01-13,daegu-city,체육진흥과,랜선식당(네이버플러스스토어),직원 격려용 다과 구입,62600,2c979c0c74b468fafe5229e0b585547ca6afab7f8ed4dd87bed540bb5f48e91f,sheet1:R10,,,
2c979c0c74b468fa-sheet1-R11,2026-01-13,daegu-city,체육진흥과,교동 부케,체육현안 언론분야 홍보 등 협의,67000,2c979c0c74b468fafe5229e0b585547ca6afab7f8ed4dd87bed540bb5f48e91f,sheet1:R11,,,
2c979c0c74b468fa-sheet1-R12,2026-01-13,daegu-city,체육진흥과,연막창 교동점,생활체육시설 현안업무 논의 및 부서원 격려,90000,2c979c0c74b468fafe5229e0b585547ca6afab7f8ed4dd87bed540bb5f48e91f,sheet1:R12,,,
2c979c0c74b468fa-sheet1-R13,2026-01-14,daegu-city,체육진흥과,자갈치회타운,장애인스포츠 현안업무 논의 및 부서원 격려,48000,2c979c0c74b468fafe5229e0b585547ca6afab7f8ed4dd87bed540bb5f48e91f,sheet1:R13,,,
2c979c0c74b468fa-sheet1-R14,2026-01-16,daegu-city,체육진흥과,이마트몰(SSG.COM),사무실 비치 음료 등 구입비,80000,2c979c0c74b468fafe5229e0b585547ca6afab7f8ed4dd87bed540bb5f48e91f,sheet1:R14,,,
2c979c0c74b468fa-sheet1-R15,2026-01-19,daegu-city,체육진흥과,어부의바다 시월,2026대구마라톤 중계방송 협의 간담회,375000,2c979c0c74b468fafe5229e0b585547ca6afab7f8ed4dd87bed540bb5f48e91f,sheet1:R15,,,
2c979c0c74b468fa-sheet1-R16,2026-01-22,daegu-city,체육진흥과,덕일생고기,생활체육 현안업무 논의 및 부서원 격려,60000,2c979c0c74b468fafe5229e0b585547ca6afab7f8ed4dd87bed540bb5f48e91f,sheet1:R16,,,
2c979c0c74b468fa-sheet1-R17,2026-01-23,daegu-city,체육진흥과,헝그리닭발포차(제주),2026대구마라톤 엘리트선수 참가 홍보 업무협의 간담회,300000,2c979c0c74b468fafe5229e0b585547ca6afab7f8ed4dd87bed540bb5f48e91f,sheet1:R17,,,
2c979c0c74b468fa-sheet1-R18,2026-02-09,daegu-city,체육진흥과,"브리즈커피 대구시청점, 이루팜 중구점",2026대구마라톤 최종점검 보고회 다과 구입,298000,2c979c0c74b468fafe5229e0b585547ca6afab7f8ed4dd87bed540bb5f48e91f,sheet1:R18,,,
2c979c0c74b468fa-sheet1-R19,2026-02-12,daegu-city,체육진흥과,교동 부케,2026대구마라톤 운영 업무협의 간담회,146000,2c979c0c74b468fafe5229e0b585547ca6afab7f8ed4dd87bed540bb5f48e91f,sheet1:R19,,,
2c979c0c74b468fa-sheet1-R20,2026-02-12,daegu-city,체육진흥과,이마트몰(SSG.COM),사무실 비치 다과 등 구입비,119200,2c979c0c74b468fafe5229e0b585547ca6afab7f8ed4dd87bed540bb5f48e91f,sheet1:R20,,,
2c979c0c74b468fa-sheet1-R21,2026-02-20,daegu-city,체육진흥과,송학구이 들안길 본점,2026대구마라톤 중계 협의 간담회,707000,2c979c0c74b468fafe5229e0b585547ca6afab7f8ed4dd87bed540bb5f48e91f,sheet1:R21,,,
2c979c0c74b468fa-sheet1-R22,2026-03-04,daegu-city,체육진흥과,만재네 대구 종로점,2026대구마라톤 추진 평가 간담회,270000,2c979c0c74b468fafe5229e0b585547ca6afab7f8ed4dd87bed540bb5f48e91f,sheet1:R22,,,
2c979c0c74b468fa-sheet1-R23,2026-03-11,daegu-city,체육진흥과,대흥명가,2026대구마라톤 운영 관련 간담회,324000,2c979c0c74b468fafe5229e0b585547ca6afab7f8ed4dd87bed540bb5f48e91f,sheet1:R23,,,
2c979c0c74b468fa-sheet1-R24,2026-03-14,daegu-city,체육진흥과,깍둑돼지 동대문본점(서울 중구),2026서울마라톤 벤치마킹 관련 간담회,180000,2c979c0c74b468fafe5229e0b585547ca6afab7f8ed4dd87bed540bb5f48e91f,sheet1:R24,,,
2c979c0c74b468fa-sheet1-R25,2026-03-16,daegu-city,체육진흥과,삼송빵집 동대구역사점,지역 체육현안 관련 업무협의 간담회,40600,2c979c0c74b468fafe5229e0b585547ca6afab7f8ed4dd87bed540bb5f48e91f,sheet1:R25,,,
2c979c0c74b468fa-sheet1-R26,2026-03-18,daegu-city,체육진흥과,부자백숙 본점,체육현안 언론분야 협의 간담회,100000,2c979c0c74b468fafe5229e0b585547ca6afab7f8ed4dd87bed540bb5f48e91f,sheet1:R26,,,
2c979c0c74b468fa-sheet1-R27,2026-03-19,daegu-city,체육진흥과,"이루팜 중구점, 오케이마트",2026대구마라톤 평가보고회 다과 구입,420000,2c979c0c74b468fafe5229e0b585547ca6afab7f8ed4dd87bed540bb5f48e91f,sheet1:R27,,,
2c979c0c74b468fa-sheet1-R28,2026-03-20,daegu-city,체육진흥과,이마트몰(SSG.COM),사무실 비치 다과 등 구입비,295900,2c979c0c74b468fafe5229e0b585547ca6afab7f8ed4dd87bed540bb5f48e91f,sheet1:R28,,,
2c979c0c74b468fa-sheet1-R29,2026-03-23,daegu-city,체육진흥과,브리즈커피 대구시청점,파크골프장 운영방식 개선 관련 간담회,57600,2c979c0c74b468fafe5229e0b585547ca6afab7f8ed4dd87bed540bb5f48e91f,sheet1:R29,,,
b8f4d834536aa9c1-sheet1-R7,2026-01-02,daegu-city,상수도사업본부 수성사업소,전원숯불 범어점,인사이동에 따른 업무협의 간담회 경비 지출,99000,b8f4d834536aa9c1ad5fcdb81943d05b5aaaec2c5b840ab39f2b51d0d7f9ea0e,sheet1:R7,,,
b8f4d834536aa9c1-sheet1-R8,2026-01-06,daegu-city,상수도사업본부 수성사업소,호두나무,인사이동에 따른 직원격려 간식구입비 지출,161000,b8f4d834536aa9c1ad5fcdb81943d05b5aaaec2c5b840ab39f2b51d0d7f9ea0e,sheet1:R8,,,
b8f4d834536aa9c1-sheet1-R9,2026-01-23,daegu-city,상수도사업본부 수성사업소,쿠팡,내방객 접대용 차류 구입,64690,b8f4d834536aa9c1ad5fcdb81943d05b5aaaec2c5b840ab39f2b51d0d7f9ea0e,sheet1:R9,,,
b8f4d834536aa9c1-sheet1-R10,2026-02-10,daegu-city,상수도사업본부 수성사업소,영천돼지국밥,상반기 신속집행 관련 간담회 경비 지출,77000,b8f4d834536aa9c1ad5fcdb81943d05b5aaaec2c5b840ab39f2b51d0d7f9ea0e,sheet1:R10,,,
b8f4d834536aa9c1-sheet1-R11,2026-02-19,daegu-city,상수도사업본부 수성사업소,-,직원 경조사비 지출,50000,b8f4d834536aa9c1ad5fcdb81943d05b5aaaec2c5b840ab39f2b51d0d7f9ea0e,sheet1:R11,,,
ce1b1bf1917da776-sheet1-R6,2026-01-20,daegu-city,AI정책과,"곤지곤지, 할리스커피",AI정책과 사업 추진 관련 간담회,140600,ce1b1bf1917da7761bc6d2593799c6784ff71f64e4824fce3a16c8d955d29fe6,sheet1:R6,,,
ce1b1bf1917da776-sheet1-R7,2026-01-20,daegu-city,AI정책과,코레일유통,국비 공모 사업 설명 중앙부처 방문 다과 구입,64100,ce1b1bf1917da7761bc6d2593799c6784ff71f64e4824fce3a16c8d955d29fe6,sheet1:R7,,,
ce1b1bf1917da776-sheet1-R8,2026-01-30,daegu-city,AI정책과,범어맛찻들왕소금구이,AI정책과 사업추진 관련 간담회,178000,ce1b1bf1917da7761bc6d2593799c6784ff71f64e4824fce3a16c8d955d29fe6,sheet1:R8,,,
ce1b1bf1917da776-sheet1-R9,2026-02-03,daegu-city,AI정책과,초례담,AI정책과 사업 추진 관련 간담회,129500,ce1b1bf1917da7761bc6d2593799c6784ff71f64e4824fce3a16c8d955d29fe6,sheet1:R9,,,
ce1b1bf1917da776-sheet1-R10,2026-02-04,daegu-city,AI정책과,"스펠바운드, 윤선갤러리",AI정책과 사업추진 관련 간담회,250700,ce1b1bf1917da7761bc6d2593799c6784ff71f64e4824fce3a16c8d955d29fe6,sheet1:R10,,,
ce1b1bf1917da776-sheet1-R11,2026-02-06,daegu-city,AI정책과,독립밀방,AI정책과 사업 추진 관련 간담회,151500,ce1b1bf1917da7761bc6d2593799c6784ff71f64e4824fce3a16c8d955d29fe6,sheet1:R11,,,
ce1b1bf1917da776-sheet1-R12,2026-02-09,daegu-city,AI정책과,은주식당,AI정책과 사업 추진 관련 간담회,76000,ce1b1bf1917da7761bc6d2593799c6784ff71f64e4824fce3a16c8d955d29fe6,sheet1:R12,,,
ce1b1bf1917da776-sheet1-R13,2026-02-10,daegu-city,AI정책과,팀스커피,AI정책과 사업 추진 관련 차담회,48700,ce1b1bf1917da7761bc6d2593799c6784ff71f64e4824fce3a16c8d955d29fe6,sheet1:R13,,,
ce1b1bf1917da776-sheet1-R14,2026-02-11,daegu-city,AI정책과,세종종가 왕뼈감자탕 어진점,AI정책과 사업 추진 관련 간담회,76000,ce1b1bf1917da7761bc6d2593799c6784ff71f64e4824fce3a16c8d955d29fe6,sheet1:R14,,,
ce1b1bf1917da776-sheet1-R15,2026-02-19,daegu-city,AI정책과,까사분도,AI정책과 사업추진 관련 간담회,175000,ce1b1bf1917da7761bc6d2593799c6784ff71f64e4824fce3a16c8d955d29fe6,sheet1:R15,,,
ce1b1bf1917da776-sheet1-R16,2026-02-23,daegu-city,AI정책과,고기9단,AI정책과 주요사업 홍보 관련 간담회,156000,ce1b1bf1917da7761bc6d2593799c6784ff71f64e4824fce3a16c8d955d29fe6,sheet1:R16,,,
ce1b1bf1917da776-sheet1-R17,2026-02-26,daegu-city,AI정책과,울진참가자미,AI정책과 신규사업 기획 관련 간담회,150000,ce1b1bf1917da7761bc6d2593799c6784ff71f64e4824fce3a16c8d955d29fe6,sheet1:R17,,,
ce1b1bf1917da776-sheet1-R18,2026-03-04,daegu-city,AI정책과,평양관,AI정책과 사업추진 관련 간담회,87000,ce1b1bf1917da7761bc6d2593799c6784ff71f64e4824fce3a16c8d955d29fe6,sheet1:R18,,,
ce1b1bf1917da776-sheet1-R19,2026-03-06,daegu-city,AI정책과,감포생밀복,AI정책과 주요사업 홍보 관련 간담회,66000,ce1b1bf1917da7761bc6d2593799c6784ff71f64e4824fce3a16c8d955d29fe6,sheet1:R19,,,
ce1b1bf1917da776-sheet1-R20,2026-03-20,daegu-city,AI정책과,고기9단,AI정책과 사업추진 관련 간담회,120000,ce1b1bf1917da7761bc6d2593799c6784ff71f64e4824fce3a16c8d955d29fe6,sheet1:R20,,,
ce1b1bf1917da776-sheet1-R21,2026-03-30,daegu-city,AI정책과,고기9단,AI정책과 사업추진 관련 간담회,182000,ce1b1bf1917da7761bc6d2593799c6784ff71f64e4824fce3a16c8d955d29fe6,sheet1:R21,,,
ce1b1bf1917da776-sheet1-R22,2026-03-31,daegu-city,AI정책과,제형옥,AI정책과 주요사업 홍보 관련 간담회,75000,ce1b1bf1917da7761bc6d2593799c6784ff71f64e4824fce3a16c8d955d29fe6,sheet1:R22,,,
3157c96e0bee527b-sheet1-R4,2026-01-14,daegu-city,공항건설지원과,"장원, 태평다원",현안업무 추진 관련 간담회 경비 지출,267000,3157c96e0bee527bcee9bdd86c059126acc6caa07f940d15360142b21c2fa5cc,sheet1:R4,,,
3157c96e0bee527b-sheet1-R5,2026-01-20,daegu-city,공항건설지원과,"장원, 태평다원",현안업무 추진 관련 간담회 경비 지출,280000,3157c96e0bee527bcee9bdd86c059126acc6caa07f940d15360142b21c2fa5cc,sheet1:R5,,,
3157c96e0bee527b-sheet1-R6,2026-02-04,daegu-city,공항건설지원과,맘모스,관계기관 방문을 위한 다과구입비 지출,56000,3157c96e0bee527bcee9bdd86c059126acc6caa07f940d15360142b21c2fa5cc,sheet1:R6,,,
3157c96e0bee527b-sheet1-R7,2026-02-09,daegu-city,공항건설지원과,동경회초밥,현안업무 추진 관련 간담회 경비 지출,177000,3157c96e0bee527bcee9bdd86c059126acc6caa07f940d15360142b21c2fa5cc,sheet1:R7,,,
3157c96e0bee527b-sheet1-R8,2026-03-05,daegu-city,공항건설지원과,피요르드,현안업무 추진 관련 간담회 경비 지출,38500,3157c96e0bee527bcee9bdd86c059126acc6caa07f940d15360142b21c2fa5cc,sheet1:R8,,,
3157c96e0bee527b-sheet1-R9,2026-03-12,daegu-city,공항건설지원과,연화식당,현안업무 추진 관련 간담회 경비 지출,130000,3157c96e0bee527bcee9bdd86c059126acc6caa07f940d15360142b21c2fa5cc,sheet1:R9,,,
75196493c6b8491b-sheet1-R6,2026-01-02,daegu-city,자치경찰행정과,장원,현안업무 추진 직원 격려 간담회 경비 지출(위원장),168000,75196493c6b8491b06c19f8ef56cbc6220321a2fd45c1835af20239c1b66e1a5,sheet1:R6,,,
75196493c6b8491b-sheet1-R7,2026-01-03,daegu-city,자치경찰행정과,유가정,현안업무 추진 직원 격려 간담회 경비 지출(위원장),84000,75196493c6b8491b06c19f8ef56cbc6220321a2fd45c1835af20239c1b66e1a5,sheet1:R7,,,
75196493c6b8491b-sheet1-R8,2026-01-06,daegu-city,자치경찰행정과,장원,자치경찰사무 현안 공유 및 논의를 위한 간담회 경비 지출(위원장),136000,75196493c6b8491b06c19f8ef56cbc6220321a2fd45c1835af20239c1b66e1a5,sheet1:R8,,,
75196493c6b8491b-sheet1-R9,2026-01-07,daegu-city,자치경찰행정과,하나해물탕,자치경찰사무 현안 공유 및 논의를 위한 간담회 경비 지출(위원장),60000,75196493c6b8491b06c19f8ef56cbc6220321a2fd45c1835af20239c1b66e1a5,sheet1:R9,,,
75196493c6b8491b-sheet1-R10,2026-01-09,daegu-city,자치경찰행정과,장원,현안업무 추진 직원 격려 간담회 경비 지출(위원장),575000,75196493c6b8491b06c19f8ef56cbc6220321a2fd45c1835af20239c1b66e1a5,sheet1:R10,,,
75196493c6b8491b-sheet1-R11,2026-01-13,daegu-city,자치경찰행정과,주식회사 팔공노을,현안업무 추진 직원 격려 간담회 경비 지출(위원장),143000,75196493c6b8491b06c19f8ef56cbc6220321a2fd45c1835af20239c1b66e1a5,sheet1:R11,,,
75196493c6b8491b-sheet1-R12,2026-01-23,daegu-city,자치경찰행정과,팔공산엄마밥상,자치경찰사무 현안 공유 및 논의를 위한 간담회 경비 지출(위원장),259000,75196493c6b8491b06c19f8ef56cbc6220321a2fd45c1835af20239c1b66e1a5,sheet1:R12,,,
75196493c6b8491b-sheet1-R13,2026-01-26,daegu-city,자치경찰행정과,필마트,위원회 내방객 접대를 위한 다과 구입비 지출(위원장),250000,75196493c6b8491b06c19f8ef56cbc6220321a2fd45c1835af20239c1b66e1a5,sheet1:R13,,,
75196493c6b8491b-sheet1-R14,2026-01-26,daegu-city,자치경찰행정과,동보성,자치경찰사무 현안 공유 및 논의를 위한 간담회 경비 지출(위원장),440000,75196493c6b8491b06c19f8ef56cbc6220321a2fd45c1835af20239c1b66e1a5,sheet1:R14,,,
75196493c6b8491b-sheet1-R15,2026-01-26,daegu-city,자치경찰행정과,영커피 대구산격점,제2차 정기회의 개최에 따른 내방객 다과 구입비 지출,95000,75196493c6b8491b06c19f8ef56cbc6220321a2fd45c1835af20239c1b66e1a5,sheet1:R15,,,
75196493c6b8491b-sheet1-R16,2026-01-27,daegu-city,자치경찰행정과,조르지오피렌체,현안업무 추진 직원 격려 간담회 경비 지출(위원장),91600,75196493c6b8491b06c19f8ef56cbc6220321a2fd45c1835af20239c1b66e1a5,sheet1:R16,,,
75196493c6b8491b-sheet1-R17,2026-01-28,daegu-city,자치경찰행정과,침산곤지곤지,현안업무 추진 직원 격려 간담회 경비 지출(위원장),64000,75196493c6b8491b06c19f8ef56cbc6220321a2fd45c1835af20239c1b66e1a5,sheet1:R17,,,
75196493c6b8491b-sheet1-R18,2026-02-02,daegu-city,자치경찰행정과,낙영찜갈비,현안업무 추진 직원 격려 간담회 경비 지출(위원장),330000,75196493c6b8491b06c19f8ef56cbc6220321a2fd45c1835af20239c1b66e1a5,sheet1:R18,,,
75196493c6b8491b-sheet1-R19,2026-02-03,daegu-city,자치경찰행정과,하나해물탕,현안업무 추진 직원 격려 간담회 경비 지출(위원장),60000,75196493c6b8491b06c19f8ef56cbc6220321a2fd45c1835af20239c1b66e1a5,sheet1:R19,,,
75196493c6b8491b-sheet1-R20,2026-02-05,daegu-city,자치경찰행정과,예원,자치경찰사무 현안 공유 및 논의를 위한 간담회 경비 지출(위원장),153000,75196493c6b8491b06c19f8ef56cbc6220321a2fd45c1835af20239c1b66e1a5,sheet1:R20,,,
75196493c6b8491b-sheet1-R21,2026-02-06,daegu-city,자치경찰행정과,미래유통,위원회 내방객 접대를 위한 원두커피 구입비 지출,200000,75196493c6b8491b06c19f8ef56cbc6220321a2fd45c1835af20239c1b66e1a5,sheet1:R21,,,
75196493c6b8491b-sheet1-R22,2026-02-09,daegu-city,자치경찰행정과,경희식당,현안업무 추진 직원 격려 간담회 경비 지출(위원장),85000,75196493c6b8491b06c19f8ef56cbc6220321a2fd45c1835af20239c1b66e1a5,sheet1:R22,,,
75196493c6b8491b-sheet1-R23,2026-02-09,daegu-city,자치경찰행정과,영커피 대구산격점,제4차 정기회의 개최에 따른 내방객 다과 구입비 지출,95000,75196493c6b8491b06c19f8ef56cbc6220321a2fd45c1835af20239c1b66e1a5,sheet1:R23,,,
75196493c6b8491b-sheet1-R24,2026-02-10,daegu-city,자치경찰행정과,거산 이가네더덕밥,교통사고 관련 현안 공유 및 감소 방안 논의를 위한 간담회 경비 지출(위원장),280000,75196493c6b8491b06c19f8ef56cbc6220321a2fd45c1835af20239c1b66e1a5,sheet1:R24,,,
75196493c6b8491b-sheet1-R25,2026-02-10,daegu-city,자치경찰행정과,강북경찰서 교통과,「2026대구마라톤」 및 「설 명절」 치안현장 방문에 따른 현장 근무자 격려금 지출,200000,75196493c6b8491b06c19f8ef56cbc6220321a2fd45c1835af20239c1b66e1a5,sheet1:R25,,,
75196493c6b8491b-sheet1-R26,2026-02-10,daegu-city,자치경찰행정과,달서경찰서 송현지구대,「2026대구마라톤」 및 「설 명절」 치안현장 방문에 따른 현장 근무자 격려금 지출,200000,75196493c6b8491b06c19f8ef56cbc6220321a2fd45c1835af20239c1b66e1a5,sheet1:R26,,,
75196493c6b8491b-sheet1-R27,2026-02-11,daegu-city,자치경찰행정과,국일불갈비,설 명절 특별방범활동 관련 현안 공유 및 상호 협력을 위한 간담회 경비 지출(위원장),140000,75196493c6b8491b06c19f8ef56cbc6220321a2fd45c1835af20239c1b66e1a5,sheet1:R27,,,
75196493c6b8491b-sheet1-R28,2026-02-11,daegu-city,자치경찰행정과,중부경찰서 동덕지구대,「설 명절」 치안현장 방문에 따른 현장 근무자 격려금 지출,200000,75196493c6b8491b06c19f8ef56cbc6220321a2fd45c1835af20239c1b66e1a5,sheet1:R28,,,
75196493c6b8491b-sheet1-R29,2026-02-11,daegu-city,자치경찰행정과,수성경찰서 경비교통과,「2026대구마라톤」 및 「설 명절」 치안현장 방문에 따른 현장 근무자 격려금 지출,300000,75196493c6b8491b06c19f8ef56cbc6220321a2fd45c1835af20239c1b66e1a5,sheet1:R29,,,
75196493c6b8491b-sheet1-R30,2026-02-11,daegu-city,자치경찰행정과,대구경찰청 경비경호계,「2026대구마라톤」 및 「설 명절」 치안현장 방문에 따른 현장 근무자 격려금 지출,200000,75196493c6b8491b06c19f8ef56cbc6220321a2fd45c1835af20239c1b66e1a5,sheet1:R30,,,
75196493c6b8491b-sheet1-R31,2026-02-12,daegu-city,자치경찰행정과,한정식금마루,2026 대구마라톤대회 경비·교통 대책 논의을 위한 간담회 경비 지출(위원장),232000,75196493c6b8491b06c19f8ef56cbc6220321a2fd45c1835af20239c1b66e1a5,sheet1:R31,,,
75196493c6b8491b-sheet1-R32,2026-02-12,daegu-city,자치경찰행정과,대구경찰청 제2기동대,「2026대구마라톤」 및 「설 명절」 치안현장 방문에 따른 현장 근무자 격려금 지출,200000,75196493c6b8491b06c19f8ef56cbc6220321a2fd45c1835af20239c1b66e1a5,sheet1:R32,,,
75196493c6b8491b-sheet1-R33,2026-02-12,daegu-city,자치경찰행정과,대구경찰청 제4기동대,「2026대구마라톤」 및 「설 명절」 치안현장 방문에 따른 현장 근무자 격려금 지출,200000,75196493c6b8491b06c19f8ef56cbc6220321a2fd45c1835af20239c1b66e1a5,sheet1:R33,,,
75196493c6b8491b-sheet1-R34,2026-02-22,daegu-city,자치경찰행정과,대흥명가,현안업무 추진 직원 격려 간담회 경비 지출(위원장),200000,75196493c6b8491b06c19f8ef56cbc6220321a2fd45c1835af20239c1b66e1a5,sheet1:R34,,,
75196493c6b8491b-sheet1-R35,2026-02-24,daegu-city,자치경찰행정과,예원,자치경찰사무 현안 공유 및 논의를 위한 간담회 경비 지출(위원장),385000,75196493c6b8491b06c19f8ef56cbc6220321a2fd45c1835af20239c1b66e1a5,sheet1:R35,,,
75196493c6b8491b-sheet1-R36,2026-02-26,daegu-city,자치경찰행정과,복호두지산범물점,3.1절 폭주족 단속 현장 경찰관 격려 물품 구입비 지출(위원장),1900000,75196493c6b8491b06c19f8ef56cbc6220321a2fd45c1835af20239c1b66e1a5,sheet1:R36,,,
75196493c6b8491b-sheet1-R37,2026-03-04,daegu-city,자치경찰행정과,남원골추어탕,현안업무 추진 직원 격려 간담회 경비 지출(위원장),40000,75196493c6b8491b06c19f8ef56cbc6220321a2fd45c1835af20239c1b66e1a5,sheet1:R37,,,
75196493c6b8491b-sheet1-R38,2026-03-05,daegu-city,자치경찰행정과,침산곤지곤지,현안업무 추진 직원 격려 간담회 경비 지출(위원장),72000,75196493c6b8491b06c19f8ef56cbc6220321a2fd45c1835af20239c1b66e1a5,sheet1:R38,,,
75196493c6b8491b-sheet1-R39,2026-03-09,daegu-city,자치경찰행정과,영커피 대구산격점,제9차 정기회의 개최에 따른 내방객 다과 구입비 지출,95000,75196493c6b8491b06c19f8ef56cbc6220321a2fd45c1835af20239c1b66e1a5,sheet1:R39,,,
75196493c6b8491b-sheet1-R40,2026-03-10,daegu-city,자치경찰행정과,유가정,현안업무 추진 직원 격려 간담회 경비 지출(위원장),48000,75196493c6b8491b06c19f8ef56cbc6220321a2fd45c1835af20239c1b66e1a5,sheet1:R40,,,
75196493c6b8491b-sheet1-R41,2026-03-11,daegu-city,자치경찰행정과,연암 옹심이칼국수,현안업무 추진 직원 격려 간담회 경비 지출(위원장),67000,75196493c6b8491b06c19f8ef56cbc6220321a2fd45c1835af20239c1b66e1a5,sheet1:R41,,,
75196493c6b8491b-sheet1-R42,2026-03-17,daegu-city,자치경찰행정과,남원골추어탕,현안업무 추진 직원 격려 간담회 경비 지출(위원장),78000,75196493c6b8491b06c19f8ef56cbc6220321a2fd45c1835af20239c1b66e1a5,sheet1:R42,,,
75196493c6b8491b-sheet1-R43,2026-03-18,daegu-city,자치경찰행정과,풍촌코다리네,현안업무 추진 직원 격려 간담회 경비 지출(위원장),107000,75196493c6b8491b06c19f8ef56cbc6220321a2fd45c1835af20239c1b66e1a5,sheet1:R43,,,
75196493c6b8491b-sheet1-R44,2026-03-26,daegu-city,자치경찰행정과,왓타타이,현안업무 추진 직원 격려 간담회 경비 지출(위원장),52100,75196493c6b8491b06c19f8ef56cbc6220321a2fd45c1835af20239c1b66e1a5,sheet1:R44,,,
75196493c6b8491b-sheet1-R45,2026-03-30,daegu-city,자치경찰행정과,바르미 명품한우센터,현안업무 추진 직원 격려 간담회 경비 지출(위원장),131100,75196493c6b8491b06c19f8ef56cbc6220321a2fd45c1835af20239c1b66e1a5,sheet1:R45,,,
75196493c6b8491b-sheet2-R6,2026-01-07,daegu-city,자치경찰행정과,할매추어탕,현안업무 추진 직원 격려 간담회 경비 지출(사무국장),50000,75196493c6b8491b06c19f8ef56cbc6220321a2fd45c1835af20239c1b66e1a5,sheet2:R6,,,
75196493c6b8491b-sheet2-R7,2026-01-22,daegu-city,자치경찰행정과,할매추어탕,현안업무 추진 직원 격려 간담회 경비 지출(사무국장),30000,75196493c6b8491b06c19f8ef56cbc6220321a2fd45c1835af20239c1b66e1a5,sheet2:R7,,,
75196493c6b8491b-sheet2-R8,2026-01-30,daegu-city,자치경찰행정과,연암 옹심이칼국수,현안업무 추진 직원 격려 간담회 경비 지출(사무국장),89000,75196493c6b8491b06c19f8ef56cbc6220321a2fd45c1835af20239c1b66e1a5,sheet2:R8,,,
75196493c6b8491b-sheet2-R9,2026-02-05,daegu-city,자치경찰행정과,유림식당,현안업무 추진 직원 격려 간담회 경비 지출(사무국장),105000,75196493c6b8491b06c19f8ef56cbc6220321a2fd45c1835af20239c1b66e1a5,sheet2:R9,,,
75196493c6b8491b-sheet2-R10,2026-02-09,daegu-city,자치경찰행정과,남원골추어탕,현안업무 추진 직원 격려 간담회 경비 지출(사무국장),72000,75196493c6b8491b06c19f8ef56cbc6220321a2fd45c1835af20239c1b66e1a5,sheet2:R10,,,
75196493c6b8491b-sheet2-R11,2026-02-11,daegu-city,자치경찰행정과,남원골추어탕,현안업무 추진 직원 격려 간담회 경비 지출(사무국장),64000,75196493c6b8491b06c19f8ef56cbc6220321a2fd45c1835af20239c1b66e1a5,sheet2:R11,,,
75196493c6b8491b-sheet2-R12,2026-02-25,daegu-city,자치경찰행정과,정동진,현안업무 추진 직원 격려 간담회 경비 지출(사무국장),100000,75196493c6b8491b06c19f8ef56cbc6220321a2fd45c1835af20239c1b66e1a5,sheet2:R12,,,
75196493c6b8491b-sheet2-R13,2026-02-26,daegu-city,자치경찰행정과,방어진참가자미,현안업무 추진 직원 격려 간담회 경비 지출(사무국장),156000,75196493c6b8491b06c19f8ef56cbc6220321a2fd45c1835af20239c1b66e1a5,sheet2:R13,,,
75196493c6b8491b-sheet2-R14,2026-03-04,daegu-city,자치경찰행정과,장원,자치경찰사무 현안 공유 및 논의를 위한 간담회 경비 지출(사무국장),202000,75196493c6b8491b06c19f8ef56cbc6220321a2fd45c1835af20239c1b66e1a5,sheet2:R14,,,
75196493c6b8491b-sheet2-R15,2026-03-05,daegu-city,자치경찰행정과,조르지오피렌체,현안업무 추진 직원 격려 간담회 경비 지출(사무국장),173400,75196493c6b8491b06c19f8ef56cbc6220321a2fd45c1835af20239c1b66e1a5,sheet2:R15,,,
75196493c6b8491b-sheet2-R16,2026-03-06,daegu-city,자치경찰행정과,미소정멧돌순두부,현안업무 추진 직원 격려 간담회 경비 지출(사무국장),70000,75196493c6b8491b06c19f8ef56cbc6220321a2fd45c1835af20239c1b66e1a5,sheet2:R16,,,
75196493c6b8491b-sheet2-R17,2026-03-13,daegu-city,자치경찰행정과,장원,현안업무 추진 직원 격려 간담회 경비 지출(사무국장),153000,75196493c6b8491b06c19f8ef56cbc6220321a2fd45c1835af20239c1b66e1a5,sheet2:R17,,,
75196493c6b8491b-sheet2-R18,2026-03-19,daegu-city,자치경찰행정과,용궁횟집,현안업무 추진 직원 격려 간담회 경비 지출(사무국장),300000,75196493c6b8491b06c19f8ef56cbc6220321a2fd45c1835af20239c1b66e1a5,sheet2:R18,,,
75196493c6b8491b-sheet2-R19,2026-03-23,daegu-city,자치경찰행정과,오대양장어구이,자치경찰사무 현안 공유 및 인사협조를 위한 간담회 경비 지출(사무국장),381000,75196493c6b8491b06c19f8ef56cbc6220321a2fd45c1835af20239c1b66e1a5,sheet2:R19,,,
75196493c6b8491b-sheet2-R20,2026-03-24,daegu-city,자치경찰행정과,하나해물탕,현안업무 추진 직원 격려 간담회 경비 지출(사무국장),60000,75196493c6b8491b06c19f8ef56cbc6220321a2fd45c1835af20239c1b66e1a5,sheet2:R20,,,
75196493c6b8491b-sheet2-R21,2026-03-30,daegu-city,자치경찰행정과,할매추어탕,현안업무 추진 직원 격려 간담회 경비 지출(사무국장),40000,75196493c6b8491b06c19f8ef56cbc6220321a2fd45c1835af20239c1b66e1a5,sheet2:R21,,,
017596c1d43a7085-sheet1-R6,2026-01-09,daegu-city,도서관정책과,한결같은식당(남구 봉덕남로 63)등,직원 격려 간담회 경비 지출,99500,017596c1d43a7085842290a659c3d68c4abc57e63b9f11d206d5985f9d5e887d,sheet1:R6,,,
017596c1d43a7085-sheet1-R7,2026-02-13,daegu-city,도서관정책과,쿠팡,설명절 선물세트 구매,783510,017596c1d43a7085842290a659c3d68c4abc57e63b9f11d206d5985f9d5e887d,sheet1:R7,,,
017596c1d43a7085-sheet1-R8,2026-03-09,daegu-city,도서관정책과,파리바게트(남구 중앙대로149),대구 올해의 책 도서선정위원회 경비 지출,169400,017596c1d43a7085842290a659c3d68c4abc57e63b9f11d206d5985f9d5e887d,sheet1:R8,,,
017596c1d43a7085-sheet1-R9,2026-03-17,daegu-city,도서관정책과,한결같은식당(남구 봉덕남로 63)등,대구도서관 안전관리 관련 간담회,90000,017596c1d43a7085842290a659c3d68c4abc57e63b9f11d206d5985f9d5e887d,sheet1:R9,,,
017596c1d43a7085-sheet1-R10,2026-03-24,daegu-city,도서관정책과,생갈비전문점설화(남구 봉덕로 35),직원 격려 간담회 경비 지출,336000,017596c1d43a7085842290a659c3d68c4abc57e63b9f11d206d5985f9d5e887d,sheet1:R10,,,
3796498081f9557a-sheet1-R6,2026-01-07,daegu-city,도시디자인과,대백마트 외 1,불법광고물 정비 구군 담당자 회의 개최에 따른 다과류 구입비 지출,66950,3796498081f9557a6d006d6a7c7988dcad843315eba64411569935564f3dac54,sheet1:R6,,,
3796498081f9557a-sheet1-R7,2026-01-13,daegu-city,도시디자인과,㈜이마트칠성점,2026년 제1회 공공디자인 진흥위원회 개최에 따른 다과류 구입비 지출,118260,3796498081f9557a6d006d6a7c7988dcad843315eba64411569935564f3dac54,sheet1:R7,,,
3796498081f9557a-sheet1-R8,2026-01-27,daegu-city,도시디자인과,㈜이마트칠성점,불법광고물 정비 구군 담당자 회의 개최에 따른 다과류 구입비 지출,83830,3796498081f9557a6d006d6a7c7988dcad843315eba64411569935564f3dac54,sheet1:R8,,,
3796498081f9557a-sheet1-R9,2026-02-10,daegu-city,도시디자인과,마이온룸 외 1,2026년 제2회 공공디자인 진흥위원회 개최에 따른 다과류 구입비 지출,129800,3796498081f9557a6d006d6a7c7988dcad843315eba64411569935564f3dac54,sheet1:R9,,,
3796498081f9557a-sheet1-R10,2026-02-19,daegu-city,도시디자인과,㈜이마트칠성점,2026년 제1회 경관위원회 개최에 따른 다과류 구입비 지출,97380,3796498081f9557a6d006d6a7c7988dcad843315eba64411569935564f3dac54,sheet1:R10,,,
3796498081f9557a-sheet1-R11,2026-02-23,daegu-city,도시디자인과,삼송빵집 서대구점,2026대구마라톤 코스 주변 불법광고물 정비 직원 격려 다과 구입 지출,325000,3796498081f9557a6d006d6a7c7988dcad843315eba64411569935564f3dac54,sheet1:R11,,,
3796498081f9557a-sheet1-R12,2026-03-16,daegu-city,도시디자인과,트레이더스 비산점,2026년 제3회 공공디자인 진흥위원회 개최에 따른 다과류 구입비 지출,99440,3796498081f9557a6d006d6a7c7988dcad843315eba64411569935564f3dac54,sheet1:R12,,,
3796498081f9557a-sheet1-R13,2026-03-16,daegu-city,도시디자인과,코레일유통주식회사(동대구역),주요 현안 시책사업 추진을 위한 간담회 경비 지출,82000,3796498081f9557a6d006d6a7c7988dcad843315eba64411569935564f3dac54,sheet1:R13,,,
3796498081f9557a-sheet1-R14,2026-03-26,daegu-city,도시디자인과,㈜이마트칠성점,2026년 제2회 경관위원회 개최에 따른 다과류 구입비 지출,96020,3796498081f9557a6d006d6a7c7988dcad843315eba64411569935564f3dac54,sheet1:R14,,,
68244a725b2f6103-sheet1-R6,2026-01-09,daegu-city,시설안전과,"해신, 대흥커피",주요시책 관련 간담회 경비 지출(공항교 및 성북교 정밀안전점검 관련 협의),183500,68244a725b2f6103c7235c1f5438c33350b140aae3a7eeac5ba2588c6b936ce0,sheet1:R6,,,
68244a725b2f6103-sheet1-R7,2026-01-30,daegu-city,시설안전과,식도관한우숯불갈비,주요시책 관련 간담회 경비 지출(시설물 유지 관리 관련 협의),36000,68244a725b2f6103c7235c1f5438c33350b140aae3a7eeac5ba2588c6b936ce0,sheet1:R7,,,
68244a725b2f6103-sheet1-R8,2026-02-23,daegu-city,시설안전과,"신영웅청국장해물뚝배기, 제니아빈",주요시책 관련 간담회 경비 지출(시설물 정기안전점검 용역 관련 협의),166500,68244a725b2f6103c7235c1f5438c33350b140aae3a7eeac5ba2588c6b936ce0,sheet1:R8,,,
68244a725b2f6103-sheet1-R9,2026-02-24,daegu-city,시설안전과,와촌식육식당 침산점,주요시책 관련 간담회 경비 지출(중대산업재해 및 시민재해시설 현장점검 관련 협의),179000,68244a725b2f6103c7235c1f5438c33350b140aae3a7eeac5ba2588c6b936ce0,sheet1:R9,,,
58a7a68897609aec-sheet1-R4,2026-02-04,daegu-city,중대재해예방과,복어잡는 사람들 [대구광역시 수성구 동대구로 209],중대재해 예방 정책 협력 간담회,126000,58a7a68897609aec47bc5882b15f417b30abee607c85f23d35e3470fc905ae0f,sheet1:R4,,,
58a7a68897609aec-sheet1-R5,2026-03-12,daegu-city,중대재해예방과,이루팜 [대구광역시 중구 국채보상로131길 16],2026년 안전보건지킴이 위촉식 및 직무교육 개최 비용 지출,252000,58a7a68897609aec47bc5882b15f417b30abee607c85f23d35e3470fc905ae0f,sheet1:R5,,,
58a7a68897609aec-sheet1-R6,2026-03-23,daegu-city,중대재해예방과,오케이마트 [대구광역시 중구 동덕로 196],2026년 1분기 산업안전보건위원회,70000,58a7a68897609aec47bc5882b15f417b30abee607c85f23d35e3470fc905ae0f,sheet1:R6,,,
58a7a68897609aec-sheet1-R7,2026-03-23,daegu-city,중대재해예방과,이루팜 [대구광역시 중구 국채보상로131길 16],2026년 1분기 산업안전보건위원회,77000,58a7a68897609aec47bc5882b15f417b30abee607c85f23d35e3470fc905ae0f,sheet1:R7,,,
7d1bc5489dcbb347-sheet1-R6,2026-03-05,daegu-city,민생사법경찰과,삼대손평양순대,특별사법경찰 업무협의 간담회 경비 지출,122000,7d1bc5489dcbb3477d4acaecc8e4206cb419b2d888e984384bb9eea257b98936,sheet1:R6,,,
0bd2904e7b610215-sheet1-R4,2026-01-13,daegu-city,물환경과,복호두,2026년 물기업 지원사업 등 물산업 발전을 위한 간담회 개최에 따른 다과구입비 지출,32100,0bd2904e7b6102157c846711095f3c4fbd9d7571acac55b74a72fcecfea0e4ed,sheet1:R4,,,
0bd2904e7b610215-sheet1-R5,2026-01-28,daegu-city,물환경과,스타벅스,2026워터밸리 비즈니스 위크 개최에 따른 관계기관 간담회 비용 지출,48400,0bd2904e7b6102157c846711095f3c4fbd9d7571acac55b74a72fcecfea0e4ed,sheet1:R5,,,
0bd2904e7b610215-sheet1-R6,2026-01-29,daegu-city,물환경과,현풍박소선할매집곰탕,2026워터밸리 비즈니스 위크 개최에 따른 관계기관 간담회 비용 지출,238000,0bd2904e7b6102157c846711095f3c4fbd9d7571acac55b74a72fcecfea0e4ed,sheet1:R6,,,
0bd2904e7b610215-sheet1-R7,2026-02-10,daegu-city,물환경과,온돌방,물산업 행사 등 관련 간담회 개최에 따른 비용 지출,150000,0bd2904e7b6102157c846711095f3c4fbd9d7571acac55b74a72fcecfea0e4ed,sheet1:R7,,,
0bd2904e7b610215-sheet1-R8,2026-02-11,daegu-city,물환경과,코레일 유통,NSF연구시험소 유치 국회 토론회 개최에 따른 다과 구입비 지출,96000,0bd2904e7b6102157c846711095f3c4fbd9d7571acac55b74a72fcecfea0e4ed,sheet1:R8,,,
0bd2904e7b610215-sheet1-R9,2026-02-11,daegu-city,물환경과,은주식당,NSF연구시험소 유치 국회 토론회 개최에 따른 간담회 비용 지출,282000,0bd2904e7b6102157c846711095f3c4fbd9d7571acac55b74a72fcecfea0e4ed,sheet1:R9,,,
0bd2904e7b610215-sheet1-R10,2026-02-13,daegu-city,물환경과,도원,물산업 구매연계 기술개발사업 간담회 개최에 따른 경비 지출,160000,0bd2904e7b6102157c846711095f3c4fbd9d7571acac55b74a72fcecfea0e4ed,sheet1:R10,,,
0bd2904e7b610215-sheet1-R11,2026-02-27,daegu-city,물환경과,대백마트,대구시 물 수요관리종합계획 수립 착수보고회 개최에 따른 다과 구입비 지출,100000,0bd2904e7b6102157c846711095f3c4fbd9d7571acac55b74a72fcecfea0e4ed,sheet1:R11,,,
0bd2904e7b610215-sheet1-R12,2026-03-03,daegu-city,물환경과,대백마트,2026년 1분기 유통중인 먹는샘물 합동점검 관련 회의개최에 따른 경비 지출,100000,0bd2904e7b6102157c846711095f3c4fbd9d7571acac55b74a72fcecfea0e4ed,sheet1:R12,,,
0bd2904e7b610215-sheet1-R13,2026-03-10,daegu-city,물환경과,근대골목단팥빵,국가물산업클러스터 집적단지 기업 간담회 개최에 따른 다과구입비 지출,98700,0bd2904e7b6102157c846711095f3c4fbd9d7571acac55b74a72fcecfea0e4ed,sheet1:R13,,,
0bd2904e7b610215-sheet1-R14,2026-03-17,daegu-city,물환경과,코레일 유통주식회사,대한민국 국제물주간 관련 간담회 개최에 따른 다과구입비 지출,89800,0bd2904e7b6102157c846711095f3c4fbd9d7571acac55b74a72fcecfea0e4ed,sheet1:R14,,,
0bd2904e7b610215-sheet1-R15,2026-03-17,daegu-city,물환경과,신화케이푸드,NSF연구시험소 유치 관련 간담회 개최에 따른 경비 지출,210000,0bd2904e7b6102157c846711095f3c4fbd9d7571acac55b74a72fcecfea0e4ed,sheet1:R15,,,
0bd2904e7b610215-sheet1-R16,2026-03-23,daegu-city,물환경과,아리연,NSF연구시험소 유치 관련 간담회 개최에 따른 경비 지출,136000,0bd2904e7b6102157c846711095f3c4fbd9d7571acac55b74a72fcecfea0e4ed,sheet1:R16,,,
0bd2904e7b610215-sheet1-R17,2026-03-30,daegu-city,물환경과,휘낭시에 상점 외1,2026년 빗물이용시설 설치지원사업 대상자 선정 심의 개최에 따른 다과 구입비 지출,49200,0bd2904e7b6102157c846711095f3c4fbd9d7571acac55b74a72fcecfea0e4ed,sheet1:R17,,,
4c5b2d9261376feb-sheet1-R3,2026-02-12,daegu-city,매곡정수사업소,대성논메기매운탕,정밀안전진단관련 업무협의 간담회 경비지출,188000,4c5b2d9261376feb5ce1a39df1b373669582ab4f8e0148432fcf6cc81f7a1101,sheet1:R3,,,
4c5b2d9261376feb-sheet1-R4,2026-02-26,daegu-city,매곡정수사업소,소장 노창학,부조금(오승환) 지출,50000,4c5b2d9261376feb5ce1a39df1b373669582ab4f8e0148432fcf6cc81f7a1101,sheet1:R4,,,
866084f80f70b40d-sheet1-R6,2026-02-19,daegu-city,상수도사업본부 중남부사업소,개인(성명 비공개),직원경조사비 지출,50000,866084f80f70b40d2c4d1ba5adb1bdadd96d03ff868f81ad3e69228e68ca3cd1,sheet1:R6,,,
b9f006aebc69485b-sheet1-R6,2026-02-28,daegu-city,정책기획관,개인(성명 비공개),직원 경조사비,50000,b9f006aebc69485bd799496f60b2d78686bd32b40b1cd65d4ffa16b550cdc807,sheet1:R6,,,
b9f006aebc69485b-sheet1-R11,2026-02-04,daegu-city,정책기획관,어성촌,직원 격려를 위한 간담회 경비 지출,230000,b9f006aebc69485bd799496f60b2d78686bd32b40b1cd65d4ffa16b550cdc807,sheet1:R11,,,
b9f006aebc69485b-sheet1-R12,2026-02-04,daegu-city,정책기획관,야사오미나미,시정현안 업무 협의를 위한 간담회 경비 지출,144000,b9f006aebc69485bd799496f60b2d78686bd32b40b1cd65d4ffa16b550cdc807,sheet1:R12,,,
b9f006aebc69485b-sheet1-R13,2026-02-05,daegu-city,정책기획관,싱싱해싱싱어 수성,시정현안 업무 협의를 위한 간담회 경비 지출,321000,b9f006aebc69485bd799496f60b2d78686bd32b40b1cd65d4ffa16b550cdc807,sheet1:R13,,,
b9f006aebc69485b-sheet1-R14,2026-02-10,daegu-city,정책기획관,현대그린푸드 국회 본관 식당카페,직원 격려를 위한 다과구입 경비 지출,77700,b9f006aebc69485bd799496f60b2d78686bd32b40b1cd65d4ffa16b550cdc807,sheet1:R14,,,
b9f006aebc69485b-sheet1-R15,2026-02-12,daegu-city,정책기획관,대청마루,직원 격려를 위한 간담회 경비 지출,400000,b9f006aebc69485bd799496f60b2d78686bd32b40b1cd65d4ffa16b550cdc807,sheet1:R15,,,
b9f006aebc69485b-sheet1-R16,2026-02-12,daegu-city,정책기획관,장독대김치찌개,시정현안 업무 협의를 위한 간담회 경비 지출,279000,b9f006aebc69485bd799496f60b2d78686bd32b40b1cd65d4ffa16b550cdc807,sheet1:R16,,,
b9f006aebc69485b-sheet1-R17,2026-02-13,daegu-city,정책기획관,황금복국,직원 격려를 위한 간담회 경비 지출,160000,b9f006aebc69485bd799496f60b2d78686bd32b40b1cd65d4ffa16b550cdc807,sheet1:R17,,,
b9f006aebc69485b-sheet1-R18,2026-02-20,daegu-city,정책기획관,세종 오이시,중앙과 지방의 업무 협조를 위한 간담회 경비 지출,270000,b9f006aebc69485bd799496f60b2d78686bd32b40b1cd65d4ffa16b550cdc807,sheet1:R18,,,
b9f006aebc69485b-sheet1-R19,2026-02-23,daegu-city,정책기획관,참나무골,직원 격려를 위한 간담회 경비 지출,350000,b9f006aebc69485bd799496f60b2d78686bd32b40b1cd65d4ffa16b550cdc807,sheet1:R19,,,
b9f006aebc69485b-sheet1-R20,2026-02-23,daegu-city,정책기획관,스타벅스,직원 격려를 위한 다과구입 경비 지출,47900,b9f006aebc69485bd799496f60b2d78686bd32b40b1cd65d4ffa16b550cdc807,sheet1:R20,,,
b9f006aebc69485b-sheet1-R21,2026-02-24,daegu-city,정책기획관,엉터리해장국 서여의도점,직원 격려를 위한 간담회 경비 지출,60000,b9f006aebc69485bd799496f60b2d78686bd32b40b1cd65d4ffa16b550cdc807,sheet1:R21,,,
b9f006aebc69485b-sheet1-R22,2026-02-25,daegu-city,정책기획관,감포생밀복,직원 격려를 위한 간담회 경비 지출,420000,b9f006aebc69485bd799496f60b2d78686bd32b40b1cd65d4ffa16b550cdc807,sheet1:R22,,,
b9f006aebc69485b-sheet1-R23,2026-02-26,daegu-city,정책기획관,낙영찜갈비,중앙과 지방의 업무 협조를 위한 간담회 경비 지출,276000,b9f006aebc69485bd799496f60b2d78686bd32b40b1cd65d4ffa16b550cdc807,sheet1:R23,,,
b9f006aebc69485b-sheet1-R24,2026-02-26,daegu-city,정책기획관,품육,직원 격려를 위한 간담회 경비 지출,306000,b9f006aebc69485bd799496f60b2d78686bd32b40b1cd65d4ffa16b550cdc807,sheet1:R24,,,
b9f006aebc69485b-sheet1-R25,2026-02-27,daegu-city,정책기획관,어성촌,직원 격려를 위한 간담회 경비 지출,92000,b9f006aebc69485bd799496f60b2d78686bd32b40b1cd65d4ffa16b550cdc807,sheet1:R25,,,
b9f006aebc69485b-sheet2-R11,2026-02-11,daegu-city,정책기획관,이가네안동생갈비,직원 격려를 위한 간담회 경비 지출,288000,b9f006aebc69485bd799496f60b2d78686bd32b40b1cd65d4ffa16b550cdc807,sheet2:R11,,,
b9f006aebc69485b-sheet2-R12,2026-02-24,daegu-city,정책기획관,길섶한우,직원 격려를 위한 간담회 경비 지출,476000,b9f006aebc69485bd799496f60b2d78686bd32b40b1cd65d4ffa16b550cdc807,sheet2:R12,,,
b9f006aebc69485b-sheet2-R13,2026-02-26,daegu-city,정책기획관,황소갈비,직원 격려를 위한 간담회 경비 지출,346000,b9f006aebc69485bd799496f60b2d78686bd32b40b1cd65d4ffa16b550cdc807,sheet2:R13,,,
cf60cd1610aedcad-sheet1-R5,2026-02-02,daegu-city,농업기술센터,참달성농특산물쇼핑몰,설명절 직원격려품 구입,752000,cf60cd1610aedcade80f8b9053185a7d69af3c533815c03ec10fd5f43687c800,sheet1:R5,,,
52938a366737cc55-sheet1-R8,2026-02-02,daegu-city,상수도 사업본부,벙글벙글찜갈비,직원 격려 간담회 경비 지출,759000,52938a366737cc551330f82e468d737540c012f8453900c6b88013814381a1b7,sheet1:R8,,,
52938a366737cc55-sheet1-R9,2026-02-03,daegu-city,상수도 사업본부,일월한과,설 맞이 직원 격려 물품 구입,113400,52938a366737cc551330f82e468d737540c012f8453900c6b88013814381a1b7,sheet1:R9,,,
52938a366737cc55-sheet1-R10,2026-02-04,daegu-city,상수도 사업본부,개인(성명 비공개),경조사 비용 지출,50000,52938a366737cc551330f82e468d737540c012f8453900c6b88013814381a1b7,sheet1:R10,,,
52938a366737cc55-sheet1-R11,2026-02-04,daegu-city,상수도 사업본부,본가안동국시,직원 격려 간담회 경비 지출,75000,52938a366737cc551330f82e468d737540c012f8453900c6b88013814381a1b7,sheet1:R11,,,
52938a366737cc55-sheet1-R12,2026-02-06,daegu-city,상수도 사업본부,원조김천식당,직원 격려 간담회 경비 지출,96000,52938a366737cc551330f82e468d737540c012f8453900c6b88013814381a1b7,sheet1:R12,,,
52938a366737cc55-sheet1-R13,2026-02-06,daegu-city,상수도 사업본부,"매곡, 문산정수사업소",2026년 설 연휴기간 중 근무 직원 격려금 지출,600000,52938a366737cc551330f82e468d737540c012f8453900c6b88013814381a1b7,sheet1:R13,,,
52938a366737cc55-sheet1-R14,2026-02-09,daegu-city,상수도 사업본부,동메기매운탕,직원 격려 간담회 경비 지출,55000,52938a366737cc551330f82e468d737540c012f8453900c6b88013814381a1b7,sheet1:R14,,,
52938a366737cc55-sheet1-R15,2026-02-10,daegu-city,상수도 사업본부,ssg닷컴,2026년 설 연휴 당직 및 비상근무자 간식 제공,192520,52938a366737cc551330f82e468d737540c012f8453900c6b88013814381a1b7,sheet1:R15,,,
52938a366737cc55-sheet1-R16,2026-02-11,daegu-city,상수도 사업본부,이천홍두깨,직원 격려 간담회 경비 지출,164000,52938a366737cc551330f82e468d737540c012f8453900c6b88013814381a1b7,sheet1:R16,,,
52938a366737cc55-sheet1-R17,2026-02-11,daegu-city,상수도 사업본부,개인(성명 비공개),경조사 비용 지출,50000,52938a366737cc551330f82e468d737540c012f8453900c6b88013814381a1b7,sheet1:R17,,,
52938a366737cc55-sheet1-R18,2026-02-19,daegu-city,상수도 사업본부,개인(성명 비공개),경조사 비용 지출,200000,52938a366737cc551330f82e468d737540c012f8453900c6b88013814381a1b7,sheet1:R18,,,
52938a366737cc55-sheet1-R19,2026-02-23,daegu-city,상수도 사업본부,개인(성명 비공개),경조사 비용 지출,150000,52938a366737cc551330f82e468d737540c012f8453900c6b88013814381a1b7,sheet1:R19,,,
52938a366737cc55-sheet1-R20,2026-02-27,daegu-city,상수도 사업본부,원조어탕,직원 격려 간담회 경비 지출,66000,52938a366737cc551330f82e468d737540c012f8453900c6b88013814381a1b7,sheet1:R20,,,
52938a366737cc55-sheet2-R8,2026-02-10,daegu-city,상수도 사업본부,황소식당,본부 시책사업 협의 관련 간담회 비용 지출,250000,52938a366737cc551330f82e468d737540c012f8453900c6b88013814381a1b7,sheet2:R8,,,
1038d7ccefb79a31-sheet1-R5,2026-02-02,daegu-city,대학정책국장,송정식당 등,직원 격려 간담회 경비 지출,207400,1038d7ccefb79a31c7771ff8ed91636b82030ee37d132cd6fd6222bdc5079e37,sheet1:R5,,,
1038d7ccefb79a31-sheet1-R6,2026-02-09,daegu-city,대학정책국장,정동진 등,현안업무 홍보를 위한 간담회 경비 지출,90100,1038d7ccefb79a31c7771ff8ed91636b82030ee37d132cd6fd6222bdc5079e37,sheet1:R6,,,
1038d7ccefb79a31-sheet1-R7,2026-02-10,daegu-city,대학정책국장,조가네갑오징어 등,직원 격려 간담회 경비 지출,114000,1038d7ccefb79a31c7771ff8ed91636b82030ee37d132cd6fd6222bdc5079e37,sheet1:R7,,,
1038d7ccefb79a31-sheet1-R8,2026-02-13,daegu-city,대학정책국장,조르지오 피렌체,직원 격려 간담회 경비 지출,173400,1038d7ccefb79a31c7771ff8ed91636b82030ee37d132cd6fd6222bdc5079e37,sheet1:R8,,,
1038d7ccefb79a31-sheet1-R9,2026-02-13,daegu-city,대학정책국장,아트리움,현안업무 추진 관련 간담회 경비 지출,280500,1038d7ccefb79a31c7771ff8ed91636b82030ee37d132cd6fd6222bdc5079e37,sheet1:R9,,,
1038d7ccefb79a31-sheet1-R10,2026-02-20,daegu-city,대학정책국장,순남시래기 등,직원 격려 간담회 경비 지출,147800,1038d7ccefb79a31c7771ff8ed91636b82030ee37d132cd6fd6222bdc5079e37,sheet1:R10,,,
1038d7ccefb79a31-sheet1-R11,2026-02-23,daegu-city,대학정책국장,버섯정원 등,현안업무 홍보를 위한 간담회 경비 지출,101000,1038d7ccefb79a31c7771ff8ed91636b82030ee37d132cd6fd6222bdc5079e37,sheet1:R11,,,
1038d7ccefb79a31-sheet1-R12,2026-02-26,daegu-city,대학정책국장,송학구이 등,현안업무 추진 관련 간담회 경비 지출,134500,1038d7ccefb79a31c7771ff8ed91636b82030ee37d132cd6fd6222bdc5079e37,sheet1:R12,,,
1038d7ccefb79a31-sheet1-R13,2026-02-27,daegu-city,대학정책국장,부림산채,현안업무 협의를 위한 간담회 경비 지출,435000,1038d7ccefb79a31c7771ff8ed91636b82030ee37d132cd6fd6222bdc5079e37,sheet1:R13,,,
1038d7ccefb79a31-sheet2-R5,2026-02-23,daegu-city,대학정책과,전복명가 달서점,현안업무 추진 관련 간담회 경비 지출,92000,1038d7ccefb79a31c7771ff8ed91636b82030ee37d132cd6fd6222bdc5079e37,sheet2:R5,,,
1038d7ccefb79a31-sheet2-R6,2026-02-26,daegu-city,대학정책과,침산곤지곤지 등,현안업무 홍보를 위한 간담회 경비 지출,131500,1038d7ccefb79a31c7771ff8ed91636b82030ee37d132cd6fd6222bdc5079e37,sheet2:R6,,,
fb59db38ddec58e3-sheet1-R6,2026-02-11,daegu-city,택시물류과,관내사업장,부서 직원 격려를 위한 부서운영업무추진비 지출,150000,fb59db38ddec58e393036b209400ad9dd1257fd8818cdfcfac672a1058bae387,sheet1:R6,,,
2b2b57ac78b64c7f-sheet1-R6,2026-01-04,daegu-city,정책기획관,개인(성명 비공개),직원 경조사비,50000,2b2b57ac78b64c7f94808c275d7d54241c6965b6371e34c063516dd2f5283dc9,sheet1:R6,,,
2b2b57ac78b64c7f-sheet1-R11,2026-01-06,daegu-city,정책기획관,창미고깃집,시정현안 업무 협의를 위한 간담회 경비 지출,74000,2b2b57ac78b64c7f94808c275d7d54241c6965b6371e34c063516dd2f5283dc9,sheet1:R11,,,
2b2b57ac78b64c7f-sheet1-R12,2026-01-06,daegu-city,정책기획관,청해횟집,시정현안 업무 협의를 위한 간담회 경비 지출,235000,2b2b57ac78b64c7f94808c275d7d54241c6965b6371e34c063516dd2f5283dc9,sheet1:R12,,,
2b2b57ac78b64c7f-sheet1-R13,2026-01-07,daegu-city,정책기획관,온돌방식당,직원 격려를 위한 간담회 경비 지출,80000,2b2b57ac78b64c7f94808c275d7d54241c6965b6371e34c063516dd2f5283dc9,sheet1:R13,,,
2b2b57ac78b64c7f-sheet1-R14,2026-01-09,daegu-city,정책기획관,로타리식당,직원 격려를 위한 간담회 경비 지출,270000,2b2b57ac78b64c7f94808c275d7d54241c6965b6371e34c063516dd2f5283dc9,sheet1:R14,,,
2b2b57ac78b64c7f-sheet1-R15,2026-01-12,daegu-city,정책기획관,미성회초밥,직원 격려를 위한 간담회 경비 지출,244000,2b2b57ac78b64c7f94808c275d7d54241c6965b6371e34c063516dd2f5283dc9,sheet1:R15,,,
2b2b57ac78b64c7f-sheet1-R16,2026-01-14,daegu-city,정책기획관,해금강,중앙과 지방의 업무 협조를 위한 간담회 경비 지출,266000,2b2b57ac78b64c7f94808c275d7d54241c6965b6371e34c063516dd2f5283dc9,sheet1:R16,,,
2b2b57ac78b64c7f-sheet1-R17,2026-01-15,daegu-city,정책기획관,감포생밀복,시정현안 업무 협의를 위한 간담회 경비 지출,120000,2b2b57ac78b64c7f94808c275d7d54241c6965b6371e34c063516dd2f5283dc9,sheet1:R17,,,
2b2b57ac78b64c7f-sheet1-R18,2026-01-16,daegu-city,정책기획관,목포횟집&세종대박장어,직원 격려를 위한 간담회 경비 지출,165000,2b2b57ac78b64c7f94808c275d7d54241c6965b6371e34c063516dd2f5283dc9,sheet1:R18,,,
2b2b57ac78b64c7f-sheet1-R19,2026-01-20,daegu-city,정책기획관,장원,직원 격려를 위한 간담회 경비 지출,153000,2b2b57ac78b64c7f94808c275d7d54241c6965b6371e34c063516dd2f5283dc9,sheet1:R19,,,
2b2b57ac78b64c7f-sheet1-R20,2026-01-22,daegu-city,정책기획관,길복정,직원 격려를 위한 간담회 경비 지출,64000,2b2b57ac78b64c7f94808c275d7d54241c6965b6371e34c063516dd2f5283dc9,sheet1:R20,,,
2b2b57ac78b64c7f-sheet1-R21,2026-01-27,daegu-city,정책기획관,상해루,시정현안 업무 협의를 위한 간담회 경비 지출,253000,2b2b57ac78b64c7f94808c275d7d54241c6965b6371e34c063516dd2f5283dc9,sheet1:R21,,,
2b2b57ac78b64c7f-sheet1-R22,2026-01-28,daegu-city,정책기획관,봉화산돌솥설렁탕전문점,직원 격려를 위한 간담회 경비 지출,64000,2b2b57ac78b64c7f94808c275d7d54241c6965b6371e34c063516dd2f5283dc9,sheet1:R22,,,
2b2b57ac78b64c7f-sheet2-R11,2026-01-13,daegu-city,정책기획관,이가네양꼬치갈비,시정 홍보를 위한 언론 관계자 간담회 경비 지출,172000,2b2b57ac78b64c7f94808c275d7d54241c6965b6371e34c063516dd2f5283dc9,sheet2:R11,,,
2b2b57ac78b64c7f-sheet2-R12,2026-01-15,daegu-city,정책기획관,이가네안동생갈비,직원 격려를 위한 간담회 경비 지출,217000,2b2b57ac78b64c7f94808c275d7d54241c6965b6371e34c063516dd2f5283dc9,sheet2:R12,,,
2b2b57ac78b64c7f-sheet2-R13,2026-01-16,daegu-city,정책기획관,소문난부자돼지국밥&족발,직원 격려를 위한 간담회 경비 지출,326000,2b2b57ac78b64c7f94808c275d7d54241c6965b6371e34c063516dd2f5283dc9,sheet2:R13,,,
2b2b57ac78b64c7f-sheet2-R14,2026-01-19,daegu-city,정책기획관,미가생고기,직원 격려를 위한 간담회 경비 지출,193000,2b2b57ac78b64c7f94808c275d7d54241c6965b6371e34c063516dd2f5283dc9,sheet2:R14,,,
2b2b57ac78b64c7f-sheet2-R15,2026-01-30,daegu-city,정책기획관,족발참잘하는집,직원 격려를 위한 간담회 경비 지출,422000,2b2b57ac78b64c7f94808c275d7d54241c6965b6371e34c063516dd2f5283dc9,sheet2:R15,,,
8a97445214854557-sheet1-R8,2026-01-06,daegu-city,상수도 사업본부,목향찜 외 1개소,직원 격려 간담회 경비 지출,325000,8a974452148545571fb44e0a58ffef6839b576edfeb7c82c39e3e2d322e6034f,sheet1:R8,,,
8a97445214854557-sheet1-R9,2026-01-08,daegu-city,상수도 사업본부,개인(성명 비공개),경조사 비용 지출,50000,8a974452148545571fb44e0a58ffef6839b576edfeb7c82c39e3e2d322e6034f,sheet1:R9,,,
8a97445214854557-sheet1-R10,2026-01-09,daegu-city,상수도 사업본부,군위축협축산물프라자,직원 격려 간담회 경비 지출,324000,8a974452148545571fb44e0a58ffef6839b576edfeb7c82c39e3e2d322e6034f,sheet1:R10,,,
8a97445214854557-sheet1-R11,2026-01-12,daegu-city,상수도 사업본부,라꾸엔,직원 격려 간담회 경비 지출,264000,8a974452148545571fb44e0a58ffef6839b576edfeb7c82c39e3e2d322e6034f,sheet1:R11,,,
8a97445214854557-sheet1-R12,2026-01-14,daegu-city,상수도 사업본부,원조어탕 들안길점,직원 격려 간담회 경비 지출,55000,8a974452148545571fb44e0a58ffef6839b576edfeb7c82c39e3e2d322e6034f,sheet1:R12,,,
8a97445214854557-sheet1-R13,2026-01-19,daegu-city,상수도 사업본부,오양복어식당,직원 격려 간담회 경비 지출,93000,8a974452148545571fb44e0a58ffef6839b576edfeb7c82c39e3e2d322e6034f,sheet1:R13,,,
8a97445214854557-sheet1-R14,2026-01-20,daegu-city,상수도 사업본부,벙글벙글찜갈비,직원 격려 간담회 경비 지출,138000,8a974452148545571fb44e0a58ffef6839b576edfeb7c82c39e3e2d322e6034f,sheet1:R14,,,
8a97445214854557-sheet1-R15,2026-01-21,daegu-city,상수도 사업본부,물베기한정식,노조 간담회 개최 비용 지출,108000,8a974452148545571fb44e0a58ffef6839b576edfeb7c82c39e3e2d322e6034f,sheet1:R15,,,
8a97445214854557-sheet1-R16,2026-01-21,daegu-city,상수도 사업본부,요바나시,노조 간담회 개최 비용 지출,159200,8a974452148545571fb44e0a58ffef6839b576edfeb7c82c39e3e2d322e6034f,sheet1:R16,,,
8a97445214854557-sheet1-R17,2026-01-28,daegu-city,상수도 사업본부,울릉도해물탕,직원 격려 간담회 경비 지출,240000,8a974452148545571fb44e0a58ffef6839b576edfeb7c82c39e3e2d322e6034f,sheet1:R17,,,
8a97445214854557-sheet1-R18,2026-01-28,daegu-city,상수도 사업본부,개인(성명 비공개),경조사 비용 지출,50000,8a974452148545571fb44e0a58ffef6839b576edfeb7c82c39e3e2d322e6034f,sheet1:R18,,,
8a97445214854557-sheet1-R19,2026-01-29,daegu-city,상수도 사업본부,개인(성명 비공개),경조사 비용 지출,100000,8a974452148545571fb44e0a58ffef6839b576edfeb7c82c39e3e2d322e6034f,sheet1:R19,,,
8a97445214854557-sheet1-R20,2026-01-29,daegu-city,상수도 사업본부,라꾸엔,직원 격려 간담회 경비 지출,190000,8a974452148545571fb44e0a58ffef6839b576edfeb7c82c39e3e2d322e6034f,sheet1:R20,,,
8a97445214854557-sheet2-R8,2026-01-09,daegu-city,상수도 사업본부,울진왕돌참가자미회,본부 시책사업 협의 관련 간담회 비용 지출,140000,8a974452148545571fb44e0a58ffef6839b576edfeb7c82c39e3e2d322e6034f,sheet2:R8,,,
8a97445214854557-sheet2-R9,2026-01-14,daegu-city,상수도 사업본부,예원,본부 시책사업 협의 관련 간담회 비용 지출,480000,8a974452148545571fb44e0a58ffef6839b576edfeb7c82c39e3e2d322e6034f,sheet2:R9,,,
8a97445214854557-sheet2-R10,2026-01-15,daegu-city,상수도 사업본부,킨슈,본부 시책사업 협의 관련 간담회 비용 지출,248000,8a974452148545571fb44e0a58ffef6839b576edfeb7c82c39e3e2d322e6034f,sheet2:R10,,,
8a97445214854557-sheet2-R11,2026-01-27,daegu-city,상수도 사업본부,본강남면옥,본부 시책사업 협의 관련 간담회 비용 지출,101500,8a974452148545571fb44e0a58ffef6839b576edfeb7c82c39e3e2d322e6034f,sheet2:R11,,,
8a97445214854557-sheet2-R12,2026-01-30,daegu-city,상수도 사업본부,정아칼치,본부 시책사업 협의 관련 간담회 비용 지출,135000,8a974452148545571fb44e0a58ffef6839b576edfeb7c82c39e3e2d322e6034f,sheet2:R12,,,
d89f2cea253056dd-sheet1-R6,2026-01-05,daegu-city,상수도사업본부 중남부사업소,예가복어,신규 전입 직원 격려 간담회,163000,d89f2cea253056dd7c3d692e95e69f3cf507ca685dcb4778dbb9138898d6a426,sheet1:R6,,,
1fc953aede0dc197-sheet1-R6,2026-01-12,daegu-city,택시물류과,관내적의처,택시물류 정책 추진을 위한 관계자 간담회 개최에 따른 다과비 지출,37500,1fc953aede0dc197f420433c05a5e45721cf8c4333b3f03323f499521d6a2c9d,sheet1:R6,,,
372ff988d4a89dcd-sheet1-R5,2026-01-05,daegu-city,대학정책국장,돈꺼비 등,현안업무 추진 관련 간담회 경비 지출,132100,372ff988d4a89dcd37deec9b54e5bded1e84f6ca2ce09e149cabc31848eda784,sheet1:R5,,,
372ff988d4a89dcd-sheet1-R6,2026-01-07,daegu-city,대학정책국장,캐스트커피오피스,직원 격려 간담회 경비 지출,64400,372ff988d4a89dcd37deec9b54e5bded1e84f6ca2ce09e149cabc31848eda784,sheet1:R6,,,
372ff988d4a89dcd-sheet1-R7,2026-01-09,daegu-city,대학정책국장,조르지오 피렌체,현안업무 홍보를 위한 간담회 경비 지출,105500,372ff988d4a89dcd37deec9b54e5bded1e84f6ca2ce09e149cabc31848eda784,sheet1:R7,,,
372ff988d4a89dcd-sheet1-R8,2026-01-12,daegu-city,대학정책국장,정동진,직원 격려 간담회 경비 지출,225000,372ff988d4a89dcd37deec9b54e5bded1e84f6ca2ce09e149cabc31848eda784,sheet1:R8,,,
372ff988d4a89dcd-sheet1-R9,2026-01-13,daegu-city,대학정책국장,조르지오 피렌체,현안업무 홍보를 위한 간담회 경비 지출,114800,372ff988d4a89dcd37deec9b54e5bded1e84f6ca2ce09e149cabc31848eda784,sheet1:R9,,,
372ff988d4a89dcd-sheet1-R10,2026-01-14,daegu-city,대학정책국장,조르지오 피렌체,현안업무 추진 관련 간담회 경비 지출,115400,372ff988d4a89dcd37deec9b54e5bded1e84f6ca2ce09e149cabc31848eda784,sheet1:R10,,,
372ff988d4a89dcd-sheet1-R11,2026-01-19,daegu-city,대학정책국장,순남시래기 등,현안업무 홍보를 위한 간담회 경비 지출,36800,372ff988d4a89dcd37deec9b54e5bded1e84f6ca2ce09e149cabc31848eda784,sheet1:R11,,,
372ff988d4a89dcd-sheet1-R12,2026-01-22,daegu-city,대학정책국장,벽강물회 등,현안업무 협의를 위한 간담회 경비 지출,158500,372ff988d4a89dcd37deec9b54e5bded1e84f6ca2ce09e149cabc31848eda784,sheet1:R12,,,
372ff988d4a89dcd-sheet1-R13,2026-01-27,daegu-city,대학정책국장,어물전 등,현안업무 홍보를 위한 간담회 경비 지출,67000,372ff988d4a89dcd37deec9b54e5bded1e84f6ca2ce09e149cabc31848eda784,sheet1:R13,,,
372ff988d4a89dcd-sheet1-R14,2026-01-28,daegu-city,대학정책국장,청담한상 등,현안업무 추진 관련 간담회 경비 지출,58700,372ff988d4a89dcd37deec9b54e5bded1e84f6ca2ce09e149cabc31848eda784,sheet1:R14,,,
372ff988d4a89dcd-sheet1-R15,2026-01-29,daegu-city,대학정책국장,토함민속식당,현안업무 추진 관련 간담회 경비 지출,214000,372ff988d4a89dcd37deec9b54e5bded1e84f6ca2ce09e149cabc31848eda784,sheet1:R15,,,
372ff988d4a89dcd-sheet2-R5,2026-01-21,daegu-city,대학정책과,스타벅스 대구중동DT점 등,현안업무 협의를 위한 간담회 경비 지출,65700,372ff988d4a89dcd37deec9b54e5bded1e84f6ca2ce09e149cabc31848eda784,sheet2:R5,,,
