record_id,spent_on,organization,department,merchant,purpose,amount_krw,source_hash,source_location,repeats,expense_id,expense_amount_krw
3cee3677efc4b7dc-sheet1-R3,2026-04-01,busan-city,행정자치국 > 총무과,정초밥 등,제6회 조례규칙심의회 준비 노고 격려 간담회 개최,325000,3cee3677efc4b7dc2956b03da74b47784d4a8f212ef5d627a5068716474064b4,sheet1:R3,,,
3cee3677efc4b7dc-sheet1-R4,2026-04-01,busan-city,행정자치국 > 총무과,동래통닭,아이 키우기 좋은 도시 홍보 추진 관련 간담회 개최,172400,3cee3677efc4b7dc2956b03da74b47784d4a8f212ef5d627a5068716474064b4,sheet1:R4,,,
3cee3677efc4b7dc-sheet1-R5,2026-04-02,busan-city,행정자치국 > 총무과,메이리 등,유네스코 세계유산위원회 추진 관련 간담회 개최,467000,3cee3677efc4b7dc2956b03da74b47784d4a8f212ef5d627a5068716474064b4,sheet1:R5,,,
3cee3677efc4b7dc-sheet1-R6,2026-04-02,busan-city,행정자치국 > 총무과,해물기와,국회 관계자와의 국비 현안사항 협의 간담회 개최,180000,3cee3677efc4b7dc2956b03da74b47784d4a8f212ef5d627a5068716474064b4,sheet1:R6,,,
3cee3677efc4b7dc-sheet1-R7,2026-04-03,busan-city,행정자치국 > 총무과,개인(성명 비공개),소속직원 경조사비 집행,250000,3cee3677efc4b7dc2956b03da74b47784d4a8f212ef5d627a5068716474064b4,sheet1:R7,,,
3cee3677efc4b7dc-sheet1-R8,2026-04-03,busan-city,행정자치국 > 총무과,영남식육식당,"수산업, 어촌 발전 회의 추진 격려 간담회 개최",457000,3cee3677efc4b7dc2956b03da74b47784d4a8f212ef5d627a5068716474064b4,sheet1:R8,,,
3cee3677efc4b7dc-sheet1-R9,2026-04-06,busan-city,행정자치국 > 총무과,제일옥,시정 주요현안 논의를 위한 간부공무원 오찬 간담회 개최(월요오찬),438000,3cee3677efc4b7dc2956b03da74b47784d4a8f212ef5d627a5068716474064b4,sheet1:R9,,,
3cee3677efc4b7dc-sheet1-R10,2026-04-06,busan-city,행정자치국 > 총무과,웁스,여름철 자연재난 대비 회의 추진 격려 차담회 개최,62500,3cee3677efc4b7dc2956b03da74b47784d4a8f212ef5d627a5068716474064b4,sheet1:R10,,,
3cee3677efc4b7dc-sheet1-R11,2026-04-07,busan-city,행정자치국 > 총무과,아크여의도점,26년 정부추경 현안사항 협의를 위한 국회 관계자 간담회 개최,480000,3cee3677efc4b7dc2956b03da74b47784d4a8f212ef5d627a5068716474064b4,sheet1:R11,,,
3cee3677efc4b7dc-sheet1-R12,2026-04-07,busan-city,행정자치국 > 총무과,부자회관,제54회 보건의 날 기념식 준비 노고 격려 간담회 개최,480000,3cee3677efc4b7dc2956b03da74b47784d4a8f212ef5d627a5068716474064b4,sheet1:R12,,,
3cee3677efc4b7dc-sheet1-R13,2026-04-07,busan-city,행정자치국 > 총무과,언양불고기부산집,외국인 관광객 수용태세 구축 간담회 개최,480000,3cee3677efc4b7dc2956b03da74b47784d4a8f212ef5d627a5068716474064b4,sheet1:R13,,,
3cee3677efc4b7dc-sheet1-R14,2026-04-07,busan-city,행정자치국 > 총무과,아크여의도점,국비확보 전략 논의를 위한 국회 관계자 간담회 개최,202000,3cee3677efc4b7dc2956b03da74b47784d4a8f212ef5d627a5068716474064b4,sheet1:R14,,,
3cee3677efc4b7dc-sheet1-R15,2026-04-09,busan-city,행정자치국 > 총무과,은화횟집 등,부산광역시 기능경기대회 준비 격려 간담회 개최,390000,3cee3677efc4b7dc2956b03da74b47784d4a8f212ef5d627a5068716474064b4,sheet1:R15,,,
3cee3677efc4b7dc-sheet1-R16,2026-04-10,busan-city,행정자치국 > 총무과,미락 등,크루즈 관광 프로그램 개발 논의 관련 간담회 개최,437000,3cee3677efc4b7dc2956b03da74b47784d4a8f212ef5d627a5068716474064b4,sheet1:R16,,,
3cee3677efc4b7dc-sheet1-R17,2026-04-10,busan-city,행정자치국 > 총무과,칠보락,현안업무 추진 부서 노고 격려 간담회 개최,480000,3cee3677efc4b7dc2956b03da74b47784d4a8f212ef5d627a5068716474064b4,sheet1:R17,,,
3cee3677efc4b7dc-sheet1-R18,2026-04-13,busan-city,행정자치국 > 총무과,버섯마을,시정 주요현안 논의를 위한 간부공무원 오찬 간담회 개최(월요오찬),512000,3cee3677efc4b7dc2956b03da74b47784d4a8f212ef5d627a5068716474064b4,sheet1:R18,,,
3cee3677efc4b7dc-sheet1-R19,2026-04-13,busan-city,행정자치국 > 총무과,카리스,글로벌 디자인페어 업무협약 준비 격려 차담회 개최,54000,3cee3677efc4b7dc2956b03da74b47784d4a8f212ef5d627a5068716474064b4,sheet1:R19,,,
3cee3677efc4b7dc-sheet1-R20,2026-04-14,busan-city,행정자치국 > 총무과,풍미,대한민국 과학축제 준비 노고 격려 간담회 개최,360000,3cee3677efc4b7dc2956b03da74b47784d4a8f212ef5d627a5068716474064b4,sheet1:R20,,,
3cee3677efc4b7dc-sheet1-R21,2026-04-14,busan-city,행정자치국 > 총무과,돈풍각,화재 취약시설 점검 관련 업무 간담회 개최,480000,3cee3677efc4b7dc2956b03da74b47784d4a8f212ef5d627a5068716474064b4,sheet1:R21,,,
3cee3677efc4b7dc-sheet1-R22,2026-04-15,busan-city,행정자치국 > 총무과,㈜조선호텔앤리조트 부산,커넥트 커피 부산 행사 준비 노고 격려 간담회 개최,269000,3cee3677efc4b7dc2956b03da74b47784d4a8f212ef5d627a5068716474064b4,sheet1:R22,,,
3cee3677efc4b7dc-sheet1-R23,2026-04-15,busan-city,행정자치국 > 총무과,한방장어구이,글로벌 관광수용태세 점검 논의 관련 간담회 개최,480000,3cee3677efc4b7dc2956b03da74b47784d4a8f212ef5d627a5068716474064b4,sheet1:R23,,,
3cee3677efc4b7dc-sheet1-R24,2026-04-15,busan-city,행정자치국 > 총무과,한방장어구이,2026년 제2회 추경 예산 편성 노고 격려 간담회 개최,480000,3cee3677efc4b7dc2956b03da74b47784d4a8f212ef5d627a5068716474064b4,sheet1:R24,,,
3cee3677efc4b7dc-sheet1-R25,2026-04-16,busan-city,행정자치국 > 총무과,영진인삼어탕국수 등,아동친화도시 정책추진단 회의 논의 관련 간담회 개최,147300,3cee3677efc4b7dc2956b03da74b47784d4a8f212ef5d627a5068716474064b4,sheet1:R25,,,
3cee3677efc4b7dc-sheet1-R26,2026-04-16,busan-city,행정자치국 > 총무과,도담한우,중앙부처 관계자와의 국비 현안사항 협의 간담회 개최,480000,3cee3677efc4b7dc2956b03da74b47784d4a8f212ef5d627a5068716474064b4,sheet1:R26,,,
3cee3677efc4b7dc-sheet1-R27,2026-04-17,busan-city,행정자치국 > 총무과,부용당 등,외국인 유학생 의료지원체계 협약 준비 격려 간담회 개최,120000,3cee3677efc4b7dc2956b03da74b47784d4a8f212ef5d627a5068716474064b4,sheet1:R27,,,
3cee3677efc4b7dc-sheet1-R28,2026-04-20,busan-city,행정자치국 > 총무과,은화횟집 등,시정 주요현안 논의를 위한 간부공무원 오찬 간담회 개최(월요오찬),605000,3cee3677efc4b7dc2956b03da74b47784d4a8f212ef5d627a5068716474064b4,sheet1:R28,,,
3cee3677efc4b7dc-sheet1-R29,2026-04-20,busan-city,행정자치국 > 총무과,돈풍가,2026 부산국제보트쇼 준비 노고 격려 간담회 개최,480000,3cee3677efc4b7dc2956b03da74b47784d4a8f212ef5d627a5068716474064b4,sheet1:R29,,,
3cee3677efc4b7dc-sheet1-R30,2026-04-21,busan-city,행정자치국 > 총무과,우나기만 등,제15회 사랑나눔 걷기대회 준비 격려 간담회 개최,325500,3cee3677efc4b7dc2956b03da74b47784d4a8f212ef5d627a5068716474064b4,sheet1:R30,,,
3cee3677efc4b7dc-sheet1-R31,2026-04-21,busan-city,행정자치국 > 총무과,동진가,반도체산업 육성위원회 준비 노고 격려 간담회 개최,480000,3cee3677efc4b7dc2956b03da74b47784d4a8f212ef5d627a5068716474064b4,sheet1:R31,,,
3cee3677efc4b7dc-sheet1-R32,2026-04-22,busan-city,행정자치국 > 총무과,어심횟집,가덕도신공항 건설 보상 관련 오찬 간담회 개최,480000,3cee3677efc4b7dc2956b03da74b47784d4a8f212ef5d627a5068716474064b4,sheet1:R32,,,
3cee3677efc4b7dc-sheet1-R33,2026-04-22,busan-city,행정자치국 > 총무과,함양보리밥 곶다 등,고유가 피해지원금 지급 관련 업무 간담회 개최,170600,3cee3677efc4b7dc2956b03da74b47784d4a8f212ef5d627a5068716474064b4,sheet1:R33,,,
3cee3677efc4b7dc-sheet1-R34,2026-04-22,busan-city,행정자치국 > 총무과,사랑해베이글,경제정책과 직원 노고 격려 간식 구입,387200,3cee3677efc4b7dc2956b03da74b47784d4a8f212ef5d627a5068716474064b4,sheet1:R34,,,
3cee3677efc4b7dc-sheet1-R35,2026-04-22,busan-city,행정자치국 > 총무과,삿뽀로,하하캠퍼스 조성 관련 협약 추진 격려 간담회 개최,480000,3cee3677efc4b7dc2956b03da74b47784d4a8f212ef5d627a5068716474064b4,sheet1:R35,,,
3cee3677efc4b7dc-sheet1-R36,2026-04-23,busan-city,행정자치국 > 총무과,산청흑돼지 등,국비 확보 방안 논의를 위한 업무 간담회 개최,94400,3cee3677efc4b7dc2956b03da74b47784d4a8f212ef5d627a5068716474064b4,sheet1:R36,,,
3cee3677efc4b7dc-sheet1-R37,2026-04-24,busan-city,행정자치국 > 총무과,팔미초밥 등,언어데이터 연구센터 조성 관련 업무 간담회 개최,226500,3cee3677efc4b7dc2956b03da74b47784d4a8f212ef5d627a5068716474064b4,sheet1:R37,,,
3cee3677efc4b7dc-sheet1-R38,2026-04-24,busan-city,행정자치국 > 총무과,오시게식당,부산국제단편영화제 개막식 준비 격려 간담회 개최,480000,3cee3677efc4b7dc2956b03da74b47784d4a8f212ef5d627a5068716474064b4,sheet1:R38,,,
3cee3677efc4b7dc-sheet1-R39,2026-04-26,busan-city,행정자치국 > 총무과,오발탄,전국생활체육대축전 폐막식 참석 관련 간담회 개최,400000,3cee3677efc4b7dc2956b03da74b47784d4a8f212ef5d627a5068716474064b4,sheet1:R39,,,
3cee3677efc4b7dc-sheet1-R40,2026-04-27,busan-city,행정자치국 > 총무과,부용당 등,2026년 2회 추경 예결위 종합심사 준비 격려 간담회 개최,310300,3cee3677efc4b7dc2956b03da74b47784d4a8f212ef5d627a5068716474064b4,sheet1:R40,,,
3cee3677efc4b7dc-sheet1-R41,2026-04-27,busan-city,행정자치국 > 총무과,수제국수 등,시정 주요현안 논의를 위한 간부공무원 오찬 간담회 개최(월요오찬),751700,3cee3677efc4b7dc2956b03da74b47784d4a8f212ef5d627a5068716474064b4,sheet1:R41,,,
3cee3677efc4b7dc-sheet1-R42,2026-04-27,busan-city,행정자치국 > 총무과,로사 에스틸로,부산대학교 병원장 취임 축분 구입,100000,3cee3677efc4b7dc2956b03da74b47784d4a8f212ef5d627a5068716474064b4,sheet1:R42,,,
3cee3677efc4b7dc-sheet1-R43,2026-04-27,busan-city,행정자치국 > 총무과,영도통닭,자연재난 대응 직원 격려 간담회 개최,480000,3cee3677efc4b7dc2956b03da74b47784d4a8f212ef5d627a5068716474064b4,sheet1:R43,,,
3cee3677efc4b7dc-sheet1-R44,2026-04-27,busan-city,행정자치국 > 총무과,동진가,전국소년체전 2차 준비사항 점검 관련 간담회 개최,480000,3cee3677efc4b7dc2956b03da74b47784d4a8f212ef5d627a5068716474064b4,sheet1:R44,,,
3cee3677efc4b7dc-sheet1-R45,2026-04-28,busan-city,행정자치국 > 총무과,원조메기탕 등,미래항공 클러스터 조성 논의를 위한 간담회 개최,188500,3cee3677efc4b7dc2956b03da74b47784d4a8f212ef5d627a5068716474064b4,sheet1:R45,,,
3cee3677efc4b7dc-sheet1-R46,2026-04-28,busan-city,행정자치국 > 총무과,영남식육식당,시정 현안 업무협약 준비 노고 격려 간담회 개최,480000,3cee3677efc4b7dc2956b03da74b47784d4a8f212ef5d627a5068716474064b4,sheet1:R46,,,
3cee3677efc4b7dc-sheet1-R47,2026-04-28,busan-city,행정자치국 > 총무과,메이리 연,양자클러스터 관계자 간담회 개최,480000,3cee3677efc4b7dc2956b03da74b47784d4a8f212ef5d627a5068716474064b4,sheet1:R47,,,
3cee3677efc4b7dc-sheet1-R48,2026-04-29,busan-city,행정자치국 > 총무과,정초밥 등,초광역 일자리 사업 추진 논의를 위한 간담회 개최,167750,3cee3677efc4b7dc2956b03da74b47784d4a8f212ef5d627a5068716474064b4,sheet1:R48,,,
3cee3677efc4b7dc-sheet1-R49,2026-04-29,busan-city,행정자치국 > 총무과,부산댁,각종 사회재난 대응 등 직원 격려 간담회 개최,480000,3cee3677efc4b7dc2956b03da74b47784d4a8f212ef5d627a5068716474064b4,sheet1:R49,,,
3cee3677efc4b7dc-sheet1-R50,2026-04-29,busan-city,행정자치국 > 총무과,소반,부울경정책협의회 회의 준비 노고 격려 간담회 개최,314000,3cee3677efc4b7dc2956b03da74b47784d4a8f212ef5d627a5068716474064b4,sheet1:R50,,,
3cee3677efc4b7dc-sheet1-R51,2026-04-30,busan-city,행정자치국 > 총무과,정초밥 등,4월 확대간부회의 준비 노고 격려 간담회 개최,253600,3cee3677efc4b7dc2956b03da74b47784d4a8f212ef5d627a5068716474064b4,sheet1:R51,,,
3cee3677efc4b7dc-sheet1-R52,2026-04-30,busan-city,행정자치국 > 총무과,언양불고기부산집,주요 현안업무 추진사항 논의 관련 간담회 개최,480000,3cee3677efc4b7dc2956b03da74b47784d4a8f212ef5d627a5068716474064b4,sheet1:R52,,,
3cee3677efc4b7dc-sheet1-R53,2026-05-01,busan-city,행정자치국 > 총무과,㈜사미헌,부산연등문화제 점등식 참석 관련 간담회 개최,480000,3cee3677efc4b7dc2956b03da74b47784d4a8f212ef5d627a5068716474064b4,sheet1:R53,,,
3cee3677efc4b7dc-sheet1-R54,2026-05-04,busan-city,행정자치국 > 총무과,웰빙선생오리,시정 주요현안 논의를 위한 간부공무원 오찬 간담회 개최(월요오찬),700000,3cee3677efc4b7dc2956b03da74b47784d4a8f212ef5d627a5068716474064b4,sheet1:R54,,,
3cee3677efc4b7dc-sheet1-R55,2026-05-04,busan-city,행정자치국 > 총무과,마구로테이블,적극행정 활성화 방안 논의를 위한 간담회 개최,261500,3cee3677efc4b7dc2956b03da74b47784d4a8f212ef5d627a5068716474064b4,sheet1:R55,,,
3cee3677efc4b7dc-sheet1-R56,2026-05-06,busan-city,행정자치국 > 총무과,블루샥,비서실 직원 노고 격려 차담회 개최,48800,3cee3677efc4b7dc2956b03da74b47784d4a8f212ef5d627a5068716474064b4,sheet1:R56,,,
3cee3677efc4b7dc-sheet1-R57,2026-05-06,busan-city,행정자치국 > 총무과,언양불고기부산집,2025회계연도 결산검사 추진을 위한 간담회 개최,480000,3cee3677efc4b7dc2956b03da74b47784d4a8f212ef5d627a5068716474064b4,sheet1:R57,,,
3cee3677efc4b7dc-sheet1-R58,2026-05-07,busan-city,행정자치국 > 총무과,개인(성명 비공개),소속직원 경조사비 집행,50000,3cee3677efc4b7dc2956b03da74b47784d4a8f212ef5d627a5068716474064b4,sheet1:R58,,,
3cee3677efc4b7dc-sheet1-R59,2026-05-07,busan-city,행정자치국 > 총무과,코레일유통,공무출장 수행직원 노고 격려 차담회 개최,8800,3cee3677efc4b7dc2956b03da74b47784d4a8f212ef5d627a5068716474064b4,sheet1:R59,,,
3cee3677efc4b7dc-sheet1-R60,2026-05-07,busan-city,행정자치국 > 총무과,주식회사 반상,부산광역시-껀터시 경제협력 업무협약시 및 부대행사 간담회 개최,910000,3cee3677efc4b7dc2956b03da74b47784d4a8f212ef5d627a5068716474064b4,sheet1:R60,,,
3cee3677efc4b7dc-sheet1-R61,2026-05-07,busan-city,행정자치국 > 총무과,밥꽃한상 등,지방재정협의회 참석 준비 노고 격려 간담회 개최,436000,3cee3677efc4b7dc2956b03da74b47784d4a8f212ef5d627a5068716474064b4,sheet1:R61,,,
3cee3677efc4b7dc-sheet1-R62,2026-05-07,busan-city,행정자치국 > 총무과,오발탄,중앙부처 협력을 위한 간담회 개최,416000,3cee3677efc4b7dc2956b03da74b47784d4a8f212ef5d627a5068716474064b4,sheet1:R62,,,
3cee3677efc4b7dc-sheet1-R63,2026-05-07,busan-city,행정자치국 > 총무과,원조언양불고기,집중안전점검회의 준비 노고 격려 간담회 개최,480000,3cee3677efc4b7dc2956b03da74b47784d4a8f212ef5d627a5068716474064b4,sheet1:R63,,,
3cee3677efc4b7dc-sheet1-R64,2026-05-08,busan-city,행정자치국 > 총무과,제일옥곰탕 등,제54회 어버이날 기념식 준비 노고 격려 간담회 개최,282000,3cee3677efc4b7dc2956b03da74b47784d4a8f212ef5d627a5068716474064b4,sheet1:R64,,,
3cee3677efc4b7dc-sheet1-R65,2026-05-08,busan-city,행정자치국 > 총무과,향나무식당,지역외상의료체계 발대식 준비 노고 격려 간담회 개최,480000,3cee3677efc4b7dc2956b03da74b47784d4a8f212ef5d627a5068716474064b4,sheet1:R65,,,
3cee3677efc4b7dc-sheet1-R66,2026-05-11,busan-city,행정자치국 > 총무과,부용당 등,시정 주요현안 논의를 위한 간부공무원 오찬 간담회 개최(월요오찬),697800,3cee3677efc4b7dc2956b03da74b47784d4a8f212ef5d627a5068716474064b4,sheet1:R66,,,
3cee3677efc4b7dc-sheet1-R67,2026-05-11,busan-city,행정자치국 > 총무과,동진가,여행 수요 위축 관련 대응 방안 논의 간담회 개최,480000,3cee3677efc4b7dc2956b03da74b47784d4a8f212ef5d627a5068716474064b4,sheet1:R67,,,
3cee3677efc4b7dc-sheet1-R68,2026-05-11,busan-city,행정자치국 > 총무과,산청흑돼지,현안사항 소통 강화를 위한 기자와의 간담회 개최,150000,3cee3677efc4b7dc2956b03da74b47784d4a8f212ef5d627a5068716474064b4,sheet1:R68,,,
3cee3677efc4b7dc-sheet1-R69,2026-05-12,busan-city,행정자치국 > 총무과,우나기만,제25회 식품안전의 날 기념식 준비 격려 간담회 개최,480000,3cee3677efc4b7dc2956b03da74b47784d4a8f212ef5d627a5068716474064b4,sheet1:R69,,,
3cee3677efc4b7dc-sheet1-R70,2026-05-12,busan-city,행정자치국 > 총무과,셀럽스커피,비서실 직원 노고 격려 차담회 개최,37900,3cee3677efc4b7dc2956b03da74b47784d4a8f212ef5d627a5068716474064b4,sheet1:R70,,,
3cee3677efc4b7dc-sheet1-R71,2026-05-13,busan-city,행정자치국 > 총무과,페테,고유가 피해지원금 콜센터 운영관련 간식구입,462000,3cee3677efc4b7dc2956b03da74b47784d4a8f212ef5d627a5068716474064b4,sheet1:R71,,,
3cee3677efc4b7dc-sheet1-R72,2026-05-13,busan-city,행정자치국 > 총무과,브리앙,현안업무 추진부서 노고 격려 간식 구입,246000,3cee3677efc4b7dc2956b03da74b47784d4a8f212ef5d627a5068716474064b4,sheet1:R72,,,
3cee3677efc4b7dc-sheet1-R73,2026-05-13,busan-city,행정자치국 > 총무과,봉식당,제20회 전국학생 장애인체전 준비 격려 간담회 개최,420000,3cee3677efc4b7dc2956b03da74b47784d4a8f212ef5d627a5068716474064b4,sheet1:R73,,,
3cee3677efc4b7dc-sheet1-R74,2026-05-13,busan-city,행정자치국 > 총무과,치킨신드롬,여름철 자연재난 점검회의 준비 격려 간담회 개최,50000,3cee3677efc4b7dc2956b03da74b47784d4a8f212ef5d627a5068716474064b4,sheet1:R74,,,
3cee3677efc4b7dc-sheet1-R75,2026-05-14,busan-city,행정자치국 > 총무과,언양불고기부산집,제10회 조례규칙심의회 준비 노고 격려 간담회 개최,480000,3cee3677efc4b7dc2956b03da74b47784d4a8f212ef5d627a5068716474064b4,sheet1:R75,,,
3cee3677efc4b7dc-sheet1-R76,2026-05-15,busan-city,행정자치국 > 총무과,웰빙선생오리 등,주요 현안사항 점검회의 관련 간담회 개최,212500,3cee3677efc4b7dc2956b03da74b47784d4a8f212ef5d627a5068716474064b4,sheet1:R76,,,
3cee3677efc4b7dc-sheet1-R77,2026-05-15,busan-city,행정자치국 > 총무과,율링,주요 행사 수행직원 노고 격려 간담회 개최,430000,3cee3677efc4b7dc2956b03da74b47784d4a8f212ef5d627a5068716474064b4,sheet1:R77,,,
3cee3677efc4b7dc-sheet1-R78,2026-05-16,busan-city,행정자치국 > 총무과,장덕풍천산삼민물장어,부산연등회 행사 수행직원 노고 격려 간담회 개최,480000,3cee3677efc4b7dc2956b03da74b47784d4a8f212ef5d627a5068716474064b4,sheet1:R78,,,
3cee3677efc4b7dc-sheet1-R79,2026-05-18,busan-city,행정자치국 > 총무과,만성횟집 외 1곳,시정 주요현안 논의를 위한 간부공무원 오찬 간담회 개최(월요오찬),816200,3cee3677efc4b7dc2956b03da74b47784d4a8f212ef5d627a5068716474064b4,sheet1:R79,,,
3cee3677efc4b7dc-sheet1-R80,2026-05-19,busan-city,행정자치국 > 총무과,메이리 연,시정 주요시책 홍보를 위한 언론인 간담회 개최,498900,3cee3677efc4b7dc2956b03da74b47784d4a8f212ef5d627a5068716474064b4,sheet1:R80,,,
3cee3677efc4b7dc-sheet1-R81,2026-05-19,busan-city,행정자치국 > 총무과,동진가,글로벌 관광객 수용태세 추진사항 논의 간담회,334200,3cee3677efc4b7dc2956b03da74b47784d4a8f212ef5d627a5068716474064b4,sheet1:R81,,,
3cee3677efc4b7dc-sheet1-R82,2026-05-20,busan-city,행정자치국 > 총무과,텐퍼센트커피,시정 현안사항 홍보를 위한 언론사 차담회 개최,50200,3cee3677efc4b7dc2956b03da74b47784d4a8f212ef5d627a5068716474064b4,sheet1:R82,,,
3cee3677efc4b7dc-sheet1-R83,2026-05-20,busan-city,행정자치국 > 총무과,조장,민생경제 지원정책 추진사항 논의 간담회 개최,131500,3cee3677efc4b7dc2956b03da74b47784d4a8f212ef5d627a5068716474064b4,sheet1:R83,,,
3cee3677efc4b7dc-sheet1-R84,2026-05-21,busan-city,행정자치국 > 총무과,우나기만,제48차 세계유산위원회 추진 노고 격려 간담회 개최,480000,3cee3677efc4b7dc2956b03da74b47784d4a8f212ef5d627a5068716474064b4,sheet1:R84,,,
3cee3677efc4b7dc-sheet1-R85,2026-05-21,busan-city,행정자치국 > 총무과,셀럽스커피,주요 현안사항 회의 추진 노고 격려 차담회 개최,74100,3cee3677efc4b7dc2956b03da74b47784d4a8f212ef5d627a5068716474064b4,sheet1:R85,,,
3cee3677efc4b7dc-sheet1-R86,2026-05-21,busan-city,행정자치국 > 총무과,소가하누,지방자치인재개발원 교육생 격려 간담회 개최,3631850,3cee3677efc4b7dc2956b03da74b47784d4a8f212ef5d627a5068716474064b4,sheet1:R86,,,
3cee3677efc4b7dc-sheet1-R87,2026-05-21,busan-city,행정자치국 > 총무과,㈜사미헌,제15회 아트부산 개막식 준비 노고 격려 간담회 개최,480000,3cee3677efc4b7dc2956b03da74b47784d4a8f212ef5d627a5068716474064b4,sheet1:R87,,,
3cee3677efc4b7dc-sheet1-R88,2026-05-22,busan-city,행정자치국 > 총무과,제일옥곰탕 등,의료관광 지역협의체 준비 노고 격려 간담회 개최,208500,3cee3677efc4b7dc2956b03da74b47784d4a8f212ef5d627a5068716474064b4,sheet1:R88,,,
3cee3677efc4b7dc-sheet1-R89,2026-05-22,busan-city,행정자치국 > 총무과,도미노피자,현안업무 추진부서 노고 격려 간식 구입,400600,3cee3677efc4b7dc2956b03da74b47784d4a8f212ef5d627a5068716474064b4,sheet1:R89,,,
3cee3677efc4b7dc-sheet1-R90,2026-05-22,busan-city,행정자치국 > 총무과,녹원꽃집,2026 부처님오신날 봉축 축분 전달,498000,3cee3677efc4b7dc2956b03da74b47784d4a8f212ef5d627a5068716474064b4,sheet1:R90,,,
3cee3677efc4b7dc-sheet1-R91,2026-05-22,busan-city,행정자치국 > 총무과,동오프라자,커피산업 도시로 도약을 위한 업무 논의 간담회 개최,223000,3cee3677efc4b7dc2956b03da74b47784d4a8f212ef5d627a5068716474064b4,sheet1:R91,,,
3cee3677efc4b7dc-sheet1-R92,2026-05-22,busan-city,행정자치국 > 총무과,맛찬들왕소금구이,자치행정 업무 추진 등 직원 격려 간담회 개최,480000,3cee3677efc4b7dc2956b03da74b47784d4a8f212ef5d627a5068716474064b4,sheet1:R92,,,
3cee3677efc4b7dc-sheet1-R93,2026-05-25,busan-city,행정자치국 > 총무과,대가 박명호스시,충렬사제향 봉행 행사 준비 노고 격려 간담회 개최,480000,3cee3677efc4b7dc2956b03da74b47784d4a8f212ef5d627a5068716474064b4,sheet1:R93,,,
3cee3677efc4b7dc-sheet1-R94,2026-05-26,busan-city,행정자치국 > 총무과,풍미 등,폭염대응 종합대책 추진 논의 관련 간담회 개최,197000,3cee3677efc4b7dc2956b03da74b47784d4a8f212ef5d627a5068716474064b4,sheet1:R94,,,
3cee3677efc4b7dc-sheet1-R95,2026-05-26,busan-city,행정자치국 > 총무과,대가 박명호스시,해수욕장 개장 준비 점검 논의 간담회 개최,480000,3cee3677efc4b7dc2956b03da74b47784d4a8f212ef5d627a5068716474064b4,sheet1:R95,,,
3cee3677efc4b7dc-sheet1-R96,2026-05-27,busan-city,행정자치국 > 총무과,버거킹,제48차 유네스코 세계유산위원회 관련 유관기관 간담회 개최,300000,3cee3677efc4b7dc2956b03da74b47784d4a8f212ef5d627a5068716474064b4,sheet1:R96,,,
3cee3677efc4b7dc-sheet1-R97,2026-05-27,busan-city,행정자치국 > 총무과,감성사시미 어랑,라이즈 사업 재구조화 대응방안 논의 간담회 개최,163000,3cee3677efc4b7dc2956b03da74b47784d4a8f212ef5d627a5068716474064b4,sheet1:R97,,,
3cee3677efc4b7dc-sheet1-R98,2026-05-28,busan-city,행정자치국 > 총무과,블루샥,비서실 직원 격려 차담회 개최,25000,3cee3677efc4b7dc2956b03da74b47784d4a8f212ef5d627a5068716474064b4,sheet1:R98,,,
3cee3677efc4b7dc-sheet1-R99,2026-05-28,busan-city,행정자치국 > 총무과,도미노피자,현업근무자 노고 격려 간식 구입,926080,3cee3677efc4b7dc2956b03da74b47784d4a8f212ef5d627a5068716474064b4,sheet1:R99,,,
3cee3677efc4b7dc-sheet1-R100,2026-05-28,busan-city,행정자치국 > 총무과,㈜부산어묵고래사,지방자치인재개발원 교육생 격려 간식 구입,1500000,3cee3677efc4b7dc2956b03da74b47784d4a8f212ef5d627a5068716474064b4,sheet1:R100,,,
3cee3677efc4b7dc-sheet1-R101,2026-05-29,busan-city,행정자치국 > 총무과,메이리 등,친환경 디자인산업 육성 방안 논의 간담회 개최,309500,3cee3677efc4b7dc2956b03da74b47784d4a8f212ef5d627a5068716474064b4,sheet1:R101,,,
3cee3677efc4b7dc-sheet1-R102,2026-05-29,busan-city,행정자치국 > 총무과,아웃백스테이크하우스,부처님 오신날 행사 추진 노고 격려 간담회 개최,279150,3cee3677efc4b7dc2956b03da74b47784d4a8f212ef5d627a5068716474064b4,sheet1:R102,,,
3cee3677efc4b7dc-sheet1-R103,2026-05-31,busan-city,행정자치국 > 총무과,파리바게뜨,부산시청 직원식당 운영 노고 격려 간담회 개최,480000,3cee3677efc4b7dc2956b03da74b47784d4a8f212ef5d627a5068716474064b4,sheet1:R103,,,
3cee3677efc4b7dc-sheet1-R104,2026-06-01,busan-city,행정자치국 > 총무과,옵스,국비 확보 업무협조를 위한 중앙부처 방문 관련 다과류 구입,480000,3cee3677efc4b7dc2956b03da74b47784d4a8f212ef5d627a5068716474064b4,sheet1:R104,,,
3cee3677efc4b7dc-sheet1-R105,2026-06-01,busan-city,행정자치국 > 총무과,손큰집,시정 주요현안 논의를 위한 간부공무원 오찬 간담회 개최(월요오찬),850000,3cee3677efc4b7dc2956b03da74b47784d4a8f212ef5d627a5068716474064b4,sheet1:R105,,,
3cee3677efc4b7dc-sheet1-R106,2026-06-01,busan-city,행정자치국 > 총무과,언양불고기부산집,지역관광 활성화 협력 포럼 추진 격려 간담회 개최,480000,3cee3677efc4b7dc2956b03da74b47784d4a8f212ef5d627a5068716474064b4,sheet1:R106,,,
3cee3677efc4b7dc-sheet1-R107,2026-06-02,busan-city,행정자치국 > 총무과,도미노피자 등,현안업무 추진 직원 격려,1222900,3cee3677efc4b7dc2956b03da74b47784d4a8f212ef5d627a5068716474064b4,sheet1:R107,,,
3cee3677efc4b7dc-sheet1-R108,2026-06-02,busan-city,행정자치국 > 총무과,부용당 등,부산시민 홈스테이 추진 논의 간담회 개최,126100,3cee3677efc4b7dc2956b03da74b47784d4a8f212ef5d627a5068716474064b4,sheet1:R108,,,
3cee3677efc4b7dc-sheet1-R109,2026-06-02,busan-city,행정자치국 > 총무과,도미노피자,현업근무자 노고 격려 간식 구입,826210,3cee3677efc4b7dc2956b03da74b47784d4a8f212ef5d627a5068716474064b4,sheet1:R109,,,
3cee3677efc4b7dc-sheet1-R110,2026-06-03,busan-city,행정자치국 > 총무과,개인(성명 비공개),소속직원 경조사비 집행,200000,3cee3677efc4b7dc2956b03da74b47784d4a8f212ef5d627a5068716474064b4,sheet1:R110,,,
3cee3677efc4b7dc-sheet1-R111,2026-06-03,busan-city,행정자치국 > 총무과,녹원꽃집,지방선거 당선 축하 꽃바구니 구입,1900000,3cee3677efc4b7dc2956b03da74b47784d4a8f212ef5d627a5068716474064b4,sheet1:R111,,,
3cee3677efc4b7dc-sheet1-R112,2026-06-03,busan-city,행정자치국 > 총무과,취원,제9회 전국동시지방선거 상황실 운영 관련 간담회 개최,367500,3cee3677efc4b7dc2956b03da74b47784d4a8f212ef5d627a5068716474064b4,sheet1:R112,,,
3cee3677efc4b7dc-sheet1-R113,2026-06-04,busan-city,행정자치국 > 총무과,우나기만 등,부단체장 영상회의 참석 관련 업무 간담회 개최,358600,3cee3677efc4b7dc2956b03da74b47784d4a8f212ef5d627a5068716474064b4,sheet1:R113,,,
3cee3677efc4b7dc-sheet1-R114,2026-06-05,busan-city,행정자치국 > 총무과,정초밥 등,BTS 월드투어 공연 지원 관련 업무 간담회 개최,170300,3cee3677efc4b7dc2956b03da74b47784d4a8f212ef5d627a5068716474064b4,sheet1:R114,,,
3cee3677efc4b7dc-sheet1-R115,2026-06-05,busan-city,행정자치국 > 총무과,영남식육식당,부산시민 건강걷기대회 추진 격려 간담회 개최,142000,3cee3677efc4b7dc2956b03da74b47784d4a8f212ef5d627a5068716474064b4,sheet1:R115,,,
3cee3677efc4b7dc-sheet1-R116,2026-06-08,busan-city,행정자치국 > 총무과,미담1974 등,부산시민 어울림 한마당 행사 추진 격려 간담회 개최,280400,3cee3677efc4b7dc2956b03da74b47784d4a8f212ef5d627a5068716474064b4,sheet1:R116,,,
3cee3677efc4b7dc-sheet1-R117,2026-06-08,busan-city,행정자치국 > 총무과,제일옥 등,시정 주요현안 논의를 위한 간부공무원 오찬 간담회 개최(월요오찬),489000,3cee3677efc4b7dc2956b03da74b47784d4a8f212ef5d627a5068716474064b4,sheet1:R117,,,
3cee3677efc4b7dc-sheet1-R118,2026-06-09,busan-city,행정자치국 > 총무과,블루샥,비서실 직원 노고 격려 차담회 개최,14100,3cee3677efc4b7dc2956b03da74b47784d4a8f212ef5d627a5068716474064b4,sheet1:R118,,,
3cee3677efc4b7dc-sheet1-R119,2026-06-10,busan-city,행정자치국 > 총무과,구옥반가 대구탕 등,현안업무 추진부서 노고 격려 간담회 개최,169700,3cee3677efc4b7dc2956b03da74b47784d4a8f212ef5d627a5068716474064b4,sheet1:R119,,,
3cee3677efc4b7dc-sheet1-R120,2026-06-10,busan-city,행정자치국 > 총무과,슬릭,집중안전점검 현장방문 논의 관련 차담회 개최,24600,3cee3677efc4b7dc2956b03da74b47784d4a8f212ef5d627a5068716474064b4,sheet1:R120,,,
3cee3677efc4b7dc-sheet1-R121,2026-06-10,busan-city,행정자치국 > 총무과,정초밥,블록체인 특화 클러스터 조성 관련 업무 간담회 개최,480000,3cee3677efc4b7dc2956b03da74b47784d4a8f212ef5d627a5068716474064b4,sheet1:R121,,,
3cee3677efc4b7dc-sheet1-R122,2026-06-10,busan-city,행정자치국 > 총무과,돈풍각,현안업무 추진 노고 격려 간담회 개최,480000,3cee3677efc4b7dc2956b03da74b47784d4a8f212ef5d627a5068716474064b4,sheet1:R122,,,
3cee3677efc4b7dc-sheet1-R123,2026-06-10,busan-city,행정자치국 > 총무과,북경,주요 행사 합동안전 점검 추진 격려 간담회 개최,51000,3cee3677efc4b7dc2956b03da74b47784d4a8f212ef5d627a5068716474064b4,sheet1:R123,,,
3cee3677efc4b7dc-sheet1-R124,2026-06-11,busan-city,행정자치국 > 총무과,배스킨라빈스,현안 업무 추진 직원 격려 간식 구입,320000,3cee3677efc4b7dc2956b03da74b47784d4a8f212ef5d627a5068716474064b4,sheet1:R124,,,
3cee3677efc4b7dc-sheet1-R125,2026-06-11,busan-city,행정자치국 > 총무과,행복생선구이,제22회 대한민국 해군 함상토론회 추진 격려 간담회 개최,480000,3cee3677efc4b7dc2956b03da74b47784d4a8f212ef5d627a5068716474064b4,sheet1:R125,,,
3cee3677efc4b7dc-sheet1-R126,2026-06-12,busan-city,행정자치국 > 총무과,우나기만 등,2026년 헌혈자의 날 행사 추진 격려 간담회 개최,196100,3cee3677efc4b7dc2956b03da74b47784d4a8f212ef5d627a5068716474064b4,sheet1:R126,,,
3cee3677efc4b7dc-sheet1-R127,2026-06-12,busan-city,행정자치국 > 총무과,오발탄,중앙부처 관계자와의 국비 현안사항 협의 간담회 개최,449000,3cee3677efc4b7dc2956b03da74b47784d4a8f212ef5d627a5068716474064b4,sheet1:R127,,,
3cee3677efc4b7dc-sheet1-R128,2026-06-12,busan-city,행정자치국 > 총무과,룩셈블랑제리,주요 현안행사 지원부서 노고 격려 차담회 개최,52200,3cee3677efc4b7dc2956b03da74b47784d4a8f212ef5d627a5068716474064b4,sheet1:R128,,,
3cee3677efc4b7dc-sheet1-R129,2026-06-12,busan-city,행정자치국 > 총무과,최가네엄마돼지국밥,BTS 부산공연 안전관리 현장점검 관련 간담회 개최,322000,3cee3677efc4b7dc2956b03da74b47784d4a8f212ef5d627a5068716474064b4,sheet1:R129,,,
3cee3677efc4b7dc-sheet1-R130,2026-06-13,busan-city,행정자치국 > 총무과,더도이종가집돼지국밥,BTS 부산공연 안전관리 지원 노고 격려 간담회 개최,303000,3cee3677efc4b7dc2956b03da74b47784d4a8f212ef5d627a5068716474064b4,sheet1:R130,,,
3cee3677efc4b7dc-sheet1-R131,2026-06-15,busan-city,행정자치국 > 총무과,큐제,제11회 조례규칙심의회 추진 노고 격려 차담회 개최,120500,3cee3677efc4b7dc2956b03da74b47784d4a8f212ef5d627a5068716474064b4,sheet1:R131,,,
3cee3677efc4b7dc-sheet1-R132,2026-06-15,busan-city,행정자치국 > 총무과,부자회관,현안업무 추진 직원 노고 격려 간담회 개최,480000,3cee3677efc4b7dc2956b03da74b47784d4a8f212ef5d627a5068716474064b4,sheet1:R132,,,
3cee3677efc4b7dc-sheet1-R133,2026-06-16,busan-city,행정자치국 > 총무과,종가집꼬리곰탕 등,노인학대 예방의 날 기념행사 추진 격려 간담회 개최,455000,3cee3677efc4b7dc2956b03da74b47784d4a8f212ef5d627a5068716474064b4,sheet1:R133,,,
3cee3677efc4b7dc-sheet1-R134,2026-06-16,busan-city,행정자치국 > 총무과,대박통,부산바다도서관 상반기 행사 추진 격려 간담회 개최,112000,3cee3677efc4b7dc2956b03da74b47784d4a8f212ef5d627a5068716474064b4,sheet1:R134,,,
3cee3677efc4b7dc-sheet1-R135,2026-06-17,busan-city,행정자치국 > 총무과,웰빙선생오리 등,시민고충처리위원회 위촉 준비 격려 간담회 개최,388000,3cee3677efc4b7dc2956b03da74b47784d4a8f212ef5d627a5068716474064b4,sheet1:R135,,,
3cee3677efc4b7dc-sheet1-R136,2026-06-18,busan-city,행정자치국 > 총무과,미담1974,노숙인 일자리 창출 사업 추진방안 논의 간담회 개최,464000,3cee3677efc4b7dc2956b03da74b47784d4a8f212ef5d627a5068716474064b4,sheet1:R136,,,
3cee3677efc4b7dc-sheet1-R137,2026-06-18,busan-city,행정자치국 > 총무과,오발탄 등,국비 현안사항 협의를 위한 중앙부처 관계자 간담회 개최,437500,3cee3677efc4b7dc2956b03da74b47784d4a8f212ef5d627a5068716474064b4,sheet1:R137,,,
3cee3677efc4b7dc-sheet1-R138,2026-06-18,busan-city,행정자치국 > 총무과,다께,바르게살기의 날 기념식 준비 격려 간담회 개최,472000,3cee3677efc4b7dc2956b03da74b47784d4a8f212ef5d627a5068716474064b4,sheet1:R138,,,
3cee3677efc4b7dc-sheet1-R139,2026-06-19,busan-city,행정자치국 > 총무과,부용당 등,제336회 예결위 종합심사 준비 격려 간담회 개최,340500,3cee3677efc4b7dc2956b03da74b47784d4a8f212ef5d627a5068716474064b4,sheet1:R139,,,
3cee3677efc4b7dc-sheet1-R140,2026-06-19,busan-city,행정자치국 > 총무과,영남식육식당,부산 핀테크 허브 워크숍 준비 격려 간담회 개최,480000,3cee3677efc4b7dc2956b03da74b47784d4a8f212ef5d627a5068716474064b4,sheet1:R140,,,
3cee3677efc4b7dc-sheet1-R141,2026-06-22,busan-city,행정자치국 > 총무과,제일옥곰탕 등,제21회 부산국제매직페스티벌 추진 논의 간담회 개최,285000,3cee3677efc4b7dc2956b03da74b47784d4a8f212ef5d627a5068716474064b4,sheet1:R141,,,
3cee3677efc4b7dc-sheet1-R142,2026-06-22,busan-city,행정자치국 > 총무과,메이리,어린이 창의융합프로그램 추진 격려 간담회 개최,480000,3cee3677efc4b7dc2956b03da74b47784d4a8f212ef5d627a5068716474064b4,sheet1:R142,,,
3cee3677efc4b7dc-sheet1-R143,2026-06-22,busan-city,행정자치국 > 총무과,만객당,현안 업무 추진 직원 격려 간식 구입,200000,3cee3677efc4b7dc2956b03da74b47784d4a8f212ef5d627a5068716474064b4,sheet1:R143,,,
3cee3677efc4b7dc-sheet1-R144,2026-06-22,busan-city,행정자치국 > 총무과,부산댁,현안업무 추진 직원 노고 격려 간담회 개최,480000,3cee3677efc4b7dc2956b03da74b47784d4a8f212ef5d627a5068716474064b4,sheet1:R144,,,
3cee3677efc4b7dc-sheet1-R145,2026-06-23,busan-city,행정자치국 > 총무과,종가집꼬리곰탕 등,여름 관광철 기초위생 특별단속 추진 격려 간담회 개최,372700,3cee3677efc4b7dc2956b03da74b47784d4a8f212ef5d627a5068716474064b4,sheet1:R145,,,
3cee3677efc4b7dc-sheet1-R146,2026-06-24,busan-city,행정자치국 > 총무과,부용당 등,2026년 적극행정 추진 방안 논의 간담회 개최,142900,3cee3677efc4b7dc2956b03da74b47784d4a8f212ef5d627a5068716474064b4,sheet1:R146,,,
3cee3677efc4b7dc-sheet1-R147,2026-06-24,busan-city,행정자치국 > 총무과,영남식육식당,제46회 노인생활체육대회 추진 격려 간담회 개최,480000,3cee3677efc4b7dc2956b03da74b47784d4a8f212ef5d627a5068716474064b4,sheet1:R147,,,
3cee3677efc4b7dc-sheet1-R148,2026-06-25,busan-city,행정자치국 > 총무과,블루샥,비서실 직원 노고 격려 차담회 개최,7900,3cee3677efc4b7dc2956b03da74b47784d4a8f212ef5d627a5068716474064b4,sheet1:R148,,,
3cee3677efc4b7dc-sheet1-R149,2026-06-26,busan-city,행정자치국 > 총무과,제일옥곰탕 등,현안업무 수행 직원 노고 격려 간담회 개최,55000,3cee3677efc4b7dc2956b03da74b47784d4a8f212ef5d627a5068716474064b4,sheet1:R149,,,
3cee3677efc4b7dc-sheet1-R150,2026-06-26,busan-city,행정자치국 > 총무과,동진가,6.25전쟁 제76주년 행사 추진 노고 격려 간담회 개최,480000,3cee3677efc4b7dc2956b03da74b47784d4a8f212ef5d627a5068716474064b4,sheet1:R150,f803b4e4dd1db62dd9eac059897fdd1dfa7f4ed8e22f55adc68b3accd620d492:sheet1:R75,,
3cee3677efc4b7dc-sheet1-R151,2026-06-26,busan-city,행정자치국 > 총무과,대가 박명호스시,제44회 대한민국연극제 추진 논의 간담회 개최,448000,3cee3677efc4b7dc2956b03da74b47784d4a8f212ef5d627a5068716474064b4,sheet1:R151,,,
3cee3677efc4b7dc-sheet1-R152,2026-06-27,busan-city,행정자치국 > 총무과,주식회사 일등코리아,부산모빌리티쇼 개막식 참석 격려 간담회 개최,450000,3cee3677efc4b7dc2956b03da74b47784d4a8f212ef5d627a5068716474064b4,sheet1:R152,,,
3cee3677efc4b7dc-sheet1-R153,2026-06-29,busan-city,행정자치국 > 총무과,도미노피자,현안업무 추진부서 노고 격려 간식 구입,725900,3cee3677efc4b7dc2956b03da74b47784d4a8f212ef5d627a5068716474064b4,sheet1:R153,,,
3cee3677efc4b7dc-sheet1-R154,2026-06-30,busan-city,행정자치국 > 총무과,조리사의 집,주요 현안업무 추진 격려 간담회 개최,70500,3cee3677efc4b7dc2956b03da74b47784d4a8f212ef5d627a5068716474064b4,sheet1:R154,,,
3cee3677efc4b7dc-sheet1-R155,2026-06-30,busan-city,행정자치국 > 총무과,청마루숯불갈비,해외바이어 초청 무역상담회 추진 격려 간담회 개최,480000,3cee3677efc4b7dc2956b03da74b47784d4a8f212ef5d627a5068716474064b4,sheet1:R155,,,
3cee3677efc4b7dc-sheet1-R156,2026-06-30,busan-city,행정자치국 > 총무과,손큰집,부산 50플러스 일자리박람회 추진 격려 간담회 개최,480000,3cee3677efc4b7dc2956b03da74b47784d4a8f212ef5d627a5068716474064b4,sheet1:R156,,,
3cee3677efc4b7dc-sheet1-R157,2026-06-30,busan-city,행정자치국 > 총무과,부자회관,세계유산위원회 안전분야 준비사항 논의 간담회 개최,480000,3cee3677efc4b7dc2956b03da74b47784d4a8f212ef5d627a5068716474064b4,sheet1:R157,,,
3cee3677efc4b7dc-sheet2-R3,2026-04-01,busan-city,행정자치국 > 총무과,㈜부산롯데호텔,대중교통 태그리스 시스템 도입 관련 간담회 개최,412000,3cee3677efc4b7dc2956b03da74b47784d4a8f212ef5d627a5068716474064b4,sheet2:R3,,,
3cee3677efc4b7dc-sheet2-R4,2026-04-02,busan-city,행정자치국 > 총무과,㈜부산롯데호텔,지역외상거점병원 선정 관련 업무 간담회 개최,412000,3cee3677efc4b7dc2956b03da74b47784d4a8f212ef5d627a5068716474064b4,sheet2:R4,,,
3cee3677efc4b7dc-sheet2-R5,2026-04-02,busan-city,행정자치국 > 총무과,메이리 연,2026년 건설교통기술전시회 간담회 개최,400000,3cee3677efc4b7dc2956b03da74b47784d4a8f212ef5d627a5068716474064b4,sheet2:R5,f803b4e4dd1db62dd9eac059897fdd1dfa7f4ed8e22f55adc68b3accd620d492:sheet1:R6,,
3cee3677efc4b7dc-sheet2-R6,2026-04-02,busan-city,행정자치국 > 총무과,스타벅스,비서실 직원 노고 격려 차담회 개최,17100,3cee3677efc4b7dc2956b03da74b47784d4a8f212ef5d627a5068716474064b4,sheet2:R6,,,
3cee3677efc4b7dc-sheet2-R7,2026-04-03,busan-city,행정자치국 > 총무과,개인(성명 비공개),소속직원 경조사비 집행,100000,3cee3677efc4b7dc2956b03da74b47784d4a8f212ef5d627a5068716474064b4,sheet2:R7,,,
3cee3677efc4b7dc-sheet2-R8,2026-04-03,busan-city,행정자치국 > 총무과,국시24 등,부울경 초광역 협력사업 발굴 관련 업무 간담회 개최,286500,3cee3677efc4b7dc2956b03da74b47784d4a8f212ef5d627a5068716474064b4,sheet2:R8,,,
3cee3677efc4b7dc-sheet2-R9,2026-04-03,busan-city,행정자치국 > 총무과,스타벅스,가덕도신공항 추진 관련 현안 논의 차담회 개최,10000,3cee3677efc4b7dc2956b03da74b47784d4a8f212ef5d627a5068716474064b4,sheet2:R9,,,
3cee3677efc4b7dc-sheet2-R10,2026-04-03,busan-city,행정자치국 > 총무과,초원복국,현안업무 추진 노고 격려 간담회 개최,282500,3cee3677efc4b7dc2956b03da74b47784d4a8f212ef5d627a5068716474064b4,sheet2:R10,,,
3cee3677efc4b7dc-sheet2-R11,2026-04-06,busan-city,행정자치국 > 총무과,㈜워터스톤 등,반려동물 친화도시 캠페인 추진 관련 간담회 개최,296100,3cee3677efc4b7dc2956b03da74b47784d4a8f212ef5d627a5068716474064b4,sheet2:R11,,,
3cee3677efc4b7dc-sheet2-R12,2026-04-07,busan-city,행정자치국 > 총무과,취원,창업기업 소통 체계화 방안 마련 논의 간담회 개최,350000,3cee3677efc4b7dc2956b03da74b47784d4a8f212ef5d627a5068716474064b4,sheet2:R12,,,
3cee3677efc4b7dc-sheet2-R13,2026-04-07,busan-city,행정자치국 > 총무과,수제국수,제2회 도시공원위원회 참석 관련 업무 간담회 개최,400000,3cee3677efc4b7dc2956b03da74b47784d4a8f212ef5d627a5068716474064b4,sheet2:R13,,,
3cee3677efc4b7dc-sheet2-R14,2026-04-08,busan-city,행정자치국 > 총무과,언양불고기부산집,도시공간전략 국제컨퍼런스 준비 격려 간담회 개최,480000,3cee3677efc4b7dc2956b03da74b47784d4a8f212ef5d627a5068716474064b4,sheet2:R14,,,
3cee3677efc4b7dc-sheet2-R15,2026-04-08,busan-city,행정자치국 > 총무과,우나기만 등,건설대기업 영남지회장과의 간담회 개최,687500,3cee3677efc4b7dc2956b03da74b47784d4a8f212ef5d627a5068716474064b4,sheet2:R15,,,
3cee3677efc4b7dc-sheet2-R16,2026-04-09,busan-city,행정자치국 > 총무과,취원 등,부전역 복합환승센터 조성 추진 관련 간담회 개최,478500,3cee3677efc4b7dc2956b03da74b47784d4a8f212ef5d627a5068716474064b4,sheet2:R16,,,
3cee3677efc4b7dc-sheet2-R17,2026-04-09,busan-city,행정자치국 > 총무과,청오디피케이㈜,주요 현안사항 추진부서 격려 간식 구입,202300,3cee3677efc4b7dc2956b03da74b47784d4a8f212ef5d627a5068716474064b4,sheet2:R17,,,
3cee3677efc4b7dc-sheet2-R18,2026-04-10,busan-city,행정자치국 > 총무과,그랜드조선,북항재개발 추진 현안업무 관련 간담회 개최,260000,3cee3677efc4b7dc2956b03da74b47784d4a8f212ef5d627a5068716474064b4,sheet2:R18,,,
3cee3677efc4b7dc-sheet2-R19,2026-04-13,busan-city,행정자치국 > 총무과,공무원매점,내방객 접대용 다과류 구입,488800,3cee3677efc4b7dc2956b03da74b47784d4a8f212ef5d627a5068716474064b4,sheet2:R19,,,
3cee3677efc4b7dc-sheet2-R20,2026-04-13,busan-city,행정자치국 > 총무과,㈜사미헌,주요 주거정책 및 현안사항 논의 간담회 개최,245000,3cee3677efc4b7dc2956b03da74b47784d4a8f212ef5d627a5068716474064b4,sheet2:R20,,,
3cee3677efc4b7dc-sheet2-R21,2026-04-14,busan-city,행정자치국 > 총무과,교동면옥,첨단산업국 주요현안 협력을 위한 출입기자단 간담회 개최,223000,3cee3677efc4b7dc2956b03da74b47784d4a8f212ef5d627a5068716474064b4,sheet2:R21,,,
3cee3677efc4b7dc-sheet2-R22,2026-04-14,busan-city,행정자치국 > 총무과,툇마루,시정 현안 추진 출장 수행직원과의 간담회 개최,43000,3cee3677efc4b7dc2956b03da74b47784d4a8f212ef5d627a5068716474064b4,sheet2:R22,,,
3cee3677efc4b7dc-sheet2-R23,2026-04-15,busan-city,행정자치국 > 총무과,우나기만 등,제54차 비상경제대책회의 준비 노고 격려 간담회 개최,271000,3cee3677efc4b7dc2956b03da74b47784d4a8f212ef5d627a5068716474064b4,sheet2:R23,,,
3cee3677efc4b7dc-sheet2-R24,2026-04-15,busan-city,행정자치국 > 총무과,만성횟집,경제지 출입기자와의 오찬 간담회 개최,300000,3cee3677efc4b7dc2956b03da74b47784d4a8f212ef5d627a5068716474064b4,sheet2:R24,,,
3cee3677efc4b7dc-sheet2-R25,2026-04-15,busan-city,행정자치국 > 총무과,동래통닭,가덕도신공항 거버넌스 회의 준비 노고 격려 간담회 개최,480000,3cee3677efc4b7dc2956b03da74b47784d4a8f212ef5d627a5068716474064b4,sheet2:R25,,,
3cee3677efc4b7dc-sheet2-R26,2026-04-16,busan-city,행정자치국 > 총무과,사미헌,15분도시 부산 자문회의 준비 노고 격려 간담회 개최,143000,3cee3677efc4b7dc2956b03da74b47784d4a8f212ef5d627a5068716474064b4,sheet2:R26,,,
3cee3677efc4b7dc-sheet2-R27,2026-04-16,busan-city,행정자치국 > 총무과,은화횟집,서부산 행정복합타운 입주 유치방안 논의 간담회 개최,480000,3cee3677efc4b7dc2956b03da74b47784d4a8f212ef5d627a5068716474064b4,sheet2:R27,,,
3cee3677efc4b7dc-sheet2-R28,2026-04-16,busan-city,행정자치국 > 총무과,㈜부산롯데호텔,주요 현안업무 추진 노고 격려 간담회 개최,137000,3cee3677efc4b7dc2956b03da74b47784d4a8f212ef5d627a5068716474064b4,sheet2:R28,,,
3cee3677efc4b7dc-sheet2-R29,2026-04-17,busan-city,행정자치국 > 총무과,봉산집,가덕도신공항 추진 관련 현안사항 논의 간담회 개최,93000,3cee3677efc4b7dc2956b03da74b47784d4a8f212ef5d627a5068716474064b4,sheet2:R29,,,
3cee3677efc4b7dc-sheet2-R30,2026-04-20,busan-city,행정자치국 > 총무과,스타벅스,비서실 직원 노고 격려 차담회 개최,13100,3cee3677efc4b7dc2956b03da74b47784d4a8f212ef5d627a5068716474064b4,sheet2:R30,,,
3cee3677efc4b7dc-sheet2-R31,2026-04-21,busan-city,행정자치국 > 총무과,웰빙선생오리 등,반려문화공원 추진 관련 현안사항 논의 간담회 개최,301500,3cee3677efc4b7dc2956b03da74b47784d4a8f212ef5d627a5068716474064b4,sheet2:R31,,,
3cee3677efc4b7dc-sheet2-R32,2026-04-21,busan-city,행정자치국 > 총무과,거북선횟집,침례병원 공공병원화 추진 관련 논의 간담회 개최,100000,3cee3677efc4b7dc2956b03da74b47784d4a8f212ef5d627a5068716474064b4,sheet2:R32,,,
3cee3677efc4b7dc-sheet2-R33,2026-04-22,busan-city,행정자치국 > 총무과,㈜파라다이스호텔부산,제46회 장애인의 날 행사 준비 격려 간담회 개최,420000,3cee3677efc4b7dc2956b03da74b47784d4a8f212ef5d627a5068716474064b4,sheet2:R33,,,
3cee3677efc4b7dc-sheet2-R34,2026-04-22,busan-city,행정자치국 > 총무과,㈜파라다이스호텔부산,현안업무 수행직원 노고 격려 간담회 개최,87000,3cee3677efc4b7dc2956b03da74b47784d4a8f212ef5d627a5068716474064b4,sheet2:R34,,,
3cee3677efc4b7dc-sheet2-R35,2026-04-22,busan-city,행정자치국 > 총무과,거북선횟집,복지위기가구 지원 협약 추진 격려 간담회 개최,344000,3cee3677efc4b7dc2956b03da74b47784d4a8f212ef5d627a5068716474064b4,sheet2:R35,,,
3cee3677efc4b7dc-sheet2-R36,2026-04-23,busan-city,행정자치국 > 총무과,호텔농심,주부산 카자흐스탄 총영사 미래혁신부시장 오찬 간담회 개최,340000,3cee3677efc4b7dc2956b03da74b47784d4a8f212ef5d627a5068716474064b4,sheet2:R36,,,
3cee3677efc4b7dc-sheet2-R37,2026-04-24,busan-city,행정자치국 > 총무과,공무원매점,내방객 접대용 다과류 구입,489000,3cee3677efc4b7dc2956b03da74b47784d4a8f212ef5d627a5068716474064b4,sheet2:R37,,,
3cee3677efc4b7dc-sheet2-R38,2026-04-24,busan-city,행정자치국 > 총무과,마조레,국제수로기구 인프라센터 유치 관련 간담회 개최,137000,3cee3677efc4b7dc2956b03da74b47784d4a8f212ef5d627a5068716474064b4,sheet2:R38,,,
3cee3677efc4b7dc-sheet2-R39,2026-04-24,busan-city,행정자치국 > 총무과,금호횟집,부산국제원자력산업전 준비 노고 격려 간담회 개최,364000,3cee3677efc4b7dc2956b03da74b47784d4a8f212ef5d627a5068716474064b4,sheet2:R39,,,
3cee3677efc4b7dc-sheet2-R40,2026-04-25,busan-city,행정자치국 > 총무과,고옥,중소기업 지원 활성화 관련 협력방안 논의 간담회 개최,179000,3cee3677efc4b7dc2956b03da74b47784d4a8f212ef5d627a5068716474064b4,sheet2:R40,,,
3cee3677efc4b7dc-sheet2-R41,2026-04-27,busan-city,행정자치국 > 총무과,㈜조선호텔앤리조트 부산,인구정책포럼 준비 노고 격려 차담회 개최,80000,3cee3677efc4b7dc2956b03da74b47784d4a8f212ef5d627a5068716474064b4,sheet2:R41,,,
3cee3677efc4b7dc-sheet2-R42,2026-04-28,busan-city,행정자치국 > 총무과,호텔농심,주부산미국수석영사 미래혁신부시장 오찬 간담회,410000,3cee3677efc4b7dc2956b03da74b47784d4a8f212ef5d627a5068716474064b4,sheet2:R42,,,
3cee3677efc4b7dc-sheet2-R43,2026-04-28,busan-city,행정자치국 > 총무과,㈜급행장,관광객 맞이 특별점검 추진 관련 간담회 개최,242000,3cee3677efc4b7dc2956b03da74b47784d4a8f212ef5d627a5068716474064b4,sheet2:R43,,,
3cee3677efc4b7dc-sheet2-R44,2026-04-29,busan-city,행정자치국 > 총무과,녹산횟집,제3회 도시계획위원회 참석 관련 업무 간담회 개최,355000,3cee3677efc4b7dc2956b03da74b47784d4a8f212ef5d627a5068716474064b4,sheet2:R44,,,
3cee3677efc4b7dc-sheet2-R45,2026-04-29,busan-city,행정자치국 > 총무과,도미노피자,현안업무 추진부서 노고 격려 간식 구입,881640,3cee3677efc4b7dc2956b03da74b47784d4a8f212ef5d627a5068716474064b4,sheet2:R45,,,
3cee3677efc4b7dc-sheet2-R46,2026-04-30,busan-city,행정자치국 > 총무과,도미노피자,고유가 피해 지원금 지급 업무 추진 격려 간식 구입,257800,3cee3677efc4b7dc2956b03da74b47784d4a8f212ef5d627a5068716474064b4,sheet2:R46,,,
3cee3677efc4b7dc-sheet2-R47,2026-04-30,busan-city,행정자치국 > 총무과,도미노피자,현안업무 추진부서 노고 격려 간식 구입,881640,3cee3677efc4b7dc2956b03da74b47784d4a8f212ef5d627a5068716474064b4,sheet2:R47,,,
3cee3677efc4b7dc-sheet2-R48,2026-05-04,busan-city,행정자치국 > 총무과,웰빙선생오리 등,통학로 시범사업 추진성과 공유를 위한 간담회 개최,274000,3cee3677efc4b7dc2956b03da74b47784d4a8f212ef5d627a5068716474064b4,sheet2:R48,,,
3cee3677efc4b7dc-sheet2-R49,2026-05-04,busan-city,행정자치국 > 총무과,(주)양산박,철인3종 페스타 개회식 참석 관련 간담회 개최,493000,3cee3677efc4b7dc2956b03da74b47784d4a8f212ef5d627a5068716474064b4,sheet2:R49,,,
3cee3677efc4b7dc-sheet2-R50,2026-05-04,busan-city,행정자치국 > 총무과,언양불고기부산집,부산샛 발사 참관회 참석 관련 간담회 개최,480000,3cee3677efc4b7dc2956b03da74b47784d4a8f212ef5d627a5068716474064b4,sheet2:R50,,,
3cee3677efc4b7dc-sheet2-R51,2026-05-04,busan-city,행정자치국 > 총무과,금수복국,분류식 하수관로 사업 추진 노고 격려 간담회 개최,114000,3cee3677efc4b7dc2956b03da74b47784d4a8f212ef5d627a5068716474064b4,sheet2:R51,,,
3cee3677efc4b7dc-sheet2-R52,2026-05-06,busan-city,행정자치국 > 총무과,수제국수 등,청사방호 수행직원 노고 격려 간담회 개최,649500,3cee3677efc4b7dc2956b03da74b47784d4a8f212ef5d627a5068716474064b4,sheet2:R52,,,
3cee3677efc4b7dc-sheet2-R53,2026-05-06,busan-city,행정자치국 > 총무과,도미노피자,주요 현안사항 추진부서 노고 격려 간식 구입,346950,3cee3677efc4b7dc2956b03da74b47784d4a8f212ef5d627a5068716474064b4,sheet2:R53,,,
3cee3677efc4b7dc-sheet2-R54,2026-05-06,busan-city,행정자치국 > 총무과,㈜사미헌,디지털 금융도시 추진 방안 논의 간담회 개최,343000,3cee3677efc4b7dc2956b03da74b47784d4a8f212ef5d627a5068716474064b4,sheet2:R54,,,
3cee3677efc4b7dc-sheet2-R55,2026-05-07,busan-city,행정자치국 > 총무과,낚시고기횟집,반도체 생태계 조성 추진방안 논의 간담회 개최,270000,3cee3677efc4b7dc2956b03da74b47784d4a8f212ef5d627a5068716474064b4,sheet2:R55,,,
3cee3677efc4b7dc-sheet2-R56,2026-05-07,busan-city,행정자치국 > 총무과,수제국수,청사방호 수행직원 노고 격려 간담회 개최,680000,3cee3677efc4b7dc2956b03da74b47784d4a8f212ef5d627a5068716474064b4,sheet2:R56,,,
3cee3677efc4b7dc-sheet2-R57,2026-05-07,busan-city,행정자치국 > 총무과,이재모피자,고유가 피해 지원금 지급 업무 추진 격려 간식 구입,380600,3cee3677efc4b7dc2956b03da74b47784d4a8f212ef5d627a5068716474064b4,sheet2:R57,,,
3cee3677efc4b7dc-sheet2-R58,2026-05-07,busan-city,행정자치국 > 총무과,도미노피자,현안업무 추진부서 노고 격려 간식 구입,554580,3cee3677efc4b7dc2956b03da74b47784d4a8f212ef5d627a5068716474064b4,sheet2:R58,,,
3cee3677efc4b7dc-sheet2-R59,2026-05-08,busan-city,행정자치국 > 총무과,㈜워터스톤,제3차 수산업 발전계획 수립 논의 간담회 개최,285000,3cee3677efc4b7dc2956b03da74b47784d4a8f212ef5d627a5068716474064b4,sheet2:R59,,,
3cee3677efc4b7dc-sheet2-R60,2026-05-08,busan-city,행정자치국 > 총무과,㈜조선호텔앤리조트 그랜드조선,메가특구 지정 관련 대응방안 논의 간담회 개최,450000,3cee3677efc4b7dc2956b03da74b47784d4a8f212ef5d627a5068716474064b4,sheet2:R60,,,
3cee3677efc4b7dc-sheet2-R61,2026-05-11,busan-city,행정자치국 > 총무과,생복집,2026 국제걷기축제 준비 노고 격려 간담회 개최,175000,3cee3677efc4b7dc2956b03da74b47784d4a8f212ef5d627a5068716474064b4,sheet2:R61,,,
3cee3677efc4b7dc-sheet2-R62,2026-05-11,busan-city,행정자치국 > 총무과,공무원매점,내방객 접대용 다과류 구입,488800,3cee3677efc4b7dc2956b03da74b47784d4a8f212ef5d627a5068716474064b4,sheet2:R62,,,
3cee3677efc4b7dc-sheet2-R63,2026-05-12,busan-city,행정자치국 > 총무과,대가 박명호스시,주요 현안업무 추진방안 논의 간담회 개최,400000,3cee3677efc4b7dc2956b03da74b47784d4a8f212ef5d627a5068716474064b4,sheet2:R63,,,
3cee3677efc4b7dc-sheet2-R64,2026-05-12,busan-city,행정자치국 > 총무과,이재모피자,고유가 피해 지원금 지급 업무 추진 격려 간식 구입,251800,3cee3677efc4b7dc2956b03da74b47784d4a8f212ef5d627a5068716474064b4,sheet2:R64,,,
3cee3677efc4b7dc-sheet2-R65,2026-05-12,busan-city,행정자치국 > 총무과,도미노피자,현안업무 추진부서 노고 격려 간식 구입,486810,3cee3677efc4b7dc2956b03da74b47784d4a8f212ef5d627a5068716474064b4,sheet2:R65,,,
3cee3677efc4b7dc-sheet2-R66,2026-05-12,busan-city,행정자치국 > 총무과,수제국수,녹색건축 정책 비전 및 전략 논의 간담회 개최,380000,3cee3677efc4b7dc2956b03da74b47784d4a8f212ef5d627a5068716474064b4,sheet2:R66,,,
3cee3677efc4b7dc-sheet2-R67,2026-05-13,busan-city,행정자치국 > 총무과,취원,부산문화재단 현안업무 추진 관련 간담회 개최,777000,3cee3677efc4b7dc2956b03da74b47784d4a8f212ef5d627a5068716474064b4,sheet2:R67,,,
3cee3677efc4b7dc-sheet2-R68,2026-05-13,busan-city,행정자치국 > 총무과,일광수산횟집,노후계획도시정비 기본계획 수립 논의 간담회 개최,480000,3cee3677efc4b7dc2956b03da74b47784d4a8f212ef5d627a5068716474064b4,sheet2:R68,,,
3cee3677efc4b7dc-sheet2-R69,2026-05-13,busan-city,행정자치국 > 총무과,일광수산횟집,제5회 도시경관공동위원회 추진 격려 간담회 개최,275000,3cee3677efc4b7dc2956b03da74b47784d4a8f212ef5d627a5068716474064b4,sheet2:R69,,,
3cee3677efc4b7dc-sheet2-R70,2026-05-14,busan-city,행정자치국 > 총무과,㈜아르프스튜디오,전기차 민간보급사업 추진 노고 격려 간담회 개최,464000,3cee3677efc4b7dc2956b03da74b47784d4a8f212ef5d627a5068716474064b4,sheet2:R70,,,
3cee3677efc4b7dc-sheet2-R71,2026-05-14,busan-city,행정자치국 > 총무과,㈜아르프스튜디오,현안업무 수행 지원 노고 격려 간담회 개최,59000,3cee3677efc4b7dc2956b03da74b47784d4a8f212ef5d627a5068716474064b4,sheet2:R71,,,
3cee3677efc4b7dc-sheet2-R72,2026-05-14,busan-city,행정자치국 > 총무과,칠암거북,산업부 현장방문 관련 간담회 개최,242000,3cee3677efc4b7dc2956b03da74b47784d4a8f212ef5d627a5068716474064b4,sheet2:R72,,,
3cee3677efc4b7dc-sheet2-R73,2026-05-14,busan-city,행정자치국 > 총무과,백원,하수처리시설 현대화사업 추진 관련 간담회 개최,329000,3cee3677efc4b7dc2956b03da74b47784d4a8f212ef5d627a5068716474064b4,sheet2:R73,,,
3cee3677efc4b7dc-sheet2-R74,2026-05-15,busan-city,행정자치국 > 총무과,동우황태 등,시정 현안추진 출장 수행직원과의 간담회 개최,45600,3cee3677efc4b7dc2956b03da74b47784d4a8f212ef5d627a5068716474064b4,sheet2:R74,,,
3cee3677efc4b7dc-sheet2-R75,2026-05-15,busan-city,행정자치국 > 총무과,만객당,현장업무 추진 노고 격려 간식 구입,480000,3cee3677efc4b7dc2956b03da74b47784d4a8f212ef5d627a5068716474064b4,sheet2:R75,,,
3cee3677efc4b7dc-sheet2-R76,2026-05-15,busan-city,행정자치국 > 총무과,도미노피자,현안업무 추진부서 노고 격려 간식 구입,811510,3cee3677efc4b7dc2956b03da74b47784d4a8f212ef5d627a5068716474064b4,sheet2:R76,,,
3cee3677efc4b7dc-sheet2-R77,2026-05-18,busan-city,행정자치국 > 총무과,벨기에,「2027 세계항구도시협회 총회 부산 유치」를 위한 간담회 개최,319640,3cee3677efc4b7dc2956b03da74b47784d4a8f212ef5d627a5068716474064b4,sheet2:R77,,,
3cee3677efc4b7dc-sheet2-R78,2026-05-19,busan-city,행정자치국 > 총무과,벨기에,「2027 세계항구도시협회 총회 부산 유치」를 위한 차담회 개최,293090,3cee3677efc4b7dc2956b03da74b47784d4a8f212ef5d627a5068716474064b4,sheet2:R78,,,
3cee3677efc4b7dc-sheet2-R79,2026-05-19,busan-city,행정자치국 > 총무과,도미노피자,현안업무 추진부서 노고 격려 간식 구입,828520,3cee3677efc4b7dc2956b03da74b47784d4a8f212ef5d627a5068716474064b4,sheet2:R79,,,
3cee3677efc4b7dc-sheet2-R80,2026-05-19,busan-city,행정자치국 > 총무과,더83비프,부산 미래도시전략 협의체 관련 간담회 개최,480000,3cee3677efc4b7dc2956b03da74b47784d4a8f212ef5d627a5068716474064b4,sheet2:R80,,,
3cee3677efc4b7dc-sheet2-R81,2026-05-20,busan-city,행정자치국 > 총무과,벨기에,현안 업무추진 직원 격려 간담회 개최,442260,3cee3677efc4b7dc2956b03da74b47784d4a8f212ef5d627a5068716474064b4,sheet2:R81,,,
3cee3677efc4b7dc-sheet2-R82,2026-05-21,busan-city,행정자치국 > 총무과,반야호횟집,가덕도신공항 건설보상 관련 관계기관 오찬 간담회 개최,444000,3cee3677efc4b7dc2956b03da74b47784d4a8f212ef5d627a5068716474064b4,sheet2:R82,,,
3cee3677efc4b7dc-sheet2-R83,2026-05-21,busan-city,행정자치국 > 총무과,도미노피자,현안업무 추진부서 노고 격려 간식 구입,828520,3cee3677efc4b7dc2956b03da74b47784d4a8f212ef5d627a5068716474064b4,sheet2:R83,,,
3cee3677efc4b7dc-sheet2-R84,2026-05-26,busan-city,행정자치국 > 총무과,김해횟집 등,현안업무 추진 관련 오찬 간담회 개최,761000,3cee3677efc4b7dc2956b03da74b47784d4a8f212ef5d627a5068716474064b4,sheet2:R84,,,
3cee3677efc4b7dc-sheet2-R85,2026-05-26,busan-city,행정자치국 > 총무과,취원,정비사업 통합심의위원회 준비 격려 간담회 개최,440000,3cee3677efc4b7dc2956b03da74b47784d4a8f212ef5d627a5068716474064b4,sheet2:R85,,,
3cee3677efc4b7dc-sheet2-R86,2026-05-27,busan-city,행정자치국 > 총무과,공무원매점,내방객 접대용 다과류 구입,488200,3cee3677efc4b7dc2956b03da74b47784d4a8f212ef5d627a5068716474064b4,sheet2:R86,,,
3cee3677efc4b7dc-sheet2-R87,2026-05-28,busan-city,행정자치국 > 총무과,웰빙선생오리 등,부산광역시 교통위원회 참석 관련 업무 간담회 개최,380600,3cee3677efc4b7dc2956b03da74b47784d4a8f212ef5d627a5068716474064b4,sheet2:R87,,,
3cee3677efc4b7dc-sheet2-R88,2026-05-28,busan-city,행정자치국 > 총무과,장덕풍천산삼민물장어,현안업무 추진 노고 격려 간담회 개최,480000,3cee3677efc4b7dc2956b03da74b47784d4a8f212ef5d627a5068716474064b4,sheet2:R88,,,
3cee3677efc4b7dc-sheet2-R89,2026-05-29,busan-city,행정자치국 > 총무과,우나기만 등,제4회 도시계획위원회 준비 노고 격려 간담회 개최,430900,3cee3677efc4b7dc2956b03da74b47784d4a8f212ef5d627a5068716474064b4,sheet2:R89,,,
3cee3677efc4b7dc-sheet2-R90,2026-05-29,busan-city,행정자치국 > 총무과,㈜파라다이스호텔부산,글로벌 물류 허브도시 추진논의 간담회 개최,435000,3cee3677efc4b7dc2956b03da74b47784d4a8f212ef5d627a5068716474064b4,sheet2:R90,,,
3cee3677efc4b7dc-sheet2-R91,2026-06-01,busan-city,행정자치국 > 총무과,해월,환경정책위원회 준비 노고 격려 간담회 개최,480000,3cee3677efc4b7dc2956b03da74b47784d4a8f212ef5d627a5068716474064b4,sheet2:R91,,,
3cee3677efc4b7dc-sheet2-R92,2026-06-01,busan-city,행정자치국 > 총무과,해월,다이브 2026 추진상황 논의 간담회 개최,108000,3cee3677efc4b7dc2956b03da74b47784d4a8f212ef5d627a5068716474064b4,sheet2:R92,,,
3cee3677efc4b7dc-sheet2-R93,2026-06-01,busan-city,행정자치국 > 총무과,스타벅스,비서실 직원 노고 격려 차담회 개최,24800,3cee3677efc4b7dc2956b03da74b47784d4a8f212ef5d627a5068716474064b4,sheet2:R93,,,
3cee3677efc4b7dc-sheet2-R94,2026-06-02,busan-city,행정자치국 > 총무과,스타벅스,거점대학 선정 대비 관련 업무 차담회 개최,34500,3cee3677efc4b7dc2956b03da74b47784d4a8f212ef5d627a5068716474064b4,sheet2:R94,,,
3cee3677efc4b7dc-sheet2-R95,2026-06-02,busan-city,행정자치국 > 총무과,해월,국가재난관리 포상 수상 노고 격려 간담회 개최,356000,3cee3677efc4b7dc2956b03da74b47784d4a8f212ef5d627a5068716474064b4,sheet2:R95,,,
3cee3677efc4b7dc-sheet2-R96,2026-06-03,busan-city,행정자치국 > 총무과,개인(성명 비공개),소속직원 경조사비 집행,50000,3cee3677efc4b7dc2956b03da74b47784d4a8f212ef5d627a5068716474064b4,sheet2:R96,,,
3cee3677efc4b7dc-sheet2-R97,2026-06-04,busan-city,행정자치국 > 총무과,㈜부산롯데호텔,여름철 물놀이 안전관리 대책 논의 간담회 개최,480000,3cee3677efc4b7dc2956b03da74b47784d4a8f212ef5d627a5068716474064b4,sheet2:R97,,,
3cee3677efc4b7dc-sheet2-R98,2026-06-04,busan-city,행정자치국 > 총무과,㈜부산롯데호텔,원자력산업 육성계획 수립 논의 간담회 개최,73000,3cee3677efc4b7dc2956b03da74b47784d4a8f212ef5d627a5068716474064b4,sheet2:R98,,,
3cee3677efc4b7dc-sheet2-R99,2026-06-04,busan-city,행정자치국 > 총무과,㈜사미헌,제11회 초소형위성 워크숍 준비 격려 간담회 개최,384000,3cee3677efc4b7dc2956b03da74b47784d4a8f212ef5d627a5068716474064b4,sheet2:R99,,,
3cee3677efc4b7dc-sheet2-R100,2026-06-05,busan-city,행정자치국 > 총무과,대가 박명호스시,제31회 환경의 날 기념행사 추진 격려 간담회 개최,400000,3cee3677efc4b7dc2956b03da74b47784d4a8f212ef5d627a5068716474064b4,sheet2:R100,,,
3cee3677efc4b7dc-sheet2-R101,2026-06-05,busan-city,행정자치국 > 총무과,조선갈비,시정 현안 추진 출장 수행직원과의 간담회 개최,480000,3cee3677efc4b7dc2956b03da74b47784d4a8f212ef5d627a5068716474064b4,sheet2:R101,,,
3cee3677efc4b7dc-sheet2-R102,2026-06-08,busan-city,행정자치국 > 총무과,㈜사미헌,지역전략산업 기반고도화 사업 추진 논의 간담회 개최,258000,3cee3677efc4b7dc2956b03da74b47784d4a8f212ef5d627a5068716474064b4,sheet2:R102,,,
3cee3677efc4b7dc-sheet2-R103,2026-06-09,busan-city,행정자치국 > 총무과,우나기만 등,제3회 도시공원위원회 참석 관련 업무 간담회 개최,393000,3cee3677efc4b7dc2956b03da74b47784d4a8f212ef5d627a5068716474064b4,sheet2:R103,,,
3cee3677efc4b7dc-sheet2-R104,2026-06-10,busan-city,행정자치국 > 총무과,루시앙베이커리 등,제6회 도시경관공동위원회 준비 관련 차담회 개최,164850,3cee3677efc4b7dc2956b03da74b47784d4a8f212ef5d627a5068716474064b4,sheet2:R104,,,
3cee3677efc4b7dc-sheet2-R105,2026-06-10,busan-city,행정자치국 > 총무과,읍천리382,비서실 직원 노고 격려 차담회 개최,38400,3cee3677efc4b7dc2956b03da74b47784d4a8f212ef5d627a5068716474064b4,sheet2:R105,,,
3cee3677efc4b7dc-sheet2-R106,2026-06-10,busan-city,행정자치국 > 총무과,㈜비안어소시에이츠,서울본부 직원 노고 격려 간담회 개최,184500,3cee3677efc4b7dc2956b03da74b47784d4a8f212ef5d627a5068716474064b4,sheet2:R106,,,
3cee3677efc4b7dc-sheet2-R107,2026-06-11,busan-city,행정자치국 > 총무과,해월,부산국제디자인어워드 시상직 준비 격려 간담회 개최,480000,3cee3677efc4b7dc2956b03da74b47784d4a8f212ef5d627a5068716474064b4,sheet2:R107,,,
3cee3677efc4b7dc-sheet2-R108,2026-06-11,busan-city,행정자치국 > 총무과,해월,제81회 구강보건의 날 행사 추진 격려 간담회 개최,166000,3cee3677efc4b7dc2956b03da74b47784d4a8f212ef5d627a5068716474064b4,sheet2:R108,,,
3cee3677efc4b7dc-sheet2-R109,2026-06-12,busan-city,행정자치국 > 총무과,스타벅스,옥외광고물 안전점검의 날 행사 추진 격려 차담회 개최,86100,3cee3677efc4b7dc2956b03da74b47784d4a8f212ef5d627a5068716474064b4,sheet2:R109,,,
3cee3677efc4b7dc-sheet2-R110,2026-06-12,busan-city,행정자치국 > 총무과,취원 등,스마트도시 특화단지 조성사업 추진 논의 간담회 개최,378500,3cee3677efc4b7dc2956b03da74b47784d4a8f212ef5d627a5068716474064b4,sheet2:R110,,,
3cee3677efc4b7dc-sheet2-R111,2026-06-12,busan-city,행정자치국 > 총무과,토속집,2026 해양주간 행사 추진 격려 간담회 개최,400000,3cee3677efc4b7dc2956b03da74b47784d4a8f212ef5d627a5068716474064b4,sheet2:R111,,,
3cee3677efc4b7dc-sheet2-R112,2026-06-15,busan-city,행정자치국 > 총무과,㈜부산롯데호텔,재난취약계층 물품 전달식 추진 격려 간담회 개최,405000,3cee3677efc4b7dc2956b03da74b47784d4a8f212ef5d627a5068716474064b4,sheet2:R112,,,
3cee3677efc4b7dc-sheet2-R113,2026-06-16,busan-city,행정자치국 > 총무과,히얼이즈커피 등,2026년 기업지원 세정 설명회 추진 격려 차담회 개최,158820,3cee3677efc4b7dc2956b03da74b47784d4a8f212ef5d627a5068716474064b4,sheet2:R113,,,
3cee3677efc4b7dc-sheet2-R114,2026-06-16,busan-city,행정자치국 > 총무과,장산다방,2026년 DX 캠프 운영 방안 논의 차담회 개최,64300,3cee3677efc4b7dc2956b03da74b47784d4a8f212ef5d627a5068716474064b4,sheet2:R114,,,
3cee3677efc4b7dc-sheet2-R115,2026-06-16,busan-city,행정자치국 > 총무과,은화횟집,부산 미래도시전략 협의체 관련 간담회 개최,480000,3cee3677efc4b7dc2956b03da74b47784d4a8f212ef5d627a5068716474064b4,sheet2:R115,,,
3cee3677efc4b7dc-sheet2-R116,2026-06-16,busan-city,행정자치국 > 총무과,㈜부산롯데호텔,국립치의학연구원 설립 추진 논의 차담회 개최,105000,3cee3677efc4b7dc2956b03da74b47784d4a8f212ef5d627a5068716474064b4,sheet2:R116,,,
3cee3677efc4b7dc-sheet2-R117,2026-06-16,busan-city,행정자치국 > 총무과,생복집,수산생명바이오 산업 육성 토론회 추진 격려 간담회 개최,138000,3cee3677efc4b7dc2956b03da74b47784d4a8f212ef5d627a5068716474064b4,sheet2:R117,,,
3cee3677efc4b7dc-sheet2-R118,2026-06-17,busan-city,행정자치국 > 총무과,웰빙선생오리 등,2026 부산원아시아페스티벌 추진 논의 간담회 개최,340500,3cee3677efc4b7dc2956b03da74b47784d4a8f212ef5d627a5068716474064b4,sheet2:R118,,,
3cee3677efc4b7dc-sheet2-R119,2026-06-18,busan-city,행정자치국 > 총무과,부자회관 등,2026년 도시공원공동위원회 추진 격려 간담회 개최,349100,3cee3677efc4b7dc2956b03da74b47784d4a8f212ef5d627a5068716474064b4,sheet2:R119,,,
3cee3677efc4b7dc-sheet2-R120,2026-06-18,busan-city,행정자치국 > 총무과,스타벅스,비서실 직원 노고 격려 차담회 개최,16800,3cee3677efc4b7dc2956b03da74b47784d4a8f212ef5d627a5068716474064b4,sheet2:R120,,,
3cee3677efc4b7dc-sheet2-R121,2026-06-18,busan-city,행정자치국 > 총무과,16번상회,내방객 접대용 과일류 구입,480000,3cee3677efc4b7dc2956b03da74b47784d4a8f212ef5d627a5068716474064b4,sheet2:R121,,,
3cee3677efc4b7dc-sheet2-R122,2026-06-18,busan-city,행정자치국 > 총무과,도미노피자,현안업무 추진부서 노고 격려 간식 구입,778000,3cee3677efc4b7dc2956b03da74b47784d4a8f212ef5d627a5068716474064b4,sheet2:R122,,,
3cee3677efc4b7dc-sheet2-R123,2026-06-18,busan-city,행정자치국 > 총무과,취원,2026 부산모빌리티쇼 추진 논의 간담회 개최,480000,3cee3677efc4b7dc2956b03da74b47784d4a8f212ef5d627a5068716474064b4,sheet2:R123,,,
3cee3677efc4b7dc-sheet2-R124,2026-06-19,busan-city,행정자치국 > 총무과,취원,청년 일경험 시범사업 추진 논의 간담회 개최,369000,3cee3677efc4b7dc2956b03da74b47784d4a8f212ef5d627a5068716474064b4,sheet2:R124,,,
3cee3677efc4b7dc-sheet2-R125,2026-06-19,busan-city,행정자치국 > 총무과,스타벅스,2026 국제서핑대회 행사 추진 논의 차담회 개최,60900,3cee3677efc4b7dc2956b03da74b47784d4a8f212ef5d627a5068716474064b4,sheet2:R125,,,
3cee3677efc4b7dc-sheet2-R126,2026-06-19,busan-city,행정자치국 > 총무과,도미노피자,현안업무 추진부서 노고 격려 간식 구입,177000,3cee3677efc4b7dc2956b03da74b47784d4a8f212ef5d627a5068716474064b4,sheet2:R126,,,
3cee3677efc4b7dc-sheet2-R127,2026-06-19,busan-city,행정자치국 > 총무과,주식회사 양산박,글로벌 창업생태계 고도화 추진 논의 간담회 개최,328000,3cee3677efc4b7dc2956b03da74b47784d4a8f212ef5d627a5068716474064b4,sheet2:R127,,,
3cee3677efc4b7dc-sheet2-R128,2026-06-22,busan-city,행정자치국 > 총무과,스타벅스,중국 국제 어업 박람회 추진 논의 차담회 개최,120900,3cee3677efc4b7dc2956b03da74b47784d4a8f212ef5d627a5068716474064b4,sheet2:R128,,,
3cee3677efc4b7dc-sheet2-R129,2026-06-22,busan-city,행정자치국 > 총무과,수제국수 등,제11차 아워오션콘퍼런스 준비 격려 간담회 개최,480500,3cee3677efc4b7dc2956b03da74b47784d4a8f212ef5d627a5068716474064b4,sheet2:R129,,,
3cee3677efc4b7dc-sheet2-R130,2026-06-22,busan-city,행정자치국 > 총무과,취원,버팀이음 프로젝트 추진 준비 격려 간담회 개최,318000,3cee3677efc4b7dc2956b03da74b47784d4a8f212ef5d627a5068716474064b4,sheet2:R130,,,
3cee3677efc4b7dc-sheet2-R131,2026-06-23,busan-city,행정자치국 > 총무과,웰빙선생오리 등,신공항 연구용역 착수보고회 준비 논의 간담회 개최,330000,3cee3677efc4b7dc2956b03da74b47784d4a8f212ef5d627a5068716474064b4,sheet2:R131,,,
3cee3677efc4b7dc-sheet2-R132,2026-06-23,busan-city,행정자치국 > 총무과,도미노피자,현안업무 추진부서 노고 격려 간식 구입,304000,3cee3677efc4b7dc2956b03da74b47784d4a8f212ef5d627a5068716474064b4,sheet2:R132,,,
3cee3677efc4b7dc-sheet2-R133,2026-06-23,busan-city,행정자치국 > 총무과,우나기만,핑크문화데이 확대 운영 준비 논의 간담회 개최,175000,3cee3677efc4b7dc2956b03da74b47784d4a8f212ef5d627a5068716474064b4,sheet2:R133,,,
3cee3677efc4b7dc-sheet2-R134,2026-06-24,busan-city,행정자치국 > 총무과,주식회사 급행장,2026년 부산장애인기능경기대회 추진 격려 간담회 개최,480000,3cee3677efc4b7dc2956b03da74b47784d4a8f212ef5d627a5068716474064b4,sheet2:R134,,,
3cee3677efc4b7dc-sheet2-R135,2026-06-24,busan-city,행정자치국 > 총무과,주식회사 급행장,광역교통개선대책 승인 노고 격려 간담회 개최,249000,3cee3677efc4b7dc2956b03da74b47784d4a8f212ef5d627a5068716474064b4,sheet2:R135,,,
3cee3677efc4b7dc-sheet2-R136,2026-06-24,busan-city,행정자치국 > 총무과,로마네꽁띠,2027년 국비 현안사업 논의를 위한 관계자 간담회 개최,433000,3cee3677efc4b7dc2956b03da74b47784d4a8f212ef5d627a5068716474064b4,sheet2:R136,,,
3cee3677efc4b7dc-sheet2-R137,2026-06-24,busan-city,행정자치국 > 총무과,공무원매점,위원회 개최 관련 다과류 구입,323000,3cee3677efc4b7dc2956b03da74b47784d4a8f212ef5d627a5068716474064b4,sheet2:R137,,,
3cee3677efc4b7dc-sheet2-R138,2026-06-24,busan-city,행정자치국 > 총무과,어심횟집,도시계획위원회 위원과의 간담회 개최,1185000,3cee3677efc4b7dc2956b03da74b47784d4a8f212ef5d627a5068716474064b4,sheet2:R138,,,
3cee3677efc4b7dc-sheet2-R139,2026-06-24,busan-city,행정자치국 > 총무과,㈜조선호텔앤리조트 그래드조선,한국전기전자재료학회 학술대회 준비 격려 간담회 개최,380000,3cee3677efc4b7dc2956b03da74b47784d4a8f212ef5d627a5068716474064b4,sheet2:R139,,,
3cee3677efc4b7dc-sheet2-R140,2026-06-25,busan-city,행정자치국 > 총무과,마당집 등,해양신산업 선도 분야 지원사업 추진 논의 간담회 개최,345100,3cee3677efc4b7dc2956b03da74b47784d4a8f212ef5d627a5068716474064b4,sheet2:R140,,,
3cee3677efc4b7dc-sheet2-R141,2026-06-25,busan-city,행정자치국 > 총무과,취원,반려동물 공감산책로 조성 노고격려 간담회 개최,400000,3cee3677efc4b7dc2956b03da74b47784d4a8f212ef5d627a5068716474064b4,sheet2:R141,,,
3cee3677efc4b7dc-sheet2-R142,2026-06-26,busan-city,행정자치국 > 총무과,취원 등,제2차 부산 도시철도망 구축 추진 논의 간담회 개최,458900,3cee3677efc4b7dc2956b03da74b47784d4a8f212ef5d627a5068716474064b4,sheet2:R142,,,
3cee3677efc4b7dc-sheet2-R143,2026-06-26,busan-city,행정자치국 > 총무과,고고365대게좋은날,빈집플러스드림사업 추진 노고 격려 간담회 개최,480000,3cee3677efc4b7dc2956b03da74b47784d4a8f212ef5d627a5068716474064b4,sheet2:R143,,,
3cee3677efc4b7dc-sheet2-R144,2026-06-29,busan-city,행정자치국 > 총무과,스타벅스,어린이건축한마당 추진사항 논의 차담회 개최,79800,3cee3677efc4b7dc2956b03da74b47784d4a8f212ef5d627a5068716474064b4,sheet2:R144,,,
3cee3677efc4b7dc-sheet2-R145,2026-06-29,busan-city,행정자치국 > 총무과,취원,시정 현안사항 홍보를 위한 언론인 간담회 개최,688000,3cee3677efc4b7dc2956b03da74b47784d4a8f212ef5d627a5068716474064b4,sheet2:R145,,,
bc478d02fe77e68b-sheet1-R5,2026-04-01,busan-city,금융창업정책관 > 창업벤처담당관,푸릇외 1,창업벤처담당관 직원 격려 간담회 개최,330000,bc478d02fe77e68bb7aa257bb4cc548ca6608643c815a59505c90bfe69178d1c,sheet1:R5,,,
bc478d02fe77e68b-sheet1-R6,2026-04-01,busan-city,금융창업정책관 > 창업벤처담당관,메이리,산업전환펀드 지역투자 간담회 개최,260000,bc478d02fe77e68bb7aa257bb4cc548ca6608643c815a59505c90bfe69178d1c,sheet1:R6,,,
bc478d02fe77e68b-sheet1-R7,2026-04-03,busan-city,금융창업정책관 > 창업벤처담당관,개인(성명 비공개),소속 직원 경조사비 지급,50000,bc478d02fe77e68bb7aa257bb4cc548ca6608643c815a59505c90bfe69178d1c,sheet1:R7,,,
bc478d02fe77e68b-sheet1-R8,2026-04-06,busan-city,금융창업정책관 > 창업벤처담당관,윤태금 복국,현안업무 추진 간담회 개최,140000,bc478d02fe77e68bb7aa257bb4cc548ca6608643c815a59505c90bfe69178d1c,sheet1:R8,,,
bc478d02fe77e68b-sheet1-R9,2026-04-07,busan-city,금융창업정책관 > 창업벤처담당관,제로베이크샵외 2,현안업무 추진 간담회 개최,110900,bc478d02fe77e68bb7aa257bb4cc548ca6608643c815a59505c90bfe69178d1c,sheet1:R9,,,
bc478d02fe77e68b-sheet1-R10,2026-04-15,busan-city,금융창업정책관 > 창업벤처담당관,주식회사 양산도,금융창업정책관 현안업무 추진 간담회 개최,128000,bc478d02fe77e68bb7aa257bb4cc548ca6608643c815a59505c90bfe69178d1c,sheet1:R10,,,
bc478d02fe77e68b-sheet1-R11,2026-04-15,busan-city,금융창업정책관 > 창업벤처담당관,히요리,현안업무 추진 간담회 개최,85800,bc478d02fe77e68bb7aa257bb4cc548ca6608643c815a59505c90bfe69178d1c,sheet1:R11,,,
bc478d02fe77e68b-sheet1-R12,2026-04-16,busan-city,금융창업정책관 > 창업벤처담당관,낚시고기횟집,금융창업정책관 현안업무 추진 간담회 개최,120000,bc478d02fe77e68bb7aa257bb4cc548ca6608643c815a59505c90bfe69178d1c,sheet1:R12,,,
bc478d02fe77e68b-sheet1-R13,2026-04-16,busan-city,금융창업정책관 > 창업벤처담당관,"연제지역자활센터, 카페가온비",글로벌 창업생태계 고도화 협의체 회의 다과 구입,33200,bc478d02fe77e68bb7aa257bb4cc548ca6608643c815a59505c90bfe69178d1c,sheet1:R13,,,
bc478d02fe77e68b-sheet1-R14,2026-04-16,busan-city,금융창업정책관 > 창업벤처담당관,공무원매점,창업벤처담당관 직원 격려 다과 구입,104000,bc478d02fe77e68bb7aa257bb4cc548ca6608643c815a59505c90bfe69178d1c,sheet1:R14,,,
bc478d02fe77e68b-sheet1-R15,2026-04-16,busan-city,금융창업정책관 > 창업벤처담당관,블루샥 부산시청점외 1,창업벤처담당관 직원 격려 간담회 개최,174700,bc478d02fe77e68bb7aa257bb4cc548ca6608643c815a59505c90bfe69178d1c,sheet1:R15,,,
bc478d02fe77e68b-sheet1-R16,2026-04-20,busan-city,금융창업정책관 > 창업벤처담당관,(주)비안 에프엔비,「IBK 창공 Fly High 100」참가 관련 관계자 간담회 개최,140300,bc478d02fe77e68bb7aa257bb4cc548ca6608643c815a59505c90bfe69178d1c,sheet1:R16,,,
bc478d02fe77e68b-sheet1-R17,2026-04-21,busan-city,금융창업정책관 > 창업벤처담당관,취원3,금융창업정책관 현안업무 추진 간담회 개최,417000,bc478d02fe77e68bb7aa257bb4cc548ca6608643c815a59505c90bfe69178d1c,sheet1:R17,,,
bc478d02fe77e68b-sheet1-R18,2026-05-07,busan-city,금융창업정책관 > 창업벤처담당관,공무원매점,창업벤처담당관 직원 격려 다과 구입,70000,bc478d02fe77e68bb7aa257bb4cc548ca6608643c815a59505c90bfe69178d1c,sheet1:R18,,,
bc478d02fe77e68b-sheet1-R19,2026-05-07,busan-city,금융창업정책관 > 창업벤처담당관,미남스시,현안업무 추진 간담회 개최,87000,bc478d02fe77e68bb7aa257bb4cc548ca6608643c815a59505c90bfe69178d1c,sheet1:R19,,,
bc478d02fe77e68b-sheet1-R20,2026-05-12,busan-city,금융창업정책관 > 창업벤처담당관,은화횟집2호점,금융창업정책관 현안업무 추진 간담회 개최,120000,bc478d02fe77e68bb7aa257bb4cc548ca6608643c815a59505c90bfe69178d1c,sheet1:R20,,,
bc478d02fe77e68b-sheet1-R21,2026-05-27,busan-city,금융창업정책관 > 창업벤처담당관,베이스 커피로스터스외 1,창업벤처담당관 직원 격려 간담회 개최,140000,bc478d02fe77e68bb7aa257bb4cc548ca6608643c815a59505c90bfe69178d1c,sheet1:R21,,,
bc478d02fe77e68b-sheet1-R22,2026-06-02,busan-city,금융창업정책관 > 창업벤처담당관,브라가외 1,창업벤처담당관 직원 격려 간담회 개최,130600,bc478d02fe77e68bb7aa257bb4cc548ca6608643c815a59505c90bfe69178d1c,sheet1:R22,,,
bc478d02fe77e68b-sheet1-R23,2026-06-04,busan-city,금융창업정책관 > 창업벤처담당관,몰토 이탈리아노,현안업무 추진 간담회 개최,137500,bc478d02fe77e68bb7aa257bb4cc548ca6608643c815a59505c90bfe69178d1c,sheet1:R23,,,
bc478d02fe77e68b-sheet1-R24,2026-06-16,busan-city,금융창업정책관 > 창업벤처담당관,공무원매점,창업벤처담당관 직원 격려 다과 구입,182000,bc478d02fe77e68bb7aa257bb4cc548ca6608643c815a59505c90bfe69178d1c,sheet1:R24,,,
bc478d02fe77e68b-sheet1-R25,2026-06-19,busan-city,금융창업정책관 > 창업벤처담당관,주식회사 능라도,현안업무 추진 간담회 개최,114000,bc478d02fe77e68bb7aa257bb4cc548ca6608643c815a59505c90bfe69178d1c,sheet1:R25,,,
bc478d02fe77e68b-sheet1-R26,2026-06-23,busan-city,금융창업정책관 > 창업벤처담당관,노스커피 리마스터 시청점,「부산지식산업센터 에코델타점」관리위탁기관 평가위원회 다과 구입,35000,bc478d02fe77e68bb7aa257bb4cc548ca6608643c815a59505c90bfe69178d1c,sheet1:R26,,,
f94583a0cbb39591-sheet1-R16,2026-06-29,busan-city,소방재난본부 > 소방행정과,주식회사기장사람들,(시책)전국의용소방대연합회 방문 관련 홍보물품 구매 요청,499000,f94583a0cbb39591c04352e31d0aa61198ece2eadcd701c0860d60d6cb3deea5,sheet1:R16,,,
f94583a0cbb39591-sheet1-R19,2026-06-26,busan-city,소방재난본부 > 소방행정과,유성복집 세종점 1호2호,(시책)소방청 주요 현안업무 논의를 위한 시책추진 간담회 개최,240000,f94583a0cbb39591c04352e31d0aa61198ece2eadcd701c0860d60d6cb3deea5,sheet1:R19,,,
f94583a0cbb39591-sheet1-R20,2026-06-25,busan-city,소방재난본부 > 소방행정과,규가,(시책)부산시 유관기관 업무 협의 소통 간담회 개최,161000,f94583a0cbb39591c04352e31d0aa61198ece2eadcd701c0860d60d6cb3deea5,sheet1:R20,,,
f94583a0cbb39591-sheet1-R21,2026-06-09,busan-city,소방재난본부 > 소방행정과,오복정,(시책)일본 영사관 업무 협의 오찬 간담회 개최,90000,f94583a0cbb39591c04352e31d0aa61198ece2eadcd701c0860d60d6cb3deea5,sheet1:R21,,,
f94583a0cbb39591-sheet1-R22,2026-06-09,busan-city,소방재난본부 > 소방행정과,집무실,부의금 지급 요청,50000,f94583a0cbb39591c04352e31d0aa61198ece2eadcd701c0860d60d6cb3deea5,sheet1:R22,,,
f94583a0cbb39591-sheet1-R23,2026-06-08,busan-city,소방재난본부 > 소방행정과,집무실,제16회 부산소방재난본부장기 직원 테니스대회 격려금 지급,200000,f94583a0cbb39591c04352e31d0aa61198ece2eadcd701c0860d60d6cb3deea5,sheet1:R23,,,
f94583a0cbb39591-sheet1-R24,2026-06-08,busan-city,소방재난본부 > 소방행정과,nice_통신판매,2026년 소방청-한노총 소방노조 노사 합동 워크숍 축하 화한 구매,69000,f94583a0cbb39591c04352e31d0aa61198ece2eadcd701c0860d60d6cb3deea5,sheet1:R24,,,
f94583a0cbb39591-sheet1-R25,2026-06-08,busan-city,소방재난본부 > 소방행정과,집무실,부의금 지급 요청,50000,f94583a0cbb39591c04352e31d0aa61198ece2eadcd701c0860d60d6cb3deea5,sheet1:R25,,,
f94583a0cbb39591-sheet1-R26,2026-06-02,busan-city,소방재난본부 > 소방행정과,개인(성명 비공개),제71회 현충일 순직소방인 위패봉안식 근조화환 구매 요청,59000,f94583a0cbb39591c04352e31d0aa61198ece2eadcd701c0860d60d6cb3deea5,sheet1:R26,,,
f94583a0cbb39591-sheet1-R27,2026-06-01,busan-city,소방재난본부 > 소방행정과,에스에스지페이먼츠,소방재난본부 방문손님 접대 등을 위한 다과류 등 구매 협조 요청,198170,f94583a0cbb39591c04352e31d0aa61198ece2eadcd701c0860d60d6cb3deea5,sheet1:R27,,,
f94583a0cbb39591-sheet1-R28,2026-05-26,busan-city,소방재난본부 > 소방행정과,집무실,부의금 지급 요청,50000,f94583a0cbb39591c04352e31d0aa61198ece2eadcd701c0860d60d6cb3deea5,sheet1:R28,,,
f94583a0cbb39591-sheet1-R29,2026-05-26,busan-city,소방재난본부 > 소방행정과,집무실,부의금 지급 요청,50000,f94583a0cbb39591c04352e31d0aa61198ece2eadcd701c0860d60d6cb3deea5,sheet1:R29,,,
f94583a0cbb39591-sheet1-R30,2026-05-20,busan-city,소방재난본부 > 소방행정과,출근길생고기&육회,기자 간담회 개최 계획 보고(알림),450000,f94583a0cbb39591c04352e31d0aa61198ece2eadcd701c0860d60d6cb3deea5,sheet1:R30,,,
f94583a0cbb39591-sheet1-R31,2026-05-22,busan-city,소방재난본부 > 소방행정과,토속집,(시책)우즈베키스탄 보건부 방문에 따른 간담회 개최,222000,f94583a0cbb39591c04352e31d0aa61198ece2eadcd701c0860d60d6cb3deea5,sheet1:R31,,,
f94583a0cbb39591-sheet1-R32,2026-05-18,busan-city,소방재난본부 > 소방행정과,해운마루,(시책)경기북부 119종합상황실 업무공유 간담회 개최,360000,f94583a0cbb39591c04352e31d0aa61198ece2eadcd701c0860d60d6cb3deea5,sheet1:R32,,,
f94583a0cbb39591-sheet1-R33,2026-05-18,busan-city,소방재난본부 > 소방행정과,금화농원,부산 재향소방동우회 이·취임식 축하 화환 구매 요청,54000,f94583a0cbb39591c04352e31d0aa61198ece2eadcd701c0860d60d6cb3deea5,sheet1:R33,,,
f94583a0cbb39591-sheet1-R34,2026-05-15,busan-city,소방재난본부 > 소방행정과,와와 해물포차,부산소방재난본부 테니스장 개장 행사 간담회 개최,129000,f94583a0cbb39591c04352e31d0aa61198ece2eadcd701c0860d60d6cb3deea5,sheet1:R34,,,
f94583a0cbb39591-sheet1-R35,2026-05-14,busan-city,소방재난본부 > 소방행정과,집무실,부산광역시 재향소방동우회장 이·취임식 관련 격려금 지급 요청,200000,f94583a0cbb39591c04352e31d0aa61198ece2eadcd701c0860d60d6cb3deea5,sheet1:R35,,,
f94583a0cbb39591-sheet1-R36,2026-05-07,busan-city,소방재난본부 > 소방행정과,집무실,직원 사망에 따른 유가족 위로금 지급,100000,f94583a0cbb39591c04352e31d0aa61198ece2eadcd701c0860d60d6cb3deea5,sheet1:R36,,,
f94583a0cbb39591-sheet1-R37,2026-05-06,busan-city,소방재난본부 > 소방행정과,집무실,축의금 지급,50000,f94583a0cbb39591c04352e31d0aa61198ece2eadcd701c0860d60d6cb3deea5,sheet1:R37,,,
f94583a0cbb39591-sheet1-R38,2026-05-06,busan-city,소방재난본부 > 소방행정과,집무실,축의금 지급,50000,f94583a0cbb39591c04352e31d0aa61198ece2eadcd701c0860d60d6cb3deea5,sheet1:R38,,,
f94583a0cbb39591-sheet1-R39,2026-04-29,busan-city,소방재난본부 > 소방행정과,개인(성명 비공개),부산경찰청 5.3동의대 사건 추도식 근조화환 구입,54000,f94583a0cbb39591c04352e31d0aa61198ece2eadcd701c0860d60d6cb3deea5,sheet1:R39,,,
f94583a0cbb39591-sheet1-R40,2026-04-29,busan-city,소방재난본부 > 소방행정과,꼬막정찬 마린시티점,(시책)한국소방단체총연합회 정책협의 간담회,50000,f94583a0cbb39591c04352e31d0aa61198ece2eadcd701c0860d60d6cb3deea5,sheet1:R40,,,
f94583a0cbb39591-sheet1-R41,2026-04-29,busan-city,소방재난본부 > 소방행정과,박해윤통영해물밥상,(시책)국가정보원 업무협의 간담회 개최,180000,f94583a0cbb39591c04352e31d0aa61198ece2eadcd701c0860d60d6cb3deea5,sheet1:R41,,,
f94583a0cbb39591-sheet1-R42,2026-04-29,busan-city,소방재난본부 > 소방행정과,집무실,부의금 지급 요청,50000,f94583a0cbb39591c04352e31d0aa61198ece2eadcd701c0860d60d6cb3deea5,sheet1:R42,,,
f94583a0cbb39591-sheet1-R43,2026-04-28,busan-city,소방재난본부 > 소방행정과,일가국밥,제335회 임시회 제2차 본회의 관련 오찬 간담회 개최,80000,f94583a0cbb39591c04352e31d0aa61198ece2eadcd701c0860d60d6cb3deea5,sheet1:R43,,,
f94583a0cbb39591-sheet1-R44,2026-04-24,busan-city,소방재난본부 > 소방행정과,함스차이나레스토랑,인사업무 추진 관련 직원 격려 간담회 계획,380000,f94583a0cbb39591c04352e31d0aa61198ece2eadcd701c0860d60d6cb3deea5,sheet1:R44,,,
f94583a0cbb39591-sheet1-R45,2026-04-24,busan-city,소방재난본부 > 소방행정과,해운마루,(시책)소방청 직원 현안업무 논의 간담회 개최,297000,f94583a0cbb39591c04352e31d0aa61198ece2eadcd701c0860d60d6cb3deea5,sheet1:R45,,,
f94583a0cbb39591-sheet1-R46,2026-04-24,busan-city,소방재난본부 > 소방행정과,집무실,직원 사망에 따른 유가족 위로금 지급,100000,f94583a0cbb39591c04352e31d0aa61198ece2eadcd701c0860d60d6cb3deea5,sheet1:R46,,,
f94583a0cbb39591-sheet1-R47,2026-04-21,busan-city,소방재난본부 > 소방행정과,주식회사 글로벌양상국,부산소방재난본부 주요간부 소통 간담회 개최,320000,f94583a0cbb39591c04352e31d0aa61198ece2eadcd701c0860d60d6cb3deea5,sheet1:R47,,,
f94583a0cbb39591-sheet1-R48,2026-04-21,busan-city,소방재난본부 > 소방행정과,주식회사 코페이_B,제335회 임시회 제1차 본회의 관련 오찬 간담회 개최,70000,f94583a0cbb39591c04352e31d0aa61198ece2eadcd701c0860d60d6cb3deea5,sheet1:R48,,,
f94583a0cbb39591-sheet1-R49,2026-04-17,busan-city,소방재난본부 > 소방행정과,식당3선 센텀1관/주식회사 엘티알,(시책)2026년 찾아가는 상담실 관서장 시책추진 간담회 개최,490000,f94583a0cbb39591c04352e31d0aa61198ece2eadcd701c0860d60d6cb3deea5,sheet1:R49,,,
f94583a0cbb39591-sheet1-R50,2026-04-16,busan-city,소방재난본부 > 소방행정과,녹산횟집,부산광역시청 및 시의회 파견직원 소통 간담회 개최,50000,f94583a0cbb39591c04352e31d0aa61198ece2eadcd701c0860d60d6cb3deea5,sheet1:R50,,,
f94583a0cbb39591-sheet1-R51,2026-04-15,busan-city,소방재난본부 > 소방행정과,집무실,축의금 지급,50000,f94583a0cbb39591c04352e31d0aa61198ece2eadcd701c0860d60d6cb3deea5,sheet1:R51,,,
f94583a0cbb39591-sheet1-R52,2026-04-15,busan-city,소방재난본부 > 소방행정과,집무실,축의금 지급,50000,f94583a0cbb39591c04352e31d0aa61198ece2eadcd701c0860d60d6cb3deea5,sheet1:R52,,,
f94583a0cbb39591-sheet1-R53,2026-04-10,busan-city,소방재난본부 > 소방행정과,충남청과상회 등 2개소,소방재난본부 방문손님 접대 등을 위한 다과류 등 구매 협조 요청,285900,f94583a0cbb39591c04352e31d0aa61198ece2eadcd701c0860d60d6cb3deea5,sheet1:R53,,,
f94583a0cbb39591-sheet1-R54,2026-04-13,busan-city,소방재난본부 > 소방행정과,개인(성명 비공개),순직 소방공무원 추모식 물품 구매 요청,180000,f94583a0cbb39591c04352e31d0aa61198ece2eadcd701c0860d60d6cb3deea5,sheet1:R54,,,
f94583a0cbb39591-sheet1-R55,2026-04-08,busan-city,소방재난본부 > 소방행정과,감포중매인참가자미횟집,"부산, 경북소방본부 APEC 소방안전대책 성과공유 간담회(시책추진업무추진비)",300000,f94583a0cbb39591c04352e31d0aa61198ece2eadcd701c0860d60d6cb3deea5,sheet1:R55,,,
f94583a0cbb39591-sheet1-R56,2026-04-06,busan-city,소방재난본부 > 소방행정과,토곡식육식당 등 2개소,(시책)25회계연도 소방안전교부세 집행 점검 오찬 간담회 개최,186800,f94583a0cbb39591c04352e31d0aa61198ece2eadcd701c0860d60d6cb3deea5,sheet1:R56,,,
f94583a0cbb39591-sheet1-R57,2026-04-07,busan-city,소방재난본부 > 소방행정과,토곡식육식당,대강당 환경개선 기념 본부-동래 친선 탁구대회 관련 간담회 개최,370000,f94583a0cbb39591c04352e31d0aa61198ece2eadcd701c0860d60d6cb3deea5,sheet1:R57,,,
f94583a0cbb39591-sheet1-R58,2026-04-07,busan-city,소방재난본부 > 소방행정과,금화농원,부산지방경찰청장 취임 축분 구매,55000,f94583a0cbb39591c04352e31d0aa61198ece2eadcd701c0860d60d6cb3deea5,sheet1:R58,,,
8cfe6d4e70f46bae-sheet1-R5,2026-04-15,busan-city,여성가족국 > 여성가족과,와인카세216,현안업무 추진 직원 격려 간담회 개최,80000,8cfe6d4e70f46baef6bfe01bc830c56312d6d3ee2ad3c87f995c3da52ff77d96,sheet1:R5,,,
8cfe6d4e70f46bae-sheet1-R6,2026-04-15,busan-city,여성가족국 > 여성가족과,-,직원 경조사비 지급,50000,8cfe6d4e70f46baef6bfe01bc830c56312d6d3ee2ad3c87f995c3da52ff77d96,sheet1:R6,,,
8cfe6d4e70f46bae-sheet1-R7,2026-04-28,busan-city,여성가족국 > 여성가족과,개인(성명 비공개),부산광역시 어린이집연합회장 축의물품 구입,55000,8cfe6d4e70f46baef6bfe01bc830c56312d6d3ee2ad3c87f995c3da52ff77d96,sheet1:R7,,,
8cfe6d4e70f46bae-sheet1-R8,2026-04-30,busan-city,여성가족국 > 여성가족과,후스 시청점,여성정책분야 추진방향 논의 간담회 개최,139200,8cfe6d4e70f46baef6bfe01bc830c56312d6d3ee2ad3c87f995c3da52ff77d96,sheet1:R8,,,
8cfe6d4e70f46bae-sheet1-R9,2026-05-05,busan-city,여성가족국 > 여성가족과,뤼미에르 카페,현안업무 추진 직원 격려 간식 구입,80300,8cfe6d4e70f46baef6bfe01bc830c56312d6d3ee2ad3c87f995c3da52ff77d96,sheet1:R9,,,
8cfe6d4e70f46bae-sheet1-R10,2026-05-07,busan-city,여성가족국 > 여성가족과,"부자회관,셀럽스커피",현안업무 추진 직원 격려 간담회 개최,67200,8cfe6d4e70f46baef6bfe01bc830c56312d6d3ee2ad3c87f995c3da52ff77d96,sheet1:R10,,,
8cfe6d4e70f46bae-sheet1-R11,2026-05-08,busan-city,여성가족국 > 여성가족과,큐제,여성단체 관련 현안 차담회 개최,34200,8cfe6d4e70f46baef6bfe01bc830c56312d6d3ee2ad3c87f995c3da52ff77d96,sheet1:R11,,,
8cfe6d4e70f46bae-sheet1-R12,2026-05-19,busan-city,여성가족국 > 여성가족과,"풍미,셀럽스커피",여성정책분야 추진방향 논의 간담회 개최,117400,8cfe6d4e70f46baef6bfe01bc830c56312d6d3ee2ad3c87f995c3da52ff77d96,sheet1:R12,,,
8cfe6d4e70f46bae-sheet1-R13,2026-05-20,busan-city,여성가족국 > 여성가족과,와인카세216,여성정책분야 추진방향 논의 간담회 개최,80000,8cfe6d4e70f46baef6bfe01bc830c56312d6d3ee2ad3c87f995c3da52ff77d96,sheet1:R13,,,
8cfe6d4e70f46bae-sheet1-R14,2026-05-23,busan-city,여성가족국 > 여성가족과,제이스25 부산시민공원다솜관,현안업무 추진 직원 격려 간식 구입,90400,8cfe6d4e70f46baef6bfe01bc830c56312d6d3ee2ad3c87f995c3da52ff77d96,sheet1:R14,,,
8cfe6d4e70f46bae-sheet1-R15,2026-06-02,busan-city,여성가족국 > 여성가족과,"부용당,로우쥬스커피",여성정책분야 추진방향 논의 간담회 개최,125500,8cfe6d4e70f46baef6bfe01bc830c56312d6d3ee2ad3c87f995c3da52ff77d96,sheet1:R15,,,
8cfe6d4e70f46bae-sheet1-R16,2026-06-05,busan-city,여성가족국 > 여성가족과,"마파람해물찜,셀럽스커피",현안업무 추진 직원 격려 간담회 개최,195500,8cfe6d4e70f46baef6bfe01bc830c56312d6d3ee2ad3c87f995c3da52ff77d96,sheet1:R16,,,
8cfe6d4e70f46bae-sheet1-R17,2026-06-09,busan-city,여성가족국 > 여성가족과,"초록섬미역,브로",여성정책분야 추진방향 논의 간담회 개최,81900,8cfe6d4e70f46baef6bfe01bc830c56312d6d3ee2ad3c87f995c3da52ff77d96,sheet1:R17,,,
8cfe6d4e70f46bae-sheet1-R18,2026-06-16,busan-city,여성가족국 > 여성가족과,"행복생선구이,애니핑거",여성정책분야 추진방향 논의 간담회 개최,124800,8cfe6d4e70f46baef6bfe01bc830c56312d6d3ee2ad3c87f995c3da52ff77d96,sheet1:R18,,,
8cfe6d4e70f46bae-sheet1-R19,2026-06-26,busan-city,여성가족국 > 여성가족과,셀럽스커피,여성단체 협의 차담회 개최,14400,8cfe6d4e70f46baef6bfe01bc830c56312d6d3ee2ad3c87f995c3da52ff77d96,sheet1:R19,,,
8cfe6d4e70f46bae-sheet1-R20,2026-06-26,busan-city,여성가족국 > 여성가족과,"연제지역자활센터,카페가온비,큐제",여성정책분야 추진방향 논의 간담회 개최,312600,8cfe6d4e70f46baef6bfe01bc830c56312d6d3ee2ad3c87f995c3da52ff77d96,sheet1:R20,,,
a57dc22313a623f7-sheet1-R5,2026-01-06,busan-city,여성가족국 > 여성가족과,"은화횟집,차마당양갱",여성정책분야 추진방향 논의 간담회 개최,172000,a57dc22313a623f74c224fdc08f503b3b9b147f597066f8699b7b777a4d8ab0f,sheet1:R5,,,
a57dc22313a623f7-sheet1-R6,2026-01-07,busan-city,여성가족국 > 여성가족과,미남스시,출산정책분야 추진방향 논의 간담회 개최,196000,a57dc22313a623f74c224fdc08f503b3b9b147f597066f8699b7b777a4d8ab0f,sheet1:R6,,,
a57dc22313a623f7-sheet1-R7,2026-01-07,busan-city,여성가족국 > 여성가족과,마조레,여성정책분야 추진방향 논의 간담회 개최,75000,a57dc22313a623f74c224fdc08f503b3b9b147f597066f8699b7b777a4d8ab0f,sheet1:R7,,,
a57dc22313a623f7-sheet1-R8,2026-01-08,busan-city,여성가족국 > 여성가족과,"우나기만,차마당양갱",출산정책분야 추진방향 논의 간담회 개최,150000,a57dc22313a623f74c224fdc08f503b3b9b147f597066f8699b7b777a4d8ab0f,sheet1:R8,,,
a57dc22313a623f7-sheet1-R9,2026-01-14,busan-city,여성가족국 > 여성가족과,커피팩토리쏘,여성(가족)플라자 벤치마킹을 위한 관외 출장 계획,46000,a57dc22313a623f74c224fdc08f503b3b9b147f597066f8699b7b777a4d8ab0f,sheet1:R9,,,
a57dc22313a623f7-sheet1-R10,2026-01-14,busan-city,여성가족국 > 여성가족과,메이리연,여성정책분야 추진방향 논의 간담회 개최,350000,a57dc22313a623f74c224fdc08f503b3b9b147f597066f8699b7b777a4d8ab0f,sheet1:R10,,,
a57dc22313a623f7-sheet1-R11,2026-01-15,busan-city,여성가족국 > 여성가족과,우나기만,현안업무 추진 직원 격려 간담회 개최,168000,a57dc22313a623f74c224fdc08f503b3b9b147f597066f8699b7b777a4d8ab0f,sheet1:R11,,,
a57dc22313a623f7-sheet1-R12,2026-01-18,busan-city,여성가족국 > 여성가족과,"연제지역자활센터,카페가온비",공공건축가 자문에 따른 다과 구입,15000,a57dc22313a623f74c224fdc08f503b3b9b147f597066f8699b7b777a4d8ab0f,sheet1:R12,,,
a57dc22313a623f7-sheet1-R13,2026-01-20,busan-city,여성가족국 > 여성가족과,"대가박명호스시,폴바셋연산점",여성단체 관련 현안 간담회 개최,434000,a57dc22313a623f74c224fdc08f503b3b9b147f597066f8699b7b777a4d8ab0f,sheet1:R13,,,
a57dc22313a623f7-sheet1-R14,2026-01-21,busan-city,여성가족국 > 여성가족과,차마당양갱,소관 상임위 소통강화 차담회 개최,54000,a57dc22313a623f74c224fdc08f503b3b9b147f597066f8699b7b777a4d8ab0f,sheet1:R14,,,
a57dc22313a623f7-sheet1-R15,2026-01-26,busan-city,여성가족국 > 여성가족과,"카페로프트,부용당",여성단체 관련 현안간담회 개최,95000,a57dc22313a623f74c224fdc08f503b3b9b147f597066f8699b7b777a4d8ab0f,sheet1:R15,,,
a57dc22313a623f7-sheet1-R16,2026-01-27,busan-city,여성가족국 > 여성가족과,"제일옥곰탕,커피하우스",인사이동에 따른 전출 직원 격려 간담회 개최,217300,a57dc22313a623f74c224fdc08f503b3b9b147f597066f8699b7b777a4d8ab0f,sheet1:R16,,,
a57dc22313a623f7-sheet1-R17,2026-01-28,busan-city,여성가족국 > 여성가족과,"어부심 해풍코다리, 아덴블랑제리",현안업무 추진 직원 격려 간담회 개최,129400,a57dc22313a623f74c224fdc08f503b3b9b147f597066f8699b7b777a4d8ab0f,sheet1:R17,,,
a57dc22313a623f7-sheet1-R18,2026-02-02,busan-city,여성가족국 > 여성가족과,술술술,시정 주요현안 논의를 위한 만찬 간담회 개최,240000,a57dc22313a623f74c224fdc08f503b3b9b147f597066f8699b7b777a4d8ab0f,sheet1:R18,,,
a57dc22313a623f7-sheet1-R19,2026-02-05,busan-city,여성가족국 > 여성가족과,-,직원 경조사비 지급,50000,a57dc22313a623f74c224fdc08f503b3b9b147f597066f8699b7b777a4d8ab0f,sheet1:R19,,,
a57dc22313a623f7-sheet1-R20,2026-02-09,busan-city,여성가족국 > 여성가족과,쿠팡,2026년 따뜻한 설 명절 보내기 소관 사회복지시설 격려,196780,a57dc22313a623f74c224fdc08f503b3b9b147f597066f8699b7b777a4d8ab0f,sheet1:R20,,,
a57dc22313a623f7-sheet1-R21,2026-02-09,busan-city,여성가족국 > 여성가족과,-,직원 경조사비 지급,50000,a57dc22313a623f74c224fdc08f503b3b9b147f597066f8699b7b777a4d8ab0f,sheet1:R21,,,
a57dc22313a623f7-sheet1-R22,2026-02-10,busan-city,여성가족국 > 여성가족과,"로우쥬스커피,만성횟집,후스",2026년 부산형 선결제 시행 건의,700000,a57dc22313a623f74c224fdc08f503b3b9b147f597066f8699b7b777a4d8ab0f,sheet1:R22,,,
a57dc22313a623f7-sheet1-R23,2026-02-10,busan-city,여성가족국 > 여성가족과,"부자회관,우나기만",2026년 부산형 선결제 시행 건의,900000,a57dc22313a623f74c224fdc08f503b3b9b147f597066f8699b7b777a4d8ab0f,sheet1:R23,,,
a57dc22313a623f7-sheet1-R24,2026-02-12,busan-city,여성가족국 > 여성가족과,코끼리식당,현안업무 추진 직원 격려 간담회 개최,84000,a57dc22313a623f74c224fdc08f503b3b9b147f597066f8699b7b777a4d8ab0f,sheet1:R24,,,
a57dc22313a623f7-sheet1-R25,2026-02-20,busan-city,여성가족국 > 여성가족과,-,직원 경조사비 지급,50000,a57dc22313a623f74c224fdc08f503b3b9b147f597066f8699b7b777a4d8ab0f,sheet1:R25,,,
a57dc22313a623f7-sheet1-R26,2026-02-25,busan-city,여성가족국 > 여성가족과,"이재모피자광복점,필그림스",출산정책분야 추진방향 논의 간담회 개최,64660,a57dc22313a623f74c224fdc08f503b3b9b147f597066f8699b7b777a4d8ab0f,sheet1:R26,,,
a57dc22313a623f7-sheet1-R27,2026-02-26,busan-city,여성가족국 > 여성가족과,"큐제,부산에뜬고등어",현안업무 추진 직원 격려 간담회 개최,114200,a57dc22313a623f74c224fdc08f503b3b9b147f597066f8699b7b777a4d8ab0f,sheet1:R27,,,
a57dc22313a623f7-sheet1-R28,2026-03-09,busan-city,여성가족국 > 여성가족과,다이닝갈비,여성정책분야 추진방향 논의 간담회 개최,389800,a57dc22313a623f74c224fdc08f503b3b9b147f597066f8699b7b777a4d8ab0f,sheet1:R28,,,
a57dc22313a623f7-sheet1-R29,2026-03-10,busan-city,여성가족국 > 여성가족과,"주식회사에프지케이,스타벅스",여성플라자 조성 및 공간 구성 논의 간담회 개최,192600,a57dc22313a623f74c224fdc08f503b3b9b147f597066f8699b7b777a4d8ab0f,sheet1:R29,,,
a57dc22313a623f7-sheet1-R30,2026-03-10,busan-city,여성가족국 > 여성가족과,풍미,출산정책분야 추진방향 논의 간담회 개최,152000,a57dc22313a623f74c224fdc08f503b3b9b147f597066f8699b7b777a4d8ab0f,sheet1:R30,,,
a57dc22313a623f7-sheet1-R31,2026-03-11,busan-city,여성가족국 > 여성가족과,마파람 해물찜,현안업무 추진 직원 격려 간담회 개최,293500,a57dc22313a623f74c224fdc08f503b3b9b147f597066f8699b7b777a4d8ab0f,sheet1:R31,,,
a57dc22313a623f7-sheet1-R32,2026-03-17,busan-city,여성가족국 > 여성가족과,"연제지역자활센터,카페가온비",상임위 추진 직원 격려 간식 구입,50000,a57dc22313a623f74c224fdc08f503b3b9b147f597066f8699b7b777a4d8ab0f,sheet1:R32,,,
a57dc22313a623f7-sheet1-R33,2026-03-18,busan-city,여성가족국 > 여성가족과,마당집,여성단체 관련 현안 간담회 개최,480000,a57dc22313a623f74c224fdc08f503b3b9b147f597066f8699b7b777a4d8ab0f,sheet1:R33,,,
a57dc22313a623f7-sheet1-R34,2026-03-19,busan-city,여성가족국 > 여성가족과,-,직원 경조사비 지급,50000,a57dc22313a623f74c224fdc08f503b3b9b147f597066f8699b7b777a4d8ab0f,sheet1:R34,,,
a57dc22313a623f7-sheet1-R35,2026-03-19,busan-city,여성가족국 > 여성가족과,"풍미,차마당양갱",여성정책분야 추진방향 논의 간담회 개최,159000,a57dc22313a623f74c224fdc08f503b3b9b147f597066f8699b7b777a4d8ab0f,sheet1:R35,,,
a57dc22313a623f7-sheet1-R36,2026-03-24,busan-city,여성가족국 > 여성가족과,우나기만,현안업무 추진 직원 격려 간담회 개최,157000,a57dc22313a623f74c224fdc08f503b3b9b147f597066f8699b7b777a4d8ab0f,sheet1:R36,,,
a57dc22313a623f7-sheet1-R37,2026-03-24,busan-city,여성가족국 > 여성가족과,명랑핫도그,직원 격려 간식 구입,97000,a57dc22313a623f74c224fdc08f503b3b9b147f597066f8699b7b777a4d8ab0f,sheet1:R37,,,
a57dc22313a623f7-sheet1-R38,2026-03-27,busan-city,여성가족국 > 여성가족과,솥솥 광화문,지역성평등지수 업무 협의를 위한 간담회 개최,56000,a57dc22313a623f74c224fdc08f503b3b9b147f597066f8699b7b777a4d8ab0f,sheet1:R38,,,
cfbb96a1ec8902a7-sheet1-R5,2026-04-15,busan-city,기획조정실 > 기획관 > 법무담당관,부자회관,주요현안 소송 대응방안 마련를 위한 간담회 개최 건의,480000,cfbb96a1ec8902a78b1c0194c3c585d286393156348cc14bff1a693bccebad4c,sheet1:R5,,,
cfbb96a1ec8902a7-sheet1-R6,2026-04-20,busan-city,기획조정실 > 기획관 > 법무담당관,김종구식맛치킨,행정심판위원회 간담회 개최,138000,cfbb96a1ec8902a78b1c0194c3c585d286393156348cc14bff1a693bccebad4c,sheet1:R6,,,
cfbb96a1ec8902a7-sheet1-R7,2026-04-24,busan-city,기획조정실 > 기획관 > 법무담당관,부자회관,직원 격려 간담회 개최,420000,cfbb96a1ec8902a78b1c0194c3c585d286393156348cc14bff1a693bccebad4c,sheet1:R7,,,
cfbb96a1ec8902a7-sheet1-R8,2026-05-26,busan-city,기획조정실 > 기획관 > 법무담당관,성민횟집,행정심판위원회 간담회 개최,138000,cfbb96a1ec8902a78b1c0194c3c585d286393156348cc14bff1a693bccebad4c,sheet1:R8,,,
3156e9ac14a10070-sheet1-R5,2026-04-06,busan-city,도시계획국 > 시설계획과,돈풍각,공공기여협상 관련 업무추진 간담회 개최,239500,3156e9ac14a10070e9f44dc75902b315bf72f5fd67186714d6e6cf6179c9db67,sheet1:R5,,,
3156e9ac14a10070-sheet1-R6,2026-04-07,busan-city,도시계획국 > 시설계획과,모모스커피,공공기여시설 업무 협의 관련 국회 방문에 따른 다과 등 구입,50000,3156e9ac14a10070e9f44dc75902b315bf72f5fd67186714d6e6cf6179c9db67,sheet1:R6,,,
3156e9ac14a10070-sheet1-R7,2026-04-08,busan-city,도시계획국 > 시설계획과,"가시리, 스타벅스",공공기여시설 합리적 도입 방안 논의를 위한 간담회 개최,203800,3156e9ac14a10070e9f44dc75902b315bf72f5fd67186714d6e6cf6179c9db67,sheet1:R7,,,
3156e9ac14a10070-sheet1-R8,2026-04-15,busan-city,도시계획국 > 시설계획과,정원오리,현안업무 추진 직원 격려 간담회 개최,320000,3156e9ac14a10070e9f44dc75902b315bf72f5fd67186714d6e6cf6179c9db67,sheet1:R8,,,
3156e9ac14a10070-sheet1-R9,2026-04-24,busan-city,도시계획국 > 시설계획과,명랑핫도그,공공기여협상 업무 추진 관련 회의용 다과 구입,56000,3156e9ac14a10070e9f44dc75902b315bf72f5fd67186714d6e6cf6179c9db67,sheet1:R9,,,
3de7d7630417a793-sheet1-R5,2026-04-01,busan-city,기획조정실 > 기획관 > 기획담당관,동진가,시정 주요정책 소통 관련 의견수렴 간담회,474000,3de7d7630417a7935c65519f404fc0dd8cdde4c132896394ea2b9d06b490f8ee,sheet1:R5,,,
3de7d7630417a793-sheet1-R6,2026-04-02,busan-city,기획조정실 > 기획관 > 기획담당관,덩굴아나고구이,시정 현안 업무협의를 위한 간담회 개최,290000,3de7d7630417a7935c65519f404fc0dd8cdde4c132896394ea2b9d06b490f8ee,sheet1:R6,,,
3de7d7630417a793-sheet1-R7,2026-04-08,busan-city,기획조정실 > 기획관 > 기획담당관,-,경조사 격려금 지급,50000,3de7d7630417a7935c65519f404fc0dd8cdde4c132896394ea2b9d06b490f8ee,sheet1:R7,,,
3de7d7630417a793-sheet1-R8,2026-04-09,busan-city,기획조정실 > 기획관 > 기획담당관,원조본가산곰장어집,현안업무 직원 격려를 위한 간담회 개최,480000,3de7d7630417a7935c65519f404fc0dd8cdde4c132896394ea2b9d06b490f8ee,sheet1:R8,,,
3de7d7630417a793-sheet1-R9,2026-04-13,busan-city,기획조정실 > 기획관 > 기획담당관,미우한우,시정 현안 업무 협의를 위한 간담회 개최,361000,3de7d7630417a7935c65519f404fc0dd8cdde4c132896394ea2b9d06b490f8ee,sheet1:R9,,,
3de7d7630417a793-sheet1-R10,2026-04-14,busan-city,기획조정실 > 기획관 > 기획담당관,-,경조사 격려금 지급,50000,3de7d7630417a7935c65519f404fc0dd8cdde4c132896394ea2b9d06b490f8ee,sheet1:R10,,,
3de7d7630417a793-sheet1-R11,2026-04-22,busan-city,기획조정실 > 기획관 > 기획담당관,홍식당,시정 현안 업무 협의를 위한 간담회 개최,400000,3de7d7630417a7935c65519f404fc0dd8cdde4c132896394ea2b9d06b490f8ee,sheet1:R11,,,
3de7d7630417a793-sheet1-R12,2026-04-23,busan-city,기획조정실 > 기획관 > 기획담당관,다드림마트,내방객 접대용 다과류 등 구입,480000,3de7d7630417a7935c65519f404fc0dd8cdde4c132896394ea2b9d06b490f8ee,sheet1:R12,,,
3de7d7630417a793-sheet1-R13,2026-04-29,busan-city,기획조정실 > 기획관 > 기획담당관,식당3선 연제점,현안업무 추진 직원 격려 간담회,122000,3de7d7630417a7935c65519f404fc0dd8cdde4c132896394ea2b9d06b490f8ee,sheet1:R13,,,
3de7d7630417a793-sheet1-R14,2026-04-30,busan-city,기획조정실 > 기획관 > 기획담당관,부뚜막,시정 주요 현안 논의를 위한 간담회 개최,52000,3de7d7630417a7935c65519f404fc0dd8cdde4c132896394ea2b9d06b490f8ee,sheet1:R14,,,
3de7d7630417a793-sheet1-R15,2026-05-07,busan-city,기획조정실 > 기획관 > 기획담당관,수제국수 부산시청점,시정 현안 업무 논의를 위한 간담회 개최,480000,3de7d7630417a7935c65519f404fc0dd8cdde4c132896394ea2b9d06b490f8ee,sheet1:R15,,,
3de7d7630417a793-sheet1-R16,2026-05-14,busan-city,기획조정실 > 기획관 > 기획담당관,이어도,시정협력체계 강화를 위한 현안 논의 간담회 개최,151000,3de7d7630417a7935c65519f404fc0dd8cdde4c132896394ea2b9d06b490f8ee,sheet1:R16,,,
3de7d7630417a793-sheet1-R17,2026-05-15,busan-city,기획조정실 > 기획관 > 기획담당관,-,경조사 격려금 지급,50000,3de7d7630417a7935c65519f404fc0dd8cdde4c132896394ea2b9d06b490f8ee,sheet1:R17,,,
3de7d7630417a793-sheet1-R18,2026-05-19,busan-city,기획조정실 > 기획관 > 기획담당관,"주식회사 란이, 목양인 숙성양갈비",시정 현안 업무 협의를 위한 서울 정부청사 및 중앙부처 방문 관련 간담회 개최,570000,3de7d7630417a7935c65519f404fc0dd8cdde4c132896394ea2b9d06b490f8ee,sheet1:R18,,,
3de7d7630417a793-sheet1-R19,2026-05-21,busan-city,기획조정실 > 기획관 > 기획담당관,대박통 시청점,현안업무 추진 직원 격려 간담회,350000,3de7d7630417a7935c65519f404fc0dd8cdde4c132896394ea2b9d06b490f8ee,sheet1:R19,,,
3de7d7630417a793-sheet1-R20,2026-06-01,busan-city,기획조정실 > 기획관 > 기획담당관,-,경조사 격려금 지급,50000,3de7d7630417a7935c65519f404fc0dd8cdde4c132896394ea2b9d06b490f8ee,sheet1:R20,,,
3de7d7630417a793-sheet1-R21,2026-06-11,busan-city,기획조정실 > 기획관 > 기획담당관,통돼지볶음 전문점,지역 현안 논의를 위한 간담회 개최,46000,3de7d7630417a7935c65519f404fc0dd8cdde4c132896394ea2b9d06b490f8ee,sheet1:R21,,,
3de7d7630417a793-sheet1-R22,2026-06-19,busan-city,기획조정실 > 기획관 > 기획담당관,부자회관 부산시청점,시정 현안업무 추진 방향 논의를 위한 관계자 간담회 개최,296000,3de7d7630417a7935c65519f404fc0dd8cdde4c132896394ea2b9d06b490f8ee,sheet1:R22,,,
3de7d7630417a793-sheet1-R23,2026-06-23,busan-city,기획조정실 > 기획관 > 기획담당관,한울타리,현안업무 추진 직원 노고 격려 간담회,295000,3de7d7630417a7935c65519f404fc0dd8cdde4c132896394ea2b9d06b490f8ee,sheet1:R23,,,
3de7d7630417a793-sheet1-R24,2026-06-29,busan-city,기획조정실 > 기획관 > 기획담당관,-,경조사 격려금 지급,50000,3de7d7630417a7935c65519f404fc0dd8cdde4c132896394ea2b9d06b490f8ee,sheet1:R24,,,
3de7d7630417a793-sheet1-R25,2026-06-30,busan-city,기획조정실 > 기획관 > 기획담당관,주식회사 급행장,시정 현안업무 추진에 따른 소통 간담회 개최,344000,3de7d7630417a7935c65519f404fc0dd8cdde4c132896394ea2b9d06b490f8ee,sheet1:R25,,,
3de7d7630417a793-sheet1-R26,2026-06-30,busan-city,기획조정실 > 기획관 > 기획담당관,배스킨라빈스 부산시청점,업무 추진 직원 노고 격려 간식 구입,240000,3de7d7630417a7935c65519f404fc0dd8cdde4c132896394ea2b9d06b490f8ee,sheet1:R26,,,
3de7d7630417a793-sheet2-R5,2026-04-02,busan-city,기획조정실 > 기획관 > 기획담당관,낚시고기횟집,시정 현안 관련 행안부 관계자와의 간담회 개최,480000,3de7d7630417a7935c65519f404fc0dd8cdde4c132896394ea2b9d06b490f8ee,sheet2:R5,,,
3de7d7630417a793-sheet2-R6,2026-04-08,busan-city,기획조정실 > 기획관 > 기획담당관,정초밥,글로벌허브도시 특별법 관련 논의를 위한 관계자 간담회 개최,80000,3de7d7630417a7935c65519f404fc0dd8cdde4c132896394ea2b9d06b490f8ee,sheet2:R6,,,
3de7d7630417a793-sheet2-R7,2026-04-09,busan-city,기획조정실 > 기획관 > 기획담당관,한우가,시정 주요정책 추진방향 등 현안 논의를 위한 간담회 개최,355000,3de7d7630417a7935c65519f404fc0dd8cdde4c132896394ea2b9d06b490f8ee,sheet2:R7,,,
3de7d7630417a793-sheet2-R8,2026-04-14,busan-city,기획조정실 > 기획관 > 기획담당관,-,경조사 격려금 지급,50000,3de7d7630417a7935c65519f404fc0dd8cdde4c132896394ea2b9d06b490f8ee,sheet2:R8,,,
3de7d7630417a793-sheet2-R9,2026-04-15,busan-city,기획조정실 > 기획관 > 기획담당관,메이리연,시정 핵심 사업 현안 공유 및 추진 논의 간담회 개최,50000,3de7d7630417a7935c65519f404fc0dd8cdde4c132896394ea2b9d06b490f8ee,sheet2:R9,,,
3de7d7630417a793-sheet2-R10,2026-04-17,busan-city,기획조정실 > 기획관 > 기획담당관,월강,시정 주요 정책현안 공유 및 방향 논의를 위한 간담회 개최,185000,3de7d7630417a7935c65519f404fc0dd8cdde4c132896394ea2b9d06b490f8ee,sheet2:R10,,,
3de7d7630417a793-sheet2-R11,2026-04-27,busan-city,기획조정실 > 기획관 > 기획담당관,㈜보리에 더베이101,시정 현안 업무 협조 및 정책 방향 논의를 위한 간담회 개최,76000,3de7d7630417a7935c65519f404fc0dd8cdde4c132896394ea2b9d06b490f8ee,sheet2:R11,,,
3de7d7630417a793-sheet2-R12,2026-05-19,busan-city,기획조정실 > 기획관 > 기획담당관,센텀신가야밀면,시정 주요사업 동향 공유 및 논의를 위한 간담회 개최,24000,3de7d7630417a7935c65519f404fc0dd8cdde4c132896394ea2b9d06b490f8ee,sheet2:R12,,,
3de7d7630417a793-sheet2-R13,2026-05-27,busan-city,기획조정실 > 기획관 > 기획담당관,연정보쌈,현안업무 추진 직원 노고 격려 간담회,343000,3de7d7630417a7935c65519f404fc0dd8cdde4c132896394ea2b9d06b490f8ee,sheet2:R13,,,
3de7d7630417a793-sheet2-R14,2026-06-01,busan-city,기획조정실 > 기획관 > 기획담당관,솔밭횟집,시정 현안업무 추진을 위한 관계자 간담회 개최,52000,3de7d7630417a7935c65519f404fc0dd8cdde4c132896394ea2b9d06b490f8ee,sheet2:R14,,,
3de7d7630417a793-sheet2-R15,2026-06-01,busan-city,기획조정실 > 기획관 > 기획담당관,-,경조사 격려금 지급,50000,3de7d7630417a7935c65519f404fc0dd8cdde4c132896394ea2b9d06b490f8ee,sheet2:R15,,,
3de7d7630417a793-sheet2-R16,2026-06-08,busan-city,기획조정실 > 기획관 > 기획담당관,부자회관 부산시청점,주요정책 추진방안 논의를 위한 관계자 간담회 개최,82800,3de7d7630417a7935c65519f404fc0dd8cdde4c132896394ea2b9d06b490f8ee,sheet2:R16,,,
3de7d7630417a793-sheet2-R17,2026-06-12,busan-city,기획조정실 > 기획관 > 기획담당관,정초밥,시정현안 공유 및 의견 청취를 위한 간담회 개최,60000,3de7d7630417a7935c65519f404fc0dd8cdde4c132896394ea2b9d06b490f8ee,sheet2:R17,,,
3de7d7630417a793-sheet2-R18,2026-06-17,busan-city,기획조정실 > 기획관 > 기획담당관,어심횟집,시정협력체계 강화를 위한 현안 논의 간담회 개최,60000,3de7d7630417a7935c65519f404fc0dd8cdde4c132896394ea2b9d06b490f8ee,sheet2:R18,,,
3de7d7630417a793-sheet2-R19,2026-06-22,busan-city,기획조정실 > 기획관 > 기획담당관,"부원삼계탕, 카페 로프트",시정 현안업무 추진에 따른 업무 관계자 간담회 개최,109600,3de7d7630417a7935c65519f404fc0dd8cdde4c132896394ea2b9d06b490f8ee,sheet2:R19,,,
3de7d7630417a793-sheet2-R20,2026-06-24,busan-city,기획조정실 > 기획관 > 기획담당관,"우나기만, 장산다방 시청후문점",시정현안 업무 추진에 따른 소통 간담회 개최,110500,3de7d7630417a7935c65519f404fc0dd8cdde4c132896394ea2b9d06b490f8ee,sheet2:R20,,,
3de7d7630417a793-sheet2-R21,2026-06-25,busan-city,기획조정실 > 기획관 > 기획담당관,부자회관 부산시청점,시정 현안사업 공유 및 의견청취를 위한 관계자 간담회 개최,129600,3de7d7630417a7935c65519f404fc0dd8cdde4c132896394ea2b9d06b490f8ee,sheet2:R21,,,
3de7d7630417a793-sheet2-R22,2026-06-26,busan-city,기획조정실 > 기획관 > 기획담당관,진화라락,주요정책 추진방안 논의를 위한 관계자 간담회 및 차담회 개최,95000,3de7d7630417a7935c65519f404fc0dd8cdde4c132896394ea2b9d06b490f8ee,sheet2:R22,,,
3de7d7630417a793-sheet3-R5,2026-04-01,busan-city,기획조정실 > 기획관 > 기획담당관,히얼이즈커피 부산시청점,글로벌허브도시 특별법 관련 전문가 차담회 개최,100000,3de7d7630417a7935c65519f404fc0dd8cdde4c132896394ea2b9d06b490f8ee,sheet3:R5,,,
3de7d7630417a793-sheet3-R6,2026-04-02,busan-city,기획조정실 > 기획관 > 기획담당관,외식일번가,지역인재 공공기관 합동채용설명회 관련 간담회 개최,309000,3de7d7630417a7935c65519f404fc0dd8cdde4c132896394ea2b9d06b490f8ee,sheet3:R6,,,
3de7d7630417a793-sheet3-R7,2026-04-08,busan-city,기획조정실 > 기획관 > 기획담당관,보돌미역 세종청사점,공공기관 2차 이전 협의 관련 국토부 관계자 간담회 개최,48000,3de7d7630417a7935c65519f404fc0dd8cdde4c132896394ea2b9d06b490f8ee,sheet3:R7,,,
3de7d7630417a793-sheet3-R8,2026-04-08,busan-city,기획조정실 > 기획관 > 기획담당관,몰토 이탈리아노,시정 현안사업 공유를 위한 간담회 개최,78700,3de7d7630417a7935c65519f404fc0dd8cdde4c132896394ea2b9d06b490f8ee,sheet3:R8,,,
3de7d7630417a793-sheet3-R9,2026-04-14,busan-city,기획조정실 > 기획관 > 기획담당관,"우나기만, 지엔지 시청점",광역행정 주요 현안 논의 간담회 개최,200000,3de7d7630417a7935c65519f404fc0dd8cdde4c132896394ea2b9d06b490f8ee,sheet3:R9,,,
3de7d7630417a793-sheet3-R10,2026-04-30,busan-city,기획조정실 > 기획관 > 기획담당관,㈜사미헌,시정 정책 현안 공유 및 소통 협력을 위한 간담회 개최,180000,3de7d7630417a7935c65519f404fc0dd8cdde4c132896394ea2b9d06b490f8ee,sheet3:R10,,,
3de7d7630417a793-sheet3-R11,2026-05-12,busan-city,기획조정실 > 기획관 > 기획담당관,동래정 부산시청점,주요 시정 논의 및 여론 동향 공유를 위한 간담회 개최,100000,3de7d7630417a7935c65519f404fc0dd8cdde4c132896394ea2b9d06b490f8ee,sheet3:R11,,,
3de7d7630417a793-sheet3-R12,2026-05-18,busan-city,기획조정실 > 기획관 > 기획담당관,주식회사 급행장,시정 현안업무 협조 및 논의를 위한 간담회 개최,200000,3de7d7630417a7935c65519f404fc0dd8cdde4c132896394ea2b9d06b490f8ee,sheet3:R12,,,
3de7d7630417a793-sheet3-R13,2026-05-22,busan-city,기획조정실 > 기획관 > 기획담당관,우나기만,현안업무 추진 간담회 개최,168000,3de7d7630417a7935c65519f404fc0dd8cdde4c132896394ea2b9d06b490f8ee,sheet3:R13,,,
3de7d7630417a793-sheet3-R14,2026-05-26,busan-city,기획조정실 > 기획관 > 기획담당관,식당3선 연제점,시정 현안 공유 및 의견청취를 위한 관계자 간담회 및 차담회 개최,269000,3de7d7630417a7935c65519f404fc0dd8cdde4c132896394ea2b9d06b490f8ee,sheet3:R14,,,
3de7d7630417a793-sheet3-R15,2026-05-28,busan-city,기획조정실 > 기획관 > 기획담당관,마파람 해물찜 해물탕 시청직영점,시정 협력체계 강화를 위한 현안 논의 간담회 개최,142500,3de7d7630417a7935c65519f404fc0dd8cdde4c132896394ea2b9d06b490f8ee,sheet3:R15,,,
3de7d7630417a793-sheet3-R16,2026-06-02,busan-city,기획조정실 > 기획관 > 기획담당관,스페샬돼지,글로벌허브도시 특별법 관련 관계자 간담회 개최,180000,3de7d7630417a7935c65519f404fc0dd8cdde4c132896394ea2b9d06b490f8ee,sheet3:R16,,,
3de7d7630417a793-sheet3-R17,2026-06-02,busan-city,기획조정실 > 기획관 > 기획담당관,전포히카루,부산혁신도시 현안 논의 간담회 개최,256000,3de7d7630417a7935c65519f404fc0dd8cdde4c132896394ea2b9d06b490f8ee,sheet3:R17,,,
3de7d7630417a793-sheet3-R18,2026-06-11,busan-city,기획조정실 > 기획관 > 기획담당관,부뚜막,시정 주요 현안 논의를 위한 간담회 개최,52000,3de7d7630417a7935c65519f404fc0dd8cdde4c132896394ea2b9d06b490f8ee,sheet3:R18,,,
3de7d7630417a793-sheet3-R19,2026-06-26,busan-city,기획조정실 > 기획관 > 기획담당관,산들담은,남부권 경제공동체 조성 용역 최종보고회 개최에 따른 간담회 건의,46000,3de7d7630417a7935c65519f404fc0dd8cdde4c132896394ea2b9d06b490f8ee,sheet3:R19,,,
3de7d7630417a793-sheet3-R20,2026-06-29,busan-city,기획조정실 > 기획관 > 기획담당관,도쿄그집,시정 운영 방향 협의를 위한 간담회 개최,175000,3de7d7630417a7935c65519f404fc0dd8cdde4c132896394ea2b9d06b490f8ee,sheet3:R20,,,
d5b4f12c02c12add-sheet1-R5,2026-04-02,busan-city,교통혁신국 > 교통혁신과,기장곰장어,비접촉식 결제시스템 시범 도입 업무협의 관련 간담회 개최,209000,d5b4f12c02c12add0459ea1a6e4c60aa026db057e4236f5efd2448656ee2ceae,sheet1:R5,,,
d5b4f12c02c12add-sheet1-R6,2026-04-14,busan-city,교통혁신국 > 교통혁신과,우나기만,교통혁신국 직원 격려 간담회 개최,210000,d5b4f12c02c12add0459ea1a6e4c60aa026db057e4236f5efd2448656ee2ceae,sheet1:R6,,,
d5b4f12c02c12add-sheet1-R7,2026-04-21,busan-city,교통혁신국 > 교통혁신과,-,교통혁신국 소속 직원 부의금 지급,50000,d5b4f12c02c12add0459ea1a6e4c60aa026db057e4236f5efd2448656ee2ceae,sheet1:R7,,,
d5b4f12c02c12add-sheet1-R8,2026-04-22,busan-city,교통혁신국 > 교통혁신과,솔솥 외1,교통영향평가 간담회 개최,98600,d5b4f12c02c12add0459ea1a6e4c60aa026db057e4236f5efd2448656ee2ceae,sheet1:R8,,,
d5b4f12c02c12add-sheet1-R9,2026-04-23,busan-city,교통혁신국 > 교통혁신과,소금,대중교통 이용 홍보 등 업무협의를 위한 간담회 개최,203000,d5b4f12c02c12add0459ea1a6e4c60aa026db057e4236f5efd2448656ee2ceae,sheet1:R9,,,
d5b4f12c02c12add-sheet1-R10,2026-04-27,busan-city,교통혁신국 > 교통혁신과,-,교통혁신국 소속 직원 부의금 지급,50000,d5b4f12c02c12add0459ea1a6e4c60aa026db057e4236f5efd2448656ee2ceae,sheet1:R10,,,
d5b4f12c02c12add-sheet1-R11,2026-04-27,busan-city,교통혁신국 > 교통혁신과,배스킨라빈스,교통혁신국 직원 격려 간식 구입,480000,d5b4f12c02c12add0459ea1a6e4c60aa026db057e4236f5efd2448656ee2ceae,sheet1:R11,,,
d5b4f12c02c12add-sheet1-R12,2026-04-29,busan-city,교통혁신국 > 교통혁신과,-,교통혁신국 소속 직원 축의금 지급,50000,d5b4f12c02c12add0459ea1a6e4c60aa026db057e4236f5efd2448656ee2ceae,sheet1:R12,,,
d5b4f12c02c12add-sheet1-R13,2026-04-30,busan-city,교통혁신국 > 교통혁신과,주도락,교통안전 기본계획 등 수립 용역 관련 간담회 개최,206000,d5b4f12c02c12add0459ea1a6e4c60aa026db057e4236f5efd2448656ee2ceae,sheet1:R13,,,
d5b4f12c02c12add-sheet1-R14,2026-05-06,busan-city,교통혁신국 > 교통혁신과,서울깍두기,자율주행서비스 운영 관련 업무협의를 위한 간담회 개최,140000,d5b4f12c02c12add0459ea1a6e4c60aa026db057e4236f5efd2448656ee2ceae,sheet1:R14,,,
d5b4f12c02c12add-sheet1-R15,2026-05-06,busan-city,교통혁신국 > 교통혁신과,미남스시,교통혁신과 직원 격려 간담회 개최,79500,d5b4f12c02c12add0459ea1a6e4c60aa026db057e4236f5efd2448656ee2ceae,sheet1:R15,,,
d5b4f12c02c12add-sheet1-R16,2026-05-07,busan-city,교통혁신국 > 교통혁신과,주도락,교통혁신국 직원 격려 간담회 개최,113000,d5b4f12c02c12add0459ea1a6e4c60aa026db057e4236f5efd2448656ee2ceae,sheet1:R16,,,
d5b4f12c02c12add-sheet1-R17,2026-05-14,busan-city,교통혁신국 > 교통혁신과,장수흑염소,대중교통 주요시책 등 업무협의를 위한 관계자 간담회 개최,265000,d5b4f12c02c12add0459ea1a6e4c60aa026db057e4236f5efd2448656ee2ceae,sheet1:R17,,,
d5b4f12c02c12add-sheet1-R18,2026-05-14,busan-city,교통혁신국 > 교통혁신과,우나기만,교통혁신국 직원 격려 간담회 개최,105000,d5b4f12c02c12add0459ea1a6e4c60aa026db057e4236f5efd2448656ee2ceae,sheet1:R18,,,
d5b4f12c02c12add-sheet1-R19,2026-05-19,busan-city,교통혁신국 > 교통혁신과,양산도,교통혁신국 직원 격려 간담회,64000,d5b4f12c02c12add0459ea1a6e4c60aa026db057e4236f5efd2448656ee2ceae,sheet1:R19,,,
d5b4f12c02c12add-sheet1-R20,2026-05-19,busan-city,교통혁신국 > 교통혁신과,메이리연,교통혁신과 직원 격려 간담회 개최,100000,d5b4f12c02c12add0459ea1a6e4c60aa026db057e4236f5efd2448656ee2ceae,sheet1:R20,,,
d5b4f12c02c12add-sheet1-R21,2026-05-20,busan-city,교통혁신국 > 교통혁신과,부산댁,광역교통 업무추진을 위한 간담회 개최,276000,d5b4f12c02c12add0459ea1a6e4c60aa026db057e4236f5efd2448656ee2ceae,sheet1:R21,,,
d5b4f12c02c12add-sheet1-R22,2026-05-21,busan-city,교통혁신국 > 교통혁신과,일통이반,관광도시 대중교통 특화정책 벤치마킹 관련 간담회 개최,317000,d5b4f12c02c12add0459ea1a6e4c60aa026db057e4236f5efd2448656ee2ceae,sheet1:R22,,,
d5b4f12c02c12add-sheet1-R23,2026-05-21,busan-city,교통혁신국 > 교통혁신과,만성횟집 외1,교통혁신 업무 추진을 위한 간담회 개최,96000,d5b4f12c02c12add0459ea1a6e4c60aa026db057e4236f5efd2448656ee2ceae,sheet1:R23,,,
d5b4f12c02c12add-sheet1-R24,2026-05-27,busan-city,교통혁신국 > 교통혁신과,바다산장어구이,부전역복합환승센터 구축 사업 추진을 위한 유관기관 간담회 개최,236000,d5b4f12c02c12add0459ea1a6e4c60aa026db057e4236f5efd2448656ee2ceae,sheet1:R24,,,
d5b4f12c02c12add-sheet1-R25,2026-05-28,busan-city,교통혁신국 > 교통혁신과,메이리,2026년 제1회 교통위원회 간담회 개최,480000,d5b4f12c02c12add0459ea1a6e4c60aa026db057e4236f5efd2448656ee2ceae,sheet1:R25,,,
d5b4f12c02c12add-sheet1-R26,2026-05-28,busan-city,교통혁신국 > 교통혁신과,가온비,2026년 제1회 교통위원회 개최에 따른 다과 등 구입,90000,d5b4f12c02c12add0459ea1a6e4c60aa026db057e4236f5efd2448656ee2ceae,sheet1:R26,,,
d5b4f12c02c12add-sheet1-R27,2026-05-29,busan-city,교통혁신국 > 교통혁신과,히얼이즈커피,교통영향평가 심의위원회의 효율적인 운영을 위한 간담회 개최,60000,d5b4f12c02c12add0459ea1a6e4c60aa026db057e4236f5efd2448656ee2ceae,sheet1:R27,,,
d5b4f12c02c12add-sheet1-R28,2026-05-29,busan-city,교통혁신국 > 교통혁신과,히얼이즈커피,교통유발부담금 업무추진을 위한 간담회 개최,140000,d5b4f12c02c12add0459ea1a6e4c60aa026db057e4236f5efd2448656ee2ceae,sheet1:R28,,,
d5b4f12c02c12add-sheet1-R29,2026-06-04,busan-city,교통혁신국 > 교통혁신과,진성장어구이횟집,대중교통 주요시책 등 업무협의를 위한 관계자 간담회 개최,193000,d5b4f12c02c12add0459ea1a6e4c60aa026db057e4236f5efd2448656ee2ceae,sheet1:R29,,,
d5b4f12c02c12add-sheet1-R30,2026-06-04,busan-city,교통혁신국 > 교통혁신과,초록섬미역,교통혁신국 직원 격려 간담회,90000,d5b4f12c02c12add0459ea1a6e4c60aa026db057e4236f5efd2448656ee2ceae,sheet1:R30,,,
d5b4f12c02c12add-sheet1-R31,2026-06-05,busan-city,교통혁신국 > 교통혁신과,조리사의집,어린이 교통안전 관련 업무협의를 위한 간담회 개최,150000,d5b4f12c02c12add0459ea1a6e4c60aa026db057e4236f5efd2448656ee2ceae,sheet1:R31,,,
d5b4f12c02c12add-sheet1-R32,2026-06-09,busan-city,교통혁신국 > 교통혁신과,홍어와 북면막걸리,교통혁신국 직원 격려 간담회,135000,d5b4f12c02c12add0459ea1a6e4c60aa026db057e4236f5efd2448656ee2ceae,sheet1:R32,,,
d5b4f12c02c12add-sheet1-R33,2026-06-10,busan-city,교통혁신국 > 교통혁신과,메이리,부산형 교통수단 통합브랜드 디자인 개발 용역 관련 간담회 개최,400000,d5b4f12c02c12add0459ea1a6e4c60aa026db057e4236f5efd2448656ee2ceae,sheet1:R33,,,
d5b4f12c02c12add-sheet1-R34,2026-06-11,busan-city,교통혁신국 > 교통혁신과,돌낙집,교통혁신국 직원 격려 간담회 개최,32000,d5b4f12c02c12add0459ea1a6e4c60aa026db057e4236f5efd2448656ee2ceae,sheet1:R34,,,
d5b4f12c02c12add-sheet1-R35,2026-06-11,busan-city,교통혁신국 > 교통혁신과,취원,교통혁신국 직원 격려 간담회 개최,326500,d5b4f12c02c12add0459ea1a6e4c60aa026db057e4236f5efd2448656ee2ceae,sheet1:R35,,,
d5b4f12c02c12add-sheet1-R36,2026-06-17,busan-city,교통혁신국 > 교통혁신과,돌낙집,교통혁신과 직원 격려 간담회 개최,64000,d5b4f12c02c12add0459ea1a6e4c60aa026db057e4236f5efd2448656ee2ceae,sheet1:R36,,,
d5b4f12c02c12add-sheet1-R37,2026-06-18,busan-city,교통혁신국 > 교통혁신과,고향통닭,대중교통 주요 현안 논의를 위한 간담회 개최,377000,d5b4f12c02c12add0459ea1a6e4c60aa026db057e4236f5efd2448656ee2ceae,sheet1:R37,,,
d5b4f12c02c12add-sheet1-R38,2026-06-18,busan-city,교통혁신국 > 교통혁신과,-,교통혁신국 소속 직원 축의금 지급,50000,d5b4f12c02c12add0459ea1a6e4c60aa026db057e4236f5efd2448656ee2ceae,sheet1:R38,,,
d5b4f12c02c12add-sheet1-R39,2026-06-22,busan-city,교통혁신국 > 교통혁신과,우나기만,교통혁신국 직원 격려 간담회 개최,301000,d5b4f12c02c12add0459ea1a6e4c60aa026db057e4236f5efd2448656ee2ceae,sheet1:R39,,,
d5b4f12c02c12add-sheet1-R40,2026-06-25,busan-city,교통혁신국 > 교통혁신과,모리 호수공원점,광역교통 업무추진을 위한 간담회 개최,114000,d5b4f12c02c12add0459ea1a6e4c60aa026db057e4236f5efd2448656ee2ceae,sheet1:R40,,,
f803b4e4dd1db62d-sheet1-R3,2026-04-01,busan-city,행정자치국 > 총무과,스타벅스 코리아,시 주요 행사 관련 의전 관계자 차담회,37600,f803b4e4dd1db62dd9eac059897fdd1dfa7f4ed8e22f55adc68b3accd620d492,sheet1:R3,,,
f803b4e4dd1db62d-sheet1-R4,2026-04-02,busan-city,행정자치국 > 총무과,에스서울깍두기전포점,"산복도로, 백년의 교통주거혁명 정책브리핑 관계자 간담회",48000,f803b4e4dd1db62dd9eac059897fdd1dfa7f4ed8e22f55adc68b3accd620d492,sheet1:R4,,,
f803b4e4dd1db62d-sheet1-R5,2026-04-02,busan-city,행정자치국 > 총무과,청산1954,직원식당 조리종사자 간담회 개최,460000,f803b4e4dd1db62dd9eac059897fdd1dfa7f4ed8e22f55adc68b3accd620d492,sheet1:R5,,,
f803b4e4dd1db62d-sheet1-R7,2026-04-02,busan-city,행정자치국 > 총무과,부자회관 부산시청점,시정 주요현안 추진부서 격려,480000,f803b4e4dd1db62dd9eac059897fdd1dfa7f4ed8e22f55adc68b3accd620d492,sheet1:R7,,,
f803b4e4dd1db62d-sheet1-R8,2026-04-02,busan-city,행정자치국 > 총무과,나탄약선요리,유네스코 세계유산위원회 등 국제행사 의전 관계자 간담회,180000,f803b4e4dd1db62dd9eac059897fdd1dfa7f4ed8e22f55adc68b3accd620d492,sheet1:R8,,,
f803b4e4dd1db62d-sheet1-R9,2026-04-03,busan-city,행정자치국 > 총무과,명지첫집외 1,기업애로 및 건의 사항 청취 관련 행사 관계자 간담회,87000,f803b4e4dd1db62dd9eac059897fdd1dfa7f4ed8e22f55adc68b3accd620d492,sheet1:R9,,,
f803b4e4dd1db62d-sheet1-R10,2026-04-03,busan-city,행정자치국 > 총무과,히스피(HUSFFEE)장림점,시 주요 행사 관련 의전 관계자 차담회,16000,f803b4e4dd1db62dd9eac059897fdd1dfa7f4ed8e22f55adc68b3accd620d492,sheet1:R10,,,
f803b4e4dd1db62d-sheet1-R11,2026-04-07,busan-city,행정자치국 > 총무과,씨드(SEA.D),시정홍보 방문기념품 구입(기장미역),1350000,f803b4e4dd1db62dd9eac059897fdd1dfa7f4ed8e22f55adc68b3accd620d492,sheet1:R11,,,
f803b4e4dd1db62d-sheet1-R12,2026-04-07,busan-city,행정자치국 > 총무과,(주)부산롯데호텔,시 주요 행사 의전 관계자 업무 간담회,89000,f803b4e4dd1db62dd9eac059897fdd1dfa7f4ed8e22f55adc68b3accd620d492,sheet1:R12,,,
f803b4e4dd1db62d-sheet1-R13,2026-04-07,busan-city,행정자치국 > 총무과,시청갓포,보훈행사 추진 관련 현안 간담회 개최,450000,f803b4e4dd1db62dd9eac059897fdd1dfa7f4ed8e22f55adc68b3accd620d492,sheet1:R13,,,
f803b4e4dd1db62d-sheet1-R14,2026-04-08,busan-city,행정자치국 > 총무과,(주)부산롯데호텔,글로벌 부산디자인페어 행사 의전 관계자 업무 간담회,57000,f803b4e4dd1db62dd9eac059897fdd1dfa7f4ed8e22f55adc68b3accd620d492,sheet1:R14,,,
f803b4e4dd1db62d-sheet1-R15,2026-04-09,busan-city,행정자치국 > 총무과,(주)부산롯데호텔,시 주요 행사 의전 관계자 업무 차담회,95000,f803b4e4dd1db62dd9eac059897fdd1dfa7f4ed8e22f55adc68b3accd620d492,sheet1:R15,,,
f803b4e4dd1db62d-sheet1-R16,2026-04-09,busan-city,행정자치국 > 총무과,오발탄,시민 불편사항 해소를 위한 간담회 개최,480000,f803b4e4dd1db62dd9eac059897fdd1dfa7f4ed8e22f55adc68b3accd620d492,sheet1:R16,,,
f803b4e4dd1db62d-sheet1-R17,2026-04-10,busan-city,행정자치국 > 총무과,주식회사 슬래시비슬래시,시정홍보 방문기념품 구입(디퓨저세트),1495000,f803b4e4dd1db62dd9eac059897fdd1dfa7f4ed8e22f55adc68b3accd620d492,sheet1:R17,,,
f803b4e4dd1db62d-sheet1-R18,2026-04-10,busan-city,행정자치국 > 총무과,주식회사 바로테이스티외 1,대한민국임시정부 수립 기념행사 관계자 간담회,132000,f803b4e4dd1db62dd9eac059897fdd1dfa7f4ed8e22f55adc68b3accd620d492,sheet1:R18,,,
f803b4e4dd1db62d-sheet1-R19,2026-04-10,busan-city,행정자치국 > 총무과,앤티앤스 김해공항국내선점외 2,유네스코 세계유산위원회 등 국제행사 의전 관계자 간담회,266800,f803b4e4dd1db62dd9eac059897fdd1dfa7f4ed8e22f55adc68b3accd620d492,sheet1:R19,,,
f803b4e4dd1db62d-sheet1-R20,2026-04-10,busan-city,행정자치국 > 총무과,주식회사 바이비,시정홍보 방문기념품 구입(청년꿀세트),2500000,f803b4e4dd1db62dd9eac059897fdd1dfa7f4ed8e22f55adc68b3accd620d492,sheet1:R20,,,
f803b4e4dd1db62d-sheet1-R21,2026-04-10,busan-city,행정자치국 > 총무과,언양불고기,건강도시 부산 추진 관련 논의 간담회 개최,480000,f803b4e4dd1db62dd9eac059897fdd1dfa7f4ed8e22f55adc68b3accd620d492,sheet1:R21,,,
f803b4e4dd1db62d-sheet1-R22,2026-04-13,busan-city,행정자치국 > 총무과,구옥반가 대구탕,상반기 주요 행사 관련 유관기관 관계자 간담회,119000,f803b4e4dd1db62dd9eac059897fdd1dfa7f4ed8e22f55adc68b3accd620d492,sheet1:R22,,,
f803b4e4dd1db62d-sheet1-R23,2026-04-14,busan-city,행정자치국 > 총무과,(주)부산롯데호텔,시 주요 행사 의전 관계자 차담회,147000,f803b4e4dd1db62dd9eac059897fdd1dfa7f4ed8e22f55adc68b3accd620d492,sheet1:R23,,,
f803b4e4dd1db62d-sheet1-R24,2026-04-14,busan-city,행정자치국 > 총무과,주식회사이레옥,차세대기업인클럽 창립 기념행사 관계자 간담회,38000,f803b4e4dd1db62dd9eac059897fdd1dfa7f4ed8e22f55adc68b3accd620d492,sheet1:R24,,,
f803b4e4dd1db62d-sheet1-R25,2026-04-15,busan-city,행정자치국 > 총무과,주식회사 슬래시비슬래시,시정홍보 방문기념품 구입(올인원바세트),1000000,f803b4e4dd1db62dd9eac059897fdd1dfa7f4ed8e22f55adc68b3accd620d492,sheet1:R25,,,
f803b4e4dd1db62d-sheet1-R26,2026-04-16,busan-city,행정자치국 > 총무과,동진가,글로벌 웹툰 메카 도약을 위한 간담회 개최,480000,f803b4e4dd1db62dd9eac059897fdd1dfa7f4ed8e22f55adc68b3accd620d492,sheet1:R26,,,
f803b4e4dd1db62d-sheet1-R27,2026-04-19,busan-city,행정자치국 > 총무과,스타벅스 코리아,시 주요 행사 관련 의전 관계자 차담회 개최,37600,f803b4e4dd1db62dd9eac059897fdd1dfa7f4ed8e22f55adc68b3accd620d492,sheet1:R27,,,
f803b4e4dd1db62d-sheet1-R28,2026-04-19,busan-city,행정자치국 > 총무과,스타벅스 코리아외 1,4.19혁명 기념일 계기 보훈현안 간담회 개최,934200,f803b4e4dd1db62dd9eac059897fdd1dfa7f4ed8e22f55adc68b3accd620d492,sheet1:R28,,,
f803b4e4dd1db62d-sheet1-R29,2026-04-21,busan-city,행정자치국 > 총무과,윤태금 복국외 1,제55회 전국소년체육대회 의전 관계자 간담회,347200,f803b4e4dd1db62dd9eac059897fdd1dfa7f4ed8e22f55adc68b3accd620d492,sheet1:R29,,,
f803b4e4dd1db62d-sheet1-R30,2026-04-21,busan-city,행정자치국 > 총무과,송월타올㈜,시정홍보 방문기념품 구입(위클리핸드타올),4070000,f803b4e4dd1db62dd9eac059897fdd1dfa7f4ed8e22f55adc68b3accd620d492,sheet1:R30,,,
f803b4e4dd1db62d-sheet1-R31,2026-04-21,busan-city,행정자치국 > 총무과,낚시고기횟집,2분기 시 주요 행사 관련 의전 관계자 간담회,400000,f803b4e4dd1db62dd9eac059897fdd1dfa7f4ed8e22f55adc68b3accd620d492,sheet1:R31,,,
f803b4e4dd1db62d-sheet1-R32,2026-04-22,busan-city,행정자치국 > 총무과,하나돈까스,시의회와의 협력 강화를 위한 간담회 개최,127000,f803b4e4dd1db62dd9eac059897fdd1dfa7f4ed8e22f55adc68b3accd620d492,sheet1:R32,,,
f803b4e4dd1db62d-sheet1-R33,2026-04-22,busan-city,행정자치국 > 총무과,니쿠야외 2,부산국제원자력산업전 개막행사 관계자 간담회,67000,f803b4e4dd1db62dd9eac059897fdd1dfa7f4ed8e22f55adc68b3accd620d492,sheet1:R33,,,
f803b4e4dd1db62d-sheet1-R34,2026-04-22,busan-city,행정자치국 > 총무과,우나기 만,중앙부처와의 협조 강화를 위한 간담회 개최,350000,f803b4e4dd1db62dd9eac059897fdd1dfa7f4ed8e22f55adc68b3accd620d492,sheet1:R34,,,
f803b4e4dd1db62d-sheet1-R35,2026-04-22,busan-city,행정자치국 > 총무과,수변최고 센텀점외 1,2026 루프 랩 부산 개막식 관계자 간담회,105700,f803b4e4dd1db62dd9eac059897fdd1dfa7f4ed8e22f55adc68b3accd620d492,sheet1:R35,,,
f803b4e4dd1db62d-sheet1-R36,2026-04-22,busan-city,행정자치국 > 총무과,오막집,의료돌봄 중심 거점 조성을 위한 논의 간담회,442000,f803b4e4dd1db62dd9eac059897fdd1dfa7f4ed8e22f55adc68b3accd620d492,sheet1:R36,,,
f803b4e4dd1db62d-sheet1-R37,2026-04-23,busan-city,행정자치국 > 총무과,"연제지역자활센터, 카페가온비",중앙부처와의 협조 강화를 위한 차담회 개최,100000,f803b4e4dd1db62dd9eac059897fdd1dfa7f4ed8e22f55adc68b3accd620d492,sheet1:R37,,,
f803b4e4dd1db62d-sheet1-R38,2026-04-24,busan-city,행정자치국 > 총무과,주식회사 더젬코리아,제30회 기장 멸치 축제 행사 관계자 간담회,53000,f803b4e4dd1db62dd9eac059897fdd1dfa7f4ed8e22f55adc68b3accd620d492,sheet1:R38,,,
f803b4e4dd1db62d-sheet1-R39,2026-04-24,busan-city,행정자치국 > 총무과,부자회관,미래항공 클러스터 조성 관련 논의 간담회 개최,480000,f803b4e4dd1db62dd9eac059897fdd1dfa7f4ed8e22f55adc68b3accd620d492,sheet1:R39,,,
f803b4e4dd1db62d-sheet1-R40,2026-04-25,busan-city,행정자치국 > 총무과,카페드롭탑국제여객터미널,2026년 조선통신사 축제 행사 관계자 간담회,76700,f803b4e4dd1db62dd9eac059897fdd1dfa7f4ed8e22f55adc68b3accd620d492,sheet1:R40,,,
f803b4e4dd1db62d-sheet1-R41,2026-04-28,busan-city,행정자치국 > 총무과,세실맛집 곤드레밥외 1,도모헌 전시대관 추진방향 논의를 위한 간담회 개최,135200,f803b4e4dd1db62dd9eac059897fdd1dfa7f4ed8e22f55adc68b3accd620d492,sheet1:R41,,,
f803b4e4dd1db62d-sheet1-R42,2026-04-28,busan-city,행정자치국 > 총무과,돈풍각,전국소년체전 행사 준비 관련 관계자 간담회,220000,f803b4e4dd1db62dd9eac059897fdd1dfa7f4ed8e22f55adc68b3accd620d492,sheet1:R42,,,
f803b4e4dd1db62d-sheet1-R43,2026-04-30,busan-city,행정자치국 > 총무과,히얼이즈커피 부산시청점,청사방호 근무자 및 유관기관 관계자 격려물품 전달,180000,f803b4e4dd1db62dd9eac059897fdd1dfa7f4ed8e22f55adc68b3accd620d492,sheet1:R43,,,
f803b4e4dd1db62d-sheet1-R44,2026-04-30,busan-city,행정자치국 > 총무과,주식회사 슬래시비슬래시,시정홍보 방문기념품 구입(보자기액자),2277500,f803b4e4dd1db62dd9eac059897fdd1dfa7f4ed8e22f55adc68b3accd620d492,sheet1:R44,,,
f803b4e4dd1db62d-sheet1-R45,2026-04-30,busan-city,행정자치국 > 총무과,은화횟집,청사방호 유관기관 관계자 간담회 개최,279000,f803b4e4dd1db62dd9eac059897fdd1dfa7f4ed8e22f55adc68b3accd620d492,sheet1:R45,,,
f803b4e4dd1db62d-sheet1-R46,2026-05-06,busan-city,행정자치국 > 총무과,언양불고기,아동친화도시 추진 관련 논의 간담회 개최,480000,f803b4e4dd1db62dd9eac059897fdd1dfa7f4ed8e22f55adc68b3accd620d492,sheet1:R46,,,
f803b4e4dd1db62d-sheet1-R47,2026-05-11,busan-city,행정자치국 > 총무과,미락외 1,전국장애학생체전 개회식 의전 관계자 간담회,222500,f803b4e4dd1db62dd9eac059897fdd1dfa7f4ed8e22f55adc68b3accd620d492,sheet1:R47,,,
f803b4e4dd1db62d-sheet1-R48,2026-05-13,busan-city,행정자치국 > 총무과,프랭크버거(시청점),청사미화 등 현장업무 노고 격려 간식 구입,852000,f803b4e4dd1db62dd9eac059897fdd1dfa7f4ed8e22f55adc68b3accd620d492,sheet1:R48,,,
f803b4e4dd1db62d-sheet1-R49,2026-05-15,busan-city,행정자치국 > 총무과,부자회관,부산형 육아정책 브랜드 추진부서 격려 간담회,480000,f803b4e4dd1db62dd9eac059897fdd1dfa7f4ed8e22f55adc68b3accd620d492,sheet1:R49,,,
f803b4e4dd1db62d-sheet1-R50,2026-05-26,busan-city,행정자치국 > 총무과,동진가셀프식당,세계유산위원회 준비 관련 의전 관계자 간담회,480000,f803b4e4dd1db62dd9eac059897fdd1dfa7f4ed8e22f55adc68b3accd620d492,sheet1:R50,,,
f803b4e4dd1db62d-sheet1-R51,2026-05-27,busan-city,행정자치국 > 총무과,벡스커피(VEXCOFFEE),세계유산위원회 준비상황 보고회 행사 관계자 차담회,81000,f803b4e4dd1db62dd9eac059897fdd1dfa7f4ed8e22f55adc68b3accd620d492,sheet1:R51,,,
f803b4e4dd1db62d-sheet1-R52,2026-05-27,busan-city,행정자치국 > 총무과,무궁화식당외 1,도모헌 기획 특별전시 추진방향 논의를 위한 간담회 개최,87160,f803b4e4dd1db62dd9eac059897fdd1dfa7f4ed8e22f55adc68b3accd620d492,sheet1:R52,,,
f803b4e4dd1db62d-sheet1-R53,2026-06-06,busan-city,행정자치국 > 총무과,호포갈비,제71회 현충일 추념식 의전 관계자 간담회,368450,f803b4e4dd1db62dd9eac059897fdd1dfa7f4ed8e22f55adc68b3accd620d492,sheet1:R53,,,
f803b4e4dd1db62d-sheet1-R54,2026-06-06,busan-city,행정자치국 > 총무과,본참치,제71회 현충일 관련 보훈현안 간담회 개최,720000,f803b4e4dd1db62dd9eac059897fdd1dfa7f4ed8e22f55adc68b3accd620d492,sheet1:R54,,,
f803b4e4dd1db62d-sheet1-R55,2026-06-09,busan-city,행정자치국 > 총무과,부산보훈병원,`호국 보훈의 달'맞이 국가유공자 위문,1000000,f803b4e4dd1db62dd9eac059897fdd1dfa7f4ed8e22f55adc68b3accd620d492,sheet1:R55,,,
f803b4e4dd1db62d-sheet1-R56,2026-06-10,busan-city,행정자치국 > 총무과,주식회사 디자인부산,명예시민 기념품 구입,280000,f803b4e4dd1db62dd9eac059897fdd1dfa7f4ed8e22f55adc68b3accd620d492,sheet1:R56,,,
f803b4e4dd1db62d-sheet1-R57,2026-06-11,busan-city,행정자치국 > 총무과,홀마트(주),시청사 및 상수도사업본부 청사방호 근무자 격려물품 전달,149950,f803b4e4dd1db62dd9eac059897fdd1dfa7f4ed8e22f55adc68b3accd620d492,sheet1:R57,,,
f803b4e4dd1db62d-sheet1-R58,2026-06-11,busan-city,행정자치국 > 총무과,헤이키커피 부산시청본점외 1,청사 시설관리 직원 노고 격려 간담회 개최,197100,f803b4e4dd1db62dd9eac059897fdd1dfa7f4ed8e22f55adc68b3accd620d492,sheet1:R58,,,
f803b4e4dd1db62d-sheet1-R59,2026-06-11,busan-city,행정자치국 > 총무과,북경,하반기 주요 행사 준비 관계자와의 간담회,400000,f803b4e4dd1db62dd9eac059897fdd1dfa7f4ed8e22f55adc68b3accd620d492,sheet1:R59,,,
f803b4e4dd1db62d-sheet1-R60,2026-06-15,busan-city,행정자치국 > 총무과,11번가,퇴임 기념품 구입,546000,f803b4e4dd1db62dd9eac059897fdd1dfa7f4ed8e22f55adc68b3accd620d492,sheet1:R60,,,
f803b4e4dd1db62d-sheet1-R61,2026-06-15,busan-city,행정자치국 > 총무과,제주옥탑,호국보훈의 달 행사 관계자 간담회,183000,f803b4e4dd1db62dd9eac059897fdd1dfa7f4ed8e22f55adc68b3accd620d492,sheet1:R61,,,
f803b4e4dd1db62d-sheet1-R62,2026-06-16,busan-city,행정자치국 > 총무과,청송양곱창,스마트도시 특화단지 조성사업 추진 관련 간담회,475000,f803b4e4dd1db62dd9eac059897fdd1dfa7f4ed8e22f55adc68b3accd620d492,sheet1:R62,,,
f803b4e4dd1db62d-sheet1-R63,2026-06-18,busan-city,행정자치국 > 총무과,전포식당,글로벌 신흥 창업도시 도약을 위한 간담회 개최,419000,f803b4e4dd1db62dd9eac059897fdd1dfa7f4ed8e22f55adc68b3accd620d492,sheet1:R63,,,
f803b4e4dd1db62d-sheet1-R64,2026-06-22,busan-city,행정자치국 > 총무과,미락,주요행사 개최 관련 논의 간담회 개최,363000,f803b4e4dd1db62dd9eac059897fdd1dfa7f4ed8e22f55adc68b3accd620d492,sheet1:R64,,,
f803b4e4dd1db62d-sheet1-R65,2026-06-22,busan-city,행정자치국 > 총무과,이박사 생종이오겹,2026년 세계유산위원회 준비사항 점검 간담회,385000,f803b4e4dd1db62dd9eac059897fdd1dfa7f4ed8e22f55adc68b3accd620d492,sheet1:R65,,,
f803b4e4dd1db62d-sheet1-R66,2026-06-23,busan-city,행정자치국 > 총무과,부원삼계탕,청사 시설관리 직원 노고 격려 간담회 개최,128000,f803b4e4dd1db62dd9eac059897fdd1dfa7f4ed8e22f55adc68b3accd620d492,sheet1:R66,,,
f803b4e4dd1db62d-sheet1-R67,2026-06-23,busan-city,행정자치국 > 총무과,이낙에산다,도모헌 현안업무 추진 논의를 위한 간담회 개최,164000,f803b4e4dd1db62dd9eac059897fdd1dfa7f4ed8e22f55adc68b3accd620d492,sheet1:R67,,,
f803b4e4dd1db62d-sheet1-R68,2026-06-23,busan-city,행정자치국 > 총무과,대가참치,청사관리 업무추진 노고 격려 간담회 개최,480000,f803b4e4dd1db62dd9eac059897fdd1dfa7f4ed8e22f55adc68b3accd620d492,sheet1:R68,,,
f803b4e4dd1db62d-sheet1-R69,2026-06-23,busan-city,행정자치국 > 총무과,랍스터랩,가덕도신공항 개항 대비 사전전략 마련 간담회,470000,f803b4e4dd1db62dd9eac059897fdd1dfa7f4ed8e22f55adc68b3accd620d492,sheet1:R69,,,
f803b4e4dd1db62d-sheet1-R70,2026-06-24,busan-city,행정자치국 > 총무과,올바릇식당 영도점,복합문화공간 공공위탁 운영 사례 벤치 마킹 등을 위한 관계자 간담회 개최,284000,f803b4e4dd1db62dd9eac059897fdd1dfa7f4ed8e22f55adc68b3accd620d492,sheet1:R70,,,
f803b4e4dd1db62d-sheet1-R71,2026-06-24,busan-city,행정자치국 > 총무과,정원오리,친환경 선박 산업 생태계 조성 관련 논의 간담회,470000,f803b4e4dd1db62dd9eac059897fdd1dfa7f4ed8e22f55adc68b3accd620d492,sheet1:R71,,,
f803b4e4dd1db62d-sheet1-R72,2026-06-25,busan-city,행정자치국 > 총무과,LATELIER MARRON외 1,6.25전쟁 제76주년 행사 관련 보훈현안 간담회 개최,480000,f803b4e4dd1db62dd9eac059897fdd1dfa7f4ed8e22f55adc68b3accd620d492,sheet1:R72,,,
f803b4e4dd1db62d-sheet1-R73,2026-06-25,busan-city,행정자치국 > 총무과,연산팔도족발,청사방호 유관기관 간담회 개최,480000,f803b4e4dd1db62dd9eac059897fdd1dfa7f4ed8e22f55adc68b3accd620d492,sheet1:R73,,,
f803b4e4dd1db62d-sheet1-R74,2026-06-26,busan-city,행정자치국 > 총무과,정관장양정점,퇴임 기념품 구입,150000,f803b4e4dd1db62dd9eac059897fdd1dfa7f4ed8e22f55adc68b3accd620d492,sheet1:R74,,,
f803b4e4dd1db62d-sheet1-R76,2026-06-29,busan-city,행정자치국 > 총무과,연산팔도족발,민선9기 시청사 방호를 위한 유관기관 간담회 개최,304000,f803b4e4dd1db62dd9eac059897fdd1dfa7f4ed8e22f55adc68b3accd620d492,sheet1:R76,,,
f803b4e4dd1db62d-sheet2-R3,2026-04-01,busan-city,행정자치국 > 총무과,명품용수떡집외1,시정 주요현안 추진부서 격려,280000,f803b4e4dd1db62dd9eac059897fdd1dfa7f4ed8e22f55adc68b3accd620d492,sheet2:R3,,,
f803b4e4dd1db62d-sheet2-R4,2026-04-01,busan-city,행정자치국 > 총무과,명품용수떡집,주요 현안사업 추진부서 노고 격려 간식 구입,480000,f803b4e4dd1db62dd9eac059897fdd1dfa7f4ed8e22f55adc68b3accd620d492,sheet2:R4,,,
f803b4e4dd1db62d-sheet2-R5,2026-04-01,busan-city,행정자치국 > 총무과,본도시락부산법조타운점,시정 대외협력 추진 직원 격려 간담회,78200,f803b4e4dd1db62dd9eac059897fdd1dfa7f4ed8e22f55adc68b3accd620d492,sheet2:R5,,,
f803b4e4dd1db62d-sheet2-R6,2026-04-01,busan-city,행정자치국 > 총무과,초원복국,시정 주요 시책 협력 강화 및 소통을 위한 간담회 개최,336000,f803b4e4dd1db62dd9eac059897fdd1dfa7f4ed8e22f55adc68b3accd620d492,sheet2:R6,,,
f803b4e4dd1db62d-sheet2-R7,2026-04-01,busan-city,행정자치국 > 총무과,종가집꼬리곰탕외1,국회와의 협력 강화를 위한 간담회 개최,131900,f803b4e4dd1db62dd9eac059897fdd1dfa7f4ed8e22f55adc68b3accd620d492,sheet2:R7,,,
f803b4e4dd1db62d-sheet2-R8,2026-04-01,busan-city,행정자치국 > 총무과,양의제곱,향후 시정 운영 방향 및 현안 사업 논의를 위한 관계자 등 간담회 개최,91000,f803b4e4dd1db62dd9eac059897fdd1dfa7f4ed8e22f55adc68b3accd620d492,sheet2:R8,,,
f803b4e4dd1db62d-sheet2-R9,2026-04-02,busan-city,행정자치국 > 총무과,만성횟집외1,시 정책 및 현안 소통 강화를 위한 언론사 관계자 간담회 개최,240000,f803b4e4dd1db62dd9eac059897fdd1dfa7f4ed8e22f55adc68b3accd620d492,sheet2:R9,,,
f803b4e4dd1db62d-sheet2-R10,2026-04-02,busan-city,행정자치국 > 총무과,메이리연 외1,지역 현안 여론동향 청취를 위한 언론사 관계자 간담회 개최,129000,f803b4e4dd1db62dd9eac059897fdd1dfa7f4ed8e22f55adc68b3accd620d492,sheet2:R10,,,
f803b4e4dd1db62d-sheet2-R11,2026-04-06,busan-city,행정자치국 > 총무과,본도시락부산법조타운점,대외협력 추진 직원 격려 간담회,43200,f803b4e4dd1db62dd9eac059897fdd1dfa7f4ed8e22f55adc68b3accd620d492,sheet2:R11,,,
f803b4e4dd1db62d-sheet2-R12,2026-04-06,busan-city,행정자치국 > 총무과,원조본가산곰장어집,시정현안업무 추진 직원 격려 간담회,234000,f803b4e4dd1db62dd9eac059897fdd1dfa7f4ed8e22f55adc68b3accd620d492,sheet2:R12,,,
f803b4e4dd1db62d-sheet2-R13,2026-04-07,busan-city,행정자치국 > 총무과,어심횟집,가덕도신공항 기술특별위원회 현안 논의를 위한 간담회 개최,40000,f803b4e4dd1db62dd9eac059897fdd1dfa7f4ed8e22f55adc68b3accd620d492,sheet2:R13,,,
f803b4e4dd1db62d-sheet2-R14,2026-04-08,busan-city,행정자치국 > 총무과,부원삼계탕외1,국회 소통 강화 및 협력 방안 마련을 위한 간담회 개최,110700,f803b4e4dd1db62dd9eac059897fdd1dfa7f4ed8e22f55adc68b3accd620d492,sheet2:R14,,,
f803b4e4dd1db62d-sheet2-R15,2026-04-08,busan-city,행정자치국 > 총무과,별미청돼지국밥,가덕도신공항 지역여론 동향 청취를 위한 언론사 관계자 간담회 개최,64000,f803b4e4dd1db62dd9eac059897fdd1dfa7f4ed8e22f55adc68b3accd620d492,sheet2:R15,,,
f803b4e4dd1db62d-sheet2-R16,2026-04-09,busan-city,행정자치국 > 총무과,본도시락부산법조타운점,현안업무추진 직원 격려 간담회,68600,f803b4e4dd1db62dd9eac059897fdd1dfa7f4ed8e22f55adc68b3accd620d492,sheet2:R16,,,
f803b4e4dd1db62d-sheet2-R17,2026-04-09,busan-city,행정자치국 > 총무과,반가안동국시,가덕도신공항 부지건설 공사 컨소시움 관계자 간담회 개최,149000,f803b4e4dd1db62dd9eac059897fdd1dfa7f4ed8e22f55adc68b3accd620d492,sheet2:R17,,,
f803b4e4dd1db62d-sheet2-R18,2026-04-09,busan-city,행정자치국 > 총무과,원조본가산곰장어집,주요 현안업무 추진 직원 격려 간담회,251000,f803b4e4dd1db62dd9eac059897fdd1dfa7f4ed8e22f55adc68b3accd620d492,sheet2:R18,,,
f803b4e4dd1db62d-sheet2-R19,2026-04-10,busan-city,행정자치국 > 총무과,수다삼성1호점,가덕도신공항 현안 논의를 위한 관계자 간담회 개최,279400,f803b4e4dd1db62dd9eac059897fdd1dfa7f4ed8e22f55adc68b3accd620d492,sheet2:R19,,,
f803b4e4dd1db62d-sheet2-R20,2026-04-12,busan-city,행정자치국 > 총무과,연타발,국회 소통 강화 및 협력 방안 마련을 위한 간담회 개최,230000,f803b4e4dd1db62dd9eac059897fdd1dfa7f4ed8e22f55adc68b3accd620d492,sheet2:R20,,,
f803b4e4dd1db62d-sheet2-R21,2026-04-13,busan-city,행정자치국 > 총무과,한국의 밥상,시정현안업무 추진 직원 격려 간담회,140000,f803b4e4dd1db62dd9eac059897fdd1dfa7f4ed8e22f55adc68b3accd620d492,sheet2:R21,,,
f803b4e4dd1db62d-sheet2-R22,2026-04-13,busan-city,행정자치국 > 총무과,외백,시 정책 및 현안 소통 강화를 위한 언론사 관계자 간담회 개최,155000,f803b4e4dd1db62dd9eac059897fdd1dfa7f4ed8e22f55adc68b3accd620d492,sheet2:R22,,,
f803b4e4dd1db62d-sheet2-R23,2026-04-13,busan-city,행정자치국 > 총무과,부자회관,가덕도신공항 에어시티 사업 추진 현황 등 논의를 위한 관계자 간담회 개최,216000,f803b4e4dd1db62dd9eac059897fdd1dfa7f4ed8e22f55adc68b3accd620d492,sheet2:R23,,,
f803b4e4dd1db62d-sheet2-R24,2026-04-14,busan-city,행정자치국 > 총무과,해운대암소갈비,가덕도신공항 기본설계 추진 동향 논의 등을 위한 관계자 간담회 개최,190000,f803b4e4dd1db62dd9eac059897fdd1dfa7f4ed8e22f55adc68b3accd620d492,sheet2:R24,,,
f803b4e4dd1db62d-sheet2-R25,2026-04-15,busan-city,행정자치국 > 총무과,만성횟집외1,국회 협력 강화를 위한 관계자 간담회 개최,115200,f803b4e4dd1db62dd9eac059897fdd1dfa7f4ed8e22f55adc68b3accd620d492,sheet2:R25,,,
f803b4e4dd1db62d-sheet2-R26,2026-04-15,busan-city,행정자치국 > 총무과,토종먹거리,가덕도신공항 건설사업 현안 논의를 위한 관계자 간담회 개최,255000,f803b4e4dd1db62dd9eac059897fdd1dfa7f4ed8e22f55adc68b3accd620d492,sheet2:R26,,,
f803b4e4dd1db62d-sheet2-R27,2026-04-16,busan-city,행정자치국 > 총무과,콜롬보가든,가덕도신공항 적정 공법 논의를 위한 전무가 등 관계자 간담회 개최,215000,f803b4e4dd1db62dd9eac059897fdd1dfa7f4ed8e22f55adc68b3accd620d492,sheet2:R27,,,
f803b4e4dd1db62d-sheet2-R28,2026-04-17,busan-city,행정자치국 > 총무과,크리스탈제이드,가덕도신공항 부지건설공사 컨소시움 관계자 간담회 개최,381000,f803b4e4dd1db62dd9eac059897fdd1dfa7f4ed8e22f55adc68b3accd620d492,sheet2:R28,,,
f803b4e4dd1db62d-sheet2-R29,2026-04-17,busan-city,행정자치국 > 총무과,일광수산횟집,지역 언론 동향 청취를 위한 언론관계자 간담회 개최,296000,f803b4e4dd1db62dd9eac059897fdd1dfa7f4ed8e22f55adc68b3accd620d492,sheet2:R29,,,
f803b4e4dd1db62d-sheet2-R30,2026-04-20,busan-city,행정자치국 > 총무과,조방낙지 시청점,주요 현안업무 추진 직원 격려 간담회,162000,f803b4e4dd1db62dd9eac059897fdd1dfa7f4ed8e22f55adc68b3accd620d492,sheet2:R30,,,
f803b4e4dd1db62d-sheet2-R31,2026-04-20,busan-city,행정자치국 > 총무과,한화커넥트㈜,시정 현안 소통을 위한 언론 관계자 간담회 개최,233000,f803b4e4dd1db62dd9eac059897fdd1dfa7f4ed8e22f55adc68b3accd620d492,sheet2:R31,,,
f803b4e4dd1db62d-sheet2-R32,2026-04-20,busan-city,행정자치국 > 총무과,키세츠,가덕도신공항 추진 동향 설명을 위한 언론사 관계자 간담회 개최,102000,f803b4e4dd1db62dd9eac059897fdd1dfa7f4ed8e22f55adc68b3accd620d492,sheet2:R32,,,
f803b4e4dd1db62d-sheet2-R33,2026-04-21,busan-city,행정자치국 > 총무과,취원,가덕도신공항 건설사업 유관기관 협력 사항 논의를 위한 관계자 간담회 개최,149000,f803b4e4dd1db62dd9eac059897fdd1dfa7f4ed8e22f55adc68b3accd620d492,sheet2:R33,,,
f803b4e4dd1db62d-sheet2-R34,2026-04-22,busan-city,행정자치국 > 총무과,마파람 해물찜 해물탕 시청직영점,시정 주요현안 추진부서 격려,194000,f803b4e4dd1db62dd9eac059897fdd1dfa7f4ed8e22f55adc68b3accd620d492,sheet2:R34,,,
f803b4e4dd1db62d-sheet2-R35,2026-04-22,busan-city,행정자치국 > 총무과,어심횟집,가덕도신공항 기술특별위원회 현안 논의를 위한 관계자 간담회 개최,40000,f803b4e4dd1db62dd9eac059897fdd1dfa7f4ed8e22f55adc68b3accd620d492,sheet2:R35,,,
f803b4e4dd1db62d-sheet2-R36,2026-04-22,busan-city,행정자치국 > 총무과,해광참가자미외1,국회 소통 강화 및 협력 방안 마련을 위한 간담회 개최,59700,f803b4e4dd1db62dd9eac059897fdd1dfa7f4ed8e22f55adc68b3accd620d492,sheet2:R36,,,
f803b4e4dd1db62d-sheet2-R37,2026-04-22,busan-city,행정자치국 > 총무과,부자회관,대외협력 관련 현안 논의를 위한 업무관계자 간담회 개최,206000,f803b4e4dd1db62dd9eac059897fdd1dfa7f4ed8e22f55adc68b3accd620d492,sheet2:R37,,,
f803b4e4dd1db62d-sheet2-R38,2026-04-23,busan-city,행정자치국 > 총무과,심길선 청송양곱창,지역 현안 여론동향 청취를 위한 언론사 관계자 간담회 개최,245000,f803b4e4dd1db62dd9eac059897fdd1dfa7f4ed8e22f55adc68b3accd620d492,sheet2:R38,,,
f803b4e4dd1db62d-sheet2-R39,2026-04-24,busan-city,행정자치국 > 총무과,한우리외식산업,가덕도신공항 부지조성공사 공법 등 자문을 위한 건설사 및 학계 전문가 간담회 개최,470000,f803b4e4dd1db62dd9eac059897fdd1dfa7f4ed8e22f55adc68b3accd620d492,sheet2:R39,,,
f803b4e4dd1db62d-sheet2-R40,2026-04-29,busan-city,행정자치국 > 총무과,금신전선상유십이외1,국회 협력 강화를 위한 관계자 간담회 개최,158600,f803b4e4dd1db62dd9eac059897fdd1dfa7f4ed8e22f55adc68b3accd620d492,sheet2:R40,,,
f803b4e4dd1db62d-sheet2-R41,2026-05-13,busan-city,행정자치국 > 총무과,구옥반가 대구탕외1,국회 소통 강화 및 협력 방안 마련을 위한 간담회 개최,88200,f803b4e4dd1db62dd9eac059897fdd1dfa7f4ed8e22f55adc68b3accd620d492,sheet2:R41,,,
f803b4e4dd1db62d-sheet2-R42,2026-05-27,busan-city,행정자치국 > 총무과,형아우삼계탕외1,국회 소통 강화 및 협력 방안 마련을 위한 간담회 개최,87000,f803b4e4dd1db62dd9eac059897fdd1dfa7f4ed8e22f55adc68b3accd620d492,sheet2:R42,,,
f803b4e4dd1db62d-sheet2-R43,2026-06-15,busan-city,행정자치국 > 총무과,박명호스시,대외소통 및 협력 강화를 위한 간담회 개최,84000,f803b4e4dd1db62dd9eac059897fdd1dfa7f4ed8e22f55adc68b3accd620d492,sheet2:R43,,,
f803b4e4dd1db62d-sheet2-R44,2026-06-16,busan-city,행정자치국 > 총무과,송원일식,지역 언론 동향 청취를 위한 언론관계자 간담회 개최,228000,f803b4e4dd1db62dd9eac059897fdd1dfa7f4ed8e22f55adc68b3accd620d492,sheet2:R44,,,
f803b4e4dd1db62d-sheet2-R45,2026-06-17,busan-city,행정자치국 > 총무과,코벤외 1,국회 협력 강화를 위한 관계자 간담회 개최,129500,f803b4e4dd1db62dd9eac059897fdd1dfa7f4ed8e22f55adc68b3accd620d492,sheet2:R45,,,
f803b4e4dd1db62d-sheet2-R46,2026-06-17,busan-city,행정자치국 > 총무과,영남 돼지갈비,시정 현안업무 추진 직원 격려 간담회 개최,272000,f803b4e4dd1db62dd9eac059897fdd1dfa7f4ed8e22f55adc68b3accd620d492,sheet2:R46,,,
f803b4e4dd1db62d-sheet2-R47,2026-06-18,busan-city,행정자치국 > 총무과,취원외 1,대외소통 및 협력 강화를 위한 간담회 개최,129600,f803b4e4dd1db62dd9eac059897fdd1dfa7f4ed8e22f55adc68b3accd620d492,sheet2:R47,,,
f803b4e4dd1db62d-sheet2-R48,2026-06-22,busan-city,행정자치국 > 총무과,남도마루외1,국회의원 보좌진 초청 현장설명회 관련 관외출장,146000,f803b4e4dd1db62dd9eac059897fdd1dfa7f4ed8e22f55adc68b3accd620d492,sheet2:R48,,,
f803b4e4dd1db62d-sheet2-R49,2026-06-23,busan-city,행정자치국 > 총무과,대가 박명호스시,시의회 협력 강화를 위한 관계자 간담회 개최,196000,f803b4e4dd1db62dd9eac059897fdd1dfa7f4ed8e22f55adc68b3accd620d492,sheet2:R49,,,
f803b4e4dd1db62d-sheet2-R50,2026-06-23,busan-city,행정자치국 > 총무과,부자회관,대외소통 및 협력 강화를 위한 간담회 개최,450000,f803b4e4dd1db62dd9eac059897fdd1dfa7f4ed8e22f55adc68b3accd620d492,sheet2:R50,,,
f803b4e4dd1db62d-sheet2-R51,2026-06-24,busan-city,행정자치국 > 총무과,부자회관,대외협력 관련 현안 논의를 위한 업무관계자 간담회 개최,244000,f803b4e4dd1db62dd9eac059897fdd1dfa7f4ed8e22f55adc68b3accd620d492,sheet2:R51,,,
f803b4e4dd1db62d-sheet2-R52,2026-06-24,busan-city,행정자치국 > 총무과,구옥반가 대구탕외1,국회 소통 강화 및 협력 방안 마련을 위한 간담회 개최,55000,f803b4e4dd1db62dd9eac059897fdd1dfa7f4ed8e22f55adc68b3accd620d492,sheet2:R52,,,
f803b4e4dd1db62d-sheet2-R53,2026-06-24,busan-city,행정자치국 > 총무과,수영동 우담,지역 언론 동향 청취를 위한 언론관계자 간담회 개최,247000,f803b4e4dd1db62dd9eac059897fdd1dfa7f4ed8e22f55adc68b3accd620d492,sheet2:R53,,,
f803b4e4dd1db62d-sheet2-R54,2026-06-26,busan-city,행정자치국 > 총무과,텐퍼센트,대외협력 관련 현안 논의를 위한 업무관계자 차담회 개최,13000,f803b4e4dd1db62dd9eac059897fdd1dfa7f4ed8e22f55adc68b3accd620d492,sheet2:R54,,,
f803b4e4dd1db62d-sheet2-R55,2026-06-26,busan-city,행정자치국 > 총무과,수제국수,시의회 협력 강화를 위한 관계자 간담회 개최,96000,f803b4e4dd1db62dd9eac059897fdd1dfa7f4ed8e22f55adc68b3accd620d492,sheet2:R55,,,
f803b4e4dd1db62d-sheet2-R56,2026-06-26,busan-city,행정자치국 > 총무과,주식회사이레옥,시의회 소통 및 협력 강화를 위한 간담회 개최,137000,f803b4e4dd1db62dd9eac059897fdd1dfa7f4ed8e22f55adc68b3accd620d492,sheet2:R56,,,
0bdd9400fe16dc1f-sheet1-R3,2026-04-01,busan-city,합의제행정기관 > 자치경찰위원회 > 사무국 > 자치경찰행정과,원조본가산곰장어집,자치경찰위원회 현안 논의를 위한 관계기관 만찬간담회 개최,221000,0bdd9400fe16dc1ffa39008c90c3b669596e895ae4308529994c6209df10904a,sheet1:R3,,,
0bdd9400fe16dc1f-sheet1-R4,2026-04-02,busan-city,합의제행정기관 > 자치경찰위원회 > 사무국 > 자치경찰행정과,삼제식당,주요 현안 홍보를 위한 오찬간담회 개최,200000,0bdd9400fe16dc1ffa39008c90c3b669596e895ae4308529994c6209df10904a,sheet1:R4,,,
0bdd9400fe16dc1f-sheet1-R5,2026-04-03,busan-city,합의제행정기관 > 자치경찰위원회 > 사무국 > 자치경찰행정과,(주)파라다이스호텔부산,일선 치안 현장 방문 오찬간담회 개최,131600,0bdd9400fe16dc1ffa39008c90c3b669596e895ae4308529994c6209df10904a,sheet1:R5,,,
0bdd9400fe16dc1f-sheet1-R6,2026-04-06,busan-city,합의제행정기관 > 자치경찰위원회 > 사무국 > 자치경찰행정과,녹산횟집,지역 치안 강화 협의를 위한 만찬간담회 개최,176000,0bdd9400fe16dc1ffa39008c90c3b669596e895ae4308529994c6209df10904a,sheet1:R6,,,
0bdd9400fe16dc1f-sheet1-R7,2026-04-07,busan-city,합의제행정기관 > 자치경찰위원회 > 사무국 > 자치경찰행정과,경북꽃집,부산경찰청장 취임 기념 화환 구입 대금 지급,100000,0bdd9400fe16dc1ffa39008c90c3b669596e895ae4308529994c6209df10904a,sheet1:R7,,,
0bdd9400fe16dc1f-sheet1-R8,2026-04-07,busan-city,합의제행정기관 > 자치경찰위원회 > 사무국 > 자치경찰행정과,닭두꺼비,자치경찰위원회 현안 논의를 위한 유관기관 만찬간담회 개최,108800,0bdd9400fe16dc1ffa39008c90c3b669596e895ae4308529994c6209df10904a,sheet1:R8,,,
0bdd9400fe16dc1f-sheet1-R9,2026-04-07,busan-city,합의제행정기관 > 자치경찰위원회 > 사무국 > 자치경찰행정과,팔도오돌뼈,자치경찰위원회 현안 논의를 위한 유관기관 만찬간담회 개최,61000,0bdd9400fe16dc1ffa39008c90c3b669596e895ae4308529994c6209df10904a,sheet1:R9,,,
0bdd9400fe16dc1f-sheet1-R10,2026-04-09,busan-city,합의제행정기관 > 자치경찰위원회 > 사무국 > 자치경찰행정과,낚시고기횟집,주요 현안 추진사항 협조를 위한 오찬간담회 개최,110000,0bdd9400fe16dc1ffa39008c90c3b669596e895ae4308529994c6209df10904a,sheet1:R10,,,
0bdd9400fe16dc1f-sheet1-R11,2026-04-09,busan-city,합의제행정기관 > 자치경찰위원회 > 사무국 > 자치경찰행정과,녹산횟집,자치경찰위원회 현안 논의를 위한 관계기관 만찬간담회 개최,196000,0bdd9400fe16dc1ffa39008c90c3b669596e895ae4308529994c6209df10904a,sheet1:R11,,,
0bdd9400fe16dc1f-sheet1-R12,2026-04-09,busan-city,합의제행정기관 > 자치경찰위원회 > 사무국 > 자치경찰행정과,스타벅스코리아,자치경찰위원회 현안 논의를 위한 관계기관 만찬간담회 개최,24100,0bdd9400fe16dc1ffa39008c90c3b669596e895ae4308529994c6209df10904a,sheet1:R12,,,
0bdd9400fe16dc1f-sheet1-R13,2026-04-10,busan-city,합의제행정기관 > 자치경찰위원회 > 사무국 > 자치경찰행정과,(주)보리에 더베이101,지역 치안 강화 협의를 위한 만찬간담회 개최,440000,0bdd9400fe16dc1ffa39008c90c3b669596e895ae4308529994c6209df10904a,sheet1:R13,,,
0bdd9400fe16dc1f-sheet1-R14,2026-04-14,busan-city,합의제행정기관 > 자치경찰위원회 > 사무국 > 자치경찰행정과,삼제식당,주요 현안 추진사항 협조를 위한 오찬간담회 개최,400000,0bdd9400fe16dc1ffa39008c90c3b669596e895ae4308529994c6209df10904a,sheet1:R14,,,
0bdd9400fe16dc1f-sheet1-R15,2026-04-15,busan-city,합의제행정기관 > 자치경찰위원회 > 사무국 > 자치경찰행정과,웰빙선생오리,주요 현안 홍보를 위한 오찬간담회 개최,297000,0bdd9400fe16dc1ffa39008c90c3b669596e895ae4308529994c6209df10904a,sheet1:R15,,,
0bdd9400fe16dc1f-sheet1-R16,2026-04-17,busan-city,합의제행정기관 > 자치경찰위원회 > 사무국 > 자치경찰행정과,경북꽃집,부산경찰청 직장협의회 회장 당선 축하화환 구입 대금 지급,100000,0bdd9400fe16dc1ffa39008c90c3b669596e895ae4308529994c6209df10904a,sheet1:R16,,,
0bdd9400fe16dc1f-sheet1-R17,2026-04-21,busan-city,합의제행정기관 > 자치경찰위원회 > 사무국 > 자치경찰행정과,대명가꼬리곰탕,자치경찰위원회 직원 격려 오찬간담회 개최,58000,0bdd9400fe16dc1ffa39008c90c3b669596e895ae4308529994c6209df10904a,sheet1:R17,,,
0bdd9400fe16dc1f-sheet1-R18,2026-04-21,busan-city,합의제행정기관 > 자치경찰위원회 > 사무국 > 자치경찰행정과,정초밥,지역 치안 강화 협의를 위한 만찬간담회 개최,419000,0bdd9400fe16dc1ffa39008c90c3b669596e895ae4308529994c6209df10904a,sheet1:R18,,,
0bdd9400fe16dc1f-sheet1-R19,2026-04-22,busan-city,합의제행정기관 > 자치경찰위원회 > 사무국 > 자치경찰행정과,박가네,자치경찰위원회 현안 논의를 위한 유관기관 오찬간담회 개최,120000,0bdd9400fe16dc1ffa39008c90c3b669596e895ae4308529994c6209df10904a,sheet1:R19,,,
0bdd9400fe16dc1f-sheet1-R20,2026-04-22,busan-city,합의제행정기관 > 자치경찰위원회 > 사무국 > 자치경찰행정과,통나무하우스한정식,주요 현안 추진사항 협조를 위한 만찬간담회 개최,210000,0bdd9400fe16dc1ffa39008c90c3b669596e895ae4308529994c6209df10904a,sheet1:R20,,,
0bdd9400fe16dc1f-sheet1-R21,2026-04-22,busan-city,합의제행정기관 > 자치경찰위원회 > 사무국 > 자치경찰행정과,홍순덕전포양곱창,자치경찰위원회 현안 논의를 위한 관계기관 만찬간담회 개최,237000,0bdd9400fe16dc1ffa39008c90c3b669596e895ae4308529994c6209df10904a,sheet1:R21,,,
0bdd9400fe16dc1f-sheet1-R22,2026-04-23,busan-city,합의제행정기관 > 자치경찰위원회 > 사무국 > 자치경찰행정과,미락,주요 현안 추진사항 협조를 위한 오찬간담회 개최,210000,0bdd9400fe16dc1ffa39008c90c3b669596e895ae4308529994c6209df10904a,sheet1:R22,,,
0bdd9400fe16dc1f-sheet1-R23,2026-04-24,busan-city,합의제행정기관 > 자치경찰위원회 > 사무국 > 자치경찰행정과,모티(moti),자치경찰위원회 현안 논의를 위한 관계기관 만찬간담회 개최,77000,0bdd9400fe16dc1ffa39008c90c3b669596e895ae4308529994c6209df10904a,sheet1:R23,,,
0bdd9400fe16dc1f-sheet1-R24,2026-04-28,busan-city,합의제행정기관 > 자치경찰위원회 > 사무국 > 자치경찰행정과,경북꽃집,부산시 재향경우회 정기총회 화환 구입 대금 지급,100000,0bdd9400fe16dc1ffa39008c90c3b669596e895ae4308529994c6209df10904a,sheet1:R24,,,
0bdd9400fe16dc1f-sheet1-R25,2026-04-28,busan-city,합의제행정기관 > 자치경찰위원회 > 사무국 > 자치경찰행정과,미락,주요 현안 홍보를 위한 오찬간담회 개최,150000,0bdd9400fe16dc1ffa39008c90c3b669596e895ae4308529994c6209df10904a,sheet1:R25,,,
0bdd9400fe16dc1f-sheet1-R26,2026-04-29,busan-city,합의제행정기관 > 자치경찰위원회 > 사무국 > 자치경찰행정과,달퐁,직원 업무추진 노고 격려를 위한 다과 구입,338000,0bdd9400fe16dc1ffa39008c90c3b669596e895ae4308529994c6209df10904a,sheet1:R26,,,
0bdd9400fe16dc1f-sheet1-R27,2026-04-29,busan-city,합의제행정기관 > 자치경찰위원회 > 사무국 > 자치경찰행정과,홍탁,지역 치안 강화 협의를 위한 만찬간담회 개최,150000,0bdd9400fe16dc1ffa39008c90c3b669596e895ae4308529994c6209df10904a,sheet1:R27,,,
0bdd9400fe16dc1f-sheet1-R28,2026-04-30,busan-city,합의제행정기관 > 자치경찰위원회 > 사무국 > 자치경찰행정과,경북꽃집,제37주기 동의대사건 순국경찰관 추도화환 구입 대금 지급,100000,0bdd9400fe16dc1ffa39008c90c3b669596e895ae4308529994c6209df10904a,sheet1:R28,,,
0bdd9400fe16dc1f-sheet1-R29,2026-04-30,busan-city,합의제행정기관 > 자치경찰위원회 > 사무국 > 자치경찰행정과,홍진숙 낙지세상,주요 현안 추진사항 협조를 위한 오찬간담회 개최,142000,0bdd9400fe16dc1ffa39008c90c3b669596e895ae4308529994c6209df10904a,sheet1:R29,,,
0bdd9400fe16dc1f-sheet1-R30,2026-04-30,busan-city,합의제행정기관 > 자치경찰위원회 > 사무국 > 자치경찰행정과,임실N치즈화덕피자,주요 현안 추진사항 협조를 위한 만찬간담회 개최,70000,0bdd9400fe16dc1ffa39008c90c3b669596e895ae4308529994c6209df10904a,sheet1:R30,,,
0bdd9400fe16dc1f-sheet1-R31,2026-04-30,busan-city,합의제행정기관 > 자치경찰위원회 > 사무국 > 자치경찰행정과,㈜부산호텔,주요 현안 추진사항 협조를 위한 만찬간담회 개최,54000,0bdd9400fe16dc1ffa39008c90c3b669596e895ae4308529994c6209df10904a,sheet1:R31,,,
0bdd9400fe16dc1f-sheet1-R32,2026-05-04,busan-city,합의제행정기관 > 자치경찰위원회 > 사무국 > 자치경찰행정과,정초밥,주요 현안 추진사항 협조를 위한 오찬간담회 개최,285000,0bdd9400fe16dc1ffa39008c90c3b669596e895ae4308529994c6209df10904a,sheet1:R32,,,
0bdd9400fe16dc1f-sheet1-R33,2026-05-06,busan-city,합의제행정기관 > 자치경찰위원회 > 사무국 > 자치경찰행정과,칠암읍내점,일선 치안 현장 방문 오찬간담회 개최,100800,0bdd9400fe16dc1ffa39008c90c3b669596e895ae4308529994c6209df10904a,sheet1:R33,,,
0bdd9400fe16dc1f-sheet1-R34,2026-05-07,busan-city,합의제행정기관 > 자치경찰위원회 > 사무국 > 자치경찰행정과,녹산횟집,자치경찰위원회 현안 논의를 위한 관계기관 만찬간담회 개최,238000,0bdd9400fe16dc1ffa39008c90c3b669596e895ae4308529994c6209df10904a,sheet1:R34,,,
0bdd9400fe16dc1f-sheet1-R35,2026-05-08,busan-city,합의제행정기관 > 자치경찰위원회 > 사무국 > 자치경찰행정과,디지털경제실장,경조사비 지급,50000,0bdd9400fe16dc1ffa39008c90c3b669596e895ae4308529994c6209df10904a,sheet1:R35,,,
0bdd9400fe16dc1f-sheet1-R36,2026-05-08,busan-city,합의제행정기관 > 자치경찰위원회 > 사무국 > 자치경찰행정과,디지털경제실장,경조사비 지급,50000,0bdd9400fe16dc1ffa39008c90c3b669596e895ae4308529994c6209df10904a,sheet1:R36,,,
0bdd9400fe16dc1f-sheet1-R37,2026-05-08,busan-city,합의제행정기관 > 자치경찰위원회 > 사무국 > 자치경찰행정과,정초밥,자치경찰위원회 직원 격려 오찬간담회 개최,70000,0bdd9400fe16dc1ffa39008c90c3b669596e895ae4308529994c6209df10904a,sheet1:R37,,,
0bdd9400fe16dc1f-sheet1-R38,2026-05-08,busan-city,합의제행정기관 > 자치경찰위원회 > 사무국 > 자치경찰행정과,정초밥,지역 치안 강화 협의를 위한 만찬간담회 개최,200000,0bdd9400fe16dc1ffa39008c90c3b669596e895ae4308529994c6209df10904a,sheet1:R38,,,
0bdd9400fe16dc1f-sheet1-R39,2026-05-08,busan-city,합의제행정기관 > 자치경찰위원회 > 사무국 > 자치경찰행정과,시민회관 본점,자치경찰위원회 현안 논의를 위한 관계기관 만찬간담회 개최,90200,0bdd9400fe16dc1ffa39008c90c3b669596e895ae4308529994c6209df10904a,sheet1:R39,,,
0bdd9400fe16dc1f-sheet1-R40,2026-05-11,busan-city,합의제행정기관 > 자치경찰위원회 > 사무국 > 자치경찰행정과,주식회사 아난티 오시리아 제1지점,일선 치안 현장 방문 오찬간담회 개최,153700,0bdd9400fe16dc1ffa39008c90c3b669596e895ae4308529994c6209df10904a,sheet1:R40,,,
0bdd9400fe16dc1f-sheet1-R41,2026-05-13,busan-city,합의제행정기관 > 자치경찰위원회 > 사무국 > 자치경찰행정과,제주항통칼치,주요 현안 추진사항 협조를 위한 오찬간담회 개최,250000,0bdd9400fe16dc1ffa39008c90c3b669596e895ae4308529994c6209df10904a,sheet1:R41,,,
0bdd9400fe16dc1f-sheet1-R42,2026-05-14,busan-city,합의제행정기관 > 자치경찰위원회 > 사무국 > 자치경찰행정과,꽃다림,주요 현안 홍보를 위한 만찬간담회 개최,92000,0bdd9400fe16dc1ffa39008c90c3b669596e895ae4308529994c6209df10904a,sheet1:R42,,,
0bdd9400fe16dc1f-sheet1-R43,2026-05-14,busan-city,합의제행정기관 > 자치경찰위원회 > 사무국 > 자치경찰행정과,히쿠소바,자치경찰위원회 직원 격려 오찬간담회 개최,85000,0bdd9400fe16dc1ffa39008c90c3b669596e895ae4308529994c6209df10904a,sheet1:R43,,,
0bdd9400fe16dc1f-sheet1-R44,2026-05-15,busan-city,합의제행정기관 > 자치경찰위원회 > 사무국 > 자치경찰행정과,삼봉맥주,주요 현안 추진사항 협조를 위한 오찬간담회 개최(수정),325000,0bdd9400fe16dc1ffa39008c90c3b669596e895ae4308529994c6209df10904a,sheet1:R44,,,
0bdd9400fe16dc1f-sheet1-R45,2026-05-15,busan-city,합의제행정기관 > 자치경찰위원회 > 사무국 > 자치경찰행정과,조개대교 온천천점,지역 치안 강화 협의를 위한 만찬간담회 개최,133900,0bdd9400fe16dc1ffa39008c90c3b669596e895ae4308529994c6209df10904a,sheet1:R45,,,
0bdd9400fe16dc1f-sheet1-R46,2026-05-19,busan-city,합의제행정기관 > 자치경찰위원회 > 사무국 > 자치경찰행정과,부원삼계탕,부산경찰청 관계자와의 소통강화를 위한 오찬간담회 개최,80000,0bdd9400fe16dc1ffa39008c90c3b669596e895ae4308529994c6209df10904a,sheet1:R46,,,
0bdd9400fe16dc1f-sheet1-R47,2026-05-19,busan-city,합의제행정기관 > 자치경찰위원회 > 사무국 > 자치경찰행정과,뚜레쥬르,부산경찰청 관계자와의 소통강화를 위한 오찬간담회 개최,21200,0bdd9400fe16dc1ffa39008c90c3b669596e895ae4308529994c6209df10904a,sheet1:R47,,,
0bdd9400fe16dc1f-sheet1-R48,2026-05-21,busan-city,합의제행정기관 > 자치경찰위원회 > 사무국 > 자치경찰행정과,정초밥,주요 현안 추진사항 협조를 위한 만찬간담회 개최,290000,0bdd9400fe16dc1ffa39008c90c3b669596e895ae4308529994c6209df10904a,sheet1:R48,,,
0bdd9400fe16dc1f-sheet1-R49,2026-05-26,busan-city,합의제행정기관 > 자치경찰위원회 > 사무국 > 자치경찰행정과,개인(성명 비공개),직원 경조사비 지급,50000,0bdd9400fe16dc1ffa39008c90c3b669596e895ae4308529994c6209df10904a,sheet1:R49,,,
0bdd9400fe16dc1f-sheet1-R50,2026-05-26,busan-city,합의제행정기관 > 자치경찰위원회 > 사무국 > 자치경찰행정과,개인(성명 비공개),직원 경조사비 지급,50000,0bdd9400fe16dc1ffa39008c90c3b669596e895ae4308529994c6209df10904a,sheet1:R50,,,
0bdd9400fe16dc1f-sheet1-R51,2026-05-29,busan-city,합의제행정기관 > 자치경찰위원회 > 사무국 > 자치경찰행정과,정초밥,주요 현안 추진사항 협조를 위한 오찬간담회 개최,478000,0bdd9400fe16dc1ffa39008c90c3b669596e895ae4308529994c6209df10904a,sheet1:R51,,,
0bdd9400fe16dc1f-sheet1-R52,2026-05-29,busan-city,합의제행정기관 > 자치경찰위원회 > 사무국 > 자치경찰행정과,부산에뜬고등어,자치경찰위원회 현안 논의를 위한 유관기관 오찬간담회 개최,66000,0bdd9400fe16dc1ffa39008c90c3b669596e895ae4308529994c6209df10904a,sheet1:R52,,,
0bdd9400fe16dc1f-sheet1-R53,2026-05-29,busan-city,합의제행정기관 > 자치경찰위원회 > 사무국 > 자치경찰행정과,아덴블랑제리,자치경찰위원회 현안 논의를 위한 유관기관 오찬간담회 개최,10700,0bdd9400fe16dc1ffa39008c90c3b669596e895ae4308529994c6209df10904a,sheet1:R53,,,
0bdd9400fe16dc1f-sheet1-R54,2026-06-04,busan-city,합의제행정기관 > 자치경찰위원회 > 사무국 > 자치경찰행정과,낚시고기횟집,자치경찰위원회 직원 격려 오찬간담회 개최,110000,0bdd9400fe16dc1ffa39008c90c3b669596e895ae4308529994c6209df10904a,sheet1:R54,,,
0bdd9400fe16dc1f-sheet1-R55,2026-06-08,busan-city,합의제행정기관 > 자치경찰위원회 > 사무국 > 자치경찰행정과,외식일번가 부산진구점,주요 현안 추진사항 협조를 위한 오찬간담회 개최,461000,0bdd9400fe16dc1ffa39008c90c3b669596e895ae4308529994c6209df10904a,sheet1:R55,,,
0bdd9400fe16dc1f-sheet1-R56,2026-06-09,busan-city,합의제행정기관 > 자치경찰위원회 > 사무국 > 자치경찰행정과,청솔물회,자치경찰위원회 직원 격려 오찬간담회 개최,60000,0bdd9400fe16dc1ffa39008c90c3b669596e895ae4308529994c6209df10904a,sheet1:R56,,,
0bdd9400fe16dc1f-sheet1-R57,2026-06-10,busan-city,합의제행정기관 > 자치경찰위원회 > 사무국 > 자치경찰행정과,웰빙선생오리,주요 현안 추진사항 협조를 위한 오찬간담회 개최,159000,0bdd9400fe16dc1ffa39008c90c3b669596e895ae4308529994c6209df10904a,sheet1:R57,,,
0bdd9400fe16dc1f-sheet1-R58,2026-06-11,busan-city,합의제행정기관 > 자치경찰위원회 > 사무국 > 자치경찰행정과,순스시,주요 현안 추진사항 협조를 위한 만찬간담회 개최,350000,0bdd9400fe16dc1ffa39008c90c3b669596e895ae4308529994c6209df10904a,sheet1:R58,,,
0bdd9400fe16dc1f-sheet1-R59,2026-06-12,busan-city,합의제행정기관 > 자치경찰위원회 > 사무국 > 자치경찰행정과,(주)부산롯데호텔,주요 현안 추진사항 협조를 위한 오찬간담회 개최,454000,0bdd9400fe16dc1ffa39008c90c3b669596e895ae4308529994c6209df10904a,sheet1:R59,,,
0bdd9400fe16dc1f-sheet1-R60,2026-06-15,busan-city,합의제행정기관 > 자치경찰위원회 > 사무국 > 자치경찰행정과,통나무하우스한정식,지역 치안 강화 협의를 위한 만찬간담회 개최,216000,0bdd9400fe16dc1ffa39008c90c3b669596e895ae4308529994c6209df10904a,sheet1:R60,,,
0bdd9400fe16dc1f-sheet1-R61,2026-06-17,busan-city,합의제행정기관 > 자치경찰위원회 > 사무국 > 자치경찰행정과,(주)파라다이스호텔부산,주요 현안 홍보를 위한 오찬간담회 개최,446400,0bdd9400fe16dc1ffa39008c90c3b669596e895ae4308529994c6209df10904a,sheet1:R61,,,
0bdd9400fe16dc1f-sheet1-R62,2026-06-17,busan-city,합의제행정기관 > 자치경찰위원회 > 사무국 > 자치경찰행정과,정초밥,주요 현안 추진사항 협조를 위한 만찬간담회 개최,320000,0bdd9400fe16dc1ffa39008c90c3b669596e895ae4308529994c6209df10904a,sheet1:R62,,,
0bdd9400fe16dc1f-sheet1-R63,2026-06-18,busan-city,합의제행정기관 > 자치경찰위원회 > 사무국 > 자치경찰행정과,정초밥,주요 현안 추진사항 협조를 위한 만찬간담회 개최,470000,0bdd9400fe16dc1ffa39008c90c3b669596e895ae4308529994c6209df10904a,sheet1:R63,,,
0bdd9400fe16dc1f-sheet1-R64,2026-06-18,busan-city,합의제행정기관 > 자치경찰위원회 > 사무국 > 자치경찰행정과,박가네,자치경찰위원회 현안 논의를 위한 유관기관 오찬간담회 개최,165000,0bdd9400fe16dc1ffa39008c90c3b669596e895ae4308529994c6209df10904a,sheet1:R64,,,
0bdd9400fe16dc1f-sheet1-R65,2026-06-19,busan-city,합의제행정기관 > 자치경찰위원회 > 사무국 > 자치경찰행정과,정초밥,지역 치안 강화 협의를 위한 오찬간담회 개최,400000,0bdd9400fe16dc1ffa39008c90c3b669596e895ae4308529994c6209df10904a,sheet1:R65,,,
0bdd9400fe16dc1f-sheet1-R66,2026-06-23,busan-city,합의제행정기관 > 자치경찰위원회 > 사무국 > 자치경찰행정과,취원3,자치경찰위원회 직원 격려 오찬간담회 개최,136000,0bdd9400fe16dc1ffa39008c90c3b669596e895ae4308529994c6209df10904a,sheet1:R66,,,
0bdd9400fe16dc1f-sheet1-R67,2026-06-23,busan-city,합의제행정기관 > 자치경찰위원회 > 사무국 > 자치경찰행정과,녹산횟집,자치경찰위원회 현안 논의를 위한 관계기관 만찬간담회 개최,230000,0bdd9400fe16dc1ffa39008c90c3b669596e895ae4308529994c6209df10904a,sheet1:R67,,,
0bdd9400fe16dc1f-sheet1-R68,2026-06-24,busan-city,합의제행정기관 > 자치경찰위원회 > 사무국 > 자치경찰행정과,정초밥,주요 현안 추진사항 협조를 위한 오찬간담회 개최,120000,0bdd9400fe16dc1ffa39008c90c3b669596e895ae4308529994c6209df10904a,sheet1:R68,,,
0bdd9400fe16dc1f-sheet1-R69,2026-06-25,busan-city,합의제행정기관 > 자치경찰위원회 > 사무국 > 자치경찰행정과,삼봉맥주,지역 치안 강화 협의를 위한 만찬간담회 개최,280000,0bdd9400fe16dc1ffa39008c90c3b669596e895ae4308529994c6209df10904a,sheet1:R69,,,
0bdd9400fe16dc1f-sheet1-R70,2026-06-29,busan-city,합의제행정기관 > 자치경찰위원회 > 사무국 > 자치경찰행정과,해운대일품한우,주요 현안 추진사항 협조를 위한 만찬간담회 개최,366000,0bdd9400fe16dc1ffa39008c90c3b669596e895ae4308529994c6209df10904a,sheet1:R70,,,
0bdd9400fe16dc1f-sheet1-R71,2026-06-30,busan-city,합의제행정기관 > 자치경찰위원회 > 사무국 > 자치경찰행정과,미남스시,2027년 본예산 편성 관련 업무 협의를 위한 간담회 개최,256000,0bdd9400fe16dc1ffa39008c90c3b669596e895ae4308529994c6209df10904a,sheet1:R71,,,
0bdd9400fe16dc1f-sheet1-R72,2026-06-30,busan-city,합의제행정기관 > 자치경찰위원회 > 사무국 > 자치경찰행정과,(주)부산롯데호텔,주요 현안 추진사항 협조를 위한 오찬간담회 개최,161000,0bdd9400fe16dc1ffa39008c90c3b669596e895ae4308529994c6209df10904a,sheet1:R72,,,
0bdd9400fe16dc1f-sheet2-R3,2026-04-03,busan-city,합의제행정기관 > 자치경찰위원회 > 사무국 > 자치경찰행정과,한양,자치경찰 홍보관련 간담회 개최,144000,0bdd9400fe16dc1ffa39008c90c3b669596e895ae4308529994c6209df10904a,sheet2:R3,,,
0bdd9400fe16dc1f-sheet2-R4,2026-04-09,busan-city,합의제행정기관 > 자치경찰위원회 > 사무국 > 자치경찰행정과,수제국수,자치경찰위원회 현안 업무 논의를 위한 오찬간담회,190000,0bdd9400fe16dc1ffa39008c90c3b669596e895ae4308529994c6209df10904a,sheet2:R4,,,
0bdd9400fe16dc1f-sheet2-R5,2026-04-17,busan-city,합의제행정기관 > 자치경찰위원회 > 사무국 > 자치경찰행정과,우나기만,자치경찰위원회 업무추진 관련 유관기관 오찬간담회,140000,0bdd9400fe16dc1ffa39008c90c3b669596e895ae4308529994c6209df10904a,sheet2:R5,,,
0bdd9400fe16dc1f-sheet2-R6,2026-04-17,busan-city,합의제행정기관 > 자치경찰위원회 > 사무국 > 자치경찰행정과,장산다방,자치경찰위원회 업무추진 관련 유관기관 오찬간담회,20500,0bdd9400fe16dc1ffa39008c90c3b669596e895ae4308529994c6209df10904a,sheet2:R6,,,
0bdd9400fe16dc1f-sheet2-R7,2026-04-21,busan-city,합의제행정기관 > 자치경찰위원회 > 사무국 > 자치경찰행정과,홍유단,자치경찰 청렴캠페인 및 현장 컨설팅 관련 간담회 개최,188000,0bdd9400fe16dc1ffa39008c90c3b669596e895ae4308529994c6209df10904a,sheet2:R7,,,
0bdd9400fe16dc1f-sheet2-R8,2026-04-21,busan-city,합의제행정기관 > 자치경찰위원회 > 사무국 > 자치경찰행정과,우나기만,자치경찰위원회 업무추진 관련 유관기관 오찬간담회,315000,0bdd9400fe16dc1ffa39008c90c3b669596e895ae4308529994c6209df10904a,sheet2:R8,,,
0bdd9400fe16dc1f-sheet2-R9,2026-04-21,busan-city,합의제행정기관 > 자치경찰위원회 > 사무국 > 자치경찰행정과,투썸플레이스,자치경찰위원회 업무추진 관련 유관기관 오찬간담회,24600,0bdd9400fe16dc1ffa39008c90c3b669596e895ae4308529994c6209df10904a,sheet2:R9,,,
0bdd9400fe16dc1f-sheet2-R10,2026-04-27,busan-city,합의제행정기관 > 자치경찰위원회 > 사무국 > 자치경찰행정과,투썸플레이스,자치경찰위원회 현안 논의를 위한 유관기관 간담회 개최,480000,0bdd9400fe16dc1ffa39008c90c3b669596e895ae4308529994c6209df10904a,sheet2:R10,,,
0bdd9400fe16dc1f-sheet2-R11,2026-04-30,busan-city,합의제행정기관 > 자치경찰위원회 > 사무국 > 자치경찰행정과,부자회관,자치경찰위원회 현안 업무 협의를 위한 만찬간담회,450000,0bdd9400fe16dc1ffa39008c90c3b669596e895ae4308529994c6209df10904a,sheet2:R11,,,
0bdd9400fe16dc1f-sheet2-R12,2026-05-04,busan-city,합의제행정기관 > 자치경찰위원회 > 사무국 > 자치경찰행정과,이조,자치경찰위원회 업무추진을 위한 만찬간담회,364000,0bdd9400fe16dc1ffa39008c90c3b669596e895ae4308529994c6209df10904a,sheet2:R12,,,
0bdd9400fe16dc1f-sheet2-R13,2026-05-04,busan-city,합의제행정기관 > 자치경찰위원회 > 사무국 > 자치경찰행정과,다미아,자치경찰위원회 업무추진을 위한 만찬간담회,116000,0bdd9400fe16dc1ffa39008c90c3b669596e895ae4308529994c6209df10904a,sheet2:R13,,,
0bdd9400fe16dc1f-sheet2-R14,2026-05-21,busan-city,합의제행정기관 > 자치경찰위원회 > 사무국 > 자치경찰행정과,풍미,자치경찰위원회 업무추진을 위한 만찬간담회,400000,0bdd9400fe16dc1ffa39008c90c3b669596e895ae4308529994c6209df10904a,sheet2:R14,,,
0bdd9400fe16dc1f-sheet2-R15,2026-05-28,busan-city,합의제행정기관 > 자치경찰위원회 > 사무국 > 자치경찰행정과,쿠디푸디엑스,영남권 자치경찰위원장협의회 현안 논의를 위한 차담회,193000,0bdd9400fe16dc1ffa39008c90c3b669596e895ae4308529994c6209df10904a,sheet2:R15,,,
0bdd9400fe16dc1f-sheet3-R3,2026-05-14,busan-city,합의제행정기관 > 자치경찰위원회 > 사무국 > 자치경찰행정과,쿠팡,부서 운영을 위한 다과 등 구입,247760,0bdd9400fe16dc1ffa39008c90c3b669596e895ae4308529994c6209df10904a,sheet3:R3,,,
60e03d76afe74a8c-sheet1-R4,2026-06-12,busan-city,권익보호담당관,"카페 브로, 종가집꼬리곰탕",직장 내 성희롱·성폭력·괴롭힘 사건 관련 관계자 협의 간담회 개최,178800,60e03d76afe74a8ce0003d3bfc7ea2207fa63e0acb583cc4818ed8fb94a650cf,sheet1:R4,,,
60e03d76afe74a8c-sheet1-R5,2026-06-12,busan-city,권익보호담당관,"로우라이즈, 종가집꼬리곰탕",당면 현안업무 추진 간담회 개최,130000,60e03d76afe74a8ce0003d3bfc7ea2207fa63e0acb583cc4818ed8fb94a650cf,sheet1:R5,,,
60e03d76afe74a8c-sheet1-R6,2026-04-07,busan-city,권익보호담당관,정초밥,당면 현안업무 추진 간담회 개최,100000,60e03d76afe74a8ce0003d3bfc7ea2207fa63e0acb583cc4818ed8fb94a650cf,sheet1:R6,,,
25c89645a29a9560-sheet1-R3,2026-04-09,busan-city,디지털경제실 > 투자유치과,정관장양정점,투자양해각서 체결행사 기념품 구입건의,296000,25c89645a29a9560d07aa48106e89760af3cb943fb3c9d26738f363d55502793,sheet1:R3,,,
25c89645a29a9560-sheet1-R4,2026-04-09,busan-city,디지털경제실 > 투자유치과,공무원매점외 1,외자유치 업무 추진을 위한 다과 등 구입,95300,25c89645a29a9560d07aa48106e89760af3cb943fb3c9d26738f363d55502793,sheet1:R4,,,
25c89645a29a9560-sheet1-R5,2026-04-14,busan-city,디지털경제실 > 투자유치과,한화커넥트 (주),부산진해경제자유구역 현안 간담회 개최,138000,25c89645a29a9560d07aa48106e89760af3cb943fb3c9d26738f363d55502793,sheet1:R5,,,
25c89645a29a9560-sheet1-R6,2026-04-17,busan-city,디지털경제실 > 투자유치과,모모스커피 주식회사,부산·진해경제자유구역 현안 회의 다과 구입(커피),187200,25c89645a29a9560d07aa48106e89760af3cb943fb3c9d26738f363d55502793,sheet1:R6,,,
25c89645a29a9560-sheet1-R7,2026-04-17,busan-city,디지털경제실 > 투자유치과,이흥용베이커리,부산·진해경제자유구역 현안 회의 다과 구입(베이커리),100200,25c89645a29a9560d07aa48106e89760af3cb943fb3c9d26738f363d55502793,sheet1:R7,,,
25c89645a29a9560-sheet1-R8,2026-04-30,busan-city,디지털경제실 > 투자유치과,테라비2(TerraB2),부산·진해경제자유구역 현안 간담회 개최,97500,25c89645a29a9560d07aa48106e89760af3cb943fb3c9d26738f363d55502793,sheet1:R8,,,
25c89645a29a9560-sheet1-R9,2026-06-24,busan-city,디지털경제실 > 투자유치과,독도참가자미회,경제자유구역 현안 간담회 개최,192000,25c89645a29a9560d07aa48106e89760af3cb943fb3c9d26738f363d55502793,sheet1:R9,,,
2d248b1af5c6ba1b-sheet1-R5,2026-06-26,busan-city,기획조정실 > 기획관 > 조직담당관,이재모피자,현안업무 추진 직원 격려 간담회 개최,231400,2d248b1af5c6ba1b82a783df4d2f53c4bf337b7a8cc1429445631e3cd6c12161,sheet1:R5,,,
2d248b1af5c6ba1b-sheet1-R6,2026-03-04,busan-city,기획조정실 > 기획관 > 조직담당관,팔미초밥 외 1,부산 착한결제(선결제) 관련 업무추진비 집행,500000,2d248b1af5c6ba1b82a783df4d2f53c4bf337b7a8cc1429445631e3cd6c12161,sheet1:R6,,,
2d248b1af5c6ba1b-sheet1-R7,2026-03-09,busan-city,기획조정실 > 기획관 > 조직담당관,경복궁앤도시락,공약 평가 관련 유관기관 간담회 개최,224000,2d248b1af5c6ba1b82a783df4d2f53c4bf337b7a8cc1429445631e3cd6c12161,sheet1:R7,,,
2d248b1af5c6ba1b-sheet1-R8,2026-03-19,busan-city,기획조정실 > 기획관 > 조직담당관,칙투칙,2026년 성과관리 지표컨설팅 추진 관련 간담회 개최(소방재난본부),30000,2d248b1af5c6ba1b82a783df4d2f53c4bf337b7a8cc1429445631e3cd6c12161,sheet1:R8,,,
2d248b1af5c6ba1b-sheet1-R9,2026-03-20,busan-city,기획조정실 > 기획관 > 조직담당관,홍성방 외 2,공약 등 현안 업무 협의를 위한 간담회 개최,177300,2d248b1af5c6ba1b82a783df4d2f53c4bf337b7a8cc1429445631e3cd6c12161,sheet1:R9,,,
2d248b1af5c6ba1b-sheet1-R10,2026-03-26,busan-city,기획조정실 > 기획관 > 조직담당관,진주횟집,조직문화 개선을 위한 간담회 개최,80000,2d248b1af5c6ba1b82a783df4d2f53c4bf337b7a8cc1429445631e3cd6c12161,sheet1:R10,,,
2d248b1af5c6ba1b-sheet1-R11,2026-03-31,busan-city,기획조정실 > 기획관 > 조직담당관,히얼이즈커피,2026년 제2회 성과평가위원회 추진 관련 간담회 개최,150000,2d248b1af5c6ba1b82a783df4d2f53c4bf337b7a8cc1429445631e3cd6c12161,sheet1:R11,,,
2d248b1af5c6ba1b-sheet1-R12,2026-03-27,busan-city,기획조정실 > 기획관 > 조직담당관,히얼이즈커피,지자체 합동평가 담당자 역량강화 간담회 개최,160000,2d248b1af5c6ba1b82a783df4d2f53c4bf337b7a8cc1429445631e3cd6c12161,sheet1:R12,,,
2d248b1af5c6ba1b-sheet1-R13,2026-04-10,busan-city,기획조정실 > 기획관 > 조직담당관,텐퍼센트,2026년 상반기 부산시 규제혁신TF 회의 관련 다과 구입,47500,2d248b1af5c6ba1b82a783df4d2f53c4bf337b7a8cc1429445631e3cd6c12161,sheet1:R13,,,
2d248b1af5c6ba1b-sheet1-R14,2026-04-10,busan-city,기획조정실 > 기획관 > 조직담당관,텐퍼센트,2026년 상반기 규제혁신TF 구·군 실무회의 관련 다과 구입,38100,2d248b1af5c6ba1b82a783df4d2f53c4bf337b7a8cc1429445631e3cd6c12161,sheet1:R14,,,
2d248b1af5c6ba1b-sheet1-R15,2026-04-22,busan-city,기획조정실 > 기획관 > 조직담당관,툇마루,공무인력 정원관리 업무추진 간담회,100000,2d248b1af5c6ba1b82a783df4d2f53c4bf337b7a8cc1429445631e3cd6c12161,sheet1:R15,,,
2d248b1af5c6ba1b-sheet1-R16,2026-05-27,busan-city,기획조정실 > 기획관 > 조직담당관,외백,공약 등 현안 업무 협의를 위한 간담회 개최,135000,2d248b1af5c6ba1b82a783df4d2f53c4bf337b7a8cc1429445631e3cd6c12161,sheet1:R16,,,
2d248b1af5c6ba1b-sheet1-R17,2026-05-29,busan-city,기획조정실 > 기획관 > 조직담당관,우나기만,공약 등 현안 업무 협의를 위한 간담회 개최,140000,2d248b1af5c6ba1b82a783df4d2f53c4bf337b7a8cc1429445631e3cd6c12161,sheet1:R17,,,
2d248b1af5c6ba1b-sheet1-R18,2026-06-01,busan-city,기획조정실 > 기획관 > 조직담당관,은화횟집,공무직 정원 관련 협의를 위한 간담회 개최,240000,2d248b1af5c6ba1b82a783df4d2f53c4bf337b7a8cc1429445631e3cd6c12161,sheet1:R18,,,
d5bf8a7ecce809cb-sheet1-R4,2026-04-06,busan-city,건설본부 > 총무부 > 총무팀,-,직원 경조사비 지급,50000,d5bf8a7ecce809cbe338fb91225be842da911ffed1e9f42d8d53f395c1dba9fd,sheet1:R4,,,
d5bf8a7ecce809cb-sheet1-R5,2026-04-07,busan-city,건설본부 > 총무부 > 총무팀,가얏골감자탕 강서구,현안 업무 추진을 위한 간담회 개최(보상팀),71000,d5bf8a7ecce809cbe338fb91225be842da911ffed1e9f42d8d53f395c1dba9fd,sheet1:R5,,,
d5bf8a7ecce809cb-sheet1-R6,2026-04-07,busan-city,건설본부 > 총무부 > 총무팀,하삼동커피 강서구청,현안 업무 추진을 위한 간담회 개최(보상팀),21200,d5bf8a7ecce809cbe338fb91225be842da911ffed1e9f42d8d53f395c1dba9fd,sheet1:R6,,,
d5bf8a7ecce809cb-sheet1-R7,2026-04-08,busan-city,건설본부 > 총무부 > 총무팀,남해복국,소통 및 안전관리 현장점검에 따른 간담회 개최,350000,d5bf8a7ecce809cbe338fb91225be842da911ffed1e9f42d8d53f395c1dba9fd,sheet1:R7,,,
d5bf8a7ecce809cb-sheet1-R8,2026-04-08,busan-city,건설본부 > 총무부 > 총무팀,곰배령,도로침하지 긴급 안전점검 관련 간담회 개최,180000,d5bf8a7ecce809cbe338fb91225be842da911ffed1e9f42d8d53f395c1dba9fd,sheet1:R8,,,
d5bf8a7ecce809cb-sheet1-R9,2026-04-09,busan-city,건설본부 > 총무부 > 총무팀,금수복국 동래점,도로침하지 긴급안전 합동점검 관련 간담회 개최,265000,d5bf8a7ecce809cbe338fb91225be842da911ffed1e9f42d8d53f395c1dba9fd,sheet1:R9,,,
d5bf8a7ecce809cb-sheet1-R10,2026-04-10,busan-city,건설본부 > 총무부 > 총무팀,부용당,건설공사 안전관리 강화방안 논의 간담회 개최,450000,d5bf8a7ecce809cbe338fb91225be842da911ffed1e9f42d8d53f395c1dba9fd,sheet1:R10,,,
d5bf8a7ecce809cb-sheet1-R11,2026-04-15,busan-city,건설본부 > 총무부 > 총무팀,연정 김치찌개,소통 및 안전관리 현장점검에 따른 간담회 개최,203000,d5bf8a7ecce809cbe338fb91225be842da911ffed1e9f42d8d53f395c1dba9fd,sheet1:R11,,,
d5bf8a7ecce809cb-sheet1-R12,2026-04-16,busan-city,건설본부 > 총무부 > 총무팀,식당3선 금정점,여름철 자연재난 대비 민간전문가 합동점검에 따른 업무협의,108000,d5bf8a7ecce809cbe338fb91225be842da911ffed1e9f42d8d53f395c1dba9fd,sheet1:R12,,,
d5bf8a7ecce809cb-sheet1-R13,2026-04-21,busan-city,건설본부 > 총무부 > 총무팀,주식회사냉수탕가든,여름철 자연재난 대비 민간전문가 합동점검에 따른 업무협의,105000,d5bf8a7ecce809cbe338fb91225be842da911ffed1e9f42d8d53f395c1dba9fd,sheet1:R13,,,
d5bf8a7ecce809cb-sheet1-R14,2026-04-23,busan-city,건설본부 > 총무부 > 총무팀,갓잇 평택고덕신도시점,완성도 높은 전문 공연시설 건립을 위한 전문가 간담회 개최,164800,d5bf8a7ecce809cbe338fb91225be842da911ffed1e9f42d8d53f395c1dba9fd,sheet1:R14,,,
d5bf8a7ecce809cb-sheet1-R15,2026-04-27,busan-city,건설본부 > 총무부 > 총무팀,돈풍각,원활한 토목건설사업 추진을 위한 간담회 개최,152000,d5bf8a7ecce809cbe338fb91225be842da911ffed1e9f42d8d53f395c1dba9fd,sheet1:R15,,,
d5bf8a7ecce809cb-sheet1-R16,2026-05-07,busan-city,건설본부 > 총무부 > 총무팀,진화라락,현안업무 대응 직원 노고 격려 간담회 개최,349000,d5bf8a7ecce809cbe338fb91225be842da911ffed1e9f42d8d53f395c1dba9fd,sheet1:R16,,,
d5bf8a7ecce809cb-sheet1-R17,2026-05-08,busan-city,건설본부 > 총무부 > 총무팀,-,직원 경조사비 지급,50000,d5bf8a7ecce809cbe338fb91225be842da911ffed1e9f42d8d53f395c1dba9fd,sheet1:R17,,,
d5bf8a7ecce809cb-sheet1-R18,2026-05-15,busan-city,건설본부 > 총무부 > 총무팀,푸주옥,현안업무 추진 관련 간담회 개최,120000,d5bf8a7ecce809cbe338fb91225be842da911ffed1e9f42d8d53f395c1dba9fd,sheet1:R18,,,
d5bf8a7ecce809cb-sheet1-R19,2026-06-02,busan-city,건설본부 > 총무부 > 총무팀,커리플라,본부 주요 현안 대응 직원 격려 간담회 개최,39500,d5bf8a7ecce809cbe338fb91225be842da911ffed1e9f42d8d53f395c1dba9fd,sheet1:R19,,,
d5bf8a7ecce809cb-sheet1-R20,2026-06-17,busan-city,건설본부 > 총무부 > 총무팀,주식회사 더블유더파티 시청지점,총무부 퇴임 직원 격려 간담회 개최,150000,d5bf8a7ecce809cbe338fb91225be842da911ffed1e9f42d8d53f395c1dba9fd,sheet1:R20,,,
d5bf8a7ecce809cb-sheet1-R21,2026-06-17,busan-city,건설본부 > 총무부 > 총무팀,요이참치,주요 교량건설사업 현안 논의를 위한 간담회 개최,142000,d5bf8a7ecce809cbe338fb91225be842da911ffed1e9f42d8d53f395c1dba9fd,sheet1:R21,,,
d5bf8a7ecce809cb-sheet1-R22,2026-06-24,busan-city,건설본부 > 총무부 > 총무팀,곰배령,소통 및 안전관리 현장점검에 따른 간담회 개최,356000,d5bf8a7ecce809cbe338fb91225be842da911ffed1e9f42d8d53f395c1dba9fd,sheet1:R22,,,
d5bf8a7ecce809cb-sheet1-R23,2026-06-24,busan-city,건설본부 > 총무부 > 총무팀,아시오,민선9기 인수위원회 현장점검 관련 다과 구입,63100,d5bf8a7ecce809cbe338fb91225be842da911ffed1e9f42d8d53f395c1dba9fd,sheet1:R23,,,
3ba2908ea15da378-sheet1-R5,2026-04-01,busan-city,도시혁신균형실 > 미래혁신기획과,멧집찌개,개발사업 관계자 간담회 개최,350000,3ba2908ea15da378d71c3badf476e92441f90302605e40acc456c2dccab19776,sheet1:R5,,,
3ba2908ea15da378-sheet1-R6,2026-04-02,busan-city,도시혁신균형실 > 미래혁신기획과,(주)정진홈푸드부산항국제여객터미널점,현안업무 추진을 위한 간담회 개최,34000,3ba2908ea15da378d71c3badf476e92441f90302605e40acc456c2dccab19776,sheet1:R6,,,
3ba2908ea15da378-sheet1-R7,2026-04-02,busan-city,도시혁신균형실 > 미래혁신기획과,"카페드롭탑국제여객터미널, 홍성방",산복도로 정책브리핑 현장방문 관련 간담회 개최,307900,3ba2908ea15da378d71c3badf476e92441f90302605e40acc456c2dccab19776,sheet1:R7,,,
3ba2908ea15da378-sheet1-R8,2026-04-09,busan-city,도시혁신균형실 > 미래혁신기획과,취원3,현안업무 추진을 위한 간담회 개최,200000,3ba2908ea15da378d71c3badf476e92441f90302605e40acc456c2dccab19776,sheet1:R8,,,
3ba2908ea15da378-sheet1-R9,2026-04-14,busan-city,도시혁신균형실 > 미래혁신기획과,케이닥,현안업무 추진을 위한 간담회 개최,347000,3ba2908ea15da378d71c3badf476e92441f90302605e40acc456c2dccab19776,sheet1:R9,,,
3ba2908ea15da378-sheet1-R10,2026-04-14,busan-city,도시혁신균형실 > 미래혁신기획과,정초밥,현안업무 추진을 위한 간담회 개최(수정),140000,3ba2908ea15da378d71c3badf476e92441f90302605e40acc456c2dccab19776,sheet1:R10,,,
3ba2908ea15da378-sheet1-R11,2026-04-15,busan-city,도시혁신균형실 > 미래혁신기획과,"최가네엄마돼지국밥, 히얼이즈커피 부산시청점",현안업무 추진을 위한 간담회 개최,450000,3ba2908ea15da378d71c3badf476e92441f90302605e40acc456c2dccab19776,sheet1:R11,,,
3ba2908ea15da378-sheet1-R12,2026-04-16,busan-city,도시혁신균형실 > 미래혁신기획과,취원3,현안업무 추진을 위한 간담회 개최,120000,3ba2908ea15da378d71c3badf476e92441f90302605e40acc456c2dccab19776,sheet1:R12,,,
3ba2908ea15da378-sheet1-R13,2026-04-22,busan-city,도시혁신균형실 > 미래혁신기획과,"주문진물회.탕.구이, 써니데이(SUNNYDAY)",현안업무 처리를 위한 간담회 개최,100600,3ba2908ea15da378d71c3badf476e92441f90302605e40acc456c2dccab19776,sheet1:R13,,,
3ba2908ea15da378-sheet1-R14,2026-04-23,busan-city,도시혁신균형실 > 미래혁신기획과,"취원, 읍천리382연제점",현안업무 추진을 위한 간담회 개최,130500,3ba2908ea15da378d71c3badf476e92441f90302605e40acc456c2dccab19776,sheet1:R14,,,
3ba2908ea15da378-sheet1-R15,2026-04-24,busan-city,도시혁신균형실 > 미래혁신기획과,복이있는202갈삼,강동권개발 추진 간담회 개최,209000,3ba2908ea15da378d71c3badf476e92441f90302605e40acc456c2dccab19776,sheet1:R15,,,
3ba2908ea15da378-sheet1-R16,2026-04-24,busan-city,도시혁신균형실 > 미래혁신기획과,이비가짬뽕 시청점,현안업무 추진을 위한 간담회 개최,81000,3ba2908ea15da378d71c3badf476e92441f90302605e40acc456c2dccab19776,sheet1:R16,,,
3ba2908ea15da378-sheet1-R17,2026-04-28,busan-city,도시혁신균형실 > 미래혁신기획과,"우나기 만, 읍천리382연제점",현안업무 추진을 위한 간담회 개최,130500,3ba2908ea15da378d71c3badf476e92441f90302605e40acc456c2dccab19776,sheet1:R17,,,
3ba2908ea15da378-sheet1-R18,2026-04-28,busan-city,도시혁신균형실 > 미래혁신기획과,스타벅스 코리아,도시혁신균형실 직원 격려를 위한 다과 구입,100000,3ba2908ea15da378d71c3badf476e92441f90302605e40acc456c2dccab19776,sheet1:R18,,,
3ba2908ea15da378-sheet1-R19,2026-04-29,busan-city,도시혁신균형실 > 미래혁신기획과,장성향,현안업무 추진을 위한 간담회 개최,240000,3ba2908ea15da378d71c3badf476e92441f90302605e40acc456c2dccab19776,sheet1:R19,,,
3ba2908ea15da378-sheet1-R20,2026-04-29,busan-city,도시혁신균형실 > 미래혁신기획과,신촌,개발사업 관계자 간담회 개최,375000,3ba2908ea15da378d71c3badf476e92441f90302605e40acc456c2dccab19776,sheet1:R20,,,
3ba2908ea15da378-sheet1-R21,2026-04-29,busan-city,도시혁신균형실 > 미래혁신기획과,"토정삼계탕청사관, 텐퍼센트커피 세종청사점",개발사업 관계자 간담회 개최,58600,3ba2908ea15da378d71c3badf476e92441f90302605e40acc456c2dccab19776,sheet1:R21,,,
3ba2908ea15da378-sheet1-R22,2026-04-30,busan-city,도시혁신균형실 > 미래혁신기획과,우나기 만,현안업무 추진을 위한 간담회 개최,168000,3ba2908ea15da378d71c3badf476e92441f90302605e40acc456c2dccab19776,sheet1:R22,,,
3ba2908ea15da378-sheet1-R23,2026-05-06,busan-city,도시혁신균형실 > 미래혁신기획과,(주)사미헌,현안업무 추진을 위한 간담회 개최,480000,3ba2908ea15da378d71c3badf476e92441f90302605e40acc456c2dccab19776,sheet1:R23,,,
3ba2908ea15da378-sheet1-R24,2026-05-07,busan-city,도시혁신균형실 > 미래혁신기획과,이비가짬뽕 시청점,현안업무 추진을 위한 간담회 개최,109000,3ba2908ea15da378d71c3badf476e92441f90302605e40acc456c2dccab19776,sheet1:R24,,,
3ba2908ea15da378-sheet1-R25,2026-05-12,busan-city,도시혁신균형실 > 미래혁신기획과,스타벅스 코리아,도시혁신균형실 직원 격려를 위한 다과 구입,300000,3ba2908ea15da378d71c3badf476e92441f90302605e40acc456c2dccab19776,sheet1:R25,,,
3ba2908ea15da378-sheet1-R26,2026-05-12,busan-city,도시혁신균형실 > 미래혁신기획과,"정초밥, 투썸플레이스부산시청점",현안업무 추진을 위한 간담회 개최,110900,3ba2908ea15da378d71c3badf476e92441f90302605e40acc456c2dccab19776,sheet1:R26,,,
3ba2908ea15da378-sheet1-R27,2026-05-13,busan-city,도시혁신균형실 > 미래혁신기획과,"주문진막국수, 스타벅스 코리아",현안업무 추진을 위한 간담회 개최,98100,3ba2908ea15da378d71c3badf476e92441f90302605e40acc456c2dccab19776,sheet1:R27,,,
3ba2908ea15da378-sheet1-R28,2026-05-13,busan-city,도시혁신균형실 > 미래혁신기획과,코벤(오프라인)_(A),개발사업 추진에 따른 간담회 개최,300000,3ba2908ea15da378d71c3badf476e92441f90302605e40acc456c2dccab19776,sheet1:R28,,,
3ba2908ea15da378-sheet1-R29,2026-05-21,busan-city,도시혁신균형실 > 미래혁신기획과,"취원, 읍천리382연제점",현안업무처리를 위한 간담회 개최,130500,3ba2908ea15da378d71c3badf476e92441f90302605e40acc456c2dccab19776,sheet1:R29,,,
3ba2908ea15da378-sheet1-R30,2026-05-22,busan-city,도시혁신균형실 > 미래혁신기획과,"목짬, 쇼숑 베이커리",현안업무 추진을 위한 간담회 개최,160600,3ba2908ea15da378d71c3badf476e92441f90302605e40acc456c2dccab19776,sheet1:R30,,,
3ba2908ea15da378-sheet1-R31,2026-06-02,busan-city,도시혁신균형실 > 미래혁신기획과,대우회센타,현안업무 추진을 위한 간담회 개최,445000,3ba2908ea15da378d71c3badf476e92441f90302605e40acc456c2dccab19776,sheet1:R31,,,
3ba2908ea15da378-sheet1-R32,2026-06-05,busan-city,도시혁신균형실 > 미래혁신기획과,우나기 만,현안업무 추진을 위한 간담회 개최,175000,3ba2908ea15da378d71c3badf476e92441f90302605e40acc456c2dccab19776,sheet1:R32,,,
3ba2908ea15da378-sheet1-R33,2026-06-16,busan-city,도시혁신균형실 > 미래혁신기획과,고향통닭,현안업무 추진을 위한 간담회 개최,253500,3ba2908ea15da378d71c3badf476e92441f90302605e40acc456c2dccab19776,sheet1:R33,,,
3ba2908ea15da378-sheet1-R34,2026-06-18,busan-city,도시혁신균형실 > 미래혁신기획과,우나기 만,현안업무 추진을 위한 간담회 개최,140000,3ba2908ea15da378d71c3badf476e92441f90302605e40acc456c2dccab19776,sheet1:R34,,,
3ba2908ea15da378-sheet1-R35,2026-06-30,busan-city,도시혁신균형실 > 미래혁신기획과,우나기 만,현안업무 추진을 위한 간담회 개최,115000,3ba2908ea15da378d71c3badf476e92441f90302605e40acc456c2dccab19776,sheet1:R35,,,
46fb051729a21b5d-sheet2-R4,2026-04-01,busan-city,서울본부 > 총괄지원팀,연타발,서울본부 직원 격려 간담회 개최(4.1.오찬),390000,46fb051729a21b5da69642c731993bd30e54ee7ed24c6d173f4c4bcf49cc4761,sheet2:R4,,,
46fb051729a21b5d-sheet2-R5,2026-04-28,busan-city,서울본부 > 총괄지원팀,투썸플레이스,서울본부 직원 격려 차담회 개최(4.28.),70000,46fb051729a21b5da69642c731993bd30e54ee7ed24c6d173f4c4bcf49cc4761,sheet2:R5,,,
46fb051729a21b5d-sheet2-R6,2026-05-27,busan-city,서울본부 > 총괄지원팀,팔당반점 서여의도점,부울경 서울본부 업무협의 간담회 개최(5.27. 오찬),174000,46fb051729a21b5da69642c731993bd30e54ee7ed24c6d173f4c4bcf49cc4761,sheet2:R6,,,
46fb051729a21b5d-sheet2-R7,2026-06-25,busan-city,서울본부 > 총괄지원팀,소문난 부자 돼지국밥&족발,국회관계자 업무협의 간담회 개최(6.25.오찬),116000,46fb051729a21b5da69642c731993bd30e54ee7ed24c6d173f4c4bcf49cc4761,sheet2:R7,,,
46fb051729a21b5d-sheet3-R4,2026-04-02,busan-city,서울본부 > 총괄지원팀,파스쿠찌 세종베스트웨스턴호텔점외 1,중앙부처 공무원 초청 시정협조 간담회 개최(4.2. 오찬),324300,46fb051729a21b5da69642c731993bd30e54ee7ed24c6d173f4c4bcf49cc4761,sheet3:R4,,,
46fb051729a21b5d-sheet3-R5,2026-04-02,busan-city,서울본부 > 총괄지원팀,밥상차려주는집,시도 세종사무소 정보교류 간담회 개최(4.2. 만찬),150000,46fb051729a21b5da69642c731993bd30e54ee7ed24c6d173f4c4bcf49cc4761,sheet3:R5,,,
46fb051729a21b5d-sheet3-R6,2026-04-03,busan-city,서울본부 > 총괄지원팀,정우칼국수보쌈(여의도본점),국회관계자 시정간담회 개최(4. 3. 오찬),187000,46fb051729a21b5da69642c731993bd30e54ee7ed24c6d173f4c4bcf49cc4761,sheet3:R6,,,
46fb051729a21b5d-sheet3-R7,2026-04-03,busan-city,서울본부 > 총괄지원팀,이태원천상여의도점외 1,국회관계자 시정간담회 개최 (4.3. 오찬),199000,46fb051729a21b5da69642c731993bd30e54ee7ed24c6d173f4c4bcf49cc4761,sheet3:R7,,,
46fb051729a21b5d-sheet3-R8,2026-04-03,busan-city,서울본부 > 총괄지원팀,카페드롭탑서여의도점외 1,"수도권 중앙언론 시정간담회 개최(4.3,오찬)",96900,46fb051729a21b5da69642c731993bd30e54ee7ed24c6d173f4c4bcf49cc4761,sheet3:R8,,,
46fb051729a21b5d-sheet3-R9,2026-04-07,busan-city,서울본부 > 총괄지원팀,37.5 시그니처 여의도외 1,국회관계자 시정간담회 개최 (4.7. 오찬),68400,46fb051729a21b5da69642c731993bd30e54ee7ed24c6d173f4c4bcf49cc4761,sheet3:R9,,,
46fb051729a21b5d-sheet3-R10,2026-04-07,busan-city,서울본부 > 총괄지원팀,(주)신화케이푸드,중앙부처 공무원 초청 시정협조 간담회 개최(4.7. 오찬),205000,46fb051729a21b5da69642c731993bd30e54ee7ed24c6d173f4c4bcf49cc4761,sheet3:R10,,,
46fb051729a21b5d-sheet3-R11,2026-04-08,busan-city,서울본부 > 총괄지원팀,뒤풀이,국회관계자 시정간담회 개최(4.8.오찬),18000,46fb051729a21b5da69642c731993bd30e54ee7ed24c6d173f4c4bcf49cc4761,sheet3:R11,,,
46fb051729a21b5d-sheet3-R12,2026-04-09,busan-city,서울본부 > 총괄지원팀,주식회사 큐매니지먼트,국회관계자 시정간담회 개최 (4.9. 오찬),80000,46fb051729a21b5da69642c731993bd30e54ee7ed24c6d173f4c4bcf49cc4761,sheet3:R12,,,
46fb051729a21b5d-sheet3-R13,2026-04-09,busan-city,서울본부 > 총괄지원팀,한류관,수도권 지역언론 시정간담회 개최(4.9.오찬),300000,46fb051729a21b5da69642c731993bd30e54ee7ed24c6d173f4c4bcf49cc4761,sheet3:R13,,,
46fb051729a21b5d-sheet3-R14,2026-04-09,busan-city,서울본부 > 총괄지원팀,바로쌈밥,정부세종청사 파견공무원 시정협조 간담회 개최(4.9.만찬),101000,46fb051729a21b5da69642c731993bd30e54ee7ed24c6d173f4c4bcf49cc4761,sheet3:R14,,,
46fb051729a21b5d-sheet3-R15,2026-04-10,busan-city,서울본부 > 총괄지원팀,화담,수도권 중앙언론 시정간담회 개최(4.10.오찬),456000,46fb051729a21b5da69642c731993bd30e54ee7ed24c6d173f4c4bcf49cc4761,sheet3:R15,,,
46fb051729a21b5d-sheet3-R16,2026-04-10,busan-city,서울본부 > 총괄지원팀,온더보더 광화문D타워점,국회관계자 시정간담회 개최(4.10. 오찬),83000,46fb051729a21b5da69642c731993bd30e54ee7ed24c6d173f4c4bcf49cc4761,sheet3:R16,,,
46fb051729a21b5d-sheet3-R17,2026-04-13,busan-city,서울본부 > 총괄지원팀,정오,수도권 중앙언론 시정간담회 개최(4.13. 오찬),134000,46fb051729a21b5da69642c731993bd30e54ee7ed24c6d173f4c4bcf49cc4761,sheet3:R17,,,
46fb051729a21b5d-sheet3-R18,2026-04-13,busan-city,서울본부 > 총괄지원팀,스타벅스 코리아,시정 홍보 및 협력 요청을 위한 언론인 차담회 개최(4.13.),65800,46fb051729a21b5da69642c731993bd30e54ee7ed24c6d173f4c4bcf49cc4761,sheet3:R18,,,
46fb051729a21b5d-sheet3-R19,2026-04-14,busan-city,서울본부 > 총괄지원팀,스타벅스 코리아,시정 홍보 및 협력 요청을 위한 언론인 차담회 개최(4.14.),66300,46fb051729a21b5da69642c731993bd30e54ee7ed24c6d173f4c4bcf49cc4761,sheet3:R19,,,
46fb051729a21b5d-sheet3-R20,2026-04-14,busan-city,서울본부 > 총괄지원팀,외백,수도권 중앙언론 시정간담회 개최(4.14.만찬),480000,46fb051729a21b5da69642c731993bd30e54ee7ed24c6d173f4c4bcf49cc4761,sheet3:R20,,,
46fb051729a21b5d-sheet3-R21,2026-04-14,busan-city,서울본부 > 총괄지원팀,판동면옥 여의도점,국회관계자 시정간담회 개최(4.14.만찬),210000,46fb051729a21b5da69642c731993bd30e54ee7ed24c6d173f4c4bcf49cc4761,sheet3:R21,,,
46fb051729a21b5d-sheet3-R22,2026-04-15,busan-city,서울본부 > 총괄지원팀,대선칼국수,중앙부처 관계자 시정간담회 개최 (4.15. 오찬),106000,46fb051729a21b5da69642c731993bd30e54ee7ed24c6d173f4c4bcf49cc4761,sheet3:R22,,,
46fb051729a21b5d-sheet3-R23,2026-04-17,busan-city,서울본부 > 총괄지원팀,민소한우(서여의도점),"수도권 중앙언론 시정간담회 개최(4.17,오찬)",70000,46fb051729a21b5da69642c731993bd30e54ee7ed24c6d173f4c4bcf49cc4761,sheet3:R23,,,
46fb051729a21b5d-sheet3-R24,2026-04-20,busan-city,서울본부 > 총괄지원팀,이즈미,국회관계자 시정간담회 개최 (4.20. 만찬),88000,46fb051729a21b5da69642c731993bd30e54ee7ed24c6d173f4c4bcf49cc4761,sheet3:R24,,,
46fb051729a21b5d-sheet3-R25,2026-04-20,busan-city,서울본부 > 총괄지원팀,이태원천상여의도점,국회관계자 시정간담회 개최 (4.20.만찬),101000,46fb051729a21b5da69642c731993bd30e54ee7ed24c6d173f4c4bcf49cc4761,sheet3:R25,,,
46fb051729a21b5d-sheet3-R26,2026-04-21,busan-city,서울본부 > 총괄지원팀,스타벅스 코리아,시정 홍보 및 협력 요청을 위한 언론인 차담회 개최(4.21.),65800,46fb051729a21b5da69642c731993bd30e54ee7ed24c6d173f4c4bcf49cc4761,sheet3:R26,,,
46fb051729a21b5d-sheet3-R27,2026-04-21,busan-city,서울본부 > 총괄지원팀,가시리 여의도점,국회관계자 시정간담회 개최(4.21. 만찬),286000,46fb051729a21b5da69642c731993bd30e54ee7ed24c6d173f4c4bcf49cc4761,sheet3:R27,,,
46fb051729a21b5d-sheet3-R28,2026-04-21,busan-city,서울본부 > 총괄지원팀,그릴 드 우와,시도 세종사무소 정보교류 간담회 개최(4.21. 만찬),250000,46fb051729a21b5da69642c731993bd30e54ee7ed24c6d173f4c4bcf49cc4761,sheet3:R28,,,
46fb051729a21b5d-sheet3-R29,2026-04-22,busan-city,서울본부 > 총괄지원팀,외백,수도권 지역언론 시정간담회 개최(4.22.오찬),378000,46fb051729a21b5da69642c731993bd30e54ee7ed24c6d173f4c4bcf49cc4761,sheet3:R29,,,
46fb051729a21b5d-sheet3-R30,2026-04-22,busan-city,서울본부 > 총괄지원팀,더현대 서울,시정 현안 논의를 위한 국회관계자 차담회 개최(4.22.),146000,46fb051729a21b5da69642c731993bd30e54ee7ed24c6d173f4c4bcf49cc4761,sheet3:R30,,,
46fb051729a21b5d-sheet3-R31,2026-04-22,busan-city,서울본부 > 총괄지원팀,주식회사 큐매니지먼트,국회관계자 시정간담회 개최 (4.22. 만찬),184000,46fb051729a21b5da69642c731993bd30e54ee7ed24c6d173f4c4bcf49cc4761,sheet3:R31,,,
46fb051729a21b5d-sheet3-R32,2026-04-23,busan-city,서울본부 > 총괄지원팀,더키친우와,정부세종청사 파견공무원 시정협조 간담회 개최(4.23.오찬),197300,46fb051729a21b5da69642c731993bd30e54ee7ed24c6d173f4c4bcf49cc4761,sheet3:R32,,,
46fb051729a21b5d-sheet3-R33,2026-04-29,busan-city,서울본부 > 총괄지원팀,파스쿠찌 세종베스트웨스턴호텔점외 1,중앙부처 공무원 시정협조 간담회 개최(4.29. 오찬),230600,46fb051729a21b5da69642c731993bd30e54ee7ed24c6d173f4c4bcf49cc4761,sheet3:R33,,,
46fb051729a21b5d-sheet3-R34,2026-05-26,busan-city,서울본부 > 총괄지원팀,소미담 세종고운점,세종청사 출입 언론인과의 시정 홍보 차담회 개최(5.26.),150000,46fb051729a21b5da69642c731993bd30e54ee7ed24c6d173f4c4bcf49cc4761,sheet3:R34,,,
46fb051729a21b5d-sheet3-R35,2026-05-27,busan-city,서울본부 > 총괄지원팀,용뎅이매운탕,정부세종청사 파견공무원 시정협조 간담회 개최(5.27.만찬),60000,46fb051729a21b5da69642c731993bd30e54ee7ed24c6d173f4c4bcf49cc4761,sheet3:R35,,,
46fb051729a21b5d-sheet3-R36,2026-06-02,busan-city,서울본부 > 총괄지원팀,그릴 드 우와,시도 세종사무소 정보교류 간담회 개최(6.2. 만찬),200000,46fb051729a21b5da69642c731993bd30e54ee7ed24c6d173f4c4bcf49cc4761,sheet3:R36,,,
46fb051729a21b5d-sheet3-R37,2026-06-09,busan-city,서울본부 > 총괄지원팀,(주)학산 테라로사커피 세종지점외 1,정부세종청사 파견공무원 시정협조 간담회 개최(6.9.오찬),163000,46fb051729a21b5da69642c731993bd30e54ee7ed24c6d173f4c4bcf49cc4761,sheet3:R37,,,
46fb051729a21b5d-sheet3-R38,2026-06-15,busan-city,서울본부 > 총괄지원팀,남도밥집,중앙부처 공무원 시정협조 간담회 개최(6.15. 만찬),73000,46fb051729a21b5da69642c731993bd30e54ee7ed24c6d173f4c4bcf49cc4761,sheet3:R38,,,
46fb051729a21b5d-sheet3-R39,2026-06-23,busan-city,서울본부 > 총괄지원팀,파리크라상 여의도2호점,국회의원 시정현안 협조 관련 노고 격려 간식 구입,49000,46fb051729a21b5da69642c731993bd30e54ee7ed24c6d173f4c4bcf49cc4761,sheet3:R39,,,
46fb051729a21b5d-sheet3-R40,2026-06-23,busan-city,서울본부 > 총괄지원팀,완미족발 세종나성점,중앙부처 공무원 시정협조 간담회 개최(6.23. 만찬),98300,46fb051729a21b5da69642c731993bd30e54ee7ed24c6d173f4c4bcf49cc4761,sheet3:R40,,,
46fb051729a21b5d-sheet4-R4,2026-06-08,busan-city,서울본부 > 총괄지원팀,외백,서울본부 직원 격려 간담회 개최(6.8.오찬),170000,46fb051729a21b5da69642c731993bd30e54ee7ed24c6d173f4c4bcf49cc4761,sheet4:R4,,,
46fb051729a21b5d-sheet4-R5,2026-06-11,busan-city,서울본부 > 총괄지원팀,자담치킨 어진점,세종사무소 직원 격려 간담회 개최(6.11. 만찬),120000,46fb051729a21b5da69642c731993bd30e54ee7ed24c6d173f4c4bcf49cc4761,sheet4:R5,,,
46fb051729a21b5d-sheet4-R6,2026-06-23,busan-city,서울본부 > 총괄지원팀,민소한우(서여의도점),서울본부 직원 격려 간담회 개최(6.23.오찬),432000,46fb051729a21b5da69642c731993bd30e54ee7ed24c6d173f4c4bcf49cc4761,sheet4:R6,,,
ed11b8e491b2b2b1-sheet1-R4,2026-04-23,busan-city,사회복지국 > 노인복지과,동진가,우리동네 ESG센터 협약식 관련 관계자 간담회,390000,ed11b8e491b2b2b1fb8690e94f3bbf6c3ffbae1b6247f3c19d211f0c902c24ee,sheet1:R4,,,
ed11b8e491b2b2b1-sheet1-R5,2026-04-23,busan-city,사회복지국 > 노인복지과,메이리,하하(HAHA)캠퍼스 조성 현장 방문 관계자 간담회,180000,ed11b8e491b2b2b1fb8690e94f3bbf6c3ffbae1b6247f3c19d211f0c902c24ee,sheet1:R5,,,
ed11b8e491b2b2b1-sheet1-R6,2026-04-27,busan-city,사회복지국 > 노인복지과,독도참가자미회,사회복지시설 운영 관련 유관기관 간담회,292000,ed11b8e491b2b2b1fb8690e94f3bbf6c3ffbae1b6247f3c19d211f0c902c24ee,sheet1:R6,,,
ed11b8e491b2b2b1-sheet1-R7,2026-05-26,busan-city,사회복지국 > 노인복지과,"공무원매점, 블루샥",2026년 공영장례 업무 추진 관련 간담회,110000,ed11b8e491b2b2b1fb8690e94f3bbf6c3ffbae1b6247f3c19d211f0c902c24ee,sheet1:R7,,,
ed11b8e491b2b2b1-sheet1-R8,2026-06-05,busan-city,사회복지국 > 노인복지과,뚜레쥬르,추모공원 업무추진 관련 간담회 다과구입,39300,ed11b8e491b2b2b1fb8690e94f3bbf6c3ffbae1b6247f3c19d211f0c902c24ee,sheet1:R8,,,
ed11b8e491b2b2b1-sheet1-R9,2026-06-10,busan-city,사회복지국 > 노인복지과,노도고등어회,노인일자리 전담기관 간담회,132000,ed11b8e491b2b2b1fb8690e94f3bbf6c3ffbae1b6247f3c19d211f0c902c24ee,sheet1:R9,,,
ed11b8e491b2b2b1-sheet1-R10,2026-06-17,busan-city,사회복지국 > 노인복지과,돈풍각,하하캠퍼스 조성사업 관련 간담회,247000,ed11b8e491b2b2b1fb8690e94f3bbf6c3ffbae1b6247f3c19d211f0c902c24ee,sheet1:R10,,,
ed11b8e491b2b2b1-sheet1-R11,2026-06-22,busan-city,사회복지국 > 노인복지과,마조레,부서 직원 노고 격려 간담회,424000,ed11b8e491b2b2b1fb8690e94f3bbf6c3ffbae1b6247f3c19d211f0c902c24ee,sheet1:R11,,,
ed11b8e491b2b2b1-sheet1-R12,2026-06-23,busan-city,사회복지국 > 노인복지과,식당3선,노인복지시설 운영 관련 유관기관 간담회,100000,ed11b8e491b2b2b1fb8690e94f3bbf6c3ffbae1b6247f3c19d211f0c902c24ee,sheet1:R12,,,
ed11b8e491b2b2b1-sheet1-R13,2026-06-23,busan-city,사회복지국 > 노인복지과,연정보쌈,신중년세대 활용 고령층 지원 관련 간담회,128000,ed11b8e491b2b2b1fb8690e94f3bbf6c3ffbae1b6247f3c19d211f0c902c24ee,sheet1:R13,,,
9edc8a2b71767f98-sheet1-R5,2026-04-09,busan-city,농업기술센터 > 지도정책팀,선창횟집,제22회 부산도시농업박람회 추진 농촌진흥청 관계자 노고 격려 석식,300000,9edc8a2b71767f9854897af411a31da0d5f7a7d5cd58dbcf0c0670b0bc54faa4,sheet1:R5,,,
9edc8a2b71767f98-sheet1-R6,2026-04-10,busan-city,농업기술센터 > 지도정책팀,마당쇠민속보쌈,2026년 상반기 특·광역시농업기술센터소장 협의회 중식,620000,9edc8a2b71767f9854897af411a31da0d5f7a7d5cd58dbcf0c0670b0bc54faa4,sheet1:R6,,,
39e548eb005594eb-sheet1-R4,2026-04-09,busan-city,문화국 > 문화예술과,(주)워터스톤,문화국 현안업무 홍보 및 협조를 위한 간담회 개최(4.9.),200000,39e548eb005594eb2a2a60e935c081cbcaaa05bb5a18dd609a4ebc1ce6b88264,sheet1:R4,,,
39e548eb005594eb-sheet1-R5,2026-04-28,busan-city,문화국 > 문화예술과,다온,제48차 유네스코 세계유산위원회 2차 사전실사 간담회 개최,480000,39e548eb005594eb2a2a60e935c081cbcaaa05bb5a18dd609a4ebc1ce6b88264,sheet1:R5,,,
39e548eb005594eb-sheet1-R6,2026-04-29,busan-city,문화국 > 문화예술과,녹산횟집,문화국 현안업무 홍보 및 협조를 위한 간담회 개최(4.29.),300000,39e548eb005594eb2a2a60e935c081cbcaaa05bb5a18dd609a4ebc1ce6b88264,sheet1:R6,,,
39e548eb005594eb-sheet1-R7,2026-04-30,busan-city,문화국 > 문화예술과,정미집,2027년 전통사찰 국고보조사업 현장조사 자문위원 간담회 개최,84000,39e548eb005594eb2a2a60e935c081cbcaaa05bb5a18dd609a4ebc1ce6b88264,sheet1:R7,,,
39e548eb005594eb-sheet1-R8,2026-05-06,busan-city,문화국 > 문화예술과,개인(성명 비공개),문화국 소속 직원 축의금 전달,50000,39e548eb005594eb2a2a60e935c081cbcaaa05bb5a18dd609a4ebc1ce6b88264,sheet1:R8,,,
39e548eb005594eb-sheet1-R9,2026-05-08,busan-city,문화국 > 문화예술과,유한회사 다온가에프앤비,부산문학관 건립을 위한 타시도 관련 부서 간담회 개최,140000,39e548eb005594eb2a2a60e935c081cbcaaa05bb5a18dd609a4ebc1ce6b88264,sheet1:R9,,,
39e548eb005594eb-sheet1-R10,2026-05-15,busan-city,문화국 > 문화예술과,주식회사 바로테이스티,문화국 현안업무 협조를 위한 만찬 간담회 개최(5.15.),74000,39e548eb005594eb2a2a60e935c081cbcaaa05bb5a18dd609a4ebc1ce6b88264,sheet1:R10,,,
39e548eb005594eb-sheet1-R11,2026-05-19,busan-city,문화국 > 문화예술과,코레일유통 주식회사(광명역)외 1,인천광역시 문화시설 현장방문 관련 관계자 간담회 개최,182200,39e548eb005594eb2a2a60e935c081cbcaaa05bb5a18dd609a4ebc1ce6b88264,sheet1:R11,,,
39e548eb005594eb-sheet1-R12,2026-05-27,busan-city,문화국 > 문화예술과,투썸플레이스 대구삼성 크리에이티브캠퍼스외 1,대구광역시 문화시설 현장방문 관련 관계자 간담회 개최,124100,39e548eb005594eb2a2a60e935c081cbcaaa05bb5a18dd609a4ebc1ce6b88264,sheet1:R12,,,
39e548eb005594eb-sheet1-R13,2026-05-27,busan-city,문화국 > 문화예술과,녹산횟집,문화국 현안업무 홍보 및 협조를 위한 간담회 개최(5.27.),200000,39e548eb005594eb2a2a60e935c081cbcaaa05bb5a18dd609a4ebc1ce6b88264,sheet1:R13,,,
39e548eb005594eb-sheet1-R14,2026-06-01,busan-city,문화국 > 문화예술과,아호정,주요 현안사업 국비 확보 협의 관련 오찬 간담회,72500,39e548eb005594eb2a2a60e935c081cbcaaa05bb5a18dd609a4ebc1ce6b88264,sheet1:R14,,,
39e548eb005594eb-sheet1-R15,2026-06-02,busan-city,문화국 > 문화예술과,개인(성명 비공개),문화국 소속 직원 축의금 전달,50000,39e548eb005594eb2a2a60e935c081cbcaaa05bb5a18dd609a4ebc1ce6b88264,sheet1:R15,,,
39e548eb005594eb-sheet1-R16,2026-06-12,busan-city,문화국 > 문화예술과,읍천리382연제점,행사진행 다과 구입,147500,39e548eb005594eb2a2a60e935c081cbcaaa05bb5a18dd609a4ebc1ce6b88264,sheet1:R16,,,
39e548eb005594eb-sheet1-R17,2026-06-12,busan-city,문화국 > 문화예술과,사해방,BTS 공연 출연 지역예술인 만찬 간담회 개최,150000,39e548eb005594eb2a2a60e935c081cbcaaa05bb5a18dd609a4ebc1ce6b88264,sheet1:R17,,,
39e548eb005594eb-sheet1-R18,2026-06-13,busan-city,문화국 > 문화예술과,스시남 외 2,BTS 공연 출연 지역예술인 만찬 간담회 개최,264500,39e548eb005594eb2a2a60e935c081cbcaaa05bb5a18dd609a4ebc1ce6b88264,sheet1:R18,,,
39e548eb005594eb-sheet1-R19,2026-06-16,busan-city,문화국 > 문화예술과,이리추어탕,문화국 현안업무 홍보 및 협조를 위한 간담회 개최(6.16.),45000,39e548eb005594eb2a2a60e935c081cbcaaa05bb5a18dd609a4ebc1ce6b88264,sheet1:R19,,,
39e548eb005594eb-sheet1-R20,2026-06-17,busan-city,문화국 > 문화예술과,개인(성명 비공개),문화국 소속 직원 축의금 전달,50000,39e548eb005594eb2a2a60e935c081cbcaaa05bb5a18dd609a4ebc1ce6b88264,sheet1:R20,,,
39e548eb005594eb-sheet1-R21,2026-06-24,busan-city,문화국 > 문화예술과,정초밥,문화예술과 현안업무 홍보 및 협조를 위한 간담회 개최(6.24.),120000,39e548eb005594eb2a2a60e935c081cbcaaa05bb5a18dd609a4ebc1ce6b88264,sheet1:R21,,,
39e548eb005594eb-sheet1-R22,2026-06-26,busan-city,문화국 > 문화예술과,무궁화,문화국 현안업무 홍보 및 협조를 위한 간담회 개최(6.26.),65000,39e548eb005594eb2a2a60e935c081cbcaaa05bb5a18dd609a4ebc1ce6b88264,sheet1:R22,,,
39e548eb005594eb-sheet1-R23,2026-06-30,busan-city,문화국 > 문화예술과,우나기 만,문화국 현안업무 홍보 및 협조를 위한 간담회 개최(6.30.),112000,39e548eb005594eb2a2a60e935c081cbcaaa05bb5a18dd609a4ebc1ce6b88264,sheet1:R23,,,
b86892cc9d1c0cf4-sheet1-R4,2026-04-08,busan-city,교통혁신국 > 택시운수과,행복한상,26년 상반기 불법자동차 단속대비 관련담당자 간담회 개최,300000,b86892cc9d1c0cf44cbfe0ac8ca191487e4be7e8566b687c66993f8b16d7bc66,sheet1:R4,,,
b86892cc9d1c0cf4-sheet1-R5,2026-04-24,busan-city,교통혁신국 > 택시운수과,히얼이즈커피 부산시청점,부산시 택시감차위원회 개최 다과 구입,30000,b86892cc9d1c0cf44cbfe0ac8ca191487e4be7e8566b687c66993f8b16d7bc66,sheet1:R5,,,
b86892cc9d1c0cf4-sheet1-R6,2026-05-20,busan-city,교통혁신국 > 택시운수과,반주,택시정책 및 특별교통수단 업무 간담회 개최,270000,b86892cc9d1c0cf44cbfe0ac8ca191487e4be7e8566b687c66993f8b16d7bc66,sheet1:R6,,,
b86892cc9d1c0cf4-sheet1-R7,2026-06-02,busan-city,교통혁신국 > 택시운수과,활코스요리전문,두리발-교통약자 콜택시 관련 간담회,240000,b86892cc9d1c0cf44cbfe0ac8ca191487e4be7e8566b687c66993f8b16d7bc66,sheet1:R7,,,
b86892cc9d1c0cf4-sheet1-R8,2026-06-04,busan-city,교통혁신국 > 택시운수과,히얼이즈커피 부산시청점,택시업계 관계자 차담회 개최(수정),100000,b86892cc9d1c0cf44cbfe0ac8ca191487e4be7e8566b687c66993f8b16d7bc66,sheet1:R8,,,
b86892cc9d1c0cf4-sheet1-R9,2026-04-22,busan-city,교통혁신국 > 택시운수과,시청갓포,교통불편민원위원회 간담회 개최,480000,b86892cc9d1c0cf44cbfe0ac8ca191487e4be7e8566b687c66993f8b16d7bc66,sheet1:R9,,,
38ceacec385d10a4-sheet1-R5,2026-04-03,busan-city,시립미술관,천상일식,2026 루프랩부산 도모헌 전시 업무 협의를 위한 간담회,78000,38ceacec385d10a4552d96527978fdeee3abf5bb5b22ff3e493f86bd019695a3,sheet1:R5,,,
38ceacec385d10a4-sheet1-R6,2026-04-07,busan-city,시립미술관,"오라, 모모스커피 도모헌점",미술관 현안업무 논의를 위한 간담회,573700,38ceacec385d10a4552d96527978fdeee3abf5bb5b22ff3e493f86bd019695a3,sheet1:R6,,,
38ceacec385d10a4-sheet1-R7,2026-04-30,busan-city,시립미술관,(주)쟈니덤플링 본관,2026 부산 루프랩 행사 및 재개관전 홍보 추진을 위한 간담회,93000,38ceacec385d10a4552d96527978fdeee3abf5bb5b22ff3e493f86bd019695a3,sheet1:R7,,,
38ceacec385d10a4-sheet1-R8,2026-06-01,busan-city,시립미술관,"투썸플레이스벡스코점, 비학산보리밥생칼국수",국제협력 '오션 프로젝트' 공공프로그램 기획운영 자문 관련 간담회,99800,38ceacec385d10a4552d96527978fdeee3abf5bb5b22ff3e493f86bd019695a3,sheet1:R8,,,
38ceacec385d10a4-sheet1-R9,2026-06-11,busan-city,시립미술관,이모국수상회,시립미술관 재개관 관련 간담회,53000,38ceacec385d10a4552d96527978fdeee3abf5bb5b22ff3e493f86bd019695a3,sheet1:R9,,,
38ceacec385d10a4-sheet1-R10,2026-06-23,busan-city,시립미술관,"원지(onez), 우적해운대점, 타고커피, 솥솥 해운대점, 수안커피, 이가솜씨",국제교류 업무 추진을 위한 해외기관장 초청 간담회,603800,38ceacec385d10a4552d96527978fdeee3abf5bb5b22ff3e493f86bd019695a3,sheet1:R10,,,
38ceacec385d10a4-sheet1-R11,2026-06-23,busan-city,시립미술관,"금수복국 센텀벡스코점, 프루쉬 센텀, cu동서",국제협력 '오션 프로젝트' 건축디자인 및 공공프로그램 자문회의 간담회,213600,38ceacec385d10a4552d96527978fdeee3abf5bb5b22ff3e493f86bd019695a3,sheet1:R11,,,
38ceacec385d10a4-sheet1-R12,2026-06-24,busan-city,시립미술관,비학산보리밥생칼국수,시립미술관 공동전시 업무협의를 위한 간담회,78000,38ceacec385d10a4552d96527978fdeee3abf5bb5b22ff3e493f86bd019695a3,sheet1:R12,,,
38ceacec385d10a4-sheet1-R13,2026-06-29,busan-city,시립미술관,두레에프엔씨주식회사,부산시립미술관 기획전 업무추진 간담회,135000,38ceacec385d10a4552d96527978fdeee3abf5bb5b22ff3e493f86bd019695a3,sheet1:R13,,,
38ceacec385d10a4-sheet1-R14,2026-04-07,busan-city,시립미술관,"홈플러스(주)센텀시티점, 쿠팡㈜",2026년 4월 관리팀 부서 운영 다과,173510,38ceacec385d10a4552d96527978fdeee3abf5bb5b22ff3e493f86bd019695a3,sheet1:R14,,,
38ceacec385d10a4-sheet1-R15,2026-04-12,busan-city,시립미술관,"고품격커피공장 센텀점, 강경불고기 센텀시티점",미술관 현안업무 논의 및 인사에 따른 직원 격려를 위한 간담회,216500,38ceacec385d10a4552d96527978fdeee3abf5bb5b22ff3e493f86bd019695a3,sheet1:R15,,,
38ceacec385d10a4-sheet1-R16,2026-06-04,busan-city,시립미술관,CJ CGV_씨네드쉐프_오프라인,미술관 현안업무 논의 및 인사에 따른 직원 격려 간담회,306000,38ceacec385d10a4552d96527978fdeee3abf5bb5b22ff3e493f86bd019695a3,sheet1:R16,,,
38ceacec385d10a4-sheet1-R17,2026-04-17,busan-city,시립미술관,스타벅스 코리아,제안서평가위원회 개최 관련 다과 구입(부산시립미술관 재개관전시 야외설치작품 구현·설치 용역),74200,38ceacec385d10a4552d96527978fdeee3abf5bb5b22ff3e493f86bd019695a3,sheet1:R17,,,
38ceacec385d10a4-sheet1-R18,2026-04-20,busan-city,시립미술관,스타벅스 코리아,《2026 루프 랩 부산》기자간담회 음료비,112800,38ceacec385d10a4552d96527978fdeee3abf5bb5b22ff3e493f86bd019695a3,sheet1:R18,,,
38ceacec385d10a4-sheet1-R19,2026-04-20,busan-city,시립미술관,에스에스지페이먼츠,《2026 루프 랩 부산》기자간담회 음료비,22200,38ceacec385d10a4552d96527978fdeee3abf5bb5b22ff3e493f86bd019695a3,sheet1:R19,,,
38ceacec385d10a4-sheet1-R20,2026-05-30,busan-city,시립미술관,"강경불고기 해운대센텀시티점, 오이소",BMA 재개관 특별전 《사회와 미술》(가제) 사전 워크숍 간담회,109000,38ceacec385d10a4552d96527978fdeee3abf5bb5b22ff3e493f86bd019695a3,sheet1:R20,,,
d0ebd2dfe17cdef6-sheet1-R5,2026-04-03,busan-city,대변인 > 공보담당관,낚시고기횟집,시정홍보 언론 관계자 간담회,300000,d0ebd2dfe17cdef68f3f62452a43990a746d74d91469612cdc7524204da65866,sheet1:R5,,,
d0ebd2dfe17cdef6-sheet1-R6,2026-04-06,busan-city,대변인 > 공보담당관,형제기사님식당,시정홍보 언론 관계자 간담회,234000,d0ebd2dfe17cdef68f3f62452a43990a746d74d91469612cdc7524204da65866,sheet1:R6,,,
d0ebd2dfe17cdef6-sheet1-R7,2026-04-06,busan-city,대변인 > 공보담당관,순이국수,시정홍보 언론 관계자 간담회,339000,d0ebd2dfe17cdef68f3f62452a43990a746d74d91469612cdc7524204da65866,sheet1:R7,,,
d0ebd2dfe17cdef6-sheet1-R8,2026-04-07,busan-city,대변인 > 공보담당관,원조개성손만두유황오리,시정홍보 언론 관계자 간담회,135500,d0ebd2dfe17cdef68f3f62452a43990a746d74d91469612cdc7524204da65866,sheet1:R8,,,
d0ebd2dfe17cdef6-sheet1-R9,2026-04-07,busan-city,대변인 > 공보담당관,대가 박명호스시,시정홍보 언론 관계자 간담회,472000,d0ebd2dfe17cdef68f3f62452a43990a746d74d91469612cdc7524204da65866,sheet1:R9,,,
d0ebd2dfe17cdef6-sheet1-R10,2026-04-08,busan-city,대변인 > 공보담당관,주식회사 지앤지(G&G)시청점,시정홍보 언론 관계자 간담회,259600,d0ebd2dfe17cdef68f3f62452a43990a746d74d91469612cdc7524204da65866,sheet1:R10,,,
d0ebd2dfe17cdef6-sheet1-R11,2026-04-08,busan-city,대변인 > 공보담당관,동진가셀프식당,시정홍보 언론 관계자 간담회,471000,d0ebd2dfe17cdef68f3f62452a43990a746d74d91469612cdc7524204da65866,sheet1:R11,,,
d0ebd2dfe17cdef6-sheet1-R12,2026-04-09,busan-city,대변인 > 공보담당관,다이닝갈비부산시청점,시정홍보 언론 관계자 간담회,480000,d0ebd2dfe17cdef68f3f62452a43990a746d74d91469612cdc7524204da65866,sheet1:R12,,,
d0ebd2dfe17cdef6-sheet1-R13,2026-04-10,busan-city,대변인 > 공보담당관,멧집찌개,시정홍보 언론 관계자 간담회,294000,d0ebd2dfe17cdef68f3f62452a43990a746d74d91469612cdc7524204da65866,sheet1:R13,,,
d0ebd2dfe17cdef6-sheet1-R14,2026-04-10,busan-city,대변인 > 공보담당관,셀럽스커피(Celebs Coffee)외 1,시정홍보 언론 관계자 간담회,134800,d0ebd2dfe17cdef68f3f62452a43990a746d74d91469612cdc7524204da65866,sheet1:R14,,,
d0ebd2dfe17cdef6-sheet1-R15,2026-04-10,busan-city,대변인 > 공보담당관,스타벅스 코리아외 1,시정 홍보 인터뷰 추진 관련 간담회 개최,67900,d0ebd2dfe17cdef68f3f62452a43990a746d74d91469612cdc7524204da65866,sheet1:R15,,,
d0ebd2dfe17cdef6-sheet1-R16,2026-04-13,busan-city,대변인 > 공보담당관,낚시고기횟집,시정홍보 언론 관계자 간담회,462000,d0ebd2dfe17cdef68f3f62452a43990a746d74d91469612cdc7524204da65866,sheet1:R16,,,
d0ebd2dfe17cdef6-sheet1-R17,2026-04-14,busan-city,대변인 > 공보담당관,부용당외 1,시정홍보 언론 관계자 간담회,172500,d0ebd2dfe17cdef68f3f62452a43990a746d74d91469612cdc7524204da65866,sheet1:R17,,,
d0ebd2dfe17cdef6-sheet1-R18,2026-04-14,busan-city,대변인 > 공보담당관,일타돼지국밥,시정홍보 언론 관계자 간담회,357000,d0ebd2dfe17cdef68f3f62452a43990a746d74d91469612cdc7524204da65866,sheet1:R18,,,
d0ebd2dfe17cdef6-sheet1-R19,2026-04-16,busan-city,대변인 > 공보담당관,만성횟집,시정홍보 언론 관계자 간담회,295000,d0ebd2dfe17cdef68f3f62452a43990a746d74d91469612cdc7524204da65866,sheet1:R19,,,
d0ebd2dfe17cdef6-sheet1-R20,2026-04-16,busan-city,대변인 > 공보담당관,태백한우,시정홍보 언론 관계자 간담회,150800,d0ebd2dfe17cdef68f3f62452a43990a746d74d91469612cdc7524204da65866,sheet1:R20,,,
d0ebd2dfe17cdef6-sheet1-R21,2026-04-16,busan-city,대변인 > 공보담당관,스시1973,시정홍보 언론 관계자 간담회,190000,d0ebd2dfe17cdef68f3f62452a43990a746d74d91469612cdc7524204da65866,sheet1:R21,,,
d0ebd2dfe17cdef6-sheet1-R22,2026-04-17,busan-city,대변인 > 공보담당관,올리바,시정홍보 언론관계자 간담회,60000,d0ebd2dfe17cdef68f3f62452a43990a746d74d91469612cdc7524204da65866,sheet1:R22,,,
d0ebd2dfe17cdef6-sheet1-R23,2026-04-17,busan-city,대변인 > 공보담당관,순이국수,시정홍보 언론 관계자 간담회,312000,d0ebd2dfe17cdef68f3f62452a43990a746d74d91469612cdc7524204da65866,sheet1:R23,,,
d0ebd2dfe17cdef6-sheet1-R24,2026-04-20,busan-city,대변인 > 공보담당관,소원집,시정홍보 언론 관계자 간담회,381600,d0ebd2dfe17cdef68f3f62452a43990a746d74d91469612cdc7524204da65866,sheet1:R24,,,
d0ebd2dfe17cdef6-sheet1-R25,2026-04-21,busan-city,대변인 > 공보담당관,공무원매점,기자실 내방객 접대용 다과 구입,406900,d0ebd2dfe17cdef68f3f62452a43990a746d74d91469612cdc7524204da65866,sheet1:R25,,,
d0ebd2dfe17cdef6-sheet1-R26,2026-04-27,busan-city,대변인 > 공보담당관,슬릭(SLIC)외 1,시정홍보 언론 관계자 간담회,295750,d0ebd2dfe17cdef68f3f62452a43990a746d74d91469612cdc7524204da65866,sheet1:R26,,,
d0ebd2dfe17cdef6-sheet1-R27,2026-04-27,busan-city,대변인 > 공보담당관,장박사양곱창전문점,시정홍보 언론 관계자 간담회,201000,d0ebd2dfe17cdef68f3f62452a43990a746d74d91469612cdc7524204da65866,sheet1:R27,,,
d0ebd2dfe17cdef6-sheet1-R28,2026-04-27,busan-city,대변인 > 공보담당관,뚜레쥬르 부산시청점외 1,재밌는 도시 부산 영상제작 사전보고회 개최에 따른 다과 구입,93000,d0ebd2dfe17cdef68f3f62452a43990a746d74d91469612cdc7524204da65866,sheet1:R28,,,
d0ebd2dfe17cdef6-sheet1-R29,2026-04-28,busan-city,대변인 > 공보담당관,씨제이푸드빌(주)빕스부산서면점,시정홍보 언론 관계자 간담회,357840,d0ebd2dfe17cdef68f3f62452a43990a746d74d91469612cdc7524204da65866,sheet1:R29,,,
d0ebd2dfe17cdef6-sheet1-R30,2026-04-28,busan-city,대변인 > 공보담당관,다께,시정홍보 언론 관계자 간담회,300000,d0ebd2dfe17cdef68f3f62452a43990a746d74d91469612cdc7524204da65866,sheet1:R30,,,
d0ebd2dfe17cdef6-sheet1-R31,2026-04-29,busan-city,대변인 > 공보담당관,고불성(본관),시정홍보 언론 관계자 간담회,140000,d0ebd2dfe17cdef68f3f62452a43990a746d74d91469612cdc7524204da65866,sheet1:R31,,,
d0ebd2dfe17cdef6-sheet1-R32,2026-04-30,busan-city,대변인 > 공보담당관,브로(Bro)외 1,시정홍보 언론 관계자 간담회,287800,d0ebd2dfe17cdef68f3f62452a43990a746d74d91469612cdc7524204da65866,sheet1:R32,,,
d0ebd2dfe17cdef6-sheet1-R33,2026-05-04,busan-city,대변인 > 공보담당관,리오네(Rione),시정홍보 언론 관계자 간담회,472000,d0ebd2dfe17cdef68f3f62452a43990a746d74d91469612cdc7524204da65866,sheet1:R33,,,
d0ebd2dfe17cdef6-sheet1-R34,2026-05-04,busan-city,대변인 > 공보담당관,셀럽스커피(Celebs Coffee)외 1,시정홍보 언론 관계자 간담회,165800,d0ebd2dfe17cdef68f3f62452a43990a746d74d91469612cdc7524204da65866,sheet1:R34,,,
d0ebd2dfe17cdef6-sheet1-R35,2026-05-06,busan-city,대변인 > 공보담당관,멧집찌개,시정홍보 언론 관계자 간담회,299000,d0ebd2dfe17cdef68f3f62452a43990a746d74d91469612cdc7524204da65866,sheet1:R35,,,
d0ebd2dfe17cdef6-sheet1-R36,2026-05-07,busan-city,대변인 > 공보담당관,취원,시정홍보 언론 관계자 간담회,60000,d0ebd2dfe17cdef68f3f62452a43990a746d74d91469612cdc7524204da65866,sheet1:R36,,,
d0ebd2dfe17cdef6-sheet1-R37,2026-05-11,busan-city,대변인 > 공보담당관,메이리,시정홍보 언론 관계자 간담회,291000,d0ebd2dfe17cdef68f3f62452a43990a746d74d91469612cdc7524204da65866,sheet1:R37,,,
d0ebd2dfe17cdef6-sheet1-R38,2026-05-11,busan-city,대변인 > 공보담당관,이흥용과자점,기자실 내방객 접대용 다과 구입,314600,d0ebd2dfe17cdef68f3f62452a43990a746d74d91469612cdc7524204da65866,sheet1:R38,,,
d0ebd2dfe17cdef6-sheet1-R39,2026-05-12,busan-city,대변인 > 공보담당관,웅복,시정홍보 언론 관계자 간담회,135000,d0ebd2dfe17cdef68f3f62452a43990a746d74d91469612cdc7524204da65866,sheet1:R39,,,
d0ebd2dfe17cdef6-sheet1-R40,2026-05-12,busan-city,대변인 > 공보담당관,녹산횟집,시정홍보 언론 관계자 간담회,388000,d0ebd2dfe17cdef68f3f62452a43990a746d74d91469612cdc7524204da65866,sheet1:R40,,,
d0ebd2dfe17cdef6-sheet1-R41,2026-05-13,busan-city,대변인 > 공보담당관,셀럽스커피(Celebs Coffee)외 1,시정홍보 언론 관계자 간담회,72200,d0ebd2dfe17cdef68f3f62452a43990a746d74d91469612cdc7524204da65866,sheet1:R41,,,
d0ebd2dfe17cdef6-sheet1-R42,2026-05-13,busan-city,대변인 > 공보담당관,취원3,시정홍보 언론 관계자 간담회,252000,d0ebd2dfe17cdef68f3f62452a43990a746d74d91469612cdc7524204da65866,sheet1:R42,,,
d0ebd2dfe17cdef6-sheet1-R43,2026-05-15,busan-city,대변인 > 공보담당관,만성횟집,시정홍보 언론 관계자 간담회,330000,d0ebd2dfe17cdef68f3f62452a43990a746d74d91469612cdc7524204da65866,sheet1:R43,,,
d0ebd2dfe17cdef6-sheet1-R44,2026-05-15,busan-city,대변인 > 공보담당관,루시앙베이커리 시청점외 1,시정홍보 언론 관계자 간담회,86600,d0ebd2dfe17cdef68f3f62452a43990a746d74d91469612cdc7524204da65866,sheet1:R44,,,
d0ebd2dfe17cdef6-sheet1-R45,2026-05-15,busan-city,대변인 > 공보담당관,사이먼커피외 1,시정홍보 언론 관계자 간담회,51000,d0ebd2dfe17cdef68f3f62452a43990a746d74d91469612cdc7524204da65866,sheet1:R45,,,
d0ebd2dfe17cdef6-sheet1-R46,2026-05-18,busan-city,대변인 > 공보담당관,산청흑돼지,시정홍보 언론 관계자 간담회,293000,d0ebd2dfe17cdef68f3f62452a43990a746d74d91469612cdc7524204da65866,sheet1:R46,,,
d0ebd2dfe17cdef6-sheet1-R47,2026-05-20,busan-city,대변인 > 공보담당관,한국결제_B,시정홍보 언론 관계자 간담회,480000,d0ebd2dfe17cdef68f3f62452a43990a746d74d91469612cdc7524204da65866,sheet1:R47,,,
d0ebd2dfe17cdef6-sheet1-R48,2026-05-22,busan-city,대변인 > 공보담당관,메이리,시정홍보 언론 관계자 간담회,90000,d0ebd2dfe17cdef68f3f62452a43990a746d74d91469612cdc7524204da65866,sheet1:R48,,,
d0ebd2dfe17cdef6-sheet1-R49,2026-05-26,busan-city,대변인 > 공보담당관,(주)신세계백화점센텀시티점외 1,시정홍보 언론 관계자 간담회,198600,d0ebd2dfe17cdef68f3f62452a43990a746d74d91469612cdc7524204da65866,sheet1:R49,,,
d0ebd2dfe17cdef6-sheet1-R50,2026-05-27,busan-city,대변인 > 공보담당관,부용당,시정홍보 언론 관계자 간담회,99000,d0ebd2dfe17cdef68f3f62452a43990a746d74d91469612cdc7524204da65866,sheet1:R50,,,
d0ebd2dfe17cdef6-sheet1-R51,2026-05-27,busan-city,대변인 > 공보담당관,대가 박명호스시,시정홍보 언론 관계자 간담회,256000,d0ebd2dfe17cdef68f3f62452a43990a746d74d91469612cdc7524204da65866,sheet1:R51,,,
d0ebd2dfe17cdef6-sheet1-R52,2026-05-29,busan-city,대변인 > 공보담당관,꿈꾸는디저트,시정홍보 언론 관계자 간담회,41100,d0ebd2dfe17cdef68f3f62452a43990a746d74d91469612cdc7524204da65866,sheet1:R52,,,
d0ebd2dfe17cdef6-sheet1-R53,2026-06-01,busan-city,대변인 > 공보담당관,초원식당,시정홍보 언론 관계자 간담회,292000,d0ebd2dfe17cdef68f3f62452a43990a746d74d91469612cdc7524204da65866,sheet1:R53,,,
d0ebd2dfe17cdef6-sheet1-R54,2026-06-02,busan-city,대변인 > 공보담당관,사이먼커피외 1,시정홍보 언론 관계자 간담회,76500,d0ebd2dfe17cdef68f3f62452a43990a746d74d91469612cdc7524204da65866,sheet1:R54,,,
d0ebd2dfe17cdef6-sheet1-R55,2026-06-04,busan-city,대변인 > 공보담당관,웰빙선생오리,시정홍보 언론 관계자 간담회,296000,d0ebd2dfe17cdef68f3f62452a43990a746d74d91469612cdc7524204da65866,sheet1:R55,,,
d0ebd2dfe17cdef6-sheet1-R56,2026-06-04,busan-city,대변인 > 공보담당관,당감댁,시정홍보 언론 관계자 간담회,65500,d0ebd2dfe17cdef68f3f62452a43990a746d74d91469612cdc7524204da65866,sheet1:R56,,,
d0ebd2dfe17cdef6-sheet1-R57,2026-06-05,busan-city,대변인 > 공보담당관,루시앙베이커리 시청점외 1,시정홍보 언론 관계자 간담회,65000,d0ebd2dfe17cdef68f3f62452a43990a746d74d91469612cdc7524204da65866,sheet1:R57,,,
d0ebd2dfe17cdef6-sheet1-R58,2026-06-05,busan-city,대변인 > 공보담당관,제일옥곰탕,시정홍보 언론 관계자 간담회,295000,d0ebd2dfe17cdef68f3f62452a43990a746d74d91469612cdc7524204da65866,sheet1:R58,,,
d0ebd2dfe17cdef6-sheet1-R59,2026-06-08,busan-city,대변인 > 공보담당관,부용당,시정홍보 언론 관계자 간담회,60000,d0ebd2dfe17cdef68f3f62452a43990a746d74d91469612cdc7524204da65866,sheet1:R59,,,
d0ebd2dfe17cdef6-sheet1-R60,2026-06-08,busan-city,대변인 > 공보담당관,만성횟집,시정홍보 언론 관계자 간담회,295000,d0ebd2dfe17cdef68f3f62452a43990a746d74d91469612cdc7524204da65866,sheet1:R60,,,
d0ebd2dfe17cdef6-sheet1-R61,2026-06-09,busan-city,대변인 > 공보담당관,미남스시,시정홍보 언론관계자 간담회,105000,d0ebd2dfe17cdef68f3f62452a43990a746d74d91469612cdc7524204da65866,sheet1:R61,,,
d0ebd2dfe17cdef6-sheet1-R62,2026-06-09,busan-city,대변인 > 공보담당관,초록섬미역,시정홍보 언론 관계자 간담회,296000,d0ebd2dfe17cdef68f3f62452a43990a746d74d91469612cdc7524204da65866,sheet1:R62,,,
d0ebd2dfe17cdef6-sheet1-R63,2026-06-09,busan-city,대변인 > 공보담당관,경성갈비 시청점,시정홍보 언론 관계자 간담회,200400,d0ebd2dfe17cdef68f3f62452a43990a746d74d91469612cdc7524204da65866,sheet1:R63,,,
d0ebd2dfe17cdef6-sheet1-R64,2026-06-10,busan-city,대변인 > 공보담당관,올리바,시정홍보 언론 관계자 간담회,60000,d0ebd2dfe17cdef68f3f62452a43990a746d74d91469612cdc7524204da65866,sheet1:R64,,,
d0ebd2dfe17cdef6-sheet1-R65,2026-06-10,busan-city,대변인 > 공보담당관,셀럽스커피(Celebs Coffee)외 1,시정홍보 언론 관계자 간담회,167000,d0ebd2dfe17cdef68f3f62452a43990a746d74d91469612cdc7524204da65866,sheet1:R65,,,
d0ebd2dfe17cdef6-sheet1-R66,2026-06-10,busan-city,대변인 > 공보담당관,일품대패,시정홍보 언론 관계자 간담회,149700,d0ebd2dfe17cdef68f3f62452a43990a746d74d91469612cdc7524204da65866,sheet1:R66,,,
d0ebd2dfe17cdef6-sheet1-R67,2026-06-10,busan-city,대변인 > 공보담당관,블루샥 부산시청점외 1,시정홍보 언론 관계자 간담회,157000,d0ebd2dfe17cdef68f3f62452a43990a746d74d91469612cdc7524204da65866,sheet1:R67,,,
d0ebd2dfe17cdef6-sheet1-R68,2026-06-11,busan-city,대변인 > 공보담당관,와인카세216,시정홍보 언론 관계자 간담회,40000,d0ebd2dfe17cdef68f3f62452a43990a746d74d91469612cdc7524204da65866,sheet1:R68,,,
d0ebd2dfe17cdef6-sheet1-R69,2026-06-11,busan-city,대변인 > 공보담당관,슬릭(SLIC)외 1,시정홍보 언론 관계자 간담회,136000,d0ebd2dfe17cdef68f3f62452a43990a746d74d91469612cdc7524204da65866,sheet1:R69,,,
d0ebd2dfe17cdef6-sheet1-R70,2026-06-12,busan-city,대변인 > 공보담당관,제일옥곰탕외 1,시정홍보 언론 관계자 간담회,300000,d0ebd2dfe17cdef68f3f62452a43990a746d74d91469612cdc7524204da65866,sheet1:R70,,,
d0ebd2dfe17cdef6-sheet1-R71,2026-06-12,busan-city,대변인 > 공보담당관,공무원매점,기자실 내방객 접대용 다과 구입,471000,d0ebd2dfe17cdef68f3f62452a43990a746d74d91469612cdc7524204da65866,sheet1:R71,,,
d0ebd2dfe17cdef6-sheet1-R72,2026-06-15,busan-city,대변인 > 공보담당관,일타돼지국밥,시정홍보 언론 관계자 간담회,298000,d0ebd2dfe17cdef68f3f62452a43990a746d74d91469612cdc7524204da65866,sheet1:R72,,,
d0ebd2dfe17cdef6-sheet1-R73,2026-06-15,busan-city,대변인 > 공보담당관,소담외 1,시정홍보 언론 관계자 간담회,167900,d0ebd2dfe17cdef68f3f62452a43990a746d74d91469612cdc7524204da65866,sheet1:R73,,,
d0ebd2dfe17cdef6-sheet1-R74,2026-06-16,busan-city,대변인 > 공보담당관,형제기사님식당,시정홍보 언론 관계자 간담회,297000,d0ebd2dfe17cdef68f3f62452a43990a746d74d91469612cdc7524204da65866,sheet1:R74,,,
d0ebd2dfe17cdef6-sheet1-R75,2026-06-17,busan-city,대변인 > 공보담당관,리짙커피카페외 1,시정홍보 언론 관계자 간담회,109900,d0ebd2dfe17cdef68f3f62452a43990a746d74d91469612cdc7524204da65866,sheet1:R75,,,
d0ebd2dfe17cdef6-sheet1-R76,2026-06-17,busan-city,대변인 > 공보담당관,장산다방 시청후문점외 1,시정홍보 언론 관계자 간담회,110000,d0ebd2dfe17cdef68f3f62452a43990a746d74d91469612cdc7524204da65866,sheet1:R76,,,
d0ebd2dfe17cdef6-sheet1-R77,2026-06-18,busan-city,대변인 > 공보담당관,올리바,시정홍보 언론 관계자 간담회,90000,d0ebd2dfe17cdef68f3f62452a43990a746d74d91469612cdc7524204da65866,sheet1:R77,,,
d0ebd2dfe17cdef6-sheet1-R78,2026-06-18,busan-city,대변인 > 공보담당관,동진가셀프식당,시정홍보 언론 관계자 간담회,479000,d0ebd2dfe17cdef68f3f62452a43990a746d74d91469612cdc7524204da65866,sheet1:R78,,,
d0ebd2dfe17cdef6-sheet1-R79,2026-06-19,busan-city,대변인 > 공보담당관,취원3,시정홍보 언론 관계자 간담회,359000,d0ebd2dfe17cdef68f3f62452a43990a746d74d91469612cdc7524204da65866,sheet1:R79,,,
d0ebd2dfe17cdef6-sheet1-R80,2026-06-22,busan-city,대변인 > 공보담당관,부자회관 부산시청점,시정홍보 언론 관계자 간담회,82800,d0ebd2dfe17cdef68f3f62452a43990a746d74d91469612cdc7524204da65866,sheet1:R80,,,
d0ebd2dfe17cdef6-sheet1-R81,2026-06-22,busan-city,대변인 > 공보담당관,취원3,시 출입기자단 간담회,1590500,d0ebd2dfe17cdef68f3f62452a43990a746d74d91469612cdc7524204da65866,sheet1:R81,,,
d0ebd2dfe17cdef6-sheet1-R82,2026-06-23,busan-city,대변인 > 공보담당관,동진가셀프식당외 1,시정홍보 언론 관계자 간담회,299600,d0ebd2dfe17cdef68f3f62452a43990a746d74d91469612cdc7524204da65866,sheet1:R82,,,
d0ebd2dfe17cdef6-sheet1-R83,2026-06-23,busan-city,대변인 > 공보담당관,인생한우,시정홍보 언론 관계자 간담회,213000,d0ebd2dfe17cdef68f3f62452a43990a746d74d91469612cdc7524204da65866,sheet1:R83,,,
d0ebd2dfe17cdef6-sheet1-R84,2026-06-24,busan-city,대변인 > 공보담당관,순이국수,시정홍보 언론 관계자 간담회,293000,d0ebd2dfe17cdef68f3f62452a43990a746d74d91469612cdc7524204da65866,sheet1:R84,,,
d0ebd2dfe17cdef6-sheet1-R85,2026-06-25,busan-city,대변인 > 공보담당관,독도참가자미회,시정홍보 언론 관계자 간담회,305000,d0ebd2dfe17cdef68f3f62452a43990a746d74d91469612cdc7524204da65866,sheet1:R85,,,
d0ebd2dfe17cdef6-sheet1-R86,2026-06-30,busan-city,대변인 > 공보담당관,부용당,시정홍보 언론 관계자 간담회,180000,d0ebd2dfe17cdef68f3f62452a43990a746d74d91469612cdc7524204da65866,sheet1:R86,,,
d0ebd2dfe17cdef6-sheet1-R87,2026-06-30,busan-city,대변인 > 공보담당관,삼바리시청점,시정홍보 언론 관계자 간담회,260000,d0ebd2dfe17cdef68f3f62452a43990a746d74d91469612cdc7524204da65866,sheet1:R87,,,
aaeaa2237f645e05-sheet1-R5,2026-01-05,busan-city,대변인 > 공보담당관,룩셈블랑제리 시청본점,시정홍보 언론 관계자 간담회,28500,aaeaa2237f645e05c8d649421398f64b566ce955a634c218ea3c7c9ce5143588,sheet1:R5,,,
aaeaa2237f645e05-sheet1-R6,2026-01-05,busan-city,대변인 > 공보담당관,산청흑돼지,시정홍보 언론 관계자 간담회,479000,aaeaa2237f645e05c8d649421398f64b566ce955a634c218ea3c7c9ce5143588,sheet1:R6,,,
aaeaa2237f645e05-sheet1-R7,2026-01-05,busan-city,대변인 > 공보담당관,MRLV RAIDERS TAVERN외 2,글로벌 교류협력 강화 및 기반 구축 간담회(총 2회),646700,aaeaa2237f645e05c8d649421398f64b566ce955a634c218ea3c7c9ce5143588,sheet1:R7,,,
aaeaa2237f645e05-sheet1-R8,2026-01-06,busan-city,대변인 > 공보담당관,셀럽스커피(Celebs Coffee)외 1,시정홍보 언론 관계자 간담회,75000,aaeaa2237f645e05c8d649421398f64b566ce955a634c218ea3c7c9ce5143588,sheet1:R8,,,
aaeaa2237f645e05-sheet1-R9,2026-01-07,busan-city,대변인 > 공보담당관,순이국수,시정홍보 언론 관계자 간담회,380000,aaeaa2237f645e05c8d649421398f64b566ce955a634c218ea3c7c9ce5143588,sheet1:R9,,,
aaeaa2237f645e05-sheet1-R10,2026-01-09,busan-city,대변인 > 공보담당관,동진가셀프식당,시정홍보 언론 관계자 간담회,180000,aaeaa2237f645e05c8d649421398f64b566ce955a634c218ea3c7c9ce5143588,sheet1:R10,,,
aaeaa2237f645e05-sheet1-R11,2026-01-12,busan-city,대변인 > 공보담당관,울트라 바이트,시정홍보 언론 관계자 간담회,473500,aaeaa2237f645e05c8d649421398f64b566ce955a634c218ea3c7c9ce5143588,sheet1:R11,,,
aaeaa2237f645e05-sheet1-R12,2026-01-14,busan-city,대변인 > 공보담당관,공무원매점,기자실 내방객 접대용 다과 구입,453400,aaeaa2237f645e05c8d649421398f64b566ce955a634c218ea3c7c9ce5143588,sheet1:R12,,,
aaeaa2237f645e05-sheet1-R13,2026-01-15,busan-city,대변인 > 공보담당관,셀럽스커피(Celebs Coffee)외 1,시정홍보 언론 관계자 간담회,89000,aaeaa2237f645e05c8d649421398f64b566ce955a634c218ea3c7c9ce5143588,sheet1:R13,,,
aaeaa2237f645e05-sheet1-R14,2026-01-19,busan-city,대변인 > 공보담당관,조방낙지 시청점,시정홍보 언론 관계자 간담회,293000,aaeaa2237f645e05c8d649421398f64b566ce955a634c218ea3c7c9ce5143588,sheet1:R14,,,
aaeaa2237f645e05-sheet1-R15,2026-01-20,busan-city,대변인 > 공보담당관,(주) 서울케이디지,시정홍보 언론 관계자 간담회,65000,aaeaa2237f645e05c8d649421398f64b566ce955a634c218ea3c7c9ce5143588,sheet1:R15,,,
aaeaa2237f645e05-sheet1-R16,2026-01-20,busan-city,대변인 > 공보담당관,마조레,인터뷰 추진 관계자 간담회,143000,aaeaa2237f645e05c8d649421398f64b566ce955a634c218ea3c7c9ce5143588,sheet1:R16,,,
aaeaa2237f645e05-sheet1-R17,2026-01-21,busan-city,대변인 > 공보담당관,제일옥곰탕,시정홍보 언론 관계자 간담회,299500,aaeaa2237f645e05c8d649421398f64b566ce955a634c218ea3c7c9ce5143588,sheet1:R17,,,
aaeaa2237f645e05-sheet1-R18,2026-01-21,busan-city,대변인 > 공보담당관,해신킹크랩,시정홍보 언론 관계자 간담회,479500,aaeaa2237f645e05c8d649421398f64b566ce955a634c218ea3c7c9ce5143588,sheet1:R18,,,
aaeaa2237f645e05-sheet1-R19,2026-01-22,busan-city,대변인 > 공보담당관,(주)비학산돼지,시정홍보 언론 관계자 간담회,231000,aaeaa2237f645e05c8d649421398f64b566ce955a634c218ea3c7c9ce5143588,sheet1:R19,,,
aaeaa2237f645e05-sheet1-R20,2026-01-23,busan-city,대변인 > 공보담당관,슬릭(SLIC)외 1,시정홍보 언론 관계자 간담회,78000,aaeaa2237f645e05c8d649421398f64b566ce955a634c218ea3c7c9ce5143588,sheet1:R20,,,
aaeaa2237f645e05-sheet1-R21,2026-01-23,busan-city,대변인 > 공보담당관,해신킹크랩,시정홍보 언론 관계자 간담회,220000,aaeaa2237f645e05c8d649421398f64b566ce955a634c218ea3c7c9ce5143588,sheet1:R21,,,
aaeaa2237f645e05-sheet1-R22,2026-01-23,busan-city,대변인 > 공보담당관,복계로 통닭,시정홍보 언론 관계자 간담회,102000,aaeaa2237f645e05c8d649421398f64b566ce955a634c218ea3c7c9ce5143588,sheet1:R22,,,
aaeaa2237f645e05-sheet1-R23,2026-01-26,busan-city,대변인 > 공보담당관,취원3,시정홍보 언론 관계자 간담회,381000,aaeaa2237f645e05c8d649421398f64b566ce955a634c218ea3c7c9ce5143588,sheet1:R23,,,
aaeaa2237f645e05-sheet1-R24,2026-01-27,busan-city,대변인 > 공보담당관,낚시고기횟집,시정홍보 언론 관계자 간담회,470000,aaeaa2237f645e05c8d649421398f64b566ce955a634c218ea3c7c9ce5143588,sheet1:R24,,,
aaeaa2237f645e05-sheet1-R25,2026-01-28,busan-city,대변인 > 공보담당관,삼합,시정홍보 언론 관계자 간담회,425000,aaeaa2237f645e05c8d649421398f64b566ce955a634c218ea3c7c9ce5143588,sheet1:R25,,,
aaeaa2237f645e05-sheet1-R26,2026-01-29,busan-city,대변인 > 공보담당관,제주옥탑,시정홍보 언론관계자 간담회,218000,aaeaa2237f645e05c8d649421398f64b566ce955a634c218ea3c7c9ce5143588,sheet1:R26,,,
aaeaa2237f645e05-sheet1-R27,2026-01-29,busan-city,대변인 > 공보담당관,컴포즈커피 부산경찰청점외 1,시정홍보 언론 관계자 간담회,381800,aaeaa2237f645e05c8d649421398f64b566ce955a634c218ea3c7c9ce5143588,sheet1:R27,,,
aaeaa2237f645e05-sheet1-R28,2026-01-30,busan-city,대변인 > 공보담당관,낚시고기횟집,시정홍보 언론 관계자 간담회,350000,aaeaa2237f645e05c8d649421398f64b566ce955a634c218ea3c7c9ce5143588,sheet1:R28,,,
aaeaa2237f645e05-sheet1-R29,2026-02-03,busan-city,대변인 > 공보담당관,삼제식당,시정홍보 언론 관계자 간담회,48000,aaeaa2237f645e05c8d649421398f64b566ce955a634c218ea3c7c9ce5143588,sheet1:R29,,,
aaeaa2237f645e05-sheet1-R30,2026-02-03,busan-city,대변인 > 공보담당관,세화씨푸드(주),지역경제 활성화 및 지역업체 판로확대를 위한 특산품 홍보,2565000,aaeaa2237f645e05c8d649421398f64b566ce955a634c218ea3c7c9ce5143588,sheet1:R30,,,
aaeaa2237f645e05-sheet1-R31,2026-02-05,busan-city,대변인 > 공보담당관,팔선생,시정홍보 언론 관계자 간담회,200000,aaeaa2237f645e05c8d649421398f64b566ce955a634c218ea3c7c9ce5143588,sheet1:R31,,,
aaeaa2237f645e05-sheet1-R32,2026-02-05,busan-city,대변인 > 공보담당관,취화선,시정홍보 언론 관계자 간담회,180000,aaeaa2237f645e05c8d649421398f64b566ce955a634c218ea3c7c9ce5143588,sheet1:R32,,,
aaeaa2237f645e05-sheet1-R33,2026-02-06,busan-city,대변인 > 공보담당관,비스트로 타마르,시정홍보 언론 관계자 간담회,65000,aaeaa2237f645e05c8d649421398f64b566ce955a634c218ea3c7c9ce5143588,sheet1:R33,,,
aaeaa2237f645e05-sheet1-R34,2026-02-09,busan-city,대변인 > 공보담당관,셀럽스커피(Celebs Coffee)외 1,시정홍보 언론 관계자 간담회,164200,aaeaa2237f645e05c8d649421398f64b566ce955a634c218ea3c7c9ce5143588,sheet1:R34,,,
aaeaa2237f645e05-sheet1-R35,2026-02-10,busan-city,대변인 > 공보담당관,룩셈블랑제리 시청본점외 2,시정홍보 언론관계자 간담회,183300,aaeaa2237f645e05c8d649421398f64b566ce955a634c218ea3c7c9ce5143588,sheet1:R35,,,
aaeaa2237f645e05-sheet1-R36,2026-02-10,busan-city,대변인 > 공보담당관,블루샥 부산시청점외 1,시정홍보 언론 관계자 간담회,100700,aaeaa2237f645e05c8d649421398f64b566ce955a634c218ea3c7c9ce5143588,sheet1:R36,,,
aaeaa2237f645e05-sheet1-R37,2026-02-10,busan-city,대변인 > 공보담당관,메이리,시정홍보 언론 관계자 간담회,377000,aaeaa2237f645e05c8d649421398f64b566ce955a634c218ea3c7c9ce5143588,sheet1:R37,,,
aaeaa2237f645e05-sheet1-R38,2026-02-11,busan-city,대변인 > 공보담당관,올리바,시정홍보 언론 관계자 간담회,105000,aaeaa2237f645e05c8d649421398f64b566ce955a634c218ea3c7c9ce5143588,sheet1:R38,,,
aaeaa2237f645e05-sheet1-R39,2026-02-11,busan-city,대변인 > 공보담당관,에트렌느,시정홍보 언론 관계자 간담회,274000,aaeaa2237f645e05c8d649421398f64b566ce955a634c218ea3c7c9ce5143588,sheet1:R39,,,
aaeaa2237f645e05-sheet1-R40,2026-02-19,busan-city,대변인 > 공보담당관,낚시고기횟집,시정홍보 언론 관계자 간담회,418000,aaeaa2237f645e05c8d649421398f64b566ce955a634c218ea3c7c9ce5143588,sheet1:R40,,,
aaeaa2237f645e05-sheet1-R41,2026-02-20,busan-city,대변인 > 공보담당관,초원식당,시정홍보 언론 관계자 간담회,299000,aaeaa2237f645e05c8d649421398f64b566ce955a634c218ea3c7c9ce5143588,sheet1:R41,,,
aaeaa2237f645e05-sheet1-R42,2026-02-20,busan-city,대변인 > 공보담당관,투썸플레이스 인천공항2터미널 서편외 3,15분도시 및 세계디자인수도 정책 글로벌 네트워크 형성 동행기자단 현지간담회(총2회),547930,aaeaa2237f645e05c8d649421398f64b566ce955a634c218ea3c7c9ce5143588,sheet1:R42,,,
aaeaa2237f645e05-sheet1-R43,2026-02-23,busan-city,대변인 > 공보담당관,강변조개구이,시정홍보 언론 관계자 간담회,246000,aaeaa2237f645e05c8d649421398f64b566ce955a634c218ea3c7c9ce5143588,sheet1:R43,,,
aaeaa2237f645e05-sheet1-R44,2026-02-24,busan-city,대변인 > 공보담당관,셀럽스커피(Celebs Coffee)외 1,시정홍보 언론 관계자 간담회,132100,aaeaa2237f645e05c8d649421398f64b566ce955a634c218ea3c7c9ce5143588,sheet1:R44,,,
aaeaa2237f645e05-sheet1-R45,2026-02-25,busan-city,대변인 > 공보담당관,부용당,시정홍보 언론 관계자 간담회,63000,aaeaa2237f645e05c8d649421398f64b566ce955a634c218ea3c7c9ce5143588,sheet1:R45,,,
aaeaa2237f645e05-sheet1-R46,2026-02-25,busan-city,대변인 > 공보담당관,물자리,시정홍보 언론 관계자 간담회,384000,aaeaa2237f645e05c8d649421398f64b566ce955a634c218ea3c7c9ce5143588,sheet1:R46,,,
aaeaa2237f645e05-sheet1-R47,2026-02-26,busan-city,대변인 > 공보담당관,미조리,시정홍보 언론 관계자 간담회,172000,aaeaa2237f645e05c8d649421398f64b566ce955a634c218ea3c7c9ce5143588,sheet1:R47,,,
aaeaa2237f645e05-sheet1-R48,2026-02-27,busan-city,대변인 > 공보담당관,섹타나인_코페이_비인증_일반,시정홍보 언론 관계자 간담회,300000,aaeaa2237f645e05c8d649421398f64b566ce955a634c218ea3c7c9ce5143588,sheet1:R48,,,
aaeaa2237f645e05-sheet1-R49,2026-02-27,busan-city,대변인 > 공보담당관,KAFFEFUGLEN AS외 3,북극항로 연계 글로벌 해양수산 허브도시 조성 전략 마련을 위한 동행기자단 현지간담회(총 2회),203200,aaeaa2237f645e05c8d649421398f64b566ce955a634c218ea3c7c9ce5143588,sheet1:R49,,,
aaeaa2237f645e05-sheet1-R50,2026-03-03,busan-city,대변인 > 공보담당관,RADISSON BLU OSLO SCANDIN,북극항로 연계 글로벌 해양수산 허브도시 조성 전략 마련을 위한 동행기자단 현지간담회(추가),342750,aaeaa2237f645e05c8d649421398f64b566ce955a634c218ea3c7c9ce5143588,sheet1:R50,,,
aaeaa2237f645e05-sheet1-R51,2026-03-06,busan-city,대변인 > 공보담당관,우나기 만,시정홍보 언론 관계자 간담회,70000,aaeaa2237f645e05c8d649421398f64b566ce955a634c218ea3c7c9ce5143588,sheet1:R51,,,
aaeaa2237f645e05-sheet1-R52,2026-03-06,busan-city,대변인 > 공보담당관,낚시고기횟집,시정홍보 언론 관계자 간담회,345000,aaeaa2237f645e05c8d649421398f64b566ce955a634c218ea3c7c9ce5143588,sheet1:R52,,,
aaeaa2237f645e05-sheet1-R53,2026-03-09,busan-city,대변인 > 공보담당관,만성횟집,시정홍보 언론 관계자 간담회,310000,aaeaa2237f645e05c8d649421398f64b566ce955a634c218ea3c7c9ce5143588,sheet1:R53,,,
aaeaa2237f645e05-sheet1-R54,2026-03-09,busan-city,대변인 > 공보담당관,스시1973,시정홍보 언론 관계자 간담회,347000,aaeaa2237f645e05c8d649421398f64b566ce955a634c218ea3c7c9ce5143588,sheet1:R54,,,
aaeaa2237f645e05-sheet1-R55,2026-03-10,busan-city,대변인 > 공보담당관,초록섬미역,시정홍보 언론 관계자 간담회,290000,aaeaa2237f645e05c8d649421398f64b566ce955a634c218ea3c7c9ce5143588,sheet1:R55,,,
aaeaa2237f645e05-sheet1-R56,2026-03-10,busan-city,대변인 > 공보담당관,부자회관 부산시청점,시정홍보 언론 관계자 간담회,22000,aaeaa2237f645e05c8d649421398f64b566ce955a634c218ea3c7c9ce5143588,sheet1:R56,,,
aaeaa2237f645e05-sheet1-R57,2026-03-11,busan-city,대변인 > 공보담당관,대가 박명호스시,시정홍보 언론 관계자 간담회,353000,aaeaa2237f645e05c8d649421398f64b566ce955a634c218ea3c7c9ce5143588,sheet1:R57,,,
aaeaa2237f645e05-sheet1-R58,2026-03-11,busan-city,대변인 > 공보담당관,공무원매점,기자실 내방객 접대용 다과 구입,449100,aaeaa2237f645e05c8d649421398f64b566ce955a634c218ea3c7c9ce5143588,sheet1:R58,,,
aaeaa2237f645e05-sheet1-R59,2026-03-12,busan-city,대변인 > 공보담당관,월강,시정홍보 언론 관계자 간담회,391000,aaeaa2237f645e05c8d649421398f64b566ce955a634c218ea3c7c9ce5143588,sheet1:R59,,,
aaeaa2237f645e05-sheet1-R60,2026-03-16,busan-city,대변인 > 공보담당관,셀럽스커피(Celebs Coffee)외 1,시정홍보 언론 관계자 간담회,124400,aaeaa2237f645e05c8d649421398f64b566ce955a634c218ea3c7c9ce5143588,sheet1:R60,,,
aaeaa2237f645e05-sheet1-R61,2026-03-16,busan-city,대변인 > 공보담당관,(주)워터스톤,시정홍보 언론 관계자 간담회,470000,aaeaa2237f645e05c8d649421398f64b566ce955a634c218ea3c7c9ce5143588,sheet1:R61,,,
aaeaa2237f645e05-sheet1-R62,2026-03-17,busan-city,대변인 > 공보담당관,낚시고기횟집,시정홍보 언론 관계자 간담회,288000,aaeaa2237f645e05c8d649421398f64b566ce955a634c218ea3c7c9ce5143588,sheet1:R62,,,
aaeaa2237f645e05-sheet1-R63,2026-03-18,busan-city,대변인 > 공보담당관,"카페로프트,로프트외 1",시정홍보 언론 관계자 간담회,83000,aaeaa2237f645e05c8d649421398f64b566ce955a634c218ea3c7c9ce5143588,sheet1:R63,,,
aaeaa2237f645e05-sheet1-R64,2026-03-19,busan-city,대변인 > 공보담당관,낚시고기횟집,시정홍보 언론 관계자 간담회,240000,aaeaa2237f645e05c8d649421398f64b566ce955a634c218ea3c7c9ce5143588,sheet1:R64,,,
aaeaa2237f645e05-sheet1-R65,2026-03-20,busan-city,대변인 > 공보담당관,옥된장 부산센텀시티점,시정홍보 언론 관계자 간담회,163000,aaeaa2237f645e05c8d649421398f64b566ce955a634c218ea3c7c9ce5143588,sheet1:R65,,,
aaeaa2237f645e05-sheet1-R66,2026-03-20,busan-city,대변인 > 공보담당관,원조메기탕,시정홍보 언론 관계자 간담회,329000,aaeaa2237f645e05c8d649421398f64b566ce955a634c218ea3c7c9ce5143588,sheet1:R66,,,
aaeaa2237f645e05-sheet1-R67,2026-03-20,busan-city,대변인 > 공보담당관,레망도레외 1,부산 도시브랜드 홍보영상 제작 관계자 간담회,171500,aaeaa2237f645e05c8d649421398f64b566ce955a634c218ea3c7c9ce5143588,sheet1:R67,,,
aaeaa2237f645e05-sheet1-R68,2026-03-23,busan-city,대변인 > 공보담당관,슬릭(SLIC)외 1,시정홍보 언론 관계자 간담회,79500,aaeaa2237f645e05c8d649421398f64b566ce955a634c218ea3c7c9ce5143588,sheet1:R68,,,
aaeaa2237f645e05-sheet1-R69,2026-03-23,busan-city,대변인 > 공보담당관,(주)워터스톤,시정홍보 언론 관계자 간담회,320000,aaeaa2237f645e05c8d649421398f64b566ce955a634c218ea3c7c9ce5143588,sheet1:R69,,,
aaeaa2237f645e05-sheet1-R70,2026-03-24,busan-city,대변인 > 공보담당관,낚시고기횟집,시정홍보 언론 관계자 간담회,328000,aaeaa2237f645e05c8d649421398f64b566ce955a634c218ea3c7c9ce5143588,sheet1:R70,,,
aaeaa2237f645e05-sheet1-R71,2026-03-24,busan-city,대변인 > 공보담당관,"연제지역자활센터, 카페가온비",지역방송발전위원회 회의 개최에 따른 차류 구입,35000,aaeaa2237f645e05c8d649421398f64b566ce955a634c218ea3c7c9ce5143588,sheet1:R71,,,
aaeaa2237f645e05-sheet1-R72,2026-03-26,busan-city,대변인 > 공보담당관,참바다,시정홍보 언론 관계자 간담회,474000,aaeaa2237f645e05c8d649421398f64b566ce955a634c218ea3c7c9ce5143588,sheet1:R72,,,
aaeaa2237f645e05-sheet1-R73,2026-03-30,busan-city,대변인 > 공보담당관,참바다,시정홍보 언론 관계자 간담회,440000,aaeaa2237f645e05c8d649421398f64b566ce955a634c218ea3c7c9ce5143588,sheet1:R73,,,
aaeaa2237f645e05-sheet1-R74,2026-03-30,busan-city,대변인 > 공보담당관,올리바,언론사 인터뷰 추진 관계자 간담회,115000,aaeaa2237f645e05c8d649421398f64b566ce955a634c218ea3c7c9ce5143588,sheet1:R74,,,
b112e3cdf756e7b4-sheet1-R5,2026-04-14,busan-city,디지털경제실 > 일자리노동과,팔미초밥,부산시 고용동향 및 일자리 정책 현안 공유 간담회 개최 건의,360000,b112e3cdf756e7b446543e11c929315d84220e3407c4e7e85714416890025c7f,sheet1:R5,,,
b112e3cdf756e7b4-sheet1-R6,2026-04-21,busan-city,디지털경제실 > 일자리노동과,(주) 야단,직업능력개발훈련사업 추진 관련 간담회 개최,120000,b112e3cdf756e7b446543e11c929315d84220e3407c4e7e85714416890025c7f,sheet1:R6,,,
b112e3cdf756e7b4-sheet1-R7,2026-04-28,busan-city,디지털경제실 > 일자리노동과,미남스시,부산일자리정보망 운영 관련 간담회 개최,61000,b112e3cdf756e7b446543e11c929315d84220e3407c4e7e85714416890025c7f,sheet1:R7,,,
6c82a5a59e49690a-sheet1-R4,2026-04-01,busan-city,관광정책과,개인(성명 비공개),소속직원 부의금 지급,50000,6c82a5a59e49690a31a48104872da0138ad1c2d8b8aafd5a2564a94d9cdc2ffe,sheet1:R4,,,
6c82a5a59e49690a-sheet1-R5,2026-04-02,busan-city,관광정책과,만성횟집,추가경정예산 편성 관련 업무논의 간담회,40000,6c82a5a59e49690a31a48104872da0138ad1c2d8b8aafd5a2564a94d9cdc2ffe,sheet1:R5,,,
6c82a5a59e49690a-sheet1-R6,2026-04-02,busan-city,관광정책과,부자회관,대형행사 연계 관광활성화 업무협의 간담회,61000,6c82a5a59e49690a31a48104872da0138ad1c2d8b8aafd5a2564a94d9cdc2ffe,sheet1:R6,,,
6c82a5a59e49690a-sheet1-R7,2026-04-03,busan-city,관광정책과,기요항,해수욕장 현장점검 관련 관계자 간담회,87000,6c82a5a59e49690a31a48104872da0138ad1c2d8b8aafd5a2564a94d9cdc2ffe,sheet1:R7,,,
6c82a5a59e49690a-sheet1-R8,2026-04-07,busan-city,관광정책과,부자회관,미식관광 활성화 추진 간담회,193500,6c82a5a59e49690a31a48104872da0138ad1c2d8b8aafd5a2564a94d9cdc2ffe,sheet1:R8,,,
6c82a5a59e49690a-sheet1-R9,2026-04-07,busan-city,관광정책과,언양불고기 부산집,글로벌 협력 사업 활성화 추진 간담회,478000,6c82a5a59e49690a31a48104872da0138ad1c2d8b8aafd5a2564a94d9cdc2ffe,sheet1:R9,,,
6c82a5a59e49690a-sheet1-R10,2026-04-10,busan-city,관광정책과,주문진막국수,대형 공연 프로젝트 추진 간담회,78000,6c82a5a59e49690a31a48104872da0138ad1c2d8b8aafd5a2564a94d9cdc2ffe,sheet1:R10,,,
6c82a5a59e49690a-sheet1-R11,2026-04-15,busan-city,관광정책과,취원,관광마이스국 업무 논의 간담회,106000,6c82a5a59e49690a31a48104872da0138ad1c2d8b8aafd5a2564a94d9cdc2ffe,sheet1:R11,,,
6c82a5a59e49690a-sheet1-R12,2026-04-16,busan-city,관광정책과,비비큐 부산아델라호텔점,부산관광공사 업무소통 간담회,480000,6c82a5a59e49690a31a48104872da0138ad1c2d8b8aafd5a2564a94d9cdc2ffe,sheet1:R12,,,
6c82a5a59e49690a-sheet1-R13,2026-04-16,busan-city,관광정책과,"가보정2,3관",대한민국 축제 엑스포 부산홍보관 운영 간담회,178000,6c82a5a59e49690a31a48104872da0138ad1c2d8b8aafd5a2564a94d9cdc2ffe,sheet1:R13,,,
6c82a5a59e49690a-sheet1-R14,2026-04-17,busan-city,관광정책과,대봉통닭,대한민국 축제 엑스포 부산홍보관 운영 간담회,102000,6c82a5a59e49690a31a48104872da0138ad1c2d8b8aafd5a2564a94d9cdc2ffe,sheet1:R14,,,
6c82a5a59e49690a-sheet1-R15,2026-04-16,busan-city,관광정책과,개인(성명 비공개),소속직원 부의금 지급,50000,6c82a5a59e49690a31a48104872da0138ad1c2d8b8aafd5a2564a94d9cdc2ffe,sheet1:R15,,,
6c82a5a59e49690a-sheet1-R16,2026-04-17,busan-city,관광정책과,개인(성명 비공개),소속직원 부의금 지급,50000,6c82a5a59e49690a31a48104872da0138ad1c2d8b8aafd5a2564a94d9cdc2ffe,sheet1:R16,,,
6c82a5a59e49690a-sheet1-R17,2026-04-17,busan-city,관광정책과,착한집밥 외 1,해양레저관광 활성화 추진 간담회,61200,6c82a5a59e49690a31a48104872da0138ad1c2d8b8aafd5a2564a94d9cdc2ffe,sheet1:R17,,,
6c82a5a59e49690a-sheet1-R18,2026-04-17,busan-city,관광정책과,(주)사미헌,부산형 해양관광 활성화 추진 간담회,300000,6c82a5a59e49690a31a48104872da0138ad1c2d8b8aafd5a2564a94d9cdc2ffe,sheet1:R18,,,
6c82a5a59e49690a-sheet1-R19,2026-04-23,busan-city,관광정책과,미락,지역관광 상품 활성화 추진 간담회,160000,6c82a5a59e49690a31a48104872da0138ad1c2d8b8aafd5a2564a94d9cdc2ffe,sheet1:R19,,,
6c82a5a59e49690a-sheet1-R20,2026-04-28,busan-city,관광정책과,모리 호수공원점외 1,문체부 시도 회의 관련 업무협의 간담회,119600,6c82a5a59e49690a31a48104872da0138ad1c2d8b8aafd5a2564a94d9cdc2ffe,sheet1:R20,,,
6c82a5a59e49690a-sheet1-R21,2026-04-29,busan-city,관광정책과,곰보식당,2026 부산 밀 페스티벌 업무 추진 관련 간담회,73000,6c82a5a59e49690a31a48104872da0138ad1c2d8b8aafd5a2564a94d9cdc2ffe,sheet1:R21,,,
6c82a5a59e49690a-sheet1-R22,2026-04-29,busan-city,관광정책과,셀럽스커피(Celebs Coffee),관광마이스국 업무추진 간담회,28500,6c82a5a59e49690a31a48104872da0138ad1c2d8b8aafd5a2564a94d9cdc2ffe,sheet1:R22,,,
6c82a5a59e49690a-sheet1-R23,2026-05-06,busan-city,관광정책과,미락,관광마이스국 사업 홍보 관련 기자간담회,200000,6c82a5a59e49690a31a48104872da0138ad1c2d8b8aafd5a2564a94d9cdc2ffe,sheet1:R23,,,
6c82a5a59e49690a-sheet1-R24,2026-05-07,busan-city,관광정책과,송화강,지방공항 연계 지역관광 활성화 추진 간담회,200000,6c82a5a59e49690a31a48104872da0138ad1c2d8b8aafd5a2564a94d9cdc2ffe,sheet1:R24,,,
6c82a5a59e49690a-sheet1-R25,2026-05-11,busan-city,관광정책과,미락,관광마이스국 업무논의 간담회,162000,6c82a5a59e49690a31a48104872da0138ad1c2d8b8aafd5a2564a94d9cdc2ffe,sheet1:R25,,,
6c82a5a59e49690a-sheet1-R26,2026-05-12,busan-city,관광정책과,꿈앤카페지방자치회관점,문체부 시도 회의 관련 업무협의 간담회,26500,6c82a5a59e49690a31a48104872da0138ad1c2d8b8aafd5a2564a94d9cdc2ffe,sheet1:R26,,,
6c82a5a59e49690a-sheet1-R27,2026-05-14,busan-city,관광정책과,(주) 국제식품 초원농원,축제 업무 추진 관련 간담회,160000,6c82a5a59e49690a31a48104872da0138ad1c2d8b8aafd5a2564a94d9cdc2ffe,sheet1:R27,,,
6c82a5a59e49690a-sheet1-R28,2026-05-19,busan-city,관광정책과,정초밥,태종대유원지 관련 업무논의 간담회,240000,6c82a5a59e49690a31a48104872da0138ad1c2d8b8aafd5a2564a94d9cdc2ffe,sheet1:R28,,,
6c82a5a59e49690a-sheet1-R29,2026-05-19,busan-city,관광정책과,히얼이즈커피,부산 관광 실태 통합 분석 용역 제안서 평가 관련 업무 간담회,16000,6c82a5a59e49690a31a48104872da0138ad1c2d8b8aafd5a2564a94d9cdc2ffe,sheet1:R29,,,
6c82a5a59e49690a-sheet1-R30,2026-05-20,busan-city,관광정책과,주양간 안식,현안연구 추진 관련 간담회,299000,6c82a5a59e49690a31a48104872da0138ad1c2d8b8aafd5a2564a94d9cdc2ffe,sheet1:R30,,,
6c82a5a59e49690a-sheet1-R31,2026-05-27,busan-city,관광정책과,부자회관,축제 업무 추진 관련 간담회,261000,6c82a5a59e49690a31a48104872da0138ad1c2d8b8aafd5a2564a94d9cdc2ffe,sheet1:R31,,,
6c82a5a59e49690a-sheet1-R32,2026-05-28,busan-city,관광정책과,미남스시,일본 자매도시 파견직원 간담회,143000,6c82a5a59e49690a31a48104872da0138ad1c2d8b8aafd5a2564a94d9cdc2ffe,sheet1:R32,,,
6c82a5a59e49690a-sheet1-R33,2026-06-02,busan-city,관광정책과,미락,관광마이스국 업무논의 간담회,120000,6c82a5a59e49690a31a48104872da0138ad1c2d8b8aafd5a2564a94d9cdc2ffe,sheet1:R33,,,
6c82a5a59e49690a-sheet1-R34,2026-06-05,busan-city,관광정책과,코레일유통주식회사,웰컴센터 운영 관련 업무협의 간담회,100000,6c82a5a59e49690a31a48104872da0138ad1c2d8b8aafd5a2564a94d9cdc2ffe,sheet1:R34,,,
6c82a5a59e49690a-sheet1-R35,2026-06-04,busan-city,관광정책과,(유)아웃백스테이크하우스코리아,대형공연 관련 현안점검 간담회,262900,6c82a5a59e49690a31a48104872da0138ad1c2d8b8aafd5a2564a94d9cdc2ffe,sheet1:R35,,,
6c82a5a59e49690a-sheet1-R36,2026-06-08,busan-city,관광정책과,금화꽃집,시정 현안 협력 기관으로 꽃바구니 구입 및 전달,1330000,6c82a5a59e49690a31a48104872da0138ad1c2d8b8aafd5a2564a94d9cdc2ffe,sheet1:R36,,,
6c82a5a59e49690a-sheet1-R37,2026-06-08,busan-city,관광정책과,코레일유통주식회사,웰컴센터 운영 관련 업무협의 간담회,200000,6c82a5a59e49690a31a48104872da0138ad1c2d8b8aafd5a2564a94d9cdc2ffe,sheet1:R37,,,
6c82a5a59e49690a-sheet1-R38,2026-06-09,busan-city,관광정책과,국봉수백진국,BTS 월드투어 행사 관련 관계기관 간담회,88000,6c82a5a59e49690a31a48104872da0138ad1c2d8b8aafd5a2564a94d9cdc2ffe,sheet1:R38,,,
6c82a5a59e49690a-sheet1-R39,2026-06-12,busan-city,관광정책과,먹고놀자,대형공연 관련 현안점검 간담회,151900,6c82a5a59e49690a31a48104872da0138ad1c2d8b8aafd5a2564a94d9cdc2ffe,sheet1:R39,,,
6c82a5a59e49690a-sheet1-R40,2026-06-13,busan-city,관광정책과,프랭크버거,대형공연 관련 업무협의 간담회,121200,6c82a5a59e49690a31a48104872da0138ad1c2d8b8aafd5a2564a94d9cdc2ffe,sheet1:R40,,,
6c82a5a59e49690a-sheet1-R41,2026-06-12,busan-city,관광정책과,본도시락,대형공연 관련 관계기관 오찬 간담회,60000,6c82a5a59e49690a31a48104872da0138ad1c2d8b8aafd5a2564a94d9cdc2ffe,sheet1:R41,,,
6c82a5a59e49690a-sheet1-R42,2026-06-15,busan-city,관광정책과,고등어연구소,부산항 축제 합동점검 관련 간담회,43600,6c82a5a59e49690a31a48104872da0138ad1c2d8b8aafd5a2564a94d9cdc2ffe,sheet1:R42,,,
6c82a5a59e49690a-sheet1-R43,2026-06-16,busan-city,관광정책과,주식회사 에프지케이,부산관광 팝업스토어 행사 관련 관계기관 간담회,119900,6c82a5a59e49690a31a48104872da0138ad1c2d8b8aafd5a2564a94d9cdc2ffe,sheet1:R43,,,
6c82a5a59e49690a-sheet1-R44,2026-06-18,busan-city,관광정책과,마조레,관광정책과 업무논의 간담회 (6. 18.),480000,6c82a5a59e49690a31a48104872da0138ad1c2d8b8aafd5a2564a94d9cdc2ffe,sheet1:R44,,,
6c82a5a59e49690a-sheet1-R45,2026-06-18,busan-city,관광정책과,한화커넥트 (주),부산권 관광개발계획 수립 추진 간담회,224000,6c82a5a59e49690a31a48104872da0138ad1c2d8b8aafd5a2564a94d9cdc2ffe,sheet1:R45,,,
6c82a5a59e49690a-sheet1-R46,2026-06-18,busan-city,관광정책과,금화꽃집,시정 현안 협력기관으로 꽃바구니 구입 및 전달,70000,6c82a5a59e49690a31a48104872da0138ad1c2d8b8aafd5a2564a94d9cdc2ffe,sheet1:R46,,,
6c82a5a59e49690a-sheet1-R47,2026-06-19,busan-city,관광정책과,개인(성명 비공개),소속직원 축의금 지급,50000,6c82a5a59e49690a31a48104872da0138ad1c2d8b8aafd5a2564a94d9cdc2ffe,sheet1:R47,,,
6c82a5a59e49690a-sheet1-R48,2026-06-19,busan-city,관광정책과,(주)사미헌,워케이션 활성화 추진 간담회,298000,6c82a5a59e49690a31a48104872da0138ad1c2d8b8aafd5a2564a94d9cdc2ffe,sheet1:R48,,,
6c82a5a59e49690a-sheet1-R49,2026-06-22,busan-city,관광정책과,녹산횟집,해상관광 활성화 추진 간담회,57000,6c82a5a59e49690a31a48104872da0138ad1c2d8b8aafd5a2564a94d9cdc2ffe,sheet1:R49,,,
6c82a5a59e49690a-sheet1-R50,2026-06-23,busan-city,관광정책과,칠드아웃커피&요거트퍼플,유관기관 직원 격려 간식 구입,343000,6c82a5a59e49690a31a48104872da0138ad1c2d8b8aafd5a2564a94d9cdc2ffe,sheet1:R50,,,
6c82a5a59e49690a-sheet1-R51,2026-06-24,busan-city,관광정책과,한화커넥트 (주),해수욕장 관계기관 회의 관련 간담회,28800,6c82a5a59e49690a31a48104872da0138ad1c2d8b8aafd5a2564a94d9cdc2ffe,sheet1:R51,,,
6c82a5a59e49690a-sheet1-R52,2026-06-26,busan-city,관광정책과,더리터외 1,크루즈 활성화를 위한 관계자 간담회,99200,6c82a5a59e49690a31a48104872da0138ad1c2d8b8aafd5a2564a94d9cdc2ffe,sheet1:R52,,,
6c82a5a59e49690a-sheet1-R53,2026-06-29,busan-city,관광정책과,루시앙베이커리,관광진흥 업무추진 간담회,139350,6c82a5a59e49690a31a48104872da0138ad1c2d8b8aafd5a2564a94d9cdc2ffe,sheet1:R53,,,
10ae235ae97bbacb-sheet1-R5,2026-04-22,busan-city,미래디자인본부 > 도시공공디자인과,버드나무집,공공디자인 현안업무 추진 간담회,205000,10ae235ae97bbacb6e32d11cdff286152f8e70e709b5488d9e409d70493c4391,sheet1:R5,,,
10ae235ae97bbacb-sheet1-R6,2026-04-26,busan-city,미래디자인본부 > 도시공공디자인과,"제주가,누아르",공공디자인 현안업무 추진 간담회,177000,10ae235ae97bbacb6e32d11cdff286152f8e70e709b5488d9e409d70493c4391,sheet1:R6,,,
10ae235ae97bbacb-sheet1-R7,2026-04-27,busan-city,미래디자인본부 > 도시공공디자인과,버드나무집,공공디자인 현안 업무 추진 논의를 위한 간담회 개최,330000,10ae235ae97bbacb6e32d11cdff286152f8e70e709b5488d9e409d70493c4391,sheet1:R7,,,
10ae235ae97bbacb-sheet1-R8,2026-05-20,busan-city,미래디자인본부 > 도시공공디자인과,펠트 청계천점,공공디자인 현안 업무 추진 논의를 위한 간담회 개최,15000,10ae235ae97bbacb6e32d11cdff286152f8e70e709b5488d9e409d70493c4391,sheet1:R8,,,
10ae235ae97bbacb-sheet1-R9,2026-06-08,busan-city,미래디자인본부 > 도시공공디자인과,카페가온비(연제지역자활센터),공공디자인 현안 업무(도시비우기) 추진 논의를 위한 간담회 개최,12400,10ae235ae97bbacb6e32d11cdff286152f8e70e709b5488d9e409d70493c4391,sheet1:R9,,,
10ae235ae97bbacb-sheet1-R10,2026-06-10,busan-city,미래디자인본부 > 도시공공디자인과,부자회관 부산시청점,2026년 옥외광고물 안전점검의 날 행사 간담회,250000,10ae235ae97bbacb6e32d11cdff286152f8e70e709b5488d9e409d70493c4391,sheet1:R10,,,
10ae235ae97bbacb-sheet1-R11,2026-06-22,busan-city,미래디자인본부 > 도시공공디자인과,하삼동커피 시청비스타동원점,디자인협의체 회의 다과 구입,27500,10ae235ae97bbacb6e32d11cdff286152f8e70e709b5488d9e409d70493c4391,sheet1:R11,,,
946f8c6550dbdaf6-sheet1-R4,2026-04-27,busan-city,도시계획국 > 도로안전과,부산댁 부산시청점,도로관리 업무 추진 간담회 개최,145000,946f8c6550dbdaf6f2ae5a4a196755b093dd3935e91ed98f63de7003b71b7bc8,sheet1:R4,,,
dbe31c6b35bf236f-sheet1-R4,2026-04-23,busan-city,관광마이스국 > 관광마이스산업과,"히얼이즈커피 부산시청점 연제지역자활센터, 카페가온비",부산 마이스산업 육성 협의회 개최 관련 간담회 개최,49800,dbe31c6b35bf236f7e98f9b73383f77052775fd45e659b1eabfdc9d349de7b64,sheet1:R4,,,
dbe31c6b35bf236f-sheet1-R5,2026-04-23,busan-city,관광마이스국 > 관광마이스산업과,BLACK TAP,The Meetings Show 2026 전시회 참가자 격려 및 간담회 개최,275440,dbe31c6b35bf236f7e98f9b73383f77052775fd45e659b1eabfdc9d349de7b64,sheet1:R5,,,
dbe31c6b35bf236f-sheet1-R6,2026-04-28,busan-city,관광마이스국 > 관광마이스산업과,초량돼지국밥,2026 지역 쇼핑관광 기반 조성사업 관련 관계자 간담회 개최,124000,dbe31c6b35bf236f7e98f9b73383f77052775fd45e659b1eabfdc9d349de7b64,sheet1:R6,,,
dbe31c6b35bf236f-sheet1-R7,2026-05-20,busan-city,관광마이스국 > 관광마이스산업과,만성횟집,QR기반 관광스타트업 간담회 개최,72000,dbe31c6b35bf236f7e98f9b73383f77052775fd45e659b1eabfdc9d349de7b64,sheet1:R7,,,
dbe31c6b35bf236f-sheet1-R8,2026-06-11,busan-city,관광마이스국 > 관광마이스산업과,동래정소고기해장국,관광산업 현안 업무협의 간담회 개최,84000,dbe31c6b35bf236f7e98f9b73383f77052775fd45e659b1eabfdc9d349de7b64,sheet1:R8,,,
d42a3aeeffa2db36-sheet1-R4,2026-04-10,busan-city,중부소방서 > 소방행정과,(주)비학산돼지,내근 담당자 현안업무 추진 직원 격려 간담회 계획,200000,d42a3aeeffa2db36b2315a321ed8928bd1f2545bc02da76204fb002af39a5e50,sheet1:R4,,,
d42a3aeeffa2db36-sheet1-R5,2026-04-13,busan-city,중부소방서 > 소방행정과,카페트리(Cafeterie)외 1,(구조구급과)소방안전강사 기관장과의 간담회 실시에 따른 협조 요청,118000,d42a3aeeffa2db36b2315a321ed8928bd1f2545bc02da76204fb002af39a5e50,sheet1:R5,,,
d42a3aeeffa2db36-sheet1-R6,2026-04-21,busan-city,중부소방서 > 소방행정과,이태리부대찌개 부산중앙점,(구조구급과)2026년 부산 일반인 심폐소생술 대회 참가팀 격려 오찬 계획,110000,d42a3aeeffa2db36b2315a321ed8928bd1f2545bc02da76204fb002af39a5e50,sheet1:R6,,,
d42a3aeeffa2db36-sheet1-R7,2026-04-22,busan-city,중부소방서 > 소방행정과,이태리부대찌개 부산중앙점,심폐소생술 대회 및 인명구조훈련 추진 직원 격려 간담회 실시 계획(수정),52000,d42a3aeeffa2db36b2315a321ed8928bd1f2545bc02da76204fb002af39a5e50,sheet1:R7,,,
d42a3aeeffa2db36-sheet1-R8,2026-04-24,busan-city,중부소방서 > 소방행정과,ㅇㅇ장례식장,부의금 지급계획,50000,d42a3aeeffa2db36b2315a321ed8928bd1f2545bc02da76204fb002af39a5e50,sheet1:R8,,,
d42a3aeeffa2db36-sheet1-R9,2026-05-15,busan-city,중부소방서 > 소방행정과,ㅇㅇ결혼식장,소속 직원 결혼 축하금 지급 계획(소방장 김현철),50000,d42a3aeeffa2db36b2315a321ed8928bd1f2545bc02da76204fb002af39a5e50,sheet1:R9,,,
d42a3aeeffa2db36-sheet1-R10,2026-05-15,busan-city,중부소방서 > 소방행정과,제용기,부산광역시 재향소방동우회장 이취임식 행사 격려금 지급,100000,d42a3aeeffa2db36b2315a321ed8928bd1f2545bc02da76204fb002af39a5e50,sheet1:R10,,,
d42a3aeeffa2db36-sheet1-R11,2026-05-20,busan-city,중부소방서 > 소방행정과,제용기,중부소방서 러닝크루 「 119BPM 」동호회 활동비 지급 요청,100000,d42a3aeeffa2db36b2315a321ed8928bd1f2545bc02da76204fb002af39a5e50,sheet1:R11,,,
d42a3aeeffa2db36-sheet1-R12,2026-05-21,busan-city,중부소방서 > 소방행정과,ㅇㅇ결혼식장,소속 직원 결혼 축하금 지급 계획(소방사 강민석),50000,d42a3aeeffa2db36b2315a321ed8928bd1f2545bc02da76204fb002af39a5e50,sheet1:R12,,,
d42a3aeeffa2db36-sheet1-R13,2026-05-22,busan-city,중부소방서 > 소방행정과,커피빈 부산중앙역점,심전도 멘토링 운영을 위한 교수 초청 오찬 간담회 계획,35100,d42a3aeeffa2db36b2315a321ed8928bd1f2545bc02da76204fb002af39a5e50,sheet1:R13,,,
d42a3aeeffa2db36-sheet1-R14,2026-05-26,busan-city,중부소방서 > 소방행정과,ㅇㅇ장례식장,부의금 지급계획,50000,d42a3aeeffa2db36b2315a321ed8928bd1f2545bc02da76204fb002af39a5e50,sheet1:R14,,,
d42a3aeeffa2db36-sheet1-R15,2026-05-28,busan-city,중부소방서 > 소방행정과,이재모피자 광복배달포장점,2026년 상반기 현안업무 추진에 따른 소속 직원 노고 격려 물품 구매 계획,312400,d42a3aeeffa2db36b2315a321ed8928bd1f2545bc02da76204fb002af39a5e50,sheet1:R15,,,
d42a3aeeffa2db36-sheet1-R16,2026-05-29,busan-city,중부소방서 > 소방행정과,ㅇㅇ장례식장,부의금 지급계획,50000,d42a3aeeffa2db36b2315a321ed8928bd1f2545bc02da76204fb002af39a5e50,sheet1:R16,,,
d42a3aeeffa2db36-sheet1-R17,2026-06-02,busan-city,중부소방서 > 소방행정과,쿠팡(주),방문객 접대물품 구매 계획,47930,d42a3aeeffa2db36b2315a321ed8928bd1f2545bc02da76204fb002af39a5e50,sheet1:R17,,,
d42a3aeeffa2db36-sheet1-R18,2026-06-09,busan-city,중부소방서 > 소방행정과,파리바게뜨 부산중앙역점,2026년 중부소방서 힐링어울림 음악회 행사 필요물품 구매(다과류),106240,d42a3aeeffa2db36b2315a321ed8928bd1f2545bc02da76204fb002af39a5e50,sheet1:R18,,,
d42a3aeeffa2db36-sheet1-R19,2026-06-10,busan-city,중부소방서 > 소방행정과,본전곰탕,(구조구급과)2026년 긴급구조종합훈련 노고격려 간담회 개최 계획,300000,d42a3aeeffa2db36b2315a321ed8928bd1f2545bc02da76204fb002af39a5e50,sheet1:R19,,,
d42a3aeeffa2db36-sheet1-R20,2026-06-10,busan-city,중부소방서 > 소방행정과,ㅇㅇ결혼식장,소속 직원 결혼 축하금 지급 계획(소방사 지영현),50000,d42a3aeeffa2db36b2315a321ed8928bd1f2545bc02da76204fb002af39a5e50,sheet1:R20,,,
d42a3aeeffa2db36-sheet1-R21,2026-06-11,busan-city,중부소방서 > 소방행정과,ㅇㅇ결혼식장,축의금 지급 요청,50000,d42a3aeeffa2db36b2315a321ed8928bd1f2545bc02da76204fb002af39a5e50,sheet1:R21,,,
d42a3aeeffa2db36-sheet1-R22,2026-06-12,busan-city,중부소방서 > 소방행정과,ㅇㅇ장례식장,부의금 지급계획,50000,d42a3aeeffa2db36b2315a321ed8928bd1f2545bc02da76204fb002af39a5e50,sheet1:R22,,,
d42a3aeeffa2db36-sheet1-R23,2026-06-22,busan-city,중부소방서 > 소방행정과,양지,2026년 상반기 업무추진 노고 격려 및 소통을 위한 간담회 개최 계획,1000000,d42a3aeeffa2db36b2315a321ed8928bd1f2545bc02da76204fb002af39a5e50,sheet1:R23,,,
023f24aa4c600020-sheet1-R5,2026-04-03,busan-city,미래공간전략국 > 도시공간전략과,만성횟집,부서 현안업무 추진 직원 간담회,140000,023f24aa4c6000209d1e2e70fd95dcc468554f0f6dec2b47d88075a28d6ad346,sheet1:R5,,,
023f24aa4c600020-sheet1-R6,2026-04-13,busan-city,미래공간전략국 > 도시공간전략과,구연정,부서 현안업무 추진 직원 간담회,200000,023f24aa4c6000209d1e2e70fd95dcc468554f0f6dec2b47d88075a28d6ad346,sheet1:R6,,,
023f24aa4c600020-sheet1-R7,2026-04-14,busan-city,미래공간전략국 > 도시공간전략과,풍미회초밥,부서 현안업무 추진 직원 간담회,125000,023f24aa4c6000209d1e2e70fd95dcc468554f0f6dec2b47d88075a28d6ad346,sheet1:R7,,,
772e2872f6b5f31e-sheet1-R4,2026-01-02,busan-city,중부소방서 > 소방행정과,ㅇㅇ결혼식장,소속 직원 자녀 결혼 축하금 지급 계획(예방안전과장 소방령 자녀),50000,772e2872f6b5f31e28d66b0b7f0cb508503a5736497dde1f655062538ccb8854,sheet1:R4,,,
772e2872f6b5f31e-sheet1-R5,2026-01-19,busan-city,중부소방서 > 소방행정과,쿠팡(주),(현장대응단)중부소방서 인접 타서 안전센터 격려물품 구입 협조 요청,188500,772e2872f6b5f31e28d66b0b7f0cb508503a5736497dde1f655062538ccb8854,sheet1:R5,,,
772e2872f6b5f31e-sheet1-R6,2026-01-23,busan-city,중부소방서 > 소방행정과,쿠팡(주),(청문감사담당관)공무직 인사이동에 따른 격려 물품 구매 협조 요청,36260,772e2872f6b5f31e28d66b0b7f0cb508503a5736497dde1f655062538ccb8854,sheet1:R6,,,
772e2872f6b5f31e-sheet1-R7,2026-01-29,busan-city,중부소방서 > 소방행정과,ㅇㅇ결혼식장,소속 직원 결혼 축하금 지급 계획(소방사 ),50000,772e2872f6b5f31e28d66b0b7f0cb508503a5736497dde1f655062538ccb8854,sheet1:R7,,,
772e2872f6b5f31e-sheet1-R8,2026-02-02,busan-city,중부소방서 > 소방행정과,커피빈 부산중앙역점외 6,2026년 주요업무 추진계획 보고회에 따른 차담회 계획,219000,772e2872f6b5f31e28d66b0b7f0cb508503a5736497dde1f655062538ccb8854,sheet1:R8,,,
772e2872f6b5f31e-sheet1-R9,2026-02-03,busan-city,중부소방서 > 소방행정과,빛날빈,(구조구급과)방송사 협업을 위한 기자간담회 개최에 따른 협조 요청,299000,772e2872f6b5f31e28d66b0b7f0cb508503a5736497dde1f655062538ccb8854,sheet1:R9,,,
772e2872f6b5f31e-sheet1-R10,2026-02-10,busan-city,중부소방서 > 소방행정과,ㅇㅇ장례식장,부의금 지급계획,50000,772e2872f6b5f31e28d66b0b7f0cb508503a5736497dde1f655062538ccb8854,sheet1:R10,,,
772e2872f6b5f31e-sheet1-R11,2026-02-10,busan-city,중부소방서 > 소방행정과,롯데쇼핑(주)롯데마트광복점,2026년 설 명절 보조인력 격려물품 구입,472460,772e2872f6b5f31e28d66b0b7f0cb508503a5736497dde1f655062538ccb8854,sheet1:R11,,,
772e2872f6b5f31e-sheet1-R12,2026-02-10,busan-city,중부소방서 > 소방행정과,이니시스외 1,2026년 설 명절 특별경계근무 직원 격려물품 구입,1486500,772e2872f6b5f31e28d66b0b7f0cb508503a5736497dde1f655062538ccb8854,sheet1:R12,,,
772e2872f6b5f31e-sheet1-R13,2026-02-11,busan-city,중부소방서 > 소방행정과,루아앤티그리 광복점,기관장 내근직원 소통 간담회 실시 계획,360600,772e2872f6b5f31e28d66b0b7f0cb508503a5736497dde1f655062538ccb8854,sheet1:R13,,,
772e2872f6b5f31e-sheet1-R14,2026-02-25,busan-city,중부소방서 > 소방행정과,중부소방서,2026년 상시소방훈련 대회 참가자 격려금 지급 요청,500000,772e2872f6b5f31e28d66b0b7f0cb508503a5736497dde1f655062538ccb8854,sheet1:R14,,,
772e2872f6b5f31e-sheet1-R15,2026-03-04,busan-city,중부소방서 > 소방행정과,숯놈꼬치구이,현안업무 추진 직원 격려 간담회 실시,250000,772e2872f6b5f31e28d66b0b7f0cb508503a5736497dde1f655062538ccb8854,sheet1:R15,,,
772e2872f6b5f31e-sheet1-R16,2026-03-04,busan-city,중부소방서 > 소방행정과,메종드루아,『내근 적응 지원 프로그램-기분 좋은 첫걸음 응원 티타임』 운영 협조 요청,98500,772e2872f6b5f31e28d66b0b7f0cb508503a5736497dde1f655062538ccb8854,sheet1:R16,,,
772e2872f6b5f31e-sheet1-R17,2026-03-12,busan-city,중부소방서 > 소방행정과,만석미역,(청문감사)2026년 찾아가는 상담실 업무추진 관련 시책 협의 간담회 개최 계획 통보,84000,772e2872f6b5f31e28d66b0b7f0cb508503a5736497dde1f655062538ccb8854,sheet1:R17,,,
772e2872f6b5f31e-sheet1-R18,2026-03-16,busan-city,중부소방서 > 소방행정과,ㅇㅇ장례식장,부의금 지급계획,50000,772e2872f6b5f31e28d66b0b7f0cb508503a5736497dde1f655062538ccb8854,sheet1:R18,,,
97c9ab010a72418b-sheet1-R4,2026-06-11,busan-city,여성회관 > 관리팀,초록섬미역,업무추진 직원 격려 간담회,45000,97c9ab010a72418b6d3d6fb9a378ca0e42bd05e72770cde6d3b1fd1719aabe7e,sheet1:R4,,,
97c9ab010a72418b-sheet1-R5,2026-06-22,busan-city,여성회관 > 관리팀,뚱보네돼지갈비,2026년 상반기 퇴임공무원 격려 간담회,390000,97c9ab010a72418b6d3d6fb9a378ca0e42bd05e72770cde6d3b1fd1719aabe7e,sheet1:R5,,,
97c9ab010a72418b-sheet1-R6,2026-06-23,busan-city,여성회관 > 관리팀,초원복국,남구다문화가족지원센터 운영위원회 추진 간담회,162000,97c9ab010a72418b6d3d6fb9a378ca0e42bd05e72770cde6d3b1fd1719aabe7e,sheet1:R6,,,
d5270d140c60be54-sheet1-R5,2026-04-07,busan-city,소방재난본부 > 119특수대응단,맛소문오리불고기(해운대구),소방헬기 야간 산림화재 훈련관련 소방청 등 간담회,350000,d5270d140c60be54dff33228d164a538b6ec7c712144d19861029c819e114e78,sheet1:R5,,,
9c76cd7ea1e9c1f8-sheet1-R5,2026-04-09,busan-city,디지털경제실 > 기업지원과,녹산횟집,원스톱기업지원센터 운영 관련 간담회 개최,180000,9c76cd7ea1e9c1f8bbc0da1914b81c3a50d166ddc11b0c536454bb19c838897f,sheet1:R5,,,
9c76cd7ea1e9c1f8-sheet1-R6,2026-06-12,busan-city,디지털경제실 > 기업지원과,주식회사 지앤지(G&G)시청점,현안업무 추진에 따른 직원 격려 간식 구입,102600,9c76cd7ea1e9c1f8bbc0da1914b81c3a50d166ddc11b0c536454bb19c838897f,sheet1:R6,,,
9c76cd7ea1e9c1f8-sheet1-R7,2026-06-12,busan-city,디지털경제실 > 기업지원과,파파존스부산시청점,현안업무 추진에 따른 직원 격려 간식 구입,105400,9c76cd7ea1e9c1f8bbc0da1914b81c3a50d166ddc11b0c536454bb19c838897f,sheet1:R7,,,
cfe718243906041f-sheet1-R4,2026-04-02,busan-city,도시계획국 > 도시계획과,이가네 명인갈비살,국토이용정보체계 현안사항 추진을 위한 관계자 간담회 개최,250000,cfe718243906041f62024132f63eb8a5c0cf4e49a5a7330528321f779535baa6,sheet1:R4,,,
cfe718243906041f-sheet1-R5,2026-04-09,busan-city,도시계획국 > 도시계획과,손큰집 외 1,도시계획 업무추진 관련 간담회 개최,153500,cfe718243906041f62024132f63eb8a5c0cf4e49a5a7330528321f779535baa6,sheet1:R5,,,
cfe718243906041f-sheet1-R6,2026-04-16,busan-city,도시계획국 > 도시계획과,개인(성명 비공개),도시계획국 직원 경조사 부조금 지급,50000,cfe718243906041f62024132f63eb8a5c0cf4e49a5a7330528321f779535baa6,sheet1:R6,,,
cfe718243906041f-sheet1-R7,2026-04-16,busan-city,도시계획국 > 도시계획과,개인(성명 비공개),도시계획국 직원 경조사 부조금 지급,50000,cfe718243906041f62024132f63eb8a5c0cf4e49a5a7330528321f779535baa6,sheet1:R7,,,
cfe718243906041f-sheet1-R8,2026-04-16,busan-city,도시계획국 > 도시계획과,정초밥,직원 노고 격려 간담회 개최,210000,cfe718243906041f62024132f63eb8a5c0cf4e49a5a7330528321f779535baa6,sheet1:R8,,,
cfe718243906041f-sheet1-R9,2026-04-17,busan-city,도시계획국 > 도시계획과,모리,개발제한구역 해제 관련 간담회 실시,100000,cfe718243906041f62024132f63eb8a5c0cf4e49a5a7330528321f779535baa6,sheet1:R9,,,
cfe718243906041f-sheet1-R10,2026-04-28,busan-city,도시계획국 > 도시계획과,정초밥 외 1,도시계획 업무추진 관련 간담회 개최,170500,cfe718243906041f62024132f63eb8a5c0cf4e49a5a7330528321f779535baa6,sheet1:R10,,,
cfe718243906041f-sheet1-R11,2026-05-07,busan-city,도시계획국 > 도시계획과,백년불고기물갈비,직원 노고 격려 간담회 개최,400000,cfe718243906041f62024132f63eb8a5c0cf4e49a5a7330528321f779535baa6,sheet1:R11,,,
cfe718243906041f-sheet1-R12,2026-05-21,busan-city,도시계획국 > 도시계획과,토정삼계탕 외 1,개발제한구역 해제 업무 추진 관련 간담회,118000,cfe718243906041f62024132f63eb8a5c0cf4e49a5a7330528321f779535baa6,sheet1:R12,,,
cfe718243906041f-sheet1-R13,2026-05-21,busan-city,도시계획국 > 도시계획과,경성갈비 시청점,도시계획 업무추진 관련 간담회 개최,346350,cfe718243906041f62024132f63eb8a5c0cf4e49a5a7330528321f779535baa6,sheet1:R13,,,
cfe718243906041f-sheet1-R14,2026-05-28,busan-city,도시계획국 > 도시계획과,영란고래고기,도시계획 업무추진 관련 간담회 개최,116000,cfe718243906041f62024132f63eb8a5c0cf4e49a5a7330528321f779535baa6,sheet1:R14,,,
cfe718243906041f-sheet1-R15,2026-05-29,busan-city,도시계획국 > 도시계획과,개인(성명 비공개),도시계획국 직원 경조사 부조금 지급,100000,cfe718243906041f62024132f63eb8a5c0cf4e49a5a7330528321f779535baa6,sheet1:R15,,,
cfe718243906041f-sheet1-R16,2026-06-15,busan-city,도시계획국 > 도시계획과,오롯이 외 1,개발제한구역 해제 관련 간담회,225900,cfe718243906041f62024132f63eb8a5c0cf4e49a5a7330528321f779535baa6,sheet1:R16,,,
f228f5e985ec5c9f-sheet1-R5,2026-04-15,busan-city,청년산학국 > 창조교육과,슬릭(SLIC)외 1,부산시청열린도서관 상반기 프로그램 운영 관련 간담회 개최,36250,f228f5e985ec5c9f6ba16eec6b541eb1f2827e8da837427cd3e0d6053650b3f1,sheet1:R5,,,
f228f5e985ec5c9f-sheet1-R6,2026-06-13,busan-city,청년산학국 > 창조교육과,해운대오복돼지국밥 광안직영점,2026 부산바다도서관 행사 추진 관련 간담회 개최,405000,f228f5e985ec5c9f6ba16eec6b541eb1f2827e8da837427cd3e0d6053650b3f1,sheet1:R6,,,
f228f5e985ec5c9f-sheet1-R7,2026-06-13,busan-city,청년산학국 > 창조교육과,메이리,바다도서관 운영 격려를 위한 부서 직원 간담회 개최,53100,f228f5e985ec5c9f6ba16eec6b541eb1f2827e8da837427cd3e0d6053650b3f1,sheet1:R7,,,
f228f5e985ec5c9f-sheet1-R8,2026-06-15,busan-city,청년산학국 > 창조교육과,푸르파파 수변공원DT점외 1,2026부산세계도서관정보대회 추진 관련 간담회 개최,125000,f228f5e985ec5c9f6ba16eec6b541eb1f2827e8da837427cd3e0d6053650b3f1,sheet1:R8,,,
169672792e55ef0c-sheet1-R5,2026-05-07,busan-city,청년산학국 > 지산학협력과,코레일유통주식회사(부산역),교육부 앵커 추진 협의 관련 다과 구입 건의,147400,169672792e55ef0c4c5620655caa7ef68f8a34c43a80f5e66e30e2656d95efba,sheet1:R5,,,
169672792e55ef0c-sheet1-R6,2026-05-08,busan-city,청년산학국 > 지산학협력과,우나기 만,국가 공모사업 추진 관련 관계기관 업무간담회 개최,280000,169672792e55ef0c4c5620655caa7ef68f8a34c43a80f5e66e30e2656d95efba,sheet1:R6,,,
169672792e55ef0c-sheet1-R7,2026-05-11,busan-city,청년산학국 > 지산학협력과,우나기 만,부산 워털루형 코업 프로그램 추진 간담회 개최,140000,169672792e55ef0c4c5620655caa7ef68f8a34c43a80f5e66e30e2656d95efba,sheet1:R7,,,
169672792e55ef0c-sheet1-R8,2026-05-12,busan-city,청년산학국 > 지산학협력과,한화커넥트 (주)외 1,국가공모사업 및 현안 추진 관련 업무협의 간담회 개최,78700,169672792e55ef0c4c5620655caa7ef68f8a34c43a80f5e66e30e2656d95efba,sheet1:R8,,,
169672792e55ef0c-sheet1-R9,2026-05-20,busan-city,청년산학국 > 지산학협력과,금수복국 본점,부산형 지역성장 인재양성체계 자체평가 관련 간담회 개최,138000,169672792e55ef0c4c5620655caa7ef68f8a34c43a80f5e66e30e2656d95efba,sheet1:R9,,,
169672792e55ef0c-sheet1-R10,2026-05-21,busan-city,청년산학국 > 지산학협력과,언양불고기 부산집,라이즈 자체평가 관련 간담회 개최,174000,169672792e55ef0c4c5620655caa7ef68f8a34c43a80f5e66e30e2656d95efba,sheet1:R10,,,
169672792e55ef0c-sheet1-R11,2026-05-27,busan-city,청년산학국 > 지산학협력과,빽보이피자 부산부전역점,지역성장 인재양성체계(앵커) 현안 논의를 위한 간담회 개최,208900,169672792e55ef0c4c5620655caa7ef68f8a34c43a80f5e66e30e2656d95efba,sheet1:R11,,,
169672792e55ef0c-sheet1-R12,2026-05-27,busan-city,청년산학국 > 지산학협력과,징기스칸램,특성화지방대학(글로컬대학) 현안 논의를 위한 간담회 개최,129000,169672792e55ef0c4c5620655caa7ef68f8a34c43a80f5e66e30e2656d95efba,sheet1:R12,,,
169672792e55ef0c-sheet1-R13,2026-06-09,busan-city,청년산학국 > 지산학협력과,리오리오(RIORIO)외 1,국가R&D 공모사업 현안 논의를 위한 간담회 개최,170000,169672792e55ef0c4c5620655caa7ef68f8a34c43a80f5e66e30e2656d95efba,sheet1:R13,,,
9dea012377880df7-sheet1-R5,2026-04-03,busan-city,보건환경연구원 > 총무팀,행복할인마트외 1,에코델타시티 등 악취 관련 관계기관 회의 다과 구입 요청(생활환경팀),100000,9dea012377880df71dce3ec836f2b2a549eed7c16d536760466602f2133e9c1a,sheet1:R5,,,
9dea012377880df7-sheet1-R6,2026-04-07,busan-city,보건환경연구원 > 총무팀,식당3선 연제점,업무간담회 개최 건의(식약품연구부),360000,9dea012377880df71dce3ec836f2b2a549eed7c16d536760466602f2133e9c1a,sheet1:R6,,,
9dea012377880df7-sheet1-R7,2026-04-10,busan-city,보건환경연구원 > 총무팀,규문당과자점,2026년 상반기 먹는물공동시설 구군 담당자 교육 다과 구입 건의(물환경연구부),98100,9dea012377880df71dce3ec836f2b2a549eed7c16d536760466602f2133e9c1a,sheet1:R7,,,
9dea012377880df7-sheet1-R8,2026-04-14,busan-city,보건환경연구원 > 총무팀,303화덕초읍,업무 간담회 개최 건의,250000,9dea012377880df71dce3ec836f2b2a549eed7c16d536760466602f2133e9c1a,sheet1:R8,,,
9dea012377880df7-sheet1-R9,2026-04-14,busan-city,보건환경연구원 > 총무팀,지에스25 뉴부산시청점외 1,연구실 안전관리 현장평가 관련 다과류 구매 건의,60200,9dea012377880df71dce3ec836f2b2a549eed7c16d536760466602f2133e9c1a,sheet1:R9,,,
9dea012377880df7-sheet1-R10,2026-04-16,busan-city,보건환경연구원 > 총무팀,하정집,업무간담회 개최 건의(토양폐기물팀),118000,9dea012377880df71dce3ec836f2b2a549eed7c16d536760466602f2133e9c1a,sheet1:R10,,,
9dea012377880df7-sheet1-R11,2026-04-21,busan-city,보건환경연구원 > 총무팀,블루샥 부산시청점외 1,업무간담회 개최 건의(대기환경연구부),167800,9dea012377880df71dce3ec836f2b2a549eed7c16d536760466602f2133e9c1a,sheet1:R11,,,
9dea012377880df7-sheet1-R12,2026-04-24,busan-city,보건환경연구원 > 총무팀,신작로연탄구이,업무간담회 개최 건의(물환경생태팀),80000,9dea012377880df71dce3ec836f2b2a549eed7c16d536760466602f2133e9c1a,sheet1:R12,,,
9dea012377880df7-sheet1-R13,2026-04-27,busan-city,보건환경연구원 > 총무팀,은화횟집2호점,예산결산특별위원회 관련 간담회 개최 건의,150000,9dea012377880df71dce3ec836f2b2a549eed7c16d536760466602f2133e9c1a,sheet1:R13,,,
9dea012377880df7-sheet1-R14,2026-05-04,busan-city,보건환경연구원 > 총무팀,요거프레소(반여농산물점),현안업무추진 직원격려 간식 구입 건의(반여농산물검사소),80000,9dea012377880df71dce3ec836f2b2a549eed7c16d536760466602f2133e9c1a,sheet1:R14,,,
9dea012377880df7-sheet1-R15,2026-05-07,busan-city,보건환경연구원 > 총무팀,컴포즈커피(만덕주공)외 1,업무간담회 개최 건의(감염병연구부),81700,9dea012377880df71dce3ec836f2b2a549eed7c16d536760466602f2133e9c1a,sheet1:R15,,,
9dea012377880df7-sheet1-R16,2026-05-08,busan-city,보건환경연구원 > 총무팀,더벤티 부산만덕점외 1,업무간담회 개최 건의(감염병연구부),51800,9dea012377880df71dce3ec836f2b2a549eed7c16d536760466602f2133e9c1a,sheet1:R16,,,
9dea012377880df7-sheet1-R17,2026-05-13,busan-city,보건환경연구원 > 총무팀,개인(성명 비공개),경조사 부의금 지급 건의,50000,9dea012377880df71dce3ec836f2b2a549eed7c16d536760466602f2133e9c1a,sheet1:R17,,,
9dea012377880df7-sheet1-R18,2026-05-15,busan-city,보건환경연구원 > 총무팀,더벤티 부산만덕점외 1,업무간담회 개최 건의(감염병연구부),52600,9dea012377880df71dce3ec836f2b2a549eed7c16d536760466602f2133e9c1a,sheet1:R18,,,
9dea012377880df7-sheet1-R19,2026-05-18,busan-city,보건환경연구원 > 총무팀,외식일번가외 1,업무간담회 개최 건의(엄궁농산물검사소),80100,9dea012377880df71dce3ec836f2b2a549eed7c16d536760466602f2133e9c1a,sheet1:R19,,,
9dea012377880df7-sheet1-R20,2026-05-18,busan-city,보건환경연구원 > 총무팀,용원가덕횟집,업무간담회 개최건의(대기환경연구부),71000,9dea012377880df71dce3ec836f2b2a549eed7c16d536760466602f2133e9c1a,sheet1:R20,,,
9dea012377880df7-sheet1-R21,2026-05-22,busan-city,보건환경연구원 > 총무팀,(주)다정플러스,2026년 보건환경연구원 견학 기념품 제작 건의,550200,9dea012377880df71dce3ec836f2b2a549eed7c16d536760466602f2133e9c1a,sheet1:R21,,,
9dea012377880df7-sheet1-R22,2026-05-28,busan-city,보건환경연구원 > 총무팀,다금외 1,업무간담회 개최(물환경연구부),201880,9dea012377880df71dce3ec836f2b2a549eed7c16d536760466602f2133e9c1a,sheet1:R22,,,
9dea012377880df7-sheet1-R23,2026-05-28,busan-city,보건환경연구원 > 총무팀,아시오외 1,업무간담회 개최(대기환경연구부),177600,9dea012377880df71dce3ec836f2b2a549eed7c16d536760466602f2133e9c1a,sheet1:R23,,,
9dea012377880df7-sheet1-R24,2026-05-29,busan-city,보건환경연구원 > 총무팀,주식회사 모두아트센터외 1,어린이활동공간 업무협의 관련 경비지출 건의(환경보건팀),152500,9dea012377880df71dce3ec836f2b2a549eed7c16d536760466602f2133e9c1a,sheet1:R24,,,
9dea012377880df7-sheet1-R25,2026-05-29,busan-city,보건환경연구원 > 총무팀,주식회사 모두아트센터외 1,어린이활동공간 업무협의 관련 경비지출 건의(환경보건팀),152500,9dea012377880df71dce3ec836f2b2a549eed7c16d536760466602f2133e9c1a,sheet1:R25,,,
9dea012377880df7-sheet1-R26,2026-05-30,busan-city,보건환경연구원 > 총무팀,개인(성명 비공개),경조사 축의금 지급 건의,50000,9dea012377880df71dce3ec836f2b2a549eed7c16d536760466602f2133e9c1a,sheet1:R26,,,
9dea012377880df7-sheet1-R27,2026-06-01,busan-city,보건환경연구원 > 총무팀,장수곰탕,업무간담회 개최 건의(식약품연구부),330000,9dea012377880df71dce3ec836f2b2a549eed7c16d536760466602f2133e9c1a,sheet1:R27,,,
9dea012377880df7-sheet1-R28,2026-06-02,busan-city,보건환경연구원 > 총무팀,샤브마니아만덕점,업무간담회 개최 건의(감염병연구부),55600,9dea012377880df71dce3ec836f2b2a549eed7c16d536760466602f2133e9c1a,sheet1:R28,,,
9dea012377880df7-sheet1-R29,2026-06-02,busan-city,보건환경연구원 > 총무팀,오륜(CAFE)외 1,정책연구모임 추진을 위한 간담회 실시,172500,9dea012377880df71dce3ec836f2b2a549eed7c16d536760466602f2133e9c1a,sheet1:R29,,,
9dea012377880df7-sheet1-R30,2026-06-04,busan-city,보건환경연구원 > 총무팀,덕천복집,업무간담회 개최 건의(감염병연구부),60000,9dea012377880df71dce3ec836f2b2a549eed7c16d536760466602f2133e9c1a,sheet1:R30,,,
9dea012377880df7-sheet1-R31,2026-06-09,busan-city,보건환경연구원 > 총무팀,식당3선 연제점,업무간담회 개최 건의(감염병연구부),286000,9dea012377880df71dce3ec836f2b2a549eed7c16d536760466602f2133e9c1a,sheet1:R31,,,
9dea012377880df7-sheet1-R32,2026-06-11,busan-city,보건환경연구원 > 총무팀,뚜레쥬르율리역점,직원격려 간식 구입 건의(식품분석팀),137800,9dea012377880df71dce3ec836f2b2a549eed7c16d536760466602f2133e9c1a,sheet1:R32,,,
9dea012377880df7-sheet1-R33,2026-06-12,busan-city,보건환경연구원 > 총무팀,(주)메가마트덕천점,대기분야 측정대행업체 역량강화 교육 및 숙련도 시험 평가관련 다과류 구입 요청,448150,9dea012377880df71dce3ec836f2b2a549eed7c16d536760466602f2133e9c1a,sheet1:R33,,,
9dea012377880df7-sheet1-R34,2026-06-16,busan-city,보건환경연구원 > 총무팀,고등어다찌,업무 협의를 위한 간담회 개최 건의,220000,9dea012377880df71dce3ec836f2b2a549eed7c16d536760466602f2133e9c1a,sheet1:R34,,,
9dea012377880df7-sheet1-R35,2026-06-17,busan-city,보건환경연구원 > 총무팀,마파람해물찜해물탕,업무간담회 개최 건의(토양폐기물팀),108500,9dea012377880df71dce3ec836f2b2a549eed7c16d536760466602f2133e9c1a,sheet1:R35,,,
9dea012377880df7-sheet1-R36,2026-06-19,busan-city,보건환경연구원 > 총무팀,은화횟집2호점,예산결산특별위원회 관련 간담회 개최 건의,150000,9dea012377880df71dce3ec836f2b2a549eed7c16d536760466602f2133e9c1a,sheet1:R36,,,
9dea012377880df7-sheet1-R37,2026-06-22,busan-city,보건환경연구원 > 총무팀,어라우즈 로스터리외 1,대기환경측정망 위탁관리 도급사업 합동안전점검 및 관련 사항 논의 간담회 개최,118000,9dea012377880df71dce3ec836f2b2a549eed7c16d536760466602f2133e9c1a,sheet1:R37,,,
9dea012377880df7-sheet1-R38,2026-06-24,busan-city,보건환경연구원 > 총무팀,시장분식,업무간담회 개최 건의(물환경생태팀),45000,9dea012377880df71dce3ec836f2b2a549eed7c16d536760466602f2133e9c1a,sheet1:R38,,,
9dea012377880df7-sheet1-R39,2026-06-25,busan-city,보건환경연구원 > 총무팀,(주)와이에스원/외식일번가덕천점,물환경연구부 직원 격려 간담회 개최 건의,294000,9dea012377880df71dce3ec836f2b2a549eed7c16d536760466602f2133e9c1a,sheet1:R39,,,
9dea012377880df7-sheet1-R40,2026-06-29,busan-city,보건환경연구원 > 총무팀,금복,업무 간담회 개최 건의,350000,9dea012377880df71dce3ec836f2b2a549eed7c16d536760466602f2133e9c1a,sheet1:R40,,,
3439b509ac73aeb7-sheet1-R5,2026-04-30,busan-city,도시계획국 > 토지정보과,어드메 외 1곳,지적측량 경진대회 추진 관련 간담회 개최,154000,3439b509ac73aeb71ec6c2e8b9f08b5dfb6e86262f58679b427b1c3db92792ad,sheet1:R5,,,
3439b509ac73aeb7-sheet1-R6,2026-05-15,busan-city,도시계획국 > 토지정보과,처갓집양념치킨,토지행정 및 공간정보 활용 교육과정 운영을 위한 간담회 개최,186000,3439b509ac73aeb71ec6c2e8b9f08b5dfb6e86262f58679b427b1c3db92792ad,sheet1:R6,,,
3439b509ac73aeb7-sheet1-R7,2026-05-22,busan-city,도시계획국 > 토지정보과,오라 외 1곳,지적세미나 및 지적재조사 우수사례 경진대회 추진 관련 간담회 개최,173000,3439b509ac73aeb71ec6c2e8b9f08b5dfb6e86262f58679b427b1c3db92792ad,sheet1:R7,,,
3439b509ac73aeb7-sheet1-R8,2026-06-05,busan-city,도시계획국 > 토지정보과,모모스커피 도모헌점,생성형 AI기반 부산형 지적업무편람(ABC) 제작 관련 간담회 개최,63000,3439b509ac73aeb71ec6c2e8b9f08b5dfb6e86262f58679b427b1c3db92792ad,sheet1:R8,,,
3c4a55e20928dd93-sheet1-R4,2026-04-02,busan-city,부산근현대역사관 > 관리팀,문화의물결까사부사노부산근현대역사관점,세계유산위원회 관련 행사 추진을 위한 간담회,50000,3c4a55e20928dd93c39bc867b1c99ffe64d0584cd5a236b05a335dd226dad6b7,sheet1:R4,,,
3c4a55e20928dd93-sheet1-R5,2026-04-02,busan-city,부산근현대역사관 > 관리팀,문화의물결까사부사노부산근현대역사관점,내방객 제공 다과류 구입,49800,3c4a55e20928dd93c39bc867b1c99ffe64d0584cd5a236b05a335dd226dad6b7,sheet1:R5,,,
3c4a55e20928dd93-sheet1-R6,2026-04-15,busan-city,부산근현대역사관 > 관리팀,역사관 직원,직원 축의금 지급,50000,3c4a55e20928dd93c39bc867b1c99ffe64d0584cd5a236b05a335dd226dad6b7,sheet1:R6,,,
3c4a55e20928dd93-sheet1-R7,2026-04-20,busan-city,부산근현대역사관 > 관리팀,"블루샥 남포, 쿠팡㈜",부산광역시 국가유산위원회(유물구입심의분과) 회의 다과 구입,60000,3c4a55e20928dd93c39bc867b1c99ffe64d0584cd5a236b05a335dd226dad6b7,sheet1:R7,,,
3c4a55e20928dd93-sheet1-R8,2026-04-24,busan-city,부산근현대역사관 > 관리팀,문화의물결까사부사노부산근현대역사관점,소장유물 등록 신청 및 관리 관련 간담회,27200,3c4a55e20928dd93c39bc867b1c99ffe64d0584cd5a236b05a335dd226dad6b7,sheet1:R8,,,
3c4a55e20928dd93-sheet1-R9,2026-04-28,busan-city,부산근현대역사관 > 관리팀,동키치킨,근현대역사관 간부 직원 간담회,69000,3c4a55e20928dd93c39bc867b1c99ffe64d0584cd5a236b05a335dd226dad6b7,sheet1:R9,,,
3c4a55e20928dd93-sheet1-R10,2026-05-12,busan-city,부산근현대역사관 > 관리팀,화교대반점,국가기록원 직원 간담회,150000,3c4a55e20928dd93c39bc867b1c99ffe64d0584cd5a236b05a335dd226dad6b7,sheet1:R10,,,
3c4a55e20928dd93-sheet1-R11,2026-05-18,busan-city,부산근현대역사관 > 관리팀,블루샥 남포,신규 전시해설 자원봉사자 간담회,50000,3c4a55e20928dd93c39bc867b1c99ffe64d0584cd5a236b05a335dd226dad6b7,sheet1:R11,,,
3c4a55e20928dd93-sheet1-R12,2026-05-28,busan-city,부산근현대역사관 > 관리팀,문화의물결까사부사노부산근현대역사관점,내방객 제공 다과류 구입,65600,3c4a55e20928dd93c39bc867b1c99ffe64d0584cd5a236b05a335dd226dad6b7,sheet1:R12,,,
3c4a55e20928dd93-sheet1-R13,2026-06-22,busan-city,부산근현대역사관 > 관리팀,"히엠스(Hiems), 다무치아",특별교류전 등 전시 개막 지원에 따른 직원 격려 간담회,199400,3c4a55e20928dd93c39bc867b1c99ffe64d0584cd5a236b05a335dd226dad6b7,sheet1:R13,,,
3c4a55e20928dd93-sheet1-R14,2026-06-23,busan-city,부산근현대역사관 > 관리팀,"큰집, 블루샥 남포",인사발령에 따른 청원경찰 직원 간담회,90400,3c4a55e20928dd93c39bc867b1c99ffe64d0584cd5a236b05a335dd226dad6b7,sheet1:R14,,,
3c4a55e20928dd93-sheet1-R15,2026-06-26,busan-city,부산근현대역사관 > 관리팀,BC카드(부산근현대역사관),내방객 제공 다과류 구입,35000,3c4a55e20928dd93c39bc867b1c99ffe64d0584cd5a236b05a335dd226dad6b7,sheet1:R15,,,
3c4a55e20928dd93-sheet2-R4,2026-04-20,busan-city,부산근현대역사관 > 관리팀,킹할인마트,임시수도기념관 교육강사 운영 다과 구입(임시),26500,3c4a55e20928dd93c39bc867b1c99ffe64d0584cd5a236b05a335dd226dad6b7,sheet2:R4,,,
3c4a55e20928dd93-sheet2-R5,2026-04-28,busan-city,부산근현대역사관 > 관리팀,스시투어 시민공원점,현안업무 추진을 위한 직원 격려 간담회 개최(임시),84950,3c4a55e20928dd93c39bc867b1c99ffe64d0584cd5a236b05a335dd226dad6b7,sheet2:R5,,,
3c4a55e20928dd93-sheet2-R6,2026-04-30,busan-city,부산근현대역사관 > 관리팀,담,2026년 2분기 현안업무 추진을 위한 직원 간담회 개최(임시),139000,3c4a55e20928dd93c39bc867b1c99ffe64d0584cd5a236b05a335dd226dad6b7,sheet2:R6,,,
3c4a55e20928dd93-sheet2-R7,2026-05-14,busan-city,부산근현대역사관 > 관리팀,A마트,2026년 학술연구총서 발간 현장조사에 따른 다과류 구입(임시),11000,3c4a55e20928dd93c39bc867b1c99ffe64d0584cd5a236b05a335dd226dad6b7,sheet2:R7,,,
3c4a55e20928dd93-sheet2-R8,2026-06-22,busan-city,부산근현대역사관 > 관리팀,"부민정, 에피소드",장마철 집중호우 및 강풍 대비 직원 간담회 개최(임시),121900,3c4a55e20928dd93c39bc867b1c99ffe64d0584cd5a236b05a335dd226dad6b7,sheet2:R8,,,
3c4a55e20928dd93-sheet2-R9,2026-06-24,busan-city,부산근현대역사관 > 관리팀,대궁한정식,학술연구총서 발간을 위한 자문위원 간담회 개최(임시),180000,3c4a55e20928dd93c39bc867b1c99ffe64d0584cd5a236b05a335dd226dad6b7,sheet2:R9,,,
6bd87b61b6f10a74-sheet1-R5,2026-04-07,busan-city,환경물정책실 > 자원순환과,토담,생곡매립장 운영 관련 간담회,108000,6bd87b61b6f10a7467e8de85e566a4a92304e080fbb5a23b78e5dd5c1c5329f5,sheet1:R5,,,
6bd87b61b6f10a74-sheet1-R6,2026-04-17,busan-city,환경물정책실 > 자원순환과,프랭크버거(시청점),사업장폐기물 합동점검 관련 간담회 개최,194000,6bd87b61b6f10a7467e8de85e566a4a92304e080fbb5a23b78e5dd5c1c5329f5,sheet1:R6,,,
6bd87b61b6f10a74-sheet1-R7,2026-05-07,busan-city,환경물정책실 > 자원순환과,ENA스위트호텔,텀블러 사용 인센티브 및 업사이클 센터 벤치마킹 관련 간담회 개최,219000,6bd87b61b6f10a7467e8de85e566a4a92304e080fbb5a23b78e5dd5c1c5329f5,sheet1:R7,,,
6bd87b61b6f10a74-sheet1-R8,2026-05-08,busan-city,환경물정책실 > 자원순환과,모모스커피(주) 도모헌점외 6,공동주택 음식물류 감량기 관련 제조사 설명회 개최,208920,6bd87b61b6f10a7467e8de85e566a4a92304e080fbb5a23b78e5dd5c1c5329f5,sheet1:R8,,,
6bd87b61b6f10a74-sheet1-R9,2026-05-08,busan-city,환경물정책실 > 자원순환과,수정횟집,매립장 조사 업무협조 간담회,83000,6bd87b61b6f10a7467e8de85e566a4a92304e080fbb5a23b78e5dd5c1c5329f5,sheet1:R9,,,
6bd87b61b6f10a74-sheet1-R10,2026-06-23,busan-city,환경물정책실 > 자원순환과,남해일식,자원순환업무 협의 간담회 개최,240000,6bd87b61b6f10a7467e8de85e566a4a92304e080fbb5a23b78e5dd5c1c5329f5,sheet1:R10,,,
6bd87b61b6f10a74-sheet1-R11,2026-06-27,busan-city,환경물정책실 > 자원순환과,긴조스시외 2,6월 시민 나눔장터 개장관련 간담회 개최,110800,6bd87b61b6f10a7467e8de85e566a4a92304e080fbb5a23b78e5dd5c1c5329f5,sheet1:R11,,,
a9879b14e44a5c30-sheet1-R5,2026-04-08,busan-city,교통혁신국 > 대중교통과,미야 외 1,대중교통 육성지원 업무추진 간담회 개최,139800,a9879b14e44a5c30c24bc23f94c4d9340e3e9763603eff4821e1d9864657410b,sheet1:R5,,,
a9879b14e44a5c30-sheet1-R6,2026-04-07,busan-city,교통혁신국 > 대중교통과,보돌미역 세종점 외 1,여객자동차 운수사업법령 개정건의 관련 출장 및 간담회 개최,99400,a9879b14e44a5c30c24bc23f94c4d9340e3e9763603eff4821e1d9864657410b,sheet1:R6,,,
a9879b14e44a5c30-sheet1-R7,2026-04-09,busan-city,교통혁신국 > 대중교통과,부용당,버스전용차로 위반 단속 업무 관련 간담회 개최,105000,a9879b14e44a5c30c24bc23f94c4d9340e3e9763603eff4821e1d9864657410b,sheet1:R7,,,
a9879b14e44a5c30-sheet1-R8,2026-04-16,busan-city,교통혁신국 > 대중교통과,용암할매횟집 외 1,시내버스 민원 개선 등을 위한 간담회 개최,128000,a9879b14e44a5c30c24bc23f94c4d9340e3e9763603eff4821e1d9864657410b,sheet1:R8,,,
a9879b14e44a5c30-sheet1-R9,2026-04-21,busan-city,교통혁신국 > 대중교통과,용궁해물탕,기장 마을버스 차고지 관련 간담회 개최 건의,177000,a9879b14e44a5c30c24bc23f94c4d9340e3e9763603eff4821e1d9864657410b,sheet1:R9,,,
a9879b14e44a5c30-sheet1-R10,2026-04-24,busan-city,교통혁신국 > 대중교통과,돈풍각,모두의 카드 홍보 등 관련 간담회 개최,186000,a9879b14e44a5c30c24bc23f94c4d9340e3e9763603eff4821e1d9864657410b,sheet1:R10,,,
a9879b14e44a5c30-sheet1-R11,2026-04-29,busan-city,교통혁신국 > 대중교통과,히얼이즈 커피 부산시청점,2025년 시내버스 표준운송원가 산정 용역 최종보고회 다과 구입,41300,a9879b14e44a5c30c24bc23f94c4d9340e3e9763603eff4821e1d9864657410b,sheet1:R11,,,
a9879b14e44a5c30-sheet1-R12,2026-05-07,busan-city,교통혁신국 > 대중교통과,부용당,시내버스 체계개선 관련 간담회 개최,223000,a9879b14e44a5c30c24bc23f94c4d9340e3e9763603eff4821e1d9864657410b,sheet1:R12,,,
a9879b14e44a5c30-sheet1-R13,2026-05-12,busan-city,교통혁신국 > 대중교통과,산청흑돼지,대중교통 시설 정비 업무 협의를 위한 간담회 개최,308000,a9879b14e44a5c30c24bc23f94c4d9340e3e9763603eff4821e1d9864657410b,sheet1:R13,,,
a9879b14e44a5c30-sheet1-R14,2026-05-14,busan-city,교통혁신국 > 대중교통과,보글보글대구탕,대중교통 서비스 개선을 위한 간담회 개최,92000,a9879b14e44a5c30c24bc23f94c4d9340e3e9763603eff4821e1d9864657410b,sheet1:R14,,,
a9879b14e44a5c30-sheet1-R15,2026-06-01,busan-city,교통혁신국 > 대중교통과,비스트로 날마다 대박나는집,도시철도 효율적 운영을 위한 간담회 개최,115900,a9879b14e44a5c30c24bc23f94c4d9340e3e9763603eff4821e1d9864657410b,sheet1:R15,,,
a9879b14e44a5c30-sheet1-R16,2026-06-02,busan-city,교통혁신국 > 대중교통과,산청흑돼지,시내버스 기반시설 운영 협의를 위한 간담회 개최,168500,a9879b14e44a5c30c24bc23f94c4d9340e3e9763603eff4821e1d9864657410b,sheet1:R16,,,
a9879b14e44a5c30-sheet1-R17,2026-06-16,busan-city,교통혁신국 > 대중교통과,비스트로 날마다 대박나는집,저상버스 도입조보 사업관계자 간담회 개최,121500,a9879b14e44a5c30c24bc23f94c4d9340e3e9763603eff4821e1d9864657410b,sheet1:R17,,,
a9879b14e44a5c30-sheet1-R18,2026-06-18,busan-city,교통혁신국 > 대중교통과,정초밥,부산-김해 경전철 운영 관련 협의를 위한 간담회 개최,120000,a9879b14e44a5c30c24bc23f94c4d9340e3e9763603eff4821e1d9864657410b,sheet1:R18,,,
a9879b14e44a5c30-sheet1-R19,2026-06-18,busan-city,교통혁신국 > 대중교통과,자갈치김천횟집,BRT구축사업 업무협의를 위한 간담회 개최,140000,a9879b14e44a5c30c24bc23f94c4d9340e3e9763603eff4821e1d9864657410b,sheet1:R19,,,
a9879b14e44a5c30-sheet1-R20,2026-06-22,busan-city,교통혁신국 > 대중교통과,히얼이즈 커피 부산시청점,2026년 시내버스 서비스 평가 용역 착수보고회 다과구입,23300,a9879b14e44a5c30c24bc23f94c4d9340e3e9763603eff4821e1d9864657410b,sheet1:R20,,,
a9879b14e44a5c30-sheet1-R21,2026-06-22,busan-city,교통혁신국 > 대중교통과,제일옥곰탕,버스전용차로 위반관리시스템 기능개선 관련 간담회 개최,80000,a9879b14e44a5c30c24bc23f94c4d9340e3e9763603eff4821e1d9864657410b,sheet1:R21,,,
a9879b14e44a5c30-sheet1-R22,2026-06-24,busan-city,교통혁신국 > 대중교통과,우나기 만,도시철도 운영 관련 현안사항 논의를 위한 간담회 개최,140000,a9879b14e44a5c30c24bc23f94c4d9340e3e9763603eff4821e1d9864657410b,sheet1:R22,,,
a9879b14e44a5c30-sheet1-R23,2026-06-26,busan-city,교통혁신국 > 대중교통과,히얼이즈 커피 부산시청점,BRT연계 교통체계 개선사업 실시설계용역 최종보고회 다과구입,21300,a9879b14e44a5c30c24bc23f94c4d9340e3e9763603eff4821e1d9864657410b,sheet1:R23,,,
f401d0a8822ee103-sheet1-R5,2026-04-21,busan-city,상수도사업본부 > 시설관리사업소 > 관리팀,짚불관 거제본점,사업소 현안업무 청취 및 해결을 위한 공무원노조 상수도지부와의 간담회,267000,f401d0a8822ee10310f2efad2f6915902be2420ad41cbf0ab0c194aa5fd712e1,sheet1:R5,,,
f401d0a8822ee103-sheet1-R6,2026-05-27,busan-city,상수도사업본부 > 시설관리사업소 > 관리팀,국민은행 등,의원면직 직원 격려품 구입,100000,f401d0a8822ee10310f2efad2f6915902be2420ad41cbf0ab0c194aa5fd712e1,sheet1:R6,,,
f401d0a8822ee103-sheet1-R7,2026-06-16,busan-city,상수도사업본부 > 시설관리사업소 > 관리팀,초원농원 양정점,26 상반기 퇴직직원 노고격려 및 하반기 업므추진 협의 간담회,510000,f401d0a8822ee10310f2efad2f6915902be2420ad41cbf0ab0c194aa5fd712e1,sheet1:R7,,,
f401d0a8822ee103-sheet1-R8,2026-05-07,busan-city,상수도사업본부 > 시설관리사업소 > 관리팀,오늘도 열일중,누수발생에 따른 긴급복구 및 현장대응을 위한 현안업무 협의 간담회,350000,f401d0a8822ee10310f2efad2f6915902be2420ad41cbf0ab0c194aa5fd712e1,sheet1:R8,,,
f401d0a8822ee103-sheet1-R9,2026-06-11,busan-city,상수도사업본부 > 시설관리사업소 > 관리팀,들녘,26년 송배수관 누수탐사용역 관련 업무협의,351500,f401d0a8822ee10310f2efad2f6915902be2420ad41cbf0ab0c194aa5fd712e1,sheet1:R9,,,
f401d0a8822ee103-sheet1-R10,2026-06-25,busan-city,상수도사업본부 > 시설관리사업소 > 관리팀,장사는기세 등,노후 상수도관 개량 적용 공법 업무협의,260000,f401d0a8822ee10310f2efad2f6915902be2420ad41cbf0ab0c194aa5fd712e1,sheet1:R10,,,
5eda462358d1f352-sheet1-R5,2026-04-01,busan-city,남부소방서 > 소방행정과,11번가,부속실 민원인 응대용 물품 구입,49200,5eda462358d1f352d7fe8fae74375695caf40674dca61fcca2acdcb1b0451c4c,sheet1:R5,,,
5eda462358d1f352-sheet1-R6,2026-04-06,busan-city,남부소방서 > 소방행정과,청기와,현안업무 추진 관련 격려 간담회 개최,150000,5eda462358d1f352d7fe8fae74375695caf40674dca61fcca2acdcb1b0451c4c,sheet1:R6,,,
5eda462358d1f352-sheet1-R7,2026-04-08,busan-city,남부소방서 > 소방행정과,제이엠커피용호점,위험물시설 안전관리 실태 점검 추진에 따른 노고 격려 간담회 개최,104500,5eda462358d1f352d7fe8fae74375695caf40674dca61fcca2acdcb1b0451c4c,sheet1:R7,,,
5eda462358d1f352-sheet1-R8,2026-04-16,busan-city,남부소방서 > 소방행정과,포구나무,부산시·소방 합동 극한호우 대비 현장대응 역량을 강화를 위한 소통간담회 개최,216000,5eda462358d1f352d7fe8fae74375695caf40674dca61fcca2acdcb1b0451c4c,sheet1:R8,,,
5eda462358d1f352-sheet1-R9,2026-04-12,busan-city,남부소방서 > 소방행정과,이채형,경조금 지출 (사.이채형),50000,5eda462358d1f352d7fe8fae74375695caf40674dca61fcca2acdcb1b0451c4c,sheet1:R9,,,
5eda462358d1f352-sheet1-R10,2026-04-22,busan-city,남부소방서 > 소방행정과,한다솥 용호W스퀘어,2026년 선박사고대응 교육 운영비(식사),110000,5eda462358d1f352d7fe8fae74375695caf40674dca61fcca2acdcb1b0451c4c,sheet1:R10,,,
5eda462358d1f352-sheet1-R11,2026-04-29,busan-city,남부소방서 > 소방행정과,남부소방서외 1,겨울철 화재안전대책 평가결과 공유 및 개선방안 간담회 개최,346600,5eda462358d1f352d7fe8fae74375695caf40674dca61fcca2acdcb1b0451c4c,sheet1:R11,,,
5eda462358d1f352-sheet1-R12,2026-04-25,busan-city,남부소방서 > 소방행정과,김정태,경조금 지출 (사.김정태),50000,5eda462358d1f352d7fe8fae74375695caf40674dca61fcca2acdcb1b0451c4c,sheet1:R12,,,
5eda462358d1f352-sheet1-R13,2026-05-01,busan-city,남부소방서 > 소방행정과,강승우외 1,경조금 지출,100000,5eda462358d1f352d7fe8fae74375695caf40674dca61fcca2acdcb1b0451c4c,sheet1:R13,,,
5eda462358d1f352-sheet1-R14,2026-05-23,busan-city,남부소방서 > 소방행정과,조성호외 1,"경조금 지출 (교.조성호, 사.최자윤)",100000,5eda462358d1f352d7fe8fae74375695caf40674dca61fcca2acdcb1b0451c4c,sheet1:R14,,,
5eda462358d1f352-sheet1-R15,2026-05-27,busan-city,남부소방서 > 소방행정과,11번가,부속실 민원인 응대용 물품 구입,49200,5eda462358d1f352d7fe8fae74375695caf40674dca61fcca2acdcb1b0451c4c,sheet1:R15,,,
5eda462358d1f352-sheet1-R16,2026-05-28,busan-city,남부소방서 > 소방행정과,푸드카페삐뽀랑냠냠,공무직근로자 119안전체험관 견학 및 소통 차담회 개최,50500,5eda462358d1f352d7fe8fae74375695caf40674dca61fcca2acdcb1b0451c4c,sheet1:R16,,,
5eda462358d1f352-sheet1-R17,2026-06-03,busan-city,남부소방서 > 소방행정과,하삼동 수영점외 1,제9회 전국동시지방선거 개표소 현장확인 및 근무 직원 노고 격려,67800,5eda462358d1f352d7fe8fae74375695caf40674dca61fcca2acdcb1b0451c4c,sheet1:R17,,,
5eda462358d1f352-sheet1-R18,2026-06-05,busan-city,남부소방서 > 소방행정과,녹산횟집,소통과 협력 증진을 위한 간담회 개최,193000,5eda462358d1f352d7fe8fae74375695caf40674dca61fcca2acdcb1b0451c4c,sheet1:R18,,,
5eda462358d1f352-sheet1-R19,2026-06-10,busan-city,남부소방서 > 소방행정과,남부소방서,제16회 소방재난본부장기 직원 테니스대회 참여직원 격려금 지급,100000,5eda462358d1f352d7fe8fae74375695caf40674dca61fcca2acdcb1b0451c4c,sheet1:R19,,,
5eda462358d1f352-sheet1-R20,2026-06-06,busan-city,남부소방서 > 소방행정과,김종엽외 1,"경조금 지출 (장.김영진, 교.김종엽)",100000,5eda462358d1f352d7fe8fae74375695caf40674dca61fcca2acdcb1b0451c4c,sheet1:R20,,,
5eda462358d1f352-sheet1-R21,2026-06-20,busan-city,남부소방서 > 소방행정과,김혜성,경조금 지출 (교.김혜성),50000,5eda462358d1f352d7fe8fae74375695caf40674dca61fcca2acdcb1b0451c4c,sheet1:R21,,,
0db812be8da00cd0-sheet1-R5,2026-05-07,busan-city,체육국 > 생활체육과,제주옥탑,장애인체육회(전국장애학생체전 관련) 간담회 개최,330000,0db812be8da00cd0569ababb49c3c80120936d1cf23e17e76528562394fce218,sheet1:R5,,,
0db812be8da00cd0-sheet1-R6,2026-05-12,busan-city,체육국 > 생활체육과,녹산횟집,2026 어르신 스포츠강좌 프로그램 지원 공모사업 관련 간담회 개최,277000,0db812be8da00cd0569ababb49c3c80120936d1cf23e17e76528562394fce218,sheet1:R6,,,
0db812be8da00cd0-sheet1-R7,2026-05-14,busan-city,체육국 > 생활체육과,하동한우국밥,장애인체육회(전국장애학생체전 관련) 간담회 개최,125000,0db812be8da00cd0569ababb49c3c80120936d1cf23e17e76528562394fce218,sheet1:R7,,,
0db812be8da00cd0-sheet1-R8,2026-06-09,busan-city,체육국 > 생활체육과,연희수산,업무협의를 위한 간담회 개최,300000,0db812be8da00cd0569ababb49c3c80120936d1cf23e17e76528562394fce218,sheet1:R8,,,
0db812be8da00cd0-sheet1-R9,2026-06-10,busan-city,체육국 > 생활체육과,고귀관,생활체육 행사 노고 격려 간담회 개최 계획,75000,0db812be8da00cd0569ababb49c3c80120936d1cf23e17e76528562394fce218,sheet1:R9,,,
0db812be8da00cd0-sheet1-R10,2026-04-28,busan-city,체육국 > 생활체육과,진주통닭 2호점,부서 직원 노고 격려 간담회 개최 건의,98500,0db812be8da00cd0569ababb49c3c80120936d1cf23e17e76528562394fce218,sheet1:R10,,,
0db812be8da00cd0-sheet1-R11,2026-06-04,busan-city,체육국 > 생활체육과,"카페피크,녹산횟집",부서 직원 노고 격려 간담회 개최 계획,360000,0db812be8da00cd0569ababb49c3c80120936d1cf23e17e76528562394fce218,sheet1:R11,,,
0db812be8da00cd0-sheet1-R12,2026-06-17,busan-city,체육국 > 생활체육과,메이리,부서 직원 노고 격려 간담회 개최 계획,200000,0db812be8da00cd0569ababb49c3c80120936d1cf23e17e76528562394fce218,sheet1:R12,,,
99cd377a4ab26f7c-sheet1-R5,2026-04-01,busan-city,푸른도시국 > 공원도시과,이대명과,울산 태화강 국가정원 견락 관련 업무협의 다과 및 기념품 구입,45000,99cd377a4ab26f7cf2d9ebf1255b7d8200cbf47cd7726a3c9d323ff967d4c60d,sheet1:R5,,,
99cd377a4ab26f7c-sheet1-R6,2026-04-13,busan-city,푸른도시국 > 공원도시과,카페가온비,2026년 낙동강정원 서포터즈 발대식 관련 다과구입,84900,99cd377a4ab26f7cf2d9ebf1255b7d8200cbf47cd7726a3c9d323ff967d4c60d,sheet1:R6,,,
99cd377a4ab26f7c-sheet1-R7,2026-04-15,busan-city,푸른도시국 > 공원도시과,카페가온비,2026년 부산 가든쇼 기획·운영 대행용역 제안서 평가위원회 관련 다과 구입,65600,99cd377a4ab26f7cf2d9ebf1255b7d8200cbf47cd7726a3c9d323ff967d4c60d,sheet1:R7,,,
99cd377a4ab26f7c-sheet1-R8,2026-04-21,busan-city,푸른도시국 > 공원도시과,메이리,갈맷길 걷기 행사 관련 관계기관 간담회 개최,200000,99cd377a4ab26f7cf2d9ebf1255b7d8200cbf47cd7726a3c9d323ff967d4c60d,sheet1:R8,,,
99cd377a4ab26f7c-sheet1-R9,2026-04-29,busan-city,푸른도시국 > 공원도시과,"만객당,카페가온비",정원사업 업무추진 관계자 회의 다과류 구입,58000,99cd377a4ab26f7cf2d9ebf1255b7d8200cbf47cd7726a3c9d323ff967d4c60d,sheet1:R9,,,
99cd377a4ab26f7c-sheet1-R10,2026-04-30,busan-city,푸른도시국 > 공원도시과,신선식당,금정산국립공원 추진 관련 현안사항 공유 및 업무협의 등,40500,99cd377a4ab26f7cf2d9ebf1255b7d8200cbf47cd7726a3c9d323ff967d4c60d,sheet1:R10,,,
99cd377a4ab26f7c-sheet1-R11,2026-05-07,busan-city,푸른도시국 > 공원도시과,공무원매점,정원전문관리 전담인력 및 정원전문관리인 교육 다과 구입,42400,99cd377a4ab26f7cf2d9ebf1255b7d8200cbf47cd7726a3c9d323ff967d4c60d,sheet1:R11,,,
99cd377a4ab26f7c-sheet1-R12,2026-05-12,busan-city,푸른도시국 > 공원도시과,"만객당, 히얼이즈커피",2026년 낙동강정원 생태·인문 체험 프로그램 운영 제안서 평가위원회 다과 구입,45600,99cd377a4ab26f7cf2d9ebf1255b7d8200cbf47cd7726a3c9d323ff967d4c60d,sheet1:R12,,,
99cd377a4ab26f7c-sheet1-R13,2026-05-20,busan-city,푸른도시국 > 공원도시과,"공무원매점, 부평식품",국가도시공원 전문가 초청 팸투어 기념품 구입,646000,99cd377a4ab26f7cf2d9ebf1255b7d8200cbf47cd7726a3c9d323ff967d4c60d,sheet1:R13,,,
99cd377a4ab26f7c-sheet1-R14,2026-05-20,busan-city,푸른도시국 > 공원도시과,공무원매점,낙동강하구 국가도시공원 전문가 초청 팸투어 기념품 추가 구입,23000,99cd377a4ab26f7cf2d9ebf1255b7d8200cbf47cd7726a3c9d323ff967d4c60d,sheet1:R14,,,
99cd377a4ab26f7c-sheet1-R15,2026-05-22,busan-city,푸른도시국 > 공원도시과,어심횟집,금정산국립공원 추진 관련 현안사항 공유 및 업무협의 등,120000,99cd377a4ab26f7cf2d9ebf1255b7d8200cbf47cd7726a3c9d323ff967d4c60d,sheet1:R15,,,
99cd377a4ab26f7c-sheet1-R16,2026-06-02,busan-city,푸른도시국 > 공원도시과,"만객당,카페가온비",2026년 부산 가든쇼 준비위원회 회의(1차) 다과 구입,78500,99cd377a4ab26f7cf2d9ebf1255b7d8200cbf47cd7726a3c9d323ff967d4c60d,sheet1:R16,,,
99cd377a4ab26f7c-sheet1-R17,2026-06-17,busan-city,푸른도시국 > 공원도시과,소택,부산항 축제 갈맷길 홍보 부스 운영 관계자 간담회 개최,300000,99cd377a4ab26f7cf2d9ebf1255b7d8200cbf47cd7726a3c9d323ff967d4c60d,sheet1:R17,,,
99cd377a4ab26f7c-sheet1-R18,2026-06-26,busan-city,푸른도시국 > 공원도시과,쌈보보쌈,금정산국립공원 추진 관련 현안사항 공유 및 업무협의 등,174600,99cd377a4ab26f7cf2d9ebf1255b7d8200cbf47cd7726a3c9d323ff967d4c60d,sheet1:R18,,,
99cd377a4ab26f7c-sheet1-R19,2026-06-30,busan-city,푸른도시국 > 공원도시과,금복횟집,갈맷길 1-1구간 명소화 및 이용 환경개선사업(공사) 시행 관련 오찬비 지출 의뢰,100000,99cd377a4ab26f7cf2d9ebf1255b7d8200cbf47cd7726a3c9d323ff967d4c60d,sheet1:R19,,,
99cd377a4ab26f7c-sheet1-R20,2026-06-30,busan-city,푸른도시국 > 공원도시과,㈜행복한 느림보 금정사계,2026년 명소화 신규 사업지 발굴 관련 간담회 개최,96600,99cd377a4ab26f7cf2d9ebf1255b7d8200cbf47cd7726a3c9d323ff967d4c60d,sheet1:R20,,,
b539448b2baa6f5a-sheet1-R5,2026-04-03,busan-city,환경물정책실 > 맑은물정책과,부산자갈치 왕곰장어,현안업무 추진 관련 만찬 간담회 개최,144000,b539448b2baa6f5ae0bf5fb44d8f03b864aa72d1fd262716546883b9a3e0cce6,sheet1:R5,,,
b539448b2baa6f5a-sheet1-R6,2026-04-06,busan-city,환경물정책실 > 맑은물정책과,비프다이닝 온도 외 1,현안업무 추진 관련 오찬 간담회 개최,234500,b539448b2baa6f5ae0bf5fb44d8f03b864aa72d1fd262716546883b9a3e0cce6,sheet1:R6,,,
b539448b2baa6f5a-sheet1-R7,2026-04-08,busan-city,환경물정책실 > 맑은물정책과,이화수육개장 외 1,현안 업무 협의를 위한 오찬 간담회 개최,84400,b539448b2baa6f5ae0bf5fb44d8f03b864aa72d1fd262716546883b9a3e0cce6,sheet1:R7,,,
b539448b2baa6f5a-sheet1-R8,2026-04-16,busan-city,환경물정책실 > 맑은물정책과,일월정토속한정식,현안업무 추진을 위한 간담회 개최,150000,b539448b2baa6f5ae0bf5fb44d8f03b864aa72d1fd262716546883b9a3e0cce6,sheet1:R8,,,
b539448b2baa6f5a-sheet1-R9,2026-04-24,busan-city,환경물정책실 > 맑은물정책과,송이네밥상,현안업무 추진 관련 오찬 간담회,138000,b539448b2baa6f5ae0bf5fb44d8f03b864aa72d1fd262716546883b9a3e0cce6,sheet1:R9,,,
b539448b2baa6f5a-sheet1-R10,2026-04-21,busan-city,환경물정책실 > 맑은물정책과,현풍닭칼국수 외 1,물산업 육성 협력을 위한 업무협의 오찬 간담회,81800,b539448b2baa6f5ae0bf5fb44d8f03b864aa72d1fd262716546883b9a3e0cce6,sheet1:R10,,,
b539448b2baa6f5a-sheet1-R11,2026-04-21,busan-city,환경물정책실 > 맑은물정책과,내고향 소머리국밥,물산업 육성 협력을 위한 업무협의 간담회(만찬),52000,b539448b2baa6f5ae0bf5fb44d8f03b864aa72d1fd262716546883b9a3e0cce6,sheet1:R11,,,
b539448b2baa6f5a-sheet1-R12,2026-05-14,busan-city,환경물정책실 > 맑은물정책과,방모루 외 1,업무협의를 위한 간담회 및 차담회 개최,98500,b539448b2baa6f5ae0bf5fb44d8f03b864aa72d1fd262716546883b9a3e0cce6,sheet1:R12,,,
b539448b2baa6f5a-sheet1-R13,2026-05-15,busan-city,환경물정책실 > 맑은물정책과,고집돌우럭 외 1,업무협의를 위한 오찬 간담회 및 차담회 개최,209500,b539448b2baa6f5ae0bf5fb44d8f03b864aa72d1fd262716546883b9a3e0cce6,sheet1:R13,,,
b539448b2baa6f5a-sheet1-R14,2026-05-22,busan-city,환경물정책실 > 맑은물정책과,제일옥곰탕,낙동강 계절관리제 시행 등 수질개선 관련 간담회 개최,88000,b539448b2baa6f5ae0bf5fb44d8f03b864aa72d1fd262716546883b9a3e0cce6,sheet1:R14,,,
b539448b2baa6f5a-sheet1-R15,2026-05-26,busan-city,환경물정책실 > 맑은물정책과,아라횟집,현안업무 추진관련 오찬 간담회 개최,110000,b539448b2baa6f5ae0bf5fb44d8f03b864aa72d1fd262716546883b9a3e0cce6,sheet1:R15,,,
b539448b2baa6f5a-sheet1-R16,2026-06-01,busan-city,환경물정책실 > 맑은물정책과,세종 오이시,현안업무 추진관련 오찬 간담회 개최,210000,b539448b2baa6f5ae0bf5fb44d8f03b864aa72d1fd262716546883b9a3e0cce6,sheet1:R16,,,
b539448b2baa6f5a-sheet1-R17,2026-06-09,busan-city,환경물정책실 > 맑은물정책과,세종 오이시 외 1,현안업무추진 관계기관 오찬 간담회 개최,205600,b539448b2baa6f5ae0bf5fb44d8f03b864aa72d1fd262716546883b9a3e0cce6,sheet1:R17,,,
b539448b2baa6f5a-sheet1-R18,2026-06-16,busan-city,환경물정책실 > 맑은물정책과,강변풍경 외 1,현안업무 추진 관련 오찬간담회 개최,194000,b539448b2baa6f5ae0bf5fb44d8f03b864aa72d1fd262716546883b9a3e0cce6,sheet1:R18,,,
b539448b2baa6f5a-sheet1-R19,2026-06-29,busan-city,환경물정책실 > 맑은물정책과,커피베이,현안업무 추진 관련 차담회 개최,12400,b539448b2baa6f5ae0bf5fb44d8f03b864aa72d1fd262716546883b9a3e0cce6,sheet1:R19,,,
b539448b2baa6f5a-sheet1-R20,2026-06-29,busan-city,환경물정책실 > 맑은물정책과,㈜타니,현안업무 추진 관련 오찬 간담회 개최,270000,b539448b2baa6f5ae0bf5fb44d8f03b864aa72d1fd262716546883b9a3e0cce6,sheet1:R20,,,
f3de4d46235ea397-sheet1-R4,2026-04-06,busan-city,해운대소방서 > 소방행정과,홈플러스(주)센텀시티점외 1,부속실 물품 구입(다과류 등),99480,f3de4d46235ea3974efd93a7060eb613b803c6bb7e33708f0483110f8a044b91,sheet1:R4,,,
f3de4d46235ea397-sheet1-R5,2026-04-07,busan-city,해운대소방서 > 소방행정과,해운대소방서,「제39회 전국소방기술경연대회」참가 직원 격려금 지급 협조 요청,100000,f3de4d46235ea3974efd93a7060eb613b803c6bb7e33708f0483110f8a044b91,sheet1:R5,,,
f3de4d46235ea397-sheet1-R6,2026-04-07,busan-city,해운대소방서 > 소방행정과,바리스타 랩 카페,「제39회 전국소방기술경연대회」출전 직원 격려 간식 구입비 지원 요청,40000,f3de4d46235ea3974efd93a7060eb613b803c6bb7e33708f0483110f8a044b91,sheet1:R6,,,
f3de4d46235ea397-sheet1-R7,2026-04-08,busan-city,해운대소방서 > 소방행정과,해운대소방서,부의금 지출,50000,f3de4d46235ea3974efd93a7060eb613b803c6bb7e33708f0483110f8a044b91,sheet1:R7,,,
f3de4d46235ea397-sheet1-R8,2026-04-10,busan-city,해운대소방서 > 소방행정과,해운대소방서,축의금 지출,50000,f3de4d46235ea3974efd93a7060eb613b803c6bb7e33708f0483110f8a044b91,sheet1:R8,,,
f3de4d46235ea397-sheet1-R9,2026-04-20,busan-city,해운대소방서 > 소방행정과,해운대소방서,부의금 지출,50000,f3de4d46235ea3974efd93a7060eb613b803c6bb7e33708f0483110f8a044b91,sheet1:R9,,,
f3de4d46235ea397-sheet1-R10,2026-04-20,busan-city,해운대소방서 > 소방행정과,해운대소방서,부의금 지출,50000,f3de4d46235ea3974efd93a7060eb613b803c6bb7e33708f0483110f8a044b91,sheet1:R10,,,
f3de4d46235ea397-sheet1-R11,2026-05-04,busan-city,해운대소방서 > 소방행정과,해운대소방서,축의금 지출,50000,f3de4d46235ea3974efd93a7060eb613b803c6bb7e33708f0483110f8a044b91,sheet1:R11,,,
f3de4d46235ea397-sheet1-R12,2026-05-11,busan-city,해운대소방서 > 소방행정과,해운대소방서,부의금 지출,50000,f3de4d46235ea3974efd93a7060eb613b803c6bb7e33708f0483110f8a044b91,sheet1:R12,,,
f3de4d46235ea397-sheet1-R13,2026-05-18,busan-city,해운대소방서 > 소방행정과,꽃가람,축하화환 지출(부산광역시 재향소방동우회),80000,f3de4d46235ea3974efd93a7060eb613b803c6bb7e33708f0483110f8a044b91,sheet1:R13,,,
f3de4d46235ea397-sheet1-R14,2026-05-19,busan-city,해운대소방서 > 소방행정과,해운대소방서,축의금 지출,50000,f3de4d46235ea3974efd93a7060eb613b803c6bb7e33708f0483110f8a044b91,sheet1:R14,,,
f3de4d46235ea397-sheet1-R15,2026-05-19,busan-city,해운대소방서 > 소방행정과,해운대소방서,축의금 지출,50000,f3de4d46235ea3974efd93a7060eb613b803c6bb7e33708f0483110f8a044b91,sheet1:R15,,,
f3de4d46235ea397-sheet1-R16,2026-06-04,busan-city,해운대소방서 > 소방행정과,해운대소방서,부의금 지출,50000,f3de4d46235ea3974efd93a7060eb613b803c6bb7e33708f0483110f8a044b91,sheet1:R16,,,
f3de4d46235ea397-sheet1-R17,2026-06-04,busan-city,해운대소방서 > 소방행정과,해운대소방서,축의금 지출,50000,f3de4d46235ea3974efd93a7060eb613b803c6bb7e33708f0483110f8a044b91,sheet1:R17,,,
f3de4d46235ea397-sheet1-R18,2026-06-09,busan-city,해운대소방서 > 소방행정과,해운대소방서,제16회 소방재난본부장기 테니스대회 참가자 격려금 지급,100000,f3de4d46235ea3974efd93a7060eb613b803c6bb7e33708f0483110f8a044b91,sheet1:R18,,,
f3de4d46235ea397-sheet1-R19,2026-06-10,busan-city,해운대소방서 > 소방행정과,원조석대추어탕,제16회 소방재난본부장기 테니스대회 참가직원 사기진작을 위한 오찬 간담회 실시,213000,f3de4d46235ea3974efd93a7060eb613b803c6bb7e33708f0483110f8a044b91,sheet1:R19,,,
f3de4d46235ea397-sheet1-R20,2026-06-15,busan-city,해운대소방서 > 소방행정과,주식회사 별무리애프앤비,2026년 시책추진업무 간담회,258000,f3de4d46235ea3974efd93a7060eb613b803c6bb7e33708f0483110f8a044b91,sheet1:R20,,,
c64c965a706659c7-sheet1-R4,2026-04-01,busan-city,기장소방서 > 소방행정과,기장소방서 현금,직원 모친 별세에 따른 부의금 지출,50000,c64c965a706659c7ca466ee3c5b366f13f764d51277d82fa7b347525424d9ec9,sheet1:R4,,,
c64c965a706659c7-sheet1-R5,2026-04-02,busan-city,기장소방서 > 소방행정과,계림촌,봄철 화재대응 등 현안업무 추진 직원 격려 간담회,260000,c64c965a706659c7ca466ee3c5b366f13f764d51277d82fa7b347525424d9ec9,sheet1:R5,,,
c64c965a706659c7-sheet1-R6,2026-04-05,busan-city,기장소방서 > 소방행정과,기장소방서 현금,직원 자녀 결혼 축의금 지출,50000,c64c965a706659c7ca466ee3c5b366f13f764d51277d82fa7b347525424d9ec9,sheet1:R6,,,
c64c965a706659c7-sheet1-R7,2026-04-07,busan-city,기장소방서 > 소방행정과,티라이스,현안업무 추진 직원 의견청취등 간담회,30000,c64c965a706659c7ca466ee3c5b366f13f764d51277d82fa7b347525424d9ec9,sheet1:R7,,,
c64c965a706659c7-sheet1-R8,2026-04-21,busan-city,기장소방서 > 소방행정과,목포집,중대시민재해 관련 청사안전 환경 조성 직원 격려 간담회,173000,c64c965a706659c7ca466ee3c5b366f13f764d51277d82fa7b347525424d9ec9,sheet1:R8,,,
c64c965a706659c7-sheet1-R9,2026-04-22,busan-city,기장소방서 > 소방행정과,오가다 짬뽕,2026년 상반기 화재안전조사반 업무 및 시책 공유 간담회,150000,c64c965a706659c7ca466ee3c5b366f13f764d51277d82fa7b347525424d9ec9,sheet1:R9,,,
c64c965a706659c7-sheet1-R10,2026-04-25,busan-city,기장소방서 > 소방행정과,기장소방서 현금,직원 결혼 축의금 지출,50000,c64c965a706659c7ca466ee3c5b366f13f764d51277d82fa7b347525424d9ec9,sheet1:R10,,,
c64c965a706659c7-sheet1-R11,2026-05-02,busan-city,기장소방서 > 소방행정과,기장소방서 현금,직원 결혼 축의금 지출,50000,c64c965a706659c7ca466ee3c5b366f13f764d51277d82fa7b347525424d9ec9,sheet1:R11,,,
c64c965a706659c7-sheet1-R12,2026-05-02,busan-city,기장소방서 > 소방행정과,기장소방서 현금,직원 결혼 축의금 지출,50000,c64c965a706659c7ca466ee3c5b366f13f764d51277d82fa7b347525424d9ec9,sheet1:R12,,,
c64c965a706659c7-sheet1-R13,2026-05-07,busan-city,기장소방서 > 소방행정과,이어도복집,봄철 행사지원 등 현안업무 직원 격려 및 소통 간담회,160000,c64c965a706659c7ca466ee3c5b366f13f764d51277d82fa7b347525424d9ec9,sheet1:R13,,,
c64c965a706659c7-sheet1-R14,2026-05-09,busan-city,기장소방서 > 소방행정과,기장소방서 현금,직원 결혼 축의금 지출,100000,c64c965a706659c7ca466ee3c5b366f13f764d51277d82fa7b347525424d9ec9,sheet1:R14,,,
c64c965a706659c7-sheet1-R15,2026-05-09,busan-city,기장소방서 > 소방행정과,기장소방서 현금,직원 자녀 결혼 축의금 지출,50000,c64c965a706659c7ca466ee3c5b366f13f764d51277d82fa7b347525424d9ec9,sheet1:R15,,,
c64c965a706659c7-sheet1-R16,2026-05-13,busan-city,기장소방서 > 소방행정과,미동 암소정,중간 관리자 업무 추진 격려 간담회,200000,c64c965a706659c7ca466ee3c5b366f13f764d51277d82fa7b347525424d9ec9,sheet1:R16,,,
c64c965a706659c7-sheet1-R17,2026-05-16,busan-city,기장소방서 > 소방행정과,기장소방서 현금,직원 결혼 축의금 지출,50000,c64c965a706659c7ca466ee3c5b366f13f764d51277d82fa7b347525424d9ec9,sheet1:R17,,,
c64c965a706659c7-sheet1-R18,2026-05-27,busan-city,기장소방서 > 소방행정과,유정1995,서장과의 공감 동행 추진 간담회,260900,c64c965a706659c7ca466ee3c5b366f13f764d51277d82fa7b347525424d9ec9,sheet1:R18,,,
c64c965a706659c7-sheet1-R19,2026-05-27,busan-city,기장소방서 > 소방행정과,기장소방서 현금,직원 모친 별세에 따른 부의금 지출,50000,c64c965a706659c7ca466ee3c5b366f13f764d51277d82fa7b347525424d9ec9,sheet1:R19,,,
c64c965a706659c7-sheet1-R20,2026-05-30,busan-city,기장소방서 > 소방행정과,기장소방서 현금,직원 본인 결혼에 따른 축의금 지출,50000,c64c965a706659c7ca466ee3c5b366f13f764d51277d82fa7b347525424d9ec9,sheet1:R20,,,
c64c965a706659c7-sheet1-R21,2026-06-09,busan-city,기장소방서 > 소방행정과,금화농원,유관기관장 취임 축분 구입비 지출,90000,c64c965a706659c7ca466ee3c5b366f13f764d51277d82fa7b347525424d9ec9,sheet1:R21,,,
c64c965a706659c7-sheet1-R22,2026-06-19,busan-city,기장소방서 > 소방행정과,정식당,퇴직 예정 직원 소통 간담회,357000,c64c965a706659c7ca466ee3c5b366f13f764d51277d82fa7b347525424d9ec9,sheet1:R22,,,
c64c965a706659c7-sheet1-R23,2026-06-26,busan-city,기장소방서 > 소방행정과,기장소방서 현금,직원 빙부 별세에 따른 부의금 지출,50000,c64c965a706659c7ca466ee3c5b366f13f764d51277d82fa7b347525424d9ec9,sheet1:R23,,,
c64c965a706659c7-sheet1-R24,2026-06-26,busan-city,기장소방서 > 소방행정과,기장소방서 현금,직원 부친 별세에 따른 부의금 지출,50000,c64c965a706659c7ca466ee3c5b366f13f764d51277d82fa7b347525424d9ec9,sheet1:R24,,,
c64c965a706659c7-sheet1-R25,2026-06-26,busan-city,기장소방서 > 소방행정과,리썸플라워,유관기관장(금정세무서장) 퇴임 축하 꽃바구니 구입,70000,c64c965a706659c7ca466ee3c5b366f13f764d51277d82fa7b347525424d9ec9,sheet1:R25,,,
c64c965a706659c7-sheet1-R26,2026-06-26,busan-city,기장소방서 > 소방행정과,리썸플라워,유관기관장(기장군수) 취임 축하 화환 구입,80000,c64c965a706659c7ca466ee3c5b366f13f764d51277d82fa7b347525424d9ec9,sheet1:R26,,,
6868b35cb02d5840-sheet1-R4,2026-04-04,busan-city,푸른도시가꾸기사업소 > 관리팀,개인(성명 비공개),소속 직원 부친상에 따른 근조 화환 구입,60000,6868b35cb02d584078c1cf544a28fc2e0158453f191fc983c80324b0da68cb42,sheet1:R4,,,
6868b35cb02d5840-sheet1-R5,2026-05-18,busan-city,푸른도시가꾸기사업소 > 관리팀,녹산횟집,2026년 상반기 퇴직공무원 퇴임식 및 간담회 개최 건의,924000,6868b35cb02d584078c1cf544a28fc2e0158453f191fc983c80324b0da68cb42,sheet1:R5,,,
6868b35cb02d5840-sheet1-R6,2026-06-01,busan-city,푸른도시가꾸기사업소 > 관리팀,바타비아외 1,정기 업무협의와 현안업무 추진 등을 위한 간담회 개최 건의,441700,6868b35cb02d584078c1cf544a28fc2e0158453f191fc983c80324b0da68cb42,sheet1:R6,,,
6868b35cb02d5840-sheet1-R7,2026-06-22,busan-city,푸른도시가꾸기사업소 > 관리팀,웅천집외 1,화명수목원 공모사업 추진을 위한 간담회 비용 지출의뢰,305600,6868b35cb02d584078c1cf544a28fc2e0158453f191fc983c80324b0da68cb42,sheet1:R7,,,
faec820040b9016b-sheet1-R5,2026-02-10,busan-city,소방재난본부 > 소방감사담당관,미남스시,2026년 부산시 착한결제(선결제) 추진,360000,faec820040b9016bc7b52a53eb2b7b23aeb6e77033b2fed64f6a88c60d781e27,sheet1:R5,,,
ae1e8c507411e478-sheet1-R4,2026-06-23,busan-city,신공항도시과,글리제(GLIESE)외 1,가덕도 공항복합도시 조성을 위한 업무 협의,195000,ae1e8c507411e478346988eba0b223f1ffc5102df67d5f89c87f49cca6a155a5,sheet1:R4,,,
325b6e6e8b148642-sheet1-R5,2026-05-13,busan-city,디지털경제실 > 미래기술전략국 > 인공지능소프트웨어과,태백한우,정보보호 산업 업무추진 관련 간담회 개최,240000,325b6e6e8b148642ec8de3313051728f0fdd286ea6c66625802e2fe1eafa17d2,sheet1:R5,,,
d2b9002e56fe02d7-sheet1-R13,2026-04-01,busan-city,상수도사업본부 > 기장사업소,기장혼국보미역,유관기관 업무협의 간담회 개최,108000,d2b9002e56fe02d772ea72cc957be894e796719e5ddd9c6b3beffd57d8da3e35,sheet1:R13,,,
d2b9002e56fe02d7-sheet1-R14,2026-04-29,busan-city,상수도사업본부 > 기장사업소,못난이식당,유관기관 업무협의 간담회 개최,131500,d2b9002e56fe02d772ea72cc957be894e796719e5ddd9c6b3beffd57d8da3e35,sheet1:R14,,,
d2b9002e56fe02d7-sheet1-R15,2026-06-09,busan-city,상수도사업본부 > 기장사업소,장덕풍천산삼민물장어,현안업무 협의를 위한 간담회,111000,d2b9002e56fe02d772ea72cc957be894e796719e5ddd9c6b3beffd57d8da3e35,sheet1:R15,,,
d2b9002e56fe02d7-sheet1-R16,2026-06-16,busan-city,상수도사업본부 > 기장사업소,대게만찬,유관기관 업무협의 간담회 개최,182700,d2b9002e56fe02d772ea72cc957be894e796719e5ddd9c6b3beffd57d8da3e35,sheet1:R16,,,
d2b9002e56fe02d7-sheet1-R17,2026-06-22,busan-city,상수도사업본부 > 기장사업소,화화돼지왕갈비,2026년 상반기 순수365 물사랑가족 간담회,46000,d2b9002e56fe02d772ea72cc957be894e796719e5ddd9c6b3beffd57d8da3e35,sheet1:R17,,,
d2b9002e56fe02d7-sheet1-R18,2026-06-29,busan-city,상수도사업본부 > 기장사업소,삼동소바,요금과징지도점검에 따른 현안업무 간담회,102000,d2b9002e56fe02d772ea72cc957be894e796719e5ddd9c6b3beffd57d8da3e35,sheet1:R18,,,
a6297aea79a4d45d-sheet1-R3,2026-04-08,busan-city,주택건축국 > 주택정책과,웰빙선생오리,현안업무 추진을 위한 간담회 개최,140000,a6297aea79a4d45d23d16390ddc97726d22f068657a66c2e6b59ceae7e5f72a3,sheet1:R3,,,
a6297aea79a4d45d-sheet1-R4,2026-04-09,busan-city,주택건축국 > 주택정책과,미남스시,현안업무 추진을 위한 간담회 개최,357000,a6297aea79a4d45d23d16390ddc97726d22f068657a66c2e6b59ceae7e5f72a3,sheet1:R4,,,
a6297aea79a4d45d-sheet1-R5,2026-04-10,busan-city,주택건축국 > 주택정책과,만호갈미샤브샤브,현안업무 처리를 위한 간담회 개최,160000,a6297aea79a4d45d23d16390ddc97726d22f068657a66c2e6b59ceae7e5f72a3,sheet1:R5,,,
a6297aea79a4d45d-sheet1-R6,2026-04-14,busan-city,주택건축국 > 주택정책과,카페우림 외 1,현안업무 처리를 위한 간담회 개최,84500,a6297aea79a4d45d23d16390ddc97726d22f068657a66c2e6b59ceae7e5f72a3,sheet1:R6,,,
a6297aea79a4d45d-sheet1-R7,2026-04-15,busan-city,주택건축국 > 주택정책과,메이리 연,현안업무 추진을 위한 간담회 개최,390000,a6297aea79a4d45d23d16390ddc97726d22f068657a66c2e6b59ceae7e5f72a3,sheet1:R7,,,
a6297aea79a4d45d-sheet1-R8,2026-04-28,busan-city,주택건축국 > 주택정책과,만호갈미샤브샤브,현안업무 논의를 위한 간담회 개최,140000,a6297aea79a4d45d23d16390ddc97726d22f068657a66c2e6b59ceae7e5f72a3,sheet1:R8,,,
a6297aea79a4d45d-sheet1-R9,2026-05-04,busan-city,주택건축국 > 주택정책과,룩셈블랑제리 시청본점,주요 현안업무 논의를 위한 차담회 개최,82500,a6297aea79a4d45d23d16390ddc97726d22f068657a66c2e6b59ceae7e5f72a3,sheet1:R9,,,
a6297aea79a4d45d-sheet1-R10,2026-05-07,busan-city,주택건축국 > 주택정책과,최가네엄마돼지국밥,공동주택 품질점검단 추진 관련 간담회 개최,200000,a6297aea79a4d45d23d16390ddc97726d22f068657a66c2e6b59ceae7e5f72a3,sheet1:R10,,,
a6297aea79a4d45d-sheet1-R11,2026-05-07,busan-city,주택건축국 > 주택정책과,삼봉맥주,현안업무 논의를 위한 간담회 개최,150000,a6297aea79a4d45d23d16390ddc97726d22f068657a66c2e6b59ceae7e5f72a3,sheet1:R11,,,
a6297aea79a4d45d-sheet1-R12,2026-05-29,busan-city,주택건축국 > 주택정책과,아덴블랑제리 부산대점 외 1,현안업무 논의를 위한 간담회 개최,182700,a6297aea79a4d45d23d16390ddc97726d22f068657a66c2e6b59ceae7e5f72a3,sheet1:R12,,,
a6297aea79a4d45d-sheet1-R13,2026-06-09,busan-city,주택건축국 > 주택정책과,만호갈미샤브샤브,현안업무 논의를 위한 간담회 개최,161000,a6297aea79a4d45d23d16390ddc97726d22f068657a66c2e6b59ceae7e5f72a3,sheet1:R13,,,
a6297aea79a4d45d-sheet1-R14,2026-06-12,busan-city,주택건축국 > 주택정책과,안동장터이모통닭,현안업무 논의를 위한 간담회 개최,85500,a6297aea79a4d45d23d16390ddc97726d22f068657a66c2e6b59ceae7e5f72a3,sheet1:R14,,,
a6297aea79a4d45d-sheet1-R15,2026-06-17,busan-city,주택건축국 > 주택정책과,로우라이즈 외 1,현안업무 논의를 위한 간담회 개최,107400,a6297aea79a4d45d23d16390ddc97726d22f068657a66c2e6b59ceae7e5f72a3,sheet1:R15,,,
a6297aea79a4d45d-sheet1-R16,2026-06-19,busan-city,주택건축국 > 주택정책과,맬던 샌드위치,현안업무추진을 위한 간담회,450000,a6297aea79a4d45d23d16390ddc97726d22f068657a66c2e6b59ceae7e5f72a3,sheet1:R16,,,
a6297aea79a4d45d-sheet1-R17,2026-06-22,busan-city,주택건축국 > 주택정책과,부용당,현안업무 논의를 위한 간담회 개최,160000,a6297aea79a4d45d23d16390ddc97726d22f068657a66c2e6b59ceae7e5f72a3,sheet1:R17,,,
a6297aea79a4d45d-sheet1-R18,2026-06-23,busan-city,주택건축국 > 주택정책과,몰토 이탈리아노,현안업무 논의를 위한 간담회 개최,132700,a6297aea79a4d45d23d16390ddc97726d22f068657a66c2e6b59ceae7e5f72a3,sheet1:R18,,,
a6297aea79a4d45d-sheet1-R19,2026-06-25,busan-city,주택건축국 > 주택정책과,코끼리함박&벌크커피,현안업무 논의를 위한 간담회 개최,47500,a6297aea79a4d45d23d16390ddc97726d22f068657a66c2e6b59ceae7e5f72a3,sheet1:R19,,,
a6297aea79a4d45d-sheet1-R20,2026-06-25,busan-city,주택건축국 > 주택정책과,수제국수(부산시청점),주택시장 현안업무 논의를 위한 간담회 개최,249500,a6297aea79a4d45d23d16390ddc97726d22f068657a66c2e6b59ceae7e5f72a3,sheet1:R20,,,
a6297aea79a4d45d-sheet1-R21,2026-06-25,busan-city,주택건축국 > 주택정책과,개인(성명 비공개),건축정책과 직원 경조사 격려,50000,a6297aea79a4d45d23d16390ddc97726d22f068657a66c2e6b59ceae7e5f72a3,sheet1:R21,,,
05b299a7c51927c7-sheet1-R4,2026-04-01,busan-city,합의제행정기관 > 감사위원회 > 감사담당관,사골추어탕,감사위원회 업무 추진 관련 간담회 개최,45000,05b299a7c51927c7b025bdebb3040980d2840b53bf70f765a04bb1c5592ffe7f,sheet1:R4,,,
05b299a7c51927c7-sheet1-R5,2026-04-01,busan-city,합의제행정기관 > 감사위원회 > 감사담당관,수다,현안사항 관련 업무관계자 간담회 개최,200000,05b299a7c51927c7b025bdebb3040980d2840b53bf70f765a04bb1c5592ffe7f,sheet1:R5,,,
05b299a7c51927c7-sheet1-R6,2026-04-03,busan-city,합의제행정기관 > 감사위원회 > 감사담당관,미식가의우동 외 1,특정감사 관련 간담회 개최,75500,05b299a7c51927c7b025bdebb3040980d2840b53bf70f765a04bb1c5592ffe7f,sheet1:R6,,,
05b299a7c51927c7-sheet1-R7,2026-04-06,busan-city,합의제행정기관 > 감사위원회 > 감사담당관,BCD-wilshire,해외무역사무소(LA) 감사관련 현지 업무협의 등 추진,128840,05b299a7c51927c7b025bdebb3040980d2840b53bf70f765a04bb1c5592ffe7f,sheet1:R7,,,
05b299a7c51927c7-sheet1-R8,2026-04-07,busan-city,합의제행정기관 > 감사위원회 > 감사담당관,조은횟집 외 1,감사위원회 현안업무 추진 노고 격려 간담회 개최,103000,05b299a7c51927c7b025bdebb3040980d2840b53bf70f765a04bb1c5592ffe7f,sheet1:R8,,,
05b299a7c51927c7-sheet1-R9,2026-04-08,busan-city,합의제행정기관 > 감사위원회 > 감사담당관,웰빙선생오리,감사위원회 업무 추진 관련 간담회 개최,70000,05b299a7c51927c7b025bdebb3040980d2840b53bf70f765a04bb1c5592ffe7f,sheet1:R9,,,
05b299a7c51927c7-sheet1-R10,2026-04-09,busan-city,합의제행정기관 > 감사위원회 > 감사담당관,케이마트,「감사담당자 AI 실습교육」다과 구입,214400,05b299a7c51927c7b025bdebb3040980d2840b53bf70f765a04bb1c5592ffe7f,sheet1:R10,,,
05b299a7c51927c7-sheet1-R11,2026-04-10,busan-city,합의제행정기관 > 감사위원회 > 감사담당관,베지나랑 광안점,부산광역시 공직자윤리위원회 간담회 개최,424000,05b299a7c51927c7b025bdebb3040980d2840b53bf70f765a04bb1c5592ffe7f,sheet1:R11,,,
05b299a7c51927c7-sheet1-R12,2026-04-14,busan-city,합의제행정기관 > 감사위원회 > 감사담당관,주양간,감사업무 추진 관련 간담회 개최,379000,05b299a7c51927c7b025bdebb3040980d2840b53bf70f765a04bb1c5592ffe7f,sheet1:R12,,,
05b299a7c51927c7-sheet1-R13,2026-04-15,busan-city,합의제행정기관 > 감사위원회 > 감사담당관,손큰집,감사위원회 업무 추진 관련 간담회 개최,176000,05b299a7c51927c7b025bdebb3040980d2840b53bf70f765a04bb1c5592ffe7f,sheet1:R13,,,
05b299a7c51927c7-sheet1-R14,2026-04-16,busan-city,합의제행정기관 > 감사위원회 > 감사담당관,제일옥곰탕 외 1,감사위원회 현안업무 추진 관련 간담회 개최,161000,05b299a7c51927c7b025bdebb3040980d2840b53bf70f765a04bb1c5592ffe7f,sheet1:R14,,,
05b299a7c51927c7-sheet1-R15,2026-04-16,busan-city,합의제행정기관 > 감사위원회 > 감사담당관,부자회관,도시인프라 종합특정감사 현안업무 간담회,373000,05b299a7c51927c7b025bdebb3040980d2840b53bf70f765a04bb1c5592ffe7f,sheet1:R15,,,
05b299a7c51927c7-sheet1-R16,2026-04-20,busan-city,합의제행정기관 > 감사위원회 > 감사담당관,부산수영지역자활센터 외 3,2026년 상반기 찾아가는 사전 컨설팅감사 현장 교육 다과 구입,205000,05b299a7c51927c7b025bdebb3040980d2840b53bf70f765a04bb1c5592ffe7f,sheet1:R16,,,
05b299a7c51927c7-sheet1-R17,2026-04-21,busan-city,합의제행정기관 > 감사위원회 > 감사담당관,흥부네화덕,감사위원회 업무 추진 관련 간담회 개최,203000,05b299a7c51927c7b025bdebb3040980d2840b53bf70f765a04bb1c5592ffe7f,sheet1:R17,,,
05b299a7c51927c7-sheet1-R18,2026-04-23,busan-city,합의제행정기관 > 감사위원회 > 감사담당관,풍미회초밥 외 1,감사위원회 업무추진 노고 격려 간담회 개최,128500,05b299a7c51927c7b025bdebb3040980d2840b53bf70f765a04bb1c5592ffe7f,sheet1:R18,,,
05b299a7c51927c7-sheet1-R19,2026-04-23,busan-city,합의제행정기관 > 감사위원회 > 감사담당관,CTY TNHH VINAMEREIC,해외무역사무소(베트남 호치민) 감사관련 업무협의,147430,05b299a7c51927c7b025bdebb3040980d2840b53bf70f765a04bb1c5592ffe7f,sheet1:R19,,,
05b299a7c51927c7-sheet1-R20,2026-04-24,busan-city,합의제행정기관 > 감사위원회 > 감사담당관,부용당 외 1,감사위원회 업무추진 관계자 간담회 개최,301200,05b299a7c51927c7b025bdebb3040980d2840b53bf70f765a04bb1c5592ffe7f,sheet1:R20,,,
05b299a7c51927c7-sheet1-R21,2026-04-27,busan-city,합의제행정기관 > 감사위원회 > 감사담당관,곰보식당 외 1,2026년 북구 종합감사 관련 관계자 간담회 개최,195300,05b299a7c51927c7b025bdebb3040980d2840b53bf70f765a04bb1c5592ffe7f,sheet1:R21,,,
05b299a7c51927c7-sheet1-R22,2026-04-28,busan-city,합의제행정기관 > 감사위원회 > 감사담당관,세실맛집 곤드레밥 외 1,감사위원회 업무 추진 관련 간담회 개최,97000,05b299a7c51927c7b025bdebb3040980d2840b53bf70f765a04bb1c5592ffe7f,sheet1:R22,,,
05b299a7c51927c7-sheet1-R23,2026-04-30,busan-city,합의제행정기관 > 감사위원회 > 감사담당관,마조레 외 1,감사위원회 업무 추진 관련 간담회 개최,77100,05b299a7c51927c7b025bdebb3040980d2840b53bf70f765a04bb1c5592ffe7f,sheet1:R23,,,
05b299a7c51927c7-sheet1-R24,2026-05-04,busan-city,합의제행정기관 > 감사위원회 > 감사담당관,웰빙선생오리,감사담당관 업무 추진 관련 간담회 개최,80000,05b299a7c51927c7b025bdebb3040980d2840b53bf70f765a04bb1c5592ffe7f,sheet1:R24,,,
05b299a7c51927c7-sheet1-R25,2026-05-04,busan-city,합의제행정기관 > 감사위원회 > 감사담당관,K-HERITAGE STORE,상해시 감찰위원회 부산 방문에 따른 기념품 구입,648000,05b299a7c51927c7b025bdebb3040980d2840b53bf70f765a04bb1c5592ffe7f,sheet1:R25,,,
05b299a7c51927c7-sheet1-R26,2026-05-06,busan-city,합의제행정기관 > 감사위원회 > 감사담당관,웰빙선생오리,감사위원회 현안업무 추진 관련 간담회 개최,209000,05b299a7c51927c7b025bdebb3040980d2840b53bf70f765a04bb1c5592ffe7f,sheet1:R26,,,
05b299a7c51927c7-sheet1-R27,2026-05-07,busan-city,합의제행정기관 > 감사위원회 > 감사담당관,하정식당,감사위원회 업무추진 관계자 간담회 개최,45000,05b299a7c51927c7b025bdebb3040980d2840b53bf70f765a04bb1c5592ffe7f,sheet1:R27,,,
05b299a7c51927c7-sheet1-R28,2026-05-08,busan-city,합의제행정기관 > 감사위원회 > 감사담당관,부용당 외 1,감사위원회 정책연구모임 간담회 개최,132800,05b299a7c51927c7b025bdebb3040980d2840b53bf70f765a04bb1c5592ffe7f,sheet1:R28,,,
05b299a7c51927c7-sheet1-R29,2026-05-13,busan-city,합의제행정기관 > 감사위원회 > 감사담당관,올리브영 외 1,상해시 감찰위원회 환영 기념품 구입,304600,05b299a7c51927c7b025bdebb3040980d2840b53bf70f765a04bb1c5592ffe7f,sheet1:R29,,,
05b299a7c51927c7-sheet1-R30,2026-05-13,busan-city,합의제행정기관 > 감사위원회 > 감사담당관,솟대마을 외 1,감사위원회 특정감사 관련 간담회 개최,320000,05b299a7c51927c7b025bdebb3040980d2840b53bf70f765a04bb1c5592ffe7f,sheet1:R30,,,
05b299a7c51927c7-sheet1-R31,2026-05-15,busan-city,합의제행정기관 > 감사위원회 > 감사담당관,외식일번가 외 1,특정감사 관련 간담회 개최,133800,05b299a7c51927c7b025bdebb3040980d2840b53bf70f765a04bb1c5592ffe7f,sheet1:R31,,,
05b299a7c51927c7-sheet1-R32,2026-05-19,busan-city,합의제행정기관 > 감사위원회 > 감사담당관,언양불고기 부산집 외 1,특정감사 관련 간담회 개최,258000,05b299a7c51927c7b025bdebb3040980d2840b53bf70f765a04bb1c5592ffe7f,sheet1:R32,,,
05b299a7c51927c7-sheet1-R33,2026-05-22,busan-city,합의제행정기관 > 감사위원회 > 감사담당관,백가네밥상 외 1,감사업무 추진 관련 간담회 개최,47000,05b299a7c51927c7b025bdebb3040980d2840b53bf70f765a04bb1c5592ffe7f,sheet1:R33,,,
05b299a7c51927c7-sheet1-R34,2026-05-26,busan-city,합의제행정기관 > 감사위원회 > 감사담당관,예이제,상해시 감찰위원회 부산 방문에 따른 업무교류 간담회 개최,248000,05b299a7c51927c7b025bdebb3040980d2840b53bf70f765a04bb1c5592ffe7f,sheet1:R34,,,
05b299a7c51927c7-sheet1-R35,2026-05-26,busan-city,합의제행정기관 > 감사위원회 > 감사담당관,연산낙지해물탕 외 1,감사담당관 현안업무 추진 관련 간담회 개최,192100,05b299a7c51927c7b025bdebb3040980d2840b53bf70f765a04bb1c5592ffe7f,sheet1:R35,,,
05b299a7c51927c7-sheet1-R36,2026-05-28,busan-city,합의제행정기관 > 감사위원회 > 감사담당관,고니솥밥 외 1,감사위원회 업무 추진 관련 간담회 개최,56700,05b299a7c51927c7b025bdebb3040980d2840b53bf70f765a04bb1c5592ffe7f,sheet1:R36,,,
05b299a7c51927c7-sheet1-R37,2026-06-10,busan-city,합의제행정기관 > 감사위원회 > 감사담당관,브라가,감사담당관 현안업무 추진 관련 간담회 개최,20500,05b299a7c51927c7b025bdebb3040980d2840b53bf70f765a04bb1c5592ffe7f,sheet1:R37,,,
05b299a7c51927c7-sheet1-R38,2026-06-11,busan-city,합의제행정기관 > 감사위원회 > 감사담당관,손큰집,직원 노고 격려 등 간담회 개최,320000,05b299a7c51927c7b025bdebb3040980d2840b53bf70f765a04bb1c5592ffe7f,sheet1:R38,,,
05b299a7c51927c7-sheet1-R39,2026-06-12,busan-city,합의제행정기관 > 감사위원회 > 감사담당관,풍미회초밥 외 1,감사위원회 정책연구모임 간담회 개최,134900,05b299a7c51927c7b025bdebb3040980d2840b53bf70f765a04bb1c5592ffe7f,sheet1:R39,,,
05b299a7c51927c7-sheet1-R40,2026-06-19,busan-city,합의제행정기관 > 감사위원회 > 감사담당관,하정식당,직원 노고 격려 간담회 개최,42500,05b299a7c51927c7b025bdebb3040980d2840b53bf70f765a04bb1c5592ffe7f,sheet1:R40,,,
05b299a7c51927c7-sheet1-R41,2026-06-22,busan-city,합의제행정기관 > 감사위원회 > 감사담당관,카페가온비 외 1,제2회 부산광역시 공직자윤리위원회 회의 다과 구입,117100,05b299a7c51927c7b025bdebb3040980d2840b53bf70f765a04bb1c5592ffe7f,sheet1:R41,,,
05b299a7c51927c7-sheet1-R42,2026-06-24,busan-city,합의제행정기관 > 감사위원회 > 감사담당관,맛찬들왕소금구이,사전 컨설팅감사 현장 상담(교육) 운영 관계자 간담회 개최,288000,05b299a7c51927c7b025bdebb3040980d2840b53bf70f765a04bb1c5592ffe7f,sheet1:R42,,,
05b299a7c51927c7-sheet1-R43,2026-06-24,busan-city,합의제행정기관 > 감사위원회 > 감사담당관,도피오커피,감사위원회 현안업무 추진 관련 차담회 개최,25500,05b299a7c51927c7b025bdebb3040980d2840b53bf70f765a04bb1c5592ffe7f,sheet1:R43,,,
05b299a7c51927c7-sheet1-R44,2026-06-24,busan-city,합의제행정기관 > 감사위원회 > 감사담당관,예당 외 1,감사위원회 현안업무 추진 관련 간담회 개최,95600,05b299a7c51927c7b025bdebb3040980d2840b53bf70f765a04bb1c5592ffe7f,sheet1:R44,,,
05b299a7c51927c7-sheet1-R45,2026-06-25,busan-city,합의제행정기관 > 감사위원회 > 감사담당관,연정보쌈,감사위원회 업무 추진 관련 간담회 개최,69000,05b299a7c51927c7b025bdebb3040980d2840b53bf70f765a04bb1c5592ffe7f,sheet1:R45,,,
05b299a7c51927c7-sheet1-R46,2026-06-26,busan-city,합의제행정기관 > 감사위원회 > 감사담당관,제일옥곰탕 외 1,직원 노고 격려 등 간담회 개최,140000,05b299a7c51927c7b025bdebb3040980d2840b53bf70f765a04bb1c5592ffe7f,sheet1:R46,,,
05b299a7c51927c7-sheet1-R47,2026-06-29,busan-city,합의제행정기관 > 감사위원회 > 감사담당관,-,부의금 전달,50000,05b299a7c51927c7b025bdebb3040980d2840b53bf70f765a04bb1c5592ffe7f,sheet1:R47,,,
05b299a7c51927c7-sheet1-R48,2026-06-30,busan-city,합의제행정기관 > 감사위원회 > 감사담당관,만호갈미샤브샤브 외 1,감사위원회 업무 추진 관련 간담회 개최,215200,05b299a7c51927c7b025bdebb3040980d2840b53bf70f765a04bb1c5592ffe7f,sheet1:R48,,,
05b299a7c51927c7-sheet1-R49,2026-06-30,busan-city,합의제행정기관 > 감사위원회 > 감사담당관,진국명가 외 1,종합감사 관련 간담회 개최,180000,05b299a7c51927c7b025bdebb3040980d2840b53bf70f765a04bb1c5592ffe7f,sheet1:R49,,,
d57adef50774bb61-sheet2-R4,2026-05-12,busan-city,상수도사업본부 > 사하사업소,쿠팡㈜,내방객용 음료 및 다과 구입,95120,d57adef50774bb61c43ffb959ef9928181aab2a50b1d297622d7b22fe5869e48,sheet2:R4,,,
d57adef50774bb61-sheet2-R5,2026-05-26,busan-city,상수도사업본부 > 사하사업소,㈜엘티알,업무협의 간담회,173000,d57adef50774bb61c43ffb959ef9928181aab2a50b1d297622d7b22fe5869e48,sheet2:R5,,,
d57adef50774bb61-sheet2-R6,2026-06-22,busan-city,상수도사업본부 > 사하사업소,국민은행,퇴직자 기념품 구입,100000,d57adef50774bb61c43ffb959ef9928181aab2a50b1d297622d7b22fe5869e48,sheet2:R6,,,
d57adef50774bb61-sheet2-R7,2026-06-23,busan-city,상수도사업본부 > 사하사업소,커피로,순수365 물사랑가족 행사 지원,110000,d57adef50774bb61c43ffb959ef9928181aab2a50b1d297622d7b22fe5869e48,sheet2:R7,,,
d57adef50774bb61-sheet2-R8,2026-06-29,busan-city,상수도사업본부 > 사하사업소,부막숯불닭갈비,업무협의 간담회,105900,d57adef50774bb61c43ffb959ef9928181aab2a50b1d297622d7b22fe5869e48,sheet2:R8,,,
3051531b01964c13-sheet1-R5,2026-04-16,busan-city,시도의회 > 의회사무처 > 의사담당관,우나기 만 등,제335회 임시회 본회의 운영 관련 간담회 개최,156500,3051531b01964c1338b6c6492ca898105c057cd2dbf288a6d41765db096909e5,sheet1:R5,,,
3051531b01964c13-sheet1-R6,2026-04-29,busan-city,시도의회 > 의회사무처 > 의사담당관,비스트로 타마르 등,의사 운영 관련 업무 연찬을 위한 간담회 개최,162500,3051531b01964c1338b6c6492ca898105c057cd2dbf288a6d41765db096909e5,sheet1:R6,,,
3051531b01964c13-sheet1-R7,2026-04-29,busan-city,시도의회 > 의회사무처 > 의사담당관,모닝샌드,직원 사기 양양을 위한 간식 구입,126000,3051531b01964c1338b6c6492ca898105c057cd2dbf288a6d41765db096909e5,sheet1:R7,,,
3051531b01964c13-sheet1-R8,2026-05-15,busan-city,시도의회 > 의회사무처 > 의사담당관,프루쉬,직원 노고 격려를 위한 간식 구입,163000,3051531b01964c1338b6c6492ca898105c057cd2dbf288a6d41765db096909e5,sheet1:R8,,,
3051531b01964c13-sheet1-R9,2026-06-09,busan-city,시도의회 > 의회사무처 > 의사담당관,부원삼게탕 등,원활한 의안기록 업무추진을 위한 간담회 개최,342800,3051531b01964c1338b6c6492ca898105c057cd2dbf288a6d41765db096909e5,sheet1:R9,,,
3051531b01964c13-sheet1-R10,2026-06-16,busan-city,시도의회 > 의회사무처 > 의사담당관,정초밥,본회의장 청사 보안 관련 간담회 개최,254000,3051531b01964c1338b6c6492ca898105c057cd2dbf288a6d41765db096909e5,sheet1:R10,,,
3051531b01964c13-sheet1-R11,2026-06-23,busan-city,시도의회 > 의회사무처 > 의사담당관,와플대학,직원 노고 격려를 위한 간식 구입,76800,3051531b01964c1338b6c6492ca898105c057cd2dbf288a6d41765db096909e5,sheet1:R11,,,
2b59b68e42ce26fe-sheet1-R5,2026-04-21,busan-city,교통정보서비스센터 > 관리팀,샤브20 연산점,센터 견학프로그램 논의를 위한 간담회 개최,80700,2b59b68e42ce26fe224ac1dd23a3577b0b80d04134b60aaee7983a04c434afb9,sheet1:R5,,,
2b59b68e42ce26fe-sheet1-R6,2026-04-23,busan-city,교통정보서비스센터 > 관리팀,에트렌느,제335회 임시회 상임위 참석 직원 격려 간담회 지출,70000,2b59b68e42ce26fe224ac1dd23a3577b0b80d04134b60aaee7983a04c434afb9,sheet1:R6,,,
2b59b68e42ce26fe-sheet1-R7,2026-05-11,busan-city,교통정보서비스센터 > 관리팀,샤브20 연산점,"현장근무자(미화, 경비) 격려 간담회 개최",77700,2b59b68e42ce26fe224ac1dd23a3577b0b80d04134b60aaee7983a04c434afb9,sheet1:R7,,,
2b59b68e42ce26fe-sheet1-R8,2026-06-11,busan-city,교통정보서비스센터 > 관리팀,돼지팥빙수,제336회 정례회 상임위 참석 직원 격려 간담회 지출,42500,2b59b68e42ce26fe224ac1dd23a3577b0b80d04134b60aaee7983a04c434afb9,sheet1:R8,,,
2b59b68e42ce26fe-sheet1-R9,2026-06-30,busan-city,교통정보서비스센터 > 관리팀,연산낙지해물탕,"현장근무자(미화, 경비) 격려 간담회 개최",130000,2b59b68e42ce26fe224ac1dd23a3577b0b80d04134b60aaee7983a04c434afb9,sheet1:R9,,,
2b59b68e42ce26fe-sheet1-R10,2026-06-30,busan-city,교통정보서비스센터 > 관리팀,마르타의정원,2026년 상반기 퇴임식 꽃다발 구입,50000,2b59b68e42ce26fe224ac1dd23a3577b0b80d04134b60aaee7983a04c434afb9,sheet1:R10,,,
2b59b68e42ce26fe-sheet1-R11,2026-06-23,busan-city,교통정보서비스센터 > 관리팀,샤브20 연산점,ITS 업무 및 교통시설 업무 추진 관련 간담회 개최,390000,2b59b68e42ce26fe224ac1dd23a3577b0b80d04134b60aaee7983a04c434afb9,sheet1:R11,,,
edbf4d142c85d8b1-sheet1-R4,2026-04-10,busan-city,대변인 > 홍보담당관,"웁스, 웰빙선생오리",시정 홍보 논의를 위한 간담회 개최,148000,edbf4d142c85d8b18246fa19fd37afaa9a6b6b62d815c5997634950d9f7ac59b,sheet1:R4,,,
edbf4d142c85d8b1-sheet1-R5,2026-04-21,busan-city,대변인 > 홍보담당관,STEMCOFFEE,시정 홍보 인터뷰 추진 관련 차담회 개최,31500,edbf4d142c85d8b18246fa19fd37afaa9a6b6b62d815c5997634950d9f7ac59b,sheet1:R5,,,
edbf4d142c85d8b1-sheet1-R6,2026-05-12,busan-city,대변인 > 홍보담당관,달봉이횟집,시정 홍보 논의를 위한 간담회 개최,300000,edbf4d142c85d8b18246fa19fd37afaa9a6b6b62d815c5997634950d9f7ac59b,sheet1:R6,,,
edbf4d142c85d8b1-sheet1-R7,2026-05-13,busan-city,대변인 > 홍보담당관,"메이리연, 푸릇",직원 노고 격려를 위한 간담회 개최 계획,242500,edbf4d142c85d8b18246fa19fd37afaa9a6b6b62d815c5997634950d9f7ac59b,sheet1:R7,,,
edbf4d142c85d8b1-sheet1-R8,2026-05-14,busan-city,대변인 > 홍보담당관,룩셈블랑제리,직원 노고 격려를 위한 차담회 개최 계획,34000,edbf4d142c85d8b18246fa19fd37afaa9a6b6b62d815c5997634950d9f7ac59b,sheet1:R8,,,
edbf4d142c85d8b1-sheet1-R9,2026-05-18,busan-city,대변인 > 홍보담당관,루시앙베이커리,직원 노고 격려를 위한 차담회 개최 계획,57500,edbf4d142c85d8b18246fa19fd37afaa9a6b6b62d815c5997634950d9f7ac59b,sheet1:R9,,,
edbf4d142c85d8b1-sheet1-R10,2026-05-21,busan-city,대변인 > 홍보담당관,광화문옥희,시정 홍보 논의를 위한 간담회 개최,231000,edbf4d142c85d8b18246fa19fd37afaa9a6b6b62d815c5997634950d9f7ac59b,sheet1:R10,,,
edbf4d142c85d8b1-sheet1-R11,2026-05-26,busan-city,대변인 > 홍보담당관,그레이핍플,직원 노고 격려를 위한 차담회 개최 계획,18500,edbf4d142c85d8b18246fa19fd37afaa9a6b6b62d815c5997634950d9f7ac59b,sheet1:R11,,,
edbf4d142c85d8b1-sheet1-R12,2026-05-28,busan-city,대변인 > 홍보담당관,일광대복집,언론 관계자 현안 설명 간담회 개최 계획,136000,edbf4d142c85d8b18246fa19fd37afaa9a6b6b62d815c5997634950d9f7ac59b,sheet1:R12,,,
edbf4d142c85d8b1-sheet1-R13,2026-06-09,busan-city,대변인 > 홍보담당관,브라가,직원 노고 격려를 위한 차담회 개최 계획,40700,edbf4d142c85d8b18246fa19fd37afaa9a6b6b62d815c5997634950d9f7ac59b,sheet1:R13,,,
edbf4d142c85d8b1-sheet1-R14,2026-06-12,busan-city,대변인 > 홍보담당관,"투썸플레이스, 낚시고기횟집",직원 노고 격려를 위한 간담회 개최 계획,174900,edbf4d142c85d8b18246fa19fd37afaa9a6b6b62d815c5997634950d9f7ac59b,sheet1:R14,,,
edbf4d142c85d8b1-sheet1-R15,2026-06-16,busan-city,대변인 > 홍보담당관,"장산다방, 조리사의 집",직원 노고 격려를 위한 간담회 개최 계획,286600,edbf4d142c85d8b18246fa19fd37afaa9a6b6b62d815c5997634950d9f7ac59b,sheet1:R15,,,
edbf4d142c85d8b1-sheet1-R16,2026-06-19,busan-city,대변인 > 홍보담당관,"블루샥, 정초밥",직원 노고 격려를 위한 간담회 개최 계획,160700,edbf4d142c85d8b18246fa19fd37afaa9a6b6b62d815c5997634950d9f7ac59b,sheet1:R16,,,
edbf4d142c85d8b1-sheet1-R17,2026-06-23,busan-city,대변인 > 홍보담당관,헤이키커피,직원 노고 격려를 위한 차담회 개최 계획,21300,edbf4d142c85d8b18246fa19fd37afaa9a6b6b62d815c5997634950d9f7ac59b,sheet1:R17,,,
edbf4d142c85d8b1-sheet1-R18,2026-06-25,busan-city,대변인 > 홍보담당관,"카페로프트, 부용당",직원 노고 격려를 위한 간담회 개최 계획,189000,edbf4d142c85d8b18246fa19fd37afaa9a6b6b62d815c5997634950d9f7ac59b,sheet1:R18,,,
edbf4d142c85d8b1-sheet1-R19,2026-04-22,busan-city,대변인 > 홍보담당관,토종먹거리,시정 홍보 협의를 위한 간담회 개최 계획,160000,edbf4d142c85d8b18246fa19fd37afaa9a6b6b62d815c5997634950d9f7ac59b,sheet1:R19,,,
edbf4d142c85d8b1-sheet1-R20,2026-05-15,busan-city,대변인 > 홍보담당관,"루시앙베이커리, 시청카츠",시 소통 캐릭터 IP 활용 관련 업무 관계자 간담회,54700,edbf4d142c85d8b18246fa19fd37afaa9a6b6b62d815c5997634950d9f7ac59b,sheet1:R20,,,
edbf4d142c85d8b1-sheet1-R21,2026-05-27,busan-city,대변인 > 홍보담당관,우나기만,시 소통 캐릭터 안전 관리 관련 간담회,358000,edbf4d142c85d8b18246fa19fd37afaa9a6b6b62d815c5997634950d9f7ac59b,sheet1:R21,,,
edbf4d142c85d8b1-sheet1-R22,2026-06-04,busan-city,대변인 > 홍보담당관,양산도,직원 노고 격려를 위한 간담회 개최 계획,84000,edbf4d142c85d8b18246fa19fd37afaa9a6b6b62d815c5997634950d9f7ac59b,sheet1:R22,,,
edbf4d142c85d8b1-sheet1-R23,2026-06-10,busan-city,대변인 > 홍보담당관,지밀레니얼,글로벌 K-Pop 관광도시 홍보 관계자 간담회 개최,41100,edbf4d142c85d8b18246fa19fd37afaa9a6b6b62d815c5997634950d9f7ac59b,sheet1:R23,,,
edbf4d142c85d8b1-sheet1-R24,2026-06-12,busan-city,대변인 > 홍보담당관,프레드피자,직원 노고 격려를 위한 간담회 개최 계획,155200,edbf4d142c85d8b18246fa19fd37afaa9a6b6b62d815c5997634950d9f7ac59b,sheet1:R24,,,
edbf4d142c85d8b1-sheet1-R25,2026-06-24,busan-city,대변인 > 홍보담당관,산청흑돼지,시정 홍보 논의를 위한 간담회 개최,210000,edbf4d142c85d8b18246fa19fd37afaa9a6b6b62d815c5997634950d9f7ac59b,sheet1:R25,,,
49973a9827451e51-sheet1-R4,2026-02-10,busan-city,소방재난본부 > 119종합상황실,유정생아구찜,시책사업 및 체계적 상황관리 우수사례 홍보를 위한 간담회,280000,49973a9827451e51b706ad598845cc69cda20992ab72293ecf4558ef03bd4787,sheet1:R4,,,
49973a9827451e51-sheet2-R4,2026-05-29,busan-city,소방재난본부 > 119종합상황실,고메스퀘어 해운대벡스코점,2026년 상반기 상황관리 유관기관 실무협의체 간담회 개최,420000,49973a9827451e51b706ad598845cc69cda20992ab72293ecf4558ef03bd4787,sheet2:R4,,,
9b500bb7014fe322-sheet1-R4,2026-03-31,busan-city,아동보호종합센터 > 아동권리팀,진국명가 온천천점,아동학대 대응인력 합동교육 추진 간담회 개최 건의,80000,9b500bb7014fe3229cd5678223c1a89ea0c5c5fbc7fdc2cd3c466789f7c6f86b,sheet1:R4,,,
9b500bb7014fe322-sheet1-R5,2026-04-01,busan-city,아동보호종합센터 > 아동권리팀,코지하우스 안락점,업무추진 직원 격려 간담회 개최 건의,57600,9b500bb7014fe3229cd5678223c1a89ea0c5c5fbc7fdc2cd3c466789f7c6f86b,sheet1:R5,,,
9b500bb7014fe322-sheet1-R6,2026-04-15,busan-city,아동보호종합센터 > 아동권리팀,카페 리온외 1,센터 사업 관련 현안 간담회 개최 건의,116000,9b500bb7014fe3229cd5678223c1a89ea0c5c5fbc7fdc2cd3c466789f7c6f86b,sheet1:R6,,,
9b500bb7014fe322-sheet1-R7,2026-04-27,busan-city,아동보호종합센터 > 아동권리팀,히얼이즈커피 부산대병원점,2026년 제2회 아이사랑콜 사례회의 및 간담회 개최 관련 간담회비 지급 건의,126500,9b500bb7014fe3229cd5678223c1a89ea0c5c5fbc7fdc2cd3c466789f7c6f86b,sheet1:R7,,,
9b500bb7014fe322-sheet1-R8,2026-04-28,busan-city,아동보호종합센터 > 아동권리팀,백련가,센터 주요업무 추진 관계자 간담회 개최 건의,161000,9b500bb7014fe3229cd5678223c1a89ea0c5c5fbc7fdc2cd3c466789f7c6f86b,sheet1:R8,,,
9b500bb7014fe322-sheet1-R9,2026-05-05,busan-city,아동보호종합센터 > 아동권리팀,스타벅스 코리아,2026년 어린이날 큰잔치 지원근무자 격려 다과 구입 건의,44900,9b500bb7014fe3229cd5678223c1a89ea0c5c5fbc7fdc2cd3c466789f7c6f86b,sheet1:R9,,,
9b500bb7014fe322-sheet1-R10,2026-05-19,busan-city,아동보호종합센터 > 아동권리팀,부산은행,퇴직예정자(공로연수 등) 격려품 구입 건의,150000,9b500bb7014fe3229cd5678223c1a89ea0c5c5fbc7fdc2cd3c466789f7c6f86b,sheet1:R10,,,
9b500bb7014fe322-sheet1-R11,2026-06-02,busan-city,아동보호종합센터 > 아동권리팀,개인(성명 비공개),직원 결혼 축의금 지급 건의,50000,9b500bb7014fe3229cd5678223c1a89ea0c5c5fbc7fdc2cd3c466789f7c6f86b,sheet1:R11,,,
9b500bb7014fe322-sheet1-R12,2026-06-11,busan-city,아동보호종합센터 > 아동권리팀,카페우림외 1,2025회계연도 결산 관련 간담회 개최 건의,85400,9b500bb7014fe3229cd5678223c1a89ea0c5c5fbc7fdc2cd3c466789f7c6f86b,sheet1:R12,,,
9b500bb7014fe322-sheet1-R13,2026-06-13,busan-city,아동보호종합센터 > 아동권리팀,도너츠윤 부산서구점,2026년 제3회 아이사랑콜 사례회의 및 간담회 개최 관련 간담회비 지급 건의,121000,9b500bb7014fe3229cd5678223c1a89ea0c5c5fbc7fdc2cd3c466789f7c6f86b,sheet1:R13,,,
5b3de4a3ab672fc2-sheet1-R5,2026-04-05,busan-city,건설안전시험사업소 > 관리팀,건설안전시험사업소,직원 자녀 결혼 축의금 지급,50000,5b3de4a3ab672fc28385d0459e99272d9355568811537d0fc3e198e518d2a5ab,sheet1:R5,,,
5b3de4a3ab672fc2-sheet1-R6,2026-04-19,busan-city,건설안전시험사업소 > 관리팀,건설안전시험사업소,직원 자녀 결혼 축의금 지급,50000,5b3de4a3ab672fc28385d0459e99272d9355568811537d0fc3e198e518d2a5ab,sheet1:R6,,,
5b3de4a3ab672fc2-sheet1-R7,2026-04-15,busan-city,건설안전시험사업소 > 관리팀,솔밭횟집,사업소 주요 현안업무 논의를 위한 간담회 개최,200000,5b3de4a3ab672fc28385d0459e99272d9355568811537d0fc3e198e518d2a5ab,sheet1:R7,,,
5b3de4a3ab672fc2-sheet1-R8,2026-05-06,busan-city,건설안전시험사업소 > 관리팀,소나무집,장비운영 관련 간담회 개최,493000,5b3de4a3ab672fc28385d0459e99272d9355568811537d0fc3e198e518d2a5ab,sheet1:R8,,,
5b3de4a3ab672fc2-sheet1-R9,2026-05-08,busan-city,건설안전시험사업소 > 관리팀,건설안전시험사업소,부산시청공무직노동조합 건설안전시험사업소지부 환경정비행사 지원 계획(도로관리원),200000,5b3de4a3ab672fc28385d0459e99272d9355568811537d0fc3e198e518d2a5ab,sheet1:R9,,,
5b3de4a3ab672fc2-sheet1-R10,2026-05-22,busan-city,건설안전시험사업소 > 관리팀,건설안전시험사업소,부산시청공무직노동조합 건설안전시험사업소지부 환경정비행사 지원 계획(과적단속원),100000,5b3de4a3ab672fc28385d0459e99272d9355568811537d0fc3e198e518d2a5ab,sheet1:R10,,,
5b3de4a3ab672fc2-sheet1-R11,2026-05-19,busan-city,건설안전시험사업소 > 관리팀,동대김대감,사업소 주요 현안업무 논의를 위한 간담회 개최,200000,5b3de4a3ab672fc28385d0459e99272d9355568811537d0fc3e198e518d2a5ab,sheet1:R11,,,
5b3de4a3ab672fc2-sheet1-R12,2026-06-11,busan-city,건설안전시험사업소 > 관리팀,조은횟집 외1,제336회 상임위원회 참석 직원 노고 격려 간담회 개최,203700,5b3de4a3ab672fc28385d0459e99272d9355568811537d0fc3e198e518d2a5ab,sheet1:R12,,,
5b3de4a3ab672fc2-sheet1-R13,2026-06-25,busan-city,건설안전시험사업소 > 관리팀,회동식당,사업소 주요 현안업무 논의를 위한 간담회 개최,98000,5b3de4a3ab672fc28385d0459e99272d9355568811537d0fc3e198e518d2a5ab,sheet1:R13,,,
5b3de4a3ab672fc2-sheet1-R14,2026-06-25,busan-city,건설안전시험사업소 > 관리팀,에스에스지페이,사업소 환경정비 관련 간담회용 다과 구입,88380,5b3de4a3ab672fc28385d0459e99272d9355568811537d0fc3e198e518d2a5ab,sheet1:R14,,,
5b3de4a3ab672fc2-sheet1-R15,2026-06-29,busan-city,건설안전시험사업소 > 관리팀,홍이보리밥,사업소 주요 현안업무 논의를 위한 간담회 개최,90000,5b3de4a3ab672fc28385d0459e99272d9355568811537d0fc3e198e518d2a5ab,sheet1:R15,,,
10cce06eeb3bdf42-sheet1-R5,2026-04-06,busan-city,기획조정실 > 재정관 > 재정협력담당관,참복집,국회 관계자와의 국비 현안사항 협의 간담회 개최,210000,10cce06eeb3bdf4243659aea0951030b15cd71c8f9334b357041696440944179,sheet1:R5,,,
10cce06eeb3bdf42-sheet1-R6,2026-04-06,busan-city,기획조정실 > 재정관 > 재정협력담당관,깐부치킨(서여의도점),국회 관계자와의 국비 현안사항 협의 간담회 개최,143000,10cce06eeb3bdf4243659aea0951030b15cd71c8f9334b357041696440944179,sheet1:R6,,,
10cce06eeb3bdf42-sheet1-R7,2026-04-06,busan-city,기획조정실 > 재정관 > 재정협력담당관,더현대 서울,국비 확보 관련 업무협조를 위한 다과류 구입,233200,10cce06eeb3bdf4243659aea0951030b15cd71c8f9334b357041696440944179,sheet1:R7,,,
10cce06eeb3bdf42-sheet1-R8,2026-04-06,busan-city,기획조정실 > 재정관 > 재정협력담당관,주식회사 육즙당 광화문점,국회 관계자와의 국비 현안사항 협의 간담회 개최,206000,10cce06eeb3bdf4243659aea0951030b15cd71c8f9334b357041696440944179,sheet1:R8,,,
10cce06eeb3bdf42-sheet1-R9,2026-04-07,busan-city,기획조정실 > 재정관 > 재정협력담당관,광화문수산,국회 관계자와의 국비 현안사항 협의 간담회 개최,96000,10cce06eeb3bdf4243659aea0951030b15cd71c8f9334b357041696440944179,sheet1:R9,,,
10cce06eeb3bdf42-sheet1-R10,2026-04-07,busan-city,기획조정실 > 재정관 > 재정협력담당관,여의도미나리삼겹서여의도점,중앙부처 관계자와의 국비 현안사항 협의 간담회 개최,300000,10cce06eeb3bdf4243659aea0951030b15cd71c8f9334b357041696440944179,sheet1:R10,,,
10cce06eeb3bdf42-sheet1-R11,2026-04-08,busan-city,기획조정실 > 재정관 > 재정협력담당관,해머스미스커피 서여의도점외 1,국회 관계자와의 국비 현안사항 협의 간담회 개최,200500,10cce06eeb3bdf4243659aea0951030b15cd71c8f9334b357041696440944179,sheet1:R11,,,
10cce06eeb3bdf42-sheet1-R12,2026-04-09,busan-city,기획조정실 > 재정관 > 재정협력담당관,용산옥 부대찌개 & 치즈닭갈비 여의도직영점,국회 관계자와의 국비 현안사항 협의 간담회 개최,118000,10cce06eeb3bdf4243659aea0951030b15cd71c8f9334b357041696440944179,sheet1:R12,,,
10cce06eeb3bdf42-sheet1-R13,2026-04-14,busan-city,기획조정실 > 재정관 > 재정협력담당관,김삼보,국비 확보를 위한 타 시도 관계자 간담회 개최,480000,10cce06eeb3bdf4243659aea0951030b15cd71c8f9334b357041696440944179,sheet1:R13,,,
10cce06eeb3bdf42-sheet1-R14,2026-04-14,busan-city,기획조정실 > 재정관 > 재정협력담당관,더현대 서울,국비 확보 관련 업무협조를 위한 다과류 구입,116300,10cce06eeb3bdf4243659aea0951030b15cd71c8f9334b357041696440944179,sheet1:R14,,,
10cce06eeb3bdf42-sheet1-R15,2026-04-21,busan-city,기획조정실 > 재정관 > 재정협력담당관,도피오커피 벡스코점,민간투자사업 지자체 특화교육 및 민자카라반 관련 간담회 개최 건의,29500,10cce06eeb3bdf4243659aea0951030b15cd71c8f9334b357041696440944179,sheet1:R15,,,
10cce06eeb3bdf42-sheet1-R16,2026-04-23,busan-city,기획조정실 > 재정관 > 재정협력담당관,투썸플레이스 서여의도점외 1,국회 관계자와의 국비 현안사항 협의 간담회 개최,93700,10cce06eeb3bdf4243659aea0951030b15cd71c8f9334b357041696440944179,sheet1:R16,,,
10cce06eeb3bdf42-sheet1-R17,2026-04-28,busan-city,기획조정실 > 재정관 > 재정협력담당관,메이리,지방보조금의 효율적 관리 방안 논의를 위한 간담회 개최,450000,10cce06eeb3bdf4243659aea0951030b15cd71c8f9334b357041696440944179,sheet1:R17,,,
10cce06eeb3bdf42-sheet1-R18,2026-05-12,busan-city,기획조정실 > 재정관 > 재정협력담당관,일마지오 세종도서관점외 2,중앙부처 관계자와의 국비 현안사항 협의 차담회 개최,80000,10cce06eeb3bdf4243659aea0951030b15cd71c8f9334b357041696440944179,sheet1:R18,,,
10cce06eeb3bdf42-sheet1-R19,2026-05-12,busan-city,기획조정실 > 재정관 > 재정협력담당관,부광숯불갈비,중앙부처 관계자와의 국비 현안사항 협의 간담회 개최,270000,10cce06eeb3bdf4243659aea0951030b15cd71c8f9334b357041696440944179,sheet1:R19,,,
10cce06eeb3bdf42-sheet1-R20,2026-05-22,busan-city,기획조정실 > 재정관 > 재정협력담당관,국회후생복지위원회외 1,국비 현안사항 협의 국회 관계자 오찬,80000,10cce06eeb3bdf4243659aea0951030b15cd71c8f9334b357041696440944179,sheet1:R20,,,
10cce06eeb3bdf42-sheet1-R21,2026-05-27,busan-city,기획조정실 > 재정관 > 재정협력담당관,투썸플레이스 서여의도점외 1,국회 관계자와의 국비 현안사항 협의 간담회 개최,271000,10cce06eeb3bdf4243659aea0951030b15cd71c8f9334b357041696440944179,sheet1:R21,,,
10cce06eeb3bdf42-sheet1-R22,2026-05-28,busan-city,기획조정실 > 재정관 > 재정협력담당관,커피하우스,민간투자사업 현안 논의 간담회 개최,31300,10cce06eeb3bdf4243659aea0951030b15cd71c8f9334b357041696440944179,sheet1:R22,,,
10cce06eeb3bdf42-sheet1-R23,2026-05-29,busan-city,기획조정실 > 재정관 > 재정협력담당관,숯댕이한우,중앙부처 관계자와의 국비 현안사항 협의 간담회 개최,327000,10cce06eeb3bdf4243659aea0951030b15cd71c8f9334b357041696440944179,sheet1:R23,,,
10cce06eeb3bdf42-sheet1-R24,2026-05-29,busan-city,기획조정실 > 재정관 > 재정협력담당관,롯데쇼핑주식회사외 1,국비 확보 업무협조를 위한 중앙부처 방문 관련 다과류 구입,281600,10cce06eeb3bdf4243659aea0951030b15cd71c8f9334b357041696440944179,sheet1:R24,,,
10cce06eeb3bdf42-sheet1-R25,2026-05-29,busan-city,기획조정실 > 재정관 > 재정협력담당관,마키노차야 더가우,중앙부처 관계자와의 국비 현안사항 협의 간담회 개최,148200,10cce06eeb3bdf4243659aea0951030b15cd71c8f9334b357041696440944179,sheet1:R25,,,
10cce06eeb3bdf42-sheet1-R26,2026-06-05,busan-city,기획조정실 > 재정관 > 재정협력담당관,롯데쇼핑주식회사,국비 확보 업무협조를 위한 중앙부처 방문 관련 다과류 구입,480000,10cce06eeb3bdf4243659aea0951030b15cd71c8f9334b357041696440944179,sheet1:R26,,,
10cce06eeb3bdf42-sheet1-R27,2026-06-12,busan-city,기획조정실 > 재정관 > 재정협력담당관,녹산횟집,중앙부처 관계자와의 국비 현안사항 협의 간담회 개최,233000,10cce06eeb3bdf4243659aea0951030b15cd71c8f9334b357041696440944179,sheet1:R27,,,
10cce06eeb3bdf42-sheet1-R28,2026-06-29,busan-city,기획조정실 > 재정관 > 재정협력담당관,코레일유통주식회사(부산역),국비 확보 업무협조를 위한 중앙부처 방문 관련 다과류 구입,224800,10cce06eeb3bdf4243659aea0951030b15cd71c8f9334b357041696440944179,sheet1:R28,,,
10cce06eeb3bdf42-sheet1-R29,2026-06-29,busan-city,기획조정실 > 재정관 > 재정협력담당관,커피생각외 1,국비 현안사항 협의를 위한 중앙부처 관계자 간담회 개최,223500,10cce06eeb3bdf4243659aea0951030b15cd71c8f9334b357041696440944179,sheet1:R29,,,
10cce06eeb3bdf42-sheet1-R30,2026-06-29,busan-city,기획조정실 > 재정관 > 재정협력담당관,카페일마지오 농림부점외 1,국비 현안사항 협의를 위한 중앙부처 관계자 간담회 개최,194500,10cce06eeb3bdf4243659aea0951030b15cd71c8f9334b357041696440944179,sheet1:R30,,,
7b7163bee02db277-sheet1-R5,2026-04-02,busan-city,시도의회 > 의회사무처 > 입법재정담당관,버섯마을,정책연구 활성화를 위한 간담회 개최,116000,7b7163bee02db277a6694b58e98c1437baf7d8f192672aff90aa88b7c02dc9c2,sheet1:R5,,,
7b7163bee02db277-sheet1-R6,2026-04-08,busan-city,시도의회 > 의회사무처 > 입법재정담당관,태영생막창,입법지원 활성화를 위한 간담회 개최,217000,7b7163bee02db277a6694b58e98c1437baf7d8f192672aff90aa88b7c02dc9c2,sheet1:R6,,,
7b7163bee02db277-sheet1-R7,2026-04-17,busan-city,시도의회 > 의회사무처 > 입법재정담당관,커피스토리,부서운영 차류 구입,165000,7b7163bee02db277a6694b58e98c1437baf7d8f192672aff90aa88b7c02dc9c2,sheet1:R7,,,
7b7163bee02db277-sheet1-R8,2026-04-23,busan-city,시도의회 > 의회사무처 > 입법재정담당관,해,정책연구 활성화를 위한 간담회 개최,230000,7b7163bee02db277a6694b58e98c1437baf7d8f192672aff90aa88b7c02dc9c2,sheet1:R8,,,
7b7163bee02db277-sheet1-R9,2026-05-13,busan-city,시도의회 > 의회사무처 > 입법재정담당관,송화강,입법지원 활성화를 위한 간담회 개최,270000,7b7163bee02db277a6694b58e98c1437baf7d8f192672aff90aa88b7c02dc9c2,sheet1:R9,,,
7b7163bee02db277-sheet1-R10,2026-05-15,busan-city,시도의회 > 의회사무처 > 입법재정담당관,커피스토리,부서운영 차류 구입,165000,7b7163bee02db277a6694b58e98c1437baf7d8f192672aff90aa88b7c02dc9c2,sheet1:R10,,,
7b7163bee02db277-sheet1-R11,2026-05-21,busan-city,시도의회 > 의회사무처 > 입법재정담당관,녹산횟집,입법지원 활성화를 위한 간담회 개최,157000,7b7163bee02db277a6694b58e98c1437baf7d8f192672aff90aa88b7c02dc9c2,sheet1:R11,,,
7b7163bee02db277-sheet1-R12,2026-06-01,busan-city,시도의회 > 의회사무처 > 입법재정담당관,외식일번가 연제점,정책연구 활성화를 위한 간담회 개최,239000,7b7163bee02db277a6694b58e98c1437baf7d8f192672aff90aa88b7c02dc9c2,sheet1:R12,,,
7b7163bee02db277-sheet1-R13,2026-06-17,busan-city,시도의회 > 의회사무처 > 입법재정담당관,은화횟집2호점,입법지원 및 정책연구 활성화를 위한 간담회 개최,450000,7b7163bee02db277a6694b58e98c1437baf7d8f192672aff90aa88b7c02dc9c2,sheet1:R13,,,
7b7163bee02db277-sheet1-R14,2026-06-19,busan-city,시도의회 > 의회사무처 > 입법재정담당관,공무원매점,부서운영 다과류 구입,304600,7b7163bee02db277a6694b58e98c1437baf7d8f192672aff90aa88b7c02dc9c2,sheet1:R14,,,
7b7163bee02db277-sheet1-R15,2026-06-19,busan-city,시도의회 > 의회사무처 > 입법재정담당관,갈빛,재정분석 업무추진 관련 간담회 개최,159500,7b7163bee02db277a6694b58e98c1437baf7d8f192672aff90aa88b7c02dc9c2,sheet1:R15,,,
7b7163bee02db277-sheet1-R16,2026-06-22,busan-city,시도의회 > 의회사무처 > 입법재정담당관,커피스토리,부서운영 차류 구입,165000,7b7163bee02db277a6694b58e98c1437baf7d8f192672aff90aa88b7c02dc9c2,sheet1:R16,,,
7b7163bee02db277-sheet1-R17,2026-06-24,busan-city,시도의회 > 의회사무처 > 입법재정담당관,마조레,부서 직원 격려 간담회 개최,330000,7b7163bee02db277a6694b58e98c1437baf7d8f192672aff90aa88b7c02dc9c2,sheet1:R17,,,
71cb4bb46c73cf81-sheet1-R4,2026-04-22,busan-city,엄궁농산물도매시장관리사업소 > 관리팀,외식일번가 서부산점,도매시장 법인(공판장) 대표와의 간담회,300000,71cb4bb46c73cf818bcf42fe8419ffa9d1d943668781e118682e043bf22fe648,sheet1:R4,,,
71cb4bb46c73cf81-sheet1-R5,2026-05-07,busan-city,엄궁농산물도매시장관리사업소 > 관리팀,외식일번가 서부산점,도매시장 내 태양광 설비 설치 논의를 위한 간담회,120000,71cb4bb46c73cf818bcf42fe8419ffa9d1d943668781e118682e043bf22fe648,sheet1:R5,,,
71cb4bb46c73cf81-sheet1-R6,2026-06-24,busan-city,엄궁농산물도매시장관리사업소 > 관리팀,롯데마트 사상점,내방객 차류 구입,100000,71cb4bb46c73cf818bcf42fe8419ffa9d1d943668781e118682e043bf22fe648,sheet1:R6,,,
f08b9c9a8a627521-sheet1-R5,2026-04-28,busan-city,시민안전실 > 원자력안전과,부뚜막,원자력안전규제정보회의 및 방사능방재 업무 관련 간담회 개최,180000,f08b9c9a8a627521d64c3962b4b02d659f17f8c7aa650f499a065294d3a1d6d0,sheet1:R5,,,
f08b9c9a8a627521-sheet1-R6,2026-04-29,busan-city,시민안전실 > 원자력안전과,"해마지, 콘크카페",후쿠시마 오염수 대응 관련 실무회의,250000,f08b9c9a8a627521d64c3962b4b02d659f17f8c7aa650f499a065294d3a1d6d0,sheet1:R6,,,
f08b9c9a8a627521-sheet1-R7,2026-05-27,busan-city,시민안전실 > 원자력안전과,메이리,원자력안전정보공유센터 공모를 위한 공모 신청 기관 대상 대면평가 대비 사전 컨설팅(지원),200000,f08b9c9a8a627521d64c3962b4b02d659f17f8c7aa650f499a065294d3a1d6d0,sheet1:R7,,,
d85955158cc5ac1d-sheet1-R5,2026-04-02,busan-city,동래소방서 > 소방행정과,동래소방서,봄맞이 소통과 여유의 벚꽃 힐링 간담회,100000,d85955158cc5ac1dd146e30d0fb910ae514c3bceb24e7d4a63be2a260ca0dcac,sheet1:R5,,,
d85955158cc5ac1d-sheet1-R6,2026-04-06,busan-city,동래소방서 > 소방행정과,동래소방서,대강당 환경개션 기념 본부-동래 친선 탁구대회 관련 물품 구입,250000,d85955158cc5ac1dd146e30d0fb910ae514c3bceb24e7d4a63be2a260ca0dcac,sheet1:R6,,,
d85955158cc5ac1d-sheet1-R7,2026-04-07,busan-city,동래소방서 > 소방행정과,토곡로 7,대강당 환경개선 추진 관련 직원 격려 간담회 개최,257300,d85955158cc5ac1dd146e30d0fb910ae514c3bceb24e7d4a63be2a260ca0dcac,sheet1:R7,,,
d85955158cc5ac1d-sheet1-R8,2026-04-20,busan-city,동래소방서 > 소방행정과,동래소방서,금강공원 소방안전 체험 부스 운영 직원 격려 물품 구매,64000,d85955158cc5ac1dd146e30d0fb910ae514c3bceb24e7d4a63be2a260ca0dcac,sheet1:R8,,,
d85955158cc5ac1d-sheet1-R9,2026-04-21,busan-city,동래소방서 > 소방행정과,동래소방서,소속 직원 경조사 발생에 따른 조의금 지급,50000,d85955158cc5ac1dd146e30d0fb910ae514c3bceb24e7d4a63be2a260ca0dcac,sheet1:R9,,,
d85955158cc5ac1d-sheet1-R10,2026-05-18,busan-city,동래소방서 > 소방행정과,동래소방서,소속 직원 경조사 발생에 따른 축의금 지급,50000,d85955158cc5ac1dd146e30d0fb910ae514c3bceb24e7d4a63be2a260ca0dcac,sheet1:R10,,,
d85955158cc5ac1d-sheet1-R11,2026-05-19,busan-city,동래소방서 > 소방행정과,동래소방서,소속 직원 경조사 발생에 따른 축의금 지급,50000,d85955158cc5ac1dd146e30d0fb910ae514c3bceb24e7d4a63be2a260ca0dcac,sheet1:R11,,,
d85955158cc5ac1d-sheet1-R12,2026-05-19,busan-city,동래소방서 > 소방행정과,동래소방서,소속 직원 경조사 발생에 따른 조의금 지급,50000,d85955158cc5ac1dd146e30d0fb910ae514c3bceb24e7d4a63be2a260ca0dcac,sheet1:R12,,,
d85955158cc5ac1d-sheet1-R13,2026-05-19,busan-city,동래소방서 > 소방행정과,동래소방서,소속 직원 경조사 발생에 따른 축의금 지급,50000,d85955158cc5ac1dd146e30d0fb910ae514c3bceb24e7d4a63be2a260ca0dcac,sheet1:R13,,,
d85955158cc5ac1d-sheet1-R14,2026-05-26,busan-city,동래소방서 > 소방행정과,동래소방서,소속 직원 경조사 발생에 따른 조의금 지급,50000,d85955158cc5ac1dd146e30d0fb910ae514c3bceb24e7d4a63be2a260ca0dcac,sheet1:R14,,,
d85955158cc5ac1d-sheet1-R15,2026-06-02,busan-city,동래소방서 > 소방행정과,동래소방서,소속 직원 경조사 발생에 따른 조의금 지급,50000,d85955158cc5ac1dd146e30d0fb910ae514c3bceb24e7d4a63be2a260ca0dcac,sheet1:R15,,,
d85955158cc5ac1d-sheet1-R16,2026-06-09,busan-city,동래소방서 > 소방행정과,동래소방서,(청문)제16회 소방재난본부장기 직원 테니스대회 참가자 격려금 지급 요청,100000,d85955158cc5ac1dd146e30d0fb910ae514c3bceb24e7d4a63be2a260ca0dcac,sheet1:R16,,,
d85955158cc5ac1d-sheet1-R17,2026-06-19,busan-city,동래소방서 > 소방행정과,동래소방서,(청문감사담당관)부산시립합창단 초청 「찾아오는 음악회」에 따른 다과류 구매 요청,145250,d85955158cc5ac1dd146e30d0fb910ae514c3bceb24e7d4a63be2a260ca0dcac,sheet1:R17,,,
d85955158cc5ac1d-sheet1-R18,2026-06-18,busan-city,동래소방서 > 소방행정과,동래소방서,소속 직원 경조사 발생에 따른 축의금 지급,50000,d85955158cc5ac1dd146e30d0fb910ae514c3bceb24e7d4a63be2a260ca0dcac,sheet1:R18,,,
d85955158cc5ac1d-sheet1-R19,2026-06-23,busan-city,동래소방서 > 소방행정과,동래소방서,(구조구급과)긴급구조종합훈련 및 다수사상자 훈련 참석 직원 커피 지급 요청,81000,d85955158cc5ac1dd146e30d0fb910ae514c3bceb24e7d4a63be2a260ca0dcac,sheet1:R19,,,
d85955158cc5ac1d-sheet1-R20,2026-06-23,busan-city,동래소방서 > 소방행정과,고분로 13번길 43,(현장대응단)직원 노고격려를 위한 간담회 개최 보고,383000,d85955158cc5ac1dd146e30d0fb910ae514c3bceb24e7d4a63be2a260ca0dcac,sheet1:R20,,,
d85955158cc5ac1d-sheet1-R21,2026-06-30,busan-city,동래소방서 > 소방행정과,연제구 월드컵대로145번길 19,2026년 상반기 현안업무 추진 관련 직원 격려 간담회 개최,400000,d85955158cc5ac1dd146e30d0fb910ae514c3bceb24e7d4a63be2a260ca0dcac,sheet1:R21,,,
40554e0aada65a70-sheet1-R5,2026-02-26,busan-city,수산자원연구소 > 관리팀,풍원장,수산자원조성 업무협의,115000,40554e0aada65a708b5494108758d551f7ba999698ba03e6dbba811859ad0c07,sheet1:R5,,,
40554e0aada65a70-sheet1-R6,2026-04-03,busan-city,수산자원연구소 > 관리팀,정선곤드레밥생칼국수,현안업무 협의 간담회,143000,40554e0aada65a708b5494108758d551f7ba999698ba03e6dbba811859ad0c07,sheet1:R6,,,
40554e0aada65a70-sheet1-R7,2026-05-19,busan-city,수산자원연구소 > 관리팀,서가네오리,현안업무 협의 간담회,120000,40554e0aada65a708b5494108758d551f7ba999698ba03e6dbba811859ad0c07,sheet1:R7,,,
40554e0aada65a70-sheet1-R8,2026-05-29,busan-city,수산자원연구소 > 관리팀,우리마트 명지점,수산종자방류 업무추진 관련 어업인 다과회,27000,40554e0aada65a708b5494108758d551f7ba999698ba03e6dbba811859ad0c07,sheet1:R8,,,
5f43dff65132d782-sheet1-R5,2026-04-16,busan-city,디지털경제실 > 미래기술전략국 > 바이오헬스과,더벤티코리아 경성대학교 건학기념관점,지역 의료산업 육성을 위한 자문 및 협조 요청 관련 간담회,11900,5f43dff65132d782dad62e66b89b81ab04629735051a09250fafac2d795bcd60,sheet1:R5,,,
5f43dff65132d782-sheet1-R6,2026-04-17,busan-city,디지털경제실 > 미래기술전략국 > 바이오헬스과,동백본가,2026년 헬스케어 위크 전시회 개최 관련 논의 간담회,180000,5f43dff65132d782dad62e66b89b81ab04629735051a09250fafac2d795bcd60,sheet1:R6,,,
5f43dff65132d782-sheet1-R7,2026-04-27,busan-city,디지털경제실 > 미래기술전략국 > 바이오헬스과,원조감자탕 일미집 국회의사당점 외 2개소,공모사업 및 지역 현안사항 논의 관련 간담회,66200,5f43dff65132d782dad62e66b89b81ab04629735051a09250fafac2d795bcd60,sheet1:R7,,,
5f43dff65132d782-sheet1-R8,2026-06-12,busan-city,디지털경제실 > 미래기술전략국 > 바이오헬스과,큐제 외 1개소,지역 의료산업 육성을 위한 정책 자문 간담회,97100,5f43dff65132d782dad62e66b89b81ab04629735051a09250fafac2d795bcd60,sheet1:R8,,,
5f43dff65132d782-sheet1-R9,2026-06-19,busan-city,디지털경제실 > 미래기술전략국 > 바이오헬스과,수제국수 부산시청점 외 1개소,지역 의료산업 육성을 위한 자문 및 협조 요청 관련 간담회,249300,5f43dff65132d782dad62e66b89b81ab04629735051a09250fafac2d795bcd60,sheet1:R9,,,
c8ed6506a47be14f-sheet1-R5,2026-03-09,busan-city,시민건강국 > 보건위생과,부자회관 부산시청점,2026년 공공병원 필수의료 강화를 위한 업무협업 간담회,200000,c8ed6506a47be14f76dbe48f0f959b1ea8c53000a77aa6c3f0c82e61a4f6b103,sheet1:R5,,,
c8ed6506a47be14f-sheet1-R6,2026-03-09,busan-city,시민건강국 > 보건위생과,"공무원매점, 연제지역자활센터, 카페가온비",부산형 지역외상거점병원 선정평가회 개최 관련 다과 구입,70000,c8ed6506a47be14f76dbe48f0f959b1ea8c53000a77aa6c3f0c82e61a4f6b103,sheet1:R6,,,
c8ed6506a47be14f-sheet1-R7,2026-03-10,busan-city,시민건강국 > 보건위생과,"연제지역자활센터, 카페가온비","식품, 공중위생 현안 업무 추진 간담회",400000,c8ed6506a47be14f76dbe48f0f959b1ea8c53000a77aa6c3f0c82e61a4f6b103,sheet1:R7,,,
c8ed6506a47be14f-sheet1-R8,2026-03-30,busan-city,시민건강국 > 보건위생과,만성횟집,2026년 상반기 헌혈추진협의회 간담회,300000,c8ed6506a47be14f76dbe48f0f959b1ea8c53000a77aa6c3f0c82e61a4f6b103,sheet1:R8,,,
c8ed6506a47be14f-sheet1-R9,2026-05-06,busan-city,시민건강국 > 보건위생과,"연제지역자활센터, 카페가온비",2026년 소아의료 민관 협의체 회의 행사용 다과구입,182000,c8ed6506a47be14f76dbe48f0f959b1ea8c53000a77aa6c3f0c82e61a4f6b103,sheet1:R9,,,
c8ed6506a47be14f-sheet1-R10,2026-06-25,busan-city,시민건강국 > 보건위생과,마조레,현안업무 추진 등 직원 격려 간담회,780000,c8ed6506a47be14f76dbe48f0f959b1ea8c53000a77aa6c3f0c82e61a4f6b103,sheet1:R10,,,
2cd2906bfe55029c-sheet1-R4,2026-03-31,busan-city,인재개발원 > 역량교육과,"네거리식당, 제주함덕흑돼지왕표고기",글로벌인재양성과정 제주도 현장학습 사전답사관련 관계자 간담회 개최,153000,2cd2906bfe55029cf0883d52f6f53fba9c62cff4f4ec6503ee8d7efa38429e54,sheet1:R4,,,
8ab7559729241c57-sheet1-R5,2026-04-10,busan-city,상수도사업본부 > 강서사업소,주선비,업무연찬 간담회 개최(기관),210000,8ab7559729241c57ac5f14be3ff7c7878766abef27fd3b199bdcaf4f0d37930e,sheet1:R5,,,
8ab7559729241c57-sheet1-R6,2026-04-29,busan-city,상수도사업본부 > 강서사업소,주황산 삼계탕,퇴직자(기간제)격려를 위한 간담회 개최,80000,8ab7559729241c57ac5f14be3ff7c7878766abef27fd3b199bdcaf4f0d37930e,sheet1:R6,,,
8ab7559729241c57-sheet1-R7,2026-05-11,busan-city,상수도사업본부 > 강서사업소,낙동 삼계탕,신규 임용직원 격려를 위한 간담회 경비 지급,98000,8ab7559729241c57ac5f14be3ff7c7878766abef27fd3b199bdcaf4f0d37930e,sheet1:R7,,,
8ab7559729241c57-sheet1-R8,2026-06-19,busan-city,상수도사업본부 > 강서사업소,구제식품,업무협의 간담회 개최(기관),200000,8ab7559729241c57ac5f14be3ff7c7878766abef27fd3b199bdcaf4f0d37930e,sheet1:R8,,,
3340ea1938107144-sheet1-R4,2026-03-31,busan-city,소방학교 > 교육지원과,정육단,소방학교 지휘부 소통 활성화를 위한 간담회,197000,3340ea19381071442f20f71185920903ee65dd718b378cc89700476b45cfeb77,sheet1:R4,,,
3340ea1938107144-sheet1-R5,2026-04-07,busan-city,소방학교 > 교육지원과,수목가든,부산형 실화재훈련 체계 구축을 위한 간담회,327000,3340ea19381071442f20f71185920903ee65dd718b378cc89700476b45cfeb77,sheet1:R5,,,
3340ea1938107144-sheet1-R6,2026-04-10,busan-city,소방학교 > 교육지원과,제1능이버섯전문점,인재양성과 교직원 노고 격려 간담회,83000,3340ea19381071442f20f71185920903ee65dd718b378cc89700476b45cfeb77,sheet1:R6,,,
3340ea1938107144-sheet1-R7,2026-04-10,busan-city,소방학교 > 교육지원과,(주)뉴노멀,인재양성과 교직원 노고 격려 간담회,18450,3340ea19381071442f20f71185920903ee65dd718b378cc89700476b45cfeb77,sheet1:R7,,,
3340ea1938107144-sheet1-R8,2026-04-13,busan-city,소방학교 > 교육지원과,호포장어마을,교육훈련과 교직원 노고 격려 간담회,110000,3340ea19381071442f20f71185920903ee65dd718b378cc89700476b45cfeb77,sheet1:R8,,,
3340ea1938107144-sheet1-R9,2026-04-29,busan-city,소방학교 > 교육지원과,부산소방학교,제31회 중앙소방 교육혁신 경연대회 참가 직원 격려금 지급,200000,3340ea19381071442f20f71185920903ee65dd718b378cc89700476b45cfeb77,sheet1:R9,,,
3340ea1938107144-sheet1-R10,2026-06-05,busan-city,소방학교 > 교육지원과,운해,교육훈련과(지휘역량강화센터) 교직원 노고 격려 간담회,112000,3340ea19381071442f20f71185920903ee65dd718b378cc89700476b45cfeb77,sheet1:R10,,,
3340ea1938107144-sheet1-R11,2026-06-23,busan-city,소방학교 > 교육지원과,룩앳더바리스타 송정점,해난구조구급과정 현장학습 교육생 및 교직원 격려,250000,3340ea19381071442f20f71185920903ee65dd718b378cc89700476b45cfeb77,sheet1:R11,,,
9aa0fb089781ea62-sheet1-R6,2026-05-07,busan-city,상수도사업본부 > 덕산정수사업소 > 관리팀,덕산정수사업소 인근 식당,덕산정수사업소 현안업무 협의 간담회 개최,486000,9aa0fb089781ea6281164f7261f4bab79201aaeeafd768514c426a454f9ab324,sheet1:R6,,,
9aa0fb089781ea62-sheet1-R7,2026-05-15,busan-city,상수도사업본부 > 덕산정수사업소 > 관리팀,덕산정수사업소,2026년 상반기 청원경찰 사격훈련 우수자 격려품 지급,120000,9aa0fb089781ea6281164f7261f4bab79201aaeeafd768514c426a454f9ab324,sheet1:R7,,,
9aa0fb089781ea62-sheet1-R8,2026-05-18,busan-city,상수도사업본부 > 덕산정수사업소 > 관리팀,덕산정수사업소 인근 식당,덕산정수사업소 여름철 자연재난 사전대비 간담회 개최,235000,9aa0fb089781ea6281164f7261f4bab79201aaeeafd768514c426a454f9ab324,sheet1:R8,,,
9aa0fb089781ea62-sheet1-R9,2026-05-19,busan-city,상수도사업본부 > 덕산정수사업소 > 관리팀,덕산정수사업소,위로금 지급,100000,9aa0fb089781ea6281164f7261f4bab79201aaeeafd768514c426a454f9ab324,sheet1:R9,,,
9aa0fb089781ea62-sheet1-R10,2026-06-05,busan-city,상수도사업본부 > 덕산정수사업소 > 관리팀,덕산정수사업소 인근 식당,덕산정수사업소 하절기 조류 대비 관련 간담회 개최,100000,9aa0fb089781ea6281164f7261f4bab79201aaeeafd768514c426a454f9ab324,sheet1:R10,,,
9aa0fb089781ea62-sheet1-R11,2026-06-12,busan-city,상수도사업본부 > 덕산정수사업소 > 관리팀,덕산정수사업소 인근 식당,염소가스 누출사고 대비 밀폐공간 구조 및 대피훈련 현장 운영 지원,277000,9aa0fb089781ea6281164f7261f4bab79201aaeeafd768514c426a454f9ab324,sheet1:R11,,,
9aa0fb089781ea62-sheet1-R12,2026-06-12,busan-city,상수도사업본부 > 덕산정수사업소 > 관리팀,덕산정수사업소,2026년 화학사고 대비 합동 방재훈련 참석자 부식 구입,270000,9aa0fb089781ea6281164f7261f4bab79201aaeeafd768514c426a454f9ab324,sheet1:R12,,,
9aa0fb089781ea62-sheet1-R13,2026-06-15,busan-city,상수도사업본부 > 덕산정수사업소 > 관리팀,덕산정수사업소 인근 식당,덕산정수장 시설물 안전점검 관련 간담회 개최,300000,9aa0fb089781ea6281164f7261f4bab79201aaeeafd768514c426a454f9ab324,sheet1:R13,,,
03cd33f347a1cb88-sheet1-R4,2026-04-03,busan-city,시도의회 > 의회사무처 > 홍보담당관,삼미오리집,의정활동 홍보를 위한 언론간담회 개최(홍보. 04/03),330000,03cd33f347a1cb8806416bec65faff92366a2c2beed7ed080a987752cfa267e5,sheet1:R4,,,
03cd33f347a1cb88-sheet1-R5,2026-04-10,busan-city,시도의회 > 의회사무처 > 홍보담당관,공무원매점,기자실 및 브리핑룸 방문객 홍보를 위한 물품구입(홍보. 04/09),356000,03cd33f347a1cb8806416bec65faff92366a2c2beed7ed080a987752cfa267e5,sheet1:R5,,,
03cd33f347a1cb88-sheet1-R6,2026-04-13,busan-city,시도의회 > 의회사무처 > 홍보담당관,수제국수(부산시청점),의정활동 홍보를 위한 언론간담회 개최(홍보. 04/10),360000,03cd33f347a1cb8806416bec65faff92366a2c2beed7ed080a987752cfa267e5,sheet1:R6,,,
03cd33f347a1cb88-sheet1-R7,2026-04-13,busan-city,시도의회 > 의회사무처 > 홍보담당관,"우나기만, 장산다방",의정활동 홍보를 위한 업무협의 간담회 개최(홍보),313500,03cd33f347a1cb8806416bec65faff92366a2c2beed7ed080a987752cfa267e5,sheet1:R7,,,
03cd33f347a1cb88-sheet1-R8,2026-04-21,busan-city,시도의회 > 의회사무처 > 홍보담당관,"수제국수(부산시청점), 큐제",의정활동 홍보를 위한 업무협의 간담회 개최(홍보),208300,03cd33f347a1cb8806416bec65faff92366a2c2beed7ed080a987752cfa267e5,sheet1:R8,,,
03cd33f347a1cb88-sheet1-R9,2026-04-23,busan-city,시도의회 > 의회사무처 > 홍보담당관,만성횟집,의정활동 홍보를 위한 언론간담회 개최(홍보. 04/23),387000,03cd33f347a1cb8806416bec65faff92366a2c2beed7ed080a987752cfa267e5,sheet1:R9,,,
03cd33f347a1cb88-sheet1-R10,2026-04-28,busan-city,시도의회 > 의회사무처 > 홍보담당관,다드림마트,기자실 및 브리핑룸 방문객 홍보를 위한 물품구입(홍보. 04/28),431000,03cd33f347a1cb8806416bec65faff92366a2c2beed7ed080a987752cfa267e5,sheet1:R10,,,
03cd33f347a1cb88-sheet1-R11,2026-05-06,busan-city,시도의회 > 의회사무처 > 홍보담당관,은행나무집,의정활동 홍보를 위한 언론간담회 개최(홍보. 05/06),330000,03cd33f347a1cb8806416bec65faff92366a2c2beed7ed080a987752cfa267e5,sheet1:R11,,,
03cd33f347a1cb88-sheet1-R12,2026-05-18,busan-city,시도의회 > 의회사무처 > 홍보담당관,"어부심 해풍코다리, 지앤지",의정활동 홍보를 위한 언론간담회 개최(홍보. 05/13),290200,03cd33f347a1cb8806416bec65faff92366a2c2beed7ed080a987752cfa267e5,sheet1:R12,,,
03cd33f347a1cb88-sheet1-R13,2026-05-18,busan-city,시도의회 > 의회사무처 > 홍보담당관,만성횟집,의정활동 홍보를 위한 언론간담회 개최(홍보. 05/15),329000,03cd33f347a1cb8806416bec65faff92366a2c2beed7ed080a987752cfa267e5,sheet1:R13,,,
03cd33f347a1cb88-sheet1-R14,2026-05-27,busan-city,시도의회 > 의회사무처 > 홍보담당관,공무원매점,기자실 및 브리핑룸 방문객 홍보를 위한 물품구입(홍보. 05/21),222000,03cd33f347a1cb8806416bec65faff92366a2c2beed7ed080a987752cfa267e5,sheet1:R14,,,
03cd33f347a1cb88-sheet1-R15,2026-06-04,busan-city,시도의회 > 의회사무처 > 홍보담당관,메이리,의정활동 홍보를 위한 언론간담회 개최(홍보. 05/28),360000,03cd33f347a1cb8806416bec65faff92366a2c2beed7ed080a987752cfa267e5,sheet1:R15,,,
03cd33f347a1cb88-sheet1-R16,2026-06-05,busan-city,시도의회 > 의회사무처 > 홍보담당관,메이리,의정활동 홍보를 위한 언론간담회 개최(홍보. 06/05),330000,03cd33f347a1cb8806416bec65faff92366a2c2beed7ed080a987752cfa267e5,sheet1:R16,,,
03cd33f347a1cb88-sheet1-R17,2026-06-09,busan-city,시도의회 > 의회사무처 > 홍보담당관,손큰집,의정활동 홍보를 위한 언론간담회 개최(홍보. 06/08),400000,03cd33f347a1cb8806416bec65faff92366a2c2beed7ed080a987752cfa267e5,sheet1:R17,,,
03cd33f347a1cb88-sheet1-R18,2026-06-09,busan-city,시도의회 > 의회사무처 > 홍보담당관,다드림마트,기자실 및 브리핑룸 방문객 홍보를 위한 물품구입(홍보. 06/08),445000,03cd33f347a1cb8806416bec65faff92366a2c2beed7ed080a987752cfa267e5,sheet1:R18,,,
03cd33f347a1cb88-sheet1-R19,2026-06-16,busan-city,시도의회 > 의회사무처 > 홍보담당관,"버섯마을, 그레이핍플",의정활동 홍보를 위한 언론간담회 개최(홍보. 06/09),224300,03cd33f347a1cb8806416bec65faff92366a2c2beed7ed080a987752cfa267e5,sheet1:R19,,,
03cd33f347a1cb88-sheet1-R20,2026-06-16,busan-city,시도의회 > 의회사무처 > 홍보담당관,제일옥곰탕,의정활동 홍보를 위한 언론간담회 개최(홍보. 06/11),300000,03cd33f347a1cb8806416bec65faff92366a2c2beed7ed080a987752cfa267e5,sheet1:R20,,,
03cd33f347a1cb88-sheet1-R21,2026-06-24,busan-city,시도의회 > 의회사무처 > 홍보담당관,HUP,의정활동 홍보를 위한 언론간담회 개최(홍보),298000,03cd33f347a1cb8806416bec65faff92366a2c2beed7ed080a987752cfa267e5,sheet1:R21,,,
03cd33f347a1cb88-sheet1-R22,2026-06-24,busan-city,시도의회 > 의회사무처 > 홍보담당관,"정초밥, 장산다방",의정활동 홍보를 위한 업무협의 간담회 개최(홍보),105500,03cd33f347a1cb8806416bec65faff92366a2c2beed7ed080a987752cfa267e5,sheet1:R22,,,
c70817e085974b12-sheet1-R3,2026-04-02,busan-city,기획조정실 > 기획관 > 인구정책담당관,카페반디나무외 1,「부산광역시 외국인주민정책 기본계획 수립 연구용역」 착수보고회 다과 구입,58000,c70817e085974b1291cfc983cdccb0eecc69ee181921ec54dfd08b52af393cac,sheet1:R3,,,
c70817e085974b12-sheet1-R4,2026-04-15,busan-city,기획조정실 > 기획관 > 인구정책담당관,디 앨리스,인구감소지역 대응 기본계획 및 투자계획 관련 논의를 위한 간담회 개최,109000,c70817e085974b1291cfc983cdccb0eecc69ee181921ec54dfd08b52af393cac,sheet1:R4,,,
c70817e085974b12-sheet1-R5,2026-04-30,busan-city,기획조정실 > 기획관 > 인구정책담당관,(주)신세계백화점센텀시티점,부·울·경 유학생 채용박람회 참석 관련 오찬 간담회 개최,100000,c70817e085974b1291cfc983cdccb0eecc69ee181921ec54dfd08b52af393cac,sheet1:R5,,,
c70817e085974b12-sheet1-R6,2026-05-23,busan-city,기획조정실 > 기획관 > 인구정책담당관,메종드루아,세계시민축제 관련 인구정책 업무협의를 위한 간담회 개최,40500,c70817e085974b1291cfc983cdccb0eecc69ee181921ec54dfd08b52af393cac,sheet1:R6,,,
c70817e085974b12-sheet1-R7,2026-06-05,busan-city,기획조정실 > 기획관 > 인구정책담당관,마조레,2026년 상반기 결혼이민자 대표회의 간담회 개최 계획,270000,c70817e085974b1291cfc983cdccb0eecc69ee181921ec54dfd08b52af393cac,sheet1:R7,,,
c70817e085974b12-sheet1-R8,2026-06-16,busan-city,기획조정실 > 기획관 > 인구정책담당관,가로수길초밥,인구정책 초광역 협력을 위한 간담회 개최,69000,c70817e085974b1291cfc983cdccb0eecc69ee181921ec54dfd08b52af393cac,sheet1:R8,,,
c70817e085974b12-sheet1-R9,2026-06-18,busan-city,기획조정실 > 기획관 > 인구정책담당관,텐퍼센트(TenPersent)외 1,외국인 통합지원체계 구축 업무 협의를 위한 간담회 개최,188000,c70817e085974b1291cfc983cdccb0eecc69ee181921ec54dfd08b52af393cac,sheet1:R9,,,
c70817e085974b12-sheet1-R10,2026-06-26,busan-city,기획조정실 > 기획관 > 인구정책담당관,히얼이즈커피 부산시청점,제3회 인구정책위원회 다과 구입,46000,c70817e085974b1291cfc983cdccb0eecc69ee181921ec54dfd08b52af393cac,sheet1:R10,,,
b013dd19f46a9dc5-sheet1-R4,2026-04-23,busan-city,여성문화회관 > 관리팀,뚜레쥬르 부산학장본점,2026년 부산광역새일센터 중앙 컨설팅 업무추진 간담회 개최,99490,b013dd19f46a9dc569cbc18115226a9a7bf5f8d62cb04982a7b8f0b2b39fbac6,sheet1:R4,,,
b013dd19f46a9dc5-sheet1-R5,2026-05-18,busan-city,여성문화회관 > 관리팀,힘쎈민물장어,현안업무 추진 간담회 개최,144000,b013dd19f46a9dc569cbc18115226a9a7bf5f8d62cb04982a7b8f0b2b39fbac6,sheet1:R5,,,
b013dd19f46a9dc5-sheet1-R6,2026-05-27,busan-city,여성문화회관 > 관리팀,떡보의하루,현안업무 추진 직원 격려 다과 구입,174000,b013dd19f46a9dc569cbc18115226a9a7bf5f8d62cb04982a7b8f0b2b39fbac6,sheet1:R6,,,
b013dd19f46a9dc5-sheet1-R7,2026-06-04,busan-city,여성문화회관 > 관리팀,주식회사 탑월드후레쉬,2026년 제3기 수강접수 자원봉사자 간식 구입,167000,b013dd19f46a9dc569cbc18115226a9a7bf5f8d62cb04982a7b8f0b2b39fbac6,sheet1:R7,,,
b013dd19f46a9dc5-sheet1-R8,2026-06-11,busan-city,여성문화회관 > 관리팀,"제일옥곰탕, 웁스",현안업무 추진 간담회 개최,88500,b013dd19f46a9dc569cbc18115226a9a7bf5f8d62cb04982a7b8f0b2b39fbac6,sheet1:R8,,,
b013dd19f46a9dc5-sheet1-R9,2026-06-11,busan-city,여성문화회관 > 관리팀,"아덴블랑제리, 사과당",2026년 상반기 강사 간담회 개최,337000,b013dd19f46a9dc569cbc18115226a9a7bf5f8d62cb04982a7b8f0b2b39fbac6,sheet1:R9,,,
88acdd0572c4e768-sheet1-R5,2026-04-02,busan-city,차량등록사업소 > 총무팀,정초밥,차량 등록 업무 활성화를 위한 업무관계자 간담회 개최,90000,88acdd0572c4e7680b47a85beb407d50b69cce6c211d570a94d67040f329ee0a,sheet1:R5,,,
88acdd0572c4e768-sheet1-R6,2026-04-07,busan-city,차량등록사업소 > 총무팀,댄싱컵 명지오션시티점외 1,차량등록사업소 현안업무 관련 간담회 개최,143800,88acdd0572c4e7680b47a85beb407d50b69cce6c211d570a94d67040f329ee0a,sheet1:R6,,,
88acdd0572c4e768-sheet1-R7,2026-04-14,busan-city,차량등록사업소 > 총무팀,개인(성명 비공개),소속직원 축의금 지급 건의,50000,88acdd0572c4e7680b47a85beb407d50b69cce6c211d570a94d67040f329ee0a,sheet1:R7,,,
88acdd0572c4e768-sheet1-R8,2026-04-20,busan-city,차량등록사업소 > 총무팀,일광미식,동부산현장지원센터 운영 활성화를 위한 간담회 개최,175000,88acdd0572c4e7680b47a85beb407d50b69cce6c211d570a94d67040f329ee0a,sheet1:R8,,,
88acdd0572c4e768-sheet1-R9,2026-04-28,busan-city,차량등록사업소 > 총무팀,오늘김해생뒷고기,등록팀 직원 격려 간담회 개최,95500,88acdd0572c4e7680b47a85beb407d50b69cce6c211d570a94d67040f329ee0a,sheet1:R9,,,
88acdd0572c4e768-sheet1-R10,2026-04-27,busan-city,차량등록사업소 > 총무팀,개인(성명 비공개),소속직원 부의금 지급 건의,50000,88acdd0572c4e7680b47a85beb407d50b69cce6c211d570a94d67040f329ee0a,sheet1:R10,,,
88acdd0572c4e768-sheet1-R11,2026-05-07,busan-city,차량등록사업소 > 총무팀,명지첫집 오션시티점,직원 격려 간담회 개최(관리팀),90000,88acdd0572c4e7680b47a85beb407d50b69cce6c211d570a94d67040f329ee0a,sheet1:R11,,,
88acdd0572c4e768-sheet1-R12,2026-06-02,busan-city,차량등록사업소 > 총무팀,금성숯불민물장어 명지직영점,등록팀 직원 격려 간담회 개최,180000,88acdd0572c4e7680b47a85beb407d50b69cce6c211d570a94d67040f329ee0a,sheet1:R12,,,
88acdd0572c4e768-sheet1-R13,2026-05-19,busan-city,차량등록사업소 > 총무팀,신라스테이 서부산,현안업무 추진 관련 간담회 개최,86400,88acdd0572c4e7680b47a85beb407d50b69cce6c211d570a94d67040f329ee0a,sheet1:R13,,,
88acdd0572c4e768-sheet1-R14,2026-06-05,busan-city,차량등록사업소 > 총무팀,개인(성명 비공개),소속직원 부의금 지급 건의,50000,88acdd0572c4e7680b47a85beb407d50b69cce6c211d570a94d67040f329ee0a,sheet1:R14,,,
88acdd0572c4e768-sheet1-R15,2026-06-10,busan-city,차량등록사업소 > 총무팀,어라우즈 로스터리외 2,차량등록사업소 현안업무 추진 관련 간담회 개최,233200,88acdd0572c4e7680b47a85beb407d50b69cce6c211d570a94d67040f329ee0a,sheet1:R15,,,
88acdd0572c4e768-sheet1-R16,2026-06-15,busan-city,차량등록사업소 > 총무팀,개인(성명 비공개),소속직원 부의금 지급 건의,50000,88acdd0572c4e7680b47a85beb407d50b69cce6c211d570a94d67040f329ee0a,sheet1:R16,,,
88acdd0572c4e768-sheet1-R17,2026-06-17,busan-city,차량등록사업소 > 총무팀,신라스테이 서부산,차량등록사업소 현안업무 관련 간담회 개최,320000,88acdd0572c4e7680b47a85beb407d50b69cce6c211d570a94d67040f329ee0a,sheet1:R17,,,
88acdd0572c4e768-sheet1-R18,2026-06-18,busan-city,차량등록사업소 > 총무팀,신라스테이 서부산,퇴직준비교육 직원 격려 간담회 개최,112000,88acdd0572c4e7680b47a85beb407d50b69cce6c211d570a94d67040f329ee0a,sheet1:R18,,,
88acdd0572c4e768-sheet1-R19,2026-06-22,busan-city,차량등록사업소 > 총무팀,개인(성명 비공개),소속직원 부의금 지급 건의,50000,88acdd0572c4e7680b47a85beb407d50b69cce6c211d570a94d67040f329ee0a,sheet1:R19,,,
39c2f56b38b79dc0-sheet1-R5,2026-04-08,busan-city,시민안전실 > 사회재난과,베트남쌀국수라이옥(외1),도로침하지역 현안업무 현장 간담회,63000,39c2f56b38b79dc05c3027ad6cc4216044703e30ef5aeb57a8b5d64b02cd299d,sheet1:R5,,,
39c2f56b38b79dc0-sheet1-R6,2026-04-15,busan-city,시민안전실 > 사회재난과,족발이다,5급 승진리더과정 교육대상자 등 직원 격려 간담회,280000,39c2f56b38b79dc05c3027ad6cc4216044703e30ef5aeb57a8b5d64b02cd299d,sheet1:R6,,,
39c2f56b38b79dc0-sheet1-R7,2026-06-25,busan-city,시민안전실 > 사회재난과,메가MGC커피 거제홈타운점(외1),지역축제 안전관리 업무추진 간담회,158800,39c2f56b38b79dc05c3027ad6cc4216044703e30ef5aeb57a8b5d64b02cd299d,sheet1:R7,,,
0faadc20d2c23b20-sheet1-R5,2026-04-13,busan-city,북부소방서 > 소방행정과,북부소방서,00119안전센터 직원 부의금 지급,50000,0faadc20d2c23b2089cc6604bc0791b930f6999c7d9b077305bf7e1babd15012,sheet1:R5,,,
0faadc20d2c23b20-sheet1-R6,2026-04-16,busan-city,북부소방서 > 소방행정과,북부소방서,0000단 직원 자녀 결혼 축의금 지급,50000,0faadc20d2c23b2089cc6604bc0791b930f6999c7d9b077305bf7e1babd15012,sheet1:R6,,,
0faadc20d2c23b20-sheet1-R7,2026-04-17,busan-city,북부소방서 > 소방행정과,다올길219외 1,찾아가는 상담실 소방관서장과의 간담회 지출,168500,0faadc20d2c23b2089cc6604bc0791b930f6999c7d9b077305bf7e1babd15012,sheet1:R7,,,
0faadc20d2c23b20-sheet1-R8,2026-05-06,busan-city,북부소방서 > 소방행정과,북부소방서,00119안전센터 기간제 부의금 지급,50000,0faadc20d2c23b2089cc6604bc0791b930f6999c7d9b077305bf7e1babd15012,sheet1:R8,,,
0faadc20d2c23b20-sheet1-R9,2026-05-21,busan-city,북부소방서 > 소방행정과,북부소방서,기간제 부의금 지급,50000,0faadc20d2c23b2089cc6604bc0791b930f6999c7d9b077305bf7e1babd15012,sheet1:R9,,,
0faadc20d2c23b20-sheet1-R10,2026-05-29,busan-city,북부소방서 > 소방행정과,북부소방서,00안전센터 직원 결혼 축의금 지급,50000,0faadc20d2c23b2089cc6604bc0791b930f6999c7d9b077305bf7e1babd15012,sheet1:R10,,,
0faadc20d2c23b20-sheet1-R11,2026-06-09,busan-city,북부소방서 > 소방행정과,북부소방서,00119안전센터장 부친 별세에 따른 부의금 지급,50000,0faadc20d2c23b2089cc6604bc0791b930f6999c7d9b077305bf7e1babd15012,sheet1:R11,,,
0faadc20d2c23b20-sheet1-R12,2026-06-22,busan-city,북부소방서 > 소방행정과,다올길219외 1,의용소방대 운영 활성화를 위한 업무 간담회 개최,199000,0faadc20d2c23b2089cc6604bc0791b930f6999c7d9b077305bf7e1babd15012,sheet1:R12,,,
0faadc20d2c23b20-sheet1-R13,2026-06-26,busan-city,북부소방서 > 소방행정과,폴 바셋 부산 금곡강변점,소통과 화합을 위한 업무 간담회 개최,164700,0faadc20d2c23b2089cc6604bc0791b930f6999c7d9b077305bf7e1babd15012,sheet1:R13,,,
0faadc20d2c23b20-sheet1-R14,2026-06-22,busan-city,북부소방서 > 소방행정과,올 굿 커피외 1,소방발전위원회 운영 활성화를 위한 업무 추진 간담회 개최,207600,0faadc20d2c23b2089cc6604bc0791b930f6999c7d9b077305bf7e1babd15012,sheet1:R14,,,
bbd083fcca9d30e7-sheet1-R4,2026-04-03,busan-city,부울경초광역경제동맹추진본부 > 초광역기획과,개인(성명 비공개),소관 상임위원회 의원 경조사비 지출,50000,bbd083fcca9d30e7d8acb55fcda3d443417a935556d72099e9b7ca16755056ba,sheet1:R4,,,
bbd083fcca9d30e7-sheet1-R5,2026-04-03,busan-city,부울경초광역경제동맹추진본부 > 초광역기획과,부용당,부울경 초광역 협력사업 발굴 TF 제1차 회의 참석자 오찬 제공,400000,bbd083fcca9d30e7d8acb55fcda3d443417a935556d72099e9b7ca16755056ba,sheet1:R5,,,
bbd083fcca9d30e7-sheet1-R6,2026-04-08,busan-city,부울경초광역경제동맹추진본부 > 초광역기획과,세일러스고등어연구소,부울경 현안 추진 협의를 위한 간담회 개최,65400,bbd083fcca9d30e7d8acb55fcda3d443417a935556d72099e9b7ca16755056ba,sheet1:R6,,,
bbd083fcca9d30e7-sheet1-R7,2026-04-08,busan-city,부울경초광역경제동맹추진본부 > 초광역기획과,부용당,현안업무 추진 직원 노고 격려 간담회 개최,480000,bbd083fcca9d30e7d8acb55fcda3d443417a935556d72099e9b7ca16755056ba,sheet1:R7,,,
bbd083fcca9d30e7-sheet1-R8,2026-04-09,busan-city,부울경초광역경제동맹추진본부 > 초광역기획과,몰토 이탈리아노,부울경 협력사업 발굴 관련 간담회 개최,79600,bbd083fcca9d30e7d8acb55fcda3d443417a935556d72099e9b7ca16755056ba,sheet1:R8,,,
bbd083fcca9d30e7-sheet1-R9,2026-04-13,busan-city,부울경초광역경제동맹추진본부 > 초광역기획과,몰토 이탈리아노,부울경 현안 논의를 위한 간담회 개최,101400,bbd083fcca9d30e7d8acb55fcda3d443417a935556d72099e9b7ca16755056ba,sheet1:R9,,,
bbd083fcca9d30e7-sheet1-R10,2026-04-20,busan-city,부울경초광역경제동맹추진본부 > 초광역기획과,몰토 이탈리아노,부울경 현안 논의를 위한 간담회 개최,74900,bbd083fcca9d30e7d8acb55fcda3d443417a935556d72099e9b7ca16755056ba,sheet1:R10,,,
bbd083fcca9d30e7-sheet1-R11,2026-04-21,busan-city,부울경초광역경제동맹추진본부 > 초광역기획과,부용당,부울경 현안 관련 논의를 위한 간담회 개최,120000,bbd083fcca9d30e7d8acb55fcda3d443417a935556d72099e9b7ca16755056ba,sheet1:R11,,,
bbd083fcca9d30e7-sheet1-R12,2026-04-23,busan-city,부울경초광역경제동맹추진본부 > 초광역기획과,제제스시,부울경 초광역사업 국비 협력 관련 간담회 개최,120000,bbd083fcca9d30e7d8acb55fcda3d443417a935556d72099e9b7ca16755056ba,sheet1:R12,,,
bbd083fcca9d30e7-sheet1-R13,2026-04-23,busan-city,부울경초광역경제동맹추진본부 > 초광역기획과,엔피에스카페테리아삼십육점오,초광역 협력 사업 발굴 관련 컨설팅 참석자 다과 구입,82500,bbd083fcca9d30e7d8acb55fcda3d443417a935556d72099e9b7ca16755056ba,sheet1:R13,,,
bbd083fcca9d30e7-sheet1-R14,2026-04-28,busan-city,부울경초광역경제동맹추진본부 > 초광역기획과,본도시락 시청점,현안업무 추진 직원 노고 격려 간담회 개최,209900,bbd083fcca9d30e7d8acb55fcda3d443417a935556d72099e9b7ca16755056ba,sheet1:R14,,,
bbd083fcca9d30e7-sheet1-R15,2026-04-28,busan-city,부울경초광역경제동맹추진본부 > 초광역기획과,아이갓에브리씽 울산광역시청점,부울경정책협의회 8차 조정회의 참석자를 위한 다과 구입,92100,bbd083fcca9d30e7d8acb55fcda3d443417a935556d72099e9b7ca16755056ba,sheet1:R15,,,
bbd083fcca9d30e7-sheet1-R16,2026-04-29,busan-city,부울경초광역경제동맹추진본부 > 초광역기획과,육화목,부울경 협력사업 대시민 공감대 형성을 위한 간담회 개최,480000,bbd083fcca9d30e7d8acb55fcda3d443417a935556d72099e9b7ca16755056ba,sheet1:R16,,,
bbd083fcca9d30e7-sheet1-R17,2026-05-12,busan-city,부울경초광역경제동맹추진본부 > 초광역기획과,어심횟집,현안 업무 추진 직원 노고 격려 간담회 추진,100000,bbd083fcca9d30e7d8acb55fcda3d443417a935556d72099e9b7ca16755056ba,sheet1:R17,,,
bbd083fcca9d30e7-sheet1-R18,2026-05-13,busan-city,부울경초광역경제동맹추진본부 > 초광역기획과,타이틴 라이브러리카페/(주)경청 시청역 지외 1,부울경 신규사업 협의를 위한 간담회 개최,119500,bbd083fcca9d30e7d8acb55fcda3d443417a935556d72099e9b7ca16755056ba,sheet1:R18,,,
bbd083fcca9d30e7-sheet1-R19,2026-05-13,busan-city,부울경초광역경제동맹추진본부 > 초광역기획과,코레일유통주식회사(부산역)외 1,’27년 초광역 신규사업 국비반영 건의 및 발전계획 회의참석자를 위한 물품 구입,91600,bbd083fcca9d30e7d8acb55fcda3d443417a935556d72099e9b7ca16755056ba,sheet1:R19,,,
bbd083fcca9d30e7-sheet1-R20,2026-05-13,busan-city,부울경초광역경제동맹추진본부 > 초광역기획과,할리스AK&세종점외 1,부울경 신규사업 협의를 위한 간담회 개최,107300,bbd083fcca9d30e7d8acb55fcda3d443417a935556d72099e9b7ca16755056ba,sheet1:R20,,,
bbd083fcca9d30e7-sheet1-R21,2026-05-14,busan-city,부울경초광역경제동맹추진본부 > 초광역기획과,애니핑거외 1,현안업무 추진 직원 노고 격려 간담회 개최,83450,bbd083fcca9d30e7d8acb55fcda3d443417a935556d72099e9b7ca16755056ba,sheet1:R21,,,
bbd083fcca9d30e7-sheet1-R22,2026-05-14,busan-city,부울경초광역경제동맹추진본부 > 초광역기획과,디퀄리타,부울경 초광역 사업 시도민 공감대 형성을 위한 간담회 개최,300000,bbd083fcca9d30e7d8acb55fcda3d443417a935556d72099e9b7ca16755056ba,sheet1:R22,,,
bbd083fcca9d30e7-sheet1-R23,2026-05-15,busan-city,부울경초광역경제동맹추진본부 > 초광역기획과,스타벅스 코리아외 1,초광역협력사업 추진 관련 간담회 개최,329200,bbd083fcca9d30e7d8acb55fcda3d443417a935556d72099e9b7ca16755056ba,sheet1:R23,,,
bbd083fcca9d30e7-sheet1-R24,2026-05-20,busan-city,부울경초광역경제동맹추진본부 > 초광역기획과,투썸플레이스부산시청점외 1,현안업무 추진 직원 격려 간담회 개최,120400,bbd083fcca9d30e7d8acb55fcda3d443417a935556d72099e9b7ca16755056ba,sheet1:R24,,,
bbd083fcca9d30e7-sheet1-R25,2026-05-20,busan-city,부울경초광역경제동맹추진본부 > 초광역기획과,비스트로 날마다대박나는집,부울경 초광역 사업 국비 대응 관련 간담회 개최,140500,bbd083fcca9d30e7d8acb55fcda3d443417a935556d72099e9b7ca16755056ba,sheet1:R25,,,
bbd083fcca9d30e7-sheet1-R26,2026-05-29,busan-city,부울경초광역경제동맹추진본부 > 초광역기획과,로우라이즈외 1,부울경 초광역 협력 사업 시도민 참여 활성화 방안 논의를 위한 간담회 개최,73000,bbd083fcca9d30e7d8acb55fcda3d443417a935556d72099e9b7ca16755056ba,sheet1:R26,,,
bbd083fcca9d30e7-sheet1-R27,2026-06-04,busan-city,부울경초광역경제동맹추진본부 > 초광역기획과,부용당,부울경 협력사업 추진 논의를 위한 간담회 개최,63000,bbd083fcca9d30e7d8acb55fcda3d443417a935556d72099e9b7ca16755056ba,sheet1:R27,,,
bbd083fcca9d30e7-sheet1-R28,2026-06-11,busan-city,부울경초광역경제동맹추진본부 > 초광역기획과,부용당,현안업무 추진 직원 격려 간담회 개최,84000,bbd083fcca9d30e7d8acb55fcda3d443417a935556d72099e9b7ca16755056ba,sheet1:R28,,,
bbd083fcca9d30e7-sheet1-R29,2026-06-15,busan-city,부울경초광역경제동맹추진본부 > 초광역기획과,타이틴 라이브러리카페/(주)경청 시청역 지외 1,부울경 협력사업 시도민 참여 활성화 방안 논의를 위한 간담회 개최,55900,bbd083fcca9d30e7d8acb55fcda3d443417a935556d72099e9b7ca16755056ba,sheet1:R29,,,
bbd083fcca9d30e7-sheet1-R30,2026-06-24,busan-city,부울경초광역경제동맹추진본부 > 초광역기획과,큐제외 1,부울경 협력사업 추진 관련 시도민 참여 활성화 방안 논의 간담회 개최,77400,bbd083fcca9d30e7d8acb55fcda3d443417a935556d72099e9b7ca16755056ba,sheet1:R30,,,
bbd083fcca9d30e7-sheet1-R31,2026-06-24,busan-city,부울경초광역경제동맹추진본부 > 초광역기획과,부용당,현안업무 추진 직원 격려 간담회 개최,75000,bbd083fcca9d30e7d8acb55fcda3d443417a935556d72099e9b7ca16755056ba,sheet1:R31,,,
bbd083fcca9d30e7-sheet1-R32,2026-06-24,busan-city,부울경초광역경제동맹추진본부 > 초광역기획과,어심횟집,부울경 협력사업 추진 논의를 위한 간담회 개최,360000,bbd083fcca9d30e7d8acb55fcda3d443417a935556d72099e9b7ca16755056ba,sheet1:R32,,,
bbd083fcca9d30e7-sheet1-R33,2026-06-30,busan-city,부울경초광역경제동맹추진본부 > 초광역기획과,룩셈블랑제리 시청본점외 1,현안업무 추진 직원 격려 간담회 개최,112500,bbd083fcca9d30e7d8acb55fcda3d443417a935556d72099e9b7ca16755056ba,sheet1:R33,,,
673d002a1c3fb85c-sheet1-R4,2026-04-17,busan-city,소방재난본부 > 구조구급과,오디오그라피,일상을 벗어나 음악과 함께하는 [쉼 한잔] / 구조구급과 자체행사,352000,673d002a1c3fb85c1880f772501a20b7e820f7ffa8ce995d1bbd840c372c1b82,sheet1:R4,,,
673d002a1c3fb85c-sheet1-R5,2026-05-21,busan-city,소방재난본부 > 구조구급과,풍미,기자 간담회,120000,673d002a1c3fb85c1880f772501a20b7e820f7ffa8ce995d1bbd840c372c1b82,sheet1:R5,,,
26772184489896b6-sheet1-R4,2026-04-02,busan-city,시민안전실 > 안전정책과,미남스시,시민안전실 직원 격려 간담회 개최,147000,26772184489896b61247955e9fe87989cb6a9ff90b5bcf762e63f3a44247ad75,sheet1:R4,,,
26772184489896b6-sheet1-R5,2026-05-13,busan-city,시민안전실 > 안전정책과,영래,시민안전실 직원 격려 간담회 개최,150000,26772184489896b61247955e9fe87989cb6a9ff90b5bcf762e63f3a44247ad75,sheet1:R5,,,
26772184489896b6-sheet1-R6,2026-05-15,busan-city,시민안전실 > 안전정책과,마파람 해물짐 해물탕 시청직영점,시민안전실 직원 격려 간담회 개최,300000,26772184489896b61247955e9fe87989cb6a9ff90b5bcf762e63f3a44247ad75,sheet1:R6,,,
26772184489896b6-sheet1-R7,2026-05-21,busan-city,시민안전실 > 안전정책과,정선에가면외1,시민안전실 직원 격려 간담회 개최,107000,26772184489896b61247955e9fe87989cb6a9ff90b5bcf762e63f3a44247ad75,sheet1:R7,,,
26772184489896b6-sheet1-R8,2026-05-27,busan-city,시민안전실 > 안전정책과,마조레,사회재난 대응 등 직원 노고 격려 간담회 개최,90000,26772184489896b61247955e9fe87989cb6a9ff90b5bcf762e63f3a44247ad75,sheet1:R8,,,
26772184489896b6-sheet1-R9,2026-06-01,busan-city,시민안전실 > 안전정책과,황해도,시민안전실 직원 격려 간담회 개최,100000,26772184489896b61247955e9fe87989cb6a9ff90b5bcf762e63f3a44247ad75,sheet1:R9,,,
26772184489896b6-sheet1-R10,2026-06-02,busan-city,시민안전실 > 안전정책과,취원,시민안전실 직원 격려 간담회 개최,300000,26772184489896b61247955e9fe87989cb6a9ff90b5bcf762e63f3a44247ad75,sheet1:R10,,,
26772184489896b6-sheet1-R11,2026-06-19,busan-city,시민안전실 > 안전정책과,파파존스피자부산시청점,시민안전실 직원 격려 간식 구입,174500,26772184489896b61247955e9fe87989cb6a9ff90b5bcf762e63f3a44247ad75,sheet1:R11,,,
26772184489896b6-sheet1-R12,2026-06-23,busan-city,시민안전실 > 안전정책과,브라가,시민안전실 직원 격려 차담회 개최,39800,26772184489896b61247955e9fe87989cb6a9ff90b5bcf762e63f3a44247ad75,sheet1:R12,,,
26772184489896b6-sheet1-R13,2026-04-08,busan-city,시민안전실 > 안전정책과,국립중앙박물관,해외기관 방문에 따른 기념품 구입,250000,26772184489896b61247955e9fe87989cb6a9ff90b5bcf762e63f3a44247ad75,sheet1:R13,,,
26772184489896b6-sheet1-R14,2026-04-08,busan-city,시민안전실 > 안전정책과,취원,안전관리분야 현안업무 추진을 위한 간담회 개최,117000,26772184489896b61247955e9fe87989cb6a9ff90b5bcf762e63f3a44247ad75,sheet1:R14,,,
26772184489896b6-sheet1-R15,2026-04-08,busan-city,시민안전실 > 안전정책과,수제국수(부산시청점),통합방위회의 참여기관 간담회 개최,180000,26772184489896b61247955e9fe87989cb6a9ff90b5bcf762e63f3a44247ad75,sheet1:R15,,,
26772184489896b6-sheet1-R16,2026-04-09,busan-city,시민안전실 > 안전정책과,멧집찌개,재난안전 관계기관 업무협의를 위한 간담회 개최,68000,26772184489896b61247955e9fe87989cb6a9ff90b5bcf762e63f3a44247ad75,sheet1:R16,,,
26772184489896b6-sheet1-R17,2026-04-14,busan-city,시민안전실 > 안전정책과,산청흑돼지,여름철 자연재난 사전대비 업무협의 간담회 개최,49000,26772184489896b61247955e9fe87989cb6a9ff90b5bcf762e63f3a44247ad75,sheet1:R17,,,
26772184489896b6-sheet1-R18,2026-04-14,busan-city,시민안전실 > 안전정책과,스타벅스 코리아,국민안전의 날 행사 업무협의 간담회 개최,33300,26772184489896b61247955e9fe87989cb6a9ff90b5bcf762e63f3a44247ad75,sheet1:R18,,,
26772184489896b6-sheet1-R19,2026-04-24,busan-city,시민안전실 > 안전정책과,풍미,민생침해범죄분야 수사 확대 관련 간담회 개최,210000,26772184489896b61247955e9fe87989cb6a9ff90b5bcf762e63f3a44247ad75,sheet1:R19,,,
26772184489896b6-sheet1-R20,2026-04-24,busan-city,시민안전실 > 안전정책과,금수복국 동래점,재난 대응 협력을 위한 업무협의 간담회 개최,250000,26772184489896b61247955e9fe87989cb6a9ff90b5bcf762e63f3a44247ad75,sheet1:R20,,,
26772184489896b6-sheet1-R21,2026-04-29,busan-city,시민안전실 > 안전정책과,선창횟집,재난안전상황실 업무 논의를 위한 간담회 개최,100000,26772184489896b61247955e9fe87989cb6a9ff90b5bcf762e63f3a44247ad75,sheet1:R21,,,
26772184489896b6-sheet1-R22,2026-04-30,busan-city,시민안전실 > 안전정책과,홍식당,재난안전 관계기관 업무협의 간담회 개최,62000,26772184489896b61247955e9fe87989cb6a9ff90b5bcf762e63f3a44247ad75,sheet1:R22,,,
26772184489896b6-sheet1-R23,2026-05-13,busan-city,시민안전실 > 안전정책과,부자회관 부산시청점,국제안전도시연구센터 수탁기관선정심의위원회 업무협의 간담회 개최,96000,26772184489896b61247955e9fe87989cb6a9ff90b5bcf762e63f3a44247ad75,sheet1:R23,,,
26772184489896b6-sheet1-R24,2026-05-13,busan-city,시민안전실 > 안전정책과,식당3선 연제점,안전관리분야 현안업무 추진을 위한 간담회 개최,144000,26772184489896b61247955e9fe87989cb6a9ff90b5bcf762e63f3a44247ad75,sheet1:R24,,,
26772184489896b6-sheet1-R25,2026-05-19,busan-city,시민안전실 > 안전정책과,이우철한방누룽지삼계탕부산점,화랑훈련 관련 업무협의 간담회 개최,64000,26772184489896b61247955e9fe87989cb6a9ff90b5bcf762e63f3a44247ad75,sheet1:R25,,,
26772184489896b6-sheet1-R26,2026-05-27,busan-city,시민안전실 > 안전정책과,국제식품,재난안전 관계기관 업무협의 간담회 개최,120000,26772184489896b61247955e9fe87989cb6a9ff90b5bcf762e63f3a44247ad75,sheet1:R26,,,
26772184489896b6-sheet1-R27,2026-05-29,busan-city,시민안전실 > 안전정책과,블루샥 커피외 1,BTS월드투어'아리랑'in부산 업무 관계자 간담회 개최,229400,26772184489896b61247955e9fe87989cb6a9ff90b5bcf762e63f3a44247ad75,sheet1:R27,,,
26772184489896b6-sheet1-R28,2026-06-11,busan-city,시민안전실 > 안전정책과,일품향,BTS 월드투어 '아리랑'in 부산 안전관리 업무추진을 위한 간담회 개최(1일차),322000,26772184489896b61247955e9fe87989cb6a9ff90b5bcf762e63f3a44247ad75,sheet1:R28,,,
26772184489896b6-sheet1-R29,2026-06-12,busan-city,시민안전실 > 안전정책과,손영환비빔국수,BTS 부산공연 인파사고 대비 안전관리 현장점검 추진을 위한 간담회 개최,47000,26772184489896b61247955e9fe87989cb6a9ff90b5bcf762e63f3a44247ad75,sheet1:R29,,,
26772184489896b6-sheet1-R30,2026-06-12,busan-city,시민안전실 > 안전정책과,손영환비빔국수외 1,"BTS 월드투어 '아리랑'in 부산 안전관리 업무추진을 위한 간담회 개최(2일차, 중식)",88800,26772184489896b61247955e9fe87989cb6a9ff90b5bcf762e63f3a44247ad75,sheet1:R30,,,
26772184489896b6-sheet1-R31,2026-06-15,busan-city,시민안전실 > 안전정책과,수제국수(부산시청점),화랑훈련 실무토의 참석자 간담회 개최,200000,26772184489896b61247955e9fe87989cb6a9ff90b5bcf762e63f3a44247ad75,sheet1:R31,,,
26772184489896b6-sheet1-R32,2026-06-15,busan-city,시민안전실 > 안전정책과,CJ CGV_예매(문화비)_오프라인 제휴외 4,2026년도 사회복무요원 간담회 및 격려행사 개최,1264700,26772184489896b61247955e9fe87989cb6a9ff90b5bcf762e63f3a44247ad75,sheet1:R32,,,
26772184489896b6-sheet1-R33,2026-06-17,busan-city,시민안전실 > 안전정책과,초원복국,지역안전 현안업무 논의를 위한 간담회 개최,102000,26772184489896b61247955e9fe87989cb6a9ff90b5bcf762e63f3a44247ad75,sheet1:R33,,,
26772184489896b6-sheet1-R34,2026-06-17,busan-city,시민안전실 > 안전정책과,풍미,재난안전 관계기관 업무협의 간담회 개최,100000,26772184489896b61247955e9fe87989cb6a9ff90b5bcf762e63f3a44247ad75,sheet1:R34,,,
26772184489896b6-sheet1-R35,2026-06-23,busan-city,시민안전실 > 안전정책과,수제국수(부산시청점),화랑훈련 중점 훈련과제 교육 및 실제연습 참여기관 간담회 개최,100000,26772184489896b61247955e9fe87989cb6a9ff90b5bcf762e63f3a44247ad75,sheet1:R35,,,
26772184489896b6-sheet1-R36,2026-06-24,busan-city,시민안전실 > 안전정책과,은화횟집2호점,원자력산업 워킹그룹 추진을 위한 간담회 개최,256000,26772184489896b61247955e9fe87989cb6a9ff90b5bcf762e63f3a44247ad75,sheet1:R36,,,
26772184489896b6-sheet1-R37,2026-06-25,busan-city,시민안전실 > 안전정책과,보말진칼국수김밥부산시청점,재난안전 관계기관 업무협의 간담회 개최,41000,26772184489896b61247955e9fe87989cb6a9ff90b5bcf762e63f3a44247ad75,sheet1:R37,,,
26772184489896b6-sheet1-R38,2026-06-26,busan-city,시민안전실 > 안전정책과,정초밥,안전관리분야 현안업무 추진을 위한 간담회 개최,200000,26772184489896b61247955e9fe87989cb6a9ff90b5bcf762e63f3a44247ad75,sheet1:R38,,,
26772184489896b6-sheet1-R39,2026-06-26,busan-city,시민안전실 > 안전정책과,주식회사 양산도,해군사관학교 제82기 연안실습전대 부산입항 환영행사 준비에 따른 간담회 개최,82000,26772184489896b61247955e9fe87989cb6a9ff90b5bcf762e63f3a44247ad75,sheet1:R39,,,
30850660dc062c43-sheet1-R5,2026-04-01,busan-city,사회복지국 > 장애인복지과,공무원매점,발달장애인 활동서비스 기관 방문 물품 구입,44000,30850660dc062c436a2d3db9e4e34c0e2789f7dd77a0995f5d5b662cd14bc66b,sheet1:R5,,,
30850660dc062c43-sheet1-R6,2026-04-18,busan-city,사회복지국 > 장애인복지과,식당3선 연제점,제13회 담쟁이날 걷기대회 행사 추진 격려 및 간담회,244000,30850660dc062c436a2d3db9e4e34c0e2789f7dd77a0995f5d5b662cd14bc66b,sheet1:R6,,,
30850660dc062c43-sheet1-R7,2026-04-19,busan-city,사회복지국 > 장애인복지과,대창인생,제46회 장애인의 날 기념 행사 추진 격려 및 간담회,145000,30850660dc062c436a2d3db9e4e34c0e2789f7dd77a0995f5d5b662cd14bc66b,sheet1:R7,,,
30850660dc062c43-sheet1-R8,2026-04-27,busan-city,사회복지국 > 장애인복지과,모모스커피 온천장점,발달장애인사업 벤치마킹을 위한 기관 방문 물품 구입,76700,30850660dc062c436a2d3db9e4e34c0e2789f7dd77a0995f5d5b662cd14bc66b,sheet1:R8,,,
30850660dc062c43-sheet1-R9,2026-06-23,busan-city,사회복지국 > 장애인복지과,식당3선 연제점,장애인복지과 직원 격려 간담회,574000,30850660dc062c436a2d3db9e4e34c0e2789f7dd77a0995f5d5b662cd14bc66b,sheet1:R9,,,
f72e85619c5203af-sheet1-R5,2026-04-03,busan-city,교통혁신국 > 트라이포트기획과,빨간등대,현안업무 추진 관계자 간담회 개최,120000,f72e85619c5203afddf9bc865b691e6b3cb98cf02a1e0ac3da412623efe31722,sheet1:R5,,,
f72e85619c5203af-sheet1-R6,2026-04-09,busan-city,교통혁신국 > 트라이포트기획과,한화커넥트㈜,현안업무 추진 관계자 간담회 개최,171000,f72e85619c5203afddf9bc865b691e6b3cb98cf02a1e0ac3da412623efe31722,sheet1:R6,,,
f72e85619c5203af-sheet1-R7,2026-06-10,busan-city,교통혁신국 > 트라이포트기획과,우나기만,현안업무 추진 관계자 간담회 개최,210000,f72e85619c5203afddf9bc865b691e6b3cb98cf02a1e0ac3da412623efe31722,sheet1:R7,,,
258904cfa6473e27-sheet1-R4,2026-04-03,busan-city,강서소방서 > 소방행정과,가람횟집,상시 소방훈련 선발대회 참가 직원 노고 격려 간담회,200000,258904cfa6473e27470e1168c3599e97d0243774f4c4904863b27621bfc5bad0,sheet1:R4,,,
258904cfa6473e27-sheet1-R5,2026-04-18,busan-city,강서소방서 > 소방행정과,개인(성명 비공개),직원 결혼 축의금,50000,258904cfa6473e27470e1168c3599e97d0243774f4c4904863b27621bfc5bad0,sheet1:R5,,,
258904cfa6473e27-sheet1-R6,2026-05-16,busan-city,강서소방서 > 소방행정과,개인(성명 비공개),직원 모친 별세,50000,258904cfa6473e27470e1168c3599e97d0243774f4c4904863b27621bfc5bad0,sheet1:R6,,,
258904cfa6473e27-sheet1-R7,2026-06-11,busan-city,강서소방서 > 소방행정과,사무실,2026년 상반기 퇴직 예정자 격려를 위한 상품권 구매,200000,258904cfa6473e27470e1168c3599e97d0243774f4c4904863b27621bfc5bad0,sheet1:R7,,,
258904cfa6473e27-sheet1-R8,2026-06-17,busan-city,강서소방서 > 소방행정과,명인황칠오리,2026년 상반기 퇴직예정자 간담회,258000,258904cfa6473e27470e1168c3599e97d0243774f4c4904863b27621bfc5bad0,sheet1:R8,,,
258904cfa6473e27-sheet1-R9,2026-06-26,busan-city,강서소방서 > 소방행정과,효돈까스,소속직원 화합 및 사기 앙양을 위한 격려 간담회 계획 보고,221600,258904cfa6473e27470e1168c3599e97d0243774f4c4904863b27621bfc5bad0,sheet1:R9,,,
19e8f2c81dfa8323-sheet1-R5,2026-04-03,busan-city,상수도사업본부 > 영도사업소,미진축산 영도 봉래점,요금부서 직원 노고 격려,150000,19e8f2c81dfa8323a9f52bfa0d493942ec74a403bb844caf2918aafb134fec56,sheet1:R5,,,
19e8f2c81dfa8323-sheet1-R6,2026-04-08,busan-city,상수도사업본부 > 영도사업소,주식회사 국제식품 초원농원,사업소 간 현안업무 노하우 공유 간담회,168000,19e8f2c81dfa8323a9f52bfa0d493942ec74a403bb844caf2918aafb134fec56,sheet1:R6,,,
19e8f2c81dfa8323-sheet1-R7,2026-05-15,busan-city,상수도사업본부 > 영도사업소,"이티튜드, 주식회사얼쑤, 쿠팡",다과류 등 구입,36460,19e8f2c81dfa8323a9f52bfa0d493942ec74a403bb844caf2918aafb134fec56,sheet1:R7,,,
19e8f2c81dfa8323-sheet1-R8,2026-05-20,busan-city,상수도사업본부 > 영도사업소,"목장원, 카페젤라떼리아 영도",업무협의 간담회,100000,19e8f2c81dfa8323a9f52bfa0d493942ec74a403bb844caf2918aafb134fec56,sheet1:R8,,,
19e8f2c81dfa8323-sheet1-R9,2026-06-05,busan-city,상수도사업본부 > 영도사업소,"바르미 부산서면점, 스타벅스 서면중앙점",사업소 간 현안업무 노하우 공유 간담회,95000,19e8f2c81dfa8323a9f52bfa0d493942ec74a403bb844caf2918aafb134fec56,sheet1:R9,,,
19e8f2c81dfa8323-sheet1-R10,2026-06-09,busan-city,상수도사업본부 > 영도사업소,영선불고기,2026년 상반기 퇴임 행사 직원 만찬,442000,19e8f2c81dfa8323a9f52bfa0d493942ec74a403bb844caf2918aafb134fec56,sheet1:R10,,,
19e8f2c81dfa8323-sheet1-R11,2026-06-24,busan-city,상수도사업본부 > 영도사업소,샤브20 영도점,2026년 순수365 물사랑가족 간담회,54800,19e8f2c81dfa8323a9f52bfa0d493942ec74a403bb844caf2918aafb134fec56,sheet1:R11,,,
5bb96f34f2dac8c6-sheet1-R4,2026-04-06,busan-city,사상소방서 > 소방행정과,00장례식장,소속 직원 조의금 지급,50000,5bb96f34f2dac8c60d54eda991effb34f4f552fa2f63dd556cd9bbffd1f3a4a3,sheet1:R4,,,
5bb96f34f2dac8c6-sheet1-R5,2026-04-16,busan-city,사상소방서 > 소방행정과,00웨딩홀,소속 직원 축의금 지급,50000,5bb96f34f2dac8c60d54eda991effb34f4f552fa2f63dd556cd9bbffd1f3a4a3,sheet1:R5,,,
5bb96f34f2dac8c6-sheet1-R6,2026-04-24,busan-city,사상소방서 > 소방행정과,00장례식장,소속 직원 조의금 지급,50000,5bb96f34f2dac8c60d54eda991effb34f4f552fa2f63dd556cd9bbffd1f3a4a3,sheet1:R6,,,
5bb96f34f2dac8c6-sheet1-R7,2026-05-07,busan-city,사상소방서 > 소방행정과,사상소방서,제39회 전국소방기술경연대회 참가 직원 격려금 지급,100000,5bb96f34f2dac8c60d54eda991effb34f4f552fa2f63dd556cd9bbffd1f3a4a3,sheet1:R7,,,
5bb96f34f2dac8c6-sheet1-R8,2026-05-12,busan-city,사상소방서 > 소방행정과,사상소방서 관내 식당,사상소방서 내근 직원(소방위 이하) 간담회 개최,300000,5bb96f34f2dac8c60d54eda991effb34f4f552fa2f63dd556cd9bbffd1f3a4a3,sheet1:R8,,,
5bb96f34f2dac8c6-sheet1-R9,2026-05-19,busan-city,사상소방서 > 소방행정과,사상소방서 관내 식당,신규 구급대원 멘토링 소통 간담회 개최,179300,5bb96f34f2dac8c60d54eda991effb34f4f552fa2f63dd556cd9bbffd1f3a4a3,sheet1:R9,,,
5bb96f34f2dac8c6-sheet1-R10,2026-05-21,busan-city,사상소방서 > 소방행정과,00웨딩홀,소속 직원 축의금 지급,50000,5bb96f34f2dac8c60d54eda991effb34f4f552fa2f63dd556cd9bbffd1f3a4a3,sheet1:R10,,,
5bb96f34f2dac8c6-sheet1-R11,2026-05-27,busan-city,사상소방서 > 소방행정과,사상소방서 관내 식당,"사상소방서 직원(령, 경) 간담회 개최",300000,5bb96f34f2dac8c60d54eda991effb34f4f552fa2f63dd556cd9bbffd1f3a4a3,sheet1:R11,,,
5bb96f34f2dac8c6-sheet1-R12,2026-05-29,busan-city,사상소방서 > 소방행정과,사상소방서 관내 식당,예방안전과 간담회 실시,360000,5bb96f34f2dac8c60d54eda991effb34f4f552fa2f63dd556cd9bbffd1f3a4a3,sheet1:R12,,,
5bb96f34f2dac8c6-sheet1-R13,2026-06-08,busan-city,사상소방서 > 소방행정과,사상소방서,제16회 소방재난본부장기 테니스대회 참가 직원 격려금 지급,200000,5bb96f34f2dac8c60d54eda991effb34f4f552fa2f63dd556cd9bbffd1f3a4a3,sheet1:R13,,,
5bb96f34f2dac8c6-sheet1-R14,2026-06-09,busan-city,사상소방서 > 소방행정과,00웨딩홀,소속 직원 축의금 지급,50000,5bb96f34f2dac8c60d54eda991effb34f4f552fa2f63dd556cd9bbffd1f3a4a3,sheet1:R14,,,
5bb96f34f2dac8c6-sheet1-R15,2026-06-10,busan-city,사상소방서 > 소방행정과,00웨딩홀,소속 직원 축의금 지급,50000,5bb96f34f2dac8c60d54eda991effb34f4f552fa2f63dd556cd9bbffd1f3a4a3,sheet1:R15,,,
5bb96f34f2dac8c6-sheet1-R16,2026-06-18,busan-city,사상소방서 > 소방행정과,사상소방서 관내 식당,2026년 사상구 재난 대응 긴급구조통제단 가동 협의 간담회 개최,400000,5bb96f34f2dac8c60d54eda991effb34f4f552fa2f63dd556cd9bbffd1f3a4a3,sheet1:R16,,,
cdd0eb70ca2b3c38-sheet1-R4,2026-04-17,busan-city,인재개발원 > 전문교육과,솔밭식당 경북 안동시,시·도 지방공무원교육원 교육훈련 프로그램 공유 간담회,57000,cdd0eb70ca2b3c38280ffce396035ba8cd7fd06318e3314c084aa812b894dbce,sheet1:R4,,,
cdd0eb70ca2b3c38-sheet1-R5,2026-05-21,busan-city,인재개발원 > 전문교육과,파리바게트 금곡점,전문교육 관련 전문가 간담회 개최,100000,cdd0eb70ca2b3c38280ffce396035ba8cd7fd06318e3314c084aa812b894dbce,sheet1:R5,,,
cdd0eb70ca2b3c38-sheet1-R6,2026-06-05,busan-city,인재개발원 > 전문교육과,구자윤과자점 부산시청,부산형 특화 이러닝 콘텐츠 개발 착수보고회 다과 구입,154700,cdd0eb70ca2b3c38280ffce396035ba8cd7fd06318e3314c084aa812b894dbce,sheet1:R6,,,
cdd0eb70ca2b3c38-sheet1-R7,2026-06-24,busan-city,인재개발원 > 전문교육과,첸차이나 금곡점,전문교육 운영 전문가 간담회 개최,240000,cdd0eb70ca2b3c38280ffce396035ba8cd7fd06318e3314c084aa812b894dbce,sheet1:R7,,,
cdd0eb70ca2b3c38-sheet1-R8,2026-06-30,busan-city,인재개발원 > 전문교육과,파리바게트 금곡점,교육운영 의견수렴을 위한 간담회 개최,150000,cdd0eb70ca2b3c38280ffce396035ba8cd7fd06318e3314c084aa812b894dbce,sheet1:R8,,,
9fbbe0bfbf9a3228-sheet1-R5,2026-04-13,busan-city,보건환경연구원 > 동물위생시험소 > 방역팀,샤브20동래점,가축방역 유관 기관과의 업무추진 간담회 개최,297700,9fbbe0bfbf9a32281a7069843e7e180dff5bd68eb80064afe80326fed3b53ad0,sheet1:R5,,,
9fbbe0bfbf9a3228-sheet1-R6,2026-05-29,busan-city,보건환경연구원 > 동물위생시험소 > 방역팀,오(Oh!) 손정보쌈 부산화명점,가축방역 유관 기관과의 업무추진 간담회 개최,158300,9fbbe0bfbf9a32281a7069843e7e180dff5bd68eb80064afe80326fed3b53ad0,sheet1:R6,,,
9fbbe0bfbf9a3228-sheet1-R7,2026-06-05,busan-city,보건환경연구원 > 동물위생시험소 > 방역팀,롯데마트,2026년 상반기 부산광역시 가축전염병 예찰협의회 개최에 따른 다과 구입,66410,9fbbe0bfbf9a32281a7069843e7e180dff5bd68eb80064afe80326fed3b53ad0,sheet1:R7,,,
9fbbe0bfbf9a3228-sheet1-R8,2026-06-10,busan-city,보건환경연구원 > 동물위생시험소 > 방역팀,미남스시,현안업무 추진을 위한 유관기관 관계자 간담회 개최,348000,9fbbe0bfbf9a32281a7069843e7e180dff5bd68eb80064afe80326fed3b53ad0,sheet1:R8,,,
9fbbe0bfbf9a3228-sheet1-R9,2026-06-18,busan-city,보건환경연구원 > 동물위생시험소 > 방역팀,파스타바니타화명점,현안업무 추진을 위한 유관기관 관게자 간담회 개최,64300,9fbbe0bfbf9a32281a7069843e7e180dff5bd68eb80064afe80326fed3b53ad0,sheet1:R9,,,
9fbbe0bfbf9a3228-sheet1-R10,2026-06-19,busan-city,보건환경연구원 > 동물위생시험소 > 방역팀,툇마루,2026년 상반기 간부공무원 퇴임식 개최,630000,9fbbe0bfbf9a32281a7069843e7e180dff5bd68eb80064afe80326fed3b53ad0,sheet1:R10,,,
373b6102f5dfd846-sheet1-R4,2026-04-07,busan-city,디지털경제실 > 첨단산업국 > 미래에너지산업과,꿈앤카페지방자치회관점/사단법인 세종특별외 1,에너지신산업 현안사업 관련 기후부 관계자 간담회 개최,109000,373b6102f5dfd846d105ccb3d0c8d9e532aad3a60950dff0748ac79bbcc37ba2,sheet1:R4,,,
373b6102f5dfd846-sheet1-R5,2026-05-06,busan-city,디지털경제실 > 첨단산업국 > 미래에너지산업과,제일옥곰탕,햇빛소득마을 사업 추진 및 활성화 관련 간담회 개최,360000,373b6102f5dfd846d105ccb3d0c8d9e532aad3a60950dff0748ac79bbcc37ba2,sheet1:R5,,,
373b6102f5dfd846-sheet1-R6,2026-05-13,busan-city,디지털경제실 > 첨단산업국 > 미래에너지산업과,코레일유통주식회사(오송역)외 1,에너지신산업 발굴 관련 기후부 관계자 간담회 개최,52700,373b6102f5dfd846d105ccb3d0c8d9e532aad3a60950dff0748ac79bbcc37ba2,sheet1:R6,,,
373b6102f5dfd846-sheet1-R7,2026-05-18,busan-city,디지털경제실 > 첨단산업국 > 미래에너지산업과,스타벅스 코리아,당면 현안사업 논의를 위한 주요 참여기업 간담회 개최,41500,373b6102f5dfd846d105ccb3d0c8d9e532aad3a60950dff0748ac79bbcc37ba2,sheet1:R7,,,
373b6102f5dfd846-sheet1-R8,2026-05-20,busan-city,디지털경제실 > 첨단산업국 > 미래에너지산업과,제일옥곰탕,신재생에너지보급(융복합지원)사업 공모 대응 방안 및 추진 협의,270000,373b6102f5dfd846d105ccb3d0c8d9e532aad3a60950dff0748ac79bbcc37ba2,sheet1:R8,,,
373b6102f5dfd846-sheet1-R9,2026-06-12,busan-city,디지털경제실 > 첨단산업국 > 미래에너지산업과,초심한우정,햇빛소득마을 추진 협의,175000,373b6102f5dfd846d105ccb3d0c8d9e532aad3a60950dff0748ac79bbcc37ba2,sheet1:R9,,,
373b6102f5dfd846-sheet1-R10,2026-06-22,busan-city,디지털경제실 > 첨단산업국 > 미래에너지산업과,메이리,당면 현안사업 논의를 위한 주요 참여기업 간담회 개최,175000,373b6102f5dfd846d105ccb3d0c8d9e532aad3a60950dff0748ac79bbcc37ba2,sheet1:R10,,,
00ef992b23a8f8fa-sheet1-R2,2026-04-15,busan-city,소방재난본부 > 재난예방담당관,이비가짬뽕(센텀2로29),2026년 아파트 화재예방정책 홍보 관련 간담회 개최,150000,00ef992b23a8f8fa3bd033e22a2066067c2b56234c8b39cdaa70367936d5fff9,sheet1:R2,,,
4ed9e05bf6ebb8ca-sheet1-R4,2026-04-30,busan-city,시민안전실 > 특별사법경찰과,은화횟집2호점,특별사법경찰 광역협의체 간담회 개최,440000,4ed9e05bf6ebb8cae3eebf558896ff6b98587c1bd7c66077dd0ec0fe95074e54,sheet1:R4,,,
4ed9e05bf6ebb8ca-sheet1-R5,2026-05-19,busan-city,시민안전실 > 특별사법경찰과,올리바,특사경 관련 유관기관 협조 업무추진 간담회 개최,200000,4ed9e05bf6ebb8cae3eebf558896ff6b98587c1bd7c66077dd0ec0fe95074e54,sheet1:R5,,,
4ed9e05bf6ebb8ca-sheet1-R6,2026-06-05,busan-city,시민안전실 > 특별사법경찰과,돈풍각,특별사법경찰 업무추진 간담회 개최,495000,4ed9e05bf6ebb8cae3eebf558896ff6b98587c1bd7c66077dd0ec0fe95074e54,sheet1:R6,,,
72f66b3cce8aca79-sheet1-R4,2026-04-21,busan-city,기획조정실 > 재정관 > 공공기관담당관,녹산횟집,공공기관 경영평가 관련 간담회 개최,108000,72f66b3cce8aca7943a852390445a2ef8856080b6865aae916aa1194ae28d118,sheet1:R4,,,
72f66b3cce8aca79-sheet1-R5,2026-05-20,busan-city,기획조정실 > 재정관 > 공공기관담당관,코레일유통주식회사(부산역),업무추진 유관기관 협조를 위한 기념품 구입,76000,72f66b3cce8aca7943a852390445a2ef8856080b6865aae916aa1194ae28d118,sheet1:R5,,,
e15d7ad2827f8196-sheet1-R4,2026-04-08,busan-city,기획조정실 > 재정관 > 세정정책담당관,영의정,세원확충을 위한 간담회 개최(2026.04.08.),320000,e15d7ad2827f8196cb0e0a2a263a7b57db9e3f7ecb44cd7c1677b7805f656d27,sheet1:R4,,,
e15d7ad2827f8196-sheet1-R5,2026-04-08,busan-city,기획조정실 > 재정관 > 세정정책담당관,파리바게뜨 역삼포스틸,세원확충을 위한 간담회 개최(2026.04.08.),53800,e15d7ad2827f8196cb0e0a2a263a7b57db9e3f7ecb44cd7c1677b7805f656d27,sheet1:R5,,,
e15d7ad2827f8196-sheet1-R6,2026-04-14,busan-city,기획조정실 > 재정관 > 세정정책담당관,육관소양재역본점,세원확충을 위한 간담회 개최(2026.04.14.),96000,e15d7ad2827f8196cb0e0a2a263a7b57db9e3f7ecb44cd7c1677b7805f656d27,sheet1:R6,,,
e15d7ad2827f8196-sheet1-R7,2026-04-14,busan-city,기획조정실 > 재정관 > 세정정책담당관,뚜레쥬르 구의역,세원확충을 위한 간담회 개최(2026.04.14.),53750,e15d7ad2827f8196cb0e0a2a263a7b57db9e3f7ecb44cd7c1677b7805f656d27,sheet1:R7,,,
e15d7ad2827f8196-sheet1-R8,2026-04-16,busan-city,기획조정실 > 재정관 > 세정정책담당관,멧집찌개,세원확충을 위한 간담회 개최(2026.04.16.),203000,e15d7ad2827f8196cb0e0a2a263a7b57db9e3f7ecb44cd7c1677b7805f656d27,sheet1:R8,,,
e15d7ad2827f8196-sheet1-R9,2026-04-21,busan-city,기획조정실 > 재정관 > 세정정책담당관,김영모과자점,등록대행사 업무 간담회 개최 계획,184500,e15d7ad2827f8196cb0e0a2a263a7b57db9e3f7ecb44cd7c1677b7805f656d27,sheet1:R9,,,
e15d7ad2827f8196-sheet1-R10,2026-05-12,busan-city,기획조정실 > 재정관 > 세정정책담당관,뚜레쥬르 카페 서대문역점,세원확충을 위한 간담회 개최(2026.05.12.),44900,e15d7ad2827f8196cb0e0a2a263a7b57db9e3f7ecb44cd7c1677b7805f656d27,sheet1:R10,,,
e15d7ad2827f8196-sheet1-R11,2026-05-12,busan-city,기획조정실 > 재정관 > 세정정책담당관,나폴레옹베이커리 여의도 아이에프씨몰점,세원확충을 위한 간담회 개최(2026.05.12.),46100,e15d7ad2827f8196cb0e0a2a263a7b57db9e3f7ecb44cd7c1677b7805f656d27,sheet1:R11,,,
e15d7ad2827f8196-sheet1-R12,2026-05-12,busan-city,기획조정실 > 재정관 > 세정정책담당관,(주)보나비,세원확충을 위한 간담회 개최(2026.05.12.),38700,e15d7ad2827f8196cb0e0a2a263a7b57db9e3f7ecb44cd7c1677b7805f656d27,sheet1:R12,,,
e15d7ad2827f8196-sheet1-R13,2026-05-12,busan-city,기획조정실 > 재정관 > 세정정책담당관,하남돼지집 역삼1호점,세원확충을 위한 간담회 개최(2026.05.12.),157000,e15d7ad2827f8196cb0e0a2a263a7b57db9e3f7ecb44cd7c1677b7805f656d27,sheet1:R13,,,
e15d7ad2827f8196-sheet1-R14,2026-05-19,busan-city,기획조정실 > 재정관 > 세정정책담당관,금수복국 본점,지방세 시책추진 관련 간담회 개최,396000,e15d7ad2827f8196cb0e0a2a263a7b57db9e3f7ecb44cd7c1677b7805f656d27,sheet1:R14,,,
e15d7ad2827f8196-sheet1-R15,2026-05-20,busan-city,기획조정실 > 재정관 > 세정정책담당관,유니푸릇제주본점,세원확충을 위한 간담회 개최(2026.05.20.),215000,e15d7ad2827f8196cb0e0a2a263a7b57db9e3f7ecb44cd7c1677b7805f656d27,sheet1:R15,,,
e15d7ad2827f8196-sheet1-R16,2026-05-26,busan-city,기획조정실 > 재정관 > 세정정책담당관,파리바게뜨 수서점,세원확충을 위한 간담회 개최(2026.05.26.),94400,e15d7ad2827f8196cb0e0a2a263a7b57db9e3f7ecb44cd7c1677b7805f656d27,sheet1:R16,,,
e15d7ad2827f8196-sheet1-R17,2026-05-26,busan-city,기획조정실 > 재정관 > 세정정책담당관,삼미집,세원확충을 위한 간담회 개최(2026.05.26.),275000,e15d7ad2827f8196cb0e0a2a263a7b57db9e3f7ecb44cd7c1677b7805f656d27,sheet1:R17,,,
e15d7ad2827f8196-sheet1-R18,2026-06-08,busan-city,기획조정실 > 재정관 > 세정정책담당관,오봉집 서면전포점,세원확충을 위한 간담회 개최(2026.06.08.),208000,e15d7ad2827f8196cb0e0a2a263a7b57db9e3f7ecb44cd7c1677b7805f656d27,sheet1:R18,,,
e15d7ad2827f8196-sheet1-R19,2026-06-11,busan-city,기획조정실 > 재정관 > 세정정책담당관,연산정,2026년 기업지원 세정 설명회 업무 관련 간담회,88000,e15d7ad2827f8196cb0e0a2a263a7b57db9e3f7ecb44cd7c1677b7805f656d27,sheet1:R19,,,
e15d7ad2827f8196-sheet1-R20,2026-06-12,busan-city,기획조정실 > 재정관 > 세정정책담당관,미즈 장승진,세원확충을 위한 간담회 개최(2026.06.12.),149500,e15d7ad2827f8196cb0e0a2a263a7b57db9e3f7ecb44cd7c1677b7805f656d27,sheet1:R20,,,
e15d7ad2827f8196-sheet1-R21,2026-06-15,busan-city,기획조정실 > 재정관 > 세정정책담당관,홍식당,세원확충을 위한 간담회 개최(2026.06.15.),329000,e15d7ad2827f8196cb0e0a2a263a7b57db9e3f7ecb44cd7c1677b7805f656d27,sheet1:R21,,,
e15d7ad2827f8196-sheet1-R22,2026-06-16,busan-city,기획조정실 > 재정관 > 세정정책담당관,폴바셋 강남구청역점/엠즈씨드 주식회사,등록대행사 업무 간담회 개최 계획(26.6.16.),186900,e15d7ad2827f8196cb0e0a2a263a7b57db9e3f7ecb44cd7c1677b7805f656d27,sheet1:R22,,,
e15d7ad2827f8196-sheet1-R23,2026-06-22,busan-city,기획조정실 > 재정관 > 세정정책담당관,낙원커피,세원확충을 위한 간담회 개최(2026.06.22.),34500,e15d7ad2827f8196cb0e0a2a263a7b57db9e3f7ecb44cd7c1677b7805f656d27,sheet1:R23,,,
e15d7ad2827f8196-sheet1-R24,2026-06-22,busan-city,기획조정실 > 재정관 > 세정정책담당관,명동역 남산파리바게뜨,세원확충을 위한 간담회 개최(2026.06.22.),43900,e15d7ad2827f8196cb0e0a2a263a7b57db9e3f7ecb44cd7c1677b7805f656d27,sheet1:R24,,,
e15d7ad2827f8196-sheet1-R25,2026-06-22,busan-city,기획조정실 > 재정관 > 세정정책담당관,열,세원확충을 위한 간담회 개최(2026.06.22.),276000,e15d7ad2827f8196cb0e0a2a263a7b57db9e3f7ecb44cd7c1677b7805f656d27,sheet1:R25,,,
e15d7ad2827f8196-sheet1-R26,2026-06-24,busan-city,기획조정실 > 재정관 > 세정정책담당관,수제국수(부산시청점),효율적인 온라인수납업무 추진을 위한 간담회 개최,180000,e15d7ad2827f8196cb0e0a2a263a7b57db9e3f7ecb44cd7c1677b7805f656d27,sheet1:R26,,,
cff040a910613a4b-sheet1-R3,2026-04-01,busan-city,해양농수산국 > 해운항만과,부산에뜬고등어시청점,글로벌 녹색해운항로 구축 관련 업무협의 간담회,82000,cff040a910613a4b0733e4ca75edbf0bca1eb3c1dee5d7627994fe6dba81a772,sheet1:R3,,,
cff040a910613a4b-sheet1-R4,2026-04-02,busan-city,해양농수산국 > 해운항만과,월남면반 시청점,항만물류 활성화를 위한 관계기관 간담회 개최,158000,cff040a910613a4b0733e4ca75edbf0bca1eb3c1dee5d7627994fe6dba81a772,sheet1:R4,,,
cff040a910613a4b-sheet1-R5,2026-04-07,busan-city,해양농수산국 > 해운항만과,"천마370, 김해집",항만건설 추진 등 현안사업 관련 간담회 개최,124000,cff040a910613a4b0733e4ca75edbf0bca1eb3c1dee5d7627994fe6dba81a772,sheet1:R5,,,
cff040a910613a4b-sheet1-R6,2026-04-10,busan-city,해양농수산국 > 해운항만과,"우나기 만, 딥커피스트릿",시 현안업무 추진 유관기관 간담회 개최,109000,cff040a910613a4b0733e4ca75edbf0bca1eb3c1dee5d7627994fe6dba81a772,sheet1:R6,,,
cff040a910613a4b-sheet1-R7,2026-04-15,busan-city,해양농수산국 > 해운항만과,"유명한 물레복국, 폴인커피",시 현안업무 추진을 위한 관계기관 간담회 개최,159000,cff040a910613a4b0733e4ca75edbf0bca1eb3c1dee5d7627994fe6dba81a772,sheet1:R7,,,
cff040a910613a4b-sheet1-R8,2026-04-16,busan-city,해양농수산국 > 해운항만과,"감포참가자미, 폴인커피",세계항구도시협회 업무 추진 관계기관 간담회 개최,101500,cff040a910613a4b0733e4ca75edbf0bca1eb3c1dee5d7627994fe6dba81a772,sheet1:R8,,,
cff040a910613a4b-sheet1-R9,2026-04-21,busan-city,해양농수산국 > 해운항만과,"구자윤 베이커리, 우나기 만",항만재개발 등 업무협의를 위한 간담회 개최,140000,cff040a910613a4b0733e4ca75edbf0bca1eb3c1dee5d7627994fe6dba81a772,sheet1:R9,,,
cff040a910613a4b-sheet1-R10,2026-04-23,busan-city,해양농수산국 > 해운항만과,우나기 만,북극항로 개척 관련 현안 논의 간담회 개최,183000,cff040a910613a4b0733e4ca75edbf0bca1eb3c1dee5d7627994fe6dba81a772,sheet1:R10,,,
cff040a910613a4b-sheet1-R11,2026-04-28,busan-city,해양농수산국 > 해운항만과,"구자윤 베이커리, 돈풍각",북극항로 개척 추진 관련 업무협의 간담회 개최,474000,cff040a910613a4b0733e4ca75edbf0bca1eb3c1dee5d7627994fe6dba81a772,sheet1:R11,,,
cff040a910613a4b-sheet1-R12,2026-04-28,busan-city,해양농수산국 > 해운항만과,다올복집,"「북극항로 시대 대비, 대학생 토크콘서트」관련 간담회 개최",140000,cff040a910613a4b0733e4ca75edbf0bca1eb3c1dee5d7627994fe6dba81a772,sheet1:R12,,,
cff040a910613a4b-sheet1-R13,2026-05-06,busan-city,해양농수산국 > 해운항만과,스타벅스,「부산 북극항로 개척 TF」회의에 따른 음료 구입,159800,cff040a910613a4b0733e4ca75edbf0bca1eb3c1dee5d7627994fe6dba81a772,sheet1:R13,,,
cff040a910613a4b-sheet1-R14,2026-05-07,busan-city,해양농수산국 > 해운항만과,마파람 해물찜 해물탕 시청직영점,부산항 경쟁력 강화를 위한 현안 논의 간담회 개최,147000,cff040a910613a4b0733e4ca75edbf0bca1eb3c1dee5d7627994fe6dba81a772,sheet1:R14,,,
cff040a910613a4b-sheet1-R15,2026-05-14,busan-city,해양농수산국 > 해운항만과,"사해방, 브라운핸즈 백제",시 현안업무 추진을 위한 관계기관 간담회 개최,198000,cff040a910613a4b0733e4ca75edbf0bca1eb3c1dee5d7627994fe6dba81a772,sheet1:R15,,,
cff040a910613a4b-sheet1-R16,2026-05-19,busan-city,해양농수산국 > 해운항만과,"Albert Hejin 3138, BAVET ANTWERPEN",「2027 세계항구도시협회 총회 부산 유치」를 위한 간담회 개최,334680,cff040a910613a4b0733e4ca75edbf0bca1eb3c1dee5d7627994fe6dba81a772,sheet1:R16,,,
cff040a910613a4b-sheet1-R17,2026-06-15,busan-city,해양농수산국 > 해운항만과,"다올복집, 카페일리터 동구점",항만기본계획 현안 관련 간담회 개최,155900,cff040a910613a4b0733e4ca75edbf0bca1eb3c1dee5d7627994fe6dba81a772,sheet1:R17,,,
cff040a910613a4b-sheet1-R18,2026-06-16,busan-city,해양농수산국 > 해운항만과,해브어나이스데이 부산진역점,해운항만과 현안 업무 논의를 위한 차담회 개최,60000,cff040a910613a4b0733e4ca75edbf0bca1eb3c1dee5d7627994fe6dba81a772,sheet1:R18,,,
cff040a910613a4b-sheet1-R19,2026-06-25,busan-city,해양농수산국 > 해운항만과,"종가집꼬리곰탕, 제로베이크샵",해운항만과 현안 업무 논의를 위한 간담회 개최,132000,cff040a910613a4b0733e4ca75edbf0bca1eb3c1dee5d7627994fe6dba81a772,sheet1:R19,,,
20fa5b3f92cf4168-sheet1-R5,2026-04-02,busan-city,부산진소방서 > 소방행정과,OO결혼식장,축의금 지급,50000,20fa5b3f92cf4168d6f2969f0f4ec39b8750c987d4e3325219a5197943c48a33,sheet1:R5,,,
20fa5b3f92cf4168-sheet1-R6,2026-04-15,busan-city,부산진소방서 > 소방행정과,OO장례식장,조의금 지급,50000,20fa5b3f92cf4168d6f2969f0f4ec39b8750c987d4e3325219a5197943c48a33,sheet1:R6,,,
20fa5b3f92cf4168-sheet1-R7,2026-04-15,busan-city,부산진소방서 > 소방행정과,OO결혼식장,축의금 지급,50000,20fa5b3f92cf4168d6f2969f0f4ec39b8750c987d4e3325219a5197943c48a33,sheet1:R7,,,
20fa5b3f92cf4168-sheet1-R8,2026-04-15,busan-city,부산진소방서 > 소방행정과,OO결혼식장,축의금 지급,50000,20fa5b3f92cf4168d6f2969f0f4ec39b8750c987d4e3325219a5197943c48a33,sheet1:R8,,,
20fa5b3f92cf4168-sheet1-R9,2026-04-30,busan-city,부산진소방서 > 소방행정과,OO결혼식장,축의금 지급,50000,20fa5b3f92cf4168d6f2969f0f4ec39b8750c987d4e3325219a5197943c48a33,sheet1:R9,,,
20fa5b3f92cf4168-sheet1-R10,2026-05-14,busan-city,부산진소방서 > 소방행정과,OO결혼식장,축의금 지급,50000,20fa5b3f92cf4168d6f2969f0f4ec39b8750c987d4e3325219a5197943c48a33,sheet1:R10,,,
20fa5b3f92cf4168-sheet1-R11,2026-05-19,busan-city,부산진소방서 > 소방행정과,로터리집(민락동 소재),2026년 기자 설명회(간담회) 개최,224000,20fa5b3f92cf4168d6f2969f0f4ec39b8750c987d4e3325219a5197943c48a33,sheet1:R11,,,
20fa5b3f92cf4168-sheet1-R12,2026-05-26,busan-city,부산진소방서 > 소방행정과,OO장례식장,조의금 지급,50000,20fa5b3f92cf4168d6f2969f0f4ec39b8750c987d4e3325219a5197943c48a33,sheet1:R12,,,
20fa5b3f92cf4168-sheet1-R13,2026-05-27,busan-city,부산진소방서 > 소방행정과,홍화반점(전포동 소재),긴급구조종합훈련 및 다수사상자훈련에 따른 관련부서 직원 노고 격려 간담회,135000,20fa5b3f92cf4168d6f2969f0f4ec39b8750c987d4e3325219a5197943c48a33,sheet1:R13,,,
20fa5b3f92cf4168-sheet1-R14,2026-06-09,busan-city,부산진소방서 > 소방행정과,OO장례식장,조의금 지급,50000,20fa5b3f92cf4168d6f2969f0f4ec39b8750c987d4e3325219a5197943c48a33,sheet1:R14,,,
20fa5b3f92cf4168-sheet1-R15,2026-06-12,busan-city,부산진소방서 > 소방행정과,OO장례식장,조의금 지급,50000,20fa5b3f92cf4168d6f2969f0f4ec39b8750c987d4e3325219a5197943c48a33,sheet1:R15,,,
20fa5b3f92cf4168-sheet1-R16,2026-06-12,busan-city,부산진소방서 > 소방행정과,OO장례식장,조의금 지급,50000,20fa5b3f92cf4168d6f2969f0f4ec39b8750c987d4e3325219a5197943c48a33,sheet1:R16,,,
d7c6422a6f0deeb9-sheet1-R5,2026-04-17,busan-city,청년산학국 > 청년정책과,만성횟집,청년산학 업무 추진 및 현안 논의를 위한 간담회 개최(04.17.),110000,d7c6422a6f0deeb97b6338fdca5e42806a7c75e09da4f7f6eb4184d5a59633db,sheet1:R5,,,
d7c6422a6f0deeb9-sheet1-R6,2026-04-22,busan-city,청년산학국 > 청년정책과,카페가온비 외 1,부산광역시 청년정책조정위원회 회의 개최에 따른 다과 구입,480000,d7c6422a6f0deeb97b6338fdca5e42806a7c75e09da4f7f6eb4184d5a59633db,sheet1:R6,,,
d7c6422a6f0deeb9-sheet1-R7,2026-04-27,busan-city,청년산학국 > 청년정책과,엘까르니따스 외 1,2026 부산스텝업댄스페스티벌(예선) 운영을 위한 업무추진 간담회 개최(4.25.~26.),157800,d7c6422a6f0deeb97b6338fdca5e42806a7c75e09da4f7f6eb4184d5a59633db,sheet1:R7,,,
d7c6422a6f0deeb9-sheet1-R8,2026-04-28,busan-city,청년산학국 > 청년정책과,풍미,청년산학 업무 기획 및 추진 논의를 위한 간담회 개최(4.28.),250000,d7c6422a6f0deeb97b6338fdca5e42806a7c75e09da4f7f6eb4184d5a59633db,sheet1:R8,,,
d7c6422a6f0deeb9-sheet1-R9,2026-04-29,busan-city,청년산학국 > 청년정책과,파파존스피자부산시청점,현안업무 추진 직원 노고 격려 간식 구입(04.29.),277800,d7c6422a6f0deeb97b6338fdca5e42806a7c75e09da4f7f6eb4184d5a59633db,sheet1:R9,,,
d7c6422a6f0deeb9-sheet1-R10,2026-04-29,busan-city,청년산학국 > 청년정책과,까페 멜로우 외 1,청년산학 업무 기획 및 추진 논의를 위한 간담회 개최(4.29.),117000,d7c6422a6f0deeb97b6338fdca5e42806a7c75e09da4f7f6eb4184d5a59633db,sheet1:R10,,,
d7c6422a6f0deeb9-sheet1-R11,2026-04-30,busan-city,청년산학국 > 청년정책과,비학산보리밥생칼국수,청년산학 현안사업 논의를 위한 간담회 개최(04.30.),76000,d7c6422a6f0deeb97b6338fdca5e42806a7c75e09da4f7f6eb4184d5a59633db,sheet1:R11,,,
d7c6422a6f0deeb9-sheet1-R12,2026-05-08,busan-city,청년산학국 > 청년정책과,마우스노우커피 외 1,청년정책 현안 업무 협의를 위한 간담회 개최(5.8.),120200,d7c6422a6f0deeb97b6338fdca5e42806a7c75e09da4f7f6eb4184d5a59633db,sheet1:R12,,,
d7c6422a6f0deeb9-sheet1-R13,2026-05-14,busan-city,청년산학국 > 청년정책과,-,청년산학국 소속직원 경조사비 지급 건의,50000,d7c6422a6f0deeb97b6338fdca5e42806a7c75e09da4f7f6eb4184d5a59633db,sheet1:R13,,,
d7c6422a6f0deeb9-sheet1-R14,2026-05-26,busan-city,청년산학국 > 청년정책과,녹산횟집,청년문화 현안 업무 협의를 위한 간담회 개최(5.26.),390000,d7c6422a6f0deeb97b6338fdca5e42806a7c75e09da4f7f6eb4184d5a59633db,sheet1:R14,,,
d7c6422a6f0deeb9-sheet1-R15,2026-06-11,busan-city,청년산학국 > 청년정책과,-,청년산학국 소속직원 경조사비 지급 건의,50000,d7c6422a6f0deeb97b6338fdca5e42806a7c75e09da4f7f6eb4184d5a59633db,sheet1:R15,,,
d7c6422a6f0deeb9-sheet1-R16,2026-06-12,busan-city,청년산학국 > 청년정책과,부용당,청년산학 현안사업 논의를 위한 간담회 개최(06.12.),126000,d7c6422a6f0deeb97b6338fdca5e42806a7c75e09da4f7f6eb4184d5a59633db,sheet1:R16,,,
d7c6422a6f0deeb9-sheet1-R17,2026-06-15,busan-city,청년산학국 > 청년정책과,돌낙집시청직영점,청년정책 현안 업무 협의를 위한 간담회 개최(6.15.),221000,d7c6422a6f0deeb97b6338fdca5e42806a7c75e09da4f7f6eb4184d5a59633db,sheet1:R17,,,
d7c6422a6f0deeb9-sheet1-R18,2026-06-18,busan-city,청년산학국 > 청년정책과,부자회관 부산시청점,청년산학 현안업무 추진을 위한 간담회 개최(06.18.),360000,d7c6422a6f0deeb97b6338fdca5e42806a7c75e09da4f7f6eb4184d5a59633db,sheet1:R18,,,
d7c6422a6f0deeb9-sheet1-R19,2026-06-19,busan-city,청년산학국 > 청년정책과,이승학돈까스,청년정책 업무 추진 및 현안 논의를 위한 간담회 개최(6.19.),75000,d7c6422a6f0deeb97b6338fdca5e42806a7c75e09da4f7f6eb4184d5a59633db,sheet1:R19,,,
d7c6422a6f0deeb9-sheet1-R20,2026-06-29,busan-city,청년산학국 > 청년정책과,-,청년산학국 소속직원 경조사비 지급 건의,50000,d7c6422a6f0deeb97b6338fdca5e42806a7c75e09da4f7f6eb4184d5a59633db,sheet1:R20,,,
d7c6422a6f0deeb9-sheet1-R21,2026-06-29,busan-city,청년산학국 > 청년정책과,-,청년산학국 소속직원 경조사비 지급 건의,50000,d7c6422a6f0deeb97b6338fdca5e42806a7c75e09da4f7f6eb4184d5a59633db,sheet1:R21,,,
19f13a02db600102-sheet1-R3,2026-04-13,busan-city,합의제행정기관 > 감사위원회 > 청렴담당관,김종구식맛치킨 부산시청점,현안업무 추진 간담회 개최,168000,19f13a02db6001026e89225a9af74d4f87b1f88525d0c4183a4ed71b5a323409,sheet1:R3,,,
19f13a02db600102-sheet1-R4,2026-04-22,busan-city,합의제행정기관 > 감사위원회 > 청렴담당관,한월관,공직기강 특별점검,77000,19f13a02db6001026e89225a9af74d4f87b1f88525d0c4183a4ed71b5a323409,sheet1:R4,,,
19f13a02db600102-sheet1-R5,2026-04-30,busan-city,합의제행정기관 > 감사위원회 > 청렴담당관,돈풍각,현안업무 추진 간담회 개최,292500,19f13a02db6001026e89225a9af74d4f87b1f88525d0c4183a4ed71b5a323409,sheet1:R5,,,
19f13a02db600102-sheet1-R6,2026-05-14,busan-city,합의제행정기관 > 감사위원회 > 청렴담당관,"모모스커피, 만객당",유관기관 기념품 구입,67350,19f13a02db6001026e89225a9af74d4f87b1f88525d0c4183a4ed71b5a323409,sheet1:R6,,,
19f13a02db600102-sheet1-R7,2026-05-15,busan-city,합의제행정기관 > 감사위원회 > 청렴담당관,모모스커피(주) 도모헌점,현안업무 추진 간담회 개최,94900,19f13a02db6001026e89225a9af74d4f87b1f88525d0c4183a4ed71b5a323409,sheet1:R7,,,
19f13a02db600102-sheet1-R8,2026-06-10,busan-city,합의제행정기관 > 감사위원회 > 청렴담당관,만성횟집,현안업무 추진 간담회 개최,450000,19f13a02db6001026e89225a9af74d4f87b1f88525d0c4183a4ed71b5a323409,sheet1:R8,,,
19f13a02db600102-sheet1-R9,2026-06-17,busan-city,합의제행정기관 > 감사위원회 > 청렴담당관,우나기 만,시민고충처리위원회 업무 추진 간담회 개최,525000,19f13a02db6001026e89225a9af74d4f87b1f88525d0c4183a4ed71b5a323409,sheet1:R9,,,
19f13a02db600102-sheet1-R10,2026-06-23,busan-city,합의제행정기관 > 감사위원회 > 청렴담당관,루시앙베이커리 시청점,2026년 시민감사관 교류 및 역량강화 워크숍 다과 등 구입,250000,19f13a02db6001026e89225a9af74d4f87b1f88525d0c4183a4ed71b5a323409,sheet1:R10,,,
9f71116bb2388880-sheet1-R5,2026-05-28,busan-city,금정소방서 > 소방행정과,금정소방서,직원 경조사 발생에 따른 축의금 지급,100000,9f71116bb23888804dd9b9039d51e7c1e3aa5442348ed9e6ec00de6ed483e1ef,sheet1:R5,,,
9f71116bb2388880-sheet1-R6,2026-06-12,busan-city,금정소방서 > 소방행정과,금정소방서,직원 경조사 발생에 따른 축의금 지급,100000,9f71116bb23888804dd9b9039d51e7c1e3aa5442348ed9e6ec00de6ed483e1ef,sheet1:R6,,,
9f71116bb2388880-sheet1-R7,2026-06-15,busan-city,금정소방서 > 소방행정과,금정소방서,직원 경조사 발생에 따른 부의금 지급,50000,9f71116bb23888804dd9b9039d51e7c1e3aa5442348ed9e6ec00de6ed483e1ef,sheet1:R7,,,
9f71116bb2388880-sheet1-R8,2026-06-18,busan-city,금정소방서 > 소방행정과,금정소방서,직원 경조사 발생에 따른 축의금 지급,50000,9f71116bb23888804dd9b9039d51e7c1e3aa5442348ed9e6ec00de6ed483e1ef,sheet1:R8,,,
9f71116bb2388880-sheet1-R9,2026-06-23,busan-city,금정소방서 > 소방행정과,금정소방서,직원 경조사 발생에 따른 부의금 지급,50000,9f71116bb23888804dd9b9039d51e7c1e3aa5442348ed9e6ec00de6ed483e1ef,sheet1:R9,,,
9f71116bb2388880-sheet1-R10,2026-06-23,busan-city,금정소방서 > 소방행정과,금정소방서,직원 경조사 발생에 따른 축의금 지급,50000,9f71116bb23888804dd9b9039d51e7c1e3aa5442348ed9e6ec00de6ed483e1ef,sheet1:R10,,,
9f71116bb2388880-sheet1-R11,2026-05-08,busan-city,금정소방서 > 소방행정과,관내 음식점,(예방안전과)2026년 상반기 종합화재안전조사 추진 관련 유관기관 간담회 개최,195000,9f71116bb23888804dd9b9039d51e7c1e3aa5442348ed9e6ec00de6ed483e1ef,sheet1:R11,,,
9f71116bb2388880-sheet1-R12,2026-06-11,busan-city,금정소방서 > 소방행정과,관내 음식점,유관기관 협조 체제 강화를 위한 간담회 실시,247000,9f71116bb23888804dd9b9039d51e7c1e3aa5442348ed9e6ec00de6ed483e1ef,sheet1:R12,,,
10edce6dc3afc21a-sheet1-R5,2026-04-07,busan-city,미래디자인본부 > 디자인도시정책과,원조전복죽,총괄디자이너 현장자문 간담회,104000,10edce6dc3afc21a2f10b36203be5dc46e0b6f40629e241cf29657b1504a994b,sheet1:R5,,,
10edce6dc3afc21a-sheet1-R6,2026-04-13,busan-city,미래디자인본부 > 디자인도시정책과,부용당 로우라이즈,현안 사업 공유를 위한 간담회,144600,10edce6dc3afc21a2f10b36203be5dc46e0b6f40629e241cf29657b1504a994b,sheet1:R6,,,
10edce6dc3afc21a-sheet1-R7,2026-04-14,busan-city,미래디자인본부 > 디자인도시정책과,연제지역자활센터 카페가온비 공무원매점,부산 도시브랜드 시민공모체 심사 운영 다과,34800,10edce6dc3afc21a2f10b36203be5dc46e0b6f40629e241cf29657b1504a994b,sheet1:R7,,,
10edce6dc3afc21a-sheet1-R8,2026-04-15,busan-city,미래디자인본부 > 디자인도시정책과,개인(성명 비공개),소속직원 경조사비 지급,50000,10edce6dc3afc21a2f10b36203be5dc46e0b6f40629e241cf29657b1504a994b,sheet1:R8,,,
10edce6dc3afc21a-sheet1-R9,2026-04-21,busan-city,미래디자인본부 > 디자인도시정책과,규가 카페에쯔,디자인 정책 추진 논의를 위한 간담회,112000,10edce6dc3afc21a2f10b36203be5dc46e0b6f40629e241cf29657b1504a994b,sheet1:R9,,,
10edce6dc3afc21a-sheet1-R10,2026-04-22,busan-city,미래디자인본부 > 디자인도시정책과,수안커피컴퍼니,총괄디자이너 현장자문 차담회,37000,10edce6dc3afc21a2f10b36203be5dc46e0b6f40629e241cf29657b1504a994b,sheet1:R10,,,
10edce6dc3afc21a-sheet1-R11,2026-04-23,busan-city,미래디자인본부 > 디자인도시정책과,경성갈비 시청점,세계 도시브랜드 포럼 관련 논의를 위한 간담회,126000,10edce6dc3afc21a2f10b36203be5dc46e0b6f40629e241cf29657b1504a994b,sheet1:R11,,,
10edce6dc3afc21a-sheet1-R12,2026-04-24,busan-city,미래디자인본부 > 디자인도시정책과,공무원매점,경관위원회 회의 운영 다과,47600,10edce6dc3afc21a2f10b36203be5dc46e0b6f40629e241cf29657b1504a994b,sheet1:R12,,,
10edce6dc3afc21a-sheet1-R13,2026-04-24,busan-city,미래디자인본부 > 디자인도시정책과,문문문 주식회사 RCS 컴퍼니,글로벌 부산디자인페어 사례조사 및 관계자 면담 관련 간담회,72500,10edce6dc3afc21a2f10b36203be5dc46e0b6f40629e241cf29657b1504a994b,sheet1:R13,,,
10edce6dc3afc21a-sheet1-R14,2026-05-06,busan-city,미래디자인본부 > 디자인도시정책과,정초밥 솔티라이엇,본부 주요 시책 홍보협업 관련 간담회,97500,10edce6dc3afc21a2f10b36203be5dc46e0b6f40629e241cf29657b1504a994b,sheet1:R14,,,
10edce6dc3afc21a-sheet1-R15,2026-05-11,busan-city,미래디자인본부 > 디자인도시정책과,웰빙선생오리,현안 업무 협의를 위한 간담회,105000,10edce6dc3afc21a2f10b36203be5dc46e0b6f40629e241cf29657b1504a994b,sheet1:R15,,,
10edce6dc3afc21a-sheet1-R16,2026-05-12,busan-city,미래디자인본부 > 디자인도시정책과,달봉이횟집,주요 추진 업무 공유를 위한 사업관계자 등 간담회,400000,10edce6dc3afc21a2f10b36203be5dc46e0b6f40629e241cf29657b1504a994b,sheet1:R16,,,
10edce6dc3afc21a-sheet1-R17,2026-05-14,busan-city,미래디자인본부 > 디자인도시정책과,정초밥,시책 사업 관련 자문을 위한 간담회,250000,10edce6dc3afc21a2f10b36203be5dc46e0b6f40629e241cf29657b1504a994b,sheet1:R17,,,
10edce6dc3afc21a-sheet1-R18,2026-05-21,busan-city,미래디자인본부 > 디자인도시정책과,공무원매점,경관위원회 회의 운영 다과,65000,10edce6dc3afc21a2f10b36203be5dc46e0b6f40629e241cf29657b1504a994b,sheet1:R18,,,
10edce6dc3afc21a-sheet1-R19,2026-05-29,busan-city,미래디자인본부 > 디자인도시정책과,연제지역자활센터 카페가온비,총괄디자이너 디자인 자문 회의 운영 다과,50000,10edce6dc3afc21a2f10b36203be5dc46e0b6f40629e241cf29657b1504a994b,sheet1:R19,,,
10edce6dc3afc21a-sheet1-R20,2026-06-09,busan-city,미래디자인본부 > 디자인도시정책과,와인카세216 카페우림,현안협무 협의를 위한 간담회,133000,10edce6dc3afc21a2f10b36203be5dc46e0b6f40629e241cf29657b1504a994b,sheet1:R20,,,
10edce6dc3afc21a-sheet1-R21,2026-06-10,busan-city,미래디자인본부 > 디자인도시정책과,양산도 부산시청점 카페로프트,현안업무 추진 노고 격려 간담회,96900,10edce6dc3afc21a2f10b36203be5dc46e0b6f40629e241cf29657b1504a994b,sheet1:R21,,,
10edce6dc3afc21a-sheet1-R22,2026-06-15,busan-city,미래디자인본부 > 디자인도시정책과,형아우삼계탕,현안업무 추진 직원 격려 간담회,68000,10edce6dc3afc21a2f10b36203be5dc46e0b6f40629e241cf29657b1504a994b,sheet1:R22,,,
10edce6dc3afc21a-sheet1-R23,2026-06-29,busan-city,미래디자인본부 > 디자인도시정책과,공무원매점,경관위원회 회의 운영 다과,46600,10edce6dc3afc21a2f10b36203be5dc46e0b6f40629e241cf29657b1504a994b,sheet1:R23,,,
284e9f447c208cc9-sheet1-R5,2026-06-09,busan-city,행정자치국 > 통합민원과,㈜뚜리삼,국가기록관리 유공 전수식 참석 및 부산기록원 건립 관련 관계자 간담회 실시,100000,284e9f447c208cc9ad9b8982b6c7d46074ee0c5896611a74a6edb6ff4aee2c66,sheet1:R5,,,
7019377ddcd21e8f-sheet1-R5,2026-04-02,busan-city,푸른도시국 > 반려동물과,온당골 주식회사,반려문화공원 조성 현안사항 논의를 위한 관계자 간담회의,134000,7019377ddcd21e8f39c4e38fc9cbef647f35bf58acdd777809d0120ebb2cb88c,sheet1:R5,,,
7019377ddcd21e8f-sheet1-R6,2026-04-07,busan-city,푸른도시국 > 반려동물과,숙희네왕만두외 1,현안업무 추진 직원 격려 다과회 개최,288000,7019377ddcd21e8f39c4e38fc9cbef647f35bf58acdd777809d0120ebb2cb88c,sheet1:R6,,,
7019377ddcd21e8f-sheet1-R7,2026-04-17,busan-city,푸른도시국 > 반려동물과,픙미외 1,상반기 부서 직원 노고 격려 간담회 개최,400000,7019377ddcd21e8f39c4e38fc9cbef647f35bf58acdd777809d0120ebb2cb88c,sheet1:R7,,,
7019377ddcd21e8f-sheet1-R8,2026-06-11,busan-city,푸른도시국 > 반려동물과,픙미외 1,2026년 상반기 퇴직공무원 간담회 개최,293000,7019377ddcd21e8f39c4e38fc9cbef647f35bf58acdd777809d0120ebb2cb88c,sheet1:R8,,,
7019377ddcd21e8f-sheet1-R9,2026-06-24,busan-city,푸른도시국 > 반려동물과,영남식육식당,반려동물산업 육성 지원을 위한 관계자 간담회 개최,51000,7019377ddcd21e8f39c4e38fc9cbef647f35bf58acdd777809d0120ebb2cb88c,sheet1:R9,,,
c39bf23db6e4cb8b-sheet1-R4,2026-04-01,busan-city,체육국 > 체육정책과,선창횟집,현안업무 추진을 위한 간담회 개최,412000,c39bf23db6e4cb8b88a322ded579a285b2af98f2c3b5c2448920bf200390e3a9,sheet1:R4,,,
c39bf23db6e4cb8b-sheet1-R5,2026-04-02,busan-city,체육국 > 체육정책과,주식회사 칠성횟집,현안업무 논의를 위한 간담회 개최,127000,c39bf23db6e4cb8b88a322ded579a285b2af98f2c3b5c2448920bf200390e3a9,sheet1:R5,,,
c39bf23db6e4cb8b-sheet1-R6,2026-04-09,busan-city,체육국 > 체육정책과,참한집 논현직영점,현안업무 추진을 위한 간담회 개최,240000,c39bf23db6e4cb8b88a322ded579a285b2af98f2c3b5c2448920bf200390e3a9,sheet1:R6,,,
c39bf23db6e4cb8b-sheet1-R7,2026-04-27,busan-city,체육국 > 체육정책과,개인(성명 비공개),체육국 소속 직원 경조사비 지급 건의,50000,c39bf23db6e4cb8b88a322ded579a285b2af98f2c3b5c2448920bf200390e3a9,sheet1:R7,,,
c39bf23db6e4cb8b-sheet1-R8,2026-04-30,busan-city,체육국 > 체육정책과,산성청송가든,2026 부산 체육 유관기관 스포츠주간 행사 기념 간담회 개최,480000,c39bf23db6e4cb8b88a322ded579a285b2af98f2c3b5c2448920bf200390e3a9,sheet1:R8,,,
c39bf23db6e4cb8b-sheet1-R9,2026-05-12,busan-city,체육국 > 체육정책과,가야정외 1,현안업무 논의를 위한 간담회 개최,122000,c39bf23db6e4cb8b88a322ded579a285b2af98f2c3b5c2448920bf200390e3a9,sheet1:R9,,,
c39bf23db6e4cb8b-sheet1-R10,2026-05-13,busan-city,체육국 > 체육정책과,우나기 만,현안업무 추진을 위한 간담회 개최,84000,c39bf23db6e4cb8b88a322ded579a285b2af98f2c3b5c2448920bf200390e3a9,sheet1:R10,,,
c39bf23db6e4cb8b-sheet1-R11,2026-05-13,busan-city,체육국 > 체육정책과,이흥용과자점,부산 KCC 이지스 챔피언결정전(5차전) 현장방문에 따른 다과세트 구입,186400,c39bf23db6e4cb8b88a322ded579a285b2af98f2c3b5c2448920bf200390e3a9,sheet1:R11,,,
c39bf23db6e4cb8b-sheet1-R12,2026-05-20,busan-city,체육국 > 체육정책과,삼진어묵,체육정책과 직원 격려 간식 구입,147840,c39bf23db6e4cb8b88a322ded579a285b2af98f2c3b5c2448920bf200390e3a9,sheet1:R12,,,
c39bf23db6e4cb8b-sheet1-R13,2026-05-26,busan-city,체육국 > 체육정책과,이니시스외 1,「LIV Golf Korea 2026」지원근무자 격려용 간식 구입(소방서),443370,c39bf23db6e4cb8b88a322ded579a285b2af98f2c3b5c2448920bf200390e3a9,sheet1:R13,,,
c39bf23db6e4cb8b-sheet1-R14,2026-05-27,busan-city,체육국 > 체육정책과,쿠팡(주)외 1,「LIV Golf Korea 2026」지원근무자 격려용 간식 구입(경찰서),425160,c39bf23db6e4cb8b88a322ded579a285b2af98f2c3b5c2448920bf200390e3a9,sheet1:R14,,,
c39bf23db6e4cb8b-sheet1-R15,2026-05-22,busan-city,체육국 > 체육정책과,두부나라,「LIV Golf Korea 2026」대회 관계자 및 지원근무자 등 격려 간담회 개최(5.22. 오찬),480000,c39bf23db6e4cb8b88a322ded579a285b2af98f2c3b5c2448920bf200390e3a9,sheet1:R15,,,
c39bf23db6e4cb8b-sheet1-R16,2026-05-22,busan-city,체육국 > 체육정책과,모두의 짬뽕,「LIV Golf Korea 2026」대회 관계자 및 지원근무자 등 격려 간담회 개최(5.22. 만찬),480000,c39bf23db6e4cb8b88a322ded579a285b2af98f2c3b5c2448920bf200390e3a9,sheet1:R16,,,
c39bf23db6e4cb8b-sheet1-R17,2026-05-31,busan-city,체육국 > 체육정책과,프랭크버거(시청점),「LIV Golf Korea 2026」대회 관계자 및 지원근무자 등 격려 간담회 개최(5.31. 오찬),480000,c39bf23db6e4cb8b88a322ded579a285b2af98f2c3b5c2448920bf200390e3a9,sheet1:R17,,,
c39bf23db6e4cb8b-sheet1-R18,2026-05-31,busan-city,체육국 > 체육정책과,메이리,「LIV Golf Korea 2026」대회 관계자 및 지원근무자 등 격려 간담회 개최(5.31. 민찬),480000,c39bf23db6e4cb8b88a322ded579a285b2af98f2c3b5c2448920bf200390e3a9,sheet1:R18,,,
c39bf23db6e4cb8b-sheet1-R19,2026-05-23,busan-city,체육국 > 체육정책과,삼송빵집 부산사직점외 1,제55회 전국소년체육대회 현장 격려 등 간식 구입,192650,c39bf23db6e4cb8b88a322ded579a285b2af98f2c3b5c2448920bf200390e3a9,sheet1:R19,,,
c39bf23db6e4cb8b-sheet1-R20,2026-02-05,busan-city,체육국 > 체육정책과,리플랫 플라워(leaflet flower),유관기관장 퇴임 꽃바구니 구입,80000,c39bf23db6e4cb8b88a322ded579a285b2af98f2c3b5c2448920bf200390e3a9,sheet1:R20,,,
c39bf23db6e4cb8b-sheet1-R21,2026-06-05,busan-city,체육국 > 체육정책과,하정식당외 1,현안업무 추진을 위한 간담회 개최,187500,c39bf23db6e4cb8b88a322ded579a285b2af98f2c3b5c2448920bf200390e3a9,sheet1:R21,,,
c39bf23db6e4cb8b-sheet1-R22,2026-06-12,busan-city,체육국 > 체육정책과,긴타로서면점,현안업무 추진을 위한 간담회 개최,147000,c39bf23db6e4cb8b88a322ded579a285b2af98f2c3b5c2448920bf200390e3a9,sheet1:R22,,,
c39bf23db6e4cb8b-sheet1-R23,2026-06-22,busan-city,체육국 > 체육정책과,기장끝집,현안업무 추진을 위한 간담회 개최,101000,c39bf23db6e4cb8b88a322ded579a285b2af98f2c3b5c2448920bf200390e3a9,sheet1:R23,,,
02759a8d6484cf20-sheet1-R3,2026-06-25,busan-city,주택건축국 > 건축정책과,"연제지역자활센터, 카페가온비",건축위원회 개최에 따른 음료 구입 건의,32000,02759a8d6484cf207cb1c99e1d84e989d820c0ddb7b446799152d23d9d217b0d,sheet1:R3,,,
5ad493132d1926cf-sheet1-R5,2026-04-01,busan-city,사회복지국 > 돌봄복지과,미남스시,고립 은둔 사업 추진관련 유관기관 간담회 개최,150500,5ad493132d1926cf5c9f2b2d492e2cf93cf4c2eb8eb430b70e734d89ed037dd4,sheet1:R5,,,
cdf2d69c205b36c5-sheet1-R5,2026-06-11,busan-city,상수도사업본부 > 명장정수사업소,해브커피,AI 정수장 구축 컨설팅 용역 관련 간담회 개최,150000,cdf2d69c205b36c596c06c1a44173fe7e200e33a3470c9eddb53f38ee8e86b4a,sheet1:R5,,,
aaf52b181030a80e-sheet1-R5,2026-04-06,busan-city,도시혁신균형실 > 북항재개발추진과,대림식당,지속가능한 해상도시 추진 업무 관련 간담회 개최,180000,aaf52b181030a80eab9a669cf57facd35bae5551fef467107b924d1b7e62fdd8,sheet1:R5,,,
aaf52b181030a80e-sheet1-R6,2026-04-16,busan-city,도시혁신균형실 > 북항재개발추진과,조자룡,지속가능한 해상도시 추진 업무 관련 간담회 개최,90000,aaf52b181030a80eab9a669cf57facd35bae5551fef467107b924d1b7e62fdd8,sheet1:R6,,,
aaf52b181030a80e-sheet1-R7,2026-04-28,busan-city,도시혁신균형실 > 북항재개발추진과,수제국수(부산시청점),범시민추진협의회 현안 논의 관련 간담회 개최,139000,aaf52b181030a80eab9a669cf57facd35bae5551fef467107b924d1b7e62fdd8,sheet1:R7,,,
aaf52b181030a80e-sheet1-R8,2026-04-29,busan-city,도시혁신균형실 > 북항재개발추진과,장성향,북항2단계 업무추진 관련 간담회 개최,270000,aaf52b181030a80eab9a669cf57facd35bae5551fef467107b924d1b7e62fdd8,sheet1:R8,,,
aaf52b181030a80e-sheet1-R9,2026-06-29,busan-city,도시혁신균형실 > 북항재개발추진과,양산도 부산시청점,지속가능한 해상도시 추진 업무 관련 간담회 개최,240000,aaf52b181030a80eab9a669cf57facd35bae5551fef467107b924d1b7e62fdd8,sheet1:R9,,,
25a307f17433a7e8-sheet1-R3,2026-06-22,busan-city,상수도사업본부 > 중동부사업소,이마트,2026년 상반기 퇴임자 격려품 구매,200000,25a307f17433a7e8dca6ffcdc20e4794801715acbf6d1731731647bdb2f90915,sheet1:R3,,,
25a307f17433a7e8-sheet1-R4,2026-04-27,busan-city,상수도사업본부 > 중동부사업소,백구당외,본부 종함감사 대비 다과 등 구입,158400,25a307f17433a7e8dca6ffcdc20e4794801715acbf6d1731731647bdb2f90915,sheet1:R4,,,
aeb345f88bd9835f-sheet1-R5,2026-04-10,busan-city,합의제행정기관 > 자치경찰위원회 > 사무국 > 자치경찰관리과,녹산횟집,교통안전 주요 현안 논의를 위한 업무 간담회 개최,450000,aeb345f88bd9835f9ed7a0b4e99c735bd59bdaae6ce29e731fa8565dd57382bb,sheet1:R5,,,
aeb345f88bd9835f-sheet1-R6,2026-04-15,busan-city,합의제행정기관 > 자치경찰위원회 > 사무국 > 자치경찰관리과,하정식당,여청 현안 업무 관련 간담회 개최,205500,aeb345f88bd9835f9ed7a0b4e99c735bd59bdaae6ce29e731fa8565dd57382bb,sheet1:R6,,,
aeb345f88bd9835f-sheet1-R7,2026-04-22,busan-city,합의제행정기관 > 자치경찰위원회 > 사무국 > 자치경찰관리과,쿠팡(주),부서운영을 위한 다과 등 구입,93660,aeb345f88bd9835f9ed7a0b4e99c735bd59bdaae6ce29e731fa8565dd57382bb,sheet1:R7,,,
aeb345f88bd9835f-sheet1-R8,2026-04-29,busan-city,합의제행정기관 > 자치경찰위원회 > 사무국 > 자치경찰관리과,마조레,2026년 상반기 신속집행 및 현안업무 추진 논의를 위한 간담회 개최,260000,aeb345f88bd9835f9ed7a0b4e99c735bd59bdaae6ce29e731fa8565dd57382bb,sheet1:R8,,,
aeb345f88bd9835f-sheet1-R9,2026-05-15,busan-city,합의제행정기관 > 자치경찰위원회 > 사무국 > 자치경찰관리과,양정횟집,여청 현안 업무 관련 간담회 개최,200000,aeb345f88bd9835f9ed7a0b4e99c735bd59bdaae6ce29e731fa8565dd57382bb,sheet1:R9,,,
aeb345f88bd9835f-sheet1-R10,2026-05-21,busan-city,합의제행정기관 > 자치경찰위원회 > 사무국 > 자치경찰관리과,풍미,스마트빌리지 사업 추진을 위한 간담회 개최,200000,aeb345f88bd9835f9ed7a0b4e99c735bd59bdaae6ce29e731fa8565dd57382bb,sheet1:R10,,,
aeb345f88bd9835f-sheet1-R11,2026-05-26,busan-city,합의제행정기관 > 자치경찰위원회 > 사무국 > 자치경찰관리과,구름에 주식회사외 1,교통안전 주요 현안 논의를 위한 업무 간담회 개최,269500,aeb345f88bd9835f9ed7a0b4e99c735bd59bdaae6ce29e731fa8565dd57382bb,sheet1:R11,,,
aeb345f88bd9835f-sheet1-R12,2026-05-29,busan-city,합의제행정기관 > 자치경찰위원회 > 사무국 > 자치경찰관리과,쿠팡,부서운영을 위한 다과 등 구입,138780,aeb345f88bd9835f9ed7a0b4e99c735bd59bdaae6ce29e731fa8565dd57382bb,sheet1:R12,,,
aeb345f88bd9835f-sheet1-R13,2026-06-10,busan-city,합의제행정기관 > 자치경찰위원회 > 사무국 > 자치경찰관리과,수제국수(부산시청점),제336회 정례회 상임위원회 대응 직원 격려 간담회 개최,400000,aeb345f88bd9835f9ed7a0b4e99c735bd59bdaae6ce29e731fa8565dd57382bb,sheet1:R13,,,
aeb345f88bd9835f-sheet1-R14,2026-06-11,busan-city,합의제행정기관 > 자치경찰위원회 > 사무국 > 자치경찰관리과,정남진 만나 숯불갈비 식육식당,교통안전 분야 우수사례 벤치마킹 및 업무협의를 위한 간담회 개최,280000,aeb345f88bd9835f9ed7a0b4e99c735bd59bdaae6ce29e731fa8565dd57382bb,sheet1:R14,,,
aeb345f88bd9835f-sheet1-R15,2026-06-29,busan-city,합의제행정기관 > 자치경찰위원회 > 사무국 > 자치경찰관리과,미우한우,여청 현안 업무 관련 간담회 개최,200000,aeb345f88bd9835f9ed7a0b4e99c735bd59bdaae6ce29e731fa8565dd57382bb,sheet1:R15,,,
7478beb60db4fccc-sheet1-R5,2026-04-28,busan-city,국제수산물유통시설관리사업소 > 관리팀,"파니니브런치, 곤포횟집",업무추진 유관기관과의 오찬 간담회 개최,111000,7478beb60db4fccc051cc7432cbba8ba3d9a3c135e6daf573ede0c881f5fa15e,sheet1:R5,,,
7478beb60db4fccc-sheet1-R6,2026-05-27,busan-city,국제수산물유통시설관리사업소 > 관리팀,락천각,도매시장 물량 유치 간담회 개최,180000,7478beb60db4fccc051cc7432cbba8ba3d9a3c135e6daf573ede0c881f5fa15e,sheet1:R6,,,
7478beb60db4fccc-sheet1-R7,2026-06-11,busan-city,국제수산물유통시설관리사업소 > 관리팀,"연산옥 샤브칼국수, 블루샥",2025년 결산 관련 직원 격려 간담회 개최,78000,7478beb60db4fccc051cc7432cbba8ba3d9a3c135e6daf573ede0c881f5fa15e,sheet1:R7,,,
9bac6aef8e649665-sheet1-R5,2026-04-02,busan-city,해양농수산국 > 해양수도정책과,풍미 외 1,해양농수산국 소관 업무추진 관계자 간담회 개최,132000,9bac6aef8e6496659ab6fc3549d844cfb179fd002cf84e6fe7df0ff7c0baf9f4,sheet1:R5,,,
9bac6aef8e649665-sheet1-R6,2026-04-08,busan-city,해양농수산국 > 해양수도정책과,-,직원 경조사비 지급,50000,9bac6aef8e6496659ab6fc3549d844cfb179fd002cf84e6fe7df0ff7c0baf9f4,sheet1:R6,,,
9bac6aef8e649665-sheet1-R7,2026-04-08,busan-city,해양농수산국 > 해양수도정책과,풍원장 외 1,농업기반시설 안전관리 관계자 간담회 개최,115800,9bac6aef8e6496659ab6fc3549d844cfb179fd002cf84e6fe7df0ff7c0baf9f4,sheet1:R7,,,
9bac6aef8e649665-sheet1-R8,2026-04-09,busan-city,해양농수산국 > 해양수도정책과,만성횟집,해양농수산국 소관 업무추진을 위한 오찬간담회 개최,120000,9bac6aef8e6496659ab6fc3549d844cfb179fd002cf84e6fe7df0ff7c0baf9f4,sheet1:R8,,,
9bac6aef8e649665-sheet1-R9,2026-04-14,busan-city,해양농수산국 > 해양수도정책과,중식당 진,해운물류 관계자 간담회 개최,60000,9bac6aef8e6496659ab6fc3549d844cfb179fd002cf84e6fe7df0ff7c0baf9f4,sheet1:R9,,,
9bac6aef8e649665-sheet1-R10,2026-04-14,busan-city,해양농수산국 > 해양수도정책과,만성횟집,해양자치권 추진 협의회 간담회 개최,227000,9bac6aef8e6496659ab6fc3549d844cfb179fd002cf84e6fe7df0ff7c0baf9f4,sheet1:R10,,,
9bac6aef8e649665-sheet1-R11,2026-04-15,busan-city,해양농수산국 > 해양수도정책과,정초밥,해양정책 업무추진 관계자 간담회 개최,210000,9bac6aef8e6496659ab6fc3549d844cfb179fd002cf84e6fe7df0ff7c0baf9f4,sheet1:R11,,,
9bac6aef8e649665-sheet1-R12,2026-04-16,busan-city,해양농수산국 > 해양수도정책과,만성횟집,해양농수산국 현안업무 추진을 위한 오찬간담회 개최,120000,9bac6aef8e6496659ab6fc3549d844cfb179fd002cf84e6fe7df0ff7c0baf9f4,sheet1:R12,,,
9bac6aef8e649665-sheet1-R13,2026-04-23,busan-city,해양농수산국 > 해양수도정책과,우나기 만,해양농수산국 현안업무 추진을 위한 간담회 개최,224000,9bac6aef8e6496659ab6fc3549d844cfb179fd002cf84e6fe7df0ff7c0baf9f4,sheet1:R13,,,
9bac6aef8e649665-sheet1-R14,2026-05-08,busan-city,해양농수산국 > 해양수도정책과,올리바,해양정책 업무추진 관계자 간담회 개최,79000,9bac6aef8e6496659ab6fc3549d844cfb179fd002cf84e6fe7df0ff7c0baf9f4,sheet1:R14,,,
9bac6aef8e649665-sheet1-R15,2026-05-22,busan-city,해양농수산국 > 해양수도정책과,정선장횟집 외 1,해양안전 업무추진을 위한 관계자 간담회 개최,209000,9bac6aef8e6496659ab6fc3549d844cfb179fd002cf84e6fe7df0ff7c0baf9f4,sheet1:R15,,,
9bac6aef8e649665-sheet1-R16,2026-05-27,busan-city,해양농수산국 > 해양수도정책과,부산시티비지니스관광호텔,해양신산업 선도분야 발굴 업무 추진을 위한 간담회 개최,300000,9bac6aef8e6496659ab6fc3549d844cfb179fd002cf84e6fe7df0ff7c0baf9f4,sheet1:R16,,,
9bac6aef8e649665-sheet1-R17,2026-05-27,busan-city,해양농수산국 > 해양수도정책과,제주복국,해양정책 업무추진 관계자 오찬 간담회 개최,66000,9bac6aef8e6496659ab6fc3549d844cfb179fd002cf84e6fe7df0ff7c0baf9f4,sheet1:R17,,,
9bac6aef8e649665-sheet1-R18,2026-05-28,busan-city,해양농수산국 > 해양수도정책과,장덕풍천산삼민물장어,해양정책 업무 논의를 위한 관계자 간담회 개최,470000,9bac6aef8e6496659ab6fc3549d844cfb179fd002cf84e6fe7df0ff7c0baf9f4,sheet1:R18,,,
9bac6aef8e649665-sheet1-R19,2026-05-31,busan-city,해양농수산국 > 해양수도정책과,피아크 카페앤베이커리,해양정화 활동 관계자 간담회 개최,156300,9bac6aef8e6496659ab6fc3549d844cfb179fd002cf84e6fe7df0ff7c0baf9f4,sheet1:R19,,,
9bac6aef8e649665-sheet1-R20,2026-06-02,busan-city,해양농수산국 > 해양수도정책과,브라가 외 1,해양정책 협력체계 구축을 위한 간담회 개최,128000,9bac6aef8e6496659ab6fc3549d844cfb179fd002cf84e6fe7df0ff7c0baf9f4,sheet1:R20,,,
9bac6aef8e649665-sheet1-R21,2026-06-04,busan-city,해양농수산국 > 해양수도정책과,피아크 카페앤베이커리,해양환경 국제협력 활성화 업무 논의를 위한 관계자 간담회,148000,9bac6aef8e6496659ab6fc3549d844cfb179fd002cf84e6fe7df0ff7c0baf9f4,sheet1:R21,,,
9bac6aef8e649665-sheet1-R22,2026-06-18,busan-city,해양농수산국 > 해양수도정책과,소택,해양수산부 신청사 건립 등 현안업무 추진을 위한 관계자 간담회 개최,100000,9bac6aef8e6496659ab6fc3549d844cfb179fd002cf84e6fe7df0ff7c0baf9f4,sheet1:R22,,,
9bac6aef8e649665-sheet1-R23,2026-06-24,busan-city,해양농수산국 > 해양수도정책과,부자회관 부산시청점,직원 노고 격려 간담회 개최,475000,9bac6aef8e6496659ab6fc3549d844cfb179fd002cf84e6fe7df0ff7c0baf9f4,sheet1:R23,,,
9bac6aef8e649665-sheet1-R24,2026-06-24,busan-city,해양농수산국 > 해양수도정책과,투썸플레이스부산시청점,직원 격려 간식 구입,41700,9bac6aef8e6496659ab6fc3549d844cfb179fd002cf84e6fe7df0ff7c0baf9f4,sheet1:R24,,,
9bac6aef8e649665-sheet1-R25,2026-06-25,busan-city,해양농수산국 > 해양수도정책과,-,직원 경조사비 지급,50000,9bac6aef8e6496659ab6fc3549d844cfb179fd002cf84e6fe7df0ff7c0baf9f4,sheet1:R25,,,
9bac6aef8e649665-sheet1-R26,2026-06-25,busan-city,해양농수산국 > 해양수도정책과,안가참한우국밥,현안업무 추진 노고 격려,39000,9bac6aef8e6496659ab6fc3549d844cfb179fd002cf84e6fe7df0ff7c0baf9f4,sheet1:R26,,,
9bac6aef8e649665-sheet1-R27,2026-06-26,busan-city,해양농수산국 > 해양수도정책과,큐제 외 1,해양정책 현안업무 추진 관계자 간담회 개최,95800,9bac6aef8e6496659ab6fc3549d844cfb179fd002cf84e6fe7df0ff7c0baf9f4,sheet1:R27,,,
2a44a81a8cef8e31-sheet1-R5,2026-05-12,busan-city,주택건축국 > 도시정비과,제일옥곰탕,2026년 상반기 제도개선 규제제로 자문회의 개최 관련 간담회,244000,2a44a81a8cef8e311b8736e6257da212aea49de157b8fbd87b2f7bee209140a0,sheet1:R5,,,
b94a2b93cbdae6be-sheet1-R4,2026-04-14,busan-city,미래디자인본부 > 디자인산업혁신과,어보제철소,2028 세계디자인수도 부산 추진을 위한 간담회,245000,b94a2b93cbdae6bef31ddacf111e1014a853cbdc80174b3beddaee422aab4ffe,sheet1:R4,,,
b94a2b93cbdae6be-sheet1-R5,2026-05-19,busan-city,미래디자인본부 > 디자인산업혁신과,이재모피자 명지대방점,지역 대표 향토기업 협업 세계디자인수도 부산 홍보 오찬 간담회,175000,b94a2b93cbdae6bef31ddacf111e1014a853cbdc80174b3beddaee422aab4ffe,sheet1:R5,,,
b94a2b93cbdae6be-sheet1-R6,2026-05-19,busan-city,미래디자인본부 > 디자인산업혁신과,원지,글로벌 부산디자인페어 관련 업무협의 개최,46000,b94a2b93cbdae6bef31ddacf111e1014a853cbdc80174b3beddaee422aab4ffe,sheet1:R6,,,
0e5882e807e87427-sheet1-R5,2026-04-07,busan-city,소방재난본부 > 119안전체험관,신마트 공항점 (부산 강서구 공항로811번길),계절별 맞춤형 찾아가는 체험안전교육 관련 사전업무협의 등,59000,0e5882e807e87427502e04a13df91550ba1ae9beac33c857d328f2c635995683,sheet1:R5,,,
0e5882e807e87427-sheet1-R6,2026-06-30,busan-city,소방재난본부 > 119안전체험관,이대명과 (부산 금정구 금사로 144),"체험관 구내식당 운영 전반에 관한 업무협조 격려 및 운영방식 개선사항 청취, 위생.서비스 향상 방안 논의 등",301000,0e5882e807e87427502e04a13df91550ba1ae9beac33c857d328f2c635995683,sheet1:R6,,,
e58a594318d797b4-sheet1-R5,2026-04-07,busan-city,푸른도시국 > 공원여가정책과,공무원매점,2026년 제2회 도시공원위원회 개최 관련 다과 등 구입,100000,e58a594318d797b4ceffa0d0053903351a7fbf1eb106fcd2987181f06e47681d,sheet1:R5,,,
e58a594318d797b4-sheet1-R6,2026-04-08,busan-city,푸른도시국 > 공원여가정책과,우나기만,공원 조성 관련 현안업무 추진 간담회 개최,175000,e58a594318d797b4ceffa0d0053903351a7fbf1eb106fcd2987181f06e47681d,sheet1:R6,,,
e58a594318d797b4-sheet1-R7,2026-04-13,busan-city,푸른도시국 > 공원여가정책과,만성횟집,어린이대공원 실감형 사파리 추진 관계자 간담회,420000,e58a594318d797b4ceffa0d0053903351a7fbf1eb106fcd2987181f06e47681d,sheet1:R7,,,
e58a594318d797b4-sheet1-R8,2026-04-14,busan-city,푸른도시국 > 공원여가정책과,공무원매점,제안서 평가위원회 다과 구입,80000,e58a594318d797b4ceffa0d0053903351a7fbf1eb106fcd2987181f06e47681d,sheet1:R8,,,
e58a594318d797b4-sheet1-R9,2026-04-21,busan-city,푸른도시국 > 공원여가정책과,풍미,TF팀 신설에 따른 간담회 개최,125000,e58a594318d797b4ceffa0d0053903351a7fbf1eb106fcd2987181f06e47681d,sheet1:R9,,,
e58a594318d797b4-sheet1-R10,2026-04-23,busan-city,푸른도시국 > 공원여가정책과,청오디피케이㈜연산점,반려동물 이해증진 사업 추진 격려를 위한 차담회 개최 건의,29030,e58a594318d797b4ceffa0d0053903351a7fbf1eb106fcd2987181f06e47681d,sheet1:R10,,,
e58a594318d797b4-sheet1-R11,2026-04-24,busan-city,푸른도시국 > 공원여가정책과,공무원매점,2026 위탁공원운영 회의개최 다과 등 구입,178000,e58a594318d797b4ceffa0d0053903351a7fbf1eb106fcd2987181f06e47681d,sheet1:R11,,,
e58a594318d797b4-sheet1-R12,2026-04-27,busan-city,푸른도시국 > 공원여가정책과,우나기만,(가칭)부산공립동물원 관련 관계자 간담회 개최,175000,e58a594318d797b4ceffa0d0053903351a7fbf1eb106fcd2987181f06e47681d,sheet1:R12,,,
e58a594318d797b4-sheet1-R13,2026-04-27,busan-city,푸른도시국 > 공원여가정책과,후스 시청점,부산시-부산조경협회 업무협의 간담회 개최,210400,e58a594318d797b4ceffa0d0053903351a7fbf1eb106fcd2987181f06e47681d,sheet1:R13,,,
e58a594318d797b4-sheet1-R14,2026-05-14,busan-city,푸른도시국 > 공원여가정책과,공무원매점,산림청 부산시 예방에 따른 간담회 기념품 구입건의,51200,e58a594318d797b4ceffa0d0053903351a7fbf1eb106fcd2987181f06e47681d,sheet1:R14,,,
e58a594318d797b4-sheet1-R15,2026-05-29,busan-city,푸른도시국 > 공원여가정책과,수제국수 부산시청점 블루샥 부산시청점,푸른도시국 정책 홍보를 위한 간담회 개최,176000,e58a594318d797b4ceffa0d0053903351a7fbf1eb106fcd2987181f06e47681d,sheet1:R15,,,
e58a594318d797b4-sheet1-R16,2026-06-09,busan-city,푸른도시국 > 공원여가정책과,공무원매점,2026년 제3회 도시공원위원회 개최 관련 다과 등 구입,100000,e58a594318d797b4ceffa0d0053903351a7fbf1eb106fcd2987181f06e47681d,sheet1:R16,,,
e58a594318d797b4-sheet1-R17,2026-06-11,busan-city,푸른도시국 > 공원여가정책과,풍미,푸른도시국 주요 현안 소통 간담회 개최,150000,e58a594318d797b4ceffa0d0053903351a7fbf1eb106fcd2987181f06e47681d,sheet1:R17,,,
e58a594318d797b4-sheet1-R18,2026-06-15,busan-city,푸른도시국 > 공원여가정책과,메이리 웁스,위탁공원관련 주요현안회의 개최,390000,e58a594318d797b4ceffa0d0053903351a7fbf1eb106fcd2987181f06e47681d,sheet1:R18,,,
e58a594318d797b4-sheet1-R19,2026-06-18,busan-city,푸른도시국 > 공원여가정책과,메이리연,푸른도시국 정책 추진방향 논의 간담회 개최,180000,e58a594318d797b4ceffa0d0053903351a7fbf1eb106fcd2987181f06e47681d,sheet1:R19,,,
e58a594318d797b4-sheet1-R20,2026-06-19,busan-city,푸른도시국 > 공원여가정책과,정초밥,동물원 현안 업무 추진을 위한 간담회 개최,120000,e58a594318d797b4ceffa0d0053903351a7fbf1eb106fcd2987181f06e47681d,sheet1:R20,,,
e58a594318d797b4-sheet1-R21,2026-06-20,busan-city,푸른도시국 > 공원여가정책과,네이버파이낸셜㈜,퇴직예정 공무원 격려품 구입,187200,e58a594318d797b4ceffa0d0053903351a7fbf1eb106fcd2987181f06e47681d,sheet1:R21,,,
9c30c9b812ecc3d7-sheet1-R5,2026-04-01,busan-city,상수도사업본부 > 화명정수사업소 > 관리팀,11번가 온라인결제,정수팀 부서 운영 다과류 등 구입건,150000,9c30c9b812ecc3d713756ef67e8beec39481eb6d03673c4f760c153585c3d272,sheet1:R5,,,
9c30c9b812ecc3d7-sheet1-R6,2026-04-01,busan-city,상수도사업본부 > 화명정수사업소 > 관리팀,11번가 온라인결제,당면 현안업무 추진 간담회 비용 지출(안전감사부),205000,9c30c9b812ecc3d713756ef67e8beec39481eb6d03673c4f760c153585c3d272,sheet1:R6,,,
9c30c9b812ecc3d7-sheet1-R7,2026-04-30,busan-city,상수도사업본부 > 화명정수사업소 > 관리팀,11번가 온라인결제,2026년 물금지소 환경정화활동 다과 구입,60000,9c30c9b812ecc3d713756ef67e8beec39481eb6d03673c4f760c153585c3d272,sheet1:R7,,,
9c30c9b812ecc3d7-sheet1-R8,2026-04-30,busan-city,상수도사업본부 > 화명정수사업소 > 관리팀,11번가 온라인결제,부서운영 다과 등 구입,202040,9c30c9b812ecc3d713756ef67e8beec39481eb6d03673c4f760c153585c3d272,sheet1:R8,,,
9c30c9b812ecc3d7-sheet1-R9,2026-05-29,busan-city,상수도사업본부 > 화명정수사업소 > 관리팀,11번가 온라인결제,부서운영 다과 등 구입,229450,9c30c9b812ecc3d713756ef67e8beec39481eb6d03673c4f760c153585c3d272,sheet1:R9,,,
9c30c9b812ecc3d7-sheet1-R10,2026-05-29,busan-city,상수도사업본부 > 화명정수사업소 > 관리팀,상품권,사회복무요원 소집해제자 격려품 구입,50000,9c30c9b812ecc3d713756ef67e8beec39481eb6d03673c4f760c153585c3d272,sheet1:R10,,,
9c30c9b812ecc3d7-sheet1-R11,2026-05-29,busan-city,상수도사업본부 > 화명정수사업소 > 관리팀,사랑도횟집,청원경찰 사격훈련 참가 직원 간담회 비용 지출,480000,9c30c9b812ecc3d713756ef67e8beec39481eb6d03673c4f760c153585c3d272,sheet1:R11,,,
9c30c9b812ecc3d7-sheet1-R12,2026-06-30,busan-city,상수도사업본부 > 화명정수사업소 > 관리팀,처제수산,2026년 상반기 공로연수 축하 간담회 비용 지출,420000,9c30c9b812ecc3d713756ef67e8beec39481eb6d03673c4f760c153585c3d272,sheet1:R12,,,
9c30c9b812ecc3d7-sheet1-R13,2026-06-30,busan-city,상수도사업본부 > 화명정수사업소 > 관리팀,11번가 온라인결제,부서운영 다과 등 구입,187780,9c30c9b812ecc3d713756ef67e8beec39481eb6d03673c4f760c153585c3d272,sheet1:R13,,,
9c30c9b812ecc3d7-sheet1-R14,2026-06-30,busan-city,상수도사업본부 > 화명정수사업소 > 관리팀,사랑도횟집,2026년 상반기 퇴직 축하 간담회 비용 지출,465000,9c30c9b812ecc3d713756ef67e8beec39481eb6d03673c4f760c153585c3d272,sheet1:R14,,,
9c30c9b812ecc3d7-sheet1-R15,2026-06-30,busan-city,상수도사업본부 > 화명정수사업소 > 관리팀,롯데마트,연구과제 발표회 다과류 등 구입 건의,100000,9c30c9b812ecc3d713756ef67e8beec39481eb6d03673c4f760c153585c3d272,sheet1:R15,,,
9c30c9b812ecc3d7-sheet1-R16,2026-06-30,busan-city,상수도사업본부 > 화명정수사업소 > 관리팀,11번가 온라인결제,2026년 2분기 물금지소 환경정화활동 다과 구입,59040,9c30c9b812ecc3d713756ef67e8beec39481eb6d03673c4f760c153585c3d272,sheet1:R16,,,
443b071f1de21cd4-sheet1-R4,2026-04-16,busan-city,대변인 > 미디어담당관,미조대구뽈찜,어린이신문 등 시정 홍보지 활성화를 위한 간담회 추진,204000,443b071f1de21cd435ac9e3c27defdb9061ff4f36f3bcd01041913fec02e7903,sheet1:R4,,,
443b071f1de21cd4-sheet1-R5,2026-04-17,busan-city,대변인 > 미디어담당관,주양간 안식,"부산시보, 영어신문 등 시정 홍보지 활성화를 위한 간담회 추진",100000,443b071f1de21cd435ac9e3c27defdb9061ff4f36f3bcd01041913fec02e7903,sheet1:R5,,,
443b071f1de21cd4-sheet1-R6,2026-05-08,busan-city,대변인 > 미디어담당관,오얏꽃상점,부산시 유튜브 채널 활성화를 위한 제작 관련 간담회 개최,25300,443b071f1de21cd435ac9e3c27defdb9061ff4f36f3bcd01041913fec02e7903,sheet1:R6,,,
23418eca4dcb8a3e-sheet1-R4,2026-04-03,busan-city,인재개발원 > 교육지원과,"대게마루, 오(Oh!)",직원 격려 간담회 개최,274700,23418eca4dcb8a3e06d1c4ca6fe0321b9fec364d2af6ec6151361ce07f3d428b,sheet1:R4,,,
23418eca4dcb8a3e-sheet1-R5,2026-04-06,busan-city,인재개발원 > 교육지원과,케이마트,강사 및 내방객 다과 구입(원장실),147500,23418eca4dcb8a3e06d1c4ca6fe0321b9fec364d2af6ec6151361ce07f3d428b,sheet1:R5,,,
23418eca4dcb8a3e-sheet1-R6,2026-04-07,busan-city,인재개발원 > 교육지원과,-,직원 경조사비 지출,50000,23418eca4dcb8a3e06d1c4ca6fe0321b9fec364d2af6ec6151361ce07f3d428b,sheet1:R6,,,
23418eca4dcb8a3e-sheet1-R7,2026-04-07,busan-city,인재개발원 > 교육지원과,"대가박명호스시, 폴바셋",직원 격려 간담회 개최,187400,23418eca4dcb8a3e06d1c4ca6fe0321b9fec364d2af6ec6151361ce07f3d428b,sheet1:R7,,,
23418eca4dcb8a3e-sheet1-R8,2026-04-14,busan-city,인재개발원 > 교육지원과,순사이쿠보,직원 격려 간담회 개최,263500,23418eca4dcb8a3e06d1c4ca6fe0321b9fec364d2af6ec6151361ce07f3d428b,sheet1:R8,,,
23418eca4dcb8a3e-sheet1-R9,2026-04-21,busan-city,인재개발원 > 교육지원과,-,직원 경조사비 지출,50000,23418eca4dcb8a3e06d1c4ca6fe0321b9fec364d2af6ec6151361ce07f3d428b,sheet1:R9,,,
23418eca4dcb8a3e-sheet1-R10,2026-04-22,busan-city,인재개발원 > 교육지원과,-,직원 경조사비 지출,50000,23418eca4dcb8a3e06d1c4ca6fe0321b9fec364d2af6ec6151361ce07f3d428b,sheet1:R10,,,
23418eca4dcb8a3e-sheet1-R11,2026-04-27,busan-city,인재개발원 > 교육지원과,"대가박명호스시, 로띠포레스트",직원 격려 간담회 개최,134200,23418eca4dcb8a3e06d1c4ca6fe0321b9fec364d2af6ec6151361ce07f3d428b,sheet1:R11,,,
23418eca4dcb8a3e-sheet1-R12,2026-05-19,busan-city,인재개발원 > 교육지원과,인터넷상거래,강사 및 내방객 다과 구입(원장실),99000,23418eca4dcb8a3e06d1c4ca6fe0321b9fec364d2af6ec6151361ce07f3d428b,sheet1:R12,,,
23418eca4dcb8a3e-sheet1-R13,2026-05-28,busan-city,인재개발원 > 교육지원과,스시투어 화명점,직원 격려 간담회 개최,54000,23418eca4dcb8a3e06d1c4ca6fe0321b9fec364d2af6ec6151361ce07f3d428b,sheet1:R13,,,
23418eca4dcb8a3e-sheet1-R14,2026-06-15,busan-city,인재개발원 > 교육지원과,도조스시,직원 격려 간담회 개최,60000,23418eca4dcb8a3e06d1c4ca6fe0321b9fec364d2af6ec6151361ce07f3d428b,sheet1:R14,,,
23418eca4dcb8a3e-sheet1-R15,2026-06-17,busan-city,인재개발원 > 교육지원과,순사이쿠보,직원 격려 간담회 개최,117000,23418eca4dcb8a3e06d1c4ca6fe0321b9fec364d2af6ec6151361ce07f3d428b,sheet1:R15,,,
23418eca4dcb8a3e-sheet1-R16,2026-06-29,busan-city,인재개발원 > 교육지원과,-,직원 경조사비 지출,50000,23418eca4dcb8a3e06d1c4ca6fe0321b9fec364d2af6ec6151361ce07f3d428b,sheet1:R16,,,
23418eca4dcb8a3e-sheet1-R17,2026-06-29,busan-city,인재개발원 > 교육지원과,-,직원 경조사비 지출,50000,23418eca4dcb8a3e06d1c4ca6fe0321b9fec364d2af6ec6151361ce07f3d428b,sheet1:R17,,,
23418eca4dcb8a3e-sheet2-R4,2026-04-01,busan-city,인재개발원 > 교육지원과,"두울원, 오(Oh!)",교육운영 의견수렴을 위한 간담회 개최,74400,23418eca4dcb8a3e06d1c4ca6fe0321b9fec364d2af6ec6151361ce07f3d428b,sheet2:R4,,,
23418eca4dcb8a3e-sheet2-R5,2026-04-02,busan-city,인재개발원 > 교육지원과,명소,교육역량 강화를 위한 간담회 개최,110000,23418eca4dcb8a3e06d1c4ca6fe0321b9fec364d2af6ec6151361ce07f3d428b,sheet2:R5,,,
23418eca4dcb8a3e-sheet2-R6,2026-04-09,busan-city,인재개발원 > 교육지원과,탐스,교육운영 의견수렴을 위한 간담회 개최,28000,23418eca4dcb8a3e06d1c4ca6fe0321b9fec364d2af6ec6151361ce07f3d428b,sheet2:R6,,,
23418eca4dcb8a3e-sheet2-R7,2026-04-16,busan-city,인재개발원 > 교육지원과,"서울분식, 느루",교육 혁신방안 논의를 위한 간담회 개최,37000,23418eca4dcb8a3e06d1c4ca6fe0321b9fec364d2af6ec6151361ce07f3d428b,sheet2:R7,,,
23418eca4dcb8a3e-sheet2-R8,2026-04-21,busan-city,인재개발원 > 교육지원과,대가 박명호스시,교육운영 의견수렴을 위한 간담회 개최,179000,23418eca4dcb8a3e06d1c4ca6fe0321b9fec364d2af6ec6151361ce07f3d428b,sheet2:R8,,,
23418eca4dcb8a3e-sheet2-R9,2026-04-29,busan-city,인재개발원 > 교육지원과,숙성도 제주본점,역량교육 내실화를 위한 우수사례 벤치마킹 관계자 간담회 개최(수정),118000,23418eca4dcb8a3e06d1c4ca6fe0321b9fec364d2af6ec6151361ce07f3d428b,sheet2:R9,,,
23418eca4dcb8a3e-sheet2-R10,2026-05-04,busan-city,인재개발원 > 교육지원과,동해바다 해물탕해물찜,전문적인 교육 운영을 위한 교육관계자와의 간담회 개최,53000,23418eca4dcb8a3e06d1c4ca6fe0321b9fec364d2af6ec6151361ce07f3d428b,sheet2:R10,,,
23418eca4dcb8a3e-sheet2-R11,2026-05-07,busan-city,인재개발원 > 교육지원과,"용덕장코다리, 오(Oh!)",교육운영 의견수렴을 위한 간담회 개최,64300,23418eca4dcb8a3e06d1c4ca6fe0321b9fec364d2af6ec6151361ce07f3d428b,sheet2:R11,,,
23418eca4dcb8a3e-sheet2-R12,2026-05-11,busan-city,인재개발원 > 교육지원과,도조스시,교육 혁신방안 논의를 위한 간담회 개최,74000,23418eca4dcb8a3e06d1c4ca6fe0321b9fec364d2af6ec6151361ce07f3d428b,sheet2:R12,,,
23418eca4dcb8a3e-sheet2-R13,2026-05-18,busan-city,인재개발원 > 교육지원과,도조스시,교육운영 의견수렴을 위한 간담회 개최,67000,23418eca4dcb8a3e06d1c4ca6fe0321b9fec364d2af6ec6151361ce07f3d428b,sheet2:R13,,,
23418eca4dcb8a3e-sheet2-R14,2026-06-25,busan-city,인재개발원 > 교육지원과,도조스시,효율적인 교육운영 논의를 위한 간담회 개최,60000,23418eca4dcb8a3e06d1c4ca6fe0321b9fec364d2af6ec6151361ce07f3d428b,sheet2:R14,,,
23418eca4dcb8a3e-sheet2-R15,2026-06-29,busan-city,인재개발원 > 교육지원과,도조스시,교육운영 의견수렴을 위한 간담회 개최,86000,23418eca4dcb8a3e06d1c4ca6fe0321b9fec364d2af6ec6151361ce07f3d428b,sheet2:R15,,,
e13c04819d54f4c3-sheet1-R3,2026-04-07,busan-city,공항기획과,"만호갈미샤브샤브, 스톤라운지",현안업무 추진 관련 간담회 개최(0407),278000,e13c04819d54f4c3fc93297aa557d526606049c7df24bc8e134a2e6cf4f1ebdb,sheet1:R3,,,
e13c04819d54f4c3-sheet1-R4,2026-04-21,busan-city,공항기획과,"만드리곤드레밥, 메르시마담",현안업무 추진 관련 간담회 개최(0421),80900,e13c04819d54f4c3fc93297aa557d526606049c7df24bc8e134a2e6cf4f1ebdb,sheet1:R4,,,
e13c04819d54f4c3-sheet1-R5,2026-04-23,busan-city,공항기획과,오든,현안업무 추진 관련 간담회 개최(0423),203800,e13c04819d54f4c3fc93297aa557d526606049c7df24bc8e134a2e6cf4f1ebdb,sheet1:R5,,,
e13c04819d54f4c3-sheet1-R6,2026-05-06,busan-city,공항기획과,은화횟집2호점,현안업무 추진 관련 간담회 개최(0506),120000,e13c04819d54f4c3fc93297aa557d526606049c7df24bc8e134a2e6cf4f1ebdb,sheet1:R6,,,
e13c04819d54f4c3-sheet1-R7,2026-05-21,busan-city,공항기획과,은화횟집2호점,현안업무 추진 직원 격려 간담회 개최(0521),160000,e13c04819d54f4c3fc93297aa557d526606049c7df24bc8e134a2e6cf4f1ebdb,sheet1:R7,,,
e13c04819d54f4c3-sheet1-R8,2026-06-01,busan-city,공항기획과,만드리곤드레밥,현안업무 추진 직원 격려 간담회 개최(0601),60000,e13c04819d54f4c3fc93297aa557d526606049c7df24bc8e134a2e6cf4f1ebdb,sheet1:R8,,,
e13c04819d54f4c3-sheet1-R9,2026-06-10,busan-city,공항기획과,"풀무원푸드 한국공항공사부산지역본부, 김해공항 말똥도넛",BTS 월드투어 행사관련 관계기관 간담회 개최(0610),270000,e13c04819d54f4c3fc93297aa557d526606049c7df24bc8e134a2e6cf4f1ebdb,sheet1:R9,,,
e13c04819d54f4c3-sheet1-R10,2026-06-24,busan-city,공항기획과,통나무하우스한정식,현안업무 추진 직원 격려 간담회 개최(0624),276000,e13c04819d54f4c3fc93297aa557d526606049c7df24bc8e134a2e6cf4f1ebdb,sheet1:R10,,,
65f777f151ee466a-sheet1-R4,2026-04-20,busan-city,관광마이스국 > 국제협력과,메이리외 1,2026 K2H 프로그램 참가자와의 간담회 개최,256000,65f777f151ee466a85f1b4fbc26f10e920b96175d99568476bb524e155ed0f3a,sheet1:R4,,,
65f777f151ee466a-sheet1-R5,2026-04-20,busan-city,관광마이스국 > 국제협력과,우리횟집,주한타이베이대표부의 관광마이스국장 오찬 참석 계획,30000,65f777f151ee466a85f1b4fbc26f10e920b96175d99568476bb524e155ed0f3a,sheet1:R5,,,
65f777f151ee466a-sheet1-R6,2026-04-22,busan-city,관광마이스국 > 국제협력과,정관장양정점,외빈 증정용 기념품 구입,250000,65f777f151ee466a85f1b4fbc26f10e920b96175d99568476bb524e155ed0f3a,sheet1:R6,,,
65f777f151ee466a-sheet1-R7,2026-05-06,busan-city,관광마이스국 > 국제협력과,봉식당,주부산일본총영사관 수석영사 오찬 간담회 개최,252000,65f777f151ee466a85f1b4fbc26f10e920b96175d99568476bb524e155ed0f3a,sheet1:R7,,,
65f777f151ee466a-sheet1-R8,2026-05-19,busan-city,관광마이스국 > 국제협력과,공원칼국수외 2,일본 자매도시 파견직원 현장시찰,195100,65f777f151ee466a85f1b4fbc26f10e920b96175d99568476bb524e155ed0f3a,sheet1:R8,,,
65f777f151ee466a-sheet1-R9,2026-05-18,busan-city,관광마이스국 > 국제협력과,메가엠지씨커피포레나점외 1,K2H 프로그램 참가연수생 관내 연등문화 탐방,132900,65f777f151ee466a85f1b4fbc26f10e920b96175d99568476bb524e155ed0f3a,sheet1:R9,,,
65f777f151ee466a-sheet1-R10,2026-05-21,busan-city,관광마이스국 > 국제협력과,연정보쌈,K2H 연수생 및 일본 파견직원과의 간담회,316000,65f777f151ee466a85f1b4fbc26f10e920b96175d99568476bb524e155ed0f3a,sheet1:R10,,,
65f777f151ee466a-sheet1-R11,2026-06-09,busan-city,관광마이스국 > 국제협력과,차마당양갱외 1,나가사키현 교류협력 관련 간담회 개최,125000,65f777f151ee466a85f1b4fbc26f10e920b96175d99568476bb524e155ed0f3a,sheet1:R11,,,
65f777f151ee466a-sheet1-R12,2026-06-12,busan-city,관광마이스국 > 국제협력과,루시앙베이커리 시청점외 1,「BTS 월드투어 아리랑 IN 부산」근무자 격려,466700,65f777f151ee466a85f1b4fbc26f10e920b96175d99568476bb524e155ed0f3a,sheet1:R12,,,
65f777f151ee466a-sheet1-R13,2026-06-12,busan-city,관광마이스국 > 국제협력과,에스에스지페이먼츠,「글로벌 부산 홈스테이 참가 호스트」 지원품 구입,200000,65f777f151ee466a85f1b4fbc26f10e920b96175d99568476bb524e155ed0f3a,sheet1:R13,,,
b8724c1c103b67b2-sheet1-R5,2026-01-15,busan-city,소방재난본부 > 방호조사과,토곡정,화재조사 주요업무 추진 관련 전문위원 간담회,360000,b8724c1c103b67b2ec355f1fcc4e135abd47abfc6a1c824a4253da69aa233eff,sheet1:R5,,,
b8724c1c103b67b2-sheet1-R6,2026-02-05,busan-city,소방재난본부 > 방호조사과,빕스,의용소방대 업무방향 및 활성화를 위한 간담회,270000,b8724c1c103b67b2ec355f1fcc4e135abd47abfc6a1c824a4253da69aa233eff,sheet1:R6,,,
b8724c1c103b67b2-sheet1-R7,2026-03-20,busan-city,소방재난본부 > 방호조사과,통영해물밥상,화재조사 전문위원 위촉 간담회 실시,420000,b8724c1c103b67b2ec355f1fcc4e135abd47abfc6a1c824a4253da69aa233eff,sheet1:R7,,,
7c507ee0c6861310-sheet1-R5,2026-01-08,busan-city,디지털경제실 > 미래기술전략국 > 빅데이터과,올리바,2026년 부산형 선결제 관련 업무추진비 집행,220000,7c507ee0c686131067a964fa270e932c8bfb86bb4a05c00757761396ffee268a,sheet1:R5,,,
7c507ee0c6861310-sheet1-R6,2026-01-22,busan-city,디지털경제실 > 미래기술전략국 > 빅데이터과,부자회관,데이터산업 육성 발전 유공자 표창장 전수 간담회 개최,100000,7c507ee0c686131067a964fa270e932c8bfb86bb4a05c00757761396ffee268a,sheet1:R6,,,
7c507ee0c6861310-sheet1-R7,2026-01-27,busan-city,디지털경제실 > 미래기술전략국 > 빅데이터과,수제국수,2026년 부산형 선결제 추진 관련 업무추진비 집행,160000,7c507ee0c686131067a964fa270e932c8bfb86bb4a05c00757761396ffee268a,sheet1:R7,,,
7c507ee0c6861310-sheet1-R8,2026-01-27,busan-city,디지털경제실 > 미래기술전략국 > 빅데이터과,가온비,2026년 부산형 선결제 추진 관련 업무추진비 집행,200000,7c507ee0c686131067a964fa270e932c8bfb86bb4a05c00757761396ffee268a,sheet1:R8,,,
7c507ee0c6861310-sheet1-R9,2026-02-02,busan-city,디지털경제실 > 미래기술전략국 > 빅데이터과,함양가,2026년 부산형 선결제 추진계획 관련 업무추진비 집행,200000,7c507ee0c686131067a964fa270e932c8bfb86bb4a05c00757761396ffee268a,sheet1:R9,,,
465a0e1f77f739f1-sheet1-R5,2026-01-06,busan-city,금융창업정책관 > 창업벤처담당관,메이리,금융창업정책관 현안업무 추진 간담회 개최,90000,465a0e1f77f739f1fcd11049207350f4b0b08d77ff12682030dc516a72b1b3d2,sheet1:R5,,,
465a0e1f77f739f1-sheet1-R6,2026-01-07,busan-city,금융창업정책관 > 창업벤처담당관,정초밥,2026년 부산시 벤처투자 논의 관련 유관기관 오찬 간담회 개최,300000,465a0e1f77f739f1fcd11049207350f4b0b08d77ff12682030dc516a72b1b3d2,sheet1:R6,,,
465a0e1f77f739f1-sheet1-R7,2026-01-07,busan-city,금융창업정책관 > 창업벤처담당관,본참치,글로벌 창업허브 부산 관련 간담회 개최,216000,465a0e1f77f739f1fcd11049207350f4b0b08d77ff12682030dc516a72b1b3d2,sheet1:R7,,,
465a0e1f77f739f1-sheet1-R8,2026-01-14,busan-city,금융창업정책관 > 창업벤처담당관,주식회사 이태리총각,금융창업정책관 현안업무 추진 간담회 개최,114000,465a0e1f77f739f1fcd11049207350f4b0b08d77ff12682030dc516a72b1b3d2,sheet1:R8,,,
465a0e1f77f739f1-sheet1-R9,2026-01-14,busan-city,금융창업정책관 > 창업벤처담당관,강남면옥 정동점 외 1,펀드 출자 관련 협의를 위한 다과 구입,76000,465a0e1f77f739f1fcd11049207350f4b0b08d77ff12682030dc516a72b1b3d2,sheet1:R9,,,
465a0e1f77f739f1-sheet1-R10,2026-01-20,busan-city,금융창업정책관 > 창업벤처담당관,전망대오륙도횟집,금융창업정책관 현안업무 추진 간담회 개최,106000,465a0e1f77f739f1fcd11049207350f4b0b08d77ff12682030dc516a72b1b3d2,sheet1:R10,,,
465a0e1f77f739f1-sheet1-R11,2026-01-20,busan-city,금융창업정책관 > 창업벤처담당관,함양가,금융창업정책관 현안업무 추진 간담회 개최,180000,465a0e1f77f739f1fcd11049207350f4b0b08d77ff12682030dc516a72b1b3d2,sheet1:R11,,,
465a0e1f77f739f1-sheet1-R12,2026-01-26,busan-city,금융창업정책관 > 창업벤처담당관,텐퍼센트커피 부산역점,지역성장펀드 출자 설명회 관련 다과 구입,38500,465a0e1f77f739f1fcd11049207350f4b0b08d77ff12682030dc516a72b1b3d2,sheet1:R12,,,
465a0e1f77f739f1-sheet1-R13,2026-02-03,busan-city,금융창업정책관 > 창업벤처담당관,해광참가자미,현안업무 추진 간담회 개최,72000,465a0e1f77f739f1fcd11049207350f4b0b08d77ff12682030dc516a72b1b3d2,sheet1:R13,,,
465a0e1f77f739f1-sheet1-R14,2026-02-04,busan-city,금융창업정책관 > 창업벤처담당관,수제국수(부산시청점) 외 1,현안업무 추진 간담회 개최,264340,465a0e1f77f739f1fcd11049207350f4b0b08d77ff12682030dc516a72b1b3d2,sheet1:R14,,,
465a0e1f77f739f1-sheet1-R15,2026-02-10,busan-city,금융창업정책관 > 창업벤처담당관,종가집꼬리곰탕,금융창업정책관 현안업무 추진 간담회 개최,168000,465a0e1f77f739f1fcd11049207350f4b0b08d77ff12682030dc516a72b1b3d2,sheet1:R15,,,
465a0e1f77f739f1-sheet1-R16,2026-02-11,busan-city,금융창업정책관 > 창업벤처담당관,만성횟집,금융창업정책관 현안업무 추진 간담회 개최,110000,465a0e1f77f739f1fcd11049207350f4b0b08d77ff12682030dc516a72b1b3d2,sheet1:R16,,,
465a0e1f77f739f1-sheet1-R17,2026-02-11,busan-city,금융창업정책관 > 창업벤처담당관,돌낙집시청직영점,현안업무 추진 간담회 개최,280000,465a0e1f77f739f1fcd11049207350f4b0b08d77ff12682030dc516a72b1b3d2,sheet1:R17,,,
465a0e1f77f739f1-sheet1-R18,2026-02-12,busan-city,금융창업정책관 > 창업벤처담당관,홈플러스㈜ 외 1,「2026년 따뜻한 설 명절 보내기」추진 계획,395420,465a0e1f77f739f1fcd11049207350f4b0b08d77ff12682030dc516a72b1b3d2,sheet1:R18,,,
465a0e1f77f739f1-sheet1-R19,2026-02-12,busan-city,금융창업정책관 > 창업벤처담당관,온정,현안업무 추진 간담회 개최,280000,465a0e1f77f739f1fcd11049207350f4b0b08d77ff12682030dc516a72b1b3d2,sheet1:R19,,,
465a0e1f77f739f1-sheet1-R20,2026-02-13,busan-city,금융창업정책관 > 창업벤처담당관,낚시고기횟집 외 1,금융창업정책관 현안업무 추진 간담회 개최,195000,465a0e1f77f739f1fcd11049207350f4b0b08d77ff12682030dc516a72b1b3d2,sheet1:R20,,,
465a0e1f77f739f1-sheet1-R21,2026-02-13,busan-city,금융창업정책관 > 창업벤처담당관,뚜레쥬르 부산시청점,창업벤처담당관 직원 격려 간식 구입,415000,465a0e1f77f739f1fcd11049207350f4b0b08d77ff12682030dc516a72b1b3d2,sheet1:R21,,,
465a0e1f77f739f1-sheet1-R22,2026-02-19,busan-city,금융창업정책관 > 창업벤처담당관,고성수산횟집,금융창업정책관 현안업무 추진 간담회 개최,102000,465a0e1f77f739f1fcd11049207350f4b0b08d77ff12682030dc516a72b1b3d2,sheet1:R22,,,
465a0e1f77f739f1-sheet1-R23,2026-02-19,busan-city,금융창업정책관 > 창업벤처담당관,스타벅스 코리아 외 1,현안업무 추진 간담회 개최,83500,465a0e1f77f739f1fcd11049207350f4b0b08d77ff12682030dc516a72b1b3d2,sheet1:R23,,,
465a0e1f77f739f1-sheet1-R24,2026-02-24,busan-city,금융창업정책관 > 창업벤처담당관,사조미가,현안업무 추진 간담회 개최,69000,465a0e1f77f739f1fcd11049207350f4b0b08d77ff12682030dc516a72b1b3d2,sheet1:R24,,,
465a0e1f77f739f1-sheet1-R25,2026-03-04,busan-city,금융창업정책관 > 창업벤처담당관,-,소속 직원 경조사비 지급,50000,465a0e1f77f739f1fcd11049207350f4b0b08d77ff12682030dc516a72b1b3d2,sheet1:R25,,,
465a0e1f77f739f1-sheet1-R26,2026-03-04,busan-city,금융창업정책관 > 창업벤처담당관,가시리 여의도점,금융창업정책관 현안업무 추진 간담회 개최,216000,465a0e1f77f739f1fcd11049207350f4b0b08d77ff12682030dc516a72b1b3d2,sheet1:R26,,,
465a0e1f77f739f1-sheet1-R27,2026-03-05,busan-city,금융창업정책관 > 창업벤처담당관,비스트로 타마르,현안업무 추진 간담회 개최,70500,465a0e1f77f739f1fcd11049207350f4b0b08d77ff12682030dc516a72b1b3d2,sheet1:R27,,,
465a0e1f77f739f1-sheet1-R28,2026-03-09,busan-city,금융창업정책관 > 창업벤처담당관,만성횟집,금융창업정책관 현안업무 추진 간담회 개최,80000,465a0e1f77f739f1fcd11049207350f4b0b08d77ff12682030dc516a72b1b3d2,sheet1:R28,,,
465a0e1f77f739f1-sheet1-R29,2026-03-10,busan-city,금융창업정책관 > 창업벤처담당관,"연제지역자활센터, 카페가온비",글로벌 창업생태계 고도화 방안 논의를 위한 다과 구입,20000,465a0e1f77f739f1fcd11049207350f4b0b08d77ff12682030dc516a72b1b3d2,sheet1:R29,,,
465a0e1f77f739f1-sheet1-R30,2026-03-11,busan-city,금융창업정책관 > 창업벤처담당관,돈풍각,금융창업정책관 현안업무 추진 간담회 개최,420000,465a0e1f77f739f1fcd11049207350f4b0b08d77ff12682030dc516a72b1b3d2,sheet1:R30,,,
465a0e1f77f739f1-sheet1-R31,2026-03-12,busan-city,금융창업정책관 > 창업벤처담당관,한화커넥트㈜,현안업무 추진 간담회 개최(수정),97400,465a0e1f77f739f1fcd11049207350f4b0b08d77ff12682030dc516a72b1b3d2,sheet1:R31,,,
465a0e1f77f739f1-sheet1-R32,2026-03-18,busan-city,금융창업정책관 > 창업벤처담당관,미남스시,현안업무 추진 간담회 개최,135000,465a0e1f77f739f1fcd11049207350f4b0b08d77ff12682030dc516a72b1b3d2,sheet1:R32,,,
465a0e1f77f739f1-sheet1-R33,2026-03-24,busan-city,금융창업정책관 > 창업벤처담당관,해신자연산횟집,현안업무 추진 간담회 개최,450000,465a0e1f77f739f1fcd11049207350f4b0b08d77ff12682030dc516a72b1b3d2,sheet1:R33,,,
465a0e1f77f739f1-sheet1-R34,2026-03-25,busan-city,금융창업정책관 > 창업벤처담당관,몰토 이탈리아노 외 1,현안업무 추진 간담회 개최,150000,465a0e1f77f739f1fcd11049207350f4b0b08d77ff12682030dc516a72b1b3d2,sheet1:R34,,,
465a0e1f77f739f1-sheet1-R35,2026-03-27,busan-city,금융창업정책관 > 창업벤처담당관,우아라,금융창업정책관 현안업무 추진 간담회 개최,207000,465a0e1f77f739f1fcd11049207350f4b0b08d77ff12682030dc516a72b1b3d2,sheet1:R35,,,
465a0e1f77f739f1-sheet1-R36,2026-03-31,busan-city,금융창업정책관 > 창업벤처담당관,부산에뜬고등어시청점,금융창업정책관 현안업무 추진 간담회 개최,67000,465a0e1f77f739f1fcd11049207350f4b0b08d77ff12682030dc516a72b1b3d2,sheet1:R36,,,
3b1e03558f8e6401-sheet1-R5,2026-01-06,busan-city,체육국 > 전국체전기획단,칠암밥상,'26 전국장애학생체전 및 전국소년체전 관련 간담회 개최,115000,3b1e03558f8e6401fa89ccac82f4ff4991b9817f2c7c9899c10894aeb24426ce,sheet1:R5,,,
3b1e03558f8e6401-sheet1-R6,2026-01-13,busan-city,체육국 > 전국체전기획단,명동교자,제20회 전국장애학생체육대회 관련 업무 협의 간담회,61000,3b1e03558f8e6401fa89ccac82f4ff4991b9817f2c7c9899c10894aeb24426ce,sheet1:R6,,,
3b1e03558f8e6401-sheet1-R7,2026-01-14,busan-city,체육국 > 전국체전기획단,메이리,전국체전기획단 부산형 선결제 관련 업무추진비 집행 건의(1차),100000,3b1e03558f8e6401fa89ccac82f4ff4991b9817f2c7c9899c10894aeb24426ce,sheet1:R7,,,
3b1e03558f8e6401-sheet1-R8,2026-01-14,busan-city,체육국 > 전국체전기획단,최가네엄마돼지국밥,전국체전기획단 부산형 선결제 관련 업무추진비 집행 건의(1차),100000,3b1e03558f8e6401fa89ccac82f4ff4991b9817f2c7c9899c10894aeb24426ce,sheet1:R8,,,
3b1e03558f8e6401-sheet1-R9,2026-01-14,busan-city,체육국 > 전국체전기획단,은화횟집 2호점,전국체전기획단 부산형 선결제 관련 업무추진비 집행 건의(1차),100000,3b1e03558f8e6401fa89ccac82f4ff4991b9817f2c7c9899c10894aeb24426ce,sheet1:R9,,,
3b1e03558f8e6401-sheet1-R10,2026-01-14,busan-city,체육국 > 전국체전기획단,카페잇샌드 시청점,전국체전기획단 부산형 선결제 관련 업무추진비 집행 건의(1차),100000,3b1e03558f8e6401fa89ccac82f4ff4991b9817f2c7c9899c10894aeb24426ce,sheet1:R10,,,
3b1e03558f8e6401-sheet1-R11,2026-01-30,busan-city,체육국 > 전국체전기획단,카페 가온비,전국체전기획단 부산형 선결제 관련 업무추진비 집행 건의(2차),100000,3b1e03558f8e6401fa89ccac82f4ff4991b9817f2c7c9899c10894aeb24426ce,sheet1:R11,,,
3b1e03558f8e6401-sheet1-R12,2026-01-30,busan-city,체육국 > 전국체전기획단,메이리,전국체전기획단 부산형 선결제 관련 업무추진비 집행 건의(2차),100000,3b1e03558f8e6401fa89ccac82f4ff4991b9817f2c7c9899c10894aeb24426ce,sheet1:R12,,,
3b1e03558f8e6401-sheet1-R13,2026-01-30,busan-city,체육국 > 전국체전기획단,은화횟집 2호점,전국체전기획단 부산형 선결제 관련 업무추진비 집행 건의(2차),100000,3b1e03558f8e6401fa89ccac82f4ff4991b9817f2c7c9899c10894aeb24426ce,sheet1:R13,,,
3b1e03558f8e6401-sheet1-R14,2026-01-30,busan-city,체육국 > 전국체전기획단,카페잇샌드 시청점,전국체전기획단 부산형 선결제 관련 업무추진비 집행 건의(2차),100000,3b1e03558f8e6401fa89ccac82f4ff4991b9817f2c7c9899c10894aeb24426ce,sheet1:R14,,,
3b1e03558f8e6401-sheet1-R15,2026-02-04,busan-city,체육국 > 전국체전기획단,우나기 만,전국소년(장애학생)체전 자원봉사 운영 관련 간담회 개최,245000,3b1e03558f8e6401fa89ccac82f4ff4991b9817f2c7c9899c10894aeb24426ce,sheet1:R15,,,
3b1e03558f8e6401-sheet1-R16,2026-03-16,busan-city,체육국 > 전국체전기획단,카페 가온비,전국장애학생(소년)체전 숙박·식품 간담회 개최에 따른 음료 구입,19500,3b1e03558f8e6401fa89ccac82f4ff4991b9817f2c7c9899c10894aeb24426ce,sheet1:R16,,,
3b1e03558f8e6401-sheet1-R17,2026-03-26,busan-city,체육국 > 전국체전기획단,기장꼼장어,전국소년(장애학생)체전 홍보 업무 추진 간담회 개최,131000,3b1e03558f8e6401fa89ccac82f4ff4991b9817f2c7c9899c10894aeb24426ce,sheet1:R17,,,
3b1e03558f8e6401-sheet1-R18,2026-03-26,busan-city,체육국 > 전국체전기획단,블루샥 다대포점,전국소년(장애학생)체전 홍보 업무 추진 간담회 개최,38300,3b1e03558f8e6401fa89ccac82f4ff4991b9817f2c7c9899c10894aeb24426ce,sheet1:R18,,,
3b1e03558f8e6401-sheet1-R19,2026-04-08,busan-city,체육국 > 전국체전기획단,푸릇,전국장애학생(소년)체전 의료지원 관련 구군 보건소 회의 다과 구입,60000,3b1e03558f8e6401fa89ccac82f4ff4991b9817f2c7c9899c10894aeb24426ce,sheet1:R19,,,
3b1e03558f8e6401-sheet1-R20,2026-04-08,busan-city,체육국 > 전국체전기획단,GS25 연제애비뉴 2차점,전국장애학생(소년)체전 의료지원 관련 구군 보건소 회의 다과 구입,22000,3b1e03558f8e6401fa89ccac82f4ff4991b9817f2c7c9899c10894aeb24426ce,sheet1:R20,,,
20d788342c8c239e-sheet1-R5,2026-01-30,busan-city,교통정보서비스센터 > 관리팀,몫몫,상임위 참석 직원 격려 간담회,104000,20d788342c8c239ef628e14de76e736c3e61901935dc1b9f9db8a833a33ce220,sheet1:R5,,,
20d788342c8c239e-sheet1-R6,2026-02-10,busan-city,교통정보서비스센터 > 관리팀,샤브20연산점,현안사업 추진을 위한 간담회,90000,20d788342c8c239ef628e14de76e736c3e61901935dc1b9f9db8a833a33ce220,sheet1:R6,,,
20d788342c8c239e-sheet1-R7,2026-02-12,busan-city,교통정보서비스센터 > 관리팀,부산은행,설 명절 직원 격려품 구입,500000,20d788342c8c239ef628e14de76e736c3e61901935dc1b9f9db8a833a33ce220,sheet1:R7,,,
20d788342c8c239e-sheet1-R8,2026-02-12,busan-city,교통정보서비스센터 > 관리팀,떡봄시루,2026년 따뜻한 설 명절 보내기 추진계획,250000,20d788342c8c239ef628e14de76e736c3e61901935dc1b9f9db8a833a33ce220,sheet1:R8,,,
20d788342c8c239e-sheet1-R9,2026-03-17,busan-city,교통정보서비스센터 > 관리팀,울진후포리청솔물회,제334회 임시회 상임위 참석 직원 격려 간담회 지출,100000,20d788342c8c239ef628e14de76e736c3e61901935dc1b9f9db8a833a33ce220,sheet1:R9,,,
20d788342c8c239e-sheet1-R10,2026-03-20,busan-city,교통정보서비스센터 > 관리팀,떡봄시루,내방객을 위한 다과 구입,37500,20d788342c8c239ef628e14de76e736c3e61901935dc1b9f9db8a833a33ce220,sheet1:R10,,,
20d788342c8c239e-sheet1-R11,2026-03-20,busan-city,교통정보서비스센터 > 관리팀,마르타의정원,내방객 기념품 구입,50000,20d788342c8c239ef628e14de76e736c3e61901935dc1b9f9db8a833a33ce220,sheet1:R11,,,
20d788342c8c239e-sheet1-R12,2026-01-21,busan-city,교통정보서비스센터 > 관리팀,샤브20동래점,교통업무시설 및 현안사업 논의를 위한 간담회 개최,114500,20d788342c8c239ef628e14de76e736c3e61901935dc1b9f9db8a833a33ce220,sheet1:R12,,,
f856d167d75cbbd7-sheet1-R5,2026-01-05,busan-city,기획조정실 > 기획관 > 기획담당관,대박통(명륜점),시정 현안 조정을 위한 간담회 개최,160000,f856d167d75cbbd77d36e7fb5cfc64ae4614f7127c8bcbbc6e4c2516295ade9a,sheet1:R5,,,
f856d167d75cbbd7-sheet1-R6,2026-01-08,busan-city,기획조정실 > 기획관 > 기획담당관,미락,주요 시정 상황 논의를 위한 오찬간담회 개최,90000,f856d167d75cbbd77d36e7fb5cfc64ae4614f7127c8bcbbc6e4c2516295ade9a,sheet1:R6,,,
f856d167d75cbbd7-sheet1-R7,2026-01-12,busan-city,기획조정실 > 기획관 > 기획담당관,동진가셀프식당,시정 주요 업무 논의를 위한 간담회 개최,480000,f856d167d75cbbd77d36e7fb5cfc64ae4614f7127c8bcbbc6e4c2516295ade9a,sheet1:R7,,,
f856d167d75cbbd7-sheet1-R8,2026-01-12,busan-city,기획조정실 > 기획관 > 기획담당관,개인(성명 비공개),경조사 격려금 지급,50000,f856d167d75cbbd77d36e7fb5cfc64ae4614f7127c8bcbbc6e4c2516295ade9a,sheet1:R8,,,
f856d167d75cbbd7-sheet1-R9,2026-01-13,busan-city,기획조정실 > 기획관 > 기획담당관,-,경조사 격려금 지급,50000,f856d167d75cbbd77d36e7fb5cfc64ae4614f7127c8bcbbc6e4c2516295ade9a,sheet1:R9,,,
f856d167d75cbbd7-sheet1-R10,2026-01-15,busan-city,기획조정실 > 기획관 > 기획담당관,본참치,시정 정책 및 현안 공유를 위한 간담회 개최,297000,f856d167d75cbbd77d36e7fb5cfc64ae4614f7127c8bcbbc6e4c2516295ade9a,sheet1:R10,,,
f856d167d75cbbd7-sheet1-R11,2026-01-20,busan-city,기획조정실 > 기획관 > 기획담당관,푸짐한마을실비식당,시정 현안 공유 및 협력체계 강화를 위한 간담회 개최,180000,f856d167d75cbbd77d36e7fb5cfc64ae4614f7127c8bcbbc6e4c2516295ade9a,sheet1:R11,,,
f856d167d75cbbd7-sheet1-R12,2026-01-28,busan-city,기획조정실 > 기획관 > 기획담당관,산마루 해장국,시정현안 관련 동향 파악을 위한 간담회 개최,97000,f856d167d75cbbd77d36e7fb5cfc64ae4614f7127c8bcbbc6e4c2516295ade9a,sheet1:R12,,,
f856d167d75cbbd7-sheet1-R13,2026-01-29,busan-city,기획조정실 > 기획관 > 기획담당관,진화라락,시정 주요정책 추진방향 등 현안 논의를 위한 간담회 개최,103000,f856d167d75cbbd77d36e7fb5cfc64ae4614f7127c8bcbbc6e4c2516295ade9a,sheet1:R13,,,
f856d167d75cbbd7-sheet1-R14,2026-01-30,busan-city,기획조정실 > 기획관 > 기획담당관,모담,시정 주요 현안 업무 협약 관련 간담회 개최,430000,f856d167d75cbbd77d36e7fb5cfc64ae4614f7127c8bcbbc6e4c2516295ade9a,sheet1:R14,,,
f856d167d75cbbd7-sheet1-R15,2026-02-04,busan-city,기획조정실 > 기획관 > 기획담당관,세종 오이시외 1개소,시정 주요 현안업무 협의를 위한 중앙부처 방문 관련 간담회 개최,580000,f856d167d75cbbd77d36e7fb5cfc64ae4614f7127c8bcbbc6e4c2516295ade9a,sheet1:R15,,,
f856d167d75cbbd7-sheet1-R16,2026-02-05,busan-city,기획조정실 > 기획관 > 기획담당관,히얼이즈커피 부산시청점,중앙부처 관계자 업무협조를 위한 다과류 구입,477000,f856d167d75cbbd77d36e7fb5cfc64ae4614f7127c8bcbbc6e4c2516295ade9a,sheet1:R16,,,
f856d167d75cbbd7-sheet1-R17,2026-02-10,busan-city,기획조정실 > 기획관 > 기획담당관,주식회사부산어묵고래사,지역경제 활성화를 위한 지역 특산품 구입 건의,480000,f856d167d75cbbd77d36e7fb5cfc64ae4614f7127c8bcbbc6e4c2516295ade9a,sheet1:R17,,,
f856d167d75cbbd7-sheet1-R18,2026-02-09,busan-city,기획조정실 > 기획관 > 기획담당관,우나기 만,시정 정책 방향 협의를 위한 간담회 개최,175000,f856d167d75cbbd77d36e7fb5cfc64ae4614f7127c8bcbbc6e4c2516295ade9a,sheet1:R18,,,
f856d167d75cbbd7-sheet1-R19,2026-02-10,busan-city,기획조정실 > 기획관 > 기획담당관,-,경조사 격려금 지급,50000,f856d167d75cbbd77d36e7fb5cfc64ae4614f7127c8bcbbc6e4c2516295ade9a,sheet1:R19,,,
f856d167d75cbbd7-sheet1-R20,2026-02-10,busan-city,기획조정실 > 기획관 > 기획담당관,웰빙선생오리,시정 주요 정책 방향 논의를 위한 간담회 개최,105000,f856d167d75cbbd77d36e7fb5cfc64ae4614f7127c8bcbbc6e4c2516295ade9a,sheet1:R20,,,
f856d167d75cbbd7-sheet1-R21,2026-02-12,busan-city,기획조정실 > 기획관 > 기획담당관,소제이연산점,현안업무 추진 직원 격려 간담회 개최,277000,f856d167d75cbbd77d36e7fb5cfc64ae4614f7127c8bcbbc6e4c2516295ade9a,sheet1:R21,,,
f856d167d75cbbd7-sheet1-R22,2026-02-12,busan-city,기획조정실 > 기획관 > 기획담당관,칠성상회,2026년 따뜻한 설 명절 보내기 추친 건의,600000,f856d167d75cbbd77d36e7fb5cfc64ae4614f7127c8bcbbc6e4c2516295ade9a,sheet1:R22,,,
f856d167d75cbbd7-sheet1-R23,2026-02-13,busan-city,기획조정실 > 기획관 > 기획담당관,쿠팡외 1개소,2026년 따뜻한 설 명절 보내기 격려물품 구입 건의,457720,f856d167d75cbbd77d36e7fb5cfc64ae4614f7127c8bcbbc6e4c2516295ade9a,sheet1:R23,,,
f856d167d75cbbd7-sheet1-R24,2026-02-23,busan-city,기획조정실 > 기획관 > 기획담당관,(주)신화케이푸드,시정 주요 현안업무를 위한 중앙부처 방문 관련 간담회 개최,348000,f856d167d75cbbd77d36e7fb5cfc64ae4614f7127c8bcbbc6e4c2516295ade9a,sheet1:R24,,,
f856d167d75cbbd7-sheet1-R25,2026-02-27,busan-city,기획조정실 > 기획관 > 기획담당관,-,경조사 격려금 지급,100000,f856d167d75cbbd77d36e7fb5cfc64ae4614f7127c8bcbbc6e4c2516295ade9a,sheet1:R25,,,
f856d167d75cbbd7-sheet1-R26,2026-03-04,busan-city,기획조정실 > 기획관 > 기획담당관,녹산횟집,현안업무 추진 직원 노고 격려 간담회 개최,383000,f856d167d75cbbd77d36e7fb5cfc64ae4614f7127c8bcbbc6e4c2516295ade9a,sheet1:R26,,,
f856d167d75cbbd7-sheet1-R27,2026-03-13,busan-city,기획조정실 > 기획관 > 기획담당관,-,경조사 격려금 지급,50000,f856d167d75cbbd77d36e7fb5cfc64ae4614f7127c8bcbbc6e4c2516295ade9a,sheet1:R27,,,
f856d167d75cbbd7-sheet1-R28,2026-03-12,busan-city,기획조정실 > 기획관 > 기획담당관,(주)워터스톤,시정 주요 현안업무 추진을 위한 간담회 개최,282000,f856d167d75cbbd77d36e7fb5cfc64ae4614f7127c8bcbbc6e4c2516295ade9a,sheet1:R28,,,
f856d167d75cbbd7-sheet1-R29,2026-03-16,busan-city,기획조정실 > 기획관 > 기획담당관,(주)신화케이푸드,시정 현안 관련 논의를 위한 중앙부처 관계자와의 간담회 개최,300000,f856d167d75cbbd77d36e7fb5cfc64ae4614f7127c8bcbbc6e4c2516295ade9a,sheet1:R29,,,
f856d167d75cbbd7-sheet1-R30,2026-03-23,busan-city,기획조정실 > 기획관 > 기획담당관,-,경조사 격려금 지급,50000,f856d167d75cbbd77d36e7fb5cfc64ae4614f7127c8bcbbc6e4c2516295ade9a,sheet1:R30,,,
f856d167d75cbbd7-sheet1-R31,2026-03-23,busan-city,기획조정실 > 기획관 > 기획담당관,-,경조사 격려금 지급,50000,f856d167d75cbbd77d36e7fb5cfc64ae4614f7127c8bcbbc6e4c2516295ade9a,sheet1:R31,,,
f856d167d75cbbd7-sheet1-R32,2026-03-24,busan-city,기획조정실 > 기획관 > 기획담당관,국시랑술이랑,시정 주요사업 성과 및 현안 논의 간담회 개최,169500,f856d167d75cbbd77d36e7fb5cfc64ae4614f7127c8bcbbc6e4c2516295ade9a,sheet1:R32,,,
f856d167d75cbbd7-sheet1-R33,2026-03-25,busan-city,기획조정실 > 기획관 > 기획담당관,최가네엄마돼지국밥,시정 현안사업 관련 의견청취를 위한 간담회 개최,18000,f856d167d75cbbd77d36e7fb5cfc64ae4614f7127c8bcbbc6e4c2516295ade9a,sheet1:R33,,,
f856d167d75cbbd7-sheet1-R34,2026-03-26,busan-city,기획조정실 > 기획관 > 기획담당관,외백,원활한 시정 운영을 위한 중앙부처 자문회의 참석 관련 간담회 개최,327000,f856d167d75cbbd77d36e7fb5cfc64ae4614f7127c8bcbbc6e4c2516295ade9a,sheet1:R34,,,
f856d167d75cbbd7-sheet1-R35,2026-03-30,busan-city,기획조정실 > 기획관 > 기획담당관,삼미오리집,시정 현안업무 논의 및 소통강화를 위한 관계자 간담회 개최,294000,f856d167d75cbbd77d36e7fb5cfc64ae4614f7127c8bcbbc6e4c2516295ade9a,sheet1:R35,,,
f856d167d75cbbd7-sheet2-R5,2026-01-02,busan-city,기획조정실 > 기획관 > 기획담당관,딤하우,시정 운영 방향 협의를 위한 간담회 개최,196000,f856d167d75cbbd77d36e7fb5cfc64ae4614f7127c8bcbbc6e4c2516295ade9a,sheet2:R5,,,
f856d167d75cbbd7-sheet2-R6,2026-01-09,busan-city,기획조정실 > 기획관 > 기획담당관,남해회관,시정 주요 현안 조정 및 논의를 위한 간담회 개최,254000,f856d167d75cbbd77d36e7fb5cfc64ae4614f7127c8bcbbc6e4c2516295ade9a,sheet2:R6,,,
f856d167d75cbbd7-sheet2-R7,2026-01-13,busan-city,기획조정실 > 기획관 > 기획담당관,청마루아구찜외 4개소,2026년 상반기 상임위원회와의 오찬 간담회 개최,2149000,f856d167d75cbbd77d36e7fb5cfc64ae4614f7127c8bcbbc6e4c2516295ade9a,sheet2:R7,,,
f856d167d75cbbd7-sheet2-R8,2026-01-13,busan-city,기획조정실 > 기획관 > 기획담당관,엔제리너스 롯데백소공식당가/롯데지알에스외 4개소,특별법 제정 추진 위한 국회 및 중앙부처 방문 관련 간담회 개최 건의,370200,f856d167d75cbbd77d36e7fb5cfc64ae4614f7127c8bcbbc6e4c2516295ade9a,sheet2:R8,,,
f856d167d75cbbd7-sheet2-R9,2026-01-13,busan-city,기획조정실 > 기획관 > 기획담당관,-,경조사 격려금 지급,50000,f856d167d75cbbd77d36e7fb5cfc64ae4614f7127c8bcbbc6e4c2516295ade9a,sheet2:R9,,,
f856d167d75cbbd7-sheet2-R10,2026-01-15,busan-city,기획조정실 > 기획관 > 기획담당관,함양가,지역 현안 협력을 위한 간담회 개최,330000,f856d167d75cbbd77d36e7fb5cfc64ae4614f7127c8bcbbc6e4c2516295ade9a,sheet2:R10,,,
f856d167d75cbbd7-sheet2-R11,2026-01-16,busan-city,기획조정실 > 기획관 > 기획담당관,수영양곱창,시정 주요정책 추진방향 등 현안 논의를 위한 간담회 개최,194000,f856d167d75cbbd77d36e7fb5cfc64ae4614f7127c8bcbbc6e4c2516295ade9a,sheet2:R11,,,
f856d167d75cbbd7-sheet2-R12,2026-01-19,busan-city,기획조정실 > 기획관 > 기획담당관,만성횟집,시정 현안 사항 논의를 위한 간담회 개최,259000,f856d167d75cbbd77d36e7fb5cfc64ae4614f7127c8bcbbc6e4c2516295ade9a,sheet2:R12,,,
f856d167d75cbbd7-sheet2-R13,2026-01-22,busan-city,기획조정실 > 기획관 > 기획담당관,에잇스타외 1개소,특별법 제정 추진 위한 중앙부처 방문 관련 간담회 개최 건의,91200,f856d167d75cbbd77d36e7fb5cfc64ae4614f7127c8bcbbc6e4c2516295ade9a,sheet2:R13,,,
f856d167d75cbbd7-sheet2-R14,2026-01-23,busan-city,기획조정실 > 기획관 > 기획담당관,나성족발2호점,시정 주요 현안사항 논의를 위한 간담회 개최,153000,f856d167d75cbbd77d36e7fb5cfc64ae4614f7127c8bcbbc6e4c2516295ade9a,sheet2:R14,,,
f856d167d75cbbd7-sheet2-R15,2026-01-29,busan-city,기획조정실 > 기획관 > 기획담당관,"연제지역자활센터, 카페가온비",2차 공공기관 이전추진단 TF회의 참석자 다과 구입,100000,f856d167d75cbbd77d36e7fb5cfc64ae4614f7127c8bcbbc6e4c2516295ade9a,sheet2:R15,,,
f856d167d75cbbd7-sheet2-R16,2026-01-30,busan-city,기획조정실 > 기획관 > 기획담당관,영도통닭 시청점,시정 운영 방향 논의를 위한 간담회 개최,170500,f856d167d75cbbd77d36e7fb5cfc64ae4614f7127c8bcbbc6e4c2516295ade9a,sheet2:R16,,,
f856d167d75cbbd7-sheet2-R17,2026-02-04,busan-city,기획조정실 > 기획관 > 기획담당관,주식회사 큐매니지먼트,지역현안 대응 및 특별법 제정 추진 위한 국회 방문 관련 간담회 개최 건의,196000,f856d167d75cbbd77d36e7fb5cfc64ae4614f7127c8bcbbc6e4c2516295ade9a,sheet2:R17,,,
f856d167d75cbbd7-sheet2-R18,2026-02-06,busan-city,기획조정실 > 기획관 > 기획담당관,딤하우,시정 운영 방향 협의를 위한 간담회 개최,130000,f856d167d75cbbd77d36e7fb5cfc64ae4614f7127c8bcbbc6e4c2516295ade9a,sheet2:R18,,,
f856d167d75cbbd7-sheet2-R19,2026-02-10,busan-city,기획조정실 > 기획관 > 기획담당관,-,경조사 격려금 지급,50000,f856d167d75cbbd77d36e7fb5cfc64ae4614f7127c8bcbbc6e4c2516295ade9a,sheet2:R19,,,
f856d167d75cbbd7-sheet2-R20,2026-02-12,busan-city,기획조정실 > 기획관 > 기획담당관,구일비 시청점,시정 협력체계 강화를 위한 관계자 간담회 개최,246900,f856d167d75cbbd77d36e7fb5cfc64ae4614f7127c8bcbbc6e4c2516295ade9a,sheet2:R20,,,
f856d167d75cbbd7-sheet2-R21,2026-02-13,busan-city,기획조정실 > 기획관 > 기획담당관,부흥숯불갈비,시정 현안 업무를 위한 간담회 개최,189000,f856d167d75cbbd77d36e7fb5cfc64ae4614f7127c8bcbbc6e4c2516295ade9a,sheet2:R21,,,
f856d167d75cbbd7-sheet2-R22,2026-02-20,busan-city,기획조정실 > 기획관 > 기획담당관,이도식당,특별법 제정 추진 위한 국회 방문 간담회 개최 건의(수정),480000,f856d167d75cbbd77d36e7fb5cfc64ae4614f7127c8bcbbc6e4c2516295ade9a,sheet2:R22,,,
f856d167d75cbbd7-sheet2-R23,2026-02-20,busan-city,기획조정실 > 기획관 > 기획담당관,원조부산갈매기,시정 현안 업무를 위한 간담회 개최 건의,160500,f856d167d75cbbd77d36e7fb5cfc64ae4614f7127c8bcbbc6e4c2516295ade9a,sheet2:R23,,,
f856d167d75cbbd7-sheet2-R24,2026-02-24,busan-city,기획조정실 > 기획관 > 기획담당관,부자회관 부산시청점,현안업무 추진 직원 노고 격려 간담회 개최,407500,f856d167d75cbbd77d36e7fb5cfc64ae4614f7127c8bcbbc6e4c2516295ade9a,sheet2:R24,,,
f856d167d75cbbd7-sheet2-R25,2026-02-27,busan-city,기획조정실 > 기획관 > 기획담당관,비스트로 타마르,현안업무 추진 직원 노고 격려 간담회 개최,139000,f856d167d75cbbd77d36e7fb5cfc64ae4614f7127c8bcbbc6e4c2516295ade9a,sheet2:R25,,,
f856d167d75cbbd7-sheet2-R26,2026-03-04,busan-city,기획조정실 > 기획관 > 기획담당관,외백,원활한 시정 운영을 위한 국회 방문 간담회 개최 건의,149000,f856d167d75cbbd77d36e7fb5cfc64ae4614f7127c8bcbbc6e4c2516295ade9a,sheet2:R26,,,
f856d167d75cbbd7-sheet2-R27,2026-03-04,busan-city,기획조정실 > 기획관 > 기획담당관,아나바,원활한 시정 운영을 위한 국회 방문 간담회 개최 건의,258000,f856d167d75cbbd77d36e7fb5cfc64ae4614f7127c8bcbbc6e4c2516295ade9a,sheet2:R27,,,
f856d167d75cbbd7-sheet2-R28,2026-03-05,busan-city,기획조정실 > 기획관 > 기획담당관,메이리 연,현안업무 추진 직원 노고 격려 간담회 개최,116000,f856d167d75cbbd77d36e7fb5cfc64ae4614f7127c8bcbbc6e4c2516295ade9a,sheet2:R28,,,
f856d167d75cbbd7-sheet2-R29,2026-03-10,busan-city,기획조정실 > 기획관 > 기획담당관,(주)현대그린푸드 국회본관식당(카페)외 3개소,글로벌허브도시 특별법 관련 행안부 관계자 간담회 개최,401300,f856d167d75cbbd77d36e7fb5cfc64ae4614f7127c8bcbbc6e4c2516295ade9a,sheet2:R29,,,
f856d167d75cbbd7-sheet2-R30,2026-03-10,busan-city,기획조정실 > 기획관 > 기획담당관,웰빙선생오리,시정 주요 현안에 대한 유기적 협조를 위한 관계자 간담회 개최,210000,f856d167d75cbbd77d36e7fb5cfc64ae4614f7127c8bcbbc6e4c2516295ade9a,sheet2:R30,,,
f856d167d75cbbd7-sheet2-R31,2026-03-10,busan-city,기획조정실 > 기획관 > 기획담당관,팔미초밥,시정 주요 정책 추진에 대한 관계자 간담회 개최,121000,f856d167d75cbbd77d36e7fb5cfc64ae4614f7127c8bcbbc6e4c2516295ade9a,sheet2:R31,,,
f856d167d75cbbd7-sheet2-R32,2026-03-13,busan-city,기획조정실 > 기획관 > 기획담당관,당감댁,시정 현안 관련 주요 동향 파악을 위한 간담회 개최,57000,f856d167d75cbbd77d36e7fb5cfc64ae4614f7127c8bcbbc6e4c2516295ade9a,sheet2:R32,,,
f856d167d75cbbd7-sheet2-R33,2026-03-13,busan-city,기획조정실 > 기획관 > 기획담당관,-,경조사 격려금 지급,50000,f856d167d75cbbd77d36e7fb5cfc64ae4614f7127c8bcbbc6e4c2516295ade9a,sheet2:R33,,,
f856d167d75cbbd7-sheet2-R34,2026-03-23,busan-city,기획조정실 > 기획관 > 기획담당관,한화커넥트 (주)외 1개소,글로벌허브도시 특별법 추진 관련 국회 방문 간담회 개최,133900,f856d167d75cbbd77d36e7fb5cfc64ae4614f7127c8bcbbc6e4c2516295ade9a,sheet2:R34,,,
f856d167d75cbbd7-sheet2-R35,2026-03-23,busan-city,기획조정실 > 기획관 > 기획담당관,-,경조사 격려금 지급,50000,f856d167d75cbbd77d36e7fb5cfc64ae4614f7127c8bcbbc6e4c2516295ade9a,sheet2:R35,,,
f856d167d75cbbd7-sheet2-R36,2026-03-23,busan-city,기획조정실 > 기획관 > 기획담당관,-,경조사 격려금 지급,50000,f856d167d75cbbd77d36e7fb5cfc64ae4614f7127c8bcbbc6e4c2516295ade9a,sheet2:R36,,,
f856d167d75cbbd7-sheet2-R37,2026-03-23,busan-city,기획조정실 > 기획관 > 기획담당관,동진가셀프식당,중앙지 기자와의 간담회 개최,210000,f856d167d75cbbd77d36e7fb5cfc64ae4614f7127c8bcbbc6e4c2516295ade9a,sheet2:R37,,,
f856d167d75cbbd7-sheet2-R38,2026-03-24,busan-city,기획조정실 > 기획관 > 기획담당관,낚시고기횟집,주요 시정 업무 논의를 위한 간담회 개최,300000,f856d167d75cbbd77d36e7fb5cfc64ae4614f7127c8bcbbc6e4c2516295ade9a,sheet2:R38,,,
f856d167d75cbbd7-sheet2-R39,2026-03-24,busan-city,기획조정실 > 기획관 > 기획담당관,낚시고기횟집,부산지 기자와의 간담회 개최,395000,f856d167d75cbbd77d36e7fb5cfc64ae4614f7127c8bcbbc6e4c2516295ade9a,sheet2:R39,,,
f856d167d75cbbd7-sheet3-R5,2026-01-08,busan-city,기획조정실 > 기획관 > 기획담당관,신촌,시정 주요 사업 논의를 위한 오찬간담회 개최,45000,f856d167d75cbbd77d36e7fb5cfc64ae4614f7127c8bcbbc6e4c2516295ade9a,sheet3:R5,,,
f856d167d75cbbd7-sheet3-R6,2026-01-12,busan-city,기획조정실 > 기획관 > 기획담당관,(주)플래티넘페이먼츠,부서 운영물품(다과 등) 구입,484960,f856d167d75cbbd77d36e7fb5cfc64ae4614f7127c8bcbbc6e4c2516295ade9a,sheet3:R6,,,
f856d167d75cbbd7-sheet3-R7,2026-01-12,busan-city,기획조정실 > 기획관 > 기획담당관,"연제지역자활센터, 카페가온비",이전공공기관 지역인재 채용률 향상방안 관련 회의 참석자 다과 구입,72000,f856d167d75cbbd77d36e7fb5cfc64ae4614f7127c8bcbbc6e4c2516295ade9a,sheet3:R7,,,
f856d167d75cbbd7-sheet3-R8,2026-01-16,busan-city,기획조정실 > 기획관 > 기획담당관,후스,2026년 지역균형발전사업 평가 관련 간담회 개최,360000,f856d167d75cbbd77d36e7fb5cfc64ae4614f7127c8bcbbc6e4c2516295ade9a,sheet3:R8,,,
f856d167d75cbbd7-sheet3-R9,2026-01-29,busan-city,기획조정실 > 기획관 > 기획담당관,웰빙선생오리,시정 운영방향 논의 및 업무 협력 강화를 위한 간담회 개최,70000,f856d167d75cbbd77d36e7fb5cfc64ae4614f7127c8bcbbc6e4c2516295ade9a,sheet3:R9,,,
f856d167d75cbbd7-sheet3-R10,2026-02-04,busan-city,기획조정실 > 기획관 > 기획담당관,부자회관 부산시청점,시정 운영 방향 협의를 위한 간담회 개최,480000,f856d167d75cbbd77d36e7fb5cfc64ae4614f7127c8bcbbc6e4c2516295ade9a,sheet3:R10,,,
f856d167d75cbbd7-sheet3-R11,2026-02-09,busan-city,기획조정실 > 기획관 > 기획담당관,노랑통닭 부산시청점,혁신도시 지역물품 우선구매 관련 간담회 개최,126000,f856d167d75cbbd77d36e7fb5cfc64ae4614f7127c8bcbbc6e4c2516295ade9a,sheet3:R11,,,
f856d167d75cbbd7-sheet3-R12,2026-02-10,busan-city,기획조정실 > 기획관 > 기획담당관,(주)신세계백화점영등포점,국회의원실 방문 다과 구입,450000,f856d167d75cbbd77d36e7fb5cfc64ae4614f7127c8bcbbc6e4c2516295ade9a,sheet3:R12,,,
f856d167d75cbbd7-sheet3-R13,2026-02-11,busan-city,기획조정실 > 기획관 > 기획담당관,부자회관 부산시청점,시정 협력체계 강화를 위한 관계자 간담회 개최,220000,f856d167d75cbbd77d36e7fb5cfc64ae4614f7127c8bcbbc6e4c2516295ade9a,sheet3:R13,,,
f856d167d75cbbd7-sheet3-R14,2026-02-12,busan-city,기획조정실 > 기획관 > 기획담당관,투썸플레이스부산시청점,부서 운영물품(다과 등) 구입,96000,f856d167d75cbbd77d36e7fb5cfc64ae4614f7127c8bcbbc6e4c2516295ade9a,sheet3:R14,,,
f856d167d75cbbd7-sheet3-R15,2026-03-04,busan-city,기획조정실 > 기획관 > 기획담당관,에스에스지페이먼츠,부서 운영물품(다과 등) 구입,361340,f856d167d75cbbd77d36e7fb5cfc64ae4614f7127c8bcbbc6e4c2516295ade9a,sheet3:R15,,,
f856d167d75cbbd7-sheet3-R16,2026-03-09,busan-city,기획조정실 > 기획관 > 기획담당관,경복궁앤도시락서여의도점(주)엔타스외 1개소,글로벌허브도시 특별법 관련 행안위 관계자 간담회 개최,210000,f856d167d75cbbd77d36e7fb5cfc64ae4614f7127c8bcbbc6e4c2516295ade9a,sheet3:R16,,,
f856d167d75cbbd7-sheet3-R17,2026-03-10,busan-city,기획조정실 > 기획관 > 기획담당관,함양가,지방분권 활성화 관련 간담회 개최,160000,f856d167d75cbbd77d36e7fb5cfc64ae4614f7127c8bcbbc6e4c2516295ade9a,sheet3:R17,,,
f856d167d75cbbd7-sheet3-R18,2026-03-12,busan-city,기획조정실 > 기획관 > 기획담당관,마키노차야 더가우,공공기관 2차 이전 관련 국토부 관계자 간담회 개최,84000,f856d167d75cbbd77d36e7fb5cfc64ae4614f7127c8bcbbc6e4c2516295ade9a,sheet3:R18,,,
f856d167d75cbbd7-sheet3-R19,2026-03-23,busan-city,기획조정실 > 기획관 > 기획담당관,동진가셀프식당,시정 주요 현안 논의를 위한 간담회 개최,300000,f856d167d75cbbd77d36e7fb5cfc64ae4614f7127c8bcbbc6e4c2516295ade9a,sheet3:R19,,,
46037021319bf4f9-sheet1-R3,2026-01-05,busan-city,행정자치국 > 총무과,명가,2026년 주요행사 일정 논의 간담회 개최,434000,46037021319bf4f915c0a52482defbcebcff6e2422d573c98bc0be4f99ef6fc8,sheet1:R3,,,
46037021319bf4f9-sheet1-R4,2026-01-07,busan-city,행정자치국 > 총무과,영덕대게,2026년 주요행사 개최 관련 논의 간담회 개최,448000,46037021319bf4f915c0a52482defbcebcff6e2422d573c98bc0be4f99ef6fc8,sheet1:R4,,,
46037021319bf4f9-sheet1-R5,2026-01-09,busan-city,행정자치국 > 총무과,리오네(Rione),시정 성과 홍보 강화방안 마련 간담회 개최,366500,46037021319bf4f915c0a52482defbcebcff6e2422d573c98bc0be4f99ef6fc8,sheet1:R5,,,
46037021319bf4f9-sheet1-R6,2026-01-21,busan-city,행정자치국 > 총무과,본도시락 시청점외 1,직원식당 현업근무자 격려 간담회 개최,459800,46037021319bf4f915c0a52482defbcebcff6e2422d573c98bc0be4f99ef6fc8,sheet1:R6,,,
46037021319bf4f9-sheet1-R7,2026-03-03,busan-city,행정자치국 > 총무과,이박사 생종이오겹,경제정책 추진 논의 간담회 개최,282000,46037021319bf4f915c0a52482defbcebcff6e2422d573c98bc0be4f99ef6fc8,sheet1:R7,,,
46037021319bf4f9-sheet1-R8,2026-03-05,busan-city,행정자치국 > 총무과,제주옥탑,주요행사 디자인 선진화 논의를 위한 간담회,446000,46037021319bf4f915c0a52482defbcebcff6e2422d573c98bc0be4f99ef6fc8,sheet1:R8,,,
46037021319bf4f9-sheet1-R9,2026-03-14,busan-city,행정자치국 > 총무과,코페이_비,「제5회 부산광역시체육회장배 축구대회」선수격려 간담회 개최,480000,46037021319bf4f915c0a52482defbcebcff6e2422d573c98bc0be4f99ef6fc8,sheet1:R9,,,
46037021319bf4f9-sheet1-R10,2026-03-06,busan-city,행정자치국 > 총무과,광안다이닝,웰니스관광 클러스터 활성화 논의 간담회 개최,468000,46037021319bf4f915c0a52482defbcebcff6e2422d573c98bc0be4f99ef6fc8,sheet1:R10,,,
46037021319bf4f9-sheet1-R11,2026-03-16,busan-city,행정자치국 > 총무과,야키토리로만광안점,세계디자인수도 사업 추진 성과 격려 간담회,355200,46037021319bf4f915c0a52482defbcebcff6e2422d573c98bc0be4f99ef6fc8,sheet1:R11,,,
46037021319bf4f9-sheet1-R12,2026-03-19,busan-city,행정자치국 > 총무과,은화횟집 2호점,도모헌 현안업무 추진 직원 격려간담회,480000,46037021319bf4f915c0a52482defbcebcff6e2422d573c98bc0be4f99ef6fc8,sheet1:R12,,,
46037021319bf4f9-sheet1-R13,2026-03-19,busan-city,행정자치국 > 총무과,삿뽀로,시정 홍보 추진방안 논의 간담회 개최,480000,46037021319bf4f915c0a52482defbcebcff6e2422d573c98bc0be4f99ef6fc8,sheet1:R13,,,
46037021319bf4f9-sheet1-R14,2026-03-27,busan-city,행정자치국 > 총무과,백화양곱창6호,시민중심 소통행정 추진성과 격려 간담회 개최,300000,46037021319bf4f915c0a52482defbcebcff6e2422d573c98bc0be4f99ef6fc8,sheet1:R14,,,
46037021319bf4f9-sheet1-R15,2026-01-05,busan-city,행정자치국 > 총무과,씨드(SEA.D),시정 방문기념품 구입(기장미역),2700000,46037021319bf4f915c0a52482defbcebcff6e2422d573c98bc0be4f99ef6fc8,sheet1:R15,,,
46037021319bf4f9-sheet1-R16,2026-01-08,busan-city,행정자치국 > 총무과,모모스커피 주식회사,시정홍보 방문기념품 구입(사계커피),1800000,46037021319bf4f915c0a52482defbcebcff6e2422d573c98bc0be4f99ef6fc8,sheet1:R16,,,
46037021319bf4f9-sheet1-R17,2026-01-07,busan-city,행정자치국 > 총무과,만객당,보훈단체 방문 기념품 구입,240000,46037021319bf4f915c0a52482defbcebcff6e2422d573c98bc0be4f99ef6fc8,sheet1:R17,,,
46037021319bf4f9-sheet1-R18,2026-01-16,busan-city,행정자치국 > 총무과,사단법인 부산광역시무형문화재연합회,시정홍보 방문기념품 구입(황동소주잔),2500000,46037021319bf4f915c0a52482defbcebcff6e2422d573c98bc0be4f99ef6fc8,sheet1:R18,,,
46037021319bf4f9-sheet1-R19,2026-01-15,busan-city,행정자치국 > 총무과,주식회사 디자인부산,대외협력 추진 기념품 구입,320000,46037021319bf4f915c0a52482defbcebcff6e2422d573c98bc0be4f99ef6fc8,sheet1:R19,,,
46037021319bf4f9-sheet1-R20,2026-01-16,busan-city,행정자치국 > 총무과,모모스커피 주식회사,시정홍보 방문기념품 구입(사계커피),2880000,46037021319bf4f915c0a52482defbcebcff6e2422d573c98bc0be4f99ef6fc8,sheet1:R20,,,
46037021319bf4f9-sheet1-R21,2026-01-12,busan-city,행정자치국 > 총무과,부산맛집 주식회사,하단시장 등 민생현장방문 투어 의전 관계자 간담회,89500,46037021319bf4f915c0a52482defbcebcff6e2422d573c98bc0be4f99ef6fc8,sheet1:R21,,,
46037021319bf4f9-sheet1-R22,2026-01-02,busan-city,행정자치국 > 총무과,프렌즈클럽,부산 지역대학교 학생연합회 간담회 개최,752000,46037021319bf4f915c0a52482defbcebcff6e2422d573c98bc0be4f99ef6fc8,sheet1:R22,,,
46037021319bf4f9-sheet1-R23,2026-01-13,busan-city,행정자치국 > 총무과,맥도날드부산덕천DT점,민생현장 방문 관계자와의 간담회 개최,22200,46037021319bf4f915c0a52482defbcebcff6e2422d573c98bc0be4f99ef6fc8,sheet1:R23,,,
46037021319bf4f9-sheet1-R24,2026-01-13,busan-city,행정자치국 > 총무과,주식회사이레옥,차세대기업인클럽 대상 특강 관련 관계자 간담회,76000,46037021319bf4f915c0a52482defbcebcff6e2422d573c98bc0be4f99ef6fc8,sheet1:R24,,,
46037021319bf4f9-sheet1-R25,2026-01-14,busan-city,행정자치국 > 총무과,한화커넥트 (주)외 1,부산 출향인사 신년인사회 의전 관계자 간담회,72400,46037021319bf4f915c0a52482defbcebcff6e2422d573c98bc0be4f99ef6fc8,sheet1:R25,,,
46037021319bf4f9-sheet1-R26,2026-01-16,busan-city,행정자치국 > 총무과,금수복국 온천점,시 주요 행사 의전 관계자 간담회,138000,46037021319bf4f915c0a52482defbcebcff6e2422d573c98bc0be4f99ef6fc8,sheet1:R26,,,
46037021319bf4f9-sheet1-R27,2026-01-19,busan-city,행정자치국 > 총무과,스타벅스 코리아,화물자동차운송사업협회 정기총회 의전 관계자 간담회,31700,46037021319bf4f915c0a52482defbcebcff6e2422d573c98bc0be4f99ef6fc8,sheet1:R27,,,
46037021319bf4f9-sheet1-R28,2026-01-20,busan-city,행정자치국 > 총무과,더브레드앤버터,시정홍보 방문기념품 구입(티플레이트),5230000,46037021319bf4f915c0a52482defbcebcff6e2422d573c98bc0be4f99ef6fc8,sheet1:R28,,,
46037021319bf4f9-sheet1-R29,2026-01-22,busan-city,행정자치국 > 총무과,태오(TAEO),크루즈 관광산업 활성화 논의 간담회 개최,422000,46037021319bf4f915c0a52482defbcebcff6e2422d573c98bc0be4f99ef6fc8,sheet1:R29,,,
46037021319bf4f9-sheet1-R30,2026-01-22,busan-city,행정자치국 > 총무과,(주)풍원장 에스에이치,부산일보 창간 80주년 비전 선포식 의전 관계자 간담회,101000,46037021319bf4f915c0a52482defbcebcff6e2422d573c98bc0be4f99ef6fc8,sheet1:R30,,,
46037021319bf4f9-sheet1-R31,2026-01-23,busan-city,행정자치국 > 총무과,어보제철소,도시브랜드 인지도 향상을 위한 간담회 개최,366000,46037021319bf4f915c0a52482defbcebcff6e2422d573c98bc0be4f99ef6fc8,sheet1:R31,,,
46037021319bf4f9-sheet1-R32,2026-01-04,busan-city,행정자치국 > 총무과,이디야 김해국제공항국제선점외 2,공무국외출자 의전 관련 주요기관 관계자 간담회,125300,46037021319bf4f915c0a52482defbcebcff6e2422d573c98bc0be4f99ef6fc8,sheet1:R32,,,
46037021319bf4f9-sheet1-R33,2026-01-28,busan-city,행정자치국 > 총무과,씨드(SEA.D),시정홍보 방문기념품 구입(기장미역),2700000,46037021319bf4f915c0a52482defbcebcff6e2422d573c98bc0be4f99ef6fc8,sheet1:R33,,,
46037021319bf4f9-sheet1-R34,2026-02-04,busan-city,행정자치국 > 총무과,모모스커피 주식회사,시정홍보 방문기념품 구입(부산드립커피),1980000,46037021319bf4f915c0a52482defbcebcff6e2422d573c98bc0be4f99ef6fc8,sheet1:R34,,,
46037021319bf4f9-sheet1-R35,2026-01-28,busan-city,행정자치국 > 총무과,광안다이닝,대형행사 성공개최를 위한 대책논의 간담회,450000,46037021319bf4f915c0a52482defbcebcff6e2422d573c98bc0be4f99ef6fc8,sheet1:R35,,,
46037021319bf4f9-sheet1-R36,2026-01-28,busan-city,행정자치국 > 총무과,독도참가자미,민생현장방문 관계자와의 간담회 개최,64000,46037021319bf4f915c0a52482defbcebcff6e2422d573c98bc0be4f99ef6fc8,sheet1:R36,,,
46037021319bf4f9-sheet1-R37,2026-01-29,busan-city,행정자치국 > 총무과,부자회관 부산시청점,금융중심지 강화방안 논의 간담회 개최,480000,46037021319bf4f915c0a52482defbcebcff6e2422d573c98bc0be4f99ef6fc8,sheet1:R37,,,
46037021319bf4f9-sheet1-R38,2026-01-29,busan-city,행정자치국 > 총무과,지호한방삼계탕 개금역점,우리동네 ESG 센터 개소식 관련 의전 관계자 간담회,153000,46037021319bf4f915c0a52482defbcebcff6e2422d573c98bc0be4f99ef6fc8,sheet1:R38,,,
46037021319bf4f9-sheet1-R39,2026-01-29,busan-city,행정자치국 > 총무과,온천충무김밥외 2,시 주요 행사의 원활한 추진을 위한 관계자 간담회,102700,46037021319bf4f915c0a52482defbcebcff6e2422d573c98bc0be4f99ef6fc8,sheet1:R39,,,
46037021319bf4f9-sheet1-R40,2026-01-30,busan-city,행정자치국 > 총무과,하동한우국밥,지역 반도체산업 활성화 논의 간담회 개최,450000,46037021319bf4f915c0a52482defbcebcff6e2422d573c98bc0be4f99ef6fc8,sheet1:R40,,,
46037021319bf4f9-sheet1-R41,2026-01-31,busan-city,행정자치국 > 총무과,부민정,부산연탄은행 방문 등 행사 관계자 간담회,67000,46037021319bf4f915c0a52482defbcebcff6e2422d573c98bc0be4f99ef6fc8,sheet1:R41,,,
46037021319bf4f9-sheet1-R42,2026-02-02,busan-city,행정자치국 > 총무과,다금외 1,가덕대교~송정IC 건설공사 기공식 행사 관계자 간담회,75400,46037021319bf4f915c0a52482defbcebcff6e2422d573c98bc0be4f99ef6fc8,sheet1:R42,,,
46037021319bf4f9-sheet1-R43,2026-02-05,busan-city,행정자치국 > 총무과,메이리,청사방호 유관기관 간담회 개최,300000,46037021319bf4f915c0a52482defbcebcff6e2422d573c98bc0be4f99ef6fc8,sheet1:R43,,,
46037021319bf4f9-sheet1-R44,2026-02-03,busan-city,행정자치국 > 총무과,봉평막국수,인터뷰 등 방송촬영 관련 의전 관계자 간담회,119000,46037021319bf4f915c0a52482defbcebcff6e2422d573c98bc0be4f99ef6fc8,sheet1:R44,,,
46037021319bf4f9-sheet1-R45,2026-02-03,busan-city,행정자치국 > 총무과,취원,국내외 주요인사 의전 관련 논의를 위한 간담회,480000,46037021319bf4f915c0a52482defbcebcff6e2422d573c98bc0be4f99ef6fc8,sheet1:R45,,,
46037021319bf4f9-sheet1-R46,2026-02-06,busan-city,행정자치국 > 총무과,동자상회,보훈업무 추진협조를 위한 보훈복지회관 등 방문계획,1200000,46037021319bf4f915c0a52482defbcebcff6e2422d573c98bc0be4f99ef6fc8,sheet1:R46,,,
46037021319bf4f9-sheet1-R47,2026-02-06,busan-city,행정자치국 > 총무과,토종먹거리,설 명절 물가안정 대책 논의 간담회 개최,480000,46037021319bf4f915c0a52482defbcebcff6e2422d573c98bc0be4f99ef6fc8,sheet1:R47,,,
46037021319bf4f9-sheet1-R48,2026-01-26,busan-city,행정자치국 > 총무과,풀무원푸드앤컬처 김해공항 말똥도넛,국내외 주요 인사 의전을 위한 유관 기관 관계자 간담회,101300,46037021319bf4f915c0a52482defbcebcff6e2422d573c98bc0be4f99ef6fc8,sheet1:R48,,,
46037021319bf4f9-sheet1-R49,2026-02-10,busan-city,행정자치국 > 총무과,지에스 더 프레시(GS THE FRESH) 부산시청점,설 명절 청사방호 근무자 및 유관기관 관계자 격려물품 전달 건의,480000,46037021319bf4f915c0a52482defbcebcff6e2422d573c98bc0be4f99ef6fc8,sheet1:R49,,,
46037021319bf4f9-sheet1-R50,2026-02-19,busan-city,행정자치국 > 총무과,주식회사 바이비,시정홍보 방문기념품 구입(청년꿀세트),2500000,46037021319bf4f915c0a52482defbcebcff6e2422d573c98bc0be4f99ef6fc8,sheet1:R50,,,
46037021319bf4f9-sheet1-R51,2026-02-10,busan-city,행정자치국 > 총무과,부산동백전_KICC_C외 3,청년G대 톡투유 행사 관계자 간담회,112500,46037021319bf4f915c0a52482defbcebcff6e2422d573c98bc0be4f99ef6fc8,sheet1:R51,,,
46037021319bf4f9-sheet1-R52,2026-02-11,busan-city,행정자치국 > 총무과,모모스커피(주) 도모헌점외 2,상반기 주요 국제행사 참석 내빈 의전을 위한 간담회,444000,46037021319bf4f915c0a52482defbcebcff6e2422d573c98bc0be4f99ef6fc8,sheet1:R52,,,
46037021319bf4f9-sheet1-R53,2026-02-11,busan-city,행정자치국 > 총무과,김정옥엄나무삼계탕,신평골목시장 현장방문 관계자 간담회,63000,46037021319bf4f915c0a52482defbcebcff6e2422d573c98bc0be4f99ef6fc8,sheet1:R53,,,
46037021319bf4f9-sheet1-R54,2026-02-27,busan-city,행정자치국 > 총무과,씨드(SEA.D),시정홍보 방문기념품 구입(기장미역),2700000,46037021319bf4f915c0a52482defbcebcff6e2422d573c98bc0be4f99ef6fc8,sheet1:R54,,,
46037021319bf4f9-sheet1-R55,2026-02-23,busan-city,행정자치국 > 총무과,큐제외 1,보훈단체 복지지원 사업 관련 간담회 개최,480000,46037021319bf4f915c0a52482defbcebcff6e2422d573c98bc0be4f99ef6fc8,sheet1:R55,,,
46037021319bf4f9-sheet1-R56,2026-02-23,busan-city,행정자치국 > 총무과,본가어탕,해운대그린시티아파트 입주자대표연합회 관계자 간담회,52000,46037021319bf4f915c0a52482defbcebcff6e2422d573c98bc0be4f99ef6fc8,sheet1:R56,,,
46037021319bf4f9-sheet1-R57,2026-02-25,busan-city,행정자치국 > 총무과,오라,센텀2지구 도시첨단산단(도심융합특구) 착공식 관련 간담회 개최,480000,46037021319bf4f915c0a52482defbcebcff6e2422d573c98bc0be4f99ef6fc8,sheet1:R57,,,
46037021319bf4f9-sheet1-R58,2026-03-01,busan-city,행정자치국 > 총무과,감포참가자미,제107주년 3.1절 관련 보훈현안 간담회 개최,421000,46037021319bf4f915c0a52482defbcebcff6e2422d573c98bc0be4f99ef6fc8,sheet1:R58,,,
46037021319bf4f9-sheet1-R59,2026-03-10,busan-city,행정자치국 > 총무과,모모스커피 주식회사,시정홍보 방문기념품 구입(부산사계커피),3600000,46037021319bf4f915c0a52482defbcebcff6e2422d573c98bc0be4f99ef6fc8,sheet1:R59,,,
46037021319bf4f9-sheet1-R60,2026-03-04,busan-city,행정자치국 > 총무과,청산1954,도모헌 연말 행사 추진 논의를 위한 간담회 개최,200000,46037021319bf4f915c0a52482defbcebcff6e2422d573c98bc0be4f99ef6fc8,sheet1:R60,,,
46037021319bf4f9-sheet1-R61,2026-03-05,busan-city,행정자치국 > 총무과,벌교궁꼬막한정식외 1,국경일 행사 업무 협의를 위한 간담회 개최,326800,46037021319bf4f915c0a52482defbcebcff6e2422d573c98bc0be4f99ef6fc8,sheet1:R61,,,
46037021319bf4f9-sheet1-R62,2026-03-04,busan-city,행정자치국 > 총무과,(주)타이빈,시 주요 행사 유관기관과의 협의를 위한 간담회,87000,46037021319bf4f915c0a52482defbcebcff6e2422d573c98bc0be4f99ef6fc8,sheet1:R62,,,
46037021319bf4f9-sheet1-R63,2026-03-10,busan-city,행정자치국 > 총무과,육화연,시청사 환경개선을 위한 우수 건축물 벤치마킹을 위한 간담회 및 차담회,240000,46037021319bf4f915c0a52482defbcebcff6e2422d573c98bc0be4f99ef6fc8,sheet1:R63,,,
46037021319bf4f9-sheet1-R64,2026-03-10,busan-city,행정자치국 > 총무과,소잡는어부,보훈행사관련 현안 간담회 개최,480000,46037021319bf4f915c0a52482defbcebcff6e2422d573c98bc0be4f99ef6fc8,sheet1:R64,,,
46037021319bf4f9-sheet1-R65,2026-03-10,busan-city,행정자치국 > 총무과,모모스커피(주) 도모헌점,도모헌 전시대관 선정 자문회의(2차) 다과 구입,39200,46037021319bf4f915c0a52482defbcebcff6e2422d573c98bc0be4f99ef6fc8,sheet1:R65,,,
46037021319bf4f9-sheet1-R66,2026-03-09,busan-city,행정자치국 > 총무과,(주)부산롯데호텔외 1,사상기업발전협의회 정기총회 관계자 간담회,189000,46037021319bf4f915c0a52482defbcebcff6e2422d573c98bc0be4f99ef6fc8,sheet1:R66,,,
46037021319bf4f9-sheet1-R67,2026-03-11,busan-city,행정자치국 > 총무과,차마당양갱,보안업무 협의를 위한 간담회 개최,102000,46037021319bf4f915c0a52482defbcebcff6e2422d573c98bc0be4f99ef6fc8,sheet1:R67,,,
46037021319bf4f9-sheet1-R68,2026-03-14,busan-city,행정자치국 > 총무과,주식회사 이흥용과자점 칠암사계,부산시체육회장배 축구대회 관계자 간담회,141600,46037021319bf4f915c0a52482defbcebcff6e2422d573c98bc0be4f99ef6fc8,sheet1:R68,,,
46037021319bf4f9-sheet1-R69,2026-02-04,busan-city,행정자치국 > 총무과,식당3선 덕천점외 1,만덕센텀고속화도로 현장방문 관련 논의를 위한 간담회,88600,46037021319bf4f915c0a52482defbcebcff6e2422d573c98bc0be4f99ef6fc8,sheet1:R69,,,
46037021319bf4f9-sheet1-R70,2026-02-05,busan-city,행정자치국 > 총무과,취원3,관내 주요 기관 방문 관련 협의를 위한 간담회,137000,46037021319bf4f915c0a52482defbcebcff6e2422d573c98bc0be4f99ef6fc8,sheet1:R70,,,
46037021319bf4f9-sheet1-R71,2026-02-21,busan-city,행정자치국 > 총무과,(주)부산롯데호텔,부산시 약사회 정기총회 행사 관계자 간담회,203000,46037021319bf4f915c0a52482defbcebcff6e2422d573c98bc0be4f99ef6fc8,sheet1:R71,,,
46037021319bf4f9-sheet1-R72,2026-02-24,busan-city,행정자치국 > 총무과,빨간등대외 1,문화정책포럼 행사 의전을 위한 간담회,108690,46037021319bf4f915c0a52482defbcebcff6e2422d573c98bc0be4f99ef6fc8,sheet1:R72,,,
46037021319bf4f9-sheet1-R73,2026-02-25,busan-city,행정자치국 > 총무과,스타벅스 코리아외 2,미래도시혁신포럼 행사 의전을 위한 간담회,80000,46037021319bf4f915c0a52482defbcebcff6e2422d573c98bc0be4f99ef6fc8,sheet1:R73,,,
46037021319bf4f9-sheet1-R74,2026-02-25,busan-city,행정자치국 > 총무과,트리플에이커피 보수사거리점,민생현장방문 관련 관계자 간담회,30000,46037021319bf4f915c0a52482defbcebcff6e2422d573c98bc0be4f99ef6fc8,sheet1:R74,,,
46037021319bf4f9-sheet1-R75,2026-02-26,busan-city,행정자치국 > 총무과,영도한우외 1,부산항개항150주년 기념행사 행사 의전을 위한 간담회,68500,46037021319bf4f915c0a52482defbcebcff6e2422d573c98bc0be4f99ef6fc8,sheet1:R75,,,
46037021319bf4f9-sheet1-R76,2026-02-26,busan-city,행정자치국 > 총무과,버거인뉴욕,한일친선협회 신년회 행사 의전을 위한 간담회,68000,46037021319bf4f915c0a52482defbcebcff6e2422d573c98bc0be4f99ef6fc8,sheet1:R76,,,
46037021319bf4f9-sheet1-R77,2026-02-28,busan-city,행정자치국 > 총무과,텐퍼센트커피,파크골프 토크콘서트 행사 의전을 위한 간담회,48300,46037021319bf4f915c0a52482defbcebcff6e2422d573c98bc0be4f99ef6fc8,sheet1:R77,,,
46037021319bf4f9-sheet1-R78,2026-02-28,busan-city,행정자치국 > 총무과,롯데리아 동래허심청점,부산 한의사회 정기 총회 행사 의전을 위한 간담회,119900,46037021319bf4f915c0a52482defbcebcff6e2422d573c98bc0be4f99ef6fc8,sheet1:R78,,,
46037021319bf4f9-sheet1-R79,2026-03-17,busan-city,행정자치국 > 총무과,주식회사 바로테이스티외 1,택시운송사업조합 정기총회 행사 관계자 간담회,59900,46037021319bf4f915c0a52482defbcebcff6e2422d573c98bc0be4f99ef6fc8,sheet1:R79,,,
46037021319bf4f9-sheet1-R80,2026-03-19,busan-city,행정자치국 > 총무과,선과홍 티하우스외 1,영도 부활 프로젝트 정책브리핑 행사 관계자 간담회 개최,144500,46037021319bf4f915c0a52482defbcebcff6e2422d573c98bc0be4f99ef6fc8,sheet1:R80,,,
46037021319bf4f9-sheet1-R81,2026-03-19,busan-city,행정자치국 > 총무과,에이제신관외 1,시정 주요시책 홍보를 위한 언론인 간담회 개최,316200,46037021319bf4f915c0a52482defbcebcff6e2422d573c98bc0be4f99ef6fc8,sheet1:R81,,,
46037021319bf4f9-sheet1-R82,2026-03-20,busan-city,행정자치국 > 총무과,미미락락,수산업 발전방안 의견수렴 간담회 개최,453000,46037021319bf4f915c0a52482defbcebcff6e2422d573c98bc0be4f99ef6fc8,sheet1:R82,,,
46037021319bf4f9-sheet1-R83,2026-03-20,busan-city,행정자치국 > 총무과,(주)신세계백화점센텀시티점외 2,부산시정 공감 토크쇼 행사 관계자 간담회,119200,46037021319bf4f915c0a52482defbcebcff6e2422d573c98bc0be4f99ef6fc8,sheet1:R83,,,
46037021319bf4f9-sheet1-R84,2026-03-21,busan-city,행정자치국 > 총무과,곰보식당,제23회 대저토마토 축제 관계자 간담회,78000,46037021319bf4f915c0a52482defbcebcff6e2422d573c98bc0be4f99ef6fc8,sheet1:R84,,,
46037021319bf4f9-sheet1-R85,2026-03-24,busan-city,행정자치국 > 총무과,금강만두외 1,글로벌허브도시 부산을 말하다 행사 관계자 간담회,88300,46037021319bf4f915c0a52482defbcebcff6e2422d573c98bc0be4f99ef6fc8,sheet1:R85,,,
46037021319bf4f9-sheet1-R86,2026-03-26,busan-city,행정자치국 > 총무과,예이제,부산 도시공간전략 대전환 국제 컨퍼런스 개최에 따른 간담회 개최,798000,46037021319bf4f915c0a52482defbcebcff6e2422d573c98bc0be4f99ef6fc8,sheet1:R86,,,
46037021319bf4f9-sheet1-R87,2026-03-26,busan-city,행정자치국 > 총무과,브뤼트피자,낙동오원 정책브리핑 행사 관계자 간담회,49900,46037021319bf4f915c0a52482defbcebcff6e2422d573c98bc0be4f99ef6fc8,sheet1:R87,,,
46037021319bf4f9-sheet1-R88,2026-03-31,busan-city,행정자치국 > 총무과,주식회사 우리의맛남 정성순대,2026 여수세계섬박람회 개최 설명회 관계자 간담회,150000,46037021319bf4f915c0a52482defbcebcff6e2422d573c98bc0be4f99ef6fc8,sheet1:R88,,,
46037021319bf4f9-sheet1-R89,2026-03-31,busan-city,행정자치국 > 총무과,19버거테이블(부산시청점)외 1,시 주요 행사 의전 관계자 업무 간담회,82100,46037021319bf4f915c0a52482defbcebcff6e2422d573c98bc0be4f99ef6fc8,sheet1:R89,,,
46037021319bf4f9-sheet1-R90,2026-03-09,busan-city,행정자치국 > 총무과,(주)부산롯데호텔,부산시 운수정비단체협의회 행사 관계자 간담회,82000,46037021319bf4f915c0a52482defbcebcff6e2422d573c98bc0be4f99ef6fc8,sheet1:R90,,,
46037021319bf4f9-sheet1-R91,2026-03-18,busan-city,행정자치국 > 총무과,주문진막국수외 1,시 주요행사 의전 관계자 격려 간담회,86200,46037021319bf4f915c0a52482defbcebcff6e2422d573c98bc0be4f99ef6fc8,sheet1:R91,,,
46037021319bf4f9-sheet1-R92,2026-03-18,busan-city,행정자치국 > 총무과,카페요있다,부울경경제동맹추진본부 출범식 행사 관계자 간담회,31500,46037021319bf4f915c0a52482defbcebcff6e2422d573c98bc0be4f99ef6fc8,sheet1:R92,,,
46037021319bf4f9-sheet1-R93,2026-03-21,busan-city,행정자치국 > 총무과,도피오커피벡스코제2전시장점,부산 치의학 전시회 개막식 행사 관계자 차담회,29800,46037021319bf4f915c0a52482defbcebcff6e2422d573c98bc0be4f99ef6fc8,sheet1:R93,,,
46037021319bf4f9-sheet1-R94,2026-03-25,busan-city,행정자치국 > 총무과,마당집,협약형 특성화고등학교 업무 협약식 행사 관계자 간담회,140000,46037021319bf4f915c0a52482defbcebcff6e2422d573c98bc0be4f99ef6fc8,sheet1:R94,,,
46037021319bf4f9-sheet1-R95,2026-03-27,busan-city,행정자치국 > 총무과,도리원,강변환경공원 파크골프장 추가 조성 개소식 관계자 간담회,106000,46037021319bf4f915c0a52482defbcebcff6e2422d573c98bc0be4f99ef6fc8,sheet1:R95,,,
46037021319bf4f9-sheet1-R96,2026-03-29,busan-city,행정자치국 > 총무과,제주복국,부산복합문화공간 새모 개관식 의전 관계자 간담회,105000,46037021319bf4f915c0a52482defbcebcff6e2422d573c98bc0be4f99ef6fc8,sheet1:R96,,,
46037021319bf4f9-sheet1-R97,2026-03-30,busan-city,행정자치국 > 총무과,진해물산(주)용장어요리전문점외 1,도시철도 양산선 운영 업무협약식 의전 관계자 간담회,161300,46037021319bf4f915c0a52482defbcebcff6e2422d573c98bc0be4f99ef6fc8,sheet1:R97,,,
46037021319bf4f9-sheet1-R98,2026-01-01,busan-city,행정자치국 > 총무과,스타벅스 코리아,신년참배 의전 관계자와의 간담회,37600,46037021319bf4f915c0a52482defbcebcff6e2422d573c98bc0be4f99ef6fc8,sheet1:R98,,,
46037021319bf4f9-sheet2-R3,2026-01-02,busan-city,행정자치국 > 총무과,생복집,시정 주요 현안 공감대 형성 방안 마련을 위한 간담회 개최,81000,46037021319bf4f915c0a52482defbcebcff6e2422d573c98bc0be4f99ef6fc8,sheet2:R3,,,
46037021319bf4f9-sheet2-R4,2026-01-02,busan-city,행정자치국 > 총무과,파스쿠찌 부산비즈니스호텔,시정 현안 논의를 위한 관계자 차 간담회 개최,6500,46037021319bf4f915c0a52482defbcebcff6e2422d573c98bc0be4f99ef6fc8,sheet2:R4,,,
46037021319bf4f9-sheet2-R5,2026-01-02,busan-city,행정자치국 > 총무과,원조본가산곰장어집,지역 현안 사업 논의를 위한 유관기관 관계자 간담회 개최,348000,46037021319bf4f915c0a52482defbcebcff6e2422d573c98bc0be4f99ef6fc8,sheet2:R5,,,
46037021319bf4f9-sheet2-R6,2026-01-05,busan-city,행정자치국 > 총무과,우나기만외1,가덕도신공항 사업 추진 일정 논의를 위한 관계자 간담회 개최,120500,46037021319bf4f915c0a52482defbcebcff6e2422d573c98bc0be4f99ef6fc8,sheet2:R6,,,
46037021319bf4f9-sheet2-R7,2026-01-05,busan-city,행정자치국 > 총무과,은행나무집외1,시정 현안 설명 및 대외협력 강화 방안 마련을 위한 간담회 개최,120200,46037021319bf4f915c0a52482defbcebcff6e2422d573c98bc0be4f99ef6fc8,sheet2:R7,,,
46037021319bf4f9-sheet2-R8,2026-01-05,busan-city,행정자치국 > 총무과,삿뽀로,향후 시정 운영 방향 및 현안 사업 논의를 위한 관계자 등 간담회 개최,420000,46037021319bf4f915c0a52482defbcebcff6e2422d573c98bc0be4f99ef6fc8,sheet2:R8,,,
46037021319bf4f9-sheet2-R9,2026-01-05,busan-city,행정자치국 > 총무과,㈜오발탄에프에스,시정 홍보 방안 및 현안논의를 위한 업무관계자 간담회,172000,46037021319bf4f915c0a52482defbcebcff6e2422d573c98bc0be4f99ef6fc8,sheet2:R9,,,
46037021319bf4f9-sheet2-R10,2026-01-05,busan-city,행정자치국 > 총무과,부자회관 부산시청점,주요 현안 설명 및 홍보를 위한 간담회 개최,137000,46037021319bf4f915c0a52482defbcebcff6e2422d573c98bc0be4f99ef6fc8,sheet2:R10,,,
46037021319bf4f9-sheet2-R11,2026-01-05,busan-city,행정자치국 > 총무과,한가정,대외협력 관련 현안 논의를 위한 업무관계자 간담회 개최,180000,46037021319bf4f915c0a52482defbcebcff6e2422d573c98bc0be4f99ef6fc8,sheet2:R11,,,
46037021319bf4f9-sheet2-R12,2026-01-05,busan-city,행정자치국 > 총무과,은화횟집,시정 주요 현안 공감대 형성 방안 마련을 위한 간담회 개최,210000,46037021319bf4f915c0a52482defbcebcff6e2422d573c98bc0be4f99ef6fc8,sheet2:R12,,,
46037021319bf4f9-sheet2-R13,2026-01-06,busan-city,행정자치국 > 총무과,현풍 닭칼국수 부산시청점외1,대외협력 강화 방안 논의를 위한 간담회 개최,89900,46037021319bf4f915c0a52482defbcebcff6e2422d573c98bc0be4f99ef6fc8,sheet2:R13,,,
46037021319bf4f9-sheet2-R14,2026-01-06,busan-city,행정자치국 > 총무과,부용당,대외협력 관련 현안 논의를 위한 업무관계자 간담회 개최,63000,46037021319bf4f915c0a52482defbcebcff6e2422d573c98bc0be4f99ef6fc8,sheet2:R14,,,
46037021319bf4f9-sheet2-R15,2026-01-06,busan-city,행정자치국 > 총무과,어심횟집,가덕도신공항 부지조성공사 현안 논의를 위한 관계자 간담회 개최,124000,46037021319bf4f915c0a52482defbcebcff6e2422d573c98bc0be4f99ef6fc8,sheet2:R15,,,
46037021319bf4f9-sheet2-R16,2026-01-06,busan-city,행정자치국 > 총무과,삿뽀로,시정 주요정책 협력을 위한 간담회 개최,145000,46037021319bf4f915c0a52482defbcebcff6e2422d573c98bc0be4f99ef6fc8,sheet2:R16,,,
46037021319bf4f9-sheet2-R17,2026-01-07,busan-city,행정자치국 > 총무과,낚시고기횟집외1,국회 소통 강화 및 협력 방안 마련을 위한 간담회 개최,134800,46037021319bf4f915c0a52482defbcebcff6e2422d573c98bc0be4f99ef6fc8,sheet2:R17,,,
46037021319bf4f9-sheet2-R18,2026-01-07,busan-city,행정자치국 > 총무과,만성횟집,지역 언론 동향 청취를 위한 언론관계자 간담회 개최,60000,46037021319bf4f915c0a52482defbcebcff6e2422d573c98bc0be4f99ef6fc8,sheet2:R18,,,
46037021319bf4f9-sheet2-R19,2026-01-08,busan-city,행정자치국 > 총무과,부산에뜬고등어,시정현안 협력을 위한 언론관계자 간담회 개최,50000,46037021319bf4f915c0a52482defbcebcff6e2422d573c98bc0be4f99ef6fc8,sheet2:R19,,,
46037021319bf4f9-sheet2-R20,2026-01-08,busan-city,행정자치국 > 총무과,함양가,지역 언론 동향 청취를 위한 언론관계자 간담회 개최,90000,46037021319bf4f915c0a52482defbcebcff6e2422d573c98bc0be4f99ef6fc8,sheet2:R20,,,
46037021319bf4f9-sheet2-R21,2026-01-08,busan-city,행정자치국 > 총무과,취원,시정 홍보 방안 및 현안논의를 위한 업무관계자 간담회,60000,46037021319bf4f915c0a52482defbcebcff6e2422d573c98bc0be4f99ef6fc8,sheet2:R21,,,
46037021319bf4f9-sheet2-R22,2026-01-09,busan-city,행정자치국 > 총무과,동화대반점,시정 협력요청 관련 유관기관 간담회 개최,233000,46037021319bf4f915c0a52482defbcebcff6e2422d573c98bc0be4f99ef6fc8,sheet2:R22,,,
46037021319bf4f9-sheet2-R23,2026-01-09,busan-city,행정자치국 > 총무과,풍문2층,국회 소통 강화 및 협력 방안 마련을 위한 간담회 개최,184000,46037021319bf4f915c0a52482defbcebcff6e2422d573c98bc0be4f99ef6fc8,sheet2:R23,,,
46037021319bf4f9-sheet2-R24,2026-01-09,busan-city,행정자치국 > 총무과,도곡수산,가덕도신공항 사업 현안 논의를 위한 관계자 간담회 개최,132000,46037021319bf4f915c0a52482defbcebcff6e2422d573c98bc0be4f99ef6fc8,sheet2:R24,,,
46037021319bf4f9-sheet2-R25,2026-01-12,busan-city,행정자치국 > 총무과,숨터,2026년 지역 국회의원 보좌진 초청 현장설명회 관련 관계자 차담회 개최,40500,46037021319bf4f915c0a52482defbcebcff6e2422d573c98bc0be4f99ef6fc8,sheet2:R25,,,
46037021319bf4f9-sheet2-R26,2026-01-12,busan-city,행정자치국 > 총무과,일봉초밥,주요 현안 설명 및 홍보를 위한 간담회 개최,480000,46037021319bf4f915c0a52482defbcebcff6e2422d573c98bc0be4f99ef6fc8,sheet2:R26,,,
46037021319bf4f9-sheet2-R27,2026-01-12,busan-city,행정자치국 > 총무과,돌집,대외협력 관련 현안 논의를 위한 업무관계자 간담회 개최,200000,46037021319bf4f915c0a52482defbcebcff6e2422d573c98bc0be4f99ef6fc8,sheet2:R27,,,
46037021319bf4f9-sheet2-R28,2026-01-13,busan-city,행정자치국 > 총무과,양산박,지역 언론 동향 청취를 위한 언론관계자 간담회 개최,69000,46037021319bf4f915c0a52482defbcebcff6e2422d573c98bc0be4f99ef6fc8,sheet2:R28,,,
46037021319bf4f9-sheet2-R29,2026-01-13,busan-city,행정자치국 > 총무과,초록섬미역,시정 주요정책 협력을 위한 간담회 개최,105000,46037021319bf4f915c0a52482defbcebcff6e2422d573c98bc0be4f99ef6fc8,sheet2:R29,,,
46037021319bf4f9-sheet2-R30,2026-01-13,busan-city,행정자치국 > 총무과,연제 제일식당외1,국회와의 소통 강화를 위한 간담회 개최,107500,46037021319bf4f915c0a52482defbcebcff6e2422d573c98bc0be4f99ef6fc8,sheet2:R30,,,
46037021319bf4f9-sheet2-R31,2026-01-13,busan-city,행정자치국 > 총무과,대가 박명호스시,시정 현안 소통을 위한 언론사 관계자 간담회 개최,394000,46037021319bf4f915c0a52482defbcebcff6e2422d573c98bc0be4f99ef6fc8,sheet2:R31,,,
46037021319bf4f9-sheet2-R32,2026-01-13,busan-city,행정자치국 > 총무과,부용당,시정 현안 소통 강화를 위한 언론사 관계자 간담회 개최,63000,46037021319bf4f915c0a52482defbcebcff6e2422d573c98bc0be4f99ef6fc8,sheet2:R32,,,
46037021319bf4f9-sheet2-R33,2026-01-13,busan-city,행정자치국 > 총무과,교동면옥,대외협력 관련 현안 논의를 위한 업무관계자 간담회 개최,234000,46037021319bf4f915c0a52482defbcebcff6e2422d573c98bc0be4f99ef6fc8,sheet2:R33,,,
46037021319bf4f9-sheet2-R34,2026-01-13,busan-city,행정자치국 > 총무과,취원,대외협력 관련 현안 논의를 위한 간담회 개최,60000,46037021319bf4f915c0a52482defbcebcff6e2422d573c98bc0be4f99ef6fc8,sheet2:R34,,,
46037021319bf4f9-sheet2-R35,2026-01-14,busan-city,행정자치국 > 총무과,제일옥,대외협력 관련 현안논의를 위한 간담회,72000,46037021319bf4f915c0a52482defbcebcff6e2422d573c98bc0be4f99ef6fc8,sheet2:R35,,,
46037021319bf4f9-sheet2-R36,2026-01-14,busan-city,행정자치국 > 총무과,주식회사 베르데외1,국회 소통 강화 및 협력 방안 마련을 위한 간담회 개최,149000,46037021319bf4f915c0a52482defbcebcff6e2422d573c98bc0be4f99ef6fc8,sheet2:R36,,,
46037021319bf4f9-sheet2-R37,2026-01-14,busan-city,행정자치국 > 총무과,㈜ 롯데호텔,시정 협력 방안 마련을 위한 국회 관계자 간담회 개최,357400,46037021319bf4f915c0a52482defbcebcff6e2422d573c98bc0be4f99ef6fc8,sheet2:R37,,,
46037021319bf4f9-sheet2-R38,2026-01-15,busan-city,행정자치국 > 총무과,부산브랜드샵,대외협력 추진 기념품구입,320000,46037021319bf4f915c0a52482defbcebcff6e2422d573c98bc0be4f99ef6fc8,sheet2:R38,,,
46037021319bf4f9-sheet2-R39,2026-01-15,busan-city,행정자치국 > 총무과,청마루아구찜,시정 주요정책 협력을 위한 간담회 개최,144700,46037021319bf4f915c0a52482defbcebcff6e2422d573c98bc0be4f99ef6fc8,sheet2:R39,,,
46037021319bf4f9-sheet2-R40,2026-01-15,busan-city,행정자치국 > 총무과,동해도본점,언론 동향 청취 및 협력을 위한 관계자 간담회 개최,80000,46037021319bf4f915c0a52482defbcebcff6e2422d573c98bc0be4f99ef6fc8,sheet2:R40,,,
46037021319bf4f9-sheet2-R41,2026-01-15,busan-city,행정자치국 > 총무과,진송추어탕,가덕도신공항 사업 추진 상황 논의를 위한 언론사 관계자 간담회개최,33000,46037021319bf4f915c0a52482defbcebcff6e2422d573c98bc0be4f99ef6fc8,sheet2:R41,,,
46037021319bf4f9-sheet2-R42,2026-01-15,busan-city,행정자치국 > 총무과,주식회사 갓솥비바에이,시정 현안사업 대외협력을 위한 간담회 개최,30000,46037021319bf4f915c0a52482defbcebcff6e2422d573c98bc0be4f99ef6fc8,sheet2:R42,,,
46037021319bf4f9-sheet2-R43,2026-01-15,busan-city,행정자치국 > 총무과,급행장,지역 언론 동향 청취를 위한 언론관계자 간담회 개최,317000,46037021319bf4f915c0a52482defbcebcff6e2422d573c98bc0be4f99ef6fc8,sheet2:R43,,,
46037021319bf4f9-sheet2-R44,2026-01-16,busan-city,행정자치국 > 총무과,만성횟집,의회 소통 강화 및 협력 방안 마련을 위한 간담회 개최,125000,46037021319bf4f915c0a52482defbcebcff6e2422d573c98bc0be4f99ef6fc8,sheet2:R44,,,
46037021319bf4f9-sheet2-R45,2026-01-16,busan-city,행정자치국 > 총무과,예이제,국회와의 협력 방안 마련을 위한 간담회 개최,196000,46037021319bf4f915c0a52482defbcebcff6e2422d573c98bc0be4f99ef6fc8,sheet2:R45,,,
46037021319bf4f9-sheet2-R46,2026-01-16,busan-city,행정자치국 > 총무과,만성횟집,시정 주요 현안 공감대 형성 방안 마련을 위한 간담회 개최,246000,46037021319bf4f915c0a52482defbcebcff6e2422d573c98bc0be4f99ef6fc8,sheet2:R46,,,
46037021319bf4f9-sheet2-R47,2026-01-16,busan-city,행정자치국 > 총무과,오막집,언론 동향 청취 및 협력을 위한 관계자 간담회 개최,318000,46037021319bf4f915c0a52482defbcebcff6e2422d573c98bc0be4f99ef6fc8,sheet2:R47,,,
46037021319bf4f9-sheet2-R48,2026-01-16,busan-city,행정자치국 > 총무과,식당3선 덕척점,"2026년 지역 국회의원 보좌진 초청 현장설명회 만찬간담회(1회차,1.16.)",700000,46037021319bf4f915c0a52482defbcebcff6e2422d573c98bc0be4f99ef6fc8,sheet2:R48,,,
46037021319bf4f9-sheet2-R49,2026-01-19,busan-city,행정자치국 > 총무과,KCP,내방객 접대용 커피 구입,128300,46037021319bf4f915c0a52482defbcebcff6e2422d573c98bc0be4f99ef6fc8,sheet2:R49,,,
46037021319bf4f9-sheet2-R50,2026-01-19,busan-city,행정자치국 > 총무과,공무원매점,시정 현안 협력를 위한 유관기관 방문 간식 구입,150000,46037021319bf4f915c0a52482defbcebcff6e2422d573c98bc0be4f99ef6fc8,sheet2:R50,,,
46037021319bf4f9-sheet2-R51,2026-01-19,busan-city,행정자치국 > 총무과,수정궁,가덕도신공항 적정 건설 공기 논의를 위한 관계자 간담회 개최,126000,46037021319bf4f915c0a52482defbcebcff6e2422d573c98bc0be4f99ef6fc8,sheet2:R51,,,
46037021319bf4f9-sheet2-R52,2026-01-19,busan-city,행정자치국 > 총무과,몽중헌공덕,국회와의 협력 방안 마련을 위한 간담회 개최,437000,46037021319bf4f915c0a52482defbcebcff6e2422d573c98bc0be4f99ef6fc8,sheet2:R52,,,
46037021319bf4f9-sheet2-R53,2026-01-20,busan-city,행정자치국 > 총무과,풍미,지역 언론 동향 청취를 위한 언론관계자 간담회 개최,200000,46037021319bf4f915c0a52482defbcebcff6e2422d573c98bc0be4f99ef6fc8,sheet2:R53,,,
46037021319bf4f9-sheet2-R54,2026-01-20,busan-city,행정자치국 > 총무과,부산압구정한우갈비,가덕도신공항 지반공사 공법 논의를 위한 기술특별위원회 간담회 개최,32000,46037021319bf4f915c0a52482defbcebcff6e2422d573c98bc0be4f99ef6fc8,sheet2:R54,,,
46037021319bf4f9-sheet2-R55,2026-01-20,busan-city,행정자치국 > 총무과,강어,국회 소통 강화 및 협력 방안 마련을 위한 간담회 개최,440000,46037021319bf4f915c0a52482defbcebcff6e2422d573c98bc0be4f99ef6fc8,sheet2:R55,,,
46037021319bf4f9-sheet2-R56,2026-01-20,busan-city,행정자치국 > 총무과,삼삼초장집,가덕도신공항 사업 관련 지역여론 청취를 위한 언론사 관계자 간담회 개최,257000,46037021319bf4f915c0a52482defbcebcff6e2422d573c98bc0be4f99ef6fc8,sheet2:R56,,,
46037021319bf4f9-sheet2-R57,2026-01-20,busan-city,행정자치국 > 총무과,부용당,시정 현안사업 대외협력을 위한 간담회 개최,67000,46037021319bf4f915c0a52482defbcebcff6e2422d573c98bc0be4f99ef6fc8,sheet2:R57,,,
46037021319bf4f9-sheet2-R58,2026-01-20,busan-city,행정자치국 > 총무과,이카,언론 동향 청취 및 협력을 위한 관계자 간담회 개최,314000,46037021319bf4f915c0a52482defbcebcff6e2422d573c98bc0be4f99ef6fc8,sheet2:R58,,,
46037021319bf4f9-sheet2-R59,2026-01-21,busan-city,행정자치국 > 총무과,월남면반외1,국회와의 협력 강화를 위한 간담회 개최,96700,46037021319bf4f915c0a52482defbcebcff6e2422d573c98bc0be4f99ef6fc8,sheet2:R59,,,
46037021319bf4f9-sheet2-R60,2026-01-21,busan-city,행정자치국 > 총무과,취원,지역 언론 동향 청취를 위한 언론관계자 간담회 개최,70000,46037021319bf4f915c0a52482defbcebcff6e2422d573c98bc0be4f99ef6fc8,sheet2:R60,,,
46037021319bf4f9-sheet2-R61,2026-01-21,busan-city,행정자치국 > 총무과,㈜사미헌,시정 현안 논의와 협력을 위한 간담회 개최,360000,46037021319bf4f915c0a52482defbcebcff6e2422d573c98bc0be4f99ef6fc8,sheet2:R61,,,
46037021319bf4f9-sheet2-R62,2026-01-21,busan-city,행정자치국 > 총무과,어플러스,국회와의 협력 방안 마련을 위한 간담회 개최,420000,46037021319bf4f915c0a52482defbcebcff6e2422d573c98bc0be4f99ef6fc8,sheet2:R62,,,
46037021319bf4f9-sheet2-R63,2026-01-21,busan-city,행정자치국 > 총무과,급행장,가덕도신공항 접근 교통망 구축 사업 추진 현황 점검을 위한 관계자 간담호 개최,169000,46037021319bf4f915c0a52482defbcebcff6e2422d573c98bc0be4f99ef6fc8,sheet2:R63,,,
46037021319bf4f9-sheet2-R64,2026-01-21,busan-city,행정자치국 > 총무과,술술술,시정 현안 논의와 협력을 위한 간담회 개최,276000,46037021319bf4f915c0a52482defbcebcff6e2422d573c98bc0be4f99ef6fc8,sheet2:R64,,,
46037021319bf4f9-sheet2-R65,2026-01-21,busan-city,행정자치국 > 총무과,부산댁 부산시청점,시정 현안사업 대외협력을 위한 간담회 개최,377000,46037021319bf4f915c0a52482defbcebcff6e2422d573c98bc0be4f99ef6fc8,sheet2:R65,,,
46037021319bf4f9-sheet2-R66,2026-01-21,busan-city,행정자치국 > 총무과,일광수산횟집,지역 현안 사업 논의를 위한 국회 관 관계자 간담회 개최,300000,46037021319bf4f915c0a52482defbcebcff6e2422d573c98bc0be4f99ef6fc8,sheet2:R66,,,
46037021319bf4f9-sheet2-R67,2026-01-22,busan-city,행정자치국 > 총무과,마파람 해물찜 해물탕 시청직영점,지역 언론 동향 청취 및 협력을 위한 관계자 간담회 개최,361500,46037021319bf4f915c0a52482defbcebcff6e2422d573c98bc0be4f99ef6fc8,sheet2:R67,,,
46037021319bf4f9-sheet2-R68,2026-01-22,busan-city,행정자치국 > 총무과,영도한우,국회 협력 강화를 위한 간담회 개최,450000,46037021319bf4f915c0a52482defbcebcff6e2422d573c98bc0be4f99ef6fc8,sheet2:R68,,,
46037021319bf4f9-sheet2-R69,2026-01-22,busan-city,행정자치국 > 총무과,돈풍각,가덕도신공항 사업 현안 협의를 위한 유관기관 관계자 간담회 개최,480000,46037021319bf4f915c0a52482defbcebcff6e2422d573c98bc0be4f99ef6fc8,sheet2:R69,,,
46037021319bf4f9-sheet2-R70,2026-01-22,busan-city,행정자치국 > 총무과,영도통닭 시청점,시정 현안 설명 및 대외협력 강화 방안 마련을 위한 간담회 개최,300000,46037021319bf4f915c0a52482defbcebcff6e2422d573c98bc0be4f99ef6fc8,sheet2:R70,,,
46037021319bf4f9-sheet2-R71,2026-01-23,busan-city,행정자치국 > 총무과,욜로조개구이외1,시정 협력 관련 유관기관 간담회 개최,128500,46037021319bf4f915c0a52482defbcebcff6e2422d573c98bc0be4f99ef6fc8,sheet2:R71,,,
46037021319bf4f9-sheet2-R72,2026-01-23,busan-city,행정자치국 > 총무과,민정,시정 현안 논의와 협력을 위한 간담회 개최,53000,46037021319bf4f915c0a52482defbcebcff6e2422d573c98bc0be4f99ef6fc8,sheet2:R72,,,
46037021319bf4f9-sheet2-R73,2026-01-23,busan-city,행정자치국 > 총무과,메이리,시정 현안 소통을 위한 언론사 관계자 간담회 개최,109000,46037021319bf4f915c0a52482defbcebcff6e2422d573c98bc0be4f99ef6fc8,sheet2:R73,,,
46037021319bf4f9-sheet2-R74,2026-01-23,busan-city,행정자치국 > 총무과,호텔농심,향후 시정 운영 방향 및 현안 사업 논의를 위한 관계자 차 간담회 개최,13000,46037021319bf4f915c0a52482defbcebcff6e2422d573c98bc0be4f99ef6fc8,sheet2:R74,,,
46037021319bf4f9-sheet2-R75,2026-01-23,busan-city,행정자치국 > 총무과,취원,향후 시정 운영 방향 및 현안 사업 논의를 위한 관계자 등 간담회 개최,300000,46037021319bf4f915c0a52482defbcebcff6e2422d573c98bc0be4f99ef6fc8,sheet2:R75,,,
46037021319bf4f9-sheet2-R76,2026-01-23,busan-city,행정자치국 > 총무과,일광수산횟집,대외협력관련 현안 논의를 위한 업무관계자 간담회 개최,280000,46037021319bf4f915c0a52482defbcebcff6e2422d573c98bc0be4f99ef6fc8,sheet2:R76,,,
46037021319bf4f9-sheet2-R77,2026-01-23,busan-city,행정자치국 > 총무과,문삼이,시정 현안 설명 및 대외협력 강화 방안 마련을 위한 간담회 개최,79000,46037021319bf4f915c0a52482defbcebcff6e2422d573c98bc0be4f99ef6fc8,sheet2:R77,,,
46037021319bf4f9-sheet2-R78,2026-01-26,busan-city,행정자치국 > 총무과,만성횟집,지역 현안 사업 논의를 위한 관계자 간담회 개최,250000,46037021319bf4f915c0a52482defbcebcff6e2422d573c98bc0be4f99ef6fc8,sheet2:R78,,,
46037021319bf4f9-sheet2-R79,2026-01-26,busan-city,행정자치국 > 총무과,부자회관 부산시청점,시정 현안 설명 및 대외협력 강화 방안 마련을 위한 간담회 개최,187500,46037021319bf4f915c0a52482defbcebcff6e2422d573c98bc0be4f99ef6fc8,sheet2:R79,,,
46037021319bf4f9-sheet2-R80,2026-01-26,busan-city,행정자치국 > 총무과,돈풍각,가덕도신공항 현안 논의를 위한 관계자 간담회 개최,251500,46037021319bf4f915c0a52482defbcebcff6e2422d573c98bc0be4f99ef6fc8,sheet2:R80,,,
46037021319bf4f9-sheet2-R81,2026-01-27,busan-city,행정자치국 > 총무과,본가대구탕,지역 언론 동향 청취를 위한 언론관계자 간담회 개최,21000,46037021319bf4f915c0a52482defbcebcff6e2422d573c98bc0be4f99ef6fc8,sheet2:R81,,,
46037021319bf4f9-sheet2-R82,2026-01-27,busan-city,행정자치국 > 총무과,화락만리,시정 주요 현안 설명 및 대외협력 강화 방안 마련을 위한 간담회,116000,46037021319bf4f915c0a52482defbcebcff6e2422d573c98bc0be4f99ef6fc8,sheet2:R82,,,
46037021319bf4f9-sheet2-R83,2026-01-27,busan-city,행정자치국 > 총무과,어심횟집,가덕도신공항 사업 관련 지역여론 청취를 위한 언론사 관계자 간담회 개최,150000,46037021319bf4f915c0a52482defbcebcff6e2422d573c98bc0be4f99ef6fc8,sheet2:R83,,,
46037021319bf4f9-sheet2-R84,2026-01-27,busan-city,행정자치국 > 총무과,㈜워터스톤,지역 현안 사업 논의를 위한 유관기관 관계자 간담회 개최,188000,46037021319bf4f915c0a52482defbcebcff6e2422d573c98bc0be4f99ef6fc8,sheet2:R84,,,
46037021319bf4f9-sheet2-R85,2026-01-27,busan-city,행정자치국 > 총무과,한우가,시정 현안사업 대외협력을 위한 간담회 개최,480000,46037021319bf4f915c0a52482defbcebcff6e2422d573c98bc0be4f99ef6fc8,sheet2:R85,,,
46037021319bf4f9-sheet2-R86,2026-01-28,busan-city,행정자치국 > 총무과,함양가외2,국회와의 소통 강화 및 협력 방안 마련을 위한 간담회,193000,46037021319bf4f915c0a52482defbcebcff6e2422d573c98bc0be4f99ef6fc8,sheet2:R86,,,
46037021319bf4f9-sheet2-R87,2026-01-28,busan-city,행정자치국 > 총무과,홈우동,국회 소통 강화 및 협력 방안 마련을 위한 간담회 개최,96000,46037021319bf4f915c0a52482defbcebcff6e2422d573c98bc0be4f99ef6fc8,sheet2:R87,,,
46037021319bf4f9-sheet2-R88,2026-01-28,busan-city,행정자치국 > 총무과,정초밥,국회 협력 강화를 위한 간담회 개최,216000,46037021319bf4f915c0a52482defbcebcff6e2422d573c98bc0be4f99ef6fc8,sheet2:R88,,,
46037021319bf4f9-sheet2-R89,2026-01-28,busan-city,행정자치국 > 총무과,취원,대외협력 관련 현안 논의를 위한 업무관계자 간담회 개최,239000,46037021319bf4f915c0a52482defbcebcff6e2422d573c98bc0be4f99ef6fc8,sheet2:R89,,,
46037021319bf4f9-sheet2-R90,2026-01-28,busan-city,행정자치국 > 총무과,풍천만,가덕도신공항 컨소시움 구성 등 현안 논의를 위한 관계자 간담회 개최,246000,46037021319bf4f915c0a52482defbcebcff6e2422d573c98bc0be4f99ef6fc8,sheet2:R90,,,
46037021319bf4f9-sheet2-R91,2026-01-28,busan-city,행정자치국 > 총무과,낚시고기횟집,시정 주요 현안 공감대 형성 방안 마련을 위한 간담회 개최,189000,46037021319bf4f915c0a52482defbcebcff6e2422d573c98bc0be4f99ef6fc8,sheet2:R91,,,
46037021319bf4f9-sheet2-R92,2026-01-28,busan-city,행정자치국 > 총무과,연제 제일식당,시정 현안 소통을 위한 언론사 관계자 간담회 개최,89000,46037021319bf4f915c0a52482defbcebcff6e2422d573c98bc0be4f99ef6fc8,sheet2:R92,,,
46037021319bf4f9-sheet2-R93,2026-01-29,busan-city,행정자치국 > 총무과,함양가,시정 주요정책 협력을 위한 간담회 개최,210000,46037021319bf4f915c0a52482defbcebcff6e2422d573c98bc0be4f99ef6fc8,sheet2:R93,,,
46037021319bf4f9-sheet2-R94,2026-01-29,busan-city,행정자치국 > 총무과,우나기만,가덕도신공항 추진현황 설명을 위한 언론사 관계자 간담회 개최,129000,46037021319bf4f915c0a52482defbcebcff6e2422d573c98bc0be4f99ef6fc8,sheet2:R94,,,
46037021319bf4f9-sheet2-R95,2026-01-29,busan-city,행정자치국 > 총무과,취원,지역 언론 동향 청취를 위한 언론관계자 간담회 개최,159000,46037021319bf4f915c0a52482defbcebcff6e2422d573c98bc0be4f99ef6fc8,sheet2:R95,,,
46037021319bf4f9-sheet2-R96,2026-01-29,busan-city,행정자치국 > 총무과,고래등,대외협력 관련 현안 논의를 위한 업무관계자 간담회 개최,240000,46037021319bf4f915c0a52482defbcebcff6e2422d573c98bc0be4f99ef6fc8,sheet2:R96,,,
46037021319bf4f9-sheet2-R97,2026-01-29,busan-city,행정자치국 > 총무과,만성횟집,지역 현안 사업 논의를 위한 유관기관 관계자 간담회 개최,211000,46037021319bf4f915c0a52482defbcebcff6e2422d573c98bc0be4f99ef6fc8,sheet2:R97,,,
46037021319bf4f9-sheet2-R98,2026-01-30,busan-city,행정자치국 > 총무과,스완양분식외1,시정 주요정책 협력을 위한 간담회 개최,102500,46037021319bf4f915c0a52482defbcebcff6e2422d573c98bc0be4f99ef6fc8,sheet2:R98,,,
46037021319bf4f9-sheet2-R99,2026-01-30,busan-city,행정자치국 > 총무과,고래등,국회 소통 강화 및 협력 방안 마련을 위한 간담회 개최,462000,46037021319bf4f915c0a52482defbcebcff6e2422d573c98bc0be4f99ef6fc8,sheet2:R99,,,
46037021319bf4f9-sheet2-R100,2026-01-30,busan-city,행정자치국 > 총무과,대박통시청점,대외협력 관련 현안 논의를 위한 관계자 간담회 개최,129000,46037021319bf4f915c0a52482defbcebcff6e2422d573c98bc0be4f99ef6fc8,sheet2:R100,,,
46037021319bf4f9-sheet2-R101,2026-01-30,busan-city,행정자치국 > 총무과,심길선 총송양곱창,언론 동향 청취를 위한 관계자 간담회 개최,400000,46037021319bf4f915c0a52482defbcebcff6e2422d573c98bc0be4f99ef6fc8,sheet2:R101,,,
46037021319bf4f9-sheet2-R102,2026-02-02,busan-city,행정자치국 > 총무과,다드림마트,내방객 접대용 차류 구입,428400,46037021319bf4f915c0a52482defbcebcff6e2422d573c98bc0be4f99ef6fc8,sheet2:R102,,,
46037021319bf4f9-sheet2-R103,2026-02-02,busan-city,행정자치국 > 총무과,부용당,시정 현안사업 대외협력을 위한 간담회 개최,42000,46037021319bf4f915c0a52482defbcebcff6e2422d573c98bc0be4f99ef6fc8,sheet2:R103,,,
46037021319bf4f9-sheet2-R104,2026-02-02,busan-city,행정자치국 > 총무과,함양가,시정현안 협력을 위한 언론관계자 간담회 개최,130000,46037021319bf4f915c0a52482defbcebcff6e2422d573c98bc0be4f99ef6fc8,sheet2:R104,,,
46037021319bf4f9-sheet2-R105,2026-02-02,busan-city,행정자치국 > 총무과,한화커넥트㈜,국회 소통 강화 및 협력 방안 마련을 위한 간담회 개최,450000,46037021319bf4f915c0a52482defbcebcff6e2422d573c98bc0be4f99ef6fc8,sheet2:R105,,,
46037021319bf4f9-sheet2-R106,2026-02-02,busan-city,행정자치국 > 총무과,송원,가덕도신공항 건설사업 추진 일정 논의를 위한 관계자 간담회 개최,126000,46037021319bf4f915c0a52482defbcebcff6e2422d573c98bc0be4f99ef6fc8,sheet2:R106,,,
46037021319bf4f9-sheet2-R107,2026-02-03,busan-city,행정자치국 > 총무과,스완양분식외1,시정 현안 소통을 위한 언론사 관계자 간담회 개최,72300,46037021319bf4f915c0a52482defbcebcff6e2422d573c98bc0be4f99ef6fc8,sheet2:R107,,,
46037021319bf4f9-sheet2-R108,2026-02-03,busan-city,행정자치국 > 총무과,우나기만외1,국회와의 소통 강화를 위한 간담회 개최,148000,46037021319bf4f915c0a52482defbcebcff6e2422d573c98bc0be4f99ef6fc8,sheet2:R108,,,
46037021319bf4f9-sheet2-R109,2026-02-03,busan-city,행정자치국 > 총무과,천지빛깔,가덕도신공항 추진동향 논의를 위한 언론사 관계자 차담회 개최,150000,46037021319bf4f915c0a52482defbcebcff6e2422d573c98bc0be4f99ef6fc8,sheet2:R109,,,
46037021319bf4f9-sheet2-R110,2026-02-03,busan-city,행정자치국 > 총무과,돌집,시정 주요 현안 홍보방안 논의를 위한 간담회,402500,46037021319bf4f915c0a52482defbcebcff6e2422d573c98bc0be4f99ef6fc8,sheet2:R110,,,
46037021319bf4f9-sheet2-R111,2026-02-04,busan-city,행정자치국 > 총무과,온정외1,국회와의 협력 강화를 위한 간담회 개최,100700,46037021319bf4f915c0a52482defbcebcff6e2422d573c98bc0be4f99ef6fc8,sheet2:R111,,,
46037021319bf4f9-sheet2-R112,2026-02-04,busan-city,행정자치국 > 총무과,주식회사기장사람들,시정 홍보를 위한 지역특산품 구입 건의,1250000,46037021319bf4f915c0a52482defbcebcff6e2422d573c98bc0be4f99ef6fc8,sheet2:R112,,,
46037021319bf4f9-sheet2-R113,2026-02-04,busan-city,행정자치국 > 총무과,영남식육식당,시정 주요 시책 협력 강화 및 소통을 위한 간담회 개최,450000,46037021319bf4f915c0a52482defbcebcff6e2422d573c98bc0be4f99ef6fc8,sheet2:R113,,,
46037021319bf4f9-sheet2-R114,2026-02-04,busan-city,행정자치국 > 총무과,송원일식,시정 현안 설명 및 대외협력 강화 방안 마련을 위한 간담회 개최,300000,46037021319bf4f915c0a52482defbcebcff6e2422d573c98bc0be4f99ef6fc8,sheet2:R114,,,
46037021319bf4f9-sheet2-R115,2026-02-04,busan-city,행정자치국 > 총무과,부자회관 부산시청점,시정 현안사업 대외협력을 위한 간담회 개최,358000,46037021319bf4f915c0a52482defbcebcff6e2422d573c98bc0be4f99ef6fc8,sheet2:R115,,,
46037021319bf4f9-sheet2-R116,2026-02-05,busan-city,행정자치국 > 총무과,정인복국,국회소통 강화 및 협력 방안 마련을 위한 간담회 개최,432000,46037021319bf4f915c0a52482defbcebcff6e2422d573c98bc0be4f99ef6fc8,sheet2:R116,,,
46037021319bf4f9-sheet2-R117,2026-02-05,busan-city,행정자치국 > 총무과,커피하우스,시정 주요현안 논의를 차담회 개최,34600,46037021319bf4f915c0a52482defbcebcff6e2422d573c98bc0be4f99ef6fc8,sheet2:R117,,,
46037021319bf4f9-sheet2-R118,2026-02-05,busan-city,행정자치국 > 총무과,HDC현대산업개발㈜,가덕도신공항 건설 사업 추진 유관기관 관계자 간담회 개최,263500,46037021319bf4f915c0a52482defbcebcff6e2422d573c98bc0be4f99ef6fc8,sheet2:R118,,,
46037021319bf4f9-sheet2-R119,2026-02-05,busan-city,행정자치국 > 총무과,다원,국회 소통 강화 및 협력 방안 마련을 위한 간담회 개최,199000,46037021319bf4f915c0a52482defbcebcff6e2422d573c98bc0be4f99ef6fc8,sheet2:R119,,,
46037021319bf4f9-sheet2-R120,2026-02-06,busan-city,행정자치국 > 총무과,함양가,시정 현안 소통강화를 위한 언론사 관계자 간담회 개최,150000,46037021319bf4f915c0a52482defbcebcff6e2422d573c98bc0be4f99ef6fc8,sheet2:R120,,,
46037021319bf4f9-sheet2-R121,2026-02-06,busan-city,행정자치국 > 총무과,취원,시정 현안 소통을 위한 언론사 관계자 간담회 개최,450000,46037021319bf4f915c0a52482defbcebcff6e2422d573c98bc0be4f99ef6fc8,sheet2:R121,,,
46037021319bf4f9-sheet2-R122,2026-02-06,busan-city,행정자치국 > 총무과,해뜨는기장,시정 홍보를 위한 지역특산품 구입 건의,1320000,46037021319bf4f915c0a52482defbcebcff6e2422d573c98bc0be4f99ef6fc8,sheet2:R122,,,
46037021319bf4f9-sheet2-R123,2026-02-06,busan-city,행정자치국 > 총무과,해초록,가덕도신공항 부지조성공사 컨소시움 구성 협의를 위한 관계자 간담회 개최,480000,46037021319bf4f915c0a52482defbcebcff6e2422d573c98bc0be4f99ef6fc8,sheet2:R123,,,
46037021319bf4f9-sheet2-R124,2026-02-06,busan-city,행정자치국 > 총무과,성가네밥상,향후 시정 운영 방향 및 현안 사업 논의를 위한 관계자 등 간담회 개최,250000,46037021319bf4f915c0a52482defbcebcff6e2422d573c98bc0be4f99ef6fc8,sheet2:R124,,,
46037021319bf4f9-sheet2-R125,2026-02-09,busan-city,행정자치국 > 총무과,은행나무집,대외협력 관련 현안 논의를 위한 업무관계자 간담회 개최,36000,46037021319bf4f915c0a52482defbcebcff6e2422d573c98bc0be4f99ef6fc8,sheet2:R125,,,
46037021319bf4f9-sheet2-R126,2026-02-09,busan-city,행정자치국 > 총무과,부자회관 부산시청점,지역 현안 여론동향 청취를 위한 언론사 관계자 간담회 개최,150000,46037021319bf4f915c0a52482defbcebcff6e2422d573c98bc0be4f99ef6fc8,sheet2:R126,,,
46037021319bf4f9-sheet2-R127,2026-02-09,busan-city,행정자치국 > 총무과,부자회관 부산시청점,시정 주요 시책 협력 강화 및 소통을 위한 간담회 개최,158000,46037021319bf4f915c0a52482defbcebcff6e2422d573c98bc0be4f99ef6fc8,sheet2:R127,,,
46037021319bf4f9-sheet2-R128,2026-02-09,busan-city,행정자치국 > 총무과,홍유단,시정 현안사업 대외협력을 위한 간담회 개최,153000,46037021319bf4f915c0a52482defbcebcff6e2422d573c98bc0be4f99ef6fc8,sheet2:R128,,,
46037021319bf4f9-sheet2-R129,2026-02-09,busan-city,행정자치국 > 총무과,부자회관 부산시청점,시정 현안 설명 및 대외협력 강화 방안 마련을 위한 간담회 개최,398000,46037021319bf4f915c0a52482defbcebcff6e2422d573c98bc0be4f99ef6fc8,sheet2:R129,,,
46037021319bf4f9-sheet2-R130,2026-02-10,busan-city,행정자치국 > 총무과,조은횟집,시정 현안사업 대외협력을 위한 간담회 개최,45000,46037021319bf4f915c0a52482defbcebcff6e2422d573c98bc0be4f99ef6fc8,sheet2:R130,,,
46037021319bf4f9-sheet2-R131,2026-02-10,busan-city,행정자치국 > 총무과,만성횟집,시정 현안 소통을 위한 언론사 관계자 간담회 개최,450000,46037021319bf4f915c0a52482defbcebcff6e2422d573c98bc0be4f99ef6fc8,sheet2:R131,,,
46037021319bf4f9-sheet2-R132,2026-02-10,busan-city,행정자치국 > 총무과,오월가,지역 언론 동향 청취를 위한 언론관계자 간담회 개최,184000,46037021319bf4f915c0a52482defbcebcff6e2422d573c98bc0be4f99ef6fc8,sheet2:R132,,,
46037021319bf4f9-sheet2-R133,2026-02-10,busan-city,행정자치국 > 총무과,녹산횟집,시정 주요정책 협력을 위한 간담회 개최,254000,46037021319bf4f915c0a52482defbcebcff6e2422d573c98bc0be4f99ef6fc8,sheet2:R133,,,
46037021319bf4f9-sheet2-R134,2026-02-11,busan-city,행정자치국 > 총무과,1호할매칼국수,시정 주요정책 협력을 위한 간담회 개최,32500,46037021319bf4f915c0a52482defbcebcff6e2422d573c98bc0be4f99ef6fc8,sheet2:R134,,,
46037021319bf4f9-sheet2-R135,2026-02-11,busan-city,행정자치국 > 총무과,초록섬미역외1,시정 주요 시책 협력 강화 및 소통을 위한 간담회 개최,139500,46037021319bf4f915c0a52482defbcebcff6e2422d573c98bc0be4f99ef6fc8,sheet2:R135,,,
46037021319bf4f9-sheet2-R136,2026-02-12,busan-city,행정자치국 > 총무과,하나돈까스외1,시정 주요정책 협력을 위한 간담회 개최,138700,46037021319bf4f915c0a52482defbcebcff6e2422d573c98bc0be4f99ef6fc8,sheet2:R136,,,
46037021319bf4f9-sheet2-R137,2026-02-12,busan-city,행정자치국 > 총무과,조방낙지,시정 주요 현안 홍보방안 논의를 위한 업무관계자 간담회,450000,46037021319bf4f915c0a52482defbcebcff6e2422d573c98bc0be4f99ef6fc8,sheet2:R137,,,
46037021319bf4f9-sheet2-R138,2026-02-12,busan-city,행정자치국 > 총무과,박가네,지역 언론 동향 청취를 위한 언론관계자 간담회 개최,200000,46037021319bf4f915c0a52482defbcebcff6e2422d573c98bc0be4f99ef6fc8,sheet2:R138,,,
46037021319bf4f9-sheet2-R139,2026-02-12,busan-city,행정자치국 > 총무과,초록섬미역,향후시정 운영 방향 및 현안 사업 논의를 위한 관계자 등 간담회 개최,450000,46037021319bf4f915c0a52482defbcebcff6e2422d573c98bc0be4f99ef6fc8,sheet2:R139,,,
46037021319bf4f9-sheet2-R140,2026-02-12,busan-city,행정자치국 > 총무과,무라사키,시정 현안 논의와 협력을 위한 간담회 개최,255000,46037021319bf4f915c0a52482defbcebcff6e2422d573c98bc0be4f99ef6fc8,sheet2:R140,,,
46037021319bf4f9-sheet2-R141,2026-02-13,busan-city,행정자치국 > 총무과,백만김밥도시락,지역 현안사업 논의를 위한 유관기관 관계자 간담회 개최,277200,46037021319bf4f915c0a52482defbcebcff6e2422d573c98bc0be4f99ef6fc8,sheet2:R141,,,
46037021319bf4f9-sheet2-R142,2026-02-13,busan-city,행정자치국 > 총무과,가야포차 장유점,향후 시정 운영 방향 및 현안 사업논의를 위한 관계자 등 간담회 개최,100000,46037021319bf4f915c0a52482defbcebcff6e2422d573c98bc0be4f99ef6fc8,sheet2:R142,,,
46037021319bf4f9-sheet2-R143,2026-02-13,busan-city,행정자치국 > 총무과,취원,지역 언론 동향 청취를 위한 언론관계자 간담회 개최,90000,46037021319bf4f915c0a52482defbcebcff6e2422d573c98bc0be4f99ef6fc8,sheet2:R143,,,
46037021319bf4f9-sheet2-R144,2026-02-13,busan-city,행정자치국 > 총무과,커피하우스,시정 주요현안 논의를 차담회 개최,36200,46037021319bf4f915c0a52482defbcebcff6e2422d573c98bc0be4f99ef6fc8,sheet2:R144,,,
46037021319bf4f9-sheet2-R145,2026-02-19,busan-city,행정자치국 > 총무과,낚시고기 횟집,지역 현안 사업 논의를 위한 관계자 간담회 개최,450000,46037021319bf4f915c0a52482defbcebcff6e2422d573c98bc0be4f99ef6fc8,sheet2:R145,,,
46037021319bf4f9-sheet2-R146,2026-02-19,busan-city,행정자치국 > 총무과,진송추어탕시청점,가덕도신공항 현안 논의를 위한 업무 관계자 간담회 개최,76000,46037021319bf4f915c0a52482defbcebcff6e2422d573c98bc0be4f99ef6fc8,sheet2:R146,,,
46037021319bf4f9-sheet2-R147,2026-02-19,busan-city,행정자치국 > 총무과,마당집,시정 현안사업 대외협력을 위한 간담회 개최,100000,46037021319bf4f915c0a52482defbcebcff6e2422d573c98bc0be4f99ef6fc8,sheet2:R147,,,
46037021319bf4f9-sheet2-R148,2026-02-19,busan-city,행정자치국 > 총무과,취원,대외협력 관련 현안 논의를 위한 업무관계자 간담회 개최,201000,46037021319bf4f915c0a52482defbcebcff6e2422d573c98bc0be4f99ef6fc8,sheet2:R148,,,
46037021319bf4f9-sheet2-R149,2026-02-20,busan-city,행정자치국 > 총무과,만성횟집,시정 현안 설명 및 대외협력 강화 방안 마련을 위한 간담회 개최,115000,46037021319bf4f915c0a52482defbcebcff6e2422d573c98bc0be4f99ef6fc8,sheet2:R149,,,
46037021319bf4f9-sheet2-R150,2026-02-20,busan-city,행정자치국 > 총무과,커피하우스,시정 주요현안 논의를 차담회 개최,21300,46037021319bf4f915c0a52482defbcebcff6e2422d573c98bc0be4f99ef6fc8,sheet2:R150,,,
46037021319bf4f9-sheet2-R151,2026-02-20,busan-city,행정자치국 > 총무과,이더래,지역 언론 동향 청취를 위한 언론관계자 간담회 개최,200000,46037021319bf4f915c0a52482defbcebcff6e2422d573c98bc0be4f99ef6fc8,sheet2:R151,,,
46037021319bf4f9-sheet2-R152,2026-02-23,busan-city,행정자치국 > 총무과,함양가외1,시정 현안 소통을 위한 언론사 관계자 간담회 개최,39600,46037021319bf4f915c0a52482defbcebcff6e2422d573c98bc0be4f99ef6fc8,sheet2:R152,,,
46037021319bf4f9-sheet2-R153,2026-02-23,busan-city,행정자치국 > 총무과,낚시고기 횟집,시정 현안 설명 및 대외협력 강화 방안 마련을 위한 간담회 개최,450000,46037021319bf4f915c0a52482defbcebcff6e2422d573c98bc0be4f99ef6fc8,sheet2:R153,,,
46037021319bf4f9-sheet2-R154,2026-02-23,busan-city,행정자치국 > 총무과,메이리연,시정 주요 현안 논의를 위한 간담회 개최,127000,46037021319bf4f915c0a52482defbcebcff6e2422d573c98bc0be4f99ef6fc8,sheet2:R154,,,
46037021319bf4f9-sheet2-R155,2026-02-24,busan-city,행정자치국 > 총무과,마조레,시정 주요정책 협력을 위한 간담회 개최,450000,46037021319bf4f915c0a52482defbcebcff6e2422d573c98bc0be4f99ef6fc8,sheet2:R155,,,
46037021319bf4f9-sheet2-R156,2026-02-24,busan-city,행정자치국 > 총무과,부용당,지역 언론 동향 청취를 위한 언론관계자 간담회 개최,42000,46037021319bf4f915c0a52482defbcebcff6e2422d573c98bc0be4f99ef6fc8,sheet2:R156,,,
46037021319bf4f9-sheet2-R157,2026-02-24,busan-city,행정자치국 > 총무과,메이리,시정 주요 현안 설명 및 대외협력 강화 방안 마련을 위한 간담회 개최,100000,46037021319bf4f915c0a52482defbcebcff6e2422d573c98bc0be4f99ef6fc8,sheet2:R157,,,
46037021319bf4f9-sheet2-R158,2026-02-24,busan-city,행정자치국 > 총무과,수정궁,가덕도신공항 건설사업 추진 관련 지역 여론 청취를 위한 언론사 관계자 간담회 개최,300000,46037021319bf4f915c0a52482defbcebcff6e2422d573c98bc0be4f99ef6fc8,sheet2:R158,,,
46037021319bf4f9-sheet2-R159,2026-02-24,busan-city,행정자치국 > 총무과,부용당,지역 언론 동향 청취를 위한 언론관계자 간담회 개최,450000,46037021319bf4f915c0a52482defbcebcff6e2422d573c98bc0be4f99ef6fc8,sheet2:R159,,,
46037021319bf4f9-sheet2-R160,2026-02-24,busan-city,행정자치국 > 총무과,대가 박명호스시,시정 주요 시책 협력 강화 및 소통을 위한 간담회 개최,290000,46037021319bf4f915c0a52482defbcebcff6e2422d573c98bc0be4f99ef6fc8,sheet2:R160,,,
46037021319bf4f9-sheet2-R161,2026-02-24,busan-city,행정자치국 > 총무과,대가 박명호스시,대외협력 관련 현안 논의를 위한 간담회 개최,182000,46037021319bf4f915c0a52482defbcebcff6e2422d573c98bc0be4f99ef6fc8,sheet2:R161,,,
46037021319bf4f9-sheet2-R162,2026-02-25,busan-city,행정자치국 > 총무과,KCP,내방객 접대용 커피 구입,162200,46037021319bf4f915c0a52482defbcebcff6e2422d573c98bc0be4f99ef6fc8,sheet2:R162,,,
46037021319bf4f9-sheet2-R163,2026-02-25,busan-city,행정자치국 > 총무과,천지빛깔,내방객 접대용 차류 구입,404200,46037021319bf4f915c0a52482defbcebcff6e2422d573c98bc0be4f99ef6fc8,sheet2:R163,,,
46037021319bf4f9-sheet2-R164,2026-02-25,busan-city,행정자치국 > 총무과,대공원 조방낙지,시정 현안 소통을 위한 언론사 관계자 간담회 개최,475000,46037021319bf4f915c0a52482defbcebcff6e2422d573c98bc0be4f99ef6fc8,sheet2:R164,,,
46037021319bf4f9-sheet2-R165,2026-02-25,busan-city,행정자치국 > 총무과,구옥반가 대구탕외1,국회 소통 강화 및 협력 방안 마련을 위한 간담회 개최,109200,46037021319bf4f915c0a52482defbcebcff6e2422d573c98bc0be4f99ef6fc8,sheet2:R165,,,
46037021319bf4f9-sheet2-R166,2026-02-25,busan-city,행정자치국 > 총무과,1호할매국수,대외협력 관련 현안 논의를 위한 업무관계자 간담회 개최,75000,46037021319bf4f915c0a52482defbcebcff6e2422d573c98bc0be4f99ef6fc8,sheet2:R166,,,
46037021319bf4f9-sheet2-R167,2026-02-25,busan-city,행정자치국 > 총무과,부산에뜬고등어,시정현안 협력을 위한 언론관계자 간담회 개최,39000,46037021319bf4f915c0a52482defbcebcff6e2422d573c98bc0be4f99ef6fc8,sheet2:R167,,,
46037021319bf4f9-sheet2-R168,2026-02-25,busan-city,행정자치국 > 총무과,레이븐 커피,대외협력 관련 현안 논의를 위한 관계자 차 간담회 개최,7000,46037021319bf4f915c0a52482defbcebcff6e2422d573c98bc0be4f99ef6fc8,sheet2:R168,,,
46037021319bf4f9-sheet2-R169,2026-02-25,busan-city,행정자치국 > 총무과,마오마이,가덕도신공항 부지조성 공사 기법 등 현안 논의를 위한 관계자 간담회 개최,157000,46037021319bf4f915c0a52482defbcebcff6e2422d573c98bc0be4f99ef6fc8,sheet2:R169,,,
46037021319bf4f9-sheet2-R170,2026-02-25,busan-city,행정자치국 > 총무과,낚시고기횟집,시정 주요 시책 협력 강화 및 소통을 위한 간담회 개최,245000,46037021319bf4f915c0a52482defbcebcff6e2422d573c98bc0be4f99ef6fc8,sheet2:R170,,,
46037021319bf4f9-sheet2-R171,2026-02-26,busan-city,행정자치국 > 총무과,취원,지역 언론 동향 청취를 위한 언론관계자 간담회 개최,450000,46037021319bf4f915c0a52482defbcebcff6e2422d573c98bc0be4f99ef6fc8,sheet2:R171,,,
46037021319bf4f9-sheet2-R172,2026-02-26,busan-city,행정자치국 > 총무과,부자회관외1,시정 현안 논의와 협력을 위한 간담회 개최,32400,46037021319bf4f915c0a52482defbcebcff6e2422d573c98bc0be4f99ef6fc8,sheet2:R172,,,
46037021319bf4f9-sheet2-R173,2026-02-26,busan-city,행정자치국 > 총무과,부자회관,시정 주요 현안 공감대 형성 방안 마련을 위한 간담회 개최,450000,46037021319bf4f915c0a52482defbcebcff6e2422d573c98bc0be4f99ef6fc8,sheet2:R173,,,
46037021319bf4f9-sheet2-R174,2026-02-26,busan-city,행정자치국 > 총무과,짱가,시정 주요 시책 협력 강화 및 소통을 위한 간담회 개최,199000,46037021319bf4f915c0a52482defbcebcff6e2422d573c98bc0be4f99ef6fc8,sheet2:R174,,,
46037021319bf4f9-sheet2-R175,2026-02-26,busan-city,행정자치국 > 총무과,녹산횟집,가덕도신공항 공기단축방안 등 현안 논의를 위한 관계자 간담회 개최,341000,46037021319bf4f915c0a52482defbcebcff6e2422d573c98bc0be4f99ef6fc8,sheet2:R175,,,
46037021319bf4f9-sheet2-R176,2026-02-26,busan-city,행정자치국 > 총무과,남해회관,국회 협력 강화를 위한 간담회 개최,470000,46037021319bf4f915c0a52482defbcebcff6e2422d573c98bc0be4f99ef6fc8,sheet2:R176,,,
46037021319bf4f9-sheet2-R177,2026-02-27,busan-city,행정자치국 > 총무과,본가대구탕외1,향후 시정 운영 방향 및 현안 사업 논의를 위한 관계자 등 간담회 개최,88700,46037021319bf4f915c0a52482defbcebcff6e2422d573c98bc0be4f99ef6fc8,sheet2:R177,,,
46037021319bf4f9-sheet2-R178,2026-02-27,busan-city,행정자치국 > 총무과,어심횟집,시정 현안 소통을 위한 언론관계자 간담회 개최,260000,46037021319bf4f915c0a52482defbcebcff6e2422d573c98bc0be4f99ef6fc8,sheet2:R178,,,
46037021319bf4f9-sheet2-R179,2026-02-27,busan-city,행정자치국 > 총무과,원조본가산곰장어집,현안업무추진 직원 격려 간담회,266000,46037021319bf4f915c0a52482defbcebcff6e2422d573c98bc0be4f99ef6fc8,sheet2:R179,,,
46037021319bf4f9-sheet2-R180,2026-02-27,busan-city,행정자치국 > 총무과,고흥만,가덕도신공항 건설사업 추진 현황 논의를 위한 언론사 관계자 간담회 개최,220000,46037021319bf4f915c0a52482defbcebcff6e2422d573c98bc0be4f99ef6fc8,sheet2:R180,,,
46037021319bf4f9-sheet2-R181,2026-02-27,busan-city,행정자치국 > 총무과,통나무하우스한정식,시정 현안 설명 및 대외협력 강화 방안 마련을 위한 간담회 개최,200000,46037021319bf4f915c0a52482defbcebcff6e2422d573c98bc0be4f99ef6fc8,sheet2:R181,,,
46037021319bf4f9-sheet2-R182,2026-02-27,busan-city,행정자치국 > 총무과,DE BLAAUME KAMER외 2,북극항로 선도도시 부산 전략마련을 위한 간담회 등 개최(4회),837890,46037021319bf4f915c0a52482defbcebcff6e2422d573c98bc0be4f99ef6fc8,sheet2:R182,,,
46037021319bf4f9-sheet2-R183,2026-03-03,busan-city,행정자치국 > 총무과,빌즈,가덕도신공항 부지조성공사 일정 등 현안 논의를 위한 관계자 간담회 개최,191800,46037021319bf4f915c0a52482defbcebcff6e2422d573c98bc0be4f99ef6fc8,sheet2:R183,,,
46037021319bf4f9-sheet2-R184,2026-03-03,busan-city,행정자치국 > 총무과,장박사양곱창전문점,지역 현안 여론동향 청취를 위한 언론사 관계자 간담회 개최,174000,46037021319bf4f915c0a52482defbcebcff6e2422d573c98bc0be4f99ef6fc8,sheet2:R184,,,
46037021319bf4f9-sheet2-R185,2026-03-03,busan-city,행정자치국 > 총무과,뉴부산횟집,시정 현안 설명 및 대외협력 강화 방안 마련을 위한 간담회 개최,450000,46037021319bf4f915c0a52482defbcebcff6e2422d573c98bc0be4f99ef6fc8,sheet2:R185,,,
46037021319bf4f9-sheet2-R186,2026-03-03,busan-city,행정자치국 > 총무과,De Blaauwe Kamer Wageningen NL,블루푸드테크 산업 육성 전략 간담회,121820,46037021319bf4f915c0a52482defbcebcff6e2422d573c98bc0be4f99ef6fc8,sheet2:R186,,,
46037021319bf4f9-sheet2-R187,2026-03-04,busan-city,행정자치국 > 총무과,부자회관,시정 현안사업 대외협력을 위한 간담회 개최,450000,46037021319bf4f915c0a52482defbcebcff6e2422d573c98bc0be4f99ef6fc8,sheet2:R187,,,
46037021319bf4f9-sheet2-R188,2026-03-04,busan-city,행정자치국 > 총무과,원조메기탕,국회와의 소통 강화 및 협력 방안 마련을 위한 간담회 개최,300000,46037021319bf4f915c0a52482defbcebcff6e2422d573c98bc0be4f99ef6fc8,sheet2:R188,,,
46037021319bf4f9-sheet2-R189,2026-03-04,busan-city,행정자치국 > 총무과,함양가,시정 주요정책 협력을 위한 간담회 개최,450000,46037021319bf4f915c0a52482defbcebcff6e2422d573c98bc0be4f99ef6fc8,sheet2:R189,,,
46037021319bf4f9-sheet2-R190,2026-03-04,busan-city,행정자치국 > 총무과,어가초밥,가덕도신공항 기술특별위원회 운영 논의를 위한 관계자 간담회 개최,50000,46037021319bf4f915c0a52482defbcebcff6e2422d573c98bc0be4f99ef6fc8,sheet2:R190,,,
46037021319bf4f9-sheet2-R191,2026-03-04,busan-city,행정자치국 > 총무과,브리가,국회 협력 강화를 위한 관계자 차담회 개최,30400,46037021319bf4f915c0a52482defbcebcff6e2422d573c98bc0be4f99ef6fc8,sheet2:R191,,,
46037021319bf4f9-sheet2-R192,2026-03-04,busan-city,행정자치국 > 총무과,커피하우스,시정 주요정책 추진 관련 차담회 개최,46900,46037021319bf4f915c0a52482defbcebcff6e2422d573c98bc0be4f99ef6fc8,sheet2:R192,,,
46037021319bf4f9-sheet2-R193,2026-03-05,busan-city,행정자치국 > 총무과,취원,시정 주요 시책 협력 강화 및 소통을 위한 간담회 개최,450000,46037021319bf4f915c0a52482defbcebcff6e2422d573c98bc0be4f99ef6fc8,sheet2:R193,,,
46037021319bf4f9-sheet2-R194,2026-03-05,busan-city,행정자치국 > 총무과,만성횟집,대외협력 관련 현안 논의를 위한 업무관계자 간담회 개최,450000,46037021319bf4f915c0a52482defbcebcff6e2422d573c98bc0be4f99ef6fc8,sheet2:R194,,,
46037021319bf4f9-sheet2-R195,2026-03-05,busan-city,행정자치국 > 총무과,우나쥬,지역 언론 동향 청취를 위한 언론관계자 간담회 개최,388000,46037021319bf4f915c0a52482defbcebcff6e2422d573c98bc0be4f99ef6fc8,sheet2:R195,,,
46037021319bf4f9-sheet2-R196,2026-03-05,busan-city,행정자치국 > 총무과,㈜오발탄에프에스 오발탄해운대점,지역 언론 동향 청취를 위한 언론관계자 간담회 개최,420000,46037021319bf4f915c0a52482defbcebcff6e2422d573c98bc0be4f99ef6fc8,sheet2:R196,,,
46037021319bf4f9-sheet2-R197,2026-03-06,busan-city,행정자치국 > 총무과,RADISSON BLU OS OSLO,콩스버그 마리타임 관계자 간담회,342590,46037021319bf4f915c0a52482defbcebcff6e2422d573c98bc0be4f99ef6fc8,sheet2:R197,,,
46037021319bf4f9-sheet2-R198,2026-03-06,busan-city,행정자치국 > 총무과,커피긱스,시정 주요현안 논의를 위한 차담회 개최,98600,46037021319bf4f915c0a52482defbcebcff6e2422d573c98bc0be4f99ef6fc8,sheet2:R198,,,
46037021319bf4f9-sheet2-R199,2026-03-06,busan-city,행정자치국 > 총무과,A377 NO OSL Olearys int AGardemoen,해양수산 허브도시 조성을 위한 출장 평가 차담회,373480,46037021319bf4f915c0a52482defbcebcff6e2422d573c98bc0be4f99ef6fc8,sheet2:R199,,,
46037021319bf4f9-sheet2-R200,2026-03-06,busan-city,행정자치국 > 총무과,고항한우,시정 주요 시책 협력 강화 및 소통을 위한 간담회 개최,446000,46037021319bf4f915c0a52482defbcebcff6e2422d573c98bc0be4f99ef6fc8,sheet2:R200,,,
46037021319bf4f9-sheet2-R201,2026-03-09,busan-city,행정자치국 > 총무과,부자회관 부산시청점,시 현안사업 논의를 위한 시민단체와의 간담회 개최,170000,46037021319bf4f915c0a52482defbcebcff6e2422d573c98bc0be4f99ef6fc8,sheet2:R201,,,
46037021319bf4f9-sheet2-R202,2026-03-09,busan-city,행정자치국 > 총무과,파스쿠찌 부산비즈니스호텔,시정 현안 논의를 위한 관계자 차 간담회 개최,22950,46037021319bf4f915c0a52482defbcebcff6e2422d573c98bc0be4f99ef6fc8,sheet2:R202,,,
46037021319bf4f9-sheet2-R203,2026-03-09,busan-city,행정자치국 > 총무과,멧집,시정 주요정책 협력을 위한 간담회 개최,450000,46037021319bf4f915c0a52482defbcebcff6e2422d573c98bc0be4f99ef6fc8,sheet2:R203,,,
46037021319bf4f9-sheet2-R204,2026-03-09,busan-city,행정자치국 > 총무과,호텔아쿠아펠리스지점,대외협력 강화 방안 논의를 위한 간담회 개최,182000,46037021319bf4f915c0a52482defbcebcff6e2422d573c98bc0be4f99ef6fc8,sheet2:R204,,,
46037021319bf4f9-sheet2-R205,2026-03-09,busan-city,행정자치국 > 총무과,돈풍각,가덕도신공항 건살사업 추진현황 논의를 위한 언론사 관계자 간담회 개최,248000,46037021319bf4f915c0a52482defbcebcff6e2422d573c98bc0be4f99ef6fc8,sheet2:R205,,,
46037021319bf4f9-sheet2-R206,2026-03-10,busan-city,행정자치국 > 총무과,진송추어탕,시정 현안 소통 강화를 위한 언론사 관계자 간담회 개최,31000,46037021319bf4f915c0a52482defbcebcff6e2422d573c98bc0be4f99ef6fc8,sheet2:R206,,,
46037021319bf4f9-sheet2-R207,2026-03-10,busan-city,행정자치국 > 총무과,낚시고기횟집,대외협력 관련 현안 논의를 위한 업무관계자 간담회 개최,60000,46037021319bf4f915c0a52482defbcebcff6e2422d573c98bc0be4f99ef6fc8,sheet2:R207,,,
46037021319bf4f9-sheet2-R208,2026-03-10,busan-city,행정자치국 > 총무과,반야호횟집,가덕도신공항 보상 사업 추진 현황 점검을 위한 관계자 간담회 개최,230000,46037021319bf4f915c0a52482defbcebcff6e2422d573c98bc0be4f99ef6fc8,sheet2:R208,,,
46037021319bf4f9-sheet2-R209,2026-03-10,busan-city,행정자치국 > 총무과,꿈꾸는 디저트,지역 현안 사업 논의를 위한 유관기관 관계자 차 간담회 개최,13000,46037021319bf4f915c0a52482defbcebcff6e2422d573c98bc0be4f99ef6fc8,sheet2:R209,,,
46037021319bf4f9-sheet2-R210,2026-03-10,busan-city,행정자치국 > 총무과,취원외1,대외협력 강화 방안 마련을 위한 간담회 개최,335500,46037021319bf4f915c0a52482defbcebcff6e2422d573c98bc0be4f99ef6fc8,sheet2:R210,,,
46037021319bf4f9-sheet2-R211,2026-03-10,busan-city,행정자치국 > 총무과,청송양곱창,가덕도신공항 현안 논의를 위한 기술특별위원회 위원 간담회 개최,217000,46037021319bf4f915c0a52482defbcebcff6e2422d573c98bc0be4f99ef6fc8,sheet2:R211,,,
46037021319bf4f9-sheet2-R212,2026-03-10,busan-city,행정자치국 > 총무과,손큰집,지역 언론 동향 청취를 위한 언론관계자 간담회 개최,220000,46037021319bf4f915c0a52482defbcebcff6e2422d573c98bc0be4f99ef6fc8,sheet2:R212,,,
46037021319bf4f9-sheet2-R213,2026-03-10,busan-city,행정자치국 > 총무과,이도식당,시정 현안 설명 및 대외협력 강화 방안 마련을 위한 간담회 개최,86000,46037021319bf4f915c0a52482defbcebcff6e2422d573c98bc0be4f99ef6fc8,sheet2:R213,,,
46037021319bf4f9-sheet2-R214,2026-03-10,busan-city,행정자치국 > 총무과,만성횟집,향후 시정 운영 방향 및 현안 사업 논의를 위한 관계자 등 간담회 개최,198000,46037021319bf4f915c0a52482defbcebcff6e2422d573c98bc0be4f99ef6fc8,sheet2:R214,,,
46037021319bf4f9-sheet2-R215,2026-03-11,busan-city,행정자치국 > 총무과,양산도,국회와의 소통 강화를 위한 간담회 개최,50000,46037021319bf4f915c0a52482defbcebcff6e2422d573c98bc0be4f99ef6fc8,sheet2:R215,,,
46037021319bf4f9-sheet2-R216,2026-03-11,busan-city,행정자치국 > 총무과,호박가게,청사방호 수행 노고 격려 간식 구입,476500,46037021319bf4f915c0a52482defbcebcff6e2422d573c98bc0be4f99ef6fc8,sheet2:R216,,,
46037021319bf4f9-sheet2-R217,2026-03-11,busan-city,행정자치국 > 총무과,호박가게,주요 현안사업 추진부서 노고 격려 간식 구입,480000,46037021319bf4f915c0a52482defbcebcff6e2422d573c98bc0be4f99ef6fc8,sheet2:R217,,,
46037021319bf4f9-sheet2-R218,2026-03-11,busan-city,행정자치국 > 총무과,커피하우스,시정 주요정책 추진 관련 차담회 개최,42000,46037021319bf4f915c0a52482defbcebcff6e2422d573c98bc0be4f99ef6fc8,sheet2:R218,,,
46037021319bf4f9-sheet2-R219,2026-03-11,busan-city,행정자치국 > 총무과,연타발,시 정책 및 현안 소통 강화를 위한 언론사 관계자 간담회 개최,314000,46037021319bf4f915c0a52482defbcebcff6e2422d573c98bc0be4f99ef6fc8,sheet2:R219,,,
46037021319bf4f9-sheet2-R220,2026-03-11,busan-city,행정자치국 > 총무과,박해윤통영해물밥상,시정 주요 시책 협력 강화 및 소통을 위한 간담회 개최,65000,46037021319bf4f915c0a52482defbcebcff6e2422d573c98bc0be4f99ef6fc8,sheet2:R220,,,
46037021319bf4f9-sheet2-R221,2026-03-11,busan-city,행정자치국 > 총무과,남해횟집,향후 시정 운영 방향 및 현안 사업 논의를 위한 관계자 등 간담회 개최,177000,46037021319bf4f915c0a52482defbcebcff6e2422d573c98bc0be4f99ef6fc8,sheet2:R221,,,
46037021319bf4f9-sheet2-R222,2026-03-12,busan-city,행정자치국 > 총무과,마조레,대외협력 관련 현안 논의를 위한 업무관계자 간담회 개최,450000,46037021319bf4f915c0a52482defbcebcff6e2422d573c98bc0be4f99ef6fc8,sheet2:R222,,,
46037021319bf4f9-sheet2-R223,2026-03-12,busan-city,행정자치국 > 총무과,정담 동태마을,지역 현안 여론동향 청취를 위한 언론사 관계자 간담회 개최,38000,46037021319bf4f915c0a52482defbcebcff6e2422d573c98bc0be4f99ef6fc8,sheet2:R223,,,
46037021319bf4f9-sheet2-R224,2026-03-12,busan-city,행정자치국 > 총무과,우나기만,시정 주요 현안 홍보 방안 논의를 위한 업무관계자 간담회,450000,46037021319bf4f915c0a52482defbcebcff6e2422d573c98bc0be4f99ef6fc8,sheet2:R224,,,
46037021319bf4f9-sheet2-R225,2026-03-12,busan-city,행정자치국 > 총무과,함양가,시 정책 및 현안 소통 강화를 위한 언론사 관계자 간담회 개최,65000,46037021319bf4f915c0a52482defbcebcff6e2422d573c98bc0be4f99ef6fc8,sheet2:R225,,,
46037021319bf4f9-sheet2-R226,2026-03-12,busan-city,행정자치국 > 총무과,셀럽스커피,지역 현안사업 논의를 위한 유관기관 관계자 차 간담회 개최,16400,46037021319bf4f915c0a52482defbcebcff6e2422d573c98bc0be4f99ef6fc8,sheet2:R226,,,
46037021319bf4f9-sheet2-R227,2026-03-12,busan-city,행정자치국 > 총무과,해씨라래,시정 주요현안 논의를 위하여 차담회 개최,61500,46037021319bf4f915c0a52482defbcebcff6e2422d573c98bc0be4f99ef6fc8,sheet2:R227,,,
46037021319bf4f9-sheet2-R228,2026-03-12,busan-city,행정자치국 > 총무과,심길선 청송양곱창,가덕도신공항 추진 동향 설명을 위한 언론사 관계자 간담회 개최,145000,46037021319bf4f915c0a52482defbcebcff6e2422d573c98bc0be4f99ef6fc8,sheet2:R228,,,
46037021319bf4f9-sheet2-R229,2026-03-12,busan-city,행정자치국 > 총무과,라무진 부산사직점,대외협력 관련 현안 논의를 위한 관계자 간담회 개최,120000,46037021319bf4f915c0a52482defbcebcff6e2422d573c98bc0be4f99ef6fc8,sheet2:R229,,,
46037021319bf4f9-sheet2-R230,2026-03-12,busan-city,행정자치국 > 총무과,은화횟집,지역 언론 동향 청취를 위한 언론관계자 간담회 개최,200000,46037021319bf4f915c0a52482defbcebcff6e2422d573c98bc0be4f99ef6fc8,sheet2:R230,,,
46037021319bf4f9-sheet2-R231,2026-03-13,busan-city,행정자치국 > 총무과,꼬꼬정외1,대외협력 관련 현안 논의를 위한 관계자 간담회 개최,83800,46037021319bf4f915c0a52482defbcebcff6e2422d573c98bc0be4f99ef6fc8,sheet2:R231,,,
46037021319bf4f9-sheet2-R232,2026-03-13,busan-city,행정자치국 > 총무과,취원,시정현안 협력을 위한 언론관계자 간담회 개최,150000,46037021319bf4f915c0a52482defbcebcff6e2422d573c98bc0be4f99ef6fc8,sheet2:R232,,,
46037021319bf4f9-sheet2-R233,2026-03-13,busan-city,행정자치국 > 총무과,몽중헌,가덕도신공항 건설사업 현안 논의를 위한 관계자 간담회 개최,475000,46037021319bf4f915c0a52482defbcebcff6e2422d573c98bc0be4f99ef6fc8,sheet2:R233,,,
46037021319bf4f9-sheet2-R234,2026-03-13,busan-city,행정자치국 > 총무과,산동칼국수,가덕도신공항 교통망 구축 등 연계 사업 추진 논의를 위한 관계자 간담회 개최,104000,46037021319bf4f915c0a52482defbcebcff6e2422d573c98bc0be4f99ef6fc8,sheet2:R234,,,
46037021319bf4f9-sheet2-R235,2026-03-13,busan-city,행정자치국 > 총무과,취원,지역 현안 여론동향 청취를 위한 언론사 관계자 간담회 개최,115000,46037021319bf4f915c0a52482defbcebcff6e2422d573c98bc0be4f99ef6fc8,sheet2:R235,,,
46037021319bf4f9-sheet2-R236,2026-03-13,busan-city,행정자치국 > 총무과,뼈탄집,국회와의 협력 방안 마련을 위한 간담회 개최,124000,46037021319bf4f915c0a52482defbcebcff6e2422d573c98bc0be4f99ef6fc8,sheet2:R236,,,
46037021319bf4f9-sheet2-R237,2026-03-16,busan-city,행정자치국 > 총무과,삼삼초장집,가덕도신공항 건설사업 지역 여론 동향 청취를 위한 관계자 간담회 개최,195000,46037021319bf4f915c0a52482defbcebcff6e2422d573c98bc0be4f99ef6fc8,sheet2:R237,,,
46037021319bf4f9-sheet2-R238,2026-03-17,busan-city,행정자치국 > 총무과,메이리,시정 현안 소통을 위한 언론 관계자 간담회 개최,480000,46037021319bf4f915c0a52482defbcebcff6e2422d573c98bc0be4f99ef6fc8,sheet2:R238,,,
46037021319bf4f9-sheet2-R239,2026-03-17,busan-city,행정자치국 > 총무과,우나기만,가덕도신공항 보상업무 추진 현황 논의를 위한 관계자 간담회 개최,450000,46037021319bf4f915c0a52482defbcebcff6e2422d573c98bc0be4f99ef6fc8,sheet2:R239,,,
46037021319bf4f9-sheet2-R240,2026-03-17,busan-city,행정자치국 > 총무과,식당3선 당리점외1,지역 국회의원 보좌좌진 초청 현장 설명회 간담회 개최,333500,46037021319bf4f915c0a52482defbcebcff6e2422d573c98bc0be4f99ef6fc8,sheet2:R240,,,
46037021319bf4f9-sheet2-R241,2026-03-17,busan-city,행정자치국 > 총무과,더만족 서면점,시정 주요 시책 협력 강화 및 소통을 위한 간담회 개최,64000,46037021319bf4f915c0a52482defbcebcff6e2422d573c98bc0be4f99ef6fc8,sheet2:R241,,,
46037021319bf4f9-sheet2-R242,2026-03-18,busan-city,행정자치국 > 총무과,본도시락부산법조타운점,시정 현안업무 추진 직원 격려 간담회,149200,46037021319bf4f915c0a52482defbcebcff6e2422d573c98bc0be4f99ef6fc8,sheet2:R242,,,
46037021319bf4f9-sheet2-R243,2026-03-18,busan-city,행정자치국 > 총무과,당감댁외1,향후 시정 운영 방향 및 현안 사업 논의를 위한 관계자 간담회 개최,73500,46037021319bf4f915c0a52482defbcebcff6e2422d573c98bc0be4f99ef6fc8,sheet2:R243,,,
46037021319bf4f9-sheet2-R244,2026-03-18,busan-city,행정자치국 > 총무과,연제 제일식당외1,국회와의 협력 강화를 위한 간담회 개최,90000,46037021319bf4f915c0a52482defbcebcff6e2422d573c98bc0be4f99ef6fc8,sheet2:R244,,,
46037021319bf4f9-sheet2-R245,2026-03-18,busan-city,행정자치국 > 총무과,천지빛깔,가덕도신공항 기술특별위원회 차담회 개최,100000,46037021319bf4f915c0a52482defbcebcff6e2422d573c98bc0be4f99ef6fc8,sheet2:R245,,,
46037021319bf4f9-sheet2-R246,2026-03-19,busan-city,행정자치국 > 총무과,마파람해물찜해물탕,대외협력 관련 현안 논의를 위한 업무관계자 간담회 개최,450000,46037021319bf4f915c0a52482defbcebcff6e2422d573c98bc0be4f99ef6fc8,sheet2:R246,,,
46037021319bf4f9-sheet2-R247,2026-03-19,busan-city,행정자치국 > 총무과,소소수산,시정 주요정책 협력을 위한 간담회 개최,110000,46037021319bf4f915c0a52482defbcebcff6e2422d573c98bc0be4f99ef6fc8,sheet2:R247,,,
46037021319bf4f9-sheet2-R248,2026-03-19,busan-city,행정자치국 > 총무과,로우라이즈,시정 주요현안 논의를 위한 차담회 개최,40000,46037021319bf4f915c0a52482defbcebcff6e2422d573c98bc0be4f99ef6fc8,sheet2:R248,,,
46037021319bf4f9-sheet2-R249,2026-03-19,busan-city,행정자치국 > 총무과,해초록,가덕도신공항 부지건설사업 컨소시움 관계자 간담회 개최,470000,46037021319bf4f915c0a52482defbcebcff6e2422d573c98bc0be4f99ef6fc8,sheet2:R249,,,
46037021319bf4f9-sheet2-R250,2026-03-19,busan-city,행정자치국 > 총무과,시월애,지역 현안 여론동향 청취를 위한 언론사 관계자 간담회 개최,159000,46037021319bf4f915c0a52482defbcebcff6e2422d573c98bc0be4f99ef6fc8,sheet2:R250,,,
46037021319bf4f9-sheet2-R251,2026-03-20,busan-city,행정자치국 > 총무과,금성녹두삼계탕,시정 주요정책 협력을 위한 간담회 개최,36000,46037021319bf4f915c0a52482defbcebcff6e2422d573c98bc0be4f99ef6fc8,sheet2:R251,,,
46037021319bf4f9-sheet2-R252,2026-03-20,busan-city,행정자치국 > 총무과,우나기만,대외협력 관련 현안 논의를 위한 업무관계자 간담회 개최,140000,46037021319bf4f915c0a52482defbcebcff6e2422d573c98bc0be4f99ef6fc8,sheet2:R252,,,
46037021319bf4f9-sheet2-R253,2026-03-20,busan-city,행정자치국 > 총무과,백마김씨네,가덕도신공항 건설사업 공법 논의를 위한 관계자 간담회 개최,390000,46037021319bf4f915c0a52482defbcebcff6e2422d573c98bc0be4f99ef6fc8,sheet2:R253,,,
46037021319bf4f9-sheet2-R254,2026-03-20,busan-city,행정자치국 > 총무과,양산박,시정 주요 시책 협력 강화 및 소통을 위한 간담회 개최,220000,46037021319bf4f915c0a52482defbcebcff6e2422d573c98bc0be4f99ef6fc8,sheet2:R254,,,
46037021319bf4f9-sheet2-R255,2026-03-20,busan-city,행정자치국 > 총무과,몽중헌,가덕도신공항 건설사업 추진상황 설명을 위한 언론사 관계자 간담회 개최,376000,46037021319bf4f915c0a52482defbcebcff6e2422d573c98bc0be4f99ef6fc8,sheet2:R255,,,
46037021319bf4f9-sheet2-R256,2026-03-22,busan-city,행정자치국 > 총무과,갯벌의 조개 여의도점,국회와의 협력 방안 마련을 위한 간담회 개최,264000,46037021319bf4f915c0a52482defbcebcff6e2422d573c98bc0be4f99ef6fc8,sheet2:R256,,,
46037021319bf4f9-sheet2-R257,2026-03-23,busan-city,행정자치국 > 총무과,이루,국회 소통 강화 및 협력 방안 마련을 위한 간담회 개최,43800,46037021319bf4f915c0a52482defbcebcff6e2422d573c98bc0be4f99ef6fc8,sheet2:R257,,,
46037021319bf4f9-sheet2-R258,2026-03-23,busan-city,행정자치국 > 총무과,수정궁,가덕도신공항 접근교통망 구축 현안 논의를 위한 관계자 간담회 개최,390000,46037021319bf4f915c0a52482defbcebcff6e2422d573c98bc0be4f99ef6fc8,sheet2:R258,,,
46037021319bf4f9-sheet2-R259,2026-03-23,busan-city,행정자치국 > 총무과,고래등,시 정책 및 현안 소통 강화를 위한 언론사 관계자 간담회 개최,150000,46037021319bf4f915c0a52482defbcebcff6e2422d573c98bc0be4f99ef6fc8,sheet2:R259,,,
46037021319bf4f9-sheet2-R260,2026-03-24,busan-city,행정자치국 > 총무과,은화횟집,시정 주요 시책 협력 강화 및 소통을 위한 간담회 개최,60000,46037021319bf4f915c0a52482defbcebcff6e2422d573c98bc0be4f99ef6fc8,sheet2:R260,,,
46037021319bf4f9-sheet2-R261,2026-03-25,busan-city,행정자치국 > 총무과,녹산횟집외1,국회와의 소통 강화 및 협력 방안 마련을 위한 간담회 개최,147000,46037021319bf4f915c0a52482defbcebcff6e2422d573c98bc0be4f99ef6fc8,sheet2:R261,,,
46037021319bf4f9-sheet2-R262,2026-03-25,busan-city,행정자치국 > 총무과,은화횟집외1,대외협력 관련 현안 논의를 위한 업무관계자 간담회 개최,65000,46037021319bf4f915c0a52482defbcebcff6e2422d573c98bc0be4f99ef6fc8,sheet2:R262,,,
46037021319bf4f9-sheet2-R263,2026-03-25,busan-city,행정자치국 > 총무과,자갈마당,가덕도신공항 건설사업 지역업체 참여율 제고 논의 등을 위한 관계자 간담회 개최,172000,46037021319bf4f915c0a52482defbcebcff6e2422d573c98bc0be4f99ef6fc8,sheet2:R263,,,
46037021319bf4f9-sheet2-R264,2026-03-26,busan-city,행정자치국 > 총무과,부산에뜬고등어시청점,지역 현안 여론동향 청취를 위한 언론사 관계자 간담회 개최,35000,46037021319bf4f915c0a52482defbcebcff6e2422d573c98bc0be4f99ef6fc8,sheet2:R264,,,
46037021319bf4f9-sheet2-R265,2026-03-26,busan-city,행정자치국 > 총무과,함양가,시정 주요 시책 협력 강화 및 소통을 위한 간담회 개최,109100,46037021319bf4f915c0a52482defbcebcff6e2422d573c98bc0be4f99ef6fc8,sheet2:R265,,,
46037021319bf4f9-sheet2-R266,2026-03-26,busan-city,행정자치국 > 총무과,대가 박명호스시,가덕도신공항 건설사업 유관기관 관계자 간담회 개최,70000,46037021319bf4f915c0a52482defbcebcff6e2422d573c98bc0be4f99ef6fc8,sheet2:R266,,,
46037021319bf4f9-sheet2-R267,2026-03-26,busan-city,행정자치국 > 총무과,다드림마트,내방객 접대용 차류 구입,291000,46037021319bf4f915c0a52482defbcebcff6e2422d573c98bc0be4f99ef6fc8,sheet2:R267,,,
46037021319bf4f9-sheet2-R268,2026-03-26,busan-city,행정자치국 > 총무과,은화횟집,지역 현안 여론동향 청취를 위한 언론사 관계자 간담회 개최,254000,46037021319bf4f915c0a52482defbcebcff6e2422d573c98bc0be4f99ef6fc8,sheet2:R268,,,
46037021319bf4f9-sheet2-R269,2026-03-27,busan-city,행정자치국 > 총무과,일가국밥,가덕도신공항 건설사업 현안 논의를 위한 관계자 간담회 개최,30000,46037021319bf4f915c0a52482defbcebcff6e2422d573c98bc0be4f99ef6fc8,sheet2:R269,,,
46037021319bf4f9-sheet2-R270,2026-03-27,busan-city,행정자치국 > 총무과,짱가,가덕도신공항 건설사업 지역여론 동향 청취를 위한 언론사 관계자 간담회 개최,85000,46037021319bf4f915c0a52482defbcebcff6e2422d573c98bc0be4f99ef6fc8,sheet2:R270,,,
46037021319bf4f9-sheet2-R271,2026-03-30,busan-city,행정자치국 > 총무과,손큰집,시 정책 및 현안 소통 강화를 위한 언론사 관계자 간담회 개최,210000,46037021319bf4f915c0a52482defbcebcff6e2422d573c98bc0be4f99ef6fc8,sheet2:R271,,,
46037021319bf4f9-sheet2-R272,2026-03-30,busan-city,행정자치국 > 총무과,명수정,가덕도신공항 기술특별위원회 현안 논의를 위한 간담회 개최,184000,46037021319bf4f915c0a52482defbcebcff6e2422d573c98bc0be4f99ef6fc8,sheet2:R272,,,
46037021319bf4f9-sheet2-R273,2026-03-30,busan-city,행정자치국 > 총무과,서리원,국회 소통 강화 및 협력 방안 마련을 위한 간담회 개최,384000,46037021319bf4f915c0a52482defbcebcff6e2422d573c98bc0be4f99ef6fc8,sheet2:R273,,,
46037021319bf4f9-sheet2-R274,2026-03-30,busan-city,행정자치국 > 총무과,꾸석지돌판한우 부산시청점,시정 주요 현안 공감대 형성 방안 마련을 위한 간담회 개최,350000,46037021319bf4f915c0a52482defbcebcff6e2422d573c98bc0be4f99ef6fc8,sheet2:R274,,,
46037021319bf4f9-sheet2-R275,2026-03-31,busan-city,행정자치국 > 총무과,수제국수,시정 주요정책 협력을 위한 간담회 개최,450000,46037021319bf4f915c0a52482defbcebcff6e2422d573c98bc0be4f99ef6fc8,sheet2:R275,,,
46037021319bf4f9-sheet2-R276,2026-03-31,busan-city,행정자치국 > 총무과,원조본가산곰장어집,시정현안업무 추진 직원 격려 간담회,400000,46037021319bf4f915c0a52482defbcebcff6e2422d573c98bc0be4f99ef6fc8,sheet2:R276,,,
46037021319bf4f9-sheet2-R277,2026-03-31,busan-city,행정자치국 > 총무과,장수흑염소,국회와의 소통 강화를 위한 간담회 개최,154000,46037021319bf4f915c0a52482defbcebcff6e2422d573c98bc0be4f99ef6fc8,sheet2:R277,,,
46037021319bf4f9-sheet2-R278,2026-03-31,busan-city,행정자치국 > 총무과,수정궁,가덕도신공항 건설사업 공기 등 현안 논의를 위한 관계자 간담회 개최,143000,46037021319bf4f915c0a52482defbcebcff6e2422d573c98bc0be4f99ef6fc8,sheet2:R278,,,
b1f5b5059fcddd13-sheet1-R3,2026-01-05,busan-city,합의제행정기관 > 자치경찰위원회 > 사무국 > 자치경찰행정과,해도,자치경찰위원회 직원 격려 오찬간담회,76000,b1f5b5059fcddd1331b4a12b133b78a77fee6960a00975b1d310d18800f16a70,sheet1:R3,,,
b1f5b5059fcddd13-sheet1-R4,2026-01-05,busan-city,합의제행정기관 > 자치경찰위원회 > 사무국 > 자치경찰행정과,언양불고기 부산집,주요현안 추진사항 협조를 위한 만찬간담회,417000,b1f5b5059fcddd1331b4a12b133b78a77fee6960a00975b1d310d18800f16a70,sheet1:R4,,,
b1f5b5059fcddd13-sheet1-R5,2026-01-06,busan-city,합의제행정기관 > 자치경찰위원회 > 사무국 > 자치경찰행정과,미락,지역 치안 강화 협의를 위한 만찬간담회,130000,b1f5b5059fcddd1331b4a12b133b78a77fee6960a00975b1d310d18800f16a70,sheet1:R5,,,
b1f5b5059fcddd13-sheet1-R6,2026-01-07,busan-city,합의제행정기관 > 자치경찰위원회 > 사무국 > 자치경찰행정과,울진후포리청솔물회,자치경찰위원회 직원 격려 오찬간담회,60000,b1f5b5059fcddd1331b4a12b133b78a77fee6960a00975b1d310d18800f16a70,sheet1:R6,,,
b1f5b5059fcddd13-sheet1-R7,2026-01-08,busan-city,합의제행정기관 > 자치경찰위원회 > 사무국 > 자치경찰행정과,낚시고기횟집,주요 현안 홍보를 위한 오찬간담회,140000,b1f5b5059fcddd1331b4a12b133b78a77fee6960a00975b1d310d18800f16a70,sheet1:R7,,,
b1f5b5059fcddd13-sheet1-R8,2026-01-08,busan-city,합의제행정기관 > 자치경찰위원회 > 사무국 > 자치경찰행정과,식당3선 용호점,주요현안 추진사항 협조를 위한 만찬간담회,380000,b1f5b5059fcddd1331b4a12b133b78a77fee6960a00975b1d310d18800f16a70,sheet1:R8,,,
b1f5b5059fcddd13-sheet1-R9,2026-01-08,busan-city,합의제행정기관 > 자치경찰위원회 > 사무국 > 자치경찰행정과,박가네,자치경찰위원회 현안 논의를 위한 유관기관 오찬간담회,78000,b1f5b5059fcddd1331b4a12b133b78a77fee6960a00975b1d310d18800f16a70,sheet1:R9,,,
b1f5b5059fcddd13-sheet1-R10,2026-01-09,busan-city,합의제행정기관 > 자치경찰위원회 > 사무국 > 자치경찰행정과,토지골목식당,주요 현안 추진사항 협조를 위한 오찬간담회,27000,b1f5b5059fcddd1331b4a12b133b78a77fee6960a00975b1d310d18800f16a70,sheet1:R10,,,
b1f5b5059fcddd13-sheet1-R11,2026-01-12,busan-city,합의제행정기관 > 자치경찰위원회 > 사무국 > 자치경찰행정과,만성횟집,지역 치안 강화 협의를 위한 오찬간담회,100000,b1f5b5059fcddd1331b4a12b133b78a77fee6960a00975b1d310d18800f16a70,sheet1:R11,,,
b1f5b5059fcddd13-sheet1-R12,2026-01-13,busan-city,합의제행정기관 > 자치경찰위원회 > 사무국 > 자치경찰행정과,독도참가자미회,자치경찰위원회 현안 논의를 위한 유관기관 오찬간담회,85000,b1f5b5059fcddd1331b4a12b133b78a77fee6960a00975b1d310d18800f16a70,sheet1:R12,,,
b1f5b5059fcddd13-sheet1-R13,2026-01-13,busan-city,합의제행정기관 > 자치경찰위원회 > 사무국 > 자치경찰행정과,낚시고기횟집,주요 현안 홍보를 위한 오찬간담회,220000,b1f5b5059fcddd1331b4a12b133b78a77fee6960a00975b1d310d18800f16a70,sheet1:R13,,,
b1f5b5059fcddd13-sheet1-R14,2026-01-13,busan-city,합의제행정기관 > 자치경찰위원회 > 사무국 > 자치경찰행정과,주식회사303화덕온천,주요현안 추진사항 협조를 위한 만찬간담회,271500,b1f5b5059fcddd1331b4a12b133b78a77fee6960a00975b1d310d18800f16a70,sheet1:R14,,,
b1f5b5059fcddd13-sheet1-R15,2026-01-15,busan-city,합의제행정기관 > 자치경찰위원회 > 사무국 > 자치경찰행정과,미를담다&미담삼계탕,주요 현안 추진사항 협조를 위한 오찬간담회,152000,b1f5b5059fcddd1331b4a12b133b78a77fee6960a00975b1d310d18800f16a70,sheet1:R15,,,
b1f5b5059fcddd13-sheet1-R16,2026-01-16,busan-city,합의제행정기관 > 자치경찰위원회 > 사무국 > 자치경찰행정과,생복집,주요 현안 추진사항 협조를 위한 오찬간담회,420000,b1f5b5059fcddd1331b4a12b133b78a77fee6960a00975b1d310d18800f16a70,sheet1:R16,,,
b1f5b5059fcddd13-sheet1-R17,2026-01-19,busan-city,합의제행정기관 > 자치경찰위원회 > 사무국 > 자치경찰행정과,생복집,지역 치안 강화 협의를 위한 오찬간담회,272000,b1f5b5059fcddd1331b4a12b133b78a77fee6960a00975b1d310d18800f16a70,sheet1:R17,,,
b1f5b5059fcddd13-sheet1-R18,2026-01-19,busan-city,합의제행정기관 > 자치경찰위원회 > 사무국 > 자치경찰행정과,합천상회,자치경찰위원회 정책 자문을 위한 만찬간담회,176000,b1f5b5059fcddd1331b4a12b133b78a77fee6960a00975b1d310d18800f16a70,sheet1:R18,,,
b1f5b5059fcddd13-sheet1-R19,2026-01-21,busan-city,합의제행정기관 > 자치경찰위원회 > 사무국 > 자치경찰행정과,생복집,주요 현안 홍보를 위한 오찬간담회,108000,b1f5b5059fcddd1331b4a12b133b78a77fee6960a00975b1d310d18800f16a70,sheet1:R19,,,
b1f5b5059fcddd13-sheet1-R20,2026-01-21,busan-city,합의제행정기관 > 자치경찰위원회 > 사무국 > 자치경찰행정과,태화육개장,주요현안 추진사항 협조를 위한 만찬간담회,94000,b1f5b5059fcddd1331b4a12b133b78a77fee6960a00975b1d310d18800f16a70,sheet1:R20,,,
b1f5b5059fcddd13-sheet1-R21,2026-01-21,busan-city,합의제행정기관 > 자치경찰위원회 > 사무국 > 자치경찰행정과,영선집,자치경찰위원회 현안 논의를 위한 관계기관 만찬간담회,210000,b1f5b5059fcddd1331b4a12b133b78a77fee6960a00975b1d310d18800f16a70,sheet1:R21,,,
b1f5b5059fcddd13-sheet1-R22,2026-01-23,busan-city,합의제행정기관 > 자치경찰위원회 > 사무국 > 자치경찰행정과,다인수제비,자치경찰위원회 직원 격려 오찬간담회,40000,b1f5b5059fcddd1331b4a12b133b78a77fee6960a00975b1d310d18800f16a70,sheet1:R22,,,
b1f5b5059fcddd13-sheet1-R23,2026-01-23,busan-city,합의제행정기관 > 자치경찰위원회 > 사무국 > 자치경찰행정과,홍순덕전포양곱창,자치경찰위원회 현안 논의를 위한 관계기관 만찬간담회,263000,b1f5b5059fcddd1331b4a12b133b78a77fee6960a00975b1d310d18800f16a70,sheet1:R23,,,
b1f5b5059fcddd13-sheet1-R24,2026-01-26,busan-city,합의제행정기관 > 자치경찰위원회 > 사무국 > 자치경찰행정과,녹산횟집,자치경찰위원회 현안 논의를 위한 관계기관 만찬간담회,320000,b1f5b5059fcddd1331b4a12b133b78a77fee6960a00975b1d310d18800f16a70,sheet1:R24,,,
b1f5b5059fcddd13-sheet1-R25,2026-01-27,busan-city,합의제행정기관 > 자치경찰위원회 > 사무국 > 자치경찰행정과,여수에서 온 나진국밥,자치경찰위원회 직원 격려 오찬간담회,73000,b1f5b5059fcddd1331b4a12b133b78a77fee6960a00975b1d310d18800f16a70,sheet1:R25,,,
b1f5b5059fcddd13-sheet1-R26,2026-01-28,busan-city,합의제행정기관 > 자치경찰위원회 > 사무국 > 자치경찰행정과,꽃마름,주요 현안 홍보를 위한 만찬간담회,420000,b1f5b5059fcddd1331b4a12b133b78a77fee6960a00975b1d310d18800f16a70,sheet1:R26,,,
b1f5b5059fcddd13-sheet1-R27,2026-01-29,busan-city,합의제행정기관 > 자치경찰위원회 > 사무국 > 자치경찰행정과,미를담다&미담삼계탕,주요 현안 추진사항 협조를 위한 오찬간담회,78000,b1f5b5059fcddd1331b4a12b133b78a77fee6960a00975b1d310d18800f16a70,sheet1:R27,,,
b1f5b5059fcddd13-sheet1-R28,2026-01-29,busan-city,합의제행정기관 > 자치경찰위원회 > 사무국 > 자치경찰행정과,(주)타이빈,지역 치안 강화 협의를 위한 만찬간담회,370000,b1f5b5059fcddd1331b4a12b133b78a77fee6960a00975b1d310d18800f16a70,sheet1:R28,,,
b1f5b5059fcddd13-sheet1-R29,2026-01-30,busan-city,합의제행정기관 > 자치경찰위원회 > 사무국 > 자치경찰행정과,해도,자치경찰위원회 직원 격려 오찬간담회,104000,b1f5b5059fcddd1331b4a12b133b78a77fee6960a00975b1d310d18800f16a70,sheet1:R29,,,
b1f5b5059fcddd13-sheet1-R30,2026-02-02,busan-city,합의제행정기관 > 자치경찰위원회 > 사무국 > 자치경찰행정과,원조본가산곰장어집,자치경찰위원회 현안 논의를 위한 유관기관 만찬간담회,240000,b1f5b5059fcddd1331b4a12b133b78a77fee6960a00975b1d310d18800f16a70,sheet1:R30,,,
b1f5b5059fcddd13-sheet1-R31,2026-02-02,busan-city,합의제행정기관 > 자치경찰위원회 > 사무국 > 자치경찰행정과,미를담다&미담삼계탕,지역 치안 강화 협의를 위한 오찬간담회,76000,b1f5b5059fcddd1331b4a12b133b78a77fee6960a00975b1d310d18800f16a70,sheet1:R31,,,
b1f5b5059fcddd13-sheet1-R32,2026-02-03,busan-city,합의제행정기관 > 자치경찰위원회 > 사무국 > 자치경찰행정과,미를담다&미담삼계탕,자치경찰위원회 직원 격려 오찬간담회,38000,b1f5b5059fcddd1331b4a12b133b78a77fee6960a00975b1d310d18800f16a70,sheet1:R32,,,
b1f5b5059fcddd13-sheet1-R33,2026-02-04,busan-city,합의제행정기관 > 자치경찰위원회 > 사무국 > 자치경찰행정과,박가네,자치경찰위원회 현안 논의를 위한 유관기관 오찬간담회,150000,b1f5b5059fcddd1331b4a12b133b78a77fee6960a00975b1d310d18800f16a70,sheet1:R33,,,
b1f5b5059fcddd13-sheet1-R34,2026-02-05,busan-city,합의제행정기관 > 자치경찰위원회 > 사무국 > 자치경찰행정과,서부산노인요양원,2026년 따뜻한 설 명절 보내기 추진 관련 격려품 구입,224300,b1f5b5059fcddd1331b4a12b133b78a77fee6960a00975b1d310d18800f16a70,sheet1:R34,,,
b1f5b5059fcddd13-sheet1-R35,2026-02-05,busan-city,합의제행정기관 > 자치경찰위원회 > 사무국 > 자치경찰행정과,애림요양원,2026년 따뜻한 설 명절 보내기 추진 관련 격려품 구입,173640,b1f5b5059fcddd1331b4a12b133b78a77fee6960a00975b1d310d18800f16a70,sheet1:R35,,,
b1f5b5059fcddd13-sheet1-R36,2026-02-06,busan-city,합의제행정기관 > 자치경찰위원회 > 사무국 > 자치경찰행정과,소소수산/주식회사소소수산,주요 현안 홍보를 위한 만찬간담회,386000,b1f5b5059fcddd1331b4a12b133b78a77fee6960a00975b1d310d18800f16a70,sheet1:R36,,,
b1f5b5059fcddd13-sheet1-R37,2026-02-10,busan-city,합의제행정기관 > 자치경찰위원회 > 사무국 > 자치경찰행정과,박가네,자치경찰위원회 현안 논의를 위한 유관기관 오찬간담회,120000,b1f5b5059fcddd1331b4a12b133b78a77fee6960a00975b1d310d18800f16a70,sheet1:R37,,,
b1f5b5059fcddd13-sheet1-R38,2026-02-10,busan-city,합의제행정기관 > 자치경찰위원회 > 사무국 > 자치경찰행정과,녹산횟집,자치경찰위원회 현안 논의를 위한 관계기관 만찬간담회,350000,b1f5b5059fcddd1331b4a12b133b78a77fee6960a00975b1d310d18800f16a70,sheet1:R38,,,
b1f5b5059fcddd13-sheet1-R39,2026-02-10,busan-city,합의제행정기관 > 자치경찰위원회 > 사무국 > 자치경찰행정과,해도,지역 치안 강화 협의를 위한 오찬간담회,83000,b1f5b5059fcddd1331b4a12b133b78a77fee6960a00975b1d310d18800f16a70,sheet1:R39,,,
b1f5b5059fcddd13-sheet1-R40,2026-02-11,busan-city,합의제행정기관 > 자치경찰위원회 > 사무국 > 자치경찰행정과,부원삼계탕,자치경찰위원회 현안 논의를 위한 관계기관 오찬간담회,176000,b1f5b5059fcddd1331b4a12b133b78a77fee6960a00975b1d310d18800f16a70,sheet1:R40,,,
b1f5b5059fcddd13-sheet1-R41,2026-02-11,busan-city,합의제행정기관 > 자치경찰위원회 > 사무국 > 자치경찰행정과,안식,주요 현안 추진사항 협조를 위한 만찬간담회,104000,b1f5b5059fcddd1331b4a12b133b78a77fee6960a00975b1d310d18800f16a70,sheet1:R41,,,
b1f5b5059fcddd13-sheet1-R42,2026-02-12,busan-city,합의제행정기관 > 자치경찰위원회 > 사무국 > 자치경찰행정과,롯데쇼핑주식회사,자치경찰위원회 직원 격려 오찬간담회,89400,b1f5b5059fcddd1331b4a12b133b78a77fee6960a00975b1d310d18800f16a70,sheet1:R42,,,
b1f5b5059fcddd13-sheet1-R43,2026-02-13,busan-city,합의제행정기관 > 자치경찰위원회 > 사무국 > 자치경찰행정과,산마루 해장국,자치경찰위원회 현안 논의를 위한 유관기관 오찬간담회,50000,b1f5b5059fcddd1331b4a12b133b78a77fee6960a00975b1d310d18800f16a70,sheet1:R43,,,
b1f5b5059fcddd13-sheet1-R44,2026-02-13,busan-city,합의제행정기관 > 자치경찰위원회 > 사무국 > 자치경찰행정과,부용당,주요 현안 추진사항 협조를 위한 오찬간담회,450000,b1f5b5059fcddd1331b4a12b133b78a77fee6960a00975b1d310d18800f16a70,sheet1:R44,,,
b1f5b5059fcddd13-sheet1-R45,2026-02-13,busan-city,합의제행정기관 > 자치경찰위원회 > 사무국 > 자치경찰행정과,외식일번가 연제점,설 연휴 대비 치안점검 논의를 위한 만찬간담회,347000,b1f5b5059fcddd1331b4a12b133b78a77fee6960a00975b1d310d18800f16a70,sheet1:R45,,,
b1f5b5059fcddd13-sheet1-R46,2026-02-19,busan-city,합의제행정기관 > 자치경찰위원회 > 사무국 > 자치경찰행정과,해돈복국,일선 치안 현장 방문 오찬간담회,54000,b1f5b5059fcddd1331b4a12b133b78a77fee6960a00975b1d310d18800f16a70,sheet1:R46,,,
b1f5b5059fcddd13-sheet1-R47,2026-02-23,busan-city,합의제행정기관 > 자치경찰위원회 > 사무국 > 자치경찰행정과,조은횟집,주요 현안 추진사항 협조를 위한 만찬간담회,181000,b1f5b5059fcddd1331b4a12b133b78a77fee6960a00975b1d310d18800f16a70,sheet1:R47,,,
b1f5b5059fcddd13-sheet1-R48,2026-02-24,busan-city,합의제행정기관 > 자치경찰위원회 > 사무국 > 자치경찰행정과,여수에서 온 나진국밥,주요 현안 홍보를 위한 오찬간담회,21000,b1f5b5059fcddd1331b4a12b133b78a77fee6960a00975b1d310d18800f16a70,sheet1:R48,,,
b1f5b5059fcddd13-sheet1-R49,2026-02-25,busan-city,합의제행정기관 > 자치경찰위원회 > 사무국 > 자치경찰행정과,범죄예방질서계장,부산경찰청 범죄예방질서계장 경조사비 지급,50000,b1f5b5059fcddd1331b4a12b133b78a77fee6960a00975b1d310d18800f16a70,sheet1:R49,,,
b1f5b5059fcddd13-sheet1-R50,2026-02-25,busan-city,합의제행정기관 > 자치경찰위원회 > 사무국 > 자치경찰행정과,범죄예방질서계장,부산경찰청 범죄예방질서계장 경조사비 지급,50000,b1f5b5059fcddd1331b4a12b133b78a77fee6960a00975b1d310d18800f16a70,sheet1:R50,,,
b1f5b5059fcddd13-sheet1-R51,2026-02-25,busan-city,합의제행정기관 > 자치경찰위원회 > 사무국 > 자치경찰행정과,생복집,주요 현안 홍보를 위한 오찬간담회,460000,b1f5b5059fcddd1331b4a12b133b78a77fee6960a00975b1d310d18800f16a70,sheet1:R51,,,
b1f5b5059fcddd13-sheet1-R52,2026-02-26,busan-city,합의제행정기관 > 자치경찰위원회 > 사무국 > 자치경찰행정과,여수에서 온 나진국밥,자치경찰위원회 직원 격려 오찬간담회,64000,b1f5b5059fcddd1331b4a12b133b78a77fee6960a00975b1d310d18800f16a70,sheet1:R52,,,
b1f5b5059fcddd13-sheet1-R53,2026-02-27,busan-city,합의제행정기관 > 자치경찰위원회 > 사무국 > 자치경찰행정과,박가네,자치경찰위원회 현안 논의를 위한 유관기관 오찬간담회,120000,b1f5b5059fcddd1331b4a12b133b78a77fee6960a00975b1d310d18800f16a70,sheet1:R53,,,
b1f5b5059fcddd13-sheet1-R54,2026-03-03,busan-city,합의제행정기관 > 자치경찰위원회 > 사무국 > 자치경찰행정과,미를담다&미담삼계탕,자치경찰위원회 현안 논의를 위한 유관기관 오찬간담회,480000,b1f5b5059fcddd1331b4a12b133b78a77fee6960a00975b1d310d18800f16a70,sheet1:R54,,,
b1f5b5059fcddd13-sheet1-R55,2026-03-03,busan-city,합의제행정기관 > 자치경찰위원회 > 사무국 > 자치경찰행정과,화지회관 식육식당,주요 현안 추진사항 협조를 위한 만찬간담회,365000,b1f5b5059fcddd1331b4a12b133b78a77fee6960a00975b1d310d18800f16a70,sheet1:R55,,,
b1f5b5059fcddd13-sheet1-R56,2026-03-04,busan-city,합의제행정기관 > 자치경찰위원회 > 사무국 > 자치경찰행정과,고집센그집갈비탕 부산강서구청점,일선 치안 현장 방문 오찬간담회,47000,b1f5b5059fcddd1331b4a12b133b78a77fee6960a00975b1d310d18800f16a70,sheet1:R56,,,
b1f5b5059fcddd13-sheet1-R57,2026-03-04,busan-city,합의제행정기관 > 자치경찰위원회 > 사무국 > 자치경찰행정과,홍순덕전포양곱창,자치경찰위원회 현안 논의를 위한 유관기관 만찬간담회,300000,b1f5b5059fcddd1331b4a12b133b78a77fee6960a00975b1d310d18800f16a70,sheet1:R57,,,
b1f5b5059fcddd13-sheet1-R58,2026-03-05,busan-city,합의제행정기관 > 자치경찰위원회 > 사무국 > 자치경찰행정과,부용당,자치경찰위원회 현안 논의를 위한 유관기관 오찬간담회,480000,b1f5b5059fcddd1331b4a12b133b78a77fee6960a00975b1d310d18800f16a70,sheet1:R58,,,
b1f5b5059fcddd13-sheet1-R59,2026-03-06,busan-city,합의제행정기관 > 자치경찰위원회 > 사무국 > 자치경찰행정과,못난이식당 해운대점,주요 현안 추진사항 협조를 위한 만찬간담회,354000,b1f5b5059fcddd1331b4a12b133b78a77fee6960a00975b1d310d18800f16a70,sheet1:R59,,,
b1f5b5059fcddd13-sheet1-R60,2026-03-09,busan-city,합의제행정기관 > 자치경찰위원회 > 사무국 > 자치경찰행정과,외식일번가 부산진구점,자치경찰위원회 직원 격려 오찬간담회,62000,b1f5b5059fcddd1331b4a12b133b78a77fee6960a00975b1d310d18800f16a70,sheet1:R60,,,
b1f5b5059fcddd13-sheet1-R61,2026-03-10,busan-city,합의제행정기관 > 자치경찰위원회 > 사무국 > 자치경찰행정과,신촌돌솥설렁탕,자치경찰 정책 방향 및 주요 현안 논의 등,450000,b1f5b5059fcddd1331b4a12b133b78a77fee6960a00975b1d310d18800f16a70,sheet1:R61,,,
b1f5b5059fcddd13-sheet1-R62,2026-03-11,busan-city,합의제행정기관 > 자치경찰위원회 > 사무국 > 자치경찰행정과,홍진숙 낙지세상,자치경찰위원회 직원 격려 오찬간담회,86000,b1f5b5059fcddd1331b4a12b133b78a77fee6960a00975b1d310d18800f16a70,sheet1:R62,,,
b1f5b5059fcddd13-sheet1-R63,2026-03-13,busan-city,합의제행정기관 > 자치경찰위원회 > 사무국 > 자치경찰행정과,산해숯불갈비,일선 치안 현장 방문 오찬간담회,27000,b1f5b5059fcddd1331b4a12b133b78a77fee6960a00975b1d310d18800f16a70,sheet1:R63,,,
b1f5b5059fcddd13-sheet1-R64,2026-03-13,busan-city,합의제행정기관 > 자치경찰위원회 > 사무국 > 자치경찰행정과,통나무하우스한정식,지역 치안 강화 협의를 위한 만찬간담회,252000,b1f5b5059fcddd1331b4a12b133b78a77fee6960a00975b1d310d18800f16a70,sheet1:R64,,,
b1f5b5059fcddd13-sheet1-R65,2026-03-17,busan-city,합의제행정기관 > 자치경찰위원회 > 사무국 > 자치경찰행정과,산마루 해장국,자치경찰위원회 현안 논의를 위한 유관기관 오찬간담회,70000,b1f5b5059fcddd1331b4a12b133b78a77fee6960a00975b1d310d18800f16a70,sheet1:R65,,,
b1f5b5059fcddd13-sheet1-R66,2026-03-17,busan-city,합의제행정기관 > 자치경찰위원회 > 사무국 > 자치경찰행정과,미락,주요 현안 추진사항 협조를 위한 오찬간담회,160000,b1f5b5059fcddd1331b4a12b133b78a77fee6960a00975b1d310d18800f16a70,sheet1:R66,,,
b1f5b5059fcddd13-sheet1-R67,2026-03-17,busan-city,합의제행정기관 > 자치경찰위원회 > 사무국 > 자치경찰행정과,(주)타이빈,지역 치안 강화 협의를 위한 만찬간담회,148000,b1f5b5059fcddd1331b4a12b133b78a77fee6960a00975b1d310d18800f16a70,sheet1:R67,,,
b1f5b5059fcddd13-sheet1-R68,2026-03-18,busan-city,합의제행정기관 > 자치경찰위원회 > 사무국 > 자치경찰행정과,우나기 만,자치경찰위원회 직원 격려 오찬간담회,98000,b1f5b5059fcddd1331b4a12b133b78a77fee6960a00975b1d310d18800f16a70,sheet1:R68,,,
b1f5b5059fcddd13-sheet1-R69,2026-03-23,busan-city,합의제행정기관 > 자치경찰위원회 > 사무국 > 자치경찰행정과,닭두꺼비,자치경찰위원회 현안 논의를 위한 유관기관 만찬간담회,69000,b1f5b5059fcddd1331b4a12b133b78a77fee6960a00975b1d310d18800f16a70,sheet1:R69,,,
b1f5b5059fcddd13-sheet1-R70,2026-03-23,busan-city,합의제행정기관 > 자치경찰위원회 > 사무국 > 자치경찰행정과,롯데쇼핑주식회사,주요 현안 추진사항 협조를 위한 오찬간담회,22000,b1f5b5059fcddd1331b4a12b133b78a77fee6960a00975b1d310d18800f16a70,sheet1:R70,,,
b1f5b5059fcddd13-sheet1-R71,2026-03-23,busan-city,합의제행정기관 > 자치경찰위원회 > 사무국 > 자치경찰행정과,(주)타이빈,주요 현안 추진사항 협조를 위한 만찬간담회,396500,b1f5b5059fcddd1331b4a12b133b78a77fee6960a00975b1d310d18800f16a70,sheet1:R71,,,
b1f5b5059fcddd13-sheet1-R72,2026-03-24,busan-city,합의제행정기관 > 자치경찰위원회 > 사무국 > 자치경찰행정과,광장서대회,자치경찰위원회 현안 논의를 위한 관계기관 오찬간담회,98000,b1f5b5059fcddd1331b4a12b133b78a77fee6960a00975b1d310d18800f16a70,sheet1:R72,,,
b1f5b5059fcddd13-sheet1-R73,2026-03-24,busan-city,합의제행정기관 > 자치경찰위원회 > 사무국 > 자치경찰행정과,스타벅스 코리아,자치경찰위원회 현안 논의를 위한 관계기관 오찬간담회,28200,b1f5b5059fcddd1331b4a12b133b78a77fee6960a00975b1d310d18800f16a70,sheet1:R73,,,
b1f5b5059fcddd13-sheet1-R74,2026-03-24,busan-city,합의제행정기관 > 자치경찰위원회 > 사무국 > 자치경찰행정과,대가 박명호스시,주요 현안 홍보를 위한 만찬간담회,273000,b1f5b5059fcddd1331b4a12b133b78a77fee6960a00975b1d310d18800f16a70,sheet1:R74,,,
b1f5b5059fcddd13-sheet1-R75,2026-03-27,busan-city,합의제행정기관 > 자치경찰위원회 > 사무국 > 자치경찰행정과,홍진숙 낙지세상,자치경찰위원회 직원 격려 오찬간담회,150000,b1f5b5059fcddd1331b4a12b133b78a77fee6960a00975b1d310d18800f16a70,sheet1:R75,,,
b1f5b5059fcddd13-sheet1-R76,2026-03-30,busan-city,합의제행정기관 > 자치경찰위원회 > 사무국 > 자치경찰행정과,부용당,자치경찰위원회-민주평화통일자문회의 간담회,315000,b1f5b5059fcddd1331b4a12b133b78a77fee6960a00975b1d310d18800f16a70,sheet1:R76,,,
b1f5b5059fcddd13-sheet1-R77,2026-03-31,busan-city,합의제행정기관 > 자치경찰위원회 > 사무국 > 자치경찰행정과,후스,자치경찰위원회 직원 격려 오찬간담회,100000,b1f5b5059fcddd1331b4a12b133b78a77fee6960a00975b1d310d18800f16a70,sheet1:R77,,,
b1f5b5059fcddd13-sheet2-R3,2026-01-02,busan-city,합의제행정기관 > 자치경찰위원회 > 사무국 > 자치경찰행정과,동자상회,자치경찰위원회 업무추진을 위한 만찬간담회 개최(시책),100000,b1f5b5059fcddd1331b4a12b133b78a77fee6960a00975b1d310d18800f16a70,sheet2:R3,,,
b1f5b5059fcddd13-sheet2-R4,2026-01-19,busan-city,합의제행정기관 > 자치경찰위원회 > 사무국 > 자치경찰행정과,소믈리에,자치경찰위원회 현안업무 논의를 위한 오찬간담회 개최(시책),301000,b1f5b5059fcddd1331b4a12b133b78a77fee6960a00975b1d310d18800f16a70,sheet2:R4,,,
b1f5b5059fcddd13-sheet2-R5,2026-01-27,busan-city,합의제행정기관 > 자치경찰위원회 > 사무국 > 자치경찰행정과,부자회관,자치경찰위원회 업무추진을 위한 만찬간담회 개최(시책),430500,b1f5b5059fcddd1331b4a12b133b78a77fee6960a00975b1d310d18800f16a70,sheet2:R5,,,
b1f5b5059fcddd13-sheet2-R6,2026-01-28,busan-city,합의제행정기관 > 자치경찰위원회 > 사무국 > 자치경찰행정과,한솥대구탕,자치경찰위원회 업무 협의를 위한 유관기관 만찬 간담회 개최(시책),174000,b1f5b5059fcddd1331b4a12b133b78a77fee6960a00975b1d310d18800f16a70,sheet2:R6,,,
b1f5b5059fcddd13-sheet2-R7,2026-02-09,busan-city,합의제행정기관 > 자치경찰위원회 > 사무국 > 자치경찰행정과,동자상회,자치경찰 홍보관련 간담회 개최,100000,b1f5b5059fcddd1331b4a12b133b78a77fee6960a00975b1d310d18800f16a70,sheet2:R7,,,
b1f5b5059fcddd13-sheet2-R8,2026-02-10,busan-city,합의제행정기관 > 자치경찰위원회 > 사무국 > 자치경찰행정과,만성횟집,자치경찰 현안 논의를 위한 오찬간담회 개최,461000,b1f5b5059fcddd1331b4a12b133b78a77fee6960a00975b1d310d18800f16a70,sheet2:R8,,,
b1f5b5059fcddd13-sheet2-R9,2026-02-12,busan-city,합의제행정기관 > 자치경찰위원회 > 사무국 > 자치경찰행정과,부산댁,자치경찰위원회 업무추진을 위한 만찬간담회 개최(시책),111000,b1f5b5059fcddd1331b4a12b133b78a77fee6960a00975b1d310d18800f16a70,sheet2:R9,,,
b1f5b5059fcddd13-sheet2-R10,2026-02-20,busan-city,합의제행정기관 > 자치경찰위원회 > 사무국 > 자치경찰행정과,우나기만,자치경찰위원회 업무추진을 위한 만찬간담회 개최(시책),217000,b1f5b5059fcddd1331b4a12b133b78a77fee6960a00975b1d310d18800f16a70,sheet2:R10,,,
b1f5b5059fcddd13-sheet2-R11,2026-03-06,busan-city,합의제행정기관 > 자치경찰위원회 > 사무국 > 자치경찰행정과,팔미초밥,자치경찰위원회 업무추진 관련 오찬간담회 개최(시책),450000,b1f5b5059fcddd1331b4a12b133b78a77fee6960a00975b1d310d18800f16a70,sheet2:R11,,,
b1f5b5059fcddd13-sheet2-R12,2026-03-09,busan-city,합의제행정기관 > 자치경찰위원회 > 사무국 > 자치경찰행정과,동자상회,자치경찰위원회 업무추진 관련 만찬간담회 개최(시책),100000,b1f5b5059fcddd1331b4a12b133b78a77fee6960a00975b1d310d18800f16a70,sheet2:R12,,,
b1f5b5059fcddd13-sheet2-R13,2026-03-24,busan-city,합의제행정기관 > 자치경찰위원회 > 사무국 > 자치경찰행정과,갯뻘소리,제주자치경찰위원회 방문에 따른 다과 등 구입,149000,b1f5b5059fcddd1331b4a12b133b78a77fee6960a00975b1d310d18800f16a70,sheet2:R13,,,
b1f5b5059fcddd13-sheet3-R3,2026-01-28,busan-city,합의제행정기관 > 자치경찰위원회 > 사무국 > 자치경찰행정과,카페요있다,부서 직원 격려 간식 구입,99700,b1f5b5059fcddd1331b4a12b133b78a77fee6960a00975b1d310d18800f16a70,sheet3:R3,,,
b1f5b5059fcddd13-sheet3-R4,2026-02-10,busan-city,합의제행정기관 > 자치경찰위원회 > 사무국 > 자치경찰행정과,풍미,직원 격려 오찬 간담회 개최,380000,b1f5b5059fcddd1331b4a12b133b78a77fee6960a00975b1d310d18800f16a70,sheet3:R4,,,
b1f5b5059fcddd13-sheet3-R5,2026-03-04,busan-city,합의제행정기관 > 자치경찰위원회 > 사무국 > 자치경찰행정과,쿠팡,부서 운영을 위한 다과 등 구입,323930,b1f5b5059fcddd1331b4a12b133b78a77fee6960a00975b1d310d18800f16a70,sheet3:R5,,,
e753e7a26fddee3f-sheet1-R5,2026-01-02,busan-city,교통혁신국 > 교통혁신과,우나기만 외1,교통혁신국 직원 격려 간담회 개최,194700,e753e7a26fddee3f17d57dec9b7346c622697656d3d2c72b3549bfb758d350cd,sheet1:R5,,,
e753e7a26fddee3f-sheet1-R6,2026-01-07,busan-city,교통혁신국 > 교통혁신과,정초밥,교통혁신국 주요 현안사업 홍보를 위간 기자 간담회 개최,90000,e753e7a26fddee3f17d57dec9b7346c622697656d3d2c72b3549bfb758d350cd,sheet1:R6,,,
e753e7a26fddee3f-sheet1-R7,2026-01-15,busan-city,교통혁신국 > 교통혁신과,마파람,내성~중동 BRT 자율주행버스 시범 운행 관련 관계자 간담회 개최,201500,e753e7a26fddee3f17d57dec9b7346c622697656d3d2c72b3549bfb758d350cd,sheet1:R7,,,
e753e7a26fddee3f-sheet1-R8,2026-01-19,busan-city,교통혁신국 > 교통혁신과,만객당,교통혁신과 직원 격려 간식 구입,70000,e753e7a26fddee3f17d57dec9b7346c622697656d3d2c72b3549bfb758d350cd,sheet1:R8,,,
e753e7a26fddee3f-sheet1-R9,2026-01-21,busan-city,교통혁신국 > 교통혁신과,수정횟집,대중교통 주요 시책 등 업무협의를 위한 관계자 간담회 개최,450000,e753e7a26fddee3f17d57dec9b7346c622697656d3d2c72b3549bfb758d350cd,sheet1:R9,,,
e753e7a26fddee3f-sheet1-R10,2026-01-27,busan-city,교통혁신국 > 교통혁신과,우나기 만,양산선 운영 등 업무 협의를 위한 관계자 간담회 개최,140000,e753e7a26fddee3f17d57dec9b7346c622697656d3d2c72b3549bfb758d350cd,sheet1:R10,,,
e753e7a26fddee3f-sheet1-R11,2026-01-28,busan-city,교통혁신국 > 교통혁신과,정초밥,교통혁신국 직원 격려 간담회 개최,150000,e753e7a26fddee3f17d57dec9b7346c622697656d3d2c72b3549bfb758d350cd,sheet1:R11,,,
e753e7a26fddee3f-sheet1-R12,2026-01-29,busan-city,교통혁신국 > 교통혁신과,올리바,어린이 교통안전 관련 업무협의를 위한 간담회 개최,97500,e753e7a26fddee3f17d57dec9b7346c622697656d3d2c72b3549bfb758d350cd,sheet1:R12,,,
e753e7a26fddee3f-sheet1-R13,2026-01-29,busan-city,교통혁신국 > 교통혁신과,해광참가자미,동백패스 업무 추진을 위한 간담회 개최(e호조 연계),300000,e753e7a26fddee3f17d57dec9b7346c622697656d3d2c72b3549bfb758d350cd,sheet1:R13,,,
e753e7a26fddee3f-sheet1-R14,2026-01-29,busan-city,교통혁신국 > 교통혁신과,히얼이즈커피,교통유발부담금 업무추진을 위한 간담회 개최,140000,e753e7a26fddee3f17d57dec9b7346c622697656d3d2c72b3549bfb758d350cd,sheet1:R14,,,
e753e7a26fddee3f-sheet1-R15,2026-01-30,busan-city,교통혁신국 > 교통혁신과,-,교통혁신국 소속 직원 부의금 지급,50000,e753e7a26fddee3f17d57dec9b7346c622697656d3d2c72b3549bfb758d350cd,sheet1:R15,,,
e753e7a26fddee3f-sheet1-R16,2026-01-30,busan-city,교통혁신국 > 교통혁신과,초록섬미역,설 명절 대비 상습불법주차구역 점검 관련 관계자 간담회 개최,200000,e753e7a26fddee3f17d57dec9b7346c622697656d3d2c72b3549bfb758d350cd,sheet1:R16,,,
e753e7a26fddee3f-sheet1-R17,2026-02-02,busan-city,교통혁신국 > 교통혁신과,취원,교통혁신국 직원 격려 간담회 개최,245000,e753e7a26fddee3f17d57dec9b7346c622697656d3d2c72b3549bfb758d350cd,sheet1:R17,,,
e753e7a26fddee3f-sheet1-R18,2026-02-02,busan-city,교통혁신국 > 교통혁신과,만객당,교통혁신과 직원 격려 간식 구입,90000,e753e7a26fddee3f17d57dec9b7346c622697656d3d2c72b3549bfb758d350cd,sheet1:R18,,,
e753e7a26fddee3f-sheet1-R19,2026-02-04,busan-city,교통혁신국 > 교통혁신과,산청흑돼지,지능형교통업무 추진 직원격려 간담회 개최,480000,e753e7a26fddee3f17d57dec9b7346c622697656d3d2c72b3549bfb758d350cd,sheet1:R19,,,
e753e7a26fddee3f-sheet1-R20,2026-02-06,busan-city,교통혁신국 > 교통혁신과,산청흑돼지,대중교통 주요시책 등 업무협의를 위한 관계자 간담회 개최,440000,e753e7a26fddee3f17d57dec9b7346c622697656d3d2c72b3549bfb758d350cd,sheet1:R20,,,
e753e7a26fddee3f-sheet1-R21,2026-02-06,busan-city,교통혁신국 > 교통혁신과,메이리 외1,교통영향평가 심의위원회의 효율적인 운영을 위한 간담회 개최,200000,e753e7a26fddee3f17d57dec9b7346c622697656d3d2c72b3549bfb758d350cd,sheet1:R21,,,
e753e7a26fddee3f-sheet1-R22,2026-02-09,busan-city,교통혁신국 > 교통혁신과,히얼이즈커피,2026년 구·군 교통과장 회의 개최에 따른 다과 등 구입,100000,e753e7a26fddee3f17d57dec9b7346c622697656d3d2c72b3549bfb758d350cd,sheet1:R22,,,
e753e7a26fddee3f-sheet1-R23,2026-02-10,busan-city,교통혁신국 > 교통혁신과,소잡은어부,교통운영 업무추진을 위한 간담회 개최,393000,e753e7a26fddee3f17d57dec9b7346c622697656d3d2c72b3549bfb758d350cd,sheet1:R23,,,
e753e7a26fddee3f-sheet1-R24,2026-02-11,busan-city,교통혁신국 > 교통혁신과,만성횟집 외1,교통혁신국 직원 격려 간담회 개최,103000,e753e7a26fddee3f17d57dec9b7346c622697656d3d2c72b3549bfb758d350cd,sheet1:R24,,,
e753e7a26fddee3f-sheet1-R25,2026-02-12,busan-city,교통혁신국 > 교통혁신과,오복미역 외1,설 명절 특별교통대책 관련 관계자 간담회 개최,116400,e753e7a26fddee3f17d57dec9b7346c622697656d3d2c72b3549bfb758d350cd,sheet1:R25,,,
e753e7a26fddee3f-sheet1-R26,2026-02-12,busan-city,교통혁신국 > 교통혁신과,진미양곱창,모빌리티 정책 추진을 위한 유관기관 간담회 개최,300000,e753e7a26fddee3f17d57dec9b7346c622697656d3d2c72b3549bfb758d350cd,sheet1:R26,,,
e753e7a26fddee3f-sheet1-R27,2026-02-19,busan-city,교통혁신국 > 교통혁신과,-,교통혁신국 소속 직원 축의금 지급,50000,e753e7a26fddee3f17d57dec9b7346c622697656d3d2c72b3549bfb758d350cd,sheet1:R27,,,
e753e7a26fddee3f-sheet1-R28,2026-02-19,busan-city,교통혁신국 > 교통혁신과,완뚝순두부 외1,만덕센텀 고속화도로 교통소통대책 관련 간담회 개최,71900,e753e7a26fddee3f17d57dec9b7346c622697656d3d2c72b3549bfb758d350cd,sheet1:R28,,,
e753e7a26fddee3f-sheet1-R29,2026-02-23,busan-city,교통혁신국 > 교통혁신과,부용당,어린이 통학로 교통안전 관련 간담회 개최,189000,e753e7a26fddee3f17d57dec9b7346c622697656d3d2c72b3549bfb758d350cd,sheet1:R29,,,
e753e7a26fddee3f-sheet1-R30,2026-02-23,busan-city,교통혁신국 > 교통혁신과,가온비 외1,교통안전 유관기관 간담회 개최,75000,e753e7a26fddee3f17d57dec9b7346c622697656d3d2c72b3549bfb758d350cd,sheet1:R30,,,
e753e7a26fddee3f-sheet1-R31,2026-02-24,busan-city,교통혁신국 > 교통혁신과,활코스요리전문점,대중교통 홍보를 위한 간담회 개최,230000,e753e7a26fddee3f17d57dec9b7346c622697656d3d2c72b3549bfb758d350cd,sheet1:R31,,,
e753e7a26fddee3f-sheet1-R32,2026-02-25,busan-city,교통혁신국 > 교통혁신과,부용당,동백패스 K-패스 연계 관련 간담회 개최,84000,e753e7a26fddee3f17d57dec9b7346c622697656d3d2c72b3549bfb758d350cd,sheet1:R32,,,
e753e7a26fddee3f-sheet1-R33,2026-02-25,busan-city,교통혁신국 > 교통혁신과,화덕연밥 외1,교통영향평가 간담회 개최,112400,e753e7a26fddee3f17d57dec9b7346c622697656d3d2c72b3549bfb758d350cd,sheet1:R33,,,
e753e7a26fddee3f-sheet1-R34,2026-03-03,busan-city,교통혁신국 > 교통혁신과,-,교통혁신국 소속 직원 부의금 지급,50000,e753e7a26fddee3f17d57dec9b7346c622697656d3d2c72b3549bfb758d350cd,sheet1:R34,,,
e753e7a26fddee3f-sheet1-R35,2026-03-04,busan-city,교통혁신국 > 교통혁신과,파리바게트 외1,대중교통 이용 홍보 캠페인 간담회 개최,960000,e753e7a26fddee3f17d57dec9b7346c622697656d3d2c72b3549bfb758d350cd,sheet1:R35,,,
e753e7a26fddee3f-sheet1-R36,2026-03-05,busan-city,교통혁신국 > 교통혁신과,토종먹거리,마을버스의 효율적 운영을 위한 간담회 개최,200000,e753e7a26fddee3f17d57dec9b7346c622697656d3d2c72b3549bfb758d350cd,sheet1:R36,,,
e753e7a26fddee3f-sheet1-R37,2026-03-05,busan-city,교통혁신국 > 교통혁신과,초록섬미역,교통혁신국 직원 격려 간담회 개최,55000,e753e7a26fddee3f17d57dec9b7346c622697656d3d2c72b3549bfb758d350cd,sheet1:R37,,,
e753e7a26fddee3f-sheet1-R38,2026-03-10,busan-city,교통혁신국 > 교통혁신과,메이리연,교통혁신국 직원 격려 간담회 개최,300000,e753e7a26fddee3f17d57dec9b7346c622697656d3d2c72b3549bfb758d350cd,sheet1:R38,,,
e753e7a26fddee3f-sheet1-R39,2026-03-11,busan-city,교통혁신국 > 교통혁신과,정초밥,지능형교통업무 추진 업무협의 간담회 개최,160000,e753e7a26fddee3f17d57dec9b7346c622697656d3d2c72b3549bfb758d350cd,sheet1:R39,,,
e753e7a26fddee3f-sheet1-R40,2026-03-12,busan-city,교통혁신국 > 교통혁신과,고맙소,부전역 복합환승센터 업무협의 관련 간담회 개최,197000,e753e7a26fddee3f17d57dec9b7346c622697656d3d2c72b3549bfb758d350cd,sheet1:R40,,,
e753e7a26fddee3f-sheet1-R41,2026-03-23,busan-city,교통혁신국 > 교통혁신과,-,교통혁신국 소속 직원 부의금 지급,50000,e753e7a26fddee3f17d57dec9b7346c622697656d3d2c72b3549bfb758d350cd,sheet1:R41,,,
e753e7a26fddee3f-sheet1-R42,2026-03-23,busan-city,교통혁신국 > 교통혁신과,함양가 외1,교통혁신과 직원 격려 간담회 개최,80000,e753e7a26fddee3f17d57dec9b7346c622697656d3d2c72b3549bfb758d350cd,sheet1:R42,,,
e753e7a26fddee3f-sheet1-R43,2026-03-25,busan-city,교통혁신국 > 교통혁신과,그랑비 외1,교통영향평가 간담회 개최,96600,e753e7a26fddee3f17d57dec9b7346c622697656d3d2c72b3549bfb758d350cd,sheet1:R43,,,
8600420dbe2e92e6-sheet1-R4,2026-01-07,busan-city,도시계획국 > 도시계획과,부원삼계탕,도시공간계획 업무 추진 관련 간담회 개최,102000,8600420dbe2e92e635f6511881c72f2ed858df79e3b99f81ce4ca7d94b48ec40,sheet1:R4,,,
8600420dbe2e92e6-sheet1-R5,2026-01-12,busan-city,도시계획국 > 도시계획과,365꼬막정찬 외 1,도시공간계획 업무 추진 관련 간담회 개최,224100,8600420dbe2e92e635f6511881c72f2ed858df79e3b99f81ce4ca7d94b48ec40,sheet1:R5,,,
8600420dbe2e92e6-sheet1-R6,2026-01-13,busan-city,도시계획국 > 도시계획과,우나기만,도시공간계획 업무 추진 관련 간담회 개최,480000,8600420dbe2e92e635f6511881c72f2ed858df79e3b99f81ce4ca7d94b48ec40,sheet1:R6,,,
8600420dbe2e92e6-sheet1-R7,2026-01-14,busan-city,도시계획국 > 도시계획과,돈풍각,도시공간계획 업무 추진 관련 간담회 개최,468000,8600420dbe2e92e635f6511881c72f2ed858df79e3b99f81ce4ca7d94b48ec40,sheet1:R7,,,
8600420dbe2e92e6-sheet1-R8,2026-01-15,busan-city,도시계획국 > 도시계획과,경남수산,도시계획 연구 및 시책 업무 관련 간담회 개최,167000,8600420dbe2e92e635f6511881c72f2ed858df79e3b99f81ce4ca7d94b48ec40,sheet1:R8,,,
8600420dbe2e92e6-sheet1-R9,2026-01-15,busan-city,도시계획국 > 도시계획과,은화횟집2호점,도시공간계획 업무 추진 관련 간담회 개최,480000,8600420dbe2e92e635f6511881c72f2ed858df79e3b99f81ce4ca7d94b48ec40,sheet1:R9,,,
8600420dbe2e92e6-sheet1-R10,2026-01-16,busan-city,도시계획국 > 도시계획과,돈풍각,개발제한구역 해제 추진 간담회 실시,300000,8600420dbe2e92e635f6511881c72f2ed858df79e3b99f81ce4ca7d94b48ec40,sheet1:R10,,,
8600420dbe2e92e6-sheet1-R11,2026-01-19,busan-city,도시계획국 > 도시계획과,개인(성명 비공개),도시공간계획국 직원 경조사 부조금 지급,50000,8600420dbe2e92e635f6511881c72f2ed858df79e3b99f81ce4ca7d94b48ec40,sheet1:R11,,,
8600420dbe2e92e6-sheet1-R12,2026-01-27,busan-city,도시계획국 > 도시계획과,파차마마,개발제한구역 해제 관련 간담회 실시,95500,8600420dbe2e92e635f6511881c72f2ed858df79e3b99f81ce4ca7d94b48ec40,sheet1:R12,,,
8600420dbe2e92e6-sheet1-R13,2026-01-28,busan-city,도시계획국 > 도시계획과,이가네 명인갈비살,국토이용정보체계 현안사항 추진을 위한 간담회 개최,350000,8600420dbe2e92e635f6511881c72f2ed858df79e3b99f81ce4ca7d94b48ec40,sheet1:R13,,,
8600420dbe2e92e6-sheet1-R14,2026-02-05,busan-city,도시계획국 > 도시계획과,삼미식당,도시계획정보지 제50호 발간 관련 간담회 개최,200000,8600420dbe2e92e635f6511881c72f2ed858df79e3b99f81ce4ca7d94b48ec40,sheet1:R14,,,
8600420dbe2e92e6-sheet1-R15,2026-02-10,busan-city,도시계획국 > 도시계획과,(사)부산장애인생산품판매시설 외 1,「2026년 따뜻한 설명절 보내기 」사회복지시설 지원,320000,8600420dbe2e92e635f6511881c72f2ed858df79e3b99f81ce4ca7d94b48ec40,sheet1:R15,,,
8600420dbe2e92e6-sheet1-R16,2026-02-12,busan-city,도시계획국 > 도시계획과,불막열삼,도시공간계획 업무 추진 관련 간담회 개최,74300,8600420dbe2e92e635f6511881c72f2ed858df79e3b99f81ce4ca7d94b48ec40,sheet1:R16,,,
8600420dbe2e92e6-sheet1-R17,2026-02-13,busan-city,도시계획국 > 도시계획과,고향아줌마보리밥,도시공간계획 업무 추진 관련 간담회 개최,36000,8600420dbe2e92e635f6511881c72f2ed858df79e3b99f81ce4ca7d94b48ec40,sheet1:R17,,,
8600420dbe2e92e6-sheet1-R18,2026-02-24,busan-city,도시계획국 > 도시계획과,김해한우뒷고기,도시계획 업무 추진 관련 간담회 개최,326000,8600420dbe2e92e635f6511881c72f2ed858df79e3b99f81ce4ca7d94b48ec40,sheet1:R18,,,
8600420dbe2e92e6-sheet1-R19,2026-02-24,busan-city,도시계획국 > 도시계획과,만성횟집,직원 노고 격려 간담회 개최,480000,8600420dbe2e92e635f6511881c72f2ed858df79e3b99f81ce4ca7d94b48ec40,sheet1:R19,,,
8600420dbe2e92e6-sheet1-R20,2026-02-26,busan-city,도시계획국 > 도시계획과,㈜신화케이푸드,도시계획 업무 추진 관련 간담회 개최,480000,8600420dbe2e92e635f6511881c72f2ed858df79e3b99f81ce4ca7d94b48ec40,sheet1:R20,,,
8600420dbe2e92e6-sheet1-R21,2026-03-06,busan-city,도시계획국 > 도시계획과,보돌미역 세종청사점,도시계획 업무 추진 관련 간담회 개최,64000,8600420dbe2e92e635f6511881c72f2ed858df79e3b99f81ce4ca7d94b48ec40,sheet1:R21,,,
8600420dbe2e92e6-sheet1-R22,2026-03-10,busan-city,도시계획국 > 도시계획과,개인(성명 비공개),도시계획국 직원 경조사 부조금 지급,50000,8600420dbe2e92e635f6511881c72f2ed858df79e3b99f81ce4ca7d94b48ec40,sheet1:R22,,,
8600420dbe2e92e6-sheet1-R23,2026-03-10,busan-city,도시계획국 > 도시계획과,개인(성명 비공개),도시계획국 직원 경조사 부조금 지급,100000,8600420dbe2e92e635f6511881c72f2ed858df79e3b99f81ce4ca7d94b48ec40,sheet1:R23,,,
8600420dbe2e92e6-sheet1-R24,2026-03-11,busan-city,도시계획국 > 도시계획과,일구칠구오반장,도시계획 업무 추진 관련 간담회 개최,63000,8600420dbe2e92e635f6511881c72f2ed858df79e3b99f81ce4ca7d94b48ec40,sheet1:R24,,,
8600420dbe2e92e6-sheet1-R25,2026-03-17,busan-city,도시계획국 > 도시계획과,꾸석지돌판한우 시청점,도시계획 업무 추진 관련 간담회 개최,420400,8600420dbe2e92e635f6511881c72f2ed858df79e3b99f81ce4ca7d94b48ec40,sheet1:R25,,,
8600420dbe2e92e6-sheet1-R26,2026-03-23,busan-city,도시계획국 > 도시계획과,한마음정육식당 대전관평점,도시계획 업무 추진 관련 간담회 개최,300000,8600420dbe2e92e635f6511881c72f2ed858df79e3b99f81ce4ca7d94b48ec40,sheet1:R26,,,
8600420dbe2e92e6-sheet1-R27,2026-03-26,busan-city,도시계획국 > 도시계획과,파차마마 외 1,개발제한구역 해제(53사단 이전) 관련 간담회 실시,182000,8600420dbe2e92e635f6511881c72f2ed858df79e3b99f81ce4ca7d94b48ec40,sheet1:R27,,,
81d4cb561dcc6a4b-sheet1-R5,2026-01-08,busan-city,도시계획국 > 시설계획과,고반식당,도시계획시설결정 관련 업무추진 간담회 개최,300000,81d4cb561dcc6a4b3754db1b30428321a8b5c51e3611ef5f847e5dea34652fed,sheet1:R5,,,
81d4cb561dcc6a4b-sheet1-R6,2026-01-15,busan-city,도시계획국 > 시설계획과,공무원매점,공공기여협상 업무 추진 관련 회의용 다과 구입,722500,81d4cb561dcc6a4b3754db1b30428321a8b5c51e3611ef5f847e5dea34652fed,sheet1:R6,,,
81d4cb561dcc6a4b-sheet1-R7,2026-01-15,busan-city,도시계획국 > 시설계획과,명랑핫도그,직원 격려 간식 구입,85000,81d4cb561dcc6a4b3754db1b30428321a8b5c51e3611ef5f847e5dea34652fed,sheet1:R7,,,
81d4cb561dcc6a4b-sheet1-R8,2026-01-15,busan-city,도시계획국 > 시설계획과,마조레,현안업무 직원 격려 간담회 개최,300000,81d4cb561dcc6a4b3754db1b30428321a8b5c51e3611ef5f847e5dea34652fed,sheet1:R8,,,
81d4cb561dcc6a4b-sheet1-R9,2026-01-22,busan-city,도시계획국 > 시설계획과,버드나무집,성창기업부지 공공기여협상 추진 관계자 간담회 개최,360000,81d4cb561dcc6a4b3754db1b30428321a8b5c51e3611ef5f847e5dea34652fed,sheet1:R9,,,
81d4cb561dcc6a4b-sheet1-R10,2026-02-02,busan-city,도시계획국 > 시설계획과,돈풍각,공공기여협상 관련 업무추진 간담회 개최,480000,81d4cb561dcc6a4b3754db1b30428321a8b5c51e3611ef5f847e5dea34652fed,sheet1:R10,,,
81d4cb561dcc6a4b-sheet1-R11,2026-02-12,busan-city,도시계획국 > 시설계획과,"히얼이즈커피,메이리연",부서 직원 격려 간담회 개최,451300,81d4cb561dcc6a4b3754db1b30428321a8b5c51e3611ef5f847e5dea34652fed,sheet1:R11,,,
81d4cb561dcc6a4b-sheet1-R12,2026-02-20,busan-city,도시계획국 > 시설계획과,메이리,현안업무 추진 직원 격려 간담회 개최,480000,81d4cb561dcc6a4b3754db1b30428321a8b5c51e3611ef5f847e5dea34652fed,sheet1:R12,,,
81d4cb561dcc6a4b-sheet1-R13,2026-02-23,busan-city,도시계획국 > 시설계획과,제주옥탑,도시계획시설결정 관련 업무추진 간담회 개최,238000,81d4cb561dcc6a4b3754db1b30428321a8b5c51e3611ef5f847e5dea34652fed,sheet1:R13,,,
81d4cb561dcc6a4b-sheet1-R14,2026-02-25,busan-city,도시계획국 > 시설계획과,"다대집,뱅가",다대동 성창기업부지 협상조정협의회 간담회 개최,427000,81d4cb561dcc6a4b3754db1b30428321a8b5c51e3611ef5f847e5dea34652fed,sheet1:R14,,,
81d4cb561dcc6a4b-sheet1-R15,2026-02-27,busan-city,도시계획국 > 시설계획과,명랑핫도그,직원 격려 간식 구입,153000,81d4cb561dcc6a4b3754db1b30428321a8b5c51e3611ef5f847e5dea34652fed,sheet1:R15,,,
81d4cb561dcc6a4b-sheet1-R16,2026-03-10,busan-city,도시계획국 > 시설계획과,수제국수,도시계획시설결정 관련 업무추진 간담회 개최,480000,81d4cb561dcc6a4b3754db1b30428321a8b5c51e3611ef5f847e5dea34652fed,sheet1:R16,,,
81d4cb561dcc6a4b-sheet1-R17,2026-03-11,busan-city,도시계획국 > 시설계획과,수제국수,공공기여협상 관련 업무추진 간담회 개최,400000,81d4cb561dcc6a4b3754db1b30428321a8b5c51e3611ef5f847e5dea34652fed,sheet1:R17,,,
a80f3ee55f6439d3-sheet1-R5,2026-01-27,busan-city,시민건강국 > 감염병관리과,후스,2026년 CRE 감염증 감소전략 운영 참여기관 간담회 개최,228000,a80f3ee55f6439d3d708daf56f34c5981f65ea28b64159a8c08109623f5671e0,sheet1:R5,,,
a80f3ee55f6439d3-sheet1-R6,2026-02-26,busan-city,시민건강국 > 감염병관리과,공무원매점외 1,2026년 상반기 보건소 예방접종 담당자 회의 다과구입,240000,a80f3ee55f6439d3d708daf56f34c5981f65ea28b64159a8c08109623f5671e0,sheet1:R6,,,
a80f3ee55f6439d3-sheet1-R7,2026-03-04,busan-city,시민건강국 > 감염병관리과,공무원매점,2026년 국가결핵관리사업 관계자 교육 및 회의 다과 구입,200000,a80f3ee55f6439d3d708daf56f34c5981f65ea28b64159a8c08109623f5671e0,sheet1:R7,,,
a80f3ee55f6439d3-sheet1-R8,2026-03-13,busan-city,시민건강국 > 감염병관리과,공무원매점,지역안전지수 감염병분야 구군 담당자 회의 다과 구입,170000,a80f3ee55f6439d3d708daf56f34c5981f65ea28b64159a8c08109623f5671e0,sheet1:R8,,,
a80f3ee55f6439d3-sheet1-R9,2026-03-27,busan-city,시민건강국 > 감염병관리과,뚜레쥬르 부산시청점,제1차 찾아가는 외국인 감염병 예방 통합 검진사업 운영 다과 구입,206500,a80f3ee55f6439d3d708daf56f34c5981f65ea28b64159a8c08109623f5671e0,sheet1:R9,,,
a80f3ee55f6439d3-sheet1-R10,2026-03-30,busan-city,시민건강국 > 감염병관리과,팔미초밥,감염안전돌봄시설 환기안심사업 관련 간담회,180000,a80f3ee55f6439d3d708daf56f34c5981f65ea28b64159a8c08109623f5671e0,sheet1:R10,,,
a80f3ee55f6439d3-sheet1-R11,2026-03-30,busan-city,시민건강국 > 감염병관리과,호호정,노인요양시설 감염관리 효율화 위한 간담회,169000,a80f3ee55f6439d3d708daf56f34c5981f65ea28b64159a8c08109623f5671e0,sheet1:R11,,,
a488bc79e263cd30-sheet1-R3,2026-01-09,busan-city,기획조정실 > 기획관 > 인구정책담당관,지앤지(G&G)시청점,다문화가족지원사업 추진기관 현장방문 간담회 개최,43000,a488bc79e263cd303a51f61330ff2c2e4e9a2e86462afa9f6d2f933c536c0543,sheet1:R3,,,
a488bc79e263cd30-sheet1-R4,2026-01-22,busan-city,기획조정실 > 기획관 > 인구정책담당관,돈풍각,이주아동 성장지원사업 성과공유를 위한 관계자 간담회 개최,200000,a488bc79e263cd303a51f61330ff2c2e4e9a2e86462afa9f6d2f933c536c0543,sheet1:R4,,,
a488bc79e263cd30-sheet1-R5,2026-02-26,busan-city,기획조정실 > 기획관 > 인구정책담당관,"양산도, 레이븐커피",인구정책 업무 협의를 위한 간담회 개최,115000,a488bc79e263cd303a51f61330ff2c2e4e9a2e86462afa9f6d2f933c536c0543,sheet1:R5,,,
a488bc79e263cd30-sheet1-R6,2026-03-11,busan-city,기획조정실 > 기획관 > 인구정책담당관,"함양가, 가온비",외국인 통합지원체계 구축 업무 협의를 위한 간담회 개최,256500,a488bc79e263cd303a51f61330ff2c2e4e9a2e86462afa9f6d2f933c536c0543,sheet1:R6,,,
a488bc79e263cd30-sheet1-R7,2026-03-17,busan-city,기획조정실 > 기획관 > 인구정책담당관,히얼이즈커피 부산시청점,제2회 인구정책위원회 다과 구입,143900,a488bc79e263cd303a51f61330ff2c2e4e9a2e86462afa9f6d2f933c536c0543,sheet1:R7,,,
a488bc79e263cd30-sheet1-R8,2026-03-26,busan-city,기획조정실 > 기획관 > 인구정책담당관,온정,외국인 통합지원체계 현안연구 자문회의 관련 간담회 개최,69000,a488bc79e263cd303a51f61330ff2c2e4e9a2e86462afa9f6d2f933c536c0543,sheet1:R8,,,
14914cac272f25c8-sheet1-R4,2026-01-08,busan-city,아동보호종합센터 > 아동권리팀,백련가,현안 업무 추진 간담회 개최,69000,14914cac272f25c8c3b7ce69a15fb64b04a2922b3d0ff6201fe52551be3d2ec5,sheet1:R4,,,
14914cac272f25c8-sheet1-R5,2026-01-14,busan-city,아동보호종합센터 > 아동권리팀,부민정외 1,시책업무 추진 간담회 개최,52000,14914cac272f25c8c3b7ce69a15fb64b04a2922b3d0ff6201fe52551be3d2ec5,sheet1:R5,,,
14914cac272f25c8-sheet1-R6,2026-01-20,busan-city,아동보호종합센터 > 아동권리팀,산동성외 1,2026년 부산형 선결제 추진,600000,14914cac272f25c8c3b7ce69a15fb64b04a2922b3d0ff6201fe52551be3d2ec5,sheet1:R6,,,
14914cac272f25c8-sheet1-R7,2026-01-30,busan-city,아동보호종합센터 > 아동권리팀,웁스외 1,현안업무 추진 간담회 개최,56000,14914cac272f25c8c3b7ce69a15fb64b04a2922b3d0ff6201fe52551be3d2ec5,sheet1:R7,,,
14914cac272f25c8-sheet1-R8,2026-02-09,busan-city,아동보호종합센터 > 아동권리팀,웨이아웃,2026년 제1회 아이사랑콜 사례회의 및 간담회 개최 관련 간담회비 지급,141400,14914cac272f25c8c3b7ce69a15fb64b04a2922b3d0ff6201fe52551be3d2ec5,sheet1:R8,,,
14914cac272f25c8-sheet1-R9,2026-02-10,busan-city,아동보호종합센터 > 아동권리팀,롯데쇼핑(주)롯데마트광복점,설 명절 사회복지시설 방문 격려품 구입,89800,14914cac272f25c8c3b7ce69a15fb64b04a2922b3d0ff6201fe52551be3d2ec5,sheet1:R9,,,
14914cac272f25c8-sheet1-R10,2026-02-10,busan-city,아동보호종합센터 > 아동권리팀,고더커피 부산대학교병원점외 1,2026년 아이사랑 부모교육 전문상담사 직무교육에 따른 간담회비 지급,272600,14914cac272f25c8c3b7ce69a15fb64b04a2922b3d0ff6201fe52551be3d2ec5,sheet1:R10,,,
14914cac272f25c8-sheet1-R11,2026-02-24,busan-city,아동보호종합센터 > 아동권리팀,흐를류 온천천 카페거리,아동학대예방 직무교육 추진 간담회 개최,105000,14914cac272f25c8c3b7ce69a15fb64b04a2922b3d0ff6201fe52551be3d2ec5,sheet1:R11,,,
14914cac272f25c8-sheet1-R12,2026-03-10,busan-city,아동보호종합센터 > 아동권리팀,찰진솥밥 계절밥상,현안업무 추진 간담회 개최,51000,14914cac272f25c8c3b7ce69a15fb64b04a2922b3d0ff6201fe52551be3d2ec5,sheet1:R12,,,
14914cac272f25c8-sheet1-R13,2026-03-16,busan-city,아동보호종합센터 > 아동권리팀,말랑제이(Malang J),2026년 상반기 위촉직 전문상담사 역량강화교육 등 운영 관련 다과 구입,256000,14914cac272f25c8c3b7ce69a15fb64b04a2922b3d0ff6201fe52551be3d2ec5,sheet1:R13,,,
14914cac272f25c8-sheet1-R14,2026-03-19,busan-city,아동보호종합센터 > 아동권리팀,백련가,현안 업무 추진 간담회 개최,85000,14914cac272f25c8c3b7ce69a15fb64b04a2922b3d0ff6201fe52551be3d2ec5,sheet1:R14,,,
14914cac272f25c8-sheet1-R15,2026-03-24,busan-city,아동보호종합센터 > 아동권리팀,백련가외 1,2026년 상반기 아동보호협의체 간담회 개최,286700,14914cac272f25c8c3b7ce69a15fb64b04a2922b3d0ff6201fe52551be3d2ec5,sheet1:R15,,,
14914cac272f25c8-sheet1-R16,2026-03-27,busan-city,아동보호종합센터 > 아동권리팀,브루빈 부산대병원점외 2,2026년 제3회 심리치료 사례회의 및 간담회 개최,464500,14914cac272f25c8c3b7ce69a15fb64b04a2922b3d0ff6201fe52551be3d2ec5,sheet1:R16,,,
573d2feed07842e5-sheet1-R4,2026-01-06,busan-city,사회복지국 > 노인복지과,부자회관,노인복지관 운영지원 사업 추진 관련 간담회,388000,573d2feed07842e582543929020ce4d76aac06faf28d4e7ff7b4d50cddf34743,sheet1:R4,,,
573d2feed07842e5-sheet1-R5,2026-01-13,busan-city,사회복지국 > 노인복지과,연산순수장족발,2026년 노인일자리 추진 유관기관 간담회,166000,573d2feed07842e582543929020ce4d76aac06faf28d4e7ff7b4d50cddf34743,sheet1:R5,,,
573d2feed07842e5-sheet1-R6,2026-01-14,busan-city,사회복지국 > 노인복지과,"오소리순대, 텐퍼센트커피",장기요양기관 행사 관련 직원 격려 간담회,62800,573d2feed07842e582543929020ce4d76aac06faf28d4e7ff7b4d50cddf34743,sheet1:R6,,,
573d2feed07842e5-sheet1-R7,2026-01-20,busan-city,사회복지국 > 노인복지과,코코호도,정관읍 주민지원사업 관련 간담회,43000,573d2feed07842e582543929020ce4d76aac06faf28d4e7ff7b4d50cddf34743,sheet1:R7,,,
573d2feed07842e5-sheet1-R8,2026-01-21,busan-city,사회복지국 > 노인복지과,"카페가온비, 공무원매점, 로우쥬스커피, 다이소",2026년 50+생애재설계대학 수탁기관선정심의위원회 회의,114600,573d2feed07842e582543929020ce4d76aac06faf28d4e7ff7b4d50cddf34743,sheet1:R8,,,
573d2feed07842e5-sheet1-R9,2026-01-29,busan-city,사회복지국 > 노인복지과,"부자회관, 카페가온비, 텐퍼센트",2026년 신중년 인생3모작 지원사업 선정기관선정심의위원회 회의,76500,573d2feed07842e582543929020ce4d76aac06faf28d4e7ff7b4d50cddf34743,sheet1:R9,,,
573d2feed07842e5-sheet1-R10,2026-01-30,busan-city,사회복지국 > 노인복지과,카페가온비,노인일자리사업 활성화를 위한 유관기관 간담회,47500,573d2feed07842e582543929020ce4d76aac06faf28d4e7ff7b4d50cddf34743,sheet1:R10,,,
573d2feed07842e5-sheet1-R11,2026-01-30,busan-city,사회복지국 > 노인복지과,홍식당,노인시설 업무추진에 따른 간담회,380000,573d2feed07842e582543929020ce4d76aac06faf28d4e7ff7b4d50cddf34743,sheet1:R11,,,
573d2feed07842e5-sheet1-R12,2026-02-03,busan-city,사회복지국 > 노인복지과,"메이리, 솔밭횟집, 돈풍각, 부자회관",2026년 노인복지과 부산 착한결제(선결제) 추진(1차),1200000,573d2feed07842e582543929020ce4d76aac06faf28d4e7ff7b4d50cddf34743,sheet1:R12,,,
573d2feed07842e5-sheet1-R13,2026-02-04,busan-city,사회복지국 > 노인복지과,카페가온비,폐의약품 안심수거단 사업 활성화를 위한 유관기관 간담회,101500,573d2feed07842e582543929020ce4d76aac06faf28d4e7ff7b4d50cddf34743,sheet1:R13,,,
573d2feed07842e5-sheet1-R14,2026-02-05,busan-city,사회복지국 > 노인복지과,"공무원매점, 다이소, 대봉과일전문점, 카페가온비, 수제국수, 지앤지",신중년 일자리 선정심사위원회,195400,573d2feed07842e582543929020ce4d76aac06faf28d4e7ff7b4d50cddf34743,sheet1:R14,,,
573d2feed07842e5-sheet1-R15,2026-02-10,busan-city,사회복지국 > 노인복지과,공무원매점,부서 직원 격려 간식 구입,480000,573d2feed07842e582543929020ce4d76aac06faf28d4e7ff7b4d50cddf34743,sheet1:R15,,,
573d2feed07842e5-sheet1-R16,2026-02-10,busan-city,사회복지국 > 노인복지과,예향정,공설장사시설 확충 등 장사 업무 추진 유관기관 간담회,120000,573d2feed07842e582543929020ce4d76aac06faf28d4e7ff7b4d50cddf34743,sheet1:R16,,,
573d2feed07842e5-sheet1-R17,2026-02-12,busan-city,사회복지국 > 노인복지과,오봉집,ESG여행 도슨트 사업 추진 관련 업무간담회,79000,573d2feed07842e582543929020ce4d76aac06faf28d4e7ff7b4d50cddf34743,sheet1:R17,,,
573d2feed07842e5-sheet1-R18,2026-02-13,busan-city,사회복지국 > 노인복지과,부자회관,사회복지시설 운영 관련 유관기관 간담회,480000,573d2feed07842e582543929020ce4d76aac06faf28d4e7ff7b4d50cddf34743,sheet1:R18,,,
573d2feed07842e5-sheet1-R19,2026-02-24,busan-city,사회복지국 > 노인복지과,"부자회관, 카페가온비",부산광역시 장노년일자리지원센터 민간위탁 1차 성과평가회의,63500,573d2feed07842e582543929020ce4d76aac06faf28d4e7ff7b4d50cddf34743,sheet1:R19,,,
573d2feed07842e5-sheet1-R20,2026-03-11,busan-city,사회복지국 > 노인복지과,스톤스트릿,노인복지관 운영 지원 관련 유관기관 간담회,104400,573d2feed07842e582543929020ce4d76aac06faf28d4e7ff7b4d50cddf34743,sheet1:R20,,,
573d2feed07842e5-sheet1-R21,2026-03-12,busan-city,사회복지국 > 노인복지과,함양가,공설장사시설 확충 등 장사 업무 추진 유관기관 간담회,360000,573d2feed07842e582543929020ce4d76aac06faf28d4e7ff7b4d50cddf34743,sheet1:R21,,,
573d2feed07842e5-sheet1-R22,2026-03-13,busan-city,사회복지국 > 노인복지과,카페가온비,노인일자리사업 활성화를 위한 유관기관 간담회(리본 프로젝트),67500,573d2feed07842e582543929020ce4d76aac06faf28d4e7ff7b4d50cddf34743,sheet1:R22,,,
573d2feed07842e5-sheet1-R23,2026-03-25,busan-city,사회복지국 > 노인복지과,제일옥곰탕,노인일자리사업 활성화를 위한 유관기관 간담회(시니어클럽),155000,573d2feed07842e582543929020ce4d76aac06faf28d4e7ff7b4d50cddf34743,sheet1:R23,,,
573d2feed07842e5-sheet1-R24,2026-03-26,busan-city,사회복지국 > 노인복지과,식당3선,하하캠퍼스 조성 관계자 간담회,273000,573d2feed07842e582543929020ce4d76aac06faf28d4e7ff7b4d50cddf34743,sheet1:R24,,,
dea0535f06b00097-sheet2-R4,2026-02-09,busan-city,서울본부 > 총괄지원팀,인터넷우체국쇼핑,설 명절 맞이 직원 격려품 구입,474300,dea0535f06b00097bfcb2b9159bd01d94a4e807b0e2536bd6a5e25798817a0f7,sheet2:R4,,,
dea0535f06b00097-sheet2-R5,2026-02-10,busan-city,서울본부 > 총괄지원팀,연타발,서울본부 및 세종사무소 직원 격려 간담회 개최(2.10.오찬),480000,dea0535f06b00097bfcb2b9159bd01d94a4e807b0e2536bd6a5e25798817a0f7,sheet2:R5,,,
dea0535f06b00097-sheet3-R4,2026-01-02,busan-city,서울본부 > 총괄지원팀,허브족발,국회관계자 시정간담회 개최 (1.2. 만찬),106000,dea0535f06b00097bfcb2b9159bd01d94a4e807b0e2536bd6a5e25798817a0f7,sheet3:R4,,,
dea0535f06b00097-sheet3-R5,2026-01-02,busan-city,서울본부 > 총괄지원팀,팔당반점 서여의도점,국회관계자 시정간담회 개최 (1.2. 오찬),58000,dea0535f06b00097bfcb2b9159bd01d94a4e807b0e2536bd6a5e25798817a0f7,sheet3:R5,,,
dea0535f06b00097-sheet3-R6,2026-01-05,busan-city,서울본부 > 총괄지원팀,가시리 여의도점,"수도권 중앙언론 시정 간담회 개최(1/5, 오찬)",180000,dea0535f06b00097bfcb2b9159bd01d94a4e807b0e2536bd6a5e25798817a0f7,sheet3:R6,,,
dea0535f06b00097-sheet3-R7,2026-01-06,busan-city,서울본부 > 총괄지원팀,연타발,"수도권 지방언론 시정간담회 개최(1/6,만찬)",450000,dea0535f06b00097bfcb2b9159bd01d94a4e807b0e2536bd6a5e25798817a0f7,sheet3:R7,,,
dea0535f06b00097-sheet3-R8,2026-01-06,busan-city,서울본부 > 총괄지원팀,투썸플레이스 서여의도점,"수도권 중앙언론 시정간담회 개최(1/6,오찬)",11100,dea0535f06b00097bfcb2b9159bd01d94a4e807b0e2536bd6a5e25798817a0f7,sheet3:R8,,,
dea0535f06b00097-sheet3-R9,2026-01-06,busan-city,서울본부 > 총괄지원팀,이태원천상여의도점,"수도권 중앙언론 시정간담회 개최(1/6,오찬)",130000,dea0535f06b00097bfcb2b9159bd01d94a4e807b0e2536bd6a5e25798817a0f7,sheet3:R9,,,
dea0535f06b00097-sheet3-R10,2026-01-07,busan-city,서울본부 > 총괄지원팀,무교소호정,"수도권 중앙언론 시정간담회 개최(1/7, 만찬)",211000,dea0535f06b00097bfcb2b9159bd01d94a4e807b0e2536bd6a5e25798817a0f7,sheet3:R10,,,
dea0535f06b00097-sheet3-R11,2026-01-07,busan-city,서울본부 > 총괄지원팀,주식회사 큐매니지먼트,"수도권 중앙언론 시정간담회 개최(1/7,오찬)",98000,dea0535f06b00097bfcb2b9159bd01d94a4e807b0e2536bd6a5e25798817a0f7,sheet3:R11,,,
dea0535f06b00097-sheet3-R12,2026-01-09,busan-city,서울본부 > 총괄지원팀,주식회사 큐매니지먼트,"수도권 중앙언론 시정간담회 개최(1/9,오찬)",193000,dea0535f06b00097bfcb2b9159bd01d94a4e807b0e2536bd6a5e25798817a0f7,sheet3:R12,,,
dea0535f06b00097-sheet3-R13,2026-01-12,busan-city,서울본부 > 총괄지원팀,이도식당,국회관계자 시정간담회 개최 (1.12. 만찬),418000,dea0535f06b00097bfcb2b9159bd01d94a4e807b0e2536bd6a5e25798817a0f7,sheet3:R13,,,
dea0535f06b00097-sheet3-R14,2026-01-12,busan-city,서울본부 > 총괄지원팀,민소한우(서여의도점),"수도권 지방 언론 시정간담회 개최(1/12,오찬)",296000,dea0535f06b00097bfcb2b9159bd01d94a4e807b0e2536bd6a5e25798817a0f7,sheet3:R14,,,
dea0535f06b00097-sheet3-R15,2026-01-13,busan-city,서울본부 > 총괄지원팀,곽수산,"수도권 지방 언론 시정간담회 개최(1/13,만찬)",416000,dea0535f06b00097bfcb2b9159bd01d94a4e807b0e2536bd6a5e25798817a0f7,sheet3:R15,,,
dea0535f06b00097-sheet3-R16,2026-01-13,busan-city,서울본부 > 총괄지원팀,(주)부자되세요 창고43 서여의도점,국회관계자 시정간담회 개최(1.13. 만찬),330000,dea0535f06b00097bfcb2b9159bd01d94a4e807b0e2536bd6a5e25798817a0f7,sheet3:R16,,,
dea0535f06b00097-sheet3-R17,2026-01-13,busan-city,서울본부 > 총괄지원팀,도프커피 서여의도점,국회관계자 시정간담회 개최 (1.13. 오찬),30000,dea0535f06b00097bfcb2b9159bd01d94a4e807b0e2536bd6a5e25798817a0f7,sheet3:R17,,,
dea0535f06b00097-sheet3-R18,2026-01-13,busan-city,서울본부 > 총괄지원팀,혼복집,국회관계자 시정간담회 개최 (1.13. 오찬),150000,dea0535f06b00097bfcb2b9159bd01d94a4e807b0e2536bd6a5e25798817a0f7,sheet3:R18,,,
dea0535f06b00097-sheet3-R19,2026-01-13,busan-city,서울본부 > 총괄지원팀,아크여의도점,"수도권 중앙언론 시정 간담회 개최(1/13, 오찬)",180000,dea0535f06b00097bfcb2b9159bd01d94a4e807b0e2536bd6a5e25798817a0f7,sheet3:R19,,,
dea0535f06b00097-sheet3-R20,2026-01-14,busan-city,서울본부 > 총괄지원팀,이노스(ino's),국회관계자 시정간담회 개최 (1.14. 오찬),30000,dea0535f06b00097bfcb2b9159bd01d94a4e807b0e2536bd6a5e25798817a0f7,sheet3:R20,,,
dea0535f06b00097-sheet3-R21,2026-01-14,busan-city,서울본부 > 총괄지원팀,여의도진진,국회관계자 시정간담회 개최 (1.14. 오찬),150000,dea0535f06b00097bfcb2b9159bd01d94a4e807b0e2536bd6a5e25798817a0f7,sheet3:R21,,,
dea0535f06b00097-sheet3-R22,2026-01-15,busan-city,서울본부 > 총괄지원팀,민소한우(서여의도점),국회관계자 시정간담회 개최 (1.15. 만찬),276000,dea0535f06b00097bfcb2b9159bd01d94a4e807b0e2536bd6a5e25798817a0f7,sheet3:R22,,,
dea0535f06b00097-sheet3-R23,2026-01-15,busan-city,서울본부 > 총괄지원팀,군산조개천국,중앙부처 공무원 초청 시정협조 간담회 개최(1.15. 만찬),237000,dea0535f06b00097bfcb2b9159bd01d94a4e807b0e2536bd6a5e25798817a0f7,sheet3:R23,,,
dea0535f06b00097-sheet3-R24,2026-01-15,busan-city,서울본부 > 총괄지원팀,동해도본점,"국회 관계자 시정 간담회 개최(1/15, 오찬)",120000,dea0535f06b00097bfcb2b9159bd01d94a4e807b0e2536bd6a5e25798817a0f7,sheet3:R24,,,
dea0535f06b00097-sheet3-R25,2026-01-16,busan-city,서울본부 > 총괄지원팀,이도식당,"국회 관계자 시정간담회 개최(1/16,만찬)",137000,dea0535f06b00097bfcb2b9159bd01d94a4e807b0e2536bd6a5e25798817a0f7,sheet3:R25,,,
dea0535f06b00097-sheet3-R26,2026-01-16,busan-city,서울본부 > 총괄지원팀,연타발,"수도권 중앙언론 시정간담회 개최(1/16,만찬)",240000,dea0535f06b00097bfcb2b9159bd01d94a4e807b0e2536bd6a5e25798817a0f7,sheet3:R26,,,
dea0535f06b00097-sheet3-R27,2026-01-16,busan-city,서울본부 > 총괄지원팀,주식회사 쩡이당,정부세종청사 파견공무원 시정협조 간담회 개최(1.16.오찬),64000,dea0535f06b00097bfcb2b9159bd01d94a4e807b0e2536bd6a5e25798817a0f7,sheet3:R27,,,
dea0535f06b00097-sheet3-R28,2026-01-16,busan-city,서울본부 > 총괄지원팀,1980 황가원,정부세종청사 파견공무원 시정협조 간담회 개최(1.16.오찬),320000,dea0535f06b00097bfcb2b9159bd01d94a4e807b0e2536bd6a5e25798817a0f7,sheet3:R28,,,
dea0535f06b00097-sheet3-R29,2026-01-16,busan-city,서울본부 > 총괄지원팀,명인등심 상암직영점,"수도권 중앙언론 시정 간담회 개최(1/16,오찬)",382000,dea0535f06b00097bfcb2b9159bd01d94a4e807b0e2536bd6a5e25798817a0f7,sheet3:R29,,,
dea0535f06b00097-sheet3-R30,2026-01-19,busan-city,서울본부 > 총괄지원팀,명인등심 상암직영점,"수도권 중앙언론 시정 간담회 개최(1/19,오찬)",480000,dea0535f06b00097bfcb2b9159bd01d94a4e807b0e2536bd6a5e25798817a0f7,sheet3:R30,,,
dea0535f06b00097-sheet3-R31,2026-01-19,busan-city,서울본부 > 총괄지원팀,투썸플레이스세종어진점,세종청사 출입 언론인과의 시정 홍보 간담회 개최(1.19.오찬),30800,dea0535f06b00097bfcb2b9159bd01d94a4e807b0e2536bd6a5e25798817a0f7,sheet3:R31,,,
dea0535f06b00097-sheet3-R32,2026-01-19,busan-city,서울본부 > 총괄지원팀,세종대박장어,세종청사 출입 언론인과의 시정 홍보 간담회 개최(1.19.오찬),180000,dea0535f06b00097bfcb2b9159bd01d94a4e807b0e2536bd6a5e25798817a0f7,sheet3:R32,,,
dea0535f06b00097-sheet3-R33,2026-01-21,busan-city,서울본부 > 총괄지원팀,이도식당,국회관계자 시정간담회 개최(1.21.수),222000,dea0535f06b00097bfcb2b9159bd01d94a4e807b0e2536bd6a5e25798817a0f7,sheet3:R33,,,
dea0535f06b00097-sheet3-R34,2026-01-22,busan-city,서울본부 > 총괄지원팀,이태원천상여의도점,국회관계자 시정간담회 개최 (1.22. 만찬),330000,dea0535f06b00097bfcb2b9159bd01d94a4e807b0e2536bd6a5e25798817a0f7,sheet3:R34,,,
dea0535f06b00097-sheet3-R35,2026-01-22,busan-city,서울본부 > 총괄지원팀,정동각,국회관계자 시정간담회 개최(1.22.만찬),300000,dea0535f06b00097bfcb2b9159bd01d94a4e807b0e2536bd6a5e25798817a0f7,sheet3:R35,,,
dea0535f06b00097-sheet3-R36,2026-01-22,busan-city,서울본부 > 총괄지원팀,스타벅스 코리아,수도권 중앙 언론 차담회 개최(1/22),107400,dea0535f06b00097bfcb2b9159bd01d94a4e807b0e2536bd6a5e25798817a0f7,sheet3:R36,,,
dea0535f06b00097-sheet3-R37,2026-01-22,busan-city,서울본부 > 총괄지원팀,(주)라온사람들 서울안심정육,서울본부 전보직원 격려 간담회 개최(1.22.오찬),360000,dea0535f06b00097bfcb2b9159bd01d94a4e807b0e2536bd6a5e25798817a0f7,sheet3:R37,,,
dea0535f06b00097-sheet3-R38,2026-01-23,busan-city,서울본부 > 총괄지원팀,아크여의도점,"수도권 중앙언론 시정간담회 개최(1/23,오찬)",90000,dea0535f06b00097bfcb2b9159bd01d94a4e807b0e2536bd6a5e25798817a0f7,sheet3:R38,,,
dea0535f06b00097-sheet3-R39,2026-01-26,busan-city,서울본부 > 총괄지원팀,아크여의도점,국회관계자 시정간담회 개최 (1.26. 만찬),300000,dea0535f06b00097bfcb2b9159bd01d94a4e807b0e2536bd6a5e25798817a0f7,sheet3:R39,,,
dea0535f06b00097-sheet3-R40,2026-01-26,busan-city,서울본부 > 총괄지원팀,챈들러 베이크,중앙부처 공무원 초청 시정협조 차담회 개최(1.26.),140000,dea0535f06b00097bfcb2b9159bd01d94a4e807b0e2536bd6a5e25798817a0f7,sheet3:R40,,,
dea0535f06b00097-sheet3-R41,2026-01-26,busan-city,서울본부 > 총괄지원팀,주식회사 큐매니지먼트,"국회 관계자 시정 간담회 개최(1/26,오찬)",245000,dea0535f06b00097bfcb2b9159bd01d94a4e807b0e2536bd6a5e25798817a0f7,sheet3:R41,,,
dea0535f06b00097-sheet3-R42,2026-01-27,busan-city,서울본부 > 총괄지원팀,팔팔껍데기,"국회 관계자 시정 간담회 개최(1/27,만찬)",134000,dea0535f06b00097bfcb2b9159bd01d94a4e807b0e2536bd6a5e25798817a0f7,sheet3:R42,,,
dea0535f06b00097-sheet3-R43,2026-01-27,busan-city,서울본부 > 총괄지원팀,회동,국회관계자 시정간담회 개최(1.27. 오찬),120000,dea0535f06b00097bfcb2b9159bd01d94a4e807b0e2536bd6a5e25798817a0f7,sheet3:R43,,,
dea0535f06b00097-sheet3-R44,2026-01-27,busan-city,서울본부 > 총괄지원팀,일미,수도권 중앙언론 시정간담회 개최(1.27.오찬),126000,dea0535f06b00097bfcb2b9159bd01d94a4e807b0e2536bd6a5e25798817a0f7,sheet3:R44,,,
dea0535f06b00097-sheet3-R45,2026-01-28,busan-city,서울본부 > 총괄지원팀,모도우 여의도점,국회관계자 시정간담회 개최(1.28. 만찬),296000,dea0535f06b00097bfcb2b9159bd01d94a4e807b0e2536bd6a5e25798817a0f7,sheet3:R45,,,
dea0535f06b00097-sheet3-R46,2026-01-28,busan-city,서울본부 > 총괄지원팀,챈들러 베이크,중앙부처 공무원 초청 시정협조 차담회 개최(1.28.),120000,dea0535f06b00097bfcb2b9159bd01d94a4e807b0e2536bd6a5e25798817a0f7,sheet3:R46,,,
dea0535f06b00097-sheet3-R47,2026-01-28,busan-city,서울본부 > 총괄지원팀,오묘 서여의도점,"수도권 중앙언론 시정간담회 개최(1.28,오찬)",180000,dea0535f06b00097bfcb2b9159bd01d94a4e807b0e2536bd6a5e25798817a0f7,sheet3:R47,,,
dea0535f06b00097-sheet3-R48,2026-01-28,busan-city,서울본부 > 총괄지원팀,주식회사 큐매니지먼트,"국회관계자 시정 간담회 개최(1.28,오찬)",371000,dea0535f06b00097bfcb2b9159bd01d94a4e807b0e2536bd6a5e25798817a0f7,sheet3:R48,,,
dea0535f06b00097-sheet3-R49,2026-01-29,busan-city,서울본부 > 총괄지원팀,주식회사 큐매니지먼트,"수도권 중앙언론 시정 간담회 개최(1.29,오찬)",226000,dea0535f06b00097bfcb2b9159bd01d94a4e807b0e2536bd6a5e25798817a0f7,sheet3:R49,,,
dea0535f06b00097-sheet3-R50,2026-01-30,busan-city,서울본부 > 총괄지원팀,우나쥬,"지방언론 시정간담회 개최(1.30,오찬)",159000,dea0535f06b00097bfcb2b9159bd01d94a4e807b0e2536bd6a5e25798817a0f7,sheet3:R50,,,
dea0535f06b00097-sheet3-R51,2026-01-30,busan-city,서울본부 > 총괄지원팀,카페마마스 IFC몰점,"수도권 중앙언론 시정간담회 개최(1.30,오찬)",23500,dea0535f06b00097bfcb2b9159bd01d94a4e807b0e2536bd6a5e25798817a0f7,sheet3:R51,,,
dea0535f06b00097-sheet3-R52,2026-02-02,busan-city,서울본부 > 총괄지원팀,무탄 여의도점,"수도권 지방언론 시정간담회 개최(2.2,만찬)",480000,dea0535f06b00097bfcb2b9159bd01d94a4e807b0e2536bd6a5e25798817a0f7,sheet3:R52,,,
dea0535f06b00097-sheet3-R53,2026-02-02,busan-city,서울본부 > 총괄지원팀,주식회사 큐매니지먼트,국회관계자 시정간담회 개최 (2.2 만찬),210000,dea0535f06b00097bfcb2b9159bd01d94a4e807b0e2536bd6a5e25798817a0f7,sheet3:R53,,,
dea0535f06b00097-sheet3-R54,2026-02-02,busan-city,서울본부 > 총괄지원팀,동해도본점,"수도권 중앙언론 시정간담회 개최(2.2,오찬)",80000,dea0535f06b00097bfcb2b9159bd01d94a4e807b0e2536bd6a5e25798817a0f7,sheet3:R54,,,
dea0535f06b00097-sheet3-R55,2026-02-03,busan-city,서울본부 > 총괄지원팀,이태원천상여의도점,국회관계자 시정간담회 개최 (2.3. 만찬),210000,dea0535f06b00097bfcb2b9159bd01d94a4e807b0e2536bd6a5e25798817a0f7,sheet3:R55,,,
dea0535f06b00097-sheet3-R56,2026-02-03,busan-city,서울본부 > 총괄지원팀,안(安),정부세종청사 파견공무원 시정협조 간담회 개최(2.3.만찬),167000,dea0535f06b00097bfcb2b9159bd01d94a4e807b0e2536bd6a5e25798817a0f7,sheet3:R56,,,
dea0535f06b00097-sheet3-R57,2026-02-03,busan-city,서울본부 > 총괄지원팀,바리스타희,국회관계자 시정간담회 개최(2.3.오찬),26000,dea0535f06b00097bfcb2b9159bd01d94a4e807b0e2536bd6a5e25798817a0f7,sheet3:R57,,,
dea0535f06b00097-sheet3-R58,2026-02-03,busan-city,서울본부 > 총괄지원팀,참복집,국회관계자 시정간담회 개최(2.3.오찬),135000,dea0535f06b00097bfcb2b9159bd01d94a4e807b0e2536bd6a5e25798817a0f7,sheet3:R58,,,
dea0535f06b00097-sheet3-R59,2026-02-04,busan-city,서울본부 > 총괄지원팀,무탄 여의도점,"수도권 중앙언론 시정 간담회 개최(2.4,오찬)",55900,dea0535f06b00097bfcb2b9159bd01d94a4e807b0e2536bd6a5e25798817a0f7,sheet3:R59,,,
dea0535f06b00097-sheet3-R60,2026-02-04,busan-city,서울본부 > 총괄지원팀,주식회사 큐매니지먼트,국회관계자 시정간담회 개최 (2.4. 오찬),150000,dea0535f06b00097bfcb2b9159bd01d94a4e807b0e2536bd6a5e25798817a0f7,sheet3:R60,,,
dea0535f06b00097-sheet3-R61,2026-02-05,busan-city,서울본부 > 총괄지원팀,한강옥,"수도권 지방언론 시정간담회 개최(2.5,오찬)",66000,dea0535f06b00097bfcb2b9159bd01d94a4e807b0e2536bd6a5e25798817a0f7,sheet3:R61,,,
dea0535f06b00097-sheet3-R62,2026-02-05,busan-city,서울본부 > 총괄지원팀,스시미소,국회관계자 시정간담회 개최 (2.5. 오찬),110000,dea0535f06b00097bfcb2b9159bd01d94a4e807b0e2536bd6a5e25798817a0f7,sheet3:R62,,,
dea0535f06b00097-sheet3-R63,2026-02-05,busan-city,서울본부 > 총괄지원팀,청기와타운 여의도점,"수도권 중앙언론 시정간담회 개최(2.5,오찬)",104000,dea0535f06b00097bfcb2b9159bd01d94a4e807b0e2536bd6a5e25798817a0f7,sheet3:R63,,,
dea0535f06b00097-sheet3-R64,2026-02-06,busan-city,서울본부 > 총괄지원팀,(주)부자되세요 창고43 서여의도점,국회관계자 시정간담회 개최 (2.6. 만찬),270000,dea0535f06b00097bfcb2b9159bd01d94a4e807b0e2536bd6a5e25798817a0f7,sheet3:R64,,,
dea0535f06b00097-sheet3-R65,2026-02-06,busan-city,서울본부 > 총괄지원팀,미쉬매쉬(MISHMASH),"수도권 중앙언론 시정 간담회 개최(2.6,오찬)",152000,dea0535f06b00097bfcb2b9159bd01d94a4e807b0e2536bd6a5e25798817a0f7,sheet3:R65,,,
dea0535f06b00097-sheet3-R66,2026-02-06,busan-city,서울본부 > 총괄지원팀,주식회사 큐매니지먼트,"수도권 중앙언론 시정 간담회 개최(2.6,오찬)",104000,dea0535f06b00097bfcb2b9159bd01d94a4e807b0e2536bd6a5e25798817a0f7,sheet3:R66,,,
dea0535f06b00097-sheet3-R67,2026-02-09,busan-city,서울본부 > 총괄지원팀,프라임한우/동해도한한(주),"수도권 중앙언론 시정간담회 개최(2.9,오찬)",196000,dea0535f06b00097bfcb2b9159bd01d94a4e807b0e2536bd6a5e25798817a0f7,sheet3:R67,,,
dea0535f06b00097-sheet3-R68,2026-02-09,busan-city,서울본부 > 총괄지원팀,KCP결제,설 명절 수도권 언론인 노고 격려,1096710,dea0535f06b00097bfcb2b9159bd01d94a4e807b0e2536bd6a5e25798817a0f7,sheet3:R68,,,
dea0535f06b00097-sheet3-R69,2026-02-09,busan-city,서울본부 > 총괄지원팀,양와당 세종점,세종청사 출입 언론인과의 시정 홍보 차담회 개최(2.9.),79600,dea0535f06b00097bfcb2b9159bd01d94a4e807b0e2536bd6a5e25798817a0f7,sheet3:R69,,,
dea0535f06b00097-sheet3-R70,2026-02-09,busan-city,서울본부 > 총괄지원팀,주식회사 큐매니지먼트,국회관계자 시정간담회 개최 (2.9. 오찬),104000,dea0535f06b00097bfcb2b9159bd01d94a4e807b0e2536bd6a5e25798817a0f7,sheet3:R70,,,
dea0535f06b00097-sheet3-R71,2026-02-10,busan-city,서울본부 > 총괄지원팀,주식회사 큐매니지먼트,국회관계자 시정간담회 개최 (2.10. 만찬),210000,dea0535f06b00097bfcb2b9159bd01d94a4e807b0e2536bd6a5e25798817a0f7,sheet3:R71,,,
dea0535f06b00097-sheet3-R72,2026-02-10,busan-city,서울본부 > 총괄지원팀,엄마손두부,정부세종청사 파견공무원 시정협조 간담회 개최(2.10.만찬),240000,dea0535f06b00097bfcb2b9159bd01d94a4e807b0e2536bd6a5e25798817a0f7,sheet3:R72,,,
dea0535f06b00097-sheet3-R73,2026-02-10,busan-city,서울본부 > 총괄지원팀,외계인키친,수도권 중앙 언론 차담회 개최(2.10.),7000,dea0535f06b00097bfcb2b9159bd01d94a4e807b0e2536bd6a5e25798817a0f7,sheet3:R73,,,
dea0535f06b00097-sheet3-R74,2026-02-10,busan-city,서울본부 > 총괄지원팀,외계인키친,수도권 중앙 언론 차담회 개최(2.10.),7000,dea0535f06b00097bfcb2b9159bd01d94a4e807b0e2536bd6a5e25798817a0f7,sheet3:R74,,,
dea0535f06b00097-sheet3-R75,2026-02-10,busan-city,서울본부 > 총괄지원팀,기가차,수도권 중앙 언론 차담회 개최(2.10.),15200,dea0535f06b00097bfcb2b9159bd01d94a4e807b0e2536bd6a5e25798817a0f7,sheet3:R75,,,
dea0535f06b00097-sheet3-R76,2026-02-11,busan-city,서울본부 > 총괄지원팀,외백,국회관계자 시정간담회 개최(2.11. 만찬),72000,dea0535f06b00097bfcb2b9159bd01d94a4e807b0e2536bd6a5e25798817a0f7,sheet3:R76,,,
dea0535f06b00097-sheet3-R77,2026-02-11,busan-city,서울본부 > 총괄지원팀,주식회사 빈스텔라 (BEANSTELLA),"시도 세종사무소 정보교류 간담회 개최(2.11,오찬)",34500,dea0535f06b00097bfcb2b9159bd01d94a4e807b0e2536bd6a5e25798817a0f7,sheet3:R77,,,
dea0535f06b00097-sheet3-R78,2026-02-11,busan-city,서울본부 > 총괄지원팀,황우제매운탕,"시도 세종사무소 정보교류 간담회 개최(2.11,오찬)",57000,dea0535f06b00097bfcb2b9159bd01d94a4e807b0e2536bd6a5e25798817a0f7,sheet3:R78,,,
dea0535f06b00097-sheet3-R79,2026-02-12,busan-city,서울본부 > 총괄지원팀,이도식당,"수도권 지역 언론 시정 간담회 개최(2.12, 만찬)",123000,dea0535f06b00097bfcb2b9159bd01d94a4e807b0e2536bd6a5e25798817a0f7,sheet3:R79,,,
dea0535f06b00097-sheet3-R80,2026-02-12,busan-city,서울본부 > 총괄지원팀,도프커피 서여의도점,국회관계자 시정간담회 개최 (2.12. 오찬),9900,dea0535f06b00097bfcb2b9159bd01d94a4e807b0e2536bd6a5e25798817a0f7,sheet3:R80,,,
dea0535f06b00097-sheet3-R81,2026-02-12,busan-city,서울본부 > 총괄지원팀,향촌흑염소 국회의사당 직영점,국회관계자 시정간담회 개최 (2.12. 오찬),153000,dea0535f06b00097bfcb2b9159bd01d94a4e807b0e2536bd6a5e25798817a0f7,sheet3:R81,,,
dea0535f06b00097-sheet3-R82,2026-02-13,busan-city,서울본부 > 총괄지원팀,스타벅스 코리아,국회관계자 시정간담회 개최(2.13.오찬),30800,dea0535f06b00097bfcb2b9159bd01d94a4e807b0e2536bd6a5e25798817a0f7,sheet3:R82,,,
dea0535f06b00097-sheet3-R83,2026-02-13,busan-city,서울본부 > 총괄지원팀,주식회사 큐매니지먼트,국회관계자 시정간담회 개최(2.13.오찬),196000,dea0535f06b00097bfcb2b9159bd01d94a4e807b0e2536bd6a5e25798817a0f7,sheet3:R83,,,
dea0535f06b00097-sheet3-R84,2026-02-19,busan-city,서울본부 > 총괄지원팀,이태원천상여의도점,국회관계자 시정간담회 개최 (2.19 만찬),330000,dea0535f06b00097bfcb2b9159bd01d94a4e807b0e2536bd6a5e25798817a0f7,sheet3:R84,,,
dea0535f06b00097-sheet3-R85,2026-02-19,busan-city,서울본부 > 총괄지원팀,노조미,"수도권 중앙언론 시정 간담회 개최(2.19, 오찬)",290000,dea0535f06b00097bfcb2b9159bd01d94a4e807b0e2536bd6a5e25798817a0f7,sheet3:R85,,,
dea0535f06b00097-sheet3-R86,2026-02-19,busan-city,서울본부 > 총괄지원팀,항아리갈비탕여의도점,국회관계자 시정간담회 개최 (2.19. 오찬),60000,dea0535f06b00097bfcb2b9159bd01d94a4e807b0e2536bd6a5e25798817a0f7,sheet3:R86,,,
dea0535f06b00097-sheet3-R87,2026-02-20,busan-city,서울본부 > 총괄지원팀,아크여의도점,국회관계자 시정간담회 개최 (2.20. 만찬),300000,dea0535f06b00097bfcb2b9159bd01d94a4e807b0e2536bd6a5e25798817a0f7,sheet3:R87,,,
dea0535f06b00097-sheet3-R88,2026-02-20,busan-city,서울본부 > 총괄지원팀,프라임한우/동해도한한(주),"수도권 중앙언론 시정 간담회 개최(2.20, 만찬)",432000,dea0535f06b00097bfcb2b9159bd01d94a4e807b0e2536bd6a5e25798817a0f7,sheet3:R88,,,
dea0535f06b00097-sheet3-R89,2026-02-20,busan-city,서울본부 > 총괄지원팀,연타발,"국회 관계자 시정 간담회 개최(2.20,오찬)",30000,dea0535f06b00097bfcb2b9159bd01d94a4e807b0e2536bd6a5e25798817a0f7,sheet3:R89,,,
dea0535f06b00097-sheet3-R90,2026-02-23,busan-city,서울본부 > 총괄지원팀,(주)부자되세요 창고43 서여의도점,국회관계자 시정간담회 개최 (2.23 오찬),240000,dea0535f06b00097bfcb2b9159bd01d94a4e807b0e2536bd6a5e25798817a0f7,sheet3:R90,,,
dea0535f06b00097-sheet3-R91,2026-02-23,busan-city,서울본부 > 총괄지원팀,가시리 여의도점,"수도권 중앙언론 시정간담회 개최(2.23,오찬)",108000,dea0535f06b00097bfcb2b9159bd01d94a4e807b0e2536bd6a5e25798817a0f7,sheet3:R91,,,
dea0535f06b00097-sheet3-R92,2026-02-24,busan-city,서울본부 > 총괄지원팀,이도식당,"국회관계자 시정 간담회 개최(2.24,만찬)",116000,dea0535f06b00097bfcb2b9159bd01d94a4e807b0e2536bd6a5e25798817a0f7,sheet3:R92,,,
dea0535f06b00097-sheet3-R93,2026-02-24,busan-city,서울본부 > 총괄지원팀,(주)부자되세요 창고43 서여의도점,국회관계자 시정간담회 개최 (2.24. 오찬),150000,dea0535f06b00097bfcb2b9159bd01d94a4e807b0e2536bd6a5e25798817a0f7,sheet3:R93,,,
dea0535f06b00097-sheet3-R94,2026-02-24,busan-city,서울본부 > 총괄지원팀,프라임한우/동해도한한(주),"수도권 중앙언론 시정 간담회 개최(2.24,오찬)",76000,dea0535f06b00097bfcb2b9159bd01d94a4e807b0e2536bd6a5e25798817a0f7,sheet3:R94,,,
dea0535f06b00097-sheet3-R95,2026-02-24,busan-city,서울본부 > 총괄지원팀,유생촌 지니어스,"시도 세종사무소 정보교류 간담회 개최(2.24,오찬)",95400,dea0535f06b00097bfcb2b9159bd01d94a4e807b0e2536bd6a5e25798817a0f7,sheet3:R95,,,
dea0535f06b00097-sheet3-R96,2026-02-25,busan-city,서울본부 > 총괄지원팀,노조미,"수도권 중앙언론 시정간담회 개최(2.25, 오찬)",232000,dea0535f06b00097bfcb2b9159bd01d94a4e807b0e2536bd6a5e25798817a0f7,sheet3:R96,,,
dea0535f06b00097-sheet3-R97,2026-02-25,busan-city,서울본부 > 총괄지원팀,(주)신화케이푸드,"시도 세종사무소 정보교류 간담회 개최(2.25,오찬)",250000,dea0535f06b00097bfcb2b9159bd01d94a4e807b0e2536bd6a5e25798817a0f7,sheet3:R97,,,
dea0535f06b00097-sheet3-R98,2026-02-26,busan-city,서울본부 > 총괄지원팀,이도식당,"수도권 지방언론 시정간담회 개최(2.26,만찬)",213000,dea0535f06b00097bfcb2b9159bd01d94a4e807b0e2536bd6a5e25798817a0f7,sheet3:R98,,,
dea0535f06b00097-sheet3-R99,2026-02-26,busan-city,서울본부 > 총괄지원팀,스타벅스 코리아,시정현안 논의를 위한 국회관계자 차담회 개최(2.26.),150000,dea0535f06b00097bfcb2b9159bd01d94a4e807b0e2536bd6a5e25798817a0f7,sheet3:R99,,,
dea0535f06b00097-sheet3-R100,2026-02-26,busan-city,서울본부 > 총괄지원팀,몽중헌공덕,수도권 중앙언론 시정간담회 개최(2.26. 오찬),480000,dea0535f06b00097bfcb2b9159bd01d94a4e807b0e2536bd6a5e25798817a0f7,sheet3:R100,,,
dea0535f06b00097-sheet3-R101,2026-02-26,busan-city,서울본부 > 총괄지원팀,화담,"수도권 중앙언론 시정간담회 개최(2.26,오찬)",232000,dea0535f06b00097bfcb2b9159bd01d94a4e807b0e2536bd6a5e25798817a0f7,sheet3:R101,,,
dea0535f06b00097-sheet3-R102,2026-02-26,busan-city,서울본부 > 총괄지원팀,주식회사 큐매니지먼트,국회관계자 시정간담회 개최 (2.26. 오찬),110000,dea0535f06b00097bfcb2b9159bd01d94a4e807b0e2536bd6a5e25798817a0f7,sheet3:R102,,,
dea0535f06b00097-sheet3-R103,2026-02-27,busan-city,서울본부 > 총괄지원팀,롯데쇼핑(주) 롯데마트맥스 영등포점,국회의원 시정현안 협조 관련 노고 격려 간식 구입,59960,dea0535f06b00097bfcb2b9159bd01d94a4e807b0e2536bd6a5e25798817a0f7,sheet3:R103,,,
dea0535f06b00097-sheet3-R104,2026-02-27,busan-city,서울본부 > 총괄지원팀,엠즈씨드(주)폴바셋,국회관계자 시정간담회 개최 (2.27. 오찬),50000,dea0535f06b00097bfcb2b9159bd01d94a4e807b0e2536bd6a5e25798817a0f7,sheet3:R104,,,
dea0535f06b00097-sheet3-R105,2026-02-27,busan-city,서울본부 > 총괄지원팀,(주)부자되세요 창고43 서여의도점,국회관계자 시정간담회 개최 (2.27. 오찬),210000,dea0535f06b00097bfcb2b9159bd01d94a4e807b0e2536bd6a5e25798817a0f7,sheet3:R105,,,
dea0535f06b00097-sheet3-R106,2026-02-27,busan-city,서울본부 > 총괄지원팀,노조미,국회관계자 시정간담회 개최 (2.27. 오찬),106000,dea0535f06b00097bfcb2b9159bd01d94a4e807b0e2536bd6a5e25798817a0f7,sheet3:R106,,,
dea0535f06b00097-sheet3-R107,2026-03-03,busan-city,서울본부 > 총괄지원팀,연타발,국회관계자 시정간담회 개최 (3.3. 만찬),240000,dea0535f06b00097bfcb2b9159bd01d94a4e807b0e2536bd6a5e25798817a0f7,sheet3:R107,,,
dea0535f06b00097-sheet3-R108,2026-03-03,busan-city,서울본부 > 총괄지원팀,향촌흑염소 국회의사당 직영점,국회관계자 시정간담회 개최 (3.3. 오찬),180000,dea0535f06b00097bfcb2b9159bd01d94a4e807b0e2536bd6a5e25798817a0f7,sheet3:R108,,,
dea0535f06b00097-sheet3-R109,2026-03-03,busan-city,서울본부 > 총괄지원팀,연타발,"수도권 지방 언론 시정 간담회 개최(3.3, 오찬)",433000,dea0535f06b00097bfcb2b9159bd01d94a4e807b0e2536bd6a5e25798817a0f7,sheet3:R109,,,
dea0535f06b00097-sheet3-R110,2026-03-04,busan-city,서울본부 > 총괄지원팀,이태원천상여의도점,국회관계자 시정간담회 개최 (3.4. 만찬),360000,dea0535f06b00097bfcb2b9159bd01d94a4e807b0e2536bd6a5e25798817a0f7,sheet3:R110,,,
dea0535f06b00097-sheet3-R111,2026-03-04,busan-city,서울본부 > 총괄지원팀,호화대반점,국회관계자 시정간담회 개최 (3.4. 오찬),132000,dea0535f06b00097bfcb2b9159bd01d94a4e807b0e2536bd6a5e25798817a0f7,sheet3:R111,,,
dea0535f06b00097-sheet3-R112,2026-03-04,busan-city,서울본부 > 총괄지원팀,천지명(CJM:天第名),국회관계자 시정간담회 개최 (3.4. 오찬),78000,dea0535f06b00097bfcb2b9159bd01d94a4e807b0e2536bd6a5e25798817a0f7,sheet3:R112,,,
dea0535f06b00097-sheet3-R113,2026-03-04,busan-city,서울본부 > 총괄지원팀,가시리 여의도점,"국회 관계자 시정 간담회 개최(3.4,오찬)",108000,dea0535f06b00097bfcb2b9159bd01d94a4e807b0e2536bd6a5e25798817a0f7,sheet3:R113,,,
dea0535f06b00097-sheet3-R114,2026-03-05,busan-city,서울본부 > 총괄지원팀,청미관,중앙부처 파견공무원 시정협력 간담회 개최(수정),175500,dea0535f06b00097bfcb2b9159bd01d94a4e807b0e2536bd6a5e25798817a0f7,sheet3:R114,,,
dea0535f06b00097-sheet3-R115,2026-03-05,busan-city,서울본부 > 총괄지원팀,소호66,국회관계자 시정간담회 개최(3.5. 만찬),283000,dea0535f06b00097bfcb2b9159bd01d94a4e807b0e2536bd6a5e25798817a0f7,sheet3:R115,,,
dea0535f06b00097-sheet3-R116,2026-03-05,busan-city,서울본부 > 총괄지원팀,스타벅스 코리아,"시정 홍보 및 협력 요청을 위한 언론인 차담회 개최(3,5)",66300,dea0535f06b00097bfcb2b9159bd01d94a4e807b0e2536bd6a5e25798817a0f7,sheet3:R116,,,
dea0535f06b00097-sheet3-R117,2026-03-05,busan-city,서울본부 > 총괄지원팀,회동,국회관계자 시정간담회 개최 (3.5.오찬),180000,dea0535f06b00097bfcb2b9159bd01d94a4e807b0e2536bd6a5e25798817a0f7,sheet3:R117,,,
dea0535f06b00097-sheet3-R118,2026-03-06,busan-city,서울본부 > 총괄지원팀,연타발,"수도권 중앙언론 시정 간담회 개최(3.6,만찬)",323000,dea0535f06b00097bfcb2b9159bd01d94a4e807b0e2536bd6a5e25798817a0f7,sheet3:R118,,,
dea0535f06b00097-sheet3-R119,2026-03-06,busan-city,서울본부 > 총괄지원팀,주식회사 큐매니지먼트,국회관계자 시정간담회 개최 (3.6. 오찬),340000,dea0535f06b00097bfcb2b9159bd01d94a4e807b0e2536bd6a5e25798817a0f7,sheet3:R119,,,
dea0535f06b00097-sheet3-R120,2026-03-06,busan-city,서울본부 > 총괄지원팀,플레져,중앙부처 공무원 초청 시정협조 간담회 개최(3.6. 오찬),33500,dea0535f06b00097bfcb2b9159bd01d94a4e807b0e2536bd6a5e25798817a0f7,sheet3:R120,,,
dea0535f06b00097-sheet3-R121,2026-03-06,busan-city,서울본부 > 총괄지원팀,디 앨리스,중앙부처 공무원 초청 시정협조 간담회 개최(3.6. 오찬),98000,dea0535f06b00097bfcb2b9159bd01d94a4e807b0e2536bd6a5e25798817a0f7,sheet3:R121,,,
dea0535f06b00097-sheet3-R122,2026-03-09,busan-city,서울본부 > 총괄지원팀,민소한우(서여의도점),"수도권 지방언론 시정간담회 개최(3.9,만찬)",480000,dea0535f06b00097bfcb2b9159bd01d94a4e807b0e2536bd6a5e25798817a0f7,sheet3:R122,,,
dea0535f06b00097-sheet3-R123,2026-03-09,busan-city,서울본부 > 총괄지원팀,아크여의도점,국회관계자 시정간담회 개최(3.9. 오찬),147000,dea0535f06b00097bfcb2b9159bd01d94a4e807b0e2536bd6a5e25798817a0f7,sheet3:R123,,,
dea0535f06b00097-sheet3-R124,2026-03-09,busan-city,서울본부 > 총괄지원팀,장터순대국,"수도권 중앙언론 시정간담회 개최(3.9,오찬)",37000,dea0535f06b00097bfcb2b9159bd01d94a4e807b0e2536bd6a5e25798817a0f7,sheet3:R124,,,
dea0535f06b00097-sheet3-R125,2026-03-10,busan-city,서울본부 > 총괄지원팀,연타발,국회관계자 시정간담회 개최 (3.10. 만찬),270000,dea0535f06b00097bfcb2b9159bd01d94a4e807b0e2536bd6a5e25798817a0f7,sheet3:R125,,,
dea0535f06b00097-sheet3-R126,2026-03-10,busan-city,서울본부 > 총괄지원팀,민소한우(서여의도점),"수도권 중앙언론 시정간담회 개최(3.10, 만찬)",465000,dea0535f06b00097bfcb2b9159bd01d94a4e807b0e2536bd6a5e25798817a0f7,sheet3:R126,,,
dea0535f06b00097-sheet3-R127,2026-03-10,busan-city,서울본부 > 총괄지원팀,연타발,국회관계자 시정간담회 개최 (3.10. 오찬),150000,dea0535f06b00097bfcb2b9159bd01d94a4e807b0e2536bd6a5e25798817a0f7,sheet3:R127,,,
dea0535f06b00097-sheet3-R128,2026-03-10,busan-city,서울본부 > 총괄지원팀,감촌,"수도권 중앙언론 시정 간담회 개최(3.10, 오찬)",102000,dea0535f06b00097bfcb2b9159bd01d94a4e807b0e2536bd6a5e25798817a0f7,sheet3:R128,,,
dea0535f06b00097-sheet3-R129,2026-03-11,busan-city,서울본부 > 총괄지원팀,연타발,국회관계자 시정간담회 개최 (3.11.만찬),270000,dea0535f06b00097bfcb2b9159bd01d94a4e807b0e2536bd6a5e25798817a0f7,sheet3:R129,,,
dea0535f06b00097-sheet3-R130,2026-03-11,busan-city,서울본부 > 총괄지원팀,광화문 한옥집,국회관계자 시정간담회 개최(3.11. 만찬),216500,dea0535f06b00097bfcb2b9159bd01d94a4e807b0e2536bd6a5e25798817a0f7,sheet3:R130,,,
dea0535f06b00097-sheet3-R131,2026-03-11,busan-city,서울본부 > 총괄지원팀,스타벅스 코리아,수도권 중앙언론 차담회 개최(3.11.),18800,dea0535f06b00097bfcb2b9159bd01d94a4e807b0e2536bd6a5e25798817a0f7,sheet3:R131,,,
dea0535f06b00097-sheet3-R132,2026-03-11,busan-city,서울본부 > 총괄지원팀,스타벅스 코리아,수도권 중앙언론 차담회 개최(3.11.),37600,dea0535f06b00097bfcb2b9159bd01d94a4e807b0e2536bd6a5e25798817a0f7,sheet3:R132,,,
dea0535f06b00097-sheet3-R133,2026-03-11,busan-city,서울본부 > 총괄지원팀,화담,국회관계자 시정간담회 개최(3.11 오찬),160000,dea0535f06b00097bfcb2b9159bd01d94a4e807b0e2536bd6a5e25798817a0f7,sheet3:R133,,,
dea0535f06b00097-sheet3-R134,2026-03-11,busan-city,서울본부 > 총괄지원팀,이태원천상여의도점,"수도권 중앙언론 시정 간담회 개최(3.11, 오찬)",175000,dea0535f06b00097bfcb2b9159bd01d94a4e807b0e2536bd6a5e25798817a0f7,sheet3:R134,,,
dea0535f06b00097-sheet3-R135,2026-03-11,busan-city,서울본부 > 총괄지원팀,연타발,국회관계자 시정간담회 개최 (3.11. 오찬),150000,dea0535f06b00097bfcb2b9159bd01d94a4e807b0e2536bd6a5e25798817a0f7,sheet3:R135,,,
dea0535f06b00097-sheet3-R136,2026-03-12,busan-city,서울본부 > 총괄지원팀,회동,국회관계자 시정간담회 개최 (3.12. 오찬),225000,dea0535f06b00097bfcb2b9159bd01d94a4e807b0e2536bd6a5e25798817a0f7,sheet3:R136,,,
dea0535f06b00097-sheet3-R137,2026-03-12,busan-city,서울본부 > 총괄지원팀,주식회사 큐매니지먼트,국회관계자 시정간담회 개최 (3.12. 오찬),306000,dea0535f06b00097bfcb2b9159bd01d94a4e807b0e2536bd6a5e25798817a0f7,sheet3:R137,,,
dea0535f06b00097-sheet3-R138,2026-03-13,busan-city,서울본부 > 총괄지원팀,(주)부자되세요 창고43 서여의도점,국회관계자 시정간담회 개최 (3.13. 오찬),180000,dea0535f06b00097bfcb2b9159bd01d94a4e807b0e2536bd6a5e25798817a0f7,sheet3:R138,,,
dea0535f06b00097-sheet3-R139,2026-03-13,busan-city,서울본부 > 총괄지원팀,천지명(CJM:天第名),국회관계자 시정간담회 개최(3.13. 오찬),117000,dea0535f06b00097bfcb2b9159bd01d94a4e807b0e2536bd6a5e25798817a0f7,sheet3:R139,,,
dea0535f06b00097-sheet3-R140,2026-03-16,busan-city,서울본부 > 총괄지원팀,소미담 세종고운점,중앙부처 공무원 초청 시정협조 차담회 개최(3.16.),150000,dea0535f06b00097bfcb2b9159bd01d94a4e807b0e2536bd6a5e25798817a0f7,sheet3:R140,,,
dea0535f06b00097-sheet3-R141,2026-03-16,busan-city,서울본부 > 총괄지원팀,스타벅스 코리아,국회관계자 시정간담회 개최 (3.16. 오찬),30000,dea0535f06b00097bfcb2b9159bd01d94a4e807b0e2536bd6a5e25798817a0f7,sheet3:R141,,,
dea0535f06b00097-sheet3-R142,2026-03-16,busan-city,서울본부 > 총괄지원팀,주식회사 큐매니지먼트,국회관계자 시정간담회 개최 (3.16. 오찬),98000,dea0535f06b00097bfcb2b9159bd01d94a4e807b0e2536bd6a5e25798817a0f7,sheet3:R142,,,
dea0535f06b00097-sheet3-R143,2026-03-16,busan-city,서울본부 > 총괄지원팀,동해도본점,"국회 관계자 시정 간담회 개최(3.16, 오찬)",120000,dea0535f06b00097bfcb2b9159bd01d94a4e807b0e2536bd6a5e25798817a0f7,sheet3:R143,,,
dea0535f06b00097-sheet3-R144,2026-03-17,busan-city,서울본부 > 총괄지원팀,(주)부자되세요 창고43 서여의도점,국회관계자 시정간담회 개최 (3.17.만찬),270000,dea0535f06b00097bfcb2b9159bd01d94a4e807b0e2536bd6a5e25798817a0f7,sheet3:R144,,,
dea0535f06b00097-sheet3-R145,2026-03-17,busan-city,서울본부 > 총괄지원팀,이노스(ino's),국회관계자 시정간담회 개최 (3.17. 오찬),30000,dea0535f06b00097bfcb2b9159bd01d94a4e807b0e2536bd6a5e25798817a0f7,sheet3:R145,,,
dea0535f06b00097-sheet3-R146,2026-03-17,busan-city,서울본부 > 총괄지원팀,카페드롭탑서여의도점,"수도권 중앙언론 시정간담회 개최(3.17, 오찬)",14100,dea0535f06b00097bfcb2b9159bd01d94a4e807b0e2536bd6a5e25798817a0f7,sheet3:R146,,,
dea0535f06b00097-sheet3-R147,2026-03-17,busan-city,서울본부 > 총괄지원팀,여의도진진,"수도권 중앙언론 시정간담회 개최(3.17, 오찬)",77000,dea0535f06b00097bfcb2b9159bd01d94a4e807b0e2536bd6a5e25798817a0f7,sheet3:R147,,,
dea0535f06b00097-sheet3-R148,2026-03-17,busan-city,서울본부 > 총괄지원팀,이태원천상여의도점,국회관계자 시정간담회 개최 (3.17. 오찬),80000,dea0535f06b00097bfcb2b9159bd01d94a4e807b0e2536bd6a5e25798817a0f7,sheet3:R148,,,
dea0535f06b00097-sheet3-R149,2026-03-17,busan-city,서울본부 > 총괄지원팀,장수집,"수도권 지방언론 시정간담회 개최(3.17,오찬)",23000,dea0535f06b00097bfcb2b9159bd01d94a4e807b0e2536bd6a5e25798817a0f7,sheet3:R149,,,
dea0535f06b00097-sheet3-R150,2026-03-18,busan-city,서울본부 > 총괄지원팀,이도식당,"수도권 중앙언론 시정간담회 개최(3.18, 만찬)",480000,dea0535f06b00097bfcb2b9159bd01d94a4e807b0e2536bd6a5e25798817a0f7,sheet3:R150,,,
dea0535f06b00097-sheet3-R151,2026-03-18,busan-city,서울본부 > 총괄지원팀,속초해물탕,"수도권 중앙언론 시정간담회 개최(3.18,오찬)",150000,dea0535f06b00097bfcb2b9159bd01d94a4e807b0e2536bd6a5e25798817a0f7,sheet3:R151,,,
dea0535f06b00097-sheet3-R152,2026-03-18,busan-city,서울본부 > 총괄지원팀,스타벅스 코리아,국회관계자 시정간담회 개최 (3.18. 오찬),16800,dea0535f06b00097bfcb2b9159bd01d94a4e807b0e2536bd6a5e25798817a0f7,sheet3:R152,,,
dea0535f06b00097-sheet3-R153,2026-03-18,busan-city,서울본부 > 총괄지원팀,화담,국회관계자 시정간담회 개최 (3.18. 오찬),116000,dea0535f06b00097bfcb2b9159bd01d94a4e807b0e2536bd6a5e25798817a0f7,sheet3:R153,,,
dea0535f06b00097-sheet3-R154,2026-03-19,busan-city,서울본부 > 총괄지원팀,이도식당,"수도권 중앙언론 시정 간담회 개최(3.19, 만찬)",128000,dea0535f06b00097bfcb2b9159bd01d94a4e807b0e2536bd6a5e25798817a0f7,sheet3:R154,,,
dea0535f06b00097-sheet3-R155,2026-03-19,busan-city,서울본부 > 총괄지원팀,(주)부자되세요 창고43 서여의도점,국회관계자 시정간담회 개최 (3.19. 오찬),180000,dea0535f06b00097bfcb2b9159bd01d94a4e807b0e2536bd6a5e25798817a0f7,sheet3:R155,,,
dea0535f06b00097-sheet3-R156,2026-03-19,busan-city,서울본부 > 총괄지원팀,미치루,"수도권 중앙언론 시정간담회 개최(3.19,오찬)",344000,dea0535f06b00097bfcb2b9159bd01d94a4e807b0e2536bd6a5e25798817a0f7,sheet3:R156,,,
dea0535f06b00097-sheet3-R157,2026-03-19,busan-city,서울본부 > 총괄지원팀,스타벅스 코리아,국회관계자 시정간담회 개최 (3.19. 오찬),30000,dea0535f06b00097bfcb2b9159bd01d94a4e807b0e2536bd6a5e25798817a0f7,sheet3:R157,,,
dea0535f06b00097-sheet3-R158,2026-03-19,busan-city,서울본부 > 총괄지원팀,노조미,국회관계자 시정간담회 개최 (3.19. 오찬),116000,dea0535f06b00097bfcb2b9159bd01d94a4e807b0e2536bd6a5e25798817a0f7,sheet3:R158,,,
dea0535f06b00097-sheet3-R159,2026-03-20,busan-city,서울본부 > 총괄지원팀,스타벅스 코리아,국회관계자 시정간담회 개최 (3.20. 오찬),30000,dea0535f06b00097bfcb2b9159bd01d94a4e807b0e2536bd6a5e25798817a0f7,sheet3:R159,,,
dea0535f06b00097-sheet3-R160,2026-03-20,busan-city,서울본부 > 총괄지원팀,연타발,국회관계자 시정간담회 개최 (3.20. 오찬),350000,dea0535f06b00097bfcb2b9159bd01d94a4e807b0e2536bd6a5e25798817a0f7,sheet3:R160,,,
dea0535f06b00097-sheet3-R161,2026-03-23,busan-city,서울본부 > 총괄지원팀,주식회사 큐매니지먼트,국회관계자 시정간담회 개최 (3.23. 만찬),270000,dea0535f06b00097bfcb2b9159bd01d94a4e807b0e2536bd6a5e25798817a0f7,sheet3:R161,,,
dea0535f06b00097-sheet3-R162,2026-03-24,busan-city,서울본부 > 총괄지원팀,남도마루,수도권 중앙언론 시정간담회 개최(3.24. 만찬),450000,dea0535f06b00097bfcb2b9159bd01d94a4e807b0e2536bd6a5e25798817a0f7,sheet3:R162,,,
dea0535f06b00097-sheet3-R163,2026-03-24,busan-city,서울본부 > 총괄지원팀,주식회사 큐매니지먼트,국회관계자 시정간담회 개최 (3.24. 오찬),180000,dea0535f06b00097bfcb2b9159bd01d94a4e807b0e2536bd6a5e25798817a0f7,sheet3:R163,,,
dea0535f06b00097-sheet3-R164,2026-03-25,busan-city,서울본부 > 총괄지원팀,오묘 서여의도점,"수도권 지방언론 시정간담회 개최(3.25,만찬)",307000,dea0535f06b00097bfcb2b9159bd01d94a4e807b0e2536bd6a5e25798817a0f7,sheet3:R164,,,
dea0535f06b00097-sheet3-R165,2026-03-25,busan-city,서울본부 > 총괄지원팀,프라임한우/동해도한한(주),"수도권 지방언론 시정간담회 개최(3.25, 만찬)",262000,dea0535f06b00097bfcb2b9159bd01d94a4e807b0e2536bd6a5e25798817a0f7,sheet3:R165,,,
dea0535f06b00097-sheet3-R166,2026-03-25,busan-city,서울본부 > 총괄지원팀,플레져,정부세종청사 파견공무원 시정협조 간담회 개최(3.25.만찬),51000,dea0535f06b00097bfcb2b9159bd01d94a4e807b0e2536bd6a5e25798817a0f7,sheet3:R166,,,
dea0535f06b00097-sheet3-R167,2026-03-25,busan-city,서울본부 > 총괄지원팀,충남순대,정부세종청사 파견공무원 시정협조 간담회 개최(3.25.만찬),65000,dea0535f06b00097bfcb2b9159bd01d94a4e807b0e2536bd6a5e25798817a0f7,sheet3:R167,,,
dea0535f06b00097-sheet3-R168,2026-03-25,busan-city,서울본부 > 총괄지원팀,(주)부자되세요 창고43 서여의도점,국회관계자 시정간담회 개최 (3.25.오찬),180000,dea0535f06b00097bfcb2b9159bd01d94a4e807b0e2536bd6a5e25798817a0f7,sheet3:R168,,,
dea0535f06b00097-sheet3-R169,2026-03-25,busan-city,서울본부 > 총괄지원팀,가시리 여의도점,국회관계자 시정간담회 개최 (3.25. 오찬),180000,dea0535f06b00097bfcb2b9159bd01d94a4e807b0e2536bd6a5e25798817a0f7,sheet3:R169,,,
dea0535f06b00097-sheet3-R170,2026-03-25,busan-city,서울본부 > 총괄지원팀,다가생구이 서울본점,"수도권 중앙언론 시정간담회 개최(3.25,오찬)",170000,dea0535f06b00097bfcb2b9159bd01d94a4e807b0e2536bd6a5e25798817a0f7,sheet3:R170,,,
dea0535f06b00097-sheet3-R171,2026-03-25,busan-city,서울본부 > 총괄지원팀,남도마루,국회관계자 시정간담회 개최(3.25.오찬),69000,dea0535f06b00097bfcb2b9159bd01d94a4e807b0e2536bd6a5e25798817a0f7,sheet3:R171,,,
dea0535f06b00097-sheet3-R172,2026-03-26,busan-city,서울본부 > 총괄지원팀,향촌흑염소 국회의사당 직영점,"수도권 중앙언론 시정간담회 개최(3.26,만찬)",297000,dea0535f06b00097bfcb2b9159bd01d94a4e807b0e2536bd6a5e25798817a0f7,sheet3:R172,,,
dea0535f06b00097-sheet3-R173,2026-03-26,busan-city,서울본부 > 총괄지원팀,강온진,세종청사 출입 언론인과의 시정 홍보 간담회 개최(3.26.),152000,dea0535f06b00097bfcb2b9159bd01d94a4e807b0e2536bd6a5e25798817a0f7,sheet3:R173,,,
dea0535f06b00097-sheet3-R174,2026-03-26,busan-city,서울본부 > 총괄지원팀,생활맥주 영등포시장역점,국회관계자 시정간담회 개최 (3.26.만찬),65000,dea0535f06b00097bfcb2b9159bd01d94a4e807b0e2536bd6a5e25798817a0f7,sheet3:R174,,,
dea0535f06b00097-sheet3-R175,2026-03-26,busan-city,서울본부 > 총괄지원팀,주식회사 큐매니지먼트,국회관계자 시정간담회 개최 (3.26. 오찬),240000,dea0535f06b00097bfcb2b9159bd01d94a4e807b0e2536bd6a5e25798817a0f7,sheet3:R175,,,
dea0535f06b00097-sheet3-R176,2026-03-26,busan-city,서울본부 > 총괄지원팀,(주)라온사람들 서울안심정육,"수도권 중앙언론 시정간담회 개최(3.26, 오찬)",232000,dea0535f06b00097bfcb2b9159bd01d94a4e807b0e2536bd6a5e25798817a0f7,sheet3:R176,,,
dea0535f06b00097-sheet3-R177,2026-03-26,busan-city,서울본부 > 총괄지원팀,정담긴추어탕,국회관계자 시정간담회 개최(3.26. 오찬),37000,dea0535f06b00097bfcb2b9159bd01d94a4e807b0e2536bd6a5e25798817a0f7,sheet3:R177,,,
dea0535f06b00097-sheet3-R178,2026-03-27,busan-city,서울본부 > 총괄지원팀,(주)부자되세요 창고43 서여의도점,국회관계자 시정간담회 개최 (3.27. 오찬),180000,dea0535f06b00097bfcb2b9159bd01d94a4e807b0e2536bd6a5e25798817a0f7,sheet3:R178,,,
dea0535f06b00097-sheet3-R179,2026-03-27,busan-city,서울본부 > 총괄지원팀,주식회사 큐매니지먼트,"수도권 중앙언론 시정간담회 개최(3.27,오찬)",288000,dea0535f06b00097bfcb2b9159bd01d94a4e807b0e2536bd6a5e25798817a0f7,sheet3:R179,,,
dea0535f06b00097-sheet3-R180,2026-03-27,busan-city,서울본부 > 총괄지원팀,여의도장어,"수도권 중앙언론 시정간담회 개최(3.27,오찬)",212000,dea0535f06b00097bfcb2b9159bd01d94a4e807b0e2536bd6a5e25798817a0f7,sheet3:R180,,,
dea0535f06b00097-sheet3-R181,2026-03-30,busan-city,서울본부 > 총괄지원팀,스타벅스 코리아,시정 홍보 및 협력 요청을 위한 언론인 차담회 개최(3.30),200000,dea0535f06b00097bfcb2b9159bd01d94a4e807b0e2536bd6a5e25798817a0f7,sheet3:R181,,,
dea0535f06b00097-sheet3-R182,2026-03-30,busan-city,서울본부 > 총괄지원팀,민소한우(서여의도점),국회관계자 시정간담회 개최(3.30. 오찬),203000,dea0535f06b00097bfcb2b9159bd01d94a4e807b0e2536bd6a5e25798817a0f7,sheet3:R182,,,
dea0535f06b00097-sheet3-R183,2026-03-30,busan-city,서울본부 > 총괄지원팀,프라임한우/동해도한한(주),"국회 관계자 시정간담회 개최(3.30,오찬)",220000,dea0535f06b00097bfcb2b9159bd01d94a4e807b0e2536bd6a5e25798817a0f7,sheet3:R183,,,
dea0535f06b00097-sheet3-R184,2026-03-30,busan-city,서울본부 > 총괄지원팀,스타벅스 코리아,국회관계자 시정간담회 개최 (3.30. 오찬),30000,dea0535f06b00097bfcb2b9159bd01d94a4e807b0e2536bd6a5e25798817a0f7,sheet3:R184,,,
dea0535f06b00097-sheet3-R185,2026-03-30,busan-city,서울본부 > 총괄지원팀,이태원천상여의도점,국회관계자 시정간담회 개최 (3.30. 오찬),118000,dea0535f06b00097bfcb2b9159bd01d94a4e807b0e2536bd6a5e25798817a0f7,sheet3:R185,,,
dea0535f06b00097-sheet3-R186,2026-03-31,busan-city,서울본부 > 총괄지원팀,주식회사 큐매니지먼트,국회관계자 시정간담회 개최 (3.31. 오찬),177000,dea0535f06b00097bfcb2b9159bd01d94a4e807b0e2536bd6a5e25798817a0f7,sheet3:R186,,,
dea0535f06b00097-sheet3-R187,2026-03-31,busan-city,서울본부 > 총괄지원팀,화목식당,국회관계자 시정간담회 개최(3.31. 오찬),33000,dea0535f06b00097bfcb2b9159bd01d94a4e807b0e2536bd6a5e25798817a0f7,sheet3:R187,,,
dea0535f06b00097-sheet4-R4,2026-01-06,busan-city,서울본부 > 총괄지원팀,주식회사 큐매니지먼트,서울본부 및 세종사무소 직원 격려 간담회 개최(1.6. 오찬),116000,dea0535f06b00097bfcb2b9159bd01d94a4e807b0e2536bd6a5e25798817a0f7,sheet4:R4,,,
dea0535f06b00097-sheet4-R5,2026-01-22,busan-city,서울본부 > 총괄지원팀,(주)라온사람들 서울안심정육,서울본부 전보직원 격려 간담회 개최(1.22.오찬),360000,dea0535f06b00097bfcb2b9159bd01d94a4e807b0e2536bd6a5e25798817a0f7,sheet4:R5,,,
19e5a7c00f991c67-sheet1-R4,2026-01-19,busan-city,권익보호담당관,카페가온비,제1회 성희롱·성폭력 고충심의위원회 다과 구입 건의,50000,19e5a7c00f991c671343378b81259b54a011d5c36acac07808a2e127703d3433,sheet1:R4,,,
19e5a7c00f991c67-sheet1-R5,2026-01-19,busan-city,권익보호담당관,"마파람해물찜, 룩셈블랑제리",부서 직원 격려 간담회 개최,299000,19e5a7c00f991c671343378b81259b54a011d5c36acac07808a2e127703d3433,sheet1:R5,,,
19e5a7c00f991c67-sheet1-R6,2026-01-20,busan-city,권익보호담당관,메이리연,2026년 권익보호담당관 부산형 선결제 추진,400000,19e5a7c00f991c671343378b81259b54a011d5c36acac07808a2e127703d3433,sheet1:R6,,,
19e5a7c00f991c67-sheet1-R7,2026-01-20,busan-city,권익보호담당관,후스,2026년 권익보호담당관 부산형 선결제 추진,160000,19e5a7c00f991c671343378b81259b54a011d5c36acac07808a2e127703d3433,sheet1:R7,,,
19e5a7c00f991c67-sheet1-R8,2026-01-20,busan-city,권익보호담당관,함양가,2026년 권익보호담당관 부산형 선결제 추진,260000,19e5a7c00f991c671343378b81259b54a011d5c36acac07808a2e127703d3433,sheet1:R8,,,
19e5a7c00f991c67-sheet1-R9,2026-01-20,busan-city,권익보호담당관,후스,2026년 권익보호담당관 부산형 선결제 추진,160000,19e5a7c00f991c671343378b81259b54a011d5c36acac07808a2e127703d3433,sheet1:R9,,,
19e5a7c00f991c67-sheet1-R10,2026-01-28,busan-city,권익보호담당관,원조개성손만두유황오리,직장 내 성희롱·성폭력·괴롭힘 사건 관련 관계자 협의 간담회 개최,231000,19e5a7c00f991c671343378b81259b54a011d5c36acac07808a2e127703d3433,sheet1:R10,,,
19e5a7c00f991c67-sheet1-R11,2026-01-30,busan-city,권익보호담당관,"온정, 이제여기카페",2026년 직장 내 괴롭힘 실태조사 관련 관계자 간담회 개최,76400,19e5a7c00f991c671343378b81259b54a011d5c36acac07808a2e127703d3433,sheet1:R11,,,
19e5a7c00f991c67-sheet1-R12,2026-02-09,busan-city,권익보호담당관,스톤 빈(Stone bean),권익보호담당관 직원 격려 간담회 개최,26400,19e5a7c00f991c671343378b81259b54a011d5c36acac07808a2e127703d3433,sheet1:R12,,,
19e5a7c00f991c67-sheet1-R13,2026-02-13,busan-city,권익보호담당관,주식회사 지앤지(G&G)시청점,부서 직원 격려 다과 구입 건의,167000,19e5a7c00f991c671343378b81259b54a011d5c36acac07808a2e127703d3433,sheet1:R13,,,
19e5a7c00f991c67-sheet1-R14,2026-03-03,busan-city,권익보호담당관,"마조레, 스톤빈(Stone bean), 카페가온비",권익보호담당관 직원 격려 간담회 개최,214900,19e5a7c00f991c671343378b81259b54a011d5c36acac07808a2e127703d3433,sheet1:R14,,,
7b804133a11d4e03-sheet1-R4,2026-01-28,busan-city,인재개발원 > 교육지원과,활코스요리전문,직원 격려 간담회 개최,60000,7b804133a11d4e0326ed84e0a6f7fd51fab1b3622d7e1fd75b145e68285afd66,sheet1:R4,,,
7b804133a11d4e03-sheet1-R5,2026-02-10,busan-city,인재개발원 > 교육지원과,라온그룹홈,어려운 이웃과 함께하는 「2026년 따뜻한 설 명절 보내기」추진 계획,200000,7b804133a11d4e0326ed84e0a6f7fd51fab1b3622d7e1fd75b145e68285afd66,sheet1:R5,,,
7b804133a11d4e03-sheet1-R6,2026-03-12,busan-city,인재개발원 > 교육지원과,인터넷상거래(모모스커피),강사 및 내방객 다과 구입(원장실),99000,7b804133a11d4e0326ed84e0a6f7fd51fab1b3622d7e1fd75b145e68285afd66,sheet1:R6,,,
7b804133a11d4e03-sheet1-R7,2026-03-20,busan-city,인재개발원 > 교육지원과,"활코스요리전문, 텐퍼센트",직원 격려 간담회 개최,96000,7b804133a11d4e0326ed84e0a6f7fd51fab1b3622d7e1fd75b145e68285afd66,sheet1:R7,,,
7b804133a11d4e03-sheet1-R8,2026-03-24,busan-city,인재개발원 > 교육지원과,"바다사랑횟집, 빈스",직원 격려 간담회 개최,119600,7b804133a11d4e0326ed84e0a6f7fd51fab1b3622d7e1fd75b145e68285afd66,sheet1:R8,,,
7b804133a11d4e03-sheet2-R4,2026-01-14,busan-city,인재개발원 > 교육지원과,"명소, 스탁벅스",교육운영 의견수렴을 위한 간담회 개최,140600,7b804133a11d4e0326ed84e0a6f7fd51fab1b3622d7e1fd75b145e68285afd66,sheet2:R4,,,
7b804133a11d4e03-sheet2-R5,2026-01-16,busan-city,인재개발원 > 교육지원과,"대게마루, 스타벅스",전문적인 교육 운영을 위한 교육관계자와의 간담회 개최,229900,7b804133a11d4e0326ed84e0a6f7fd51fab1b3622d7e1fd75b145e68285afd66,sheet2:R5,,,
7b804133a11d4e03-sheet2-R6,2026-01-19,busan-city,인재개발원 > 교육지원과,초원생오리,교육운영 의견수렴을 위한 간담회 개최,46000,7b804133a11d4e0326ed84e0a6f7fd51fab1b3622d7e1fd75b145e68285afd66,sheet2:R6,,,
7b804133a11d4e03-sheet2-R7,2026-01-26,busan-city,인재개발원 > 교육지원과,덕천복집,교육역량 강화를 위한 간담회 개최,129000,7b804133a11d4e0326ed84e0a6f7fd51fab1b3622d7e1fd75b145e68285afd66,sheet2:R7,,,
7b804133a11d4e03-sheet2-R8,2026-01-28,busan-city,인재개발원 > 교육지원과,대게마루,교육운영 의견수렴을 위한 간담회 개최,287000,7b804133a11d4e0326ed84e0a6f7fd51fab1b3622d7e1fd75b145e68285afd66,sheet2:R8,,,
7b804133a11d4e03-sheet2-R9,2026-01-30,busan-city,인재개발원 > 교육지원과,샤브마니아,전문적인 교육 운영을 위한 교육관계자와의 간담회 개최,76000,7b804133a11d4e0326ed84e0a6f7fd51fab1b3622d7e1fd75b145e68285afd66,sheet2:R9,,,
7b804133a11d4e03-sheet2-R10,2026-01-30,busan-city,인재개발원 > 교육지원과,명소,교육운영 의견수렴을 위한 간담회 개최,377000,7b804133a11d4e0326ed84e0a6f7fd51fab1b3622d7e1fd75b145e68285afd66,sheet2:R10,,,
7b804133a11d4e03-sheet2-R11,2026-02-20,busan-city,인재개발원 > 교육지원과,명소,교육운영 의견수렴을 위한 간담회 개최,200000,7b804133a11d4e0326ed84e0a6f7fd51fab1b3622d7e1fd75b145e68285afd66,sheet2:R11,,,
7b804133a11d4e03-sheet2-R12,2026-02-27,busan-city,인재개발원 > 교육지원과,대게마루,교육역량 강화를 위한 간담회 개최,226000,7b804133a11d4e0326ed84e0a6f7fd51fab1b3622d7e1fd75b145e68285afd66,sheet2:R12,,,
7b804133a11d4e03-sheet2-R13,2026-03-04,busan-city,인재개발원 > 교육지원과,명소,교육운영 의견수렴을 위한 간담회 개최,275000,7b804133a11d4e0326ed84e0a6f7fd51fab1b3622d7e1fd75b145e68285afd66,sheet2:R13,,,
7b804133a11d4e03-sheet2-R14,2026-03-09,busan-city,인재개발원 > 교육지원과,첸차이나,전문적인 교육 운영을 위한 교육관계자와의 간담회 개최,69000,7b804133a11d4e0326ed84e0a6f7fd51fab1b3622d7e1fd75b145e68285afd66,sheet2:R14,,,
7b804133a11d4e03-sheet2-R15,2026-03-17,busan-city,인재개발원 > 교육지원과,명소,교육운영 방안 논의를 위한 관계자 간담회 개최,219000,7b804133a11d4e0326ed84e0a6f7fd51fab1b3622d7e1fd75b145e68285afd66,sheet2:R15,,,
7b804133a11d4e03-sheet2-R16,2026-03-24,busan-city,인재개발원 > 교육지원과,주식회사 행복정찬 화명,교육운영 의견수렴을 위한 간담회 개최,90000,7b804133a11d4e0326ed84e0a6f7fd51fab1b3622d7e1fd75b145e68285afd66,sheet2:R16,,,
7b804133a11d4e03-sheet2-R17,2026-03-26,busan-city,인재개발원 > 교육지원과,"명소, 오(Oh!)",교육역량 강화를 위한 간담회 개최,113800,7b804133a11d4e0326ed84e0a6f7fd51fab1b3622d7e1fd75b145e68285afd66,sheet2:R17,,,
7b804133a11d4e03-sheet2-R18,2026-03-30,busan-city,인재개발원 > 교육지원과,"당감댁 화명점, 오(Oh!)",전문적인 교육 운영을 위한 교육관계자와의 간담회 개최,50300,7b804133a11d4e0326ed84e0a6f7fd51fab1b3622d7e1fd75b145e68285afd66,sheet2:R18,,,
4d74906f518aac34-sheet1-R4,2026-02-04,busan-city,대변인 > 홍보담당관,"메이리, 웁스",직원 노고 격려 간담회 개최,187000,4d74906f518aac348b389e780d14c6c8894ed79c57c12db9bc63b1a9720eb9e3,sheet1:R4,,,
4d74906f518aac34-sheet1-R5,2026-02-09,busan-city,대변인 > 홍보담당관,홈플러스,어려운 이웃과 함께하는「2026년 따뜻한 설 명절 보내기」추진,249740,4d74906f518aac348b389e780d14c6c8894ed79c57c12db9bc63b1a9720eb9e3,sheet1:R5,,,
4d74906f518aac34-sheet1-R6,2026-02-12,busan-city,대변인 > 홍보담당관,스타벅스,대변인실 직원 격려 간식 구입 건의,840000,4d74906f518aac348b389e780d14c6c8894ed79c57c12db9bc63b1a9720eb9e3,sheet1:R6,,,
4d74906f518aac34-sheet1-R7,2026-02-13,busan-city,대변인 > 홍보담당관,-,소속 직원 경조사비 집행,50000,4d74906f518aac348b389e780d14c6c8894ed79c57c12db9bc63b1a9720eb9e3,sheet1:R7,,,
4d74906f518aac34-sheet1-R8,2026-02-19,busan-city,대변인 > 홍보담당관,-,소속 직원 경조사비 집행,50000,4d74906f518aac348b389e780d14c6c8894ed79c57c12db9bc63b1a9720eb9e3,sheet1:R8,,,
4d74906f518aac34-sheet1-R9,2026-02-24,busan-city,대변인 > 홍보담당관,낚시고기횟집,2.25.자 인사발령에 따른 직원 간담회 개최 건의,221000,4d74906f518aac348b389e780d14c6c8894ed79c57c12db9bc63b1a9720eb9e3,sheet1:R9,,,
4d74906f518aac34-sheet1-R10,2026-02-27,busan-city,대변인 > 홍보담당관,"장산다방, 으뜸식당",직원 노고 격려 간담회 개최,102000,4d74906f518aac348b389e780d14c6c8894ed79c57c12db9bc63b1a9720eb9e3,sheet1:R10,,,
4d74906f518aac34-sheet1-R11,2026-03-09,busan-city,대변인 > 홍보담당관,낚시고기횟집,시정 홍보 관련 논의를 위한 간담회 개최 계획,60000,4d74906f518aac348b389e780d14c6c8894ed79c57c12db9bc63b1a9720eb9e3,sheet1:R11,,,
4d74906f518aac34-sheet1-R12,2026-03-17,busan-city,대변인 > 홍보담당관,푸릇,직원 노고 격려를 위한 차담회 개최 계획,39500,4d74906f518aac348b389e780d14c6c8894ed79c57c12db9bc63b1a9720eb9e3,sheet1:R12,,,
4d74906f518aac34-sheet1-R13,2026-03-18,busan-city,대변인 > 홍보담당관,마당집,언론 관계자 현안 설명 간담회 개최 계획,214000,4d74906f518aac348b389e780d14c6c8894ed79c57c12db9bc63b1a9720eb9e3,sheet1:R13,,,
4d74906f518aac34-sheet1-R14,2026-03-18,busan-city,대변인 > 홍보담당관,-,소속 직원 경조사비 집행,50000,4d74906f518aac348b389e780d14c6c8894ed79c57c12db9bc63b1a9720eb9e3,sheet1:R14,,,
4d74906f518aac34-sheet1-R15,2026-03-26,busan-city,대변인 > 홍보담당관,읍천리382,직원 노고 격려를 위한 차담회 개최 계획,43700,4d74906f518aac348b389e780d14c6c8894ed79c57c12db9bc63b1a9720eb9e3,sheet1:R15,,,
4d74906f518aac34-sheet1-R16,2026-03-27,busan-city,대변인 > 홍보담당관,"장산다방, 해광참가자미",직원 노고 격려를 위한 간담회 개최 계획,134000,4d74906f518aac348b389e780d14c6c8894ed79c57c12db9bc63b1a9720eb9e3,sheet1:R16,,,
4d74906f518aac34-sheet1-R17,2026-03-27,busan-city,대변인 > 홍보담당관,-,소속 직원 경조사비 집행,50000,4d74906f518aac348b389e780d14c6c8894ed79c57c12db9bc63b1a9720eb9e3,sheet1:R17,,,
4d74906f518aac34-sheet1-R18,2026-01-14,busan-city,대변인 > 홍보담당관,정초밥,시정 홍보 논의를 위한 간담회 개최 계획,120000,4d74906f518aac348b389e780d14c6c8894ed79c57c12db9bc63b1a9720eb9e3,sheet1:R18,,,
4d74906f518aac34-sheet1-R19,2026-01-19,busan-city,대변인 > 홍보담당관,순이국수,언론 관계자 현안 설명 간담회 개최 계획,480000,4d74906f518aac348b389e780d14c6c8894ed79c57c12db9bc63b1a9720eb9e3,sheet1:R19,,,
4d74906f518aac34-sheet1-R20,2026-01-20,busan-city,대변인 > 홍보담당관,정초밥,시정 홍보 캠페인 추진 관련자 간담회 개최,480000,4d74906f518aac348b389e780d14c6c8894ed79c57c12db9bc63b1a9720eb9e3,sheet1:R20,,,
4d74906f518aac34-sheet1-R21,2026-01-28,busan-city,대변인 > 홍보담당관,"해싸라래, 마조레",시정 홍보 활성화를 위한 매체 관계자 간담회 개최,181000,4d74906f518aac348b389e780d14c6c8894ed79c57c12db9bc63b1a9720eb9e3,sheet1:R21,,,
4d74906f518aac34-sheet1-R22,2026-02-04,busan-city,대변인 > 홍보담당관,부자회관,언론 관계자 현안 설명 간담회 개최 계획,279000,4d74906f518aac348b389e780d14c6c8894ed79c57c12db9bc63b1a9720eb9e3,sheet1:R22,,,
4d74906f518aac34-sheet1-R23,2026-02-09,busan-city,대변인 > 홍보담당관,돈풍각,시정 홍보 논의를 위한 간담회 개최 계획,189000,4d74906f518aac348b389e780d14c6c8894ed79c57c12db9bc63b1a9720eb9e3,sheet1:R23,,,
4d74906f518aac34-sheet1-R24,2026-02-10,busan-city,대변인 > 홍보담당관,"메이리, 웁스",언론 관계자 현안 설명 간담회 개최 계획,480000,4d74906f518aac348b389e780d14c6c8894ed79c57c12db9bc63b1a9720eb9e3,sheet1:R24,,,
4d74906f518aac34-sheet1-R25,2026-02-11,busan-city,대변인 > 홍보담당관,돌낙집,언론 관계자 현안 설명 간담회 개최 계획,144000,4d74906f518aac348b389e780d14c6c8894ed79c57c12db9bc63b1a9720eb9e3,sheet1:R25,,,
4d74906f518aac34-sheet1-R26,2026-03-20,busan-city,대변인 > 홍보담당관,스타벅스,시민공감 토크쇼 차담회 관련 음료 등 구입,166200,4d74906f518aac348b389e780d14c6c8894ed79c57c12db9bc63b1a9720eb9e3,sheet1:R26,,,
4d74906f518aac34-sheet1-R27,2026-03-26,busan-city,대변인 > 홍보담당관,홍식당,시정 홍보 협의를 위한 간담회 개최,202000,4d74906f518aac348b389e780d14c6c8894ed79c57c12db9bc63b1a9720eb9e3,sheet1:R27,,,
4d74906f518aac34-sheet1-R28,2026-01-05,busan-city,대변인 > 홍보담당관,반하당,직원 격려 간식 구입,99000,4d74906f518aac348b389e780d14c6c8894ed79c57c12db9bc63b1a9720eb9e3,sheet1:R28,,,
4d74906f518aac34-sheet1-R29,2026-01-12,busan-city,대변인 > 홍보담당관,은화횟집 2호점,2026년 부산형 선(善)결제 추진(1차),300000,4d74906f518aac348b389e780d14c6c8894ed79c57c12db9bc63b1a9720eb9e3,sheet1:R29,,,
4d74906f518aac34-sheet1-R30,2026-01-12,busan-city,대변인 > 홍보담당관,돈풍각,2026년 부산형 선(善)결제 추진(1차),360000,4d74906f518aac348b389e780d14c6c8894ed79c57c12db9bc63b1a9720eb9e3,sheet1:R30,,,
4d74906f518aac34-sheet1-R31,2026-01-12,busan-city,대변인 > 홍보담당관,수제국수,2026년 부산형 선(善)결제 추진(1차),300000,4d74906f518aac348b389e780d14c6c8894ed79c57c12db9bc63b1a9720eb9e3,sheet1:R31,,,
4d74906f518aac34-sheet1-R32,2026-03-30,busan-city,대변인 > 홍보담당관,하숙집,대변인실 직무 역량강화 워크숍 간담회 개최,600000,4d74906f518aac348b389e780d14c6c8894ed79c57c12db9bc63b1a9720eb9e3,sheet1:R32,,,
f0bc2652378fd36c-sheet1-R4,2026-01-09,busan-city,여성회관 > 관리팀,이디야 부경대후문점,남구다문화가족지원센터 부산형 선결제 관련 업무추진비 집행,210000,f0bc2652378fd36cd10acd1716b8561e0008a7a93301c28eb570061e531f0cbb,sheet1:R4,,,
f0bc2652378fd36c-sheet1-R5,2026-01-13,busan-city,여성회관 > 관리팀,꽃그대,'25년 고용노동행정 유공 장관 포상 축하 꽃다발 구입,50000,f0bc2652378fd36cd10acd1716b8561e0008a7a93301c28eb570061e531f0cbb,sheet1:R5,,,
f0bc2652378fd36c-sheet1-R6,2026-01-20,busan-city,여성회관 > 관리팀,초원복국,2026년 여성회관 자원활동센터 운영 관련 간담회 개최,405000,f0bc2652378fd36cd10acd1716b8561e0008a7a93301c28eb570061e531f0cbb,sheet1:R6,,,
f0bc2652378fd36c-sheet1-R7,2026-01-15,busan-city,여성회관 > 관리팀,Hash,2026년 '부산형 선결제' 관련 업무추진비 집행,360000,f0bc2652378fd36cd10acd1716b8561e0008a7a93301c28eb570061e531f0cbb,sheet1:R7,,,
f0bc2652378fd36c-sheet1-R8,2026-01-23,busan-city,여성회관 > 관리팀,소속 직원,직원 가족상에 따른 부의금 지급,50000,f0bc2652378fd36cd10acd1716b8561e0008a7a93301c28eb570061e531f0cbb,sheet1:R8,,,
f0bc2652378fd36c-sheet1-R9,2026-02-11,busan-city,여성회관 > 관리팀,총각정육백화점,따뜻한 설 명절 보내기 관련 사회복지시설 지원,200000,f0bc2652378fd36cd10acd1716b8561e0008a7a93301c28eb570061e531f0cbb,sheet1:R9,,,
f0bc2652378fd36c-sheet1-R10,2026-02-12,busan-city,여성회관 > 관리팀,초원복국,전입직원 격려 간담회 개최,124000,f0bc2652378fd36cd10acd1716b8561e0008a7a93301c28eb570061e531f0cbb,sheet1:R10,,,
91b01d45e4e8055b-sheet1-R5,2026-01-12,busan-city,주택건축국 > 도시공간활력과,쿠팡,부서 운영을 위한 다과 구입,80800,91b01d45e4e8055b42fe7954efe9d0cfbcaef29d3233cb51e89ea1e9a99d27d8,sheet1:R5,,,
91b01d45e4e8055b-sheet1-R6,2026-01-13,busan-city,주택건축국 > 도시공간활력과,우나기만,도시재생지원센터 간담회 개최 건의,480000,91b01d45e4e8055b42fe7954efe9d0cfbcaef29d3233cb51e89ea1e9a99d27d8,sheet1:R6,,,
91b01d45e4e8055b-sheet1-R7,2026-01-13,busan-city,주택건축국 > 도시공간활력과,부원삼계탕,도시재생사업 종합성과평가 관련 간담회 개최,200000,91b01d45e4e8055b42fe7954efe9d0cfbcaef29d3233cb51e89ea1e9a99d27d8,sheet1:R7,,,
91b01d45e4e8055b-sheet1-R8,2026-01-14,busan-city,주택건축국 > 도시공간활력과,"몫몫, 아트센트",빈집 정비사업 활성화를 위한 간담회 개최 건의,170000,91b01d45e4e8055b42fe7954efe9d0cfbcaef29d3233cb51e89ea1e9a99d27d8,sheet1:R8,,,
91b01d45e4e8055b-sheet1-R9,2026-01-16,busan-city,주택건축국 > 도시공간활력과,영성방,빈집 활용 방안을 위한 간담회 개최 건의,104000,91b01d45e4e8055b42fe7954efe9d0cfbcaef29d3233cb51e89ea1e9a99d27d8,sheet1:R9,,,
91b01d45e4e8055b-sheet1-R10,2026-01-16,busan-city,주택건축국 > 도시공간활력과,"흥부와어우동, 천해로207호",'27년 새뜰마을사업 공모 추진 관련 간담회 개최,133500,91b01d45e4e8055b42fe7954efe9d0cfbcaef29d3233cb51e89ea1e9a99d27d8,sheet1:R10,,,
91b01d45e4e8055b-sheet1-R11,2026-01-27,busan-city,주택건축국 > 도시공간활력과,"부산당, 스타벅스",부산유라시아플랫폼 현안회의 다과 구입,200300,91b01d45e4e8055b42fe7954efe9d0cfbcaef29d3233cb51e89ea1e9a99d27d8,sheet1:R11,,,
91b01d45e4e8055b-sheet1-R12,2026-01-29,busan-city,주택건축국 > 도시공간활력과,쿠팡,부서 운영을 위한 다과 구입,112200,91b01d45e4e8055b42fe7954efe9d0cfbcaef29d3233cb51e89ea1e9a99d27d8,sheet1:R12,,,
91b01d45e4e8055b-sheet1-R13,2026-01-29,busan-city,주택건축국 > 도시공간활력과,"보돌미역, the떡",국토부 간담회 개최 건의(정정),156000,91b01d45e4e8055b42fe7954efe9d0cfbcaef29d3233cb51e89ea1e9a99d27d8,sheet1:R13,,,
91b01d45e4e8055b-sheet1-R14,2026-02-04,busan-city,주택건축국 > 도시공간활력과,다대포원조해물칼국수,노후계획도시정비사업관련 간담회 개최 건의,59000,91b01d45e4e8055b42fe7954efe9d0cfbcaef29d3233cb51e89ea1e9a99d27d8,sheet1:R14,,,
91b01d45e4e8055b-sheet1-R15,2026-02-05,busan-city,주택건축국 > 도시공간활력과,"할매재첩국집, 해월당",노후계획도시정비사업관련 간담회 개최 건의,96800,91b01d45e4e8055b42fe7954efe9d0cfbcaef29d3233cb51e89ea1e9a99d27d8,sheet1:R15,,,
91b01d45e4e8055b-sheet1-R16,2026-02-09,busan-city,주택건축국 > 도시공간활력과,생어거스틴일루아,노후계획도시정비사업 관련 간담회 개최 건의,151000,91b01d45e4e8055b42fe7954efe9d0cfbcaef29d3233cb51e89ea1e9a99d27d8,sheet1:R16,,,
91b01d45e4e8055b-sheet1-R17,2026-02-11,busan-city,주택건축국 > 도시공간활력과,"수제국수, 함양가",2026년 부산형 선결제 추진,720000,91b01d45e4e8055b42fe7954efe9d0cfbcaef29d3233cb51e89ea1e9a99d27d8,sheet1:R17,,,
91b01d45e4e8055b-sheet1-R18,2026-02-19,busan-city,주택건축국 > 도시공간활력과,"왔다식당, 아트센트",빈집 정비 사업 대상지 현장점검 및 간담회 개최,132720,91b01d45e4e8055b42fe7954efe9d0cfbcaef29d3233cb51e89ea1e9a99d27d8,sheet1:R18,,,
91b01d45e4e8055b-sheet1-R19,2026-02-23,busan-city,주택건축국 > 도시공간활력과,삼진어묵,도시재생사업 업무 협의을 위한 중앙부처 면담 다과 구입,147840,91b01d45e4e8055b42fe7954efe9d0cfbcaef29d3233cb51e89ea1e9a99d27d8,sheet1:R19,,,
91b01d45e4e8055b-sheet1-R20,2026-02-23,busan-city,주택건축국 > 도시공간활력과,생어거스틴일루아,도시재생지원센터 간담회 개최 건의,113000,91b01d45e4e8055b42fe7954efe9d0cfbcaef29d3233cb51e89ea1e9a99d27d8,sheet1:R20,,,
91b01d45e4e8055b-sheet1-R21,2026-03-10,busan-city,주택건축국 > 도시공간활력과,쿠팡,부서 운영을 위한 다과 구입,72380,91b01d45e4e8055b42fe7954efe9d0cfbcaef29d3233cb51e89ea1e9a99d27d8,sheet1:R21,,,
91b01d45e4e8055b-sheet1-R22,2026-03-19,busan-city,주택건축국 > 도시공간활력과,"산호회센타, 아덴블랑제리",빈집정비사업 업무협의 및 간담회 개최,145000,91b01d45e4e8055b42fe7954efe9d0cfbcaef29d3233cb51e89ea1e9a99d27d8,sheet1:R22,,,
e8932e3cebb17856-sheet1-R4,2026-01-23,busan-city,인재개발원 > 전문교육과,파리바게트,유관기관 내방 업무협의 간담회,120000,e8932e3cebb178569fef64dfd500fa4d15c5efbf97995610c6846fe8b1dad8fc,sheet1:R4,,,
e8932e3cebb17856-sheet1-R5,2026-02-12,busan-city,인재개발원 > 전문교육과,첸차이나,전문교육 전문가 간담회,180000,e8932e3cebb178569fef64dfd500fa4d15c5efbf97995610c6846fe8b1dad8fc,sheet1:R5,,,
97a5c3cdb827ea2d-sheet1-R5,2026-01-07,busan-city,시립미술관 > 관리팀,함양가,루프 미디어 페스티벌 업무 혐의를 위한 간담회 개최 건의,75000,97a5c3cdb827ea2de73a0e13691c8cd2c7b35d023d7bbd25a738b2da2a5baf38,sheet1:R5,,,
97a5c3cdb827ea2d-sheet1-R6,2026-02-09,busan-city,시립미술관 > 관리팀,홈플러스㈜센텀시티점,「2026 따뜻한 설 명절 보내기」사회복지시설 지원 추진계획,60950,97a5c3cdb827ea2de73a0e13691c8cd2c7b35d023d7bbd25a738b2da2a5baf38,sheet1:R6,,,
97a5c3cdb827ea2d-sheet1-R7,2026-02-20,busan-city,시립미술관 > 관리팀,주식회사 브라이언스커피,미디어 장비 후원 유치 관련 업무 협의를 위한 간담회 개최 건의,24000,97a5c3cdb827ea2de73a0e13691c8cd2c7b35d023d7bbd25a738b2da2a5baf38,sheet1:R7,,,
ac01709eb9a8d489-sheet1-R5,2026-02-10,busan-city,소방재난본부 > 소방감사담당관,함양가,2026년 부산시 착한결제(선결제) 추진,360000,ac01709eb9a8d489c663c7dec1a58d420e3db135e6614500426938ec74fb465e,sheet1:R5,,,
0a0b1feffc15160b-sheet1-R4,2026-02-05,busan-city,관광마이스국 > 관광마이스산업과,기장물산㈜,업무 추진 간담회 개최를 위한 다과 구입,230000,0a0b1feffc15160bc778469dbe89b17283e9627a766b9ed33e50892ef4235c7a,sheet1:R4,,,
0a0b1feffc15160b-sheet1-R5,2026-02-10,busan-city,관광마이스국 > 관광마이스산업과,"메이리, 만성횟집, 후스",직원 격려 오찬 간담회 개최비용 지급,1440000,0a0b1feffc15160bc778469dbe89b17283e9627a766b9ed33e50892ef4235c7a,sheet1:R5,,,
0a0b1feffc15160b-sheet1-R6,2026-02-11,busan-city,관광마이스국 > 관광마이스산업과,에스에스지페이먼츠,「2026년 따뜻한 설 명절 보내기」추진,197140,0a0b1feffc15160bc778469dbe89b17283e9627a766b9ed33e50892ef4235c7a,sheet1:R6,,,
0a0b1feffc15160b-sheet1-R7,2026-02-12,busan-city,관광마이스국 > 관광마이스산업과,커넥트현대 부산점,마이스 국내외 공동유치 마케팅 위한 관계자 간담회 개최,28000,0a0b1feffc15160bc778469dbe89b17283e9627a766b9ed33e50892ef4235c7a,sheet1:R7,,,
0a0b1feffc15160b-sheet1-R8,2026-03-03,busan-city,관광마이스국 > 관광마이스산업과,유가네닭갈비 하단역점 북창동순두부 부산서면점 스시리 나정순할매쭈꾸미볶음,선도협력 의료기관 모집 현장 실사 관련 간담회 지출,201900,0a0b1feffc15160bc778469dbe89b17283e9627a766b9ed33e50892ef4235c7a,sheet1:R8,,,
0a0b1feffc15160b-sheet1-R9,2026-03-11,busan-city,관광마이스국 > 관광마이스산업과,"연제지역자활센터 카페 가온비, 카리스",마이스 산업 활성화를 위한 업계 관계자 간담회 개최,94900,0a0b1feffc15160bc778469dbe89b17283e9627a766b9ed33e50892ef4235c7a,sheet1:R9,,,
0a0b1feffc15160b-sheet1-R10,2026-03-11,busan-city,관광마이스국 > 관광마이스산업과,부용당,마이스산업 현안 업무 추진 관계자 간담회 개최,96000,0a0b1feffc15160bc778469dbe89b17283e9627a766b9ed33e50892ef4235c7a,sheet1:R10,,,
0a0b1feffc15160b-sheet1-R11,2026-03-15,busan-city,관광마이스국 > 관광마이스산업과,WHATABURGER 1025 STARBUCKS-SAN MARCOS,SXSW 공무국외출장 관계자 격려 및 간담회 개최,116610,0a0b1feffc15160bc778469dbe89b17283e9627a766b9ed33e50892ef4235c7a,sheet1:R11,,,
4355e962284faad1-sheet1-R4,2026-01-09,busan-city,시민건강국 > 건강정책과,푸릇,내방객 음료 및 다과 구입,37500,4355e962284faad13790d185e1192ea79229a288560f59e4e2f892adc4dc7164,sheet1:R4,,,
4355e962284faad1-sheet1-R5,2026-01-09,busan-city,시민건강국 > 건강정책과,만성횟집,시민건강국 주요 현안 논의를 위한 간부공무원 등 오찬 간담회,480000,4355e962284faad13790d185e1192ea79229a288560f59e4e2f892adc4dc7164,sheet1:R5,,,
4355e962284faad1-sheet1-R6,2026-01-27,busan-city,시민건강국 > 건강정책과,메이리외1,2026년 상반기 시민건강국 승진자 격려 오찬 간담회 개최,447000,4355e962284faad13790d185e1192ea79229a288560f59e4e2f892adc4dc7164,sheet1:R6,,,
4355e962284faad1-sheet1-R7,2026-01-30,busan-city,시민건강국 > 건강정책과,대박통시청점,시민건강국 직원 격려를 위한 간담회 개최,480000,4355e962284faad13790d185e1192ea79229a288560f59e4e2f892adc4dc7164,sheet1:R7,,,
4355e962284faad1-sheet1-R8,2026-02-02,busan-city,시민건강국 > 건강정책과,연제지역자활센터,2026년 상반기 보건소장 회의 다과 구입,89000,4355e962284faad13790d185e1192ea79229a288560f59e4e2f892adc4dc7164,sheet1:R8,,,
4355e962284faad1-sheet1-R9,2026-02-10,busan-city,시민건강국 > 건강정책과,개인(성명 비공개),시민건강국 소속 직원 경조사비 지급,50000,4355e962284faad13790d185e1192ea79229a288560f59e4e2f892adc4dc7164,sheet1:R9,,,
4355e962284faad1-sheet1-R10,2026-02-10,busan-city,시민건강국 > 건강정책과,개인(성명 비공개),시민건강국 소속 직원 경조사비 지급,50000,4355e962284faad13790d185e1192ea79229a288560f59e4e2f892adc4dc7164,sheet1:R10,,,
4355e962284faad1-sheet1-R11,2026-03-24,busan-city,시민건강국 > 건강정책과,메이리외1,시민건강국 직원 격려를 위한 간담회 개최,150000,4355e962284faad13790d185e1192ea79229a288560f59e4e2f892adc4dc7164,sheet1:R11,,,
4355e962284faad1-sheet1-R12,2026-03-26,busan-city,시민건강국 > 건강정책과,헤이키커피 부산시청점,시민건강국 정책 홍보를 위한 언론관계자 간담회 개최,428200,4355e962284faad13790d185e1192ea79229a288560f59e4e2f892adc4dc7164,sheet1:R12,,,
4355e962284faad1-sheet1-R13,2026-03-24,busan-city,시민건강국 > 건강정책과,금화농원,해운대구 건강생활지원센터 개소 축하 화분 구입,80000,4355e962284faad13790d185e1192ea79229a288560f59e4e2f892adc4dc7164,sheet1:R13,,,
4355e962284faad1-sheet1-R14,2026-01-16,busan-city,시민건강국 > 건강정책과,삼미오리집,2026년 상반기 건강정책과 정기인사에 따른 전출입 직원 격려 간담회 개최,1200000,4355e962284faad13790d185e1192ea79229a288560f59e4e2f892adc4dc7164,sheet1:R14,,,
4355e962284faad1-sheet1-R15,2026-01-09,busan-city,시민건강국 > 건강정책과,부산명지맛집 조개일번가,서부산의료원 건립사업 관련 업무추진 간담회 개최,192000,4355e962284faad13790d185e1192ea79229a288560f59e4e2f892adc4dc7164,sheet1:R15,,,
4355e962284faad1-sheet1-R16,2026-01-15,busan-city,시민건강국 > 건강정책과,셀럽스커피,시민건강국 정책 홍보를 위한 언론관계자 간담회 개최,21900,4355e962284faad13790d185e1192ea79229a288560f59e4e2f892adc4dc7164,sheet1:R16,,,
4355e962284faad1-sheet1-R17,2026-01-13,busan-city,시민건강국 > 건강정책과,만성횟집,보건의료·위생분야 현안 논의를 위한 간담회 개최,340000,4355e962284faad13790d185e1192ea79229a288560f59e4e2f892adc4dc7164,sheet1:R17,,,
4355e962284faad1-sheet1-R18,2026-01-19,busan-city,시민건강국 > 건강정책과,소금,지역보건의료계획 수립 관련 간담회 개최,300000,4355e962284faad13790d185e1192ea79229a288560f59e4e2f892adc4dc7164,sheet1:R18,,,
4355e962284faad1-sheet1-R19,2026-01-16,busan-city,시민건강국 > 건강정책과,㈜에이치엘비,현안 업무추진 간담회 개최(공공보건의료지원단),321000,4355e962284faad13790d185e1192ea79229a288560f59e4e2f892adc4dc7164,sheet1:R19,,,
4355e962284faad1-sheet1-R20,2026-01-19,busan-city,시민건강국 > 건강정책과,후스,2026년 금연사업 담당자 간담회 개최 계획,200000,4355e962284faad13790d185e1192ea79229a288560f59e4e2f892adc4dc7164,sheet1:R20,,,
4355e962284faad1-sheet1-R21,2026-01-19,busan-city,시민건강국 > 건강정책과,수제국수(부산시청점),2026년 통합건강증진사업 담당자 간담회 개최 계획,300000,4355e962284faad13790d185e1192ea79229a288560f59e4e2f892adc4dc7164,sheet1:R21,,,
4355e962284faad1-sheet1-R22,2026-01-23,busan-city,시민건강국 > 건강정책과,엔피에스카페테리아삼십육점오,통합돌봄지원사업 관계자 회의 음료 구입,85000,4355e962284faad13790d185e1192ea79229a288560f59e4e2f892adc4dc7164,sheet1:R22,,,
4355e962284faad1-sheet1-R23,2026-01-26,busan-city,시민건강국 > 건강정책과,코레일유통주식회사(대전역)외1,(구)침례병원 공공병원화 추진 관련 간담회 개최,43800,4355e962284faad13790d185e1192ea79229a288560f59e4e2f892adc4dc7164,sheet1:R23,,,
4355e962284faad1-sheet1-R24,2026-02-02,busan-city,시민건강국 > 건강정책과,㈜정원오리,시민건강국 정책 홍보를 위한 언론관계자 간담회 개최,275000,4355e962284faad13790d185e1192ea79229a288560f59e4e2f892adc4dc7164,sheet1:R24,,,
4355e962284faad1-sheet1-R25,2026-01-30,busan-city,시민건강국 > 건강정책과,본참치,권역책임의료기관 최종치료 역량강화 사업 관련 간담회 개최,200000,4355e962284faad13790d185e1192ea79229a288560f59e4e2f892adc4dc7164,sheet1:R25,,,
4355e962284faad1-sheet1-R26,2026-02-04,busan-city,시민건강국 > 건강정책과,우나기만,2026년 상반기 보건소장 간담회,400000,4355e962284faad13790d185e1192ea79229a288560f59e4e2f892adc4dc7164,sheet1:R26,,,
4355e962284faad1-sheet1-R27,2026-02-04,busan-city,시민건강국 > 건강정책과,에스에스지페이먼츠,2026년 따뜻한 설명절 보내기 추진계획,226050,4355e962284faad13790d185e1192ea79229a288560f59e4e2f892adc4dc7164,sheet1:R27,,,
4355e962284faad1-sheet1-R28,2026-02-10,busan-city,시민건강국 > 건강정책과,"연제지역자활센터, 카페가온비외1",2026년 범정부 생명지킴추진본부 부산 방문 간담회 개최,154000,4355e962284faad13790d185e1192ea79229a288560f59e4e2f892adc4dc7164,sheet1:R28,,,
4355e962284faad1-sheet1-R29,2026-02-26,busan-city,시민건강국 > 건강정책과,마조레,2026년 노쇠예방 건강UP사업 협력의료기관 간담회 개최 계획,480000,4355e962284faad13790d185e1192ea79229a288560f59e4e2f892adc4dc7164,sheet1:R29,,,
4355e962284faad1-sheet1-R30,2026-02-19,busan-city,시민건강국 > 건강정책과,6692(육육구이),시민건강국 정책 홍보를 위한 언론관계자 간담회 개최,183200,4355e962284faad13790d185e1192ea79229a288560f59e4e2f892adc4dc7164,sheet1:R30,,,
4355e962284faad1-sheet1-R31,2026-03-03,busan-city,시민건강국 > 건강정책과,커피니 김포공항국내선점외1,(구)침례병원 공공병원화 추진 관련 간담회 개최,84500,4355e962284faad13790d185e1192ea79229a288560f59e4e2f892adc4dc7164,sheet1:R31,,,
4355e962284faad1-sheet1-R32,2026-02-24,busan-city,시민건강국 > 건강정책과,"연제지역자활센터, 카페가온비",2026년 지역보건의료심의위원회 음료 구입,87000,4355e962284faad13790d185e1192ea79229a288560f59e4e2f892adc4dc7164,sheet1:R32,,,
4355e962284faad1-sheet1-R33,2026-02-24,busan-city,시민건강국 > 건강정책과,히얼이즈커피 부산시청점,2026년 지역보건의료심의위원회 다과 구입,60000,4355e962284faad13790d185e1192ea79229a288560f59e4e2f892adc4dc7164,sheet1:R33,,,
4355e962284faad1-sheet1-R34,2026-03-13,busan-city,시민건강국 > 건강정책과,공무원매점,부산시립정신병원 내진보강공사 관련 업무협의를 위한 다과 구입,50000,4355e962284faad13790d185e1192ea79229a288560f59e4e2f892adc4dc7164,sheet1:R34,,,
4355e962284faad1-sheet1-R35,2026-03-30,busan-city,시민건강국 > 건강정책과,카페젤라떼리아외 1,시민건강국 현안 사항 관련 언론관계자 간담회 개최,80640,4355e962284faad13790d185e1192ea79229a288560f59e4e2f892adc4dc7164,sheet1:R35,,,
4355e962284faad1-sheet1-R36,2026-04-08,busan-city,시민건강국 > 건강정책과,한화커넥트 ㈜외1,부산 어린이병원 건립 관련 간담회 개최,121200,4355e962284faad13790d185e1192ea79229a288560f59e4e2f892adc4dc7164,sheet1:R36,,,
4355e962284faad1-sheet1-R37,2026-04-08,busan-city,시민건강국 > 건강정책과,㈜파리크라상 서울역점,부산 어린이병원 건립 정책토론회 다과 준비,82100,4355e962284faad13790d185e1192ea79229a288560f59e4e2f892adc4dc7164,sheet1:R37,,,
ac960979ea9568ee-sheet1-R5,2026-01-22,busan-city,교통혁신국 > 트라이포트기획과,주식회사제이티알,봉림 화물자동차 공영차고지 GB관리계획변경 관련 간담회 개최,197500,ac960979ea9568ee3ee42b02c7636154a876aae4e9baa9136aaf7b95d3195856,sheet1:R5,,,
ac960979ea9568ee-sheet1-R6,2026-02-20,busan-city,교통혁신국 > 트라이포트기획과,한화커넥트㈜,광역연계형 규제자유특구 신규 지정 관련 간담회 개최,195000,ac960979ea9568ee3ee42b02c7636154a876aae4e9baa9136aaf7b95d3195856,sheet1:R6,,,
ac960979ea9568ee-sheet1-R7,2026-03-10,busan-city,교통혁신국 > 트라이포트기획과,해담대구찜아구찜,현안업무 추진 관계자 간담회 개최,73000,ac960979ea9568ee3ee42b02c7636154a876aae4e9baa9136aaf7b95d3195856,sheet1:R7,,,
ac960979ea9568ee-sheet1-R8,2026-03-25,busan-city,교통혁신국 > 트라이포트기획과,함양가,화물자동차 안전용품 지원사업 관련 간담회 개최,190000,ac960979ea9568ee3ee42b02c7636154a876aae4e9baa9136aaf7b95d3195856,sheet1:R8,,,
a83fd4284a16793c-sheet1-R5,2026-01-20,busan-city,푸른도시국 > 공원여가정책과,장산다방,2026년 상반기 전입자 차담회 개최,74000,a83fd4284a16793c94faf7380ad62a26c18c3b758a4c362e57668ecd1a59b8b2,sheet1:R5,,,
a83fd4284a16793c-sheet1-R6,2026-01-15,busan-city,푸른도시국 > 공원여가정책과,"카페 가온비, 공무원 매점",공원분야 현안추진 구군관계자 회의 관련 간담회 다과구입,180000,a83fd4284a16793c94faf7380ad62a26c18c3b758a4c362e57668ecd1a59b8b2,sheet1:R6,,,
a83fd4284a16793c-sheet1-R7,2026-01-16,busan-city,푸른도시국 > 공원여가정책과,우나기만,공원 유원지 디자인 환경 개선 추진 관계자 간담회,480000,a83fd4284a16793c94faf7380ad62a26c18c3b758a4c362e57668ecd1a59b8b2,sheet1:R7,,,
a83fd4284a16793c-sheet1-R8,2026-01-20,busan-city,푸른도시국 > 공원여가정책과,스타벅스,이기대 예술공원 아트파빌리온 설치 운영위원회 회의 관련 다과구입,78000,a83fd4284a16793c94faf7380ad62a26c18c3b758a4c362e57668ecd1a59b8b2,sheet1:R8,,,
a83fd4284a16793c-sheet1-R9,2026-02-09,busan-city,푸른도시국 > 공원여가정책과,청춘횟집,보약숲 산스장 정비사업 관계자 간담회 개최,356000,a83fd4284a16793c94faf7380ad62a26c18c3b758a4c362e57668ecd1a59b8b2,sheet1:R9,,,
a83fd4284a16793c-sheet1-R10,2026-02-10,busan-city,푸른도시국 > 공원여가정책과,풍미회초밥,푸른도시국 주요현안 논의 간담회 개최,150000,a83fd4284a16793c94faf7380ad62a26c18c3b758a4c362e57668ecd1a59b8b2,sheet1:R10,,,
a83fd4284a16793c-sheet1-R11,2026-02-10,busan-city,푸른도시국 > 공원여가정책과,부산은행(온누리상품권),2026년 따뜻한 설 명절 보내기 복지시설 위문 방문,400000,a83fd4284a16793c94faf7380ad62a26c18c3b758a4c362e57668ecd1a59b8b2,sheet1:R11,,,
a83fd4284a16793c-sheet1-R12,2026-02-13,busan-city,푸른도시국 > 공원여가정책과,은화횟집 2호점,설 연휴 대책 논의 간담회 개최,260000,a83fd4284a16793c94faf7380ad62a26c18c3b758a4c362e57668ecd1a59b8b2,sheet1:R12,,,
a83fd4284a16793c-sheet1-R13,2026-02-27,busan-city,푸른도시국 > 공원여가정책과,만성횟집,공영동물원 운영 관련 직원 격려 및 현안 업무 논의 간담회 개최,480000,a83fd4284a16793c94faf7380ad62a26c18c3b758a4c362e57668ecd1a59b8b2,sheet1:R13,,,
a83fd4284a16793c-sheet1-R14,2026-03-06,busan-city,푸른도시국 > 공원여가정책과,은화횟집 2호점,공원 조성 관련 현안업무 추진 간담회 개최,250000,a83fd4284a16793c94faf7380ad62a26c18c3b758a4c362e57668ecd1a59b8b2,sheet1:R14,,,
a83fd4284a16793c-sheet1-R15,2026-03-11,busan-city,푸른도시국 > 공원여가정책과,정초밥,갈맷길 새걸음 축제 개최에 따른 직원 노고 격려 간담회 개최,120000,a83fd4284a16793c94faf7380ad62a26c18c3b758a4c362e57668ecd1a59b8b2,sheet1:R15,,,
a83fd4284a16793c-sheet1-R16,2026-03-20,busan-city,푸른도시국 > 공원여가정책과,카페 가온비,어린이대공원 동물원 정상화 구상 및 운영방향 논의를 위한 간담회 개최,88000,a83fd4284a16793c94faf7380ad62a26c18c3b758a4c362e57668ecd1a59b8b2,sheet1:R16,,,
a83fd4284a16793c-sheet1-R17,2026-03-26,busan-city,푸른도시국 > 공원여가정책과,"공무원 매점, 빅 식자재마트",2026년 시민 나무심기 행사 개최에 따른 참가자용 다과 구입,150000,a83fd4284a16793c94faf7380ad62a26c18c3b758a4c362e57668ecd1a59b8b2,sheet1:R17,,,
fcab1fbc4f9ca87d-sheet1-R3,2026-01-14,busan-city,디지털경제실 > 투자유치과,비눔(Vinum),기업유치 현안 논의 간담회 개최,81000,fcab1fbc4f9ca87d5400151eacff118639c61d6cad375f77ff00e217112ca21b,sheet1:R3,,,
fcab1fbc4f9ca87d-sheet1-R4,2026-01-15,busan-city,디지털경제실 > 투자유치과,남나리전복 엠아이알오외 1,기업 투자유치 간담회 개최,84000,fcab1fbc4f9ca87d5400151eacff118639c61d6cad375f77ff00e217112ca21b,sheet1:R4,,,
fcab1fbc4f9ca87d-sheet1-R5,2026-01-15,busan-city,디지털경제실 > 투자유치과,감성커피명지국제신도시점외 1,부산형일자리 협력업체 현안회의 관련 간담회 개최,117600,fcab1fbc4f9ca87d5400151eacff118639c61d6cad375f77ff00e217112ca21b,sheet1:R5,,,
fcab1fbc4f9ca87d-sheet1-R6,2026-01-15,busan-city,디지털경제실 > 투자유치과,부자회관 부산시청점외 1,2026년「부산 착한결제(선결제)」추진(외자유치팀),200000,fcab1fbc4f9ca87d5400151eacff118639c61d6cad375f77ff00e217112ca21b,sheet1:R6,,,
fcab1fbc4f9ca87d-sheet1-R7,2026-01-20,busan-city,디지털경제실 > 투자유치과,히얼이즈커피 부산시청점,2026년「부산 착한결제(선결제)」추진 건의(경제자유구역지원팀),100000,fcab1fbc4f9ca87d5400151eacff118639c61d6cad375f77ff00e217112ca21b,sheet1:R7,,,
fcab1fbc4f9ca87d-sheet1-R8,2026-01-20,busan-city,디지털경제실 > 투자유치과,블루보틀커피코리아 유한회사외 1,수도권 기업 투자유치 간담회 개최,150000,fcab1fbc4f9ca87d5400151eacff118639c61d6cad375f77ff00e217112ca21b,sheet1:R8,,,
fcab1fbc4f9ca87d-sheet1-R9,2026-01-22,busan-city,디지털경제실 > 투자유치과,샤브쌈주머니 ak어진점,경제자유구역 확대지정 관련 간담회 개최,71400,fcab1fbc4f9ca87d5400151eacff118639c61d6cad375f77ff00e217112ca21b,sheet1:R9,,,
fcab1fbc4f9ca87d-sheet1-R10,2026-01-28,busan-city,디지털경제실 > 투자유치과,소믈리에,2026년「부산 착한결제(선결제)」추진(투자유치팀),300000,fcab1fbc4f9ca87d5400151eacff118639c61d6cad375f77ff00e217112ca21b,sheet1:R10,,,
fcab1fbc4f9ca87d-sheet1-R11,2026-01-29,busan-city,디지털경제실 > 투자유치과,소믈리에,기업유치 업무추진을 위한 간담회 개최,210000,fcab1fbc4f9ca87d5400151eacff118639c61d6cad375f77ff00e217112ca21b,sheet1:R11,,,
fcab1fbc4f9ca87d-sheet1-R12,2026-01-30,busan-city,디지털경제실 > 투자유치과,우나기 만외 1,기업 투자유치 간담회 개최,270000,fcab1fbc4f9ca87d5400151eacff118639c61d6cad375f77ff00e217112ca21b,sheet1:R12,,,
fcab1fbc4f9ca87d-sheet1-R13,2026-01-29,busan-city,디지털경제실 > 투자유치과,소금,기업유치 업무 논의을 위한 간담회 개최,136000,fcab1fbc4f9ca87d5400151eacff118639c61d6cad375f77ff00e217112ca21b,sheet1:R13,,,
fcab1fbc4f9ca87d-sheet1-R14,2026-02-04,busan-city,디지털경제실 > 투자유치과,댄싱컵 부산시청점외 1,2026년「부산 착한결제(선결제)」추진(국내유치팀),400000,fcab1fbc4f9ca87d5400151eacff118639c61d6cad375f77ff00e217112ca21b,sheet1:R14,,,
fcab1fbc4f9ca87d-sheet1-R15,2026-02-09,busan-city,디지털경제실 > 투자유치과,한다솥 정관점,지방투자촉진보조금 현장점검 관련 간담회 개최,108000,fcab1fbc4f9ca87d5400151eacff118639c61d6cad375f77ff00e217112ca21b,sheet1:R15,,,
fcab1fbc4f9ca87d-sheet1-R16,2026-02-10,busan-city,디지털경제실 > 투자유치과,정관장,글로벌 바이오기업 대표단 방문에 따른 기념품 구입건의,988200,fcab1fbc4f9ca87d5400151eacff118639c61d6cad375f77ff00e217112ca21b,sheet1:R16,,,
fcab1fbc4f9ca87d-sheet1-R17,2026-02-11,busan-city,디지털경제실 > 투자유치과,도깨비집,경제자유구역 현안 간담회 개최,210000,fcab1fbc4f9ca87d5400151eacff118639c61d6cad375f77ff00e217112ca21b,sheet1:R17,,,
fcab1fbc4f9ca87d-sheet1-R18,2026-02-13,busan-city,디지털경제실 > 투자유치과,롯데쇼핑주식회사,투자유치 업무추진을 위한 다과 구입,128000,fcab1fbc4f9ca87d5400151eacff118639c61d6cad375f77ff00e217112ca21b,sheet1:R18,,,
fcab1fbc4f9ca87d-sheet1-R19,2026-02-11,busan-city,디지털경제실 > 투자유치과,소믈리에,기업유치 업무 논의을 위한 간담회 개최,347000,fcab1fbc4f9ca87d5400151eacff118639c61d6cad375f77ff00e217112ca21b,sheet1:R19,,,
fcab1fbc4f9ca87d-sheet1-R20,2026-03-06,busan-city,디지털경제실 > 투자유치과,일품향,경제자유구역 관련 업무협의 간담회 개최,110000,fcab1fbc4f9ca87d5400151eacff118639c61d6cad375f77ff00e217112ca21b,sheet1:R20,,,
fcab1fbc4f9ca87d-sheet1-R21,2026-03-11,busan-city,디지털경제실 > 투자유치과,김삼보,수도권 투자유치설명회 관련 업무협의 간담회 개최,150000,fcab1fbc4f9ca87d5400151eacff118639c61d6cad375f77ff00e217112ca21b,sheet1:R21,,,
fcab1fbc4f9ca87d-sheet1-R22,2026-03-12,busan-city,디지털경제실 > 투자유치과,(주)신세계프라퍼티 코엑스몰,인터배터리 참석 기업 투자유치 간담회 개최,94000,fcab1fbc4f9ca87d5400151eacff118639c61d6cad375f77ff00e217112ca21b,sheet1:R22,,,
fcab1fbc4f9ca87d-sheet1-R23,2026-03-12,busan-city,디지털경제실 > 투자유치과,(주)신세계프라퍼티 코엑스몰,외자유치 업무추진을 위한 간담회 개최,81300,fcab1fbc4f9ca87d5400151eacff118639c61d6cad375f77ff00e217112ca21b,sheet1:R23,,,
2d732def598c79cf-sheet1-R5,2026-01-19,busan-city,상수도사업본부 > 부산진사업소,메이리,25년도 2차분 통합도급 시설공사 업체 업무협의,264000,2d732def598c79cfd2ac9b96d3932721ed4f0333a44d482722e005e0a390c2bf,sheet1:R5,,,
2d732def598c79cf-sheet1-R6,2026-01-29,busan-city,상수도사업본부 > 부산진사업소,동래정,25년도 2차분 건설사업관리용역업체 업무협의,230000,2d732def598c79cfd2ac9b96d3932721ed4f0333a44d482722e005e0a390c2bf,sheet1:R6,,,
2d732def598c79cf-sheet1-R7,2026-01-30,busan-city,상수도사업본부 > 부산진사업소,아키노히,2026년 2월 인사발령에 따른 전출직원 격려,225000,2d732def598c79cfd2ac9b96d3932721ed4f0333a44d482722e005e0a390c2bf,sheet1:R7,,,
2d732def598c79cf-sheet1-R8,2026-02-09,busan-city,상수도사업본부 > 부산진사업소,쿠팡,설명절 환경미화직원 격려품 지급,28900,2d732def598c79cfd2ac9b96d3932721ed4f0333a44d482722e005e0a390c2bf,sheet1:R8,,,
2d732def598c79cf-sheet1-R9,2026-02-10,busan-city,상수도사업본부 > 부산진사업소,국제식품,동절기 한파예방활동강화 바로서비스 업체 간담회,250000,2d732def598c79cfd2ac9b96d3932721ed4f0333a44d482722e005e0a390c2bf,sheet1:R9,,,
2d732def598c79cf-sheet1-R10,2026-02-12,busan-city,상수도사업본부 > 부산진사업소,포항물회일번지,업무보고관련 현안업무추진 간담회,84000,2d732def598c79cfd2ac9b96d3932721ed4f0333a44d482722e005e0a390c2bf,sheet1:R10,,,
2d732def598c79cf-sheet1-R11,2026-03-12,busan-city,상수도사업본부 > 부산진사업소,부원삼계탕,2026년 바로서비스 도급업체와의 업무협의,230000,2d732def598c79cfd2ac9b96d3932721ed4f0333a44d482722e005e0a390c2bf,sheet1:R11,,,
2d732def598c79cf-sheet1-R12,2026-03-18,busan-city,상수도사업본부 > 부산진사업소,옥된장,WATER KOREA2026 물산업분야 전시회 관계자 간담회,111000,2d732def598c79cfd2ac9b96d3932721ed4f0333a44d482722e005e0a390c2bf,sheet1:R12,,,
b191ac7b345791e6-sheet1-R5,2026-01-30,busan-city,상수도사업본부 > 시설관리사업소 > 관리팀,국민은행 등,퇴직직원 격려품 구입,85000,b191ac7b345791e69300c56fc069ba167128b4eb03c690a48be4b9c068c9bf33,sheet1:R5,,,
b191ac7b345791e6-sheet1-R6,2026-02-11,busan-city,상수도사업본부 > 시설관리사업소 > 관리팀,부산장애인생산품판매시설,2026년 따뜻한 설 명절 보내기 사회복지시설 격려,289600,b191ac7b345791e69300c56fc069ba167128b4eb03c690a48be4b9c068c9bf33,sheet1:R6,,,
016e88f54c5310e0-sheet1-R5,2026-02-11,busan-city,소방재난본부 > 119특수대응단,홍유단(해운대구),119시민수상구조대 운영 간담회,350000,016e88f54c5310e003e15d0c8b26756df799286400f2573de4f6aefa84845a46,sheet1:R5,,,
016e88f54c5310e0-sheet1-R6,2026-04-07,busan-city,소방재난본부 > 119특수대응단,맛소문오리불고기(해운대구),소방헬기 야간 산림화재 훈련관련 소방청 등 간담회,350000,016e88f54c5310e003e15d0c8b26756df799286400f2573de4f6aefa84845a46,sheet1:R6,,,
4a13e32d10e0334f-sheet1-R5,2026-01-09,busan-city,미래디자인본부 > 도시공공디자인과,히얼이즈커피 부산시청점,현안업무 추진 간담회용 다과류 구입,122900,4a13e32d10e0334ff6ca9ff471f9698b03184a4746d7ab2a41c229489b87c1d5,sheet1:R5,,,
4a13e32d10e0334f-sheet1-R6,2026-01-23,busan-city,미래디자인본부 > 도시공공디자인과,함양가,공공디자인 업무 추진 논의를 위한 간담회 개최,400000,4a13e32d10e0334ff6ca9ff471f9698b03184a4746d7ab2a41c229489b87c1d5,sheet1:R6,,,
4a13e32d10e0334f-sheet1-R7,2026-03-17,busan-city,미래디자인본부 > 도시공공디자인과,감나무집,현안 업무 추진 논의를 위한 간담회 개최,37000,4a13e32d10e0334ff6ca9ff471f9698b03184a4746d7ab2a41c229489b87c1d5,sheet1:R7,,,
4a13e32d10e0334f-sheet1-R8,2026-03-17,busan-city,미래디자인본부 > 도시공공디자인과,히얼이즈커피 부산시청점,디자인협의체 회의 다과 구입,23000,4a13e32d10e0334ff6ca9ff471f9698b03184a4746d7ab2a41c229489b87c1d5,sheet1:R8,,,
4a13e32d10e0334f-sheet1-R9,2026-02-09,busan-city,미래디자인본부 > 도시공공디자인과,할매재첩국집,공공디자인 현안업무 추진 간담회,42000,4a13e32d10e0334ff6ca9ff471f9698b03184a4746d7ab2a41c229489b87c1d5,sheet1:R9,,,
4a13e32d10e0334f-sheet1-R10,2026-02-13,busan-city,미래디자인본부 > 도시공공디자인과,양지,공공디자인 현안업무 추진 간담회,48000,4a13e32d10e0334ff6ca9ff471f9698b03184a4746d7ab2a41c229489b87c1d5,sheet1:R10,,,
4a13e32d10e0334f-sheet1-R11,2026-03-19,busan-city,미래디자인본부 > 도시공공디자인과,구평남해수산직영회센타,공공디자인 현안업무 추진 간담회,64000,4a13e32d10e0334ff6ca9ff471f9698b03184a4746d7ab2a41c229489b87c1d5,sheet1:R11,,,
4a13e32d10e0334f-sheet1-R12,2026-03-26,busan-city,미래디자인본부 > 도시공공디자인과,진이랑현이보리밥,공공디자인 현안업무 추진 간담회,44000,4a13e32d10e0334ff6ca9ff471f9698b03184a4746d7ab2a41c229489b87c1d5,sheet1:R12,,,
a1faa229f11f86e5-sheet1-R4,2026-01-12,busan-city,건설본부 > 총무부 > 총무팀,-,건설본부 직원 경조사비 지급,50000,a1faa229f11f86e5b777a466502f7fb7aea3bbb287566f61ec5deb9d53eb1b6b,sheet1:R4,,,
a1faa229f11f86e5-sheet1-R5,2026-01-12,busan-city,건설본부 > 총무부 > 총무팀,-,건설본부 직원 경조사비 지급,50000,a1faa229f11f86e5b777a466502f7fb7aea3bbb287566f61ec5deb9d53eb1b6b,sheet1:R5,,,
a1faa229f11f86e5-sheet1-R6,2026-01-13,busan-city,건설본부 > 총무부 > 총무팀,부용당,2026년 부산형 선결제 추진,450000,a1faa229f11f86e5b777a466502f7fb7aea3bbb287566f61ec5deb9d53eb1b6b,sheet1:R6,,,
a1faa229f11f86e5-sheet1-R7,2026-01-13,busan-city,건설본부 > 총무부 > 총무팀,손큰집,2026년 부산형 선결제 추진,450000,a1faa229f11f86e5b777a466502f7fb7aea3bbb287566f61ec5deb9d53eb1b6b,sheet1:R7,,,
a1faa229f11f86e5-sheet1-R8,2026-01-13,busan-city,건설본부 > 총무부 > 총무팀,메이리연,2026년 부산형 선결제 추진,450000,a1faa229f11f86e5b777a466502f7fb7aea3bbb287566f61ec5deb9d53eb1b6b,sheet1:R8,,,
a1faa229f11f86e5-sheet1-R9,2026-01-13,busan-city,건설본부 > 총무부 > 총무팀,만성횟집,2026년 부산형 선결제 추진,450000,a1faa229f11f86e5b777a466502f7fb7aea3bbb287566f61ec5deb9d53eb1b6b,sheet1:R9,,,
a1faa229f11f86e5-sheet1-R10,2026-01-13,busan-city,건설본부 > 총무부 > 총무팀,돈풍각,2026년 부산형 선결제 추진,450000,a1faa229f11f86e5b777a466502f7fb7aea3bbb287566f61ec5deb9d53eb1b6b,sheet1:R10,,,
a1faa229f11f86e5-sheet1-R11,2026-01-13,busan-city,건설본부 > 총무부 > 총무팀,석정,2026년 부산형 선결제 추진,450000,a1faa229f11f86e5b777a466502f7fb7aea3bbb287566f61ec5deb9d53eb1b6b,sheet1:R11,,,
a1faa229f11f86e5-sheet1-R12,2026-01-13,busan-city,건설본부 > 총무부 > 총무팀,낚시고기횟집,2026년 부산형 선결제 추진,450000,a1faa229f11f86e5b777a466502f7fb7aea3bbb287566f61ec5deb9d53eb1b6b,sheet1:R12,,,
a1faa229f11f86e5-sheet1-R13,2026-01-13,busan-city,건설본부 > 총무부 > 총무팀,메이리 연,원활한 도로건설사업 추진을 위한 간담회 개최,289000,a1faa229f11f86e5b777a466502f7fb7aea3bbb287566f61ec5deb9d53eb1b6b,sheet1:R13,,,
a1faa229f11f86e5-sheet1-R14,2026-01-14,busan-city,건설본부 > 총무부 > 총무팀,컴온셰프,찾아가는 보상팀 운영에 따른 간담회 개최,200000,a1faa229f11f86e5b777a466502f7fb7aea3bbb287566f61ec5deb9d53eb1b6b,sheet1:R14,,,
a1faa229f11f86e5-sheet1-R15,2026-01-14,busan-city,건설본부 > 총무부 > 총무팀,송도 해솥,중대산업재해 예방 민간전문가 합동점검에 따른 업무협의,87000,a1faa229f11f86e5b777a466502f7fb7aea3bbb287566f61ec5deb9d53eb1b6b,sheet1:R15,,,
a1faa229f11f86e5-sheet1-R16,2026-01-14,busan-city,건설본부 > 총무부 > 총무팀,딘,찾아가는 보상팀 운영에 따른 간담회 개최,80000,a1faa229f11f86e5b777a466502f7fb7aea3bbb287566f61ec5deb9d53eb1b6b,sheet1:R16,,,
a1faa229f11f86e5-sheet1-R17,2026-01-22,busan-city,건설본부 > 총무부 > 총무팀,NICE_결제대행,2026년 따뜻한 설 명절 보내기 복지시설 격려품 구입,197780,a1faa229f11f86e5b777a466502f7fb7aea3bbb287566f61ec5deb9d53eb1b6b,sheet1:R17,,,
a1faa229f11f86e5-sheet1-R18,2026-01-27,busan-city,건설본부 > 총무부 > 총무팀,돌풍가든,중대산업재해 예방 민간전문가 합동점검에 따른 업무협의,58000,a1faa229f11f86e5b777a466502f7fb7aea3bbb287566f61ec5deb9d53eb1b6b,sheet1:R18,,,
a1faa229f11f86e5-sheet1-R19,2026-01-30,busan-city,건설본부 > 총무부 > 총무팀,메이리 연,교량건설사업 현안 논의를 위한 간담회 개최,420000,a1faa229f11f86e5b777a466502f7fb7aea3bbb287566f61ec5deb9d53eb1b6b,sheet1:R19,,,
a1faa229f11f86e5-sheet1-R20,2026-02-02,busan-city,건설본부 > 총무부 > 총무팀,복이있는202갈삼,가덕대교~송정IC 건설공사 기공식 지원 근무자 격려 간담회 개최,148000,a1faa229f11f86e5b777a466502f7fb7aea3bbb287566f61ec5deb9d53eb1b6b,sheet1:R20,,,
a1faa229f11f86e5-sheet1-R21,2026-02-09,busan-city,건설본부 > 총무부 > 총무팀,가장맛있는족발(부산시청점),현안업무 추진 간담회 개최,264000,a1faa229f11f86e5b777a466502f7fb7aea3bbb287566f61ec5deb9d53eb1b6b,sheet1:R21,,,
a1faa229f11f86e5-sheet1-R22,2026-02-11,busan-city,건설본부 > 총무부 > 총무팀,고향마을,소통 및 안전관리 현장점검에 따른 간담회 개최,148000,a1faa229f11f86e5b777a466502f7fb7aea3bbb287566f61ec5deb9d53eb1b6b,sheet1:R22,,,
a1faa229f11f86e5-sheet1-R23,2026-02-19,busan-city,건설본부 > 총무부 > 총무팀,부자회관 부산시청점,원활한 건축사업 추진을 위한 간담회 개최,480000,a1faa229f11f86e5b777a466502f7fb7aea3bbb287566f61ec5deb9d53eb1b6b,sheet1:R23,,,
a1faa229f11f86e5-sheet1-R24,2026-02-23,busan-city,건설본부 > 총무부 > 총무팀,혼참치,장낙대교 기공식 개최에 따른 직원 격려 간담회 개최,255000,a1faa229f11f86e5b777a466502f7fb7aea3bbb287566f61ec5deb9d53eb1b6b,sheet1:R24,,,
a1faa229f11f86e5-sheet1-R25,2026-02-25,busan-city,건설본부 > 총무부 > 총무팀,학장종가 돼지국밥,현안 업무 추진을 위한 간담회 개최,86500,a1faa229f11f86e5b777a466502f7fb7aea3bbb287566f61ec5deb9d53eb1b6b,sheet1:R25,,,
a1faa229f11f86e5-sheet1-R26,2026-02-25,busan-city,건설본부 > 총무부 > 총무팀,이디야커피 큰솔2병원,현안 업무 추진을 위한 간담회 개최,23200,a1faa229f11f86e5b777a466502f7fb7aea3bbb287566f61ec5deb9d53eb1b6b,sheet1:R26,,,
a1faa229f11f86e5-sheet1-R27,2026-02-26,busan-city,건설본부 > 총무부 > 총무팀,구우밋(goumeet),시정 주요 행사 추진에 따른 직원 격려 간식 구입,1190000,a1faa229f11f86e5b777a466502f7fb7aea3bbb287566f61ec5deb9d53eb1b6b,sheet1:R27,,,
a1faa229f11f86e5-sheet1-R28,2026-03-04,busan-city,건설본부 > 총무부 > 총무팀,버드나무집,해빙기 대비 민간전문가 합동점검에 따른 업무협의,74000,a1faa229f11f86e5b777a466502f7fb7aea3bbb287566f61ec5deb9d53eb1b6b,sheet1:R28,,,
a1faa229f11f86e5-sheet1-R29,2026-03-06,busan-city,건설본부 > 총무부 > 총무팀,식당3선 금정점,해빙기 대비 민간전문가 합동점검에 따른 업무협의,95000,a1faa229f11f86e5b777a466502f7fb7aea3bbb287566f61ec5deb9d53eb1b6b,sheet1:R29,,,
a1faa229f11f86e5-sheet1-R30,2026-03-10,busan-city,건설본부 > 총무부 > 총무팀,진국명가 온천천점,해빙기 대비 민간전문가 합동점검에 따른 업무협의,100000,a1faa229f11f86e5b777a466502f7fb7aea3bbb287566f61ec5deb9d53eb1b6b,sheet1:R30,,,
a1faa229f11f86e5-sheet1-R31,2026-03-13,busan-city,건설본부 > 총무부 > 총무팀,부자회관 부산시청점,원활한 교량건설사업 추진을 위한 간담회 개최,480000,a1faa229f11f86e5b777a466502f7fb7aea3bbb287566f61ec5deb9d53eb1b6b,sheet1:R31,,,
a1faa229f11f86e5-sheet1-R32,2026-03-17,busan-city,건설본부 > 총무부 > 총무팀,-,건설본부 직원 경조사비 지급,50000,a1faa229f11f86e5b777a466502f7fb7aea3bbb287566f61ec5deb9d53eb1b6b,sheet1:R32,,,
a1faa229f11f86e5-sheet1-R33,2026-03-18,busan-city,건설본부 > 총무부 > 총무팀,다미복국,소통 및 안전관리 현장점검에 따른 간담회 개최,335000,a1faa229f11f86e5b777a466502f7fb7aea3bbb287566f61ec5deb9d53eb1b6b,sheet1:R33,,,
a1faa229f11f86e5-sheet1-R34,2026-03-25,busan-city,건설본부 > 총무부 > 총무팀,(주)국제식품/초원농원삼락점,소통 및 안전관리 현장점검에 따른 간담회 개최,337000,a1faa229f11f86e5b777a466502f7fb7aea3bbb287566f61ec5deb9d53eb1b6b,sheet1:R34,,,
a1faa229f11f86e5-sheet1-R35,2026-03-31,busan-city,건설본부 > 총무부 > 총무팀,식당3선 금정점,여름철 자연재난 사전대비 현장점검 간담회 개최,117000,a1faa229f11f86e5b777a466502f7fb7aea3bbb287566f61ec5deb9d53eb1b6b,sheet1:R35,,,
bb4b8a46d0eeb4d4-sheet1-R4,2026-01-14,busan-city,기획조정실 > 재정관 > 회계재산담당관,메이리,2026년 부산형 선결제 추진 건의,360000,bb4b8a46d0eeb4d4f0358e57d32203a29041963a1a4086939ce772c7dc2c1980,sheet1:R4,,,
bb4b8a46d0eeb4d4-sheet1-R5,2026-01-14,busan-city,기획조정실 > 재정관 > 회계재산담당관,제일옥곰탕,2026년 부산형 선결제 추진 건의,280000,bb4b8a46d0eeb4d4f0358e57d32203a29041963a1a4086939ce772c7dc2c1980,sheet1:R5,,,
bb4b8a46d0eeb4d4-sheet1-R6,2026-01-14,busan-city,기획조정실 > 재정관 > 회계재산담당관,마조레,2026년 부산형 선결제 추진 건의,240000,bb4b8a46d0eeb4d4f0358e57d32203a29041963a1a4086939ce772c7dc2c1980,sheet1:R6,,,
bb4b8a46d0eeb4d4-sheet1-R7,2026-01-14,busan-city,기획조정실 > 재정관 > 회계재산담당관,함양가,2026년 부산형 선결제 추진 건의,280000,bb4b8a46d0eeb4d4f0358e57d32203a29041963a1a4086939ce772c7dc2c1980,sheet1:R7,,,
bb4b8a46d0eeb4d4-sheet1-R8,2026-01-14,busan-city,기획조정실 > 재정관 > 회계재산담당관,공무원매점외 2,2026년 부산형 선결제 추진 건의,996000,bb4b8a46d0eeb4d4f0358e57d32203a29041963a1a4086939ce772c7dc2c1980,sheet1:R8,,,
bb4b8a46d0eeb4d4-sheet1-R9,2026-02-12,busan-city,기획조정실 > 재정관 > 회계재산담당관,푸주인,공유재산 업무추진 간담회 개최,295500,bb4b8a46d0eeb4d4f0358e57d32203a29041963a1a4086939ce772c7dc2c1980,sheet1:R9,,,
bb4b8a46d0eeb4d4-sheet1-R10,2026-02-26,busan-city,기획조정실 > 재정관 > 회계재산담당관,마조레,복식부기 관련 업무 논의를 위한 간담회 개최,420000,bb4b8a46d0eeb4d4f0358e57d32203a29041963a1a4086939ce772c7dc2c1980,sheet1:R10,,,
bb4b8a46d0eeb4d4-sheet1-R11,2026-03-11,busan-city,기획조정실 > 재정관 > 회계재산담당관,히얼이즈커피 부산시청점,공유재산 통합관리시스템 구축 관련 업무추진 간담회 개최,60000,bb4b8a46d0eeb4d4f0358e57d32203a29041963a1a4086939ce772c7dc2c1980,sheet1:R11,,,
0d6a0cd447bb275d-sheet1-R5,2026-01-21,busan-city,시민안전실 > 사회재난과,공무원매점,겨울철 사회재난 대응 직원 격려 다과류 구입,500000,0d6a0cd447bb275d0ea2a53a8f79c538f19b82990227ee9cac667476ee2099ff,sheet1:R5,,,
0d6a0cd447bb275d-sheet1-R6,2026-01-16,busan-city,시민안전실 > 사회재난과,마파람 해물찜 해물탕,상반기 업무보고 준비 및 사회재난대응 직원 격려 간담회,234000,0d6a0cd447bb275d0ea2a53a8f79c538f19b82990227ee9cac667476ee2099ff,sheet1:R6,,,
0d6a0cd447bb275d-sheet1-R7,2026-01-28,busan-city,시민안전실 > 사회재난과,올리바,상반기 정기인사 사회재난대응 직원 격려 간담회,300000,0d6a0cd447bb275d0ea2a53a8f79c538f19b82990227ee9cac667476ee2099ff,sheet1:R7,,,
0d6a0cd447bb275d-sheet1-R8,2026-02-03,busan-city,시민안전실 > 사회재난과,웰빙선생오리,상반기 전입 직원 및 명절 맞이 직원 격려 간담회,280000,0d6a0cd447bb275d0ea2a53a8f79c538f19b82990227ee9cac667476ee2099ff,sheet1:R8,,,
0d6a0cd447bb275d-sheet1-R9,2026-02-14,busan-city,시민안전실 > 사회재난과,하우스오브브레드,지역축제 안전관리 업무추진 간담회,150000,0d6a0cd447bb275d0ea2a53a8f79c538f19b82990227ee9cac667476ee2099ff,sheet1:R9,,,
0d6a0cd447bb275d-sheet1-R10,2026-03-13,busan-city,시민안전실 > 사회재난과,텐퍼센트커피(외1),도로지반침하 현안업무 추진 현장 간담회,63600,0d6a0cd447bb275d0ea2a53a8f79c538f19b82990227ee9cac667476ee2099ff,sheet1:R10,,,
dd203849d59745e5-sheet1-R5,2026-01-22,busan-city,농업기술센터 > 지도정책팀,홈플러스(주)서부산점,제22회 부산도시농업박람회 1차 추진협의회 다과 구입,160000,dd203849d59745e5acf645b08329895315b768866e54a46a6882ec74b6ad94a8,sheet1:R5,,,
dd203849d59745e5-sheet1-R6,2026-01-26,busan-city,농업기술센터 > 지도정책팀,"북창동순두부 전북혁신점, 베러디카페",제22회 부산도시농업박람회 개최 농촌진흥청 방문 간담회 중식,241800,dd203849d59745e5acf645b08329895315b768866e54a46a6882ec74b6ad94a8,sheet1:R6,,,
dd203849d59745e5-sheet1-R11,2026-02-12,busan-city,농업기술센터 > 지도정책팀,신작로연탄구이,2027년 기술보급 블렌딩 협력모델 공모사업 업무협의 참가자 중식,250000,dd203849d59745e5acf645b08329895315b768866e54a46a6882ec74b6ad94a8,sheet1:R11,,,
dd203849d59745e5-sheet1-R13,2026-03-13,busan-city,농업기술센터 > 지도정책팀,신작로연탄구이,제22회 부산도시농업박람회추진위원회 2차 추진협의회 참가자 중식,700000,dd203849d59745e5acf645b08329895315b768866e54a46a6882ec74b6ad94a8,sheet1:R13,,,
dd203849d59745e5-sheet1-R14,2026-03-13,busan-city,농업기술센터 > 지도정책팀,"금호횟집, 제주의봄날",2027년 국비 확보 등 농촌진흥청 관련부서 방문 업무협의 석식,360000,dd203849d59745e5acf645b08329895315b768866e54a46a6882ec74b6ad94a8,sheet1:R14,,,
ff2b6fd125e9f2aa-sheet1-R5,2026-01-13,busan-city,상수도사업본부 > 영도사업소,코코호도 광복점,직원 격려 간식 구입,46000,ff2b6fd125e9f2aa85d111a495d64837a32fd91dc2f35e1ca528bb165fa86ef5,sheet1:R5,,,
ff2b6fd125e9f2aa-sheet1-R6,2026-01-21,busan-city,상수도사업본부 > 영도사업소,"해남식당, 이디야 커피 부산 충무동점",사업소 간 현안업무 노하우 공유 간담회,101800,ff2b6fd125e9f2aa85d111a495d64837a32fd91dc2f35e1ca528bb165fa86ef5,sheet1:R6,,,
ff2b6fd125e9f2aa-sheet1-R7,2026-01-27,busan-city,상수도사업본부 > 영도사업소,작은시장횟집,예산 신속집행 직원 노고 격려 간담회,104000,ff2b6fd125e9f2aa85d111a495d64837a32fd91dc2f35e1ca528bb165fa86ef5,sheet1:R7,,,
ff2b6fd125e9f2aa-sheet1-R8,2026-01-30,busan-city,상수도사업본부 > 영도사업소,본참치,2026년 상반기 정기인사에 따른 전출 직원 환송 간담회,140000,ff2b6fd125e9f2aa85d111a495d64837a32fd91dc2f35e1ca528bb165fa86ef5,sheet1:R8,,,
ff2b6fd125e9f2aa-sheet1-R9,2026-02-05,busan-city,상수도사업본부 > 영도사업소,KB국민은행,2026년 설 명절 직원 격려품 구입,840000,ff2b6fd125e9f2aa85d111a495d64837a32fd91dc2f35e1ca528bb165fa86ef5,sheet1:R9,,,
ff2b6fd125e9f2aa-sheet1-R10,2026-02-06,busan-city,상수도사업본부 > 영도사업소,이재모피자,직원 격려 간식 구입,186600,ff2b6fd125e9f2aa85d111a495d64837a32fd91dc2f35e1ca528bb165fa86ef5,sheet1:R10,,,
ff2b6fd125e9f2aa-sheet1-R11,2026-02-11,busan-city,상수도사업본부 > 영도사업소,"영선불고기, 투썸플레이스 영도부산대교점",2026년 상반기 정기인사에 따른 전입 직원 환영 간담회,217700,ff2b6fd125e9f2aa85d111a495d64837a32fd91dc2f35e1ca528bb165fa86ef5,sheet1:R11,,,
ff2b6fd125e9f2aa-sheet1-R12,2026-02-12,busan-city,상수도사업본부 > 영도사업소,㈜롯데마트 광복점,설 명절 당직근무자 간식 구입,136110,ff2b6fd125e9f2aa85d111a495d64837a32fd91dc2f35e1ca528bb165fa86ef5,sheet1:R12,,,
ff2b6fd125e9f2aa-sheet1-R13,2026-03-10,busan-city,상수도사업본부 > 영도사업소,"영선불고기, 투썸플레이스 영도부산대교점",2026. 3. 9.자 인사발령에 따른 신규직원 환영 간담회,168400,ff2b6fd125e9f2aa85d111a495d64837a32fd91dc2f35e1ca528bb165fa86ef5,sheet1:R13,,,
ff2b6fd125e9f2aa-sheet1-R14,2026-03-18,busan-city,상수도사업본부 > 영도사업소,"주식회사 엘티알센텀점, 스타벅스 센텀파크점",현안업무 노하우 공유 간담회,119600,ff2b6fd125e9f2aa85d111a495d64837a32fd91dc2f35e1ca528bb165fa86ef5,sheet1:R14,,,
3f734ccff67fdae2-sheet1-R5,2026-01-20,busan-city,상수도사업본부 > 강서사업소,"선농설렁탕, 어라우즈",업무연찬회 개최(기관운영),300000,3f734ccff67fdae20cd0685c6baabc852da4e94cf0563bf0807782fd7db3469a,sheet1:R5,,,
3f734ccff67fdae2-sheet1-R6,2026-02-06,busan-city,상수도사업본부 > 강서사업소,국민은행 사상점,2026년 설명절 직원 격려품(상품권) 구입,580000,3f734ccff67fdae20cd0685c6baabc852da4e94cf0563bf0807782fd7db3469a,sheet1:R6,,,
3f734ccff67fdae2-sheet1-R7,2026-02-25,busan-city,상수도사업본부 > 강서사업소,한바다횟집,업무연찬 간담회 개최(사하사업소),124000,3f734ccff67fdae20cd0685c6baabc852da4e94cf0563bf0807782fd7db3469a,sheet1:R7,,,
d674a38e80d70404-sheet1-R4,2026-01-19,busan-city,도시계획국 > 도로안전과,"도리마리, 김밥일번지",2026년도 업무추진비 선결제 추진,720000,d674a38e80d7040496d4551d9e734f96ec0d8a40447b5331720236d9b391473b,sheet1:R4,,,
d674a38e80d70404-sheet1-R5,2026-01-19,busan-city,도시계획국 > 도로안전과,정직국수,2026년도 업무추진비 선결제 추진,100000,d674a38e80d7040496d4551d9e734f96ec0d8a40447b5331720236d9b391473b,sheet1:R5,,,
d674a38e80d70404-sheet1-R6,2026-01-19,busan-city,도시계획국 > 도로안전과,명인만두,2026년도 업무추진비 선결제 추진,180000,d674a38e80d7040496d4551d9e734f96ec0d8a40447b5331720236d9b391473b,sheet1:R6,,,
d674a38e80d70404-sheet1-R7,2026-02-10,busan-city,도시계획국 > 도로안전과,나성족발 2호점,직원 격려 간담회 개최,443000,d674a38e80d7040496d4551d9e734f96ec0d8a40447b5331720236d9b391473b,sheet1:R7,,,
d674a38e80d70404-sheet1-R8,2026-03-17,busan-city,도시계획국 > 도로안전과,돈풍각,26년 보행환경개선사업 관리상황 일제점검 관련 간담회,260000,d674a38e80d7040496d4551d9e734f96ec0d8a40447b5331720236d9b391473b,sheet1:R8,,,
d674a38e80d70404-sheet1-R9,2026-03-30,busan-city,도시계획국 > 도로안전과,쿠팡,부서 운영물품(다과 등) 구입,147620,d674a38e80d7040496d4551d9e734f96ec0d8a40447b5331720236d9b391473b,sheet1:R9,,,
58a3467d84bfb623-sheet1-R5,2026-01-12,busan-city,시도의회 > 의회사무처 > 의사담당관,정담마늘보쌈,의사 운영 관련 업무 연찬을 위한 간담회 개최(의사),159000,58a3467d84bfb62361e469d6b4505d4dea4b85fb908daccda399988aedf3e9f7,sheet1:R5,,,
58a3467d84bfb623-sheet1-R6,2026-01-14,busan-city,시도의회 > 의회사무처 > 의사담당관,"수제국수, 블루샥",인사이동에 따른 전출입 직원 간담회 개최(의사),354670,58a3467d84bfb62361e469d6b4505d4dea4b85fb908daccda399988aedf3e9f7,sheet1:R6,,,
58a3467d84bfb623-sheet1-R7,2026-01-16,busan-city,시도의회 > 의회사무처 > 의사담당관,다락병과,직원 사기 양양을 위한 간식 구입(의사),52000,58a3467d84bfb62361e469d6b4505d4dea4b85fb908daccda399988aedf3e9f7,sheet1:R7,,,
58a3467d84bfb623-sheet1-R8,2026-01-23,busan-city,시도의회 > 의회사무처 > 의사담당관,"마파람 해물찜, 노스커피",원활한 의사운영을 위한 간담회 개최(의사),220500,58a3467d84bfb62361e469d6b4505d4dea4b85fb908daccda399988aedf3e9f7,sheet1:R8,,,
58a3467d84bfb623-sheet1-R9,2026-02-02,busan-city,시도의회 > 의회사무처 > 의사담당관,다락병과,직원 사기 양양을 위한 간식 구입(의사),35000,58a3467d84bfb62361e469d6b4505d4dea4b85fb908daccda399988aedf3e9f7,sheet1:R9,,,
58a3467d84bfb623-sheet1-R10,2026-01-28,busan-city,시도의회 > 의회사무처 > 의사담당관,마파람 해물찜,원활한 의안기록 업무추진을 위한 간담회 개최(의사),145000,58a3467d84bfb62361e469d6b4505d4dea4b85fb908daccda399988aedf3e9f7,sheet1:R10,,,
58a3467d84bfb623-sheet1-R11,2026-02-06,busan-city,시도의회 > 의회사무처 > 의사담당관,"버섯마을, 노스커피",인사이동에 따른 전출입 직원 간담회 개최(의사),298000,58a3467d84bfb62361e469d6b4505d4dea4b85fb908daccda399988aedf3e9f7,sheet1:R11,,,
58a3467d84bfb623-sheet1-R12,2026-02-25,busan-city,시도의회 > 의회사무처 > 의사담당관,삼진어묵,직원 사기 양양을 위한 간식 구입(의사),123200,58a3467d84bfb62361e469d6b4505d4dea4b85fb908daccda399988aedf3e9f7,sheet1:R12,,,
58a3467d84bfb623-sheet1-R13,2026-02-27,busan-city,시도의회 > 의회사무처 > 의사담당관,읍천리382,직원 사기 양양을 위한 간식 구입(의사),99000,58a3467d84bfb62361e469d6b4505d4dea4b85fb908daccda399988aedf3e9f7,sheet1:R13,,,
58a3467d84bfb623-sheet1-R14,2026-03-05,busan-city,시도의회 > 의회사무처 > 의사담당관,윤태금 복국,제334회 임시회 본회의 운영 관련 간담회 개최(의사),264000,58a3467d84bfb62361e469d6b4505d4dea4b85fb908daccda399988aedf3e9f7,sheet1:R14,,,
58a3467d84bfb623-sheet1-R15,2026-03-12,busan-city,시도의회 > 의회사무처 > 의사담당관,샌딜리버블,직원 사기 양양을 위한 간식 구입(의사),115500,58a3467d84bfb62361e469d6b4505d4dea4b85fb908daccda399988aedf3e9f7,sheet1:R15,,,
58a3467d84bfb623-sheet1-R16,2026-03-18,busan-city,시도의회 > 의회사무처 > 의사담당관,"수제국수, 블루샥",제334회 임시회 운영 관련 간담회 개최(의사),138720,58a3467d84bfb62361e469d6b4505d4dea4b85fb908daccda399988aedf3e9f7,sheet1:R16,,,
58a3467d84bfb623-sheet1-R17,2026-03-24,busan-city,시도의회 > 의회사무처 > 의사담당관,다이닝갈비,원활한 의안기록 업무추진을 위한 간담회 개최(의사),153500,58a3467d84bfb62361e469d6b4505d4dea4b85fb908daccda399988aedf3e9f7,sheet1:R17,,,
58a3467d84bfb623-sheet1-R18,2026-03-24,busan-city,시도의회 > 의회사무처 > 의사담당관,읍천리382,직원 사기 양양을 위한 간식 구입(의사),98900,58a3467d84bfb62361e469d6b4505d4dea4b85fb908daccda399988aedf3e9f7,sheet1:R18,,,
d8754c9dbe3f56b6-sheet1-R4,2026-01-19,busan-city,시민안전실 > 중대재해예방과,후스,중대산업재해 예방 관련 업무추진 간담회,100000,d8754c9dbe3f56b67ef9f8bc206445468fbb716786b307698ee17984db7b9ec9,sheet1:R4,,,
d8754c9dbe3f56b6-sheet1-R5,2026-01-23,busan-city,시민안전실 > 중대재해예방과,카페인더문 부산대점 외 1,시 발주공사 현장 합동 안전 지도·점검,92500,d8754c9dbe3f56b67ef9f8bc206445468fbb716786b307698ee17984db7b9ec9,sheet1:R5,,,
d8754c9dbe3f56b6-sheet1-R6,2026-01-27,busan-city,시민안전실 > 중대재해예방과,곰보식당,시 발주공사 현장 합동 안전 지도·점검,60000,d8754c9dbe3f56b67ef9f8bc206445468fbb716786b307698ee17984db7b9ec9,sheet1:R6,,,
d8754c9dbe3f56b6-sheet1-R7,2026-03-04,busan-city,시민안전실 > 중대재해예방과,마린그린 외 1,중대산업재해 예방 관련 업무추진 간담회,101600,d8754c9dbe3f56b67ef9f8bc206445468fbb716786b307698ee17984db7b9ec9,sheet1:R7,,,
d6bbb659ba50541b-sheet1-R5,2026-01-14,busan-city,시민안전실 > 원자력안전과,우정갈비,후쿠시마 오염수 대응 관련 실무회의,300000,d6bbb659ba50541b9ef986f8af1055d23f648d70cc5ccd93901e5d358b275036,sheet1:R5,,,
d6bbb659ba50541b-sheet1-R6,2026-01-16,busan-city,시민안전실 > 원자력안전과,콘크카페,월성원전 사용후핵연료 건식저장시설 현장방문,77500,d6bbb659ba50541b9ef986f8af1055d23f648d70cc5ccd93901e5d358b275036,sheet1:R6,,,
d6bbb659ba50541b-sheet1-R7,2026-01-27,busan-city,시민안전실 > 원자력안전과,구자윤과자점,부서 직원 격려 간식 구입,150000,d6bbb659ba50541b9ef986f8af1055d23f648d70cc5ccd93901e5d358b275036,sheet1:R7,,,
d6bbb659ba50541b-sheet1-R8,2026-01-29,busan-city,시민안전실 > 원자력안전과,오플로우,신규사업 킥오프 미팅 다과 구입,97100,d6bbb659ba50541b9ef986f8af1055d23f648d70cc5ccd93901e5d358b275036,sheet1:R8,,,
d6bbb659ba50541b-sheet1-R9,2026-01-30,busan-city,시민안전실 > 원자력안전과,금성녹두삼계탕,직원 격려 간담회 개최,238800,d6bbb659ba50541b9ef986f8af1055d23f648d70cc5ccd93901e5d358b275036,sheet1:R9,,,
d6bbb659ba50541b-sheet1-R10,2026-02-05,busan-city,시민안전실 > 원자력안전과,셀럽스커피,원전 안전정책 관련 간담회,38700,d6bbb659ba50541b9ef986f8af1055d23f648d70cc5ccd93901e5d358b275036,sheet1:R10,,,
d6bbb659ba50541b-sheet1-R11,2026-02-06,busan-city,시민안전실 > 원자력안전과,옥된장 부산센텀시티,원자력산업 육성 관련 간담회 개최,155000,d6bbb659ba50541b9ef986f8af1055d23f648d70cc5ccd93901e5d358b275036,sheet1:R11,,,
d6bbb659ba50541b-sheet1-R12,2026-02-09,busan-city,시민안전실 > 원자력안전과,구자윤과자점,부서 직원 격려 간식 구입,150000,d6bbb659ba50541b9ef986f8af1055d23f648d70cc5ccd93901e5d358b275036,sheet1:R12,,,
d6bbb659ba50541b-sheet1-R13,2026-02-13,busan-city,시민안전실 > 원자력안전과,동자상회,원자력정책 관련 간담회 개최,60000,d6bbb659ba50541b9ef986f8af1055d23f648d70cc5ccd93901e5d358b275036,sheet1:R13,,,
d6bbb659ba50541b-sheet1-R14,2026-02-26,busan-city,시민안전실 > 원자력안전과,푸주인,방사능방재 합동훈련 준비 관련 기관 간담회 개최,160000,d6bbb659ba50541b9ef986f8af1055d23f648d70cc5ccd93901e5d358b275036,sheet1:R14,,,
d6bbb659ba50541b-sheet1-R15,2026-02-26,busan-city,시민안전실 > 원자력안전과,푸주인,지자체 방사능방재 업무 담당자 간담회 개최,160000,d6bbb659ba50541b9ef986f8af1055d23f648d70cc5ccd93901e5d358b275036,sheet1:R15,,,
d6bbb659ba50541b-sheet1-R16,2026-02-27,busan-city,시민안전실 > 원자력안전과,풍미,원자력정책 관련 간담회 개최,60000,d6bbb659ba50541b9ef986f8af1055d23f648d70cc5ccd93901e5d358b275036,sheet1:R16,,,
d6bbb659ba50541b-sheet1-R17,2026-03-13,busan-city,시민안전실 > 원자력안전과,"쇠마실, 개좌골추어탕",원전∙방재 주요 현안관련 현장 확인 간담회,143000,d6bbb659ba50541b9ef986f8af1055d23f648d70cc5ccd93901e5d358b275036,sheet1:R17,,,
d6bbb659ba50541b-sheet1-R18,2026-03-16,busan-city,시민안전실 > 원자력안전과,"버섯마을, 가온비",직원 격려 간담회 개최,281500,d6bbb659ba50541b9ef986f8af1055d23f648d70cc5ccd93901e5d358b275036,sheet1:R18,,,
d6bbb659ba50541b-sheet1-R19,2026-03-31,busan-city,시민안전실 > 원자력안전과,천지명,SMR 특별법 관련 원자력 산업 활성화를 위한 간담회 개최,234000,d6bbb659ba50541b9ef986f8af1055d23f648d70cc5ccd93901e5d358b275036,sheet1:R19,,,
53a4185881f80621-sheet1-R4,2026-01-08,busan-city,신공항도시과,진해물산(주)용장어요리전문점,가덕도 공항복합도시 조성을 위한 업무 협의,136000,53a4185881f806215c386ff2fce970fd26ac56fc9901150b88bffc6144ae7d7a,sheet1:R4,,,
53a4185881f80621-sheet1-R5,2026-02-23,busan-city,신공항도시과,양마니,가덕도신공항 접근교통망 구축 추진 관련 업무협의,57000,53a4185881f806215c386ff2fce970fd26ac56fc9901150b88bffc6144ae7d7a,sheet1:R5,,,
53a4185881f80621-sheet1-R6,2026-03-06,busan-city,신공항도시과,주식회사 갓솥비바에이,가덕도 신공항철도 연결선 건설사업 관련 업무협의,73000,53a4185881f806215c386ff2fce970fd26ac56fc9901150b88bffc6144ae7d7a,sheet1:R6,,,
53a4185881f80621-sheet1-R7,2026-03-13,busan-city,신공항도시과,주식회사 코페이_C,김해공항 소음대책주민협의회와의 업무 협의,337000,53a4185881f806215c386ff2fce970fd26ac56fc9901150b88bffc6144ae7d7a,sheet1:R7,,,
53a4185881f80621-sheet1-R8,2026-03-17,busan-city,신공항도시과,어심횟집,가덕도 공항복합도시 추진 관련 업무협의,200000,53a4185881f806215c386ff2fce970fd26ac56fc9901150b88bffc6144ae7d7a,sheet1:R8,,,
53a4185881f80621-sheet1-R9,2026-03-25,busan-city,신공항도시과,옛날한우곰탕외 1,가덕도 공항복합도시 조성을 위한 업무 협의,169000,53a4185881f806215c386ff2fce970fd26ac56fc9901150b88bffc6144ae7d7a,sheet1:R9,,,
6b7e758063e6c5e5-sheet1-R5,2026-01-15,busan-city,상수도사업본부 > 해운대사업소,청담동대구뽈찜,부산형 선결제(상반기 직원 인사이동에 따른 격려 소통 간담회),810000,6b7e758063e6c5e530f68979894e64d8bbfdeeea77540933f2857fe660c56b04,sheet1:R5,,,
6b7e758063e6c5e5-sheet1-R6,2026-01-28,busan-city,상수도사업본부 > 해운대사업소,쿠팡,민원인 응대용 음료 구입,19200,6b7e758063e6c5e530f68979894e64d8bbfdeeea77540933f2857fe660c56b04,sheet1:R6,,,
6b7e758063e6c5e5-sheet1-R7,2026-02-03,busan-city,상수도사업본부 > 해운대사업소,국민은행 상수도사업본부점,설명절 직원 격려 온누리상품권 구입,500000,6b7e758063e6c5e530f68979894e64d8bbfdeeea77540933f2857fe660c56b04,sheet1:R7,,,
6b7e758063e6c5e5-sheet1-R8,2026-02-03,busan-city,상수도사업본부 > 해운대사업소,삼제식당,전출직원 격려 오찬 간담회,163000,6b7e758063e6c5e530f68979894e64d8bbfdeeea77540933f2857fe660c56b04,sheet1:R8,,,
6b7e758063e6c5e5-sheet1-R9,2026-02-04,busan-city,상수도사업본부 > 해운대사업소,수림원,업무연찬 간담회,240000,6b7e758063e6c5e530f68979894e64d8bbfdeeea77540933f2857fe660c56b04,sheet1:R9,,,
6b7e758063e6c5e5-sheet1-R10,2026-02-09,busan-city,상수도사업본부 > 해운대사업소,정가대박집,현안업무 추진을 위한 업무 간담회,112800,6b7e758063e6c5e530f68979894e64d8bbfdeeea77540933f2857fe660c56b04,sheet1:R10,,,
6b7e758063e6c5e5-sheet1-R11,2026-02-12,busan-city,상수도사업본부 > 해운대사업소,홈플러스,설연휴 당직근무자 간식 구입,99150,6b7e758063e6c5e530f68979894e64d8bbfdeeea77540933f2857fe660c56b04,sheet1:R11,,,
6b7e758063e6c5e5-sheet1-R12,2026-03-13,busan-city,상수도사업본부 > 해운대사업소,고메스퀘어,물의 날 자체행사 순수 365 홍보 직원 노고 격려,90000,6b7e758063e6c5e530f68979894e64d8bbfdeeea77540933f2857fe660c56b04,sheet1:R12,,,
18eb3b841d454348-sheet1-R5,2026-01-14,busan-city,기획조정실 > 기획관 > 법무담당관,"마조레, 일촌닭갈비",부산형 선결제 추진,840000,18eb3b841d454348f4bb73237d63120856e7cb8f34827b6370a199f8bf1160fb,sheet1:R5,,,
a17682da5cf2dc2f-sheet1-R4,2026-01-09,busan-city,시민안전실 > 안전정책과,영진돼지국밥,시민안전실 직원 격려 간담회 개최,149000,a17682da5cf2dc2f2bf9c1459b561e28b4aaca579e5900c97d148c166fb9d7df,sheet1:R4,,,
a17682da5cf2dc2f-sheet1-R5,2026-01-13,busan-city,시민안전실 > 안전정책과,장군성숯불갈비,시민안전실 직원 격려 간담회 개최,176000,a17682da5cf2dc2f2bf9c1459b561e28b4aaca579e5900c97d148c166fb9d7df,sheet1:R5,,,
a17682da5cf2dc2f-sheet1-R6,2026-01-14,busan-city,시민안전실 > 안전정책과,해마지,시민안전실 직원 격려 간담회 개최,213000,a17682da5cf2dc2f2bf9c1459b561e28b4aaca579e5900c97d148c166fb9d7df,sheet1:R6,,,
a17682da5cf2dc2f-sheet1-R7,2026-01-29,busan-city,시민안전실 > 안전정책과,풍미회초밥,시민안전실 직원 격려 간담회 개최,360000,a17682da5cf2dc2f2bf9c1459b561e28b4aaca579e5900c97d148c166fb9d7df,sheet1:R7,,,
a17682da5cf2dc2f-sheet1-R8,2026-02-10,busan-city,시민안전실 > 안전정책과,홍식당 외 4,2026 부산형 선결제,2800000,a17682da5cf2dc2f2bf9c1459b561e28b4aaca579e5900c97d148c166fb9d7df,sheet1:R8,,,
a17682da5cf2dc2f-sheet1-R9,2026-02-13,busan-city,시민안전실 > 안전정책과,주식회사 반상,시민안전실 직원 격려 간담회 개최,400000,a17682da5cf2dc2f2bf9c1459b561e28b4aaca579e5900c97d148c166fb9d7df,sheet1:R9,,,
a17682da5cf2dc2f-sheet1-R10,2026-03-09,busan-city,시민안전실 > 안전정책과,후스,시민안전실 직원 격려 간식 구입,198400,a17682da5cf2dc2f2bf9c1459b561e28b4aaca579e5900c97d148c166fb9d7df,sheet1:R10,,,
a17682da5cf2dc2f-sheet1-R11,2026-03-16,busan-city,시민안전실 > 안전정책과,연산정외1,시민안전실 직원 격려 간담회 개최,236500,a17682da5cf2dc2f2bf9c1459b561e28b4aaca579e5900c97d148c166fb9d7df,sheet1:R11,,,
a17682da5cf2dc2f-sheet1-R12,2026-03-19,busan-city,시민안전실 > 안전정책과,부산추어탕,시민안전실 직원 격려 간담회 개최,94000,a17682da5cf2dc2f2bf9c1459b561e28b4aaca579e5900c97d148c166fb9d7df,sheet1:R12,,,
a17682da5cf2dc2f-sheet1-R13,2026-03-31,busan-city,시민안전실 > 안전정책과,낚시고기횟집,시민안전실 직원 격려 간담회 개최,60000,a17682da5cf2dc2f2bf9c1459b561e28b4aaca579e5900c97d148c166fb9d7df,sheet1:R13,,,
a17682da5cf2dc2f-sheet1-R14,2026-01-06,busan-city,시민안전실 > 안전정책과,종가집꼬리곰탕,지역안전 현안업무 논의를 위한 간담회 개최,48000,a17682da5cf2dc2f2bf9c1459b561e28b4aaca579e5900c97d148c166fb9d7df,sheet1:R14,,,
a17682da5cf2dc2f-sheet1-R15,2026-01-09,busan-city,시민안전실 > 안전정책과,초원복국,재난안전 관계기관 업무협의를 위한 간담회 개최,72000,a17682da5cf2dc2f2bf9c1459b561e28b4aaca579e5900c97d148c166fb9d7df,sheet1:R15,,,
a17682da5cf2dc2f-sheet1-R16,2026-01-09,busan-city,시민안전실 > 안전정책과,정산다방 시청후문점 외 1,민방위업무 관계자와의 협의 간담회,268000,a17682da5cf2dc2f2bf9c1459b561e28b4aaca579e5900c97d148c166fb9d7df,sheet1:R16,,,
a17682da5cf2dc2f-sheet1-R17,2026-01-14,busan-city,시민안전실 > 안전정책과,선창3,현안업무 논의를 위한 간담회 개최,114000,a17682da5cf2dc2f2bf9c1459b561e28b4aaca579e5900c97d148c166fb9d7df,sheet1:R17,,,
a17682da5cf2dc2f-sheet1-R18,2026-01-16,busan-city,시민안전실 > 안전정책과,비스트로 타마르,안전관리계획 관련 업무협의를 위한 간담회 개최,176000,a17682da5cf2dc2f2bf9c1459b561e28b4aaca579e5900c97d148c166fb9d7df,sheet1:R18,,,
a17682da5cf2dc2f-sheet1-R19,2026-01-20,busan-city,시민안전실 > 안전정책과,지밀레니얼,부산마리나비즈센터 건립 안전관리 추진을 위한 간담회 개최,104000,a17682da5cf2dc2f2bf9c1459b561e28b4aaca579e5900c97d148c166fb9d7df,sheet1:R19,,,
a17682da5cf2dc2f-sheet1-R20,2026-01-30,busan-city,시민안전실 > 안전정책과,통돼지볶음전문점,지역안전지수 관련 관계자 간담회 개최,83000,a17682da5cf2dc2f2bf9c1459b561e28b4aaca579e5900c97d148c166fb9d7df,sheet1:R20,,,
a17682da5cf2dc2f-sheet1-R21,2026-02-02,busan-city,시민안전실 > 안전정책과,메이리,지역안전지수 관계자 간담회 개최,100000,a17682da5cf2dc2f2bf9c1459b561e28b4aaca579e5900c97d148c166fb9d7df,sheet1:R21,,,
a17682da5cf2dc2f-sheet1-R22,2026-02-03,busan-city,시민안전실 > 안전정책과,취원,안전관리분야 현안업무 추진을 위한 간담회 개최,320000,a17682da5cf2dc2f2bf9c1459b561e28b4aaca579e5900c97d148c166fb9d7df,sheet1:R22,,,
a17682da5cf2dc2f-sheet1-R23,2026-02-03,busan-city,시민안전실 > 안전정책과,만성횟집,중대산업재해 예방을 위한 간담회 개최,350000,a17682da5cf2dc2f2bf9c1459b561e28b4aaca579e5900c97d148c166fb9d7df,sheet1:R23,,,
a17682da5cf2dc2f-sheet1-R24,2026-02-03,busan-city,시민안전실 > 안전정책과,주식회사 정원오리,안전산업박람회 추진방향 논의를 위한 간담회 개최,282500,a17682da5cf2dc2f2bf9c1459b561e28b4aaca579e5900c97d148c166fb9d7df,sheet1:R24,,,
a17682da5cf2dc2f-sheet1-R25,2026-02-05,busan-city,시민안전실 > 안전정책과,수제국수,충무계획 관련 주한미군 관계자 간담회 개최,160000,a17682da5cf2dc2f2bf9c1459b561e28b4aaca579e5900c97d148c166fb9d7df,sheet1:R25,,,
a17682da5cf2dc2f-sheet1-R26,2026-02-10,busan-city,시민안전실 > 안전정책과,양산도,재난안전 관계기관 업무협의를 위한 간담회 개최,103000,a17682da5cf2dc2f2bf9c1459b561e28b4aaca579e5900c97d148c166fb9d7df,sheet1:R26,,,
a17682da5cf2dc2f-sheet1-R27,2026-02-10,busan-city,시민안전실 > 안전정책과,은화횟집2호점 외 4,2026 부산형 선결제,2800000,a17682da5cf2dc2f2bf9c1459b561e28b4aaca579e5900c97d148c166fb9d7df,sheet1:R27,,,
a17682da5cf2dc2f-sheet1-R28,2026-02-12,busan-city,시민안전실 > 안전정책과,우나기 만,설 연휴 대비 안전관리 업무 추진을 위한 간담회 개최,242000,a17682da5cf2dc2f2bf9c1459b561e28b4aaca579e5900c97d148c166fb9d7df,sheet1:R28,,,
a17682da5cf2dc2f-sheet1-R29,2026-02-24,busan-city,시민안전실 > 안전정책과,부자회관 부산시청점,민방위 비상대비업무 종합평가 설명회에 따른 간담회 개최,440000,a17682da5cf2dc2f2bf9c1459b561e28b4aaca579e5900c97d148c166fb9d7df,sheet1:R29,,,
a17682da5cf2dc2f-sheet1-R30,2026-03-06,busan-city,시민안전실 > 안전정책과,히얼이즈커피,AI기반 극한호우 대응 플랫폼 기술개발 업무협력 및 착수회의를 위한 다과 구입,120000,a17682da5cf2dc2f2bf9c1459b561e28b4aaca579e5900c97d148c166fb9d7df,sheet1:R30,,,
a17682da5cf2dc2f-sheet1-R31,2026-03-10,busan-city,시민안전실 > 안전정책과,봄내멸치쌈밥,안전도시 조성 협의 간담회 개최,121000,a17682da5cf2dc2f2bf9c1459b561e28b4aaca579e5900c97d148c166fb9d7df,sheet1:R31,,,
a17682da5cf2dc2f-sheet1-R32,2026-03-10,busan-city,시민안전실 > 안전정책과,숯,재난안전 관계기관 업무협의 간담회 개최,174000,a17682da5cf2dc2f2bf9c1459b561e28b4aaca579e5900c97d148c166fb9d7df,sheet1:R32,,,
a17682da5cf2dc2f-sheet1-R33,2026-03-10,busan-city,시민안전실 > 안전정책과,더키친우와,26년 안전산업박람회 등 업무협의를 위한 간담회 개최,168700,a17682da5cf2dc2f2bf9c1459b561e28b4aaca579e5900c97d148c166fb9d7df,sheet1:R33,,,
a17682da5cf2dc2f-sheet1-R34,2026-03-11,busan-city,시민안전실 > 안전정책과,코레일유통주식회사,26년 안전산업박람회 등 업무협의를 위한 기념품 구입,94500,a17682da5cf2dc2f2bf9c1459b561e28b4aaca579e5900c97d148c166fb9d7df,sheet1:R34,,,
a17682da5cf2dc2f-sheet1-R35,2026-03-17,busan-city,시민안전실 > 안전정책과,만성횟집,시민안전 정책 현안 논의 간담회 개최,480000,a17682da5cf2dc2f2bf9c1459b561e28b4aaca579e5900c97d148c166fb9d7df,sheet1:R35,,,
a17682da5cf2dc2f-sheet1-R36,2026-03-23,busan-city,시민안전실 > 안전정책과,함양가,지역안전지수 개선을 위한 업무협의 간담회 개최,100000,a17682da5cf2dc2f2bf9c1459b561e28b4aaca579e5900c97d148c166fb9d7df,sheet1:R36,,,
a17682da5cf2dc2f-sheet1-R37,2026-03-25,busan-city,시민안전실 > 안전정책과,정초밥,시민안전 정책 현안 논의 간담회 개최,430000,a17682da5cf2dc2f2bf9c1459b561e28b4aaca579e5900c97d148c166fb9d7df,sheet1:R37,,,
a17682da5cf2dc2f-sheet1-R38,2026-03-25,busan-city,시민안전실 > 안전정책과,일등가 정관점,통합방위협의회 관련 업무협의 간담회,100000,a17682da5cf2dc2f2bf9c1459b561e28b4aaca579e5900c97d148c166fb9d7df,sheet1:R38,,,
a17682da5cf2dc2f-sheet1-R39,2026-03-30,busan-city,시민안전실 > 안전정책과,메이리연,통합방위 실무위원회 개최에 따른 간담회,341000,a17682da5cf2dc2f2bf9c1459b561e28b4aaca579e5900c97d148c166fb9d7df,sheet1:R39,,,
4f4b6f69ef924197-sheet1-R5,2026-01-22,busan-city,디지털경제실 > 기업지원과,딥커피스트릿,기업 현장지원 관련 유관기관 간담회 개최,50000,4f4b6f69ef924197b98c2d0056f35b9c51a941ba92cabf5bc901badc5a2c2c2a,sheet1:R5,,,
4f4b6f69ef924197-sheet1-R6,2026-01-22,busan-city,디지털경제실 > 기업지원과,만객당,2026년 부서운영업무추진비 선결제,50000,4f4b6f69ef924197b98c2d0056f35b9c51a941ba92cabf5bc901badc5a2c2c2a,sheet1:R6,,,
4f4b6f69ef924197-sheet1-R7,2026-02-05,busan-city,디지털경제실 > 기업지원과,히얼이즈커피 부산점,기업규제혁신팀 시책업무추진비 부산형 선결제,80000,4f4b6f69ef924197b98c2d0056f35b9c51a941ba92cabf5bc901badc5a2c2c2a,sheet1:R7,,,
4f4b6f69ef924197-sheet1-R8,2026-02-05,busan-city,디지털경제실 > 기업지원과,온정,기업규제혁신팀 시책업무추진비 부산형 선결제,100000,4f4b6f69ef924197b98c2d0056f35b9c51a941ba92cabf5bc901badc5a2c2c2a,sheet1:R8,,,
4f4b6f69ef924197-sheet1-R9,2026-02-09,busan-city,디지털경제실 > 기업지원과,정초밥,원스톱기업지원단 시책업무추진비 부산형 선결제,140000,4f4b6f69ef924197b98c2d0056f35b9c51a941ba92cabf5bc901badc5a2c2c2a,sheet1:R9,,,
4f4b6f69ef924197-sheet1-R10,2026-02-09,busan-city,디지털경제실 > 기업지원과,주식회사 지앤지(G&G) 시청점,원스톱기업지원단 시책업무추진비 부산형 선결제,40000,4f4b6f69ef924197b98c2d0056f35b9c51a941ba92cabf5bc901badc5a2c2c2a,sheet1:R10,,,
4f4b6f69ef924197-sheet1-R11,2026-02-09,busan-city,디지털경제실 > 기업지원과,호박이네,2026년 부서운영업무추진비 선결제,154000,4f4b6f69ef924197b98c2d0056f35b9c51a941ba92cabf5bc901badc5a2c2c2a,sheet1:R11,,,
4f4b6f69ef924197-sheet1-R12,2026-02-10,busan-city,디지털경제실 > 기업지원과,후스,기업현장지원 강화를 위한 업무추진비 선결제,130000,4f4b6f69ef924197b98c2d0056f35b9c51a941ba92cabf5bc901badc5a2c2c2a,sheet1:R12,,,
4f4b6f69ef924197-sheet1-R13,2026-02-12,busan-city,디지털경제실 > 기업지원과,다드림마트,2026년 부서운영업무추진비 선결제,46000,4f4b6f69ef924197b98c2d0056f35b9c51a941ba92cabf5bc901badc5a2c2c2a,sheet1:R13,,,
4f4b6f69ef924197-sheet1-R14,2026-02-12,busan-city,디지털경제실 > 기업지원과,쇼숑베이커리,2026년 부서운영업무추진비 선결제,350000,4f4b6f69ef924197b98c2d0056f35b9c51a941ba92cabf5bc901badc5a2c2c2a,sheet1:R14,,,
65977022915f6dc1-sheet1-R5,2026-01-14,busan-city,청년산학국 > 지산학협력과,세연정 가야점,RISE사업단장 간담회 개최,400000,65977022915f6dc14992cdd39b6127c5436f3d59da25c2461228c722a0f547d7,sheet1:R5,,,
65977022915f6dc1-sheet1-R6,2026-01-15,busan-city,청년산학국 > 지산학협력과,스톤 빈(Stone bean)외 1,국가공모사업 추진 관련 관계자 업무간담회 개최,212000,65977022915f6dc14992cdd39b6127c5436f3d59da25c2461228c722a0f547d7,sheet1:R6,,,
65977022915f6dc1-sheet1-R7,2026-01-15,busan-city,청년산학국 > 지산학협력과,연합횟집,부산지역 국립대 관계자 업무협의 간담회 개최,353500,65977022915f6dc14992cdd39b6127c5436f3d59da25c2461228c722a0f547d7,sheet1:R7,,,
65977022915f6dc1-sheet1-R8,2026-01-16,busan-city,청년산학국 > 지산학협력과,만리재 비스트로 (Mallijae Bistro),교육개혁지원관 업무 협의 간담회 개최,141000,65977022915f6dc14992cdd39b6127c5436f3d59da25c2461228c722a0f547d7,sheet1:R8,,,
65977022915f6dc1-sheet1-R9,2026-01-23,busan-city,청년산학국 > 지산학협력과,가시리 여의도점외 1,국가공모사업 추진 관련 관계자 간담회 개최,287000,65977022915f6dc14992cdd39b6127c5436f3d59da25c2461228c722a0f547d7,sheet1:R9,,,
65977022915f6dc1-sheet1-R10,2026-01-28,busan-city,청년산학국 > 지산학협력과,본참치,산학협력 사업 추진 관련 간담회 개최,100000,65977022915f6dc14992cdd39b6127c5436f3d59da25c2461228c722a0f547d7,sheet1:R10,,,
65977022915f6dc1-sheet1-R11,2026-01-30,busan-city,청년산학국 > 지산학협력과,프레드피자,라이즈 현안 논의를 위한 간담회 개최,143900,65977022915f6dc14992cdd39b6127c5436f3d59da25c2461228c722a0f547d7,sheet1:R11,,,
65977022915f6dc1-sheet1-R12,2026-02-09,busan-city,청년산학국 > 지산학협력과,외식일번가 부산진구점,라이즈 사업 및 산학협력 추진 관련 간담회 개최,68000,65977022915f6dc14992cdd39b6127c5436f3d59da25c2461228c722a0f547d7,sheet1:R12,,,
65977022915f6dc1-sheet1-R13,2026-02-10,busan-city,청년산학국 > 지산학협력과,주식회사 봉림 루시앙 부산시청점외 1,지역대학 협력 강화를 위한 관계자 간담회 개최,200000,65977022915f6dc14992cdd39b6127c5436f3d59da25c2461228c722a0f547d7,sheet1:R13,,,
65977022915f6dc1-sheet1-R14,2026-02-10,busan-city,청년산학국 > 지산학협력과,수제국수(부산시청점),교육개혁지원관 업무 협의 간담회 개최,120000,65977022915f6dc14992cdd39b6127c5436f3d59da25c2461228c722a0f547d7,sheet1:R14,,,
65977022915f6dc1-sheet1-R15,2026-02-13,busan-city,청년산학국 > 지산학협력과,비스트로 타마르,교육개혁지원관 및 유관기관 파견관 간담회 개최,56000,65977022915f6dc14992cdd39b6127c5436f3d59da25c2461228c722a0f547d7,sheet1:R15,,,
65977022915f6dc1-sheet1-R16,2026-02-20,busan-city,청년산학국 > 지산학협력과,마조레,인재육성사업 추진 관련 간담회 개최,200000,65977022915f6dc14992cdd39b6127c5436f3d59da25c2461228c722a0f547d7,sheet1:R16,,,
65977022915f6dc1-sheet1-R17,2026-02-24,busan-city,청년산학국 > 지산학협력과,연합횟집,교육개혁지원관 업무 협의 간담회 개최,159500,65977022915f6dc14992cdd39b6127c5436f3d59da25c2461228c722a0f547d7,sheet1:R17,,,
65977022915f6dc1-sheet1-R18,2026-02-27,busan-city,청년산학국 > 지산학협력과,미우서재,라이즈 사업 및 산학협력 추진 관련 간담회 개최,42000,65977022915f6dc14992cdd39b6127c5436f3d59da25c2461228c722a0f547d7,sheet1:R18,,,
65977022915f6dc1-sheet1-R19,2026-03-09,busan-city,청년산학국 > 지산학협력과,취원,교육담당 출입기자단 오찬 간담회 개최,420000,65977022915f6dc14992cdd39b6127c5436f3d59da25c2461228c722a0f547d7,sheet1:R19,,,
65977022915f6dc1-sheet1-R20,2026-03-10,busan-city,청년산학국 > 지산학협력과,다반,국가 공모사업 추진 관련 관계자 업무간담회,17000,65977022915f6dc14992cdd39b6127c5436f3d59da25c2461228c722a0f547d7,sheet1:R20,,,
65977022915f6dc1-sheet1-R21,2026-03-16,busan-city,청년산학국 > 지산학협력과,돈풍각,대학협력기반 거점구축과제 추진 간담회 개최,200000,65977022915f6dc14992cdd39b6127c5436f3d59da25c2461228c722a0f547d7,sheet1:R21,,,
65977022915f6dc1-sheet1-R22,2026-03-31,busan-city,청년산학국 > 지산학협력과,묘묘당,라이즈 사업 관련 해양대 간담회 개최,105000,65977022915f6dc14992cdd39b6127c5436f3d59da25c2461228c722a0f547d7,sheet1:R22,,,
bc6972de3d2127b7-sheet1-R5,2026-01-30,busan-city,청년산학국 > 창조교육과,스톤 빈(Stone bean) 외 1,교육협력사업 활성화를 위한 간담회 개최,220600,bc6972de3d2127b7e98f6658ee97983013657e5eecf408dcbdd825e7730b1ddc,sheet1:R5,,,
bc6972de3d2127b7-sheet1-R6,2026-02-03,busan-city,청년산학국 > 창조교육과,부자회관 부산시청점,2026년 평생교육이용권 지원사업 추진관련 간담회 개최,200000,bc6972de3d2127b7e98f6658ee97983013657e5eecf408dcbdd825e7730b1ddc,sheet1:R6,,,
bc6972de3d2127b7-sheet1-R7,2026-02-03,busan-city,청년산학국 > 창조교육과,미락,2026년 부산시청열린도서관 운영 관련 간담회 개최,360000,bc6972de3d2127b7e98f6658ee97983013657e5eecf408dcbdd825e7730b1ddc,sheet1:R7,,,
bc6972de3d2127b7-sheet1-R8,2026-02-03,busan-city,청년산학국 > 창조교육과,미락,2026 부산 세계도서관정보대회(WLIC) 2차 실사 관련 간담회 개최,268000,bc6972de3d2127b7e98f6658ee97983013657e5eecf408dcbdd825e7730b1ddc,sheet1:R8,,,
bc6972de3d2127b7-sheet1-R9,2026-02-03,busan-city,청년산학국 > 창조교육과,큐제 외 1,2026년 상반기 영어하기 편한 도시 추진 관련 간담회 개최,200000,bc6972de3d2127b7e98f6658ee97983013657e5eecf408dcbdd825e7730b1ddc,sheet1:R9,,,
bc6972de3d2127b7-sheet1-R10,2026-03-04,busan-city,청년산학국 > 창조교육과,메이리,교육협력사업 현안업무 논의를 위한 간담회 개최,225000,bc6972de3d2127b7e98f6658ee97983013657e5eecf408dcbdd825e7730b1ddc,sheet1:R10,,,
bc6972de3d2127b7-sheet1-R11,2026-03-16,busan-city,청년산학국 > 창조교육과,히얼이즈커피 부산시청점,영어하기 편한 도시 추진 관련 간담회 개최,75000,bc6972de3d2127b7e98f6658ee97983013657e5eecf408dcbdd825e7730b1ddc,sheet1:R11,,,
558179a380f53748-sheet1-R4,2026-01-07,busan-city,기장소방서 > 소방행정과,기장 바당길,2026년 주요 현안 업무보고 관련 회의개최,100000,558179a380f537485c8a84df352e43a563ce467e095e9f4a054b0f2d967d5158,sheet1:R4,,,
558179a380f53748-sheet1-R5,2026-01-07,busan-city,기장소방서 > 소방행정과,홈플러스 부산정관점,공무직 근로자 격려 물품 구입,53980,558179a380f537485c8a84df352e43a563ce467e095e9f4a054b0f2d967d5158,sheet1:R5,,,
558179a380f53748-sheet1-R6,2026-01-12,busan-city,기장소방서 > 소방행정과,기장소방서 현금,직원 장인 별세에 따른 부의금 지출,50000,558179a380f537485c8a84df352e43a563ce467e095e9f4a054b0f2d967d5158,sheet1:R6,,,
558179a380f53748-sheet1-R7,2026-01-15,busan-city,기장소방서 > 소방행정과,다래청국장,유관기관 방문 및 업무 협력 강화를 위한 간담회 개최,74000,558179a380f537485c8a84df352e43a563ce467e095e9f4a054b0f2d967d5158,sheet1:R7,,,
558179a380f53748-sheet1-R8,2026-01-19,busan-city,기장소방서 > 소방행정과,태경회초밥,현안업무 공유를 위한 간담회 개최,587000,558179a380f537485c8a84df352e43a563ce467e095e9f4a054b0f2d967d5158,sheet1:R8,,,
558179a380f53748-sheet1-R9,2026-01-21,busan-city,기장소방서 > 소방행정과,피자에땅 정관점 등 4개소,대광그린스톤 화재 현장활동에 따른 격려 물품 구입비 지출,954600,558179a380f537485c8a84df352e43a563ce467e095e9f4a054b0f2d967d5158,sheet1:R9,,,
558179a380f53748-sheet1-R10,2026-01-19,busan-city,기장소방서 > 소방행정과,우리동네과일가게,신임 소방서장 119안전센터 방문 격려품 구입비 지출,300000,558179a380f537485c8a84df352e43a563ce467e095e9f4a054b0f2d967d5158,sheet1:R10,,,
558179a380f53748-sheet1-R11,2026-02-04,busan-city,기장소방서 > 소방행정과,횟집 통사시미,주요 당면 현안업무 추진 관련 간담회 비용 지출,340000,558179a380f537485c8a84df352e43a563ce467e095e9f4a054b0f2d967d5158,sheet1:R11,,,
558179a380f53748-sheet1-R12,2026-02-05,busan-city,기장소방서 > 소방행정과,민 식자재마트,소방공무원 등 설 명절 격려 물품 구입비 지출,1465000,558179a380f537485c8a84df352e43a563ce467e095e9f4a054b0f2d967d5158,sheet1:R12,,,
558179a380f53748-sheet1-R13,2026-02-05,busan-city,기장소방서 > 소방행정과,우리동네과일가게,기장소방서 화재 대응 유관기관 설 명절 격려 물품 구입비 지출,560000,558179a380f537485c8a84df352e43a563ce467e095e9f4a054b0f2d967d5158,sheet1:R13,,,
558179a380f53748-sheet1-R14,2026-02-11,busan-city,기장소방서 > 소방행정과,횟집 통사시미,기장소방서 시책추진업무추진비 선결제 추진,400000,558179a380f537485c8a84df352e43a563ce467e095e9f4a054b0f2d967d5158,sheet1:R14,,,
558179a380f53748-sheet1-R15,2026-02-11,busan-city,기장소방서 > 소방행정과,동양마트 정관점,상시소방훈련 참석직원 격려 물품구매,500000,558179a380f537485c8a84df352e43a563ce467e095e9f4a054b0f2d967d5158,sheet1:R15,,,
558179a380f53748-sheet1-R16,2026-02-11,busan-city,기장소방서 > 소방행정과,구옥반가 대구탕 정관본점,응급환자 이송체계 개선 직원 노고 격려에 따른 구매,400000,558179a380f537485c8a84df352e43a563ce467e095e9f4a054b0f2d967d5158,sheet1:R16,,,
558179a380f53748-sheet1-R17,2026-02-12,busan-city,기장소방서 > 소방행정과,삼시세끼 곳간,겨울철 산불화재 대응 노고 격려(부산형 선결제)간담회,400000,558179a380f537485c8a84df352e43a563ce467e095e9f4a054b0f2d967d5158,sheet1:R17,,,
558179a380f53748-sheet1-R18,2026-02-19,busan-city,기장소방서 > 소방행정과,기장소방서 현금,직원 장모 별세에 따른 부의금 지출,50000,558179a380f537485c8a84df352e43a563ce467e095e9f4a054b0f2d967d5158,sheet1:R18,,,
558179a380f53748-sheet1-R19,2026-02-27,busan-city,기장소방서 > 소방행정과,기장소방서 현금,직원 결혼 축의금 지출 계획,50000,558179a380f537485c8a84df352e43a563ce467e095e9f4a054b0f2d967d5158,sheet1:R19,,,
558179a380f53748-sheet1-R20,2026-03-05,busan-city,기장소방서 > 소방행정과,기장소방서 현금,2026년도 상시 소방훈련 선발대회 출전직원 격려금 지급,100000,558179a380f537485c8a84df352e43a563ce467e095e9f4a054b0f2d967d5158,sheet1:R20,,,
558179a380f53748-sheet1-R21,2026-03-09,busan-city,기장소방서 > 소방행정과,"이삭토스트 정관점, 문토스트 기장점",현안업무 추진 직원 격려 물품 구매,350000,558179a380f537485c8a84df352e43a563ce467e095e9f4a054b0f2d967d5158,sheet1:R21,,,
558179a380f53748-sheet1-R22,2026-03-09,busan-city,기장소방서 > 소방행정과,기장소방서 현금,직원 모친 별세에 따른 부의금 지출,50000,558179a380f537485c8a84df352e43a563ce467e095e9f4a054b0f2d967d5158,sheet1:R22,,,
558179a380f53748-sheet1-R23,2026-03-09,busan-city,기장소방서 > 소방행정과,기장소방서 현금,직원 모친 별세에 따른 부의금 지출,50000,558179a380f537485c8a84df352e43a563ce467e095e9f4a054b0f2d967d5158,sheet1:R23,,,
558179a380f53748-sheet1-R24,2026-03-10,busan-city,기장소방서 > 소방행정과,양상국 해운대점,시책공유 등 업무협의 간담회 실시,266000,558179a380f537485c8a84df352e43a563ce467e095e9f4a054b0f2d967d5158,sheet1:R24,,,
558179a380f53748-sheet1-R25,2026-03-11,busan-city,기장소방서 > 소방행정과,기장소방서 현금,직원 시모 별세에 따른 부의금 지출,50000,558179a380f537485c8a84df352e43a563ce467e095e9f4a054b0f2d967d5158,sheet1:R25,,,
558179a380f53748-sheet1-R26,2026-03-19,busan-city,기장소방서 > 소방행정과,황금정원 솔밭,의용소방대 행사 추진 관련 간담회 비용 지출,68000,558179a380f537485c8a84df352e43a563ce467e095e9f4a054b0f2d967d5158,sheet1:R26,,,
558179a380f53748-sheet1-R27,2026-03-20,busan-city,기장소방서 > 소방행정과,"이어도 복집, 두루미 베이커리 카페",주요 당면 현안 업무 논의를 위한 간담회 비용 지출,161400,558179a380f537485c8a84df352e43a563ce467e095e9f4a054b0f2d967d5158,sheet1:R27,,,
558179a380f53748-sheet1-R28,2026-03-24,busan-city,기장소방서 > 소방행정과,강씨목삼 기장점,긴급구조통제단 운영 효율성 강화를 위한 직원 격려 간담회,100000,558179a380f537485c8a84df352e43a563ce467e095e9f4a054b0f2d967d5158,sheet1:R28,,,
8e9b539bf9ee21b3-sheet1-R5,2026-03-28,busan-city,푸른도시국 > 공원도시과,주식회사 정짓간,갈맷길 오륙도 투나잇 지원 직원 및 유관기관 현장 인력 격려,137800,8e9b539bf9ee21b3d8a490eef7dfb44c99b448e0c78cfb233b27035e91672a92,sheet1:R5,,,
8e9b539bf9ee21b3-sheet1-R6,2026-03-27,busan-city,푸른도시국 > 공원도시과,암파스타레 동래점,유엔평화문화공원화 사업 추진을 위한 간담회 개최,96900,8e9b539bf9ee21b3d8a490eef7dfb44c99b448e0c78cfb233b27035e91672a92,sheet1:R6,,,
8e9b539bf9ee21b3-sheet1-R7,2026-03-19,busan-city,푸른도시국 > 공원도시과,카페가온비,15분 작가정원 조성사업 관계자 회의 다과 구입,50000,8e9b539bf9ee21b3d8a490eef7dfb44c99b448e0c78cfb233b27035e91672a92,sheet1:R7,,,
8e9b539bf9ee21b3-sheet1-R8,2026-03-06,busan-city,푸른도시국 > 공원도시과,만성횟집,갈맷길 새걸음 축제 관련 관계기관 간담회 개최,300000,8e9b539bf9ee21b3d8a490eef7dfb44c99b448e0c78cfb233b27035e91672a92,sheet1:R8,,,
8e9b539bf9ee21b3-sheet1-R9,2026-03-03,busan-city,푸른도시국 > 공원도시과,카페가온비,제안서 평가위원회(2026년 부산시 시민정원사 체험형 정원 아카데미 운영 용역 등) 다과 구입,45000,8e9b539bf9ee21b3d8a490eef7dfb44c99b448e0c78cfb233b27035e91672a92,sheet1:R9,,,
8e9b539bf9ee21b3-sheet1-R10,2026-02-13,busan-city,푸른도시국 > 공원도시과,카페가온비,갈맷길 관리·운영 협의회 다과비 지출 의뢰,70000,8e9b539bf9ee21b3d8a490eef7dfb44c99b448e0c78cfb233b27035e91672a92,sheet1:R10,,,
8e9b539bf9ee21b3-sheet1-R11,2026-02-13,busan-city,푸른도시국 > 공원도시과,남천동 망개떡,금정산국립공원 지정 관련 간담회 개최,150000,8e9b539bf9ee21b3d8a490eef7dfb44c99b448e0c78cfb233b27035e91672a92,sheet1:R11,,,
8e9b539bf9ee21b3-sheet1-R12,2026-01-29,busan-city,푸른도시국 > 공원도시과,사해방,유엔평화문화공원화 성공적 추진을 위한 관계기관 간담회 개최,176000,8e9b539bf9ee21b3d8a490eef7dfb44c99b448e0c78cfb233b27035e91672a92,sheet1:R12,,,
8e9b539bf9ee21b3-sheet1-R13,2026-02-06,busan-city,푸른도시국 > 공원도시과,임진각식당,금정산국립공원 실무협의 관련 간담회 개최,117200,8e9b539bf9ee21b3d8a490eef7dfb44c99b448e0c78cfb233b27035e91672a92,sheet1:R13,,,
8e9b539bf9ee21b3-sheet1-R14,2026-02-04,busan-city,푸른도시국 > 공원도시과,어심횟집,금정산국립공원 실무협의 관련 간담회 개최,334000,8e9b539bf9ee21b3d8a490eef7dfb44c99b448e0c78cfb233b27035e91672a92,sheet1:R14,,,
8e9b539bf9ee21b3-sheet1-R15,2026-01-12,busan-city,푸른도시국 > 공원도시과,히얼이즈커피 부산시청점,2026년 유엔평화문화공원화 사업 추진을 위한 선결제(착한결제),100000,8e9b539bf9ee21b3d8a490eef7dfb44c99b448e0c78cfb233b27035e91672a92,sheet1:R15,,,
1f14de0b31305c27-sheet1-R4,2026-01-13,busan-city,엄궁농산물도매시장관리사업소 > 관리팀,정원오리촌 엄궁점,도매시장 관리운영위원회 간담회,345000,1f14de0b31305c2752d0f7c594b6d8021ca01ab9b0882692a1e338f965d37be1,sheet1:R4,,,
1f14de0b31305c27-sheet1-R5,2026-02-06,busan-city,엄궁농산물도매시장관리사업소 > 관리팀,기장대게도매,시설물 유지보수 논의를 위한 간담회,300000,1f14de0b31305c2752d0f7c594b6d8021ca01ab9b0882692a1e338f965d37be1,sheet1:R5,,,
1f14de0b31305c27-sheet1-R6,2026-02-11,busan-city,엄궁농산물도매시장관리사업소 > 관리팀,롯데마트 사상점,「2026년 따뜻한 설 명절 보내기」 관련 사회복지시설 격려품 구입,199000,1f14de0b31305c2752d0f7c594b6d8021ca01ab9b0882692a1e338f965d37be1,sheet1:R6,,,
1f14de0b31305c27-sheet1-R7,2026-02-11,busan-city,엄궁농산물도매시장관리사업소 > 관리팀,롯데마트 사상점,2026년 설 명절 맞이 직원 및 현업근무자 격려품 구입,1350000,1f14de0b31305c2752d0f7c594b6d8021ca01ab9b0882692a1e338f965d37be1,sheet1:R7,,,
1f14de0b31305c27-sheet1-R8,2026-03-26,busan-city,엄궁농산물도매시장관리사업소 > 관리팀,롯데마트 사상점,유통종사자 간담회 관련 차류 구입,87380,1f14de0b31305c2752d0f7c594b6d8021ca01ab9b0882692a1e338f965d37be1,sheet1:R8,,,
8493b31bca870225-sheet1-R4,2026-01-09,busan-city,체육국 > 체육정책과,애니핑거외 1,현안업무 추진을 위한 간담회 개최,163500,8493b31bca8702256dcf724d4027c7fab58031ade060a6cf573c1eb795c7abd9,sheet1:R4,,,
8493b31bca870225-sheet1-R5,2026-01-12,busan-city,체육국 > 체육정책과,삼제식당,부산형 선결제 추진 관련 업무추진비 집행 건의(1차),400000,8493b31bca8702256dcf724d4027c7fab58031ade060a6cf573c1eb795c7abd9,sheet1:R5,,,
8493b31bca870225-sheet1-R6,2026-01-12,busan-city,체육국 > 체육정책과,도리마리 부산시청점,부산형 선결제 추진 관련 업무추진비 집행 건의(1차),300000,8493b31bca8702256dcf724d4027c7fab58031ade060a6cf573c1eb795c7abd9,sheet1:R6,,,
8493b31bca870225-sheet1-R7,2026-01-16,busan-city,체육국 > 체육정책과,봉산찜갈비,현안업무 추진을 위한 간담회 개최,155000,8493b31bca8702256dcf724d4027c7fab58031ade060a6cf573c1eb795c7abd9,sheet1:R7,,,
8493b31bca870225-sheet1-R8,2026-01-20,busan-city,체육국 > 체육정책과,낚시고기횟집,현안업무 추진을 위한 간담회 개최,120000,8493b31bca8702256dcf724d4027c7fab58031ade060a6cf573c1eb795c7abd9,sheet1:R8,,,
8493b31bca870225-sheet1-R9,2026-01-20,busan-city,체육국 > 체육정책과,종가집꼬리곰탕,현안업무 추진을 위한 간담회 개최,98000,8493b31bca8702256dcf724d4027c7fab58031ade060a6cf573c1eb795c7abd9,sheet1:R9,,,
8493b31bca870225-sheet1-R10,2026-01-23,busan-city,체육국 > 체육정책과,함양보리밥 곶다외 1,현안업무 추진을 위한 간담회 개최,59500,8493b31bca8702256dcf724d4027c7fab58031ade060a6cf573c1eb795c7abd9,sheet1:R10,,,
8493b31bca870225-sheet1-R11,2026-01-26,busan-city,체육국 > 체육정책과,플랜온 서면점,현안업무 추진을 위한 간담회 개최,200000,8493b31bca8702256dcf724d4027c7fab58031ade060a6cf573c1eb795c7abd9,sheet1:R11,,,
8493b31bca870225-sheet1-R12,2026-01-28,busan-city,체육국 > 체육정책과,취원,현안업무 추진을 위한 간담회 개최,404000,8493b31bca8702256dcf724d4027c7fab58031ade060a6cf573c1eb795c7abd9,sheet1:R12,,,
8493b31bca870225-sheet1-R13,2026-01-30,busan-city,체육국 > 체육정책과,낚시고기횟집,현안업무 추진을 위한 간담회 개최,150000,8493b31bca8702256dcf724d4027c7fab58031ade060a6cf573c1eb795c7abd9,sheet1:R13,,,
8493b31bca870225-sheet1-R14,2026-01-30,busan-city,체육국 > 체육정책과,웁스외 1,현안업무 추진을 위한 간담회 개최,161500,8493b31bca8702256dcf724d4027c7fab58031ade060a6cf573c1eb795c7abd9,sheet1:R14,,,
8493b31bca870225-sheet1-R15,2026-02-03,busan-city,체육국 > 체육정책과,낚시고기횟집,현안업무 추진을 위한 간담회 개최,150000,8493b31bca8702256dcf724d4027c7fab58031ade060a6cf573c1eb795c7abd9,sheet1:R15,,,
8493b31bca870225-sheet1-R16,2026-02-04,busan-city,체육국 > 체육정책과,에스에스지페이먼츠,「2026년 따뜻한 설 명절 보내기」 추진 계획,325640,8493b31bca8702256dcf724d4027c7fab58031ade060a6cf573c1eb795c7abd9,sheet1:R16,,,
8493b31bca870225-sheet1-R17,2026-02-06,busan-city,체육국 > 체육정책과,함양가,현안업무 논의를 위한 간담회 개최,150000,8493b31bca8702256dcf724d4027c7fab58031ade060a6cf573c1eb795c7abd9,sheet1:R17,,,
8493b31bca870225-sheet1-R18,2026-02-11,busan-city,체육국 > 체육정책과,주식회사 지앤지(G&G)시청점,체육정책과 직원 격려 간식 구입,480000,8493b31bca8702256dcf724d4027c7fab58031ade060a6cf573c1eb795c7abd9,sheet1:R18,,,
8493b31bca870225-sheet1-R19,2026-02-05,busan-city,체육국 > 체육정책과,코레일유통주식회사(부산역),유관기관 방문에 따른 다과세트 구입,136900,8493b31bca8702256dcf724d4027c7fab58031ade060a6cf573c1eb795c7abd9,sheet1:R19,,,
8493b31bca870225-sheet1-R20,2026-02-05,busan-city,체육국 > 체육정책과,쿠팡(주),체육국 직원 격려 간식 구입,224520,8493b31bca8702256dcf724d4027c7fab58031ade060a6cf573c1eb795c7abd9,sheet1:R20,,,
8493b31bca870225-sheet1-R21,2026-02-06,busan-city,체육국 > 체육정책과,만성횟집,현안업무 추진을 위한 간담회 개최,240000,8493b31bca8702256dcf724d4027c7fab58031ade060a6cf573c1eb795c7abd9,sheet1:R21,,,
8493b31bca870225-sheet1-R22,2026-02-10,busan-city,체육국 > 체육정책과,대가 박명호스시,현안업무 추진을 위한 간담회 개최,214000,8493b31bca8702256dcf724d4027c7fab58031ade060a6cf573c1eb795c7abd9,sheet1:R22,,,
8493b31bca870225-sheet1-R23,2026-02-11,busan-city,체육국 > 체육정책과,린선다이닝 연산점,현안업무 추진을 위한 간담회 개최,185000,8493b31bca8702256dcf724d4027c7fab58031ade060a6cf573c1eb795c7abd9,sheet1:R23,,,
8493b31bca870225-sheet1-R24,2026-02-12,busan-city,체육국 > 체육정책과,부용당,현안업무 추진을 위한 간담회 개최,105000,8493b31bca8702256dcf724d4027c7fab58031ade060a6cf573c1eb795c7abd9,sheet1:R24,,,
8493b31bca870225-sheet1-R25,2026-02-13,busan-city,체육국 > 체육정책과,함양가외 1,현안업무 논의를 위한 간담회 개최,208000,8493b31bca8702256dcf724d4027c7fab58031ade060a6cf573c1eb795c7abd9,sheet1:R25,,,
8493b31bca870225-sheet1-R26,2026-02-21,busan-city,체육국 > 체육정책과,고향집외 1,현안업무 논의를 위한 간담회 개최,69400,8493b31bca8702256dcf724d4027c7fab58031ade060a6cf573c1eb795c7abd9,sheet1:R26,,,
8493b31bca870225-sheet1-R27,2026-02-22,busan-city,체육국 > 체육정책과,샤브올데이 대구검사점,현안업무 논의를 위한 간담회 개최,180000,8493b31bca8702256dcf724d4027c7fab58031ade060a6cf573c1eb795c7abd9,sheet1:R27,,,
8493b31bca870225-sheet1-R28,2026-02-24,busan-city,체육국 > 체육정책과,족발이다,현안 업무 논의를 위한 간담회 개최,256000,8493b31bca8702256dcf724d4027c7fab58031ade060a6cf573c1eb795c7abd9,sheet1:R28,,,
8493b31bca870225-sheet1-R29,2026-02-25,busan-city,체육국 > 체육정책과,차항가든,제107회 전국동계체육대회 선수단 격려 만찬 개최,1800000,8493b31bca8702256dcf724d4027c7fab58031ade060a6cf573c1eb795c7abd9,sheet1:R29,,,
8493b31bca870225-sheet1-R30,2026-02-28,busan-city,체육국 > 체육정책과,곰보식당,「2026 파크골프 토크콘서트」간담회 개최,280500,8493b31bca8702256dcf724d4027c7fab58031ade060a6cf573c1eb795c7abd9,sheet1:R30,,,
8493b31bca870225-sheet1-R31,2026-03-08,busan-city,체육국 > 체육정책과,프레스트외 1,「제8회 유남규배 탁구대회」간담회 개최,119950,8493b31bca8702256dcf724d4027c7fab58031ade060a6cf573c1eb795c7abd9,sheet1:R31,,,
8493b31bca870225-sheet1-R32,2026-03-07,busan-city,체육국 > 체육정책과,지급대상자,체육국 소속 직원 경조사비 지급 건의,50000,8493b31bca8702256dcf724d4027c7fab58031ade060a6cf573c1eb795c7abd9,sheet1:R32,,,
8493b31bca870225-sheet1-R33,2026-03-12,busan-city,체육국 > 체육정책과,우미정,현안업무 추진을 위한 간담회 개최,480000,8493b31bca8702256dcf724d4027c7fab58031ade060a6cf573c1eb795c7abd9,sheet1:R33,,,
8493b31bca870225-sheet1-R34,2026-03-13,busan-city,체육국 > 체육정책과,만성횟집,현안업무 논의를 위한 간담회 개최,150000,8493b31bca8702256dcf724d4027c7fab58031ade060a6cf573c1eb795c7abd9,sheet1:R34,,,
8493b31bca870225-sheet1-R35,2026-03-21,busan-city,체육국 > 체육정책과,지급대상자,유관기관장 경조사비 지급,50000,8493b31bca8702256dcf724d4027c7fab58031ade060a6cf573c1eb795c7abd9,sheet1:R35,,,
8e2de5fbd44a0198-sheet1-R5,2026-01-08,busan-city,교통혁신국 > 대중교통과,정담 동태마을 외 1,시내버스 준공영제 운영 협의 간담회,36700,8e2de5fbd44a0198d28e32bcd4778fe551ae08594d7eba239be99ddc95d53ac7,sheet1:R5,,,
8e2de5fbd44a0198-sheet1-R6,2026-01-21,busan-city,교통혁신국 > 대중교통과,생복집 외 1,해운대시외버스정류소의 안정적 운영을 위한 관계기관 회의 및 업무협의 간담회 개최,219500,8e2de5fbd44a0198d28e32bcd4778fe551ae08594d7eba239be99ddc95d53ac7,sheet1:R6,,,
8e2de5fbd44a0198-sheet1-R7,2026-01-13,busan-city,교통혁신국 > 대중교통과,손큰집,대중교통 서비스 개선을 위한 간담회 개최(18:00),136000,8e2de5fbd44a0198d28e32bcd4778fe551ae08594d7eba239be99ddc95d53ac7,sheet1:R7,,,
8e2de5fbd44a0198-sheet1-R8,2026-01-30,busan-city,교통혁신국 > 대중교통과,스타벅스 코리아,대중교통 육성지원 업무추진을 위한 간담회 개최,141500,8e2de5fbd44a0198d28e32bcd4778fe551ae08594d7eba239be99ddc95d53ac7,sheet1:R8,,,
8e2de5fbd44a0198-sheet1-R9,2026-02-12,busan-city,교통혁신국 > 대중교통과,만객당,마을버스의 효율적 운행을 위한 간담회 개최,30000,8e2de5fbd44a0198d28e32bcd4778fe551ae08594d7eba239be99ddc95d53ac7,sheet1:R9,,,
8e2de5fbd44a0198-sheet1-R10,2026-02-12,busan-city,교통혁신국 > 대중교통과,부산시 노인건강센터,2026년 설 명절 맞이 사회복지시설 격려품 구입,193120,8e2de5fbd44a0198d28e32bcd4778fe551ae08594d7eba239be99ddc95d53ac7,sheet1:R10,,,
8e2de5fbd44a0198-sheet1-R11,2026-02-13,busan-city,교통혁신국 > 대중교통과,웰빙선생오리,대중교통 시설 정비 업무 협의를 위한 간담회 개최,195000,8e2de5fbd44a0198d28e32bcd4778fe551ae08594d7eba239be99ddc95d53ac7,sheet1:R11,,,
8e2de5fbd44a0198-sheet1-R12,2026-02-24,busan-city,교통혁신국 > 대중교통과,활코스요리전문,시내버스 체계개선 관련 간담회 개최,220000,8e2de5fbd44a0198d28e32bcd4778fe551ae08594d7eba239be99ddc95d53ac7,sheet1:R12,,,
8e2de5fbd44a0198-sheet1-R13,2026-02-27,busan-city,교통혁신국 > 대중교통과,주식회사 하솔에프앤비 부산지점,해운대시외버스정류소 운영 안정화를 위한 현장 방문 및 업무협의 간담회 개최,107000,8e2de5fbd44a0198d28e32bcd4778fe551ae08594d7eba239be99ddc95d53ac7,sheet1:R13,,,
8e2de5fbd44a0198-sheet1-R14,2026-03-10,busan-city,교통혁신국 > 대중교통과,스타벅스 코리아,제2차 대중교통 개선 협의회 개최 다과 구입,220700,8e2de5fbd44a0198d28e32bcd4778fe551ae08594d7eba239be99ddc95d53ac7,sheet1:R14,,,
8e2de5fbd44a0198-sheet1-R15,2026-03-12,busan-city,교통혁신국 > 대중교통과,돈풍각,도시철도 효율적 운영을 위한 간담회 개최,126000,8e2de5fbd44a0198d28e32bcd4778fe551ae08594d7eba239be99ddc95d53ac7,sheet1:R15,,,
8e2de5fbd44a0198-sheet1-R16,2026-03-18,busan-city,교통혁신국 > 대중교통과,비스트로 날마다 대박나는집,마을버스의 효율적인 운행을 위한 간담회 개최,91500,8e2de5fbd44a0198d28e32bcd4778fe551ae08594d7eba239be99ddc95d53ac7,sheet1:R16,,,
8e2de5fbd44a0198-sheet1-R17,2026-03-26,busan-city,교통혁신국 > 대중교통과,비스트로 날마다 대박나는집,시내버스 기반시설 운영 협의를 위한 간담회 개최,292500,8e2de5fbd44a0198d28e32bcd4778fe551ae08594d7eba239be99ddc95d53ac7,sheet1:R17,,,
8e0ade031dc12359-sheet1-R5,2026-01-06,busan-city,보건환경연구원 > 총무팀,한설기정떡,유관기관 업무협의 차 방문에 따른 다과류 구입,100000,8e0ade031dc12359a91837bb0813b9beb7b40d9976cbdf821a6404eecf039810,sheet1:R5,,,
8e0ade031dc12359-sheet1-R6,2026-01-06,busan-city,보건환경연구원 > 총무팀,강변매운탕,유관기관 업무협의 및 간담회 개최,115000,8e0ade031dc12359a91837bb0813b9beb7b40d9976cbdf821a6404eecf039810,sheet1:R6,,,
8e0ade031dc12359-sheet1-R7,2026-01-07,busan-city,보건환경연구원 > 총무팀,삼소통나무집,업무 간담회 개최 건의,160000,8e0ade031dc12359a91837bb0813b9beb7b40d9976cbdf821a6404eecf039810,sheet1:R7,,,
8e0ade031dc12359-sheet1-R8,2026-01-07,busan-city,보건환경연구원 > 총무팀,개인(성명 비공개),경조사 축의금 지급 건의,50000,8e0ade031dc12359a91837bb0813b9beb7b40d9976cbdf821a6404eecf039810,sheet1:R8,,,
8e0ade031dc12359-sheet1-R9,2026-01-09,busan-city,보건환경연구원 > 총무팀,한설기정떡,유관기관 방문에 따른 다과류 구입 건의,54000,8e0ade031dc12359a91837bb0813b9beb7b40d9976cbdf821a6404eecf039810,sheet1:R9,,,
8e0ade031dc12359-sheet1-R10,2026-01-13,busan-city,보건환경연구원 > 총무팀,웅천집,업무 간담회 개최 건의,272000,8e0ade031dc12359a91837bb0813b9beb7b40d9976cbdf821a6404eecf039810,sheet1:R10,,,
8e0ade031dc12359-sheet1-R11,2026-01-13,busan-city,보건환경연구원 > 총무팀,승해회센타,현안업무 논의를 위한 간담회(대기환경연구부),181000,8e0ade031dc12359a91837bb0813b9beb7b40d9976cbdf821a6404eecf039810,sheet1:R11,,,
8e0ade031dc12359-sheet1-R12,2026-01-16,busan-city,보건환경연구원 > 총무팀,부영식육점,업무 간담회 개최 건의,230000,8e0ade031dc12359a91837bb0813b9beb7b40d9976cbdf821a6404eecf039810,sheet1:R12,,,
8e0ade031dc12359-sheet1-R13,2026-01-16,busan-city,보건환경연구원 > 총무팀,(주)우리마트만덕점,사업장 대기배출시설 오염도 검사 관련 회의 다과류 구입 요청,99810,8e0ade031dc12359a91837bb0813b9beb7b40d9976cbdf821a6404eecf039810,sheet1:R13,,,
8e0ade031dc12359-sheet1-R14,2026-01-20,busan-city,보건환경연구원 > 총무팀,리산옥,업무간담회 개최 건의,196000,8e0ade031dc12359a91837bb0813b9beb7b40d9976cbdf821a6404eecf039810,sheet1:R14,,,
8e0ade031dc12359-sheet1-R15,2026-01-22,busan-city,보건환경연구원 > 총무팀,식당3선 연제점,물환경연구부 직원 격려 간담회 개최 건의,250000,8e0ade031dc12359a91837bb0813b9beb7b40d9976cbdf821a6404eecf039810,sheet1:R15,,,
8e0ade031dc12359-sheet1-R16,2026-01-28,busan-city,보건환경연구원 > 총무팀,식당3선 연제점,업무간담회 개최 건의(식약품연구부),225000,8e0ade031dc12359a91837bb0813b9beb7b40d9976cbdf821a6404eecf039810,sheet1:R16,,,
8e0ade031dc12359-sheet1-R17,2026-01-27,busan-city,보건환경연구원 > 총무팀,안동장터이모통닭,직원격려 간식 구입 건의(감염병연구부),350000,8e0ade031dc12359a91837bb0813b9beb7b40d9976cbdf821a6404eecf039810,sheet1:R17,,,
8e0ade031dc12359-sheet1-R18,2026-01-29,busan-city,보건환경연구원 > 총무팀,부바스 만덕점외 1,직원격려 간담회 개최 건의(감염병연구부),61000,8e0ade031dc12359a91837bb0813b9beb7b40d9976cbdf821a6404eecf039810,sheet1:R18,,,
8e0ade031dc12359-sheet1-R19,2026-02-03,busan-city,보건환경연구원 > 총무팀,금복,업무 간담회 개최 건의,450000,8e0ade031dc12359a91837bb0813b9beb7b40d9976cbdf821a6404eecf039810,sheet1:R19,,,
8e0ade031dc12359-sheet1-R20,2026-02-05,busan-city,보건환경연구원 > 총무팀,산청흑돼지,현안업무 추진을 위한 업무간담회 개최 건의(대기환경연구부),120000,8e0ade031dc12359a91837bb0813b9beb7b40d9976cbdf821a6404eecf039810,sheet1:R20,,,
8e0ade031dc12359-sheet1-R21,2026-02-05,busan-city,보건환경연구원 > 총무팀,개인(성명 비공개),경조사 부의금 지급 건의,50000,8e0ade031dc12359a91837bb0813b9beb7b40d9976cbdf821a6404eecf039810,sheet1:R21,,,
8e0ade031dc12359-sheet1-R22,2026-02-09,busan-city,보건환경연구원 > 총무팀,303화덕초읍,2025년도 연구사업 수행 직원 간담회 개최(대기환경연구부),150000,8e0ade031dc12359a91837bb0813b9beb7b40d9976cbdf821a6404eecf039810,sheet1:R22,,,
8e0ade031dc12359-sheet1-R23,2026-02-12,busan-city,보건환경연구원 > 총무팀,제일옥곰탕,업무 협의를 위한 간담회 개최 건의(대기환경연구부),148000,8e0ade031dc12359a91837bb0813b9beb7b40d9976cbdf821a6404eecf039810,sheet1:R23,,,
8e0ade031dc12359-sheet1-R24,2026-02-10,busan-city,보건환경연구원 > 총무팀,사랑채,업무간담회 개최 건의(식약품연구부),240000,8e0ade031dc12359a91837bb0813b9beb7b40d9976cbdf821a6404eecf039810,sheet1:R24,,,
8e0ade031dc12359-sheet1-R25,2026-02-10,busan-city,보건환경연구원 > 총무팀,장수곰탕,물환경연구부 직원 격려 간담회 개최 건의,200000,8e0ade031dc12359a91837bb0813b9beb7b40d9976cbdf821a6404eecf039810,sheet1:R25,,,
8e0ade031dc12359-sheet1-R26,2026-02-11,busan-city,보건환경연구원 > 총무팀,식당3선 연제점,업무간담회 개최건의(감염병연구부),350000,8e0ade031dc12359a91837bb0813b9beb7b40d9976cbdf821a6404eecf039810,sheet1:R26,,,
8e0ade031dc12359-sheet1-R27,2026-02-12,busan-city,보건환경연구원 > 총무팀,사랑채,업무 간담회 개최 건의,180000,8e0ade031dc12359a91837bb0813b9beb7b40d9976cbdf821a6404eecf039810,sheet1:R27,,,
8e0ade031dc12359-sheet1-R28,2026-02-12,busan-city,보건환경연구원 > 총무팀,파리바게뜨(만덕삼성점),내방객 제공 다과 구입 건의(감염병연구부),46700,8e0ade031dc12359a91837bb0813b9beb7b40d9976cbdf821a6404eecf039810,sheet1:R28,,,
8e0ade031dc12359-sheet1-R29,2026-02-12,busan-city,보건환경연구원 > 총무팀,사랑채,물환경연구부 직원 격려 간담회 개최 건의,210000,8e0ade031dc12359a91837bb0813b9beb7b40d9976cbdf821a6404eecf039810,sheet1:R29,,,
8e0ade031dc12359-sheet1-R30,2026-02-12,busan-city,보건환경연구원 > 총무팀,(주)한국이지스,2026년 따뜻한 설 명절 보내기 추진 시설 격려품 구입,97000,8e0ade031dc12359a91837bb0813b9beb7b40d9976cbdf821a6404eecf039810,sheet1:R30,,,
8e0ade031dc12359-sheet1-R31,2026-02-23,busan-city,보건환경연구원 > 총무팀,개인(성명 비공개),경조사 부의금 지급 건의,50000,8e0ade031dc12359a91837bb0813b9beb7b40d9976cbdf821a6404eecf039810,sheet1:R31,,,
8e0ade031dc12359-sheet1-R32,2026-02-23,busan-city,보건환경연구원 > 총무팀,개인(성명 비공개),경조사 축의금 지급 건의,50000,8e0ade031dc12359a91837bb0813b9beb7b40d9976cbdf821a6404eecf039810,sheet1:R32,,,
8e0ade031dc12359-sheet1-R33,2026-02-24,busan-city,보건환경연구원 > 총무팀,주식회사 지앤지(G&G),2025년 수행 연구사업 원외심의회 관련 다과류 구매 건의(대기환경연구부),100000,8e0ade031dc12359a91837bb0813b9beb7b40d9976cbdf821a6404eecf039810,sheet1:R33,,,
8e0ade031dc12359-sheet1-R34,2026-02-24,busan-city,보건환경연구원 > 총무팀,사랑채,2025년 수행 연구사업 원외심의회 관련 간담회 개최 건의(대기환경연구부),443000,8e0ade031dc12359a91837bb0813b9beb7b40d9976cbdf821a6404eecf039810,sheet1:R34,,,
8e0ade031dc12359-sheet1-R35,2026-02-25,busan-city,보건환경연구원 > 총무팀,홈플러스(주)아시아드점,2025년 수행 연구사업 원외심의회 관련 다과류 구매 건의(물환경연구부),99780,8e0ade031dc12359a91837bb0813b9beb7b40d9976cbdf821a6404eecf039810,sheet1:R35,,,
8e0ade031dc12359-sheet1-R36,2026-02-27,busan-city,보건환경연구원 > 총무팀,사랑채,업무 간담회 개최 건의,300000,8e0ade031dc12359a91837bb0813b9beb7b40d9976cbdf821a6404eecf039810,sheet1:R36,,,
8e0ade031dc12359-sheet1-R37,2026-02-27,busan-city,보건환경연구원 > 총무팀,금복,업무 간담회 개최 건의,450000,8e0ade031dc12359a91837bb0813b9beb7b40d9976cbdf821a6404eecf039810,sheet1:R37,,,
8e0ade031dc12359-sheet1-R38,2026-03-05,busan-city,보건환경연구원 > 총무팀,만객당외 1,업무 간담회 개최에 따른 경비 지출 요청(생활환경팀),207000,8e0ade031dc12359a91837bb0813b9beb7b40d9976cbdf821a6404eecf039810,sheet1:R38,,,
8e0ade031dc12359-sheet1-R39,2026-03-06,busan-city,보건환경연구원 > 총무팀,식당3선 연제점,업무간담회 개최 건의(감염병연구부),240000,8e0ade031dc12359a91837bb0813b9beb7b40d9976cbdf821a6404eecf039810,sheet1:R39,,,
8e0ade031dc12359-sheet1-R40,2026-03-12,busan-city,보건환경연구원 > 총무팀,초연장어,업무 간담회 개최 건의,277000,8e0ade031dc12359a91837bb0813b9beb7b40d9976cbdf821a6404eecf039810,sheet1:R40,,,
8e0ade031dc12359-sheet1-R41,2026-03-15,busan-city,보건환경연구원 > 총무팀,개인(성명 비공개),경조사 부의금 지급 건의,50000,8e0ade031dc12359a91837bb0813b9beb7b40d9976cbdf821a6404eecf039810,sheet1:R41,,,
8e0ade031dc12359-sheet1-R42,2026-03-17,busan-city,보건환경연구원 > 총무팀,서가,식약품분야 연구심의위원회 업무 추진 간담회 개최 건의,140000,8e0ade031dc12359a91837bb0813b9beb7b40d9976cbdf821a6404eecf039810,sheet1:R42,,,
8e0ade031dc12359-sheet1-R43,2026-03-19,busan-city,보건환경연구원 > 총무팀,(주)우리마트만덕점,2026년 어린이활동공간 구군 담당자 교육 다과 구입 요청(환경보건팀),100000,8e0ade031dc12359a91837bb0813b9beb7b40d9976cbdf821a6404eecf039810,sheet1:R43,,,
8e0ade031dc12359-sheet1-R44,2026-03-20,busan-city,보건환경연구원 > 총무팀,은화횟집 2호점,예산결산특별위원회 관련 간담회 개최 건의,150000,8e0ade031dc12359a91837bb0813b9beb7b40d9976cbdf821a6404eecf039810,sheet1:R44,,,
8e0ade031dc12359-sheet1-R45,2026-03-23,busan-city,보건환경연구원 > 총무팀,개인(성명 비공개),경조사 축의금 지급 건의,50000,8e0ade031dc12359a91837bb0813b9beb7b40d9976cbdf821a6404eecf039810,sheet1:R45,,,
8e0ade031dc12359-sheet1-R46,2026-03-23,busan-city,보건환경연구원 > 총무팀,스타벅스 코리아외 1,업무간담회 개최 건의(대기환경연구부),97800,8e0ade031dc12359a91837bb0813b9beb7b40d9976cbdf821a6404eecf039810,sheet1:R46,,,
8e0ade031dc12359-sheet1-R47,2026-03-27,busan-city,보건환경연구원 > 총무팀,쌍화반점,업무간담회 개최 건의(물환경생태팀),51000,8e0ade031dc12359a91837bb0813b9beb7b40d9976cbdf821a6404eecf039810,sheet1:R47,,,
8e0ade031dc12359-sheet1-R48,2026-03-24,busan-city,보건환경연구원 > 총무팀,이흥용과자점,유관기관 업무 협의에 따른 다과 구입 건의,299200,8e0ade031dc12359a91837bb0813b9beb7b40d9976cbdf821a6404eecf039810,sheet1:R48,,,
8e0ade031dc12359-sheet1-R49,2026-03-31,busan-city,보건환경연구원 > 총무팀,롯데쇼핑(주)롯데마트화명점외 1,생물테러대응 실험실네트워크 담당자교육에 따른 다과 등 구입 건의,194690,8e0ade031dc12359a91837bb0813b9beb7b40d9976cbdf821a6404eecf039810,sheet1:R49,,,
438943ad4ccb868f-sheet1-R5,2026-02-11,busan-city,건설본부 > 건축시설부 > 건축1팀,메이리,2026년 부산형 선결제 추진,660000,438943ad4ccb868f812d98c215ae18d3420ebf404660a3ab5a2092586fdee704,sheet1:R5,,,
cda58e9345580bed-sheet1-R4,2026-01-07,busan-city,미래디자인본부 > 디자인산업혁신과,메이리,디자인산업 육성 방안 논의를 위한 간담회 개최,125000,cda58e9345580bed58a740bda8f176c96cc5595d5fad3cccb38c19f313a296cd,sheet1:R4,,,
cda58e9345580bed-sheet1-R5,2026-01-13,busan-city,미래디자인본부 > 디자인산업혁신과,취원3,2026년 부산형 선결제 추진,660000,cda58e9345580bed58a740bda8f176c96cc5595d5fad3cccb38c19f313a296cd,sheet1:R5,,,
cda58e9345580bed-sheet1-R6,2026-01-14,busan-city,미래디자인본부 > 디자인산업혁신과,은화횟집 2호점,2026년 부산형 선결제 추진,280000,cda58e9345580bed58a740bda8f176c96cc5595d5fad3cccb38c19f313a296cd,sheet1:R6,,,
cda58e9345580bed-sheet1-R7,2026-01-14,busan-city,미래디자인본부 > 디자인산업혁신과,은화횟집 2호점,2026년 부산형 선결제 추진,420000,cda58e9345580bed58a740bda8f176c96cc5595d5fad3cccb38c19f313a296cd,sheet1:R7,,,
cda58e9345580bed-sheet1-R8,2026-01-16,busan-city,미래디자인본부 > 디자인산업혁신과,원지(onez),세계디자인수도 선정 관련 기자단 현장 간담회 개최,234000,cda58e9345580bed58a740bda8f176c96cc5595d5fad3cccb38c19f313a296cd,sheet1:R8,,,
cda58e9345580bed-sheet1-R9,2026-02-02,busan-city,미래디자인본부 > 디자인산업혁신과,메이리,디자인기업 관계자 간담회,150000,cda58e9345580bed58a740bda8f176c96cc5595d5fad3cccb38c19f313a296cd,sheet1:R9,,,
cda58e9345580bed-sheet1-R10,2026-01-14,busan-city,미래디자인본부 > 디자인산업혁신과,"주식회사 지앤지(G&G) 시청점 문화의물결까사부사노부산근현대역사관점 연제지역자활센터, 카페가온비",부산 디자인 라이즈 프로젝트 추진 간담회,270500,cda58e9345580bed58a740bda8f176c96cc5595d5fad3cccb38c19f313a296cd,sheet1:R10,,,
cda58e9345580bed-sheet1-R11,2026-02-23,busan-city,미래디자인본부 > 디자인산업혁신과,CAN VADOR L ILLA MARINA MONCHO'S,세계디자인수도(WDC) 관련 스페인 엘리사바 대학 관계자 간담회,444530,cda58e9345580bed58a740bda8f176c96cc5595d5fad3cccb38c19f313a296cd,sheet1:R11,,,
cda58e9345580bed-sheet1-R12,2026-03-20,busan-city,미래디자인본부 > 디자인산업혁신과,메이리,리사이클 디자인 및 AI 산업 활성화 방안 논의 간담회,210000,cda58e9345580bed58a740bda8f176c96cc5595d5fad3cccb38c19f313a296cd,sheet1:R12,,,
cda58e9345580bed-sheet1-R13,2026-03-26,busan-city,미래디자인본부 > 디자인산업혁신과,마조레,부서 직원 격려 간담회,270000,cda58e9345580bed58a740bda8f176c96cc5595d5fad3cccb38c19f313a296cd,sheet1:R13,,,
e78f31ca919019fa-sheet1-R5,2026-03-30,busan-city,소방재난본부 > 소방행정과,부자회관 부산시청점,부산시 정원감사 관련 간담회 개최,420000,e78f31ca919019fa250c53fc43ce1ab7c06ee0efb58a4a37a60009b983ae2afa,sheet1:R5,,,
e78f31ca919019fa-sheet1-R6,2026-03-28,busan-city,소방재난본부 > 소방행정과,집무실,부의금 지급 요청,50000,e78f31ca919019fa250c53fc43ce1ab7c06ee0efb58a4a37a60009b983ae2afa,sheet1:R6,,,
e78f31ca919019fa-sheet1-R7,2026-03-27,busan-city,소방재난본부 > 소방행정과,동피랑 등 2개소,(시책)주요업무 및 현안업무 논의를 위한 시책추진 간담회 개최,279000,e78f31ca919019fa250c53fc43ce1ab7c06ee0efb58a4a37a60009b983ae2afa,sheet1:R7,,,
e78f31ca919019fa-sheet1-R8,2026-03-17,busan-city,소방재난본부 > 소방행정과,집무실,축의금 지급,50000,e78f31ca919019fa250c53fc43ce1ab7c06ee0efb58a4a37a60009b983ae2afa,sheet1:R8,,,
e78f31ca919019fa-sheet1-R9,2026-03-16,busan-city,소방재난본부 > 소방행정과,집무실,부의금 지급 요청,50000,e78f31ca919019fa250c53fc43ce1ab7c06ee0efb58a4a37a60009b983ae2afa,sheet1:R9,,,
e78f31ca919019fa-sheet1-R10,2026-03-11,busan-city,소방재난본부 > 소방행정과,트레이더스 연산점 등 3개소,소방재난본부 방문손님 접대 등을 위한 다과류 등 구매 협조 요청,290720,e78f31ca919019fa250c53fc43ce1ab7c06ee0efb58a4a37a60009b983ae2afa,sheet1:R10,,,
e78f31ca919019fa-sheet1-R11,2026-03-12,busan-city,소방재난본부 > 소방행정과,집무실,직원 사망에 따른 유가족 위로금 지급,100000,e78f31ca919019fa250c53fc43ce1ab7c06ee0efb58a4a37a60009b983ae2afa,sheet1:R11,,,
e78f31ca919019fa-sheet1-R12,2026-03-10,busan-city,소방재난본부 > 소방행정과,정원실비 연산점,소방시설 완공 합동지원단 위촉식 관련 시책추진 간담회 개최,269000,e78f31ca919019fa250c53fc43ce1ab7c06ee0efb58a4a37a60009b983ae2afa,sheet1:R12,,,
e78f31ca919019fa-sheet1-R13,2026-02-10,busan-city,소방재난본부 > 소방행정과,수제국수(부산시청점),기자 간담회 개최 계획 보고(알림),400000,e78f31ca919019fa250c53fc43ce1ab7c06ee0efb58a4a37a60009b983ae2afa,sheet1:R13,,,
e78f31ca919019fa-sheet1-R14,2026-03-04,busan-city,소방재난본부 > 소방행정과,개인(성명 비공개),순직 소방공무원 추모식 물품 구매 요청,59000,e78f31ca919019fa250c53fc43ce1ab7c06ee0efb58a4a37a60009b983ae2afa,sheet1:R14,,,
e78f31ca919019fa-sheet1-R15,2026-02-03,busan-city,소방재난본부 > 소방행정과,플래티넘페이먼츠,소방재난본부 방문손님 접대 등을 위한 다과류 등 구매 협조 요청(이마트몰),152730,e78f31ca919019fa250c53fc43ce1ab7c06ee0efb58a4a37a60009b983ae2afa,sheet1:R15,,,
e78f31ca919019fa-sheet1-R16,2026-02-03,busan-city,소방재난본부 > 소방행정과,충남청과상회,소방재난본부 방문손님 접대 등을 위한 다과류 등 구매 협조 요청(충남청과상회),100000,e78f31ca919019fa250c53fc43ce1ab7c06ee0efb58a4a37a60009b983ae2afa,sheet1:R16,,,
e78f31ca919019fa-sheet1-R17,2026-02-06,busan-city,소방재난본부 > 소방행정과,주식회사 정짓간초량 등 2개소,전기버스 화재진압장치 시연 관련 언론사 시책추진 간담회 개최,261200,e78f31ca919019fa250c53fc43ce1ab7c06ee0efb58a4a37a60009b983ae2afa,sheet1:R17,,,
e78f31ca919019fa-sheet1-R18,2026-02-09,busan-city,소방재난본부 > 소방행정과,트레이더스 연산점,소방행정타운 공무직 근로자 설 명절 격려품 구매,269880,e78f31ca919019fa250c53fc43ce1ab7c06ee0efb58a4a37a60009b983ae2afa,sheet1:R18,,,
e78f31ca919019fa-sheet1-R19,2026-02-09,busan-city,소방재난본부 > 소방행정과,섹타나인_코페이_비인증_일반,기자 간담회 개최 계획 보고(알림),250000,e78f31ca919019fa250c53fc43ce1ab7c06ee0efb58a4a37a60009b983ae2afa,sheet1:R19,,,
e78f31ca919019fa-sheet1-R20,2026-02-06,busan-city,소방재난본부 > 소방행정과,주식회사 디에이블,소방재난본부 공무직 실무관 소통 간담회 개최,192500,e78f31ca919019fa250c53fc43ce1ab7c06ee0efb58a4a37a60009b983ae2afa,sheet1:R20,,,
e78f31ca919019fa-sheet1-R21,2026-02-03,busan-city,소방재난본부 > 소방행정과,금화농원,부산지방고용노동청장 자녀 결혼 화환 구입 요청,90000,e78f31ca919019fa250c53fc43ce1ab7c06ee0efb58a4a37a60009b983ae2afa,sheet1:R21,,,
e78f31ca919019fa-sheet1-R22,2026-02-04,busan-city,소방재난본부 > 소방행정과,미남스시,기자 간담회 개최 계획 보고(알림),216000,e78f31ca919019fa250c53fc43ce1ab7c06ee0efb58a4a37a60009b983ae2afa,sheet1:R22,,,
e78f31ca919019fa-sheet1-R23,2026-02-03,busan-city,소방재난본부 > 소방행정과,㈜신화아이푸드,찾아가는 상담실 소방관서장(본부장) 간담회 개최 계획 보고(선결제),480000,e78f31ca919019fa250c53fc43ce1ab7c06ee0efb58a4a37a60009b983ae2afa,sheet1:R23,,,
e78f31ca919019fa-sheet1-R24,2026-02-02,busan-city,소방재난본부 > 소방행정과,어부심 해풍코다리 시청점,시의회 해양도시안전위원회 전문위원실 간담회 개최(선결제),320000,e78f31ca919019fa250c53fc43ce1ab7c06ee0efb58a4a37a60009b983ae2afa,sheet1:R24,,,
e78f31ca919019fa-sheet1-R25,2026-02-03,busan-city,소방재난본부 > 소방행정과,부자회관 부산시청점,(시책)공무원 정원조례 개정(직급비율 조정) 협의 간담회(선결제),440000,e78f31ca919019fa250c53fc43ce1ab7c06ee0efb58a4a37a60009b983ae2afa,sheet1:R25,,,
e78f31ca919019fa-sheet1-R26,2026-02-02,busan-city,소방재난본부 > 소방행정과,메이리,정책 및 성과관리 평가업무 유관기관 업무협의 간담회 개최,360000,e78f31ca919019fa250c53fc43ce1ab7c06ee0efb58a4a37a60009b983ae2afa,sheet1:R26,,,
e78f31ca919019fa-sheet1-R27,2026-02-03,busan-city,소방재난본부 > 소방행정과,우나기 만,(시책)2026년 조직개편 관련 업무협의 간담회(선결제),440000,e78f31ca919019fa250c53fc43ce1ab7c06ee0efb58a4a37a60009b983ae2afa,sheet1:R27,,,
e78f31ca919019fa-sheet1-R28,2026-02-03,busan-city,소방재난본부 > 소방행정과,독도참가자미회,(시책)2026년 공무직 통합채용 관련 업무협의 간담회(선결제),320000,e78f31ca919019fa250c53fc43ce1ab7c06ee0efb58a4a37a60009b983ae2afa,sheet1:R28,,,
e78f31ca919019fa-sheet1-R29,2026-02-03,busan-city,소방재난본부 > 소방행정과,무등소갈비 연산시청점,"(시책)기준인건비 반영(조례, 규칙) 개정 업무협의 간담회 개최(선결제)",480000,e78f31ca919019fa250c53fc43ce1ab7c06ee0efb58a4a37a60009b983ae2afa,sheet1:R29,,,
e78f31ca919019fa-sheet1-R30,2026-02-02,busan-city,소방재난본부 > 소방행정과,부자회관 부산시청점,2026년 제1회 추가경정예산 관련 실무협의 간담회 개최(선결제),480000,e78f31ca919019fa250c53fc43ce1ab7c06ee0efb58a4a37a60009b983ae2afa,sheet1:R30,,,
e78f31ca919019fa-sheet1-R31,2026-02-02,busan-city,소방재난본부 > 소방행정과,부산댁 부산시청점,시의회 상임위원회 소통 간담회 개최(선결제),400000,e78f31ca919019fa250c53fc43ce1ab7c06ee0efb58a4a37a60009b983ae2afa,sheet1:R31,,,
e78f31ca919019fa-sheet1-R32,2026-02-02,busan-city,소방재난본부 > 소방행정과,토곡식육식당,국민행복 소방정책 중간평가 담당자 간담회 개최(선결제),280000,e78f31ca919019fa250c53fc43ce1ab7c06ee0efb58a4a37a60009b983ae2afa,sheet1:R32,,,
e78f31ca919019fa-sheet1-R33,2026-02-02,busan-city,소방재난본부 > 소방행정과,연산낙지해물탕,소방서 기획업무 담당자 실무 소통간담회 개최(선결제),320000,e78f31ca919019fa250c53fc43ce1ab7c06ee0efb58a4a37a60009b983ae2afa,sheet1:R33,,,
e78f31ca919019fa-sheet1-R34,2026-02-02,busan-city,소방재난본부 > 소방행정과,영남 돼지갈비,구급차 이송지연 관련 소방청 담당자 대책논의 간담회 개최,240000,e78f31ca919019fa250c53fc43ce1ab7c06ee0efb58a4a37a60009b983ae2afa,sheet1:R34,,,
e78f31ca919019fa-sheet1-R35,2026-01-30,busan-city,소방재난본부 > 소방행정과,주식회사 반상,부산 기관장 소방정책 만찬 간담회 개최(선결제),300000,e78f31ca919019fa250c53fc43ce1ab7c06ee0efb58a4a37a60009b983ae2afa,sheet1:R35,,,
e78f31ca919019fa-sheet1-R36,2026-01-30,busan-city,소방재난본부 > 소방행정과,주식회사 반상,부산 기관장 소방정책 협의 간담회 개최(선결제),300000,e78f31ca919019fa250c53fc43ce1ab7c06ee0efb58a4a37a60009b983ae2afa,sheet1:R36,,,
e78f31ca919019fa-sheet1-R37,2026-01-28,busan-city,소방재난본부 > 소방행정과,하오반점,기자 간담회 개최 계획 보고(알림),400000,e78f31ca919019fa250c53fc43ce1ab7c06ee0efb58a4a37a60009b983ae2afa,sheet1:R37,,,
e78f31ca919019fa-sheet1-R38,2026-01-27,busan-city,소방재난본부 > 소방행정과,집무실,부의금 지급 요청,50000,e78f31ca919019fa250c53fc43ce1ab7c06ee0efb58a4a37a60009b983ae2afa,sheet1:R38,,,
e78f31ca919019fa-sheet1-R39,2026-01-23,busan-city,소방재난본부 > 소방행정과,금화농원,KBS부산총국장 취임 관련 축분 구매 요청,55000,e78f31ca919019fa250c53fc43ce1ab7c06ee0efb58a4a37a60009b983ae2afa,sheet1:R39,,,
e78f31ca919019fa-sheet1-R40,2026-01-20,busan-city,소방재난본부 > 소방행정과,집무실,부의금 지급,50000,e78f31ca919019fa250c53fc43ce1ab7c06ee0efb58a4a37a60009b983ae2afa,sheet1:R40,,,
e78f31ca919019fa-sheet1-R41,2026-01-14,busan-city,소방재난본부 > 소방행정과,남천집(중동점),소방재난본부 유관기관 소방정책 간담회 개최,105000,e78f31ca919019fa250c53fc43ce1ab7c06ee0efb58a4a37a60009b983ae2afa,sheet1:R41,,,
e78f31ca919019fa-sheet1-R42,2026-01-13,busan-city,소방재난본부 > 소방행정과,금화농원,육군 제53보병사단장 취임 축분 구매,49000,e78f31ca919019fa250c53fc43ce1ab7c06ee0efb58a4a37a60009b983ae2afa,sheet1:R42,,,
e78f31ca919019fa-sheet1-R43,2026-01-14,busan-city,소방재난본부 > 소방행정과,금화농원,공군 제12대 기동정찰사령관 취임 축분 구매,49000,e78f31ca919019fa250c53fc43ce1ab7c06ee0efb58a4a37a60009b983ae2afa,sheet1:R43,,,
e78f31ca919019fa-sheet1-R44,2026-01-14,busan-city,소방재난본부 > 소방행정과,주식회사 글로벌양상국,소방재난본부 유관기관 소방정책 간담회 개최,116000,e78f31ca919019fa250c53fc43ce1ab7c06ee0efb58a4a37a60009b983ae2afa,sheet1:R44,,,
e78f31ca919019fa-sheet1-R45,2026-01-09,busan-city,소방재난본부 > 소방행정과,충남청과상회 등 2개소,소방재난본부 방문손님 접대 등을 위한 다과류 등 구매 협조 요청,204810,e78f31ca919019fa250c53fc43ce1ab7c06ee0efb58a4a37a60009b983ae2afa,sheet1:R45,,,
e78f31ca919019fa-sheet1-R46,2026-01-02,busan-city,소방재난본부 > 소방행정과,마우스노우 커피,소방재난본부 공무직 근로자 격려 계획 보고,80000,e78f31ca919019fa250c53fc43ce1ab7c06ee0efb58a4a37a60009b983ae2afa,sheet1:R46,,,
b25e1fccd8db317c-sheet1-R4,2026-01-08,busan-city,부산근현대역사관 > 관리팀,까사부사노(근현대역사관 지점),내방객 제공 다과류 구입,78200,b25e1fccd8db317c3aacabb6e668e748642065e30bcdb6faf4c0b30b47b13bdf,sheet1:R4,,,
b25e1fccd8db317c-sheet1-R5,2026-01-19,busan-city,부산근현대역사관 > 관리팀,루아앤티그리(광복점),부산근현대역사관 간담회 개최,188000,b25e1fccd8db317c3aacabb6e668e748642065e30bcdb6faf4c0b30b47b13bdf,sheet1:R5,,,
b25e1fccd8db317c-sheet1-R6,2026-01-22,busan-city,부산근현대역사관 > 관리팀,까사부사노(근현대역사관 지점),2026 한국은행 아카이브실 운영을 위한 간담회비 지출 의뢰,105000,b25e1fccd8db317c3aacabb6e668e748642065e30bcdb6faf4c0b30b47b13bdf,sheet1:R6,,,
b25e1fccd8db317c-sheet1-R7,2026-01-26,busan-city,부산근현대역사관 > 관리팀,까사부사노(근현대역사관 지점),부산일보 관계자 등 업무추진 간담회 개최,35600,b25e1fccd8db317c3aacabb6e668e748642065e30bcdb6faf4c0b30b47b13bdf,sheet1:R7,,,
b25e1fccd8db317c-sheet1-R8,2026-02-04,busan-city,부산근현대역사관 > 관리팀,"쿠팡, 블루샥(남포)",예비큐레이터 채용 면접심사 관련 다과 등 구입,56780,b25e1fccd8db317c3aacabb6e668e748642065e30bcdb6faf4c0b30b47b13bdf,sheet1:R8,,,
b25e1fccd8db317c-sheet1-R9,2026-01-29,busan-city,부산근현대역사관 > 관리팀,"샤브남바완(남포), 블루샥(남포)",인사발령 및 현안업무 추진에 따른 운영팀 직원 격려 간담회 개최,214000,b25e1fccd8db317c3aacabb6e668e748642065e30bcdb6faf4c0b30b47b13bdf,sheet1:R9,,,
b25e1fccd8db317c-sheet1-R10,2026-01-29,busan-city,부산근현대역사관 > 관리팀,텐퍼센트(남포),공무직 대체기간제 채용 면접심사 관련 다과 등 구입,11800,b25e1fccd8db317c3aacabb6e668e748642065e30bcdb6faf4c0b30b47b13bdf,sheet1:R10,,,
b25e1fccd8db317c-sheet1-R11,2026-01-28,busan-city,부산근현대역사관 > 관리팀,큰집,부산근현대역사관 인사발령에 따른 직원 간담회 개최,133000,b25e1fccd8db317c3aacabb6e668e748642065e30bcdb6faf4c0b30b47b13bdf,sheet1:R11,,,
b25e1fccd8db317c-sheet1-R12,2026-01-28,busan-city,부산근현대역사관 > 관리팀,블루샥(남포),부산근현대역사관 인사발령에 따른 직원 간담회 개최,24400,b25e1fccd8db317c3aacabb6e668e748642065e30bcdb6faf4c0b30b47b13bdf,sheet1:R12,,,
b25e1fccd8db317c-sheet1-R13,2026-01-29,busan-city,부산근현대역사관 > 관리팀,샤브남바완(남포),인사발령에 따른 관리팀 직원 간담회 개최,143000,b25e1fccd8db317c3aacabb6e668e748642065e30bcdb6faf4c0b30b47b13bdf,sheet1:R13,,,
b25e1fccd8db317c-sheet1-R14,2026-02-04,busan-city,부산근현대역사관 > 관리팀,까사부사노(근현대역사관 지점),2026년 테마교류전 개최를 위한 간담회 개최,140000,b25e1fccd8db317c3aacabb6e668e748642065e30bcdb6faf4c0b30b47b13bdf,sheet1:R14,,,
b25e1fccd8db317c-sheet1-R15,2026-02-05,busan-city,부산근현대역사관 > 관리팀,"이대명과, 프레시 원",설 연휴 자원봉사자 격려용 다과 등 구입 의뢰,166700,b25e1fccd8db317c3aacabb6e668e748642065e30bcdb6faf4c0b30b47b13bdf,sheet1:R15,,,
b25e1fccd8db317c-sheet1-R16,2026-02-06,busan-city,부산근현대역사관 > 관리팀,이재모피자(광복배달),인사발령에 따른 관리팀 직원 간담회 개최,82400,b25e1fccd8db317c3aacabb6e668e748642065e30bcdb6faf4c0b30b47b13bdf,sheet1:R16,,,
b25e1fccd8db317c-sheet1-R17,2026-02-11,busan-city,부산근현대역사관 > 관리팀,샤브남바완(남포),시 등록문화유산 조사 관련 간담회 개최,171000,b25e1fccd8db317c3aacabb6e668e748642065e30bcdb6faf4c0b30b47b13bdf,sheet1:R17,,,
b25e1fccd8db317c-sheet1-R18,2026-02-24,busan-city,부산근현대역사관 > 관리팀,남포문고,2026년 상반기 직원 문화활동 지원물품 구입,1200000,b25e1fccd8db317c3aacabb6e668e748642065e30bcdb6faf4c0b30b47b13bdf,sheet1:R18,,,
b25e1fccd8db317c-sheet1-R19,2026-03-05,busan-city,부산근현대역사관 > 관리팀,남포문고,설 명절맞이 사회복무요원 격려품 구입,60000,b25e1fccd8db317c3aacabb6e668e748642065e30bcdb6faf4c0b30b47b13bdf,sheet1:R19,,,
b25e1fccd8db317c-sheet1-R20,2026-02-11,busan-city,부산근현대역사관 > 관리팀,해쉬(Hash),어린이 체험실 설 연휴 운영 격려 간담회 개최,200000,b25e1fccd8db317c3aacabb6e668e748642065e30bcdb6faf4c0b30b47b13bdf,sheet1:R20,,,
b25e1fccd8db317c-sheet1-R21,2026-02-12,busan-city,부산근현대역사관 > 관리팀,모리쵸광복점,인사발령에 따른 운영팀 간담회 개최,141000,b25e1fccd8db317c3aacabb6e668e748642065e30bcdb6faf4c0b30b47b13bdf,sheet1:R21,,,
b25e1fccd8db317c-sheet1-R22,2026-02-24,busan-city,부산근현대역사관 > 관리팀,쿠팡,「2026년 따뜻한 설 명절 보내기」관련 물품 전달 계획,219070,b25e1fccd8db317c3aacabb6e668e748642065e30bcdb6faf4c0b30b47b13bdf,sheet1:R22,,,
b25e1fccd8db317c-sheet1-R23,2026-02-24,busan-city,부산근현대역사관 > 관리팀,"파리바게뜨(대청), 프로유통",휴일 근무 직원 격려 다과류 등 구입,149400,b25e1fccd8db317c3aacabb6e668e748642065e30bcdb6faf4c0b30b47b13bdf,sheet1:R23,,,
b25e1fccd8db317c-sheet1-R24,2026-03-03,busan-city,부산근현대역사관 > 관리팀,블루샥(남포),2026년 신규 자원봉사자 간담회 개최,55000,b25e1fccd8db317c3aacabb6e668e748642065e30bcdb6faf4c0b30b47b13bdf,sheet1:R24,,,
b25e1fccd8db317c-sheet1-R25,2026-03-20,busan-city,부산근현대역사관 > 관리팀,까사부사노(근현대역사관 지점),내방객 제공 다과류 구입,51300,b25e1fccd8db317c3aacabb6e668e748642065e30bcdb6faf4c0b30b47b13bdf,sheet1:R25,,,
b25e1fccd8db317c-sheet1-R26,2026-03-24,busan-city,부산근현대역사관 > 관리팀,쿠팡,사무실 다과 등 구입,122700,b25e1fccd8db317c3aacabb6e668e748642065e30bcdb6faf4c0b30b47b13bdf,sheet1:R26,,,
b25e1fccd8db317c-sheet1-R27,2026-03-25,busan-city,부산근현대역사관 > 관리팀,"이재모피자(남포), 그리다부부",부산근현대역사관 직원 간담회 개최,94000,b25e1fccd8db317c3aacabb6e668e748642065e30bcdb6faf4c0b30b47b13bdf,sheet1:R27,,,
b25e1fccd8db317c-sheet1-R28,2026-03-25,busan-city,부산근현대역사관 > 관리팀,쿠팡,유물평가위원회 회의 다과 구입,35140,b25e1fccd8db317c3aacabb6e668e748642065e30bcdb6faf4c0b30b47b13bdf,sheet1:R28,,,
b25e1fccd8db317c-sheet1-R29,2026-03-26,busan-city,부산근현대역사관 > 관리팀,이재모피자(남포),특별기획전 자료 협조 및 기관 교류 추진을 위한 간담회비 지출의뢰,72200,b25e1fccd8db317c3aacabb6e668e748642065e30bcdb6faf4c0b30b47b13bdf,sheet1:R29,,,
b25e1fccd8db317c-sheet1-R30,2026-03-26,busan-city,부산근현대역사관 > 관리팀,"광복경양식, 블루샥(남포)",관리팀 직원 간담회 개최,196800,b25e1fccd8db317c3aacabb6e668e748642065e30bcdb6faf4c0b30b47b13bdf,sheet1:R30,,,
b25e1fccd8db317c-sheet1-R31,2026-03-31,busan-city,부산근현대역사관 > 관리팀,파티빈,2026년 자원봉사자 발대식 및 소양교육에 따른 다과구입 의뢰,435000,b25e1fccd8db317c3aacabb6e668e748642065e30bcdb6faf4c0b30b47b13bdf,sheet1:R31,,,
b25e1fccd8db317c-sheet1-R32,2026-03-31,busan-city,부산근현대역사관 > 관리팀,쿠팡,당직 근무 직원용 다과류 등 구입,29850,b25e1fccd8db317c3aacabb6e668e748642065e30bcdb6faf4c0b30b47b13bdf,sheet1:R32,,,
b25e1fccd8db317c-sheet2-R4,2026-01-06,busan-city,부산근현대역사관 > 관리팀,달고방,민원인들을 위한 다과류 구입(임시),76000,b25e1fccd8db317c3aacabb6e668e748642065e30bcdb6faf4c0b30b47b13bdf,sheet2:R4,,,
b25e1fccd8db317c-sheet2-R5,2026-02-04,busan-city,부산근현대역사관 > 관리팀,호두팡팡,민원인들을 위한 다과류 구입(임시),40000,b25e1fccd8db317c3aacabb6e668e748642065e30bcdb6faf4c0b30b47b13bdf,sheet2:R5,,,
b25e1fccd8db317c-sheet2-R6,2026-02-05,busan-city,부산근현대역사관 > 관리팀,부민정,26년 상반기 인사이동에 따른 직원 간담회 개최(임시),196000,b25e1fccd8db317c3aacabb6e668e748642065e30bcdb6faf4c0b30b47b13bdf,sheet2:R6,,,
b25e1fccd8db317c-sheet2-R7,2026-02-23,busan-city,부산근현대역사관 > 관리팀,한바다돌솥,현안업무 추진을 위한 직원 격려 간담회 개최(임시),33000,b25e1fccd8db317c3aacabb6e668e748642065e30bcdb6faf4c0b30b47b13bdf,sheet2:R7,,,
b25e1fccd8db317c-sheet2-R8,2026-02-27,busan-city,부산근현대역사관 > 관리팀,자갈치식당,26년 신규 교육 프로그램 운영 관련 직원 간담회 개최(임시),60000,b25e1fccd8db317c3aacabb6e668e748642065e30bcdb6faf4c0b30b47b13bdf,sheet2:R8,,,
b25e1fccd8db317c-sheet2-R9,2026-03-05,busan-city,부산근현대역사관 > 관리팀,해랑,인사이동에 따른 직원 간담회 개최(임시),69300,b25e1fccd8db317c3aacabb6e668e748642065e30bcdb6faf4c0b30b47b13bdf,sheet2:R9,,,
b25e1fccd8db317c-sheet2-R10,2026-03-09,busan-city,부산근현대역사관 > 관리팀,달고방,민원인들을 위한 다과류 구입(임시),122000,b25e1fccd8db317c3aacabb6e668e748642065e30bcdb6faf4c0b30b47b13bdf,sheet2:R10,,,
b25e1fccd8db317c-sheet2-R11,2026-03-17,busan-city,부산근현대역사관 > 관리팀,차차알,신규 직원 환영 간담회 개최(임시),114000,b25e1fccd8db317c3aacabb6e668e748642065e30bcdb6faf4c0b30b47b13bdf,sheet2:R11,,,
b25e1fccd8db317c-sheet2-R12,2026-03-20,busan-city,부산근현대역사관 > 관리팀,부민정,2026년 자원봉사자 간담회 개최(임시),225000,b25e1fccd8db317c3aacabb6e668e748642065e30bcdb6faf4c0b30b47b13bdf,sheet2:R12,,,
b25e1fccd8db317c-sheet2-R13,2026-03-30,busan-city,부산근현대역사관 > 관리팀,고더커피,민원인들을 위한 다과류 구입(임시),26300,b25e1fccd8db317c3aacabb6e668e748642065e30bcdb6faf4c0b30b47b13bdf,sheet2:R13,,,
6a2b613591d49c60-sheet1-R5,2026-01-08,busan-city,금정소방서 > 소방행정과,금정소방서,2026년 상반기 인사이동에 따른 전출 직원 격려 간담회 등,55100,6a2b613591d49c609996ef7a8858428cbe96c44206cd1d92dd5ceb253f76663a,sheet1:R5,,,
6a2b613591d49c60-sheet1-R6,2026-01-13,busan-city,금정소방서 > 소방행정과,금정소방서,2026년 상반기 인사이동에 따른 전입 직원 격려 다과회 등,70450,6a2b613591d49c609996ef7a8858428cbe96c44206cd1d92dd5ceb253f76663a,sheet1:R6,,,
6a2b613591d49c60-sheet1-R7,2026-01-30,busan-city,금정소방서 > 소방행정과,인근식당,2026년 상반기 인사이동에 따른 소방경 이상 내근 직원 격려 간담회 개최,354000,6a2b613591d49c609996ef7a8858428cbe96c44206cd1d92dd5ceb253f76663a,sheet1:R7,,,
6a2b613591d49c60-sheet1-R8,2026-02-06,busan-city,금정소방서 > 소방행정과,금정소방서,"2026년 설 명절 보조인력(공무직, 사회복무요원 등) 격려품 구입",272500,6a2b613591d49c609996ef7a8858428cbe96c44206cd1d92dd5ceb253f76663a,sheet1:R8,,,
6a2b613591d49c60-sheet1-R9,2026-02-09,busan-city,금정소방서 > 소방행정과,인근식당,2026년 금정소방서 내근 비간부 소방공무원 소통 간담회,200000,6a2b613591d49c609996ef7a8858428cbe96c44206cd1d92dd5ceb253f76663a,sheet1:R9,,,
6a2b613591d49c60-sheet1-R10,2026-02-19,busan-city,금정소방서 > 소방행정과,금정소방서,2026년 신임 소방공무원 실습직원 격려 간담회 간식 구매,89000,6a2b613591d49c609996ef7a8858428cbe96c44206cd1d92dd5ceb253f76663a,sheet1:R10,,,
6a2b613591d49c60-sheet1-R11,2026-02-19,busan-city,금정소방서 > 소방행정과,인근식당,각 부서장 현안업무 공유 및 협업체계 강화 간담회 개최,236000,6a2b613591d49c609996ef7a8858428cbe96c44206cd1d92dd5ceb253f76663a,sheet1:R11,,,
6a2b613591d49c60-sheet1-R12,2026-02-23,busan-city,금정소방서 > 소방행정과,금정소방서,(구조구급과)2026년 동계 수난 인명구조 훈련 참가자 격려금 지급,200000,6a2b613591d49c609996ef7a8858428cbe96c44206cd1d92dd5ceb253f76663a,sheet1:R12,,,
6a2b613591d49c60-sheet1-R13,2026-02-25,busan-city,금정소방서 > 소방행정과,금정소방서,직원 경조사 발생에 따른 축의금 지급,50000,6a2b613591d49c609996ef7a8858428cbe96c44206cd1d92dd5ceb253f76663a,sheet1:R13,,,
6a2b613591d49c60-sheet1-R14,2026-03-05,busan-city,금정소방서 > 소방행정과,금정소방서,2026년 내근 직원 격려 간담회 개최,332000,6a2b613591d49c609996ef7a8858428cbe96c44206cd1d92dd5ceb253f76663a,sheet1:R14,,,
6a2b613591d49c60-sheet1-R15,2026-03-23,busan-city,금정소방서 > 소방행정과,금정소방서,직원 경조사 발생에 따른 부의금 지급,50000,6a2b613591d49c609996ef7a8858428cbe96c44206cd1d92dd5ceb253f76663a,sheet1:R15,,,
6a2b613591d49c60-sheet1-R16,2026-02-02,busan-city,금정소방서 > 소방행정과,금정소방서,2026년 구급서비스 향상을 위한 유관기관 시책 간담회 개최,69900,6a2b613591d49c609996ef7a8858428cbe96c44206cd1d92dd5ceb253f76663a,sheet1:R16,,,
6a2b613591d49c60-sheet1-R17,2026-03-18,busan-city,금정소방서 > 소방행정과,금정소방서,찾아가는 상담실 관서장 간담회,144000,6a2b613591d49c609996ef7a8858428cbe96c44206cd1d92dd5ceb253f76663a,sheet1:R17,,,
4fc48891969a28f2-sheet1-R5,2026-01-07,busan-city,부산진소방서 > 소방행정과,서면집(부전동 소재),연말연시 업무추진 노고격려 간담회,569000,4fc48891969a28f2903be7b6bd69bbb44c73fd0b6e5247bb7bc6ea857b73ade9,sheet1:R5,,,
4fc48891969a28f2-sheet1-R6,2026-01-07,busan-city,부산진소방서 > 소방행정과,OO장례식장,조의금 지급,50000,4fc48891969a28f2903be7b6bd69bbb44c73fd0b6e5247bb7bc6ea857b73ade9,sheet1:R6,,,
4fc48891969a28f2-sheet1-R7,2026-02-01,busan-city,부산진소방서 > 소방행정과,OO결혼식장,축의금 지급,50000,4fc48891969a28f2903be7b6bd69bbb44c73fd0b6e5247bb7bc6ea857b73ade9,sheet1:R7,,,
4fc48891969a28f2-sheet1-R8,2026-02-10,busan-city,부산진소방서 > 소방행정과,징기스서면점(부전동 소재),효율적인 현장활동 등 관내 유관기관 협업을 위한 간담회 개최,205000,4fc48891969a28f2903be7b6bd69bbb44c73fd0b6e5247bb7bc6ea857b73ade9,sheet1:R8,,,
4fc48891969a28f2-sheet1-R9,2026-03-04,busan-city,부산진소방서 > 소방행정과,야타이미세(전포동 소재),2026년 긴급구조대응 담당부서 업무추진 간담회 개최,116900,4fc48891969a28f2903be7b6bd69bbb44c73fd0b6e5247bb7bc6ea857b73ade9,sheet1:R9,,,
4fc48891969a28f2-sheet1-R10,2026-03-22,busan-city,부산진소방서 > 소방행정과,OO결혼식장,축의금 지급,50000,4fc48891969a28f2903be7b6bd69bbb44c73fd0b6e5247bb7bc6ea857b73ade9,sheet1:R10,,,
4fc48891969a28f2-sheet1-R11,2026-03-28,busan-city,부산진소방서 > 소방행정과,OO결혼식장,축의금 지급,50000,4fc48891969a28f2903be7b6bd69bbb44c73fd0b6e5247bb7bc6ea857b73ade9,sheet1:R11,,,
4fc48891969a28f2-sheet1-R12,2026-03-12,busan-city,부산진소방서 > 소방행정과,풍미(거제동 소재),2026년 기자 설명회(간담회) 개최,300000,4fc48891969a28f2903be7b6bd69bbb44c73fd0b6e5247bb7bc6ea857b73ade9,sheet1:R12,,,
7babd1487e870987-sheet1-R5,2026-01-10,busan-city,남부소방서 > 소방행정과,백인근,경조금 지출계획 보고(교.백인근),50000,7babd1487e870987cbdadc2096668c111c50dc6ffa548a0689f1dffb39311d74,sheet1:R5,,,
7babd1487e870987-sheet1-R6,2026-01-13,busan-city,남부소방서 > 소방행정과,다미복국,내근 전입직원 업무 격려 간담회,50000,7babd1487e870987cbdadc2096668c111c50dc6ffa548a0689f1dffb39311d74,sheet1:R6,,,
7babd1487e870987-sheet1-R7,2026-01-15,busan-city,남부소방서 > 소방행정과,KCP(상품권),2025년 4분기 자체 수범사례 선정직원 격려품(쿠폰) 구매,124800,7babd1487e870987cbdadc2096668c111c50dc6ffa548a0689f1dffb39311d74,sheet1:R7,,,
7babd1487e870987-sheet1-R8,2026-01-21,busan-city,남부소방서 > 소방행정과,(주)반상,본부 부서 업무협의 간담회 개최,90000,7babd1487e870987cbdadc2096668c111c50dc6ffa548a0689f1dffb39311d74,sheet1:R8,,,
7babd1487e870987-sheet1-R9,2026-02-03,busan-city,남부소방서 > 소방행정과,예옌,(구조구급과)현장 구급대원 소통 간담회,280000,7babd1487e870987cbdadc2096668c111c50dc6ffa548a0689f1dffb39311d74,sheet1:R9,,,
7babd1487e870987-sheet1-R10,2026-02-02,busan-city,남부소방서 > 소방행정과,11번가,부속실 민원인 응대용 물품 구입,43200,7babd1487e870987cbdadc2096668c111c50dc6ffa548a0689f1dffb39311d74,sheet1:R10,,,
7babd1487e870987-sheet1-R11,2026-02-03,busan-city,남부소방서 > 소방행정과,페팽과자점외 1,(구조구급과)남부소방서 현장 구급대원 소통 간담회,53000,7babd1487e870987cbdadc2096668c111c50dc6ffa548a0689f1dffb39311d74,sheet1:R11,,,
7babd1487e870987-sheet1-R12,2026-02-04,busan-city,남부소방서 > 소방행정과,텐퍼센트 광일로점,부속실 민원인 응대용 물품 구입,26000,7babd1487e870987cbdadc2096668c111c50dc6ffa548a0689f1dffb39311d74,sheet1:R12,,,
7babd1487e870987-sheet1-R13,2026-02-01,busan-city,남부소방서 > 소방행정과,강정구,경조금 지출(경.강정구),50000,7babd1487e870987cbdadc2096668c111c50dc6ffa548a0689f1dffb39311d74,sheet1:R13,,,
7babd1487e870987-sheet1-R14,2026-02-06,busan-city,남부소방서 > 소방행정과,G마켓(1566-5701),2026년 설 명절 공무직 근로자 등 격려물품 구매,413270,7babd1487e870987cbdadc2096668c111c50dc6ffa548a0689f1dffb39311d74,sheet1:R14,,,
7babd1487e870987-sheet1-R15,2026-02-11,busan-city,남부소방서 > 소방행정과,광안돌풍짱터외 1,2026년 설 명절 특별경계근무 직원 격려품 구매,1932840,7babd1487e870987cbdadc2096668c111c50dc6ffa548a0689f1dffb39311d74,sheet1:R15,,,
7babd1487e870987-sheet1-R16,2026-02-12,busan-city,남부소방서 > 소방행정과,대만만두,관내 출입기자 간담회 개최,241000,7babd1487e870987cbdadc2096668c111c50dc6ffa548a0689f1dffb39311d74,sheet1:R16,,,
7babd1487e870987-sheet1-R17,2026-02-25,busan-city,남부소방서 > 소방행정과,스타벅스코리아외 1,2026년 업무유공 직원 격려품 구입,120000,7babd1487e870987cbdadc2096668c111c50dc6ffa548a0689f1dffb39311d74,sheet1:R17,,,
7babd1487e870987-sheet1-R18,2026-02-26,busan-city,남부소방서 > 소방행정과,다미복국,건전한 소통과 상호협력을 위한 소통간담회 개최,105000,7babd1487e870987cbdadc2096668c111c50dc6ffa548a0689f1dffb39311d74,sheet1:R18,,,
7babd1487e870987-sheet1-R19,2026-02-10,busan-city,남부소방서 > 소방행정과,조재혁외 1,"경조금 지출 (교.조재혁, 사.염예찬)",100000,7babd1487e870987cbdadc2096668c111c50dc6ffa548a0689f1dffb39311d74,sheet1:R19,,,
7babd1487e870987-sheet1-R20,2026-03-04,busan-city,남부소방서 > 소방행정과,세모집,현안업무 추진 관련 격려 간담회 개최,250000,7babd1487e870987cbdadc2096668c111c50dc6ffa548a0689f1dffb39311d74,sheet1:R20,,,
7babd1487e870987-sheet1-R21,2026-03-10,busan-city,남부소방서 > 소방행정과,스타벅스코리아,현장 포스터 공모전 시상 관련 필요물품(커피쿠폰)구매,100000,7babd1487e870987cbdadc2096668c111c50dc6ffa548a0689f1dffb39311d74,sheet1:R21,,,
7babd1487e870987-sheet1-R22,2026-03-11,busan-city,남부소방서 > 소방행정과,탑프러스마트,부속실 민원인 응대용 물품 구입,300000,7babd1487e870987cbdadc2096668c111c50dc6ffa548a0689f1dffb39311d74,sheet1:R22,,,
7babd1487e870987-sheet1-R23,2026-03-19,busan-city,남부소방서 > 소방행정과,청산1954,당면 현안업무 추진 관련 격려 간담회 개최,69000,7babd1487e870987cbdadc2096668c111c50dc6ffa548a0689f1dffb39311d74,sheet1:R23,,,
7babd1487e870987-sheet1-R24,2026-03-10,busan-city,남부소방서 > 소방행정과,최영규외 2,"경조금 지출 (장.김영규, 장.김혜정, 공무직 구형길)",150000,7babd1487e870987cbdadc2096668c111c50dc6ffa548a0689f1dffb39311d74,sheet1:R24,,,
7babd1487e870987-sheet1-R25,2026-03-20,busan-city,남부소방서 > 소방행정과,착한낙지,현장대원 소방훈련 추진 직원(교관 등) 격려 오찬,176000,7babd1487e870987cbdadc2096668c111c50dc6ffa548a0689f1dffb39311d74,sheet1:R25,,,
a289e00fec6a1ab3-sheet1-R5,2026-01-06,busan-city,환경물정책실 > 맑은물정책과,모리,현안업무 추진 관련 오찬 간담회 개최,108000,a289e00fec6a1ab3ffc2c78e496fe0fe44830248b61e9726488caf7b7256541b,sheet1:R5,,,
a289e00fec6a1ab3-sheet1-R6,2026-01-07,busan-city,환경물정책실 > 맑은물정책과,함양가,현안업무 추진 관련 간담회 개최,120000,a289e00fec6a1ab3ffc2c78e496fe0fe44830248b61e9726488caf7b7256541b,sheet1:R6,,,
a289e00fec6a1ab3-sheet1-R7,2026-01-07,busan-city,환경물정책실 > 맑은물정책과,남마뮤지엄,현안업무 추진 관련 차담회 개최,28000,a289e00fec6a1ab3ffc2c78e496fe0fe44830248b61e9726488caf7b7256541b,sheet1:R7,,,
a289e00fec6a1ab3-sheet1-R8,2026-01-13,busan-city,환경물정책실 > 맑은물정책과,장군식당,현안업무 추진 관련 오찬 간담회 개최,238000,a289e00fec6a1ab3ffc2c78e496fe0fe44830248b61e9726488caf7b7256541b,sheet1:R8,,,
a289e00fec6a1ab3-sheet1-R9,2026-01-21,busan-city,환경물정책실 > 맑은물정책과,왕갈비탕갈비찜,현안업무 추진 업무협의 간담회 개최,36000,a289e00fec6a1ab3ffc2c78e496fe0fe44830248b61e9726488caf7b7256541b,sheet1:R9,,,
a289e00fec6a1ab3-sheet1-R10,2026-01-22,busan-city,환경물정책실 > 맑은물정책과,구사 연남,현안업무 추진 업무협의 만찬 간담회 개최,178000,a289e00fec6a1ab3ffc2c78e496fe0fe44830248b61e9726488caf7b7256541b,sheet1:R10,,,
a289e00fec6a1ab3-sheet1-R11,2026-01-27,busan-city,환경물정책실 > 맑은물정책과,부자회관,물산업 진흥 관련 간담회 개최,390000,a289e00fec6a1ab3ffc2c78e496fe0fe44830248b61e9726488caf7b7256541b,sheet1:R11,,,
a289e00fec6a1ab3-sheet1-R12,2026-01-29,busan-city,환경물정책실 > 맑은물정책과,카페가온비,현안업무 추진 관련 차담회 개최,100000,a289e00fec6a1ab3ffc2c78e496fe0fe44830248b61e9726488caf7b7256541b,sheet1:R12,,,
a289e00fec6a1ab3-sheet1-R13,2026-01-30,busan-city,환경물정책실 > 맑은물정책과,강변횟집,현안업무 추진 헙무협의 간담회 개최,170000,a289e00fec6a1ab3ffc2c78e496fe0fe44830248b61e9726488caf7b7256541b,sheet1:R13,,,
a289e00fec6a1ab3-sheet1-R14,2026-02-03,busan-city,환경물정책실 > 맑은물정책과,달해돌짜장,현안업무 추진 관련 오찬 간담회 개최,42000,a289e00fec6a1ab3ffc2c78e496fe0fe44830248b61e9726488caf7b7256541b,sheet1:R14,,,
a289e00fec6a1ab3-sheet1-R15,2026-02-04,busan-city,환경물정책실 > 맑은물정책과,조방낙지 외 2,현안업무 추진 관련 오찬 간담회 개최,98100,a289e00fec6a1ab3ffc2c78e496fe0fe44830248b61e9726488caf7b7256541b,sheet1:R15,,,
a289e00fec6a1ab3-sheet1-R16,2026-02-06,busan-city,환경물정책실 > 맑은물정책과,함양가,물 재이용 현안업무 추진관련 간담회 개최,120000,a289e00fec6a1ab3ffc2c78e496fe0fe44830248b61e9726488caf7b7256541b,sheet1:R16,,,
a289e00fec6a1ab3-sheet1-R17,2026-02-08,busan-city,환경물정책실 > 맑은물정책과,송이네밥상 외 1,현안업무 추진관련 업무협의 만찬간담회 개최,351000,a289e00fec6a1ab3ffc2c78e496fe0fe44830248b61e9726488caf7b7256541b,sheet1:R17,,,
a289e00fec6a1ab3-sheet1-R18,2026-02-09,busan-city,환경물정책실 > 맑은물정책과,온정,낙동강 통합 물관리 방안 등 낙동강수질개선 관련 간담회 개최,240000,a289e00fec6a1ab3ffc2c78e496fe0fe44830248b61e9726488caf7b7256541b,sheet1:R18,,,
a289e00fec6a1ab3-sheet1-R19,2026-02-09,busan-city,환경물정책실 > 맑은물정책과,도리원 외 1,현안업무 추진 관련 오찬간담회 개최,322940,a289e00fec6a1ab3ffc2c78e496fe0fe44830248b61e9726488caf7b7256541b,sheet1:R19,,,
a289e00fec6a1ab3-sheet1-R20,2026-02-09,busan-city,환경물정책실 > 맑은물정책과,낙동다방,현안업무 추진 관련 차담회 개최,48000,a289e00fec6a1ab3ffc2c78e496fe0fe44830248b61e9726488caf7b7256541b,sheet1:R20,,,
a289e00fec6a1ab3-sheet1-R21,2026-02-12,busan-city,환경물정책실 > 맑은물정책과,코메다 기타큐수 외 1,업무협의 차담회 개최,89470,a289e00fec6a1ab3ffc2c78e496fe0fe44830248b61e9726488caf7b7256541b,sheet1:R21,,,
a289e00fec6a1ab3-sheet1-R22,2026-02-20,busan-city,환경물정책실 > 맑은물정책과,1997영국집,현안업무추진 관련 차담회 개최,44500,a289e00fec6a1ab3ffc2c78e496fe0fe44830248b61e9726488caf7b7256541b,sheet1:R22,,,
a289e00fec6a1ab3-sheet1-R23,2026-03-17,busan-city,환경물정책실 > 맑은물정책과,외벽 외 1,현안업무 추진 관련 만찬 간담회 개최,259900,a289e00fec6a1ab3ffc2c78e496fe0fe44830248b61e9726488caf7b7256541b,sheet1:R23,,,
a289e00fec6a1ab3-sheet1-R24,2026-03-18,busan-city,환경물정책실 > 맑은물정책과,정원오리,현안업무 추진 관련 오찬 간담회 개최,55000,a289e00fec6a1ab3ffc2c78e496fe0fe44830248b61e9726488caf7b7256541b,sheet1:R24,,,
a289e00fec6a1ab3-sheet1-R25,2026-03-19,busan-city,환경물정책실 > 맑은물정책과,외식일번가 연제점,부서 현안업무 추진 관련 직원 간담회 개최,490000,a289e00fec6a1ab3ffc2c78e496fe0fe44830248b61e9726488caf7b7256541b,sheet1:R25,,,
a289e00fec6a1ab3-sheet1-R26,2026-03-19,busan-city,환경물정책실 > 맑은물정책과,완뚝센텀,현안업무 추진 관련 간담회 개최,78000,a289e00fec6a1ab3ffc2c78e496fe0fe44830248b61e9726488caf7b7256541b,sheet1:R26,,,
a289e00fec6a1ab3-sheet1-R27,2026-03-19,busan-city,환경물정책실 > 맑은물정책과,통영해물밥상,현안업무 추진 관련 간담회 개최,137500,a289e00fec6a1ab3ffc2c78e496fe0fe44830248b61e9726488caf7b7256541b,sheet1:R27,,,
a289e00fec6a1ab3-sheet1-R28,2026-03-23,busan-city,환경물정책실 > 맑은물정책과,신화케이푸드,현안업무 추진 관련 간담회 개최,319400,a289e00fec6a1ab3ffc2c78e496fe0fe44830248b61e9726488caf7b7256541b,sheet1:R28,,,
a289e00fec6a1ab3-sheet1-R29,2026-03-24,busan-city,환경물정책실 > 맑은물정책과,대포부대찌개&감자탕,현안업무 추진 관련 오찬 간담회 개최,69000,a289e00fec6a1ab3ffc2c78e496fe0fe44830248b61e9726488caf7b7256541b,sheet1:R29,,,
a289e00fec6a1ab3-sheet1-R30,2026-03-26,busan-city,환경물정책실 > 맑은물정책과,우수미회센타별관,낙동강 수질오염총량관리 관리 기준 등 수질개선 관련 간담회 개최,251000,a289e00fec6a1ab3ffc2c78e496fe0fe44830248b61e9726488caf7b7256541b,sheet1:R30,,,
a289e00fec6a1ab3-sheet1-R31,2026-03-30,busan-city,환경물정책실 > 맑은물정책과,큐매니지먼트,현안업무 추진 관련 오찬 간담회 개최,196000,a289e00fec6a1ab3ffc2c78e496fe0fe44830248b61e9726488caf7b7256541b,sheet1:R31,,,
45a4681471fa82c2-sheet1-R6,2026-02-15,busan-city,상수도사업본부 > 덕산정수사업소 > 관리팀,덕산정수사업소,덕산정수사업소 설 명절 근무자 부식 구입,600000,45a4681471fa82c281785d2aaa00b00fade168ab277a65cf208906096cb0b9fe,sheet1:R6,,,
45a4681471fa82c2-sheet1-R7,2026-01-13,busan-city,상수도사업본부 > 덕산정수사업소 > 관리팀,상수도사업본부 인근 식당,순수365 홍보 관련 현안업무 협의 간담회 개최,127000,45a4681471fa82c281785d2aaa00b00fade168ab277a65cf208906096cb0b9fe,sheet1:R7,,,
acb50704ee2b1187-sheet1-R4,2026-01-16,busan-city,시민안전실 > 특별사법경찰과,토종먹거리,특사경 관련 유관기관 협조 업무추진 간담회 개최,200000,acb50704ee2b11871ec5dc857c2193ac82d41f869352aa41721e1ede0470fe5b,sheet1:R4,,,
acb50704ee2b1187-sheet1-R5,2026-01-23,busan-city,시민안전실 > 특별사법경찰과,토종먹거리,특별사법경찰 업무추진 간담회 개최,200000,acb50704ee2b11871ec5dc857c2193ac82d41f869352aa41721e1ede0470fe5b,sheet1:R5,,,
acb50704ee2b1187-sheet1-R6,2026-01-28,busan-city,시민안전실 > 특별사법경찰과,메이리,특사경 수사 협조체계 구축 관련 간담회 개최,450000,acb50704ee2b11871ec5dc857c2193ac82d41f869352aa41721e1ede0470fe5b,sheet1:R6,,,
acb50704ee2b1187-sheet1-R7,2026-01-29,busan-city,시민안전실 > 특별사법경찰과,우나기만,특별사법경찰 유관기관 간담회 개최,420000,acb50704ee2b11871ec5dc857c2193ac82d41f869352aa41721e1ede0470fe5b,sheet1:R7,,,
acb50704ee2b1187-sheet1-R8,2026-01-30,busan-city,시민안전실 > 특별사법경찰과,낚시고기횟집,식품수사분야 업무추진 관련 간담회 개최,480000,acb50704ee2b11871ec5dc857c2193ac82d41f869352aa41721e1ede0470fe5b,sheet1:R8,,,
acb50704ee2b1187-sheet1-R9,2026-02-06,busan-city,시민안전실 > 특별사법경찰과,홍식당,공중위생수사분야 업무추진 관련 간담회 개최,420000,acb50704ee2b11871ec5dc857c2193ac82d41f869352aa41721e1ede0470fe5b,sheet1:R9,,,
acb50704ee2b1187-sheet1-R10,2026-02-09,busan-city,시민안전실 > 특별사법경찰과,장덕풍천산삼민물장어,특별사법경찰 환경분야 업무추진 간담회 개최,240000,acb50704ee2b11871ec5dc857c2193ac82d41f869352aa41721e1ede0470fe5b,sheet1:R10,,,
acb50704ee2b1187-sheet1-R11,2026-02-11,busan-city,시민안전실 > 특별사법경찰과,토종먹거리,특별사법경찰 업무추진 간담회 개최,100000,acb50704ee2b11871ec5dc857c2193ac82d41f869352aa41721e1ede0470fe5b,sheet1:R11,,,
acb50704ee2b1187-sheet1-R12,2026-02-25,busan-city,시민안전실 > 특별사법경찰과,동래정 부산시청점,특사경 관련 유관기관 협조 업무추진 간담회 개최,100000,acb50704ee2b11871ec5dc857c2193ac82d41f869352aa41721e1ede0470fe5b,sheet1:R12,,,
acb50704ee2b1187-sheet1-R13,2026-03-05,busan-city,시민안전실 > 특별사법경찰과,후스,특별사법경찰 업무추진 간담회 개최,200000,acb50704ee2b11871ec5dc857c2193ac82d41f869352aa41721e1ede0470fe5b,sheet1:R13,,,
a5d27e36326be015-sheet1-R4,2026-01-05,busan-city,합의제행정기관 > 감사위원회 > 감사담당관,버섯마을,감사담당관 업무 협의 간담회 개최,48000,a5d27e36326be0159421968a181d772e1d716b5fe881a72000ac06d8c750c94b,sheet1:R4,,,
a5d27e36326be015-sheet1-R5,2026-01-09,busan-city,합의제행정기관 > 감사위원회 > 감사담당관,장산다방 시청후문점,2026년 감사 실시계획 협의 관련 간담회 개최,33000,a5d27e36326be0159421968a181d772e1d716b5fe881a72000ac06d8c750c94b,sheet1:R5,,,
a5d27e36326be015-sheet1-R6,2026-01-13,busan-city,합의제행정기관 > 감사위원회 > 감사담당관,피터칼국수,사업소 종합감사 관련 간담회 개최,89000,a5d27e36326be0159421968a181d772e1d716b5fe881a72000ac06d8c750c94b,sheet1:R6,,,
a5d27e36326be015-sheet1-R7,2026-01-15,busan-city,합의제행정기관 > 감사위원회 > 감사담당관,로우쥬스커피 외 2,2026년 제1회 감사위원회 회의용 다과 구입,300000,a5d27e36326be0159421968a181d772e1d716b5fe881a72000ac06d8c750c94b,sheet1:R7,,,
a5d27e36326be015-sheet1-R8,2026-01-15,busan-city,합의제행정기관 > 감사위원회 > 감사담당관,우나기 만,감사위원회 유공자와의 간담회 개최,455000,a5d27e36326be0159421968a181d772e1d716b5fe881a72000ac06d8c750c94b,sheet1:R8,,,
a5d27e36326be015-sheet1-R9,2026-01-16,busan-city,합의제행정기관 > 감사위원회 > 감사담당관,정초밥,직원 노고 격려 등 간담회 개최,160000,a5d27e36326be0159421968a181d772e1d716b5fe881a72000ac06d8c750c94b,sheet1:R9,,,
a5d27e36326be015-sheet1-R10,2026-01-19,busan-city,합의제행정기관 > 감사위원회 > 감사담당관,제일칼국수시청점,감사위원회 업무 추진 관련 간담회 개최,78500,a5d27e36326be0159421968a181d772e1d716b5fe881a72000ac06d8c750c94b,sheet1:R10,,,
a5d27e36326be015-sheet1-R11,2026-01-20,busan-city,합의제행정기관 > 감사위원회 > 감사담당관,비스트로 타마르,감사위원회 현안업무 추진 관련 간담회 개최,92000,a5d27e36326be0159421968a181d772e1d716b5fe881a72000ac06d8c750c94b,sheet1:R11,,,
a5d27e36326be015-sheet1-R12,2026-01-23,busan-city,합의제행정기관 > 감사위원회 > 감사담당관,미남스시,특정감사 관련 간담회 개최,400000,a5d27e36326be0159421968a181d772e1d716b5fe881a72000ac06d8c750c94b,sheet1:R12,,,
a5d27e36326be015-sheet1-R13,2026-01-27,busan-city,합의제행정기관 > 감사위원회 > 감사담당관,마조레 외 1,직원 노고 격려 등 간담회 개최,265100,a5d27e36326be0159421968a181d772e1d716b5fe881a72000ac06d8c750c94b,sheet1:R13,,,
a5d27e36326be015-sheet1-R14,2026-01-28,busan-city,합의제행정기관 > 감사위원회 > 감사담당관,마조레,특정감사 관련 간담회 개최,320000,a5d27e36326be0159421968a181d772e1d716b5fe881a72000ac06d8c750c94b,sheet1:R14,,,
a5d27e36326be015-sheet1-R15,2026-01-28,busan-city,합의제행정기관 > 감사위원회 > 감사담당관,스미스가좋아하는한옥,감사업무 추진 관련 간담회 개최,245000,a5d27e36326be0159421968a181d772e1d716b5fe881a72000ac06d8c750c94b,sheet1:R15,,,
a5d27e36326be015-sheet1-R16,2026-01-29,busan-city,합의제행정기관 > 감사위원회 > 감사담당관,스톤 빈 외 3,2026년 부산형 선결제 집행(감사총괄팀),1500000,a5d27e36326be0159421968a181d772e1d716b5fe881a72000ac06d8c750c94b,sheet1:R16,,,
a5d27e36326be015-sheet1-R17,2026-01-30,busan-city,합의제행정기관 > 감사위원회 > 감사담당관,네이버파이낸셜㈜,감사담당관 직원 격려물품 구입 건의,1470000,a5d27e36326be0159421968a181d772e1d716b5fe881a72000ac06d8c750c94b,sheet1:R17,,,
a5d27e36326be015-sheet1-R18,2026-02-02,busan-city,합의제행정기관 > 감사위원회 > 감사담당관,샤브20동래점,사전 컨설팅감사 및 공직윤리 관계자 간담회 개최,228300,a5d27e36326be0159421968a181d772e1d716b5fe881a72000ac06d8c750c94b,sheet1:R18,,,
a5d27e36326be015-sheet1-R19,2026-02-04,busan-city,합의제행정기관 > 감사위원회 > 감사담당관,마파람 해물찜 해물탕 시청직영점,감사위원회 전입직원 환영 간담회 개최,342500,a5d27e36326be0159421968a181d772e1d716b5fe881a72000ac06d8c750c94b,sheet1:R19,,,
a5d27e36326be015-sheet1-R20,2026-02-05,busan-city,합의제행정기관 > 감사위원회 > 감사담당관,이츠모리,직원 노고 격려 등 간담회 개최,183000,a5d27e36326be0159421968a181d772e1d716b5fe881a72000ac06d8c750c94b,sheet1:R20,,,
a5d27e36326be015-sheet1-R21,2026-02-05,busan-city,합의제행정기관 > 감사위원회 > 감사담당관,부자회관 외 1,제4기 감사위원회 간담회 개최,428000,a5d27e36326be0159421968a181d772e1d716b5fe881a72000ac06d8c750c94b,sheet1:R21,,,
a5d27e36326be015-sheet1-R22,2026-02-06,busan-city,합의제행정기관 > 감사위원회 > 감사담당관,금오유비끼,부산과학기술고등교육진흥원 종합감사 관련 관계자 간담회 개최,480000,a5d27e36326be0159421968a181d772e1d716b5fe881a72000ac06d8c750c94b,sheet1:R22,,,
a5d27e36326be015-sheet1-R23,2026-02-06,busan-city,합의제행정기관 > 감사위원회 > 감사담당관,미락,공직자 재산등록 업무 관계자 간담회 개최,240000,a5d27e36326be0159421968a181d772e1d716b5fe881a72000ac06d8c750c94b,sheet1:R23,,,
a5d27e36326be015-sheet1-R24,2026-02-10,busan-city,합의제행정기관 > 감사위원회 > 감사담당관,미를담다&미담삼계탕,감사위원회 전입직원 환영 간담회 개최,210000,a5d27e36326be0159421968a181d772e1d716b5fe881a72000ac06d8c750c94b,sheet1:R24,,,
a5d27e36326be015-sheet1-R25,2026-02-10,busan-city,합의제행정기관 > 감사위원회 > 감사담당관,잔치가,감사담당관 업무 협의 간담회 개최,423000,a5d27e36326be0159421968a181d772e1d716b5fe881a72000ac06d8c750c94b,sheet1:R25,,,
a5d27e36326be015-sheet1-R26,2026-02-12,busan-city,합의제행정기관 > 감사위원회 > 감사담당관,제일옥곰탕 외 1,직원 노고 격려 등 간담회 개최,164500,a5d27e36326be0159421968a181d772e1d716b5fe881a72000ac06d8c750c94b,sheet1:R26,,,
a5d27e36326be015-sheet1-R27,2026-02-12,busan-city,합의제행정기관 > 감사위원회 > 감사담당관,쿠팡㈜,「2026년 따뜻한 설명절 보내기」 추진 계획,200000,a5d27e36326be0159421968a181d772e1d716b5fe881a72000ac06d8c750c94b,sheet1:R27,,,
a5d27e36326be015-sheet1-R28,2026-02-25,busan-city,합의제행정기관 > 감사위원회 > 감사담당관,진주냉면 남가옥 외 1,안전감찰·감사 업무 추진 관련 간담회 개최,79600,a5d27e36326be0159421968a181d772e1d716b5fe881a72000ac06d8c750c94b,sheet1:R28,,,
a5d27e36326be015-sheet1-R29,2026-02-27,busan-city,합의제행정기관 > 감사위원회 > 감사담당관,콩지pot지 외 1,감사위원회 업무 추진 관련 간담회 개최,251100,a5d27e36326be0159421968a181d772e1d716b5fe881a72000ac06d8c750c94b,sheet1:R29,,,
a5d27e36326be015-sheet1-R30,2026-03-05,busan-city,합의제행정기관 > 감사위원회 > 감사담당관,낚시고기횟집 외 1,도시인프라 분야 특정(종합)감사 관련 간담회 개최,284200,a5d27e36326be0159421968a181d772e1d716b5fe881a72000ac06d8c750c94b,sheet1:R30,,,
a5d27e36326be015-sheet1-R31,2026-03-11,busan-city,합의제행정기관 > 감사위원회 > 감사담당관,소촌 갈비찜,감사담당관 현안업무 추진 관련 간담회 개최,112000,a5d27e36326be0159421968a181d772e1d716b5fe881a72000ac06d8c750c94b,sheet1:R31,,,
a5d27e36326be015-sheet1-R32,2026-03-13,busan-city,합의제행정기관 > 감사위원회 > 감사담당관,긴자료코부산시청점 외 1,직원 노고 격려 등 간담회 개최,61000,a5d27e36326be0159421968a181d772e1d716b5fe881a72000ac06d8c750c94b,sheet1:R32,,,
a5d27e36326be015-sheet1-R33,2026-03-13,busan-city,합의제행정기관 > 감사위원회 > 감사담당관,네이버파이낸셜㈜ 외 1,부산-함부르크 감사분야 교류 관련 기념품 구입,478000,a5d27e36326be0159421968a181d772e1d716b5fe881a72000ac06d8c750c94b,sheet1:R33,,,
a5d27e36326be015-sheet1-R34,2026-03-16,busan-city,합의제행정기관 > 감사위원회 > 감사담당관,꾼닭꾼덕,감사위원회 업무 추진 관련 간담회 개최,96000,a5d27e36326be0159421968a181d772e1d716b5fe881a72000ac06d8c750c94b,sheet1:R34,,,
a5d27e36326be015-sheet1-R35,2026-03-16,busan-city,합의제행정기관 > 감사위원회 > 감사담당관,박해윤통영해물밥상 외 1,부산환경공단 종합감사 관련 관계자 간담회 개최,311700,a5d27e36326be0159421968a181d772e1d716b5fe881a72000ac06d8c750c94b,sheet1:R35,,,
a5d27e36326be015-sheet1-R36,2026-03-17,busan-city,합의제행정기관 > 감사위원회 > 감사담당관,부용당 외 1,특정감사 관련 간담회 개최,186000,a5d27e36326be0159421968a181d772e1d716b5fe881a72000ac06d8c750c94b,sheet1:R36,,,
a5d27e36326be015-sheet1-R37,2026-03-17,busan-city,합의제행정기관 > 감사위원회 > 감사담당관,원조메기탕 외 1,직원 노고 격려 등 간담회 개최,141500,a5d27e36326be0159421968a181d772e1d716b5fe881a72000ac06d8c750c94b,sheet1:R37,,,
a5d27e36326be015-sheet1-R38,2026-03-17,busan-city,합의제행정기관 > 감사위원회 > 감사담당관,리프룻,제1회 부산광역시 공직자윤리위원회 회의 다과 구입,165000,a5d27e36326be0159421968a181d772e1d716b5fe881a72000ac06d8c750c94b,sheet1:R38,,,
a5d27e36326be015-sheet1-R39,2026-03-17,busan-city,합의제행정기관 > 감사위원회 > 감사담당관,칠보락,공직윤리 관계자 간담회 개최,218000,a5d27e36326be0159421968a181d772e1d716b5fe881a72000ac06d8c750c94b,sheet1:R39,,,
a5d27e36326be015-sheet1-R40,2026-03-18,busan-city,합의제행정기관 > 감사위원회 > 감사담당관,어심횟집,감사담당관 업무 협의 간담회 개최,120000,a5d27e36326be0159421968a181d772e1d716b5fe881a72000ac06d8c750c94b,sheet1:R40,,,
a5d27e36326be015-sheet1-R41,2026-03-18,busan-city,합의제행정기관 > 감사위원회 > 감사담당관,네이버파이낸셜㈜,부산-함부르크 감사분야 교류 관련 기념품 구입(추가),118000,a5d27e36326be0159421968a181d772e1d716b5fe881a72000ac06d8c750c94b,sheet1:R41,,,
a5d27e36326be015-sheet1-R42,2026-03-19,busan-city,합의제행정기관 > 감사위원회 > 감사담당관,웰빙선생오리,감사담당관 현안업무 추진 관련 간담회 개최,70000,a5d27e36326be0159421968a181d772e1d716b5fe881a72000ac06d8c750c94b,sheet1:R42,,,
a5d27e36326be015-sheet1-R43,2026-03-20,busan-city,합의제행정기관 > 감사위원회 > 감사담당관,온정 외 1,직원 노고 격려 등 간담회 개최,81500,a5d27e36326be0159421968a181d772e1d716b5fe881a72000ac06d8c750c94b,sheet1:R43,,,
a5d27e36326be015-sheet1-R44,2026-03-27,busan-city,합의제행정기관 > 감사위원회 > 감사담당관,수제국수 외 1,감사담당관 업무 추진 관련 간담회 개최,190000,a5d27e36326be0159421968a181d772e1d716b5fe881a72000ac06d8c750c94b,sheet1:R44,,,
a5d27e36326be015-sheet1-R45,2026-03-30,busan-city,합의제행정기관 > 감사위원회 > 감사담당관,보키오반자이 외 1,지방어항 관리실태 특정감사 관련 간담회,230000,a5d27e36326be0159421968a181d772e1d716b5fe881a72000ac06d8c750c94b,sheet1:R45,,,
8e23858f6f3ace10-sheet1-R3,2026-01-06,busan-city,주택건축국 > 주택정책과,개인(성명 비공개),도시정비과 직원 경조사 격려,50000,8e23858f6f3ace10e0432874a009ada40c28beb6f871abb5f91ec54a95accaf8,sheet1:R3,,,
8e23858f6f3ace10-sheet1-R4,2026-01-16,busan-city,주택건축국 > 주택정책과,만호갈미샤브샤브,현안업무 추진을 위한 간담회 개최,154000,8e23858f6f3ace10e0432874a009ada40c28beb6f871abb5f91ec54a95accaf8,sheet1:R4,,,
8e23858f6f3ace10-sheet1-R5,2026-01-21,busan-city,주택건축국 > 주택정책과,주식회사 지앤지(G&G)시청점외 2,현안업무 처리를 위한 간담회 개최,100900,8e23858f6f3ace10e0432874a009ada40c28beb6f871abb5f91ec54a95accaf8,sheet1:R5,,,
8e23858f6f3ace10-sheet1-R6,2026-01-29,busan-city,주택건축국 > 주택정책과,수제국수(부산시청점),전세사기피해자 대책위원회 추진 간담회 개최,152000,8e23858f6f3ace10e0432874a009ada40c28beb6f871abb5f91ec54a95accaf8,sheet1:R6,,,
8e23858f6f3ace10-sheet1-R7,2026-02-10,busan-city,주택건축국 > 주택정책과,민속집,현안업무 처리를 위한 간담회 개최,165000,8e23858f6f3ace10e0432874a009ada40c28beb6f871abb5f91ec54a95accaf8,sheet1:R7,,,
8e23858f6f3ace10-sheet1-R8,2026-02-11,busan-city,주택건축국 > 주택정책과,부자회관 부산시청점,현안업무 처리를 위한 간담회 개최,167000,8e23858f6f3ace10e0432874a009ada40c28beb6f871abb5f91ec54a95accaf8,sheet1:R8,,,
8e23858f6f3ace10-sheet1-R9,2026-02-12,busan-city,주택건축국 > 주택정책과,만수산돼지국밥II,2026년 부산형 선결제 추진(기관운영업무추진비),330000,8e23858f6f3ace10e0432874a009ada40c28beb6f871abb5f91ec54a95accaf8,sheet1:R9,,,
8e23858f6f3ace10-sheet1-R10,2026-02-12,busan-city,주택건축국 > 주택정책과,정초밥,2026년 부산형 선결제 추진(시책추진업무추진비),400000,8e23858f6f3ace10e0432874a009ada40c28beb6f871abb5f91ec54a95accaf8,sheet1:R10,,,
8e23858f6f3ace10-sheet1-R11,2026-02-12,busan-city,주택건축국 > 주택정책과,송학유통,2026년 따뜻한 설 명절 보내기 격려품 구입,208000,8e23858f6f3ace10e0432874a009ada40c28beb6f871abb5f91ec54a95accaf8,sheet1:R11,,,
8e23858f6f3ace10-sheet1-R12,2026-02-19,busan-city,주택건축국 > 주택정책과,장산다방 시청후문점외 1,현안업무 추진을 위한 간담회 개최,130000,8e23858f6f3ace10e0432874a009ada40c28beb6f871abb5f91ec54a95accaf8,sheet1:R12,,,
8e23858f6f3ace10-sheet1-R13,2026-02-19,busan-city,주택건축국 > 주택정책과,브로(Bro)외 1,현안업무 처리를 위한 간담회 개최,112500,8e23858f6f3ace10e0432874a009ada40c28beb6f871abb5f91ec54a95accaf8,sheet1:R13,,,
8e23858f6f3ace10-sheet1-R14,2026-02-19,busan-city,주택건축국 > 주택정책과,돈풍각,평생함께 청년모두가 주거비 지원사업 추진 관련 간담회 개최,191500,8e23858f6f3ace10e0432874a009ada40c28beb6f871abb5f91ec54a95accaf8,sheet1:R14,,,
8e23858f6f3ace10-sheet1-R15,2026-02-20,busan-city,주택건축국 > 주택정책과,우나기 만,현안업무 추진을 위한 간담회 개최,175000,8e23858f6f3ace10e0432874a009ada40c28beb6f871abb5f91ec54a95accaf8,sheet1:R15,,,
8e23858f6f3ace10-sheet1-R16,2026-02-25,busan-city,주택건축국 > 주택정책과,돈풍각외 2,"2026년 부산형 선결제 추진(2차, 시책추진업무추진비)",1420000,8e23858f6f3ace10e0432874a009ada40c28beb6f871abb5f91ec54a95accaf8,sheet1:R16,,,
8e23858f6f3ace10-sheet1-R17,2026-02-26,busan-city,주택건축국 > 주택정책과,일번가 복집,현안업무 처리를 위한 간담회 개최,80000,8e23858f6f3ace10e0432874a009ada40c28beb6f871abb5f91ec54a95accaf8,sheet1:R17,,,
8e23858f6f3ace10-sheet1-R18,2026-03-17,busan-city,주택건축국 > 주택정책과,만호갈미샤브샤브,현안업무 처리를 위한 간담회 개최,160000,8e23858f6f3ace10e0432874a009ada40c28beb6f871abb5f91ec54a95accaf8,sheet1:R18,,,
8e23858f6f3ace10-sheet1-R19,2026-03-24,busan-city,주택건축국 > 주택정책과,큐제 외 1,현안업무 처리를 위한 간담회 개최,84200,8e23858f6f3ace10e0432874a009ada40c28beb6f871abb5f91ec54a95accaf8,sheet1:R19,,,
8e23858f6f3ace10-sheet1-R20,2026-03-26,busan-city,주택건축국 > 주택정책과,히얼이즈커피 부산시청점,현안업무 처리를 위한 간담회 개최,330000,8e23858f6f3ace10e0432874a009ada40c28beb6f871abb5f91ec54a95accaf8,sheet1:R20,,,
66055ab70aedae51-sheet1-R5,2026-01-06,busan-city,미래디자인본부 > 디자인도시정책과,주식회사 참소국밥 덕산명가 스타벅스 코리아,총괄디자이너 시설개선 사업 논의 간담회,32700,66055ab70aedae515851729561d002961f2732a8c9cc9690987afa2a28d7184b,sheet1:R5,,,
66055ab70aedae51-sheet1-R6,2026-01-09,busan-city,미래디자인본부 > 디자인도시정책과,부자회관 부산시청점 히얼이즈커피 부산시청점 네이버파이낸셜㈜ 만성횟집 후스,2026년 부산형 선결제 추진,1970000,66055ab70aedae515851729561d002961f2732a8c9cc9690987afa2a28d7184b,sheet1:R6,,,
66055ab70aedae51-sheet1-R7,2026-01-09,busan-city,미래디자인본부 > 디자인도시정책과,제일옥곰탕 공무원매점 짚불관,2026년 부산형 선결제 추진,1320000,66055ab70aedae515851729561d002961f2732a8c9cc9690987afa2a28d7184b,sheet1:R7,,,
66055ab70aedae51-sheet1-R8,2026-01-13,busan-city,미래디자인본부 > 디자인도시정책과,함양가,2026년 부산형 선결제 추진,480000,66055ab70aedae515851729561d002961f2732a8c9cc9690987afa2a28d7184b,sheet1:R8,,,
66055ab70aedae51-sheet1-R9,2026-01-14,busan-city,미래디자인본부 > 디자인도시정책과,고우성수,브랜드샵 활성화 방안을 위한 업무 관계자 간담회,66500,66055ab70aedae515851729561d002961f2732a8c9cc9690987afa2a28d7184b,sheet1:R9,,,
66055ab70aedae51-sheet1-R10,2026-01-22,busan-city,미래디자인본부 > 디자인도시정책과,샤브애진심 대궐안집 뱅가,미래디자인본부 현장방문 관련 직원격려 오찬 간담회,323100,66055ab70aedae515851729561d002961f2732a8c9cc9690987afa2a28d7184b,sheet1:R10,,,
66055ab70aedae51-sheet1-R11,2026-01-23,busan-city,미래디자인본부 > 디자인도시정책과,비스트로 타마르,2026년 부산형 선결제 추진,140000,66055ab70aedae515851729561d002961f2732a8c9cc9690987afa2a28d7184b,sheet1:R11,,,
66055ab70aedae51-sheet1-R12,2026-01-27,busan-city,미래디자인본부 > 디자인도시정책과,어심횟집 블루샥 부산시청점,디자인 현안사업 공유 및 정책 홍보를 위한 중앙기자단 간담회,455000,66055ab70aedae515851729561d002961f2732a8c9cc9690987afa2a28d7184b,sheet1:R12,,,
66055ab70aedae51-sheet1-R13,2026-01-29,busan-city,미래디자인본부 > 디자인도시정책과,공무원매점,경관위원회 회의 운영 다과 구입,65000,66055ab70aedae515851729561d002961f2732a8c9cc9690987afa2a28d7184b,sheet1:R13,,,
66055ab70aedae51-sheet1-R14,2026-02-04,busan-city,미래디자인본부 > 디자인도시정책과,"주식회사 양산도 카페로프트,로프트",총괄디자이너 디자인어워드 전문가 간담회,99000,66055ab70aedae515851729561d002961f2732a8c9cc9690987afa2a28d7184b,sheet1:R14,,,
66055ab70aedae51-sheet1-R15,2026-02-06,busan-city,미래디자인본부 > 디자인도시정책과,부용당,업무 협의를 위한 간담회,84000,66055ab70aedae515851729561d002961f2732a8c9cc9690987afa2a28d7184b,sheet1:R15,,,
66055ab70aedae51-sheet1-R16,2026-02-09,busan-city,미래디자인본부 > 디자인도시정책과,네이버파이낸셜㈜,「2026년 따뜻한 설 명절 보내기」관련 격려품 등 구입,392400,66055ab70aedae515851729561d002961f2732a8c9cc9690987afa2a28d7184b,sheet1:R16,,,
66055ab70aedae51-sheet1-R17,2026-02-10,busan-city,미래디자인본부 > 디자인도시정책과,"연제지역자활센터, 카페가온비",부산 도시브랜드팀 업무 추진을 위한 차담회,28500,66055ab70aedae515851729561d002961f2732a8c9cc9690987afa2a28d7184b,sheet1:R17,,,
66055ab70aedae51-sheet1-R18,2026-02-11,busan-city,미래디자인본부 > 디자인도시정책과,마파람 해물찜 해물탕 시청직영점 커피하우스,지방지 기자단 오찬간담회,357300,66055ab70aedae515851729561d002961f2732a8c9cc9690987afa2a28d7184b,sheet1:R18,,,
66055ab70aedae51-sheet1-R19,2026-02-13,busan-city,미래디자인본부 > 디자인도시정책과,구옥반가 대구탕 커피하우스,현안 업무 논의를 위한 간담회,41300,66055ab70aedae515851729561d002961f2732a8c9cc9690987afa2a28d7184b,sheet1:R19,,,
66055ab70aedae51-sheet1-R20,2026-02-19,busan-city,미래디자인본부 > 디자인도시정책과,㈜신세계백화점센텀시티점,브랜드샵 관련 업무 협의 간담회,75200,66055ab70aedae515851729561d002961f2732a8c9cc9690987afa2a28d7184b,sheet1:R20,,,
66055ab70aedae51-sheet1-R21,2026-02-20,busan-city,미래디자인본부 > 디자인도시정책과,낚시고기횟집 엔피에스카페테리아삼십육점오,업무 추진 협의 관련 간담회,177000,66055ab70aedae515851729561d002961f2732a8c9cc9690987afa2a28d7184b,sheet1:R21,,,
66055ab70aedae51-sheet1-R22,2026-02-20,busan-city,미래디자인본부 > 디자인도시정책과,함양가,도시브랜드 굿즈개발 관련 업무협의 간담회,75000,66055ab70aedae515851729561d002961f2732a8c9cc9690987afa2a28d7184b,sheet1:R22,,,
66055ab70aedae51-sheet1-R23,2026-02-23,busan-city,미래디자인본부 > 디자인도시정책과,MARINA MONCHO'S BARCELONA ESP CAN VADOR L ILLA BARCELONA ESP,세계디자인수도(WDC) 관련 바르셀로나 관계자 간담회,444720,66055ab70aedae515851729561d002961f2732a8c9cc9690987afa2a28d7184b,sheet1:R23,,,
66055ab70aedae51-sheet1-R24,2026-03-05,busan-city,미래디자인본부 > 디자인도시정책과,MITSUIFUDOUSANGURU-PUU Tokyo JPN,디자인 관련 현안 업무 논의를 위한 간담회,271280,66055ab70aedae515851729561d002961f2732a8c9cc9690987afa2a28d7184b,sheet1:R24,,,
66055ab70aedae51-sheet1-R25,2026-03-05,busan-city,미래디자인본부 > 디자인도시정책과,미락 스톤 빈(Stone bean),현안 업무 논의를 위한 간담회,264300,66055ab70aedae515851729561d002961f2732a8c9cc9690987afa2a28d7184b,sheet1:R25,,,
66055ab70aedae51-sheet1-R26,2026-03-06,busan-city,미래디자인본부 > 디자인도시정책과,디에이블 달맞이점 ㈜온더힐,WDC 협정식 관련 현장방문 및 직원격려 오찬 간담회,240000,66055ab70aedae515851729561d002961f2732a8c9cc9690987afa2a28d7184b,sheet1:R26,,,
66055ab70aedae51-sheet1-R27,2026-03-09,busan-city,미래디자인본부 > 디자인도시정책과,"연제지역자활센터, 카페가온비",시책 관련 논의 차담회 다과 구입,19000,66055ab70aedae515851729561d002961f2732a8c9cc9690987afa2a28d7184b,sheet1:R27,,,
66055ab70aedae51-sheet1-R28,2026-03-11,busan-city,미래디자인본부 > 디자인도시정책과,정초밥,시책 홍보 방안 협의를 위한 간담회,164000,66055ab70aedae515851729561d002961f2732a8c9cc9690987afa2a28d7184b,sheet1:R28,,,
66055ab70aedae51-sheet1-R29,2026-03-12,busan-city,미래디자인본부 > 디자인도시정책과,개인(성명 비공개),소속직원 경조사비,50000,66055ab70aedae515851729561d002961f2732a8c9cc9690987afa2a28d7184b,sheet1:R29,,,
66055ab70aedae51-sheet1-R30,2026-03-13,busan-city,미래디자인본부 > 디자인도시정책과,비스트로타마르 로지컬커피,디자인 정책 발전을 위한 업무협의 간담회,195800,66055ab70aedae515851729561d002961f2732a8c9cc9690987afa2a28d7184b,sheet1:R30,,,
66055ab70aedae51-sheet1-R31,2026-03-18,busan-city,미래디자인본부 > 디자인도시정책과,만성횟집,업무 추진 협의를 위한 간담회,80000,66055ab70aedae515851729561d002961f2732a8c9cc9690987afa2a28d7184b,sheet1:R31,,,
66055ab70aedae51-sheet1-R32,2026-03-18,busan-city,미래디자인본부 > 디자인도시정책과,공무원매점,경관위원회 회의 운영 다과 구입,47400,66055ab70aedae515851729561d002961f2732a8c9cc9690987afa2a28d7184b,sheet1:R32,,,
66055ab70aedae51-sheet1-R33,2026-03-19,busan-city,미래디자인본부 > 디자인도시정책과,웰빙선생오리,현안 업무 추진 방향 논의를 위한 간담회,140000,66055ab70aedae515851729561d002961f2732a8c9cc9690987afa2a28d7184b,sheet1:R33,,,
66055ab70aedae51-sheet1-R34,2026-03-20,busan-city,미래디자인본부 > 디자인도시정책과,"우나기 만 셀럽스커피 연제지역자활센터, 카페가온비",현안 사업 공유를 위한 간담회 및 차담회,191000,66055ab70aedae515851729561d002961f2732a8c9cc9690987afa2a28d7184b,sheet1:R34,,,
66055ab70aedae51-sheet1-R35,2026-03-20,busan-city,미래디자인본부 > 디자인도시정책과,해광참가자미,제3회 공공건축심의 사전검토를 위한 간담회,450000,66055ab70aedae515851729561d002961f2732a8c9cc9690987afa2a28d7184b,sheet1:R35,,,
66055ab70aedae51-sheet1-R36,2026-03-25,busan-city,미래디자인본부 > 디자인도시정책과,우나기 만 셀럽스커피,빛 축제 관련 전문가 협의 간담회,205300,66055ab70aedae515851729561d002961f2732a8c9cc9690987afa2a28d7184b,sheet1:R36,,,
66055ab70aedae51-sheet1-R37,2026-03-25,busan-city,미래디자인본부 > 디자인도시정책과,주식회사 에프지케이,본부 직원 격려 간식 구입,107800,66055ab70aedae515851729561d002961f2732a8c9cc9690987afa2a28d7184b,sheet1:R37,,,
66055ab70aedae51-sheet1-R38,2026-03-27,busan-city,미래디자인본부 > 디자인도시정책과,카페호밀,디자인 정책 논의 관련 업무 간담회,150000,66055ab70aedae515851729561d002961f2732a8c9cc9690987afa2a28d7184b,sheet1:R38,,,
66055ab70aedae51-sheet1-R39,2026-03-30,busan-city,미래디자인본부 > 디자인도시정책과,부용당,WDC홍보 관련 관계자 오찬 간담회,105000,66055ab70aedae515851729561d002961f2732a8c9cc9690987afa2a28d7184b,sheet1:R39,,,
2cdaf458cc05190c-sheet1-R5,2026-01-13,busan-city,행정자치국 > 통합민원과,청산민물장어,민원행정 추진 관련 유관 기관 간담회 개최,219000,2cdaf458cc05190c41fedec075c4a1894f1394c75cc0e447793489c844edd984,sheet1:R5,,,
2cdaf458cc05190c-sheet1-R6,2026-01-16,busan-city,행정자치국 > 통합민원과,오발탄 세종점,부산기록원 건립 관련 관계자 간담회 개최,100000,2cdaf458cc05190c41fedec075c4a1894f1394c75cc0e447793489c844edd984,sheet1:R6,,,
2cdaf458cc05190c-sheet1-R7,2026-01-27,busan-city,행정자치국 > 통합민원과,버섯마을,2026년 상담품질 평가 논의를 위한 간담회 개최,200000,2cdaf458cc05190c41fedec075c4a1894f1394c75cc0e447793489c844edd984,sheet1:R7,,,
2cdaf458cc05190c-sheet1-R8,2026-02-05,busan-city,행정자치국 > 통합민원과,메이리,직원 인사발령에 따른 간담회 개최,480000,2cdaf458cc05190c41fedec075c4a1894f1394c75cc0e447793489c844edd984,sheet1:R8,,,
2cdaf458cc05190c-sheet1-R9,2026-02-11,busan-city,행정자치국 > 통합민원과,삼미오리집,통합민원과 직원 격려 간담회 개최,450000,2cdaf458cc05190c41fedec075c4a1894f1394c75cc0e447793489c844edd984,sheet1:R9,,,
2cdaf458cc05190c-sheet1-R10,2026-02-19,busan-city,행정자치국 > 통합민원과,주식회사제이티알,부산기록원 건립 관련 관계자 간담회 개최,200000,2cdaf458cc05190c41fedec075c4a1894f1394c75cc0e447793489c844edd984,sheet1:R10,,,
2cdaf458cc05190c-sheet1-R11,2026-02-24,busan-city,행정자치국 > 통합민원과,공무원매점,직원 격려 간식 구입,494300,2cdaf458cc05190c41fedec075c4a1894f1394c75cc0e447793489c844edd984,sheet1:R11,,,
2cdaf458cc05190c-sheet1-R12,2026-02-25,busan-city,행정자치국 > 통합민원과,풍미,2026년 부산형 선결제 추진(원스톱서비스팀),140000,2cdaf458cc05190c41fedec075c4a1894f1394c75cc0e447793489c844edd984,sheet1:R12,,,
2cdaf458cc05190c-sheet1-R13,2026-03-10,busan-city,행정자치국 > 통합민원과,풍미,원스톱민원서비스 운영 관리부서 직원과의 간담회 개최,60000,2cdaf458cc05190c41fedec075c4a1894f1394c75cc0e447793489c844edd984,sheet1:R13,,,
2cdaf458cc05190c-sheet1-R14,2026-03-20,busan-city,행정자치국 > 통합민원과,뚜레쥬르 김해국제공항점,김해공항 여권민원센터 개소 관련 관계자 간담회 개최,40700,2cdaf458cc05190c41fedec075c4a1894f1394c75cc0e447793489c844edd984,sheet1:R14,,,
69af340cee5964a6-sheet1-R3,2026-02-03,busan-city,주택건축국 > 건축정책과,은화횟집,건축기계설비 관련 관계자 간담회 개최,300000,69af340cee5964a69e5a712bb32080bcef32bec14c9658e8f45d206c838fb44b,sheet1:R3,,,
69af340cee5964a6-sheet1-R4,2026-02-04,busan-city,주택건축국 > 건축정책과,"연제지역자활센터, 카페가온비",건축전문위원회 개최에 따른 음료 구입 건의,22000,69af340cee5964a69e5a712bb32080bcef32bec14c9658e8f45d206c838fb44b,sheet1:R4,,,
69af340cee5964a6-sheet1-R5,2026-02-04,busan-city,주택건축국 > 건축정책과,손큰집,현안업무 추진 격려 간담회 개최,960000,69af340cee5964a69e5a712bb32080bcef32bec14c9658e8f45d206c838fb44b,sheet1:R5,,,
69af340cee5964a6-sheet1-R6,2026-03-05,busan-city,주택건축국 > 건축정책과,돈풍각,해빙기 건축공사장 점검관련 간담회 개최,200000,69af340cee5964a69e5a712bb32080bcef32bec14c9658e8f45d206c838fb44b,sheet1:R6,,,
69af340cee5964a6-sheet1-R7,2026-03-23,busan-city,주택건축국 > 건축정책과,브로(Bro),2026년 부산공간대포럼 관련 간담회 개최,120000,69af340cee5964a69e5a712bb32080bcef32bec14c9658e8f45d206c838fb44b,sheet1:R7,,,
69af340cee5964a6-sheet1-R8,2026-03-31,busan-city,주택건축국 > 건축정책과,돈풍각,건축위원회 관련 간담회 개최,287000,69af340cee5964a69e5a712bb32080bcef32bec14c9658e8f45d206c838fb44b,sheet1:R8,,,
8b8dc802a5ef8bc7-sheet1-R3,2026-01-06,busan-city,합의제행정기관 > 감사위원회 > 청렴담당관,만성횟집,현안업무 추진 간담회 개최,110000,8b8dc802a5ef8bc7b41e622564dade745b7b23db2ed1bb1901fe4bebbbc47eb3,sheet1:R3,,,
8b8dc802a5ef8bc7-sheet1-R4,2026-01-14,busan-city,합의제행정기관 > 감사위원회 > 청렴담당관,연정보쌈,현안업무 추진 간담회 개최,167000,8b8dc802a5ef8bc7b41e622564dade745b7b23db2ed1bb1901fe4bebbbc47eb3,sheet1:R4,,,
8b8dc802a5ef8bc7-sheet1-R5,2026-01-16,busan-city,합의제행정기관 > 감사위원회 > 청렴담당관,"연산정, 리슨페이지",현안업무 추진 간담회 개최,249000,8b8dc802a5ef8bc7b41e622564dade745b7b23db2ed1bb1901fe4bebbbc47eb3,sheet1:R5,,,
8b8dc802a5ef8bc7-sheet1-R6,2026-01-23,busan-city,합의제행정기관 > 감사위원회 > 청렴담당관,정초밥,현안업무 추진 간담회 개최,70000,8b8dc802a5ef8bc7b41e622564dade745b7b23db2ed1bb1901fe4bebbbc47eb3,sheet1:R6,,,
8b8dc802a5ef8bc7-sheet1-R7,2026-02-12,busan-city,합의제행정기관 > 감사위원회 > 청렴담당관,행복한 우리집,2026년 따뜻한 설 명절 보내기 추진,199810,8b8dc802a5ef8bc7b41e622564dade745b7b23db2ed1bb1901fe4bebbbc47eb3,sheet1:R7,,,
8b8dc802a5ef8bc7-sheet1-R8,2026-02-23,busan-city,합의제행정기관 > 감사위원회 > 청렴담당관,삼미오리집,안전감찰 현안사항 간담회 개최,300000,8b8dc802a5ef8bc7b41e622564dade745b7b23db2ed1bb1901fe4bebbbc47eb3,sheet1:R8,,,
8b8dc802a5ef8bc7-sheet1-R9,2026-02-25,busan-city,합의제행정기관 > 감사위원회 > 청렴담당관,만성횟집,부산형 선결제 추진(조사총괄팀),370000,8b8dc802a5ef8bc7b41e622564dade745b7b23db2ed1bb1901fe4bebbbc47eb3,sheet1:R9,,,
8b8dc802a5ef8bc7-sheet1-R10,2026-02-25,busan-city,합의제행정기관 > 감사위원회 > 청렴담당관,원조개성손만두유황오리,계약심사 업무추진 유관기관 간담회 개최를 위한 선결제 건의,360000,8b8dc802a5ef8bc7b41e622564dade745b7b23db2ed1bb1901fe4bebbbc47eb3,sheet1:R10,,,
8b8dc802a5ef8bc7-sheet1-R11,2026-02-27,busan-city,합의제행정기관 > 감사위원회 > 청렴담당관,부자회관 부산시청점,2026년 부산형 선결제 추진(청렴정책팀),300000,8b8dc802a5ef8bc7b41e622564dade745b7b23db2ed1bb1901fe4bebbbc47eb3,sheet1:R11,,,
8b8dc802a5ef8bc7-sheet1-R12,2026-02-27,busan-city,합의제행정기관 > 감사위원회 > 청렴담당관,마조레,2026년 부산형 선결제 추진(청렴정책팀),420000,8b8dc802a5ef8bc7b41e622564dade745b7b23db2ed1bb1901fe4bebbbc47eb3,sheet1:R12,,,
8b8dc802a5ef8bc7-sheet1-R13,2026-02-27,busan-city,합의제행정기관 > 감사위원회 > 청렴담당관,정초밥,2026년 부산형 선결제 추진(청렴정책팀),200000,8b8dc802a5ef8bc7b41e622564dade745b7b23db2ed1bb1901fe4bebbbc47eb3,sheet1:R13,,,
8b8dc802a5ef8bc7-sheet1-R14,2026-02-27,busan-city,합의제행정기관 > 감사위원회 > 청렴담당관,우나기 만,2026년 부산형 선결제 추진(청렴정책팀),400000,8b8dc802a5ef8bc7b41e622564dade745b7b23db2ed1bb1901fe4bebbbc47eb3,sheet1:R14,,,
8b8dc802a5ef8bc7-sheet1-R15,2026-03-05,busan-city,합의제행정기관 > 감사위원회 > 청렴담당관,만성횟집,현안업무 추진 간담회 개최,110000,8b8dc802a5ef8bc7b41e622564dade745b7b23db2ed1bb1901fe4bebbbc47eb3,sheet1:R15,,,
8b8dc802a5ef8bc7-sheet1-R16,2026-03-31,busan-city,합의제행정기관 > 감사위원회 > 청렴담당관,모모스커피(주) 도모헌점,2026년 제11기 청렴갈매기 출범식 다과 등 구입,103800,8b8dc802a5ef8bc7b41e622564dade745b7b23db2ed1bb1901fe4bebbbc47eb3,sheet1:R16,,,
1a54f1d1e29f2eec-sheet1-R3,2026-01-07,busan-city,해양농수산국 > 해운항만과,다올복집,부산항 경쟁력 강화를 위한 현안 논의 간담회 개최,200000,1a54f1d1e29f2eec54fa068ff553eb57b0c1681c00ed8b76c3efdb4e5f1c27e3,sheet1:R3,,,
1a54f1d1e29f2eec-sheet1-R4,2026-01-05,busan-city,해양농수산국 > 해운항만과,KOREAN GARDEN RESTAURANT,북극항로 거점 알래스카항 네트워크 구축 간담회 개최비 지급,472780,1a54f1d1e29f2eec54fa068ff553eb57b0c1681c00ed8b76c3efdb4e5f1c27e3,sheet1:R4,,,
1a54f1d1e29f2eec-sheet1-R5,2026-01-13,busan-city,해양농수산국 > 해운항만과,"연제지역자활센터, 카페가온비",용역 보고회 개최에 따른 회의용 음료 등 구입,65000,1a54f1d1e29f2eec54fa068ff553eb57b0c1681c00ed8b76c3efdb4e5f1c27e3,sheet1:R5,,,
1a54f1d1e29f2eec-sheet1-R6,2026-01-13,busan-city,해양농수산국 > 해운항만과,함양가,항만물류 활성화를 위한 관계기관 간담회 개최,360000,1a54f1d1e29f2eec54fa068ff553eb57b0c1681c00ed8b76c3efdb4e5f1c27e3,sheet1:R6,,,
1a54f1d1e29f2eec-sheet1-R7,2026-01-15,busan-city,해양농수산국 > 해운항만과,해,항만재개발 등 업무협의를 위한 간담회 개최,200000,1a54f1d1e29f2eec54fa068ff553eb57b0c1681c00ed8b76c3efdb4e5f1c27e3,sheet1:R7,,,
1a54f1d1e29f2eec-sheet1-R8,2026-01-21,busan-city,해양농수산국 > 해운항만과,부자회관 부산시청점,항만재개발 등 업무협의를 위한 간담회 개최,189000,1a54f1d1e29f2eec54fa068ff553eb57b0c1681c00ed8b76c3efdb4e5f1c27e3,sheet1:R8,,,
1a54f1d1e29f2eec-sheet1-R9,2026-01-28,busan-city,해양농수산국 > 해운항만과,해,해운항만산업 발전 관련 업무협의 간담회 개최,343000,1a54f1d1e29f2eec54fa068ff553eb57b0c1681c00ed8b76c3efdb4e5f1c27e3,sheet1:R9,,,
1a54f1d1e29f2eec-sheet1-R10,2026-02-11,busan-city,해양농수산국 > 해운항만과,본참치,항만건설 추진 등 현안사업 관련 간담회 개최비 지급,80000,1a54f1d1e29f2eec54fa068ff553eb57b0c1681c00ed8b76c3efdb4e5f1c27e3,sheet1:R10,,,
1a54f1d1e29f2eec-sheet1-R11,2026-03-04,busan-city,해양농수산국 > 해운항만과,GOLDEN MOUNTAIN RESTAURAN,북극항로 선도도시 부산 전략마련을 위한 간담회 등 개최,450000,1a54f1d1e29f2eec54fa068ff553eb57b0c1681c00ed8b76c3efdb4e5f1c27e3,sheet1:R11,,,
1a54f1d1e29f2eec-sheet1-R12,2026-03-10,busan-city,해양농수산국 > 해운항만과,수라상,북극항로개척 추진 관련 업무협의 간담회 개최,325000,1a54f1d1e29f2eec54fa068ff553eb57b0c1681c00ed8b76c3efdb4e5f1c27e3,sheet1:R12,,,
1a54f1d1e29f2eec-sheet1-R13,2026-03-17,busan-city,해양농수산국 > 해운항만과,동래정 부산시청점,항만물류 활성화를 위한 관계기관 간담회 개최,255000,1a54f1d1e29f2eec54fa068ff553eb57b0c1681c00ed8b76c3efdb4e5f1c27e3,sheet1:R13,,,
1a54f1d1e29f2eec-sheet1-R14,2026-03-20,busan-city,해양농수산국 > 해운항만과,임실N치즈화덕피자,국비 관련 업무협의 간담회 개최,54000,1a54f1d1e29f2eec54fa068ff553eb57b0c1681c00ed8b76c3efdb4e5f1c27e3,sheet1:R14,,,
1a54f1d1e29f2eec-sheet1-R15,2026-03-24,busan-city,해양농수산국 > 해운항만과,수다,부산항 경쟁력 강화를 위한 현안 논의 간담회 개최,99000,1a54f1d1e29f2eec54fa068ff553eb57b0c1681c00ed8b76c3efdb4e5f1c27e3,sheet1:R15,,,
1a54f1d1e29f2eec-sheet1-R16,2026-03-26,busan-city,해양농수산국 > 해운항만과,팔선생,북극항로 선도도시 부산 전략마련을 위한 간담회 개최,180000,1a54f1d1e29f2eec54fa068ff553eb57b0c1681c00ed8b76c3efdb4e5f1c27e3,sheet1:R16,,,
1a54f1d1e29f2eec-sheet1-R17,2026-01-21,busan-city,해양농수산국 > 해운항만과,"후스, 스톤빈",부서 직원 노고 격려 간식 구입,320000,1a54f1d1e29f2eec54fa068ff553eb57b0c1681c00ed8b76c3efdb4e5f1c27e3,sheet1:R17,,,
1a54f1d1e29f2eec-sheet1-R18,2026-02-09,busan-city,해양농수산국 > 해운항만과,루시앙,인사발령에 따른 직원격려 간담회 개최,480000,1a54f1d1e29f2eec54fa068ff553eb57b0c1681c00ed8b76c3efdb4e5f1c27e3,sheet1:R18,,,
1a54f1d1e29f2eec-sheet1-R19,2026-02-25,busan-city,해양농수산국 > 해운항만과,"스톤빈, 구자윤",현안업무 추진에 따른 부서 직원 노고 격려 간식 구입,350000,1a54f1d1e29f2eec54fa068ff553eb57b0c1681c00ed8b76c3efdb4e5f1c27e3,sheet1:R19,,,
24fe0afa1567c063-sheet1-R4,2026-01-05,busan-city,해운대소방서 > 소방행정과,해운대소방서,부의금 지출,50000,24fe0afa1567c0634cae46d5e9f1587aa3c97f92f92caf73f9e680dd5ec68cc7,sheet1:R4,,,
24fe0afa1567c063-sheet1-R5,2026-01-06,busan-city,해운대소방서 > 소방행정과,해운대소방서,부의금 지출,50000,24fe0afa1567c0634cae46d5e9f1587aa3c97f92f92caf73f9e680dd5ec68cc7,sheet1:R5,,,
24fe0afa1567c063-sheet1-R6,2026-01-06,busan-city,해운대소방서 > 소방행정과,트레이더스 연산점,(서장)내방객 접대용 부속실 물품 구입,99320,24fe0afa1567c0634cae46d5e9f1587aa3c97f92f92caf73f9e680dd5ec68cc7,sheet1:R6,,,
24fe0afa1567c063-sheet1-R7,2026-01-14,busan-city,해운대소방서 > 소방행정과,해운대소방서,부의금 지출,50000,24fe0afa1567c0634cae46d5e9f1587aa3c97f92f92caf73f9e680dd5ec68cc7,sheet1:R7,,,
24fe0afa1567c063-sheet1-R8,2026-02-05,busan-city,해운대소방서 > 소방행정과,(주)이마트해운대점외 1,(서장)부속실 물품 구입,99840,24fe0afa1567c0634cae46d5e9f1587aa3c97f92f92caf73f9e680dd5ec68cc7,sheet1:R8,,,
24fe0afa1567c063-sheet1-R9,2026-02-10,busan-city,해운대소방서 > 소방행정과,식당3선 센텀1관/주식회사 엘티알,(서장)방호업무 추진 노고 격려 및 협의 간담회 지출 협조 요청,490000,24fe0afa1567c0634cae46d5e9f1587aa3c97f92f92caf73f9e680dd5ec68cc7,sheet1:R9,,,
24fe0afa1567c063-sheet1-R10,2026-02-25,busan-city,해운대소방서 > 소방행정과,헥토파이낸셜_비버웍스(비),(서장)(현장대응단)현장대응활동 검토회의 참석직원 간식 구매 요청,200000,24fe0afa1567c0634cae46d5e9f1587aa3c97f92f92caf73f9e680dd5ec68cc7,sheet1:R10,,,
24fe0afa1567c063-sheet1-R11,2026-02-26,busan-city,해운대소방서 > 소방행정과,가비방커피 마린시티점,(서장)부속실 필요 물품 구입,35000,24fe0afa1567c0634cae46d5e9f1587aa3c97f92f92caf73f9e680dd5ec68cc7,sheet1:R11,,,
24fe0afa1567c063-sheet1-R12,2026-03-04,busan-city,해운대소방서 > 소방행정과,"동피랑, 박해윤통영해물밥상",(서장)유관기관 현안업무 회의 개최에 따른 오찬 간담회 실시,318400,24fe0afa1567c0634cae46d5e9f1587aa3c97f92f92caf73f9e680dd5ec68cc7,sheet1:R12,,,
24fe0afa1567c063-sheet1-R13,2026-03-13,busan-city,해운대소방서 > 소방행정과,해운대소방서,(서장)현안업무추진 부서 격려금 지급,200000,24fe0afa1567c0634cae46d5e9f1587aa3c97f92f92caf73f9e680dd5ec68cc7,sheet1:R13,,,
784b3d446ba1b889-sheet1-R5,2026-01-30,busan-city,체육국 > 생활체육과,수제국수,부서 직원 노고 격려 간담회 개최 건의,372000,784b3d446ba1b8890bf5234ea1630ebfe617736f44efaf64c43482245d6d3a71,sheet1:R5,,,
784b3d446ba1b889-sheet1-R6,2026-03-28,busan-city,체육국 > 생활체육과,백두산,다대포 러너지원공간 개소식 직원 노고 격려 간담회 개최 건의,337500,784b3d446ba1b8890bf5234ea1630ebfe617736f44efaf64c43482245d6d3a71,sheet1:R6,,,
784b3d446ba1b889-sheet1-R7,2026-01-09,busan-city,체육국 > 생활체육과,"(주)브라운박스코리아 브라운박스커피, 식당3선 당리점",생활체육시설 현장 방문 관련 관계자 간담회 개최 건의,171100,784b3d446ba1b8890bf5234ea1630ebfe617736f44efaf64c43482245d6d3a71,sheet1:R7,,,
784b3d446ba1b889-sheet1-R8,2026-01-09,busan-city,체육국 > 생활체육과,메이리 연외 1,파크골프 관련 사업 관계자 간담회 개최 건의,54100,784b3d446ba1b8890bf5234ea1630ebfe617736f44efaf64c43482245d6d3a71,sheet1:R8,,,
784b3d446ba1b889-sheet1-R9,2026-01-19,busan-city,체육국 > 생활체육과,"카페잇샌드 시청점, 푸릇",러너스테이션 조성 관련 관계자 간담회 개최 건의,250000,784b3d446ba1b8890bf5234ea1630ebfe617736f44efaf64c43482245d6d3a71,sheet1:R9,,,
784b3d446ba1b889-sheet1-R10,2026-01-26,busan-city,체육국 > 생활체육과,(주) 서울케이디지,장애인체육회(장애인역도 이전 관련) 간담회 개최,60000,784b3d446ba1b8890bf5234ea1630ebfe617736f44efaf64c43482245d6d3a71,sheet1:R10,,,
784b3d446ba1b889-sheet1-R11,2026-02-21,busan-city,체육국 > 생활체육과,"카페리노(Cafe Reeno), 지앤지 시청점",러너지원공간 조성 관련 관계자 차담회 개최 건의,99500,784b3d446ba1b8890bf5234ea1630ebfe617736f44efaf64c43482245d6d3a71,sheet1:R11,,,
784b3d446ba1b889-sheet1-R12,2026-03-20,busan-city,체육국 > 생활체육과,"블루샥 다대포점, 고래사 오늘 다대포점",러너스테이션 조성 관련 관계자 간담회 개최 건의,216500,784b3d446ba1b8890bf5234ea1630ebfe617736f44efaf64c43482245d6d3a71,sheet1:R12,,,
1777f5a8d9302ba4-sheet1-R4,2026-01-09,busan-city,상수도사업본부 > 사하사업소,제주생고기촌,공사업무 관련 현안업무 간담회,330000,1777f5a8d9302ba4eb9c207cd3c9edec45835d49c801577933b525ea5317b42a,sheet1:R4,d57adef50774bb61c43ffb959ef9928181aab2a50b1d297622d7b22fe5869e48:sheet1:R4,,
1777f5a8d9302ba4-sheet1-R5,2026-01-16,busan-city,상수도사업본부 > 사하사업소,초원농원 양정점,총무팀 직원과 업무협의 간담회,175000,1777f5a8d9302ba4eb9c207cd3c9edec45835d49c801577933b525ea5317b42a,sheet1:R5,d57adef50774bb61c43ffb959ef9928181aab2a50b1d297622d7b22fe5869e48:sheet1:R5,,
1777f5a8d9302ba4-sheet1-R6,2026-01-19,busan-city,상수도사업본부 > 사하사업소,쿠팡㈜,내방객용 커피등 구입,100000,1777f5a8d9302ba4eb9c207cd3c9edec45835d49c801577933b525ea5317b42a,sheet1:R6,d57adef50774bb61c43ffb959ef9928181aab2a50b1d297622d7b22fe5869e48:sheet1:R6,,
1777f5a8d9302ba4-sheet1-R7,2026-01-23,busan-city,상수도사업본부 > 사하사업소,미가식당,상수도 발전방향등 논의 간담회,150000,1777f5a8d9302ba4eb9c207cd3c9edec45835d49c801577933b525ea5317b42a,sheet1:R7,d57adef50774bb61c43ffb959ef9928181aab2a50b1d297622d7b22fe5869e48:sheet1:R7,,
1777f5a8d9302ba4-sheet1-R8,2026-02-03,busan-city,상수도사업본부 > 사하사업소,우체국,2026년 설명절 직원 격려품 구입(온누리상품권),620000,1777f5a8d9302ba4eb9c207cd3c9edec45835d49c801577933b525ea5317b42a,sheet1:R8,d57adef50774bb61c43ffb959ef9928181aab2a50b1d297622d7b22fe5869e48:sheet1:R8,,
908f155682c6cebd-sheet1-R3,2026-01-05,busan-city,해양자연사박물관 > 관리팀,통나무하우스한정식,인사발령에 따른 전입자 격려 간담회 개최,100000,908f155682c6cebdddd02a8366bb5fcf46e627a0c7d07c4f0f5cdc04fa70dcc6,sheet1:R3,,,
908f155682c6cebd-sheet1-R4,2026-01-08,busan-city,해양자연사박물관 > 관리팀,쿠팡㈜,부서운영 다과류 등 구입,575370,908f155682c6cebdddd02a8366bb5fcf46e627a0c7d07c4f0f5cdc04fa70dcc6,sheet1:R4,,,
908f155682c6cebd-sheet1-R5,2026-01-22,busan-city,해양자연사박물관 > 관리팀,쌈보보쌈,청원경찰 격려를 위한 간담회 개최,85000,908f155682c6cebdddd02a8366bb5fcf46e627a0c7d07c4f0f5cdc04fa70dcc6,sheet1:R5,,,
908f155682c6cebd-sheet1-R6,2026-01-22,busan-city,해양자연사박물관 > 관리팀,"호텔농심, 우드로",업무추진 간담회 간식 구입,101000,908f155682c6cebdddd02a8366bb5fcf46e627a0c7d07c4f0f5cdc04fa70dcc6,sheet1:R6,,,
908f155682c6cebd-sheet1-R7,2026-01-28,busan-city,해양자연사박물관 > 관리팀,통나무하우스한정식,청원경찰 격려를 위한 간담회 개최,100000,908f155682c6cebdddd02a8366bb5fcf46e627a0c7d07c4f0f5cdc04fa70dcc6,sheet1:R7,,,
908f155682c6cebd-sheet1-R8,2026-01-30,busan-city,해양자연사박물관 > 관리팀,어가삼계탕 어가초밥,직원 인사발령에 따른 격려 간담회 개최,341000,908f155682c6cebdddd02a8366bb5fcf46e627a0c7d07c4f0f5cdc04fa70dcc6,sheet1:R8,,,
908f155682c6cebd-sheet1-R9,2026-02-02,busan-city,해양자연사박물관 > 관리팀,싹다한우,인사발령으로 인한 전입자 격려 간담회 개최,153000,908f155682c6cebdddd02a8366bb5fcf46e627a0c7d07c4f0f5cdc04fa70dcc6,sheet1:R9,,,
908f155682c6cebd-sheet1-R10,2026-02-06,busan-city,해양자연사박물관 > 관리팀,-,해양자연사박물관 소속 직원 부의금 전달,50000,908f155682c6cebdddd02a8366bb5fcf46e627a0c7d07c4f0f5cdc04fa70dcc6,sheet1:R10,,,
908f155682c6cebd-sheet1-R11,2026-02-09,busan-city,해양자연사박물관 > 관리팀,㈜이마트금정점,2026년 설 명절 맞이 현업근무자 격려품 구입,624000,908f155682c6cebdddd02a8366bb5fcf46e627a0c7d07c4f0f5cdc04fa70dcc6,sheet1:R11,,,
908f155682c6cebd-sheet1-R12,2026-02-09,busan-city,해양자연사박물관 > 관리팀,쿠팡㈜,2026년 따뜻한 설 명절 보내기 사회복지시설 지원 물품 구입,194920,908f155682c6cebdddd02a8366bb5fcf46e627a0c7d07c4f0f5cdc04fa70dcc6,sheet1:R12,,,
908f155682c6cebd-sheet1-R13,2026-02-10,busan-city,해양자연사박물관 > 관리팀,쿠팡㈜,2026년 설 맞이 휴일근무 직원 간식 등 구입,190010,908f155682c6cebdddd02a8366bb5fcf46e627a0c7d07c4f0f5cdc04fa70dcc6,sheet1:R13,,,
908f155682c6cebd-sheet1-R14,2026-02-13,busan-city,해양자연사박물관 > 관리팀,지에스 더 프레시,2026년 설 맞이 휴일근무 직원 간식 등 구입(2차),26350,908f155682c6cebdddd02a8366bb5fcf46e627a0c7d07c4f0f5cdc04fa70dcc6,sheet1:R14,,,
908f155682c6cebd-sheet1-R16,2026-03-13,busan-city,해양자연사박물관 > 관리팀,쿠팡㈜,부서운영 다과류 등 구입,475870,908f155682c6cebdddd02a8366bb5fcf46e627a0c7d07c4f0f5cdc04fa70dcc6,sheet1:R16,,,
090876cc2e812ea5-sheet1-R5,2026-01-05,busan-city,수산자원연구소 > 관리팀,도미노피자 명지점,인사발령에 따른 직원 격려 간담회,460900,090876cc2e812ea5a542b1e6242241a4237f8d1682361be662fd210e422e073f,sheet1:R5,,,
090876cc2e812ea5-sheet1-R6,2026-01-15,busan-city,수산자원연구소 > 관리팀,엘로운,소장실 내방객 제공 다과류 구입,400000,090876cc2e812ea5a542b1e6242241a4237f8d1682361be662fd210e422e073f,sheet1:R6,,,
090876cc2e812ea5-sheet1-R7,2026-01-29,busan-city,수산자원연구소 > 관리팀,제일옥,2026년 상반기 시의회 업무보고 관련 직원 격려,60000,090876cc2e812ea5a542b1e6242241a4237f8d1682361be662fd210e422e073f,sheet1:R7,,,
090876cc2e812ea5-sheet1-R8,2026-02-06,busan-city,수산자원연구소 > 관리팀,쿠팡,2026년 설 명절맞이 사회복지시설 격려물품 구입,159140,090876cc2e812ea5a542b1e6242241a4237f8d1682361be662fd210e422e073f,sheet1:R8,,,
090876cc2e812ea5-sheet1-R9,2026-02-13,busan-city,수산자원연구소 > 관리팀,-,직원 경조사비 지급,50000,090876cc2e812ea5a542b1e6242241a4237f8d1682361be662fd210e422e073f,sheet1:R9,,,
090876cc2e812ea5-sheet1-R10,2026-02-26,busan-city,수산자원연구소 > 관리팀,풍원장,수산자원조성 업무협의,115000,090876cc2e812ea5a542b1e6242241a4237f8d1682361be662fd210e422e073f,sheet1:R10,,,
090876cc2e812ea5-sheet1-R11,2026-03-09,busan-city,수산자원연구소 > 관리팀,연합횟집,해양수산부 수산어업행정지원 업무추진 간담회 개최,150000,090876cc2e812ea5a542b1e6242241a4237f8d1682361be662fd210e422e073f,sheet1:R11,,,
b256a3eecae7dd7b-sheet1-R5,2026-01-05,busan-city,시도의회 > 의회사무처 > 입법재정담당관,홍식당,정책연구 활성화를 위한 간담회 개최,266000,b256a3eecae7dd7b458e1549c30d36c75be77d4bc9e47547cc743acfa5595fae,sheet1:R5,,,
b256a3eecae7dd7b-sheet1-R6,2026-01-13,busan-city,시도의회 > 의회사무처 > 입법재정담당관,함양가,입법지원 활성화를 위한 간담회 개최,120000,b256a3eecae7dd7b458e1549c30d36c75be77d4bc9e47547cc743acfa5595fae,sheet1:R6,,,
b256a3eecae7dd7b-sheet1-R7,2026-01-14,busan-city,시도의회 > 의회사무처 > 입법재정담당관,만성횟집,정책연구 활성화를 위한 간담회 개최,169000,b256a3eecae7dd7b458e1549c30d36c75be77d4bc9e47547cc743acfa5595fae,sheet1:R7,,,
b256a3eecae7dd7b-sheet1-R8,2026-01-16,busan-city,시도의회 > 의회사무처 > 입법재정담당관,연정보쌈,정책연구 활성화를 위한 간담회 개최,280000,b256a3eecae7dd7b458e1549c30d36c75be77d4bc9e47547cc743acfa5595fae,sheet1:R8,,,
b256a3eecae7dd7b-sheet1-R9,2026-01-27,busan-city,시도의회 > 의회사무처 > 입법재정담당관,커피스토리,부서운영 차류 구입,165000,b256a3eecae7dd7b458e1549c30d36c75be77d4bc9e47547cc743acfa5595fae,sheet1:R9,,,
b256a3eecae7dd7b-sheet1-R10,2026-01-29,busan-city,시도의회 > 의회사무처 > 입법재정담당관,합천식당,입법평가 업무 관련 간담회 개최,161000,b256a3eecae7dd7b458e1549c30d36c75be77d4bc9e47547cc743acfa5595fae,sheet1:R10,,,
b256a3eecae7dd7b-sheet1-R11,2026-02-03,busan-city,시도의회 > 의회사무처 > 입법재정담당관,육밀도,입법지원 활성화를 위한 간담회 개최,170000,b256a3eecae7dd7b458e1549c30d36c75be77d4bc9e47547cc743acfa5595fae,sheet1:R11,,,
b256a3eecae7dd7b-sheet1-R12,2026-02-11,busan-city,시도의회 > 의회사무처 > 입법재정담당관,우나기 만,입법지원 활성화를 위한 간담회 개최,175000,b256a3eecae7dd7b458e1549c30d36c75be77d4bc9e47547cc743acfa5595fae,sheet1:R12,,,
b256a3eecae7dd7b-sheet1-R13,2026-02-12,busan-city,시도의회 > 의회사무처 > 입법재정담당관,보광유황한방오리,정책연구 활성화를 위한 간담회 개최,218000,b256a3eecae7dd7b458e1549c30d36c75be77d4bc9e47547cc743acfa5595fae,sheet1:R13,,,
b256a3eecae7dd7b-sheet1-R14,2026-02-24,busan-city,시도의회 > 의회사무처 > 입법재정담당관,커피스토리,부서운영 차류 구입,165000,b256a3eecae7dd7b458e1549c30d36c75be77d4bc9e47547cc743acfa5595fae,sheet1:R14,,,
b256a3eecae7dd7b-sheet1-R15,2026-02-25,busan-city,시도의회 > 의회사무처 > 입법재정담당관,다이닝갈비,재정분석 업무추진 관련 간담회 개최,184500,b256a3eecae7dd7b458e1549c30d36c75be77d4bc9e47547cc743acfa5595fae,sheet1:R15,,,
b256a3eecae7dd7b-sheet1-R16,2026-03-11,busan-city,시도의회 > 의회사무처 > 입법재정담당관,마조레,부서 직원 격려 간담회 개최,375000,b256a3eecae7dd7b458e1549c30d36c75be77d4bc9e47547cc743acfa5595fae,sheet1:R16,,,
b256a3eecae7dd7b-sheet1-R17,2026-03-12,busan-city,시도의회 > 의회사무처 > 입법재정담당관,우나기 만,입법지원 활성화를 위한 간담회 개최,210000,b256a3eecae7dd7b458e1549c30d36c75be77d4bc9e47547cc743acfa5595fae,sheet1:R17,,,
b256a3eecae7dd7b-sheet1-R18,2026-03-16,busan-city,시도의회 > 의회사무처 > 입법재정담당관,부자회관,정책연구 활성화를 위한 간담회 개최,242500,b256a3eecae7dd7b458e1549c30d36c75be77d4bc9e47547cc743acfa5595fae,sheet1:R18,,,
b256a3eecae7dd7b-sheet1-R19,2026-03-20,busan-city,시도의회 > 의회사무처 > 입법재정담당관,커피스토리,부서운영 차류 구입,165000,b256a3eecae7dd7b458e1549c30d36c75be77d4bc9e47547cc743acfa5595fae,sheet1:R19,,,
b256a3eecae7dd7b-sheet1-R20,2026-03-24,busan-city,시도의회 > 의회사무처 > 입법재정담당관,양정횟집,입법지원 활성화를 위한 간담회 개최,200000,b256a3eecae7dd7b458e1549c30d36c75be77d4bc9e47547cc743acfa5595fae,sheet1:R20,,,
7d82431e21dd004e-sheet1-R4,2026-01-06,busan-city,사상소방서 > 소방행정과,00장례식장,소속 직원 조의금 지급,50000,7d82431e21dd004eb21e73347ade9d4164e73e5944201c5acafac2677602a3a7,sheet1:R4,,,
7d82431e21dd004e-sheet1-R5,2026-01-06,busan-city,사상소방서 > 소방행정과,00장례식장,소속 직원 조의금 지급,50000,7d82431e21dd004eb21e73347ade9d4164e73e5944201c5acafac2677602a3a7,sheet1:R5,,,
7d82431e21dd004e-sheet1-R6,2026-01-06,busan-city,사상소방서 > 소방행정과,00웨딩홀,소속 상임위 시의원 축의금 지급,50000,7d82431e21dd004eb21e73347ade9d4164e73e5944201c5acafac2677602a3a7,sheet1:R6,,,
7d82431e21dd004e-sheet1-R7,2026-01-06,busan-city,사상소방서 > 소방행정과,사상소방서 관내 식당,사상소방서 직원 노고치하 및 격려간담회 실시,291000,7d82431e21dd004eb21e73347ade9d4164e73e5944201c5acafac2677602a3a7,sheet1:R7,,,
7d82431e21dd004e-sheet1-R8,2026-01-26,busan-city,사상소방서 > 소방행정과,사상소방서 관내 식당,소방행정과 간담회 실시 계획 보고,200000,7d82431e21dd004eb21e73347ade9d4164e73e5944201c5acafac2677602a3a7,sheet1:R8,,,
7d82431e21dd004e-sheet1-R9,2026-01-30,busan-city,사상소방서 > 소방행정과,00장례식장,소속 직원 조의금 지급 요청,50000,7d82431e21dd004eb21e73347ade9d4164e73e5944201c5acafac2677602a3a7,sheet1:R9,,,
7d82431e21dd004e-sheet1-R10,2026-02-02,busan-city,사상소방서 > 소방행정과,사상소방서 관내 식당,(구조구급과)직원 사기 진작을 위한 격려 간담회 지출,180000,7d82431e21dd004eb21e73347ade9d4164e73e5944201c5acafac2677602a3a7,sheet1:R10,,,
7d82431e21dd004e-sheet1-R11,2026-02-05,busan-city,사상소방서 > 소방행정과,인터넷구매,2026년 연휴기간 특별경계근무 비상근무 직원 격려품 구매(컵라면),889600,7d82431e21dd004eb21e73347ade9d4164e73e5944201c5acafac2677602a3a7,sheet1:R11,,,
7d82431e21dd004e-sheet1-R12,2026-02-06,busan-city,사상소방서 > 소방행정과,사상소방서 관내 식당,(현장대응단) 간담회 실시 계획 보고 (지휘조사2팀),120000,7d82431e21dd004eb21e73347ade9d4164e73e5944201c5acafac2677602a3a7,sheet1:R12,,,
7d82431e21dd004e-sheet1-R13,2026-02-09,busan-city,사상소방서 > 소방행정과,사상소방서 관내 식당,"(현장대응단) 간담회 개최에 따른 경비 지급 (방호계, 지휘조사계 1팀)",220000,7d82431e21dd004eb21e73347ade9d4164e73e5944201c5acafac2677602a3a7,sheet1:R13,,,
7d82431e21dd004e-sheet1-R14,2026-02-10,busan-city,사상소방서 > 소방행정과,00청과,2026년 연휴기간 특별경계근무 비상근무 직원 격려품 구매(과일),1345000,7d82431e21dd004eb21e73347ade9d4164e73e5944201c5acafac2677602a3a7,sheet1:R14,,,
7d82431e21dd004e-sheet1-R15,2026-02-10,busan-city,사상소방서 > 소방행정과,사상소방서 관내 식당,(현장대응단) 간담회 실시 계획 보고 (지휘조사3팀),120000,7d82431e21dd004eb21e73347ade9d4164e73e5944201c5acafac2677602a3a7,sheet1:R15,,,
7d82431e21dd004e-sheet1-R16,2026-02-11,busan-city,사상소방서 > 소방행정과,사상소방서 관내 식당,청문감사담당관 간담회 실시 협조 요청,160000,7d82431e21dd004eb21e73347ade9d4164e73e5944201c5acafac2677602a3a7,sheet1:R16,,,
7d82431e21dd004e-sheet1-R17,2026-02-12,busan-city,사상소방서 > 소방행정과,00장례식장,소속 직원 조의금 지급 요청,50000,7d82431e21dd004eb21e73347ade9d4164e73e5944201c5acafac2677602a3a7,sheet1:R17,,,
7d82431e21dd004e-sheet1-R18,2026-02-13,busan-city,사상소방서 > 소방행정과,사상소방서 관내 식당,사상소방서 소방안전관리 유관기관 시책 간담회 개최,300000,7d82431e21dd004eb21e73347ade9d4164e73e5944201c5acafac2677602a3a7,sheet1:R18,,,
7d82431e21dd004e-sheet1-R19,2026-03-04,busan-city,사상소방서 > 소방행정과,00식당,상시 소방훈련 선발대회 출전선수 격려 간담회 실시,300000,7d82431e21dd004eb21e73347ade9d4164e73e5944201c5acafac2677602a3a7,sheet1:R19,,,
7d82431e21dd004e-sheet1-R20,2026-03-10,busan-city,사상소방서 > 소방행정과,인터넷구매,2026년 상시 소방훈련 선발대회 참가 직원 격려품 구매(커피쿠폰),112800,7d82431e21dd004eb21e73347ade9d4164e73e5944201c5acafac2677602a3a7,sheet1:R20,,,
7d82431e21dd004e-sheet1-R21,2026-03-17,busan-city,사상소방서 > 소방행정과,00웨딩홀,소속 직원 축의금 지급,50000,7d82431e21dd004eb21e73347ade9d4164e73e5944201c5acafac2677602a3a7,sheet1:R21,,,
7d82431e21dd004e-sheet1-R22,2026-03-17,busan-city,사상소방서 > 소방행정과,00웨딩홀,소속 직원 축의금 지급,50000,7d82431e21dd004eb21e73347ade9d4164e73e5944201c5acafac2677602a3a7,sheet1:R22,,,
7d82431e21dd004e-sheet1-R23,2026-03-18,busan-city,사상소방서 > 소방행정과,사상소방서 관내 식당,사상소방서 직원 노고치하 및 격려간담회 실시,291000,7d82431e21dd004eb21e73347ade9d4164e73e5944201c5acafac2677602a3a7,sheet1:R23,,,
7d82431e21dd004e-sheet1-R24,2026-03-25,busan-city,사상소방서 > 소방행정과,00웨딩홀,소속 직원 축의금 지급 요청,50000,7d82431e21dd004eb21e73347ade9d4164e73e5944201c5acafac2677602a3a7,sheet1:R24,,,
f29ff69cd491536b-sheet1-R5,2026-01-06,busan-city,건설안전시험사업소 > 관리팀,건설안전시험사업소,부산시청공무직노동조합 건설안전시험사업소지부 정기총회 지원,100000,f29ff69cd491536bd54d5dc85fd64b65c3a2dc5e9a52476187c16230b3b59598,sheet1:R5,,,
f29ff69cd491536b-sheet1-R6,2026-01-14,busan-city,건설안전시험사업소 > 관리팀,금성칼국수보쌈,사업소 주요 현안업무 논의를 위한 간담회 개최,400000,f29ff69cd491536bd54d5dc85fd64b65c3a2dc5e9a52476187c16230b3b59598,sheet1:R6,,,
f29ff69cd491536b-sheet1-R7,2026-01-28,busan-city,건설안전시험사업소 > 관리팀,㈜부산은행,2026년 따뜻한 설 명절 보내기 관련 격려품 구입,300000,f29ff69cd491536bd54d5dc85fd64b65c3a2dc5e9a52476187c16230b3b59598,sheet1:R7,,,
f29ff69cd491536b-sheet1-R8,2026-02-05,busan-city,건설안전시험사업소 > 관리팀,건설안전시험사업소,공무직 자녀 결혼 축의금 지급,100000,f29ff69cd491536bd54d5dc85fd64b65c3a2dc5e9a52476187c16230b3b59598,sheet1:R8,,,
f29ff69cd491536b-sheet1-R9,2026-02-05,busan-city,건설안전시험사업소 > 관리팀,회동식당,사업소 주요 현안업무 논의를 위한 간담회 개최,300000,f29ff69cd491536bd54d5dc85fd64b65c3a2dc5e9a52476187c16230b3b59598,sheet1:R9,,,
f29ff69cd491536b-sheet1-R10,2026-02-26,busan-city,건설안전시험사업소 > 관리팀,회동식당,사업소 주요 현안업무 논의를 위한 간담회 개최,200000,f29ff69cd491536bd54d5dc85fd64b65c3a2dc5e9a52476187c16230b3b59598,sheet1:R10,,,
f29ff69cd491536b-sheet1-R11,2026-02-27,busan-city,건설안전시험사업소 > 관리팀,용문각,쾌적한 도로환경 조성을 위한 업무협의 간담회 개최,300000,f29ff69cd491536bd54d5dc85fd64b65c3a2dc5e9a52476187c16230b3b59598,sheet1:R11,,,
f29ff69cd491536b-sheet1-R12,2026-03-13,busan-city,건설안전시험사업소 > 관리팀,동대김대감,사업소 주요 현안업무 논의를 위한 간담회 개최,300000,f29ff69cd491536bd54d5dc85fd64b65c3a2dc5e9a52476187c16230b3b59598,sheet1:R12,,,
f29ff69cd491536b-sheet1-R13,2026-03-24,busan-city,건설안전시험사업소 > 관리팀,동대김대감,사업소 주요 현안업무 논의를 위한 간담회 개최,300000,f29ff69cd491536bd54d5dc85fd64b65c3a2dc5e9a52476187c16230b3b59598,sheet1:R13,,,
86cedb868917865c-sheet1-R5,2026-01-02,busan-city,북부소방서 > 소방행정과,북부소방서,직원 결혼에 따른 축의금 지급,50000,86cedb868917865cea6cb091f6c71590e9c9dc97757fbb49d1e2e6cc75162905,sheet1:R5,,,
86cedb868917865c-sheet1-R6,2026-01-19,busan-city,북부소방서 > 소방행정과,첸차이나,퇴직자 격려 간담회 계획(착한결제),500000,86cedb868917865cea6cb091f6c71590e9c9dc97757fbb49d1e2e6cc75162905,sheet1:R6,,,
86cedb868917865c-sheet1-R7,2026-02-04,busan-city,북부소방서 > 소방행정과,(주)농협유통 하나로클럽 부산점,2026년 설 명절 장기와병직원 및 소방보조인력 격려물품 구입,636800,86cedb868917865cea6cb091f6c71590e9c9dc97757fbb49d1e2e6cc75162905,sheet1:R7,,,
86cedb868917865c-sheet1-R8,2026-02-11,busan-city,북부소방서 > 소방행정과,북부소방서,구포119안전센터 직원 부의금 지급,50000,86cedb868917865cea6cb091f6c71590e9c9dc97757fbb49d1e2e6cc75162905,sheet1:R8,,,
86cedb868917865c-sheet1-R9,2026-02-26,busan-city,북부소방서 > 소방행정과,덕천복집,북구지역 기관장 오찬 간담회 개최,200000,86cedb868917865cea6cb091f6c71590e9c9dc97757fbb49d1e2e6cc75162905,sheet1:R9,,,
86cedb868917865c-sheet1-R10,2026-02-27,busan-city,북부소방서 > 소방행정과,북부소방서,직원 결혼에 따른 축의금 지급,50000,86cedb868917865cea6cb091f6c71590e9c9dc97757fbb49d1e2e6cc75162905,sheet1:R10,,,
86cedb868917865c-sheet1-R11,2026-03-13,busan-city,북부소방서 > 소방행정과,북부소방서,화재현장 활동중 부상직원에 대한 위로금 지급 계획 보고(소방 0),100000,86cedb868917865cea6cb091f6c71590e9c9dc97757fbb49d1e2e6cc75162905,sheet1:R11,,,
86cedb868917865c-sheet1-R12,2026-03-18,busan-city,북부소방서 > 소방행정과,연화리해녀집장씨해녀집,소방발전위원회 운영 관련 업무 간담회 개최,210000,86cedb868917865cea6cb091f6c71590e9c9dc97757fbb49d1e2e6cc75162905,sheet1:R12,,,
d869ec6073733f8f-sheet1-R5,2026-01-27,busan-city,상수도사업본부 > 기장사업소,일광수산횟집,유수율 제고 관리방안 간담회,149000,d869ec6073733f8fc3040615472436617a132ed921ef6d1bd035e79a7343a59f,sheet1:R5,d2b9002e56fe02d772ea72cc957be894e796719e5ddd9c6b3beffd57d8da3e35:sheet1:R5,,
d869ec6073733f8f-sheet1-R6,2026-02-02,busan-city,상수도사업본부 > 기장사업소,우나기만,4단계 노후관 개량 사업 및 유수율 제고 관리방안 간담회,113000,d869ec6073733f8fc3040615472436617a132ed921ef6d1bd035e79a7343a59f,sheet1:R6,d2b9002e56fe02d772ea72cc957be894e796719e5ddd9c6b3beffd57d8da3e35:sheet1:R6,,
d869ec6073733f8f-sheet1-R7,2026-02-03,busan-city,상수도사업본부 > 기장사업소,이우철삼계탕,전출 직원 격려를 위한 오찬 간담회,148900,d869ec6073733f8fc3040615472436617a132ed921ef6d1bd035e79a7343a59f,sheet1:R7,d2b9002e56fe02d772ea72cc957be894e796719e5ddd9c6b3beffd57d8da3e35:sheet1:R7,,
d869ec6073733f8f-sheet1-R8,2026-02-04,busan-city,상수도사업본부 > 기장사업소,토레로,전출 직원 격려를 위한 간담회,48500,d869ec6073733f8fc3040615472436617a132ed921ef6d1bd035e79a7343a59f,sheet1:R8,d2b9002e56fe02d772ea72cc957be894e796719e5ddd9c6b3beffd57d8da3e35:sheet1:R8,,
d869ec6073733f8f-sheet1-R9,2026-02-10,busan-city,상수도사업본부 > 기장사업소,㈜쿠팡,설 명절맞이 누수대기자 격려품 구입,120000,d869ec6073733f8fc3040615472436617a132ed921ef6d1bd035e79a7343a59f,sheet1:R9,d2b9002e56fe02d772ea72cc957be894e796719e5ddd9c6b3beffd57d8da3e35:sheet1:R9,,
d869ec6073733f8f-sheet1-R10,2026-02-10,busan-city,상수도사업본부 > 기장사업소,스타벅스,설 명절맞이 직원 격려품 구입,210000,d869ec6073733f8fc3040615472436617a132ed921ef6d1bd035e79a7343a59f,sheet1:R10,d2b9002e56fe02d772ea72cc957be894e796719e5ddd9c6b3beffd57d8da3e35:sheet1:R10,,
d869ec6073733f8f-sheet1-R11,2026-02-13,busan-city,상수도사업본부 > 기장사업소,일광수산횟집,유관기관과의 업무교류 오찬 간담회,211000,d869ec6073733f8fc3040615472436617a132ed921ef6d1bd035e79a7343a59f,sheet1:R11,d2b9002e56fe02d772ea72cc957be894e796719e5ddd9c6b3beffd57d8da3e35:sheet1:R11,,
d869ec6073733f8f-sheet1-R12,2026-02-27,busan-city,상수도사업본부 > 기장사업소,월남면반,관급자재 및 유수율 제고 관리방안 간담회,30000,d869ec6073733f8fc3040615472436617a132ed921ef6d1bd035e79a7343a59f,sheet1:R12,d2b9002e56fe02d772ea72cc957be894e796719e5ddd9c6b3beffd57d8da3e35:sheet1:R12,,
008fe518ffc84c75-sheet1-R5,2026-01-09,busan-city,도시혁신균형실 > 철도시설과,대궐안집,도시철도사업 추진을 위한 간담회 개최,220000,008fe518ffc84c756c1f3fb38b42a2ddda627e0199af3e674297101da3fc1e1e,sheet1:R5,,,
008fe518ffc84c75-sheet1-R6,2026-01-13,busan-city,도시혁신균형실 > 철도시설과,웰빙선생오리,현안업무 추진을 위한 간담회 개최,300000,008fe518ffc84c756c1f3fb38b42a2ddda627e0199af3e674297101da3fc1e1e,sheet1:R6,,,
008fe518ffc84c75-sheet1-R7,2026-01-14,busan-city,도시혁신균형실 > 철도시설과,본전돼지국밥,현안업무 추진을 위한 간담회 개최,108000,008fe518ffc84c756c1f3fb38b42a2ddda627e0199af3e674297101da3fc1e1e,sheet1:R7,,,
008fe518ffc84c75-sheet1-R8,2026-01-29,busan-city,도시혁신균형실 > 철도시설과,수제국수(부산시청점),현안업무 추진을 위한 간담회 개최,113000,008fe518ffc84c756c1f3fb38b42a2ddda627e0199af3e674297101da3fc1e1e,sheet1:R8,,,
008fe518ffc84c75-sheet1-R9,2026-01-30,busan-city,도시혁신균형실 > 철도시설과,양정횟집,도시철도 현안사업 간담회 개최,210000,008fe518ffc84c756c1f3fb38b42a2ddda627e0199af3e674297101da3fc1e1e,sheet1:R9,,,
008fe518ffc84c75-sheet1-R10,2026-02-03,busan-city,도시혁신균형실 > 철도시설과,우나기 만,현안업무 추진을 위한 간담회 개최,140000,008fe518ffc84c756c1f3fb38b42a2ddda627e0199af3e674297101da3fc1e1e,sheet1:R10,,,
008fe518ffc84c75-sheet1-R11,2026-02-10,busan-city,도시혁신균형실 > 철도시설과,본도시락부산법조타운점,기술제안서 평가위원회 참여자 도시락 구입,320000,008fe518ffc84c756c1f3fb38b42a2ddda627e0199af3e674297101da3fc1e1e,sheet1:R11,,,
008fe518ffc84c75-sheet1-R12,2026-02-27,busan-city,도시혁신균형실 > 철도시설과,웰빙선생오리,현안업무 추진을 위한 간담회 개최,89000,008fe518ffc84c756c1f3fb38b42a2ddda627e0199af3e674297101da3fc1e1e,sheet1:R12,,,
008fe518ffc84c75-sheet1-R13,2026-03-04,busan-city,도시혁신균형실 > 철도시설과,초량할매족발,현안업무 추진을 위한 간담회 개최,207500,008fe518ffc84c756c1f3fb38b42a2ddda627e0199af3e674297101da3fc1e1e,sheet1:R13,,,
008fe518ffc84c75-sheet1-R14,2026-03-13,busan-city,도시혁신균형실 > 철도시설과,스타벅스 코리아외 1,현장점검 추진을 위한 간담회 개최,193700,008fe518ffc84c756c1f3fb38b42a2ddda627e0199af3e674297101da3fc1e1e,sheet1:R14,,,
008fe518ffc84c75-sheet1-R15,2026-03-17,busan-city,도시혁신균형실 > 철도시설과,돈풍각,현안업무 추진을 위한 간담회 개최,120000,008fe518ffc84c756c1f3fb38b42a2ddda627e0199af3e674297101da3fc1e1e,sheet1:R15,,,
008fe518ffc84c75-sheet1-R16,2026-03-18,busan-city,도시혁신균형실 > 철도시설과,거제횟집,현안업무 추진을 위한 간담회 개최,371000,008fe518ffc84c756c1f3fb38b42a2ddda627e0199af3e674297101da3fc1e1e,sheet1:R16,,,
008fe518ffc84c75-sheet1-R17,2026-03-18,busan-city,도시혁신균형실 > 철도시설과,원지(onez),현안업무 추진을 위한 간담회 개최,150000,008fe518ffc84c756c1f3fb38b42a2ddda627e0199af3e674297101da3fc1e1e,sheet1:R17,,,
008fe518ffc84c75-sheet1-R18,2026-03-19,busan-city,도시혁신균형실 > 철도시설과,(주)사미헌,철도지하화 통합개발 현장방문 지원 계획,308000,008fe518ffc84c756c1f3fb38b42a2ddda627e0199af3e674297101da3fc1e1e,sheet1:R18,,,
008fe518ffc84c75-sheet1-R19,2026-03-23,busan-city,도시혁신균형실 > 철도시설과,돈풍각,현안 업무 추진을 위한 간담회 개최,390000,008fe518ffc84c756c1f3fb38b42a2ddda627e0199af3e674297101da3fc1e1e,sheet1:R19,,,
008fe518ffc84c75-sheet1-R20,2026-03-26,busan-city,도시혁신균형실 > 철도시설과,돈풍각,인사이동에 따른 직원 간담회 개최,207500,008fe518ffc84c756c1f3fb38b42a2ddda627e0199af3e674297101da3fc1e1e,sheet1:R20,,,
008fe518ffc84c75-sheet1-R21,2026-03-27,busan-city,도시혁신균형실 > 철도시설과,형아우삼계탕,현안업무 추진을 위한 간담회 개최,130000,008fe518ffc84c756c1f3fb38b42a2ddda627e0199af3e674297101da3fc1e1e,sheet1:R21,,,
b7f519434826dc91-sheet1-R5,2026-01-09,busan-city,디지털경제실 > 미래기술전략국 > 바이오헬스과,월남면반 시청점,첨단의료치의학팀 현안사항 논의 등 간담회,82000,b7f519434826dc91799e7ec3d6505852ba78fc746a072985a9721fbb67a5229a,sheet1:R5,,,
b7f519434826dc91-sheet1-R6,2026-01-12,busan-city,디지털경제실 > 미래기술전략국 > 바이오헬스과,일랑일랑외 1,헬스케어 산업 관계자 간담회,82000,b7f519434826dc91799e7ec3d6505852ba78fc746a072985a9721fbb67a5229a,sheet1:R6,,,
b7f519434826dc91-sheet1-R7,2026-01-13,busan-city,디지털경제실 > 미래기술전략국 > 바이오헬스과,큐제외 1,용역관련 현안사항 논의 등 간담회,180000,b7f519434826dc91799e7ec3d6505852ba78fc746a072985a9721fbb67a5229a,sheet1:R7,,,
b7f519434826dc91-sheet1-R8,2026-01-15,busan-city,디지털경제실 > 미래기술전략국 > 바이오헬스과,강변조개구이외 1,시정 현장 방문 관련 간담회,122500,b7f519434826dc91799e7ec3d6505852ba78fc746a072985a9721fbb67a5229a,sheet1:R8,,,
b7f519434826dc91-sheet1-R9,2026-01-16,busan-city,디지털경제실 > 미래기술전략국 > 바이오헬스과,취원3,의료산업 육성을 위한 관계자 간담회,300000,b7f519434826dc91799e7ec3d6505852ba78fc746a072985a9721fbb67a5229a,sheet1:R9,,,
b7f519434826dc91-sheet1-R10,2026-01-20,busan-city,디지털경제실 > 미래기술전략국 > 바이오헬스과,칠암밥상,시정 현장 방문 관련 간담회,161000,b7f519434826dc91799e7ec3d6505852ba78fc746a072985a9721fbb67a5229a,sheet1:R10,,,
b7f519434826dc91-sheet1-R11,2026-01-21,busan-city,디지털경제실 > 미래기술전략국 > 바이오헬스과,어부심 해풍코다리 시청점,전시회 개최 관련 간담회,160000,b7f519434826dc91799e7ec3d6505852ba78fc746a072985a9721fbb67a5229a,sheet1:R11,,,
b7f519434826dc91-sheet1-R12,2026-01-28,busan-city,디지털경제실 > 미래기술전략국 > 바이오헬스과,취원,부서 직원 격려 간담회,450000,b7f519434826dc91799e7ec3d6505852ba78fc746a072985a9721fbb67a5229a,sheet1:R12,,,
b7f519434826dc91-sheet1-R13,2026-02-09,busan-city,디지털경제실 > 미래기술전략국 > 바이오헬스과,코레일유통주식회사(오송역)외 1,국립치의학연구원 유치 등 현안 업무협의 출장 및 간담회,105000,b7f519434826dc91799e7ec3d6505852ba78fc746a072985a9721fbb67a5229a,sheet1:R13,,,
b7f519434826dc91-sheet1-R14,2026-02-11,busan-city,디지털경제실 > 미래기술전략국 > 바이오헬스과,에디션플러스(addition+)외 1,의료바이오산업 육성을 위한 관계자 간담회,69300,b7f519434826dc91799e7ec3d6505852ba78fc746a072985a9721fbb67a5229a,sheet1:R14,,,
b7f519434826dc91-sheet1-R15,2026-02-10,busan-city,디지털경제실 > 미래기술전략국 > 바이오헬스과,공무원매점,바이오헬스과 직원 격려 간식 등 구입,320000,b7f519434826dc91799e7ec3d6505852ba78fc746a072985a9721fbb67a5229a,sheet1:R15,,,
b7f519434826dc91-sheet1-R16,2026-02-12,busan-city,디지털경제실 > 미래기술전략국 > 바이오헬스과,뚜레쥬르 부산센텀대로점외 1,국립치의학연구원 유치 관련 현안 논의 간담회,95800,b7f519434826dc91799e7ec3d6505852ba78fc746a072985a9721fbb67a5229a,sheet1:R16,,,
b7f519434826dc91-sheet1-R17,2026-02-20,busan-city,디지털경제실 > 미래기술전략국 > 바이오헬스과,수제국수외 1,현안업무 추진에 따른 직원 격려 간담회,370700,b7f519434826dc91799e7ec3d6505852ba78fc746a072985a9721fbb67a5229a,sheet1:R17,,,
b7f519434826dc91-sheet1-R18,2026-02-24,busan-city,디지털경제실 > 미래기술전략국 > 바이오헬스과,외백,현안 업무 추진을 위한 간담회,128000,b7f519434826dc91799e7ec3d6505852ba78fc746a072985a9721fbb67a5229a,sheet1:R18,,,
b7f519434826dc91-sheet1-R19,2026-03-11,busan-city,디지털경제실 > 미래기술전략국 > 바이오헬스과,컴포즈커피 차이나타운점외 1,디지털 헬스케어 산업 육성을 위한 관계자 간담회,87200,b7f519434826dc91799e7ec3d6505852ba78fc746a072985a9721fbb67a5229a,sheet1:R19,,,
b7f519434826dc91-sheet1-R20,2026-03-06,busan-city,디지털경제실 > 미래기술전략국 > 바이오헬스과,로프터외 1,시정 현장방문 관련 간담회,138500,b7f519434826dc91799e7ec3d6505852ba78fc746a072985a9721fbb67a5229a,sheet1:R20,,,
b7f519434826dc91-sheet1-R21,2026-03-21,busan-city,디지털경제실 > 미래기술전략국 > 바이오헬스과,비학산보리밥생칼국수,BDEX(2026 부산치의학전시회) 현안업무 추진 간담회,148000,b7f519434826dc91799e7ec3d6505852ba78fc746a072985a9721fbb67a5229a,sheet1:R21,,,
e5be0808bb8fc4d9-sheet1-R5,2026-02-19,busan-city,도시혁신균형실 > 북항재개발추진과,함양가,2026년 부산 착한결제(선결제) 추진,300000,e5be0808bb8fc4d98a8a02fbe169d12785ad7771e16591b34478e35eef6e83bc,sheet1:R5,,,
e5be0808bb8fc4d9-sheet1-R6,2026-02-19,busan-city,도시혁신균형실 > 북항재개발추진과,홍식당,2026년 부산 착한결제(선결제) 추진,300000,e5be0808bb8fc4d98a8a02fbe169d12785ad7771e16591b34478e35eef6e83bc,sheet1:R6,,,
e5be0808bb8fc4d9-sheet1-R7,2026-02-24,busan-city,도시혁신균형실 > 북항재개발추진과,삼미오리집,2026년 부산 착한결제(선결제) 추진(개발사업팀),400000,e5be0808bb8fc4d98a8a02fbe169d12785ad7771e16591b34478e35eef6e83bc,sheet1:R7,,,
e5be0808bb8fc4d9-sheet1-R8,2026-03-13,busan-city,도시혁신균형실 > 북항재개발추진과,삼미오리집,직원 격려 및 업무연찬 간담회 개최,450000,e5be0808bb8fc4d98a8a02fbe169d12785ad7771e16591b34478e35eef6e83bc,sheet1:R8,,,
e5be0808bb8fc4d9-sheet1-R9,2026-03-17,busan-city,도시혁신균형실 > 북항재개발추진과,삼미오리집,인사이동에 따른 직원 간담회 개최,480000,e5be0808bb8fc4d98a8a02fbe169d12785ad7771e16591b34478e35eef6e83bc,sheet1:R9,,,
e5be0808bb8fc4d9-sheet1-R10,2026-03-26,busan-city,도시혁신균형실 > 북항재개발추진과,쪽갈비쪽,부산항 북항 재개발사업 관련 간담회 개최 건의,105500,e5be0808bb8fc4d98a8a02fbe169d12785ad7771e16591b34478e35eef6e83bc,sheet1:R10,,,
e5be0808bb8fc4d9-sheet1-R11,2026-03-26,busan-city,도시혁신균형실 > 북항재개발추진과,무봤나세발낚지,부산항 북항 재개발사업 관련 간담회 개최 건의,176000,e5be0808bb8fc4d98a8a02fbe169d12785ad7771e16591b34478e35eef6e83bc,sheet1:R11,,,
e5be0808bb8fc4d9-sheet1-R12,2026-03-27,busan-city,도시혁신균형실 > 북항재개발추진과,함양가,범시민추진협의회 현안 논의를 위한 간담회 개최,375000,e5be0808bb8fc4d98a8a02fbe169d12785ad7771e16591b34478e35eef6e83bc,sheet1:R12,,,
ef9156518bb947a1-sheet1-R5,2026-01-07,busan-city,상수도사업본부 > 화명정수사업소 > 관리팀,11번가 온라인결제,부서운영 다과 등 구입,189270,ef9156518bb947a1c01157ca9423465532c92ffd9eaeabadfc3dd6b27168ebb1,sheet1:R5,,,
ef9156518bb947a1-sheet1-R6,2026-01-12,busan-city,상수도사업본부 > 화명정수사업소 > 관리팀,사랑도횟집,상반기 신속집행(업무추진비) 지출,630000,ef9156518bb947a1c01157ca9423465532c92ffd9eaeabadfc3dd6b27168ebb1,sheet1:R6,,,
ef9156518bb947a1-sheet1-R7,2026-01-29,busan-city,상수도사업본부 > 화명정수사업소 > 관리팀,상품권,사회복무요원 소집해제자 격려품 구입,50000,ef9156518bb947a1c01157ca9423465532c92ffd9eaeabadfc3dd6b27168ebb1,sheet1:R7,,,
ef9156518bb947a1-sheet1-R8,2026-02-04,busan-city,상수도사업본부 > 화명정수사업소 > 관리팀,11번가 온라인결제,부서운영 다과 등 구입,261660,ef9156518bb947a1c01157ca9423465532c92ffd9eaeabadfc3dd6b27168ebb1,sheet1:R8,,,
ef9156518bb947a1-sheet1-R9,2026-02-04,busan-city,상수도사업본부 > 화명정수사업소 > 관리팀,상품권,2026년 설 명절 맞이 사회복무요원 격려품 구입,120000,ef9156518bb947a1c01157ca9423465532c92ffd9eaeabadfc3dd6b27168ebb1,sheet1:R9,,,
ef9156518bb947a1-sheet1-R10,2026-02-05,busan-city,상수도사업본부 > 화명정수사업소 > 관리팀,11번가 온라인결제,2026년 설 명절 연휴 근무자 다과 구입,465830,ef9156518bb947a1c01157ca9423465532c92ffd9eaeabadfc3dd6b27168ebb1,sheet1:R10,,,
ef9156518bb947a1-sheet1-R11,2026-02-06,busan-city,상수도사업본부 > 화명정수사업소 > 관리팀,"복호두, 처제초장, 툇마루, 운해초밥",2026년 상반기 지방재정 신속집행(업무추진비),2700000,ef9156518bb947a1c01157ca9423465532c92ffd9eaeabadfc3dd6b27168ebb1,sheet1:R11,,,
ef9156518bb947a1-sheet1-R12,2026-02-10,busan-city,상수도사업본부 > 화명정수사업소 > 관리팀,툇마루,시설팀(화명본소) 업무연찬회 개최 건의,450000,ef9156518bb947a1c01157ca9423465532c92ffd9eaeabadfc3dd6b27168ebb1,sheet1:R12,,,
ef9156518bb947a1-sheet1-R13,2026-02-11,busan-city,상수도사업본부 > 화명정수사업소 > 관리팀,촌당,시설팀(물금지소) 업무연찬회 개최 비용 지출,250000,ef9156518bb947a1c01157ca9423465532c92ffd9eaeabadfc3dd6b27168ebb1,sheet1:R13,,,
ef9156518bb947a1-sheet1-R14,2026-02-20,busan-city,상수도사업본부 > 화명정수사업소 > 관리팀,사랑도횟집,인사이동으로 인한 업무연찬회 개최 건의(관리팀),450000,ef9156518bb947a1c01157ca9423465532c92ffd9eaeabadfc3dd6b27168ebb1,sheet1:R14,,,
ef9156518bb947a1-sheet1-R15,2026-02-24,busan-city,상수도사업본부 > 화명정수사업소 > 관리팀,양산도 화명점,정수팀 업무연찬회 개최 건의,457000,ef9156518bb947a1c01157ca9423465532c92ffd9eaeabadfc3dd6b27168ebb1,sheet1:R15,,,
ef9156518bb947a1-sheet1-R16,2026-02-24,busan-city,상수도사업본부 > 화명정수사업소 > 관리팀,11번가 온라인결제,부서운영 다과 등 구입,240820,ef9156518bb947a1c01157ca9423465532c92ffd9eaeabadfc3dd6b27168ebb1,sheet1:R16,,,
ef9156518bb947a1-sheet1-R17,2026-02-25,busan-city,상수도사업본부 > 화명정수사업소 > 관리팀,윤슬,2026년 상반기 지방재정 신속집행(업무추진비) 집행,380000,ef9156518bb947a1c01157ca9423465532c92ffd9eaeabadfc3dd6b27168ebb1,sheet1:R17,,,
ef9156518bb947a1-sheet1-R18,2026-03-31,busan-city,상수도사업본부 > 화명정수사업소 > 관리팀,11번가 온라인결제,정수팀 부서 운영 다과류 등 구입 건의,200000,ef9156518bb947a1c01157ca9423465532c92ffd9eaeabadfc3dd6b27168ebb1,sheet1:R18,,,
ef9156518bb947a1-sheet1-R19,2026-03-31,busan-city,상수도사업본부 > 화명정수사업소 > 관리팀,11번가 온라인결제,부서운영 다과 등 구입,221980,ef9156518bb947a1c01157ca9423465532c92ffd9eaeabadfc3dd6b27168ebb1,sheet1:R19,,,
f6d68c2598a4fd81-sheet1-R5,2026-01-16,busan-city,도시계획국 > 토지정보과,마조레,토지행정운영 등 현안업무 추진 간담회,220000,f6d68c2598a4fd817eb8dd20c625f309920df26225f27f841050cc20f4bdb9fb,sheet1:R5,,,
f6d68c2598a4fd81-sheet1-R6,2026-02-05,busan-city,도시계획국 > 토지정보과,마조레,토지행정운영 업무추진 운영지침 공유 간담회 개최,495000,f6d68c2598a4fd817eb8dd20c625f309920df26225f27f841050cc20f4bdb9fb,sheet1:R6,,,
f6d68c2598a4fd81-sheet1-R7,2026-02-27,busan-city,도시계획국 > 토지정보과,만성횟집,토지행정운영 및 지적관리 업무추진 간담회 개최,194000,f6d68c2598a4fd817eb8dd20c625f309920df26225f27f841050cc20f4bdb9fb,sheet1:R7,,,
f6d68c2598a4fd81-sheet1-R8,2026-03-26,busan-city,도시계획국 > 토지정보과,"웨이브온커피, 장수물회",지적측량 적부심사 자료조사를 위한 간담회 개최,310000,f6d68c2598a4fd817eb8dd20c625f309920df26225f27f841050cc20f4bdb9fb,sheet1:R8,,,
14c9f41fe28448a6-sheet1-R5,2026-01-07,busan-city,청년산학국 > 청년정책과,함양가,청년산학 업무 추진 및 현안 논의를 위한 간담회 개최(01.07.),152000,14c9f41fe28448a636a7014df25349abceaf358718b8770b83bf370d20bc9d73,sheet1:R5,,,
14c9f41fe28448a6-sheet1-R6,2026-01-12,busan-city,청년산학국 > 청년정책과,마조레,청년정책 업무 추진 및 현안 논의를 위한 간담회 개최(01.12.),213500,14c9f41fe28448a636a7014df25349abceaf358718b8770b83bf370d20bc9d73,sheet1:R6,,,
14c9f41fe28448a6-sheet1-R7,2026-01-13,busan-city,청년산학국 > 청년정책과,주식회사 양산도,청년일자리 업무 추진 및 현안 논의를 위한 간담회 개최(1.13.),133000,14c9f41fe28448a636a7014df25349abceaf358718b8770b83bf370d20bc9d73,sheet1:R7,,,
14c9f41fe28448a6-sheet1-R8,2026-01-14,busan-city,청년산학국 > 청년정책과,메이리,청년생활 업무 추진 및 현안 논의를 위한 간담회 개최(1.14.),120000,14c9f41fe28448a636a7014df25349abceaf358718b8770b83bf370d20bc9d73,sheet1:R8,,,
14c9f41fe28448a6-sheet1-R9,2026-01-16,busan-city,청년산학국 > 청년정책과,-,청년산학국 소속직원 경조사비 지급 건의,50000,14c9f41fe28448a636a7014df25349abceaf358718b8770b83bf370d20bc9d73,sheet1:R9,,,
14c9f41fe28448a6-sheet1-R10,2026-01-16,busan-city,청년산학국 > 청년정책과,비스트로 타마르,청년활동 업무 추진 및 현안 논의를 위한 간담회 개최,117000,14c9f41fe28448a636a7014df25349abceaf358718b8770b83bf370d20bc9d73,sheet1:R10,,,
14c9f41fe28448a6-sheet1-R11,2026-01-19,busan-city,청년산학국 > 청년정책과,부자회관 부산시청점,청년산학 업무 추진 및 현안 논의를 위한 간담회 개최(01.19.),306000,14c9f41fe28448a636a7014df25349abceaf358718b8770b83bf370d20bc9d73,sheet1:R11,,,
14c9f41fe28448a6-sheet1-R12,2026-01-20,busan-city,청년산학국 > 청년정책과,만만,청년산학 업무 기획 및 추진 논의를 위한 간담회 개최(1.20.),173000,14c9f41fe28448a636a7014df25349abceaf358718b8770b83bf370d20bc9d73,sheet1:R12,,,
14c9f41fe28448a6-sheet1-R13,2026-01-21,busan-city,청년산학국 > 청년정책과,미락,청년산학 업무추진 관련 기자 간담회 개최(01.21.),120000,14c9f41fe28448a636a7014df25349abceaf358718b8770b83bf370d20bc9d73,sheet1:R13,,,
14c9f41fe28448a6-sheet1-R14,2026-01-22,busan-city,청년산학국 > 청년정책과,수제국수(부산시청점),청년문화 업무 추진 및 현안 논의를 위한 간담회 개최,102000,14c9f41fe28448a636a7014df25349abceaf358718b8770b83bf370d20bc9d73,sheet1:R14,,,
14c9f41fe28448a6-sheet1-R15,2026-01-27,busan-city,청년산학국 > 청년정책과,메이리,부산형 선결제 추진 관련 업무추진비 집행 건의,300000,14c9f41fe28448a636a7014df25349abceaf358718b8770b83bf370d20bc9d73,sheet1:R15,,,
14c9f41fe28448a6-sheet1-R16,2026-01-27,busan-city,청년산학국 > 청년정책과,부자회관 부산시청점,부산형 선결제 추진 관련 업무추진비 집행 건의,450000,14c9f41fe28448a636a7014df25349abceaf358718b8770b83bf370d20bc9d73,sheet1:R16,,,
14c9f41fe28448a6-sheet1-R17,2026-01-27,busan-city,청년산학국 > 청년정책과,해광참가자미,부산형 선결제 추진 관련 업무추진비 집행 건의,300000,14c9f41fe28448a636a7014df25349abceaf358718b8770b83bf370d20bc9d73,sheet1:R17,,,
14c9f41fe28448a6-sheet1-R18,2026-01-27,busan-city,청년산학국 > 청년정책과,함양가,부산형 선결제 추진 관련 업무추진비 집행 건의,450000,14c9f41fe28448a636a7014df25349abceaf358718b8770b83bf370d20bc9d73,sheet1:R18,,,
14c9f41fe28448a6-sheet1-R19,2026-01-28,busan-city,청년산학국 > 청년정책과,미남스시,현안업무 추진 직원 노고 격려를 위한 간담회 개최(01.28.),236000,14c9f41fe28448a636a7014df25349abceaf358718b8770b83bf370d20bc9d73,sheet1:R19,,,
14c9f41fe28448a6-sheet1-R20,2026-02-03,busan-city,청년산학국 > 청년정책과,정초밥,청년산학 업무추진 관련 기자 간담회 개최(02.03.),480000,14c9f41fe28448a636a7014df25349abceaf358718b8770b83bf370d20bc9d73,sheet1:R20,,,
14c9f41fe28448a6-sheet1-R21,2026-02-06,busan-city,청년산학국 > 청년정책과,16번상회,2026년 따뜻한 설 명절 보내기 지원물품 구입,600000,14c9f41fe28448a636a7014df25349abceaf358718b8770b83bf370d20bc9d73,sheet1:R21,,,
14c9f41fe28448a6-sheet1-R22,2026-02-09,busan-city,청년산학국 > 청년정책과,-,청년산학국 소속직원 경조사비 지급 건의,50000,14c9f41fe28448a636a7014df25349abceaf358718b8770b83bf370d20bc9d73,sheet1:R22,,,
14c9f41fe28448a6-sheet1-R23,2026-02-10,busan-city,청년산학국 > 청년정책과,쭈미꾸미,청년정책 업무 추진 및 현안 논의를 위한 간담회 개최(2.10.),55000,14c9f41fe28448a636a7014df25349abceaf358718b8770b83bf370d20bc9d73,sheet1:R23,,,
14c9f41fe28448a6-sheet1-R24,2026-02-10,busan-city,청년산학국 > 청년정책과,동진가셀프식당,청년 금융교육 추진을 위한 간담회 개최(2.10.),340000,14c9f41fe28448a636a7014df25349abceaf358718b8770b83bf370d20bc9d73,sheet1:R24,,,
14c9f41fe28448a6-sheet1-R25,2026-02-11,busan-city,청년산학국 > 청년정책과,-,청년산학국 소속직원 경조사비 지급 건의,50000,14c9f41fe28448a636a7014df25349abceaf358718b8770b83bf370d20bc9d73,sheet1:R25,,,
14c9f41fe28448a6-sheet1-R26,2026-02-11,busan-city,청년산학국 > 청년정책과,투썸플레이스 부산역점외 1,청년취업 도전 프로젝트 관련 업무협의 간담회 개최(2.11.),243900,14c9f41fe28448a636a7014df25349abceaf358718b8770b83bf370d20bc9d73,sheet1:R26,,,
14c9f41fe28448a6-sheet1-R27,2026-02-11,busan-city,청년산학국 > 청년정책과,미남스시,청년산학 업무추진 관련 기자 간담회 개최(02.11.),480000,14c9f41fe28448a636a7014df25349abceaf358718b8770b83bf370d20bc9d73,sheet1:R27,,,
14c9f41fe28448a6-sheet1-R28,2026-02-12,busan-city,청년산학국 > 청년정책과,공무원매점,현안업무 추진 직원 노고 격려를 위한 간식 구입(2.12.),380000,14c9f41fe28448a636a7014df25349abceaf358718b8770b83bf370d20bc9d73,sheet1:R28,,,
14c9f41fe28448a6-sheet1-R29,2026-02-12,busan-city,청년산학국 > 청년정책과,메이리,청년 생활 업무 논의를 위한 간담회 개최,100000,14c9f41fe28448a636a7014df25349abceaf358718b8770b83bf370d20bc9d73,sheet1:R29,,,
14c9f41fe28448a6-sheet1-R30,2026-02-12,busan-city,청년산학국 > 청년정책과,손큰집,청년정책 업무 기획 및 추진 논의를 위한 간담회 개최(2.12.),360000,14c9f41fe28448a636a7014df25349abceaf358718b8770b83bf370d20bc9d73,sheet1:R30,,,
14c9f41fe28448a6-sheet1-R31,2026-02-12,busan-city,청년산학국 > 청년정책과,미락,청년문화 업무 추진 논의를 위한 간담회 개최(2.12.),120000,14c9f41fe28448a636a7014df25349abceaf358718b8770b83bf370d20bc9d73,sheet1:R31,,,
14c9f41fe28448a6-sheet1-R32,2026-02-13,busan-city,청년산학국 > 청년정책과,삿뽀로,현안업무 추진 직원 노고 격려 및 사업 논의를 위한 간담회 개최(2.13.),311000,14c9f41fe28448a636a7014df25349abceaf358718b8770b83bf370d20bc9d73,sheet1:R32,,,
14c9f41fe28448a6-sheet1-R33,2026-02-13,busan-city,청년산학국 > 청년정책과,미남스시,청년정책 현안 업무 협의를 위한 간담회 개최(2.13.),56000,14c9f41fe28448a636a7014df25349abceaf358718b8770b83bf370d20bc9d73,sheet1:R33,,,
14c9f41fe28448a6-sheet1-R34,2026-02-23,busan-city,청년산학국 > 청년정책과,재진이네,지산학협력 현안사업 논의를 위한 간담회 개최(02.23.),120000,14c9f41fe28448a636a7014df25349abceaf358718b8770b83bf370d20bc9d73,sheet1:R34,,,
14c9f41fe28448a6-sheet1-R35,2026-02-24,busan-city,청년산학국 > 청년정책과,"연제지역자활센터, 카페가온비외 2",2026년 청년 프로그램 지원 사업 심사위원회 다과 등 구입,23300,14c9f41fe28448a636a7014df25349abceaf358718b8770b83bf370d20bc9d73,sheet1:R35,,,
14c9f41fe28448a6-sheet1-R36,2026-02-25,busan-city,청년산학국 > 청년정책과,풍미,창조교육 현안사업 논의를 위한 간담회 개최(02.25.),160000,14c9f41fe28448a636a7014df25349abceaf358718b8770b83bf370d20bc9d73,sheet1:R36,,,
14c9f41fe28448a6-sheet1-R37,2026-02-26,busan-city,청년산학국 > 청년정책과,16번상회,현안업무 추진 직원 사기진작 격려품 구입(02.26.),900000,14c9f41fe28448a636a7014df25349abceaf358718b8770b83bf370d20bc9d73,sheet1:R37,,,
14c9f41fe28448a6-sheet1-R38,2026-03-17,busan-city,청년산학국 > 청년정책과,정초밥,청년산학 업무 추진 및 현안 논의를 위한 간담회 개최(03.17.),180000,14c9f41fe28448a636a7014df25349abceaf358718b8770b83bf370d20bc9d73,sheet1:R38,,,
14c9f41fe28448a6-sheet1-R39,2026-03-26,busan-city,청년산학국 > 청년정책과,돈풍각,청년일자리 현안업무 추진을 위한 간담회 개최,201500,14c9f41fe28448a636a7014df25349abceaf358718b8770b83bf370d20bc9d73,sheet1:R39,,,
dbdc137c0b740553-sheet1-R5,2026-01-05,busan-city,사회복지국 > 장애인복지과,로사 에스틸로,한국장애인고용공단 부산직업능력개발원장 취임 축분 전달 건의,100000,dbdc137c0b7405535bfd88276389a051f6ebabeaadb37e50ddb34438a408f943,sheet1:R5,,,
dbdc137c0b740553-sheet1-R6,2026-01-08,busan-city,사회복지국 > 장애인복지과,"연제지역자활센터 카페가온비, 루시앙 부산시청점",우리아이발달지원사업 업무 간담회 다과 구입,68600,dbdc137c0b7405535bfd88276389a051f6ebabeaadb37e50ddb34438a408f943,sheet1:R6,,,
dbdc137c0b740553-sheet1-R7,2026-01-19,busan-city,사회복지국 > 장애인복지과,"연제지역자활센터, 카페가온비",장애인자립생활지원센터장 간담회 개최,36000,dbdc137c0b7405535bfd88276389a051f6ebabeaadb37e50ddb34438a408f943,sheet1:R7,,,
dbdc137c0b740553-sheet1-R8,2026-01-20,busan-city,사회복지국 > 장애인복지과,"연제지역자활센터 카페가온비, 씨유(CU) 부산시청센터점",영유아 조기개입서비스 수행기관 업무협의 다과 구입,55400,dbdc137c0b7405535bfd88276389a051f6ebabeaadb37e50ddb34438a408f943,sheet1:R8,,,
dbdc137c0b740553-sheet1-R9,2026-01-22,busan-city,사회복지국 > 장애인복지과,미락,부산연구원 현안연구과제 논의를 위한 간담회 개최,90000,dbdc137c0b7405535bfd88276389a051f6ebabeaadb37e50ddb34438a408f943,sheet1:R9,,,
dbdc137c0b740553-sheet1-R10,2026-01-22,busan-city,사회복지국 > 장애인복지과,호두가,부산시장애인종합복지관 수탁자선정심의위원회 개최 다과 구입,49100,dbdc137c0b7405535bfd88276389a051f6ebabeaadb37e50ddb34438a408f943,sheet1:R10,,,
dbdc137c0b740553-sheet1-R11,2026-01-23,busan-city,사회복지국 > 장애인복지과,우나기 만,장애인복지관 운영 관련 간담회 개최,140000,dbdc137c0b7405535bfd88276389a051f6ebabeaadb37e50ddb34438a408f943,sheet1:R11,,,
dbdc137c0b740553-sheet1-R12,2026-02-10,busan-city,사회복지국 > 장애인복지과,마조레,장애인복지과 직원 격려 간담회 개최,840000,dbdc137c0b7405535bfd88276389a051f6ebabeaadb37e50ddb34438a408f943,sheet1:R12,,,
dbdc137c0b740553-sheet1-R13,2026-02-12,busan-city,사회복지국 > 장애인복지과,로사 에스틸로,한국장애인고용공단 부산지역본부장 취임 축분 전달 건의,92500,dbdc137c0b7405535bfd88276389a051f6ebabeaadb37e50ddb34438a408f943,sheet1:R13,,,
dbdc137c0b740553-sheet1-R14,2026-02-24,busan-city,사회복지국 > 장애인복지과,"장산다방 시청후문점, 함양가",장애인 고용증진을 위한 업무 간담회 개최,200000,dbdc137c0b7405535bfd88276389a051f6ebabeaadb37e50ddb34438a408f943,sheet1:R14,,,
dbdc137c0b740553-sheet1-R15,2026-02-25,busan-city,사회복지국 > 장애인복지과,"웁스, 메이리",발달장애인 긴급돌봄센터 간담회 개최,204000,dbdc137c0b7405535bfd88276389a051f6ebabeaadb37e50ddb34438a408f943,sheet1:R15,,,
dbdc137c0b740553-sheet1-R16,2026-03-04,busan-city,사회복지국 > 장애인복지과,"(사)부산광역시장애인생산품판매시설, 공무원매점, 씨유(CU) 부산시청센터점",부산광역시 장애인복지위원회 개최 다과 구입,190000,dbdc137c0b7405535bfd88276389a051f6ebabeaadb37e50ddb34438a408f943,sheet1:R16,,,
dbdc137c0b740553-sheet1-R17,2026-03-17,busan-city,사회복지국 > 장애인복지과,쏘쏘사라다 부산대점,부산대 부설 특수학교 기공식 참석 및 간담회,39900,dbdc137c0b7405535bfd88276389a051f6ebabeaadb37e50ddb34438a408f943,sheet1:R17,,,
dbdc137c0b740553-sheet1-R18,2026-03-20,busan-city,사회복지국 > 장애인복지과,만객당,부산광역시 복지행정협의체(장애인분야) 회의 다과 구입,159600,dbdc137c0b7405535bfd88276389a051f6ebabeaadb37e50ddb34438a408f943,sheet1:R18,,,
fabfec831887c86a-sheet1-R5,2026-02-10,busan-city,소방재난본부 > 119안전체험관,스타벅스 거제DT점 (거제대로 203),고향사랑기부제 일반기부 사업 관련 사업계획서 설명 등,148200,fabfec831887c86a2adbe35df8290b7736e148e34b23fa08ba4a5891a7d5d641,sheet1:R5,,,
fabfec831887c86a-sheet1-R6,2026-03-17,busan-city,소방재난본부 > 119안전체험관,양대감식당 (동래구 차밭골로 23),체험관 지능형 안전관리 시스템 도입 관련 관계자 간담회,140000,fabfec831887c86a2adbe35df8290b7736e148e34b23fa08ba4a5891a7d5d641,sheet1:R6,,,
3b50796f7cee1e6b-sheet1-R4,2026-01-05,busan-city,관광마이스국 > 국제협력과,"앵커리지, 라스베거스, 놈 일대",글로벌 교류협력 강화 및 기반 구축 간담회 개최 비용 지출,2207760,3b50796f7cee1e6b9a8cd1254bad10abaaf3cf453f68eac6db8eac21bdec2900,sheet1:R4,,,
3b50796f7cee1e6b-sheet1-R5,2026-01-14,busan-city,관광마이스국 > 국제협력과,함양가,부서직원 격려 간담회 개최,390000,3b50796f7cee1e6b9a8cd1254bad10abaaf3cf453f68eac6db8eac21bdec2900,sheet1:R5,,,
3b50796f7cee1e6b-sheet1-R6,2026-01-28,busan-city,관광마이스국 > 국제협력과,정초밥,2026년 부산형 선결제(착한결제) 지급,2184000,3b50796f7cee1e6b9a8cd1254bad10abaaf3cf453f68eac6db8eac21bdec2900,sheet1:R6,,,
3b50796f7cee1e6b-sheet1-R7,2026-01-29,busan-city,관광마이스국 > 국제협력과,(주)부산롯데호텔외 1,홋카이도 대표단 방문 행사 관계자 오찬 간담회 개최,264600,3b50796f7cee1e6b9a8cd1254bad10abaaf3cf453f68eac6db8eac21bdec2900,sheet1:R7,,,
3b50796f7cee1e6b-sheet1-R8,2026-01-30,busan-city,관광마이스국 > 국제협력과,우나기만 외 1,알래스카주 교류협력 관련 간담회 개최,252000,3b50796f7cee1e6b9a8cd1254bad10abaaf3cf453f68eac6db8eac21bdec2900,sheet1:R8,,,
3b50796f7cee1e6b-sheet1-R9,2026-01-30,busan-city,관광마이스국 > 국제협력과,마조레,2026년 부산형 선결제[착한결제] 지급,2184000,3b50796f7cee1e6b9a8cd1254bad10abaaf3cf453f68eac6db8eac21bdec2900,sheet1:R9,,,
3b50796f7cee1e6b-sheet1-R10,2026-02-04,busan-city,관광마이스국 > 국제협력과,푸릇 외 1,일본 시모노세키시 대표단 방문 오찬 간담회 개최,286000,3b50796f7cee1e6b9a8cd1254bad10abaaf3cf453f68eac6db8eac21bdec2900,sheet1:R10,,,
3b50796f7cee1e6b-sheet1-R11,2026-02-11,busan-city,관광마이스국 > 국제협력과,부자회관,2026년 부산형 선결제(착한결제) 지급,340000,3b50796f7cee1e6b9a8cd1254bad10abaaf3cf453f68eac6db8eac21bdec2900,sheet1:R11,,,
3b50796f7cee1e6b-sheet1-R12,2026-02-12,busan-city,관광마이스국 > 국제협력과,생복집 외 1,2026년 부산형 선결제(착한결제) 지급,400000,3b50796f7cee1e6b9a8cd1254bad10abaaf3cf453f68eac6db8eac21bdec2900,sheet1:R12,,,
3b50796f7cee1e6b-sheet1-R13,2026-02-11,busan-city,관광마이스국 > 국제협력과,제일옥곰탕 외 2,2026년 부산형 선결제(착한결제) 지급,1140000,3b50796f7cee1e6b9a8cd1254bad10abaaf3cf453f68eac6db8eac21bdec2900,sheet1:R13,,,
3b50796f7cee1e6b-sheet1-R14,2026-02-13,busan-city,관광마이스국 > 국제협력과,마조레,부서 직원 격려 간담회,315000,3b50796f7cee1e6b9a8cd1254bad10abaaf3cf453f68eac6db8eac21bdec2900,sheet1:R14,,,
3b50796f7cee1e6b-sheet1-R15,2026-03-17,busan-city,관광마이스국 > 국제협력과,서랍쏙제과외 1,몬트리올시 대표단 부산방문 환영 꽃다발 및 기념품 구입,105000,3b50796f7cee1e6b9a8cd1254bad10abaaf3cf453f68eac6db8eac21bdec2900,sheet1:R15,,,
3b50796f7cee1e6b-sheet1-R16,2026-03-21,busan-city,관광마이스국 > 국제협력과,코레일유통주식회사(부산역),몬트리올시 대표단 출국(부산역 영송)에 따른 다과 등 구입,93300,3b50796f7cee1e6b9a8cd1254bad10abaaf3cf453f68eac6db8eac21bdec2900,sheet1:R16,,,
f29d5ae765b70031-sheet1-R5,2026-01-07,busan-city,푸른도시국 > 반려동물과,카페가온비,부서 직원 격려 다과회 개최,190000,f29d5ae765b7003187188d4d6740a2d064ddcce130f19fef0f302a1f68193008,sheet1:R5,,,
f29d5ae765b70031-sheet1-R6,2026-01-28,busan-city,푸른도시국 > 반려동물과,영남식육식당,반려문화공원 조성 현안사항 논의를 위한 관계자 간담회 개최,350000,f29d5ae765b7003187188d4d6740a2d064ddcce130f19fef0f302a1f68193008,sheet1:R6,,,
f29d5ae765b70031-sheet1-R7,2026-01-29,busan-city,푸른도시국 > 반려동물과,풍미외 1,전출 직원 격려 간담회 개최,494000,f29d5ae765b7003187188d4d6740a2d064ddcce130f19fef0f302a1f68193008,sheet1:R7,,,
f29d5ae765b70031-sheet1-R8,2026-02-03,busan-city,푸른도시국 > 반려동물과,웁스,반려문화공원 중앙투자심사 대비 관계자 간담회 개최,27000,f29d5ae765b7003187188d4d6740a2d064ddcce130f19fef0f302a1f68193008,sheet1:R8,,,
f29d5ae765b70031-sheet1-R9,2026-02-05,busan-city,푸른도시국 > 반려동물과,동양외 1,반려동물 친화도시 조성 논의를 위한 관계자 간담회 개최,102200,f29d5ae765b7003187188d4d6740a2d064ddcce130f19fef0f302a1f68193008,sheet1:R9,,,
f29d5ae765b70031-sheet1-R10,2026-02-24,busan-city,푸른도시국 > 반려동물과,다락병과외 1,반려동물과 직원 격려 간담회 개최[사무실 이전],160000,f29d5ae765b7003187188d4d6740a2d064ddcce130f19fef0f302a1f68193008,sheet1:R10,,,
f29d5ae765b70031-sheet1-R11,2026-03-13,busan-city,푸른도시국 > 반려동물과,풍미,유기동물 관리체계 개선을 위한 관계자 간담회 개최,210000,f29d5ae765b7003187188d4d6740a2d064ddcce130f19fef0f302a1f68193008,sheet1:R11,,,
f29d5ae765b70031-sheet1-R12,2026-03-17,busan-city,푸른도시국 > 반려동물과,홍유단외 1,반려동물 친화문화 확산 캠페인 관련 간담회 개최,248900,f29d5ae765b7003187188d4d6740a2d064ddcce130f19fef0f302a1f68193008,sheet1:R12,,,
5b999b5798ccb2d9-sheet1-R4,2026-01-28,busan-city,인재개발원 > 교육지원과,"강명장 요리가, 라디엔 폴",교육운영 지원을 위한 간담회 개최,250000,5b999b5798ccb2d96a95624c371815e213228de3e7b74f31f8e100dacc562b31,sheet1:R4,,,
5b999b5798ccb2d9-sheet1-R5,2026-02-03,busan-city,인재개발원 > 교육지원과,"풍어참가자미횟집, 카페051",교육운영 지원을 위한 간담회 개최,111500,5b999b5798ccb2d96a95624c371815e213228de3e7b74f31f8e100dacc562b31,sheet1:R5,,,
7ae4431e5ca4af71-sheet1-R5,2026-02-13,busan-city,주택건축국 > 도시정비과,스시희락,2026년 부산형 선결제 추진,160000,7ae4431e5ca4af71df58b2655a1feacaa65bebab2b2d5d67ba7eb06b17c7621c,sheet1:R5,,,
7ae4431e5ca4af71-sheet1-R6,2026-02-13,busan-city,주택건축국 > 도시정비과,제일옥곰탕,2026년 부산형 선결제 추진,172500,7ae4431e5ca4af71df58b2655a1feacaa65bebab2b2d5d67ba7eb06b17c7621c,sheet1:R6,,,
7ae4431e5ca4af71-sheet1-R7,2026-02-13,busan-city,주택건축국 > 도시정비과,부자회관 부산시청점,2026년 부산형 선결제 추진,200000,7ae4431e5ca4af71df58b2655a1feacaa65bebab2b2d5d67ba7eb06b17c7621c,sheet1:R7,,,
7ae4431e5ca4af71-sheet1-R8,2026-03-03,busan-city,주택건축국 > 도시정비과,청죽,2026 상반기 특별안전점검 및 업무협의 참석자 간담회,140000,7ae4431e5ca4af71df58b2655a1feacaa65bebab2b2d5d67ba7eb06b17c7621c,sheet1:R8,,,
7ae4431e5ca4af71-sheet1-R9,2026-03-04,busan-city,주택건축국 > 도시정비과,초원복국,2026 상반기 특별안전점검 및 업무협의 참석자 간담회,80000,7ae4431e5ca4af71df58b2655a1feacaa65bebab2b2d5d67ba7eb06b17c7621c,sheet1:R9,,,
7ae4431e5ca4af71-sheet1-R10,2026-03-05,busan-city,주택건축국 > 도시정비과,착한낙지,2026 상반기 특별안전점검 및 업무협의 참석자 간담회,64000,7ae4431e5ca4af71df58b2655a1feacaa65bebab2b2d5d67ba7eb06b17c7621c,sheet1:R10,,,
7ae4431e5ca4af71-sheet1-R11,2026-03-06,busan-city,주택건축국 > 도시정비과,식당3선 연제점,2026 상반기 특별안전점검 및 업무협의 참석자 간담회,90000,7ae4431e5ca4af71df58b2655a1feacaa65bebab2b2d5d67ba7eb06b17c7621c,sheet1:R11,,,
7ae4431e5ca4af71-sheet1-R12,2026-03-09,busan-city,주택건축국 > 도시정비과,박해윤통영해물밥상,2026 상반기 특별안전점검 및 업무협의 참석자 간담회,132000,7ae4431e5ca4af71df58b2655a1feacaa65bebab2b2d5d67ba7eb06b17c7621c,sheet1:R12,,,
9e755a0e6b30ef9d-sheet1-R5,2026-03-24,busan-city,차량등록사업소 > 총무팀,수제국수 부산시청점,2026년 성과관리 지표 컨설팅 관련 간담회 개최,69500,9e755a0e6b30ef9d80e5bc01f254f73e578075bd2cf6ae64afb8beb0eb890499,sheet1:R5,,,
9e755a0e6b30ef9d-sheet1-R6,2026-03-20,busan-city,차량등록사업소 > 총무팀,고래사 오늘 다대포점,차량등록사업소 현안업무 관련 간담회 개최,42000,9e755a0e6b30ef9d80e5bc01f254f73e578075bd2cf6ae64afb8beb0eb890499,sheet1:R6,,,
9e755a0e6b30ef9d-sheet1-R7,2026-03-13,busan-city,차량등록사업소 > 총무팀,쿠우쿠우 부산 명지점,인사이동에 따른 직원 노고 격려 중식 간담회 개최(관리팀),284900,9e755a0e6b30ef9d80e5bc01f254f73e578075bd2cf6ae64afb8beb0eb890499,sheet1:R7,,,
9e755a0e6b30ef9d-sheet1-R8,2026-03-10,busan-city,차량등록사업소 > 총무팀,하나돈까스 남천점 외 2,직원 노고 격려 중식 간담회 개최(금련산센터),272000,9e755a0e6b30ef9d80e5bc01f254f73e578075bd2cf6ae64afb8beb0eb890499,sheet1:R8,,,
9e755a0e6b30ef9d-sheet1-R9,2026-03-06,busan-city,차량등록사업소 > 총무팀,차량등록사업소,소속직원 부의금 지급 건의,50000,9e755a0e6b30ef9d80e5bc01f254f73e578075bd2cf6ae64afb8beb0eb890499,sheet1:R9,,,
9e755a0e6b30ef9d-sheet1-R10,2026-02-12,busan-city,차량등록사업소 > 총무팀,차량등록사업소,2026년 직원 사기 진작을 위한 온누리상품권 구입,1760000,9e755a0e6b30ef9d80e5bc01f254f73e578075bd2cf6ae64afb8beb0eb890499,sheet1:R10,,,
9e755a0e6b30ef9d-sheet1-R11,2026-02-10,busan-city,차량등록사업소 > 총무팀,명지첫집 오션시티점,차량 등록 현안업무 추진 관련 간담회 개최,165000,9e755a0e6b30ef9d80e5bc01f254f73e578075bd2cf6ae64afb8beb0eb890499,sheet1:R11,,,
9e755a0e6b30ef9d-sheet1-R12,2026-02-09,busan-city,차량등록사업소 > 총무팀,관내 사회복지시설,「2026년 따뜻한 설 명절 보내기」 사회복지시설 성품 구입,201100,9e755a0e6b30ef9d80e5bc01f254f73e578075bd2cf6ae64afb8beb0eb890499,sheet1:R12,,,
9e755a0e6b30ef9d-sheet1-R13,2026-02-05,busan-city,차량등록사업소 > 총무팀,명지첫집 오션시티점 외 1,인사이동에 따른 직원 노고 격려 중식 간담회 개최(관리팀),310000,9e755a0e6b30ef9d80e5bc01f254f73e578075bd2cf6ae64afb8beb0eb890499,sheet1:R13,,,
9e755a0e6b30ef9d-sheet1-R14,2026-02-05,busan-city,차량등록사업소 > 총무팀,삼성갈미조개,인사발령에 따른 직원 간담회 개최,270000,9e755a0e6b30ef9d80e5bc01f254f73e578075bd2cf6ae64afb8beb0eb890499,sheet1:R14,,,
9e755a0e6b30ef9d-sheet1-R15,2026-02-05,busan-city,차량등록사업소 > 총무팀,명소한우 명지본점 외 1,전출 직원 노고 격려 간담회 개최(등록팀),190000,9e755a0e6b30ef9d80e5bc01f254f73e578075bd2cf6ae64afb8beb0eb890499,sheet1:R15,,,
9e755a0e6b30ef9d-sheet1-R16,2026-02-05,busan-city,차량등록사업소 > 총무팀,웰빙보쌈족발oh,2026년 부산형 선결제 추진 1월 업무추진비 선결제 (부전센터),360000,9e755a0e6b30ef9d80e5bc01f254f73e578075bd2cf6ae64afb8beb0eb890499,sheet1:R16,,,
9e755a0e6b30ef9d-sheet1-R17,2026-01-29,busan-city,차량등록사업소 > 총무팀,삼성갈미조개,차량등록사업소 현안업무 관련 간담회 개최,98000,9e755a0e6b30ef9d80e5bc01f254f73e578075bd2cf6ae64afb8beb0eb890499,sheet1:R17,,,
9e755a0e6b30ef9d-sheet1-R18,2026-01-28,busan-city,차량등록사업소 > 총무팀,시루정보(구),직원 노고 격려 중식 간담회 개최(금련산센터),258800,9e755a0e6b30ef9d80e5bc01f254f73e578075bd2cf6ae64afb8beb0eb890499,sheet1:R18,,,
9e755a0e6b30ef9d-sheet1-R19,2026-01-23,busan-city,차량등록사업소 > 총무팀,삼성갈미조개,2026년 부산형 선결제 추진 1월 업무추진비 선결제 (총무팀),270000,9e755a0e6b30ef9d80e5bc01f254f73e578075bd2cf6ae64afb8beb0eb890499,sheet1:R19,,,
9e755a0e6b30ef9d-sheet1-R20,2026-01-20,busan-city,차량등록사업소 > 총무팀,차량등록사업소,2026년 청렴공무원 시상용 온누리 상품권 구입,240000,9e755a0e6b30ef9d80e5bc01f254f73e578075bd2cf6ae64afb8beb0eb890499,sheet1:R20,,,
9e755a0e6b30ef9d-sheet1-R21,2026-01-13,busan-city,차량등록사업소 > 총무팀,명소한우 명지본점 외 1,자동차 금융상품(리스)관련 간담회 개최,199000,9e755a0e6b30ef9d80e5bc01f254f73e578075bd2cf6ae64afb8beb0eb890499,sheet1:R21,,,
9e755a0e6b30ef9d-sheet1-R22,2026-01-12,busan-city,차량등록사업소 > 총무팀,꿈꾸는요리사(명지점),직원 노고 격려를 위한 다과 구매,220000,9e755a0e6b30ef9d80e5bc01f254f73e578075bd2cf6ae64afb8beb0eb890499,sheet1:R22,,,
bcfbe0cbc7ce91ec-sheet1-R5,2026-01-29,busan-city,환경물정책실 > 자원순환과,함양가,자원순환 업무 협의 간담회 개최,131000,bcfbe0cbc7ce91ec1d7d9c6f51249a319e8812ffc63ed397be93fe56d57bd97b,sheet1:R5,,,
bcfbe0cbc7ce91ec-sheet1-R6,2026-02-09,busan-city,환경물정책실 > 자원순환과,만성횟집,유기성폐자원 바이오가스화 시설 민원관련 간담회,100000,bcfbe0cbc7ce91ec1d7d9c6f51249a319e8812ffc63ed397be93fe56d57bd97b,sheet1:R6,,,
bcfbe0cbc7ce91ec-sheet1-R7,2026-02-09,busan-city,환경물정책실 > 자원순환과,만성횟집외 1,공공토지비축사업 관련 LH관계자 간담회 개최,400000,bcfbe0cbc7ce91ec1d7d9c6f51249a319e8812ffc63ed397be93fe56d57bd97b,sheet1:R7,,,
bcfbe0cbc7ce91ec-sheet1-R8,2026-02-09,busan-city,환경물정책실 > 자원순환과,메이리,2026년 재활용팀 현안 업무추진을 위한 부산형 선결제,360000,bcfbe0cbc7ce91ec1d7d9c6f51249a319e8812ffc63ed397be93fe56d57bd97b,sheet1:R8,,,
bcfbe0cbc7ce91ec-sheet1-R9,2026-02-09,busan-city,환경물정책실 > 자원순환과,만성횟집,자원순환행정 주요 현안업무 추진 관련 간담회,480000,bcfbe0cbc7ce91ec1d7d9c6f51249a319e8812ffc63ed397be93fe56d57bd97b,sheet1:R9,,,
bcfbe0cbc7ce91ec-sheet1-R10,2026-02-10,busan-city,환경물정책실 > 자원순환과,셀럽스커피(Celebs Coffee)외 1,유기성폐자원 바이오가스화시설 민원 관련 간담회,360000,bcfbe0cbc7ce91ec1d7d9c6f51249a319e8812ffc63ed397be93fe56d57bd97b,sheet1:R10,,,
bcfbe0cbc7ce91ec-sheet1-R11,2026-02-10,busan-city,환경물정책실 > 자원순환과,최가네엄마돼지국밥,2026년 사업장폐기물팀 현안 업무추진을 위한 부산형 선결제,140000,bcfbe0cbc7ce91ec1d7d9c6f51249a319e8812ffc63ed397be93fe56d57bd97b,sheet1:R11,,,
bcfbe0cbc7ce91ec-sheet1-R12,2026-02-11,busan-city,환경물정책실 > 자원순환과,하삼동커피 범방점외 1,생곡매립장 운영 관련 간담회,82100,bcfbe0cbc7ce91ec1d7d9c6f51249a319e8812ffc63ed397be93fe56d57bd97b,sheet1:R12,,,
bcfbe0cbc7ce91ec-sheet1-R13,2026-02-27,busan-city,환경물정책실 > 자원순환과,히얼이즈커피 부산시청점,2026년 구·군 자원순환 현안회의 다과 구입,60000,bcfbe0cbc7ce91ec1d7d9c6f51249a319e8812ffc63ed397be93fe56d57bd97b,sheet1:R13,,,
bcfbe0cbc7ce91ec-sheet1-R14,2026-03-17,busan-city,환경물정책실 > 자원순환과,브로(Bro)외 1,이주자택지 공급계약 관련 LH 관계자 간담회,242000,bcfbe0cbc7ce91ec1d7d9c6f51249a319e8812ffc63ed397be93fe56d57bd97b,sheet1:R14,,,
bcfbe0cbc7ce91ec-sheet1-R15,2026-03-21,busan-city,환경물정책실 > 자원순환과,이바돔감자탕외 1,'26.3월 시민 나눔장터 개장관련 간담회 개최,267500,bcfbe0cbc7ce91ec1d7d9c6f51249a319e8812ffc63ed397be93fe56d57bd97b,sheet1:R15,,,
bcfbe0cbc7ce91ec-sheet1-R16,2026-03-24,busan-city,환경물정책실 > 자원순환과,주식회사 지앤지(G&G)시청점외 2,부산시 탈플라스틱 전문가 자문회의 다과 구입,276000,bcfbe0cbc7ce91ec1d7d9c6f51249a319e8812ffc63ed397be93fe56d57bd97b,sheet1:R16,,,
bcfbe0cbc7ce91ec-sheet1-R17,2026-03-30,busan-city,환경물정책실 > 자원순환과,수제국수(부산시청점),자원순환업무 협의 간담회 개최,104000,bcfbe0cbc7ce91ec1d7d9c6f51249a319e8812ffc63ed397be93fe56d57bd97b,sheet1:R17,,,
bcfbe0cbc7ce91ec-sheet1-R18,2026-03-31,busan-city,환경물정책실 > 자원순환과,조방제일한우,공공토지비축사업 관련 LH관계자 간담회 개최,390000,bcfbe0cbc7ce91ec1d7d9c6f51249a319e8812ffc63ed397be93fe56d57bd97b,sheet1:R18,,,
b68e59027445d4ae-sheet1-R4,2026-01-13,busan-city,인재개발원 > 역량교육과,홍복,역량교육 관련 전문가 간담회 개최,115000,b68e59027445d4ae255f3c6662e23975f1f90ed89fc3684d3f5950a47c9acc4a,sheet1:R4,,,
b68e59027445d4ae-sheet1-R5,2026-02-13,busan-city,인재개발원 > 역량교육과,사랑도횟집,부산견인 인재양성을 위한 관계 전문가 간담회 개최,180000,b68e59027445d4ae255f3c6662e23975f1f90ed89fc3684d3f5950a47c9acc4a,sheet1:R5,,,
b68e59027445d4ae-sheet1-R6,2026-02-25,busan-city,인재개발원 > 역량교육과,푸주인서면점,시정역점시책 교육과정 반영을 위한 관계 전문가 간담회 개최,98500,b68e59027445d4ae255f3c6662e23975f1f90ed89fc3684d3f5950a47c9acc4a,sheet1:R6,,,
b68e59027445d4ae-sheet1-R7,2026-03-27,busan-city,인재개발원 > 역량교육과,오감 일식점,시정 홍보 교육과정 접목 및 운영 내실화를 위한 전문가 간담회 개최,99000,b68e59027445d4ae255f3c6662e23975f1f90ed89fc3684d3f5950a47c9acc4a,sheet1:R7,,,
42b649f0d2a74d61-sheet1-R5,2026-01-12,busan-city,기획조정실 > 재정관 > 재정협력담당관,더현대 서울,국회 관계자와의 국비 확보 관련 업무협조를 위한 다과류 구입,480000,42b649f0d2a74d614fb824f383d202ce221e0b0b3e7ecb48503c2d91d7d1ca64,sheet1:R5,,,
42b649f0d2a74d61-sheet1-R6,2026-01-14,busan-city,기획조정실 > 재정관 > 재정협력담당관,윤연당세종점외 1,중앙부처 관계자와의 국비 현안사항 협의 간담회 개최,195000,42b649f0d2a74d614fb824f383d202ce221e0b0b3e7ecb48503c2d91d7d1ca64,sheet1:R6,,,
42b649f0d2a74d61-sheet1-R7,2026-01-14,busan-city,기획조정실 > 재정관 > 재정협력담당관,부자회관 부산시청점,신년맞이 직원 격려 간담회 개최,490000,42b649f0d2a74d614fb824f383d202ce221e0b0b3e7ecb48503c2d91d7d1ca64,sheet1:R7,,,
42b649f0d2a74d61-sheet1-R8,2026-01-19,busan-city,기획조정실 > 재정관 > 재정협력담당관,마키노차야 더가우,중앙부처 관계자와의 국비 현안사항 협의 간담회 개최,480000,42b649f0d2a74d614fb824f383d202ce221e0b0b3e7ecb48503c2d91d7d1ca64,sheet1:R8,,,
42b649f0d2a74d61-sheet1-R9,2026-01-19,busan-city,기획조정실 > 재정관 > 재정협력담당관,더현대 서울외 2,국회 관계자와의 국비 현안사항 협의 간담회 개최,199300,42b649f0d2a74d614fb824f383d202ce221e0b0b3e7ecb48503c2d91d7d1ca64,sheet1:R9,,,
42b649f0d2a74d61-sheet1-R10,2026-01-22,busan-city,기획조정실 > 재정관 > 재정협력담당관,스타벅스 코리아외 1,국회 관계자와의 국비 현안사항 협의 간담회 개최,75600,42b649f0d2a74d614fb824f383d202ce221e0b0b3e7ecb48503c2d91d7d1ca64,sheet1:R10,,,
42b649f0d2a74d61-sheet1-R11,2026-01-23,busan-city,기획조정실 > 재정관 > 재정협력담당관,아트웍스외 1,중앙부처 관계자와의 국비 현안사항 협의 간담회 개최,375000,42b649f0d2a74d614fb824f383d202ce221e0b0b3e7ecb48503c2d91d7d1ca64,sheet1:R11,,,
42b649f0d2a74d61-sheet1-R12,2026-01-23,busan-city,기획조정실 > 재정관 > 재정협력담당관,파스쿠찌 세종베스트웨스턴호텔점외 1,중앙부처 관계자와의 국비 현안사항 협의 간담회 개최,167400,42b649f0d2a74d614fb824f383d202ce221e0b0b3e7ecb48503c2d91d7d1ca64,sheet1:R12,,,
42b649f0d2a74d61-sheet1-R13,2026-02-03,busan-city,기획조정실 > 재정관 > 재정협력담당관,파스쿠찌 중앙동점외 1,중앙부처 관계자와의 국비 현안사항 협의 간담회 개최,150100,42b649f0d2a74d614fb824f383d202ce221e0b0b3e7ecb48503c2d91d7d1ca64,sheet1:R13,,,
42b649f0d2a74d61-sheet1-R14,2026-02-03,busan-city,기획조정실 > 재정관 > 재정협력담당관,POSTER외 1,중앙부처 관계자와의 국비 현안사항 협의 간담회 개최,279000,42b649f0d2a74d614fb824f383d202ce221e0b0b3e7ecb48503c2d91d7d1ca64,sheet1:R14,,,
42b649f0d2a74d61-sheet1-R15,2026-02-03,busan-city,기획조정실 > 재정관 > 재정협력담당관,히얼이즈커피 부산시청점,중앙부처 관계자와의 국비 확보 관련 업무협조를 위한 다과류 구입,159000,42b649f0d2a74d614fb824f383d202ce221e0b0b3e7ecb48503c2d91d7d1ca64,sheet1:R15,,,
42b649f0d2a74d61-sheet1-R16,2026-02-03,busan-city,기획조정실 > 재정관 > 재정협력담당관,솔솥 종로타워점,중앙부처 관계자와의 국비 현안사항 협의 간담회 개최,116300,42b649f0d2a74d614fb824f383d202ce221e0b0b3e7ecb48503c2d91d7d1ca64,sheet1:R16,,,
42b649f0d2a74d61-sheet1-R17,2026-02-05,busan-city,기획조정실 > 재정관 > 재정협력담당관,커피생각외 1,중앙부처 관계자와의 국비 현안사항 협의 간담회 개최,135800,42b649f0d2a74d614fb824f383d202ce221e0b0b3e7ecb48503c2d91d7d1ca64,sheet1:R17,,,
42b649f0d2a74d61-sheet1-R18,2026-02-09,busan-city,기획조정실 > 재정관 > 재정협력담당관,투썸플레이스 세종고운힐데스점외 1,중앙부처 관계자와의 국비 현안사항 협의 간담회 개최,79600,42b649f0d2a74d614fb824f383d202ce221e0b0b3e7ecb48503c2d91d7d1ca64,sheet1:R18,,,
42b649f0d2a74d61-sheet1-R19,2026-02-12,busan-city,기획조정실 > 재정관 > 재정협력담당관,청풍양꼬치,중앙부처 관계자와의 국비 현안사항 협의 간담회 개최,311000,42b649f0d2a74d614fb824f383d202ce221e0b0b3e7ecb48503c2d91d7d1ca64,sheet1:R19,,,
42b649f0d2a74d61-sheet1-R20,2026-02-12,busan-city,기획조정실 > 재정관 > 재정협력담당관,히얼이즈커피 부산시청점,중앙부처 관계자와의 국비 확보 관련 업무협조를 위한 다과류 구입,79500,42b649f0d2a74d614fb824f383d202ce221e0b0b3e7ecb48503c2d91d7d1ca64,sheet1:R20,,,
42b649f0d2a74d61-sheet1-R21,2026-02-13,busan-city,기획조정실 > 재정관 > 재정협력담당관,"연제지역자활센터, 카페가온비",지방보조금의 효율적 심사 및 평가 방안 논의를 위한 차담회 개최,96000,42b649f0d2a74d614fb824f383d202ce221e0b0b3e7ecb48503c2d91d7d1ca64,sheet1:R21,,,
42b649f0d2a74d61-sheet1-R22,2026-02-27,busan-city,기획조정실 > 재정관 > 재정협력담당관,조개공장 서면점,중앙부처 관계자와의 국비 현안사항 협의 간담회 개최,233000,42b649f0d2a74d614fb824f383d202ce221e0b0b3e7ecb48503c2d91d7d1ca64,sheet1:R22,,,
42b649f0d2a74d61-sheet1-R23,2026-02-27,busan-city,기획조정실 > 재정관 > 재정협력담당관,하동관,중앙부처 관계자와의 국비 현안사항 협의 간담회 개최,50000,42b649f0d2a74d614fb824f383d202ce221e0b0b3e7ecb48503c2d91d7d1ca64,sheet1:R23,,,
42b649f0d2a74d61-sheet1-R24,2026-02-27,busan-city,기획조정실 > 재정관 > 재정협력담당관,만객당,부서원 격려를 위한 다과 구입,480000,42b649f0d2a74d614fb824f383d202ce221e0b0b3e7ecb48503c2d91d7d1ca64,sheet1:R24,,,
42b649f0d2a74d61-sheet1-R25,2026-03-06,busan-city,기획조정실 > 재정관 > 재정협력담당관,코레일유통주식회사(부산역),중앙부처 관계자와의 국비 확보 관련 업무협조를 위한 다과류 구입,280500,42b649f0d2a74d614fb824f383d202ce221e0b0b3e7ecb48503c2d91d7d1ca64,sheet1:R25,,,
42b649f0d2a74d61-sheet1-R26,2026-03-06,busan-city,기획조정실 > 재정관 > 재정협력담당관,마키노차야 더가우,중앙부처 관계자와의 국비 현안사항 협의 간담회 개최,200000,42b649f0d2a74d614fb824f383d202ce221e0b0b3e7ecb48503c2d91d7d1ca64,sheet1:R26,,,
42b649f0d2a74d61-sheet1-R27,2026-03-19,busan-city,기획조정실 > 재정관 > 재정협력담당관,아덴 블랑제리(시청점)외 1,3.18.자 인사발령 관련 부서 직원 간담회 개최 건의,240000,42b649f0d2a74d614fb824f383d202ce221e0b0b3e7ecb48503c2d91d7d1ca64,sheet1:R27,,,
42b649f0d2a74d61-sheet1-R28,2026-03-30,busan-city,기획조정실 > 재정관 > 재정협력담당관,팔당반점 서여의도점,국회 관계자와의 국비 현안사항 협의 간담회 개최,480000,42b649f0d2a74d614fb824f383d202ce221e0b0b3e7ecb48503c2d91d7d1ca64,sheet1:R28,,,
9860b881e93e9ae9-sheet1-R4,2026-01-08,busan-city,소방재난본부 > 구조구급과,연산낙지해물탕,소방홍보계 소통을 위한 간담회,174000,9860b881e93e9ae9a01649cac2c4ac6c120eb4a3c7ddbe9787504799c3ac073f,sheet1:R4,,,
9860b881e93e9ae9-sheet1-R5,2026-01-14,busan-city,소방재난본부 > 구조구급과,하오반점,기자 간담회 개최,400000,9860b881e93e9ae9a01649cac2c4ac6c120eb4a3c7ddbe9787504799c3ac073f,sheet1:R5,,,
9860b881e93e9ae9-sheet1-R6,2026-02-04,busan-city,소방재난본부 > 구조구급과,대성횟집,구조계 소통을 위한 간담회,174000,9860b881e93e9ae9a01649cac2c4ac6c120eb4a3c7ddbe9787504799c3ac073f,sheet1:R6,,,
9860b881e93e9ae9-sheet1-R7,2026-02-06,busan-city,소방재난본부 > 구조구급과,우리동네호두과자,소방정 대체건조 관련 시책 추진을 위한 방문 기념품 구매,50000,9860b881e93e9ae9a01649cac2c4ac6c120eb4a3c7ddbe9787504799c3ac073f,sheet1:R7,,,
9860b881e93e9ae9-sheet1-R8,2026-02-12,busan-city,소방재난본부 > 구조구급과,부산토곡 파리바게트,응급환자 골든타임 확보를 위한 업무협약 관련 시책 물품 구매,300000,9860b881e93e9ae9a01649cac2c4ac6c120eb4a3c7ddbe9787504799c3ac073f,sheet1:R8,,,
9860b881e93e9ae9-sheet1-R9,2026-02-20,busan-city,소방재난본부 > 구조구급과,육수명장 육오당,응급환자 이송 개선을 위한 시책 간담회,300000,9860b881e93e9ae9a01649cac2c4ac6c120eb4a3c7ddbe9787504799c3ac073f,sheet1:R9,,,
9860b881e93e9ae9-sheet1-R10,2026-02-25,busan-city,소방재난본부 > 구조구급과,샤브20 연산점,구조구급과 소통·화합 간담회,717600,9860b881e93e9ae9a01649cac2c4ac6c120eb4a3c7ddbe9787504799c3ac073f,sheet1:R10,,,
e65d888a02c19796-sheet1-R5,2026-01-08,busan-city,환경물정책실 > 공공하수인프라과,소원집,현안 업무 추진 관련 간담회 개최(온천천 대심도 하수저류시설 설치사업),299200,e65d888a02c19796a11ce6660650a841dd1f6a8b9ae28d59933a065118df76f1,sheet1:R5,,,
e65d888a02c19796-sheet1-R6,2026-01-15,busan-city,환경물정책실 > 공공하수인프라과,라무진 연산교차로점,부산환경공단 인력 및 조직운영 효율화 방안 마련 간담회 개최비용 지급,303000,e65d888a02c19796a11ce6660650a841dd1f6a8b9ae28d59933a065118df76f1,sheet1:R6,,,
e65d888a02c19796-sheet1-R7,2026-01-16,busan-city,환경물정책실 > 공공하수인프라과,수제국수,수영공공하수처리시설 현대화사업 관련 간담회 개최,300000,e65d888a02c19796a11ce6660650a841dd1f6a8b9ae28d59933a065118df76f1,sheet1:R7,,,
e65d888a02c19796-sheet1-R8,2026-01-27,busan-city,환경물정책실 > 공공하수인프라과,"안여사네한끼, 데일리 오아시스 창",하수도분야 예산 관련 업무추진 간담회 개최,171000,e65d888a02c19796a11ce6660650a841dd1f6a8b9ae28d59933a065118df76f1,sheet1:R8,,,
e65d888a02c19796-sheet1-R9,2026-02-04,busan-city,환경물정책실 > 공공하수인프라과,해운대삼계탕,2026년 하수처리시설 노후설비 개선사업 주요현안 논의를 위한 간담회 개최,171000,e65d888a02c19796a11ce6660650a841dd1f6a8b9ae28d59933a065118df76f1,sheet1:R9,,,
e65d888a02c19796-sheet1-R10,2026-02-04,busan-city,환경물정책실 > 공공하수인프라과,올리바,부산환경공단 자산관리시스템 운영관련 협의를 위한 간담회 개최비용 지급,300000,e65d888a02c19796a11ce6660650a841dd1f6a8b9ae28d59933a065118df76f1,sheet1:R10,,,
e65d888a02c19796-sheet1-R11,2026-02-09,busan-city,환경물정책실 > 공공하수인프라과,SSG.COM,26년 설 명절맞이 사회복지시설 격려 물품 구입,192500,e65d888a02c19796a11ce6660650a841dd1f6a8b9ae28d59933a065118df76f1,sheet1:R11,,,
e65d888a02c19796-sheet1-R12,2026-02-13,busan-city,환경물정책실 > 공공하수인프라과,RAKUTENPAY KANIRYOUR,국외 출장(일본) 중 현지 관계자와의 간담회 개최,363090,e65d888a02c19796a11ce6660650a841dd1f6a8b9ae28d59933a065118df76f1,sheet1:R12,,,
e65d888a02c19796-sheet1-R13,2026-03-09,busan-city,환경물정책실 > 공공하수인프라과,타블도트 외 15,부산환경공단 위탁사업비 정산검사 및 현안사항 협의 간담회,726200,e65d888a02c19796a11ce6660650a841dd1f6a8b9ae28d59933a065118df76f1,sheet1:R13,,,
e65d888a02c19796-sheet1-R14,2026-03-27,busan-city,환경물정책실 > 공공하수인프라과,명지 브런치 테라비,부산환경공단(강변하수처리장) 환경공원 활용방안 협의 간담회 개최비용 지급,82500,e65d888a02c19796a11ce6660650a841dd1f6a8b9ae28d59933a065118df76f1,sheet1:R14,,,
328b7523baeddaba-sheet1-R4,2026-02-05,busan-city,부울경초광역경제동맹추진본부 > 초광역기획과,부원삼계탕 외 1,부울경 초광역 발전시행계획 관련 논의를 위한 간담회 개최,96800,328b7523baeddababef63cec7b10436b74b0f2ce2bca3910c68ac59afdc4c83b,sheet1:R4,,,
328b7523baeddaba-sheet1-R5,2026-03-12,busan-city,부울경초광역경제동맹추진본부 > 초광역기획과,주식회사 진삼,부울경초광역경제동맹추진본부 출범식 개최에 따른 농수산가공품 구입,216000,328b7523baeddababef63cec7b10436b74b0f2ce2bca3910c68ac59afdc4c83b,sheet1:R5,,,
328b7523baeddaba-sheet1-R6,2026-03-12,busan-city,부울경초광역경제동맹추진본부 > 초광역기획과,우미정,부울경 사업 추진 협의를 위한 간담회 개최,240000,328b7523baeddababef63cec7b10436b74b0f2ce2bca3910c68ac59afdc4c83b,sheet1:R6,,,
328b7523baeddaba-sheet1-R7,2026-03-23,busan-city,부울경초광역경제동맹추진본부 > 초광역기획과,솔내음한정식,부울경초광역경제동맹 사업 관련 논의를 위한 간담회 개최,162000,328b7523baeddababef63cec7b10436b74b0f2ce2bca3910c68ac59afdc4c83b,sheet1:R7,,,
501144cbea6bd316-sheet1-R4,2026-01-05,busan-city,문화국 > 문화예술과,함양가,지역문화진흥 관련 논의를 위한 간담회 개최(1.5),125000,501144cbea6bd316b22e3fd1249edef705ac619f55ef633f8b1652fb19bbb291,sheet1:R4,,,
501144cbea6bd316-sheet1-R5,2026-01-06,busan-city,문화국 > 문화예술과,은화횟집 2호점외 1,문화정책팀 직원 격려 간담회 개최,211000,501144cbea6bd316b22e3fd1249edef705ac619f55ef633f8b1652fb19bbb291,sheet1:R5,,,
501144cbea6bd316-sheet1-R6,2026-01-07,busan-city,문화국 > 문화예술과,스타벅스 코리아외 1,문화예술과 주요업무 추진 관련 간담회 개최(1.7.),130200,501144cbea6bd316b22e3fd1249edef705ac619f55ef633f8b1652fb19bbb291,sheet1:R6,,,
501144cbea6bd316-sheet1-R7,2026-01-08,busan-city,문화국 > 문화예술과,술술술,문화국 현안업무 홍보 및 협조를 위한 만찬 간담회 개최(1.8.),300000,501144cbea6bd316b22e3fd1249edef705ac619f55ef633f8b1652fb19bbb291,sheet1:R7,,,
501144cbea6bd316-sheet1-R8,2026-01-09,busan-city,문화국 > 문화예술과,로우라이즈외 1,예술지원팀 직원 격려 간담회 개최,128500,501144cbea6bd316b22e3fd1249edef705ac619f55ef633f8b1652fb19bbb291,sheet1:R8,,,
501144cbea6bd316-sheet1-R9,2026-01-12,busan-city,문화국 > 문화예술과,다금,문화국 현안업무 홍보 및 협조를 위한 만찬 간담회 개최(1.12.),154500,501144cbea6bd316b22e3fd1249edef705ac619f55ef633f8b1652fb19bbb291,sheet1:R9,,,
501144cbea6bd316-sheet1-R10,2026-01-12,busan-city,문화국 > 문화예술과,차마당양갱외 1,문화기반조성팀 직원 격려 간담회 개최,120000,501144cbea6bd316b22e3fd1249edef705ac619f55ef633f8b1652fb19bbb291,sheet1:R10,,,
501144cbea6bd316-sheet1-R11,2026-01-13,busan-city,문화국 > 문화예술과,풍미,종교문화팀 직원 격려 간담회 개최(1.13.),80000,501144cbea6bd316b22e3fd1249edef705ac619f55ef633f8b1652fb19bbb291,sheet1:R11,,,
501144cbea6bd316-sheet1-R12,2026-01-13,busan-city,문화국 > 문화예술과,취원3외 3,부산형 선결제 추진 관련 업무추진비 집행 건의(1차),1800000,501144cbea6bd316b22e3fd1249edef705ac619f55ef633f8b1652fb19bbb291,sheet1:R12,,,
501144cbea6bd316-sheet1-R13,2026-01-13,busan-city,문화국 > 문화예술과,153구포국수 시청점외 1,부산형 선결제 추진 관련 업무추진비 집행 건의(1차),660000,501144cbea6bd316b22e3fd1249edef705ac619f55ef633f8b1652fb19bbb291,sheet1:R13,,,
501144cbea6bd316-sheet1-R14,2026-01-14,busan-city,문화국 > 문화예술과,마조레,공연예술팀 직원 격려 간담회 개최(1.14.),90000,501144cbea6bd316b22e3fd1249edef705ac619f55ef633f8b1652fb19bbb291,sheet1:R14,,,
501144cbea6bd316-sheet1-R15,2026-01-15,busan-city,문화국 > 문화예술과,신세화(新世華),지역문화진흥 관련 논의를 위한 간담회 개최(1.15.),62700,501144cbea6bd316b22e3fd1249edef705ac619f55ef633f8b1652fb19bbb291,sheet1:R15,,,
501144cbea6bd316-sheet1-R16,2026-01-22,busan-city,문화국 > 문화예술과,주식회사 지앤지(G&G)시청점,2026. 2. 1.자 인사발령에 따른 다과 구입,60000,501144cbea6bd316b22e3fd1249edef705ac619f55ef633f8b1652fb19bbb291,sheet1:R16,,,
501144cbea6bd316-sheet1-R17,2026-02-06,busan-city,문화국 > 문화예술과,은화횟집 2호점외 4,부산형 선결제 추진 관련 업무추진비 집행 건의(2차),2430000,501144cbea6bd316b22e3fd1249edef705ac619f55ef633f8b1652fb19bbb291,sheet1:R17,,,
501144cbea6bd316-sheet1-R18,2026-02-06,busan-city,문화국 > 문화예술과,최가네엄마돼지국밥,부산형 선결제 추진 관련 업무추진비 집행 건의(2차),340000,501144cbea6bd316b22e3fd1249edef705ac619f55ef633f8b1652fb19bbb291,sheet1:R18,,,
501144cbea6bd316-sheet1-R19,2026-02-06,busan-city,문화국 > 문화예술과,촌국수외 1,부산형 선결제 추진 관련 업무추진비 집행 건의(2차),600000,501144cbea6bd316b22e3fd1249edef705ac619f55ef633f8b1652fb19bbb291,sheet1:R19,,,
501144cbea6bd316-sheet1-R20,2026-02-06,busan-city,문화국 > 문화예술과,종가집꼬리곰탕,문화예술과 주요업무 추진 관련 간담회 개최(2.6.),244000,501144cbea6bd316b22e3fd1249edef705ac619f55ef633f8b1652fb19bbb291,sheet1:R20,,,
501144cbea6bd316-sheet1-R21,2026-02-09,busan-city,문화국 > 문화예술과,에스에스지페이먼츠외 1,「2026년 따뜻한 설 명절 보내기」추진 계획,317430,501144cbea6bd316b22e3fd1249edef705ac619f55ef633f8b1652fb19bbb291,sheet1:R21,,,
501144cbea6bd316-sheet1-R22,2026-02-12,busan-city,문화국 > 문화예술과,함양가,문화예술과 직원 격려 오찬 간담회 개최(2.12.),255000,501144cbea6bd316b22e3fd1249edef705ac619f55ef633f8b1652fb19bbb291,sheet1:R22,,,
501144cbea6bd316-sheet1-R23,2026-02-25,busan-city,문화국 > 문화예술과,모모스커피(주) 도모헌점,세계적 미술관 민관협의체 Kick-off 회의 다과 구입,82400,501144cbea6bd316b22e3fd1249edef705ac619f55ef633f8b1652fb19bbb291,sheet1:R23,,,
501144cbea6bd316-sheet1-R24,2026-02-25,busan-city,문화국 > 문화예술과,정초밥,문화국 현안업무 홍보 및 협조를 위한 오찬 간담회 개최(2.25.),240000,501144cbea6bd316b22e3fd1249edef705ac619f55ef633f8b1652fb19bbb291,sheet1:R24,,,
501144cbea6bd316-sheet1-R25,2026-03-03,busan-city,문화국 > 문화예술과,부용당,문화국 현안업무 홍보 및 협조를 위한 오찬 간담회 개최(3.3.),84000,501144cbea6bd316b22e3fd1249edef705ac619f55ef633f8b1652fb19bbb291,sheet1:R25,,,
501144cbea6bd316-sheet1-R26,2026-03-04,busan-city,문화국 > 문화예술과,주식회사 지앤지(G&G)시청점외 1,문화예술과 현안업무 홍보 및 협조 등을 위한 간담회 개최(3.4.),127300,501144cbea6bd316b22e3fd1249edef705ac619f55ef633f8b1652fb19bbb291,sheet1:R26,,,
501144cbea6bd316-sheet1-R27,2026-03-05,busan-city,문화국 > 문화예술과,개인(성명 비공개),문화국 소속 직원 축의금 전달,50000,501144cbea6bd316b22e3fd1249edef705ac619f55ef633f8b1652fb19bbb291,sheet1:R27,,,
501144cbea6bd316-sheet1-R28,2026-03-09,busan-city,문화국 > 문화예술과,혼참치,문화국 현안업무 홍보 및 협조를 위한 만찬 간담회 개최(3.9.),300000,501144cbea6bd316b22e3fd1249edef705ac619f55ef633f8b1652fb19bbb291,sheet1:R28,,,
501144cbea6bd316-sheet1-R29,2026-03-10,busan-city,문화국 > 문화예술과,호텔아쿠아펠리스지점,문화국 현안업무 홍보 및 협조를 위한 만찬 간담회 개최(3.10.),200000,501144cbea6bd316b22e3fd1249edef705ac619f55ef633f8b1652fb19bbb291,sheet1:R29,,,
501144cbea6bd316-sheet1-R30,2026-03-16,busan-city,문화국 > 문화예술과,개인(성명 비공개),문화국 소속 직원 부의금 전달,50000,501144cbea6bd316b22e3fd1249edef705ac619f55ef633f8b1652fb19bbb291,sheet1:R30,,,
501144cbea6bd316-sheet1-R31,2026-03-16,busan-city,문화국 > 문화예술과,개인(성명 비공개),문화국 소속 직원 축의금 전달,50000,501144cbea6bd316b22e3fd1249edef705ac619f55ef633f8b1652fb19bbb291,sheet1:R31,,,
501144cbea6bd316-sheet1-R32,2026-03-24,busan-city,문화국 > 문화예술과,방파제식당,문화국 현안업무 홍보 및 협조를 위한 만찬 간담회 개최(3.24.),80000,501144cbea6bd316b22e3fd1249edef705ac619f55ef633f8b1652fb19bbb291,sheet1:R32,,,
501144cbea6bd316-sheet1-R33,2026-03-25,busan-city,문화국 > 문화예술과,함양가,문화예술과 주요업무 추진 관련 간담회 개최(3.25.),240000,501144cbea6bd316b22e3fd1249edef705ac619f55ef633f8b1652fb19bbb291,sheet1:R33,,,
64cf8ed84dce21ad-sheet1-R5,2026-01-19,busan-city,국제수산물유통시설관리사업소 > 관리팀,-,업무추진 유관기관 행사 지원 및 협조,50000,64cf8ed84dce21ad6e208f00d4b733671913046c88d3cd72c09944a09f82a092,sheet1:R5,,,
64cf8ed84dce21ad-sheet1-R6,2026-01-20,busan-city,국제수산물유통시설관리사업소 > 관리팀,꽃가람한식당,부산 착한결제 추진 관련 선결제 건의,119000,64cf8ed84dce21ad6e208f00d4b733671913046c88d3cd72c09944a09f82a092,sheet1:R6,,,
64cf8ed84dce21ad-sheet1-R7,2026-02-08,busan-city,국제수산물유통시설관리사업소 > 관리팀,"부산청과, 부산정식품",「2026년 따뜻한 설 명절 보내기」성품 구입,177000,64cf8ed84dce21ad6e208f00d4b733671913046c88d3cd72c09944a09f82a092,sheet1:R7,,,
64cf8ed84dce21ad-sheet1-R8,2026-02-11,busan-city,국제수산물유통시설관리사업소 > 관리팀,서울집,수산가공선진화단지 현안사항 협의 간담회 개최 건의,244000,64cf8ed84dce21ad6e208f00d4b733671913046c88d3cd72c09944a09f82a092,sheet1:R8,,,
64cf8ed84dce21ad-sheet1-R9,2026-02-19,busan-city,국제수산물유통시설관리사업소 > 관리팀,푸주인,현안업무 협의 간담회 개최,120000,64cf8ed84dce21ad6e208f00d4b733671913046c88d3cd72c09944a09f82a092,sheet1:R9,,,
64cf8ed84dce21ad-sheet1-R10,2026-03-20,busan-city,국제수산물유통시설관리사업소 > 관리팀,-,소속 상근직원에 대한 조의금 지급,28700,64cf8ed84dce21ad6e208f00d4b733671913046c88d3cd72c09944a09f82a092,sheet1:R10,,,
0aa315a9dc1c7b0e-sheet1-R4,2026-01-13,busan-city,대변인 > 미디어담당관,꿈꾸는디저트외 1,전략적인 시정 홍보 추진을 위한 간담회 개최,258000,0aa315a9dc1c7b0e338c84a9ac19bd3b982b813438d2a432e77c064fe066e4d4,sheet1:R4,,,
0aa315a9dc1c7b0e-sheet1-R5,2026-01-13,busan-city,대변인 > 미디어담당관,부자회관 부산시청점외 2,2026년 부산형 선결제 추진에 따른 업무추진비 집행 건의(1차),656000,0aa315a9dc1c7b0e338c84a9ac19bd3b982b813438d2a432e77c064fe066e4d4,sheet1:R5,,,
0aa315a9dc1c7b0e-sheet1-R6,2026-01-14,busan-city,대변인 > 미디어담당관,반할제육,전략적인 시정 홍보 추진을 위한 간담회 개최,27000,0aa315a9dc1c7b0e338c84a9ac19bd3b982b813438d2a432e77c064fe066e4d4,sheet1:R6,,,
0aa315a9dc1c7b0e-sheet1-R7,2026-01-14,busan-city,대변인 > 미디어담당관,야키토리백탄해운대점,전략적인 시정 홍보 추진을 위한 간담회 개최,81000,0aa315a9dc1c7b0e338c84a9ac19bd3b982b813438d2a432e77c064fe066e4d4,sheet1:R7,,,
0aa315a9dc1c7b0e-sheet1-R8,2026-01-15,busan-city,대변인 > 미디어담당관,미가식당,부산시보 등 시정홍보지 운영 활성화를 위한 간담회 개최,88000,0aa315a9dc1c7b0e338c84a9ac19bd3b982b813438d2a432e77c064fe066e4d4,sheet1:R8,,,
0aa315a9dc1c7b0e-sheet1-R9,2026-01-22,busan-city,대변인 > 미디어담당관,카페트립티 서울가족플라자점외 2,전략적인 시정 홍보추진을 위한 간담회 개최(오찬),113100,0aa315a9dc1c7b0e338c84a9ac19bd3b982b813438d2a432e77c064fe066e4d4,sheet1:R9,,,
0aa315a9dc1c7b0e-sheet1-R10,2026-01-23,busan-city,대변인 > 미디어담당관,더차이외 1,전략적인 시정 홍보 추진을 위한 간담회 개최,334100,0aa315a9dc1c7b0e338c84a9ac19bd3b982b813438d2a432e77c064fe066e4d4,sheet1:R10,,,
0aa315a9dc1c7b0e-sheet1-R11,2026-01-29,busan-city,대변인 > 미디어담당관,황제잠수함,전략적인 시정 홍보 추진을 위한 간담회 개최,250000,0aa315a9dc1c7b0e338c84a9ac19bd3b982b813438d2a432e77c064fe066e4d4,sheet1:R11,,,
0aa315a9dc1c7b0e-sheet1-R12,2026-02-05,busan-city,대변인 > 미디어담당관,평상집,전략적인 시정 홍보 추진을 위한 간담회 개최,131000,0aa315a9dc1c7b0e338c84a9ac19bd3b982b813438d2a432e77c064fe066e4d4,sheet1:R12,,,
0aa315a9dc1c7b0e-sheet1-R13,2026-03-03,busan-city,대변인 > 미디어담당관,안식,전략적인 시정 홍보 추진을 위한 간담회 개최,200000,0aa315a9dc1c7b0e338c84a9ac19bd3b982b813438d2a432e77c064fe066e4d4,sheet1:R13,,,
0aa315a9dc1c7b0e-sheet1-R14,2026-03-04,busan-city,대변인 > 미디어담당관,대가참치,전략적인 시정 홍보 추진을 위한 간담회 개최,200000,0aa315a9dc1c7b0e338c84a9ac19bd3b982b813438d2a432e77c064fe066e4d4,sheet1:R14,,,
0aa315a9dc1c7b0e-sheet1-R15,2026-03-06,busan-city,대변인 > 미디어담당관,삼산회관 부산시청점,전략적인 시정 홍보 추진을 위한 간담회 개최,89500,0aa315a9dc1c7b0e338c84a9ac19bd3b982b813438d2a432e77c064fe066e4d4,sheet1:R15,,,
0aa315a9dc1c7b0e-sheet1-R16,2026-03-06,busan-city,대변인 > 미디어담당관,거북이동네 초량점,전략적인 시정 홍보 추진을 위한 간담회 개최,200000,0aa315a9dc1c7b0e338c84a9ac19bd3b982b813438d2a432e77c064fe066e4d4,sheet1:R16,,,
0aa315a9dc1c7b0e-sheet1-R17,2026-03-10,busan-city,대변인 > 미디어담당관,금성녹두삼계탕,전략적인 시정 홍보 추진을 위한 간담회 개최,34000,0aa315a9dc1c7b0e338c84a9ac19bd3b982b813438d2a432e77c064fe066e4d4,sheet1:R17,,,
0aa315a9dc1c7b0e-sheet1-R18,2026-03-10,busan-city,대변인 > 미디어담당관,양이랑,전략적인 시정 홍보 추진을 위한 간담회 개최,141000,0aa315a9dc1c7b0e338c84a9ac19bd3b982b813438d2a432e77c064fe066e4d4,sheet1:R18,,,
0aa315a9dc1c7b0e-sheet1-R19,2026-03-16,busan-city,대변인 > 미디어담당관,안식,어린이신문 등 시정 홍보지 활성화를 위한 간담회 개최,305000,0aa315a9dc1c7b0e338c84a9ac19bd3b982b813438d2a432e77c064fe066e4d4,sheet1:R19,,,
0aa315a9dc1c7b0e-sheet1-R20,2026-03-18,busan-city,대변인 > 미디어담당관,주식회사 정원오리,전략적인 시정 홍보 추진을 위한 간담회 개최,60000,0aa315a9dc1c7b0e338c84a9ac19bd3b982b813438d2a432e77c064fe066e4d4,sheet1:R20,,,
0aa315a9dc1c7b0e-sheet1-R21,2026-03-20,busan-city,대변인 > 미디어담당관,라마앤바바나,전략적인 시정 홍보 추진을 위한 간담회 개최,200000,0aa315a9dc1c7b0e338c84a9ac19bd3b982b813438d2a432e77c064fe066e4d4,sheet1:R21,,,
0aa315a9dc1c7b0e-sheet1-R22,2026-03-23,busan-city,대변인 > 미디어담당관,미가식당,전략적인 시정 홍보 추진을 위한 간담회 개최,30000,0aa315a9dc1c7b0e338c84a9ac19bd3b982b813438d2a432e77c064fe066e4d4,sheet1:R22,,,
0aa315a9dc1c7b0e-sheet1-R23,2026-03-23,busan-city,대변인 > 미디어담당관,오봉집 서면전포점,전략적인 시정 홍보 추진을 위한 간담회 개최,84000,0aa315a9dc1c7b0e338c84a9ac19bd3b982b813438d2a432e77c064fe066e4d4,sheet1:R23,,,
47a950e0e3bb3d2a-sheet1-R4,2026-01-15,busan-city,디지털경제실 > 미래기술전략국 > 인공지능소프트웨어과,진송추어탕시청점,양자기술 생태계 활성화 논의를 위한 간담회 개최,200000,47a950e0e3bb3d2ab81bc497d4ce67e93d0e01e4c590c15b5aaea3f5ba1b1ee4,sheet1:R4,,,
47a950e0e3bb3d2a-sheet1-R5,2026-01-15,busan-city,디지털경제실 > 미래기술전략국 > 인공지능소프트웨어과,김밥일번지 부산시청점,ICT 기업 유치 활동 관련 간담회 개최,200000,47a950e0e3bb3d2ab81bc497d4ce67e93d0e01e4c590c15b5aaea3f5ba1b1ee4,sheet1:R5,,,
47a950e0e3bb3d2a-sheet1-R6,2026-01-15,busan-city,디지털경제실 > 미래기술전략국 > 인공지능소프트웨어과,순이국수,인공지능산업 업무추진 관련 간담회 개최,400000,47a950e0e3bb3d2ab81bc497d4ce67e93d0e01e4c590c15b5aaea3f5ba1b1ee4,sheet1:R6,,,
47a950e0e3bb3d2a-sheet1-R7,2026-01-15,busan-city,디지털경제실 > 미래기술전략국 > 인공지능소프트웨어과,후스,인재양성 관련 추진기관 간담회 개최,100000,47a950e0e3bb3d2ab81bc497d4ce67e93d0e01e4c590c15b5aaea3f5ba1b1ee4,sheet1:R7,,,
47a950e0e3bb3d2a-sheet1-R8,2026-01-15,busan-city,디지털경제실 > 미래기술전략국 > 인공지능소프트웨어과,시루에,공공 와이파이 운영 간담회 개최,200000,47a950e0e3bb3d2ab81bc497d4ce67e93d0e01e4c590c15b5aaea3f5ba1b1ee4,sheet1:R8,,,
47a950e0e3bb3d2a-sheet1-R9,2026-01-26,busan-city,디지털경제실 > 미래기술전략국 > 인공지능소프트웨어과,태백한우,인공지능위원회 운영방안 논의를 위한 간담회 개최,394000,47a950e0e3bb3d2ab81bc497d4ce67e93d0e01e4c590c15b5aaea3f5ba1b1ee4,sheet1:R9,,,
47a950e0e3bb3d2a-sheet1-R10,2026-01-26,busan-city,디지털경제실 > 미래기술전략국 > 인공지능소프트웨어과,노랑통닭 부산시청점,소프트웨어산업팀 업무 추진방향 논의를 위한 간담회 개최,120000,47a950e0e3bb3d2ab81bc497d4ce67e93d0e01e4c590c15b5aaea3f5ba1b1ee4,sheet1:R10,,,
47a950e0e3bb3d2a-sheet1-R11,2026-01-27,busan-city,디지털경제실 > 미래기술전략국 > 인공지능소프트웨어과,은화횟집 2호점,2026년 상반기 부산정보고속도로 업무협의 간담회 개최 결과보고,240000,47a950e0e3bb3d2ab81bc497d4ce67e93d0e01e4c590c15b5aaea3f5ba1b1ee4,sheet1:R11,,,
47a950e0e3bb3d2a-sheet1-R12,2026-02-13,busan-city,디지털경제실 > 미래기술전략국 > 인공지능소프트웨어과,만성횟집,해양 AI 산업생태계조성 간담회 개최,309000,47a950e0e3bb3d2ab81bc497d4ce67e93d0e01e4c590c15b5aaea3f5ba1b1ee4,sheet1:R12,,,
47a950e0e3bb3d2a-sheet1-R13,2026-02-19,busan-city,디지털경제실 > 미래기술전략국 > 인공지능소프트웨어과,쿠팡,어려운 이웃과 함께하는 「2026년 따뜻한 설 명절 보내기」 추진,156000,47a950e0e3bb3d2ab81bc497d4ce67e93d0e01e4c590c15b5aaea3f5ba1b1ee4,sheet1:R13,,,
47a950e0e3bb3d2a-sheet1-R14,2026-03-25,busan-city,디지털경제실 > 미래기술전략국 > 인공지능소프트웨어과,메이리,빅테크 데이터센터 유치를 위한 간담회 개최,230000,47a950e0e3bb3d2ab81bc497d4ce67e93d0e01e4c590c15b5aaea3f5ba1b1ee4,sheet1:R14,,,
2dfc941e1459df0c-sheet1-R5,2026-01-23,busan-city,보건환경연구원 > 동물위생시험소 > 방역팀,시공담 오시오,가축방역 유관기관과의 업무추진 간담회 개최,96000,2dfc941e1459df0c90126dcc06fdcf22ab33769ffdb620771665b0da66fdcda2,sheet1:R5,,,
2dfc941e1459df0c-sheet1-R6,2026-01-28,busan-city,보건환경연구원 > 동물위생시험소 > 방역팀,파스타바니타 화명점,현안업무 추진 직원 격려 간담회 개최,76300,2dfc941e1459df0c90126dcc06fdcf22ab33769ffdb620771665b0da66fdcda2,sheet1:R6,,,
2dfc941e1459df0c-sheet1-R7,2026-02-06,busan-city,보건환경연구원 > 동물위생시험소 > 방역팀,파스타바니타 화명점,축산물 검사 관련 유관기관 간담회 개최,150000,2dfc941e1459df0c90126dcc06fdcf22ab33769ffdb620771665b0da66fdcda2,sheet1:R7,,,
2dfc941e1459df0c-sheet1-R8,2026-02-09,busan-city,보건환경연구원 > 동물위생시험소 > 방역팀,박해윤통영해물밥상,가축방역 유관 기관과의 업무추진 간담회 개최,350000,2dfc941e1459df0c90126dcc06fdcf22ab33769ffdb620771665b0da66fdcda2,sheet1:R8,,,
2dfc941e1459df0c-sheet1-R9,2026-02-12,busan-city,보건환경연구원 > 동물위생시험소 > 방역팀,주식회사 원영진,가축방역 유관기관과의 업무추진 간담회 개최,94000,2dfc941e1459df0c90126dcc06fdcf22ab33769ffdb620771665b0da66fdcda2,sheet1:R9,,,
2dfc941e1459df0c-sheet1-R10,2026-03-13,busan-city,보건환경연구원 > 동물위생시험소 > 방역팀,파스타바니타 화명점,가축방역 유관기관과의 업무추진 간담회 개최,63800,2dfc941e1459df0c90126dcc06fdcf22ab33769ffdb620771665b0da66fdcda2,sheet1:R10,,,
2dfc941e1459df0c-sheet1-R11,2026-03-19,busan-city,보건환경연구원 > 동물위생시험소 > 방역팀,미청식당 투썸플레이스 기장일광해변점,가축방역 유관기관과의 업무추진 간담회 개최,127300,2dfc941e1459df0c90126dcc06fdcf22ab33769ffdb620771665b0da66fdcda2,sheet1:R11,,,
2d4525bd29e51052-sheet1-R4,2026-01-08,busan-city,시도의회 > 의회사무처 > 홍보담당관,웰빙선생오리,의정활동 홍보를 위한 업무 협의 간담회 개최(홍보),143000,2d4525bd29e5105220df4a1eeb985c39c515f68dd4be8db22591e0ce23f79351,sheet1:R4,,,
2d4525bd29e51052-sheet1-R5,2026-01-08,busan-city,시도의회 > 의회사무처 > 홍보담당관,청마루아구찜,의정활동 홍보를 위한 언론간담회 개최(홍보. 1/8),132000,2d4525bd29e5105220df4a1eeb985c39c515f68dd4be8db22591e0ce23f79351,sheet1:R5,,,
2d4525bd29e51052-sheet1-R6,2026-01-13,busan-city,시도의회 > 의회사무처 > 홍보담당관,돈풍각,의정활동 홍보를 위한 언론간담회 개최(홍보. 01/12),446000,2d4525bd29e5105220df4a1eeb985c39c515f68dd4be8db22591e0ce23f79351,sheet1:R6,,,
2d4525bd29e51052-sheet1-R7,2026-01-15,busan-city,시도의회 > 의회사무처 > 홍보담당관,만성횟집,의정활동 홍보를 위한 언론간담회 개최(홍보. 01/14),419000,2d4525bd29e5105220df4a1eeb985c39c515f68dd4be8db22591e0ce23f79351,sheet1:R7,,,
2d4525bd29e51052-sheet1-R8,2026-01-19,busan-city,시도의회 > 의회사무처 > 홍보담당관,수제국수(부산시청점),의정활동 홍보를 위한 언론간담회 개최(홍보. 01/16),300000,2d4525bd29e5105220df4a1eeb985c39c515f68dd4be8db22591e0ce23f79351,sheet1:R8,,,
2d4525bd29e51052-sheet1-R9,2026-01-21,busan-city,시도의회 > 의회사무처 > 홍보담당관,박미서 부대찌개,의정활동 홍보를 위한 언론간담회 개최(홍보. 01/20),390000,2d4525bd29e5105220df4a1eeb985c39c515f68dd4be8db22591e0ce23f79351,sheet1:R9,,,
2d4525bd29e51052-sheet1-R10,2026-01-22,busan-city,시도의회 > 의회사무처 > 홍보담당관,돈풍각,의정활동 홍보를 위한 언론간담회 개최(홍보. 1/22),34500,2d4525bd29e5105220df4a1eeb985c39c515f68dd4be8db22591e0ce23f79351,sheet1:R10,,,
2d4525bd29e51052-sheet1-R11,2026-01-23,busan-city,시도의회 > 의회사무처 > 홍보담당관,삼일디자인,기자실 및 브리핑룸 방문객 홍보를 위한 물품구입(홍보. 01/22),200000,2d4525bd29e5105220df4a1eeb985c39c515f68dd4be8db22591e0ce23f79351,sheet1:R11,,,
2d4525bd29e51052-sheet1-R12,2026-01-28,busan-city,시도의회 > 의회사무처 > 홍보담당관,수제국수(부산시청점),의정활동 홍보를 위한 언론간담회 개최(홍보. 01/27),300000,2d4525bd29e5105220df4a1eeb985c39c515f68dd4be8db22591e0ce23f79351,sheet1:R12,,,
2d4525bd29e51052-sheet1-R13,2026-01-29,busan-city,시도의회 > 의회사무처 > 홍보담당관,"카페로프트,로프트외 1",의정활동 홍보를 위한 언론간담회 개최(홍보. 01/29),349200,2d4525bd29e5105220df4a1eeb985c39c515f68dd4be8db22591e0ce23f79351,sheet1:R13,,,
2d4525bd29e51052-sheet1-R14,2026-02-05,busan-city,시도의회 > 의회사무처 > 홍보담당관,삼진식품(주),2026년 설맞이 언론관계자 격려계획 보고(홍보. 02/03),400000,2d4525bd29e5105220df4a1eeb985c39c515f68dd4be8db22591e0ce23f79351,sheet1:R14,,,
2d4525bd29e51052-sheet1-R15,2026-02-05,busan-city,시도의회 > 의회사무처 > 홍보담당관,만수산돼지국밥II,의정활동 홍보를 위한 언론간담회 개최(홍보. 02/03),359000,2d4525bd29e5105220df4a1eeb985c39c515f68dd4be8db22591e0ce23f79351,sheet1:R15,,,
2d4525bd29e51052-sheet1-R16,2026-02-09,busan-city,시도의회 > 의회사무처 > 홍보담당관,진송추어탕시청점,의정활동 홍보를 위한 언론간담회 개최(홍보. 02/06),330000,2d4525bd29e5105220df4a1eeb985c39c515f68dd4be8db22591e0ce23f79351,sheet1:R16,,,
2d4525bd29e51052-sheet1-R17,2026-02-11,busan-city,시도의회 > 의회사무처 > 홍보담당관,블루샥 부산시청점외 2,의정활동 홍보를 위한 업무 협의 간담회 개최(홍보),228100,2d4525bd29e5105220df4a1eeb985c39c515f68dd4be8db22591e0ce23f79351,sheet1:R17,,,
2d4525bd29e51052-sheet1-R18,2026-02-11,busan-city,시도의회 > 의회사무처 > 홍보담당관,원조메기탕,의정활동 홍보를 위한 언론간담회 개최(홍보. 02/11),358000,2d4525bd29e5105220df4a1eeb985c39c515f68dd4be8db22591e0ce23f79351,sheet1:R18,,,
2d4525bd29e51052-sheet1-R19,2026-03-05,busan-city,시도의회 > 의회사무처 > 홍보담당관,다드림마트,기자실 및 브리핑룸 방문객 홍보를 위한 물품구입(홍보),446000,2d4525bd29e5105220df4a1eeb985c39c515f68dd4be8db22591e0ce23f79351,sheet1:R19,,,
2d4525bd29e51052-sheet1-R20,2026-03-05,busan-city,시도의회 > 의회사무처 > 홍보담당관,풍미,의정활동 홍보를 위한 언론간담회 개최(홍보. 3/4),251000,2d4525bd29e5105220df4a1eeb985c39c515f68dd4be8db22591e0ce23f79351,sheet1:R20,,,
2d4525bd29e51052-sheet1-R21,2026-03-10,busan-city,시도의회 > 의회사무처 > 홍보담당관,초량화성갈비,의정활동 홍보를 위한 언론간담회 개최(홍보. 03/09),140000,2d4525bd29e5105220df4a1eeb985c39c515f68dd4be8db22591e0ce23f79351,sheet1:R21,,,
2d4525bd29e51052-sheet1-R22,2026-03-16,busan-city,시도의회 > 의회사무처 > 홍보담당관,블루샥 부산시청점외 1,의정활동 홍보를 위한 업무협의 간담회 개최(홍보),307000,2d4525bd29e5105220df4a1eeb985c39c515f68dd4be8db22591e0ce23f79351,sheet1:R22,,,
2d4525bd29e51052-sheet1-R23,2026-03-17,busan-city,시도의회 > 의회사무처 > 홍보담당관,외식일번가 연제점,의정활동 홍보를 위한 언론간담회 개최(홍보. 03/17),325000,2d4525bd29e5105220df4a1eeb985c39c515f68dd4be8db22591e0ce23f79351,sheet1:R23,,,
2d4525bd29e51052-sheet1-R24,2026-03-24,busan-city,시도의회 > 의회사무처 > 홍보담당관,제일옥곰탕,의정활동 홍보를 위한 언론간담회 개최(홍보. 03/24),390000,2d4525bd29e5105220df4a1eeb985c39c515f68dd4be8db22591e0ce23f79351,sheet1:R24,,,
2d4525bd29e51052-sheet1-R25,2026-03-30,busan-city,시도의회 > 의회사무처 > 홍보담당관,하나돈까스 부산시청점,의정활동 홍보를 위한 언론간담회 개최(홍보. 03/27),419000,2d4525bd29e5105220df4a1eeb985c39c515f68dd4be8db22591e0ce23f79351,sheet1:R25,,,
26a917d0fd8a1878-sheet1-R4,2026-02-10,busan-city,소방재난본부 > 119종합상황실,유정생아구찜,시책사업 및 체계적 상황관리 우수사례 홍보를 위한 간담회,280000,26a917d0fd8a1878e4fa2e53c5688c514db56243d11e91a7ac801d25d66ab2db,sheet1:R4,,,
15b7238ad7c8c019-sheet1-R4,2026-01-19,busan-city,기획조정실 > 재정관 > 세정정책담당관,은화횟집 2호점,구·군 부서장 회의 관련 직원 노고 간담회,493000,15b7238ad7c8c019e84005b6cbccb2ee67fa91b289bd9c238e53c7d3af71c9f7,sheet1:R4,,,
15b7238ad7c8c019-sheet1-R5,2026-01-19,busan-city,기획조정실 > 재정관 > 세정정책담당관,은화횟집 2호점,구·군 부서장 회의 관련 간담회,480000,15b7238ad7c8c019e84005b6cbccb2ee67fa91b289bd9c238e53c7d3af71c9f7,sheet1:R5,,,
15b7238ad7c8c019-sheet1-R6,2026-01-19,busan-city,기획조정실 > 재정관 > 세정정책담당관,메이리,납세자의 날 행사 업무 관계자 간담회,480000,15b7238ad7c8c019e84005b6cbccb2ee67fa91b289bd9c238e53c7d3af71c9f7,sheet1:R6,,,
15b7238ad7c8c019-sheet1-R7,2026-01-21,busan-city,기획조정실 > 재정관 > 세정정책담당관,주식회사 백석,세원확충을 위한 간담회 개최(2026.01.21.),285000,15b7238ad7c8c019e84005b6cbccb2ee67fa91b289bd9c238e53c7d3af71c9f7,sheet1:R7,,,
15b7238ad7c8c019-sheet1-R8,2026-01-21,busan-city,기획조정실 > 재정관 > 세정정책담당관,뚜레쥬르 역삼역점,세원확충을 위한 간담회 개최(2026.01.21.),72450,15b7238ad7c8c019e84005b6cbccb2ee67fa91b289bd9c238e53c7d3af71c9f7,sheet1:R8,,,
15b7238ad7c8c019-sheet1-R9,2026-01-21,busan-city,기획조정실 > 재정관 > 세정정책담당관,을지점빵,세원확충을 위한 간담회 개최(2026.01.21.),40000,15b7238ad7c8c019e84005b6cbccb2ee67fa91b289bd9c238e53c7d3af71c9f7,sheet1:R9,,,
15b7238ad7c8c019-sheet1-R10,2026-01-21,busan-city,기획조정실 > 재정관 > 세정정책담당관,주식회사 스페이스닷,세원확충을 위한 간담회 개최(2026.01.21.),45500,15b7238ad7c8c019e84005b6cbccb2ee67fa91b289bd9c238e53c7d3af71c9f7,sheet1:R10,,,
15b7238ad7c8c019-sheet1-R11,2026-01-22,busan-city,기획조정실 > 재정관 > 세정정책담당관,보야타,세원확충을 위한 간담회 개최(2026.01.22.),78000,15b7238ad7c8c019e84005b6cbccb2ee67fa91b289bd9c238e53c7d3af71c9f7,sheet1:R11,,,
15b7238ad7c8c019-sheet1-R12,2026-01-21,busan-city,기획조정실 > 재정관 > 세정정책담당관,초록섬미역,효율적인 온라인수납업무 추진을 위한 간담회 개최,240000,15b7238ad7c8c019e84005b6cbccb2ee67fa91b289bd9c238e53c7d3af71c9f7,sheet1:R12,,,
15b7238ad7c8c019-sheet1-R13,2026-01-27,busan-city,기획조정실 > 재정관 > 세정정책담당관,르벵룰즈,등록대행사 업무 간담회 개최 계획,175000,15b7238ad7c8c019e84005b6cbccb2ee67fa91b289bd9c238e53c7d3af71c9f7,sheet1:R13,,,
15b7238ad7c8c019-sheet1-R14,2026-02-03,busan-city,기획조정실 > 재정관 > 세정정책담당관,영등포꽃삼,세원확충을 위한 간담회 개최(2026.02.03.),305000,15b7238ad7c8c019e84005b6cbccb2ee67fa91b289bd9c238e53c7d3af71c9f7,sheet1:R14,,,
15b7238ad7c8c019-sheet1-R15,2026-02-03,busan-city,기획조정실 > 재정관 > 세정정책담당관,나폴레옹베이커리 여의도 아이에프씨몰점,세원확충을 위한 간담회 개최(2026.02.03.),72500,15b7238ad7c8c019e84005b6cbccb2ee67fa91b289bd9c238e53c7d3af71c9f7,sheet1:R15,,,
15b7238ad7c8c019-sheet1-R16,2026-02-03,busan-city,기획조정실 > 재정관 > 세정정책담당관,파리바게뜨 강남구청카페점,세원확충을 위한 간담회 개최(2026.02.03.),90000,15b7238ad7c8c019e84005b6cbccb2ee67fa91b289bd9c238e53c7d3af71c9f7,sheet1:R16,,,
15b7238ad7c8c019-sheet1-R17,2026-02-09,busan-city,기획조정실 > 재정관 > 세정정책담당관,명지 일삼육고기집,세원확충을 위한 간담회 개최(2026.02.09.),119000,15b7238ad7c8c019e84005b6cbccb2ee67fa91b289bd9c238e53c7d3af71c9f7,sheet1:R17,,,
15b7238ad7c8c019-sheet1-R18,2026-02-12,busan-city,기획조정실 > 재정관 > 세정정책담당관,돈풍각,세원확충을 위한 간담회 개최(2026.02.12.),426000,15b7238ad7c8c019e84005b6cbccb2ee67fa91b289bd9c238e53c7d3af71c9f7,sheet1:R18,,,
15b7238ad7c8c019-sheet1-R19,2026-02-25,busan-city,기획조정실 > 재정관 > 세정정책담당관,수라상,원활한 금고업무 추진을 위한 간담회 개최,371000,15b7238ad7c8c019e84005b6cbccb2ee67fa91b289bd9c238e53c7d3af71c9f7,sheet1:R19,,,
15b7238ad7c8c019-sheet1-R20,2026-03-03,busan-city,기획조정실 > 재정관 > 세정정책담당관,부자회관 부산시청점,제60회 납세자의 날 기념행사 추진 직원 격려 간담회 개최,486000,15b7238ad7c8c019e84005b6cbccb2ee67fa91b289bd9c238e53c7d3af71c9f7,sheet1:R20,,,
15b7238ad7c8c019-sheet1-R21,2026-03-04,busan-city,기획조정실 > 재정관 > 세정정책담당관,파리바게뜨 교대역KT점,세원확충을 위한 간담회 개최(2026.03.04),51700,15b7238ad7c8c019e84005b6cbccb2ee67fa91b289bd9c238e53c7d3af71c9f7,sheet1:R21,,,
15b7238ad7c8c019-sheet1-R22,2026-03-04,busan-city,기획조정실 > 재정관 > 세정정책담당관,코코호도명동성당점,세원확충을 위한 간담회 개최(2026.03.04),46000,15b7238ad7c8c019e84005b6cbccb2ee67fa91b289bd9c238e53c7d3af71c9f7,sheet1:R22,,,
15b7238ad7c8c019-sheet1-R23,2026-03-04,busan-city,기획조정실 > 재정관 > 세정정책담당관,삼산회관 문정테라타워점,세원확충을 위한 간담회 개최(2026.03.04.),182000,15b7238ad7c8c019e84005b6cbccb2ee67fa91b289bd9c238e53c7d3af71c9f7,sheet1:R23,,,
15b7238ad7c8c019-sheet1-R24,2026-03-05,busan-city,기획조정실 > 재정관 > 세정정책담당관,남도애찬,세원확충을 위한 간담회 개최(2026.03.05.),210000,15b7238ad7c8c019e84005b6cbccb2ee67fa91b289bd9c238e53c7d3af71c9f7,sheet1:R24,,,
15b7238ad7c8c019-sheet1-R25,2026-03-12,busan-city,기획조정실 > 재정관 > 세정정책담당관,파리바게뜨 강남구청카페점,세원확충을 위한 간담회 개최(2026.03.12.),71100,15b7238ad7c8c019e84005b6cbccb2ee67fa91b289bd9c238e53c7d3af71c9f7,sheet1:R25,,,
15b7238ad7c8c019-sheet1-R26,2026-03-12,busan-city,기획조정실 > 재정관 > 세정정책담당관,파리바게뜨 역삼포스틸,세원확충을 위한 간담회 개최(2026.03.12.),27600,15b7238ad7c8c019e84005b6cbccb2ee67fa91b289bd9c238e53c7d3af71c9f7,sheet1:R26,,,
15b7238ad7c8c019-sheet1-R27,2026-03-24,busan-city,기획조정실 > 재정관 > 세정정책담당관,엔피에스카페테리아삼십육점오,세원확충을 위한 간담회 개최(2026.03.24.),11500,15b7238ad7c8c019e84005b6cbccb2ee67fa91b289bd9c238e53c7d3af71c9f7,sheet1:R27,,,
15b7238ad7c8c019-sheet1-R28,2026-03-24,busan-city,기획조정실 > 재정관 > 세정정책담당관,이비가짬뽕 시청점,세원확충을 위한 간담회 개최(2026.03.24.),55000,15b7238ad7c8c019e84005b6cbccb2ee67fa91b289bd9c238e53c7d3af71c9f7,sheet1:R28,,,
15b7238ad7c8c019-sheet1-R29,2026-03-24,busan-city,기획조정실 > 재정관 > 세정정책담당관,이비가짬뽕 시청점,세원확충을 위한 간담회 개최(2026.03.24.),37000,15b7238ad7c8c019e84005b6cbccb2ee67fa91b289bd9c238e53c7d3af71c9f7,sheet1:R29,,,
dd607d67313d20ec-sheet1-R4,2026-01-08,busan-city,강서소방서 > 소방행정과,진해횟집,겨울철 지역안전협의회 업무관계자 간담회,335000,dd607d67313d20ec708fba10c5dc25ad173436071111aa008d7af5dd3bffe59e,sheet1:R4,,,
dd607d67313d20ec-sheet1-R5,2026-03-13,busan-city,강서소방서 > 소방행정과,장룡수산,유관기관 간담회(시니어119서포터즈 관계자),300000,dd607d67313d20ec708fba10c5dc25ad173436071111aa008d7af5dd3bffe59e,sheet1:R5,,,
dd607d67313d20ec-sheet1-R6,2026-01-01,busan-city,강서소방서 > 소방행정과,개인(성명 비공개),직원 모친 별세,50000,dd607d67313d20ec708fba10c5dc25ad173436071111aa008d7af5dd3bffe59e,sheet1:R6,,,
dd607d67313d20ec-sheet1-R7,2026-01-14,busan-city,강서소방서 > 소방행정과,개인(성명 비공개),직원 장인 별세,50000,dd607d67313d20ec708fba10c5dc25ad173436071111aa008d7af5dd3bffe59e,sheet1:R7,,,
dd607d67313d20ec-sheet1-R8,2026-01-16,busan-city,강서소방서 > 소방행정과,개인(성명 비공개),직원 장인 별세,50000,dd607d67313d20ec708fba10c5dc25ad173436071111aa008d7af5dd3bffe59e,sheet1:R8,,,
dd607d67313d20ec-sheet1-R9,2026-01-23,busan-city,강서소방서 > 소방행정과,삼바리명지점,직원 인사이동에 따른 격려 간담회,200000,dd607d67313d20ec708fba10c5dc25ad173436071111aa008d7af5dd3bffe59e,sheet1:R9,,,
dd607d67313d20ec-sheet1-R10,2026-02-07,busan-city,강서소방서 > 소방행정과,개인(성명 비공개),직원 결혼 축의금,50000,dd607d67313d20ec708fba10c5dc25ad173436071111aa008d7af5dd3bffe59e,sheet1:R10,,,
dd607d67313d20ec-sheet1-R11,2026-02-07,busan-city,강서소방서 > 소방행정과,개인(성명 비공개),직원 자녀 결혼 축의금,50000,dd607d67313d20ec708fba10c5dc25ad173436071111aa008d7af5dd3bffe59e,sheet1:R11,,,
dd607d67313d20ec-sheet1-R12,2026-02-07,busan-city,강서소방서 > 소방행정과,개인(성명 비공개),직원 부친 별세,50000,dd607d67313d20ec708fba10c5dc25ad173436071111aa008d7af5dd3bffe59e,sheet1:R12,,,
dd607d67313d20ec-sheet1-R14,2026-02-08,busan-city,강서소방서 > 소방행정과,사무실,2026년 따뜻한 설명절 보내기 관련 위로금,100000,dd607d67313d20ec708fba10c5dc25ad173436071111aa008d7af5dd3bffe59e,sheet1:R14,,,
dd607d67313d20ec-sheet1-R15,2026-03-10,busan-city,강서소방서 > 소방행정과,명지첫집,2026년 찾아가는 상담실 관서장 간담회,105000,dd607d67313d20ec708fba10c5dc25ad173436071111aa008d7af5dd3bffe59e,sheet1:R15,,,
dd607d67313d20ec-sheet1-R16,2026-03-11,busan-city,강서소방서 > 소방행정과,개인(성명 비공개),직원 본인 사망에 따른 조의금,50000,dd607d67313d20ec708fba10c5dc25ad173436071111aa008d7af5dd3bffe59e,sheet1:R16,,,
dd607d67313d20ec-sheet1-R17,2026-03-13,busan-city,강서소방서 > 소방행정과,버드나무집,소속직원 별세에 따른 관련 업무처리 논의 간담회,96000,dd607d67313d20ec708fba10c5dc25ad173436071111aa008d7af5dd3bffe59e,sheet1:R17,,,
dd607d67313d20ec-sheet1-R18,2026-03-19,busan-city,강서소방서 > 소방행정과,가야정,강서소방서 의용소방대의 날 기념행사 관련 간담회,190000,dd607d67313d20ec708fba10c5dc25ad173436071111aa008d7af5dd3bffe59e,sheet1:R18,,,
038f62129b1a2598-sheet1-R4,2026-01-21,busan-city,교통혁신국 > 택시운수과,나성족발2호점,여객법 위반행위 단속 및 교육 프로그램 간담회 개최,380000,038f62129b1a25981b181e6fa0970ff642900f6455f9100e46f7a8d2ffad6479,sheet1:R4,,,
038f62129b1a2598-sheet1-R5,2026-01-23,busan-city,교통혁신국 > 택시운수과,풍미,특별교통수단 운영 관계자 간담회 개최,180000,038f62129b1a25981b181e6fa0970ff642900f6455f9100e46f7a8d2ffad6479,sheet1:R5,,,
038f62129b1a2598-sheet1-R6,2026-02-04,busan-city,교통혁신국 > 택시운수과,남해회관,자동차 관리팀 '26년도 자동차 지도 점검관련 간담회 개최,400000,038f62129b1a25981b181e6fa0970ff642900f6455f9100e46f7a8d2ffad6479,sheet1:R6,,,
038f62129b1a2598-sheet1-R7,2026-02-13,busan-city,교통혁신국 > 택시운수과,석정,직원 격려 간담회 개최,459000,038f62129b1a25981b181e6fa0970ff642900f6455f9100e46f7a8d2ffad6479,sheet1:R7,,,
038f62129b1a2598-sheet1-R8,2026-03-04,busan-city,교통혁신국 > 택시운수과,롯데리아부산서면일번가점,시정 현안 추진 관련 다과 구입,110400,038f62129b1a25981b181e6fa0970ff642900f6455f9100e46f7a8d2ffad6479,sheet1:R8,,,
038f62129b1a2598-sheet1-R9,2026-03-04,busan-city,교통혁신국 > 택시운수과,웰빙선생오리,두리발 관련 업무 간담회 개최,260000,038f62129b1a25981b181e6fa0970ff642900f6455f9100e46f7a8d2ffad6479,sheet1:R9,,,
5eaa50ed2d549246-sheet1-R5,2026-01-08,busan-city,시민건강국 > 보건위생과,공무원매점,약물중독 순차진료체계 참여기관 설명회 개최용 다과 구입,108000,5eaa50ed2d549246eae87ecb02d2e90231dbcf60e750bbfbafcc2f033560fa17,sheet1:R5,,,
5eaa50ed2d549246-sheet1-R6,2026-01-13,busan-city,시민건강국 > 보건위생과,카페가온비,식품 외식환경 업무추진 간담회,100000,5eaa50ed2d549246eae87ecb02d2e90231dbcf60e750bbfbafcc2f033560fa17,sheet1:R6,,,
5eaa50ed2d549246-sheet1-R7,2026-01-13,busan-city,시민건강국 > 보건위생과,후스,"식품,공공 안전관리 업무추진 간담회",300000,5eaa50ed2d549246eae87ecb02d2e90231dbcf60e750bbfbafcc2f033560fa17,sheet1:R7,,,
5eaa50ed2d549246-sheet1-R8,2026-01-14,busan-city,시민건강국 > 보건위생과,후스,의약품 관리 업무추진 간담회,200000,5eaa50ed2d549246eae87ecb02d2e90231dbcf60e750bbfbafcc2f033560fa17,sheet1:R8,,,
5eaa50ed2d549246-sheet1-R9,2026-01-14,busan-city,시민건강국 > 보건위생과,공무원매점,응급의료 현안 업무추진을 위한 간담회,90000,5eaa50ed2d549246eae87ecb02d2e90231dbcf60e750bbfbafcc2f033560fa17,sheet1:R9,,,
5eaa50ed2d549246-sheet1-R10,2026-01-28,busan-city,시민건강국 > 보건위생과,수제국수 부산시청점,인사발령에 따른 직원 간담회,760000,5eaa50ed2d549246eae87ecb02d2e90231dbcf60e750bbfbafcc2f033560fa17,sheet1:R10,,,
5eaa50ed2d549246-sheet1-R11,2026-02-03,busan-city,시민건강국 > 보건위생과,쿠팡㈜,2026년 훈훈한 설 명절 보내기 추진,294850,5eaa50ed2d549246eae87ecb02d2e90231dbcf60e750bbfbafcc2f033560fa17,sheet1:R11,,,
5eaa50ed2d549246-sheet1-R12,2026-02-09,busan-city,시민건강국 > 보건위생과,함양가,설 연휴 비상근무 및 파견 근무 등 현안업무 추진 직원 격려 간담회,400000,5eaa50ed2d549246eae87ecb02d2e90231dbcf60e750bbfbafcc2f033560fa17,sheet1:R12,,,
5eaa50ed2d549246-sheet1-R13,2026-02-12,busan-city,시민건강국 > 보건위생과,㈜고래사 해운대점,설 명절 응급의료 현장 근무자 사기진작을 위한 다과류 구입,100000,5eaa50ed2d549246eae87ecb02d2e90231dbcf60e750bbfbafcc2f033560fa17,sheet1:R13,,,
5eaa50ed2d549246-sheet1-R14,2026-03-09,busan-city,시민건강국 > 보건위생과,부자회관 부산시청점,2026년 공공병원 필수의료 강화를 위한 업무협업 간담회,200000,5eaa50ed2d549246eae87ecb02d2e90231dbcf60e750bbfbafcc2f033560fa17,sheet1:R14,,,
5eaa50ed2d549246-sheet1-R15,2026-03-09,busan-city,시민건강국 > 보건위생과,카페가온비,부산형 지역외상거점병원 선정평가회 개최 관련 다과 구입(커피),30000,5eaa50ed2d549246eae87ecb02d2e90231dbcf60e750bbfbafcc2f033560fa17,sheet1:R15,,,
5eaa50ed2d549246-sheet1-R16,2026-03-09,busan-city,시민건강국 > 보건위생과,공무원매점,부산형 지역외상거점병원 선정평가회 개최 관련 다과 구입(과일),40000,5eaa50ed2d549246eae87ecb02d2e90231dbcf60e750bbfbafcc2f033560fa17,sheet1:R16,,,
5eaa50ed2d549246-sheet1-R17,2026-03-10,busan-city,시민건강국 > 보건위생과,카페가온비,"식품, 공중위생 현안 업무 추진 간담회",400000,5eaa50ed2d549246eae87ecb02d2e90231dbcf60e750bbfbafcc2f033560fa17,sheet1:R17,,,
9b9b0ff7243e188d-sheet1-R5,2026-01-02,busan-city,해양농수산국 > 해양수도정책과,함양가,해양농수산국 현안업무 추진을 위한 간담회 개최,300000,9b9b0ff7243e188d5a6dc4c038ca1dc79a32d28573683c8bff0bfa338b71db29,sheet1:R5,,,
9b9b0ff7243e188d-sheet1-R6,2026-01-06,busan-city,해양농수산국 > 해양수도정책과,낚시고기횟집,해양농수산국 현안업무 추진을 위한 간담회 개최,194000,9b9b0ff7243e188d5a6dc4c038ca1dc79a32d28573683c8bff0bfa338b71db29,sheet1:R6,,,
9b9b0ff7243e188d-sheet1-R7,2026-01-16,busan-city,해양농수산국 > 해양수도정책과,달봉이횟집,해양농수산국 주요시설 업무 관계자 간담회 개최,220000,9b9b0ff7243e188d5a6dc4c038ca1dc79a32d28573683c8bff0bfa338b71db29,sheet1:R7,,,
9b9b0ff7243e188d-sheet1-R8,2026-01-20,busan-city,해양농수산국 > 해양수도정책과,어심횟집,해양농수산국 현안업무 추진을 위한 간담회 개최,480000,9b9b0ff7243e188d5a6dc4c038ca1dc79a32d28573683c8bff0bfa338b71db29,sheet1:R8,,,
9b9b0ff7243e188d-sheet1-R9,2026-01-21,busan-city,해양농수산국 > 해양수도정책과,취원3,해양정책 협력체계 구축을 위한 간담회 개최,480000,9b9b0ff7243e188d5a6dc4c038ca1dc79a32d28573683c8bff0bfa338b71db29,sheet1:R9,,,
9b9b0ff7243e188d-sheet1-R10,2026-01-22,busan-city,해양농수산국 > 해양수도정책과,주식회사 정원오리,해양정책 업무 추진 간담회 개최,300000,9b9b0ff7243e188d5a6dc4c038ca1dc79a32d28573683c8bff0bfa338b71db29,sheet1:R10,,,
9b9b0ff7243e188d-sheet1-R11,2026-01-22,busan-city,해양농수산국 > 해양수도정책과,부자회관,해양신산업 선도분야 발굴 업무 추진을 위한 간담회 개최,494000,9b9b0ff7243e188d5a6dc4c038ca1dc79a32d28573683c8bff0bfa338b71db29,sheet1:R11,,,
9b9b0ff7243e188d-sheet1-R12,2026-01-27,busan-city,해양농수산국 > 해양수도정책과,홍진숙 낙지세상,해양농수산국 현안업무 추진을 위한 간담회 개최,300000,9b9b0ff7243e188d5a6dc4c038ca1dc79a32d28573683c8bff0bfa338b71db29,sheet1:R12,,,
9b9b0ff7243e188d-sheet1-R13,2026-01-28,busan-city,해양농수산국 > 해양수도정책과,-,직원 경조사비 지급,50000,9b9b0ff7243e188d5a6dc4c038ca1dc79a32d28573683c8bff0bfa338b71db29,sheet1:R13,,,
9b9b0ff7243e188d-sheet1-R14,2026-01-29,busan-city,해양농수산국 > 해양수도정책과,부자회관,해양정책 업무추진 관계자 간담회 개최,90000,9b9b0ff7243e188d5a6dc4c038ca1dc79a32d28573683c8bff0bfa338b71db29,sheet1:R14,,,
9b9b0ff7243e188d-sheet1-R15,2026-01-30,busan-city,해양농수산국 > 해양수도정책과,어심횟집,해양농수산국 현안업무 추진을 위한 간담회 개최,480000,9b9b0ff7243e188d5a6dc4c038ca1dc79a32d28573683c8bff0bfa338b71db29,sheet1:R15,,,
9b9b0ff7243e188d-sheet1-R16,2026-02-04,busan-city,해양농수산국 > 해양수도정책과,풍미,해양정책 협력체계 구축을 위한 간담회 개최,162000,9b9b0ff7243e188d5a6dc4c038ca1dc79a32d28573683c8bff0bfa338b71db29,sheet1:R16,,,
9b9b0ff7243e188d-sheet1-R17,2026-02-05,busan-city,해양농수산국 > 해양수도정책과,제일옥곰탕,해양농수산국 현안업무 추진을 위한 간담회 개최,480000,9b9b0ff7243e188d5a6dc4c038ca1dc79a32d28573683c8bff0bfa338b71db29,sheet1:R17,,,
9b9b0ff7243e188d-sheet1-R18,2026-02-05,busan-city,해양농수산국 > 해양수도정책과,-,2026년 따뜻한 설 명절 보내기 추진,485400,9b9b0ff7243e188d5a6dc4c038ca1dc79a32d28573683c8bff0bfa338b71db29,sheet1:R18,,,
9b9b0ff7243e188d-sheet1-R19,2026-02-06,busan-city,해양농수산국 > 해양수도정책과,-,직원 경조사비 지급,50000,9b9b0ff7243e188d5a6dc4c038ca1dc79a32d28573683c8bff0bfa338b71db29,sheet1:R19,,,
9b9b0ff7243e188d-sheet1-R20,2026-02-11,busan-city,해양농수산국 > 해양수도정책과,수제국수,해양과학기술 산학연 협력센터 관계자 간담회 개최,188500,9b9b0ff7243e188d5a6dc4c038ca1dc79a32d28573683c8bff0bfa338b71db29,sheet1:R20,,,
9b9b0ff7243e188d-sheet1-R21,2026-02-24,busan-city,해양농수산국 > 해양수도정책과,주차장산꼼장어3호점,해양농수산국 현안업무 추진을 위한 간담회 개최,336000,9b9b0ff7243e188d5a6dc4c038ca1dc79a32d28573683c8bff0bfa338b71db29,sheet1:R21,,,
9b9b0ff7243e188d-sheet1-R22,2026-02-25,busan-city,해양농수산국 > 해양수도정책과,초원복국,해양수도권 육성 관련 간담회 개최,54000,9b9b0ff7243e188d5a6dc4c038ca1dc79a32d28573683c8bff0bfa338b71db29,sheet1:R22,,,
9b9b0ff7243e188d-sheet1-R23,2026-02-27,busan-city,해양농수산국 > 해양수도정책과,-,직원 경조사비 지급,50000,9b9b0ff7243e188d5a6dc4c038ca1dc79a32d28573683c8bff0bfa338b71db29,sheet1:R23,,,
9b9b0ff7243e188d-sheet1-R24,2026-03-04,busan-city,해양농수산국 > 해양수도정책과,올리바,해양정책 관련 업무추진 간담회 개최,174000,9b9b0ff7243e188d5a6dc4c038ca1dc79a32d28573683c8bff0bfa338b71db29,sheet1:R24,,,
9b9b0ff7243e188d-sheet1-R25,2026-03-17,busan-city,해양농수산국 > 해양수도정책과,주식회사 탐복,해양농수산국 현안업무 추진을 위한 간담회 개최,360000,9b9b0ff7243e188d5a6dc4c038ca1dc79a32d28573683c8bff0bfa338b71db29,sheet1:R25,,,
9b9b0ff7243e188d-sheet1-R26,2026-03-20,busan-city,해양농수산국 > 해양수도정책과,주식회사 파이프그라운드광화문,해양항만AX 구축사업 추진을 위한 업무협의 개최,142000,9b9b0ff7243e188d5a6dc4c038ca1dc79a32d28573683c8bff0bfa338b71db29,sheet1:R26,,,
9b9b0ff7243e188d-sheet1-R27,2026-03-26,busan-city,해양농수산국 > 해양수도정책과,부용당,해양농수산국 현안업무 추진을 위한 오찬간담회 개최,136000,9b9b0ff7243e188d5a6dc4c038ca1dc79a32d28573683c8bff0bfa338b71db29,sheet1:R27,,,
9b9b0ff7243e188d-sheet1-R28,2026-03-27,busan-city,해양농수산국 > 해양수도정책과,정초밥 외 1,해양환경정화선 건조사업 관계자 간담회 개최,220200,9b9b0ff7243e188d5a6dc4c038ca1dc79a32d28573683c8bff0bfa338b71db29,sheet1:R28,,,
d8f26d85e9ac9149-sheet1-R4,2026-01-15,busan-city,기획조정실 > 재정관 > 공공기관담당관,부용당,공공기관 현안업무 추진을 위한 간담회 개최,84000,d8f26d85e9ac9149bd6a2750543ad01a62c99a2436c43d955dc03d333320d75c,sheet1:R4,,,
d8f26d85e9ac9149-sheet1-R5,2026-02-09,busan-city,기획조정실 > 재정관 > 공공기관담당관,어심횟집,공사공단 노조위원장 오찬간담회 개최,120000,d8f26d85e9ac9149bd6a2750543ad01a62c99a2436c43d955dc03d333320d75c,sheet1:R5,,,
cff75e6dbe357d59-sheet1-R2,2026-02-24,busan-city,소방재난본부 > 재난예방담당관,영커피 연산LG점,2026년 화재안전조사단 운영 방향 검토,50000,cff75e6dbe357d597b783827a08a86998a17dc126e8389150a75a61d61820001,sheet1:R2,,,
cff75e6dbe357d59-sheet1-R3,2026-03-25,busan-city,소방재난본부 > 재난예방담당관,박해윤통영해물밥상(동래구),광역화재안전조사 결과 및 향후 추진방향 논의,300000,cff75e6dbe357d597b783827a08a86998a17dc126e8389150a75a61d61820001,sheet1:R3,,,
851b7221d5fbe57e-sheet1-R5,2026-01-09,busan-city,합의제행정기관 > 자치경찰위원회 > 사무국 > 자치경찰관리과,마파람 해물찜 해물탕 시청직영점,연말연시 특별방범 현장근무 격려를 위한 오찬 간담회 개최,300000,851b7221d5fbe57e7f9f7913b2f6d74c2a43ff1e9ecc0ff3bac11cadf7c0acd6,sheet1:R5,,,
851b7221d5fbe57e-sheet1-R6,2026-01-12,busan-city,합의제행정기관 > 자치경찰위원회 > 사무국 > 자치경찰관리과,쿠팡㈜,부서 운영 물품 등 구입,137240,851b7221d5fbe57e7f9f7913b2f6d74c2a43ff1e9ecc0ff3bac11cadf7c0acd6,sheet1:R6,,,
851b7221d5fbe57e-sheet1-R7,2026-01-15,busan-city,합의제행정기관 > 자치경찰위원회 > 사무국 > 자치경찰관리과,다리집,여청 현안 업무 관련 간담회 개최,67000,851b7221d5fbe57e7f9f7913b2f6d74c2a43ff1e9ecc0ff3bac11cadf7c0acd6,sheet1:R7,,,
851b7221d5fbe57e-sheet1-R8,2026-01-20,busan-city,합의제행정기관 > 자치경찰위원회 > 사무국 > 자치경찰관리과,수제국수(부산시청점),교통 현안 업무 관련 간담회 개최,300000,851b7221d5fbe57e7f9f7913b2f6d74c2a43ff1e9ecc0ff3bac11cadf7c0acd6,sheet1:R8,,,
851b7221d5fbe57e-sheet1-R9,2026-01-26,busan-city,합의제행정기관 > 자치경찰위원회 > 사무국 > 자치경찰관리과,공무원매점,2026년 아동안전지킴이 보조사업자 선정심의위원회 개최,38100,851b7221d5fbe57e7f9f7913b2f6d74c2a43ff1e9ecc0ff3bac11cadf7c0acd6,sheet1:R9,,,
851b7221d5fbe57e-sheet1-R10,2026-01-30,busan-city,합의제행정기관 > 자치경찰위원회 > 사무국 > 자치경찰관리과,북경,교통안전 주요 현안 논의를 위한 업무 간담회 개최,480000,851b7221d5fbe57e7f9f7913b2f6d74c2a43ff1e9ecc0ff3bac11cadf7c0acd6,sheet1:R10,,,
851b7221d5fbe57e-sheet1-R11,2026-01-30,busan-city,합의제행정기관 > 자치경찰위원회 > 사무국 > 자치경찰관리과,수제국수(부산시청점),제333회 임시회 상임위원회 대응 직원 격려 간담회 개최,450000,851b7221d5fbe57e7f9f7913b2f6d74c2a43ff1e9ecc0ff3bac11cadf7c0acd6,sheet1:R11,,,
851b7221d5fbe57e-sheet1-R12,2026-02-04,busan-city,합의제행정기관 > 자치경찰위원회 > 사무국 > 자치경찰관리과,풍미,여청 현안 업무 관련 간담회 개최,300000,851b7221d5fbe57e7f9f7913b2f6d74c2a43ff1e9ecc0ff3bac11cadf7c0acd6,sheet1:R12,,,
851b7221d5fbe57e-sheet1-R13,2026-02-05,busan-city,합의제행정기관 > 자치경찰위원회 > 사무국 > 자치경찰관리과,양정횟집,여청 현안 업무 관련 간담회 개최,300000,851b7221d5fbe57e7f9f7913b2f6d74c2a43ff1e9ecc0ff3bac11cadf7c0acd6,sheet1:R13,,,
851b7221d5fbe57e-sheet1-R14,2026-02-10,busan-city,합의제행정기관 > 자치경찰위원회 > 사무국 > 자치경찰관리과,마조레,2026년 상반기 정기인사에 따른 직원 격려 간담회 개최,350000,851b7221d5fbe57e7f9f7913b2f6d74c2a43ff1e9ecc0ff3bac11cadf7c0acd6,sheet1:R14,,,
851b7221d5fbe57e-sheet1-R15,2026-02-12,busan-city,합의제행정기관 > 자치경찰위원회 > 사무국 > 자치경찰관리과,양정횟집,교통시설 관련 현안 논의를 위한 업무 간담회 개최,360000,851b7221d5fbe57e7f9f7913b2f6d74c2a43ff1e9ecc0ff3bac11cadf7c0acd6,sheet1:R15,,,
851b7221d5fbe57e-sheet1-R16,2026-03-04,busan-city,합의제행정기관 > 자치경찰위원회 > 사무국 > 자치경찰관리과,풍미,교통안전 협력단체 간담회 개최,480000,851b7221d5fbe57e7f9f7913b2f6d74c2a43ff1e9ecc0ff3bac11cadf7c0acd6,sheet1:R16,,,
851b7221d5fbe57e-sheet1-R17,2026-03-16,busan-city,합의제행정기관 > 자치경찰위원회 > 사무국 > 자치경찰관리과,"진미양곱창, 꿈꾸는디저트",범죄예방 분야 현안업무 논의 등을 위한 간담회 개최,420000,851b7221d5fbe57e7f9f7913b2f6d74c2a43ff1e9ecc0ff3bac11cadf7c0acd6,sheet1:R17,,,
851b7221d5fbe57e-sheet1-R18,2026-03-20,busan-city,합의제행정기관 > 자치경찰위원회 > 사무국 > 자치경찰관리과,덕일생고기,자치경찰 교통분야 정책 활용 신기술 발굴 간담회 개최,179500,851b7221d5fbe57e7f9f7913b2f6d74c2a43ff1e9ecc0ff3bac11cadf7c0acd6,sheet1:R18,,,
851b7221d5fbe57e-sheet1-R19,2026-03-23,busan-city,합의제행정기관 > 자치경찰위원회 > 사무국 > 자치경찰관리과,쿠팡㈜,부서운영을 위한 다과 등 구입,243130,851b7221d5fbe57e7f9f7913b2f6d74c2a43ff1e9ecc0ff3bac11cadf7c0acd6,sheet1:R19,,,
851b7221d5fbe57e-sheet1-R20,2026-03-23,busan-city,합의제행정기관 > 자치경찰위원회 > 사무국 > 자치경찰관리과,산마루 해장국,여청 현안 업무 관련 간담회 개최,82000,851b7221d5fbe57e7f9f7913b2f6d74c2a43ff1e9ecc0ff3bac11cadf7c0acd6,sheet1:R20,,,
af6e55fb8b54b0d2-sheet1-R4,2026-02-05,busan-city,디지털경제실 > 첨단산업국 > 미래에너지산업과,삼진어묵(주) 부산역광장,당면 현안사업 관련 건의를 위한 부처 방문 기념품 구입,55000,af6e55fb8b54b0d20dfd45eedff000f592bd6ba52bc3d563e46398e5dc664e0c,sheet1:R4,,,
af6e55fb8b54b0d2-sheet1-R5,2026-02-05,busan-city,디지털경제실 > 첨단산업국 > 미래에너지산업과,박가부대 AK세종점,수소산업 육성 관련 기후부 관계자 간담회 개최,43500,af6e55fb8b54b0d20dfd45eedff000f592bd6ba52bc3d563e46398e5dc664e0c,sheet1:R5,,,
af6e55fb8b54b0d2-sheet1-R6,2026-02-09,busan-city,디지털경제실 > 첨단산업국 > 미래에너지산업과,메이리,에너지진단 및 시설개선 사업 간담회 개최,160000,af6e55fb8b54b0d20dfd45eedff000f592bd6ba52bc3d563e46398e5dc664e0c,sheet1:R6,,,
af6e55fb8b54b0d2-sheet1-R7,2026-02-09,busan-city,디지털경제실 > 첨단산업국 > 미래에너지산업과,해광참가자미,신재생에너지 보급사업 추진 간담회 개최,280000,af6e55fb8b54b0d20dfd45eedff000f592bd6ba52bc3d563e46398e5dc664e0c,sheet1:R7,,,
af6e55fb8b54b0d2-sheet1-R8,2026-02-09,busan-city,디지털경제실 > 첨단산업국 > 미래에너지산업과,해광참가자미,수소충전소 운영 활성화를 위한 간담회 개최,140000,af6e55fb8b54b0d20dfd45eedff000f592bd6ba52bc3d563e46398e5dc664e0c,sheet1:R8,,,
af6e55fb8b54b0d2-sheet1-R9,2026-02-10,busan-city,디지털경제실 > 첨단산업국 > 미래에너지산업과,후스,분산에너지 활성화 추진 간담회 개최,160000,af6e55fb8b54b0d20dfd45eedff000f592bd6ba52bc3d563e46398e5dc664e0c,sheet1:R9,,,
af6e55fb8b54b0d2-sheet1-R10,2026-02-11,busan-city,디지털경제실 > 첨단산업국 > 미래에너지산업과,해광참가자미,클린에너지 보급 추진을 위한 간담회 개최,140000,af6e55fb8b54b0d20dfd45eedff000f592bd6ba52bc3d563e46398e5dc664e0c,sheet1:R10,,,
af6e55fb8b54b0d2-sheet1-R11,2026-03-18,busan-city,디지털경제실 > 첨단산업국 > 미래에너지산업과,써니데이(SUNNYDAY)외 1,바이오가스 기반 청정수소 생산 사업 추진을 위한 간담회 개최,93800,af6e55fb8b54b0d20dfd45eedff000f592bd6ba52bc3d563e46398e5dc664e0c,sheet1:R11,,,
af6e55fb8b54b0d2-sheet1-R12,2026-02-03,busan-city,디지털경제실 > 첨단산업국 > 미래에너지산업과,오송시골고깃간,분산특구 이행 추진 간담회 개최,38000,af6e55fb8b54b0d20dfd45eedff000f592bd6ba52bc3d563e46398e5dc664e0c,sheet1:R12,,,
af6e55fb8b54b0d2-sheet1-R13,2026-02-09,busan-city,디지털경제실 > 첨단산업국 > 미래에너지산업과,히얼이즈커피 부산시청점,분산에너지 특화지역 관계자 간담회 개최,162000,af6e55fb8b54b0d20dfd45eedff000f592bd6ba52bc3d563e46398e5dc664e0c,sheet1:R13,,,
475862c0b6a98864-sheet1-R4,2026-01-08,busan-city,공항기획과,함양가,현안업무 추진 관련 간담회 개최(0108),140000,475862c0b6a988644e9eba8e1e15c35aba30ce9a47c183022c065f2fb7ec6358,sheet1:R4,,,
475862c0b6a98864-sheet1-R5,2026-01-08,busan-city,공항기획과,조리사의집,공항 홍보를 위한 유관기관과의 간담회 개최(0108),165000,475862c0b6a988644e9eba8e1e15c35aba30ce9a47c183022c065f2fb7ec6358,sheet1:R5,,,
475862c0b6a98864-sheet1-R6,2026-01-09,busan-city,공항기획과,초원식당,공항 홍보를 위한 유관기관과의 간담회 개최(0109),480000,475862c0b6a988644e9eba8e1e15c35aba30ce9a47c183022c065f2fb7ec6358,sheet1:R6,,,
475862c0b6a98864-sheet1-R7,2026-01-09,busan-city,공항기획과,"스톤라운지, 김해횟집",현안업무 추진 관련 간담회 개최(1/9),246500,475862c0b6a988644e9eba8e1e15c35aba30ce9a47c183022c065f2fb7ec6358,sheet1:R7,,,
475862c0b6a98864-sheet1-R8,2026-01-15,busan-city,공항기획과,완뚝 순두부(부산시청점),공항 활성화를 위한 시민단체와의 간담회 개최(0115),360000,475862c0b6a988644e9eba8e1e15c35aba30ce9a47c183022c065f2fb7ec6358,sheet1:R8,,,
475862c0b6a98864-sheet1-R9,2026-01-15,busan-city,공항기획과,후스,공항 홍보를 위한 유관기관과의 간담회 개최(0115),480000,475862c0b6a988644e9eba8e1e15c35aba30ce9a47c183022c065f2fb7ec6358,sheet1:R9,,,
475862c0b6a98864-sheet1-R10,2026-01-15,busan-city,공항기획과,"카페뱅크, (주)신화케이푸드",현안업무 추진 관련 간담회 개최(0115),85500,475862c0b6a988644e9eba8e1e15c35aba30ce9a47c183022c065f2fb7ec6358,sheet1:R10,,,
475862c0b6a98864-sheet1-R11,2026-01-20,busan-city,공항기획과,"브라가, 웰빙선생오리",현안업무 추진 관련 간담회 개최(0120),260500,475862c0b6a988644e9eba8e1e15c35aba30ce9a47c183022c065f2fb7ec6358,sheet1:R11,,,
475862c0b6a98864-sheet1-R12,2026-01-30,busan-city,공항기획과,"투썸플레이스부산시청점, 주식회사 정원오리",현안업무 추진 관련 간담회 개최,114000,475862c0b6a988644e9eba8e1e15c35aba30ce9a47c183022c065f2fb7ec6358,sheet1:R12,,,
475862c0b6a98864-sheet1-R13,2026-01-30,busan-city,공항기획과,베테랑,현안업무 추진 관련 간담회 개최(0130),177500,475862c0b6a988644e9eba8e1e15c35aba30ce9a47c183022c065f2fb7ec6358,sheet1:R13,,,
475862c0b6a98864-sheet1-R14,2026-02-04,busan-city,공항기획과,제일옥곰탕,현안업무 추진 관련 간담회 개최(0204),308000,475862c0b6a988644e9eba8e1e15c35aba30ce9a47c183022c065f2fb7ec6358,sheet1:R14,,,
475862c0b6a98864-sheet1-R15,2026-02-05,busan-city,공항기획과,텐퍼센트(TenPersent),회의 개최에 따른 다과 구입,38500,475862c0b6a988644e9eba8e1e15c35aba30ce9a47c183022c065f2fb7ec6358,sheet1:R15,,,
475862c0b6a98864-sheet1-R16,2026-02-06,busan-city,공항기획과,쿠팡,2026년 따뜻한 설 명절 보내기 추진 계획,186200,475862c0b6a988644e9eba8e1e15c35aba30ce9a47c183022c065f2fb7ec6358,sheet1:R16,,,
475862c0b6a98864-sheet1-R17,2026-02-13,busan-city,공항기획과,주식회사 양산도,현안업무 추진 관련 간담회 개최,111000,475862c0b6a988644e9eba8e1e15c35aba30ce9a47c183022c065f2fb7ec6358,sheet1:R17,,,
475862c0b6a98864-sheet1-R18,2026-02-20,busan-city,공항기획과,"스톤라운지, 김해횟집",신공항 현안업무 추진 관련 간담회 개최(0220),330000,475862c0b6a988644e9eba8e1e15c35aba30ce9a47c183022c065f2fb7ec6358,sheet1:R18,,,
475862c0b6a98864-sheet1-R19,2026-02-24,busan-city,공항기획과,미남스시,현안업무 추진 관련 간담회 개최(0224),130000,475862c0b6a988644e9eba8e1e15c35aba30ce9a47c183022c065f2fb7ec6358,sheet1:R19,,,
475862c0b6a98864-sheet1-R20,2026-02-26,busan-city,공항기획과,"브로(Bro), 종가집꼬리곰탕",현안업무 추진 관련 간담회 개최,114600,475862c0b6a988644e9eba8e1e15c35aba30ce9a47c183022c065f2fb7ec6358,sheet1:R20,,,
475862c0b6a98864-sheet1-R21,2026-03-06,busan-city,공항기획과,어가초밥,현안업무 추진 직원 격려 간담회 개최(0306),340000,475862c0b6a988644e9eba8e1e15c35aba30ce9a47c183022c065f2fb7ec6358,sheet1:R21,,,
475862c0b6a98864-sheet1-R22,2026-03-13,busan-city,공항기획과,"스톤라운지, 반야호횟집",현안업무 추진 관련 간담회 개최(0313),152800,475862c0b6a988644e9eba8e1e15c35aba30ce9a47c183022c065f2fb7ec6358,sheet1:R22,,,
475862c0b6a98864-sheet1-R23,2026-03-19,busan-city,공항기획과,주식회사 김덕규과자점 (강서지점),현안업무 추진 관련 간담회 개최(0319),48400,475862c0b6a988644e9eba8e1e15c35aba30ce9a47c183022c065f2fb7ec6358,sheet1:R23,,,
475862c0b6a98864-sheet1-R24,2026-03-26,busan-city,공항기획과,이어도,현안업무 추진 관련 간담회 개최(0326),5000,475862c0b6a988644e9eba8e1e15c35aba30ce9a47c183022c065f2fb7ec6358,sheet1:R24,,,
475862c0b6a98864-sheet1-R25,2026-03-27,busan-city,공항기획과,녹산횟집,현안업무 추진 직원 격려 간담회 개최(0327),173000,475862c0b6a988644e9eba8e1e15c35aba30ce9a47c183022c065f2fb7ec6358,sheet1:R25,,,
475862c0b6a98864-sheet1-R26,2026-03-30,busan-city,공항기획과,"골목횟집, 컴포즈커피 진해용원어시장점",현안업무 추진 관련 간담회 개최(0330),248500,475862c0b6a988644e9eba8e1e15c35aba30ce9a47c183022c065f2fb7ec6358,sheet1:R26,,,
eb8a79c5f245d39f-sheet1-R4,2026-01-14,busan-city,소방학교 > 교육지원과,위시본삼계탕,2026년 상반기 정기인사관련 소방학교 전출자에 대한 노고격려 및 업무개선 의견 청취,121000,eb8a79c5f245d39f40cf8714055a325b5c1cb978b8e31113b835a70b787ad5b9,sheet1:R4,,,
eb8a79c5f245d39f-sheet1-R5,2026-01-14,busan-city,소방학교 > 교육지원과,주식회사블랙업커피양산,2026년 상반기 정기인사관련 소방학교 전출자의 소방학교 업무개선에 대한 의견 청취,60200,eb8a79c5f245d39f40cf8714055a325b5c1cb978b8e31113b835a70b787ad5b9,sheet1:R5,,,
eb8a79c5f245d39f-sheet1-R6,2026-01-14,busan-city,소방학교 > 교육지원과,송담추어탕,2026년 부산소방 업무추진비 선결제 추진,368000,eb8a79c5f245d39f40cf8714055a325b5c1cb978b8e31113b835a70b787ad5b9,sheet1:R6,,,
eb8a79c5f245d39f-sheet1-R7,2026-01-16,busan-city,소방학교 > 교육지원과,삼시세끼,2026년 부산소방 업무추진비 선결제 추진,280000,eb8a79c5f245d39f40cf8714055a325b5c1cb978b8e31113b835a70b787ad5b9,sheet1:R7,,,
eb8a79c5f245d39f-sheet1-R8,2026-01-16,busan-city,소방학교 > 교육지원과,오케이(OK)도매횟집,2026년 부산소방 업무추진비 선결제 추진,300000,eb8a79c5f245d39f40cf8714055a325b5c1cb978b8e31113b835a70b787ad5b9,sheet1:R8,,,
eb8a79c5f245d39f-sheet1-R9,2026-01-16,busan-city,소방학교 > 교육지원과,김밥천국,2026년 부산소방 업무추진비 선결제 추진,400000,eb8a79c5f245d39f40cf8714055a325b5c1cb978b8e31113b835a70b787ad5b9,sheet1:R9,,,
eb8a79c5f245d39f-sheet1-R10,2026-01-23,busan-city,소방학교 > 교육지원과,하삼동커피 금곡점,소방학교 교수요원 노고격려 및 사기진작,50500,eb8a79c5f245d39f40cf8714055a325b5c1cb978b8e31113b835a70b787ad5b9,sheet1:R10,,,
eb8a79c5f245d39f-sheet1-R11,2026-01-23,busan-city,소방학교 > 교육지원과,숙희네왕만두(사하당리점),소방학교 교수요원 노고격려 및 사기진작,90000,eb8a79c5f245d39f40cf8714055a325b5c1cb978b8e31113b835a70b787ad5b9,sheet1:R11,,,
eb8a79c5f245d39f-sheet1-R12,2026-01-29,busan-city,소방학교 > 교육지원과,옥션,학교장실 내방객 응대를 위한 다과류 구입,22370,eb8a79c5f245d39f40cf8714055a325b5c1cb978b8e31113b835a70b787ad5b9,sheet1:R12,,,
eb8a79c5f245d39f-sheet1-R13,2026-02-27,busan-city,소방학교 > 교육지원과,어부심 해풍코다리 시청점,제43기 신규임용자과정 임용식 행사요원 지원에 따른 노고격려,130000,eb8a79c5f245d39f40cf8714055a325b5c1cb978b8e31113b835a70b787ad5b9,sheet1:R13,,,
eb8a79c5f245d39f-sheet1-R14,2026-02-27,busan-city,소방학교 > 교육지원과,주식회사 봉림 루시앙 부산시청점,제43기 신규임용자과정 임용식 행사요원 지원에 따른 노고격려,70200,eb8a79c5f245d39f40cf8714055a325b5c1cb978b8e31113b835a70b787ad5b9,sheet1:R14,,,
eb8a79c5f245d39f-sheet1-R15,2026-03-03,busan-city,소방학교 > 교육지원과,부산소방학교,부의금 지급,50000,eb8a79c5f245d39f40cf8714055a325b5c1cb978b8e31113b835a70b787ad5b9,sheet1:R15,,,
eb8a79c5f245d39f-sheet1-R16,2026-03-05,busan-city,소방학교 > 교육지원과,폴 바셋 부산 금곡강변점외 1,산불화재 대응전술 운영을 위한 전문가 의견 수렴 간담회,96500,eb8a79c5f245d39f40cf8714055a325b5c1cb978b8e31113b835a70b787ad5b9,sheet1:R16,,,
eb8a79c5f245d39f-sheet1-R17,2026-03-11,busan-city,소방학교 > 교육지원과,박해윤통영해물밥상,2026년 소방청사 긴급보수비 지원 협의,140000,eb8a79c5f245d39f40cf8714055a325b5c1cb978b8e31113b835a70b787ad5b9,sheet1:R17,,,
951e3183d189d13c-table1-R2,2026-06-08,busan-city,상수도사업본부 > 북부사업소,삽겹수퍼,직원격려간담회(요금부서_내근),261000,951e3183d189d13c7266db940ad83dfbe71c8e3545fa24d19666fcf3926c23ad,table1:R2,,,
951e3183d189d13c-table1-R3,2026-06-09,busan-city,상수도사업본부 > 북부사업소,삽겹수퍼,직원격려간담회(업무부서),116000,951e3183d189d13c7266db940ad83dfbe71c8e3545fa24d19666fcf3926c23ad,table1:R3,,,
951e3183d189d13c-table1-R4,2026-06-11,busan-city,상수도사업본부 > 북부사업소,삽겹수퍼,직원격려간담회(공무부서),319000,951e3183d189d13c7266db940ad83dfbe71c8e3545fa24d19666fcf3926c23ad,table1:R4,,,
951e3183d189d13c-table1-R5,2026-06-15,busan-city,상수도사업본부 > 북부사업소,대궐안집,장기병가인원발생 부서 직원격려 및 현안논의 간담회,73000,951e3183d189d13c7266db940ad83dfbe71c8e3545fa24d19666fcf3926c23ad,table1:R5,,,
951e3183d189d13c-table1-R6,2026-06-16,busan-city,상수도사업본부 > 북부사업소,삼겹수퍼,직원격려간담회(요금부서_검침),348000,951e3183d189d13c7266db940ad83dfbe71c8e3545fa24d19666fcf3926c23ad,table1:R6,,,
ddfd0612a2d06ddd-sheet1-R5,2026-04-08,busan-city,기획조정실 > 재정관 > 예산담당관,읍천리382연제점,2026년 주민참여예산 컨설팅단 간담회 개최,270000,ddfd0612a2d06ddde60e1a4e96dc75bda77555ece4557ce0fdb71bade3354738,sheet1:R5,,,
ddfd0612a2d06ddd-sheet1-R6,2026-04-23,busan-city,기획조정실 > 재정관 > 예산담당관,부자회관 부산시청점,예산 현안사항 협의 간담회,266000,ddfd0612a2d06ddde60e1a4e96dc75bda77555ece4557ce0fdb71bade3354738,sheet1:R6,,,
ddfd0612a2d06ddd-sheet1-R7,2026-04-28,busan-city,기획조정실 > 재정관 > 예산담당관,토종먹거리,예산 현안사항 협의 간담회,330000,ddfd0612a2d06ddde60e1a4e96dc75bda77555ece4557ce0fdb71bade3354738,sheet1:R7,,,
ddfd0612a2d06ddd-sheet1-R8,2026-05-04,busan-city,기획조정실 > 재정관 > 예산담당관,청양 세종본점,행정안전부 교부세과 관계자와의 만찬 간담회 개최,433500,ddfd0612a2d06ddde60e1a4e96dc75bda77555ece4557ce0fdb71bade3354738,sheet1:R8,,,
ddfd0612a2d06ddd-sheet1-R9,2026-05-11,busan-city,기획조정실 > 재정관 > 예산담당관,부자회관 부산시청점,예산 현안사항 협의 간담회,135000,ddfd0612a2d06ddde60e1a4e96dc75bda77555ece4557ce0fdb71bade3354738,sheet1:R9,,,
ddfd0612a2d06ddd-sheet1-R10,2026-05-14,busan-city,기획조정실 > 재정관 > 예산담당관,이어도,예산 현안사항 협의 간담회 개최,450000,ddfd0612a2d06ddde60e1a4e96dc75bda77555ece4557ce0fdb71bade3354738,sheet1:R10,,,
ddfd0612a2d06ddd-sheet1-R11,2026-05-14,busan-city,기획조정실 > 재정관 > 예산담당관,게스후 레스토랑,행정안전부 재정정책과 관계자와의 오찬 간담회 개최,258000,ddfd0612a2d06ddde60e1a4e96dc75bda77555ece4557ce0fdb71bade3354738,sheet1:R11,,,
ddfd0612a2d06ddd-sheet1-R12,2026-05-15,busan-city,기획조정실 > 재정관 > 예산담당관,바로해장,주요 투자사업 협의 간담회 개최,108000,ddfd0612a2d06ddde60e1a4e96dc75bda77555ece4557ce0fdb71bade3354738,sheet1:R12,,,
ddfd0612a2d06ddd-sheet1-R13,2026-06-11,busan-city,기획조정실 > 재정관 > 예산담당관,인생한우,예산 현안사항 협의 간담회,82000,ddfd0612a2d06ddde60e1a4e96dc75bda77555ece4557ce0fdb71bade3354738,sheet1:R13,,,
ddfd0612a2d06ddd-sheet1-R14,2026-06-19,busan-city,기획조정실 > 재정관 > 예산담당관,풍미,주요 투자사업 협의 간담회 개최,142000,ddfd0612a2d06ddde60e1a4e96dc75bda77555ece4557ce0fdb71bade3354738,sheet1:R14,,,
2d8a7f2cee4275ac-sheet1-R5,2026-04-06,busan-city,기획조정실 > 재정관 > 예산담당관,-,재정관 경조사비 지급,50000,2d8a7f2cee4275aca0fae45d525b3a8e16fdcfb0cbfb673185787ddd6cc088dd,sheet1:R5,,,
2d8a7f2cee4275ac-sheet1-R6,2026-04-03,busan-city,기획조정실 > 재정관 > 예산담당관,비스트로,예산 현안사항 협의 간담회,185900,2d8a7f2cee4275aca0fae45d525b3a8e16fdcfb0cbfb673185787ddd6cc088dd,sheet1:R6,,,
2d8a7f2cee4275ac-sheet1-R7,2026-04-10,busan-city,기획조정실 > 재정관 > 예산담당관,-,재정관 경조사비 지급,50000,2d8a7f2cee4275aca0fae45d525b3a8e16fdcfb0cbfb673185787ddd6cc088dd,sheet1:R7,,,
2d8a7f2cee4275ac-sheet1-R8,2026-04-10,busan-city,기획조정실 > 재정관 > 예산담당관,나성족발,예산 현안사항 협의 간담회,148000,2d8a7f2cee4275aca0fae45d525b3a8e16fdcfb0cbfb673185787ddd6cc088dd,sheet1:R8,,,
2d8a7f2cee4275ac-sheet1-R9,2026-04-14,busan-city,기획조정실 > 재정관 > 예산담당관,소문난횟집,예산 현안사항 협의 간담회,205000,2d8a7f2cee4275aca0fae45d525b3a8e16fdcfb0cbfb673185787ddd6cc088dd,sheet1:R9,,,
2d8a7f2cee4275ac-sheet1-R10,2026-04-17,busan-city,기획조정실 > 재정관 > 예산담당관,비스트로,예산 현안사항 협의 간담회,197600,2d8a7f2cee4275aca0fae45d525b3a8e16fdcfb0cbfb673185787ddd6cc088dd,sheet1:R10,,,
2d8a7f2cee4275ac-sheet1-R11,2026-04-24,busan-city,기획조정실 > 재정관 > 예산담당관,애정집,예산 현안사항 협의 간담회,135000,2d8a7f2cee4275aca0fae45d525b3a8e16fdcfb0cbfb673185787ddd6cc088dd,sheet1:R11,,,
2d8a7f2cee4275ac-sheet1-R12,2026-04-29,busan-city,기획조정실 > 재정관 > 예산담당관,녹산횟집,예산 현안사항 협의 간담회,93000,2d8a7f2cee4275aca0fae45d525b3a8e16fdcfb0cbfb673185787ddd6cc088dd,sheet1:R12,,,
2d8a7f2cee4275ac-sheet1-R13,2026-04-30,busan-city,기획조정실 > 재정관 > 예산담당관,동진가셀프식당,예산 현안사항 협의 간담회,195000,2d8a7f2cee4275aca0fae45d525b3a8e16fdcfb0cbfb673185787ddd6cc088dd,sheet1:R13,,,
2d8a7f2cee4275ac-sheet1-R14,2026-05-12,busan-city,기획조정실 > 재정관 > 예산담당관,만성횟집,예산 현안사항 협의 간담회,430000,2d8a7f2cee4275aca0fae45d525b3a8e16fdcfb0cbfb673185787ddd6cc088dd,sheet1:R14,,,
2d8a7f2cee4275ac-sheet1-R15,2026-05-20,busan-city,기획조정실 > 재정관 > 예산담당관,-,재정관 경조사비 지급,50000,2d8a7f2cee4275aca0fae45d525b3a8e16fdcfb0cbfb673185787ddd6cc088dd,sheet1:R15,,,
2d8a7f2cee4275ac-sheet1-R16,2026-05-21,busan-city,기획조정실 > 재정관 > 예산담당관,연정보쌈,예산 현안사항 협의 간담회,210000,2d8a7f2cee4275aca0fae45d525b3a8e16fdcfb0cbfb673185787ddd6cc088dd,sheet1:R16,,,
2d8a7f2cee4275ac-sheet1-R17,2026-05-22,busan-city,기획조정실 > 재정관 > 예산담당관,산청흑돼지,예산 현안사항 협의 간담회,143500,2d8a7f2cee4275aca0fae45d525b3a8e16fdcfb0cbfb673185787ddd6cc088dd,sheet1:R17,,,
2d8a7f2cee4275ac-sheet1-R18,2026-05-29,busan-city,기획조정실 > 재정관 > 예산담당관,비스트로,예산 현안사항 협의 간담회,138900,2d8a7f2cee4275aca0fae45d525b3a8e16fdcfb0cbfb673185787ddd6cc088dd,sheet1:R18,,,
2d8a7f2cee4275ac-sheet1-R19,2026-06-01,busan-city,기획조정실 > 재정관 > 예산담당관,만성횟집,예산 현안사항 협의 간담회,128000,2d8a7f2cee4275aca0fae45d525b3a8e16fdcfb0cbfb673185787ddd6cc088dd,sheet1:R19,,,
2d8a7f2cee4275ac-sheet1-R20,2026-06-05,busan-city,기획조정실 > 재정관 > 예산담당관,주식회사 정원오리,예산 현안사항 협의 간담회,145000,2d8a7f2cee4275aca0fae45d525b3a8e16fdcfb0cbfb673185787ddd6cc088dd,sheet1:R20,,,
2d8a7f2cee4275ac-sheet1-R21,2026-06-12,busan-city,기획조정실 > 재정관 > 예산담당관,낙원양곱창,예산 현안사항 협의 간담회,191000,2d8a7f2cee4275aca0fae45d525b3a8e16fdcfb0cbfb673185787ddd6cc088dd,sheet1:R21,,,
2d8a7f2cee4275ac-sheet1-R22,2026-06-19,busan-city,기획조정실 > 재정관 > 예산담당관,딤하우,예산 현안사항 협의 간담회,146000,2d8a7f2cee4275aca0fae45d525b3a8e16fdcfb0cbfb673185787ddd6cc088dd,sheet1:R22,,,
2d8a7f2cee4275ac-sheet1-R23,2026-06-22,busan-city,기획조정실 > 재정관 > 예산담당관,손큰집,주요 현안사항 협의 간담회,180000,2d8a7f2cee4275aca0fae45d525b3a8e16fdcfb0cbfb673185787ddd6cc088dd,sheet1:R23,,,
2d8a7f2cee4275ac-sheet1-R24,2026-06-25,busan-city,기획조정실 > 재정관 > 예산담당관,만성횟집,예산 현안사항 협의 간담회,179000,2d8a7f2cee4275aca0fae45d525b3a8e16fdcfb0cbfb673185787ddd6cc088dd,sheet1:R24,,,
71168a6f28cb5f4c-sheet1-R5,2026-01-05,busan-city,기획조정실 > 재정관 > 예산담당관,노세포차,예산 현안사항 협의 간담회,220000,71168a6f28cb5f4c403b96e5290c1bf6fc5a190c72e0f2bb27de30af0e433765,sheet1:R5,,,
71168a6f28cb5f4c-sheet1-R6,2026-01-12,busan-city,기획조정실 > 재정관 > 예산담당관,제일옥곰탕,2026년 부산형 선결제 시행 건의(1차),140000,71168a6f28cb5f4c403b96e5290c1bf6fc5a190c72e0f2bb27de30af0e433765,sheet1:R6,,,
71168a6f28cb5f4c-sheet1-R7,2026-01-12,busan-city,기획조정실 > 재정관 > 예산담당관,제일옥곰탕,2026년 부산형 선결제 시행 건의(1차),170000,71168a6f28cb5f4c403b96e5290c1bf6fc5a190c72e0f2bb27de30af0e433765,sheet1:R7,,,
71168a6f28cb5f4c-sheet1-R8,2026-01-12,busan-city,기획조정실 > 재정관 > 예산담당관,"제일옥곰탕, 메이리, 풍미, 취원, 홍식당",2026년 부산형 선결제 시행 건의(1차),2070000,71168a6f28cb5f4c403b96e5290c1bf6fc5a190c72e0f2bb27de30af0e433765,sheet1:R8,,,
71168a6f28cb5f4c-sheet1-R9,2026-01-16,busan-city,기획조정실 > 재정관 > 예산담당관,풍미,예산 현안사항 협의 간담회,140000,71168a6f28cb5f4c403b96e5290c1bf6fc5a190c72e0f2bb27de30af0e433765,sheet1:R9,,,
71168a6f28cb5f4c-sheet1-R10,2026-01-19,busan-city,기획조정실 > 재정관 > 예산담당관,호원,행정안전부 교부세과 관계자와의 오찬 간담회 개최,264000,71168a6f28cb5f4c403b96e5290c1bf6fc5a190c72e0f2bb27de30af0e433765,sheet1:R10,,,
71168a6f28cb5f4c-sheet1-R11,2026-01-21,busan-city,기획조정실 > 재정관 > 예산담당관,더블유더파티 시청지점,예산 현안사항 협의 간담회,194000,71168a6f28cb5f4c403b96e5290c1bf6fc5a190c72e0f2bb27de30af0e433765,sheet1:R11,,,
71168a6f28cb5f4c-sheet1-R12,2026-01-22,busan-city,기획조정실 > 재정관 > 예산담당관,말랑제이,2026년 제1차 주민참여예산위원회 운영위원회 간담회 개최,240000,71168a6f28cb5f4c403b96e5290c1bf6fc5a190c72e0f2bb27de30af0e433765,sheet1:R12,,,
71168a6f28cb5f4c-sheet1-R13,2026-01-27,busan-city,기획조정실 > 재정관 > 예산담당관,풍미,예산 현안사항 협의 간담회,150000,71168a6f28cb5f4c403b96e5290c1bf6fc5a190c72e0f2bb27de30af0e433765,sheet1:R13,,,
71168a6f28cb5f4c-sheet1-R14,2026-01-29,busan-city,기획조정실 > 재정관 > 예산담당관,삼진어묵㈜ 부산역광장,지방교부세 확보를 위한 유관기관 격려 지역특산품 구입,450000,71168a6f28cb5f4c403b96e5290c1bf6fc5a190c72e0f2bb27de30af0e433765,sheet1:R14,,,
71168a6f28cb5f4c-sheet1-R15,2026-01-29,busan-city,기획조정실 > 재정관 > 예산담당관,푸주인,상반기 재정 신속집행 업무협의 간담회 개최,118500,71168a6f28cb5f4c403b96e5290c1bf6fc5a190c72e0f2bb27de30af0e433765,sheet1:R15,,,
71168a6f28cb5f4c-sheet1-R16,2026-02-02,busan-city,기획조정실 > 재정관 > 예산담당관,삼진어묵㈜ 부산역광장,지방재정제도 업무협의를 위한 유관기관 격려 지역특산품 구입,450000,71168a6f28cb5f4c403b96e5290c1bf6fc5a190c72e0f2bb27de30af0e433765,sheet1:R16,,,
71168a6f28cb5f4c-sheet1-R17,2026-02-03,busan-city,기획조정실 > 재정관 > 예산담당관,오롯이,행정안전부 교부세과 관계자와의 만찬 간담회 개최,480000,71168a6f28cb5f4c403b96e5290c1bf6fc5a190c72e0f2bb27de30af0e433765,sheet1:R17,,,
71168a6f28cb5f4c-sheet1-R18,2026-02-04,busan-city,기획조정실 > 재정관 > 예산담당관,부산족발,예산 현안사항 협의 간담회,200000,71168a6f28cb5f4c403b96e5290c1bf6fc5a190c72e0f2bb27de30af0e433765,sheet1:R18,,,
71168a6f28cb5f4c-sheet1-R19,2026-02-06,busan-city,기획조정실 > 재정관 > 예산담당관,삼진어묵㈜ 부산역광장,지방세제도 업무협의를 위한 유관기관 격려 지역 특산품 구입,450000,71168a6f28cb5f4c403b96e5290c1bf6fc5a190c72e0f2bb27de30af0e433765,sheet1:R19,,,
71168a6f28cb5f4c-sheet1-R20,2026-02-11,busan-city,기획조정실 > 재정관 > 예산담당관,함양가,예산 현안사항 협의 간담회,360000,71168a6f28cb5f4c403b96e5290c1bf6fc5a190c72e0f2bb27de30af0e433765,sheet1:R20,,,
71168a6f28cb5f4c-sheet1-R21,2026-02-19,busan-city,기획조정실 > 재정관 > 예산담당관,웰빙선생오리,예산 현안사항 협의 간담회,140000,71168a6f28cb5f4c403b96e5290c1bf6fc5a190c72e0f2bb27de30af0e433765,sheet1:R21,,,
71168a6f28cb5f4c-sheet1-R22,2026-02-19,busan-city,기획조정실 > 재정관 > 예산담당관,부자회관 부산시청점,예산 현안사항 협의 간담회,135000,71168a6f28cb5f4c403b96e5290c1bf6fc5a190c72e0f2bb27de30af0e433765,sheet1:R22,,,
71168a6f28cb5f4c-sheet1-R23,2026-02-26,busan-city,기획조정실 > 재정관 > 예산담당관,코페이_B,주요 투자사업 협의 간담회 개최,150000,71168a6f28cb5f4c403b96e5290c1bf6fc5a190c72e0f2bb27de30af0e433765,sheet1:R23,,,
71168a6f28cb5f4c-sheet1-R24,2026-02-27,busan-city,기획조정실 > 재정관 > 예산담당관,딤하우,예산 현안사항 협의 간담회,186000,71168a6f28cb5f4c403b96e5290c1bf6fc5a190c72e0f2bb27de30af0e433765,sheet1:R24,,,
71168a6f28cb5f4c-sheet1-R25,2026-03-09,busan-city,기획조정실 > 재정관 > 예산담당관,(주)워터스톤,주요 투자사압 협의 간담회 개최,480000,71168a6f28cb5f4c403b96e5290c1bf6fc5a190c72e0f2bb27de30af0e433765,sheet1:R25,,,
71168a6f28cb5f4c-sheet1-R26,2026-03-12,busan-city,기획조정실 > 재정관 > 예산담당관,주식회사 에프지케이,주요 투자사업 협의 간담회 개최,60400,71168a6f28cb5f4c403b96e5290c1bf6fc5a190c72e0f2bb27de30af0e433765,sheet1:R26,,,
71168a6f28cb5f4c-sheet1-R27,2026-03-12,busan-city,기획조정실 > 재정관 > 예산담당관,(주)워터스톤,행정안전부 교부세과 관계자와의 만찬 간담회 개최,450000,71168a6f28cb5f4c403b96e5290c1bf6fc5a190c72e0f2bb27de30af0e433765,sheet1:R27,,,
71168a6f28cb5f4c-sheet1-R28,2026-03-20,busan-city,기획조정실 > 재정관 > 예산담당관,취원,주요 투자사업 협의 간담회 개최,275000,71168a6f28cb5f4c403b96e5290c1bf6fc5a190c72e0f2bb27de30af0e433765,sheet1:R28,,,
71168a6f28cb5f4c-sheet1-R29,2026-03-26,busan-city,기획조정실 > 재정관 > 예산담당관,윤태금 복국,예산 현안사항 협의 간담회,480000,71168a6f28cb5f4c403b96e5290c1bf6fc5a190c72e0f2bb27de30af0e433765,sheet1:R29,,,
71168a6f28cb5f4c-sheet1-R30,2026-03-26,busan-city,기획조정실 > 재정관 > 예산담당관,만성횟집,예산 현안사항 협의 간담회,100000,71168a6f28cb5f4c403b96e5290c1bf6fc5a190c72e0f2bb27de30af0e433765,sheet1:R30,,,
4a7a8e3db75d7783-sheet1-R5,2026-03-03,busan-city,기획조정실 > 재정관 > 예산담당관,부산별빛샌드,예산 현안사항 협의를 위한 유관기관 격려 특산품 구입,336600,4a7a8e3db75d7783a98f307aecee180f429f022b571be5c7098fe9b0956cf26f,sheet1:R5,,,
4a7a8e3db75d7783-sheet1-R6,2026-03-06,busan-city,기획조정실 > 재정관 > 예산담당관,영도통닭 시청점,예산 현안사항 협의 간담회,74500,4a7a8e3db75d7783a98f307aecee180f429f022b571be5c7098fe9b0956cf26f,sheet1:R6,,,
4a7a8e3db75d7783-sheet1-R7,2026-03-13,busan-city,기획조정실 > 재정관 > 예산담당관,소문난횟집,예산 현안사항 협의 간담회,195000,4a7a8e3db75d7783a98f307aecee180f429f022b571be5c7098fe9b0956cf26f,sheet1:R7,,,
4a7a8e3db75d7783-sheet1-R8,2026-03-17,busan-city,기획조정실 > 재정관 > 예산담당관,소소오뎅,예산 현안사항 협의 간담회,166000,4a7a8e3db75d7783a98f307aecee180f429f022b571be5c7098fe9b0956cf26f,sheet1:R8,,,
4a7a8e3db75d7783-sheet1-R9,2026-03-20,busan-city,기획조정실 > 재정관 > 예산담당관,동진가셀프식당,예산 현안사항 협의 간담회,198000,4a7a8e3db75d7783a98f307aecee180f429f022b571be5c7098fe9b0956cf26f,sheet1:R9,,,
4a7a8e3db75d7783-sheet1-R10,2026-03-27,busan-city,기획조정실 > 재정관 > 예산담당관,딤하우,예산 현안사항 협의 간담회,195000,4a7a8e3db75d7783a98f307aecee180f429f022b571be5c7098fe9b0956cf26f,sheet1:R10,,,
b880677206105a4a-sheet1-R5,2026-04-09,busan-city,주택건축국 > 도시공간활력과,이디야,빈집플러스드림 사업 현장확인 및 간담회 개최,54900,b880677206105a4afcbdbaae170666541a8cb164c0d07d483ca79cd060e5929c,sheet1:R5,,,
b880677206105a4a-sheet1-R6,2026-04-09,busan-city,주택건축국 > 도시공간활력과,평화뒷고기,노후계획도시정비사업 관계자 간담회 개최,134000,b880677206105a4afcbdbaae170666541a8cb164c0d07d483ca79cd060e5929c,sheet1:R6,,,
b880677206105a4a-sheet1-R7,2026-04-30,busan-city,주택건축국 > 도시공간활력과,가마치통닭,도시재생사업 종합성과평가 관련 간담회 개최,200000,b880677206105a4afcbdbaae170666541a8cb164c0d07d483ca79cd060e5929c,sheet1:R7,,,
b880677206105a4a-sheet1-R8,2026-04-30,busan-city,주택건축국 > 도시공간활력과,쿠팡,부서 운영을 위한 다과 구입,50080,b880677206105a4afcbdbaae170666541a8cb164c0d07d483ca79cd060e5929c,sheet1:R8,,,
b880677206105a4a-sheet1-R9,2026-05-11,busan-city,주택건축국 > 도시공간활력과,만서리 이가네 막국수,노후계획도시정비사업 관계자 간담회 개최,114000,b880677206105a4afcbdbaae170666541a8cb164c0d07d483ca79cd060e5929c,sheet1:R9,,,
b880677206105a4a-sheet1-R10,2026-05-13,busan-city,주택건축국 > 도시공간활력과,컴포즈,노후계획도시정비사업 관계자 간담회 개최,79300,b880677206105a4afcbdbaae170666541a8cb164c0d07d483ca79cd060e5929c,sheet1:R10,,,
b880677206105a4a-sheet1-R11,2026-05-14,busan-city,주택건축국 > 도시공간활력과,메이리 연,직원 격려 간담회 개최,510000,b880677206105a4afcbdbaae170666541a8cb164c0d07d483ca79cd060e5929c,sheet1:R11,,,
b880677206105a4a-sheet1-R12,2026-05-21,busan-city,주택건축국 > 도시공간활력과,"타이카 덴푸라, 금택",노후계획도시정비사업 관계자 간담회 개최,116000,b880677206105a4afcbdbaae170666541a8cb164c0d07d483ca79cd060e5929c,sheet1:R12,,,
b880677206105a4a-sheet1-R13,2026-05-22,busan-city,주택건축국 > 도시공간활력과,쿠팡,부서 운영을 위한 다과 구입,52720,b880677206105a4afcbdbaae170666541a8cb164c0d07d483ca79cd060e5929c,sheet1:R13,,,
b880677206105a4a-sheet1-R14,2026-06-18,busan-city,주택건축국 > 도시공간활력과,사미헌,빈집 매입 및 생활SOC 조성사업 관련 현장확인 및 간담회 개최,92000,b880677206105a4afcbdbaae170666541a8cb164c0d07d483ca79cd060e5929c,sheet1:R14,,,
b880677206105a4a-sheet1-R15,2026-06-23,busan-city,주택건축국 > 도시공간활력과,쿠팡,부서 운영을 위한 다과 구입,59710,b880677206105a4afcbdbaae170666541a8cb164c0d07d483ca79cd060e5929c,sheet1:R15,,,
b880677206105a4a-sheet1-R16,2026-06-24,busan-city,주택건축국 > 도시공간활력과,"피아크 카페앤베이커리, 다날",도시재생사업 현안 관련 간담회 개최,227700,b880677206105a4afcbdbaae170666541a8cb164c0d07d483ca79cd060e5929c,sheet1:R16,,,
b880677206105a4a-sheet1-R17,2026-06-25,busan-city,주택건축국 > 도시공간활력과,히얼이즈커피,빈집정비사업 관련 관계자 간담회 개최,24300,b880677206105a4afcbdbaae170666541a8cb164c0d07d483ca79cd060e5929c,sheet1:R17,,,
b880677206105a4a-sheet1-R18,2026-06-26,busan-city,주택건축국 > 도시공간활력과,고고365대게좋은날,도시재생지원센터 간담회 개최,106810,b880677206105a4afcbdbaae170666541a8cb164c0d07d483ca79cd060e5929c,sheet1:R18,,,
b880677206105a4a-sheet1-R19,2026-06-30,busan-city,주택건축국 > 도시공간활력과,만서리 이가네 막국수,도시재생지원센터 간담회 개최,114000,b880677206105a4afcbdbaae170666541a8cb164c0d07d483ca79cd060e5929c,sheet1:R19,,,
